active_measurements,active_no_signal,all_cleared,case_id,category,certified_clears,clear_calls,cleared,commands,cpu_s,discovered_channels,failure,inconsistent_updates,measurements,method,missed_channels,move_m,optical_fallback_calls,optical_max_cover_radius,per_source_s,policy_cleared_channels,problem,seed,sources,split,stations_visited,stop_reason,switches,total_virtual_s,wall_s
16,0,True,uniform__iid__67,uniform__iid,10,10,10,150,0.13506700000000002,10,,0,138,baseline_peer9_active,[],16715.178060343696,0,0.0,421.10356119999994,"[4, 5, 7, 8, 9, 10, 14, 15, 18, 19]",3,67,10,ordinary,9,full_coverage_and_all_discovered_cleared,128,4211.035612,0.14157129201339558
17,0,True,uniform__iid__67,uniform__iid,10,10,10,148,0.13420300000000002,10,,0,136,q3_square9_h860_active,[],18419.870005126068,0,0.0,453.89740009999997,"[4, 5, 7, 8, 9, 10, 14, 15, 18, 19]",3,67,10,ordinary,9,full_coverage_and_all_discovered_cleared,125,4538.974001,0.13429449999239296
17,0,True,uniform__iid__67,uniform__iid,10,10,10,148,0.13368599999999997,10,,0,136,q3_square9_h900_active,[],18174.554620388182,0,0.0,448.99109230000005,"[4, 5, 7, 8, 9, 10, 14, 15, 18, 19]",3,67,10,ordinary,9,full_coverage_and_all_discovered_cleared,125,4489.910923,0.13382033305242658
15,0,True,uniform__iid__67,uniform__iid,10,10,10,147,0.11204099999999995,10,,0,135,q3_square9_h1000_active,[],18041.57418329261,0,0.0,446.03148380000005,"[4, 5, 7, 8, 9, 10, 14, 15, 18, 19]",3,67,10,ordinary,9,full_coverage_and_all_discovered_cleared,127,4460.314838,0.11215870798332617
15,0,True,uniform__iid__67,uniform__iid,10,10,10,147,0.11303699999999994,10,,0,135,q3_square9_h1100_active,[],18001.75728816104,0,0.0,445.2351459,"[4, 5, 7, 8, 9, 10, 14, 15, 18, 19]",3,67,10,ordinary,9,full_coverage_and_all_discovered_cleared,127,4452.351459,0.11309454101137817
15,0,True,uniform__iid__67,uniform__iid,10,10,10,147,0.11199599999999998,10,,0,135,q3_square9_h1200_active,[],18359.84476638234,0,0.0,452.3968954,"[4, 5, 7, 8, 9, 10, 14, 15, 18, 19]",3,67,10,ordinary,9,full_coverage_and_all_discovered_cleared,127,4523.968954,0.11203370802104473
18,0,True,uniform__iid__67,uniform__iid,10,10,10,151,0.14619899999999986,10,,0,139,q3_alternating9_active,[],17034.27219126104,0,0.0,427.885444,"[4, 5, 7, 8, 9, 10, 14, 15, 18, 19]",3,67,10,ordinary,9,full_coverage_and_all_discovered_cleared,127,4278.85444,0.14636179094668478
18,0,True,uniform__iid__67,uniform__iid,10,10,10,151,0.1451929999999999,10,,0,139,q3_alternating9_wide_active,[],16782.646327095965,0,0.0,422.8529267,"[4, 5, 7, 8, 9, 10, 14, 15, 18, 19]",3,67,10,ordinary,9,full_coverage_and_all_discovered_cleared,127,4228.529267,0.1457836669869721
28,0,True,uniform__iid__68,uniform__iid,15,15,15,127,0.2210239999999999,15,,0,110,baseline_peer9_active,[],23240.182623055938,0,0.0,357.6691014666667,"[2, 4, 5, 6, 8, 9, 11, 12, 13, 14, 15, 16, 17, 19, 20]",3,68,15,ordinary,9,full_coverage_and_all_discovered_cleared,92,5365.036522,0.22117583296494558
30,0,True,uniform__iid__68,uniform__iid,15,15,15,123,0.24372400000000005,15,,0,106,q3_square9_h860_active,[],23908.799015283617,0,0.0,364.78398673333334,"[2, 4, 5, 6, 8, 9, 11, 12, 13, 14, 15, 16, 17, 19, 20]",3,68,15,ordinary,9,full_coverage_and_all_discovered_cleared,85,5471.759801,0.24383637501159683
29,0,True,uniform__iid__68,uniform__iid,15,15,15,122,0.23485299999999998,15,,0,105,q3_square9_h900_active,[],23742.03532766104,0,0.0,362.2271375333333,"[2, 4, 5, 6, 8, 9, 11, 12, 13, 14, 15, 16, 17, 19, 20]",3,68,15,ordinary,9,full_coverage_and_all_discovered_cleared,85,5433.407063,0.23652904195478186
29,0,True,uniform__iid__68,uniform__iid,15,15,15,122,0.23690600000000006,15,,0,105,q3_square9_h1000_active,[],23697.53518361071,0,0.0,361.6338022666667,"[2, 4, 5, 6, 8, 9, 11, 12, 13, 14, 15, 16, 17, 19, 20]",3,68,15,ordinary,9,full_coverage_and_all_discovered_cleared,85,5424.507034,0.23727291700197384
28,0,True,uniform__iid__68,uniform__iid,15,15,15,121,0.22231800000000002,15,,0,104,q3_square9_h1100_active,[],23286.682166579805,0,0.0,355.8224287333333,"[2, 4, 5, 6, 8, 9, 11, 12, 13, 14, 15, 16, 17, 19, 20]",3,68,15,ordinary,9,full_coverage_and_all_discovered_cleared,85,5337.336431,0.2361536670359783
28,0,True,uniform__iid__68,uniform__iid,15,15,15,121,0.21668699999999985,15,,0,104,q3_square9_h1200_active,[],23350.86697105333,0,0.0,356.67822613333334,"[2, 4, 5, 6, 8, 9, 11, 12, 13, 14, 15, 16, 17, 19, 20]",3,68,15,ordinary,9,full_coverage_and_all_discovered_cleared,85,5350.173392,0.2168558330158703
27,0,True,uniform__iid__68,uniform__iid,15,15,15,137,0.20630400000000026,15,,0,120,q3_alternating9_active,[],23125.016389989447,0,0.0,360.20021833333334,"[2, 4, 5, 6, 8, 9, 11, 12, 13, 14, 15, 16, 17, 19, 20]",3,68,15,ordinary,9,full_coverage_and_all_discovered_cleared,103,5403.003275,0.20808104099705815
27,0,True,uniform__iid__68,uniform__iid,15,15,15,137,0.20940800000000026,15,,0,120,q3_alternating9_wide_active,[],22873.446200400824,0,0.0,356.8459492,"[2, 4, 5, 6, 8, 9, 11, 12, 13, 14, 15, 16, 17, 19, 20]",3,68,15,ordinary,9,full_coverage_and_all_discovered_cleared,103,5352.689238,0.2098824999993667
27,0,True,uniform__iid__69,uniform__iid,15,15,15,132,0.22877800000000015,15,,0,115,baseline_peer9_active,[],22972.07927285665,0,0.0,356.36105680000003,"[2, 3, 4, 5, 6, 7, 8, 9, 10, 11, 12, 13, 14, 16, 18]",3,69,15,ordinary,9,full_coverage_and_all_discovered_cleared,101,5345.415852,0.2476303749717772
26,0,True,uniform__iid__69,uniform__iid,15,15,15,135,0.20982800000000035,15,,0,118,q3_square9_h860_active,[],22529.74538930643,0,0.0,351.7299384666667,"[2, 3, 4, 5, 6, 7, 8, 9, 10, 11, 12, 13, 14, 16, 18]",3,69,15,ordinary,9,full_coverage_and_all_discovered_cleared,105,5275.949077,0.21033245895523578
24,0,True,uniform__iid__69,uniform__iid,15,15,15,133,0.19283699999999993,15,,0,116,q3_square9_h900_active,[],22325.9590395846,0,0.0,348.34612039999996,"[2, 3, 4, 5, 6, 7, 8, 9, 10, 11, 12, 13, 14, 16, 18]",3,69,15,ordinary,9,full_coverage_and_all_discovered_cleared,105,5225.191806,0.19340708397794515
24,0,True,uniform__iid__69,uniform__iid,15,15,15,132,0.1916369999999996,15,,0,115,q3_square9_h1000_active,[],22541.723426533215,0,0.0,350.8229791333333,"[2, 3, 4, 5, 6, 7, 8, 9, 10, 11, 12, 13, 14, 16, 18]",3,69,15,ordinary,9,full_coverage_and_all_discovered_cleared,104,5262.344687,0.19215837499359623
25,0,True,uniform__iid__69,uniform__iid,15,15,15,133,0.19920000000000027,15,,0,116,q3_square9_h1100_active,[],22660.185268222453,0,0.0,352.73580366666664,"[2, 3, 4, 5, 6, 7, 8, 9, 10, 11, 12, 13, 14, 16, 18]",3,69,15,ordinary,9,full_coverage_and_all_discovered_cleared,104,5291.037055,0.1996539169922471
24,0,True,uniform__iid__69,uniform__iid,15,15,15,132,0.1889590000000001,15,,0,115,q3_square9_h1200_active,[],22827.657092576334,0,0.0,354.63542786666665,"[2, 3, 4, 5, 6, 7, 8, 9, 10, 11, 12, 13, 14, 16, 18]",3,69,15,ordinary,9,full_coverage_and_all_discovered_cleared,104,5319.531418,0.18953745800536126
26,0,True,uniform__iid__69,uniform__iid,15,15,15,127,0.20603000000000016,15,,0,110,q3_alternating9_active,[],23016.736703135954,0,0.0,355.0231560666667,"[2, 3, 4, 5, 6, 7, 8, 9, 10, 11, 12, 13, 14, 16, 18]",3,69,15,ordinary,9,full_coverage_and_all_discovered_cleared,97,5325.347341,0.20663708302890882
27,0,True,uniform__iid__69,uniform__iid,15,15,15,127,0.21130799999999983,15,,0,110,q3_alternating9_wide_active,[],23057.40828538302,0,0.0,355.4321105333333,"[2, 3, 4, 5, 6, 7, 8, 9, 10, 11, 12, 13, 14, 16, 18]",3,69,15,ordinary,9,full_coverage_and_all_discovered_cleared,95,5331.481658,0.2118409170070663
15,0,True,uniform__iid__70,uniform__iid,10,10,10,145,0.12041099999999982,10,,0,133,baseline_peer9_active,[],18543.50539511131,0,0.0,454.6701081,"[2, 3, 5, 10, 11, 13, 15, 16, 19, 20]",3,70,10,ordinary,9,full_coverage_and_all_discovered_cleared,123,4546.701081,0.12068308400921524
15,0,True,uniform__iid__70,uniform__iid,10,10,10,145,0.1272379999999993,10,,0,133,q3_square9_h860_active,[],19198.42029699635,0,0.0,467.66840599999995,"[2, 3, 5, 10, 11, 13, 15, 16, 19, 20]",3,70,10,ordinary,9,full_coverage_and_all_discovered_cleared,122,4676.68406,0.12748224998358637
16,0,True,uniform__iid__70,uniform__iid,10,10,10,146,0.13165300000000002,10,,0,134,q3_square9_h900_active,[],19588.34975322149,0,0.0,475.96699509999996,"[2, 3, 5, 10, 11, 13, 15, 16, 19, 20]",3,70,10,ordinary,9,full_coverage_and_all_discovered_cleared,122,4759.669951,0.13199858396546915
16,0,True,uniform__iid__70,uniform__iid,10,10,10,146,0.1257250000000001,10,,0,134,q3_square9_h1000_active,[],20471.96936763226,0,0.0,493.73938749999996,"[2, 3, 5, 10, 11, 13, 15, 16, 19, 20]",3,70,10,ordinary,9,full_coverage_and_all_discovered_cleared,123,4937.393875,0.12608279200503603
17,0,True,uniform__iid__70,uniform__iid,10,10,10,147,0.13606500000000032,10,,0,135,q3_square9_h1100_active,[],20863.146769568943,0,0.0,502.06293560000006,"[2, 3, 5, 10, 11, 13, 15, 16, 19, 20]",3,70,10,ordinary,9,full_coverage_and_all_discovered_cleared,123,5020.629356,0.13632670795777813
15,0,True,uniform__iid__70,uniform__iid,10,10,10,145,0.110684,10,,0,133,q3_square9_h1200_active,[],20628.72212526241,0,0.0,496.27444249999996,"[2, 3, 5, 10, 11, 13, 15, 16, 19, 20]",3,70,10,ordinary,9,full_coverage_and_all_discovered_cleared,122,4962.744425,0.11089945904677734
15,0,True,uniform__iid__70,uniform__iid,10,10,10,145,0.12410099999999957,10,,0,133,q3_alternating9_active,[],15601.699585086588,0,0.0,395.83399180000004,"[2, 3, 5, 10, 11, 13, 15, 16, 19, 20]",3,70,10,ordinary,9,full_coverage_and_all_discovered_cleared,123,3958.339918,0.1243854999775067
15,0,True,uniform__iid__70,uniform__iid,10,10,10,145,0.1186929999999995,10,,0,133,q3_alternating9_wide_active,[],15679.526769759519,0,0.0,397.3905354,"[2, 3, 5, 10, 11, 13, 15, 16, 19, 20]",3,70,10,ordinary,9,full_coverage_and_all_discovered_cleared,123,3973.905354,0.11897691700141877
19,0,True,uniform__iid__71,uniform__iid,12,12,12,131,0.1472630000000006,12,,0,117,baseline_peer9_active,[],21144.638284816156,0,0.0,414.91063825,"[1, 2, 4, 5, 7, 9, 10, 13, 17, 18, 19, 20]",3,71,12,ordinary,9,full_coverage_and_all_discovered_cleared,105,4978.927659,0.14763616694835946
22,0,True,uniform__iid__71,uniform__iid,12,12,12,137,0.17304100000000044,12,,0,123,q3_square9_h860_active,[],19691.942084126025,0,0.0,393.44903458333334,"[1, 2, 4, 5, 7, 9, 10, 13, 17, 18, 19, 20]",3,71,12,ordinary,9,full_coverage_and_all_discovered_cleared,108,4721.388415,0.17342537501826882
22,0,True,uniform__iid__71,uniform__iid,12,12,12,137,0.17215900000000062,12,,0,123,q3_square9_h900_active,[],19615.86658354084,0,0.0,392.1811098333333,"[1, 2, 4, 5, 7, 9, 10, 13, 17, 18, 19, 20]",3,71,12,ordinary,9,full_coverage_and_all_discovered_cleared,108,4706.173318,0.17260854202322662
19,0,True,uniform__iid__71,uniform__iid,12,12,12,134,0.144158,12,,0,120,q3_square9_h1000_active,[],19463.16272242688,0,0.0,388.38604549999997,"[1, 2, 4, 5, 7, 9, 10, 13, 17, 18, 19, 20]",3,71,12,ordinary,9,full_coverage_and_all_discovered_cleared,108,4660.632546,0.14451320801163092
19,0,True,uniform__iid__71,uniform__iid,12,12,12,134,0.14241300000000034,12,,0,120,q3_square9_h1100_active,[],19597.89927503289,0,0.0,390.63165449999997,"[1, 2, 4, 5, 7, 9, 10, 13, 17, 18, 19, 20]",3,71,12,ordinary,9,full_coverage_and_all_discovered_cleared,108,4687.579854,0.14267641596961766
19,0,True,uniform__iid__71,uniform__iid,12,12,12,134,0.14819400000000016,12,,0,120,q3_square9_h1200_active,[],20362.63643873525,0,0.0,403.37727416666667,"[1, 2, 4, 5, 7, 9, 10, 13, 17, 18, 19, 20]",3,71,12,ordinary,9,full_coverage_and_all_discovered_cleared,108,4840.52729,0.1485681670019403
21,0,True,uniform__iid__71,uniform__iid,12,12,12,133,0.17181900000000017,12,,0,119,q3_alternating9_active,[],20689.328645211524,0,0.0,408.1554773333333,"[1, 2, 4, 5, 7, 9, 10, 13, 17, 18, 19, 20]",3,71,12,ordinary,9,full_coverage_and_all_discovered_cleared,105,4897.865728,0.1763877909979783
21,0,True,uniform__iid__71,uniform__iid,12,12,12,133,0.1632320000000007,12,,0,119,q3_alternating9_wide_active,[],20563.620905646232,0,0.0,406.06034833333337,"[1, 2, 4, 5, 7, 9, 10, 13, 17, 18, 19, 20]",3,71,12,ordinary,9,full_coverage_and_all_discovered_cleared,105,4872.72418,0.1635954580269754
17,0,True,uniform__smooth__67,uniform__smooth,10,10,10,151,0.14205099999999948,10,,0,139,baseline_peer9_active,[],16811.382741927024,0,0.0,423.5276549,"[4, 5, 7, 8, 9, 10, 14, 15, 18, 19]",3,67,10,ordinary,9,full_coverage_and_all_discovered_cleared,128,4235.276549,0.14339687500614673
17,0,True,uniform__smooth__67,uniform__smooth,10,10,10,148,0.13716599999999968,10,,0,136,q3_square9_h860_active,[],18279.98868327628,0,0.0,451.0997738,"[4, 5, 7, 8, 9, 10, 14, 15, 18, 19]",3,67,10,ordinary,9,full_coverage_and_all_discovered_cleared,125,4510.997738,0.13757570803863928
17,0,True,uniform__smooth__67,uniform__smooth,10,10,10,148,0.13802599999999998,10,,0,136,q3_square9_h900_active,[],18242.623793432558,0,0.0,450.35247630000003,"[4, 5, 7, 8, 9, 10, 14, 15, 18, 19]",3,67,10,ordinary,9,full_coverage_and_all_discovered_cleared,125,4503.524763,0.1386120410170406
16,0,True,uniform__smooth__67,uniform__smooth,10,10,10,148,0.13234699999999933,10,,0,136,q3_square9_h1000_active,[],18120.624927245273,0,0.0,448.1124987,"[4, 5, 7, 8, 9, 10, 14, 15, 18, 19]",3,67,10,ordinary,9,full_coverage_and_all_discovered_cleared,127,4481.124987,0.1327057919697836
15,0,True,uniform__smooth__67,uniform__smooth,10,10,10,147,0.11861500000000014,10,,0,135,q3_square9_h1100_active,[],18168.48380370425,0,0.0,448.56967629999997,"[4, 5, 7, 8, 9, 10, 14, 15, 18, 19]",3,67,10,ordinary,9,full_coverage_and_all_discovered_cleared,127,4485.696763,0.11887375003425404
15,0,True,uniform__smooth__67,uniform__smooth,10,10,10,147,0.12432899999999947,10,,0,135,q3_square9_h1200_active,[],18416.600131959567,0,0.0,453.53200269999996,"[4, 5, 7, 8, 9, 10, 14, 15, 18, 19]",3,67,10,ordinary,9,full_coverage_and_all_discovered_cleared,127,4535.320027,0.1249697920284234
18,0,True,uniform__smooth__67,uniform__smooth,10,10,10,151,0.14619499999999963,10,,0,139,q3_alternating9_active,[],17097.04507879713,0,0.0,429.14090180000005,"[4, 5, 7, 8, 9, 10, 14, 15, 18, 19]",3,67,10,ordinary,9,full_coverage_and_all_discovered_cleared,127,4291.409018,0.1466051249881275
19,0,True,uniform__smooth__67,uniform__smooth,10,10,10,152,0.16056700000000035,10,,0,140,q3_alternating9_wide_active,[],16611.624872239903,0,0.0,419.93249779999996,"[4, 5, 7, 8, 9, 10, 14, 15, 18, 19]",3,67,10,ordinary,9,full_coverage_and_all_discovered_cleared,127,4199.324978,0.16102104203309864
27,0,True,uniform__smooth__68,uniform__smooth,15,15,15,126,0.21302600000000016,15,,0,109,baseline_peer9_active,[],22404.480286654863,0,0.0,346.19307046666665,"[2, 4, 5, 6, 8, 9, 11, 12, 13, 14, 15, 16, 17, 19, 20]",3,68,15,ordinary,9,full_coverage_and_all_discovered_cleared,92,5192.896057,0.21361787500791252
29,0,True,uniform__smooth__68,uniform__smooth,15,15,15,122,0.23475999999999964,15,,0,105,q3_square9_h860_active,[],22927.073585996113,0,0.0,351.3609810666667,"[2, 4, 5, 6, 8, 9, 11, 12, 13, 14, 15, 16, 17, 19, 20]",3,68,15,ordinary,9,full_coverage_and_all_discovered_cleared,85,5270.414716,0.2352823750115931
28,0,True,uniform__smooth__68,uniform__smooth,15,15,15,121,0.2252270000000003,15,,0,104,q3_square9_h900_active,[],22717.717377827845,0,0.0,348.23623173333334,"[2, 4, 5, 6, 8, 9, 11, 12, 13, 14, 15, 16, 17, 19, 20]",3,68,15,ordinary,9,full_coverage_and_all_discovered_cleared,85,5223.543476,0.2259372920379974
29,0,True,uniform__smooth__68,uniform__smooth,15,15,15,122,0.23464000000000063,15,,0,105,q3_square9_h1000_active,[],22625.873054227264,0,0.0,347.34497393333334,"[2, 4, 5, 6, 8, 9, 11, 12, 13, 14, 15, 16, 17, 19, 20]",3,68,15,ordinary,9,full_coverage_and_all_discovered_cleared,85,5210.174609,0.2352777500054799
29,0,True,uniform__smooth__68,uniform__smooth,15,15,15,122,0.23381700000000016,15,,0,105,q3_square9_h1100_active,[],22532.056315485283,0,0.0,346.094084,"[2, 4, 5, 6, 8, 9, 11, 12, 13, 14, 15, 16, 17, 19, 20]",3,68,15,ordinary,9,full_coverage_and_all_discovered_cleared,85,5191.41126,0.2342884999816306
28,0,True,uniform__smooth__68,uniform__smooth,15,15,15,121,0.22089400000000126,15,,0,104,q3_square9_h1200_active,[],22633.38003967517,0,0.0,347.1117336666667,"[2, 4, 5, 6, 8, 9, 11, 12, 13, 14, 15, 16, 17, 19, 20]",3,68,15,ordinary,9,full_coverage_and_all_discovered_cleared,85,5206.676005,0.2214864160050638
28,0,True,uniform__smooth__68,uniform__smooth,15,15,15,138,0.22337799999999852,15,,0,121,q3_alternating9_active,[],23035.281366758165,0,0.0,359.3370848,"[2, 4, 5, 6, 8, 9, 11, 12, 13, 14, 15, 16, 17, 19, 20]",3,68,15,ordinary,9,full_coverage_and_all_discovered_cleared,103,5390.056272,0.22383983398322016
27,0,True,uniform__smooth__68,uniform__smooth,15,15,15,137,0.20924999999999905,15,,0,120,q3_alternating9_wide_active,[],22801.97510252426,0,0.0,355.8930012,"[2, 4, 5, 6, 8, 9, 11, 12, 13, 14, 15, 16, 17, 19, 20]",3,68,15,ordinary,9,full_coverage_and_all_discovered_cleared,103,5338.395018,0.20979854196775705
27,0,True,uniform__smooth__69,uniform__smooth,15,15,15,132,0.21306199999999897,15,,0,115,baseline_peer9_active,[],22475.424227992935,0,0.0,349.7389898,"[2, 3, 4, 5, 6, 7, 8, 9, 10, 11, 12, 13, 14, 16, 18]",3,69,15,ordinary,9,full_coverage_and_all_discovered_cleared,101,5246.084847,0.21358720801072195
26,0,True,uniform__smooth__69,uniform__smooth,15,15,15,135,0.21195200000000014,15,,0,118,q3_square9_h860_active,[],20810.50879754601,0,0.0,328.80678413333334,"[2, 3, 4, 5, 6, 7, 8, 9, 10, 11, 12, 13, 14, 16, 18]",3,69,15,ordinary,9,full_coverage_and_all_discovered_cleared,105,4932.101762,0.21239541698014364
25,0,True,uniform__smooth__69,uniform__smooth,15,15,15,134,0.1978439999999999,15,,0,117,q3_square9_h900_active,[],20578.98193294592,0,0.0,325.3864259333333,"[2, 3, 4, 5, 6, 7, 8, 9, 10, 11, 12, 13, 14, 16, 18]",3,69,15,ordinary,9,full_coverage_and_all_discovered_cleared,105,4880.796389,0.19830816600006074
24,0,True,uniform__smooth__69,uniform__smooth,15,15,15,132,0.1889099999999999,15,,0,115,q3_square9_h1000_active,[],20554.805968887067,0,0.0,324.3307462666667,"[2, 3, 4, 5, 6, 7, 8, 9, 10, 11, 12, 13, 14, 16, 18]",3,69,15,ordinary,9,full_coverage_and_all_discovered_cleared,104,4864.961194,0.1892789999837987
25,0,True,uniform__smooth__69,uniform__smooth,15,15,15,133,0.1997080000000011,15,,0,116,q3_square9_h1100_active,[],20535.53037593997,0,0.0,324.4070719333333,"[2, 3, 4, 5, 6, 7, 8, 9, 10, 11, 12, 13, 14, 16, 18]",3,69,15,ordinary,9,full_coverage_and_all_discovered_cleared,104,4866.106079,0.20026899996446446
24,0,True,uniform__smooth__69,uniform__smooth,15,15,15,132,0.1902550000000005,15,,0,115,q3_square9_h1200_active,[],20693.264066159383,0,0.0,326.1768542666667,"[2, 3, 4, 5, 6, 7, 8, 9, 10, 11, 12, 13, 14, 16, 18]",3,69,15,ordinary,9,full_coverage_and_all_discovered_cleared,104,4892.652814,0.1907518749940209
26,0,True,uniform__smooth__69,uniform__smooth,15,15,15,127,0.21759099999999876,15,,0,110,q3_alternating9_active,[],23706.710083178263,0,0.0,364.22280113333335,"[2, 3, 4, 5, 6, 7, 8, 9, 10, 11, 12, 13, 14, 16, 18]",3,69,15,ordinary,9,full_coverage_and_all_discovered_cleared,97,5463.342017,0.22160279197851196
27,0,True,uniform__smooth__69,uniform__smooth,15,15,15,127,0.2084349999999997,15,,0,110,q3_alternating9_wide_active,[],23772.67068721843,0,0.0,364.96894260000005,"[2, 3, 4, 5, 6, 7, 8, 9, 10, 11, 12, 13, 14, 16, 18]",3,69,15,ordinary,9,full_coverage_and_all_discovered_cleared,95,5474.534139,0.20882733399048448
15,0,True,uniform__smooth__70,uniform__smooth,10,10,10,145,0.11723500000000087,10,,0,133,baseline_peer9_active,[],18314.12298366709,0,0.0,450.08245989999995,"[2, 3, 5, 10, 11, 13, 15, 16, 19, 20]",3,70,10,ordinary,9,full_coverage_and_all_discovered_cleared,123,4500.824599,0.11746300000231713
16,0,True,uniform__smooth__70,uniform__smooth,10,10,10,146,0.13197500000000062,10,,0,134,q3_square9_h860_active,[],18964.792711179016,0,0.0,463.49585420000005,"[2, 3, 5, 10, 11, 13, 15, 16, 19, 20]",3,70,10,ordinary,9,full_coverage_and_all_discovered_cleared,122,4634.958542,0.13225533399963751
16,0,True,uniform__smooth__70,uniform__smooth,10,10,10,146,0.13317500000000138,10,,0,134,q3_square9_h900_active,[],19357.088908775582,0,0.0,471.3417784,"[2, 3, 5, 10, 11, 13, 15, 16, 19, 20]",3,70,10,ordinary,9,full_coverage_and_all_discovered_cleared,122,4713.417784,0.133428749977611
17,0,True,uniform__smooth__70,uniform__smooth,10,10,10,147,0.13320500000000024,10,,0,135,q3_square9_h1000_active,[],19956.48030102957,0,0.0,483.9296059,"[2, 3, 5, 10, 11, 13, 15, 16, 19, 20]",3,70,10,ordinary,9,full_coverage_and_all_discovered_cleared,123,4839.296059,0.13353454100433737
16,0,True,uniform__smooth__70,uniform__smooth,10,10,10,146,0.1206359999999993,10,,0,134,q3_square9_h1100_active,[],20327.953752389014,0,0.0,490.75907500000005,"[2, 3, 5, 10, 11, 13, 15, 16, 19, 20]",3,70,10,ordinary,9,full_coverage_and_all_discovered_cleared,122,4907.59075,0.12093570799333975
15,0,True,uniform__smooth__70,uniform__smooth,10,10,10,145,0.11066100000000034,10,,0,133,q3_square9_h1200_active,[],20440.14793667396,0,0.0,492.50295850000003,"[2, 3, 5, 10, 11, 13, 15, 16, 19, 20]",3,70,10,ordinary,9,full_coverage_and_all_discovered_cleared,122,4925.029585,0.11093541700392962
15,0,True,uniform__smooth__70,uniform__smooth,10,10,10,145,0.12647800000000053,10,,0,133,q3_alternating9_active,[],15559.837961916004,0,0.0,394.9967592,"[2, 3, 5, 10, 11, 13, 15, 16, 19, 20]",3,70,10,ordinary,9,full_coverage_and_all_discovered_cleared,123,3949.967592,0.1268618750036694
15,0,True,uniform__smooth__70,uniform__smooth,10,10,10,145,0.1192890000000002,10,,0,133,q3_alternating9_wide_active,[],15418.921331303423,0,0.0,392.1784268,"[2, 3, 5, 10, 11, 13, 15, 16, 19, 20]",3,70,10,ordinary,9,full_coverage_and_all_discovered_cleared,123,3921.784268,0.11960458394605666
19,0,True,uniform__smooth__71,uniform__smooth,12,12,12,131,0.17534700000000036,12,,0,117,baseline_peer9_active,[],21028.92466585977,0,0.0,412.98207783333334,"[1, 2, 4, 5, 7, 9, 10, 13, 17, 18, 19, 20]",3,71,12,ordinary,9,full_coverage_and_all_discovered_cleared,105,4955.784934,0.18189608299871907
22,0,True,uniform__smooth__71,uniform__smooth,12,12,12,137,0.18214099999999966,12,,0,123,q3_square9_h860_active,[],19618.588094522707,0,0.0,392.22646825,"[1, 2, 4, 5, 7, 9, 10, 13, 17, 18, 19, 20]",3,71,12,ordinary,9,full_coverage_and_all_discovered_cleared,108,4706.717619,0.18261712504317984
22,0,True,uniform__smooth__71,uniform__smooth,12,12,12,137,0.18131199999999836,12,,0,123,q3_square9_h900_active,[],19546.8090898586,0,0.0,391.0301514166667,"[1, 2, 4, 5, 7, 9, 10, 13, 17, 18, 19, 20]",3,71,12,ordinary,9,full_coverage_and_all_discovered_cleared,108,4692.361817,0.1817802499863319
20,0,True,uniform__smooth__71,uniform__smooth,12,12,12,135,0.16220699999999866,12,,0,121,q3_square9_h1000_active,[],19441.125882886594,0,0.0,388.43543124999997,"[1, 2, 4, 5, 7, 9, 10, 13, 17, 18, 19, 20]",3,71,12,ordinary,9,full_coverage_and_all_discovered_cleared,108,4661.225175,0.16256899997824803
19,0,True,uniform__smooth__71,uniform__smooth,12,12,12,134,0.15249100000000126,12,,0,120,q3_square9_h1100_active,[],19477.024507131562,0,0.0,388.61707516666667,"[1, 2, 4, 5, 7, 9, 10, 13, 17, 18, 19, 20]",3,71,12,ordinary,9,full_coverage_and_all_discovered_cleared,108,4663.404902,0.15282987500540912
19,0,True,uniform__smooth__71,uniform__smooth,12,12,12,134,0.15461600000000075,12,,0,120,q3_square9_h1200_active,[],20217.0894049214,0,0.0,400.95149,"[1, 2, 4, 5, 7, 9, 10, 13, 17, 18, 19, 20]",3,71,12,ordinary,9,full_coverage_and_all_discovered_cleared,108,4811.41788,0.15497837495058775
21,0,True,uniform__smooth__71,uniform__smooth,12,12,12,133,0.1712480000000003,12,,0,119,q3_alternating9_active,[],20611.08240930546,0,0.0,406.8513735833333,"[1, 2, 4, 5, 7, 9, 10, 13, 17, 18, 19, 20]",3,71,12,ordinary,9,full_coverage_and_all_discovered_cleared,105,4882.216483,0.17177533300127834
21,0,True,uniform__smooth__71,uniform__smooth,12,12,12,133,0.1711469999999995,12,,0,119,q3_alternating9_wide_active,[],20420.7540959623,0,0.0,403.6792349166667,"[1, 2, 4, 5, 7, 9, 10, 13, 17, 18, 19, 20]",3,71,12,ordinary,9,full_coverage_and_all_discovered_cleared,105,4844.150819,0.17158187500899658
17,0,True,uniform__adversarial-positive__67,uniform__adversarial-positive,10,10,10,151,0.13561900000000016,10,,0,139,baseline_peer9_active,[],16145.026994319003,0,0.0,410.2005402,"[4, 5, 7, 8, 9, 10, 14, 15, 18, 19]",3,67,10,ordinary,9,full_coverage_and_all_discovered_cleared,128,4102.005402,0.13606104196514934
18,0,True,uniform__adversarial-positive__67,uniform__adversarial-positive,10,10,10,149,0.15045999999999893,10,,0,137,q3_square9_h860_active,[],17931.3119951934,0,0.0,444.62623999999994,"[4, 5, 7, 8, 9, 10, 14, 15, 18, 19]",3,67,10,ordinary,9,full_coverage_and_all_discovered_cleared,125,4446.2624,0.1507236670004204
18,0,True,uniform__adversarial-positive__67,uniform__adversarial-positive,10,10,10,149,0.15257400000000132,10,,0,137,q3_square9_h900_active,[],17689.829738082528,0,0.0,439.7965951,"[4, 5, 7, 8, 9, 10, 14, 15, 18, 19]",3,67,10,ordinary,9,full_coverage_and_all_discovered_cleared,125,4397.965951,0.1530027500120923
17,0,True,uniform__adversarial-positive__67,uniform__adversarial-positive,10,10,10,149,0.1437159999999995,10,,0,137,q3_square9_h1000_active,[],17542.27699234805,0,0.0,437.04553990000005,"[4, 5, 7, 8, 9, 10, 14, 15, 18, 19]",3,67,10,ordinary,9,full_coverage_and_all_discovered_cleared,127,4370.455399,0.14399124996270984
16,0,True,uniform__adversarial-positive__67,uniform__adversarial-positive,10,10,10,148,0.13506700000000116,10,,0,136,q3_square9_h1100_active,[],17547.722194805137,0,0.0,436.6544441,"[4, 5, 7, 8, 9, 10, 14, 15, 18, 19]",3,67,10,ordinary,9,full_coverage_and_all_discovered_cleared,127,4366.544441,0.13539945799857378
17,0,True,uniform__adversarial-positive__67,uniform__adversarial-positive,10,10,10,149,0.1445640000000008,10,,0,137,q3_square9_h1200_active,[],17880.12566592373,0,0.0,443.8025135,"[4, 5, 7, 8, 9, 10, 14, 15, 18, 19]",3,67,10,ordinary,9,full_coverage_and_all_discovered_cleared,127,4438.025135,0.14483983296668157
19,0,True,uniform__adversarial-positive__67,uniform__adversarial-positive,10,10,10,152,0.15415800000000068,10,,0,140,q3_alternating9_active,[],16579.04236365646,0,0.0,419.2808476,"[4, 5, 7, 8, 9, 10, 14, 15, 18, 19]",3,67,10,ordinary,9,full_coverage_and_all_discovered_cleared,127,4192.808476,0.1544829579652287
18,0,True,uniform__adversarial-positive__67,uniform__adversarial-positive,10,10,10,151,0.1452720000000003,10,,0,139,q3_alternating9_wide_active,[],15977.332126825615,0,0.0,406.7466428,"[4, 5, 7, 8, 9, 10, 14, 15, 18, 19]",3,67,10,ordinary,9,full_coverage_and_all_discovered_cleared,127,4067.466428,0.14554295898415148
29,0,True,uniform__adversarial-positive__68,uniform__adversarial-positive,15,15,15,128,0.23962599999999945,15,,0,111,baseline_peer9_active,[],23379.82946082286,0,0.0,359.864393,"[2, 4, 5, 6, 8, 9, 11, 12, 13, 14, 15, 16, 17, 19, 20]",3,68,15,ordinary,9,full_coverage_and_all_discovered_cleared,92,5397.965895,0.24007237498881295
30,0,True,uniform__adversarial-positive__68,uniform__adversarial-positive,15,15,15,123,0.24873400000000068,15,,0,106,q3_square9_h860_active,[],24017.93590048549,0,0.0,366.2391454,"[2, 4, 5, 6, 8, 9, 11, 12, 13, 14, 15, 16, 17, 19, 20]",3,68,15,ordinary,9,full_coverage_and_all_discovered_cleared,85,5493.587181,0.24927412503166124
30,0,True,uniform__adversarial-positive__68,uniform__adversarial-positive,15,15,15,123,0.2590179999999993,15,,0,106,q3_square9_h900_active,[],23894.23090164144,0,0.0,364.58974539999997,"[2, 4, 5, 6, 8, 9, 11, 12, 13, 14, 15, 16, 17, 19, 20]",3,68,15,ordinary,9,full_coverage_and_all_discovered_cleared,85,5468.846181,0.2607667500269599
31,0,True,uniform__adversarial-positive__68,uniform__adversarial-positive,15,15,15,124,0.25981699999999996,15,,0,107,q3_square9_h1000_active,[],23337.26532083086,0,0.0,357.49687113333334,"[2, 4, 5, 6, 8, 9, 11, 12, 13, 14, 15, 16, 17, 19, 20]",3,68,15,ordinary,9,full_coverage_and_all_discovered_cleared,85,5362.453067,0.26037929201265797
29,0,True,uniform__adversarial-positive__68,uniform__adversarial-positive,15,15,15,122,0.2359650000000002,15,,0,105,q3_square9_h1100_active,[],23554.244995620058,0,0.0,359.7232669333333,"[2, 4, 5, 6, 8, 9, 11, 12, 13, 14, 15, 16, 17, 19, 20]",3,68,15,ordinary,9,full_coverage_and_all_discovered_cleared,85,5395.849004,0.23667841602582484
28,0,True,uniform__adversarial-positive__68,uniform__adversarial-positive,15,15,15,121,0.22082100000000082,15,,0,104,q3_square9_h1200_active,[],23672.554767209873,0,0.0,360.96739706666665,"[2, 4, 5, 6, 8, 9, 11, 12, 13, 14, 15, 16, 17, 19, 20]",3,68,15,ordinary,9,full_coverage_and_all_discovered_cleared,85,5414.510956,0.22134279098827392
29,0,True,uniform__adversarial-positive__68,uniform__adversarial-positive,15,15,15,139,0.24130600000000157,15,,0,122,q3_alternating9_active,[],23351.310023849896,0,0.0,363.88413380000003,"[2, 4, 5, 6, 8, 9, 11, 12, 13, 14, 15, 16, 17, 19, 20]",3,68,15,ordinary,9,full_coverage_and_all_discovered_cleared,103,5458.262007,0.241801124997437
28,0,True,uniform__adversarial-positive__68,uniform__adversarial-positive,15,15,15,138,0.2245170000000023,15,,0,121,q3_alternating9_wide_active,[],23130.92199649573,0,0.0,360.6122936,"[2, 4, 5, 6, 8, 9, 11, 12, 13, 14, 15, 16, 17, 19, 20]",3,68,15,ordinary,9,full_coverage_and_all_discovered_cleared,103,5409.184404,0.22504687501350418
28,0,True,uniform__adversarial-positive__69,uniform__adversarial-positive,15,15,15,133,0.23100999999999772,15,,0,116,baseline_peer9_active,[],22913.32098419051,0,0.0,355.91094653333334,"[2, 3, 4, 5, 6, 7, 8, 9, 10, 11, 12, 13, 14, 16, 18]",3,69,15,ordinary,9,full_coverage_and_all_discovered_cleared,101,5338.664198,0.23159520799526945
27,0,True,uniform__adversarial-positive__69,uniform__adversarial-positive,15,15,15,136,0.22239899999999935,15,,0,119,q3_square9_h860_active,[],21376.154268378887,0,0.0,336.6820570666667,"[2, 3, 4, 5, 6, 7, 8, 9, 10, 11, 12, 13, 14, 16, 18]",3,69,15,ordinary,9,full_coverage_and_all_discovered_cleared,105,5050.230856,0.22294491698266938
26,0,True,uniform__adversarial-positive__69,uniform__adversarial-positive,15,15,15,135,0.2176240000000007,15,,0,118,q3_square9_h900_active,[],21140.800448159833,0,0.0,333.2106727333333,"[2, 3, 4, 5, 6, 7, 8, 9, 10, 11, 12, 13, 14, 16, 18]",3,69,15,ordinary,9,full_coverage_and_all_discovered_cleared,105,4998.160091,0.21825649996753782
25,0,True,uniform__adversarial-positive__69,uniform__adversarial-positive,15,15,15,133,0.20458400000000054,15,,0,116,q3_square9_h1000_active,[],21154.687881481874,0,0.0,332.6625054,"[2, 3, 4, 5, 6, 7, 8, 9, 10, 11, 12, 13, 14, 16, 18]",3,69,15,ordinary,9,full_coverage_and_all_discovered_cleared,104,4989.937581,0.2053023329935968
26,0,True,uniform__adversarial-positive__69,uniform__adversarial-positive,15,15,15,134,0.21400099999999966,15,,0,117,q3_square9_h1100_active,[],21116.50730209571,0,0.0,332.4867643333333,"[2, 3, 4, 5, 6, 7, 8, 9, 10, 11, 12, 13, 14, 16, 18]",3,69,15,ordinary,9,full_coverage_and_all_discovered_cleared,104,4987.301465,0.21463250002125278
25,0,True,uniform__adversarial-positive__69,uniform__adversarial-positive,15,15,15,133,0.19942600000000255,15,,0,116,q3_square9_h1200_active,[],21274.874538695112,0,0.0,334.2649940666667,"[2, 3, 4, 5, 6, 7, 8, 9, 10, 11, 12, 13, 14, 16, 18]",3,69,15,ordinary,9,full_coverage_and_all_discovered_cleared,104,5013.974911,0.19985712500056252
27,0,True,uniform__adversarial-positive__69,uniform__adversarial-positive,15,15,15,128,0.22198299999999804,15,,0,111,q3_alternating9_active,[],24313.780845214922,0,0.0,372.6504114666667,"[2, 3, 4, 5, 6, 7, 8, 9, 10, 11, 12, 13, 14, 16, 18]",3,69,15,ordinary,9,full_coverage_and_all_discovered_cleared,97,5589.756172,0.22248266695532948
28,0,True,uniform__adversarial-positive__69,uniform__adversarial-positive,15,15,15,128,0.2239830000000005,15,,0,111,q3_alternating9_wide_active,[],24335.657745804252,0,0.0,372.8087698666667,"[2, 3, 4, 5, 6, 7, 8, 9, 10, 11, 12, 13, 14, 16, 18]",3,69,15,ordinary,9,full_coverage_and_all_discovered_cleared,95,5592.131548,0.2245890829944983
15,0,True,uniform__adversarial-positive__70,uniform__adversarial-positive,10,10,10,145,0.12257400000000018,10,,0,133,baseline_peer9_active,[],18734.766171846764,0,0.0,458.49532339999996,"[2, 3, 5, 10, 11, 13, 15, 16, 19, 20]",3,70,10,ordinary,9,full_coverage_and_all_discovered_cleared,123,4584.953234,0.12283333402592689
15,0,True,uniform__adversarial-positive__70,uniform__adversarial-positive,10,10,10,145,0.12420799999999943,10,,0,133,q3_square9_h860_active,[],17903.111949052985,0,0.0,441.7622388,"[2, 3, 5, 10, 11, 13, 15, 16, 19, 20]",3,70,10,ordinary,9,full_coverage_and_all_discovered_cleared,122,4417.622388,0.12456770899007097
16,0,True,uniform__adversarial-positive__70,uniform__adversarial-positive,10,10,10,146,0.13316899999999876,10,,0,134,q3_square9_h900_active,[],18274.391649699683,0,0.0,449.68783279999997,"[2, 3, 5, 10, 11, 13, 15, 16, 19, 20]",3,70,10,ordinary,9,full_coverage_and_all_discovered_cleared,122,4496.878328,0.13344350003171712
17,0,True,uniform__adversarial-positive__70,uniform__adversarial-positive,10,10,10,147,0.13452400000000253,10,,0,135,q3_square9_h1000_active,[],19052.476203556194,0,0.0,465.84952409999994,"[2, 3, 5, 10, 11, 13, 15, 16, 19, 20]",3,70,10,ordinary,9,full_coverage_and_all_discovered_cleared,123,4658.495241,0.1347782500088215
16,0,True,uniform__adversarial-positive__70,uniform__adversarial-positive,10,10,10,146,0.1314390000000003,10,,0,134,q3_square9_h1100_active,[],19367.76876103188,0,0.0,471.6553751,"[2, 3, 5, 10, 11, 13, 15, 16, 19, 20]",3,70,10,ordinary,9,full_coverage_and_all_discovered_cleared,123,4716.553751,0.13187645800644532
16,0,True,uniform__adversarial-positive__70,uniform__adversarial-positive,10,10,10,146,0.13064100000000067,10,,0,134,q3_square9_h1200_active,[],19622.025835240853,0,0.0,476.64051659999996,"[2, 3, 5, 10, 11, 13, 15, 16, 19, 20]",3,70,10,ordinary,9,full_coverage_and_all_discovered_cleared,122,4766.405166,0.1323895410168916
16,0,True,uniform__adversarial-positive__70,uniform__adversarial-positive,10,10,10,146,0.1403199999999991,10,,0,134,q3_alternating9_active,[],17002.551342814633,0,0.0,424.3510269,"[2, 3, 5, 10, 11, 13, 15, 16, 19, 20]",3,70,10,ordinary,9,full_coverage_and_all_discovered_cleared,123,4243.510269,0.1406561250332743
16,0,True,uniform__adversarial-positive__70,uniform__adversarial-positive,10,10,10,146,0.13540199999999913,10,,0,134,q3_alternating9_wide_active,[],16910.606173108623,0,0.0,422.5121236,"[2, 3, 5, 10, 11, 13, 15, 16, 19, 20]",3,70,10,ordinary,9,full_coverage_and_all_discovered_cleared,123,4225.121236,0.13574362505460158
20,0,True,uniform__adversarial-positive__71,uniform__adversarial-positive,12,12,12,132,0.1647880000000015,12,,0,118,baseline_peer9_active,[],19971.464435823313,0,0.0,395.77440716666666,"[1, 2, 4, 5, 7, 9, 10, 13, 17, 18, 19, 20]",3,71,12,ordinary,9,full_coverage_and_all_discovered_cleared,105,4749.292886,0.1652242499985732
22,0,True,uniform__adversarial-positive__71,uniform__adversarial-positive,12,12,12,137,0.18158999999999992,12,,0,123,q3_square9_h860_active,[],18529.348042143753,0,0.0,374.0724670833333,"[1, 2, 4, 5, 7, 9, 10, 13, 17, 18, 19, 20]",3,71,12,ordinary,9,full_coverage_and_all_discovered_cleared,108,4488.869605,0.181998832966201
22,0,True,uniform__adversarial-positive__71,uniform__adversarial-positive,12,12,12,137,0.18914599999999737,12,,0,123,q3_square9_h900_active,[],18441.30872948151,0,0.0,372.6051453333334,"[1, 2, 4, 5, 7, 9, 10, 13, 17, 18, 19, 20]",3,71,12,ordinary,9,full_coverage_and_all_discovered_cleared,108,4471.261744,0.19172962504671887
21,0,True,uniform__adversarial-positive__71,uniform__adversarial-positive,12,12,12,136,0.17624799999999752,12,,0,122,q3_square9_h1000_active,[],18321.34338761737,0,0.0,370.18905650000005,"[1, 2, 4, 5, 7, 9, 10, 13, 17, 18, 19, 20]",3,71,12,ordinary,9,full_coverage_and_all_discovered_cleared,108,4442.268678,0.17670170799829066
19,0,True,uniform__adversarial-positive__71,uniform__adversarial-positive,12,12,12,134,0.15291600000000116,12,,0,120,q3_square9_h1100_active,[],18384.605701003973,0,0.0,370.4100948333333,"[1, 2, 4, 5, 7, 9, 10, 13, 17, 18, 19, 20]",3,71,12,ordinary,9,full_coverage_and_all_discovered_cleared,108,4444.921138,0.15327216603327543
19,0,True,uniform__adversarial-positive__71,uniform__adversarial-positive,12,12,12,134,0.15733299999999772,12,,0,120,q3_square9_h1200_active,[],19098.045874551455,0,0.0,382.30076425,"[1, 2, 4, 5, 7, 9, 10, 13, 17, 18, 19, 20]",3,71,12,ordinary,9,full_coverage_and_all_discovered_cleared,108,4587.609171,0.15772429201751947
21,0,True,uniform__adversarial-positive__71,uniform__adversarial-positive,12,12,12,133,0.17573600000000056,12,,0,119,q3_alternating9_active,[],19618.063169968616,0,0.0,390.3010526666667,"[1, 2, 4, 5, 7, 9, 10, 13, 17, 18, 19, 20]",3,71,12,ordinary,9,full_coverage_and_all_discovered_cleared,105,4683.612632,0.17710349999833852
22,0,True,uniform__adversarial-positive__71,uniform__adversarial-positive,12,12,12,134,0.17634900000000187,12,,0,120,q3_alternating9_wide_active,[],19517.99622520682,0,0.0,389.04993691666664,"[1, 2, 4, 5, 7, 9, 10, 13, 17, 18, 19, 20]",3,71,12,ordinary,9,full_coverage_and_all_discovered_cleared,105,4668.599243,0.17676158400718123
16,0,True,uniform__adversarial-negative__67,uniform__adversarial-negative,10,10,10,150,0.13401999999999958,10,,0,138,baseline_peer9_active,[],15717.801035765964,0,0.0,401.1560211,"[4, 5, 7, 8, 9, 10, 14, 15, 18, 19]",3,67,10,ordinary,9,full_coverage_and_all_discovered_cleared,128,4011.560211,0.1344484580331482
17,0,True,uniform__adversarial-negative__67,uniform__adversarial-negative,10,10,10,148,0.13571599999999862,10,,0,136,q3_square9_h860_active,[],17039.023886461255,0,0.0,426.2804779,"[4, 5, 7, 8, 9, 10, 14, 15, 18, 19]",3,67,10,ordinary,9,full_coverage_and_all_discovered_cleared,125,4262.804779,0.13609191600698978
17,0,True,uniform__adversarial-negative__67,uniform__adversarial-negative,10,10,10,148,0.13251200000000196,10,,0,136,q3_square9_h900_active,[],17222.7756420613,0,0.0,429.95551290000003,"[4, 5, 7, 8, 9, 10, 14, 15, 18, 19]",3,67,10,ordinary,9,full_coverage_and_all_discovered_cleared,125,4299.555129,0.1328184999874793
16,0,True,uniform__adversarial-negative__67,uniform__adversarial-negative,10,10,10,148,0.1272599999999997,10,,0,136,q3_square9_h1000_active,[],16888.16136104331,0,0.0,423.4632272,"[4, 5, 7, 8, 9, 10, 14, 15, 18, 19]",3,67,10,ordinary,9,full_coverage_and_all_discovered_cleared,127,4234.632272,0.12756175000686198
15,0,True,uniform__adversarial-negative__67,uniform__adversarial-negative,10,10,10,147,0.1165389999999995,10,,0,135,q3_square9_h1100_active,[],16950.23042945395,0,0.0,424.20460860000003,"[4, 5, 7, 8, 9, 10, 14, 15, 18, 19]",3,67,10,ordinary,9,full_coverage_and_all_discovered_cleared,127,4242.046086,0.11683295801049098
16,0,True,uniform__adversarial-negative__67,uniform__adversarial-negative,10,10,10,148,0.12571099999999902,10,,0,136,q3_square9_h1200_active,[],17325.300795515577,0,0.0,432.20601589999995,"[4, 5, 7, 8, 9, 10, 14, 15, 18, 19]",3,67,10,ordinary,9,full_coverage_and_all_discovered_cleared,127,4322.060159,0.12603658298030496
18,0,True,uniform__adversarial-negative__67,uniform__adversarial-negative,10,10,10,151,0.15540900000000235,10,,0,139,q3_alternating9_active,[],15890.437410237419,0,0.0,405.0087483,"[4, 5, 7, 8, 9, 10, 14, 15, 18, 19]",3,67,10,ordinary,9,full_coverage_and_all_discovered_cleared,127,4050.087483,0.15587633399991319
18,0,True,uniform__adversarial-negative__67,uniform__adversarial-negative,10,10,10,151,0.14954099999999926,10,,0,139,q3_alternating9_wide_active,[],15598.692778929306,0,0.0,399.1738558,"[4, 5, 7, 8, 9, 10, 14, 15, 18, 19]",3,67,10,ordinary,9,full_coverage_and_all_discovered_cleared,127,3991.738558,0.1500593749806285
27,0,True,uniform__adversarial-negative__68,uniform__adversarial-negative,15,15,15,126,0.2182959999999987,15,,0,109,baseline_peer9_active,[],23264.11873116139,0,0.0,357.65491653333333,"[2, 4, 5, 6, 8, 9, 11, 12, 13, 14, 15, 16, 17, 19, 20]",3,68,15,ordinary,9,full_coverage_and_all_discovered_cleared,92,5364.823748,0.2189709579688497
30,0,True,uniform__adversarial-negative__68,uniform__adversarial-negative,15,15,15,123,0.2505670000000002,15,,0,106,q3_square9_h860_active,[],23523.042354647314,0,0.0,359.6405647333333,"[2, 4, 5, 6, 8, 9, 11, 12, 13, 14, 15, 16, 17, 19, 20]",3,68,15,ordinary,9,full_coverage_and_all_discovered_cleared,85,5394.608471,0.2511392500018701
30,0,True,uniform__adversarial-negative__68,uniform__adversarial-negative,15,15,15,123,0.24817699999999832,15,,0,106,q3_square9_h900_active,[],23481.584895648077,0,0.0,359.08779866666663,"[2, 4, 5, 6, 8, 9, 11, 12, 13, 14, 15, 16, 17, 19, 20]",3,68,15,ordinary,9,full_coverage_and_all_discovered_cleared,85,5386.31698,0.2487626249785535
30,0,True,uniform__adversarial-negative__68,uniform__adversarial-negative,15,15,15,123,0.25680300000000145,15,,0,106,q3_square9_h1000_active,[],23307.284230967012,0,0.0,356.76378980000004,"[2, 4, 5, 6, 8, 9, 11, 12, 13, 14, 15, 16, 17, 19, 20]",3,68,15,ordinary,9,full_coverage_and_all_discovered_cleared,85,5351.456847,0.2591569159994833
29,0,True,uniform__adversarial-negative__68,uniform__adversarial-negative,15,15,15,122,0.2423540000000024,15,,0,105,q3_square9_h1100_active,[],23001.772572926457,0,0.0,352.35696773333336,"[2, 4, 5, 6, 8, 9, 11, 12, 13, 14, 15, 16, 17, 19, 20]",3,68,15,ordinary,9,full_coverage_and_all_discovered_cleared,85,5285.354516,0.24282695801230147
28,0,True,uniform__adversarial-negative__68,uniform__adversarial-negative,15,15,15,121,0.22587400000000102,15,,0,104,q3_square9_h1200_active,[],23055.98618508206,0,0.0,352.7464826,"[2, 4, 5, 6, 8, 9, 11, 12, 13, 14, 15, 16, 17, 19, 20]",3,68,15,ordinary,9,full_coverage_and_all_discovered_cleared,85,5291.197239,0.22644174995366484
27,0,True,uniform__adversarial-negative__68,uniform__adversarial-negative,15,15,15,137,0.21221800000000002,15,,0,120,q3_alternating9_active,[],22716.60695992902,0,0.0,354.75475953333336,"[2, 4, 5, 6, 8, 9, 11, 12, 13, 14, 15, 16, 17, 19, 20]",3,68,15,ordinary,9,full_coverage_and_all_discovered_cleared,103,5321.321393,0.21269512496655807
27,0,True,uniform__adversarial-negative__68,uniform__adversarial-negative,15,15,15,137,0.2176639999999992,15,,0,120,q3_alternating9_wide_active,[],22964.357558170337,0,0.0,358.0581008666667,"[2, 4, 5, 6, 8, 9, 11, 12, 13, 14, 15, 16, 17, 19, 20]",3,68,15,ordinary,9,full_coverage_and_all_discovered_cleared,103,5370.871513,0.21822083398001269
27,0,True,uniform__adversarial-negative__69,uniform__adversarial-negative,15,15,15,132,0.21782799999999725,15,,0,115,baseline_peer9_active,[],23354.999835465977,0,0.0,361.4666644,"[2, 3, 4, 5, 6, 7, 8, 9, 10, 11, 12, 13, 14, 16, 18]",3,69,15,ordinary,9,full_coverage_and_all_discovered_cleared,101,5421.999966,0.2182289999909699
26,0,True,uniform__adversarial-negative__69,uniform__adversarial-negative,15,15,15,135,0.20983200000000224,15,,0,118,q3_square9_h860_active,[],22910.48098482838,0,0.0,356.8064131333333,"[2, 3, 4, 5, 6, 7, 8, 9, 10, 11, 12, 13, 14, 16, 18]",3,69,15,ordinary,9,full_coverage_and_all_discovered_cleared,105,5352.096197,0.21022495802026242
23,0,True,uniform__adversarial-negative__69,uniform__adversarial-negative,15,15,15,132,0.18190699999999893,15,,0,115,q3_square9_h900_active,[],22709.768541678804,0,0.0,353.1302472,"[2, 3, 4, 5, 6, 7, 8, 9, 10, 11, 12, 13, 14, 16, 18]",3,69,15,ordinary,9,full_coverage_and_all_discovered_cleared,105,5296.953708,0.1823084580246359
24,0,True,uniform__adversarial-negative__69,uniform__adversarial-negative,15,15,15,132,0.1906540000000021,15,,0,115,q3_square9_h1000_active,[],22853.12938235805,0,0.0,354.9750585333333,"[2, 3, 4, 5, 6, 7, 8, 9, 10, 11, 12, 13, 14, 16, 18]",3,69,15,ordinary,9,full_coverage_and_all_discovered_cleared,104,5324.625878,0.1912894999841228
25,0,True,uniform__adversarial-negative__69,uniform__adversarial-negative,15,15,15,133,0.20376199999999756,15,,0,116,q3_square9_h1100_active,[],22984.734731517576,0,0.0,357.0631297333333,"[2, 3, 4, 5, 6, 7, 8, 9, 10, 11, 12, 13, 14, 16, 18]",3,69,15,ordinary,9,full_coverage_and_all_discovered_cleared,104,5355.946946,0.20421120803803205
24,0,True,uniform__adversarial-negative__69,uniform__adversarial-negative,15,15,15,132,0.1914510000000007,15,,0,115,q3_square9_h1200_active,[],23286.51242171332,0,0.0,360.75349893333333,"[2, 3, 4, 5, 6, 7, 8, 9, 10, 11, 12, 13, 14, 16, 18]",3,69,15,ordinary,9,full_coverage_and_all_discovered_cleared,104,5411.302484,0.19192287500482053
26,0,True,uniform__adversarial-negative__69,uniform__adversarial-negative,15,15,15,127,0.2075560000000003,15,,0,110,q3_alternating9_active,[],23466.883769105767,0,0.0,361.0251169333333,"[2, 3, 4, 5, 6, 7, 8, 9, 10, 11, 12, 13, 14, 16, 18]",3,69,15,ordinary,9,full_coverage_and_all_discovered_cleared,97,5415.376754,0.20798079099040478
26,0,True,uniform__adversarial-negative__69,uniform__adversarial-negative,15,15,15,126,0.20969699999999847,15,,0,109,q3_alternating9_wide_active,[],23047.71164772589,0,0.0,354.9694887333333,"[2, 3, 4, 5, 6, 7, 8, 9, 10, 11, 12, 13, 14, 16, 18]",3,69,15,ordinary,9,full_coverage_and_all_discovered_cleared,95,5324.542331,0.21062650001840666
15,0,True,uniform__adversarial-negative__70,uniform__adversarial-negative,10,10,10,145,0.11739299999999986,10,,0,133,baseline_peer9_active,[],18315.568670414505,0,0.0,450.1113735,"[2, 3, 5, 10, 11, 13, 15, 16, 19, 20]",3,70,10,ordinary,9,full_coverage_and_all_discovered_cleared,123,4501.113735,0.1177277920069173
15,0,True,uniform__adversarial-negative__70,uniform__adversarial-negative,10,10,10,145,0.12923299999999927,10,,0,133,q3_square9_h860_active,[],18906.147174705075,0,0.0,461.8229434,"[2, 3, 5, 10, 11, 13, 15, 16, 19, 20]",3,70,10,ordinary,9,full_coverage_and_all_discovered_cleared,122,4618.229434,0.12957004201598465
16,0,True,uniform__adversarial-negative__70,uniform__adversarial-negative,10,10,10,146,0.1373350000000002,10,,0,134,q3_square9_h900_active,[],19333.764738936734,0,0.0,470.8752948,"[2, 3, 5, 10, 11, 13, 15, 16, 19, 20]",3,70,10,ordinary,9,full_coverage_and_all_discovered_cleared,122,4708.752948,0.13772958400659263
16,0,True,uniform__adversarial-negative__70,uniform__adversarial-negative,10,10,10,146,0.13474499999999878,10,,0,134,q3_square9_h1000_active,[],19941.88700384413,0,0.0,483.03774000000004,"[2, 3, 5, 10, 11, 13, 15, 16, 19, 20]",3,70,10,ordinary,9,full_coverage_and_all_discovered_cleared,122,4830.3774,0.13514733396004885
16,0,True,uniform__adversarial-negative__70,uniform__adversarial-negative,10,10,10,146,0.12909699999999802,10,,0,134,q3_square9_h1100_active,[],20765.184612385903,0,0.0,499.50369250000006,"[2, 3, 5, 10, 11, 13, 15, 16, 19, 20]",3,70,10,ordinary,9,full_coverage_and_all_discovered_cleared,122,4995.036925,0.12941208301344886
16,0,True,uniform__adversarial-negative__70,uniform__adversarial-negative,10,10,10,146,0.12751300000000043,10,,0,134,q3_square9_h1200_active,[],21053.85690346816,0,0.0,505.27713789999996,"[2, 3, 5, 10, 11, 13, 15, 16, 19, 20]",3,70,10,ordinary,9,full_coverage_and_all_discovered_cleared,122,5052.771379,0.12784649996319786
15,0,True,uniform__adversarial-negative__70,uniform__adversarial-negative,10,10,10,145,0.1221420000000002,10,,0,133,q3_alternating9_active,[],15483.587047245896,0,0.0,393.4717412,"[2, 3, 5, 10, 11, 13, 15, 16, 19, 20]",3,70,10,ordinary,9,full_coverage_and_all_discovered_cleared,123,3934.717412,0.12236679199850187
15,0,True,uniform__adversarial-negative__70,uniform__adversarial-negative,10,10,10,145,0.11931600000000131,10,,0,133,q3_alternating9_wide_active,[],15362.46093368923,0,0.0,391.0492187,"[2, 3, 5, 10, 11, 13, 15, 16, 19, 20]",3,70,10,ordinary,9,full_coverage_and_all_discovered_cleared,123,3910.492187,0.11970224999822676
21,0,True,uniform__adversarial-negative__71,uniform__adversarial-negative,12,12,12,133,0.17187700000000206,12,,0,119,baseline_peer9_active,[],21398.70890202885,0,0.0,419.89514825,"[1, 2, 4, 5, 7, 9, 10, 13, 17, 18, 19, 20]",3,71,12,ordinary,9,full_coverage_and_all_discovered_cleared,104,5038.741779,0.17228654195787385
23,0,True,uniform__adversarial-negative__71,uniform__adversarial-negative,12,12,12,138,0.1856979999999986,12,,0,124,q3_square9_h860_active,[],19986.723289749647,0,0.0,398.6953884166667,"[1, 2, 4, 5, 7, 9, 10, 13, 17, 18, 19, 20]",3,71,12,ordinary,9,full_coverage_and_all_discovered_cleared,107,4784.344661,0.18623154103988782
23,0,True,uniform__adversarial-negative__71,uniform__adversarial-negative,12,12,12,138,0.19109300000000218,12,,0,124,q3_square9_h900_active,[],19902.47809482336,0,0.0,397.29130166666664,"[1, 2, 4, 5, 7, 9, 10, 13, 17, 18, 19, 20]",3,71,12,ordinary,9,full_coverage_and_all_discovered_cleared,107,4767.49562,0.1915786670288071
21,0,True,uniform__adversarial-negative__71,uniform__adversarial-negative,12,12,12,136,0.1653020000000005,12,,0,122,q3_square9_h1000_active,[],19769.781782144986,0,0.0,394.2463631666667,"[1, 2, 4, 5, 7, 9, 10, 13, 17, 18, 19, 20]",3,71,12,ordinary,9,full_coverage_and_all_discovered_cleared,107,4730.956358,0.16567345801740885
20,0,True,uniform__adversarial-negative__71,uniform__adversarial-negative,12,12,12,135,0.15850299999999962,12,,0,121,q3_square9_h1100_active,[],19859.915145426552,0,0.0,395.3319191666667,"[1, 2, 4, 5, 7, 9, 10, 13, 17, 18, 19, 20]",3,71,12,ordinary,9,full_coverage_and_all_discovered_cleared,107,4743.98303,0.15921450004680082
20,0,True,uniform__adversarial-negative__71,uniform__adversarial-negative,12,12,12,135,0.16275899999999766,12,,0,121,q3_square9_h1200_active,[],20616.547532071865,0,0.0,407.9424588333333,"[1, 2, 4, 5, 7, 9, 10, 13, 17, 18, 19, 20]",3,71,12,ordinary,9,full_coverage_and_all_discovered_cleared,107,4895.309506,0.16417141701094806
22,0,True,uniform__adversarial-negative__71,uniform__adversarial-negative,12,12,12,134,0.17542100000000005,12,,0,120,q3_alternating9_active,[],20927.411327425452,0,0.0,412.4568556666666,"[1, 2, 4, 5, 7, 9, 10, 13, 17, 18, 19, 20]",3,71,12,ordinary,9,full_coverage_and_all_discovered_cleared,104,4949.482268,0.1758854590007104
23,0,True,uniform__adversarial-negative__71,uniform__adversarial-negative,12,12,12,135,0.18747800000000225,12,,0,121,q3_alternating9_wide_active,[],20857.404684406058,0,0.0,411.70674475000004,"[1, 2, 4, 5, 7, 9, 10, 13, 17, 18, 19, 20]",3,71,12,ordinary,9,full_coverage_and_all_discovered_cleared,104,4940.480937,0.18796529102837667
16,0,True,uniform__adversarial-spatial__67,uniform__adversarial-spatial,10,10,10,150,0.12981100000000012,10,,0,138,baseline_peer9_active,[],16524.485565747826,0,0.0,417.28971140000004,"[4, 5, 7, 8, 9, 10, 14, 15, 18, 19]",3,67,10,ordinary,9,full_coverage_and_all_discovered_cleared,128,4172.897114,0.1301692919805646
17,0,True,uniform__adversarial-spatial__67,uniform__adversarial-spatial,10,10,10,148,0.13709100000000163,10,,0,136,q3_square9_h860_active,[],18297.41958647556,0,0.0,451.44839169999995,"[4, 5, 7, 8, 9, 10, 14, 15, 18, 19]",3,67,10,ordinary,9,full_coverage_and_all_discovered_cleared,125,4514.483917,0.1373432080144994
17,0,True,uniform__adversarial-spatial__67,uniform__adversarial-spatial,10,10,10,148,0.1398360000000025,10,,0,136,q3_square9_h900_active,[],18011.34873046239,0,0.0,445.7269749,"[4, 5, 7, 8, 9, 10, 14, 15, 18, 19]",3,67,10,ordinary,9,full_coverage_and_all_discovered_cleared,125,4457.269749,0.14014166599372402
15,0,True,uniform__adversarial-spatial__67,uniform__adversarial-spatial,10,10,10,147,0.11457099999999798,10,,0,135,q3_square9_h1000_active,[],17822.086313316082,0,0.0,441.6417262,"[4, 5, 7, 8, 9, 10, 14, 15, 18, 19]",3,67,10,ordinary,9,full_coverage_and_all_discovered_cleared,127,4416.417262,0.11486770899500698
15,0,True,uniform__adversarial-spatial__67,uniform__adversarial-spatial,10,10,10,147,0.11556600000000117,10,,0,135,q3_square9_h1100_active,[],17847.09068953306,0,0.0,442.14181369999994,"[4, 5, 7, 8, 9, 10, 14, 15, 18, 19]",3,67,10,ordinary,9,full_coverage_and_all_discovered_cleared,127,4421.418137,0.11587762495037168
15,0,True,uniform__adversarial-spatial__67,uniform__adversarial-spatial,10,10,10,147,0.11844699999999975,10,,0,135,q3_square9_h1200_active,[],18257.498543812017,0,0.0,450.349971,"[4, 5, 7, 8, 9, 10, 14, 15, 18, 19]",3,67,10,ordinary,9,full_coverage_and_all_discovered_cleared,127,4503.49971,0.11880108300829306
19,0,True,uniform__adversarial-spatial__67,uniform__adversarial-spatial,10,10,10,152,0.1598840000000017,10,,0,140,q3_alternating9_active,[],16945.211795082763,0,0.0,426.60423579999997,"[4, 5, 7, 8, 9, 10, 14, 15, 18, 19]",3,67,10,ordinary,9,full_coverage_and_all_discovered_cleared,127,4266.042358,0.1602405000012368
18,0,True,uniform__adversarial-spatial__67,uniform__adversarial-spatial,10,10,10,151,0.14723699999999695,10,,0,139,q3_alternating9_wide_active,[],16580.59033747043,0,0.0,418.81180700000004,"[4, 5, 7, 8, 9, 10, 14, 15, 18, 19]",3,67,10,ordinary,9,full_coverage_and_all_discovered_cleared,127,4188.11807,0.1475924999685958
28,0,True,uniform__adversarial-spatial__68,uniform__adversarial-spatial,15,15,15,127,0.2248689999999982,15,,0,110,baseline_peer9_active,[],23262.158354482406,0,0.0,357.9621113333333,"[2, 4, 5, 6, 8, 9, 11, 12, 13, 14, 15, 16, 17, 19, 20]",3,68,15,ordinary,9,full_coverage_and_all_discovered_cleared,92,5369.43167,0.22540545801166445
29,0,True,uniform__adversarial-spatial__68,uniform__adversarial-spatial,15,15,15,122,0.23809200000000175,15,,0,105,q3_square9_h860_active,[],24013.31503252023,0,0.0,365.84420013333335,"[2, 4, 5, 6, 8, 9, 11, 12, 13, 14, 15, 16, 17, 19, 20]",3,68,15,ordinary,9,full_coverage_and_all_discovered_cleared,85,5487.663002,0.2386013749637641
29,0,True,uniform__adversarial-spatial__68,uniform__adversarial-spatial,15,15,15,122,0.2355930000000015,15,,0,105,q3_square9_h900_active,[],23373.903516288763,0,0.0,357.31871333333333,"[2, 4, 5, 6, 8, 9, 11, 12, 13, 14, 15, 16, 17, 19, 20]",3,68,15,ordinary,9,full_coverage_and_all_discovered_cleared,85,5359.7807,0.23621333402115852
28,0,True,uniform__adversarial-spatial__68,uniform__adversarial-spatial,15,15,15,121,0.22255100000000283,15,,0,104,q3_square9_h1000_active,[],23768.578945082885,0,0.0,362.24771906666666,"[2, 4, 5, 6, 8, 9, 11, 12, 13, 14, 15, 16, 17, 19, 20]",3,68,15,ordinary,9,full_coverage_and_all_discovered_cleared,85,5433.715786,0.22309583303285763
28,0,True,uniform__adversarial-spatial__68,uniform__adversarial-spatial,15,15,15,121,0.22508999999999801,15,,0,104,q3_square9_h1100_active,[],23290.76899855359,0,0.0,355.87691993333334,"[2, 4, 5, 6, 8, 9, 11, 12, 13, 14, 15, 16, 17, 19, 20]",3,68,15,ordinary,9,full_coverage_and_all_discovered_cleared,85,5338.153799,0.22552445804467425
27,0,True,uniform__adversarial-spatial__68,uniform__adversarial-spatial,15,15,15,120,0.2099119999999992,15,,0,103,q3_square9_h1200_active,[],23343.19204538036,0,0.0,356.2425604666667,"[2, 4, 5, 6, 8, 9, 11, 12, 13, 14, 15, 16, 17, 19, 20]",3,68,15,ordinary,9,full_coverage_and_all_discovered_cleared,85,5343.638407,0.21036441600881517
26,0,True,uniform__adversarial-spatial__68,uniform__adversarial-spatial,15,15,15,136,0.20067500000000038,15,,0,119,q3_alternating9_active,[],23120.199331010885,0,0.0,359.80265760000003,"[2, 4, 5, 6, 8, 9, 11, 12, 13, 14, 15, 16, 17, 19, 20]",3,68,15,ordinary,9,full_coverage_and_all_discovered_cleared,103,5397.039864,0.20125104201724753
27,0,True,uniform__adversarial-spatial__68,uniform__adversarial-spatial,15,15,15,137,0.21570500000000337,15,,0,120,q3_alternating9_wide_active,[],23271.41113159038,0,0.0,362.15214853333333,"[2, 4, 5, 6, 8, 9, 11, 12, 13, 14, 15, 16, 17, 19, 20]",3,68,15,ordinary,9,full_coverage_and_all_discovered_cleared,103,5432.282228,0.21618883399059996
28,0,True,uniform__adversarial-spatial__69,uniform__adversarial-spatial,15,15,15,133,0.23608199999999968,15,,0,116,baseline_peer9_active,[],23117.576853320854,0,0.0,358.6343578666667,"[2, 3, 4, 5, 6, 7, 8, 9, 10, 11, 12, 13, 14, 16, 18]",3,69,15,ordinary,9,full_coverage_and_all_discovered_cleared,101,5379.515368,0.23660183401079848
27,0,True,uniform__adversarial-spatial__69,uniform__adversarial-spatial,15,15,15,136,0.2236149999999988,15,,0,119,q3_square9_h860_active,[],21387.73470828558,0,0.0,336.8364627333333,"[2, 3, 4, 5, 6, 7, 8, 9, 10, 11, 12, 13, 14, 16, 18]",3,69,15,ordinary,9,full_coverage_and_all_discovered_cleared,105,5052.546941,0.22419383301166818
25,0,True,uniform__adversarial-spatial__69,uniform__adversarial-spatial,15,15,15,134,0.20867399999999847,15,,0,117,q3_square9_h900_active,[],21084.15568681135,0,0.0,332.1220757333333,"[2, 3, 4, 5, 6, 7, 8, 9, 10, 11, 12, 13, 14, 16, 18]",3,69,15,ordinary,9,full_coverage_and_all_discovered_cleared,105,4981.831136,0.2091037500067614
25,0,True,uniform__adversarial-spatial__69,uniform__adversarial-spatial,15,15,15,133,0.2011490000000009,15,,0,116,q3_square9_h1000_active,[],21158.231485877783,0,0.0,332.70975333333337,"[2, 3, 4, 5, 6, 7, 8, 9, 10, 11, 12, 13, 14, 16, 18]",3,69,15,ordinary,9,full_coverage_and_all_discovered_cleared,104,4990.6463,0.20159824995789677
26,0,True,uniform__adversarial-spatial__69,uniform__adversarial-spatial,15,15,15,134,0.2174159999999965,15,,0,117,q3_square9_h1100_active,[],21127.069593250966,0,0.0,332.62759446666666,"[2, 3, 4, 5, 6, 7, 8, 9, 10, 11, 12, 13, 14, 16, 18]",3,69,15,ordinary,9,full_coverage_and_all_discovered_cleared,104,4989.413917,0.21803416701732203
25,0,True,uniform__adversarial-spatial__69,uniform__adversarial-spatial,15,15,15,133,0.21629899999999935,15,,0,116,q3_square9_h1200_active,[],21168.197525300875,0,0.0,332.8426336666667,"[2, 3, 4, 5, 6, 7, 8, 9, 10, 11, 12, 13, 14, 16, 18]",3,69,15,ordinary,9,full_coverage_and_all_discovered_cleared,104,4992.639505,0.21813254104927182
27,0,True,uniform__adversarial-spatial__69,uniform__adversarial-spatial,15,15,15,128,0.22324199999999905,15,,0,111,q3_alternating9_active,[],24078.877497322374,0,0.0,369.5183666666666,"[2, 3, 4, 5, 6, 7, 8, 9, 10, 11, 12, 13, 14, 16, 18]",3,69,15,ordinary,9,full_coverage_and_all_discovered_cleared,97,5542.7755,0.2236781669780612
28,0,True,uniform__adversarial-spatial__69,uniform__adversarial-spatial,15,15,15,128,0.2282949999999957,15,,0,111,q3_alternating9_wide_active,[],24421.35417699896,0,0.0,373.9513889333333,"[2, 3, 4, 5, 6, 7, 8, 9, 10, 11, 12, 13, 14, 16, 18]",3,69,15,ordinary,9,full_coverage_and_all_discovered_cleared,95,5609.270834,0.22887175000505522
16,0,True,uniform__adversarial-spatial__70,uniform__adversarial-spatial,10,10,10,146,0.13252500000000111,10,,0,134,baseline_peer9_active,[],17687.774834541982,0,0.0,437.9554967,"[2, 3, 5, 10, 11, 13, 15, 16, 19, 20]",3,70,10,ordinary,9,full_coverage_and_all_discovered_cleared,122,4379.554967,0.1329869999899529
15,0,True,uniform__adversarial-spatial__70,uniform__adversarial-spatial,10,10,10,145,0.12477399999999506,10,,0,133,q3_square9_h860_active,[],18270.68804438747,0,0.0,449.0137609,"[2, 3, 5, 10, 11, 13, 15, 16, 19, 20]",3,70,10,ordinary,9,full_coverage_and_all_discovered_cleared,121,4490.137609,0.1250535419676453
16,0,True,uniform__adversarial-spatial__70,uniform__adversarial-spatial,10,10,10,146,0.13492399999999805,10,,0,134,q3_square9_h900_active,[],18562.073130935103,0,0.0,455.3414627,"[2, 3, 5, 10, 11, 13, 15, 16, 19, 20]",3,70,10,ordinary,9,full_coverage_and_all_discovered_cleared,121,4553.414627,0.13521212502382696
17,0,True,uniform__adversarial-spatial__70,uniform__adversarial-spatial,10,10,10,147,0.13911499999999677,10,,0,135,q3_square9_h1000_active,[],19442.01279573344,0,0.0,473.54025590000003,"[2, 3, 5, 10, 11, 13, 15, 16, 19, 20]",3,70,10,ordinary,9,full_coverage_and_all_discovered_cleared,122,4735.402559,0.1394240000518039
15,0,True,uniform__adversarial-spatial__70,uniform__adversarial-spatial,10,10,10,145,0.12616200000000077,10,,0,133,q3_square9_h1100_active,[],19799.079057476436,0,0.0,479.6815813,"[2, 3, 5, 10, 11, 13, 15, 16, 19, 20]",3,70,10,ordinary,9,full_coverage_and_all_discovered_cleared,122,4796.815813,0.12648670800263062
16,0,True,uniform__adversarial-spatial__70,uniform__adversarial-spatial,10,10,10,146,0.1284610000000015,10,,0,134,q3_square9_h1200_active,[],20065.9529887177,0,0.0,485.4190597,"[2, 3, 5, 10, 11, 13, 15, 16, 19, 20]",3,70,10,ordinary,9,full_coverage_and_all_discovered_cleared,121,4854.190597,0.1286972920061089
15,0,True,uniform__adversarial-spatial__70,uniform__adversarial-spatial,10,10,10,145,0.1278039999999976,10,,0,133,q3_alternating9_active,[],14680.395040249205,0,0.0,377.3079011,"[2, 3, 5, 10, 11, 13, 15, 16, 19, 20]",3,70,10,ordinary,9,full_coverage_and_all_discovered_cleared,122,3773.079011,0.12810420797904953
15,0,True,uniform__adversarial-spatial__70,uniform__adversarial-spatial,10,10,10,145,0.12191299999999927,10,,0,133,q3_alternating9_wide_active,[],14670.674663069702,0,0.0,377.11349340000004,"[2, 3, 5, 10, 11, 13, 15, 16, 19, 20]",3,70,10,ordinary,9,full_coverage_and_all_discovered_cleared,122,3771.134934,0.1221789579722099
20,0,True,uniform__adversarial-spatial__71,uniform__adversarial-spatial,12,12,12,132,0.1591239999999985,12,,0,118,baseline_peer9_active,[],21667.24778183877,0,0.0,424.03746299999995,"[1, 2, 4, 5, 7, 9, 10, 13, 17, 18, 19, 20]",3,71,12,ordinary,9,full_coverage_and_all_discovered_cleared,105,5088.449556,0.15947154100285843
23,0,True,uniform__adversarial-spatial__71,uniform__adversarial-spatial,12,12,12,138,0.18537899999999752,12,,0,124,q3_square9_h860_active,[],20220.604295420046,0,0.0,402.67673833333333,"[1, 2, 4, 5, 7, 9, 10, 13, 17, 18, 19, 20]",3,71,12,ordinary,9,full_coverage_and_all_discovered_cleared,108,4832.12086,0.18583225004840642
22,0,True,uniform__adversarial-spatial__71,uniform__adversarial-spatial,12,12,12,137,0.17818100000000214,12,,0,123,q3_square9_h900_active,[],20093.976767850287,0,0.0,400.1496128333333,"[1, 2, 4, 5, 7, 9, 10, 13, 17, 18, 19, 20]",3,71,12,ordinary,9,full_coverage_and_all_discovered_cleared,108,4801.795354,0.17871358297998086
20,0,True,uniform__adversarial-spatial__71,uniform__adversarial-spatial,12,12,12,135,0.15998900000000305,12,,0,121,q3_square9_h1000_active,[],19977.665030401047,0,0.0,397.3777506666667,"[1, 2, 4, 5, 7, 9, 10, 13, 17, 18, 19, 20]",3,71,12,ordinary,9,full_coverage_and_all_discovered_cleared,108,4768.533008,0.16038625000510365
20,0,True,uniform__adversarial-spatial__71,uniform__adversarial-spatial,12,12,12,135,0.15628999999999849,12,,0,121,q3_square9_h1100_active,[],20129.578763319492,0,0.0,399.90964608333337,"[1, 2, 4, 5, 7, 9, 10, 13, 17, 18, 19, 20]",3,71,12,ordinary,9,full_coverage_and_all_discovered_cleared,108,4798.915753,0.1565752500318922
20,0,True,uniform__adversarial-spatial__71,uniform__adversarial-spatial,12,12,12,135,0.15942799999999835,12,,0,121,q3_square9_h1200_active,[],20895.858870648546,0,0.0,412.68098133333336,"[1, 2, 4, 5, 7, 9, 10, 13, 17, 18, 19, 20]",3,71,12,ordinary,9,full_coverage_and_all_discovered_cleared,108,4952.171776,0.15971391700441018
22,0,True,uniform__adversarial-spatial__71,uniform__adversarial-spatial,12,12,12,134,0.1763169999999974,12,,0,120,q3_alternating9_active,[],21193.91988140403,0,0.0,416.9819981666667,"[1, 2, 4, 5, 7, 9, 10, 13, 17, 18, 19, 20]",3,71,12,ordinary,9,full_coverage_and_all_discovered_cleared,105,5003.783978,0.17666429100790992
23,0,True,uniform__adversarial-spatial__71,uniform__adversarial-spatial,12,12,12,135,0.18834800000000484,12,,0,121,q3_alternating9_wide_active,[],21238.619880909922,0,0.0,418.14366474999997,"[1, 2, 4, 5, 7, 9, 10, 13, 17, 18, 19, 20]",3,71,12,ordinary,9,full_coverage_and_all_discovered_cleared,105,5017.723977,0.1887245829566382
16,0,True,edge__iid__67,edge__iid,10,10,10,160,0.13486299999999574,10,,0,148,baseline_peer9_active,[],16405.813087739767,0,0.0,420.916262,"[4, 5, 7, 8, 9, 10, 14, 15, 18, 19]",3,67,10,ordinary,9,full_coverage_and_all_discovered_cleared,138,4209.16262,0.13527729199267924
17,0,True,edge__iid__67,edge__iid,10,10,10,163,0.14759699999999754,10,,0,151,q3_square9_h860_active,[],17523.807586719373,0,0.0,445.07615139999996,"[4, 5, 7, 8, 9, 10, 14, 15, 18, 19]",3,67,10,ordinary,9,full_coverage_and_all_discovered_cleared,141,4450.761514,0.14788337500067428
16,0,True,edge__iid__67,edge__iid,10,10,10,162,0.1377210000000062,10,,0,150,q3_square9_h900_active,[],17242.55465512359,0,0.0,438.9510931,"[4, 5, 7, 8, 9, 10, 14, 15, 18, 19]",3,67,10,ordinary,9,full_coverage_and_all_discovered_cleared,141,4389.510931,0.1380248329951428
17,0,True,edge__iid__67,edge__iid,10,10,10,163,0.14672099999999944,10,,0,151,q3_square9_h1000_active,[],17446.02199188955,0,0.0,443.5204401,"[4, 5, 7, 8, 9, 10, 14, 15, 18, 19]",3,67,10,ordinary,9,full_coverage_and_all_discovered_cleared,141,4435.204401,0.1470602090121247
18,0,True,edge__iid__67,edge__iid,10,10,10,163,0.15375600000000134,10,,0,151,q3_square9_h1100_active,[],17030.215836426207,0,0.0,435.2043166,"[4, 5, 7, 8, 9, 10, 14, 15, 18, 19]",3,67,10,ordinary,9,full_coverage_and_all_discovered_cleared,141,4352.043166,0.15405650000320747
18,0,True,edge__iid__67,edge__iid,10,10,10,163,0.1509150000000048,10,,0,151,q3_square9_h1200_active,[],17173.99935780738,0,0.0,438.07998710000004,"[4, 5, 7, 8, 9, 10, 14, 15, 18, 19]",3,67,10,ordinary,9,full_coverage_and_all_discovered_cleared,141,4380.799871,0.15124208404449746
18,0,True,edge__iid__67,edge__iid,10,10,10,165,0.16709699999999827,10,,0,153,q3_alternating9_active,[],16687.092963443327,0,0.0,429.5418592,"[4, 5, 7, 8, 9, 10, 14, 15, 18, 19]",3,67,10,ordinary,9,full_coverage_and_all_discovered_cleared,143,4295.418592,0.167475291993469
18,0,True,edge__iid__67,edge__iid,10,10,10,165,0.15775399999999706,10,,0,153,q3_alternating9_wide_active,[],16111.308180336171,0,0.0,418.0261636,"[4, 5, 7, 8, 9, 10, 14, 15, 18, 19]",3,67,10,ordinary,9,full_coverage_and_all_discovered_cleared,143,4180.261636,0.1580923330038786
24,0,True,edge__iid__68,edge__iid,15,15,15,157,0.2151190000000014,15,,0,140,baseline_peer9_active,[],18727.09120237602,0,0.0,309.8278828666667,"[2, 4, 5, 6, 8, 9, 11, 12, 13, 14, 15, 16, 17, 19, 20]",3,68,15,ordinary,9,full_coverage_and_all_discovered_cleared,127,4647.418243,0.21563529199920595
31,0,True,edge__iid__68,edge__iid,15,15,15,162,0.28450699999999784,15,,0,145,q3_square9_h860_active,[],22136.24116250484,0,0.0,356.81654886666666,"[2, 4, 5, 6, 8, 9, 11, 12, 13, 14, 15, 16, 17, 19, 20]",3,68,15,ordinary,9,full_coverage_and_all_discovered_cleared,125,5352.248233,0.2852321250247769
28,0,True,edge__iid__68,edge__iid,15,15,15,159,0.25809699999999935,15,,0,142,q3_square9_h900_active,[],21669.545400589555,0,0.0,349.5939384,"[2, 4, 5, 6, 8, 9, 11, 12, 13, 14, 15, 16, 17, 19, 20]",3,68,15,ordinary,9,full_coverage_and_all_discovered_cleared,125,5243.909076,0.2587802080088295
28,0,True,edge__iid__68,edge__iid,15,15,15,152,0.2622789999999995,15,,0,135,q3_square9_h1000_active,[],21319.83939460226,0,0.0,342.1311919333333,"[2, 4, 5, 6, 8, 9, 11, 12, 13, 14, 15, 16, 17, 19, 20]",3,68,15,ordinary,9,full_coverage_and_all_discovered_cleared,118,5131.967879,0.2646479579852894
27,0,True,edge__iid__68,edge__iid,15,15,15,152,0.23367100000000107,15,,0,135,q3_square9_h1100_active,[],21135.446027777514,0,0.0,339.73928053333333,"[2, 4, 5, 6, 8, 9, 11, 12, 13, 14, 15, 16, 17, 19, 20]",3,68,15,ordinary,9,full_coverage_and_all_discovered_cleared,119,5096.089208,0.2341216669883579
26,0,True,edge__iid__68,edge__iid,15,15,15,152,0.23279600000000045,15,,0,135,q3_square9_h1200_active,[],20056.107805749827,0,0.0,325.4147704,"[2, 4, 5, 6, 8, 9, 11, 12, 13, 14, 15, 16, 17, 19, 20]",3,68,15,ordinary,9,full_coverage_and_all_discovered_cleared,120,4881.221556,0.23336158401798457
29,0,True,edge__iid__68,edge__iid,15,15,15,162,0.2628830000000022,15,,0,145,q3_alternating9_active,[],21673.913301266588,0,0.0,350.7855108,"[2, 4, 5, 6, 8, 9, 11, 12, 13, 14, 15, 16, 17, 19, 20]",3,68,15,ordinary,9,full_coverage_and_all_discovered_cleared,127,5261.782662,0.26358879200415686
28,0,True,edge__iid__68,edge__iid,15,15,15,162,0.25503499999999946,15,,0,145,q3_alternating9_wide_active,[],20493.036945920474,0,0.0,335.10715926666666,"[2, 4, 5, 6, 8, 9, 11, 12, 13, 14, 15, 16, 17, 19, 20]",3,68,15,ordinary,9,full_coverage_and_all_discovered_cleared,128,5026.607389,0.25563999998848885
27,0,True,edge__iid__69,edge__iid,15,15,15,164,0.23754799999999676,15,,0,147,baseline_peer9_active,[],18430.348325401417,0,0.0,308.60464440000004,"[2, 3, 4, 5, 6, 7, 8, 9, 10, 11, 12, 13, 14, 16, 18]",3,69,15,ordinary,9,full_coverage_and_all_discovered_cleared,133,4629.069666,0.23806287499610335
31,0,True,edge__iid__69,edge__iid,15,15,15,162,0.28306500000000057,15,,0,145,q3_square9_h860_active,[],22498.000437514245,0,0.0,361.77333906666667,"[2, 3, 4, 5, 6, 7, 8, 9, 10, 11, 12, 13, 14, 16, 18]",3,69,15,ordinary,9,full_coverage_and_all_discovered_cleared,127,5426.600086,0.28373104095226154
30,0,True,edge__iid__69,edge__iid,15,15,15,162,0.267316000000001,15,,0,145,q3_square9_h900_active,[],21851.517065498305,0,0.0,353.22022773333333,"[2, 3, 4, 5, 6, 7, 8, 9, 10, 11, 12, 13, 14, 16, 18]",3,69,15,ordinary,9,full_coverage_and_all_discovered_cleared,128,5298.303416,0.2679446669644676
28,0,True,edge__iid__69,edge__iid,15,15,15,161,0.24145999999999646,15,,0,144,q3_square9_h1000_active,[],21187.661286034854,0,0.0,344.1021503333333,"[2, 3, 4, 5, 6, 7, 8, 9, 10, 11, 12, 13, 14, 16, 18]",3,69,15,ordinary,9,full_coverage_and_all_discovered_cleared,129,5161.532255,0.24207179102813825
26,0,True,edge__iid__69,edge__iid,15,15,15,159,0.21699199999999763,15,,0,142,q3_square9_h1100_active,[],20154.379880778353,0,0.0,329.65839846666665,"[2, 3, 4, 5, 6, 7, 8, 9, 10, 11, 12, 13, 14, 16, 18]",3,69,15,ordinary,9,full_coverage_and_all_discovered_cleared,129,4944.875977,0.21752820897381753
25,0,True,edge__iid__69,edge__iid,15,15,15,158,0.216349000000001,15,,0,141,q3_square9_h1200_active,[],19305.188119705526,0,0.0,318.0025082,"[2, 3, 4, 5, 6, 7, 8, 9, 10, 11, 12, 13, 14, 16, 18]",3,69,15,ordinary,9,full_coverage_and_all_discovered_cleared,129,4770.037623,0.21695491700666025
27,0,True,edge__iid__69,edge__iid,15,15,15,155,0.24350600000000355,15,,0,138,q3_alternating9_active,[],20666.20781184328,0,0.0,334.8161042666667,"[2, 3, 4, 5, 6, 7, 8, 9, 10, 11, 12, 13, 14, 16, 18]",3,69,15,ordinary,9,full_coverage_and_all_discovered_cleared,124,5022.241564,0.24418341601267457
27,0,True,edge__iid__69,edge__iid,15,15,15,155,0.25091799999999864,15,,0,138,q3_alternating9_wide_active,[],19744.691055953026,0,0.0,322.5292141333333,"[2, 3, 4, 5, 6, 7, 8, 9, 10, 11, 12, 13, 14, 16, 18]",3,69,15,ordinary,9,full_coverage_and_all_discovered_cleared,124,4837.938212,0.2513716670218855
19,0,True,edge__iid__70,edge__iid,10,10,10,165,0.1626890000000003,10,,0,153,baseline_peer9_active,[],17895.2584939613,0,0.0,453.4051701,"[2, 3, 5, 10, 11, 13, 15, 16, 19, 20]",3,70,10,ordinary,9,full_coverage_and_all_discovered_cleared,140,4534.051701,0.16315595799824223
19,0,True,edge__iid__70,edge__iid,10,10,10,160,0.170774999999999,10,,0,148,q3_square9_h860_active,[],16690.436086418682,0,0.0,426.20872149999997,"[2, 3, 5, 10, 11, 13, 15, 16, 19, 20]",3,70,10,ordinary,9,full_coverage_and_all_discovered_cleared,134,4262.087215,0.17113674996653572
19,0,True,edge__iid__70,edge__iid,10,10,10,160,0.177901999999996,10,,0,148,q3_square9_h900_active,[],16695.8383109372,0,0.0,426.31676619999996,"[2, 3, 5, 10, 11, 13, 15, 16, 19, 20]",3,70,10,ordinary,9,full_coverage_and_all_discovered_cleared,134,4263.167662,0.17832583404378965
19,0,True,edge__iid__70,edge__iid,10,10,10,160,0.16541300000000092,10,,0,148,q3_square9_h1000_active,[],15982.573002163392,0,0.0,412.0514601,"[2, 3, 5, 10, 11, 13, 15, 16, 19, 20]",3,70,10,ordinary,9,full_coverage_and_all_discovered_cleared,134,4120.514601,0.16579224995803088
17,0,True,edge__iid__70,edge__iid,10,10,10,158,0.1447780000000023,10,,0,146,q3_square9_h1100_active,[],16103.601831347585,0,0.0,413.4720368,"[2, 3, 5, 10, 11, 13, 15, 16, 19, 20]",3,70,10,ordinary,9,full_coverage_and_all_discovered_cleared,134,4134.720368,0.1450635829824023
16,0,True,edge__iid__70,edge__iid,10,10,10,158,0.14265999999999934,10,,0,146,q3_square9_h1200_active,[],16755.347900505636,0,0.0,426.6069581,"[2, 3, 5, 10, 11, 13, 15, 16, 19, 20]",3,70,10,ordinary,9,full_coverage_and_all_discovered_cleared,135,4266.069581,0.14299604098778218
18,0,True,edge__iid__70,edge__iid,10,10,10,165,0.15870899999999466,10,,0,153,q3_alternating9_active,[],16064.452210348276,0,0.0,416.789044,"[2, 3, 5, 10, 11, 13, 15, 16, 19, 20]",3,70,10,ordinary,9,full_coverage_and_all_discovered_cleared,140,4167.89044,0.15912954200757667
18,0,True,edge__iid__70,edge__iid,10,10,10,165,0.1629249999999942,10,,0,153,q3_alternating9_wide_active,[],15321.281896066454,0,0.0,401.925638,"[2, 3, 5, 10, 11, 13, 15, 16, 19, 20]",3,70,10,ordinary,9,full_coverage_and_all_discovered_cleared,140,4019.25638,0.16326287505216897
19,0,True,edge__iid__71,edge__iid,12,12,12,149,0.16248099999999965,12,,0,135,baseline_peer9_active,[],16972.650246784513,0,0.0,354.29417083333334,"[1, 2, 4, 5, 7, 9, 10, 13, 17, 18, 19, 20]",3,71,12,ordinary,9,full_coverage_and_all_discovered_cleared,122,4251.53005,0.1627889170194976
24,0,True,edge__iid__71,edge__iid,12,12,12,170,0.22264600000000456,12,,0,156,q3_square9_h860_active,[],19621.4052884559,0,0.0,408.69008808333336,"[1, 2, 4, 5, 7, 9, 10, 13, 17, 18, 19, 20]",3,71,12,ordinary,9,full_coverage_and_all_discovered_cleared,140,4904.281057,0.2230927919736132
23,0,True,edge__iid__71,edge__iid,12,12,12,169,0.2099410000000006,12,,0,155,q3_square9_h900_active,[],19352.912657747092,0,0.0,403.79854408333335,"[1, 2, 4, 5, 7, 9, 10, 13, 17, 18, 19, 20]",3,71,12,ordinary,9,full_coverage_and_all_discovered_cleared,140,4845.582529,0.21053166699130088
23,0,True,edge__iid__71,edge__iid,12,12,12,169,0.21554199999999923,12,,0,155,q3_square9_h1000_active,[],18867.723128751688,0,0.0,395.71205225,"[1, 2, 4, 5, 7, 9, 10, 13, 17, 18, 19, 20]",3,71,12,ordinary,9,full_coverage_and_all_discovered_cleared,140,4748.544627,0.21700854197843
23,0,True,edge__iid__71,edge__iid,12,12,12,169,0.2047939999999997,12,,0,155,q3_square9_h1100_active,[],18428.283391449375,0,0.0,388.3880565833333,"[1, 2, 4, 5, 7, 9, 10, 13, 17, 18, 19, 20]",3,71,12,ordinary,9,full_coverage_and_all_discovered_cleared,140,4660.656679,0.20532604196341708
20,0,True,edge__iid__71,edge__iid,12,12,12,167,0.1781909999999982,12,,0,153,q3_square9_h1200_active,[],18228.813629369266,0,0.0,384.23022725000004,"[1, 2, 4, 5, 7, 9, 10, 13, 17, 18, 19, 20]",3,71,12,ordinary,9,full_coverage_and_all_discovered_cleared,140,4610.762727,0.17861400003312156
21,0,True,edge__iid__71,edge__iid,12,12,12,150,0.18787499999999824,12,,0,136,q3_alternating9_active,[],18852.412674753286,0,0.0,385.956878,"[1, 2, 4, 5, 7, 9, 10, 13, 17, 18, 19, 20]",3,71,12,ordinary,9,full_coverage_and_all_discovered_cleared,121,4631.482536,0.1883109170012176
21,0,True,edge__iid__71,edge__iid,12,12,12,150,0.1914069999999981,12,,0,136,q3_alternating9_wide_active,[],18173.033962200672,0,0.0,374.6338993333333,"[1, 2, 4, 5, 7, 9, 10, 13, 17, 18, 19, 20]",3,71,12,ordinary,9,full_coverage_and_all_discovered_cleared,121,4495.606792,0.19236241601174697
17,0,True,edge__smooth__67,edge__smooth,10,10,10,161,0.14398199999999406,10,,0,149,baseline_peer9_active,[],15678.839022459411,0,0.0,406.87678059999996,"[4, 5, 7, 8, 9, 10, 14, 15, 18, 19]",3,67,10,ordinary,9,full_coverage_and_all_discovered_cleared,138,4068.767806,0.1443881660234183
17,0,True,edge__smooth__67,edge__smooth,10,10,10,163,0.14685600000000676,10,,0,151,q3_square9_h860_active,[],17480.167634902948,0,0.0,444.2033527,"[4, 5, 7, 8, 9, 10, 14, 15, 18, 19]",3,67,10,ordinary,9,full_coverage_and_all_discovered_cleared,141,4442.033527,0.14717204199405387
17,0,True,edge__smooth__67,edge__smooth,10,10,10,163,0.14709400000000272,10,,0,151,q3_square9_h900_active,[],17286.296164175616,0,0.0,440.32592350000004,"[4, 5, 7, 8, 9, 10, 14, 15, 18, 19]",3,67,10,ordinary,9,full_coverage_and_all_discovered_cleared,141,4403.259235,0.14748929196503013
18,0,True,edge__smooth__67,edge__smooth,10,10,10,164,0.1570819999999955,10,,0,152,q3_square9_h1000_active,[],17336.922928734075,0,0.0,441.83845869999993,"[4, 5, 7, 8, 9, 10, 14, 15, 18, 19]",3,67,10,ordinary,9,full_coverage_and_all_discovered_cleared,141,4418.384587,0.1574658749741502
18,0,True,edge__smooth__67,edge__smooth,10,10,10,163,0.15634099999999762,10,,0,151,q3_square9_h1100_active,[],17076.202560382895,0,0.0,436.12405129999996,"[4, 5, 7, 8, 9, 10, 14, 15, 18, 19]",3,67,10,ordinary,9,full_coverage_and_all_discovered_cleared,141,4361.240513,0.15665929100941867
19,0,True,edge__smooth__67,edge__smooth,10,10,10,164,0.16074499999999858,10,,0,152,q3_square9_h1200_active,[],17148.861921364503,0,0.0,438.0772384,"[4, 5, 7, 8, 9, 10, 14, 15, 18, 19]",3,67,10,ordinary,9,full_coverage_and_all_discovered_cleared,141,4380.772384,0.16108395805349573
19,0,True,edge__smooth__67,edge__smooth,10,10,10,166,0.1781000000000006,10,,0,154,q3_alternating9_active,[],16728.913309420353,0,0.0,430.8782663,"[4, 5, 7, 8, 9, 10, 14, 15, 18, 19]",3,67,10,ordinary,9,full_coverage_and_all_discovered_cleared,143,4308.782663,0.17902945901732892
19,0,True,edge__smooth__67,edge__smooth,10,10,10,166,0.17154399999999725,10,,0,154,q3_alternating9_wide_active,[],16094.296449550735,0,0.0,418.18592930000005,"[4, 5, 7, 8, 9, 10, 14, 15, 18, 19]",3,67,10,ordinary,9,full_coverage_and_all_discovered_cleared,143,4181.859293,0.1719654580228962
25,0,True,edge__smooth__68,edge__smooth,15,15,15,158,0.22201100000000196,15,,0,141,baseline_peer9_active,[],18745.358682439037,0,0.0,310.4047824666667,"[2, 4, 5, 6, 8, 9, 11, 12, 13, 14, 15, 16, 17, 19, 20]",3,68,15,ordinary,9,full_coverage_and_all_discovered_cleared,127,4656.071737,0.22243395901750773
28,0,True,edge__smooth__68,edge__smooth,15,15,15,159,0.24726100000000173,15,,0,142,q3_square9_h860_active,[],22046.62566662873,0,0.0,354.62167573333335,"[2, 4, 5, 6, 8, 9, 11, 12, 13, 14, 15, 16, 17, 19, 20]",3,68,15,ordinary,9,full_coverage_and_all_discovered_cleared,125,5319.325136,0.2477895839838311
28,0,True,edge__smooth__68,edge__smooth,15,15,15,159,0.2553359999999998,15,,0,142,q3_square9_h900_active,[],21304.051210247795,0,0.0,344.7206826666667,"[2, 4, 5, 6, 8, 9, 11, 12, 13, 14, 15, 16, 17, 19, 20]",3,68,15,ordinary,9,full_coverage_and_all_discovered_cleared,125,5170.81024,0.2559733330272138
28,0,True,edge__smooth__68,edge__smooth,15,15,15,152,0.2518570000000011,15,,0,135,q3_square9_h1000_active,[],21378.69355740851,0,0.0,342.9159142,"[2, 4, 5, 6, 8, 9, 11, 12, 13, 14, 15, 16, 17, 19, 20]",3,68,15,ordinary,9,full_coverage_and_all_discovered_cleared,118,5143.738713,0.25245570798870176
26,0,True,edge__smooth__68,edge__smooth,15,15,15,151,0.22843300000000255,15,,0,134,q3_square9_h1100_active,[],21194.29050198406,0,0.0,340.19054006666664,"[2, 4, 5, 6, 8, 9, 11, 12, 13, 14, 15, 16, 17, 19, 20]",3,68,15,ordinary,9,full_coverage_and_all_discovered_cleared,119,5102.858101,0.22899966698605567
25,0,True,edge__smooth__68,edge__smooth,15,15,15,151,0.21921999999999997,15,,0,134,q3_square9_h1200_active,[],20090.463791324255,0,0.0,325.53951713333333,"[2, 4, 5, 6, 8, 9, 11, 12, 13, 14, 15, 16, 17, 19, 20]",3,68,15,ordinary,9,full_coverage_and_all_discovered_cleared,120,4883.092757,0.21965250000357628
29,0,True,edge__smooth__68,edge__smooth,15,15,15,162,0.2638509999999954,15,,0,145,q3_alternating9_active,[],21735.07103853236,0,0.0,351.60094719999995,"[2, 4, 5, 6, 8, 9, 11, 12, 13, 14, 15, 16, 17, 19, 20]",3,68,15,ordinary,9,full_coverage_and_all_discovered_cleared,127,5274.014208,0.26443020801525563
27,0,True,edge__smooth__68,edge__smooth,15,15,15,161,0.2378569999999982,15,,0,144,q3_alternating9_wide_active,[],20374.98227060716,0,0.0,333.19976353333334,"[2, 4, 5, 6, 8, 9, 11, 12, 13, 14, 15, 16, 17, 19, 20]",3,68,15,ordinary,9,full_coverage_and_all_discovered_cleared,128,4997.996453,0.23851916700368747
27,0,True,edge__smooth__69,edge__smooth,15,15,15,164,0.23022999999999882,15,,0,147,baseline_peer9_active,[],18413.524352563854,0,0.0,308.3803249333333,"[2, 3, 4, 5, 6, 7, 8, 9, 10, 11, 12, 13, 14, 16, 18]",3,69,15,ordinary,9,full_coverage_and_all_discovered_cleared,133,4625.704874,0.23074554099002853
30,0,True,edge__smooth__69,edge__smooth,15,15,15,161,0.268061000000003,15,,0,144,q3_square9_h860_active,[],22285.672794501388,0,0.0,358.6089705333333,"[2, 3, 4, 5, 6, 7, 8, 9, 10, 11, 12, 13, 14, 16, 18]",3,69,15,ordinary,9,full_coverage_and_all_discovered_cleared,127,5379.134558,0.2687027499778196
30,0,True,edge__smooth__69,edge__smooth,15,15,15,162,0.27033999999999736,15,,0,145,q3_square9_h900_active,[],21513.505083798198,0,0.0,348.713401,"[2, 3, 4, 5, 6, 7, 8, 9, 10, 11, 12, 13, 14, 16, 18]",3,69,15,ordinary,9,full_coverage_and_all_discovered_cleared,128,5230.701015,0.27109245798783377
28,0,True,edge__smooth__69,edge__smooth,15,15,15,161,0.2574289999999948,15,,0,144,q3_square9_h1000_active,[],20777.42726449793,0,0.0,338.63236333333333,"[2, 3, 4, 5, 6, 7, 8, 9, 10, 11, 12, 13, 14, 16, 18]",3,69,15,ordinary,9,full_coverage_and_all_discovered_cleared,129,5079.48545,0.2589425830519758
26,0,True,edge__smooth__69,edge__smooth,15,15,15,159,0.22392399999999668,15,,0,142,q3_square9_h1100_active,[],20173.486326994036,0,0.0,329.9131511333333,"[2, 3, 4, 5, 6, 7, 8, 9, 10, 11, 12, 13, 14, 16, 18]",3,69,15,ordinary,9,full_coverage_and_all_discovered_cleared,129,4948.697267,0.22448749997420236
25,0,True,edge__smooth__69,edge__smooth,15,15,15,158,0.22082400000000035,15,,0,141,q3_square9_h1200_active,[],19342.119364446586,0,0.0,318.49492473333333,"[2, 3, 4, 5, 6, 7, 8, 9, 10, 11, 12, 13, 14, 16, 18]",3,69,15,ordinary,9,full_coverage_and_all_discovered_cleared,129,4777.423871,0.22152283298783004
27,0,True,edge__smooth__69,edge__smooth,15,15,15,155,0.24829700000000088,15,,0,138,q3_alternating9_active,[],20755.117303380655,0,0.0,336.0015640666667,"[2, 3, 4, 5, 6, 7, 8, 9, 10, 11, 12, 13, 14, 16, 18]",3,69,15,ordinary,9,full_coverage_and_all_discovered_cleared,124,5040.023461,0.24895116698462516
27,0,True,edge__smooth__69,edge__smooth,15,15,15,155,0.24002700000000488,15,,0,138,q3_alternating9_wide_active,[],19807.58329116617,0,0.0,323.3677772,"[2, 3, 4, 5, 6, 7, 8, 9, 10, 11, 12, 13, 14, 16, 18]",3,69,15,ordinary,9,full_coverage_and_all_discovered_cleared,124,4850.516658,0.24079404200892895
19,0,True,edge__smooth__70,edge__smooth,10,10,10,165,0.17847799999999836,10,,0,153,baseline_peer9_active,[],17898.640384555816,0,0.0,453.4728078,"[2, 3, 5, 10, 11, 13, 15, 16, 19, 20]",3,70,10,ordinary,9,full_coverage_and_all_discovered_cleared,140,4534.728078,0.1789763750275597
20,0,True,edge__smooth__70,edge__smooth,10,10,10,161,0.1872630000000015,10,,0,149,q3_square9_h860_active,[],16742.010946792965,0,0.0,427.7402191,"[2, 3, 5, 10, 11, 13, 15, 16, 19, 20]",3,70,10,ordinary,9,full_coverage_and_all_discovered_cleared,134,4277.402191,0.18775166699197143
19,0,True,edge__smooth__70,edge__smooth,10,10,10,160,0.17900499999999653,10,,0,148,q3_square9_h900_active,[],16483.71472227806,0,0.0,422.0742945,"[2, 3, 5, 10, 11, 13, 15, 16, 19, 20]",3,70,10,ordinary,9,full_coverage_and_all_discovered_cleared,134,4220.742945,0.17938808299368247
19,0,True,edge__smooth__70,edge__smooth,10,10,10,160,0.16982600000000048,10,,0,148,q3_square9_h1000_active,[],16097.4120510464,0,0.0,414.3482412,"[2, 3, 5, 10, 11, 13, 15, 16, 19, 20]",3,70,10,ordinary,9,full_coverage_and_all_discovered_cleared,134,4143.482412,0.17024987505283207
19,0,True,edge__smooth__70,edge__smooth,10,10,10,160,0.16423599999999539,10,,0,148,q3_square9_h1100_active,[],16120.8642566753,0,0.0,414.81728510000005,"[2, 3, 5, 10, 11, 13, 15, 16, 19, 20]",3,70,10,ordinary,9,full_coverage_and_all_discovered_cleared,134,4148.172851,0.16477604198735207
17,0,True,edge__smooth__70,edge__smooth,10,10,10,159,0.15171899999999994,10,,0,147,q3_square9_h1200_active,[],18555.48964077192,0,0.0,463.10979289999995,"[2, 3, 5, 10, 11, 13, 15, 16, 19, 20]",3,70,10,ordinary,9,full_coverage_and_all_discovered_cleared,135,4631.097929,0.1521429589483887
19,0,True,edge__smooth__70,edge__smooth,10,10,10,166,0.16930700000000343,10,,0,154,q3_alternating9_active,[],16134.303087918755,0,0.0,418.6860619,"[2, 3, 5, 10, 11, 13, 15, 16, 19, 20]",3,70,10,ordinary,9,full_coverage_and_all_discovered_cleared,140,4186.860619,0.1697085840278305
17,0,True,edge__smooth__70,edge__smooth,10,10,10,164,0.15431099999999986,10,,0,152,q3_alternating9_wide_active,[],15263.310164336212,0,0.0,400.26620349999996,"[2, 3, 5, 10, 11, 13, 15, 16, 19, 20]",3,70,10,ordinary,9,full_coverage_and_all_discovered_cleared,140,4002.662035,0.15470204199664295
19,0,True,edge__smooth__71,edge__smooth,12,12,12,149,0.16466199999999986,12,,0,135,baseline_peer9_active,[],17043.84404465727,0,0.0,355.48073425,"[1, 2, 4, 5, 7, 9, 10, 13, 17, 18, 19, 20]",3,71,12,ordinary,9,full_coverage_and_all_discovered_cleared,122,4265.768811,0.16509629198117182
23,0,True,edge__smooth__71,edge__smooth,12,12,12,169,0.20988899999999688,12,,0,155,q3_square9_h860_active,[],19531.097136254193,0,0.0,406.7682854166667,"[1, 2, 4, 5, 7, 9, 10, 13, 17, 18, 19, 20]",3,71,12,ordinary,9,full_coverage_and_all_discovered_cleared,140,4881.219425,0.21038741699885577
23,0,True,edge__smooth__71,edge__smooth,12,12,12,169,0.21100799999999964,12,,0,155,q3_square9_h900_active,[],19388.8263345144,0,0.0,404.3971056666667,"[1, 2, 4, 5, 7, 9, 10, 13, 17, 18, 19, 20]",3,71,12,ordinary,9,full_coverage_and_all_discovered_cleared,140,4852.765268,0.21150704199681059
23,0,True,edge__smooth__71,edge__smooth,12,12,12,169,0.20752799999999638,12,,0,155,q3_square9_h1000_active,[],18668.167295244937,0,0.0,392.3861213333333,"[1, 2, 4, 5, 7, 9, 10, 13, 17, 18, 19, 20]",3,71,12,ordinary,9,full_coverage_and_all_discovered_cleared,140,4708.633456,0.20796279096975923
23,0,True,edge__smooth__71,edge__smooth,12,12,12,169,0.20773200000000003,12,,0,155,q3_square9_h1100_active,[],18282.88535593466,0,0.0,385.964756,"[1, 2, 4, 5, 7, 9, 10, 13, 17, 18, 19, 20]",3,71,12,ordinary,9,full_coverage_and_all_discovered_cleared,140,4631.577072,0.20822370902169496
20,0,True,edge__smooth__71,edge__smooth,12,12,12,167,0.1774429999999967,12,,0,153,q3_square9_h1200_active,[],18202.51764386337,0,0.0,383.7919606666667,"[1, 2, 4, 5, 7, 9, 10, 13, 17, 18, 19, 20]",3,71,12,ordinary,9,full_coverage_and_all_discovered_cleared,140,4605.503528,0.1778656670358032
21,0,True,edge__smooth__71,edge__smooth,12,12,12,150,0.18910599999999533,12,,0,136,q3_alternating9_active,[],18771.243411088493,0,0.0,384.60405675,"[1, 2, 4, 5, 7, 9, 10, 13, 17, 18, 19, 20]",3,71,12,ordinary,9,full_coverage_and_all_discovered_cleared,121,4615.248681,0.18955583404749632
21,0,True,edge__smooth__71,edge__smooth,12,12,12,150,0.18755999999999773,12,,0,136,q3_alternating9_wide_active,[],18158.824845013398,0,0.0,374.3970806666667,"[1, 2, 4, 5, 7, 9, 10, 13, 17, 18, 19, 20]",3,71,12,ordinary,9,full_coverage_and_all_discovered_cleared,121,4492.764968,0.18806308403145522
16,0,True,edge__adversarial-positive__67,edge__adversarial-positive,10,10,10,160,0.1419170000000065,10,,0,148,baseline_peer9_active,[],15648.147328546378,0,0.0,405.7629465,"[4, 5, 7, 8, 9, 10, 14, 15, 18, 19]",3,67,10,ordinary,9,full_coverage_and_all_discovered_cleared,138,4057.629465,0.14214829198317602
17,0,True,edge__adversarial-positive__67,edge__adversarial-positive,10,10,10,163,0.15207399999999893,10,,0,151,q3_square9_h860_active,[],17528.183745051218,0,0.0,445.16367460000004,"[4, 5, 7, 8, 9, 10, 14, 15, 18, 19]",3,67,10,ordinary,9,full_coverage_and_all_discovered_cleared,141,4451.636746,0.15251908404752612
17,0,True,edge__adversarial-positive__67,edge__adversarial-positive,10,10,10,163,0.14966100000000182,10,,0,151,q3_square9_h900_active,[],17334.525536679907,0,0.0,441.2905109,"[4, 5, 7, 8, 9, 10, 14, 15, 18, 19]",3,67,10,ordinary,9,full_coverage_and_all_discovered_cleared,141,4412.905109,0.15037091699196026
17,0,True,edge__adversarial-positive__67,edge__adversarial-positive,10,10,10,163,0.14896800000000354,10,,0,151,q3_square9_h1000_active,[],17485.658578965355,0,0.0,444.31317129999996,"[4, 5, 7, 8, 9, 10, 14, 15, 18, 19]",3,67,10,ordinary,9,full_coverage_and_all_discovered_cleared,141,4443.131713,0.1493845419608988
18,0,True,edge__adversarial-positive__67,edge__adversarial-positive,10,10,10,163,0.1596879999999956,10,,0,151,q3_square9_h1100_active,[],17164.244206958443,0,0.0,437.88488420000004,"[4, 5, 7, 8, 9, 10, 14, 15, 18, 19]",3,67,10,ordinary,9,full_coverage_and_all_discovered_cleared,141,4378.848842,0.16019399999640882
19,0,True,edge__adversarial-positive__67,edge__adversarial-positive,10,10,10,164,0.16858599999999768,10,,0,152,q3_square9_h1200_active,[],17235.8980170649,0,0.0,439.8179604,"[4, 5, 7, 8, 9, 10, 14, 15, 18, 19]",3,67,10,ordinary,9,full_coverage_and_all_discovered_cleared,141,4398.179604,0.1690877500222996
18,0,True,edge__adversarial-positive__67,edge__adversarial-positive,10,10,10,165,0.15651199999999932,10,,0,153,q3_alternating9_active,[],16755.669810036175,0,0.0,430.91339610000006,"[4, 5, 7, 8, 9, 10, 14, 15, 18, 19]",3,67,10,ordinary,9,full_coverage_and_all_discovered_cleared,143,4309.133961,0.15684529196005315
18,0,True,edge__adversarial-positive__67,edge__adversarial-positive,10,10,10,165,0.15315100000000115,10,,0,153,q3_alternating9_wide_active,[],16132.694533851836,0,0.0,418.4538907,"[4, 5, 7, 8, 9, 10, 14, 15, 18, 19]",3,67,10,ordinary,9,full_coverage_and_all_discovered_cleared,143,4184.538907,0.1534415000351146
25,0,True,edge__adversarial-positive__68,edge__adversarial-positive,15,15,15,158,0.24143699999999768,15,,0,141,baseline_peer9_active,[],18698.820338663827,0,0.0,309.78427120000003,"[2, 4, 5, 6, 8, 9, 11, 12, 13, 14, 15, 16, 17, 19, 20]",3,68,15,ordinary,9,full_coverage_and_all_discovered_cleared,127,4646.764068,0.24396070902002975
28,0,True,edge__adversarial-positive__68,edge__adversarial-positive,15,15,15,159,0.25666100000000114,15,,0,142,q3_square9_h860_active,[],22142.30108834495,0,0.0,355.8973478666667,"[2, 4, 5, 6, 8, 9, 11, 12, 13, 14, 15, 16, 17, 19, 20]",3,68,15,ordinary,9,full_coverage_and_all_discovered_cleared,125,5338.460218,0.257354416011367
29,0,True,edge__adversarial-positive__68,edge__adversarial-positive,15,15,15,160,0.268929,15,,0,143,q3_square9_h900_active,[],21883.718436714724,0,0.0,352.7829124666667,"[2, 4, 5, 6, 8, 9, 11, 12, 13, 14, 15, 16, 17, 19, 20]",3,68,15,ordinary,9,full_coverage_and_all_discovered_cleared,125,5291.743687,0.26962462498340756
29,0,True,edge__adversarial-positive__68,edge__adversarial-positive,15,15,15,153,0.2770749999999964,15,,0,136,q3_square9_h1000_active,[],21388.331934472364,0,0.0,343.37775906666667,"[2, 4, 5, 6, 8, 9, 11, 12, 13, 14, 15, 16, 17, 19, 20]",3,68,15,ordinary,9,full_coverage_and_all_discovered_cleared,118,5150.666386,0.27773854200495407
26,0,True,edge__adversarial-positive__68,edge__adversarial-positive,15,15,15,151,0.23307899999999648,15,,0,134,q3_square9_h1100_active,[],21197.208680899716,0,0.0,340.22944906666663,"[2, 4, 5, 6, 8, 9, 11, 12, 13, 14, 15, 16, 17, 19, 20]",3,68,15,ordinary,9,full_coverage_and_all_discovered_cleared,119,5103.441736,0.23372529196785763
25,0,True,edge__adversarial-positive__68,edge__adversarial-positive,15,15,15,151,0.22824800000000067,15,,0,134,q3_square9_h1200_active,[],20097.354585083413,0,0.0,325.6313945333333,"[2, 4, 5, 6, 8, 9, 11, 12, 13, 14, 15, 16, 17, 19, 20]",3,68,15,ordinary,9,full_coverage_and_all_discovered_cleared,120,4884.470918,0.22871220798697323
30,0,True,edge__adversarial-positive__68,edge__adversarial-positive,15,15,15,163,0.2743390000000048,15,,0,146,q3_alternating9_active,[],21417.319706084923,0,0.0,347.69759626666666,"[2, 4, 5, 6, 8, 9, 11, 12, 13, 14, 15, 16, 17, 19, 20]",3,68,15,ordinary,9,full_coverage_and_all_discovered_cleared,127,5215.463944,0.27486529195448384
28,0,True,edge__adversarial-positive__68,edge__adversarial-positive,15,15,15,162,0.2576440000000062,15,,0,145,q3_alternating9_wide_active,[],20387.82894021978,0,0.0,333.70438593333336,"[2, 4, 5, 6, 8, 9, 11, 12, 13, 14, 15, 16, 17, 19, 20]",3,68,15,ordinary,9,full_coverage_and_all_discovered_cleared,128,5005.565789,0.2582576669519767
28,0,True,edge__adversarial-positive__69,edge__adversarial-positive,15,15,15,165,0.2431009999999958,15,,0,148,baseline_peer9_active,[],18090.20060672725,0,0.0,304.4026748,"[2, 3, 4, 5, 6, 7, 8, 9, 10, 11, 12, 13, 14, 16, 18]",3,69,15,ordinary,9,full_coverage_and_all_discovered_cleared,133,4566.040122,0.24378566700033844
30,0,True,edge__adversarial-positive__69,edge__adversarial-positive,15,15,15,161,0.2767690000000016,15,,0,144,q3_square9_h860_active,[],23066.16946700436,0,0.0,369.015593,"[2, 3, 4, 5, 6, 7, 8, 9, 10, 11, 12, 13, 14, 16, 18]",3,69,15,ordinary,9,full_coverage_and_all_discovered_cleared,127,5535.233895,0.2774256670381874
30,0,True,edge__adversarial-positive__69,edge__adversarial-positive,15,15,15,162,0.26917899999999406,15,,0,145,q3_square9_h900_active,[],21468.33051288507,0,0.0,348.1110735333333,"[2, 3, 4, 5, 6, 7, 8, 9, 10, 11, 12, 13, 14, 16, 18]",3,69,15,ordinary,9,full_coverage_and_all_discovered_cleared,128,5221.666103,0.2697057499899529
28,0,True,edge__adversarial-positive__69,edge__adversarial-positive,15,15,15,161,0.24964200000000147,15,,0,144,q3_square9_h1000_active,[],20771.68748379145,0,0.0,338.55583313333335,"[2, 3, 4, 5, 6, 7, 8, 9, 10, 11, 12, 13, 14, 16, 18]",3,69,15,ordinary,9,full_coverage_and_all_discovered_cleared,129,5078.337497,0.2502186250058003
27,0,True,edge__adversarial-positive__69,edge__adversarial-positive,15,15,15,160,0.23328500000000219,15,,0,143,q3_square9_h1100_active,[],20192.95378481385,0,0.0,330.50605053333334,"[2, 3, 4, 5, 6, 7, 8, 9, 10, 11, 12, 13, 14, 16, 18]",3,69,15,ordinary,9,full_coverage_and_all_discovered_cleared,129,4957.590758,0.2338556670001708
25,0,True,edge__adversarial-positive__69,edge__adversarial-positive,15,15,15,158,0.22096299999999758,15,,0,141,q3_square9_h1200_active,[],19029.943585343586,0,0.0,314.33258086666666,"[2, 3, 4, 5, 6, 7, 8, 9, 10, 11, 12, 13, 14, 16, 18]",3,69,15,ordinary,9,full_coverage_and_all_discovered_cleared,129,4714.988713,0.22150949999922886
27,0,True,edge__adversarial-positive__69,edge__adversarial-positive,15,15,15,155,0.24264000000000152,15,,0,138,q3_alternating9_active,[],21263.73077366653,0,0.0,342.7830770666667,"[2, 3, 4, 5, 6, 7, 8, 9, 10, 11, 12, 13, 14, 16, 18]",3,69,15,ordinary,9,full_coverage_and_all_discovered_cleared,124,5141.746156,0.2431595420348458
27,0,True,edge__adversarial-positive__69,edge__adversarial-positive,15,15,15,155,0.23785099999999915,15,,0,138,q3_alternating9_wide_active,[],19712.01341900651,0,0.0,322.09351200000003,"[2, 3, 4, 5, 6, 7, 8, 9, 10, 11, 12, 13, 14, 16, 18]",3,69,15,ordinary,9,full_coverage_and_all_discovered_cleared,124,4831.40268,0.2384547499823384
19,0,True,edge__adversarial-positive__70,edge__adversarial-positive,10,10,10,165,0.17246699999999748,10,,0,153,baseline_peer9_active,[],17814.155166583565,0,0.0,451.78310339999996,"[2, 3, 5, 10, 11, 13, 15, 16, 19, 20]",3,70,10,ordinary,9,full_coverage_and_all_discovered_cleared,140,4517.831034,0.1730029999744147
19,0,True,edge__adversarial-positive__70,edge__adversarial-positive,10,10,10,160,0.17042600000000618,10,,0,148,q3_square9_h860_active,[],16744.048256514987,0,0.0,427.28096509999995,"[2, 3, 5, 10, 11, 13, 15, 16, 19, 20]",3,70,10,ordinary,9,full_coverage_and_all_discovered_cleared,134,4272.809651,0.17088166699977592
19,0,True,edge__adversarial-positive__70,edge__adversarial-positive,10,10,10,160,0.1681430000000006,10,,0,148,q3_square9_h900_active,[],16483.242793626625,0,0.0,422.0648562,"[2, 3, 5, 10, 11, 13, 15, 16, 19, 20]",3,70,10,ordinary,9,full_coverage_and_all_discovered_cleared,134,4220.648562,0.16854025004431605
18,0,True,edge__adversarial-positive__70,edge__adversarial-positive,10,10,10,159,0.16285500000000042,10,,0,147,q3_square9_h1000_active,[],16358.023697270493,0,0.0,419.0604737,"[2, 3, 5, 10, 11, 13, 15, 16, 19, 20]",3,70,10,ordinary,9,full_coverage_and_all_discovered_cleared,134,4190.604737,0.16333516599843279
18,0,True,edge__adversarial-positive__70,edge__adversarial-positive,10,10,10,159,0.16073699999999747,10,,0,147,q3_square9_h1100_active,[],16093.904945978496,0,0.0,413.7780984,"[2, 3, 5, 10, 11, 13, 15, 16, 19, 20]",3,70,10,ordinary,9,full_coverage_and_all_discovered_cleared,134,4137.780984,0.16105987504124641
17,0,True,edge__adversarial-positive__70,edge__adversarial-positive,10,10,10,159,0.15017999999999887,10,,0,147,q3_square9_h1200_active,[],16801.973912959857,0,0.0,428.0394784,"[2, 3, 5, 10, 11, 13, 15, 16, 19, 20]",3,70,10,ordinary,9,full_coverage_and_all_discovered_cleared,135,4280.394784,0.15048474998911843
18,0,True,edge__adversarial-positive__70,edge__adversarial-positive,10,10,10,165,0.1635429999999971,10,,0,153,q3_alternating9_active,[],16104.287904310604,0,0.0,417.5857581,"[2, 3, 5, 10, 11, 13, 15, 16, 19, 20]",3,70,10,ordinary,9,full_coverage_and_all_discovered_cleared,140,4175.857581,0.1639633330050856
18,0,True,edge__adversarial-positive__70,edge__adversarial-positive,10,10,10,165,0.17550800000000066,10,,0,153,q3_alternating9_wide_active,[],15275.789343151595,0,0.0,401.0157869,"[2, 3, 5, 10, 11, 13, 15, 16, 19, 20]",3,70,10,ordinary,9,full_coverage_and_all_discovered_cleared,140,4010.157869,0.17768204200547189
19,0,True,edge__adversarial-positive__71,edge__adversarial-positive,12,12,12,149,0.1682869999999994,12,,0,135,baseline_peer9_active,[],16894.498093060443,0,0.0,352.99163483333336,"[1, 2, 4, 5, 7, 9, 10, 13, 17, 18, 19, 20]",3,71,12,ordinary,9,full_coverage_and_all_discovered_cleared,122,4235.899618,0.16870479099452496
24,0,True,edge__adversarial-positive__71,edge__adversarial-positive,12,12,12,170,0.2265599999999992,12,,0,156,q3_square9_h860_active,[],19743.409662336977,0,0.0,410.72349441666665,"[1, 2, 4, 5, 7, 9, 10, 13, 17, 18, 19, 20]",3,71,12,ordinary,9,full_coverage_and_all_discovered_cleared,140,4928.681933,0.22705470799701288
24,0,True,edge__adversarial-positive__71,edge__adversarial-positive,12,12,12,170,0.22672800000000137,12,,0,156,q3_square9_h900_active,[],19524.29163053613,0,0.0,407.07152708333336,"[1, 2, 4, 5, 7, 9, 10, 13, 17, 18, 19, 20]",3,71,12,ordinary,9,full_coverage_and_all_discovered_cleared,140,4884.858325,0.2272147909970954
24,0,True,edge__adversarial-positive__71,edge__adversarial-positive,12,12,12,170,0.21938300000000055,12,,0,156,q3_square9_h1000_active,[],18923.192833220368,0,0.0,397.0532138333333,"[1, 2, 4, 5, 7, 9, 10, 13, 17, 18, 19, 20]",3,71,12,ordinary,9,full_coverage_and_all_discovered_cleared,140,4764.638566,0.21996016695629805
23,0,True,edge__adversarial-positive__71,edge__adversarial-positive,12,12,12,169,0.2146889999999999,12,,0,155,q3_square9_h1100_active,[],18339.08527986758,0,0.0,386.9014211666667,"[1, 2, 4, 5, 7, 9, 10, 13, 17, 18, 19, 20]",3,71,12,ordinary,9,full_coverage_and_all_discovered_cleared,140,4642.817054,0.2168854579795152
19,0,True,edge__adversarial-positive__71,edge__adversarial-positive,12,12,12,166,0.16701799999999878,12,,0,152,q3_square9_h1200_active,[],18426.007911227938,0,0.0,387.10013175,"[1, 2, 4, 5, 7, 9, 10, 13, 17, 18, 19, 20]",3,71,12,ordinary,9,full_coverage_and_all_discovered_cleared,140,4645.201581,0.16737624997040257
21,0,True,edge__adversarial-positive__71,edge__adversarial-positive,12,12,12,150,0.18809500000000412,12,,0,136,q3_alternating9_active,[],18747.24838362749,0,0.0,384.2041395833333,"[1, 2, 4, 5, 7, 9, 10, 13, 17, 18, 19, 20]",3,71,12,ordinary,9,full_coverage_and_all_discovered_cleared,121,4610.449675,0.188492999994196
21,0,True,edge__adversarial-positive__71,edge__adversarial-positive,12,12,12,150,0.19177300000000486,12,,0,136,q3_alternating9_wide_active,[],18133.223415541048,0,0.0,373.9703901666667,"[1, 2, 4, 5, 7, 9, 10, 13, 17, 18, 19, 20]",3,71,12,ordinary,9,full_coverage_and_all_discovered_cleared,121,4487.644682,0.19214495801134035
16,0,True,edge__adversarial-negative__67,edge__adversarial-negative,10,10,10,160,0.14622500000000116,10,,0,148,baseline_peer9_active,[],15713.38844696935,0,0.0,407.06776890000003,"[4, 5, 7, 8, 9, 10, 14, 15, 18, 19]",3,67,10,ordinary,9,full_coverage_and_all_discovered_cleared,138,4070.677689,0.1478454580064863
17,0,True,edge__adversarial-negative__67,edge__adversarial-negative,10,10,10,163,0.1509020000000021,10,,0,151,q3_square9_h860_active,[],17417.407300433817,0,0.0,442.948146,"[4, 5, 7, 8, 9, 10, 14, 15, 18, 19]",3,67,10,ordinary,9,full_coverage_and_all_discovered_cleared,141,4429.48146,0.151268457993865
17,0,True,edge__adversarial-negative__67,edge__adversarial-negative,10,10,10,163,0.14996500000000168,10,,0,151,q3_square9_h900_active,[],17192.56062077926,0,0.0,438.4512122,"[4, 5, 7, 8, 9, 10, 14, 15, 18, 19]",3,67,10,ordinary,9,full_coverage_and_all_discovered_cleared,141,4384.512122,0.15034633298637345
18,0,True,edge__adversarial-negative__67,edge__adversarial-negative,10,10,10,164,0.1638979999999961,10,,0,152,q3_square9_h1000_active,[],17348.255737515807,0,0.0,442.0651147,"[4, 5, 7, 8, 9, 10, 14, 15, 18, 19]",3,67,10,ordinary,9,full_coverage_and_all_discovered_cleared,141,4420.651147,0.16426066699204966
18,0,True,edge__adversarial-negative__67,edge__adversarial-negative,10,10,10,163,0.15258599999999944,10,,0,151,q3_square9_h1100_active,[],16909.921948646246,0,0.0,432.7984388,"[4, 5, 7, 8, 9, 10, 14, 15, 18, 19]",3,67,10,ordinary,9,full_coverage_and_all_discovered_cleared,141,4327.984388,0.15300566697260365
19,0,True,edge__adversarial-negative__67,edge__adversarial-negative,10,10,10,164,0.16194999999999737,10,,0,152,q3_square9_h1200_active,[],16759.355076928154,0,0.0,430.2871013,"[4, 5, 7, 8, 9, 10, 14, 15, 18, 19]",3,67,10,ordinary,9,full_coverage_and_all_discovered_cleared,141,4302.871013,0.16232320800190791
18,0,True,edge__adversarial-negative__67,edge__adversarial-negative,10,10,10,165,0.17020000000000124,10,,0,153,q3_alternating9_active,[],16617.606770107683,0,0.0,428.1521352,"[4, 5, 7, 8, 9, 10, 14, 15, 18, 19]",3,67,10,ordinary,9,full_coverage_and_all_discovered_cleared,143,4281.521352,0.17051495803752914
18,0,True,edge__adversarial-negative__67,edge__adversarial-negative,10,10,10,165,0.16996200000000528,10,,0,153,q3_alternating9_wide_active,[],16014.726467011338,0,0.0,416.0945295,"[4, 5, 7, 8, 9, 10, 14, 15, 18, 19]",3,67,10,ordinary,9,full_coverage_and_all_discovered_cleared,143,4160.945295,0.17027670802781358
25,0,True,edge__adversarial-negative__68,edge__adversarial-negative,15,15,15,158,0.245668000000002,15,,0,141,baseline_peer9_active,[],18780.008140250116,0,0.0,310.8667753333333,"[2, 4, 5, 6, 8, 9, 11, 12, 13, 14, 15, 16, 17, 19, 20]",3,68,15,ordinary,9,full_coverage_and_all_discovered_cleared,127,4663.00163,0.24682754202513024
30,0,True,edge__adversarial-negative__68,edge__adversarial-negative,15,15,15,161,0.2775920000000056,15,,0,144,q3_square9_h860_active,[],22167.009075377624,0,0.0,356.89345426666665,"[2, 4, 5, 6, 8, 9, 11, 12, 13, 14, 15, 16, 17, 19, 20]",3,68,15,ordinary,9,full_coverage_and_all_discovered_cleared,125,5353.401814,0.28062574996147305
28,0,True,edge__adversarial-negative__68,edge__adversarial-negative,15,15,15,159,0.25997300000000223,15,,0,142,q3_square9_h900_active,[],21454.78201719713,0,0.0,346.73042706666666,"[2, 4, 5, 6, 8, 9, 11, 12, 13, 14, 15, 16, 17, 19, 20]",3,68,15,ordinary,9,full_coverage_and_all_discovered_cleared,125,5200.956406,0.26080412504961714
30,0,True,edge__adversarial-negative__68,edge__adversarial-negative,15,15,15,154,0.2825279999999992,15,,0,137,q3_square9_h1000_active,[],21242.335533837995,0,0.0,341.7644736666667,"[2, 4, 5, 6, 8, 9, 11, 12, 13, 14, 15, 16, 17, 19, 20]",3,68,15,ordinary,9,full_coverage_and_all_discovered_cleared,118,5126.467105,0.2834008329664357
27,0,True,edge__adversarial-negative__68,edge__adversarial-negative,15,15,15,152,0.27035300000000007,15,,0,135,q3_square9_h1100_active,[],21035.588751697873,0,0.0,338.40785,"[2, 4, 5, 6, 8, 9, 11, 12, 13, 14, 15, 16, 17, 19, 20]",3,68,15,ordinary,9,full_coverage_and_all_discovered_cleared,119,5076.11775,0.27610166696831584
26,0,True,edge__adversarial-negative__68,edge__adversarial-negative,15,15,15,152,0.23258200000000073,15,,0,135,q3_square9_h1200_active,[],20026.460026082586,0,0.0,325.01946680000003,"[2, 4, 5, 6, 8, 9, 11, 12, 13, 14, 15, 16, 17, 19, 20]",3,68,15,ordinary,9,full_coverage_and_all_discovered_cleared,120,4875.292002,0.23343645804561675
30,0,True,edge__adversarial-negative__68,edge__adversarial-negative,15,15,15,163,0.28244899999999973,15,,0,146,q3_alternating9_active,[],21618.0316569384,0,0.0,350.3737556666667,"[2, 4, 5, 6, 8, 9, 11, 12, 13, 14, 15, 16, 17, 19, 20]",3,68,15,ordinary,9,full_coverage_and_all_discovered_cleared,127,5255.606335,0.2831688330043107
30,0,True,edge__adversarial-negative__68,edge__adversarial-negative,15,15,15,164,0.28228200000000214,15,,0,147,q3_alternating9_wide_active,[],20470.88147350864,0,0.0,335.47841946666665,"[2, 4, 5, 6, 8, 9, 11, 12, 13, 14, 15, 16, 17, 19, 20]",3,68,15,ordinary,9,full_coverage_and_all_discovered_cleared,128,5032.176292,0.282960666983854
27,0,True,edge__adversarial-negative__69,edge__adversarial-negative,15,15,15,164,0.24444199999999938,15,,0,147,baseline_peer9_active,[],18308.46469394856,0,0.0,306.97952926666665,"[2, 3, 4, 5, 6, 7, 8, 9, 10, 11, 12, 13, 14, 16, 18]",3,69,15,ordinary,9,full_coverage_and_all_discovered_cleared,133,4604.692939,0.24510695796925575
30,0,True,edge__adversarial-negative__69,edge__adversarial-negative,15,15,15,161,0.275470999999996,15,,0,144,q3_square9_h860_active,[],22179.599458831995,0,0.0,357.19465926666663,"[2, 3, 4, 5, 6, 7, 8, 9, 10, 11, 12, 13, 14, 16, 18]",3,69,15,ordinary,9,full_coverage_and_all_discovered_cleared,127,5357.919889,0.2780653339577839
30,0,True,edge__adversarial-negative__69,edge__adversarial-negative,15,15,15,162,0.2736019999999968,15,,0,145,q3_square9_h900_active,[],21764.673109021987,0,0.0,352.0623082,"[2, 3, 4, 5, 6, 7, 8, 9, 10, 11, 12, 13, 14, 16, 18]",3,69,15,ordinary,9,full_coverage_and_all_discovered_cleared,128,5280.934623,0.27482729201437905
28,0,True,edge__adversarial-negative__69,edge__adversarial-negative,15,15,15,161,0.24261800000000733,15,,0,144,q3_square9_h1000_active,[],20665.265766086584,0,0.0,337.13687673333334,"[2, 3, 4, 5, 6, 7, 8, 9, 10, 11, 12, 13, 14, 16, 18]",3,69,15,ordinary,9,full_coverage_and_all_discovered_cleared,129,5057.053151,0.24322670797118917
28,0,True,edge__adversarial-negative__69,edge__adversarial-negative,15,15,15,161,0.246192999999991,15,,0,144,q3_square9_h1100_active,[],19742.181807139383,0,0.0,324.8290907333333,"[2, 3, 4, 5, 6, 7, 8, 9, 10, 11, 12, 13, 14, 16, 18]",3,69,15,ordinary,9,full_coverage_and_all_discovered_cleared,129,4872.436361,0.24701783299678937
25,0,True,edge__adversarial-negative__69,edge__adversarial-negative,15,15,15,158,0.22146899999999903,15,,0,141,q3_square9_h1200_active,[],19391.086106170387,0,0.0,319.14781473333335,"[2, 3, 4, 5, 6, 7, 8, 9, 10, 11, 12, 13, 14, 16, 18]",3,69,15,ordinary,9,full_coverage_and_all_discovered_cleared,129,4787.217221,0.22200800001155585
27,0,True,edge__adversarial-negative__69,edge__adversarial-negative,15,15,15,155,0.25082199999999943,15,,0,138,q3_alternating9_active,[],20634.64016875552,0,0.0,334.3952022,"[2, 3, 4, 5, 6, 7, 8, 9, 10, 11, 12, 13, 14, 16, 18]",3,69,15,ordinary,9,full_coverage_and_all_discovered_cleared,124,5015.928033,0.2513872919953428
27,0,True,edge__adversarial-negative__69,edge__adversarial-negative,15,15,15,155,0.24285400000000834,15,,0,138,q3_alternating9_wide_active,[],19670.958735531593,0,0.0,321.5461162666667,"[2, 3, 4, 5, 6, 7, 8, 9, 10, 11, 12, 13, 14, 16, 18]",3,69,15,ordinary,9,full_coverage_and_all_discovered_cleared,124,4823.191744,0.24345391697715968
19,0,True,edge__adversarial-negative__70,edge__adversarial-negative,10,10,10,165,0.17315700000000334,10,,0,153,baseline_peer9_active,[],17840.74488456368,0,0.0,452.31489769999996,"[2, 3, 5, 10, 11, 13, 15, 16, 19, 20]",3,70,10,ordinary,9,full_coverage_and_all_discovered_cleared,140,4523.148977,0.1736745000234805
19,0,True,edge__adversarial-negative__70,edge__adversarial-negative,10,10,10,160,0.1777529999999956,10,,0,148,q3_square9_h860_active,[],16549.47226334089,0,0.0,423.3894453,"[2, 3, 5, 10, 11, 13, 15, 16, 19, 20]",3,70,10,ordinary,9,full_coverage_and_all_discovered_cleared,134,4233.894453,0.17819537495961413
18,0,True,edge__adversarial-negative__70,edge__adversarial-negative,10,10,10,159,0.16947799999999802,10,,0,147,q3_square9_h900_active,[],16504.81935257399,0,0.0,421.9963872,"[2, 3, 5, 10, 11, 13, 15, 16, 19, 20]",3,70,10,ordinary,9,full_coverage_and_all_discovered_cleared,134,4219.963872,0.16990729101235047
17,0,True,edge__adversarial-negative__70,edge__adversarial-negative,10,10,10,158,0.1540200000000027,10,,0,146,q3_square9_h1000_active,[],15883.9395318618,0,0.0,409.0787906,"[2, 3, 5, 10, 11, 13, 15, 16, 19, 20]",3,70,10,ordinary,9,full_coverage_and_all_discovered_cleared,134,4090.787906,0.1544335840153508
17,0,True,edge__adversarial-negative__70,edge__adversarial-negative,10,10,10,158,0.15193000000000723,10,,0,146,q3_square9_h1100_active,[],16013.006442350697,0,0.0,411.660129,"[2, 3, 5, 10, 11, 13, 15, 16, 19, 20]",3,70,10,ordinary,9,full_coverage_and_all_discovered_cleared,134,4116.60129,0.15249075001338497
15,0,True,edge__adversarial-negative__70,edge__adversarial-negative,10,10,10,157,0.13907299999999623,10,,0,145,q3_square9_h1200_active,[],16691.392142761506,0,0.0,424.8278428,"[2, 3, 5, 10, 11, 13, 15, 16, 19, 20]",3,70,10,ordinary,9,full_coverage_and_all_discovered_cleared,135,4248.278428,0.1393899589893408
19,0,True,edge__adversarial-negative__70,edge__adversarial-negative,10,10,10,166,0.17445299999999975,10,,0,154,q3_alternating9_active,[],15987.842189659023,0,0.0,415.756844,"[2, 3, 5, 10, 11, 13, 15, 16, 19, 20]",3,70,10,ordinary,9,full_coverage_and_all_discovered_cleared,140,4157.56844,0.1748676669667475
17,0,True,edge__adversarial-negative__70,edge__adversarial-negative,10,10,10,164,0.15224100000000362,10,,0,152,q3_alternating9_wide_active,[],15341.815624321984,0,0.0,401.8363129,"[2, 3, 5, 10, 11, 13, 15, 16, 19, 20]",3,70,10,ordinary,9,full_coverage_and_all_discovered_cleared,140,4018.363129,0.15260316600324586
21,0,True,edge__adversarial-negative__71,edge__adversarial-negative,12,12,12,151,0.19089999999999918,12,,0,137,baseline_peer9_active,[],17017.16020151205,0,0.0,355.86933675,"[1, 2, 4, 5, 7, 9, 10, 13, 17, 18, 19, 20]",3,71,12,ordinary,9,full_coverage_and_all_discovered_cleared,122,4270.432041,0.19147208298090845
24,0,True,edge__adversarial-negative__71,edge__adversarial-negative,12,12,12,170,0.22262399999999616,12,,0,156,q3_square9_h860_active,[],19556.478210813013,0,0.0,407.6079703333333,"[1, 2, 4, 5, 7, 9, 10, 13, 17, 18, 19, 20]",3,71,12,ordinary,9,full_coverage_and_all_discovered_cleared,140,4891.295644,0.22309754200978205
24,0,True,edge__adversarial-negative__71,edge__adversarial-negative,12,12,12,170,0.23403700000000072,12,,0,156,q3_square9_h900_active,[],19327.010548621223,0,0.0,403.78350900000004,"[1, 2, 4, 5, 7, 9, 10, 13, 17, 18, 19, 20]",3,71,12,ordinary,9,full_coverage_and_all_discovered_cleared,140,4845.402108,0.23609170800773427
24,0,True,edge__adversarial-negative__71,edge__adversarial-negative,12,12,12,170,0.23154300000000205,12,,0,156,q3_square9_h1000_active,[],18788.985379066155,0,0.0,394.8164233333334,"[1, 2, 4, 5, 7, 9, 10, 13, 17, 18, 19, 20]",3,71,12,ordinary,9,full_coverage_and_all_discovered_cleared,140,4737.79708,0.2322697089985013
22,0,True,edge__adversarial-negative__71,edge__adversarial-negative,12,12,12,168,0.19844499999999243,12,,0,154,q3_square9_h1100_active,[],18293.415955442473,0,0.0,385.72359916666665,"[1, 2, 4, 5, 7, 9, 10, 13, 17, 18, 19, 20]",3,71,12,ordinary,9,full_coverage_and_all_discovered_cleared,140,4628.68319,0.19885062501998618
20,0,True,edge__adversarial-negative__71,edge__adversarial-negative,12,12,12,167,0.17536499999999933,12,,0,153,q3_square9_h1200_active,[],18163.202821846397,0,0.0,383.13671358333335,"[1, 2, 4, 5, 7, 9, 10, 13, 17, 18, 19, 20]",3,71,12,ordinary,9,full_coverage_and_all_discovered_cleared,140,4597.640563,0.1757424999959767
22,0,True,edge__adversarial-negative__71,edge__adversarial-negative,12,12,12,151,0.20086400000000992,12,,0,137,q3_alternating9_active,[],18847.87935242861,0,0.0,386.29798933333336,"[1, 2, 4, 5, 7, 9, 10, 13, 17, 18, 19, 20]",3,71,12,ordinary,9,full_coverage_and_all_discovered_cleared,121,4635.575872,0.20135041698813438
21,0,True,edge__adversarial-negative__71,edge__adversarial-negative,12,12,12,150,0.1911659999999955,12,,0,136,q3_alternating9_wide_active,[],18202.237255709893,0,0.0,375.12062108333333,"[1, 2, 4, 5, 7, 9, 10, 13, 17, 18, 19, 20]",3,71,12,ordinary,9,full_coverage_and_all_discovered_cleared,121,4501.447453,0.1916847910033539
15,0,True,edge__adversarial-spatial__67,edge__adversarial-spatial,10,10,10,159,0.13140800000000752,10,,0,147,baseline_peer9_active,[],16407.15602524838,0,0.0,420.44312049999996,"[4, 5, 7, 8, 9, 10, 14, 15, 18, 19]",3,67,10,ordinary,9,full_coverage_and_all_discovered_cleared,138,4204.431205,0.13180762494448572
17,0,True,edge__adversarial-spatial__67,edge__adversarial-spatial,10,10,10,163,0.15782100000001265,10,,0,151,q3_square9_h860_active,[],17530.71183611366,0,0.0,445.21423649999997,"[4, 5, 7, 8, 9, 10, 14, 15, 18, 19]",3,67,10,ordinary,9,full_coverage_and_all_discovered_cleared,141,4452.142365,0.15829295897856355
15,0,True,edge__adversarial-spatial__67,edge__adversarial-spatial,10,10,10,161,0.12798999999999694,10,,0,149,q3_square9_h900_active,[],17321.114291834107,0,0.0,440.02228590000004,"[4, 5, 7, 8, 9, 10, 14, 15, 18, 19]",3,67,10,ordinary,9,full_coverage_and_all_discovered_cleared,141,4400.222859,0.1282531670294702
18,0,True,edge__adversarial-spatial__67,edge__adversarial-spatial,10,10,10,164,0.1590150000000108,10,,0,152,q3_square9_h1000_active,[],17400.605442405646,0,0.0,443.112109,"[4, 5, 7, 8, 9, 10, 14, 15, 18, 19]",3,67,10,ordinary,9,full_coverage_and_all_discovered_cleared,141,4431.12109,0.15955433301860467
17,0,True,edge__adversarial-spatial__67,edge__adversarial-spatial,10,10,10,162,0.14321999999999946,10,,0,150,q3_square9_h1100_active,[],16993.19512766946,0,0.0,433.9639023,"[4, 5, 7, 8, 9, 10, 14, 15, 18, 19]",3,67,10,ordinary,9,full_coverage_and_all_discovered_cleared,141,4339.639023,0.14355170901399106
18,0,True,edge__adversarial-spatial__67,edge__adversarial-spatial,10,10,10,163,0.1502710000000036,10,,0,151,q3_square9_h1200_active,[],17000.124342191884,0,0.0,434.6024867,"[4, 5, 7, 8, 9, 10, 14, 15, 18, 19]",3,67,10,ordinary,9,full_coverage_and_all_discovered_cleared,141,4346.024867,0.15069766697706655
18,0,True,edge__adversarial-spatial__67,edge__adversarial-spatial,10,10,10,165,0.15866199999999253,10,,0,153,q3_alternating9_active,[],16670.358939166676,0,0.0,429.2071787,"[4, 5, 7, 8, 9, 10, 14, 15, 18, 19]",3,67,10,ordinary,9,full_coverage_and_all_discovered_cleared,143,4292.071787,0.15922879200661555
17,0,True,edge__adversarial-spatial__67,edge__adversarial-spatial,10,10,10,164,0.14721399999999107,10,,0,152,q3_alternating9_wide_active,[],16111.992351802357,0,0.0,417.5398474,"[4, 5, 7, 8, 9, 10, 14, 15, 18, 19]",3,67,10,ordinary,9,full_coverage_and_all_discovered_cleared,143,4175.398474,0.14756241702707484
24,0,True,edge__adversarial-spatial__68,edge__adversarial-spatial,15,15,15,157,0.2138790000000057,15,,0,140,baseline_peer9_active,[],18914.37933190866,0,0.0,312.32505786666667,"[2, 4, 5, 6, 8, 9, 11, 12, 13, 14, 15, 16, 17, 19, 20]",3,68,15,ordinary,9,full_coverage_and_all_discovered_cleared,127,4684.875868,0.21437158400658518
27,0,True,edge__adversarial-spatial__68,edge__adversarial-spatial,15,15,15,158,0.2342429999999922,15,,0,141,q3_square9_h860_active,[],22126.499873008488,0,0.0,355.35333146666665,"[2, 4, 5, 6, 8, 9, 11, 12, 13, 14, 15, 16, 17, 19, 20]",3,68,15,ordinary,9,full_coverage_and_all_discovered_cleared,125,5330.299972,0.2347019999870099
29,0,True,edge__adversarial-spatial__68,edge__adversarial-spatial,15,15,15,160,0.26351999999999975,15,,0,143,q3_square9_h900_active,[],21769.395822437356,0,0.0,351.25861093333333,"[2, 4, 5, 6, 8, 9, 11, 12, 13, 14, 15, 16, 17, 19, 20]",3,68,15,ordinary,9,full_coverage_and_all_discovered_cleared,125,5268.879164,0.2640588330104947
28,0,True,edge__adversarial-spatial__68,edge__adversarial-spatial,15,15,15,152,0.25041900000000794,15,,0,135,q3_square9_h1000_active,[],21571.853338748417,0,0.0,345.4913778,"[2, 4, 5, 6, 8, 9, 11, 12, 13, 14, 15, 16, 17, 19, 20]",3,68,15,ordinary,9,full_coverage_and_all_discovered_cleared,118,5182.370667,0.2509498340077698
25,0,True,edge__adversarial-spatial__68,edge__adversarial-spatial,15,15,15,150,0.21384599999998954,15,,0,133,q3_square9_h1100_active,[],21281.152171388185,0,0.0,341.01536219999997,"[2, 4, 5, 6, 8, 9, 11, 12, 13, 14, 15, 16, 17, 19, 20]",3,68,15,ordinary,9,full_coverage_and_all_discovered_cleared,119,5115.230433,0.2142806249903515
25,0,True,edge__adversarial-spatial__68,edge__adversarial-spatial,15,15,15,151,0.22222200000000214,15,,0,134,q3_square9_h1200_active,[],20130.448174315123,0,0.0,326.07264219999996,"[2, 4, 5, 6, 8, 9, 11, 12, 13, 14, 15, 16, 17, 19, 20]",3,68,15,ordinary,9,full_coverage_and_all_discovered_cleared,120,4891.089633,0.22290854097809643
30,0,True,edge__adversarial-spatial__68,edge__adversarial-spatial,15,15,15,163,0.2764399999999938,15,,0,146,q3_alternating9_active,[],21786.72013158157,0,0.0,352.62293520000003,"[2, 4, 5, 6, 8, 9, 11, 12, 13, 14, 15, 16, 17, 19, 20]",3,68,15,ordinary,9,full_coverage_and_all_discovered_cleared,127,5289.344028,0.277280707960017
28,0,True,edge__adversarial-spatial__68,edge__adversarial-spatial,15,15,15,162,0.24704499999999996,15,,0,145,q3_alternating9_wide_active,[],20465.041981400333,0,0.0,334.7338932,"[2, 4, 5, 6, 8, 9, 11, 12, 13, 14, 15, 16, 17, 19, 20]",3,68,15,ordinary,9,full_coverage_and_all_discovered_cleared,128,5021.008398,0.2476912920246832
27,0,True,edge__adversarial-spatial__69,edge__adversarial-spatial,15,15,15,164,0.23202999999999463,15,,0,147,baseline_peer9_active,[],18512.4654683547,0,0.0,309.69953960000004,"[2, 3, 4, 5, 6, 7, 8, 9, 10, 11, 12, 13, 14, 16, 18]",3,69,15,ordinary,9,full_coverage_and_all_discovered_cleared,133,4645.493094,0.2326988329878077
30,0,True,edge__adversarial-spatial__69,edge__adversarial-spatial,15,15,15,161,0.27985499999999774,15,,0,144,q3_square9_h860_active,[],22444.03904378563,0,0.0,360.7205208,"[2, 3, 4, 5, 6, 7, 8, 9, 10, 11, 12, 13, 14, 16, 18]",3,69,15,ordinary,9,full_coverage_and_all_discovered_cleared,127,5410.807812,0.280587250017561
30,0,True,edge__adversarial-spatial__69,edge__adversarial-spatial,15,15,15,162,0.26596100000000433,15,,0,145,q3_square9_h900_active,[],21938.889141518674,0,0.0,354.3851886,"[2, 3, 4, 5, 6, 7, 8, 9, 10, 11, 12, 13, 14, 16, 18]",3,69,15,ordinary,9,full_coverage_and_all_discovered_cleared,128,5315.777829,0.26669779198709875
28,0,True,edge__adversarial-spatial__69,edge__adversarial-spatial,15,15,15,161,0.25023799999999596,15,,0,144,q3_square9_h1000_active,[],20980.09233416436,0,0.0,341.3345645333333,"[2, 3, 4, 5, 6, 7, 8, 9, 10, 11, 12, 13, 14, 16, 18]",3,69,15,ordinary,9,full_coverage_and_all_discovered_cleared,129,5120.018468,0.25093133305199444
27,0,True,edge__adversarial-spatial__69,edge__adversarial-spatial,15,15,15,160,0.24090100000000803,15,,0,143,q3_square9_h1100_active,[],19938.00577381293,0,0.0,327.1067435333333,"[2, 3, 4, 5, 6, 7, 8, 9, 10, 11, 12, 13, 14, 16, 18]",3,69,15,ordinary,9,full_coverage_and_all_discovered_cleared,129,4906.601153,0.24311404098989442
25,0,True,edge__adversarial-spatial__69,edge__adversarial-spatial,15,15,15,158,0.21114500000000191,15,,0,141,q3_square9_h1200_active,[],19244.04395058252,0,0.0,317.1872524,"[2, 3, 4, 5, 6, 7, 8, 9, 10, 11, 12, 13, 14, 16, 18]",3,69,15,ordinary,9,full_coverage_and_all_discovered_cleared,129,4757.808786,0.2115311659872532
26,0,True,edge__adversarial-spatial__69,edge__adversarial-spatial,15,15,15,154,0.23135800000000017,15,,0,137,q3_alternating9_active,[],21090.085296709614,0,0.0,340.13447046666664,"[2, 3, 4, 5, 6, 7, 8, 9, 10, 11, 12, 13, 14, 16, 18]",3,69,15,ordinary,9,full_coverage_and_all_discovered_cleared,124,5102.017057,0.23189883399754763
26,0,True,edge__adversarial-spatial__69,edge__adversarial-spatial,15,15,15,154,0.2325090000000074,15,,0,137,q3_alternating9_wide_active,[],19831.657563801655,0,0.0,323.3554342,"[2, 3, 4, 5, 6, 7, 8, 9, 10, 11, 12, 13, 14, 16, 18]",3,69,15,ordinary,9,full_coverage_and_all_discovered_cleared,124,4850.331513,0.23367166699608788
18,0,True,edge__adversarial-spatial__70,edge__adversarial-spatial,10,10,10,164,0.15689899999999568,10,,0,152,baseline_peer9_active,[],17957.93366034157,0,0.0,454.15867340000005,"[2, 3, 5, 10, 11, 13, 15, 16, 19, 20]",3,70,10,ordinary,9,full_coverage_and_all_discovered_cleared,140,4541.586734,0.1574318339698948
19,0,True,edge__adversarial-spatial__70,edge__adversarial-spatial,10,10,10,160,0.16861400000000515,10,,0,148,q3_square9_h860_active,[],16980.994738173613,0,0.0,432.01989489999994,"[2, 3, 5, 10, 11, 13, 15, 16, 19, 20]",3,70,10,ordinary,9,full_coverage_and_all_discovered_cleared,134,4320.198949,0.1691056659910828
19,0,True,edge__adversarial-spatial__70,edge__adversarial-spatial,10,10,10,160,0.17470200000001057,10,,0,148,q3_square9_h900_active,[],16769.229612640625,0,0.0,427.7845925,"[2, 3, 5, 10, 11, 13, 15, 16, 19, 20]",3,70,10,ordinary,9,full_coverage_and_all_discovered_cleared,134,4277.845925,0.17516820796299726
18,0,True,edge__adversarial-spatial__70,edge__adversarial-spatial,10,10,10,159,0.15567099999999812,10,,0,147,q3_square9_h1000_active,[],16484.424090464163,0,0.0,421.5884819,"[2, 3, 5, 10, 11, 13, 15, 16, 19, 20]",3,70,10,ordinary,9,full_coverage_and_all_discovered_cleared,134,4215.884819,0.15604754100786522
17,0,True,edge__adversarial-spatial__70,edge__adversarial-spatial,10,10,10,158,0.15077599999999336,10,,0,146,q3_square9_h1100_active,[],16134.944837991114,0,0.0,414.0988966,"[2, 3, 5, 10, 11, 13, 15, 16, 19, 20]",3,70,10,ordinary,9,full_coverage_and_all_discovered_cleared,134,4140.988966,0.15112383296946064
16,0,True,edge__adversarial-spatial__70,edge__adversarial-spatial,10,10,10,158,0.14683300000000088,10,,0,146,q3_square9_h1200_active,[],16784.154594406227,0,0.0,427.18309179999994,"[2, 3, 5, 10, 11, 13, 15, 16, 19, 20]",3,70,10,ordinary,9,full_coverage_and_all_discovered_cleared,135,4271.830918,0.1472587080206722
18,0,True,edge__adversarial-spatial__70,edge__adversarial-spatial,10,10,10,165,0.15751799999999605,10,,0,153,q3_alternating9_active,[],16130.628995180656,0,0.0,418.1125801,"[2, 3, 5, 10, 11, 13, 15, 16, 19, 20]",3,70,10,ordinary,9,full_coverage_and_all_discovered_cleared,140,4181.125801,0.15784712502500042
17,0,True,edge__adversarial-spatial__70,edge__adversarial-spatial,10,10,10,164,0.1535820000000001,10,,0,152,q3_alternating9_wide_active,[],15574.789538953326,0,0.0,406.49579090000003,"[2, 3, 5, 10, 11, 13, 15, 16, 19, 20]",3,70,10,ordinary,9,full_coverage_and_all_discovered_cleared,140,4064.957909,0.153989415965043
20,0,True,edge__adversarial-spatial__71,edge__adversarial-spatial,12,12,12,150,0.17682200000000137,12,,0,136,baseline_peer9_active,[],17023.9289014413,0,0.0,355.5654818333333,"[1, 2, 4, 5, 7, 9, 10, 13, 17, 18, 19, 20]",3,71,12,ordinary,9,full_coverage_and_all_discovered_cleared,122,4266.785782,0.17720462498255074
24,0,True,edge__adversarial-spatial__71,edge__adversarial-spatial,12,12,12,170,0.21779999999999688,12,,0,156,q3_square9_h860_active,[],19598.31050435117,0,0.0,408.3051751666667,"[1, 2, 4, 5, 7, 9, 10, 13, 17, 18, 19, 20]",3,71,12,ordinary,9,full_coverage_and_all_discovered_cleared,140,4899.662102,0.21829691698076203
24,0,True,edge__adversarial-spatial__71,edge__adversarial-spatial,12,12,12,170,0.21691699999999514,12,,0,156,q3_square9_h900_active,[],19523.832371718672,0,0.0,407.0638725833333,"[1, 2, 4, 5, 7, 9, 10, 13, 17, 18, 19, 20]",3,71,12,ordinary,9,full_coverage_and_all_discovered_cleared,140,4884.766471,0.21742162498412654
25,0,True,edge__adversarial-spatial__71,edge__adversarial-spatial,12,12,12,171,0.22971199999999214,12,,0,157,q3_square9_h1000_active,[],18974.81013314031,0,0.0,398.3301690833334,"[1, 2, 4, 5, 7, 9, 10, 13, 17, 18, 19, 20]",3,71,12,ordinary,9,full_coverage_and_all_discovered_cleared,140,4779.962029,0.23028625000733882
22,0,True,edge__adversarial-spatial__71,edge__adversarial-spatial,12,12,12,168,0.18748399999999776,12,,0,154,q3_square9_h1100_active,[],18341.121344647603,0,0.0,386.51868891666663,"[1, 2, 4, 5, 7, 9, 10, 13, 17, 18, 19, 20]",3,71,12,ordinary,9,full_coverage_and_all_discovered_cleared,140,4638.224267,0.18793429096695036
20,0,True,edge__adversarial-spatial__71,edge__adversarial-spatial,12,12,12,167,0.17365600000000825,12,,0,153,q3_square9_h1200_active,[],18459.955860625032,0,0.0,388.08259741666666,"[1, 2, 4, 5, 7, 9, 10, 13, 17, 18, 19, 20]",3,71,12,ordinary,9,full_coverage_and_all_discovered_cleared,140,4656.991169,0.17405475000850856
21,0,True,edge__adversarial-spatial__71,edge__adversarial-spatial,12,12,12,150,0.18498400000000004,12,,0,136,q3_alternating9_active,[],18703.627616594567,0,0.0,383.47712666666666,"[1, 2, 4, 5, 7, 9, 10, 13, 17, 18, 19, 20]",3,71,12,ordinary,9,full_coverage_and_all_discovered_cleared,121,4601.72552,0.18537620798451826
21,0,True,edge__adversarial-spatial__71,edge__adversarial-spatial,12,12,12,150,0.18295600000000434,12,,0,136,q3_alternating9_wide_active,[],18318.110379802107,0,0.0,377.05183958333333,"[1, 2, 4, 5, 7, 9, 10, 13, 17, 18, 19, 20]",3,71,12,ordinary,9,full_coverage_and_all_discovered_cleared,121,4524.622075,0.18333745800191537
20,0,True,clustered__iid__67,clustered__iid,10,10,10,138,0.1660230000000098,10,,0,126,baseline_peer9_active,[],17531.745660790853,0,0.0,429.5349134,"[4, 5, 7, 8, 9, 10, 14, 15, 18, 19]",3,67,10,ordinary,9,full_coverage_and_all_discovered_cleared,109,4295.349134,0.1663386250147596
20,0,True,clustered__iid__67,clustered__iid,10,10,10,147,0.1640950000000032,10,,0,135,q3_square9_h860_active,[],16491.811658634986,0,0.0,414.1362332,"[4, 5, 7, 8, 9, 10, 14, 15, 18, 19]",3,67,10,ordinary,9,full_coverage_and_all_discovered_cleared,118,4141.362332,0.16441912500886247
20,0,True,clustered__iid__67,clustered__iid,10,10,10,147,0.16619700000001103,10,,0,135,q3_square9_h900_active,[],16602.030312397437,0,0.0,416.34060639999996,"[4, 5, 7, 8, 9, 10, 14, 15, 18, 19]",3,67,10,ordinary,9,full_coverage_and_all_discovered_cleared,118,4163.406064,0.1667345830355771
19,0,True,clustered__iid__67,clustered__iid,10,10,10,146,0.1621059999999943,10,,0,134,q3_square9_h1000_active,[],16930.214368217195,0,0.0,422.4042873,"[4, 5, 7, 8, 9, 10, 14, 15, 18, 19]",3,67,10,ordinary,9,full_coverage_and_all_discovered_cleared,118,4224.042873,0.16247899999143556
19,0,True,clustered__iid__67,clustered__iid,10,10,10,146,0.15775899999999865,10,,0,134,q3_square9_h1100_active,[],17357.407568765928,0,0.0,430.94815150000005,"[4, 5, 7, 8, 9, 10, 14, 15, 18, 19]",3,67,10,ordinary,9,full_coverage_and_all_discovered_cleared,118,4309.481515,0.15821683296235278
19,0,True,clustered__iid__67,clustered__iid,10,10,10,146,0.15697400000000528,10,,0,134,q3_square9_h1200_active,[],17856.457725188084,0,0.0,440.92915460000006,"[4, 5, 7, 8, 9, 10, 14, 15, 18, 19]",3,67,10,ordinary,9,full_coverage_and_all_discovered_cleared,118,4409.291546,0.1575015830458142
20,0,True,clustered__iid__67,clustered__iid,10,10,10,135,0.16751499999999453,10,,0,123,q3_alternating9_active,[],19603.055764933735,0,0.0,469.16111549999994,"[4, 5, 7, 8, 9, 10, 14, 15, 18, 19]",3,67,10,ordinary,9,full_coverage_and_all_discovered_cleared,106,4691.611155,0.16795695800101385
20,0,True,clustered__iid__67,clustered__iid,10,10,10,135,0.1693389999999937,10,,0,123,q3_alternating9_wide_active,[],19651.7897146669,0,0.0,470.1357945,"[4, 5, 7, 8, 9, 10, 14, 15, 18, 19]",3,67,10,ordinary,9,full_coverage_and_all_discovered_cleared,106,4701.357945,0.16986504098167643
21,0,True,clustered__iid__68,clustered__iid,15,15,15,159,0.17014799999999752,15,,0,142,baseline_peer9_active,[],16945.60296611555,0,0.0,286.94137293333335,"[2, 4, 5, 6, 8, 9, 11, 12, 13, 14, 15, 16, 17, 19, 20]",3,68,15,ordinary,9,full_coverage_and_all_discovered_cleared,130,4304.120594,0.17053704196587205
24,0,True,clustered__iid__68,clustered__iid,15,15,15,110,0.1970020000000119,15,,0,93,q3_square9_h860_active,[],17343.194677512176,0,0.0,272.37592906666663,"[2, 4, 5, 6, 8, 9, 11, 12, 13, 14, 15, 16, 17, 19, 20]",3,68,15,ordinary,9,full_coverage_and_all_discovered_cleared,77,4085.638936,0.1990615829708986
23,0,True,clustered__iid__68,clustered__iid,15,15,15,109,0.18842600000000687,15,,0,92,q3_square9_h900_active,[],17034.836129955424,0,0.0,267.9311484666667,"[2, 4, 5, 6, 8, 9, 11, 12, 13, 14, 15, 16, 17, 19, 20]",3,68,15,ordinary,9,full_coverage_and_all_discovered_cleared,77,4018.967227,0.18896145798498765
21,0,True,clustered__iid__68,clustered__iid,15,15,15,107,0.17872500000000002,15,,0,90,q3_square9_h1000_active,[],17365.241705630517,0,0.0,271.66988953333333,"[2, 4, 5, 6, 8, 9, 11, 12, 13, 14, 15, 16, 17, 19, 20]",3,68,15,ordinary,9,full_coverage_and_all_discovered_cleared,77,4075.048343,0.17912395799066871
19,0,True,clustered__iid__68,clustered__iid,15,15,15,105,0.14810400000000357,15,,0,88,q3_square9_h1100_active,[],17507.609633779546,0,0.0,272.9014618666667,"[2, 4, 5, 6, 8, 9, 11, 12, 13, 14, 15, 16, 17, 19, 20]",3,68,15,ordinary,9,full_coverage_and_all_discovered_cleared,77,4093.521928,0.1484192080097273
19,0,True,clustered__iid__68,clustered__iid,15,15,15,105,0.1474759999999975,15,,0,88,q3_square9_h1200_active,[],17886.749233759503,0,0.0,277.9566564,"[2, 4, 5, 6, 8, 9, 11, 12, 13, 14, 15, 16, 17, 19, 20]",3,68,15,ordinary,9,full_coverage_and_all_discovered_cleared,77,4169.349846,0.14777174999471754
25,0,True,clustered__iid__68,clustered__iid,15,15,15,129,0.21083999999999037,15,,0,112,q3_alternating9_active,[],19725.320676062467,0,0.0,311.6709424,"[2, 4, 5, 6, 8, 9, 11, 12, 13, 14, 15, 16, 17, 19, 20]",3,68,15,ordinary,9,full_coverage_and_all_discovered_cleared,95,4675.064136,0.2114104579668492
25,0,True,clustered__iid__68,clustered__iid,15,15,15,129,0.21014399999999966,15,,0,112,q3_alternating9_wide_active,[],19404.005033689675,0,0.0,307.386734,"[2, 4, 5, 6, 8, 9, 11, 12, 13, 14, 15, 16, 17, 19, 20]",3,68,15,ordinary,9,full_coverage_and_all_discovered_cleared,95,4610.80101,0.21070366696221754
29,0,True,clustered__iid__69,clustered__iid,15,15,15,116,0.22548600000000363,15,,0,99,baseline_peer9_active,[],22247.468171282133,0,0.0,339.89957553333335,"[2, 3, 4, 5, 6, 7, 8, 9, 10, 11, 12, 13, 14, 16, 18]",3,69,15,ordinary,9,full_coverage_and_all_discovered_cleared,79,5098.493633,0.22652329097036272
29,0,True,clustered__iid__69,clustered__iid,15,15,15,115,0.2311949999999996,15,,0,98,q3_square9_h860_active,[],21039.474995239452,0,0.0,323.32633319999997,"[2, 3, 4, 5, 6, 7, 8, 9, 10, 11, 12, 13, 14, 16, 18]",3,69,15,ordinary,9,full_coverage_and_all_discovered_cleared,77,4849.894998,0.23194279096787795
29,0,True,clustered__iid__69,clustered__iid,15,15,15,115,0.23259399999999175,15,,0,98,q3_square9_h900_active,[],21248.27986925508,0,0.0,326.1103980666667,"[2, 3, 4, 5, 6, 7, 8, 9, 10, 11, 12, 13, 14, 16, 18]",3,69,15,ordinary,9,full_coverage_and_all_discovered_cleared,77,4891.655971,0.23303250002209097
28,0,True,clustered__iid__69,clustered__iid,15,15,15,114,0.21844500000000266,15,,0,97,q3_square9_h1000_active,[],21925.488548548943,0,0.0,334.8065138,"[2, 3, 4, 5, 6, 7, 8, 9, 10, 11, 12, 13, 14, 16, 18]",3,69,15,ordinary,9,full_coverage_and_all_discovered_cleared,77,5022.097707,0.21899233298609033
28,0,True,clustered__iid__69,clustered__iid,15,15,15,114,0.22178700000000617,15,,0,97,q3_square9_h1100_active,[],22225.21842330599,0,0.0,338.80291213333334,"[2, 3, 4, 5, 6, 7, 8, 9, 10, 11, 12, 13, 14, 16, 18]",3,69,15,ordinary,9,full_coverage_and_all_discovered_cleared,77,5082.043682,0.22230908303754404
28,0,True,clustered__iid__69,clustered__iid,15,15,15,114,0.21736900000000503,15,,0,97,q3_square9_h1200_active,[],23048.94825974042,0,0.0,349.7859766,"[2, 3, 4, 5, 6, 7, 8, 9, 10, 11, 12, 13, 14, 16, 18]",3,69,15,ordinary,9,full_coverage_and_all_discovered_cleared,77,5246.789649,0.2178224590024911
30,0,True,clustered__iid__69,clustered__iid,15,15,15,125,0.24169700000000205,15,,0,108,q3_alternating9_active,[],21686.77600647347,0,0.0,335.8903466666667,"[2, 3, 4, 5, 6, 7, 8, 9, 10, 11, 12, 13, 14, 16, 18]",3,69,15,ordinary,9,full_coverage_and_all_discovered_cleared,86,5038.3552,0.2422169170458801
30,0,True,clustered__iid__69,clustered__iid,15,15,15,125,0.23795700000000863,15,,0,108,q3_alternating9_wide_active,[],21759.266143338347,0,0.0,336.85688186666664,"[2, 3, 4, 5, 6, 7, 8, 9, 10, 11, 12, 13, 14, 16, 18]",3,69,15,ordinary,9,full_coverage_and_all_discovered_cleared,86,5052.853228,0.23862929199822247
19,0,True,clustered__iid__70,clustered__iid,10,10,10,144,0.15228799999999865,10,,0,132,baseline_peer9_active,[],18506.95903610009,0,0.0,452.8391808,"[2, 3, 5, 10, 11, 13, 15, 16, 19, 20]",3,70,10,ordinary,9,full_coverage_and_all_discovered_cleared,117,4528.391808,0.15268545801518485
18,0,True,clustered__iid__70,clustered__iid,10,10,10,136,0.14220500000000413,10,,0,124,q3_square9_h860_active,[],18398.27780900549,0,0.0,445.8655562,"[2, 3, 5, 10, 11, 13, 15, 16, 19, 20]",3,70,10,ordinary,9,full_coverage_and_all_discovered_cleared,109,4458.655562,0.14257383299991488
18,0,True,clustered__iid__70,clustered__iid,10,10,10,137,0.145899,10,,0,125,q3_square9_h900_active,[],18461.41655285676,0,0.0,447.72833090000006,"[2, 3, 5, 10, 11, 13, 15, 16, 19, 20]",3,70,10,ordinary,9,full_coverage_and_all_discovered_cleared,110,4477.283309,0.14637837500777096
17,0,True,clustered__iid__70,clustered__iid,10,10,10,136,0.1361259999999902,10,,0,124,q3_square9_h1000_active,[],18850.715761234886,0,0.0,455.01431519999994,"[2, 3, 5, 10, 11, 13, 15, 16, 19, 20]",3,70,10,ordinary,9,full_coverage_and_all_discovered_cleared,110,4550.143152,0.13643654197221622
17,0,True,clustered__iid__70,clustered__iid,10,10,10,136,0.13701299999999605,10,,0,124,q3_square9_h1100_active,[],19840.917290383513,0,0.0,474.81834580000003,"[2, 3, 5, 10, 11, 13, 15, 16, 19, 20]",3,70,10,ordinary,9,full_coverage_and_all_discovered_cleared,110,4748.183458,0.13725883304141462
16,0,True,clustered__iid__70,clustered__iid,10,10,10,136,0.13005799999999113,10,,0,124,q3_square9_h1200_active,[],19479.832806467224,0,0.0,467.69665599999996,"[2, 3, 5, 10, 11, 13, 15, 16, 19, 20]",3,70,10,ordinary,9,full_coverage_and_all_discovered_cleared,111,4676.96656,0.13033458398422226
18,0,True,clustered__iid__70,clustered__iid,10,10,10,145,0.14944799999999248,10,,0,133,q3_alternating9_active,[],17473.5475661035,0,0.0,432.7709511,"[2, 3, 5, 10, 11, 13, 15, 16, 19, 20]",3,70,10,ordinary,9,full_coverage_and_all_discovered_cleared,118,4327.709511,0.14977291598916054
18,0,True,clustered__iid__70,clustered__iid,10,10,10,145,0.14983399999999847,10,,0,133,q3_alternating9_wide_active,[],17585.618948485266,0,0.0,435.0123791,"[2, 3, 5, 10, 11, 13, 15, 16, 19, 20]",3,70,10,ordinary,9,full_coverage_and_all_discovered_cleared,118,4350.123791,0.15024204197106883
20,0,True,clustered__iid__71,clustered__iid,12,12,12,143,0.15679899999999236,12,,0,129,baseline_peer9_active,[],18931.813563459877,0,0.0,383.7802260833334,"[1, 2, 4, 5, 7, 9, 10, 13, 17, 18, 19, 20]",3,71,12,ordinary,9,full_coverage_and_all_discovered_cleared,114,4605.362713,0.15721899998607114
20,0,True,clustered__iid__71,clustered__iid,12,12,12,132,0.16093399999999747,12,,0,118,q3_square9_h860_active,[],18679.352471250302,0,0.0,374.15587458333334,"[1, 2, 4, 5, 7, 9, 10, 13, 17, 18, 19, 20]",3,71,12,ordinary,9,full_coverage_and_all_discovered_cleared,104,4489.870495,0.16143154096789658
20,0,True,clustered__iid__71,clustered__iid,12,12,12,132,0.16952100000000314,12,,0,118,q3_square9_h900_active,[],19003.102176819677,0,0.0,379.55170300000003,"[1, 2, 4, 5, 7, 9, 10, 13, 17, 18, 19, 20]",3,71,12,ordinary,9,full_coverage_and_all_discovered_cleared,104,4554.620436,0.170196124992799
20,0,True,clustered__iid__71,clustered__iid,12,12,12,132,0.16510399999999947,12,,0,118,q3_square9_h1000_active,[],20330.91462570846,0,0.0,401.6819105833333,"[1, 2, 4, 5, 7, 9, 10, 13, 17, 18, 19, 20]",3,71,12,ordinary,9,full_coverage_and_all_discovered_cleared,104,4820.182927,0.16551583301043138
21,0,True,clustered__iid__71,clustered__iid,12,12,12,133,0.16963099999999542,12,,0,119,q3_square9_h1100_active,[],21158.505787854836,0,0.0,415.8917633333333,"[1, 2, 4, 5, 7, 9, 10, 13, 17, 18, 19, 20]",3,71,12,ordinary,9,full_coverage_and_all_discovered_cleared,104,4990.70116,0.17007154098246247
21,0,True,clustered__iid__71,clustered__iid,12,12,12,139,0.1782389999999907,12,,0,125,q3_square9_h1200_active,[],21067.886666733062,0,0.0,417.4647778333333,"[1, 2, 4, 5, 7, 9, 10, 13, 17, 18, 19, 20]",3,71,12,ordinary,9,full_coverage_and_all_discovered_cleared,111,5009.577334,0.18044966697925702
18,0,True,clustered__iid__71,clustered__iid,12,12,12,129,0.1474759999999975,12,,0,115,q3_alternating9_active,[],18972.53302928815,0,0.0,377.62555066666664,"[1, 2, 4, 5, 7, 9, 10, 13, 17, 18, 19, 20]",3,71,12,ordinary,9,full_coverage_and_all_discovered_cleared,102,4531.506608,0.14782675000606105
18,0,True,clustered__iid__71,clustered__iid,12,12,12,129,0.1485229999999973,12,,0,115,q3_alternating9_wide_active,[],19214.312107554884,0,0.0,381.6552019166666,"[1, 2, 4, 5, 7, 9, 10, 13, 17, 18, 19, 20]",3,71,12,ordinary,9,full_coverage_and_all_discovered_cleared,102,4579.862423,0.14886820898391306
20,0,True,clustered__smooth__67,clustered__smooth,10,10,10,138,0.16545099999999024,10,,0,126,baseline_peer9_active,[],17787.472040044086,0,0.0,434.6494408,"[4, 5, 7, 8, 9, 10, 14, 15, 18, 19]",3,67,10,ordinary,9,full_coverage_and_all_discovered_cleared,109,4346.494408,0.1659407499828376
20,0,True,clustered__smooth__67,clustered__smooth,10,10,10,147,0.16665000000000418,10,,0,135,q3_square9_h860_active,[],16738.094090855844,0,0.0,419.06188199999997,"[4, 5, 7, 8, 9, 10, 14, 15, 18, 19]",3,67,10,ordinary,9,full_coverage_and_all_discovered_cleared,118,4190.61882,0.16699779202463105
20,0,True,clustered__smooth__67,clustered__smooth,10,10,10,147,0.16734399999999994,10,,0,135,q3_square9_h900_active,[],16874.337207055876,0,0.0,421.7867441,"[4, 5, 7, 8, 9, 10, 14, 15, 18, 19]",3,67,10,ordinary,9,full_coverage_and_all_discovered_cleared,118,4217.867441,0.1677479170029983
19,0,True,clustered__smooth__67,clustered__smooth,10,10,10,146,0.1570779999999985,10,,0,134,q3_square9_h1000_active,[],17225.77502332891,0,0.0,428.3155004,"[4, 5, 7, 8, 9, 10, 14, 15, 18, 19]",3,67,10,ordinary,9,full_coverage_and_all_discovered_cleared,118,4283.155004,0.15737016597995535
19,0,True,clustered__smooth__67,clustered__smooth,10,10,10,146,0.15732100000001026,10,,0,134,q3_square9_h1100_active,[],17647.8184276999,0,0.0,436.7563685,"[4, 5, 7, 8, 9, 10, 14, 15, 18, 19]",3,67,10,ordinary,9,full_coverage_and_all_discovered_cleared,118,4367.563685,0.15770095901098102
19,0,True,clustered__smooth__67,clustered__smooth,10,10,10,146,0.1581949999999921,10,,0,134,q3_square9_h1200_active,[],18150.992425283548,0,0.0,446.8198485,"[4, 5, 7, 8, 9, 10, 14, 15, 18, 19]",3,67,10,ordinary,9,full_coverage_and_all_discovered_cleared,118,4468.198485,0.15856512496247888
20,0,True,clustered__smooth__67,clustered__smooth,10,10,10,135,0.16905599999999765,10,,0,123,q3_alternating9_active,[],19887.503358639173,0,0.0,474.8500673,"[4, 5, 7, 8, 9, 10, 14, 15, 18, 19]",3,67,10,ordinary,9,full_coverage_and_all_discovered_cleared,106,4748.500673,0.1694774170173332
20,0,True,clustered__smooth__67,clustered__smooth,10,10,10,135,0.17203800000000058,10,,0,123,q3_alternating9_wide_active,[],19965.710810310127,0,0.0,476.4142164,"[4, 5, 7, 8, 9, 10, 14, 15, 18, 19]",3,67,10,ordinary,9,full_coverage_and_all_discovered_cleared,106,4764.142164,0.1723842910141684
20,0,True,clustered__smooth__68,clustered__smooth,15,15,15,158,0.15820200000000284,15,,0,141,baseline_peer9_active,[],18477.222919833035,0,0.0,307.02963900000003,"[2, 4, 5, 6, 8, 9, 11, 12, 13, 14, 15, 16, 17, 19, 20]",3,68,15,ordinary,9,full_coverage_and_all_discovered_cleared,130,4605.444585,0.15847391600254923
24,0,True,clustered__smooth__68,clustered__smooth,15,15,15,110,0.1949639999999988,15,,0,93,q3_square9_h860_active,[],17925.53450375182,0,0.0,280.14046013333336,"[2, 4, 5, 6, 8, 9, 11, 12, 13, 14, 15, 16, 17, 19, 20]",3,68,15,ordinary,9,full_coverage_and_all_discovered_cleared,77,4202.106902,0.1954000840196386
23,0,True,clustered__smooth__68,clustered__smooth,15,15,15,109,0.19008200000000386,15,,0,92,q3_square9_h900_active,[],17913.194156655234,0,0.0,279.6425888,"[2, 4, 5, 6, 8, 9, 11, 12, 13, 14, 15, 16, 17, 19, 20]",3,68,15,ordinary,9,full_coverage_and_all_discovered_cleared,77,4194.638832,0.1905720410286449
20,0,True,clustered__smooth__68,clustered__smooth,15,15,15,106,0.15925399999999001,15,,0,89,q3_square9_h1000_active,[],18047.041592108784,0,0.0,280.42722126666666,"[2, 4, 5, 6, 8, 9, 11, 12, 13, 14, 15, 16, 17, 19, 20]",3,68,15,ordinary,9,full_coverage_and_all_discovered_cleared,77,4206.408319,0.1596362090203911
19,0,True,clustered__smooth__68,clustered__smooth,15,15,15,105,0.14948899999998844,15,,0,88,q3_square9_h1100_active,[],18264.0506280251,0,0.0,282.9873416,"[2, 4, 5, 6, 8, 9, 11, 12, 13, 14, 15, 16, 17, 19, 20]",3,68,15,ordinary,9,full_coverage_and_all_discovered_cleared,77,4244.810124,0.14979991602012888
19,0,True,clustered__smooth__68,clustered__smooth,15,15,15,105,0.14796800000000587,15,,0,88,q3_square9_h1200_active,[],18609.891988084404,0,0.0,287.5985598,"[2, 4, 5, 6, 8, 9, 11, 12, 13, 14, 15, 16, 17, 19, 20]",3,68,15,ordinary,9,full_coverage_and_all_discovered_cleared,77,4313.978397,0.14832020801259205
25,0,True,clustered__smooth__68,clustered__smooth,15,15,15,129,0.20803800000000194,15,,0,112,q3_alternating9_active,[],19990.157941073307,0,0.0,315.20210593333337,"[2, 4, 5, 6, 8, 9, 11, 12, 13, 14, 15, 16, 17, 19, 20]",3,68,15,ordinary,9,full_coverage_and_all_discovered_cleared,95,4728.031589,0.20853299996815622
25,0,True,clustered__smooth__68,clustered__smooth,15,15,15,129,0.20615300000000047,15,,0,112,q3_alternating9_wide_active,[],19799.905710463245,0,0.0,312.66540946666663,"[2, 4, 5, 6, 8, 9, 11, 12, 13, 14, 15, 16, 17, 19, 20]",3,68,15,ordinary,9,full_coverage_and_all_discovered_cleared,95,4689.981142,0.20663937501376495
29,0,True,clustered__smooth__69,clustered__smooth,15,15,15,116,0.2341509999999971,15,,0,99,baseline_peer9_active,[],23192.762254680234,0,0.0,352.5034968,"[2, 3, 4, 5, 6, 7, 8, 9, 10, 11, 12, 13, 14, 16, 18]",3,69,15,ordinary,9,full_coverage_and_all_discovered_cleared,79,5287.552452,0.2364077499951236
29,0,True,clustered__smooth__69,clustered__smooth,15,15,15,115,0.22792900000000316,15,,0,98,q3_square9_h860_active,[],21083.372928866385,0,0.0,323.9116390666667,"[2, 3, 4, 5, 6, 7, 8, 9, 10, 11, 12, 13, 14, 16, 18]",3,69,15,ordinary,9,full_coverage_and_all_discovered_cleared,77,4858.674586,0.22836333303712308
29,0,True,clustered__smooth__69,clustered__smooth,15,15,15,115,0.23024099999999237,15,,0,98,q3_square9_h900_active,[],21305.25377538536,0,0.0,326.87005039999997,"[2, 3, 4, 5, 6, 7, 8, 9, 10, 11, 12, 13, 14, 16, 18]",3,69,15,ordinary,9,full_coverage_and_all_discovered_cleared,77,4903.050756,0.23087545798625797
28,0,True,clustered__smooth__69,clustered__smooth,15,15,15,114,0.2158539999999931,15,,0,97,q3_square9_h1000_active,[],21923.230428021317,0,0.0,334.7764058,"[2, 3, 4, 5, 6, 7, 8, 9, 10, 11, 12, 13, 14, 16, 18]",3,69,15,ordinary,9,full_coverage_and_all_discovered_cleared,77,5021.646087,0.2163405420142226
28,0,True,clustered__smooth__69,clustered__smooth,15,15,15,114,0.21937899999998933,15,,0,97,q3_square9_h1100_active,[],22145.633712560917,0,0.0,337.7417828,"[2, 3, 4, 5, 6, 7, 8, 9, 10, 11, 12, 13, 14, 16, 18]",3,69,15,ordinary,9,full_coverage_and_all_discovered_cleared,77,5066.126742,0.2201405829982832
29,0,True,clustered__smooth__69,clustered__smooth,15,15,15,115,0.22811699999999746,15,,0,98,q3_square9_h1200_active,[],22958.84930081476,0,0.0,348.91799073333334,"[2, 3, 4, 5, 6, 7, 8, 9, 10, 11, 12, 13, 14, 16, 18]",3,69,15,ordinary,9,full_coverage_and_all_discovered_cleared,77,5233.769861,0.2288097909768112
30,0,True,clustered__smooth__69,clustered__smooth,15,15,15,125,0.2360659999999939,15,,0,108,q3_alternating9_active,[],22965.640105370403,0,0.0,352.94186826666663,"[2, 3, 4, 5, 6, 7, 8, 9, 10, 11, 12, 13, 14, 16, 18]",3,69,15,ordinary,9,full_coverage_and_all_discovered_cleared,86,5294.128024,0.23664916696725413
30,0,True,clustered__smooth__69,clustered__smooth,15,15,15,125,0.24475499999999784,15,,0,108,q3_alternating9_wide_active,[],23107.047216930856,0,0.0,354.8272963333333,"[2, 3, 4, 5, 6, 7, 8, 9, 10, 11, 12, 13, 14, 16, 18]",3,69,15,ordinary,9,full_coverage_and_all_discovered_cleared,86,5322.409445,0.24705054197693244
19,0,True,clustered__smooth__70,clustered__smooth,10,10,10,144,0.15103899999999726,10,,0,132,baseline_peer9_active,[],18471.81075649978,0,0.0,452.1362153,"[2, 3, 5, 10, 11, 13, 15, 16, 19, 20]",3,70,10,ordinary,9,full_coverage_and_all_discovered_cleared,117,4521.362153,0.15134666697122157
18,0,True,clustered__smooth__70,clustered__smooth,10,10,10,136,0.14171299999999576,10,,0,124,q3_square9_h860_active,[],18357.31412917145,0,0.0,445.04628249999996,"[2, 3, 5, 10, 11, 13, 15, 16, 19, 20]",3,70,10,ordinary,9,full_coverage_and_all_discovered_cleared,109,4450.462825,0.1420034589827992
17,0,True,clustered__smooth__70,clustered__smooth,10,10,10,136,0.13538299999999026,10,,0,124,q3_square9_h900_active,[],18491.693460879862,0,0.0,447.8338691,"[2, 3, 5, 10, 11, 13, 15, 16, 19, 20]",3,70,10,ordinary,9,full_coverage_and_all_discovered_cleared,110,4478.338691,0.1356205409974791
17,0,True,clustered__smooth__70,clustered__smooth,10,10,10,136,0.13799500000000364,10,,0,124,q3_square9_h1000_active,[],18862.522842998136,0,0.0,455.2504567,"[2, 3, 5, 10, 11, 13, 15, 16, 19, 20]",3,70,10,ordinary,9,full_coverage_and_all_discovered_cleared,110,4552.504567,0.13840854103909805
17,0,True,clustered__smooth__70,clustered__smooth,10,10,10,136,0.13750100000000032,10,,0,124,q3_square9_h1100_active,[],19689.366607912383,0,0.0,471.7873321,"[2, 3, 5, 10, 11, 13, 15, 16, 19, 20]",3,70,10,ordinary,9,full_coverage_and_all_discovered_cleared,110,4717.873321,0.13786766701377928
17,0,True,clustered__smooth__70,clustered__smooth,10,10,10,137,0.14041600000000187,10,,0,125,q3_square9_h1200_active,[],19506.732342684678,0,0.0,468.73464679999995,"[2, 3, 5, 10, 11, 13, 15, 16, 19, 20]",3,70,10,ordinary,9,full_coverage_and_all_discovered_cleared,111,4687.346468,0.14078645902918652
18,0,True,clustered__smooth__70,clustered__smooth,10,10,10,145,0.1520450000000011,10,,0,133,q3_alternating9_active,[],17445.268526927186,0,0.0,432.2053706,"[2, 3, 5, 10, 11, 13, 15, 16, 19, 20]",3,70,10,ordinary,9,full_coverage_and_all_discovered_cleared,118,4322.053706,0.15241800004150718
18,0,True,clustered__smooth__70,clustered__smooth,10,10,10,145,0.15135899999999936,10,,0,133,q3_alternating9_wide_active,[],17588.890514455008,0,0.0,435.07781029999995,"[2, 3, 5, 10, 11, 13, 15, 16, 19, 20]",3,70,10,ordinary,9,full_coverage_and_all_discovered_cleared,118,4350.778103,0.1516925830510445
20,0,True,clustered__smooth__71,clustered__smooth,12,12,12,143,0.1564559999999915,12,,0,129,baseline_peer9_active,[],18969.20080834824,0,0.0,384.40334691666664,"[1, 2, 4, 5, 7, 9, 10, 13, 17, 18, 19, 20]",3,71,12,ordinary,9,full_coverage_and_all_discovered_cleared,114,4612.840163,0.15705308294855058
20,0,True,clustered__smooth__71,clustered__smooth,12,12,12,132,0.15946000000000993,12,,0,118,q3_square9_h860_active,[],18732.123904048676,0,0.0,375.0353985,"[1, 2, 4, 5, 7, 9, 10, 13, 17, 18, 19, 20]",3,71,12,ordinary,9,full_coverage_and_all_discovered_cleared,104,4500.424782,0.16000687499763444
20,0,True,clustered__smooth__71,clustered__smooth,12,12,12,132,0.16393200000000263,12,,0,118,q3_square9_h900_active,[],19778.16781321904,0,0.0,392.46946375,"[1, 2, 4, 5, 7, 9, 10, 13, 17, 18, 19, 20]",3,71,12,ordinary,9,full_coverage_and_all_discovered_cleared,104,4709.633565,0.1642973340349272
20,0,True,clustered__smooth__71,clustered__smooth,12,12,12,132,0.1624840000000063,12,,0,118,q3_square9_h1000_active,[],20709.541799970564,0,0.0,407.9923635,"[1, 2, 4, 5, 7, 9, 10, 13, 17, 18, 19, 20]",3,71,12,ordinary,9,full_coverage_and_all_discovered_cleared,104,4895.908362,0.1628645000164397
21,0,True,clustered__smooth__71,clustered__smooth,12,12,12,133,0.17066499999999962,12,,0,119,q3_square9_h1100_active,[],21246.57769211443,0,0.0,417.35962825,"[1, 2, 4, 5, 7, 9, 10, 13, 17, 18, 19, 20]",3,71,12,ordinary,9,full_coverage_and_all_discovered_cleared,104,5008.315539,0.17099600000074133
21,0,True,clustered__smooth__71,clustered__smooth,12,12,12,139,0.16861500000000262,12,,0,125,q3_square9_h1200_active,[],21145.484490498897,0,0.0,418.75807491666666,"[1, 2, 4, 5, 7, 9, 10, 13, 17, 18, 19, 20]",3,71,12,ordinary,9,full_coverage_and_all_discovered_cleared,111,5025.096899,0.1689998329966329
18,0,True,clustered__smooth__71,clustered__smooth,12,12,12,129,0.14974200000000337,12,,0,115,q3_alternating9_active,[],19007.98408707085,0,0.0,378.2164015,"[1, 2, 4, 5, 7, 9, 10, 13, 17, 18, 19, 20]",3,71,12,ordinary,9,full_coverage_and_all_discovered_cleared,102,4538.596818,0.15005270799156278
18,0,True,clustered__smooth__71,clustered__smooth,12,12,12,129,0.14579200000000014,12,,0,115,q3_alternating9_wide_active,[],19267.019840032808,0,0.0,382.533664,"[1, 2, 4, 5, 7, 9, 10, 13, 17, 18, 19, 20]",3,71,12,ordinary,9,full_coverage_and_all_discovered_cleared,102,4590.403968,0.14608299999963492
20,0,True,clustered__adversarial-positive__67,clustered__adversarial-positive,10,10,10,138,0.16266099999999994,10,,0,126,baseline_peer9_active,[],17226.881708347653,0,0.0,423.43763390000004,"[4, 5, 7, 8, 9, 10, 14, 15, 18, 19]",3,67,10,ordinary,9,full_coverage_and_all_discovered_cleared,109,4234.376339,0.16321700002299622
20,0,True,clustered__adversarial-positive__67,clustered__adversarial-positive,10,10,10,147,0.16295099999999252,10,,0,135,q3_square9_h860_active,[],16828.653841802385,0,0.0,420.8730764,"[4, 5, 7, 8, 9, 10, 14, 15, 18, 19]",3,67,10,ordinary,9,full_coverage_and_all_discovered_cleared,118,4208.730764,0.16329270804999396
20,0,True,clustered__adversarial-positive__67,clustered__adversarial-positive,10,10,10,147,0.1624180000000024,10,,0,135,q3_square9_h900_active,[],16968.565190535162,0,0.0,423.67130349999996,"[4, 5, 7, 8, 9, 10, 14, 15, 18, 19]",3,67,10,ordinary,9,full_coverage_and_all_discovered_cleared,118,4236.713035,0.16281691699987277
19,0,True,clustered__adversarial-positive__67,clustered__adversarial-positive,10,10,10,146,0.15323300000000017,10,,0,134,q3_square9_h1000_active,[],17349.60757764421,0,0.0,430.79215139999997,"[4, 5, 7, 8, 9, 10, 14, 15, 18, 19]",3,67,10,ordinary,9,full_coverage_and_all_discovered_cleared,118,4307.921514,0.1536474170279689
19,0,True,clustered__adversarial-positive__67,clustered__adversarial-positive,10,10,10,146,0.15579599999999516,10,,0,134,q3_square9_h1100_active,[],17769.02160444404,0,0.0,439.1804317,"[4, 5, 7, 8, 9, 10, 14, 15, 18, 19]",3,67,10,ordinary,9,full_coverage_and_all_discovered_cleared,118,4391.804317,0.15611004194943234
19,0,True,clustered__adversarial-positive__67,clustered__adversarial-positive,10,10,10,146,0.1532760000000053,10,,0,134,q3_square9_h1200_active,[],18256.050154734643,0,0.0,448.92100280000005,"[4, 5, 7, 8, 9, 10, 14, 15, 18, 19]",3,67,10,ordinary,9,full_coverage_and_all_discovered_cleared,118,4489.210028,0.1537263750215061
20,0,True,clustered__adversarial-positive__67,clustered__adversarial-positive,10,10,10,135,0.16759199999999908,10,,0,123,q3_alternating9_active,[],19426.193248312746,0,0.0,465.6238648,"[4, 5, 7, 8, 9, 10, 14, 15, 18, 19]",3,67,10,ordinary,9,full_coverage_and_all_discovered_cleared,106,4656.238648,0.16792783298296854
20,0,True,clustered__adversarial-positive__67,clustered__adversarial-positive,10,10,10,135,0.17089200000000915,10,,0,123,q3_alternating9_wide_active,[],19509.17790978511,0,0.0,467.28355810000005,"[4, 5, 7, 8, 9, 10, 14, 15, 18, 19]",3,67,10,ordinary,9,full_coverage_and_all_discovered_cleared,106,4672.835581,0.17125529202166945
21,0,True,clustered__adversarial-positive__68,clustered__adversarial-positive,15,15,15,159,0.17489199999999983,15,,0,142,baseline_peer9_active,[],19394.332703979024,0,0.0,319.5911028666667,"[2, 4, 5, 6, 8, 9, 11, 12, 13, 14, 15, 16, 17, 19, 20]",3,68,15,ordinary,9,full_coverage_and_all_discovered_cleared,130,4793.866543,0.17524475004756823
24,0,True,clustered__adversarial-positive__68,clustered__adversarial-positive,15,15,15,110,0.20274200000000064,15,,0,93,q3_square9_h860_active,[],18825.75335008116,0,0.0,292.143378,"[2, 4, 5, 6, 8, 9, 11, 12, 13, 14, 15, 16, 17, 19, 20]",3,68,15,ordinary,9,full_coverage_and_all_discovered_cleared,77,4382.15067,0.20332712499657646
23,0,True,clustered__adversarial-positive__68,clustered__adversarial-positive,15,15,15,109,0.1962130000000002,15,,0,92,q3_square9_h900_active,[],18508.639984699068,0,0.0,287.58186653333337,"[2, 4, 5, 6, 8, 9, 11, 12, 13, 14, 15, 16, 17, 19, 20]",3,68,15,ordinary,9,full_coverage_and_all_discovered_cleared,77,4313.727998,0.19673979096114635
21,0,True,clustered__adversarial-positive__68,clustered__adversarial-positive,15,15,15,107,0.17521899999999846,15,,0,90,q3_square9_h1000_active,[],18966.278536068115,0,0.0,293.0170473333334,"[2, 4, 5, 6, 8, 9, 11, 12, 13, 14, 15, 16, 17, 19, 20]",3,68,15,ordinary,9,full_coverage_and_all_discovered_cleared,77,4395.25571,0.17567941697780043
19,0,True,clustered__adversarial-positive__68,clustered__adversarial-positive,15,15,15,105,0.15776900000000182,15,,0,88,q3_square9_h1100_active,[],19176.885507456773,0,0.0,295.15847353333334,"[2, 4, 5, 6, 8, 9, 11, 12, 13, 14, 15, 16, 17, 19, 20]",3,68,15,ordinary,9,full_coverage_and_all_discovered_cleared,77,4427.377103,0.1600397500442341
19,0,True,clustered__adversarial-positive__68,clustered__adversarial-positive,15,15,15,105,0.15604899999999589,15,,0,88,q3_square9_h1200_active,[],19543.080854397114,0,0.0,300.0410781333333,"[2, 4, 5, 6, 8, 9, 11, 12, 13, 14, 15, 16, 17, 19, 20]",3,68,15,ordinary,9,full_coverage_and_all_discovered_cleared,77,4500.616172,0.15661075001116842
25,0,True,clustered__adversarial-positive__68,clustered__adversarial-positive,15,15,15,129,0.209896999999998,15,,0,112,q3_alternating9_active,[],20978.255723392638,0,0.0,328.3767431333333,"[2, 4, 5, 6, 8, 9, 11, 12, 13, 14, 15, 16, 17, 19, 20]",3,68,15,ordinary,9,full_coverage_and_all_discovered_cleared,95,4925.651147,0.2103890419821255
25,0,True,clustered__adversarial-positive__68,clustered__adversarial-positive,15,15,15,129,0.21072399999999902,15,,0,112,q3_alternating9_wide_active,[],20701.304092758503,0,0.0,324.68405466666667,"[2, 4, 5, 6, 8, 9, 11, 12, 13, 14, 15, 16, 17, 19, 20]",3,68,15,ordinary,9,full_coverage_and_all_discovered_cleared,95,4870.26082,0.21241670800372958
31,0,True,clustered__adversarial-positive__69,clustered__adversarial-positive,15,15,15,118,0.24963499999999783,15,,0,101,baseline_peer9_active,[],22386.500259475386,0,0.0,342.4200036666667,"[2, 3, 4, 5, 6, 7, 8, 9, 10, 11, 12, 13, 14, 16, 18]",3,69,15,ordinary,9,full_coverage_and_all_discovered_cleared,79,5136.300055,0.25021641701459885
31,0,True,clustered__adversarial-positive__69,clustered__adversarial-positive,15,15,15,117,0.25643300000000124,15,,0,100,q3_square9_h860_active,[],21142.833221329798,0,0.0,325.3711096,"[2, 3, 4, 5, 6, 7, 8, 9, 10, 11, 12, 13, 14, 16, 18]",3,69,15,ordinary,9,full_coverage_and_all_discovered_cleared,77,4880.566644,0.2570105830091052
31,0,True,clustered__adversarial-positive__69,clustered__adversarial-positive,15,15,15,117,0.25588899999999626,15,,0,100,q3_square9_h900_active,[],21409.469184357262,0,0.0,328.9262558,"[2, 3, 4, 5, 6, 7, 8, 9, 10, 11, 12, 13, 14, 16, 18]",3,69,15,ordinary,9,full_coverage_and_all_discovered_cleared,77,4933.893837,0.25650291703641415
31,0,True,clustered__adversarial-positive__69,clustered__adversarial-positive,15,15,15,117,0.2551119999999969,15,,0,100,q3_square9_h1000_active,[],22118.252428504624,0,0.0,338.37669893333333,"[2, 3, 4, 5, 6, 7, 8, 9, 10, 11, 12, 13, 14, 16, 18]",3,69,15,ordinary,9,full_coverage_and_all_discovered_cleared,77,5075.650484,0.2558339169481769
30,0,True,clustered__adversarial-positive__69,clustered__adversarial-positive,15,15,15,116,0.24077000000001192,15,,0,99,q3_square9_h1100_active,[],22471.193584226232,0,0.0,342.74924780000003,"[2, 3, 4, 5, 6, 7, 8, 9, 10, 11, 12, 13, 14, 16, 18]",3,69,15,ordinary,9,full_coverage_and_all_discovered_cleared,77,5141.238717,0.24129445903236046
31,0,True,clustered__adversarial-positive__69,clustered__adversarial-positive,15,15,15,117,0.2511310000000009,15,,0,100,q3_square9_h1200_active,[],23215.3796052993,0,0.0,353.00506133333334,"[2, 3, 4, 5, 6, 7, 8, 9, 10, 11, 12, 13, 14, 16, 18]",3,69,15,ordinary,9,full_coverage_and_all_discovered_cleared,77,5295.07592,0.2517024999833666
32,0,True,clustered__adversarial-positive__69,clustered__adversarial-positive,15,15,15,127,0.26332700000000386,15,,0,110,q3_alternating9_active,[],21839.122038288537,0,0.0,338.5882939333333,"[2, 3, 4, 5, 6, 7, 8, 9, 10, 11, 12, 13, 14, 16, 18]",3,69,15,ordinary,9,full_coverage_and_all_discovered_cleared,86,5078.824409,0.264107332972344
32,0,True,clustered__adversarial-positive__69,clustered__adversarial-positive,15,15,15,127,0.25813300000000083,15,,0,110,q3_alternating9_wide_active,[],21942.56521716281,0,0.0,339.9675364666667,"[2, 3, 4, 5, 6, 7, 8, 9, 10, 11, 12, 13, 14, 16, 18]",3,69,15,ordinary,9,full_coverage_and_all_discovered_cleared,86,5099.513047,0.25867725000716746
19,0,True,clustered__adversarial-positive__70,clustered__adversarial-positive,10,10,10,144,0.1535170000000079,10,,0,132,baseline_peer9_active,[],19096.774006269516,0,0.0,464.63547989999995,"[2, 3, 5, 10, 11, 13, 15, 16, 19, 20]",3,70,10,ordinary,9,full_coverage_and_all_discovered_cleared,117,4646.354799,0.15388037502998486
18,0,True,clustered__adversarial-positive__70,clustered__adversarial-positive,10,10,10,136,0.14446100000000683,10,,0,124,q3_square9_h860_active,[],18992.172872474286,0,0.0,457.7434572,"[2, 3, 5, 10, 11, 13, 15, 16, 19, 20]",3,70,10,ordinary,9,full_coverage_and_all_discovered_cleared,109,4577.434572,0.14480912499129772
18,0,True,clustered__adversarial-positive__70,clustered__adversarial-positive,10,10,10,137,0.143416000000002,10,,0,125,q3_square9_h900_active,[],19114.52257655623,0,0.0,460.7904514,"[2, 3, 5, 10, 11, 13, 15, 16, 19, 20]",3,70,10,ordinary,9,full_coverage_and_all_discovered_cleared,110,4607.904514,0.14372020901646465
17,0,True,clustered__adversarial-positive__70,clustered__adversarial-positive,10,10,10,136,0.13539099999999848,10,,0,124,q3_square9_h1000_active,[],19493.117575620105,0,0.0,467.86235120000003,"[2, 3, 5, 10, 11, 13, 15, 16, 19, 20]",3,70,10,ordinary,9,full_coverage_and_all_discovered_cleared,110,4678.623512,0.13574341696221381
17,0,True,clustered__adversarial-positive__70,clustered__adversarial-positive,10,10,10,136,0.13707099999999173,10,,0,124,q3_square9_h1100_active,[],20494.12834197287,0,0.0,487.88256650000005,"[2, 3, 5, 10, 11, 13, 15, 16, 19, 20]",3,70,10,ordinary,9,full_coverage_and_all_discovered_cleared,110,4878.825665,0.1374054589541629
17,0,True,clustered__adversarial-positive__70,clustered__adversarial-positive,10,10,10,137,0.13771299999999087,10,,0,125,q3_square9_h1200_active,[],20146.8243717972,0,0.0,481.5364872,"[2, 3, 5, 10, 11, 13, 15, 16, 19, 20]",3,70,10,ordinary,9,full_coverage_and_all_discovered_cleared,111,4815.364872,0.13805529102683067
18,0,True,clustered__adversarial-positive__70,clustered__adversarial-positive,10,10,10,145,0.14890599999999665,10,,0,133,q3_alternating9_active,[],18094.275673225784,0,0.0,445.1855133,"[2, 3, 5, 10, 11, 13, 15, 16, 19, 20]",3,70,10,ordinary,9,full_coverage_and_all_discovered_cleared,118,4451.855133,0.14923016598913819
18,0,True,clustered__adversarial-positive__70,clustered__adversarial-positive,10,10,10,145,0.14876499999999737,10,,0,133,q3_alternating9_wide_active,[],18220.729917933022,0,0.0,447.7145982,"[2, 3, 5, 10, 11, 13, 15, 16, 19, 20]",3,70,10,ordinary,9,full_coverage_and_all_discovered_cleared,118,4477.145982,0.14903304196195677
22,0,True,clustered__adversarial-positive__71,clustered__adversarial-positive,12,12,12,145,0.17164599999999552,12,,0,131,baseline_peer9_active,[],21039.529673913417,0,0.0,419.90882775,"[1, 2, 4, 5, 7, 9, 10, 13, 17, 18, 19, 20]",3,71,12,ordinary,9,full_coverage_and_all_discovered_cleared,116,5038.905933,0.1721060830168426
21,0,True,clustered__adversarial-positive__71,clustered__adversarial-positive,12,12,12,133,0.17021400000000142,12,,0,119,q3_square9_h860_active,[],19276.198595568938,0,0.0,384.5199763333333,"[1, 2, 4, 5, 7, 9, 10, 13, 17, 18, 19, 20]",3,71,12,ordinary,9,full_coverage_and_all_discovered_cleared,104,4614.239716,0.17056204105028883
21,0,True,clustered__adversarial-positive__71,clustered__adversarial-positive,12,12,12,133,0.17483300000000668,12,,0,119,q3_square9_h900_active,[],19264.463832685844,0,0.0,384.32439716666664,"[1, 2, 4, 5, 7, 9, 10, 13, 17, 18, 19, 20]",3,71,12,ordinary,9,full_coverage_and_all_discovered_cleared,104,4611.892766,0.17526437499327585
21,0,True,clustered__adversarial-positive__71,clustered__adversarial-positive,12,12,12,133,0.17505700000000957,12,,0,119,q3_square9_h1000_active,[],20635.892142536137,0,0.0,407.1815355833333,"[1, 2, 4, 5, 7, 9, 10, 13, 17, 18, 19, 20]",3,71,12,ordinary,9,full_coverage_and_all_discovered_cleared,104,4886.178427,0.17551533301593736
22,0,True,clustered__adversarial-positive__71,clustered__adversarial-positive,12,12,12,134,0.18704699999999264,12,,0,120,q3_square9_h1100_active,[],21989.460177285342,0,0.0,430.1576695833333,"[1, 2, 4, 5, 7, 9, 10, 13, 17, 18, 19, 20]",3,71,12,ordinary,9,full_coverage_and_all_discovered_cleared,104,5161.892035,0.18748912500450388
22,0,True,clustered__adversarial-positive__71,clustered__adversarial-positive,12,12,12,140,0.17739299999999503,12,,0,126,q3_square9_h1200_active,[],21838.495626603104,0,0.0,430.724927,"[1, 2, 4, 5, 7, 9, 10, 13, 17, 18, 19, 20]",3,71,12,ordinary,9,full_coverage_and_all_discovered_cleared,111,5168.699124,0.17788266600109637
19,0,True,clustered__adversarial-positive__71,clustered__adversarial-positive,12,12,12,130,0.16074300000001074,12,,0,116,q3_alternating9_active,[],19224.110646475092,0,0.0,382.23517741666666,"[1, 2, 4, 5, 7, 9, 10, 13, 17, 18, 19, 20]",3,71,12,ordinary,9,full_coverage_and_all_discovered_cleared,102,4586.822129,0.1610465839621611
19,0,True,clustered__adversarial-positive__71,clustered__adversarial-positive,12,12,12,130,0.15240300000000673,12,,0,116,q3_alternating9_wide_active,[],19469.369459545327,0,0.0,386.32282416666663,"[1, 2, 4, 5, 7, 9, 10, 13, 17, 18, 19, 20]",3,71,12,ordinary,9,full_coverage_and_all_discovered_cleared,102,4635.87389,0.15274866699473932
20,0,True,clustered__adversarial-negative__67,clustered__adversarial-negative,10,10,10,138,0.1679589999999962,10,,0,126,baseline_peer9_active,[],17922.43914110659,0,0.0,437.34878289999995,"[4, 5, 7, 8, 9, 10, 14, 15, 18, 19]",3,67,10,ordinary,9,full_coverage_and_all_discovered_cleared,109,4373.487829,0.16839716699905694
20,0,True,clustered__adversarial-negative__67,clustered__adversarial-negative,10,10,10,147,0.17128900000000158,10,,0,135,q3_square9_h860_active,[],16844.58418672095,0,0.0,421.191684,"[4, 5, 7, 8, 9, 10, 14, 15, 18, 19]",3,67,10,ordinary,9,full_coverage_and_all_discovered_cleared,118,4211.91684,0.1716677499935031
19,0,True,clustered__adversarial-negative__67,clustered__adversarial-negative,10,10,10,146,0.16195700000000102,10,,0,134,q3_square9_h900_active,[],16963.64524040369,0,0.0,423.0729048,"[4, 5, 7, 8, 9, 10, 14, 15, 18, 19]",3,67,10,ordinary,9,full_coverage_and_all_discovered_cleared,118,4230.729048,0.16234729200368747
19,0,True,clustered__adversarial-negative__67,clustered__adversarial-negative,10,10,10,146,0.17485499999999377,10,,0,134,q3_square9_h1000_active,[],17338.816960191805,0,0.0,430.57633939999994,"[4, 5, 7, 8, 9, 10, 14, 15, 18, 19]",3,67,10,ordinary,9,full_coverage_and_all_discovered_cleared,118,4305.763394,0.17736999999033287
19,0,True,clustered__adversarial-negative__67,clustered__adversarial-negative,10,10,10,146,0.16431599999999946,10,,0,134,q3_square9_h1100_active,[],17762.738051818196,0,0.0,439.0547611,"[4, 5, 7, 8, 9, 10, 14, 15, 18, 19]",3,67,10,ordinary,9,full_coverage_and_all_discovered_cleared,118,4390.547611,0.16472733300179243
19,0,True,clustered__adversarial-negative__67,clustered__adversarial-negative,10,10,10,146,0.16530299999999443,10,,0,134,q3_square9_h1200_active,[],18255.883994252054,0,0.0,448.9176801,"[4, 5, 7, 8, 9, 10, 14, 15, 18, 19]",3,67,10,ordinary,9,full_coverage_and_all_discovered_cleared,118,4489.176801,0.1658487080130726
20,0,True,clustered__adversarial-negative__67,clustered__adversarial-negative,10,10,10,135,0.16752799999999013,10,,0,123,q3_alternating9_active,[],20050.818867329865,0,0.0,478.1163776,"[4, 5, 7, 8, 9, 10, 14, 15, 18, 19]",3,67,10,ordinary,9,full_coverage_and_all_discovered_cleared,106,4781.163776,0.1680464170058258
20,0,True,clustered__adversarial-negative__67,clustered__adversarial-negative,10,10,10,135,0.166955999999999,10,,0,123,q3_alternating9_wide_active,[],20120.17730324046,0,0.0,479.50354639999995,"[4, 5, 7, 8, 9, 10, 14, 15, 18, 19]",3,67,10,ordinary,9,full_coverage_and_all_discovered_cleared,106,4795.035464,0.16725491697434336
22,0,True,clustered__adversarial-negative__68,clustered__adversarial-negative,15,15,15,160,0.178449999999998,15,,0,143,baseline_peer9_active,[],17715.537953316714,0,0.0,297.54050606666664,"[2, 4, 5, 6, 8, 9, 11, 12, 13, 14, 15, 16, 17, 19, 20]",3,68,15,ordinary,9,full_coverage_and_all_discovered_cleared,130,4463.107591,0.17886220797663555
24,0,True,clustered__adversarial-negative__68,clustered__adversarial-negative,15,15,15,110,0.19220200000000887,15,,0,93,q3_square9_h860_active,[],17673.48084193596,0,0.0,276.77974446666667,"[2, 4, 5, 6, 8, 9, 11, 12, 13, 14, 15, 16, 17, 19, 20]",3,68,15,ordinary,9,full_coverage_and_all_discovered_cleared,77,4151.696167,0.19270320801297203
23,0,True,clustered__adversarial-negative__68,clustered__adversarial-negative,15,15,15,109,0.18285500000000354,15,,0,92,q3_square9_h900_active,[],17666.46943002779,0,0.0,276.35292573333334,"[2, 4, 5, 6, 8, 9, 11, 12, 13, 14, 15, 16, 17, 19, 20]",3,68,15,ordinary,9,full_coverage_and_all_discovered_cleared,77,4145.293886,0.18334166699787602
22,0,True,clustered__adversarial-negative__68,clustered__adversarial-negative,15,15,15,108,0.17855600000000038,15,,0,91,q3_square9_h1000_active,[],17689.85178495918,0,0.0,276.3313569333333,"[2, 4, 5, 6, 8, 9, 11, 12, 13, 14, 15, 16, 17, 19, 20]",3,68,15,ordinary,9,full_coverage_and_all_discovered_cleared,77,4144.970354,0.1790186669677496
20,0,True,clustered__adversarial-negative__68,clustered__adversarial-negative,15,15,15,106,0.17052300000000287,15,,0,89,q3_square9_h1100_active,[],18119.130936670823,0,0.0,281.38841246666664,"[2, 4, 5, 6, 8, 9, 11, 12, 13, 14, 15, 16, 17, 19, 20]",3,68,15,ordinary,9,full_coverage_and_all_discovered_cleared,77,4220.826187,0.17239950003568083
19,0,True,clustered__adversarial-negative__68,clustered__adversarial-negative,15,15,15,105,0.14514800000000605,15,,0,88,q3_square9_h1200_active,[],18395.814543972032,0,0.0,284.7441938666667,"[2, 4, 5, 6, 8, 9, 11, 12, 13, 14, 15, 16, 17, 19, 20]",3,68,15,ordinary,9,full_coverage_and_all_discovered_cleared,77,4271.162908,0.1456117500201799
25,0,True,clustered__adversarial-negative__68,clustered__adversarial-negative,15,15,15,129,0.203834999999998,15,,0,112,q3_alternating9_active,[],20107.30065137726,0,0.0,316.7640087333333,"[2, 4, 5, 6, 8, 9, 11, 12, 13, 14, 15, 16, 17, 19, 20]",3,68,15,ordinary,9,full_coverage_and_all_discovered_cleared,95,4751.460131,0.20431924995500594
25,0,True,clustered__adversarial-negative__68,clustered__adversarial-negative,15,15,15,129,0.20750800000000424,15,,0,112,q3_alternating9_wide_active,[],19793.04451426296,0,0.0,312.5739268666667,"[2, 4, 5, 6, 8, 9, 11, 12, 13, 14, 15, 16, 17, 19, 20]",3,68,15,ordinary,9,full_coverage_and_all_discovered_cleared,95,4688.608903,0.20814012503251433
30,0,True,clustered__adversarial-negative__69,clustered__adversarial-negative,15,15,15,117,0.23616400000000226,15,,0,100,baseline_peer9_active,[],23011.974822689546,0,0.0,350.42633086666666,"[2, 3, 4, 5, 6, 7, 8, 9, 10, 11, 12, 13, 14, 16, 18]",3,69,15,ordinary,9,full_coverage_and_all_discovered_cleared,79,5256.394963,0.23667291703168303
30,0,True,clustered__adversarial-negative__69,clustered__adversarial-negative,15,15,15,116,0.24283300000000452,15,,0,99,q3_square9_h860_active,[],21769.21154063609,0,0.0,333.3894870666666,"[2, 3, 4, 5, 6, 7, 8, 9, 10, 11, 12, 13, 14, 16, 18]",3,69,15,ordinary,9,full_coverage_and_all_discovered_cleared,77,5000.842306,0.24346195900579914
30,0,True,clustered__adversarial-negative__69,clustered__adversarial-negative,15,15,15,116,0.24009800000000325,15,,0,99,q3_square9_h900_active,[],22023.85391135085,0,0.0,336.78471866666666,"[2, 3, 4, 5, 6, 7, 8, 9, 10, 11, 12, 13, 14, 16, 18]",3,69,15,ordinary,9,full_coverage_and_all_discovered_cleared,77,5051.77078,0.2406957499915734
29,0,True,clustered__adversarial-negative__69,clustered__adversarial-negative,15,15,15,115,0.22770899999999017,15,,0,98,q3_square9_h1000_active,[],22688.475198764245,0,0.0,345.3130024666667,"[2, 3, 4, 5, 6, 7, 8, 9, 10, 11, 12, 13, 14, 16, 18]",3,69,15,ordinary,9,full_coverage_and_all_discovered_cleared,77,5179.695037,0.228321542032063
29,0,True,clustered__adversarial-negative__69,clustered__adversarial-negative,15,15,15,115,0.22915600000000325,15,,0,98,q3_square9_h1100_active,[],22981.92285419525,0,0.0,349.2256378,"[2, 3, 4, 5, 6, 7, 8, 9, 10, 11, 12, 13, 14, 16, 18]",3,69,15,ordinary,9,full_coverage_and_all_discovered_cleared,77,5238.384567,0.22971854195930064
30,0,True,clustered__adversarial-negative__69,clustered__adversarial-negative,15,15,15,116,0.23779000000000394,15,,0,99,q3_square9_h1200_active,[],23780.64989436241,0,0.0,360.208665,"[2, 3, 4, 5, 6, 7, 8, 9, 10, 11, 12, 13, 14, 16, 18]",3,69,15,ordinary,9,full_coverage_and_all_discovered_cleared,77,5403.129975,0.2384590000147
31,0,True,clustered__adversarial-negative__69,clustered__adversarial-negative,15,15,15,126,0.24800500000000625,15,,0,109,q3_alternating9_active,[],22316.434935704972,0,0.0,344.6191323333333,"[2, 3, 4, 5, 6, 7, 8, 9, 10, 11, 12, 13, 14, 16, 18]",3,69,15,ordinary,9,full_coverage_and_all_discovered_cleared,86,5169.286985,0.24881845799973235
31,0,True,clustered__adversarial-negative__69,clustered__adversarial-negative,15,15,15,126,0.2486159999999984,15,,0,109,q3_alternating9_wide_active,[],22675.499004782076,0,0.0,349.40665326666664,"[2, 3, 4, 5, 6, 7, 8, 9, 10, 11, 12, 13, 14, 16, 18]",3,69,15,ordinary,9,full_coverage_and_all_discovered_cleared,86,5241.099799,0.24923979199957103
19,0,True,clustered__adversarial-negative__70,clustered__adversarial-negative,10,10,10,144,0.15564500000000692,10,,0,132,baseline_peer9_active,[],18719.76427340427,0,0.0,457.0952856,"[2, 3, 5, 10, 11, 13, 15, 16, 19, 20]",3,70,10,ordinary,9,full_coverage_and_all_discovered_cleared,117,4570.952856,0.1560740419663489
18,0,True,clustered__adversarial-negative__70,clustered__adversarial-negative,10,10,10,136,0.14509799999999018,10,,0,124,q3_square9_h860_active,[],18648.50094383864,0,0.0,450.8700191,"[2, 3, 5, 10, 11, 13, 15, 16, 19, 20]",3,70,10,ordinary,9,full_coverage_and_all_discovered_cleared,109,4508.700191,0.14548700000159442
17,0,True,clustered__adversarial-negative__70,clustered__adversarial-negative,10,10,10,136,0.13766900000000248,10,,0,124,q3_square9_h900_active,[],18909.267793829502,0,0.0,456.1853561,"[2, 3, 5, 10, 11, 13, 15, 16, 19, 20]",3,70,10,ordinary,9,full_coverage_and_all_discovered_cleared,110,4561.853561,0.13797416596207768
17,0,True,clustered__adversarial-negative__70,clustered__adversarial-negative,10,10,10,136,0.13634000000000412,10,,0,124,q3_square9_h1000_active,[],19419.523349071744,0,0.0,466.3904671,"[2, 3, 5, 10, 11, 13, 15, 16, 19, 20]",3,70,10,ordinary,9,full_coverage_and_all_discovered_cleared,110,4663.904671,0.13667179096955806
17,0,True,clustered__adversarial-negative__70,clustered__adversarial-negative,10,10,10,136,0.1363850000000042,10,,0,124,q3_square9_h1100_active,[],19893.951599430067,0,0.0,475.8790321,"[2, 3, 5, 10, 11, 13, 15, 16, 19, 20]",3,70,10,ordinary,9,full_coverage_and_all_discovered_cleared,110,4758.790321,0.13667479204013944
17,0,True,clustered__adversarial-negative__70,clustered__adversarial-negative,10,10,10,137,0.14161799999999403,10,,0,125,q3_square9_h1200_active,[],19781.074315693706,0,0.0,474.22148639999995,"[2, 3, 5, 10, 11, 13, 15, 16, 19, 20]",3,70,10,ordinary,9,full_coverage_and_all_discovered_cleared,111,4742.214864,0.1419917920138687
18,0,True,clustered__adversarial-negative__70,clustered__adversarial-negative,10,10,10,145,0.15218299999999374,10,,0,133,q3_alternating9_active,[],17709.390598670394,0,0.0,437.4878124,"[2, 3, 5, 10, 11, 13, 15, 16, 19, 20]",3,70,10,ordinary,9,full_coverage_and_all_discovered_cleared,118,4374.878124,0.15300883300369605
18,0,True,clustered__adversarial-negative__70,clustered__adversarial-negative,10,10,10,145,0.14928999999999348,10,,0,133,q3_alternating9_wide_active,[],17832.15510280877,0,0.0,439.9431023,"[2, 3, 5, 10, 11, 13, 15, 16, 19, 20]",3,70,10,ordinary,9,full_coverage_and_all_discovered_cleared,118,4399.431023,0.14969799999380484
21,0,True,clustered__adversarial-negative__71,clustered__adversarial-negative,12,12,12,144,0.17257899999999893,12,,0,130,baseline_peer9_active,[],20514.595367059028,0,0.0,410.65992291666663,"[1, 2, 4, 5, 7, 9, 10, 13, 17, 18, 19, 20]",3,71,12,ordinary,9,full_coverage_and_all_discovered_cleared,115,4927.919075,0.17575779202161357
21,0,True,clustered__adversarial-negative__71,clustered__adversarial-negative,12,12,12,133,0.16792100000000687,12,,0,119,q3_square9_h860_active,[],20038.85233447683,0,0.0,397.2308723333333,"[1, 2, 4, 5, 7, 9, 10, 13, 17, 18, 19, 20]",3,71,12,ordinary,9,full_coverage_and_all_discovered_cleared,104,4766.770468,0.1683482090011239
21,0,True,clustered__adversarial-negative__71,clustered__adversarial-negative,12,12,12,133,0.17356699999999137,12,,0,119,q3_square9_h900_active,[],20701.7108768367,0,0.0,408.27851475000006,"[1, 2, 4, 5, 7, 9, 10, 13, 17, 18, 19, 20]",3,71,12,ordinary,9,full_coverage_and_all_discovered_cleared,104,4899.342177,0.1739399999496527
21,0,True,clustered__adversarial-negative__71,clustered__adversarial-negative,12,12,12,133,0.1681820000000016,12,,0,119,q3_square9_h1000_active,[],21707.25119919118,0,0.0,425.03752016666664,"[1, 2, 4, 5, 7, 9, 10, 13, 17, 18, 19, 20]",3,71,12,ordinary,9,full_coverage_and_all_discovered_cleared,104,5100.450242,0.1685704169794917
22,0,True,clustered__adversarial-negative__71,clustered__adversarial-negative,12,12,12,134,0.17567999999999984,12,,0,120,q3_square9_h1100_active,[],22664.16895840911,0,0.0,441.40281608333333,"[1, 2, 4, 5, 7, 9, 10, 13, 17, 18, 19, 20]",3,71,12,ordinary,9,full_coverage_and_all_discovered_cleared,104,5296.833793,0.17608466697856784
22,0,True,clustered__adversarial-negative__71,clustered__adversarial-negative,12,12,12,140,0.17266899999999907,12,,0,126,q3_square9_h1200_active,[],22746.63175302914,0,0.0,445.86052924999996,"[1, 2, 4, 5, 7, 9, 10, 13, 17, 18, 19, 20]",3,71,12,ordinary,9,full_coverage_and_all_discovered_cleared,111,5350.326351,0.1730905409785919
19,0,True,clustered__adversarial-negative__71,clustered__adversarial-negative,12,12,12,130,0.15243600000000868,12,,0,116,q3_alternating9_active,[],18897.490283963685,0,0.0,376.79150508333333,"[1, 2, 4, 5, 7, 9, 10, 13, 17, 18, 19, 20]",3,71,12,ordinary,9,full_coverage_and_all_discovered_cleared,102,4521.498061,0.15282641595695168
19,0,True,clustered__adversarial-negative__71,clustered__adversarial-negative,12,12,12,130,0.155659,12,,0,116,q3_alternating9_wide_active,[],19028.68276560399,0,0.0,378.9780464166667,"[1, 2, 4, 5, 7, 9, 10, 13, 17, 18, 19, 20]",3,71,12,ordinary,9,full_coverage_and_all_discovered_cleared,102,4547.736557,0.15607849997468293
20,0,True,clustered__adversarial-spatial__67,clustered__adversarial-spatial,10,10,10,138,0.16563100000000475,10,,0,126,baseline_peer9_active,[],17737.67245202236,0,0.0,433.65344919999995,"[4, 5, 7, 8, 9, 10, 14, 15, 18, 19]",3,67,10,ordinary,9,full_coverage_and_all_discovered_cleared,109,4336.534492,0.16605404199799523
19,0,True,clustered__adversarial-spatial__67,clustered__adversarial-spatial,10,10,10,146,0.15618100000000368,10,,0,134,q3_square9_h860_active,[],16684.846111618255,0,0.0,417.4969224,"[4, 5, 7, 8, 9, 10, 14, 15, 18, 19]",3,67,10,ordinary,9,full_coverage_and_all_discovered_cleared,118,4174.969224,0.15656416700221598
20,0,True,clustered__adversarial-spatial__67,clustered__adversarial-spatial,10,10,10,147,0.17604000000000042,10,,0,135,q3_square9_h900_active,[],16802.53595806448,0,0.0,420.3507191,"[4, 5, 7, 8, 9, 10, 14, 15, 18, 19]",3,67,10,ordinary,9,full_coverage_and_all_discovered_cleared,118,4203.507191,0.1791628749924712
19,0,True,clustered__adversarial-spatial__67,clustered__adversarial-spatial,10,10,10,146,0.15988400000000524,10,,0,134,q3_square9_h1000_active,[],17084.133728836023,0,0.0,425.4826746,"[4, 5, 7, 8, 9, 10, 14, 15, 18, 19]",3,67,10,ordinary,9,full_coverage_and_all_discovered_cleared,118,4254.826746,0.16028445801930502
19,0,True,clustered__adversarial-spatial__67,clustered__adversarial-spatial,10,10,10,146,0.16275499999999,10,,0,134,q3_square9_h1100_active,[],17497.762688794737,0,0.0,433.7552538,"[4, 5, 7, 8, 9, 10, 14, 15, 18, 19]",3,67,10,ordinary,9,full_coverage_and_all_discovered_cleared,118,4337.552538,0.16325649997452274
19,0,True,clustered__adversarial-spatial__67,clustered__adversarial-spatial,10,10,10,146,0.15685699999998803,10,,0,134,q3_square9_h1200_active,[],18009.26846568333,0,0.0,443.9853693,"[4, 5, 7, 8, 9, 10, 14, 15, 18, 19]",3,67,10,ordinary,9,full_coverage_and_all_discovered_cleared,118,4439.853693,0.15725662495242432
20,0,True,clustered__adversarial-spatial__67,clustered__adversarial-spatial,10,10,10,135,0.1704380000000043,10,,0,123,q3_alternating9_active,[],19819.801436803114,0,0.0,473.49602880000003,"[4, 5, 7, 8, 9, 10, 14, 15, 18, 19]",3,67,10,ordinary,9,full_coverage_and_all_discovered_cleared,106,4734.960288,0.17085441603558138
20,0,True,clustered__adversarial-spatial__67,clustered__adversarial-spatial,10,10,10,135,0.17256399999999417,10,,0,123,q3_alternating9_wide_active,[],19797.946112597747,0,0.0,473.05892240000003,"[4, 5, 7, 8, 9, 10, 14, 15, 18, 19]",3,67,10,ordinary,9,full_coverage_and_all_discovered_cleared,106,4730.589224,0.173629124998115
22,0,True,clustered__adversarial-spatial__68,clustered__adversarial-spatial,15,15,15,160,0.18877799999999922,15,,0,143,baseline_peer9_active,[],18384.58417329599,0,0.0,306.46112253333337,"[2, 4, 5, 6, 8, 9, 11, 12, 13, 14, 15, 16, 17, 19, 20]",3,68,15,ordinary,9,full_coverage_and_all_discovered_cleared,130,4596.916838,0.19028154201805592
23,0,True,clustered__adversarial-spatial__68,clustered__adversarial-spatial,15,15,15,109,0.18406699999999887,15,,0,92,q3_square9_h860_active,[],18751.903836975434,0,0.0,290.82538446666666,"[2, 4, 5, 6, 8, 9, 11, 12, 13, 14, 15, 16, 17, 19, 20]",3,68,15,ordinary,9,full_coverage_and_all_discovered_cleared,77,4362.380767,0.18449045799206942
23,0,True,clustered__adversarial-spatial__68,clustered__adversarial-spatial,15,15,15,109,0.18736099999999567,15,,0,92,q3_square9_h900_active,[],18170.56078338023,0,0.0,283.07414373333336,"[2, 4, 5, 6, 8, 9, 11, 12, 13, 14, 15, 16, 17, 19, 20]",3,68,15,ordinary,9,full_coverage_and_all_discovered_cleared,77,4246.112156,0.18795029097236693
21,0,True,clustered__adversarial-spatial__68,clustered__adversarial-spatial,15,15,15,107,0.17900099999999952,15,,0,90,q3_square9_h1000_active,[],18653.165242403058,0,0.0,288.8422032666667,"[2, 4, 5, 6, 8, 9, 11, 12, 13, 14, 15, 16, 17, 19, 20]",3,68,15,ordinary,9,full_coverage_and_all_discovered_cleared,77,4332.633049,0.17952695896383375
19,0,True,clustered__adversarial-spatial__68,clustered__adversarial-spatial,15,15,15,105,0.14909500000000264,15,,0,88,q3_square9_h1100_active,[],18806.57465672974,0,0.0,290.2209954666667,"[2, 4, 5, 6, 8, 9, 11, 12, 13, 14, 15, 16, 17, 19, 20]",3,68,15,ordinary,9,full_coverage_and_all_discovered_cleared,77,4353.314932,0.149489542003721
19,0,True,clustered__adversarial-spatial__68,clustered__adversarial-spatial,15,15,15,105,0.1492669999999947,15,,0,88,q3_square9_h1200_active,[],19270.97552141561,0,0.0,296.41300686666665,"[2, 4, 5, 6, 8, 9, 11, 12, 13, 14, 15, 16, 17, 19, 20]",3,68,15,ordinary,9,full_coverage_and_all_discovered_cleared,77,4446.195103,0.14966458303388208
25,0,True,clustered__adversarial-spatial__68,clustered__adversarial-spatial,15,15,15,129,0.2062090000000012,15,,0,112,q3_alternating9_active,[],20830.382511203963,0,0.0,326.40510026666664,"[2, 4, 5, 6, 8, 9, 11, 12, 13, 14, 15, 16, 17, 19, 20]",3,68,15,ordinary,9,full_coverage_and_all_discovered_cleared,95,4896.076504,0.20668145798845217
25,0,True,clustered__adversarial-spatial__68,clustered__adversarial-spatial,15,15,15,129,0.2084600000000023,15,,0,112,q3_alternating9_wide_active,[],21054.094935899717,0,0.0,329.38793280000004,"[2, 4, 5, 6, 8, 9, 11, 12, 13, 14, 15, 16, 17, 19, 20]",3,68,15,ordinary,9,full_coverage_and_all_discovered_cleared,95,4940.818992,0.20899316598661244
32,0,True,clustered__adversarial-spatial__69,clustered__adversarial-spatial,15,15,15,119,0.2601320000000129,15,,0,102,baseline_peer9_active,[],22943.34207608361,0,0.0,350.17789453333336,"[2, 3, 4, 5, 6, 7, 8, 9, 10, 11, 12, 13, 14, 16, 18]",3,69,15,ordinary,9,full_coverage_and_all_discovered_cleared,79,5252.668418,0.26086587499594316
32,0,True,clustered__adversarial-spatial__69,clustered__adversarial-spatial,15,15,15,118,0.2665810000000022,15,,0,101,q3_square9_h860_active,[],20881.474300026337,0,0.0,322.2196574,"[2, 3, 4, 5, 6, 7, 8, 9, 10, 11, 12, 13, 14, 16, 18]",3,69,15,ordinary,9,full_coverage_and_all_discovered_cleared,77,4833.294861,0.26729674998205155
32,0,True,clustered__adversarial-spatial__69,clustered__adversarial-spatial,15,15,15,118,0.26648199999999633,15,,0,101,q3_square9_h900_active,[],21083.593332158747,0,0.0,324.9145778666667,"[2, 3, 4, 5, 6, 7, 8, 9, 10, 11, 12, 13, 14, 16, 18]",3,69,15,ordinary,9,full_coverage_and_all_discovered_cleared,77,4873.718668,0.267193625040818
31,0,True,clustered__adversarial-spatial__69,clustered__adversarial-spatial,15,15,15,117,0.25325599999999326,15,,0,100,q3_square9_h1000_active,[],21708.943575891757,0,0.0,332.91924786666664,"[2, 3, 4, 5, 6, 7, 8, 9, 10, 11, 12, 13, 14, 16, 18]",3,69,15,ordinary,9,full_coverage_and_all_discovered_cleared,77,4993.788718,0.25392870797077194
31,0,True,clustered__adversarial-spatial__69,clustered__adversarial-spatial,15,15,15,117,0.25367800000000784,15,,0,100,q3_square9_h1100_active,[],22012.93181773286,0,0.0,336.9724244,"[2, 3, 4, 5, 6, 7, 8, 9, 10, 11, 12, 13, 14, 16, 18]",3,69,15,ordinary,9,full_coverage_and_all_discovered_cleared,77,5054.586366,0.2541043339879252
31,0,True,clustered__adversarial-spatial__69,clustered__adversarial-spatial,15,15,15,117,0.25882400000000416,15,,0,100,q3_square9_h1200_active,[],22705.265967713152,0,0.0,346.2035464,"[2, 3, 4, 5, 6, 7, 8, 9, 10, 11, 12, 13, 14, 16, 18]",3,69,15,ordinary,9,full_coverage_and_all_discovered_cleared,77,5193.053196,0.26117604202590883
33,0,True,clustered__adversarial-spatial__69,clustered__adversarial-spatial,15,15,15,128,0.2737510000000043,15,,0,111,q3_alternating9_active,[],22810.606723475255,0,0.0,351.87475646666667,"[2, 3, 4, 5, 6, 7, 8, 9, 10, 11, 12, 13, 14, 16, 18]",3,69,15,ordinary,9,full_coverage_and_all_discovered_cleared,86,5278.121347,0.27444645803188905
33,0,True,clustered__adversarial-spatial__69,clustered__adversarial-spatial,15,15,15,128,0.2706450000000018,15,,0,111,q3_alternating9_wide_active,[],22961.26062021839,0,0.0,353.8834751333333,"[2, 3, 4, 5, 6, 7, 8, 9, 10, 11, 12, 13, 14, 16, 18]",3,69,15,ordinary,9,full_coverage_and_all_discovered_cleared,86,5308.252127,0.2712220419780351
19,0,True,clustered__adversarial-spatial__70,clustered__adversarial-spatial,10,10,10,144,0.155343000000002,10,,0,132,baseline_peer9_active,[],18797.050163293246,0,0.0,458.6410033,"[2, 3, 5, 10, 11, 13, 15, 16, 19, 20]",3,70,10,ordinary,9,full_coverage_and_all_discovered_cleared,117,4586.410033,0.15565029199933633
18,0,True,clustered__adversarial-spatial__70,clustered__adversarial-spatial,10,10,10,136,0.1417859999999962,10,,0,124,q3_square9_h860_active,[],18713.69254100824,0,0.0,452.1738508,"[2, 3, 5, 10, 11, 13, 15, 16, 19, 20]",3,70,10,ordinary,9,full_coverage_and_all_discovered_cleared,109,4521.738508,0.14210612495662645
18,0,True,clustered__adversarial-spatial__70,clustered__adversarial-spatial,10,10,10,137,0.14691700000000196,10,,0,125,q3_square9_h900_active,[],18983.475284968503,0,0.0,458.1695058,"[2, 3, 5, 10, 11, 13, 15, 16, 19, 20]",3,70,10,ordinary,9,full_coverage_and_all_discovered_cleared,110,4581.695058,0.14725883299252018
17,0,True,clustered__adversarial-spatial__70,clustered__adversarial-spatial,10,10,10,136,0.13980499999999552,10,,0,124,q3_square9_h1000_active,[],19260.72493205694,0,0.0,463.2144987,"[2, 3, 5, 10, 11, 13, 15, 16, 19, 20]",3,70,10,ordinary,9,full_coverage_and_all_discovered_cleared,110,4632.144987,0.14004545798525214
17,0,True,clustered__adversarial-spatial__70,clustered__adversarial-spatial,10,10,10,136,0.13851600000000985,10,,0,124,q3_square9_h1100_active,[],20198.332744940613,0,0.0,481.9666548,"[2, 3, 5, 10, 11, 13, 15, 16, 19, 20]",3,70,10,ordinary,9,full_coverage_and_all_discovered_cleared,110,4819.666548,0.13883020798675716
16,0,True,clustered__adversarial-spatial__70,clustered__adversarial-spatial,10,10,10,136,0.12984800000000973,10,,0,124,q3_square9_h1200_active,[],19826.220122888884,0,0.0,474.62440239999995,"[2, 3, 5, 10, 11, 13, 15, 16, 19, 20]",3,70,10,ordinary,9,full_coverage_and_all_discovered_cleared,111,4746.244024,0.13015216699568555
18,0,True,clustered__adversarial-spatial__70,clustered__adversarial-spatial,10,10,10,145,0.14753100000000074,10,,0,133,q3_alternating9_active,[],17847.119644197854,0,0.0,440.2423932,"[2, 3, 5, 10, 11, 13, 15, 16, 19, 20]",3,70,10,ordinary,9,full_coverage_and_all_discovered_cleared,118,4402.423932,0.14789233403280377
18,0,True,clustered__adversarial-spatial__70,clustered__adversarial-spatial,10,10,10,145,0.15002300000000446,10,,0,133,q3_alternating9_wide_active,[],18020.13896363866,0,0.0,443.7027795,"[2, 3, 5, 10, 11, 13, 15, 16, 19, 20]",3,70,10,ordinary,9,full_coverage_and_all_discovered_cleared,118,4437.027795,0.1503070000326261
21,0,True,clustered__adversarial-spatial__71,clustered__adversarial-spatial,12,12,12,144,0.1632809999999978,12,,0,130,baseline_peer9_active,[],19129.246830948425,0,0.0,387.5707805833333,"[1, 2, 4, 5, 7, 9, 10, 13, 17, 18, 19, 20]",3,71,12,ordinary,9,full_coverage_and_all_discovered_cleared,115,4650.849367,0.16364712495123968
21,0,True,clustered__adversarial-spatial__71,clustered__adversarial-spatial,12,12,12,133,0.16914900000000443,12,,0,119,q3_square9_h860_active,[],18790.135976329275,0,0.0,376.4189328333334,"[1, 2, 4, 5, 7, 9, 10, 13, 17, 18, 19, 20]",3,71,12,ordinary,9,full_coverage_and_all_discovered_cleared,104,4517.027194,0.1695234160288237
21,0,True,clustered__adversarial-spatial__71,clustered__adversarial-spatial,12,12,12,133,0.17761199999999633,12,,0,119,q3_square9_h900_active,[],19176.900143165927,0,0.0,382.8650025833333,"[1, 2, 4, 5, 7, 9, 10, 13, 17, 18, 19, 20]",3,71,12,ordinary,9,full_coverage_and_all_discovered_cleared,104,4594.380031,0.17808608402265236
21,0,True,clustered__adversarial-spatial__71,clustered__adversarial-spatial,12,12,12,133,0.1721239999999966,12,,0,119,q3_square9_h1000_active,[],20459.586171202984,0,0.0,404.24310291666666,"[1, 2, 4, 5, 7, 9, 10, 13, 17, 18, 19, 20]",3,71,12,ordinary,9,full_coverage_and_all_discovered_cleared,104,4850.917235,0.17252633400494233
22,0,True,clustered__adversarial-spatial__71,clustered__adversarial-spatial,12,12,12,134,0.18362599999998963,12,,0,120,q3_square9_h1100_active,[],21634.080516571503,0,0.0,424.23467516666665,"[1, 2, 4, 5, 7, 9, 10, 13, 17, 18, 19, 20]",3,71,12,ordinary,9,full_coverage_and_all_discovered_cleared,104,5090.816102,0.18408500001532957
22,0,True,clustered__adversarial-spatial__71,clustered__adversarial-spatial,12,12,12,140,0.17687500000000966,12,,0,126,q3_square9_h1200_active,[],21748.45857414208,0,0.0,429.2243094166667,"[1, 2, 4, 5, 7, 9, 10, 13, 17, 18, 19, 20]",3,71,12,ordinary,9,full_coverage_and_all_discovered_cleared,111,5150.691713,0.17734904203098267
19,0,True,clustered__adversarial-spatial__71,clustered__adversarial-spatial,12,12,12,130,0.15636700000000303,12,,0,116,q3_alternating9_active,[],19050.283177935922,0,0.0,379.338053,"[1, 2, 4, 5, 7, 9, 10, 13, 17, 18, 19, 20]",3,71,12,ordinary,9,full_coverage_and_all_discovered_cleared,102,4552.056636,0.15682141698198393
19,0,True,clustered__adversarial-spatial__71,clustered__adversarial-spatial,12,12,12,130,0.15848699999999383,12,,0,116,q3_alternating9_wide_active,[],19325.727608298614,0,0.0,383.9287935,"[1, 2, 4, 5, 7, 9, 10, 13, 17, 18, 19, 20]",3,71,12,ordinary,9,full_coverage_and_all_discovered_cleared,102,4607.145522,0.15897633403073996
18,0,True,boundary_min__n10__positive,boundary_min,10,10,10,169,0.1733769999999879,10,,0,157,baseline_peer9_active,[],16602.647510297622,0,0.0,429.8529501,"[2, 6, 13, 14, 15, 16, 17, 18, 19, 20]",3,242,10,stress,9,full_coverage_and_all_discovered_cleared,143,4298.529501,0.17379345803055912
18,0,True,boundary_min__n10__positive,boundary_min,10,10,10,176,0.17208800000000224,10,,0,164,q3_square9_h860_active,[],18806.870075648003,0,0.0,478.33740150000006,"[2, 6, 13, 14, 15, 16, 17, 18, 19, 20]",3,242,10,stress,9,full_coverage_and_all_discovered_cleared,152,4783.374015,0.17248754197498783
18,0,True,boundary_min__n10__positive,boundary_min,10,10,10,176,0.17112900000000764,10,,0,164,q3_square9_h900_active,[],18436.072606723985,0,0.0,470.9214518,"[2, 6, 13, 14, 15, 16, 17, 18, 19, 20]",3,242,10,stress,9,full_coverage_and_all_discovered_cleared,152,4709.214518,0.17152291699312627
18,0,True,boundary_min__n10__positive,boundary_min,10,10,10,174,0.16494600000000048,10,,0,162,q3_square9_h1000_active,[],15963.788810700908,0,0.0,420.3757762,"[2, 6, 13, 14, 15, 16, 17, 18, 19, 20]",3,242,10,stress,9,full_coverage_and_all_discovered_cleared,151,4203.757762,0.1652992499875836
16,0,True,boundary_min__n10__positive,boundary_min,10,10,10,172,0.15403300000001252,10,,0,160,q3_square9_h1100_active,[],14871.238830933657,0,0.0,397.5247762,"[2, 6, 13, 14, 15, 16, 17, 18, 19, 20]",3,242,10,stress,9,full_coverage_and_all_discovered_cleared,151,3975.247762,0.15555308299371973
14,0,True,boundary_min__n10__positive,boundary_min,10,10,10,170,0.1245490000000018,10,,0,158,q3_square9_h1200_active,[],14057.079036986204,0,0.0,380.241581,"[2, 6, 13, 14, 15, 16, 17, 18, 19, 20]",3,242,10,stress,9,full_coverage_and_all_discovered_cleared,151,3802.41581,0.12480295897694305
16,0,True,boundary_min__n10__positive,boundary_min,10,10,10,172,0.14325399999999888,10,,0,160,q3_alternating9_active,[],17518.456236867678,0,0.0,450.46912460000004,"[2, 6, 13, 14, 15, 16, 17, 18, 19, 20]",3,242,10,stress,9,full_coverage_and_all_discovered_cleared,151,4504.691246,0.14367958303773776
16,0,True,boundary_min__n10__positive,boundary_min,10,10,10,172,0.14423600000000647,10,,0,160,q3_alternating9_wide_active,[],16889.8240898396,0,0.0,437.8964817,"[2, 6, 13, 14, 15, 16, 17, 18, 19, 20]",3,242,10,stress,9,full_coverage_and_all_discovered_cleared,151,4378.964817,0.1446486670174636
16,0,True,boundary_min__n10__negative,boundary_min,10,10,10,167,0.1589699999999965,10,,0,155,baseline_peer9_active,[],16504.586614695923,0,0.0,426.89173229999994,"[2, 6, 13, 14, 15, 16, 17, 18, 19, 20]",3,243,10,stress,9,full_coverage_and_all_discovered_cleared,143,4268.917323,0.16140149999409914
18,0,True,boundary_min__n10__negative,boundary_min,10,10,10,176,0.17624899999999855,10,,0,164,q3_square9_h860_active,[],18805.1909178294,0,0.0,478.3038184,"[2, 6, 13, 14, 15, 16, 17, 18, 19, 20]",3,243,10,stress,9,full_coverage_and_all_discovered_cleared,152,4783.038184,0.17668120795860887
18,0,True,boundary_min__n10__negative,boundary_min,10,10,10,176,0.17151699999999437,10,,0,164,q3_square9_h900_active,[],18432.19926735704,0,0.0,470.843985,"[2, 6, 13, 14, 15, 16, 17, 18, 19, 20]",3,243,10,stress,9,full_coverage_and_all_discovered_cleared,152,4708.43985,0.1718998330179602
18,0,True,boundary_min__n10__negative,boundary_min,10,10,10,174,0.18138299999999674,10,,0,162,q3_square9_h1000_active,[],15991.482402966076,0,0.0,420.9296478,"[2, 6, 13, 14, 15, 16, 17, 18, 19, 20]",3,243,10,stress,9,full_coverage_and_all_discovered_cleared,151,4209.296478,0.1818117499933578
18,0,True,boundary_min__n10__negative,boundary_min,10,10,10,174,0.18523700000000076,10,,0,162,q3_square9_h1100_active,[],14946.435859085599,0,0.0,400.0287167,"[2, 6, 13, 14, 15, 16, 17, 18, 19, 20]",3,243,10,stress,9,full_coverage_and_all_discovered_cleared,151,4000.287167,0.1856815840001218
18,0,True,boundary_min__n10__negative,boundary_min,10,10,10,174,0.1863920000000121,10,,0,162,q3_square9_h1200_active,[],14220.847431138156,0,0.0,385.5169488,"[2, 6, 13, 14, 15, 16, 17, 18, 19, 20]",3,243,10,stress,9,full_coverage_and_all_discovered_cleared,151,3855.169488,0.18698554200818762
16,0,True,boundary_min__n10__negative,boundary_min,10,10,10,172,0.152315999999999,10,,0,160,q3_alternating9_active,[],17478.833259971205,0,0.0,449.6766652,"[2, 6, 13, 14, 15, 16, 17, 18, 19, 20]",3,243,10,stress,9,full_coverage_and_all_discovered_cleared,151,4496.766652,0.15261354099493474
16,0,True,boundary_min__n10__negative,boundary_min,10,10,10,172,0.14803799999999967,10,,0,160,q3_alternating9_wide_active,[],16854.651791227425,0,0.0,437.1930356,"[2, 6, 13, 14, 15, 16, 17, 18, 19, 20]",3,243,10,stress,9,full_coverage_and_all_discovered_cleared,151,4371.930356,0.14837925002211705
15,0,True,boundary_min__n10__spatial,boundary_min,10,10,10,166,0.14570799999999906,10,,0,154,baseline_peer9_active,[],16518.414023848596,0,0.0,426.66828050000004,"[2, 6, 13, 14, 15, 16, 17, 18, 19, 20]",3,244,10,stress,9,full_coverage_and_all_discovered_cleared,143,4266.682805,0.14604483300354332
17,0,True,boundary_min__n10__spatial,boundary_min,10,10,10,175,0.16236599999999157,10,,0,163,q3_square9_h860_active,[],18831.434920908196,0,0.0,478.3286983,"[2, 6, 13, 14, 15, 16, 17, 18, 19, 20]",3,244,10,stress,9,full_coverage_and_all_discovered_cleared,152,4783.286983,0.16276124998694286
16,0,True,boundary_min__n10__spatial,boundary_min,10,10,10,174,0.15253300000000536,10,,0,162,q3_square9_h900_active,[],18401.764090631917,0,0.0,469.23528150000004,"[2, 6, 13, 14, 15, 16, 17, 18, 19, 20]",3,244,10,stress,9,full_coverage_and_all_discovered_cleared,152,4692.352815,0.15286179195391014
16,0,True,boundary_min__n10__spatial,boundary_min,10,10,10,172,0.1552769999999981,10,,0,160,q3_square9_h1000_active,[],15993.963170707955,0,0.0,419.9792633,"[2, 6, 13, 14, 15, 16, 17, 18, 19, 20]",3,244,10,stress,9,full_coverage_and_all_discovered_cleared,151,4199.792633,0.15562845900421962
13,0,True,boundary_min__n10__spatial,boundary_min,10,10,10,169,0.11411200000000576,10,,0,157,q3_square9_h1100_active,[],14853.035995716164,0,0.0,395.66071980000004,"[2, 6, 13, 14, 15, 16, 17, 18, 19, 20]",3,244,10,stress,9,full_coverage_and_all_discovered_cleared,151,3956.607198,0.1143933329731226
15,0,True,boundary_min__n10__spatial,boundary_min,10,10,10,171,0.14062799999999243,10,,0,159,q3_square9_h1200_active,[],14132.80778552084,0,0.0,382.2561556,"[2, 6, 13, 14, 15, 16, 17, 18, 19, 20]",3,244,10,stress,9,full_coverage_and_all_discovered_cleared,151,3822.561556,0.14095283398637548
15,0,True,boundary_min__n10__spatial,boundary_min,10,10,10,171,0.13389800000000207,10,,0,159,q3_alternating9_active,[],17520.22939835773,0,0.0,450.00458790000005,"[2, 6, 13, 14, 15, 16, 17, 18, 19, 20]",3,244,10,stress,9,full_coverage_and_all_discovered_cleared,151,4500.045879,0.13405629101907834
16,0,True,boundary_min__n10__spatial,boundary_min,10,10,10,172,0.14610800000001234,10,,0,160,q3_alternating9_wide_active,[],16913.267606022775,0,0.0,438.3653521,"[2, 6, 13, 14, 15, 16, 17, 18, 19, 20]",3,244,10,stress,9,full_coverage_and_all_discovered_cleared,151,4383.653521,0.1464585840003565
24,0,True,boundary_min__n16__positive,boundary_min,16,16,16,159,0.2204460000000097,16,,0,141,baseline_peer9_active,[],20726.25769111856,0,0.0,316.2032209375,"[1, 2, 3, 5, 6, 7, 9, 10, 11, 12, 13, 14, 16, 18, 19, 20]",3,245,16,stress,9,full_coverage_and_all_discovered_cleared,129,5059.251535,0.2209268330479972
28,0,True,boundary_min__n16__positive,boundary_min,16,16,16,167,0.249645000000001,16,,0,149,q3_square9_h860_active,[],27161.63676740905,0,0.0,399.39545925,"[1, 2, 3, 5, 6, 7, 9, 10, 11, 12, 13, 14, 16, 18, 19, 20]",3,245,16,stress,9,full_coverage_and_all_discovered_cleared,133,6390.327348,0.25012766697909683
28,0,True,boundary_min__n16__positive,boundary_min,16,16,16,167,0.25013399999998853,16,,0,149,q3_square9_h900_active,[],26532.543106956447,0,0.0,391.5317888125,"[1, 2, 3, 5, 6, 7, 9, 10, 11, 12, 13, 14, 16, 18, 19, 20]",3,245,16,stress,9,full_coverage_and_all_discovered_cleared,133,6264.508621,0.25069633399834856
28,0,True,boundary_min__n16__positive,boundary_min,16,16,16,167,0.25149200000001315,16,,0,149,q3_square9_h1000_active,[],25111.06521789185,0,0.0,373.76331525,"[1, 2, 3, 5, 6, 7, 9, 10, 11, 12, 13, 14, 16, 18, 19, 20]",3,245,16,stress,9,full_coverage_and_all_discovered_cleared,133,5980.213044,0.2521342919790186
28,0,True,boundary_min__n16__positive,boundary_min,16,16,16,167,0.2508980000000065,16,,0,149,q3_square9_h1100_active,[],23953.420251795425,0,0.0,359.292752875,"[1, 2, 3, 5, 6, 7, 9, 10, 11, 12, 13, 14, 16, 18, 19, 20]",3,245,16,stress,9,full_coverage_and_all_discovered_cleared,133,5748.684046,0.25146475003566593
24,0,True,boundary_min__n16__positive,boundary_min,16,16,16,159,0.2041019999999918,16,,0,141,q3_square9_h1200_active,[],18610.51158008922,0,0.0,289.7563945625,"[1, 2, 3, 5, 6, 7, 9, 10, 11, 12, 13, 14, 16, 18, 19, 20]",3,245,16,stress,9,full_coverage_and_all_discovered_cleared,129,4636.102313,0.20462904201122
28,0,True,boundary_min__n16__positive,boundary_min,16,16,16,174,0.24989999999999668,16,,0,156,q3_alternating9_active,[],25345.435550804363,0,0.0,379.317944,"[1, 2, 3, 5, 6, 7, 9, 10, 11, 12, 13, 14, 16, 18, 19, 20]",3,245,16,stress,9,full_coverage_and_all_discovered_cleared,140,6069.087104,0.25058154202997684
28,0,True,boundary_min__n16__positive,boundary_min,16,16,16,167,0.24940600000000757,16,,0,149,q3_alternating9_wide_active,[],24756.594861826354,0,0.0,369.33243575,"[1, 2, 3, 5, 6, 7, 9, 10, 11, 12, 13, 14, 16, 18, 19, 20]",3,245,16,stress,9,full_coverage_and_all_discovered_cleared,133,5909.318972,0.24991779203992337
31,0,True,boundary_min__n16__negative,boundary_min,16,16,16,166,0.33695000000000164,16,,0,148,baseline_peer9_active,[],19887.939646428087,0,0.0,307.9117453125,"[1, 2, 3, 5, 6, 7, 9, 10, 11, 12, 13, 14, 16, 18, 19, 20]",3,246,16,stress,9,full_coverage_and_all_discovered_cleared,129,4926.587925,0.33848375000525266
32,0,True,boundary_min__n16__negative,boundary_min,16,16,16,171,0.34760700000001066,16,,0,153,q3_square9_h860_active,[],27444.841963752613,0,0.0,404.185524625,"[1, 2, 3, 5, 6, 7, 9, 10, 11, 12, 13, 14, 16, 18, 19, 20]",3,246,16,stress,9,full_coverage_and_all_discovered_cleared,133,6466.968394,0.34854683303274214
29,0,True,boundary_min__n16__negative,boundary_min,16,16,16,168,0.30890099999999165,16,,0,150,q3_square9_h900_active,[],26689.21374929165,0,0.0,393.8026718125,"[1, 2, 3, 5, 6, 7, 9, 10, 11, 12, 13, 14, 16, 18, 19, 20]",3,246,16,stress,9,full_coverage_and_all_discovered_cleared,133,6300.842749,0.30968008300988004
29,0,True,boundary_min__n16__negative,boundary_min,16,16,16,168,0.3072519999999912,16,,0,150,q3_square9_h1000_active,[],25290.356869343443,0,0.0,376.3169606875,"[1, 2, 3, 5, 6, 7, 9, 10, 11, 12, 13, 14, 16, 18, 19, 20]",3,246,16,stress,9,full_coverage_and_all_discovered_cleared,133,6021.071371,0.30789937503868714
24,0,True,boundary_min__n16__negative,boundary_min,16,16,16,163,0.2610919999999908,16,,0,145,q3_square9_h1100_active,[],23774.405943161517,0,0.0,355.8050739375,"[1, 2, 3, 5, 6, 7, 9, 10, 11, 12, 13, 14, 16, 18, 19, 20]",3,246,16,stress,9,full_coverage_and_all_discovered_cleared,133,5692.881183,0.26175241702003404
28,0,True,boundary_min__n16__negative,boundary_min,16,16,16,163,0.31759200000000476,16,,0,145,q3_square9_h1200_active,[],18857.157427649316,0,0.0,294.0894680625,"[1, 2, 3, 5, 6, 7, 9, 10, 11, 12, 13, 14, 16, 18, 19, 20]",3,246,16,stress,9,full_coverage_and_all_discovered_cleared,129,4705.431489,0.31863454199628904
28,0,True,boundary_min__n16__negative,boundary_min,16,16,16,174,0.30346500000000276,16,,0,156,q3_alternating9_active,[],25431.512490922447,0,0.0,380.3939063125,"[1, 2, 3, 5, 6, 7, 9, 10, 11, 12, 13, 14, 16, 18, 19, 20]",3,246,16,stress,9,full_coverage_and_all_discovered_cleared,140,6086.302501,0.30421470798319206
24,0,True,boundary_min__n16__negative,boundary_min,16,16,16,163,0.2583489999999955,16,,0,145,q3_alternating9_wide_active,[],24878.94937134588,0,0.0,369.611867625,"[1, 2, 3, 5, 6, 7, 9, 10, 11, 12, 13, 14, 16, 18, 19, 20]",3,246,16,stress,9,full_coverage_and_all_discovered_cleared,133,5913.789882,0.2590363749768585
29,0,True,boundary_min__n16__spatial,boundary_min,16,16,16,164,0.272318999999996,16,,0,146,baseline_peer9_active,[],20368.89560949538,0,0.0,313.298695,"[1, 2, 3, 5, 6, 7, 9, 10, 11, 12, 13, 14, 16, 18, 19, 20]",3,247,16,stress,9,full_coverage_and_all_discovered_cleared,129,5012.77912,0.2728030830039643
28,0,True,boundary_min__n16__spatial,boundary_min,16,16,16,167,0.26494399999999985,16,,0,149,q3_square9_h860_active,[],27238.790677397003,0,0.0,400.35988325,"[1, 2, 3, 5, 6, 7, 9, 10, 11, 12, 13, 14, 16, 18, 19, 20]",3,247,16,stress,9,full_coverage_and_all_discovered_cleared,133,6405.758132,0.26551108300918713
27,0,True,boundary_min__n16__spatial,boundary_min,16,16,16,166,0.2610559999999964,16,,0,148,q3_square9_h900_active,[],26876.68982471408,0,0.0,395.5211228125,"[1, 2, 3, 5, 6, 7, 9, 10, 11, 12, 13, 14, 16, 18, 19, 20]",3,247,16,stress,9,full_coverage_and_all_discovered_cleared,133,6328.337965,0.2615602500154637
24,0,True,boundary_min__n16__spatial,boundary_min,16,16,16,163,0.2220789999999937,16,,0,145,q3_square9_h1000_active,[],25084.58244644131,0,0.0,372.182280375,"[1, 2, 3, 5, 6, 7, 9, 10, 11, 12, 13, 14, 16, 18, 19, 20]",3,247,16,stress,9,full_coverage_and_all_discovered_cleared,133,5954.916486,0.22247462498489767
23,0,True,boundary_min__n16__spatial,boundary_min,16,16,16,162,0.21828399999999704,16,,0,144,q3_square9_h1100_active,[],23855.98359032582,0,0.0,356.5122948125,"[1, 2, 3, 5, 6, 7, 9, 10, 11, 12, 13, 14, 16, 18, 19, 20]",3,247,16,stress,9,full_coverage_and_all_discovered_cleared,133,5704.196717,0.21887633297592402
25,0,True,boundary_min__n16__spatial,boundary_min,16,16,16,160,0.24982800000000793,16,,0,142,q3_square9_h1200_active,[],18759.31105609536,0,0.0,291.9288880625,"[1, 2, 3, 5, 6, 7, 9, 10, 11, 12, 13, 14, 16, 18, 19, 20]",3,247,16,stress,9,full_coverage_and_all_discovered_cleared,129,4670.862209,0.2504612909979187
28,0,True,boundary_min__n16__spatial,boundary_min,16,16,16,174,0.25913599999999803,16,,0,156,q3_alternating9_active,[],25448.428876674487,0,0.0,380.6053608125,"[1, 2, 3, 5, 6, 7, 9, 10, 11, 12, 13, 14, 16, 18, 19, 20]",3,247,16,stress,9,full_coverage_and_all_discovered_cleared,140,6089.685773,0.2599463330116123
25,0,True,boundary_min__n16__spatial,boundary_min,16,16,16,164,0.2469030000000032,16,,0,146,q3_alternating9_wide_active,[],24995.62979448708,0,0.0,371.3828726875,"[1, 2, 3, 5, 6, 7, 9, 10, 11, 12, 13, 14, 16, 18, 19, 20]",3,247,16,stress,9,full_coverage_and_all_discovered_cleared,133,5942.125963,0.24752787500619888
16,0,True,near_collinear_min__n10__positive,near_collinear_min,10,10,10,140,0.1393030000000124,10,,0,128,baseline_peer9_active,[],16274.216844796223,0,0.0,405.8843372,"[4, 6, 10, 12, 14, 15, 16, 17, 18, 20]",3,248,10,stress,9,full_coverage_and_all_discovered_cleared,114,4058.843372,0.1396594580146484
16,0,True,near_collinear_min__n10__positive,near_collinear_min,10,10,10,144,0.13388600000000395,10,,0,132,q3_square9_h860_active,[],16882.965774148484,0,0.0,420.65931570000004,"[4, 6, 10, 12, 14, 15, 16, 17, 18, 20]",3,248,10,stress,9,full_coverage_and_all_discovered_cleared,120,4206.593157,0.13408937503118068
16,0,True,near_collinear_min__n10__positive,near_collinear_min,10,10,10,144,0.13905200000000661,10,,0,132,q3_square9_h900_active,[],17091.576424378785,0,0.0,424.83152870000004,"[4, 6, 10, 12, 14, 15, 16, 17, 18, 20]",3,248,10,stress,9,full_coverage_and_all_discovered_cleared,120,4248.315287,0.13935875002061948
16,0,True,near_collinear_min__n10__positive,near_collinear_min,10,10,10,144,0.13386700000000928,10,,0,132,q3_square9_h1000_active,[],16635.57489183108,0,0.0,415.7114981,"[4, 6, 10, 12, 14, 15, 16, 17, 18, 20]",3,248,10,stress,9,full_coverage_and_all_discovered_cleared,120,4157.114981,0.13417212496278808
16,0,True,near_collinear_min__n10__positive,near_collinear_min,10,10,10,144,0.14413899999999558,10,,0,132,q3_square9_h1100_active,[],17044.32765860035,0,0.0,423.8865532,"[4, 6, 10, 12, 14, 15, 16, 17, 18, 20]",3,248,10,stress,9,full_coverage_and_all_discovered_cleared,120,4238.865532,0.14596833300311118
16,0,True,near_collinear_min__n10__positive,near_collinear_min,10,10,10,144,0.1393369999999976,10,,0,132,q3_square9_h1200_active,[],17586.89749547883,0,0.0,434.7379502,"[4, 6, 10, 12, 14, 15, 16, 17, 18, 20]",3,248,10,stress,9,full_coverage_and_all_discovered_cleared,120,4347.379502,0.1396682090125978
16,0,True,near_collinear_min__n10__positive,near_collinear_min,10,10,10,142,0.13394999999999868,10,,0,130,q3_alternating9_active,[],16976.293539865033,0,0.0,421.42587089999995,"[4, 6, 10, 12, 14, 15, 16, 17, 18, 20]",3,248,10,stress,9,full_coverage_and_all_discovered_cleared,119,4214.258709,0.13434504199540243
16,0,True,near_collinear_min__n10__positive,near_collinear_min,10,10,10,140,0.13898000000000366,10,,0,128,q3_alternating9_wide_active,[],16823.246208660257,0,0.0,416.8649245,"[4, 6, 10, 12, 14, 15, 16, 17, 18, 20]",3,248,10,stress,9,full_coverage_and_all_discovered_cleared,114,4168.649245,0.13936812500469387
16,0,True,near_collinear_min__n10__negative,near_collinear_min,10,10,10,140,0.1293849999999992,10,,0,128,baseline_peer9_active,[],16474.787472253523,0,0.0,409.8957496,"[4, 6, 10, 12, 14, 15, 16, 17, 18, 20]",3,249,10,stress,9,full_coverage_and_all_discovered_cleared,114,4098.957496,0.12969595898175612
16,0,True,near_collinear_min__n10__negative,near_collinear_min,10,10,10,144,0.1295989999999989,10,,0,132,q3_square9_h860_active,[],16119.966694502984,0,0.0,405.3993338,"[4, 6, 10, 12, 14, 15, 16, 17, 18, 20]",3,249,10,stress,9,full_coverage_and_all_discovered_cleared,120,4053.993338,0.129910750023555
16,0,True,near_collinear_min__n10__negative,near_collinear_min,10,10,10,144,0.12302400000000091,10,,0,132,q3_square9_h900_active,[],17153.080065325146,0,0.0,426.06160120000004,"[4, 6, 10, 12, 14, 15, 16, 17, 18, 20]",3,249,10,stress,9,full_coverage_and_all_discovered_cleared,120,4260.616012,0.12328704202082008
16,0,True,near_collinear_min__n10__negative,near_collinear_min,10,10,10,144,0.12265000000000725,10,,0,132,q3_square9_h1000_active,[],17590.54170055432,0,0.0,434.8108338,"[4, 6, 10, 12, 14, 15, 16, 17, 18, 20]",3,249,10,stress,9,full_coverage_and_all_discovered_cleared,120,4348.108338,0.12288966699270532
16,0,True,near_collinear_min__n10__negative,near_collinear_min,10,10,10,144,0.12719799999999282,10,,0,132,q3_square9_h1100_active,[],18052.814954258232,0,0.0,444.0562992,"[4, 6, 10, 12, 14, 15, 16, 17, 18, 20]",3,249,10,stress,9,full_coverage_and_all_discovered_cleared,120,4440.562992,0.12753200001316145
16,0,True,near_collinear_min__n10__negative,near_collinear_min,10,10,10,144,0.11990300000000786,10,,0,132,q3_square9_h1200_active,[],17683.792437125,0,0.0,436.675849,"[4, 6, 10, 12, 14, 15, 16, 17, 18, 20]",3,249,10,stress,9,full_coverage_and_all_discovered_cleared,120,4366.75849,0.12017320899758488
16,0,True,near_collinear_min__n10__negative,near_collinear_min,10,10,10,142,0.13848499999998864,10,,0,130,q3_alternating9_active,[],17110.683941063286,0,0.0,424.1136789,"[4, 6, 10, 12, 14, 15, 16, 17, 18, 20]",3,249,10,stress,9,full_coverage_and_all_discovered_cleared,119,4241.136789,0.13883354101562873
16,0,True,near_collinear_min__n10__negative,near_collinear_min,10,10,10,140,0.12417500000000814,10,,0,128,q3_alternating9_wide_active,[],16892.076492912194,0,0.0,418.24152990000005,"[4, 6, 10, 12, 14, 15, 16, 17, 18, 20]",3,249,10,stress,9,full_coverage_and_all_discovered_cleared,114,4182.415299,0.12451933301053941
16,0,True,near_collinear_min__n10__spatial,near_collinear_min,10,10,10,140,0.13405699999999854,10,,0,128,baseline_peer9_active,[],17143.054082608098,0,0.0,423.2610816,"[4, 6, 10, 12, 14, 15, 16, 17, 18, 20]",3,250,10,stress,9,full_coverage_and_all_discovered_cleared,114,4232.610816,0.13436008302960545
16,0,True,near_collinear_min__n10__spatial,near_collinear_min,10,10,10,144,0.13182700000000125,10,,0,132,q3_square9_h860_active,[],16679.76862385317,0,0.0,416.5953724,"[4, 6, 10, 12, 14, 15, 16, 17, 18, 20]",3,250,10,stress,9,full_coverage_and_all_discovered_cleared,120,4165.953724,0.13216066698078066
16,0,True,near_collinear_min__n10__spatial,near_collinear_min,10,10,10,144,0.13096800000000997,10,,0,132,q3_square9_h900_active,[],17286.246139630483,0,0.0,428.7249229,"[4, 6, 10, 12, 14, 15, 16, 17, 18, 20]",3,250,10,stress,9,full_coverage_and_all_discovered_cleared,120,4287.249229,0.1311753750196658
16,0,True,near_collinear_min__n10__spatial,near_collinear_min,10,10,10,144,0.12659400000001142,10,,0,132,q3_square9_h1000_active,[],17341.49875994742,0,0.0,429.82997509999996,"[4, 6, 10, 12, 14, 15, 16, 17, 18, 20]",3,250,10,stress,9,full_coverage_and_all_discovered_cleared,120,4298.299751,0.1269458329770714
16,0,True,near_collinear_min__n10__spatial,near_collinear_min,10,10,10,144,0.12930900000000634,10,,0,132,q3_square9_h1100_active,[],18259.513922951985,0,0.0,448.19027859999994,"[4, 6, 10, 12, 14, 15, 16, 17, 18, 20]",3,250,10,stress,9,full_coverage_and_all_discovered_cleared,120,4481.902786,0.1297175419749692
16,0,True,near_collinear_min__n10__spatial,near_collinear_min,10,10,10,144,0.12540099999999654,10,,0,132,q3_square9_h1200_active,[],17814.274274577547,0,0.0,439.28548549999994,"[4, 6, 10, 12, 14, 15, 16, 17, 18, 20]",3,250,10,stress,9,full_coverage_and_all_discovered_cleared,120,4392.854855,0.1257237499812618
16,0,True,near_collinear_min__n10__spatial,near_collinear_min,10,10,10,142,0.13318799999998987,10,,0,130,q3_alternating9_active,[],17534.571454744593,0,0.0,432.59142920000005,"[4, 6, 10, 12, 14, 15, 16, 17, 18, 20]",3,250,10,stress,9,full_coverage_and_all_discovered_cleared,119,4325.914292,0.13345991703681648
16,0,True,near_collinear_min__n10__spatial,near_collinear_min,10,10,10,140,0.13114500000000362,10,,0,128,q3_alternating9_wide_active,[],17412.482293319557,0,0.0,428.6496459,"[4, 6, 10, 12, 14, 15, 16, 17, 18, 20]",3,250,10,stress,9,full_coverage_and_all_discovered_cleared,114,4286.496459,0.13153891696128994
26,0,True,near_collinear_min__n16__positive,near_collinear_min,16,16,16,108,0.2139619999999951,16,,0,90,baseline_peer9_active,[],18124.273330895132,0,0.0,264.36591675,"[1, 2, 3, 5, 7, 8, 11, 12, 13, 14, 15, 16, 17, 18, 19, 20]",3,251,16,stress,6,public_upper_bound_16,75,4229.854668,0.2143721249885857
24,0,True,near_collinear_min__n16__positive,near_collinear_min,16,16,16,118,0.1952529999999939,16,,0,100,q3_square9_h860_active,[],19471.059791449155,0,0.0,285.0757474375,"[1, 2, 3, 5, 7, 8, 11, 12, 13, 14, 15, 16, 17, 18, 19, 20]",3,251,16,stress,7,public_upper_bound_16,87,4561.211959,0.19561049999902025
22,0,True,near_collinear_min__n16__positive,near_collinear_min,16,16,16,116,0.1766850000000062,16,,0,98,q3_square9_h900_active,[],18020.788448248517,0,0.0,266.32235575,"[1, 2, 3, 5, 7, 8, 11, 12, 13, 14, 15, 16, 17, 18, 19, 20]",3,251,16,stress,7,public_upper_bound_16,87,4261.157692,0.1771185839897953
22,0,True,near_collinear_min__n16__positive,near_collinear_min,16,16,16,116,0.17992900000000134,16,,0,98,q3_square9_h1000_active,[],19057.119848536593,0,0.0,279.27649825,"[1, 2, 3, 5, 7, 8, 11, 12, 13, 14, 15, 16, 17, 18, 19, 20]",3,251,16,stress,7,public_upper_bound_16,87,4468.423972,0.18039633298758417
22,0,True,near_collinear_min__n16__positive,near_collinear_min,16,16,16,116,0.1774690000000021,16,,0,98,q3_square9_h1100_active,[],18424.319112233505,0,0.0,271.3664889375,"[1, 2, 3, 5, 7, 8, 11, 12, 13, 14, 15, 16, 17, 18, 19, 20]",3,251,16,stress,7,public_upper_bound_16,87,4341.863823,0.1778282499872148
24,0,True,near_collinear_min__n16__positive,near_collinear_min,16,16,16,118,0.19652600000000575,16,,0,100,q3_square9_h1200_active,[],18142.831491668996,0,0.0,268.4728936875,"[1, 2, 3, 5, 7, 8, 11, 12, 13, 14, 15, 16, 17, 18, 19, 20]",3,251,16,stress,7,public_upper_bound_16,87,4295.566299,0.19699416699586436
26,0,True,near_collinear_min__n16__positive,near_collinear_min,16,16,16,114,0.2191010000000091,16,,0,96,q3_alternating9_active,[],18905.350116543403,0,0.0,276.4418764375,"[1, 2, 3, 5, 7, 8, 11, 12, 13, 14, 15, 16, 17, 18, 19, 20]",3,251,16,stress,7,public_upper_bound_16,82,4423.070023,0.2198948340374045
26,0,True,near_collinear_min__n16__positive,near_collinear_min,16,16,16,108,0.21299500000000648,16,,0,90,q3_alternating9_wide_active,[],18137.65258403102,0,0.0,264.5331574375,"[1, 2, 3, 5, 7, 8, 11, 12, 13, 14, 15, 16, 17, 18, 19, 20]",3,251,16,stress,6,public_upper_bound_16,75,4232.530519,0.21351016603875905
26,0,True,near_collinear_min__n16__negative,near_collinear_min,16,16,16,108,0.20437200000000644,16,,0,90,baseline_peer9_active,[],18465.577738957996,0,0.0,268.6322218125,"[1, 2, 3, 5, 7, 8, 11, 12, 13, 14, 15, 16, 17, 18, 19, 20]",3,252,16,stress,6,public_upper_bound_16,75,4298.115549,0.20480825001141056
22,0,True,near_collinear_min__n16__negative,near_collinear_min,16,16,16,116,0.1668939999999992,16,,0,98,q3_square9_h860_active,[],17781.798862029584,0,0.0,263.33498575,"[1, 2, 3, 5, 7, 8, 11, 12, 13, 14, 15, 16, 17, 18, 19, 20]",3,252,16,stress,7,public_upper_bound_16,87,4213.359772,0.16731870803050697
22,0,True,near_collinear_min__n16__negative,near_collinear_min,16,16,16,116,0.1729920000000078,16,,0,98,q3_square9_h900_active,[],18501.97864818156,0,0.0,272.3372330625,"[1, 2, 3, 5, 7, 8, 11, 12, 13, 14, 15, 16, 17, 18, 19, 20]",3,252,16,stress,7,public_upper_bound_16,87,4357.395729,0.17527508299099281
22,0,True,near_collinear_min__n16__negative,near_collinear_min,16,16,16,116,0.16051900000000785,16,,0,98,q3_square9_h1000_active,[],18624.96553811375,0,0.0,273.8745691875,"[1, 2, 3, 5, 7, 8, 11, 12, 13, 14, 15, 16, 17, 18, 19, 20]",3,252,16,stress,7,public_upper_bound_16,87,4381.993107,0.16097858297871426
22,0,True,near_collinear_min__n16__negative,near_collinear_min,16,16,16,116,0.1676740000000052,16,,0,98,q3_square9_h1100_active,[],18266.953926370246,0,0.0,269.39942425,"[1, 2, 3, 5, 7, 8, 11, 12, 13, 14, 15, 16, 17, 18, 19, 20]",3,252,16,stress,7,public_upper_bound_16,87,4310.390788,0.16802333400119096
24,0,True,near_collinear_min__n16__negative,near_collinear_min,16,16,16,118,0.17352699999999288,16,,0,100,q3_square9_h1200_active,[],17876.62788606402,0,0.0,265.14534875,"[1, 2, 3, 5, 7, 8, 11, 12, 13, 14, 15, 16, 17, 18, 19, 20]",3,252,16,stress,7,public_upper_bound_16,87,4242.32558,0.1740092079853639
24,0,True,near_collinear_min__n16__negative,near_collinear_min,16,16,16,112,0.19699200000002293,16,,0,94,q3_alternating9_active,[],19133.839819118228,0,0.0,278.67299775,"[1, 2, 3, 5, 7, 8, 11, 12, 13, 14, 15, 16, 17, 18, 19, 20]",3,252,16,stress,7,public_upper_bound_16,82,4458.767964,0.19747437501791865
26,0,True,near_collinear_min__n16__negative,near_collinear_min,16,16,16,108,0.20611400000001368,16,,0,90,q3_alternating9_wide_active,[],18451.526919457014,0,0.0,268.456586625,"[1, 2, 3, 5, 7, 8, 11, 12, 13, 14, 15, 16, 17, 18, 19, 20]",3,252,16,stress,6,public_upper_bound_16,75,4295.305386,0.20664937503170222
26,0,True,near_collinear_min__n16__spatial,near_collinear_min,16,16,16,108,0.20665900000000192,16,,0,90,baseline_peer9_active,[],18348.70493692447,0,0.0,267.1713118125,"[1, 2, 3, 5, 7, 8, 11, 12, 13, 14, 15, 16, 17, 18, 19, 20]",3,253,16,stress,6,public_upper_bound_16,75,4274.740989,0.20709024998359382
24,0,True,near_collinear_min__n16__spatial,near_collinear_min,16,16,16,118,0.1878420000000176,16,,0,100,q3_square9_h860_active,[],18653.54455118578,0,0.0,274.8568069375,"[1, 2, 3, 5, 7, 8, 11, 12, 13, 14, 15, 16, 17, 18, 19, 20]",3,253,16,stress,7,public_upper_bound_16,87,4397.708911,0.1883771670400165
22,0,True,near_collinear_min__n16__spatial,near_collinear_min,16,16,16,116,0.16229799999999273,16,,0,98,q3_square9_h900_active,[],17675.131372837077,0,0.0,262.0016423125,"[1, 2, 3, 5, 7, 8, 11, 12, 13, 14, 15, 16, 17, 18, 19, 20]",3,253,16,stress,7,public_upper_bound_16,87,4192.026277,0.16266012500273064
22,0,True,near_collinear_min__n16__spatial,near_collinear_min,16,16,16,116,0.16234899999997765,16,,0,98,q3_square9_h1000_active,[],18624.712081097874,0,0.0,273.8714011875,"[1, 2, 3, 5, 7, 8, 11, 12, 13, 14, 15, 16, 17, 18, 19, 20]",3,253,16,stress,7,public_upper_bound_16,87,4381.942419,0.16279625002061948
22,0,True,near_collinear_min__n16__spatial,near_collinear_min,16,16,16,116,0.16438499999998157,16,,0,98,q3_square9_h1100_active,[],18136.455865295316,0,0.0,267.7681985625,"[1, 2, 3, 5, 7, 8, 11, 12, 13, 14, 15, 16, 17, 18, 19, 20]",3,253,16,stress,7,public_upper_bound_16,87,4284.291177,0.1648754999623634
24,0,True,near_collinear_min__n16__spatial,near_collinear_min,16,16,16,118,0.18337599999998133,16,,0,100,q3_square9_h1200_active,[],17813.200020103355,0,0.0,264.3525003125,"[1, 2, 3, 5, 7, 8, 11, 12, 13, 14, 15, 16, 17, 18, 19, 20]",3,253,16,stress,7,public_upper_bound_16,87,4229.640005,0.18376116699073464
24,0,True,near_collinear_min__n16__spatial,near_collinear_min,16,16,16,112,0.19983400000000984,16,,0,94,q3_alternating9_active,[],19065.961806139476,0,0.0,277.82452275,"[1, 2, 3, 5, 7, 8, 11, 12, 13, 14, 15, 16, 17, 18, 19, 20]",3,253,16,stress,7,public_upper_bound_16,82,4445.192364,0.2003271669964306
26,0,True,near_collinear_min__n16__spatial,near_collinear_min,16,16,16,108,0.20224099999998657,16,,0,90,q3_alternating9_wide_active,[],18413.706485097075,0,0.0,267.9838313125,"[1, 2, 3, 5, 7, 8, 11, 12, 13, 14, 15, 16, 17, 18, 19, 20]",3,253,16,stress,6,public_upper_bound_16,75,4287.741301,0.20274733303813264
20,0,True,unknown_count_late__n10__positive,unknown_count_late,10,10,10,133,0.16337799999999447,10,,0,121,baseline_peer9_active,[],20798.879285290433,0,0.0,491.7775859,"[2, 3, 4, 5, 10, 11, 13, 14, 17, 20]",3,254,10,stress,9,full_coverage_and_all_discovered_cleared,103,4917.775859,0.16388412500964478
20,0,True,unknown_count_late__n10__positive,unknown_count_late,10,10,10,139,0.16571199999998498,10,,0,127,q3_square9_h860_active,[],20021.90342642685,0,0.0,479.8380684,"[2, 3, 4, 5, 10, 11, 13, 14, 17, 20]",3,254,10,stress,9,full_coverage_and_all_discovered_cleared,109,4798.380684,0.16607954195933416
20,0,True,unknown_count_late__n10__positive,unknown_count_late,10,10,10,139,0.16689600000000837,10,,0,127,q3_square9_h900_active,[],20262.696809038727,0,0.0,484.653936,"[2, 3, 4, 5, 10, 11, 13, 14, 17, 20]",3,254,10,stress,9,full_coverage_and_all_discovered_cleared,109,4846.53936,0.16724937496474013
20,0,True,unknown_count_late__n10__positive,unknown_count_late,10,10,10,139,0.16650900000001911,10,,0,127,q3_square9_h1000_active,[],20872.210246819843,0,0.0,496.8442049,"[2, 3, 4, 5, 10, 11, 13, 14, 17, 20]",3,254,10,stress,9,full_coverage_and_all_discovered_cleared,109,4968.442049,0.16684029198950157
20,0,True,unknown_count_late__n10__positive,unknown_count_late,10,10,10,139,0.16254700000001776,10,,0,127,q3_square9_h1100_active,[],21496.4962696981,0,0.0,509.3299253,"[2, 3, 4, 5, 10, 11, 13, 14, 17, 20]",3,254,10,stress,9,full_coverage_and_all_discovered_cleared,109,5093.299253,0.16305933299008757
20,0,True,unknown_count_late__n10__positive,unknown_count_late,10,10,10,139,0.1633290000000045,10,,0,127,q3_square9_h1200_active,[],22135.22944428851,0,0.0,522.1045887,"[2, 3, 4, 5, 10, 11, 13, 14, 17, 20]",3,254,10,stress,9,full_coverage_and_all_discovered_cleared,109,5221.045887,0.16374933399492875
19,0,True,unknown_count_late__n10__positive,unknown_count_late,10,10,10,133,0.14828900000000544,10,,0,121,q3_alternating9_active,[],20698.96000820586,0,0.0,489.97920020000004,"[2, 3, 4, 5, 10, 11, 13, 14, 17, 20]",3,254,10,stress,9,full_coverage_and_all_discovered_cleared,105,4899.792002,0.14866362500470132
19,0,True,unknown_count_late__n10__positive,unknown_count_late,10,10,10,133,0.14911199999997393,10,,0,121,q3_alternating9_wide_active,[],20885.450117398068,0,0.0,493.70900240000003,"[2, 3, 4, 5, 10, 11, 13, 14, 17, 20]",3,254,10,stress,9,full_coverage_and_all_discovered_cleared,105,4937.090024,0.14946670801145956
19,0,True,unknown_count_late__n10__negative,unknown_count_late,10,10,10,132,0.1535430000000133,10,,0,120,baseline_peer9_active,[],20599.773961843603,0,0.0,487.29547940000003,"[2, 3, 4, 5, 10, 11, 13, 14, 17, 20]",3,255,10,stress,9,full_coverage_and_all_discovered_cleared,103,4872.954794,0.15398204198572785
20,0,True,unknown_count_late__n10__negative,unknown_count_late,10,10,10,139,0.1629559999999799,10,,0,127,q3_square9_h860_active,[],20220.526717024117,0,0.0,483.81053439999994,"[2, 3, 4, 5, 10, 11, 13, 14, 17, 20]",3,255,10,stress,9,full_coverage_and_all_discovered_cleared,109,4838.105344,0.1634137500077486
20,0,True,unknown_count_late__n10__negative,unknown_count_late,10,10,10,139,0.16332499999998618,10,,0,127,q3_square9_h900_active,[],20459.51603156999,0,0.0,488.5903207,"[2, 3, 4, 5, 10, 11, 13, 14, 17, 20]",3,255,10,stress,9,full_coverage_and_all_discovered_cleared,109,4885.903207,0.16368912503821775
20,0,True,unknown_count_late__n10__negative,unknown_count_late,10,10,10,139,0.16338899999999512,10,,0,127,q3_square9_h1000_active,[],21067.626326396843,0,0.0,500.7525267,"[2, 3, 4, 5, 10, 11, 13, 14, 17, 20]",3,255,10,stress,9,full_coverage_and_all_discovered_cleared,109,5007.525267,0.16383350000251085
20,0,True,unknown_count_late__n10__negative,unknown_count_late,10,10,10,139,0.1626280000000122,10,,0,127,q3_square9_h1100_active,[],21691.01991718762,0,0.0,513.2203984,"[2, 3, 4, 5, 10, 11, 13, 14, 17, 20]",3,255,10,stress,9,full_coverage_and_all_discovered_cleared,109,5132.203984,0.1629680420155637
19,0,True,unknown_count_late__n10__negative,unknown_count_late,10,10,10,138,0.1587379999999996,10,,0,126,q3_square9_h1200_active,[],22297.086469982773,0,0.0,524.8417296,"[2, 3, 4, 5, 10, 11, 13, 14, 17, 20]",3,255,10,stress,9,full_coverage_and_all_discovered_cleared,109,5248.417296,0.15992824995191768
19,0,True,unknown_count_late__n10__negative,unknown_count_late,10,10,10,133,0.15301100000002066,10,,0,121,q3_alternating9_active,[],20449.32784982212,0,0.0,484.9865572,"[2, 3, 4, 5, 10, 11, 13, 14, 17, 20]",3,255,10,stress,9,full_coverage_and_all_discovered_cleared,105,4849.865572,0.15331725002033636
19,0,True,unknown_count_late__n10__negative,unknown_count_late,10,10,10,133,0.15211800000000153,10,,0,121,q3_alternating9_wide_active,[],20633.996905382002,0,0.0,488.67993829999995,"[2, 3, 4, 5, 10, 11, 13, 14, 17, 20]",3,255,10,stress,9,full_coverage_and_all_discovered_cleared,105,4886.799383,0.15247154101962224
20,0,True,unknown_count_late__n10__spatial,unknown_count_late,10,10,10,133,0.17464499999999816,10,,0,121,baseline_peer9_active,[],20744.191436558795,0,0.0,490.6838288,"[2, 3, 4, 5, 10, 11, 13, 14, 17, 20]",3,256,10,stress,9,full_coverage_and_all_discovered_cleared,103,4906.838288,0.17620587500277907
19,0,True,unknown_count_late__n10__spatial,unknown_count_late,10,10,10,138,0.15208699999999453,10,,0,126,q3_square9_h860_active,[],20324.733301868568,0,0.0,485.3946659,"[2, 3, 4, 5, 10, 11, 13, 14, 17, 20]",3,256,10,stress,9,full_coverage_and_all_discovered_cleared,109,4853.946659,0.1524000409990549
19,0,True,unknown_count_late__n10__spatial,unknown_count_late,10,10,10,138,0.1537360000000092,10,,0,126,q3_square9_h900_active,[],20563.441014491622,0,0.0,490.16882,"[2, 3, 4, 5, 10, 11, 13, 14, 17, 20]",3,256,10,stress,9,full_coverage_and_all_discovered_cleared,109,4901.6882,0.1541038749855943
19,0,True,unknown_count_late__n10__spatial,unknown_count_late,10,10,10,138,0.15416700000000105,10,,0,126,q3_square9_h1000_active,[],21170.55636782404,0,0.0,502.31112709999996,"[2, 3, 4, 5, 10, 11, 13, 14, 17, 20]",3,256,10,stress,9,full_coverage_and_all_discovered_cleared,109,5023.111271,0.15453254198655486
20,0,True,unknown_count_late__n10__spatial,unknown_count_late,10,10,10,139,0.16289800000001264,10,,0,127,q3_square9_h1100_active,[],21795.86785175472,0,0.0,515.3173568,"[2, 3, 4, 5, 10, 11, 13, 14, 17, 20]",3,256,10,stress,9,full_coverage_and_all_discovered_cleared,109,5153.173568,0.16335662500932813
20,0,True,unknown_count_late__n10__spatial,unknown_count_late,10,10,10,139,0.16707600000000866,10,,0,127,q3_square9_h1200_active,[],22448.58789305812,0,0.0,528.3717576,"[2, 3, 4, 5, 10, 11, 13, 14, 17, 20]",3,256,10,stress,9,full_coverage_and_all_discovered_cleared,109,5283.717576,0.16758641600608826
19,0,True,unknown_count_late__n10__spatial,unknown_count_late,10,10,10,133,0.15287200000000212,10,,0,121,q3_alternating9_active,[],20555.33671944293,0,0.0,487.10673429999997,"[2, 3, 4, 5, 10, 11, 13, 14, 17, 20]",3,256,10,stress,9,full_coverage_and_all_discovered_cleared,105,4871.067343,0.15331820800201967
20,0,True,unknown_count_late__n10__spatial,unknown_count_late,10,10,10,134,0.16305900000000406,10,,0,122,q3_alternating9_wide_active,[],20765.871479134177,0,0.0,491.8174296,"[2, 3, 4, 5, 10, 11, 13, 14, 17, 20]",3,256,10,stress,9,full_coverage_and_all_discovered_cleared,105,4918.174296,0.16343079099897295
31,0,True,unknown_count_late__n16__positive,unknown_count_late,16,16,16,74,0.24996000000001573,16,,0,56,baseline_peer9_active,[],19929.00722724559,0,0.0,274.05009025,"[2, 3, 4, 5, 6, 8, 10, 11, 12, 13, 15, 16, 17, 18, 19, 20]",3,257,16,stress,2,public_upper_bound_16,39,4384.801444,0.2505825830157846
31,0,True,unknown_count_late__n16__positive,unknown_count_late,16,16,16,104,0.25440000000000396,16,,0,86,q3_square9_h860_active,[],25316.48310885907,0,0.0,352.2685386875,"[2, 3, 4, 5, 6, 8, 10, 11, 12, 13, 15, 16, 17, 18, 19, 20]",3,257,16,stress,8,public_upper_bound_16,63,5636.296619,0.25507916702190414
31,0,True,unknown_count_late__n16__positive,unknown_count_late,16,16,16,104,0.2539649999999938,16,,0,86,q3_square9_h900_active,[],25555.19946260986,0,0.0,355.2524930625,"[2, 3, 4, 5, 6, 8, 10, 11, 12, 13, 15, 16, 17, 18, 19, 20]",3,257,16,stress,8,public_upper_bound_16,63,5684.039889,0.25452791701536626
31,0,True,unknown_count_late__n16__positive,unknown_count_late,16,16,16,104,0.25296399999999153,16,,0,86,q3_square9_h1000_active,[],26149.330488334424,0,0.0,362.6791309375,"[2, 3, 4, 5, 6, 8, 10, 11, 12, 13, 15, 16, 17, 18, 19, 20]",3,257,16,stress,8,public_upper_bound_16,63,5802.866095,0.25363962503615767
31,0,True,unknown_count_late__n16__positive,unknown_count_late,16,16,16,104,0.25245600000002355,16,,0,86,q3_square9_h1100_active,[],26744.090181115967,0,0.0,370.1136270625,"[2, 3, 4, 5, 6, 8, 10, 11, 12, 13, 15, 16, 17, 18, 19, 20]",3,257,16,stress,8,public_upper_bound_16,63,5921.818033,0.2529517079819925
31,0,True,unknown_count_late__n16__positive,unknown_count_late,16,16,16,104,0.25182399999999916,16,,0,86,q3_square9_h1200_active,[],27339.753683774758,0,0.0,377.559420875,"[2, 3, 4, 5, 6, 8, 10, 11, 12, 13, 15, 16, 17, 18, 19, 20]",3,257,16,stress,8,public_upper_bound_16,63,6040.950734,0.25245245796395466
30,0,True,unknown_count_late__n16__positive,unknown_count_late,16,16,16,78,0.23587599999999043,16,,0,60,q3_alternating9_active,[],20413.501562358644,0,0.0,281.668769375,"[2, 3, 4, 5, 6, 8, 10, 11, 12, 13, 15, 16, 17, 18, 19, 20]",3,257,16,stress,3,public_upper_bound_16,44,4506.70031,0.23643808299675584
30,0,True,unknown_count_late__n16__positive,unknown_count_late,16,16,16,78,0.23604599999998754,16,,0,60,q3_alternating9_wide_active,[],20488.94854589053,0,0.0,282.6118566875,"[2, 3, 4, 5, 6, 8, 10, 11, 12, 13, 15, 16, 17, 18, 19, 20]",3,257,16,stress,3,public_upper_bound_16,44,4521.789707,0.2366364580229856
30,0,True,unknown_count_late__n16__negative,unknown_count_late,16,16,16,73,0.23585399999998913,16,,0,55,baseline_peer9_active,[],20080.704679193797,0,0.0,275.6338085,"[2, 3, 4, 5, 6, 8, 10, 11, 12, 13, 15, 16, 17, 18, 19, 20]",3,258,16,stress,2,public_upper_bound_16,39,4410.140936,0.23633262497605756
31,0,True,unknown_count_late__n16__negative,unknown_count_late,16,16,16,104,0.24671699999998964,16,,0,86,q3_square9_h860_active,[],24962.642468698938,0,0.0,347.8455308125,"[2, 3, 4, 5, 6, 8, 10, 11, 12, 13, 15, 16, 17, 18, 19, 20]",3,258,16,stress,8,public_upper_bound_16,63,5565.528493,0.24723841599188745
31,0,True,unknown_count_late__n16__negative,unknown_count_late,16,16,16,104,0.24755500000000552,16,,0,86,q3_square9_h900_active,[],25198.249426522514,0,0.0,350.7906178125,"[2, 3, 4, 5, 6, 8, 10, 11, 12, 13, 15, 16, 17, 18, 19, 20]",3,258,16,stress,8,public_upper_bound_16,63,5612.649885,0.2481533329701051
31,0,True,unknown_count_late__n16__negative,unknown_count_late,16,16,16,104,0.2472050000000081,16,,0,86,q3_square9_h1000_active,[],25788.265504091316,0,0.0,358.1658188125,"[2, 3, 4, 5, 6, 8, 10, 11, 12, 13, 15, 16, 17, 18, 19, 20]",3,258,16,stress,8,public_upper_bound_16,63,5730.653101,0.24790220899740234
31,0,True,unknown_count_late__n16__negative,unknown_count_late,16,16,16,104,0.24833099999997899,16,,0,86,q3_square9_h1100_active,[],26379.86682134428,0,0.0,365.56083525,"[2, 3, 4, 5, 6, 8, 10, 11, 12, 13, 15, 16, 17, 18, 19, 20]",3,258,16,stress,8,public_upper_bound_16,63,5848.973364,0.248885250010062
30,0,True,unknown_count_late__n16__negative,unknown_count_late,16,16,16,103,0.23685600000001727,16,,0,85,q3_square9_h1200_active,[],26951.74457394487,0,0.0,372.3968071875,"[2, 3, 4, 5, 6, 8, 10, 11, 12, 13, 15, 16, 17, 18, 19, 20]",3,258,16,stress,8,public_upper_bound_16,63,5958.348915,0.23735116596799344
30,0,True,unknown_count_late__n16__negative,unknown_count_late,16,16,16,78,0.24124799999998459,16,,0,60,q3_alternating9_active,[],20449.823882572855,0,0.0,282.1227985625,"[2, 3, 4, 5, 6, 8, 10, 11, 12, 13, 15, 16, 17, 18, 19, 20]",3,258,16,stress,3,public_upper_bound_16,44,4513.964777,0.2508105839951895
30,0,True,unknown_count_late__n16__negative,unknown_count_late,16,16,16,78,0.237212999999997,16,,0,60,q3_alternating9_wide_active,[],20524.11908984208,0,0.0,283.051488625,"[2, 3, 4, 5, 6, 8, 10, 11, 12, 13, 15, 16, 17, 18, 19, 20]",3,258,16,stress,3,public_upper_bound_16,44,4528.823818,0.23761854198528454
32,0,True,unknown_count_late__n16__spatial,unknown_count_late,16,16,16,75,0.2635139999999865,16,,0,57,baseline_peer9_active,[],20176.39270086314,0,0.0,277.454908875,"[2, 3, 4, 5, 6, 8, 10, 11, 12, 13, 15, 16, 17, 18, 19, 20]",3,259,16,stress,2,public_upper_bound_16,39,4439.278542,0.26424558396684006
32,0,True,unknown_count_late__n16__spatial,unknown_count_late,16,16,16,105,0.2653050000000121,16,,0,87,q3_square9_h860_active,[],25040.48825871009,0,0.0,349.13110325,"[2, 3, 4, 5, 6, 8, 10, 11, 12, 13, 15, 16, 17, 18, 19, 20]",3,259,16,stress,8,public_upper_bound_16,63,5586.097652,0.26602049998473376
32,0,True,unknown_count_late__n16__spatial,unknown_count_late,16,16,16,105,0.26535099999998124,16,,0,87,q3_square9_h900_active,[],25276.80542522108,0,0.0,352.0850678125,"[2, 3, 4, 5, 6, 8, 10, 11, 12, 13, 15, 16, 17, 18, 19, 20]",3,259,16,stress,8,public_upper_bound_16,63,5633.361085,0.2659745000419207
32,0,True,unknown_count_late__n16__spatial,unknown_count_late,16,16,16,105,0.26545699999999783,16,,0,87,q3_square9_h1000_active,[],25865.75991461682,0,0.0,359.4469989375,"[2, 3, 4, 5, 6, 8, 10, 11, 12, 13, 15, 16, 17, 18, 19, 20]",3,259,16,stress,8,public_upper_bound_16,63,5751.151983,0.26611291704466566
32,0,True,unknown_count_late__n16__spatial,unknown_count_late,16,16,16,105,0.2632849999999962,16,,0,87,q3_square9_h1100_active,[],26456.15752226663,0,0.0,366.826969,"[2, 3, 4, 5, 6, 8, 10, 11, 12, 13, 15, 16, 17, 18, 19, 20]",3,259,16,stress,8,public_upper_bound_16,63,5869.231504,0.2640037080273032
31,0,True,unknown_count_late__n16__spatial,unknown_count_late,16,16,16,104,0.24719500000000494,16,,0,86,q3_square9_h1200_active,[],27014.731205341122,0,0.0,373.496640125,"[2, 3, 4, 5, 6, 8, 10, 11, 12, 13, 15, 16, 17, 18, 19, 20]",3,259,16,stress,8,public_upper_bound_16,63,5975.946242,0.24782270804280415
31,0,True,unknown_count_late__n16__spatial,unknown_count_late,16,16,16,79,0.25011599999999135,16,,0,61,q3_alternating9_active,[],20508.97317142514,0,0.0,283.1746646875,"[2, 3, 4, 5, 6, 8, 10, 11, 12, 13, 15, 16, 17, 18, 19, 20]",3,259,16,stress,3,public_upper_bound_16,44,4530.794635,0.2514237080467865
31,0,True,unknown_count_late__n16__spatial,unknown_count_late,16,16,16,79,0.24773400000000834,16,,0,61,q3_alternating9_wide_active,[],20587.575702825652,0,0.0,284.1571963125,"[2, 3, 4, 5, 6, 8, 10, 11, 12, 13, 15, 16, 17, 18, 19, 20]",3,259,16,stress,3,public_upper_bound_16,44,4546.515141,0.24860483297379687
22,3,True,uniform__iid__67,uniform__iid,7,11,10,377,0.2466839999999877,10,,0,364,baseline_triangle31_active,[],42852.69489469217,1,11.120114349605842,1076.9538981,"[4, 5, 7, 8, 9, 10, 14, 15, 18, 19]",4,67,10,ordinary,31,full_coverage_and_all_discovered_cleared,326,10769.538981,0.24746991699794307
0,0,True,uniform__iid__67,uniform__iid,10,10,10,703,0.03674499999999625,10,,0,691,baseline_square45_conservative,[],40827.5095866439,0,0.0,1231.7501917,"[4, 5, 7, 8, 9, 10, 14, 15, 18, 19]",4,67,10,ordinary,45,full_coverage_and_all_discovered_cleared,647,12317.501917,0.03686258301604539
0,0,True,uniform__iid__67,uniform__iid,9,10,10,387,0.026927999999998065,10,,0,375,q4_polar25_conservative,[],27917.257929986103,0,0.0,786.0451587,"[4, 5, 7, 8, 9, 10, 14, 15, 18, 19]",4,67,10,ordinary,25,full_coverage_and_all_discovered_cleared,352,7860.451587,0.027012167032808065
17,3,True,uniform__iid__67,uniform__iid,7,99,10,392,0.1924980000000005,10,,0,291,q4_polar25_active,[],30353.262010568113,89,16.802811829193388,810.6652409000001,"[4, 5, 7, 8, 9, 10, 14, 15, 18, 19]",4,67,10,ordinary,25,full_coverage_and_all_discovered_cleared,264,8106.652409,0.1929328750120476
0,0,True,uniform__iid__67,uniform__iid,9,10,10,432,0.027213999999986527,10,,0,420,q4_polar28_conservative,[],26774.29721113267,0,0.0,789.6859437,"[4, 5, 7, 8, 9, 10, 14, 15, 18, 19]",4,67,10,ordinary,28,full_coverage_and_all_discovered_cleared,392,7896.859437,0.027270958002191037
18,2,True,uniform__iid__67,uniform__iid,8,42,10,382,0.20137400000001549,10,,0,338,q4_polar28_active,[],32323.393374284173,32,16.89608129920267,860.7678665999999,"[4, 5, 7, 8, 9, 10, 14, 15, 18, 19]",4,67,10,ordinary,28,full_coverage_and_all_discovered_cleared,307,8607.678666,0.201824875024613
0,0,True,uniform__iid__67,uniform__iid,10,10,10,503,0.030498999999991838,10,,0,491,q4_polar37_conservative,[],31521.334820956017,0,0.0,926.4266970000001,"[4, 5, 7, 8, 9, 10, 14, 15, 18, 19]",4,67,10,ordinary,37,full_coverage_and_all_discovered_cleared,455,9264.26697,0.030596708005759865
22,1,True,uniform__iid__67,uniform__iid,9,23,10,471,0.25828599999999824,10,,0,446,q4_polar37_active,[],36350.494102337245,13,18.35700525192978,999.1098822,"[4, 5, 7, 8, 9, 10, 14, 15, 18, 19]",4,67,10,ordinary,37,full_coverage_and_all_discovered_cleared,402,9991.098822,0.2588970829965547
32,4,True,uniform__iid__68,uniform__iid,11,60,15,307,0.37818699999999694,15,,0,245,baseline_triangle31_active,[],48682.95430366098,45,19.185710841649776,758.2393907333334,"[2, 4, 5, 6, 8, 9, 11, 12, 13, 14, 15, 16, 17, 19, 20]",4,68,15,ordinary,31,full_coverage_and_all_discovered_cleared,202,11373.590861,0.3790186250116676
0,0,True,uniform__iid__68,uniform__iid,15,15,15,537,0.04320500000000038,15,,0,520,baseline_square45_conservative,[],39235.45161347135,0,0.0,733.2060216000001,"[2, 4, 5, 6, 8, 9, 11, 12, 13, 14, 15, 16, 17, 19, 20]",4,68,15,ordinary,45,full_coverage_and_all_discovered_cleared,476,10998.090324,0.04336729197530076
0,0,True,uniform__iid__68,uniform__iid,14,15,15,329,0.0322219999999902,15,,0,312,q4_polar25_conservative,[],32058.862869011664,0,0.0,555.6515048,"[2, 4, 5, 6, 8, 9, 11, 12, 13, 14, 15, 16, 17, 19, 20]",4,68,15,ordinary,25,full_coverage_and_all_discovered_cleared,288,8334.772572,0.03225808299612254
33,3,True,uniform__iid__68,uniform__iid,12,108,15,332,0.3949800000000039,15,,0,222,q4_polar25_active,[],39471.75894311149,93,19.255473802118438,636.3567851333333,"[2, 4, 5, 6, 8, 9, 11, 12, 13, 14, 15, 16, 17, 19, 20]",4,68,15,ordinary,25,full_coverage_and_all_discovered_cleared,187,9545.351777,0.3960329580004327
0,0,True,uniform__iid__68,uniform__iid,13,15,15,341,0.034354000000007545,15,,0,324,q4_polar28_conservative,[],32284.228185102358,0,0.0,563.2563754,"[2, 4, 5, 6, 8, 9, 11, 12, 13, 14, 15, 16, 17, 19, 20]",4,68,15,ordinary,28,full_coverage_and_all_discovered_cleared,297,8448.845631,0.03449866600567475
31,4,True,uniform__iid__68,uniform__iid,11,58,15,296,0.36572499999999764,15,,0,236,q4_polar28_active,[],38721.266335476765,43,19.191469065303572,621.8168836,"[2, 4, 5, 6, 8, 9, 11, 12, 13, 14, 15, 16, 17, 19, 20]",4,68,15,ordinary,28,full_coverage_and_all_discovered_cleared,199,9327.253254,0.36651395802618936
0,0,True,uniform__iid__68,uniform__iid,14,15,15,476,0.04370000000000118,15,,0,459,q4_polar37_conservative,[],39848.8230049477,0,0.0,717.4509738666667,"[2, 4, 5, 6, 8, 9, 11, 12, 13, 14, 15, 16, 17, 19, 20]",4,68,15,ordinary,37,full_coverage_and_all_discovered_cleared,422,10761.764608,0.04384079098235816
31,3,True,uniform__iid__68,uniform__iid,12,46,15,373,0.37134899999998083,15,,0,325,q4_polar37_active,[],46658.885584377786,31,19.17682736380582,760.2518083333333,"[2, 4, 5, 6, 8, 9, 11, 12, 13, 14, 15, 16, 17, 19, 20]",4,68,15,ordinary,37,full_coverage_and_all_discovered_cleared,279,11403.777125,0.3740490829804912
28,1,True,uniform__iid__69,uniform__iid,14,19,15,261,0.32159499999997365,15,,0,240,baseline_triangle31_active,[],45877.27898644575,4,19.191456878238007,711.0970531333334,"[2, 3, 4, 5, 6, 7, 8, 9, 10, 11, 12, 13, 14, 16, 18]",4,69,15,ordinary,31,full_coverage_and_all_discovered_cleared,204,10666.455797,0.3225170419900678
0,0,True,uniform__iid__69,uniform__iid,15,15,15,534,0.04255599999999049,15,,0,517,baseline_square45_conservative,[],42503.093296783336,0,0.0,775.5079106,"[2, 3, 4, 5, 6, 7, 8, 9, 10, 11, 12, 13, 14, 16, 18]",4,69,15,ordinary,45,full_coverage_and_all_discovered_cleared,472,11632.618659,0.04264379199594259
0,0,True,uniform__iid__69,uniform__iid,14,15,15,293,0.032971000000003414,15,,0,276,q4_polar25_conservative,[],31987.026718855202,0,0.0,540.2270228666667,"[2, 3, 4, 5, 6, 7, 8, 9, 10, 11, 12, 13, 14, 16, 18]",4,69,15,ordinary,25,full_coverage_and_all_discovered_cleared,251,8103.405343,0.033104749978519976
29,4,True,uniform__iid__69,uniform__iid,11,126,15,333,0.32490000000001373,15,,0,205,q4_polar25_active,[],40302.34611353033,111,19.181622059721523,644.4312838666666,"[2, 3, 4, 5, 6, 7, 8, 9, 10, 11, 12, 13, 14, 16, 18]",4,69,15,ordinary,25,full_coverage_and_all_discovered_cleared,173,9666.469258,0.32571995799662545
0,0,True,uniform__iid__69,uniform__iid,13,15,15,316,0.03387100000000487,15,,0,299,q4_polar28_conservative,[],30360.86195668996,0,0.0,527.5448257333334,"[2, 3, 4, 5, 6, 7, 8, 9, 10, 11, 12, 13, 14, 16, 18]",4,69,15,ordinary,28,full_coverage_and_all_discovered_cleared,271,7913.172386,0.03393741697072983
26,3,True,uniform__iid__69,uniform__iid,12,129,15,355,0.308006000000006,15,,0,224,q4_polar28_active,[],39500.74525296831,114,19.191431364012605,642.0099349333334,"[2, 3, 4, 5, 6, 7, 8, 9, 10, 11, 12, 13, 14, 16, 18]",4,69,15,ordinary,28,full_coverage_and_all_discovered_cleared,193,9630.149024,0.3087397500057705
0,0,True,uniform__iid__69,uniform__iid,15,15,15,432,0.039169999999984384,15,,0,415,q4_polar37_conservative,[],35629.06927788902,0,0.0,643.5875907333334,"[2, 3, 4, 5, 6, 7, 8, 9, 10, 11, 12, 13, 14, 16, 18]",4,69,15,ordinary,37,full_coverage_and_all_discovered_cleared,378,9653.813861,0.03923045797273517
30,3,True,uniform__iid__69,uniform__iid,12,50,15,351,0.34808799999998996,15,,0,299,q4_polar37_active,[],46421.21503178604,35,19.181966963295896,747.4828673333334,"[2, 3, 4, 5, 6, 7, 8, 9, 10, 11, 12, 13, 14, 16, 18]",4,69,15,ordinary,37,full_coverage_and_all_discovered_cleared,253,11212.24301,0.34892004198627546
22,2,True,uniform__iid__70,uniform__iid,8,98,10,502,0.2633209999999906,10,,0,402,baseline_triangle31_active,[],44930.001284013524,88,19.250646616920314,1167.5000265,"[2, 3, 5, 10, 11, 13, 15, 16, 19, 20]",4,70,10,ordinary,31,full_coverage_and_all_discovered_cleared,365,11675.000265,0.2638301249826327
0,0,True,uniform__iid__70,uniform__iid,10,10,10,744,0.03851300000002311,10,,0,732,baseline_square45_conservative,[],37654.37107754018,0,0.0,1192.7874218000002,"[2, 3, 5, 10, 11, 13, 15, 16, 19, 20]",4,70,10,ordinary,45,full_coverage_and_all_discovered_cleared,687,11927.874218,0.03869270801078528
0,0,True,uniform__iid__70,uniform__iid,9,10,10,406,0.0281840000000102,10,,0,394,q4_polar25_conservative,[],25968.788255244144,0,0.0,758.3757654,"[2, 3, 5, 10, 11, 13, 15, 16, 19, 20]",4,70,10,ordinary,25,full_coverage_and_all_discovered_cleared,370,7583.757654,0.028205124952364713
19,2,True,uniform__iid__70,uniform__iid,8,52,10,377,0.2248339999999871,10,,0,323,q4_polar25_active,[],28668.877856707462,42,17.633011103088855,781.9775574,"[2, 3, 5, 10, 11, 13, 15, 16, 19, 20]",4,70,10,ordinary,25,full_coverage_and_all_discovered_cleared,295,7819.775574,0.22522837499855086
0,0,True,uniform__iid__70,uniform__iid,10,10,10,484,0.03227900000001682,10,,0,472,q4_polar28_conservative,[],25692.263549436735,0,0.0,799.4452707,"[2, 3, 5, 10, 11, 13, 15, 16, 19, 20]",4,70,10,ordinary,28,full_coverage_and_all_discovered_cleared,446,7994.452707,0.03236029198160395
24,3,True,uniform__iid__70,uniform__iid,7,43,10,401,0.27437200000002804,10,,0,356,q4_polar28_active,[],32043.746322450195,33,19.191393537797637,865.7749255000001,"[2, 3, 5, 10, 11, 13, 15, 16, 19, 20]",4,70,10,ordinary,28,full_coverage_and_all_discovered_cleared,320,8657.749255,0.27494862501043826
0,0,True,uniform__iid__70,uniform__iid,10,10,10,538,0.03249399999998559,10,,0,526,q4_polar37_conservative,[],29277.43756565485,0,0.0,902.6487518,"[2, 3, 5, 10, 11, 13, 15, 16, 19, 20]",4,70,10,ordinary,37,full_coverage_and_all_discovered_cleared,491,9026.487518,0.03258366696536541
26,4,True,uniform__iid__70,uniform__iid,6,45,10,527,0.31690900000000966,10,,0,480,q4_polar37_active,[],38798.23705391021,35,17.175735100356743,1074.864743,"[2, 3, 5, 10, 11, 13, 15, 16, 19, 20]",4,70,10,ordinary,37,full_coverage_and_all_discovered_cleared,434,10748.64743,0.3176947920001112
26,2,True,uniform__iid__71,uniform__iid,10,168,12,485,0.29756600000001754,12,,0,315,baseline_triangle31_active,[],54069.280521531495,156,19.18660682001969,1099.4046703333333,"[1, 2, 4, 5, 7, 9, 10, 13, 17, 18, 19, 20]",4,71,12,ordinary,31,full_coverage_and_all_discovered_cleared,276,13192.856044,0.2982437500031665
0,0,True,uniform__iid__71,uniform__iid,12,12,12,643,0.04095399999999927,12,,0,629,baseline_square45_conservative,[],41753.13393474008,0,0.0,1011.8022323333333,"[1, 2, 4, 5, 7, 9, 10, 13, 17, 18, 19, 20]",4,71,12,ordinary,45,full_coverage_and_all_discovered_cleared,586,12141.626788,0.04103762499289587
0,0,True,uniform__iid__71,uniform__iid,10,23,12,376,0.028964999999999463,12,,0,351,q4_polar25_conservative,[],29303.573293219575,11,16.680241466348296,669.6428886666666,"[1, 2, 4, 5, 7, 9, 10, 13, 17, 18, 19, 20]",4,71,12,ordinary,25,full_coverage_and_all_discovered_cleared,327,8035.714664,0.02901108399964869
24,2,True,uniform__iid__71,uniform__iid,10,135,12,413,0.2842939999999885,12,,0,276,q4_polar25_active,[],37735.64234729109,123,19.18660682001969,800.0940345,"[1, 2, 4, 5, 7, 9, 10, 13, 17, 18, 19, 20]",4,71,12,ordinary,25,full_coverage_and_all_discovered_cleared,245,9601.128414,0.2848749580443837
0,0,True,uniform__iid__71,uniform__iid,10,15,12,414,0.03263799999999151,12,,0,397,q4_polar28_conservative,[],31998.44793280515,3,13.749552783928682,735.2241317500001,"[1, 2, 4, 5, 7, 9, 10, 13, 17, 18, 19, 20]",4,71,12,ordinary,28,full_coverage_and_all_discovered_cleared,369,8822.689581,0.03272245801053941
24,3,True,uniform__iid__71,uniform__iid,9,163,12,473,0.28537399999999025,12,,0,308,q4_polar28_active,[],42712.081759531655,151,19.21683757514479,905.7013575833333,"[1, 2, 4, 5, 7, 9, 10, 13, 17, 18, 19, 20]",4,71,12,ordinary,28,full_coverage_and_all_discovered_cleared,273,10868.416291,0.2861960839945823
0,0,True,uniform__iid__71,uniform__iid,11,13,12,524,0.03966400000001613,12,,0,509,q4_polar37_conservative,[],32181.934622116838,1,13.209604625272087,793.1155775833332,"[1, 2, 4, 5, 7, 9, 10, 13, 17, 18, 19, 20]",4,71,12,ordinary,37,full_coverage_and_all_discovered_cleared,473,9517.386931,0.039850583008956164
23,4,True,uniform__iid__71,uniform__iid,8,151,12,562,0.2890109999999879,12,,0,409,q4_polar37_active,[],48544.864685601155,139,19.196590697117152,1049.8310736666667,"[1, 2, 4, 5, 7, 9, 10, 13, 17, 18, 19, 20]",4,71,12,ordinary,37,full_coverage_and_all_discovered_cleared,367,12597.972884,0.29082979197846726
22,1,True,uniform__smooth__67,uniform__smooth,9,10,10,376,0.2507710000000145,10,,0,364,baseline_triangle31_active,[],42580.32973977352,0,0.0,1071.2065952,"[4, 5, 7, 8, 9, 10, 14, 15, 18, 19]",4,67,10,ordinary,31,full_coverage_and_all_discovered_cleared,326,10712.065952,0.25149229099042714
0,0,True,uniform__smooth__67,uniform__smooth,10,10,10,696,0.03800800000001914,10,,0,684,baseline_square45_conservative,[],42150.09383414775,0,0.0,1254.0018768,"[4, 5, 7, 8, 9, 10, 14, 15, 18, 19]",4,67,10,ordinary,45,full_coverage_and_all_discovered_cleared,640,12540.018768,0.0381567919976078
0,0,True,uniform__smooth__67,uniform__smooth,10,10,10,373,0.026100999999982832,10,,0,361,q4_polar25_conservative,[],26590.381711633672,0,0.0,750.9076344,"[4, 5, 7, 8, 9, 10, 14, 15, 18, 19]",4,67,10,ordinary,25,full_coverage_and_all_discovered_cleared,336,7509.076344,0.026146374992094934
16,4,True,uniform__smooth__67,uniform__smooth,6,77,10,369,0.1820069999999987,10,,0,290,q4_polar25_active,[],29164.70955134789,67,16.61210973194165,779.7941903,"[4, 5, 7, 8, 9, 10, 14, 15, 18, 19]",4,67,10,ordinary,25,full_coverage_and_all_discovered_cleared,264,7797.941903,0.18244908400811255
0,0,True,uniform__smooth__67,uniform__smooth,9,10,10,433,0.027670000000000528,10,,0,421,q4_polar28_conservative,[],27371.71792196994,0,0.0,802.2343576999999,"[4, 5, 7, 8, 9, 10, 14, 15, 18, 19]",4,67,10,ordinary,28,full_coverage_and_all_discovered_cleared,393,8022.343577,0.02770220796810463
18,2,True,uniform__smooth__67,uniform__smooth,8,44,10,384,0.20056200000001922,10,,0,338,q4_polar28_active,[],31788.828122974388,34,16.943474410279393,850.6765625,"[4, 5, 7, 8, 9, 10, 14, 15, 18, 19]",4,67,10,ordinary,28,full_coverage_and_all_discovered_cleared,307,8506.765625,0.20098937500733882
0,0,True,uniform__smooth__67,uniform__smooth,10,10,10,509,0.03247100000001524,10,,0,497,q4_polar37_conservative,[],31522.654756845324,0,0.0,930.0530957000001,"[4, 5, 7, 8, 9, 10, 14, 15, 18, 19]",4,67,10,ordinary,37,full_coverage_and_all_discovered_cleared,461,9300.530957,0.0325194580364041
21,1,True,uniform__smooth__67,uniform__smooth,9,23,10,470,0.2483220000000017,10,,0,445,q4_polar37_active,[],35905.69225523903,13,17.866030825150574,989.7138453,"[4, 5, 7, 8, 9, 10, 14, 15, 18, 19]",4,67,10,ordinary,37,full_coverage_and_all_discovered_cleared,402,9897.138453,0.2488734579528682
31,3,True,uniform__smooth__68,uniform__smooth,12,83,15,329,0.3472529999999949,15,,0,244,baseline_triangle31_active,[],50051.69277119168,68,19.1857108416499,780.7559037333334,"[2, 4, 5, 6, 8, 9, 11, 12, 13, 14, 15, 16, 17, 19, 20]",4,68,15,ordinary,31,full_coverage_and_all_discovered_cleared,202,11711.338556,0.34825570799876004
0,0,True,uniform__smooth__68,uniform__smooth,15,15,15,537,0.04936599999999203,15,,0,520,baseline_square45_conservative,[],39484.17691290987,0,0.0,736.5890256666667,"[2, 4, 5, 6, 8, 9, 11, 12, 13, 14, 15, 16, 17, 19, 20]",4,68,15,ordinary,45,full_coverage_and_all_discovered_cleared,477,11048.835385,0.05273937503807247
0,0,True,uniform__smooth__68,uniform__smooth,14,15,15,328,0.03341199999999844,15,,0,311,q4_polar25_conservative,[],30492.700007990665,0,0.0,534.3693334000001,"[2, 4, 5, 6, 8, 9, 11, 12, 13, 14, 15, 16, 17, 19, 20]",4,68,15,ordinary,25,full_coverage_and_all_discovered_cleared,287,8015.540001,0.03350079100346193
30,6,True,uniform__smooth__68,uniform__smooth,9,84,15,305,0.3513889999999833,15,,0,219,q4_polar25_active,[],39576.588886921214,69,19.25481517382552,631.9545178000001,"[2, 4, 5, 6, 8, 9, 11, 12, 13, 14, 15, 16, 17, 19, 20]",4,68,15,ordinary,25,full_coverage_and_all_discovered_cleared,187,9479.317767,0.35233541700290516
0,0,True,uniform__smooth__68,uniform__smooth,14,15,15,323,0.03264900000002058,15,,0,306,q4_polar28_conservative,[],31800.786536191437,0,0.0,549.6104865333333,"[2, 4, 5, 6, 8, 9, 11, 12, 13, 14, 15, 16, 17, 19, 20]",4,68,15,ordinary,28,full_coverage_and_all_discovered_cleared,279,8244.157298,0.03275704203406349
31,5,True,uniform__smooth__68,uniform__smooth,10,80,15,318,0.35520199999999136,15,,0,236,q4_polar28_active,[],39793.677628042096,65,19.191460065893303,640.515701,"[2, 4, 5, 6, 8, 9, 11, 12, 13, 14, 15, 16, 17, 19, 20]",4,68,15,ordinary,28,full_coverage_and_all_discovered_cleared,199,9607.735515,0.35593062499538064
0,0,True,uniform__smooth__68,uniform__smooth,14,15,15,468,0.0432700000000068,15,,0,451,q4_polar37_conservative,[],40373.14153467647,0,0.0,721.308554,"[2, 4, 5, 6, 8, 9, 11, 12, 13, 14, 15, 16, 17, 19, 20]",4,68,15,ordinary,37,full_coverage_and_all_discovered_cleared,415,10819.62831,0.04339841700857505
29,3,True,uniform__smooth__68,uniform__smooth,12,44,15,369,0.329827999999992,15,,0,323,q4_polar37_active,[],46769.92129529616,29,19.17647084032603,760.6656170666666,"[2, 4, 5, 6, 8, 9, 11, 12, 13, 14, 15, 16, 17, 19, 20]",4,68,15,ordinary,37,full_coverage_and_all_discovered_cleared,279,11409.984256,0.3305338749778457
26,1,True,uniform__smooth__69,uniform__smooth,14,19,15,259,0.28787099999999555,15,,0,238,baseline_triangle31_active,[],45025.44287649565,4,19.191485374796464,699.0725718666667,"[2, 3, 4, 5, 6, 7, 8, 9, 10, 11, 12, 13, 14, 16, 18]",4,69,15,ordinary,31,full_coverage_and_all_discovered_cleared,204,10486.088578,0.28853116696700454
0,0,True,uniform__smooth__69,uniform__smooth,15,15,15,532,0.04113000000000966,15,,0,515,baseline_square45_conservative,[],41765.450369582126,0,0.0,764.8726716,"[2, 3, 4, 5, 6, 7, 8, 9, 10, 11, 12, 13, 14, 16, 18]",4,69,15,ordinary,45,full_coverage_and_all_discovered_cleared,470,11473.090074,0.041236708988435566
0,0,True,uniform__smooth__69,uniform__smooth,14,15,15,294,0.033705000000026075,15,,0,277,q4_polar25_conservative,[],29928.696831968333,0,0.0,513.1826244666667,"[2, 3, 4, 5, 6, 7, 8, 9, 10, 11, 12, 13, 14, 16, 18]",4,69,15,ordinary,25,full_coverage_and_all_discovered_cleared,252,7697.739367,0.03376237500924617
28,3,True,uniform__smooth__69,uniform__smooth,12,129,15,335,0.3199830000000077,15,,0,204,q4_polar25_active,[],40349.23045110207,114,19.17732954042758,645.3230744,"[2, 3, 4, 5, 6, 7, 8, 9, 10, 11, 12, 13, 14, 16, 18]",4,69,15,ordinary,25,full_coverage_and_all_discovered_cleared,173,9679.846116,0.32074520899914205
0,0,True,uniform__smooth__69,uniform__smooth,12,15,15,337,0.0371950000000254,15,,0,320,q4_polar28_conservative,[],29725.905485756706,0,0.0,527.4787394,"[2, 3, 4, 5, 6, 7, 8, 9, 10, 11, 12, 13, 14, 16, 18]",4,69,15,ordinary,28,full_coverage_and_all_discovered_cleared,292,7912.181091,0.03727604198502377
24,2,True,uniform__smooth__69,uniform__smooth,13,113,15,337,0.28306999999998084,15,,0,222,q4_polar28_active,[],38108.35587134962,98,19.191460065893096,619.5780774666667,"[2, 3, 4, 5, 6, 7, 8, 9, 10, 11, 12, 13, 14, 16, 18]",4,69,15,ordinary,28,full_coverage_and_all_discovered_cleared,193,9293.671162,0.2838673749938607
0,0,True,uniform__smooth__69,uniform__smooth,15,15,15,413,0.04020900000000438,15,,0,396,q4_polar37_conservative,[],37213.12021508815,0,0.0,657.1082699333333,"[2, 3, 4, 5, 6, 7, 8, 9, 10, 11, 12, 13, 14, 16, 18]",4,69,15,ordinary,37,full_coverage_and_all_discovered_cleared,359,9856.624049,0.04027741705067456
30,2,True,uniform__smooth__69,uniform__smooth,13,42,15,343,0.3528879999999788,15,,0,299,q4_polar37_active,[],46157.402182051126,27,19.182501881563624,742.3653628,"[2, 3, 4, 5, 6, 7, 8, 9, 10, 11, 12, 13, 14, 16, 18]",4,69,15,ordinary,37,full_coverage_and_all_discovered_cleared,253,11135.480442,0.3536761249997653
23,4,True,uniform__smooth__70,uniform__smooth,6,107,10,512,0.28211099999998623,10,,0,403,baseline_triangle31_active,[],45067.959119955565,97,19.069989517558337,1173.4591857,"[2, 3, 5, 10, 11, 13, 15, 16, 19, 20]",4,70,10,ordinary,31,full_coverage_and_all_discovered_cleared,365,11734.591857,0.28280466701835394
0,0,True,uniform__smooth__70,uniform__smooth,10,10,10,725,0.036012999999996964,10,,0,713,baseline_square45_conservative,[],39751.129578330176,0,0.0,1223.3225919000001,"[2, 3, 5, 10, 11, 13, 15, 16, 19, 20]",4,70,10,ordinary,45,full_coverage_and_all_discovered_cleared,668,12233.225919,0.03607162501430139
0,0,True,uniform__smooth__70,uniform__smooth,9,10,10,395,0.025993999999997186,10,,0,383,q4_polar25_conservative,[],27623.89508564234,0,0.0,784.8779016999999,"[2, 3, 5, 10, 11, 13, 15, 16, 19, 20]",4,70,10,ordinary,25,full_coverage_and_all_discovered_cleared,359,7848.779017,0.026104375021532178
23,2,True,uniform__smooth__70,uniform__smooth,8,52,10,381,0.2747459999999933,10,,0,327,q4_polar25_active,[],28660.40867176218,42,17.58783359175066,783.8081743,"[2, 3, 5, 10, 11, 13, 15, 16, 19, 20]",4,70,10,ordinary,25,full_coverage_and_all_discovered_cleared,295,7838.081743,0.2753951250342652
0,0,True,uniform__smooth__70,uniform__smooth,10,10,10,483,0.0327920000000006,10,,0,471,q4_polar28_conservative,[],25693.18213744602,0,0.0,798.863642,"[2, 3, 5, 10, 11, 13, 15, 16, 19, 20]",4,70,10,ordinary,28,full_coverage_and_all_discovered_cleared,445,7988.63642,0.03292237501591444
23,1,True,uniform__smooth__70,uniform__smooth,9,43,10,400,0.2844609999999932,10,,0,355,q4_polar28_active,[],31831.38663586142,33,19.1913816471461,861.0277332,"[2, 3, 5, 10, 11, 13, 15, 16, 19, 20]",4,70,10,ordinary,28,full_coverage_and_all_discovered_cleared,320,8610.277332,0.28526212502038106
0,0,True,uniform__smooth__70,uniform__smooth,10,10,10,537,0.032817000000022745,10,,0,525,q4_polar37_conservative,[],28767.133200996723,0,0.0,891.7426646,"[2, 3, 5, 10, 11, 13, 15, 16, 19, 20]",4,70,10,ordinary,37,full_coverage_and_all_discovered_cleared,489,8917.426646,0.03285737498663366
26,3,True,uniform__smooth__70,uniform__smooth,7,13,10,495,0.3256680000000074,10,,0,480,q4_polar37_active,[],38343.03343879206,3,16.074250040817514,1056.1606697,"[2, 3, 5, 10, 11, 13, 15, 16, 19, 20]",4,70,10,ordinary,37,full_coverage_and_all_discovered_cleared,434,10561.606697,0.3266416249680333
24,4,True,uniform__smooth__71,uniform__smooth,8,103,12,418,0.2845389999999952,12,,0,313,baseline_triangle31_active,[],52301.02269393674,91,19.176402505615965,1052.85037625,"[1, 2, 4, 5, 7, 9, 10, 13, 17, 18, 19, 20]",4,71,12,ordinary,31,full_coverage_and_all_discovered_cleared,276,12634.204515,0.2851880840025842
0,0,True,uniform__smooth__71,uniform__smooth,12,12,12,643,0.04668000000000916,12,,0,629,baseline_square45_conservative,[],40577.47535549397,0,0.0,992.1245893333333,"[1, 2, 4, 5, 7, 9, 10, 13, 17, 18, 19, 20]",4,71,12,ordinary,45,full_coverage_and_all_discovered_cleared,585,11905.495072,0.048296166001819074
0,0,True,uniform__smooth__71,uniform__smooth,10,22,12,371,0.029393999999996367,12,,0,347,q4_polar25_conservative,[],27436.164514266096,10,16.341751850647636,636.26940875,"[1, 2, 4, 5, 7, 9, 10, 13, 17, 18, 19, 20]",4,71,12,ordinary,25,full_coverage_and_all_discovered_cleared,323,7635.232905,0.02953150001121685
23,5,True,uniform__smooth__71,uniform__smooth,7,155,12,432,0.26899599999998713,12,,0,275,q4_polar25_active,[],39085.46836458872,143,19.176402505615965,827.1744725,"[1, 2, 4, 5, 7, 9, 10, 13, 17, 18, 19, 20]",4,71,12,ordinary,25,full_coverage_and_all_discovered_cleared,245,9926.09367,0.26958262495463714
0,0,True,uniform__smooth__71,uniform__smooth,11,12,12,398,0.030013999999994212,12,,0,384,q4_polar28_conservative,[],30798.065533336845,0,0.0,707.9677583333333,"[1, 2, 4, 5, 7, 9, 10, 13, 17, 18, 19, 20]",4,71,12,ordinary,28,full_coverage_and_all_discovered_cleared,356,8495.6131,0.030083541991189122
22,5,True,uniform__smooth__71,uniform__smooth,7,75,12,383,0.2579629999999895,12,,0,306,q4_polar28_active,[],40313.64544822779,63,19.244615293253425,842.8940909166666,"[1, 2, 4, 5, 7, 9, 10, 13, 17, 18, 19, 20]",4,71,12,ordinary,28,full_coverage_and_all_discovered_cleared,273,10114.729091,0.25858575000893325
0,0,True,uniform__smooth__71,uniform__smooth,11,12,12,523,0.04024000000001138,12,,0,509,q4_polar37_conservative,[],32288.74842977598,0,0.0,794.6458076666667,"[1, 2, 4, 5, 7, 9, 10, 13, 17, 18, 19, 20]",4,71,12,ordinary,37,full_coverage_and_all_discovered_cleared,473,9535.749692,0.04033495800103992
21,4,True,uniform__smooth__71,uniform__smooth,8,103,12,512,0.26300999999998,12,,0,407,q4_polar37_active,[],47030.281499788674,91,19.214605939191294,1011.7546905833333,"[1, 2, 4, 5, 7, 9, 10, 13, 17, 18, 19, 20]",4,71,12,ordinary,37,full_coverage_and_all_discovered_cleared,367,12141.056287,0.2666004169732332
21,2,True,uniform__adversarial-positive__67,uniform__adversarial-positive,8,11,10,376,0.24110200000001214,10,,0,363,baseline_triangle31_active,[],42087.56227811356,1,11.858572744335975,1061.1512455,"[4, 5, 7, 8, 9, 10, 14, 15, 18, 19]",4,67,10,ordinary,31,full_coverage_and_all_discovered_cleared,326,10611.512455,0.24172666697995737
0,0,True,uniform__adversarial-positive__67,uniform__adversarial-positive,10,10,10,696,0.03488900000002104,10,,0,684,baseline_square45_conservative,[],42198.4075239197,0,0.0,1254.9681504,"[4, 5, 7, 8, 9, 10, 14, 15, 18, 19]",4,67,10,ordinary,45,full_coverage_and_all_discovered_cleared,640,12549.681504,0.03495387500151992
0,0,True,uniform__adversarial-positive__67,uniform__adversarial-positive,10,10,10,374,0.02633399999999142,10,,0,362,q4_polar25_conservative,[],26196.91404266236,0,0.0,743.6382808000001,"[4, 5, 7, 8, 9, 10, 14, 15, 18, 19]",4,67,10,ordinary,25,full_coverage_and_all_discovered_cleared,337,7436.382808,0.026380666997283697
17,2,True,uniform__adversarial-positive__67,uniform__adversarial-positive,8,28,10,321,0.18486400000000458,10,,0,291,q4_polar25_active,[],27421.785715064176,18,16.781438490733276,730.7357146,"[4, 5, 7, 8, 9, 10, 14, 15, 18, 19]",4,67,10,ordinary,25,full_coverage_and_all_discovered_cleared,264,7307.357146,0.1852885409607552
0,0,True,uniform__adversarial-positive__67,uniform__adversarial-positive,9,10,10,436,0.02944999999999709,10,,0,424,q4_polar28_conservative,[],26005.358507275785,0,0.0,776.7071693,"[4, 5, 7, 8, 9, 10, 14, 15, 18, 19]",4,67,10,ordinary,28,full_coverage_and_all_discovered_cleared,396,7767.071693,0.02952475001802668
18,1,True,uniform__adversarial-positive__67,uniform__adversarial-positive,9,41,10,381,0.20331699999999842,10,,0,338,q4_polar28_active,[],31607.954052928515,31,17.054644133901146,846.1590807,"[4, 5, 7, 8, 9, 10, 14, 15, 18, 19]",4,67,10,ordinary,28,full_coverage_and_all_discovered_cleared,307,8461.590807,0.20373341697268188
0,0,True,uniform__adversarial-positive__67,uniform__adversarial-positive,10,10,10,507,0.03219400000000405,10,,0,495,q4_polar37_conservative,[],30336.43730289844,0,0.0,905.2287464999999,"[4, 5, 7, 8, 9, 10, 14, 15, 18, 19]",4,67,10,ordinary,37,full_coverage_and_all_discovered_cleared,460,9052.287465,0.032272832992020994
21,0,True,uniform__adversarial-positive__67,uniform__adversarial-positive,10,10,10,457,0.2513439999999889,10,,0,445,q4_polar37_active,[],35282.01637798747,0,0.0,973.3403277,"[4, 5, 7, 8, 9, 10, 14, 15, 18, 19]",4,67,10,ordinary,37,full_coverage_and_all_discovered_cleared,402,9733.403277,0.2519912500283681
30,4,True,uniform__adversarial-positive__68,uniform__adversarial-positive,11,272,15,517,0.3532960000000003,15,,0,243,baseline_triangle31_active,[],55621.912982111506,257,19.19144234230947,892.4921714,"[2, 4, 5, 6, 8, 9, 11, 12, 13, 14, 15, 16, 17, 19, 20]",4,68,15,ordinary,31,full_coverage_and_all_discovered_cleared,202,13387.382571,0.3543092079926282
0,0,True,uniform__adversarial-positive__68,uniform__adversarial-positive,15,15,15,536,0.04370099999999866,15,,0,519,baseline_square45_conservative,[],38702.863615584705,0,0.0,725.7048481333334,"[2, 4, 5, 6, 8, 9, 11, 12, 13, 14, 15, 16, 17, 19, 20]",4,68,15,ordinary,45,full_coverage_and_all_discovered_cleared,475,10885.572722,0.043862749997060746
0,0,True,uniform__adversarial-positive__68,uniform__adversarial-positive,13,15,15,331,0.03324999999998113,15,,0,314,q4_polar25_conservative,[],29384.778225470316,0,0.0,520.7970431333333,"[2, 4, 5, 6, 8, 9, 11, 12, 13, 14, 15, 16, 17, 19, 20]",4,68,15,ordinary,25,full_coverage_and_all_discovered_cleared,290,7811.955647,0.03336470801150426
28,3,True,uniform__adversarial-positive__68,uniform__adversarial-positive,12,191,15,410,0.3428560000000118,15,,0,217,q4_polar25_active,[],41174.84193084885,176,19.256008115882803,673.9978956666668,"[2, 4, 5, 6, 8, 9, 11, 12, 13, 14, 15, 16, 17, 19, 20]",4,68,15,ordinary,25,full_coverage_and_all_discovered_cleared,187,10109.968435,0.3436076670186594
0,0,True,uniform__adversarial-positive__68,uniform__adversarial-positive,14,15,15,324,0.03346500000000674,15,,0,307,q4_polar28_conservative,[],30758.414736594263,0,0.0,536.1121959999999,"[2, 4, 5, 6, 8, 9, 11, 12, 13, 14, 15, 16, 17, 19, 20]",4,68,15,ordinary,28,full_coverage_and_all_discovered_cleared,280,8041.68294,0.03352808300405741
29,3,True,uniform__adversarial-positive__68,uniform__adversarial-positive,12,122,15,358,0.3388350000000173,15,,0,234,q4_polar28_active,[],39076.08136877955,107,19.178156860719806,638.6810848,"[2, 4, 5, 6, 8, 9, 11, 12, 13, 14, 15, 16, 17, 19, 20]",4,68,15,ordinary,28,full_coverage_and_all_discovered_cleared,199,9580.216272,0.3395645419950597
0,0,True,uniform__adversarial-positive__68,uniform__adversarial-positive,14,15,15,475,0.044809000000014976,15,,0,458,q4_polar37_conservative,[],38650.79140648956,0,0.0,701.1438858,"[2, 4, 5, 6, 8, 9, 11, 12, 13, 14, 15, 16, 17, 19, 20]",4,68,15,ordinary,37,full_coverage_and_all_discovered_cleared,422,10517.158287,0.04495362500892952
27,6,True,uniform__adversarial-positive__68,uniform__adversarial-positive,9,320,15,643,0.3225319999999954,15,,0,321,q4_polar37_active,[],55056.98056732334,305,19.19148578357557,925.6930739333333,"[2, 4, 5, 6, 8, 9, 11, 12, 13, 14, 15, 16, 17, 19, 20]",4,68,15,ordinary,37,full_coverage_and_all_discovered_cleared,279,13885.396109,0.3232252079760656
26,1,True,uniform__adversarial-positive__69,uniform__adversarial-positive,14,19,15,259,0.3006460000000004,15,,0,238,baseline_triangle31_active,[],46576.907228002034,4,19.18939174505472,719.7587632,"[2, 3, 4, 5, 6, 7, 8, 9, 10, 11, 12, 13, 14, 16, 18]",4,69,15,ordinary,31,full_coverage_and_all_discovered_cleared,204,10796.381448,0.3031151669565588
0,0,True,uniform__adversarial-positive__69,uniform__adversarial-positive,15,15,15,530,0.039396000000010645,15,,0,513,baseline_square45_conservative,[],42276.136051392234,0,0.0,770.8818139333333,"[2, 3, 4, 5, 6, 7, 8, 9, 10, 11, 12, 13, 14, 16, 18]",4,69,15,ordinary,45,full_coverage_and_all_discovered_cleared,468,11563.227209,0.03951162495650351
0,0,True,uniform__adversarial-positive__69,uniform__adversarial-positive,14,15,15,294,0.03296799999998257,15,,0,277,q4_polar25_conservative,[],29680.255125920783,0,0.0,509.87006833333334,"[2, 3, 4, 5, 6, 7, 8, 9, 10, 11, 12, 13, 14, 16, 18]",4,69,15,ordinary,25,full_coverage_and_all_discovered_cleared,252,7648.051025,0.03298058401560411
29,3,True,uniform__adversarial-positive__69,uniform__adversarial-positive,12,129,15,336,0.32925599999998667,15,,0,205,q4_polar25_active,[],40661.78768881651,114,19.18990774728102,649.8238386666667,"[2, 3, 4, 5, 6, 7, 8, 9, 10, 11, 12, 13, 14, 16, 18]",4,69,15,ordinary,25,full_coverage_and_all_discovered_cleared,173,9747.35758,0.32955999998375773
0,0,True,uniform__adversarial-positive__69,uniform__adversarial-positive,13,16,15,333,0.03545800000000554,15,,0,315,q4_polar28_conservative,[],32394.109942330837,1,15.937514765914859,561.2547988,"[2, 3, 4, 5, 6, 7, 8, 9, 10, 11, 12, 13, 14, 16, 18]",4,69,15,ordinary,28,full_coverage_and_all_discovered_cleared,287,8418.821982,0.035463208972942084
25,3,True,uniform__adversarial-positive__69,uniform__adversarial-positive,12,144,15,369,0.2921479999999974,15,,0,223,q4_polar28_active,[],40135.71576281051,129,19.18459178325673,653.1428760666666,"[2, 3, 4, 5, 6, 7, 8, 9, 10, 11, 12, 13, 14, 16, 18]",4,69,15,ordinary,28,full_coverage_and_all_discovered_cleared,193,9797.143141,0.29255079198628664
0,0,True,uniform__adversarial-positive__69,uniform__adversarial-positive,15,15,15,435,0.040763999999995804,15,,0,418,q4_polar37_conservative,[],37285.99277024089,0,0.0,666.8799038,"[2, 3, 4, 5, 6, 7, 8, 9, 10, 11, 12, 13, 14, 16, 18]",4,69,15,ordinary,37,full_coverage_and_all_discovered_cleared,381,10003.198557,0.04082912497688085
28,1,True,uniform__adversarial-positive__69,uniform__adversarial-positive,14,28,15,327,0.32135500000001116,15,,0,297,q4_polar37_active,[],45275.214131623405,13,19.191483546134453,727.1361891333333,"[2, 3, 4, 5, 6, 7, 8, 9, 10, 11, 12, 13, 14, 16, 18]",4,69,15,ordinary,37,full_coverage_and_all_discovered_cleared,253,10907.042837,0.3217415410326794
22,3,True,uniform__adversarial-positive__70,uniform__adversarial-positive,7,100,10,504,0.26098899999999503,10,,0,402,baseline_triangle31_active,[],44637.77407163384,90,19.071450067572925,1162.2554826,"[2, 3, 5, 10, 11, 13, 15, 16, 19, 20]",4,70,10,ordinary,31,full_coverage_and_all_discovered_cleared,365,11622.554826,0.2612105829757638
0,0,True,uniform__adversarial-positive__70,uniform__adversarial-positive,10,10,10,744,0.03759900000000016,10,,0,732,baseline_square45_conservative,[],37709.860411489295,0,0.0,1193.8972083,"[2, 3, 5, 10, 11, 13, 15, 16, 19, 20]",4,70,10,ordinary,45,full_coverage_and_all_discovered_cleared,687,11938.972083,0.03763408400118351
0,0,True,uniform__adversarial-positive__70,uniform__adversarial-positive,9,10,10,406,0.027235999999987826,10,,0,394,q4_polar25_conservative,[],25840.89021585514,0,0.0,755.8178043,"[2, 3, 5, 10, 11, 13, 15, 16, 19, 20]",4,70,10,ordinary,25,full_coverage_and_all_discovered_cleared,370,7558.178043,0.02723866596352309
22,1,True,uniform__adversarial-positive__70,uniform__adversarial-positive,9,30,10,358,0.26181499999998437,10,,0,326,q4_polar25_active,[],27993.701348471735,20,17.585780551154823,763.3740278,"[2, 3, 5, 10, 11, 13, 15, 16, 19, 20]",4,70,10,ordinary,25,full_coverage_and_all_discovered_cleared,295,7633.740278,0.262130250048358
0,0,True,uniform__adversarial-positive__70,uniform__adversarial-positive,10,10,10,483,0.031747999999993226,10,,0,471,q4_polar28_conservative,[],26360.901911346933,0,0.0,812.1180377,"[2, 3, 5, 10, 11, 13, 15, 16, 19, 20]",4,70,10,ordinary,28,full_coverage_and_all_discovered_cleared,444,8121.180377,0.03176937502576038
22,2,True,uniform__adversarial-positive__70,uniform__adversarial-positive,8,50,10,406,0.268117999999987,10,,0,354,q4_polar28_active,[],31361.311934666363,40,19.191358461819444,853.2262379,"[2, 3, 5, 10, 11, 13, 15, 16, 19, 20]",4,70,10,ordinary,28,full_coverage_and_all_discovered_cleared,320,8532.262379,0.2685071669984609
0,0,True,uniform__adversarial-positive__70,uniform__adversarial-positive,10,10,10,539,0.03252000000000521,10,,0,527,q4_polar37_conservative,[],29611.21009335076,0,0.0,909.9242023,"[2, 3, 5, 10, 11, 13, 15, 16, 19, 20]",4,70,10,ordinary,37,full_coverage_and_all_discovered_cleared,492,9099.242023,0.03255170799093321
25,2,True,uniform__adversarial-positive__70,uniform__adversarial-positive,8,43,10,524,0.3059550000000115,10,,0,479,q4_polar37_active,[],39216.90198941007,33,17.171211240209512,1082.1380398,"[2, 3, 5, 10, 11, 13, 15, 16, 19, 20]",4,70,10,ordinary,37,full_coverage_and_all_discovered_cleared,434,10821.380398,0.30637933302205056
25,2,True,uniform__adversarial-positive__71,uniform__adversarial-positive,10,169,12,485,0.30704000000000065,12,,0,314,baseline_triangle31_active,[],52910.240909983906,157,19.178270802186404,1079.8373490000001,"[1, 2, 4, 5, 7, 9, 10, 13, 17, 18, 19, 20]",4,71,12,ordinary,31,full_coverage_and_all_discovered_cleared,275,12958.048188,0.30784404202131554
0,0,True,uniform__adversarial-positive__71,uniform__adversarial-positive,12,12,12,643,0.04191200000002482,12,,0,629,baseline_square45_conservative,[],43762.57870546193,0,0.0,1045.37631175,"[1, 2, 4, 5, 7, 9, 10, 13, 17, 18, 19, 20]",4,71,12,ordinary,45,full_coverage_and_all_discovered_cleared,587,12544.515741,0.04202904202975333
0,0,True,uniform__adversarial-positive__71,uniform__adversarial-positive,10,23,12,376,0.032419000000004417,12,,0,351,q4_polar25_conservative,[],29260.206797471776,11,16.39605198425671,668.9201130833334,"[1, 2, 4, 5, 7, 9, 10, 13, 17, 18, 19, 20]",4,71,12,ordinary,25,full_coverage_and_all_discovered_cleared,327,8027.041357,0.032468417019117624
24,4,True,uniform__adversarial-positive__71,uniform__adversarial-positive,8,138,12,416,0.2901119999999935,12,,0,276,q4_polar25_active,[],35279.82221538932,126,19.178270802186404,759.8303735,"[1, 2, 4, 5, 7, 9, 10, 13, 17, 18, 19, 20]",4,71,12,ordinary,25,full_coverage_and_all_discovered_cleared,244,9117.964482,0.2906905409763567
0,0,True,uniform__adversarial-positive__71,uniform__adversarial-positive,11,15,12,401,0.02994499999999789,12,,0,384,q4_polar28_conservative,[],30694.89051438523,3,13.224059498636013,706.9981748333333,"[1, 2, 4, 5, 7, 9, 10, 13, 17, 18, 19, 20]",4,71,12,ordinary,28,full_coverage_and_all_discovered_cleared,356,8483.978098,0.03004341700579971
23,3,True,uniform__adversarial-positive__71,uniform__adversarial-positive,9,140,12,449,0.2794420000000173,12,,0,307,q4_polar28_active,[],39464.033228493936,128,19.245861774522314,845.3172222500001,"[1, 2, 4, 5, 7, 9, 10, 13, 17, 18, 19, 20]",4,71,12,ordinary,28,full_coverage_and_all_discovered_cleared,272,10143.806667,0.2801220000255853
0,0,True,uniform__adversarial-positive__71,uniform__adversarial-positive,11,12,12,524,0.04046999999999912,12,,0,510,q4_polar37_conservative,[],32235.710138654256,0,0.0,794.1785026666666,"[1, 2, 4, 5, 7, 9, 10, 13, 17, 18, 19, 20]",4,71,12,ordinary,37,full_coverage_and_all_discovered_cleared,473,9530.142032,0.04059849999612197
22,4,True,uniform__adversarial-positive__71,uniform__adversarial-positive,8,151,12,561,0.27644200000000296,12,,0,408,q4_polar37_active,[],46367.74066923164,139,19.219500066216536,1013.0456818333333,"[1, 2, 4, 5, 7, 9, 10, 13, 17, 18, 19, 20]",4,71,12,ordinary,37,full_coverage_and_all_discovered_cleared,366,12156.548182,0.27703858294989914
22,3,True,uniform__adversarial-negative__67,uniform__adversarial-negative,7,13,10,379,0.2587509999999895,10,,0,364,baseline_triangle31_active,[],41500.079112800406,3,11.847206298384307,1050.5015822,"[4, 5, 7, 8, 9, 10, 14, 15, 18, 19]",4,67,10,ordinary,31,full_coverage_and_all_discovered_cleared,326,10505.015822,0.2592272500041872
0,0,True,uniform__adversarial-negative__67,uniform__adversarial-negative,10,10,10,696,0.036504000000007863,10,,0,684,baseline_square45_conservative,[],42098.19873114474,0,0.0,1252.9639746,"[4, 5, 7, 8, 9, 10, 14, 15, 18, 19]",4,67,10,ordinary,45,full_coverage_and_all_discovered_cleared,640,12529.639746,0.036654707975685596
0,0,True,uniform__adversarial-negative__67,uniform__adversarial-negative,10,10,10,374,0.027186000000000377,10,,0,362,q4_polar25_conservative,[],26366.96406434079,0,0.0,747.0392810000001,"[4, 5, 7, 8, 9, 10, 14, 15, 18, 19]",4,67,10,ordinary,25,full_coverage_and_all_discovered_cleared,337,7470.39281,0.02722675004042685
16,4,True,uniform__adversarial-negative__67,uniform__adversarial-negative,6,119,10,411,0.19332900000000564,10,,0,290,q4_polar25_active,[],30190.423471966817,109,16.80576603086123,812.9084705,"[4, 5, 7, 8, 9, 10, 14, 15, 18, 19]",4,67,10,ordinary,25,full_coverage_and_all_discovered_cleared,264,8129.084705,0.1938076660153456
0,0,True,uniform__adversarial-negative__67,uniform__adversarial-negative,9,10,10,433,0.027706000000023323,10,,0,421,q4_polar28_conservative,[],26916.99469264689,0,0.0,793.1398932,"[4, 5, 7, 8, 9, 10, 14, 15, 18, 19]",4,67,10,ordinary,28,full_coverage_and_all_discovered_cleared,393,7931.398932,0.027745458006393164
18,2,True,uniform__adversarial-negative__67,uniform__adversarial-negative,8,65,10,405,0.20833700000000022,10,,0,338,q4_polar28_active,[],32297.24724455063,55,17.130263086298598,867.1449430999999,"[4, 5, 7, 8, 9, 10, 14, 15, 18, 19]",4,67,10,ordinary,28,full_coverage_and_all_discovered_cleared,307,8671.449431,0.20891024998854846
0,0,True,uniform__adversarial-negative__67,uniform__adversarial-negative,10,10,10,505,0.030895000000015216,10,,0,493,q4_polar37_conservative,[],32017.911318731665,0,0.0,937.6582271999999,"[4, 5, 7, 8, 9, 10, 14, 15, 18, 19]",4,67,10,ordinary,37,full_coverage_and_all_discovered_cleared,458,9376.582272,0.03097224998055026
19,1,True,uniform__adversarial-negative__67,uniform__adversarial-negative,9,23,10,468,0.22820600000000013,10,,0,443,q4_polar37_active,[],34938.82712541479,13,18.041833578688376,969.3765434000001,"[4, 5, 7, 8, 9, 10, 14, 15, 18, 19]",4,67,10,ordinary,37,full_coverage_and_all_discovered_cleared,402,9693.765434,0.22876387496944517
30,5,True,uniform__adversarial-negative__68,uniform__adversarial-negative,10,144,15,389,0.3413280000000043,15,,0,243,baseline_triangle31_active,[],51311.00106915395,129,19.177882241606795,809.4133505333334,"[2, 4, 5, 6, 8, 9, 11, 12, 13, 14, 15, 16, 17, 19, 20]",4,68,15,ordinary,31,full_coverage_and_all_discovered_cleared,202,12141.200258,0.34220562502741814
0,0,True,uniform__adversarial-negative__68,uniform__adversarial-negative,15,15,15,536,0.04305500000000961,15,,0,519,baseline_square45_conservative,[],38718.328781746735,0,0.0,725.9110504,"[2, 4, 5, 6, 8, 9, 11, 12, 13, 14, 15, 16, 17, 19, 20]",4,68,15,ordinary,45,full_coverage_and_all_discovered_cleared,475,10888.665756,0.043112666986417025
0,0,True,uniform__adversarial-negative__68,uniform__adversarial-negative,14,15,15,328,0.032515000000017835,15,,0,311,q4_polar25_conservative,[],29990.846528221195,0,0.0,527.6779539333334,"[2, 4, 5, 6, 8, 9, 11, 12, 13, 14, 15, 16, 17, 19, 20]",4,68,15,ordinary,25,full_coverage_and_all_discovered_cleared,287,7915.169309,0.03259199997410178
29,4,True,uniform__adversarial-negative__68,uniform__adversarial-negative,11,64,15,284,0.32793499999999653,15,,0,218,q4_polar25_active,[],37784.6757155718,49,19.234796892398677,603.7290085333333,"[2, 4, 5, 6, 8, 9, 11, 12, 13, 14, 15, 16, 17, 19, 20]",4,68,15,ordinary,25,full_coverage_and_all_discovered_cleared,187,9055.935128,0.3287675000028685
0,0,True,uniform__adversarial-negative__68,uniform__adversarial-negative,14,15,15,323,0.03357599999998229,15,,0,306,q4_polar28_conservative,[],31761.45831397039,0,0.0,549.0861104666667,"[2, 4, 5, 6, 8, 9, 11, 12, 13, 14, 15, 16, 17, 19, 20]",4,68,15,ordinary,28,full_coverage_and_all_discovered_cleared,279,8236.291657,0.033682791981846094
30,3,True,uniform__adversarial-negative__68,uniform__adversarial-negative,12,43,15,280,0.3656819999999925,15,,0,235,q4_polar28_active,[],37056.48251173352,28,19.191412125093507,596.2864323333334,"[2, 4, 5, 6, 8, 9, 11, 12, 13, 14, 15, 16, 17, 19, 20]",4,68,15,ordinary,28,full_coverage_and_all_discovered_cleared,199,8944.296485,0.36848637502407655
0,0,True,uniform__adversarial-negative__68,uniform__adversarial-negative,14,15,15,475,0.04315299999998956,15,,0,458,q4_polar37_conservative,[],38785.473242955835,0,0.0,702.9396437333332,"[2, 4, 5, 6, 8, 9, 11, 12, 13, 14, 15, 16, 17, 19, 20]",4,68,15,ordinary,37,full_coverage_and_all_discovered_cleared,422,10544.094656,0.04325162497116253
28,4,True,uniform__adversarial-negative__68,uniform__adversarial-negative,11,23,15,347,0.3254000000000019,15,,0,322,q4_polar37_active,[],44930.78392805616,8,19.089227629602394,731.6104527333333,"[2, 4, 5, 6, 8, 9, 11, 12, 13, 14, 15, 16, 17, 19, 20]",4,68,15,ordinary,37,full_coverage_and_all_discovered_cleared,279,10974.156791,0.32612583303125575
27,1,True,uniform__adversarial-negative__69,uniform__adversarial-negative,14,19,15,260,0.31506100000001425,15,,0,239,baseline_triangle31_active,[],46045.420364674676,4,19.191385288681587,713.0056046666667,"[2, 3, 4, 5, 6, 7, 8, 9, 10, 11, 12, 13, 14, 16, 18]",4,69,15,ordinary,31,full_coverage_and_all_discovered_cleared,204,10695.08407,0.3158360829693265
0,0,True,uniform__adversarial-negative__69,uniform__adversarial-negative,15,15,15,530,0.04010900000000106,15,,0,513,baseline_square45_conservative,[],42186.70042921641,0,0.0,769.689339,"[2, 3, 4, 5, 6, 7, 8, 9, 10, 11, 12, 13, 14, 16, 18]",4,69,15,ordinary,45,full_coverage_and_all_discovered_cleared,468,11545.340085,0.04018204199383035
0,0,True,uniform__adversarial-negative__69,uniform__adversarial-negative,14,15,15,294,0.03376199999999585,15,,0,277,q4_polar25_conservative,[],29747.04573794985,0,0.0,510.76061000000004,"[2, 3, 4, 5, 6, 7, 8, 9, 10, 11, 12, 13, 14, 16, 18]",4,69,15,ordinary,25,full_coverage_and_all_discovered_cleared,252,7661.40915,0.03383345797192305
28,3,True,uniform__adversarial-negative__69,uniform__adversarial-negative,12,169,15,375,0.33088999999998236,15,,0,204,q4_polar25_active,[],41364.27836245587,154,19.18022321840224,666.8570463333333,"[2, 3, 4, 5, 6, 7, 8, 9, 10, 11, 12, 13, 14, 16, 18]",4,69,15,ordinary,25,full_coverage_and_all_discovered_cleared,173,10002.855695,0.33200287498766556
0,0,True,uniform__adversarial-negative__69,uniform__adversarial-negative,13,15,15,332,0.03644599999998377,15,,0,315,q4_polar28_conservative,[],32584.312281337912,0,0.0,563.5908301333333,"[2, 3, 4, 5, 6, 7, 8, 9, 10, 11, 12, 13, 14, 16, 18]",4,69,15,ordinary,28,full_coverage_and_all_discovered_cleared,287,8453.862452,0.03660870797466487
25,3,True,uniform__adversarial-negative__69,uniform__adversarial-negative,12,186,15,411,0.2948849999999936,15,,0,223,q4_polar28_active,[],41772.30333129705,171,19.19146698710702,683.3640449333333,"[2, 3, 4, 5, 6, 7, 8, 9, 10, 11, 12, 13, 14, 16, 18]",4,69,15,ordinary,28,full_coverage_and_all_discovered_cleared,193,10250.460674,0.2956084999605082
0,0,True,uniform__adversarial-negative__69,uniform__adversarial-negative,15,15,15,435,0.04119599999998513,15,,0,418,q4_polar37_conservative,[],37560.595687747795,0,0.0,670.5412761333333,"[2, 3, 4, 5, 6, 7, 8, 9, 10, 11, 12, 13, 14, 16, 18]",4,69,15,ordinary,37,full_coverage_and_all_discovered_cleared,381,10058.119142,0.0412769170361571
29,3,True,uniform__adversarial-negative__69,uniform__adversarial-negative,12,49,15,349,0.34534199999998805,15,,0,298,q4_polar37_active,[],46330.18163929995,34,19.181966963295896,745.7357556666667,"[2, 3, 4, 5, 6, 7, 8, 9, 10, 11, 12, 13, 14, 16, 18]",4,69,15,ordinary,37,full_coverage_and_all_discovered_cleared,253,11186.036335,0.3460212919744663
23,4,True,uniform__adversarial-negative__70,uniform__adversarial-negative,6,153,10,558,0.2810010000000034,10,,0,403,baseline_triangle31_active,[],46377.851221630655,143,19.243000986700405,1213.4570219,"[2, 3, 5, 10, 11, 13, 15, 16, 19, 20]",4,70,10,ordinary,31,full_coverage_and_all_discovered_cleared,365,12134.570219,0.2816227080184035
0,0,True,uniform__adversarial-negative__70,uniform__adversarial-negative,10,10,10,744,0.039309000000002925,10,,0,732,baseline_square45_conservative,[],37600.65429029639,0,0.0,1191.7130861,"[2, 3, 5, 10, 11, 13, 15, 16, 19, 20]",4,70,10,ordinary,45,full_coverage_and_all_discovered_cleared,687,11917.130861,0.039431790995877236
0,0,True,uniform__adversarial-negative__70,uniform__adversarial-negative,9,10,10,405,0.02709799999999518,10,,0,393,q4_polar25_conservative,[],27230.943598083588,0,0.0,783.0188718,"[2, 3, 5, 10, 11, 13, 15, 16, 19, 20]",4,70,10,ordinary,25,full_coverage_and_all_discovered_cleared,369,7830.188718,0.02720295899780467
21,3,True,uniform__adversarial-negative__70,uniform__adversarial-negative,7,103,10,430,0.2449489999999912,10,,0,325,q4_polar25_active,[],30692.423839046893,93,17.733031546829736,838.7484793,"[2, 3, 5, 10, 11, 13, 15, 16, 19, 20]",4,70,10,ordinary,25,full_coverage_and_all_discovered_cleared,295,8387.484793,0.24554529099259526
0,0,True,uniform__adversarial-negative__70,uniform__adversarial-negative,10,10,10,482,0.03152800000000866,10,,0,470,q4_polar28_conservative,[],26343.2666758182,0,0.0,811.1653327,"[2, 3, 5, 10, 11, 13, 15, 16, 19, 20]",4,70,10,ordinary,28,full_coverage_and_all_discovered_cleared,443,8111.653327,0.031668166047893465
24,0,True,uniform__adversarial-negative__70,uniform__adversarial-negative,10,10,10,368,0.27938599999998814,10,,0,356,q4_polar28_active,[],30483.939902548394,0,0.0,824.6787969000001,"[2, 3, 5, 10, 11, 13, 15, 16, 19, 20]",4,70,10,ordinary,28,full_coverage_and_all_discovered_cleared,320,8246.787969,0.28016691701486707
0,0,True,uniform__adversarial-negative__70,uniform__adversarial-negative,10,10,10,539,0.03316099999997846,10,,0,527,q4_polar37_conservative,[],29744.83687750425,0,0.0,912.5967383,"[2, 3, 5, 10, 11, 13, 15, 16, 19, 20]",4,70,10,ordinary,37,full_coverage_and_all_discovered_cleared,492,9125.967383,0.033291917003225535
28,3,True,uniform__adversarial-negative__70,uniform__adversarial-negative,7,16,10,500,0.34998100000001386,10,,0,482,q4_polar37_active,[],37904.78465414501,6,12.917685464593621,1049.2956934,"[2, 3, 5, 10, 11, 13, 15, 16, 19, 20]",4,70,10,ordinary,37,full_coverage_and_all_discovered_cleared,434,10492.956934,0.35074920795159414
27,3,True,uniform__adversarial-negative__71,uniform__adversarial-negative,9,100,12,418,0.31206799999998225,12,,0,316,baseline_triangle31_active,[],51429.08867401465,88,19.188021125958596,1038.818145,"[1, 2, 4, 5, 7, 9, 10, 13, 17, 18, 19, 20]",4,71,12,ordinary,31,full_coverage_and_all_discovered_cleared,276,12465.81774,0.3127707499661483
0,0,True,uniform__adversarial-negative__71,uniform__adversarial-negative,12,12,12,644,0.040847999999982676,12,,0,630,baseline_square45_conservative,[],43165.93213889621,0,0.0,1035.9322023333334,"[1, 2, 4, 5, 7, 9, 10, 13, 17, 18, 19, 20]",4,71,12,ordinary,45,full_coverage_and_all_discovered_cleared,588,12431.186428,0.040944541979115456
0,0,True,uniform__adversarial-negative__71,uniform__adversarial-negative,10,16,12,369,0.028988999999995713,12,,0,351,q4_polar25_conservative,[],29188.824689218844,4,17.24428086044267,665.9804113333333,"[1, 2, 4, 5, 7, 9, 10, 13, 17, 18, 19, 20]",4,71,12,ordinary,25,full_coverage_and_all_discovered_cleared,327,7991.764936,0.029079291969537735
25,4,True,uniform__adversarial-negative__71,uniform__adversarial-negative,8,242,12,521,0.30580499999999233,12,,0,277,q4_polar25_active,[],41242.867109057675,230,19.188021125958596,885.7144503333334,"[1, 2, 4, 5, 7, 9, 10, 13, 17, 18, 19, 20]",4,71,12,ordinary,25,full_coverage_and_all_discovered_cleared,245,10628.573404,0.30656179098878056
0,0,True,uniform__adversarial-negative__71,uniform__adversarial-negative,11,12,12,398,0.03019899999998188,12,,0,384,q4_polar28_conservative,[],30959.477354312894,0,0.0,710.6579555833333,"[1, 2, 4, 5, 7, 9, 10, 13, 17, 18, 19, 20]",4,71,12,ordinary,28,full_coverage_and_all_discovered_cleared,356,8527.895467,0.030261082982178777
24,5,True,uniform__adversarial-negative__71,uniform__adversarial-negative,7,164,12,474,0.281013999999999,12,,0,308,q4_polar28_active,[],42543.70739982347,152,19.20708663105427,903.1451236666667,"[1, 2, 4, 5, 7, 9, 10, 13, 17, 18, 19, 20]",4,71,12,ordinary,28,full_coverage_and_all_discovered_cleared,273,10837.741484,0.2818220420158468
0,0,True,uniform__adversarial-negative__71,uniform__adversarial-negative,11,12,12,524,0.04125600000000418,12,,0,510,q4_polar37_conservative,[],32359.41607219385,0,0.0,796.2402685000001,"[1, 2, 4, 5, 7, 9, 10, 13, 17, 18, 19, 20]",4,71,12,ordinary,37,full_coverage_and_all_discovered_cleared,473,9554.883222,0.04132316698087379
25,4,True,uniform__adversarial-negative__71,uniform__adversarial-negative,8,127,12,540,0.301526999999993,12,,0,411,q4_polar37_active,[],47465.45859016304,115,19.188021125958596,1026.6743108333333,"[1, 2, 4, 5, 7, 9, 10, 13, 17, 18, 19, 20]",4,71,12,ordinary,37,full_coverage_and_all_discovered_cleared,367,12320.09173,0.30238929099868983
20,2,True,uniform__adversarial-spatial__67,uniform__adversarial-spatial,8,14,10,378,0.23569100000000276,10,,0,362,baseline_triangle31_active,[],41308.56814872728,4,12.824152247148396,1045.9713626999999,"[4, 5, 7, 8, 9, 10, 14, 15, 18, 19]",4,67,10,ordinary,31,full_coverage_and_all_discovered_cleared,326,10459.713627,0.23643683298723772
0,0,True,uniform__adversarial-spatial__67,uniform__adversarial-spatial,9,11,10,741,0.03889300000000162,10,,0,728,baseline_square45_conservative,[],40691.50117675181,1,15.160942704611532,1251.4300237,"[4, 5, 7, 8, 9, 10, 14, 15, 18, 19]",4,67,10,ordinary,45,full_coverage_and_all_discovered_cleared,683,12514.300237,0.03897633298765868
0,0,True,uniform__adversarial-spatial__67,uniform__adversarial-spatial,10,10,10,372,0.025053999999983034,10,,0,360,q4_polar25_conservative,[],25736.911425861992,0,0.0,733.4382284999999,"[4, 5, 7, 8, 9, 10, 14, 15, 18, 19]",4,67,10,ordinary,25,full_coverage_and_all_discovered_cleared,337,7334.382285,0.02509504195768386
15,2,True,uniform__adversarial-spatial__67,uniform__adversarial-spatial,8,70,10,361,0.1666139999999814,10,,0,289,q4_polar25_active,[],28457.16090307358,60,16.80576603086123,763.0432165999999,"[4, 5, 7, 8, 9, 10, 14, 15, 18, 19]",4,67,10,ordinary,25,full_coverage_and_all_discovered_cleared,264,7630.432166,0.16700791695620865
0,0,True,uniform__adversarial-spatial__67,uniform__adversarial-spatial,9,12,10,434,0.027580999999997857,10,,0,420,q4_polar28_conservative,[],26817.256327882587,2,15.479941133506886,791.1451259,"[4, 5, 7, 8, 9, 10, 14, 15, 18, 19]",4,67,10,ordinary,28,full_coverage_and_all_discovered_cleared,392,7911.451259,0.027654208010062575
17,2,True,uniform__adversarial-spatial__67,uniform__adversarial-spatial,8,44,10,383,0.2036200000000008,10,,0,337,q4_polar28_active,[],31596.32028462479,34,17.054644133901146,846.3264053999999,"[4, 5, 7, 8, 9, 10, 14, 15, 18, 19]",4,67,10,ordinary,28,full_coverage_and_all_discovered_cleared,307,8463.264054,0.205512041982729
0,0,True,uniform__adversarial-spatial__67,uniform__adversarial-spatial,10,10,10,499,0.02855099999999311,10,,0,487,q4_polar37_conservative,[],32604.580553839838,0,0.0,945.5916115,"[4, 5, 7, 8, 9, 10, 14, 15, 18, 19]",4,67,10,ordinary,37,full_coverage_and_all_discovered_cleared,450,9455.916115,0.028619457967579365
19,2,True,uniform__adversarial-spatial__67,uniform__adversarial-spatial,8,26,10,471,0.22014200000000983,10,,0,443,q4_polar37_active,[],35574.71104349735,16,17.519829036704287,982.9942213,"[4, 5, 7, 8, 9, 10, 14, 15, 18, 19]",4,67,10,ordinary,37,full_coverage_and_all_discovered_cleared,402,9829.942213,0.22058616601862013
28,4,True,uniform__adversarial-spatial__68,uniform__adversarial-spatial,11,187,15,430,0.3302449999999908,15,,0,241,baseline_triangle31_active,[],52884.00991287338,172,19.19144234230947,838.3201329333333,"[2, 4, 5, 6, 8, 9, 11, 12, 13, 14, 15, 16, 17, 19, 20]",4,68,15,ordinary,31,full_coverage_and_all_discovered_cleared,202,12574.801994,0.3310768749797717
0,0,True,uniform__adversarial-spatial__68,uniform__adversarial-spatial,15,15,15,514,0.04095000000000937,15,,0,497,baseline_square45_conservative,[],42417.73296672881,0,0.0,766.4364395333333,"[2, 4, 5, 6, 8, 9, 11, 12, 13, 14, 15, 16, 17, 19, 20]",4,68,15,ordinary,45,full_coverage_and_all_discovered_cleared,453,11496.546593,0.041064832999836653
0,0,True,uniform__adversarial-spatial__68,uniform__adversarial-spatial,13,17,15,321,0.03215899999997873,15,,0,302,q4_polar25_conservative,[],32871.493053959384,2,12.761023664656644,562.8865741333334,"[2, 4, 5, 6, 8, 9, 11, 12, 13, 14, 15, 16, 17, 19, 20]",4,68,15,ordinary,25,full_coverage_and_all_discovered_cleared,278,8443.298612,0.03224266698816791
30,4,True,uniform__adversarial-spatial__68,uniform__adversarial-spatial,11,110,15,331,0.3530889999999829,15,,0,219,q4_polar25_active,[],39412.683479399755,95,19.256008115882803,634.9691156666667,"[2, 4, 5, 6, 8, 9, 11, 12, 13, 14, 15, 16, 17, 19, 20]",4,68,15,ordinary,25,full_coverage_and_all_discovered_cleared,187,9524.536735,0.35396770801162347
0,0,True,uniform__adversarial-spatial__68,uniform__adversarial-spatial,14,16,15,324,0.032961999999997715,15,,0,306,q4_polar28_conservative,[],31638.068181439932,1,13.136409637340218,547.6409087333334,"[2, 4, 5, 6, 8, 9, 11, 12, 13, 14, 15, 16, 17, 19, 20]",4,68,15,ordinary,28,full_coverage_and_all_discovered_cleared,279,8214.613631,0.033048874989617616
27,5,True,uniform__adversarial-spatial__68,uniform__adversarial-spatial,10,58,15,292,0.3183219999999949,15,,0,232,q4_polar28_active,[],39075.78268426682,43,19.191412125093507,625.2104343999999,"[2, 4, 5, 6, 8, 9, 11, 12, 13, 14, 15, 16, 17, 19, 20]",4,68,15,ordinary,28,full_coverage_and_all_discovered_cleared,199,9378.156516,0.31923079199623317
0,0,True,uniform__adversarial-spatial__68,uniform__adversarial-spatial,14,15,15,475,0.0434099999999944,15,,0,458,q4_polar37_conservative,[],38860.614104364686,0,0.0,703.9415217999999,"[2, 4, 5, 6, 8, 9, 11, 12, 13, 14, 15, 16, 17, 19, 20]",4,68,15,ordinary,37,full_coverage_and_all_discovered_cleared,422,10559.122827,0.04346775001613423
26,6,True,uniform__adversarial-spatial__68,uniform__adversarial-spatial,9,230,15,552,0.31546000000000163,15,,0,320,q4_polar37_active,[],52153.742289963455,215,19.19148578357557,868.6498947333333,"[2, 4, 5, 6, 8, 9, 11, 12, 13, 14, 15, 16, 17, 19, 20]",4,68,15,ordinary,37,full_coverage_and_all_discovered_cleared,279,13029.748421,0.31615266599692404
26,1,True,uniform__adversarial-spatial__69,uniform__adversarial-spatial,14,19,15,259,0.29822300000000723,15,,0,238,baseline_triangle31_active,[],45756.00719772505,4,19.18939174505472,708.8134292666667,"[2, 3, 4, 5, 6, 7, 8, 9, 10, 11, 12, 13, 14, 16, 18]",4,69,15,ordinary,31,full_coverage_and_all_discovered_cleared,204,10632.201439,0.29887341702124104
0,0,True,uniform__adversarial-spatial__69,uniform__adversarial-spatial,15,15,15,532,0.040992000000017015,15,,0,515,baseline_square45_conservative,[],42812.352148696555,0,0.0,778.8313618666667,"[2, 3, 4, 5, 6, 7, 8, 9, 10, 11, 12, 13, 14, 16, 18]",4,69,15,ordinary,45,full_coverage_and_all_discovered_cleared,470,11682.470428,0.041128542041406035
0,0,True,uniform__adversarial-spatial__69,uniform__adversarial-spatial,14,15,15,293,0.032880000000005793,15,,0,276,q4_polar25_conservative,[],31955.76109852749,0,0.0,539.8101479333333,"[2, 3, 4, 5, 6, 7, 8, 9, 10, 11, 12, 13, 14, 16, 18]",4,69,15,ordinary,25,full_coverage_and_all_discovered_cleared,251,8097.152219,0.0329281659796834
27,4,True,uniform__adversarial-spatial__69,uniform__adversarial-spatial,11,187,15,392,0.3066479999999956,15,,0,203,q4_polar25_active,[],42624.442590336475,172,19.18990774728102,686.9259037333334,"[2, 3, 4, 5, 6, 7, 8, 9, 10, 11, 12, 13, 14, 16, 18]",4,69,15,ordinary,25,full_coverage_and_all_discovered_cleared,173,10303.888556,0.3074772920226678
0,0,True,uniform__adversarial-spatial__69,uniform__adversarial-spatial,13,17,15,314,0.03288299999999822,15,,0,295,q4_polar28_conservative,[],33307.782909029585,2,15.881551657751666,565.6371050666668,"[2, 3, 4, 5, 6, 7, 8, 9, 10, 11, 12, 13, 14, 16, 18]",4,69,15,ordinary,28,full_coverage_and_all_discovered_cleared,267,8484.556576,0.032970083004329354
24,4,True,uniform__adversarial-spatial__69,uniform__adversarial-spatial,11,279,15,503,0.2803560000000118,15,,0,222,q4_polar28_active,[],44869.41529338303,264,19.19146698710702,742.9255373333333,"[2, 3, 4, 5, 6, 7, 8, 9, 10, 11, 12, 13, 14, 16, 18]",4,69,15,ordinary,28,full_coverage_and_all_discovered_cleared,193,11143.88306,0.2810534170130268
0,0,True,uniform__adversarial-spatial__69,uniform__adversarial-spatial,15,15,15,430,0.037716999999986456,15,,0,413,q4_polar37_conservative,[],36281.63456170223,0,0.0,651.4884611333333,"[2, 3, 4, 5, 6, 7, 8, 9, 10, 11, 12, 13, 14, 16, 18]",4,69,15,ordinary,37,full_coverage_and_all_discovered_cleared,376,9772.326917,0.03778629197040573
30,2,True,uniform__adversarial-spatial__69,uniform__adversarial-spatial,13,35,15,336,0.3536730000000148,15,,0,299,q4_polar37_active,[],45667.082361668305,20,19.181966963295896,734.4277652666666,"[2, 3, 4, 5, 6, 7, 8, 9, 10, 11, 12, 13, 14, 16, 18]",4,69,15,ordinary,37,full_coverage_and_all_discovered_cleared,253,11016.416479,0.35460458404850215
21,3,True,uniform__adversarial-spatial__70,uniform__adversarial-spatial,7,108,10,511,0.24958100000000627,10,,0,401,baseline_triangle31_active,[],44907.255999106455,98,19.243000986700405,1169.5451182000002,"[2, 3, 5, 10, 11, 13, 15, 16, 19, 20]",4,70,10,ordinary,31,full_coverage_and_all_discovered_cleared,365,11695.451182,0.25004266598261893
0,0,True,uniform__adversarial-spatial__70,uniform__adversarial-spatial,10,10,10,722,0.03938999999999737,10,,0,710,baseline_square45_conservative,[],39685.15362070371,0,0.0,1220.2030724,"[2, 3, 5, 10, 11, 13, 15, 16, 19, 20]",4,70,10,ordinary,45,full_coverage_and_all_discovered_cleared,665,12202.030724,0.03953137499047443
0,0,True,uniform__adversarial-spatial__70,uniform__adversarial-spatial,9,10,10,405,0.02681999999998652,10,,0,393,q4_polar25_conservative,[],27137.660949746125,0,0.0,781.1532191,"[2, 3, 5, 10, 11, 13, 15, 16, 19, 20]",4,70,10,ordinary,25,full_coverage_and_all_discovered_cleared,369,7811.532191,0.02685608295723796
20,2,True,uniform__adversarial-spatial__70,uniform__adversarial-spatial,8,103,10,429,0.23572899999999208,10,,0,324,q4_polar25_active,[],30170.55733159651,93,17.733031546829736,827.8111493,"[2, 3, 5, 10, 11, 13, 15, 16, 19, 20]",4,70,10,ordinary,25,full_coverage_and_all_discovered_cleared,295,8278.111493,0.23614591703517362
0,0,True,uniform__adversarial-spatial__70,uniform__adversarial-spatial,10,10,10,480,0.030477999999988015,10,,0,468,q4_polar28_conservative,[],27821.986939471983,0,0.0,839.539738,"[2, 3, 5, 10, 11, 13, 15, 16, 19, 20]",4,70,10,ordinary,28,full_coverage_and_all_discovered_cleared,441,8395.39738,0.030644709011539817
19,1,True,uniform__adversarial-spatial__70,uniform__adversarial-spatial,9,43,10,396,0.23357899999999177,10,,0,351,q4_polar28_active,[],31206.088461394356,33,19.191358461819444,846.5217683999999,"[2, 3, 5, 10, 11, 13, 15, 16, 19, 20]",4,70,10,ordinary,28,full_coverage_and_all_discovered_cleared,320,8465.217684,0.2340099589782767
0,0,True,uniform__adversarial-spatial__70,uniform__adversarial-spatial,10,10,10,534,0.030795000000011896,10,,0,522,q4_polar37_conservative,[],28460.555618179056,0,0.0,883.9111129999999,"[2, 3, 5, 10, 11, 13, 15, 16, 19, 20]",4,70,10,ordinary,37,full_coverage_and_all_discovered_cleared,487,8839.11113,0.03085612499853596
24,3,True,uniform__adversarial-spatial__70,uniform__adversarial-spatial,7,47,10,527,0.30613000000002444,10,,0,478,q4_polar37_active,[],38690.197133979396,37,17.171211240209512,1072.3039428,"[2, 3, 5, 10, 11, 13, 15, 16, 19, 20]",4,70,10,ordinary,37,full_coverage_and_all_discovered_cleared,434,10723.039428,0.30701529199723154
25,2,True,uniform__adversarial-spatial__71,uniform__adversarial-spatial,10,169,12,485,0.3085710000000006,12,,0,314,baseline_triangle31_active,[],53213.564191254394,157,19.188021125958596,1084.8927350833333,"[1, 2, 4, 5, 7, 9, 10, 13, 17, 18, 19, 20]",4,71,12,ordinary,31,full_coverage_and_all_discovered_cleared,275,13018.712821,0.30931679101195186
0,0,True,uniform__adversarial-spatial__71,uniform__adversarial-spatial,12,12,12,638,0.03740200000001437,12,,0,624,baseline_square45_conservative,[],43775.53332924068,0,0.0,1043.0088889166666,"[1, 2, 4, 5, 7, 9, 10, 13, 17, 18, 19, 20]",4,71,12,ordinary,45,full_coverage_and_all_discovered_cleared,581,12516.106667,0.037472540978342295
0,0,True,uniform__adversarial-spatial__71,uniform__adversarial-spatial,10,26,12,372,0.027415000000019063,12,,0,344,q4_polar25_conservative,[],29009.29254050522,14,16.776424741948745,661.9048761666667,"[1, 2, 4, 5, 7, 9, 10, 13, 17, 18, 19, 20]",4,71,12,ordinary,25,full_coverage_and_all_discovered_cleared,319,7942.858514,0.027501957956701517
24,4,True,uniform__adversarial-spatial__71,uniform__adversarial-spatial,8,220,12,498,0.28419999999999845,12,,0,276,q4_polar25_active,[],38644.70613658358,208,19.188021125958596,836.4117691666667,"[1, 2, 4, 5, 7, 9, 10, 13, 17, 18, 19, 20]",4,71,12,ordinary,25,full_coverage_and_all_discovered_cleared,244,10036.94123,0.28475716698449105
0,0,True,uniform__adversarial-spatial__71,uniform__adversarial-spatial,10,16,12,415,0.03125300000002085,12,,0,397,q4_polar28_conservative,[],32048.648824672084,4,16.54612295832546,736.3108133333334,"[1, 2, 4, 5, 7, 9, 10, 13, 17, 18, 19, 20]",4,71,12,ordinary,28,full_coverage_and_all_discovered_cleared,369,8835.72976,0.03133449994493276
24,4,True,uniform__adversarial-spatial__71,uniform__adversarial-spatial,8,163,12,473,0.2846229999999821,12,,0,308,q4_polar28_active,[],40464.58247625016,151,19.20708663105427,868.1597082500001,"[1, 2, 4, 5, 7, 9, 10, 13, 17, 18, 19, 20]",4,71,12,ordinary,28,full_coverage_and_all_discovered_cleared,272,10417.916499,0.2852410409832373
0,0,True,uniform__adversarial-spatial__71,uniform__adversarial-spatial,11,13,12,517,0.03549899999998729,12,,0,502,q4_polar37_conservative,[],34209.7251800639,1,13.830157745377369,823.4120868333333,"[1, 2, 4, 5, 7, 9, 10, 13, 17, 18, 19, 20]",4,71,12,ordinary,37,full_coverage_and_all_discovered_cleared,466,9880.945042,0.0355502919992432
23,3,True,uniform__adversarial-spatial__71,uniform__adversarial-spatial,9,151,12,562,0.29435900000001425,12,,0,409,q4_polar37_active,[],46743.45353989808,139,19.188021125958596,1019.7242275833333,"[1, 2, 4, 5, 7, 9, 10, 13, 17, 18, 19, 20]",4,71,12,ordinary,37,full_coverage_and_all_discovered_cleared,366,12236.690731,0.2970772910048254
25,2,True,edge__iid__67,edge__iid,8,15,10,409,0.3060949999999991,10,,0,392,baseline_triangle31_active,[],43633.122851741704,5,19.102661027590088,1110.4624572999999,"[4, 5, 7, 8, 9, 10, 14, 15, 18, 19]",4,67,10,ordinary,31,full_coverage_and_all_discovered_cleared,353,11104.624573,0.30683804099680856
0,0,True,edge__iid__67,edge__iid,9,10,10,758,0.03733400000001552,10,,0,746,baseline_square45_conservative,[],42130.84521318074,0,0.0,1290.8169043,"[4, 5, 7, 8, 9, 10, 14, 15, 18, 19]",4,67,10,ordinary,45,full_coverage_and_all_discovered_cleared,702,12908.169043,0.03741641697706655
0,0,True,edge__iid__67,edge__iid,9,10,10,406,0.027328000000011343,10,,0,394,q4_polar25_conservative,[],25822.78944542472,0,0.0,755.5557888000001,"[4, 5, 7, 8, 9, 10, 14, 15, 18, 19]",4,67,10,ordinary,25,full_coverage_and_all_discovered_cleared,371,7555.557888,0.027403625019360334
25,3,True,edge__iid__67,edge__iid,7,44,10,354,0.29000500000000784,10,,0,308,q4_polar25_active,[],32575.59616060557,34,16.404819374564326,848.1119228,"[4, 5, 7, 8, 9, 10, 14, 15, 18, 19]",4,67,10,ordinary,25,full_coverage_and_all_discovered_cleared,274,8481.119228,0.29075212503084913
0,0,True,edge__iid__67,edge__iid,10,10,10,427,0.027972000000005437,10,,0,415,q4_polar28_conservative,[],23311.347001975373,0,0.0,717.4269393,"[4, 5, 7, 8, 9, 10, 14, 15, 18, 19]",4,67,10,ordinary,28,full_coverage_and_all_discovered_cleared,387,7174.269393,0.02801174996420741
23,5,True,edge__iid__67,edge__iid,5,20,10,370,0.26514099999999985,10,,0,348,q4_polar28_active,[],34522.72876856089,10,15.761129273315383,903.7545748,"[4, 5, 7, 8, 9, 10, 14, 15, 18, 19]",4,67,10,ordinary,28,full_coverage_and_all_discovered_cleared,313,9037.545748,0.26562287501292303
0,0,True,edge__iid__67,edge__iid,9,10,10,534,0.03122200000001385,10,,0,522,q4_polar37_conservative,[],32836.980503818464,0,0.0,971.3396102999999,"[4, 5, 7, 8, 9, 10, 14, 15, 18, 19]",4,67,10,ordinary,37,full_coverage_and_all_discovered_cleared,486,9713.396103,0.031271542015019804
26,1,True,edge__iid__67,edge__iid,9,10,10,497,0.32408399999999915,10,,0,485,q4_polar37_active,[],39218.29427214816,0,0.0,1075.7658862,"[4, 5, 7, 8, 9, 10, 14, 15, 18, 19]",4,67,10,ordinary,37,full_coverage_and_all_discovered_cleared,439,10757.658862,0.3250253750011325
32,4,True,edge__iid__68,edge__iid,11,95,15,361,0.38295700000000465,15,,0,264,baseline_triangle31_active,[],51068.85395576524,80,19.191413154581458,804.7847174666666,"[2, 4, 5, 6, 8, 9, 11, 12, 13, 14, 15, 16, 17, 19, 20]",4,68,15,ordinary,31,full_coverage_and_all_discovered_cleared,223,12071.770762,0.38417779200244695
0,0,True,edge__iid__68,edge__iid,15,15,15,584,0.04274499999999648,15,,0,567,baseline_square45_conservative,[],40849.38493263082,0,0.0,773.5917990666666,"[2, 4, 5, 6, 8, 9, 11, 12, 13, 14, 15, 16, 17, 19, 20]",4,68,15,ordinary,45,full_coverage_and_all_discovered_cleared,524,11603.876986,0.04281499999342486
0,0,True,edge__iid__68,edge__iid,13,15,15,387,0.03462899999999536,15,,0,370,q4_polar25_conservative,[],27749.754513523738,0,0.0,521.3300602666667,"[2, 4, 5, 6, 8, 9, 11, 12, 13, 14, 15, 16, 17, 19, 20]",4,68,15,ordinary,25,full_coverage_and_all_discovered_cleared,345,7819.950904,0.034693958004936576
30,4,True,edge__iid__68,edge__iid,11,108,15,373,0.3413759999999968,15,,0,263,q4_polar25_active,[],38670.77756163692,93,19.23051587953622,642.2770332,"[2, 4, 5, 6, 8, 9, 11, 12, 13, 14, 15, 16, 17, 19, 20]",4,68,15,ordinary,25,full_coverage_and_all_discovered_cleared,231,9634.155498,0.3421733329887502
0,0,True,edge__iid__68,edge__iid,12,15,15,440,0.038510000000002265,15,,0,423,q4_polar28_conservative,[],33949.34010495512,0,0.0,625.0578677333334,"[2, 4, 5, 6, 8, 9, 11, 12, 13, 14, 15, 16, 17, 19, 20]",4,68,15,ordinary,28,full_coverage_and_all_discovered_cleared,396,9375.868016,0.038588790979702026
31,4,True,edge__iid__68,edge__iid,11,54,15,321,0.36921200000000454,15,,0,265,q4_polar28_active,[],37352.76742741295,39,19.191469566964823,614.3035647333332,"[2, 4, 5, 6, 8, 9, 11, 12, 13, 14, 15, 16, 17, 19, 20]",4,68,15,ordinary,28,full_coverage_and_all_discovered_cleared,227,9214.553471,0.3699356659781188
0,0,True,edge__iid__68,edge__iid,14,15,15,488,0.035938999999984844,15,,0,471,q4_polar37_conservative,[],33109.531608456564,0,0.0,632.3937550666667,"[2, 4, 5, 6, 8, 9, 11, 12, 13, 14, 15, 16, 17, 19, 20]",4,68,15,ordinary,37,full_coverage_and_all_discovered_cleared,434,9485.906326,0.0359953329898417
30,3,True,edge__iid__68,edge__iid,12,61,15,500,0.3738439999999912,15,,0,437,q4_polar37_active,[],43690.909773595675,46,19.18759989958005,768.6787962666666,"[2, 4, 5, 6, 8, 9, 11, 12, 13, 14, 15, 16, 17, 19, 20]",4,68,15,ordinary,37,full_coverage_and_all_discovered_cleared,394,11530.181944,0.3746711249696091
34,2,True,edge__iid__69,edge__iid,13,35,15,320,0.3933330000000126,15,,0,283,baseline_triangle31_active,[],47573.34937848132,20,18.196506065060206,753.7779914,"[2, 3, 4, 5, 6, 7, 8, 9, 10, 11, 12, 13, 14, 16, 18]",4,69,15,ordinary,31,full_coverage_and_all_discovered_cleared,242,11306.669871,0.39438849996076897
0,0,True,edge__iid__69,edge__iid,15,15,15,594,0.04889399999999,15,,0,577,baseline_square45_conservative,[],41679.52879003453,0,0.0,788.5270507333333,"[2, 3, 4, 5, 6, 7, 8, 9, 10, 11, 12, 13, 14, 16, 18]",4,69,15,ordinary,45,full_coverage_and_all_discovered_cleared,532,11827.905761,0.048985500005073845
0,0,True,edge__iid__69,edge__iid,14,15,15,355,0.03340800000000854,15,,0,338,q4_polar25_conservative,[],31119.012417773723,0,0.0,553.4534988666667,"[2, 3, 4, 5, 6, 7, 8, 9, 10, 11, 12, 13, 14, 16, 18]",4,69,15,ordinary,25,full_coverage_and_all_discovered_cleared,313,8301.802483,0.033459459024015814
34,3,True,edge__iid__69,edge__iid,12,30,15,268,0.38493199999999206,15,,0,236,q4_polar25_active,[],34217.589490632454,15,19.223761428891,556.3011929333334,"[2, 3, 4, 5, 6, 7, 8, 9, 10, 11, 12, 13, 14, 16, 18]",4,69,15,ordinary,25,full_coverage_and_all_discovered_cleared,201,8344.517894,0.3861190830357373
0,0,True,edge__iid__69,edge__iid,14,15,15,415,0.039231000000000904,15,,0,398,q4_polar28_conservative,[],31387.644758995393,0,0.0,580.8352632666666,"[2, 3, 4, 5, 6, 7, 8, 9, 10, 11, 12, 13, 14, 16, 18]",4,69,15,ordinary,28,full_coverage_and_all_discovered_cleared,370,8712.528949,0.03935283300234005
33,3,True,edge__iid__69,edge__iid,12,98,15,356,0.3996490000000108,15,,0,256,q4_polar28_active,[],41012.34362041454,83,19.191480405471687,668.3645796666666,"[2, 3, 4, 5, 6, 7, 8, 9, 10, 11, 12, 13, 14, 16, 18]",4,69,15,ordinary,28,full_coverage_and_all_discovered_cleared,219,10025.468695,0.4004664590465836
0,0,True,edge__iid__69,edge__iid,14,15,15,468,0.03987200000000257,15,,0,451,q4_polar37_conservative,[],33149.739361005915,0,0.0,624.9298584666667,"[2, 3, 4, 5, 6, 7, 8, 9, 10, 11, 12, 13, 14, 16, 18]",4,69,15,ordinary,37,full_coverage_and_all_discovered_cleared,414,9373.947877,0.03993591701146215
36,2,True,edge__iid__69,edge__iid,13,20,15,408,0.44856699999999705,15,,0,386,q4_polar37_active,[],49346.874204086984,5,19.209003323992537,815.2249896,"[2, 3, 4, 5, 6, 7, 8, 9, 10, 11, 12, 13, 14, 16, 18]",4,69,15,ordinary,37,full_coverage_and_all_discovered_cleared,339,12228.374844,0.44957983400672674
22,3,True,edge__iid__70,edge__iid,7,91,10,501,0.28583900000000995,10,,0,408,baseline_triangle31_active,[],44452.1689502554,81,19.134144102740702,1159.5433809,"[2, 3, 5, 10, 11, 13, 15, 16, 19, 20]",4,70,10,ordinary,31,full_coverage_and_all_discovered_cleared,372,11595.433809,0.2877452079555951
0,0,True,edge__iid__70,edge__iid,10,10,10,776,0.04214199999998414,10,,0,764,baseline_square45_conservative,[],36236.10297333249,0,0.0,1183.7220593,"[2, 3, 5, 10, 11, 13, 15, 16, 19, 20]",4,70,10,ordinary,45,full_coverage_and_all_discovered_cleared,720,11837.220593,0.042284582974389195
0,0,True,edge__iid__70,edge__iid,10,10,10,412,0.03036799999998152,10,,0,400,q4_polar25_conservative,[],20417.553217774483,0,0.0,650.9510642,"[2, 3, 5, 10, 11, 13, 15, 16, 19, 20]",4,70,10,ordinary,25,full_coverage_and_all_discovered_cleared,376,6509.510642,0.030433917010668665
21,4,True,edge__iid__70,edge__iid,6,69,10,398,0.26590199999998276,10,,0,327,q4_polar25_active,[],31504.48771031871,59,19.16992222783342,845.9897536000001,"[2, 3, 5, 10, 11, 13, 15, 16, 19, 20]",4,70,10,ordinary,25,full_coverage_and_all_discovered_cleared,297,8459.897536,0.2664189579663798
0,0,True,edge__iid__70,edge__iid,9,10,10,494,0.03027099999999905,10,,0,482,q4_polar28_conservative,[],27319.829177050717,0,0.0,837.896583,"[2, 3, 5, 10, 11, 13, 15, 16, 19, 20]",4,70,10,ordinary,28,full_coverage_and_all_discovered_cleared,455,8378.96583,0.030333417002111673
21,3,True,edge__iid__70,edge__iid,7,115,10,501,0.2503240000000062,10,,0,384,q4_polar28_active,[],32358.550134097757,105,19.23731268042434,910.571002,"[2, 3, 5, 10, 11, 13, 15, 16, 19, 20]",4,70,10,ordinary,28,full_coverage_and_all_discovered_cleared,349,9105.71002,0.25094200001331046
0,0,True,edge__iid__70,edge__iid,10,10,10,542,0.03137099999997872,10,,0,530,q4_polar37_conservative,[],29606.53725748739,0,0.0,911.6307455,"[2, 3, 5, 10, 11, 13, 15, 16, 19, 20]",4,70,10,ordinary,37,full_coverage_and_all_discovered_cleared,495,9116.307455,0.03143304097466171
24,2,True,edge__iid__70,edge__iid,8,70,10,562,0.30767200000002504,10,,0,490,q4_polar37_active,[],39117.71551093257,60,17.548338706998287,1095.1543121999998,"[2, 3, 5, 10, 11, 13, 15, 16, 19, 20]",4,70,10,ordinary,37,full_coverage_and_all_discovered_cleared,448,10951.543122,0.30839733296306804
24,3,True,edge__iid__71,edge__iid,9,156,12,509,0.29160400000000664,12,,0,351,baseline_triangle31_active,[],47882.85589232981,144,18.63962744170006,1011.6309310833334,"[1, 2, 4, 5, 7, 9, 10, 13, 17, 18, 19, 20]",4,71,12,ordinary,31,full_coverage_and_all_discovered_cleared,316,12139.571173,0.29658299998845905
0,0,True,edge__iid__71,edge__iid,12,12,12,651,0.03938000000002262,12,,0,637,baseline_square45_conservative,[],40858.886229905205,0,0.0,1000.8147706666667,"[1, 2, 4, 5, 7, 9, 10, 13, 17, 18, 19, 20]",4,71,12,ordinary,45,full_coverage_and_all_discovered_cleared,593,12009.777248,0.039476584002841264
0,0,True,edge__iid__71,edge__iid,9,26,12,420,0.030000999999998612,12,,0,392,q4_polar25_conservative,[],30291.117680604144,14,17.76863182135825,707.3519611666667,"[1, 2, 4, 5, 7, 9, 10, 13, 17, 18, 19, 20]",4,71,12,ordinary,25,full_coverage_and_all_discovered_cleared,368,8488.223534,0.030052290996536613
31,1,True,edge__iid__71,edge__iid,11,13,12,331,0.3786839999999927,12,,0,316,q4_polar25_active,[],29990.942289251678,1,14.495011778885273,660.0157049166667,"[1, 2, 4, 5, 7, 9, 10, 13, 17, 18, 19, 20]",4,71,12,ordinary,25,full_coverage_and_all_discovered_cleared,279,7920.188459,0.3793993750005029
0,0,True,edge__iid__71,edge__iid,10,13,12,485,0.033389999999997144,12,,0,470,q4_polar28_conservative,[],28229.99708853315,1,15.150741216717355,708.66661775,"[1, 2, 4, 5, 7, 9, 10, 13, 17, 18, 19, 20]",4,71,12,ordinary,28,full_coverage_and_all_discovered_cleared,445,8503.999413,0.033487250038888305
21,3,True,edge__iid__71,edge__iid,9,98,12,431,0.24582900000001473,12,,0,331,q4_polar28_active,[],34492.86007729902,86,19.109164663613534,764.2976677500001,"[1, 2, 4, 5, 7, 9, 10, 13, 17, 18, 19, 20]",4,71,12,ordinary,28,full_coverage_and_all_discovered_cleared,300,9171.572013,0.2463202920043841
0,0,True,edge__iid__71,edge__iid,11,15,12,549,0.036495000000002165,12,,0,532,q4_polar37_conservative,[],30195.769220654387,3,14.21350942986514,771.9294873333333,"[1, 2, 4, 5, 7, 9, 10, 13, 17, 18, 19, 20]",4,71,12,ordinary,37,full_coverage_and_all_discovered_cleared,495,9263.153848,0.03660329099511728
23,4,True,edge__iid__71,edge__iid,8,165,12,664,0.3001470000000097,12,,0,497,q4_polar37_active,[],46748.76915921725,153,19.247779735233177,1067.5628208333333,"[1, 2, 4, 5, 7, 9, 10, 13, 17, 18, 19, 20]",4,71,12,ordinary,37,full_coverage_and_all_discovered_cleared,457,12810.75385,0.30127904197433963
25,1,True,edge__smooth__67,edge__smooth,9,11,10,405,0.2983959999999968,10,,0,392,baseline_triangle31_active,[],43667.008520190844,1,15.26401057054507,1109.9401705,"[4, 5, 7, 8, 9, 10, 14, 15, 18, 19]",4,67,10,ordinary,31,full_coverage_and_all_discovered_cleared,353,11099.401705,0.2991457920288667
0,0,True,edge__smooth__67,edge__smooth,10,10,10,709,0.032457999999991216,10,,0,697,baseline_square45_conservative,[],43262.039176105995,0,0.0,1284.1407837000002,"[4, 5, 7, 8, 9, 10, 14, 15, 18, 19]",4,67,10,ordinary,45,full_coverage_and_all_discovered_cleared,654,12841.407837,0.03250216698506847
0,0,True,edge__smooth__67,edge__smooth,9,10,10,406,0.02748700000000781,10,,0,394,q4_polar25_conservative,[],23814.184775783542,0,0.0,715.2836954,"[4, 5, 7, 8, 9, 10, 14, 15, 18, 19]",4,67,10,ordinary,25,full_coverage_and_all_discovered_cleared,370,7152.836954,0.027548749989364296
24,3,True,edge__smooth__67,edge__smooth,7,49,10,358,0.28522899999998685,10,,0,307,q4_polar25_active,[],31546.680701597765,39,16.487368490857943,828.5336146,"[4, 5, 7, 8, 9, 10, 14, 15, 18, 19]",4,67,10,ordinary,25,full_coverage_and_all_discovered_cleared,274,8285.336146,0.2860287080402486
0,0,True,edge__smooth__67,edge__smooth,9,10,10,442,0.02902700000001346,10,,0,430,q4_polar28_conservative,[],25151.43573586587,0,0.0,763.2287140999999,"[4, 5, 7, 8, 9, 10, 14, 15, 18, 19]",4,67,10,ordinary,28,full_coverage_and_all_discovered_cleared,402,7632.287141,0.029108792019542307
25,3,True,edge__smooth__67,edge__smooth,7,15,10,367,0.29443200000000047,10,,0,350,q4_polar28_active,[],32938.9485370225,5,15.715577494006412,871.5789699000001,"[4, 5, 7, 8, 9, 10, 14, 15, 18, 19]",4,67,10,ordinary,28,full_coverage_and_all_discovered_cleared,313,8715.789699,0.2952080409741029
0,0,True,edge__smooth__67,edge__smooth,8,10,10,556,0.03456099999999651,10,,0,544,q4_polar37_conservative,[],34515.634947474646,0,0.0,1018.2126994,"[4, 5, 7, 8, 9, 10, 14, 15, 18, 19]",4,67,10,ordinary,37,full_coverage_and_all_discovered_cleared,509,10182.126994,0.034737958980258554
24,3,True,edge__smooth__67,edge__smooth,7,12,10,497,0.28516899999999623,10,,0,483,q4_polar37_active,[],38360.32117742884,2,16.36216194501039,1058.2064239,"[4, 5, 7, 8, 9, 10, 14, 15, 18, 19]",4,67,10,ordinary,37,full_coverage_and_all_discovered_cleared,439,10582.064239,0.28597799997078255
36,3,True,edge__smooth__68,edge__smooth,12,44,15,314,0.4173059999999964,15,,0,268,baseline_triangle31_active,[],49419.262866003904,29,19.081088316542097,773.9235052666667,"[2, 4, 5, 6, 8, 9, 11, 12, 13, 14, 15, 16, 17, 19, 20]",4,68,15,ordinary,31,full_coverage_and_all_discovered_cleared,223,11608.852579,0.418269791000057
0,0,True,edge__smooth__68,edge__smooth,15,15,15,580,0.04153600000000779,15,,0,563,baseline_square45_conservative,[],39246.24544909543,0,0.0,750.6832726666667,"[2, 4, 5, 6, 8, 9, 11, 12, 13, 14, 15, 16, 17, 19, 20]",4,68,15,ordinary,45,full_coverage_and_all_discovered_cleared,521,11260.24909,0.041575459006708115
0,0,True,edge__smooth__68,edge__smooth,13,15,15,387,0.03535600000000727,15,,0,370,q4_polar25_conservative,[],27806.711269630094,0,0.0,522.0894836,"[2, 4, 5, 6, 8, 9, 11, 12, 13, 14, 15, 16, 17, 19, 20]",4,68,15,ordinary,25,full_coverage_and_all_discovered_cleared,345,7831.342254,0.03546850004931912
32,4,True,edge__smooth__68,edge__smooth,11,157,15,424,0.3780339999999853,15,,0,265,q4_polar25_active,[],39108.69034183041,142,19.191441540590382,658.5825373333333,"[2, 4, 5, 6, 8, 9, 11, 12, 13, 14, 15, 16, 17, 19, 20]",4,68,15,ordinary,25,full_coverage_and_all_discovered_cleared,231,9878.73806,0.37875908298883587
0,0,True,edge__smooth__68,edge__smooth,12,19,15,447,0.03935300000000552,15,,0,426,q4_polar28_conservative,[],31705.407926303425,4,13.960096169375916,597.138772,"[2, 4, 5, 6, 8, 9, 11, 12, 13, 14, 15, 16, 17, 19, 20]",4,68,15,ordinary,28,full_coverage_and_all_discovered_cleared,399,8957.08158,0.03941354196285829
34,3,True,edge__smooth__68,edge__smooth,12,23,15,293,0.4063019999999824,15,,0,268,q4_polar28_active,[],35743.33064124329,8,19.06469907792754,587.6444080666666,"[2, 4, 5, 6, 8, 9, 11, 12, 13, 14, 15, 16, 17, 19, 20]",4,68,15,ordinary,28,full_coverage_and_all_discovered_cleared,227,8814.666121,0.4082857500179671
0,0,True,edge__smooth__68,edge__smooth,14,15,15,493,0.037889999999976,15,,0,476,q4_polar37_conservative,[],34231.102251032156,0,0.0,649.3480303333333,"[2, 4, 5, 6, 8, 9, 11, 12, 13, 14, 15, 16, 17, 19, 20]",4,68,15,ordinary,37,full_coverage_and_all_discovered_cleared,439,9740.220455,0.03795924998121336
30,3,True,edge__smooth__68,edge__smooth,12,92,15,531,0.37207499999999527,15,,0,437,q4_polar37_active,[],44356.40922639673,77,19.19147102901051,783.7521238,"[2, 4, 5, 6, 8, 9, 11, 12, 13, 14, 15, 16, 17, 19, 20]",4,68,15,ordinary,37,full_coverage_and_all_discovered_cleared,394,11756.281857,0.372924208000768
34,4,True,edge__smooth__69,edge__smooth,11,97,15,382,0.3784729999999854,15,,0,283,baseline_triangle31_active,[],49228.22031146661,82,18.213142911486063,788.2429381333333,"[2, 3, 4, 5, 6, 7, 8, 9, 10, 11, 12, 13, 14, 16, 18]",4,69,15,ordinary,31,full_coverage_and_all_discovered_cleared,242,11823.644072,0.3794026660034433
0,0,True,edge__smooth__69,edge__smooth,15,15,15,597,0.045248000000015054,15,,0,580,baseline_square45_conservative,[],40756.282169963626,0,0.0,777.4170956666666,"[2, 3, 4, 5, 6, 7, 8, 9, 10, 11, 12, 13, 14, 16, 18]",4,69,15,ordinary,45,full_coverage_and_all_discovered_cleared,535,11661.256435,0.04536191700026393
0,0,True,edge__smooth__69,edge__smooth,15,15,15,352,0.0333299999999781,15,,0,335,q4_polar25_conservative,[],27101.160648989604,0,0.0,498.6821417333333,"[2, 3, 4, 5, 6, 7, 8, 9, 10, 11, 12, 13, 14, 16, 18]",4,69,15,ordinary,25,full_coverage_and_all_discovered_cleared,310,7480.232126,0.03340333403320983
32,5,True,edge__smooth__69,edge__smooth,10,111,15,347,0.35727500000001555,15,,0,234,q4_polar25_active,[],37143.46063798154,96,19.224876958841126,610.8461415333334,"[2, 3, 4, 5, 6, 7, 8, 9, 10, 11, 12, 13, 14, 16, 18]",4,69,15,ordinary,25,full_coverage_and_all_discovered_cleared,201,9162.692123,0.35815074999118224
0,0,True,edge__smooth__69,edge__smooth,14,15,15,414,0.03847799999999779,15,,0,397,q4_polar28_conservative,[],32112.08598743251,0,0.0,590.0944794666667,"[2, 3, 4, 5, 6, 7, 8, 9, 10, 11, 12, 13, 14, 16, 18]",4,69,15,ordinary,28,full_coverage_and_all_discovered_cleared,369,8851.417192,0.03861891699489206
31,5,True,edge__smooth__69,edge__smooth,10,106,15,362,0.36275499999999283,15,,0,254,q4_polar28_active,[],40859.65502696126,91,19.190366948745652,667.2620674000001,"[2, 3, 4, 5, 6, 7, 8, 9, 10, 11, 12, 13, 14, 16, 18]",4,69,15,ordinary,28,full_coverage_and_all_discovered_cleared,219,10008.931011,0.36355612496845424
0,0,True,edge__smooth__69,edge__smooth,14,15,15,467,0.03903500000001259,15,,0,450,q4_polar37_conservative,[],33074.12532820854,0,0.0,623.5216713333334,"[2, 3, 4, 5, 6, 7, 8, 9, 10, 11, 12, 13, 14, 16, 18]",4,69,15,ordinary,37,full_coverage_and_all_discovered_cleared,413,9352.82507,0.03910670801997185
34,5,True,edge__smooth__69,edge__smooth,10,43,15,429,0.41383900000002427,15,,0,384,q4_polar37_active,[],50949.53156623825,28,19.241873236917062,840.5270870666667,"[2, 3, 4, 5, 6, 7, 8, 9, 10, 11, 12, 13, 14, 16, 18]",4,69,15,ordinary,37,full_coverage_and_all_discovered_cleared,339,12607.906306,0.41487525001866743
24,2,True,edge__smooth__70,edge__smooth,8,82,10,494,0.3026389999999992,10,,0,410,baseline_triangle31_active,[],44343.61129605591,72,19.026572771013132,1155.6722289,"[2, 3, 5, 10, 11, 13, 15, 16, 19, 20]",4,70,10,ordinary,31,full_coverage_and_all_discovered_cleared,372,11556.722289,0.3152929589850828
0,0,True,edge__smooth__70,edge__smooth,10,10,10,767,0.03759299999998689,10,,0,755,baseline_square45_conservative,[],40231.16529605024,0,0.0,1258.223306,"[2, 3, 5, 10, 11, 13, 15, 16, 19, 20]",4,70,10,ordinary,45,full_coverage_and_all_discovered_cleared,711,12582.23306,0.03770766704110429
0,0,True,edge__smooth__70,edge__smooth,10,10,10,412,0.029569000000009282,10,,0,400,q4_polar25_conservative,[],20396.171811972104,0,0.0,650.5234363,"[2, 3, 5, 10, 11, 13, 15, 16, 19, 20]",4,70,10,ordinary,25,full_coverage_and_all_discovered_cleared,376,6505.234363,0.029809792002197355
24,3,True,edge__smooth__70,edge__smooth,7,59,10,391,0.30882700000000796,10,,0,330,q4_polar25_active,[],31210.77163848403,49,18.868086303794055,838.615431,"[2, 3, 5, 10, 11, 13, 15, 16, 19, 20]",4,70,10,ordinary,25,full_coverage_and_all_discovered_cleared,297,8386.15431,0.31619649997446686
0,0,True,edge__smooth__70,edge__smooth,9,10,10,496,0.03161900000000628,10,,0,484,q4_polar28_conservative,[],25589.069713708694,0,0.0,804.4813938,"[2, 3, 5, 10, 11, 13, 15, 16, 19, 20]",4,70,10,ordinary,28,full_coverage_and_all_discovered_cleared,457,8044.813938,0.03165837499545887
20,3,True,edge__smooth__70,edge__smooth,7,107,10,492,0.2747290000000078,10,,0,383,q4_polar28_active,[],32179.548904257925,97,19.20193879892521,904.0909795,"[2, 3, 5, 10, 11, 13, 15, 16, 19, 20]",4,70,10,ordinary,28,full_coverage_and_all_discovered_cleared,349,9040.909795,0.2879969999776222
0,0,True,edge__smooth__70,edge__smooth,10,10,10,543,0.031159999999999854,10,,0,531,q4_polar37_conservative,[],30357.462005700923,0,0.0,927.2492404000001,"[2, 3, 5, 10, 11, 13, 15, 16, 19, 20]",4,70,10,ordinary,37,full_coverage_and_all_discovered_cleared,496,9272.492404,0.031190917012281716
25,2,True,edge__smooth__70,edge__smooth,8,50,10,543,0.30839699999998516,10,,0,491,q4_polar37_active,[],38509.391840554854,40,17.16947831381963,1077.4878357,"[2, 3, 5, 10, 11, 13, 15, 16, 19, 20]",4,70,10,ordinary,37,full_coverage_and_all_discovered_cleared,448,10774.878357,0.30932416702853516
25,5,True,edge__smooth__71,edge__smooth,7,94,12,448,0.2971990000000062,12,,0,352,baseline_triangle31_active,[],46712.96009584186,82,18.21770429861653,977.0493361666666,"[1, 2, 4, 5, 7, 9, 10, 13, 17, 18, 19, 20]",4,71,12,ordinary,31,full_coverage_and_all_discovered_cleared,316,11724.592034,0.3050435830373317
0,0,True,edge__smooth__71,edge__smooth,12,12,12,654,0.041007000000007565,12,,0,640,baseline_square45_conservative,[],39677.92497088826,0,0.0,982.632083,"[1, 2, 4, 5, 7, 9, 10, 13, 17, 18, 19, 20]",4,71,12,ordinary,45,full_coverage_and_all_discovered_cleared,596,11791.584996,0.04106220800895244
0,0,True,edge__smooth__71,edge__smooth,9,28,12,420,0.030101000000001932,12,,0,390,q4_polar25_conservative,[],31365.553200417966,16,17.277025897976213,724.7592199166667,"[1, 2, 4, 5, 7, 9, 10, 13, 17, 18, 19, 20]",4,71,12,ordinary,25,full_coverage_and_all_discovered_cleared,366,8697.110639,0.030160333961248398
26,2,True,edge__smooth__71,edge__smooth,10,52,12,365,0.324467999999996,12,,0,311,q4_polar25_active,[],31190.942596152716,40,17.135870832603135,687.6823758333334,"[1, 2, 4, 5, 7, 9, 10, 13, 17, 18, 19, 20]",4,71,12,ordinary,25,full_coverage_and_all_discovered_cleared,279,8252.18851,0.32503020903095603
0,0,True,edge__smooth__71,edge__smooth,9,15,12,486,0.03295699999998192,12,,0,469,q4_polar28_conservative,[],29480.828036079227,3,14.142315773525592,729.43046675,"[1, 2, 4, 5, 7, 9, 10, 13, 17, 18, 19, 20]",4,71,12,ordinary,28,full_coverage_and_all_discovered_cleared,443,8753.165601,0.032984458026476204
20,3,True,edge__smooth__71,edge__smooth,9,93,12,425,0.24504799999999705,12,,0,330,q4_polar28_active,[],33732.633102199754,81,19.116709677035306,749.96055025,"[1, 2, 4, 5, 7, 9, 10, 13, 17, 18, 19, 20]",4,71,12,ordinary,28,full_coverage_and_all_discovered_cleared,300,8999.526603,0.24547395901754498
0,0,True,edge__smooth__71,edge__smooth,11,12,12,541,0.0348019999999849,12,,0,527,q4_polar37_conservative,[],29958.424539872987,0,0.0,764.7237425833333,"[1, 2, 4, 5, 7, 9, 10, 13, 17, 18, 19, 20]",4,71,12,ordinary,37,full_coverage_and_all_discovered_cleared,490,9176.684911,0.03482358297333121
22,5,True,edge__smooth__71,edge__smooth,7,142,12,640,0.27181099999998537,12,,0,496,q4_polar37_active,[],46196.70393893836,130,19.080484378216823,1052.1950679166666,"[1, 2, 4, 5, 7, 9, 10, 13, 17, 18, 19, 20]",4,71,12,ordinary,37,full_coverage_and_all_discovered_cleared,457,12626.340815,0.27218145795632154
25,0,True,edge__adversarial-positive__67,edge__adversarial-positive,10,10,10,404,0.3010129999999833,10,,0,392,baseline_triangle31_active,[],43634.254381581224,0,0.0,1108.9850877000001,"[4, 5, 7, 8, 9, 10, 14, 15, 18, 19]",4,67,10,ordinary,31,full_coverage_and_all_discovered_cleared,353,11089.850877,0.3013878329657018
0,0,True,edge__adversarial-positive__67,edge__adversarial-positive,10,10,10,723,0.034674999999992906,10,,0,711,baseline_square45_conservative,[],40079.0288075145,0,0.0,1228.6805761,"[4, 5, 7, 8, 9, 10, 14, 15, 18, 19]",4,67,10,ordinary,45,full_coverage_and_all_discovered_cleared,666,12286.805761,0.03470862499671057
0,0,True,edge__adversarial-positive__67,edge__adversarial-positive,9,10,10,406,0.02690699999999424,10,,0,394,q4_polar25_conservative,[],23840.092581475463,0,0.0,715.8018517,"[4, 5, 7, 8, 9, 10, 14, 15, 18, 19]",4,67,10,ordinary,25,full_coverage_and_all_discovered_cleared,370,7158.018517,0.026910207991022617
24,1,True,edge__adversarial-positive__67,edge__adversarial-positive,9,44,10,353,0.27346500000001583,10,,0,307,q4_polar25_active,[],33313.36791986773,34,16.267143810846672,862.3673572,"[4, 5, 7, 8, 9, 10, 14, 15, 18, 19]",4,67,10,ordinary,25,full_coverage_and_all_discovered_cleared,274,8623.673572,0.273788999998942
0,0,True,edge__adversarial-positive__67,edge__adversarial-positive,10,10,10,428,0.027800999999982423,10,,0,416,q4_polar28_conservative,[],23078.057165124545,0,0.0,713.3611425,"[4, 5, 7, 8, 9, 10, 14, 15, 18, 19]",4,67,10,ordinary,28,full_coverage_and_all_discovered_cleared,388,7133.611425,0.027804957993794233
24,2,True,edge__adversarial-positive__67,edge__adversarial-positive,8,60,10,411,0.27985900000001607,10,,0,349,q4_polar28_active,[],35736.15307158125,50,16.792192294525854,940.5230619,"[4, 5, 7, 8, 9, 10, 14, 15, 18, 19]",4,67,10,ordinary,28,full_coverage_and_all_discovered_cleared,313,9405.230619,0.2801970000145957
0,0,True,edge__adversarial-positive__67,edge__adversarial-positive,8,10,10,555,0.03202999999999179,10,,0,543,q4_polar37_conservative,[],32777.442198938836,0,0.0,982.7488446,"[4, 5, 7, 8, 9, 10, 14, 15, 18, 19]",4,67,10,ordinary,37,full_coverage_and_all_discovered_cleared,507,9827.488446,0.03203033399768174
24,1,True,edge__adversarial-positive__67,edge__adversarial-positive,9,10,10,495,0.2881629999999973,10,,0,483,q4_polar37_active,[],38982.6694907675,0,0.0,1070.0533902,"[4, 5, 7, 8, 9, 10, 14, 15, 18, 19]",4,67,10,ordinary,37,full_coverage_and_all_discovered_cleared,439,10700.533902,0.28854866698384285
31,2,True,edge__adversarial-positive__68,edge__adversarial-positive,13,60,15,325,0.3562379999999905,15,,0,263,baseline_triangle31_active,[],48522.6390526706,45,19.18571084164961,763.5018544666667,"[2, 4, 5, 6, 8, 9, 11, 12, 13, 14, 15, 16, 17, 19, 20]",4,68,15,ordinary,31,full_coverage_and_all_discovered_cleared,223,11452.527817,0.35676654195412993
0,0,True,edge__adversarial-positive__68,edge__adversarial-positive,15,15,15,590,0.044252999999997655,15,,0,573,baseline_square45_conservative,[],40140.72954532171,0,0.0,766.6097272666667,"[2, 4, 5, 6, 8, 9, 11, 12, 13, 14, 15, 16, 17, 19, 20]",4,68,15,ordinary,45,full_coverage_and_all_discovered_cleared,531,11499.145909,0.044267416989896446
0,0,True,edge__adversarial-positive__68,edge__adversarial-positive,13,16,15,388,0.03367699999998308,15,,0,370,q4_polar25_conservative,[],27660.37613688255,1,13.574580795304238,520.3383483333333,"[2, 4, 5, 6, 8, 9, 11, 12, 13, 14, 15, 16, 17, 19, 20]",4,68,15,ordinary,25,full_coverage_and_all_discovered_cleared,345,7805.075225,0.03367745800642297
30,4,True,edge__adversarial-positive__68,edge__adversarial-positive,11,123,15,388,0.3499970000000019,15,,0,263,q4_polar25_active,[],38945.75128117529,108,19.228740869870972,648.9433511999999,"[2, 4, 5, 6, 8, 9, 11, 12, 13, 14, 15, 16, 17, 19, 20]",4,68,15,ordinary,25,full_coverage_and_all_discovered_cleared,231,9734.150268,0.35039212502306327
0,0,True,edge__adversarial-positive__68,edge__adversarial-positive,13,18,15,423,0.03710599999999431,15,,0,403,q4_polar28_conservative,[],32290.1968934984,3,14.082165964153756,595.5359582666666,"[2, 4, 5, 6, 8, 9, 11, 12, 13, 14, 15, 16, 17, 19, 20]",4,68,15,ordinary,28,full_coverage_and_all_discovered_cleared,376,8933.039374,0.03710758301895112
30,4,True,edge__adversarial-positive__68,edge__adversarial-positive,11,55,15,321,0.36722599999998806,15,,0,264,q4_polar28_active,[],37374.414901499935,40,19.189455732072343,614.4588646,"[2, 4, 5, 6, 8, 9, 11, 12, 13, 14, 15, 16, 17, 19, 20]",4,68,15,ordinary,28,full_coverage_and_all_discovered_cleared,227,9216.882969,0.36758666700916365
0,0,True,edge__adversarial-positive__68,edge__adversarial-positive,14,15,15,493,0.037849999999991724,15,,0,476,q4_polar37_conservative,[],33153.2288639986,0,0.0,634.9763852666667,"[2, 4, 5, 6, 8, 9, 11, 12, 13, 14, 15, 16, 17, 19, 20]",4,68,15,ordinary,37,full_coverage_and_all_discovered_cleared,439,9524.645779,0.038000417000148445
30,2,True,edge__adversarial-positive__68,edge__adversarial-positive,13,55,15,494,0.36814699999999334,15,,0,437,q4_polar37_active,[],43568.34564783761,40,19.17992864720329,765.8446086,"[2, 4, 5, 6, 8, 9, 11, 12, 13, 14, 15, 16, 17, 19, 20]",4,68,15,ordinary,37,full_coverage_and_all_discovered_cleared,394,11487.669129,0.3685479579726234
33,3,True,edge__adversarial-positive__69,edge__adversarial-positive,12,56,15,340,0.3814429999999902,15,,0,282,baseline_triangle31_active,[],48401.561871299054,41,18.054625368796543,768.6874922666667,"[2, 3, 4, 5, 6, 7, 8, 9, 10, 11, 12, 13, 14, 16, 18]",4,69,15,ordinary,31,full_coverage_and_all_discovered_cleared,242,11530.312384,0.3818944579688832
0,0,True,edge__adversarial-positive__69,edge__adversarial-positive,15,15,15,599,0.04743700000000217,15,,0,582,baseline_square45_conservative,[],41685.253161468056,0,0.0,790.6033755999999,"[2, 3, 4, 5, 6, 7, 8, 9, 10, 11, 12, 13, 14, 16, 18]",4,69,15,ordinary,45,full_coverage_and_all_discovered_cleared,537,11859.050634,0.04745008301688358
0,0,True,edge__adversarial-positive__69,edge__adversarial-positive,15,15,15,340,0.03300500000000284,15,,0,323,q4_polar25_conservative,[],29936.180766663038,0,0.0,531.6824101999999,"[2, 3, 4, 5, 6, 7, 8, 9, 10, 11, 12, 13, 14, 16, 18]",4,69,15,ordinary,25,full_coverage_and_all_discovered_cleared,298,7975.236153,0.03302787500433624
33,4,True,edge__adversarial-positive__69,edge__adversarial-positive,11,73,15,310,0.3768230000000017,15,,0,235,q4_polar25_active,[],36107.57357152559,58,19.23338988334144,589.7676465999999,"[2, 3, 4, 5, 6, 7, 8, 9, 10, 11, 12, 13, 14, 16, 18]",4,69,15,ordinary,25,full_coverage_and_all_discovered_cleared,201,8846.514699,0.3773988340399228
0,0,True,edge__adversarial-positive__69,edge__adversarial-positive,14,16,15,416,0.03996100000000524,15,,0,398,q4_polar28_conservative,[],31169.342977741875,1,12.741265450876828,578.1245728,"[2, 3, 4, 5, 6, 7, 8, 9, 10, 11, 12, 13, 14, 16, 18]",4,69,15,ordinary,28,full_coverage_and_all_discovered_cleared,370,8671.868592,0.03996295796241611
33,5,True,edge__adversarial-positive__69,edge__adversarial-positive,10,54,15,312,0.37391099999999255,15,,0,256,q4_polar28_active,[],39528.77074401276,39,19.191478792281032,639.7836100000001,"[2, 3, 4, 5, 6, 7, 8, 9, 10, 11, 12, 13, 14, 16, 18]",4,69,15,ordinary,28,full_coverage_and_all_discovered_cleared,219,9596.75415,0.37437704199692234
0,0,True,edge__adversarial-positive__69,edge__adversarial-positive,14,17,15,470,0.0404049999999927,15,,0,451,q4_polar37_conservative,[],31986.859150159384,2,14.06468932681619,609.8247891999999,"[2, 3, 4, 5, 6, 7, 8, 9, 10, 11, 12, 13, 14, 16, 18]",4,69,15,ordinary,37,full_coverage_and_all_discovered_cleared,414,9147.371838,0.04052529198816046
37,5,True,edge__adversarial-positive__69,edge__adversarial-positive,10,128,15,517,0.45474999999999,15,,0,387,q4_polar37_active,[],52837.18421527978,113,19.17919993754768,883.6957878,"[2, 3, 4, 5, 6, 7, 8, 9, 10, 11, 12, 13, 14, 16, 18]",4,69,15,ordinary,37,full_coverage_and_all_discovered_cleared,339,13255.436817,0.4553614169708453
23,2,True,edge__adversarial-positive__70,edge__adversarial-positive,8,93,10,504,0.2889160000000004,10,,0,409,baseline_triangle31_active,[],44492.07767154069,83,19.031182082189584,1161.4415508,"[2, 3, 5, 10, 11, 13, 15, 16, 19, 20]",4,70,10,ordinary,31,full_coverage_and_all_discovered_cleared,372,11614.415508,0.2892751669860445
0,0,True,edge__adversarial-positive__70,edge__adversarial-positive,10,10,10,773,0.039014000000008764,10,,0,761,baseline_square45_conservative,[],38383.3581007876,0,0.0,1224.8671619000002,"[2, 3, 5, 10, 11, 13, 15, 16, 19, 20]",4,70,10,ordinary,45,full_coverage_and_all_discovered_cleared,717,12248.671619,0.03901662502903491
0,0,True,edge__adversarial-positive__70,edge__adversarial-positive,10,10,10,412,0.02890899999999874,10,,0,400,q4_polar25_conservative,[],20319.43210482455,0,0.0,648.9886423,"[2, 3, 5, 10, 11, 13, 15, 16, 19, 20]",4,70,10,ordinary,25,full_coverage_and_all_discovered_cleared,376,6489.886423,0.02891145902685821
21,3,True,edge__adversarial-positive__70,edge__adversarial-positive,7,59,10,388,0.2736400000000003,10,,0,327,q4_polar25_active,[],30761.781747285437,49,18.84433239874097,828.1356352,"[2, 3, 5, 10, 11, 13, 15, 16, 19, 20]",4,70,10,ordinary,25,full_coverage_and_all_discovered_cleared,297,8281.356352,0.27397587505402043
0,0,True,edge__adversarial-positive__70,edge__adversarial-positive,9,10,10,496,0.03261299999999778,10,,0,484,q4_polar28_conservative,[],25102.04697374954,0,0.0,794.7409391,"[2, 3, 5, 10, 11, 13, 15, 16, 19, 20]",4,70,10,ordinary,28,full_coverage_and_all_discovered_cleared,457,7947.409391,0.032646500039845705
20,4,True,edge__adversarial-positive__70,edge__adversarial-positive,6,81,10,466,0.2554129999999759,10,,0,383,q4_polar28_active,[],31347.393834088696,71,19.19633257415399,879.6478764999999,"[2, 3, 5, 10, 11, 13, 15, 16, 19, 20]",4,70,10,ordinary,28,full_coverage_and_all_discovered_cleared,349,8796.478765,0.2556919589987956
0,0,True,edge__adversarial-positive__70,edge__adversarial-positive,10,10,10,541,0.03037100000000237,10,,0,529,q4_polar37_conservative,[],29785.913163680845,0,0.0,914.6182638,"[2, 3, 5, 10, 11, 13, 15, 16, 19, 20]",4,70,10,ordinary,37,full_coverage_and_all_discovered_cleared,494,9146.182638,0.030401833006180823
23,1,True,edge__adversarial-positive__70,edge__adversarial-positive,9,50,10,541,0.29895700000000147,10,,0,489,q4_polar37_active,[],38319.58924788388,40,17.159824485954623,1072.6917836,"[2, 3, 5, 10, 11, 13, 15, 16, 19, 20]",4,70,10,ordinary,37,full_coverage_and_all_discovered_cleared,448,10726.917836,0.2993117499863729
25,4,True,edge__adversarial-positive__71,edge__adversarial-positive,8,102,12,456,0.3078970000000254,12,,0,352,baseline_triangle31_active,[],46620.961458557606,90,18.413053361680355,977.5160259999999,"[1, 2, 4, 5, 7, 9, 10, 13, 17, 18, 19, 20]",4,71,12,ordinary,31,full_coverage_and_all_discovered_cleared,316,11730.192312,0.3105770419933833
0,0,True,edge__adversarial-positive__71,edge__adversarial-positive,12,12,12,653,0.039931999999993195,12,,0,639,baseline_square45_conservative,[],39316.94763666462,0,0.0,976.1157939166666,"[1, 2, 4, 5, 7, 9, 10, 13, 17, 18, 19, 20]",4,71,12,ordinary,45,full_coverage_and_all_discovered_cleared,595,11713.389527,0.040036207996308804
0,0,True,edge__adversarial-positive__71,edge__adversarial-positive,9,26,12,420,0.03414700000001858,12,,0,392,q4_polar25_conservative,[],30291.538575508253,14,17.378196278069197,707.3589762500001,"[1, 2, 4, 5, 7, 9, 10, 13, 17, 18, 19, 20]",4,71,12,ordinary,25,full_coverage_and_all_discovered_cleared,368,8488.307715,0.03422899998258799
26,2,True,edge__adversarial-positive__71,edge__adversarial-positive,10,54,12,367,0.3121449999999868,12,,0,311,q4_polar25_active,[],31436.366738891433,42,17.123956643556237,692.2727781666667,"[1, 2, 4, 5, 7, 9, 10, 13, 17, 18, 19, 20]",4,71,12,ordinary,25,full_coverage_and_all_discovered_cleared,279,8307.273338,0.312529832997825
0,0,True,edge__adversarial-positive__71,edge__adversarial-positive,10,16,12,488,0.03373099999998885,12,,0,470,q4_polar28_conservative,[],28119.917635658574,4,14.302092237609806,707.5819602500001,"[1, 2, 4, 5, 7, 9, 10, 13, 17, 18, 19, 20]",4,71,12,ordinary,28,full_coverage_and_all_discovered_cleared,445,8490.983523,0.033767832966987044
20,3,True,edge__adversarial-positive__71,edge__adversarial-positive,9,93,12,425,0.2382029999999986,12,,0,330,q4_polar28_active,[],34053.542402668114,81,19.09035534935589,755.3090404166666,"[1, 2, 4, 5, 7, 9, 10, 13, 17, 18, 19, 20]",4,71,12,ordinary,28,full_coverage_and_all_discovered_cleared,300,9063.708485,0.2386305420077406
0,0,True,edge__adversarial-positive__71,edge__adversarial-positive,11,13,12,545,0.034809999999993124,12,,0,530,q4_polar37_conservative,[],29928.495595773526,1,13.87527766939316,765.9749268333334,"[1, 2, 4, 5, 7, 9, 10, 13, 17, 18, 19, 20]",4,71,12,ordinary,37,full_coverage_and_all_discovered_cleared,493,9191.699122,0.03481858398299664
23,3,True,edge__adversarial-positive__71,edge__adversarial-positive,9,108,12,607,0.29226499999998623,12,,0,497,q4_polar37_active,[],45200.14967153548,96,19.073056741328827,1027.5024925833334,"[1, 2, 4, 5, 7, 9, 10, 13, 17, 18, 19, 20]",4,71,12,ordinary,37,full_coverage_and_all_discovered_cleared,457,12330.029911,0.2925253339926712
25,3,True,edge__adversarial-negative__67,edge__adversarial-negative,7,18,10,412,0.30662300000000187,10,,0,392,baseline_triangle31_active,[],43965.70982049181,8,18.119353166842735,1118.0141965999999,"[4, 5, 7, 8, 9, 10, 14, 15, 18, 19]",4,67,10,ordinary,31,full_coverage_and_all_discovered_cleared,353,11180.141966,0.3084130000206642
0,0,True,edge__adversarial-negative__67,edge__adversarial-negative,10,10,10,723,0.03366500000001338,10,,0,711,baseline_square45_conservative,[],40141.3798923083,0,0.0,1229.9275979,"[4, 5, 7, 8, 9, 10, 14, 15, 18, 19]",4,67,10,ordinary,45,full_coverage_and_all_discovered_cleared,666,12299.275979,0.03366587497293949
0,0,True,edge__adversarial-negative__67,edge__adversarial-negative,9,10,10,406,0.02719600000000355,10,,0,394,q4_polar25_conservative,[],23887.87893971608,0,0.0,716.7575787,"[4, 5, 7, 8, 9, 10, 14, 15, 18, 19]",4,67,10,ordinary,25,full_coverage_and_all_discovered_cleared,370,7167.575787,0.02719679201254621
25,3,True,edge__adversarial-negative__67,edge__adversarial-negative,7,52,10,362,0.2979119999999966,10,,0,308,q4_polar25_active,[],31823.26938195929,42,16.533675944704452,835.4653881,"[4, 5, 7, 8, 9, 10, 14, 15, 18, 19]",4,67,10,ordinary,25,full_coverage_and_all_discovered_cleared,274,8354.653881,0.2982305840123445
0,0,True,edge__adversarial-negative__67,edge__adversarial-negative,10,10,10,428,0.029111999999997806,10,,0,416,q4_polar28_conservative,[],23316.07818310013,0,0.0,718.1215629000001,"[4, 5, 7, 8, 9, 10, 14, 15, 18, 19]",4,67,10,ordinary,28,full_coverage_and_all_discovered_cleared,388,7181.215629,0.029320415982510895
23,4,True,edge__adversarial-negative__67,edge__adversarial-negative,6,24,10,374,0.2726869999999906,10,,0,348,q4_polar28_active,[],33339.71731880381,14,17.206249245451684,881.2943461000001,"[4, 5, 7, 8, 9, 10, 14, 15, 18, 19]",4,67,10,ordinary,28,full_coverage_and_all_discovered_cleared,313,8812.943461,0.27295208297437057
0,0,True,edge__adversarial-negative__67,edge__adversarial-negative,8,10,10,555,0.03242900000000759,10,,0,543,q4_polar37_conservative,[],32969.0784305491,0,0.0,986.5815693000001,"[4, 5, 7, 8, 9, 10, 14, 15, 18, 19]",4,67,10,ordinary,37,full_coverage_and_all_discovered_cleared,507,9865.815693,0.03258137498050928
24,1,True,edge__adversarial-negative__67,edge__adversarial-negative,9,11,10,496,0.2899019999999837,10,,0,483,q4_polar37_active,[],38394.485647805785,1,14.603476277459466,1058.5897134000002,"[4, 5, 7, 8, 9, 10, 14, 15, 18, 19]",4,67,10,ordinary,37,full_coverage_and_all_discovered_cleared,439,10585.897134,0.290287125040777
34,2,True,edge__adversarial-negative__68,edge__adversarial-negative,13,41,15,309,0.40331199999999967,15,,0,266,baseline_triangle31_active,[],48375.18852916094,26,18.975991371593135,758.7358476666667,"[2, 4, 5, 6, 8, 9, 11, 12, 13, 14, 15, 16, 17, 19, 20]",4,68,15,ordinary,31,full_coverage_and_all_discovered_cleared,223,11381.037715,0.40368945902446285
0,0,True,edge__adversarial-negative__68,edge__adversarial-negative,15,15,15,590,0.04331999999999425,15,,0,573,baseline_square45_conservative,[],40227.28453092366,0,0.0,767.7637937333333,"[2, 4, 5, 6, 8, 9, 11, 12, 13, 14, 15, 16, 17, 19, 20]",4,68,15,ordinary,45,full_coverage_and_all_discovered_cleared,531,11516.456906,0.043428625038359314
0,0,True,edge__adversarial-negative__68,edge__adversarial-negative,13,15,15,387,0.03417100000001483,15,,0,370,q4_polar25_conservative,[],27959.16599526875,0,0.0,524.1222131333333,"[2, 4, 5, 6, 8, 9, 11, 12, 13, 14, 15, 16, 17, 19, 20]",4,68,15,ordinary,25,full_coverage_and_all_discovered_cleared,345,7861.833197,0.03421666601207107
29,5,True,edge__adversarial-negative__68,edge__adversarial-negative,10,168,15,432,0.3425149999999917,15,,0,262,q4_polar25_active,[],39669.81591798837,153,19.19147623291311,667.2642146666666,"[2, 4, 5, 6, 8, 9, 11, 12, 13, 14, 15, 16, 17, 19, 20]",4,68,15,ordinary,25,full_coverage_and_all_discovered_cleared,231,10008.96322,0.3429802500177175
0,0,True,edge__adversarial-negative__68,edge__adversarial-negative,13,16,15,421,0.03645399999999199,15,,0,403,q4_polar28_conservative,[],32397.612764484235,1,12.813876547587293,596.5681700666667,"[2, 4, 5, 6, 8, 9, 11, 12, 13, 14, 15, 16, 17, 19, 20]",4,68,15,ordinary,28,full_coverage_and_all_discovered_cleared,376,8948.522551,0.03645466599846259
34,1,True,edge__adversarial-negative__68,edge__adversarial-negative,14,18,15,288,0.39981599999998707,15,,0,268,q4_polar28_active,[],34969.32179970107,3,18.71736946007687,576.3242901333334,"[2, 4, 5, 6, 8, 9, 11, 12, 13, 14, 15, 16, 17, 19, 20]",4,68,15,ordinary,28,full_coverage_and_all_discovered_cleared,227,8644.864352,0.4004005000460893
0,0,True,edge__adversarial-negative__68,edge__adversarial-negative,14,15,15,492,0.036784000000011474,15,,0,475,q4_polar37_conservative,[],33370.04066670257,0,0.0,637.5338758,"[2, 4, 5, 6, 8, 9, 11, 12, 13, 14, 15, 16, 17, 19, 20]",4,68,15,ordinary,37,full_coverage_and_all_discovered_cleared,439,9563.008137,0.036788083030842245
29,3,True,edge__adversarial-negative__68,edge__adversarial-negative,12,98,15,536,0.36203700000001504,15,,0,436,q4_polar37_active,[],44634.05526216719,83,19.24503937413024,788.3207387333333,"[2, 4, 5, 6, 8, 9, 11, 12, 13, 14, 15, 16, 17, 19, 20]",4,68,15,ordinary,37,full_coverage_and_all_discovered_cleared,394,11824.811081,0.3625234169885516
35,4,True,edge__adversarial-negative__69,edge__adversarial-negative,11,98,15,384,0.3913379999999904,15,,0,284,baseline_triangle31_active,[],50668.14457393756,83,18.24411215934414,807.9752632,"[2, 3, 4, 5, 6, 7, 8, 9, 10, 11, 12, 13, 14, 16, 18]",4,69,15,ordinary,31,full_coverage_and_all_discovered_cleared,242,12119.628948,0.39171437500044703
0,0,True,edge__adversarial-negative__69,edge__adversarial-negative,15,15,15,600,0.04802599999999302,15,,0,583,baseline_square45_conservative,[],41495.76744653147,0,0.0,788.4768995333333,"[2, 3, 4, 5, 6, 7, 8, 9, 10, 11, 12, 13, 14, 16, 18]",4,69,15,ordinary,45,full_coverage_and_all_discovered_cleared,538,11827.153493,0.048188457963988185
0,0,True,edge__adversarial-negative__69,edge__adversarial-negative,15,15,15,339,0.032976999999988266,15,,0,322,q4_polar25_conservative,[],28575.42932149519,0,0.0,513.1390577999999,"[2, 3, 4, 5, 6, 7, 8, 9, 10, 11, 12, 13, 14, 16, 18]",4,69,15,ordinary,25,full_coverage_and_all_discovered_cleared,297,7697.085867,0.032981791999191046
33,4,True,edge__adversarial-negative__69,edge__adversarial-negative,11,97,15,334,0.38605000000001155,15,,0,235,q4_polar25_active,[],36768.3627476574,82,19.20883837470196,603.3781679333333,"[2, 3, 4, 5, 6, 7, 8, 9, 10, 11, 12, 13, 14, 16, 18]",4,69,15,ordinary,25,full_coverage_and_all_discovered_cleared,201,9050.672519,0.38654812501044944
0,0,True,edge__adversarial-negative__69,edge__adversarial-negative,14,18,15,418,0.03908400000000256,15,,0,398,q4_polar28_conservative,[],31720.616318741744,3,13.173657320106496,585.8748840666667,"[2, 3, 4, 5, 6, 7, 8, 9, 10, 11, 12, 13, 14, 16, 18]",4,69,15,ordinary,28,full_coverage_and_all_discovered_cleared,370,8788.123261,0.03913329099304974
32,6,True,edge__adversarial-negative__69,edge__adversarial-negative,9,187,15,444,0.3637429999999995,15,,0,255,q4_polar28_active,[],44870.60022184315,172,19.18273098497162,737.2746731999999,"[2, 3, 4, 5, 6, 7, 8, 9, 10, 11, 12, 13, 14, 16, 18]",4,69,15,ordinary,28,full_coverage_and_all_discovered_cleared,219,11059.120098,0.36387441598344594
0,0,True,edge__adversarial-negative__69,edge__adversarial-negative,14,17,15,470,0.039312999999992826,15,,0,451,q4_polar37_conservative,[],33178.87953445387,2,13.68625264604772,625.7183942666667,"[2, 3, 4, 5, 6, 7, 8, 9, 10, 11, 12, 13, 14, 16, 18]",4,69,15,ordinary,37,full_coverage_and_all_discovered_cleared,414,9385.775914,0.039313542016316205
37,4,True,edge__adversarial-negative__69,edge__adversarial-negative,11,22,15,411,0.4395059999999944,15,,0,387,q4_polar37_active,[],49470.57570325893,7,19.184655461548445,817.6076764000001,"[2, 3, 4, 5, 6, 7, 8, 9, 10, 11, 12, 13, 14, 16, 18]",4,69,15,ordinary,37,full_coverage_and_all_discovered_cleared,339,12264.115146,0.4396974580013193
21,3,True,edge__adversarial-negative__70,edge__adversarial-negative,7,82,10,491,0.25617900000000304,10,,0,407,baseline_triangle31_active,[],44007.24670101636,72,19.198204160910834,1147.444931,"[2, 3, 5, 10, 11, 13, 15, 16, 19, 20]",4,70,10,ordinary,31,full_coverage_and_all_discovered_cleared,372,11474.44931,0.2563340420019813
0,0,True,edge__adversarial-negative__70,edge__adversarial-negative,10,10,10,774,0.0392230000000211,10,,0,762,baseline_square45_conservative,[],37804.87775220517,0,0.0,1213.8975550999999,"[2, 3, 5, 10, 11, 13, 15, 16, 19, 20]",4,70,10,ordinary,45,full_coverage_and_all_discovered_cleared,718,12138.975551,0.039266582985874265
0,0,True,edge__adversarial-negative__70,edge__adversarial-negative,10,10,10,412,0.030152000000015278,10,,0,400,q4_polar25_conservative,[],20515.552393339338,0,0.0,652.9110478,"[2, 3, 5, 10, 11, 13, 15, 16, 19, 20]",4,70,10,ordinary,25,full_coverage_and_all_discovered_cleared,376,6529.110478,0.030167332966811955
20,3,True,edge__adversarial-negative__70,edge__adversarial-negative,7,104,10,432,0.24513899999999467,10,,0,326,q4_polar25_active,[],32326.561085117388,94,19.172722656302373,872.4312196000001,"[2, 3, 5, 10, 11, 13, 15, 16, 19, 20]",4,70,10,ordinary,25,full_coverage_and_all_discovered_cleared,297,8724.312196,0.24521837499924004
0,0,True,edge__adversarial-negative__70,edge__adversarial-negative,9,10,10,497,0.03223599999998328,10,,0,485,q4_polar28_conservative,[],24608.123620486364,0,0.0,785.4624716999999,"[2, 3, 5, 10, 11, 13, 15, 16, 19, 20]",4,70,10,ordinary,28,full_coverage_and_all_discovered_cleared,458,7854.624717,0.0322372920345515
20,3,True,edge__adversarial-negative__70,edge__adversarial-negative,7,115,10,500,0.2470869999999934,10,,0,383,q4_polar28_active,[],32339.01023834311,105,19.237471603555637,909.6802084999999,"[2, 3, 5, 10, 11, 13, 15, 16, 19, 20]",4,70,10,ordinary,28,full_coverage_and_all_discovered_cleared,349,9096.802085,0.24719879199983552
0,0,True,edge__adversarial-negative__70,edge__adversarial-negative,10,10,10,543,0.03168700000000513,10,,0,531,q4_polar37_conservative,[],30059.795883761828,0,0.0,921.2959182000001,"[2, 3, 5, 10, 11, 13, 15, 16, 19, 20]",4,70,10,ordinary,37,full_coverage_and_all_discovered_cleared,496,9212.959182,0.03168704197742045
25,3,True,edge__adversarial-negative__70,edge__adversarial-negative,7,33,10,526,0.3019170000000031,10,,0,491,q4_polar37_active,[],37689.403997244975,23,17.096860754365764,1055.9880798,"[2, 3, 5, 10, 11, 13, 15, 16, 19, 20]",4,70,10,ordinary,37,full_coverage_and_all_discovered_cleared,448,10559.880798,0.30201362498337403
26,4,True,edge__adversarial-negative__71,edge__adversarial-negative,8,121,12,476,0.2988149999999905,12,,0,353,baseline_triangle31_active,[],46917.19861594488,109,18.666651947248905,987.61997475,"[1, 2, 4, 5, 7, 9, 10, 13, 17, 18, 19, 20]",4,71,12,ordinary,31,full_coverage_and_all_discovered_cleared,316,11851.439697,0.2997860839823261
0,0,True,edge__adversarial-negative__71,edge__adversarial-negative,12,12,12,653,0.04078900000001795,12,,0,639,baseline_square45_conservative,[],39414.749695701925,0,0.0,977.74582825,"[1, 2, 4, 5, 7, 9, 10, 13, 17, 18, 19, 20]",4,71,12,ordinary,45,full_coverage_and_all_discovered_cleared,595,11732.949939,0.04089254199061543
0,0,True,edge__adversarial-negative__71,edge__adversarial-negative,9,17,12,411,0.0302430000000129,12,,0,392,q4_polar25_conservative,[],29954.36213615123,5,17.250740278922834,699.48936925,"[1, 2, 4, 5, 7, 9, 10, 13, 17, 18, 19, 20]",4,71,12,ordinary,25,full_coverage_and_all_discovered_cleared,368,8393.872431,0.030351958994287997
27,3,True,edge__adversarial-negative__71,edge__adversarial-negative,9,34,12,348,0.3195729999999912,12,,0,312,q4_polar25_active,[],30547.691735921897,22,16.191566398011858,672.8781955833333,"[1, 2, 4, 5, 7, 9, 10, 13, 17, 18, 19, 20]",4,71,12,ordinary,25,full_coverage_and_all_discovered_cleared,279,8074.538347,0.32010075001744553
0,0,True,edge__adversarial-negative__71,edge__adversarial-negative,10,15,12,487,0.033655000000010205,12,,0,470,q4_polar28_conservative,[],28425.255681765462,3,12.852757614938358,712.4209275833333,"[1, 2, 4, 5, 7, 9, 10, 13, 17, 18, 19, 20]",4,71,12,ordinary,28,full_coverage_and_all_discovered_cleared,445,8549.051131,0.03368687501642853
21,3,True,edge__adversarial-negative__71,edge__adversarial-negative,9,74,12,407,0.24514099999998962,12,,0,331,q4_polar28_active,[],33310.08010011421,62,17.292507911169796,738.5846661666666,"[1, 2, 4, 5, 7, 9, 10, 13, 17, 18, 19, 20]",4,71,12,ordinary,28,full_coverage_and_all_discovered_cleared,300,8863.015994,0.2456098329857923
0,0,True,edge__adversarial-negative__71,edge__adversarial-negative,11,12,12,544,0.03509600000001001,12,,0,530,q4_polar37_conservative,[],29956.380161472887,0,0.0,766.1896698333334,"[1, 2, 4, 5, 7, 9, 10, 13, 17, 18, 19, 20]",4,71,12,ordinary,37,full_coverage_and_all_discovered_cleared,493,9194.276038,0.0351138329715468
22,4,True,edge__adversarial-negative__71,edge__adversarial-negative,8,192,12,690,0.27142299999999864,12,,0,496,q4_polar37_active,[],48002.11213430949,180,19.19317787708007,1094.785202,"[1, 2, 4, 5, 7, 9, 10, 13, 17, 18, 19, 20]",4,71,12,ordinary,37,full_coverage_and_all_discovered_cleared,457,13137.422424,0.2717563330079429
24,1,True,edge__adversarial-spatial__67,edge__adversarial-spatial,9,14,10,407,0.2908479999999827,10,,0,391,baseline_triangle31_active,[],43222.357496916535,4,18.119353166842735,1101.4471498,"[4, 5, 7, 8, 9, 10, 14, 15, 18, 19]",4,67,10,ordinary,31,full_coverage_and_all_discovered_cleared,353,11014.471498,0.29138258297462016
0,0,True,edge__adversarial-spatial__67,edge__adversarial-spatial,10,10,10,720,0.03314800000001128,10,,0,708,baseline_square45_conservative,[],40649.653877287594,0,0.0,1238.2930777,"[4, 5, 7, 8, 9, 10, 14, 15, 18, 19]",4,67,10,ordinary,45,full_coverage_and_all_discovered_cleared,663,12382.930777,0.03317808295832947
0,0,True,edge__adversarial-spatial__67,edge__adversarial-spatial,9,14,10,409,0.026346000000017966,10,,0,393,q4_polar25_conservative,[],24650.460246347928,4,10.818360540509204,732.7092048000001,"[4, 5, 7, 8, 9, 10, 14, 15, 18, 19]",4,67,10,ordinary,25,full_coverage_and_all_discovered_cleared,370,7327.092048,0.02634745801333338
21,3,True,edge__adversarial-spatial__67,edge__adversarial-spatial,7,45,10,351,0.2415900000000022,10,,0,304,q4_polar25_active,[],32114.075780115472,35,19.54700739485523,837.1815144,"[4, 5, 7, 8, 9, 10, 14, 15, 18, 19]",4,67,10,ordinary,25,full_coverage_and_all_discovered_cleared,274,8371.815144,0.24212658300530165
0,0,True,edge__adversarial-spatial__67,edge__adversarial-spatial,10,10,10,426,0.0271720000000073,10,,0,414,q4_polar28_conservative,[],22519.031129654195,0,0.0,700.9806217,"[4, 5, 7, 8, 9, 10, 14, 15, 18, 19]",4,67,10,ordinary,28,full_coverage_and_all_discovered_cleared,386,7009.806217,0.02719958301167935
21,4,True,edge__adversarial-spatial__67,edge__adversarial-spatial,6,51,10,399,0.23962900000000786,10,,0,346,q4_polar28_active,[],35133.38785920297,41,16.792192294525854,924.2677575,"[4, 5, 7, 8, 9, 10, 14, 15, 18, 19]",4,67,10,ordinary,28,full_coverage_and_all_discovered_cleared,313,9242.677575,0.2569505409919657
0,0,True,edge__adversarial-spatial__67,edge__adversarial-spatial,9,10,10,529,0.02898099999998749,10,,0,517,q4_polar37_conservative,[],31851.85448211375,0,0.0,948.6370901,"[4, 5, 7, 8, 9, 10, 14, 15, 18, 19]",4,67,10,ordinary,37,full_coverage_and_all_discovered_cleared,481,9486.370901,0.029003125033341348
25,1,True,edge__adversarial-spatial__67,edge__adversarial-spatial,9,10,10,496,0.295410999999973,10,,0,484,q4_polar37_active,[],38626.62058517927,0,0.0,1063.4324119999999,"[4, 5, 7, 8, 9, 10, 14, 15, 18, 19]",4,67,10,ordinary,37,full_coverage_and_all_discovered_cleared,439,10634.32412,0.2955686670029536
33,2,True,edge__adversarial-spatial__68,edge__adversarial-spatial,13,80,15,347,0.3936160000000086,15,,0,265,baseline_triangle31_active,[],49934.74899643579,65,19.18571084164961,786.9966541333334,"[2, 4, 5, 6, 8, 9, 11, 12, 13, 14, 15, 16, 17, 19, 20]",4,68,15,ordinary,31,full_coverage_and_all_discovered_cleared,223,11804.949812,0.3938019589986652
0,0,True,edge__adversarial-spatial__68,edge__adversarial-spatial,15,15,15,583,0.041233000000005404,15,,0,566,baseline_square45_conservative,[],41455.699629196315,0,0.0,781.2759951333334,"[2, 4, 5, 6, 8, 9, 11, 12, 13, 14, 15, 16, 17, 19, 20]",4,68,15,ordinary,45,full_coverage_and_all_discovered_cleared,523,11719.139927,0.04123195802094415
0,0,True,edge__adversarial-spatial__68,edge__adversarial-spatial,13,16,15,380,0.032834000000008245,15,,0,362,q4_polar25_conservative,[],28702.236382876603,1,13.574580795304238,531.0298182666667,"[2, 4, 5, 6, 8, 9, 11, 12, 13, 14, 15, 16, 17, 19, 20]",4,68,15,ordinary,25,full_coverage_and_all_discovered_cleared,337,7965.447274,0.032856584002729505
29,5,True,edge__adversarial-spatial__68,edge__adversarial-spatial,10,125,15,389,0.3346249999999884,15,,0,262,q4_polar25_active,[],39027.924327632696,110,19.228740869870972,650.1056596,"[2, 4, 5, 6, 8, 9, 11, 12, 13, 14, 15, 16, 17, 19, 20]",4,68,15,ordinary,25,full_coverage_and_all_discovered_cleared,231,9751.584894,0.3347832500003278
0,0,True,edge__adversarial-spatial__68,edge__adversarial-spatial,13,18,15,420,0.035619999999994434,15,,0,400,q4_polar28_conservative,[],35697.617546372014,3,12.156923762258717,639.7682336666666,"[2, 4, 5, 6, 8, 9, 11, 12, 13, 14, 15, 16, 17, 19, 20]",4,68,15,ordinary,28,full_coverage_and_all_discovered_cleared,373,9596.523505,0.035664458002429456
33,1,True,edge__adversarial-spatial__68,edge__adversarial-spatial,14,19,15,288,0.3882289999999955,15,,0,267,q4_polar28_active,[],34693.05033880861,4,19.179652895750728,572.5073374,"[2, 4, 5, 6, 8, 9, 11, 12, 13, 14, 15, 16, 17, 19, 20]",4,68,15,ordinary,28,full_coverage_and_all_discovered_cleared,227,8587.610061,0.3900529999518767
0,0,True,edge__adversarial-spatial__68,edge__adversarial-spatial,14,15,15,483,0.036853000000007796,15,,0,466,q4_polar37_conservative,[],36269.97938433815,0,0.0,672.5997254666667,"[2, 4, 5, 6, 8, 9, 11, 12, 13, 14, 15, 16, 17, 19, 20]",4,68,15,ordinary,37,full_coverage_and_all_discovered_cleared,430,10088.995882,0.04056316701462492
27,3,True,edge__adversarial-spatial__68,edge__adversarial-spatial,12,56,15,492,0.32805700000000115,15,,0,434,q4_polar37_active,[],43974.99142582619,41,19.24503937413024,770.466552,"[2, 4, 5, 6, 8, 9, 11, 12, 13, 14, 15, 16, 17, 19, 20]",4,68,15,ordinary,37,full_coverage_and_all_discovered_cleared,394,11556.99828,0.32828954100841656
27,2,True,edge__adversarial-spatial__69,edge__adversarial-spatial,13,55,15,333,0.3099870000000067,15,,0,276,baseline_triangle31_active,[],48680.24488381981,40,18.054625368796543,770.2032655999999,"[2, 3, 4, 5, 6, 7, 8, 9, 10, 11, 12, 13, 14, 16, 18]",4,69,15,ordinary,31,full_coverage_and_all_discovered_cleared,242,11553.048984,0.31014379096450284
0,0,True,edge__adversarial-spatial__69,edge__adversarial-spatial,15,15,15,591,0.043403999999981124,15,,0,574,baseline_square45_conservative,[],43222.3423752821,0,0.0,807.8978985333334,"[2, 3, 4, 5, 6, 7, 8, 9, 10, 11, 12, 13, 14, 16, 18]",4,69,15,ordinary,45,full_coverage_and_all_discovered_cleared,529,12118.468478,0.043422624992672354
0,0,True,edge__adversarial-spatial__69,edge__adversarial-spatial,15,15,15,329,0.030225999999998976,15,,0,312,q4_polar25_conservative,[],31207.489431860806,0,0.0,544.2331924666667,"[2, 3, 4, 5, 6, 7, 8, 9, 10, 11, 12, 13, 14, 16, 18]",4,69,15,ordinary,25,full_coverage_and_all_discovered_cleared,287,8163.497887,0.030226790986489505
30,5,True,edge__adversarial-spatial__69,edge__adversarial-spatial,10,98,15,332,0.3449239999999918,15,,0,232,q4_polar25_active,[],36775.49790296425,83,19.23338988334144,602.6733036,"[2, 3, 4, 5, 6, 7, 8, 9, 10, 11, 12, 13, 14, 16, 18]",4,69,15,ordinary,25,full_coverage_and_all_discovered_cleared,201,9040.099554,0.34538058401085436
0,0,True,edge__adversarial-spatial__69,edge__adversarial-spatial,14,18,15,414,0.040617999999994936,15,,0,394,q4_polar28_conservative,[],32087.172523489848,3,13.17402931224645,589.1622999333334,"[2, 3, 4, 5, 6, 7, 8, 9, 10, 11, 12, 13, 14, 16, 18]",4,69,15,ordinary,28,full_coverage_and_all_discovered_cleared,366,8837.434499,0.04064725001808256
29,4,True,edge__adversarial-spatial__69,edge__adversarial-spatial,11,131,15,385,0.33368600000000015,15,,0,252,q4_polar28_active,[],43237.16525469807,116,19.191478792281032,703.2955378666667,"[2, 3, 4, 5, 6, 7, 8, 9, 10, 11, 12, 13, 14, 16, 18]",4,69,15,ordinary,28,full_coverage_and_all_discovered_cleared,219,10549.433068,0.3338600000133738
0,0,True,edge__adversarial-spatial__69,edge__adversarial-spatial,15,15,15,455,0.03692800000001739,15,,0,438,q4_polar37_conservative,[],32627.975395739722,0,0.0,612.7730056,"[2, 3, 4, 5, 6, 7, 8, 9, 10, 11, 12, 13, 14, 16, 18]",4,69,15,ordinary,37,full_coverage_and_all_discovered_cleared,401,9191.595084,0.0369278330472298
33,2,True,edge__adversarial-spatial__69,edge__adversarial-spatial,13,20,15,405,0.4050200000000075,15,,0,383,q4_polar37_active,[],49462.664990663136,5,19.184655461548445,815.768867,"[2, 3, 4, 5, 6, 7, 8, 9, 10, 11, 12, 13, 14, 16, 18]",4,69,15,ordinary,37,full_coverage_and_all_discovered_cleared,339,12236.533005,0.40544333396246657
23,2,True,edge__adversarial-spatial__70,edge__adversarial-spatial,8,15,10,426,0.26634599999999864,10,,0,409,baseline_triangle31_active,[],41711.867894333715,5,16.605161295647733,1082.4373577000001,"[2, 3, 5, 10, 11, 13, 15, 16, 19, 20]",4,70,10,ordinary,31,full_coverage_and_all_discovered_cleared,372,10824.373577,0.2664570410270244
0,0,True,edge__adversarial-spatial__70,edge__adversarial-spatial,10,10,10,776,0.04011800000000676,10,,0,764,baseline_square45_conservative,[],36302.905778202796,0,0.0,1185.0581157000001,"[2, 3, 5, 10, 11, 13, 15, 16, 19, 20]",4,70,10,ordinary,45,full_coverage_and_all_discovered_cleared,720,11850.581157,0.040141374978702515
0,0,True,edge__adversarial-spatial__70,edge__adversarial-spatial,10,10,10,412,0.028309000000007245,10,,0,400,q4_polar25_conservative,[],20439.287211113,0,0.0,651.3857442000001,"[2, 3, 5, 10, 11, 13, 15, 16, 19, 20]",4,70,10,ordinary,25,full_coverage_and_all_discovered_cleared,376,6513.857442,0.02830966596957296
18,3,True,edge__adversarial-spatial__70,edge__adversarial-spatial,7,104,10,430,0.2264949999999999,10,,0,324,q4_polar25_active,[],32339.144299560667,94,19.172722656302373,871.6828831,"[2, 3, 5, 10, 11, 13, 15, 16, 19, 20]",4,70,10,ordinary,25,full_coverage_and_all_discovered_cleared,297,8716.828831,0.22681800002465025
0,0,True,edge__adversarial-spatial__70,edge__adversarial-spatial,9,14,10,499,0.03028399999999465,10,,0,483,q4_polar28_conservative,[],26258.562249505067,4,12.227992420753276,818.4712445,"[2, 3, 5, 10, 11, 13, 15, 16, 19, 20]",4,70,10,ordinary,28,full_coverage_and_all_discovered_cleared,456,8184.712445,0.030313083028886467
18,3,True,edge__adversarial-spatial__70,edge__adversarial-spatial,7,118,10,501,0.19658599999999637,10,,0,381,q4_polar28_active,[],32518.59504479763,108,19.237471603555637,913.1719047,"[2, 3, 5, 10, 11, 13, 15, 16, 19, 20]",4,70,10,ordinary,28,full_coverage_and_all_discovered_cleared,349,9131.719047,0.19682075001765043
0,0,True,edge__adversarial-spatial__70,edge__adversarial-spatial,10,10,10,539,0.02977599999999825,10,,0,527,q4_polar37_conservative,[],29173.522415382933,0,0.0,901.1704487999999,"[2, 3, 5, 10, 11, 13, 15, 16, 19, 20]",4,70,10,ordinary,37,full_coverage_and_all_discovered_cleared,492,9011.704488,0.02982429100666195
24,2,True,edge__adversarial-spatial__70,edge__adversarial-spatial,8,67,10,559,0.3072750000000042,10,,0,490,q4_polar37_active,[],38842.87044454801,57,17.159824485954623,1088.7574069,"[2, 3, 5, 10, 11, 13, 15, 16, 19, 20]",4,70,10,ordinary,37,full_coverage_and_all_discovered_cleared,448,10887.574069,0.3077362910262309
24,3,True,edge__adversarial-spatial__71,edge__adversarial-spatial,9,163,12,516,0.2802299999999889,12,,0,351,baseline_triangle31_active,[],48691.94769112707,151,18.666651947248905,1026.8657938333333,"[1, 2, 4, 5, 7, 9, 10, 13, 17, 18, 19, 20]",4,71,12,ordinary,31,full_coverage_and_all_discovered_cleared,316,12322.389526,0.2805631249793805
0,0,True,edge__adversarial-spatial__71,edge__adversarial-spatial,12,12,12,650,0.03829199999998423,12,,0,636,baseline_square45_conservative,[],41800.564449498954,0,0.0,1016.0094074166667,"[1, 2, 4, 5, 7, 9, 10, 13, 17, 18, 19, 20]",4,71,12,ordinary,45,full_coverage_and_all_discovered_cleared,592,12192.112889,0.03835783404065296
0,0,True,edge__adversarial-spatial__71,edge__adversarial-spatial,9,30,12,425,0.03053299999999126,12,,0,393,q4_polar25_conservative,[],30086.84583096995,18,17.398646467216732,705.4474308333333,"[1, 2, 4, 5, 7, 9, 10, 13, 17, 18, 19, 20]",4,71,12,ordinary,25,full_coverage_and_all_discovered_cleared,369,8465.36917,0.03057445801096037
28,2,True,edge__adversarial-spatial__71,edge__adversarial-spatial,10,57,12,372,0.33688500000002364,12,,0,313,q4_polar25_active,[],31285.105527974305,45,17.123956643556237,691.3350915,"[1, 2, 4, 5, 7, 9, 10, 13, 17, 18, 19, 20]",4,71,12,ordinary,25,full_coverage_and_all_discovered_cleared,279,8296.021098,0.33713925001211464
0,0,True,edge__adversarial-spatial__71,edge__adversarial-spatial,11,13,12,485,0.03205500000001393,12,,0,470,q4_polar28_conservative,[],26698.892061454455,1,13.538255490919408,683.0648674166667,"[1, 2, 4, 5, 7, 9, 10, 13, 17, 18, 19, 20]",4,71,12,ordinary,28,full_coverage_and_all_discovered_cleared,444,8196.778409,0.03205795801477507
19,3,True,edge__adversarial-spatial__71,edge__adversarial-spatial,9,98,12,429,0.22011799999998516,12,,0,329,q4_polar28_active,[],34399.336633076084,86,19.09035534935589,761.9056086666666,"[1, 2, 4, 5, 7, 9, 10, 13, 17, 18, 19, 20]",4,71,12,ordinary,28,full_coverage_and_all_discovered_cleared,300,9142.867304,0.22034141700714827
0,0,True,edge__adversarial-spatial__71,edge__adversarial-spatial,11,13,12,542,0.032237000000009175,12,,0,527,q4_polar37_conservative,[],31843.56199515163,1,15.050444995362966,796.3927005,"[1, 2, 4, 5, 7, 9, 10, 13, 17, 18, 19, 20]",4,71,12,ordinary,37,full_coverage_and_all_discovered_cleared,490,9556.712406,0.03223983297357336
22,4,True,edge__adversarial-spatial__71,edge__adversarial-spatial,8,164,12,662,0.26884699999999384,12,,0,496,q4_polar37_active,[],47053.24607370473,152,19.19317787708007,1071.9707670833334,"[1, 2, 4, 5, 7, 9, 10, 13, 17, 18, 19, 20]",4,71,12,ordinary,37,full_coverage_and_all_discovered_cleared,457,12863.649205,0.2692785420222208
20,1,True,clustered__iid__67,clustered__iid,9,12,10,389,0.23294200000000842,10,,0,375,baseline_triangle31_active,[],38276.432575562445,2,13.952020176227888,992.6286514,"[4, 5, 7, 8, 9, 10, 14, 15, 18, 19]",4,67,10,ordinary,31,full_coverage_and_all_discovered_cleared,340,9926.286514,0.2334131250390783
0,0,True,clustered__iid__67,clustered__iid,10,10,10,670,0.036783000000014,10,,0,658,baseline_square45_conservative,[],39522.991371802214,0,0.0,1185.7598277,"[4, 5, 7, 8, 9, 10, 14, 15, 18, 19]",4,67,10,ordinary,45,full_coverage_and_all_discovered_cleared,613,11857.598277,0.03693737497087568
0,0,True,clustered__iid__67,clustered__iid,7,28,10,420,0.03071400000001745,10,,0,390,q4_polar25_conservative,[],26459.182476426657,18,19.189440780880854,771.08365,"[4, 5, 7, 8, 9, 10, 14, 15, 18, 19]",4,67,10,ordinary,25,full_coverage_and_all_discovered_cleared,365,7710.8365,0.030765749979764223
20,1,True,clustered__iid__67,clustered__iid,9,28,10,341,0.23580400000000168,10,,0,311,q4_polar25_active,[],29393.55377295146,18,19.189440780880854,781.9710755,"[4, 5, 7, 8, 9, 10, 14, 15, 18, 19]",4,67,10,ordinary,25,full_coverage_and_all_discovered_cleared,282,7819.710755,0.2364430830348283
0,0,True,clustered__iid__67,clustered__iid,8,10,10,462,0.03042100000001824,10,,0,450,q4_polar28_conservative,[],27880.73047217643,0,0.0,829.8146086999999,"[4, 5, 7, 8, 9, 10, 14, 15, 18, 19]",4,67,10,ordinary,28,full_coverage_and_all_discovered_cleared,422,8298.146087,0.030423790973145515
17,4,True,clustered__iid__67,clustered__iid,6,46,10,390,0.20736300000001506,10,,0,342,q4_polar28_active,[],30104.10958286797,36,19.19148236295868,819.9821913,"[4, 5, 7, 8, 9, 10, 14, 15, 18, 19]",4,67,10,ordinary,28,full_coverage_and_all_discovered_cleared,311,8199.821913,0.20784583303611726
0,0,True,clustered__iid__67,clustered__iid,10,10,10,581,0.034352000000012595,10,,0,569,q4_polar37_conservative,[],31286.597714239935,0,0.0,968.5319546999999,"[4, 5, 7, 8, 9, 10, 14, 15, 18, 19]",4,67,10,ordinary,37,full_coverage_and_all_discovered_cleared,533,9685.319547,0.034386124985758215
18,3,True,clustered__iid__67,clustered__iid,7,37,10,496,0.21947000000000116,10,,0,457,q4_polar37_active,[],36102.75880976032,27,16.20792756444521,1005.3551774,"[4, 5, 7, 8, 9, 10, 14, 15, 18, 19]",4,67,10,ordinary,37,full_coverage_and_all_discovered_cleared,417,10053.551774,0.21989075001329184
28,6,True,clustered__iid__68,clustered__iid,9,141,15,387,0.3117689999999982,15,,0,244,baseline_triangle31_active,[],52381.706731916085,126,19.183488709559686,823.4894246,"[2, 4, 5, 6, 8, 9, 11, 12, 13, 14, 15, 16, 17, 19, 20]",4,68,15,ordinary,31,full_coverage_and_all_discovered_cleared,203,12352.341369,0.3122031249804422
0,0,True,clustered__iid__68,clustered__iid,15,15,15,589,0.047760000000010905,15,,0,572,baseline_square45_conservative,[],40882.04420655247,0,0.0,776.0272561333334,"[2, 4, 5, 6, 8, 9, 11, 12, 13, 14, 15, 16, 17, 19, 20]",4,68,15,ordinary,45,full_coverage_and_all_discovered_cleared,529,11640.408842,0.048317625012714416
0,0,True,clustered__iid__68,clustered__iid,13,15,15,349,0.0337939999999719,15,,0,332,q4_polar25_conservative,[],31511.69132921622,0,0.0,556.2892176,"[2, 4, 5, 6, 8, 9, 11, 12, 13, 14, 15, 16, 17, 19, 20]",4,68,15,ordinary,25,full_coverage_and_all_discovered_cleared,307,8344.338264,0.03383404202759266
27,4,True,clustered__iid__68,clustered__iid,11,111,15,324,0.30411000000000854,15,,0,211,q4_polar25_active,[],36886.719748772084,96,19.183488709559686,598.3562626666667,"[2, 4, 5, 6, 8, 9, 11, 12, 13, 14, 15, 16, 17, 19, 20]",4,68,15,ordinary,25,full_coverage_and_all_discovered_cleared,180,8975.34394,0.3045943339820951
0,0,True,clustered__iid__68,clustered__iid,15,15,15,318,0.03136100000000397,15,,0,301,q4_polar28_conservative,[],27682.818784284224,0,0.0,492.70424986666666,"[2, 4, 5, 6, 8, 9, 11, 12, 13, 14, 15, 16, 17, 19, 20]",4,68,15,ordinary,28,full_coverage_and_all_discovered_cleared,274,7390.563748,0.03136108396574855
28,7,True,clustered__iid__68,clustered__iid,8,145,15,393,0.30840200000000095,15,,0,246,q4_polar28_active,[],39437.18067505314,130,19.233646347997023,652.8290758666666,"[2, 4, 5, 6, 8, 9, 11, 12, 13, 14, 15, 16, 17, 19, 20]",4,68,15,ordinary,28,full_coverage_and_all_discovered_cleared,210,9792.436138,0.30908741598250344
0,0,True,clustered__iid__68,clustered__iid,15,15,15,482,0.0423849999999959,15,,0,465,q4_polar37_conservative,[],38633.81679985502,0,0.0,703.7842242666667,"[2, 4, 5, 6, 8, 9, 11, 12, 13, 14, 15, 16, 17, 19, 20]",4,68,15,ordinary,37,full_coverage_and_all_discovered_cleared,430,10556.763364,0.042469499981962144
29,5,True,clustered__iid__68,clustered__iid,10,61,15,404,0.3455470000000105,15,,0,341,q4_polar37_active,[],43243.81037701813,46,19.183488709559686,724.2508054666666,"[2, 4, 5, 6, 8, 9, 11, 12, 13, 14, 15, 16, 17, 19, 20]",4,68,15,ordinary,37,full_coverage_and_all_discovered_cleared,297,10863.762082,0.3460652909707278
37,3,True,clustered__iid__69,clustered__iid,12,69,15,319,0.41496100000000524,15,,0,248,baseline_triangle31_active,[],48255.809293690916,54,19.047753663895772,755.2107908666666,"[2, 3, 4, 5, 6, 7, 8, 9, 10, 11, 12, 13, 14, 16, 18]",4,69,15,ordinary,31,full_coverage_and_all_discovered_cleared,200,11328.161863,0.41565920802531764
0,0,True,clustered__iid__69,clustered__iid,14,15,15,445,0.04026600000000258,15,,0,428,baseline_square45_conservative,[],40772.8760287559,0,0.0,716.8383471333333,"[2, 3, 4, 5, 6, 7, 8, 9, 10, 11, 12, 13, 14, 16, 18]",4,69,15,ordinary,45,full_coverage_and_all_discovered_cleared,383,10752.575207,0.04031516599934548
0,0,True,clustered__iid__69,clustered__iid,14,15,15,338,0.03352399999999989,15,,0,321,q4_polar25_conservative,[],22717.285882308755,0,0.0,434.6304785333333,"[2, 3, 4, 5, 6, 7, 8, 9, 10, 11, 12, 13, 14, 16, 18]",4,69,15,ordinary,25,full_coverage_and_all_discovered_cleared,296,6519.457178,0.03352837503189221
39,3,True,clustered__iid__69,clustered__iid,12,28,15,273,0.4375749999999812,15,,0,243,q4_polar25_active,[],36656.65156252206,13,15.968749926344545,590.5553542666668,"[2, 3, 4, 5, 6, 7, 8, 9, 10, 11, 12, 13, 14, 16, 18]",4,69,15,ordinary,25,full_coverage_and_all_discovered_cleared,198,8858.330314,0.4381367079913616
0,0,True,clustered__iid__69,clustered__iid,12,15,15,353,0.037030999999984715,15,,0,336,q4_polar28_conservative,[],26824.470138912755,0,0.0,495.19293473333335,"[2, 3, 4, 5, 6, 7, 8, 9, 10, 11, 12, 13, 14, 16, 18]",4,69,15,ordinary,28,full_coverage_and_all_discovered_cleared,308,7427.894021,0.03705187496962026
41,2,True,clustered__iid__69,clustered__iid,13,15,15,275,0.47541900000001647,15,,0,258,q4_polar28_active,[],35736.707381144945,0,0.0,581.3560978666667,"[2, 3, 4, 5, 6, 7, 8, 9, 10, 11, 12, 13, 14, 16, 18]",4,69,15,ordinary,28,full_coverage_and_all_discovered_cleared,208,8720.341468,0.4776634580339305
0,0,True,clustered__iid__69,clustered__iid,15,15,15,605,0.04994800000000055,15,,0,588,q4_polar37_conservative,[],34489.03000562602,0,0.0,697.587067,"[2, 3, 4, 5, 6, 7, 8, 9, 10, 11, 12, 13, 14, 16, 18]",4,69,15,ordinary,37,full_coverage_and_all_discovered_cleared,551,10463.806005,0.049952958011999726
39,5,True,clustered__iid__69,clustered__iid,10,65,15,436,0.4485249999999894,15,,0,369,q4_polar37_active,[],45212.82408990737,50,19.129131910511383,761.6376548666667,"[2, 3, 4, 5, 6, 7, 8, 9, 10, 11, 12, 13, 14, 16, 18]",4,69,15,ordinary,37,full_coverage_and_all_discovered_cleared,312,11424.564823,0.4488513749674894
23,2,True,clustered__iid__70,clustered__iid,8,31,10,395,0.26485999999999876,10,,0,362,baseline_triangle31_active,[],43591.55677439096,21,19.179199937547825,1096.4311358999998,"[2, 3, 5, 10, 11, 13, 15, 16, 19, 20]",4,70,10,ordinary,31,full_coverage_and_all_discovered_cleared,323,10964.311359,0.2651856250013225
0,0,True,clustered__iid__70,clustered__iid,10,10,10,609,0.03315199999997276,10,,0,597,baseline_square45_conservative,[],39703.71547452492,0,0.0,1152.7743096,"[2, 3, 5, 10, 11, 13, 15, 16, 19, 20]",4,70,10,ordinary,45,full_coverage_and_all_discovered_cleared,552,11527.743096,0.03315441700397059
0,0,True,clustered__iid__70,clustered__iid,10,10,10,375,0.025758000000024595,10,,0,363,q4_polar25_conservative,[],25804.616678877584,0,0.0,736.4923332999999,"[2, 3, 5, 10, 11, 13, 15, 16, 19, 20]",4,70,10,ordinary,25,full_coverage_and_all_discovered_cleared,339,7364.923333,0.025783833989407867
21,3,True,clustered__iid__70,clustered__iid,7,131,10,441,0.24309400000001347,10,,0,308,q4_polar25_active,[],33962.03560159832,121,19.18433486107788,902.2407095000001,"[2, 3, 5, 10, 11, 13, 15, 16, 19, 20]",4,70,10,ordinary,25,full_coverage_and_all_discovered_cleared,277,9022.407095,0.24362312501762062
0,0,True,clustered__iid__70,clustered__iid,10,10,10,431,0.028578000000010206,10,,0,419,q4_polar28_conservative,[],24484.043263234642,0,0.0,743.3808647,"[2, 3, 5, 10, 11, 13, 15, 16, 19, 20]",4,70,10,ordinary,28,full_coverage_and_all_discovered_cleared,392,7433.808647,0.028612416004762053
21,2,True,clustered__iid__70,clustered__iid,8,32,10,389,0.2431230000000255,10,,0,355,q4_polar28_active,[],31503.47957850758,22,19.179133900561602,851.3695918,"[2, 3, 5, 10, 11, 13, 15, 16, 19, 20]",4,70,10,ordinary,28,full_coverage_and_all_discovered_cleared,322,8513.695918,0.24346749996766448
0,0,True,clustered__iid__70,clustered__iid,10,10,10,622,0.03715800000000513,10,,0,610,q4_polar37_conservative,[],29740.56757967347,0,0.0,962.2113522,"[2, 3, 5, 10, 11, 13, 15, 16, 19, 20]",4,70,10,ordinary,37,full_coverage_and_all_discovered_cleared,574,9622.113522,0.03723262494895607
23,2,True,clustered__iid__70,clustered__iid,8,29,10,513,0.2726480000000038,10,,0,482,q4_polar37_active,[],39198.536723879704,19,17.78151300655409,1079.3707345999999,"[2, 3, 5, 10, 11, 13, 15, 16, 19, 20]",4,70,10,ordinary,37,full_coverage_and_all_discovered_cleared,437,10793.707346,0.27312166697811335
25,1,True,clustered__iid__71,clustered__iid,11,12,12,342,0.3094779999999844,12,,0,328,baseline_triangle31_active,[],42779.16821766356,0,0.0,878.736137,"[1, 2, 4, 5, 7, 9, 10, 13, 17, 18, 19, 20]",4,71,12,ordinary,31,full_coverage_and_all_discovered_cleared,289,10544.833644,0.3101808749488555
0,0,True,clustered__iid__71,clustered__iid,12,12,12,728,0.040286000000008926,12,,0,714,baseline_square45_conservative,[],40849.17006035468,0,0.0,1039.1528343333332,"[1, 2, 4, 5, 7, 9, 10, 13, 17, 18, 19, 20]",4,71,12,ordinary,45,full_coverage_and_all_discovered_cleared,670,12469.834012,0.040325166017282754
0,0,True,clustered__iid__71,clustered__iid,11,12,12,338,0.02804899999998156,12,,0,324,q4_polar25_conservative,[],29011.20262821788,0,0.0,648.5200435833334,"[1, 2, 4, 5, 7, 9, 10, 13, 17, 18, 19, 20]",4,71,12,ordinary,25,full_coverage_and_all_discovered_cleared,300,7782.240523,0.028054499998688698
23,1,True,clustered__iid__71,clustered__iid,11,24,12,288,0.27880700000000047,12,,0,262,q4_polar25_active,[],30340.606723401706,12,17.51657815330938,641.9267788333333,"[1, 2, 4, 5, 7, 9, 10, 13, 17, 18, 19, 20]",4,71,12,ordinary,25,full_coverage_and_all_discovered_cleared,229,7703.121346,0.27939254097873345
0,0,True,clustered__iid__71,clustered__iid,12,12,12,396,0.0312669999999855,12,,0,382,q4_polar28_conservative,[],25538.41910035872,0,0.0,619.39031775,"[1, 2, 4, 5, 7, 9, 10, 13, 17, 18, 19, 20]",4,71,12,ordinary,28,full_coverage_and_all_discovered_cleared,355,7432.683813,0.031270582985598594
29,2,True,clustered__iid__71,clustered__iid,10,21,12,354,0.3503129999999999,12,,0,331,q4_polar28_active,[],33418.29063330865,9,16.80485375516326,726.3881769166666,"[1, 2, 4, 5, 7, 9, 10, 13, 17, 18, 19, 20]",4,71,12,ordinary,28,full_coverage_and_all_discovered_cleared,291,8716.658123,0.35088870802428573
0,0,True,clustered__iid__71,clustered__iid,12,12,12,423,0.031227000000001226,12,,0,409,q4_polar37_conservative,[],31190.413584844726,0,0.0,726.4235601666666,"[1, 2, 4, 5, 7, 9, 10, 13, 17, 18, 19, 20]",4,71,12,ordinary,37,full_coverage_and_all_discovered_cleared,374,8717.082722,0.03130179102299735
27,3,True,clustered__iid__71,clustered__iid,9,63,12,436,0.34110200000000646,12,,0,371,q4_polar37_active,[],43608.423155166485,51,19.191418195439574,926.1403865000001,"[1, 2, 4, 5, 7, 9, 10, 13, 17, 18, 19, 20]",4,71,12,ordinary,37,full_coverage_and_all_discovered_cleared,324,11113.684638,0.3416012079687789
19,1,True,clustered__smooth__67,clustered__smooth,9,12,10,388,0.21885299999999575,10,,0,374,baseline_triangle31_active,[],39018.71141022221,2,14.140339238380172,1006.9742282,"[4, 5, 7, 8, 9, 10, 14, 15, 18, 19]",4,67,10,ordinary,31,full_coverage_and_all_discovered_cleared,340,10069.742282,0.2193112499662675
0,0,True,clustered__smooth__67,clustered__smooth,10,10,10,655,0.034185000000007904,10,,0,643,baseline_square45_conservative,[],40078.898460297896,0,0.0,1187.8779692,"[4, 5, 7, 8, 9, 10, 14, 15, 18, 19]",4,67,10,ordinary,45,full_coverage_and_all_discovered_cleared,598,11878.779692,0.03430154197849333
0,0,True,clustered__smooth__67,clustered__smooth,8,95,10,467,0.0292129999999986,10,,0,370,q4_polar25_conservative,[],30342.330460191097,85,19.198117948793374,856.9466059,"[4, 5, 7, 8, 9, 10, 14, 15, 18, 19]",4,67,10,ordinary,25,full_coverage_and_all_discovered_cleared,346,8569.466059,0.029292749997694045
20,2,True,clustered__smooth__67,clustered__smooth,8,101,10,414,0.23794999999998367,10,,0,311,q4_polar25_active,[],32170.54184273703,91,19.198117948793374,859.4108337,"[4, 5, 7, 8, 9, 10, 14, 15, 18, 19]",4,67,10,ordinary,25,full_coverage_and_all_discovered_cleared,282,8594.108337,0.238376208988484
0,0,True,clustered__smooth__67,clustered__smooth,7,10,10,465,0.03343499999999722,10,,0,453,q4_polar28_conservative,[],27033.61104078021,0,0.0,814.6722202,"[4, 5, 7, 8, 9, 10, 14, 15, 18, 19]",4,67,10,ordinary,28,full_coverage_and_all_discovered_cleared,425,8146.722202,0.03344437503255904
17,4,True,clustered__smooth__67,clustered__smooth,6,52,10,396,0.20348300000000563,10,,0,342,q4_polar28_active,[],31066.2550425073,42,19.191486680046147,841.0250985999999,"[4, 5, 7, 8, 9, 10, 14, 15, 18, 19]",4,67,10,ordinary,28,full_coverage_and_all_discovered_cleared,311,8410.250986,0.20366633299272507
0,0,True,clustered__smooth__67,clustered__smooth,9,10,10,580,0.037825999999995474,10,,0,568,q4_polar37_conservative,[],31181.514151847663,0,0.0,965.8302836999999,"[4, 5, 7, 8, 9, 10, 14, 15, 18, 19]",4,67,10,ordinary,37,full_coverage_and_all_discovered_cleared,532,9658.302837,0.03785429202252999
17,3,True,clustered__smooth__67,clustered__smooth,7,114,10,572,0.2119870000000219,10,,0,456,q4_polar37_active,[],39744.303132155655,104,19.19003821437067,1100.7860671,"[4, 5, 7, 8, 9, 10, 14, 15, 18, 19]",4,67,10,ordinary,37,full_coverage_and_all_discovered_cleared,417,11007.860671,0.2123547499650158
28,7,True,clustered__smooth__68,clustered__smooth,8,258,15,504,0.3076189999999883,15,,0,244,baseline_triangle31_active,[],55905.32490355423,243,19.184182465133325,893.8709999333333,"[2, 4, 5, 6, 8, 9, 11, 12, 13, 14, 15, 16, 17, 19, 20]",4,68,15,ordinary,31,full_coverage_and_all_discovered_cleared,203,13408.064999,0.30823704099748284
0,0,True,clustered__smooth__68,clustered__smooth,15,15,15,573,0.0478440000000262,15,,0,556,baseline_square45_conservative,[],40916.20193621919,0,0.0,770.1493590666666,"[2, 4, 5, 6, 8, 9, 11, 12, 13, 14, 15, 16, 17, 19, 20]",4,68,15,ordinary,45,full_coverage_and_all_discovered_cleared,514,11552.240386,0.04785224999068305
0,0,True,clustered__smooth__68,clustered__smooth,13,15,15,349,0.03379700000002117,15,,0,332,q4_polar25_conservative,[],31575.062376777172,0,0.0,557.1341649333333,"[2, 4, 5, 6, 8, 9, 11, 12, 13, 14, 15, 16, 17, 19, 20]",4,68,15,ordinary,25,full_coverage_and_all_discovered_cleared,307,8357.012474,0.033819791045971215
26,6,True,clustered__smooth__68,clustered__smooth,9,231,15,443,0.29573899999999753,15,,0,210,q4_polar25_active,[],40503.08017411816,216,19.18538451910096,670.2410682000001,"[2, 4, 5, 6, 8, 9, 11, 12, 13, 14, 15, 16, 17, 19, 20]",4,68,15,ordinary,25,full_coverage_and_all_discovered_cleared,180,10053.616023,0.2961683329776861
0,0,True,clustered__smooth__68,clustered__smooth,14,15,15,330,0.032998999999989564,15,,0,313,q4_polar28_conservative,[],29830.465708388896,0,0.0,526.1395422,"[2, 4, 5, 6, 8, 9, 11, 12, 13, 14, 15, 16, 17, 19, 20]",4,68,15,ordinary,28,full_coverage_and_all_discovered_cleared,286,7892.093133,0.03310045803664252
28,7,True,clustered__smooth__68,clustered__smooth,8,182,15,430,0.3119450000000086,15,,0,246,q4_polar28_active,[],39922.43547062906,167,19.233128199361023,666.6991377333333,"[2, 4, 5, 6, 8, 9, 11, 12, 13, 14, 15, 16, 17, 19, 20]",4,68,15,ordinary,28,full_coverage_and_all_discovered_cleared,210,10000.487066,0.3124264170182869
0,0,True,clustered__smooth__68,clustered__smooth,15,15,15,482,0.04213299999997844,15,,0,465,q4_polar37_conservative,[],35412.19685633863,0,0.0,660.962625,"[2, 4, 5, 6, 8, 9, 11, 12, 13, 14, 15, 16, 17, 19, 20]",4,68,15,ordinary,37,full_coverage_and_all_discovered_cleared,432,9914.439375,0.04228712501935661
28,6,True,clustered__smooth__68,clustered__smooth,9,228,15,570,0.34254900000001953,15,,0,340,q4_polar37_active,[],48699.828189518026,213,19.229785007486218,830.0643739333334,"[2, 4, 5, 6, 8, 9, 11, 12, 13, 14, 15, 16, 17, 19, 20]",4,68,15,ordinary,37,full_coverage_and_all_discovered_cleared,297,12450.965609,0.3430305420188233
35,4,True,clustered__smooth__69,clustered__smooth,11,72,15,320,0.40775500000000875,15,,0,246,baseline_triangle31_active,[],48609.29728979525,57,19.240157485334844,759.8572975999999,"[2, 3, 4, 5, 6, 7, 8, 9, 10, 11, 12, 13, 14, 16, 18]",4,69,15,ordinary,31,full_coverage_and_all_discovered_cleared,200,11397.859464,0.40956083295168355
0,0,True,clustered__smooth__69,clustered__smooth,15,15,15,413,0.03953200000000834,15,,0,396,baseline_square45_conservative,[],41371.078284374584,0,0.0,712.0143771999999,"[2, 3, 4, 5, 6, 7, 8, 9, 10, 11, 12, 13, 14, 16, 18]",4,69,15,ordinary,45,full_coverage_and_all_discovered_cleared,351,10680.215658,0.03972970799077302
0,0,True,clustered__smooth__69,clustered__smooth,15,15,15,337,0.034543000000013535,15,,0,320,q4_polar25_conservative,[],22997.83255239211,0,0.0,437.9711006,"[2, 3, 4, 5, 6, 7, 8, 9, 10, 11, 12, 13, 14, 16, 18]",4,69,15,ordinary,25,full_coverage_and_all_discovered_cleared,295,6569.566509,0.03454824996879324
33,3,True,clustered__smooth__69,clustered__smooth,12,122,15,361,0.3767769999999757,15,,0,237,q4_polar25_active,[],39257.07911443081,107,19.226640503317615,642.0277196666667,"[2, 3, 4, 5, 6, 7, 8, 9, 10, 11, 12, 13, 14, 16, 18]",4,69,15,ordinary,25,full_coverage_and_all_discovered_cleared,198,9630.415795,0.3771909580100328
0,0,True,clustered__smooth__69,clustered__smooth,12,15,15,352,0.03649799999999459,15,,0,335,q4_polar28_conservative,[],25657.517662793212,0,0.0,479.2335684,"[2, 3, 4, 5, 6, 7, 8, 9, 10, 11, 12, 13, 14, 16, 18]",4,69,15,ordinary,28,full_coverage_and_all_discovered_cleared,307,7188.503526,0.03651979099959135
37,2,True,clustered__smooth__69,clustered__smooth,13,33,15,289,0.427156999999994,15,,0,254,q4_polar28_active,[],35839.82714292858,18,18.104063600935447,584.997695,"[2, 3, 4, 5, 6, 7, 8, 9, 10, 11, 12, 13, 14, 16, 18]",4,69,15,ordinary,28,full_coverage_and_all_discovered_cleared,208,8774.965425,0.4279017910012044
0,0,True,clustered__smooth__69,clustered__smooth,15,15,15,611,0.05249399999999582,15,,0,594,q4_polar37_conservative,[],32788.49178157636,0,0.0,677.3132240666667,"[2, 3, 4, 5, 6, 7, 8, 9, 10, 11, 12, 13, 14, 16, 18]",4,69,15,ordinary,37,full_coverage_and_all_discovered_cleared,557,10159.698361,0.052616583998315036
36,4,True,clustered__smooth__69,clustered__smooth,11,65,15,433,0.4308300000000145,15,,0,366,q4_polar37_active,[],44451.53070228077,50,19.18952691437585,750.4870756666667,"[2, 3, 4, 5, 6, 7, 8, 9, 10, 11, 12, 13, 14, 16, 18]",4,69,15,ordinary,37,full_coverage_and_all_discovered_cleared,312,11257.306135,0.4315252090455033
23,3,True,clustered__smooth__70,clustered__smooth,7,33,10,397,0.26201299999999605,10,,0,362,baseline_triangle31_active,[],43935.43604338412,23,19.177424768836072,1103.9087218999998,"[2, 3, 5, 10, 11, 13, 15, 16, 19, 20]",4,70,10,ordinary,31,full_coverage_and_all_discovered_cleared,323,11039.087219,0.2622560000163503
0,0,True,clustered__smooth__70,clustered__smooth,10,10,10,609,0.03340199999999527,10,,0,597,baseline_square45_conservative,[],39686.003120513444,0,0.0,1152.4200626,"[2, 3, 5, 10, 11, 13, 15, 16, 19, 20]",4,70,10,ordinary,45,full_coverage_and_all_discovered_cleared,552,11524.200626,0.03343616705387831
0,0,True,clustered__smooth__70,clustered__smooth,9,10,10,393,0.029229999999984102,10,,0,381,q4_polar25_conservative,[],25237.642745267818,0,0.0,735.9528548999999,"[2, 3, 5, 10, 11, 13, 15, 16, 19, 20]",4,70,10,ordinary,25,full_coverage_and_all_discovered_cleared,357,7359.528549,0.02928620798047632
21,3,True,clustered__smooth__70,clustered__smooth,7,118,10,428,0.2402580000000114,10,,0,308,q4_polar25_active,[],34424.10820680632,108,19.177935995799896,907.5821635,"[2, 3, 5, 10, 11, 13, 15, 16, 19, 20]",4,70,10,ordinary,25,full_coverage_and_all_discovered_cleared,277,9075.821635,0.2410528750042431
0,0,True,clustered__smooth__70,clustered__smooth,10,10,10,418,0.028723999999982652,10,,0,406,q4_polar28_conservative,[],24419.684765045644,0,0.0,734.2936945,"[2, 3, 5, 10, 11, 13, 15, 16, 19, 20]",4,70,10,ordinary,28,full_coverage_and_all_discovered_cleared,379,7342.936945,0.028814333025366068
21,4,True,clustered__smooth__70,clustered__smooth,6,115,10,472,0.24731600000001208,10,,0,355,q4_polar28_active,[],34866.26755072827,105,19.176972014795652,943.5253473,"[2, 3, 5, 10, 11, 13, 15, 16, 19, 20]",4,70,10,ordinary,28,full_coverage_and_all_discovered_cleared,322,9435.253473,0.24791895796079189
0,0,True,clustered__smooth__70,clustered__smooth,10,10,10,619,0.03781000000000745,10,,0,607,q4_polar37_conservative,[],32167.289988334473,0,0.0,1008.9458005,"[2, 3, 5, 10, 11, 13, 15, 16, 19, 20]",4,70,10,ordinary,37,full_coverage_and_all_discovered_cleared,571,10089.458005,0.03784287499729544
21,2,True,clustered__smooth__70,clustered__smooth,8,16,10,498,0.2551939999999888,10,,0,480,q4_polar37_active,[],37931.5611350634,6,14.170914588600372,1049.1312237,"[2, 3, 5, 10, 11, 13, 15, 16, 19, 20]",4,70,10,ordinary,37,full_coverage_and_all_discovered_cleared,437,10491.312237,0.2598034999682568
26,1,True,clustered__smooth__71,clustered__smooth,11,96,12,427,0.3125049999999874,12,,0,329,baseline_triangle31_active,[],44891.63886468073,84,19.17801772360423,935.3606490833334,"[1, 2, 4, 5, 7, 9, 10, 13, 17, 18, 19, 20]",4,71,12,ordinary,31,full_coverage_and_all_discovered_cleared,289,11224.327789,0.3130380419897847
0,0,True,clustered__smooth__71,clustered__smooth,12,12,12,743,0.04146199999999567,12,,0,729,baseline_square45_conservative,[],41111.214570797216,0,0.0,1051.0202428333334,"[1, 2, 4, 5, 7, 9, 10, 13, 17, 18, 19, 20]",4,71,12,ordinary,45,full_coverage_and_all_discovered_cleared,685,12612.242914,0.041547083004843444
0,0,True,clustered__smooth__71,clustered__smooth,12,12,12,318,0.026711000000005924,12,,0,304,q4_polar25_conservative,[],27390.41861957702,0,0.0,611.506977,"[1, 2, 4, 5, 7, 9, 10, 13, 17, 18, 19, 20]",4,71,12,ordinary,25,full_coverage_and_all_discovered_cleared,280,7338.083724,0.026731666002888232
25,0,True,clustered__smooth__71,clustered__smooth,12,12,12,278,0.29236099999999965,12,,0,264,q4_polar25_active,[],27809.68493885951,0,0.0,597.5780821666666,"[1, 2, 4, 5, 7, 9, 10, 13, 17, 18, 19, 20]",4,71,12,ordinary,25,full_coverage_and_all_discovered_cleared,229,7170.936986,0.2928473749780096
0,0,True,clustered__smooth__71,clustered__smooth,12,12,12,395,0.030868999999995594,12,,0,381,q4_polar28_conservative,[],26547.522900486645,0,0.0,635.6253811666667,"[1, 2, 4, 5, 7, 9, 10, 13, 17, 18, 19, 20]",4,71,12,ordinary,28,full_coverage_and_all_discovered_cleared,353,7627.504574,0.030902915983460844
31,2,True,clustered__smooth__71,clustered__smooth,10,21,12,356,0.35595499999999447,12,,0,333,q4_polar28_active,[],32254.087231959104,9,16.856651925253782,707.7347865,"[1, 2, 4, 5, 7, 9, 10, 13, 17, 18, 19, 20]",4,71,12,ordinary,28,full_coverage_and_all_discovered_cleared,290,8492.817438,0.35650404199259356
0,0,True,clustered__smooth__71,clustered__smooth,12,12,12,424,0.03190600000002064,12,,0,410,q4_polar37_conservative,[],30467.103295339566,0,0.0,714.86838875,"[1, 2, 4, 5, 7, 9, 10, 13, 17, 18, 19, 20]",4,71,12,ordinary,37,full_coverage_and_all_discovered_cleared,375,8578.420665,0.03190904203802347
27,2,True,clustered__smooth__71,clustered__smooth,10,39,12,412,0.32731800000001954,12,,0,371,q4_polar37_active,[],40619.05238038518,27,19.191370340603566,870.317541,"[1, 2, 4, 5, 7, 9, 10, 13, 17, 18, 19, 20]",4,71,12,ordinary,37,full_coverage_and_all_discovered_cleared,324,10443.810492,0.3279297080007382
19,1,True,clustered__adversarial-positive__67,clustered__adversarial-positive,9,51,10,427,0.22147400000000061,10,,0,374,baseline_triangle31_active,[],39807.50256720438,41,18.872813636106127,1034.4500517000001,"[4, 5, 7, 8, 9, 10, 14, 15, 18, 19]",4,67,10,ordinary,31,full_coverage_and_all_discovered_cleared,340,10344.500517,0.2217697500018403
0,0,True,clustered__adversarial-positive__67,clustered__adversarial-positive,10,10,10,670,0.03557299999999941,10,,0,658,baseline_square45_conservative,[],39293.37917965908,0,0.0,1181.1675837,"[4, 5, 7, 8, 9, 10, 14, 15, 18, 19]",4,67,10,ordinary,45,full_coverage_and_all_discovered_cleared,613,11811.675837,0.0356207910226658
0,0,True,clustered__adversarial-positive__67,clustered__adversarial-positive,7,97,10,487,0.030583000000007132,10,,0,388,q4_polar25_conservative,[],27708.804705375856,87,19.198850236654035,815.5760955,"[4, 5, 7, 8, 9, 10, 14, 15, 18, 19]",4,67,10,ordinary,25,full_coverage_and_all_discovered_cleared,363,8155.760955,0.03066124999895692
19,2,True,clustered__adversarial-positive__67,clustered__adversarial-positive,8,99,10,411,0.2222110000000157,10,,0,310,q4_polar25_active,[],31090.219407980385,89,19.198850236654035,836.7043893,"[4, 5, 7, 8, 9, 10, 14, 15, 18, 19]",4,67,10,ordinary,25,full_coverage_and_all_discovered_cleared,282,8367.043893,0.22244924999540672
0,0,True,clustered__adversarial-positive__67,clustered__adversarial-positive,8,12,10,465,0.03338399999998387,10,,0,451,q4_polar28_conservative,[],27855.700129166413,2,10.813144134104585,830.5140023,"[4, 5, 7, 8, 9, 10, 14, 15, 18, 19]",4,67,10,ordinary,28,full_coverage_and_all_discovered_cleared,423,8305.140023,0.03346212499309331
19,3,True,clustered__adversarial-positive__67,clustered__adversarial-positive,7,114,10,460,0.23091099999999187,10,,0,344,q4_polar28_active,[],31321.59580776507,104,19.15298033900927,865.7319142,"[4, 5, 7, 8, 9, 10, 14, 15, 18, 19]",4,67,10,ordinary,28,full_coverage_and_all_discovered_cleared,311,8657.319142,0.2314434580039233
0,0,True,clustered__adversarial-positive__67,clustered__adversarial-positive,9,10,10,580,0.0337910000000079,10,,0,568,q4_polar37_conservative,[],31156.399906186314,0,0.0,965.3279987,"[4, 5, 7, 8, 9, 10, 14, 15, 18, 19]",4,67,10,ordinary,37,full_coverage_and_all_discovered_cleared,532,9653.279987,0.03379504202166572
16,3,True,clustered__adversarial-positive__67,clustered__adversarial-positive,7,131,10,588,0.20082700000000386,10,,0,455,q4_polar37_active,[],39624.699071491654,121,19.191238819982722,1102.9939858,"[4, 5, 7, 8, 9, 10, 14, 15, 18, 19]",4,67,10,ordinary,37,full_coverage_and_all_discovered_cleared,417,11029.939858,0.20109200000297278
29,6,True,clustered__adversarial-positive__68,clustered__adversarial-positive,9,299,15,546,0.3350409999999897,15,,0,245,baseline_triangle31_active,[],55487.20397499852,284,19.18587598062028,896.8293865333333,"[2, 4, 5, 6, 8, 9, 11, 12, 13, 14, 15, 16, 17, 19, 20]",4,68,15,ordinary,31,full_coverage_and_all_discovered_cleared,203,13452.440798,0.33541858301032335
0,0,True,clustered__adversarial-positive__68,clustered__adversarial-positive,15,15,15,573,0.0483340000000112,15,,0,556,baseline_square45_conservative,[],40593.491020639216,0,0.0,765.7132136666667,"[2, 4, 5, 6, 8, 9, 11, 12, 13, 14, 15, 16, 17, 19, 20]",4,68,15,ordinary,45,full_coverage_and_all_discovered_cleared,512,11485.698205,0.04839587496826425
0,0,True,clustered__adversarial-positive__68,clustered__adversarial-positive,13,16,15,350,0.03365099999999188,15,,0,332,q4_polar25_conservative,[],31489.698001007673,1,16.07590495883155,556.1959732,"[2, 4, 5, 6, 8, 9, 11, 12, 13, 14, 15, 16, 17, 19, 20]",4,68,15,ordinary,25,full_coverage_and_all_discovered_cleared,307,8342.939598,0.033678999985568225
26,4,True,clustered__adversarial-positive__68,clustered__adversarial-positive,11,253,15,465,0.2964359999999999,15,,0,210,q4_polar25_active,[],40948.756070413554,238,19.19134742321629,680.5834114666667,"[2, 4, 5, 6, 8, 9, 11, 12, 13, 14, 15, 16, 17, 19, 20]",4,68,15,ordinary,25,full_coverage_and_all_discovered_cleared,180,10208.751172,0.2968988330103457
0,0,True,clustered__adversarial-positive__68,clustered__adversarial-positive,14,15,15,328,0.031403000000011616,15,,0,311,q4_polar28_conservative,[],30118.210985806298,0,0.0,529.176146,"[2, 4, 5, 6, 8, 9, 11, 12, 13, 14, 15, 16, 17, 19, 20]",4,68,15,ordinary,28,full_coverage_and_all_discovered_cleared,284,7937.64219,0.03145474998746067
27,6,True,clustered__adversarial-positive__68,clustered__adversarial-positive,9,223,15,470,0.3154970000000219,15,,0,245,q4_polar28_active,[],40922.33632255141,208,19.23165541021123,687.8978149333333,"[2, 4, 5, 6, 8, 9, 11, 12, 13, 14, 15, 16, 17, 19, 20]",4,68,15,ordinary,28,full_coverage_and_all_discovered_cleared,210,10318.467224,0.31623325002146885
0,0,True,clustered__adversarial-positive__68,clustered__adversarial-positive,15,15,15,491,0.047391000000004624,15,,0,474,q4_polar37_conservative,[],36041.74273407781,0,0.0,672.75657,"[2, 4, 5, 6, 8, 9, 11, 12, 13, 14, 15, 16, 17, 19, 20]",4,68,15,ordinary,37,full_coverage_and_all_discovered_cleared,438,10091.34855,0.04771679197438061
28,6,True,clustered__adversarial-positive__68,clustered__adversarial-positive,9,205,15,547,0.32499999999998863,15,,0,340,q4_polar37_active,[],48464.64052279625,190,19.211346754601816,822.32854,"[2, 4, 5, 6, 8, 9, 11, 12, 13, 14, 15, 16, 17, 19, 20]",4,68,15,ordinary,37,full_coverage_and_all_discovered_cleared,297,12334.9281,0.3254432500107214
37,2,True,clustered__adversarial-positive__69,clustered__adversarial-positive,13,51,15,301,0.42920200000000364,15,,0,248,baseline_triangle31_active,[],47550.48291091156,36,19.051243770357573,742.2064392,"[2, 3, 4, 5, 6, 7, 8, 9, 10, 11, 12, 13, 14, 16, 18]",4,69,15,ordinary,31,full_coverage_and_all_discovered_cleared,200,11133.096588,0.429952249978669
0,0,True,clustered__adversarial-positive__69,clustered__adversarial-positive,15,15,15,423,0.040441999999984546,15,,0,406,baseline_square45_conservative,[],39329.97733278848,0,0.0,688.7996977333333,"[2, 3, 4, 5, 6, 7, 8, 9, 10, 11, 12, 13, 14, 16, 18]",4,69,15,ordinary,45,full_coverage_and_all_discovered_cleared,361,10331.995466,0.04061866702977568
0,0,True,clustered__adversarial-positive__69,clustered__adversarial-positive,14,15,15,337,0.034241000000008626,15,,0,320,q4_polar25_conservative,[],23075.905173055413,0,0.0,439.0120688,"[2, 3, 4, 5, 6, 7, 8, 9, 10, 11, 12, 13, 14, 16, 18]",4,69,15,ordinary,25,full_coverage_and_all_discovered_cleared,295,6585.181032,0.034296249970793724
35,2,True,clustered__adversarial-positive__69,clustered__adversarial-positive,13,122,15,363,0.4055749999999989,15,,0,239,q4_polar25_active,[],40087.16428577728,107,19.210889943315546,653.7621898666667,"[2, 3, 4, 5, 6, 7, 8, 9, 10, 11, 12, 13, 14, 16, 18]",4,69,15,ordinary,25,full_coverage_and_all_discovered_cleared,198,9806.432848,0.40616445802152157
0,0,True,clustered__adversarial-positive__69,clustered__adversarial-positive,13,16,15,347,0.036474999999995816,15,,0,329,q4_polar28_conservative,[],27781.57399114121,1,12.354533819000448,505.35431933333336,"[2, 3, 4, 5, 6, 7, 8, 9, 10, 11, 12, 13, 14, 16, 18]",4,69,15,ordinary,28,full_coverage_and_all_discovered_cleared,301,7580.31479,0.03655208298005164
37,2,True,clustered__adversarial-positive__69,clustered__adversarial-positive,13,64,15,320,0.4304470000000151,15,,0,254,q4_polar28_active,[],37904.90488049735,49,19.08509512717735,618.7320649333334,"[2, 3, 4, 5, 6, 7, 8, 9, 10, 11, 12, 13, 14, 16, 18]",4,69,15,ordinary,28,full_coverage_and_all_discovered_cleared,208,9280.980974,0.4313434999785386
0,0,True,clustered__adversarial-positive__69,clustered__adversarial-positive,15,15,15,625,0.05780799999999431,15,,0,608,q4_polar37_conservative,[],31169.077822249066,0,0.0,661.321038,"[2, 3, 4, 5, 6, 7, 8, 9, 10, 11, 12, 13, 14, 16, 18]",4,69,15,ordinary,37,full_coverage_and_all_discovered_cleared,571,9919.81557,0.057904957968275994
38,1,True,clustered__adversarial-positive__69,clustered__adversarial-positive,14,45,15,415,0.4475360000000137,15,,0,368,q4_polar37_active,[],44042.889976366714,30,19.117336821380626,741.7051995999999,"[2, 3, 4, 5, 6, 7, 8, 9, 10, 11, 12, 13, 14, 16, 18]",4,69,15,ordinary,37,full_coverage_and_all_discovered_cleared,312,11125.577994,0.4480069170240313
23,3,True,clustered__adversarial-positive__70,clustered__adversarial-positive,7,101,10,465,0.2699049999999943,10,,0,362,baseline_triangle31_active,[],45435.316647713415,91,19.17799033479959,1154.4063347,"[2, 3, 5, 10, 11, 13, 15, 16, 19, 20]",4,70,10,ordinary,31,full_coverage_and_all_discovered_cleared,324,11544.063347,0.270519332960248
0,0,True,clustered__adversarial-positive__70,clustered__adversarial-positive,10,10,10,606,0.033924000000013166,10,,0,594,baseline_square45_conservative,[],38867.98523137027,0,0.0,1134.2597046,"[2, 3, 5, 10, 11, 13, 15, 16, 19, 20]",4,70,10,ordinary,45,full_coverage_and_all_discovered_cleared,549,11342.597046,0.033984458015765995
0,0,True,clustered__adversarial-positive__70,clustered__adversarial-positive,10,10,10,374,0.025757999999996173,10,,0,362,q4_polar25_conservative,[],24700.78265535054,0,0.0,713.8156531,"[2, 3, 5, 10, 11, 13, 15, 16, 19, 20]",4,70,10,ordinary,25,full_coverage_and_all_discovered_cleared,338,7138.156531,0.025831833016127348
20,3,True,clustered__adversarial-positive__70,clustered__adversarial-positive,7,206,10,515,0.2348700000000008,10,,0,307,q4_polar25_active,[],36662.84638269521,196,19.188021125958542,978.3569332999999,"[2, 3, 5, 10, 11, 13, 15, 16, 19, 20]",4,70,10,ordinary,25,full_coverage_and_all_discovered_cleared,278,9783.569333,0.23520850000204518
0,0,True,clustered__adversarial-positive__70,clustered__adversarial-positive,10,10,10,431,0.029370999999997593,10,,0,419,q4_polar28_conservative,[],24385.970575323834,0,0.0,741.4194107999999,"[2, 3, 5, 10, 11, 13, 15, 16, 19, 20]",4,70,10,ordinary,28,full_coverage_and_all_discovered_cleared,392,7414.194108,0.029395874997135252
21,2,True,clustered__adversarial-positive__70,clustered__adversarial-positive,8,99,10,456,0.2547040000000038,10,,0,355,q4_polar28_active,[],33171.26434305807,89,19.17850570348016,904.9252839000001,"[2, 3, 5, 10, 11, 13, 15, 16, 19, 20]",4,70,10,ordinary,28,full_coverage_and_all_discovered_cleared,323,9049.252839,0.2550406669615768
0,0,True,clustered__adversarial-positive__70,clustered__adversarial-positive,10,10,10,622,0.03661700000000678,10,,0,610,q4_polar37_conservative,[],29669.528440825652,0,0.0,960.7905695,"[2, 3, 5, 10, 11, 13, 15, 16, 19, 20]",4,70,10,ordinary,37,full_coverage_and_all_discovered_cleared,574,9607.905695,0.03663433395558968
23,2,True,clustered__adversarial-positive__70,clustered__adversarial-positive,8,13,10,497,0.2764750000000049,10,,0,482,q4_polar37_active,[],37690.22940817945,3,14.033750796614902,1044.5045886,"[2, 3, 5, 10, 11, 13, 15, 16, 19, 20]",4,70,10,ordinary,37,full_coverage_and_all_discovered_cleared,438,10445.045886,0.277110958006233
24,3,True,clustered__adversarial-positive__71,clustered__adversarial-positive,9,100,12,429,0.2874830000000088,12,,0,327,baseline_triangle31_active,[],45064.5609568325,88,19.178718918817857,938.4093459166667,"[1, 2, 4, 5, 7, 9, 10, 13, 17, 18, 19, 20]",4,71,12,ordinary,31,full_coverage_and_all_discovered_cleared,289,11260.912151,0.2878888340201229
0,0,True,clustered__adversarial-positive__71,clustered__adversarial-positive,12,12,12,730,0.04338300000000572,12,,0,716,baseline_square45_conservative,[],41605.9280882646,0,0.0,1052.765468,"[1, 2, 4, 5, 7, 9, 10, 13, 17, 18, 19, 20]",4,71,12,ordinary,45,full_coverage_and_all_discovered_cleared,672,12633.185616,0.043483750021550804
0,0,True,clustered__adversarial-positive__71,clustered__adversarial-positive,12,12,12,317,0.02642099999999914,12,,0,303,q4_polar25_conservative,[],27410.573952889397,0,0.0,611.3428993333333,"[1, 2, 4, 5, 7, 9, 10, 13, 17, 18, 19, 20]",4,71,12,ordinary,25,full_coverage_and_all_discovered_cleared,279,7336.114792,0.026422666967846453
23,1,True,clustered__adversarial-positive__71,clustered__adversarial-positive,11,16,12,280,0.265578000000005,12,,0,262,q4_polar25_active,[],27529.628731276574,4,14.97127333065998,593.0771456666666,"[1, 2, 4, 5, 7, 9, 10, 13, 17, 18, 19, 20]",4,71,12,ordinary,25,full_coverage_and_all_discovered_cleared,229,7116.925748,0.2660601250245236
0,0,True,clustered__adversarial-positive__71,clustered__adversarial-positive,12,12,12,395,0.03064399999999523,12,,0,381,q4_polar28_conservative,[],26307.12166844133,0,0.0,631.70202725,"[1, 2, 4, 5, 7, 9, 10, 13, 17, 18, 19, 20]",4,71,12,ordinary,28,full_coverage_and_all_discovered_cleared,354,7580.424327,0.030667209008242935
26,2,True,clustered__adversarial-positive__71,clustered__adversarial-positive,10,25,12,355,0.2977070000000026,12,,0,328,q4_polar28_active,[],30962.25672694353,13,16.847782549970457,685.1209446666667,"[1, 2, 4, 5, 7, 9, 10, 13, 17, 18, 19, 20]",4,71,12,ordinary,28,full_coverage_and_all_discovered_cleared,290,8221.451336,0.2980327910045162
0,0,True,clustered__adversarial-positive__71,clustered__adversarial-positive,12,12,12,425,0.03253799999998819,12,,0,411,q4_polar37_conservative,[],30641.201169784523,0,0.0,718.2700199166667,"[1, 2, 4, 5, 7, 9, 10, 13, 17, 18, 19, 20]",4,71,12,ordinary,37,full_coverage_and_all_discovered_cleared,376,8619.240239,0.03255745803471655
24,5,True,clustered__adversarial-positive__71,clustered__adversarial-positive,7,70,12,440,0.2826919999999973,12,,0,368,q4_polar37_active,[],42485.693523797265,58,19.19096791140925,907.9282274166667,"[1, 2, 4, 5, 7, 9, 10, 13, 17, 18, 19, 20]",4,71,12,ordinary,37,full_coverage_and_all_discovered_cleared,324,10895.138729,0.282961749995593
21,1,True,clustered__adversarial-negative__67,clustered__adversarial-negative,9,10,10,388,0.25197800000000825,10,,0,376,baseline_triangle31_active,[],38364.98484737091,0,0.0,994.2996971,"[4, 5, 7, 8, 9, 10, 14, 15, 18, 19]",4,67,10,ordinary,31,full_coverage_and_all_discovered_cleared,340,9942.996971,0.25226033304352313
0,0,True,clustered__adversarial-negative__67,clustered__adversarial-negative,10,10,10,670,0.03641600000000267,10,,0,658,baseline_square45_conservative,[],39499.28139550454,0,0.0,1185.2856279,"[4, 5, 7, 8, 9, 10, 14, 15, 18, 19]",4,67,10,ordinary,45,full_coverage_and_all_discovered_cleared,613,11852.856279,0.03662133403122425
0,0,True,clustered__adversarial-negative__67,clustered__adversarial-negative,7,98,10,488,0.031197000000020125,10,,0,388,q4_polar25_conservative,[],27809.386517759285,88,19.168396247046697,817.8877267,"[4, 5, 7, 8, 9, 10, 14, 15, 18, 19]",4,67,10,ordinary,25,full_coverage_and_all_discovered_cleared,363,8178.877267,0.031345666968263686
18,1,True,clustered__adversarial-negative__67,clustered__adversarial-negative,9,18,10,329,0.21511100000000738,10,,0,309,q4_polar25_active,[],28634.211353941544,8,15.508344381492321,762.7842276,"[4, 5, 7, 8, 9, 10, 14, 15, 18, 19]",4,67,10,ordinary,25,full_coverage_and_all_discovered_cleared,282,7627.842276,0.22136062500067055
0,0,True,clustered__adversarial-negative__67,clustered__adversarial-negative,8,11,10,464,0.031154000000015003,10,,0,451,q4_polar28_conservative,[],27778.59281437903,1,10.918400707943762,828.6718555,"[4, 5, 7, 8, 9, 10, 14, 15, 18, 19]",4,67,10,ordinary,28,full_coverage_and_all_discovered_cleared,423,8286.718555,0.031209874956402928
18,4,True,clustered__adversarial-negative__67,clustered__adversarial-negative,6,54,10,399,0.21671899999998345,10,,0,343,q4_polar28_active,[],31289.05298774406,44,19.18863533795879,846.5810603,"[4, 5, 7, 8, 9, 10, 14, 15, 18, 19]",4,67,10,ordinary,28,full_coverage_and_all_discovered_cleared,311,8465.810603,0.21705833298619837
0,0,True,clustered__adversarial-negative__67,clustered__adversarial-negative,9,10,10,580,0.03393799999997782,10,,0,568,q4_polar37_conservative,[],31101.62531173965,0,0.0,964.2325066999999,"[4, 5, 7, 8, 9, 10, 14, 15, 18, 19]",4,67,10,ordinary,37,full_coverage_and_all_discovered_cleared,532,9642.325067,0.03396529197925702
17,4,True,clustered__adversarial-negative__67,clustered__adversarial-negative,6,203,10,661,0.21601300000000379,10,,0,456,q4_polar37_active,[],42724.512669645126,193,19.187127292170945,1187.0902571000001,"[4, 5, 7, 8, 9, 10, 14, 15, 18, 19]",4,67,10,ordinary,37,full_coverage_and_all_discovered_cleared,417,11870.902571,0.2165924580185674
29,4,True,clustered__adversarial-negative__68,clustered__adversarial-negative,11,120,15,367,0.3246639999999843,15,,0,245,baseline_triangle31_active,[],51015.47544490015,105,19.19144923679789,801.4063389333334,"[2, 4, 5, 6, 8, 9, 11, 12, 13, 14, 15, 16, 17, 19, 20]",4,68,15,ordinary,31,full_coverage_and_all_discovered_cleared,203,12021.095084,0.3250870420015417
0,0,True,clustered__adversarial-negative__68,clustered__adversarial-negative,15,15,15,574,0.046885000000003174,15,,0,557,baseline_square45_conservative,[],39820.40080214791,0,0.0,755.8053439333332,"[2, 4, 5, 6, 8, 9, 11, 12, 13, 14, 15, 16, 17, 19, 20]",4,68,15,ordinary,45,full_coverage_and_all_discovered_cleared,513,11337.080159,0.04688725003506988
0,0,True,clustered__adversarial-negative__68,clustered__adversarial-negative,13,15,15,349,0.03401199999998994,15,,0,332,q4_polar25_conservative,[],31589.52597887779,0,0.0,557.327013,"[2, 4, 5, 6, 8, 9, 11, 12, 13, 14, 15, 16, 17, 19, 20]",4,68,15,ordinary,25,full_coverage_and_all_discovered_cleared,307,8359.905195,0.034037375007756054
25,4,True,clustered__adversarial-negative__68,clustered__adversarial-negative,11,182,15,393,0.28612300000000346,15,,0,209,q4_polar25_active,[],38451.97697925938,167,19.19144923679789,632.7596949333333,"[2, 4, 5, 6, 8, 9, 11, 12, 13, 14, 15, 16, 17, 19, 20]",4,68,15,ordinary,25,full_coverage_and_all_discovered_cleared,180,9491.395424,0.2864984589978121
0,0,True,clustered__adversarial-negative__68,clustered__adversarial-negative,15,15,15,316,0.030409000000020114,15,,0,299,q4_polar28_conservative,[],28072.521340254538,0,0.0,497.10028413333333,"[2, 4, 5, 6, 8, 9, 11, 12, 13, 14, 15, 16, 17, 19, 20]",4,68,15,ordinary,28,full_coverage_and_all_discovered_cleared,272,7456.504262,0.03040945896646008
28,6,True,clustered__adversarial-negative__68,clustered__adversarial-negative,9,146,15,394,0.3138720000000035,15,,0,246,q4_polar28_active,[],39189.29977132837,131,19.233302526886565,649.7239967333334,"[2, 4, 5, 6, 8, 9, 11, 12, 13, 14, 15, 16, 17, 19, 20]",4,68,15,ordinary,28,full_coverage_and_all_discovered_cleared,210,9745.859951,0.31423029204597697
0,0,True,clustered__adversarial-negative__68,clustered__adversarial-negative,15,15,15,485,0.044525000000021464,15,,0,468,q4_polar37_conservative,[],36317.41089642119,0,0.0,674.0321456,"[2, 4, 5, 6, 8, 9, 11, 12, 13, 14, 15, 16, 17, 19, 20]",4,68,15,ordinary,37,full_coverage_and_all_discovered_cleared,432,10110.482184,0.04460233298595995
28,5,True,clustered__adversarial-negative__68,clustered__adversarial-negative,10,241,15,583,0.36061800000001654,15,,0,340,q4_polar37_active,[],48297.750051644194,226,19.19148680914076,827.3033319333333,"[2, 4, 5, 6, 8, 9, 11, 12, 13, 14, 15, 16, 17, 19, 20]",4,68,15,ordinary,37,full_coverage_and_all_discovered_cleared,297,12409.549979,0.3610065830289386
34,3,True,clustered__adversarial-negative__69,clustered__adversarial-negative,12,69,15,316,0.4019529999999918,15,,0,245,baseline_triangle31_active,[],48270.896043790155,54,19.23340570823331,754.4119471333332,"[2, 3, 4, 5, 6, 7, 8, 9, 10, 11, 12, 13, 14, 16, 18]",4,69,15,ordinary,31,full_coverage_and_all_discovered_cleared,200,11316.179207,0.40234099997906014
0,0,True,clustered__adversarial-negative__69,clustered__adversarial-negative,15,15,15,422,0.0403999999999769,15,,0,405,baseline_square45_conservative,[],40658.7908327858,0,0.0,706.1172110666666,"[2, 3, 4, 5, 6, 7, 8, 9, 10, 11, 12, 13, 14, 16, 18]",4,69,15,ordinary,45,full_coverage_and_all_discovered_cleared,360,10591.758166,0.04050783300772309
0,0,True,clustered__adversarial-negative__69,clustered__adversarial-negative,14,15,15,337,0.03440800000001332,15,,0,320,q4_polar25_conservative,[],22971.44963853311,0,0.0,437.6193285333333,"[2, 3, 4, 5, 6, 7, 8, 9, 10, 11, 12, 13, 14, 16, 18]",4,69,15,ordinary,25,full_coverage_and_all_discovered_cleared,295,6564.289928,0.034408625040668994
35,1,True,clustered__adversarial-negative__69,clustered__adversarial-negative,14,16,15,257,0.41352900000001114,15,,0,239,q4_polar25_active,[],35493.4268296742,1,14.67652613395483,571.3123576,"[2, 3, 4, 5, 6, 7, 8, 9, 10, 11, 12, 13, 14, 16, 18]",4,69,15,ordinary,25,full_coverage_and_all_discovered_cleared,198,8569.685364,0.4144108340260573
0,0,True,clustered__adversarial-negative__69,clustered__adversarial-negative,12,19,15,356,0.038424999999989495,15,,0,335,q4_polar28_conservative,[],27482.37053272121,4,15.981934255334417,504.36494006666663,"[2, 3, 4, 5, 6, 7, 8, 9, 10, 11, 12, 13, 14, 16, 18]",4,69,15,ordinary,28,full_coverage_and_all_discovered_cleared,307,7565.474101,0.03855270898202434
37,1,True,clustered__adversarial-negative__69,clustered__adversarial-negative,14,16,15,272,0.44178199999998924,15,,0,254,q4_polar28_active,[],35107.85522205023,1,14.67652613395483,571.8380689333334,"[2, 3, 4, 5, 6, 7, 8, 9, 10, 11, 12, 13, 14, 16, 18]",4,69,15,ordinary,28,full_coverage_and_all_discovered_cleared,208,8577.571034,0.4425285829929635
0,0,True,clustered__adversarial-negative__69,clustered__adversarial-negative,15,15,15,627,0.05924099999998589,15,,0,610,q4_polar37_conservative,[],30393.465527313998,0,0.0,651.7795406,"[2, 3, 4, 5, 6, 7, 8, 9, 10, 11, 12, 13, 14, 16, 18]",4,69,15,ordinary,37,full_coverage_and_all_discovered_cleared,573,9776.693109,0.059311874967534095
35,3,True,clustered__adversarial-negative__69,clustered__adversarial-negative,12,96,15,463,0.43300400000001105,15,,0,365,q4_polar37_active,[],45319.28865617108,81,19.110654356302813,767.9238472666667,"[2, 3, 4, 5, 6, 7, 8, 9, 10, 11, 12, 13, 14, 16, 18]",4,69,15,ordinary,37,full_coverage_and_all_discovered_cleared,312,11518.857709,0.43604762497125193
20,2,True,clustered__adversarial-negative__70,clustered__adversarial-negative,8,89,10,450,0.2461800000000096,10,,0,359,baseline_triangle31_active,[],45135.07141239167,79,19.17950434349723,1143.2014316,"[2, 3, 5, 10, 11, 13, 15, 16, 19, 20]",4,70,10,ordinary,31,full_coverage_and_all_discovered_cleared,323,11432.014316,0.24669783399440348
0,0,True,clustered__adversarial-negative__70,clustered__adversarial-negative,10,10,10,610,0.034530000000017935,10,,0,598,baseline_square45_conservative,[],40418.38320049141,0,0.0,1167.6676641,"[2, 3, 5, 10, 11, 13, 15, 16, 19, 20]",4,70,10,ordinary,45,full_coverage_and_all_discovered_cleared,553,11676.676641,0.03453274996718392
0,0,True,clustered__adversarial-negative__70,clustered__adversarial-negative,10,10,10,374,0.025261999999997897,10,,0,362,q4_polar25_conservative,[],24848.2998094303,0,0.0,716.7659961,"[2, 3, 5, 10, 11, 13, 15, 16, 19, 20]",4,70,10,ordinary,25,full_coverage_and_all_discovered_cleared,338,7167.659961,0.025293790968135
20,2,True,clustered__adversarial-negative__70,clustered__adversarial-negative,8,92,10,401,0.23997700000001032,10,,0,307,q4_polar25_active,[],33527.004775875575,82,19.178270802186308,881.3400978,"[2, 3, 5, 10, 11, 13, 15, 16, 19, 20]",4,70,10,ordinary,25,full_coverage_and_all_discovered_cleared,277,8813.400978,0.240265249973163
0,0,True,clustered__adversarial-negative__70,clustered__adversarial-negative,10,10,10,431,0.02850100000000566,10,,0,419,q4_polar28_conservative,[],24551.345872811347,0,0.0,744.7269165,"[2, 3, 5, 10, 11, 13, 15, 16, 19, 20]",4,70,10,ordinary,28,full_coverage_and_all_discovered_cleared,392,7447.269165,0.02850241697160527
18,3,True,clustered__adversarial-negative__70,clustered__adversarial-negative,7,197,10,551,0.219695999999999,10,,0,352,q4_polar28_active,[],36757.08217374998,187,19.186952482564394,1004.4416379,"[2, 3, 5, 10, 11, 13, 15, 16, 19, 20]",4,70,10,ordinary,28,full_coverage_and_all_discovered_cleared,322,10044.416379,0.2199466250021942
0,0,True,clustered__adversarial-negative__70,clustered__adversarial-negative,10,10,10,620,0.036877000000004045,10,,0,608,q4_polar37_conservative,[],31067.527160820424,0,0.0,987.5505438,"[2, 3, 5, 10, 11, 13, 15, 16, 19, 20]",4,70,10,ordinary,37,full_coverage_and_all_discovered_cleared,572,9875.505438,0.03695520799374208
20,1,True,clustered__adversarial-negative__70,clustered__adversarial-negative,9,30,10,511,0.2531840000000045,10,,0,479,q4_polar37_active,[],38550.41902434198,20,17.559778599479483,1065.2083811,"[2, 3, 5, 10, 11, 13, 15, 16, 19, 20]",4,70,10,ordinary,37,full_coverage_and_all_discovered_cleared,437,10652.083811,0.2537016249843873
26,0,True,clustered__adversarial-negative__71,clustered__adversarial-negative,12,12,12,343,0.30337800000000925,12,,0,329,baseline_triangle31_active,[],43165.69599461374,0,0.0,885.5949331666667,"[1, 2, 4, 5, 7, 9, 10, 13, 17, 18, 19, 20]",4,71,12,ordinary,31,full_coverage_and_all_discovered_cleared,289,10627.139198,0.3039679589564912
0,0,True,clustered__adversarial-negative__71,clustered__adversarial-negative,12,12,12,729,0.03987200000000257,12,,0,715,baseline_square45_conservative,[],42132.91232403709,0,0.0,1061.0485386666667,"[1, 2, 4, 5, 7, 9, 10, 13, 17, 18, 19, 20]",4,71,12,ordinary,45,full_coverage_and_all_discovered_cleared,671,12732.582464,0.039917082991451025
0,0,True,clustered__adversarial-negative__71,clustered__adversarial-negative,12,12,12,318,0.02714599999998768,12,,0,304,q4_polar25_conservative,[],27360.15521098016,0,0.0,611.0025869166667,"[1, 2, 4, 5, 7, 9, 10, 13, 17, 18, 19, 20]",4,71,12,ordinary,25,full_coverage_and_all_discovered_cleared,280,7332.031043,0.027145500003825873
24,1,True,clustered__adversarial-negative__71,clustered__adversarial-negative,11,24,12,289,0.2824190000000044,12,,0,263,q4_polar25_active,[],30386.84110404997,12,17.770333793886277,643.1140178333334,"[1, 2, 4, 5, 7, 9, 10, 13, 17, 18, 19, 20]",4,71,12,ordinary,25,full_coverage_and_all_discovered_cleared,229,7717.368214,0.28274795901961625
0,0,True,clustered__adversarial-negative__71,clustered__adversarial-negative,12,12,12,396,0.03084400000000187,12,,0,382,q4_polar28_conservative,[],25586.674057418208,0,0.0,620.1945670833334,"[1, 2, 4, 5, 7, 9, 10, 13, 17, 18, 19, 20]",4,71,12,ordinary,28,full_coverage_and_all_discovered_cleared,355,7442.334805,0.03086758399149403
30,2,True,clustered__adversarial-negative__71,clustered__adversarial-negative,10,21,12,355,0.3524900000000173,12,,0,332,q4_polar28_active,[],33448.38028128128,9,16.864642185047245,727.306337,"[1, 2, 4, 5, 7, 9, 10, 13, 17, 18, 19, 20]",4,71,12,ordinary,28,full_coverage_and_all_discovered_cleared,291,8727.676044,0.35308804200030863
0,0,True,clustered__adversarial-negative__71,clustered__adversarial-negative,12,12,12,425,0.033052999999995336,12,,0,411,q4_polar37_conservative,[],30624.71181376011,0,0.0,717.9951972499999,"[1, 2, 4, 5, 7, 9, 10, 13, 17, 18, 19, 20]",4,71,12,ordinary,37,full_coverage_and_all_discovered_cleared,376,8615.942367,0.033119916974101216
26,4,True,clustered__adversarial-negative__71,clustered__adversarial-negative,8,42,12,414,0.3073720000000151,12,,0,370,q4_polar37_active,[],42466.47642779699,30,19.191354375212075,901.441275,"[1, 2, 4, 5, 7, 9, 10, 13, 17, 18, 19, 20]",4,71,12,ordinary,37,full_coverage_and_all_discovered_cleared,324,10817.2953,0.30804174998775125
20,0,True,clustered__adversarial-spatial__67,clustered__adversarial-spatial,10,10,10,387,0.23510799999999676,10,,0,375,baseline_triangle31_active,[],38218.764054786334,0,0.0,990.8752812999999,"[4, 5, 7, 8, 9, 10, 14, 15, 18, 19]",4,67,10,ordinary,31,full_coverage_and_all_discovered_cleared,340,9908.752813,0.23532266594702378
0,0,True,clustered__adversarial-spatial__67,clustered__adversarial-spatial,10,10,10,658,0.031123000000008005,10,,0,646,baseline_square45_conservative,[],40246.512380952125,0,0.0,1193.0302476000002,"[4, 5, 7, 8, 9, 10, 14, 15, 18, 19]",4,67,10,ordinary,45,full_coverage_and_all_discovered_cleared,601,11930.302476,0.031124999979510903
0,0,True,clustered__adversarial-spatial__67,clustered__adversarial-spatial,8,99,10,472,0.030498999999991838,10,,0,371,q4_polar25_conservative,[],29027.216447923514,89,19.198850236654035,832.4443306,"[4, 5, 7, 8, 9, 10, 14, 15, 18, 19]",4,67,10,ordinary,25,full_coverage_and_all_discovered_cleared,347,8324.443306,0.030629542015958577
18,3,True,clustered__adversarial-spatial__67,clustered__adversarial-spatial,7,107,10,418,0.21297000000001276,10,,0,309,q4_polar25_active,[],31350.545800311982,97,19.198850236654035,843.8109175,"[4, 5, 7, 8, 9, 10, 14, 15, 18, 19]",4,67,10,ordinary,25,full_coverage_and_all_discovered_cleared,282,8438.109175,0.2131758329924196
0,0,True,clustered__adversarial-spatial__67,clustered__adversarial-spatial,8,11,10,462,0.029699999999991178,10,,0,449,q4_polar28_conservative,[],27756.60174826488,1,10.85734613003936,827.0320343,"[4, 5, 7, 8, 9, 10, 14, 15, 18, 19]",4,67,10,ordinary,28,full_coverage_and_all_discovered_cleared,421,8270.320343,0.029705208027735353
19,4,True,clustered__adversarial-spatial__67,clustered__adversarial-spatial,6,124,10,470,0.22933799999998428,10,,0,344,q4_polar28_active,[],32204.988319650965,114,19.15298033900927,886.3997643,"[4, 5, 7, 8, 9, 10, 14, 15, 18, 19]",4,67,10,ordinary,28,full_coverage_and_all_discovered_cleared,311,8863.997643,0.22960695903748274
0,0,True,clustered__adversarial-spatial__67,clustered__adversarial-spatial,10,10,10,578,0.03270299999999793,10,,0,566,q4_polar37_conservative,[],31112.77591118188,0,0.0,963.2555189000001,"[4, 5, 7, 8, 9, 10, 14, 15, 18, 19]",4,67,10,ordinary,37,full_coverage_and_all_discovered_cleared,530,9632.555189,0.032746334036346525
16,2,True,clustered__adversarial-spatial__67,clustered__adversarial-spatial,8,114,10,571,0.19496699999999123,10,,0,455,q4_polar37_active,[],38912.85687875248,104,19.191238819982722,1083.65714,"[4, 5, 7, 8, 9, 10, 14, 15, 18, 19]",4,67,10,ordinary,37,full_coverage_and_all_discovered_cleared,417,10836.5714,0.19530466600554064
27,5,True,clustered__adversarial-spatial__68,clustered__adversarial-spatial,10,210,15,455,0.31548600000002125,15,,0,243,baseline_triangle31_active,[],54264.93726900026,195,19.46532018390805,862.0658311333334,"[2, 4, 5, 6, 8, 9, 11, 12, 13, 14, 15, 16, 17, 19, 20]",4,68,15,ordinary,31,full_coverage_and_all_discovered_cleared,203,12930.987467,0.31605724996188655
0,0,True,clustered__adversarial-spatial__68,clustered__adversarial-spatial,15,15,15,559,0.04502199999998879,15,,0,542,baseline_square45_conservative,[],44414.82455051811,0,0.0,811.0643272666667,"[2, 4, 5, 6, 8, 9, 11, 12, 13, 14, 15, 16, 17, 19, 20]",4,68,15,ordinary,45,full_coverage_and_all_discovered_cleared,498,12165.964909,0.04509191698161885
0,0,True,clustered__adversarial-spatial__68,clustered__adversarial-spatial,13,19,15,353,0.03400800000000004,15,,0,332,q4_polar25_conservative,[],31495.644495499684,4,15.875021509316285,556.8752598666667,"[2, 4, 5, 6, 8, 9, 11, 12, 13, 14, 15, 16, 17, 19, 20]",4,68,15,ordinary,25,full_coverage_and_all_discovered_cleared,307,8353.128898,0.034044999978505075
25,4,True,clustered__adversarial-spatial__68,clustered__adversarial-spatial,11,143,15,354,0.2811629999999923,15,,0,209,q4_polar25_active,[],37354.00814656322,128,19.46532018390805,610.3201116666667,"[2, 4, 5, 6, 8, 9, 11, 12, 13, 14, 15, 16, 17, 19, 20]",4,68,15,ordinary,25,full_coverage_and_all_discovered_cleared,180,9154.801675,0.2815627080271952
0,0,True,clustered__adversarial-spatial__68,clustered__adversarial-spatial,15,15,15,314,0.030216999999993277,15,,0,297,q4_polar28_conservative,[],28381.10026500503,0,0.0,500.4146698,"[2, 4, 5, 6, 8, 9, 11, 12, 13, 14, 15, 16, 17, 19, 20]",4,68,15,ordinary,28,full_coverage_and_all_discovered_cleared,270,7506.220047,0.03024308301974088
25,6,True,clustered__adversarial-spatial__68,clustered__adversarial-spatial,9,147,15,392,0.2774379999999894,15,,0,243,q4_polar28_active,[],38753.26580211685,132,19.46532018390805,643.1102094,"[2, 4, 5, 6, 8, 9, 11, 12, 13, 14, 15, 16, 17, 19, 20]",4,68,15,ordinary,28,full_coverage_and_all_discovered_cleared,210,9646.653141,0.27819791703950614
0,0,True,clustered__adversarial-spatial__68,clustered__adversarial-spatial,15,15,15,481,0.0408779999999922,15,,0,464,q4_polar37_conservative,[],39098.23475423588,0,0.0,709.5764638,"[2, 4, 5, 6, 8, 9, 11, 12, 13, 14, 15, 16, 17, 19, 20]",4,68,15,ordinary,37,full_coverage_and_all_discovered_cleared,429,10643.646957,0.04088604199932888
26,5,True,clustered__adversarial-spatial__68,clustered__adversarial-spatial,10,98,15,438,0.31247200000001385,15,,0,338,q4_polar37_active,[],44223.843538832916,83,19.46532018390805,743.7845808,"[2, 4, 5, 6, 8, 9, 11, 12, 13, 14, 15, 16, 17, 19, 20]",4,68,15,ordinary,37,full_coverage_and_all_discovered_cleared,298,11156.768712,0.31281845801277086
35,3,True,clustered__adversarial-spatial__69,clustered__adversarial-spatial,12,73,15,321,0.39808700000000385,15,,0,246,baseline_triangle31_active,[],49174.57997532347,58,19.051243770357573,767.5944007333333,"[2, 3, 4, 5, 6, 7, 8, 9, 10, 11, 12, 13, 14, 16, 18]",4,69,15,ordinary,31,full_coverage_and_all_discovered_cleared,200,11513.916011,0.3985766660189256
0,0,True,clustered__adversarial-spatial__69,clustered__adversarial-spatial,15,15,15,413,0.036094999999988886,15,,0,396,baseline_square45_conservative,[],41528.37463010986,0,0.0,714.1116619333334,"[2, 3, 4, 5, 6, 7, 8, 9, 10, 11, 12, 13, 14, 16, 18]",4,69,15,ordinary,45,full_coverage_and_all_discovered_cleared,351,10711.674929,0.036115749971941113
0,0,True,clustered__adversarial-spatial__69,clustered__adversarial-spatial,15,15,15,337,0.03229100000001495,15,,0,320,q4_polar25_conservative,[],22978.165676526205,0,0.0,437.70887566666664,"[2, 3, 4, 5, 6, 7, 8, 9, 10, 11, 12, 13, 14, 16, 18]",4,69,15,ordinary,25,full_coverage_and_all_discovered_cleared,295,6565.633135,0.03229387500323355
35,2,True,clustered__adversarial-spatial__69,clustered__adversarial-spatial,13,33,15,274,0.40954200000001606,15,,0,239,q4_polar25_active,[],36894.09873619533,18,16.69621378620396,593.3879832666667,"[2, 3, 4, 5, 6, 7, 8, 9, 10, 11, 12, 13, 14, 16, 18]",4,69,15,ordinary,25,full_coverage_and_all_discovered_cleared,198,8900.819749,0.41142533300444484
0,0,True,clustered__adversarial-spatial__69,clustered__adversarial-spatial,12,18,15,352,0.03343899999998712,15,,0,332,q4_polar28_conservative,[],26525.03640730993,3,15.863770188995774,490.20048486666667,"[2, 3, 4, 5, 6, 7, 8, 9, 10, 11, 12, 13, 14, 16, 18]",4,69,15,ordinary,28,full_coverage_and_all_discovered_cleared,304,7353.007273,0.03344441601075232
37,2,True,clustered__adversarial-spatial__69,clustered__adversarial-spatial,13,39,15,295,0.42133000000001175,15,,0,254,q4_polar28_active,[],36893.404928245975,24,17.775364028281647,600.2453988,"[2, 3, 4, 5, 6, 7, 8, 9, 10, 11, 12, 13, 14, 16, 18]",4,69,15,ordinary,28,full_coverage_and_all_discovered_cleared,208,9003.680982,0.42175083298934624
0,0,True,clustered__adversarial-spatial__69,clustered__adversarial-spatial,15,15,15,597,0.051332000000002154,15,,0,580,q4_polar37_conservative,[],35713.21588419677,0,0.0,710.7095454666667,"[2, 3, 4, 5, 6, 7, 8, 9, 10, 11, 12, 13, 14, 16, 18]",4,69,15,ordinary,37,full_coverage_and_all_discovered_cleared,543,10660.643182,0.05149608297506347
36,3,True,clustered__adversarial-spatial__69,clustered__adversarial-spatial,12,69,15,437,0.4234289999999987,15,,0,366,q4_polar37_active,[],45446.61970513558,54,19.117336821380626,764.5549291333333,"[2, 3, 4, 5, 6, 7, 8, 9, 10, 11, 12, 13, 14, 16, 18]",4,69,15,ordinary,37,full_coverage_and_all_discovered_cleared,312,11468.323937,0.42362929199589416
20,1,True,clustered__adversarial-spatial__70,clustered__adversarial-spatial,9,88,10,449,0.2295779999999752,10,,0,359,baseline_triangle31_active,[],45701.46009536251,78,19.17950434349723,1154.3292052000002,"[2, 3, 5, 10, 11, 13, 15, 16, 19, 20]",4,70,10,ordinary,31,full_coverage_and_all_discovered_cleared,324,11543.292052,0.22981158300535753
0,0,True,clustered__adversarial-spatial__70,clustered__adversarial-spatial,10,10,10,602,0.030411000000015065,10,,0,590,baseline_square45_conservative,[],38241.4650305343,0,0.0,1119.3293006,"[2, 3, 5, 10, 11, 13, 15, 16, 19, 20]",4,70,10,ordinary,45,full_coverage_and_all_discovered_cleared,545,11193.293006,0.030422624957282096
0,0,True,clustered__adversarial-spatial__70,clustered__adversarial-spatial,10,10,10,374,0.02481799999998202,10,,0,362,q4_polar25_conservative,[],24411.842544885203,0,0.0,708.0368509,"[2, 3, 5, 10, 11, 13, 15, 16, 19, 20]",4,70,10,ordinary,25,full_coverage_and_all_discovered_cleared,338,7080.368509,0.024816874996758997
18,3,True,clustered__adversarial-spatial__70,clustered__adversarial-spatial,7,132,10,439,0.20649799999998208,10,,0,305,q4_polar25_active,[],33627.65482650609,122,19.188021125958542,894.4530976,"[2, 3, 5, 10, 11, 13, 15, 16, 19, 20]",4,70,10,ordinary,25,full_coverage_and_all_discovered_cleared,278,8944.530976,0.20666650001658127
0,0,True,clustered__adversarial-spatial__70,clustered__adversarial-spatial,10,10,10,432,0.02908500000000913,10,,0,420,q4_polar28_conservative,[],23671.710849606676,0,0.0,727.7342162,"[2, 3, 5, 10, 11, 13, 15, 16, 19, 20]",4,70,10,ordinary,28,full_coverage_and_all_discovered_cleared,393,7277.342162,0.029084249981679022
19,2,True,clustered__adversarial-spatial__70,clustered__adversarial-spatial,8,183,10,538,0.2290789999999845,10,,0,353,q4_polar28_active,[],35975.50960176471,173,19.186952482564394,985.2101869,"[2, 3, 5, 10, 11, 13, 15, 16, 19, 20]",4,70,10,ordinary,28,full_coverage_and_all_discovered_cleared,323,9852.101869,0.22930866602109745
0,0,True,clustered__adversarial-spatial__70,clustered__adversarial-spatial,10,10,10,623,0.03648100000000909,10,,0,611,q4_polar37_conservative,[],30326.74133838882,0,0.0,974.5348273,"[2, 3, 5, 10, 11, 13, 15, 16, 19, 20]",4,70,10,ordinary,37,full_coverage_and_all_discovered_cleared,575,9745.348273,0.03648183302721009
20,1,True,clustered__adversarial-spatial__70,clustered__adversarial-spatial,9,30,10,511,0.23588300000000118,10,,0,479,q4_polar37_active,[],38494.306515950375,20,17.559778599479483,1064.1861308,"[2, 3, 5, 10, 11, 13, 15, 16, 19, 20]",4,70,10,ordinary,37,full_coverage_and_all_discovered_cleared,438,10641.861308,0.23603441601153463
22,2,True,clustered__adversarial-spatial__71,clustered__adversarial-spatial,10,16,12,343,0.25947199999998816,12,,0,325,baseline_triangle31_active,[],41677.693608216076,4,14.97127333065998,860.1282265833333,"[1, 2, 4, 5, 7, 9, 10, 13, 17, 18, 19, 20]",4,71,12,ordinary,31,full_coverage_and_all_discovered_cleared,289,10321.538719,0.25966366700595245
0,0,True,clustered__adversarial-spatial__71,clustered__adversarial-spatial,12,12,12,729,0.03893500000000927,12,,0,715,baseline_square45_conservative,[],42143.03246269759,0,0.0,1061.21720775,"[1, 2, 4, 5, 7, 9, 10, 13, 17, 18, 19, 20]",4,71,12,ordinary,45,full_coverage_and_all_discovered_cleared,671,12734.606493,0.03893433295888826
0,0,True,clustered__adversarial-spatial__71,clustered__adversarial-spatial,12,12,12,311,0.02549799999999891,12,,0,297,q4_polar25_conservative,[],26667.69722558949,0,0.0,595.9616205,"[1, 2, 4, 5, 7, 9, 10, 13, 17, 18, 19, 20]",4,71,12,ordinary,25,full_coverage_and_all_discovered_cleared,273,7151.539446,0.025557624991051853
23,1,True,clustered__adversarial-spatial__71,clustered__adversarial-spatial,11,16,12,280,0.2681929999999966,12,,0,262,q4_polar25_active,[],27548.6005916661,4,14.97127333065998,593.3933430833333,"[1, 2, 4, 5, 7, 9, 10, 13, 17, 18, 19, 20]",4,71,12,ordinary,25,full_coverage_and_all_discovered_cleared,229,7120.720117,0.2683163749752566
0,0,True,clustered__adversarial-spatial__71,clustered__adversarial-spatial,12,12,12,396,0.03116100000002575,12,,0,382,q4_polar28_conservative,[],25575.72910904626,0,0.0,620.0121511666667,"[1, 2, 4, 5, 7, 9, 10, 13, 17, 18, 19, 20]",4,71,12,ordinary,28,full_coverage_and_all_discovered_cleared,355,7440.145814,0.03125962498597801
27,3,True,clustered__adversarial-spatial__71,clustered__adversarial-spatial,9,25,12,356,0.3155410000000245,12,,0,329,q4_polar28_active,[],32041.15080744261,13,16.864642185047245,703.6025124166667,"[1, 2, 4, 5, 7, 9, 10, 13, 17, 18, 19, 20]",4,71,12,ordinary,28,full_coverage_and_all_discovered_cleared,291,8443.230149,0.31582104199333116
0,0,True,clustered__adversarial-spatial__71,clustered__adversarial-spatial,12,12,12,415,0.029719999999997526,12,,0,401,q4_polar37_conservative,[],29834.76361653766,0,0.0,699.7460609166666,"[1, 2, 4, 5, 7, 9, 10, 13, 17, 18, 19, 20]",4,71,12,ordinary,37,full_coverage_and_all_discovered_cleared,365,8396.952731,0.029730667010881007
25,4,True,clustered__adversarial-spatial__71,clustered__adversarial-spatial,8,67,12,438,0.2989869999999826,12,,0,369,q4_polar37_active,[],42766.90239862957,55,19.191354375212075,912.2817085833334,"[1, 2, 4, 5, 7, 9, 10, 13, 17, 18, 19, 20]",4,71,12,ordinary,37,full_coverage_and_all_discovered_cleared,324,10947.380503,0.2993260839721188
11,3,True,boundary_outward_min__n10__positive,boundary_outward_min,7,88,10,577,0.1531829999999843,10,,0,487,baseline_triangle31_active,[],40618.634079987714,78,19.071895459330516,1130.7726796000002,"[1, 2, 7, 10, 11, 13, 14, 15, 18, 20]",4,142,10,stress,31,full_coverage_and_all_discovered_cleared,465,11307.726796,0.1534116250113584
0,0,True,boundary_outward_min__n10__positive,boundary_outward_min,10,10,10,717,0.030351000000024442,10,,0,705,baseline_square45_conservative,[],35988.46528664304,0,0.0,1143.3693057,"[1, 2, 7, 10, 11, 13, 14, 15, 18, 20]",4,142,10,stress,45,full_coverage_and_all_discovered_cleared,661,11433.693057,0.030398666043765843
0,0,True,boundary_outward_min__n10__positive,boundary_outward_min,1,30,10,519,0.01998299999999631,10,,0,487,q4_polar25_conservative,[],44734.22600223122,20,19.105622239889488,1195.3845199,"[1, 2, 7, 10, 11, 13, 14, 15, 18, 20]",4,142,10,stress,25,full_coverage_and_all_discovered_cleared,462,11953.845199,0.019983750011306256
11,7,True,boundary_outward_min__n10__positive,boundary_outward_min,3,28,10,455,0.1580720000000042,10,,0,425,q4_polar25_active,[],28600.95053415709,18,19.105622239889488,835.6190108000001,"[1, 2, 7, 10, 11, 13, 14, 15, 18, 20]",4,142,10,stress,25,full_coverage_and_all_discovered_cleared,407,8356.190108,0.15817850001621991
0,0,True,boundary_outward_min__n10__positive,boundary_outward_min,1,19,10,564,0.0236500000000035,10,,0,543,q4_polar28_conservative,[],47963.907253593774,9,19.153200678684165,1289.9781444,"[1, 2, 7, 10, 11, 13, 14, 15, 18, 20]",4,142,10,stress,28,full_coverage_and_all_discovered_cleared,515,12899.781444,0.02370241697644815
11,9,True,boundary_outward_min__n10__positive,boundary_outward_min,1,27,10,503,0.15570900000000165,10,,0,474,q4_polar28_active,[],29007.901562647512,17,19.153200678684165,872.6580307,"[1, 2, 7, 10, 11, 13, 14, 15, 18, 20]",4,142,10,stress,28,full_coverage_and_all_discovered_cleared,454,8726.580307,0.1557783749885857
0,0,True,boundary_outward_min__n10__positive,boundary_outward_min,10,10,10,591,0.023248999999992748,10,,0,579,q4_polar37_conservative,[],30098.707598805995,0,0.0,950.7741522,"[1, 2, 7, 10, 11, 13, 14, 15, 18, 20]",4,142,10,stress,37,full_coverage_and_all_discovered_cleared,543,9507.741522,0.023248667013831437
11,8,True,boundary_outward_min__n10__positive,boundary_outward_min,2,38,10,619,0.16533999999998628,10,,0,579,q4_polar37_active,[],34283.237533762425,28,19.132962856431796,1043.5647516000001,"[1, 2, 7, 10, 11, 13, 14, 15, 18, 20]",4,142,10,stress,37,full_coverage_and_all_discovered_cleared,550,10435.647516,0.16582945798290893
14,4,True,boundary_outward_min__n10__negative,boundary_outward_min,6,284,10,776,0.21569600000000833,10,,0,490,baseline_triangle31_active,[],46544.420468229175,274,19.167368743748163,1309.5884116,"[1, 2, 7, 10, 11, 13, 14, 15, 18, 20]",4,143,10,stress,31,full_coverage_and_all_discovered_cleared,465,13095.884116,0.2189267500070855
0,0,True,boundary_outward_min__n10__negative,boundary_outward_min,10,10,10,720,0.03210599999999886,10,,0,708,baseline_square45_conservative,[],37892.58445269931,0,0.0,1183.1516889,"[1, 2, 7, 10, 11, 13, 14, 15, 18, 20]",4,143,10,stress,45,full_coverage_and_all_discovered_cleared,663,11831.516889,0.03225449996534735
0,0,True,boundary_outward_min__n10__negative,boundary_outward_min,1,22,10,512,0.020928999999995312,10,,0,488,q4_polar25_conservative,[],43752.645836645934,12,19.101796769158238,1173.9529164,"[1, 2, 7, 10, 11, 13, 14, 15, 18, 20]",4,143,10,stress,25,full_coverage_and_all_discovered_cleared,463,11739.529164,0.020959792018402368
11,9,True,boundary_outward_min__n10__negative,boundary_outward_min,1,22,10,449,0.15432000000001267,10,,0,425,q4_polar25_active,[],28987.01759364721,12,19.101796769158238,841.5403514,"[1, 2, 7, 10, 11, 13, 14, 15, 18, 20]",4,143,10,stress,25,full_coverage_and_all_discovered_cleared,407,8415.403514,0.15519062499515712
0,0,True,boundary_outward_min__n10__negative,boundary_outward_min,1,19,10,564,0.024133000000006177,10,,0,543,q4_polar28_conservative,[],47628.262119505765,9,19.128769361778765,1283.2652416,"[1, 2, 7, 10, 11, 13, 14, 15, 18, 20]",4,143,10,stress,28,full_coverage_and_all_discovered_cleared,515,12832.652416,0.024250792048405856
11,9,True,boundary_outward_min__n10__negative,boundary_outward_min,1,39,10,515,0.17073700000000258,10,,0,474,q4_polar28_active,[],29707.096008220153,29,19.128769361778765,890.2419195,"[1, 2, 7, 10, 11, 13, 14, 15, 18, 20]",4,143,10,stress,28,full_coverage_and_all_discovered_cleared,454,8902.419195,0.17138595797587186
0,0,True,boundary_outward_min__n10__negative,boundary_outward_min,10,10,10,591,0.024018000000012307,10,,0,579,q4_polar37_conservative,[],30435.742457514298,0,0.0,957.5148495,"[1, 2, 7, 10, 11, 13, 14, 15, 18, 20]",4,143,10,stress,37,full_coverage_and_all_discovered_cleared,543,9575.148495,0.024040583986788988
11,9,True,boundary_outward_min__n10__negative,boundary_outward_min,1,237,10,818,0.19823099999999272,10,,0,579,q4_polar37_active,[],41352.52770366819,227,19.218327566508503,1244.6505484,"[1, 2, 7, 10, 11, 13, 14, 15, 18, 20]",4,143,10,stress,37,full_coverage_and_all_discovered_cleared,550,12446.505484,0.1989859999739565
13,4,True,boundary_outward_min__n10__spatial,boundary_outward_min,6,189,10,680,0.18125900000001138,10,,0,489,baseline_triangle31_active,[],43948.050585046236,179,19.167368743748163,1228.6610117,"[1, 2, 7, 10, 11, 13, 14, 15, 18, 20]",4,144,10,stress,31,full_coverage_and_all_discovered_cleared,465,12286.610117,0.18236579198855907
0,0,True,boundary_outward_min__n10__spatial,boundary_outward_min,10,10,10,720,0.03141899999999964,10,,0,708,baseline_square45_conservative,[],36977.54968548059,0,0.0,1164.9509937999999,"[1, 2, 7, 10, 11, 13, 14, 15, 18, 20]",4,144,10,stress,45,full_coverage_and_all_discovered_cleared,664,11649.509938,0.03142404102254659
0,0,True,boundary_outward_min__n10__spatial,boundary_outward_min,1,22,10,511,0.020429000000007136,10,,0,487,q4_polar25_conservative,[],44343.75043196948,12,19.105622239889488,1185.1750084,"[1, 2, 7, 10, 11, 13, 14, 15, 18, 20]",4,144,10,stress,25,full_coverage_and_all_discovered_cleared,462,11851.750084,0.020434375037439167
12,9,True,boundary_outward_min__n10__spatial,boundary_outward_min,1,22,10,450,0.17533699999998476,10,,0,426,q4_polar25_active,[],29222.262637501586,12,19.105622239889488,846.7452526,"[1, 2, 7, 10, 11, 13, 14, 15, 18, 20]",4,144,10,stress,25,full_coverage_and_all_discovered_cleared,407,8467.452526,0.17586362501606345
0,0,True,boundary_outward_min__n10__spatial,boundary_outward_min,2,16,10,560,0.03103100000001291,10,,0,542,q4_polar28_conservative,[],43924.51087351636,6,19.153200678684165,1207.6902169,"[1, 2, 7, 10, 11, 13, 14, 15, 18, 20]",4,144,10,stress,28,full_coverage_and_all_discovered_cleared,514,12076.902169,0.033608582976739854
12,9,True,boundary_outward_min__n10__spatial,boundary_outward_min,1,43,10,520,0.17768599999999424,10,,0,475,q4_polar28_active,[],29750.19749395734,33,19.153200678684165,892.8039491,"[1, 2, 7, 10, 11, 13, 14, 15, 18, 20]",4,144,10,stress,28,full_coverage_and_all_discovered_cleared,454,8928.039491,0.17823499999940395
0,0,True,boundary_outward_min__n10__spatial,boundary_outward_min,10,10,10,591,0.024370000000004666,10,,0,579,q4_polar37_conservative,[],30307.2621978242,0,0.0,954.9452441999999,"[1, 2, 7, 10, 11, 13, 14, 15, 18, 20]",4,144,10,stress,37,full_coverage_and_all_discovered_cleared,543,9549.452442,0.024424541974440217
11,9,True,boundary_outward_min__n10__spatial,boundary_outward_min,1,139,10,720,0.18528100000000336,10,,0,579,q4_polar37_active,[],38217.97723472849,129,19.218327566508503,1152.5595422000001,"[1, 2, 7, 10, 11, 13, 14, 15, 18, 20]",4,144,10,stress,37,full_coverage_and_all_discovered_cleared,550,11525.595422,0.18575175001751631
19,7,True,boundary_outward_min__n16__positive,boundary_outward_min,9,188,16,587,0.2788099999999929,16,,0,397,baseline_triangle31_active,[],45950.75593289172,172,19.245699692351838,759.321945625,"[2, 3, 4, 5, 6, 7, 8, 9, 10, 11, 12, 14, 15, 16, 18, 20]",4,145,16,stress,27,public_upper_bound_16,378,12149.15113,0.27996237500337884
0,0,True,boundary_outward_min__n16__positive,boundary_outward_min,16,16,16,622,0.03693400000000224,16,,0,604,baseline_square45_conservative,[],42205.18641398531,0,0.0,756.2523304375,"[2, 3, 4, 5, 6, 7, 8, 9, 10, 11, 12, 14, 15, 16, 18, 20]",4,145,16,stress,45,full_coverage_and_all_discovered_cleared,559,12100.037287,0.03717954101739451
0,0,True,boundary_outward_min__n16__positive,boundary_outward_min,1,87,16,576,0.026340000000004693,16,,0,487,q4_polar25_conservative,[],58373.843093901836,71,13.43764843217504,929.048037625,"[2, 3, 4, 5, 6, 7, 8, 9, 10, 11, 12, 14, 15, 16, 18, 20]",4,145,16,stress,25,full_coverage_and_all_discovered_cleared,462,14864.768602,0.02647199999773875
17,15,True,boundary_outward_min__n16__positive,boundary_outward_min,1,87,16,476,0.2137740000000008,16,,0,387,q4_polar25_active,[],24465.175273710975,71,13.43764843217504,468.564689625,"[2, 3, 4, 5, 6, 7, 8, 9, 10, 11, 12, 14, 15, 16, 18, 20]",4,145,16,stress,25,full_coverage_and_all_discovered_cleared,376,7497.035034,0.21478566696168855
0,0,True,boundary_outward_min__n16__positive,boundary_outward_min,1,35,16,580,0.03018800000000965,16,,0,543,q4_polar28_conservative,[],61126.77159752388,19,19.220310393434513,974.522144375,"[2, 3, 4, 5, 6, 7, 8, 9, 10, 11, 12, 14, 15, 16, 18, 20]",4,145,16,stress,28,full_coverage_and_all_discovered_cleared,515,15592.35431,0.03032783296657726
17,13,True,boundary_outward_min__n16__positive,boundary_outward_min,3,52,16,477,0.2345850000000098,16,,0,423,q4_polar28_active,[],34051.94680190458,36,19.201343496813024,595.14933475,"[2, 3, 4, 5, 6, 7, 8, 9, 10, 11, 12, 14, 15, 16, 18, 20]",4,145,16,stress,27,public_upper_bound_16,409,9522.389356,0.23553454101784155
0,0,True,boundary_outward_min__n16__positive,boundary_outward_min,16,16,16,500,0.03088499999998362,16,,0,482,q4_polar37_conservative,[],32559.480075553656,0,0.0,590.5560006875,"[2, 3, 4, 5, 6, 7, 8, 9, 10, 11, 12, 14, 15, 16, 18, 20]",4,145,16,stress,36,public_upper_bound_16,447,9448.896011,0.03094287501880899
17,14,True,boundary_outward_min__n16__positive,boundary_outward_min,2,372,16,809,0.25634999999999764,16,,0,435,q4_polar37_active,[],48517.65146925813,356,19.251268777550493,840.03314425,"[2, 3, 4, 5, 6, 7, 8, 9, 10, 11, 12, 14, 15, 16, 18, 20]",4,145,16,stress,34,public_upper_bound_16,414,13440.530308,0.25657583301654086
20,8,True,boundary_outward_min__n16__negative,boundary_outward_min,8,62,16,462,0.30013600000000906,16,,0,398,baseline_triangle31_active,[],43330.09707999346,46,19.104261224701784,703.2512136875,"[2, 3, 4, 5, 6, 7, 8, 9, 10, 11, 12, 14, 15, 16, 18, 20]",4,146,16,stress,27,public_upper_bound_16,378,11252.019419,0.3004231249797158
0,0,True,boundary_outward_min__n16__negative,boundary_outward_min,16,16,16,620,0.03741599999997902,16,,0,602,baseline_square45_conservative,[],41614.225078249496,0,0.0,748.1153135625,"[2, 3, 4, 5, 6, 7, 8, 9, 10, 11, 12, 14, 15, 16, 18, 20]",4,146,16,stress,45,full_coverage_and_all_discovered_cleared,557,11969.845017,0.037491291004698724
0,0,True,boundary_outward_min__n16__negative,boundary_outward_min,1,124,16,614,0.027921999999989566,16,,0,488,q4_polar25_conservative,[],60467.067732697236,108,17.02926724626238,962.52584375,"[2, 3, 4, 5, 6, 7, 8, 9, 10, 11, 12, 14, 15, 16, 18, 20]",4,146,16,stress,25,full_coverage_and_all_discovered_cleared,463,15400.4135,0.027928332972805947
17,15,True,boundary_outward_min__n16__negative,boundary_outward_min,1,124,16,513,0.2503070000000207,16,,0,387,q4_polar25_active,[],28772.10144671777,108,17.02926724626238,529.3387651875,"[2, 3, 4, 5, 6, 7, 8, 9, 10, 11, 12, 14, 15, 16, 18, 20]",4,146,16,stress,25,full_coverage_and_all_discovered_cleared,376,8469.420243,0.25049787503667176
0,0,True,boundary_outward_min__n16__negative,boundary_outward_min,1,41,16,586,0.03466599999998721,16,,0,543,q4_polar28_conservative,[],61071.92561902599,25,19.18770836349777,974.9615695625,"[2, 3, 4, 5, 6, 7, 8, 9, 10, 11, 12, 14, 15, 16, 18, 20]",4,146,16,stress,28,full_coverage_and_all_discovered_cleared,515,15599.385113,0.03477583295898512
17,15,True,boundary_outward_min__n16__negative,boundary_outward_min,1,62,16,487,0.2606010000000083,16,,0,423,q4_polar28_active,[],36558.8687666477,46,19.18770836349777,628.36085925,"[2, 3, 4, 5, 6, 7, 8, 9, 10, 11, 12, 14, 15, 16, 18, 20]",4,146,16,stress,27,public_upper_bound_16,409,10053.773748,0.2608009170508012
0,0,True,boundary_outward_min__n16__negative,boundary_outward_min,16,16,16,500,0.03238600000000247,16,,0,482,q4_polar37_conservative,[],33132.199338083374,0,0.0,597.714991875,"[2, 3, 4, 5, 6, 7, 8, 9, 10, 11, 12, 14, 15, 16, 18, 20]",4,146,16,stress,36,public_upper_bound_16,447,9563.43987,0.03266645804978907
17,12,True,boundary_outward_min__n16__negative,boundary_outward_min,4,500,16,937,0.2833390000000122,16,,0,435,q4_polar37_active,[],52719.353787478125,484,19.218327566508503,916.55442025,"[2, 3, 4, 5, 6, 7, 8, 9, 10, 11, 12, 14, 15, 16, 18, 20]",4,146,16,stress,34,public_upper_bound_16,414,14664.870724,0.2839424579869956
20,8,True,boundary_outward_min__n16__spatial,boundary_outward_min,8,62,16,462,0.2813510000000008,16,,0,398,baseline_triangle31_active,[],43299.896702513244,46,19.245699692351838,702.873709,"[2, 3, 4, 5, 6, 7, 8, 9, 10, 11, 12, 14, 15, 16, 18, 20]",4,147,16,stress,27,public_upper_bound_16,378,11245.979344,0.2819727080059238
0,0,True,boundary_outward_min__n16__spatial,boundary_outward_min,16,16,16,623,0.03627699999998413,16,,0,605,baseline_square45_conservative,[],41860.201024501934,0,0.0,752.3150128125,"[2, 3, 4, 5, 6, 7, 8, 9, 10, 11, 12, 14, 15, 16, 18, 20]",4,147,16,stress,45,full_coverage_and_all_discovered_cleared,560,12037.040205,0.03629841696238145
0,0,True,boundary_outward_min__n16__spatial,boundary_outward_min,1,87,16,576,0.026162999999996828,16,,0,487,q4_polar25_conservative,[],59258.867473572005,71,17.029267246262272,940.1108420625,"[2, 3, 4, 5, 6, 7, 8, 9, 10, 11, 12, 14, 15, 16, 18, 20]",4,147,16,stress,25,full_coverage_and_all_discovered_cleared,462,15041.773473,0.026190042030066252
18,15,True,boundary_outward_min__n16__spatial,boundary_outward_min,1,87,16,477,0.24913999999998282,16,,0,388,q4_polar25_active,[],26033.97847733456,71,17.029267246262272,488.4872294375,"[2, 3, 4, 5, 6, 7, 8, 9, 10, 11, 12, 14, 15, 16, 18, 20]",4,147,16,stress,25,full_coverage_and_all_discovered_cleared,376,7815.795671,0.2602452500141226
0,0,True,boundary_outward_min__n16__spatial,boundary_outward_min,2,32,16,561,0.029813999999987573,16,,0,527,q4_polar28_conservative,[],61050.46574541344,16,19.22031039343444,967.00582125,"[2, 3, 4, 5, 6, 7, 8, 9, 10, 11, 12, 14, 15, 16, 18, 20]",4,147,16,stress,28,full_coverage_and_all_discovered_cleared,499,15472.09314,0.029854999971576035
19,14,True,boundary_outward_min__n16__spatial,boundary_outward_min,2,51,16,478,0.27312599999999065,16,,0,425,q4_polar28_active,[],35285.151334970986,35,19.201343496813024,611.001891375,"[2, 3, 4, 5, 6, 7, 8, 9, 10, 11, 12, 14, 15, 16, 18, 20]",4,147,16,stress,27,public_upper_bound_16,409,9776.030262,0.2733890420058742
0,0,True,boundary_outward_min__n16__spatial,boundary_outward_min,16,16,16,500,0.029925000000019963,16,,0,482,q4_polar37_conservative,[],32882.342940065595,0,0.0,594.5917866875,"[2, 3, 4, 5, 6, 7, 8, 9, 10, 11, 12, 14, 15, 16, 18, 20]",4,147,16,stress,36,public_upper_bound_16,447,9513.468587,0.029962207947392017
16,13,True,boundary_outward_min__n16__spatial,boundary_outward_min,3,364,16,800,0.24397400000000857,16,,0,434,q4_polar37_active,[],48650.33477630017,348,19.218327566508503,839.8791844375,"[2, 3, 4, 5, 6, 7, 8, 9, 10, 11, 12, 14, 15, 16, 18, 20]",4,147,16,stress,34,public_upper_bound_16,414,13438.066951,0.244382124976255
15,2,True,near_collinear_min__n10__positive,near_collinear_min,8,156,10,623,0.19189799999998058,10,,0,465,baseline_triangle31_active,[],44405.3057254053,146,19.191486837828638,1213.1061103,"[1, 2, 5, 8, 11, 14, 15, 17, 18, 20]",4,148,10,stress,31,full_coverage_and_all_discovered_cleared,437,12131.061103,0.1921601250069216
0,0,True,near_collinear_min__n10__positive,near_collinear_min,10,10,10,700,0.031771999999989475,10,,0,688,baseline_square45_conservative,[],39056.0323735874,0,0.0,1194.4206474,"[1, 2, 5, 8, 11, 14, 15, 17, 18, 20]",4,148,10,stress,45,full_coverage_and_all_discovered_cleared,643,11944.206474,0.03177608299301937
0,0,True,near_collinear_min__n10__positive,near_collinear_min,7,14,10,424,0.025936000000001513,10,,0,408,q4_polar25_conservative,[],30211.793230745072,4,19.091288452408406,852.7358645,"[1, 2, 5, 8, 11, 14, 15, 17, 18, 20]",4,148,10,stress,25,full_coverage_and_all_discovered_cleared,383,8527.358645,0.026101458992343396
16,4,True,near_collinear_min__n10__positive,near_collinear_min,6,253,10,621,0.1973650000000191,10,,0,366,q4_polar25_active,[],35806.80410412087,243,19.191369048981667,1011.2360836,"[1, 2, 5, 8, 11, 14, 15, 17, 18, 20]",4,148,10,stress,25,full_coverage_and_all_discovered_cleared,342,10112.360836,0.19805512501625344
0,0,True,near_collinear_min__n10__positive,near_collinear_min,9,10,10,467,0.028620000000017853,10,,0,455,q4_polar28_conservative,[],24223.186779191266,0,0.0,759.6637348,"[1, 2, 5, 8, 11, 14, 15, 17, 18, 20]",4,148,10,stress,28,full_coverage_and_all_discovered_cleared,427,7596.637348,0.02873195899883285
15,4,True,near_collinear_min__n10__positive,near_collinear_min,6,130,10,503,0.19007799999999975,10,,0,371,q4_polar28_active,[],33276.49134141091,120,19.191486622671047,926.3298279,"[1, 2, 5, 8, 11, 14, 15, 17, 18, 20]",4,148,10,stress,28,full_coverage_and_all_discovered_cleared,343,9263.298279,0.19037329102866352
0,0,True,near_collinear_min__n10__positive,near_collinear_min,10,10,10,545,0.025947000000002163,10,,0,533,q4_polar37_conservative,[],29446.86507973962,0,0.0,910.1373020000001,"[1, 2, 5, 8, 11, 14, 15, 17, 18, 20]",4,148,10,stress,37,full_coverage_and_all_discovered_cleared,497,9101.37302,0.02603362500667572
12,8,True,near_collinear_min__n10__positive,near_collinear_min,2,374,10,888,0.16109599999998636,10,,0,512,q4_polar37_active,[],47546.790685771055,364,19.19144547786833,1369.2358236,"[1, 2, 5, 8, 11, 14, 15, 17, 18, 20]",4,148,10,stress,37,full_coverage_and_all_discovered_cleared,481,13692.358236,0.16143141698557884
17,3,True,near_collinear_min__n10__negative,near_collinear_min,7,199,10,668,0.20184299999999666,10,,0,467,baseline_triangle31_active,[],46856.11336858081,189,19.183782519157774,1276.0222731,"[1, 2, 5, 8, 11, 14, 15, 17, 18, 20]",4,149,10,stress,31,full_coverage_and_all_discovered_cleared,437,12760.222731,0.2021980420104228
0,0,True,near_collinear_min__n10__negative,near_collinear_min,10,10,10,699,0.03200799999999049,10,,0,687,baseline_square45_conservative,[],39729.18069914893,0,0.0,1207.2836141,"[1, 2, 5, 8, 11, 14, 15, 17, 18, 20]",4,149,10,stress,45,full_coverage_and_all_discovered_cleared,642,12072.836141,0.03218333295080811
0,0,True,near_collinear_min__n10__negative,near_collinear_min,7,14,10,424,0.025630000000006703,10,,0,408,q4_polar25_conservative,[],30515.410441634915,4,19.123270171461602,858.8082089,"[1, 2, 5, 8, 11, 14, 15, 17, 18, 20]",4,149,10,stress,25,full_coverage_and_all_discovered_cleared,383,8588.082089,0.02565233304630965
16,4,True,near_collinear_min__n10__negative,near_collinear_min,6,102,10,470,0.19001300000002175,10,,0,366,q4_polar25_active,[],30428.809031392415,92,19.18291690260724,858.3761826,"[1, 2, 5, 8, 11, 14, 15, 17, 18, 20]",4,149,10,stress,25,full_coverage_and_all_discovered_cleared,342,8583.761826,0.19023700000252575
0,0,True,near_collinear_min__n10__negative,near_collinear_min,9,10,10,465,0.02656199999998421,10,,0,453,q4_polar28_conservative,[],25253.315908294047,0,0.0,779.0663173,"[1, 2, 5, 8, 11, 14, 15, 17, 18, 20]",4,149,10,stress,28,full_coverage_and_all_discovered_cleared,425,7790.663173,0.026564333005808294
15,4,True,near_collinear_min__n10__negative,near_collinear_min,6,74,10,447,0.18396900000001892,10,,0,371,q4_polar28_active,[],32009.689788594776,64,19.185765741472412,884.1937942000001,"[1, 2, 5, 8, 11, 14, 15, 17, 18, 20]",4,149,10,stress,28,full_coverage_and_all_discovered_cleared,343,8841.937942,0.1843406250118278
0,0,True,near_collinear_min__n10__negative,near_collinear_min,10,10,10,546,0.02611500000000433,10,,0,534,q4_polar37_conservative,[],29606.17891870667,0,0.0,913.9235787,"[1, 2, 5, 8, 11, 14, 15, 17, 18, 20]",4,149,10,stress,37,full_coverage_and_all_discovered_cleared,498,9139.235787,0.026166583003941923
12,6,True,near_collinear_min__n10__negative,near_collinear_min,4,251,10,765,0.16348800000000097,10,,0,512,q4_polar37_active,[],42519.845323550275,241,19.185931319949667,1231.7969072,"[1, 2, 5, 8, 11, 14, 15, 17, 18, 20]",4,149,10,stress,37,full_coverage_and_all_discovered_cleared,481,12317.969072,0.16380300000309944
17,2,True,near_collinear_min__n10__spatial,near_collinear_min,8,90,10,559,0.21215200000000323,10,,0,467,baseline_triangle31_active,[],42489.57546549946,80,19.191486837828638,1155.9915072,"[1, 2, 5, 8, 11, 14, 15, 17, 18, 20]",4,150,10,stress,31,full_coverage_and_all_discovered_cleared,437,11559.915072,0.21242254198295996
0,0,True,near_collinear_min__n10__spatial,near_collinear_min,10,10,10,698,0.030299999999982674,10,,0,686,baseline_square45_conservative,[],39995.54277022773,0,0.0,1212.0108552,"[1, 2, 5, 8, 11, 14, 15, 17, 18, 20]",4,150,10,stress,45,full_coverage_and_all_discovered_cleared,641,12120.108552,0.03044383297674358
0,0,True,near_collinear_min__n10__spatial,near_collinear_min,7,25,10,429,0.023618999999996504,10,,0,402,q4_polar25_conservative,[],29101.492210724682,15,19.091288452408406,830.2298441,"[1, 2, 5, 8, 11, 14, 15, 17, 18, 20]",4,150,10,stress,25,full_coverage_and_all_discovered_cleared,377,8302.298441,0.02362087497022003
17,5,True,near_collinear_min__n10__spatial,near_collinear_min,5,192,10,561,0.20447899999999208,10,,0,367,q4_polar25_active,[],33496.94841861949,182,19.191369048981667,947.2389714999999,"[1, 2, 5, 8, 11, 14, 15, 17, 18, 20]",4,150,10,stress,25,full_coverage_and_all_discovered_cleared,342,9472.389715,0.20488841697806492
0,0,True,near_collinear_min__n10__spatial,near_collinear_min,9,18,10,474,0.028571999999996933,10,,0,454,q4_polar28_conservative,[],25149.190079339547,8,15.437892953419322,779.9838003,"[1, 2, 5, 8, 11, 14, 15, 17, 18, 20]",4,150,10,stress,28,full_coverage_and_all_discovered_cleared,426,7799.838003,0.02859595901099965
17,3,True,near_collinear_min__n10__spatial,near_collinear_min,7,51,10,426,0.20421799999999735,10,,0,373,q4_polar28_active,[],30437.92295378176,41,19.185765741472412,846.8584582999999,"[1, 2, 5, 8, 11, 14, 15, 17, 18, 20]",4,150,10,stress,28,full_coverage_and_all_discovered_cleared,343,8468.584583,0.20458608400076628
0,0,True,near_collinear_min__n10__spatial,near_collinear_min,10,10,10,545,0.025662000000011176,10,,0,533,q4_polar37_conservative,[],29523.248359585687,0,0.0,911.6649676000001,"[1, 2, 5, 8, 11, 14, 15, 17, 18, 20]",4,150,10,stress,37,full_coverage_and_all_discovered_cleared,497,9116.649676,0.02568720799172297
11,8,True,near_collinear_min__n10__spatial,near_collinear_min,2,374,10,887,0.15557699999999386,10,,0,511,q4_polar37_active,[],47448.20443465725,364,19.19144547786833,1366.764098,"[1, 2, 5, 8, 11, 14, 15, 17, 18, 20]",4,150,10,stress,37,full_coverage_and_all_discovered_cleared,481,13667.64098,0.15571704204194248
23,5,True,near_collinear_min__n16__positive,near_collinear_min,11,166,16,512,0.2791919999999948,16,,0,344,baseline_triangle31_active,[],45742.51097833293,150,19.18964857298092,732.093886625,"[1, 2, 3, 4, 6, 7, 8, 10, 11, 12, 13, 15, 16, 18, 19, 20]",4,151,16,stress,29,public_upper_bound_16,315,11713.502186,0.27947320899693295
0,0,True,near_collinear_min__n16__positive,near_collinear_min,16,16,16,564,0.037729999999982056,16,,0,546,baseline_square45_conservative,[],40507.69927516556,0,0.0,713.408741,"[1, 2, 3, 4, 6, 7, 8, 10, 11, 12, 13, 15, 16, 18, 19, 20]",4,151,16,stress,44,public_upper_bound_16,503,11414.539856,0.03779099998064339
0,0,True,near_collinear_min__n16__positive,near_collinear_min,11,23,16,381,0.03359899999998106,16,,0,356,q4_polar25_conservative,[],35842.65596756198,7,19.091288452408406,586.3456995625,"[1, 2, 3, 4, 6, 7, 8, 10, 11, 12, 13, 15, 16, 18, 19, 20]",4,151,16,stress,25,full_coverage_and_all_discovered_cleared,332,9381.531193,0.03360333404270932
24,7,True,near_collinear_min__n16__positive,near_collinear_min,9,258,16,516,0.28863000000001193,16,,0,256,q4_polar25_active,[],38439.62417015205,242,19.211470082798865,625.4328013125,"[1, 2, 3, 4, 6, 7, 8, 10, 11, 12, 13, 15, 16, 18, 19, 20]",4,151,16,stress,21,public_upper_bound_16,233,10006.924821,0.2891867500147782
0,0,True,near_collinear_min__n16__positive,near_collinear_min,13,27,16,425,0.037689000000000306,16,,0,396,q4_polar28_conservative,[],31699.925415305086,11,19.184334861077907,550.124067125,"[1, 2, 3, 4, 6, 7, 8, 10, 11, 12, 13, 15, 16, 18, 19, 20]",4,151,16,stress,28,full_coverage_and_all_discovered_cleared,369,8801.985074,0.03776958299567923
23,9,True,near_collinear_min__n16__positive,near_collinear_min,7,342,16,571,0.29167800000001876,16,,0,227,q4_polar28_active,[],40136.549757448855,326,19.201764408106584,651.64437575,"[1, 2, 3, 4, 6, 7, 8, 10, 11, 12, 13, 15, 16, 18, 19, 20]",4,151,16,stress,18,public_upper_bound_16,206,10426.310012,0.2919807080179453
0,0,True,near_collinear_min__n16__positive,near_collinear_min,16,16,16,390,0.031527000000011185,16,,0,372,q4_polar37_conservative,[],24025.519392338523,0,0.0,443.1939925625,"[1, 2, 3, 4, 6, 7, 8, 10, 11, 12, 13, 15, 16, 18, 19, 20]",4,151,16,stress,28,public_upper_bound_16,346,7091.103881,0.03152837499510497
20,12,True,near_collinear_min__n16__positive,near_collinear_min,4,578,16,898,0.2535489999999925,16,,0,318,q4_polar37_active,[],50874.61860572268,562,19.191463655211216,864.245228625,"[1, 2, 3, 4, 6, 7, 8, 10, 11, 12, 13, 15, 16, 18, 19, 20]",4,151,16,stress,24,public_upper_bound_16,297,13827.923658,0.25384533300530165
21,7,True,near_collinear_min__n16__negative,near_collinear_min,9,385,16,729,0.24450899999999365,16,,0,342,baseline_triangle31_active,[],54713.386974870504,369,19.199316667276044,884.6673404375,"[1, 2, 3, 4, 6, 7, 8, 10, 11, 12, 13, 15, 16, 18, 19, 20]",4,152,16,stress,29,public_upper_bound_16,315,14154.677447,0.2448371250065975
0,0,True,near_collinear_min__n16__negative,near_collinear_min,16,16,16,563,0.036615999999980886,16,,0,545,baseline_square45_conservative,[],41149.95734264829,0,0.0,721.0619666875,"[1, 2, 3, 4, 6, 7, 8, 10, 11, 12, 13, 15, 16, 18, 19, 20]",4,152,16,stress,44,public_upper_bound_16,502,11536.991467,0.03661875001853332
0,0,True,near_collinear_min__n16__negative,near_collinear_min,11,22,16,380,0.03459200000000351,16,,0,356,q4_polar25_conservative,[],36185.11055039735,6,19.123270171461602,590.4388820625,"[1, 2, 3, 4, 6, 7, 8, 10, 11, 12, 13, 15, 16, 18, 19, 20]",4,152,16,stress,25,full_coverage_and_all_discovered_cleared,332,9447.022113,0.03459687501890585
23,8,True,near_collinear_min__n16__negative,near_collinear_min,8,363,16,620,0.2807370000000162,16,,0,255,q4_polar25_active,[],41242.481508976554,347,19.213349032474362,679.8435165,"[1, 2, 3, 4, 6, 7, 8, 10, 11, 12, 13, 15, 16, 18, 19, 20]",4,152,16,stress,21,public_upper_bound_16,233,10877.496264,0.28132116701453924
0,0,True,near_collinear_min__n16__negative,near_collinear_min,13,27,16,425,0.036608000000001084,16,,0,396,q4_polar28_conservative,[],31793.522291186626,11,19.18048864833897,551.294028,"[1, 2, 3, 4, 6, 7, 8, 10, 11, 12, 13, 15, 16, 18, 19, 20]",4,152,16,stress,28,full_coverage_and_all_discovered_cleared,369,8820.704448,0.036656250013038516
21,9,True,near_collinear_min__n16__negative,near_collinear_min,7,224,16,451,0.24621799999999894,16,,0,225,q4_polar28_active,[],36377.58491048506,208,19.21635172756601,581.84481125,"[1, 2, 3, 4, 6, 7, 8, 10, 11, 12, 13, 15, 16, 18, 19, 20]",4,152,16,stress,18,public_upper_bound_16,205,9309.51698,0.24646970897447318
0,0,True,near_collinear_min__n16__negative,near_collinear_min,16,16,16,391,0.031413999999983844,16,,0,373,q4_polar37_conservative,[],24345.60361246674,0,0.0,447.5700453125,"[1, 2, 3, 4, 6, 7, 8, 10, 11, 12, 13, 15, 16, 18, 19, 20]",4,152,16,stress,28,public_upper_bound_16,347,7161.120725,0.03143154096323997
20,7,True,near_collinear_min__n16__negative,near_collinear_min,9,231,16,551,0.23937599999999293,16,,0,318,q4_polar37_active,[],36747.015976405884,215,19.221950593196777,622.525199875,"[1, 2, 3, 4, 6, 7, 8, 10, 11, 12, 13, 15, 16, 18, 19, 20]",4,152,16,stress,24,public_upper_bound_16,296,9960.403198,0.23971541703213006
22,7,True,near_collinear_min__n16__spatial,near_collinear_min,9,331,16,676,0.263764000000009,16,,0,343,baseline_triangle31_active,[],52100.38642094668,315,19.18964857298092,842.192331375,"[1, 2, 3, 4, 6, 7, 8, 10, 11, 12, 13, 15, 16, 18, 19, 20]",4,153,16,stress,29,public_upper_bound_16,315,13475.077302,0.26406766701256856
0,0,True,near_collinear_min__n16__spatial,near_collinear_min,16,16,16,573,0.03784400000000687,16,,0,555,baseline_square45_conservative,[],41018.70244111653,0,0.0,723.1712804375,"[1, 2, 3, 4, 6, 7, 8, 10, 11, 12, 13, 15, 16, 18, 19, 20]",4,153,16,stress,44,public_upper_bound_16,512,11570.740487,0.03784820798318833
0,0,True,near_collinear_min__n16__spatial,near_collinear_min,11,34,16,392,0.03390099999998597,16,,0,356,q4_polar25_conservative,[],36241.43134401108,18,19.091288452408406,593.392891625,"[1, 2, 3, 4, 6, 7, 8, 10, 11, 12, 13, 15, 16, 18, 19, 20]",4,153,16,stress,25,full_coverage_and_all_discovered_cleared,332,9494.286266,0.0339430840103887
23,7,True,near_collinear_min__n16__spatial,near_collinear_min,9,306,16,563,0.27418199999999615,16,,0,255,q4_polar25_active,[],39654.09762481512,290,19.213349032474202,649.3012194375,"[1, 2, 3, 4, 6, 7, 8, 10, 11, 12, 13, 15, 16, 18, 19, 20]",4,153,16,stress,21,public_upper_bound_16,233,10388.819511,0.2743934169993736
0,0,True,near_collinear_min__n16__spatial,near_collinear_min,13,29,16,428,0.0378069999999866,16,,0,397,q4_polar28_conservative,[],30907.49928615539,13,19.184334861077907,540.9687404375,"[1, 2, 3, 4, 6, 7, 8, 10, 11, 12, 13, 15, 16, 18, 19, 20]",4,153,16,stress,28,full_coverage_and_all_discovered_cleared,370,8655.499847,0.03781100001651794
24,11,True,near_collinear_min__n16__spatial,near_collinear_min,5,409,16,639,0.290947999999986,16,,0,228,q4_polar28_active,[],43027.50414475843,393,19.21635172756601,700.6563055625,"[1, 2, 3, 4, 6, 7, 8, 10, 11, 12, 13, 15, 16, 18, 19, 20]",4,153,16,stress,18,public_upper_bound_16,206,11210.500889,0.29118883301271126
0,0,True,near_collinear_min__n16__spatial,near_collinear_min,16,16,16,390,0.031417999999973745,16,,0,372,q4_polar37_conservative,[],24095.352063833063,0,0.0,444.066900875,"[1, 2, 3, 4, 6, 7, 8, 10, 11, 12, 13, 15, 16, 18, 19, 20]",4,153,16,stress,28,public_upper_bound_16,346,7105.070414,0.0315067499759607
20,8,True,near_collinear_min__n16__spatial,near_collinear_min,8,291,16,611,0.23650700000001734,16,,0,318,q4_polar37_active,[],39373.8471974954,275,19.221950593196777,666.610589875,"[1, 2, 3, 4, 6, 7, 8, 10, 11, 12, 13, 15, 16, 18, 19, 20]",4,153,16,stress,24,public_upper_bound_16,296,10665.769438,0.23673699999926612
16,2,True,unknown_count_late__n10__positive,unknown_count_late,8,126,10,502,0.18010199999997667,10,,0,374,baseline_triangle31_active,[],42985.81042051484,116,19.18971314657726,1120.5162108,"[1, 3, 5, 7, 8, 9, 10, 13, 14, 20]",4,154,10,stress,31,full_coverage_and_all_discovered_cleared,340,11205.162108,0.18025345803471282
0,0,True,unknown_count_late__n10__positive,unknown_count_late,10,10,10,696,0.034605999999996584,10,,0,684,baseline_square45_conservative,[],37675.19592123953,0,0.0,1164.4039185,"[1, 3, 5, 7, 8, 9, 10, 13, 14, 20]",4,154,10,stress,45,full_coverage_and_all_discovered_cleared,639,11644.039185,0.03467387496493757
0,0,True,unknown_count_late__n10__positive,unknown_count_late,8,14,10,377,0.027373999999952048,10,,0,361,q4_polar25_conservative,[],26302.474849863363,4,19.09904712615273,746.3494969999999,"[1, 3, 5, 7, 8, 9, 10, 13, 14, 20]",4,154,10,stress,25,full_coverage_and_all_discovered_cleared,336,7463.49497,0.027374333003535867
16,4,True,unknown_count_late__n10__positive,unknown_count_late,6,153,10,457,0.1802420000000211,10,,0,302,q4_polar25_active,[],34140.49343928208,143,19.19148455008813,909.3098715,"[1, 3, 5, 7, 8, 9, 10, 13, 14, 20]",4,154,10,stress,25,full_coverage_and_all_discovered_cleared,276,9093.098715,0.18037716601975262
0,0,True,unknown_count_late__n10__positive,unknown_count_late,8,11,10,401,0.03254600000002483,10,,0,388,q4_polar28_conservative,[],27034.56800543367,1,19.221239893521215,775.9913593,"[1, 3, 5, 7, 8, 9, 10, 13, 14, 20]",4,154,10,stress,28,full_coverage_and_all_discovered_cleared,360,7759.913593,0.03260462504113093
15,7,True,unknown_count_late__n10__positive,unknown_count_late,3,216,10,550,0.17248100000000477,10,,0,332,q4_polar28_active,[],36447.69983208466,206,19.221239893521215,992.1539987,"[1, 3, 5, 7, 8, 9, 10, 13, 14, 20]",4,154,10,stress,28,full_coverage_and_all_discovered_cleared,304,9921.539987,0.1726879999623634
0,0,True,unknown_count_late__n10__positive,unknown_count_late,10,10,10,588,0.030465000000049258,10,,0,576,q4_polar37_conservative,[],27631.72736876921,0,0.0,899.5345477999999,"[1, 3, 5, 7, 8, 9, 10, 13, 14, 20]",4,154,10,stress,37,full_coverage_and_all_discovered_cleared,539,8995.345478,0.030567666981369257
11,4,True,unknown_count_late__n10__positive,unknown_count_late,6,153,10,600,0.1262659999999869,10,,0,445,q4_polar37_active,[],37969.742898597615,143,19.191399217460887,1070.8948639,"[1, 3, 5, 7, 8, 9, 10, 13, 14, 20]",4,154,10,stress,37,full_coverage_and_all_discovered_cleared,411,10708.948639,0.12643395795021206
16,3,True,unknown_count_late__n10__negative,unknown_count_late,7,135,10,511,0.19123100000001614,10,,0,374,baseline_triangle31_active,[],43392.46218012046,125,19.191379184078052,1131.3492461,"[1, 3, 5, 7, 8, 9, 10, 13, 14, 20]",4,155,10,stress,31,full_coverage_and_all_discovered_cleared,340,11313.492461,0.19174258300336078
0,0,True,unknown_count_late__n10__negative,unknown_count_late,10,10,10,696,0.032872999999995045,10,,0,684,baseline_square45_conservative,[],37887.32596977279,0,0.0,1168.6465196,"[1, 3, 5, 7, 8, 9, 10, 13, 14, 20]",4,155,10,stress,45,full_coverage_and_all_discovered_cleared,639,11686.465196,0.03292900003725663
0,0,True,unknown_count_late__n10__negative,unknown_count_late,8,14,10,374,0.026339000000007218,10,,0,358,q4_polar25_conservative,[],26642.444774669024,4,19.099047126152733,751.3488957,"[1, 3, 5, 7, 8, 9, 10, 13, 14, 20]",4,155,10,stress,25,full_coverage_and_all_discovered_cleared,333,7513.488957,0.026389500009827316
13,6,True,unknown_count_late__n10__negative,unknown_count_late,4,312,10,613,0.1542119999999727,10,,0,299,q4_polar25_active,[],39944.25186266182,302,19.191482613930354,1071.5850371000001,"[1, 3, 5, 7, 8, 9, 10, 13, 14, 20]",4,155,10,stress,25,full_coverage_and_all_discovered_cleared,276,10715.850371,0.1545261669671163
0,0,True,unknown_count_late__n10__negative,unknown_count_late,8,11,10,401,0.031030000000043856,10,,0,388,q4_polar28_conservative,[],26958.179151069282,1,19.221239893521215,774.4635822,"[1, 3, 5, 7, 8, 9, 10, 13, 14, 20]",4,155,10,stress,28,full_coverage_and_all_discovered_cleared,360,7744.635822,0.031075708044227213
14,3,True,unknown_count_late__n10__negative,unknown_count_late,7,79,10,412,0.16280499999999165,10,,0,331,q4_polar28_active,[],31637.46818714378,69,19.221239893521215,854.3493642,"[1, 3, 5, 7, 8, 9, 10, 13, 14, 20]",4,155,10,stress,28,full_coverage_and_all_discovered_cleared,304,8543.493642,0.16318612499162555
0,0,True,unknown_count_late__n10__negative,unknown_count_late,10,10,10,588,0.030298000000016145,10,,0,576,q4_polar37_conservative,[],27707.24811063719,0,0.0,901.0449626,"[1, 3, 5, 7, 8, 9, 10, 13, 14, 20]",4,155,10,stress,37,full_coverage_and_all_discovered_cleared,539,9010.449626,0.030298665980808437
11,5,True,unknown_count_late__n10__negative,unknown_count_late,5,343,10,790,0.14150300000000016,10,,0,445,q4_polar37_active,[],43925.14078870041,333,19.19143826241792,1247.0028178,"[1, 3, 5, 7, 8, 9, 10, 13, 14, 20]",4,155,10,stress,37,full_coverage_and_all_discovered_cleared,411,12470.028178,0.14183758303988725
16,3,True,unknown_count_late__n10__spatial,unknown_count_late,7,136,10,512,0.18935699999997269,10,,0,374,baseline_triangle31_active,[],43465.46265174071,126,19.191379184078052,1133.1092553,"[1, 3, 5, 7, 8, 9, 10, 13, 14, 20]",4,156,10,stress,31,full_coverage_and_all_discovered_cleared,340,11331.092553,0.18969679198926315
0,0,True,unknown_count_late__n10__spatial,unknown_count_late,10,10,10,696,0.032203999999978805,10,,0,684,baseline_square45_conservative,[],37778.401291468836,0,0.0,1166.4680260999999,"[1, 3, 5, 7, 8, 9, 10, 13, 14, 20]",4,156,10,stress,45,full_coverage_and_all_discovered_cleared,639,11664.680261,0.03220612503355369
0,0,True,unknown_count_late__n10__spatial,unknown_count_late,8,13,10,375,0.028008999999997286,10,,0,360,q4_polar25_conservative,[],26459.055804306812,3,19.099047126152733,748.5811160999999,"[1, 3, 5, 7, 8, 9, 10, 13, 14, 20]",4,156,10,stress,25,full_coverage_and_all_discovered_cleared,335,7485.811161,0.028132833016570657
14,7,True,unknown_count_late__n10__spatial,unknown_count_late,3,279,10,581,0.16534599999999955,10,,0,300,q4_polar25_active,[],39049.628106004544,269,19.19148455008813,1044.2925665999999,"[1, 3, 5, 7, 8, 9, 10, 13, 14, 20]",4,156,10,stress,25,full_coverage_and_all_discovered_cleared,276,10442.925666,0.16552933299681172
0,0,True,unknown_count_late__n10__spatial,unknown_count_late,9,11,10,372,0.024977000000035332,10,,0,359,q4_polar28_conservative,[],24852.05490972354,1,19.221239893521215,714.9410973,"[1, 3, 5, 7, 8, 9, 10, 13, 14, 20]",4,156,10,stress,28,full_coverage_and_all_discovered_cleared,331,7149.410973,0.02499079203698784
14,5,True,unknown_count_late__n10__spatial,unknown_count_late,5,174,10,507,0.1553019999999492,10,,0,331,q4_polar28_active,[],35059.34203615764,164,19.221239893521215,951.2868423,"[1, 3, 5, 7, 8, 9, 10, 13, 14, 20]",4,156,10,stress,28,full_coverage_and_all_discovered_cleared,304,9512.868423,0.155658665986266
0,0,True,unknown_count_late__n10__spatial,unknown_count_late,10,10,10,588,0.030686000000002878,10,,0,576,q4_polar37_conservative,[],27655.240201745186,0,0.0,900.0048045,"[1, 3, 5, 7, 8, 9, 10, 13, 14, 20]",4,156,10,stress,37,full_coverage_and_all_discovered_cleared,539,9000.048045,0.0307896250160411
11,5,True,unknown_count_late__n10__spatial,unknown_count_late,5,338,10,785,0.14836600000001,10,,0,445,q4_polar37_active,[],43701.53788846447,328,19.19143826241792,1241.0307612000001,"[1, 3, 5, 7, 8, 9, 10, 13, 14, 20]",4,156,10,stress,37,full_coverage_and_all_discovered_cleared,411,12410.307612,0.1485682079801336
30,4,True,unknown_count_late__n16__positive,unknown_count_late,12,193,16,412,0.342646000000002,16,,0,217,baseline_triangle31_active,[],47809.75025581927,177,19.19023501498589,714.809381,"[1, 2, 3, 4, 5, 6, 7, 9, 10, 12, 14, 15, 16, 18, 19, 20]",4,157,16,stress,28,public_upper_bound_16,179,11436.950096,0.3429517920012586
0,0,True,unknown_count_late__n16__positive,unknown_count_late,16,16,16,602,0.04618499999997994,16,,0,584,baseline_square45_conservative,[],39330.58490282718,0,0.0,712.81981125,"[1, 2, 3, 4, 5, 6, 7, 9, 10, 12, 14, 15, 16, 18, 19, 20]",4,157,16,stress,45,full_coverage_and_all_discovered_cleared,539,11405.11698,0.04629837500397116
0,0,True,unknown_count_late__n16__positive,unknown_count_late,14,18,16,265,0.036237999999968906,16,,0,245,q4_polar25_conservative,[],30554.833181209193,2,19.09904712615273,477.62291475,"[1, 2, 3, 4, 5, 6, 7, 9, 10, 12, 14, 15, 16, 18, 19, 20]",4,157,16,stress,25,full_coverage_and_all_discovered_cleared,220,7641.966636,0.036242791975382715
27,5,True,unknown_count_late__n16__positive,unknown_count_late,11,150,16,298,0.3000729999999976,16,,0,146,q4_polar25_active,[],31816.66744237654,134,19.181081566752066,481.39584125,"[1, 2, 3, 4, 5, 6, 7, 9, 10, 12, 14, 15, 16, 18, 19, 20]",4,157,16,stress,14,public_upper_bound_16,127,7702.33346,0.3023887920426205
0,0,True,unknown_count_late__n16__positive,unknown_count_late,14,21,16,296,0.04198999999999842,16,,0,273,q4_polar28_conservative,[],32122.387512139365,5,19.221239893521215,508.0923434375,"[1, 2, 3, 4, 5, 6, 7, 9, 10, 12, 14, 15, 16, 18, 19, 20]",4,157,16,stress,28,full_coverage_and_all_discovered_cleared,245,8129.477495,0.042050582997035235
30,6,True,unknown_count_late__n16__positive,unknown_count_late,10,189,16,332,0.3275310000000218,16,,0,141,q4_polar28_active,[],29939.944860308395,173,19.221239893521215,463.3743085,"[1, 2, 3, 4, 5, 6, 7, 9, 10, 12, 14, 15, 16, 18, 19, 20]",4,157,16,stress,11,public_upper_bound_16,122,7413.988936,0.3278428339981474
0,0,True,unknown_count_late__n16__positive,unknown_count_late,16,16,16,432,0.03353599999996959,16,,0,414,q4_polar37_conservative,[],24403.928490254522,0,0.0,463.67410625,"[1, 2, 3, 4, 5, 6, 7, 9, 10, 12, 14, 15, 16, 18, 19, 20]",4,157,16,stress,29,public_upper_bound_16,388,7418.7857,0.033597333007492125
16,8,True,unknown_count_late__n16__positive,unknown_count_late,8,526,16,742,0.1733199999999897,16,,0,214,q4_polar37_active,[],40517.34113079797,510,19.191484363636295,686.5917681875,"[1, 2, 3, 4, 5, 6, 7, 9, 10, 12, 14, 15, 16, 18, 19, 20]",4,157,16,stress,17,public_upper_bound_16,202,10985.468291,0.17345587501768023
23,9,True,unknown_count_late__n16__negative,unknown_count_late,7,388,16,600,0.258420000000001,16,,0,210,baseline_triangle31_active,[],55970.52956282086,372,19.191463074865023,851.19412,"[1, 2, 3, 4, 5, 6, 7, 9, 10, 12, 14, 15, 16, 18, 19, 20]",4,158,16,stress,28,public_upper_bound_16,179,13619.10592,0.25890291697578505
0,0,True,unknown_count_late__n16__negative,unknown_count_late,16,16,16,602,0.04461799999995719,16,,0,584,baseline_square45_conservative,[],39519.9728629319,0,0.0,715.18716075,"[1, 2, 3, 4, 5, 6, 7, 9, 10, 12, 14, 15, 16, 18, 19, 20]",4,158,16,stress,45,full_coverage_and_all_discovered_cleared,539,11442.994572,0.044696582946926355
0,0,True,unknown_count_late__n16__negative,unknown_count_late,14,19,16,266,0.036207999999987805,16,,0,245,q4_polar25_conservative,[],30830.63115565059,3,19.099047126152733,481.2578895,"[1, 2, 3, 4, 5, 6, 7, 9, 10, 12, 14, 15, 16, 18, 19, 20]",4,158,16,stress,25,full_coverage_and_all_discovered_cleared,220,7700.126232,0.036266167007852346
23,9,True,unknown_count_late__n16__negative,unknown_count_late,7,479,16,623,0.2717440000000124,16,,0,142,q4_polar25_active,[],42127.69034757958,463,19.191486558124197,670.72112925,"[1, 2, 3, 4, 5, 6, 7, 9, 10, 12, 14, 15, 16, 18, 19, 20]",4,158,16,stress,14,public_upper_bound_16,127,10731.538068,0.2720996669959277
0,0,True,unknown_count_late__n16__negative,unknown_count_late,14,20,16,295,0.040382999999962976,16,,0,273,q4_polar28_conservative,[],31854.147832922798,4,19.221239893521215,504.551847375,"[1, 2, 3, 4, 5, 6, 7, 9, 10, 12, 14, 15, 16, 18, 19, 20]",4,158,16,stress,28,full_coverage_and_all_discovered_cleared,245,8072.829558,0.04038474999833852
22,9,True,unknown_count_late__n16__negative,unknown_count_late,7,359,16,494,0.24534199999999373,16,,0,133,q4_polar28_active,[],37584.658127193616,343,19.221239893521215,588.3082260625,"[1, 2, 3, 4, 5, 6, 7, 9, 10, 12, 14, 15, 16, 18, 19, 20]",4,158,16,stress,11,public_upper_bound_16,122,9412.931617,0.24558175000129268
0,0,True,unknown_count_late__n16__negative,unknown_count_late,16,16,16,432,0.033015999999975065,16,,0,414,q4_polar37_conservative,[],24670.856487210764,0,0.0,467.0107061875,"[1, 2, 3, 4, 5, 6, 7, 9, 10, 12, 14, 15, 16, 18, 19, 20]",4,158,16,stress,29,public_upper_bound_16,388,7472.171299,0.03306466696085408
16,7,True,unknown_count_late__n16__negative,unknown_count_late,9,466,16,682,0.19511700000003884,16,,0,214,q4_polar37_active,[],37650.06141268711,450,19.19147287819888,639.50077175,"[1, 2, 3, 4, 5, 6, 7, 9, 10, 12, 14, 15, 16, 18, 19, 20]",4,158,16,stress,17,public_upper_bound_16,202,10232.012348,0.19609387504169717
24,9,True,unknown_count_late__n16__spatial,unknown_count_late,7,433,16,646,0.2796690000000126,16,,0,211,baseline_triangle31_active,[],57776.27774341439,417,19.191463074865023,882.51597375,"[1, 2, 3, 4, 5, 6, 7, 9, 10, 12, 14, 15, 16, 18, 19, 20]",4,159,16,stress,28,public_upper_bound_16,179,14120.25558,0.28013316699070856
0,0,True,unknown_count_late__n16__spatial,unknown_count_late,16,16,16,584,0.04242199999998775,16,,0,566,baseline_square45_conservative,[],40310.74617313821,0,0.0,718.3218273125,"[1, 2, 3, 4, 5, 6, 7, 9, 10, 12, 14, 15, 16, 18, 19, 20]",4,159,16,stress,45,full_coverage_and_all_discovered_cleared,521,11493.149237,0.04251216701231897
0,0,True,unknown_count_late__n16__spatial,unknown_count_late,14,20,16,259,0.034057000000018434,16,,0,237,q4_polar25_conservative,[],30829.99931674858,4,19.099047126152733,478.4999913125,"[1, 2, 3, 4, 5, 6, 7, 9, 10, 12, 14, 15, 16, 18, 19, 20]",4,159,16,stress,25,full_coverage_and_all_discovered_cleared,213,7655.999861,0.034205166972242296
24,8,True,unknown_count_late__n16__spatial,unknown_count_late,8,314,16,459,0.2731870000000072,16,,0,143,q4_polar25_active,[],37250.035232328635,298,19.19147844814808,579.125438875,"[1, 2, 3, 4, 5, 6, 7, 9, 10, 12, 14, 15, 16, 18, 19, 20]",4,159,16,stress,14,public_upper_bound_16,127,9266.007022,0.2736817079712637
0,0,True,unknown_count_late__n16__spatial,unknown_count_late,15,17,16,265,0.03319099999998798,16,,0,246,q4_polar28_conservative,[],28587.097002255738,1,19.221239893521215,453.0262120625,"[1, 2, 3, 4, 5, 6, 7, 9, 10, 12, 14, 15, 16, 18, 19, 20]",4,159,16,stress,28,full_coverage_and_all_discovered_cleared,218,7248.419393,0.0331912919646129
26,7,True,unknown_count_late__n16__spatial,unknown_count_late,9,242,16,381,0.29330199999998285,16,,0,137,q4_polar28_active,[],32043.420006909808,226,19.221239893521215,498.355251,"[1, 2, 3, 4, 5, 6, 7, 9, 10, 12, 14, 15, 16, 18, 19, 20]",4,159,16,stress,11,public_upper_bound_16,122,7973.684016,0.2938157909666188
0,0,True,unknown_count_late__n16__spatial,unknown_count_late,16,16,16,406,0.03479800000002342,16,,0,388,q4_polar37_conservative,[],24118.39009569516,0,0.0,450.354876375,"[1, 2, 3, 4, 5, 6, 7, 9, 10, 12, 14, 15, 16, 18, 19, 20]",4,159,16,stress,29,public_upper_bound_16,362,7205.678022,0.03485987498424947
16,7,True,unknown_count_late__n16__spatial,unknown_count_late,9,447,16,663,0.1697770000000105,16,,0,214,q4_polar37_active,[],37531.05567304945,431,19.19147287819888,634.450703625,"[1, 2, 3, 4, 5, 6, 7, 9, 10, 12, 14, 15, 16, 18, 19, 20]",4,159,16,stress,17,public_upper_bound_16,202,10151.211258,0.1700341660180129
