active_measurements,active_no_signal,all_cleared,bracket_cut_inconsistencies,bracket_measurements,bracket_optical_success,bracket_optical_trials,bracket_pair_cuts,case_id,category,certified_clears,clear_calls,cleared,commands,cpu_s,discovered_channels,discovery_cover_radius,dynamic_cover_checks,early_optical_success,early_optical_trials,extra_discovery_measurements,extra_discovery_sites,failure,inconsistent_updates,joint_route_solves,measurements,method,missed_channels,move_m,optical_fallback_calls,optical_max_cover_radius,per_source_s,policy_cleared_channels,problem,pruned_stations,seed,shared_known_measurements,skipped_precise_measurements,sources,split,stations_visited,stop_reason,switches,total_virtual_s,wall_s
16,0,True,,,,,,uniform__iid__67,uniform__iid,10,10,10,150,0.135427,10,,,,,,,,0,,138,baseline_peer9,[],16715.178060343696,0,0.0,421.10356119999994,"[4, 5, 7, 8, 9, 10, 14, 15, 18, 19]",3,,67,,,10,ordinary,9,full_coverage_and_all_discovered_cleared,128,4211.035612,0.13747645798139274
12,0,True,,,,,,uniform__iid__67,uniform__iid,8,12,10,144,0.11100299999999999,10,778.6166859055267,1,2,4,0,0,,0,,130,baseline_co_known9,[],14748.63669942801,0,0.0,377.872734,"[4, 5, 7, 8, 9, 10, 14, 15, 18, 19]",3,0,67,2,0,10,ordinary,9,continuous_dynamic_coverage_and_all_discovered_cleared,123,3778.72734,0.19565095799043775
11,0,True,0,0,0,0,0,uniform__iid__67,uniform__iid,7,14,10,159,0.021218999999999988,10,,,3,7,,,,0,0,143,task_nearest9,[],14540.74588043854,0,0.0,381.9149178,"[4, 5, 7, 8, 9, 10, 14, 15, 18, 19]",3,,67,6,6,10,ordinary,9,full_coverage_and_all_discovered_cleared,134,3819.149178,0.02125125000020489
11,0,True,0,0,0,0,0,uniform__iid__67,uniform__iid,7,14,10,159,0.021419999999999995,10,,,3,7,,,,0,19,143,task_two_opt9,[],14540.74588043854,0,0.0,381.9149178,"[4, 5, 7, 8, 9, 10, 14, 15, 18, 19]",3,,67,6,6,10,ordinary,9,full_coverage_and_all_discovered_cleared,134,3819.149178,0.02145033294800669
15,0,True,0,0,0,0,0,uniform__iid__67,uniform__iid,7,14,10,158,0.02342099999999997,10,,,3,7,,,,0,19,142,task_no_share9,[],16014.814301004068,0,0.0,410.5962862,"[4, 5, 7, 8, 9, 10, 14, 15, 18, 19]",3,,67,0,5,10,ordinary,9,full_coverage_and_all_discovered_cleared,131,4105.962862,0.023435375012923032
12,0,True,0,0,0,0,0,uniform__iid__67,uniform__iid,6,14,10,160,0.022258,10,,,3,7,,,,0,19,144,task_weight05_9,[],14572.967890335438,0,0.0,383.05935800000003,"[4, 5, 7, 8, 9, 10, 14, 15, 18, 19]",3,,67,6,6,10,ordinary,9,full_coverage_and_all_discovered_cleared,134,3830.59358,0.022301958000753075
12,0,True,0,0,0,0,0,uniform__iid__67,uniform__iid,5,13,10,160,0.02355099999999999,10,,,4,7,,,,0,19,145,task_weight1_9,[],14540.605688504145,0,0.0,382.4121139,"[4, 5, 7, 8, 9, 10, 14, 15, 18, 19]",3,,67,7,6,10,ordinary,9,full_coverage_and_all_discovered_cleared,132,3824.121139,0.023602457949891686
9,0,True,0,0,0,0,0,uniform__iid__67,uniform__iid,7,11,10,155,0.021728000000000025,10,,,3,4,,,,0,19,142,task_trial40_9,[],14476.591050483097,0,0.0,379.031821,"[4, 5, 7, 8, 9, 10, 14, 15, 18, 19]",3,,67,7,6,10,ordinary,9,full_coverage_and_all_discovered_cleared,132,3790.31821,0.021739292016718537
7,0,True,0,0,0,0,0,uniform__iid__67,uniform__iid,7,12,10,133,0.01830499999999996,10,,,3,5,,,,0,17,119,task_two_opt7,[],12507.464337677739,0,0.0,326.6492866,"[4, 5, 7, 8, 9, 10, 14, 15, 18, 19]",3,,67,7,0,10,ordinary,7,full_coverage_and_all_discovered_cleared,114,3266.492866,0.018322375020943582
28,0,True,,,,,,uniform__iid__68,uniform__iid,15,15,15,127,0.223063,15,,,,,,,,0,,110,baseline_peer9,[],23240.182623055938,0,0.0,357.6691014666667,"[2, 4, 5, 6, 8, 9, 11, 12, 13, 14, 15, 16, 17, 19, 20]",3,,68,,,15,ordinary,9,full_coverage_and_all_discovered_cleared,92,5365.036522,0.22339266596827656
14,0,True,,,,,,uniform__iid__68,uniform__iid,10,18,15,122,0.026295999999999986,15,778.6166859055267,1,5,8,0,0,,0,,102,baseline_co_known9,[],17246.093612702858,0,0.0,275.6812481333333,"[2, 4, 5, 6, 8, 9, 11, 12, 13, 14, 15, 16, 17, 19, 20]",3,0,68,10,0,15,ordinary,9,continuous_dynamic_coverage_and_all_discovered_cleared,92,4135.218722,0.026360291987657547
6,0,True,0,0,0,0,0,uniform__iid__68,uniform__iid,4,16,15,154,0.024141999999999997,15,,,11,12,,,,0,0,136,task_nearest9,[],12406.018781760815,0,0.0,224.28025046666667,"[2, 4, 5, 6, 8, 9, 11, 12, 13, 14, 15, 16, 17, 19, 20]",3,,68,28,0,15,ordinary,9,full_coverage_and_all_discovered_cleared,125,3364.203757,0.024219334009103477
6,0,True,0,0,0,0,0,uniform__iid__68,uniform__iid,4,16,15,154,0.02508100000000002,15,,,11,12,,,,0,24,136,task_two_opt9,[],12384.746995276531,0,0.0,223.99662666666666,"[2, 4, 5, 6, 8, 9, 11, 12, 13, 14, 15, 16, 17, 19, 20]",3,,68,28,0,15,ordinary,9,full_coverage_and_all_discovered_cleared,125,3359.9494,0.025106500019319355
12,0,True,0,0,0,0,0,uniform__iid__68,uniform__iid,5,17,15,133,0.023187999999999986,15,,,10,12,,,,0,24,114,task_no_share9,[],15027.912270343997,0,0.0,250.9721636,"[2, 4, 5, 6, 8, 9, 11, 12, 13, 14, 15, 16, 17, 19, 20]",3,,68,0,0,15,ordinary,9,full_coverage_and_all_discovered_cleared,108,3764.582454,0.023216292029246688
9,0,True,0,0,0,0,0,uniform__iid__68,uniform__iid,5,18,15,161,0.028224000000000027,15,,,9,12,,,,0,24,141,task_weight05_9,[],12439.18962519542,0,0.0,227.05586166666666,"[2, 4, 5, 6, 8, 9, 11, 12, 13, 14, 15, 16, 17, 19, 20]",3,,68,30,0,15,ordinary,9,full_coverage_and_all_discovered_cleared,129,3405.837925,0.028333958005532622
13,0,True,0,0,0,0,0,uniform__iid__68,uniform__iid,6,20,15,169,0.03227099999999994,15,,,8,13,,,,0,24,147,task_weight1_9,[],12467.40877793566,0,0.0,229.8987836,"[2, 4, 5, 6, 8, 9, 11, 12, 13, 14, 15, 16, 17, 19, 20]",3,,68,32,0,15,ordinary,9,full_coverage_and_all_discovered_cleared,130,3448.481754,0.032293416967149824
8,0,True,0,0,0,0,0,uniform__iid__68,uniform__iid,6,16,15,156,0.02771699999999999,15,,,9,10,,,,0,24,138,task_trial40_9,[],12432.012713243905,0,0.0,225.4268362,"[2, 4, 5, 6, 8, 9, 11, 12, 13, 14, 15, 16, 17, 19, 20]",3,,68,28,0,15,ordinary,9,full_coverage_and_all_discovered_cleared,127,3381.402543,0.027754875016398728
7,0,True,0,0,0,0,0,uniform__iid__68,uniform__iid,11,18,15,148,0.027064000000000088,15,,,4,7,,,,0,22,128,task_two_opt7,[],11291.627306304414,0,0.0,206.95503079999997,"[2, 4, 5, 6, 8, 9, 11, 12, 13, 14, 15, 16, 17, 19, 20]",3,,68,32,0,15,ordinary,7,full_coverage_and_all_discovered_cleared,122,3104.325462,0.02707666700007394
27,0,True,,,,,,uniform__iid__69,uniform__iid,15,15,15,132,0.2148810000000001,15,,,,,,,,0,,115,baseline_peer9,[],22972.07927285665,0,0.0,356.36105680000003,"[2, 3, 4, 5, 6, 7, 8, 9, 10, 11, 12, 13, 14, 16, 18]",3,,69,,,15,ordinary,9,full_coverage_and_all_discovered_cleared,101,5345.415852,0.21505674999207258
16,0,True,,,,,,uniform__iid__69,uniform__iid,6,18,15,133,0.025219999999999798,15,778.6166859055267,1,9,12,0,0,,0,,113,baseline_co_known9,[],17364.541810378476,0,0.0,281.9938906666667,"[2, 3, 4, 5, 6, 7, 8, 9, 10, 11, 12, 13, 14, 16, 18]",3,0,69,3,0,15,ordinary,9,continuous_dynamic_coverage_and_all_discovered_cleared,108,4229.90836,0.025232792017050087
7,0,True,0,0,0,0,0,uniform__iid__69,uniform__iid,9,16,15,168,0.02617999999999987,15,,,6,7,,,,0,0,150,task_nearest9,[],14219.923344192757,0,0.0,254.06564446666667,"[2, 3, 4, 5, 6, 7, 8, 9, 10, 11, 12, 13, 14, 16, 18]",3,,69,31,2,15,ordinary,9,full_coverage_and_all_discovered_cleared,139,3810.984667,0.0262237919960171
8,0,True,0,0,0,0,0,uniform__iid__69,uniform__iid,9,16,15,169,0.028663000000000105,15,,,6,7,,,,0,24,151,task_two_opt9,[],14705.629743154657,0,0.0,260.87506306666666,"[2, 3, 4, 5, 6, 7, 8, 9, 10, 11, 12, 13, 14, 16, 18]",3,,69,31,2,15,ordinary,9,full_coverage_and_all_discovered_cleared,139,3913.125946,0.028684374992735684
13,0,True,0,0,0,0,0,uniform__iid__69,uniform__iid,9,17,15,146,0.02508699999999986,15,,,6,8,,,,0,24,127,task_no_share9,[],15689.760328638646,0,0.0,265.1301376,"[2, 3, 4, 5, 6, 7, 8, 9, 10, 11, 12, 13, 14, 16, 18]",3,,69,0,0,15,ordinary,9,full_coverage_and_all_discovered_cleared,123,3976.952064,0.025108749978244305
9,0,True,0,0,0,0,0,uniform__iid__69,uniform__iid,8,16,15,170,0.029695999999999945,15,,,7,8,,,,0,24,152,task_weight05_9,[],14653.088994519936,0,0.0,260.6411866,"[2, 3, 4, 5, 6, 7, 8, 9, 10, 11, 12, 13, 14, 16, 18]",3,,69,31,2,15,ordinary,9,full_coverage_and_all_discovered_cleared,141,3909.617799,0.02971579198492691
14,0,True,0,0,0,0,0,uniform__iid__69,uniform__iid,8,18,15,181,0.03486800000000012,15,,,7,10,,,,0,24,161,task_weight1_9,[],14613.311989051303,0,0.0,264.04415993333333,"[2, 3, 4, 5, 6, 7, 8, 9, 10, 11, 12, 13, 14, 16, 18]",3,,69,35,2,15,ordinary,9,full_coverage_and_all_discovered_cleared,149,3960.662399,0.034879582992289215
10,0,True,0,0,0,0,0,uniform__iid__69,uniform__iid,11,16,15,172,0.030161000000000104,15,,,4,5,,,,0,24,154,task_trial40_9,[],14721.330158331612,0,0.0,262.21773526666664,"[2, 3, 4, 5, 6, 7, 8, 9, 10, 11, 12, 13, 14, 16, 18]",3,,69,32,2,15,ordinary,9,full_coverage_and_all_discovered_cleared,141,3933.266029,0.03021541697671637
8,0,True,0,0,0,0,0,uniform__iid__69,uniform__iid,6,17,15,146,0.0257369999999999,15,,,9,11,,,,0,22,127,task_two_opt7,[],12853.696604615454,0,0.0,226.71595459999998,"[2, 3, 4, 5, 6, 7, 8, 9, 10, 11, 12, 13, 14, 16, 18]",3,,69,29,7,15,ordinary,7,full_coverage_and_all_discovered_cleared,114,3400.739319,0.025750665983650833
15,0,True,,,,,,uniform__iid__70,uniform__iid,10,10,10,145,0.11803999999999992,10,,,,,,,,0,,133,baseline_peer9,[],18543.50539511131,0,0.0,454.6701081,"[2, 3, 5, 10, 11, 13, 15, 16, 19, 20]",3,,70,,,10,ordinary,9,full_coverage_and_all_discovered_cleared,123,4546.701081,0.11811479204334319
8,0,True,,,,,,uniform__iid__70,uniform__iid,6,10,10,141,0.017352000000000034,10,778.6166859055267,1,4,4,0,0,,0,,129,baseline_co_known9,[],15187.386326392683,0,0.0,385.5477265,"[2, 3, 5, 10, 11, 13, 15, 16, 19, 20]",3,0,70,3,0,10,ordinary,9,continuous_dynamic_coverage_and_all_discovered_cleared,123,3855.477265,0.01736633398104459
6,0,True,0,0,0,0,0,uniform__iid__70,uniform__iid,6,10,10,155,0.017712999999999868,10,,,4,4,,,,0,0,143,task_nearest9,[],12551.626899241352,0,0.0,341.2325381,"[2, 3, 5, 10, 11, 13, 15, 16, 19, 20]",3,,70,6,1,10,ordinary,9,full_coverage_and_all_discovered_cleared,137,3412.325381,0.017714374989736825
6,0,True,0,0,0,0,0,uniform__iid__70,uniform__iid,6,10,10,155,0.01816200000000001,10,,,4,4,,,,0,19,143,task_two_opt9,[],12551.626899241352,0,0.0,341.2325381,"[2, 3, 5, 10, 11, 13, 15, 16, 19, 20]",3,,70,6,1,10,ordinary,9,full_coverage_and_all_discovered_cleared,137,3412.325381,0.01819012500345707
9,0,True,0,0,0,0,0,uniform__iid__70,uniform__iid,2,10,10,151,0.017824000000000062,10,,,8,8,,,,0,19,139,task_no_share9,[],14106.301530014644,0,0.0,369.8260307,"[2, 3, 5, 10, 11, 13, 15, 16, 19, 20]",3,,70,0,0,10,ordinary,9,full_coverage_and_all_discovered_cleared,132,3698.260307,0.017841957975178957
8,0,True,0,0,0,0,0,uniform__iid__70,uniform__iid,7,10,10,157,0.019800999999999958,10,,,3,3,,,,0,19,145,task_weight05_9,[],12566.755820774713,0,0.0,342.5351164,"[2, 3, 5, 10, 11, 13, 15, 16, 19, 20]",3,,70,6,1,10,ordinary,9,full_coverage_and_all_discovered_cleared,137,3425.351164,0.019836499996017665
8,0,True,0,0,0,0,0,uniform__iid__70,uniform__iid,5,10,10,157,0.01993800000000001,10,,,5,5,,,,0,19,145,task_weight1_9,[],12538.131642995973,0,0.0,341.962633,"[2, 3, 5, 10, 11, 13, 15, 16, 19, 20]",3,,70,6,1,10,ordinary,9,full_coverage_and_all_discovered_cleared,137,3419.62633,0.01995091704884544
9,0,True,0,0,0,0,0,uniform__iid__70,uniform__iid,9,10,10,158,0.021384999999999987,10,,,1,1,,,,0,19,146,task_trial40_9,[],12559.063410572922,0,0.0,342.8812683,"[2, 3, 5, 10, 11, 13, 15, 16, 19, 20]",3,,70,6,1,10,ordinary,9,full_coverage_and_all_discovered_cleared,137,3428.812683,0.02140066697029397
8,0,True,0,0,0,0,0,uniform__iid__70,uniform__iid,6,13,10,140,0.019816000000000056,10,,,4,7,,,,0,17,125,task_two_opt7,[],11227.30074824561,0,0.0,304.946015,"[2, 3, 5, 10, 11, 13, 15, 16, 19, 20]",3,,70,8,0,10,ordinary,7,full_coverage_and_all_discovered_cleared,120,3049.46015,0.019868250004947186
19,0,True,,,,,,uniform__iid__71,uniform__iid,12,12,12,131,0.14456899999999995,12,,,,,,,,0,,117,baseline_peer9,[],21144.638284816156,0,0.0,414.91063825,"[1, 2, 4, 5, 7, 9, 10, 13, 17, 18, 19, 20]",3,,71,,,12,ordinary,9,full_coverage_and_all_discovered_cleared,105,4978.927659,0.1447000409825705
17,0,True,,,,,,uniform__iid__71,uniform__iid,9,15,12,135,0.02548600000000012,12,778.6166859055267,1,3,6,0,0,,0,,118,baseline_co_known9,[],16945.043544095806,0,0.0,346.25072574999996,"[1, 2, 4, 5, 7, 9, 10, 13, 17, 18, 19, 20]",3,0,71,4,0,12,ordinary,9,continuous_dynamic_coverage_and_all_discovered_cleared,107,4155.008709,0.02551962499273941
10,0,True,0,0,0,0,0,uniform__iid__71,uniform__iid,11,15,12,164,0.025608000000000075,12,,,1,4,,,,0,0,147,task_nearest9,[],14074.27548616522,0,0.0,312.57125824999997,"[1, 2, 4, 5, 7, 9, 10, 13, 17, 18, 19, 20]",3,,71,24,5,12,ordinary,9,full_coverage_and_all_discovered_cleared,132,3750.855099,0.025614292011596262
4,0,True,0,0,0,0,0,uniform__iid__71,uniform__iid,4,12,12,152,0.02268900000000018,12,,,8,8,,,,0,21,138,task_two_opt9,[],12604.210077942187,0,0.0,282.82016791666666,"[1, 2, 4, 5, 7, 9, 10, 13, 17, 18, 19, 20]",3,,71,20,8,12,ordinary,9,full_coverage_and_all_discovered_cleared,123,3393.842015,0.02269424998667091
7,0,True,0,0,0,0,0,uniform__iid__71,uniform__iid,3,13,12,143,0.018723999999999963,12,,,9,10,,,,0,21,128,task_no_share9,[],13121.71472705323,0,0.0,287.52857866666665,"[1, 2, 4, 5, 7, 9, 10, 13, 17, 18, 19, 20]",3,,71,0,0,12,ordinary,9,full_coverage_and_all_discovered_cleared,123,3450.342944,0.01875316700898111
5,0,True,0,0,0,0,0,uniform__iid__71,uniform__iid,5,13,12,154,0.02270300000000014,12,,,7,8,,,,0,21,139,task_weight05_9,[],12677.318053022302,0,0.0,284.705301,"[1, 2, 4, 5, 7, 9, 10, 13, 17, 18, 19, 20]",3,,71,20,8,12,ordinary,9,full_coverage_and_all_discovered_cleared,123,3416.463612,0.022736874991096556
6,0,True,0,0,0,0,0,uniform__iid__71,uniform__iid,5,13,12,155,0.024016000000000037,12,,,7,8,,,,0,21,140,task_weight1_9,[],12699.715066780735,0,0.0,285.49525108333336,"[1, 2, 4, 5, 7, 9, 10, 13, 17, 18, 19, 20]",3,,71,20,8,12,ordinary,9,full_coverage_and_all_discovered_cleared,123,3425.943013,0.024037625000346452
4,0,True,0,0,0,0,0,uniform__iid__71,uniform__iid,4,12,12,152,0.02231099999999997,12,,,8,8,,,,0,21,138,task_trial40_9,[],12604.210077942187,0,0.0,282.82016791666666,"[1, 2, 4, 5, 7, 9, 10, 13, 17, 18, 19, 20]",3,,71,20,8,12,ordinary,9,full_coverage_and_all_discovered_cleared,123,3393.842015,0.022332874999847263
7,0,True,0,0,0,0,0,uniform__iid__71,uniform__iid,6,13,12,133,0.022957000000000338,12,,,6,7,,,,0,19,118,task_two_opt7,[],12181.245343005156,0,0.0,266.6040889166667,"[1, 2, 4, 5, 7, 9, 10, 13, 17, 18, 19, 20]",3,,71,22,4,12,ordinary,7,full_coverage_and_all_discovered_cleared,110,3199.249067,0.022971500002313405
17,0,True,,,,,,uniform__smooth__67,uniform__smooth,10,10,10,151,0.14204000000000017,10,,,,,,,,0,,139,baseline_peer9,[],16811.382741927024,0,0.0,423.5276549,"[4, 5, 7, 8, 9, 10, 14, 15, 18, 19]",3,,67,,,10,ordinary,9,full_coverage_and_all_discovered_cleared,128,4235.276549,0.14241545798722655
13,0,True,,,,,,uniform__smooth__67,uniform__smooth,9,13,10,146,0.020207000000000086,10,778.6166859055267,1,1,4,0,0,,0,,131,baseline_co_known9,[],14389.284103249305,0,0.0,371.48568220000004,"[4, 5, 7, 8, 9, 10, 14, 15, 18, 19]",3,0,67,2,0,10,ordinary,9,continuous_dynamic_coverage_and_all_discovered_cleared,123,3714.856822,0.020222916966304183
11,0,True,0,0,0,0,0,uniform__smooth__67,uniform__smooth,7,14,10,160,0.021864000000000328,10,,,3,7,,,,0,0,144,task_nearest9,[],14499.38021424359,0,0.0,381.5876041,"[4, 5, 7, 8, 9, 10, 14, 15, 18, 19]",3,,67,7,6,10,ordinary,9,full_coverage_and_all_discovered_cleared,134,3815.876041,0.021876417042221874
11,0,True,0,0,0,0,0,uniform__smooth__67,uniform__smooth,7,14,10,161,0.022850000000000037,10,,,3,7,,,,0,19,145,task_two_opt9,[],13504.880389780747,0,0.0,362.1976077,"[4, 5, 7, 8, 9, 10, 14, 15, 18, 19]",3,,67,8,0,10,ordinary,9,full_coverage_and_all_discovered_cleared,134,3621.976077,0.02286295802332461
15,0,True,0,0,0,0,0,uniform__smooth__67,uniform__smooth,6,15,10,158,0.022552000000000127,10,,,4,9,,,,0,19,141,task_no_share9,[],14978.392703503625,0,0.0,389.7678541,"[4, 5, 7, 8, 9, 10, 14, 15, 18, 19]",3,,67,0,0,10,ordinary,9,full_coverage_and_all_discovered_cleared,132,3897.678541,0.02257500000996515
10,0,True,0,0,0,0,0,uniform__smooth__67,uniform__smooth,6,13,10,159,0.022406000000000148,10,,,4,7,,,,0,19,144,task_weight05_9,[],13450.675626785307,0,0.0,360.3135127,"[4, 5, 7, 8, 9, 10, 14, 15, 18, 19]",3,,67,8,0,10,ordinary,9,full_coverage_and_all_discovered_cleared,134,3603.135127,0.022432124998886138
10,0,True,0,0,0,0,0,uniform__smooth__67,uniform__smooth,6,13,10,159,0.022533000000000136,10,,,4,7,,,,0,19,144,task_weight1_9,[],13485.822659493162,0,0.0,361.0164533,"[4, 5, 7, 8, 9, 10, 14, 15, 18, 19]",3,,67,8,0,10,ordinary,9,full_coverage_and_all_discovered_cleared,134,3610.164533,0.02266716700978577
8,0,True,0,0,0,0,0,uniform__smooth__67,uniform__smooth,6,11,10,155,0.02224999999999966,10,,,4,5,,,,0,19,142,task_trial40_9,[],13392.935610042568,0,0.0,357.4587123,"[4, 5, 7, 8, 9, 10, 14, 15, 18, 19]",3,,67,8,0,10,ordinary,9,full_coverage_and_all_discovered_cleared,133,3574.587123,0.022320792020764202
9,0,True,0,0,0,0,0,uniform__smooth__67,uniform__smooth,8,12,10,136,0.021243000000000123,10,,,2,4,,,,0,17,122,task_two_opt7,[],12611.301441086958,0,0.0,330.3260285,"[4, 5, 7, 8, 9, 10, 14, 15, 18, 19]",3,,67,8,0,10,ordinary,7,full_coverage_and_all_discovered_cleared,115,3303.260285,0.02126479201251641
27,0,True,,,,,,uniform__smooth__68,uniform__smooth,15,15,15,126,0.21301199999999998,15,,,,,,,,0,,109,baseline_peer9,[],22404.480286654863,0,0.0,346.19307046666665,"[2, 4, 5, 6, 8, 9, 11, 12, 13, 14, 15, 16, 17, 19, 20]",3,,68,,,15,ordinary,9,full_coverage_and_all_discovered_cleared,92,5192.896057,0.2133535420289263
14,0,True,,,,,,uniform__smooth__68,uniform__smooth,10,18,15,120,0.02722300000000022,15,778.6166859055267,1,5,8,0,0,,0,,100,baseline_co_known9,[],19266.814247645765,0,0.0,301.75752339999997,"[2, 4, 5, 6, 8, 9, 11, 12, 13, 14, 15, 16, 17, 19, 20]",3,0,68,10,0,15,ordinary,9,continuous_dynamic_coverage_and_all_discovered_cleared,89,4526.362851,0.02724495902657509
7,0,True,0,0,0,0,0,uniform__smooth__68,uniform__smooth,11,17,15,176,0.02947999999999995,15,,,4,6,,,,0,0,157,task_nearest9,[],12173.37016756156,0,0.0,229.57826886666666,"[2, 4, 5, 6, 8, 9, 11, 12, 13, 14, 15, 16, 17, 19, 20]",3,,68,36,0,15,ordinary,9,full_coverage_and_all_discovered_cleared,143,3443.674033,0.02950004203012213
6,0,True,0,0,0,0,0,uniform__smooth__68,uniform__smooth,6,16,15,168,0.028274000000000132,15,,,9,10,,,,0,24,150,task_two_opt9,[],12491.545674624604,0,0.0,231.2872758,"[2, 4, 5, 6, 8, 9, 11, 12, 13, 14, 15, 16, 17, 19, 20]",3,,68,32,1,15,ordinary,9,full_coverage_and_all_discovered_cleared,143,3469.309137,0.02829908300191164
12,0,True,0,0,0,0,0,uniform__smooth__68,uniform__smooth,6,17,15,144,0.02483000000000013,15,,,9,11,,,,0,24,125,task_no_share9,[],13989.511358194828,0,0.0,241.4601516,"[2, 4, 5, 6, 8, 9, 11, 12, 13, 14, 15, 16, 17, 19, 20]",3,,68,0,0,15,ordinary,9,full_coverage_and_all_discovered_cleared,118,3621.902274,0.024884917016606778
9,0,True,0,0,0,0,0,uniform__smooth__68,uniform__smooth,6,18,15,177,0.03117599999999987,15,,,9,12,,,,0,24,157,task_weight05_9,[],12622.29035279953,0,0.0,236.09720473333334,"[2, 4, 5, 6, 8, 9, 11, 12, 13, 14, 15, 16, 17, 19, 20]",3,,68,35,0,15,ordinary,9,full_coverage_and_all_discovered_cleared,148,3541.458071,0.031219040974974632
9,0,True,0,0,0,0,0,uniform__smooth__68,uniform__smooth,5,18,15,177,0.03139000000000003,15,,,10,13,,,,0,24,157,task_weight1_9,[],12640.052508648518,0,0.0,236.33403353333333,"[2, 4, 5, 6, 8, 9, 11, 12, 13, 14, 15, 16, 17, 19, 20]",3,,68,35,0,15,ordinary,9,full_coverage_and_all_discovered_cleared,148,3545.010503,0.0314218329731375
8,0,True,0,0,0,0,0,uniform__smooth__68,uniform__smooth,8,16,15,170,0.029841999999999924,15,,,7,8,,,,0,24,152,task_trial40_9,[],12543.661116964673,0,0.0,232.71548166666668,"[2, 4, 5, 6, 8, 9, 11, 12, 13, 14, 15, 16, 17, 19, 20]",3,,68,32,1,15,ordinary,9,full_coverage_and_all_discovered_cleared,144,3490.732225,0.029868458048440516
12,0,True,0,0,0,0,0,uniform__smooth__68,uniform__smooth,12,19,15,163,0.03400099999999995,15,,,3,7,,,,0,22,142,task_two_opt7,[],12931.75788960689,0,0.0,234.2234385333333,"[2, 4, 5, 6, 8, 9, 11, 12, 13, 14, 15, 16, 17, 19, 20]",3,,68,37,0,15,ordinary,7,full_coverage_and_all_discovered_cleared,130,3513.351578,0.0341433749999851
27,0,True,,,,,,uniform__smooth__69,uniform__smooth,15,15,15,132,0.21120399999999995,15,,,,,,,,0,,115,baseline_peer9,[],22475.424227992935,0,0.0,349.7389898,"[2, 3, 4, 5, 6, 7, 8, 9, 10, 11, 12, 13, 14, 16, 18]",3,,69,,,15,ordinary,9,full_coverage_and_all_discovered_cleared,101,5246.084847,0.21139912499347702
17,0,True,,,,,,uniform__smooth__69,uniform__smooth,8,18,15,126,0.026379000000000374,15,778.6166859055267,1,7,10,0,0,,0,,106,baseline_co_known9,[],18656.024177427582,0,0.0,296.3469888,"[2, 3, 4, 5, 6, 7, 8, 9, 10, 11, 12, 13, 14, 16, 18]",3,0,69,2,0,15,ordinary,9,continuous_dynamic_coverage_and_all_discovered_cleared,100,4445.204832,0.026412417006213218
8,0,True,0,0,0,0,0,uniform__smooth__69,uniform__smooth,8,17,15,159,0.026669000000000054,15,,,7,9,,,,0,0,140,task_nearest9,[],14710.350423739495,0,0.0,257.0713388666667,"[2, 3, 4, 5, 6, 7, 8, 9, 10, 11, 12, 13, 14, 16, 18]",3,,69,25,2,15,ordinary,9,full_coverage_and_all_discovered_cleared,133,3856.070083,0.02670966600999236
11,0,True,0,0,0,0,0,uniform__smooth__69,uniform__smooth,10,18,15,168,0.029778000000000304,15,,,5,8,,,,0,24,148,task_two_opt9,[],14697.913748558172,0,0.0,260.23884979999997,"[2, 3, 4, 5, 6, 7, 8, 9, 10, 11, 12, 13, 14, 16, 18]",3,,69,30,2,15,ordinary,9,full_coverage_and_all_discovered_cleared,140,3903.582747,0.029816417023539543
15,0,True,0,0,0,0,0,uniform__smooth__69,uniform__smooth,9,19,15,145,0.026737000000000233,15,,,6,10,,,,0,24,124,task_no_share9,[],15395.725583778241,0,0.0,260.4096742666667,"[2, 3, 4, 5, 6, 7, 8, 9, 10, 11, 12, 13, 14, 16, 18]",3,,69,0,0,15,ordinary,9,full_coverage_and_all_discovered_cleared,120,3906.145114,0.026760708016809076
11,0,True,0,0,0,0,0,uniform__smooth__69,uniform__smooth,9,18,15,168,0.030273999999999912,15,,,6,9,,,,0,24,148,task_weight05_9,[],14599.669246223946,0,0.0,258.92892313333334,"[2, 3, 4, 5, 6, 7, 8, 9, 10, 11, 12, 13, 14, 16, 18]",3,,69,30,2,15,ordinary,9,full_coverage_and_all_discovered_cleared,140,3883.933847,0.030286833003629
11,0,True,0,0,0,0,0,uniform__smooth__69,uniform__smooth,6,17,15,169,0.031264999999999876,15,,,9,11,,,,0,24,150,task_weight1_9,[],14425.108738838848,0,0.0,257.0681163333333,"[2, 3, 4, 5, 6, 7, 8, 9, 10, 11, 12, 13, 14, 16, 18]",3,,69,31,1,15,ordinary,9,full_coverage_and_all_discovered_cleared,140,3856.021745,0.031294040963985026
11,0,True,0,0,0,0,0,uniform__smooth__69,uniform__smooth,10,17,15,167,0.030146999999999924,15,,,5,7,,,,0,24,148,task_trial40_9,[],14687.982234362831,0,0.0,259.90642959999997,"[2, 3, 4, 5, 6, 7, 8, 9, 10, 11, 12, 13, 14, 16, 18]",3,,69,30,2,15,ordinary,9,full_coverage_and_all_discovered_cleared,140,3898.596444,0.030185374955181032
7,0,True,0,0,0,0,0,uniform__smooth__69,uniform__smooth,7,16,15,140,0.027173999999999587,15,,,8,9,,,,0,22,122,task_two_opt7,[],13156.983543135357,0,0.0,228.69311393333334,"[2, 3, 4, 5, 6, 7, 8, 9, 10, 11, 12, 13, 14, 16, 18]",3,,69,23,10,15,ordinary,7,full_coverage_and_all_discovered_cleared,111,3430.396709,0.0271944590494968
15,0,True,,,,,,uniform__smooth__70,uniform__smooth,10,10,10,145,0.11545300000000003,10,,,,,,,,0,,133,baseline_peer9,[],18314.12298366709,0,0.0,450.08245989999995,"[2, 3, 5, 10, 11, 13, 15, 16, 19, 20]",3,,70,,,10,ordinary,9,full_coverage_and_all_discovered_cleared,123,4500.824599,0.11561062495457008
8,0,True,,,,,,uniform__smooth__70,uniform__smooth,6,10,10,141,0.018060999999999883,10,778.6166859055267,1,4,4,0,0,,0,,129,baseline_co_known9,[],14901.490485459979,0,0.0,379.8298097,"[2, 3, 5, 10, 11, 13, 15, 16, 19, 20]",3,0,70,3,0,10,ordinary,9,continuous_dynamic_coverage_and_all_discovered_cleared,123,3798.298097,0.01808604202233255
5,0,True,0,0,0,0,0,uniform__smooth__70,uniform__smooth,6,11,10,157,0.017295999999999978,10,,,4,5,,,,0,0,144,task_nearest9,[],12844.627584284442,0,0.0,347.49255159999996,"[2, 3, 5, 10, 11, 13, 15, 16, 19, 20]",3,,70,8,0,10,ordinary,9,full_coverage_and_all_discovered_cleared,133,3474.925516,0.017313000047579408
5,0,True,0,0,0,0,0,uniform__smooth__70,uniform__smooth,6,11,10,157,0.017482999999999915,10,,,4,5,,,,0,19,144,task_two_opt9,[],12844.627584284442,0,0.0,347.49255159999996,"[2, 3, 5, 10, 11, 13, 15, 16, 19, 20]",3,,70,8,0,10,ordinary,9,full_coverage_and_all_discovered_cleared,133,3474.925516,0.017505541967693716
10,0,True,0,0,0,0,0,uniform__smooth__70,uniform__smooth,4,12,10,154,0.018272000000000066,10,,,6,8,,,,0,19,140,task_no_share9,[],13882.335627977232,0,0.0,366.5467126,"[2, 3, 5, 10, 11, 13, 15, 16, 19, 20]",3,,70,0,0,10,ordinary,9,full_coverage_and_all_discovered_cleared,133,3665.467126,0.018284042016603053
5,0,True,0,0,0,0,0,uniform__smooth__70,uniform__smooth,5,11,10,157,0.01742100000000013,10,,,5,6,,,,0,19,144,task_weight05_9,[],12771.711554369529,0,0.0,346.034231,"[2, 3, 5, 10, 11, 13, 15, 16, 19, 20]",3,,70,8,0,10,ordinary,9,full_coverage_and_all_discovered_cleared,133,3460.34231,0.017424541991204023
5,0,True,0,0,0,0,0,uniform__smooth__70,uniform__smooth,6,11,10,158,0.017706999999999695,10,,,4,5,,,,0,19,145,task_weight1_9,[],12316.879209829462,0,0.0,337.5375841,"[2, 3, 5, 10, 11, 13, 15, 16, 19, 20]",3,,70,9,0,10,ordinary,9,full_coverage_and_all_discovered_cleared,134,3375.375841,0.017720250005368143
6,0,True,0,0,0,0,0,uniform__smooth__70,uniform__smooth,7,11,10,159,0.018456999999999724,10,,,3,4,,,,0,19,146,task_trial40_9,[],12861.519956740141,0,0.0,349.030399,"[2, 3, 5, 10, 11, 13, 15, 16, 19, 20]",3,,70,9,0,10,ordinary,9,full_coverage_and_all_discovered_cleared,135,3490.30399,0.0185003750375472
5,0,True,0,0,0,0,0,uniform__smooth__70,uniform__smooth,5,10,10,136,0.01706199999999969,10,,,5,5,,,,0,17,124,task_two_opt7,[],11259.243015925738,0,0.0,303.9848602,"[2, 3, 5, 10, 11, 13, 15, 16, 19, 20]",3,,70,9,0,10,ordinary,7,full_coverage_and_all_discovered_cleared,118,3039.848602,0.017081166966818273
19,0,True,,,,,,uniform__smooth__71,uniform__smooth,12,12,12,131,0.15664799999999968,12,,,,,,,,0,,117,baseline_peer9,[],21028.92466585977,0,0.0,412.98207783333334,"[1, 2, 4, 5, 7, 9, 10, 13, 17, 18, 19, 20]",3,,71,,,12,ordinary,9,full_coverage_and_all_discovered_cleared,105,4955.784934,0.15679616702254862
18,0,True,,,,,,uniform__smooth__71,uniform__smooth,11,16,12,138,0.02708200000000005,12,778.6166859055267,1,1,5,0,0,,0,,120,baseline_co_known9,[],16686.236471009477,0,0.0,343.020608,"[1, 2, 4, 5, 7, 9, 10, 13, 17, 18, 19, 20]",3,0,71,5,0,12,ordinary,9,continuous_dynamic_coverage_and_all_discovered_cleared,107,4116.247296,0.027124290994834155
11,0,True,0,0,0,0,0,uniform__smooth__71,uniform__smooth,11,14,12,161,0.027881999999999962,12,,,1,3,,,,0,0,145,task_nearest9,[],14112.346274681158,0,0.0,312.0391045833333,"[1, 2, 4, 5, 7, 9, 10, 13, 17, 18, 19, 20]",3,,71,23,7,12,ordinary,9,full_coverage_and_all_discovered_cleared,131,3744.469255,0.02794379199622199
6,0,True,0,0,0,0,0,uniform__smooth__71,uniform__smooth,9,13,12,159,0.02539200000000008,12,,,3,4,,,,0,21,144,task_two_opt9,[],13075.907149837698,0,0.0,293.8484525833333,"[1, 2, 4, 5, 7, 9, 10, 13, 17, 18, 19, 20]",3,,71,26,6,12,ordinary,9,full_coverage_and_all_discovered_cleared,128,3526.181431,0.025412124989088625
10,0,True,0,0,0,0,0,uniform__smooth__71,uniform__smooth,5,13,12,142,0.023841,12,,,7,8,,,,0,21,127,task_no_share9,[],13471.459235221748,0,0.0,292.69098725,"[1, 2, 4, 5, 7, 9, 10, 13, 17, 18, 19, 20]",3,,71,0,0,12,ordinary,9,full_coverage_and_all_discovered_cleared,120,3512.291847,0.023849249992053956
6,0,True,0,0,0,0,0,uniform__smooth__71,uniform__smooth,8,13,12,161,0.02606099999999989,12,,,4,5,,,,0,21,146,task_weight05_9,[],13142.749081347712,0,0.0,295.9624846666667,"[1, 2, 4, 5, 7, 9, 10, 13, 17, 18, 19, 20]",3,,71,28,6,12,ordinary,9,full_coverage_and_all_discovered_cleared,130,3551.549816,0.02609320799820125
6,0,True,0,0,0,0,0,uniform__smooth__71,uniform__smooth,7,13,12,161,0.025964000000000098,12,,,4,5,,,,0,21,146,task_weight1_9,[],12807.749576845063,0,0.0,290.3791596666667,"[1, 2, 4, 5, 7, 9, 10, 13, 17, 18, 19, 20]",3,,71,28,6,12,ordinary,9,full_coverage_and_all_discovered_cleared,130,3484.549916,0.025982916995417327
6,0,True,0,0,0,0,0,uniform__smooth__71,uniform__smooth,10,12,12,159,0.025969000000000353,12,,,2,2,,,,0,21,145,task_trial40_9,[],13050.794061293705,0,0.0,293.76323433333334,"[1, 2, 4, 5, 7, 9, 10, 13, 17, 18, 19, 20]",3,,71,27,6,12,ordinary,9,full_coverage_and_all_discovered_cleared,130,3525.158812,0.025976541975978762
5,0,True,0,0,0,0,0,uniform__smooth__71,uniform__smooth,6,13,12,132,0.022578999999999905,12,,,6,7,,,,0,19,117,task_two_opt7,[],11493.867776214622,0,0.0,254.64779616666667,"[1, 2, 4, 5, 7, 9, 10, 13, 17, 18, 19, 20]",3,,71,22,3,12,ordinary,7,full_coverage_and_all_discovered_cleared,109,3055.773554,0.022591916960664093
17,0,True,,,,,,uniform__adversarial-positive__67,uniform__adversarial-positive,10,10,10,151,0.13540900000000056,10,,,,,,,,0,,139,baseline_peer9,[],16145.026994319003,0,0.0,410.2005402,"[4, 5, 7, 8, 9, 10, 14, 15, 18, 19]",3,,67,,,10,ordinary,9,full_coverage_and_all_discovered_cleared,128,4102.005402,0.13553041697014123
12,0,True,,,,,,uniform__adversarial-positive__67,uniform__adversarial-positive,8,13,10,145,0.019417999999999935,10,778.6166859055267,1,2,5,0,0,,0,,130,baseline_co_known9,[],14346.821264144444,0,0.0,370.1364254,"[4, 5, 7, 8, 9, 10, 14, 15, 18, 19]",3,0,67,2,0,10,ordinary,9,continuous_dynamic_coverage_and_all_discovered_cleared,123,3701.364254,0.01946925005177036
11,0,True,0,0,0,0,0,uniform__adversarial-positive__67,uniform__adversarial-positive,6,15,10,161,0.02006899999999945,10,,,4,9,,,,0,0,144,task_nearest9,[],12233.17322443617,0,0.0,336.6634644,"[4, 5, 7, 8, 9, 10, 14, 15, 18, 19]",3,,67,8,0,10,ordinary,9,full_coverage_and_all_discovered_cleared,135,3366.634644,0.02007004094775766
9,0,True,0,0,0,0,0,uniform__adversarial-positive__67,uniform__adversarial-positive,6,14,10,159,0.020024999999999515,10,,,4,8,,,,0,19,143,task_two_opt9,[],13377.599778931411,0,0.0,358.8519956,"[4, 5, 7, 8, 9, 10, 14, 15, 18, 19]",3,,67,9,1,10,ordinary,9,full_coverage_and_all_discovered_cleared,136,3588.519956,0.020045416022185236
15,0,True,0,0,0,0,0,uniform__adversarial-positive__67,uniform__adversarial-positive,7,16,10,159,0.02197400000000016,10,,,3,9,,,,0,19,141,task_no_share9,[],14849.133310180765,0,0.0,387.5826662,"[4, 5, 7, 8, 9, 10, 14, 15, 18, 19]",3,,67,0,0,10,ordinary,9,full_coverage_and_all_discovered_cleared,133,3875.826662,0.022023457975592464
9,0,True,0,0,0,0,0,uniform__adversarial-positive__67,uniform__adversarial-positive,6,14,10,159,0.020062000000000246,10,,,4,8,,,,0,19,143,task_weight05_9,[],13505.787854737384,0,0.0,361.41575720000003,"[4, 5, 7, 8, 9, 10, 14, 15, 18, 19]",3,,67,9,1,10,ordinary,9,full_coverage_and_all_discovered_cleared,136,3614.157572,0.020065875025466084
9,0,True,0,0,0,0,0,uniform__adversarial-positive__67,uniform__adversarial-positive,6,14,10,159,0.020389999999999908,10,,,4,8,,,,0,19,143,task_weight1_9,[],13505.787854737384,0,0.0,361.41575720000003,"[4, 5, 7, 8, 9, 10, 14, 15, 18, 19]",3,,67,9,1,10,ordinary,9,full_coverage_and_all_discovered_cleared,136,3614.157572,0.020428000018000603
10,0,True,0,0,0,0,0,uniform__adversarial-positive__67,uniform__adversarial-positive,7,13,10,159,0.021893000000000384,10,,,3,6,,,,0,19,144,task_trial40_9,[],13406.287975945144,0,0.0,359.6257594,"[4, 5, 7, 8, 9, 10, 14, 15, 18, 19]",3,,67,9,1,10,ordinary,9,full_coverage_and_all_discovered_cleared,136,3596.257594,0.021894500008784235
10,0,True,0,0,0,0,0,uniform__adversarial-positive__67,uniform__adversarial-positive,9,15,10,139,0.020179999999999865,10,,,1,6,,,,0,17,122,task_two_opt7,[],12618.011098852454,0,0.0,331.3602219,"[4, 5, 7, 8, 9, 10, 14, 15, 18, 19]",3,,67,7,0,10,ordinary,7,full_coverage_and_all_discovered_cleared,115,3313.602219,0.020298250019550323
29,0,True,,,,,,uniform__adversarial-positive__68,uniform__adversarial-positive,15,15,15,128,0.24482299999999935,15,,,,,,,,0,,111,baseline_peer9,[],23379.82946082286,0,0.0,359.864393,"[2, 4, 5, 6, 8, 9, 11, 12, 13, 14, 15, 16, 17, 19, 20]",3,,68,,,15,ordinary,9,full_coverage_and_all_discovered_cleared,92,5397.965895,0.24683208297938108
13,0,True,,,,,,uniform__adversarial-positive__68,uniform__adversarial-positive,10,19,15,122,0.026030999999999693,15,778.6166859055267,1,5,9,0,0,,0,,101,baseline_co_known9,[],17281.675073222326,0,0.0,275.88900093333336,"[2, 4, 5, 6, 8, 9, 11, 12, 13, 14, 15, 16, 17, 19, 20]",3,0,68,10,0,15,ordinary,9,continuous_dynamic_coverage_and_all_discovered_cleared,90,4138.335014,0.026057458017021418
14,0,True,0,0,0,0,0,uniform__adversarial-positive__68,uniform__adversarial-positive,10,24,15,192,0.034447000000000116,15,,,5,14,,,,0,0,166,task_nearest9,[],12672.097862289891,0,0.0,241.49463826666667,"[2, 4, 5, 6, 8, 9, 11, 12, 13, 14, 15, 16, 17, 19, 20]",3,,68,40,0,15,ordinary,9,full_coverage_and_all_discovered_cleared,156,3622.419574,0.034476083994377404
11,0,True,0,0,0,0,0,uniform__adversarial-positive__68,uniform__adversarial-positive,12,21,15,182,0.03228699999999929,15,,,3,9,,,,0,24,159,task_two_opt9,[],12590.774573746072,0,0.0,237.2769944,"[2, 4, 5, 6, 8, 9, 11, 12, 13, 14, 15, 16, 17, 19, 20]",3,,68,35,1,15,ordinary,9,full_coverage_and_all_discovered_cleared,153,3559.154916,0.032317458011675626
18,0,True,0,0,0,0,0,uniform__adversarial-positive__68,uniform__adversarial-positive,13,24,15,158,0.028437000000000268,15,,,2,11,,,,0,24,132,task_no_share9,[],14027.205013666591,0,0.0,246.2294002,"[2, 4, 5, 6, 8, 9, 11, 12, 13, 14, 15, 16, 17, 19, 20]",3,,68,0,0,15,ordinary,9,full_coverage_and_all_discovered_cleared,126,3693.441003,0.028462541988119483
13,0,True,0,0,0,0,0,uniform__adversarial-positive__68,uniform__adversarial-positive,12,22,15,189,0.035058000000000256,15,,,3,10,,,,0,24,165,task_weight05_9,[],12798.061493600128,0,0.0,242.50748646666668,"[2, 4, 5, 6, 8, 9, 11, 12, 13, 14, 15, 16, 17, 19, 20]",3,,68,39,1,15,ordinary,9,full_coverage_and_all_discovered_cleared,157,3637.612297,0.03508720896206796
13,0,True,0,0,0,0,0,uniform__adversarial-positive__68,uniform__adversarial-positive,12,22,15,189,0.03556099999999951,15,,,3,10,,,,0,24,165,task_weight1_9,[],12794.155146746083,0,0.0,242.45540186666668,"[2, 4, 5, 6, 8, 9, 11, 12, 13, 14, 15, 16, 17, 19, 20]",3,,68,39,1,15,ordinary,9,full_coverage_and_all_discovered_cleared,157,3636.831028,0.03560687502613291
11,0,True,0,0,0,0,0,uniform__adversarial-positive__68,uniform__adversarial-positive,12,20,15,181,0.03281199999999984,15,,,3,8,,,,0,24,159,task_trial40_9,[],12601.699744047399,0,0.0,237.22266326666667,"[2, 4, 5, 6, 8, 9, 11, 12, 13, 14, 15, 16, 17, 19, 20]",3,,68,35,1,15,ordinary,9,full_coverage_and_all_discovered_cleared,153,3558.339949,0.032823166984599084
11,0,True,0,0,0,0,0,uniform__adversarial-positive__68,uniform__adversarial-positive,14,21,15,164,0.032237999999999545,15,,,1,7,,,,0,22,141,task_two_opt7,[],12707.008697597137,0,0.0,231.36011599999998,"[2, 4, 5, 6, 8, 9, 11, 12, 13, 14, 15, 16, 17, 19, 20]",3,,68,37,0,15,ordinary,7,full_coverage_and_all_discovered_cleared,131,3470.40174,0.0322688749874942
28,0,True,,,,,,uniform__adversarial-positive__69,uniform__adversarial-positive,15,15,15,133,0.22715200000000024,15,,,,,,,,0,,116,baseline_peer9,[],22913.32098419051,0,0.0,355.91094653333334,"[2, 3, 4, 5, 6, 7, 8, 9, 10, 11, 12, 13, 14, 16, 18]",3,,69,,,15,ordinary,9,full_coverage_and_all_discovered_cleared,101,5338.664198,0.2282695840112865
18,0,True,,,,,,uniform__adversarial-positive__69,uniform__adversarial-positive,10,20,15,130,0.0264249999999997,15,778.6166859055267,1,5,10,0,0,,0,,108,baseline_co_known9,[],17978.49733347894,0,0.0,288.51329766666663,"[2, 3, 4, 5, 6, 7, 8, 9, 10, 11, 12, 13, 14, 16, 18]",3,0,69,3,0,15,ordinary,9,continuous_dynamic_coverage_and_all_discovered_cleared,102,4327.699465,0.026424459007102996
11,0,True,0,0,0,0,0,uniform__adversarial-positive__69,uniform__adversarial-positive,10,20,15,174,0.028852999999999795,15,,,5,10,,,,0,0,152,task_nearest9,[],14545.65123271292,0,0.0,260.27534959999997,"[2, 3, 4, 5, 6, 7, 8, 9, 10, 11, 12, 13, 14, 16, 18]",3,,69,35,3,15,ordinary,9,full_coverage_and_all_discovered_cleared,145,3904.130244,0.028874041978269815
13,0,True,0,0,0,0,0,uniform__adversarial-positive__69,uniform__adversarial-positive,11,20,15,169,0.03433999999999937,15,,,4,9,,,,0,24,147,task_two_opt9,[],14359.901111787985,0,0.0,255.79868146666666,"[2, 3, 4, 5, 6, 7, 8, 9, 10, 11, 12, 13, 14, 16, 18]",3,,69,25,0,15,ordinary,9,full_coverage_and_all_discovered_cleared,140,3836.980222,0.03437237499747425
16,0,True,0,0,0,0,0,uniform__adversarial-positive__69,uniform__adversarial-positive,10,20,15,147,0.02706199999999992,15,,,5,10,,,,0,24,125,task_no_share9,[],15701.169697210871,0,0.0,265.08226260000004,"[2, 3, 4, 5, 6, 7, 8, 9, 10, 11, 12, 13, 14, 16, 18]",3,,69,0,0,15,ordinary,9,full_coverage_and_all_discovered_cleared,121,3976.233939,0.027088832983281463
13,0,True,0,0,0,0,0,uniform__adversarial-positive__69,uniform__adversarial-positive,10,20,15,169,0.03419399999999939,15,,,5,10,,,,0,24,147,task_weight05_9,[],14254.596342401346,0,0.0,254.39461786666666,"[2, 3, 4, 5, 6, 7, 8, 9, 10, 11, 12, 13, 14, 16, 18]",3,,69,25,0,15,ordinary,9,full_coverage_and_all_discovered_cleared,140,3815.919268,0.034242541005369276
15,0,True,0,0,0,0,0,uniform__adversarial-positive__69,uniform__adversarial-positive,10,22,15,174,0.035645999999999844,15,,,5,12,,,,0,24,150,task_weight1_9,[],14386.621116744333,0,0.0,257.5549482,"[2, 3, 4, 5, 6, 7, 8, 9, 10, 11, 12, 13, 14, 16, 18]",3,,69,26,0,15,ordinary,9,full_coverage_and_all_discovered_cleared,140,3863.324223,0.035665375005919486
15,0,True,0,0,0,0,0,uniform__adversarial-positive__69,uniform__adversarial-positive,13,20,15,173,0.03670699999999982,15,,,2,7,,,,0,24,151,task_trial40_9,[],14424.150330312936,0,0.0,258.1220042666667,"[2, 3, 4, 5, 6, 7, 8, 9, 10, 11, 12, 13, 14, 16, 18]",3,,69,27,0,15,ordinary,9,full_coverage_and_all_discovered_cleared,142,3871.830064,0.0367441670387052
10,0,True,0,0,0,0,0,uniform__adversarial-positive__69,uniform__adversarial-positive,9,19,15,153,0.029168000000000305,15,,,6,10,,,,0,22,132,task_two_opt7,[],13112.311275903154,0,0.0,232.830817,"[2, 3, 4, 5, 6, 7, 8, 9, 10, 11, 12, 13, 14, 16, 18]",3,,69,26,6,15,ordinary,7,full_coverage_and_all_discovered_cleared,123,3492.462255,0.029181124991737306
15,0,True,,,,,,uniform__adversarial-positive__70,uniform__adversarial-positive,10,10,10,145,0.12116799999999994,10,,,,,,,,0,,133,baseline_peer9,[],18734.766171846764,0,0.0,458.49532339999996,"[2, 3, 5, 10, 11, 13, 15, 16, 19, 20]",3,,70,,,10,ordinary,9,full_coverage_and_all_discovered_cleared,123,4584.953234,0.1213304580305703
11,0,True,,,,,,uniform__adversarial-positive__70,uniform__adversarial-positive,8,13,10,148,0.019139000000000017,10,778.6166859055267,1,2,5,0,0,,0,,133,baseline_co_known9,[],16617.526152027112,0,0.0,417.250523,"[2, 3, 5, 10, 11, 13, 15, 16, 19, 20]",3,0,70,3,0,10,ordinary,9,continuous_dynamic_coverage_and_all_discovered_cleared,125,4172.50523,0.01914787502028048
5,0,True,0,0,0,0,0,uniform__adversarial-positive__70,uniform__adversarial-positive,9,11,10,154,0.016966000000000037,10,,,1,2,,,,0,0,141,task_nearest9,[],12392.533425612986,0,0.0,337.2506684,"[2, 3, 5, 10, 11, 13, 15, 16, 19, 20]",3,,70,7,7,10,ordinary,9,full_coverage_and_all_discovered_cleared,136,3372.506684,0.01702291698893532
6,0,True,0,0,0,0,0,uniform__adversarial-positive__70,uniform__adversarial-positive,6,12,10,161,0.01905800000000024,10,,,4,6,,,,0,19,147,task_two_opt9,[],12731.802736666375,0,0.0,347.4360548,"[2, 3, 5, 10, 11, 13, 15, 16, 19, 20]",3,,70,10,0,10,ordinary,9,full_coverage_and_all_discovered_cleared,137,3474.360548,0.019058250007219613
13,0,True,0,0,0,0,0,uniform__adversarial-positive__70,uniform__adversarial-positive,7,15,10,160,0.019753999999999827,10,,,3,8,,,,0,19,143,task_no_share9,[],14412.61219478092,0,0.0,379.652244,"[2, 3, 5, 10, 11, 13, 15, 16, 19, 20]",3,,70,0,0,10,ordinary,9,full_coverage_and_all_discovered_cleared,134,3796.52244,0.019794125051703304
6,0,True,0,0,0,0,0,uniform__adversarial-positive__70,uniform__adversarial-positive,5,12,10,161,0.019451000000000107,10,,,5,7,,,,0,19,147,task_weight05_9,[],12688.393224291578,0,0.0,346.56786470000003,"[2, 3, 5, 10, 11, 13, 15, 16, 19, 20]",3,,70,10,0,10,ordinary,9,full_coverage_and_all_discovered_cleared,137,3465.678647,0.01950187498005107
6,0,True,0,0,0,0,0,uniform__adversarial-positive__70,uniform__adversarial-positive,6,12,10,162,0.019264999999999866,10,,,4,6,,,,0,19,148,task_weight1_9,[],12271.856826815207,0,0.0,338.73713680000003,"[2, 3, 5, 10, 11, 13, 15, 16, 19, 20]",3,,70,11,0,10,ordinary,9,full_coverage_and_all_discovered_cleared,137,3387.371368,0.01926408294821158
7,0,True,0,0,0,0,0,uniform__adversarial-positive__70,uniform__adversarial-positive,7,12,10,163,0.020067000000000057,10,,,3,5,,,,0,19,149,task_trial40_9,[],12763.399787561462,0,0.0,349.2679959,"[2, 3, 5, 10, 11, 13, 15, 16, 19, 20]",3,,70,11,0,10,ordinary,9,full_coverage_and_all_discovered_cleared,139,3492.679959,0.02010608301497996
8,0,True,0,0,0,0,0,uniform__adversarial-positive__70,uniform__adversarial-positive,8,13,10,134,0.017752999999999908,10,,,2,5,,,,0,17,119,task_two_opt7,[],11260.065709941298,0,0.0,302.10131409999997,"[2, 3, 5, 10, 11, 13, 15, 16, 19, 20]",3,,70,7,6,10,ordinary,7,full_coverage_and_all_discovered_cleared,115,3021.013141,0.017751874984242022
20,0,True,,,,,,uniform__adversarial-positive__71,uniform__adversarial-positive,12,12,12,132,0.16193499999999972,12,,,,,,,,0,,118,baseline_peer9,[],19971.464435823313,0,0.0,395.77440716666666,"[1, 2, 4, 5, 7, 9, 10, 13, 17, 18, 19, 20]",3,,71,,,12,ordinary,9,full_coverage_and_all_discovered_cleared,105,4749.292886,0.16219212498981506
15,0,True,,,,,,uniform__adversarial-positive__71,uniform__adversarial-positive,9,16,12,135,0.024248000000000047,12,778.6166859055267,1,3,7,0,0,,0,,117,baseline_co_known9,[],16072.88920357134,0,0.0,331.4648201666667,"[1, 2, 4, 5, 7, 9, 10, 13, 17, 18, 19, 20]",3,0,71,5,0,12,ordinary,9,continuous_dynamic_coverage_and_all_discovered_cleared,106,3977.577842,0.024313416972290725
8,0,True,0,0,0,0,0,uniform__adversarial-positive__71,uniform__adversarial-positive,10,17,12,172,0.026805999999999663,12,,,2,7,,,,0,0,153,task_nearest9,[],12044.238962246218,0,0.0,282.57064941666664,"[1, 2, 4, 5, 7, 9, 10, 13, 17, 18, 19, 20]",3,,71,26,0,12,ordinary,9,full_coverage_and_all_discovered_cleared,142,3390.847793,0.02687591698486358
10,0,True,0,0,0,0,0,uniform__adversarial-positive__71,uniform__adversarial-positive,10,18,12,176,0.028292000000000428,12,,,2,8,,,,0,21,156,task_two_opt9,[],12661.928437801449,0,0.0,294.36547391666664,"[1, 2, 4, 5, 7, 9, 10, 13, 17, 18, 19, 20]",3,,71,28,4,12,ordinary,9,full_coverage_and_all_discovered_cleared,142,3532.385687,0.028291208029258996
14,0,True,0,0,0,0,0,uniform__adversarial-positive__71,uniform__adversarial-positive,11,20,12,153,0.022535000000000416,12,,,1,9,,,,0,21,131,task_no_share9,[],13166.019424197444,0,0.0,291.26699033333335,"[1, 2, 4, 5, 7, 9, 10, 13, 17, 18, 19, 20]",3,,71,0,4,12,ordinary,9,full_coverage_and_all_discovered_cleared,123,3495.203884,0.022583500016480684
10,0,True,0,0,0,0,0,uniform__adversarial-positive__71,uniform__adversarial-positive,10,18,12,175,0.028245000000000076,12,,,2,8,,,,0,21,155,task_weight05_9,[],12657.055621957159,0,0.0,293.86759375,"[1, 2, 4, 5, 7, 9, 10, 13, 17, 18, 19, 20]",3,,71,27,4,12,ordinary,9,full_coverage_and_all_discovered_cleared,142,3526.411125,0.028305708954576403
11,0,True,0,0,0,0,0,uniform__adversarial-positive__71,uniform__adversarial-positive,10,19,12,177,0.029067000000000398,12,,,2,9,,,,0,21,156,task_weight1_9,[],12725.319762983578,0,0.0,295.67199608333334,"[1, 2, 4, 5, 7, 9, 10, 13, 17, 18, 19, 20]",3,,71,27,4,12,ordinary,9,full_coverage_and_all_discovered_cleared,142,3548.063953,0.029316416999790817
10,0,True,0,0,0,0,0,uniform__adversarial-positive__71,uniform__adversarial-positive,10,17,12,175,0.028833999999999804,12,,,2,7,,,,0,21,156,task_trial40_9,[],12683.450666907329,0,0.0,294.47417775,"[1, 2, 4, 5, 7, 9, 10, 13, 17, 18, 19, 20]",3,,71,28,4,12,ordinary,9,full_coverage_and_all_discovered_cleared,142,3533.690133,0.02887520898366347
8,0,True,0,0,0,0,0,uniform__adversarial-positive__71,uniform__adversarial-positive,8,16,12,150,0.0235120000000002,12,,,4,8,,,,0,19,132,task_two_opt7,[],12093.808514340271,0,0.0,272.64680849999996,"[1, 2, 4, 5, 7, 9, 10, 13, 17, 18, 19, 20]",3,,71,19,1,12,ordinary,7,full_coverage_and_all_discovered_cleared,121,3271.761702,0.02351845899829641
16,0,True,,,,,,uniform__adversarial-negative__67,uniform__adversarial-negative,10,10,10,150,0.132841,10,,,,,,,,0,,138,baseline_peer9,[],15717.801035765964,0,0.0,401.1560211,"[4, 5, 7, 8, 9, 10, 14, 15, 18, 19]",3,,67,,,10,ordinary,9,full_coverage_and_all_discovered_cleared,128,4011.560211,0.13298845797544345
12,0,True,,,,,,uniform__adversarial-negative__67,uniform__adversarial-negative,9,13,10,145,0.01919300000000046,10,778.6166859055267,1,1,4,0,0,,0,,130,baseline_co_known9,[],13542.023700394007,0,0.0,354.0404742,"[4, 5, 7, 8, 9, 10, 14, 15, 18, 19]",3,0,67,2,0,10,ordinary,9,continuous_dynamic_coverage_and_all_discovered_cleared,123,3540.404742,0.019252915983088315
10,0,True,0,0,0,0,0,uniform__adversarial-negative__67,uniform__adversarial-negative,10,16,10,160,0.01886800000000033,10,,,0,6,,,,0,0,142,task_nearest9,[],12227.5051787753,0,0.0,336.1501037,"[4, 5, 7, 8, 9, 10, 14, 15, 18, 19]",3,,67,7,13,10,ordinary,9,full_coverage_and_all_discovered_cleared,138,3361.501037,0.018919375026598573
12,0,True,0,0,0,0,0,uniform__adversarial-negative__67,uniform__adversarial-negative,10,17,10,163,0.020990999999999538,10,,,0,7,,,,0,19,144,task_two_opt9,[],12121.052586983526,0,0.0,335.321052,"[4, 5, 7, 8, 9, 10, 14, 15, 18, 19]",3,,67,6,15,10,ordinary,9,full_coverage_and_all_discovered_cleared,138,3353.21052,0.020990332996007055
13,0,True,0,0,0,0,0,uniform__adversarial-negative__67,uniform__adversarial-negative,9,16,10,170,0.022024000000000044,10,,,1,7,,,,0,19,152,task_no_share9,[],13318.810122415858,0,0.0,363.5762026,"[4, 5, 7, 8, 9, 10, 14, 15, 18, 19]",3,,67,0,2,10,ordinary,9,full_coverage_and_all_discovered_cleared,144,3635.762026,0.022065084020141512
13,0,True,0,0,0,0,0,uniform__adversarial-negative__67,uniform__adversarial-negative,10,17,10,164,0.022378999999999927,10,,,0,7,,,,0,19,145,task_weight05_9,[],12166.34363238097,0,0.0,336.7268728,"[4, 5, 7, 8, 9, 10, 14, 15, 18, 19]",3,,67,6,15,10,ordinary,9,full_coverage_and_all_discovered_cleared,138,3367.268728,0.022416333958972245
12,0,True,0,0,0,0,0,uniform__adversarial-negative__67,uniform__adversarial-negative,9,16,10,163,0.022648999999999475,10,,,1,7,,,,0,19,145,task_weight1_9,[],12152.65119045839,0,0.0,336.2530239,"[4, 5, 7, 8, 9, 10, 14, 15, 18, 19]",3,,67,7,15,10,ordinary,9,full_coverage_and_all_discovered_cleared,139,3362.530239,0.02264887496130541
11,0,True,0,0,0,0,0,uniform__adversarial-negative__67,uniform__adversarial-negative,10,12,10,158,0.023763999999999896,10,,,0,2,,,,0,19,144,task_trial40_9,[],12146.737927466163,0,0.0,334.33475880000003,"[4, 5, 7, 8, 9, 10, 14, 15, 18, 19]",3,,67,7,15,10,ordinary,9,full_coverage_and_all_discovered_cleared,138,3343.347588,0.023794042004738003
6,0,True,0,0,0,0,0,uniform__adversarial-negative__67,uniform__adversarial-negative,8,12,10,129,0.01760499999999965,10,,,2,4,,,,0,17,115,task_two_opt7,[],11166.330163258464,0,0.0,297.4266032,"[4, 5, 7, 8, 9, 10, 14, 15, 18, 19]",3,,67,6,9,10,ordinary,7,full_coverage_and_all_discovered_cleared,110,2974.266032,0.017627332999836653
27,0,True,,,,,,uniform__adversarial-negative__68,uniform__adversarial-negative,15,15,15,126,0.21889599999999998,15,,,,,,,,0,,109,baseline_peer9,[],23264.11873116139,0,0.0,357.65491653333333,"[2, 4, 5, 6, 8, 9, 11, 12, 13, 14, 15, 16, 17, 19, 20]",3,,68,,,15,ordinary,9,full_coverage_and_all_discovered_cleared,92,5364.823748,0.2195454589673318
12,0,True,,,,,,uniform__adversarial-negative__68,uniform__adversarial-negative,10,18,15,121,0.02584199999999992,15,778.6166859055267,1,5,8,0,0,,0,,101,baseline_co_known9,[],17525.27215066959,0,0.0,279.0036286,"[2, 4, 5, 6, 8, 9, 11, 12, 13, 14, 15, 16, 17, 19, 20]",3,0,68,11,0,15,ordinary,9,continuous_dynamic_coverage_and_all_discovered_cleared,91,4185.054429,0.02589187497505918
11,0,True,0,0,0,0,0,uniform__adversarial-negative__68,uniform__adversarial-negative,11,21,15,180,0.02939199999999964,15,,,4,10,,,,0,0,157,task_nearest9,[],12596.357878721488,0,0.0,236.55143826666665,"[2, 4, 5, 6, 8, 9, 11, 12, 13, 14, 15, 16, 17, 19, 20]",3,,68,34,1,15,ordinary,9,full_coverage_and_all_discovered_cleared,151,3548.271574,0.029444292013067752
11,0,True,0,0,0,0,0,uniform__adversarial-negative__68,uniform__adversarial-negative,11,21,15,180,0.030425000000000146,15,,,4,10,,,,0,24,157,task_two_opt9,[],12546.474915951369,0,0.0,235.88633213333333,"[2, 4, 5, 6, 8, 9, 11, 12, 13, 14, 15, 16, 17, 19, 20]",3,,68,34,1,15,ordinary,9,full_coverage_and_all_discovered_cleared,151,3538.294982,0.030433832958806306
17,0,True,0,0,0,0,0,uniform__adversarial-negative__68,uniform__adversarial-negative,11,23,15,155,0.027096999999999483,15,,,4,12,,,,0,24,130,task_no_share9,[],13798.788224873708,0,0.0,242.2505096666667,"[2, 4, 5, 6, 8, 9, 11, 12, 13, 14, 15, 16, 17, 19, 20]",3,,68,0,0,15,ordinary,9,full_coverage_and_all_discovered_cleared,125,3633.757645,0.02712245797738433
10,0,True,0,0,0,0,0,uniform__adversarial-negative__68,uniform__adversarial-negative,10,20,15,179,0.03060399999999941,15,,,5,10,,,,0,24,157,task_weight05_9,[],12576.237230803874,0,0.0,236.0164964,"[2, 4, 5, 6, 8, 9, 11, 12, 13, 14, 15, 16, 17, 19, 20]",3,,68,34,0,15,ordinary,9,full_coverage_and_all_discovered_cleared,150,3540.247446,0.03068641695426777
12,0,True,0,0,0,0,0,uniform__adversarial-negative__68,uniform__adversarial-negative,9,21,15,186,0.034106999999999665,15,,,6,12,,,,0,24,163,task_weight1_9,[],12529.933056745265,0,0.0,237.9324406,"[2, 4, 5, 6, 8, 9, 11, 12, 13, 14, 15, 16, 17, 19, 20]",3,,68,38,0,15,ordinary,9,full_coverage_and_all_discovered_cleared,155,3568.986609,0.03418499999679625
12,0,True,0,0,0,0,0,uniform__adversarial-negative__68,uniform__adversarial-negative,12,21,15,181,0.03154399999999935,15,,,3,9,,,,0,24,158,task_trial40_9,[],12577.770932367155,0,0.0,236.77027893333334,"[2, 4, 5, 6, 8, 9, 11, 12, 13, 14, 15, 16, 17, 19, 20]",3,,68,34,1,15,ordinary,9,full_coverage_and_all_discovered_cleared,153,3551.554184,0.03160545905120671
11,0,True,0,0,0,0,0,uniform__adversarial-negative__68,uniform__adversarial-negative,11,22,15,157,0.03019000000000016,15,,,4,11,,,,0,22,133,task_two_opt7,[],11354.09482424925,0,0.0,210.4545976,"[2, 4, 5, 6, 8, 9, 11, 12, 13, 14, 15, 16, 17, 19, 20]",3,,68,33,0,15,ordinary,7,full_coverage_and_all_discovered_cleared,125,3156.818964,0.03023441700497642
27,0,True,,,,,,uniform__adversarial-negative__69,uniform__adversarial-negative,15,15,15,132,0.2176020000000003,15,,,,,,,,0,,115,baseline_peer9,[],23354.999835465977,0,0.0,361.4666644,"[2, 3, 4, 5, 6, 7, 8, 9, 10, 11, 12, 13, 14, 16, 18]",3,,69,,,15,ordinary,9,full_coverage_and_all_discovered_cleared,101,5421.999966,0.21813662501517683
20,0,True,,,,,,uniform__adversarial-negative__69,uniform__adversarial-negative,11,23,15,142,0.027346000000000537,15,778.6166859055267,1,4,12,0,0,,0,,117,baseline_co_known9,[],18286.08404772476,0,0.0,296.7477874,"[2, 3, 4, 5, 6, 7, 8, 9, 10, 11, 12, 13, 14, 16, 18]",3,0,69,3,0,15,ordinary,9,continuous_dynamic_coverage_and_all_discovered_cleared,110,4451.216811,0.02734666597098112
12,0,True,0,0,0,0,0,uniform__adversarial-negative__69,uniform__adversarial-negative,13,20,15,170,0.030057999999999474,15,,,2,7,,,,0,0,148,task_nearest9,[],14055.452707330727,0,0.0,251.7393696,"[2, 3, 4, 5, 6, 7, 8, 9, 10, 11, 12, 13, 14, 16, 18]",3,,69,25,3,15,ordinary,9,full_coverage_and_all_discovered_cleared,135,3776.090544,0.030180124973412603
11,0,True,0,0,0,0,0,uniform__adversarial-negative__69,uniform__adversarial-negative,13,19,15,170,0.03209500000000087,15,,,2,6,,,,0,24,149,task_two_opt9,[],14324.545186341464,0,0.0,255.3272692,"[2, 3, 4, 5, 6, 7, 8, 9, 10, 11, 12, 13, 14, 16, 18]",3,,69,29,5,15,ordinary,9,full_coverage_and_all_discovered_cleared,133,3829.909038,0.03211858402937651
17,0,True,0,0,0,0,0,uniform__adversarial-negative__69,uniform__adversarial-negative,13,21,15,152,0.028245999999999327,15,,,2,8,,,,0,24,129,task_no_share9,[],15170.074483633663,0,0.0,259.80099333333334,"[2, 3, 4, 5, 6, 7, 8, 9, 10, 11, 12, 13, 14, 16, 18]",3,,69,0,2,15,ordinary,9,full_coverage_and_all_discovered_cleared,125,3897.0149,0.028312500042375177
11,0,True,0,0,0,0,0,uniform__adversarial-negative__69,uniform__adversarial-negative,12,19,15,169,0.03187500000000032,15,,,3,7,,,,0,24,148,task_weight05_9,[],14234.392411662655,0,0.0,253.7918988,"[2, 3, 4, 5, 6, 7, 8, 9, 10, 11, 12, 13, 14, 16, 18]",3,,69,28,5,15,ordinary,9,full_coverage_and_all_discovered_cleared,133,3806.878482,0.03193329100031406
12,0,True,0,0,0,0,0,uniform__adversarial-negative__69,uniform__adversarial-negative,10,20,15,173,0.03299000000000074,15,,,5,10,,,,0,24,151,task_weight1_9,[],14095.836986376045,0,0.0,253.41115986666668,"[2, 3, 4, 5, 6, 7, 8, 9, 10, 11, 12, 13, 14, 16, 18]",3,,69,30,5,15,ordinary,9,full_coverage_and_all_discovered_cleared,137,3801.167398,0.03303391701774672
11,0,True,0,0,0,0,0,uniform__adversarial-negative__69,uniform__adversarial-negative,13,18,15,169,0.03292599999999979,15,,,2,5,,,,0,24,149,task_trial40_9,[],14329.841566114712,0,0.0,255.1978876,"[2, 3, 4, 5, 6, 7, 8, 9, 10, 11, 12, 13, 14, 16, 18]",3,,69,29,5,15,ordinary,9,full_coverage_and_all_discovered_cleared,133,3827.968314,0.03299220802728087
9,0,True,0,0,0,0,0,uniform__adversarial-negative__69,uniform__adversarial-negative,9,19,15,141,0.02879200000000015,15,,,6,10,,,,0,22,120,task_two_opt7,[],12915.020752974062,0,0.0,225.33360993333332,"[2, 3, 4, 5, 6, 7, 8, 9, 10, 11, 12, 13, 14, 16, 18]",3,,69,23,9,15,ordinary,7,full_coverage_and_all_discovered_cleared,110,3380.004149,0.028897125041112304
15,0,True,,,,,,uniform__adversarial-negative__70,uniform__adversarial-negative,10,10,10,145,0.11565799999999982,10,,,,,,,,0,,133,baseline_peer9,[],18315.568670414505,0,0.0,450.1113735,"[2, 3, 5, 10, 11, 13, 15, 16, 19, 20]",3,,70,,,10,ordinary,9,full_coverage_and_all_discovered_cleared,123,4501.113735,0.11584675003541633
11,0,True,,,,,,uniform__adversarial-negative__70,uniform__adversarial-negative,9,12,10,146,0.01965200000000067,10,778.6166859055267,1,1,3,0,0,,0,,132,baseline_co_known9,[],14790.022585936631,0,0.0,380.0004517,"[2, 3, 5, 10, 11, 13, 15, 16, 19, 20]",3,0,70,3,0,10,ordinary,9,continuous_dynamic_coverage_and_all_discovered_cleared,126,3800.004517,0.01967595802852884
7,0,True,0,0,0,0,0,uniform__adversarial-negative__70,uniform__adversarial-negative,7,12,10,163,0.019509999999999472,10,,,3,5,,,,0,0,149,task_nearest9,[],12843.864653459736,0,0.0,350.8772932,"[2, 3, 5, 10, 11, 13, 15, 16, 19, 20]",3,,70,11,0,10,ordinary,9,full_coverage_and_all_discovered_cleared,139,3508.772932,0.019509833015035838
8,0,True,0,0,0,0,0,uniform__adversarial-negative__70,uniform__adversarial-negative,8,12,10,163,0.020921999999999663,10,,,2,4,,,,0,19,149,task_two_opt9,[],12877.37171223775,0,0.0,351.54743429999996,"[2, 3, 5, 10, 11, 13, 15, 16, 19, 20]",3,,70,11,0,10,ordinary,9,full_coverage_and_all_discovered_cleared,139,3515.474343,0.02093404100742191
14,0,True,0,0,0,0,0,uniform__adversarial-negative__70,uniform__adversarial-negative,8,15,10,161,0.020818999999999477,10,,,2,7,,,,0,19,144,task_no_share9,[],13879.994173934716,0,0.0,369.4998835,"[2, 3, 5, 10, 11, 13, 15, 16, 19, 20]",3,,70,0,0,10,ordinary,9,full_coverage_and_all_discovered_cleared,134,3694.998835,0.020863666955847293
6,0,True,0,0,0,0,0,uniform__adversarial-negative__70,uniform__adversarial-negative,5,11,10,160,0.01964699999999997,10,,,5,6,,,,0,19,147,task_weight05_9,[],12429.605784511285,0,0.0,341.0921158,"[2, 3, 5, 10, 11, 13, 15, 16, 19, 20]",3,,70,10,0,10,ordinary,9,full_coverage_and_all_discovered_cleared,137,3410.921158,0.01964675000635907
6,0,True,0,0,0,0,0,uniform__adversarial-negative__70,uniform__adversarial-negative,5,11,10,160,0.019212999999999703,10,,,5,6,,,,0,19,147,task_weight1_9,[],12429.605784511285,0,0.0,341.0921158,"[2, 3, 5, 10, 11, 13, 15, 16, 19, 20]",3,,70,10,0,10,ordinary,9,full_coverage_and_all_discovered_cleared,137,3410.921158,0.019257042033132166
8,0,True,0,0,0,0,0,uniform__adversarial-negative__70,uniform__adversarial-negative,8,12,10,163,0.020344000000000584,10,,,2,4,,,,0,19,149,task_trial40_9,[],12877.37171223775,0,0.0,351.54743429999996,"[2, 3, 5, 10, 11, 13, 15, 16, 19, 20]",3,,70,11,0,10,ordinary,9,full_coverage_and_all_discovered_cleared,139,3515.474343,0.020351124985609204
7,0,True,0,0,0,0,0,uniform__adversarial-negative__70,uniform__adversarial-negative,7,11,10,139,0.018688000000000038,10,,,3,4,,,,0,17,126,task_two_opt7,[],11235.00349562528,0,0.0,305.0000699,"[2, 3, 5, 10, 11, 13, 15, 16, 19, 20]",3,,70,9,0,10,ordinary,7,full_coverage_and_all_discovered_cleared,120,3050.000699,0.01868841698160395
21,0,True,,,,,,uniform__adversarial-negative__71,uniform__adversarial-negative,12,12,12,133,0.17193599999999964,12,,,,,,,,0,,119,baseline_peer9,[],21398.70890202885,0,0.0,419.89514825,"[1, 2, 4, 5, 7, 9, 10, 13, 17, 18, 19, 20]",3,,71,,,12,ordinary,9,full_coverage_and_all_discovered_cleared,104,5038.741779,0.1721924589946866
14,0,True,,,,,,uniform__adversarial-negative__71,uniform__adversarial-negative,9,16,12,135,0.024036999999999864,12,778.6166859055267,1,3,7,0,0,,0,,117,baseline_co_known9,[],17960.14328592972,0,0.0,362.9190546666667,"[1, 2, 4, 5, 7, 9, 10, 13, 17, 18, 19, 20]",3,0,71,6,0,12,ordinary,9,continuous_dynamic_coverage_and_all_discovered_cleared,106,4355.028656,0.02407170896185562
12,0,True,0,0,0,0,0,uniform__adversarial-negative__71,uniform__adversarial-negative,11,18,12,170,0.025889000000000273,12,,,1,7,,,,0,0,150,task_nearest9,[],13548.406166381437,0,0.0,306.5567693333333,"[1, 2, 4, 5, 7, 9, 10, 13, 17, 18, 19, 20]",3,,71,21,3,12,ordinary,9,full_coverage_and_all_discovered_cleared,141,3678.681232,0.02592124999500811
11,0,True,0,0,0,0,0,uniform__adversarial-negative__71,uniform__adversarial-negative,12,17,12,169,0.028108000000000466,12,,,0,5,,,,0,21,150,task_two_opt9,[],13535.53129440121,0,0.0,306.0088549166667,"[1, 2, 4, 5, 7, 9, 10, 13, 17, 18, 19, 20]",3,,71,17,3,12,ordinary,9,full_coverage_and_all_discovered_cleared,140,3672.106259,0.0281237909803167
15,0,True,0,0,0,0,0,uniform__adversarial-negative__71,uniform__adversarial-negative,12,20,12,158,0.025108999999999604,12,,,0,8,,,,0,21,136,task_no_share9,[],13364.995934985789,0,0.0,296.99993208333336,"[1, 2, 4, 5, 7, 9, 10, 13, 17, 18, 19, 20]",3,,71,0,0,12,ordinary,9,full_coverage_and_all_discovered_cleared,127,3563.999185,0.02513345895567909
10,0,True,0,0,0,0,0,uniform__adversarial-negative__71,uniform__adversarial-negative,11,16,12,168,0.028194000000000052,12,,,1,5,,,,0,21,150,task_weight05_9,[],13608.702831332479,0,0.0,306.89504708333334,"[1, 2, 4, 5, 7, 9, 10, 13, 17, 18, 19, 20]",3,,71,17,2,12,ordinary,9,full_coverage_and_all_discovered_cleared,139,3682.740565,0.028211417025886476
13,0,True,0,0,0,0,0,uniform__adversarial-negative__71,uniform__adversarial-negative,10,17,12,177,0.031169000000000224,12,,,2,7,,,,0,21,158,task_weight1_9,[],13450.804836152776,0,0.0,308.51341391666665,"[1, 2, 4, 5, 7, 9, 10, 13, 17, 18, 19, 20]",3,,71,22,2,12,ordinary,9,full_coverage_and_all_discovered_cleared,147,3702.160967,0.031206541985739022
12,0,True,0,0,0,0,0,uniform__adversarial-negative__71,uniform__adversarial-negative,12,16,12,169,0.0295519999999998,12,,,0,4,,,,0,21,151,task_trial40_9,[],13587.535428912273,0,0.0,307.0422571666667,"[1, 2, 4, 5, 7, 9, 10, 13, 17, 18, 19, 20]",3,,71,17,3,12,ordinary,9,full_coverage_and_all_discovered_cleared,140,3684.507086,0.02962995896814391
6,0,True,0,0,0,0,0,uniform__adversarial-negative__71,uniform__adversarial-negative,9,14,12,136,0.02398900000000026,12,,,3,5,,,,0,19,120,task_two_opt7,[],11493.362723873304,0,0.0,256.0560455,"[1, 2, 4, 5, 7, 9, 10, 13, 17, 18, 19, 20]",3,,71,24,3,12,ordinary,7,full_coverage_and_all_discovered_cleared,108,3072.672546,0.024021124991122633
16,0,True,,,,,,uniform__adversarial-spatial__67,uniform__adversarial-spatial,10,10,10,150,0.12812999999999963,10,,,,,,,,0,,138,baseline_peer9,[],16524.485565747826,0,0.0,417.28971140000004,"[4, 5, 7, 8, 9, 10, 14, 15, 18, 19]",3,,67,,,10,ordinary,9,full_coverage_and_all_discovered_cleared,128,4172.897114,0.12822708301246166
13,0,True,,,,,,uniform__adversarial-spatial__67,uniform__adversarial-spatial,8,13,10,147,0.02118199999999959,10,778.6166859055267,1,2,5,0,0,,0,,132,baseline_co_known9,[],14544.447019605424,0,0.0,375.0889406,"[4, 5, 7, 8, 9, 10, 14, 15, 18, 19]",3,0,67,3,0,10,ordinary,9,continuous_dynamic_coverage_and_all_discovered_cleared,123,3750.889406,0.021219208952970803
13,0,True,0,0,0,0,0,uniform__adversarial-spatial__67,uniform__adversarial-spatial,8,15,10,163,0.022540999999999478,10,,,2,7,,,,0,0,146,task_nearest9,[],12570.04888292861,0,0.0,344.5009778,"[4, 5, 7, 8, 9, 10, 14, 15, 18, 19]",3,,67,9,1,10,ordinary,9,full_coverage_and_all_discovered_cleared,136,3445.009778,0.022569541994016618
11,0,True,0,0,0,0,0,uniform__adversarial-spatial__67,uniform__adversarial-spatial,9,14,10,160,0.022426999999998642,10,,,1,5,,,,0,19,144,task_two_opt9,[],13565.896250753398,0,0.0,363.117925,"[4, 5, 7, 8, 9, 10, 14, 15, 18, 19]",3,,67,8,1,10,ordinary,9,full_coverage_and_all_discovered_cleared,136,3631.17925,0.022448625008109957
15,0,True,0,0,0,0,0,uniform__adversarial-spatial__67,uniform__adversarial-spatial,8,14,10,158,0.023780000000000356,10,,,2,6,,,,0,19,142,task_no_share9,[],16014.491903624963,0,0.0,410.5898381,"[4, 5, 7, 8, 9, 10, 14, 15, 18, 19]",3,,67,0,5,10,ordinary,9,full_coverage_and_all_discovered_cleared,131,4105.898381,0.02378716698149219
12,0,True,0,0,0,0,0,uniform__adversarial-spatial__67,uniform__adversarial-spatial,8,17,10,164,0.023370999999999142,10,,,1,6,,,,0,19,145,task_weight05_9,[],13704.073345897606,2,12.298212469629508,367.281467,"[4, 5, 7, 8, 9, 10, 14, 15, 18, 19]",3,,67,8,1,10,ordinary,9,full_coverage_and_all_discovered_cleared,136,3672.81467,0.023397833050694317
12,0,True,0,0,0,0,0,uniform__adversarial-spatial__67,uniform__adversarial-spatial,8,17,10,164,0.023441000000000045,10,,,1,6,,,,0,19,145,task_weight1_9,[],13704.073345897606,2,12.298212469629508,367.281467,"[4, 5, 7, 8, 9, 10, 14, 15, 18, 19]",3,,67,8,1,10,ordinary,9,full_coverage_and_all_discovered_cleared,136,3672.81467,0.02349408296868205
10,0,True,0,0,0,0,0,uniform__adversarial-spatial__67,uniform__adversarial-spatial,9,13,10,158,0.021891000000000105,10,,,1,4,,,,0,19,143,task_trial40_9,[],13503.889211262827,0,0.0,360.9777844,"[4, 5, 7, 8, 9, 10, 14, 15, 18, 19]",3,,67,8,1,10,ordinary,9,full_coverage_and_all_discovered_cleared,135,3609.777844,0.02189124998403713
8,0,True,0,0,0,0,0,uniform__adversarial-spatial__67,uniform__adversarial-spatial,7,12,10,135,0.020157999999998566,10,,,3,5,,,,0,17,121,task_two_opt7,[],12696.952807394133,0,0.0,331.53905599999996,"[4, 5, 7, 8, 9, 10, 14, 15, 18, 19]",3,,67,8,0,10,ordinary,7,full_coverage_and_all_discovered_cleared,115,3315.39056,0.02016979199834168
28,0,True,,,,,,uniform__adversarial-spatial__68,uniform__adversarial-spatial,15,15,15,127,0.23045699999999947,15,,,,,,,,0,,110,baseline_peer9,[],23262.158354482406,0,0.0,357.9621113333333,"[2, 4, 5, 6, 8, 9, 11, 12, 13, 14, 15, 16, 17, 19, 20]",3,,68,,,15,ordinary,9,full_coverage_and_all_discovered_cleared,92,5369.43167,0.2335575000033714
16,0,True,,,,,,uniform__adversarial-spatial__68,uniform__adversarial-spatial,14,22,15,130,0.028874999999999318,15,778.6166859055267,1,1,8,0,0,,0,,106,baseline_co_known9,[],17347.239208521205,0,0.0,279.36318946666665,"[2, 4, 5, 6, 8, 9, 11, 12, 13, 14, 15, 16, 17, 19, 20]",3,0,68,12,0,15,ordinary,9,continuous_dynamic_coverage_and_all_discovered_cleared,95,4190.447842,0.02894591703079641
13,0,True,0,0,0,0,0,uniform__adversarial-spatial__68,uniform__adversarial-spatial,13,23,15,190,0.03198300000000032,15,,,2,10,,,,0,0,165,task_nearest9,[],12507.499358973206,0,0.0,238.76665813333332,"[2, 4, 5, 6, 8, 9, 11, 12, 13, 14, 15, 16, 17, 19, 20]",3,,68,40,0,15,ordinary,9,full_coverage_and_all_discovered_cleared,156,3581.499872,0.03201554203405976
13,0,True,0,0,0,0,0,uniform__adversarial-spatial__68,uniform__adversarial-spatial,15,22,15,186,0.032866999999999535,15,,,0,7,,,,0,24,162,task_two_opt9,[],12544.212689402337,0,0.0,238.05616933333334,"[2, 4, 5, 6, 8, 9, 11, 12, 13, 14, 15, 16, 17, 19, 20]",3,,68,37,2,15,ordinary,9,full_coverage_and_all_discovered_cleared,156,3570.84254,0.03289316699374467
23,0,True,0,0,0,0,0,uniform__adversarial-spatial__68,uniform__adversarial-spatial,15,27,15,165,0.03155600000000014,15,,,0,12,,,,0,24,136,task_no_share9,[],13976.379653338343,0,0.0,247.48506206666667,"[2, 4, 5, 6, 8, 9, 11, 12, 13, 14, 15, 16, 17, 19, 20]",3,,68,0,0,15,ordinary,9,full_coverage_and_all_discovered_cleared,126,3712.275931,0.03160041698720306
12,0,True,0,0,0,0,0,uniform__adversarial-spatial__68,uniform__adversarial-spatial,15,21,15,187,0.0330470000000016,15,,,0,6,,,,0,24,164,task_weight05_9,[],12673.065713365628,0,0.0,240.107543,"[2, 4, 5, 6, 8, 9, 11, 12, 13, 14, 15, 16, 17, 19, 20]",3,,68,41,3,15,ordinary,9,full_coverage_and_all_discovered_cleared,154,3601.613145,0.033081208006478846
12,0,True,0,0,0,0,0,uniform__adversarial-spatial__68,uniform__adversarial-spatial,15,21,15,186,0.03249400000000158,15,,,0,6,,,,0,24,163,task_weight1_9,[],12707.691240481621,0,0.0,240.0358834,"[2, 4, 5, 6, 8, 9, 11, 12, 13, 14, 15, 16, 17, 19, 20]",3,,68,40,3,15,ordinary,9,full_coverage_and_all_discovered_cleared,151,3600.538251,0.032532625016756356
12,0,True,0,0,0,0,0,uniform__adversarial-spatial__68,uniform__adversarial-spatial,15,21,15,184,0.032576999999999856,15,,,0,6,,,,0,24,161,task_trial40_9,[],12530.22703622248,0,0.0,237.26969386666667,"[2, 4, 5, 6, 8, 9, 11, 12, 13, 14, 15, 16, 17, 19, 20]",3,,68,37,2,15,ordinary,9,full_coverage_and_all_discovered_cleared,155,3559.045408,0.03259558300487697
12,0,True,0,0,0,0,0,uniform__adversarial-spatial__68,uniform__adversarial-spatial,14,21,15,161,0.0310549999999985,15,,,1,7,,,,0,22,138,task_two_opt7,[],12786.503604609468,0,0.0,231.22004786666668,"[2, 4, 5, 6, 8, 9, 11, 12, 13, 14, 15, 16, 17, 19, 20]",3,,68,35,2,15,ordinary,7,full_coverage_and_all_discovered_cleared,128,3468.300718,0.031106916023418307
28,0,True,,,,,,uniform__adversarial-spatial__69,uniform__adversarial-spatial,15,15,15,133,0.2323789999999999,15,,,,,,,,0,,116,baseline_peer9,[],23117.576853320854,0,0.0,358.6343578666667,"[2, 3, 4, 5, 6, 7, 8, 9, 10, 11, 12, 13, 14, 16, 18]",3,,69,,,15,ordinary,9,full_coverage_and_all_discovered_cleared,101,5379.515368,0.23272100003669038
23,0,True,,,,,,uniform__adversarial-spatial__69,uniform__adversarial-spatial,13,24,15,140,0.030058999999999614,15,778.6166859055267,1,2,11,0,0,,0,,114,baseline_co_known9,[],17987.26271854737,0,0.0,291.49683626666666,"[2, 3, 4, 5, 6, 7, 8, 9, 10, 11, 12, 13, 14, 16, 18]",3,0,69,4,0,15,ordinary,9,continuous_dynamic_coverage_and_all_discovered_cleared,103,4372.452544,0.030075291986577213
12,0,True,0,0,0,0,0,uniform__adversarial-spatial__69,uniform__adversarial-spatial,13,20,15,170,0.028511999999999205,15,,,2,7,,,,0,0,148,task_nearest9,[],16326.917664370641,0,0.0,282.2255689333333,"[2, 3, 4, 5, 6, 7, 8, 9, 10, 11, 12, 13, 14, 16, 18]",3,,69,27,5,15,ordinary,9,full_coverage_and_all_discovered_cleared,138,4233.383534,0.02867704100208357
15,0,True,0,0,0,0,0,uniform__adversarial-spatial__69,uniform__adversarial-spatial,13,20,15,175,0.03252400000000044,15,,,2,7,,,,0,24,153,task_two_opt9,[],14802.376513123865,0,0.0,263.83168673333336,"[2, 3, 4, 5, 6, 7, 8, 9, 10, 11, 12, 13, 14, 16, 18]",3,,69,30,1,15,ordinary,9,full_coverage_and_all_discovered_cleared,142,3957.475301,0.032576375000644475
20,0,True,0,0,0,0,0,uniform__adversarial-spatial__69,uniform__adversarial-spatial,12,21,15,152,0.031068000000001206,15,,,3,9,,,,0,24,129,task_no_share9,[],16074.211167505815,0,0.0,271.52281566666665,"[2, 3, 4, 5, 6, 7, 8, 9, 10, 11, 12, 13, 14, 16, 18]",3,,69,0,0,15,ordinary,9,full_coverage_and_all_discovered_cleared,120,4072.842235,0.031190832960419357
16,0,True,0,0,0,0,0,uniform__adversarial-spatial__69,uniform__adversarial-spatial,13,21,15,177,0.03306299999999851,15,,,2,8,,,,0,24,154,task_weight05_9,[],14732.97061987479,0,0.0,263.4396082,"[2, 3, 4, 5, 6, 7, 8, 9, 10, 11, 12, 13, 14, 16, 18]",3,,69,30,1,15,ordinary,9,full_coverage_and_all_discovered_cleared,142,3951.594123,0.033146040979772806
17,0,True,0,0,0,0,0,uniform__adversarial-spatial__69,uniform__adversarial-spatial,12,22,15,179,0.03336999999999968,15,,,3,10,,,,0,24,155,task_weight1_9,[],14471.159872179374,0,0.0,260.68213146666665,"[2, 3, 4, 5, 6, 7, 8, 9, 10, 11, 12, 13, 14, 16, 18]",3,,69,31,2,15,ordinary,9,full_coverage_and_all_discovered_cleared,145,3910.231972,0.033472292008809745
13,0,True,0,0,0,0,0,uniform__adversarial-spatial__69,uniform__adversarial-spatial,13,18,15,171,0.031148999999999205,15,,,2,5,,,,0,24,151,task_trial40_9,[],14732.23928193105,0,0.0,261.82985693333336,"[2, 3, 4, 5, 6, 7, 8, 9, 10, 11, 12, 13, 14, 16, 18]",3,,69,30,1,15,ordinary,9,full_coverage_and_all_discovered_cleared,142,3927.447854,0.031229707994498312
12,0,True,0,0,0,0,0,uniform__adversarial-spatial__69,uniform__adversarial-spatial,13,21,15,152,0.028674999999999784,15,,,2,8,,,,0,22,129,task_two_opt7,[],13153.805846464904,0,0.0,232.51741140000001,"[2, 3, 4, 5, 6, 7, 8, 9, 10, 11, 12, 13, 14, 16, 18]",3,,69,25,10,15,ordinary,7,full_coverage_and_all_discovered_cleared,119,3487.761171,0.02880420902511105
16,0,True,,,,,,uniform__adversarial-spatial__70,uniform__adversarial-spatial,10,10,10,146,0.131749000000001,10,,,,,,,,0,,134,baseline_peer9,[],17687.774834541982,0,0.0,437.9554967,"[2, 3, 5, 10, 11, 13, 15, 16, 19, 20]",3,,70,,,10,ordinary,9,full_coverage_and_all_discovered_cleared,122,4379.554967,0.13230604102136567
10,0,True,,,,,,uniform__adversarial-spatial__70,uniform__adversarial-spatial,8,12,10,145,0.018978000000000605,10,778.6166859055267,1,2,4,0,0,,0,,131,baseline_co_known9,[],14551.542967601019,0,0.0,374.5308596,"[2, 3, 5, 10, 11, 13, 15, 16, 19, 20]",3,0,70,3,0,10,ordinary,9,continuous_dynamic_coverage_and_all_discovered_cleared,124,3745.308596,0.019103083992376924
7,0,True,0,0,0,0,0,uniform__adversarial-spatial__70,uniform__adversarial-spatial,9,13,10,166,0.018981999999999388,10,,,1,4,,,,0,0,151,task_nearest9,[],12932.591731471479,0,0.0,354.1518347,"[2, 3, 5, 10, 11, 13, 15, 16, 19, 20]",3,,70,11,2,10,ordinary,9,full_coverage_and_all_discovered_cleared,141,3541.518347,0.01914483297150582
8,0,True,0,0,0,0,0,uniform__adversarial-spatial__70,uniform__adversarial-spatial,8,13,10,160,0.020047000000001702,10,,,2,5,,,,0,19,145,task_two_opt9,[],13103.287819230894,0,0.0,354.0657566,"[2, 3, 5, 10, 11, 13, 15, 16, 19, 20]",3,,70,5,7,10,ordinary,9,full_coverage_and_all_discovered_cleared,136,3540.657566,0.020117125008255243
12,0,True,0,0,0,0,0,uniform__adversarial-spatial__70,uniform__adversarial-spatial,8,16,10,164,0.019989999999999952,10,,,2,8,,,,0,19,146,task_no_share9,[],13467.536822676226,0,0.0,362.7507366,"[2, 3, 5, 10, 11, 13, 15, 16, 19, 20]",3,,70,0,0,10,ordinary,9,full_coverage_and_all_discovered_cleared,136,3627.507366,0.019989749998785555
8,0,True,0,0,0,0,0,uniform__adversarial-spatial__70,uniform__adversarial-spatial,8,13,10,160,0.02007499999999851,10,,,2,5,,,,0,19,145,task_weight05_9,[],13103.287819230894,0,0.0,354.0657566,"[2, 3, 5, 10, 11, 13, 15, 16, 19, 20]",3,,70,5,7,10,ordinary,9,full_coverage_and_all_discovered_cleared,136,3540.657566,0.020220667007379234
9,0,True,0,0,0,0,0,uniform__adversarial-spatial__70,uniform__adversarial-spatial,8,14,10,162,0.021081999999999823,10,,,2,6,,,,0,19,146,task_weight1_9,[],12719.48344098478,0,0.0,347.3896688,"[2, 3, 5, 10, 11, 13, 15, 16, 19, 20]",3,,70,5,7,10,ordinary,9,full_coverage_and_all_discovered_cleared,138,3473.896688,0.021195625013206154
9,0,True,0,0,0,0,0,uniform__adversarial-spatial__70,uniform__adversarial-spatial,9,12,10,160,0.02151199999999953,10,,,1,3,,,,0,19,146,task_trial40_9,[],13136.939625126963,0,0.0,355.1387926,"[2, 3, 5, 10, 11, 13, 15, 16, 19, 20]",3,,70,5,7,10,ordinary,9,full_coverage_and_all_discovered_cleared,138,3551.387926,0.021559915971010923
8,0,True,0,0,0,0,0,uniform__adversarial-spatial__70,uniform__adversarial-spatial,8,15,10,147,0.019892000000000465,10,,,2,7,,,,0,17,130,task_two_opt7,[],11648.496243706893,0,0.0,316.569925,"[2, 3, 5, 10, 11, 13, 15, 16, 19, 20]",3,,70,13,2,10,ordinary,7,full_coverage_and_all_discovered_cleared,121,3165.69925,0.020037333015352488
20,0,True,,,,,,uniform__adversarial-spatial__71,uniform__adversarial-spatial,12,12,12,132,0.15740000000000087,12,,,,,,,,0,,118,baseline_peer9,[],21667.24778183877,0,0.0,424.03746299999995,"[1, 2, 4, 5, 7, 9, 10, 13, 17, 18, 19, 20]",3,,71,,,12,ordinary,9,full_coverage_and_all_discovered_cleared,105,5088.449556,0.15797583397943527
15,0,True,,,,,,uniform__adversarial-spatial__71,uniform__adversarial-spatial,10,17,12,139,0.024554000000000187,12,778.6166859055267,1,2,7,0,0,,0,,120,baseline_co_known9,[],18191.03015500155,0,0.0,368.35050283333334,"[1, 2, 4, 5, 7, 9, 10, 13, 17, 18, 19, 20]",3,0,71,7,0,12,ordinary,9,continuous_dynamic_coverage_and_all_discovered_cleared,107,4420.206034,0.024649000028148293
7,0,True,0,0,0,0,0,uniform__adversarial-spatial__71,uniform__adversarial-spatial,10,16,12,171,0.024310000000001608,12,,,2,6,,,,0,0,153,task_nearest9,[],12459.478194978044,0,0.0,289.24130333333335,"[1, 2, 4, 5, 7, 9, 10, 13, 17, 18, 19, 20]",3,,71,22,9,12,ordinary,9,full_coverage_and_all_discovered_cleared,142,3470.89564,0.02434399997582659
7,0,True,0,0,0,0,0,uniform__adversarial-spatial__71,uniform__adversarial-spatial,11,15,12,161,0.02440099999999923,12,,,1,4,,,,0,21,144,task_two_opt9,[],12649.776820786543,0,0.0,287.4962805,"[1, 2, 4, 5, 7, 9, 10, 13, 17, 18, 19, 20]",3,,71,21,6,12,ordinary,9,full_coverage_and_all_discovered_cleared,131,3449.955366,0.024469500000122935
13,0,True,0,0,0,0,0,uniform__adversarial-spatial__71,uniform__adversarial-spatial,9,18,12,150,0.022823000000000704,12,,,3,9,,,,0,21,130,task_no_share9,[],13311.597223528983,0,0.0,292.69328716666666,"[1, 2, 4, 5, 7, 9, 10, 13, 17, 18, 19, 20]",3,,71,0,4,12,ordinary,9,full_coverage_and_all_discovered_cleared,122,3512.319446,0.022822458005975932
7,0,True,0,0,0,0,0,uniform__adversarial-spatial__71,uniform__adversarial-spatial,11,15,12,160,0.02369800000000133,12,,,1,4,,,,0,21,143,task_weight05_9,[],12639.141066545793,0,0.0,286.81901799999997,"[1, 2, 4, 5, 7, 9, 10, 13, 17, 18, 19, 20]",3,,71,20,6,12,ordinary,9,full_coverage_and_all_discovered_cleared,130,3441.828216,0.023721874982584268
10,0,True,0,0,0,0,0,uniform__adversarial-spatial__71,uniform__adversarial-spatial,12,17,12,165,0.025641000000000247,12,,,0,5,,,,0,21,146,task_weight1_9,[],12773.560514094517,0,0.0,290.8093420833333,"[1, 2, 4, 5, 7, 9, 10, 13, 17, 18, 19, 20]",3,,71,20,6,12,ordinary,9,full_coverage_and_all_discovered_cleared,130,3489.712105,0.025671082956250757
6,0,True,0,0,0,0,0,uniform__adversarial-spatial__71,uniform__adversarial-spatial,11,14,12,159,0.023754999999999526,12,,,1,3,,,,0,21,143,task_trial40_9,[],12679.828000061212,0,0.0,287.33046683333333,"[1, 2, 4, 5, 7, 9, 10, 13, 17, 18, 19, 20]",3,,71,21,6,12,ordinary,9,full_coverage_and_all_discovered_cleared,131,3447.965602,0.02376566600287333
10,0,True,0,0,0,0,0,uniform__adversarial-spatial__71,uniform__adversarial-spatial,11,15,12,141,0.025395999999998864,12,,,1,4,,,,0,19,124,task_two_opt7,[],12452.675851050859,0,0.0,274.3779308333333,"[1, 2, 4, 5, 7, 9, 10, 13, 17, 18, 19, 20]",3,,71,23,2,12,ordinary,7,full_coverage_and_all_discovered_cleared,113,3292.53517,0.025410166999790817
16,0,True,,,,,,edge__iid__67,edge__iid,10,10,10,160,0.13375500000000073,10,,,,,,,,0,,148,baseline_peer9,[],16405.813087739767,0,0.0,420.916262,"[4, 5, 7, 8, 9, 10, 14, 15, 18, 19]",3,,67,,,10,ordinary,9,full_coverage_and_all_discovered_cleared,138,4209.16262,0.134107917023357
9,0,True,,,,,,edge__iid__67,edge__iid,6,12,10,155,0.01890900000000073,10,778.6166859055267,1,4,6,0,0,,0,,141,baseline_co_known9,[],13162.400425676025,0,0.0,352.7480085,"[4, 5, 7, 8, 9, 10, 14, 15, 18, 19]",3,0,67,5,0,10,ordinary,9,continuous_dynamic_coverage_and_all_discovered_cleared,134,3527.480085,0.018933375016786158
9,0,True,0,0,0,0,0,edge__iid__67,edge__iid,6,12,10,155,0.018169999999999575,10,,,4,6,,,,0,0,141,task_nearest9,[],14301.952063223787,0,0.0,375.5390413,"[4, 5, 7, 8, 9, 10, 14, 15, 18, 19]",3,,67,5,6,10,ordinary,9,full_coverage_and_all_discovered_cleared,134,3755.390413,0.018169082992244512
9,0,True,0,0,0,0,0,edge__iid__67,edge__iid,6,12,10,155,0.01884199999999936,10,,,4,6,,,,0,19,141,task_two_opt9,[],13014.910548077298,0,0.0,349.798211,"[4, 5, 7, 8, 9, 10, 14, 15, 18, 19]",3,,67,5,0,10,ordinary,9,full_coverage_and_all_discovered_cleared,134,3497.98211,0.01888454199070111
14,0,True,0,0,0,0,0,edge__iid__67,edge__iid,6,12,10,155,0.0211409999999983,10,,,4,6,,,,0,19,141,task_no_share9,[],14354.245295313323,0,0.0,376.5849059,"[4, 5, 7, 8, 9, 10, 14, 15, 18, 19]",3,,67,0,0,10,ordinary,9,full_coverage_and_all_discovered_cleared,134,3765.849059,0.02116125001339242
9,0,True,0,0,0,0,0,edge__iid__67,edge__iid,5,11,10,154,0.01930199999999971,10,,,5,6,,,,0,19,141,task_weight05_9,[],12982.953694420516,0,0.0,349.059074,"[4, 5, 7, 8, 9, 10, 14, 15, 18, 19]",3,,67,5,0,10,ordinary,9,full_coverage_and_all_discovered_cleared,136,3490.59074,0.019310624978970736
10,0,True,0,0,0,0,0,edge__iid__67,edge__iid,5,12,10,156,0.019695999999999714,10,,,5,7,,,,0,19,142,task_weight1_9,[],12872.875032356607,0,0.0,347.6575007,"[4, 5, 7, 8, 9, 10, 14, 15, 18, 19]",3,,67,5,0,10,ordinary,9,full_coverage_and_all_discovered_cleared,136,3476.575007,0.01972208300139755
10,0,True,0,0,0,0,0,edge__iid__67,edge__iid,8,10,10,154,0.02076300000000053,10,,,2,2,,,,0,19,142,task_trial40_9,[],12983.146679287898,0,0.0,349.2629336,"[4, 5, 7, 8, 9, 10, 14, 15, 18, 19]",3,,67,5,0,10,ordinary,9,full_coverage_and_all_discovered_cleared,136,3492.629336,0.020763250009622425
8,0,True,0,0,0,0,0,edge__iid__67,edge__iid,5,12,10,134,0.017381000000000313,10,,,5,7,,,,0,17,120,task_two_opt7,[],11206.796738264504,0,0.0,301.2359348,"[4, 5, 7, 8, 9, 10, 14, 15, 18, 19]",3,,67,6,0,10,ordinary,7,full_coverage_and_all_discovered_cleared,115,3012.359348,0.017384290986228734
24,0,True,,,,,,edge__iid__68,edge__iid,15,15,15,157,0.21428700000000056,15,,,,,,,,0,,140,baseline_peer9,[],18727.09120237602,0,0.0,309.8278828666667,"[2, 4, 5, 6, 8, 9, 11, 12, 13, 14, 15, 16, 17, 19, 20]",3,,68,,,15,ordinary,9,full_coverage_and_all_discovered_cleared,127,4647.418243,0.21458633296424523
14,0,True,,,,,,edge__iid__68,edge__iid,11,17,15,155,0.029491000000000156,15,778.6166859055267,1,4,6,0,0,,0,,136,baseline_co_known9,[],14611.788719492086,0,0.0,253.82384973333333,"[2, 4, 5, 6, 8, 9, 11, 12, 13, 14, 15, 16, 17, 19, 20]",3,0,68,12,0,15,ordinary,9,continuous_dynamic_coverage_and_all_discovered_cleared,124,3807.357746,0.029521041025873274
15,0,True,0,0,0,0,0,edge__iid__68,edge__iid,11,18,15,164,0.031658000000000186,15,,,4,7,,,,0,0,144,task_nearest9,[],14528.853572702877,0,0.0,255.91804766666667,"[2, 4, 5, 6, 8, 9, 11, 12, 13, 14, 15, 16, 17, 19, 20]",3,,68,19,0,15,ordinary,9,full_coverage_and_all_discovered_cleared,129,3838.770715,0.03175337496213615
15,0,True,0,0,0,0,0,edge__iid__68,edge__iid,11,18,15,164,0.03208900000000092,15,,,4,7,,,,0,24,144,task_two_opt9,[],14528.853572702877,0,0.0,255.91804766666667,"[2, 4, 5, 6, 8, 9, 11, 12, 13, 14, 15, 16, 17, 19, 20]",3,,68,19,0,15,ordinary,9,full_coverage_and_all_discovered_cleared,129,3838.770715,0.03212612500647083
19,0,True,0,0,0,0,0,edge__iid__68,edge__iid,11,16,15,147,0.029072999999998572,15,,,4,5,,,,0,24,129,task_no_share9,[],17310.086702031003,0,0.0,287.0678226666667,"[2, 4, 5, 6, 8, 9, 11, 12, 13, 14, 15, 16, 17, 19, 20]",3,,68,0,0,15,ordinary,9,full_coverage_and_all_discovered_cleared,121,4306.01734,0.02911741699790582
17,0,True,0,0,0,0,0,edge__iid__68,edge__iid,10,20,15,168,0.03291199999999961,15,,,4,9,,,,0,24,146,task_weight05_9,[],14590.387467015149,0,0.0,257.8051664,"[2, 4, 5, 6, 8, 9, 11, 12, 13, 14, 15, 16, 17, 19, 20]",3,,68,19,0,15,ordinary,9,full_coverage_and_all_discovered_cleared,129,3867.077496,0.032935500028543174
17,0,True,0,0,0,0,0,edge__iid__68,edge__iid,8,21,15,167,0.03292500000000054,15,,,6,12,,,,0,24,144,task_weight1_9,[],14397.587386197632,0,0.0,254.90116526666668,"[2, 4, 5, 6, 8, 9, 11, 12, 13, 14, 15, 16, 17, 19, 20]",3,,68,17,0,15,ordinary,9,full_coverage_and_all_discovered_cleared,131,3823.517479,0.032972041983157396
14,0,True,0,0,0,0,0,edge__iid__68,edge__iid,11,17,15,162,0.03160900000000133,15,,,4,6,,,,0,24,143,task_trial40_9,[],14499.3933228068,0,0.0,254.99191093333332,"[2, 4, 5, 6, 8, 9, 11, 12, 13, 14, 15, 16, 17, 19, 20]",3,,68,19,0,15,ordinary,9,full_coverage_and_all_discovered_cleared,129,3824.878664,0.0316467079683207
13,0,True,0,0,0,0,0,edge__iid__68,edge__iid,9,19,15,151,0.029005999999998977,15,,,6,10,,,,0,22,130,task_two_opt7,[],13357.400183725475,0,0.0,234.96533573333332,"[2, 4, 5, 6, 8, 9, 11, 12, 13, 14, 15, 16, 17, 19, 20]",3,,68,25,0,15,ordinary,7,full_coverage_and_all_discovered_cleared,116,3524.480036,0.02903745899675414
27,0,True,,,,,,edge__iid__69,edge__iid,15,15,15,164,0.2334739999999993,15,,,,,,,,0,,147,baseline_peer9,[],18430.348325401417,0,0.0,308.60464440000004,"[2, 3, 4, 5, 6, 7, 8, 9, 10, 11, 12, 13, 14, 16, 18]",3,,69,,,15,ordinary,9,full_coverage_and_all_discovered_cleared,133,4629.069666,0.23390150000341237
14,0,True,,,,,,edge__iid__69,edge__iid,8,18,15,146,0.025601999999999236,15,778.6166859055267,1,7,10,0,0,,0,,126,baseline_co_known9,[],15786.786535594456,0,0.0,266.0904872,"[2, 3, 4, 5, 6, 7, 8, 9, 10, 11, 12, 13, 14, 16, 18]",3,0,69,5,0,15,ordinary,9,continuous_dynamic_coverage_and_all_discovered_cleared,120,3991.357308,0.02563883300172165
13,0,True,0,0,0,0,0,edge__iid__69,edge__iid,8,19,15,176,0.029035000000000366,15,,,7,11,,,,0,0,155,task_nearest9,[],13575.089631351395,0,0.0,248.1345284,"[2, 3, 4, 5, 6, 7, 8, 9, 10, 11, 12, 13, 14, 16, 18]",3,,69,14,0,15,ordinary,9,full_coverage_and_all_discovered_cleared,145,3722.017926,0.029072250006720424
13,0,True,0,0,0,0,0,edge__iid__69,edge__iid,8,19,15,176,0.029995000000001326,15,,,7,11,,,,0,24,155,task_two_opt9,[],13575.089631351395,0,0.0,248.1345284,"[2, 3, 4, 5, 6, 7, 8, 9, 10, 11, 12, 13, 14, 16, 18]",3,,69,14,0,15,ordinary,9,full_coverage_and_all_discovered_cleared,145,3722.017926,0.03003729198826477
17,0,True,0,0,0,0,0,edge__iid__69,edge__iid,7,17,15,163,0.027276999999999774,15,,,8,10,,,,0,24,144,task_no_share9,[],15749.97000011019,0,0.0,272.6662664666667,"[2, 3, 4, 5, 6, 7, 8, 9, 10, 11, 12, 13, 14, 16, 18]",3,,69,0,0,15,ordinary,9,full_coverage_and_all_discovered_cleared,139,4089.993997,0.027337083010934293
13,0,True,0,0,0,0,0,edge__iid__69,edge__iid,6,19,15,177,0.030790999999998903,15,,,9,13,,,,0,24,156,task_weight05_9,[],13475.8002516192,0,0.0,247.14400326666666,"[2, 3, 4, 5, 6, 7, 8, 9, 10, 11, 12, 13, 14, 16, 18]",3,,69,15,0,15,ordinary,9,full_coverage_and_all_discovered_cleared,145,3707.160049,0.030834749981295317
10,0,True,0,0,0,0,0,edge__iid__69,edge__iid,6,17,15,175,0.028363000000000582,15,,,9,11,,,,0,24,156,task_weight1_9,[],13425.635285632861,0,0.0,246.20847053333333,"[2, 3, 4, 5, 6, 7, 8, 9, 10, 11, 12, 13, 14, 16, 18]",3,,69,18,0,15,ordinary,9,full_coverage_and_all_discovered_cleared,147,3693.127058,0.028396459005307406
12,0,True,0,0,0,0,0,edge__iid__69,edge__iid,8,16,15,171,0.030075000000000074,15,,,7,8,,,,0,24,153,task_trial40_9,[],13521.644210411949,0,0.0,246.02192286666664,"[2, 3, 4, 5, 6, 7, 8, 9, 10, 11, 12, 13, 14, 16, 18]",3,,69,13,0,15,ordinary,9,full_coverage_and_all_discovered_cleared,143,3690.328843,0.030162749986629933
11,0,True,0,0,0,0,0,edge__iid__69,edge__iid,7,20,15,156,0.02972300000000061,15,,,8,13,,,,0,22,134,task_two_opt7,[],13687.553264707996,0,0.0,241.43404346666665,"[2, 3, 4, 5, 6, 7, 8, 9, 10, 11, 12, 13, 14, 16, 18]",3,,69,19,0,15,ordinary,7,full_coverage_and_all_discovered_cleared,124,3621.510652,0.029953124991152436
19,0,True,,,,,,edge__iid__70,edge__iid,10,10,10,165,0.16483999999999988,10,,,,,,,,0,,153,baseline_peer9,[],17895.2584939613,0,0.0,453.4051701,"[2, 3, 5, 10, 11, 13, 15, 16, 19, 20]",3,,70,,,10,ordinary,9,full_coverage_and_all_discovered_cleared,140,4534.051701,0.16520533402217552
12,0,True,,,,,,edge__iid__70,edge__iid,4,12,10,161,0.02038699999999949,10,778.6166859055267,1,6,8,0,0,,0,,147,baseline_co_known9,[],14445.541575431485,0,0.0,381.8108317,"[2, 3, 5, 10, 11, 13, 15, 16, 19, 20]",3,0,70,2,0,10,ordinary,9,continuous_dynamic_coverage_and_all_discovered_cleared,138,3818.108317,0.020420749962795526
7,0,True,0,0,0,0,0,edge__iid__70,edge__iid,6,11,10,173,0.019441999999999737,10,,,4,5,,,,0,0,160,task_nearest9,[],14746.470551230212,0,0.0,395.7294113,"[2, 3, 5, 10, 11, 13, 15, 16, 19, 20]",3,,70,8,0,10,ordinary,9,full_coverage_and_all_discovered_cleared,155,3957.294113,0.019452999986242503
7,0,True,0,0,0,0,0,edge__iid__70,edge__iid,5,11,10,172,0.019539999999999225,10,,,5,6,,,,0,19,159,task_two_opt9,[],14488.407038009498,0,0.0,389.968141,"[2, 3, 5, 10, 11, 13, 15, 16, 19, 20]",3,,70,8,0,10,ordinary,9,full_coverage_and_all_discovered_cleared,154,3899.68141,0.019548249954823405
13,0,True,0,0,0,0,0,edge__iid__70,edge__iid,5,13,10,169,0.021630000000000038,10,,,5,8,,,,0,19,154,task_no_share9,[],14706.697933269625,0,0.0,391.633959,"[2, 3, 5, 10, 11, 13, 15, 16, 19, 20]",3,,70,0,0,10,ordinary,9,full_coverage_and_all_discovered_cleared,146,3916.33959,0.02176083403173834
10,0,True,0,0,0,0,0,edge__iid__70,edge__iid,5,12,10,178,0.02214000000000027,10,,,5,7,,,,0,19,164,task_weight05_9,[],14442.872231724066,0,0.0,392.2574446,"[2, 3, 5, 10, 11, 13, 15, 16, 19, 20]",3,,70,10,0,10,ordinary,9,full_coverage_and_all_discovered_cleared,158,3922.574446,0.02213954197941348
11,0,True,0,0,0,0,0,edge__iid__70,edge__iid,5,13,10,180,0.02284199999999892,10,,,4,7,,,,0,19,165,task_weight1_9,[],14449.111636292228,0,0.0,393.2822327,"[2, 3, 5, 10, 11, 13, 15, 16, 19, 20]",3,,70,10,0,10,ordinary,9,full_coverage_and_all_discovered_cleared,159,3932.822327,0.022876333037856966
9,0,True,0,0,0,0,0,edge__iid__70,edge__iid,7,10,10,175,0.022064999999999557,10,,,3,3,,,,0,19,163,task_trial40_9,[],14565.265047905834,0,0.0,393.4053012,"[2, 3, 5, 10, 11, 13, 15, 16, 19, 20]",3,,70,10,0,10,ordinary,9,full_coverage_and_all_discovered_cleared,156,3934.053012,0.022125415969640017
7,0,True,0,0,0,0,0,edge__iid__70,edge__iid,6,11,10,148,0.020542999999999978,10,,,4,5,,,,0,17,135,task_two_opt7,[],11843.07633816018,0,0.0,322.6615268,"[2, 3, 5, 10, 11, 13, 15, 16, 19, 20]",3,,70,15,0,10,ordinary,7,full_coverage_and_all_discovered_cleared,130,3226.615268,0.020542874990496784
19,0,True,,,,,,edge__iid__71,edge__iid,12,12,12,149,0.16116399999999942,12,,,,,,,,0,,135,baseline_peer9,[],16972.650246784513,0,0.0,354.29417083333334,"[1, 2, 4, 5, 7, 9, 10, 13, 17, 18, 19, 20]",3,,71,,,12,ordinary,9,full_coverage_and_all_discovered_cleared,122,4251.53005,0.1613650830113329
8,0,True,,,,,,edge__iid__71,edge__iid,7,13,12,151,0.02302800000000005,12,778.6166859055267,1,5,6,0,0,,0,,136,baseline_co_known9,[],14692.749017619133,0,0.0,317.1291504166667,"[1, 2, 4, 5, 7, 9, 10, 13, 17, 18, 19, 20]",3,0,71,12,0,12,ordinary,9,continuous_dynamic_coverage_and_all_discovered_cleared,124,3805.549805,0.02311858400935307
6,0,True,0,0,0,0,0,edge__iid__71,edge__iid,5,13,12,179,0.025024000000000157,12,,,7,8,,,,0,0,164,task_nearest9,[],12353.8637558604,0,0.0,292.1477293333333,"[1, 2, 4, 5, 7, 9, 10, 13, 17, 18, 19, 20]",3,,71,19,0,12,ordinary,9,full_coverage_and_all_discovered_cleared,152,3505.772752,0.025082500011194497
7,0,True,0,0,0,0,0,edge__iid__71,edge__iid,5,13,12,178,0.025585999999998776,12,,,7,8,,,,0,21,163,task_two_opt9,[],12545.316404037425,0,0.0,294.83860683333336,"[1, 2, 4, 5, 7, 9, 10, 13, 17, 18, 19, 20]",3,,71,18,0,12,ordinary,9,full_coverage_and_all_discovered_cleared,151,3538.063282,0.025585874973330647
13,0,True,0,0,0,0,0,edge__iid__71,edge__iid,4,13,12,166,0.023020000000000707,12,,,8,9,,,,0,21,151,task_no_share9,[],15307.562611692652,0,0.0,335.12604358333334,"[1, 2, 4, 5, 7, 9, 10, 13, 17, 18, 19, 20]",3,,71,0,0,12,ordinary,9,full_coverage_and_all_discovered_cleared,142,4021.512523,0.023133457987569273
7,0,True,0,0,0,0,0,edge__iid__71,edge__iid,3,13,12,179,0.026854999999999407,12,,,9,10,,,,0,21,164,task_weight05_9,[],12662.025156482408,0,0.0,297.2837529166667,"[1, 2, 4, 5, 7, 9, 10, 13, 17, 18, 19, 20]",3,,71,19,0,12,ordinary,9,full_coverage_and_all_discovered_cleared,152,3567.405035,0.02691887499531731
9,0,True,0,0,0,0,0,edge__iid__71,edge__iid,5,14,12,180,0.026817999999998676,12,,,7,9,,,,0,21,164,task_weight1_9,[],12494.210481342667,0,0.0,294.8201744166667,"[1, 2, 4, 5, 7, 9, 10, 13, 17, 18, 19, 20]",3,,71,17,0,12,ordinary,9,full_coverage_and_all_discovered_cleared,153,3537.842093,0.026862458034884185
10,0,True,0,0,0,0,0,edge__iid__71,edge__iid,8,13,12,181,0.028605000000000658,12,,,4,5,,,,0,21,166,task_trial40_9,[],12648.91032877851,0,0.0,297.9818389166667,"[1, 2, 4, 5, 7, 9, 10, 13, 17, 18, 19, 20]",3,,71,18,0,12,ordinary,9,full_coverage_and_all_discovered_cleared,153,3575.782067,0.02862216701032594
8,0,True,0,0,0,0,0,edge__iid__71,edge__iid,4,14,12,149,0.021409000000000233,12,,,8,10,,,,0,19,133,task_two_opt7,[],13680.351763667462,0,0.0,299.17252924999997,"[1, 2, 4, 5, 7, 9, 10, 13, 17, 18, 19, 20]",3,,71,12,0,12,ordinary,7,full_coverage_and_all_discovered_cleared,123,3590.070351,0.021408041997347027
17,0,True,,,,,,edge__smooth__67,edge__smooth,10,10,10,161,0.14202599999999954,10,,,,,,,,0,,149,baseline_peer9,[],15678.839022459411,0,0.0,406.87678059999996,"[4, 5, 7, 8, 9, 10, 14, 15, 18, 19]",3,,67,,,10,ordinary,9,full_coverage_and_all_discovered_cleared,138,4068.767806,0.14213758299592882
13,0,True,,,,,,edge__smooth__67,edge__smooth,9,14,10,162,0.022536000000000556,10,778.6166859055267,1,1,5,0,0,,0,,146,baseline_co_known9,[],12444.737350158279,0,0.0,341.99474730000003,"[4, 5, 7, 8, 9, 10, 14, 15, 18, 19]",3,0,67,6,0,10,ordinary,9,continuous_dynamic_coverage_and_all_discovered_cleared,139,3419.947473,0.022592917026486248
13,0,True,0,0,0,0,0,edge__smooth__67,edge__smooth,9,14,10,162,0.021872999999999365,10,,,1,5,,,,0,0,146,task_nearest9,[],12444.737350158279,0,0.0,341.99474730000003,"[4, 5, 7, 8, 9, 10, 14, 15, 18, 19]",3,,67,6,0,10,ordinary,9,full_coverage_and_all_discovered_cleared,139,3419.947473,0.021909209026489407
13,0,True,0,0,0,0,0,edge__smooth__67,edge__smooth,9,14,10,162,0.022050000000000125,10,,,1,5,,,,0,19,146,task_two_opt9,[],12444.737350158279,0,0.0,341.99474730000003,"[4, 5, 7, 8, 9, 10, 14, 15, 18, 19]",3,,67,6,0,10,ordinary,9,full_coverage_and_all_discovered_cleared,139,3419.947473,0.022049874998629093
17,0,True,0,0,0,0,0,edge__smooth__67,edge__smooth,8,14,10,160,0.023244000000000042,10,,,2,6,,,,0,19,144,task_no_share9,[],14270.960573972074,0,0.0,377.0192116,"[4, 5, 7, 8, 9, 10, 14, 15, 18, 19]",3,,67,0,0,10,ordinary,9,full_coverage_and_all_discovered_cleared,134,3770.192116,0.023262750008143485
11,0,True,0,0,0,0,0,edge__smooth__67,edge__smooth,6,12,10,158,0.021440000000000126,10,,,4,6,,,,0,19,144,task_weight05_9,[],12160.975942019637,0,0.0,334.61951899999997,"[4, 5, 7, 8, 9, 10, 14, 15, 18, 19]",3,,67,6,0,10,ordinary,9,full_coverage_and_all_discovered_cleared,138,3346.19519,0.02150720899226144
11,0,True,0,0,0,0,0,edge__smooth__67,edge__smooth,5,12,10,158,0.021297999999999817,10,,,5,7,,,,0,19,144,task_weight1_9,[],12038.7373360427,0,0.0,332.1747468,"[4, 5, 7, 8, 9, 10, 14, 15, 18, 19]",3,,67,6,0,10,ordinary,9,full_coverage_and_all_discovered_cleared,138,3321.747468,0.021319583000149578
10,0,True,0,0,0,0,0,edge__smooth__67,edge__smooth,7,10,10,155,0.021288000000000196,10,,,3,3,,,,0,19,143,task_trial40_9,[],12347.688994260263,0,0.0,337.2537801,"[4, 5, 7, 8, 9, 10, 14, 15, 18, 19]",3,,67,6,0,10,ordinary,9,full_coverage_and_all_discovered_cleared,138,3372.537801,0.021311541961040348
11,0,True,0,0,0,0,0,edge__smooth__67,edge__smooth,6,13,10,140,0.021830999999998824,10,,,4,7,,,,0,17,125,task_two_opt7,[],11330.994720506329,0,0.0,306.7198945,"[4, 5, 7, 8, 9, 10, 14, 15, 18, 19]",3,,67,8,0,10,ordinary,7,full_coverage_and_all_discovered_cleared,117,3067.198945,0.021881959051825106
25,0,True,,,,,,edge__smooth__68,edge__smooth,15,15,15,158,0.2218719999999994,15,,,,,,,,0,,141,baseline_peer9,[],18745.358682439037,0,0.0,310.4047824666667,"[2, 4, 5, 6, 8, 9, 11, 12, 13, 14, 15, 16, 17, 19, 20]",3,,68,,,15,ordinary,9,full_coverage_and_all_discovered_cleared,127,4656.071737,0.22216050000861287
14,0,True,,,,,,edge__smooth__68,edge__smooth,12,17,15,152,0.02799399999999963,15,778.6166859055267,1,3,5,0,0,,0,,133,baseline_co_known9,[],15046.108022162935,0,0.0,258.54810706666666,"[2, 4, 5, 6, 8, 9, 11, 12, 13, 14, 15, 16, 17, 19, 20]",3,0,68,9,0,15,ordinary,9,continuous_dynamic_coverage_and_all_discovered_cleared,123,3878.221606,0.028084542020224035
14,0,True,0,0,0,0,0,edge__smooth__68,edge__smooth,11,17,15,161,0.03028499999999923,15,,,4,6,,,,0,0,142,task_nearest9,[],14604.55617986988,0,0.0,256.0607490666667,"[2, 4, 5, 6, 8, 9, 11, 12, 13, 14, 15, 16, 17, 19, 20]",3,,68,18,0,15,ordinary,9,full_coverage_and_all_discovered_cleared,129,3840.911236,0.030341916950419545
14,0,True,0,0,0,0,0,edge__smooth__68,edge__smooth,11,17,15,161,0.03143099999999954,15,,,4,6,,,,0,24,142,task_two_opt9,[],14604.55617986988,0,0.0,256.0607490666667,"[2, 4, 5, 6, 8, 9, 11, 12, 13, 14, 15, 16, 17, 19, 20]",3,,68,18,0,15,ordinary,9,full_coverage_and_all_discovered_cleared,129,3840.911236,0.03147345903562382
23,0,True,0,0,0,0,0,edge__smooth__68,edge__smooth,13,19,15,154,0.03174399999999977,15,,,2,6,,,,0,24,133,task_no_share9,[],17423.72969532901,0,0.0,290.516396,"[2, 4, 5, 6, 8, 9, 11, 12, 13, 14, 15, 16, 17, 19, 20]",3,,68,0,0,15,ordinary,9,full_coverage_and_all_discovered_cleared,121,4357.74594,0.03186670801369473
15,0,True,0,0,0,0,0,edge__smooth__68,edge__smooth,10,18,15,163,0.03186299999999953,15,,,5,8,,,,0,24,143,task_weight05_9,[],14565.476976799815,0,0.0,256.07302626666666,"[2, 4, 5, 6, 8, 9, 11, 12, 13, 14, 15, 16, 17, 19, 20]",3,,68,18,0,15,ordinary,9,full_coverage_and_all_discovered_cleared,129,3841.095394,0.03191608400084078
15,0,True,0,0,0,0,0,edge__smooth__68,edge__smooth,8,18,15,163,0.03211999999999904,15,,,7,10,,,,0,24,143,task_weight1_9,[],14408.27657324143,0,0.0,254.11035446666668,"[2, 4, 5, 6, 8, 9, 11, 12, 13, 14, 15, 16, 17, 19, 20]",3,,68,18,0,15,ordinary,9,full_coverage_and_all_discovered_cleared,131,3811.655317,0.03218291699886322
12,0,True,0,0,0,0,0,edge__smooth__68,edge__smooth,11,15,15,157,0.030100000000000904,15,,,4,4,,,,0,24,140,task_trial40_9,[],14569.061559394248,0,0.0,254.52082086666667,"[2, 4, 5, 6, 8, 9, 11, 12, 13, 14, 15, 16, 17, 19, 20]",3,,68,18,0,15,ordinary,9,full_coverage_and_all_discovered_cleared,129,3817.812313,0.030147959012538195
11,0,True,0,0,0,0,0,edge__smooth__68,edge__smooth,10,19,15,148,0.027744000000000213,15,,,5,9,,,,0,22,127,task_two_opt7,[],13347.6355576598,0,0.0,233.83514073333333,"[2, 4, 5, 6, 8, 9, 11, 12, 13, 14, 15, 16, 17, 19, 20]",3,,68,24,0,15,ordinary,7,full_coverage_and_all_discovered_cleared,116,3507.527111,0.027781791053712368
27,0,True,,,,,,edge__smooth__69,edge__smooth,15,15,15,164,0.2303190000000015,15,,,,,,,,0,,147,baseline_peer9,[],18413.524352563854,0,0.0,308.3803249333333,"[2, 3, 4, 5, 6, 7, 8, 9, 10, 11, 12, 13, 14, 16, 18]",3,,69,,,15,ordinary,9,full_coverage_and_all_discovered_cleared,133,4625.704874,0.23061629198491573
13,0,True,,,,,,edge__smooth__69,edge__smooth,6,16,15,143,0.026118000000000308,15,778.6166859055267,1,9,10,0,0,,0,,125,baseline_co_known9,[],15716.561483780792,0,0.0,264.42081986666665,"[2, 3, 4, 5, 6, 7, 8, 9, 10, 11, 12, 13, 14, 16, 18]",3,0,69,5,0,15,ordinary,9,continuous_dynamic_coverage_and_all_discovered_cleared,120,3966.312298,0.026143333001527935
11,0,True,0,0,0,0,0,edge__smooth__69,edge__smooth,7,18,15,173,0.02828599999999959,15,,,8,11,,,,0,0,153,task_nearest9,[],13450.202841983064,0,0.0,245.60270453333334,"[2, 3, 4, 5, 6, 7, 8, 9, 10, 11, 12, 13, 14, 16, 18]",3,,69,14,0,15,ordinary,9,full_coverage_and_all_discovered_cleared,145,3684.040568,0.028336332994513214
11,0,True,0,0,0,0,0,edge__smooth__69,edge__smooth,7,18,15,173,0.028672000000000253,15,,,8,11,,,,0,24,153,task_two_opt9,[],13450.202841983064,0,0.0,245.60270453333334,"[2, 3, 4, 5, 6, 7, 8, 9, 10, 11, 12, 13, 14, 16, 18]",3,,69,14,0,15,ordinary,9,full_coverage_and_all_discovered_cleared,145,3684.040568,0.02872595895314589
17,0,True,0,0,0,0,0,edge__smooth__69,edge__smooth,7,17,15,163,0.02752100000000013,15,,,8,10,,,,0,24,144,task_no_share9,[],15755.75247040205,0,0.0,272.74336646666666,"[2, 3, 4, 5, 6, 7, 8, 9, 10, 11, 12, 13, 14, 16, 18]",3,,69,0,0,15,ordinary,9,full_coverage_and_all_discovered_cleared,139,4091.150497,0.027569958998356014
12,0,True,0,0,0,0,0,edge__smooth__69,edge__smooth,5,18,15,174,0.029635000000000744,15,,,10,13,,,,0,24,154,task_weight05_9,[],13534.808845070716,0,0.0,247.1307846,"[2, 3, 4, 5, 6, 7, 8, 9, 10, 11, 12, 13, 14, 16, 18]",3,,69,14,0,15,ordinary,9,full_coverage_and_all_discovered_cleared,146,3706.961769,0.029726125008892268
11,0,True,0,0,0,0,0,edge__smooth__69,edge__smooth,6,17,15,176,0.02973300000000023,15,,,9,11,,,,0,24,157,task_weight1_9,[],13482.71158294689,0,0.0,247.50282113333333,"[2, 3, 4, 5, 6, 7, 8, 9, 10, 11, 12, 13, 14, 16, 18]",3,,69,18,0,15,ordinary,9,full_coverage_and_all_discovered_cleared,150,3712.542317,0.029744624975137413
13,0,True,0,0,0,0,0,edge__smooth__69,edge__smooth,9,17,15,174,0.032118000000000535,15,,,6,8,,,,0,24,155,task_trial40_9,[],13473.92226052326,0,0.0,246.45229686666667,"[2, 3, 4, 5, 6, 7, 8, 9, 10, 11, 12, 13, 14, 16, 18]",3,,69,14,0,15,ordinary,9,full_coverage_and_all_discovered_cleared,146,3696.784453,0.03211775003001094
9,0,True,0,0,0,0,0,edge__smooth__69,edge__smooth,5,18,15,150,0.026226000000001193,15,,,10,13,,,,0,22,130,task_two_opt7,[],13616.750082848917,0,0.0,238.69000106666667,"[2, 3, 4, 5, 6, 7, 8, 9, 10, 11, 12, 13, 14, 16, 18]",3,,69,17,0,15,ordinary,7,full_coverage_and_all_discovered_cleared,123,3580.350016,0.026238207996357232
19,0,True,,,,,,edge__smooth__70,edge__smooth,10,10,10,165,0.1716280000000001,10,,,,,,,,0,,153,baseline_peer9,[],17898.640384555816,0,0.0,453.4728078,"[2, 3, 5, 10, 11, 13, 15, 16, 19, 20]",3,,70,,,10,ordinary,9,full_coverage_and_all_discovered_cleared,140,4534.728078,0.1718680839985609
11,0,True,,,,,,edge__smooth__70,edge__smooth,5,12,10,160,0.019845000000000113,10,778.6166859055267,1,5,7,0,0,,0,,146,baseline_co_known9,[],14334.349101346621,0,0.0,379.0869821,"[2, 3, 5, 10, 11, 13, 15, 16, 19, 20]",3,0,70,2,0,10,ordinary,9,continuous_dynamic_coverage_and_all_discovered_cleared,138,3790.869821,0.01984599995194003
8,0,True,0,0,0,0,0,edge__smooth__70,edge__smooth,6,11,10,176,0.020975999999999217,10,,,4,5,,,,0,0,163,task_nearest9,[],14895.304916025301,0,0.0,400.3060983,"[2, 3, 5, 10, 11, 13, 15, 16, 19, 20]",3,,70,10,0,10,ordinary,9,full_coverage_and_all_discovered_cleared,156,4003.060983,0.02103133301716298
9,0,True,0,0,0,0,0,edge__smooth__70,edge__smooth,6,12,10,177,0.02160299999999893,10,,,4,6,,,,0,19,163,task_two_opt9,[],14647.806849128106,0,0.0,395.65613709999997,"[2, 3, 5, 10, 11, 13, 15, 16, 19, 20]",3,,70,10,0,10,ordinary,9,full_coverage_and_all_discovered_cleared,156,3956.561371,0.02160229202127084
13,0,True,0,0,0,0,0,edge__smooth__70,edge__smooth,4,12,10,168,0.021781000000000716,10,,,6,8,,,,0,19,154,task_no_share9,[],14824.7695815071,0,0.0,393.69539169999996,"[2, 3, 5, 10, 11, 13, 15, 16, 19, 20]",3,,70,0,0,10,ordinary,9,full_coverage_and_all_discovered_cleared,146,3936.953917,0.021817042026668787
9,0,True,0,0,0,0,0,edge__smooth__70,edge__smooth,5,12,10,175,0.02180800000000005,10,,,5,7,,,,0,19,161,task_weight05_9,[],14515.735830519432,0,0.0,392.1147166,"[2, 3, 5, 10, 11, 13, 15, 16, 19, 20]",3,,70,8,0,10,ordinary,9,full_coverage_and_all_discovered_cleared,157,3921.147166,0.02190029202029109
10,0,True,0,0,0,0,0,edge__smooth__70,edge__smooth,6,13,10,177,0.022790999999999784,10,,,4,7,,,,0,19,162,task_weight1_9,[],14526.745406971348,0,0.0,393.13490809999996,"[2, 3, 5, 10, 11, 13, 15, 16, 19, 20]",3,,70,8,0,10,ordinary,9,full_coverage_and_all_discovered_cleared,157,3931.349081,0.02278987504541874
10,0,True,0,0,0,0,0,edge__smooth__70,edge__smooth,8,11,10,177,0.023082999999999743,10,,,2,3,,,,0,19,164,task_trial40_9,[],14630.447933461499,0,0.0,395.6089588,"[2, 3, 5, 10, 11, 13, 15, 16, 19, 20]",3,,70,10,0,10,ordinary,9,full_coverage_and_all_discovered_cleared,157,3956.089588,0.023118041979614645
6,0,True,0,0,0,0,0,edge__smooth__70,edge__smooth,5,11,10,150,0.020946999999999605,10,,,5,6,,,,0,17,137,task_two_opt7,[],11880.161650677754,0,0.0,324.6032329,"[2, 3, 5, 10, 11, 13, 15, 16, 19, 20]",3,,70,18,0,10,ordinary,7,full_coverage_and_all_discovered_cleared,132,3246.032329,0.021002290945034474
19,0,True,,,,,,edge__smooth__71,edge__smooth,12,12,12,149,0.1653859999999998,12,,,,,,,,0,,135,baseline_peer9,[],17043.84404465727,0,0.0,355.48073425,"[1, 2, 4, 5, 7, 9, 10, 13, 17, 18, 19, 20]",3,,71,,,12,ordinary,9,full_coverage_and_all_discovered_cleared,122,4265.768811,0.16560508398106322
10,0,True,,,,,,edge__smooth__71,edge__smooth,7,14,12,151,0.02302199999999921,12,778.6166859055267,1,5,7,0,0,,0,,135,baseline_co_known9,[],15130.07609492336,0,0.0,324.25126816666665,"[1, 2, 4, 5, 7, 9, 10, 13, 17, 18, 19, 20]",3,0,71,9,0,12,ordinary,9,continuous_dynamic_coverage_and_all_discovered_cleared,124,3891.015218,0.0230285000288859
7,0,True,0,0,0,0,0,edge__smooth__71,edge__smooth,6,15,12,186,0.027267999999999404,12,,,6,9,,,,0,0,169,task_nearest9,[],12342.74941357348,0,0.0,294.79582358333334,"[1, 2, 4, 5, 7, 9, 10, 13, 17, 18, 19, 20]",3,,71,22,0,12,ordinary,9,full_coverage_and_all_discovered_cleared,155,3537.549883,0.027309291996061802
8,0,True,0,0,0,0,0,edge__smooth__71,edge__smooth,5,15,12,185,0.0278179999999999,12,,,7,10,,,,0,21,168,task_two_opt9,[],12370.592157499323,0,0.0,294.8432026666667,"[1, 2, 4, 5, 7, 9, 10, 13, 17, 18, 19, 20]",3,,71,21,0,12,ordinary,9,full_coverage_and_all_discovered_cleared,155,3538.118432,0.02787279203766957
19,0,True,0,0,0,0,0,edge__smooth__71,edge__smooth,9,17,12,176,0.026914999999998912,12,,,3,8,,,,0,21,157,task_no_share9,[],15497.72477912608,0,0.0,341.79541308333336,"[1, 2, 4, 5, 7, 9, 10, 13, 17, 18, 19, 20]",3,,71,0,0,12,ordinary,9,full_coverage_and_all_discovered_cleared,142,4101.544957,0.026950875006150454
10,0,True,0,0,0,0,0,edge__smooth__71,edge__smooth,6,16,12,187,0.029507000000000616,12,,,6,10,,,,0,21,169,task_weight05_9,[],12351.744750140353,0,0.0,295.1957459166667,"[1, 2, 4, 5, 7, 9, 10, 13, 17, 18, 19, 20]",3,,71,20,0,12,ordinary,9,full_coverage_and_all_discovered_cleared,155,3542.348951,0.02964770799735561
11,0,True,0,0,0,0,0,edge__smooth__71,edge__smooth,7,16,12,191,0.03236099999999986,12,,,5,9,,,,0,21,173,task_weight1_9,[],12349.032043866215,0,0.0,297.23386750000003,"[1, 2, 4, 5, 7, 9, 10, 13, 17, 18, 19, 20]",3,,71,23,0,12,ordinary,9,full_coverage_and_all_discovered_cleared,160,3566.80641,0.03242183302063495
10,0,True,0,0,0,0,0,edge__smooth__71,edge__smooth,6,15,12,186,0.029208000000000567,12,,,6,9,,,,0,21,169,task_trial40_9,[],12474.905267871913,0,0.0,296.9984210833333,"[1, 2, 4, 5, 7, 9, 10, 13, 17, 18, 19, 20]",3,,71,20,0,12,ordinary,9,full_coverage_and_all_discovered_cleared,155,3563.981053,0.029259542003273964
9,0,True,0,0,0,0,0,edge__smooth__71,edge__smooth,4,14,12,152,0.022854999999999848,12,,,8,10,,,,0,19,136,task_two_opt7,[],13732.745978712404,0,0.0,301.62909958333336,"[1, 2, 4, 5, 7, 9, 10, 13, 17, 18, 19, 20]",3,,71,14,0,12,ordinary,7,full_coverage_and_all_discovered_cleared,127,3619.549195,0.022906667029019445
16,0,True,,,,,,edge__adversarial-positive__67,edge__adversarial-positive,10,10,10,160,0.14049400000000034,10,,,,,,,,0,,148,baseline_peer9,[],15648.147328546378,0,0.0,405.7629465,"[4, 5, 7, 8, 9, 10, 14, 15, 18, 19]",3,,67,,,10,ordinary,9,full_coverage_and_all_discovered_cleared,138,4057.629465,0.14071608404628932
12,0,True,,,,,,edge__adversarial-positive__67,edge__adversarial-positive,9,15,10,163,0.02165499999999909,10,778.6166859055267,1,1,6,0,0,,0,,146,baseline_co_known9,[],12374.808748425989,0,0.0,340.7961749,"[4, 5, 7, 8, 9, 10, 14, 15, 18, 19]",3,0,67,7,0,10,ordinary,9,continuous_dynamic_coverage_and_all_discovered_cleared,138,3407.961749,0.021664958039764315
12,0,True,0,0,0,0,0,edge__adversarial-positive__67,edge__adversarial-positive,9,15,10,163,0.021031000000000688,10,,,1,6,,,,0,0,146,task_nearest9,[],12374.808748425989,0,0.0,340.7961749,"[4, 5, 7, 8, 9, 10, 14, 15, 18, 19]",3,,67,7,0,10,ordinary,9,full_coverage_and_all_discovered_cleared,138,3407.961749,0.021045208035502583
12,0,True,0,0,0,0,0,edge__adversarial-positive__67,edge__adversarial-positive,9,15,10,163,0.021194000000001267,10,,,1,6,,,,0,19,146,task_two_opt9,[],12374.808748425989,0,0.0,340.7961749,"[4, 5, 7, 8, 9, 10, 14, 15, 18, 19]",3,,67,7,0,10,ordinary,9,full_coverage_and_all_discovered_cleared,138,3407.961749,0.021225958014838398
16,0,True,0,0,0,0,0,edge__adversarial-positive__67,edge__adversarial-positive,9,14,10,159,0.02240499999999912,10,,,1,5,,,,0,19,143,task_no_share9,[],14072.164807361107,0,0.0,372.5432961,"[4, 5, 7, 8, 9, 10, 14, 15, 18, 19]",3,,67,0,0,10,ordinary,9,full_coverage_and_all_discovered_cleared,134,3725.432961,0.022424291004426777
14,0,True,0,0,0,0,0,edge__adversarial-positive__67,edge__adversarial-positive,10,16,10,166,0.022923999999999722,10,,,0,6,,,,0,19,148,task_weight05_9,[],12285.192110111344,0,0.0,340.3038424,"[4, 5, 7, 8, 9, 10, 14, 15, 18, 19]",3,,67,7,0,10,ordinary,9,full_coverage_and_all_discovered_cleared,138,3403.038424,0.02297604101477191
14,0,True,0,0,0,0,0,edge__adversarial-positive__67,edge__adversarial-positive,9,16,10,166,0.022966999999999516,10,,,1,7,,,,0,19,148,task_weight1_9,[],12129.721542892097,0,0.0,337.194431,"[4, 5, 7, 8, 9, 10, 14, 15, 18, 19]",3,,67,7,0,10,ordinary,9,full_coverage_and_all_discovered_cleared,138,3371.94431,0.02297958399867639
13,0,True,0,0,0,0,0,edge__adversarial-positive__67,edge__adversarial-positive,10,13,10,161,0.023068999999999562,10,,,0,3,,,,0,19,146,task_trial40_9,[],12383.121358668146,0,0.0,340.3624271,"[4, 5, 7, 8, 9, 10, 14, 15, 18, 19]",3,,67,6,0,10,ordinary,9,full_coverage_and_all_discovered_cleared,138,3403.624271,0.023095874988939613
8,0,True,0,0,0,0,0,edge__adversarial-positive__67,edge__adversarial-positive,4,12,10,136,0.018831999999999738,10,,,6,8,,,,0,17,122,task_two_opt7,[],11177.353713137518,0,0.0,301.7470742,"[4, 5, 7, 8, 9, 10, 14, 15, 18, 19]",3,,67,8,0,10,ordinary,7,full_coverage_and_all_discovered_cleared,116,3017.470742,0.018858666997402906
25,0,True,,,,,,edge__adversarial-positive__68,edge__adversarial-positive,15,15,15,158,0.23212999999999973,15,,,,,,,,0,,141,baseline_peer9,[],18698.820338663827,0,0.0,309.78427120000003,"[2, 4, 5, 6, 8, 9, 11, 12, 13, 14, 15, 16, 17, 19, 20]",3,,68,,,15,ordinary,9,full_coverage_and_all_discovered_cleared,127,4646.764068,0.23234304104698822
14,0,True,,,,,,edge__adversarial-positive__68,edge__adversarial-positive,12,20,15,156,0.027443999999999136,15,778.6166859055267,1,3,8,0,0,,0,,134,baseline_co_known9,[],14504.977799915609,0,0.0,252.33303740000002,"[2, 4, 5, 6, 8, 9, 11, 12, 13, 14, 15, 16, 17, 19, 20]",3,0,68,10,0,15,ordinary,9,continuous_dynamic_coverage_and_all_discovered_cleared,124,3784.995561,0.027460250013973564
13,0,True,0,0,0,0,0,edge__adversarial-positive__68,edge__adversarial-positive,11,18,15,162,0.030230999999998787,15,,,4,7,,,,0,0,142,task_nearest9,[],14357.763823851323,0,0.0,252.90351773333333,"[2, 4, 5, 6, 8, 9, 11, 12, 13, 14, 15, 16, 17, 19, 20]",3,,68,19,0,15,ordinary,9,full_coverage_and_all_discovered_cleared,128,3793.552766,0.030252124997787178
13,0,True,0,0,0,0,0,edge__adversarial-positive__68,edge__adversarial-positive,11,18,15,162,0.03058899999999909,15,,,4,7,,,,0,24,142,task_two_opt9,[],14357.763823851323,0,0.0,252.90351773333333,"[2, 4, 5, 6, 8, 9, 11, 12, 13, 14, 15, 16, 17, 19, 20]",3,,68,19,0,15,ordinary,9,full_coverage_and_all_discovered_cleared,128,3793.552766,0.030636415991466492
20,0,True,0,0,0,0,0,edge__adversarial-positive__68,edge__adversarial-positive,12,19,15,151,0.02909800000000118,15,,,3,7,,,,0,24,130,task_no_share9,[],17286.6204153302,0,0.0,287.6882723333334,"[2, 4, 5, 6, 8, 9, 11, 12, 13, 14, 15, 16, 17, 19, 20]",3,,68,0,0,15,ordinary,9,full_coverage_and_all_discovered_cleared,121,4315.324085,0.029205332975834608
13,0,True,0,0,0,0,0,edge__adversarial-positive__68,edge__adversarial-positive,9,18,15,162,0.031513000000000346,15,,,6,9,,,,0,24,142,task_weight05_9,[],14321.062148534716,0,0.0,252.41416206666665,"[2, 4, 5, 6, 8, 9, 11, 12, 13, 14, 15, 16, 17, 19, 20]",3,,68,19,0,15,ordinary,9,full_coverage_and_all_discovered_cleared,128,3786.212431,0.03184016700834036
14,0,True,0,0,0,0,0,edge__adversarial-positive__68,edge__adversarial-positive,7,19,15,164,0.032686999999999244,15,,,8,12,,,,0,24,143,task_weight1_9,[],14207.426779577061,0,0.0,251.63235706666669,"[2, 4, 5, 6, 8, 9, 11, 12, 13, 14, 15, 16, 17, 19, 20]",3,,68,19,0,15,ordinary,9,full_coverage_and_all_discovered_cleared,131,3774.485356,0.03273774997796863
13,0,True,0,0,0,0,0,edge__adversarial-positive__68,edge__adversarial-positive,11,16,15,160,0.03185799999999972,15,,,4,5,,,,0,24,142,task_trial40_9,[],14429.050427359885,0,0.0,253.45400573333333,"[2, 4, 5, 6, 8, 9, 11, 12, 13, 14, 15, 16, 17, 19, 20]",3,,68,19,0,15,ordinary,9,full_coverage_and_all_discovered_cleared,128,3801.810086,0.03189225000096485
13,0,True,0,0,0,0,0,edge__adversarial-positive__68,edge__adversarial-positive,11,20,15,152,0.029949999999999477,15,,,4,9,,,,0,22,130,task_two_opt7,[],13557.831071739613,0,0.0,237.97108086666668,"[2, 4, 5, 6, 8, 9, 11, 12, 13, 14, 15, 16, 17, 19, 20]",3,,68,25,0,15,ordinary,7,full_coverage_and_all_discovered_cleared,118,3569.566213,0.03001366596436128
28,0,True,,,,,,edge__adversarial-positive__69,edge__adversarial-positive,15,15,15,165,0.24374899999999933,15,,,,,,,,0,,148,baseline_peer9,[],18090.20060672725,0,0.0,304.4026748,"[2, 3, 4, 5, 6, 7, 8, 9, 10, 11, 12, 13, 14, 16, 18]",3,,69,,,15,ordinary,9,full_coverage_and_all_discovered_cleared,133,4566.040122,0.2442080419859849
13,0,True,,,,,,edge__adversarial-positive__69,edge__adversarial-positive,8,18,15,147,0.025567999999999813,15,778.6166859055267,1,7,10,0,0,,0,,127,baseline_co_known9,[],15390.864381111194,0,0.0,261.14485840000003,"[2, 3, 4, 5, 6, 7, 8, 9, 10, 11, 12, 13, 14, 16, 18]",3,0,69,7,0,15,ordinary,9,continuous_dynamic_coverage_and_all_discovered_cleared,120,3917.172876,0.02556795795680955
10,0,True,0,0,0,0,0,edge__adversarial-positive__69,edge__adversarial-positive,5,17,15,170,0.0267369999999989,15,,,10,12,,,,0,0,151,task_nearest9,[],13375.975276933512,0,0.0,243.47967046666665,"[2, 3, 4, 5, 6, 7, 8, 9, 10, 11, 12, 13, 14, 16, 18]",3,,69,13,0,15,ordinary,9,full_coverage_and_all_discovered_cleared,141,3652.195057,0.026770750002469867
10,0,True,0,0,0,0,0,edge__adversarial-positive__69,edge__adversarial-positive,5,17,15,170,0.027336000000000027,15,,,10,12,,,,0,24,151,task_two_opt9,[],13375.975276933512,0,0.0,243.47967046666665,"[2, 3, 4, 5, 6, 7, 8, 9, 10, 11, 12, 13, 14, 16, 18]",3,,69,13,0,15,ordinary,9,full_coverage_and_all_discovered_cleared,141,3652.195057,0.027371292002499104
19,0,True,0,0,0,0,0,edge__adversarial-positive__69,edge__adversarial-positive,8,19,15,167,0.028095000000000425,15,,,7,11,,,,0,24,146,task_no_share9,[],15511.77022425539,0,0.0,270.5569362666667,"[2, 3, 4, 5, 6, 7, 8, 9, 10, 11, 12, 13, 14, 16, 18]",3,,69,0,0,15,ordinary,9,full_coverage_and_all_discovered_cleared,139,4058.354044,0.02812791697215289
10,0,True,0,0,0,0,0,edge__adversarial-positive__69,edge__adversarial-positive,5,17,15,174,0.027924000000000504,15,,,10,12,,,,0,24,155,task_weight05_9,[],13347.184707445827,0,0.0,244.76246273333334,"[2, 3, 4, 5, 6, 7, 8, 9, 10, 11, 12, 13, 14, 16, 18]",3,,69,17,0,15,ordinary,9,full_coverage_and_all_discovered_cleared,146,3671.436941,0.02796187502099201
10,0,True,0,0,0,0,0,edge__adversarial-positive__69,edge__adversarial-positive,5,17,15,173,0.02775000000000105,15,,,10,12,,,,0,24,154,task_weight1_9,[],13348.973931797875,0,0.0,244.51965239999998,"[2, 3, 4, 5, 6, 7, 8, 9, 10, 11, 12, 13, 14, 16, 18]",3,,69,16,0,15,ordinary,9,full_coverage_and_all_discovered_cleared,147,3667.794786,0.02776475000428036
11,0,True,0,0,0,0,0,edge__adversarial-positive__69,edge__adversarial-positive,6,17,15,172,0.028513000000000233,15,,,9,11,,,,0,24,153,task_trial40_9,[],13388.939738391782,0,0.0,244.3191966,"[2, 3, 4, 5, 6, 7, 8, 9, 10, 11, 12, 13, 14, 16, 18]",3,,69,14,0,15,ordinary,9,full_coverage_and_all_discovered_cleared,141,3664.787949,0.02853837498696521
10,0,True,0,0,0,0,0,edge__adversarial-positive__69,edge__adversarial-positive,6,19,15,152,0.02645099999999978,15,,,9,13,,,,0,22,131,task_two_opt7,[],13584.526255274499,0,0.0,238.66035033333335,"[2, 3, 4, 5, 6, 7, 8, 9, 10, 11, 12, 13, 14, 16, 18]",3,,69,17,0,15,ordinary,7,full_coverage_and_all_discovered_cleared,121,3579.905255,0.026484417030587792
19,0,True,,,,,,edge__adversarial-positive__70,edge__adversarial-positive,10,10,10,165,0.17293199999999942,10,,,,,,,,0,,153,baseline_peer9,[],17814.155166583565,0,0.0,451.78310339999996,"[2, 3, 5, 10, 11, 13, 15, 16, 19, 20]",3,,70,,,10,ordinary,9,full_coverage_and_all_discovered_cleared,140,4517.831034,0.1731057500001043
12,0,True,,,,,,edge__adversarial-positive__70,edge__adversarial-positive,6,13,10,162,0.01993799999999979,10,778.6166859055267,1,4,7,0,0,,0,,147,baseline_co_known9,[],14304.037985384179,0,0.0,379.2807598,"[2, 3, 5, 10, 11, 13, 15, 16, 19, 20]",3,0,70,2,0,10,ordinary,9,continuous_dynamic_coverage_and_all_discovered_cleared,138,3792.807598,0.01996829203562811
8,0,True,0,0,0,0,0,edge__adversarial-positive__70,edge__adversarial-positive,7,11,10,176,0.021353999999998763,10,,,3,4,,,,0,0,163,task_nearest9,[],14824.026701741737,0,0.0,398.980534,"[2, 3, 5, 10, 11, 13, 15, 16, 19, 20]",3,,70,10,0,10,ordinary,9,full_coverage_and_all_discovered_cleared,157,3989.80534,0.02139237499795854
9,0,True,0,0,0,0,0,edge__adversarial-positive__70,edge__adversarial-positive,7,12,10,177,0.02134599999999942,10,,,3,5,,,,0,19,163,task_two_opt9,[],14582.937449223462,0,0.0,394.4587489,"[2, 3, 5, 10, 11, 13, 15, 16, 19, 20]",3,,70,10,0,10,ordinary,9,full_coverage_and_all_discovered_cleared,157,3944.587489,0.021391040994785726
14,0,True,0,0,0,0,0,edge__adversarial-positive__70,edge__adversarial-positive,5,13,10,170,0.022030000000000882,10,,,5,8,,,,0,19,155,task_no_share9,[],14683.991515121734,0,0.0,391.6798303,"[2, 3, 5, 10, 11, 13, 15, 16, 19, 20]",3,,70,0,0,10,ordinary,9,full_coverage_and_all_discovered_cleared,146,3916.798303,0.022077833011280745
8,0,True,0,0,0,0,0,edge__adversarial-positive__70,edge__adversarial-positive,7,12,10,171,0.02022099999999938,10,,,3,5,,,,0,19,157,task_weight05_9,[],14472.89641925548,0,0.0,388.8579284,"[2, 3, 5, 10, 11, 13, 15, 16, 19, 20]",3,,70,9,4,10,ordinary,9,full_coverage_and_all_discovered_cleared,153,3888.579284,0.020272540976293385
9,0,True,0,0,0,0,0,edge__adversarial-positive__70,edge__adversarial-positive,5,12,10,175,0.021538999999998865,10,,,5,7,,,,0,19,161,task_weight1_9,[],14493.222910584067,0,0.0,391.6644582,"[2, 3, 5, 10, 11, 13, 15, 16, 19, 20]",3,,70,8,0,10,ordinary,9,full_coverage_and_all_discovered_cleared,157,3916.644582,0.02156374999321997
10,0,True,0,0,0,0,0,edge__adversarial-positive__70,edge__adversarial-positive,8,11,10,178,0.023006000000000526,10,,,2,3,,,,0,19,165,task_trial40_9,[],14615.887789394961,0,0.0,395.91775590000003,"[2, 3, 5, 10, 11, 13, 15, 16, 19, 20]",3,,70,11,0,10,ordinary,9,full_coverage_and_all_discovered_cleared,158,3959.177559,0.02305095799965784
8,0,True,0,0,0,0,0,edge__adversarial-positive__70,edge__adversarial-positive,7,13,10,151,0.020343999999999696,10,,,3,6,,,,0,17,136,task_two_opt7,[],11716.265536095298,0,0.0,321.2253104,"[2, 3, 5, 10, 11, 13, 15, 16, 19, 20]",3,,70,15,0,10,ordinary,7,full_coverage_and_all_discovered_cleared,130,3212.253104,0.020344290998764336
19,0,True,,,,,,edge__adversarial-positive__71,edge__adversarial-positive,12,12,12,149,0.16646699999999903,12,,,,,,,,0,,135,baseline_peer9,[],16894.498093060443,0,0.0,352.99163483333336,"[1, 2, 4, 5, 7, 9, 10, 13, 17, 18, 19, 20]",3,,71,,,12,ordinary,9,full_coverage_and_all_discovered_cleared,122,4235.899618,0.16694450000068173
10,0,True,,,,,,edge__adversarial-positive__71,edge__adversarial-positive,5,15,12,151,0.021993999999999403,12,778.6166859055267,1,7,10,0,0,,0,,134,baseline_co_known9,[],14865.566931920845,0,0.0,319.5927824166667,"[1, 2, 4, 5, 7, 9, 10, 13, 17, 18, 19, 20]",3,0,71,8,0,12,ordinary,9,continuous_dynamic_coverage_and_all_discovered_cleared,123,3835.113389,0.022027332975994796
5,0,True,0,0,0,0,0,edge__adversarial-positive__71,edge__adversarial-positive,5,13,12,175,0.022358000000000544,12,,,7,8,,,,0,0,160,task_nearest9,[],12327.457684316487,0,0.0,289.79096150000004,"[1, 2, 4, 5, 7, 9, 10, 13, 17, 18, 19, 20]",3,,71,17,1,12,ordinary,9,full_coverage_and_all_discovered_cleared,149,3477.491538,0.022408374992664903
9,0,True,0,0,0,0,0,edge__adversarial-positive__71,edge__adversarial-positive,6,14,12,178,0.025610999999999606,12,,,6,8,,,,0,21,162,task_two_opt9,[],12590.346665259718,0,0.0,295.17244458333334,"[1, 2, 4, 5, 7, 9, 10, 13, 17, 18, 19, 20]",3,,71,16,1,12,ordinary,9,full_coverage_and_all_discovered_cleared,148,3542.069335,0.025625167007092386
16,0,True,0,0,0,0,0,edge__adversarial-positive__71,edge__adversarial-positive,8,17,12,173,0.023578999999999795,12,,,4,9,,,,0,21,154,task_no_share9,[],15468.315326702845,0,0.0,340.13858899999997,"[1, 2, 4, 5, 7, 9, 10, 13, 17, 18, 19, 20]",3,,71,0,0,12,ordinary,9,full_coverage_and_all_discovered_cleared,143,4081.663068,0.02361579204443842
9,0,True,0,0,0,0,0,edge__adversarial-positive__71,edge__adversarial-positive,4,13,12,177,0.026339000000000112,12,,,8,9,,,,0,21,162,task_weight05_9,[],12631.091891254995,0,0.0,295.76819816666665,"[1, 2, 4, 5, 7, 9, 10, 13, 17, 18, 19, 20]",3,,71,16,1,12,ordinary,9,full_coverage_and_all_discovered_cleared,150,3549.218378,0.02638691698666662
11,0,True,0,0,0,0,0,edge__adversarial-positive__71,edge__adversarial-positive,6,15,12,184,0.02906699999999951,12,,,6,9,,,,0,21,167,task_weight1_9,[],12537.190649870723,0,0.0,297.2031776666667,"[1, 2, 4, 5, 7, 9, 10, 13, 17, 18, 19, 20]",3,,71,18,0,12,ordinary,9,full_coverage_and_all_discovered_cleared,155,3566.438132,0.02913600002648309
10,0,True,0,0,0,0,0,edge__adversarial-positive__71,edge__adversarial-positive,8,13,12,178,0.027623000000000175,12,,,4,5,,,,0,21,163,task_trial40_9,[],12600.677296387585,0,0.0,295.6779550833333,"[1, 2, 4, 5, 7, 9, 10, 13, 17, 18, 19, 20]",3,,71,16,1,12,ordinary,9,full_coverage_and_all_discovered_cleared,150,3548.135461,0.027680625033099204
9,0,True,0,0,0,0,0,edge__adversarial-positive__71,edge__adversarial-positive,5,14,12,150,0.022693999999999548,12,,,7,9,,,,0,19,134,task_two_opt7,[],13787.727539504634,0,0.0,301.37879225,"[1, 2, 4, 5, 7, 9, 10, 13, 17, 18, 19, 20]",3,,71,12,0,12,ordinary,7,full_coverage_and_all_discovered_cleared,123,3616.545507,0.022694083978421986
16,0,True,,,,,,edge__adversarial-negative__67,edge__adversarial-negative,10,10,10,160,0.13855600000000123,10,,,,,,,,0,,148,baseline_peer9,[],15713.38844696935,0,0.0,407.06776890000003,"[4, 5, 7, 8, 9, 10, 14, 15, 18, 19]",3,,67,,,10,ordinary,9,full_coverage_and_all_discovered_cleared,138,4070.677689,0.13880487502319738
9,0,True,,,,,,edge__adversarial-negative__67,edge__adversarial-negative,8,13,10,157,0.01900499999999994,10,778.6166859055267,1,2,5,0,0,,0,,142,baseline_co_known9,[],12304.563549400442,0,0.0,336.5912707,"[4, 5, 7, 8, 9, 10, 14, 15, 18, 19]",3,0,67,6,0,10,ordinary,9,continuous_dynamic_coverage_and_all_discovered_cleared,136,3365.912707,0.01900516595924273
9,0,True,0,0,0,0,0,edge__adversarial-negative__67,edge__adversarial-negative,8,13,10,157,0.018743999999998096,10,,,2,5,,,,0,0,142,task_nearest9,[],12304.563549400442,0,0.0,336.5912707,"[4, 5, 7, 8, 9, 10, 14, 15, 18, 19]",3,,67,6,0,10,ordinary,9,full_coverage_and_all_discovered_cleared,136,3365.912707,0.01884541701292619
9,0,True,0,0,0,0,0,edge__adversarial-negative__67,edge__adversarial-negative,8,13,10,157,0.018781999999998078,10,,,2,5,,,,0,19,142,task_two_opt9,[],12304.563549400442,0,0.0,336.5912707,"[4, 5, 7, 8, 9, 10, 14, 15, 18, 19]",3,,67,6,0,10,ordinary,9,full_coverage_and_all_discovered_cleared,136,3365.912707,0.0187811249634251
13,0,True,0,0,0,0,0,edge__adversarial-negative__67,edge__adversarial-negative,7,13,10,155,0.019823999999999842,10,,,3,6,,,,0,19,140,task_no_share9,[],14135.850150323986,0,0.0,372.01700300000005,"[4, 5, 7, 8, 9, 10, 14, 15, 18, 19]",3,,67,0,0,10,ordinary,9,full_coverage_and_all_discovered_cleared,134,3720.17003,0.01986770797520876
11,0,True,0,0,0,0,0,edge__adversarial-negative__67,edge__adversarial-negative,9,14,10,160,0.020331999999999795,10,,,1,5,,,,0,19,144,task_weight05_9,[],12194.38207992398,0,0.0,335.8876416,"[4, 5, 7, 8, 9, 10, 14, 15, 18, 19]",3,,67,6,0,10,ordinary,9,full_coverage_and_all_discovered_cleared,138,3358.876416,0.020402625028509647
11,0,True,0,0,0,0,0,edge__adversarial-negative__67,edge__adversarial-negative,6,13,10,159,0.02094499999999755,10,,,4,7,,,,0,19,144,task_weight1_9,[],12028.045458432467,0,0.0,332.2609094,"[4, 5, 7, 8, 9, 10, 14, 15, 18, 19]",3,,67,6,0,10,ordinary,9,full_coverage_and_all_discovered_cleared,138,3322.609094,0.020960666006430984
9,0,True,0,0,0,0,0,edge__adversarial-negative__67,edge__adversarial-negative,8,10,10,154,0.02033800000000241,10,,,2,2,,,,0,19,142,task_trial40_9,[],12385.357007308861,0,0.0,337.3071398,"[4, 5, 7, 8, 9, 10, 14, 15, 18, 19]",3,,67,6,0,10,ordinary,9,full_coverage_and_all_discovered_cleared,136,3373.071398,0.02037404099246487
8,0,True,0,0,0,0,0,edge__adversarial-negative__67,edge__adversarial-negative,5,13,10,137,0.017949999999999022,10,,,5,8,,,,0,17,122,task_two_opt7,[],11188.024828743675,0,0.0,302.2604965,"[4, 5, 7, 8, 9, 10, 14, 15, 18, 19]",3,,67,8,0,10,ordinary,7,full_coverage_and_all_discovered_cleared,116,3022.604965,0.017949083994608372
25,0,True,,,,,,edge__adversarial-negative__68,edge__adversarial-negative,15,15,15,158,0.22812300000000008,15,,,,,,,,0,,141,baseline_peer9,[],18780.008140250116,0,0.0,310.8667753333333,"[2, 4, 5, 6, 8, 9, 11, 12, 13, 14, 15, 16, 17, 19, 20]",3,,68,,,15,ordinary,9,full_coverage_and_all_discovered_cleared,127,4663.00163,0.22891595802502707
14,0,True,,,,,,edge__adversarial-negative__68,edge__adversarial-negative,13,17,15,153,0.028707000000000704,15,778.6166859055267,1,2,4,0,0,,0,,134,baseline_co_known9,[],14719.214040174911,0,0.0,254.65618713333333,"[2, 4, 5, 6, 8, 9, 11, 12, 13, 14, 15, 16, 17, 19, 20]",3,0,68,10,0,15,ordinary,9,continuous_dynamic_coverage_and_all_discovered_cleared,125,3819.842807,0.028790917014703155
12,0,True,0,0,0,0,0,edge__adversarial-negative__68,edge__adversarial-negative,12,16,15,159,0.029989999999997963,15,,,3,4,,,,0,0,141,task_nearest9,[],14405.7616410696,0,0.0,252.87682193333333,"[2, 4, 5, 6, 8, 9, 11, 12, 13, 14, 15, 16, 17, 19, 20]",3,,68,19,0,15,ordinary,9,full_coverage_and_all_discovered_cleared,129,3793.152329,0.030012540984898806
12,0,True,0,0,0,0,0,edge__adversarial-negative__68,edge__adversarial-negative,12,16,15,159,0.030611000000000388,15,,,3,4,,,,0,24,141,task_two_opt9,[],14405.7616410696,0,0.0,252.87682193333333,"[2, 4, 5, 6, 8, 9, 11, 12, 13, 14, 15, 16, 17, 19, 20]",3,,68,19,0,15,ordinary,9,full_coverage_and_all_discovered_cleared,129,3793.152329,0.03066299995407462
21,0,True,0,0,0,0,0,edge__adversarial-negative__68,edge__adversarial-negative,13,18,15,151,0.029804999999999637,15,,,2,5,,,,0,24,131,task_no_share9,[],17253.724847350335,0,0.0,287.382998,"[2, 4, 5, 6, 8, 9, 11, 12, 13, 14, 15, 16, 17, 19, 20]",3,,68,0,0,15,ordinary,9,full_coverage_and_all_discovered_cleared,121,4310.74497,0.029823958000633866
12,0,True,0,0,0,0,0,edge__adversarial-negative__68,edge__adversarial-negative,9,16,15,159,0.030466000000000548,15,,,6,7,,,,0,24,141,task_weight05_9,[],14405.411537616947,0,0.0,252.87215393333332,"[2, 4, 5, 6, 8, 9, 11, 12, 13, 14, 15, 16, 17, 19, 20]",3,,68,19,0,15,ordinary,9,full_coverage_and_all_discovered_cleared,129,3793.082309,0.03046620899112895
13,0,True,0,0,0,0,0,edge__adversarial-negative__68,edge__adversarial-negative,6,17,15,159,0.030913000000001745,15,,,9,11,,,,0,24,140,task_weight1_9,[],14261.258656498,0,0.0,250.81678206666666,"[2, 4, 5, 6, 8, 9, 11, 12, 13, 14, 15, 16, 17, 19, 20]",3,,68,17,0,15,ordinary,9,full_coverage_and_all_discovered_cleared,129,3762.251731,0.03094583295751363
12,0,True,0,0,0,0,0,edge__adversarial-negative__68,edge__adversarial-negative,12,15,15,158,0.030770000000000408,15,,,3,3,,,,0,24,141,task_trial40_9,[],14434.215899517203,0,0.0,253.056212,"[2, 4, 5, 6, 8, 9, 11, 12, 13, 14, 15, 16, 17, 19, 20]",3,,68,19,0,15,ordinary,9,full_coverage_and_all_discovered_cleared,129,3795.84318,0.030798708030488342
11,0,True,0,0,0,0,0,edge__adversarial-negative__68,edge__adversarial-negative,11,19,15,148,0.02814300000000003,15,,,4,8,,,,0,22,127,task_two_opt7,[],13313.942872235115,0,0.0,233.3859048,"[2, 4, 5, 6, 8, 9, 11, 12, 13, 14, 15, 16, 17, 19, 20]",3,,68,24,0,15,ordinary,7,full_coverage_and_all_discovered_cleared,116,3500.788572,0.028225624992046505
27,0,True,,,,,,edge__adversarial-negative__69,edge__adversarial-negative,15,15,15,164,0.23491200000000134,15,,,,,,,,0,,147,baseline_peer9,[],18308.46469394856,0,0.0,306.97952926666665,"[2, 3, 4, 5, 6, 7, 8, 9, 10, 11, 12, 13, 14, 16, 18]",3,,69,,,15,ordinary,9,full_coverage_and_all_discovered_cleared,133,4604.692939,0.23530025000218302
13,0,True,,,,,,edge__adversarial-negative__69,edge__adversarial-negative,7,17,15,144,0.025517000000000678,15,778.6166859055267,1,8,10,0,0,,0,,125,baseline_co_known9,[],15114.125676551554,0,0.0,256.58834233333334,"[2, 3, 4, 5, 6, 7, 8, 9, 10, 11, 12, 13, 14, 16, 18]",3,0,69,5,0,15,ordinary,9,continuous_dynamic_coverage_and_all_discovered_cleared,120,3848.825135,0.025546416989527643
11,0,True,0,0,0,0,0,edge__adversarial-negative__69,edge__adversarial-negative,7,18,15,173,0.027317000000000036,15,,,8,11,,,,0,0,153,task_nearest9,[],13523.226376024091,0,0.0,246.57635173333335,"[2, 3, 4, 5, 6, 7, 8, 9, 10, 11, 12, 13, 14, 16, 18]",3,,69,14,0,15,ordinary,9,full_coverage_and_all_discovered_cleared,145,3698.645276,0.02738308400148526
11,0,True,0,0,0,0,0,edge__adversarial-negative__69,edge__adversarial-negative,7,18,15,173,0.02799800000000019,15,,,8,11,,,,0,24,153,task_two_opt9,[],13523.226376024091,0,0.0,246.57635173333335,"[2, 3, 4, 5, 6, 7, 8, 9, 10, 11, 12, 13, 14, 16, 18]",3,,69,14,0,15,ordinary,9,full_coverage_and_all_discovered_cleared,145,3698.645276,0.02803941600723192
18,0,True,0,0,0,0,0,edge__adversarial-negative__69,edge__adversarial-negative,8,18,15,165,0.027678000000001646,15,,,7,10,,,,0,24,145,task_no_share9,[],15815.357734670599,0,0.0,274.0714366,"[2, 3, 4, 5, 6, 7, 8, 9, 10, 11, 12, 13, 14, 16, 18]",3,,69,0,0,15,ordinary,9,full_coverage_and_all_discovered_cleared,139,4111.071549,0.02773087500827387
12,0,True,0,0,0,0,0,edge__adversarial-negative__69,edge__adversarial-negative,6,19,15,175,0.028270999999996604,15,,,9,13,,,,0,24,154,task_weight05_9,[],13555.712999477397,0,0.0,247.54284,"[2, 3, 4, 5, 6, 7, 8, 9, 10, 11, 12, 13, 14, 16, 18]",3,,69,14,0,15,ordinary,9,full_coverage_and_all_discovered_cleared,145,3713.1426,0.02833762497175485
12,0,True,0,0,0,0,0,edge__adversarial-negative__69,edge__adversarial-negative,8,19,15,179,0.029413000000001688,15,,,7,11,,,,0,24,158,task_weight1_9,[],13550.093937182306,0,0.0,249.13458586666667,"[2, 3, 4, 5, 6, 7, 8, 9, 10, 11, 12, 13, 14, 16, 18]",3,,69,18,0,15,ordinary,9,full_coverage_and_all_discovered_cleared,150,3737.018788,0.02962750004371628
12,0,True,0,0,0,0,0,edge__adversarial-negative__69,edge__adversarial-negative,8,16,15,173,0.031047000000000935,15,,,7,8,,,,0,24,155,task_trial40_9,[],13520.090017396224,0,0.0,246.80120026666665,"[2, 3, 4, 5, 6, 7, 8, 9, 10, 11, 12, 13, 14, 16, 18]",3,,69,15,0,15,ordinary,9,full_coverage_and_all_discovered_cleared,145,3702.018004,0.03110354096861556
11,0,True,0,0,0,0,0,edge__adversarial-negative__69,edge__adversarial-negative,7,20,15,154,0.027169000000000665,15,,,8,13,,,,0,22,132,task_two_opt7,[],13725.103462223138,0,0.0,241.20137946666668,"[2, 3, 4, 5, 6, 7, 8, 9, 10, 11, 12, 13, 14, 16, 18]",3,,69,17,0,15,ordinary,7,full_coverage_and_all_discovered_cleared,123,3618.020692,0.027208167011849582
19,0,True,,,,,,edge__adversarial-negative__70,edge__adversarial-negative,10,10,10,165,0.17124199999999945,10,,,,,,,,0,,153,baseline_peer9,[],17840.74488456368,0,0.0,452.31489769999996,"[2, 3, 5, 10, 11, 13, 15, 16, 19, 20]",3,,70,,,10,ordinary,9,full_coverage_and_all_discovered_cleared,140,4523.148977,0.17145741602871567
14,0,True,,,,,,edge__adversarial-negative__70,edge__adversarial-negative,8,13,10,166,0.023554999999998216,10,778.6166859055267,1,2,5,0,0,,0,,151,baseline_co_known9,[],13763.822163623423,0,0.0,370.8764432,"[2, 3, 5, 10, 11, 13, 15, 16, 19, 20]",3,0,70,4,0,10,ordinary,9,continuous_dynamic_coverage_and_all_discovered_cleared,142,3708.764432,0.023586000024806708
10,0,True,0,0,0,0,0,edge__adversarial-negative__70,edge__adversarial-negative,8,14,10,179,0.021777999999997633,10,,,2,6,,,,0,0,163,task_nearest9,[],14894.247656216618,0,0.0,401.1849529,"[2, 3, 5, 10, 11, 13, 15, 16, 19, 20]",3,,70,8,0,10,ordinary,9,full_coverage_and_all_discovered_cleared,156,4011.849529,0.021836458996403962
11,0,True,0,0,0,0,0,edge__adversarial-negative__70,edge__adversarial-negative,8,15,10,180,0.021943000000000268,10,,,2,7,,,,0,19,163,task_two_opt9,[],14615.114368109851,0,0.0,395.9022871,"[2, 3, 5, 10, 11, 13, 15, 16, 19, 20]",3,,70,8,0,10,ordinary,9,full_coverage_and_all_discovered_cleared,156,3959.022871,0.022001625038683414
15,0,True,0,0,0,0,0,edge__adversarial-negative__70,edge__adversarial-negative,8,16,10,174,0.02140600000000248,10,,,2,8,,,,0,19,156,task_no_share9,[],14708.716557282154,0,0.0,393.574331,"[2, 3, 5, 10, 11, 13, 15, 16, 19, 20]",3,,70,0,0,10,ordinary,9,full_coverage_and_all_discovered_cleared,146,3935.74331,0.021405540988780558
11,0,True,0,0,0,0,0,edge__adversarial-negative__70,edge__adversarial-negative,7,15,10,180,0.021271999999999736,10,,,3,8,,,,0,19,163,task_weight05_9,[],14369.861672055991,0,0.0,391.0972333,"[2, 3, 5, 10, 11, 13, 15, 16, 19, 20]",3,,70,8,0,10,ordinary,9,full_coverage_and_all_discovered_cleared,157,3910.972333,0.02130399999441579
10,0,True,0,0,0,0,0,edge__adversarial-negative__70,edge__adversarial-negative,6,14,10,177,0.02105900000000105,10,,,4,8,,,,0,19,161,task_weight1_9,[],14358.638182107483,0,0.0,389.4727638,"[2, 3, 5, 10, 11, 13, 15, 16, 19, 20]",3,,70,7,0,10,ordinary,9,full_coverage_and_all_discovered_cleared,156,3894.727638,0.021100124984513968
11,0,True,0,0,0,0,0,edge__adversarial-negative__70,edge__adversarial-negative,9,12,10,177,0.023381999999998015,10,,,1,3,,,,0,19,163,task_trial40_9,[],14634.337898154252,0,0.0,395.48675790000004,"[2, 3, 5, 10, 11, 13, 15, 16, 19, 20]",3,,70,8,0,10,ordinary,9,full_coverage_and_all_discovered_cleared,157,3954.867579,0.023382707964628935
8,0,True,0,0,0,0,0,edge__adversarial-negative__70,edge__adversarial-negative,8,13,10,153,0.0220729999999989,10,,,2,5,,,,0,17,138,task_two_opt7,[],11750.054757870495,0,0.0,323.1010953,"[2, 3, 5, 10, 11, 13, 15, 16, 19, 20]",3,,70,17,0,10,ordinary,7,full_coverage_and_all_discovered_cleared,132,3231.010953,0.022099874971900135
21,0,True,,,,,,edge__adversarial-negative__71,edge__adversarial-negative,12,12,12,151,0.18769600000000253,12,,,,,,,,0,,137,baseline_peer9,[],17017.16020151205,0,0.0,355.86933675,"[1, 2, 4, 5, 7, 9, 10, 13, 17, 18, 19, 20]",3,,71,,,12,ordinary,9,full_coverage_and_all_discovered_cleared,122,4270.432041,0.18925741699058563
8,0,True,,,,,,edge__adversarial-negative__71,edge__adversarial-negative,5,12,12,148,0.022840999999999667,12,778.6166859055267,1,7,7,0,0,,0,,134,baseline_co_known9,[],14933.79117811615,0,0.0,320.06318616666664,"[1, 2, 4, 5, 7, 9, 10, 13, 17, 18, 19, 20]",3,0,71,10,0,12,ordinary,9,continuous_dynamic_coverage_and_all_discovered_cleared,124,3840.758234,0.022910416999366134
6,0,True,0,0,0,0,0,edge__adversarial-negative__71,edge__adversarial-negative,6,13,12,176,0.024274000000001905,12,,,6,7,,,,0,0,161,task_nearest9,[],12319.758055832395,0,0.0,290.07930108333335,"[1, 2, 4, 5, 7, 9, 10, 13, 17, 18, 19, 20]",3,,71,17,1,12,ordinary,9,full_coverage_and_all_discovered_cleared,149,3480.951613,0.024657458008732647
6,0,True,0,0,0,0,0,edge__adversarial-negative__71,edge__adversarial-negative,6,13,12,176,0.02478399999999681,12,,,6,7,,,,0,21,161,task_two_opt9,[],12319.758055832395,0,0.0,290.07930108333335,"[1, 2, 4, 5, 7, 9, 10, 13, 17, 18, 19, 20]",3,,71,17,1,12,ordinary,9,full_coverage_and_all_discovered_cleared,149,3480.951613,0.024864000035449862
17,0,True,0,0,0,0,0,edge__adversarial-negative__71,edge__adversarial-negative,8,17,12,174,0.02523700000000062,12,,,4,9,,,,0,21,155,task_no_share9,[],15319.400474784856,0,0.0,338.07334108333333,"[1, 2, 4, 5, 7, 9, 10, 13, 17, 18, 19, 20]",3,,71,0,0,12,ordinary,9,full_coverage_and_all_discovered_cleared,143,4056.880093,0.025248833000659943
7,0,True,0,0,0,0,0,edge__adversarial-negative__71,edge__adversarial-negative,5,15,12,181,0.025549999999999073,12,,,7,10,,,,0,21,164,task_weight05_9,[],12156.808636758627,0,0.0,289.3634774166667,"[1, 2, 4, 5, 7, 9, 10, 13, 17, 18, 19, 20]",3,,71,18,0,12,ordinary,9,full_coverage_and_all_discovered_cleared,152,3472.361729,0.02557229099329561
7,0,True,0,0,0,0,0,edge__adversarial-negative__71,edge__adversarial-negative,6,15,12,182,0.02597899999999953,12,,,6,9,,,,0,21,165,task_weight1_9,[],12151.34894357179,0,0.0,289.8558156666667,"[1, 2, 4, 5, 7, 9, 10, 13, 17, 18, 19, 20]",3,,71,19,0,12,ordinary,9,full_coverage_and_all_discovered_cleared,154,3478.269788,0.02600054198410362
7,0,True,0,0,0,0,0,edge__adversarial-negative__71,edge__adversarial-negative,7,13,12,177,0.025587999999999056,12,,,5,6,,,,0,21,162,task_trial40_9,[],12338.010168656709,0,0.0,290.80016958333334,"[1, 2, 4, 5, 7, 9, 10, 13, 17, 18, 19, 20]",3,,71,17,1,12,ordinary,9,full_coverage_and_all_discovered_cleared,149,3489.602035,0.025709708977956325
8,0,True,0,0,0,0,0,edge__adversarial-negative__71,edge__adversarial-negative,5,13,12,149,0.0224189999999993,12,,,7,8,,,,0,19,134,task_two_opt7,[],13706.8760665383,0,0.0,299.94793450000003,"[1, 2, 4, 5, 7, 9, 10, 13, 17, 18, 19, 20]",3,,71,13,0,12,ordinary,7,full_coverage_and_all_discovered_cleared,125,3599.375214,0.022517999983392656
15,0,True,,,,,,edge__adversarial-spatial__67,edge__adversarial-spatial,10,10,10,159,0.1290300000000002,10,,,,,,,,0,,147,baseline_peer9,[],16407.15602524838,0,0.0,420.44312049999996,"[4, 5, 7, 8, 9, 10, 14, 15, 18, 19]",3,,67,,,10,ordinary,9,full_coverage_and_all_discovered_cleared,138,4204.431205,0.12918499996885657
12,0,True,,,,,,edge__adversarial-spatial__67,edge__adversarial-spatial,9,15,10,160,0.019729000000001662,10,778.6166859055267,1,1,6,0,0,,0,,143,baseline_co_known9,[],13266.576076689702,0,0.0,356.93152169999996,"[4, 5, 7, 8, 9, 10, 14, 15, 18, 19]",3,0,67,4,0,10,ordinary,9,continuous_dynamic_coverage_and_all_discovered_cleared,136,3569.315217,0.01976291701430455
12,0,True,0,0,0,0,0,edge__adversarial-spatial__67,edge__adversarial-spatial,9,15,10,160,0.019359999999998934,10,,,1,6,,,,0,0,143,task_nearest9,[],14400.38801133158,0,0.0,379.6077604,"[4, 5, 7, 8, 9, 10, 14, 15, 18, 19]",3,,67,4,6,10,ordinary,9,full_coverage_and_all_discovered_cleared,136,3796.077604,0.019381416961550713
12,0,True,0,0,0,0,0,edge__adversarial-spatial__67,edge__adversarial-spatial,9,15,10,160,0.01977899999999977,10,,,1,6,,,,0,19,143,task_two_opt9,[],13088.843801532772,0,0.0,353.3768761,"[4, 5, 7, 8, 9, 10, 14, 15, 18, 19]",3,,67,4,0,10,ordinary,9,full_coverage_and_all_discovered_cleared,136,3533.768761,0.01979849999770522
17,0,True,0,0,0,0,0,edge__adversarial-spatial__67,edge__adversarial-spatial,9,15,10,161,0.0229600000000012,10,,,1,6,,,,0,19,144,task_no_share9,[],14453.441184092719,0,0.0,380.9688241,"[4, 5, 7, 8, 9, 10, 14, 15, 18, 19]",3,,67,0,0,10,ordinary,9,full_coverage_and_all_discovered_cleared,134,3809.688241,0.02299091697204858
13,0,True,0,0,0,0,0,edge__adversarial-spatial__67,edge__adversarial-spatial,10,16,10,163,0.020837000000000216,10,,,0,6,,,,0,19,145,task_weight05_9,[],13052.908321825225,0,0.0,354.0581666,"[4, 5, 7, 8, 9, 10, 14, 15, 18, 19]",3,,67,5,0,10,ordinary,9,full_coverage_and_all_discovered_cleared,137,3540.581666,0.020853583002462983
15,0,True,0,0,0,0,0,edge__adversarial-spatial__67,edge__adversarial-spatial,9,18,10,167,0.022480999999999085,10,,,0,7,,,,0,19,147,task_weight1_9,[],12918.963025780415,1,10.920072483655433,352.97926040000004,"[4, 5, 7, 8, 9, 10, 14, 15, 18, 19]",3,,67,5,0,10,ordinary,9,full_coverage_and_all_discovered_cleared,137,3529.792604,0.022489583992864937
12,0,True,0,0,0,0,0,edge__adversarial-spatial__67,edge__adversarial-spatial,9,12,10,157,0.021496999999996547,10,,,1,3,,,,0,19,143,task_trial40_9,[],13081.575238562735,0,0.0,352.331505,"[4, 5, 7, 8, 9, 10, 14, 15, 18, 19]",3,,67,4,0,10,ordinary,9,full_coverage_and_all_discovered_cleared,136,3523.31505,0.02153516700491309
10,0,True,0,0,0,0,0,edge__adversarial-spatial__67,edge__adversarial-spatial,8,14,10,139,0.01921000000000106,10,,,2,6,,,,0,17,123,task_two_opt7,[],11299.717712602629,0,0.0,305.0943539,"[4, 5, 7, 8, 9, 10, 14, 15, 18, 19]",3,,67,7,0,10,ordinary,7,full_coverage_and_all_discovered_cleared,114,3050.943539,0.019240333989728242
24,0,True,,,,,,edge__adversarial-spatial__68,edge__adversarial-spatial,15,15,15,157,0.21272300000000044,15,,,,,,,,0,,140,baseline_peer9,[],18914.37933190866,0,0.0,312.32505786666667,"[2, 4, 5, 6, 8, 9, 11, 12, 13, 14, 15, 16, 17, 19, 20]",3,,68,,,15,ordinary,9,full_coverage_and_all_discovered_cleared,127,4684.875868,0.21298333402955905
16,0,True,,,,,,edge__adversarial-spatial__68,edge__adversarial-spatial,15,20,15,159,0.029385000000001327,15,778.6166859055267,1,0,5,0,0,,0,,137,baseline_co_known9,[],14644.92017204662,0,0.0,255.39893586666668,"[2, 4, 5, 6, 8, 9, 11, 12, 13, 14, 15, 16, 17, 19, 20]",3,0,68,11,0,15,ordinary,9,continuous_dynamic_coverage_and_all_discovered_cleared,127,3830.984038,0.029403500026091933
14,0,True,0,0,0,0,0,edge__adversarial-spatial__68,edge__adversarial-spatial,15,19,15,161,0.027633000000001573,15,,,0,4,,,,0,0,140,task_nearest9,[],14391.082642644576,0,0.0,253.01443533333335,"[2, 4, 5, 6, 8, 9, 11, 12, 13, 14, 15, 16, 17, 19, 20]",3,,68,16,0,15,ordinary,9,full_coverage_and_all_discovered_cleared,130,3795.21653,0.027662541018798947
14,0,True,0,0,0,0,0,edge__adversarial-spatial__68,edge__adversarial-spatial,15,19,15,161,0.02910500000000127,15,,,0,4,,,,0,24,140,task_two_opt9,[],14391.082642644576,0,0.0,253.01443533333335,"[2, 4, 5, 6, 8, 9, 11, 12, 13, 14, 15, 16, 17, 19, 20]",3,,68,16,0,15,ordinary,9,full_coverage_and_all_discovered_cleared,130,3795.21653,0.029150834016036242
21,0,True,0,0,0,0,0,edge__adversarial-spatial__68,edge__adversarial-spatial,14,19,15,152,0.029381999999998243,15,,,1,5,,,,0,24,131,task_no_share9,[],17255.589059630638,0,0.0,287.60785426666666,"[2, 4, 5, 6, 8, 9, 11, 12, 13, 14, 15, 16, 17, 19, 20]",3,,68,0,0,15,ordinary,9,full_coverage_and_all_discovered_cleared,121,4314.117814,0.029405665991362184
15,0,True,0,0,0,0,0,edge__adversarial-spatial__68,edge__adversarial-spatial,12,21,15,164,0.029595999999997957,15,,,2,7,,,,0,24,141,task_weight05_9,[],14488.685964462682,1,10.137395138261372,255.04914633333334,"[2, 4, 5, 6, 8, 9, 11, 12, 13, 14, 15, 16, 17, 19, 20]",3,,68,16,0,15,ordinary,9,full_coverage_and_all_discovered_cleared,130,3825.737195,0.02962945803301409
19,0,True,0,0,0,0,0,edge__adversarial-spatial__68,edge__adversarial-spatial,11,22,15,171,0.03544300000000078,15,,,3,9,,,,0,24,147,task_weight1_9,[],14440.085216888052,1,10.137395138261372,256.86780293333334,"[2, 4, 5, 6, 8, 9, 11, 12, 13, 14, 15, 16, 17, 19, 20]",3,,68,18,0,15,ordinary,9,full_coverage_and_all_discovered_cleared,134,3853.017044,0.03548495803261176
14,0,True,0,0,0,0,0,edge__adversarial-spatial__68,edge__adversarial-spatial,15,19,15,161,0.0288080000000015,15,,,0,4,,,,0,24,140,task_trial40_9,[],14391.082642644576,0,0.0,253.01443533333335,"[2, 4, 5, 6, 8, 9, 11, 12, 13, 14, 15, 16, 17, 19, 20]",3,,68,16,0,15,ordinary,9,full_coverage_and_all_discovered_cleared,130,3795.21653,0.028837916033808142
16,0,True,0,0,0,0,0,edge__adversarial-spatial__68,edge__adversarial-spatial,15,21,15,157,0.03107599999999877,15,,,0,6,,,,0,22,134,task_two_opt7,[],13393.131079687084,0,0.0,237.50841446666666,"[2, 4, 5, 6, 8, 9, 11, 12, 13, 14, 15, 16, 17, 19, 20]",3,,68,26,0,15,ordinary,7,full_coverage_and_all_discovered_cleared,121,3562.626217,0.031114541983697563
27,0,True,,,,,,edge__adversarial-spatial__69,edge__adversarial-spatial,15,15,15,164,0.22703399999999974,15,,,,,,,,0,,147,baseline_peer9,[],18512.4654683547,0,0.0,309.69953960000004,"[2, 3, 4, 5, 6, 7, 8, 9, 10, 11, 12, 13, 14, 16, 18]",3,,69,,,15,ordinary,9,full_coverage_and_all_discovered_cleared,133,4645.493094,0.22724279103567824
21,0,True,,,,,,edge__adversarial-spatial__69,edge__adversarial-spatial,14,24,15,159,0.02940100000000001,15,778.6166859055267,1,1,10,0,0,,0,,133,baseline_co_known9,[],15788.656793188604,0,0.0,269.78209053333336,"[2, 3, 4, 5, 6, 7, 8, 9, 10, 11, 12, 13, 14, 16, 18]",3,0,69,5,0,15,ordinary,9,continuous_dynamic_coverage_and_all_discovered_cleared,122,4046.731358,0.029448000015690923
15,0,True,0,0,0,0,0,edge__adversarial-spatial__69,edge__adversarial-spatial,11,21,15,180,0.030063999999999425,15,,,4,10,,,,0,0,157,task_nearest9,[],13645.90038525694,0,0.0,250.2786716,"[2, 3, 4, 5, 6, 7, 8, 9, 10, 11, 12, 13, 14, 16, 18]",3,,69,14,0,15,ordinary,9,full_coverage_and_all_discovered_cleared,147,3754.180074,0.030098041985183954
15,0,True,0,0,0,0,0,edge__adversarial-spatial__69,edge__adversarial-spatial,11,21,15,180,0.030235000000001122,15,,,4,10,,,,0,24,157,task_two_opt9,[],13645.90038525694,0,0.0,250.2786716,"[2, 3, 4, 5, 6, 7, 8, 9, 10, 11, 12, 13, 14, 16, 18]",3,,69,14,0,15,ordinary,9,full_coverage_and_all_discovered_cleared,147,3754.180074,0.030252000025939196
24,0,True,0,0,0,0,0,edge__adversarial-spatial__69,edge__adversarial-spatial,12,23,15,176,0.03128300000000195,15,,,3,11,,,,0,24,151,task_no_share9,[],15981.124258713005,0,0.0,279.2816567333333,"[2, 3, 4, 5, 6, 7, 8, 9, 10, 11, 12, 13, 14, 16, 18]",3,,69,0,0,15,ordinary,9,full_coverage_and_all_discovered_cleared,139,4189.224851,0.031294040963985026
16,0,True,0,0,0,0,0,edge__adversarial-spatial__69,edge__adversarial-spatial,10,22,15,182,0.03063099999999963,15,,,5,12,,,,0,24,158,task_weight05_9,[],13684.388279216546,0,0.0,251.32517693333332,"[2, 3, 4, 5, 6, 7, 8, 9, 10, 11, 12, 13, 14, 16, 18]",3,,69,14,0,15,ordinary,9,full_coverage_and_all_discovered_cleared,147,3769.877654,0.030655958980787545
18,0,True,0,0,0,0,0,edge__adversarial-spatial__69,edge__adversarial-spatial,12,23,15,192,0.03388400000000047,15,,,3,11,,,,0,24,167,task_weight1_9,[],13593.16952625962,0,0.0,253.90892706666668,"[2, 3, 4, 5, 6, 7, 8, 9, 10, 11, 12, 13, 14, 16, 18]",3,,69,22,1,15,ordinary,9,full_coverage_and_all_discovered_cleared,156,3808.633906,0.03390258300350979
14,0,True,0,0,0,0,0,edge__adversarial-spatial__69,edge__adversarial-spatial,11,19,15,177,0.03047300000000064,15,,,4,8,,,,0,24,156,task_trial40_9,[],13602.591824537492,0,0.0,248.96789093333334,"[2, 3, 4, 5, 6, 7, 8, 9, 10, 11, 12, 13, 14, 16, 18]",3,,69,14,0,15,ordinary,9,full_coverage_and_all_discovered_cleared,147,3734.518364,0.03048983297776431
18,0,True,0,0,0,0,0,edge__adversarial-spatial__69,edge__adversarial-spatial,12,24,15,166,0.0316989999999997,15,,,3,12,,,,0,22,140,task_two_opt7,[],13774.878004808716,0,0.0,245.59837326666667,"[2, 3, 4, 5, 6, 7, 8, 9, 10, 11, 12, 13, 14, 16, 18]",3,,69,18,0,15,ordinary,7,full_coverage_and_all_discovered_cleared,127,3683.975599,0.03170887503074482
18,0,True,,,,,,edge__adversarial-spatial__70,edge__adversarial-spatial,10,10,10,164,0.1526139999999998,10,,,,,,,,0,,152,baseline_peer9,[],17957.93366034157,0,0.0,454.15867340000005,"[2, 3, 5, 10, 11, 13, 15, 16, 19, 20]",3,,70,,,10,ordinary,9,full_coverage_and_all_discovered_cleared,140,4541.586734,0.15278654196299613
15,0,True,,,,,,edge__adversarial-spatial__70,edge__adversarial-spatial,9,15,10,167,0.02236999999999867,10,778.6166859055267,1,1,6,0,0,,0,,150,baseline_co_known9,[],14587.827829667212,0,0.0,387.25655670000003,"[2, 3, 5, 10, 11, 13, 15, 16, 19, 20]",3,0,70,2,0,10,ordinary,9,continuous_dynamic_coverage_and_all_discovered_cleared,140,3872.565567,0.02238912502070889
10,0,True,0,0,0,0,0,edge__adversarial-spatial__70,edge__adversarial-spatial,8,14,10,179,0.02031700000000214,10,,,2,6,,,,0,0,163,task_nearest9,[],14865.965157230694,0,0.0,400.7193032,"[2, 3, 5, 10, 11, 13, 15, 16, 19, 20]",3,,70,9,1,10,ordinary,9,full_coverage_and_all_discovered_cleared,157,4007.193032,0.02035783400060609
10,0,True,0,0,0,0,0,edge__adversarial-spatial__70,edge__adversarial-spatial,8,14,10,179,0.021080999999998795,10,,,2,6,,,,0,19,163,task_two_opt9,[],14574.883367090097,0,0.0,394.8976673,"[2, 3, 5, 10, 11, 13, 15, 16, 19, 20]",3,,70,9,0,10,ordinary,9,full_coverage_and_all_discovered_cleared,157,3948.976673,0.021081749990116805
17,0,True,0,0,0,0,0,edge__adversarial-spatial__70,edge__adversarial-spatial,8,16,10,175,0.022926999999999254,10,,,2,8,,,,0,19,157,task_no_share9,[],14839.537435624017,0,0.0,396.5907487,"[2, 3, 5, 10, 11, 13, 15, 16, 19, 20]",3,,70,0,1,10,ordinary,9,full_coverage_and_all_discovered_cleared,145,3965.907487,0.02295295801013708
10,0,True,0,0,0,0,0,edge__adversarial-spatial__70,edge__adversarial-spatial,8,13,10,178,0.021629000000000786,10,,,2,5,,,,0,19,163,task_weight05_9,[],14442.735002290316,0,0.0,391.95470009999997,"[2, 3, 5, 10, 11, 13, 15, 16, 19, 20]",3,,70,9,0,10,ordinary,9,full_coverage_and_all_discovered_cleared,157,3919.547001,0.02166816603858024
10,0,True,0,0,0,0,0,edge__adversarial-spatial__70,edge__adversarial-spatial,8,13,10,178,0.02123600000000181,10,,,2,5,,,,0,19,163,task_weight1_9,[],14447.764013020185,0,0.0,392.0552803,"[2, 3, 5, 10, 11, 13, 15, 16, 19, 20]",3,,70,9,0,10,ordinary,9,full_coverage_and_all_discovered_cleared,157,3920.552803,0.02123524999478832
9,0,True,0,0,0,0,0,edge__adversarial-spatial__70,edge__adversarial-spatial,8,11,10,176,0.021632999999997793,10,,,2,3,,,,0,19,163,task_trial40_9,[],14588.229238560443,0,0.0,394.1645848,"[2, 3, 5, 10, 11, 13, 15, 16, 19, 20]",3,,70,10,0,10,ordinary,9,full_coverage_and_all_discovered_cleared,156,3941.645848,0.021652416966389865
11,0,True,0,0,0,0,0,edge__adversarial-spatial__70,edge__adversarial-spatial,9,14,10,153,0.022753000000001578,10,,,1,5,,,,0,17,137,task_two_opt7,[],11981.002308643467,0,0.0,327.420046,"[2, 3, 5, 10, 11, 13, 15, 16, 19, 20]",3,,70,13,0,10,ordinary,7,full_coverage_and_all_discovered_cleared,131,3274.20046,0.02282395795919001
20,0,True,,,,,,edge__adversarial-spatial__71,edge__adversarial-spatial,12,12,12,150,0.17412999999999812,12,,,,,,,,0,,136,baseline_peer9,[],17023.9289014413,0,0.0,355.5654818333333,"[1, 2, 4, 5, 7, 9, 10, 13, 17, 18, 19, 20]",3,,71,,,12,ordinary,9,full_coverage_and_all_discovered_cleared,122,4266.785782,0.17429791699396446
13,0,True,,,,,,edge__adversarial-spatial__71,edge__adversarial-spatial,9,16,12,174,0.027020000000000266,12,778.6166859055267,1,3,7,0,0,,0,,156,baseline_co_known9,[],14187.541357002685,0,0.0,318.95902275,"[1, 2, 4, 5, 7, 9, 10, 13, 17, 18, 19, 20]",3,0,71,12,0,12,ordinary,9,continuous_dynamic_coverage_and_all_discovered_cleared,138,3827.508273,0.027036874962504953
8,0,True,0,0,0,0,0,edge__adversarial-spatial__71,edge__adversarial-spatial,8,16,12,176,0.02411899999999889,12,,,4,8,,,,0,0,158,task_nearest9,[],12363.320635749382,0,0.0,289.88867741666667,"[1, 2, 4, 5, 7, 9, 10, 13, 17, 18, 19, 20]",3,,71,17,7,12,ordinary,9,full_coverage_and_all_discovered_cleared,144,3478.664129,0.024137083964888006
12,0,True,0,0,0,0,0,edge__adversarial-spatial__71,edge__adversarial-spatial,9,16,12,175,0.026730000000000587,12,,,3,7,,,,0,21,157,task_two_opt9,[],13050.480565771628,0,0.0,300.7580095833333,"[1, 2, 4, 5, 7, 9, 10, 13, 17, 18, 19, 20]",3,,71,14,7,12,ordinary,9,full_coverage_and_all_discovered_cleared,142,3609.096115,0.026735292049124837
18,0,True,0,0,0,0,0,edge__adversarial-spatial__71,edge__adversarial-spatial,8,17,12,175,0.0256779999999992,12,,,4,9,,,,0,21,156,task_no_share9,[],15470.791568828896,0,0.0,341.01319283333333,"[1, 2, 4, 5, 7, 9, 10, 13, 17, 18, 19, 20]",3,,71,0,0,12,ordinary,9,full_coverage_and_all_discovered_cleared,143,4092.158314,0.025696333032101393
13,0,True,0,0,0,0,0,edge__adversarial-spatial__71,edge__adversarial-spatial,8,16,12,176,0.027848000000002315,12,,,4,8,,,,0,21,158,task_weight05_9,[],13102.524185186296,0,0.0,302.29206991666666,"[1, 2, 4, 5, 7, 9, 10, 13, 17, 18, 19, 20]",3,,71,14,7,12,ordinary,9,full_coverage_and_all_discovered_cleared,145,3627.504839,0.027898833970539272
11,0,True,0,0,0,0,0,edge__adversarial-spatial__71,edge__adversarial-spatial,9,15,12,180,0.026596000000001396,12,,,3,6,,,,0,21,163,task_weight1_9,[],12713.306101165843,0,0.0,298.1384350833333,"[1, 2, 4, 5, 7, 9, 10, 13, 17, 18, 19, 20]",3,,71,15,1,12,ordinary,9,full_coverage_and_all_discovered_cleared,151,3577.661221,0.026605459046550095
11,0,True,0,0,0,0,0,edge__adversarial-spatial__71,edge__adversarial-spatial,9,15,12,173,0.02593699999999899,12,,,3,6,,,,0,21,156,task_trial40_9,[],12946.504858988337,0,0.0,298.5250810833333,"[1, 2, 4, 5, 7, 9, 10, 13, 17, 18, 19, 20]",3,,71,14,7,12,ordinary,9,full_coverage_and_all_discovered_cleared,144,3582.300973,0.02594520803540945
14,0,True,0,0,0,0,0,edge__adversarial-spatial__71,edge__adversarial-spatial,10,19,12,161,0.025283999999999196,12,,,2,9,,,,0,19,140,task_two_opt7,[],13756.291709862295,0,0.0,305.10486175,"[1, 2, 4, 5, 7, 9, 10, 13, 17, 18, 19, 20]",3,,71,13,0,12,ordinary,7,full_coverage_and_all_discovered_cleared,129,3661.258341,0.025299792003352195
20,0,True,,,,,,clustered__iid__67,clustered__iid,10,10,10,138,0.16671300000000144,10,,,,,,,,0,,126,baseline_peer9,[],17531.745660790853,0,0.0,429.5349134,"[4, 5, 7, 8, 9, 10, 14, 15, 18, 19]",3,,67,,,10,ordinary,9,full_coverage_and_all_discovered_cleared,109,4295.349134,0.16798962495522574
7,0,True,,,,,,clustered__iid__67,clustered__iid,4,11,10,134,0.0171689999999991,10,778.6166859055267,1,6,7,0,0,,0,,121,baseline_co_known9,[],14170.851127520238,0,0.0,360.6170224,"[4, 5, 7, 8, 9, 10, 14, 15, 18, 19]",3,0,67,5,0,10,ordinary,9,continuous_dynamic_coverage_and_all_discovered_cleared,114,3606.170224,0.017207417055033147
2,0,True,0,0,0,0,0,clustered__iid__67,clustered__iid,3,10,10,135,0.01515500000000003,10,,,7,7,,,,0,0,123,task_nearest9,[],11237.938408024167,0,0.0,302.5587681,"[4, 5, 7, 8, 9, 10, 14, 15, 18, 19]",3,,67,12,0,10,ordinary,9,full_coverage_and_all_discovered_cleared,113,3025.587681,0.01516687503317371
2,0,True,0,0,0,0,0,clustered__iid__67,clustered__iid,3,10,10,130,0.015225000000000932,10,,,7,7,,,,0,19,118,task_two_opt9,[],11112.608724852282,0,0.0,297.25217469999996,"[4, 5, 7, 8, 9, 10, 14, 15, 18, 19]",3,,67,10,0,10,ordinary,9,full_coverage_and_all_discovered_cleared,110,2972.521747,0.015239790955092758
6,0,True,0,0,0,0,0,clustered__iid__67,clustered__iid,4,10,10,163,0.02029100000000028,10,,,6,6,,,,0,19,151,task_no_share9,[],14032.310539225602,0,0.0,375.54621080000004,"[4, 5, 7, 8, 9, 10, 14, 15, 18, 19]",3,,67,0,0,10,ordinary,9,full_coverage_and_all_discovered_cleared,144,3755.462108,0.02029945800313726
2,0,True,0,0,0,0,0,clustered__iid__67,clustered__iid,3,10,10,129,0.014816999999997194,10,,,7,7,,,,0,19,117,task_weight05_9,[],11112.676652217719,0,0.0,296.6535331,"[4, 5, 7, 8, 9, 10, 14, 15, 18, 19]",3,,67,9,0,10,ordinary,9,full_coverage_and_all_discovered_cleared,109,2966.535331,0.014831540989689529
2,0,True,0,0,0,0,0,clustered__iid__67,clustered__iid,3,10,10,129,0.014752999999998906,10,,,7,7,,,,0,19,117,task_weight1_9,[],11112.676652217719,0,0.0,296.6535331,"[4, 5, 7, 8, 9, 10, 14, 15, 18, 19]",3,,67,9,0,10,ordinary,9,full_coverage_and_all_discovered_cleared,109,2966.535331,0.014780000026803464
3,0,True,0,0,0,0,0,clustered__iid__67,clustered__iid,4,10,10,131,0.016413999999997486,10,,,6,6,,,,0,19,119,task_trial40_9,[],11146.445143918636,0,0.0,298.5289032,"[4, 5, 7, 8, 9, 10, 14, 15, 18, 19]",3,,67,10,0,10,ordinary,9,full_coverage_and_all_discovered_cleared,111,2985.289032,0.016427458031103015
5,0,True,0,0,0,0,0,clustered__iid__67,clustered__iid,5,12,10,126,0.017278000000001015,10,,,5,7,,,,0,17,112,task_two_opt7,[],10101.902360834236,0,0.0,274.1380471,"[4, 5, 7, 8, 9, 10, 14, 15, 18, 19]",3,,67,12,0,10,ordinary,7,full_coverage_and_all_discovered_cleared,105,2741.380471,0.017291959025897086
21,0,True,,,,,,clustered__iid__68,clustered__iid,15,15,15,159,0.1691059999999993,15,,,,,,,,0,,142,baseline_peer9,[],16945.60296611555,0,0.0,286.94137293333335,"[2, 4, 5, 6, 8, 9, 11, 12, 13, 14, 15, 16, 17, 19, 20]",3,,68,,,15,ordinary,9,full_coverage_and_all_discovered_cleared,130,4304.120594,0.1692648750031367
5,0,True,,,,,,clustered__iid__68,clustered__iid,10,17,15,109,0.021371999999999503,15,778.6166859055267,1,5,7,0,0,,0,,90,baseline_co_known9,[],12031.668954594199,0,0.0,201.2889196,"[2, 4, 5, 6, 8, 9, 11, 12, 13, 14, 15, 16, 17, 19, 20]",3,0,68,16,0,15,ordinary,9,continuous_dynamic_coverage_and_all_discovered_cleared,82,3019.333794,0.02138174994615838
1,0,True,0,0,0,0,0,clustered__iid__68,clustered__iid,11,15,15,168,0.02337699999999998,15,,,4,4,,,,0,0,151,task_nearest9,[],10935.853415353853,0,0.0,210.41137893333334,"[2, 4, 5, 6, 8, 9, 11, 12, 13, 14, 15, 16, 17, 19, 20]",3,,68,24,8,15,ordinary,9,full_coverage_and_all_discovered_cleared,139,3156.170684,0.023399333003908396
1,0,True,0,0,0,0,0,clustered__iid__68,clustered__iid,12,15,15,169,0.025026000000000437,15,,,3,3,,,,0,24,152,task_two_opt9,[],10431.65588473006,0,0.0,204.22207846666666,"[2, 4, 5, 6, 8, 9, 11, 12, 13, 14, 15, 16, 17, 19, 20]",3,,68,25,7,15,ordinary,9,full_coverage_and_all_discovered_cleared,142,3063.331177,0.02503233397146687
14,0,True,0,0,0,0,0,clustered__iid__68,clustered__iid,9,17,15,165,0.03185900000000075,15,,,6,8,,,,0,24,146,task_no_share9,[],15614.471299863813,0,0.0,271.39295073333335,"[2, 4, 5, 6, 8, 9, 11, 12, 13, 14, 15, 16, 17, 19, 20]",3,,68,0,0,15,ordinary,9,full_coverage_and_all_discovered_cleared,137,4070.894261,0.031897249980829656
1,0,True,0,0,0,0,0,clustered__iid__68,clustered__iid,12,15,15,169,0.025504999999999,15,,,3,3,,,,0,24,152,task_weight05_9,[],10431.65588473006,0,0.0,204.22207846666666,"[2, 4, 5, 6, 8, 9, 11, 12, 13, 14, 15, 16, 17, 19, 20]",3,,68,25,7,15,ordinary,9,full_coverage_and_all_discovered_cleared,142,3063.331177,0.02557999995769933
1,0,True,0,0,0,0,0,clustered__iid__68,clustered__iid,12,15,15,169,0.025086999999999193,15,,,3,3,,,,0,24,152,task_weight1_9,[],10431.65588473006,0,0.0,204.22207846666666,"[2, 4, 5, 6, 8, 9, 11, 12, 13, 14, 15, 16, 17, 19, 20]",3,,68,25,7,15,ordinary,9,full_coverage_and_all_discovered_cleared,142,3063.331177,0.025120000005699694
2,0,True,0,0,0,0,0,clustered__iid__68,clustered__iid,13,15,15,170,0.026574000000000098,15,,,2,2,,,,0,24,153,task_trial40_9,[],10449.018958952676,0,0.0,204.85358613333335,"[2, 4, 5, 6, 8, 9, 11, 12, 13, 14, 15, 16, 17, 19, 20]",3,,68,25,7,15,ordinary,9,full_coverage_and_all_discovered_cleared,143,3072.803792,0.026614332979079336
3,0,True,0,0,0,0,0,clustered__iid__68,clustered__iid,12,15,15,117,0.023736000000003088,15,,,3,3,,,,0,22,100,task_two_opt7,[],11301.840958241544,0,0.0,195.15787953333333,"[2, 4, 5, 6, 8, 9, 11, 12, 13, 14, 15, 16, 17, 19, 20]",3,,68,23,5,15,ordinary,7,full_coverage_and_all_discovered_cleared,92,2927.368193,0.02378791698720306
29,0,True,,,,,,clustered__iid__69,clustered__iid,15,15,15,116,0.2247199999999978,15,,,,,,,,0,,99,baseline_peer9,[],22247.468171282133,0,0.0,339.89957553333335,"[2, 3, 4, 5, 6, 7, 8, 9, 10, 11, 12, 13, 14, 16, 18]",3,,69,,,15,ordinary,9,full_coverage_and_all_discovered_cleared,79,5098.493633,0.2255277920048684
6,0,True,,,,,,clustered__iid__69,clustered__iid,5,17,15,105,0.02299199999999857,15,778.6166859055267,1,10,12,0,0,,0,,86,baseline_co_known9,[],12871.667669538967,0,0.0,210.8222356,"[2, 3, 4, 5, 6, 7, 8, 9, 10, 11, 12, 13, 14, 16, 18]",3,0,69,17,0,15,ordinary,9,continuous_dynamic_coverage_and_all_discovered_cleared,77,3162.333534,0.022991875011939555
1,0,True,0,0,0,0,0,clustered__iid__69,clustered__iid,5,15,15,121,0.026080000000000325,15,,,10,10,,,,0,0,104,task_nearest9,[],10601.550183325133,0,0.0,187.42066913333335,"[2, 3, 4, 5, 6, 7, 8, 9, 10, 11, 12, 13, 14, 16, 18]",3,,69,23,2,15,ordinary,9,full_coverage_and_all_discovered_cleared,96,2811.310037,0.026463542017154396
4,0,True,0,0,0,0,0,clustered__iid__69,clustered__iid,5,17,15,118,0.0302599999999984,15,,,10,12,,,,0,24,99,task_two_opt9,[],10515.43620444024,0,0.0,184.67248273333334,"[2, 3, 4, 5, 6, 7, 8, 9, 10, 11, 12, 13, 14, 16, 18]",3,,69,26,1,15,ordinary,9,full_coverage_and_all_discovered_cleared,91,2770.087241,0.030516416998580098
6,0,True,0,0,0,0,0,clustered__iid__69,clustered__iid,4,17,15,109,0.02287899999999965,15,,,11,13,,,,0,24,90,task_no_share9,[],10905.322785411136,0,0.0,186.27097046666668,"[2, 3, 4, 5, 6, 7, 8, 9, 10, 11, 12, 13, 14, 16, 18]",3,,69,0,0,15,ordinary,9,full_coverage_and_all_discovered_cleared,82,2794.064557,0.02300270803971216
4,0,True,0,0,0,0,0,clustered__iid__69,clustered__iid,7,17,15,122,0.03090699999999913,15,,,8,10,,,,0,24,103,task_weight05_9,[],10505.587756155868,0,0.0,186.0078368,"[2, 3, 4, 5, 6, 7, 8, 9, 10, 11, 12, 13, 14, 16, 18]",3,,69,30,1,15,ordinary,9,full_coverage_and_all_discovered_cleared,93,2790.117552,0.031097583007067442
4,0,True,0,0,0,0,0,clustered__iid__69,clustered__iid,7,17,15,122,0.031036000000000286,15,,,8,10,,,,0,24,103,task_weight1_9,[],10505.587756155868,0,0.0,186.0078368,"[2, 3, 4, 5, 6, 7, 8, 9, 10, 11, 12, 13, 14, 16, 18]",3,,69,30,1,15,ordinary,9,full_coverage_and_all_discovered_cleared,93,2790.117552,0.03103604103671387
3,0,True,0,0,0,0,0,clustered__iid__69,clustered__iid,6,16,15,122,0.031936999999999216,15,,,9,10,,,,0,24,104,task_trial40_9,[],10430.561564343116,0,0.0,185.20748766666665,"[2, 3, 4, 5, 6, 7, 8, 9, 10, 11, 12, 13, 14, 16, 18]",3,,69,32,1,15,ordinary,9,full_coverage_and_all_discovered_cleared,94,2778.112315,0.03196808398934081
1,0,True,0,0,0,0,0,clustered__iid__69,clustered__iid,2,15,15,143,0.025114999999999554,15,,,13,13,,,,0,22,126,task_two_opt7,[],8581.75755682336,0,0.0,169.3567674,"[2, 3, 4, 5, 6, 7, 8, 9, 10, 11, 12, 13, 14, 16, 18]",3,,69,10,0,15,ordinary,7,full_coverage_and_all_discovered_cleared,119,2540.351511,0.02514633402461186
19,0,True,,,,,,clustered__iid__70,clustered__iid,10,10,10,144,0.15050800000000208,10,,,,,,,,0,,132,baseline_peer9,[],18506.95903610009,0,0.0,452.8391808,"[2, 3, 5, 10, 11, 13, 15, 16, 19, 20]",3,,70,,,10,ordinary,9,full_coverage_and_all_discovered_cleared,117,4528.391808,0.15071091696154326
8,0,True,,,,,,clustered__iid__70,clustered__iid,6,11,10,146,0.018978000000000605,10,778.6166859055267,1,4,5,0,0,,0,,133,baseline_co_known9,[],15409.131932006116,0,0.0,392.28263860000004,"[2, 3, 5, 10, 11, 13, 15, 16, 19, 20]",3,0,70,6,0,10,ordinary,9,continuous_dynamic_coverage_and_all_discovered_cleared,123,3922.826386,0.018995249993167818
2,0,True,0,0,0,0,0,clustered__iid__70,clustered__iid,6,10,10,137,0.016072000000001196,10,,,4,4,,,,0,0,125,task_nearest9,[],11794.789299622495,0,0.0,314.8957859,"[2, 3, 5, 10, 11, 13, 15, 16, 19, 20]",3,,70,13,1,10,ordinary,9,full_coverage_and_all_discovered_cleared,115,3148.957859,0.016121124965138733
2,0,True,0,0,0,0,0,clustered__iid__70,clustered__iid,4,10,10,136,0.01689000000000007,10,,,6,6,,,,0,19,124,task_two_opt9,[],11238.90879592167,0,0.0,303.3781759,"[2, 3, 5, 10, 11, 13, 15, 16, 19, 20]",3,,70,12,1,10,ordinary,9,full_coverage_and_all_discovered_cleared,116,3033.781759,0.016889333026483655
8,0,True,0,0,0,0,0,clustered__iid__70,clustered__iid,6,12,10,139,0.018383000000000038,10,,,4,6,,,,0,19,125,task_no_share9,[],12051.901736379335,0,0.0,320.8380347,"[2, 3, 5, 10, 11, 13, 15, 16, 19, 20]",3,,70,0,0,10,ordinary,9,full_coverage_and_all_discovered_cleared,117,3208.380347,0.018431500007864088
2,0,True,0,0,0,0,0,clustered__iid__70,clustered__iid,4,10,10,136,0.016790000000000305,10,,,6,6,,,,0,19,124,task_weight05_9,[],11238.90879592167,0,0.0,303.3781759,"[2, 3, 5, 10, 11, 13, 15, 16, 19, 20]",3,,70,12,1,10,ordinary,9,full_coverage_and_all_discovered_cleared,116,3033.781759,0.016789540997706354
2,0,True,0,0,0,0,0,clustered__iid__70,clustered__iid,4,10,10,136,0.017034000000002436,10,,,6,6,,,,0,19,124,task_weight1_9,[],11238.90879592167,0,0.0,303.3781759,"[2, 3, 5, 10, 11, 13, 15, 16, 19, 20]",3,,70,12,1,10,ordinary,9,full_coverage_and_all_discovered_cleared,116,3033.781759,0.017057874996680766
3,0,True,0,0,0,0,0,clustered__iid__70,clustered__iid,5,10,10,137,0.018218000000000956,10,,,5,5,,,,0,19,125,task_trial40_9,[],11243.870677966048,0,0.0,304.0774136,"[2, 3, 5, 10, 11, 13, 15, 16, 19, 20]",3,,70,12,1,10,ordinary,9,full_coverage_and_all_discovered_cleared,117,3040.774136,0.018230958026833832
4,0,True,0,0,0,0,0,clustered__iid__70,clustered__iid,9,11,10,125,0.019479000000000468,10,,,1,2,,,,0,17,112,task_two_opt7,[],9246.456361402756,0,0.0,256.929127,"[2, 3, 5, 10, 11, 13, 15, 16, 19, 20]",3,,70,14,3,10,ordinary,7,full_coverage_and_all_discovered_cleared,107,2569.29127,0.019509625039063394
20,0,True,,,,,,clustered__iid__71,clustered__iid,12,12,12,143,0.15473499999999873,12,,,,,,,,0,,129,baseline_peer9,[],18931.813563459877,0,0.0,383.7802260833334,"[1, 2, 4, 5, 7, 9, 10, 13, 17, 18, 19, 20]",3,,71,,,12,ordinary,9,full_coverage_and_all_discovered_cleared,114,4605.362713,0.15543858299497515
8,0,True,,,,,,clustered__iid__71,clustered__iid,9,12,12,141,0.02222499999999883,12,778.6166859055267,1,3,3,0,0,,0,,127,baseline_co_known9,[],14965.479707759145,0,0.0,317.17466175,"[1, 2, 4, 5, 7, 9, 10, 13, 17, 18, 19, 20]",3,0,71,10,0,12,ordinary,9,continuous_dynamic_coverage_and_all_discovered_cleared,118,3806.095941,0.02224566601216793
4,0,True,0,0,0,0,0,clustered__iid__71,clustered__iid,7,12,12,150,0.02073400000000092,12,,,5,5,,,,0,0,136,task_nearest9,[],11885.807450052558,0,0.0,270.43012416666664,"[1, 2, 4, 5, 7, 9, 10, 13, 17, 18, 19, 20]",3,,71,14,3,12,ordinary,9,full_coverage_and_all_discovered_cleared,128,3245.16149,0.020765958004631102
4,0,True,0,0,0,0,0,clustered__iid__71,clustered__iid,8,13,12,152,0.02165300000000059,12,,,4,5,,,,0,21,137,task_two_opt9,[],10757.551661998757,0,0.0,252.4591945,"[1, 2, 4, 5, 7, 9, 10, 13, 17, 18, 19, 20]",3,,71,14,3,12,ordinary,9,full_coverage_and_all_discovered_cleared,130,3029.510334,0.021673083945643157
11,0,True,0,0,0,0,0,clustered__iid__71,clustered__iid,5,15,12,138,0.0217160000000014,12,,,7,10,,,,0,21,121,task_no_share9,[],13790.304718870824,0,0.0,295.33841216666667,"[1, 2, 4, 5, 7, 9, 10, 13, 17, 18, 19, 20]",3,,71,0,0,12,ordinary,9,full_coverage_and_all_discovered_cleared,112,3544.060946,0.02172950003296137
6,0,True,0,0,0,0,0,clustered__iid__71,clustered__iid,9,14,12,149,0.022568999999997175,12,,,3,5,,,,0,21,133,task_weight05_9,[],10861.646443008418,0,0.0,252.27744091666668,"[1, 2, 4, 5, 7, 9, 10, 13, 17, 18, 19, 20]",3,,71,15,10,12,ordinary,9,full_coverage_and_all_discovered_cleared,124,3027.329291,0.022641874966211617
6,0,True,0,0,0,0,0,clustered__iid__71,clustered__iid,9,14,12,149,0.022216000000000236,12,,,3,5,,,,0,21,133,task_weight1_9,[],10861.646443008418,0,0.0,252.27744091666668,"[1, 2, 4, 5, 7, 9, 10, 13, 17, 18, 19, 20]",3,,71,15,10,12,ordinary,9,full_coverage_and_all_discovered_cleared,124,3027.329291,0.022242582985199988
4,0,True,0,0,0,0,0,clustered__iid__71,clustered__iid,10,12,12,151,0.022541000000000366,12,,,2,2,,,,0,21,137,task_trial40_9,[],10705.071978522836,0,0.0,251.25119966666668,"[1, 2, 4, 5, 7, 9, 10, 13, 17, 18, 19, 20]",3,,71,14,3,12,ordinary,9,full_coverage_and_all_discovered_cleared,129,3015.014396,0.02268062502844259
3,0,True,0,0,0,0,0,clustered__iid__71,clustered__iid,6,13,12,116,0.01671699999999987,12,,,6,7,,,,0,19,101,task_two_opt7,[],8740.035934136926,0,0.0,200.58393225,"[1, 2, 4, 5, 7, 9, 10, 13, 17, 18, 19, 20]",3,,71,10,0,12,ordinary,7,full_coverage_and_all_discovered_cleared,91,2407.007187,0.016763625026214868
20,0,True,,,,,,clustered__smooth__67,clustered__smooth,10,10,10,138,0.16189299999999918,10,,,,,,,,0,,126,baseline_peer9,[],17787.472040044086,0,0.0,434.6494408,"[4, 5, 7, 8, 9, 10, 14, 15, 18, 19]",3,,67,,,10,ordinary,9,full_coverage_and_all_discovered_cleared,109,4346.494408,0.1620960000436753
8,0,True,,,,,,clustered__smooth__67,clustered__smooth,5,12,10,136,0.018103999999997455,10,778.6166859055267,1,5,7,0,0,,0,,122,baseline_co_known9,[],14322.907255104157,0,0.0,364.45814540000003,"[4, 5, 7, 8, 9, 10, 14, 15, 18, 19]",3,0,67,5,0,10,ordinary,9,continuous_dynamic_coverage_and_all_discovered_cleared,114,3644.581454,0.018136917031370103
4,0,True,0,0,0,0,0,clustered__smooth__67,clustered__smooth,6,12,10,139,0.01625500000000102,10,,,4,6,,,,0,0,125,task_nearest9,[],11328.859442776966,0,0.0,306.177189,"[4, 5, 7, 8, 9, 10, 14, 15, 18, 19]",3,,67,12,0,10,ordinary,9,full_coverage_and_all_discovered_cleared,115,3061.77189,0.016255458001978695
3,0,True,0,0,0,0,0,clustered__smooth__67,clustered__smooth,5,11,10,136,0.017907000000001005,10,,,5,6,,,,0,19,123,task_two_opt9,[],11132.007150188692,0,0.0,301.0401429,"[4, 5, 7, 8, 9, 10, 14, 15, 18, 19]",3,,67,14,0,10,ordinary,9,full_coverage_and_all_discovered_cleared,116,3010.401429,0.01793283299775794
6,0,True,0,0,0,0,0,clustered__smooth__67,clustered__smooth,3,10,10,163,0.02004999999999768,10,,,7,7,,,,0,19,151,task_no_share9,[],14068.54827540997,0,0.0,376.2709656,"[4, 5, 7, 8, 9, 10, 14, 15, 18, 19]",3,,67,0,0,10,ordinary,9,full_coverage_and_all_discovered_cleared,144,3762.709656,0.020049374958034605
3,0,True,0,0,0,0,0,clustered__smooth__67,clustered__smooth,3,11,10,135,0.017458000000001306,10,,,7,8,,,,0,19,122,task_weight05_9,[],11130.573951742315,0,0.0,300.3114789,"[4, 5, 7, 8, 9, 10, 14, 15, 18, 19]",3,,67,13,0,10,ordinary,9,full_coverage_and_all_discovered_cleared,114,3003.114789,0.01752154203131795
3,0,True,0,0,0,0,0,clustered__smooth__67,clustered__smooth,3,11,10,135,0.017208999999997587,10,,,7,8,,,,0,19,122,task_weight1_9,[],11130.573951742315,0,0.0,300.3114789,"[4, 5, 7, 8, 9, 10, 14, 15, 18, 19]",3,,67,13,0,10,ordinary,9,full_coverage_and_all_discovered_cleared,114,3003.114789,0.01720895798644051
3,0,True,0,0,0,0,0,clustered__smooth__67,clustered__smooth,5,10,10,135,0.018573999999997426,10,,,5,5,,,,0,19,123,task_trial40_9,[],11144.590406011177,0,0.0,300.99180809999996,"[4, 5, 7, 8, 9, 10, 14, 15, 18, 19]",3,,67,14,0,10,ordinary,9,full_coverage_and_all_discovered_cleared,116,3009.918081,0.01860616699559614
4,0,True,0,0,0,0,0,clustered__smooth__67,clustered__smooth,5,12,10,125,0.016908999999998287,10,,,5,7,,,,0,17,111,task_two_opt7,[],10157.154541016218,0,0.0,274.54309079999996,"[4, 5, 7, 8, 9, 10, 14, 15, 18, 19]",3,,67,12,0,10,ordinary,7,full_coverage_and_all_discovered_cleared,103,2745.430908,0.016941750014666468
20,0,True,,,,,,clustered__smooth__68,clustered__smooth,15,15,15,158,0.1579250000000023,15,,,,,,,,0,,141,baseline_peer9,[],18477.222919833035,0,0.0,307.02963900000003,"[2, 4, 5, 6, 8, 9, 11, 12, 13, 14, 15, 16, 17, 19, 20]",3,,68,,,15,ordinary,9,full_coverage_and_all_discovered_cleared,130,4605.444585,0.1581264580017887
6,0,True,,,,,,clustered__smooth__68,clustered__smooth,9,16,15,152,0.02361799999999903,15,778.6166859055267,1,6,7,0,0,,0,,134,baseline_co_known9,[],13136.31343016911,0,0.0,233.41751246666666,"[2, 4, 5, 6, 8, 9, 11, 12, 13, 14, 15, 16, 17, 19, 20]",3,0,68,14,0,15,ordinary,9,continuous_dynamic_coverage_and_all_discovered_cleared,126,3501.262687,0.02370474999770522
3,0,True,0,0,0,0,0,clustered__smooth__68,clustered__smooth,10,17,15,130,0.024005999999999972,15,,,5,7,,,,0,0,111,task_nearest9,[],10812.908123558138,0,0.0,193.37210846666667,"[2, 4, 5, 6, 8, 9, 11, 12, 13, 14, 15, 16, 17, 19, 20]",3,,68,28,3,15,ordinary,9,full_coverage_and_all_discovered_cleared,102,2900.581627,0.024071249994449317
4,0,True,0,0,0,0,0,clustered__smooth__68,clustered__smooth,5,17,15,130,0.023324999999999818,15,,,10,12,,,,0,24,111,task_two_opt9,[],10896.521624421363,0,0.0,194.55362166666666,"[2, 4, 5, 6, 8, 9, 11, 12, 13, 14, 15, 16, 17, 19, 20]",3,,68,27,1,15,ordinary,9,full_coverage_and_all_discovered_cleared,103,2918.304325,0.023325083020608872
14,0,True,0,0,0,0,0,clustered__smooth__68,clustered__smooth,6,18,15,115,0.02660499999999999,15,,,9,12,,,,0,24,95,task_no_share9,[],14885.831571715487,0,0.0,241.47775453333333,"[2, 4, 5, 6, 8, 9, 11, 12, 13, 14, 15, 16, 17, 19, 20]",3,,68,0,0,15,ordinary,9,full_coverage_and_all_discovered_cleared,86,3622.166318,0.026699084031861275
4,0,True,0,0,0,0,0,clustered__smooth__68,clustered__smooth,5,17,15,130,0.02375600000000233,15,,,10,12,,,,0,24,111,task_weight05_9,[],10896.521624421363,0,0.0,194.55362166666666,"[2, 4, 5, 6, 8, 9, 11, 12, 13, 14, 15, 16, 17, 19, 20]",3,,68,27,1,15,ordinary,9,full_coverage_and_all_discovered_cleared,103,2918.304325,0.023817624954972416
4,0,True,0,0,0,0,0,clustered__smooth__68,clustered__smooth,6,17,15,131,0.023806000000000438,15,,,9,11,,,,0,24,112,task_weight1_9,[],10939.866645385826,0,0.0,195.53155526666666,"[2, 4, 5, 6, 8, 9, 11, 12, 13, 14, 15, 16, 17, 19, 20]",3,,68,28,1,15,ordinary,9,full_coverage_and_all_discovered_cleared,104,2932.973329,0.023825832991860807
4,0,True,0,0,0,0,0,clustered__smooth__68,clustered__smooth,5,17,15,130,0.024079000000000406,15,,,10,12,,,,0,24,111,task_trial40_9,[],10896.521624421363,0,0.0,194.55362166666666,"[2, 4, 5, 6, 8, 9, 11, 12, 13, 14, 15, 16, 17, 19, 20]",3,,68,27,1,15,ordinary,9,full_coverage_and_all_discovered_cleared,103,2918.304325,0.02410525002051145
4,0,True,0,0,0,0,0,clustered__smooth__68,clustered__smooth,10,17,15,116,0.025145999999999447,15,,,5,7,,,,0,22,97,task_two_opt7,[],9387.493354296035,0,0.0,168.89991146666668,"[2, 4, 5, 6, 8, 9, 11, 12, 13, 14, 15, 16, 17, 19, 20]",3,,68,27,2,15,ordinary,7,full_coverage_and_all_discovered_cleared,90,2533.498672,0.025188790983520448
29,0,True,,,,,,clustered__smooth__69,clustered__smooth,15,15,15,116,0.22236499999999992,15,,,,,,,,0,,99,baseline_peer9,[],23192.762254680234,0,0.0,352.5034968,"[2, 3, 4, 5, 6, 7, 8, 9, 10, 11, 12, 13, 14, 16, 18]",3,,69,,,15,ordinary,9,full_coverage_and_all_discovered_cleared,79,5287.552452,0.22277049999684095
5,0,True,,,,,,clustered__smooth__69,clustered__smooth,10,17,15,111,0.026389999999999247,15,778.6166859055267,1,5,7,0,0,,0,,92,baseline_co_known9,[],11628.74632521505,0,0.0,196.7166176,"[2, 3, 4, 5, 6, 7, 8, 9, 10, 11, 12, 13, 14, 16, 18]",3,0,69,24,0,15,ordinary,9,continuous_dynamic_coverage_and_all_discovered_cleared,84,2950.749264,0.026456166990101337
5,0,True,0,0,0,0,0,clustered__smooth__69,clustered__smooth,9,18,15,115,0.024584000000000827,15,,,6,9,,,,0,0,95,task_nearest9,[],11109.486866002919,0,0.0,191.12649166666668,"[2, 3, 4, 5, 6, 7, 8, 9, 10, 11, 12, 13, 14, 16, 18]",3,,69,21,1,15,ordinary,9,full_coverage_and_all_discovered_cleared,86,2866.897375,0.024635625013615936
3,0,True,0,0,0,0,0,clustered__smooth__69,clustered__smooth,10,17,15,120,0.03080399999999983,15,,,5,7,,,,0,24,101,task_two_opt9,[],10053.607662494525,0,0.0,179.2481022,"[2, 3, 4, 5, 6, 7, 8, 9, 10, 11, 12, 13, 14, 16, 18]",3,,69,21,2,15,ordinary,9,full_coverage_and_all_discovered_cleared,92,2688.721533,0.030870625050738454
6,0,True,0,0,0,0,0,clustered__smooth__69,clustered__smooth,8,19,15,157,0.029371000000001146,15,,,7,11,,,,0,24,136,task_no_share9,[],11089.64977248309,0,0.0,207.461997,"[2, 3, 4, 5, 6, 7, 8, 9, 10, 11, 12, 13, 14, 16, 18]",3,,69,0,0,15,ordinary,9,full_coverage_and_all_discovered_cleared,127,3111.929955,0.029426500026602298
3,0,True,0,0,0,0,0,clustered__smooth__69,clustered__smooth,10,17,15,120,0.030741000000002572,15,,,5,7,,,,0,24,101,task_weight05_9,[],10053.607662494525,0,0.0,179.2481022,"[2, 3, 4, 5, 6, 7, 8, 9, 10, 11, 12, 13, 14, 16, 18]",3,,69,21,2,15,ordinary,9,full_coverage_and_all_discovered_cleared,92,2688.721533,0.03076312498888001
3,0,True,0,0,0,0,0,clustered__smooth__69,clustered__smooth,10,17,15,120,0.03069200000000194,15,,,5,7,,,,0,24,101,task_weight1_9,[],10053.607662494525,0,0.0,179.2481022,"[2, 3, 4, 5, 6, 7, 8, 9, 10, 11, 12, 13, 14, 16, 18]",3,,69,21,2,15,ordinary,9,full_coverage_and_all_discovered_cleared,92,2688.721533,0.03080100001534447
4,0,True,0,0,0,0,0,clustered__smooth__69,clustered__smooth,11,17,15,121,0.031632999999999356,15,,,4,6,,,,0,24,102,task_trial40_9,[],10064.127937289837,0,0.0,179.78837266666667,"[2, 3, 4, 5, 6, 7, 8, 9, 10, 11, 12, 13, 14, 16, 18]",3,,69,21,2,15,ordinary,9,full_coverage_and_all_discovered_cleared,93,2696.82559,0.031661541026551276
4,0,True,0,0,0,0,0,clustered__smooth__69,clustered__smooth,7,19,15,167,0.030105999999999966,15,,,8,12,,,,0,22,146,task_two_opt7,[],8439.362797597672,0,0.0,176.25817046666668,"[2, 3, 4, 5, 6, 7, 8, 9, 10, 11, 12, 13, 14, 16, 18]",3,,69,22,0,15,ordinary,7,full_coverage_and_all_discovered_cleared,139,2643.872557,0.03010587504832074
19,0,True,,,,,,clustered__smooth__70,clustered__smooth,10,10,10,144,0.1505340000000004,10,,,,,,,,0,,132,baseline_peer9,[],18471.81075649978,0,0.0,452.1362153,"[2, 3, 5, 10, 11, 13, 15, 16, 19, 20]",3,,70,,,10,ordinary,9,full_coverage_and_all_discovered_cleared,117,4521.362153,0.15073712496086955
9,0,True,,,,,,clustered__smooth__70,clustered__smooth,7,13,10,150,0.019280000000001962,10,778.6166859055267,1,3,6,0,0,,0,,135,baseline_co_known9,[],14729.184691102482,0,0.0,380.58369389999996,"[2, 3, 5, 10, 11, 13, 15, 16, 19, 20]",3,0,70,7,0,10,ordinary,9,continuous_dynamic_coverage_and_all_discovered_cleared,126,3805.836939,0.01927916699787602
4,0,True,0,0,0,0,0,clustered__smooth__70,clustered__smooth,7,12,10,142,0.017288000000000636,10,,,3,5,,,,0,0,128,task_nearest9,[],11463.915950064325,0,0.0,310.77831890000004,"[2, 3, 5, 10, 11, 13, 15, 16, 19, 20]",3,,70,15,2,10,ordinary,9,full_coverage_and_all_discovered_cleared,119,3107.783189,0.017392124980688095
4,0,True,0,0,0,0,0,clustered__smooth__70,clustered__smooth,6,11,10,138,0.01843600000000123,10,,,4,5,,,,0,19,125,task_two_opt9,[],11056.966767240392,0,0.0,300.73933550000004,"[2, 3, 5, 10, 11, 13, 15, 16, 19, 20]",3,,70,13,1,10,ordinary,9,full_coverage_and_all_discovered_cleared,118,3007.393355,0.018436041951645166
9,0,True,0,0,0,0,0,clustered__smooth__70,clustered__smooth,7,13,10,141,0.01891300000000129,10,,,3,6,,,,0,19,126,task_no_share9,[],11530.663115458268,0,0.0,311.4132623,"[2, 3, 5, 10, 11, 13, 15, 16, 19, 20]",3,,70,0,0,10,ordinary,9,full_coverage_and_all_discovered_cleared,119,3114.132623,0.018964207964017987
4,0,True,0,0,0,0,0,clustered__smooth__70,clustered__smooth,6,11,10,138,0.018292999999999893,10,,,4,5,,,,0,19,125,task_weight05_9,[],11056.966767240392,0,0.0,300.73933550000004,"[2, 3, 5, 10, 11, 13, 15, 16, 19, 20]",3,,70,13,1,10,ordinary,9,full_coverage_and_all_discovered_cleared,118,3007.393355,0.018375459010712802
4,0,True,0,0,0,0,0,clustered__smooth__70,clustered__smooth,6,11,10,139,0.018459000000000003,10,,,4,5,,,,0,19,126,task_weight1_9,[],10965.492546505744,0,0.0,299.4098511,"[2, 3, 5, 10, 11, 13, 15, 16, 19, 20]",3,,70,14,1,10,ordinary,9,full_coverage_and_all_discovered_cleared,118,2994.098511,0.018498290970455855
4,0,True,0,0,0,0,0,clustered__smooth__70,clustered__smooth,6,11,10,138,0.018198999999999188,10,,,4,5,,,,0,19,125,task_trial40_9,[],11056.966767240392,0,0.0,300.73933550000004,"[2, 3, 5, 10, 11, 13, 15, 16, 19, 20]",3,,70,13,1,10,ordinary,9,full_coverage_and_all_discovered_cleared,118,3007.393355,0.018218708981294185
4,0,True,0,0,0,0,0,clustered__smooth__70,clustered__smooth,8,12,10,125,0.01837499999999892,10,,,2,4,,,,0,17,111,task_two_opt7,[],9273.33397443343,0,0.0,257.0666797,"[2, 3, 5, 10, 11, 13, 15, 16, 19, 20]",3,,70,12,2,10,ordinary,7,full_coverage_and_all_discovered_cleared,105,2570.666797,0.018374209001194686
20,0,True,,,,,,clustered__smooth__71,clustered__smooth,12,12,12,143,0.15381599999999906,12,,,,,,,,0,,129,baseline_peer9,[],18969.20080834824,0,0.0,384.40334691666664,"[1, 2, 4, 5, 7, 9, 10, 13, 17, 18, 19, 20]",3,,71,,,12,ordinary,9,full_coverage_and_all_discovered_cleared,114,4612.840163,0.15411408297950402
8,0,True,,,,,,clustered__smooth__71,clustered__smooth,8,13,12,143,0.022016999999998177,12,778.6166859055267,1,4,5,0,0,,0,,128,baseline_co_known9,[],14212.489191883831,0,0.0,305.3748199166667,"[1, 2, 4, 5, 7, 9, 10, 13, 17, 18, 19, 20]",3,0,71,11,0,12,ordinary,9,continuous_dynamic_coverage_and_all_discovered_cleared,119,3664.497839,0.022032582957763225
3,0,True,0,0,0,0,0,clustered__smooth__71,clustered__smooth,8,13,12,153,0.02079800000000276,12,,,4,5,,,,0,0,138,task_nearest9,[],10697.286622783518,0,0.0,251.87144366666666,"[1, 2, 4, 5, 7, 9, 10, 13, 17, 18, 19, 20]",3,,71,16,2,12,ordinary,9,full_coverage_and_all_discovered_cleared,130,3022.457324,0.020805375010240823
3,0,True,0,0,0,0,0,clustered__smooth__71,clustered__smooth,7,13,12,152,0.021100000000000563,12,,,5,6,,,,0,21,137,task_two_opt9,[],10609.091056850824,0,0.0,249.90151749999998,"[1, 2, 4, 5, 7, 9, 10, 13, 17, 18, 19, 20]",3,,71,16,2,12,ordinary,9,full_coverage_and_all_discovered_cleared,129,2998.81821,0.021108417015057057
10,0,True,0,0,0,0,0,clustered__smooth__71,clustered__smooth,6,15,12,149,0.020986000000000615,12,,,6,9,,,,0,21,132,task_no_share9,[],14299.190731765086,0,0.0,309.40317875,"[1, 2, 4, 5, 7, 9, 10, 13, 17, 18, 19, 20]",3,,71,0,0,12,ordinary,9,full_coverage_and_all_discovered_cleared,124,3712.838145,0.02099837502464652
3,0,True,0,0,0,0,0,clustered__smooth__71,clustered__smooth,7,13,12,152,0.02195999999999998,12,,,5,6,,,,0,21,137,task_weight05_9,[],10609.091056850824,0,0.0,249.90151749999998,"[1, 2, 4, 5, 7, 9, 10, 13, 17, 18, 19, 20]",3,,71,16,2,12,ordinary,9,full_coverage_and_all_discovered_cleared,129,2998.81821,0.022048624989110976
3,0,True,0,0,0,0,0,clustered__smooth__71,clustered__smooth,7,13,12,152,0.021353000000001288,12,,,5,6,,,,0,21,137,task_weight1_9,[],10609.091056850824,0,0.0,249.90151749999998,"[1, 2, 4, 5, 7, 9, 10, 13, 17, 18, 19, 20]",3,,71,16,2,12,ordinary,9,full_coverage_and_all_discovered_cleared,129,2998.81821,0.021416416973806918
4,0,True,0,0,0,0,0,clustered__smooth__71,clustered__smooth,9,12,12,153,0.023184000000000538,12,,,3,3,,,,0,21,139,task_trial40_9,[],10663.46344878706,0,0.0,251.47439075,"[1, 2, 4, 5, 7, 9, 10, 13, 17, 18, 19, 20]",3,,71,17,2,12,ordinary,9,full_coverage_and_all_discovered_cleared,130,3017.692689,0.023184167046565562
7,0,True,0,0,0,0,0,clustered__smooth__71,clustered__smooth,5,13,12,132,0.023410999999999405,12,,,7,8,,,,0,19,117,task_two_opt7,[],11281.359247104214,0,0.0,251.27265425,"[1, 2, 4, 5, 7, 9, 10, 13, 17, 18, 19, 20]",3,,71,13,1,12,ordinary,7,full_coverage_and_all_discovered_cleared,111,3015.271851,0.02344108303077519
20,0,True,,,,,,clustered__adversarial-positive__67,clustered__adversarial-positive,10,10,10,138,0.16072300000000084,10,,,,,,,,0,,126,baseline_peer9,[],17226.881708347653,0,0.0,423.43763390000004,"[4, 5, 7, 8, 9, 10, 14, 15, 18, 19]",3,,67,,,10,ordinary,9,full_coverage_and_all_discovered_cleared,109,4234.376339,0.16099999996367842
10,0,True,,,,,,clustered__adversarial-positive__67,clustered__adversarial-positive,8,15,10,138,0.017780000000001905,10,778.6166859055267,1,2,7,0,0,,0,,121,baseline_co_known9,[],13716.383808455057,0,0.0,352.62767640000004,"[4, 5, 7, 8, 9, 10, 14, 15, 18, 19]",3,0,67,5,0,10,ordinary,9,continuous_dynamic_coverage_and_all_discovered_cleared,113,3526.276764,0.017779750050976872
4,0,True,0,0,0,0,0,clustered__adversarial-positive__67,clustered__adversarial-positive,8,12,10,130,0.014841999999998023,10,,,2,4,,,,0,0,116,task_nearest9,[],11672.945682952179,0,0.0,307.8589137,"[4, 5, 7, 8, 9, 10, 14, 15, 18, 19]",3,,67,9,0,10,ordinary,9,full_coverage_and_all_discovered_cleared,108,3078.589137,0.014880999980960041
4,0,True,0,0,0,0,0,clustered__adversarial-positive__67,clustered__adversarial-positive,9,12,10,130,0.01581300000000141,10,,,1,3,,,,0,19,116,task_two_opt9,[],11415.07983015335,0,0.0,302.8015966,"[4, 5, 7, 8, 9, 10, 14, 15, 18, 19]",3,,67,9,0,10,ordinary,9,full_coverage_and_all_discovered_cleared,109,3028.015966,0.015827875002287328
11,0,True,0,0,0,0,0,clustered__adversarial-positive__67,clustered__adversarial-positive,8,15,10,153,0.022670999999998998,10,,,2,7,,,,0,19,136,task_no_share9,[],13791.360310948603,0,0.0,363.0272063,"[4, 5, 7, 8, 9, 10, 14, 15, 18, 19]",3,,67,0,0,10,ordinary,9,full_coverage_and_all_discovered_cleared,127,3630.272063,0.022714208986144513
5,0,True,0,0,0,0,0,clustered__adversarial-positive__67,clustered__adversarial-positive,8,13,10,131,0.01584100000000177,10,,,2,5,,,,0,19,116,task_weight05_9,[],11424.7908120721,0,0.0,303.19581619999997,"[4, 5, 7, 8, 9, 10, 14, 15, 18, 19]",3,,67,8,0,10,ordinary,9,full_coverage_and_all_discovered_cleared,108,3031.958162,0.01585995900677517
5,0,True,0,0,0,0,0,clustered__adversarial-positive__67,clustered__adversarial-positive,8,13,10,131,0.016064999999997553,10,,,2,5,,,,0,19,116,task_weight1_9,[],11424.7908120721,0,0.0,303.19581619999997,"[4, 5, 7, 8, 9, 10, 14, 15, 18, 19]",3,,67,8,0,10,ordinary,9,full_coverage_and_all_discovered_cleared,108,3031.958162,0.016065083967987448
5,0,True,0,0,0,0,0,clustered__adversarial-positive__67,clustered__adversarial-positive,10,12,10,131,0.016920999999999964,10,,,0,2,,,,0,19,117,task_trial40_9,[],11440.17189360197,0,0.0,303.903438,"[4, 5, 7, 8, 9, 10, 14, 15, 18, 19]",3,,67,9,0,10,ordinary,9,full_coverage_and_all_discovered_cleared,110,3039.03438,0.016941332956776023
3,0,True,0,0,0,0,0,clustered__adversarial-positive__67,clustered__adversarial-positive,7,11,10,120,0.014719999999996958,10,,,3,4,,,,0,17,107,task_two_opt7,[],9949.09678791947,0,0.0,267.8819358,"[4, 5, 7, 8, 9, 10, 14, 15, 18, 19]",3,,67,9,0,10,ordinary,7,full_coverage_and_all_discovered_cleared,101,2678.819358,0.014719667029567063
21,0,True,,,,,,clustered__adversarial-positive__68,clustered__adversarial-positive,15,15,15,159,0.17323800000000134,15,,,,,,,,0,,142,baseline_peer9,[],19394.332703979024,0,0.0,319.5911028666667,"[2, 4, 5, 6, 8, 9, 11, 12, 13, 14, 15, 16, 17, 19, 20]",3,,68,,,15,ordinary,9,full_coverage_and_all_discovered_cleared,130,4793.866543,0.1734327080193907
5,0,True,,,,,,clustered__adversarial-positive__68,clustered__adversarial-positive,10,16,15,153,0.02293200000000084,15,778.6166859055267,1,5,6,0,0,,0,,135,baseline_co_known9,[],13404.279746625189,0,0.0,237.3903968,"[2, 4, 5, 6, 8, 9, 11, 12, 13, 14, 15, 16, 17, 19, 20]",3,0,68,16,0,15,ordinary,9,continuous_dynamic_coverage_and_all_discovered_cleared,127,3560.855952,0.022960792004596442
3,0,True,0,0,0,0,0,clustered__adversarial-positive__68,clustered__adversarial-positive,7,16,15,130,0.021995999999997906,15,,,8,9,,,,0,0,112,task_nearest9,[],12942.1865983763,0,0.0,222.09582146666668,"[2, 4, 5, 6, 8, 9, 11, 12, 13, 14, 15, 16, 17, 19, 20]",3,,68,30,0,15,ordinary,9,full_coverage_and_all_discovered_cleared,105,3331.437322,0.022004541009664536
7,0,True,0,0,0,0,0,clustered__adversarial-positive__68,clustered__adversarial-positive,9,20,15,136,0.026073000000000235,15,,,6,11,,,,0,24,114,task_two_opt9,[],10837.036957515465,0,0.0,195.62715946666668,"[2, 4, 5, 6, 8, 9, 11, 12, 13, 14, 15, 16, 17, 19, 20]",3,,68,27,1,15,ordinary,9,full_coverage_and_all_discovered_cleared,107,2934.407392,0.026121542032342404
18,0,True,0,0,0,0,0,clustered__adversarial-positive__68,clustered__adversarial-positive,9,22,15,123,0.0283130000000007,15,,,6,13,,,,0,24,99,task_no_share9,[],15413.62128625541,0,0.0,250.8482838666667,"[2, 4, 5, 6, 8, 9, 11, 12, 13, 14, 15, 16, 17, 19, 20]",3,,68,0,0,15,ordinary,9,full_coverage_and_all_discovered_cleared,89,3762.724258,0.02834612497827038
7,0,True,0,0,0,0,0,clustered__adversarial-positive__68,clustered__adversarial-positive,9,20,15,136,0.02586000000000155,15,,,6,11,,,,0,24,114,task_weight05_9,[],10837.036957515465,0,0.0,195.62715946666668,"[2, 4, 5, 6, 8, 9, 11, 12, 13, 14, 15, 16, 17, 19, 20]",3,,68,27,1,15,ordinary,9,full_coverage_and_all_discovered_cleared,107,2934.407392,0.025896167033351958
8,0,True,0,0,0,0,0,clustered__adversarial-positive__68,clustered__adversarial-positive,11,21,15,140,0.026452000000002585,15,,,4,10,,,,0,24,117,task_weight1_9,[],10855.55558861293,0,0.0,197.27407466666668,"[2, 4, 5, 6, 8, 9, 11, 12, 13, 14, 15, 16, 17, 19, 20]",3,,68,29,1,15,ordinary,9,full_coverage_and_all_discovered_cleared,110,2959.11112,0.026478791027329862
7,0,True,0,0,0,0,0,clustered__adversarial-positive__68,clustered__adversarial-positive,9,19,15,135,0.02645300000000006,15,,,6,10,,,,0,24,114,task_trial40_9,[],10819.226414853705,0,0.0,195.18968566666666,"[2, 4, 5, 6, 8, 9, 11, 12, 13, 14, 15, 16, 17, 19, 20]",3,,68,27,1,15,ordinary,9,full_coverage_and_all_discovered_cleared,107,2927.845285,0.02648620802210644
7,0,True,0,0,0,0,0,clustered__adversarial-positive__68,clustered__adversarial-positive,11,20,15,127,0.026226999999998668,15,,,4,9,,,,0,22,105,task_two_opt7,[],9400.53339111163,0,0.0,173.00711199999998,"[2, 4, 5, 6, 8, 9, 11, 12, 13, 14, 15, 16, 17, 19, 20]",3,,68,30,0,15,ordinary,7,full_coverage_and_all_discovered_cleared,100,2595.10668,0.02624820900382474
31,0,True,,,,,,clustered__adversarial-positive__69,clustered__adversarial-positive,15,15,15,118,0.24821000000000026,15,,,,,,,,0,,101,baseline_peer9,[],22386.500259475386,0,0.0,342.4200036666667,"[2, 3, 4, 5, 6, 7, 8, 9, 10, 11, 12, 13, 14, 16, 18]",3,,69,,,15,ordinary,9,full_coverage_and_all_discovered_cleared,79,5136.300055,0.24841645802371204
11,0,True,,,,,,clustered__adversarial-positive__69,clustered__adversarial-positive,10,22,15,117,0.027427000000002977,15,778.6166859055267,1,5,12,0,0,,0,,93,baseline_co_known9,[],12696.18294880188,0,0.0,212.21577273333332,"[2, 3, 4, 5, 6, 7, 8, 9, 10, 11, 12, 13, 14, 16, 18]",3,0,69,19,0,15,ordinary,9,continuous_dynamic_coverage_and_all_discovered_cleared,83,3183.236591,0.027440167032182217
7,0,True,0,0,0,0,0,clustered__adversarial-positive__69,clustered__adversarial-positive,9,21,15,131,0.03063500000000019,15,,,6,12,,,,0,0,108,task_nearest9,[],10942.553066282913,0,0.0,194.56737426666666,"[2, 3, 4, 5, 6, 7, 8, 9, 10, 11, 12, 13, 14, 16, 18]",3,,69,30,0,15,ordinary,9,full_coverage_and_all_discovered_cleared,97,2918.510614,0.030666125006973743
9,0,True,0,0,0,0,0,clustered__adversarial-positive__69,clustered__adversarial-positive,11,23,15,139,0.036854999999999194,15,,,4,12,,,,0,24,114,task_two_opt9,[],10468.390007294449,0,0.0,190.9785336666667,"[2, 3, 4, 5, 6, 7, 8, 9, 10, 11, 12, 13, 14, 16, 18]",3,,69,35,0,15,ordinary,9,full_coverage_and_all_discovered_cleared,102,2864.678005,0.03688924998277798
16,0,True,0,0,0,0,0,clustered__adversarial-positive__69,clustered__adversarial-positive,14,27,15,129,0.027345999999997872,15,,,1,13,,,,0,24,100,task_no_share9,[],10984.168127631567,0,0.0,193.3222418,"[2, 3, 4, 5, 6, 7, 8, 9, 10, 11, 12, 13, 14, 16, 18]",3,,69,0,0,15,ordinary,9,full_coverage_and_all_discovered_cleared,92,2899.833627,0.027378124999813735
9,0,True,0,0,0,0,0,clustered__adversarial-positive__69,clustered__adversarial-positive,11,23,15,139,0.03662599999999827,15,,,4,12,,,,0,24,114,task_weight05_9,[],10468.390007294449,0,0.0,190.9785336666667,"[2, 3, 4, 5, 6, 7, 8, 9, 10, 11, 12, 13, 14, 16, 18]",3,,69,35,0,15,ordinary,9,full_coverage_and_all_discovered_cleared,102,2864.678005,0.03666183300083503
9,0,True,0,0,0,0,0,clustered__adversarial-positive__69,clustered__adversarial-positive,11,23,15,139,0.03704099999999855,15,,,4,12,,,,0,24,114,task_weight1_9,[],10468.390007294449,0,0.0,190.9785336666667,"[2, 3, 4, 5, 6, 7, 8, 9, 10, 11, 12, 13, 14, 16, 18]",3,,69,35,0,15,ordinary,9,full_coverage_and_all_discovered_cleared,102,2864.678005,0.037107667012605816
8,0,True,0,0,0,0,0,clustered__adversarial-positive__69,clustered__adversarial-positive,12,21,15,135,0.03673600000000121,15,,,3,9,,,,0,24,112,task_trial40_9,[],10473.950099049127,0,0.0,189.91933486666667,"[2, 3, 4, 5, 6, 7, 8, 9, 10, 11, 12, 13, 14, 16, 18]",3,,69,34,0,15,ordinary,9,full_coverage_and_all_discovered_cleared,101,2848.790023,0.03675558400573209
12,0,True,0,0,0,0,0,clustered__adversarial-positive__69,clustered__adversarial-positive,13,26,15,165,0.030581000000001524,15,,,2,13,,,,0,22,137,task_two_opt7,[],8849.247707716124,0,0.0,179.65663619999998,"[2, 3, 4, 5, 6, 7, 8, 9, 10, 11, 12, 13, 14, 16, 18]",3,,69,10,0,15,ordinary,7,full_coverage_and_all_discovered_cleared,132,2694.849543,0.030628958949819207
19,0,True,,,,,,clustered__adversarial-positive__70,clustered__adversarial-positive,10,10,10,144,0.15268199999999865,10,,,,,,,,0,,132,baseline_peer9,[],19096.774006269516,0,0.0,464.63547989999995,"[2, 3, 5, 10, 11, 13, 15, 16, 19, 20]",3,,70,,,10,ordinary,9,full_coverage_and_all_discovered_cleared,117,4646.354799,0.1529092079726979
9,0,True,,,,,,clustered__adversarial-positive__70,clustered__adversarial-positive,9,12,10,150,0.02057100000000034,10,778.6166859055267,1,1,3,0,0,,0,,136,baseline_co_known9,[],14870.443080674817,0,0.0,383.6088616,"[2, 3, 5, 10, 11, 13, 15, 16, 19, 20]",3,0,70,8,0,10,ordinary,9,continuous_dynamic_coverage_and_all_discovered_cleared,126,3836.088616,0.020570124965161085
7,0,True,0,0,0,0,0,clustered__adversarial-positive__70,clustered__adversarial-positive,10,15,10,179,0.022643999999999664,10,,,0,5,,,,0,0,162,task_nearest9,[],10717.049377730558,0,0.0,317.1409876,"[2, 3, 5, 10, 11, 13, 15, 16, 19, 20]",3,,70,19,3,10,ordinary,9,full_coverage_and_all_discovered_cleared,153,3171.409876,0.022712457983288914
9,0,True,0,0,0,0,0,clustered__adversarial-positive__70,clustered__adversarial-positive,10,15,10,159,0.02535699999999963,10,,,0,5,,,,0,19,142,task_two_opt9,[],11580.227390225527,0,0.0,322.5045479,"[2, 3, 5, 10, 11, 13, 15, 16, 19, 20]",3,,70,14,0,10,ordinary,9,full_coverage_and_all_discovered_cleared,134,3225.045479,0.025421416969038546
11,0,True,0,0,0,0,0,clustered__adversarial-positive__70,clustered__adversarial-positive,10,16,10,148,0.02135900000000035,10,,,0,6,,,,0,19,130,task_no_share9,[],11778.030509550712,0,0.0,319.6606101,"[2, 3, 5, 10, 11, 13, 15, 16, 19, 20]",3,,70,0,0,10,ordinary,9,full_coverage_and_all_discovered_cleared,123,3196.606101,0.02135745796840638
8,0,True,0,0,0,0,0,clustered__adversarial-positive__70,clustered__adversarial-positive,9,14,10,159,0.02480900000000119,10,,,1,5,,,,0,19,143,task_weight05_9,[],11610.575006966757,0,0.0,323.3115003,"[2, 3, 5, 10, 11, 13, 15, 16, 19, 20]",3,,70,16,0,10,ordinary,9,full_coverage_and_all_discovered_cleared,134,3233.115003,0.02486524998676032
8,0,True,0,0,0,0,0,clustered__adversarial-positive__70,clustered__adversarial-positive,9,14,10,159,0.025071999999997985,10,,,1,5,,,,0,19,143,task_weight1_9,[],11490.961752187613,0,0.0,320.9192352,"[2, 3, 5, 10, 11, 13, 15, 16, 19, 20]",3,,70,16,0,10,ordinary,9,full_coverage_and_all_discovered_cleared,134,3209.192352,0.025166834006085992
9,0,True,0,0,0,0,0,clustered__adversarial-positive__70,clustered__adversarial-positive,10,15,10,159,0.025314000000001613,10,,,0,5,,,,0,19,142,task_trial40_9,[],11580.227390225527,0,0.0,322.5045479,"[2, 3, 5, 10, 11, 13, 15, 16, 19, 20]",3,,70,14,0,10,ordinary,9,full_coverage_and_all_discovered_cleared,134,3225.045479,0.025372790987603366
6,0,True,0,0,0,0,0,clustered__adversarial-positive__70,clustered__adversarial-positive,7,15,10,153,0.02004399999999862,10,,,3,8,,,,0,17,136,task_two_opt7,[],8705.61426952451,0,0.0,261.5122855,"[2, 3, 5, 10, 11, 13, 15, 16, 19, 20]",3,,70,8,0,10,ordinary,7,full_coverage_and_all_discovered_cleared,129,2615.122855,0.020109666045755148
22,0,True,,,,,,clustered__adversarial-positive__71,clustered__adversarial-positive,12,12,12,145,0.17135900000000248,12,,,,,,,,0,,131,baseline_peer9,[],21039.529673913417,0,0.0,419.90882775,"[1, 2, 4, 5, 7, 9, 10, 13, 17, 18, 19, 20]",3,,71,,,12,ordinary,9,full_coverage_and_all_discovered_cleared,116,5038.905933,0.17164833302376792
12,0,True,,,,,,clustered__adversarial-positive__71,clustered__adversarial-positive,12,17,12,143,0.024983999999999895,12,778.6166859055267,1,0,5,0,0,,0,,124,baseline_co_known9,[],15529.378232786496,0,0.0,326.23963733333335,"[1, 2, 4, 5, 7, 9, 10, 13, 17, 18, 19, 20]",3,0,71,13,0,12,ordinary,9,continuous_dynamic_coverage_and_all_discovered_cleared,114,3914.875648,0.025086917041335255
8,0,True,0,0,0,0,0,clustered__adversarial-positive__71,clustered__adversarial-positive,11,17,12,165,0.023489000000001425,12,,,1,6,,,,0,0,146,task_nearest9,[],11851.864281240665,0,0.0,276.28107158333336,"[1, 2, 4, 5, 7, 9, 10, 13, 17, 18, 19, 20]",3,,71,19,3,12,ordinary,9,full_coverage_and_all_discovered_cleared,140,3315.372859,0.023546209034975618
7,0,True,0,0,0,0,0,clustered__adversarial-positive__71,clustered__adversarial-positive,10,16,12,166,0.024281000000001995,12,,,2,6,,,,0,21,148,task_two_opt9,[],11666.009610915222,0,0.0,273.766827,"[1, 2, 4, 5, 7, 9, 10, 13, 17, 18, 19, 20]",3,,71,21,1,12,ordinary,9,full_coverage_and_all_discovered_cleared,140,3285.201924,0.024280750018078834
18,0,True,0,0,0,0,0,clustered__adversarial-positive__71,clustered__adversarial-positive,12,22,12,152,0.025359000000001686,12,,,0,10,,,,0,21,128,task_no_share9,[],13432.357502040782,0,0.0,294.37262525,"[1, 2, 4, 5, 7, 9, 10, 13, 17, 18, 19, 20]",3,,71,0,0,12,ordinary,9,full_coverage_and_all_discovered_cleared,116,3532.471503,0.025422709004487842
7,0,True,0,0,0,0,0,clustered__adversarial-positive__71,clustered__adversarial-positive,10,16,12,166,0.024532000000000664,12,,,2,6,,,,0,21,148,task_weight05_9,[],11666.009610915222,0,0.0,273.766827,"[1, 2, 4, 5, 7, 9, 10, 13, 17, 18, 19, 20]",3,,71,21,1,12,ordinary,9,full_coverage_and_all_discovered_cleared,140,3285.201924,0.024733916972763836
7,0,True,0,0,0,0,0,clustered__adversarial-positive__71,clustered__adversarial-positive,10,16,12,166,0.02414500000000075,12,,,2,6,,,,0,21,148,task_weight1_9,[],11666.009610915222,0,0.0,273.766827,"[1, 2, 4, 5, 7, 9, 10, 13, 17, 18, 19, 20]",3,,71,21,1,12,ordinary,9,full_coverage_and_all_discovered_cleared,140,3285.201924,0.024306584033183753
7,0,True,0,0,0,0,0,clustered__adversarial-positive__71,clustered__adversarial-positive,10,14,12,164,0.02520900000000026,12,,,2,4,,,,0,21,148,task_trial40_9,[],11684.563813379216,0,0.0,273.49273024999997,"[1, 2, 4, 5, 7, 9, 10, 13, 17, 18, 19, 20]",3,,71,21,1,12,ordinary,9,full_coverage_and_all_discovered_cleared,139,3281.912763,0.025313499965704978
13,0,True,0,0,0,0,0,clustered__adversarial-positive__71,clustered__adversarial-positive,11,20,12,150,0.027540000000001896,12,,,1,9,,,,0,19,128,task_two_opt7,[],11075.051728528912,0,0.0,255.00086241666668,"[1, 2, 4, 5, 7, 9, 10, 13, 17, 18, 19, 20]",3,,71,17,0,12,ordinary,7,full_coverage_and_all_discovered_cleared,121,3060.010349,0.02759045799029991
20,0,True,,,,,,clustered__adversarial-negative__67,clustered__adversarial-negative,10,10,10,138,0.17111000000000232,10,,,,,,,,0,,126,baseline_peer9,[],17922.43914110659,0,0.0,437.34878289999995,"[4, 5, 7, 8, 9, 10, 14, 15, 18, 19]",3,,67,,,10,ordinary,9,full_coverage_and_all_discovered_cleared,109,4373.487829,0.17759958299575374
12,0,True,,,,,,clustered__adversarial-negative__67,clustered__adversarial-negative,8,15,10,143,0.020445999999999742,10,778.6166859055267,1,2,7,0,0,,0,,126,baseline_co_known9,[],14464.987963377098,0,0.0,370.2997593,"[4, 5, 7, 8, 9, 10, 14, 15, 18, 19]",3,0,67,5,0,10,ordinary,9,continuous_dynamic_coverage_and_all_discovered_cleared,115,3702.997593,0.020495417003985494
3,0,True,0,0,0,0,0,clustered__adversarial-negative__67,clustered__adversarial-negative,7,11,10,134,0.014603999999998507,10,,,3,4,,,,0,0,121,task_nearest9,[],11153.971002290315,0,0.0,300.1794203,"[4, 5, 7, 8, 9, 10, 14, 15, 18, 19]",3,,67,9,0,10,ordinary,9,full_coverage_and_all_discovered_cleared,113,3001.794203,0.01460462500108406
3,0,True,0,0,0,0,0,clustered__adversarial-negative__67,clustered__adversarial-negative,8,11,10,128,0.015753000000000128,10,,,2,3,,,,0,19,115,task_two_opt9,[],11353.320618862625,0,0.0,300.6664123,"[4, 5, 7, 8, 9, 10, 14, 15, 18, 19]",3,,67,9,0,10,ordinary,9,full_coverage_and_all_discovered_cleared,108,3006.664123,0.015796540945302695
11,0,True,0,0,0,0,0,clustered__adversarial-negative__67,clustered__adversarial-negative,8,15,10,153,0.022922999999998694,10,,,2,7,,,,0,19,136,task_no_share9,[],13782.744490544383,0,0.0,362.8548896,"[4, 5, 7, 8, 9, 10, 14, 15, 18, 19]",3,,67,0,0,10,ordinary,9,full_coverage_and_all_discovered_cleared,127,3628.548896,0.022947833000216633
3,0,True,0,0,0,0,0,clustered__adversarial-negative__67,clustered__adversarial-negative,7,11,10,127,0.015117000000000047,10,,,3,4,,,,0,19,114,task_weight05_9,[],11344.175933803108,0,0.0,299.8835185,"[4, 5, 7, 8, 9, 10, 14, 15, 18, 19]",3,,67,8,0,10,ordinary,9,full_coverage_and_all_discovered_cleared,107,2998.835185,0.015138042042963207
3,0,True,0,0,0,0,0,clustered__adversarial-negative__67,clustered__adversarial-negative,7,11,10,127,0.015108000000001454,10,,,3,4,,,,0,19,114,task_weight1_9,[],11344.175933803108,0,0.0,299.8835185,"[4, 5, 7, 8, 9, 10, 14, 15, 18, 19]",3,,67,8,0,10,ordinary,9,full_coverage_and_all_discovered_cleared,107,2998.835185,0.015131624997593462
3,0,True,0,0,0,0,0,clustered__adversarial-negative__67,clustered__adversarial-negative,8,11,10,128,0.015785999999998523,10,,,2,3,,,,0,19,115,task_trial40_9,[],11353.320618862625,0,0.0,300.6664123,"[4, 5, 7, 8, 9, 10, 14, 15, 18, 19]",3,,67,9,0,10,ordinary,9,full_coverage_and_all_discovered_cleared,108,3006.664123,0.01579862501239404
3,0,True,0,0,0,0,0,clustered__adversarial-negative__67,clustered__adversarial-negative,7,11,10,120,0.014937000000003309,10,,,3,4,,,,0,17,107,task_two_opt7,[],9993.948101837217,0,0.0,268.77896219999997,"[4, 5, 7, 8, 9, 10, 14, 15, 18, 19]",3,,67,9,0,10,ordinary,7,full_coverage_and_all_discovered_cleared,101,2687.789622,0.014940332970581949
22,0,True,,,,,,clustered__adversarial-negative__68,clustered__adversarial-negative,15,15,15,160,0.17809899999999956,15,,,,,,,,0,,143,baseline_peer9,[],17715.537953316714,0,0.0,297.54050606666664,"[2, 4, 5, 6, 8, 9, 11, 12, 13, 14, 15, 16, 17, 19, 20]",3,,68,,,15,ordinary,9,full_coverage_and_all_discovered_cleared,130,4463.107591,0.17828970798291266
4,0,True,,,,,,clustered__adversarial-negative__68,clustered__adversarial-negative,9,16,15,108,0.021227999999997138,15,778.6166859055267,1,6,7,0,0,,0,,90,baseline_co_known9,[],12684.581964365625,0,0.0,209.72775959999998,"[2, 4, 5, 6, 8, 9, 11, 12, 13, 14, 15, 16, 17, 19, 20]",3,0,68,17,0,15,ordinary,9,continuous_dynamic_coverage_and_all_discovered_cleared,81,3145.916394,0.021227999997790903
3,0,True,0,0,0,0,0,clustered__adversarial-negative__68,clustered__adversarial-negative,11,17,15,173,0.02683399999999736,15,,,4,6,,,,0,0,154,task_nearest9,[],10853.97340110213,0,0.0,211.11964533333332,"[2, 4, 5, 6, 8, 9, 11, 12, 13, 14, 15, 16, 17, 19, 20]",3,,68,25,0,15,ordinary,9,full_coverage_and_all_discovered_cleared,145,3166.79468,0.026870957983192056
3,0,True,0,0,0,0,0,clustered__adversarial-negative__68,clustered__adversarial-negative,11,17,15,173,0.028347999999997597,15,,,4,6,,,,0,24,154,task_two_opt9,[],10451.55272715129,0,0.0,205.6873698,"[2, 4, 5, 6, 8, 9, 11, 12, 13, 14, 15, 16, 17, 19, 20]",3,,68,25,0,15,ordinary,9,full_coverage_and_all_discovered_cleared,144,3085.310547,0.02842745796078816
15,0,True,0,0,0,0,0,clustered__adversarial-negative__68,clustered__adversarial-negative,9,17,15,160,0.027149000000001422,15,,,6,8,,,,0,24,141,task_no_share9,[],15656.116936813045,0,0.0,270.01489253333335,"[2, 4, 5, 6, 8, 9, 11, 12, 13, 14, 15, 16, 17, 19, 20]",3,,68,0,0,15,ordinary,9,full_coverage_and_all_discovered_cleared,133,4050.223388,0.027172916976269335
3,0,True,0,0,0,0,0,clustered__adversarial-negative__68,clustered__adversarial-negative,11,17,15,173,0.02792400000000228,15,,,4,6,,,,0,24,154,task_weight05_9,[],10451.55272715129,0,0.0,205.6873698,"[2, 4, 5, 6, 8, 9, 11, 12, 13, 14, 15, 16, 17, 19, 20]",3,,68,25,0,15,ordinary,9,full_coverage_and_all_discovered_cleared,144,3085.310547,0.02798091701697558
3,0,True,0,0,0,0,0,clustered__adversarial-negative__68,clustered__adversarial-negative,11,17,15,173,0.028089999999998838,15,,,4,6,,,,0,24,154,task_weight1_9,[],10451.55272715129,0,0.0,205.6873698,"[2, 4, 5, 6, 8, 9, 11, 12, 13, 14, 15, 16, 17, 19, 20]",3,,68,25,0,15,ordinary,9,full_coverage_and_all_discovered_cleared,144,3085.310547,0.02809366601286456
3,0,True,0,0,0,0,0,clustered__adversarial-negative__68,clustered__adversarial-negative,11,17,15,173,0.02798699999999954,15,,,4,6,,,,0,24,154,task_trial40_9,[],10451.55272715129,0,0.0,205.6873698,"[2, 4, 5, 6, 8, 9, 11, 12, 13, 14, 15, 16, 17, 19, 20]",3,,68,25,0,15,ordinary,9,full_coverage_and_all_discovered_cleared,144,3085.310547,0.027992666990030557
5,0,True,0,0,0,0,0,clustered__adversarial-negative__68,clustered__adversarial-negative,13,18,15,120,0.025300000000001432,15,,,2,5,,,,0,22,100,task_two_opt7,[],9423.962336926874,0,0.0,170.85283126666667,"[2, 4, 5, 6, 8, 9, 11, 12, 13, 14, 15, 16, 17, 19, 20]",3,,68,21,0,15,ordinary,7,full_coverage_and_all_discovered_cleared,94,2562.792469,0.025360000028740615
30,0,True,,,,,,clustered__adversarial-negative__69,clustered__adversarial-negative,15,15,15,117,0.23189800000000105,15,,,,,,,,0,,100,baseline_peer9,[],23011.974822689546,0,0.0,350.42633086666666,"[2, 3, 4, 5, 6, 7, 8, 9, 10, 11, 12, 13, 14, 16, 18]",3,,69,,,15,ordinary,9,full_coverage_and_all_discovered_cleared,79,5256.394963,0.23217274999478832
5,0,True,,,,,,clustered__adversarial-negative__69,clustered__adversarial-negative,12,18,15,120,0.02847099999999969,15,778.6166859055267,1,3,6,0,0,,0,,100,baseline_co_known9,[],11702.96920004989,0,0.0,201.17292266666666,"[2, 3, 4, 5, 6, 7, 8, 9, 10, 11, 12, 13, 14, 16, 18]",3,0,69,29,0,15,ordinary,9,continuous_dynamic_coverage_and_all_discovered_cleared,93,3017.59384,0.02850662497803569
9,0,True,0,0,0,0,0,clustered__adversarial-negative__69,clustered__adversarial-negative,14,21,15,127,0.027898999999997898,15,,,1,7,,,,0,0,104,task_nearest9,[],12090.850770045901,0,0.0,208.47801046666666,"[2, 3, 4, 5, 6, 7, 8, 9, 10, 11, 12, 13, 14, 16, 18]",3,,69,26,1,15,ordinary,9,full_coverage_and_all_discovered_cleared,96,3127.170157,0.02793475001817569
10,0,True,0,0,0,0,0,clustered__adversarial-negative__69,clustered__adversarial-negative,13,23,15,131,0.032443000000000666,15,,,2,10,,,,0,24,106,task_two_opt9,[],11047.250027412723,0,0.0,195.8300004,"[2, 3, 4, 5, 6, 7, 8, 9, 10, 11, 12, 13, 14, 16, 18]",3,,69,25,4,15,ordinary,9,full_coverage_and_all_discovered_cleared,99,2937.450006,0.03248520795023069
10,0,True,0,0,0,0,0,clustered__adversarial-negative__69,clustered__adversarial-negative,14,24,15,167,0.02997999999999834,15,,,1,10,,,,0,24,141,task_no_share9,[],11220.62847441631,0,0.0,212.2750464,"[2, 3, 4, 5, 6, 7, 8, 9, 10, 11, 12, 13, 14, 16, 18]",3,,69,0,6,15,ordinary,9,full_coverage_and_all_discovered_cleared,133,3184.125696,0.03002441703574732
10,0,True,0,0,0,0,0,clustered__adversarial-negative__69,clustered__adversarial-negative,13,23,15,129,0.031447,15,,,2,10,,,,0,24,104,task_weight05_9,[],11023.833282624073,0,0.0,194.78444380000002,"[2, 3, 4, 5, 6, 7, 8, 9, 10, 11, 12, 13, 14, 16, 18]",3,,69,23,4,15,ordinary,9,full_coverage_and_all_discovered_cleared,98,2921.766657,0.0315024169976823
10,0,True,0,0,0,0,0,clustered__adversarial-negative__69,clustered__adversarial-negative,13,23,15,129,0.03163499999999786,15,,,2,10,,,,0,24,104,task_weight1_9,[],11023.833282624073,0,0.0,194.78444380000002,"[2, 3, 4, 5, 6, 7, 8, 9, 10, 11, 12, 13, 14, 16, 18]",3,,69,23,4,15,ordinary,9,full_coverage_and_all_discovered_cleared,98,2921.766657,0.0317087919684127
10,0,True,0,0,0,0,0,clustered__adversarial-negative__69,clustered__adversarial-negative,13,22,15,131,0.033637999999999835,15,,,2,9,,,,0,24,107,task_trial40_9,[],11061.305081450877,0,0.0,196.21740106666667,"[2, 3, 4, 5, 6, 7, 8, 9, 10, 11, 12, 13, 14, 16, 18]",3,,69,26,4,15,ordinary,9,full_coverage_and_all_discovered_cleared,100,2943.261016,0.03372416598722339
11,0,True,0,0,0,0,0,clustered__adversarial-negative__69,clustered__adversarial-negative,12,26,15,190,0.03901400000000166,15,,,3,14,,,,0,22,162,task_two_opt7,[],8506.874076802871,0,0.0,184.75832113333334,"[2, 3, 4, 5, 6, 7, 8, 9, 10, 11, 12, 13, 14, 16, 18]",3,,69,31,0,15,ordinary,7,full_coverage_and_all_discovered_cleared,152,2771.374817,0.03908499999670312
19,0,True,,,,,,clustered__adversarial-negative__70,clustered__adversarial-negative,10,10,10,144,0.15429599999999866,10,,,,,,,,0,,132,baseline_peer9,[],18719.76427340427,0,0.0,457.0952856,"[2, 3, 5, 10, 11, 13, 15, 16, 19, 20]",3,,70,,,10,ordinary,9,full_coverage_and_all_discovered_cleared,117,4570.952856,0.15457374998368323
10,0,True,,,,,,clustered__adversarial-negative__70,clustered__adversarial-negative,8,13,10,149,0.019637999999996936,10,778.6166859055267,1,2,5,0,0,,0,,134,baseline_co_known9,[],14686.274816240648,0,0.0,379.12549640000003,"[2, 3, 5, 10, 11, 13, 15, 16, 19, 20]",3,0,70,5,0,10,ordinary,9,continuous_dynamic_coverage_and_all_discovered_cleared,125,3791.254964,0.01968570804456249
6,0,True,0,0,0,0,0,clustered__adversarial-negative__70,clustered__adversarial-negative,10,12,10,147,0.01943600000000245,10,,,0,2,,,,0,0,133,task_nearest9,[],11497.373534769786,0,0.0,314.3474709,"[2, 3, 5, 10, 11, 13, 15, 16, 19, 20]",3,,70,11,2,10,ordinary,9,full_coverage_and_all_discovered_cleared,123,3143.474709,0.019445332989562303
6,0,True,0,0,0,0,0,clustered__adversarial-negative__70,clustered__adversarial-negative,10,12,10,148,0.02118499999999912,10,,,0,2,,,,0,19,134,task_two_opt9,[],11362.384478697402,0,0.0,312.3476897,"[2, 3, 5, 10, 11, 13, 15, 16, 19, 20]",3,,70,12,2,10,ordinary,9,full_coverage_and_all_discovered_cleared,125,3123.476897,0.021248208009637892
12,0,True,0,0,0,0,0,clustered__adversarial-negative__70,clustered__adversarial-negative,10,17,10,149,0.020962000000000813,10,,,0,7,,,,0,19,130,task_no_share9,[],11532.54459091792,0,0.0,315.0508919,"[2, 3, 5, 10, 11, 13, 15, 16, 19, 20]",3,,70,0,0,10,ordinary,9,full_coverage_and_all_discovered_cleared,123,3150.508919,0.020965415984392166
6,0,True,0,0,0,0,0,clustered__adversarial-negative__70,clustered__adversarial-negative,9,12,10,149,0.0210720000000002,10,,,1,3,,,,0,19,135,task_weight05_9,[],11402.123294779216,0,0.0,313.6424659,"[2, 3, 5, 10, 11, 13, 15, 16, 19, 20]",3,,70,13,2,10,ordinary,9,full_coverage_and_all_discovered_cleared,125,3136.424659,0.021173250046558678
6,0,True,0,0,0,0,0,clustered__adversarial-negative__70,clustered__adversarial-negative,9,12,10,149,0.021077999999999264,10,,,1,3,,,,0,19,135,task_weight1_9,[],11288.151065378232,0,0.0,311.3630212,"[2, 3, 5, 10, 11, 13, 15, 16, 19, 20]",3,,70,13,2,10,ordinary,9,full_coverage_and_all_discovered_cleared,125,3113.630212,0.021115917013958097
6,0,True,0,0,0,0,0,clustered__adversarial-negative__70,clustered__adversarial-negative,10,12,10,148,0.020828000000001623,10,,,0,2,,,,0,19,134,task_trial40_9,[],11362.384478697402,0,0.0,312.3476897,"[2, 3, 5, 10, 11, 13, 15, 16, 19, 20]",3,,70,12,2,10,ordinary,9,full_coverage_and_all_discovered_cleared,125,3123.476897,0.020853583002462983
4,0,True,0,0,0,0,0,clustered__adversarial-negative__70,clustered__adversarial-negative,8,11,10,124,0.019069999999999254,10,,,2,3,,,,0,17,111,task_two_opt7,[],9254.007461430172,0,0.0,256.38014929999997,"[2, 3, 5, 10, 11, 13, 15, 16, 19, 20]",3,,70,12,2,10,ordinary,7,full_coverage_and_all_discovered_cleared,105,2563.801493,0.019084208994172513
21,0,True,,,,,,clustered__adversarial-negative__71,clustered__adversarial-negative,12,12,12,144,0.16241899999999987,12,,,,,,,,0,,130,baseline_peer9,[],20514.595367059028,0,0.0,410.65992291666663,"[1, 2, 4, 5, 7, 9, 10, 13, 17, 18, 19, 20]",3,,71,,,12,ordinary,9,full_coverage_and_all_discovered_cleared,115,4927.919075,0.16281562502263114
14,0,True,,,,,,clustered__adversarial-negative__71,clustered__adversarial-negative,12,17,12,140,0.02542399999999745,12,778.6166859055267,1,0,5,0,0,,0,,121,baseline_co_known9,[],16045.885954837822,0,0.0,333.18143258333333,"[1, 2, 4, 5, 7, 9, 10, 13, 17, 18, 19, 20]",3,0,71,10,0,12,ordinary,9,continuous_dynamic_coverage_and_all_discovered_cleared,109,3998.177191,0.025481834018137306
10,0,True,0,0,0,0,0,clustered__adversarial-negative__71,clustered__adversarial-negative,12,17,12,168,0.02435000000000187,12,,,0,5,,,,0,0,149,task_nearest9,[],11753.698203435117,0,0.0,275.9783034166667,"[1, 2, 4, 5, 7, 9, 10, 13, 17, 18, 19, 20]",3,,71,17,0,12,ordinary,9,full_coverage_and_all_discovered_cleared,141,3311.739641,0.024629708961583674
12,0,True,0,0,0,0,0,clustered__adversarial-negative__71,clustered__adversarial-negative,12,19,12,175,0.027813000000001864,12,,,0,7,,,,0,21,154,task_two_opt9,[],11642.770436069915,0,0.0,277.1295073333333,"[1, 2, 4, 5, 7, 9, 10, 13, 17, 18, 19, 20]",3,,71,18,0,12,ordinary,9,full_coverage_and_all_discovered_cleared,146,3325.554088,0.028052209003362805
15,0,True,0,0,0,0,0,clustered__adversarial-negative__71,clustered__adversarial-negative,12,19,12,160,0.025104000000002458,12,,,0,7,,,,0,21,139,task_no_share9,[],12868.42284425589,0,0.0,289.89038075,"[1, 2, 4, 5, 7, 9, 10, 13, 17, 18, 19, 20]",3,,71,0,0,12,ordinary,9,full_coverage_and_all_discovered_cleared,129,3478.684569,0.025195750000420958
12,0,True,0,0,0,0,0,clustered__adversarial-negative__71,clustered__adversarial-negative,11,19,12,174,0.030431999999997572,12,,,1,8,,,,0,21,153,task_weight05_9,[],11767.001418146765,0,0.0,278.6166904166667,"[1, 2, 4, 5, 7, 9, 10, 13, 17, 18, 19, 20]",3,,71,17,0,12,ordinary,9,full_coverage_and_all_discovered_cleared,144,3343.400285,0.03066124999895692
12,0,True,0,0,0,0,0,clustered__adversarial-negative__71,clustered__adversarial-negative,11,19,12,174,0.029757000000000033,12,,,1,8,,,,0,21,153,task_weight1_9,[],11767.001418146765,0,0.0,278.6166904166667,"[1, 2, 4, 5, 7, 9, 10, 13, 17, 18, 19, 20]",3,,71,17,0,12,ordinary,9,full_coverage_and_all_discovered_cleared,144,3343.400285,0.02978079201420769
12,0,True,0,0,0,0,0,clustered__adversarial-negative__71,clustered__adversarial-negative,12,19,12,175,0.02672199999999947,12,,,0,7,,,,0,21,154,task_trial40_9,[],11642.770436069915,0,0.0,277.1295073333333,"[1, 2, 4, 5, 7, 9, 10, 13, 17, 18, 19, 20]",3,,71,18,0,12,ordinary,9,full_coverage_and_all_discovered_cleared,146,3325.554088,0.026811332965735346
15,0,True,0,0,0,0,0,clustered__adversarial-negative__71,clustered__adversarial-negative,12,22,12,161,0.02723399999999998,12,,,0,10,,,,0,19,137,task_two_opt7,[],10986.815786106938,0,0.0,258.2802630833333,"[1, 2, 4, 5, 7, 9, 10, 13, 17, 18, 19, 20]",3,,71,24,0,12,ordinary,7,full_coverage_and_all_discovered_cleared,127,3099.363157,0.02756175003014505
20,0,True,,,,,,clustered__adversarial-spatial__67,clustered__adversarial-spatial,10,10,10,138,0.16401900000000325,10,,,,,,,,0,,126,baseline_peer9,[],17737.67245202236,0,0.0,433.65344919999995,"[4, 5, 7, 8, 9, 10, 14, 15, 18, 19]",3,,67,,,10,ordinary,9,full_coverage_and_all_discovered_cleared,109,4336.534492,0.16463662503520027
11,0,True,,,,,,clustered__adversarial-spatial__67,clustered__adversarial-spatial,8,15,10,141,0.01887299999999925,10,778.6166859055267,1,2,7,0,0,,0,,124,baseline_co_known9,[],14238.169398821148,0,0.0,364.6633881,"[4, 5, 7, 8, 9, 10, 14, 15, 18, 19]",3,0,67,4,0,10,ordinary,9,continuous_dynamic_coverage_and_all_discovered_cleared,114,3646.633881,0.018905833014287055
5,0,True,0,0,0,0,0,clustered__adversarial-spatial__67,clustered__adversarial-spatial,6,13,10,141,0.0162249999999986,10,,,4,7,,,,0,0,126,task_nearest9,[],11409.280330483294,0,0.0,308.6856068,"[4, 5, 7, 8, 9, 10, 14, 15, 18, 19]",3,,67,12,0,10,ordinary,9,full_coverage_and_all_discovered_cleared,116,3086.856068,0.016241041012108326
5,0,True,0,0,0,0,0,clustered__adversarial-spatial__67,clustered__adversarial-spatial,8,13,10,138,0.01768199999999709,10,,,2,5,,,,0,19,123,task_two_opt9,[],11182.378026325803,0,0.0,302.54756050000003,"[4, 5, 7, 8, 9, 10, 14, 15, 18, 19]",3,,67,12,0,10,ordinary,9,full_coverage_and_all_discovered_cleared,115,3025.475605,0.017732915992382914
17,0,True,0,0,0,0,0,clustered__adversarial-spatial__67,clustered__adversarial-spatial,6,16,10,141,0.022007000000002108,10,,,4,10,,,,0,19,123,task_no_share9,[],16971.11151777986,0,0.0,418.62223029999996,"[4, 5, 7, 8, 9, 10, 14, 15, 18, 19]",3,,67,0,0,10,ordinary,9,full_coverage_and_all_discovered_cleared,109,4186.222303,0.022007624967955053
5,0,True,0,0,0,0,0,clustered__adversarial-spatial__67,clustered__adversarial-spatial,7,13,10,137,0.017154000000001446,10,,,3,6,,,,0,19,122,task_weight05_9,[],11172.559730052946,0,0.0,301.7511946,"[4, 5, 7, 8, 9, 10, 14, 15, 18, 19]",3,,67,11,0,10,ordinary,9,full_coverage_and_all_discovered_cleared,114,3017.511946,0.017164374992717057
5,0,True,0,0,0,0,0,clustered__adversarial-spatial__67,clustered__adversarial-spatial,7,13,10,137,0.01737800000000078,10,,,3,6,,,,0,19,122,task_weight1_9,[],11172.559730052946,0,0.0,301.7511946,"[4, 5, 7, 8, 9, 10, 14, 15, 18, 19]",3,,67,11,0,10,ordinary,9,full_coverage_and_all_discovered_cleared,114,3017.511946,0.017410707951057702
5,0,True,0,0,0,0,0,clustered__adversarial-spatial__67,clustered__adversarial-spatial,8,13,10,138,0.017793999999998533,10,,,2,5,,,,0,19,123,task_trial40_9,[],11182.378026325803,0,0.0,302.54756050000003,"[4, 5, 7, 8, 9, 10, 14, 15, 18, 19]",3,,67,12,0,10,ordinary,9,full_coverage_and_all_discovered_cleared,115,3025.475605,0.017814541002735496
7,0,True,0,0,0,0,0,clustered__adversarial-spatial__67,clustered__adversarial-spatial,7,14,10,131,0.018532000000000437,10,,,3,7,,,,0,17,115,task_two_opt7,[],10233.98211285607,0,0.0,279.0796423,"[4, 5, 7, 8, 9, 10, 14, 15, 18, 19]",3,,67,13,0,10,ordinary,7,full_coverage_and_all_discovered_cleared,107,2790.796423,0.018538459029514343
22,0,True,,,,,,clustered__adversarial-spatial__68,clustered__adversarial-spatial,15,15,15,160,0.1836229999999972,15,,,,,,,,0,,143,baseline_peer9,[],18384.58417329599,0,0.0,306.46112253333337,"[2, 4, 5, 6, 8, 9, 11, 12, 13, 14, 15, 16, 17, 19, 20]",3,,68,,,15,ordinary,9,full_coverage_and_all_discovered_cleared,130,4596.916838,0.1837662499747239
5,0,True,,,,,,clustered__adversarial-spatial__68,clustered__adversarial-spatial,12,17,15,110,0.022081000000000017,15,778.6166859055267,1,3,5,0,0,,0,,91,baseline_co_known9,[],12762.029823872415,0,0.0,211.42706433333333,"[2, 4, 5, 6, 8, 9, 11, 12, 13, 14, 15, 16, 17, 19, 20]",3,0,68,17,0,15,ordinary,9,continuous_dynamic_coverage_and_all_discovered_cleared,83,3171.405965,0.02211316698230803
6,0,True,0,0,0,0,0,clustered__adversarial-spatial__68,clustered__adversarial-spatial,15,19,15,175,0.02735099999999946,15,,,0,4,,,,0,0,154,task_nearest9,[],10780.301303124532,0,0.0,210.53735079999998,"[2, 4, 5, 6, 8, 9, 11, 12, 13, 14, 15, 16, 17, 19, 20]",3,,68,23,1,15,ordinary,9,full_coverage_and_all_discovered_cleared,145,3158.060262,0.027459500008262694
7,0,True,0,0,0,0,0,clustered__adversarial-spatial__68,clustered__adversarial-spatial,15,20,15,176,0.028562000000000864,15,,,0,5,,,,0,24,154,task_two_opt9,[],10410.670943509309,0,0.0,205.80894600000002,"[2, 4, 5, 6, 8, 9, 11, 12, 13, 14, 15, 16, 17, 19, 20]",3,,68,23,1,15,ordinary,9,full_coverage_and_all_discovered_cleared,145,3087.13419,0.028615791001357138
17,0,True,0,0,0,0,0,clustered__adversarial-spatial__68,clustered__adversarial-spatial,11,19,15,163,0.028195999999997667,15,,,4,8,,,,0,24,142,task_no_share9,[],15929.409143897336,0,0.0,274.39212200000003,"[2, 4, 5, 6, 8, 9, 11, 12, 13, 14, 15, 16, 17, 19, 20]",3,,68,0,0,15,ordinary,9,full_coverage_and_all_discovered_cleared,133,4115.88183,0.028250084025785327
7,0,True,0,0,0,0,0,clustered__adversarial-spatial__68,clustered__adversarial-spatial,15,20,15,176,0.028068000000001092,15,,,0,5,,,,0,24,154,task_weight05_9,[],10411.549739565511,0,0.0,205.82066326666666,"[2, 4, 5, 6, 8, 9, 11, 12, 13, 14, 15, 16, 17, 19, 20]",3,,68,23,1,15,ordinary,9,full_coverage_and_all_discovered_cleared,145,3087.309949,0.02808641700539738
7,0,True,0,0,0,0,0,clustered__adversarial-spatial__68,clustered__adversarial-spatial,15,20,15,176,0.030124000000000706,15,,,0,5,,,,0,24,154,task_weight1_9,[],10394.005800347542,0,0.0,205.58674406666665,"[2, 4, 5, 6, 8, 9, 11, 12, 13, 14, 15, 16, 17, 19, 20]",3,,68,23,1,15,ordinary,9,full_coverage_and_all_discovered_cleared,145,3083.801161,0.030196207982953638
5,0,True,0,0,0,0,0,clustered__adversarial-spatial__68,clustered__adversarial-spatial,15,18,15,172,0.026982000000000284,15,,,0,3,,,,0,24,152,task_trial40_9,[],10419.199614002628,0,0.0,204.7893282,"[2, 4, 5, 6, 8, 9, 11, 12, 13, 14, 15, 16, 17, 19, 20]",3,,68,23,1,15,ordinary,9,full_coverage_and_all_discovered_cleared,144,3071.839923,0.02701025002170354
8,0,True,0,0,0,0,0,clustered__adversarial-spatial__68,clustered__adversarial-spatial,15,20,15,124,0.026008999999998395,15,,,0,5,,,,0,22,102,task_two_opt7,[],9464.357017186643,0,0.0,172.59142706666668,"[2, 4, 5, 6, 8, 9, 11, 12, 13, 14, 15, 16, 17, 19, 20]",3,,68,20,0,15,ordinary,7,full_coverage_and_all_discovered_cleared,96,2588.871406,0.026080000039655715
32,0,True,,,,,,clustered__adversarial-spatial__69,clustered__adversarial-spatial,15,15,15,119,0.2568809999999999,15,,,,,,,,0,,102,baseline_peer9,[],22943.34207608361,0,0.0,350.17789453333336,"[2, 3, 4, 5, 6, 7, 8, 9, 10, 11, 12, 13, 14, 16, 18]",3,,69,,,15,ordinary,9,full_coverage_and_all_discovered_cleared,79,5252.668418,0.25714508298551664
11,0,True,,,,,,clustered__adversarial-spatial__69,clustered__adversarial-spatial,12,22,15,119,0.02845800000000054,15,778.6166859055267,1,3,10,0,0,,0,,95,baseline_co_known9,[],13217.588528222555,0,0.0,220.10118033333336,"[2, 3, 4, 5, 6, 7, 8, 9, 10, 11, 12, 13, 14, 16, 18]",3,0,69,21,0,15,ordinary,9,continuous_dynamic_coverage_and_all_discovered_cleared,87,3301.517705,0.02849429100751877
4,0,True,0,0,0,0,0,clustered__adversarial-spatial__69,clustered__adversarial-spatial,15,18,15,149,0.029523000000001076,15,,,0,3,,,,0,0,129,task_nearest9,[],10646.259405896504,0,0.0,198.68345866666667,"[2, 3, 4, 5, 6, 7, 8, 9, 10, 11, 12, 13, 14, 16, 18]",3,,69,22,34,15,ordinary,9,full_coverage_and_all_discovered_cleared,122,2980.25188,0.029583957977592945
4,0,True,0,0,0,0,0,clustered__adversarial-spatial__69,clustered__adversarial-spatial,15,18,15,149,0.032483000000002704,15,,,0,3,,,,0,24,129,task_two_opt9,[],10370.954119590535,0,0.0,195.01272146666668,"[2, 3, 4, 5, 6, 7, 8, 9, 10, 11, 12, 13, 14, 16, 18]",3,,69,22,34,15,ordinary,9,full_coverage_and_all_discovered_cleared,122,2925.190822,0.0325312499771826
9,0,True,0,0,0,0,0,clustered__adversarial-spatial__69,clustered__adversarial-spatial,14,23,15,171,0.03110500000000016,15,,,1,9,,,,0,24,146,task_no_share9,[],10675.309365162733,0,0.0,206.80412473333334,"[2, 3, 4, 5, 6, 7, 8, 9, 10, 11, 12, 13, 14, 16, 18]",3,,69,0,0,15,ordinary,9,full_coverage_and_all_discovered_cleared,138,3102.061871,0.03118404099950567
4,0,True,0,0,0,0,0,clustered__adversarial-spatial__69,clustered__adversarial-spatial,15,18,15,149,0.032875000000000654,15,,,0,3,,,,0,24,129,task_weight05_9,[],10370.954119590535,0,0.0,195.01272146666668,"[2, 3, 4, 5, 6, 7, 8, 9, 10, 11, 12, 13, 14, 16, 18]",3,,69,22,34,15,ordinary,9,full_coverage_and_all_discovered_cleared,122,2925.190822,0.03302212501876056
4,0,True,0,0,0,0,0,clustered__adversarial-spatial__69,clustered__adversarial-spatial,15,18,15,149,0.03259800000000013,15,,,0,3,,,,0,24,129,task_weight1_9,[],10370.954119590535,0,0.0,195.01272146666668,"[2, 3, 4, 5, 6, 7, 8, 9, 10, 11, 12, 13, 14, 16, 18]",3,,69,22,34,15,ordinary,9,full_coverage_and_all_discovered_cleared,122,2925.190822,0.03265420801471919
4,0,True,0,0,0,0,0,clustered__adversarial-spatial__69,clustered__adversarial-spatial,15,18,15,149,0.0327350000000024,15,,,0,3,,,,0,24,129,task_trial40_9,[],10370.954119590535,0,0.0,195.01272146666668,"[2, 3, 4, 5, 6, 7, 8, 9, 10, 11, 12, 13, 14, 16, 18]",3,,69,22,34,15,ordinary,9,full_coverage_and_all_discovered_cleared,122,2925.190822,0.03279012499842793
8,0,True,0,0,0,0,0,clustered__adversarial-spatial__69,clustered__adversarial-spatial,12,22,15,157,0.028097999999999956,15,,,3,10,,,,0,22,133,task_two_opt7,[],8674.385466226418,0,0.0,174.9251396,"[2, 3, 4, 5, 6, 7, 8, 9, 10, 11, 12, 13, 14, 16, 18]",3,,69,10,0,15,ordinary,7,full_coverage_and_all_discovered_cleared,128,2623.877094,0.02812625002115965
19,0,True,,,,,,clustered__adversarial-spatial__70,clustered__adversarial-spatial,10,10,10,144,0.15439399999999992,10,,,,,,,,0,,132,baseline_peer9,[],18797.050163293246,0,0.0,458.6410033,"[2, 3, 5, 10, 11, 13, 15, 16, 19, 20]",3,,70,,,10,ordinary,9,full_coverage_and_all_discovered_cleared,117,4586.410033,0.1545952910091728
12,0,True,,,,,,clustered__adversarial-spatial__70,clustered__adversarial-spatial,10,15,10,154,0.020972000000000435,10,778.6166859055267,1,0,5,0,0,,0,,137,baseline_co_known9,[],15133.368954972384,0,0.0,390.4673791,"[2, 3, 5, 10, 11, 13, 15, 16, 19, 20]",3,0,70,6,0,10,ordinary,9,continuous_dynamic_coverage_and_all_discovered_cleared,128,3904.673791,0.021021125023253262
8,0,True,0,0,0,0,0,clustered__adversarial-spatial__70,clustered__adversarial-spatial,9,15,10,148,0.018964000000000425,10,,,1,6,,,,0,0,131,task_nearest9,[],11900.096422200268,0,0.0,322.1019286,"[2, 3, 5, 10, 11, 13, 15, 16, 19, 20]",3,,70,13,1,10,ordinary,9,full_coverage_and_all_discovered_cleared,121,3221.019286,0.018963542010169476
6,0,True,0,0,0,0,0,clustered__adversarial-spatial__70,clustered__adversarial-spatial,9,12,10,148,0.021461999999999648,10,,,1,3,,,,0,19,134,task_two_opt9,[],11464.809074570048,0,0.0,314.49618139999995,"[2, 3, 5, 10, 11, 13, 15, 16, 19, 20]",3,,70,14,4,10,ordinary,9,full_coverage_and_all_discovered_cleared,126,3144.961814,0.021509457961656153
10,0,True,0,0,0,0,0,clustered__adversarial-spatial__70,clustered__adversarial-spatial,9,15,10,145,0.02006099999999833,10,,,1,6,,,,0,19,128,task_no_share9,[],11579.999205956496,0,0.0,314.2999838,"[2, 3, 5, 10, 11, 13, 15, 16, 19, 20]",3,,70,0,0,10,ordinary,9,full_coverage_and_all_discovered_cleared,122,3142.999838,0.02006100001744926
7,0,True,0,0,0,0,0,clustered__adversarial-spatial__70,clustered__adversarial-spatial,8,13,10,151,0.022351000000000454,10,,,2,5,,,,0,19,136,task_weight05_9,[],11520.562341566923,0,0.0,317.2112469,"[2, 3, 5, 10, 11, 13, 15, 16, 19, 20]",3,,70,16,5,10,ordinary,9,full_coverage_and_all_discovered_cleared,129,3172.112469,0.0224623330286704
7,0,True,0,0,0,0,0,clustered__adversarial-spatial__70,clustered__adversarial-spatial,8,13,10,152,0.022410000000000707,10,,,2,5,,,,0,19,137,task_weight1_9,[],11395.248027328296,0,0.0,315.3049607,"[2, 3, 5, 10, 11, 13, 15, 16, 19, 20]",3,,70,17,5,10,ordinary,9,full_coverage_and_all_discovered_cleared,130,3153.049607,0.02246533299330622
6,0,True,0,0,0,0,0,clustered__adversarial-spatial__70,clustered__adversarial-spatial,9,12,10,148,0.021492000000002065,10,,,1,3,,,,0,19,134,task_trial40_9,[],11464.809074570048,0,0.0,314.49618139999995,"[2, 3, 5, 10, 11, 13, 15, 16, 19, 20]",3,,70,14,4,10,ordinary,9,full_coverage_and_all_discovered_cleared,126,3144.961814,0.021492125000804663
5,0,True,0,0,0,0,0,clustered__adversarial-spatial__70,clustered__adversarial-spatial,9,12,10,128,0.02109699999999748,10,,,1,3,,,,0,17,114,task_two_opt7,[],9332.877847649745,0,0.0,260.15755709999996,"[2, 3, 5, 10, 11, 13, 15, 16, 19, 20]",3,,70,15,3,10,ordinary,7,full_coverage_and_all_discovered_cleared,109,2601.575571,0.02117424999596551
21,0,True,,,,,,clustered__adversarial-spatial__71,clustered__adversarial-spatial,12,12,12,144,0.16180200000000156,12,,,,,,,,0,,130,baseline_peer9,[],19129.246830948425,0,0.0,387.5707805833333,"[1, 2, 4, 5, 7, 9, 10, 13, 17, 18, 19, 20]",3,,71,,,12,ordinary,9,full_coverage_and_all_discovered_cleared,115,4650.849367,0.16204679204383865
12,0,True,,,,,,clustered__adversarial-spatial__71,clustered__adversarial-spatial,12,16,12,147,0.022802999999999685,12,778.6166859055267,1,0,4,0,0,,0,,129,baseline_co_known9,[],15092.334197204122,0,0.0,321.20556991666666,"[1, 2, 4, 5, 7, 9, 10, 13, 17, 18, 19, 20]",3,0,71,8,0,12,ordinary,9,continuous_dynamic_coverage_and_all_discovered_cleared,119,3854.466839,0.022803541971370578
5,0,True,0,0,0,0,0,clustered__adversarial-spatial__71,clustered__adversarial-spatial,11,14,12,158,0.021339999999998582,12,,,1,3,,,,0,0,142,task_nearest9,[],10909.356568109626,0,0.0,257.4059428333333,"[1, 2, 4, 5, 7, 9, 10, 13, 17, 18, 19, 20]",3,,71,18,2,12,ordinary,9,full_coverage_and_all_discovered_cleared,131,3088.871314,0.02134008298162371
8,0,True,0,0,0,0,0,clustered__adversarial-spatial__71,clustered__adversarial-spatial,12,17,12,154,0.022800000000000153,12,,,0,5,,,,0,21,135,task_two_opt9,[],10885.629962076502,0,0.0,254.34383258333332,"[1, 2, 4, 5, 7, 9, 10, 13, 17, 18, 19, 20]",3,,71,14,9,12,ordinary,9,full_coverage_and_all_discovered_cleared,125,3052.125991,0.02286566700786352
17,0,True,0,0,0,0,0,clustered__adversarial-spatial__71,clustered__adversarial-spatial,11,21,12,162,0.024453000000001168,12,,,1,10,,,,0,21,139,task_no_share9,[],14647.224113611304,0,0.0,320.0370686666667,"[1, 2, 4, 5, 7, 9, 10, 13, 17, 18, 19, 20]",3,,71,0,0,12,ordinary,9,full_coverage_and_all_discovered_cleared,129,3840.444824,0.024478791980072856
8,0,True,0,0,0,0,0,clustered__adversarial-spatial__71,clustered__adversarial-spatial,12,17,12,154,0.02292799999999673,12,,,0,5,,,,0,21,135,task_weight05_9,[],10885.586975937951,0,0.0,254.34311616666665,"[1, 2, 4, 5, 7, 9, 10, 13, 17, 18, 19, 20]",3,,71,14,9,12,ordinary,9,full_coverage_and_all_discovered_cleared,125,3052.117394,0.022927583020646125
8,0,True,0,0,0,0,0,clustered__adversarial-spatial__71,clustered__adversarial-spatial,12,17,12,154,0.0232360000000007,12,,,0,5,,,,0,21,135,task_weight1_9,[],10885.586975937951,0,0.0,254.34311616666665,"[1, 2, 4, 5, 7, 9, 10, 13, 17, 18, 19, 20]",3,,71,14,9,12,ordinary,9,full_coverage_and_all_discovered_cleared,125,3052.117394,0.023317957995459437
8,0,True,0,0,0,0,0,clustered__adversarial-spatial__71,clustered__adversarial-spatial,12,15,12,137,0.022739999999998872,12,,,0,3,,,,0,21,120,task_trial40_9,[],11609.13122739879,0,0.0,258.5688538333333,"[1, 2, 4, 5, 7, 9, 10, 13, 17, 18, 19, 20]",3,,71,13,1,12,ordinary,9,full_coverage_and_all_discovered_cleared,112,3102.826246,0.0227794999955222
5,0,True,0,0,0,0,0,clustered__adversarial-spatial__71,clustered__adversarial-spatial,11,14,12,126,0.020837000000000216,12,,,1,3,,,,0,19,110,task_two_opt7,[],9141.579853278283,0,0.0,212.02633091666667,"[1, 2, 4, 5, 7, 9, 10, 13, 17, 18, 19, 20]",3,,71,21,3,12,ordinary,7,full_coverage_and_all_discovered_cleared,100,2544.315971,0.020836833049543202
18,0,True,,,,,,boundary_min__n10__positive,boundary_min,10,10,10,169,0.17350999999999672,10,,,,,,,,0,,157,baseline_peer9,[],16602.647510297622,0,0.0,429.8529501,"[2, 6, 13, 14, 15, 16, 17, 18, 19, 20]",3,,242,,,10,stress,9,full_coverage_and_all_discovered_cleared,143,4298.529501,0.1737719580414705
16,0,True,,,,,,boundary_min__n10__positive,boundary_min,10,16,10,176,0.022584000000001936,10,778.6166859055267,1,0,6,0,0,,0,,158,baseline_co_known9,[],15121.966890184045,0,0.0,403.1393378,"[2, 6, 13, 14, 15, 16, 17, 18, 19, 20]",3,0,242,1,0,10,stress,9,continuous_dynamic_coverage_and_all_discovered_cleared,149,4031.393378,0.022630291001405567
18,0,True,0,0,0,0,0,boundary_min__n10__positive,boundary_min,10,17,10,188,0.025186000000001485,10,,,0,7,,,,0,0,169,task_nearest9,[],15180.2481932105,0,0.0,410.7049637,"[2, 6, 13, 14, 15, 16, 17, 18, 19, 20]",3,,242,5,0,10,stress,9,full_coverage_and_all_discovered_cleared,155,4107.049637,0.02532108302693814
18,0,True,0,0,0,0,0,boundary_min__n10__positive,boundary_min,10,17,10,188,0.025367000000002804,10,,,0,7,,,,0,19,169,task_two_opt9,[],15180.2481932105,0,0.0,410.7049637,"[2, 6, 13, 14, 15, 16, 17, 18, 19, 20]",3,,242,5,0,10,stress,9,full_coverage_and_all_discovered_cleared,155,4107.049637,0.025470332999248058
16,0,True,0,0,0,0,0,boundary_min__n10__positive,boundary_min,10,16,10,175,0.021580000000000155,10,,,0,6,,,,0,19,157,task_no_share9,[],15272.82051784754,0,0.0,405.4564104,"[2, 6, 13, 14, 15, 16, 17, 18, 19, 20]",3,,242,0,0,10,stress,9,full_coverage_and_all_discovered_cleared,147,4054.564104,0.0215796249685809
19,0,True,0,0,0,0,0,boundary_min__n10__positive,boundary_min,10,17,10,191,0.027099999999997237,10,,,0,7,,,,0,19,172,task_weight05_9,[],14807.367643354119,0,0.0,404.94735249999997,"[2, 6, 13, 14, 15, 16, 17, 18, 19, 20]",3,,242,7,0,10,stress,9,full_coverage_and_all_discovered_cleared,157,4049.473525,0.027154749957844615
21,0,True,0,0,0,0,0,boundary_min__n10__positive,boundary_min,10,19,10,198,0.028105999999997522,10,,,0,9,,,,0,19,177,task_weight1_9,[],14814.234310926679,0,0.0,408.5846859,"[2, 6, 13, 14, 15, 16, 17, 18, 19, 20]",3,,242,10,0,10,stress,9,full_coverage_and_all_discovered_cleared,161,4085.846859,0.028199959022458643
16,0,True,0,0,0,0,0,boundary_min__n10__positive,boundary_min,10,14,10,183,0.024910000000001986,10,,,0,4,,,,0,19,167,task_trial40_9,[],15116.30984290058,0,0.0,407.5261967,"[2, 6, 13, 14, 15, 16, 17, 18, 19, 20]",3,,242,5,0,10,stress,9,full_coverage_and_all_discovered_cleared,155,4075.261967,0.02493187499931082
21,0,True,0,0,0,0,0,boundary_min__n10__positive,boundary_min,10,20,10,168,0.02499199999999746,10,,,0,10,,,,0,17,146,task_two_opt7,[],18066.37880413393,0,0.0,455.4275761,"[2, 6, 13, 14, 15, 16, 17, 18, 19, 20]",3,,242,10,0,10,stress,7,full_coverage_and_all_discovered_cleared,131,4554.275761,0.02499154198449105
16,0,True,,,,,,boundary_min__n10__negative,boundary_min,10,10,10,167,0.14804700000000182,10,,,,,,,,0,,155,baseline_peer9,[],16504.586614695923,0,0.0,426.89173229999994,"[2, 6, 13, 14, 15, 16, 17, 18, 19, 20]",3,,243,,,10,stress,9,full_coverage_and_all_discovered_cleared,143,4268.917323,0.14832337497500703
18,0,True,,,,,,boundary_min__n10__negative,boundary_min,10,17,10,178,0.02404799999999696,10,778.6166859055267,1,0,7,0,0,,0,,159,baseline_co_known9,[],15295.214922319212,0,0.0,407.2042987,"[2, 6, 13, 14, 15, 16, 17, 18, 19, 20]",3,0,243,0,0,10,stress,9,continuous_dynamic_coverage_and_all_discovered_cleared,147,4072.042987,0.024082624993752688
14,0,True,0,0,0,0,0,boundary_min__n10__negative,boundary_min,10,15,10,184,0.021108999999999156,10,,,0,5,,,,0,0,167,task_nearest9,[],15055.707517023542,0,0.0,406.8141502,"[2, 6, 13, 14, 15, 16, 17, 18, 19, 20]",3,,243,7,0,10,stress,9,full_coverage_and_all_discovered_cleared,157,4068.141502,0.021107957989443094
14,0,True,0,0,0,0,0,boundary_min__n10__negative,boundary_min,10,15,10,184,0.02181099999999958,10,,,0,5,,,,0,19,167,task_two_opt9,[],15055.707517023542,0,0.0,406.8141502,"[2, 6, 13, 14, 15, 16, 17, 18, 19, 20]",3,,243,7,0,10,stress,9,full_coverage_and_all_discovered_cleared,157,4068.141502,0.021856833016499877
18,0,True,0,0,0,0,0,boundary_min__n10__negative,boundary_min,10,17,10,178,0.023358000000001766,10,,,0,7,,,,0,19,159,task_no_share9,[],15295.214922319212,0,0.0,407.2042987,"[2, 6, 13, 14, 15, 16, 17, 18, 19, 20]",3,,243,0,0,10,stress,9,full_coverage_and_all_discovered_cleared,147,4072.042987,0.02340362500399351
16,0,True,0,0,0,0,0,boundary_min__n10__negative,boundary_min,10,15,10,186,0.023769000000001483,10,,,0,5,,,,0,19,169,task_weight05_9,[],14704.156199401552,0,0.0,400.7831238,"[2, 6, 13, 14, 15, 16, 17, 18, 19, 20]",3,,243,7,0,10,stress,9,full_coverage_and_all_discovered_cleared,157,4007.831238,0.023769999970681965
20,0,True,0,0,0,0,0,boundary_min__n10__negative,boundary_min,10,19,10,196,0.025784000000001583,10,,,0,9,,,,0,19,175,task_weight1_9,[],14784.360138520184,0,0.0,406.78720239999996,"[2, 6, 13, 14, 15, 16, 17, 18, 19, 20]",3,,243,9,0,10,stress,9,full_coverage_and_all_discovered_cleared,159,4067.872024,0.025792375032324344
14,0,True,0,0,0,0,0,boundary_min__n10__negative,boundary_min,10,15,10,184,0.02166300000000021,10,,,0,5,,,,0,19,167,task_trial40_9,[],15055.707517023542,0,0.0,406.8141502,"[2, 6, 13, 14, 15, 16, 17, 18, 19, 20]",3,,243,7,0,10,stress,9,full_coverage_and_all_discovered_cleared,157,4068.141502,0.021698374999687076
19,0,True,0,0,0,0,0,boundary_min__n10__negative,boundary_min,10,18,10,164,0.02361799999999903,10,,,0,8,,,,0,17,144,task_two_opt7,[],18047.581120254705,0,0.0,453.45162280000005,"[2, 6, 13, 14, 15, 16, 17, 18, 19, 20]",3,,243,10,0,10,stress,7,full_coverage_and_all_discovered_cleared,131,4534.516228,0.02362641697982326
15,0,True,,,,,,boundary_min__n10__spatial,boundary_min,10,10,10,166,0.14562899999999956,10,,,,,,,,0,,154,baseline_peer9,[],16518.414023848596,0,0.0,426.66828050000004,"[2, 6, 13, 14, 15, 16, 17, 18, 19, 20]",3,,244,,,10,stress,9,full_coverage_and_all_discovered_cleared,143,4266.682805,0.14663974998984486
17,0,True,,,,,,boundary_min__n10__spatial,boundary_min,10,16,10,176,0.023113999999999635,10,778.6166859055267,1,0,6,0,0,,0,,158,baseline_co_known9,[],15307.7071634381,0,0.0,406.6541434,"[2, 6, 13, 14, 15, 16, 17, 18, 19, 20]",3,0,244,0,0,10,stress,9,continuous_dynamic_coverage_and_all_discovered_cleared,147,4066.541434,0.023114416981115937
14,0,True,0,0,0,0,0,boundary_min__n10__spatial,boundary_min,10,14,10,182,0.02200200000000052,10,,,0,4,,,,0,0,166,task_nearest9,[],15117.720329696347,0,0.0,407.0544066,"[2, 6, 13, 14, 15, 16, 17, 18, 19, 20]",3,,244,6,0,10,stress,9,full_coverage_and_all_discovered_cleared,155,4070.544066,0.022050625004339963
14,0,True,0,0,0,0,0,boundary_min__n10__spatial,boundary_min,10,14,10,182,0.02277700000000138,10,,,0,4,,,,0,19,166,task_two_opt9,[],15117.720329696347,0,0.0,407.0544066,"[2, 6, 13, 14, 15, 16, 17, 18, 19, 20]",3,,244,6,0,10,stress,9,full_coverage_and_all_discovered_cleared,155,4070.544066,0.02285879198461771
17,0,True,0,0,0,0,0,boundary_min__n10__spatial,boundary_min,10,16,10,176,0.022807000000000244,10,,,0,6,,,,0,19,158,task_no_share9,[],15307.7071634381,0,0.0,406.6541434,"[2, 6, 13, 14, 15, 16, 17, 18, 19, 20]",3,,244,0,0,10,stress,9,full_coverage_and_all_discovered_cleared,147,4066.541434,0.022807291999924928
17,0,True,0,0,0,0,0,boundary_min__n10__spatial,boundary_min,10,15,10,186,0.025572999999997847,10,,,0,5,,,,0,19,169,task_weight05_9,[],14751.746799790786,0,0.0,401.5349359,"[2, 6, 13, 14, 15, 16, 17, 18, 19, 20]",3,,244,6,0,10,stress,9,full_coverage_and_all_discovered_cleared,155,4015.349359,0.025572750018909574
19,0,True,0,0,0,0,0,boundary_min__n10__spatial,boundary_min,10,16,10,192,0.027181999999999817,10,,,0,6,,,,0,19,174,task_weight1_9,[],14902.757998229488,0,0.0,407.7551598,"[2, 6, 13, 14, 15, 16, 17, 18, 19, 20]",3,,244,9,0,10,stress,9,full_coverage_and_all_discovered_cleared,159,4077.551598,0.02721795899560675
13,0,True,0,0,0,0,0,boundary_min__n10__spatial,boundary_min,10,13,10,180,0.02200200000000052,10,,,0,3,,,,0,19,165,task_trial40_9,[],15104.633780531203,0,0.0,405.9926756,"[2, 6, 13, 14, 15, 16, 17, 18, 19, 20]",3,,244,6,0,10,stress,9,full_coverage_and_all_discovered_cleared,155,4059.926756,0.022056459041777998
18,0,True,0,0,0,0,0,boundary_min__n10__spatial,boundary_min,10,16,10,160,0.023927000000000476,10,,,0,6,,,,0,17,142,task_two_opt7,[],18143.861872475478,0,0.0,453.47723759999997,"[2, 6, 13, 14, 15, 16, 17, 18, 19, 20]",3,,244,9,0,10,stress,7,full_coverage_and_all_discovered_cleared,128,4534.772376,0.02392741700168699
24,0,True,,,,,,boundary_min__n16__positive,boundary_min,16,16,16,159,0.2179109999999973,16,,,,,,,,0,,141,baseline_peer9,[],20726.25769111856,0,0.0,316.2032209375,"[1, 2, 3, 5, 6, 7, 9, 10, 11, 12, 13, 14, 16, 18, 19, 20]",3,,245,,,16,stress,9,full_coverage_and_all_discovered_cleared,129,5059.251535,0.21814745798474178
16,0,True,,,,,,boundary_min__n16__positive,boundary_min,16,24,16,168,0.027722999999998166,16,,0,0,8,0,0,,0,,142,baseline_co_known9,[],18510.857890080748,0,0.0,290.3857233125,"[1, 2, 3, 5, 6, 7, 9, 10, 11, 12, 13, 14, 16, 18, 19, 20]",3,0,245,9,0,16,stress,9,public_upper_bound_16,130,4646.171573,0.02780783298658207
15,0,True,0,0,0,0,0,boundary_min__n16__positive,boundary_min,16,23,16,179,0.031632999999999356,16,,,0,7,,,,0,0,154,task_nearest9,[],15726.066669222822,0,0.0,259.6383335,"[1, 2, 3, 5, 6, 7, 9, 10, 11, 12, 13, 14, 16, 18, 19, 20]",3,,245,15,0,16,stress,9,public_upper_bound_16,138,4154.213336,0.03166491602314636
15,0,True,0,0,0,0,0,boundary_min__n16__positive,boundary_min,16,23,16,179,0.032429000000000485,16,,,0,7,,,,0,25,154,task_two_opt9,[],15726.066669222822,0,0.0,259.6383335,"[1, 2, 3, 5, 6, 7, 9, 10, 11, 12, 13, 14, 16, 18, 19, 20]",3,,245,15,0,16,stress,9,public_upper_bound_16,138,4154.213336,0.03247762500541285
22,0,True,0,0,0,0,0,boundary_min__n16__positive,boundary_min,16,23,16,171,0.030241000000000184,16,,,0,7,,,,0,25,146,task_no_share9,[],17979.859911166073,0,0.0,285.1857491875,"[1, 2, 3, 5, 6, 7, 9, 10, 11, 12, 13, 14, 16, 18, 19, 20]",3,,245,0,0,16,stress,9,public_upper_bound_16,136,4562.971987,0.030253249977249652
15,0,True,0,0,0,0,0,boundary_min__n16__positive,boundary_min,16,23,16,179,0.03245199999999926,16,,,0,7,,,,0,25,154,task_weight05_9,[],15726.066669222822,0,0.0,259.6383335,"[1, 2, 3, 5, 6, 7, 9, 10, 11, 12, 13, 14, 16, 18, 19, 20]",3,,245,15,0,16,stress,9,public_upper_bound_16,138,4154.213336,0.032485708012245595
23,0,True,0,0,0,0,0,boundary_min__n16__positive,boundary_min,16,31,16,196,0.03612099999999785,16,,,0,15,,,,0,25,163,task_weight1_9,[],15766.264039363052,0,0.0,265.390800875,"[1, 2, 3, 5, 6, 7, 9, 10, 11, 12, 13, 14, 16, 18, 19, 20]",3,,245,16,0,16,stress,9,public_upper_bound_16,153,4246.252814,0.03616108401911333
15,0,True,0,0,0,0,0,boundary_min__n16__positive,boundary_min,16,23,16,179,0.032150000000001455,16,,,0,7,,,,0,25,154,task_trial40_9,[],15726.066669222822,0,0.0,259.6383335,"[1, 2, 3, 5, 6, 7, 9, 10, 11, 12, 13, 14, 16, 18, 19, 20]",3,,245,15,0,16,stress,9,public_upper_bound_16,138,4154.213336,0.03220204100944102
16,0,True,0,0,0,0,0,boundary_min__n16__positive,boundary_min,11,26,16,163,0.02732300000000265,16,,,5,15,,,,0,23,135,task_two_opt7,[],18958.803556932766,0,0.0,293.8600444375,"[1, 2, 3, 5, 6, 7, 9, 10, 11, 12, 13, 14, 16, 18, 19, 20]",3,,245,22,0,16,stress,7,public_upper_bound_16,125,4701.760711,0.027337457984685898
31,0,True,,,,,,boundary_min__n16__negative,boundary_min,16,16,16,166,0.32220599999999777,16,,,,,,,,0,,148,baseline_peer9,[],19887.939646428087,0,0.0,307.9117453125,"[1, 2, 3, 5, 6, 7, 9, 10, 11, 12, 13, 14, 16, 18, 19, 20]",3,,246,,,16,stress,9,full_coverage_and_all_discovered_cleared,129,4926.587925,0.32259795803111047
17,0,True,,,,,,boundary_min__n16__negative,boundary_min,9,25,16,183,0.03765600000000191,16,,0,7,16,0,0,,0,,156,baseline_co_known9,[],16387.385461616326,0,0.0,269.34231825,"[1, 2, 3, 5, 6, 7, 9, 10, 11, 12, 13, 14, 16, 18, 19, 20]",3,0,246,22,0,16,stress,9,public_upper_bound_16,145,4309.477092,0.03768533299444243
23,0,True,0,0,0,0,0,boundary_min__n16__negative,boundary_min,16,31,16,190,0.034137000000001194,16,,,0,15,,,,0,0,157,task_nearest9,[],17921.039291542605,0,0.0,290.325491,"[1, 2, 3, 5, 6, 7, 9, 10, 11, 12, 13, 14, 16, 18, 19, 20]",3,,246,10,0,16,stress,9,public_upper_bound_16,151,4645.207856,0.034215499996207654
15,0,True,0,0,0,0,0,boundary_min__n16__negative,boundary_min,8,23,16,179,0.03614599999999868,16,,,8,15,,,,0,25,154,task_two_opt9,[],15805.33510287253,0,0.0,260.87918875,"[1, 2, 3, 5, 6, 7, 9, 10, 11, 12, 13, 14, 16, 18, 19, 20]",3,,246,22,0,16,stress,9,public_upper_bound_16,142,4174.06702,0.03617358399787918
38,0,True,0,0,0,0,0,boundary_min__n16__negative,boundary_min,16,31,16,188,0.043241999999999337,16,,,0,15,,,,0,25,155,task_no_share9,[],18775.12578096355,0,0.0,299.0640723125,"[1, 2, 3, 5, 6, 7, 9, 10, 11, 12, 13, 14, 16, 18, 19, 20]",3,,246,0,0,16,stress,9,public_upper_bound_16,130,4785.025157,0.04328662494663149
15,0,True,0,0,0,0,0,boundary_min__n16__negative,boundary_min,8,23,16,179,0.03597600000000156,16,,,8,15,,,,0,25,154,task_weight05_9,[],15805.33510287253,0,0.0,260.87918875,"[1, 2, 3, 5, 6, 7, 9, 10, 11, 12, 13, 14, 16, 18, 19, 20]",3,,246,22,0,16,stress,9,public_upper_bound_16,142,4174.06702,0.03599883400602266
17,0,True,0,0,0,0,0,boundary_min__n16__negative,boundary_min,9,25,16,184,0.03705899999999929,16,,,7,16,,,,0,25,157,task_weight1_9,[],15802.447624336392,0,0.0,262.343095625,"[1, 2, 3, 5, 6, 7, 9, 10, 11, 12, 13, 14, 16, 18, 19, 20]",3,,246,23,0,16,stress,9,public_upper_bound_16,145,4197.48953,0.037106750009115785
22,0,True,0,0,0,0,0,boundary_min__n16__negative,boundary_min,15,23,16,186,0.044197000000000486,16,,,1,8,,,,0,25,161,task_trial40_9,[],16144.008520061934,0,0.0,267.3001065,"[1, 2, 3, 5, 6, 7, 9, 10, 11, 12, 13, 14, 16, 18, 19, 20]",3,,246,22,0,16,stress,9,public_upper_bound_16,142,4276.801704,0.04431737499544397
17,0,True,0,0,0,0,0,boundary_min__n16__negative,boundary_min,12,24,16,165,0.030760999999998262,16,,,4,12,,,,0,23,139,task_two_opt7,[],19097.896262664945,0,0.0,296.47370325,"[1, 2, 3, 5, 6, 7, 9, 10, 11, 12, 13, 14, 16, 18, 19, 20]",3,,246,25,0,16,stress,7,public_upper_bound_16,125,4743.579252,0.030807834002189338
29,0,True,,,,,,boundary_min__n16__spatial,boundary_min,16,16,16,164,0.27449100000000115,16,,,,,,,,0,,146,baseline_peer9,[],20368.89560949538,0,0.0,313.298695,"[1, 2, 3, 5, 6, 7, 9, 10, 11, 12, 13, 14, 16, 18, 19, 20]",3,,247,,,16,stress,9,full_coverage_and_all_discovered_cleared,129,5012.77912,0.2767933750292286
17,0,True,,,,,,boundary_min__n16__spatial,boundary_min,16,25,16,171,0.028710000000000235,16,,0,0,9,0,0,,0,,144,baseline_co_known9,[],18600.165738555308,0,0.0,292.814572,"[1, 2, 3, 5, 6, 7, 9, 10, 11, 12, 13, 14, 16, 18, 19, 20]",3,0,247,10,0,16,stress,9,public_upper_bound_16,138,4685.033152,0.02872487501008436
16,0,True,0,0,0,0,0,boundary_min__n16__spatial,boundary_min,15,23,16,172,0.03019400000000161,16,,,1,8,,,,0,0,147,task_nearest9,[],15829.468575193534,0,0.0,258.680857375,"[1, 2, 3, 5, 6, 7, 9, 10, 11, 12, 13, 14, 16, 18, 19, 20]",3,,247,14,7,16,stress,9,public_upper_bound_16,137,4138.893718,0.030194416001904756
16,0,True,0,0,0,0,0,boundary_min__n16__spatial,boundary_min,15,23,16,172,0.030915000000000248,16,,,1,8,,,,0,25,147,task_two_opt9,[],15829.468575193534,0,0.0,258.680857375,"[1, 2, 3, 5, 6, 7, 9, 10, 11, 12, 13, 14, 16, 18, 19, 20]",3,,247,14,7,16,stress,9,public_upper_bound_16,137,4138.893718,0.030918208009097725
28,0,True,0,0,0,0,0,boundary_min__n16__spatial,boundary_min,16,26,16,180,0.03507899999999964,16,,,0,10,,,,0,25,152,task_no_share9,[],18228.452872366757,0,0.0,290.730661,"[1, 2, 3, 5, 6, 7, 9, 10, 11, 12, 13, 14, 16, 18, 19, 20]",3,,247,0,0,16,stress,9,public_upper_bound_16,136,4651.690576,0.03511308302404359
16,0,True,0,0,0,0,0,boundary_min__n16__spatial,boundary_min,15,23,16,172,0.030726000000001363,16,,,1,8,,,,0,25,147,task_weight05_9,[],15829.892052699586,0,0.0,258.6861508125,"[1, 2, 3, 5, 6, 7, 9, 10, 11, 12, 13, 14, 16, 18, 19, 20]",3,,247,14,7,16,stress,9,public_upper_bound_16,137,4138.978413,0.03073837503325194
21,0,True,0,0,0,0,0,boundary_min__n16__spatial,boundary_min,16,26,16,178,0.032820999999998435,16,,,0,10,,,,0,25,150,task_weight1_9,[],15850.869839031446,0,0.0,260.885873375,"[1, 2, 3, 5, 6, 7, 9, 10, 11, 12, 13, 14, 16, 18, 19, 20]",3,,247,12,7,16,stress,9,public_upper_bound_16,144,4174.173974,0.032858041988220066
16,0,True,0,0,0,0,0,boundary_min__n16__spatial,boundary_min,16,22,16,171,0.03113400000000155,16,,,0,6,,,,0,25,147,task_trial40_9,[],15853.240735556958,0,0.0,258.79050925,"[1, 2, 3, 5, 6, 7, 9, 10, 11, 12, 13, 14, 16, 18, 19, 20]",3,,247,14,7,16,stress,9,public_upper_bound_16,137,4140.648148,0.031158207973930985
17,0,True,0,0,0,0,0,boundary_min__n16__spatial,boundary_min,15,25,16,164,0.029206000000002064,16,,,1,10,,,,0,23,137,task_two_opt7,[],19093.76578874631,0,0.0,295.984572625,"[1, 2, 3, 5, 6, 7, 9, 10, 11, 12, 13, 14, 16, 18, 19, 20]",3,,247,23,0,16,stress,7,public_upper_bound_16,125,4735.753162,0.029246083984617144
16,0,True,,,,,,near_collinear_min__n10__positive,near_collinear_min,10,10,10,140,0.13852100000000434,10,,,,,,,,0,,128,baseline_peer9,[],16274.216844796223,0,0.0,405.8843372,"[4, 6, 10, 12, 14, 15, 16, 17, 18, 20]",3,,248,,,10,stress,9,full_coverage_and_all_discovered_cleared,114,4058.843372,0.1388475830317475
6,0,True,,,,,,near_collinear_min__n10__positive,near_collinear_min,6,12,10,138,0.01687700000000092,10,778.6166859055267,1,4,6,0,0,,0,,124,baseline_co_known9,[],13034.887017285573,0,0.0,339.8977406,"[4, 6, 10, 12, 14, 15, 16, 17, 18, 20]",3,0,248,6,0,10,stress,9,continuous_dynamic_coverage_and_all_discovered_cleared,116,3398.977406,0.01691416697576642
6,0,True,0,0,0,0,0,near_collinear_min__n10__positive,near_collinear_min,6,12,10,138,0.015882000000004837,10,,,4,6,,,,0,0,124,task_nearest9,[],13034.887017285573,0,0.0,339.7977406,"[4, 6, 10, 12, 14, 15, 16, 17, 18, 20]",3,,248,6,0,10,stress,9,full_coverage_and_all_discovered_cleared,115,3397.977406,0.01588249998167157
8,0,True,0,0,0,0,0,near_collinear_min__n10__positive,near_collinear_min,7,15,10,175,0.018735999999996977,10,,,3,8,,,,0,19,158,task_two_opt9,[],13720.996165622777,0,0.0,374.7199235,"[4, 6, 10, 12, 14, 15, 16, 17, 18, 20]",3,,248,6,8,10,stress,9,full_coverage_and_all_discovered_cleared,148,3747.199235,0.018817083968315274
13,0,True,0,0,0,0,0,near_collinear_min__n10__positive,near_collinear_min,7,14,10,156,0.020635999999996102,10,,,3,7,,,,0,19,140,task_no_share9,[],14920.829580846384,0,0.0,387.7165916,"[4, 6, 10, 12, 14, 15, 16, 17, 18, 20]",3,,248,0,0,10,stress,9,full_coverage_and_all_discovered_cleared,131,3877.165916,0.020656250009778887
8,0,True,0,0,0,0,0,near_collinear_min__n10__positive,near_collinear_min,8,15,10,175,0.018551000000002205,10,,,2,7,,,,0,19,158,task_weight05_9,[],13699.299358325512,0,0.0,374.2859874,"[4, 6, 10, 12, 14, 15, 16, 17, 18, 20]",3,,248,6,8,10,stress,9,full_coverage_and_all_discovered_cleared,148,3742.859874,0.01857670902973041
9,0,True,0,0,0,0,0,near_collinear_min__n10__positive,near_collinear_min,8,15,10,177,0.019517999999997926,10,,,2,7,,,,0,19,160,task_weight1_9,[],13782.958108174693,0,0.0,377.1591625,"[4, 6, 10, 12, 14, 15, 16, 17, 18, 20]",3,,248,7,8,10,stress,9,full_coverage_and_all_discovered_cleared,150,3771.591625,0.01956979202805087
9,0,True,0,0,0,0,0,near_collinear_min__n10__positive,near_collinear_min,8,15,10,176,0.019679000000003555,10,,,2,7,,,,0,19,159,task_trial40_9,[],13728.243053068774,0,0.0,375.4648613,"[4, 6, 10, 12, 14, 15, 16, 17, 18, 20]",3,,248,6,8,10,stress,9,full_coverage_and_all_discovered_cleared,149,3754.648613,0.019692082947585732
8,0,True,0,0,0,0,0,near_collinear_min__n10__positive,near_collinear_min,7,14,10,135,0.01999399999999696,10,,,3,7,,,,0,17,119,task_two_opt7,[],13369.144362767393,0,0.0,344.38288750000004,"[4, 6, 10, 12, 14, 15, 16, 17, 18, 20]",3,,248,2,0,10,stress,7,full_coverage_and_all_discovered_cleared,113,3443.828875,0.02021691604750231
16,0,True,,,,,,near_collinear_min__n10__negative,near_collinear_min,10,10,10,140,0.1286100000000019,10,,,,,,,,0,,128,baseline_peer9,[],16474.787472253523,0,0.0,409.8957496,"[4, 6, 10, 12, 14, 15, 16, 17, 18, 20]",3,,249,,,10,stress,9,full_coverage_and_all_discovered_cleared,114,4098.957496,0.12904766603605822
8,0,True,,,,,,near_collinear_min__n10__negative,near_collinear_min,8,14,10,142,0.01692000000000604,10,778.6166859055267,1,2,6,0,0,,0,,126,baseline_co_known9,[],13287.718482182541,0,0.0,346.7543699,"[4, 6, 10, 12, 14, 15, 16, 17, 18, 20]",3,0,249,6,0,10,stress,9,continuous_dynamic_coverage_and_all_discovered_cleared,118,3467.543699,0.016920624999329448
8,0,True,0,0,0,0,0,near_collinear_min__n10__negative,near_collinear_min,8,14,10,142,0.01646300000000167,10,,,2,6,,,,0,0,126,task_nearest9,[],13287.718482182541,0,0.0,346.7543699,"[4, 6, 10, 12, 14, 15, 16, 17, 18, 20]",3,,249,6,0,10,stress,9,full_coverage_and_all_discovered_cleared,118,3467.543699,0.016514957998879254
8,0,True,0,0,0,0,0,near_collinear_min__n10__negative,near_collinear_min,8,14,10,156,0.01817400000000191,10,,,2,6,,,,0,19,140,task_two_opt9,[],13125.002067655596,0,0.0,352.1000414,"[4, 6, 10, 12, 14, 15, 16, 17, 18, 20]",3,,249,5,0,10,stress,9,full_coverage_and_all_discovered_cleared,134,3521.000414,0.018189083028119057
14,0,True,0,0,0,0,0,near_collinear_min__n10__negative,near_collinear_min,8,15,10,158,0.02084799999999376,10,,,2,7,,,,0,19,141,task_no_share9,[],15260.492257221247,0,0.0,395.3098453,"[4, 6, 10, 12, 14, 15, 16, 17, 18, 20]",3,,249,0,0,10,stress,9,full_coverage_and_all_discovered_cleared,131,3953.098453,0.020907666999846697
9,0,True,0,0,0,0,0,near_collinear_min__n10__negative,near_collinear_min,8,15,10,159,0.01817100000000238,10,,,2,7,,,,0,19,142,task_weight05_9,[],13122.655005967217,0,0.0,353.4531004,"[4, 6, 10, 12, 14, 15, 16, 17, 18, 20]",3,,249,6,0,10,stress,9,full_coverage_and_all_discovered_cleared,135,3534.531004,0.01817062497138977
9,0,True,0,0,0,0,0,near_collinear_min__n10__negative,near_collinear_min,8,15,10,159,0.018509999999999138,10,,,2,7,,,,0,19,142,task_weight1_9,[],13122.655005967217,0,0.0,353.4531004,"[4, 6, 10, 12, 14, 15, 16, 17, 18, 20]",3,,249,6,0,10,stress,9,full_coverage_and_all_discovered_cleared,135,3534.531004,0.01853800000390038
10,0,True,0,0,0,0,0,near_collinear_min__n10__negative,near_collinear_min,10,14,10,158,0.01994499999999988,10,,,0,4,,,,0,19,142,task_trial40_9,[],13184.94875485121,0,0.0,354.49897500000003,"[4, 6, 10, 12, 14, 15, 16, 17, 18, 20]",3,,249,5,0,10,stress,9,full_coverage_and_all_discovered_cleared,136,3544.98975,0.01997366698924452
9,0,True,0,0,0,0,0,near_collinear_min__n10__negative,near_collinear_min,8,15,10,133,0.01862599999999759,10,,,2,7,,,,0,17,116,task_two_opt7,[],11637.977086952103,0,0.0,308.25954179999997,"[4, 6, 10, 12, 14, 15, 16, 17, 18, 20]",3,,249,4,0,10,stress,7,full_coverage_and_all_discovered_cleared,110,3082.595418,0.01863025000784546
16,0,True,,,,,,near_collinear_min__n10__spatial,near_collinear_min,10,10,10,140,0.13313099999999878,10,,,,,,,,0,,128,baseline_peer9,[],17143.054082608098,0,0.0,423.2610816,"[4, 6, 10, 12, 14, 15, 16, 17, 18, 20]",3,,250,,,10,stress,9,full_coverage_and_all_discovered_cleared,114,4232.610816,0.13328108401037753
8,0,True,,,,,,near_collinear_min__n10__spatial,near_collinear_min,8,14,10,142,0.0175479999999979,10,778.6166859055267,1,2,6,0,0,,0,,126,baseline_co_known9,[],14300.04238838293,0,0.0,366.900848,"[4, 6, 10, 12, 14, 15, 16, 17, 18, 20]",3,0,250,6,0,10,stress,9,continuous_dynamic_coverage_and_all_discovered_cleared,117,3669.00848,0.017597833008039743
7,0,True,0,0,0,0,0,near_collinear_min__n10__spatial,near_collinear_min,7,13,10,154,0.01704600000000056,10,,,3,6,,,,0,0,139,task_nearest9,[],13067.714881547428,0,0.0,349.9542978,"[4, 6, 10, 12, 14, 15, 16, 17, 18, 20]",3,,250,5,0,10,stress,9,full_coverage_and_all_discovered_cleared,132,3499.542978,0.01704704196890816
8,0,True,0,0,0,0,0,near_collinear_min__n10__spatial,near_collinear_min,6,14,10,172,0.019255000000001132,10,,,4,8,,,,0,19,156,task_two_opt9,[],14037.186097989845,0,0.0,379.5437219,"[4, 6, 10, 12, 14, 15, 16, 17, 18, 20]",3,,250,12,4,10,stress,9,full_coverage_and_all_discovered_cleared,146,3795.437219,0.01932662498438731
10,0,True,0,0,0,0,0,near_collinear_min__n10__spatial,near_collinear_min,5,12,10,151,0.018813000000001523,10,,,5,7,,,,0,19,137,task_no_share9,[],15027.836226896045,0,0.0,387.55672450000003,"[4, 6, 10, 12, 14, 15, 16, 17, 18, 20]",3,,250,0,0,10,stress,9,full_coverage_and_all_discovered_cleared,129,3875.567245,0.018821916019078344
9,0,True,0,0,0,0,0,near_collinear_min__n10__spatial,near_collinear_min,8,15,10,174,0.01993200000000428,10,,,2,7,,,,0,19,157,task_weight05_9,[],14081.220988188252,0,0.0,381.3244198,"[4, 6, 10, 12, 14, 15, 16, 17, 18, 20]",3,,250,12,4,10,stress,9,full_coverage_and_all_discovered_cleared,147,3813.244198,0.020020166994072497
9,0,True,0,0,0,0,0,near_collinear_min__n10__spatial,near_collinear_min,8,15,10,174,0.019840999999999553,10,,,2,7,,,,0,19,157,task_weight1_9,[],14094.602120031337,0,0.0,381.59204239999997,"[4, 6, 10, 12, 14, 15, 16, 17, 18, 20]",3,,250,12,4,10,stress,9,full_coverage_and_all_discovered_cleared,147,3815.920424,0.019840541994199157
10,0,True,0,0,0,0,0,near_collinear_min__n10__spatial,near_collinear_min,8,14,10,174,0.02123600000000181,10,,,2,6,,,,0,19,158,task_trial40_9,[],14074.584495416115,0,0.0,381.3916898,"[4, 6, 10, 12, 14, 15, 16, 17, 18, 20]",3,,250,12,4,10,stress,9,full_coverage_and_all_discovered_cleared,147,3813.916898,0.021278291998896748
9,0,True,0,0,0,0,0,near_collinear_min__n10__spatial,near_collinear_min,7,16,10,145,0.01996099999999501,10,,,3,9,,,,0,17,127,task_two_opt7,[],11870.593881811159,0,0.0,319.4118777,"[4, 6, 10, 12, 14, 15, 16, 17, 18, 20]",3,,250,13,0,10,stress,7,full_coverage_and_all_discovered_cleared,117,3194.118777,0.020025000034365803
26,0,True,,,,,,near_collinear_min__n16__positive,near_collinear_min,16,16,16,108,0.21389299999999878,16,,,,,,,,0,,90,baseline_peer9,[],18124.273330895132,0,0.0,264.36591675,"[1, 2, 3, 5, 7, 8, 11, 12, 13, 14, 15, 16, 17, 18, 19, 20]",3,,251,,,16,stress,6,public_upper_bound_16,75,4229.854668,0.2141380839748308
14,0,True,,,,,,near_collinear_min__n16__positive,near_collinear_min,14,24,16,114,0.025069000000002006,16,,0,2,10,0,0,,0,,88,baseline_co_known9,[],13632.117211491235,0,0.0,209.526465,"[1, 2, 3, 5, 7, 8, 11, 12, 13, 14, 15, 16, 17, 18, 19, 20]",3,0,251,10,0,16,stress,6,public_upper_bound_16,82,3352.42344,0.025115208001807332
10,0,True,0,0,0,0,0,near_collinear_min__n16__positive,near_collinear_min,14,21,16,128,0.024668999999995833,16,,,2,7,,,,0,0,105,task_nearest9,[],10344.597073817742,0,0.0,174.244963375,"[1, 2, 3, 5, 7, 8, 11, 12, 13, 14, 15, 16, 17, 18, 19, 20]",3,,251,11,0,16,stress,6,public_upper_bound_16,99,2787.919414,0.024669417005497962
10,0,True,0,0,0,0,0,near_collinear_min__n16__positive,near_collinear_min,14,21,16,128,0.026163999999994303,16,,,2,7,,,,0,22,105,task_two_opt9,[],10344.597073817742,0,0.0,174.244963375,"[1, 2, 3, 5, 7, 8, 11, 12, 13, 14, 15, 16, 17, 18, 19, 20]",3,,251,11,0,16,stress,6,public_upper_bound_16,99,2787.919414,0.026228666945826262
21,0,True,0,0,0,0,0,near_collinear_min__n16__positive,near_collinear_min,14,24,16,140,0.031030000000001223,16,,,2,10,,,,0,23,114,task_no_share9,[],16187.783907635143,0,0.0,250.8472989375,"[1, 2, 3, 5, 7, 8, 11, 12, 13, 14, 15, 16, 17, 18, 19, 20]",3,,251,0,0,16,stress,7,public_upper_bound_16,102,4013.556783,0.03108529100427404
9,0,True,0,0,0,0,0,near_collinear_min__n16__positive,near_collinear_min,14,20,16,126,0.025682000000003313,16,,,2,6,,,,0,22,104,task_weight05_9,[],10491.246382645744,0,0.0,175.57807975,"[1, 2, 3, 5, 7, 8, 11, 12, 13, 14, 15, 16, 17, 18, 19, 20]",3,,251,11,0,16,stress,6,public_upper_bound_16,99,2809.249276,0.025734542054124177
9,0,True,0,0,0,0,0,near_collinear_min__n16__positive,near_collinear_min,12,20,16,128,0.026327999999999463,16,,,4,8,,,,0,22,106,task_weight1_9,[],10489.380110998934,0,0.0,176.3047513125,"[1, 2, 3, 5, 7, 8, 11, 12, 13, 14, 15, 16, 17, 18, 19, 20]",3,,251,13,0,16,stress,6,public_upper_bound_16,101,2820.876021,0.026388833997771144
10,0,True,0,0,0,0,0,near_collinear_min__n16__positive,near_collinear_min,16,19,16,126,0.027167000000005714,16,,,0,3,,,,0,22,105,task_trial40_9,[],10362.787325375282,0,0.0,174.2223414375,"[1, 2, 3, 5, 7, 8, 11, 12, 13, 14, 15, 16, 17, 18, 19, 20]",3,,251,11,0,16,stress,6,public_upper_bound_16,101,2787.557463,0.02723345800768584
8,0,True,0,0,0,0,0,near_collinear_min__n16__positive,near_collinear_min,12,20,16,116,0.025363999999996167,16,,,4,8,,,,0,21,94,task_two_opt7,[],9771.756088096005,0,0.0,162.8344509375,"[1, 2, 3, 5, 7, 8, 11, 12, 13, 14, 15, 16, 17, 18, 19, 20]",3,,251,10,0,16,stress,5,public_upper_bound_16,89,2605.351215,0.02536429202882573
26,0,True,,,,,,near_collinear_min__n16__negative,near_collinear_min,16,16,16,108,0.202576999999998,16,,,,,,,,0,,90,baseline_peer9,[],18465.577738957996,0,0.0,268.6322218125,"[1, 2, 3, 5, 7, 8, 11, 12, 13, 14, 15, 16, 17, 18, 19, 20]",3,,252,,,16,stress,6,public_upper_bound_16,75,4298.115549,0.20295304100727662
18,0,True,,,,,,near_collinear_min__n16__negative,near_collinear_min,14,24,16,116,0.027757000000001142,16,,0,2,10,0,0,,0,,90,baseline_co_known9,[],14487.313612731961,0,0.0,220.5914201875,"[1, 2, 3, 5, 7, 8, 11, 12, 13, 14, 15, 16, 17, 18, 19, 20]",3,0,252,8,0,16,stress,6,public_upper_bound_16,78,3529.462723,0.02783279202412814
10,0,True,0,0,0,0,0,near_collinear_min__n16__negative,near_collinear_min,14,20,16,127,0.02952799999999911,16,,,2,6,,,,0,0,105,task_nearest9,[],11048.185241163188,0,0.0,182.8523154375,"[1, 2, 3, 5, 7, 8, 11, 12, 13, 14, 15, 16, 17, 18, 19, 20]",3,,252,11,0,16,stress,6,public_upper_bound_16,99,2925.637047,0.029631707991939038
10,0,True,0,0,0,0,0,near_collinear_min__n16__negative,near_collinear_min,14,20,16,127,0.026178999999999064,16,,,2,6,,,,0,22,105,task_two_opt9,[],11048.185241163188,0,0.0,182.8523154375,"[1, 2, 3, 5, 7, 8, 11, 12, 13, 14, 15, 16, 17, 18, 19, 20]",3,,252,11,0,16,stress,6,public_upper_bound_16,99,2925.637047,0.026243250002153218
27,0,True,0,0,0,0,0,near_collinear_min__n16__negative,near_collinear_min,14,26,16,139,0.03370500000000476,16,,,2,12,,,,0,22,111,task_no_share9,[],15848.362330133663,0,0.0,245.6670290625,"[1, 2, 3, 5, 7, 8, 11, 12, 13, 14, 15, 16, 17, 18, 19, 20]",3,,252,0,0,16,stress,6,public_upper_bound_16,96,3930.672465,0.03374133299803361
11,0,True,0,0,0,0,0,near_collinear_min__n16__negative,near_collinear_min,12,21,16,130,0.026467000000003793,16,,,4,9,,,,0,22,107,task_weight05_9,[],11046.868036198217,0,0.0,183.7733504375,"[1, 2, 3, 5, 7, 8, 11, 12, 13, 14, 15, 16, 17, 18, 19, 20]",3,,252,12,0,16,stress,6,public_upper_bound_16,101,2940.373607,0.026536290999501944
11,0,True,0,0,0,0,0,near_collinear_min__n16__negative,near_collinear_min,12,21,16,130,0.026634999999998854,16,,,4,9,,,,0,22,107,task_weight1_9,[],11027.163876416473,0,0.0,183.5270484375,"[1, 2, 3, 5, 7, 8, 11, 12, 13, 14, 15, 16, 17, 18, 19, 20]",3,,252,12,0,16,stress,6,public_upper_bound_16,101,2936.432775,0.026634167006704956
10,0,True,0,0,0,0,0,near_collinear_min__n16__negative,near_collinear_min,16,18,16,125,0.027107999999998356,16,,,0,2,,,,0,22,105,task_trial40_9,[],11067.736020784436,0,0.0,182.846700125,"[1, 2, 3, 5, 7, 8, 11, 12, 13, 14, 15, 16, 17, 18, 19, 20]",3,,252,11,0,16,stress,6,public_upper_bound_16,101,2925.547202,0.027215707988943905
11,0,True,0,0,0,0,0,near_collinear_min__n16__negative,near_collinear_min,14,21,16,118,0.02602900000000119,16,,,2,7,,,,0,21,95,task_two_opt7,[],10769.828300881256,0,0.0,175.81035375,"[1, 2, 3, 5, 7, 8, 11, 12, 13, 14, 15, 16, 17, 18, 19, 20]",3,,252,12,1,16,stress,5,public_upper_bound_16,89,2812.96566,0.02607083402108401
26,0,True,,,,,,near_collinear_min__n16__spatial,near_collinear_min,16,16,16,108,0.20309699999999964,16,,,,,,,,0,,90,baseline_peer9,[],18348.70493692447,0,0.0,267.1713118125,"[1, 2, 3, 5, 7, 8, 11, 12, 13, 14, 15, 16, 17, 18, 19, 20]",3,,253,,,16,stress,6,public_upper_bound_16,75,4274.740989,0.20326541701797396
14,0,True,,,,,,near_collinear_min__n16__spatial,near_collinear_min,12,22,16,111,0.025336000000002912,16,,0,4,10,0,0,,0,,87,baseline_co_known9,[],13045.124223618886,0,0.0,201.2515526875,"[1, 2, 3, 5, 7, 8, 11, 12, 13, 14, 15, 16, 17, 18, 19, 20]",3,0,253,9,0,16,stress,6,public_upper_bound_16,78,3220.024843,0.025378875026945025
10,0,True,0,0,0,0,0,near_collinear_min__n16__spatial,near_collinear_min,15,21,16,109,0.02263300000000612,16,,,1,6,,,,0,0,86,task_nearest9,[],11075.80961161844,0,0.0,176.1976200625,"[1, 2, 3, 5, 7, 8, 11, 12, 13, 14, 15, 16, 17, 18, 19, 20]",3,,253,12,0,16,stress,6,public_upper_bound_16,79,2819.161921,0.02263183397008106
10,0,True,0,0,0,0,0,near_collinear_min__n16__spatial,near_collinear_min,14,21,16,128,0.026074000000001263,16,,,2,7,,,,0,22,105,task_two_opt9,[],10782.457777471847,0,0.0,179.78072225,"[1, 2, 3, 5, 7, 8, 11, 12, 13, 14, 15, 16, 17, 18, 19, 20]",3,,253,11,0,16,stress,6,public_upper_bound_16,100,2876.491556,0.026115583954378963
23,0,True,0,0,0,0,0,near_collinear_min__n16__spatial,near_collinear_min,11,21,16,110,0.030470999999998583,16,,,5,10,,,,0,22,87,task_no_share9,[],17609.06717333786,0,0.0,257.925839625,"[1, 2, 3, 5, 7, 8, 11, 12, 13, 14, 15, 16, 17, 18, 19, 20]",3,,253,0,0,16,stress,6,public_upper_bound_16,75,4126.813434,0.030506958020851016
10,0,True,0,0,0,0,0,near_collinear_min__n16__spatial,near_collinear_min,14,21,16,128,0.02564999999999884,16,,,2,7,,,,0,22,105,task_weight05_9,[],10762.321179665643,0,0.0,179.5290148125,"[1, 2, 3, 5, 7, 8, 11, 12, 13, 14, 15, 16, 17, 18, 19, 20]",3,,253,11,0,16,stress,6,public_upper_bound_16,100,2872.464237,0.02570804097922519
9,0,True,0,0,0,0,0,near_collinear_min__n16__spatial,near_collinear_min,12,20,16,127,0.025328000000001794,16,,,4,8,,,,0,22,105,task_weight1_9,[],10813.450128828383,0,0.0,179.980626625,"[1, 2, 3, 5, 7, 8, 11, 12, 13, 14, 15, 16, 17, 18, 19, 20]",3,,253,12,0,16,stress,6,public_upper_bound_16,100,2879.690026,0.025343457993585616
9,0,True,0,0,0,0,0,near_collinear_min__n16__spatial,near_collinear_min,14,20,16,126,0.025094000000002836,16,,,2,6,,,,0,22,104,task_trial40_9,[],10757.953549025426,0,0.0,178.9744194375,"[1, 2, 3, 5, 7, 8, 11, 12, 13, 14, 15, 16, 17, 18, 19, 20]",3,,253,11,0,16,stress,6,public_upper_bound_16,100,2863.590711,0.025124707957729697
10,0,True,0,0,0,0,0,near_collinear_min__n16__spatial,near_collinear_min,11,20,16,118,0.026732000000002643,16,,,5,9,,,,0,21,96,task_two_opt7,[],10767.11483623997,0,0.0,175.838935375,"[1, 2, 3, 5, 7, 8, 11, 12, 13, 14, 15, 16, 17, 18, 19, 20]",3,,253,10,0,16,stress,5,public_upper_bound_16,88,2813.422966,0.026795583951752633
20,0,True,,,,,,unknown_count_late__n10__positive,unknown_count_late,10,10,10,133,0.16131499999999477,10,,,,,,,,0,,121,baseline_peer9,[],20798.879285290433,0,0.0,491.7775859,"[2, 3, 4, 5, 10, 11, 13, 14, 17, 20]",3,,254,,,10,stress,9,full_coverage_and_all_discovered_cleared,103,4917.775859,0.1615131669677794
18,0,True,,,,,,unknown_count_late__n10__positive,unknown_count_late,10,19,10,150,0.02302699999999902,10,778.6166859055267,1,0,9,0,0,,0,,129,baseline_co_known9,[],18248.024937928738,0,0.0,448.5604989,"[2, 3, 4, 5, 10, 11, 13, 14, 17, 20]",3,0,254,3,0,10,stress,9,continuous_dynamic_coverage_and_all_discovered_cleared,114,4485.604989,0.02302708401111886
7,0,True,0,0,0,0,0,unknown_count_late__n10__positive,unknown_count_late,9,14,10,135,0.01563499999999607,10,,,1,5,,,,0,0,119,task_nearest9,[],13023.148621882829,0,0.0,337.0629725,"[2, 3, 4, 5, 10, 11, 13, 14, 17, 20]",3,,254,7,0,10,stress,9,full_coverage_and_all_discovered_cleared,109,3370.629725,0.015659958007745445
7,0,True,0,0,0,0,0,unknown_count_late__n10__positive,unknown_count_late,8,14,10,135,0.0168689999999998,10,,,2,6,,,,0,19,119,task_two_opt9,[],12922.090655562433,0,0.0,335.0418133,"[2, 3, 4, 5, 10, 11, 13, 14, 17, 20]",3,,254,7,0,10,stress,9,full_coverage_and_all_discovered_cleared,109,3350.418133,0.016869208018761128
21,0,True,0,0,0,0,0,unknown_count_late__n10__positive,unknown_count_late,10,20,10,151,0.023729000000002998,10,,,0,10,,,,0,19,129,task_no_share9,[],20390.05647451511,0,0.0,491.3011298,"[2, 3, 4, 5, 10, 11, 13, 14, 17, 20]",3,,254,0,0,10,stress,9,full_coverage_and_all_discovered_cleared,110,4913.011298,0.023759166011586785
7,0,True,0,0,0,0,0,unknown_count_late__n10__positive,unknown_count_late,8,14,10,135,0.017120999999995945,10,,,2,6,,,,0,19,119,task_weight05_9,[],12922.090655562433,0,0.0,335.0418133,"[2, 3, 4, 5, 10, 11, 13, 14, 17, 20]",3,,254,7,0,10,stress,9,full_coverage_and_all_discovered_cleared,109,3350.418133,0.01716379204299301
8,0,True,0,0,0,0,0,unknown_count_late__n10__positive,unknown_count_late,8,14,10,136,0.017797999999999092,10,,,2,6,,,,0,19,120,task_weight1_9,[],12959.684095064655,0,0.0,336.29368209999996,"[2, 3, 4, 5, 10, 11, 13, 14, 17, 20]",3,,254,7,0,10,stress,9,full_coverage_and_all_discovered_cleared,109,3362.936821,0.017797790991608053
7,0,True,0,0,0,0,0,unknown_count_late__n10__positive,unknown_count_late,8,14,10,135,0.016975000000002183,10,,,2,6,,,,0,19,119,task_trial40_9,[],12922.090655562433,0,0.0,335.0418133,"[2, 3, 4, 5, 10, 11, 13, 14, 17, 20]",3,,254,7,0,10,stress,9,full_coverage_and_all_discovered_cleared,109,3350.418133,0.017045582993887365
4,0,True,0,0,0,0,0,unknown_count_late__n10__positive,unknown_count_late,8,12,10,110,0.014512999999993781,10,,,2,4,,,,0,17,96,task_two_opt7,[],10417.010165426793,0,0.0,270.9402033,"[2, 3, 4, 5, 10, 11, 13, 14, 17, 20]",3,,254,8,0,10,stress,7,full_coverage_and_all_discovered_cleared,90,2709.402033,0.014535875001456589
19,0,True,,,,,,unknown_count_late__n10__negative,unknown_count_late,10,10,10,132,0.15151699999999835,10,,,,,,,,0,,120,baseline_peer9,[],20599.773961843603,0,0.0,487.29547940000003,"[2, 3, 4, 5, 10, 11, 13, 14, 17, 20]",3,,255,,,10,stress,9,full_coverage_and_all_discovered_cleared,103,4872.954794,0.1518071250175126
15,0,True,,,,,,unknown_count_late__n10__negative,unknown_count_late,10,16,10,140,0.02271999999999963,10,778.6166859055267,1,0,6,0,0,,0,,122,baseline_co_known9,[],17326.20096159184,0,0.0,425.1240191,"[2, 3, 4, 5, 10, 11, 13, 14, 17, 20]",3,0,255,6,0,10,stress,9,continuous_dynamic_coverage_and_all_discovered_cleared,108,4251.240191,0.022720750013832003
4,0,True,0,0,0,0,0,unknown_count_late__n10__negative,unknown_count_late,8,11,10,130,0.014828000000001396,10,,,2,3,,,,0,0,117,task_nearest9,[],11633.565893444033,0,0.0,307.27131810000003,"[2, 3, 4, 5, 10, 11, 13, 14, 17, 20]",3,,255,8,0,10,stress,9,full_coverage_and_all_discovered_cleared,108,3072.713181,0.014862207986880094
5,0,True,0,0,0,0,0,unknown_count_late__n10__negative,unknown_count_late,9,12,10,130,0.0162249999999986,10,,,1,3,,,,0,19,116,task_two_opt9,[],12371.344302116882,0,0.0,321.826886,"[2, 3, 4, 5, 10, 11, 13, 14, 17, 20]",3,,255,9,0,10,stress,9,full_coverage_and_all_discovered_cleared,108,3218.26886,0.016225041006691754
21,0,True,0,0,0,0,0,unknown_count_late__n10__negative,unknown_count_late,10,19,10,145,0.024144999999997196,10,,,0,9,,,,0,19,124,task_no_share9,[],20597.531280475298,0,0.0,492.15062550000005,"[2, 3, 4, 5, 10, 11, 13, 14, 17, 20]",3,,255,0,0,10,stress,9,full_coverage_and_all_discovered_cleared,105,4921.506255,0.024220708990469575
5,0,True,0,0,0,0,0,unknown_count_late__n10__negative,unknown_count_late,9,12,10,130,0.01620799999999889,10,,,1,3,,,,0,19,116,task_weight05_9,[],12371.344302116882,0,0.0,321.826886,"[2, 3, 4, 5, 10, 11, 13, 14, 17, 20]",3,,255,9,0,10,stress,9,full_coverage_and_all_discovered_cleared,108,3218.26886,0.01620833296328783
6,0,True,0,0,0,0,0,unknown_count_late__n10__negative,unknown_count_late,9,13,10,132,0.016727000000003045,10,,,1,4,,,,0,19,117,task_weight1_9,[],12379.163061202715,0,0.0,322.7832613,"[2, 3, 4, 5, 10, 11, 13, 14, 17, 20]",3,,255,9,0,10,stress,9,full_coverage_and_all_discovered_cleared,108,3227.832613,0.01673583302181214
5,0,True,0,0,0,0,0,unknown_count_late__n10__negative,unknown_count_late,9,12,10,130,0.016117999999998744,10,,,1,3,,,,0,19,116,task_trial40_9,[],12371.344302116882,0,0.0,321.826886,"[2, 3, 4, 5, 10, 11, 13, 14, 17, 20]",3,,255,9,0,10,stress,9,full_coverage_and_all_discovered_cleared,108,3218.26886,0.016121332999318838
4,0,True,0,0,0,0,0,unknown_count_late__n10__negative,unknown_count_late,8,11,10,109,0.01509399999999772,10,,,2,3,,,,0,17,96,task_two_opt7,[],10432.554814017662,0,0.0,270.9510964,"[2, 3, 4, 5, 10, 11, 13, 14, 17, 20]",3,,255,8,0,10,stress,7,full_coverage_and_all_discovered_cleared,90,2709.510964,0.015128292026929557
20,0,True,,,,,,unknown_count_late__n10__spatial,unknown_count_late,10,10,10,133,0.16612200000000144,10,,,,,,,,0,,121,baseline_peer9,[],20744.191436558795,0,0.0,490.6838288,"[2, 3, 4, 5, 10, 11, 13, 14, 17, 20]",3,,256,,,10,stress,9,full_coverage_and_all_discovered_cleared,103,4906.838288,0.16632591700181365
14,0,True,,,,,,unknown_count_late__n10__spatial,unknown_count_late,9,17,10,141,0.021880000000003008,10,778.6166859055267,1,1,8,0,0,,0,,122,baseline_co_known9,[],16292.8352356993,0,0.0,404.95670490000003,"[2, 3, 4, 5, 10, 11, 13, 14, 17, 20]",3,0,256,6,0,10,stress,9,continuous_dynamic_coverage_and_all_discovered_cleared,110,4049.567049,0.02188062504865229
6,0,True,0,0,0,0,0,unknown_count_late__n10__spatial,unknown_count_late,9,13,10,134,0.0158880000000039,10,,,1,4,,,,0,0,119,task_nearest9,[],11813.604202192371,0,0.0,312.57208430000003,"[2, 3, 4, 5, 10, 11, 13, 14, 17, 20]",3,,256,8,0,10,stress,9,full_coverage_and_all_discovered_cleared,109,3125.720843,0.015931250003632158
5,0,True,0,0,0,0,0,unknown_count_late__n10__spatial,unknown_count_late,9,13,10,132,0.01679099999999778,10,,,1,4,,,,0,19,117,task_two_opt9,[],11474.038955795417,0,0.0,304.7807794,"[2, 3, 4, 5, 10, 11, 13, 14, 17, 20]",3,,256,10,0,10,stress,9,full_coverage_and_all_discovered_cleared,109,3047.807794,0.01680525002302602
19,0,True,0,0,0,0,0,unknown_count_late__n10__spatial,unknown_count_late,8,18,10,142,0.022939999999998406,10,,,2,10,,,,0,19,122,task_no_share9,[],20677.882899100805,0,0.0,492.4576581,"[2, 3, 4, 5, 10, 11, 13, 14, 17, 20]",3,,256,0,0,10,stress,9,full_coverage_and_all_discovered_cleared,105,4924.576581,0.022976167034357786
5,0,True,0,0,0,0,0,unknown_count_late__n10__spatial,unknown_count_late,9,13,10,132,0.016697999999998103,10,,,1,4,,,,0,19,117,task_weight05_9,[],11474.038955795417,0,0.0,304.7807794,"[2, 3, 4, 5, 10, 11, 13, 14, 17, 20]",3,,256,10,0,10,stress,9,full_coverage_and_all_discovered_cleared,109,3047.807794,0.016750582959502935
5,0,True,0,0,0,0,0,unknown_count_late__n10__spatial,unknown_count_late,9,13,10,132,0.016601999999998895,10,,,1,4,,,,0,19,117,task_weight1_9,[],11468.159543953809,0,0.0,304.663191,"[2, 3, 4, 5, 10, 11, 13, 14, 17, 20]",3,,256,10,0,10,stress,9,full_coverage_and_all_discovered_cleared,109,3046.63191,0.016602749994490296
5,0,True,0,0,0,0,0,unknown_count_late__n10__spatial,unknown_count_late,9,13,10,132,0.01662600000000225,10,,,1,4,,,,0,19,117,task_trial40_9,[],11474.038955795417,0,0.0,304.7807794,"[2, 3, 4, 5, 10, 11, 13, 14, 17, 20]",3,,256,10,0,10,stress,9,full_coverage_and_all_discovered_cleared,109,3047.807794,0.016674417012836784
5,0,True,0,0,0,0,0,unknown_count_late__n10__spatial,unknown_count_late,9,12,10,111,0.015366999999997688,10,,,1,3,,,,0,17,97,task_two_opt7,[],10530.499116915831,0,0.0,273.8099823,"[2, 3, 4, 5, 10, 11, 13, 14, 17, 20]",3,,256,8,0,10,stress,7,full_coverage_and_all_discovered_cleared,91,2738.099823,0.015374042035546154
31,0,True,,,,,,unknown_count_late__n16__positive,unknown_count_late,16,16,16,74,0.2524669999999958,16,,,,,,,,0,,56,baseline_peer9,[],19929.00722724559,0,0.0,274.05009025,"[2, 3, 4, 5, 6, 8, 10, 11, 12, 13, 15, 16, 17, 18, 19, 20]",3,,257,,,16,stress,2,public_upper_bound_16,39,4384.801444,0.2530147079960443
22,0,True,,,,,,unknown_count_late__n16__positive,unknown_count_late,16,28,16,88,0.031004000000002918,16,,0,0,12,0,0,,0,,58,baseline_co_known9,[],11809.831519361158,0,0.0,176.1853940625,"[2, 3, 4, 5, 6, 8, 10, 11, 12, 13, 15, 16, 17, 18, 19, 20]",3,0,257,11,0,16,stress,2,public_upper_bound_16,51,2818.966305,0.03102716599823907
4,0,True,0,0,0,0,0,unknown_count_late__n16__positive,unknown_count_late,14,18,16,74,0.019499000000003264,16,,,2,4,,,,0,0,54,task_nearest9,[],7380.006516485535,0,0.0,117.562581625,"[2, 3, 4, 5, 6, 8, 10, 11, 12, 13, 15, 16, 17, 18, 19, 20]",3,,257,15,0,16,stress,4,public_upper_bound_16,49,1881.001306,0.01954175002174452
4,0,True,0,0,0,0,0,unknown_count_late__n16__positive,unknown_count_late,10,18,16,73,0.021990999999999872,16,,,6,8,,,,0,20,53,task_two_opt9,[],6650.239080322207,0,0.0,108.065488625,"[2, 3, 4, 5, 6, 8, 10, 11, 12, 13, 15, 16, 17, 18, 19, 20]",3,,257,14,0,16,stress,4,public_upper_bound_16,48,1729.047818,0.022010125045198947
32,0,True,0,0,0,0,0,unknown_count_late__n16__positive,unknown_count_late,16,31,16,100,0.033820999999996104,16,,,0,15,,,,0,20,67,task_no_share9,[],21532.09219368531,0,0.0,300.8386525,"[2, 3, 4, 5, 6, 8, 10, 11, 12, 13, 15, 16, 17, 18, 19, 20]",3,,257,0,0,16,stress,4,public_upper_bound_16,47,4813.41844,0.03386175003834069
4,0,True,0,0,0,0,0,unknown_count_late__n16__positive,unknown_count_late,10,18,16,73,0.02169699999999608,16,,,6,8,,,,0,20,53,task_weight05_9,[],6650.239080322207,0,0.0,108.065488625,"[2, 3, 4, 5, 6, 8, 10, 11, 12, 13, 15, 16, 17, 18, 19, 20]",3,,257,14,0,16,stress,4,public_upper_bound_16,48,1729.047818,0.02169691596645862
4,0,True,0,0,0,0,0,unknown_count_late__n16__positive,unknown_count_late,10,18,16,73,0.022047000000000594,16,,,6,8,,,,0,20,53,task_weight1_9,[],6647.50047614599,0,0.0,108.031256,"[2, 3, 4, 5, 6, 8, 10, 11, 12, 13, 15, 16, 17, 18, 19, 20]",3,,257,14,0,16,stress,4,public_upper_bound_16,48,1728.500096,0.02206929196836427
4,0,True,0,0,0,0,0,unknown_count_late__n16__positive,unknown_count_late,10,18,16,73,0.022075000000000955,16,,,6,8,,,,0,20,53,task_trial40_9,[],6650.239080322207,0,0.0,108.065488625,"[2, 3, 4, 5, 6, 8, 10, 11, 12, 13, 15, 16, 17, 18, 19, 20]",3,,257,14,0,16,stress,4,public_upper_bound_16,48,1729.047818,0.022116083011496812
4,0,True,0,0,0,0,0,unknown_count_late__n16__positive,unknown_count_late,13,18,16,86,0.022473000000005072,16,,,3,5,,,,0,22,66,task_two_opt7,[],9701.24566655312,0,0.0,150.953070875,"[2, 3, 4, 5, 6, 8, 10, 11, 12, 13, 15, 16, 17, 18, 19, 20]",3,,257,17,0,16,stress,6,public_upper_bound_16,59,2415.249134,0.022477374994195998
30,0,True,,,,,,unknown_count_late__n16__negative,unknown_count_late,16,16,16,73,0.23545000000000016,16,,,,,,,,0,,55,baseline_peer9,[],20080.704679193797,0,0.0,275.6338085,"[2, 3, 4, 5, 6, 8, 10, 11, 12, 13, 15, 16, 17, 18, 19, 20]",3,,258,,,16,stress,2,public_upper_bound_16,39,4410.140936,0.2357175829820335
18,0,True,,,,,,unknown_count_late__n16__negative,unknown_count_late,16,27,16,104,0.02849700000000155,16,,0,0,11,0,0,,0,,75,baseline_co_known9,[],14476.05634114067,0,0.0,215.7007043125,"[2, 3, 4, 5, 6, 8, 10, 11, 12, 13, 15, 16, 17, 18, 19, 20]",3,0,258,12,0,16,stress,6,public_upper_bound_16,68,3451.211269,0.028522124979645014
5,0,True,0,0,0,0,0,unknown_count_late__n16__negative,unknown_count_late,14,19,16,93,0.02090700000000112,16,,,2,5,,,,0,0,72,task_nearest9,[],9903.481504730864,0,0.0,155.856018875,"[2, 3, 4, 5, 6, 8, 10, 11, 12, 13, 15, 16, 17, 18, 19, 20]",3,,258,17,0,16,stress,7,public_upper_bound_16,64,2493.696302,0.020972291997168213
6,0,True,0,0,0,0,0,unknown_count_late__n16__negative,unknown_count_late,14,20,16,90,0.023828000000001737,16,,,2,6,,,,0,22,68,task_two_opt9,[],8700.262472855098,0,0.0,139.5657809375,"[2, 3, 4, 5, 6, 8, 10, 11, 12, 13, 15, 16, 17, 18, 19, 20]",3,,258,17,0,16,stress,6,public_upper_bound_16,61,2233.052495,0.023858083004597574
30,0,True,0,0,0,0,0,unknown_count_late__n16__negative,unknown_count_late,16,30,16,127,0.03359700000000032,16,,,0,14,,,,0,23,95,task_no_share9,[],25319.867587712313,0,0.0,358.498344875,"[2, 3, 4, 5, 6, 8, 10, 11, 12, 13, 15, 16, 17, 18, 19, 20]",3,,258,0,0,16,stress,7,public_upper_bound_16,75,5735.973518,0.03363125002942979
6,0,True,0,0,0,0,0,unknown_count_late__n16__negative,unknown_count_late,14,20,16,90,0.02417899999999662,16,,,2,6,,,,0,22,68,task_weight05_9,[],8700.262472855098,0,0.0,139.5657809375,"[2, 3, 4, 5, 6, 8, 10, 11, 12, 13, 15, 16, 17, 18, 19, 20]",3,,258,17,0,16,stress,6,public_upper_bound_16,61,2233.052495,0.024202375032473356
7,0,True,0,0,0,0,0,unknown_count_late__n16__negative,unknown_count_late,14,21,16,92,0.02455799999999897,16,,,2,7,,,,0,22,69,task_weight1_9,[],8705.240310290255,0,0.0,140.1280039375,"[2, 3, 4, 5, 6, 8, 10, 11, 12, 13, 15, 16, 17, 18, 19, 20]",3,,258,17,0,16,stress,6,public_upper_bound_16,61,2242.048063,0.024568541964981705
6,0,True,0,0,0,0,0,unknown_count_late__n16__negative,unknown_count_late,14,20,16,90,0.024124999999997954,16,,,2,6,,,,0,22,68,task_trial40_9,[],8700.262472855098,0,0.0,139.5657809375,"[2, 3, 4, 5, 6, 8, 10, 11, 12, 13, 15, 16, 17, 18, 19, 20]",3,,258,17,0,16,stress,6,public_upper_bound_16,61,2233.052495,0.02412725001340732
4,0,True,0,0,0,0,0,unknown_count_late__n16__negative,unknown_count_late,14,18,16,102,0.02273599999999476,16,,,2,4,,,,0,23,82,task_two_opt7,[],10792.29429020585,0,0.0,170.5911786875,"[2, 3, 4, 5, 6, 8, 10, 11, 12, 13, 15, 16, 17, 18, 19, 20]",3,,258,13,0,16,stress,7,public_upper_bound_16,75,2729.458859,0.022756457969080657
32,0,True,,,,,,unknown_count_late__n16__spatial,unknown_count_late,16,16,16,75,0.2605429999999984,16,,,,,,,,0,,57,baseline_peer9,[],20176.39270086314,0,0.0,277.454908875,"[2, 3, 4, 5, 6, 8, 10, 11, 12, 13, 15, 16, 17, 18, 19, 20]",3,,259,,,16,stress,2,public_upper_bound_16,39,4439.278542,0.26072691701119766
15,0,True,,,,,,unknown_count_late__n16__spatial,unknown_count_late,14,25,16,100,0.02760899999999822,16,,0,2,11,0,0,,0,,73,baseline_co_known9,[],13700.405169848847,0,0.0,204.75506475,"[2, 3, 4, 5, 6, 8, 10, 11, 12, 13, 15, 16, 17, 18, 19, 20]",3,0,259,13,0,16,stress,6,public_upper_bound_16,64,3276.081036,0.027634791971649975
5,0,True,0,0,0,0,0,unknown_count_late__n16__spatial,unknown_count_late,12,19,16,76,0.019870999999994865,16,,,4,7,,,,0,0,55,task_nearest9,[],7342.90548005945,0,0.0,117.5988185625,"[2, 3, 4, 5, 6, 8, 10, 11, 12, 13, 15, 16, 17, 18, 19, 20]",3,,259,15,0,16,stress,4,public_upper_bound_16,49,1881.581097,0.019897290971130133
6,0,True,0,0,0,0,0,unknown_count_late__n16__spatial,unknown_count_late,14,20,16,88,0.02312700000000234,16,,,2,6,,,,0,22,66,task_two_opt9,[],8579.604030970115,0,0.0,137.2450505,"[2, 3, 4, 5, 6, 8, 10, 11, 12, 13, 15, 16, 17, 18, 19, 20]",3,,259,15,0,16,stress,6,public_upper_bound_16,58,2195.920808,0.02314175001811236
29,0,True,0,0,0,0,0,unknown_count_late__n16__spatial,unknown_count_late,12,28,16,124,0.034888999999999726,16,,,4,16,,,,0,23,94,task_no_share9,[],25003.592891076434,0,0.0,353.85741125,"[2, 3, 4, 5, 6, 8, 10, 11, 12, 13, 15, 16, 17, 18, 19, 20]",3,,259,0,0,16,stress,7,public_upper_bound_16,75,5661.71858,0.0349058749852702
6,0,True,0,0,0,0,0,unknown_count_late__n16__spatial,unknown_count_late,14,20,16,88,0.023093000000002917,16,,,2,6,,,,0,22,66,task_weight05_9,[],8579.604030970115,0,0.0,137.2450505,"[2, 3, 4, 5, 6, 8, 10, 11, 12, 13, 15, 16, 17, 18, 19, 20]",3,,259,15,0,16,stress,6,public_upper_bound_16,58,2195.920808,0.02310154098086059
7,0,True,0,0,0,0,0,unknown_count_late__n16__spatial,unknown_count_late,14,20,16,89,0.023831000000001268,16,,,2,6,,,,0,22,67,task_weight1_9,[],8595.995859197745,0,0.0,137.7624483125,"[2, 3, 4, 5, 6, 8, 10, 11, 12, 13, 15, 16, 17, 18, 19, 20]",3,,259,15,0,16,stress,6,public_upper_bound_16,58,2204.199173,0.023848207958508283
6,0,True,0,0,0,0,0,unknown_count_late__n16__spatial,unknown_count_late,14,20,16,88,0.023020999999999958,16,,,2,6,,,,0,22,66,task_trial40_9,[],8579.604030970115,0,0.0,137.2450505,"[2, 3, 4, 5, 6, 8, 10, 11, 12, 13, 15, 16, 17, 18, 19, 20]",3,,259,15,0,16,stress,6,public_upper_bound_16,58,2195.920808,0.02308491599978879
6,0,True,0,0,0,0,0,unknown_count_late__n16__spatial,unknown_count_late,13,19,16,79,0.02365999999999957,16,,,3,6,,,,0,20,58,task_two_opt7,[],7356.5501151269045,0,0.0,118.7693764375,"[2, 3, 4, 5, 6, 8, 10, 11, 12, 13, 15, 16, 17, 18, 19, 20]",3,,259,17,0,16,stress,4,public_upper_bound_16,50,1900.310023,0.02368733298499137
0,0,True,,,,,,uniform__iid__67,uniform__iid,9,10,10,387,0.02626599999999968,10,,,,,,,,0,,375,baseline_polar25_conservative,[],27917.257929986103,0,0.0,786.0451587,"[4, 5, 7, 8, 9, 10, 14, 15, 18, 19]",4,,67,,,10,ordinary,25,full_coverage_and_all_discovered_cleared,352,7860.451587,0.026285290950909257
44,14,True,0,44,5,6,7,uniform__iid__67,uniform__iid,5,11,10,331,0.025807000000000357,10,,,,,,,,0,,318,baseline_bracket25,[],28806.976330346384,0,0.0,766.8395263,"[4, 5, 7, 8, 9, 10, 14, 15, 18, 19]",4,,67,,,10,ordinary,25,full_coverage_and_all_discovered_cleared,264,7668.395263,0.025818750029429793
14,2,True,0,14,5,5,1,uniform__iid__67,uniform__iid,5,10,10,399,0.030536999999995373,10,,,0,0,,,,0,0,387,task_nearest25,[],22321.045317819062,0,0.0,680.7209061,"[4, 5, 7, 8, 9, 10, 14, 15, 18, 19]",4,,67,12,9,10,ordinary,25,full_coverage_and_all_discovered_cleared,358,6807.209061,0.03056474996265024
14,2,True,0,14,5,5,1,uniform__iid__67,uniform__iid,5,10,10,399,0.03431900000000354,10,,,0,0,,,,0,35,387,task_two_opt25,[],22215.687858773093,0,0.0,678.6137569,"[4, 5, 7, 8, 9, 10, 14, 15, 18, 19]",4,,67,12,10,10,ordinary,25,full_coverage_and_all_discovered_cleared,358,6786.137569,0.03433287504594773
14,2,True,0,14,4,4,1,uniform__iid__67,uniform__iid,6,10,10,388,0.029553000000007046,10,,,0,0,,,,0,35,376,task_no_share25,[],22964.59546803956,0,0.0,686.7919092,"[4, 5, 7, 8, 9, 10, 14, 15, 18, 19]",4,,67,0,25,10,ordinary,25,full_coverage_and_all_discovered_cleared,345,6867.919092,0.02959833398927003
17,4,True,0,17,3,7,2,uniform__iid__67,uniform__iid,7,14,10,406,0.034939000000001386,10,,,0,0,,,,0,35,390,task_trial80_25,[],22235.452672747066,0,0.0,681.7090535,"[4, 5, 7, 8, 9, 10, 14, 15, 18, 19]",4,,67,12,10,10,ordinary,25,full_coverage_and_all_discovered_cleared,358,6817.090535,0.03496291599003598
14,2,True,0,14,5,5,1,uniform__iid__67,uniform__iid,5,10,10,399,0.034939000000001386,10,,,0,0,,,,0,35,387,task_share3_25,[],22215.687858773093,0,0.0,678.6137569,"[4, 5, 7, 8, 9, 10, 14, 15, 18, 19]",4,,67,12,10,10,ordinary,25,full_coverage_and_all_discovered_cleared,358,6786.137569,0.034998124989215285
0,0,True,,,,,,uniform__iid__68,uniform__iid,14,15,15,329,0.03258799999999695,15,,,,,,,,0,,312,baseline_polar25_conservative,[],32058.862869011664,0,0.0,555.6515048,"[2, 4, 5, 6, 8, 9, 11, 12, 13, 14, 15, 16, 17, 19, 20]",4,,68,,,15,ordinary,25,full_coverage_and_all_discovered_cleared,288,8334.772572,0.03263329202309251
62,22,True,0,62,7,8,11,uniform__iid__68,uniform__iid,8,16,15,269,0.03244699999999767,15,,,,,,,,0,,251,baseline_bracket25,[],37110.4758322943,0,0.0,596.1396781999999,"[2, 4, 5, 6, 8, 9, 11, 12, 13, 14, 15, 16, 17, 19, 20]",4,,68,,,15,ordinary,25,full_coverage_and_all_discovered_cleared,187,8942.095173,0.032504042028449476
25,12,True,0,25,6,6,6,uniform__iid__68,uniform__iid,9,15,15,379,0.03722900000000351,15,,,0,0,,,,0,0,362,task_nearest25,[],24001.75453099673,0,0.0,467.55672726666666,"[2, 4, 5, 6, 8, 9, 11, 12, 13, 14, 15, 16, 17, 19, 20]",4,,68,29,39,15,ordinary,25,full_coverage_and_all_discovered_cleared,328,7013.350909,0.03726441698381677
12,4,True,0,12,5,6,2,uniform__iid__68,uniform__iid,10,16,15,375,0.04477699999999629,15,,,0,0,,,,0,40,357,task_two_opt25,[],24235.20641012572,0,0.0,469.402752,"[2, 4, 5, 6, 8, 9, 11, 12, 13, 14, 15, 16, 17, 19, 20]",4,,68,32,45,15,ordinary,25,full_coverage_and_all_discovered_cleared,331,7041.04128,0.0448687500320375
13,4,True,0,13,6,7,2,uniform__iid__68,uniform__iid,9,16,15,297,0.038956999999996356,15,,,0,0,,,,0,40,279,task_no_share25,[],25078.713336011333,0,0.0,449.1828445333333,"[2, 4, 5, 6, 8, 9, 11, 12, 13, 14, 15, 16, 17, 19, 20]",4,,68,0,43,15,ordinary,25,full_coverage_and_all_discovered_cleared,249,6737.742668,0.039001917000859976
11,3,True,0,11,5,7,1,uniform__iid__68,uniform__iid,10,17,15,371,0.04388800000000259,15,,,0,0,,,,0,40,352,task_trial80_25,[],23787.844959433223,0,0.0,461.5712660666667,"[2, 4, 5, 6, 8, 9, 11, 12, 13, 14, 15, 16, 17, 19, 20]",4,,68,29,45,15,ordinary,25,full_coverage_and_all_discovered_cleared,325,6923.568991,0.043958667025435716
13,5,True,0,13,5,5,2,uniform__iid__68,uniform__iid,10,15,15,384,0.043923999999996965,15,,,0,0,,,,0,40,367,task_share3_25,[],24262.021032561464,0,0.0,473.5602804,"[2, 4, 5, 6, 8, 9, 11, 12, 13, 14, 15, 16, 17, 19, 20]",4,,68,42,46,15,ordinary,25,full_coverage_and_all_discovered_cleared,341,7103.404206,0.04400962498039007
0,0,True,,,,,,uniform__iid__69,uniform__iid,14,15,15,293,0.032678999999994573,15,,,,,,,,0,,276,baseline_polar25_conservative,[],31987.026718855202,0,0.0,540.2270228666667,"[2, 3, 4, 5, 6, 7, 8, 9, 10, 11, 12, 13, 14, 16, 18]",4,,69,,,15,ordinary,25,full_coverage_and_all_discovered_cleared,251,8103.405343,0.03282487497199327
64,26,True,0,64,10,10,13,uniform__iid__69,uniform__iid,5,15,15,257,0.032375999999999294,15,,,,,,,,0,,240,baseline_bracket25,[],36384.3188163214,0,0.0,581.6575841333334,"[2, 3, 4, 5, 6, 7, 8, 9, 10, 11, 12, 13, 14, 16, 18]",4,,69,,,15,ordinary,25,full_coverage_and_all_discovered_cleared,173,8724.863762,0.032455667038448155
5,0,True,0,5,4,4,0,uniform__iid__69,uniform__iid,11,15,15,317,0.03404300000000404,15,,,0,0,,,,0,0,300,task_nearest25,[],23237.87796826148,0,0.0,433.03837300000004,"[2, 3, 4, 5, 6, 7, 8, 9, 10, 11, 12, 13, 14, 16, 18]",4,,69,17,49,15,ordinary,25,full_coverage_and_all_discovered_cleared,273,6495.575595,0.03412458300590515
6,2,True,0,6,5,5,1,uniform__iid__69,uniform__iid,10,15,15,281,0.04536000000000229,15,,,0,0,,,,0,40,264,task_two_opt25,[],25468.367178553537,0,0.0,448.37822919999996,"[2, 3, 4, 5, 6, 7, 8, 9, 10, 11, 12, 13, 14, 16, 18]",4,,69,29,6,15,ordinary,25,full_coverage_and_all_discovered_cleared,237,6725.673438,0.04540629201801494
11,2,True,0,11,4,4,1,uniform__iid__69,uniform__iid,11,15,15,321,0.0437780000000032,15,,,0,0,,,,0,40,304,task_no_share25,[],24579.515166533543,0,0.0,452.3935357333333,"[2, 3, 4, 5, 6, 7, 8, 9, 10, 11, 12, 13, 14, 16, 18]",4,,69,0,51,15,ordinary,25,full_coverage_and_all_discovered_cleared,275,6785.903036,0.044061541033443063
6,2,True,0,6,5,5,1,uniform__iid__69,uniform__iid,10,15,15,281,0.045985999999999194,15,,,0,0,,,,0,40,264,task_trial80_25,[],25468.367178553537,0,0.0,448.37822919999996,"[2, 3, 4, 5, 6, 7, 8, 9, 10, 11, 12, 13, 14, 16, 18]",4,,69,29,6,15,ordinary,25,full_coverage_and_all_discovered_cleared,237,6725.673438,0.04626599996117875
6,2,True,0,6,5,5,1,uniform__iid__69,uniform__iid,10,15,15,277,0.04517799999999994,15,,,0,0,,,,0,40,260,task_share3_25,[],25468.367178553537,0,0.0,446.7782292,"[2, 3, 4, 5, 6, 7, 8, 9, 10, 11, 12, 13, 14, 16, 18]",4,,69,25,6,15,ordinary,25,full_coverage_and_all_discovered_cleared,233,6701.673438,0.045273082971107215
0,0,True,,,,,,uniform__iid__70,uniform__iid,9,10,10,406,0.027796999999999628,10,,,,,,,,0,,394,baseline_polar25_conservative,[],25968.788255244144,0,0.0,758.3757654,"[2, 3, 5, 10, 11, 13, 15, 16, 19, 20]",4,,70,,,10,ordinary,25,full_coverage_and_all_discovered_cleared,370,7583.757654,0.027819457987789065
44,18,True,0,44,6,6,9,uniform__iid__70,uniform__iid,4,10,10,360,0.02451200000000142,10,,,,,,,,0,,348,baseline_bracket25,[],27816.993765629046,0,0.0,764.8398751,"[2, 3, 5, 10, 11, 13, 15, 16, 19, 20]",4,,70,,,10,ordinary,25,full_coverage_and_all_discovered_cleared,295,7648.398751,0.024539750011172146
18,6,True,0,18,6,7,3,uniform__iid__70,uniform__iid,4,11,10,369,0.02907199999999932,10,,,0,0,,,,0,0,356,task_nearest25,[],26628.796023231374,0,0.0,748.3759204,"[2, 3, 5, 10, 11, 13, 15, 16, 19, 20]",4,,70,10,4,10,ordinary,25,full_coverage_and_all_discovered_cleared,325,7483.759204,0.029160874953959137
11,4,True,0,11,5,6,2,uniform__iid__70,uniform__iid,5,11,10,385,0.03443500000000199,10,,,0,0,,,,0,35,372,task_two_opt25,[],21146.5511219448,0,0.0,648.6310223,"[2, 3, 5, 10, 11, 13, 15, 16, 19, 20]",4,,70,14,14,10,ordinary,25,full_coverage_and_all_discovered_cleared,344,6486.310223,0.03446887497557327
33,12,True,0,33,5,7,6,uniform__iid__70,uniform__iid,5,12,10,375,0.034064999999998236,10,,,0,0,,,,0,35,361,task_no_share25,[],26130.67530724893,0,0.0,740.1135061,"[2, 3, 5, 10, 11, 13, 15, 16, 19, 20]",4,,70,0,0,10,ordinary,25,full_coverage_and_all_discovered_cleared,314,7401.135061,0.03421395900659263
11,2,True,0,11,3,6,1,uniform__iid__70,uniform__iid,7,13,10,387,0.03382799999999975,10,,,0,0,,,,0,35,372,task_trial80_25,[],21109.670976779707,0,0.0,648.6934193,"[2, 3, 5, 10, 11, 13, 15, 16, 19, 20]",4,,70,14,14,10,ordinary,25,full_coverage_and_all_discovered_cleared,346,6486.934193,0.033887791039887816
11,4,True,0,11,5,6,2,uniform__iid__70,uniform__iid,5,11,10,385,0.034293999999995606,10,,,0,0,,,,0,35,372,task_share3_25,[],21146.5511219448,0,0.0,648.6310223,"[2, 3, 5, 10, 11, 13, 15, 16, 19, 20]",4,,70,14,14,10,ordinary,25,full_coverage_and_all_discovered_cleared,344,6486.310223,0.03438279201509431
0,0,True,,,,,,uniform__iid__71,uniform__iid,10,23,12,376,0.02837000000000245,12,,,,,,,,0,,351,baseline_polar25_conservative,[],29303.573293219575,11,16.680241466348296,669.6428886666666,"[1, 2, 4, 5, 7, 9, 10, 13, 17, 18, 19, 20]",4,,71,,,12,ordinary,25,full_coverage_and_all_discovered_cleared,327,8035.714664,0.02842745801899582
46,10,True,0,46,4,4,4,uniform__iid__71,uniform__iid,8,12,12,312,0.029398999999997955,12,,,,,,,,0,,298,baseline_bracket25,[],33271.59669524889,0,0.0,704.1099446666667,"[1, 2, 4, 5, 7, 9, 10, 13, 17, 18, 19, 20]",4,,71,,,12,ordinary,25,full_coverage_and_all_discovered_cleared,245,8449.319336,0.02944095799466595
29,12,True,0,29,8,8,6,uniform__iid__71,uniform__iid,4,12,12,363,0.030141000000000417,12,,,0,0,,,,0,0,349,task_nearest25,[],26628.515138264916,0,0.0,620.3919188333333,"[1, 2, 4, 5, 7, 9, 10, 13, 17, 18, 19, 20]",4,,71,16,1,12,ordinary,25,full_coverage_and_all_discovered_cleared,314,7444.703026,0.030194708961062133
17,5,True,0,17,4,4,2,uniform__iid__71,uniform__iid,8,12,12,389,0.04007500000000164,12,,,0,0,,,,0,37,375,task_two_opt25,[],24065.975458159533,0,0.0,591.3495911666666,"[1, 2, 4, 5, 7, 9, 10, 13, 17, 18, 19, 20]",4,,71,29,1,12,ordinary,25,full_coverage_and_all_discovered_cleared,348,7096.195094,0.04015120799886063
25,8,True,0,25,5,5,4,uniform__iid__71,uniform__iid,7,12,12,363,0.03596199999999783,12,,,0,0,,,,0,37,349,task_no_share25,[],26446.84563192983,0,0.0,617.2807604999999,"[1, 2, 4, 5, 7, 9, 10, 13, 17, 18, 19, 20]",4,,71,0,0,12,ordinary,25,full_coverage_and_all_discovered_cleared,313,7407.369126,0.036016958008985966
13,4,True,0,13,6,6,2,uniform__iid__71,uniform__iid,6,12,12,384,0.038840999999997905,12,,,0,0,,,,0,37,370,task_trial80_25,[],23987.463830713725,0,0.0,587.541064,"[1, 2, 4, 5, 7, 9, 10, 13, 17, 18, 19, 20]",4,,71,28,1,12,ordinary,25,full_coverage_and_all_discovered_cleared,343,7050.492768,0.03893283300567418
17,5,True,0,17,4,4,2,uniform__iid__71,uniform__iid,8,12,12,386,0.039525999999995065,12,,,0,0,,,,0,37,372,task_share3_25,[],24065.975458159533,0,0.0,589.8495911666666,"[1, 2, 4, 5, 7, 9, 10, 13, 17, 18, 19, 20]",4,,71,26,1,12,ordinary,25,full_coverage_and_all_discovered_cleared,345,7078.195094,0.03959220799151808
0,0,True,,,,,,uniform__smooth__67,uniform__smooth,10,10,10,373,0.0258490000000009,10,,,,,,,,0,,361,baseline_polar25_conservative,[],26590.381711633672,0,0.0,750.9076344,"[4, 5, 7, 8, 9, 10, 14, 15, 18, 19]",4,,67,,,10,ordinary,25,full_coverage_and_all_discovered_cleared,336,7509.076344,0.025934125005733222
40,11,True,0,40,4,7,5,uniform__smooth__67,uniform__smooth,6,13,10,329,0.02623599999999726,10,,,,,,,,0,,314,baseline_bracket25,[],28318.41833335599,0,0.0,755.6683667,"[4, 5, 7, 8, 9, 10, 14, 15, 18, 19]",4,,67,,,10,ordinary,25,full_coverage_and_all_discovered_cleared,264,7556.683667,0.02624595898669213
23,10,True,0,23,2,5,5,uniform__smooth__67,uniform__smooth,8,13,10,366,0.026046000000000902,10,,,0,0,,,,0,0,351,task_nearest25,[],25965.962122487348,0,0.0,732.2192425999999,"[4, 5, 7, 8, 9, 10, 14, 15, 18, 19]",4,,67,10,2,10,ordinary,25,full_coverage_and_all_discovered_cleared,315,7322.192426,0.026064041012432426
10,2,True,0,10,2,4,1,uniform__smooth__67,uniform__smooth,8,12,10,423,0.03600500000000295,10,,,0,0,,,,0,35,409,task_two_opt25,[],21634.44846000058,0,0.0,680.6889694,"[4, 5, 7, 8, 9, 10, 14, 15, 18, 19]",4,,67,10,1,10,ordinary,25,full_coverage_and_all_discovered_cleared,379,6806.889694,0.03605049999896437
17,7,True,0,17,3,5,3,uniform__smooth__67,uniform__smooth,7,12,10,404,0.03294899999999501,10,,,0,0,,,,0,35,390,task_no_share25,[],23012.996388303414,0,0.0,696.4599278,"[4, 5, 7, 8, 9, 10, 14, 15, 18, 19]",4,,67,0,23,10,ordinary,25,full_coverage_and_all_discovered_cleared,356,6964.599278,0.032968166982755065
11,2,True,0,11,1,4,1,uniform__smooth__67,uniform__smooth,9,13,10,425,0.03605899999999451,10,,,0,0,,,,0,35,410,task_trial80_25,[],21654.504470992506,0,0.0,682.0900896,"[4, 5, 7, 8, 9, 10, 14, 15, 18, 19]",4,,67,10,1,10,ordinary,25,full_coverage_and_all_discovered_cleared,381,6820.900896,0.03611583402380347
10,2,True,0,10,2,4,1,uniform__smooth__67,uniform__smooth,8,12,10,422,0.03586900000000526,10,,,0,0,,,,0,35,408,task_share3_25,[],21634.44846000058,0,0.0,680.0889694,"[4, 5, 7, 8, 9, 10, 14, 15, 18, 19]",4,,67,9,1,10,ordinary,25,full_coverage_and_all_discovered_cleared,378,6800.889694,0.03590025001903996
0,0,True,,,,,,uniform__smooth__68,uniform__smooth,14,15,15,328,0.03297899999999743,15,,,,,,,,0,,311,baseline_polar25_conservative,[],30492.700007990665,0,0.0,534.3693334000001,"[2, 4, 5, 6, 8, 9, 11, 12, 13, 14, 15, 16, 17, 19, 20]",4,,68,,,15,ordinary,25,full_coverage_and_all_discovered_cleared,287,8015.540001,0.033022332994733006
71,29,True,0,71,7,8,14,uniform__smooth__68,uniform__smooth,8,16,15,278,0.03579599999999772,15,,,,,,,,0,,260,baseline_bracket25,[],37163.26322861311,0,0.0,599.84351,"[2, 4, 5, 6, 8, 9, 11, 12, 13, 14, 15, 16, 17, 19, 20]",4,,68,,,15,ordinary,25,full_coverage_and_all_discovered_cleared,187,8997.65265,0.03581733402097598
10,2,True,0,10,5,5,1,uniform__smooth__68,uniform__smooth,10,15,15,379,0.0407950000000028,15,,,0,0,,,,0,0,362,task_nearest25,[],22529.45707620841,0,0.0,448.4594275333333,"[2, 4, 5, 6, 8, 9, 11, 12, 13, 14, 15, 16, 17, 19, 20]",4,,68,25,16,15,ordinary,25,full_coverage_and_all_discovered_cleared,336,6726.891413,0.04085041704820469
10,4,True,0,10,4,4,2,uniform__smooth__68,uniform__smooth,11,15,15,331,0.044584999999997876,15,,,0,0,,,,0,40,314,task_two_opt25,[],24995.567455195778,0,0.0,462.1408996,"[2, 4, 5, 6, 8, 9, 11, 12, 13, 14, 15, 16, 17, 19, 20]",4,,68,23,82,15,ordinary,25,full_coverage_and_all_discovered_cleared,288,6932.113494,0.04462387500097975
27,10,True,0,27,7,7,5,uniform__smooth__68,uniform__smooth,8,15,15,297,0.04022499999999951,15,,,0,0,,,,0,40,280,task_no_share25,[],23905.222974299995,0,0.0,433.13630646666667,"[2, 4, 5, 6, 8, 9, 11, 12, 13, 14, 15, 16, 17, 19, 20]",4,,68,0,0,15,ordinary,25,full_coverage_and_all_discovered_cleared,241,6497.044597,0.040307999996002764
9,4,True,0,9,5,5,2,uniform__smooth__68,uniform__smooth,10,15,15,327,0.04326000000000363,15,,,0,0,,,,0,40,310,task_trial80_25,[],24988.740102831638,0,0.0,460.38320153333336,"[2, 4, 5, 6, 8, 9, 11, 12, 13, 14, 15, 16, 17, 19, 20]",4,,68,20,82,15,ordinary,25,full_coverage_and_all_discovered_cleared,283,6905.748023,0.04334479197859764
10,4,True,0,10,4,4,2,uniform__smooth__68,uniform__smooth,11,15,15,328,0.04318299999999908,15,,,0,0,,,,0,40,311,task_share3_25,[],24995.567286312973,0,0.0,460.9408974,"[2, 4, 5, 6, 8, 9, 11, 12, 13, 14, 15, 16, 17, 19, 20]",4,,68,20,82,15,ordinary,25,full_coverage_and_all_discovered_cleared,285,6914.113461,0.04323145898524672
0,0,True,,,,,,uniform__smooth__69,uniform__smooth,14,15,15,294,0.03381600000000162,15,,,,,,,,0,,277,baseline_polar25_conservative,[],29928.696831968333,0,0.0,513.1826244666667,"[2, 3, 4, 5, 6, 7, 8, 9, 10, 11, 12, 13, 14, 16, 18]",4,,69,,,15,ordinary,25,full_coverage_and_all_discovered_cleared,252,7697.739367,0.03390958299860358
68,28,True,0,68,9,10,14,uniform__smooth__69,uniform__smooth,6,16,15,262,0.034165000000001555,15,,,,,,,,0,,244,baseline_bracket25,[],38475.014409980875,0,0.0,611.0668588000001,"[2, 3, 4, 5, 6, 7, 8, 9, 10, 11, 12, 13, 14, 16, 18]",4,,69,,,15,ordinary,25,full_coverage_and_all_discovered_cleared,173,9166.002882,0.034200375026557595
32,20,True,0,32,7,7,10,uniform__smooth__69,uniform__smooth,8,15,15,322,0.04060700000000139,15,,,0,0,,,,0,0,305,task_nearest25,[],27476.454888113658,0,0.0,490.68606513333333,"[2, 3, 4, 5, 6, 7, 8, 9, 10, 11, 12, 13, 14, 16, 18]",4,,69,26,4,15,ordinary,25,full_coverage_and_all_discovered_cleared,265,7360.290977,0.040709542052354664
17,9,True,0,17,1,1,3,uniform__smooth__69,uniform__smooth,14,15,15,315,0.05331999999999937,15,,,0,0,,,,0,40,298,task_two_opt25,[],25648.839050717103,0,0.0,464.1178541333333,"[2, 3, 4, 5, 6, 7, 8, 9, 10, 11, 12, 13, 14, 16, 18]",4,,69,50,14,15,ordinary,25,full_coverage_and_all_discovered_cleared,267,6961.767812,0.05335083301179111
19,7,True,0,19,3,3,3,uniform__smooth__69,uniform__smooth,12,15,15,288,0.038055999999997425,15,,,0,0,,,,0,40,271,task_no_share25,[],26777.094269670833,0,0.0,468.0945904,"[2, 3, 4, 5, 6, 7, 8, 9, 10, 11, 12, 13, 14, 16, 18]",4,,69,0,39,15,ordinary,25,full_coverage_and_all_discovered_cleared,236,7021.418856,0.03816966601880267
14,7,True,0,14,2,3,3,uniform__smooth__69,uniform__smooth,13,16,15,307,0.05170899999999534,15,,,0,0,,,,0,40,289,task_trial80_25,[],25535.61415610703,0,0.0,459.34152220000004,"[2, 3, 4, 5, 6, 7, 8, 9, 10, 11, 12, 13, 14, 16, 18]",4,,69,44,14,15,ordinary,25,full_coverage_and_all_discovered_cleared,260,6890.122833,0.05179033399326727
17,9,True,0,17,1,1,3,uniform__smooth__69,uniform__smooth,14,15,15,312,0.05191200000000151,15,,,0,0,,,,0,40,295,task_share3_25,[],25648.839050717103,0,0.0,462.9178541333333,"[2, 3, 4, 5, 6, 7, 8, 9, 10, 11, 12, 13, 14, 16, 18]",4,,69,47,14,15,ordinary,25,full_coverage_and_all_discovered_cleared,264,6943.767812,0.05198758305050433
0,0,True,,,,,,uniform__smooth__70,uniform__smooth,9,10,10,395,0.026339999999997588,10,,,,,,,,0,,383,baseline_polar25_conservative,[],27623.89508564234,0,0.0,784.8779016999999,"[2, 3, 5, 10, 11, 13, 15, 16, 19, 20]",4,,70,,,10,ordinary,25,full_coverage_and_all_discovered_cleared,359,7848.779017,0.026395541965030134
41,10,True,0,41,4,5,5,uniform__smooth__70,uniform__smooth,6,11,10,358,0.02757700000000085,10,,,,,,,,0,,345,baseline_bracket25,[],27621.94311395204,0,0.0,759.7388622999999,"[2, 3, 5, 10, 11, 13, 15, 16, 19, 20]",4,,70,,,10,ordinary,25,full_coverage_and_all_discovered_cleared,295,7597.388623,0.027576499967835844
13,2,True,0,13,3,4,1,uniform__smooth__70,uniform__smooth,7,11,10,364,0.028953999999998814,10,,,0,0,,,,0,0,351,task_nearest25,[],26122.89431093856,0,0.0,735.6578859,"[2, 3, 5, 10, 11, 13, 15, 16, 19, 20]",4,,70,10,4,10,ordinary,25,full_coverage_and_all_discovered_cleared,324,7356.578859,0.029026207979768515
17,6,True,0,17,3,4,3,uniform__smooth__70,uniform__smooth,7,11,10,401,0.03704500000000621,10,,,0,0,,,,0,35,388,task_two_opt25,[],22238.58067841063,0,0.0,679.5716137000001,"[2, 3, 5, 10, 11, 13, 15, 16, 19, 20]",4,,70,11,1,10,ordinary,25,full_coverage_and_all_discovered_cleared,355,6795.716137,0.03709741699276492
26,10,True,0,26,4,4,5,uniform__smooth__70,uniform__smooth,6,10,10,382,0.03114999999999668,10,,,0,0,,,,0,35,370,task_no_share25,[],23685.446675740117,0,0.0,696.6089337000001,"[2, 3, 5, 10, 11, 13, 15, 16, 19, 20]",4,,70,0,1,10,ordinary,25,full_coverage_and_all_discovered_cleared,329,6966.089337,0.031207667023409158
14,4,True,0,14,4,5,2,uniform__smooth__70,uniform__smooth,6,11,10,397,0.03538300000000305,10,,,0,0,,,,0,35,384,task_trial80_25,[],22203.796976332676,0,0.0,676.6759395,"[2, 3, 5, 10, 11, 13, 15, 16, 19, 20]",4,,70,10,1,10,ordinary,25,full_coverage_and_all_discovered_cleared,353,6766.759395,0.03546354197897017
17,6,True,0,17,3,4,3,uniform__smooth__70,uniform__smooth,7,11,10,401,0.037345999999999435,10,,,0,0,,,,0,35,388,task_share3_25,[],22238.58067841063,0,0.0,679.5716137000001,"[2, 3, 5, 10, 11, 13, 15, 16, 19, 20]",4,,70,11,1,10,ordinary,25,full_coverage_and_all_discovered_cleared,355,6795.716137,0.03738012502435595
0,0,True,,,,,,uniform__smooth__71,uniform__smooth,10,22,12,371,0.029055999999997084,12,,,,,,,,0,,347,baseline_polar25_conservative,[],27436.164514266096,10,16.341751850647636,636.26940875,"[1, 2, 4, 5, 7, 9, 10, 13, 17, 18, 19, 20]",4,,71,,,12,ordinary,25,full_coverage_and_all_discovered_cleared,323,7635.232905,0.0290975829702802
57,24,True,0,57,7,7,11,uniform__smooth__71,uniform__smooth,5,12,12,323,0.029237000000001956,12,,,,,,,,0,,309,baseline_bracket25,[],34490.018887701895,0,0.0,729.0003149166668,"[1, 2, 4, 5, 7, 9, 10, 13, 17, 18, 19, 20]",4,,71,,,12,ordinary,25,full_coverage_and_all_discovered_cleared,245,8748.003779,0.02924304100451991
20,11,True,0,20,4,4,5,uniform__smooth__71,uniform__smooth,8,12,12,367,0.03199100000000499,12,,,0,0,,,,0,0,353,task_nearest25,[],24447.193300433068,0,0.0,586.2032219166666,"[1, 2, 4, 5, 7, 9, 10, 13, 17, 18, 19, 20]",4,,71,11,20,12,ordinary,25,full_coverage_and_all_discovered_cleared,320,7034.438663,0.032004207954742014
25,16,True,0,25,5,5,8,uniform__smooth__71,uniform__smooth,7,12,12,402,0.04292999999999836,12,,,0,0,,,,0,37,388,task_two_opt25,[],24614.458570542418,0,0.0,606.4909763333334,"[1, 2, 4, 5, 7, 9, 10, 13, 17, 18, 19, 20]",4,,71,33,0,12,ordinary,25,full_coverage_and_all_discovered_cleared,355,7277.891716,0.04296095797326416
27,18,True,0,27,8,8,9,uniform__smooth__71,uniform__smooth,4,12,12,387,0.034962999999997635,12,,,0,0,,,,0,37,373,task_no_share25,[],25193.79302853133,0,0.0,607.8965505833334,"[1, 2, 4, 5, 7, 9, 10, 13, 17, 18, 19, 20]",4,,71,0,0,12,ordinary,25,full_coverage_and_all_discovered_cleared,331,7294.758607,0.035007999977096915
26,16,True,0,26,4,7,8,uniform__smooth__71,uniform__smooth,8,15,12,402,0.04291400000000323,12,,,0,0,,,,0,37,385,task_trial80_25,[],24611.679477830185,0,0.0,605.444658,"[1, 2, 4, 5, 7, 9, 10, 13, 17, 18, 19, 20]",4,,71,29,0,12,ordinary,25,full_coverage_and_all_discovered_cleared,349,7265.335896,0.04304500005673617
25,16,True,0,25,5,5,8,uniform__smooth__71,uniform__smooth,7,12,12,399,0.04301699999999897,12,,,0,0,,,,0,37,385,task_share3_25,[],24614.458570542418,0,0.0,604.9909763333334,"[1, 2, 4, 5, 7, 9, 10, 13, 17, 18, 19, 20]",4,,71,30,0,12,ordinary,25,full_coverage_and_all_discovered_cleared,352,7259.891716,0.04319929098710418
0,0,True,,,,,,uniform__adversarial-positive__67,uniform__adversarial-positive,10,10,10,374,0.026227999999996143,10,,,,,,,,0,,362,baseline_polar25_conservative,[],26196.91404266236,0,0.0,743.6382808000001,"[4, 5, 7, 8, 9, 10, 14, 15, 18, 19]",4,,67,,,10,ordinary,25,full_coverage_and_all_discovered_cleared,337,7436.382808,0.02625700004864484
38,11,True,0,38,3,4,5,uniform__adversarial-positive__67,uniform__adversarial-positive,7,11,10,325,0.0251829999999984,10,,,,,,,,0,,312,baseline_bracket25,[],29004.26717689853,0,0.0,767.7853436,"[4, 5, 7, 8, 9, 10, 14, 15, 18, 19]",4,,67,,,10,ordinary,25,full_coverage_and_all_discovered_cleared,264,7677.853436,0.025198541989084333
16,2,True,0,16,2,5,1,uniform__adversarial-positive__67,uniform__adversarial-positive,8,13,10,406,0.03379900000000191,10,,,0,0,,,,0,0,391,task_nearest25,[],22329.42704812363,0,0.0,684.3885413,"[4, 5, 7, 8, 9, 10, 14, 15, 18, 19]",4,,67,16,11,10,ordinary,25,full_coverage_and_all_discovered_cleared,364,6843.885413,0.03385183302452788
16,2,True,0,16,2,5,1,uniform__adversarial-positive__67,uniform__adversarial-positive,8,13,10,406,0.04462300000000141,10,,,0,0,,,,0,35,391,task_two_opt25,[],22242.33014823932,0,0.0,682.6466032000001,"[4, 5, 7, 8, 9, 10, 14, 15, 18, 19]",4,,67,16,12,10,ordinary,25,full_coverage_and_all_discovered_cleared,364,6826.466032,0.044775750022381544
22,8,True,0,22,2,4,4,uniform__adversarial-positive__67,uniform__adversarial-positive,8,12,10,389,0.02989600000000081,10,,,0,0,,,,0,35,375,task_no_share25,[],23378.45500314837,0,0.0,694.4691,"[4, 5, 7, 8, 9, 10, 14, 15, 18, 19]",4,,67,0,34,10,ordinary,25,full_coverage_and_all_discovered_cleared,338,6944.691,0.029960000014398247
16,2,True,0,16,2,6,1,uniform__adversarial-positive__67,uniform__adversarial-positive,8,14,10,407,0.03911700000000451,10,,,0,0,,,,0,35,391,task_trial80_25,[],22227.84972973643,0,0.0,682.4569947,"[4, 5, 7, 8, 9, 10, 14, 15, 18, 19]",4,,67,16,12,10,ordinary,25,full_coverage_and_all_discovered_cleared,362,6824.569947,0.039176540973130614
16,2,True,0,16,2,5,1,uniform__adversarial-positive__67,uniform__adversarial-positive,8,13,10,406,0.0396339999999995,10,,,0,0,,,,0,35,391,task_share3_25,[],22242.33014823932,0,0.0,682.6466032000001,"[4, 5, 7, 8, 9, 10, 14, 15, 18, 19]",4,,67,16,12,10,ordinary,25,full_coverage_and_all_discovered_cleared,364,6826.466032,0.03966670803492889
0,0,True,,,,,,uniform__adversarial-positive__68,uniform__adversarial-positive,13,15,15,331,0.032946000000002584,15,,,,,,,,0,,314,baseline_polar25_conservative,[],29384.778225470316,0,0.0,520.7970431333333,"[2, 4, 5, 6, 8, 9, 11, 12, 13, 14, 15, 16, 17, 19, 20]",4,,68,,,15,ordinary,25,full_coverage_and_all_discovered_cleared,290,7811.955647,0.03296283300733194
57,17,True,0,57,6,10,8,uniform__adversarial-positive__68,uniform__adversarial-positive,9,19,15,267,0.035063000000000955,15,,,,,,,,0,,246,baseline_bracket25,[],35356.42167143418,0,0.0,571.6856220666667,"[2, 4, 5, 6, 8, 9, 11, 12, 13, 14, 15, 16, 17, 19, 20]",4,,68,,,15,ordinary,25,full_coverage_and_all_discovered_cleared,187,8575.284331,0.03511387505568564
14,5,True,0,14,5,6,2,uniform__adversarial-positive__68,uniform__adversarial-positive,10,16,15,374,0.04194999999999993,15,,,0,0,,,,0,0,356,task_nearest25,[],22733.367029707595,0,0.0,448.97822706666665,"[2, 4, 5, 6, 8, 9, 11, 12, 13, 14, 15, 16, 17, 19, 20]",4,,68,26,27,15,ordinary,25,full_coverage_and_all_discovered_cleared,330,6734.673406,0.04204908397514373
25,15,True,0,25,6,7,7,uniform__adversarial-positive__68,uniform__adversarial-positive,9,16,15,382,0.05013599999999485,15,,,0,0,,,,0,40,364,task_two_opt25,[],24549.749008111445,0,0.0,476.26332006666667,"[2, 4, 5, 6, 8, 9, 11, 12, 13, 14, 15, 16, 17, 19, 20]",4,,68,55,26,15,ordinary,25,full_coverage_and_all_discovered_cleared,336,7143.949801,0.05016924999654293
45,28,True,0,45,5,7,13,uniform__adversarial-positive__68,uniform__adversarial-positive,10,17,15,316,0.041579999999996176,15,,,0,0,,,,0,40,297,task_no_share25,[],24975.29686833881,0,0.0,453.53729166666665,"[2, 4, 5, 6, 8, 9, 11, 12, 13, 14, 15, 16, 17, 19, 20]",4,,68,0,1,15,ordinary,25,full_coverage_and_all_discovered_cleared,242,6803.059375,0.04161870799725875
22,13,True,0,22,6,8,6,uniform__adversarial-positive__68,uniform__adversarial-positive,9,17,15,374,0.04917599999999567,15,,,0,0,,,,0,40,355,task_trial80_25,[],24506.45095493719,0,0.0,472.2193460666667,"[2, 4, 5, 6, 8, 9, 11, 12, 13, 14, 15, 16, 17, 19, 20]",4,,68,49,26,15,ordinary,25,full_coverage_and_all_discovered_cleared,326,7083.290191,0.04920854198280722
25,15,True,0,25,6,7,7,uniform__adversarial-positive__68,uniform__adversarial-positive,9,16,15,378,0.04904799999999909,15,,,0,0,,,,0,40,360,task_share3_25,[],24549.797428638096,0,0.0,474.597299,"[2, 4, 5, 6, 8, 9, 11, 12, 13, 14, 15, 16, 17, 19, 20]",4,,68,51,26,15,ordinary,25,full_coverage_and_all_discovered_cleared,331,7118.959485,0.049115790985524654
0,0,True,,,,,,uniform__adversarial-positive__69,uniform__adversarial-positive,14,15,15,294,0.033039999999999736,15,,,,,,,,0,,277,baseline_polar25_conservative,[],29680.255125920783,0,0.0,509.87006833333334,"[2, 3, 4, 5, 6, 7, 8, 9, 10, 11, 12, 13, 14, 16, 18]",4,,69,,,15,ordinary,25,full_coverage_and_all_discovered_cleared,252,7648.051025,0.0330476249800995
55,16,True,0,55,4,6,8,uniform__adversarial-positive__69,uniform__adversarial-positive,11,17,15,250,0.03323199999999815,15,,,,,,,,0,,231,baseline_bracket25,[],36054.55614076584,0,0.0,574.6607482666666,"[2, 3, 4, 5, 6, 7, 8, 9, 10, 11, 12, 13, 14, 16, 18]",4,,69,,,15,ordinary,25,full_coverage_and_all_discovered_cleared,173,8619.911224,0.03325658297399059
31,16,True,0,31,6,7,8,uniform__adversarial-positive__69,uniform__adversarial-positive,9,16,15,323,0.041515000000003965,15,,,0,0,,,,0,0,305,task_nearest25,[],27570.718989009776,0,0.0,492.2762532666667,"[2, 3, 4, 5, 6, 7, 8, 9, 10, 11, 12, 13, 14, 16, 18]",4,,69,36,22,15,ordinary,25,full_coverage_and_all_discovered_cleared,267,7384.143799,0.04154979204759002
4,0,True,0,4,4,5,0,uniform__adversarial-positive__69,uniform__adversarial-positive,11,16,15,361,0.05093300000000056,15,,,0,0,,,,0,40,343,task_two_opt25,[],22113.205260711722,0,0.0,435.7094034666667,"[2, 3, 4, 5, 6, 7, 8, 9, 10, 11, 12, 13, 14, 16, 18]",4,,69,21,50,15,ordinary,25,full_coverage_and_all_discovered_cleared,320,6535.641052,0.05094183300388977
17,5,True,0,17,3,4,2,uniform__adversarial-positive__69,uniform__adversarial-positive,12,16,15,338,0.04056500000000085,15,,,0,0,,,,0,40,320,task_no_share25,[],24505.381814448137,0,0.0,457.87175766666667,"[2, 3, 4, 5, 6, 7, 8, 9, 10, 11, 12, 13, 14, 16, 18]",4,,69,0,79,15,ordinary,25,full_coverage_and_all_discovered_cleared,289,6868.076365,0.04059854202205315
4,0,True,0,4,4,5,0,uniform__adversarial-positive__69,uniform__adversarial-positive,11,16,15,361,0.05058999999999969,15,,,0,0,,,,0,40,343,task_trial80_25,[],22113.205260711722,0,0.0,435.7094034666667,"[2, 3, 4, 5, 6, 7, 8, 9, 10, 11, 12, 13, 14, 16, 18]",4,,69,21,50,15,ordinary,25,full_coverage_and_all_discovered_cleared,320,6535.641052,0.05063929100288078
30,16,True,0,30,6,7,8,uniform__adversarial-positive__69,uniform__adversarial-positive,9,16,15,353,0.04706799999999589,15,,,0,0,,,,0,40,335,task_share3_25,[],25448.420214301543,0,0.0,475.7789360666667,"[2, 3, 4, 5, 6, 7, 8, 9, 10, 11, 12, 13, 14, 16, 18]",4,,69,33,23,15,ordinary,25,full_coverage_and_all_discovered_cleared,294,7136.684041,0.04710074997274205
0,0,True,,,,,,uniform__adversarial-positive__70,uniform__adversarial-positive,9,10,10,406,0.027163999999999078,10,,,,,,,,0,,394,baseline_polar25_conservative,[],25840.89021585514,0,0.0,755.8178043,"[2, 3, 5, 10, 11, 13, 15, 16, 19, 20]",4,,70,,,10,ordinary,25,full_coverage_and_all_discovered_cleared,370,7558.178043,0.027165208011865616
37,9,True,0,37,2,4,4,uniform__adversarial-positive__70,uniform__adversarial-positive,8,12,10,355,0.025614000000004467,10,,,,,,,,0,,341,baseline_bracket25,[],26838.15016419889,0,0.0,742.3630033000001,"[2, 3, 5, 10, 11, 13, 15, 16, 19, 20]",4,,70,,,10,ordinary,25,full_coverage_and_all_discovered_cleared,295,7423.630033,0.025624333997257054
16,7,True,0,16,5,6,3,uniform__adversarial-positive__70,uniform__adversarial-positive,5,11,10,362,0.02430400000000077,10,,,0,0,,,,0,0,349,task_nearest25,[],26065.149899028227,0,0.0,732.6029979,"[2, 3, 5, 10, 11, 13, 15, 16, 19, 20]",4,,70,5,4,10,ordinary,25,full_coverage_and_all_discovered_cleared,315,7326.029979,0.02434387500397861
11,3,True,0,11,1,2,1,uniform__adversarial-positive__70,uniform__adversarial-positive,9,11,10,379,0.030398000000005254,10,,,0,0,,,,0,35,366,task_two_opt25,[],20911.57466605988,0,0.0,640.1314933,"[2, 3, 5, 10, 11, 13, 15, 16, 19, 20]",4,,70,4,45,10,ordinary,25,full_coverage_and_all_discovered_cleared,336,6401.314933,0.03042179101612419
20,4,True,0,20,4,5,2,uniform__adversarial-positive__70,uniform__adversarial-positive,6,11,10,366,0.029876000000001568,10,,,0,0,,,,0,35,353,task_no_share25,[],22678.234073787244,0,0.0,667.0646815,"[2, 3, 5, 10, 11, 13, 15, 16, 19, 20]",4,,70,0,13,10,ordinary,25,full_coverage_and_all_discovered_cleared,317,6670.646815,0.029881916008889675
9,2,True,0,9,2,3,1,uniform__adversarial-positive__70,uniform__adversarial-positive,8,11,10,377,0.029851000000000738,10,,,0,0,,,,0,35,364,task_trial80_25,[],20903.555642573585,0,0.0,638.7711128,"[2, 3, 5, 10, 11, 13, 15, 16, 19, 20]",4,,70,4,45,10,ordinary,25,full_coverage_and_all_discovered_cleared,334,6387.711128,0.029857833054848015
11,3,True,0,11,1,2,1,uniform__adversarial-positive__70,uniform__adversarial-positive,9,11,10,379,0.03088499999999783,10,,,0,0,,,,0,35,366,task_share3_25,[],20911.57466605988,0,0.0,640.1314933,"[2, 3, 5, 10, 11, 13, 15, 16, 19, 20]",4,,70,4,45,10,ordinary,25,full_coverage_and_all_discovered_cleared,336,6401.314933,0.030912665999494493
0,0,True,,,,,,uniform__adversarial-positive__71,uniform__adversarial-positive,10,23,12,376,0.029406000000001598,12,,,,,,,,0,,351,baseline_polar25_conservative,[],29260.206797471776,11,16.39605198425671,668.9201130833334,"[1, 2, 4, 5, 7, 9, 10, 13, 17, 18, 19, 20]",4,,71,,,12,ordinary,25,full_coverage_and_all_discovered_cleared,327,8027.041357,0.029429375019390136
44,15,True,0,44,3,4,7,uniform__adversarial-positive__71,uniform__adversarial-positive,9,13,12,311,0.02753500000000031,12,,,,,,,,0,,296,baseline_bracket25,[],30767.265217342494,0,0.0,661.70442,"[1, 2, 4, 5, 7, 9, 10, 13, 17, 18, 19, 20]",4,,71,,,12,ordinary,25,full_coverage_and_all_discovered_cleared,244,7940.45304,0.027631125005427748
17,6,True,0,17,5,9,2,uniform__adversarial-positive__71,uniform__adversarial-positive,7,16,12,393,0.03111200000000025,12,,,0,0,,,,0,0,375,task_nearest25,[],24210.06292040391,0,0.0,594.7510486666666,"[1, 2, 4, 5, 7, 9, 10, 13, 17, 18, 19, 20]",4,,71,19,4,12,ordinary,25,full_coverage_and_all_discovered_cleared,348,7137.012584,0.0311338750179857
9,0,True,0,9,3,4,0,uniform__adversarial-positive__71,uniform__adversarial-positive,9,13,12,363,0.03797200000000345,12,,,0,0,,,,0,37,348,task_two_opt25,[],22868.73731534365,0,0.0,557.9789549999999,"[1, 2, 4, 5, 7, 9, 10, 13, 17, 18, 19, 20]",4,,71,14,2,12,ordinary,25,full_coverage_and_all_discovered_cleared,319,6695.74746,0.038042415981180966
15,2,True,0,15,5,8,0,uniform__adversarial-positive__71,uniform__adversarial-positive,7,15,12,365,0.034569999999995105,12,,,0,0,,,,0,37,348,task_no_share25,[],24519.989034845483,0,0.0,585.9998169166666,"[1, 2, 4, 5, 7, 9, 10, 13, 17, 18, 19, 20]",4,,71,0,20,12,ordinary,25,full_coverage_and_all_discovered_cleared,319,7031.997803,0.03462287498405203
9,0,True,0,9,3,4,0,uniform__adversarial-positive__71,uniform__adversarial-positive,9,13,12,363,0.0382409999999993,12,,,0,0,,,,0,37,348,task_trial80_25,[],22868.73731534365,0,0.0,557.9789549999999,"[1, 2, 4, 5, 7, 9, 10, 13, 17, 18, 19, 20]",4,,71,14,2,12,ordinary,25,full_coverage_and_all_discovered_cleared,319,6695.74746,0.03830745897721499
9,0,True,0,9,3,4,0,uniform__adversarial-positive__71,uniform__adversarial-positive,9,13,12,362,0.03729600000000488,12,,,0,0,,,,0,37,347,task_share3_25,[],22868.73731534365,0,0.0,557.4789549999999,"[1, 2, 4, 5, 7, 9, 10, 13, 17, 18, 19, 20]",4,,71,13,2,12,ordinary,25,full_coverage_and_all_discovered_cleared,318,6689.74746,0.03731908299960196
0,0,True,,,,,,uniform__adversarial-negative__67,uniform__adversarial-negative,10,10,10,374,0.0268739999999994,10,,,,,,,,0,,362,baseline_polar25_conservative,[],26366.96406434079,0,0.0,747.0392810000001,"[4, 5, 7, 8, 9, 10, 14, 15, 18, 19]",4,,67,,,10,ordinary,25,full_coverage_and_all_discovered_cleared,337,7470.39281,0.026914042013231665
46,16,True,0,46,4,6,8,uniform__adversarial-negative__67,uniform__adversarial-negative,6,12,10,334,0.027742000000003486,10,,,,,,,,0,,320,baseline_bracket25,[],30079.238886510386,0,0.0,793.5847775,"[4, 5, 7, 8, 9, 10, 14, 15, 18, 19]",4,,67,,,10,ordinary,25,full_coverage_and_all_discovered_cleared,264,7935.847775,0.027811417006887496
15,4,True,0,15,1,2,2,uniform__adversarial-negative__67,uniform__adversarial-negative,9,11,10,404,0.035633999999994614,10,,,0,0,,,,0,0,391,task_nearest25,[],24760.099429025155,0,0.0,732.3019887,"[4, 5, 7, 8, 9, 10, 14, 15, 18, 19]",4,,67,22,16,10,ordinary,25,full_coverage_and_all_discovered_cleared,363,7323.019887,0.035667542018927634
13,4,True,0,13,3,3,2,uniform__adversarial-negative__67,uniform__adversarial-negative,7,10,10,349,0.030154000000003123,10,,,0,0,,,,0,35,337,task_two_opt25,[],22365.32386777654,0,0.0,651.8064772,"[4, 5, 7, 8, 9, 10, 14, 15, 18, 19]",4,,67,13,58,10,ordinary,25,full_coverage_and_all_discovered_cleared,310,6518.064772,0.030220917018596083
20,8,True,0,20,3,4,4,uniform__adversarial-negative__67,uniform__adversarial-negative,7,11,10,368,0.030718000000000245,10,,,0,0,,,,0,35,355,task_no_share25,[],23142.995306237197,0,0.0,677.3599059999999,"[4, 5, 7, 8, 9, 10, 14, 15, 18, 19]",4,,67,0,34,10,ordinary,25,full_coverage_and_all_discovered_cleared,317,6773.59906,0.030752207967452705
14,4,True,0,14,2,3,2,uniform__adversarial-negative__67,uniform__adversarial-negative,8,11,10,352,0.030965000000001908,10,,,0,0,,,,0,35,339,task_trial80_25,[],22383.66864040602,0,0.0,653.6733727,"[4, 5, 7, 8, 9, 10, 14, 15, 18, 19]",4,,67,14,58,10,ordinary,25,full_coverage_and_all_discovered_cleared,312,6536.733727,0.03099504200508818
13,4,True,0,13,3,3,2,uniform__adversarial-negative__67,uniform__adversarial-negative,7,10,10,349,0.03006700000000251,10,,,0,0,,,,0,35,337,task_share3_25,[],22365.32386777654,0,0.0,651.8064772,"[4, 5, 7, 8, 9, 10, 14, 15, 18, 19]",4,,67,13,58,10,ordinary,25,full_coverage_and_all_discovered_cleared,310,6518.064772,0.03011191700352356
0,0,True,,,,,,uniform__adversarial-negative__68,uniform__adversarial-negative,14,15,15,328,0.03215900000000005,15,,,,,,,,0,,311,baseline_polar25_conservative,[],29990.846528221195,0,0.0,527.6779539333334,"[2, 4, 5, 6, 8, 9, 11, 12, 13, 14, 15, 16, 17, 19, 20]",4,,68,,,15,ordinary,25,full_coverage_and_all_discovered_cleared,287,7915.169309,0.03222991700749844
61,21,True,0,61,3,8,10,uniform__adversarial-negative__68,uniform__adversarial-negative,12,20,15,272,0.03363699999999881,15,,,,,,,,0,,250,baseline_bracket25,[],35713.50981694666,0,0.0,577.9801307333333,"[2, 4, 5, 6, 8, 9, 11, 12, 13, 14, 15, 16, 17, 19, 20]",4,,68,,,15,ordinary,25,full_coverage_and_all_discovered_cleared,187,8669.701961,0.033666708040982485
18,3,True,0,18,4,6,1,uniform__adversarial-negative__68,uniform__adversarial-negative,11,17,15,363,0.03424600000000311,15,,,0,0,,,,0,0,344,task_nearest25,[],24291.5722468671,0,0.0,464.68762979999997,"[2, 4, 5, 6, 8, 9, 11, 12, 13, 14, 15, 16, 17, 19, 20]",4,,68,30,13,15,ordinary,25,full_coverage_and_all_discovered_cleared,311,6970.314447,0.03426604199921712
18,3,True,0,18,4,6,1,uniform__adversarial-negative__68,uniform__adversarial-negative,11,17,15,363,0.040337000000000955,15,,,0,0,,,,0,40,344,task_two_opt25,[],24291.5722468671,0,0.0,464.68762979999997,"[2, 4, 5, 6, 8, 9, 11, 12, 13, 14, 15, 16, 17, 19, 20]",4,,68,30,13,15,ordinary,25,full_coverage_and_all_discovered_cleared,311,6970.314447,0.04037104098824784
21,5,True,0,21,3,6,2,uniform__adversarial-negative__68,uniform__adversarial-negative,12,18,15,346,0.039014999999999134,15,,,0,0,,,,0,40,326,task_no_share25,[],24217.08728779943,0,0.0,456.69449686666667,"[2, 4, 5, 6, 8, 9, 11, 12, 13, 14, 15, 16, 17, 19, 20]",4,,68,0,11,15,ordinary,25,full_coverage_and_all_discovered_cleared,293,6850.417453,0.03903829102637246
16,1,True,0,16,4,6,0,uniform__adversarial-negative__68,uniform__adversarial-negative,11,17,15,361,0.04022499999999951,15,,,0,0,,,,0,40,342,task_trial80_25,[],24267.311413719537,0,0.0,463.6974854666667,"[2, 4, 5, 6, 8, 9, 11, 12, 13, 14, 15, 16, 17, 19, 20]",4,,68,30,13,15,ordinary,25,full_coverage_and_all_discovered_cleared,311,6955.462282,0.04025249998085201
18,3,True,0,18,4,6,1,uniform__adversarial-negative__68,uniform__adversarial-negative,11,17,15,361,0.040413999999998396,15,,,0,0,,,,0,40,342,task_share3_25,[],24291.5722468671,0,0.0,463.88762979999996,"[2, 4, 5, 6, 8, 9, 11, 12, 13, 14, 15, 16, 17, 19, 20]",4,,68,28,13,15,ordinary,25,full_coverage_and_all_discovered_cleared,309,6958.314447,0.040470166015438735
0,0,True,,,,,,uniform__adversarial-negative__69,uniform__adversarial-negative,14,15,15,294,0.03303499999999815,15,,,,,,,,0,,277,baseline_polar25_conservative,[],29747.04573794985,0,0.0,510.76061000000004,"[2, 3, 4, 5, 6, 7, 8, 9, 10, 11, 12, 13, 14, 16, 18]",4,,69,,,15,ordinary,25,full_coverage_and_all_discovered_cleared,252,7661.40915,0.03309370798524469
65,20,True,0,65,4,7,10,uniform__adversarial-negative__69,uniform__adversarial-negative,11,18,15,261,0.03723899999999958,15,,,,,,,,0,,241,baseline_bracket25,[],37941.96737803589,0,0.0,603.3595646666668,"[2, 3, 4, 5, 6, 7, 8, 9, 10, 11, 12, 13, 14, 16, 18]",4,,69,,,15,ordinary,25,full_coverage_and_all_discovered_cleared,173,9050.39347,0.03735158400377259
36,19,True,0,36,4,5,9,uniform__adversarial-negative__69,uniform__adversarial-negative,11,16,15,324,0.04617100000000107,15,,,0,0,,,,0,0,306,task_nearest25,[],29314.186735885025,0,0.0,515.7224898,"[2, 3, 4, 5, 6, 7, 8, 9, 10, 11, 12, 13, 14, 16, 18]",4,,69,48,23,15,ordinary,25,full_coverage_and_all_discovered_cleared,265,7735.837347,0.04625666601350531
15,5,True,0,15,4,4,2,uniform__adversarial-negative__69,uniform__adversarial-negative,11,15,15,317,0.056192000000002906,15,,,0,0,,,,0,40,300,task_two_opt25,[],23873.783097445183,0,0.0,441.3837744,"[2, 3, 4, 5, 6, 7, 8, 9, 10, 11, 12, 13, 14, 16, 18]",4,,69,49,17,15,ordinary,25,full_coverage_and_all_discovered_cleared,271,6620.756616,0.05652079201536253
21,8,True,0,21,2,4,3,uniform__adversarial-negative__69,uniform__adversarial-negative,13,17,15,296,0.039892000000001815,15,,,0,0,,,,0,40,277,task_no_share25,[],26705.238968120426,0,0.0,470.0031860666667,"[2, 3, 4, 5, 6, 7, 8, 9, 10, 11, 12, 13, 14, 16, 18]",4,,69,0,35,15,ordinary,25,full_coverage_and_all_discovered_cleared,243,7050.047791,0.03995841700816527
14,4,True,0,14,4,6,2,uniform__adversarial-negative__69,uniform__adversarial-negative,11,17,15,319,0.057649000000004946,15,,,0,0,,,,0,40,300,task_trial80_25,[],23857.486660368806,0,0.0,441.6998218,"[2, 3, 4, 5, 6, 7, 8, 9, 10, 11, 12, 13, 14, 16, 18]",4,,69,50,17,15,ordinary,25,full_coverage_and_all_discovered_cleared,273,6625.497327,0.057734290952794254
16,5,True,0,16,3,3,2,uniform__adversarial-negative__69,uniform__adversarial-negative,12,15,15,330,0.05709299999999473,15,,,0,0,,,,0,40,313,task_share3_25,[],23923.074816206106,0,0.0,447.2409973333333,"[2, 3, 4, 5, 6, 7, 8, 9, 10, 11, 12, 13, 14, 16, 18]",4,,69,47,3,15,ordinary,25,full_coverage_and_all_discovered_cleared,284,6708.61496,0.05715025000972673
0,0,True,,,,,,uniform__adversarial-negative__70,uniform__adversarial-negative,9,10,10,405,0.026841000000004556,10,,,,,,,,0,,393,baseline_polar25_conservative,[],27230.943598083588,0,0.0,783.0188718,"[2, 3, 5, 10, 11, 13, 15, 16, 19, 20]",4,,70,,,10,ordinary,25,full_coverage_and_all_discovered_cleared,369,7830.188718,0.026882583973929286
45,16,True,0,45,5,5,8,uniform__adversarial-negative__70,uniform__adversarial-negative,5,10,10,361,0.02691599999999994,10,,,,,,,,0,,349,baseline_bracket25,[],28156.95422562635,0,0.0,772.1390844,"[2, 3, 5, 10, 11, 13, 15, 16, 19, 20]",4,,70,,,10,ordinary,25,full_coverage_and_all_discovered_cleared,295,7721.390844,0.02694954100297764
13,2,True,0,13,5,6,1,uniform__adversarial-negative__70,uniform__adversarial-negative,5,11,10,359,0.025307999999995445,10,,,0,0,,,,0,0,346,task_nearest25,[],26151.184174469967,0,0.0,732.8236835,"[2, 3, 5, 10, 11, 13, 15, 16, 19, 20]",4,,70,5,4,10,ordinary,25,full_coverage_and_all_discovered_cleared,315,7328.236835,0.02533354196930304
11,2,True,0,11,4,5,1,uniform__adversarial-negative__70,uniform__adversarial-negative,6,11,10,381,0.03327300000000122,10,,,0,0,,,,0,35,368,task_two_opt25,[],21565.737286224572,0,0.0,654.8147458000001,"[2, 3, 5, 10, 11, 13, 15, 16, 19, 20]",4,,70,11,14,10,ordinary,25,full_coverage_and_all_discovered_cleared,342,6548.147458,0.03332808299455792
22,4,True,0,22,6,7,2,uniform__adversarial-negative__70,uniform__adversarial-negative,4,11,10,363,0.03072199999999725,10,,,0,0,,,,0,35,350,task_no_share25,[],23477.448887240662,0,0.0,681.5489779000001,"[2, 3, 5, 10, 11, 13, 15, 16, 19, 20]",4,,70,0,9,10,ordinary,25,full_coverage_and_all_discovered_cleared,317,6815.489779,0.030787834024522454
10,2,True,0,10,4,6,1,uniform__adversarial-negative__70,uniform__adversarial-negative,6,12,10,381,0.03254599999999641,10,,,0,0,,,,0,35,367,task_trial80_25,[],21539.493242127635,0,0.0,653.8898648,"[2, 3, 5, 10, 11, 13, 15, 16, 19, 20]",4,,70,11,14,10,ordinary,25,full_coverage_and_all_discovered_cleared,340,6538.898648,0.032600499980617315
11,2,True,0,11,4,5,1,uniform__adversarial-negative__70,uniform__adversarial-negative,6,11,10,381,0.03275399999999706,10,,,0,0,,,,0,35,368,task_share3_25,[],21565.737286224572,0,0.0,654.8147458000001,"[2, 3, 5, 10, 11, 13, 15, 16, 19, 20]",4,,70,11,14,10,ordinary,25,full_coverage_and_all_discovered_cleared,342,6548.147458,0.03281208296539262
0,0,True,,,,,,uniform__adversarial-negative__71,uniform__adversarial-negative,10,16,12,369,0.028613,12,,,,,,,,0,,351,baseline_polar25_conservative,[],29188.824689218844,4,17.24428086044267,665.9804113333333,"[1, 2, 4, 5, 7, 9, 10, 13, 17, 18, 19, 20]",4,,71,,,12,ordinary,25,full_coverage_and_all_discovered_cleared,327,7991.764936,0.028665166988503188
52,18,True,0,52,3,6,8,uniform__adversarial-negative__71,uniform__adversarial-negative,9,15,12,321,0.030165000000003772,12,,,,,,,,0,,304,baseline_bracket25,[],33586.710821818575,0,0.0,712.6118471666667,"[1, 2, 4, 5, 7, 9, 10, 13, 17, 18, 19, 20]",4,,71,,,12,ordinary,25,full_coverage_and_all_discovered_cleared,245,8551.342166,0.030193249986041337
29,12,True,0,29,5,6,5,uniform__adversarial-negative__71,uniform__adversarial-negative,7,13,12,359,0.029712000000003513,12,,,0,0,,,,0,0,344,task_nearest25,[],26059.57005088663,0,0.0,608.5761675833334,"[1, 2, 4, 5, 7, 9, 10, 13, 17, 18, 19, 20]",4,,71,16,0,12,ordinary,25,full_coverage_and_all_discovered_cleared,308,7302.914011,0.02975833398522809
23,10,True,0,23,4,8,5,uniform__adversarial-negative__71,uniform__adversarial-negative,8,16,12,408,0.04442499999999683,12,,,0,0,,,,0,37,390,task_two_opt25,[],24738.459363807535,0,0.0,610.9743226666667,"[1, 2, 4, 5, 7, 9, 10, 13, 17, 18, 19, 20]",4,,71,37,0,12,ordinary,25,full_coverage_and_all_discovered_cleared,362,7331.691872,0.04452533298172057
27,15,True,0,27,5,7,7,uniform__adversarial-negative__71,uniform__adversarial-negative,7,14,12,384,0.035443999999998255,12,,,0,0,,,,0,37,368,task_no_share25,[],25017.753160767672,0,0.0,603.1292191666666,"[1, 2, 4, 5, 7, 9, 10, 13, 17, 18, 19, 20]",4,,71,0,6,12,ordinary,25,full_coverage_and_all_discovered_cleared,328,7237.55063,0.03549199999542907
21,8,True,0,21,4,8,4,uniform__adversarial-negative__71,uniform__adversarial-negative,8,16,12,404,0.042671999999996046,12,,,0,0,,,,0,37,386,task_trial80_25,[],24726.535688457647,0,0.0,608.7755946666667,"[1, 2, 4, 5, 7, 9, 10, 13, 17, 18, 19, 20]",4,,71,35,0,12,ordinary,25,full_coverage_and_all_discovered_cleared,358,7305.307136,0.04274370800703764
23,10,True,0,23,4,8,5,uniform__adversarial-negative__71,uniform__adversarial-negative,8,16,12,405,0.043936000000002196,12,,,0,0,,,,0,37,387,task_share3_25,[],24738.459363807535,0,0.0,609.4743226666667,"[1, 2, 4, 5, 7, 9, 10, 13, 17, 18, 19, 20]",4,,71,34,0,12,ordinary,25,full_coverage_and_all_discovered_cleared,359,7313.691872,0.04400920798070729
0,0,True,,,,,,uniform__adversarial-spatial__67,uniform__adversarial-spatial,10,10,10,372,0.024779999999999802,10,,,,,,,,0,,360,baseline_polar25_conservative,[],25736.911425861992,0,0.0,733.4382284999999,"[4, 5, 7, 8, 9, 10, 14, 15, 18, 19]",4,,67,,,10,ordinary,25,full_coverage_and_all_discovered_cleared,337,7334.382285,0.024803959007840604
45,17,True,0,45,4,7,8,uniform__adversarial-spatial__67,uniform__adversarial-spatial,6,13,10,334,0.025652000000000896,10,,,,,,,,0,,319,baseline_bracket25,[],29371.86062089807,0,0.0,779.237212,"[4, 5, 7, 8, 9, 10, 14, 15, 18, 19]",4,,67,,,10,ordinary,25,full_coverage_and_all_discovered_cleared,264,7792.37212,0.025736792013049126
18,6,True,0,18,2,3,3,uniform__adversarial-spatial__67,uniform__adversarial-spatial,8,11,10,362,0.025832000000001187,10,,,0,0,,,,0,0,349,task_nearest25,[],23844.74433115819,0,0.0,688.5948866,"[4, 5, 7, 8, 9, 10, 14, 15, 18, 19]",4,,67,7,66,10,ordinary,25,full_coverage_and_all_discovered_cleared,319,6885.948866,0.02601558400783688
16,6,True,0,16,0,3,3,uniform__adversarial-spatial__67,uniform__adversarial-spatial,10,13,10,353,0.030489000000002875,10,,,0,0,,,,0,35,338,task_two_opt25,[],22295.488277459357,0,0.0,651.5097657,"[4, 5, 7, 8, 9, 10, 14, 15, 18, 19]",4,,67,11,58,10,ordinary,25,full_coverage_and_all_discovered_cleared,307,6515.097657,0.03055637504439801
21,8,True,0,21,0,3,4,uniform__adversarial-spatial__67,uniform__adversarial-spatial,10,13,10,373,0.03189200000000625,10,,,0,0,,,,0,35,358,task_no_share25,[],23026.914493155527,0,0.0,677.3382899999999,"[4, 5, 7, 8, 9, 10, 14, 15, 18, 19]",4,,67,0,32,10,ordinary,25,full_coverage_and_all_discovered_cleared,319,6773.3829,0.03193962498335168
16,6,True,0,16,0,3,3,uniform__adversarial-spatial__67,uniform__adversarial-spatial,10,13,10,353,0.030664999999999054,10,,,0,0,,,,0,35,338,task_trial80_25,[],22306.55934673233,0,0.0,651.7311867999999,"[4, 5, 7, 8, 9, 10, 14, 15, 18, 19]",4,,67,11,58,10,ordinary,25,full_coverage_and_all_discovered_cleared,307,6517.311868,0.030725124990567565
16,6,True,0,16,0,3,3,uniform__adversarial-spatial__67,uniform__adversarial-spatial,10,13,10,353,0.030776000000003023,10,,,0,0,,,,0,35,338,task_share3_25,[],22295.488277459357,0,0.0,651.5097657,"[4, 5, 7, 8, 9, 10, 14, 15, 18, 19]",4,,67,11,58,10,ordinary,25,full_coverage_and_all_discovered_cleared,307,6515.097657,0.03088787494925782
0,0,True,,,,,,uniform__adversarial-spatial__68,uniform__adversarial-spatial,13,17,15,321,0.031897999999998206,15,,,,,,,,0,,302,baseline_polar25_conservative,[],32871.493053959384,2,12.761023664656644,562.8865741333334,"[2, 4, 5, 6, 8, 9, 11, 12, 13, 14, 15, 16, 17, 19, 20]",4,,68,,,15,ordinary,25,full_coverage_and_all_discovered_cleared,278,8443.298612,0.03193383303005248
61,16,True,0,61,0,4,8,uniform__adversarial-spatial__68,uniform__adversarial-spatial,15,19,15,271,0.035138999999993814,15,,,,,,,,0,,250,baseline_bracket25,[],36550.40315883829,0,0.0,588.9387082666667,"[2, 4, 5, 6, 8, 9, 11, 12, 13, 14, 15, 16, 17, 19, 20]",4,,68,,,15,ordinary,25,full_coverage_and_all_discovered_cleared,187,8834.080624,0.03520099999150261
13,2,True,0,13,3,6,1,uniform__adversarial-spatial__68,uniform__adversarial-spatial,12,18,15,368,0.03548500000000132,15,,,0,0,,,,0,0,348,task_nearest25,[],23338.7066482453,0,0.0,454.3160886,"[2, 4, 5, 6, 8, 9, 11, 12, 13, 14, 15, 16, 17, 19, 20]",4,,68,28,44,15,ordinary,25,full_coverage_and_all_discovered_cleared,323,6814.741329,0.035530249995645136
8,2,True,0,8,3,5,1,uniform__adversarial-spatial__68,uniform__adversarial-spatial,12,17,15,342,0.042681000000001745,15,,,0,0,,,,0,40,323,task_two_opt25,[],23639.432206067482,0,0.0,448.19242933333334,"[2, 4, 5, 6, 8, 9, 11, 12, 13, 14, 15, 16, 17, 19, 20]",4,,68,31,74,15,ordinary,25,full_coverage_and_all_discovered_cleared,299,6722.88644,0.04274887504288927
8,2,True,0,8,5,7,1,uniform__adversarial-spatial__68,uniform__adversarial-spatial,10,17,15,291,0.03733700000000084,15,,,0,0,,,,0,40,272,task_no_share25,[],24782.101661101184,0,0.0,443.0946887333333,"[2, 4, 5, 6, 8, 9, 11, 12, 13, 14, 15, 16, 17, 19, 20]",4,,68,0,33,15,ordinary,25,full_coverage_and_all_discovered_cleared,249,6646.420331,0.03739537502406165
8,2,True,0,8,3,5,1,uniform__adversarial-spatial__68,uniform__adversarial-spatial,12,17,15,342,0.041996000000004585,15,,,0,0,,,,0,40,323,task_trial80_25,[],23639.265913693293,0,0.0,448.1902120666667,"[2, 4, 5, 6, 8, 9, 11, 12, 13, 14, 15, 16, 17, 19, 20]",4,,68,31,74,15,ordinary,25,full_coverage_and_all_discovered_cleared,299,6722.853181,0.04204704094445333
8,2,True,0,8,3,5,1,uniform__adversarial-spatial__68,uniform__adversarial-spatial,12,17,15,339,0.042593000000003656,15,,,0,0,,,,0,40,320,task_share3_25,[],23639.806185828304,0,0.0,446.99741566666665,"[2, 4, 5, 6, 8, 9, 11, 12, 13, 14, 15, 16, 17, 19, 20]",4,,68,28,74,15,ordinary,25,full_coverage_and_all_discovered_cleared,296,6704.961235,0.04263579205144197
0,0,True,,,,,,uniform__adversarial-spatial__69,uniform__adversarial-spatial,14,15,15,293,0.03297099999999631,15,,,,,,,,0,,276,baseline_polar25_conservative,[],31955.76109852749,0,0.0,539.8101479333333,"[2, 3, 4, 5, 6, 7, 8, 9, 10, 11, 12, 13, 14, 16, 18]",4,,69,,,15,ordinary,25,full_coverage_and_all_discovered_cleared,251,8097.152219,0.03308262495556846
65,20,True,0,65,2,6,10,uniform__adversarial-spatial__69,uniform__adversarial-spatial,13,19,15,262,0.03573499999999541,15,,,,,,,,0,,241,baseline_bracket25,[],38205.12978043229,0,0.0,607.0683969999999,"[2, 3, 4, 5, 6, 7, 8, 9, 10, 11, 12, 13, 14, 16, 18]",4,,69,,,15,ordinary,25,full_coverage_and_all_discovered_cleared,173,9106.025955,0.035769915964920074
34,21,True,0,34,2,3,10,uniform__adversarial-spatial__69,uniform__adversarial-spatial,13,16,15,284,0.030543999999999016,15,,,0,0,,,,0,0,266,task_nearest25,[],27554.412358531055,0,0.0,476.19216493333334,"[2, 3, 4, 5, 6, 7, 8, 9, 10, 11, 12, 13, 14, 16, 18]",4,,69,15,34,15,ordinary,25,full_coverage_and_all_discovered_cleared,224,7142.882474,0.030566500034183264
16,9,True,0,16,1,2,4,uniform__adversarial-spatial__69,uniform__adversarial-spatial,14,16,15,288,0.04314299999999349,15,,,0,0,,,,0,40,270,task_two_opt25,[],24026.659156430058,0,0.0,431.4221222,"[2, 3, 4, 5, 6, 7, 8, 9, 10, 11, 12, 13, 14, 16, 18]",4,,69,14,85,15,ordinary,25,full_coverage_and_all_discovered_cleared,238,6471.331833,0.04322641697945073
21,5,True,0,21,1,5,2,uniform__adversarial-spatial__69,uniform__adversarial-spatial,14,19,15,318,0.039954999999999075,15,,,0,0,,,,0,40,297,task_no_share25,[],25195.793796544756,0,0.0,458.34391719999996,"[2, 3, 4, 5, 6, 7, 8, 9, 10, 11, 12, 13, 14, 16, 18]",4,,69,0,56,15,ordinary,25,full_coverage_and_all_discovered_cleared,264,6875.158758,0.04000941599952057
18,11,True,0,18,0,3,5,uniform__adversarial-spatial__69,uniform__adversarial-spatial,15,18,15,292,0.04386500000000382,15,,,0,0,,,,0,40,272,task_trial80_25,[],24012.39360950385,0,0.0,432.23191486666667,"[2, 3, 4, 5, 6, 7, 8, 9, 10, 11, 12, 13, 14, 16, 18]",4,,69,15,86,15,ordinary,25,full_coverage_and_all_discovered_cleared,237,6483.478723,0.04392016597557813
13,8,True,0,13,1,1,4,uniform__adversarial-spatial__69,uniform__adversarial-spatial,14,15,15,288,0.04550000000000409,15,,,0,0,,,,0,40,271,task_share3_25,[],23914.00789053794,0,0.0,430.2534386,"[2, 3, 4, 5, 6, 7, 8, 9, 10, 11, 12, 13, 14, 16, 18]",4,,69,16,83,15,ordinary,25,full_coverage_and_all_discovered_cleared,241,6453.801579,0.0455466250423342
0,0,True,,,,,,uniform__adversarial-spatial__70,uniform__adversarial-spatial,9,10,10,405,0.02655899999999889,10,,,,,,,,0,,393,baseline_polar25_conservative,[],27137.660949746125,0,0.0,781.1532191,"[2, 3, 5, 10, 11, 13, 15, 16, 19, 20]",4,,70,,,10,ordinary,25,full_coverage_and_all_discovered_cleared,369,7811.532191,0.026580292033031583
45,16,True,0,45,4,8,8,uniform__adversarial-spatial__70,uniform__adversarial-spatial,6,14,10,365,0.027351000000003012,10,,,,,,,,0,,349,baseline_bracket25,[],27702.80943213819,0,0.0,764.2561886000001,"[2, 3, 5, 10, 11, 13, 15, 16, 19, 20]",4,,70,,,10,ordinary,25,full_coverage_and_all_discovered_cleared,295,7642.561886,0.027381042018532753
18,4,True,0,18,4,7,2,uniform__adversarial-spatial__70,uniform__adversarial-spatial,6,13,10,362,0.02430299999999619,10,,,0,0,,,,0,0,347,task_nearest25,[],26189.557243369436,0,0.0,734.7911446,"[2, 3, 5, 10, 11, 13, 15, 16, 19, 20]",4,,70,3,6,10,ordinary,25,full_coverage_and_all_discovered_cleared,316,7347.911446,0.024333958979696035
12,4,True,0,12,0,2,2,uniform__adversarial-spatial__70,uniform__adversarial-spatial,10,12,10,380,0.030580000000000496,10,,,0,0,,,,0,35,366,task_two_opt25,[],21044.589961823764,0,0.0,643.2917992,"[2, 3, 5, 10, 11, 13, 15, 16, 19, 20]",4,,70,4,46,10,ordinary,25,full_coverage_and_all_discovered_cleared,338,6432.917992,0.030635957955382764
23,8,True,0,23,1,4,4,uniform__adversarial-spatial__70,uniform__adversarial-spatial,9,13,10,371,0.030224999999994395,10,,,0,0,,,,0,35,356,task_no_share25,[],23064.42969863832,0,0.0,677.0885940999999,"[2, 3, 5, 10, 11, 13, 15, 16, 19, 20]",4,,70,0,13,10,ordinary,25,full_coverage_and_all_discovered_cleared,319,6770.885941,0.030266917019616812
12,4,True,0,12,0,4,2,uniform__adversarial-spatial__70,uniform__adversarial-spatial,10,14,10,382,0.030852000000002988,10,,,0,0,,,,0,35,366,task_trial80_25,[],21060.23890756876,0,0.0,644.2047781,"[2, 3, 5, 10, 11, 13, 15, 16, 19, 20]",4,,70,4,46,10,ordinary,25,full_coverage_and_all_discovered_cleared,338,6442.047781,0.03091349999886006
12,4,True,0,12,0,2,2,uniform__adversarial-spatial__70,uniform__adversarial-spatial,10,12,10,380,0.02997400000000283,10,,,0,0,,,,0,35,366,task_share3_25,[],21044.589961823764,0,0.0,643.2917992,"[2, 3, 5, 10, 11, 13, 15, 16, 19, 20]",4,,70,4,46,10,ordinary,25,full_coverage_and_all_discovered_cleared,338,6432.917992,0.03000133397290483
0,0,True,,,,,,uniform__adversarial-spatial__71,uniform__adversarial-spatial,10,26,12,372,0.0320779999999985,12,,,,,,,,0,,344,baseline_polar25_conservative,[],29009.29254050522,14,16.776424741948745,661.9048761666667,"[1, 2, 4, 5, 7, 9, 10, 13, 17, 18, 19, 20]",4,,71,,,12,ordinary,25,full_coverage_and_all_discovered_cleared,319,7942.858514,0.032114500005263835
48,11,True,0,48,1,8,5,uniform__adversarial-spatial__71,uniform__adversarial-spatial,11,19,12,321,0.0310309999999987,12,,,,,,,,0,,300,baseline_bracket25,[],31523.2506517483,0,0.0,677.470844,"[1, 2, 4, 5, 7, 9, 10, 13, 17, 18, 19, 20]",4,,71,,,12,ordinary,25,full_coverage_and_all_discovered_cleared,244,8129.650128,0.03109000000404194
27,16,True,0,27,2,8,8,uniform__adversarial-spatial__71,uniform__adversarial-spatial,10,18,12,397,0.031168000000000973,12,,,0,0,,,,0,0,377,task_nearest25,[],24765.95279017716,0,0.0,604.6825463333333,"[1, 2, 4, 5, 7, 9, 10, 13, 17, 18, 19, 20]",4,,71,20,13,12,ordinary,25,full_coverage_and_all_discovered_cleared,340,7256.190556,0.031200000026728958
12,0,True,0,12,0,3,0,uniform__adversarial-spatial__71,uniform__adversarial-spatial,12,15,12,402,0.04014800000000207,12,,,0,0,,,,0,37,385,task_two_opt25,[],22760.245299320224,0,0.0,575.1707550833333,"[1, 2, 4, 5, 7, 9, 10, 13, 17, 18, 19, 20]",4,,71,21,17,12,ordinary,25,full_coverage_and_all_discovered_cleared,356,6902.049061,0.04024133301572874
20,11,True,0,20,1,6,5,uniform__adversarial-spatial__71,uniform__adversarial-spatial,11,17,12,395,0.03507799999999861,12,,,0,0,,,,0,37,376,task_no_share25,[],25127.089104609844,0,0.0,610.4514849166667,"[1, 2, 4, 5, 7, 9, 10, 13, 17, 18, 19, 20]",4,,71,0,24,12,ordinary,25,full_coverage_and_all_discovered_cleared,345,7325.417819,0.03510008298326284
12,0,True,0,12,0,4,0,uniform__adversarial-spatial__71,uniform__adversarial-spatial,12,16,12,403,0.04027500000000117,12,,,0,0,,,,0,37,385,task_trial80_25,[],22767.720916450056,0,0.0,575.54534875,"[1, 2, 4, 5, 7, 9, 10, 13, 17, 18, 19, 20]",4,,71,21,17,12,ordinary,25,full_coverage_and_all_discovered_cleared,356,6906.544185,0.04030100000090897
12,0,True,0,12,0,3,0,uniform__adversarial-spatial__71,uniform__adversarial-spatial,12,15,12,411,0.04104199999999736,12,,,0,0,,,,0,37,394,task_share3_25,[],22759.75795092142,0,0.0,579.4959660000001,"[1, 2, 4, 5, 7, 9, 10, 13, 17, 18, 19, 20]",4,,71,24,11,12,ordinary,25,full_coverage_and_all_discovered_cleared,363,6953.951592,0.04110029200091958
0,0,True,,,,,,edge__iid__67,edge__iid,9,10,10,406,0.027183000000000845,10,,,,,,,,0,,394,baseline_polar25_conservative,[],25822.78944542472,0,0.0,755.5557888000001,"[4, 5, 7, 8, 9, 10, 14, 15, 18, 19]",4,,67,,,10,ordinary,25,full_coverage_and_all_discovered_cleared,371,7555.557888,0.027199207979720086
35,11,True,0,35,6,6,5,edge__iid__67,edge__iid,4,10,10,330,0.023490000000002453,10,,,,,,,,0,,318,baseline_bracket25,[],29680.243326766937,0,0.0,785.0048664,"[4, 5, 7, 8, 9, 10, 14, 15, 18, 19]",4,,67,,,10,ordinary,25,full_coverage_and_all_discovered_cleared,274,7850.048664,0.023489665996748954
32,13,True,0,32,3,5,5,edge__iid__67,edge__iid,7,12,10,419,0.029740000000003874,10,,,0,0,,,,0,0,405,task_nearest25,[],23962.586532098725,0,0.0,723.8517305,"[4, 5, 7, 8, 9, 10, 14, 15, 18, 19]",4,,67,26,0,10,ordinary,25,full_coverage_and_all_discovered_cleared,365,7238.517305,0.029754749964922667
40,21,True,0,40,4,5,9,edge__iid__67,edge__iid,6,11,10,435,0.03666500000000639,10,,,0,0,,,,0,35,422,task_two_opt25,[],23961.389095139264,0,0.0,732.7277817,"[4, 5, 7, 8, 9, 10, 14, 15, 18, 19]",4,,67,19,3,10,ordinary,25,full_coverage_and_all_discovered_cleared,372,7327.277817,0.0367378750233911
40,21,True,0,40,4,5,9,edge__iid__67,edge__iid,6,11,10,416,0.03445599999999871,10,,,0,0,,,,0,35,403,task_no_share25,[],23959.319378925953,0,0.0,721.0863873000001,"[4, 5, 7, 8, 9, 10, 14, 15, 18, 19]",4,,67,0,3,10,ordinary,25,full_coverage_and_all_discovered_cleared,351,7210.863873,0.034582541964482516
34,17,True,0,34,6,8,8,edge__iid__67,edge__iid,4,12,10,426,0.03482400000000041,10,,,0,0,,,,0,35,412,task_trial80_25,[],23886.243329177716,0,0.0,725.9248665,"[4, 5, 7, 8, 9, 10, 14, 15, 18, 19]",4,,67,15,3,10,ordinary,25,full_coverage_and_all_discovered_cleared,366,7259.248665,0.034845750022213906
40,21,True,0,40,4,5,9,edge__iid__67,edge__iid,6,11,10,435,0.03612600000000299,10,,,0,0,,,,0,35,422,task_share3_25,[],23961.389095139264,0,0.0,732.7277817,"[4, 5, 7, 8, 9, 10, 14, 15, 18, 19]",4,,67,19,3,10,ordinary,25,full_coverage_and_all_discovered_cleared,372,7327.277817,0.036176250025164336
0,0,True,,,,,,edge__iid__68,edge__iid,13,15,15,387,0.034731000000000734,15,,,,,,,,0,,370,baseline_polar25_conservative,[],27749.754513523738,0,0.0,521.3300602666667,"[2, 4, 5, 6, 8, 9, 11, 12, 13, 14, 15, 16, 17, 19, 20]",4,,68,,,15,ordinary,25,full_coverage_and_all_discovered_cleared,345,7819.950904,0.034743750002235174
61,17,True,0,61,4,5,8,edge__iid__68,edge__iid,11,16,15,312,0.035890000000001976,15,,,,,,,,0,,294,baseline_bracket25,[],33097.921335195686,0,0.0,559.9056177333333,"[2, 4, 5, 6, 8, 9, 11, 12, 13, 14, 15, 16, 17, 19, 20]",4,,68,,,15,ordinary,25,full_coverage_and_all_discovered_cleared,231,8398.584266,0.03599020797992125
31,10,True,0,31,5,7,5,edge__iid__68,edge__iid,10,17,15,400,0.038432000000000244,15,,,0,0,,,,0,0,381,task_nearest25,[],25631.773865095376,0,0.0,497.62365186666665,"[2, 4, 5, 6, 8, 9, 11, 12, 13, 14, 15, 16, 17, 19, 20]",4,,68,35,1,15,ordinary,25,full_coverage_and_all_discovered_cleared,352,7464.354778,0.03846366697689518
23,10,True,0,23,5,6,5,edge__iid__68,edge__iid,10,16,15,378,0.038450000000004536,15,,,0,0,,,,0,40,360,task_two_opt25,[],23127.182253154468,0,0.0,455.3624299333333,"[2, 4, 5, 6, 8, 9, 11, 12, 13, 14, 15, 16, 17, 19, 20]",4,,68,13,3,15,ordinary,25,full_coverage_and_all_discovered_cleared,327,6830.436449,0.0384933750028722
30,12,True,0,30,6,8,6,edge__iid__68,edge__iid,9,17,15,374,0.03702599999999734,15,,,0,0,,,,0,40,355,task_no_share25,[],24152.25521692352,0,0.0,466.7634028,"[2, 4, 5, 6, 8, 9, 11, 12, 13, 14, 15, 16, 17, 19, 20]",4,,68,0,2,15,ordinary,25,full_coverage_and_all_discovered_cleared,315,7001.451042,0.03708374995039776
18,6,True,0,18,6,8,3,edge__iid__68,edge__iid,9,17,15,374,0.03797300000000092,15,,,0,0,,,,0,40,355,task_trial80_25,[],23040.743574936503,0,0.0,452.7432475333333,"[2, 4, 5, 6, 8, 9, 11, 12, 13, 14, 15, 16, 17, 19, 20]",4,,68,13,3,15,ordinary,25,full_coverage_and_all_discovered_cleared,327,6791.148713,0.03804933303035796
23,10,True,0,23,5,6,5,edge__iid__68,edge__iid,10,16,15,378,0.03773999999999944,15,,,0,0,,,,0,40,360,task_share3_25,[],23127.182253154468,0,0.0,455.3624299333333,"[2, 4, 5, 6, 8, 9, 11, 12, 13, 14, 15, 16, 17, 19, 20]",4,,68,13,3,15,ordinary,25,full_coverage_and_all_discovered_cleared,327,6830.436449,0.037782999977935106
0,0,True,,,,,,edge__iid__69,edge__iid,14,15,15,355,0.032682999999998685,15,,,,,,,,0,,338,baseline_polar25_conservative,[],31119.012417773723,0,0.0,553.4534988666667,"[2, 3, 4, 5, 6, 7, 8, 9, 10, 11, 12, 13, 14, 16, 18]",4,,69,,,15,ordinary,25,full_coverage_and_all_discovered_cleared,313,8301.802483,0.03270512504968792
63,20,True,0,63,10,11,10,edge__iid__69,edge__iid,5,16,15,283,0.03470400000000495,15,,,,,,,,0,,265,baseline_bracket25,[],32650.209912161445,0,0.0,542.2694652666667,"[2, 3, 4, 5, 6, 7, 8, 9, 10, 11, 12, 13, 14, 16, 18]",4,,69,,,15,ordinary,25,full_coverage_and_all_discovered_cleared,201,8134.041979,0.034760374983306974
20,3,True,0,20,8,9,1,edge__iid__69,edge__iid,7,16,15,337,0.03424100000000152,15,,,0,0,,,,0,0,319,task_nearest25,[],24897.2325886345,0,0.0,462.6964344,"[2, 3, 4, 5, 6, 7, 8, 9, 10, 11, 12, 13, 14, 16, 18]",4,,69,10,0,15,ordinary,25,full_coverage_and_all_discovered_cleared,288,6940.446516,0.034254832949955016
15,2,True,0,15,4,4,1,edge__iid__69,edge__iid,11,15,15,337,0.03759399999999857,15,,,0,0,,,,0,40,320,task_two_opt25,[],24508.64045516316,0,0.0,457.6485394,"[2, 3, 4, 5, 6, 7, 8, 9, 10, 11, 12, 13, 14, 16, 18]",4,,69,8,23,15,ordinary,25,full_coverage_and_all_discovered_cleared,288,6864.728091,0.03761404100805521
15,2,True,0,15,5,5,1,edge__iid__69,edge__iid,10,15,15,330,0.03575399999999718,15,,,0,0,,,,0,40,313,task_no_share25,[],24506.921679846415,0,0.0,454.8256224,"[2, 3, 4, 5, 6, 7, 8, 9, 10, 11, 12, 13, 14, 16, 18]",4,,69,0,22,15,ordinary,25,full_coverage_and_all_discovered_cleared,281,6822.384336,0.03576829098165035
12,2,True,0,12,7,7,1,edge__iid__69,edge__iid,8,15,15,334,0.037120000000001596,15,,,0,0,,,,0,40,317,task_trial80_25,[],24506.98747609156,0,0.0,456.6264996666667,"[2, 3, 4, 5, 6, 7, 8, 9, 10, 11, 12, 13, 14, 16, 18]",4,,69,8,23,15,ordinary,25,full_coverage_and_all_discovered_cleared,288,6849.397495,0.03715841699158773
15,2,True,0,15,4,4,1,edge__iid__69,edge__iid,11,15,15,337,0.03747500000000059,15,,,0,0,,,,0,40,320,task_share3_25,[],24508.64045516316,0,0.0,457.6485394,"[2, 3, 4, 5, 6, 7, 8, 9, 10, 11, 12, 13, 14, 16, 18]",4,,69,8,23,15,ordinary,25,full_coverage_and_all_discovered_cleared,288,6864.728091,0.03751608298625797
0,0,True,,,,,,edge__iid__70,edge__iid,10,10,10,412,0.02980500000000319,10,,,,,,,,0,,400,baseline_polar25_conservative,[],20417.553217774483,0,0.0,650.9510642,"[2, 3, 5, 10, 11, 13, 15, 16, 19, 20]",4,,70,,,10,ordinary,25,full_coverage_and_all_discovered_cleared,376,6509.510642,0.02982137497747317
46,13,True,0,46,4,4,6,edge__iid__70,edge__iid,6,10,10,364,0.028480999999999312,10,,,,,,,,0,,352,baseline_bracket25,[],27878.478663180256,0,0.0,768.2695735,"[2, 3, 5, 10, 11, 13, 15, 16, 19, 20]",4,,70,,,10,ordinary,25,full_coverage_and_all_discovered_cleared,297,7682.695735,0.028501875000074506
6,2,True,0,6,4,4,1,edge__iid__70,edge__iid,6,10,10,353,0.025060000000003413,10,,,0,0,,,,0,0,341,task_nearest25,[],19119.97919488346,0,0.0,589.5995838,"[2, 3, 5, 10, 11, 13, 15, 16, 19, 20]",4,,70,9,0,10,ordinary,25,full_coverage_and_all_discovered_cleared,317,5895.995838,0.025066374975722283
5,0,True,0,5,4,4,0,edge__iid__70,edge__iid,6,10,10,427,0.0315960000000004,10,,,0,0,,,,0,35,415,task_two_opt25,[],20033.946552099933,0,0.0,651.7789308,"[2, 3, 5, 10, 11, 13, 15, 16, 19, 20]",4,,70,6,0,10,ordinary,25,full_coverage_and_all_discovered_cleared,386,6517.789308,0.03160750004462898
4,0,True,0,4,4,4,0,edge__iid__70,edge__iid,6,10,10,422,0.029519999999997992,10,,,0,0,,,,0,35,410,task_no_share25,[],20146.76802819318,0,0.0,651.3353602999999,"[2, 3, 5, 10, 11, 13, 15, 16, 19, 20]",4,,70,0,0,10,ordinary,25,full_coverage_and_all_discovered_cleared,384,6513.353603,0.029541625001002103
5,0,True,0,5,3,4,0,edge__iid__70,edge__iid,7,11,10,428,0.031337000000000614,10,,,0,0,,,,0,35,415,task_trial80_25,[],20032.690292793708,0,0.0,652.0538057,"[2, 3, 5, 10, 11, 13, 15, 16, 19, 20]",4,,70,6,0,10,ordinary,25,full_coverage_and_all_discovered_cleared,386,6520.538057,0.03137358301319182
5,0,True,0,5,4,4,0,edge__iid__70,edge__iid,6,10,10,426,0.036397999999998376,10,,,0,0,,,,0,35,414,task_share3_25,[],20033.946552099933,0,0.0,651.1789308,"[2, 3, 5, 10, 11, 13, 15, 16, 19, 20]",4,,70,5,0,10,ordinary,25,full_coverage_and_all_discovered_cleared,385,6511.789308,0.037693916994612664
0,0,True,,,,,,edge__iid__71,edge__iid,9,26,12,420,0.02995400000000359,12,,,,,,,,0,,392,baseline_polar25_conservative,[],30291.117680604144,14,17.76863182135825,707.3519611666667,"[1, 2, 4, 5, 7, 9, 10, 13, 17, 18, 19, 20]",4,,71,,,12,ordinary,25,full_coverage_and_all_discovered_cleared,368,8488.223534,0.02998437499627471
49,12,True,0,49,4,6,6,edge__iid__71,edge__iid,8,14,12,350,0.031222999999997114,12,,,,,,,,0,,334,baseline_bracket25,[],29700.89653636976,0,0.0,662.93160925,"[1, 2, 4, 5, 7, 9, 10, 13, 17, 18, 19, 20]",4,,71,,,12,ordinary,25,full_coverage_and_all_discovered_cleared,279,7955.179311,0.0312274590251036
17,4,True,0,17,3,3,1,edge__iid__71,edge__iid,9,12,12,369,0.0325250000000068,12,,,0,0,,,,0,0,355,task_nearest25,[],23431.455750807334,0,0.0,570.7742625,"[1, 2, 4, 5, 7, 9, 10, 13, 17, 18, 19, 20]",4,,71,18,0,12,ordinary,25,full_coverage_and_all_discovered_cleared,328,6849.29115,0.032539332984015346
19,2,True,0,19,3,4,1,edge__iid__71,edge__iid,9,13,12,395,0.046357000000000426,12,,,0,0,,,,0,37,380,task_two_opt25,[],22956.99499935845,0,0.0,575.4499168333333,"[1, 2, 4, 5, 7, 9, 10, 13, 17, 18, 19, 20]",4,,71,27,1,12,ordinary,25,full_coverage_and_all_discovered_cleared,351,6905.399002,0.046383165987208486
18,4,True,0,18,5,5,2,edge__iid__71,edge__iid,7,12,12,367,0.03758200000000045,12,,,0,0,,,,0,37,353,task_no_share25,[],21518.707867361332,0,0.0,537.6451311666666,"[1, 2, 4, 5, 7, 9, 10, 13, 17, 18, 19, 20]",4,,71,0,0,12,ordinary,25,full_coverage_and_all_discovered_cleared,323,6451.741574,0.03763754101237282
20,2,True,0,20,2,6,1,edge__iid__71,edge__iid,10,16,12,400,0.047624999999996476,12,,,0,0,,,,0,37,382,task_trial80_25,[],22991.51735414217,0,0.0,577.69195625,"[1, 2, 4, 5, 7, 9, 10, 13, 17, 18, 19, 20]",4,,71,28,1,12,ordinary,25,full_coverage_and_all_discovered_cleared,352,6932.303475,0.04765920800855383
19,2,True,0,19,3,4,1,edge__iid__71,edge__iid,9,13,12,394,0.04640799999999956,12,,,0,0,,,,0,37,379,task_share3_25,[],22956.99499935845,0,0.0,575.0332501666667,"[1, 2, 4, 5, 7, 9, 10, 13, 17, 18, 19, 20]",4,,71,26,1,12,ordinary,25,full_coverage_and_all_discovered_cleared,351,6900.399002,0.04646454204339534
0,0,True,,,,,,edge__smooth__67,edge__smooth,9,10,10,406,0.026997999999998967,10,,,,,,,,0,,394,baseline_polar25_conservative,[],23814.184775783542,0,0.0,715.2836954,"[4, 5, 7, 8, 9, 10, 14, 15, 18, 19]",4,,67,,,10,ordinary,25,full_coverage_and_all_discovered_cleared,370,7152.836954,0.02704133401857689
37,8,True,0,37,5,6,3,edge__smooth__67,edge__smooth,5,11,10,333,0.026009999999999422,10,,,,,,,,0,,320,baseline_bracket25,[],29097.259779304284,0,0.0,774.6451956,"[4, 5, 7, 8, 9, 10, 14, 15, 18, 19]",4,,67,,,10,ordinary,25,full_coverage_and_all_discovered_cleared,274,7746.451956,0.02602366596693173
33,14,True,0,33,5,5,6,edge__smooth__67,edge__smooth,5,10,10,380,0.02727499999999594,10,,,0,0,,,,0,0,368,task_nearest25,[],25982.69340587044,0,0.0,741.1538682,"[4, 5, 7, 8, 9, 10, 14, 15, 18, 19]",4,,67,7,15,10,ordinary,25,full_coverage_and_all_discovered_cleared,325,7411.538682,0.027275250002276152
14,2,True,0,14,5,5,1,edge__smooth__67,edge__smooth,5,10,10,386,0.03091799999999978,10,,,0,0,,,,0,35,374,task_two_opt25,[],23587.665398305326,0,0.0,698.353308,"[4, 5, 7, 8, 9, 10, 14, 15, 18, 19]",4,,67,9,12,10,ordinary,25,full_coverage_and_all_discovered_cleared,346,6983.53308,0.03093766700476408
14,2,True,0,14,5,5,1,edge__smooth__67,edge__smooth,5,10,10,378,0.03429799999999972,10,,,0,0,,,,0,35,366,task_no_share25,[],23581.756281064736,0,0.0,693.1351256,"[4, 5, 7, 8, 9, 10, 14, 15, 18, 19]",4,,67,0,11,10,ordinary,25,full_coverage_and_all_discovered_cleared,335,6931.351256,0.036135541973635554
16,4,True,0,16,4,6,2,edge__smooth__67,edge__smooth,6,12,10,390,0.03169199999999961,10,,,0,0,,,,0,35,376,task_trial80_25,[],23620.74803831273,0,0.0,700.4149608,"[4, 5, 7, 8, 9, 10, 14, 15, 18, 19]",4,,67,9,12,10,ordinary,25,full_coverage_and_all_discovered_cleared,344,7004.149608,0.03177075000712648
14,2,True,0,14,5,5,1,edge__smooth__67,edge__smooth,5,10,10,386,0.030315000000001646,10,,,0,0,,,,0,35,374,task_share3_25,[],23587.665398305326,0,0.0,698.353308,"[4, 5, 7, 8, 9, 10, 14, 15, 18, 19]",4,,67,9,12,10,ordinary,25,full_coverage_and_all_discovered_cleared,346,6983.53308,0.030322791950311512
0,0,True,,,,,,edge__smooth__68,edge__smooth,13,15,15,387,0.034951999999996985,15,,,,,,,,0,,370,baseline_polar25_conservative,[],27806.711269630094,0,0.0,522.0894836,"[2, 4, 5, 6, 8, 9, 11, 12, 13, 14, 15, 16, 17, 19, 20]",4,,68,,,15,ordinary,25,full_coverage_and_all_discovered_cleared,345,7831.342254,0.0349888329510577
67,26,True,0,67,10,10,13,edge__smooth__68,edge__smooth,5,15,15,317,0.035722999999997285,15,,,,,,,,0,,300,baseline_bracket25,[],34340.23760965804,0,0.0,578.2698346,"[2, 4, 5, 6, 8, 9, 11, 12, 13, 14, 15, 16, 17, 19, 20]",4,,68,,,15,ordinary,25,full_coverage_and_all_discovered_cleared,231,8674.047519,0.035739790997467935
30,6,True,0,30,7,9,3,edge__smooth__68,edge__smooth,8,17,15,391,0.039372000000000185,15,,,0,0,,,,0,0,372,task_nearest25,[],25416.601654093683,0,0.0,490.88802193333333,"[2, 4, 5, 6, 8, 9, 11, 12, 13, 14, 15, 16, 17, 19, 20]",4,,68,26,0,15,ordinary,25,full_coverage_and_all_discovered_cleared,339,7363.320329,0.039431125042028725
22,8,True,0,22,5,5,4,edge__smooth__68,edge__smooth,10,15,15,375,0.038879999999998915,15,,,0,0,,,,0,40,358,task_two_opt25,[],22868.255383699827,0,0.0,451.04340513333335,"[2, 4, 5, 6, 8, 9, 11, 12, 13, 14, 15, 16, 17, 19, 20]",4,,68,12,3,15,ordinary,25,full_coverage_and_all_discovered_cleared,327,6765.651077,0.03889249998610467
30,14,True,0,30,8,9,7,edge__smooth__68,edge__smooth,7,16,15,372,0.03614799999999718,15,,,0,0,,,,0,40,354,task_no_share25,[],23948.488830758077,0,0.0,463.4465178,"[2, 4, 5, 6, 8, 9, 11, 12, 13, 14, 15, 16, 17, 19, 20]",4,,68,0,3,15,ordinary,25,full_coverage_and_all_discovered_cleared,314,6951.697767,0.03620541701093316
25,12,True,0,25,4,8,6,edge__smooth__68,edge__smooth,11,19,15,382,0.03917099999999607,15,,,0,0,,,,0,40,361,task_trial80_25,[],22920.960847039118,0,0.0,453.5461446,"[2, 4, 5, 6, 8, 9, 11, 12, 13, 14, 15, 16, 17, 19, 20]",4,,68,12,3,15,ordinary,25,full_coverage_and_all_discovered_cleared,327,6803.192169,0.039181958010885864
22,8,True,0,22,5,5,4,edge__smooth__68,edge__smooth,10,15,15,375,0.03928099999999546,15,,,0,0,,,,0,40,358,task_share3_25,[],22868.255383699827,0,0.0,451.04340513333335,"[2, 4, 5, 6, 8, 9, 11, 12, 13, 14, 15, 16, 17, 19, 20]",4,,68,12,3,15,ordinary,25,full_coverage_and_all_discovered_cleared,327,6765.651077,0.03930349997244775
0,0,True,,,,,,edge__smooth__69,edge__smooth,15,15,15,352,0.03296600000000183,15,,,,,,,,0,,335,baseline_polar25_conservative,[],27101.160648989604,0,0.0,498.6821417333333,"[2, 3, 4, 5, 6, 7, 8, 9, 10, 11, 12, 13, 14, 16, 18]",4,,69,,,15,ordinary,25,full_coverage_and_all_discovered_cleared,310,7480.232126,0.03300162497907877
57,18,True,0,57,8,9,9,edge__smooth__69,edge__smooth,7,16,15,277,0.032374999999994714,15,,,,,,,,0,,259,baseline_bracket25,[],32353.57509637482,0,0.0,536.3143346,"[2, 3, 4, 5, 6, 7, 8, 9, 10, 11, 12, 13, 14, 16, 18]",4,,69,,,15,ordinary,25,full_coverage_and_all_discovered_cleared,201,8044.715019,0.032435165951028466
31,11,True,0,31,3,5,5,edge__smooth__69,edge__smooth,12,17,15,341,0.03634399999999971,15,,,0,0,,,,0,0,322,task_nearest25,[],25818.962730961815,0,0.0,475.9861696666667,"[2, 3, 4, 5, 6, 7, 8, 9, 10, 11, 12, 13, 14, 16, 18]",4,,69,17,8,15,ordinary,25,full_coverage_and_all_discovered_cleared,285,7139.792545,0.03636199998436496
17,1,True,0,17,2,6,0,edge__smooth__69,edge__smooth,13,19,15,362,0.04212700000000069,15,,,0,0,,,,0,40,341,task_two_opt25,[],22675.400453468654,0,0.0,442.8053394,"[2, 3, 4, 5, 6, 7, 8, 9, 10, 11, 12, 13, 14, 16, 18]",4,,69,16,8,15,ordinary,25,full_coverage_and_all_discovered_cleared,315,6642.080091,0.04216995800379664
18,5,True,0,18,6,7,2,edge__smooth__69,edge__smooth,9,16,15,327,0.0381360000000015,15,,,0,0,,,,0,40,309,task_no_share25,[],21792.049925685435,0,0.0,417.42733246666666,"[2, 3, 4, 5, 6, 7, 8, 9, 10, 11, 12, 13, 14, 16, 18]",4,,69,0,43,15,ordinary,25,full_coverage_and_all_discovered_cleared,280,6261.409987,0.03815816598944366
17,1,True,0,17,2,8,0,edge__smooth__69,edge__smooth,13,21,15,364,0.042527999999997235,15,,,0,0,,,,0,40,341,task_trial80_25,[],22687.26806702815,0,0.0,443.23024100000004,"[2, 3, 4, 5, 6, 7, 8, 9, 10, 11, 12, 13, 14, 16, 18]",4,,69,16,8,15,ordinary,25,full_coverage_and_all_discovered_cleared,313,6648.453615,0.04257112496998161
17,1,True,0,17,3,7,0,edge__smooth__69,edge__smooth,12,19,15,362,0.04243199999999803,15,,,0,0,,,,0,40,341,task_share3_25,[],22679.152670578027,0,0.0,442.855369,"[2, 3, 4, 5, 6, 7, 8, 9, 10, 11, 12, 13, 14, 16, 18]",4,,69,16,8,15,ordinary,25,full_coverage_and_all_discovered_cleared,315,6642.830535,0.0425237919553183
0,0,True,,,,,,edge__smooth__70,edge__smooth,10,10,10,412,0.028270999999996604,10,,,,,,,,0,,400,baseline_polar25_conservative,[],20396.171811972104,0,0.0,650.5234363,"[2, 3, 5, 10, 11, 13, 15, 16, 19, 20]",4,,70,,,10,ordinary,25,full_coverage_and_all_discovered_cleared,376,6505.234363,0.028296625008806586
34,6,True,0,34,9,9,3,edge__smooth__70,edge__smooth,1,10,10,352,0.02661499999999961,10,,,,,,,,0,,340,baseline_bracket25,[],27093.58503695857,0,0.0,746.5717004,"[2, 3, 5, 10, 11, 13, 15, 16, 19, 20]",4,,70,,,10,ordinary,25,full_coverage_and_all_discovered_cleared,297,7465.717004,0.02663720800774172
7,2,True,0,7,5,5,1,edge__smooth__70,edge__smooth,5,10,10,358,0.02650899999999723,10,,,0,0,,,,0,0,346,task_nearest25,[],19172.516336395733,0,0.0,593.5503267,"[2, 3, 5, 10, 11, 13, 15, 16, 19, 20]",4,,70,14,0,10,ordinary,25,full_coverage_and_all_discovered_cleared,321,5935.503267,0.02651958301430568
5,0,True,0,5,3,3,0,edge__smooth__70,edge__smooth,7,10,10,427,0.03141099999999852,10,,,0,0,,,,0,35,415,task_two_opt25,[],19976.23959589455,0,0.0,650.6247919,"[2, 3, 5, 10, 11, 13, 15, 16, 19, 20]",4,,70,6,0,10,ordinary,25,full_coverage_and_all_discovered_cleared,386,6506.247919,0.031451291986741126
4,0,True,0,4,3,3,0,edge__smooth__70,edge__smooth,7,10,10,421,0.030243999999996163,10,,,0,0,,,,0,35,409,task_no_share25,[],20171.405135449975,0,0.0,651.2281027,"[2, 3, 5, 10, 11, 13, 15, 16, 19, 20]",4,,70,0,0,10,ordinary,25,full_coverage_and_all_discovered_cleared,383,6512.281027,0.030300958023872226
4,0,True,0,4,3,3,0,edge__smooth__70,edge__smooth,7,10,10,426,0.03129700000000213,10,,,0,0,,,,0,35,414,task_trial80_25,[],19973.820420316104,0,0.0,650.0764084,"[2, 3, 5, 10, 11, 13, 15, 16, 19, 20]",4,,70,6,0,10,ordinary,25,full_coverage_and_all_discovered_cleared,386,6500.764084,0.03131187503458932
5,0,True,0,5,3,3,0,edge__smooth__70,edge__smooth,7,10,10,426,0.031691000000002134,10,,,0,0,,,,0,35,414,task_share3_25,[],19976.23959589455,0,0.0,650.0247919000001,"[2, 3, 5, 10, 11, 13, 15, 16, 19, 20]",4,,70,5,0,10,ordinary,25,full_coverage_and_all_discovered_cleared,385,6500.247919,0.03171162499347702
0,0,True,,,,,,edge__smooth__71,edge__smooth,9,28,12,420,0.029849999999996157,12,,,,,,,,0,,390,baseline_polar25_conservative,[],31365.553200417966,16,17.277025897976213,724.7592199166667,"[1, 2, 4, 5, 7, 9, 10, 13, 17, 18, 19, 20]",4,,71,,,12,ordinary,25,full_coverage_and_all_discovered_cleared,366,8697.110639,0.02986374997999519
48,12,True,0,48,7,9,6,edge__smooth__71,edge__smooth,5,14,12,349,0.031086000000001945,12,,,,,,,,0,,333,baseline_bracket25,[],29806.00260137868,0,0.0,664.26671,"[1, 2, 4, 5, 7, 9, 10, 13, 17, 18, 19, 20]",4,,71,,,12,ordinary,25,full_coverage_and_all_discovered_cleared,279,7971.20052,0.031135666999034584
22,9,True,0,22,6,8,4,edge__smooth__71,edge__smooth,6,14,12,370,0.03403899999999993,12,,,0,0,,,,0,0,354,task_nearest25,[],23193.03465479691,0,0.0,566.7172444166666,"[1, 2, 4, 5, 7, 9, 10, 13, 17, 18, 19, 20]",4,,71,11,0,12,ordinary,25,full_coverage_and_all_discovered_cleared,326,6800.606933,0.03406958299456164
21,8,True,0,21,4,5,3,edge__smooth__71,edge__smooth,8,13,12,397,0.04616200000000248,12,,,0,0,,,,0,37,382,task_two_opt25,[],22249.110302209745,0,0.0,564.7351718333333,"[1, 2, 4, 5, 7, 9, 10, 13, 17, 18, 19, 20]",4,,71,31,5,12,ordinary,25,full_coverage_and_all_discovered_cleared,354,6776.822062,0.046260375005658716
20,7,True,0,20,7,8,3,edge__smooth__71,edge__smooth,5,13,12,369,0.03642599999999874,12,,,0,0,,,,0,37,354,task_no_share25,[],21494.022237109217,0,0.0,537.9837039166667,"[1, 2, 4, 5, 7, 9, 10, 13, 17, 18, 19, 20]",4,,71,0,1,12,ordinary,25,full_coverage_and_all_discovered_cleared,324,6455.804447,0.03644283302128315
16,4,True,0,16,4,7,2,edge__smooth__71,edge__smooth,8,15,12,392,0.04448799999999409,12,,,0,0,,,,0,37,375,task_trial80_25,[],22146.276223546185,0,0.0,560.1879371666666,"[1, 2, 4, 5, 7, 9, 10, 13, 17, 18, 19, 20]",4,,71,29,5,12,ordinary,25,full_coverage_and_all_discovered_cleared,349,6722.255246,0.04458091699052602
21,8,True,0,21,4,5,3,edge__smooth__71,edge__smooth,8,13,12,396,0.04643599999999992,12,,,0,0,,,,0,37,381,task_share3_25,[],22249.110302209745,0,0.0,564.3185051666667,"[1, 2, 4, 5, 7, 9, 10, 13, 17, 18, 19, 20]",4,,71,30,5,12,ordinary,25,full_coverage_and_all_discovered_cleared,354,6771.822062,0.04650683398358524
0,0,True,,,,,,edge__adversarial-positive__67,edge__adversarial-positive,9,10,10,406,0.027588999999998975,10,,,,,,,,0,,394,baseline_polar25_conservative,[],23840.092581475463,0,0.0,715.8018517,"[4, 5, 7, 8, 9, 10, 14, 15, 18, 19]",4,,67,,,10,ordinary,25,full_coverage_and_all_discovered_cleared,370,7158.018517,0.02762979199178517
41,12,True,0,41,4,5,6,edge__adversarial-positive__67,edge__adversarial-positive,6,11,10,337,0.027032999999995866,10,,,,,,,,0,,324,baseline_bracket25,[],31370.840147877894,0,0.0,822.1168028,"[4, 5, 7, 8, 9, 10, 14, 15, 18, 19]",4,,67,,,10,ordinary,25,full_coverage_and_all_discovered_cleared,274,8221.168028,0.027047583018429577
20,4,True,0,20,3,3,2,edge__adversarial-positive__67,edge__adversarial-positive,7,10,10,407,0.033527999999996894,10,,,0,0,,,,0,0,395,task_nearest25,[],23197.356948789235,0,0.0,702.6471392000001,"[4, 5, 7, 8, 9, 10, 14, 15, 18, 19]",4,,67,20,4,10,ordinary,25,full_coverage_and_all_discovered_cleared,362,7026.471392,0.033598124980926514
22,4,True,0,22,3,5,2,edge__adversarial-positive__67,edge__adversarial-positive,7,12,10,418,0.03376500000000249,10,,,0,0,,,,0,35,404,task_two_opt25,[],22454.850127127153,0,0.0,693.6970028,"[4, 5, 7, 8, 9, 10, 14, 15, 18, 19]",4,,67,20,4,10,ordinary,25,full_coverage_and_all_discovered_cleared,370,6936.970028,0.033789666020311415
22,4,True,0,22,3,5,2,edge__adversarial-positive__67,edge__adversarial-positive,7,12,10,398,0.031328999999999496,10,,,0,0,,,,0,35,384,task_no_share25,[],22454.870068143264,0,0.0,681.6974016,"[4, 5, 7, 8, 9, 10, 14, 15, 18, 19]",4,,67,0,4,10,ordinary,25,full_coverage_and_all_discovered_cleared,350,6816.974016,0.03139312501298264
19,4,True,0,19,5,7,2,edge__adversarial-positive__67,edge__adversarial-positive,5,12,10,413,0.03213199999999716,10,,,0,0,,,,0,35,399,task_trial80_25,[],22432.855757510126,0,0.0,690.4571152000001,"[4, 5, 7, 8, 9, 10, 14, 15, 18, 19]",4,,67,18,4,10,ordinary,25,full_coverage_and_all_discovered_cleared,367,6904.571152,0.03214733302593231
22,4,True,0,22,3,5,2,edge__adversarial-positive__67,edge__adversarial-positive,7,12,10,418,0.03334199999999754,10,,,0,0,,,,0,35,404,task_share3_25,[],22454.850127127153,0,0.0,693.6970028,"[4, 5, 7, 8, 9, 10, 14, 15, 18, 19]",4,,67,20,4,10,ordinary,25,full_coverage_and_all_discovered_cleared,370,6936.970028,0.03339312499156222
0,0,True,,,,,,edge__adversarial-positive__68,edge__adversarial-positive,13,16,15,388,0.03376599999999996,15,,,,,,,,0,,370,baseline_polar25_conservative,[],27660.37613688255,1,13.574580795304238,520.3383483333333,"[2, 4, 5, 6, 8, 9, 11, 12, 13, 14, 15, 16, 17, 19, 20]",4,,68,,,15,ordinary,25,full_coverage_and_all_discovered_cleared,345,7805.075225,0.03379087499342859
53,15,True,0,53,9,10,7,edge__adversarial-positive__68,edge__adversarial-positive,6,16,15,304,0.03374000000000166,15,,,,,,,,0,,286,baseline_bracket25,[],32419.58826238894,0,0.0,548.1945101333333,"[2, 4, 5, 6, 8, 9, 11, 12, 13, 14, 15, 16, 17, 19, 20]",4,,68,,,15,ordinary,25,full_coverage_and_all_discovered_cleared,231,8222.917652,0.03376445802859962
30,12,True,0,30,9,10,6,edge__adversarial-positive__68,edge__adversarial-positive,6,16,15,395,0.03900300000000101,15,,,0,0,,,,0,0,377,task_nearest25,[],25977.91366970171,0,0.0,500.30551586666667,"[2, 4, 5, 6, 8, 9, 11, 12, 13, 14, 15, 16, 17, 19, 20]",4,,68,31,0,15,ordinary,25,full_coverage_and_all_discovered_cleared,346,7504.582738,0.039050000021234155
27,16,True,0,27,4,5,8,edge__adversarial-positive__68,edge__adversarial-positive,11,16,15,383,0.03921600000000325,15,,,0,0,,,,0,40,365,task_two_opt25,[],23870.8303157373,0,0.0,467.0777374,"[2, 4, 5, 6, 8, 9, 11, 12, 13, 14, 15, 16, 17, 19, 20]",4,,68,14,3,15,ordinary,25,full_coverage_and_all_discovered_cleared,329,7006.166061,0.03925670898752287
36,18,True,0,36,3,5,9,edge__adversarial-positive__68,edge__adversarial-positive,12,17,15,380,0.0379959999999997,15,,,0,0,,,,0,40,361,task_no_share25,[],24771.61163555337,0,0.0,477.0881549333333,"[2, 4, 5, 6, 8, 9, 11, 12, 13, 14, 15, 16, 17, 19, 20]",4,,68,0,2,15,ordinary,25,full_coverage_and_all_discovered_cleared,316,7156.322324,0.038003249967005104
30,18,True,0,30,2,6,9,edge__adversarial-positive__68,edge__adversarial-positive,13,19,15,389,0.040047000000001276,15,,,0,0,,,,0,40,368,task_trial80_25,[],23900.863951030122,0,0.0,469.01151926666665,"[2, 4, 5, 6, 8, 9, 11, 12, 13, 14, 15, 16, 17, 19, 20]",4,,68,14,3,15,ordinary,25,full_coverage_and_all_discovered_cleared,328,7035.172789,0.040108458022587
27,16,True,0,27,4,5,8,edge__adversarial-positive__68,edge__adversarial-positive,11,16,15,383,0.039437000000006606,15,,,0,0,,,,0,40,365,task_share3_25,[],23870.8303157373,0,0.0,467.0777374,"[2, 4, 5, 6, 8, 9, 11, 12, 13, 14, 15, 16, 17, 19, 20]",4,,68,14,3,15,ordinary,25,full_coverage_and_all_discovered_cleared,329,7006.166061,0.039448875002563
0,0,True,,,,,,edge__adversarial-positive__69,edge__adversarial-positive,15,15,15,340,0.03335799999999978,15,,,,,,,,0,,323,baseline_polar25_conservative,[],29936.180766663038,0,0.0,531.6824101999999,"[2, 3, 4, 5, 6, 7, 8, 9, 10, 11, 12, 13, 14, 16, 18]",4,,69,,,15,ordinary,25,full_coverage_and_all_discovered_cleared,298,7975.236153,0.03339850000338629
64,23,True,0,64,5,9,11,edge__adversarial-positive__69,edge__adversarial-positive,10,19,15,287,0.03549999999999898,15,,,,,,,,0,,266,baseline_bracket25,[],32092.38045728055,0,0.0,535.7650725999999,"[2, 3, 4, 5, 6, 7, 8, 9, 10, 11, 12, 13, 14, 16, 18]",4,,69,,,15,ordinary,25,full_coverage_and_all_discovered_cleared,201,8036.476089,0.03552029200363904
30,7,True,0,30,2,6,3,edge__adversarial-positive__69,edge__adversarial-positive,13,19,15,352,0.03939199999999943,15,,,0,0,,,,0,0,331,task_nearest25,[],25764.49093437458,0,0.0,479.19321246666664,"[2, 3, 4, 5, 6, 7, 8, 9, 10, 11, 12, 13, 14, 16, 18]",4,,69,12,0,15,ordinary,25,full_coverage_and_all_discovered_cleared,293,7187.898187,0.03953329095384106
28,15,True,0,28,3,6,7,edge__adversarial-positive__69,edge__adversarial-positive,12,18,15,384,0.04897499999999866,15,,,0,0,,,,0,40,364,task_two_opt25,[],23273.38568114498,0,0.0,459.44514226666666,"[2, 3, 4, 5, 6, 7, 8, 9, 10, 11, 12, 13, 14, 16, 18]",4,,69,24,18,15,ordinary,25,full_coverage_and_all_discovered_cleared,333,6891.677134,0.0490559579920955
22,11,True,0,22,6,6,5,edge__adversarial-positive__69,edge__adversarial-positive,9,15,15,331,0.03848899999999844,15,,,0,0,,,,0,40,314,task_no_share25,[],22238.211613862928,0,0.0,424.9094880666667,"[2, 3, 4, 5, 6, 7, 8, 9, 10, 11, 12, 13, 14, 16, 18]",4,,69,0,42,15,ordinary,25,full_coverage_and_all_discovered_cleared,281,6373.642321,0.038561000023037195
26,13,True,0,26,2,8,6,edge__adversarial-positive__69,edge__adversarial-positive,13,21,15,384,0.04736499999999921,15,,,0,0,,,,0,40,361,task_trial80_25,[],23232.28969600616,0,0.0,458.49719586666663,"[2, 3, 4, 5, 6, 7, 8, 9, 10, 11, 12, 13, 14, 16, 18]",4,,69,23,18,15,ordinary,25,full_coverage_and_all_discovered_cleared,333,6877.457938,0.047474415972828865
19,11,True,0,19,5,5,5,edge__adversarial-positive__69,edge__adversarial-positive,10,15,15,349,0.04458699999999993,15,,,0,0,,,,0,40,332,task_share3_25,[],21887.74010966736,0,0.0,427.6365348666667,"[2, 3, 4, 5, 6, 7, 8, 9, 10, 11, 12, 13, 14, 16, 18]",4,,69,23,44,15,ordinary,25,full_coverage_and_all_discovered_cleared,302,6414.548023,0.04464725003344938
0,0,True,,,,,,edge__adversarial-positive__70,edge__adversarial-positive,10,10,10,412,0.02913400000000621,10,,,,,,,,0,,400,baseline_polar25_conservative,[],20319.43210482455,0,0.0,648.9886423,"[2, 3, 5, 10, 11, 13, 15, 16, 19, 20]",4,,70,,,10,ordinary,25,full_coverage_and_all_discovered_cleared,376,6489.886423,0.029191624955274165
38,4,True,0,38,4,7,2,edge__adversarial-positive__70,edge__adversarial-positive,6,13,10,359,0.030174000000002366,10,,,,,,,,0,,344,baseline_bracket25,[],27082.441778635395,0,0.0,749.2488355,"[2, 3, 5, 10, 11, 13, 15, 16, 19, 20]",4,,70,,,10,ordinary,25,full_coverage_and_all_discovered_cleared,297,7492.488355,0.030223292007576674
6,0,True,0,6,4,5,0,edge__adversarial-positive__70,edge__adversarial-positive,6,11,10,355,0.026501999999993586,10,,,0,0,,,,0,0,342,task_nearest25,[],18966.902876144035,0,0.0,587.7380575,"[2, 3, 5, 10, 11, 13, 15, 16, 19, 20]",4,,70,12,0,10,ordinary,25,full_coverage_and_all_discovered_cleared,321,5877.380575,0.026658041984774172
6,0,True,0,6,3,4,0,edge__adversarial-positive__70,edge__adversarial-positive,7,11,10,429,0.03195000000000192,10,,,0,0,,,,0,35,416,task_two_opt25,[],19987.755289431057,0,0.0,651.8551059,"[2, 3, 5, 10, 11, 13, 15, 16, 19, 20]",4,,70,6,0,10,ordinary,25,full_coverage_and_all_discovered_cleared,388,6518.551059,0.03200170898344368
5,0,True,0,5,3,4,0,edge__adversarial-positive__70,edge__adversarial-positive,7,11,10,423,0.03043800000000374,10,,,0,0,,,,0,35,410,task_no_share25,[],20168.56445204997,0,0.0,652.1712891999999,"[2, 3, 5, 10, 11, 13, 15, 16, 19, 20]",4,,70,0,0,10,ordinary,25,full_coverage_and_all_discovered_cleared,385,6521.712892,0.0304865840007551
6,0,True,0,6,2,4,0,edge__adversarial-positive__70,edge__adversarial-positive,8,12,10,430,0.03191300000000297,10,,,0,0,,,,0,35,416,task_trial80_25,[],19987.524004057726,0,0.0,652.1504802000001,"[2, 3, 5, 10, 11, 13, 15, 16, 19, 20]",4,,70,6,0,10,ordinary,25,full_coverage_and_all_discovered_cleared,388,6521.504802,0.03195595898432657
6,0,True,0,6,3,4,0,edge__adversarial-positive__70,edge__adversarial-positive,7,11,10,428,0.031918999999994924,10,,,0,0,,,,0,35,415,task_share3_25,[],19987.755289431057,0,0.0,651.2551059,"[2, 3, 5, 10, 11, 13, 15, 16, 19, 20]",4,,70,5,0,10,ordinary,25,full_coverage_and_all_discovered_cleared,387,6512.551059,0.03193633398041129
0,0,True,,,,,,edge__adversarial-positive__71,edge__adversarial-positive,9,26,12,420,0.030262000000000455,12,,,,,,,,0,,392,baseline_polar25_conservative,[],30291.538575508253,14,17.378196278069197,707.3589762500001,"[1, 2, 4, 5, 7, 9, 10, 13, 17, 18, 19, 20]",4,,71,,,12,ordinary,25,full_coverage_and_all_discovered_cleared,368,8488.307715,0.030273167008999735
45,10,True,0,45,6,7,5,edge__adversarial-positive__71,edge__adversarial-positive,6,13,12,345,0.03071700000000277,12,,,,,,,,0,,330,baseline_bracket25,[],29446.10459557013,0,0.0,656.7684104166666,"[1, 2, 4, 5, 7, 9, 10, 13, 17, 18, 19, 20]",4,,71,,,12,ordinary,25,full_coverage_and_all_discovered_cleared,279,7881.220925,0.03072829096345231
16,6,True,0,16,5,7,3,edge__adversarial-positive__71,edge__adversarial-positive,7,14,12,362,0.030610000000002913,12,,,0,0,,,,0,0,346,task_nearest25,[],22804.753138365508,0,0.0,556.329219,"[1, 2, 4, 5, 7, 9, 10, 13, 17, 18, 19, 20]",4,,71,9,0,12,ordinary,25,full_coverage_and_all_discovered_cleared,319,6675.950628,0.030629708024207503
19,7,True,0,19,2,3,2,edge__adversarial-positive__71,edge__adversarial-positive,10,13,12,400,0.04468499999999409,12,,,0,0,,,,0,37,385,task_two_opt25,[],21744.145969659836,0,0.0,557.8190996666666,"[1, 2, 4, 5, 7, 9, 10, 13, 17, 18, 19, 20]",4,,71,22,1,12,ordinary,25,full_coverage_and_all_discovered_cleared,357,6693.829196,0.04469308297848329
20,7,True,0,20,3,6,3,edge__adversarial-positive__71,edge__adversarial-positive,9,15,12,372,0.036701999999998236,12,,,0,0,,,,0,37,355,task_no_share25,[],21148.478483577124,0,0.0,533.05797475,"[1, 2, 4, 5, 7, 9, 10, 13, 17, 18, 19, 20]",4,,71,0,0,12,ordinary,25,full_coverage_and_all_discovered_cleared,323,6396.695697,0.03673841600539163
14,4,True,0,14,4,7,2,edge__adversarial-positive__71,edge__adversarial-positive,8,15,12,398,0.045116000000000156,12,,,0,0,,,,0,37,381,task_trial80_25,[],21675.552423026966,0,0.0,555.42587375,"[1, 2, 4, 5, 7, 9, 10, 13, 17, 18, 19, 20]",4,,71,23,1,12,ordinary,25,full_coverage_and_all_discovered_cleared,356,6665.110485,0.045163917005993426
19,7,True,0,19,2,3,2,edge__adversarial-positive__71,edge__adversarial-positive,10,13,12,400,0.04536299999999471,12,,,0,0,,,,0,37,385,task_share3_25,[],21744.145969659836,0,0.0,557.8190996666666,"[1, 2, 4, 5, 7, 9, 10, 13, 17, 18, 19, 20]",4,,71,22,1,12,ordinary,25,full_coverage_and_all_discovered_cleared,357,6693.829196,0.04540895897662267
0,0,True,,,,,,edge__adversarial-negative__67,edge__adversarial-negative,9,10,10,406,0.027896999999995842,10,,,,,,,,0,,394,baseline_polar25_conservative,[],23887.87893971608,0,0.0,716.7575787,"[4, 5, 7, 8, 9, 10, 14, 15, 18, 19]",4,,67,,,10,ordinary,25,full_coverage_and_all_discovered_cleared,370,7167.575787,0.02791629103012383
40,13,True,0,40,5,5,5,edge__adversarial-negative__67,edge__adversarial-negative,5,10,10,335,0.02554600000000562,10,,,,,,,,0,,323,baseline_bracket25,[],29325.204584023562,0,0.0,780.4040917,"[4, 5, 7, 8, 9, 10, 14, 15, 18, 19]",4,,67,,,10,ordinary,25,full_coverage_and_all_discovered_cleared,274,7804.040917,0.025566707947291434
27,6,True,0,27,2,3,3,edge__adversarial-negative__67,edge__adversarial-negative,8,11,10,374,0.027697000000003413,10,,,0,0,,,,0,0,361,task_nearest25,[],29274.319899631762,0,0.0,803.9863978999999,"[4, 5, 7, 8, 9, 10, 14, 15, 18, 19]",4,,67,6,34,10,ordinary,25,full_coverage_and_all_discovered_cleared,327,8039.863979,0.02772454102523625
18,8,True,0,18,2,3,4,edge__adversarial-negative__67,edge__adversarial-negative,8,11,10,406,0.031103000000001657,10,,,0,0,,,,0,35,393,task_two_opt25,[],22602.433489571646,0,0.0,689.6486697,"[4, 5, 7, 8, 9, 10, 14, 15, 18, 19]",4,,67,11,7,10,ordinary,25,full_coverage_and_all_discovered_cleared,358,6896.486697,0.031159042031504214
18,8,True,0,18,2,3,4,edge__adversarial-negative__67,edge__adversarial-negative,8,11,10,395,0.029075999999996327,10,,,0,0,,,,0,35,382,task_no_share25,[],22602.47623199099,0,0.0,682.9495245,"[4, 5, 7, 8, 9, 10, 14, 15, 18, 19]",4,,67,0,7,10,ordinary,25,full_coverage_and_all_discovered_cleared,346,6829.495245,0.029115082987118512
18,8,True,0,18,3,5,4,edge__adversarial-negative__67,edge__adversarial-negative,7,12,10,408,0.031490999999995495,10,,,0,0,,,,0,35,394,task_trial80_25,[],22601.89568116814,0,0.0,690.6379135999999,"[4, 5, 7, 8, 9, 10, 14, 15, 18, 19]",4,,67,12,7,10,ordinary,25,full_coverage_and_all_discovered_cleared,360,6906.379136,0.031537999981082976
18,8,True,0,18,2,3,4,edge__adversarial-negative__67,edge__adversarial-negative,8,11,10,406,0.03159700000000498,10,,,0,0,,,,0,35,393,task_share3_25,[],22602.433489571646,0,0.0,689.6486697,"[4, 5, 7, 8, 9, 10, 14, 15, 18, 19]",4,,67,11,7,10,ordinary,25,full_coverage_and_all_discovered_cleared,358,6896.486697,0.03164858400123194
0,0,True,,,,,,edge__adversarial-negative__68,edge__adversarial-negative,13,15,15,387,0.034472000000000946,15,,,,,,,,0,,370,baseline_polar25_conservative,[],27959.16599526875,0,0.0,524.1222131333333,"[2, 4, 5, 6, 8, 9, 11, 12, 13, 14, 15, 16, 17, 19, 20]",4,,68,,,15,ordinary,25,full_coverage_and_all_discovered_cleared,345,7861.833197,0.03455987497000024
66,22,True,0,66,5,5,11,edge__adversarial-negative__68,edge__adversarial-negative,10,15,15,316,0.03685900000000686,15,,,,,,,,0,,299,baseline_bracket25,[],34457.83168050579,0,0.0,579.5044224,"[2, 4, 5, 6, 8, 9, 11, 12, 13, 14, 15, 16, 17, 19, 20]",4,,68,,,15,ordinary,25,full_coverage_and_all_discovered_cleared,231,8692.566336,0.036872582975775
23,4,True,0,23,7,8,2,edge__adversarial-negative__68,edge__adversarial-negative,8,16,15,378,0.03592599999999635,15,,,0,0,,,,0,0,360,task_nearest25,[],25559.04629297726,0,0.0,488.1206172,"[2, 4, 5, 6, 8, 9, 11, 12, 13, 14, 15, 16, 17, 19, 20]",4,,68,23,0,15,ordinary,25,full_coverage_and_all_discovered_cleared,332,7321.809258,0.035947458003647625
25,10,True,0,25,4,6,5,edge__adversarial-negative__68,edge__adversarial-negative,11,17,15,382,0.04114600000000479,15,,,0,0,,,,0,40,363,task_two_opt25,[],23201.022794788598,0,0.0,457.6136372666667,"[2, 4, 5, 6, 8, 9, 11, 12, 13, 14, 15, 16, 17, 19, 20]",4,,68,12,2,15,ordinary,25,full_coverage_and_all_discovered_cleared,328,6864.204559,0.04116933303885162
35,16,True,0,35,6,8,8,edge__adversarial-negative__68,edge__adversarial-negative,9,17,15,380,0.038527000000001976,15,,,0,0,,,,0,40,361,task_no_share25,[],24257.97686935208,0,0.0,470.173025,"[2, 4, 5, 6, 8, 9, 11, 12, 13, 14, 15, 16, 17, 19, 20]",4,,68,0,2,15,ordinary,25,full_coverage_and_all_discovered_cleared,315,7052.595375,0.03857104200869799
22,8,True,0,22,5,7,4,edge__adversarial-negative__68,edge__adversarial-negative,10,17,15,379,0.04112899999999797,15,,,0,0,,,,0,40,360,task_trial80_25,[],23174.944512139395,0,0.0,456.2659268,"[2, 4, 5, 6, 8, 9, 11, 12, 13, 14, 15, 16, 17, 19, 20]",4,,68,12,2,15,ordinary,25,full_coverage_and_all_discovered_cleared,328,6843.988902,0.04119333304697648
25,10,True,0,25,4,6,5,edge__adversarial-negative__68,edge__adversarial-negative,11,17,15,382,0.04219200000000001,15,,,0,0,,,,0,40,363,task_share3_25,[],23201.022794788598,0,0.0,457.6136372666667,"[2, 4, 5, 6, 8, 9, 11, 12, 13, 14, 15, 16, 17, 19, 20]",4,,68,12,2,15,ordinary,25,full_coverage_and_all_discovered_cleared,328,6864.204559,0.042365915956906974
0,0,True,,,,,,edge__adversarial-negative__69,edge__adversarial-negative,15,15,15,339,0.03427899999999795,15,,,,,,,,0,,322,baseline_polar25_conservative,[],28575.42932149519,0,0.0,513.1390577999999,"[2, 3, 4, 5, 6, 7, 8, 9, 10, 11, 12, 13, 14, 16, 18]",4,,69,,,15,ordinary,25,full_coverage_and_all_discovered_cleared,297,7697.085867,0.034383124962914735
63,21,True,0,63,5,9,10,edge__adversarial-negative__69,edge__adversarial-negative,10,19,15,286,0.03467600000000459,15,,,,,,,,0,,265,baseline_bracket25,[],32585.006345934096,0,0.0,542.0000846,"[2, 3, 4, 5, 6, 7, 8, 9, 10, 11, 12, 13, 14, 16, 18]",4,,69,,,15,ordinary,25,full_coverage_and_all_discovered_cleared,201,8130.001269,0.034733125008642673
22,3,True,0,22,5,8,1,edge__adversarial-negative__69,edge__adversarial-negative,10,18,15,341,0.03592000000000439,15,,,0,0,,,,0,0,321,task_nearest25,[],24619.200140960296,0,0.0,460.1893348666666,"[2, 3, 4, 5, 6, 7, 8, 9, 10, 11, 12, 13, 14, 16, 18]",4,,69,10,0,15,ordinary,25,full_coverage_and_all_discovered_cleared,290,6902.840023,0.03596516698598862
19,5,True,0,19,2,4,2,edge__adversarial-negative__69,edge__adversarial-negative,13,17,15,349,0.046493999999995594,15,,,0,0,,,,0,40,330,task_two_opt25,[],23406.615684017554,0,0.0,447.5548755333333,"[2, 3, 4, 5, 6, 7, 8, 9, 10, 11, 12, 13, 14, 16, 18]",4,,69,16,5,15,ordinary,25,full_coverage_and_all_discovered_cleared,301,6713.323133,0.046555333014111966
19,5,True,0,19,2,4,2,edge__adversarial-negative__69,edge__adversarial-negative,13,17,15,333,0.038740999999994585,15,,,0,0,,,,0,40,314,task_no_share25,[],23407.223977540543,0,0.0,441.02965286666665,"[2, 3, 4, 5, 6, 7, 8, 9, 10, 11, 12, 13, 14, 16, 18]",4,,69,0,5,15,ordinary,25,full_coverage_and_all_discovered_cleared,283,6615.444793,0.03877033299067989
17,3,True,0,17,2,6,1,edge__adversarial-negative__69,edge__adversarial-negative,13,19,15,347,0.044177999999995166,15,,,0,0,,,,0,40,326,task_trial80_25,[],23405.858096567135,0,0.0,446.34477453333335,"[2, 3, 4, 5, 6, 7, 8, 9, 10, 11, 12, 13, 14, 16, 18]",4,,69,14,5,15,ordinary,25,full_coverage_and_all_discovered_cleared,297,6695.171618,0.04420208401279524
19,5,True,0,19,2,4,2,edge__adversarial-negative__69,edge__adversarial-negative,13,17,15,349,0.045634999999997206,15,,,0,0,,,,0,40,330,task_share3_25,[],23406.615684017554,0,0.0,447.5548755333333,"[2, 3, 4, 5, 6, 7, 8, 9, 10, 11, 12, 13, 14, 16, 18]",4,,69,16,5,15,ordinary,25,full_coverage_and_all_discovered_cleared,301,6713.323133,0.04568912502145395
0,0,True,,,,,,edge__adversarial-negative__70,edge__adversarial-negative,10,10,10,412,0.029607000000005712,10,,,,,,,,0,,400,baseline_polar25_conservative,[],20515.552393339338,0,0.0,652.9110478,"[2, 3, 5, 10, 11, 13, 15, 16, 19, 20]",4,,70,,,10,ordinary,25,full_coverage_and_all_discovered_cleared,376,6529.110478,0.029614333994686604
46,15,True,0,46,8,8,7,edge__adversarial-negative__70,edge__adversarial-negative,2,10,10,364,0.029328999999997052,10,,,,,,,,0,,352,baseline_bracket25,[],27794.26864350526,0,0.0,766.585373,"[2, 3, 5, 10, 11, 13, 15, 16, 19, 20]",4,,70,,,10,ordinary,25,full_coverage_and_all_discovered_cleared,297,7665.85373,0.029433124989736825
11,6,True,0,11,2,5,3,edge__adversarial-negative__70,edge__adversarial-negative,8,13,10,366,0.027153000000005534,10,,,0,0,,,,0,0,351,task_nearest25,[],19381.40052432179,0,0.0,601.5280106,"[2, 3, 5, 10, 11, 13, 15, 16, 19, 20]",4,,70,14,0,10,ordinary,25,full_coverage_and_all_discovered_cleared,325,6015.280106,0.027167833992280066
10,3,True,0,10,2,3,1,edge__adversarial-negative__70,edge__adversarial-negative,8,11,10,433,0.032603000000001714,10,,,0,0,,,,0,35,420,task_two_opt25,[],20199.75420660905,0,0.0,658.0950842999999,"[2, 3, 5, 10, 11, 13, 15, 16, 19, 20]",4,,70,6,0,10,ordinary,25,full_coverage_and_all_discovered_cleared,388,6580.950843,0.03268170799128711
6,0,True,0,6,2,3,0,edge__adversarial-negative__70,edge__adversarial-negative,8,11,10,425,0.03090599999999455,10,,,0,0,,,,0,35,412,task_no_share25,[],20265.10755561423,0,0.0,655.2021512,"[2, 3, 5, 10, 11, 13, 15, 16, 19, 20]",4,,70,0,0,10,ordinary,25,full_coverage_and_all_discovered_cleared,386,6552.021512,0.030953291978221387
9,3,True,0,9,3,5,1,edge__adversarial-negative__70,edge__adversarial-negative,7,12,10,433,0.03217599999999976,10,,,0,0,,,,0,35,419,task_trial80_25,[],20168.915208516664,0,0.0,657.2783042,"[2, 3, 5, 10, 11, 13, 15, 16, 19, 20]",4,,70,6,0,10,ordinary,25,full_coverage_and_all_discovered_cleared,388,6572.783042,0.03223179100314155
10,3,True,0,10,2,3,1,edge__adversarial-negative__70,edge__adversarial-negative,8,11,10,432,0.032493000000002326,10,,,0,0,,,,0,35,419,task_share3_25,[],20199.75420660905,0,0.0,657.4950842999999,"[2, 3, 5, 10, 11, 13, 15, 16, 19, 20]",4,,70,5,0,10,ordinary,25,full_coverage_and_all_discovered_cleared,387,6574.950843,0.032553084020037204
0,0,True,,,,,,edge__adversarial-negative__71,edge__adversarial-negative,9,17,12,411,0.029771000000003767,12,,,,,,,,0,,392,baseline_polar25_conservative,[],29954.36213615123,5,17.250740278922834,699.48936925,"[1, 2, 4, 5, 7, 9, 10, 13, 17, 18, 19, 20]",4,,71,,,12,ordinary,25,full_coverage_and_all_discovered_cleared,368,8393.872431,0.029808832972776145
53,13,True,0,53,5,6,6,edge__adversarial-negative__71,edge__adversarial-negative,7,13,12,353,0.03296399999999977,12,,,,,,,,0,,338,baseline_bracket25,[],30594.723975944384,0,0.0,679.24539975,"[1, 2, 4, 5, 7, 9, 10, 13, 17, 18, 19, 20]",4,,71,,,12,ordinary,25,full_coverage_and_all_discovered_cleared,279,8150.944797,0.033035999978892505
18,7,True,0,18,3,6,3,edge__adversarial-negative__71,edge__adversarial-negative,9,15,12,369,0.030887999999997362,12,,,0,0,,,,0,0,352,task_nearest25,[],23556.11931911143,0,0.0,572.1853219999999,"[1, 2, 4, 5, 7, 9, 10, 13, 17, 18, 19, 20]",4,,71,14,0,12,ordinary,25,full_coverage_and_all_discovered_cleared,326,6866.223864,0.030971750034950674
20,6,True,0,20,7,7,3,edge__adversarial-negative__71,edge__adversarial-negative,5,12,12,405,0.04328200000000493,12,,,0,0,,,,0,37,391,task_two_opt25,[],23987.624962463804,0,0.0,597.9604161666667,"[1, 2, 4, 5, 7, 9, 10, 13, 17, 18, 19, 20]",4,,71,21,0,12,ordinary,25,full_coverage_and_all_discovered_cleared,363,7175.524994,0.04339437501039356
28,9,True,0,28,4,5,4,edge__adversarial-negative__71,edge__adversarial-negative,8,13,12,390,0.03819599999999923,12,,,0,0,,,,0,37,375,task_no_share25,[],25100.69175097123,0,0.0,607.9281959166666,"[1, 2, 4, 5, 7, 9, 10, 13, 17, 18, 19, 20]",4,,71,0,2,12,ordinary,25,full_coverage_and_all_discovered_cleared,337,7295.138351,0.03821908397367224
19,6,True,0,19,8,9,3,edge__adversarial-negative__71,edge__adversarial-negative,4,13,12,407,0.04390599999999978,12,,,0,0,,,,0,37,392,task_trial80_25,[],23982.055206088513,0,0.0,598.6175870833333,"[1, 2, 4, 5, 7, 9, 10, 13, 17, 18, 19, 20]",4,,71,23,0,12,ordinary,25,full_coverage_and_all_discovered_cleared,364,7183.411045,0.04394587501883507
20,6,True,0,20,7,7,3,edge__adversarial-negative__71,edge__adversarial-negative,5,12,12,405,0.04287400000000474,12,,,0,0,,,,0,37,391,task_share3_25,[],23987.624962463804,0,0.0,597.9604161666667,"[1, 2, 4, 5, 7, 9, 10, 13, 17, 18, 19, 20]",4,,71,21,0,12,ordinary,25,full_coverage_and_all_discovered_cleared,363,7175.524994,0.04292695899493992
0,0,True,,,,,,edge__adversarial-spatial__67,edge__adversarial-spatial,9,14,10,409,0.02630300000000574,10,,,,,,,,0,,393,baseline_polar25_conservative,[],24650.460246347928,4,10.818360540509204,732.7092048000001,"[4, 5, 7, 8, 9, 10, 14, 15, 18, 19]",4,,67,,,10,ordinary,25,full_coverage_and_all_discovered_cleared,370,7327.092048,0.02631508297054097
34,6,True,0,34,1,4,3,edge__adversarial-spatial__67,edge__adversarial-spatial,9,13,10,332,0.02479100000000045,10,,,,,,,,0,,317,baseline_bracket25,[],29461.17048194571,0,0.0,781.0234095,"[4, 5, 7, 8, 9, 10, 14, 15, 18, 19]",4,,67,,,10,ordinary,25,full_coverage_and_all_discovered_cleared,274,7810.234095,0.024822582956403494
33,14,True,0,33,0,5,6,edge__adversarial-spatial__67,edge__adversarial-spatial,10,15,10,432,0.030895000000001005,10,,,0,0,,,,0,0,415,task_nearest25,[],23799.82315164918,0,0.0,727.5964627999999,"[4, 5, 7, 8, 9, 10, 14, 15, 18, 19]",4,,67,27,4,10,ordinary,25,full_coverage_and_all_discovered_cleared,376,7275.964628,0.030969540996011347
41,18,True,0,41,0,6,8,edge__adversarial-spatial__67,edge__adversarial-spatial,10,16,10,441,0.037333999999994205,10,,,0,0,,,,0,35,423,task_two_opt25,[],23821.95007231985,0,0.0,732.3390013999999,"[4, 5, 7, 8, 9, 10, 14, 15, 18, 19]",4,,67,20,4,10,ordinary,25,full_coverage_and_all_discovered_cleared,376,7323.390014,0.03734504204476252
41,18,True,0,41,0,6,8,edge__adversarial-spatial__67,edge__adversarial-spatial,10,16,10,421,0.035131999999997277,10,,,0,0,,,,0,35,403,task_no_share25,[],23810.86906808358,0,0.0,719.7173813,"[4, 5, 7, 8, 9, 10, 14, 15, 18, 19]",4,,67,0,4,10,ordinary,25,full_coverage_and_all_discovered_cleared,352,7197.173813,0.03520370798651129
39,17,True,0,39,1,8,8,edge__adversarial-spatial__67,edge__adversarial-spatial,9,17,10,440,0.03587699999999927,10,,,0,0,,,,0,35,421,task_trial80_25,[],23803.262267336817,0,0.0,731.2652449999999,"[4, 5, 7, 8, 9, 10, 14, 15, 18, 19]",4,,67,20,4,10,ordinary,25,full_coverage_and_all_discovered_cleared,376,7312.65245,0.03590154100675136
41,18,True,0,41,0,6,8,edge__adversarial-spatial__67,edge__adversarial-spatial,10,16,10,441,0.03618500000000324,10,,,0,0,,,,0,35,423,task_share3_25,[],23821.95007231985,0,0.0,732.3390013999999,"[4, 5, 7, 8, 9, 10, 14, 15, 18, 19]",4,,67,20,4,10,ordinary,25,full_coverage_and_all_discovered_cleared,376,7323.390014,0.036240417044609785
0,0,True,,,,,,edge__adversarial-spatial__68,edge__adversarial-spatial,13,16,15,380,0.03301900000000302,15,,,,,,,,0,,362,baseline_polar25_conservative,[],28702.236382876603,1,13.574580795304238,531.0298182666667,"[2, 4, 5, 6, 8, 9, 11, 12, 13, 14, 15, 16, 17, 19, 20]",4,,68,,,15,ordinary,25,full_coverage_and_all_discovered_cleared,337,7965.447274,0.033062333008274436
55,12,True,0,55,1,6,6,edge__adversarial-spatial__68,edge__adversarial-spatial,14,20,15,310,0.03418400000000332,15,,,,,,,,0,,288,baseline_bracket25,[],32593.71420077276,0,0.0,551.9828559333333,"[2, 4, 5, 6, 8, 9, 11, 12, 13, 14, 15, 16, 17, 19, 20]",4,,68,,,15,ordinary,25,full_coverage_and_all_discovered_cleared,231,8279.742839,0.03430754202418029
30,12,True,0,30,4,6,6,edge__adversarial-spatial__68,edge__adversarial-spatial,11,17,15,391,0.03537099999999782,15,,,0,0,,,,0,0,372,task_nearest25,[],25856.839383578907,0,0.0,496.8911918,"[2, 4, 5, 6, 8, 9, 11, 12, 13, 14, 15, 16, 17, 19, 20]",4,,68,28,2,15,ordinary,25,full_coverage_and_all_discovered_cleared,341,7453.367877,0.03538479097187519
28,16,True,0,28,3,6,8,edge__adversarial-spatial__68,edge__adversarial-spatial,12,18,15,390,0.04399500000000245,15,,,0,0,,,,0,40,370,task_two_opt25,[],23395.261145320204,0,0.0,463.00348206666666,"[2, 4, 5, 6, 8, 9, 11, 12, 13, 14, 15, 16, 17, 19, 20]",4,,68,17,3,15,ordinary,25,full_coverage_and_all_discovered_cleared,332,6945.052231,0.0440903750131838
39,22,True,0,39,2,6,11,edge__adversarial-spatial__68,edge__adversarial-spatial,13,19,15,386,0.03709599999999824,15,,,0,0,,,,0,40,365,task_no_share25,[],24486.41513209004,0,0.0,475.0188686,"[2, 4, 5, 6, 8, 9, 11, 12, 13, 14, 15, 16, 17, 19, 20]",4,,68,0,2,15,ordinary,25,full_coverage_and_all_discovered_cleared,316,7125.283029,0.03725250001298264
26,14,True,0,26,2,8,7,edge__adversarial-spatial__68,edge__adversarial-spatial,13,21,15,389,0.03881600000000418,15,,,0,0,,,,0,40,366,task_trial80_25,[],23399.395381998616,0,0.0,462.32527186666664,"[2, 4, 5, 6, 8, 9, 11, 12, 13, 14, 15, 16, 17, 19, 20]",4,,68,16,4,15,ordinary,25,full_coverage_and_all_discovered_cleared,332,6934.879078,0.03887537500122562
28,16,True,0,28,3,6,8,edge__adversarial-spatial__68,edge__adversarial-spatial,12,18,15,390,0.040169999999996264,15,,,0,0,,,,0,40,370,task_share3_25,[],23395.261145320204,0,0.0,463.00348206666666,"[2, 4, 5, 6, 8, 9, 11, 12, 13, 14, 15, 16, 17, 19, 20]",4,,68,17,3,15,ordinary,25,full_coverage_and_all_discovered_cleared,332,6945.052231,0.04041716700885445
0,0,True,,,,,,edge__adversarial-spatial__69,edge__adversarial-spatial,15,15,15,329,0.03045599999999382,15,,,,,,,,0,,312,baseline_polar25_conservative,[],31207.489431860806,0,0.0,544.2331924666667,"[2, 3, 4, 5, 6, 7, 8, 9, 10, 11, 12, 13, 14, 16, 18]",4,,69,,,15,ordinary,25,full_coverage_and_all_discovered_cleared,287,8163.497887,0.030506334034726024
57,18,True,0,57,2,8,9,edge__adversarial-spatial__69,edge__adversarial-spatial,13,21,15,282,0.03185099999999608,15,,,,,,,,0,,259,baseline_bracket25,[],32037.91679932853,0,0.0,533.105557,"[2, 3, 4, 5, 6, 7, 8, 9, 10, 11, 12, 13, 14, 16, 18]",4,,69,,,15,ordinary,25,full_coverage_and_all_discovered_cleared,201,7996.583355,0.03193450003163889
29,7,True,0,29,0,5,3,edge__adversarial-spatial__69,edge__adversarial-spatial,15,20,15,335,0.03531299999999504,15,,,0,0,,,,0,0,313,task_nearest25,[],26249.876586407012,0,0.0,478.66502106666667,"[2, 3, 4, 5, 6, 7, 8, 9, 10, 11, 12, 13, 14, 16, 18]",4,,69,12,9,15,ordinary,25,full_coverage_and_all_discovered_cleared,275,7179.975316,0.035560207965318114
21,2,True,0,21,0,6,1,edge__adversarial-spatial__69,edge__adversarial-spatial,15,21,15,370,0.04452100000000314,15,,,0,0,,,,0,40,347,task_two_opt25,[],22731.375164207926,0,0.0,446.2183354,"[2, 3, 4, 5, 6, 7, 8, 9, 10, 11, 12, 13, 14, 16, 18]",4,,69,17,20,15,ordinary,25,full_coverage_and_all_discovered_cleared,319,6693.275031,0.04463879199465737
17,3,True,0,17,2,8,1,edge__adversarial-spatial__69,edge__adversarial-spatial,13,21,15,332,0.038666999999996676,15,,,0,0,,,,0,40,309,task_no_share25,[],21568.854262012264,0,0.0,415.78472346666666,"[2, 3, 4, 5, 6, 7, 8, 9, 10, 11, 12, 13, 14, 16, 18]",4,,69,0,42,15,ordinary,25,full_coverage_and_all_discovered_cleared,285,6236.770852,0.03878808399895206
20,2,True,0,20,0,6,1,edge__adversarial-spatial__69,edge__adversarial-spatial,15,21,15,368,0.04384900000000158,15,,,0,0,,,,0,40,345,task_trial80_25,[],22727.412783072312,0,0.0,445.29883713333334,"[2, 3, 4, 5, 6, 7, 8, 9, 10, 11, 12, 13, 14, 16, 18]",4,,69,17,21,15,ordinary,25,full_coverage_and_all_discovered_cleared,316,6679.482557,0.04417441599071026
21,2,True,0,21,0,6,1,edge__adversarial-spatial__69,edge__adversarial-spatial,15,21,15,370,0.04448500000000166,15,,,0,0,,,,0,40,347,task_share3_25,[],22734.96502660839,0,0.0,446.13286686666663,"[2, 3, 4, 5, 6, 7, 8, 9, 10, 11, 12, 13, 14, 16, 18]",4,,69,17,20,15,ordinary,25,full_coverage_and_all_discovered_cleared,317,6691.993003,0.04482912499224767
0,0,True,,,,,,edge__adversarial-spatial__70,edge__adversarial-spatial,10,10,10,412,0.0284989999999965,10,,,,,,,,0,,400,baseline_polar25_conservative,[],20439.287211113,0,0.0,651.3857442000001,"[2, 3, 5, 10, 11, 13, 15, 16, 19, 20]",4,,70,,,10,ordinary,25,full_coverage_and_all_discovered_cleared,376,6513.857442,0.02856508403783664
41,12,True,0,41,3,6,6,edge__adversarial-spatial__70,edge__adversarial-spatial,7,13,10,362,0.027245999999998105,10,,,,,,,,0,,347,baseline_bracket25,[],27577.052139067935,0,0.0,760.6410426,"[2, 3, 5, 10, 11, 13, 15, 16, 19, 20]",4,,70,,,10,ordinary,25,full_coverage_and_all_discovered_cleared,297,7606.410426,0.02730374998645857
9,4,True,0,9,2,4,2,edge__adversarial-spatial__70,edge__adversarial-spatial,8,12,10,340,0.023589000000001192,10,,,0,0,,,,0,0,326,task_nearest25,[],19101.929524359122,0,0.0,580.8385905,"[2, 3, 5, 10, 11, 13, 15, 16, 19, 20]",4,,70,8,16,10,ordinary,25,full_coverage_and_all_discovered_cleared,302,5808.385905,0.023778958013281226
9,4,True,0,9,1,4,2,edge__adversarial-spatial__70,edge__adversarial-spatial,9,13,10,435,0.03145700000000318,10,,,0,0,,,,0,35,420,task_two_opt25,[],20251.086798646953,0,0.0,660.1217359,"[2, 3, 5, 10, 11, 13, 15, 16, 19, 20]",4,,70,5,0,10,ordinary,25,full_coverage_and_all_discovered_cleared,392,6601.217359,0.03170295897871256
9,4,True,0,9,1,4,2,edge__adversarial-spatial__70,edge__adversarial-spatial,9,13,10,430,0.03087200000000223,10,,,0,0,,,,0,35,415,task_no_share25,[],20251.086798646953,0,0.0,657.3217359,"[2, 3, 5, 10, 11, 13, 15, 16, 19, 20]",4,,70,0,0,10,ordinary,25,full_coverage_and_all_discovered_cleared,389,6573.217359,0.03095741698052734
8,4,True,0,8,1,4,2,edge__adversarial-spatial__70,edge__adversarial-spatial,9,13,10,434,0.031143000000000143,10,,,0,0,,,,0,35,419,task_trial80_25,[],20248.57208124203,0,0.0,659.5714416,"[2, 3, 5, 10, 11, 13, 15, 16, 19, 20]",4,,70,5,0,10,ordinary,25,full_coverage_and_all_discovered_cleared,392,6595.714416,0.03159858303843066
9,4,True,0,9,1,4,2,edge__adversarial-spatial__70,edge__adversarial-spatial,9,13,10,434,0.032046999999998604,10,,,0,0,,,,0,35,419,task_share3_25,[],20251.086798646953,0,0.0,659.5217359000001,"[2, 3, 5, 10, 11, 13, 15, 16, 19, 20]",4,,70,4,0,10,ordinary,25,full_coverage_and_all_discovered_cleared,391,6595.217359,0.03219462500419468
0,0,True,,,,,,edge__adversarial-spatial__71,edge__adversarial-spatial,9,30,12,425,0.03043800000000374,12,,,,,,,,0,,393,baseline_polar25_conservative,[],30086.84583096995,18,17.398646467216732,705.4474308333333,"[1, 2, 4, 5, 7, 9, 10, 13, 17, 18, 19, 20]",4,,71,,,12,ordinary,25,full_coverage_and_all_discovered_cleared,369,8465.36917,0.030518249957822263
52,10,True,0,52,2,6,5,edge__adversarial-spatial__71,edge__adversarial-spatial,10,16,12,355,0.034027000000001806,12,,,,,,,,0,,337,baseline_bracket25,[],29572.974933645604,0,0.0,662.5495824166667,"[1, 2, 4, 5, 7, 9, 10, 13, 17, 18, 19, 20]",4,,71,,,12,ordinary,25,full_coverage_and_all_discovered_cleared,279,7950.594989,0.03408008301630616
16,3,True,0,16,0,2,1,edge__adversarial-spatial__71,edge__adversarial-spatial,12,14,12,362,0.02990400000000193,12,,,0,0,,,,0,0,346,task_nearest25,[],23503.22585469114,0,0.0,567.970431,"[1, 2, 4, 5, 7, 9, 10, 13, 17, 18, 19, 20]",4,,71,17,7,12,ordinary,25,full_coverage_and_all_discovered_cleared,319,6815.645172,0.02994829200906679
18,2,True,0,18,1,4,1,edge__adversarial-spatial__71,edge__adversarial-spatial,11,15,12,389,0.041944999999998345,12,,,0,0,,,,0,37,372,task_two_opt25,[],22971.560901826353,0,0.0,572.0260150833334,"[1, 2, 4, 5, 7, 9, 10, 13, 17, 18, 19, 20]",4,,71,21,2,12,ordinary,25,full_coverage_and_all_discovered_cleared,341,6864.312181,0.04198283300502226
19,8,True,0,19,2,5,4,edge__adversarial-spatial__71,edge__adversarial-spatial,10,15,12,371,0.03515000000000157,12,,,0,0,,,,0,37,354,task_no_share25,[],21713.10695346851,0,0.0,542.0517825000001,"[1, 2, 4, 5, 7, 9, 10, 13, 17, 18, 19, 20]",4,,71,0,0,12,ordinary,25,full_coverage_and_all_discovered_cleared,323,6504.62139,0.035178542020730674
17,2,True,0,17,1,5,1,edge__adversarial-spatial__71,edge__adversarial-spatial,11,16,12,389,0.0425819999999959,12,,,0,0,,,,0,37,371,task_trial80_25,[],22964.18270444886,0,0.0,571.7363785,"[1, 2, 4, 5, 7, 9, 10, 13, 17, 18, 19, 20]",4,,71,21,2,12,ordinary,25,full_coverage_and_all_discovered_cleared,341,6860.836542,0.0426235839840956
18,2,True,0,18,1,4,1,edge__adversarial-spatial__71,edge__adversarial-spatial,11,15,12,388,0.04270199999999846,12,,,0,0,,,,0,37,371,task_share3_25,[],22971.560901826353,0,0.0,571.6093484166666,"[1, 2, 4, 5, 7, 9, 10, 13, 17, 18, 19, 20]",4,,71,20,2,12,ordinary,25,full_coverage_and_all_discovered_cleared,341,6859.312181,0.04274179198546335
0,0,True,,,,,,clustered__iid__67,clustered__iid,7,28,10,420,0.029948999999994896,10,,,,,,,,0,,390,baseline_polar25_conservative,[],26459.182476426657,18,19.189440780880854,771.08365,"[4, 5, 7, 8, 9, 10, 14, 15, 18, 19]",4,,67,,,10,ordinary,25,full_coverage_and_all_discovered_cleared,365,7710.8365,0.02998283301712945
41,17,True,0,41,6,6,8,clustered__iid__67,clustered__iid,4,10,10,344,0.024716999999995437,10,,,,,,,,0,,332,baseline_bracket25,[],29136.73691174069,0,0.0,781.934738,"[4, 5, 7, 8, 9, 10, 14, 15, 18, 19]",4,,67,,,10,ordinary,25,full_coverage_and_all_discovered_cleared,282,7819.34738,0.02476941596250981
26,12,True,0,26,5,6,6,clustered__iid__67,clustered__iid,5,11,10,364,0.023851999999997986,10,,,0,0,,,,0,0,351,task_nearest25,[],25003.731566635368,0,0.0,712.4746312999999,"[4, 5, 7, 8, 9, 10, 14, 15, 18, 19]",4,,67,6,0,10,ordinary,25,full_coverage_and_all_discovered_cleared,316,7124.746313,0.023879249987658113
17,6,True,0,17,2,2,3,clustered__iid__67,clustered__iid,8,10,10,370,0.03223400000000254,10,,,0,0,,,,0,35,358,task_two_opt25,[],23474.1119228303,0,0.0,686.1822382,"[4, 5, 7, 8, 9, 10, 14, 15, 18, 19]",4,,67,9,35,10,ordinary,25,full_coverage_and_all_discovered_cleared,327,6861.822382,0.0322884579654783
17,5,True,0,17,4,5,2,clustered__iid__67,clustered__iid,6,11,10,361,0.028443000000002883,10,,,0,0,,,,0,35,348,task_no_share25,[],23169.619113925783,0,0.0,674.3923823,"[4, 5, 7, 8, 9, 10, 14, 15, 18, 19]",4,,67,0,48,10,ordinary,25,full_coverage_and_all_discovered_cleared,317,6743.923823,0.02848991600330919
18,6,True,0,18,2,3,3,clustered__iid__67,clustered__iid,8,11,10,372,0.03207899999999597,10,,,0,0,,,,0,35,359,task_trial80_25,[],23471.750799421294,0,0.0,686.9350157,"[4, 5, 7, 8, 9, 10, 14, 15, 18, 19]",4,,67,9,35,10,ordinary,25,full_coverage_and_all_discovered_cleared,327,6869.350157,0.03213474998483434
17,6,True,0,17,2,2,3,clustered__iid__67,clustered__iid,8,10,10,370,0.031988000000005457,10,,,0,0,,,,0,35,358,task_share3_25,[],23474.1119228303,0,0.0,686.1822382,"[4, 5, 7, 8, 9, 10, 14, 15, 18, 19]",4,,67,9,35,10,ordinary,25,full_coverage_and_all_discovered_cleared,327,6861.822382,0.03204912500223145
0,0,True,,,,,,clustered__iid__68,clustered__iid,13,15,15,349,0.033490000000000464,15,,,,,,,,0,,332,baseline_polar25_conservative,[],31511.69132921622,0,0.0,556.2892176,"[2, 4, 5, 6, 8, 9, 11, 12, 13, 14, 15, 16, 17, 19, 20]",4,,68,,,15,ordinary,25,full_coverage_and_all_discovered_cleared,307,8344.338264,0.03350420802598819
63,25,True,0,63,7,7,12,clustered__iid__68,clustered__iid,8,15,15,264,0.03182199999999824,15,,,,,,,,0,,247,baseline_bracket25,[],33433.22168733651,0,0.0,545.1096225333333,"[2, 4, 5, 6, 8, 9, 11, 12, 13, 14, 15, 16, 17, 19, 20]",4,,68,,,15,ordinary,25,full_coverage_and_all_discovered_cleared,180,8176.644338,0.03184312500525266
13,3,True,0,13,6,7,1,clustered__iid__68,clustered__iid,9,16,15,247,0.027913999999995553,15,,,0,0,,,,0,0,229,task_nearest25,[],24164.294867555032,0,0.0,417.0572648,"[2, 4, 5, 6, 8, 9, 11, 12, 13, 14, 15, 16, 17, 19, 20]",4,,68,27,0,15,ordinary,25,full_coverage_and_all_discovered_cleared,200,6255.858972,0.028057124989572912
14,0,True,0,14,3,4,0,clustered__iid__68,clustered__iid,12,16,15,301,0.044450000000004763,15,,,0,0,,,,0,40,283,task_two_opt25,[],23775.220288508553,0,0.0,433.6696038,"[2, 4, 5, 6, 8, 9, 11, 12, 13, 14, 15, 16, 17, 19, 20]",4,,68,35,60,15,ordinary,25,full_coverage_and_all_discovered_cleared,257,6505.044057,0.04450300004100427
48,22,True,0,48,4,6,11,clustered__iid__68,clustered__iid,11,17,15,271,0.03885599999999556,15,,,0,0,,,,0,40,252,task_no_share25,[],26089.506806916335,0,0.0,450.19342393333335,"[2, 4, 5, 6, 8, 9, 11, 12, 13, 14, 15, 16, 17, 19, 20]",4,,68,0,10,15,ordinary,25,full_coverage_and_all_discovered_cleared,194,6752.901359,0.03887795895570889
13,0,True,0,13,4,6,0,clustered__iid__68,clustered__iid,11,17,15,301,0.04458999999999946,15,,,0,0,,,,0,40,282,task_trial80_25,[],23774.725603797684,0,0.0,433.52967466666666,"[2, 4, 5, 6, 8, 9, 11, 12, 13, 14, 15, 16, 17, 19, 20]",4,,68,35,60,15,ordinary,25,full_coverage_and_all_discovered_cleared,257,6502.94512,0.04466350004076958
14,0,True,0,14,3,4,0,clustered__iid__68,clustered__iid,12,16,15,297,0.04354800000000125,15,,,0,0,,,,0,40,279,task_share3_25,[],23781.462003187342,0,0.0,432.15282666666667,"[2, 4, 5, 6, 8, 9, 11, 12, 13, 14, 15, 16, 17, 19, 20]",4,,68,31,60,15,ordinary,25,full_coverage_and_all_discovered_cleared,253,6482.2924,0.04362662503262982
0,0,True,,,,,,clustered__iid__69,clustered__iid,14,15,15,338,0.03367599999999982,15,,,,,,,,0,,321,baseline_polar25_conservative,[],22717.285882308755,0,0.0,434.6304785333333,"[2, 3, 4, 5, 6, 7, 8, 9, 10, 11, 12, 13, 14, 16, 18]",4,,69,,,15,ordinary,25,full_coverage_and_all_discovered_cleared,296,6519.457178,0.033710582996718585
55,16,True,0,55,8,9,7,clustered__iid__69,clustered__iid,7,16,15,277,0.033806000000005554,15,,,,,,,,0,,259,baseline_bracket25,[],32862.38104764664,0,0.0,542.8984139333334,"[2, 3, 4, 5, 6, 7, 8, 9, 10, 11, 12, 13, 14, 16, 18]",4,,69,,,15,ordinary,25,full_coverage_and_all_discovered_cleared,198,8143.476209,0.033835167007055134
6,2,True,0,6,11,12,1,clustered__iid__69,clustered__iid,4,16,15,206,0.027670000000000528,15,,,0,0,,,,0,0,188,task_nearest25,[],21077.145417488548,0,0.0,359.8952723333333,"[2, 3, 4, 5, 6, 7, 8, 9, 10, 11, 12, 13, 14, 16, 18]",4,,69,17,0,15,ordinary,25,full_coverage_and_all_discovered_cleared,165,5398.429085,0.027711415954399854
2,0,True,0,2,10,11,0,clustered__iid__69,clustered__iid,5,16,15,232,0.03967000000000098,15,,,0,0,,,,0,40,214,task_two_opt25,[],20527.990512778528,0,0.0,362.9732069333333,"[2, 3, 4, 5, 6, 7, 8, 9, 10, 11, 12, 13, 14, 16, 18]",4,,69,17,0,15,ordinary,25,full_coverage_and_all_discovered_cleared,191,5444.598104,0.03971158299827948
6,2,True,0,6,9,9,1,clustered__iid__69,clustered__iid,6,15,15,218,0.03201299999999918,15,,,0,0,,,,0,40,201,task_no_share25,[],21238.977668472395,0,0.0,366.91970233333336,"[2, 3, 4, 5, 6, 7, 8, 9, 10, 11, 12, 13, 14, 16, 18]",4,,69,0,0,15,ordinary,25,full_coverage_and_all_discovered_cleared,176,5503.795535,0.03206150000914931
2,0,True,0,2,10,11,0,clustered__iid__69,clustered__iid,5,16,15,232,0.03982899999999745,15,,,0,0,,,,0,40,214,task_trial80_25,[],20527.990512778528,0,0.0,362.9732069333333,"[2, 3, 4, 5, 6, 7, 8, 9, 10, 11, 12, 13, 14, 16, 18]",4,,69,17,0,15,ordinary,25,full_coverage_and_all_discovered_cleared,191,5444.598104,0.039877875009551644
2,0,True,0,2,10,11,0,clustered__iid__69,clustered__iid,5,16,15,226,0.036407000000004075,15,,,0,0,,,,0,40,208,task_share3_25,[],20516.314809108775,0,0.0,360.41753073333336,"[2, 3, 4, 5, 6, 7, 8, 9, 10, 11, 12, 13, 14, 16, 18]",4,,69,11,0,15,ordinary,25,full_coverage_and_all_discovered_cleared,185,5406.262961,0.03642312501324341
0,0,True,,,,,,clustered__iid__70,clustered__iid,10,10,10,375,0.025567000000002338,10,,,,,,,,0,,363,baseline_polar25_conservative,[],25804.616678877584,0,0.0,736.4923332999999,"[2, 3, 5, 10, 11, 13, 15, 16, 19, 20]",4,,70,,,10,ordinary,25,full_coverage_and_all_discovered_cleared,339,7364.923333,0.02562537504127249
39,9,True,0,39,6,7,4,clustered__iid__70,clustered__iid,4,11,10,339,0.02642099999999914,10,,,,,,,,0,,326,baseline_bracket25,[],30048.68686483066,0,0.0,796.9737373,"[2, 3, 5, 10, 11, 13, 15, 16, 19, 20]",4,,70,,,10,ordinary,25,full_coverage_and_all_discovered_cleared,277,7969.737373,0.026463542017154396
17,4,True,0,17,6,7,2,clustered__iid__70,clustered__iid,4,11,10,331,0.026969999999998606,10,,,0,0,,,,0,0,318,task_nearest25,[],24254.93791331836,0,0.0,677.9987582,"[2, 3, 5, 10, 11, 13, 15, 16, 19, 20]",4,,70,15,17,10,ordinary,25,full_coverage_and_all_discovered_cleared,286,6779.987582,0.027017250016797334
12,4,True,0,12,4,4,2,clustered__iid__70,clustered__iid,6,10,10,376,0.03588100000000338,10,,,0,0,,,,0,35,364,task_two_opt25,[],22493.494359914093,0,0.0,670.2698871,"[2, 3, 5, 10, 11, 13, 15, 16, 19, 20]",4,,70,16,21,10,ordinary,25,full_coverage_and_all_discovered_cleared,334,6702.698871,0.03594891697866842
12,4,True,0,12,4,4,2,clustered__iid__70,clustered__iid,6,10,10,361,0.029532000000003222,10,,,0,0,,,,0,35,349,task_no_share25,[],22917.082211720783,0,0.0,669.541644,"[2, 3, 5, 10, 11, 13, 15, 16, 19, 20]",4,,70,0,21,10,ordinary,25,full_coverage_and_all_discovered_cleared,317,6695.41644,0.029558292008005083
12,4,True,0,12,4,5,2,clustered__iid__70,clustered__iid,6,11,10,375,0.03498400000000146,10,,,0,0,,,,0,35,362,task_trial80_25,[],22468.813040360095,0,0.0,668.7762608,"[2, 3, 5, 10, 11, 13, 15, 16, 19, 20]",4,,70,14,21,10,ordinary,25,full_coverage_and_all_discovered_cleared,331,6687.762608,0.035044124990236014
12,4,True,0,12,4,4,2,clustered__iid__70,clustered__iid,6,10,10,376,0.0357879999999966,10,,,0,0,,,,0,35,364,task_share3_25,[],22493.494359914093,0,0.0,670.2698871,"[2, 3, 5, 10, 11, 13, 15, 16, 19, 20]",4,,70,16,21,10,ordinary,25,full_coverage_and_all_discovered_cleared,334,6702.698871,0.03584720799699426
0,0,True,,,,,,clustered__iid__71,clustered__iid,11,12,12,338,0.028213999999998407,12,,,,,,,,0,,324,baseline_polar25_conservative,[],29011.20262821788,0,0.0,648.5200435833334,"[1, 2, 4, 5, 7, 9, 10, 13, 17, 18, 19, 20]",4,,71,,,12,ordinary,25,full_coverage_and_all_discovered_cleared,300,7782.240523,0.028257875004783273
44,14,True,0,44,5,5,6,clustered__iid__71,clustered__iid,7,12,12,297,0.027076000000000988,12,,,,,,,,0,,283,baseline_bracket25,[],29614.32608301974,0,0.0,635.5721015833334,"[1, 2, 4, 5, 7, 9, 10, 13, 17, 18, 19, 20]",4,,71,,,12,ordinary,25,full_coverage_and_all_discovered_cleared,229,7626.865219,0.02714824996655807
15,7,True,0,15,5,5,3,clustered__iid__71,clustered__iid,7,12,12,315,0.02725700000000586,12,,,0,0,,,,0,0,301,task_nearest25,[],21940.54366428675,0,0.0,518.5090610833333,"[1, 2, 4, 5, 7, 9, 10, 13, 17, 18, 19, 20]",4,,71,21,10,12,ordinary,25,full_coverage_and_all_discovered_cleared,269,6222.108733,0.027331417019013315
9,1,True,0,9,3,3,0,clustered__iid__71,clustered__iid,9,12,12,336,0.03506999999999749,12,,,0,0,,,,0,37,322,task_two_opt25,[],21317.7392739307,0,0.0,518.9623211666667,"[1, 2, 4, 5, 7, 9, 10, 13, 17, 18, 19, 20]",4,,71,15,17,12,ordinary,25,full_coverage_and_all_discovered_cleared,294,6227.547854,0.035183000029064715
22,5,True,0,22,5,5,2,clustered__iid__71,clustered__iid,7,12,12,303,0.03139399999999881,12,,,0,0,,,,0,37,289,task_no_share25,[],22078.14320912999,0,0.0,514.5523870833333,"[1, 2, 4, 5, 7, 9, 10, 13, 17, 18, 19, 20]",4,,71,0,8,12,ordinary,25,full_coverage_and_all_discovered_cleared,254,6174.628645,0.03145291702821851
7,1,True,0,7,4,4,0,clustered__iid__71,clustered__iid,8,12,12,333,0.03305300000000244,12,,,0,0,,,,0,37,319,task_trial80_25,[],21267.468830697067,0,0.0,516.79114725,"[1, 2, 4, 5, 7, 9, 10, 13, 17, 18, 19, 20]",4,,71,14,17,12,ordinary,25,full_coverage_and_all_discovered_cleared,293,6201.493767,0.03309795801760629
9,1,True,0,9,3,3,0,clustered__iid__71,clustered__iid,9,12,12,336,0.03481000000000023,12,,,0,0,,,,0,37,322,task_share3_25,[],21317.7392739307,0,0.0,518.9623211666667,"[1, 2, 4, 5, 7, 9, 10, 13, 17, 18, 19, 20]",4,,71,15,17,12,ordinary,25,full_coverage_and_all_discovered_cleared,294,6227.547854,0.03486274997703731
0,0,True,,,,,,clustered__smooth__67,clustered__smooth,8,95,10,467,0.029285999999999035,10,,,,,,,,0,,370,baseline_polar25_conservative,[],30342.330460191097,85,19.198117948793374,856.9466059,"[4, 5, 7, 8, 9, 10, 14, 15, 18, 19]",4,,67,,,10,ordinary,25,full_coverage_and_all_discovered_cleared,346,8569.466059,0.029334374994505197
48,23,True,0,48,9,10,11,clustered__smooth__67,clustered__smooth,1,11,10,352,0.025664999999996496,10,,,,,,,,0,,339,baseline_bracket25,[],30241.220515821013,0,0.0,807.8244102,"[4, 5, 7, 8, 9, 10, 14, 15, 18, 19]",4,,67,,,10,ordinary,25,full_coverage_and_all_discovered_cleared,282,8078.244102,0.025724541977979243
24,8,True,0,24,5,6,4,clustered__smooth__67,clustered__smooth,5,11,10,353,0.02435299999999785,10,,,0,0,,,,0,0,340,task_nearest25,[],24767.70530617565,0,0.0,701.1541059,"[4, 5, 7, 8, 9, 10, 14, 15, 18, 19]",4,,67,6,1,10,ordinary,25,full_coverage_and_all_discovered_cleared,305,7011.541059,0.024353875021915883
12,2,True,0,12,6,6,1,clustered__smooth__67,clustered__smooth,4,10,10,362,0.030228000000001032,10,,,0,0,,,,0,35,350,task_two_opt25,[],22959.601627606364,0,0.0,671.6920322,"[4, 5, 7, 8, 9, 10, 14, 15, 18, 19]",4,,67,7,36,10,ordinary,25,full_coverage_and_all_discovered_cleared,325,6716.920322,0.03023983398452401
23,12,True,0,23,7,7,6,clustered__smooth__67,clustered__smooth,3,10,10,366,0.028700000000000614,10,,,0,0,,,,0,35,354,task_no_share25,[],23806.731707579096,0,0.0,689.8346337,"[4, 5, 7, 8, 9, 10, 14, 15, 18, 19]",4,,67,0,48,10,ordinary,25,full_coverage_and_all_discovered_cleared,317,6898.346337,0.028700333030428737
12,2,True,0,12,5,6,1,clustered__smooth__67,clustered__smooth,5,11,10,363,0.03034900000000107,10,,,0,0,,,,0,35,350,task_trial80_25,[],22947.535286788214,0,0.0,671.6507054,"[4, 5, 7, 8, 9, 10, 14, 15, 18, 19]",4,,67,7,36,10,ordinary,25,full_coverage_and_all_discovered_cleared,324,6716.507054,0.030399832990951836
12,2,True,0,12,6,6,1,clustered__smooth__67,clustered__smooth,4,10,10,362,0.029896999999998286,10,,,0,0,,,,0,35,350,task_share3_25,[],22959.601627606364,0,0.0,671.6920322,"[4, 5, 7, 8, 9, 10, 14, 15, 18, 19]",4,,67,7,36,10,ordinary,25,full_coverage_and_all_discovered_cleared,325,6716.920322,0.029929708980489522
0,0,True,,,,,,clustered__smooth__68,clustered__smooth,13,15,15,349,0.03415799999999791,15,,,,,,,,0,,332,baseline_polar25_conservative,[],31575.062376777172,0,0.0,557.1341649333333,"[2, 4, 5, 6, 8, 9, 11, 12, 13, 14, 15, 16, 17, 19, 20]",4,,68,,,15,ordinary,25,full_coverage_and_all_discovered_cleared,307,8357.012474,0.03422683302778751
61,22,True,0,61,4,6,11,clustered__smooth__68,clustered__smooth,11,17,15,264,0.03344300000000544,15,,,,,,,,0,,245,baseline_bracket25,[],33048.23626494795,0,0.0,539.7098165333333,"[2, 4, 5, 6, 8, 9, 11, 12, 13, 14, 15, 16, 17, 19, 20]",4,,68,,,15,ordinary,25,full_coverage_and_all_discovered_cleared,180,8095.647248,0.03347895899787545
16,3,True,0,16,8,8,1,clustered__smooth__68,clustered__smooth,7,15,15,274,0.03296500000000435,15,,,0,0,,,,0,0,257,task_nearest25,[],24415.863251399413,0,0.0,431.3448434,"[2, 4, 5, 6, 8, 9, 11, 12, 13, 14, 15, 16, 17, 19, 20]",4,,68,36,1,15,ordinary,25,full_coverage_and_all_discovered_cleared,227,6470.172651,0.033008666010573506
16,3,True,0,16,7,7,1,clustered__smooth__68,clustered__smooth,8,15,15,316,0.04408000000000101,15,,,0,0,,,,0,40,299,task_two_opt25,[],23868.331456947813,0,0.0,441.0444195333333,"[2, 4, 5, 6, 8, 9, 11, 12, 13, 14, 15, 16, 17, 19, 20]",4,,68,31,42,15,ordinary,25,full_coverage_and_all_discovered_cleared,272,6615.666293,0.04418775002704933
48,25,True,0,48,6,8,12,clustered__smooth__68,clustered__smooth,9,17,15,271,0.037981999999999516,15,,,0,0,,,,0,40,252,task_no_share25,[],26155.784365214706,0,0.0,451.07712446666665,"[2, 4, 5, 6, 8, 9, 11, 12, 13, 14, 15, 16, 17, 19, 20]",4,,68,0,10,15,ordinary,25,full_coverage_and_all_discovered_cleared,194,6766.156867,0.03805804101284593
13,2,True,0,13,7,8,1,clustered__smooth__68,clustered__smooth,8,16,15,313,0.04331200000000024,15,,,0,0,,,,0,40,295,task_trial80_25,[],23818.9005365404,0,0.0,439.11867379999995,"[2, 4, 5, 6, 8, 9, 11, 12, 13, 14, 15, 16, 17, 19, 20]",4,,68,30,42,15,ordinary,25,full_coverage_and_all_discovered_cleared,270,6586.780107,0.043372166983317584
16,3,True,0,16,7,7,1,clustered__smooth__68,clustered__smooth,8,15,15,314,0.04428000000000054,15,,,0,0,,,,0,40,297,task_share3_25,[],23866.376720332162,0,0.0,440.2183564,"[2, 4, 5, 6, 8, 9, 11, 12, 13, 14, 15, 16, 17, 19, 20]",4,,68,29,42,15,ordinary,25,full_coverage_and_all_discovered_cleared,270,6603.275346,0.04442391701741144
0,0,True,,,,,,clustered__smooth__69,clustered__smooth,15,15,15,337,0.03437900000000127,15,,,,,,,,0,,320,baseline_polar25_conservative,[],22997.83255239211,0,0.0,437.9711006,"[2, 3, 4, 5, 6, 7, 8, 9, 10, 11, 12, 13, 14, 16, 18]",4,,69,,,15,ordinary,25,full_coverage_and_all_discovered_cleared,295,6569.566509,0.03439320798497647
54,10,True,0,54,6,6,4,clustered__smooth__69,clustered__smooth,9,15,15,275,0.0360069999999979,15,,,,,,,,0,,258,baseline_bracket25,[],33352.35735025932,0,0.0,548.8980978,"[2, 3, 4, 5, 6, 7, 8, 9, 10, 11, 12, 13, 14, 16, 18]",4,,69,,,15,ordinary,25,full_coverage_and_all_discovered_cleared,198,8233.471467,0.03607770800590515
10,2,True,0,10,7,7,1,clustered__smooth__69,clustered__smooth,8,15,15,222,0.02808600000000183,15,,,0,0,,,,0,0,205,task_nearest25,[],22187.40142302647,0,0.0,380.3653522,"[2, 3, 4, 5, 6, 7, 8, 9, 10, 11, 12, 13, 14, 16, 18]",4,,69,34,4,15,ordinary,25,full_coverage_and_all_discovered_cleared,168,5705.480283,0.02812716702464968
14,5,True,0,14,5,5,2,clustered__smooth__69,clustered__smooth,10,15,15,268,0.04112299999999891,15,,,0,0,,,,0,40,251,task_two_opt25,[],21683.363214487395,0,0.0,392.0448428,"[2, 3, 4, 5, 6, 7, 8, 9, 10, 11, 12, 13, 14, 16, 18]",4,,69,32,3,15,ordinary,25,full_coverage_and_all_discovered_cleared,214,5880.672642,0.04132187500363216
26,11,True,0,26,7,7,4,clustered__smooth__69,clustered__smooth,8,15,15,253,0.035547000000001105,15,,,0,0,,,,0,40,236,task_no_share25,[],22529.268190692725,0,0.0,397.123576,"[2, 3, 4, 5, 6, 7, 8, 9, 10, 11, 12, 13, 14, 16, 18]",4,,69,0,0,15,ordinary,25,full_coverage_and_all_discovered_cleared,196,5956.85364,0.03561541700037196
16,9,True,0,16,3,5,4,clustered__smooth__69,clustered__smooth,12,17,15,274,0.04090099999999808,15,,,0,0,,,,0,40,255,task_trial80_25,[],21577.90603263076,0,0.0,392.70541373333333,"[2, 3, 4, 5, 6, 7, 8, 9, 10, 11, 12, 13, 14, 16, 18]",4,,69,33,3,15,ordinary,25,full_coverage_and_all_discovered_cleared,219,5890.581206,0.04101529100444168
12,3,True,0,12,5,5,1,clustered__smooth__69,clustered__smooth,10,15,15,261,0.0377329999999958,15,,,0,0,,,,0,40,244,task_share3_25,[],21233.678213792366,0,0.0,383.51570960000004,"[2, 3, 4, 5, 6, 7, 8, 9, 10, 11, 12, 13, 14, 16, 18]",4,,69,25,7,15,ordinary,25,full_coverage_and_all_discovered_cleared,211,5752.735644,0.037778333004098386
0,0,True,,,,,,clustered__smooth__70,clustered__smooth,9,10,10,393,0.029116000000001918,10,,,,,,,,0,,381,baseline_polar25_conservative,[],25237.642745267818,0,0.0,735.9528548999999,"[2, 3, 5, 10, 11, 13, 15, 16, 19, 20]",4,,70,,,10,ordinary,25,full_coverage_and_all_discovered_cleared,357,7359.528549,0.02922662498895079
48,14,True,0,48,5,7,7,clustered__smooth__70,clustered__smooth,5,12,10,349,0.029747000000000412,10,,,,,,,,0,,335,baseline_bracket25,[],31229.936561498485,0,0.0,825.398731,"[2, 3, 5, 10, 11, 13, 15, 16, 19, 20]",4,,70,,,10,ordinary,25,full_coverage_and_all_discovered_cleared,277,8253.98731,0.029769917018711567
20,9,True,0,20,2,4,4,clustered__smooth__70,clustered__smooth,8,12,10,341,0.030150000000006116,10,,,0,0,,,,0,0,327,task_nearest25,[],24058.0735206413,0,0.0,679.7614705,"[2, 3, 5, 10, 11, 13, 15, 16, 19, 20]",4,,70,20,18,10,ordinary,25,full_coverage_and_all_discovered_cleared,295,6797.614705,0.030181874986737967
18,8,True,0,18,3,4,4,clustered__smooth__70,clustered__smooth,7,11,10,370,0.03909999999999769,10,,,0,0,,,,0,35,357,task_two_opt25,[],23009.958518904732,0,0.0,676.3991702999999,"[2, 3, 5, 10, 11, 13, 15, 16, 19, 20]",4,,70,20,38,10,ordinary,25,full_coverage_and_all_discovered_cleared,324,6763.991703,0.03911779198097065
22,11,True,0,22,5,6,5,clustered__smooth__70,clustered__smooth,5,11,10,375,0.03325699999999898,10,,,0,0,,,,0,35,362,task_no_share25,[],23623.146872509395,0,0.0,690.9629373,"[2, 3, 5, 10, 11, 13, 15, 16, 19, 20]",4,,70,0,17,10,ordinary,25,full_coverage_and_all_discovered_cleared,322,6909.629373,0.03332533402135596
13,6,True,0,13,5,5,3,clustered__smooth__70,clustered__smooth,5,10,10,361,0.03654499999999672,10,,,0,0,,,,0,35,349,task_trial80_25,[],22898.56682362196,0,0.0,669.4713365,"[2, 3, 5, 10, 11, 13, 15, 16, 19, 20]",4,,70,17,38,10,ordinary,25,full_coverage_and_all_discovered_cleared,320,6694.713365,0.03659012500429526
18,8,True,0,18,3,4,4,clustered__smooth__70,clustered__smooth,7,11,10,370,0.03962900000000502,10,,,0,0,,,,0,35,357,task_share3_25,[],23009.958518904732,0,0.0,676.3991702999999,"[2, 3, 5, 10, 11, 13, 15, 16, 19, 20]",4,,70,20,38,10,ordinary,25,full_coverage_and_all_discovered_cleared,324,6763.991703,0.039746582973748446
0,0,True,,,,,,clustered__smooth__71,clustered__smooth,12,12,12,318,0.026476999999999862,12,,,,,,,,0,,304,baseline_polar25_conservative,[],27390.41861957702,0,0.0,611.506977,"[1, 2, 4, 5, 7, 9, 10, 13, 17, 18, 19, 20]",4,,71,,,12,ordinary,25,full_coverage_and_all_discovered_cleared,280,7338.083724,0.02649304101942107
57,25,True,0,57,6,8,12,clustered__smooth__71,clustered__smooth,6,14,12,312,0.03051800000000071,12,,,,,,,,0,,296,baseline_bracket25,[],29134.712117495452,0,0.0,633.4952021666667,"[1, 2, 4, 5, 7, 9, 10, 13, 17, 18, 19, 20]",4,,71,,,12,ordinary,25,full_coverage_and_all_discovered_cleared,229,7601.942426,0.030592207971494645
19,10,True,0,19,4,4,4,clustered__smooth__71,clustered__smooth,8,12,12,330,0.028081000000000245,12,,,0,0,,,,0,0,316,task_nearest25,[],21966.178627497364,0,0.0,526.1029769166666,"[1, 2, 4, 5, 7, 9, 10, 13, 17, 18, 19, 20]",4,,71,20,5,12,ordinary,25,full_coverage_and_all_discovered_cleared,280,6313.235723,0.028148792043793947
17,4,True,0,17,6,6,2,clustered__smooth__71,clustered__smooth,6,12,12,313,0.036265000000000214,12,,,0,0,,,,0,37,299,task_two_opt25,[],22618.445594583387,0,0.0,528.47409325,"[1, 2, 4, 5, 7, 9, 10, 13, 17, 18, 19, 20]",4,,71,17,9,12,ordinary,25,full_coverage_and_all_discovered_cleared,263,6341.689119,0.03629483300028369
27,9,True,0,27,8,8,4,clustered__smooth__71,clustered__smooth,4,12,12,308,0.033439999999998804,12,,,0,0,,,,0,37,294,task_no_share25,[],23501.445387366777,0,0.0,540.2740899166666,"[1, 2, 4, 5, 7, 9, 10, 13, 17, 18, 19, 20]",4,,71,0,8,12,ordinary,25,full_coverage_and_all_discovered_cleared,253,6483.289079,0.03349108301335946
15,4,True,0,15,8,9,2,clustered__smooth__71,clustered__smooth,4,13,12,311,0.03352199999999783,12,,,0,0,,,,0,37,296,task_trial80_25,[],22579.86311113677,0,0.0,526.66438525,"[1, 2, 4, 5, 7, 9, 10, 13, 17, 18, 19, 20]",4,,71,16,9,12,ordinary,25,full_coverage_and_all_discovered_cleared,261,6319.972623,0.03356995800277218
17,4,True,0,17,6,6,2,clustered__smooth__71,clustered__smooth,6,12,12,313,0.03568700000000291,12,,,0,0,,,,0,37,299,task_share3_25,[],22618.445594583387,0,0.0,528.47409325,"[1, 2, 4, 5, 7, 9, 10, 13, 17, 18, 19, 20]",4,,71,17,9,12,ordinary,25,full_coverage_and_all_discovered_cleared,263,6341.689119,0.03575774998171255
0,0,True,,,,,,clustered__adversarial-positive__67,clustered__adversarial-positive,7,97,10,487,0.030059999999998865,10,,,,,,,,0,,388,baseline_polar25_conservative,[],27708.804705375856,87,19.198850236654035,815.5760955,"[4, 5, 7, 8, 9, 10, 14, 15, 18, 19]",4,,67,,,10,ordinary,25,full_coverage_and_all_discovered_cleared,363,8155.760955,0.030117542017251253
53,24,True,0,53,4,6,12,clustered__adversarial-positive__67,clustered__adversarial-positive,6,12,10,358,0.029654000000000735,10,,,,,,,,0,,344,baseline_bracket25,[],29738.254553028426,0,0.0,800.5650911,"[4, 5, 7, 8, 9, 10, 14, 15, 18, 19]",4,,67,,,10,ordinary,25,full_coverage_and_all_discovered_cleared,282,8005.650911,0.02979541599052027
26,8,True,0,26,3,6,4,clustered__adversarial-positive__67,clustered__adversarial-positive,7,13,10,366,0.025682000000003313,10,,,0,0,,,,0,0,351,task_nearest25,[],24753.50531197327,0,0.0,708.0701064,"[4, 5, 7, 8, 9, 10, 14, 15, 18, 19]",4,,67,6,0,10,ordinary,25,full_coverage_and_all_discovered_cleared,316,7080.701064,0.0257497500278987
16,2,True,0,16,3,5,1,clustered__adversarial-positive__67,clustered__adversarial-positive,7,12,10,369,0.037537000000000376,10,,,0,0,,,,0,35,355,task_two_opt25,[],22892.29888691398,0,0.0,673.7459776,"[4, 5, 7, 8, 9, 10, 14, 15, 18, 19]",4,,67,8,36,10,ordinary,25,full_coverage_and_all_discovered_cleared,328,6737.459776,0.037604042037855834
18,3,True,0,18,2,4,1,clustered__adversarial-positive__67,clustered__adversarial-positive,8,12,10,363,0.030327000000006876,10,,,0,0,,,,0,35,349,task_no_share25,[],22934.447171192944,0,0.0,670.4889435,"[4, 5, 7, 8, 9, 10, 14, 15, 18, 19]",4,,67,0,48,10,ordinary,25,full_coverage_and_all_discovered_cleared,317,6704.889435,0.030401833006180823
16,2,True,0,16,3,6,1,clustered__adversarial-positive__67,clustered__adversarial-positive,7,13,10,370,0.03325699999999898,10,,,0,0,,,,0,35,355,task_trial80_25,[],22901.23115002115,0,0.0,674.0246229,"[4, 5, 7, 8, 9, 10, 14, 15, 18, 19]",4,,67,8,36,10,ordinary,25,full_coverage_and_all_discovered_cleared,326,6740.246229,0.03331441699992865
16,2,True,0,16,3,5,1,clustered__adversarial-positive__67,clustered__adversarial-positive,7,12,10,369,0.03277599999999836,10,,,0,0,,,,0,35,355,task_share3_25,[],22892.29888691398,0,0.0,673.7459776,"[4, 5, 7, 8, 9, 10, 14, 15, 18, 19]",4,,67,8,36,10,ordinary,25,full_coverage_and_all_discovered_cleared,328,6737.459776,0.03280391701264307
0,0,True,,,,,,clustered__adversarial-positive__68,clustered__adversarial-positive,13,16,15,350,0.03384799999999899,15,,,,,,,,0,,332,baseline_polar25_conservative,[],31489.698001007673,1,16.07590495883155,556.1959732,"[2, 4, 5, 6, 8, 9, 11, 12, 13, 14, 15, 16, 17, 19, 20]",4,,68,,,15,ordinary,25,full_coverage_and_all_discovered_cleared,307,8342.939598,0.0338687080075033
54,19,True,0,54,6,9,9,clustered__adversarial-positive__68,clustered__adversarial-positive,9,18,15,258,0.031780999999995174,15,,,,,,,,0,,238,baseline_bracket25,[],32595.451886675186,0,0.0,531.5393582666667,"[2, 4, 5, 6, 8, 9, 11, 12, 13, 14, 15, 16, 17, 19, 20]",4,,68,,,15,ordinary,25,full_coverage_and_all_discovered_cleared,180,7973.090374,0.031830749998334795
26,11,True,0,26,3,6,4,clustered__adversarial-positive__68,clustered__adversarial-positive,12,18,15,394,0.04199599999999748,15,,,0,0,,,,0,0,374,task_nearest25,[],23018.53140757577,0,0.0,460.04708526666667,"[2, 4, 5, 6, 8, 9, 11, 12, 13, 14, 15, 16, 17, 19, 20]",4,,68,41,0,15,ordinary,25,full_coverage_and_all_discovered_cleared,343,6900.706279,0.04205191700020805
34,16,True,0,34,1,4,7,clustered__adversarial-positive__68,clustered__adversarial-positive,14,18,15,312,0.05229299999999881,15,,,0,0,,,,0,40,292,task_two_opt25,[],24277.718401069058,0,0.0,443.9695786666667,"[2, 4, 5, 6, 8, 9, 11, 12, 13, 14, 15, 16, 17, 19, 20]",4,,68,64,0,15,ordinary,25,full_coverage_and_all_discovered_cleared,260,6659.54368,0.05233395897084847
20,5,True,0,20,0,4,2,clustered__adversarial-positive__68,clustered__adversarial-positive,15,19,15,393,0.04696299999999809,15,,,0,0,,,,0,40,372,task_no_share25,[],22860.81906906222,0,0.0,457.21092066666665,"[2, 4, 5, 6, 8, 9, 11, 12, 13, 14, 15, 16, 17, 19, 20]",4,,68,0,4,15,ordinary,25,full_coverage_and_all_discovered_cleared,339,6858.16381,0.04700125003000721
31,15,True,0,31,3,8,7,clustered__adversarial-positive__68,clustered__adversarial-positive,12,20,15,307,0.051598999999995954,15,,,0,0,,,,0,40,285,task_trial80_25,[],24263.848173517334,0,0.0,441.3846423333333,"[2, 4, 5, 6, 8, 9, 11, 12, 13, 14, 15, 16, 17, 19, 20]",4,,68,60,0,15,ordinary,25,full_coverage_and_all_discovered_cleared,253,6620.769635,0.05166900000767782
34,16,True,0,34,1,4,7,clustered__adversarial-positive__68,clustered__adversarial-positive,14,18,15,310,0.05211700000000263,15,,,0,0,,,,0,40,290,task_share3_25,[],24277.718401069058,0,0.0,443.16957866666667,"[2, 4, 5, 6, 8, 9, 11, 12, 13, 14, 15, 16, 17, 19, 20]",4,,68,62,0,15,ordinary,25,full_coverage_and_all_discovered_cleared,258,6647.54368,0.05217662500217557
0,0,True,,,,,,clustered__adversarial-positive__69,clustered__adversarial-positive,14,15,15,337,0.033986000000005845,15,,,,,,,,0,,320,baseline_polar25_conservative,[],23075.905173055413,0,0.0,439.0120688,"[2, 3, 4, 5, 6, 7, 8, 9, 10, 11, 12, 13, 14, 16, 18]",4,,69,,,15,ordinary,25,full_coverage_and_all_discovered_cleared,295,6585.181032,0.034015166049357504
57,16,True,0,57,4,8,7,clustered__adversarial-positive__69,clustered__adversarial-positive,11,19,15,282,0.03508599999999973,15,,,,,,,,0,,261,baseline_bracket25,[],33007.63911899077,0,0.0,546.1018550666666,"[2, 3, 4, 5, 6, 7, 8, 9, 10, 11, 12, 13, 14, 16, 18]",4,,69,,,15,ordinary,25,full_coverage_and_all_discovered_cleared,198,8191.527826,0.035099165979772806
20,7,True,0,20,2,7,3,clustered__adversarial-positive__69,clustered__adversarial-positive,13,20,15,296,0.03852499999999992,15,,,0,0,,,,0,0,274,task_nearest25,[],22297.30963552754,0,0.0,410.83079519999995,"[2, 3, 4, 5, 6, 7, 8, 9, 10, 11, 12, 13, 14, 16, 18]",4,,69,21,4,15,ordinary,25,full_coverage_and_all_discovered_cleared,243,6162.461928,0.038597416947595775
4,0,True,0,4,8,11,0,clustered__adversarial-positive__69,clustered__adversarial-positive,7,18,15,238,0.04206299999999885,15,,,0,0,,,,0,40,218,task_two_opt25,[],20597.96183747934,0,0.0,365.9061577333333,"[2, 3, 4, 5, 6, 7, 8, 9, 10, 11, 12, 13, 14, 16, 18]",4,,69,19,0,15,ordinary,25,full_coverage_and_all_discovered_cleared,195,5488.592366,0.04209425003500655
8,2,True,0,8,7,9,1,clustered__adversarial-positive__69,clustered__adversarial-positive,8,17,15,222,0.03232100000000315,15,,,0,0,,,,0,40,203,task_no_share25,[],21307.105702899597,0,0.0,369.02807586666665,"[2, 3, 4, 5, 6, 7, 8, 9, 10, 11, 12, 13, 14, 16, 18]",4,,69,0,0,15,ordinary,25,full_coverage_and_all_discovered_cleared,178,5535.421138,0.0323862080113031
4,0,True,0,4,8,11,0,clustered__adversarial-positive__69,clustered__adversarial-positive,7,18,15,238,0.04128899999999902,15,,,0,0,,,,0,40,218,task_trial80_25,[],20597.96183747934,0,0.0,365.9061577333333,"[2, 3, 4, 5, 6, 7, 8, 9, 10, 11, 12, 13, 14, 16, 18]",4,,69,19,0,15,ordinary,25,full_coverage_and_all_discovered_cleared,195,5488.592366,0.04131133301416412
4,0,True,0,4,8,11,0,clustered__adversarial-positive__69,clustered__adversarial-positive,7,18,15,231,0.03749400000000236,15,,,0,0,,,,0,40,211,task_share3_25,[],20601.57209842841,0,0.0,363.1542945333333,"[2, 3, 4, 5, 6, 7, 8, 9, 10, 11, 12, 13, 14, 16, 18]",4,,69,12,0,15,ordinary,25,full_coverage_and_all_discovered_cleared,188,5447.314418,0.03755612502573058
0,0,True,,,,,,clustered__adversarial-positive__70,clustered__adversarial-positive,10,10,10,374,0.02537200000000439,10,,,,,,,,0,,362,baseline_polar25_conservative,[],24700.78265535054,0,0.0,713.8156531,"[2, 3, 5, 10, 11, 13, 15, 16, 19, 20]",4,,70,,,10,ordinary,25,full_coverage_and_all_discovered_cleared,338,7138.156531,0.02537608298007399
38,8,True,0,38,4,7,3,clustered__adversarial-positive__70,clustered__adversarial-positive,6,13,10,340,0.027455000000003338,10,,,,,,,,0,,325,baseline_bracket25,[],30936.894603689714,0,0.0,814.9378921,"[2, 3, 5, 10, 11, 13, 15, 16, 19, 20]",4,,70,,,10,ordinary,25,full_coverage_and_all_discovered_cleared,278,8149.378921,0.027514792047441006
18,3,True,0,18,2,7,0,clustered__adversarial-positive__70,clustered__adversarial-positive,8,15,10,354,0.027234999999997456,10,,,0,0,,,,0,0,337,task_nearest25,[],22994.981452278502,0,0.0,665.3996287,"[2, 3, 5, 10, 11, 13, 15, 16, 19, 20]",4,,70,23,11,10,ordinary,25,full_coverage_and_all_discovered_cleared,305,6653.996287,0.02724429202498868
25,8,True,0,25,3,6,2,clustered__adversarial-positive__70,clustered__adversarial-positive,7,13,10,392,0.037132999999997196,10,,,0,0,,,,0,35,377,task_two_opt25,[],22999.765964724505,0,0.0,688.5953191,"[2, 3, 5, 10, 11, 13, 15, 16, 19, 20]",4,,70,19,20,10,ordinary,25,full_coverage_and_all_discovered_cleared,342,6885.953191,0.037246165971737355
26,8,True,0,26,3,6,2,clustered__adversarial-positive__70,clustered__adversarial-positive,7,13,10,376,0.03308299999999775,10,,,0,0,,,,0,35,361,task_no_share25,[],22967.44983028687,0,0.0,678.2489964,"[2, 3, 5, 10, 11, 13, 15, 16, 19, 20]",4,,70,0,19,10,ordinary,25,full_coverage_and_all_discovered_cleared,325,6782.489964,0.03311716701136902
27,8,True,0,27,1,7,2,clustered__adversarial-positive__70,clustered__adversarial-positive,9,16,10,398,0.03748300000000171,10,,,0,0,,,,0,35,380,task_trial80_25,[],23042.17556324457,0,0.0,692.4435109,"[2, 3, 5, 10, 11, 13, 15, 16, 19, 20]",4,,70,20,20,10,ordinary,25,full_coverage_and_all_discovered_cleared,348,6924.435109,0.03756454202812165
25,8,True,0,25,3,6,2,clustered__adversarial-positive__70,clustered__adversarial-positive,7,13,10,392,0.03629899999999964,10,,,0,0,,,,0,35,377,task_share3_25,[],22999.765964724505,0,0.0,688.5953191,"[2, 3, 5, 10, 11, 13, 15, 16, 19, 20]",4,,70,19,20,10,ordinary,25,full_coverage_and_all_discovered_cleared,342,6885.953191,0.036381457990501076
0,0,True,,,,,,clustered__adversarial-positive__71,clustered__adversarial-positive,12,12,12,317,0.026579999999995607,12,,,,,,,,0,,303,baseline_polar25_conservative,[],27410.573952889397,0,0.0,611.3428993333333,"[1, 2, 4, 5, 7, 9, 10, 13, 17, 18, 19, 20]",4,,71,,,12,ordinary,25,full_coverage_and_all_discovered_cleared,279,7336.114792,0.026607500039972365
56,24,True,0,56,3,8,12,clustered__adversarial-positive__71,clustered__adversarial-positive,9,17,12,314,0.02993200000000229,12,,,,,,,,0,,295,baseline_bracket25,[],28687.160661759946,0,0.0,626.3693443333333,"[1, 2, 4, 5, 7, 9, 10, 13, 17, 18, 19, 20]",4,,71,,,12,ordinary,25,full_coverage_and_all_discovered_cleared,229,7516.432132,0.029974541976116598
27,17,True,0,27,5,7,8,clustered__adversarial-positive__71,clustered__adversarial-positive,7,14,12,338,0.026839999999999975,12,,,0,0,,,,0,0,322,task_nearest25,[],22855.768381604004,0,0.0,544.2628064166666,"[1, 2, 4, 5, 7, 9, 10, 13, 17, 18, 19, 20]",4,,71,19,1,12,ordinary,25,full_coverage_and_all_discovered_cleared,284,6531.153677,0.026866500033065677
14,5,True,0,14,6,6,2,clustered__adversarial-positive__71,clustered__adversarial-positive,6,12,12,311,0.03350900000000223,12,,,0,0,,,,0,37,297,task_two_opt25,[],21961.12308647566,0,0.0,516.6020513333334,"[1, 2, 4, 5, 7, 9, 10, 13, 17, 18, 19, 20]",4,,71,17,9,12,ordinary,25,full_coverage_and_all_discovered_cleared,262,6199.224616,0.03359891701256856
33,11,True,0,33,4,8,5,clustered__adversarial-positive__71,clustered__adversarial-positive,8,16,12,311,0.03335400000000277,12,,,0,0,,,,0,37,293,task_no_share25,[],23873.090313730736,0,0.0,546.6348386666667,"[1, 2, 4, 5, 7, 9, 10, 13, 17, 18, 19, 20]",4,,71,0,1,12,ordinary,25,full_coverage_and_all_discovered_cleared,248,6559.618064,0.03339033399242908
11,5,True,0,11,7,8,2,clustered__adversarial-positive__71,clustered__adversarial-positive,5,13,12,308,0.03125800000000112,12,,,0,0,,,,0,37,293,task_trial80_25,[],21914.791424667386,0,0.0,514.2465235833333,"[1, 2, 4, 5, 7, 9, 10, 13, 17, 18, 19, 20]",4,,71,16,9,12,ordinary,25,full_coverage_and_all_discovered_cleared,260,6170.958283,0.03127658396260813
14,5,True,0,14,6,6,2,clustered__adversarial-positive__71,clustered__adversarial-positive,6,12,12,311,0.03423499999999535,12,,,0,0,,,,0,37,297,task_share3_25,[],21961.12308647566,0,0.0,516.6020513333334,"[1, 2, 4, 5, 7, 9, 10, 13, 17, 18, 19, 20]",4,,71,17,9,12,ordinary,25,full_coverage_and_all_discovered_cleared,262,6199.224616,0.03453079203609377
0,0,True,,,,,,clustered__adversarial-negative__67,clustered__adversarial-negative,7,98,10,488,0.030359999999994614,10,,,,,,,,0,,388,baseline_polar25_conservative,[],27809.386517759285,88,19.168396247046697,817.8877267,"[4, 5, 7, 8, 9, 10, 14, 15, 18, 19]",4,,67,,,10,ordinary,25,full_coverage_and_all_discovered_cleared,363,8178.877267,0.030430208949837834
50,25,True,0,50,5,7,12,clustered__adversarial-negative__67,clustered__adversarial-negative,5,12,10,355,0.02591300000000274,10,,,,,,,,0,,341,baseline_bracket25,[],30417.358907257294,0,0.0,812.6471779999999,"[4, 5, 7, 8, 9, 10, 14, 15, 18, 19]",4,,67,,,10,ordinary,25,full_coverage_and_all_discovered_cleared,282,8126.47178,0.025980542006436735
27,12,True,0,27,2,3,6,clustered__adversarial-negative__67,clustered__adversarial-negative,8,11,10,356,0.02404899999999799,10,,,0,0,,,,0,0,343,task_nearest25,[],25430.566820830514,0,0.0,715.9113363,"[4, 5, 7, 8, 9, 10, 14, 15, 18, 19]",4,,67,6,1,10,ordinary,25,full_coverage_and_all_discovered_cleared,305,7159.113363,0.02407975000096485
17,6,True,0,17,3,4,3,clustered__adversarial-negative__67,clustered__adversarial-negative,7,11,10,372,0.033656000000000574,10,,,0,0,,,,0,35,359,task_two_opt25,[],23807.712286280526,0,0.0,693.7542453,"[4, 5, 7, 8, 9, 10, 14, 15, 18, 19]",4,,67,11,36,10,ordinary,25,full_coverage_and_all_discovered_cleared,328,6937.542453,0.03371316700940952
30,15,True,0,30,3,6,7,clustered__adversarial-negative__67,clustered__adversarial-negative,7,13,10,376,0.030135000000001355,10,,,0,0,,,,0,35,361,task_no_share25,[],24527.108275912255,0,0.0,708.8421652,"[4, 5, 7, 8, 9, 10, 14, 15, 18, 19]",4,,67,0,48,10,ordinary,25,full_coverage_and_all_discovered_cleared,319,7088.421652,0.030170416983310133
16,6,True,0,16,4,5,3,clustered__adversarial-negative__67,clustered__adversarial-negative,6,11,10,371,0.03313600000000605,10,,,0,0,,,,0,35,358,task_trial80_25,[],23796.461873847347,0,0.0,693.0292370999999,"[4, 5, 7, 8, 9, 10, 14, 15, 18, 19]",4,,67,11,36,10,ordinary,25,full_coverage_and_all_discovered_cleared,328,6930.292371,0.033190042013302445
17,6,True,0,17,3,4,3,clustered__adversarial-negative__67,clustered__adversarial-negative,7,11,10,372,0.033667000000001224,10,,,0,0,,,,0,35,359,task_share3_25,[],23807.712286280526,0,0.0,693.7542453,"[4, 5, 7, 8, 9, 10, 14, 15, 18, 19]",4,,67,11,36,10,ordinary,25,full_coverage_and_all_discovered_cleared,328,6937.542453,0.03369616699637845
0,0,True,,,,,,clustered__adversarial-negative__68,clustered__adversarial-negative,13,15,15,349,0.03395299999999679,15,,,,,,,,0,,332,baseline_polar25_conservative,[],31589.52597887779,0,0.0,557.327013,"[2, 4, 5, 6, 8, 9, 11, 12, 13, 14, 15, 16, 17, 19, 20]",4,,68,,,15,ordinary,25,full_coverage_and_all_discovered_cleared,307,8359.905195,0.034056790987960994
51,11,True,0,51,4,6,5,clustered__adversarial-negative__68,clustered__adversarial-negative,11,17,15,254,0.03222999999999843,15,,,,,,,,0,,235,baseline_bracket25,[],33228.72447649798,0,0.0,538.7829928,"[2, 4, 5, 6, 8, 9, 11, 12, 13, 14, 15, 16, 17, 19, 20]",4,,68,,,15,ordinary,25,full_coverage_and_all_discovered_cleared,180,8081.744892,0.032236750004813075
14,4,True,0,14,5,8,2,clustered__adversarial-negative__68,clustered__adversarial-negative,10,18,15,259,0.03159400000000545,15,,,0,0,,,,0,0,239,task_nearest25,[],23464.444633341478,0,0.0,412.1925951333333,"[2, 4, 5, 6, 8, 9, 11, 12, 13, 14, 15, 16, 17, 19, 20]",4,,68,32,0,15,ordinary,25,full_coverage_and_all_discovered_cleared,211,6182.888927,0.031963499961420894
14,2,True,0,14,5,8,1,clustered__adversarial-negative__68,clustered__adversarial-negative,10,18,15,313,0.04340199999999328,15,,,0,0,,,,0,40,293,task_two_opt25,[],23728.42766507986,0,0.0,437.44570219999997,"[2, 4, 5, 6, 8, 9, 11, 12, 13, 14, 15, 16, 17, 19, 20]",4,,68,40,30,15,ordinary,25,full_coverage_and_all_discovered_cleared,267,6561.685533,0.0440088749746792
39,15,True,0,39,5,5,7,clustered__adversarial-negative__68,clustered__adversarial-negative,10,15,15,260,0.03751700000000113,15,,,0,0,,,,0,40,243,task_no_share25,[],25965.728344364074,0,0.0,445.14304453333335,"[2, 4, 5, 6, 8, 9, 11, 12, 13, 14, 15, 16, 17, 19, 20]",4,,68,0,10,15,ordinary,25,full_coverage_and_all_discovered_cleared,194,6677.145668,0.03770895802881569
17,2,True,0,17,7,11,1,clustered__adversarial-negative__68,clustered__adversarial-negative,8,19,15,283,0.04247999999999763,15,,,0,0,,,,0,40,262,task_trial80_25,[],24236.856802209073,0,0.0,431.82475733333337,"[2, 4, 5, 6, 8, 9, 11, 12, 13, 14, 15, 16, 17, 19, 20]",4,,68,39,0,15,ordinary,25,full_coverage_and_all_discovered_cleared,233,6477.37136,0.04257029201835394
14,2,True,0,14,5,8,1,clustered__adversarial-negative__68,clustered__adversarial-negative,10,18,15,311,0.042960000000000775,15,,,0,0,,,,0,40,291,task_share3_25,[],23728.42766507986,0,0.0,436.6457022,"[2, 4, 5, 6, 8, 9, 11, 12, 13, 14, 15, 16, 17, 19, 20]",4,,68,38,30,15,ordinary,25,full_coverage_and_all_discovered_cleared,265,6549.685533,0.043161333014722914
0,0,True,,,,,,clustered__adversarial-negative__69,clustered__adversarial-negative,14,15,15,337,0.0347279999999941,15,,,,,,,,0,,320,baseline_polar25_conservative,[],22971.44963853311,0,0.0,437.6193285333333,"[2, 3, 4, 5, 6, 7, 8, 9, 10, 11, 12, 13, 14, 16, 18]",4,,69,,,15,ordinary,25,full_coverage_and_all_discovered_cleared,295,6564.289928,0.034744542033877224
54,9,True,0,54,1,6,4,clustered__adversarial-negative__69,clustered__adversarial-negative,14,20,15,280,0.03721000000000174,15,,,,,,,,0,,258,baseline_bracket25,[],33024.62220629236,0,0.0,545.5282961333334,"[2, 3, 4, 5, 6, 7, 8, 9, 10, 11, 12, 13, 14, 16, 18]",4,,69,,,15,ordinary,25,full_coverage_and_all_discovered_cleared,198,8182.924442,0.037256832991261035
7,0,True,0,7,3,5,0,clustered__adversarial-negative__69,clustered__adversarial-negative,12,17,15,218,0.028330999999994333,15,,,0,0,,,,0,0,199,task_nearest25,[],21726.490745813222,0,0.0,372.3532100666667,"[2, 3, 4, 5, 6, 7, 8, 9, 10, 11, 12, 13, 14, 16, 18]",4,,69,32,5,15,ordinary,25,full_coverage_and_all_discovered_cleared,164,5585.298151,0.028362207987811416
17,4,True,0,17,1,5,2,clustered__adversarial-negative__69,clustered__adversarial-negative,14,19,15,276,0.04318100000000413,15,,,0,0,,,,0,40,255,task_two_opt25,[],21812.272468804706,0,0.0,396.23029959999997,"[2, 3, 4, 5, 6, 7, 8, 9, 10, 11, 12, 13, 14, 16, 18]",4,,69,32,8,15,ordinary,25,full_coverage_and_all_discovered_cleared,219,5943.454494,0.04321270901709795
24,2,True,0,24,3,9,1,clustered__adversarial-negative__69,clustered__adversarial-negative,12,21,15,257,0.042695000000001926,15,,,0,0,,,,0,40,234,task_no_share25,[],22367.77158842381,0,0.0,395.5702878666667,"[2, 3, 4, 5, 6, 7, 8, 9, 10, 11, 12, 13, 14, 16, 18]",4,,69,0,0,15,ordinary,25,full_coverage_and_all_discovered_cleared,197,5933.554318,0.04272204200970009
15,4,True,0,15,2,7,2,clustered__adversarial-negative__69,clustered__adversarial-negative,13,20,15,274,0.042215999999996257,15,,,0,0,,,,0,40,252,task_trial80_25,[],21812.578001439473,0,0.0,395.30104013333334,"[2, 3, 4, 5, 6, 7, 8, 9, 10, 11, 12, 13, 14, 16, 18]",4,,69,31,8,15,ordinary,25,full_coverage_and_all_discovered_cleared,217,5929.515602,0.04224791598971933
15,4,True,0,15,4,5,2,clustered__adversarial-negative__69,clustered__adversarial-negative,11,16,15,267,0.041133000000002085,15,,,0,0,,,,0,40,249,task_share3_25,[],21724.097990204067,0,0.0,392.1879732,"[2, 3, 4, 5, 6, 7, 8, 9, 10, 11, 12, 13, 14, 16, 18]",4,,69,28,8,15,ordinary,25,full_coverage_and_all_discovered_cleared,215,5882.819598,0.041162375011481345
0,0,True,,,,,,clustered__adversarial-negative__70,clustered__adversarial-negative,10,10,10,374,0.02535699999999963,10,,,,,,,,0,,362,baseline_polar25_conservative,[],24848.2998094303,0,0.0,716.7659961,"[2, 3, 5, 10, 11, 13, 15, 16, 19, 20]",4,,70,,,10,ordinary,25,full_coverage_and_all_discovered_cleared,338,7167.659961,0.025396707991603762
52,22,True,0,52,5,6,10,clustered__adversarial-negative__70,clustered__adversarial-negative,5,11,10,352,0.0279689999999988,10,,,,,,,,0,,339,baseline_bracket25,[],31569.382397377634,0,0.0,833.8876480000001,"[2, 3, 5, 10, 11, 13, 15, 16, 19, 20]",4,,70,,,10,ordinary,25,full_coverage_and_all_discovered_cleared,277,8338.87648,0.027982041996438056
18,6,True,0,18,1,4,2,clustered__adversarial-negative__70,clustered__adversarial-negative,9,13,10,338,0.028496999999994443,10,,,0,0,,,,0,0,323,task_nearest25,[],23572.290466028364,0,0.0,668.3458092,"[2, 3, 5, 10, 11, 13, 15, 16, 19, 20]",4,,70,17,17,10,ordinary,25,full_coverage_and_all_discovered_cleared,295,6683.458092,0.02856937499018386
14,4,True,0,14,2,3,2,clustered__adversarial-negative__70,clustered__adversarial-negative,8,11,10,378,0.037443000000003224,10,,,0,0,,,,0,35,365,task_two_opt25,[],22471.19978021074,0,0.0,670.7239956000001,"[2, 3, 5, 10, 11, 13, 15, 16, 19, 20]",4,,70,17,23,10,ordinary,25,full_coverage_and_all_discovered_cleared,335,6707.239956,0.03750337503151968
14,4,True,0,14,2,3,2,clustered__adversarial-negative__70,clustered__adversarial-negative,8,11,10,363,0.03191299999999586,10,,,0,0,,,,0,35,350,task_no_share25,[],22900.028635738956,0,0.0,669.9005727,"[2, 3, 5, 10, 11, 13, 15, 16, 19, 20]",4,,70,0,22,10,ordinary,25,full_coverage_and_all_discovered_cleared,316,6699.005727,0.03192958398722112
13,4,True,0,13,3,5,2,clustered__adversarial-negative__70,clustered__adversarial-negative,7,12,10,378,0.0372600000000034,10,,,0,0,,,,0,35,364,task_trial80_25,[],22470.30680928828,0,0.0,670.5061361,"[2, 3, 5, 10, 11, 13, 15, 16, 19, 20]",4,,70,17,23,10,ordinary,25,full_coverage_and_all_discovered_cleared,335,6705.061361,0.03730629204073921
14,4,True,0,14,2,3,2,clustered__adversarial-negative__70,clustered__adversarial-negative,8,11,10,378,0.03661000000000314,10,,,0,0,,,,0,35,365,task_share3_25,[],22471.19978021074,0,0.0,670.7239956000001,"[2, 3, 5, 10, 11, 13, 15, 16, 19, 20]",4,,70,17,23,10,ordinary,25,full_coverage_and_all_discovered_cleared,335,6707.239956,0.03662625001743436
0,0,True,,,,,,clustered__adversarial-negative__71,clustered__adversarial-negative,12,12,12,318,0.02750099999999378,12,,,,,,,,0,,304,baseline_polar25_conservative,[],27360.15521098016,0,0.0,611.0025869166667,"[1, 2, 4, 5, 7, 9, 10, 13, 17, 18, 19, 20]",4,,71,,,12,ordinary,25,full_coverage_and_all_discovered_cleared,280,7332.031043,0.027525333978701383
55,23,True,0,55,5,7,11,clustered__adversarial-negative__71,clustered__adversarial-negative,7,14,12,310,0.028668000000003246,12,,,,,,,,0,,294,baseline_bracket25,[],31489.5392846877,0,0.0,671.9089878333333,"[1, 2, 4, 5, 7, 9, 10, 13, 17, 18, 19, 20]",4,,71,,,12,ordinary,25,full_coverage_and_all_discovered_cleared,229,8062.907854,0.028675292036496103
11,6,True,0,11,5,5,3,clustered__adversarial-negative__71,clustered__adversarial-negative,7,12,12,294,0.027552999999997496,12,,,0,0,,,,0,0,280,task_nearest25,[],21363.15400887967,0,0.0,498.38590025,"[1, 2, 4, 5, 7, 9, 10, 13, 17, 18, 19, 20]",4,,71,16,1,12,ordinary,25,full_coverage_and_all_discovered_cleared,248,5980.630803,0.027562083036173135
16,4,True,0,16,6,6,2,clustered__adversarial-negative__71,clustered__adversarial-negative,6,12,12,313,0.035028000000004056,12,,,0,0,,,,0,37,299,task_two_opt25,[],22421.7841926874,0,0.0,525.3630698333333,"[1, 2, 4, 5, 7, 9, 10, 13, 17, 18, 19, 20]",4,,71,18,9,12,ordinary,25,full_coverage_and_all_discovered_cleared,265,6304.356838,0.03506187500897795
30,9,True,0,30,5,7,4,clustered__adversarial-negative__71,clustered__adversarial-negative,7,14,12,313,0.033491999999995414,12,,,0,0,,,,0,37,297,task_no_share25,[],24255.05157274118,0,0.0,554.66752625,"[1, 2, 4, 5, 7, 9, 10, 13, 17, 18, 19, 20]",4,,71,0,8,12,ordinary,25,full_coverage_and_all_discovered_cleared,254,6656.010315,0.033507457992527634
16,4,True,0,16,6,8,2,clustered__adversarial-negative__71,clustered__adversarial-negative,6,14,12,314,0.03469599999999673,12,,,0,0,,,,0,37,298,task_trial80_25,[],22425.556597695726,0,0.0,525.3426100833334,"[1, 2, 4, 5, 7, 9, 10, 13, 17, 18, 19, 20]",4,,71,17,9,12,ordinary,25,full_coverage_and_all_discovered_cleared,263,6304.111321,0.03475120902294293
16,4,True,0,16,6,6,2,clustered__adversarial-negative__71,clustered__adversarial-negative,6,12,12,313,0.03514300000000503,12,,,0,0,,,,0,37,299,task_share3_25,[],22421.7841926874,0,0.0,525.3630698333333,"[1, 2, 4, 5, 7, 9, 10, 13, 17, 18, 19, 20]",4,,71,18,9,12,ordinary,25,full_coverage_and_all_discovered_cleared,265,6304.356838,0.03516899998066947
0,0,True,,,,,,clustered__adversarial-spatial__67,clustered__adversarial-spatial,8,99,10,472,0.030082000000000164,10,,,,,,,,0,,371,baseline_polar25_conservative,[],29027.216447923514,89,19.198850236654035,832.4443306,"[4, 5, 7, 8, 9, 10, 14, 15, 18, 19]",4,,67,,,10,ordinary,25,full_coverage_and_all_discovered_cleared,347,8324.443306,0.03008545801276341
54,27,True,0,54,5,7,13,clustered__adversarial-spatial__67,clustered__adversarial-spatial,5,12,10,359,0.026108000000000686,10,,,,,,,,0,,345,baseline_bracket25,[],30364.824349989078,0,0.0,813.5964868,"[4, 5, 7, 8, 9, 10, 14, 15, 18, 19]",4,,67,,,10,ordinary,25,full_coverage_and_all_discovered_cleared,282,8135.964868,0.026115584012586623
27,14,True,0,27,4,4,7,clustered__adversarial-spatial__67,clustered__adversarial-spatial,6,10,10,352,0.023606000000000904,10,,,0,0,,,,0,0,340,task_nearest25,[],26085.506033691305,0,0.0,726.7101205,"[4, 5, 7, 8, 9, 10, 14, 15, 18, 19]",4,,67,8,15,10,ordinary,25,full_coverage_and_all_discovered_cleared,300,7267.101205,0.023618249979335815
15,4,True,0,15,1,4,2,clustered__adversarial-spatial__67,clustered__adversarial-spatial,9,13,10,369,0.03037700000000143,10,,,0,0,,,,0,35,354,task_two_opt25,[],23018.60304517141,0,0.0,675.972061,"[4, 5, 7, 8, 9, 10, 14, 15, 18, 19]",4,,67,7,35,10,ordinary,25,full_coverage_and_all_discovered_cleared,327,6759.72061,0.0304032500134781
16,3,True,0,16,1,3,1,clustered__adversarial-spatial__67,clustered__adversarial-spatial,9,12,10,361,0.028594999999995707,10,,,0,0,,,,0,35,347,task_no_share25,[],23069.16143533444,0,0.0,672.1832289,"[4, 5, 7, 8, 9, 10, 14, 15, 18, 19]",4,,67,0,48,10,ordinary,25,full_coverage_and_all_discovered_cleared,317,6721.832289,0.028648167033679783
14,4,True,0,14,2,5,2,clustered__adversarial-spatial__67,clustered__adversarial-spatial,8,13,10,368,0.03040200000000226,10,,,0,0,,,,0,35,353,task_trial80_25,[],23021.931713621296,0,0.0,675.4386343,"[4, 5, 7, 8, 9, 10, 14, 15, 18, 19]",4,,67,7,35,10,ordinary,25,full_coverage_and_all_discovered_cleared,326,6754.386343,0.030426083016209304
15,4,True,0,15,1,4,2,clustered__adversarial-spatial__67,clustered__adversarial-spatial,9,13,10,369,0.03010600000000352,10,,,0,0,,,,0,35,354,task_share3_25,[],23018.60304517141,0,0.0,675.972061,"[4, 5, 7, 8, 9, 10, 14, 15, 18, 19]",4,,67,7,35,10,ordinary,25,full_coverage_and_all_discovered_cleared,327,6759.72061,0.03017258399631828
0,0,True,,,,,,clustered__adversarial-spatial__68,clustered__adversarial-spatial,13,19,15,353,0.03392000000000195,15,,,,,,,,0,,332,baseline_polar25_conservative,[],31495.644495499684,4,15.875021509316285,556.8752598666667,"[2, 4, 5, 6, 8, 9, 11, 12, 13, 14, 15, 16, 17, 19, 20]",4,,68,,,15,ordinary,25,full_coverage_and_all_discovered_cleared,307,8353.128898,0.033940166991669685
53,15,True,0,53,3,4,7,clustered__adversarial-spatial__68,clustered__adversarial-spatial,12,16,15,255,0.031655000000000655,15,,,,,,,,0,,237,baseline_bracket25,[],32860.62310261322,0,0.0,534.341641,"[2, 4, 5, 6, 8, 9, 11, 12, 13, 14, 15, 16, 17, 19, 20]",4,,68,,,15,ordinary,25,full_coverage_and_all_discovered_cleared,180,8015.124615,0.031704916968010366
12,2,True,0,12,1,5,1,clustered__adversarial-spatial__68,clustered__adversarial-spatial,14,19,15,252,0.028574000000006095,15,,,0,0,,,,0,0,231,task_nearest25,[],24433.763304977198,0,0.0,422.1835107333334,"[2, 4, 5, 6, 8, 9, 11, 12, 13, 14, 15, 16, 17, 19, 20]",4,,68,30,0,15,ordinary,25,full_coverage_and_all_discovered_cleared,204,6332.752661,0.02858995902352035
27,10,True,0,27,3,8,5,clustered__adversarial-spatial__68,clustered__adversarial-spatial,12,20,15,284,0.04015600000000319,15,,,0,0,,,,0,40,262,task_two_opt25,[],26076.73964152172,0,0.0,455.8898619333333,"[2, 4, 5, 6, 8, 9, 11, 12, 13, 14, 15, 16, 17, 19, 20]",4,,68,42,9,15,ordinary,25,full_coverage_and_all_discovered_cleared,223,6838.347929,0.04020708304597065
39,13,True,0,39,3,4,6,clustered__adversarial-spatial__68,clustered__adversarial-spatial,12,16,15,261,0.03810200000000208,15,,,0,0,,,,0,40,243,task_no_share25,[],25495.882830849092,0,0.0,439.0784376666667,"[2, 4, 5, 6, 8, 9, 11, 12, 13, 14, 15, 16, 17, 19, 20]",4,,68,0,10,15,ordinary,25,full_coverage_and_all_discovered_cleared,194,6586.176565,0.03813887503929436
25,10,True,0,25,4,10,5,clustered__adversarial-spatial__68,clustered__adversarial-spatial,11,21,15,283,0.03873000000000104,15,,,0,0,,,,0,40,260,task_trial80_25,[],26029.183146353247,0,0.0,454.7891085333333,"[2, 4, 5, 6, 8, 9, 11, 12, 13, 14, 15, 16, 17, 19, 20]",4,,68,42,9,15,ordinary,25,full_coverage_and_all_discovered_cleared,223,6821.836628,0.0388207079959102
27,10,True,0,27,3,8,5,clustered__adversarial-spatial__68,clustered__adversarial-spatial,12,20,15,282,0.039979999999999905,15,,,0,0,,,,0,40,260,task_share3_25,[],26076.73964152172,0,0.0,455.0898619333333,"[2, 4, 5, 6, 8, 9, 11, 12, 13, 14, 15, 16, 17, 19, 20]",4,,68,40,9,15,ordinary,25,full_coverage_and_all_discovered_cleared,221,6826.347929,0.04000691598048434
0,0,True,,,,,,clustered__adversarial-spatial__69,clustered__adversarial-spatial,15,15,15,337,0.032859999999999445,15,,,,,,,,0,,320,baseline_polar25_conservative,[],22978.165676526205,0,0.0,437.70887566666664,"[2, 3, 4, 5, 6, 7, 8, 9, 10, 11, 12, 13, 14, 16, 18]",4,,69,,,15,ordinary,25,full_coverage_and_all_discovered_cleared,295,6565.633135,0.032911708985920995
59,18,True,0,59,1,7,7,clustered__adversarial-spatial__69,clustered__adversarial-spatial,14,21,15,286,0.03477999999999781,15,,,,,,,,0,,263,baseline_bracket25,[],33419.74809725328,0,0.0,552.6633078,"[2, 3, 4, 5, 6, 7, 8, 9, 10, 11, 12, 13, 14, 16, 18]",4,,69,,,15,ordinary,25,full_coverage_and_all_discovered_cleared,198,8289.949617,0.03480841702548787
18,10,True,0,18,2,5,5,clustered__adversarial-spatial__69,clustered__adversarial-spatial,13,18,15,242,0.02753799999999984,15,,,0,0,,,,0,0,222,task_nearest25,[],22392.937008799356,0,0.0,390.3058266,"[2, 3, 4, 5, 6, 7, 8, 9, 10, 11, 12, 13, 14, 16, 18]",4,,69,31,11,15,ordinary,25,full_coverage_and_all_discovered_cleared,182,5854.587399,0.027566874981857836
19,10,True,0,19,2,4,5,clustered__adversarial-spatial__69,clustered__adversarial-spatial,13,17,15,275,0.03839500000000129,15,,,0,0,,,,0,40,256,task_two_opt25,[],22510.020718298172,0,0.0,405.2669428,"[2, 3, 4, 5, 6, 7, 8, 9, 10, 11, 12, 13, 14, 16, 18]",4,,69,32,4,15,ordinary,25,full_coverage_and_all_discovered_cleared,216,6079.004142,0.03843345900531858
37,18,True,0,37,3,9,8,clustered__adversarial-spatial__69,clustered__adversarial-spatial,12,21,15,270,0.037665000000004056,15,,,0,0,,,,0,40,247,task_no_share25,[],23885.685303927967,0,0.0,420.2758038666667,"[2, 3, 4, 5, 6, 7, 8, 9, 10, 11, 12, 13, 14, 16, 18]",4,,69,0,0,15,ordinary,25,full_coverage_and_all_discovered_cleared,199,6304.137058,0.03769062500214204
21,11,True,0,21,1,5,5,clustered__adversarial-spatial__69,clustered__adversarial-spatial,14,19,15,281,0.03849699999999956,15,,,0,0,,,,0,40,260,task_trial80_25,[],22619.091246369684,0,0.0,408.7212166,"[2, 3, 4, 5, 6, 7, 8, 9, 10, 11, 12, 13, 14, 16, 18]",4,,69,34,4,15,ordinary,25,full_coverage_and_all_discovered_cleared,220,6130.818249,0.03852658299729228
24,16,True,0,24,1,4,8,clustered__adversarial-spatial__69,clustered__adversarial-spatial,14,18,15,288,0.03737199999999774,15,,,0,0,,,,0,40,268,task_share3_25,[],22255.51899575813,0,0.0,407.07358653333335,"[2, 3, 4, 5, 6, 7, 8, 9, 10, 11, 12, 13, 14, 16, 18]",4,,69,32,2,15,ordinary,25,full_coverage_and_all_discovered_cleared,231,6106.103798,0.037417458021081984
0,0,True,,,,,,clustered__adversarial-spatial__70,clustered__adversarial-spatial,10,10,10,374,0.02539900000000017,10,,,,,,,,0,,362,baseline_polar25_conservative,[],24411.842544885203,0,0.0,708.0368509,"[2, 3, 5, 10, 11, 13, 15, 16, 19, 20]",4,,70,,,10,ordinary,25,full_coverage_and_all_discovered_cleared,338,7080.368509,0.025411833019461483
51,17,True,0,51,1,6,7,clustered__adversarial-spatial__70,clustered__adversarial-spatial,9,15,10,355,0.029596000000005063,10,,,,,,,,0,,338,baseline_bracket25,[],30505.58085768079,0,0.0,813.4116172,"[2, 3, 5, 10, 11, 13, 15, 16, 19, 20]",4,,70,,,10,ordinary,25,full_coverage_and_all_discovered_cleared,278,8134.116172,0.02963733399519697
17,5,True,0,17,2,6,2,clustered__adversarial-spatial__70,clustered__adversarial-spatial,8,14,10,353,0.027175999999997202,10,,,0,0,,,,0,0,337,task_nearest25,[],23000.10189706887,0,0.0,665.1020381000001,"[2, 3, 5, 10, 11, 13, 15, 16, 19, 20]",4,,70,11,19,10,ordinary,25,full_coverage_and_all_discovered_cleared,304,6651.020381,0.02720695798052475
11,0,True,0,11,1,4,0,clustered__adversarial-spatial__70,clustered__adversarial-spatial,9,13,10,389,0.03790800000000161,10,,,0,0,,,,0,35,374,task_two_opt25,[],21087.922034354466,0,0.0,649.4584408,"[2, 3, 5, 10, 11, 13, 15, 16, 19, 20]",4,,70,8,41,10,ordinary,25,full_coverage_and_all_discovered_cleared,348,6494.584408,0.037955167004838586
11,0,True,0,11,1,4,0,clustered__adversarial-spatial__70,clustered__adversarial-spatial,9,13,10,399,0.0361559999999983,10,,,0,0,,,,0,35,384,task_no_share25,[],21099.193344956046,0,0.0,655.483867,"[2, 3, 5, 10, 11, 13, 15, 16, 19, 20]",4,,70,0,23,10,ordinary,25,full_coverage_and_all_discovered_cleared,356,6554.83867,0.036194250045809895
11,0,True,0,11,0,4,0,clustered__adversarial-spatial__70,clustered__adversarial-spatial,10,14,10,390,0.03730900000000048,10,,,0,0,,,,0,35,374,task_trial80_25,[],21098.21489681265,0,0.0,649.9642977999999,"[2, 3, 5, 10, 11, 13, 15, 16, 19, 20]",4,,70,8,41,10,ordinary,25,full_coverage_and_all_discovered_cleared,348,6499.642978,0.037326416990254074
11,0,True,0,11,1,4,0,clustered__adversarial-spatial__70,clustered__adversarial-spatial,9,13,10,389,0.037911999999998613,10,,,0,0,,,,0,35,374,task_share3_25,[],21087.922034354466,0,0.0,649.4584408,"[2, 3, 5, 10, 11, 13, 15, 16, 19, 20]",4,,70,8,41,10,ordinary,25,full_coverage_and_all_discovered_cleared,348,6494.584408,0.03795654099667445
0,0,True,,,,,,clustered__adversarial-spatial__71,clustered__adversarial-spatial,12,12,12,311,0.025544999999993934,12,,,,,,,,0,,297,baseline_polar25_conservative,[],26667.69722558949,0,0.0,595.9616205,"[1, 2, 4, 5, 7, 9, 10, 13, 17, 18, 19, 20]",4,,71,,,12,ordinary,25,full_coverage_and_all_discovered_cleared,273,7151.539446,0.025577374966815114
53,22,True,0,53,2,8,11,clustered__adversarial-spatial__71,clustered__adversarial-spatial,10,18,12,312,0.028170999999993285,12,,,,,,,,0,,292,baseline_bracket25,[],29101.775709279118,0,0.0,632.2795954166667,"[1, 2, 4, 5, 7, 9, 10, 13, 17, 18, 19, 20]",4,,71,,,12,ordinary,25,full_coverage_and_all_discovered_cleared,229,7587.355145,0.02819441701285541
25,16,True,0,25,3,5,8,clustered__adversarial-spatial__71,clustered__adversarial-spatial,9,14,12,330,0.025778999999999996,12,,,0,0,,,,0,0,314,task_nearest25,[],22513.49775884051,0,0.0,534.47496275,"[1, 2, 4, 5, 7, 9, 10, 13, 17, 18, 19, 20]",4,,71,23,16,12,ordinary,25,full_coverage_and_all_discovered_cleared,275,6413.699553,0.025790916988626122
19,12,True,0,19,2,4,6,clustered__adversarial-spatial__71,clustered__adversarial-spatial,10,14,12,328,0.031143000000000143,12,,,0,0,,,,0,37,312,task_two_opt25,[],21985.740459537934,0,0.0,525.2623410833334,"[1, 2, 4, 5, 7, 9, 10, 13, 17, 18, 19, 20]",4,,71,21,22,12,ordinary,25,full_coverage_and_all_discovered_cleared,280,6303.148093,0.031225042010191828
39,14,True,0,39,2,7,7,clustered__adversarial-spatial__71,clustered__adversarial-spatial,10,17,12,346,0.035650999999994326,12,,,0,0,,,,0,37,327,task_no_share25,[],23169.688444533233,0,0.0,551.7448073333334,"[1, 2, 4, 5, 7, 9, 10, 13, 17, 18, 19, 20]",4,,71,0,0,12,ordinary,25,full_coverage_and_all_discovered_cleared,277,6620.937688,0.035676042025443166
28,18,True,0,28,3,6,9,clustered__adversarial-spatial__71,clustered__adversarial-spatial,9,15,12,330,0.03166399999999925,12,,,0,0,,,,0,37,313,task_trial80_25,[],23254.901536748624,0,0.0,546.4983588333333,"[1, 2, 4, 5, 7, 9, 10, 13, 17, 18, 19, 20]",4,,71,21,12,12,ordinary,25,full_coverage_and_all_discovered_cleared,273,6557.980306,0.031716124969534576
19,12,True,0,19,3,5,6,clustered__adversarial-spatial__71,clustered__adversarial-spatial,9,14,12,333,0.03064499999999981,12,,,0,0,,,,0,37,317,task_share3_25,[],21959.923878864472,0,0.0,527.3320646666667,"[1, 2, 4, 5, 7, 9, 10, 13, 17, 18, 19, 20]",4,,71,19,15,12,ordinary,25,full_coverage_and_all_discovered_cleared,285,6327.984776,0.030726708995644003
0,0,True,,,,,,boundary_outward_min__n10__positive,boundary_outward_min,1,30,10,519,0.020429999999997506,10,,,,,,,,0,,487,baseline_polar25_conservative,[],44734.22600223122,20,19.105622239889488,1195.3845199,"[1, 2, 7, 10, 11, 13, 14, 15, 18, 20]",4,,142,,,10,stress,25,full_coverage_and_all_discovered_cleared,462,11953.845199,0.020449957984965295
76,66,True,0,76,4,9,32,boundary_outward_min__n10__positive,boundary_outward_min,6,15,10,507,0.029384999999997774,10,,,,,,,,0,,490,baseline_bracket25,[],28820.000384373703,0,0.0,868.6000076,"[1, 2, 7, 10, 11, 13, 14, 15, 18, 20]",4,,142,,,10,stress,25,full_coverage_and_all_discovered_cleared,407,8686.000076,0.029431333008687943
76,66,True,0,76,4,9,32,boundary_outward_min__n10__positive,boundary_outward_min,6,15,10,503,0.025059999999996307,10,,,0,0,,,,0,0,486,task_nearest25,[],30649.39505083877,0,0.0,902.9879008,"[1, 2, 7, 10, 11, 13, 14, 15, 18, 20]",4,,142,6,0,10,stress,25,full_coverage_and_all_discovered_cleared,405,9029.879008,0.025088833004701883
76,66,True,0,76,4,9,32,boundary_outward_min__n10__positive,boundary_outward_min,6,15,10,503,0.02936499999999853,10,,,0,0,,,,0,35,486,task_two_opt25,[],30649.39505083877,0,0.0,902.9879008,"[1, 2, 7, 10, 11, 13, 14, 15, 18, 20]",4,,142,6,0,10,stress,25,full_coverage_and_all_discovered_cleared,405,9029.879008,0.02939866599626839
76,66,True,0,76,4,9,32,boundary_outward_min__n10__positive,boundary_outward_min,6,15,10,497,0.02875099999999975,10,,,0,0,,,,0,35,480,task_no_share25,[],30649.39505083877,0,0.0,899.1879008,"[1, 2, 7, 10, 11, 13, 14, 15, 18, 20]",4,,142,0,0,10,stress,25,full_coverage_and_all_discovered_cleared,397,8991.879008,0.02881854196311906
78,70,True,0,78,2,9,34,boundary_outward_min__n10__positive,boundary_outward_min,8,17,10,506,0.028015000000003454,10,,,0,0,,,,0,35,487,task_trial80_25,[],30620.805704784223,0,0.0,903.3161141,"[1, 2, 7, 10, 11, 13, 14, 15, 18, 20]",4,,142,5,0,10,stress,25,full_coverage_and_all_discovered_cleared,403,9033.161141,0.028060125012416393
76,66,True,0,76,4,9,32,boundary_outward_min__n10__positive,boundary_outward_min,6,15,10,503,0.028674999999999784,10,,,0,0,,,,0,35,486,task_share3_25,[],30649.39505083877,0,0.0,902.9879008,"[1, 2, 7, 10, 11, 13, 14, 15, 18, 20]",4,,142,6,0,10,stress,25,full_coverage_and_all_discovered_cleared,405,9029.879008,0.028678666974883527
0,0,True,,,,,,boundary_outward_min__n10__negative,boundary_outward_min,1,22,10,512,0.02084299999999928,10,,,,,,,,0,,488,baseline_polar25_conservative,[],43752.645836645934,12,19.101796769158238,1173.9529164,"[1, 2, 7, 10, 11, 13, 14, 15, 18, 20]",4,,143,,,10,stress,25,full_coverage_and_all_discovered_cleared,463,11739.529164,0.02084945800015703
72,64,True,0,72,3,8,32,boundary_outward_min__n10__negative,boundary_outward_min,7,15,10,503,0.0232249999999965,10,,,,,,,,0,,486,baseline_bracket25,[],28578.726194658717,0,0.0,861.7745242999999,"[1, 2, 7, 10, 11, 13, 14, 15, 18, 20]",4,,143,,,10,stress,25,full_coverage_and_all_discovered_cleared,407,8617.745243,0.023333624994847924
72,64,True,0,72,3,8,32,boundary_outward_min__n10__negative,boundary_outward_min,7,15,10,495,0.023904999999999177,10,,,0,0,,,,0,0,478,task_nearest25,[],30428.64654890642,0,0.0,893.7729313,"[1, 2, 7, 10, 11, 13, 14, 15, 18, 20]",4,,143,2,0,10,stress,25,full_coverage_and_all_discovered_cleared,397,8937.729313,0.023948665999341756
72,64,True,0,72,3,8,32,boundary_outward_min__n10__negative,boundary_outward_min,7,15,10,495,0.027447999999999695,10,,,0,0,,,,0,35,478,task_two_opt25,[],30428.64654890642,0,0.0,893.7729313,"[1, 2, 7, 10, 11, 13, 14, 15, 18, 20]",4,,143,2,0,10,stress,25,full_coverage_and_all_discovered_cleared,397,8937.729313,0.027464875020086765
72,64,True,0,72,3,8,32,boundary_outward_min__n10__negative,boundary_outward_min,7,15,10,493,0.02667600000000192,10,,,0,0,,,,0,35,476,task_no_share25,[],30428.64654890642,0,0.0,892.7729313,"[1, 2, 7, 10, 11, 13, 14, 15, 18, 20]",4,,143,0,0,10,stress,25,full_coverage_and_all_discovered_cleared,397,8927.729313,0.02669733396032825
78,70,True,0,78,0,8,35,boundary_outward_min__n10__negative,boundary_outward_min,10,18,10,504,0.02772300000000172,10,,,0,0,,,,0,35,484,task_trial80_25,[],30533.26581919337,0,0.0,899.7653164,"[1, 2, 7, 10, 11, 13, 14, 15, 18, 20]",4,,143,2,0,10,stress,25,full_coverage_and_all_discovered_cleared,397,8997.653164,0.027784958016127348
72,64,True,0,72,3,8,32,boundary_outward_min__n10__negative,boundary_outward_min,7,15,10,495,0.02715299999999843,10,,,0,0,,,,0,35,478,task_share3_25,[],30428.64654890642,0,0.0,893.7729313,"[1, 2, 7, 10, 11, 13, 14, 15, 18, 20]",4,,143,2,0,10,stress,25,full_coverage_and_all_discovered_cleared,397,8937.729313,0.027293041988741606
0,0,True,,,,,,boundary_outward_min__n10__spatial,boundary_outward_min,1,22,10,511,0.020217000000002372,10,,,,,,,,0,,487,baseline_polar25_conservative,[],44343.75043196948,12,19.105622239889488,1185.1750084,"[1, 2, 7, 10, 11, 13, 14, 15, 18, 20]",4,,144,,,10,stress,25,full_coverage_and_all_discovered_cleared,462,11851.750084,0.020274999958928674
68,62,True,0,68,4,7,31,boundary_outward_min__n10__spatial,boundary_outward_min,6,13,10,497,0.021345000000003722,10,,,,,,,,0,,482,baseline_bracket25,[],28680.249213755556,0,0.0,861.2049843000001,"[1, 2, 7, 10, 11, 13, 14, 15, 18, 20]",4,,144,,,10,stress,25,full_coverage_and_all_discovered_cleared,407,8612.049843,0.021344834007322788
68,62,True,0,68,4,7,31,boundary_outward_min__n10__spatial,boundary_outward_min,6,13,10,489,0.022247000000000128,10,,,0,0,,,,0,0,474,task_nearest25,[],30512.73636874077,0,0.0,892.8547272,"[1, 2, 7, 10, 11, 13, 14, 15, 18, 20]",4,,144,2,0,10,stress,25,full_coverage_and_all_discovered_cleared,397,8928.547272,0.022263624996412545
68,62,True,0,68,4,7,31,boundary_outward_min__n10__spatial,boundary_outward_min,6,13,10,489,0.026049000000000433,10,,,0,0,,,,0,35,474,task_two_opt25,[],30512.73636874077,0,0.0,892.8547272,"[1, 2, 7, 10, 11, 13, 14, 15, 18, 20]",4,,144,2,0,10,stress,25,full_coverage_and_all_discovered_cleared,397,8928.547272,0.02611124998657033
68,62,True,0,68,4,7,31,boundary_outward_min__n10__spatial,boundary_outward_min,6,13,10,487,0.025896000000003028,10,,,0,0,,,,0,35,472,task_no_share25,[],30512.73636874077,0,0.0,891.8547272,"[1, 2, 7, 10, 11, 13, 14, 15, 18, 20]",4,,144,0,0,10,stress,25,full_coverage_and_all_discovered_cleared,397,8918.547272,0.025942875014152378
75,68,True,0,75,0,8,34,boundary_outward_min__n10__spatial,boundary_outward_min,10,18,10,501,0.027231999999997925,10,,,0,0,,,,0,35,481,task_trial80_25,[],30612.453809130344,0,0.0,899.8490763,"[1, 2, 7, 10, 11, 13, 14, 15, 18, 20]",4,,144,2,0,10,stress,25,full_coverage_and_all_discovered_cleared,397,8998.490763,0.027388041955418885
68,62,True,0,68,4,7,31,boundary_outward_min__n10__spatial,boundary_outward_min,6,13,10,489,0.026222999999994556,10,,,0,0,,,,0,35,474,task_share3_25,[],30512.73636874077,0,0.0,892.8547272,"[1, 2, 7, 10, 11, 13, 14, 15, 18, 20]",4,,144,2,0,10,stress,25,full_coverage_and_all_discovered_cleared,397,8928.547272,0.026274834002833813
0,0,True,,,,,,boundary_outward_min__n16__positive,boundary_outward_min,1,87,16,576,0.025730000000002917,16,,,,,,,,0,,487,baseline_polar25_conservative,[],58373.843093901836,71,13.43764843217504,929.048037625,"[2, 3, 4, 5, 6, 7, 8, 9, 10, 11, 12, 14, 15, 16, 18, 20]",4,,145,,,16,stress,25,full_coverage_and_all_discovered_cleared,462,14864.768602,0.025784041034057736
25,5,True,0,25,0,1,0,boundary_outward_min__n16__positive,boundary_outward_min,16,17,16,414,0.027036999999999978,16,,,,,,,,0,,395,baseline_bracket25,[],22226.25399030696,0,0.0,429.9531746875,"[2, 3, 4, 5, 6, 7, 8, 9, 10, 11, 12, 14, 15, 16, 18, 20]",4,,145,,,16,stress,25,full_coverage_and_all_discovered_cleared,376,6879.250795,0.0270976250176318
25,5,True,0,25,0,1,0,boundary_outward_min__n16__positive,boundary_outward_min,16,17,16,399,0.027073999999998932,16,,,0,0,,,,0,0,380,task_nearest25,[],25052.10304362745,0,0.0,459.5887878125,"[2, 3, 4, 5, 6, 7, 8, 9, 10, 11, 12, 14, 15, 16, 18, 20]",4,,145,0,0,16,stress,25,public_upper_bound_16,360,7353.420605,0.027073540957644582
25,5,True,0,25,0,1,0,boundary_outward_min__n16__positive,boundary_outward_min,16,17,16,399,0.03143999999999636,16,,,0,0,,,,0,41,380,task_two_opt25,[],25052.10304362745,0,0.0,459.5887878125,"[2, 3, 4, 5, 6, 7, 8, 9, 10, 11, 12, 14, 15, 16, 18, 20]",4,,145,0,0,16,stress,25,public_upper_bound_16,360,7353.420605,0.03171025001211092
25,5,True,0,25,0,1,0,boundary_outward_min__n16__positive,boundary_outward_min,16,17,16,399,0.03080800000000039,16,,,0,0,,,,0,41,380,task_no_share25,[],25052.10304362745,0,0.0,459.5887878125,"[2, 3, 4, 5, 6, 7, 8, 9, 10, 11, 12, 14, 15, 16, 18, 20]",4,,145,0,0,16,stress,25,public_upper_bound_16,360,7353.420605,0.030807417002506554
25,5,True,0,25,0,1,0,boundary_outward_min__n16__positive,boundary_outward_min,16,17,16,399,0.03106000000000364,16,,,0,0,,,,0,41,380,task_trial80_25,[],25052.53386891655,0,0.0,459.594173125,"[2, 3, 4, 5, 6, 7, 8, 9, 10, 11, 12, 14, 15, 16, 18, 20]",4,,145,0,0,16,stress,25,public_upper_bound_16,360,7353.50677,0.031105667003430426
25,5,True,0,25,0,1,0,boundary_outward_min__n16__positive,boundary_outward_min,16,17,16,399,0.030892000000001474,16,,,0,0,,,,0,41,380,task_share3_25,[],25052.10304362745,0,0.0,459.5887878125,"[2, 3, 4, 5, 6, 7, 8, 9, 10, 11, 12, 14, 15, 16, 18, 20]",4,,145,0,0,16,stress,25,public_upper_bound_16,360,7353.420605,0.03089304204331711
0,0,True,,,,,,boundary_outward_min__n16__negative,boundary_outward_min,1,124,16,614,0.02820599999999729,16,,,,,,,,0,,488,baseline_polar25_conservative,[],60467.067732697236,108,17.02926724626238,962.52584375,"[2, 3, 4, 5, 6, 7, 8, 9, 10, 11, 12, 14, 15, 16, 18, 20]",4,,146,,,16,stress,25,full_coverage_and_all_discovered_cleared,463,15400.4135,0.028305458021350205
85,65,True,0,85,15,16,30,boundary_outward_min__n16__negative,boundary_outward_min,1,17,16,474,0.03287900000000121,16,,,,,,,,0,,455,baseline_bracket25,[],26000.785363179355,0,0.0,495.8848161875,"[2, 3, 4, 5, 6, 7, 8, 9, 10, 11, 12, 14, 15, 16, 18, 20]",4,,146,,,16,stress,25,full_coverage_and_all_discovered_cleared,376,7934.157059,0.03307066601701081
85,65,True,0,85,15,16,30,boundary_outward_min__n16__negative,boundary_outward_min,1,17,16,459,0.03244399999999814,16,,,0,0,,,,0,0,440,task_nearest25,[],28787.699796257617,0,0.0,525.033746625,"[2, 3, 4, 5, 6, 7, 8, 9, 10, 11, 12, 14, 15, 16, 18, 20]",4,,146,0,0,16,stress,25,public_upper_bound_16,360,8400.539946,0.032575084012933075
85,65,True,0,85,15,16,30,boundary_outward_min__n16__negative,boundary_outward_min,1,17,16,459,0.03570400000000262,16,,,0,0,,,,0,41,440,task_two_opt25,[],28787.699796257617,0,0.0,525.033746625,"[2, 3, 4, 5, 6, 7, 8, 9, 10, 11, 12, 14, 15, 16, 18, 20]",4,,146,0,0,16,stress,25,public_upper_bound_16,360,8400.539946,0.035824541992042214
85,65,True,0,85,15,16,30,boundary_outward_min__n16__negative,boundary_outward_min,1,17,16,459,0.03569399999999945,16,,,0,0,,,,0,41,440,task_no_share25,[],28787.699796257617,0,0.0,525.033746625,"[2, 3, 4, 5, 6, 7, 8, 9, 10, 11, 12, 14, 15, 16, 18, 20]",4,,146,0,0,16,stress,25,public_upper_bound_16,360,8400.539946,0.03583066596183926
122,102,True,0,122,0,16,45,boundary_outward_min__n16__negative,boundary_outward_min,16,32,16,511,0.03869499999999704,16,,,0,0,,,,0,41,477,task_trial80_25,[],29312.715391472433,0,0.0,545.97144025,"[2, 3, 4, 5, 6, 7, 8, 9, 10, 11, 12, 14, 15, 16, 18, 20]",4,,146,0,0,16,stress,25,public_upper_bound_16,360,8735.543044,0.03887154196854681
85,65,True,0,85,15,16,30,boundary_outward_min__n16__negative,boundary_outward_min,1,17,16,459,0.03693599999999719,16,,,0,0,,,,0,41,440,task_share3_25,[],28787.699796257617,0,0.0,525.033746625,"[2, 3, 4, 5, 6, 7, 8, 9, 10, 11, 12, 14, 15, 16, 18, 20]",4,,146,0,0,16,stress,25,public_upper_bound_16,360,8400.539946,0.03715329198166728
0,0,True,,,,,,boundary_outward_min__n16__spatial,boundary_outward_min,1,87,16,576,0.026077000000000794,16,,,,,,,,0,,487,baseline_polar25_conservative,[],59258.867473572005,71,17.029267246262272,940.1108420625,"[2, 3, 4, 5, 6, 7, 8, 9, 10, 11, 12, 14, 15, 16, 18, 20]",4,,147,,,16,stress,25,full_coverage_and_all_discovered_cleared,462,15041.773473,0.026139041990973055
55,35,True,0,55,7,8,14,boundary_outward_min__n16__spatial,boundary_outward_min,9,17,16,444,0.02868000000000137,16,,,,,,,,0,,425,baseline_bracket25,[],24187.328522665015,0,0.0,463.8416058125,"[2, 3, 4, 5, 6, 7, 8, 9, 10, 11, 12, 14, 15, 16, 18, 20]",4,,147,,,16,stress,25,full_coverage_and_all_discovered_cleared,376,7421.465693,0.028775832965038717
55,35,True,0,55,7,8,14,boundary_outward_min__n16__spatial,boundary_outward_min,9,17,16,429,0.029534000000005278,16,,,0,0,,,,0,0,410,task_nearest25,[],27003.776652964934,0,0.0,493.3597075,"[2, 3, 4, 5, 6, 7, 8, 9, 10, 11, 12, 14, 15, 16, 18, 20]",4,,147,0,0,16,stress,25,public_upper_bound_16,360,7893.75532,0.029606333002448082
55,35,True,0,55,7,8,14,boundary_outward_min__n16__spatial,boundary_outward_min,9,17,16,429,0.033923999999998955,16,,,0,0,,,,0,41,410,task_two_opt25,[],27003.776652964934,0,0.0,493.3597075,"[2, 3, 4, 5, 6, 7, 8, 9, 10, 11, 12, 14, 15, 16, 18, 20]",4,,147,0,0,16,stress,25,public_upper_bound_16,360,7893.75532,0.03403233300196007
55,35,True,0,55,7,8,14,boundary_outward_min__n16__spatial,boundary_outward_min,9,17,16,429,0.033048000000000854,16,,,0,0,,,,0,41,410,task_no_share25,[],27003.776652964934,0,0.0,493.3597075,"[2, 3, 4, 5, 6, 7, 8, 9, 10, 11, 12, 14, 15, 16, 18, 20]",4,,147,0,0,16,stress,25,public_upper_bound_16,360,7893.75532,0.033129667048342526
70,46,True,0,70,0,8,17,boundary_outward_min__n16__spatial,boundary_outward_min,16,24,16,451,0.03561200000000042,16,,,0,0,,,,0,41,425,task_trial80_25,[],27224.21283961235,0,0.0,502.11515975,"[2, 3, 4, 5, 6, 7, 8, 9, 10, 11, 12, 14, 15, 16, 18, 20]",4,,147,0,0,16,stress,25,public_upper_bound_16,360,8033.842556,0.035655333020258695
55,35,True,0,55,7,8,14,boundary_outward_min__n16__spatial,boundary_outward_min,9,17,16,429,0.033052000000004966,16,,,0,0,,,,0,41,410,task_share3_25,[],27003.776652964934,0,0.0,493.3597075,"[2, 3, 4, 5, 6, 7, 8, 9, 10, 11, 12, 14, 15, 16, 18, 20]",4,,147,0,0,16,stress,25,public_upper_bound_16,360,7893.75532,0.033086500014178455
0,0,True,,,,,,near_collinear_min__n10__positive,near_collinear_min,7,14,10,424,0.024679999999996483,10,,,,,,,,0,,408,baseline_polar25_conservative,[],30211.793230745072,4,19.091288452408406,852.7358645,"[1, 2, 5, 8, 11, 14, 15, 17, 18, 20]",4,,148,,,10,stress,25,full_coverage_and_all_discovered_cleared,383,8527.358645,0.02471270802197978
46,24,True,0,46,4,4,12,near_collinear_min__n10__positive,near_collinear_min,6,10,10,408,0.025953000000001225,10,,,,,,,,0,,396,baseline_bracket25,[],29124.267122501456,0,0.0,819.6853427,"[1, 2, 5, 8, 11, 14, 15, 17, 18, 20]",4,,148,,,10,stress,25,full_coverage_and_all_discovered_cleared,342,8196.853427,0.02599137503420934
22,10,True,0,22,2,2,5,near_collinear_min__n10__positive,near_collinear_min,8,10,10,419,0.02492600000000067,10,,,0,0,,,,0,0,407,task_nearest25,[],25205.508874678504,0,0.0,749.6101778999999,"[1, 2, 5, 8, 11, 14, 15, 17, 18, 20]",4,,148,9,0,10,stress,25,full_coverage_and_all_discovered_cleared,370,7496.101779,0.024964084033854306
31,16,True,0,31,1,2,8,near_collinear_min__n10__positive,near_collinear_min,9,11,10,444,0.031531000000001086,10,,,0,0,,,,0,35,431,task_two_opt25,[],27987.18697086237,0,0.0,819.3437395999999,"[1, 2, 5, 8, 11, 14, 15, 17, 18, 20]",4,,148,16,14,10,stress,25,full_coverage_and_all_discovered_cleared,388,8193.437396,0.03158533398527652
33,18,True,0,33,1,2,9,near_collinear_min__n10__positive,near_collinear_min,9,11,10,430,0.029746000000002937,10,,,0,0,,,,0,35,417,task_no_share25,[],28060.155306056127,0,0.0,812.1031062,"[1, 2, 5, 8, 11, 14, 15, 17, 18, 20]",4,,148,0,14,10,stress,25,full_coverage_and_all_discovered_cleared,371,8121.031062,0.029810709005687386
31,16,True,0,31,1,3,8,near_collinear_min__n10__positive,near_collinear_min,9,12,10,445,0.031589000000003864,10,,,0,0,,,,0,35,431,task_trial80_25,[],27986.1014896248,0,0.0,819.6220301,"[1, 2, 5, 8, 11, 14, 15, 17, 18, 20]",4,,148,16,14,10,stress,25,full_coverage_and_all_discovered_cleared,388,8196.220301,0.031607416982296854
31,16,True,0,31,1,2,8,near_collinear_min__n10__positive,near_collinear_min,9,11,10,444,0.03168700000000513,10,,,0,0,,,,0,35,431,task_share3_25,[],27987.18697086237,0,0.0,819.3437395999999,"[1, 2, 5, 8, 11, 14, 15, 17, 18, 20]",4,,148,16,14,10,stress,25,full_coverage_and_all_discovered_cleared,388,8193.437396,0.03172612504567951
0,0,True,,,,,,near_collinear_min__n10__negative,near_collinear_min,7,14,10,424,0.02557000000000187,10,,,,,,,,0,,408,baseline_polar25_conservative,[],30515.410441634915,4,19.123270171461602,858.8082089,"[1, 2, 5, 8, 11, 14, 15, 17, 18, 20]",4,,149,,,10,stress,25,full_coverage_and_all_discovered_cleared,383,8588.082089,0.025602250010706484
56,35,True,0,56,6,6,17,near_collinear_min__n10__negative,near_collinear_min,4,10,10,418,0.025945999999997582,10,,,,,,,,0,,406,baseline_bracket25,[],30224.13077663955,0,0.0,846.6826158,"[1, 2, 5, 8, 11, 14, 15, 17, 18, 20]",4,,149,,,10,stress,25,full_coverage_and_all_discovered_cleared,342,8466.826158,0.025983290979638696
27,17,True,0,27,4,4,8,near_collinear_min__n10__negative,near_collinear_min,6,10,10,422,0.025157000000000096,10,,,0,0,,,,0,0,410,task_nearest25,[],25777.599042403555,0,0.0,762.4519805,"[1, 2, 5, 8, 11, 14, 15, 17, 18, 20]",4,,149,7,0,10,stress,25,full_coverage_and_all_discovered_cleared,369,7624.519805,0.025173750007525086
46,31,True,0,46,4,4,15,near_collinear_min__n10__negative,near_collinear_min,6,10,10,463,0.033191999999999666,10,,,0,0,,,,0,35,451,task_two_opt25,[],29234.879283419385,0,0.0,854.9975853,"[1, 2, 5, 8, 11, 14, 15, 17, 18, 20]",4,,149,21,14,10,stress,25,full_coverage_and_all_discovered_cleared,398,8549.975853,0.03323054203065112
47,31,True,0,47,3,3,15,near_collinear_min__n10__negative,near_collinear_min,7,10,10,443,0.031325999999999965,10,,,0,0,,,,0,35,431,task_no_share25,[],29237.37141783926,0,0.0,842.347428,"[1, 2, 5, 8, 11, 14, 15, 17, 18, 20]",4,,149,0,14,10,stress,25,full_coverage_and_all_discovered_cleared,371,8423.47428,0.03141116694314405
52,35,True,0,52,1,6,17,near_collinear_min__n10__negative,near_collinear_min,9,15,10,474,0.03584599999999938,10,,,0,0,,,,0,35,457,task_trial80_25,[],29275.442707143608,0,0.0,860.5088539000001,"[1, 2, 5, 8, 11, 14, 15, 17, 18, 20]",4,,149,21,14,10,stress,25,full_coverage_and_all_discovered_cleared,400,8605.088539,0.03588279103860259
46,31,True,0,46,4,4,15,near_collinear_min__n10__negative,near_collinear_min,6,10,10,463,0.0334840000000014,10,,,0,0,,,,0,35,451,task_share3_25,[],29234.879283419385,0,0.0,854.9975853,"[1, 2, 5, 8, 11, 14, 15, 17, 18, 20]",4,,149,21,14,10,stress,25,full_coverage_and_all_discovered_cleared,398,8549.975853,0.033540082979016006
0,0,True,,,,,,near_collinear_min__n10__spatial,near_collinear_min,7,25,10,429,0.02376999999999896,10,,,,,,,,0,,402,baseline_polar25_conservative,[],29101.492210724682,15,19.091288452408406,830.2298441,"[1, 2, 5, 8, 11, 14, 15, 17, 18, 20]",4,,150,,,10,stress,25,full_coverage_and_all_discovered_cleared,377,8302.298441,0.0238209170056507
53,31,True,0,53,2,4,15,near_collinear_min__n10__spatial,near_collinear_min,8,12,10,417,0.025756999999998698,10,,,,,,,,0,,403,baseline_bracket25,[],29761.4755610408,0,0.0,836.5295115000001,"[1, 2, 5, 8, 11, 14, 15, 17, 18, 20]",4,,150,,,10,stress,25,full_coverage_and_all_discovered_cleared,342,8365.295115,0.025846917007584125
34,23,True,0,34,1,4,11,near_collinear_min__n10__spatial,near_collinear_min,9,13,10,441,0.02657700000000318,10,,,0,0,,,,0,0,426,task_nearest25,[],26078.703890685832,0,0.0,778.8740782,"[1, 2, 5, 8, 11, 14, 15, 17, 18, 20]",4,,150,16,0,10,stress,25,full_coverage_and_all_discovered_cleared,384,7788.740782,0.026594209019094706
42,29,True,0,42,1,2,14,near_collinear_min__n10__spatial,near_collinear_min,9,11,10,461,0.031680000000001485,10,,,0,0,,,,0,35,448,task_two_opt25,[],29031.38177435416,0,0.0,849.9276358,"[1, 2, 5, 8, 11, 14, 15, 17, 18, 20]",4,,150,22,14,10,stress,25,full_coverage_and_all_discovered_cleared,400,8499.276358,0.03172470896970481
42,29,True,0,42,1,2,14,near_collinear_min__n10__spatial,near_collinear_min,9,11,10,439,0.029265999999999792,10,,,0,0,,,,0,35,426,task_no_share25,[],29085.887769385496,0,0.0,837.1177557000001,"[1, 2, 5, 8, 11, 14, 15, 17, 18, 20]",4,,150,0,14,10,stress,25,full_coverage_and_all_discovered_cleared,371,8371.177557,0.029313334031030536
40,27,True,0,40,1,3,13,near_collinear_min__n10__spatial,near_collinear_min,9,12,10,458,0.03147200000000083,10,,,0,0,,,,0,35,444,task_trial80_25,[],29013.582561179446,0,0.0,847.4716513999999,"[1, 2, 5, 8, 11, 14, 15, 17, 18, 20]",4,,150,20,14,10,stress,25,full_coverage_and_all_discovered_cleared,396,8474.716514,0.03148325002985075
42,29,True,0,42,1,2,14,near_collinear_min__n10__spatial,near_collinear_min,9,11,10,461,0.03162100000000123,10,,,0,0,,,,0,35,448,task_share3_25,[],29031.38177435416,0,0.0,849.9276358,"[1, 2, 5, 8, 11, 14, 15, 17, 18, 20]",4,,150,22,14,10,stress,25,full_coverage_and_all_discovered_cleared,400,8499.276358,0.0316666669677943
0,0,True,,,,,,near_collinear_min__n16__positive,near_collinear_min,11,23,16,381,0.03357000000000454,16,,,,,,,,0,,356,baseline_polar25_conservative,[],35842.65596756198,7,19.091288452408406,586.3456995625,"[1, 2, 3, 4, 6, 7, 8, 10, 11, 12, 13, 15, 16, 18, 19, 20]",4,,151,,,16,stress,25,full_coverage_and_all_discovered_cleared,332,9381.531193,0.03359175001969561
81,42,True,0,81,6,10,20,near_collinear_min__n16__positive,near_collinear_min,10,20,16,335,0.03838900000000223,16,,,,,,,,0,,313,baseline_bracket25,[],30538.714005661368,0,0.0,499.858925125,"[1, 2, 3, 4, 6, 7, 8, 10, 11, 12, 13, 15, 16, 18, 19, 20]",4,,151,,,16,stress,21,public_upper_bound_16,233,7997.742802,0.03846537502249703
23,13,True,0,23,5,7,6,near_collinear_min__n16__positive,near_collinear_min,11,18,16,348,0.03314599999999501,16,,,0,0,,,,0,0,328,task_nearest25,[],23278.290134125713,0,0.0,416.8536268125,"[1, 2, 3, 4, 6, 7, 8, 10, 11, 12, 13, 15, 16, 18, 19, 20]",4,,151,22,16,16,stress,22,public_upper_bound_16,288,6669.658029,0.033205166982952505
55,34,True,0,55,6,8,17,near_collinear_min__n16__positive,near_collinear_min,10,18,16,425,0.0527709999999999,16,,,0,0,,,,0,41,405,task_two_opt25,[],31106.105623714207,0,0.0,543.2013201875,"[1, 2, 3, 4, 6, 7, 8, 10, 11, 12, 13, 15, 16, 18, 19, 20]",4,,151,53,15,16,stress,25,public_upper_bound_16,359,8691.221123,0.05281437502708286
55,34,True,0,55,6,8,17,near_collinear_min__n16__positive,near_collinear_min,10,18,16,373,0.039563000000001125,16,,,0,0,,,,0,41,353,task_no_share25,[],31106.99788523984,0,0.0,522.3999735625,"[1, 2, 3, 4, 6, 7, 8, 10, 11, 12, 13, 15, 16, 18, 19, 20]",4,,151,0,14,16,stress,25,public_upper_bound_16,286,8358.399577,0.039627584046684206
54,36,True,0,54,7,11,18,near_collinear_min__n16__positive,near_collinear_min,9,20,16,422,0.04579999999999984,16,,,0,0,,,,0,41,400,task_trial80_25,[],31124.34824858647,0,0.0,541.866853125,"[1, 2, 3, 4, 6, 7, 8, 10, 11, 12, 13, 15, 16, 18, 19, 20]",4,,151,49,15,16,stress,25,public_upper_bound_16,353,8669.86965,0.045861665974371135
55,34,True,0,55,6,8,17,near_collinear_min__n16__positive,near_collinear_min,10,18,16,425,0.047613999999995826,16,,,0,0,,,,0,41,405,task_share3_25,[],31106.105623714207,0,0.0,543.2013201875,"[1, 2, 3, 4, 6, 7, 8, 10, 11, 12, 13, 15, 16, 18, 19, 20]",4,,151,53,15,16,stress,25,public_upper_bound_16,359,8691.221123,0.04766124999150634
0,0,True,,,,,,near_collinear_min__n16__negative,near_collinear_min,11,22,16,380,0.03452599999999961,16,,,,,,,,0,,356,baseline_polar25_conservative,[],36185.11055039735,6,19.123270171461602,590.4388820625,"[1, 2, 3, 4, 6, 7, 8, 10, 11, 12, 13, 15, 16, 18, 19, 20]",4,,152,,,16,stress,25,full_coverage_and_all_discovered_cleared,332,9447.022113,0.03458049998153001
109,73,True,0,109,10,13,34,near_collinear_min__n16__negative,near_collinear_min,6,19,16,362,0.03746300000000247,16,,,,,,,,0,,341,baseline_bracket25,[],32786.65084151317,0,0.0,536.5206350625,"[1, 2, 3, 4, 6, 7, 8, 10, 11, 12, 13, 15, 16, 18, 19, 20]",4,,152,,,16,stress,21,public_upper_bound_16,233,8584.330161,0.03751766704954207
34,23,True,0,34,9,9,11,near_collinear_min__n16__negative,near_collinear_min,7,16,16,362,0.033405000000001905,16,,,0,0,,,,0,0,344,task_nearest25,[],24404.997528706263,0,0.0,435.874969,"[1, 2, 3, 4, 6, 7, 8, 10, 11, 12, 13, 15, 16, 18, 19, 20]",4,,152,27,16,16,stress,22,public_upper_bound_16,293,6973.999504,0.03346495801815763
76,49,True,0,76,9,11,24,near_collinear_min__n16__negative,near_collinear_min,7,18,16,476,0.052397000000006244,16,,,0,0,,,,0,41,456,task_two_opt25,[],33374.27524477455,0,0.0,589.8659401875,"[1, 2, 3, 4, 6, 7, 8, 10, 11, 12, 13, 15, 16, 18, 19, 20]",4,,152,87,15,16,stress,25,public_upper_bound_16,397,9437.855043,0.05244370800210163
83,53,True,0,83,8,10,26,near_collinear_min__n16__negative,near_collinear_min,8,18,16,397,0.043742000000001724,16,,,0,0,,,,0,41,377,task_no_share25,[],34094.39727546076,0,0.0,567.1799655625,"[1, 2, 3, 4, 6, 7, 8, 10, 11, 12, 13, 15, 16, 18, 19, 20]",4,,152,0,14,16,stress,25,public_upper_bound_16,285,9074.879449,0.043814958014991134
72,46,True,0,72,7,12,22,near_collinear_min__n16__negative,near_collinear_min,9,21,16,458,0.048738999999997645,16,,,0,0,,,,0,41,435,task_trial80_25,[],33321.78624385335,0,0.0,581.584827875,"[1, 2, 3, 4, 6, 7, 8, 10, 11, 12, 13, 15, 16, 18, 19, 20]",4,,152,70,15,16,stress,25,public_upper_bound_16,371,9305.357246,0.04877991694957018
76,49,True,0,76,9,11,24,near_collinear_min__n16__negative,near_collinear_min,7,18,16,476,0.051313000000000386,16,,,0,0,,,,0,41,456,task_share3_25,[],33374.27524477455,0,0.0,589.8659401875,"[1, 2, 3, 4, 6, 7, 8, 10, 11, 12, 13, 15, 16, 18, 19, 20]",4,,152,87,15,16,stress,25,public_upper_bound_16,397,9437.855043,0.051368958957027644
0,0,True,,,,,,near_collinear_min__n16__spatial,near_collinear_min,11,34,16,392,0.038958000000000936,16,,,,,,,,0,,356,baseline_polar25_conservative,[],36241.43134401108,18,19.091288452408406,593.392891625,"[1, 2, 3, 4, 6, 7, 8, 10, 11, 12, 13, 15, 16, 18, 19, 20]",4,,153,,,16,stress,25,full_coverage_and_all_discovered_cleared,332,9494.286266,0.04114379204111174
100,62,True,0,100,6,12,30,near_collinear_min__n16__spatial,near_collinear_min,10,22,16,356,0.036454999999996573,16,,,,,,,,0,,332,baseline_bracket25,[],31999.70295627307,0,0.0,524.433786875,"[1, 2, 3, 4, 6, 7, 8, 10, 11, 12, 13, 15, 16, 18, 19, 20]",4,,153,,,16,stress,21,public_upper_bound_16,233,8390.94059,0.036506042000837624
34,18,True,0,34,2,9,9,near_collinear_min__n16__spatial,near_collinear_min,14,23,16,376,0.03348100000000187,16,,,0,0,,,,0,0,351,task_nearest25,[],23976.748200164784,0,0.0,435.1468525,"[1, 2, 3, 4, 6, 7, 8, 10, 11, 12, 13, 15, 16, 18, 19, 20]",4,,153,34,16,16,stress,22,public_upper_bound_16,311,6962.34964,0.03350187500473112
57,30,True,0,57,3,11,15,near_collinear_min__n16__spatial,near_collinear_min,13,24,16,463,0.04515299999999911,16,,,0,0,,,,0,41,437,task_two_opt25,[],29591.88845739706,0,0.0,537.336105375,"[1, 2, 3, 4, 6, 7, 8, 10, 11, 12, 13, 15, 16, 18, 19, 20]",4,,153,78,16,16,stress,25,public_upper_bound_16,390,8597.377686,0.04521904099965468
61,34,True,0,61,5,10,17,near_collinear_min__n16__spatial,near_collinear_min,11,21,16,405,0.041067999999995664,16,,,0,0,,,,0,41,382,task_no_share25,[],30125.724699038055,0,0.0,521.321558375,"[1, 2, 3, 4, 6, 7, 8, 10, 11, 12, 13, 15, 16, 18, 19, 20]",4,,153,0,0,16,stress,25,public_upper_bound_16,311,8341.144934,0.04108345799613744
60,30,True,0,60,0,11,15,near_collinear_min__n16__spatial,near_collinear_min,16,27,16,474,0.0470590000000044,16,,,0,0,,,,0,41,445,task_trial80_25,[],29638.302446507325,0,0.0,541.41628025,"[1, 2, 3, 4, 6, 7, 8, 10, 11, 12, 13, 15, 16, 18, 19, 20]",4,,153,83,16,16,stress,25,public_upper_bound_16,397,8662.660484,0.04709008400095627
57,30,True,0,57,3,11,15,near_collinear_min__n16__spatial,near_collinear_min,13,24,16,463,0.0448599999999999,16,,,0,0,,,,0,41,437,task_share3_25,[],29591.88845739706,0,0.0,537.336105375,"[1, 2, 3, 4, 6, 7, 8, 10, 11, 12, 13, 15, 16, 18, 19, 20]",4,,153,78,16,16,stress,25,public_upper_bound_16,390,8597.377686,0.0449460000381805
0,0,True,,,,,,unknown_count_late__n10__positive,unknown_count_late,8,14,10,377,0.027326999999999657,10,,,,,,,,0,,361,baseline_polar25_conservative,[],26302.474849863363,4,19.09904712615273,746.3494969999999,"[1, 3, 5, 7, 8, 9, 10, 13, 14, 20]",4,,154,,,10,stress,25,full_coverage_and_all_discovered_cleared,336,7463.49497,0.02738208294613287
67,45,True,0,67,6,9,22,unknown_count_late__n10__positive,unknown_count_late,4,13,10,368,0.026542999999996653,10,,,,,,,,0,,353,baseline_bracket25,[],28833.916719217326,0,0.0,786.6783341,"[1, 3, 5, 7, 8, 9, 10, 13, 14, 20]",4,,154,,,10,stress,25,full_coverage_and_all_discovered_cleared,276,7866.783341,0.026565291977021843
39,25,True,0,39,3,8,12,unknown_count_late__n10__positive,unknown_count_late,7,15,10,373,0.02367500000000433,10,,,0,0,,,,0,0,356,task_nearest25,[],28063.25337809959,0,0.0,776.2650674,"[1, 3, 5, 7, 8, 9, 10, 13, 14, 20]",4,,154,4,0,10,stress,25,full_coverage_and_all_discovered_cleared,305,7762.650674,0.023701541998889297
53,38,True,0,53,4,7,16,unknown_count_late__n10__positive,unknown_count_late,6,13,10,413,0.030918999999997254,10,,,0,0,,,,0,35,398,task_two_opt25,[],25951.736799716058,0,0.0,757.7347359,"[1, 3, 5, 7, 8, 9, 10, 13, 14, 20]",4,,154,45,0,10,stress,25,full_coverage_and_all_discovered_cleared,338,7577.347359,0.03093516599619761
61,41,True,0,61,4,7,18,unknown_count_late__n10__positive,unknown_count_late,6,13,10,376,0.030664999999999054,10,,,0,0,,,,0,35,361,task_no_share25,[],27083.221493117067,0,0.0,756.6644298,"[1, 3, 5, 7, 8, 9, 10, 13, 14, 20]",4,,154,0,0,10,stress,25,full_coverage_and_all_discovered_cleared,286,7566.644298,0.030680500029120594
54,39,True,0,54,2,8,17,unknown_count_late__n10__positive,unknown_count_late,8,16,10,411,0.03147399999999578,10,,,0,0,,,,0,35,393,task_trial80_25,[],25961.070889211813,0,0.0,755.9214176,"[1, 3, 5, 7, 8, 9, 10, 13, 14, 20]",4,,154,39,0,10,stress,25,full_coverage_and_all_discovered_cleared,334,7559.214176,0.0315097090206109
53,38,True,0,53,4,7,16,unknown_count_late__n10__positive,unknown_count_late,6,13,10,407,0.031045000000005984,10,,,0,0,,,,0,35,392,task_share3_25,[],25951.736799716058,0,0.0,754.2347359,"[1, 3, 5, 7, 8, 9, 10, 13, 14, 20]",4,,154,39,0,10,stress,25,full_coverage_and_all_discovered_cleared,333,7542.347359,0.031059041968546808
0,0,True,,,,,,unknown_count_late__n10__negative,unknown_count_late,8,14,10,374,0.02628499999999434,10,,,,,,,,0,,358,baseline_polar25_conservative,[],26642.444774669024,4,19.099047126152733,751.3488957,"[1, 3, 5, 7, 8, 9, 10, 13, 14, 20]",4,,155,,,10,stress,25,full_coverage_and_all_discovered_cleared,333,7513.488957,0.026305791980121285
54,30,True,0,54,3,7,15,unknown_count_late__n10__negative,unknown_count_late,7,14,10,356,0.026012999999998954,10,,,,,,,,0,,340,baseline_bracket25,[],28052.354185722706,0,0.0,764.8470837,"[1, 3, 5, 7, 8, 9, 10, 13, 14, 20]",4,,155,,,10,stress,25,full_coverage_and_all_discovered_cleared,276,7648.470837,0.026042708021122962
43,29,True,0,43,3,5,14,unknown_count_late__n10__negative,unknown_count_late,7,12,10,387,0.025172999999995227,10,,,0,0,,,,0,0,373,task_nearest25,[],28749.16144248429,0,0.0,798.7832289,"[1, 3, 5, 7, 8, 9, 10, 13, 14, 20]",4,,155,17,0,10,stress,25,full_coverage_and_all_discovered_cleared,317,7987.832289,0.025242541974876076
50,33,True,0,50,2,6,15,unknown_count_late__n10__negative,unknown_count_late,8,14,10,433,0.032313000000002035,10,,,0,0,,,,0,35,417,task_two_opt25,[],28839.86658775354,0,0.0,827.6973319000001,"[1, 3, 5, 7, 8, 9, 10, 13, 14, 20]",4,,155,53,0,10,stress,25,full_coverage_and_all_discovered_cleared,362,8276.973319,0.03234912495827302
53,34,True,0,53,3,5,17,unknown_count_late__n10__negative,unknown_count_late,7,12,10,381,0.029273000000003435,10,,,0,0,,,,0,35,367,task_no_share25,[],30872.26469775584,0,0.0,836.6452941,"[1, 3, 5, 7, 8, 9, 10, 13, 14, 20]",4,,155,0,0,10,stress,25,full_coverage_and_all_discovered_cleared,301,8366.452941,0.029283000039868057
51,34,True,0,51,1,7,16,unknown_count_late__n10__negative,unknown_count_late,9,16,10,430,0.031882000000003075,10,,,0,0,,,,0,35,412,task_trial80_25,[],28849.079292321327,0,0.0,825.1815859000001,"[1, 3, 5, 7, 8, 9, 10, 13, 14, 20]",4,,155,47,0,10,stress,25,full_coverage_and_all_discovered_cleared,354,8251.815859,0.03192449995549396
50,33,True,0,50,2,6,15,unknown_count_late__n10__negative,unknown_count_late,8,14,10,428,0.03197399999999817,10,,,0,0,,,,0,35,412,task_share3_25,[],28839.86658775354,0,0.0,824.5973319000001,"[1, 3, 5, 7, 8, 9, 10, 13, 14, 20]",4,,155,48,0,10,stress,25,full_coverage_and_all_discovered_cleared,356,8245.973319,0.03199954202864319
0,0,True,,,,,,unknown_count_late__n10__spatial,unknown_count_late,8,13,10,375,0.027481000000001643,10,,,,,,,,0,,360,baseline_polar25_conservative,[],26459.055804306812,3,19.099047126152733,748.5811160999999,"[1, 3, 5, 7, 8, 9, 10, 13, 14, 20]",4,,156,,,10,stress,25,full_coverage_and_all_discovered_cleared,335,7485.811161,0.02749983302783221
68,47,True,0,68,3,6,23,unknown_count_late__n10__spatial,unknown_count_late,7,13,10,369,0.025202999999997644,10,,,,,,,,0,,354,baseline_bracket25,[],29834.00347793504,0,0.0,807.1800699,"[1, 3, 5, 7, 8, 9, 10, 13, 14, 20]",4,,156,,,10,stress,25,full_coverage_and_all_discovered_cleared,276,8071.800699,0.025219333008863032
45,31,True,0,45,1,5,14,unknown_count_late__n10__spatial,unknown_count_late,9,14,10,399,0.025351000000000568,10,,,0,0,,,,0,0,383,task_nearest25,[],28694.512304625572,0,0.0,804.7902461,"[1, 3, 5, 7, 8, 9, 10, 13, 14, 20]",4,,156,25,0,10,stress,25,full_coverage_and_all_discovered_cleared,332,8047.902461,0.025393666001036763
48,30,True,0,48,0,7,14,unknown_count_late__n10__spatial,unknown_count_late,10,17,10,428,0.031747000000002856,10,,,0,0,,,,0,35,409,task_two_opt25,[],28222.521907467875,0,0.0,811.9504386,"[1, 3, 5, 7, 8, 9, 10, 13, 14, 20]",4,,156,47,0,10,stress,25,full_coverage_and_all_discovered_cleared,359,8119.504386,0.031770417001098394
48,26,True,0,48,1,6,12,unknown_count_late__n10__spatial,unknown_count_late,9,15,10,379,0.030271000000006154,10,,,0,0,,,,0,35,362,task_no_share25,[],29595.210039589234,0,0.0,809.504201,"[1, 3, 5, 7, 8, 9, 10, 13, 14, 20]",4,,156,0,0,10,stress,25,full_coverage_and_all_discovered_cleared,301,8095.04201,0.030297000019345433
48,30,True,0,48,0,7,14,unknown_count_late__n10__spatial,unknown_count_late,10,17,10,428,0.03208399999999756,10,,,0,0,,,,0,35,409,task_trial80_25,[],28223.313550695308,0,0.0,811.9662711,"[1, 3, 5, 7, 8, 9, 10, 13, 14, 20]",4,,156,47,0,10,stress,25,full_coverage_and_all_discovered_cleared,359,8119.662711,0.03212845901725814
48,30,True,0,48,0,7,14,unknown_count_late__n10__spatial,unknown_count_late,10,17,10,423,0.03172600000000614,10,,,0,0,,,,0,35,404,task_share3_25,[],28222.521907467875,0,0.0,809.0504386,"[1, 3, 5, 7, 8, 9, 10, 13, 14, 20]",4,,156,42,0,10,stress,25,full_coverage_and_all_discovered_cleared,355,8090.504386,0.03175487503176555
0,0,True,,,,,,unknown_count_late__n16__positive,unknown_count_late,14,18,16,265,0.036419999999999675,16,,,,,,,,0,,245,baseline_polar25_conservative,[],30554.833181209193,2,19.09904712615273,477.62291475,"[1, 2, 3, 4, 5, 6, 7, 9, 10, 12, 14, 15, 16, 18, 19, 20]",4,,157,,,16,stress,25,full_coverage_and_all_discovered_cleared,220,7641.966636,0.03644437500042841
77,34,True,0,77,2,11,17,unknown_count_late__n16__positive,unknown_count_late,14,25,16,223,0.03556400000000082,16,,,,,,,,0,,196,baseline_bracket25,[],23647.938600389254,0,0.0,371.4742325625,"[1, 2, 3, 4, 5, 6, 7, 9, 10, 12, 14, 15, 16, 18, 19, 20]",4,,157,,,16,stress,14,public_upper_bound_16,127,5943.587721,0.03558708296623081
42,19,True,0,42,6,10,9,unknown_count_late__n16__positive,unknown_count_late,10,20,16,269,0.03708499999999759,16,,,0,0,,,,0,0,247,task_nearest25,[],28177.419596741845,0,0.0,447.5927450625,"[1, 2, 3, 4, 5, 6, 7, 9, 10, 12, 14, 15, 16, 18, 19, 20]",4,,157,37,0,16,stress,25,public_upper_bound_16,199,7161.483921,0.03710329200839624
56,24,True,0,56,3,10,11,unknown_count_late__n16__positive,unknown_count_late,13,23,16,314,0.045128000000005386,16,,,0,0,,,,0,41,289,task_two_opt25,[],30963.249382790018,0,0.0,498.728117375,"[1, 2, 3, 4, 5, 6, 7, 9, 10, 12, 14, 15, 16, 18, 19, 20]",4,,157,58,0,16,stress,25,public_upper_bound_16,241,7979.649878,0.04516654199687764
90,48,True,0,90,2,9,24,unknown_count_late__n16__positive,unknown_count_late,14,23,16,289,0.04368500000000353,16,,,0,0,,,,0,41,264,task_no_share25,[],35067.53710890746,0,0.0,537.7817138125,"[1, 2, 3, 4, 5, 6, 7, 9, 10, 12, 14, 15, 16, 18, 19, 20]",4,,157,0,0,16,stress,25,public_upper_bound_16,170,8604.507421,0.04372362501453608
58,24,True,0,58,1,12,11,unknown_count_late__n16__positive,unknown_count_late,15,27,16,319,0.04575299999999771,16,,,0,0,,,,0,41,290,task_trial80_25,[],30991.92097880996,0,0.0,500.149012,"[1, 2, 3, 4, 5, 6, 7, 9, 10, 12, 14, 15, 16, 18, 19, 20]",4,,157,57,0,16,stress,25,public_upper_bound_16,241,8002.384192,0.04581612499896437
54,23,True,0,54,3,9,11,unknown_count_late__n16__positive,unknown_count_late,13,22,16,310,0.047570000000000334,16,,,0,0,,,,0,41,286,task_share3_25,[],31176.185644391804,0,0.0,500.1398206875,"[1, 2, 3, 4, 5, 6, 7, 9, 10, 12, 14, 15, 16, 18, 19, 20]",4,,157,57,0,16,stress,25,public_upper_bound_16,239,8002.237131,0.047655750007834285
0,0,True,,,,,,unknown_count_late__n16__negative,unknown_count_late,14,19,16,266,0.03654900000000083,16,,,,,,,,0,,245,baseline_polar25_conservative,[],30830.63115565059,3,19.099047126152733,481.2578895,"[1, 2, 3, 4, 5, 6, 7, 9, 10, 12, 14, 15, 16, 18, 19, 20]",4,,158,,,16,stress,25,full_coverage_and_all_discovered_cleared,220,7700.126232,0.03660104097798467
93,56,True,0,93,7,11,26,unknown_count_late__n16__negative,unknown_count_late,9,20,16,234,0.03310500000000616,16,,,,,,,,0,,212,baseline_bracket25,[],25702.931846324085,0,0.0,401.2241479375,"[1, 2, 3, 4, 5, 6, 7, 9, 10, 12, 14, 15, 16, 18, 19, 20]",4,,158,,,16,stress,14,public_upper_bound_16,127,6419.586367,0.03313212498323992
63,36,True,0,63,4,7,15,unknown_count_late__n16__negative,unknown_count_late,12,19,16,339,0.03728399999999965,16,,,0,0,,,,0,0,318,task_nearest25,[],31995.525418629848,0,0.0,521.0065676875,"[1, 2, 3, 4, 5, 6, 7, 9, 10, 12, 14, 15, 16, 18, 19, 20]",4,,158,69,0,16,stress,25,public_upper_bound_16,258,8336.105083,0.03733845899114385
63,38,True,0,63,4,8,17,unknown_count_late__n16__negative,unknown_count_late,12,20,16,334,0.04536099999999976,16,,,0,0,,,,0,41,312,task_two_opt25,[],31752.010659943287,0,0.0,516.2126331875,"[1, 2, 3, 4, 5, 6, 7, 9, 10, 12, 14, 15, 16, 18, 19, 20]",4,,158,59,0,16,stress,25,public_upper_bound_16,257,8259.402131,0.04538825002964586
92,54,True,0,92,7,11,25,unknown_count_late__n16__negative,unknown_count_late,9,20,16,288,0.04100500000000551,16,,,0,0,,,,0,41,266,task_no_share25,[],34836.511979207105,0,0.0,534.9563995625,"[1, 2, 3, 4, 5, 6, 7, 9, 10, 12, 14, 15, 16, 18, 19, 20]",4,,158,0,0,16,stress,25,public_upper_bound_16,170,8559.302393,0.04112866701325402
60,37,True,0,60,4,11,17,unknown_count_late__n16__negative,unknown_count_late,12,23,16,332,0.04490700000000203,16,,,0,0,,,,0,41,307,task_trial80_25,[],31718.75080803731,0,0.0,514.609385,"[1, 2, 3, 4, 5, 6, 7, 9, 10, 12, 14, 15, 16, 18, 19, 20]",4,,158,57,0,16,stress,25,public_upper_bound_16,254,8233.75016,0.04496550001204014
81,51,True,0,81,5,11,23,unknown_count_late__n16__negative,unknown_count_late,11,22,16,370,0.04623300000000086,16,,,0,0,,,,0,41,346,task_share3_25,[],33855.6826249477,0,0.0,555.383532625,"[1, 2, 3, 4, 5, 6, 7, 9, 10, 12, 14, 15, 16, 18, 19, 20]",4,,158,78,0,16,stress,25,public_upper_bound_16,287,8886.136522,0.04631725000217557
0,0,True,,,,,,unknown_count_late__n16__spatial,unknown_count_late,14,20,16,259,0.03292099999999465,16,,,,,,,,0,,237,baseline_polar25_conservative,[],30829.99931674858,4,19.099047126152733,478.4999913125,"[1, 2, 3, 4, 5, 6, 7, 9, 10, 12, 14, 15, 16, 18, 19, 20]",4,,159,,,16,stress,25,full_coverage_and_all_discovered_cleared,213,7655.999861,0.03295987501041964
93,55,True,0,93,5,12,26,unknown_count_late__n16__spatial,unknown_count_late,11,23,16,237,0.03358900000000631,16,,,,,,,,0,,212,baseline_bracket25,[],25742.587155628997,0,0.0,402.282339375,"[1, 2, 3, 4, 5, 6, 7, 9, 10, 12, 14, 15, 16, 18, 19, 20]",4,,159,,,16,stress,14,public_upper_bound_16,127,6436.51743,0.03362841595662758
53,31,True,0,53,1,3,13,unknown_count_late__n16__spatial,unknown_count_late,15,18,16,310,0.03579899999999725,16,,,0,0,,,,0,0,290,task_nearest25,[],30253.90616652212,0,0.0,488.86132725,"[1, 2, 3, 4, 5, 6, 7, 9, 10, 12, 14, 15, 16, 18, 19, 20]",4,,159,44,0,16,stress,25,public_upper_bound_16,235,7821.781236,0.035850333981215954
74,42,True,0,74,2,8,19,unknown_count_late__n16__spatial,unknown_count_late,14,22,16,338,0.04286400000000157,16,,,0,0,,,,0,41,314,task_two_opt25,[],31276.98305076187,0,0.0,510.8372879375,"[1, 2, 3, 4, 5, 6, 7, 9, 10, 12, 14, 15, 16, 18, 19, 20]",4,,159,61,0,16,stress,25,public_upper_bound_16,250,8173.396607,0.04288137500407174
84,45,True,0,84,4,12,21,unknown_count_late__n16__spatial,unknown_count_late,12,24,16,284,0.041023000000002696,16,,,0,0,,,,0,41,258,task_no_share25,[],34128.37609671714,0,0.0,524.354701,"[1, 2, 3, 4, 5, 6, 7, 9, 10, 12, 14, 15, 16, 18, 19, 20]",4,,159,0,0,16,stress,25,public_upper_bound_16,170,8389.675216,0.04105979099404067
76,45,True,0,76,2,12,20,unknown_count_late__n16__spatial,unknown_count_late,14,26,16,345,0.04258800000000207,16,,,0,0,,,,0,41,317,task_trial80_25,[],31310.342868945696,0,0.0,513.0667855625,"[1, 2, 3, 4, 5, 6, 7, 9, 10, 12, 14, 15, 16, 18, 19, 20]",4,,159,62,0,16,stress,25,public_upper_bound_16,252,8209.068569,0.042689458990935236
74,42,True,0,74,2,8,19,unknown_count_late__n16__spatial,unknown_count_late,14,22,16,336,0.043287999999996885,16,,,0,0,,,,0,41,312,task_share3_25,[],31285.71586226309,0,0.0,510.1964480625,"[1, 2, 3, 4, 5, 6, 7, 9, 10, 12, 14, 15, 16, 18, 19, 20]",4,,159,59,0,16,stress,25,public_upper_bound_16,248,8163.143169,0.04333479201886803
