active_measurements,active_no_signal,all_cleared,bracket_cut_inconsistencies,bracket_measurements,bracket_optical_success,bracket_optical_trials,bracket_pair_cuts,case_id,category,certified_clears,certified_range_scan_skips,clear_calls,cleared,commands,completion_proxy_weight,configured_angle_schedule,configured_probe_angle_deg,coupled_dispatch_model,coupled_route_plans,cpu_s,discovered_channels,dispatch_implementation,early_optical_success,early_optical_trials,expanded_sensing_candidates,failure,fixed_scan_order,forced_continuations,historical_anchor_mode,historical_cache_evictions,historical_inconsistent_cuts,historical_negative_limit,historical_pair_checks,historical_pair_cuts,historical_pair_updates,inconsistent_updates,inferred_negative_memory_updates,interrupted_channels,joint_route_solves,known_upper_bound_skips,maximum_source_primary_rf,maximum_source_rounds,measurements,method,missed_channels,move_m,optical_fallback_calls,optical_local_move_saved_m,optical_max_cover_radius,optical_position_adjustments,outer_priority_used,packet_fallbacks,per_source_s,policy_cleared_channels,probe_angle_cap_deg,problem,seed,service_entry_weight,shared_known_measurements,shared_negative_cooldown_skips,skipped_precise_measurements,source_interruptions,source_packets,sources,split,stations_visited,stop_reason,switches,total_virtual_s,transverse_target_m,transverse_width_rule,uniform_area_ranking_prior,wall_s
7,0,True,0,0,0,0,0,uniform__iid__67,uniform__iid,7,3,12,10,130,1.0,,,base,0,0.019127000000000005,10,,3,5,False,,False,,,,,,,,,0,0,,17,0,,,116,range_area7,[],12450.081271938308,0,49.195608055153805,0.0,7,,,323.8016252,"[4, 5, 7, 8, 9, 10, 14, 15, 18, 19]",,3,67,1.0,7,,0,,,10,ordinary,7,full_coverage_and_all_discovered_cleared,112,3238.016252,,,True,0.019998583011329174
7,0,True,0,0,0,0,0,uniform__iid__67,uniform__iid,7,3,12,10,130,1.0,,,base,0,0.019017000000000006,10,,3,5,False,,False,,first,0,0,8,55,0,0,0,0,,17,0,,,116,history_first8_area7,[],12450.081271938308,0,49.195608055153805,0.0,7,,,323.8016252,"[4, 5, 7, 8, 9, 10, 14, 15, 18, 19]",,3,67,1.0,7,,0,,,10,ordinary,7,full_coverage_and_all_discovered_cleared,112,3238.016252,,,True,0.019093957962468266
7,0,True,0,0,0,0,0,uniform__iid__67,uniform__iid,7,3,12,10,130,1.0,,,base,0,0.019233,10,,3,5,False,,False,,ends,0,0,8,84,0,0,0,0,,17,0,,,116,history_ends8_area7,[],12450.081271938308,0,49.195608055153805,0.0,7,,,323.8016252,"[4, 5, 7, 8, 9, 10, 14, 15, 18, 19]",,3,67,1.0,7,,0,,,10,ordinary,7,full_coverage_and_all_discovered_cleared,112,3238.016252,,,True,0.01923233299748972
7,0,True,0,0,0,0,0,uniform__iid__67,uniform__iid,7,3,12,10,130,1.0,,,base,0,0.019538,10,,3,5,False,,False,,ends,0,0,16,84,0,0,0,0,,17,0,,,116,history_ends16_area7,[],12450.081271938308,0,49.195608055153805,0.0,7,,,323.8016252,"[4, 5, 7, 8, 9, 10, 14, 15, 18, 19]",,3,67,1.0,7,,0,,,10,ordinary,7,full_coverage_and_all_discovered_cleared,112,3238.016252,,,True,0.019630666996818036
7,0,True,0,0,0,0,0,uniform__iid__68,uniform__iid,10,0,18,15,149,1.0,,,base,0,0.02791699999999997,15,,5,8,False,,False,,,,,,,,,0,0,,22,0,,,129,range_area7,[],11258.355683768476,0,68.94379760295948,0.0,10,,,206.9114092,"[2, 4, 5, 6, 8, 9, 11, 12, 13, 14, 15, 16, 17, 19, 20]",,3,68,1.0,33,,0,,,15,ordinary,7,full_coverage_and_all_discovered_cleared,123,3103.671138,,,True,0.0279609159915708
7,0,True,0,0,0,0,0,uniform__iid__68,uniform__iid,10,0,18,15,149,1.0,,,base,0,0.031920000000000004,15,,5,8,False,,False,,first,0,0,8,519,0,0,0,0,,22,0,,,129,history_first8_area7,[],11258.355683768476,0,68.94379760295948,0.0,10,,,206.9114092,"[2, 4, 5, 6, 8, 9, 11, 12, 13, 14, 15, 16, 17, 19, 20]",,3,68,1.0,33,,0,,,15,ordinary,7,full_coverage_and_all_discovered_cleared,123,3103.671138,,,True,0.03194512502523139
7,0,True,0,0,0,0,0,uniform__iid__68,uniform__iid,10,0,18,15,149,1.0,,,base,0,0.03623399999999999,15,,5,8,False,,False,,ends,0,0,8,776,0,0,0,0,,22,0,,,129,history_ends8_area7,[],11258.355683768476,0,68.94379760295948,0.0,10,,,206.9114092,"[2, 4, 5, 6, 8, 9, 11, 12, 13, 14, 15, 16, 17, 19, 20]",,3,68,1.0,33,,0,,,15,ordinary,7,full_coverage_and_all_discovered_cleared,123,3103.671138,,,True,0.036277957959100604
7,0,True,0,0,0,0,0,uniform__iid__68,uniform__iid,10,0,18,15,149,1.0,,,base,0,0.035335000000000005,15,,5,8,False,,False,,ends,0,0,16,776,0,0,0,0,,22,0,,,129,history_ends16_area7,[],11258.355683768476,0,68.94379760295948,0.0,10,,,206.9114092,"[2, 4, 5, 6, 8, 9, 11, 12, 13, 14, 15, 16, 17, 19, 20]",,3,68,1.0,33,,0,,,15,ordinary,7,full_coverage_and_all_discovered_cleared,123,3103.671138,,,True,0.035354332998394966
7,0,True,0,0,0,0,0,uniform__iid__69,uniform__iid,5,0,16,15,143,1.0,,,base,0,0.025629999999999986,15,,10,11,False,,False,,,,,,,,,0,0,,22,0,,,125,range_area7,[],12833.52283590028,0,49.76008032836796,0.0,5,,,225.5803046,"[2, 3, 4, 5, 6, 7, 8, 9, 10, 11, 12, 13, 14, 16, 18]",,3,69,1.0,28,,7,,,15,ordinary,7,full_coverage_and_all_discovered_cleared,114,3383.704569,,,True,0.025710875052027404
7,0,True,0,0,0,0,0,uniform__iid__69,uniform__iid,5,0,16,15,143,1.0,,,base,0,0.030176999999999954,15,,10,11,False,,False,,first,0,0,8,551,0,0,0,0,,22,0,,,125,history_first8_area7,[],12833.52283590028,0,49.76008032836796,0.0,5,,,225.5803046,"[2, 3, 4, 5, 6, 7, 8, 9, 10, 11, 12, 13, 14, 16, 18]",,3,69,1.0,28,,7,,,15,ordinary,7,full_coverage_and_all_discovered_cleared,114,3383.704569,,,True,0.030210290977265686
7,0,True,0,0,0,0,0,uniform__iid__69,uniform__iid,5,0,16,15,143,1.0,,,base,0,0.03232499999999994,15,,10,11,False,,False,,ends,0,0,8,760,0,0,0,0,,22,0,,,125,history_ends8_area7,[],12833.52283590028,0,49.76008032836796,0.0,5,,,225.5803046,"[2, 3, 4, 5, 6, 7, 8, 9, 10, 11, 12, 13, 14, 16, 18]",,3,69,1.0,28,,7,,,15,ordinary,7,full_coverage_and_all_discovered_cleared,114,3383.704569,,,True,0.032348499982617795
7,0,True,0,0,0,0,0,uniform__iid__69,uniform__iid,5,0,16,15,143,1.0,,,base,0,0.032010000000000094,15,,10,11,False,,False,,ends,0,0,16,835,0,0,0,0,,22,0,,,125,history_ends16_area7,[],12833.52283590028,0,49.76008032836796,0.0,5,,,225.5803046,"[2, 3, 4, 5, 6, 7, 8, 9, 10, 11, 12, 13, 14, 16, 18]",,3,69,1.0,28,,7,,,15,ordinary,7,full_coverage_and_all_discovered_cleared,114,3383.704569,,,True,0.03202574996976182
8,0,True,0,0,0,0,0,uniform__iid__70,uniform__iid,6,3,13,10,138,1.0,,,base,0,0.02036299999999991,10,,4,7,False,,False,,,,,,,,,0,0,,17,0,,,123,range_area7,[],11127.182320072005,0,36.3364416117673,0.0,6,,,301.4436465,"[2, 3, 5, 10, 11, 13, 15, 16, 19, 20]",,3,70,1.0,9,,0,,,10,ordinary,7,full_coverage_and_all_discovered_cleared,115,3014.436465,,,True,0.02036316698649898
8,0,True,0,0,0,0,0,uniform__iid__70,uniform__iid,6,3,13,10,138,1.0,,,base,0,0.021764000000000006,10,,4,7,False,,False,,first,0,0,8,80,0,0,0,0,,17,0,,,123,history_first8_area7,[],11127.182320072005,0,36.3364416117673,0.0,6,,,301.4436465,"[2, 3, 5, 10, 11, 13, 15, 16, 19, 20]",,3,70,1.0,9,,0,,,10,ordinary,7,full_coverage_and_all_discovered_cleared,115,3014.436465,,,True,0.02180608396884054
8,0,True,0,0,0,0,0,uniform__iid__70,uniform__iid,6,3,13,10,138,1.0,,,base,0,0.022475000000000023,10,,4,7,False,,False,,ends,0,0,8,124,0,0,0,0,,17,0,,,123,history_ends8_area7,[],11127.182320072005,0,36.3364416117673,0.0,6,,,301.4436465,"[2, 3, 5, 10, 11, 13, 15, 16, 19, 20]",,3,70,1.0,9,,0,,,10,ordinary,7,full_coverage_and_all_discovered_cleared,115,3014.436465,,,True,0.02251370798330754
8,0,True,0,0,0,0,0,uniform__iid__70,uniform__iid,6,3,13,10,138,1.0,,,base,0,0.022066999999999948,10,,4,7,False,,False,,ends,0,0,16,124,0,0,0,0,,17,0,,,123,history_ends16_area7,[],11127.182320072005,0,36.3364416117673,0.0,6,,,301.4436465,"[2, 3, 5, 10, 11, 13, 15, 16, 19, 20]",,3,70,1.0,9,,0,,,10,ordinary,7,full_coverage_and_all_discovered_cleared,115,3014.436465,,,True,0.02206712495535612
7,0,True,0,0,0,0,0,uniform__iid__71,uniform__iid,7,0,13,12,133,1.0,,,base,0,0.023542000000000063,12,,5,6,False,,False,,,,,,,,,0,0,,19,0,,,118,range_area7,[],12153.650482723764,0,40.99123897655369,0.0,7,,,266.14417483333335,"[1, 2, 4, 5, 7, 9, 10, 13, 17, 18, 19, 20]",,3,71,1.0,22,,4,,,12,ordinary,7,full_coverage_and_all_discovered_cleared,110,3193.730098,,,True,0.023561707988847047
7,0,True,0,0,0,0,0,uniform__iid__71,uniform__iid,7,0,13,12,133,1.0,,,base,0,0.026573999999999987,12,,5,6,False,,False,,first,0,0,8,277,0,0,0,0,,19,0,,,118,history_first8_area7,[],12153.650482723764,0,40.99123897655369,0.0,7,,,266.14417483333335,"[1, 2, 4, 5, 7, 9, 10, 13, 17, 18, 19, 20]",,3,71,1.0,22,,4,,,12,ordinary,7,full_coverage_and_all_discovered_cleared,110,3193.730098,,,True,0.026585499988868833
7,0,True,0,0,0,0,0,uniform__iid__71,uniform__iid,7,0,13,12,133,1.0,,,base,0,0.028464999999999963,12,,5,6,False,,False,,ends,0,0,8,396,0,0,0,0,,19,0,,,118,history_ends8_area7,[],12153.650482723764,0,40.99123897655369,0.0,7,,,266.14417483333335,"[1, 2, 4, 5, 7, 9, 10, 13, 17, 18, 19, 20]",,3,71,1.0,22,,4,,,12,ordinary,7,full_coverage_and_all_discovered_cleared,110,3193.730098,,,True,0.02848904102575034
7,0,True,0,0,0,0,0,uniform__iid__71,uniform__iid,7,0,13,12,133,1.0,,,base,0,0.028789999999999982,12,,5,6,False,,False,,ends,0,0,16,436,0,0,0,0,,19,0,,,118,history_ends16_area7,[],12153.650482723764,0,40.99123897655369,0.0,7,,,266.14417483333335,"[1, 2, 4, 5, 7, 9, 10, 13, 17, 18, 19, 20]",,3,71,1.0,22,,4,,,12,ordinary,7,full_coverage_and_all_discovered_cleared,110,3193.730098,,,True,0.028827999951317906
9,0,True,0,0,0,0,0,uniform__smooth__67,uniform__smooth,8,3,12,10,133,1.0,,,base,0,0.021757000000000026,10,,2,4,False,,False,,,,,,,,,0,0,,17,0,,,119,range_area7,[],12540.003423868544,0,78.3020734411675,0.0,8,,,327.2000683,"[4, 5, 7, 8, 9, 10, 14, 15, 18, 19]",,3,67,1.0,8,,0,,,10,ordinary,7,full_coverage_and_all_discovered_cleared,113,3272.000683,,,True,0.022487540962174535
9,0,True,0,0,0,0,0,uniform__smooth__67,uniform__smooth,8,3,12,10,133,1.0,,,base,0,0.021313999999999944,10,,2,4,False,,False,,first,0,0,8,63,0,0,0,0,,17,0,,,119,history_first8_area7,[],12540.003423868544,0,78.3020734411675,0.0,8,,,327.2000683,"[4, 5, 7, 8, 9, 10, 14, 15, 18, 19]",,3,67,1.0,8,,0,,,10,ordinary,7,full_coverage_and_all_discovered_cleared,113,3272.000683,,,True,0.021364707965403795
9,0,True,0,0,0,0,0,uniform__smooth__67,uniform__smooth,8,3,12,10,133,1.0,,,base,0,0.02269600000000005,10,,2,4,False,,False,,ends,0,0,8,100,0,0,0,0,,17,0,,,119,history_ends8_area7,[],12540.003423868544,0,78.3020734411675,0.0,8,,,327.2000683,"[4, 5, 7, 8, 9, 10, 14, 15, 18, 19]",,3,67,1.0,8,,0,,,10,ordinary,7,full_coverage_and_all_discovered_cleared,113,3272.000683,,,True,0.02269654197152704
9,0,True,0,0,0,0,0,uniform__smooth__67,uniform__smooth,8,3,12,10,133,1.0,,,base,0,0.02240399999999998,10,,2,4,False,,False,,ends,0,0,16,100,0,0,0,0,,17,0,,,119,history_ends16_area7,[],12540.003423868544,0,78.3020734411675,0.0,8,,,327.2000683,"[4, 5, 7, 8, 9, 10, 14, 15, 18, 19]",,3,67,1.0,8,,0,,,10,ordinary,7,full_coverage_and_all_discovered_cleared,113,3272.000683,,,True,0.022448500036261976
12,0,True,0,0,0,0,0,uniform__smooth__68,uniform__smooth,12,4,19,15,158,1.0,,,base,0,0.03410499999999994,15,,3,7,False,,False,,,,,,,,,0,0,,22,0,,,137,range_area7,[],12819.328505185638,0,112.15950215678339,0.0,12,,,230.6577134,"[2, 4, 5, 6, 8, 9, 11, 12, 13, 14, 15, 16, 17, 19, 20]",,3,68,1.0,36,,0,,,15,ordinary,7,full_coverage_and_all_discovered_cleared,124,3459.865701,,,True,0.03412441600812599
12,0,True,0,0,0,0,0,uniform__smooth__68,uniform__smooth,12,4,19,15,158,1.0,,,base,0,0.037968,15,,3,7,False,,False,,first,0,0,8,600,0,0,0,0,,22,0,,,137,history_first8_area7,[],12819.328505185638,0,112.15950215678339,0.0,12,,,230.6577134,"[2, 4, 5, 6, 8, 9, 11, 12, 13, 14, 15, 16, 17, 19, 20]",,3,68,1.0,36,,0,,,15,ordinary,7,full_coverage_and_all_discovered_cleared,124,3459.865701,,,True,0.038013292010873556
12,0,True,0,0,0,0,0,uniform__smooth__68,uniform__smooth,12,4,19,15,158,1.0,,,base,0,0.04088400000000003,15,,3,7,False,,False,,ends,0,0,8,781,0,0,0,0,,22,0,,,137,history_ends8_area7,[],12819.328505185638,0,112.15950215678339,0.0,12,,,230.6577134,"[2, 4, 5, 6, 8, 9, 11, 12, 13, 14, 15, 16, 17, 19, 20]",,3,68,1.0,36,,0,,,15,ordinary,7,full_coverage_and_all_discovered_cleared,124,3459.865701,,,True,0.04089991602813825
12,0,True,0,0,0,0,0,uniform__smooth__68,uniform__smooth,12,4,19,15,158,1.0,,,base,0,0.04317599999999999,15,,3,7,False,,False,,ends,0,0,16,1180,0,0,0,0,,22,0,,,137,history_ends16_area7,[],12819.328505185638,0,112.15950215678339,0.0,12,,,230.6577134,"[2, 4, 5, 6, 8, 9, 11, 12, 13, 14, 15, 16, 17, 19, 20]",,3,68,1.0,36,,0,,,15,ordinary,7,full_coverage_and_all_discovered_cleared,124,3459.865701,,,True,0.043209999974351376
7,0,True,0,0,0,0,0,uniform__smooth__69,uniform__smooth,7,3,16,15,137,1.0,,,base,0,0.02681499999999981,15,,8,9,False,,False,,,,,,,,,0,0,,22,0,,,119,range_area7,[],13126.1345818081,0,43.08970576885116,0.0,7,,,227.0817944,"[2, 3, 4, 5, 6, 7, 8, 9, 10, 11, 12, 13, 14, 16, 18]",,3,69,1.0,23,,10,,,15,ordinary,7,full_coverage_and_all_discovered_cleared,108,3406.226916,,,True,0.02683499996783212
7,0,True,0,0,0,0,0,uniform__smooth__69,uniform__smooth,7,3,16,15,137,1.0,,,base,0,0.029088000000000003,15,,8,9,False,,False,,first,0,0,8,298,0,0,0,0,,22,0,,,119,history_first8_area7,[],13126.1345818081,0,43.08970576885116,0.0,7,,,227.0817944,"[2, 3, 4, 5, 6, 7, 8, 9, 10, 11, 12, 13, 14, 16, 18]",,3,69,1.0,23,,10,,,15,ordinary,7,full_coverage_and_all_discovered_cleared,108,3406.226916,,,True,0.029120041988790035
7,0,True,0,0,0,0,0,uniform__smooth__69,uniform__smooth,7,3,16,15,137,1.0,,,base,0,0.033819000000000043,15,,8,9,False,,False,,ends,0,0,8,418,0,0,0,0,,22,0,,,119,history_ends8_area7,[],13126.1345818081,0,43.08970576885116,0.0,7,,,227.0817944,"[2, 3, 4, 5, 6, 7, 8, 9, 10, 11, 12, 13, 14, 16, 18]",,3,69,1.0,23,,10,,,15,ordinary,7,full_coverage_and_all_discovered_cleared,108,3406.226916,,,True,0.033834041969385
7,0,True,0,0,0,0,0,uniform__smooth__69,uniform__smooth,7,3,16,15,137,1.0,,,base,0,0.03125500000000003,15,,8,9,False,,False,,ends,0,0,16,418,0,0,0,0,,22,0,,,119,history_ends16_area7,[],13126.1345818081,0,43.08970576885116,0.0,7,,,227.0817944,"[2, 3, 4, 5, 6, 7, 8, 9, 10, 11, 12, 13, 14, 16, 18]",,3,69,1.0,23,,10,,,15,ordinary,7,full_coverage_and_all_discovered_cleared,108,3406.226916,,,True,0.0312895419774577
5,0,True,0,0,0,0,0,uniform__smooth__70,uniform__smooth,4,1,10,10,135,1.0,,,base,0,0.01703699999999997,10,,6,6,False,,False,,,,,,,,,0,0,,17,0,,,123,range_area7,[],11228.036691091005,0,25.521340928374684,0.0,4,,,302.760734,"[2, 3, 5, 10, 11, 13, 15, 16, 19, 20]",,3,70,1.0,9,,0,,,10,ordinary,7,full_coverage_and_all_discovered_cleared,117,3027.60734,,,True,0.01704070798587054
5,0,True,0,0,0,0,0,uniform__smooth__70,uniform__smooth,4,1,10,10,135,1.0,,,base,0,0.019263999999999948,10,,6,6,False,,False,,first,0,0,8,167,0,0,0,0,,17,0,,,123,history_first8_area7,[],11228.036691091005,0,25.521340928374684,0.0,4,,,302.760734,"[2, 3, 5, 10, 11, 13, 15, 16, 19, 20]",,3,70,1.0,9,,0,,,10,ordinary,7,full_coverage_and_all_discovered_cleared,117,3027.60734,,,True,0.019264040980488062
5,0,True,0,0,0,0,0,uniform__smooth__70,uniform__smooth,4,1,10,10,135,1.0,,,base,0,0.01981999999999995,10,,6,6,False,,False,,ends,0,0,8,248,0,0,0,0,,17,0,,,123,history_ends8_area7,[],11228.036691091005,0,25.521340928374684,0.0,4,,,302.760734,"[2, 3, 5, 10, 11, 13, 15, 16, 19, 20]",,3,70,1.0,9,,0,,,10,ordinary,7,full_coverage_and_all_discovered_cleared,117,3027.60734,,,True,0.019820083980448544
5,0,True,0,0,0,0,0,uniform__smooth__70,uniform__smooth,4,1,10,10,135,1.0,,,base,0,0.020206999999999864,10,,6,6,False,,False,,ends,0,0,16,248,0,0,0,0,,17,0,,,123,history_ends16_area7,[],11228.036691091005,0,25.521340928374684,0.0,4,,,302.760734,"[2, 3, 5, 10, 11, 13, 15, 16, 19, 20]",,3,70,1.0,9,,0,,,10,ordinary,7,full_coverage_and_all_discovered_cleared,117,3027.60734,,,True,0.020289790991228074
5,0,True,0,0,0,0,0,uniform__smooth__71,uniform__smooth,6,0,13,12,132,1.0,,,base,0,0.022842999999999947,12,,6,7,False,,False,,,,,,,,,0,0,,19,0,,,117,range_area7,[],11457.765426791182,0,41.17540470974342,0.0,6,,,254.04609025,"[1, 2, 4, 5, 7, 9, 10, 13, 17, 18, 19, 20]",,3,71,1.0,22,,3,,,12,ordinary,7,full_coverage_and_all_discovered_cleared,109,3048.553083,,,True,0.022872375033330172
5,0,True,0,0,0,0,0,uniform__smooth__71,uniform__smooth,6,0,13,12,132,1.0,,,base,0,0.02550299999999983,12,,6,7,False,,False,,first,0,0,8,246,0,0,0,0,,19,0,,,117,history_first8_area7,[],11457.765426791182,0,41.17540470974342,0.0,6,,,254.04609025,"[1, 2, 4, 5, 7, 9, 10, 13, 17, 18, 19, 20]",,3,71,1.0,22,,3,,,12,ordinary,7,full_coverage_and_all_discovered_cleared,109,3048.553083,,,True,0.025509583007078618
5,0,True,0,0,0,0,0,uniform__smooth__71,uniform__smooth,6,0,13,12,132,1.0,,,base,0,0.0264660000000001,12,,6,7,False,,False,,ends,0,0,8,362,0,0,0,0,,19,0,,,117,history_ends8_area7,[],11457.765426791182,0,41.17540470974342,0.0,6,,,254.04609025,"[1, 2, 4, 5, 7, 9, 10, 13, 17, 18, 19, 20]",,3,71,1.0,22,,3,,,12,ordinary,7,full_coverage_and_all_discovered_cleared,109,3048.553083,,,True,0.026487042021472007
5,0,True,0,0,0,0,0,uniform__smooth__71,uniform__smooth,6,0,13,12,132,1.0,,,base,0,0.026283999999999974,12,,6,7,False,,False,,ends,0,0,16,362,0,0,0,0,,19,0,,,117,history_ends16_area7,[],11457.765426791182,0,41.17540470974342,0.0,6,,,254.04609025,"[1, 2, 4, 5, 7, 9, 10, 13, 17, 18, 19, 20]",,3,71,1.0,22,,3,,,12,ordinary,7,full_coverage_and_all_discovered_cleared,109,3048.553083,,,True,0.026301875011995435
10,0,True,0,0,0,0,0,uniform__adversarial-positive__67,uniform__adversarial-positive,9,3,15,10,136,1.0,,,base,0,0.020062000000000024,10,,1,6,False,,False,,,,,,,,,0,0,,17,0,,,119,range_area7,[],12544.11036699349,0,59.11179150090638,0.0,9,,,328.1822072,"[4, 5, 7, 8, 9, 10, 14, 15, 18, 19]",,3,67,1.0,7,,0,,,10,ordinary,7,full_coverage_and_all_discovered_cleared,113,3281.822072,,,True,0.020062040945049375
10,0,True,0,0,0,0,0,uniform__adversarial-positive__67,uniform__adversarial-positive,9,3,15,10,136,1.0,,,base,0,0.020805000000000184,10,,1,6,False,,False,,first,0,0,8,59,0,0,0,0,,17,0,,,119,history_first8_area7,[],12544.11036699349,0,59.11179150090638,0.0,9,,,328.1822072,"[4, 5, 7, 8, 9, 10, 14, 15, 18, 19]",,3,67,1.0,7,,0,,,10,ordinary,7,full_coverage_and_all_discovered_cleared,113,3281.822072,,,True,0.0208820000407286
10,0,True,0,0,0,0,0,uniform__adversarial-positive__67,uniform__adversarial-positive,9,3,15,10,136,1.0,,,base,0,0.02158899999999986,10,,1,6,False,,False,,ends,0,0,8,92,0,0,0,0,,17,0,,,119,history_ends8_area7,[],12544.11036699349,0,59.11179150090638,0.0,9,,,328.1822072,"[4, 5, 7, 8, 9, 10, 14, 15, 18, 19]",,3,67,1.0,7,,0,,,10,ordinary,7,full_coverage_and_all_discovered_cleared,113,3281.822072,,,True,0.021615459001623094
10,0,True,0,0,0,0,0,uniform__adversarial-positive__67,uniform__adversarial-positive,9,3,15,10,136,1.0,,,base,0,0.02149600000000018,10,,1,6,False,,False,,ends,0,0,16,92,0,0,0,0,,17,0,,,119,history_ends16_area7,[],12544.11036699349,0,59.11179150090638,0.0,9,,,328.1822072,"[4, 5, 7, 8, 9, 10, 14, 15, 18, 19]",,3,67,1.0,7,,0,,,10,ordinary,7,full_coverage_and_all_discovered_cleared,113,3281.822072,,,True,0.021496041968930513
12,0,True,0,0,0,0,0,uniform__adversarial-positive__68,uniform__adversarial-positive,14,4,22,15,158,1.0,,,base,0,0.032285999999999815,15,,1,8,False,,False,,,,,,,,,0,0,,22,0,,,134,range_area7,[],12603.979749546508,0,126.3358280542244,0.0,14,,,227.38639666666668,"[2, 4, 5, 6, 8, 9, 11, 12, 13, 14, 15, 16, 17, 19, 20]",,3,68,1.0,33,,0,,,15,ordinary,7,full_coverage_and_all_discovered_cleared,124,3410.79595,,,True,0.03232387499883771
12,0,True,0,0,0,0,0,uniform__adversarial-positive__68,uniform__adversarial-positive,14,4,22,15,158,1.0,,,base,0,0.036645999999999956,15,,1,8,False,,False,,first,0,0,8,522,0,0,0,0,,22,0,,,134,history_first8_area7,[],12603.979749546508,0,126.3358280542244,0.0,14,,,227.38639666666668,"[2, 4, 5, 6, 8, 9, 11, 12, 13, 14, 15, 16, 17, 19, 20]",,3,68,1.0,33,,0,,,15,ordinary,7,full_coverage_and_all_discovered_cleared,124,3410.79595,,,True,0.03665170801104978
12,0,True,0,0,0,0,0,uniform__adversarial-positive__68,uniform__adversarial-positive,14,4,22,15,158,1.0,,,base,0,0.03933600000000004,15,,1,8,False,,False,,ends,0,0,8,737,0,0,0,0,,22,0,,,134,history_ends8_area7,[],12603.979749546508,0,126.3358280542244,0.0,14,,,227.38639666666668,"[2, 4, 5, 6, 8, 9, 11, 12, 13, 14, 15, 16, 17, 19, 20]",,3,68,1.0,33,,0,,,15,ordinary,7,full_coverage_and_all_discovered_cleared,124,3410.79595,,,True,0.03940758400131017
12,0,True,0,0,0,0,0,uniform__adversarial-positive__68,uniform__adversarial-positive,14,4,22,15,158,1.0,,,base,0,0.04044000000000003,15,,1,8,False,,False,,ends,0,0,16,897,0,0,0,0,,22,0,,,134,history_ends16_area7,[],12603.979749546508,0,126.3358280542244,0.0,14,,,227.38639666666668,"[2, 4, 5, 6, 8, 9, 11, 12, 13, 14, 15, 16, 17, 19, 20]",,3,68,1.0,33,,0,,,15,ordinary,7,full_coverage_and_all_discovered_cleared,124,3410.79595,,,True,0.040464916033670306
10,0,True,0,0,0,0,0,uniform__adversarial-positive__69,uniform__adversarial-positive,9,6,19,15,144,1.0,,,base,0,0.029730000000000034,15,,6,10,False,,False,,,,,,,,,0,0,,22,0,,,123,range_area7,[],13010.796039392302,0,107.1655831496508,0.0,9,,,227.94394726666667,"[2, 3, 4, 5, 6, 7, 8, 9, 10, 11, 12, 13, 14, 16, 18]",,3,69,1.0,23,,6,,,15,ordinary,7,full_coverage_and_all_discovered_cleared,115,3419.159209,,,True,0.02976400003535673
10,0,True,0,0,0,0,0,uniform__adversarial-positive__69,uniform__adversarial-positive,9,6,19,15,144,1.0,,,base,0,0.031501,15,,6,10,False,,False,,first,0,0,8,315,0,0,0,0,,22,0,,,123,history_first8_area7,[],13010.796039392302,0,107.1655831496508,0.0,9,,,227.94394726666667,"[2, 3, 4, 5, 6, 7, 8, 9, 10, 11, 12, 13, 14, 16, 18]",,3,69,1.0,23,,6,,,15,ordinary,7,full_coverage_and_all_discovered_cleared,115,3419.159209,,,True,0.03152866702293977
10,0,True,0,0,0,0,0,uniform__adversarial-positive__69,uniform__adversarial-positive,9,6,19,15,144,1.0,,,base,0,0.034367999999999954,15,,6,10,False,,False,,ends,0,0,8,462,0,0,0,0,,22,0,,,123,history_ends8_area7,[],13010.796039392302,0,107.1655831496508,0.0,9,,,227.94394726666667,"[2, 3, 4, 5, 6, 7, 8, 9, 10, 11, 12, 13, 14, 16, 18]",,3,69,1.0,23,,6,,,15,ordinary,7,full_coverage_and_all_discovered_cleared,115,3419.159209,,,True,0.034449375001713634
10,0,True,0,0,0,0,0,uniform__adversarial-positive__69,uniform__adversarial-positive,9,6,19,15,144,1.0,,,base,0,0.03386100000000014,15,,6,10,False,,False,,ends,0,0,16,462,0,0,0,0,,22,0,,,123,history_ends16_area7,[],13010.796039392302,0,107.1655831496508,0.0,9,,,227.94394726666667,"[2, 3, 4, 5, 6, 7, 8, 9, 10, 11, 12, 13, 14, 16, 18]",,3,69,1.0,23,,6,,,15,ordinary,7,full_coverage_and_all_discovered_cleared,115,3419.159209,,,True,0.03388000000268221
8,0,True,0,0,0,0,0,uniform__adversarial-positive__70,uniform__adversarial-positive,8,1,13,10,133,1.0,,,base,0,0.018059999999999965,10,,2,5,False,,False,,,,,,,,,0,0,,17,0,,,118,range_area7,[],11220.950146327352,0,50.559319946033376,0.0,8,,,300.71900270000003,"[2, 3, 5, 10, 11, 13, 15, 16, 19, 20]",,3,70,1.0,7,,6,,,10,ordinary,7,full_coverage_and_all_discovered_cleared,114,3007.190027,,,True,0.018059917027130723
8,0,True,0,0,0,0,0,uniform__adversarial-positive__70,uniform__adversarial-positive,8,1,13,10,133,1.0,,,base,0,0.019762999999999975,10,,2,5,False,,False,,first,0,0,8,95,0,0,0,0,,17,0,,,118,history_first8_area7,[],11220.950146327352,0,50.559319946033376,0.0,8,,,300.71900270000003,"[2, 3, 5, 10, 11, 13, 15, 16, 19, 20]",,3,70,1.0,7,,6,,,10,ordinary,7,full_coverage_and_all_discovered_cleared,114,3007.190027,,,True,0.019783499999903142
8,0,True,0,0,0,0,0,uniform__adversarial-positive__70,uniform__adversarial-positive,8,1,13,10,133,1.0,,,base,0,0.020564000000000027,10,,2,5,False,,False,,ends,0,0,8,150,0,0,0,0,,17,0,,,118,history_ends8_area7,[],11220.950146327352,0,50.559319946033376,0.0,8,,,300.71900270000003,"[2, 3, 5, 10, 11, 13, 15, 16, 19, 20]",,3,70,1.0,7,,6,,,10,ordinary,7,full_coverage_and_all_discovered_cleared,114,3007.190027,,,True,0.020579333999194205
8,0,True,0,0,0,0,0,uniform__adversarial-positive__70,uniform__adversarial-positive,8,1,13,10,133,1.0,,,base,0,0.020510999999999946,10,,2,5,False,,False,,ends,0,0,16,150,0,0,0,0,,17,0,,,118,history_ends16_area7,[],11220.950146327352,0,50.559319946033376,0.0,8,,,300.71900270000003,"[2, 3, 5, 10, 11, 13, 15, 16, 19, 20]",,3,70,1.0,7,,6,,,10,ordinary,7,full_coverage_and_all_discovered_cleared,114,3007.190027,,,True,0.020516582997515798
8,0,True,0,0,0,0,0,uniform__adversarial-positive__71,uniform__adversarial-positive,8,0,16,12,150,1.0,,,base,0,0.02387499999999987,12,,4,8,False,,False,,,,,,,,,0,0,,19,0,,,132,range_area7,[],12063.417805624325,0,48.0087867640272,0.0,8,,,272.14029666666664,"[1, 2, 4, 5, 7, 9, 10, 13, 17, 18, 19, 20]",,3,71,1.0,19,,1,,,12,ordinary,7,full_coverage_and_all_discovered_cleared,121,3265.68356,,,True,0.023893084027804434
8,0,True,0,0,0,0,0,uniform__adversarial-positive__71,uniform__adversarial-positive,8,0,16,12,150,1.0,,,base,0,0.027217999999999964,12,,4,8,False,,False,,first,0,0,8,404,0,0,0,0,,19,0,,,132,history_first8_area7,[],12063.417805624325,0,48.0087867640272,0.0,8,,,272.14029666666664,"[1, 2, 4, 5, 7, 9, 10, 13, 17, 18, 19, 20]",,3,71,1.0,19,,1,,,12,ordinary,7,full_coverage_and_all_discovered_cleared,121,3265.68356,,,True,0.02724558301270008
8,0,True,0,0,0,0,0,uniform__adversarial-positive__71,uniform__adversarial-positive,8,0,16,12,150,1.0,,,base,0,0.029625000000000012,12,,4,8,False,,False,,ends,0,0,8,585,0,0,0,0,,19,0,,,132,history_ends8_area7,[],12063.417805624325,0,48.0087867640272,0.0,8,,,272.14029666666664,"[1, 2, 4, 5, 7, 9, 10, 13, 17, 18, 19, 20]",,3,71,1.0,19,,1,,,12,ordinary,7,full_coverage_and_all_discovered_cleared,121,3265.68356,,,True,0.029626666975673288
8,0,True,0,0,0,0,0,uniform__adversarial-positive__71,uniform__adversarial-positive,8,0,16,12,150,1.0,,,base,0,0.030194000000000054,12,,4,8,False,,False,,ends,0,0,16,678,0,0,0,0,,19,0,,,132,history_ends16_area7,[],12063.417805624325,0,48.0087867640272,0.0,8,,,272.14029666666664,"[1, 2, 4, 5, 7, 9, 10, 13, 17, 18, 19, 20]",,3,71,1.0,19,,1,,,12,ordinary,7,full_coverage_and_all_discovered_cleared,121,3265.68356,,,True,0.030215292004868388
6,0,True,0,0,0,0,0,uniform__adversarial-negative__67,uniform__adversarial-negative,8,1,12,10,128,1.0,,,base,0,0.017804000000000153,10,,2,4,False,,False,,,,,,,,,0,0,,17,0,,,114,range_area7,[],11145.28580040564,0,50.5213170450714,0.0,8,,,296.4057159,"[4, 5, 7, 8, 9, 10, 14, 15, 18, 19]",,3,67,1.0,6,,9,,,10,ordinary,7,full_coverage_and_all_discovered_cleared,109,2964.057159,,,True,0.01780845900066197
6,0,True,0,0,0,0,0,uniform__adversarial-negative__67,uniform__adversarial-negative,8,1,12,10,128,1.0,,,base,0,0.018909999999999982,10,,2,4,False,,False,,first,0,0,8,61,0,0,0,0,,17,0,,,114,history_first8_area7,[],11145.28580040564,0,50.5213170450714,0.0,8,,,296.4057159,"[4, 5, 7, 8, 9, 10, 14, 15, 18, 19]",,3,67,1.0,6,,9,,,10,ordinary,7,full_coverage_and_all_discovered_cleared,109,2964.057159,,,True,0.018909708014689386
6,0,True,0,0,0,0,0,uniform__adversarial-negative__67,uniform__adversarial-negative,8,1,12,10,128,1.0,,,base,0,0.019143999999999828,10,,2,4,False,,False,,ends,0,0,8,95,0,0,0,0,,17,0,,,114,history_ends8_area7,[],11145.28580040564,0,50.5213170450714,0.0,8,,,296.4057159,"[4, 5, 7, 8, 9, 10, 14, 15, 18, 19]",,3,67,1.0,6,,9,,,10,ordinary,7,full_coverage_and_all_discovered_cleared,109,2964.057159,,,True,0.01915229100268334
6,0,True,0,0,0,0,0,uniform__adversarial-negative__67,uniform__adversarial-negative,8,1,12,10,128,1.0,,,base,0,0.01940900000000001,10,,2,4,False,,False,,ends,0,0,16,95,0,0,0,0,,17,0,,,114,history_ends16_area7,[],11145.28580040564,0,50.5213170450714,0.0,8,,,296.4057159,"[4, 5, 7, 8, 9, 10, 14, 15, 18, 19]",,3,67,1.0,6,,9,,,10,ordinary,7,full_coverage_and_all_discovered_cleared,109,2964.057159,,,True,0.019466166966594756
11,0,True,0,0,0,0,0,uniform__adversarial-negative__68,uniform__adversarial-negative,11,0,22,15,157,1.0,,,base,0,0.029806,15,,4,11,False,,False,,,,,,,,,0,0,,22,0,,,133,range_area7,[],11311.566864547774,0,89.91461847037544,0.0,11,,,209.88755826666664,"[2, 4, 5, 6, 8, 9, 11, 12, 13, 14, 15, 16, 17, 19, 20]",,3,68,1.0,33,,0,,,15,ordinary,7,full_coverage_and_all_discovered_cleared,125,3148.313374,,,True,0.029811583983246237
11,0,True,0,0,0,0,0,uniform__adversarial-negative__68,uniform__adversarial-negative,11,0,22,15,157,1.0,,,base,0,0.034587000000000145,15,,4,11,False,,False,,first,0,0,8,640,0,0,0,0,,22,0,,,133,history_first8_area7,[],11311.566864547774,0,89.91461847037544,0.0,11,,,209.88755826666664,"[2, 4, 5, 6, 8, 9, 11, 12, 13, 14, 15, 16, 17, 19, 20]",,3,68,1.0,33,,0,,,15,ordinary,7,full_coverage_and_all_discovered_cleared,125,3148.313374,,,True,0.034609667025506496
11,0,True,0,0,0,0,0,uniform__adversarial-negative__68,uniform__adversarial-negative,11,0,22,15,157,1.0,,,base,0,0.039628,15,,4,11,False,,False,,ends,0,0,8,934,0,0,0,0,,22,0,,,133,history_ends8_area7,[],11311.566864547774,0,89.91461847037544,0.0,11,,,209.88755826666664,"[2, 4, 5, 6, 8, 9, 11, 12, 13, 14, 15, 16, 17, 19, 20]",,3,68,1.0,33,,0,,,15,ordinary,7,full_coverage_and_all_discovered_cleared,125,3148.313374,,,True,0.03964162495685741
11,0,True,0,0,0,0,0,uniform__adversarial-negative__68,uniform__adversarial-negative,11,0,22,15,157,1.0,,,base,0,0.04000199999999987,15,,4,11,False,,False,,ends,0,0,16,1030,0,0,0,0,,22,0,,,133,history_ends16_area7,[],11311.566864547774,0,89.91461847037544,0.0,11,,,209.88755826666664,"[2, 4, 5, 6, 8, 9, 11, 12, 13, 14, 15, 16, 17, 19, 20]",,3,68,1.0,33,,0,,,15,ordinary,7,full_coverage_and_all_discovered_cleared,125,3148.313374,,,True,0.040096832963172346
9,0,True,0,0,0,0,0,uniform__adversarial-negative__69,uniform__adversarial-negative,9,2,19,15,139,1.0,,,base,0,0.028178000000000036,15,,6,10,False,,False,,,,,,,,,0,0,,22,0,,,118,range_area7,[],12859.410494502135,0,83.41194961814898,0.0,9,,,223.7921398,"[2, 3, 4, 5, 6, 7, 8, 9, 10, 11, 12, 13, 14, 16, 18]",,3,69,1.0,23,,9,,,15,ordinary,7,full_coverage_and_all_discovered_cleared,108,3356.882097,,,True,0.028239874984137714
9,0,True,0,0,0,0,0,uniform__adversarial-negative__69,uniform__adversarial-negative,9,2,19,15,139,1.0,,,base,0,0.03015699999999999,15,,6,10,False,,False,,first,0,0,8,287,0,0,0,0,,22,0,,,118,history_first8_area7,[],12859.410494502135,0,83.41194961814898,0.0,9,,,223.7921398,"[2, 3, 4, 5, 6, 7, 8, 9, 10, 11, 12, 13, 14, 16, 18]",,3,69,1.0,23,,9,,,15,ordinary,7,full_coverage_and_all_discovered_cleared,108,3356.882097,,,True,0.030174584011547267
9,0,True,0,0,0,0,0,uniform__adversarial-negative__69,uniform__adversarial-negative,9,2,19,15,139,1.0,,,base,0,0.03238800000000008,15,,6,10,False,,False,,ends,0,0,8,400,0,0,0,0,,22,0,,,118,history_ends8_area7,[],12859.410494502135,0,83.41194961814898,0.0,9,,,223.7921398,"[2, 3, 4, 5, 6, 7, 8, 9, 10, 11, 12, 13, 14, 16, 18]",,3,69,1.0,23,,9,,,15,ordinary,7,full_coverage_and_all_discovered_cleared,108,3356.882097,,,True,0.032413541979622096
9,0,True,0,0,0,0,0,uniform__adversarial-negative__69,uniform__adversarial-negative,9,2,19,15,139,1.0,,,base,0,0.03389199999999981,15,,6,10,False,,False,,ends,0,0,16,493,0,0,0,0,,22,0,,,118,history_ends16_area7,[],12859.410494502135,0,83.41194961814898,0.0,9,,,223.7921398,"[2, 3, 4, 5, 6, 7, 8, 9, 10, 11, 12, 13, 14, 16, 18]",,3,69,1.0,23,,9,,,15,ordinary,7,full_coverage_and_all_discovered_cleared,108,3356.882097,,,True,0.033916832995601
7,0,True,0,0,0,0,0,uniform__adversarial-negative__70,uniform__adversarial-negative,7,1,11,10,138,1.0,,,base,0,0.01902700000000035,10,,3,4,False,,False,,,,,,,,,0,0,,17,0,,,125,range_area7,[],11151.369987015993,0,43.860243093504366,0.0,7,,,302.7273994,"[2, 3, 5, 10, 11, 13, 15, 16, 19, 20]",,3,70,1.0,9,,0,,,10,ordinary,7,full_coverage_and_all_discovered_cleared,119,3027.273994,,,True,0.019055625016335398
7,0,True,0,0,0,0,0,uniform__adversarial-negative__70,uniform__adversarial-negative,7,1,11,10,138,1.0,,,base,0,0.020416999999999685,10,,3,4,False,,False,,first,0,0,8,174,0,0,0,0,,17,0,,,125,history_first8_area7,[],11151.369987015993,0,43.860243093504366,0.0,7,,,302.7273994,"[2, 3, 5, 10, 11, 13, 15, 16, 19, 20]",,3,70,1.0,9,,0,,,10,ordinary,7,full_coverage_and_all_discovered_cleared,119,3027.273994,,,True,0.02043745800619945
7,0,True,0,0,0,0,0,uniform__adversarial-negative__70,uniform__adversarial-negative,7,1,11,10,138,1.0,,,base,0,0.02181500000000014,10,,3,4,False,,False,,ends,0,0,8,262,0,0,0,0,,17,0,,,125,history_ends8_area7,[],11151.369987015993,0,43.860243093504366,0.0,7,,,302.7273994,"[2, 3, 5, 10, 11, 13, 15, 16, 19, 20]",,3,70,1.0,9,,0,,,10,ordinary,7,full_coverage_and_all_discovered_cleared,119,3027.273994,,,True,0.021848624979611486
7,0,True,0,0,0,0,0,uniform__adversarial-negative__70,uniform__adversarial-negative,7,1,11,10,138,1.0,,,base,0,0.021919000000000022,10,,3,4,False,,False,,ends,0,0,16,262,0,0,0,0,,17,0,,,125,history_ends16_area7,[],11151.369987015993,0,43.860243093504366,0.0,7,,,302.7273994,"[2, 3, 5, 10, 11, 13, 15, 16, 19, 20]",,3,70,1.0,9,,0,,,10,ordinary,7,full_coverage_and_all_discovered_cleared,119,3027.273994,,,True,0.021917750011198223
6,0,True,0,0,0,0,0,uniform__adversarial-negative__71,uniform__adversarial-negative,9,0,14,12,136,1.0,,,base,0,0.024364000000000274,12,,3,5,False,,False,,,,,,,,,0,0,,19,0,,,120,range_area7,[],11408.921013664041,0,52.519745855040824,0.0,9,,,254.64868366666667,"[1, 2, 4, 5, 7, 9, 10, 13, 17, 18, 19, 20]",,3,71,1.0,24,,3,,,12,ordinary,7,full_coverage_and_all_discovered_cleared,108,3055.784204,,,True,0.024506084038875997
6,0,True,0,0,0,0,0,uniform__adversarial-negative__71,uniform__adversarial-negative,9,0,14,12,136,1.0,,,base,0,0.027259999999999618,12,,3,5,False,,False,,first,0,0,8,307,0,0,0,0,,19,0,,,120,history_first8_area7,[],11408.921013664041,0,52.519745855040824,0.0,9,,,254.64868366666667,"[1, 2, 4, 5, 7, 9, 10, 13, 17, 18, 19, 20]",,3,71,1.0,24,,3,,,12,ordinary,7,full_coverage_and_all_discovered_cleared,108,3055.784204,,,True,0.027307374984957278
6,0,True,0,0,0,0,0,uniform__adversarial-negative__71,uniform__adversarial-negative,9,0,14,12,136,1.0,,,base,0,0.029764000000000124,12,,3,5,False,,False,,ends,0,0,8,463,0,0,0,0,,19,0,,,120,history_ends8_area7,[],11408.921013664041,0,52.519745855040824,0.0,9,,,254.64868366666667,"[1, 2, 4, 5, 7, 9, 10, 13, 17, 18, 19, 20]",,3,71,1.0,24,,3,,,12,ordinary,7,full_coverage_and_all_discovered_cleared,108,3055.784204,,,True,0.029836333997081965
6,0,True,0,0,0,0,0,uniform__adversarial-negative__71,uniform__adversarial-negative,9,0,14,12,136,1.0,,,base,0,0.0292889999999999,12,,3,5,False,,False,,ends,0,0,16,463,0,0,0,0,,19,0,,,120,history_ends16_area7,[],11408.921013664041,0,52.519745855040824,0.0,9,,,254.64868366666667,"[1, 2, 4, 5, 7, 9, 10, 13, 17, 18, 19, 20]",,3,71,1.0,24,,3,,,12,ordinary,7,full_coverage_and_all_discovered_cleared,108,3055.784204,,,True,0.029295791988261044
9,0,True,0,0,0,0,0,uniform__adversarial-spatial__67,uniform__adversarial-spatial,8,3,13,10,134,1.0,,,base,0,0.02051000000000025,10,,2,5,False,,False,,,,,,,,,0,0,,17,0,,,119,range_area7,[],12701.340476515094,0,65.96383839690539,0.0,8,,,330.7268094,"[4, 5, 7, 8, 9, 10, 14, 15, 18, 19]",,3,67,1.0,8,,0,,,10,ordinary,7,full_coverage_and_all_discovered_cleared,113,3307.268094,,,True,0.02051033399766311
9,0,True,0,0,0,0,0,uniform__adversarial-spatial__67,uniform__adversarial-spatial,8,3,13,10,134,1.0,,,base,0,0.021472000000000158,10,,2,5,False,,False,,first,0,0,8,56,0,0,0,0,,17,0,,,119,history_first8_area7,[],12701.340476515094,0,65.96383839690539,0.0,8,,,330.7268094,"[4, 5, 7, 8, 9, 10, 14, 15, 18, 19]",,3,67,1.0,8,,0,,,10,ordinary,7,full_coverage_and_all_discovered_cleared,113,3307.268094,,,True,0.0214783750125207
9,0,True,0,0,0,0,0,uniform__adversarial-spatial__67,uniform__adversarial-spatial,8,3,13,10,134,1.0,,,base,0,0.022022999999999904,10,,2,5,False,,False,,ends,0,0,8,86,0,0,0,0,,17,0,,,119,history_ends8_area7,[],12701.340476515094,0,65.96383839690539,0.0,8,,,330.7268094,"[4, 5, 7, 8, 9, 10, 14, 15, 18, 19]",,3,67,1.0,8,,0,,,10,ordinary,7,full_coverage_and_all_discovered_cleared,113,3307.268094,,,True,0.022022957971785218
9,0,True,0,0,0,0,0,uniform__adversarial-spatial__67,uniform__adversarial-spatial,8,3,13,10,134,1.0,,,base,0,0.02189299999999994,10,,2,5,False,,False,,ends,0,0,16,86,0,0,0,0,,17,0,,,119,history_ends16_area7,[],12701.340476515094,0,65.96383839690539,0.0,8,,,330.7268094,"[4, 5, 7, 8, 9, 10, 14, 15, 18, 19]",,3,67,1.0,8,,0,,,10,ordinary,7,full_coverage_and_all_discovered_cleared,113,3307.268094,,,True,0.02190475002862513
13,0,True,0,0,0,0,0,uniform__adversarial-spatial__68,uniform__adversarial-spatial,14,4,22,15,159,1.0,,,base,0,0.03168300000000013,15,,1,8,False,,False,,,,,,,,,0,0,,22,0,,,135,range_area7,[],12617.62105305865,0,148.4007863913149,0.0,14,,,227.90161393333335,"[2, 4, 5, 6, 8, 9, 11, 12, 13, 14, 15, 16, 17, 19, 20]",,3,68,1.0,35,,2,,,15,ordinary,7,full_coverage_and_all_discovered_cleared,124,3418.524209,,,True,0.031698624952696264
13,0,True,0,0,0,0,0,uniform__adversarial-spatial__68,uniform__adversarial-spatial,14,4,22,15,159,1.0,,,base,0,0.03677999999999981,15,,1,8,False,,False,,first,0,0,8,652,0,0,0,0,,22,0,,,135,history_first8_area7,[],12617.62105305865,0,148.4007863913149,0.0,14,,,227.90161393333335,"[2, 4, 5, 6, 8, 9, 11, 12, 13, 14, 15, 16, 17, 19, 20]",,3,68,1.0,35,,2,,,15,ordinary,7,full_coverage_and_all_discovered_cleared,124,3418.524209,,,True,0.03682041697902605
13,0,True,0,0,0,0,0,uniform__adversarial-spatial__68,uniform__adversarial-spatial,14,4,22,15,159,1.0,,,base,0,0.040367000000000264,15,,1,8,False,,False,,ends,0,0,8,911,0,0,0,0,,22,0,,,135,history_ends8_area7,[],12617.62105305865,0,148.4007863913149,0.0,14,,,227.90161393333335,"[2, 4, 5, 6, 8, 9, 11, 12, 13, 14, 15, 16, 17, 19, 20]",,3,68,1.0,35,,2,,,15,ordinary,7,full_coverage_and_all_discovered_cleared,124,3418.524209,,,True,0.0404252500156872
13,0,True,0,0,0,0,0,uniform__adversarial-spatial__68,uniform__adversarial-spatial,14,4,22,15,159,1.0,,,base,0,0.0443039999999999,15,,1,8,False,,False,,ends,0,0,16,1351,0,0,0,0,,22,0,,,135,history_ends16_area7,[],12617.62105305865,0,148.4007863913149,0.0,14,,,227.90161393333335,"[2, 4, 5, 6, 8, 9, 11, 12, 13, 14, 15, 16, 17, 19, 20]",,3,68,1.0,35,,2,,,15,ordinary,7,full_coverage_and_all_discovered_cleared,124,3418.524209,,,True,0.04433191701536998
12,0,True,0,0,0,0,0,uniform__adversarial-spatial__69,uniform__adversarial-spatial,13,3,21,15,146,1.0,,,base,0,0.0295399999999999,15,,2,8,False,,False,,,,,,,,,0,0,,22,0,,,123,range_area7,[],13066.042994566902,0,121.4214655759378,0.0,13,,,229.01390666666666,"[2, 3, 4, 5, 6, 7, 8, 9, 10, 11, 12, 13, 14, 16, 18]",,3,69,1.0,22,,10,,,15,ordinary,7,full_coverage_and_all_discovered_cleared,114,3435.2086,,,True,0.02958533400669694
12,0,True,0,0,0,0,0,uniform__adversarial-spatial__69,uniform__adversarial-spatial,13,3,21,15,146,1.0,,,base,0,0.031953999999999816,15,,2,8,False,,False,,first,0,0,8,363,0,0,0,0,,22,0,,,123,history_first8_area7,[],13066.042994566902,0,121.4214655759378,0.0,13,,,229.01390666666666,"[2, 3, 4, 5, 6, 7, 8, 9, 10, 11, 12, 13, 14, 16, 18]",,3,69,1.0,22,,10,,,15,ordinary,7,full_coverage_and_all_discovered_cleared,114,3435.2086,,,True,0.03196412499528378
12,0,True,0,0,0,0,0,uniform__adversarial-spatial__69,uniform__adversarial-spatial,13,3,21,15,146,1.0,,,base,0,0.03478699999999968,15,,2,8,False,,False,,ends,0,0,8,537,0,0,0,0,,22,0,,,123,history_ends8_area7,[],13066.042994566902,0,121.4214655759378,0.0,13,,,229.01390666666666,"[2, 3, 4, 5, 6, 7, 8, 9, 10, 11, 12, 13, 14, 16, 18]",,3,69,1.0,22,,10,,,15,ordinary,7,full_coverage_and_all_discovered_cleared,114,3435.2086,,,True,0.034807207994163036
12,0,True,0,0,0,0,0,uniform__adversarial-spatial__69,uniform__adversarial-spatial,13,3,21,15,146,1.0,,,base,0,0.03448600000000024,15,,2,8,False,,False,,ends,0,0,16,537,0,0,0,0,,22,0,,,123,history_ends16_area7,[],13066.042994566902,0,121.4214655759378,0.0,13,,,229.01390666666666,"[2, 3, 4, 5, 6, 7, 8, 9, 10, 11, 12, 13, 14, 16, 18]",,3,69,1.0,22,,10,,,15,ordinary,7,full_coverage_and_all_discovered_cleared,114,3435.2086,,,True,0.03449887497117743
7,0,True,0,0,0,0,0,uniform__adversarial-spatial__70,uniform__adversarial-spatial,6,2,14,10,145,1.0,,,base,0,0.0207379999999997,10,,4,8,False,,False,,,,,,,,,0,0,,17,0,,,129,range_area7,[],11516.371920835065,0,52.39706504001099,0.0,6,,,312.62743839999996,"[2, 3, 5, 10, 11, 13, 15, 16, 19, 20]",,3,70,1.0,13,,0,,,10,ordinary,7,full_coverage_and_all_discovered_cleared,116,3126.274384,,,True,0.020738207967951894
7,0,True,0,0,0,0,0,uniform__adversarial-spatial__70,uniform__adversarial-spatial,6,2,14,10,145,1.0,,,base,0,0.022963999999999984,10,,4,8,False,,False,,first,0,0,8,220,0,0,0,0,,17,0,,,129,history_first8_area7,[],11516.371920835065,0,52.39706504001099,0.0,6,,,312.62743839999996,"[2, 3, 5, 10, 11, 13, 15, 16, 19, 20]",,3,70,1.0,13,,0,,,10,ordinary,7,full_coverage_and_all_discovered_cleared,116,3126.274384,,,True,0.02300341601949185
7,0,True,0,0,0,0,0,uniform__adversarial-spatial__70,uniform__adversarial-spatial,6,2,14,10,145,1.0,,,base,0,0.024214999999999876,10,,4,8,False,,False,,ends,0,0,8,304,0,0,0,0,,17,0,,,129,history_ends8_area7,[],11516.371920835065,0,52.39706504001099,0.0,6,,,312.62743839999996,"[2, 3, 5, 10, 11, 13, 15, 16, 19, 20]",,3,70,1.0,13,,0,,,10,ordinary,7,full_coverage_and_all_discovered_cleared,116,3126.274384,,,True,0.02426070795627311
7,0,True,0,0,0,0,0,uniform__adversarial-spatial__70,uniform__adversarial-spatial,6,2,14,10,145,1.0,,,base,0,0.024326000000000292,10,,4,8,False,,False,,ends,0,0,16,328,0,0,0,0,,17,0,,,129,history_ends16_area7,[],11516.371920835065,0,52.39706504001099,0.0,6,,,312.62743839999996,"[2, 3, 5, 10, 11, 13, 15, 16, 19, 20]",,3,70,1.0,13,,0,,,10,ordinary,7,full_coverage_and_all_discovered_cleared,116,3126.274384,,,True,0.024325833015609533
10,0,True,0,0,0,0,0,uniform__adversarial-spatial__71,uniform__adversarial-spatial,11,0,15,12,141,1.0,,,base,0,0.026092999999999922,12,,1,4,False,,False,,,,,,,,,0,0,,19,0,,,124,range_area7,[],12339.184088627455,0,130.58177591346248,0.0,11,,,272.48640141666664,"[1, 2, 4, 5, 7, 9, 10, 13, 17, 18, 19, 20]",,3,71,1.0,23,,2,,,12,ordinary,7,full_coverage_and_all_discovered_cleared,113,3269.836817,,,True,0.02616516698617488
10,0,True,0,0,0,0,0,uniform__adversarial-spatial__71,uniform__adversarial-spatial,11,0,15,12,141,1.0,,,base,0,0.028935000000000155,12,,1,4,False,,False,,first,0,0,8,344,0,0,0,0,,19,0,,,124,history_first8_area7,[],12339.184088627455,0,130.58177591346248,0.0,11,,,272.48640141666664,"[1, 2, 4, 5, 7, 9, 10, 13, 17, 18, 19, 20]",,3,71,1.0,23,,2,,,12,ordinary,7,full_coverage_and_all_discovered_cleared,113,3269.836817,,,True,0.028953249973710626
10,0,True,0,0,0,0,0,uniform__adversarial-spatial__71,uniform__adversarial-spatial,11,0,15,12,141,1.0,,,base,0,0.03166100000000016,12,,1,4,False,,False,,ends,0,0,8,481,0,0,0,0,,19,0,,,124,history_ends8_area7,[],12339.184088627455,0,130.58177591346248,0.0,11,,,272.48640141666664,"[1, 2, 4, 5, 7, 9, 10, 13, 17, 18, 19, 20]",,3,71,1.0,23,,2,,,12,ordinary,7,full_coverage_and_all_discovered_cleared,113,3269.836817,,,True,0.03168216603808105
10,0,True,0,0,0,0,0,uniform__adversarial-spatial__71,uniform__adversarial-spatial,11,0,15,12,141,1.0,,,base,0,0.032195000000000196,12,,1,4,False,,False,,ends,0,0,16,574,0,0,0,0,,19,0,,,124,history_ends16_area7,[],12339.184088627455,0,130.58177591346248,0.0,11,,,272.48640141666664,"[1, 2, 4, 5, 7, 9, 10, 13, 17, 18, 19, 20]",,3,71,1.0,23,,2,,,12,ordinary,7,full_coverage_and_all_discovered_cleared,113,3269.836817,,,True,0.03221425000810996
8,0,True,0,0,0,0,0,edge__iid__67,edge__iid,6,0,12,10,135,1.0,,,base,0,0.0185010000000001,10,,4,6,False,,False,,,,,,,,,0,0,,17,0,,,121,range_area7,[],11174.531239559894,0,41.51394882524377,0.0,6,,,301.1906249,"[4, 5, 7, 8, 9, 10, 14, 15, 18, 19]",,3,67,1.0,7,,0,,,10,ordinary,7,full_coverage_and_all_discovered_cleared,116,3011.906249,,,True,0.018521708028856665
8,0,True,0,0,0,0,0,edge__iid__67,edge__iid,6,0,12,10,135,1.0,,,base,0,0.019552000000000014,10,,4,6,False,,False,,first,0,0,8,78,0,0,0,0,,17,0,,,121,history_first8_area7,[],11174.531239559894,0,41.51394882524377,0.0,6,,,301.1906249,"[4, 5, 7, 8, 9, 10, 14, 15, 18, 19]",,3,67,1.0,7,,0,,,10,ordinary,7,full_coverage_and_all_discovered_cleared,116,3011.906249,,,True,0.019559791951905936
8,0,True,0,0,0,0,0,edge__iid__67,edge__iid,6,0,12,10,135,1.0,,,base,0,0.019636999999999905,10,,4,6,False,,False,,ends,0,0,8,120,0,0,0,0,,17,0,,,121,history_ends8_area7,[],11174.531239559894,0,41.51394882524377,0.0,6,,,301.1906249,"[4, 5, 7, 8, 9, 10, 14, 15, 18, 19]",,3,67,1.0,7,,0,,,10,ordinary,7,full_coverage_and_all_discovered_cleared,116,3011.906249,,,True,0.019647083012387156
8,0,True,0,0,0,0,0,edge__iid__67,edge__iid,6,0,12,10,135,1.0,,,base,0,0.01964800000000011,10,,4,6,False,,False,,ends,0,0,16,120,0,0,0,0,,17,0,,,121,history_ends16_area7,[],11174.531239559894,0,41.51394882524377,0.0,6,,,301.1906249,"[4, 5, 7, 8, 9, 10, 14, 15, 18, 19]",,3,67,1.0,7,,0,,,10,ordinary,7,full_coverage_and_all_discovered_cleared,116,3011.906249,,,True,0.019647750013973564
13,0,True,0,0,0,0,0,edge__iid__68,edge__iid,9,0,19,15,152,1.0,,,base,0,0.030100000000000016,15,,6,10,False,,False,,,,,,,,,0,0,,22,0,,,131,range_area7,[],13285.035441146365,0,108.0410260588057,0.0,9,,,234.33380586666667,"[2, 4, 5, 6, 8, 9, 11, 12, 13, 14, 15, 16, 17, 19, 20]",,3,68,1.0,26,,0,,,15,ordinary,7,full_coverage_and_all_discovered_cleared,116,3515.007088,,,True,0.0301436249865219
13,0,True,0,0,0,0,0,edge__iid__68,edge__iid,9,0,19,15,152,1.0,,,base,0,0.032855999999999774,15,,6,10,False,,False,,first,0,0,8,336,0,0,0,0,,22,0,,,131,history_first8_area7,[],13285.035441146365,0,108.0410260588057,0.0,9,,,234.33380586666667,"[2, 4, 5, 6, 8, 9, 11, 12, 13, 14, 15, 16, 17, 19, 20]",,3,68,1.0,26,,0,,,15,ordinary,7,full_coverage_and_all_discovered_cleared,116,3515.007088,,,True,0.03289895795751363
13,0,True,0,0,0,0,0,edge__iid__68,edge__iid,9,0,19,15,152,1.0,,,base,0,0.035641000000000034,15,,6,10,False,,False,,ends,0,0,8,544,0,0,0,0,,22,0,,,131,history_ends8_area7,[],13285.035441146365,0,108.0410260588057,0.0,9,,,234.33380586666667,"[2, 4, 5, 6, 8, 9, 11, 12, 13, 14, 15, 16, 17, 19, 20]",,3,68,1.0,26,,0,,,15,ordinary,7,full_coverage_and_all_discovered_cleared,116,3515.007088,,,True,0.03564924997044727
13,0,True,0,0,0,0,0,edge__iid__68,edge__iid,9,0,19,15,152,1.0,,,base,0,0.03558799999999973,15,,6,10,False,,False,,ends,0,0,16,544,0,0,0,0,,22,0,,,131,history_ends16_area7,[],13285.035441146365,0,108.0410260588057,0.0,9,,,234.33380586666667,"[2, 4, 5, 6, 8, 9, 11, 12, 13, 14, 15, 16, 17, 19, 20]",,3,68,1.0,26,,0,,,15,ordinary,7,full_coverage_and_all_discovered_cleared,116,3515.007088,,,True,0.035625207994598895
11,0,True,0,0,0,0,0,edge__iid__69,edge__iid,7,4,20,15,152,1.0,,,base,0,0.027141000000000304,15,,8,13,False,,False,,,,,,,,,0,0,,22,0,,,130,range_area7,[],13655.812323774517,0,41.56484100888642,0.0,7,,,239.41083086666669,"[2, 3, 4, 5, 6, 7, 8, 9, 10, 11, 12, 13, 14, 16, 18]",,3,69,1.0,19,,0,,,15,ordinary,7,full_coverage_and_all_discovered_cleared,120,3591.162463,,,True,0.027146250009536743
11,0,True,0,0,0,0,0,edge__iid__69,edge__iid,7,4,20,15,152,1.0,,,base,0,0.029851000000000294,15,,8,13,False,,False,,first,0,0,8,315,0,0,0,0,,22,0,,,130,history_first8_area7,[],13655.812323774517,0,41.56484100888642,0.0,7,,,239.41083086666669,"[2, 3, 4, 5, 6, 7, 8, 9, 10, 11, 12, 13, 14, 16, 18]",,3,69,1.0,19,,0,,,15,ordinary,7,full_coverage_and_all_discovered_cleared,120,3591.162463,,,True,0.029909459000919014
11,0,True,0,0,0,0,0,edge__iid__69,edge__iid,7,4,20,15,152,1.0,,,base,0,0.03215700000000021,15,,8,13,False,,False,,ends,0,0,8,505,0,0,0,0,,22,0,,,130,history_ends8_area7,[],13655.812323774517,0,41.56484100888642,0.0,7,,,239.41083086666669,"[2, 3, 4, 5, 6, 7, 8, 9, 10, 11, 12, 13, 14, 16, 18]",,3,69,1.0,19,,0,,,15,ordinary,7,full_coverage_and_all_discovered_cleared,120,3591.162463,,,True,0.032185708987526596
11,0,True,0,0,0,0,0,edge__iid__69,edge__iid,7,4,20,15,152,1.0,,,base,0,0.03224999999999989,15,,8,13,False,,False,,ends,0,0,16,505,0,0,0,0,,22,0,,,130,history_ends16_area7,[],13655.812323774517,0,41.56484100888642,0.0,7,,,239.41083086666669,"[2, 3, 4, 5, 6, 7, 8, 9, 10, 11, 12, 13, 14, 16, 18]",,3,69,1.0,19,,0,,,15,ordinary,7,full_coverage_and_all_discovered_cleared,120,3591.162463,,,True,0.03225645900238305
7,0,True,0,0,0,0,0,edge__iid__70,edge__iid,6,2,11,10,146,1.0,,,base,0,0.020504999999999995,10,,4,5,False,,False,,,,,,,,,0,0,,17,0,,,133,range_area7,[],11636.038809372245,0,50.22789329191808,0.0,6,,,317.3207764,"[2, 3, 5, 10, 11, 13, 15, 16, 19, 20]",,3,70,1.0,15,,0,,,10,ordinary,7,full_coverage_and_all_discovered_cleared,128,3173.207764,,,True,0.020514082978479564
7,0,True,0,0,0,0,0,edge__iid__70,edge__iid,6,2,11,10,146,1.0,,,base,0,0.02251000000000003,10,,4,5,False,,False,,first,0,0,8,200,0,0,0,0,,17,0,,,133,history_first8_area7,[],11636.038809372245,0,50.22789329191808,0.0,6,,,317.3207764,"[2, 3, 5, 10, 11, 13, 15, 16, 19, 20]",,3,70,1.0,15,,0,,,10,ordinary,7,full_coverage_and_all_discovered_cleared,128,3173.207764,,,True,0.022538708988577127
7,0,True,0,0,0,0,0,edge__iid__70,edge__iid,6,2,11,10,146,1.0,,,base,0,0.02427299999999999,10,,4,5,False,,False,,ends,0,0,8,318,0,0,0,0,,17,0,,,133,history_ends8_area7,[],11636.038809372245,0,50.22789329191808,0.0,6,,,317.3207764,"[2, 3, 5, 10, 11, 13, 15, 16, 19, 20]",,3,70,1.0,15,,0,,,10,ordinary,7,full_coverage_and_all_discovered_cleared,128,3173.207764,,,True,0.02428349998081103
7,0,True,0,0,0,0,0,edge__iid__70,edge__iid,6,2,11,10,146,1.0,,,base,0,0.024185000000000123,10,,4,5,False,,False,,ends,0,0,16,318,0,0,0,0,,17,0,,,133,history_ends16_area7,[],11636.038809372245,0,50.22789329191808,0.0,6,,,317.3207764,"[2, 3, 5, 10, 11, 13, 15, 16, 19, 20]",,3,70,1.0,15,,0,,,10,ordinary,7,full_coverage_and_all_discovered_cleared,128,3173.207764,,,True,0.02426841703709215
9,0,True,0,0,0,0,0,edge__iid__71,edge__iid,5,4,14,12,146,1.0,,,base,0,0.022333999999999854,12,,7,9,False,,False,,,,,,,,,0,0,,19,0,,,130,range_area7,[],13678.275604831477,0,20.25745229560478,0.0,5,,,297.55459333333334,"[1, 2, 4, 5, 7, 9, 10, 13, 17, 18, 19, 20]",,3,71,1.0,12,,0,,,12,ordinary,7,full_coverage_and_all_discovered_cleared,119,3570.65512,,,True,0.022350999992340803
9,0,True,0,0,0,0,0,edge__iid__71,edge__iid,5,4,14,12,146,1.0,,,base,0,0.024394999999999722,12,,7,9,False,,False,,first,0,0,8,176,0,0,0,0,,19,0,,,130,history_first8_area7,[],13678.275604831477,0,20.25745229560478,0.0,5,,,297.55459333333334,"[1, 2, 4, 5, 7, 9, 10, 13, 17, 18, 19, 20]",,3,71,1.0,12,,0,,,12,ordinary,7,full_coverage_and_all_discovered_cleared,119,3570.65512,,,True,0.024403750023338944
9,0,True,0,0,0,0,0,edge__iid__71,edge__iid,5,4,14,12,146,1.0,,,base,0,0.02570199999999989,12,,7,9,False,,False,,ends,0,0,8,275,0,0,0,0,,19,0,,,130,history_ends8_area7,[],13678.275604831477,0,20.25745229560478,0.0,5,,,297.55459333333334,"[1, 2, 4, 5, 7, 9, 10, 13, 17, 18, 19, 20]",,3,71,1.0,12,,0,,,12,ordinary,7,full_coverage_and_all_discovered_cleared,119,3570.65512,,,True,0.02574883302440867
9,0,True,0,0,0,0,0,edge__iid__71,edge__iid,5,4,14,12,146,1.0,,,base,0,0.025720000000000187,12,,7,9,False,,False,,ends,0,0,16,275,0,0,0,0,,19,0,,,130,history_ends16_area7,[],13678.275604831477,0,20.25745229560478,0.0,5,,,297.55459333333334,"[1, 2, 4, 5, 7, 9, 10, 13, 17, 18, 19, 20]",,3,71,1.0,12,,0,,,12,ordinary,7,full_coverage_and_all_discovered_cleared,119,3570.65512,,,True,0.025741584016941488
12,0,True,0,0,0,0,0,edge__smooth__67,edge__smooth,6,0,13,10,140,1.0,,,base,0,0.022301999999999822,10,,4,7,False,,False,,,,,,,,,0,0,,17,0,,,125,range_area7,[],11236.671745435986,0,75.25454290428803,0.0,6,,,304.8334351,"[4, 5, 7, 8, 9, 10, 14, 15, 18, 19]",,3,67,1.0,7,,0,,,10,ordinary,7,full_coverage_and_all_discovered_cleared,117,3048.334351,,,True,0.02230087498901412
12,0,True,0,0,0,0,0,edge__smooth__67,edge__smooth,6,0,13,10,140,1.0,,,base,0,0.023336000000000023,10,,4,7,False,,False,,first,0,0,8,101,0,0,0,0,,17,0,,,125,history_first8_area7,[],11236.671745435986,0,75.25454290428803,0.0,6,,,304.8334351,"[4, 5, 7, 8, 9, 10, 14, 15, 18, 19]",,3,67,1.0,7,,0,,,10,ordinary,7,full_coverage_and_all_discovered_cleared,117,3048.334351,,,True,0.023411625006701797
12,0,True,0,0,0,0,0,edge__smooth__67,edge__smooth,6,0,13,10,140,1.0,,,base,0,0.02445599999999981,10,,4,7,False,,False,,ends,0,0,8,166,0,0,0,0,,17,0,,,125,history_ends8_area7,[],11236.671745435986,0,75.25454290428803,0.0,6,,,304.8334351,"[4, 5, 7, 8, 9, 10, 14, 15, 18, 19]",,3,67,1.0,7,,0,,,10,ordinary,7,full_coverage_and_all_discovered_cleared,117,3048.334351,,,True,0.024486124981194735
12,0,True,0,0,0,0,0,edge__smooth__67,edge__smooth,6,0,13,10,140,1.0,,,base,0,0.02444500000000005,10,,4,7,False,,False,,ends,0,0,16,166,0,0,0,0,,17,0,,,125,history_ends16_area7,[],11236.671745435986,0,75.25454290428803,0.0,6,,,304.8334351,"[4, 5, 7, 8, 9, 10, 14, 15, 18, 19]",,3,67,1.0,7,,0,,,10,ordinary,7,full_coverage_and_all_discovered_cleared,117,3048.334351,,,True,0.02444499998819083
10,0,True,0,0,0,0,0,edge__smooth__68,edge__smooth,9,0,18,15,146,1.0,,,base,0,0.027045999999999903,15,,6,9,False,,False,,,,,,,,,0,0,,22,0,,,126,range_area7,[],13243.122116200717,0,83.67267065903894,0.0,9,,,231.90829473333332,"[2, 4, 5, 6, 8, 9, 11, 12, 13, 14, 15, 16, 17, 19, 20]",,3,68,1.0,24,,0,,,15,ordinary,7,full_coverage_and_all_discovered_cleared,116,3478.624421,,,True,0.0270704579888843
10,0,True,0,0,0,0,0,edge__smooth__68,edge__smooth,9,0,18,15,146,1.0,,,base,0,0.02967999999999993,15,,6,9,False,,False,,first,0,0,8,232,0,0,0,0,,22,0,,,126,history_first8_area7,[],13243.122116200717,0,83.67267065903894,0.0,9,,,231.90829473333332,"[2, 4, 5, 6, 8, 9, 11, 12, 13, 14, 15, 16, 17, 19, 20]",,3,68,1.0,24,,0,,,15,ordinary,7,full_coverage_and_all_discovered_cleared,116,3478.624421,,,True,0.029686209047213197
10,0,True,0,0,0,0,0,edge__smooth__68,edge__smooth,9,0,18,15,146,1.0,,,base,0,0.0310769999999998,15,,6,9,False,,False,,ends,0,0,8,364,0,0,0,0,,22,0,,,126,history_ends8_area7,[],13243.122116200717,0,83.67267065903894,0.0,9,,,231.90829473333332,"[2, 4, 5, 6, 8, 9, 11, 12, 13, 14, 15, 16, 17, 19, 20]",,3,68,1.0,24,,0,,,15,ordinary,7,full_coverage_and_all_discovered_cleared,116,3478.624421,,,True,0.031082624976988882
10,0,True,0,0,0,0,0,edge__smooth__68,edge__smooth,9,0,18,15,146,1.0,,,base,0,0.031304999999999694,15,,6,9,False,,False,,ends,0,0,16,364,0,0,0,0,,22,0,,,126,history_ends16_area7,[],13243.122116200717,0,83.67267065903894,0.0,9,,,231.90829473333332,"[2, 4, 5, 6, 8, 9, 11, 12, 13, 14, 15, 16, 17, 19, 20]",,3,68,1.0,24,,0,,,15,ordinary,7,full_coverage_and_all_discovered_cleared,116,3478.624421,,,True,0.031359874992631376
9,0,True,0,0,0,0,0,edge__smooth__69,edge__smooth,5,4,18,15,146,1.0,,,base,0,0.026386999999999716,15,,10,13,False,,False,,,,,,,,,0,0,,22,0,,,126,range_area7,[],13590.744512562758,0,32.56938475190523,0.0,5,,,236.74326019999998,"[2, 3, 4, 5, 6, 7, 8, 9, 10, 11, 12, 13, 14, 16, 18]",,3,69,1.0,17,,0,,,15,ordinary,7,full_coverage_and_all_discovered_cleared,119,3551.148903,,,True,0.02639454195741564
9,0,True,0,0,0,0,0,edge__smooth__69,edge__smooth,5,4,18,15,146,1.0,,,base,0,0.02776600000000018,15,,10,13,False,,False,,first,0,0,8,278,0,0,0,0,,22,0,,,126,history_first8_area7,[],13590.744512562758,0,32.56938475190523,0.0,5,,,236.74326019999998,"[2, 3, 4, 5, 6, 7, 8, 9, 10, 11, 12, 13, 14, 16, 18]",,3,69,1.0,17,,0,,,15,ordinary,7,full_coverage_and_all_discovered_cleared,119,3551.148903,,,True,0.027792666980531067
9,0,True,0,0,0,0,0,edge__smooth__69,edge__smooth,5,4,18,15,146,1.0,,,base,0,0.030495999999999857,15,,10,13,False,,False,,ends,0,0,8,431,0,0,0,0,,22,0,,,126,history_ends8_area7,[],13590.744512562758,0,32.56938475190523,0.0,5,,,236.74326019999998,"[2, 3, 4, 5, 6, 7, 8, 9, 10, 11, 12, 13, 14, 16, 18]",,3,69,1.0,17,,0,,,15,ordinary,7,full_coverage_and_all_discovered_cleared,119,3551.148903,,,True,0.0305090420297347
9,0,True,0,0,0,0,0,edge__smooth__69,edge__smooth,5,4,18,15,146,1.0,,,base,0,0.030842999999999954,15,,10,13,False,,False,,ends,0,0,16,431,0,0,0,0,,22,0,,,126,history_ends16_area7,[],13590.744512562758,0,32.56938475190523,0.0,5,,,236.74326019999998,"[2, 3, 4, 5, 6, 7, 8, 9, 10, 11, 12, 13, 14, 16, 18]",,3,69,1.0,17,,0,,,15,ordinary,7,full_coverage_and_all_discovered_cleared,119,3551.148903,,,True,0.03086754196556285
6,0,True,0,0,0,0,0,edge__smooth__70,edge__smooth,5,2,11,10,148,1.0,,,base,0,0.021161000000000207,10,,5,6,False,,False,,,,,,,,,0,0,,17,0,,,135,range_area7,[],11849.161986428375,0,39.51856747057941,0.0,5,,,322.7832398,"[2, 3, 5, 10, 11, 13, 15, 16, 19, 20]",,3,70,1.0,18,,0,,,10,ordinary,7,full_coverage_and_all_discovered_cleared,130,3227.832398,,,True,0.02116050000768155
6,0,True,0,0,0,0,0,edge__smooth__70,edge__smooth,5,2,11,10,148,1.0,,,base,0,0.02316700000000038,10,,5,6,False,,False,,first,0,0,8,242,0,0,0,0,,17,0,,,135,history_first8_area7,[],11849.161986428375,0,39.51856747057941,0.0,5,,,322.7832398,"[2, 3, 5, 10, 11, 13, 15, 16, 19, 20]",,3,70,1.0,18,,0,,,10,ordinary,7,full_coverage_and_all_discovered_cleared,130,3227.832398,,,True,0.023172291985247284
6,0,True,0,0,0,0,0,edge__smooth__70,edge__smooth,5,2,11,10,148,1.0,,,base,0,0.024953000000000003,10,,5,6,False,,False,,ends,0,0,8,353,0,0,0,0,,17,0,,,135,history_ends8_area7,[],11849.161986428375,0,39.51856747057941,0.0,5,,,322.7832398,"[2, 3, 5, 10, 11, 13, 15, 16, 19, 20]",,3,70,1.0,18,,0,,,10,ordinary,7,full_coverage_and_all_discovered_cleared,130,3227.832398,,,True,0.024970875005237758
6,0,True,0,0,0,0,0,edge__smooth__70,edge__smooth,5,2,11,10,148,1.0,,,base,0,0.023884999999999934,10,,5,6,False,,False,,ends,0,0,16,353,0,0,0,0,,17,0,,,135,history_ends16_area7,[],11849.161986428375,0,39.51856747057941,0.0,5,,,322.7832398,"[2, 3, 5, 10, 11, 13, 15, 16, 19, 20]",,3,70,1.0,18,,0,,,10,ordinary,7,full_coverage_and_all_discovered_cleared,130,3227.832398,,,True,0.023891791992355138
9,0,True,0,0,0,0,0,edge__smooth__71,edge__smooth,4,4,14,12,147,1.0,,,base,0,0.022196000000000105,12,,8,10,False,,False,,,,,,,,,0,0,,19,0,,,131,range_area7,[],13697.206451302716,0,25.821839266201394,0.0,4,,,298.62010741666666,"[1, 2, 4, 5, 7, 9, 10, 13, 17, 18, 19, 20]",,3,71,1.0,13,,0,,,12,ordinary,7,full_coverage_and_all_discovered_cleared,123,3583.441289,,,True,0.022198125021532178
9,0,True,0,0,0,0,0,edge__smooth__71,edge__smooth,4,4,14,12,147,1.0,,,base,0,0.02416700000000027,12,,8,10,False,,False,,first,0,0,8,188,0,0,0,0,,19,0,,,131,history_first8_area7,[],13697.206451302716,0,25.821839266201394,0.0,4,,,298.62010741666666,"[1, 2, 4, 5, 7, 9, 10, 13, 17, 18, 19, 20]",,3,71,1.0,13,,0,,,12,ordinary,7,full_coverage_and_all_discovered_cleared,123,3583.441289,,,True,0.02417879202403128
9,0,True,0,0,0,0,0,edge__smooth__71,edge__smooth,4,4,14,12,147,1.0,,,base,0,0.025329000000000157,12,,8,10,False,,False,,ends,0,0,8,293,0,0,0,0,,19,0,,,131,history_ends8_area7,[],13697.206451302716,0,25.821839266201394,0.0,4,,,298.62010741666666,"[1, 2, 4, 5, 7, 9, 10, 13, 17, 18, 19, 20]",,3,71,1.0,13,,0,,,12,ordinary,7,full_coverage_and_all_discovered_cleared,123,3583.441289,,,True,0.025394583004526794
9,0,True,0,0,0,0,0,edge__smooth__71,edge__smooth,4,4,14,12,147,1.0,,,base,0,0.025227999999999362,12,,8,10,False,,False,,ends,0,0,16,293,0,0,0,0,,19,0,,,131,history_ends16_area7,[],13697.206451302716,0,25.821839266201394,0.0,4,,,298.62010741666666,"[1, 2, 4, 5, 7, 9, 10, 13, 17, 18, 19, 20]",,3,71,1.0,13,,0,,,12,ordinary,7,full_coverage_and_all_discovered_cleared,123,3583.441289,,,True,0.025232375017367303
9,0,True,0,0,0,0,0,edge__adversarial-positive__67,edge__adversarial-positive,5,0,12,10,137,1.0,,,base,0,0.019600000000000506,10,,5,7,False,,False,,,,,,,,,0,0,,17,0,,,123,range_area7,[],11149.177243768761,0,50.88422047955052,0.0,5,,,301.68354469999997,"[4, 5, 7, 8, 9, 10, 14, 15, 18, 19]",,3,67,1.0,8,,0,,,10,ordinary,7,full_coverage_and_all_discovered_cleared,116,3016.835447,,,True,0.01961108297109604
9,0,True,0,0,0,0,0,edge__adversarial-positive__67,edge__adversarial-positive,5,0,12,10,137,1.0,,,base,0,0.020935999999999844,10,,5,7,False,,False,,first,0,0,8,82,0,0,0,0,,17,0,,,123,history_first8_area7,[],11149.177243768761,0,50.88422047955052,0.0,5,,,301.68354469999997,"[4, 5, 7, 8, 9, 10, 14, 15, 18, 19]",,3,67,1.0,8,,0,,,10,ordinary,7,full_coverage_and_all_discovered_cleared,116,3016.835447,,,True,0.020955540996510535
9,0,True,0,0,0,0,0,edge__adversarial-positive__67,edge__adversarial-positive,5,0,12,10,137,1.0,,,base,0,0.021701000000000192,10,,5,7,False,,False,,ends,0,0,8,128,0,0,0,0,,17,0,,,123,history_ends8_area7,[],11149.177243768761,0,50.88422047955052,0.0,5,,,301.68354469999997,"[4, 5, 7, 8, 9, 10, 14, 15, 18, 19]",,3,67,1.0,8,,0,,,10,ordinary,7,full_coverage_and_all_discovered_cleared,116,3016.835447,,,True,0.021720124990679324
9,0,True,0,0,0,0,0,edge__adversarial-positive__67,edge__adversarial-positive,5,0,12,10,137,1.0,,,base,0,0.021604999999999208,10,,5,7,False,,False,,ends,0,0,16,128,0,0,0,0,,17,0,,,123,history_ends16_area7,[],11149.177243768761,0,50.88422047955052,0.0,5,,,301.68354469999997,"[4, 5, 7, 8, 9, 10, 14, 15, 18, 19]",,3,67,1.0,8,,0,,,10,ordinary,7,full_coverage_and_all_discovered_cleared,116,3016.835447,,,True,0.02161958400392905
12,0,True,0,0,0,0,0,edge__adversarial-positive__68,edge__adversarial-positive,11,0,20,15,150,1.0,,,base,0,0.028868999999999367,15,,4,9,False,,False,,,,,,,,,0,0,,22,0,,,128,range_area7,[],13435.246098113916,0,91.93110217058208,0.0,11,,,235.669948,"[2, 4, 5, 6, 8, 9, 11, 12, 13, 14, 15, 16, 17, 19, 20]",,3,68,1.0,24,,0,,,15,ordinary,7,full_coverage_and_all_discovered_cleared,118,3535.04922,,,True,0.028904083010274917
12,0,True,0,0,0,0,0,edge__adversarial-positive__68,edge__adversarial-positive,11,0,20,15,150,1.0,,,base,0,0.030996000000000024,15,,4,9,False,,False,,first,0,0,8,266,0,0,0,0,,22,0,,,128,history_first8_area7,[],13435.246098113916,0,91.93110217058208,0.0,11,,,235.669948,"[2, 4, 5, 6, 8, 9, 11, 12, 13, 14, 15, 16, 17, 19, 20]",,3,68,1.0,24,,0,,,15,ordinary,7,full_coverage_and_all_discovered_cleared,118,3535.04922,,,True,0.031010915990918875
12,0,True,0,0,0,0,0,edge__adversarial-positive__68,edge__adversarial-positive,11,0,20,15,150,1.0,,,base,0,0.0335460000000003,15,,4,9,False,,False,,ends,0,0,8,432,0,0,0,0,,22,0,,,128,history_ends8_area7,[],13435.246098113916,0,91.93110217058208,0.0,11,,,235.669948,"[2, 4, 5, 6, 8, 9, 11, 12, 13, 14, 15, 16, 17, 19, 20]",,3,68,1.0,24,,0,,,15,ordinary,7,full_coverage_and_all_discovered_cleared,118,3535.04922,,,True,0.03361333400243893
12,0,True,0,0,0,0,0,edge__adversarial-positive__68,edge__adversarial-positive,11,0,20,15,150,1.0,,,base,0,0.033478999999999814,15,,4,9,False,,False,,ends,0,0,16,432,0,0,0,0,,22,0,,,128,history_ends16_area7,[],13435.246098113916,0,91.93110217058208,0.0,11,,,235.669948,"[2, 4, 5, 6, 8, 9, 11, 12, 13, 14, 15, 16, 17, 19, 20]",,3,68,1.0,24,,0,,,15,ordinary,7,full_coverage_and_all_discovered_cleared,118,3535.04922,,,True,0.03349654102930799
10,0,True,0,0,0,0,0,edge__adversarial-positive__69,edge__adversarial-positive,6,4,19,15,148,1.0,,,base,0,0.025932000000000066,15,,9,13,False,,False,,,,,,,,,0,0,,22,0,,,127,range_area7,[],13526.859918708635,0,45.52373687161892,0.0,6,,,236.35813240000002,"[2, 3, 4, 5, 6, 7, 8, 9, 10, 11, 12, 13, 14, 16, 18]",,3,69,1.0,17,,0,,,15,ordinary,7,full_coverage_and_all_discovered_cleared,118,3545.371986,,,True,0.025932416960131377
10,0,True,0,0,0,0,0,edge__adversarial-positive__69,edge__adversarial-positive,6,4,19,15,148,1.0,,,base,0,0.027948000000000306,15,,9,13,False,,False,,first,0,0,8,291,0,0,0,0,,22,0,,,127,history_first8_area7,[],13526.859918708635,0,45.52373687161892,0.0,6,,,236.35813240000002,"[2, 3, 4, 5, 6, 7, 8, 9, 10, 11, 12, 13, 14, 16, 18]",,3,69,1.0,17,,0,,,15,ordinary,7,full_coverage_and_all_discovered_cleared,118,3545.371986,,,True,0.02800866699544713
10,0,True,0,0,0,0,0,edge__adversarial-positive__69,edge__adversarial-positive,6,4,19,15,148,1.0,,,base,0,0.03062699999999996,15,,9,13,False,,False,,ends,0,0,8,457,0,0,0,0,,22,0,,,127,history_ends8_area7,[],13526.859918708635,0,45.52373687161892,0.0,6,,,236.35813240000002,"[2, 3, 4, 5, 6, 7, 8, 9, 10, 11, 12, 13, 14, 16, 18]",,3,69,1.0,17,,0,,,15,ordinary,7,full_coverage_and_all_discovered_cleared,118,3545.371986,,,True,0.030651541019324213
10,0,True,0,0,0,0,0,edge__adversarial-positive__69,edge__adversarial-positive,6,4,19,15,148,1.0,,,base,0,0.030278000000000027,15,,9,13,False,,False,,ends,0,0,16,457,0,0,0,0,,22,0,,,127,history_ends16_area7,[],13526.859918708635,0,45.52373687161892,0.0,6,,,236.35813240000002,"[2, 3, 4, 5, 6, 7, 8, 9, 10, 11, 12, 13, 14, 16, 18]",,3,69,1.0,17,,0,,,15,ordinary,7,full_coverage_and_all_discovered_cleared,118,3545.371986,,,True,0.030314915988128632
8,0,True,0,0,0,0,0,edge__adversarial-positive__70,edge__adversarial-positive,7,2,13,10,149,1.0,,,base,0,0.020992000000000566,10,,3,6,False,,False,,,,,,,,,0,0,,17,0,,,134,range_area7,[],11642.347372632763,0,58.76416336357477,0.0,7,,,318.5469474,"[2, 3, 5, 10, 11, 13, 15, 16, 19, 20]",,3,70,1.0,15,,0,,,10,ordinary,7,full_coverage_and_all_discovered_cleared,128,3185.469474,,,True,0.020998291030991822
8,0,True,0,0,0,0,0,edge__adversarial-positive__70,edge__adversarial-positive,7,2,13,10,149,1.0,,,base,0,0.02289599999999936,10,,3,6,False,,False,,first,0,0,8,210,0,0,0,0,,17,0,,,134,history_first8_area7,[],11642.347372632763,0,58.76416336357477,0.0,7,,,318.5469474,"[2, 3, 5, 10, 11, 13, 15, 16, 19, 20]",,3,70,1.0,15,,0,,,10,ordinary,7,full_coverage_and_all_discovered_cleared,128,3185.469474,,,True,0.02289500000188127
8,0,True,0,0,0,0,0,edge__adversarial-positive__70,edge__adversarial-positive,7,2,13,10,149,1.0,,,base,0,0.024360000000000603,10,,3,6,False,,False,,ends,0,0,8,338,0,0,0,0,,17,0,,,134,history_ends8_area7,[],11642.347372632763,0,58.76416336357477,0.0,7,,,318.5469474,"[2, 3, 5, 10, 11, 13, 15, 16, 19, 20]",,3,70,1.0,15,,0,,,10,ordinary,7,full_coverage_and_all_discovered_cleared,128,3185.469474,,,True,0.024363458971492946
8,0,True,0,0,0,0,0,edge__adversarial-positive__70,edge__adversarial-positive,7,2,13,10,149,1.0,,,base,0,0.02425099999999958,10,,3,6,False,,False,,ends,0,0,16,338,0,0,0,0,,17,0,,,134,history_ends16_area7,[],11642.347372632763,0,58.76416336357477,0.0,7,,,318.5469474,"[2, 3, 5, 10, 11, 13, 15, 16, 19, 20]",,3,70,1.0,15,,0,,,10,ordinary,7,full_coverage_and_all_discovered_cleared,128,3185.469474,,,True,0.02430166699923575
9,0,True,0,0,0,0,0,edge__adversarial-positive__71,edge__adversarial-positive,5,4,14,12,146,1.0,,,base,0,0.022712000000000288,12,,7,9,False,,False,,,,,,,,,0,0,,19,0,,,130,range_area7,[],13778.663647673973,0,31.709248521153242,0.0,5,,,299.2277275833333,"[1, 2, 4, 5, 7, 9, 10, 13, 17, 18, 19, 20]",,3,71,1.0,12,,0,,,12,ordinary,7,full_coverage_and_all_discovered_cleared,119,3590.732731,,,True,0.022713624988682568
9,0,True,0,0,0,0,0,edge__adversarial-positive__71,edge__adversarial-positive,5,4,14,12,146,1.0,,,base,0,0.024412000000000766,12,,7,9,False,,False,,first,0,0,8,176,0,0,0,0,,19,0,,,130,history_first8_area7,[],13778.663647673973,0,31.709248521153242,0.0,5,,,299.2277275833333,"[1, 2, 4, 5, 7, 9, 10, 13, 17, 18, 19, 20]",,3,71,1.0,12,,0,,,12,ordinary,7,full_coverage_and_all_discovered_cleared,119,3590.732731,,,True,0.024412083032075316
9,0,True,0,0,0,0,0,edge__adversarial-positive__71,edge__adversarial-positive,5,4,14,12,146,1.0,,,base,0,0.025140999999999636,12,,7,9,False,,False,,ends,0,0,8,275,0,0,0,0,,19,0,,,130,history_ends8_area7,[],13778.663647673973,0,31.709248521153242,0.0,5,,,299.2277275833333,"[1, 2, 4, 5, 7, 9, 10, 13, 17, 18, 19, 20]",,3,71,1.0,12,,0,,,12,ordinary,7,full_coverage_and_all_discovered_cleared,119,3590.732731,,,True,0.02514616696862504
9,0,True,0,0,0,0,0,edge__adversarial-positive__71,edge__adversarial-positive,5,4,14,12,146,1.0,,,base,0,0.02521500000000021,12,,7,9,False,,False,,ends,0,0,16,275,0,0,0,0,,19,0,,,130,history_ends16_area7,[],13778.663647673973,0,31.709248521153242,0.0,5,,,299.2277275833333,"[1, 2, 4, 5, 7, 9, 10, 13, 17, 18, 19, 20]",,3,71,1.0,12,,0,,,12,ordinary,7,full_coverage_and_all_discovered_cleared,119,3590.732731,,,True,0.025215832982212305
9,0,True,0,0,0,0,0,edge__adversarial-negative__67,edge__adversarial-negative,6,0,13,10,137,1.0,,,base,0,0.01889099999999999,10,,4,7,False,,False,,,,,,,,,0,0,,17,0,,,122,range_area7,[],11153.751366538329,0,41.29061697902285,0.0,6,,,301.5750272,"[4, 5, 7, 8, 9, 10, 14, 15, 18, 19]",,3,67,1.0,7,,0,,,10,ordinary,7,full_coverage_and_all_discovered_cleared,116,3015.750272,,,True,0.01889062498230487
9,0,True,0,0,0,0,0,edge__adversarial-negative__67,edge__adversarial-negative,6,0,13,10,137,1.0,,,base,0,0.019577999999999207,10,,4,7,False,,False,,first,0,0,8,78,0,0,0,0,,17,0,,,122,history_first8_area7,[],11153.751366538329,0,41.29061697902285,0.0,6,,,301.5750272,"[4, 5, 7, 8, 9, 10, 14, 15, 18, 19]",,3,67,1.0,7,,0,,,10,ordinary,7,full_coverage_and_all_discovered_cleared,116,3015.750272,,,True,0.019650125002954155
9,0,True,0,0,0,0,0,edge__adversarial-negative__67,edge__adversarial-negative,6,0,13,10,137,1.0,,,base,0,0.019989999999999952,10,,4,7,False,,False,,ends,0,0,8,120,0,0,0,0,,17,0,,,122,history_ends8_area7,[],11153.751366538329,0,41.29061697902285,0.0,6,,,301.5750272,"[4, 5, 7, 8, 9, 10, 14, 15, 18, 19]",,3,67,1.0,7,,0,,,10,ordinary,7,full_coverage_and_all_discovered_cleared,116,3015.750272,,,True,0.020024583966005594
9,0,True,0,0,0,0,0,edge__adversarial-negative__67,edge__adversarial-negative,6,0,13,10,137,1.0,,,base,0,0.020042999999999367,10,,4,7,False,,False,,ends,0,0,16,120,0,0,0,0,,17,0,,,122,history_ends16_area7,[],11153.751366538329,0,41.29061697902285,0.0,6,,,301.5750272,"[4, 5, 7, 8, 9, 10, 14, 15, 18, 19]",,3,67,1.0,7,,0,,,10,ordinary,7,full_coverage_and_all_discovered_cleared,116,3015.750272,,,True,0.020042332995217294
11,0,True,0,0,0,0,0,edge__adversarial-negative__68,edge__adversarial-negative,11,0,19,15,148,1.0,,,base,0,0.028417000000000137,15,,4,8,False,,False,,,,,,,,,0,0,,22,0,,,127,range_area7,[],13233.541482878943,0,83.74762854856871,0.0,11,,,232.31388626666666,"[2, 4, 5, 6, 8, 9, 11, 12, 13, 14, 15, 16, 17, 19, 20]",,3,68,1.0,24,,0,,,15,ordinary,7,full_coverage_and_all_discovered_cleared,116,3484.708294,,,True,0.02842687495285645
11,0,True,0,0,0,0,0,edge__adversarial-negative__68,edge__adversarial-negative,11,0,19,15,148,1.0,,,base,0,0.030514000000000152,15,,4,8,False,,False,,first,0,0,8,256,0,0,0,0,,22,0,,,127,history_first8_area7,[],13233.541482878943,0,83.74762854856871,0.0,11,,,232.31388626666666,"[2, 4, 5, 6, 8, 9, 11, 12, 13, 14, 15, 16, 17, 19, 20]",,3,68,1.0,24,,0,,,15,ordinary,7,full_coverage_and_all_discovered_cleared,116,3484.708294,,,True,0.030518250016029924
11,0,True,0,0,0,0,0,edge__adversarial-negative__68,edge__adversarial-negative,11,0,19,15,148,1.0,,,base,0,0.032434000000000296,15,,4,8,False,,False,,ends,0,0,8,412,0,0,0,0,,22,0,,,127,history_ends8_area7,[],13233.541482878943,0,83.74762854856871,0.0,11,,,232.31388626666666,"[2, 4, 5, 6, 8, 9, 11, 12, 13, 14, 15, 16, 17, 19, 20]",,3,68,1.0,24,,0,,,15,ordinary,7,full_coverage_and_all_discovered_cleared,116,3484.708294,,,True,0.03245745797175914
11,0,True,0,0,0,0,0,edge__adversarial-negative__68,edge__adversarial-negative,11,0,19,15,148,1.0,,,base,0,0.03230600000000017,15,,4,8,False,,False,,ends,0,0,16,412,0,0,0,0,,22,0,,,127,history_ends16_area7,[],13233.541482878943,0,83.74762854856871,0.0,11,,,232.31388626666666,"[2, 4, 5, 6, 8, 9, 11, 12, 13, 14, 15, 16, 17, 19, 20]",,3,68,1.0,24,,0,,,15,ordinary,7,full_coverage_and_all_discovered_cleared,116,3484.708294,,,True,0.03235262504313141
11,0,True,0,0,0,0,0,edge__adversarial-negative__69,edge__adversarial-negative,7,4,20,15,150,1.0,,,base,0,0.02784100000000045,15,,8,13,False,,False,,,,,,,,,0,0,,22,0,,,128,range_area7,[],13704.786390341538,0,48.53016233909174,0.0,7,,,239.3304852,"[2, 3, 4, 5, 6, 7, 8, 9, 10, 11, 12, 13, 14, 16, 18]",,3,69,1.0,17,,0,,,15,ordinary,7,full_coverage_and_all_discovered_cleared,119,3589.957278,,,True,0.0278598329750821
11,0,True,0,0,0,0,0,edge__adversarial-negative__69,edge__adversarial-negative,7,4,20,15,150,1.0,,,base,0,0.029047000000000267,15,,8,13,False,,False,,first,0,0,8,291,0,0,0,0,,22,0,,,128,history_first8_area7,[],13704.786390341538,0,48.53016233909174,0.0,7,,,239.3304852,"[2, 3, 4, 5, 6, 7, 8, 9, 10, 11, 12, 13, 14, 16, 18]",,3,69,1.0,17,,0,,,15,ordinary,7,full_coverage_and_all_discovered_cleared,119,3589.957278,,,True,0.02906954102218151
11,0,True,0,0,0,0,0,edge__adversarial-negative__69,edge__adversarial-negative,7,4,20,15,150,1.0,,,base,0,0.0323260000000003,15,,8,13,False,,False,,ends,0,0,8,457,0,0,0,0,,22,0,,,128,history_ends8_area7,[],13704.786390341538,0,48.53016233909174,0.0,7,,,239.3304852,"[2, 3, 4, 5, 6, 7, 8, 9, 10, 11, 12, 13, 14, 16, 18]",,3,69,1.0,17,,0,,,15,ordinary,7,full_coverage_and_all_discovered_cleared,119,3589.957278,,,True,0.032325875014066696
11,0,True,0,0,0,0,0,edge__adversarial-negative__69,edge__adversarial-negative,7,4,20,15,150,1.0,,,base,0,0.031481000000000314,15,,8,13,False,,False,,ends,0,0,16,457,0,0,0,0,,22,0,,,128,history_ends16_area7,[],13704.786390341538,0,48.53016233909174,0.0,7,,,239.3304852,"[2, 3, 4, 5, 6, 7, 8, 9, 10, 11, 12, 13, 14, 16, 18]",,3,69,1.0,17,,0,,,15,ordinary,7,full_coverage_and_all_discovered_cleared,119,3589.957278,,,True,0.03156020899768919
8,0,True,0,0,0,0,0,edge__adversarial-negative__70,edge__adversarial-negative,8,2,13,10,151,1.0,,,base,0,0.021437999999999846,10,,2,5,False,,False,,,,,,,,,0,0,,17,0,,,136,range_area7,[],11712.480616381945,0,60.10169857384291,0.0,8,,,321.14961239999997,"[2, 3, 5, 10, 11, 13, 15, 16, 19, 20]",,3,70,1.0,17,,0,,,10,ordinary,7,full_coverage_and_all_discovered_cleared,130,3211.496124,,,True,0.021462250035256147
8,0,True,0,0,0,0,0,edge__adversarial-negative__70,edge__adversarial-negative,8,2,13,10,151,1.0,,,base,0,0.02908600000000039,10,,2,5,False,,False,,first,0,0,8,228,0,0,0,0,,17,0,,,136,history_first8_area7,[],11712.480616381945,0,60.10169857384291,0.0,8,,,321.14961239999997,"[2, 3, 5, 10, 11, 13, 15, 16, 19, 20]",,3,70,1.0,17,,0,,,10,ordinary,7,full_coverage_and_all_discovered_cleared,130,3211.496124,,,True,0.029405584034975618
8,0,True,0,0,0,0,0,edge__adversarial-negative__70,edge__adversarial-negative,8,2,13,10,151,1.0,,,base,0,0.025878999999999763,10,,2,5,False,,False,,ends,0,0,8,353,0,0,0,0,,17,0,,,136,history_ends8_area7,[],11712.480616381945,0,60.10169857384291,0.0,8,,,321.14961239999997,"[2, 3, 5, 10, 11, 13, 15, 16, 19, 20]",,3,70,1.0,17,,0,,,10,ordinary,7,full_coverage_and_all_discovered_cleared,130,3211.496124,,,True,0.025941291998606175
8,0,True,0,0,0,0,0,edge__adversarial-negative__70,edge__adversarial-negative,8,2,13,10,151,1.0,,,base,0,0.02598500000000037,10,,2,5,False,,False,,ends,0,0,16,353,0,0,0,0,,17,0,,,136,history_ends16_area7,[],11712.480616381945,0,60.10169857384291,0.0,8,,,321.14961239999997,"[2, 3, 5, 10, 11, 13, 15, 16, 19, 20]",,3,70,1.0,17,,0,,,10,ordinary,7,full_coverage_and_all_discovered_cleared,130,3211.496124,,,True,0.026001708989497274
8,0,True,0,0,0,0,0,edge__adversarial-negative__71,edge__adversarial-negative,5,4,13,12,145,1.0,,,base,0,0.021851999999999983,12,,7,8,False,,False,,,,,,,,,0,0,,19,0,,,130,range_area7,[],13685.193985924432,0,26.823041520633982,0.0,5,,,297.5865664166667,"[1, 2, 4, 5, 7, 9, 10, 13, 17, 18, 19, 20]",,3,71,1.0,13,,0,,,12,ordinary,7,full_coverage_and_all_discovered_cleared,121,3571.038797,,,True,0.021857958985492587
8,0,True,0,0,0,0,0,edge__adversarial-negative__71,edge__adversarial-negative,5,4,13,12,145,1.0,,,base,0,0.02398999999999951,12,,7,8,False,,False,,first,0,0,8,184,0,0,0,0,,19,0,,,130,history_first8_area7,[],13685.193985924432,0,26.823041520633982,0.0,5,,,297.5865664166667,"[1, 2, 4, 5, 7, 9, 10, 13, 17, 18, 19, 20]",,3,71,1.0,13,,0,,,12,ordinary,7,full_coverage_and_all_discovered_cleared,121,3571.038797,,,True,0.024046875012572855
8,0,True,0,0,0,0,0,edge__adversarial-negative__71,edge__adversarial-negative,5,4,13,12,145,1.0,,,base,0,0.025090999999999752,12,,7,8,False,,False,,ends,0,0,8,285,0,0,0,0,,19,0,,,130,history_ends8_area7,[],13685.193985924432,0,26.823041520633982,0.0,5,,,297.5865664166667,"[1, 2, 4, 5, 7, 9, 10, 13, 17, 18, 19, 20]",,3,71,1.0,13,,0,,,12,ordinary,7,full_coverage_and_all_discovered_cleared,121,3571.038797,,,True,0.02513774996623397
8,0,True,0,0,0,0,0,edge__adversarial-negative__71,edge__adversarial-negative,5,4,13,12,145,1.0,,,base,0,0.0255270000000003,12,,7,8,False,,False,,ends,0,0,16,285,0,0,0,0,,19,0,,,130,history_ends16_area7,[],13685.193985924432,0,26.823041520633982,0.0,5,,,297.5865664166667,"[1, 2, 4, 5, 7, 9, 10, 13, 17, 18, 19, 20]",,3,71,1.0,13,,0,,,12,ordinary,7,full_coverage_and_all_discovered_cleared,121,3571.038797,,,True,0.02552691596793011
10,0,True,0,0,0,0,0,edge__adversarial-spatial__67,edge__adversarial-spatial,8,0,14,10,139,1.0,,,base,0,0.019121000000000166,10,,2,6,False,,False,,,,,,,,,0,0,,17,0,,,123,range_area7,[],11204.353673731575,0,84.51558130227016,0.0,8,,,303.1870731,"[4, 5, 7, 8, 9, 10, 14, 15, 18, 19]",,3,67,1.0,7,,0,,,10,ordinary,7,full_coverage_and_all_discovered_cleared,114,3031.870731,,,True,0.019134749949444085
10,0,True,0,0,0,0,0,edge__adversarial-spatial__67,edge__adversarial-spatial,8,0,14,10,139,1.0,,,base,0,0.0205700000000002,10,,2,6,False,,False,,first,0,0,8,87,0,0,0,0,,17,0,,,123,history_first8_area7,[],11204.353673731575,0,84.51558130227016,0.0,8,,,303.1870731,"[4, 5, 7, 8, 9, 10, 14, 15, 18, 19]",,3,67,1.0,7,,0,,,10,ordinary,7,full_coverage_and_all_discovered_cleared,114,3031.870731,,,True,0.020591874956153333
10,0,True,0,0,0,0,0,edge__adversarial-spatial__67,edge__adversarial-spatial,8,0,14,10,139,1.0,,,base,0,0.021429000000000364,10,,2,6,False,,False,,ends,0,0,8,138,0,0,0,0,,17,0,,,123,history_ends8_area7,[],11204.353673731575,0,84.51558130227016,0.0,8,,,303.1870731,"[4, 5, 7, 8, 9, 10, 14, 15, 18, 19]",,3,67,1.0,7,,0,,,10,ordinary,7,full_coverage_and_all_discovered_cleared,114,3031.870731,,,True,0.021428875043056905
10,0,True,0,0,0,0,0,edge__adversarial-spatial__67,edge__adversarial-spatial,8,0,14,10,139,1.0,,,base,0,0.02104600000000012,10,,2,6,False,,False,,ends,0,0,16,138,0,0,0,0,,17,0,,,123,history_ends16_area7,[],11204.353673731575,0,84.51558130227016,0.0,8,,,303.1870731,"[4, 5, 7, 8, 9, 10, 14, 15, 18, 19]",,3,67,1.0,7,,0,,,10,ordinary,7,full_coverage_and_all_discovered_cleared,114,3031.870731,,,True,0.02106175001244992
13,0,True,0,0,0,0,0,edge__adversarial-spatial__68,edge__adversarial-spatial,15,0,19,15,150,1.0,,,base,0,0.029181000000000346,15,,0,4,False,,False,,,,,,,,,0,0,,22,0,,,129,range_area7,[],13186.796199108052,0,182.82009033411185,0.0,15,,,232.55728253333334,"[2, 4, 5, 6, 8, 9, 11, 12, 13, 14, 15, 16, 17, 19, 20]",,3,68,1.0,24,,0,,,15,ordinary,7,full_coverage_and_all_discovered_cleared,119,3488.359238,,,True,0.029244666977319866
13,0,True,0,0,0,0,0,edge__adversarial-spatial__68,edge__adversarial-spatial,15,0,19,15,150,1.0,,,base,0,0.03139800000000026,15,,0,4,False,,False,,first,0,0,8,305,0,0,0,0,,22,0,,,129,history_first8_area7,[],13186.796199108052,0,182.82009033411185,0.0,15,,,232.55728253333334,"[2, 4, 5, 6, 8, 9, 11, 12, 13, 14, 15, 16, 17, 19, 20]",,3,68,1.0,24,,0,,,15,ordinary,7,full_coverage_and_all_discovered_cleared,119,3488.359238,,,True,0.03141887503443286
13,0,True,0,0,0,0,0,edge__adversarial-spatial__68,edge__adversarial-spatial,15,0,19,15,150,1.0,,,base,0,0.033962999999999965,15,,0,4,False,,False,,ends,0,0,8,482,0,0,0,0,,22,0,,,129,history_ends8_area7,[],13186.796199108052,0,182.82009033411185,0.0,15,,,232.55728253333334,"[2, 4, 5, 6, 8, 9, 11, 12, 13, 14, 15, 16, 17, 19, 20]",,3,68,1.0,24,,0,,,15,ordinary,7,full_coverage_and_all_discovered_cleared,119,3488.359238,,,True,0.03398770897183567
13,0,True,0,0,0,0,0,edge__adversarial-spatial__68,edge__adversarial-spatial,15,0,19,15,150,1.0,,,base,0,0.034111999999999476,15,,0,4,False,,False,,ends,0,0,16,482,0,0,0,0,,22,0,,,129,history_ends16_area7,[],13186.796199108052,0,182.82009033411185,0.0,15,,,232.55728253333334,"[2, 4, 5, 6, 8, 9, 11, 12, 13, 14, 15, 16, 17, 19, 20]",,3,68,1.0,24,,0,,,15,ordinary,7,full_coverage_and_all_discovered_cleared,119,3488.359238,,,True,0.03412879101233557
17,0,True,0,0,0,0,0,edge__adversarial-spatial__69,edge__adversarial-spatial,12,4,24,15,161,1.0,,,base,0,0.030848999999999904,15,,3,12,False,,False,,,,,,,,,0,0,,22,0,,,135,range_area7,[],13660.353845111722,0,92.10117304835644,0.0,12,,,242.13805113333333,"[2, 3, 4, 5, 6, 7, 8, 9, 10, 11, 12, 13, 14, 16, 18]",,3,69,1.0,18,,0,,,15,ordinary,7,full_coverage_and_all_discovered_cleared,123,3632.070767,,,True,0.03090070903999731
17,0,True,0,0,0,0,0,edge__adversarial-spatial__69,edge__adversarial-spatial,12,4,24,15,161,1.0,,,base,0,0.03414900000000021,15,,3,12,False,,False,,first,0,0,8,401,0,0,0,0,,22,0,,,135,history_first8_area7,[],13660.353845111722,0,92.10117304835644,0.0,12,,,242.13805113333333,"[2, 3, 4, 5, 6, 7, 8, 9, 10, 11, 12, 13, 14, 16, 18]",,3,69,1.0,18,,0,,,15,ordinary,7,full_coverage_and_all_discovered_cleared,123,3632.070767,,,True,0.034162166994065046
17,0,True,0,0,0,0,0,edge__adversarial-spatial__69,edge__adversarial-spatial,12,4,24,15,161,1.0,,,base,0,0.03733400000000042,15,,3,12,False,,False,,ends,0,0,8,649,0,0,0,0,,22,0,,,135,history_ends8_area7,[],13660.353845111722,0,92.10117304835644,0.0,12,,,242.13805113333333,"[2, 3, 4, 5, 6, 7, 8, 9, 10, 11, 12, 13, 14, 16, 18]",,3,69,1.0,18,,0,,,15,ordinary,7,full_coverage_and_all_discovered_cleared,123,3632.070767,,,True,0.03735312499338761
17,0,True,0,0,0,0,0,edge__adversarial-spatial__69,edge__adversarial-spatial,12,4,24,15,161,1.0,,,base,0,0.03716700000000017,15,,3,12,False,,False,,ends,0,0,16,649,0,0,0,0,,22,0,,,135,history_ends16_area7,[],13660.353845111722,0,92.10117304835644,0.0,12,,,242.13805113333333,"[2, 3, 4, 5, 6, 7, 8, 9, 10, 11, 12, 13, 14, 16, 18]",,3,69,1.0,18,,0,,,15,ordinary,7,full_coverage_and_all_discovered_cleared,123,3632.070767,,,True,0.03717337502166629
9,0,True,0,0,0,0,0,edge__adversarial-spatial__70,edge__adversarial-spatial,9,2,13,10,148,1.0,,,base,0,0.021236000000000033,10,,1,4,False,,False,,,,,,,,,0,0,,17,0,,,133,range_area7,[],11838.924751738736,0,109.42988004600451,0.0,9,,,322.0784951,"[2, 3, 5, 10, 11, 13, 15, 16, 19, 20]",,3,70,1.0,13,,0,,,10,ordinary,7,full_coverage_and_all_discovered_cleared,129,3220.784951,,,True,0.021248625009320676
9,0,True,0,0,0,0,0,edge__adversarial-spatial__70,edge__adversarial-spatial,9,2,13,10,148,1.0,,,base,0,0.022834000000000465,10,,1,4,False,,False,,first,0,0,8,195,0,0,0,0,,17,0,,,133,history_first8_area7,[],11838.924751738736,0,109.42988004600451,0.0,9,,,322.0784951,"[2, 3, 5, 10, 11, 13, 15, 16, 19, 20]",,3,70,1.0,13,,0,,,10,ordinary,7,full_coverage_and_all_discovered_cleared,129,3220.784951,,,True,0.022856083989609033
9,0,True,0,0,0,0,0,edge__adversarial-spatial__70,edge__adversarial-spatial,9,2,13,10,148,1.0,,,base,0,0.024735000000000618,10,,1,4,False,,False,,ends,0,0,8,308,0,0,0,0,,17,0,,,133,history_ends8_area7,[],11838.924751738736,0,109.42988004600451,0.0,9,,,322.0784951,"[2, 3, 5, 10, 11, 13, 15, 16, 19, 20]",,3,70,1.0,13,,0,,,10,ordinary,7,full_coverage_and_all_discovered_cleared,129,3220.784951,,,True,0.024775249999947846
9,0,True,0,0,0,0,0,edge__adversarial-spatial__70,edge__adversarial-spatial,9,2,13,10,148,1.0,,,base,0,0.02460400000000007,10,,1,4,False,,False,,ends,0,0,16,308,0,0,0,0,,17,0,,,133,history_ends16_area7,[],11838.924751738736,0,109.42988004600451,0.0,9,,,322.0784951,"[2, 3, 5, 10, 11, 13, 15, 16, 19, 20]",,3,70,1.0,13,,0,,,10,ordinary,7,full_coverage_and_all_discovered_cleared,129,3220.784951,,,True,0.02461416699225083
14,0,True,0,0,0,0,0,edge__adversarial-spatial__71,edge__adversarial-spatial,10,4,19,12,157,1.0,,,base,0,0.025405000000000122,12,,2,9,False,,False,,,,,,,,,0,0,,19,0,,,136,range_area7,[],13737.209166790602,0,72.3712751631047,0.0,10,,,302.7868194166667,"[1, 2, 4, 5, 7, 9, 10, 13, 17, 18, 19, 20]",,3,71,1.0,13,,0,,,12,ordinary,7,full_coverage_and_all_discovered_cleared,125,3633.441833,,,True,0.025423625018447638
14,0,True,0,0,0,0,0,edge__adversarial-spatial__71,edge__adversarial-spatial,10,4,19,12,157,1.0,,,base,0,0.027598000000000233,12,,2,9,False,,False,,first,0,0,8,227,0,0,0,0,,19,0,,,136,history_first8_area7,[],13737.209166790602,0,72.3712751631047,0.0,10,,,302.7868194166667,"[1, 2, 4, 5, 7, 9, 10, 13, 17, 18, 19, 20]",,3,71,1.0,13,,0,,,12,ordinary,7,full_coverage_and_all_discovered_cleared,125,3633.441833,,,True,0.027609625016339123
14,0,True,0,0,0,0,0,edge__adversarial-spatial__71,edge__adversarial-spatial,10,4,19,12,157,1.0,,,base,0,0.02954200000000018,12,,2,9,False,,False,,ends,0,0,8,371,0,0,0,0,,19,0,,,136,history_ends8_area7,[],13737.209166790602,0,72.3712751631047,0.0,10,,,302.7868194166667,"[1, 2, 4, 5, 7, 9, 10, 13, 17, 18, 19, 20]",,3,71,1.0,13,,0,,,12,ordinary,7,full_coverage_and_all_discovered_cleared,125,3633.441833,,,True,0.029575792024843395
14,0,True,0,0,0,0,0,edge__adversarial-spatial__71,edge__adversarial-spatial,10,4,19,12,157,1.0,,,base,0,0.029258999999999702,12,,2,9,False,,False,,ends,0,0,16,371,0,0,0,0,,19,0,,,136,history_ends16_area7,[],13737.209166790602,0,72.3712751631047,0.0,10,,,302.7868194166667,"[1, 2, 4, 5, 7, 9, 10, 13, 17, 18, 19, 20]",,3,71,1.0,13,,0,,,12,ordinary,7,full_coverage_and_all_discovered_cleared,125,3633.441833,,,True,0.029288374993484467
5,0,True,0,0,0,0,0,clustered__iid__67,clustered__iid,5,0,12,10,126,1.0,,,base,0,0.017691999999999375,10,,5,7,False,,False,,,,,,,,,0,0,,17,0,,,112,range_area7,[],10085.448800565828,0,51.875527911883026,0.0,5,,,273.808976,"[4, 5, 7, 8, 9, 10, 14, 15, 18, 19]",,3,67,1.0,12,,0,,,10,ordinary,7,full_coverage_and_all_discovered_cleared,105,2738.08976,,,True,0.017696875031106174
5,0,True,0,0,0,0,0,clustered__iid__67,clustered__iid,5,0,12,10,126,1.0,,,base,0,0.018850000000000477,10,,5,7,False,,False,,first,0,0,8,100,0,0,0,0,,17,0,,,112,history_first8_area7,[],10085.448800565828,0,51.875527911883026,0.0,5,,,273.808976,"[4, 5, 7, 8, 9, 10, 14, 15, 18, 19]",,3,67,1.0,12,,0,,,10,ordinary,7,full_coverage_and_all_discovered_cleared,105,2738.08976,,,True,0.018850666005164385
5,0,True,0,0,0,0,0,clustered__iid__67,clustered__iid,5,0,12,10,126,1.0,,,base,0,0.01964500000000058,10,,5,7,False,,False,,ends,0,0,8,170,0,0,0,0,,17,0,,,112,history_ends8_area7,[],10085.448800565828,0,51.875527911883026,0.0,5,,,273.808976,"[4, 5, 7, 8, 9, 10, 14, 15, 18, 19]",,3,67,1.0,12,,0,,,10,ordinary,7,full_coverage_and_all_discovered_cleared,105,2738.08976,,,True,0.019667792017571628
5,0,True,0,0,0,0,0,clustered__iid__67,clustered__iid,5,0,12,10,126,1.0,,,base,0,0.019607999999999848,10,,5,7,False,,False,,ends,0,0,16,170,0,0,0,0,,17,0,,,112,history_ends16_area7,[],10085.448800565828,0,51.875527911883026,0.0,5,,,273.808976,"[4, 5, 7, 8, 9, 10, 14, 15, 18, 19]",,3,67,1.0,12,,0,,,10,ordinary,7,full_coverage_and_all_discovered_cleared,105,2738.08976,,,True,0.01960837497608736
3,0,True,0,0,0,0,0,clustered__iid__68,clustered__iid,10,1,15,15,116,1.0,,,base,0,0.029480000000000395,15,,5,5,False,,False,,,,,,,,,0,0,,22,0,,,99,range_area7,[],11273.71771926713,0,62.13388310669677,0.0,10,,,194.38290286666668,"[2, 4, 5, 6, 8, 9, 11, 12, 13, 14, 15, 16, 17, 19, 20]",,3,68,1.0,23,,5,,,15,ordinary,7,full_coverage_and_all_discovered_cleared,91,2915.743543,,,True,0.029496582981664687
3,0,True,0,0,0,0,0,clustered__iid__68,clustered__iid,10,1,15,15,116,1.0,,,base,0,0.026012999999999842,15,,5,5,False,,False,,first,0,0,8,97,0,0,0,0,,22,0,,,99,history_first8_area7,[],11273.71771926713,0,62.13388310669677,0.0,10,,,194.38290286666668,"[2, 4, 5, 6, 8, 9, 11, 12, 13, 14, 15, 16, 17, 19, 20]",,3,68,1.0,23,,5,,,15,ordinary,7,full_coverage_and_all_discovered_cleared,91,2915.743543,,,True,0.026090166997164488
3,0,True,0,0,0,0,0,clustered__iid__68,clustered__iid,10,1,15,15,116,1.0,,,base,0,0.02645699999999973,15,,5,5,False,,False,,ends,0,0,8,165,0,0,0,0,,22,0,,,99,history_ends8_area7,[],11273.71771926713,0,62.13388310669677,0.0,10,,,194.38290286666668,"[2, 4, 5, 6, 8, 9, 11, 12, 13, 14, 15, 16, 17, 19, 20]",,3,68,1.0,23,,5,,,15,ordinary,7,full_coverage_and_all_discovered_cleared,91,2915.743543,,,True,0.026464125025086105
3,0,True,0,0,0,0,0,clustered__iid__68,clustered__iid,10,1,15,15,116,1.0,,,base,0,0.02706500000000034,15,,5,5,False,,False,,ends,0,0,16,165,0,0,0,0,,22,0,,,99,history_ends16_area7,[],11273.71771926713,0,62.13388310669677,0.0,10,,,194.38290286666668,"[2, 4, 5, 6, 8, 9, 11, 12, 13, 14, 15, 16, 17, 19, 20]",,3,68,1.0,23,,5,,,15,ordinary,7,full_coverage_and_all_discovered_cleared,91,2915.743543,,,True,0.027085707988590002
1,0,True,0,0,0,0,0,clustered__iid__69,clustered__iid,2,0,15,15,143,1.0,,,base,0,0.024727000000000388,15,,13,13,False,,False,,,,,,,,,0,0,,22,0,,,126,range_area7,[],8572.772923950084,0,17.43991157328321,0.0,2,,,169.23697226666667,"[2, 3, 4, 5, 6, 7, 8, 9, 10, 11, 12, 13, 14, 16, 18]",,3,69,1.0,10,,0,,,15,ordinary,7,full_coverage_and_all_discovered_cleared,119,2538.554584,,,True,0.02473308303160593
1,0,True,0,0,0,0,0,clustered__iid__69,clustered__iid,2,0,15,15,143,1.0,,,base,0,0.026538000000000395,15,,13,13,False,,False,,first,0,0,8,192,0,0,0,0,,22,0,,,126,history_first8_area7,[],8572.772923950084,0,17.43991157328321,0.0,2,,,169.23697226666667,"[2, 3, 4, 5, 6, 7, 8, 9, 10, 11, 12, 13, 14, 16, 18]",,3,69,1.0,10,,0,,,15,ordinary,7,full_coverage_and_all_discovered_cleared,119,2538.554584,,,True,0.026540417049545795
1,0,True,0,0,0,0,0,clustered__iid__69,clustered__iid,2,0,15,15,143,1.0,,,base,0,0.02936599999999956,15,,13,13,False,,False,,ends,0,0,8,300,0,0,0,0,,22,0,,,126,history_ends8_area7,[],8572.772923950084,0,17.43991157328321,0.0,2,,,169.23697226666667,"[2, 3, 4, 5, 6, 7, 8, 9, 10, 11, 12, 13, 14, 16, 18]",,3,69,1.0,10,,0,,,15,ordinary,7,full_coverage_and_all_discovered_cleared,119,2538.554584,,,True,0.029453791037667543
1,0,True,0,0,0,0,0,clustered__iid__69,clustered__iid,2,0,15,15,143,1.0,,,base,0,0.02799999999999958,15,,13,13,False,,False,,ends,0,0,16,300,0,0,0,0,,22,0,,,126,history_ends16_area7,[],8572.772923950084,0,17.43991157328321,0.0,2,,,169.23697226666667,"[2, 3, 4, 5, 6, 7, 8, 9, 10, 11, 12, 13, 14, 16, 18]",,3,69,1.0,10,,0,,,15,ordinary,7,full_coverage_and_all_discovered_cleared,119,2538.554584,,,True,0.028047708969097584
4,0,True,0,0,0,0,0,clustered__iid__70,clustered__iid,9,0,11,10,125,1.0,,,base,0,0.02022799999999947,10,,1,2,False,,False,,,,,,,,,0,0,,17,0,,,112,range_area7,[],9215.975943205447,0,69.24930221077521,0.0,9,,,256.3195188,"[2, 3, 5, 10, 11, 13, 15, 16, 19, 20]",,3,70,1.0,14,,3,,,10,ordinary,7,full_coverage_and_all_discovered_cleared,107,2563.195188,,,True,0.02022883400786668
4,0,True,0,0,0,0,0,clustered__iid__70,clustered__iid,9,0,11,10,125,1.0,,,base,0,0.02194900000000022,10,,1,2,False,,False,,first,0,0,8,168,0,0,0,0,,17,0,,,112,history_first8_area7,[],9215.975943205447,0,69.24930221077521,0.0,9,,,256.3195188,"[2, 3, 5, 10, 11, 13, 15, 16, 19, 20]",,3,70,1.0,14,,3,,,10,ordinary,7,full_coverage_and_all_discovered_cleared,107,2563.195188,,,True,0.021967125008814037
4,0,True,0,0,0,0,0,clustered__iid__70,clustered__iid,9,0,11,10,125,1.0,,,base,0,0.022806999999999356,10,,1,2,False,,False,,ends,0,0,8,224,0,0,0,0,,17,0,,,112,history_ends8_area7,[],9215.975943205447,0,69.24930221077521,0.0,9,,,256.3195188,"[2, 3, 5, 10, 11, 13, 15, 16, 19, 20]",,3,70,1.0,14,,3,,,10,ordinary,7,full_coverage_and_all_discovered_cleared,107,2563.195188,,,True,0.022839999990537763
4,0,True,0,0,0,0,0,clustered__iid__70,clustered__iid,9,0,11,10,125,1.0,,,base,0,0.023464999999999847,10,,1,2,False,,False,,ends,0,0,16,264,0,0,0,0,,17,0,,,112,history_ends16_area7,[],9215.975943205447,0,69.24930221077521,0.0,9,,,256.3195188,"[2, 3, 5, 10, 11, 13, 15, 16, 19, 20]",,3,70,1.0,14,,3,,,10,ordinary,7,full_coverage_and_all_discovered_cleared,107,2563.195188,,,True,0.023483207973185927
3,0,True,0,0,0,0,0,clustered__iid__71,clustered__iid,6,0,13,12,116,1.0,,,base,0,0.016906999999999783,12,,6,7,False,,False,,,,,,,,,0,0,,19,0,,,101,range_area7,[],8684.27447811701,0,61.634818427428954,0.0,6,,,199.65457466666666,"[1, 2, 4, 5, 7, 9, 10, 13, 17, 18, 19, 20]",,3,71,1.0,10,,0,,,12,ordinary,7,full_coverage_and_all_discovered_cleared,91,2395.854896,,,True,0.01690712501294911
3,0,True,0,0,0,0,0,clustered__iid__71,clustered__iid,6,0,13,12,116,1.0,,,base,0,0.0180889999999998,12,,6,7,False,,False,,first,0,0,8,100,0,0,0,0,,19,0,,,101,history_first8_area7,[],8684.27447811701,0,61.634818427428954,0.0,6,,,199.65457466666666,"[1, 2, 4, 5, 7, 9, 10, 13, 17, 18, 19, 20]",,3,71,1.0,10,,0,,,12,ordinary,7,full_coverage_and_all_discovered_cleared,91,2395.854896,,,True,0.018128541007172316
3,0,True,0,0,0,0,0,clustered__iid__71,clustered__iid,6,0,13,12,116,1.0,,,base,0,0.018978999999999857,12,,6,7,False,,False,,ends,0,0,8,155,0,0,0,0,,19,0,,,101,history_ends8_area7,[],8684.27447811701,0,61.634818427428954,0.0,6,,,199.65457466666666,"[1, 2, 4, 5, 7, 9, 10, 13, 17, 18, 19, 20]",,3,71,1.0,10,,0,,,12,ordinary,7,full_coverage_and_all_discovered_cleared,91,2395.854896,,,True,0.018997334002051502
3,0,True,0,0,0,0,0,clustered__iid__71,clustered__iid,6,0,13,12,116,1.0,,,base,0,0.01889300000000027,12,,6,7,False,,False,,ends,0,0,16,155,0,0,0,0,,19,0,,,101,history_ends16_area7,[],8684.27447811701,0,61.634818427428954,0.0,6,,,199.65457466666666,"[1, 2, 4, 5, 7, 9, 10, 13, 17, 18, 19, 20]",,3,71,1.0,10,,0,,,12,ordinary,7,full_coverage_and_all_discovered_cleared,91,2395.854896,,,True,0.018900291994214058
4,0,True,0,0,0,0,0,clustered__smooth__67,clustered__smooth,5,0,12,10,125,1.0,,,base,0,0.01703399999999977,10,,5,7,False,,False,,,,,,,,,0,0,,17,0,,,111,range_area7,[],10146.66535712893,0,34.50042628383702,0.0,5,,,274.333307,"[4, 5, 7, 8, 9, 10, 14, 15, 18, 19]",,3,67,1.0,12,,0,,,10,ordinary,7,full_coverage_and_all_discovered_cleared,103,2743.33307,,,True,0.01703337498474866
4,0,True,0,0,0,0,0,clustered__smooth__67,clustered__smooth,5,0,12,10,125,1.0,,,base,0,0.017976999999999244,10,,5,7,False,,False,,first,0,0,8,70,0,0,0,0,,17,0,,,111,history_first8_area7,[],10146.66535712893,0,34.50042628383702,0.0,5,,,274.333307,"[4, 5, 7, 8, 9, 10, 14, 15, 18, 19]",,3,67,1.0,12,,0,,,10,ordinary,7,full_coverage_and_all_discovered_cleared,103,2743.33307,,,True,0.018018624978139997
4,0,True,0,0,0,0,0,clustered__smooth__67,clustered__smooth,5,0,12,10,125,1.0,,,base,0,0.018642999999999965,10,,5,7,False,,False,,ends,0,0,8,110,0,0,0,0,,17,0,,,111,history_ends8_area7,[],10146.66535712893,0,34.50042628383702,0.0,5,,,274.333307,"[4, 5, 7, 8, 9, 10, 14, 15, 18, 19]",,3,67,1.0,12,,0,,,10,ordinary,7,full_coverage_and_all_discovered_cleared,103,2743.33307,,,True,0.018642165989149362
4,0,True,0,0,0,0,0,clustered__smooth__67,clustered__smooth,5,0,12,10,125,1.0,,,base,0,0.017981999999999942,10,,5,7,False,,False,,ends,0,0,16,110,0,0,0,0,,17,0,,,111,history_ends16_area7,[],10146.66535712893,0,34.50042628383702,0.0,5,,,274.333307,"[4, 5, 7, 8, 9, 10, 14, 15, 18, 19]",,3,67,1.0,12,,0,,,10,ordinary,7,full_coverage_and_all_discovered_cleared,103,2743.33307,,,True,0.017986249993555248
4,0,True,0,0,0,0,0,clustered__smooth__68,clustered__smooth,10,1,17,15,115,1.0,,,base,0,0.024949999999999584,15,,5,7,False,,False,,,,,,,,,0,0,,22,0,,,96,range_area7,[],9340.849598052446,0,71.65913950414256,0.0,10,,,167.87799473333334,"[2, 4, 5, 6, 8, 9, 11, 12, 13, 14, 15, 16, 17, 19, 20]",,3,68,1.0,27,,2,,,15,ordinary,7,full_coverage_and_all_discovered_cleared,89,2518.169921,,,True,0.025001584028359503
4,0,True,0,0,0,0,0,clustered__smooth__68,clustered__smooth,10,1,17,15,115,1.0,,,base,0,0.025737999999999595,15,,5,7,False,,False,,first,0,0,8,107,0,0,0,0,,22,0,,,96,history_first8_area7,[],9340.849598052446,0,71.65913950414256,0.0,10,,,167.87799473333334,"[2, 4, 5, 6, 8, 9, 11, 12, 13, 14, 15, 16, 17, 19, 20]",,3,68,1.0,27,,2,,,15,ordinary,7,full_coverage_and_all_discovered_cleared,89,2518.169921,,,True,0.02573712501907721
4,0,True,0,0,0,0,0,clustered__smooth__68,clustered__smooth,10,1,17,15,115,1.0,,,base,0,0.02644799999999936,15,,5,7,False,,False,,ends,0,0,8,138,0,0,0,0,,22,0,,,96,history_ends8_area7,[],9340.849598052446,0,71.65913950414256,0.0,10,,,167.87799473333334,"[2, 4, 5, 6, 8, 9, 11, 12, 13, 14, 15, 16, 17, 19, 20]",,3,68,1.0,27,,2,,,15,ordinary,7,full_coverage_and_all_discovered_cleared,89,2518.169921,,,True,0.02647974999854341
4,0,True,0,0,0,0,0,clustered__smooth__68,clustered__smooth,10,1,17,15,115,1.0,,,base,0,0.02617400000000014,15,,5,7,False,,False,,ends,0,0,16,138,0,0,0,0,,22,0,,,96,history_ends16_area7,[],9340.849598052446,0,71.65913950414256,0.0,10,,,167.87799473333334,"[2, 4, 5, 6, 8, 9, 11, 12, 13, 14, 15, 16, 17, 19, 20]",,3,68,1.0,27,,2,,,15,ordinary,7,full_coverage_and_all_discovered_cleared,89,2518.169921,,,True,0.026197792030870914
4,0,True,0,0,0,0,0,clustered__smooth__69,clustered__smooth,7,0,19,15,167,1.0,,,base,0,0.030603000000000158,15,,8,12,False,,False,,,,,,,,,0,0,,22,0,,,146,range_area7,[],8382.723416678291,0,52.93634295579471,0.0,7,,,175.50297886666667,"[2, 3, 4, 5, 6, 7, 8, 9, 10, 11, 12, 13, 14, 16, 18]",,3,69,1.0,22,,0,,,15,ordinary,7,full_coverage_and_all_discovered_cleared,139,2632.544683,,,True,0.030618583026807755
4,0,True,0,0,0,0,0,clustered__smooth__69,clustered__smooth,7,0,19,15,167,1.0,,,base,0,0.03384600000000049,15,,8,12,False,,False,,first,0,0,8,402,0,0,0,0,,22,0,,,146,history_first8_area7,[],8382.723416678291,0,52.93634295579471,0.0,7,,,175.50297886666667,"[2, 3, 4, 5, 6, 7, 8, 9, 10, 11, 12, 13, 14, 16, 18]",,3,69,1.0,22,,0,,,15,ordinary,7,full_coverage_and_all_discovered_cleared,139,2632.544683,,,True,0.03385516698472202
4,0,True,0,0,0,0,0,clustered__smooth__69,clustered__smooth,7,0,19,15,167,1.0,,,base,0,0.036274999999999835,15,,8,12,False,,False,,ends,0,0,8,665,0,0,0,0,,22,0,,,146,history_ends8_area7,[],8382.723416678291,0,52.93634295579471,0.0,7,,,175.50297886666667,"[2, 3, 4, 5, 6, 7, 8, 9, 10, 11, 12, 13, 14, 16, 18]",,3,69,1.0,22,,0,,,15,ordinary,7,full_coverage_and_all_discovered_cleared,139,2632.544683,,,True,0.03633895900566131
4,0,True,0,0,0,0,0,clustered__smooth__69,clustered__smooth,7,0,19,15,167,1.0,,,base,0,0.03732500000000005,15,,8,12,False,,False,,ends,0,0,16,665,0,0,0,0,,22,0,,,146,history_ends16_area7,[],8382.723416678291,0,52.93634295579471,0.0,7,,,175.50297886666667,"[2, 3, 4, 5, 6, 7, 8, 9, 10, 11, 12, 13, 14, 16, 18]",,3,69,1.0,22,,0,,,15,ordinary,7,full_coverage_and_all_discovered_cleared,139,2632.544683,,,True,0.03735241701360792
4,0,True,0,0,0,0,0,clustered__smooth__70,clustered__smooth,8,0,12,10,125,1.0,,,base,0,0.01888800000000046,10,,2,4,False,,False,,,,,,,,,0,0,,17,0,,,111,range_area7,[],9236.450267120634,0,60.781228736919395,0.0,8,,,256.3290053,"[2, 3, 5, 10, 11, 13, 15, 16, 19, 20]",,3,70,1.0,12,,2,,,10,ordinary,7,full_coverage_and_all_discovered_cleared,105,2563.290053,,,True,0.018926333053968847
4,0,True,0,0,0,0,0,clustered__smooth__70,clustered__smooth,8,0,12,10,125,1.0,,,base,0,0.02118600000000015,10,,2,4,False,,False,,first,0,0,8,168,0,0,0,0,,17,0,,,111,history_first8_area7,[],9236.450267120634,0,60.781228736919395,0.0,8,,,256.3290053,"[2, 3, 5, 10, 11, 13, 15, 16, 19, 20]",,3,70,1.0,12,,2,,,10,ordinary,7,full_coverage_and_all_discovered_cleared,105,2563.290053,,,True,0.02118641702691093
4,0,True,0,0,0,0,0,clustered__smooth__70,clustered__smooth,8,0,12,10,125,1.0,,,base,0,0.021432999999999147,10,,2,4,False,,False,,ends,0,0,8,224,0,0,0,0,,17,0,,,111,history_ends8_area7,[],9236.450267120634,0,60.781228736919395,0.0,8,,,256.3290053,"[2, 3, 5, 10, 11, 13, 15, 16, 19, 20]",,3,70,1.0,12,,2,,,10,ordinary,7,full_coverage_and_all_discovered_cleared,105,2563.290053,,,True,0.021465833007823676
4,0,True,0,0,0,0,0,clustered__smooth__70,clustered__smooth,8,0,12,10,125,1.0,,,base,0,0.02211799999999986,10,,2,4,False,,False,,ends,0,0,16,264,0,0,0,0,,17,0,,,111,history_ends16_area7,[],9236.450267120634,0,60.781228736919395,0.0,8,,,256.3290053,"[2, 3, 5, 10, 11, 13, 15, 16, 19, 20]",,3,70,1.0,12,,2,,,10,ordinary,7,full_coverage_and_all_discovered_cleared,105,2563.290053,,,True,0.02217175002442673
7,0,True,0,0,0,0,0,clustered__smooth__71,clustered__smooth,5,2,13,12,130,1.0,,,base,0,0.023425999999999725,12,,7,8,False,,False,,,,,,,,,0,0,,19,0,,,115,range_area7,[],11267.075659553358,0,23.51569284109836,0.0,5,,,250.03459433333333,"[1, 2, 4, 5, 7, 9, 10, 13, 17, 18, 19, 20]",,3,71,1.0,13,,1,,,12,ordinary,7,full_coverage_and_all_discovered_cleared,109,3000.415132,,,True,0.023452125024050474
7,0,True,0,0,0,0,0,clustered__smooth__71,clustered__smooth,5,2,13,12,130,1.0,,,base,0,0.024826000000000015,12,,7,8,False,,False,,first,0,0,8,147,0,0,0,0,,19,0,,,115,history_first8_area7,[],11267.075659553358,0,23.51569284109836,0.0,5,,,250.03459433333333,"[1, 2, 4, 5, 7, 9, 10, 13, 17, 18, 19, 20]",,3,71,1.0,13,,1,,,12,ordinary,7,full_coverage_and_all_discovered_cleared,109,3000.415132,,,True,0.02483599999686703
7,0,True,0,0,0,0,0,clustered__smooth__71,clustered__smooth,5,2,13,12,130,1.0,,,base,0,0.02568000000000037,12,,7,8,False,,False,,ends,0,0,8,223,0,0,0,0,,19,0,,,115,history_ends8_area7,[],11267.075659553358,0,23.51569284109836,0.0,5,,,250.03459433333333,"[1, 2, 4, 5, 7, 9, 10, 13, 17, 18, 19, 20]",,3,71,1.0,13,,1,,,12,ordinary,7,full_coverage_and_all_discovered_cleared,109,3000.415132,,,True,0.02569683303590864
7,0,True,0,0,0,0,0,clustered__smooth__71,clustered__smooth,5,2,13,12,130,1.0,,,base,0,0.025788000000000366,12,,7,8,False,,False,,ends,0,0,16,223,0,0,0,0,,19,0,,,115,history_ends16_area7,[],11267.075659553358,0,23.51569284109836,0.0,5,,,250.03459433333333,"[1, 2, 4, 5, 7, 9, 10, 13, 17, 18, 19, 20]",,3,71,1.0,13,,1,,,12,ordinary,7,full_coverage_and_all_discovered_cleared,109,3000.415132,,,True,0.025797166978009045
3,0,True,0,0,0,0,0,clustered__adversarial-positive__67,clustered__adversarial-positive,7,0,11,10,120,1.0,,,base,0,0.015139000000000458,10,,3,4,False,,False,,,,,,,,,0,0,,17,0,,,107,range_area7,[],9912.119729321521,0,62.98648557438853,0.0,7,,,267.1423946,"[4, 5, 7, 8, 9, 10, 14, 15, 18, 19]",,3,67,1.0,9,,0,,,10,ordinary,7,full_coverage_and_all_discovered_cleared,101,2671.423946,,,True,0.015137417009100318
3,0,True,0,0,0,0,0,clustered__adversarial-positive__67,clustered__adversarial-positive,7,0,11,10,120,1.0,,,base,0,0.016102999999999312,10,,3,4,False,,False,,first,0,0,8,70,0,0,0,0,,17,0,,,107,history_first8_area7,[],9912.119729321521,0,62.98648557438853,0.0,7,,,267.1423946,"[4, 5, 7, 8, 9, 10, 14, 15, 18, 19]",,3,67,1.0,9,,0,,,10,ordinary,7,full_coverage_and_all_discovered_cleared,101,2671.423946,,,True,0.016108250012621284
3,0,True,0,0,0,0,0,clustered__adversarial-positive__67,clustered__adversarial-positive,7,0,11,10,120,1.0,,,base,0,0.016441999999999624,10,,3,4,False,,False,,ends,0,0,8,110,0,0,0,0,,17,0,,,107,history_ends8_area7,[],9912.119729321521,0,62.98648557438853,0.0,7,,,267.1423946,"[4, 5, 7, 8, 9, 10, 14, 15, 18, 19]",,3,67,1.0,9,,0,,,10,ordinary,7,full_coverage_and_all_discovered_cleared,101,2671.423946,,,True,0.0164763749926351
3,0,True,0,0,0,0,0,clustered__adversarial-positive__67,clustered__adversarial-positive,7,0,11,10,120,1.0,,,base,0,0.016279999999999184,10,,3,4,False,,False,,ends,0,0,16,110,0,0,0,0,,17,0,,,107,history_ends16_area7,[],9912.119729321521,0,62.98648557438853,0.0,7,,,267.1423946,"[4, 5, 7, 8, 9, 10, 14, 15, 18, 19]",,3,67,1.0,9,,0,,,10,ordinary,7,full_coverage_and_all_discovered_cleared,101,2671.423946,,,True,0.016294041008222848
7,0,True,0,0,0,0,0,clustered__adversarial-positive__68,clustered__adversarial-positive,11,0,20,15,127,1.0,,,base,0,0.02628399999999953,15,,4,9,False,,False,,,,,,,,,0,0,,22,0,,,105,range_area7,[],9299.151404451017,0,96.08034223845935,0.0,11,,,171.65535213333334,"[2, 4, 5, 6, 8, 9, 11, 12, 13, 14, 15, 16, 17, 19, 20]",,3,68,1.0,30,,0,,,15,ordinary,7,full_coverage_and_all_discovered_cleared,100,2574.830282,,,True,0.026286834036000073
7,0,True,0,0,0,0,0,clustered__adversarial-positive__68,clustered__adversarial-positive,11,0,20,15,127,1.0,,,base,0,0.02816799999999997,15,,4,9,False,,False,,first,0,0,8,195,0,0,0,0,,22,0,,,105,history_first8_area7,[],9299.151404451017,0,96.08034223845935,0.0,11,,,171.65535213333334,"[2, 4, 5, 6, 8, 9, 11, 12, 13, 14, 15, 16, 17, 19, 20]",,3,68,1.0,30,,0,,,15,ordinary,7,full_coverage_and_all_discovered_cleared,100,2574.830282,,,True,0.02819308399921283
7,0,True,0,0,0,0,0,clustered__adversarial-positive__68,clustered__adversarial-positive,11,0,20,15,127,1.0,,,base,0,0.02892199999999967,15,,4,9,False,,False,,ends,0,0,8,285,0,0,0,0,,22,0,,,105,history_ends8_area7,[],9299.151404451017,0,96.08034223845935,0.0,11,,,171.65535213333334,"[2, 4, 5, 6, 8, 9, 11, 12, 13, 14, 15, 16, 17, 19, 20]",,3,68,1.0,30,,0,,,15,ordinary,7,full_coverage_and_all_discovered_cleared,100,2574.830282,,,True,0.028932834044098854
7,0,True,0,0,0,0,0,clustered__adversarial-positive__68,clustered__adversarial-positive,11,0,20,15,127,1.0,,,base,0,0.029321999999999626,15,,4,9,False,,False,,ends,0,0,16,285,0,0,0,0,,22,0,,,105,history_ends16_area7,[],9299.151404451017,0,96.08034223845935,0.0,11,,,171.65535213333334,"[2, 4, 5, 6, 8, 9, 11, 12, 13, 14, 15, 16, 17, 19, 20]",,3,68,1.0,30,,0,,,15,ordinary,7,full_coverage_and_all_discovered_cleared,100,2574.830282,,,True,0.02932979096658528
12,0,True,0,0,0,0,0,clustered__adversarial-positive__69,clustered__adversarial-positive,13,0,26,15,165,1.0,,,base,0,0.031162000000000134,15,,2,13,False,,False,,,,,,,,,0,0,,22,0,,,137,range_area7,[],8623.967891706043,0,115.41139236326903,0.0,13,,,176.65290526666666,"[2, 3, 4, 5, 6, 7, 8, 9, 10, 11, 12, 13, 14, 16, 18]",,3,69,1.0,10,,0,,,15,ordinary,7,full_coverage_and_all_discovered_cleared,132,2649.793579,,,True,0.031226332997903228
12,0,True,0,0,0,0,0,clustered__adversarial-positive__69,clustered__adversarial-positive,13,0,26,15,165,1.0,,,base,0,0.033344000000000484,15,,2,13,False,,False,,first,0,0,8,237,0,0,0,0,,22,0,,,137,history_first8_area7,[],8623.967891706043,0,115.41139236326903,0.0,13,,,176.65290526666666,"[2, 3, 4, 5, 6, 7, 8, 9, 10, 11, 12, 13, 14, 16, 18]",,3,69,1.0,10,,0,,,15,ordinary,7,full_coverage_and_all_discovered_cleared,132,2649.793579,,,True,0.033352707978338
12,0,True,0,0,0,0,0,clustered__adversarial-positive__69,clustered__adversarial-positive,13,0,26,15,165,1.0,,,base,0,0.035808000000000284,15,,2,13,False,,False,,ends,0,0,8,390,0,0,0,0,,22,0,,,137,history_ends8_area7,[],8623.967891706043,0,115.41139236326903,0.0,13,,,176.65290526666666,"[2, 3, 4, 5, 6, 7, 8, 9, 10, 11, 12, 13, 14, 16, 18]",,3,69,1.0,10,,0,,,15,ordinary,7,full_coverage_and_all_discovered_cleared,132,2649.793579,,,True,0.03585933399153873
12,0,True,0,0,0,0,0,clustered__adversarial-positive__69,clustered__adversarial-positive,13,0,26,15,165,1.0,,,base,0,0.03514499999999998,15,,2,13,False,,False,,ends,0,0,16,390,0,0,0,0,,22,0,,,137,history_ends16_area7,[],8623.967891706043,0,115.41139236326903,0.0,13,,,176.65290526666666,"[2, 3, 4, 5, 6, 7, 8, 9, 10, 11, 12, 13, 14, 16, 18]",,3,69,1.0,10,,0,,,15,ordinary,7,full_coverage_and_all_discovered_cleared,132,2649.793579,,,True,0.035177749989088625
6,0,True,0,0,0,0,0,clustered__adversarial-positive__70,clustered__adversarial-positive,7,0,15,10,153,1.0,,,base,0,0.020316000000000223,10,,3,8,False,,False,,,,,,,,,0,0,,17,0,,,136,range_area7,[],8628.022086495068,0,70.12551606617991,0.0,7,,,259.9604417,"[2, 3, 5, 10, 11, 13, 15, 16, 19, 20]",,3,70,1.0,8,,0,,,10,ordinary,7,full_coverage_and_all_discovered_cleared,129,2599.604417,,,True,0.020345332974102348
6,0,True,0,0,0,0,0,clustered__adversarial-positive__70,clustered__adversarial-positive,7,0,15,10,153,1.0,,,base,0,0.022679999999999367,10,,3,8,False,,False,,first,0,0,8,256,0,0,0,0,,17,0,,,136,history_first8_area7,[],8628.022086495068,0,70.12551606617991,0.0,7,,,259.9604417,"[2, 3, 5, 10, 11, 13, 15, 16, 19, 20]",,3,70,1.0,8,,0,,,10,ordinary,7,full_coverage_and_all_discovered_cleared,129,2599.604417,,,True,0.02270791702903807
6,0,True,0,0,0,0,0,clustered__adversarial-positive__70,clustered__adversarial-positive,7,0,15,10,153,1.0,,,base,0,0.024230000000000196,10,,3,8,False,,False,,ends,0,0,8,393,0,0,0,0,,17,0,,,136,history_ends8_area7,[],8628.022086495068,0,70.12551606617991,0.0,7,,,259.9604417,"[2, 3, 5, 10, 11, 13, 15, 16, 19, 20]",,3,70,1.0,8,,0,,,10,ordinary,7,full_coverage_and_all_discovered_cleared,129,2599.604417,,,True,0.024246916989795864
6,0,True,0,0,0,0,0,clustered__adversarial-positive__70,clustered__adversarial-positive,7,0,15,10,153,1.0,,,base,0,0.024240999999999957,10,,3,8,False,,False,,ends,0,0,16,393,0,0,0,0,,17,0,,,136,history_ends16_area7,[],8628.022086495068,0,70.12551606617991,0.0,7,,,259.9604417,"[2, 3, 5, 10, 11, 13, 15, 16, 19, 20]",,3,70,1.0,8,,0,,,10,ordinary,7,full_coverage_and_all_discovered_cleared,129,2599.604417,,,True,0.024258541991002858
13,0,True,0,0,0,0,0,clustered__adversarial-positive__71,clustered__adversarial-positive,11,2,20,12,147,1.0,,,base,0,0.02814099999999975,12,,1,9,False,,False,,,,,,,,,0,0,,19,0,,,125,range_area7,[],10980.406285647074,0,84.95799588061894,0.0,11,,,251.9234380833333,"[1, 2, 4, 5, 7, 9, 10, 13, 17, 18, 19, 20]",,3,71,1.0,16,,0,,,12,ordinary,7,full_coverage_and_all_discovered_cleared,118,3023.081257,,,True,0.028152332990430295
13,0,True,0,0,0,0,0,clustered__adversarial-positive__71,clustered__adversarial-positive,11,2,20,12,147,1.0,,,base,0,0.030434999999999768,12,,1,9,False,,False,,first,0,0,8,226,0,0,0,0,,19,0,,,125,history_first8_area7,[],10980.406285647074,0,84.95799588061894,0.0,11,,,251.9234380833333,"[1, 2, 4, 5, 7, 9, 10, 13, 17, 18, 19, 20]",,3,71,1.0,16,,0,,,12,ordinary,7,full_coverage_and_all_discovered_cleared,118,3023.081257,,,True,0.03043508395785466
13,0,True,0,0,0,0,0,clustered__adversarial-positive__71,clustered__adversarial-positive,11,2,20,12,147,1.0,,,base,0,0.032071999999999434,12,,1,9,False,,False,,ends,0,0,8,360,0,0,0,0,,19,0,,,125,history_ends8_area7,[],10980.406285647074,0,84.95799588061894,0.0,11,,,251.9234380833333,"[1, 2, 4, 5, 7, 9, 10, 13, 17, 18, 19, 20]",,3,71,1.0,16,,0,,,12,ordinary,7,full_coverage_and_all_discovered_cleared,118,3023.081257,,,True,0.03210095898248255
13,0,True,0,0,0,0,0,clustered__adversarial-positive__71,clustered__adversarial-positive,11,2,20,12,147,1.0,,,base,0,0.03172700000000006,12,,1,9,False,,False,,ends,0,0,16,360,0,0,0,0,,19,0,,,125,history_ends16_area7,[],10980.406285647074,0,84.95799588061894,0.0,11,,,251.9234380833333,"[1, 2, 4, 5, 7, 9, 10, 13, 17, 18, 19, 20]",,3,71,1.0,16,,0,,,12,ordinary,7,full_coverage_and_all_discovered_cleared,118,3023.081257,,,True,0.031743875006213784
3,0,True,0,0,0,0,0,clustered__adversarial-negative__67,clustered__adversarial-negative,7,0,11,10,120,1.0,,,base,0,0.015008999999999162,10,,3,4,False,,False,,,,,,,,,0,0,,17,0,,,107,range_area7,[],9965.043675451454,0,60.92459726191062,0.0,7,,,268.2008736,"[4, 5, 7, 8, 9, 10, 14, 15, 18, 19]",,3,67,1.0,9,,0,,,10,ordinary,7,full_coverage_and_all_discovered_cleared,101,2682.008736,,,True,0.015014333999715745
3,0,True,0,0,0,0,0,clustered__adversarial-negative__67,clustered__adversarial-negative,7,0,11,10,120,1.0,,,base,0,0.016197000000000017,10,,3,4,False,,False,,first,0,0,8,70,0,0,0,0,,17,0,,,107,history_first8_area7,[],9965.043675451454,0,60.92459726191062,0.0,7,,,268.2008736,"[4, 5, 7, 8, 9, 10, 14, 15, 18, 19]",,3,67,1.0,9,,0,,,10,ordinary,7,full_coverage_and_all_discovered_cleared,101,2682.008736,,,True,0.01623083295999095
3,0,True,0,0,0,0,0,clustered__adversarial-negative__67,clustered__adversarial-negative,7,0,11,10,120,1.0,,,base,0,0.016359000000000457,10,,3,4,False,,False,,ends,0,0,8,110,0,0,0,0,,17,0,,,107,history_ends8_area7,[],9965.043675451454,0,60.92459726191062,0.0,7,,,268.2008736,"[4, 5, 7, 8, 9, 10, 14, 15, 18, 19]",,3,67,1.0,9,,0,,,10,ordinary,7,full_coverage_and_all_discovered_cleared,101,2682.008736,,,True,0.01636820798739791
3,0,True,0,0,0,0,0,clustered__adversarial-negative__67,clustered__adversarial-negative,7,0,11,10,120,1.0,,,base,0,0.016464000000000034,10,,3,4,False,,False,,ends,0,0,16,110,0,0,0,0,,17,0,,,107,history_ends16_area7,[],9965.043675451454,0,60.92459726191062,0.0,7,,,268.2008736,"[4, 5, 7, 8, 9, 10, 14, 15, 18, 19]",,3,67,1.0,9,,0,,,10,ordinary,7,full_coverage_and_all_discovered_cleared,101,2682.008736,,,True,0.01646812498802319
5,0,True,0,0,0,0,0,clustered__adversarial-negative__68,clustered__adversarial-negative,13,2,18,15,118,1.0,,,base,0,0.0258269999999996,15,,2,5,False,,False,,,,,,,,,0,0,,22,0,,,98,range_area7,[],9360.799066399162,0,97.65624673794413,0.0,13,,,169.277321,"[2, 4, 5, 6, 8, 9, 11, 12, 13, 14, 15, 16, 17, 19, 20]",,3,68,1.0,21,,0,,,15,ordinary,7,full_coverage_and_all_discovered_cleared,93,2539.159815,,,True,0.02584429201669991
5,0,True,0,0,0,0,0,clustered__adversarial-negative__68,clustered__adversarial-negative,13,2,18,15,118,1.0,,,base,0,0.026543000000000205,15,,2,5,False,,False,,first,0,0,8,29,0,0,0,0,,22,0,,,98,history_first8_area7,[],9360.799066399162,0,97.65624673794413,0.0,13,,,169.277321,"[2, 4, 5, 6, 8, 9, 11, 12, 13, 14, 15, 16, 17, 19, 20]",,3,68,1.0,21,,0,,,15,ordinary,7,full_coverage_and_all_discovered_cleared,93,2539.159815,,,True,0.026620417018420994
5,0,True,0,0,0,0,0,clustered__adversarial-negative__68,clustered__adversarial-negative,13,2,18,15,118,1.0,,,base,0,0.02692499999999942,15,,2,5,False,,False,,ends,0,0,8,49,0,0,0,0,,22,0,,,98,history_ends8_area7,[],9360.799066399162,0,97.65624673794413,0.0,13,,,169.277321,"[2, 4, 5, 6, 8, 9, 11, 12, 13, 14, 15, 16, 17, 19, 20]",,3,68,1.0,21,,0,,,15,ordinary,7,full_coverage_and_all_discovered_cleared,93,2539.159815,,,True,0.02697470795828849
5,0,True,0,0,0,0,0,clustered__adversarial-negative__68,clustered__adversarial-negative,13,2,18,15,118,1.0,,,base,0,0.027002000000000415,15,,2,5,False,,False,,ends,0,0,16,49,0,0,0,0,,22,0,,,98,history_ends16_area7,[],9360.799066399162,0,97.65624673794413,0.0,13,,,169.277321,"[2, 4, 5, 6, 8, 9, 11, 12, 13, 14, 15, 16, 17, 19, 20]",,3,68,1.0,21,,0,,,15,ordinary,7,full_coverage_and_all_discovered_cleared,93,2539.159815,,,True,0.027018041990231723
11,0,True,0,0,0,0,0,clustered__adversarial-negative__69,clustered__adversarial-negative,12,0,26,15,185,1.0,,,base,0,0.036296000000000106,15,,3,14,False,,False,,,,,,,,,0,0,,22,0,,,157,range_area7,[],8351.68797902339,0,116.85783169162801,0.0,12,,,180.8225066,"[2, 3, 4, 5, 6, 7, 8, 9, 10, 11, 12, 13, 14, 16, 18]",,3,69,1.0,26,,0,,,15,ordinary,7,full_coverage_and_all_discovered_cleared,149,2712.337599,,,True,0.03631150000728667
11,0,True,0,0,0,0,0,clustered__adversarial-negative__69,clustered__adversarial-negative,12,0,26,15,185,1.0,,,base,0,0.040487000000000606,15,,3,14,False,,False,,first,0,0,8,477,0,0,0,0,,22,0,,,157,history_first8_area7,[],8351.68797902339,0,116.85783169162801,0.0,12,,,180.8225066,"[2, 3, 4, 5, 6, 7, 8, 9, 10, 11, 12, 13, 14, 16, 18]",,3,69,1.0,26,,0,,,15,ordinary,7,full_coverage_and_all_discovered_cleared,149,2712.337599,,,True,0.04049608303466812
11,0,True,0,0,0,0,0,clustered__adversarial-negative__69,clustered__adversarial-negative,12,0,26,15,185,1.0,,,base,0,0.044020999999999866,15,,3,14,False,,False,,ends,0,0,8,815,0,0,0,0,,22,0,,,157,history_ends8_area7,[],8351.68797902339,0,116.85783169162801,0.0,12,,,180.8225066,"[2, 3, 4, 5, 6, 7, 8, 9, 10, 11, 12, 13, 14, 16, 18]",,3,69,1.0,26,,0,,,15,ordinary,7,full_coverage_and_all_discovered_cleared,149,2712.337599,,,True,0.04406095796730369
11,0,True,0,0,0,0,0,clustered__adversarial-negative__69,clustered__adversarial-negative,12,0,26,15,185,1.0,,,base,0,0.0449679999999999,15,,3,14,False,,False,,ends,0,0,16,815,0,0,0,0,,22,0,,,157,history_ends16_area7,[],8351.68797902339,0,116.85783169162801,0.0,12,,,180.8225066,"[2, 3, 4, 5, 6, 7, 8, 9, 10, 11, 12, 13, 14, 16, 18]",,3,69,1.0,26,,0,,,15,ordinary,7,full_coverage_and_all_discovered_cleared,149,2712.337599,,,True,0.04500041698338464
4,0,True,0,0,0,0,0,clustered__adversarial-negative__70,clustered__adversarial-negative,8,0,11,10,124,1.0,,,base,0,0.01997099999999996,10,,2,3,False,,False,,,,,,,,,0,0,,17,0,,,111,range_area7,[],9213.203196171802,0,63.33848645145344,0.0,8,,,255.56406379999999,"[2, 3, 5, 10, 11, 13, 15, 16, 19, 20]",,3,70,1.0,12,,2,,,10,ordinary,7,full_coverage_and_all_discovered_cleared,105,2555.640638,,,True,0.01997054199455306
4,0,True,0,0,0,0,0,clustered__adversarial-negative__70,clustered__adversarial-negative,8,0,11,10,124,1.0,,,base,0,0.02120999999999995,10,,2,3,False,,False,,first,0,0,8,168,0,0,0,0,,17,0,,,111,history_first8_area7,[],9213.203196171802,0,63.33848645145344,0.0,8,,,255.56406379999999,"[2, 3, 5, 10, 11, 13, 15, 16, 19, 20]",,3,70,1.0,12,,2,,,10,ordinary,7,full_coverage_and_all_discovered_cleared,105,2555.640638,,,True,0.021219041023869067
4,0,True,0,0,0,0,0,clustered__adversarial-negative__70,clustered__adversarial-negative,8,0,11,10,124,1.0,,,base,0,0.022078999999999738,10,,2,3,False,,False,,ends,0,0,8,224,0,0,0,0,,17,0,,,111,history_ends8_area7,[],9213.203196171802,0,63.33848645145344,0.0,8,,,255.56406379999999,"[2, 3, 5, 10, 11, 13, 15, 16, 19, 20]",,3,70,1.0,12,,2,,,10,ordinary,7,full_coverage_and_all_discovered_cleared,105,2555.640638,,,True,0.02211537497350946
4,0,True,0,0,0,0,0,clustered__adversarial-negative__70,clustered__adversarial-negative,8,0,11,10,124,1.0,,,base,0,0.022187000000000623,10,,2,3,False,,False,,ends,0,0,16,264,0,0,0,0,,17,0,,,111,history_ends16_area7,[],9213.203196171802,0,63.33848645145344,0.0,8,,,255.56406379999999,"[2, 3, 5, 10, 11, 13, 15, 16, 19, 20]",,3,70,1.0,12,,2,,,10,ordinary,7,full_coverage_and_all_discovered_cleared,105,2555.640638,,,True,0.02220424998085946
15,0,True,0,0,0,0,0,clustered__adversarial-negative__71,clustered__adversarial-negative,12,2,22,12,159,1.0,,,base,0,0.026683000000000234,12,,0,10,False,,False,,,,,,,,,0,0,,19,0,,,135,range_area7,[],10939.412481530444,0,84.49527546184052,0.0,12,,,256.490208,"[1, 2, 4, 5, 7, 9, 10, 13, 17, 18, 19, 20]",,3,71,1.0,24,,0,,,12,ordinary,7,full_coverage_and_all_discovered_cleared,125,3077.882496,,,True,0.026699209003709257
15,0,True,0,0,0,0,0,clustered__adversarial-negative__71,clustered__adversarial-negative,12,2,22,12,159,1.0,,,base,0,0.03049400000000002,12,,0,10,False,,False,,first,0,0,8,339,0,0,0,0,,19,0,,,135,history_first8_area7,[],10939.412481530444,0,84.49527546184052,0.0,12,,,256.490208,"[1, 2, 4, 5, 7, 9, 10, 13, 17, 18, 19, 20]",,3,71,1.0,24,,0,,,12,ordinary,7,full_coverage_and_all_discovered_cleared,125,3077.882496,,,True,0.03053279098821804
15,0,True,0,0,0,0,0,clustered__adversarial-negative__71,clustered__adversarial-negative,12,2,22,12,159,1.0,,,base,0,0.03294499999999978,12,,0,10,False,,False,,ends,0,0,8,518,0,0,0,0,,19,0,,,135,history_ends8_area7,[],10939.412481530444,0,84.49527546184052,0.0,12,,,256.490208,"[1, 2, 4, 5, 7, 9, 10, 13, 17, 18, 19, 20]",,3,71,1.0,24,,0,,,12,ordinary,7,full_coverage_and_all_discovered_cleared,125,3077.882496,,,True,0.03296916600083932
15,0,True,0,0,0,0,0,clustered__adversarial-negative__71,clustered__adversarial-negative,12,2,22,12,159,1.0,,,base,0,0.03325900000000015,12,,0,10,False,,False,,ends,0,0,16,574,0,0,0,0,,19,0,,,135,history_ends16_area7,[],10939.412481530444,0,84.49527546184052,0.0,12,,,256.490208,"[1, 2, 4, 5, 7, 9, 10, 13, 17, 18, 19, 20]",,3,71,1.0,24,,0,,,12,ordinary,7,full_coverage_and_all_discovered_cleared,125,3077.882496,,,True,0.03334825002821162
7,0,True,0,0,0,0,0,clustered__adversarial-spatial__67,clustered__adversarial-spatial,7,0,14,10,131,1.0,,,base,0,0.019146000000000107,10,,3,7,False,,False,,,,,,,,,0,0,,17,0,,,115,range_area7,[],10145.192096603949,0,77.14444904173412,0.0,7,,,277.4038421,"[4, 5, 7, 8, 9, 10, 14, 15, 18, 19]",,3,67,1.0,13,,0,,,10,ordinary,7,full_coverage_and_all_discovered_cleared,108,2774.038421,,,True,0.019145541999023408
7,0,True,0,0,0,0,0,clustered__adversarial-spatial__67,clustered__adversarial-spatial,7,0,14,10,131,1.0,,,base,0,0.019879999999999676,10,,3,7,False,,False,,first,0,0,8,100,0,0,0,0,,17,0,,,115,history_first8_area7,[],10145.192096603949,0,77.14444904173412,0.0,7,,,277.4038421,"[4, 5, 7, 8, 9, 10, 14, 15, 18, 19]",,3,67,1.0,13,,0,,,10,ordinary,7,full_coverage_and_all_discovered_cleared,108,2774.038421,,,True,0.019926165987271816
7,0,True,0,0,0,0,0,clustered__adversarial-spatial__67,clustered__adversarial-spatial,7,0,14,10,131,1.0,,,base,0,0.020841000000000776,10,,3,7,False,,False,,ends,0,0,8,170,0,0,0,0,,17,0,,,115,history_ends8_area7,[],10145.192096603949,0,77.14444904173412,0.0,7,,,277.4038421,"[4, 5, 7, 8, 9, 10, 14, 15, 18, 19]",,3,67,1.0,13,,0,,,10,ordinary,7,full_coverage_and_all_discovered_cleared,108,2774.038421,,,True,0.02085441700182855
7,0,True,0,0,0,0,0,clustered__adversarial-spatial__67,clustered__adversarial-spatial,7,0,14,10,131,1.0,,,base,0,0.020932000000000173,10,,3,7,False,,False,,ends,0,0,16,170,0,0,0,0,,17,0,,,115,history_ends16_area7,[],10145.192096603949,0,77.14444904173412,0.0,7,,,277.4038421,"[4, 5, 7, 8, 9, 10, 14, 15, 18, 19]",,3,67,1.0,13,,0,,,10,ordinary,7,full_coverage_and_all_discovered_cleared,108,2774.038421,,,True,0.020945917000062764
8,0,True,0,0,0,0,0,clustered__adversarial-spatial__68,clustered__adversarial-spatial,15,2,20,15,122,1.0,,,base,0,0.027573999999999543,15,,0,5,False,,False,,,,,,,,,0,0,,22,0,,,100,range_area7,[],9372.146113884337,0,136.80571197886508,0.0,15,,,170.628615,"[2, 4, 5, 6, 8, 9, 11, 12, 13, 14, 15, 16, 17, 19, 20]",,3,68,1.0,20,,0,,,15,ordinary,7,full_coverage_and_all_discovered_cleared,95,2559.429225,,,True,0.02757695800391957
8,0,True,0,0,0,0,0,clustered__adversarial-spatial__68,clustered__adversarial-spatial,15,2,20,15,122,1.0,,,base,0,0.0281179999999992,15,,0,5,False,,False,,first,0,0,8,30,0,0,0,0,,22,0,,,100,history_first8_area7,[],9372.146113884337,0,136.80571197886508,0.0,15,,,170.628615,"[2, 4, 5, 6, 8, 9, 11, 12, 13, 14, 15, 16, 17, 19, 20]",,3,68,1.0,20,,0,,,15,ordinary,7,full_coverage_and_all_discovered_cleared,95,2559.429225,,,True,0.028124667005613446
8,0,True,0,0,0,0,0,clustered__adversarial-spatial__68,clustered__adversarial-spatial,15,2,20,15,122,1.0,,,base,0,0.02798999999999907,15,,0,5,False,,False,,ends,0,0,8,51,0,0,0,0,,22,0,,,100,history_ends8_area7,[],9372.146113884337,0,136.80571197886508,0.0,15,,,170.628615,"[2, 4, 5, 6, 8, 9, 11, 12, 13, 14, 15, 16, 17, 19, 20]",,3,68,1.0,20,,0,,,15,ordinary,7,full_coverage_and_all_discovered_cleared,95,2559.429225,,,True,0.028020375000778586
8,0,True,0,0,0,0,0,clustered__adversarial-spatial__68,clustered__adversarial-spatial,15,2,20,15,122,1.0,,,base,0,0.027880999999998934,15,,0,5,False,,False,,ends,0,0,16,51,0,0,0,0,,22,0,,,100,history_ends16_area7,[],9372.146113884337,0,136.80571197886508,0.0,15,,,170.628615,"[2, 4, 5, 6, 8, 9, 11, 12, 13, 14, 15, 16, 17, 19, 20]",,3,68,1.0,20,,0,,,15,ordinary,7,full_coverage_and_all_discovered_cleared,95,2559.429225,,,True,0.02789545798441395
8,0,True,0,0,0,0,0,clustered__adversarial-spatial__69,clustered__adversarial-spatial,12,0,22,15,157,1.0,,,base,0,0.02850300000000061,15,,3,10,False,,False,,,,,,,,,0,0,,22,0,,,133,range_area7,[],8586.925244501368,0,129.00845904561743,0.0,12,,,173.7590034,"[2, 3, 4, 5, 6, 7, 8, 9, 10, 11, 12, 13, 14, 16, 18]",,3,69,1.0,10,,0,,,15,ordinary,7,full_coverage_and_all_discovered_cleared,128,2606.385051,,,True,0.028522958047688007
8,0,True,0,0,0,0,0,clustered__adversarial-spatial__69,clustered__adversarial-spatial,12,0,22,15,157,1.0,,,base,0,0.03082200000000057,15,,3,10,False,,False,,first,0,0,8,219,0,0,0,0,,22,0,,,133,history_first8_area7,[],8586.925244501368,0,129.00845904561743,0.0,12,,,173.7590034,"[2, 3, 4, 5, 6, 7, 8, 9, 10, 11, 12, 13, 14, 16, 18]",,3,69,1.0,10,,0,,,15,ordinary,7,full_coverage_and_all_discovered_cleared,128,2606.385051,,,True,0.030827125010546297
8,0,True,0,0,0,0,0,clustered__adversarial-spatial__69,clustered__adversarial-spatial,12,0,22,15,157,1.0,,,base,0,0.03247599999999906,15,,3,10,False,,False,,ends,0,0,8,354,0,0,0,0,,22,0,,,133,history_ends8_area7,[],8586.925244501368,0,129.00845904561743,0.0,12,,,173.7590034,"[2, 3, 4, 5, 6, 7, 8, 9, 10, 11, 12, 13, 14, 16, 18]",,3,69,1.0,10,,0,,,15,ordinary,7,full_coverage_and_all_discovered_cleared,128,2606.385051,,,True,0.03248308302136138
8,0,True,0,0,0,0,0,clustered__adversarial-spatial__69,clustered__adversarial-spatial,12,0,22,15,157,1.0,,,base,0,0.03252699999999997,15,,3,10,False,,False,,ends,0,0,16,354,0,0,0,0,,22,0,,,133,history_ends16_area7,[],8586.925244501368,0,129.00845904561743,0.0,12,,,173.7590034,"[2, 3, 4, 5, 6, 7, 8, 9, 10, 11, 12, 13, 14, 16, 18]",,3,69,1.0,10,,0,,,15,ordinary,7,full_coverage_and_all_discovered_cleared,128,2606.385051,,,True,0.03258487500716001
5,0,True,0,0,0,0,0,clustered__adversarial-spatial__70,clustered__adversarial-spatial,9,0,12,10,128,1.0,,,base,0,0.021231999999999474,10,,1,3,False,,False,,,,,,,,,0,0,,17,0,,,114,range_area7,[],9294.173272393748,0,98.50546171369675,0.0,9,,,259.3834655,"[2, 3, 5, 10, 11, 13, 15, 16, 19, 20]",,3,70,1.0,15,,3,,,10,ordinary,7,full_coverage_and_all_discovered_cleared,109,2593.834655,,,True,0.021234999992884696
5,0,True,0,0,0,0,0,clustered__adversarial-spatial__70,clustered__adversarial-spatial,9,0,12,10,128,1.0,,,base,0,0.02319999999999922,10,,1,3,False,,False,,first,0,0,8,168,0,0,0,0,,17,0,,,114,history_first8_area7,[],9294.173272393748,0,98.50546171369675,0.0,9,,,259.3834655,"[2, 3, 5, 10, 11, 13, 15, 16, 19, 20]",,3,70,1.0,15,,3,,,10,ordinary,7,full_coverage_and_all_discovered_cleared,109,2593.834655,,,True,0.023211500025354326
5,0,True,0,0,0,0,0,clustered__adversarial-spatial__70,clustered__adversarial-spatial,9,0,12,10,128,1.0,,,base,0,0.024181999999999704,10,,1,3,False,,False,,ends,0,0,8,224,0,0,0,0,,17,0,,,114,history_ends8_area7,[],9294.173272393748,0,98.50546171369675,0.0,9,,,259.3834655,"[2, 3, 5, 10, 11, 13, 15, 16, 19, 20]",,3,70,1.0,15,,3,,,10,ordinary,7,full_coverage_and_all_discovered_cleared,109,2593.834655,,,True,0.024189374991692603
5,0,True,0,0,0,0,0,clustered__adversarial-spatial__70,clustered__adversarial-spatial,9,0,12,10,128,1.0,,,base,0,0.0247320000000002,10,,1,3,False,,False,,ends,0,0,16,264,0,0,0,0,,17,0,,,114,history_ends16_area7,[],9294.173272393748,0,98.50546171369675,0.0,9,,,259.3834655,"[2, 3, 5, 10, 11, 13, 15, 16, 19, 20]",,3,70,1.0,15,,3,,,10,ordinary,7,full_coverage_and_all_discovered_cleared,109,2593.834655,,,True,0.024735417042393237
6,0,True,0,0,0,0,0,clustered__adversarial-spatial__71,clustered__adversarial-spatial,12,0,15,12,128,1.0,,,base,0,0.021936000000000178,12,,0,3,False,,False,,,,,,,,,0,0,,19,0,,,111,range_area7,[],8995.036825122406,0,146.1121111514177,0.0,12,,,210.25061374999999,"[1, 2, 4, 5, 7, 9, 10, 13, 17, 18, 19, 20]",,3,71,1.0,21,,3,,,12,ordinary,7,full_coverage_and_all_discovered_cleared,100,2523.007365,,,True,0.02194712497293949
6,0,True,0,0,0,0,0,clustered__adversarial-spatial__71,clustered__adversarial-spatial,12,0,15,12,128,1.0,,,base,0,0.023884999999999934,12,,0,3,False,,False,,first,0,0,8,189,0,0,0,0,,19,0,,,111,history_first8_area7,[],8995.036825122406,0,146.1121111514177,0.0,12,,,210.25061374999999,"[1, 2, 4, 5, 7, 9, 10, 13, 17, 18, 19, 20]",,3,71,1.0,21,,3,,,12,ordinary,7,full_coverage_and_all_discovered_cleared,100,2523.007365,,,True,0.023937666963320225
6,0,True,0,0,0,0,0,clustered__adversarial-spatial__71,clustered__adversarial-spatial,12,0,15,12,128,1.0,,,base,0,0.02502799999999894,12,,0,3,False,,False,,ends,0,0,8,284,0,0,0,0,,19,0,,,111,history_ends8_area7,[],8995.036825122406,0,146.1121111514177,0.0,12,,,210.25061374999999,"[1, 2, 4, 5, 7, 9, 10, 13, 17, 18, 19, 20]",,3,71,1.0,21,,3,,,12,ordinary,7,full_coverage_and_all_discovered_cleared,100,2523.007365,,,True,0.025031041994225234
6,0,True,0,0,0,0,0,clustered__adversarial-spatial__71,clustered__adversarial-spatial,12,0,15,12,128,1.0,,,base,0,0.025298000000001153,12,,0,3,False,,False,,ends,0,0,16,284,0,0,0,0,,19,0,,,111,history_ends16_area7,[],8995.036825122406,0,146.1121111514177,0.0,12,,,210.25061374999999,"[1, 2, 4, 5, 7, 9, 10, 13, 17, 18, 19, 20]",,3,71,1.0,21,,3,,,12,ordinary,7,full_coverage_and_all_discovered_cleared,100,2523.007365,,,True,0.025310708035249263
22,0,True,0,0,0,0,0,boundary_min__n10__positive,boundary_min,10,0,20,10,168,1.0,,,base,0,0.026963999999999544,10,,0,10,False,,False,,,,,,,,,0,0,,17,0,,,146,range_area7,[],17223.522301845136,0,91.05337512648231,0.0,10,,,438.5704463,"[2, 6, 13, 14, 15, 16, 17, 18, 19, 20]",,3,242,1.0,9,,0,,,10,stress,7,full_coverage_and_all_discovered_cleared,131,4385.704463,,,True,0.026997292006853968
22,0,True,0,0,0,0,0,boundary_min__n10__positive,boundary_min,10,0,20,10,168,1.0,,,base,0,0.030063000000000173,10,,0,10,False,,False,,first,0,0,8,380,0,0,0,0,,17,0,,,146,history_first8_area7,[],17223.522301845136,0,91.05337512648231,0.0,10,,,438.5704463,"[2, 6, 13, 14, 15, 16, 17, 18, 19, 20]",,3,242,1.0,9,,0,,,10,stress,7,full_coverage_and_all_discovered_cleared,131,4385.704463,,,True,0.030099041992798448
22,0,True,0,0,0,0,0,boundary_min__n10__positive,boundary_min,10,0,20,10,168,1.0,,,base,0,0.0331949999999992,10,,0,10,False,,False,,ends,0,0,8,596,0,0,0,0,,17,0,,,146,history_ends8_area7,[],17223.522301845136,0,91.05337512648231,0.0,10,,,438.5704463,"[2, 6, 13, 14, 15, 16, 17, 18, 19, 20]",,3,242,1.0,9,,0,,,10,stress,7,full_coverage_and_all_discovered_cleared,131,4385.704463,,,True,0.03324862499721348
22,0,True,0,0,0,0,0,boundary_min__n10__positive,boundary_min,10,0,20,10,168,1.0,,,base,0,0.03355200000000025,10,,0,10,False,,False,,ends,0,0,16,596,0,0,0,0,,17,0,,,146,history_ends16_area7,[],17223.522301845136,0,91.05337512648231,0.0,10,,,438.5704463,"[2, 6, 13, 14, 15, 16, 17, 18, 19, 20]",,3,242,1.0,9,,0,,,10,stress,7,full_coverage_and_all_discovered_cleared,131,4385.704463,,,True,0.03357654099818319
18,0,True,0,0,0,0,0,boundary_min__n10__negative,boundary_min,10,0,18,10,163,1.0,,,base,0,0.023665000000001157,10,,0,8,False,,False,,,,,,,,,0,0,,17,0,,,143,range_area7,[],17183.640130266478,0,69.04815703738737,0.0,10,,,435.67280280000006,"[2, 6, 13, 14, 15, 16, 17, 18, 19, 20]",,3,243,1.0,10,,0,,,10,stress,7,full_coverage_and_all_discovered_cleared,131,4356.728028,,,True,0.023665209009777755
18,0,True,0,0,0,0,0,boundary_min__n10__negative,boundary_min,10,0,18,10,163,1.0,,,base,0,0.026514999999999844,10,,0,8,False,,False,,first,0,0,8,395,0,0,0,0,,17,0,,,143,history_first8_area7,[],17183.640130266478,0,69.04815703738737,0.0,10,,,435.67280280000006,"[2, 6, 13, 14, 15, 16, 17, 18, 19, 20]",,3,243,1.0,10,,0,,,10,stress,7,full_coverage_and_all_discovered_cleared,131,4356.728028,,,True,0.026514999975915998
18,0,True,0,0,0,0,0,boundary_min__n10__negative,boundary_min,10,0,18,10,163,1.0,,,base,0,0.029645999999999617,10,,0,8,False,,False,,ends,0,0,8,598,0,0,0,0,,17,0,,,143,history_ends8_area7,[],17183.640130266478,0,69.04815703738737,0.0,10,,,435.67280280000006,"[2, 6, 13, 14, 15, 16, 17, 18, 19, 20]",,3,243,1.0,10,,0,,,10,stress,7,full_coverage_and_all_discovered_cleared,131,4356.728028,,,True,0.029653624980710447
18,0,True,0,0,0,0,0,boundary_min__n10__negative,boundary_min,10,0,18,10,163,1.0,,,base,0,0.030186999999999742,10,,0,8,False,,False,,ends,0,0,16,654,0,0,0,0,,17,0,,,143,history_ends16_area7,[],17183.640130266478,0,69.04815703738737,0.0,10,,,435.67280280000006,"[2, 6, 13, 14, 15, 16, 17, 18, 19, 20]",,3,243,1.0,10,,0,,,10,stress,7,full_coverage_and_all_discovered_cleared,131,4356.728028,,,True,0.0302055420470424
18,0,True,0,0,0,0,0,boundary_min__n10__spatial,boundary_min,10,0,17,10,160,1.0,,,base,0,0.024195999999999884,10,,0,7,False,,False,,,,,,,,,0,0,,17,0,,,141,range_area7,[],17209.82737122045,0,107.25357370587147,0.0,10,,,434.5965476,"[2, 6, 13, 14, 15, 16, 17, 18, 19, 20]",,3,244,1.0,8,,0,,,10,stress,7,full_coverage_and_all_discovered_cleared,128,4345.965476,,,True,0.02422479196684435
18,0,True,0,0,0,0,0,boundary_min__n10__spatial,boundary_min,10,0,17,10,160,1.0,,,base,0,0.0270930000000007,10,,0,7,False,,False,,first,0,0,8,329,0,0,0,0,,17,0,,,141,history_first8_area7,[],17209.82737122045,0,107.25357370587147,0.0,10,,,434.5965476,"[2, 6, 13, 14, 15, 16, 17, 18, 19, 20]",,3,244,1.0,8,,0,,,10,stress,7,full_coverage_and_all_discovered_cleared,128,4345.965476,,,True,0.027100082952529192
18,0,True,0,0,0,0,0,boundary_min__n10__spatial,boundary_min,10,0,17,10,160,1.0,,,base,0,0.030127000000000237,10,,0,7,False,,False,,ends,0,0,8,515,0,0,0,0,,17,0,,,141,history_ends8_area7,[],17209.82737122045,0,107.25357370587147,0.0,10,,,434.5965476,"[2, 6, 13, 14, 15, 16, 17, 18, 19, 20]",,3,244,1.0,8,,0,,,10,stress,7,full_coverage_and_all_discovered_cleared,128,4345.965476,,,True,0.03013233299134299
18,0,True,0,0,0,0,0,boundary_min__n10__spatial,boundary_min,10,0,17,10,160,1.0,,,base,0,0.0300180000000001,10,,0,7,False,,False,,ends,0,0,16,515,0,0,0,0,,17,0,,,141,history_ends16_area7,[],17209.82737122045,0,107.25357370587147,0.0,10,,,434.5965476,"[2, 6, 13, 14, 15, 16, 17, 18, 19, 20]",,3,244,1.0,8,,0,,,10,stress,7,full_coverage_and_all_discovered_cleared,128,4345.965476,,,True,0.030024500039871782
16,0,True,0,0,0,0,0,boundary_min__n16__positive,boundary_min,11,0,26,16,163,1.0,,,base,0,0.02747999999999884,16,,5,15,False,,False,,,,,,,,,0,0,,23,0,,,135,range_area7,[],18842.882165616586,0,78.13788411083866,0.0,11,,,292.411026875,"[1, 2, 3, 5, 6, 7, 9, 10, 11, 12, 13, 14, 16, 18, 19, 20]",,3,245,1.0,22,,0,,,16,stress,7,public_upper_bound_16,125,4678.57643,,,True,0.02752862503984943
16,0,True,0,0,0,0,0,boundary_min__n16__positive,boundary_min,11,0,26,16,163,1.0,,,base,0,0.03138500000000022,16,,5,15,False,,False,,first,0,0,8,401,0,0,0,0,,23,0,,,135,history_first8_area7,[],18842.882165616586,0,78.13788411083866,0.0,11,,,292.411026875,"[1, 2, 3, 5, 6, 7, 9, 10, 11, 12, 13, 14, 16, 18, 19, 20]",,3,245,1.0,22,,0,,,16,stress,7,public_upper_bound_16,125,4678.57643,,,True,0.031393000041134655
16,0,True,0,0,0,0,0,boundary_min__n16__positive,boundary_min,11,0,26,16,163,1.0,,,base,0,0.034281000000000006,16,,5,15,False,,False,,ends,0,0,8,594,0,0,0,0,,23,0,,,135,history_ends8_area7,[],18842.882165616586,0,78.13788411083866,0.0,11,,,292.411026875,"[1, 2, 3, 5, 6, 7, 9, 10, 11, 12, 13, 14, 16, 18, 19, 20]",,3,245,1.0,22,,0,,,16,stress,7,public_upper_bound_16,125,4678.57643,,,True,0.03428904199972749
16,0,True,0,0,0,0,0,boundary_min__n16__positive,boundary_min,11,0,26,16,163,1.0,,,base,0,0.033516000000000545,16,,5,15,False,,False,,ends,0,0,16,594,0,0,0,0,,23,0,,,135,history_ends16_area7,[],18842.882165616586,0,78.13788411083866,0.0,11,,,292.411026875,"[1, 2, 3, 5, 6, 7, 9, 10, 11, 12, 13, 14, 16, 18, 19, 20]",,3,245,1.0,22,,0,,,16,stress,7,public_upper_bound_16,125,4678.57643,,,True,0.03352383297169581
17,0,True,0,0,0,0,0,boundary_min__n16__negative,boundary_min,12,0,24,16,163,1.0,,,base,0,0.031017000000000294,16,,4,12,False,,False,,,,,,,,,0,0,,23,0,,,137,range_area7,[],18950.724990265524,0,96.03611370364278,0.0,12,,,294.0090623125,"[1, 2, 3, 5, 6, 7, 9, 10, 11, 12, 13, 14, 16, 18, 19, 20]",,3,246,1.0,23,,0,,,16,stress,7,public_upper_bound_16,125,4704.144997,,,True,0.031018542009405792
17,0,True,0,0,0,0,0,boundary_min__n16__negative,boundary_min,12,0,24,16,163,1.0,,,base,0,0.03490799999999972,16,,4,12,False,,False,,first,0,0,8,418,0,0,0,0,,23,0,,,137,history_first8_area7,[],18950.724990265524,0,96.03611370364278,0.0,12,,,294.0090623125,"[1, 2, 3, 5, 6, 7, 9, 10, 11, 12, 13, 14, 16, 18, 19, 20]",,3,246,1.0,23,,0,,,16,stress,7,public_upper_bound_16,125,4704.144997,,,True,0.034943750011734664
17,0,True,0,0,0,0,0,boundary_min__n16__negative,boundary_min,12,0,24,16,163,1.0,,,base,0,0.0376530000000006,16,,4,12,False,,False,,ends,0,0,8,618,0,0,0,0,,23,0,,,137,history_ends8_area7,[],18950.724990265524,0,96.03611370364278,0.0,12,,,294.0090623125,"[1, 2, 3, 5, 6, 7, 9, 10, 11, 12, 13, 14, 16, 18, 19, 20]",,3,246,1.0,23,,0,,,16,stress,7,public_upper_bound_16,125,4704.144997,,,True,0.03768125001806766
17,0,True,0,0,0,0,0,boundary_min__n16__negative,boundary_min,12,0,24,16,163,1.0,,,base,0,0.03780300000000025,16,,4,12,False,,False,,ends,0,0,16,618,0,0,0,0,,23,0,,,137,history_ends16_area7,[],18950.724990265524,0,96.03611370364278,0.0,12,,,294.0090623125,"[1, 2, 3, 5, 6, 7, 9, 10, 11, 12, 13, 14, 16, 18, 19, 20]",,3,246,1.0,23,,0,,,16,stress,7,public_upper_bound_16,125,4704.144997,,,True,0.03783654194558039
16,0,True,0,0,0,0,0,boundary_min__n16__spatial,boundary_min,14,0,24,16,160,1.0,,,base,0,0.029303999999999775,16,,2,10,False,,False,,,,,,,,,0,0,,23,0,,,134,range_area7,[],18890.778740534148,0,171.08333705979226,0.0,14,,,292.3222343125,"[1, 2, 3, 5, 6, 7, 9, 10, 11, 12, 13, 14, 16, 18, 19, 20]",,3,247,1.0,21,,0,,,16,stress,7,public_upper_bound_16,125,4677.155749,,,True,0.029314540966879576
16,0,True,0,0,0,0,0,boundary_min__n16__spatial,boundary_min,14,0,24,16,160,1.0,,,base,0,0.032864000000000004,16,,2,10,False,,False,,first,0,0,8,335,0,0,0,0,,23,0,,,134,history_first8_area7,[],18890.778740534148,0,171.08333705979226,0.0,14,,,292.3222343125,"[1, 2, 3, 5, 6, 7, 9, 10, 11, 12, 13, 14, 16, 18, 19, 20]",,3,247,1.0,21,,0,,,16,stress,7,public_upper_bound_16,125,4677.155749,,,True,0.032934208982624114
16,0,True,0,0,0,0,0,boundary_min__n16__spatial,boundary_min,14,0,24,16,160,1.0,,,base,0,0.033818000000000126,16,,2,10,False,,False,,ends,0,0,8,490,0,0,0,0,,23,0,,,134,history_ends8_area7,[],18890.778740534148,0,171.08333705979226,0.0,14,,,292.3222343125,"[1, 2, 3, 5, 6, 7, 9, 10, 11, 12, 13, 14, 16, 18, 19, 20]",,3,247,1.0,21,,0,,,16,stress,7,public_upper_bound_16,125,4677.155749,,,True,0.033848749997559935
16,0,True,0,0,0,0,0,boundary_min__n16__spatial,boundary_min,14,0,24,16,160,1.0,,,base,0,0.033997000000001165,16,,2,10,False,,False,,ends,0,0,16,490,0,0,0,0,,23,0,,,134,history_ends16_area7,[],18890.778740534148,0,171.08333705979226,0.0,14,,,292.3222343125,"[1, 2, 3, 5, 6, 7, 9, 10, 11, 12, 13, 14, 16, 18, 19, 20]",,3,247,1.0,21,,0,,,16,stress,7,public_upper_bound_16,125,4677.155749,,,True,0.03403545799665153
8,0,True,0,0,0,0,0,near_collinear_min__n10__positive,near_collinear_min,7,0,14,10,135,1.0,,,base,0,0.018857000000000568,10,,3,7,False,,False,,,,,,,,,0,0,,17,0,,,119,range_area7,[],13301.486813087642,0,89.88031749056242,0.0,7,,,343.0297364,"[4, 6, 10, 12, 14, 15, 16, 17, 18, 20]",,3,248,1.0,2,,0,,,10,stress,7,full_coverage_and_all_discovered_cleared,113,3430.297364,,,True,0.018881249998230487
8,0,True,0,0,0,0,0,near_collinear_min__n10__positive,near_collinear_min,7,0,14,10,135,1.0,,,base,0,0.02043600000000012,10,,3,7,False,,False,,first,0,0,8,74,0,0,0,0,,17,0,,,119,history_first8_area7,[],13301.486813087642,0,89.88031749056242,0.0,7,,,343.0297364,"[4, 6, 10, 12, 14, 15, 16, 17, 18, 20]",,3,248,1.0,2,,0,,,10,stress,7,full_coverage_and_all_discovered_cleared,113,3430.297364,,,True,0.020468749979045242
8,0,True,0,0,0,0,0,near_collinear_min__n10__positive,near_collinear_min,7,0,14,10,135,1.0,,,base,0,0.021097999999998507,10,,3,7,False,,False,,ends,0,0,8,114,0,0,0,0,,17,0,,,119,history_ends8_area7,[],13301.486813087642,0,89.88031749056242,0.0,7,,,343.0297364,"[4, 6, 10, 12, 14, 15, 16, 17, 18, 20]",,3,248,1.0,2,,0,,,10,stress,7,full_coverage_and_all_discovered_cleared,113,3430.297364,,,True,0.0210980839910917
8,0,True,0,0,0,0,0,near_collinear_min__n10__positive,near_collinear_min,7,0,14,10,135,1.0,,,base,0,0.020545000000000258,10,,3,7,False,,False,,ends,0,0,16,114,0,0,0,0,,17,0,,,119,history_ends16_area7,[],13301.486813087642,0,89.88031749056242,0.0,7,,,343.0297364,"[4, 6, 10, 12, 14, 15, 16, 17, 18, 20]",,3,248,1.0,2,,0,,,10,stress,7,full_coverage_and_all_discovered_cleared,113,3430.297364,,,True,0.020654332998674363
9,0,True,0,0,0,0,0,near_collinear_min__n10__negative,near_collinear_min,8,0,15,10,133,1.0,,,base,0,0.018924000000000163,10,,2,7,False,,False,,,,,,,,,0,0,,17,0,,,116,range_area7,[],11594.878696216028,0,77.351587588916,0.0,8,,,307.39757410000004,"[4, 6, 10, 12, 14, 15, 16, 17, 18, 20]",,3,249,1.0,4,,0,,,10,stress,7,full_coverage_and_all_discovered_cleared,110,3073.975741,,,True,0.01895399997010827
9,0,True,0,0,0,0,0,near_collinear_min__n10__negative,near_collinear_min,8,0,15,10,133,1.0,,,base,0,0.020023999999999376,10,,2,7,False,,False,,first,0,0,8,57,0,0,0,0,,17,0,,,116,history_first8_area7,[],11594.878696216028,0,77.351587588916,0.0,8,,,307.39757410000004,"[4, 6, 10, 12, 14, 15, 16, 17, 18, 20]",,3,249,1.0,4,,0,,,10,stress,7,full_coverage_and_all_discovered_cleared,110,3073.975741,,,True,0.02006187499500811
9,0,True,0,0,0,0,0,near_collinear_min__n10__negative,near_collinear_min,8,0,15,10,133,1.0,,,base,0,0.0202429999999989,10,,2,7,False,,False,,ends,0,0,8,90,0,0,0,0,,17,0,,,116,history_ends8_area7,[],11594.878696216028,0,77.351587588916,0.0,8,,,307.39757410000004,"[4, 6, 10, 12, 14, 15, 16, 17, 18, 20]",,3,249,1.0,4,,0,,,10,stress,7,full_coverage_and_all_discovered_cleared,110,3073.975741,,,True,0.0202755419886671
9,0,True,0,0,0,0,0,near_collinear_min__n10__negative,near_collinear_min,8,0,15,10,133,1.0,,,base,0,0.020082000000000377,10,,2,7,False,,False,,ends,0,0,16,90,0,0,0,0,,17,0,,,116,history_ends16_area7,[],11594.878696216028,0,77.351587588916,0.0,8,,,307.39757410000004,"[4, 6, 10, 12, 14, 15, 16, 17, 18, 20]",,3,249,1.0,4,,0,,,10,stress,7,full_coverage_and_all_discovered_cleared,110,3073.975741,,,True,0.0200822499464266
10,0,True,0,0,0,0,0,near_collinear_min__n10__spatial,near_collinear_min,8,0,17,10,146,1.0,,,base,0,0.020030999999999466,10,,2,9,False,,False,,,,,,,,,0,0,,17,0,,,127,range_area7,[],11825.774325475111,0,85.07322844594901,0.0,8,,,318.8154867,"[4, 6, 10, 12, 14, 15, 16, 17, 18, 20]",,3,250,1.0,12,,0,,,10,stress,7,full_coverage_and_all_discovered_cleared,117,3188.154867,,,True,0.020043708034791052
10,0,True,0,0,0,0,0,near_collinear_min__n10__spatial,near_collinear_min,8,0,17,10,146,1.0,,,base,0,0.02209099999999964,10,,2,9,False,,False,,first,0,0,8,153,0,0,0,0,,17,0,,,127,history_first8_area7,[],11825.774325475111,0,85.07322844594901,0.0,8,,,318.8154867,"[4, 6, 10, 12, 14, 15, 16, 17, 18, 20]",,3,250,1.0,12,,0,,,10,stress,7,full_coverage_and_all_discovered_cleared,117,3188.154867,,,True,0.02209049998782575
10,0,True,0,0,0,0,0,near_collinear_min__n10__spatial,near_collinear_min,8,0,17,10,146,1.0,,,base,0,0.022831000000000046,10,,2,9,False,,False,,ends,0,0,8,237,0,0,0,0,,17,0,,,127,history_ends8_area7,[],11825.774325475111,0,85.07322844594901,0.0,8,,,318.8154867,"[4, 6, 10, 12, 14, 15, 16, 17, 18, 20]",,3,250,1.0,12,,0,,,10,stress,7,full_coverage_and_all_discovered_cleared,117,3188.154867,,,True,0.022900457959622145
10,0,True,0,0,0,0,0,near_collinear_min__n10__spatial,near_collinear_min,8,0,17,10,146,1.0,,,base,0,0.022908999999998514,10,,2,9,False,,False,,ends,0,0,16,237,0,0,0,0,,17,0,,,127,history_ends16_area7,[],11825.774325475111,0,85.07322844594901,0.0,8,,,318.8154867,"[4, 6, 10, 12, 14, 15, 16, 17, 18, 20]",,3,250,1.0,12,,0,,,10,stress,7,full_coverage_and_all_discovered_cleared,117,3188.154867,,,True,0.022946582990698516
8,0,True,0,0,0,0,0,near_collinear_min__n16__positive,near_collinear_min,12,0,20,16,116,1.0,,,base,0,0.026204999999999146,16,,4,8,False,,False,,,,,,,,,0,0,,21,2,,,94,range_area7,[],9702.395095882584,0,113.40009602987374,0.0,12,,,161.9674385625,"[1, 2, 3, 5, 7, 8, 11, 12, 13, 14, 15, 16, 17, 18, 19, 20]",,3,251,1.0,10,,0,,,16,stress,5,public_upper_bound_16,89,2591.479017,,,True,0.026225624955259264
8,0,True,0,0,0,0,0,near_collinear_min__n16__positive,near_collinear_min,12,0,20,16,116,1.0,,,base,0,0.026365999999999445,16,,4,8,False,,False,,first,0,0,8,100,0,0,0,0,,21,2,,,94,history_first8_area7,[],9702.395095882584,0,113.40009602987374,0.0,12,,,161.9674385625,"[1, 2, 3, 5, 7, 8, 11, 12, 13, 14, 15, 16, 17, 18, 19, 20]",,3,251,1.0,10,,0,,,16,stress,5,public_upper_bound_16,89,2591.479017,,,True,0.02637608302757144
8,0,True,0,0,0,0,0,near_collinear_min__n16__positive,near_collinear_min,12,0,20,16,116,1.0,,,base,0,0.02725900000000081,16,,4,8,False,,False,,ends,0,0,8,154,0,0,0,0,,21,2,,,94,history_ends8_area7,[],9702.395095882584,0,113.40009602987374,0.0,12,,,161.9674385625,"[1, 2, 3, 5, 7, 8, 11, 12, 13, 14, 15, 16, 17, 18, 19, 20]",,3,251,1.0,10,,0,,,16,stress,5,public_upper_bound_16,89,2591.479017,,,True,0.0272743750247173
8,0,True,0,0,0,0,0,near_collinear_min__n16__positive,near_collinear_min,12,0,20,16,116,1.0,,,base,0,0.027789999999999537,16,,4,8,False,,False,,ends,0,0,16,154,0,0,0,0,,21,2,,,94,history_ends16_area7,[],9702.395095882584,0,113.40009602987374,0.0,12,,,161.9674385625,"[1, 2, 3, 5, 7, 8, 11, 12, 13, 14, 15, 16, 17, 18, 19, 20]",,3,251,1.0,10,,0,,,16,stress,5,public_upper_bound_16,89,2591.479017,,,True,0.027855125023052096
11,0,True,0,0,0,0,0,near_collinear_min__n16__negative,near_collinear_min,14,0,21,16,118,1.0,,,base,0,0.02656899999999851,16,,2,7,False,,False,,,,,,,,,0,0,,21,2,,,95,range_area7,[],10696.66860033792,0,143.66742641183976,0.0,14,,,174.8958575,"[1, 2, 3, 5, 7, 8, 11, 12, 13, 14, 15, 16, 17, 18, 19, 20]",,3,252,1.0,12,,1,,,16,stress,5,public_upper_bound_16,89,2798.33372,,,True,0.026611250010319054
11,0,True,0,0,0,0,0,near_collinear_min__n16__negative,near_collinear_min,14,0,21,16,118,1.0,,,base,0,0.028289000000000897,16,,2,7,False,,False,,first,0,0,8,112,0,0,0,0,,21,2,,,95,history_first8_area7,[],10696.66860033792,0,143.66742641183976,0.0,14,,,174.8958575,"[1, 2, 3, 5, 7, 8, 11, 12, 13, 14, 15, 16, 17, 18, 19, 20]",,3,252,1.0,12,,1,,,16,stress,5,public_upper_bound_16,89,2798.33372,,,True,0.028293583018239588
11,0,True,0,0,0,0,0,near_collinear_min__n16__negative,near_collinear_min,14,0,21,16,118,1.0,,,base,0,0.028754000000001056,16,,2,7,False,,False,,ends,0,0,8,178,0,0,0,0,,21,2,,,95,history_ends8_area7,[],10696.66860033792,0,143.66742641183976,0.0,14,,,174.8958575,"[1, 2, 3, 5, 7, 8, 11, 12, 13, 14, 15, 16, 17, 18, 19, 20]",,3,252,1.0,12,,1,,,16,stress,5,public_upper_bound_16,89,2798.33372,,,True,0.02875554101774469
11,0,True,0,0,0,0,0,near_collinear_min__n16__negative,near_collinear_min,14,0,21,16,118,1.0,,,base,0,0.029009999999999536,16,,2,7,False,,False,,ends,0,0,16,178,0,0,0,0,,21,2,,,95,history_ends16_area7,[],10696.66860033792,0,143.66742641183976,0.0,14,,,174.8958575,"[1, 2, 3, 5, 7, 8, 11, 12, 13, 14, 15, 16, 17, 18, 19, 20]",,3,252,1.0,12,,1,,,16,stress,5,public_upper_bound_16,89,2798.33372,,,True,0.029010290978476405
10,0,True,0,0,0,0,0,near_collinear_min__n16__spatial,near_collinear_min,11,0,20,16,118,1.0,,,base,0,0.027218000000001297,16,,5,9,False,,False,,,,,,,,,0,0,,21,2,,,96,range_area7,[],10721.405448544612,0,117.06617527853851,0.0,11,,,175.2675681875,"[1, 2, 3, 5, 7, 8, 11, 12, 13, 14, 15, 16, 17, 18, 19, 20]",,3,253,1.0,10,,0,,,16,stress,5,public_upper_bound_16,88,2804.281091,,,True,0.027222000004258007
10,0,True,0,0,0,0,0,near_collinear_min__n16__spatial,near_collinear_min,11,0,20,16,118,1.0,,,base,0,0.02957199999999993,16,,5,9,False,,False,,first,0,0,8,109,0,0,0,0,,21,2,,,96,history_first8_area7,[],10721.405448544612,0,117.06617527853851,0.0,11,,,175.2675681875,"[1, 2, 3, 5, 7, 8, 11, 12, 13, 14, 15, 16, 17, 18, 19, 20]",,3,253,1.0,10,,0,,,16,stress,5,public_upper_bound_16,88,2804.281091,,,True,0.029621166002471
10,0,True,0,0,0,0,0,near_collinear_min__n16__spatial,near_collinear_min,11,0,20,16,118,1.0,,,base,0,0.029612000000000194,16,,5,9,False,,False,,ends,0,0,8,172,0,0,0,0,,21,2,,,96,history_ends8_area7,[],10721.405448544612,0,117.06617527853851,0.0,11,,,175.2675681875,"[1, 2, 3, 5, 7, 8, 11, 12, 13, 14, 15, 16, 17, 18, 19, 20]",,3,253,1.0,10,,0,,,16,stress,5,public_upper_bound_16,88,2804.281091,,,True,0.029643000045325607
10,0,True,0,0,0,0,0,near_collinear_min__n16__spatial,near_collinear_min,11,0,20,16,118,1.0,,,base,0,0.029119999999998925,16,,5,9,False,,False,,ends,0,0,16,172,0,0,0,0,,21,2,,,96,history_ends16_area7,[],10721.405448544612,0,117.06617527853851,0.0,11,,,175.2675681875,"[1, 2, 3, 5, 7, 8, 11, 12, 13, 14, 15, 16, 17, 18, 19, 20]",,3,253,1.0,10,,0,,,16,stress,5,public_upper_bound_16,88,2804.281091,,,True,0.029150041984394193
4,0,True,0,0,0,0,0,unknown_count_late__n10__positive,unknown_count_late,8,0,12,10,110,1.0,,,base,0,0.01485100000000017,10,,2,4,False,,False,,,,,,,,,0,0,,17,0,,,96,range_area7,[],10390.23806299752,0,57.8140597818647,0.0,8,,,270.4047613,"[2, 3, 4, 5, 10, 11, 13, 14, 17, 20]",,3,254,1.0,8,,0,,,10,stress,7,full_coverage_and_all_discovered_cleared,90,2704.047613,,,True,0.014851166983135045
4,0,True,0,0,0,0,0,unknown_count_late__n10__positive,unknown_count_late,8,0,12,10,110,1.0,,,base,0,0.015587999999999269,10,,2,4,False,,False,,first,0,0,8,18,0,0,0,0,,17,0,,,96,history_first8_area7,[],10390.23806299752,0,57.8140597818647,0.0,8,,,270.4047613,"[2, 3, 4, 5, 10, 11, 13, 14, 17, 20]",,3,254,1.0,8,,0,,,10,stress,7,full_coverage_and_all_discovered_cleared,90,2704.047613,,,True,0.015592082985676825
4,0,True,0,0,0,0,0,unknown_count_late__n10__positive,unknown_count_late,8,0,12,10,110,1.0,,,base,0,0.01578899999999983,10,,2,4,False,,False,,ends,0,0,8,30,0,0,0,0,,17,0,,,96,history_ends8_area7,[],10390.23806299752,0,57.8140597818647,0.0,8,,,270.4047613,"[2, 3, 4, 5, 10, 11, 13, 14, 17, 20]",,3,254,1.0,8,,0,,,10,stress,7,full_coverage_and_all_discovered_cleared,90,2704.047613,,,True,0.015789416036568582
4,0,True,0,0,0,0,0,unknown_count_late__n10__positive,unknown_count_late,8,0,12,10,110,1.0,,,base,0,0.01594900000000088,10,,2,4,False,,False,,ends,0,0,16,30,0,0,0,0,,17,0,,,96,history_ends16_area7,[],10390.23806299752,0,57.8140597818647,0.0,8,,,270.4047613,"[2, 3, 4, 5, 10, 11, 13, 14, 17, 20]",,3,254,1.0,8,,0,,,10,stress,7,full_coverage_and_all_discovered_cleared,90,2704.047613,,,True,0.015955790993757546
4,0,True,0,0,0,0,0,unknown_count_late__n10__negative,unknown_count_late,8,0,11,10,109,1.0,,,base,0,0.01547099999999979,10,,2,3,False,,False,,,,,,,,,0,0,,17,0,,,96,range_area7,[],10381.240417466588,0,60.247637476692056,0.0,8,,,269.9248083,"[2, 3, 4, 5, 10, 11, 13, 14, 17, 20]",,3,255,1.0,8,,0,,,10,stress,7,full_coverage_and_all_discovered_cleared,90,2699.248083,,,True,0.015493208018597215
4,0,True,0,0,0,0,0,unknown_count_late__n10__negative,unknown_count_late,8,0,11,10,109,1.0,,,base,0,0.016107999999999123,10,,2,3,False,,False,,first,0,0,8,12,0,0,0,0,,17,0,,,96,history_first8_area7,[],10381.240417466588,0,60.247637476692056,0.0,8,,,269.9248083,"[2, 3, 4, 5, 10, 11, 13, 14, 17, 20]",,3,255,1.0,8,,0,,,10,stress,7,full_coverage_and_all_discovered_cleared,90,2699.248083,,,True,0.016169582959264517
4,0,True,0,0,0,0,0,unknown_count_late__n10__negative,unknown_count_late,8,0,11,10,109,1.0,,,base,0,0.016140000000000043,10,,2,3,False,,False,,ends,0,0,8,18,0,0,0,0,,17,0,,,96,history_ends8_area7,[],10381.240417466588,0,60.247637476692056,0.0,8,,,269.9248083,"[2, 3, 4, 5, 10, 11, 13, 14, 17, 20]",,3,255,1.0,8,,0,,,10,stress,7,full_coverage_and_all_discovered_cleared,90,2699.248083,,,True,0.016139833023771644
4,0,True,0,0,0,0,0,unknown_count_late__n10__negative,unknown_count_late,8,0,11,10,109,1.0,,,base,0,0.016257999999998773,10,,2,3,False,,False,,ends,0,0,16,18,0,0,0,0,,17,0,,,96,history_ends16_area7,[],10381.240417466588,0,60.247637476692056,0.0,8,,,269.9248083,"[2, 3, 4, 5, 10, 11, 13, 14, 17, 20]",,3,255,1.0,8,,0,,,10,stress,7,full_coverage_and_all_discovered_cleared,90,2699.248083,,,True,0.01628483401145786
5,0,True,0,0,0,0,0,unknown_count_late__n10__spatial,unknown_count_late,9,0,12,10,111,1.0,,,base,0,0.01595700000000022,10,,1,3,False,,False,,,,,,,,,0,0,,17,0,,,97,range_area7,[],10460.933310005672,0,80.09491032635631,0.0,9,,,272.4186661,"[2, 3, 4, 5, 10, 11, 13, 14, 17, 20]",,3,256,1.0,8,,0,,,10,stress,7,full_coverage_and_all_discovered_cleared,91,2724.186661,,,True,0.015964000020176172
5,0,True,0,0,0,0,0,unknown_count_late__n10__spatial,unknown_count_late,9,0,12,10,111,1.0,,,base,0,0.01639199999999974,10,,1,3,False,,False,,first,0,0,8,12,0,0,0,0,,17,0,,,97,history_first8_area7,[],10460.933310005672,0,80.09491032635631,0.0,9,,,272.4186661,"[2, 3, 4, 5, 10, 11, 13, 14, 17, 20]",,3,256,1.0,8,,0,,,10,stress,7,full_coverage_and_all_discovered_cleared,91,2724.186661,,,True,0.016398833016864955
5,0,True,0,0,0,0,0,unknown_count_late__n10__spatial,unknown_count_late,9,0,12,10,111,1.0,,,base,0,0.01652699999999996,10,,1,3,False,,False,,ends,0,0,8,18,0,0,0,0,,17,0,,,97,history_ends8_area7,[],10460.933310005672,0,80.09491032635631,0.0,9,,,272.4186661,"[2, 3, 4, 5, 10, 11, 13, 14, 17, 20]",,3,256,1.0,8,,0,,,10,stress,7,full_coverage_and_all_discovered_cleared,91,2724.186661,,,True,0.016527833009604365
5,0,True,0,0,0,0,0,unknown_count_late__n10__spatial,unknown_count_late,9,0,12,10,111,1.0,,,base,0,0.016836000000001405,10,,1,3,False,,False,,ends,0,0,16,18,0,0,0,0,,17,0,,,97,history_ends16_area7,[],10460.933310005672,0,80.09491032635631,0.0,9,,,272.4186661,"[2, 3, 4, 5, 10, 11, 13, 14, 17, 20]",,3,256,1.0,8,,0,,,10,stress,7,full_coverage_and_all_discovered_cleared,91,2724.186661,,,True,0.016843083023559302
4,0,True,0,0,0,0,0,unknown_count_late__n16__positive,unknown_count_late,13,0,18,16,86,1.0,,,base,0,0.023595000000000255,16,,3,5,False,,False,,,,,,,,,0,0,,22,1,,,66,range_area7,[],9621.735770069714,0,131.52675032611273,0.0,13,,,149.959197125,"[2, 3, 4, 5, 6, 8, 10, 11, 12, 13, 15, 16, 17, 18, 19, 20]",,3,257,1.0,17,,0,,,16,stress,6,public_upper_bound_16,59,2399.347154,,,True,0.023629083996638656
4,0,True,0,0,0,0,0,unknown_count_late__n16__positive,unknown_count_late,13,0,18,16,86,1.0,,,base,0,0.023931000000001035,16,,3,5,False,,False,,first,0,0,8,30,0,0,0,0,,22,1,,,66,history_first8_area7,[],9621.735770069714,0,131.52675032611273,0.0,13,,,149.959197125,"[2, 3, 4, 5, 6, 8, 10, 11, 12, 13, 15, 16, 17, 18, 19, 20]",,3,257,1.0,17,,0,,,16,stress,6,public_upper_bound_16,59,2399.347154,,,True,0.02393691602628678
4,0,True,0,0,0,0,0,unknown_count_late__n16__positive,unknown_count_late,13,0,18,16,86,1.0,,,base,0,0.023908999999999736,16,,3,5,False,,False,,ends,0,0,8,50,0,0,0,0,,22,1,,,66,history_ends8_area7,[],9621.735770069714,0,131.52675032611273,0.0,13,,,149.959197125,"[2, 3, 4, 5, 6, 8, 10, 11, 12, 13, 15, 16, 17, 18, 19, 20]",,3,257,1.0,17,,0,,,16,stress,6,public_upper_bound_16,59,2399.347154,,,True,0.0239173750160262
4,0,True,0,0,0,0,0,unknown_count_late__n16__positive,unknown_count_late,13,0,18,16,86,1.0,,,base,0,0.024089000000000027,16,,3,5,False,,False,,ends,0,0,16,50,0,0,0,0,,22,1,,,66,history_ends16_area7,[],9621.735770069714,0,131.52675032611273,0.0,13,,,149.959197125,"[2, 3, 4, 5, 6, 8, 10, 11, 12, 13, 15, 16, 17, 18, 19, 20]",,3,257,1.0,17,,0,,,16,stress,6,public_upper_bound_16,59,2399.347154,,,True,0.024099000031128526
4,0,True,0,0,0,0,0,unknown_count_late__n16__negative,unknown_count_late,13,0,18,16,104,1.0,,,base,0,0.024462000000001538,16,,3,5,False,,False,,,,,,,,,0,0,,23,0,,,84,range_area7,[],10700.048470799113,0,121.02504997952575,0.0,13,,,170.1256059375,"[2, 3, 4, 5, 6, 8, 10, 11, 12, 13, 15, 16, 17, 18, 19, 20]",,3,258,1.0,15,,0,,,16,stress,7,public_upper_bound_16,76,2722.009695,,,True,0.024483875022269785
4,0,True,0,0,0,0,0,unknown_count_late__n16__negative,unknown_count_late,13,0,18,16,104,1.0,,,base,0,0.025016000000000815,16,,3,5,False,,False,,first,0,0,8,30,0,0,0,0,,23,0,,,84,history_first8_area7,[],10700.048470799113,0,121.02504997952575,0.0,13,,,170.1256059375,"[2, 3, 4, 5, 6, 8, 10, 11, 12, 13, 15, 16, 17, 18, 19, 20]",,3,258,1.0,15,,0,,,16,stress,7,public_upper_bound_16,76,2722.009695,,,True,0.025026415998581797
4,0,True,0,0,0,0,0,unknown_count_late__n16__negative,unknown_count_late,13,0,18,16,104,1.0,,,base,0,0.025792000000000925,16,,3,5,False,,False,,ends,0,0,8,45,0,0,0,0,,23,0,,,84,history_ends8_area7,[],10700.048470799113,0,121.02504997952575,0.0,13,,,170.1256059375,"[2, 3, 4, 5, 6, 8, 10, 11, 12, 13, 15, 16, 17, 18, 19, 20]",,3,258,1.0,15,,0,,,16,stress,7,public_upper_bound_16,76,2722.009695,,,True,0.02592275000642985
4,0,True,0,0,0,0,0,unknown_count_late__n16__negative,unknown_count_late,13,0,18,16,104,1.0,,,base,0,0.025428999999999036,16,,3,5,False,,False,,ends,0,0,16,45,0,0,0,0,,23,0,,,84,history_ends16_area7,[],10700.048470799113,0,121.02504997952575,0.0,13,,,170.1256059375,"[2, 3, 4, 5, 6, 8, 10, 11, 12, 13, 15, 16, 17, 18, 19, 20]",,3,258,1.0,15,,0,,,16,stress,7,public_upper_bound_16,76,2722.009695,,,True,0.025448417000006884
6,0,True,0,0,0,0,0,unknown_count_late__n16__spatial,unknown_count_late,12,0,19,16,78,1.0,,,base,0,0.024183999999999983,16,,4,7,False,,False,,,,,,,,,0,0,,20,3,,,57,range_area7,[],7239.930163838877,0,125.63780758998033,0.0,12,,,116.9366270625,"[2, 3, 4, 5, 6, 8, 10, 11, 12, 13, 15, 16, 17, 18, 19, 20]",,3,259,1.0,16,,0,,,16,stress,4,public_upper_bound_16,49,1870.986033,,,True,0.02418404200579971
6,0,True,0,0,0,0,0,unknown_count_late__n16__spatial,unknown_count_late,12,0,19,16,78,1.0,,,base,0,0.0244560000000007,16,,4,7,False,,False,,first,0,0,8,12,0,0,0,0,,20,3,,,57,history_first8_area7,[],7239.930163838877,0,125.63780758998033,0.0,12,,,116.9366270625,"[2, 3, 4, 5, 6, 8, 10, 11, 12, 13, 15, 16, 17, 18, 19, 20]",,3,259,1.0,16,,0,,,16,stress,4,public_upper_bound_16,49,1870.986033,,,True,0.024469957977999002
6,0,True,0,0,0,0,0,unknown_count_late__n16__spatial,unknown_count_late,12,0,19,16,78,1.0,,,base,0,0.024298999999999182,16,,4,7,False,,False,,ends,0,0,8,21,0,0,0,0,,20,3,,,57,history_ends8_area7,[],7239.930163838877,0,125.63780758998033,0.0,12,,,116.9366270625,"[2, 3, 4, 5, 6, 8, 10, 11, 12, 13, 15, 16, 17, 18, 19, 20]",,3,259,1.0,16,,0,,,16,stress,4,public_upper_bound_16,49,1870.986033,,,True,0.024321291013620794
6,0,True,0,0,0,0,0,unknown_count_late__n16__spatial,unknown_count_late,12,0,19,16,78,1.0,,,base,0,0.02427999999999919,16,,4,7,False,,False,,ends,0,0,16,21,0,0,0,0,,20,3,,,57,history_ends16_area7,[],7239.930163838877,0,125.63780758998033,0.0,12,,,116.9366270625,"[2, 3, 4, 5, 6, 8, 10, 11, 12, 13, 15, 16, 17, 18, 19, 20]",,3,259,1.0,16,,0,,,16,stress,4,public_upper_bound_16,49,1870.986033,,,True,0.02428050001617521
6,0,True,0,6,1,1,0,uniform__iid__67,uniform__iid,9,44,10,10,317,,bounded_transverse_width,,base,0,0.030977999999999284,10,,0,0,,,False,0,,,,,,,,0,44,2,38,0,2,2,305,range_width015,[],20972.215750037813,0,,0.0,,False,0,605.2443147,"[4, 5, 7, 8, 9, 10, 14, 15, 18, 19]",30.0,4,67,1.0,10,1,2,2,16,10,ordinary,22,full_coverage_and_all_discovered_cleared,283,6052.443147,40.0,constant,,0.031059790984727442
6,0,True,0,6,1,1,0,uniform__iid__67,uniform__iid,9,44,10,10,317,,bounded_transverse_width,,base,0,0.03951800000000105,10,,0,0,,,False,0,recent,0,0,8,430,4,1,0,44,2,38,0,2,2,305,history_recent8_width015,[],21175.263578656693,0,,0.0,,False,0,609.3052714,"[4, 5, 7, 8, 9, 10, 14, 15, 18, 19]",30.0,4,67,1.0,10,1,2,2,16,10,ordinary,22,full_coverage_and_all_discovered_cleared,283,6093.052714,40.0,constant,,0.03954341699136421
6,0,True,0,6,1,1,0,uniform__iid__67,uniform__iid,9,44,10,10,317,,bounded_transverse_width,,base,0,0.03670300000000104,10,,0,0,,,False,0,first,0,0,8,430,4,1,0,44,2,38,0,2,2,305,history_first8_width015,[],21175.263578656693,0,,0.0,,False,0,609.3052714,"[4, 5, 7, 8, 9, 10, 14, 15, 18, 19]",30.0,4,67,1.0,10,1,2,2,16,10,ordinary,22,full_coverage_and_all_discovered_cleared,283,6093.052714,40.0,constant,,0.0367336249910295
6,0,True,0,6,1,1,0,uniform__iid__67,uniform__iid,9,44,10,10,317,,bounded_transverse_width,,base,0,0.03681300000000043,10,,0,0,,,False,0,ends,0,0,4,341,3,1,0,44,2,38,0,2,2,305,history_ends4_width015,[],21175.263578656693,0,,0.0,,False,0,609.3052714,"[4, 5, 7, 8, 9, 10, 14, 15, 18, 19]",30.0,4,67,1.0,10,1,2,2,16,10,ordinary,22,full_coverage_and_all_discovered_cleared,283,6093.052714,40.0,constant,,0.03682875004597008
6,0,True,0,6,1,1,0,uniform__iid__67,uniform__iid,9,44,10,10,317,,bounded_transverse_width,,base,0,0.04119299999999981,10,,0,0,,,False,0,ends,0,0,8,747,4,1,0,44,2,38,0,2,2,305,history_ends8_width015,[],21175.263578656693,0,,0.0,,False,0,609.3052714,"[4, 5, 7, 8, 9, 10, 14, 15, 18, 19]",30.0,4,67,1.0,10,1,2,2,16,10,ordinary,22,full_coverage_and_all_discovered_cleared,283,6093.052714,40.0,constant,,0.04124950000550598
6,0,True,0,6,1,1,0,uniform__iid__67,uniform__iid,9,44,10,10,317,,bounded_transverse_width,,base,0,0.047591000000000605,10,,0,0,,,False,0,ends,0,0,16,1346,5,2,0,44,2,38,0,2,2,305,history_ends16_width015,[],21223.523341763364,0,,0.0,,False,0,610.2704667,"[4, 5, 7, 8, 9, 10, 14, 15, 18, 19]",30.0,4,67,1.0,10,1,2,2,16,10,ordinary,22,full_coverage_and_all_discovered_cleared,283,6102.704667,40.0,constant,,0.04760600003646687
10,1,True,0,10,3,3,0,uniform__iid__67,uniform__iid,7,28,10,10,299,,bounded_transverse_width,,arc,41,0.03552999999999962,10,cached_distance_prefix_sum,0,0,,,False,0,,,,,,,,0,28,4,0,0,3,2,287,fast_arc05_width015,[],20365.908164953118,0,,0.0,,False,0,582.2181628999999,"[4, 5, 7, 8, 9, 10, 14, 15, 18, 19]",30.0,4,67,0.5,8,4,0,4,19,10,ordinary,22,full_coverage_and_all_discovered_cleared,264,5822.181629,40.0,constant,,0.03558270900975913
10,1,True,0,10,3,3,0,uniform__iid__67,uniform__iid,7,28,10,10,299,,bounded_transverse_width,,arc,41,0.04236299999999993,10,cached_distance_prefix_sum,0,0,,,False,0,ends,0,0,8,420,0,0,0,28,4,0,0,3,2,287,history_arc8_width015,[],20365.908164953118,0,,0.0,,False,0,582.2181628999999,"[4, 5, 7, 8, 9, 10, 14, 15, 18, 19]",30.0,4,67,0.5,8,4,0,4,19,10,ordinary,22,full_coverage_and_all_discovered_cleared,264,5822.181629,40.0,constant,,0.04241412499686703
7,1,True,0,7,1,1,0,uniform__iid__67,uniform__iid,9,33,10,10,320,,bounded_transverse_width,,locked,38,0.027504000000000417,10,cached_distance_prefix_sum,0,0,,,True,0,,,,,,,,0,33,4,0,0,3,2,308,fast_locked_width015,[],22011.904280567767,0,,0.0,,False,0,627.8380856,"[4, 5, 7, 8, 9, 10, 14, 15, 18, 19]",30.0,4,67,1.0,9,4,3,4,16,10,ordinary,22,full_coverage_and_all_discovered_cleared,286,6278.380856,40.0,constant,,0.027551917009986937
7,1,True,0,7,1,1,0,uniform__iid__67,uniform__iid,9,33,10,10,320,,bounded_transverse_width,,locked,38,0.03788699999999956,10,cached_distance_prefix_sum,0,0,,,True,0,ends,0,0,8,877,0,0,0,33,4,0,0,3,2,308,history_locked8_width015,[],22011.904280567767,0,,0.0,,False,0,627.8380856,"[4, 5, 7, 8, 9, 10, 14, 15, 18, 19]",30.0,4,67,1.0,9,4,3,4,16,10,ordinary,22,full_coverage_and_all_discovered_cleared,286,6278.380856,40.0,constant,,0.03789550001965836
15,3,True,0,15,3,3,1,uniform__iid__68,uniform__iid,12,38,15,15,289,,bounded_transverse_width,,base,0,0.04623300000000086,15,,0,0,,,False,0,,,,,,,,0,38,1,50,0,4,3,272,range_width015,[],23284.201602154062,0,,0.0,,False,0,422.5893545333333,"[2, 4, 5, 6, 8, 9, 11, 12, 13, 14, 15, 16, 17, 19, 20]",30.0,4,68,1.0,20,17,11,1,28,15,ordinary,22,full_coverage_and_all_discovered_cleared,247,6338.840318,40.0,constant,,0.04624487500404939
18,3,True,0,18,3,3,0,uniform__iid__68,uniform__iid,12,25,15,15,264,,bounded_transverse_width,,base,0,0.06143199999999993,15,,0,0,,,False,0,recent,0,0,8,1134,5,4,0,25,3,52,0,4,3,247,history_recent8_width015,[],24869.606192908475,0,,0.0,,False,0,433.86141573333333,"[2, 4, 5, 6, 8, 9, 11, 12, 13, 14, 15, 16, 17, 19, 20]",30.0,4,68,1.0,21,20,9,3,30,15,ordinary,22,full_coverage_and_all_discovered_cleared,224,6507.921236,40.0,constant,,0.06148191704414785
18,3,True,0,18,3,3,0,uniform__iid__68,uniform__iid,12,25,15,15,264,,bounded_transverse_width,,base,0,0.056879000000000346,15,,0,0,,,False,0,first,0,0,8,1134,5,4,0,25,3,52,0,4,3,247,history_first8_width015,[],24869.606192908475,0,,0.0,,False,0,433.86141573333333,"[2, 4, 5, 6, 8, 9, 11, 12, 13, 14, 15, 16, 17, 19, 20]",30.0,4,68,1.0,21,20,9,3,30,15,ordinary,22,full_coverage_and_all_discovered_cleared,224,6507.921236,40.0,constant,,0.05689816700760275
18,3,True,0,18,3,3,0,uniform__iid__68,uniform__iid,12,25,15,15,264,,bounded_transverse_width,,base,0,0.05463600000000035,15,,0,0,,,False,0,ends,0,0,4,532,4,4,0,25,3,52,0,4,3,247,history_ends4_width015,[],24870.494447387144,0,,0.0,,False,0,433.87325906666666,"[2, 4, 5, 6, 8, 9, 11, 12, 13, 14, 15, 16, 17, 19, 20]",30.0,4,68,1.0,21,20,9,3,30,15,ordinary,22,full_coverage_and_all_discovered_cleared,224,6508.098886,40.0,constant,,0.0546605420531705
18,3,True,0,18,3,3,0,uniform__iid__68,uniform__iid,12,25,15,15,264,,bounded_transverse_width,,base,0,0.06534900000000121,15,,0,0,,,False,0,ends,0,0,8,1753,5,4,0,25,3,52,0,4,3,247,history_ends8_width015,[],24869.606192908475,0,,0.0,,False,0,433.86141573333333,"[2, 4, 5, 6, 8, 9, 11, 12, 13, 14, 15, 16, 17, 19, 20]",30.0,4,68,1.0,21,20,9,3,30,15,ordinary,22,full_coverage_and_all_discovered_cleared,224,6507.921236,40.0,constant,,0.06540474999928847
18,3,True,0,18,3,3,0,uniform__iid__68,uniform__iid,12,25,15,15,264,,bounded_transverse_width,,base,0,0.07995399999999897,15,,0,0,,,False,0,ends,0,0,16,3347,5,4,0,25,3,52,0,4,3,247,history_ends16_width015,[],24869.606192908475,0,,0.0,,False,0,433.86141573333333,"[2, 4, 5, 6, 8, 9, 11, 12, 13, 14, 15, 16, 17, 19, 20]",30.0,4,68,1.0,21,20,9,3,30,15,ordinary,22,full_coverage_and_all_discovered_cleared,224,6507.921236,40.0,constant,,0.08006791700609028
20,3,True,0,20,3,3,1,uniform__iid__68,uniform__iid,12,22,15,15,273,,bounded_transverse_width,,arc,55,0.04992999999999981,15,cached_distance_prefix_sum,0,0,,,False,0,,,,,,,,0,22,5,0,0,3,3,256,fast_arc05_width015,[],23108.235111800113,0,,0.0,,False,0,413.9098014666667,"[2, 4, 5, 6, 8, 9, 11, 12, 13, 14, 15, 16, 17, 19, 20]",30.0,4,68,0.5,21,6,20,5,33,15,ordinary,22,full_coverage_and_all_discovered_cleared,232,6208.647022,40.0,constant,,0.05002691701520234
19,2,True,0,19,3,3,0,uniform__iid__68,uniform__iid,12,22,15,15,272,,bounded_transverse_width,,arc,54,0.06693699999999936,15,cached_distance_prefix_sum,0,0,,,False,0,ends,0,0,8,1603,2,2,0,22,5,0,0,3,3,255,history_arc8_width015,[],22777.57780455468,0,,0.0,,False,0,409.167704,"[2, 4, 5, 6, 8, 9, 11, 12, 13, 14, 15, 16, 17, 19, 20]",30.0,4,68,0.5,21,2,20,5,32,15,ordinary,22,full_coverage_and_all_discovered_cleared,232,6137.51556,40.0,constant,,0.06698504195082933
8,2,True,0,8,5,5,1,uniform__iid__68,uniform__iid,10,24,15,15,240,,bounded_transverse_width,,locked,44,0.038441000000000614,15,cached_distance_prefix_sum,0,0,,,True,0,,,,,,,,0,24,4,0,0,3,2,223,fast_locked_width015,[],22047.43075760243,0,,0.0,,False,0,386.5657432,"[2, 4, 5, 6, 8, 9, 11, 12, 13, 14, 15, 16, 17, 19, 20]",30.0,4,68,1.0,28,4,3,4,22,15,ordinary,22,full_coverage_and_all_discovered_cleared,199,5798.486148,40.0,constant,,0.038482667005155236
7,1,True,0,7,5,5,0,uniform__iid__68,uniform__iid,10,24,15,15,239,,bounded_transverse_width,,locked,43,0.04932200000000009,15,cached_distance_prefix_sum,0,0,,,True,0,ends,0,0,8,989,4,2,0,24,4,0,0,2,1,222,history_locked8_width015,[],21716.799985001067,0,,0.0,,False,0,381.82399960000004,"[2, 4, 5, 6, 8, 9, 11, 12, 13, 14, 15, 16, 17, 19, 20]",30.0,4,68,1.0,28,1,3,4,21,15,ordinary,22,full_coverage_and_all_discovered_cleared,199,5727.359994,40.0,constant,,0.04934824997326359
9,0,True,0,9,6,6,0,uniform__iid__69,uniform__iid,9,29,15,15,237,,bounded_transverse_width,,base,0,0.05001000000000033,15,,0,0,,,False,0,,,,,,,,0,29,2,46,0,2,2,220,range_width015,[],21823.84216933692,0,,0.0,,False,0,382.5845620666667,"[2, 3, 4, 5, 6, 7, 8, 9, 10, 11, 12, 13, 14, 16, 18]",30.0,4,69,1.0,25,2,1,2,24,15,ordinary,22,full_coverage_and_all_discovered_cleared,199,5738.768431,40.0,constant,,0.0500220829853788
9,0,True,0,9,6,6,0,uniform__iid__69,uniform__iid,9,29,15,15,237,,bounded_transverse_width,,base,0,0.05644799999999961,15,,0,0,,,False,0,recent,0,0,8,403,0,0,0,29,2,46,0,2,2,220,history_recent8_width015,[],21823.84216933692,0,,0.0,,False,0,382.5845620666667,"[2, 3, 4, 5, 6, 7, 8, 9, 10, 11, 12, 13, 14, 16, 18]",30.0,4,69,1.0,25,2,1,2,24,15,ordinary,22,full_coverage_and_all_discovered_cleared,199,5738.768431,40.0,constant,,0.05652429099427536
9,0,True,0,9,6,6,0,uniform__iid__69,uniform__iid,9,29,15,15,237,,bounded_transverse_width,,base,0,0.054815999999998866,15,,0,0,,,False,0,first,0,0,8,403,0,0,0,29,2,46,0,2,2,220,history_first8_width015,[],21823.84216933692,0,,0.0,,False,0,382.5845620666667,"[2, 3, 4, 5, 6, 7, 8, 9, 10, 11, 12, 13, 14, 16, 18]",30.0,4,69,1.0,25,2,1,2,24,15,ordinary,22,full_coverage_and_all_discovered_cleared,199,5738.768431,40.0,constant,,0.05485341703752056
9,0,True,0,9,6,6,0,uniform__iid__69,uniform__iid,9,29,15,15,237,,bounded_transverse_width,,base,0,0.0538179999999997,15,,0,0,,,False,0,ends,0,0,4,237,0,0,0,29,2,46,0,2,2,220,history_ends4_width015,[],21823.84216933692,0,,0.0,,False,0,382.5845620666667,"[2, 3, 4, 5, 6, 7, 8, 9, 10, 11, 12, 13, 14, 16, 18]",30.0,4,69,1.0,25,2,1,2,24,15,ordinary,22,full_coverage_and_all_discovered_cleared,199,5738.768431,40.0,constant,,0.05383791698841378
9,0,True,0,9,6,6,0,uniform__iid__69,uniform__iid,9,29,15,15,237,,bounded_transverse_width,,base,0,0.05932100000000062,15,,0,0,,,False,0,ends,0,0,8,655,0,0,0,29,2,46,0,2,2,220,history_ends8_width015,[],21823.84216933692,0,,0.0,,False,0,382.5845620666667,"[2, 3, 4, 5, 6, 7, 8, 9, 10, 11, 12, 13, 14, 16, 18]",30.0,4,69,1.0,25,2,1,2,24,15,ordinary,22,full_coverage_and_all_discovered_cleared,199,5738.768431,40.0,constant,,0.05943458300316706
9,0,True,0,9,6,6,0,uniform__iid__69,uniform__iid,9,29,15,15,237,,bounded_transverse_width,,base,0,0.06097899999999967,15,,0,0,,,False,0,ends,0,0,16,961,0,0,0,29,2,46,0,2,2,220,history_ends16_width015,[],21823.84216933692,0,,0.0,,False,0,382.5845620666667,"[2, 3, 4, 5, 6, 7, 8, 9, 10, 11, 12, 13, 14, 16, 18]",30.0,4,69,1.0,25,2,1,2,24,15,ordinary,22,full_coverage_and_all_discovered_cleared,199,5738.768431,40.0,constant,,0.061009082943201065
12,2,True,0,12,5,5,1,uniform__iid__69,uniform__iid,10,19,15,15,240,,bounded_transverse_width,,arc,48,0.050835000000001074,15,cached_distance_prefix_sum,0,0,,,False,0,,,,,,,,0,19,6,0,0,4,3,223,fast_arc05_width015,[],25545.788982773574,0,,0.0,,False,0,433.2771862,"[2, 3, 4, 5, 6, 7, 8, 9, 10, 11, 12, 13, 14, 16, 18]",30.0,4,69,0.5,24,0,17,6,26,15,ordinary,22,full_coverage_and_all_discovered_cleared,200,6499.157793,40.0,constant,,0.050853458989877254
12,2,True,0,12,5,5,1,uniform__iid__69,uniform__iid,10,19,15,15,240,,bounded_transverse_width,,arc,48,0.05821599999999982,15,cached_distance_prefix_sum,0,0,,,False,0,ends,0,0,8,532,3,2,0,19,6,0,0,4,3,223,history_arc8_width015,[],25545.788982773574,0,,0.0,,False,0,433.2771862,"[2, 3, 4, 5, 6, 7, 8, 9, 10, 11, 12, 13, 14, 16, 18]",30.0,4,69,0.5,24,0,17,6,26,15,ordinary,22,full_coverage_and_all_discovered_cleared,200,6499.157793,40.0,constant,,0.05827504099579528
5,1,True,0,5,5,5,0,uniform__iid__69,uniform__iid,10,33,15,15,237,,bounded_transverse_width,,locked,41,0.04366100000000017,15,cached_distance_prefix_sum,0,0,,,True,0,,,,,,,,0,33,1,0,0,2,2,220,fast_locked_width015,[],22359.20184193586,0,,0.0,,False,0,389.4560242,"[2, 3, 4, 5, 6, 7, 8, 9, 10, 11, 12, 13, 14, 16, 18]",30.0,4,69,1.0,27,0,3,1,19,15,ordinary,22,full_coverage_and_all_discovered_cleared,195,5841.840363,40.0,constant,,0.04368991596857086
5,1,True,0,5,5,5,0,uniform__iid__69,uniform__iid,10,33,15,15,237,,bounded_transverse_width,,locked,41,0.052993999999999986,15,cached_distance_prefix_sum,0,0,,,True,0,ends,0,0,8,796,1,1,0,33,1,0,0,2,2,220,history_locked8_width015,[],22359.20184193586,0,,0.0,,False,0,389.4560242,"[2, 3, 4, 5, 6, 7, 8, 9, 10, 11, 12, 13, 14, 16, 18]",30.0,4,69,1.0,27,0,3,1,19,15,ordinary,22,full_coverage_and_all_discovered_cleared,195,5841.840363,40.0,constant,,0.053068374982103705
13,4,True,0,13,2,2,0,uniform__iid__70,uniform__iid,8,5,10,10,328,,bounded_transverse_width,,base,0,0.0307549999999992,10,,0,0,,,False,0,,,,,,,,0,5,3,41,0,4,3,316,range_width015,[],21303.571196271037,0,,0.0,,False,0,618.4714239,"[2, 3, 5, 10, 11, 13, 15, 16, 19, 20]",30.0,4,70,1.0,6,3,9,3,19,10,ordinary,22,full_coverage_and_all_discovered_cleared,294,6184.714239,40.0,constant,,0.030766708019655198
13,4,True,0,13,2,2,0,uniform__iid__70,uniform__iid,8,5,10,10,328,,bounded_transverse_width,,base,0,0.042322000000000415,10,,0,0,,,False,0,recent,0,0,8,703,0,0,0,5,3,41,0,4,3,316,history_recent8_width015,[],21303.571196271037,0,,0.0,,False,0,618.4714239,"[2, 3, 5, 10, 11, 13, 15, 16, 19, 20]",30.0,4,70,1.0,6,3,9,3,19,10,ordinary,22,full_coverage_and_all_discovered_cleared,294,6184.714239,40.0,constant,,0.0423528749961406
13,4,True,0,13,2,2,0,uniform__iid__70,uniform__iid,8,5,10,10,328,,bounded_transverse_width,,base,0,0.03915699999999944,10,,0,0,,,False,0,first,0,0,8,703,0,0,0,5,3,41,0,4,3,316,history_first8_width015,[],21303.571196271037,0,,0.0,,False,0,618.4714239,"[2, 3, 5, 10, 11, 13, 15, 16, 19, 20]",30.0,4,70,1.0,6,3,9,3,19,10,ordinary,22,full_coverage_and_all_discovered_cleared,294,6184.714239,40.0,constant,,0.03919316700194031
13,4,True,0,13,2,2,0,uniform__iid__70,uniform__iid,8,5,10,10,328,,bounded_transverse_width,,base,0,0.03700000000000081,10,,0,0,,,False,0,ends,0,0,4,345,0,0,0,5,3,41,0,4,3,316,history_ends4_width015,[],21303.571196271037,0,,0.0,,False,0,618.4714239,"[2, 3, 5, 10, 11, 13, 15, 16, 19, 20]",30.0,4,70,1.0,6,3,9,3,19,10,ordinary,22,full_coverage_and_all_discovered_cleared,294,6184.714239,40.0,constant,,0.037062833027448505
13,4,True,0,13,2,2,0,uniform__iid__70,uniform__iid,8,5,10,10,328,,bounded_transverse_width,,base,0,0.04592300000000016,10,,0,0,,,False,0,ends,0,0,8,1203,0,0,0,5,3,41,0,4,3,316,history_ends8_width015,[],21303.571196271037,0,,0.0,,False,0,618.4714239,"[2, 3, 5, 10, 11, 13, 15, 16, 19, 20]",30.0,4,70,1.0,6,3,9,3,19,10,ordinary,22,full_coverage_and_all_discovered_cleared,294,6184.714239,40.0,constant,,0.04597987496526912
13,4,True,0,13,2,2,0,uniform__iid__70,uniform__iid,8,5,10,10,328,,bounded_transverse_width,,base,0,0.05552600000000041,10,,0,0,,,False,0,ends,0,0,16,2251,0,0,0,5,3,41,0,4,3,316,history_ends16_width015,[],21303.571196271037,0,,0.0,,False,0,618.4714239,"[2, 3, 5, 10, 11, 13, 15, 16, 19, 20]",30.0,4,70,1.0,6,3,9,3,19,10,ordinary,22,full_coverage_and_all_discovered_cleared,294,6184.714239,40.0,constant,,0.0556125000002794
17,4,True,0,17,1,1,0,uniform__iid__70,uniform__iid,9,20,10,10,330,,bounded_transverse_width,,arc,45,0.0416369999999997,10,cached_distance_prefix_sum,0,0,,,False,0,,,,,,,,0,20,7,0,0,4,3,318,fast_arc05_width015,[],22958.931217557558,0,,0.0,,False,0,652.6786241,"[2, 3, 5, 10, 11, 13, 15, 16, 19, 20]",30.0,4,70,0.5,7,1,0,7,23,10,ordinary,22,full_coverage_and_all_discovered_cleared,295,6526.786241,40.0,constant,,0.04171791602857411
17,4,True,0,17,1,1,0,uniform__iid__70,uniform__iid,9,20,10,10,330,,bounded_transverse_width,,arc,45,0.05597999999999992,10,cached_distance_prefix_sum,0,0,,,False,0,ends,0,0,8,1288,0,0,0,20,7,0,0,4,3,318,history_arc8_width015,[],22958.931217557558,0,,0.0,,False,0,652.6786241,"[2, 3, 5, 10, 11, 13, 15, 16, 19, 20]",30.0,4,70,0.5,7,1,0,7,23,10,ordinary,22,full_coverage_and_all_discovered_cleared,295,6526.786241,40.0,constant,,0.05600933404639363
11,1,True,0,11,3,3,0,uniform__iid__70,uniform__iid,7,21,10,10,328,,bounded_transverse_width,,locked,42,0.029498999999999498,10,cached_distance_prefix_sum,0,0,,,True,0,,,,,,,,0,21,4,0,0,3,3,316,fast_locked_width015,[],21246.015282373417,0,,0.0,,False,0,617.4203054,"[2, 3, 5, 10, 11, 13, 15, 16, 19, 20]",30.0,4,70,1.0,4,1,12,4,20,10,ordinary,22,full_coverage_and_all_discovered_cleared,295,6174.203054,40.0,constant,,0.02951404097257182
11,1,True,0,11,3,3,0,uniform__iid__70,uniform__iid,7,21,10,10,328,,bounded_transverse_width,,locked,42,0.03819699999999848,10,cached_distance_prefix_sum,0,0,,,True,0,ends,0,0,8,687,0,0,0,21,4,0,0,3,3,316,history_locked8_width015,[],21246.015282373417,0,,0.0,,False,0,617.4203054,"[2, 3, 5, 10, 11, 13, 15, 16, 19, 20]",30.0,4,70,1.0,4,1,12,4,20,10,ordinary,22,full_coverage_and_all_discovered_cleared,295,6174.203054,40.0,constant,,0.038259249995462596
12,2,True,0,12,1,1,0,uniform__iid__71,uniform__iid,11,27,12,12,296,,bounded_transverse_width,,base,0,0.03668799999999983,12,,0,0,,,False,0,,,,,,,,0,27,5,44,0,5,3,282,range_width015,[],24976.82716890783,0,,0.0,,False,0,560.1137860833334,"[1, 2, 4, 5, 7, 9, 10, 13, 17, 18, 19, 20]",30.0,4,71,1.0,13,2,10,5,22,12,ordinary,22,full_coverage_and_all_discovered_cleared,256,6721.365433,40.0,constant,,0.03675099997781217
12,2,True,0,12,1,1,0,uniform__iid__71,uniform__iid,11,27,12,12,296,,bounded_transverse_width,,base,0,0.047872999999999166,12,,0,0,,,False,0,recent,0,0,8,797,0,0,0,27,5,44,0,5,3,282,history_recent8_width015,[],24976.82716890783,0,,0.0,,False,0,560.1137860833334,"[1, 2, 4, 5, 7, 9, 10, 13, 17, 18, 19, 20]",30.0,4,71,1.0,13,2,10,5,22,12,ordinary,22,full_coverage_and_all_discovered_cleared,256,6721.365433,40.0,constant,,0.047905332990922034
12,2,True,0,12,1,1,0,uniform__iid__71,uniform__iid,11,27,12,12,296,,bounded_transverse_width,,base,0,0.044468999999999426,12,,0,0,,,False,0,first,0,0,8,797,0,0,0,27,5,44,0,5,3,282,history_first8_width015,[],24976.82716890783,0,,0.0,,False,0,560.1137860833334,"[1, 2, 4, 5, 7, 9, 10, 13, 17, 18, 19, 20]",30.0,4,71,1.0,13,2,10,5,22,12,ordinary,22,full_coverage_and_all_discovered_cleared,256,6721.365433,40.0,constant,,0.044477917021140456
12,2,True,0,12,1,1,0,uniform__iid__71,uniform__iid,11,27,12,12,296,,bounded_transverse_width,,base,0,0.041992999999999725,12,,0,0,,,False,0,ends,0,0,4,361,0,0,0,27,5,44,0,5,3,282,history_ends4_width015,[],24976.82716890783,0,,0.0,,False,0,560.1137860833334,"[1, 2, 4, 5, 7, 9, 10, 13, 17, 18, 19, 20]",30.0,4,71,1.0,13,2,10,5,22,12,ordinary,22,full_coverage_and_all_discovered_cleared,256,6721.365433,40.0,constant,,0.042045041045639664
12,2,True,0,12,1,1,0,uniform__iid__71,uniform__iid,11,27,12,12,296,,bounded_transverse_width,,base,0,0.05116699999999952,12,,0,0,,,False,0,ends,0,0,8,1325,0,0,0,27,5,44,0,5,3,282,history_ends8_width015,[],24976.82716890783,0,,0.0,,False,0,560.1137860833334,"[1, 2, 4, 5, 7, 9, 10, 13, 17, 18, 19, 20]",30.0,4,71,1.0,13,2,10,5,22,12,ordinary,22,full_coverage_and_all_discovered_cleared,256,6721.365433,40.0,constant,,0.05121041601523757
12,2,True,0,12,1,1,0,uniform__iid__71,uniform__iid,11,27,12,12,296,,bounded_transverse_width,,base,0,0.06814699999999974,12,,0,0,,,False,0,ends,0,0,16,3104,0,0,0,27,5,44,0,5,3,282,history_ends16_width015,[],24976.82716890783,0,,0.0,,False,0,560.1137860833334,"[1, 2, 4, 5, 7, 9, 10, 13, 17, 18, 19, 20]",30.0,4,71,1.0,13,2,10,5,22,12,ordinary,22,full_coverage_and_all_discovered_cleared,256,6721.365433,40.0,constant,,0.06826091697439551
10,2,True,0,10,3,3,1,uniform__iid__71,uniform__iid,9,27,12,12,295,,bounded_transverse_width,,arc,43,0.04433600000000126,12,cached_distance_prefix_sum,0,0,,,False,0,,,,,,,,0,27,3,0,0,3,3,281,fast_arc05_width015,[],22224.802128091833,0,,0.0,,False,0,513.996702,"[1, 2, 4, 5, 7, 9, 10, 13, 17, 18, 19, 20]",30.0,4,71,0.5,14,5,0,3,21,12,ordinary,22,full_coverage_and_all_discovered_cleared,258,6167.960424,40.0,constant,,0.04444320796756074
10,2,True,0,10,3,3,1,uniform__iid__71,uniform__iid,9,27,12,12,295,,bounded_transverse_width,,arc,43,0.053903000000000034,12,cached_distance_prefix_sum,0,0,,,False,0,ends,0,0,8,616,2,1,0,27,3,0,0,3,3,281,history_arc8_width015,[],22227.270015687194,0,,0.0,,False,0,514.0378334166667,"[1, 2, 4, 5, 7, 9, 10, 13, 17, 18, 19, 20]",30.0,4,71,0.5,14,5,0,3,21,12,ordinary,22,full_coverage_and_all_discovered_cleared,258,6168.454001,40.0,constant,,0.053937166987452656
13,5,True,0,13,2,2,2,uniform__iid__71,uniform__iid,10,23,12,12,305,,bounded_transverse_width,,locked,44,0.03793500000000094,12,cached_distance_prefix_sum,0,0,,,True,0,,,,,,,,0,23,3,0,0,4,3,291,fast_locked_width015,[],23826.766621931572,0,,0.0,,False,0,545.4461102500001,"[1, 2, 4, 5, 7, 9, 10, 13, 17, 18, 19, 20]",30.0,4,71,1.0,12,11,22,3,22,12,ordinary,22,full_coverage_and_all_discovered_cleared,265,6545.353323,40.0,constant,,0.03795420896494761
13,5,True,0,13,2,2,2,uniform__iid__71,uniform__iid,10,23,12,12,304,,bounded_transverse_width,,locked,44,0.05123799999999967,12,cached_distance_prefix_sum,0,0,,,True,0,ends,0,0,8,1192,7,3,0,23,3,0,0,4,3,290,history_locked8_width015,[],23827.61643041626,0,,0.0,,False,0,545.043607,"[1, 2, 4, 5, 7, 9, 10, 13, 17, 18, 19, 20]",30.0,4,71,1.0,11,11,22,3,22,12,ordinary,22,full_coverage_and_all_discovered_cleared,265,6540.523284,40.0,constant,,0.051378624979406595
10,1,True,0,10,1,1,0,uniform__smooth__67,uniform__smooth,9,23,10,10,303,,bounded_transverse_width,,base,0,0.032557999999999865,10,,0,0,,,False,0,,,,,,,,0,23,3,41,0,2,2,291,range_width015,[],20118.418269070004,0,,0.0,,False,0,579.7683652,"[4, 5, 7, 8, 9, 10, 14, 15, 18, 19]",30.0,4,67,1.0,10,2,0,3,19,10,ordinary,22,full_coverage_and_all_discovered_cleared,269,5797.683652,40.0,constant,,0.03263641701778397
10,1,True,0,10,1,1,0,uniform__smooth__67,uniform__smooth,9,23,10,10,303,,bounded_transverse_width,,base,0,0.037964999999999804,10,,0,0,,,False,0,recent,0,0,8,239,0,0,0,23,3,41,0,2,2,291,history_recent8_width015,[],20118.418269070004,0,,0.0,,False,0,579.7683652,"[4, 5, 7, 8, 9, 10, 14, 15, 18, 19]",30.0,4,67,1.0,10,2,0,3,19,10,ordinary,22,full_coverage_and_all_discovered_cleared,269,5797.683652,40.0,constant,,0.03801112499786541
10,1,True,0,10,1,1,0,uniform__smooth__67,uniform__smooth,9,23,10,10,303,,bounded_transverse_width,,base,0,0.036524,10,,0,0,,,False,0,first,0,0,8,239,0,0,0,23,3,41,0,2,2,291,history_first8_width015,[],20118.418269070004,0,,0.0,,False,0,579.7683652,"[4, 5, 7, 8, 9, 10, 14, 15, 18, 19]",30.0,4,67,1.0,10,2,0,3,19,10,ordinary,22,full_coverage_and_all_discovered_cleared,269,5797.683652,40.0,constant,,0.03657541697612032
10,1,True,0,10,1,1,0,uniform__smooth__67,uniform__smooth,9,23,10,10,303,,bounded_transverse_width,,base,0,0.036242999999998915,10,,0,0,,,False,0,ends,0,0,4,211,0,0,0,23,3,41,0,2,2,291,history_ends4_width015,[],20118.418269070004,0,,0.0,,False,0,579.7683652,"[4, 5, 7, 8, 9, 10, 14, 15, 18, 19]",30.0,4,67,1.0,10,2,0,3,19,10,ordinary,22,full_coverage_and_all_discovered_cleared,269,5797.683652,40.0,constant,,0.03637300000991672
10,1,True,0,10,1,1,0,uniform__smooth__67,uniform__smooth,9,23,10,10,303,,bounded_transverse_width,,base,0,0.038542999999998884,10,,0,0,,,False,0,ends,0,0,8,428,0,0,0,23,3,41,0,2,2,291,history_ends8_width015,[],20118.418269070004,0,,0.0,,False,0,579.7683652,"[4, 5, 7, 8, 9, 10, 14, 15, 18, 19]",30.0,4,67,1.0,10,2,0,3,19,10,ordinary,22,full_coverage_and_all_discovered_cleared,269,5797.683652,40.0,constant,,0.03857416595565155
10,1,True,0,10,1,1,0,uniform__smooth__67,uniform__smooth,9,23,10,10,303,,bounded_transverse_width,,base,0,0.040318000000000964,10,,0,0,,,False,0,ends,0,0,16,428,0,0,0,23,3,41,0,2,2,291,history_ends16_width015,[],20118.418269070004,0,,0.0,,False,0,579.7683652,"[4, 5, 7, 8, 9, 10, 14, 15, 18, 19]",30.0,4,67,1.0,10,2,0,3,19,10,ordinary,22,full_coverage_and_all_discovered_cleared,269,5797.683652,40.0,constant,,0.04032450000522658
13,1,True,0,13,3,3,0,uniform__smooth__67,uniform__smooth,7,22,10,10,303,,bounded_transverse_width,,arc,44,0.04292899999999911,10,cached_distance_prefix_sum,0,0,,,False,0,,,,,,,,0,22,3,0,0,3,3,291,fast_arc05_width015,[],20063.168854289175,0,,0.0,,False,0,578.8633769,"[4, 5, 7, 8, 9, 10, 14, 15, 18, 19]",30.0,4,67,0.5,9,4,0,3,22,10,ordinary,22,full_coverage_and_all_discovered_cleared,271,5788.633769,40.0,constant,,0.04297579103149474
13,1,True,0,13,3,3,0,uniform__smooth__67,uniform__smooth,7,22,10,10,303,,bounded_transverse_width,,arc,44,0.04519799999999918,10,cached_distance_prefix_sum,0,0,,,False,0,ends,0,0,8,426,0,0,0,22,3,0,0,3,3,291,history_arc8_width015,[],20063.168854289175,0,,0.0,,False,0,578.8633769,"[4, 5, 7, 8, 9, 10, 14, 15, 18, 19]",30.0,4,67,0.5,9,4,0,3,22,10,ordinary,22,full_coverage_and_all_discovered_cleared,271,5788.633769,40.0,constant,,0.04525399999693036
7,1,True,0,7,2,2,0,uniform__smooth__67,uniform__smooth,8,33,10,10,320,,bounded_transverse_width,,locked,38,0.027751000000000303,10,cached_distance_prefix_sum,0,0,,,True,0,,,,,,,,0,33,3,0,0,3,2,308,fast_locked_width015,[],21975.47933364178,0,,0.0,,False,0,627.1095862999999,"[4, 5, 7, 8, 9, 10, 14, 15, 18, 19]",30.0,4,67,1.0,9,2,0,3,16,10,ordinary,22,full_coverage_and_all_discovered_cleared,286,6271.095863,40.0,constant,,0.02776204195106402
7,1,True,0,7,2,2,0,uniform__smooth__67,uniform__smooth,8,33,10,10,320,,bounded_transverse_width,,locked,38,0.039012999999998854,10,cached_distance_prefix_sum,0,0,,,True,0,ends,0,0,8,840,0,0,0,33,3,0,0,3,2,308,history_locked8_width015,[],21975.47933364178,0,,0.0,,False,0,627.1095862999999,"[4, 5, 7, 8, 9, 10, 14, 15, 18, 19]",30.0,4,67,1.0,9,2,0,3,16,10,ordinary,22,full_coverage_and_all_discovered_cleared,286,6271.095863,40.0,constant,,0.03903924999758601
13,2,True,0,13,4,4,1,uniform__smooth__68,uniform__smooth,11,37,15,15,291,,bounded_transverse_width,,base,0,0.047088999999999714,15,,0,0,,,False,0,,,,,,,,0,37,5,49,0,3,2,274,range_width015,[],22158.672821412274,0,,0.0,,False,0,408.51563766666663,"[2, 4, 5, 6, 8, 9, 11, 12, 13, 14, 15, 16, 17, 19, 20]",30.0,4,68,1.0,17,1,34,5,27,15,ordinary,22,full_coverage_and_all_discovered_cleared,251,6127.734565,40.0,constant,,0.047110707964748144
13,2,True,0,13,4,4,1,uniform__smooth__68,uniform__smooth,11,37,15,15,291,,bounded_transverse_width,,base,0,0.06032300000000035,15,,0,0,,,False,0,recent,0,0,8,798,3,2,0,37,5,49,0,3,2,274,history_recent8_width015,[],22158.672821412274,0,,0.0,,False,0,408.51563766666663,"[2, 4, 5, 6, 8, 9, 11, 12, 13, 14, 15, 16, 17, 19, 20]",30.0,4,68,1.0,17,1,34,5,27,15,ordinary,22,full_coverage_and_all_discovered_cleared,251,6127.734565,40.0,constant,,0.06038941699080169
13,2,True,0,13,4,4,1,uniform__smooth__68,uniform__smooth,11,37,15,15,291,,bounded_transverse_width,,base,0,0.05575399999999853,15,,0,0,,,False,0,first,0,0,8,798,3,2,0,37,5,49,0,3,2,274,history_first8_width015,[],22158.672821412274,0,,0.0,,False,0,408.51563766666663,"[2, 4, 5, 6, 8, 9, 11, 12, 13, 14, 15, 16, 17, 19, 20]",30.0,4,68,1.0,17,1,34,5,27,15,ordinary,22,full_coverage_and_all_discovered_cleared,251,6127.734565,40.0,constant,,0.05576587497489527
13,2,True,0,13,4,4,1,uniform__smooth__68,uniform__smooth,11,37,15,15,291,,bounded_transverse_width,,base,0,0.05244999999999855,15,,0,0,,,False,0,ends,0,0,4,391,2,1,0,37,5,49,0,3,2,274,history_ends4_width015,[],22158.672821412274,0,,0.0,,False,0,408.51563766666663,"[2, 4, 5, 6, 8, 9, 11, 12, 13, 14, 15, 16, 17, 19, 20]",30.0,4,68,1.0,17,1,34,5,27,15,ordinary,22,full_coverage_and_all_discovered_cleared,251,6127.734565,40.0,constant,,0.05252241704147309
13,2,True,0,13,4,4,1,uniform__smooth__68,uniform__smooth,11,37,15,15,291,,bounded_transverse_width,,base,0,0.06313600000000008,15,,0,0,,,False,0,ends,0,0,8,1264,3,2,0,37,5,49,0,3,2,274,history_ends8_width015,[],22158.672821412274,0,,0.0,,False,0,408.51563766666663,"[2, 4, 5, 6, 8, 9, 11, 12, 13, 14, 15, 16, 17, 19, 20]",30.0,4,68,1.0,17,1,34,5,27,15,ordinary,22,full_coverage_and_all_discovered_cleared,251,6127.734565,40.0,constant,,0.06320920801954344
11,1,True,0,11,5,5,0,uniform__smooth__68,uniform__smooth,10,37,15,15,291,,bounded_transverse_width,,base,0,0.08232600000000012,15,,0,0,,,False,0,ends,0,0,16,3150,4,4,0,37,4,47,0,2,2,274,history_ends16_width015,[],21459.888703328008,0,,0.0,,False,0,399.1985160666666,"[2, 4, 5, 6, 8, 9, 11, 12, 13, 14, 15, 16, 17, 19, 20]",30.0,4,68,1.0,18,1,33,4,25,15,ordinary,22,full_coverage_and_all_discovered_cleared,251,5987.977741,40.0,constant,,0.08239120797952637
16,2,True,0,16,3,4,1,uniform__smooth__68,uniform__smooth,12,35,16,15,286,,bounded_transverse_width,,arc,52,0.05244099999999996,15,cached_distance_prefix_sum,0,0,,,False,0,,,,,,,,0,35,4,0,0,3,3,268,fast_arc05_width015,[],22546.37372380799,0,,0.0,,False,0,411.41831633333334,"[2, 4, 5, 6, 8, 9, 11, 12, 13, 14, 15, 16, 17, 19, 20]",30.0,4,68,0.5,14,1,30,4,30,15,ordinary,22,full_coverage_and_all_discovered_cleared,244,6171.274745,40.0,constant,,0.052471415954642
16,2,True,0,16,3,4,1,uniform__smooth__68,uniform__smooth,12,35,16,15,286,,bounded_transverse_width,,arc,52,0.06918399999999991,15,cached_distance_prefix_sum,0,0,,,False,0,ends,0,0,8,1344,3,2,0,35,4,0,0,3,3,268,history_arc8_width015,[],22546.37372380799,0,,0.0,,False,0,411.41831633333334,"[2, 4, 5, 6, 8, 9, 11, 12, 13, 14, 15, 16, 17, 19, 20]",30.0,4,68,0.5,14,1,30,4,30,15,ordinary,22,full_coverage_and_all_discovered_cleared,244,6171.274745,40.0,constant,,0.06925216602394357
8,2,True,0,8,5,5,1,uniform__smooth__68,uniform__smooth,10,23,15,15,247,,bounded_transverse_width,,locked,44,0.04184000000000054,15,cached_distance_prefix_sum,0,0,,,True,0,,,,,,,,0,23,3,0,0,3,2,230,fast_locked_width015,[],22232.690808021667,0,,0.0,,False,0,391.9692106,"[2, 4, 5, 6, 8, 9, 11, 12, 13, 14, 15, 16, 17, 19, 20]",30.0,4,68,1.0,33,8,8,3,22,15,ordinary,22,full_coverage_and_all_discovered_cleared,208,5879.538159,40.0,constant,,0.041860666999127716
7,1,True,0,7,5,5,0,uniform__smooth__68,uniform__smooth,10,23,15,15,245,,bounded_transverse_width,,locked,43,0.055462000000000344,15,cached_distance_prefix_sum,0,0,,,True,0,ends,0,0,8,1102,4,2,0,23,3,0,0,2,2,228,history_locked8_width015,[],21901.722509798696,0,,0.0,,False,0,386.88963333333334,"[2, 4, 5, 6, 8, 9, 11, 12, 13, 14, 15, 16, 17, 19, 20]",30.0,4,68,1.0,32,6,8,3,21,15,ordinary,22,full_coverage_and_all_discovered_cleared,208,5803.3445,40.0,constant,,0.055516250024084
13,1,True,0,13,1,2,0,uniform__smooth__69,uniform__smooth,14,30,16,15,264,,bounded_transverse_width,,base,0,0.05291000000000068,15,,0,0,,,False,0,,,,,,,,0,30,1,49,0,4,3,246,range_width015,[],24232.059215281944,0,,0.0,,False,0,425.2274558666667,"[2, 3, 4, 5, 6, 7, 8, 9, 10, 11, 12, 13, 14, 16, 18]",30.0,4,69,1.0,29,5,50,1,27,15,ordinary,22,full_coverage_and_all_discovered_cleared,224,6378.411838,40.0,constant,,0.05296141601866111
13,1,True,0,13,1,2,0,uniform__smooth__69,uniform__smooth,14,30,16,15,264,,bounded_transverse_width,,base,0,0.0610369999999989,15,,0,0,,,False,0,recent,0,0,8,515,1,1,0,30,1,49,0,4,3,246,history_recent8_width015,[],24251.772520423365,0,,0.0,,False,0,425.49029993333335,"[2, 3, 4, 5, 6, 7, 8, 9, 10, 11, 12, 13, 14, 16, 18]",30.0,4,69,1.0,29,5,50,1,27,15,ordinary,22,full_coverage_and_all_discovered_cleared,224,6382.354499,40.0,constant,,0.06106679199729115
13,1,True,0,13,1,2,0,uniform__smooth__69,uniform__smooth,14,30,16,15,264,,bounded_transverse_width,,base,0,0.05968099999999943,15,,0,0,,,False,0,first,0,0,8,515,1,1,0,30,1,49,0,4,3,246,history_first8_width015,[],24251.772520423365,0,,0.0,,False,0,425.49029993333335,"[2, 3, 4, 5, 6, 7, 8, 9, 10, 11, 12, 13, 14, 16, 18]",30.0,4,69,1.0,29,5,50,1,27,15,ordinary,22,full_coverage_and_all_discovered_cleared,224,6382.354499,40.0,constant,,0.05968991603003815
13,1,True,0,13,1,2,0,uniform__smooth__69,uniform__smooth,14,30,16,15,264,,bounded_transverse_width,,base,0,0.05771000000000015,15,,0,0,,,False,0,ends,0,0,4,313,1,1,0,30,1,49,0,4,3,246,history_ends4_width015,[],24251.772520423365,0,,0.0,,False,0,425.49029993333335,"[2, 3, 4, 5, 6, 7, 8, 9, 10, 11, 12, 13, 14, 16, 18]",30.0,4,69,1.0,29,5,50,1,27,15,ordinary,22,full_coverage_and_all_discovered_cleared,224,6382.354499,40.0,constant,,0.057743625016883016
13,1,True,0,13,1,2,0,uniform__smooth__69,uniform__smooth,14,30,16,15,264,,bounded_transverse_width,,base,0,0.06253699999999895,15,,0,0,,,False,0,ends,0,0,8,737,1,1,0,30,1,49,0,4,3,246,history_ends8_width015,[],24251.772520423365,0,,0.0,,False,0,425.49029993333335,"[2, 3, 4, 5, 6, 7, 8, 9, 10, 11, 12, 13, 14, 16, 18]",30.0,4,69,1.0,29,5,50,1,27,15,ordinary,22,full_coverage_and_all_discovered_cleared,224,6382.354499,40.0,constant,,0.06258766603423283
14,1,True,0,14,1,2,0,uniform__smooth__69,uniform__smooth,14,30,16,15,265,,bounded_transverse_width,,base,0,0.07374300000000034,15,,0,0,,,False,0,ends,0,0,16,1722,4,3,0,30,1,50,0,4,3,247,history_ends16_width015,[],24280.86186869601,0,,0.0,,False,0,426.21149126666666,"[2, 3, 4, 5, 6, 7, 8, 9, 10, 11, 12, 13, 14, 16, 18]",30.0,4,69,1.0,29,5,50,1,28,15,ordinary,22,full_coverage_and_all_discovered_cleared,224,6393.172369,40.0,constant,,0.07385437499033287
17,3,True,0,17,3,5,0,uniform__smooth__69,uniform__smooth,12,16,17,15,239,,bounded_transverse_width,,arc,51,0.05394199999999927,15,cached_distance_prefix_sum,0,0,,,False,0,,,,,,,,0,16,6,0,0,4,3,220,fast_arc05_width015,[],21977.060324934737,0,,0.0,,False,0,384.8274707333333,"[2, 3, 4, 5, 6, 7, 8, 9, 10, 11, 12, 13, 14, 16, 18]",30.0,4,69,0.5,24,17,17,6,29,15,ordinary,22,full_coverage_and_all_discovered_cleared,196,5772.412061,40.0,constant,,0.05395912501262501
16,2,True,0,16,4,5,0,uniform__smooth__69,uniform__smooth,11,15,16,15,240,,bounded_transverse_width,,arc,51,0.06868099999999977,15,cached_distance_prefix_sum,0,0,,,False,0,ends,0,0,8,1046,3,1,0,15,8,0,0,3,2,222,history_arc8_width015,[],22124.908017697755,0,,0.0,,False,0,387.3321066666667,"[2, 3, 4, 5, 6, 7, 8, 9, 10, 11, 12, 13, 14, 16, 18]",30.0,4,69,0.5,26,18,17,8,29,15,ordinary,22,full_coverage_and_all_discovered_cleared,197,5809.9816,40.0,constant,,0.06877425004495308
12,3,True,0,12,3,5,0,uniform__smooth__69,uniform__smooth,12,32,17,15,246,,bounded_transverse_width,,locked,46,0.05152200000000029,15,cached_distance_prefix_sum,0,0,,,True,0,,,,,,,,0,32,2,0,0,3,3,227,fast_locked_width015,[],22930.7996597403,0,,0.0,,False,0,400.4106620666667,"[2, 3, 4, 5, 6, 7, 8, 9, 10, 11, 12, 13, 14, 16, 18]",30.0,4,69,1.0,33,6,10,2,24,15,ordinary,22,full_coverage_and_all_discovered_cleared,204,6006.159931,40.0,constant,,0.05158341600326821
12,3,True,0,12,3,5,0,uniform__smooth__69,uniform__smooth,12,32,17,15,246,,bounded_transverse_width,,locked,46,0.06109700000000018,15,cached_distance_prefix_sum,0,0,,,True,0,ends,0,0,8,829,1,1,0,32,2,0,0,3,3,227,history_locked8_width015,[],22930.7996597403,0,,0.0,,False,0,400.4106620666667,"[2, 3, 4, 5, 6, 7, 8, 9, 10, 11, 12, 13, 14, 16, 18]",30.0,4,69,1.0,33,6,10,2,24,15,ordinary,22,full_coverage_and_all_discovered_cleared,204,6006.159931,40.0,constant,,0.06114700000034645
9,2,True,0,9,3,3,0,uniform__smooth__70,uniform__smooth,7,6,10,10,322,,bounded_transverse_width,,base,0,0.028851999999998768,10,,0,0,,,False,0,,,,,,,,0,6,2,39,0,4,3,310,range_width015,[],21960.394844633425,0,,0.0,,False,0,628.0078964,"[2, 3, 5, 10, 11, 13, 15, 16, 19, 20]",30.0,4,70,1.0,6,2,0,2,17,10,ordinary,22,full_coverage_and_all_discovered_cleared,288,6280.078964,40.0,constant,,0.028934750007465482
9,2,True,0,9,3,3,0,uniform__smooth__70,uniform__smooth,7,6,10,10,322,,bounded_transverse_width,,base,0,0.03939899999999952,10,,0,0,,,False,0,recent,0,0,8,666,0,0,0,6,2,39,0,4,3,310,history_recent8_width015,[],21960.394844633425,0,,0.0,,False,0,628.0078964,"[2, 3, 5, 10, 11, 13, 15, 16, 19, 20]",30.0,4,70,1.0,6,2,0,2,17,10,ordinary,22,full_coverage_and_all_discovered_cleared,288,6280.078964,40.0,constant,,0.03956075001042336
9,2,True,0,9,3,3,0,uniform__smooth__70,uniform__smooth,7,6,10,10,322,,bounded_transverse_width,,base,0,0.03637999999999941,10,,0,0,,,False,0,first,0,0,8,666,0,0,0,6,2,39,0,4,3,310,history_first8_width015,[],21960.394844633425,0,,0.0,,False,0,628.0078964,"[2, 3, 5, 10, 11, 13, 15, 16, 19, 20]",30.0,4,70,1.0,6,2,0,2,17,10,ordinary,22,full_coverage_and_all_discovered_cleared,288,6280.078964,40.0,constant,,0.036416082992218435
9,2,True,0,9,3,3,0,uniform__smooth__70,uniform__smooth,7,6,10,10,322,,bounded_transverse_width,,base,0,0.03420299999999976,10,,0,0,,,False,0,ends,0,0,4,303,0,0,0,6,2,39,0,4,3,310,history_ends4_width015,[],21960.394844633425,0,,0.0,,False,0,628.0078964,"[2, 3, 5, 10, 11, 13, 15, 16, 19, 20]",30.0,4,70,1.0,6,2,0,2,17,10,ordinary,22,full_coverage_and_all_discovered_cleared,288,6280.078964,40.0,constant,,0.034228583972435445
9,2,True,0,9,3,3,0,uniform__smooth__70,uniform__smooth,7,6,10,10,322,,bounded_transverse_width,,base,0,0.04173199999999966,10,,0,0,,,False,0,ends,0,0,8,1073,0,0,0,6,2,39,0,4,3,310,history_ends8_width015,[],21960.394844633425,0,,0.0,,False,0,628.0078964,"[2, 3, 5, 10, 11, 13, 15, 16, 19, 20]",30.0,4,70,1.0,6,2,0,2,17,10,ordinary,22,full_coverage_and_all_discovered_cleared,288,6280.078964,40.0,constant,,0.04177458304911852
9,2,True,0,9,3,3,0,uniform__smooth__70,uniform__smooth,7,6,10,10,322,,bounded_transverse_width,,base,0,0.048458999999999364,10,,0,0,,,False,0,ends,0,0,16,1775,0,0,0,6,2,39,0,4,3,310,history_ends16_width015,[],21960.394844633425,0,,0.0,,False,0,628.0078964,"[2, 3, 5, 10, 11, 13, 15, 16, 19, 20]",30.0,4,70,1.0,6,2,0,2,17,10,ordinary,22,full_coverage_and_all_discovered_cleared,288,6280.078964,40.0,constant,,0.0484884160105139
11,1,True,0,11,2,2,0,uniform__smooth__70,uniform__smooth,8,47,10,10,326,,bounded_transverse_width,,arc,42,0.04142399999999924,10,cached_distance_prefix_sum,0,0,,,False,0,,,,,,,,0,47,7,0,0,4,3,314,fast_arc05_width015,[],20573.784281344335,0,,0.0,,False,0,602.8756854000001,"[2, 3, 5, 10, 11, 13, 15, 16, 19, 20]",30.0,4,70,0.5,5,2,2,7,20,10,ordinary,22,full_coverage_and_all_discovered_cleared,294,6028.756854,40.0,constant,,0.04143041599309072
11,1,True,0,11,2,2,0,uniform__smooth__70,uniform__smooth,8,47,10,10,326,,bounded_transverse_width,,arc,42,0.05337300000000056,10,cached_distance_prefix_sum,0,0,,,False,0,ends,0,0,8,969,0,0,0,47,7,0,0,4,3,314,history_arc8_width015,[],20573.784281344335,0,,0.0,,False,0,602.8756854000001,"[2, 3, 5, 10, 11, 13, 15, 16, 19, 20]",30.0,4,70,0.5,5,2,2,7,20,10,ordinary,22,full_coverage_and_all_discovered_cleared,294,6028.756854,40.0,constant,,0.05343799997353926
9,0,True,0,9,1,2,0,uniform__smooth__70,uniform__smooth,9,21,11,10,328,,bounded_transverse_width,,locked,41,0.030034999999999812,10,cached_distance_prefix_sum,0,0,,,True,0,,,,,,,,0,21,5,0,0,2,2,315,fast_locked_width015,[],21139.0955361549,0,,0.0,,False,0,614.9819104999999,"[2, 3, 5, 10, 11, 13, 15, 16, 19, 20]",30.0,4,70,1.0,5,1,13,5,19,10,ordinary,22,full_coverage_and_all_discovered_cleared,294,6149.819105,40.0,constant,,0.03004083299310878
9,0,True,0,9,1,2,0,uniform__smooth__70,uniform__smooth,9,21,11,10,328,,bounded_transverse_width,,locked,41,0.03832300000000011,10,cached_distance_prefix_sum,0,0,,,True,0,ends,0,0,8,585,0,0,0,21,5,0,0,2,2,315,history_locked8_width015,[],21139.0955361549,0,,0.0,,False,0,614.9819104999999,"[2, 3, 5, 10, 11, 13, 15, 16, 19, 20]",30.0,4,70,1.0,5,1,13,5,19,10,ordinary,22,full_coverage_and_all_discovered_cleared,294,6149.819105,40.0,constant,,0.03833875001873821
14,2,True,0,14,1,3,0,uniform__smooth__71,uniform__smooth,11,26,14,12,300,,bounded_transverse_width,,base,0,0.03697600000000101,12,,0,0,,,False,0,,,,,,,,0,26,4,46,0,4,3,284,range_width015,[],25085.11232509266,0,,0.0,,False,0,563.4185385833333,"[1, 2, 4, 5, 7, 9, 10, 13, 17, 18, 19, 20]",30.0,4,71,1.0,14,4,10,4,24,12,ordinary,22,full_coverage_and_all_discovered_cleared,258,6761.022463,40.0,constant,,0.036980582983233035
14,2,True,0,14,1,3,0,uniform__smooth__71,uniform__smooth,11,26,14,12,300,,bounded_transverse_width,,base,0,0.04867899999999992,12,,0,0,,,False,0,recent,0,0,8,834,0,0,0,26,4,46,0,4,3,284,history_recent8_width015,[],25085.11232509266,0,,0.0,,False,0,563.4185385833333,"[1, 2, 4, 5, 7, 9, 10, 13, 17, 18, 19, 20]",30.0,4,71,1.0,14,4,10,4,24,12,ordinary,22,full_coverage_and_all_discovered_cleared,258,6761.022463,40.0,constant,,0.0487541250186041
14,2,True,0,14,1,3,0,uniform__smooth__71,uniform__smooth,11,26,14,12,300,,bounded_transverse_width,,base,0,0.0451119999999996,12,,0,0,,,False,0,first,0,0,8,834,0,0,0,26,4,46,0,4,3,284,history_first8_width015,[],25085.11232509266,0,,0.0,,False,0,563.4185385833333,"[1, 2, 4, 5, 7, 9, 10, 13, 17, 18, 19, 20]",30.0,4,71,1.0,14,4,10,4,24,12,ordinary,22,full_coverage_and_all_discovered_cleared,258,6761.022463,40.0,constant,,0.04515666700899601
14,2,True,0,14,1,3,0,uniform__smooth__71,uniform__smooth,11,26,14,12,300,,bounded_transverse_width,,base,0,0.04255799999999965,12,,0,0,,,False,0,ends,0,0,4,392,0,0,0,26,4,46,0,4,3,284,history_ends4_width015,[],25085.11232509266,0,,0.0,,False,0,563.4185385833333,"[1, 2, 4, 5, 7, 9, 10, 13, 17, 18, 19, 20]",30.0,4,71,1.0,14,4,10,4,24,12,ordinary,22,full_coverage_and_all_discovered_cleared,258,6761.022463,40.0,constant,,0.042575291998218745
14,2,True,0,14,1,3,0,uniform__smooth__71,uniform__smooth,11,26,14,12,300,,bounded_transverse_width,,base,0,0.051752999999999716,12,,0,0,,,False,0,ends,0,0,8,1400,0,0,0,26,4,46,0,4,3,284,history_ends8_width015,[],25085.11232509266,0,,0.0,,False,0,563.4185385833333,"[1, 2, 4, 5, 7, 9, 10, 13, 17, 18, 19, 20]",30.0,4,71,1.0,14,4,10,4,24,12,ordinary,22,full_coverage_and_all_discovered_cleared,258,6761.022463,40.0,constant,,0.05182975000934675
14,2,True,0,14,1,3,0,uniform__smooth__71,uniform__smooth,11,26,14,12,300,,bounded_transverse_width,,base,0,0.07117299999999993,12,,0,0,,,False,0,ends,0,0,16,3435,1,1,0,26,4,46,0,4,3,284,history_ends16_width015,[],25081.526430570302,0,,0.0,,False,0,563.3587736666667,"[1, 2, 4, 5, 7, 9, 10, 13, 17, 18, 19, 20]",30.0,4,71,1.0,14,4,10,4,24,12,ordinary,22,full_coverage_and_all_discovered_cleared,258,6760.305284,40.0,constant,,0.07122024998534471
14,3,True,0,14,4,5,1,uniform__smooth__71,uniform__smooth,8,30,13,12,307,,bounded_transverse_width,,arc,46,0.04313600000000051,12,cached_distance_prefix_sum,0,0,,,False,0,,,,,,,,0,30,2,0,0,3,3,292,fast_arc05_width015,[],22725.984254969575,0,,0.0,,False,0,528.0164038333334,"[1, 2, 4, 5, 7, 9, 10, 13, 17, 18, 19, 20]",30.0,4,71,0.5,14,0,1,2,24,12,ordinary,22,full_coverage_and_all_discovered_cleared,268,6336.196846,40.0,constant,,0.04314774996601045
14,3,True,0,14,4,5,1,uniform__smooth__71,uniform__smooth,8,30,13,12,307,,bounded_transverse_width,,arc,46,0.05937600000000032,12,cached_distance_prefix_sum,0,0,,,False,0,ends,0,0,8,1396,5,2,0,30,2,0,0,3,3,292,history_arc8_width015,[],22725.011245886453,0,,0.0,,False,0,528.0001870833333,"[1, 2, 4, 5, 7, 9, 10, 13, 17, 18, 19, 20]",30.0,4,71,0.5,14,0,1,2,24,12,ordinary,22,full_coverage_and_all_discovered_cleared,268,6336.002245,40.0,constant,,0.05941112496657297
13,4,True,0,13,2,2,1,uniform__smooth__71,uniform__smooth,10,30,12,12,312,,bounded_transverse_width,,locked,44,0.035973000000000255,12,cached_distance_prefix_sum,0,0,,,True,0,,,,,,,,0,30,3,0,0,5,3,298,fast_locked_width015,[],23609.85687208212,0,,0.0,,False,0,545.2476144166667,"[1, 2, 4, 5, 7, 9, 10, 13, 17, 18, 19, 20]",30.0,4,71,1.0,14,16,1,3,22,12,ordinary,22,full_coverage_and_all_discovered_cleared,271,6542.971373,40.0,constant,,0.03601245803292841
13,4,True,0,13,2,2,1,uniform__smooth__71,uniform__smooth,10,30,12,12,312,,bounded_transverse_width,,locked,44,0.053314000000000306,12,cached_distance_prefix_sum,0,0,,,True,0,ends,0,0,8,1455,5,3,0,30,3,0,0,5,3,298,history_locked8_width015,[],23609.857760103623,0,,0.0,,False,0,545.2476293333333,"[1, 2, 4, 5, 7, 9, 10, 13, 17, 18, 19, 20]",30.0,4,71,1.0,14,16,1,3,22,12,ordinary,22,full_coverage_and_all_discovered_cleared,271,6542.971552,40.0,constant,,0.053434957982972264
9,1,True,0,9,1,2,0,uniform__adversarial-positive__67,uniform__adversarial-positive,9,29,11,10,312,,bounded_transverse_width,,base,0,0.03232700000000044,10,,0,0,,,False,0,,,,,,,,0,29,3,40,0,3,2,299,range_width015,[],20665.981202830313,0,,0.0,,False,0,595.6196235,"[4, 5, 7, 8, 9, 10, 14, 15, 18, 19]",30.0,4,67,1.0,17,2,3,3,18,10,ordinary,22,full_coverage_and_all_discovered_cleared,275,5956.196235,40.0,constant,,0.03235595894511789
9,1,True,0,9,1,2,0,uniform__adversarial-positive__67,uniform__adversarial-positive,9,29,11,10,312,,bounded_transverse_width,,base,0,0.04040700000000008,10,,0,0,,,False,0,recent,0,0,8,442,0,0,0,29,3,40,0,3,2,299,history_recent8_width015,[],20665.981202830313,0,,0.0,,False,0,595.6196235,"[4, 5, 7, 8, 9, 10, 14, 15, 18, 19]",30.0,4,67,1.0,17,2,3,3,18,10,ordinary,22,full_coverage_and_all_discovered_cleared,275,5956.196235,40.0,constant,,0.040445290971547365
9,1,True,0,9,1,2,0,uniform__adversarial-positive__67,uniform__adversarial-positive,9,29,11,10,312,,bounded_transverse_width,,base,0,0.03808199999999928,10,,0,0,,,False,0,first,0,0,8,442,0,0,0,29,3,40,0,3,2,299,history_first8_width015,[],20665.981202830313,0,,0.0,,False,0,595.6196235,"[4, 5, 7, 8, 9, 10, 14, 15, 18, 19]",30.0,4,67,1.0,17,2,3,3,18,10,ordinary,22,full_coverage_and_all_discovered_cleared,275,5956.196235,40.0,constant,,0.03810312499990687
9,1,True,0,9,1,2,0,uniform__adversarial-positive__67,uniform__adversarial-positive,9,29,11,10,312,,bounded_transverse_width,,base,0,0.038114999999999455,10,,0,0,,,False,0,ends,0,0,4,343,0,0,0,29,3,40,0,3,2,299,history_ends4_width015,[],20665.981202830313,0,,0.0,,False,0,595.6196235,"[4, 5, 7, 8, 9, 10, 14, 15, 18, 19]",30.0,4,67,1.0,17,2,3,3,18,10,ordinary,22,full_coverage_and_all_discovered_cleared,275,5956.196235,40.0,constant,,0.03815954196033999
9,1,True,0,9,1,2,0,uniform__adversarial-positive__67,uniform__adversarial-positive,9,29,11,10,312,,bounded_transverse_width,,base,0,0.042004999999999626,10,,0,0,,,False,0,ends,0,0,8,713,0,0,0,29,3,40,0,3,2,299,history_ends8_width015,[],20665.981202830313,0,,0.0,,False,0,595.6196235,"[4, 5, 7, 8, 9, 10, 14, 15, 18, 19]",30.0,4,67,1.0,17,2,3,3,18,10,ordinary,22,full_coverage_and_all_discovered_cleared,275,5956.196235,40.0,constant,,0.042057457962073386
9,1,True,0,9,1,2,0,uniform__adversarial-positive__67,uniform__adversarial-positive,9,29,11,10,312,,bounded_transverse_width,,base,0,0.04373599999999911,10,,0,0,,,False,0,ends,0,0,16,753,0,0,0,29,3,40,0,3,2,299,history_ends16_width015,[],20665.981202830313,0,,0.0,,False,0,595.6196235,"[4, 5, 7, 8, 9, 10, 14, 15, 18, 19]",30.0,4,67,1.0,17,2,3,3,18,10,ordinary,22,full_coverage_and_all_discovered_cleared,275,5956.196235,40.0,constant,,0.043806000030599535
13,1,True,0,13,2,3,0,uniform__adversarial-positive__67,uniform__adversarial-positive,8,22,11,10,305,,bounded_transverse_width,,arc,44,0.039505999999999375,10,cached_distance_prefix_sum,0,0,,,False,0,,,,,,,,0,22,3,0,0,3,3,292,fast_arc05_width015,[],20077.898116412154,0,,0.0,,False,0,579.657962,"[4, 5, 7, 8, 9, 10, 14, 15, 18, 19]",30.0,4,67,0.5,10,4,0,3,22,10,ordinary,22,full_coverage_and_all_discovered_cleared,268,5796.57962,40.0,constant,,0.03951820801012218
13,1,True,0,13,2,3,0,uniform__adversarial-positive__67,uniform__adversarial-positive,8,22,11,10,305,,bounded_transverse_width,,arc,44,0.0462750000000014,10,cached_distance_prefix_sum,0,0,,,False,0,ends,0,0,8,438,0,0,0,22,3,0,0,3,3,292,history_arc8_width015,[],20077.898116412154,0,,0.0,,False,0,579.657962,"[4, 5, 7, 8, 9, 10, 14, 15, 18, 19]",30.0,4,67,0.5,10,4,0,3,22,10,ordinary,22,full_coverage_and_all_discovered_cleared,268,5796.57962,40.0,constant,,0.04632495797704905
9,1,True,0,9,2,3,0,uniform__adversarial-positive__67,uniform__adversarial-positive,8,33,11,10,322,,bounded_transverse_width,,locked,40,0.02910400000000024,10,cached_distance_prefix_sum,0,0,,,True,0,,,,,,,,0,33,4,0,0,4,3,309,fast_locked_width015,[],21980.640637490556,0,,0.0,,False,0,628.0128124,"[4, 5, 7, 8, 9, 10, 14, 15, 18, 19]",30.0,4,67,1.0,8,2,0,4,18,10,ordinary,22,full_coverage_and_all_discovered_cleared,286,6280.128124,40.0,constant,,0.029119125043507665
9,1,True,0,9,2,3,0,uniform__adversarial-positive__67,uniform__adversarial-positive,8,33,11,10,322,,bounded_transverse_width,,locked,40,0.038930000000000575,10,cached_distance_prefix_sum,0,0,,,True,0,ends,0,0,8,846,0,0,0,33,4,0,0,4,3,309,history_locked8_width015,[],21980.640637490556,0,,0.0,,False,0,628.0128124,"[4, 5, 7, 8, 9, 10, 14, 15, 18, 19]",30.0,4,67,1.0,8,2,0,4,18,10,ordinary,22,full_coverage_and_all_discovered_cleared,286,6280.128124,40.0,constant,,0.038962083985097706
21,3,True,0,21,2,3,0,uniform__adversarial-positive__68,uniform__adversarial-positive,13,27,16,15,267,,bounded_transverse_width,,base,0,0.05073400000000028,15,,0,0,,,False,0,,,,,,,,0,27,4,55,0,4,3,249,range_width015,[],25805.126944567583,0,,0.0,,False,0,447.2016924,"[2, 4, 5, 6, 8, 9, 11, 12, 13, 14, 15, 16, 17, 19, 20]",30.0,4,68,1.0,23,23,10,4,33,15,ordinary,22,full_coverage_and_all_discovered_cleared,224,6708.025386,40.0,constant,,0.05079016700619832
15,1,True,0,15,3,3,0,uniform__adversarial-positive__68,uniform__adversarial-positive,12,48,15,15,283,,bounded_transverse_width,,base,0,0.06418500000000016,15,,0,0,,,False,0,recent,0,0,8,1157,3,3,0,48,2,51,0,4,3,266,history_recent8_width015,[],23307.653938804015,0,,0.0,,False,0,420.768719,"[2, 4, 5, 6, 8, 9, 11, 12, 13, 14, 15, 16, 17, 19, 20]",30.0,4,68,1.0,19,13,11,2,29,15,ordinary,22,full_coverage_and_all_discovered_cleared,245,6311.530785,40.0,constant,,0.06422062497586012
15,1,True,0,15,3,3,0,uniform__adversarial-positive__68,uniform__adversarial-positive,12,48,15,15,283,,bounded_transverse_width,,base,0,0.060698999999999614,15,,0,0,,,False,0,first,0,0,8,1157,3,3,0,48,2,51,0,4,3,266,history_first8_width015,[],23307.653938804015,0,,0.0,,False,0,420.768719,"[2, 4, 5, 6, 8, 9, 11, 12, 13, 14, 15, 16, 17, 19, 20]",30.0,4,68,1.0,19,13,11,2,29,15,ordinary,22,full_coverage_and_all_discovered_cleared,245,6311.530785,40.0,constant,,0.060718458029441535
15,1,True,0,15,3,3,0,uniform__adversarial-positive__68,uniform__adversarial-positive,12,48,15,15,283,,bounded_transverse_width,,base,0,0.056970000000003296,15,,0,0,,,False,0,ends,0,0,4,593,3,3,0,48,2,51,0,4,3,266,history_ends4_width015,[],23307.653938804015,0,,0.0,,False,0,420.768719,"[2, 4, 5, 6, 8, 9, 11, 12, 13, 14, 15, 16, 17, 19, 20]",30.0,4,68,1.0,19,13,11,2,29,15,ordinary,22,full_coverage_and_all_discovered_cleared,245,6311.530785,40.0,constant,,0.05700633401283994
15,1,True,0,15,3,3,0,uniform__adversarial-positive__68,uniform__adversarial-positive,12,48,15,15,283,,bounded_transverse_width,,base,0,0.07164799999999971,15,,0,0,,,False,0,ends,0,0,8,1907,3,3,0,48,2,51,0,4,3,266,history_ends8_width015,[],23307.653938804015,0,,0.0,,False,0,420.768719,"[2, 4, 5, 6, 8, 9, 11, 12, 13, 14, 15, 16, 17, 19, 20]",30.0,4,68,1.0,19,13,11,2,29,15,ordinary,22,full_coverage_and_all_discovered_cleared,245,6311.530785,40.0,constant,,0.07172595802694559
15,1,True,0,15,3,3,0,uniform__adversarial-positive__68,uniform__adversarial-positive,12,48,15,15,283,,bounded_transverse_width,,base,0,0.08520199999999889,15,,0,0,,,False,0,ends,0,0,16,3687,5,3,0,48,2,51,0,4,3,266,history_ends16_width015,[],23307.653938804015,0,,0.0,,False,0,420.768719,"[2, 4, 5, 6, 8, 9, 11, 12, 13, 14, 15, 16, 17, 19, 20]",30.0,4,68,1.0,19,13,11,2,29,15,ordinary,22,full_coverage_and_all_discovered_cleared,245,6311.530785,40.0,constant,,0.08533020794857293
17,3,True,0,17,6,6,1,uniform__adversarial-positive__68,uniform__adversarial-positive,9,26,15,15,269,,bounded_transverse_width,,arc,52,0.048639999999998906,15,cached_distance_prefix_sum,0,0,,,False,0,,,,,,,,0,26,6,0,0,3,3,252,fast_arc05_width015,[],22993.589007710576,0,,0.0,,False,0,410.78118646666667,"[2, 4, 5, 6, 8, 9, 11, 12, 13, 14, 15, 16, 17, 19, 20]",30.0,4,68,0.5,24,5,20,6,30,15,ordinary,22,full_coverage_and_all_discovered_cleared,228,6161.717797,40.0,constant,,0.0486845409614034
15,1,True,0,15,6,6,0,uniform__adversarial-positive__68,uniform__adversarial-positive,9,26,15,15,267,,bounded_transverse_width,,arc,51,0.06499099999999913,15,cached_distance_prefix_sum,0,0,,,False,0,ends,0,0,8,1536,1,1,0,26,6,0,0,3,3,250,history_arc8_width015,[],22579.51397193044,0,,0.0,,False,0,404.59351933333335,"[2, 4, 5, 6, 8, 9, 11, 12, 13, 14, 15, 16, 17, 19, 20]",30.0,4,68,0.5,24,1,20,6,29,15,ordinary,22,full_coverage_and_all_discovered_cleared,228,6068.90279,40.0,constant,,0.06503758300095797
15,4,True,0,15,4,8,1,uniform__adversarial-positive__68,uniform__adversarial-positive,11,23,19,15,263,,bounded_transverse_width,,locked,49,0.04876199999999997,15,cached_distance_prefix_sum,0,0,,,True,0,,,,,,,,0,23,3,0,0,4,3,242,fast_locked_width015,[],22675.005593118352,0,,0.0,,False,0,403.3334076666667,"[2, 4, 5, 6, 8, 9, 11, 12, 13, 14, 15, 16, 17, 19, 20]",30.0,4,68,1.0,38,13,8,3,27,15,ordinary,22,full_coverage_and_all_discovered_cleared,218,6050.001115,40.0,constant,,0.04879108403110877
13,2,True,0,13,4,8,0,uniform__adversarial-positive__68,uniform__adversarial-positive,11,23,19,15,260,,bounded_transverse_width,,locked,48,0.06384599999999807,15,cached_distance_prefix_sum,0,0,,,True,0,ends,0,0,8,1416,2,1,0,23,3,0,0,4,3,239,history_locked8_width015,[],22260.941612358212,0,,0.0,,False,0,396.6792213333334,"[2, 4, 5, 6, 8, 9, 11, 12, 13, 14, 15, 16, 17, 19, 20]",30.0,4,68,1.0,37,10,8,3,26,15,ordinary,22,full_coverage_and_all_discovered_cleared,216,5950.18832,40.0,constant,,0.06386362499324605
12,2,True,0,12,5,8,0,uniform__adversarial-positive__69,uniform__adversarial-positive,10,30,18,15,278,,bounded_transverse_width,,base,0,0.04834500000000119,15,,0,0,,,False,0,,,,,,,,0,30,2,47,0,3,2,258,range_width015,[],21891.848318524124,0,,0.0,,False,0,399.2913108,"[2, 3, 4, 5, 6, 7, 8, 9, 10, 11, 12, 13, 14, 16, 18]",30.0,4,69,1.0,26,3,20,2,25,15,ordinary,22,full_coverage_and_all_discovered_cleared,237,5989.369662,40.0,constant,,0.04847679199883714
12,2,True,0,12,5,8,0,uniform__adversarial-positive__69,uniform__adversarial-positive,10,30,18,15,279,,bounded_transverse_width,,base,0,0.06223200000000162,15,,0,0,,,False,0,recent,0,0,8,943,1,1,0,30,2,47,0,3,2,259,history_recent8_width015,[],21891.848318524124,0,,0.0,,False,0,399.62464413333333,"[2, 3, 4, 5, 6, 7, 8, 9, 10, 11, 12, 13, 14, 16, 18]",30.0,4,69,1.0,27,3,20,2,25,15,ordinary,22,full_coverage_and_all_discovered_cleared,237,5994.369662,40.0,constant,,0.06228891701903194
12,2,True,0,12,5,8,0,uniform__adversarial-positive__69,uniform__adversarial-positive,10,30,18,15,279,,bounded_transverse_width,,base,0,0.05888000000000204,15,,0,0,,,False,0,first,0,0,8,943,2,2,0,30,2,47,0,3,2,259,history_first8_width015,[],21891.848318524124,0,,0.0,,False,0,399.62464413333333,"[2, 3, 4, 5, 6, 7, 8, 9, 10, 11, 12, 13, 14, 16, 18]",30.0,4,69,1.0,27,3,20,2,25,15,ordinary,22,full_coverage_and_all_discovered_cleared,237,5994.369662,40.0,constant,,0.058957458997610956
12,2,True,0,12,5,8,0,uniform__adversarial-positive__69,uniform__adversarial-positive,10,30,18,15,279,,bounded_transverse_width,,base,0,0.05537400000000048,15,,0,0,,,False,0,ends,0,0,4,423,1,1,0,30,2,47,0,3,2,259,history_ends4_width015,[],21891.848318524124,0,,0.0,,False,0,399.62464413333333,"[2, 3, 4, 5, 6, 7, 8, 9, 10, 11, 12, 13, 14, 16, 18]",30.0,4,69,1.0,27,3,20,2,25,15,ordinary,22,full_coverage_and_all_discovered_cleared,237,5994.369662,40.0,constant,,0.05541670904494822
12,2,True,0,12,5,8,0,uniform__adversarial-positive__69,uniform__adversarial-positive,10,30,18,15,279,,bounded_transverse_width,,base,0,0.06509000000000142,15,,0,0,,,False,0,ends,0,0,8,1435,2,2,0,30,2,47,0,3,2,259,history_ends8_width015,[],21891.848318524124,0,,0.0,,False,0,399.62464413333333,"[2, 3, 4, 5, 6, 7, 8, 9, 10, 11, 12, 13, 14, 16, 18]",30.0,4,69,1.0,27,3,20,2,25,15,ordinary,22,full_coverage_and_all_discovered_cleared,237,5994.369662,40.0,constant,,0.06511033297283575
12,2,True,0,12,5,8,0,uniform__adversarial-positive__69,uniform__adversarial-positive,10,30,18,15,279,,bounded_transverse_width,,base,0,0.07764499999999686,15,,0,0,,,False,0,ends,0,0,16,2841,3,3,0,30,2,47,0,3,2,259,history_ends16_width015,[],21891.848318524124,0,,0.0,,False,0,399.62464413333333,"[2, 3, 4, 5, 6, 7, 8, 9, 10, 11, 12, 13, 14, 16, 18]",30.0,4,69,1.0,27,3,20,2,25,15,ordinary,22,full_coverage_and_all_discovered_cleared,237,5994.369662,40.0,constant,,0.07774345902726054
17,2,True,0,17,3,6,0,uniform__adversarial-positive__69,uniform__adversarial-positive,12,28,18,15,277,,bounded_transverse_width,,arc,52,0.05507300000000015,15,cached_distance_prefix_sum,0,0,,,False,0,,,,,,,,0,28,4,0,0,3,2,257,fast_arc05_width015,[],22460.039296271912,0,,0.0,,False,0,406.46719046666664,"[2, 3, 4, 5, 6, 7, 8, 9, 10, 11, 12, 13, 14, 16, 18]",30.0,4,69,0.5,24,1,27,4,30,15,ordinary,22,full_coverage_and_all_discovered_cleared,236,6097.007857,40.0,constant,,0.05511675000889227
17,2,True,0,17,3,6,0,uniform__adversarial-positive__69,uniform__adversarial-positive,12,27,18,15,278,,bounded_transverse_width,,arc,52,0.06928299999999865,15,cached_distance_prefix_sum,0,0,,,False,0,ends,0,0,8,1234,1,1,0,27,4,0,0,3,2,258,history_arc8_width015,[],22459.755729986486,0,,0.0,,False,0,406.86340959999995,"[2, 3, 4, 5, 6, 7, 8, 9, 10, 11, 12, 13, 14, 16, 18]",30.0,4,69,0.5,24,1,27,4,30,15,ordinary,22,full_coverage_and_all_discovered_cleared,237,6102.951144,40.0,constant,,0.06937729200581089
9,2,True,0,9,4,6,0,uniform__adversarial-positive__69,uniform__adversarial-positive,11,33,17,15,242,,bounded_transverse_width,,locked,44,0.04794199999999904,15,cached_distance_prefix_sum,0,0,,,True,0,,,,,,,,0,33,1,0,0,3,2,223,fast_locked_width015,[],22546.30662354293,0,,0.0,,False,0,393.4174215333333,"[2, 3, 4, 5, 6, 7, 8, 9, 10, 11, 12, 13, 14, 16, 18]",30.0,4,69,1.0,28,6,5,1,22,15,ordinary,22,full_coverage_and_all_discovered_cleared,196,5901.261323,40.0,constant,,0.04796629201155156
9,2,True,0,9,4,6,0,uniform__adversarial-positive__69,uniform__adversarial-positive,11,33,17,15,242,,bounded_transverse_width,,locked,44,0.05782899999999813,15,cached_distance_prefix_sum,0,0,,,True,0,ends,0,0,8,799,1,1,0,33,1,0,0,3,2,223,history_locked8_width015,[],22543.693956478965,0,,0.0,,False,0,393.38258593333336,"[2, 3, 4, 5, 6, 7, 8, 9, 10, 11, 12, 13, 14, 16, 18]",30.0,4,69,1.0,28,6,5,1,22,15,ordinary,22,full_coverage_and_all_discovered_cleared,196,5900.738789,40.0,constant,,0.057902291999198496
8,0,True,0,8,4,5,0,uniform__adversarial-positive__70,uniform__adversarial-positive,6,6,11,10,323,,bounded_transverse_width,,base,0,0.032831999999999084,10,,0,0,,,False,0,,,,,,,,0,6,1,40,0,3,3,310,range_width015,[],22264.85494718749,0,,0.0,,False,0,634.1970987,"[2, 3, 5, 10, 11, 13, 15, 16, 19, 20]",30.0,4,70,1.0,10,1,0,1,18,10,ordinary,22,full_coverage_and_all_discovered_cleared,286,6341.970987,40.0,constant,,0.03285854100249708
8,0,True,0,8,4,5,0,uniform__adversarial-positive__70,uniform__adversarial-positive,6,6,11,10,323,,bounded_transverse_width,,base,0,0.04133799999999965,10,,0,0,,,False,0,recent,0,0,8,556,0,0,0,6,1,40,0,3,3,310,history_recent8_width015,[],22264.85494718749,0,,0.0,,False,0,634.1970987,"[2, 3, 5, 10, 11, 13, 15, 16, 19, 20]",30.0,4,70,1.0,10,1,0,1,18,10,ordinary,22,full_coverage_and_all_discovered_cleared,286,6341.970987,40.0,constant,,0.041360249975696206
8,0,True,0,8,4,5,0,uniform__adversarial-positive__70,uniform__adversarial-positive,6,6,11,10,323,,bounded_transverse_width,,base,0,0.03875899999999888,10,,0,0,,,False,0,first,0,0,8,556,0,0,0,6,1,40,0,3,3,310,history_first8_width015,[],22264.85494718749,0,,0.0,,False,0,634.1970987,"[2, 3, 5, 10, 11, 13, 15, 16, 19, 20]",30.0,4,70,1.0,10,1,0,1,18,10,ordinary,22,full_coverage_and_all_discovered_cleared,286,6341.970987,40.0,constant,,0.03877566696610302
8,0,True,0,8,4,5,0,uniform__adversarial-positive__70,uniform__adversarial-positive,6,6,11,10,323,,bounded_transverse_width,,base,0,0.03658800000000184,10,,0,0,,,False,0,ends,0,0,4,249,0,0,0,6,1,40,0,3,3,310,history_ends4_width015,[],22264.85494718749,0,,0.0,,False,0,634.1970987,"[2, 3, 5, 10, 11, 13, 15, 16, 19, 20]",30.0,4,70,1.0,10,1,0,1,18,10,ordinary,22,full_coverage_and_all_discovered_cleared,286,6341.970987,40.0,constant,,0.03664087504148483
8,0,True,0,8,4,5,0,uniform__adversarial-positive__70,uniform__adversarial-positive,6,6,11,10,323,,bounded_transverse_width,,base,0,0.043317000000001826,10,,0,0,,,False,0,ends,0,0,8,877,0,0,0,6,1,40,0,3,3,310,history_ends8_width015,[],22264.85494718749,0,,0.0,,False,0,634.1970987,"[2, 3, 5, 10, 11, 13, 15, 16, 19, 20]",30.0,4,70,1.0,10,1,0,1,18,10,ordinary,22,full_coverage_and_all_discovered_cleared,286,6341.970987,40.0,constant,,0.04335895902477205
8,0,True,0,8,4,5,0,uniform__adversarial-positive__70,uniform__adversarial-positive,6,6,11,10,323,,bounded_transverse_width,,base,0,0.04868199999999945,10,,0,0,,,False,0,ends,0,0,16,1471,0,0,0,6,1,40,0,3,3,310,history_ends16_width015,[],22264.85494718749,0,,0.0,,False,0,634.1970987,"[2, 3, 5, 10, 11, 13, 15, 16, 19, 20]",30.0,4,70,1.0,10,1,0,1,18,10,ordinary,22,full_coverage_and_all_discovered_cleared,286,6341.970987,40.0,constant,,0.04870654095429927
11,2,True,0,11,3,4,0,uniform__adversarial-positive__70,uniform__adversarial-positive,7,22,11,10,329,,bounded_transverse_width,,arc,41,0.03816299999999728,10,cached_distance_prefix_sum,0,0,,,False,0,,,,,,,,0,22,6,0,0,4,2,316,fast_arc05_width015,[],20875.6350381744,0,,0.0,,False,0,609.8127001,"[2, 3, 5, 10, 11, 13, 15, 16, 19, 20]",30.0,4,70,0.5,7,0,7,6,19,10,ordinary,22,full_coverage_and_all_discovered_cleared,290,6098.127001,40.0,constant,,0.038207874982617795
11,2,True,0,11,3,4,0,uniform__adversarial-positive__70,uniform__adversarial-positive,7,22,11,10,329,,bounded_transverse_width,,arc,41,0.04864300000000199,10,cached_distance_prefix_sum,0,0,,,False,0,ends,0,0,8,843,0,0,0,22,6,0,0,4,2,316,history_arc8_width015,[],20875.6350381744,0,,0.0,,False,0,609.8127001,"[2, 3, 5, 10, 11, 13, 15, 16, 19, 20]",30.0,4,70,0.5,7,0,7,6,19,10,ordinary,22,full_coverage_and_all_discovered_cleared,290,6098.127001,40.0,constant,,0.04871775000356138
7,0,True,0,7,3,3,0,uniform__adversarial-positive__70,uniform__adversarial-positive,7,21,10,10,328,,bounded_transverse_width,,locked,39,0.030129999999999768,10,cached_distance_prefix_sum,0,0,,,True,0,,,,,,,,0,21,5,0,0,2,2,316,fast_locked_width015,[],21258.54704429541,0,,0.0,,False,0,617.7709407,"[2, 3, 5, 10, 11, 13, 15, 16, 19, 20]",30.0,4,70,1.0,7,1,11,5,17,10,ordinary,22,full_coverage_and_all_discovered_cleared,296,6177.709407,40.0,constant,,0.030132666986901313
7,0,True,0,7,3,3,0,uniform__adversarial-positive__70,uniform__adversarial-positive,7,21,10,10,328,,bounded_transverse_width,,locked,39,0.03876299999999944,10,cached_distance_prefix_sum,0,0,,,True,0,ends,0,0,8,637,0,0,0,21,5,0,0,2,2,316,history_locked8_width015,[],21258.54704429541,0,,0.0,,False,0,617.7709407,"[2, 3, 5, 10, 11, 13, 15, 16, 19, 20]",30.0,4,70,1.0,7,1,11,5,17,10,ordinary,22,full_coverage_and_all_discovered_cleared,296,6177.709407,40.0,constant,,0.038793332991190255
6,1,True,0,6,2,2,0,uniform__adversarial-positive__71,uniform__adversarial-positive,10,29,12,12,308,,bounded_transverse_width,,base,0,0.03895599999999888,12,,0,0,,,False,0,,,,,,,,0,29,3,39,0,2,2,294,range_width015,[],21455.38334621059,0,,0.0,,False,0,508.0063889166667,"[1, 2, 4, 5, 7, 9, 10, 13, 17, 18, 19, 20]",30.0,4,71,1.0,12,3,28,3,17,12,ordinary,22,full_coverage_and_all_discovered_cleared,275,6096.076667,40.0,constant,,0.03906158305471763
6,1,True,0,6,2,2,0,uniform__adversarial-positive__71,uniform__adversarial-positive,10,29,12,12,308,,bounded_transverse_width,,base,0,0.0519980000000011,12,,0,0,,,False,0,recent,0,0,8,909,0,0,0,29,3,39,0,2,2,294,history_recent8_width015,[],21455.38334621059,0,,0.0,,False,0,508.0063889166667,"[1, 2, 4, 5, 7, 9, 10, 13, 17, 18, 19, 20]",30.0,4,71,1.0,12,3,28,3,17,12,ordinary,22,full_coverage_and_all_discovered_cleared,275,6096.076667,40.0,constant,,0.052081458969041705
6,1,True,0,6,2,2,0,uniform__adversarial-positive__71,uniform__adversarial-positive,10,29,12,12,308,,bounded_transverse_width,,base,0,0.04833199999999849,12,,0,0,,,False,0,first,0,0,8,909,0,0,0,29,3,39,0,2,2,294,history_first8_width015,[],21455.38334621059,0,,0.0,,False,0,508.0063889166667,"[1, 2, 4, 5, 7, 9, 10, 13, 17, 18, 19, 20]",30.0,4,71,1.0,12,3,28,3,17,12,ordinary,22,full_coverage_and_all_discovered_cleared,275,6096.076667,40.0,constant,,0.04837829194730148
6,1,True,0,6,2,2,0,uniform__adversarial-positive__71,uniform__adversarial-positive,10,29,12,12,308,,bounded_transverse_width,,base,0,0.04652800000000212,12,,0,0,,,False,0,ends,0,0,4,456,0,0,0,29,3,39,0,2,2,294,history_ends4_width015,[],21455.38334621059,0,,0.0,,False,0,508.0063889166667,"[1, 2, 4, 5, 7, 9, 10, 13, 17, 18, 19, 20]",30.0,4,71,1.0,12,3,28,3,17,12,ordinary,22,full_coverage_and_all_discovered_cleared,275,6096.076667,40.0,constant,,0.04663050000090152
6,1,True,0,6,2,2,0,uniform__adversarial-positive__71,uniform__adversarial-positive,10,29,12,12,308,,bounded_transverse_width,,base,0,0.0554280000000027,12,,0,0,,,False,0,ends,0,0,8,1428,0,0,0,29,3,39,0,2,2,294,history_ends8_width015,[],21455.38334621059,0,,0.0,,False,0,508.0063889166667,"[1, 2, 4, 5, 7, 9, 10, 13, 17, 18, 19, 20]",30.0,4,71,1.0,12,3,28,3,17,12,ordinary,22,full_coverage_and_all_discovered_cleared,275,6096.076667,40.0,constant,,0.05546633398626
6,1,True,0,6,2,2,0,uniform__adversarial-positive__71,uniform__adversarial-positive,10,29,12,12,308,,bounded_transverse_width,,base,0,0.061747999999997916,12,,0,0,,,False,0,ends,0,0,16,2154,0,0,0,29,3,39,0,2,2,294,history_ends16_width015,[],21455.38334621059,0,,0.0,,False,0,508.0063889166667,"[1, 2, 4, 5, 7, 9, 10, 13, 17, 18, 19, 20]",30.0,4,71,1.0,12,3,28,3,17,12,ordinary,22,full_coverage_and_all_discovered_cleared,275,6096.076667,40.0,constant,,0.061758666997775435
14,1,True,0,14,3,4,0,uniform__adversarial-positive__71,uniform__adversarial-positive,9,18,13,12,305,,bounded_transverse_width,,arc,47,0.043987999999998806,12,cached_distance_prefix_sum,0,0,,,False,0,,,,,,,,0,18,2,0,0,3,3,290,fast_arc05_width015,[],22519.864076675425,0,,0.0,,False,0,523.6644009166666,"[1, 2, 4, 5, 7, 9, 10, 13, 17, 18, 19, 20]",30.0,4,71,0.5,13,1,14,2,25,12,ordinary,22,full_coverage_and_all_discovered_cleared,267,6283.972811,40.0,constant,,0.044089000031817704
15,1,True,0,15,3,5,0,uniform__adversarial-positive__71,uniform__adversarial-positive,9,18,14,12,306,,bounded_transverse_width,,arc,48,0.06064100000000039,12,cached_distance_prefix_sum,0,0,,,False,0,ends,0,0,8,1306,3,1,0,18,2,0,0,3,3,290,history_arc8_width015,[],22613.205474716488,0,,0.0,,False,0,525.3867576666667,"[1, 2, 4, 5, 7, 9, 10, 13, 17, 18, 19, 20]",30.0,4,71,0.5,12,1,14,2,26,12,ordinary,22,full_coverage_and_all_discovered_cleared,266,6304.641092,40.0,constant,,0.0606755840126425
13,4,True,0,13,3,3,1,uniform__adversarial-positive__71,uniform__adversarial-positive,9,24,12,12,309,,bounded_transverse_width,,locked,44,0.035199999999999676,12,cached_distance_prefix_sum,0,0,,,True,0,,,,,,,,0,24,3,0,0,5,3,295,fast_locked_width015,[],23475.115727927652,0,,0.0,,False,0,541.4185953333333,"[1, 2, 4, 5, 7, 9, 10, 13, 17, 18, 19, 20]",30.0,4,71,1.0,14,16,10,3,22,12,ordinary,22,full_coverage_and_all_discovered_cleared,267,6497.023144,40.0,constant,,0.035214749979786575
13,4,True,0,13,2,2,1,uniform__adversarial-positive__71,uniform__adversarial-positive,10,24,12,12,309,,bounded_transverse_width,,locked,44,0.05247399999999658,12,cached_distance_prefix_sum,0,0,,,True,0,ends,0,0,8,1411,4,3,0,24,3,0,0,5,3,295,history_locked8_width015,[],23462.501134580452,0,,0.0,,False,0,541.2916855,"[1, 2, 4, 5, 7, 9, 10, 13, 17, 18, 19, 20]",30.0,4,71,1.0,14,16,10,3,22,12,ordinary,22,full_coverage_and_all_discovered_cleared,268,6495.500226,40.0,constant,,0.0525261249858886
9,2,True,0,9,1,2,0,uniform__adversarial-negative__67,uniform__adversarial-negative,9,44,11,10,316,,bounded_transverse_width,,base,0,0.029692000000000718,10,,0,0,,,False,0,,,,,,,,0,44,3,39,0,3,2,303,range_width015,[],21543.584974072008,0,,0.0,,False,0,615.5716988,"[4, 5, 7, 8, 9, 10, 14, 15, 18, 19]",30.0,4,67,1.0,10,1,7,3,17,10,ordinary,22,full_coverage_and_all_discovered_cleared,279,6155.716988,40.0,constant,,0.029735792020801455
9,2,True,0,9,2,3,0,uniform__adversarial-negative__67,uniform__adversarial-negative,8,44,11,10,316,,bounded_transverse_width,,base,0,0.038609000000001004,10,,0,0,,,False,0,recent,0,0,8,417,4,1,0,44,3,39,0,3,2,303,history_recent8_width015,[],21744.495787568143,0,,0.0,,False,0,619.589915,"[4, 5, 7, 8, 9, 10, 14, 15, 18, 19]",30.0,4,67,1.0,10,1,7,3,17,10,ordinary,22,full_coverage_and_all_discovered_cleared,279,6195.89915,40.0,constant,,0.03864654101198539
9,2,True,0,9,2,3,0,uniform__adversarial-negative__67,uniform__adversarial-negative,8,44,11,10,316,,bounded_transverse_width,,base,0,0.03692199999999701,10,,0,0,,,False,0,first,0,0,8,417,4,1,0,44,3,39,0,3,2,303,history_first8_width015,[],21744.495787568143,0,,0.0,,False,0,619.589915,"[4, 5, 7, 8, 9, 10, 14, 15, 18, 19]",30.0,4,67,1.0,10,1,7,3,17,10,ordinary,22,full_coverage_and_all_discovered_cleared,279,6195.89915,40.0,constant,,0.03694383299443871
9,2,True,0,9,2,3,0,uniform__adversarial-negative__67,uniform__adversarial-negative,8,44,11,10,316,,bounded_transverse_width,,base,0,0.0360750000000003,10,,0,0,,,False,0,ends,0,0,4,313,3,1,0,44,3,39,0,3,2,303,history_ends4_width015,[],21744.495787568143,0,,0.0,,False,0,619.589915,"[4, 5, 7, 8, 9, 10, 14, 15, 18, 19]",30.0,4,67,1.0,10,1,7,3,17,10,ordinary,22,full_coverage_and_all_discovered_cleared,279,6195.89915,40.0,constant,,0.03611325001111254
9,2,True,0,9,2,3,0,uniform__adversarial-negative__67,uniform__adversarial-negative,8,44,11,10,316,,bounded_transverse_width,,base,0,0.03994499999999945,10,,0,0,,,False,0,ends,0,0,8,721,4,1,0,44,3,39,0,3,2,303,history_ends8_width015,[],21744.495787568143,0,,0.0,,False,0,619.589915,"[4, 5, 7, 8, 9, 10, 14, 15, 18, 19]",30.0,4,67,1.0,10,1,7,3,17,10,ordinary,22,full_coverage_and_all_discovered_cleared,279,6195.89915,40.0,constant,,0.03996058303164318
10,2,True,0,10,2,4,0,uniform__adversarial-negative__67,uniform__adversarial-negative,8,44,12,10,318,,bounded_transverse_width,,base,0,0.051566999999998586,10,,0,0,,,False,0,ends,0,0,16,1744,5,2,0,44,3,40,0,4,3,304,history_ends16_width015,[],21899.00657913592,0,,0.0,,False,0,623.4801309000001,"[4, 5, 7, 8, 9, 10, 14, 15, 18, 19]",30.0,4,67,1.0,10,1,7,3,18,10,ordinary,22,full_coverage_and_all_discovered_cleared,279,6234.801309,40.0,constant,,0.051644999999552965
12,3,True,0,12,1,2,0,uniform__adversarial-negative__67,uniform__adversarial-negative,9,44,11,10,311,,bounded_transverse_width,,arc,41,0.036557999999999424,10,cached_distance_prefix_sum,0,0,,,False,0,,,,,,,,0,44,5,0,0,3,2,298,fast_arc05_width015,[],21164.255429798784,0,,0.0,,False,0,605.1851079,"[4, 5, 7, 8, 9, 10, 14, 15, 18, 19]",30.0,4,67,0.5,9,3,11,5,19,10,ordinary,22,full_coverage_and_all_discovered_cleared,276,6051.851079,40.0,constant,,0.03660008299630135
12,3,True,0,12,1,2,0,uniform__adversarial-negative__67,uniform__adversarial-negative,9,44,11,10,311,,bounded_transverse_width,,arc,41,0.04453399999999874,10,cached_distance_prefix_sum,0,0,,,False,0,ends,0,0,8,559,0,0,0,44,5,0,0,3,2,298,history_arc8_width015,[],21164.255429798784,0,,0.0,,False,0,605.1851079,"[4, 5, 7, 8, 9, 10, 14, 15, 18, 19]",30.0,4,67,0.5,9,3,11,5,19,10,ordinary,22,full_coverage_and_all_discovered_cleared,276,6051.851079,40.0,constant,,0.044570709054823965
9,2,True,0,9,0,1,0,uniform__adversarial-negative__67,uniform__adversarial-negative,10,33,11,10,324,,bounded_transverse_width,,locked,39,0.029541000000001816,10,cached_distance_prefix_sum,0,0,,,True,0,,,,,,,,0,33,4,0,0,3,2,311,fast_locked_width015,[],22322.60732032609,0,,0.0,,False,0,636.052146,"[4, 5, 7, 8, 9, 10, 14, 15, 18, 19]",30.0,4,67,1.0,10,4,3,4,17,10,ordinary,22,full_coverage_and_all_discovered_cleared,288,6360.52146,40.0,constant,,0.02967183303553611
9,2,True,0,9,0,1,0,uniform__adversarial-negative__67,uniform__adversarial-negative,10,33,11,10,324,,bounded_transverse_width,,locked,39,0.040042999999997164,10,cached_distance_prefix_sum,0,0,,,True,0,ends,0,0,8,907,0,0,0,33,4,0,0,3,2,311,history_locked8_width015,[],22322.60732032609,0,,0.0,,False,0,636.052146,"[4, 5, 7, 8, 9, 10, 14, 15, 18, 19]",30.0,4,67,1.0,10,4,3,4,17,10,ordinary,22,full_coverage_and_all_discovered_cleared,288,6360.52146,40.0,constant,,0.04006483301054686
14,3,True,0,14,3,5,1,uniform__adversarial-negative__68,uniform__adversarial-negative,12,35,17,15,265,,bounded_transverse_width,,base,0,0.04589700000000008,15,,0,0,,,False,0,,,,,,,,0,35,3,49,0,3,3,246,range_width015,[],23025.476610298007,0,,0.0,,False,0,409.47302113333336,"[2, 4, 5, 6, 8, 9, 11, 12, 13, 14, 15, 16, 17, 19, 20]",30.0,4,68,1.0,19,13,9,3,27,15,ordinary,22,full_coverage_and_all_discovered_cleared,226,6142.095317,40.0,constant,,0.045943375036586076
15,3,True,0,15,2,4,1,uniform__adversarial-negative__68,uniform__adversarial-negative,13,35,17,15,267,,bounded_transverse_width,,base,0,0.05996900000000238,15,,0,0,,,False,0,recent,0,0,8,861,8,4,0,35,3,50,0,3,3,248,history_recent8_width015,[],23058.40978452561,0,,0.0,,False,0,410.7121302,"[2, 4, 5, 6, 8, 9, 11, 12, 13, 14, 15, 16, 17, 19, 20]",30.0,4,68,1.0,20,17,9,3,28,15,ordinary,22,full_coverage_and_all_discovered_cleared,228,6160.681953,40.0,constant,,0.06000524997944012
15,3,True,0,15,2,4,1,uniform__adversarial-negative__68,uniform__adversarial-negative,13,35,17,15,267,,bounded_transverse_width,,base,0,0.057468000000000075,15,,0,0,,,False,0,first,0,0,8,861,8,4,0,35,3,50,0,3,3,248,history_first8_width015,[],23058.40978452561,0,,0.0,,False,0,410.7121302,"[2, 4, 5, 6, 8, 9, 11, 12, 13, 14, 15, 16, 17, 19, 20]",30.0,4,68,1.0,20,17,9,3,28,15,ordinary,22,full_coverage_and_all_discovered_cleared,228,6160.681953,40.0,constant,,0.0574740000301972
14,3,True,0,14,3,5,1,uniform__adversarial-negative__68,uniform__adversarial-negative,12,35,17,15,265,,bounded_transverse_width,,base,0,0.056273000000000906,15,,0,0,,,False,0,ends,0,0,4,325,3,1,0,35,3,49,0,3,3,246,history_ends4_width015,[],23025.476610298007,0,,0.0,,False,0,409.47302113333336,"[2, 4, 5, 6, 8, 9, 11, 12, 13, 14, 15, 16, 17, 19, 20]",30.0,4,68,1.0,19,13,9,3,27,15,ordinary,22,full_coverage_and_all_discovered_cleared,226,6142.095317,40.0,constant,,0.05633320799097419
15,3,True,0,15,2,4,1,uniform__adversarial-negative__68,uniform__adversarial-negative,13,35,17,15,267,,bounded_transverse_width,,base,0,0.06258400000000108,15,,0,0,,,False,0,ends,0,0,8,1206,8,4,0,35,3,50,0,3,3,248,history_ends8_width015,[],23058.40978452561,0,,0.0,,False,0,410.7121302,"[2, 4, 5, 6, 8, 9, 11, 12, 13, 14, 15, 16, 17, 19, 20]",30.0,4,68,1.0,20,17,9,3,28,15,ordinary,22,full_coverage_and_all_discovered_cleared,228,6160.681953,40.0,constant,,0.06264266697689891
14,2,True,0,14,2,4,0,uniform__adversarial-negative__68,uniform__adversarial-negative,13,35,17,15,265,,bounded_transverse_width,,base,0,0.06873599999999769,15,,0,0,,,False,0,ends,0,0,16,1992,7,4,0,35,3,49,0,3,3,246,history_ends16_width015,[],22984.793579885176,0,,0.0,,False,0,408.99724753333334,"[2, 4, 5, 6, 8, 9, 11, 12, 13, 14, 15, 16, 17, 19, 20]",30.0,4,68,1.0,20,16,10,3,27,15,ordinary,22,full_coverage_and_all_discovered_cleared,227,6134.958713,40.0,constant,,0.06881241698283702
18,3,True,0,18,2,3,1,uniform__adversarial-negative__68,uniform__adversarial-negative,13,25,16,15,262,,bounded_transverse_width,,arc,53,0.047905000000000086,15,cached_distance_prefix_sum,0,0,,,False,0,,,,,,,,0,25,5,0,0,3,3,244,fast_arc05_width015,[],23504.133275788223,0,,0.0,,False,0,414.4551100666667,"[2, 4, 5, 6, 8, 9, 11, 12, 13, 14, 15, 16, 17, 19, 20]",30.0,4,68,0.5,19,5,28,5,31,15,ordinary,22,full_coverage_and_all_discovered_cleared,218,6216.826651,40.0,constant,,0.04794466699240729
17,2,True,0,17,2,3,0,uniform__adversarial-negative__68,uniform__adversarial-negative,13,25,16,15,261,,bounded_transverse_width,,arc,52,0.06475299999999962,15,cached_distance_prefix_sum,0,0,,,False,0,ends,0,0,8,1523,2,2,0,25,5,0,0,3,3,243,history_arc8_width015,[],23177.843270864014,0,,0.0,,False,0,409.77124339999995,"[2, 4, 5, 6, 8, 9, 11, 12, 13, 14, 15, 16, 17, 19, 20]",30.0,4,68,0.5,19,2,28,5,30,15,ordinary,22,full_coverage_and_all_discovered_cleared,218,6146.568651,40.0,constant,,0.06480029103113338
12,0,True,0,12,5,9,0,uniform__adversarial-negative__68,uniform__adversarial-negative,10,22,19,15,262,,bounded_transverse_width,,locked,49,0.05106299999999919,15,cached_distance_prefix_sum,0,0,,,True,0,,,,,,,,0,22,3,0,0,3,3,241,fast_locked_width015,[],22591.726743782583,0,,0.0,,False,0,401.7563563333333,"[2, 4, 5, 6, 8, 9, 11, 12, 13, 14, 15, 16, 17, 19, 20]",30.0,4,68,1.0,37,4,19,3,27,15,ordinary,22,full_coverage_and_all_discovered_cleared,216,6026.345345,40.0,constant,,0.05109054100466892
14,1,True,0,14,4,8,0,uniform__adversarial-negative__68,uniform__adversarial-negative,11,22,19,15,263,,bounded_transverse_width,,locked,50,0.06787799999999677,15,cached_distance_prefix_sum,0,0,,,True,0,ends,0,0,8,1417,4,2,0,22,3,0,0,3,3,242,history_locked8_width015,[],22088.212287962502,0,,0.0,,False,0,395.44283033333335,"[2, 4, 5, 6, 8, 9, 11, 12, 13, 14, 15, 16, 17, 19, 20]",30.0,4,68,1.0,38,4,7,3,28,15,ordinary,22,full_coverage_and_all_discovered_cleared,217,5931.642455,40.0,constant,,0.06792766699800268
5,0,True,0,5,6,7,0,uniform__adversarial-negative__69,uniform__adversarial-negative,9,13,16,15,247,,bounded_transverse_width,,base,0,0.041778999999998234,15,,0,0,,,False,0,,,,,,,,0,13,1,42,0,2,2,229,range_width015,[],24106.568180599064,0,,0.0,,False,0,416.95424213333337,"[2, 3, 4, 5, 6, 7, 8, 9, 10, 11, 12, 13, 14, 16, 18]",30.0,4,69,1.0,25,0,13,1,20,15,ordinary,22,full_coverage_and_all_discovered_cleared,210,6254.313632,40.0,constant,,0.0418172919889912
5,0,True,0,5,6,7,0,uniform__adversarial-negative__69,uniform__adversarial-negative,9,13,16,15,247,,bounded_transverse_width,,base,0,0.0513559999999984,15,,0,0,,,False,0,recent,0,0,8,674,1,1,0,13,1,42,0,2,2,229,history_recent8_width015,[],24106.568180599064,0,,0.0,,False,0,416.95424213333337,"[2, 3, 4, 5, 6, 7, 8, 9, 10, 11, 12, 13, 14, 16, 18]",30.0,4,69,1.0,25,0,13,1,20,15,ordinary,22,full_coverage_and_all_discovered_cleared,210,6254.313632,40.0,constant,,0.05143191700335592
5,0,True,0,5,6,7,0,uniform__adversarial-negative__69,uniform__adversarial-negative,9,13,16,15,247,,bounded_transverse_width,,base,0,0.04892800000000008,15,,0,0,,,False,0,first,0,0,8,674,1,1,0,13,1,42,0,2,2,229,history_first8_width015,[],24106.568180599064,0,,0.0,,False,0,416.95424213333337,"[2, 3, 4, 5, 6, 7, 8, 9, 10, 11, 12, 13, 14, 16, 18]",30.0,4,69,1.0,25,0,13,1,20,15,ordinary,22,full_coverage_and_all_discovered_cleared,210,6254.313632,40.0,constant,,0.04896954202558845
5,0,True,0,5,6,7,0,uniform__adversarial-negative__69,uniform__adversarial-negative,9,13,16,15,247,,bounded_transverse_width,,base,0,0.046216000000001145,15,,0,0,,,False,0,ends,0,0,4,295,1,1,0,13,1,42,0,2,2,229,history_ends4_width015,[],24106.568180599064,0,,0.0,,False,0,416.95424213333337,"[2, 3, 4, 5, 6, 7, 8, 9, 10, 11, 12, 13, 14, 16, 18]",30.0,4,69,1.0,25,0,13,1,20,15,ordinary,22,full_coverage_and_all_discovered_cleared,210,6254.313632,40.0,constant,,0.046293667051941156
5,0,True,0,5,6,7,0,uniform__adversarial-negative__69,uniform__adversarial-negative,9,13,16,15,247,,bounded_transverse_width,,base,0,0.05209499999999778,15,,0,0,,,False,0,ends,0,0,8,929,1,1,0,13,1,42,0,2,2,229,history_ends8_width015,[],24106.568180599064,0,,0.0,,False,0,416.95424213333337,"[2, 3, 4, 5, 6, 7, 8, 9, 10, 11, 12, 13, 14, 16, 18]",30.0,4,69,1.0,25,0,13,1,20,15,ordinary,22,full_coverage_and_all_discovered_cleared,210,6254.313632,40.0,constant,,0.052123500034213066
6,0,True,0,6,5,6,0,uniform__adversarial-negative__69,uniform__adversarial-negative,10,13,16,15,248,,bounded_transverse_width,,base,0,0.06087399999999832,15,,0,0,,,False,0,ends,0,0,16,1667,3,2,0,13,1,43,0,2,2,230,history_ends16_width015,[],24123.987626697442,0,,0.0,,False,0,417.51983473333337,"[2, 3, 4, 5, 6, 7, 8, 9, 10, 11, 12, 13, 14, 16, 18]",30.0,4,69,1.0,25,0,13,1,21,15,ordinary,22,full_coverage_and_all_discovered_cleared,210,6262.797521,40.0,constant,,0.060904334008228034
12,1,True,0,12,4,5,0,uniform__adversarial-negative__69,uniform__adversarial-negative,11,22,16,15,240,,bounded_transverse_width,,arc,48,0.052777000000002516,15,cached_distance_prefix_sum,0,0,,,False,0,,,,,,,,0,22,3,0,0,3,3,222,fast_arc05_width015,[],22699.968166560084,0,,0.0,,False,0,395.13290873333335,"[2, 3, 4, 5, 6, 7, 8, 9, 10, 11, 12, 13, 14, 16, 18]",30.0,4,69,0.5,16,3,38,3,26,15,ordinary,22,full_coverage_and_all_discovered_cleared,199,5926.993631,40.0,constant,,0.052918999979738146
12,1,True,0,12,4,5,0,uniform__adversarial-negative__69,uniform__adversarial-negative,11,22,16,15,240,,bounded_transverse_width,,arc,48,0.06296500000000194,15,cached_distance_prefix_sum,0,0,,,False,0,ends,0,0,8,924,0,0,0,22,3,0,0,3,3,222,history_arc8_width015,[],22699.968166560084,0,,0.0,,False,0,395.13290873333335,"[2, 3, 4, 5, 6, 7, 8, 9, 10, 11, 12, 13, 14, 16, 18]",30.0,4,69,0.5,16,3,38,3,26,15,ordinary,22,full_coverage_and_all_discovered_cleared,199,5926.993631,40.0,constant,,0.06303254200611264
7,2,True,0,7,4,4,0,uniform__adversarial-negative__69,uniform__adversarial-negative,11,34,15,15,236,,bounded_transverse_width,,locked,42,0.04635399999999734,15,cached_distance_prefix_sum,0,0,,,True,0,,,,,,,,0,34,1,0,0,2,2,219,fast_locked_width015,[],22525.035130086395,0,,0.0,,False,0,391.267135,"[2, 3, 4, 5, 6, 7, 8, 9, 10, 11, 12, 13, 14, 16, 18]",30.0,4,69,1.0,27,3,5,1,20,15,ordinary,22,full_coverage_and_all_discovered_cleared,194,5869.007025,40.0,constant,,0.04641120898304507
7,2,True,0,7,4,4,0,uniform__adversarial-negative__69,uniform__adversarial-negative,11,34,15,15,236,,bounded_transverse_width,,locked,42,0.05356999999999701,15,cached_distance_prefix_sum,0,0,,,True,0,ends,0,0,8,671,1,1,0,34,1,0,0,2,2,219,history_locked8_width015,[],22525.035130086395,0,,0.0,,False,0,391.267135,"[2, 3, 4, 5, 6, 7, 8, 9, 10, 11, 12, 13, 14, 16, 18]",30.0,4,69,1.0,27,3,5,1,20,15,ordinary,22,full_coverage_and_all_discovered_cleared,194,5869.007025,40.0,constant,,0.05363037501228973
8,1,True,0,8,2,3,0,uniform__adversarial-negative__70,uniform__adversarial-negative,8,5,11,10,323,,bounded_transverse_width,,base,0,0.02914300000000125,10,,0,0,,,False,0,,,,,,,,0,5,2,39,0,4,3,310,range_width015,[],21104.361310855264,0,,0.0,,False,0,611.0872261000001,"[2, 3, 5, 10, 11, 13, 15, 16, 19, 20]",30.0,4,70,1.0,4,2,1,2,17,10,ordinary,22,full_coverage_and_all_discovered_cleared,287,6110.872261,40.0,constant,,0.029220041004009545
8,1,True,0,8,2,3,0,uniform__adversarial-negative__70,uniform__adversarial-negative,8,5,11,10,323,,bounded_transverse_width,,base,0,0.03833500000000001,10,,0,0,,,False,0,recent,0,0,8,526,0,0,0,5,2,39,0,4,3,310,history_recent8_width015,[],21104.361310855264,0,,0.0,,False,0,611.0872261000001,"[2, 3, 5, 10, 11, 13, 15, 16, 19, 20]",30.0,4,70,1.0,4,2,1,2,17,10,ordinary,22,full_coverage_and_all_discovered_cleared,287,6110.872261,40.0,constant,,0.038362708990462124
8,1,True,0,8,2,3,0,uniform__adversarial-negative__70,uniform__adversarial-negative,8,5,11,10,323,,bounded_transverse_width,,base,0,0.03647199999999984,10,,0,0,,,False,0,first,0,0,8,526,0,0,0,5,2,39,0,4,3,310,history_first8_width015,[],21104.361310855264,0,,0.0,,False,0,611.0872261000001,"[2, 3, 5, 10, 11, 13, 15, 16, 19, 20]",30.0,4,70,1.0,4,2,1,2,17,10,ordinary,22,full_coverage_and_all_discovered_cleared,287,6110.872261,40.0,constant,,0.03652962495107204
8,1,True,0,8,2,3,0,uniform__adversarial-negative__70,uniform__adversarial-negative,8,5,11,10,323,,bounded_transverse_width,,base,0,0.03361900000000162,10,,0,0,,,False,0,ends,0,0,4,255,0,0,0,5,2,39,0,4,3,310,history_ends4_width015,[],21104.361310855264,0,,0.0,,False,0,611.0872261000001,"[2, 3, 5, 10, 11, 13, 15, 16, 19, 20]",30.0,4,70,1.0,4,2,1,2,17,10,ordinary,22,full_coverage_and_all_discovered_cleared,287,6110.872261,40.0,constant,,0.03365212498465553
8,1,True,0,8,2,3,0,uniform__adversarial-negative__70,uniform__adversarial-negative,8,5,11,10,323,,bounded_transverse_width,,base,0,0.04044500000000184,10,,0,0,,,False,0,ends,0,0,8,849,0,0,0,5,2,39,0,4,3,310,history_ends8_width015,[],21104.361310855264,0,,0.0,,False,0,611.0872261000001,"[2, 3, 5, 10, 11, 13, 15, 16, 19, 20]",30.0,4,70,1.0,4,2,1,2,17,10,ordinary,22,full_coverage_and_all_discovered_cleared,287,6110.872261,40.0,constant,,0.04048208298627287
8,1,True,0,8,2,3,0,uniform__adversarial-negative__70,uniform__adversarial-negative,8,5,11,10,323,,bounded_transverse_width,,base,0,0.04848400000000197,10,,0,0,,,False,0,ends,0,0,16,1597,0,0,0,5,2,39,0,4,3,310,history_ends16_width015,[],21104.361310855264,0,,0.0,,False,0,611.0872261000001,"[2, 3, 5, 10, 11, 13, 15, 16, 19, 20]",30.0,4,70,1.0,4,2,1,2,17,10,ordinary,22,full_coverage_and_all_discovered_cleared,287,6110.872261,40.0,constant,,0.04851541604148224
12,1,True,0,12,5,5,0,uniform__adversarial-negative__70,uniform__adversarial-negative,5,6,10,10,318,,bounded_transverse_width,,arc,43,0.0355099999999986,10,cached_distance_prefix_sum,0,0,,,False,0,,,,,,,,0,6,3,0,0,4,3,306,fast_arc05_width015,[],22365.377752405315,0,,0.0,,False,0,633.5075549000001,"[2, 3, 5, 10, 11, 13, 15, 16, 19, 20]",30.0,4,70,0.5,10,1,0,3,21,10,ordinary,22,full_coverage_and_all_discovered_cleared,282,6335.075549,40.0,constant,,0.035596749978139997
12,1,True,0,12,5,5,0,uniform__adversarial-negative__70,uniform__adversarial-negative,5,6,10,10,318,,bounded_transverse_width,,arc,43,0.04636200000000201,10,cached_distance_prefix_sum,0,0,,,False,0,ends,0,0,8,910,0,0,0,6,3,0,0,4,3,306,history_arc8_width015,[],22365.377752405315,0,,0.0,,False,0,633.5075549000001,"[2, 3, 5, 10, 11, 13, 15, 16, 19, 20]",30.0,4,70,0.5,10,1,0,3,21,10,ordinary,22,full_coverage_and_all_discovered_cleared,282,6335.075549,40.0,constant,,0.046415916993282735
7,0,True,0,7,2,3,0,uniform__adversarial-negative__70,uniform__adversarial-negative,8,21,11,10,327,,bounded_transverse_width,,locked,39,0.029583999999999833,10,cached_distance_prefix_sum,0,0,,,True,0,,,,,,,,0,21,4,0,0,2,2,314,fast_locked_width015,[],21101.885066992472,0,,0.0,,False,0,613.8377012,"[2, 3, 5, 10, 11, 13, 15, 16, 19, 20]",30.0,4,70,1.0,5,1,24,4,17,10,ordinary,22,full_coverage_and_all_discovered_cleared,295,6138.377012,40.0,constant,,0.02960695797810331
7,0,True,0,7,2,3,0,uniform__adversarial-negative__70,uniform__adversarial-negative,8,21,11,10,327,,bounded_transverse_width,,locked,39,0.03771300000000011,10,cached_distance_prefix_sum,0,0,,,True,0,ends,0,0,8,525,0,0,0,21,4,0,0,2,2,314,history_locked8_width015,[],21101.885066992472,0,,0.0,,False,0,613.8377012,"[2, 3, 5, 10, 11, 13, 15, 16, 19, 20]",30.0,4,70,1.0,5,1,24,4,17,10,ordinary,22,full_coverage_and_all_discovered_cleared,295,6138.377012,40.0,constant,,0.03771633404539898
12,1,True,0,12,2,2,0,uniform__adversarial-negative__71,uniform__adversarial-negative,10,23,12,12,301,,bounded_transverse_width,,base,0,0.03824200000000033,12,,0,0,,,False,0,,,,,,,,0,23,2,45,0,4,3,287,range_width015,[],23102.026679210278,0,,0.0,,False,0,531.5337778333334,"[1, 2, 4, 5, 7, 9, 10, 13, 17, 18, 19, 20]",30.0,4,71,1.0,11,0,17,2,23,12,ordinary,22,full_coverage_and_all_discovered_cleared,263,6378.405334,40.0,constant,,0.03824816597625613
12,1,True,0,12,2,2,0,uniform__adversarial-negative__71,uniform__adversarial-negative,10,23,12,12,301,,bounded_transverse_width,,base,0,0.046600999999999004,12,,0,0,,,False,0,recent,0,0,8,420,1,1,0,23,2,45,0,4,3,287,history_recent8_width015,[],23102.026679210278,0,,0.0,,False,0,531.5337778333334,"[1, 2, 4, 5, 7, 9, 10, 13, 17, 18, 19, 20]",30.0,4,71,1.0,11,0,17,2,23,12,ordinary,22,full_coverage_and_all_discovered_cleared,263,6378.405334,40.0,constant,,0.04664037498878315
12,1,True,0,12,2,2,0,uniform__adversarial-negative__71,uniform__adversarial-negative,10,23,12,12,301,,bounded_transverse_width,,base,0,0.04381000000000057,12,,0,0,,,False,0,first,0,0,8,420,1,1,0,23,2,45,0,4,3,287,history_first8_width015,[],23102.026679210278,0,,0.0,,False,0,531.5337778333334,"[1, 2, 4, 5, 7, 9, 10, 13, 17, 18, 19, 20]",30.0,4,71,1.0,11,0,17,2,23,12,ordinary,22,full_coverage_and_all_discovered_cleared,263,6378.405334,40.0,constant,,0.04382662504212931
12,1,True,0,12,2,2,0,uniform__adversarial-negative__71,uniform__adversarial-negative,10,23,12,12,301,,bounded_transverse_width,,base,0,0.043116000000001264,12,,0,0,,,False,0,ends,0,0,4,256,1,1,0,23,2,45,0,4,3,287,history_ends4_width015,[],23102.026679210278,0,,0.0,,False,0,531.5337778333334,"[1, 2, 4, 5, 7, 9, 10, 13, 17, 18, 19, 20]",30.0,4,71,1.0,11,0,17,2,23,12,ordinary,22,full_coverage_and_all_discovered_cleared,263,6378.405334,40.0,constant,,0.04317016695858911
12,1,True,0,12,2,2,0,uniform__adversarial-negative__71,uniform__adversarial-negative,10,23,12,12,301,,bounded_transverse_width,,base,0,0.048825000000000784,12,,0,0,,,False,0,ends,0,0,8,721,1,1,0,23,2,45,0,4,3,287,history_ends8_width015,[],23102.026679210278,0,,0.0,,False,0,531.5337778333334,"[1, 2, 4, 5, 7, 9, 10, 13, 17, 18, 19, 20]",30.0,4,71,1.0,11,0,17,2,23,12,ordinary,22,full_coverage_and_all_discovered_cleared,263,6378.405334,40.0,constant,,0.04885691701201722
12,1,True,0,12,3,3,0,uniform__adversarial-negative__71,uniform__adversarial-negative,9,23,12,12,301,,bounded_transverse_width,,base,0,0.05872299999999697,12,,0,0,,,False,0,ends,0,0,16,1572,4,1,0,23,2,45,0,4,3,287,history_ends16_width015,[],23105.598977606143,0,,0.0,,False,0,531.5933161666667,"[1, 2, 4, 5, 7, 9, 10, 13, 17, 18, 19, 20]",30.0,4,71,1.0,11,0,17,2,23,12,ordinary,22,full_coverage_and_all_discovered_cleared,263,6379.119794,40.0,constant,,0.058734499965794384
11,0,True,0,11,2,2,0,uniform__adversarial-negative__71,uniform__adversarial-negative,10,30,12,12,295,,bounded_transverse_width,,arc,45,0.0476479999999988,12,cached_distance_prefix_sum,0,0,,,False,0,,,,,,,,0,30,5,0,0,2,2,281,fast_arc05_width015,[],22137.780591140323,0,,0.0,,False,0,512.546343,"[1, 2, 4, 5, 7, 9, 10, 13, 17, 18, 19, 20]",30.0,4,71,0.5,12,0,37,5,23,12,ordinary,22,full_coverage_and_all_discovered_cleared,258,6150.556116,40.0,constant,,0.047683749988209456
11,0,True,0,11,2,2,0,uniform__adversarial-negative__71,uniform__adversarial-negative,10,30,12,12,295,,bounded_transverse_width,,arc,45,0.055913000000000324,12,cached_distance_prefix_sum,0,0,,,False,0,ends,0,0,8,604,1,1,0,30,5,0,0,2,2,281,history_arc8_width015,[],22134.342462337845,0,,0.0,,False,0,512.4890409166667,"[1, 2, 4, 5, 7, 9, 10, 13, 17, 18, 19, 20]",30.0,4,71,0.5,12,0,37,5,23,12,ordinary,22,full_coverage_and_all_discovered_cleared,258,6149.868491,40.0,constant,,0.055937458004336804
12,4,True,0,12,2,2,1,uniform__adversarial-negative__71,uniform__adversarial-negative,10,23,12,12,309,,bounded_transverse_width,,locked,43,0.036028000000001725,12,cached_distance_prefix_sum,0,0,,,True,0,,,,,,,,0,23,3,0,0,5,3,295,fast_locked_width015,[],23531.3955384714,0,,0.0,,False,0,542.3565920833333,"[1, 2, 4, 5, 7, 9, 10, 13, 17, 18, 19, 20]",30.0,4,71,1.0,13,10,19,3,21,12,ordinary,22,full_coverage_and_all_discovered_cleared,267,6508.279105,40.0,constant,,0.03603766701417044
12,4,True,0,12,2,2,1,uniform__adversarial-negative__71,uniform__adversarial-negative,10,23,12,12,309,,bounded_transverse_width,,locked,43,0.054013999999998674,12,cached_distance_prefix_sum,0,0,,,True,0,ends,0,0,8,1436,4,2,0,23,3,0,0,5,3,295,history_locked8_width015,[],23539.328167186184,0,,0.0,,False,0,542.4888025833333,"[1, 2, 4, 5, 7, 9, 10, 13, 17, 18, 19, 20]",30.0,4,71,1.0,13,10,19,3,21,12,ordinary,22,full_coverage_and_all_discovered_cleared,267,6509.865631,40.0,constant,,0.05409804097143933
15,6,True,0,15,0,4,2,uniform__adversarial-spatial__67,uniform__adversarial-spatial,10,33,14,10,322,,bounded_transverse_width,,base,0,0.03406900000000235,10,,0,0,,,False,0,,,,,,,,0,33,2,43,0,5,3,306,range_width015,[],22879.027884282386,0,,0.0,,False,0,644.7805575,"[4, 5, 7, 8, 9, 10, 14, 15, 18, 19]",30.0,4,67,1.0,11,4,22,2,21,10,ordinary,22,full_coverage_and_all_discovered_cleared,280,6447.805575,40.0,constant,,0.03409500000998378
12,2,True,0,12,1,5,0,uniform__adversarial-spatial__67,uniform__adversarial-spatial,9,33,14,10,319,,bounded_transverse_width,,base,0,0.041175000000002626,10,,0,0,,,False,0,recent,0,0,8,388,4,1,0,33,2,42,0,4,3,303,history_recent8_width015,[],22723.168944519064,0,,0.0,,False,0,639.9633785,"[4, 5, 7, 8, 9, 10, 14, 15, 18, 19]",30.0,4,67,1.0,11,1,22,2,20,10,ordinary,22,full_coverage_and_all_discovered_cleared,278,6399.633785,40.0,constant,,0.04122158302925527
12,2,True,0,12,1,5,0,uniform__adversarial-spatial__67,uniform__adversarial-spatial,9,33,14,10,319,,bounded_transverse_width,,base,0,0.0394479999999966,10,,0,0,,,False,0,first,0,0,8,388,4,1,0,33,2,42,0,4,3,303,history_first8_width015,[],22723.168944519064,0,,0.0,,False,0,639.9633785,"[4, 5, 7, 8, 9, 10, 14, 15, 18, 19]",30.0,4,67,1.0,11,1,22,2,20,10,ordinary,22,full_coverage_and_all_discovered_cleared,278,6399.633785,40.0,constant,,0.039492374984547496
12,2,True,0,12,1,5,0,uniform__adversarial-spatial__67,uniform__adversarial-spatial,9,33,14,10,319,,bounded_transverse_width,,base,0,0.038944000000000756,10,,0,0,,,False,0,ends,0,0,4,291,3,1,0,33,2,42,0,4,3,303,history_ends4_width015,[],22723.168944519064,0,,0.0,,False,0,639.9633785,"[4, 5, 7, 8, 9, 10, 14, 15, 18, 19]",30.0,4,67,1.0,11,1,22,2,20,10,ordinary,22,full_coverage_and_all_discovered_cleared,278,6399.633785,40.0,constant,,0.03896608296781778
12,2,True,0,12,1,5,0,uniform__adversarial-spatial__67,uniform__adversarial-spatial,9,33,14,10,319,,bounded_transverse_width,,base,0,0.043197000000002816,10,,0,0,,,False,0,ends,0,0,8,635,4,1,0,33,2,42,0,4,3,303,history_ends8_width015,[],22723.168944519064,0,,0.0,,False,0,639.9633785,"[4, 5, 7, 8, 9, 10, 14, 15, 18, 19]",30.0,4,67,1.0,11,1,22,2,20,10,ordinary,22,full_coverage_and_all_discovered_cleared,278,6399.633785,40.0,constant,,0.04322004097048193
11,1,True,0,11,1,5,0,uniform__adversarial-spatial__67,uniform__adversarial-spatial,9,33,14,10,318,,bounded_transverse_width,,base,0,0.05146000000000228,10,,0,0,,,False,0,ends,0,0,16,1300,5,2,0,33,2,42,0,3,3,302,history_ends16_width015,[],22752.888951167777,0,,0.0,,False,0,640.0577786,"[4, 5, 7, 8, 9, 10, 14, 15, 18, 19]",30.0,4,67,1.0,11,1,22,2,20,10,ordinary,22,full_coverage_and_all_discovered_cleared,278,6400.577786,40.0,constant,,0.051512249978259206
12,2,True,0,12,1,2,0,uniform__adversarial-spatial__67,uniform__adversarial-spatial,9,0,11,10,336,,bounded_transverse_width,,arc,42,0.031836000000001974,10,cached_distance_prefix_sum,0,0,,,False,0,,,,,,,,0,0,4,0,0,3,2,323,fast_arc05_width015,[],20864.356648225603,0,,0.0,,False,0,614.1871327,"[4, 5, 7, 8, 9, 10, 14, 15, 18, 19]",30.0,4,67,0.5,8,0,43,4,20,10,ordinary,22,full_coverage_and_all_discovered_cleared,301,6141.871327,40.0,constant,,0.03185575001407415
12,2,True,0,12,1,2,0,uniform__adversarial-spatial__67,uniform__adversarial-spatial,9,0,11,10,336,,bounded_transverse_width,,arc,42,0.0431209999999993,10,cached_distance_prefix_sum,0,0,,,False,0,ends,0,0,8,817,0,0,0,0,4,0,0,3,2,323,history_arc8_width015,[],20864.356648225603,0,,0.0,,False,0,614.1871327,"[4, 5, 7, 8, 9, 10, 14, 15, 18, 19]",30.0,4,67,0.5,8,0,43,4,20,10,ordinary,22,full_coverage_and_all_discovered_cleared,301,6141.871327,40.0,constant,,0.04316966701298952
5,0,True,0,5,0,0,0,uniform__adversarial-spatial__67,uniform__adversarial-spatial,10,25,10,10,314,,bounded_transverse_width,,locked,37,0.025334000000000856,10,cached_distance_prefix_sum,0,0,,,True,0,,,,,,,,0,25,4,0,0,2,2,302,fast_locked_width015,[],21894.9195397077,0,,0.0,,False,0,621.9983905,"[4, 5, 7, 8, 9, 10, 14, 15, 18, 19]",30.0,4,67,1.0,8,2,14,4,15,10,ordinary,22,full_coverage_and_all_discovered_cleared,281,6219.983905,40.0,constant,,0.025334374979138374
5,0,True,0,5,0,0,0,uniform__adversarial-spatial__67,uniform__adversarial-spatial,10,25,10,10,314,,bounded_transverse_width,,locked,37,0.03561799999999948,10,cached_distance_prefix_sum,0,0,,,True,0,ends,0,0,8,815,0,0,0,25,4,0,0,2,2,302,history_locked8_width015,[],21894.9195397077,0,,0.0,,False,0,621.9983905,"[4, 5, 7, 8, 9, 10, 14, 15, 18, 19]",30.0,4,67,1.0,8,2,14,4,15,10,ordinary,22,full_coverage_and_all_discovered_cleared,281,6219.983905,40.0,constant,,0.035670666955411434
6,0,True,0,6,1,2,0,uniform__adversarial-spatial__68,uniform__adversarial-spatial,14,25,16,15,278,,bounded_transverse_width,,base,0,0.04219499999999954,15,,0,0,,,False,0,,,,,,,,0,25,2,43,0,2,2,260,range_width015,[],24407.81032336539,0,,0.0,,False,0,433.3708039333333,"[2, 4, 5, 6, 8, 9, 11, 12, 13, 14, 15, 16, 17, 19, 20]",30.0,4,68,1.0,14,1,72,2,21,15,ordinary,22,full_coverage_and_all_discovered_cleared,241,6500.562059,40.0,constant,,0.04224049998447299
9,1,True,0,9,1,2,0,uniform__adversarial-spatial__68,uniform__adversarial-spatial,14,23,16,15,277,,bounded_transverse_width,,base,0,0.05198800000000148,15,,0,0,,,False,0,recent,0,0,8,635,2,2,0,23,2,45,0,2,2,259,history_recent8_width015,[],22661.357787814974,0,,0.0,,False,0,409.68477013333336,"[2, 4, 5, 6, 8, 9, 11, 12, 13, 14, 15, 16, 17, 19, 20]",30.0,4,68,1.0,12,1,57,2,23,15,ordinary,22,full_coverage_and_all_discovered_cleared,240,6145.271552,40.0,constant,,0.05201045802095905
9,1,True,0,9,1,2,0,uniform__adversarial-spatial__68,uniform__adversarial-spatial,14,23,16,15,277,,bounded_transverse_width,,base,0,0.04978800000000305,15,,0,0,,,False,0,first,0,0,8,635,2,2,0,23,2,45,0,2,2,259,history_first8_width015,[],22661.357787814974,0,,0.0,,False,0,409.68477013333336,"[2, 4, 5, 6, 8, 9, 11, 12, 13, 14, 15, 16, 17, 19, 20]",30.0,4,68,1.0,12,1,57,2,23,15,ordinary,22,full_coverage_and_all_discovered_cleared,240,6145.271552,40.0,constant,,0.04981699999189004
6,0,True,0,6,1,2,0,uniform__adversarial-spatial__68,uniform__adversarial-spatial,14,25,16,15,278,,bounded_transverse_width,,base,0,0.04778599999999855,15,,0,0,,,False,0,ends,0,0,4,273,0,0,0,25,2,43,0,2,2,260,history_ends4_width015,[],24407.81032336539,0,,0.0,,False,0,433.3708039333333,"[2, 4, 5, 6, 8, 9, 11, 12, 13, 14, 15, 16, 17, 19, 20]",30.0,4,68,1.0,14,1,72,2,21,15,ordinary,22,full_coverage_and_all_discovered_cleared,241,6500.562059,40.0,constant,,0.04783045797375962
9,1,True,0,9,1,2,0,uniform__adversarial-spatial__68,uniform__adversarial-spatial,14,23,16,15,277,,bounded_transverse_width,,base,0,0.0551320000000004,15,,0,0,,,False,0,ends,0,0,8,1044,2,2,0,23,2,45,0,2,2,259,history_ends8_width015,[],22661.357787814974,0,,0.0,,False,0,409.68477013333336,"[2, 4, 5, 6, 8, 9, 11, 12, 13, 14, 15, 16, 17, 19, 20]",30.0,4,68,1.0,12,1,57,2,23,15,ordinary,22,full_coverage_and_all_discovered_cleared,240,6145.271552,40.0,constant,,0.05517412500921637
9,1,True,0,9,1,2,0,uniform__adversarial-spatial__68,uniform__adversarial-spatial,14,23,16,15,276,,bounded_transverse_width,,base,0,0.07225800000000149,15,,0,0,,,False,0,ends,0,0,16,2817,3,3,0,23,2,45,0,2,2,258,history_ends16_width015,[],22661.357787814974,0,,0.0,,False,0,409.21810346666666,"[2, 4, 5, 6, 8, 9, 11, 12, 13, 14, 15, 16, 17, 19, 20]",30.0,4,68,1.0,11,1,57,2,23,15,ordinary,22,full_coverage_and_all_discovered_cleared,238,6138.271552,40.0,constant,,0.07231770898215473
19,3,True,0,19,3,4,1,uniform__adversarial-spatial__68,uniform__adversarial-spatial,12,47,16,15,254,,bounded_transverse_width,,arc,54,0.05024799999999985,15,cached_distance_prefix_sum,0,0,,,False,0,,,,,,,,0,47,4,0,0,4,3,236,fast_arc05_width015,[],22494.12004960954,0,,0.0,,False,0,397.78826680000003,"[2, 4, 5, 6, 8, 9, 11, 12, 13, 14, 15, 16, 17, 19, 20]",30.0,4,68,0.5,12,14,8,4,32,15,ordinary,22,full_coverage_and_all_discovered_cleared,210,5966.824002,40.0,constant,,0.050300249946303666
19,3,True,0,19,2,3,1,uniform__adversarial-spatial__68,uniform__adversarial-spatial,13,47,16,15,255,,bounded_transverse_width,,arc,54,0.06293399999999849,15,cached_distance_prefix_sum,0,0,,,False,0,ends,0,0,8,921,8,4,0,47,4,0,0,4,3,237,history_arc8_width015,[],22531.014718155755,0,,0.0,,False,0,398.6135290666667,"[2, 4, 5, 6, 8, 9, 11, 12, 13, 14, 15, 16, 17, 19, 20]",30.0,4,68,0.5,13,14,8,4,32,15,ordinary,22,full_coverage_and_all_discovered_cleared,210,5979.202936,40.0,constant,,0.06295970798237249
17,7,True,0,17,1,5,3,uniform__adversarial-spatial__68,uniform__adversarial-spatial,14,23,19,15,261,,bounded_transverse_width,,locked,50,0.04701000000000022,15,cached_distance_prefix_sum,0,0,,,True,0,,,,,,,,0,23,3,0,0,5,3,240,fast_locked_width015,[],22768.198478921935,0,,0.0,,False,0,403.9759794666667,"[2, 4, 5, 6, 8, 9, 11, 12, 13, 14, 15, 16, 17, 19, 20]",30.0,4,68,1.0,35,18,9,3,28,15,ordinary,22,full_coverage_and_all_discovered_cleared,219,6059.639692,40.0,constant,,0.047055333969183266
16,6,True,0,16,1,5,2,uniform__adversarial-spatial__68,uniform__adversarial-spatial,14,23,19,15,259,,bounded_transverse_width,,locked,49,0.06357399999999913,15,cached_distance_prefix_sum,0,0,,,True,0,ends,0,0,8,1426,10,6,0,23,3,0,0,5,3,238,history_locked8_width015,[],22446.056161308246,0,,0.0,,False,0,399.01408193333333,"[2, 4, 5, 6, 8, 9, 11, 12, 13, 14, 15, 16, 17, 19, 20]",30.0,4,68,1.0,34,16,9,3,27,15,ordinary,22,full_coverage_and_all_discovered_cleared,219,5985.211229,40.0,constant,,0.0635924999951385
14,0,True,0,14,2,5,0,uniform__adversarial-spatial__69,uniform__adversarial-spatial,13,38,18,15,289,,bounded_transverse_width,,base,0,0.04927800000000104,15,,0,0,,,False,0,,,,,,,,0,38,2,51,0,3,3,269,range_width015,[],24653.331229698553,0,,0.0,,False,0,440.4444162666667,"[2, 3, 4, 5, 6, 7, 8, 9, 10, 11, 12, 13, 14, 16, 18]",30.0,4,69,1.0,30,4,41,2,29,15,ordinary,22,full_coverage_and_all_discovered_cleared,247,6606.666244,40.0,constant,,0.04934529197635129
14,0,True,0,14,2,5,0,uniform__adversarial-spatial__69,uniform__adversarial-spatial,13,38,18,15,289,,bounded_transverse_width,,base,0,0.06556799999999896,15,,0,0,,,False,0,recent,0,0,8,1311,1,1,0,38,2,51,0,3,3,269,history_recent8_width015,[],24653.167200181553,0,,0.0,,False,0,440.44222913333334,"[2, 3, 4, 5, 6, 7, 8, 9, 10, 11, 12, 13, 14, 16, 18]",30.0,4,69,1.0,30,4,41,2,29,15,ordinary,22,full_coverage_and_all_discovered_cleared,247,6606.633437,40.0,constant,,0.0656622500391677
14,0,True,0,14,2,5,0,uniform__adversarial-spatial__69,uniform__adversarial-spatial,13,38,18,15,289,,bounded_transverse_width,,base,0,0.06182800000000199,15,,0,0,,,False,0,first,0,0,8,1311,1,1,0,38,2,51,0,3,3,269,history_first8_width015,[],24653.167200181553,0,,0.0,,False,0,440.44222913333334,"[2, 3, 4, 5, 6, 7, 8, 9, 10, 11, 12, 13, 14, 16, 18]",30.0,4,69,1.0,30,4,41,2,29,15,ordinary,22,full_coverage_and_all_discovered_cleared,247,6606.633437,40.0,constant,,0.06188966700574383
14,0,True,0,14,2,5,0,uniform__adversarial-spatial__69,uniform__adversarial-spatial,13,38,18,15,289,,bounded_transverse_width,,base,0,0.057028999999999996,15,,0,0,,,False,0,ends,0,0,4,562,0,0,0,38,2,51,0,3,3,269,history_ends4_width015,[],24653.331229698553,0,,0.0,,False,0,440.4444162666667,"[2, 3, 4, 5, 6, 7, 8, 9, 10, 11, 12, 13, 14, 16, 18]",30.0,4,69,1.0,30,4,41,2,29,15,ordinary,22,full_coverage_and_all_discovered_cleared,247,6606.666244,40.0,constant,,0.05710629199165851
14,0,True,0,14,2,5,0,uniform__adversarial-spatial__69,uniform__adversarial-spatial,13,38,18,15,289,,bounded_transverse_width,,base,0,0.06972100000000125,15,,0,0,,,False,0,ends,0,0,8,1954,1,1,0,38,2,51,0,3,3,269,history_ends8_width015,[],24653.167200181553,0,,0.0,,False,0,440.44222913333334,"[2, 3, 4, 5, 6, 7, 8, 9, 10, 11, 12, 13, 14, 16, 18]",30.0,4,69,1.0,30,4,41,2,29,15,ordinary,22,full_coverage_and_all_discovered_cleared,247,6606.633437,40.0,constant,,0.06977262499276549
13,1,True,0,13,3,6,0,uniform__adversarial-spatial__69,uniform__adversarial-spatial,12,38,18,15,290,,bounded_transverse_width,,base,0,0.08965699999999899,15,,0,0,,,False,0,ends,0,0,16,4234,2,2,0,38,4,49,0,3,3,270,history_ends16_width015,[],24637.049821368746,0,,0.0,,False,0,440.5606641333333,"[2, 3, 4, 5, 6, 7, 8, 9, 10, 11, 12, 13, 14, 16, 18]",30.0,4,69,1.0,31,4,42,4,27,15,ordinary,22,full_coverage_and_all_discovered_cleared,247,6608.409962,40.0,constant,,0.08977237500948831
14,1,True,0,14,1,3,0,uniform__adversarial-spatial__69,uniform__adversarial-spatial,14,31,17,15,247,,bounded_transverse_width,,arc,50,0.04716099999999912,15,cached_distance_prefix_sum,0,0,,,False,0,,,,,,,,0,31,4,0,0,2,2,228,fast_arc05_width015,[],21945.97339621037,0,,0.0,,False,0,387.8796450666667,"[2, 3, 4, 5, 6, 7, 8, 9, 10, 11, 12, 13, 14, 16, 18]",30.0,4,69,0.5,16,0,57,4,28,15,ordinary,22,full_coverage_and_all_discovered_cleared,208,5818.194676,40.0,constant,,0.04717895801877603
16,2,True,0,16,1,4,0,uniform__adversarial-spatial__69,uniform__adversarial-spatial,14,31,18,15,250,,bounded_transverse_width,,arc,51,0.05850600000000128,15,cached_distance_prefix_sum,0,0,,,False,0,ends,0,0,8,830,1,1,0,31,4,0,0,4,3,230,history_arc8_width015,[],22154.486907829945,0,,0.0,,False,0,391.5264919333333,"[2, 3, 4, 5, 6, 7, 8, 9, 10, 11, 12, 13, 14, 16, 18]",30.0,4,69,0.5,16,0,57,4,29,15,ordinary,22,full_coverage_and_all_discovered_cleared,208,5872.897379,40.0,constant,,0.05856404104270041
8,0,True,0,8,1,5,0,uniform__adversarial-spatial__69,uniform__adversarial-spatial,14,30,19,15,239,,bounded_transverse_width,,locked,45,0.045985999999999194,15,cached_distance_prefix_sum,0,0,,,True,0,,,,,,,,0,30,1,0,0,3,3,218,fast_locked_width015,[],22667.793193869453,0,,0.0,,False,0,393.70390920000006,"[2, 3, 4, 5, 6, 7, 8, 9, 10, 11, 12, 13, 14, 16, 18]",30.0,4,69,1.0,28,3,12,1,23,15,ordinary,22,full_coverage_and_all_discovered_cleared,195,5905.558638,40.0,constant,,0.04602291696937755
8,0,True,0,8,1,5,0,uniform__adversarial-spatial__69,uniform__adversarial-spatial,14,30,19,15,239,,bounded_transverse_width,,locked,45,0.05511100000000013,15,cached_distance_prefix_sum,0,0,,,True,0,ends,0,0,8,811,0,0,0,30,1,0,0,3,3,218,history_locked8_width015,[],22667.793193869453,0,,0.0,,False,0,393.70390920000006,"[2, 3, 4, 5, 6, 7, 8, 9, 10, 11, 12, 13, 14, 16, 18]",30.0,4,69,1.0,28,3,12,1,23,15,ordinary,22,full_coverage_and_all_discovered_cleared,195,5905.558638,40.0,constant,,0.05513691698433831
8,1,True,0,8,1,5,0,uniform__adversarial-spatial__70,uniform__adversarial-spatial,9,36,14,10,319,,bounded_transverse_width,,base,0,0.03141499999999908,10,,0,0,,,False,0,,,,,,,,0,36,3,39,0,3,2,303,range_width015,[],20915.07440708251,0,,0.0,,False,0,604.2014876000001,"[2, 3, 5, 10, 11, 13, 15, 16, 19, 20]",30.0,4,70,1.0,4,1,31,3,17,10,ordinary,22,full_coverage_and_all_discovered_cleared,282,6042.014876,40.0,constant,,0.03147741698194295
8,1,True,0,8,1,5,0,uniform__adversarial-spatial__70,uniform__adversarial-spatial,9,36,14,10,319,,bounded_transverse_width,,base,0,0.03852799999999945,10,,0,0,,,False,0,recent,0,0,8,339,0,0,0,36,3,39,0,3,2,303,history_recent8_width015,[],20915.07440708251,0,,0.0,,False,0,604.2014876000001,"[2, 3, 5, 10, 11, 13, 15, 16, 19, 20]",30.0,4,70,1.0,4,1,31,3,17,10,ordinary,22,full_coverage_and_all_discovered_cleared,282,6042.014876,40.0,constant,,0.03855741600273177
8,1,True,0,8,1,5,0,uniform__adversarial-spatial__70,uniform__adversarial-spatial,9,36,14,10,319,,bounded_transverse_width,,base,0,0.036887000000000114,10,,0,0,,,False,0,first,0,0,8,339,1,1,0,36,3,39,0,3,2,303,history_first8_width015,[],20915.07440708251,0,,0.0,,False,0,604.2014876000001,"[2, 3, 5, 10, 11, 13, 15, 16, 19, 20]",30.0,4,70,1.0,4,1,31,3,17,10,ordinary,22,full_coverage_and_all_discovered_cleared,282,6042.014876,40.0,constant,,0.03690579195972532
8,1,True,0,8,1,5,0,uniform__adversarial-spatial__70,uniform__adversarial-spatial,9,36,14,10,319,,bounded_transverse_width,,base,0,0.035726999999997844,10,,0,0,,,False,0,ends,0,0,4,247,1,1,0,36,3,39,0,3,2,303,history_ends4_width015,[],20915.07440708251,0,,0.0,,False,0,604.2014876000001,"[2, 3, 5, 10, 11, 13, 15, 16, 19, 20]",30.0,4,70,1.0,4,1,31,3,17,10,ordinary,22,full_coverage_and_all_discovered_cleared,282,6042.014876,40.0,constant,,0.03573524998500943
8,1,True,0,8,1,5,0,uniform__adversarial-spatial__70,uniform__adversarial-spatial,9,36,14,10,319,,bounded_transverse_width,,base,0,0.03954799999999992,10,,0,0,,,False,0,ends,0,0,8,570,1,1,0,36,3,39,0,3,2,303,history_ends8_width015,[],20915.07440708251,0,,0.0,,False,0,604.2014876000001,"[2, 3, 5, 10, 11, 13, 15, 16, 19, 20]",30.0,4,70,1.0,4,1,31,3,17,10,ordinary,22,full_coverage_and_all_discovered_cleared,282,6042.014876,40.0,constant,,0.03957812499720603
8,1,True,0,8,1,5,0,uniform__adversarial-spatial__70,uniform__adversarial-spatial,9,36,14,10,319,,bounded_transverse_width,,base,0,0.0446189999999973,10,,0,0,,,False,0,ends,0,0,16,955,1,1,0,36,3,39,0,3,2,303,history_ends16_width015,[],20915.07440708251,0,,0.0,,False,0,604.2014876000001,"[2, 3, 5, 10, 11, 13, 15, 16, 19, 20]",30.0,4,70,1.0,4,1,31,3,17,10,ordinary,22,full_coverage_and_all_discovered_cleared,282,6042.014876,40.0,constant,,0.04462737496942282
18,3,True,0,18,0,3,1,uniform__adversarial-spatial__70,uniform__adversarial-spatial,10,6,13,10,322,,bounded_transverse_width,,arc,48,0.035288999999998794,10,cached_distance_prefix_sum,0,0,,,False,0,,,,,,,,0,6,3,0,0,4,3,307,fast_arc05_width015,[],23180.59226767695,0,,0.0,,False,0,651.5118451999999,"[2, 3, 5, 10, 11, 13, 15, 16, 19, 20]",30.0,4,70,0.5,9,2,3,3,26,10,ordinary,22,full_coverage_and_all_discovered_cleared,285,6515.118452,40.0,constant,,0.0353386250208132
18,3,True,0,18,0,3,1,uniform__adversarial-spatial__70,uniform__adversarial-spatial,10,6,13,10,322,,bounded_transverse_width,,arc,48,0.04857399999999856,10,cached_distance_prefix_sum,0,0,,,False,0,ends,0,0,8,1078,2,2,0,6,3,0,0,4,3,307,history_arc8_width015,[],23180.59226767695,0,,0.0,,False,0,651.5118451999999,"[2, 3, 5, 10, 11, 13, 15, 16, 19, 20]",30.0,4,70,0.5,9,2,3,3,26,10,ordinary,22,full_coverage_and_all_discovered_cleared,285,6515.118452,40.0,constant,,0.04858883295673877
7,0,True,0,7,2,3,0,uniform__adversarial-spatial__70,uniform__adversarial-spatial,8,11,11,10,324,,bounded_transverse_width,,locked,39,0.02792699999999826,10,cached_distance_prefix_sum,0,0,,,True,0,,,,,,,,0,11,4,0,0,2,2,311,fast_locked_width015,[],21069.830073484773,0,,0.0,,False,0,611.2966013,"[2, 3, 5, 10, 11, 13, 15, 16, 19, 20]",30.0,4,70,1.0,5,1,37,4,17,10,ordinary,22,full_coverage_and_all_discovered_cleared,291,6112.966013,40.0,constant,,0.027988749963697046
7,0,True,0,7,2,3,0,uniform__adversarial-spatial__70,uniform__adversarial-spatial,8,11,11,10,324,,bounded_transverse_width,,locked,39,0.036018000000002104,10,cached_distance_prefix_sum,0,0,,,True,0,ends,0,0,8,549,0,0,0,11,4,0,0,2,2,311,history_locked8_width015,[],21069.830073484773,0,,0.0,,False,0,611.2966013,"[2, 3, 5, 10, 11, 13, 15, 16, 19, 20]",30.0,4,70,1.0,5,1,37,4,17,10,ordinary,22,full_coverage_and_all_discovered_cleared,291,6112.966013,40.0,constant,,0.036049290967639536
5,2,True,0,5,0,0,1,uniform__adversarial-spatial__71,uniform__adversarial-spatial,12,22,12,12,319,,bounded_transverse_width,,base,0,0.036462000000000216,12,,0,0,,,False,0,,,,,,,,0,22,1,38,0,3,2,305,range_width015,[],22540.016949674387,0,,0.0,,False,0,531.4169489166667,"[1, 2, 4, 5, 7, 9, 10, 13, 17, 18, 19, 20]",30.0,4,71,1.0,13,0,14,1,16,12,ordinary,22,full_coverage_and_all_discovered_cleared,284,6377.003387,40.0,constant,,0.03651412500767037
5,2,True,0,5,0,0,1,uniform__adversarial-spatial__71,uniform__adversarial-spatial,12,22,12,12,319,,bounded_transverse_width,,base,0,0.04988999999999777,12,,0,0,,,False,0,recent,0,0,8,867,4,1,0,22,1,38,0,3,2,305,history_recent8_width015,[],22540.016949674387,0,,0.0,,False,0,531.4169489166667,"[1, 2, 4, 5, 7, 9, 10, 13, 17, 18, 19, 20]",30.0,4,71,1.0,13,0,14,1,16,12,ordinary,22,full_coverage_and_all_discovered_cleared,284,6377.003387,40.0,constant,,0.04992999997921288
5,2,True,0,5,0,0,1,uniform__adversarial-spatial__71,uniform__adversarial-spatial,12,22,12,12,319,,bounded_transverse_width,,base,0,0.04618500000000125,12,,0,0,,,False,0,first,0,0,8,867,4,1,0,22,1,38,0,3,2,305,history_first8_width015,[],22540.016949674387,0,,0.0,,False,0,531.4169489166667,"[1, 2, 4, 5, 7, 9, 10, 13, 17, 18, 19, 20]",30.0,4,71,1.0,13,0,14,1,16,12,ordinary,22,full_coverage_and_all_discovered_cleared,284,6377.003387,40.0,constant,,0.046204541984479874
5,2,True,0,5,0,0,1,uniform__adversarial-spatial__71,uniform__adversarial-spatial,12,22,12,12,319,,bounded_transverse_width,,base,0,0.043614000000001596,12,,0,0,,,False,0,ends,0,0,4,444,2,1,0,22,1,38,0,3,2,305,history_ends4_width015,[],22540.016949674387,0,,0.0,,False,0,531.4169489166667,"[1, 2, 4, 5, 7, 9, 10, 13, 17, 18, 19, 20]",30.0,4,71,1.0,13,0,14,1,16,12,ordinary,22,full_coverage_and_all_discovered_cleared,284,6377.003387,40.0,constant,,0.043628834013361484
5,2,True,0,5,0,0,1,uniform__adversarial-spatial__71,uniform__adversarial-spatial,12,22,12,12,319,,bounded_transverse_width,,base,0,0.05379300000000242,12,,0,0,,,False,0,ends,0,0,8,1390,4,1,0,22,1,38,0,3,2,305,history_ends8_width015,[],22540.016949674387,0,,0.0,,False,0,531.4169489166667,"[1, 2, 4, 5, 7, 9, 10, 13, 17, 18, 19, 20]",30.0,4,71,1.0,13,0,14,1,16,12,ordinary,22,full_coverage_and_all_discovered_cleared,284,6377.003387,40.0,constant,,0.05383312504272908
4,1,True,0,4,0,0,0,uniform__adversarial-spatial__71,uniform__adversarial-spatial,12,22,12,12,316,,bounded_transverse_width,,base,0,0.06301300000000154,12,,0,0,,,False,0,ends,0,0,16,2525,2,2,0,22,1,37,0,2,1,302,history_ends16_width015,[],22373.990640846176,0,,0.0,,False,0,527.0665105833333,"[1, 2, 4, 5, 7, 9, 10, 13, 17, 18, 19, 20]",30.0,4,71,1.0,11,0,14,1,15,12,ordinary,22,full_coverage_and_all_discovered_cleared,280,6324.798127,40.0,constant,,0.06307725002989173
12,0,True,0,12,0,2,0,uniform__adversarial-spatial__71,uniform__adversarial-spatial,12,23,14,12,296,,bounded_transverse_width,,arc,46,0.040511000000002184,12,cached_distance_prefix_sum,0,0,,,False,0,,,,,,,,0,23,4,0,0,3,3,280,fast_arc05_width015,[],21885.324465264646,0,,0.0,,False,0,508.42207425,"[1, 2, 4, 5, 7, 9, 10, 13, 17, 18, 19, 20]",30.0,4,71,0.5,11,4,48,4,24,12,ordinary,22,full_coverage_and_all_discovered_cleared,258,6101.064891,40.0,constant,,0.04054691601777449
15,4,True,0,15,0,2,2,uniform__adversarial-spatial__71,uniform__adversarial-spatial,12,23,14,12,299,,bounded_transverse_width,,arc,47,0.05663200000000046,12,cached_distance_prefix_sum,0,0,,,False,0,ends,0,0,8,1063,6,4,0,23,4,0,0,5,3,283,history_arc8_width015,[],22209.081860939456,0,,0.0,,False,0,515.0680308333333,"[1, 2, 4, 5, 7, 9, 10, 13, 17, 18, 19, 20]",30.0,4,71,0.5,11,4,48,4,25,12,ordinary,22,full_coverage_and_all_discovered_cleared,258,6180.81637,40.0,constant,,0.05673658300656825
14,5,True,0,14,1,2,2,uniform__adversarial-spatial__71,uniform__adversarial-spatial,11,27,13,12,304,,bounded_transverse_width,,locked,45,0.03955800000000309,12,cached_distance_prefix_sum,0,0,,,True,0,,,,,,,,0,27,3,0,0,4,3,289,fast_locked_width015,[],24321.68225035208,0,,0.0,,False,0,552.944704,"[1, 2, 4, 5, 7, 9, 10, 13, 17, 18, 19, 20]",30.0,4,71,1.0,11,9,20,3,23,12,ordinary,22,full_coverage_and_all_discovered_cleared,263,6635.336448,40.0,constant,,0.0397192919626832
14,5,True,0,14,1,2,2,uniform__adversarial-spatial__71,uniform__adversarial-spatial,11,27,13,12,304,,bounded_transverse_width,,locked,45,0.05242600000000053,12,cached_distance_prefix_sum,0,0,,,True,0,ends,0,0,8,1172,7,3,0,27,3,0,0,4,3,289,history_locked8_width015,[],24321.68225035208,0,,0.0,,False,0,552.944704,"[1, 2, 4, 5, 7, 9, 10, 13, 17, 18, 19, 20]",30.0,4,71,1.0,11,9,20,3,23,12,ordinary,22,full_coverage_and_all_discovered_cleared,263,6635.336448,40.0,constant,,0.05256566603202373
6,1,True,0,6,2,2,0,edge__iid__67,edge__iid,8,25,10,10,320,,bounded_transverse_width,,base,0,0.02933400000000219,10,,0,0,,,False,0,,,,,,,,0,25,1,37,0,3,2,308,range_width015,[],21151.96205011894,0,,0.0,,False,0,610.6392407999999,"[4, 5, 7, 8, 9, 10, 14, 15, 18, 19]",30.0,4,67,1.0,6,1,7,1,15,10,ordinary,22,full_coverage_and_all_discovered_cleared,286,6106.392408,40.0,constant,,0.02936433395370841
6,1,True,0,6,2,2,0,edge__iid__67,edge__iid,8,25,10,10,320,,bounded_transverse_width,,base,0,0.038220000000002585,10,,0,0,,,False,0,recent,0,0,8,485,4,1,0,25,1,37,0,3,2,308,history_recent8_width015,[],21151.96205011894,0,,0.0,,False,0,610.6392407999999,"[4, 5, 7, 8, 9, 10, 14, 15, 18, 19]",30.0,4,67,1.0,6,1,7,1,15,10,ordinary,22,full_coverage_and_all_discovered_cleared,286,6106.392408,40.0,constant,,0.0383049999945797
6,1,True,0,6,2,2,0,edge__iid__67,edge__iid,8,25,10,10,320,,bounded_transverse_width,,base,0,0.03670900000000188,10,,0,0,,,False,0,first,0,0,8,485,4,1,0,25,1,37,0,3,2,308,history_first8_width015,[],21151.96205011894,0,,0.0,,False,0,610.6392407999999,"[4, 5, 7, 8, 9, 10, 14, 15, 18, 19]",30.0,4,67,1.0,6,1,7,1,15,10,ordinary,22,full_coverage_and_all_discovered_cleared,286,6106.392408,40.0,constant,,0.03672970796469599
6,1,True,0,6,2,2,0,edge__iid__67,edge__iid,8,25,10,10,320,,bounded_transverse_width,,base,0,0.033913999999999334,10,,0,0,,,False,0,ends,0,0,4,208,4,1,0,25,1,37,0,3,2,308,history_ends4_width015,[],21151.96205011894,0,,0.0,,False,0,610.6392407999999,"[4, 5, 7, 8, 9, 10, 14, 15, 18, 19]",30.0,4,67,1.0,6,1,7,1,15,10,ordinary,22,full_coverage_and_all_discovered_cleared,286,6106.392408,40.0,constant,,0.033934750012122095
6,1,True,0,6,2,2,0,edge__iid__67,edge__iid,8,25,10,10,320,,bounded_transverse_width,,base,0,0.04013699999999787,10,,0,0,,,False,0,ends,0,0,8,743,4,1,0,25,1,37,0,3,2,308,history_ends8_width015,[],21151.96205011894,0,,0.0,,False,0,610.6392407999999,"[4, 5, 7, 8, 9, 10, 14, 15, 18, 19]",30.0,4,67,1.0,6,1,7,1,15,10,ordinary,22,full_coverage_and_all_discovered_cleared,286,6106.392408,40.0,constant,,0.04019766702549532
6,1,True,0,6,2,2,0,edge__iid__67,edge__iid,8,25,10,10,320,,bounded_transverse_width,,base,0,0.046036000000000854,10,,0,0,,,False,0,ends,0,0,16,1375,4,1,0,25,1,37,0,3,2,308,history_ends16_width015,[],21151.96205011894,0,,0.0,,False,0,610.6392407999999,"[4, 5, 7, 8, 9, 10, 14, 15, 18, 19]",30.0,4,67,1.0,6,1,7,1,15,10,ordinary,22,full_coverage_and_all_discovered_cleared,286,6106.392408,40.0,constant,,0.046064082998782396
7,1,True,0,7,2,2,0,edge__iid__67,edge__iid,8,25,10,10,321,,bounded_transverse_width,,arc,38,0.035334999999999894,10,cached_distance_prefix_sum,0,0,,,False,0,,,,,,,,0,25,2,0,0,3,2,309,fast_arc05_width015,[],21138.875107521035,0,,0.0,,False,0,610.977502,"[4, 5, 7, 8, 9, 10, 14, 15, 18, 19]",30.0,4,67,0.5,6,1,7,2,16,10,ordinary,22,full_coverage_and_all_discovered_cleared,287,6109.77502,40.0,constant,,0.03537070797756314
7,1,True,0,7,2,2,0,edge__iid__67,edge__iid,8,25,10,10,321,,bounded_transverse_width,,arc,38,0.04533699999999996,10,cached_distance_prefix_sum,0,0,,,False,0,ends,0,0,8,749,4,1,0,25,2,0,0,3,2,309,history_arc8_width015,[],21138.875107521035,0,,0.0,,False,0,610.977502,"[4, 5, 7, 8, 9, 10, 14, 15, 18, 19]",30.0,4,67,0.5,6,1,7,2,16,10,ordinary,22,full_coverage_and_all_discovered_cleared,287,6109.77502,40.0,constant,,0.04534258303465322
10,1,True,0,10,2,3,0,edge__iid__67,edge__iid,8,38,11,10,332,,bounded_transverse_width,,locked,41,0.03158600000000078,10,cached_distance_prefix_sum,0,0,,,True,0,,,,,,,,0,38,4,0,0,4,3,319,fast_locked_width015,[],20345.637367047366,0,,0.0,,False,0,601.3127472,"[4, 5, 7, 8, 9, 10, 14, 15, 18, 19]",30.0,4,67,1.0,9,3,28,4,19,10,ordinary,22,full_coverage_and_all_discovered_cleared,296,6013.127472,40.0,constant,,0.0316410000086762
10,1,True,0,10,2,3,0,edge__iid__67,edge__iid,8,38,11,10,332,,bounded_transverse_width,,locked,41,0.04394399999999976,10,cached_distance_prefix_sum,0,0,,,True,0,ends,0,0,8,1043,0,0,0,38,4,0,0,4,3,319,history_locked8_width015,[],20345.637367047366,0,,0.0,,False,0,601.3127472,"[4, 5, 7, 8, 9, 10, 14, 15, 18, 19]",30.0,4,67,1.0,9,3,28,4,19,10,ordinary,22,full_coverage_and_all_discovered_cleared,296,6013.127472,40.0,constant,,0.043972917017526925
19,2,True,0,19,1,1,0,edge__iid__68,edge__iid,14,3,15,15,298,,bounded_transverse_width,,base,0,0.04173100000000218,15,,0,0,,,False,0,,,,,,,,0,3,6,54,0,3,2,281,range_width015,[],24721.394031211723,0,,0.0,,False,0,445.55192040000003,"[2, 4, 5, 6, 8, 9, 11, 12, 13, 14, 15, 16, 17, 19, 20]",30.0,4,68,1.0,13,3,0,6,32,15,ordinary,22,full_coverage_and_all_discovered_cleared,259,6683.278806,40.0,constant,,0.04178087500622496
19,2,True,0,19,1,1,0,edge__iid__68,edge__iid,14,3,15,15,298,,bounded_transverse_width,,base,0,0.05583199999999877,15,,0,0,,,False,0,recent,0,0,8,1046,0,0,0,3,6,54,0,3,2,281,history_recent8_width015,[],24721.394031211723,0,,0.0,,False,0,445.55192040000003,"[2, 4, 5, 6, 8, 9, 11, 12, 13, 14, 15, 16, 17, 19, 20]",30.0,4,68,1.0,13,3,0,6,32,15,ordinary,22,full_coverage_and_all_discovered_cleared,259,6683.278806,40.0,constant,,0.05592308397172019
19,2,True,0,19,1,1,0,edge__iid__68,edge__iid,14,3,15,15,298,,bounded_transverse_width,,base,0,0.05207800000000162,15,,0,0,,,False,0,first,0,0,8,1046,0,0,0,3,6,54,0,3,2,281,history_first8_width015,[],24721.394031211723,0,,0.0,,False,0,445.55192040000003,"[2, 4, 5, 6, 8, 9, 11, 12, 13, 14, 15, 16, 17, 19, 20]",30.0,4,68,1.0,13,3,0,6,32,15,ordinary,22,full_coverage_and_all_discovered_cleared,259,6683.278806,40.0,constant,,0.05210220895241946
19,2,True,0,19,1,1,0,edge__iid__68,edge__iid,14,3,15,15,298,,bounded_transverse_width,,base,0,0.047949000000002684,15,,0,0,,,False,0,ends,0,0,4,475,0,0,0,3,6,54,0,3,2,281,history_ends4_width015,[],24721.394031211723,0,,0.0,,False,0,445.55192040000003,"[2, 4, 5, 6, 8, 9, 11, 12, 13, 14, 15, 16, 17, 19, 20]",30.0,4,68,1.0,13,3,0,6,32,15,ordinary,22,full_coverage_and_all_discovered_cleared,259,6683.278806,40.0,constant,,0.04796724999323487
19,2,True,0,19,1,1,0,edge__iid__68,edge__iid,14,3,15,15,298,,bounded_transverse_width,,base,0,0.06064200000000142,15,,0,0,,,False,0,ends,0,0,8,1765,0,0,0,3,6,54,0,3,2,281,history_ends8_width015,[],24721.394031211723,0,,0.0,,False,0,445.55192040000003,"[2, 4, 5, 6, 8, 9, 11, 12, 13, 14, 15, 16, 17, 19, 20]",30.0,4,68,1.0,13,3,0,6,32,15,ordinary,22,full_coverage_and_all_discovered_cleared,259,6683.278806,40.0,constant,,0.060699583031237125
19,2,True,0,19,1,1,0,edge__iid__68,edge__iid,14,3,15,15,298,,bounded_transverse_width,,base,0,0.07711999999999719,15,,0,0,,,False,0,ends,0,0,16,3508,2,1,0,3,6,54,0,3,2,281,history_ends16_width015,[],24713.755851839025,0,,0.0,,False,0,445.4500779333333,"[2, 4, 5, 6, 8, 9, 11, 12, 13, 14, 15, 16, 17, 19, 20]",30.0,4,68,1.0,13,3,0,6,32,15,ordinary,22,full_coverage_and_all_discovered_cleared,259,6681.751169,40.0,constant,,0.07717704202514142
13,1,True,0,13,4,5,0,edge__iid__68,edge__iid,11,4,16,15,298,,bounded_transverse_width,,arc,49,0.041893000000001734,15,cached_distance_prefix_sum,0,0,,,False,0,,,,,,,,0,4,5,0,0,2,2,280,fast_arc05_width015,[],22368.31293454236,0,,0.0,,False,0,413.9775057333334,"[2, 4, 5, 6, 8, 9, 11, 12, 13, 14, 15, 16, 17, 19, 20]",30.0,4,68,0.5,15,1,3,5,27,15,ordinary,22,full_coverage_and_all_discovered_cleared,258,6209.662586,40.0,constant,,0.04194012499647215
15,1,True,0,15,4,5,0,edge__iid__68,edge__iid,11,4,16,15,302,,bounded_transverse_width,,arc,51,0.06301500000000004,15,cached_distance_prefix_sum,0,0,,,False,0,ends,0,0,8,1747,4,1,0,4,5,0,0,2,2,284,history_arc8_width015,[],22232.426659650457,0,,0.0,,False,0,413.6323554666667,"[2, 4, 5, 6, 8, 9, 11, 12, 13, 14, 15, 16, 17, 19, 20]",30.0,4,68,0.5,17,2,3,5,29,15,ordinary,22,full_coverage_and_all_discovered_cleared,260,6204.485332,40.0,constant,,0.06306424998911098
14,2,True,0,14,3,3,0,edge__iid__68,edge__iid,12,41,15,15,281,,bounded_transverse_width,,locked,49,0.04622100000000273,15,cached_distance_prefix_sum,0,0,,,True,0,,,,,,,,0,41,5,0,0,5,4,264,fast_locked_width015,[],21580.00463729434,0,,0.0,,False,0,396.7333952,"[2, 4, 5, 6, 8, 9, 11, 12, 13, 14, 15, 16, 17, 19, 20]",30.0,4,68,1.0,11,6,23,6,27,15,ordinary,22,full_coverage_and_all_discovered_cleared,240,5951.000928,40.0,constant,,0.04625679098535329
17,4,True,0,17,3,3,1,edge__iid__68,edge__iid,12,41,15,15,284,,bounded_transverse_width,,locked,51,0.06483399999999762,15,cached_distance_prefix_sum,0,0,,,True,0,ends,0,0,8,1455,5,3,0,41,5,0,0,5,4,267,history_locked8_width015,[],21186.316657312076,0,,0.0,,False,0,392.6175555333333,"[2, 4, 5, 6, 8, 9, 11, 12, 13, 14, 15, 16, 17, 19, 20]",30.0,4,68,1.0,11,19,10,6,29,15,ordinary,22,full_coverage_and_all_discovered_cleared,242,5889.263333,40.0,constant,,0.06492104200879112
13,1,True,0,13,4,4,0,edge__iid__69,edge__iid,11,21,15,15,294,,bounded_transverse_width,,base,0,0.04263299999999859,15,,0,0,,,False,0,,,,,,,,0,21,4,49,0,3,3,277,range_width015,[],23610.332054407605,0,,0.0,,False,0,428.87109373333334,"[2, 3, 4, 5, 6, 7, 8, 9, 10, 11, 12, 13, 14, 16, 18]",30.0,4,69,1.0,15,3,5,5,27,15,ordinary,22,full_coverage_and_all_discovered_cleared,251,6433.066406,40.0,constant,,0.04264341597445309
13,1,True,0,13,4,4,0,edge__iid__69,edge__iid,11,21,15,15,294,,bounded_transverse_width,,base,0,0.06329099999999954,15,,0,0,,,False,0,recent,0,0,8,1219,0,0,0,21,4,49,0,3,3,277,history_recent8_width015,[],23610.332054407605,0,,0.0,,False,0,428.87109373333334,"[2, 3, 4, 5, 6, 7, 8, 9, 10, 11, 12, 13, 14, 16, 18]",30.0,4,69,1.0,15,3,5,5,27,15,ordinary,22,full_coverage_and_all_discovered_cleared,251,6433.066406,40.0,constant,,0.06336224998813123
13,1,True,0,13,4,4,0,edge__iid__69,edge__iid,11,21,15,15,294,,bounded_transverse_width,,base,0,0.05353600000000114,15,,0,0,,,False,0,first,0,0,8,1219,0,0,0,21,4,49,0,3,3,277,history_first8_width015,[],23610.332054407605,0,,0.0,,False,0,428.87109373333334,"[2, 3, 4, 5, 6, 7, 8, 9, 10, 11, 12, 13, 14, 16, 18]",30.0,4,69,1.0,15,3,5,5,27,15,ordinary,22,full_coverage_and_all_discovered_cleared,251,6433.066406,40.0,constant,,0.05366283399052918
13,1,True,0,13,4,4,0,edge__iid__69,edge__iid,11,21,15,15,294,,bounded_transverse_width,,base,0,0.049431000000002,15,,0,0,,,False,0,ends,0,0,4,503,0,0,0,21,4,49,0,3,3,277,history_ends4_width015,[],23610.332054407605,0,,0.0,,False,0,428.87109373333334,"[2, 3, 4, 5, 6, 7, 8, 9, 10, 11, 12, 13, 14, 16, 18]",30.0,4,69,1.0,15,3,5,5,27,15,ordinary,22,full_coverage_and_all_discovered_cleared,251,6433.066406,40.0,constant,,0.04947079095290974
13,1,True,0,13,4,4,0,edge__iid__69,edge__iid,11,21,15,15,294,,bounded_transverse_width,,base,0,0.061399000000001536,15,,0,0,,,False,0,ends,0,0,8,1897,0,0,0,21,4,49,0,3,3,277,history_ends8_width015,[],23610.332054407605,0,,0.0,,False,0,428.87109373333334,"[2, 3, 4, 5, 6, 7, 8, 9, 10, 11, 12, 13, 14, 16, 18]",30.0,4,69,1.0,15,3,5,5,27,15,ordinary,22,full_coverage_and_all_discovered_cleared,251,6433.066406,40.0,constant,,0.061447749962098897
13,1,True,0,13,4,4,0,edge__iid__69,edge__iid,11,21,15,15,294,,bounded_transverse_width,,base,0,0.08268999999999949,15,,0,0,,,False,0,ends,0,0,16,4064,0,0,0,21,4,49,0,3,3,277,history_ends16_width015,[],23610.332054407605,0,,0.0,,False,0,428.87109373333334,"[2, 3, 4, 5, 6, 7, 8, 9, 10, 11, 12, 13, 14, 16, 18]",30.0,4,69,1.0,15,3,5,5,27,15,ordinary,22,full_coverage_and_all_discovered_cleared,251,6433.066406,40.0,constant,,0.08277408400317654
25,3,True,0,25,4,5,1,edge__iid__69,edge__iid,11,3,16,15,305,,bounded_transverse_width,,arc,60,0.05663900000000055,15,cached_distance_prefix_sum,0,0,,,False,0,,,,,,,,0,3,9,0,0,4,3,287,fast_arc05_width015,[],24052.61479777609,0,,0.0,,False,0,438.96819746666665,"[2, 3, 4, 5, 6, 7, 8, 9, 10, 11, 12, 13, 14, 16, 18]",30.0,4,69,0.5,11,2,13,9,38,15,ordinary,22,full_coverage_and_all_discovered_cleared,261,6584.522962,40.0,constant,,0.05671450000954792
25,3,True,0,25,4,5,1,edge__iid__69,edge__iid,11,3,16,15,305,,bounded_transverse_width,,arc,60,0.07652300000000167,15,cached_distance_prefix_sum,0,0,,,False,0,ends,0,0,8,1813,2,2,0,3,9,0,0,4,3,287,history_arc8_width015,[],24057.731588688537,0,,0.0,,False,0,439.0364212,"[2, 3, 4, 5, 6, 7, 8, 9, 10, 11, 12, 13, 14, 16, 18]",30.0,4,69,0.5,11,2,13,9,38,15,ordinary,22,full_coverage_and_all_discovered_cleared,261,6585.546318,40.0,constant,,0.07656125002540648
10,2,True,0,10,2,2,0,edge__iid__69,edge__iid,13,57,15,15,254,,bounded_transverse_width,,locked,45,0.04368000000000194,15,cached_distance_prefix_sum,0,0,,,True,0,,,,,,,,0,57,3,0,0,3,2,237,fast_locked_width015,[],20519.863382280826,0,,0.0,,False,0,371.79817833333334,"[2, 3, 4, 5, 6, 7, 8, 9, 10, 11, 12, 13, 14, 16, 18]",30.0,4,69,1.0,16,7,39,3,23,15,ordinary,22,full_coverage_and_all_discovered_cleared,213,5576.972675,40.0,constant,,0.043699083966203034
10,2,True,0,10,2,2,0,edge__iid__69,edge__iid,13,57,15,15,254,,bounded_transverse_width,,locked,45,0.05605599999999811,15,cached_distance_prefix_sum,0,0,,,True,0,ends,0,0,8,1181,0,0,0,57,3,0,0,3,2,237,history_locked8_width015,[],20519.863382280826,0,,0.0,,False,0,371.79817833333334,"[2, 3, 4, 5, 6, 7, 8, 9, 10, 11, 12, 13, 14, 16, 18]",30.0,4,69,1.0,16,7,39,3,23,15,ordinary,22,full_coverage_and_all_discovered_cleared,213,5576.972675,40.0,constant,,0.056133167003281415
7,0,True,0,7,4,4,0,edge__iid__70,edge__iid,6,1,10,10,334,,bounded_transverse_width,,base,0,0.026526000000000494,10,,0,0,,,False,0,,,,,,,,0,1,3,39,0,3,3,322,range_width015,[],20763.284229763005,0,,0.0,,False,0,611.0656845000001,"[2, 3, 5, 10, 11, 13, 15, 16, 19, 20]",30.0,4,70,1.0,3,0,4,3,17,10,ordinary,22,full_coverage_and_all_discovered_cleared,298,6110.656845,40.0,constant,,0.026536415971349925
11,2,True,0,11,2,3,0,edge__iid__70,edge__iid,8,0,11,10,336,,bounded_transverse_width,,base,0,0.0402319999999996,10,,0,0,,,False,0,recent,0,0,8,732,3,2,0,0,2,41,0,3,3,323,history_recent8_width015,[],20078.672262852782,0,,0.0,,False,0,598.2734452,"[2, 3, 5, 10, 11, 13, 15, 16, 19, 20]",30.0,4,70,1.0,11,2,4,2,19,10,ordinary,22,full_coverage_and_all_discovered_cleared,299,5982.734452,40.0,constant,,0.04023683303967118
11,2,True,0,11,2,3,0,edge__iid__70,edge__iid,8,0,11,10,336,,bounded_transverse_width,,base,0,0.03695000000000093,10,,0,0,,,False,0,first,0,0,8,732,3,2,0,0,2,41,0,3,3,323,history_first8_width015,[],20078.672262852782,0,,0.0,,False,0,598.2734452,"[2, 3, 5, 10, 11, 13, 15, 16, 19, 20]",30.0,4,70,1.0,11,2,4,2,19,10,ordinary,22,full_coverage_and_all_discovered_cleared,299,5982.734452,40.0,constant,,0.03697650000685826
7,0,True,0,7,4,4,0,edge__iid__70,edge__iid,6,1,10,10,334,,bounded_transverse_width,,base,0,0.030722000000000804,10,,0,0,,,False,0,ends,0,0,4,255,0,0,0,1,3,39,0,3,3,322,history_ends4_width015,[],20763.284229763005,0,,0.0,,False,0,611.0656845000001,"[2, 3, 5, 10, 11, 13, 15, 16, 19, 20]",30.0,4,70,1.0,3,0,4,3,17,10,ordinary,22,full_coverage_and_all_discovered_cleared,298,6110.656845,40.0,constant,,0.030818750034086406
11,2,True,0,11,2,3,0,edge__iid__70,edge__iid,8,0,11,10,336,,bounded_transverse_width,,base,0,0.0435479999999977,10,,0,0,,,False,0,ends,0,0,8,1236,3,2,0,0,2,41,0,3,3,323,history_ends8_width015,[],20078.672262852782,0,,0.0,,False,0,598.2734452,"[2, 3, 5, 10, 11, 13, 15, 16, 19, 20]",30.0,4,70,1.0,11,2,4,2,19,10,ordinary,22,full_coverage_and_all_discovered_cleared,299,5982.734452,40.0,constant,,0.043589708977378905
11,2,True,0,11,2,3,0,edge__iid__70,edge__iid,8,0,11,10,336,,bounded_transverse_width,,base,0,0.046751999999997906,10,,0,0,,,False,0,ends,0,0,16,1467,3,2,0,0,2,41,0,3,3,323,history_ends16_width015,[],20078.672262852782,0,,0.0,,False,0,598.2734452,"[2, 3, 5, 10, 11, 13, 15, 16, 19, 20]",30.0,4,70,1.0,11,2,4,2,19,10,ordinary,22,full_coverage_and_all_discovered_cleared,299,5982.734452,40.0,constant,,0.0468511669896543
14,0,True,0,14,3,4,0,edge__iid__70,edge__iid,7,0,11,10,331,,bounded_transverse_width,,arc,46,0.032394000000000034,10,cached_distance_prefix_sum,0,0,,,False,0,,,,,,,,0,0,7,0,0,3,3,318,fast_arc05_width015,[],19432.995269671275,0,,0.0,,False,0,582.4599052,"[2, 3, 5, 10, 11, 13, 15, 16, 19, 20]",30.0,4,70,0.5,3,0,0,7,24,10,ordinary,22,full_coverage_and_all_discovered_cleared,295,5824.599052,40.0,constant,,0.032438416965305805
14,2,True,0,14,3,3,0,edge__iid__70,edge__iid,7,0,10,10,334,,bounded_transverse_width,,arc,44,0.045369999999998356,10,cached_distance_prefix_sum,0,0,,,False,0,ends,0,0,8,1182,3,2,0,0,4,0,0,3,3,322,history_arc8_width015,[],19165.581839514034,0,,0.0,,False,0,579.2116368,"[2, 3, 5, 10, 11, 13, 15, 16, 19, 20]",30.0,4,70,0.5,7,2,0,4,22,10,ordinary,22,full_coverage_and_all_discovered_cleared,299,5792.116368,40.0,constant,,0.04539045802084729
7,0,True,0,7,1,1,0,edge__iid__70,edge__iid,9,52,10,10,341,,bounded_transverse_width,,locked,39,0.03347300000000075,10,cached_distance_prefix_sum,0,0,,,True,0,,,,,,,,0,52,2,0,0,3,3,329,fast_locked_width015,[],19010.83662954438,0,,0.0,,False,0,580.4167325999999,"[2, 3, 5, 10, 11, 13, 15, 16, 19, 20]",30.0,4,70,1.0,6,9,2,2,17,10,ordinary,22,full_coverage_and_all_discovered_cleared,307,5804.167326,40.0,constant,,0.033477375051006675
7,0,True,0,7,1,1,0,edge__iid__70,edge__iid,9,52,10,10,341,,bounded_transverse_width,,locked,39,0.044813000000001324,10,cached_distance_prefix_sum,0,0,,,True,0,ends,0,0,8,829,0,0,0,52,2,0,0,3,3,329,history_locked8_width015,[],19010.83662954438,0,,0.0,,False,0,580.4167325999999,"[2, 3, 5, 10, 11, 13, 15, 16, 19, 20]",30.0,4,70,1.0,6,9,2,2,17,10,ordinary,22,full_coverage_and_all_discovered_cleared,307,5804.167326,40.0,constant,,0.04481387499254197
14,1,True,0,14,0,0,0,edge__iid__71,edge__iid,12,17,12,12,336,,bounded_transverse_width,,base,0,0.032986999999998545,12,,0,0,,,False,0,,,,,,,,0,17,0,47,0,3,3,322,range_width015,[],21806.07781048399,0,,0.0,,False,0,527.4346300833333,"[1, 2, 4, 5, 7, 9, 10, 13, 17, 18, 19, 20]",30.0,4,71,1.0,10,2,0,0,25,12,ordinary,22,full_coverage_and_all_discovered_cleared,298,6329.215561,40.0,constant,,0.033010541985277086
13,0,True,0,13,1,1,0,edge__iid__71,edge__iid,11,17,12,12,334,,bounded_transverse_width,,base,0,0.04798800000000014,12,,0,0,,,False,0,recent,0,0,8,1041,4,2,0,17,0,47,0,3,3,320,history_recent8_width015,[],21702.570025012163,0,,0.0,,False,0,524.626167,"[1, 2, 4, 5, 7, 9, 10, 13, 17, 18, 19, 20]",30.0,4,71,1.0,9,3,0,0,25,12,ordinary,22,full_coverage_and_all_discovered_cleared,295,6295.514004,40.0,constant,,0.04800016700755805
13,0,True,0,13,1,1,0,edge__iid__71,edge__iid,11,17,12,12,334,,bounded_transverse_width,,base,0,0.04337800000000058,12,,0,0,,,False,0,first,0,0,8,1041,4,2,0,17,0,47,0,3,3,320,history_first8_width015,[],21702.570025012163,0,,0.0,,False,0,524.626167,"[1, 2, 4, 5, 7, 9, 10, 13, 17, 18, 19, 20]",30.0,4,71,1.0,9,3,0,0,25,12,ordinary,22,full_coverage_and_all_discovered_cleared,295,6295.514004,40.0,constant,,0.043393666041083634
13,0,True,0,13,1,1,0,edge__iid__71,edge__iid,11,17,12,12,334,,bounded_transverse_width,,base,0,0.0398159999999983,12,,0,0,,,False,0,ends,0,0,4,440,3,2,0,17,0,47,0,3,3,320,history_ends4_width015,[],21702.570025012163,0,,0.0,,False,0,524.626167,"[1, 2, 4, 5, 7, 9, 10, 13, 17, 18, 19, 20]",30.0,4,71,1.0,9,3,0,0,25,12,ordinary,22,full_coverage_and_all_discovered_cleared,295,6295.514004,40.0,constant,,0.039860457996837795
13,0,True,0,13,1,1,0,edge__iid__71,edge__iid,11,17,12,12,334,,bounded_transverse_width,,base,0,0.050732,12,,0,0,,,False,0,ends,0,0,8,1607,4,2,0,17,0,47,0,3,3,320,history_ends8_width015,[],21702.570025012163,0,,0.0,,False,0,524.626167,"[1, 2, 4, 5, 7, 9, 10, 13, 17, 18, 19, 20]",30.0,4,71,1.0,9,3,0,0,25,12,ordinary,22,full_coverage_and_all_discovered_cleared,295,6295.514004,40.0,constant,,0.050756582990288734
13,0,True,0,13,1,1,0,edge__iid__71,edge__iid,11,17,12,12,334,,bounded_transverse_width,,base,0,0.0698350000000012,12,,0,0,,,False,0,ends,0,0,16,3444,8,6,0,17,0,47,0,3,3,320,history_ends16_width015,[],21702.570025012163,0,,0.0,,False,0,524.626167,"[1, 2, 4, 5, 7, 9, 10, 13, 17, 18, 19, 20]",30.0,4,71,1.0,9,3,0,0,25,12,ordinary,22,full_coverage_and_all_discovered_cleared,295,6295.514004,40.0,constant,,0.06987379200290889
14,1,True,0,14,0,0,0,edge__iid__71,edge__iid,12,17,12,12,336,,bounded_transverse_width,,arc,47,0.03671200000000141,12,cached_distance_prefix_sum,0,0,,,False,0,,,,,,,,0,17,0,0,0,3,3,322,fast_arc05_width015,[],21806.07781048399,0,,0.0,,False,0,527.4346300833333,"[1, 2, 4, 5, 7, 9, 10, 13, 17, 18, 19, 20]",30.0,4,71,0.5,10,2,0,0,25,12,ordinary,22,full_coverage_and_all_discovered_cleared,298,6329.215561,40.0,constant,,0.03674783301539719
13,0,True,0,13,1,1,0,edge__iid__71,edge__iid,11,17,12,12,334,,bounded_transverse_width,,arc,47,0.054907999999997514,12,cached_distance_prefix_sum,0,0,,,False,0,ends,0,0,8,1607,4,2,0,17,0,0,0,3,3,320,history_arc8_width015,[],21702.570025012163,0,,0.0,,False,0,524.626167,"[1, 2, 4, 5, 7, 9, 10, 13, 17, 18, 19, 20]",30.0,4,71,0.5,9,3,0,0,25,12,ordinary,22,full_coverage_and_all_discovered_cleared,295,6295.514004,40.0,constant,,0.05492904200218618
17,4,True,0,17,0,0,1,edge__iid__71,edge__iid,12,40,12,12,309,,bounded_transverse_width,,locked,48,0.0375709999999998,12,cached_distance_prefix_sum,0,0,,,True,0,,,,,,,,0,40,4,0,0,4,3,295,fast_locked_width015,[],20957.278290003873,0,,0.0,,False,0,499.78797149999997,"[1, 2, 4, 5, 7, 9, 10, 13, 17, 18, 19, 20]",30.0,4,71,1.0,5,11,12,4,26,12,ordinary,22,full_coverage_and_all_discovered_cleared,271,5997.455658,40.0,constant,,0.03758208401268348
17,4,True,0,17,0,0,1,edge__iid__71,edge__iid,12,40,12,12,309,,bounded_transverse_width,,locked,48,0.05103599999999986,12,cached_distance_prefix_sum,0,0,,,True,0,ends,0,0,8,937,5,3,0,40,4,0,0,4,3,295,history_locked8_width015,[],20957.278290003873,0,,0.0,,False,0,499.78797149999997,"[1, 2, 4, 5, 7, 9, 10, 13, 17, 18, 19, 20]",30.0,4,71,1.0,5,11,12,4,26,12,ordinary,22,full_coverage_and_all_discovered_cleared,271,5997.455658,40.0,constant,,0.05106270796386525
8,1,True,0,8,2,2,0,edge__smooth__67,edge__smooth,8,5,10,10,358,,bounded_transverse_width,,base,0,0.030744999999999578,10,,0,0,,,False,0,,,,,,,,0,5,3,39,0,4,3,346,range_width015,[],21532.34585750192,0,,0.0,,False,0,641.0469168,"[4, 5, 7, 8, 9, 10, 14, 15, 18, 19]",30.0,4,67,1.0,7,0,15,3,17,10,ordinary,22,full_coverage_and_all_discovered_cleared,324,6410.469168,40.0,constant,,0.030799291969742626
8,1,True,0,8,2,2,0,edge__smooth__67,edge__smooth,8,5,10,10,358,,bounded_transverse_width,,base,0,0.0421769999999988,10,,0,0,,,False,0,recent,0,0,8,780,0,0,0,5,3,39,0,4,3,346,history_recent8_width015,[],21532.34585750192,0,,0.0,,False,0,641.0469168,"[4, 5, 7, 8, 9, 10, 14, 15, 18, 19]",30.0,4,67,1.0,7,0,15,3,17,10,ordinary,22,full_coverage_and_all_discovered_cleared,324,6410.469168,40.0,constant,,0.0422309169662185
8,1,True,0,8,2,2,0,edge__smooth__67,edge__smooth,8,5,10,10,358,,bounded_transverse_width,,base,0,0.03919000000000139,10,,0,0,,,False,0,first,0,0,8,780,0,0,0,5,3,39,0,4,3,346,history_first8_width015,[],21532.34585750192,0,,0.0,,False,0,641.0469168,"[4, 5, 7, 8, 9, 10, 14, 15, 18, 19]",30.0,4,67,1.0,7,0,15,3,17,10,ordinary,22,full_coverage_and_all_discovered_cleared,324,6410.469168,40.0,constant,,0.039208457979839295
8,1,True,0,8,2,2,0,edge__smooth__67,edge__smooth,8,5,10,10,358,,bounded_transverse_width,,base,0,0.0357730000000025,10,,0,0,,,False,0,ends,0,0,4,298,0,0,0,5,3,39,0,4,3,346,history_ends4_width015,[],21532.34585750192,0,,0.0,,False,0,641.0469168,"[4, 5, 7, 8, 9, 10, 14, 15, 18, 19]",30.0,4,67,1.0,7,0,15,3,17,10,ordinary,22,full_coverage_and_all_discovered_cleared,324,6410.469168,40.0,constant,,0.035830709035508335
8,1,True,0,8,2,2,0,edge__smooth__67,edge__smooth,8,5,10,10,358,,bounded_transverse_width,,base,0,0.04480099999999965,10,,0,0,,,False,0,ends,0,0,8,1222,0,0,0,5,3,39,0,4,3,346,history_ends8_width015,[],21532.34585750192,0,,0.0,,False,0,641.0469168,"[4, 5, 7, 8, 9, 10, 14, 15, 18, 19]",30.0,4,67,1.0,7,0,15,3,17,10,ordinary,22,full_coverage_and_all_discovered_cleared,324,6410.469168,40.0,constant,,0.04485670797294006
14,1,True,0,14,3,3,0,edge__smooth__67,edge__smooth,7,1,10,10,356,,bounded_transverse_width,,base,0,0.06338400000000277,10,,0,0,,,False,0,ends,0,0,16,2766,4,2,0,1,3,45,0,4,3,344,history_ends16_width015,[],20748.028660442633,0,,0.0,,False,0,624.060573,"[4, 5, 7, 8, 9, 10, 14, 15, 18, 19]",30.0,4,67,1.0,4,0,15,3,23,10,ordinary,22,full_coverage_and_all_discovered_cleared,321,6240.60573,40.0,constant,,0.0634085830533877
15,1,True,0,15,3,3,0,edge__smooth__67,edge__smooth,7,1,10,10,356,,bounded_transverse_width,,arc,46,0.03360299999999938,10,cached_distance_prefix_sum,0,0,,,False,0,,,,,,,,0,1,4,0,0,4,3,344,fast_arc05_width015,[],20777.691122495296,0,,0.0,,False,0,624.6538223,"[4, 5, 7, 8, 9, 10, 14, 15, 18, 19]",30.0,4,67,0.5,3,0,15,4,24,10,ordinary,22,full_coverage_and_all_discovered_cleared,321,6246.538223,40.0,constant,,0.03367645799880847
15,1,True,0,15,3,3,0,edge__smooth__67,edge__smooth,7,1,10,10,356,,bounded_transverse_width,,arc,46,0.04623199999999983,10,cached_distance_prefix_sum,0,0,,,False,0,ends,0,0,8,942,0,0,0,1,4,0,0,4,3,344,history_arc8_width015,[],20777.691122495296,0,,0.0,,False,0,624.6538223,"[4, 5, 7, 8, 9, 10, 14, 15, 18, 19]",30.0,4,67,0.5,3,0,15,4,24,10,ordinary,22,full_coverage_and_all_discovered_cleared,321,6246.538223,40.0,constant,,0.04624087497359142
11,1,True,0,11,2,3,0,edge__smooth__67,edge__smooth,8,39,11,10,331,,bounded_transverse_width,,locked,42,0.03218999999999994,10,cached_distance_prefix_sum,0,0,,,True,0,,,,,,,,0,39,4,0,0,4,3,318,fast_locked_width015,[],20455.142709660395,0,,0.0,,False,0,602.902854,"[4, 5, 7, 8, 9, 10, 14, 15, 18, 19]",30.0,4,67,1.0,9,3,29,4,20,10,ordinary,22,full_coverage_and_all_discovered_cleared,295,6029.02854,40.0,constant,,0.032223125046584755
11,1,True,0,11,2,3,0,edge__smooth__67,edge__smooth,8,39,11,10,331,,bounded_transverse_width,,locked,42,0.04412400000000005,10,cached_distance_prefix_sum,0,0,,,True,0,ends,0,0,8,1033,0,0,0,39,4,0,0,4,3,318,history_locked8_width015,[],20455.142709660395,0,,0.0,,False,0,602.902854,"[4, 5, 7, 8, 9, 10, 14, 15, 18, 19]",30.0,4,67,1.0,9,3,29,4,20,10,ordinary,22,full_coverage_and_all_discovered_cleared,295,6029.02854,40.0,constant,,0.044270957994740456
15,1,True,0,15,2,2,0,edge__smooth__68,edge__smooth,13,16,15,15,302,,bounded_transverse_width,,base,0,0.04364299999999943,15,,0,0,,,False,0,,,,,,,,0,16,5,51,0,3,3,285,range_width015,[],24139.012543219244,0,,0.0,,False,0,439.2535004666667,"[2, 4, 5, 6, 8, 9, 11, 12, 13, 14, 15, 16, 17, 19, 20]",30.0,4,68,1.0,15,2,4,5,29,15,ordinary,22,full_coverage_and_all_discovered_cleared,261,6588.802507,40.0,constant,,0.043735874991398305
15,1,True,0,15,2,2,0,edge__smooth__68,edge__smooth,13,16,15,15,302,,bounded_transverse_width,,base,0,0.0592630000000014,15,,0,0,,,False,0,recent,0,0,8,1094,0,0,0,16,5,51,0,3,3,285,history_recent8_width015,[],24139.012543219244,0,,0.0,,False,0,439.2535004666667,"[2, 4, 5, 6, 8, 9, 11, 12, 13, 14, 15, 16, 17, 19, 20]",30.0,4,68,1.0,15,2,4,5,29,15,ordinary,22,full_coverage_and_all_discovered_cleared,261,6588.802507,40.0,constant,,0.05928741703974083
15,1,True,0,15,2,2,0,edge__smooth__68,edge__smooth,13,16,15,15,302,,bounded_transverse_width,,base,0,0.0550859999999993,15,,0,0,,,False,0,first,0,0,8,1094,0,0,0,16,5,51,0,3,3,285,history_first8_width015,[],24139.012543219244,0,,0.0,,False,0,439.2535004666667,"[2, 4, 5, 6, 8, 9, 11, 12, 13, 14, 15, 16, 17, 19, 20]",30.0,4,68,1.0,15,2,4,5,29,15,ordinary,22,full_coverage_and_all_discovered_cleared,261,6588.802507,40.0,constant,,0.055190500046592206
15,1,True,0,15,2,2,0,edge__smooth__68,edge__smooth,13,16,15,15,302,,bounded_transverse_width,,base,0,0.05059699999999978,15,,0,0,,,False,0,ends,0,0,4,489,0,0,0,16,5,51,0,3,3,285,history_ends4_width015,[],24139.012543219244,0,,0.0,,False,0,439.2535004666667,"[2, 4, 5, 6, 8, 9, 11, 12, 13, 14, 15, 16, 17, 19, 20]",30.0,4,68,1.0,15,2,4,5,29,15,ordinary,22,full_coverage_and_all_discovered_cleared,261,6588.802507,40.0,constant,,0.05068099999334663
15,1,True,0,15,2,2,0,edge__smooth__68,edge__smooth,13,16,15,15,302,,bounded_transverse_width,,base,0,0.06295899999999932,15,,0,0,,,False,0,ends,0,0,8,1851,0,0,0,16,5,51,0,3,3,285,history_ends8_width015,[],24139.012543219244,0,,0.0,,False,0,439.2535004666667,"[2, 4, 5, 6, 8, 9, 11, 12, 13, 14, 15, 16, 17, 19, 20]",30.0,4,68,1.0,15,2,4,5,29,15,ordinary,22,full_coverage_and_all_discovered_cleared,261,6588.802507,40.0,constant,,0.06303054199088365
15,1,True,0,15,2,2,0,edge__smooth__68,edge__smooth,13,16,15,15,302,,bounded_transverse_width,,base,0,0.07924799999999976,15,,0,0,,,False,0,ends,0,0,16,3762,1,1,0,16,5,51,0,3,3,285,history_ends16_width015,[],24137.73703164944,0,,0.0,,False,0,439.23649366666666,"[2, 4, 5, 6, 8, 9, 11, 12, 13, 14, 15, 16, 17, 19, 20]",30.0,4,68,1.0,15,2,4,5,29,15,ordinary,22,full_coverage_and_all_discovered_cleared,261,6588.547405,40.0,constant,,0.07934462500270456
18,2,True,0,18,2,2,0,edge__smooth__68,edge__smooth,13,11,15,15,301,,bounded_transverse_width,,arc,53,0.04709499999999878,15,cached_distance_prefix_sum,0,0,,,False,0,,,,,,,,0,11,7,0,0,3,2,284,fast_arc05_width015,[],23087.36197850639,0,,0.0,,False,0,424.9648262666667,"[2, 4, 5, 6, 8, 9, 11, 12, 13, 14, 15, 16, 17, 19, 20]",30.0,4,68,0.5,15,4,7,7,31,15,ordinary,22,full_coverage_and_all_discovered_cleared,262,6374.472394,40.0,constant,,0.04712649999419227
18,2,True,0,18,2,2,0,edge__smooth__68,edge__smooth,13,11,15,15,301,,bounded_transverse_width,,arc,53,0.06732099999999974,15,cached_distance_prefix_sum,0,0,,,False,0,ends,0,0,8,1913,0,0,0,11,7,0,0,3,2,284,history_arc8_width015,[],23087.36197850639,0,,0.0,,False,0,424.9648262666667,"[2, 4, 5, 6, 8, 9, 11, 12, 13, 14, 15, 16, 17, 19, 20]",30.0,4,68,0.5,15,4,7,7,31,15,ordinary,22,full_coverage_and_all_discovered_cleared,262,6374.472394,40.0,constant,,0.06739870901219547
13,2,True,0,13,4,5,0,edge__smooth__68,edge__smooth,11,33,16,15,281,,bounded_transverse_width,,locked,48,0.045723999999999876,15,cached_distance_prefix_sum,0,0,,,True,0,,,,,,,,0,33,5,0,0,4,3,263,fast_locked_width015,[],22324.85500496666,0,,0.0,,False,0,406.2647335333333,"[2, 4, 5, 6, 8, 9, 11, 12, 13, 14, 15, 16, 17, 19, 20]",30.0,4,68,1.0,13,8,34,5,26,15,ordinary,22,full_coverage_and_all_discovered_cleared,236,6093.971003,40.0,constant,,0.04577845794847235
17,5,True,0,17,4,5,1,edge__smooth__68,edge__smooth,11,33,16,15,285,,bounded_transverse_width,,locked,50,0.06503999999999976,15,cached_distance_prefix_sum,0,0,,,True,0,ends,0,0,8,1543,7,4,0,33,5,0,0,4,3,267,history_locked8_width015,[],22000.9611278116,0,,0.0,,False,0,403.4128152,"[2, 4, 5, 6, 8, 9, 11, 12, 13, 14, 15, 16, 17, 19, 20]",30.0,4,68,1.0,13,24,21,5,28,15,ordinary,22,full_coverage_and_all_discovered_cleared,238,6051.192228,40.0,constant,,0.06508929101983085
14,3,True,0,14,3,4,0,edge__smooth__69,edge__smooth,12,29,16,15,300,,bounded_transverse_width,,base,0,0.040464000000000055,15,,0,0,,,False,0,,,,,,,,0,29,1,48,0,4,3,282,range_width015,[],22405.233409284985,0,,0.0,,False,0,415.0697786,"[2, 3, 4, 5, 6, 7, 8, 9, 10, 11, 12, 13, 14, 16, 18]",30.0,4,69,1.0,17,4,4,1,26,15,ordinary,22,full_coverage_and_all_discovered_cleared,257,6226.046679,40.0,constant,,0.04049812501762062
14,3,True,0,14,3,4,0,edge__smooth__69,edge__smooth,12,29,16,15,300,,bounded_transverse_width,,base,0,0.05822400000000272,15,,0,0,,,False,0,recent,0,0,8,1183,1,1,0,29,1,48,0,4,3,282,history_recent8_width015,[],22405.233409284985,0,,0.0,,False,0,415.0697786,"[2, 3, 4, 5, 6, 7, 8, 9, 10, 11, 12, 13, 14, 16, 18]",30.0,4,69,1.0,17,4,4,1,26,15,ordinary,22,full_coverage_and_all_discovered_cleared,257,6226.046679,40.0,constant,,0.05828870797995478
14,3,True,0,14,3,4,0,edge__smooth__69,edge__smooth,12,29,16,15,300,,bounded_transverse_width,,base,0,0.05193399999999926,15,,0,0,,,False,0,first,0,0,8,1183,1,1,0,29,1,48,0,4,3,282,history_first8_width015,[],22405.233409284985,0,,0.0,,False,0,415.0697786,"[2, 3, 4, 5, 6, 7, 8, 9, 10, 11, 12, 13, 14, 16, 18]",30.0,4,69,1.0,17,4,4,1,26,15,ordinary,22,full_coverage_and_all_discovered_cleared,257,6226.046679,40.0,constant,,0.051977124996483326
14,3,True,0,14,3,4,0,edge__smooth__69,edge__smooth,12,29,16,15,300,,bounded_transverse_width,,base,0,0.04809099999999944,15,,0,0,,,False,0,ends,0,0,4,548,1,1,0,29,1,48,0,4,3,282,history_ends4_width015,[],22405.233409284985,0,,0.0,,False,0,415.0697786,"[2, 3, 4, 5, 6, 7, 8, 9, 10, 11, 12, 13, 14, 16, 18]",30.0,4,69,1.0,17,4,4,1,26,15,ordinary,22,full_coverage_and_all_discovered_cleared,257,6226.046679,40.0,constant,,0.04817324999021366
14,3,True,0,14,3,4,0,edge__smooth__69,edge__smooth,12,29,16,15,300,,bounded_transverse_width,,base,0,0.062108999999999526,15,,0,0,,,False,0,ends,0,0,8,2016,1,1,0,29,1,48,0,4,3,282,history_ends8_width015,[],22405.233409284985,0,,0.0,,False,0,415.0697786,"[2, 3, 4, 5, 6, 7, 8, 9, 10, 11, 12, 13, 14, 16, 18]",30.0,4,69,1.0,17,4,4,1,26,15,ordinary,22,full_coverage_and_all_discovered_cleared,257,6226.046679,40.0,constant,,0.0621498340042308
14,3,True,0,14,3,4,0,edge__smooth__69,edge__smooth,12,29,16,15,300,,bounded_transverse_width,,base,0,0.08570500000000081,15,,0,0,,,False,0,ends,0,0,16,4843,1,1,0,29,1,48,0,4,3,282,history_ends16_width015,[],22405.233409284985,0,,0.0,,False,0,415.0697786,"[2, 3, 4, 5, 6, 7, 8, 9, 10, 11, 12, 13, 14, 16, 18]",30.0,4,69,1.0,17,4,4,1,26,15,ordinary,22,full_coverage_and_all_discovered_cleared,257,6226.046679,40.0,constant,,0.08576983399689198
19,2,True,0,19,4,4,0,edge__smooth__69,edge__smooth,11,26,15,15,285,,bounded_transverse_width,,arc,54,0.04755700000000118,15,cached_distance_prefix_sum,0,0,,,False,0,,,,,,,,0,26,6,0,0,3,3,268,fast_arc05_width015,[],22284.78846312378,0,,0.0,,False,0,407.8638459333333,"[2, 3, 4, 5, 6, 7, 8, 9, 10, 11, 12, 13, 14, 16, 18]",30.0,4,69,0.5,12,2,5,7,32,15,ordinary,22,full_coverage_and_all_discovered_cleared,246,6117.957689,40.0,constant,,0.04760879202513024
19,2,True,0,19,4,4,0,edge__smooth__69,edge__smooth,11,26,15,15,285,,bounded_transverse_width,,arc,54,0.06525600000000153,15,cached_distance_prefix_sum,0,0,,,False,0,ends,0,0,8,1556,0,0,0,26,6,0,0,3,3,268,history_arc8_width015,[],22284.78846312378,0,,0.0,,False,0,407.8638459333333,"[2, 3, 4, 5, 6, 7, 8, 9, 10, 11, 12, 13, 14, 16, 18]",30.0,4,69,0.5,12,2,5,7,32,15,ordinary,22,full_coverage_and_all_discovered_cleared,246,6117.957689,40.0,constant,,0.06532354198861867
6,0,True,0,6,2,2,0,edge__smooth__69,edge__smooth,13,65,15,15,251,,bounded_transverse_width,,locked,43,0.043500999999999124,15,cached_distance_prefix_sum,0,0,,,True,0,,,,,,,,0,65,3,0,0,2,2,234,fast_locked_width015,[],20489.31792670537,0,,0.0,,False,0,370.39090546666665,"[2, 3, 4, 5, 6, 7, 8, 9, 10, 11, 12, 13, 14, 16, 18]",30.0,4,69,1.0,16,9,31,3,21,15,ordinary,22,full_coverage_and_all_discovered_cleared,213,5555.863582,40.0,constant,,0.04352816700702533
6,0,True,0,6,2,2,0,edge__smooth__69,edge__smooth,13,65,15,15,251,,bounded_transverse_width,,locked,43,0.05540399999999934,15,cached_distance_prefix_sum,0,0,,,True,0,ends,0,0,8,1043,0,0,0,65,3,0,0,2,2,234,history_locked8_width015,[],20489.31792670537,0,,0.0,,False,0,370.39090546666665,"[2, 3, 4, 5, 6, 7, 8, 9, 10, 11, 12, 13, 14, 16, 18]",30.0,4,69,1.0,16,9,31,3,21,15,ordinary,22,full_coverage_and_all_discovered_cleared,213,5555.863582,40.0,constant,,0.055492333020083606
7,0,True,0,7,2,3,0,edge__smooth__70,edge__smooth,8,0,11,10,334,,bounded_transverse_width,,base,0,0.02679200000000037,10,,0,0,,,False,0,,,,,,,,0,0,3,39,0,3,3,321,range_width015,[],21364.959135016703,0,,0.0,,False,0,622.7991824,"[2, 3, 5, 10, 11, 13, 15, 16, 19, 20]",30.0,4,70,1.0,3,0,4,3,17,10,ordinary,22,full_coverage_and_all_discovered_cleared,297,6227.991824,40.0,constant,,0.026798583974596113
10,1,True,0,10,3,5,0,edge__smooth__70,edge__smooth,7,0,12,10,336,,bounded_transverse_width,,base,0,0.04113100000000003,10,,0,0,,,False,0,recent,0,0,8,711,3,2,0,0,2,41,0,3,3,322,history_recent8_width015,[],20023.55755945756,0,,0.0,,False,0,596.771151,"[2, 3, 5, 10, 11, 13, 15, 16, 19, 20]",30.0,4,70,1.0,11,2,4,2,19,10,ordinary,22,full_coverage_and_all_discovered_cleared,297,5967.71151,40.0,constant,,0.041296124982181937
10,1,True,0,10,3,5,0,edge__smooth__70,edge__smooth,7,0,12,10,336,,bounded_transverse_width,,base,0,0.03766199999999742,10,,0,0,,,False,0,first,0,0,8,711,3,2,0,0,2,41,0,3,3,322,history_first8_width015,[],20023.55755945756,0,,0.0,,False,0,596.771151,"[2, 3, 5, 10, 11, 13, 15, 16, 19, 20]",30.0,4,70,1.0,11,2,4,2,19,10,ordinary,22,full_coverage_and_all_discovered_cleared,297,5967.71151,40.0,constant,,0.03766949998680502
7,0,True,0,7,2,3,0,edge__smooth__70,edge__smooth,8,0,11,10,334,,bounded_transverse_width,,base,0,0.031064000000000647,10,,0,0,,,False,0,ends,0,0,4,249,0,0,0,0,3,39,0,3,3,321,history_ends4_width015,[],21364.959135016703,0,,0.0,,False,0,622.7991824,"[2, 3, 5, 10, 11, 13, 15, 16, 19, 20]",30.0,4,70,1.0,3,0,4,3,17,10,ordinary,22,full_coverage_and_all_discovered_cleared,297,6227.991824,40.0,constant,,0.03107541595818475
10,1,True,0,10,3,5,0,edge__smooth__70,edge__smooth,7,0,12,10,336,,bounded_transverse_width,,base,0,0.043361999999998346,10,,0,0,,,False,0,ends,0,0,8,1194,3,2,0,0,2,41,0,3,3,322,history_ends8_width015,[],20023.55755945756,0,,0.0,,False,0,596.771151,"[2, 3, 5, 10, 11, 13, 15, 16, 19, 20]",30.0,4,70,1.0,11,2,4,2,19,10,ordinary,22,full_coverage_and_all_discovered_cleared,297,5967.71151,40.0,constant,,0.04337541700806469
10,1,True,0,10,3,5,0,edge__smooth__70,edge__smooth,7,0,12,10,336,,bounded_transverse_width,,base,0,0.04645100000000113,10,,0,0,,,False,0,ends,0,0,16,1393,3,2,0,0,2,41,0,3,3,322,history_ends16_width015,[],20023.55755945756,0,,0.0,,False,0,596.771151,"[2, 3, 5, 10, 11, 13, 15, 16, 19, 20]",30.0,4,70,1.0,11,2,4,2,19,10,ordinary,22,full_coverage_and_all_discovered_cleared,297,5967.71151,40.0,constant,,0.046486084000207484
18,3,True,0,18,3,5,1,edge__smooth__70,edge__smooth,7,0,12,10,341,,bounded_transverse_width,,arc,48,0.03548100000000076,10,cached_distance_prefix_sum,0,0,,,False,0,,,,,,,,0,0,3,0,0,4,3,327,fast_arc05_width015,[],19466.556725502127,0,,0.0,,False,0,588.6311342,"[2, 3, 5, 10, 11, 13, 15, 16, 19, 20]",30.0,4,70,0.5,9,2,0,3,26,10,ordinary,22,full_coverage_and_all_discovered_cleared,302,5886.311342,40.0,constant,,0.03549708297941834
16,2,True,0,16,4,4,0,edge__smooth__70,edge__smooth,6,0,10,10,336,,bounded_transverse_width,,arc,46,0.047655000000002445,10,cached_distance_prefix_sum,0,0,,,False,0,ends,0,0,8,1138,3,2,0,0,4,0,0,4,3,324,history_arc8_width015,[],19089.393213302363,0,,0.0,,False,0,578.5878642,"[2, 3, 5, 10, 11, 13, 15, 16, 19, 20]",30.0,4,70,0.5,10,2,1,4,24,10,ordinary,22,full_coverage_and_all_discovered_cleared,298,5785.878642,40.0,constant,,0.04767041601007804
8,1,True,0,8,1,3,0,edge__smooth__70,edge__smooth,9,52,12,10,342,,bounded_transverse_width,,locked,39,0.03248999999999924,10,cached_distance_prefix_sum,0,0,,,True,0,,,,,,,,0,52,2,0,0,3,3,328,fast_locked_width015,[],19975.62522777528,0,,0.0,,False,0,599.5125042,"[2, 3, 5, 10, 11, 13, 15, 16, 19, 20]",30.0,4,70,1.0,4,8,3,2,17,10,ordinary,22,full_coverage_and_all_discovered_cleared,304,5995.125042,40.0,constant,,0.0325587919796817
8,1,True,0,8,1,3,0,edge__smooth__70,edge__smooth,9,52,12,10,342,,bounded_transverse_width,,locked,39,0.04358099999999965,10,cached_distance_prefix_sum,0,0,,,True,0,ends,0,0,8,835,0,0,0,52,2,0,0,3,3,328,history_locked8_width015,[],19975.62522777528,0,,0.0,,False,0,599.5125042,"[2, 3, 5, 10, 11, 13, 15, 16, 19, 20]",30.0,4,70,1.0,4,8,3,2,17,10,ordinary,22,full_coverage_and_all_discovered_cleared,304,5995.125042,40.0,constant,,0.04359779099468142
16,4,True,0,16,2,2,1,edge__smooth__71,edge__smooth,10,17,12,12,341,,bounded_transverse_width,,base,0,0.03335399999999922,12,,0,0,,,False,0,,,,,,,,0,17,0,47,0,4,3,327,range_width015,[],21965.71536972007,0,,0.0,,False,0,532.4285893333333,"[1, 2, 4, 5, 7, 9, 10, 13, 17, 18, 19, 20]",30.0,4,71,1.0,13,3,0,0,25,12,ordinary,22,full_coverage_and_all_discovered_cleared,301,6389.143072,40.0,constant,,0.033375500002875924
15,2,True,0,15,2,2,0,edge__smooth__71,edge__smooth,10,17,12,12,338,,bounded_transverse_width,,base,0,0.04960099999999912,12,,0,0,,,False,0,recent,0,0,8,1150,5,3,0,17,0,47,0,4,3,324,history_recent8_width015,[],21828.58566484779,0,,0.0,,False,0,528.4764275,"[1, 2, 4, 5, 7, 9, 10, 13, 17, 18, 19, 20]",30.0,4,71,1.0,11,3,0,0,25,12,ordinary,22,full_coverage_and_all_discovered_cleared,296,6341.71713,40.0,constant,,0.04965812497539446
15,2,True,0,15,2,2,0,edge__smooth__71,edge__smooth,10,17,12,12,338,,bounded_transverse_width,,base,0,0.04565600000000103,12,,0,0,,,False,0,first,0,0,8,1150,5,3,0,17,0,47,0,4,3,324,history_first8_width015,[],21828.58566484779,0,,0.0,,False,0,528.4764275,"[1, 2, 4, 5, 7, 9, 10, 13, 17, 18, 19, 20]",30.0,4,71,1.0,11,3,0,0,25,12,ordinary,22,full_coverage_and_all_discovered_cleared,296,6341.71713,40.0,constant,,0.04570675001014024
15,2,True,0,15,2,2,0,edge__smooth__71,edge__smooth,10,17,12,12,338,,bounded_transverse_width,,base,0,0.04146599999999978,12,,0,0,,,False,0,ends,0,0,4,476,4,3,0,17,0,47,0,4,3,324,history_ends4_width015,[],21828.58566484779,0,,0.0,,False,0,528.4764275,"[1, 2, 4, 5, 7, 9, 10, 13, 17, 18, 19, 20]",30.0,4,71,1.0,11,3,0,0,25,12,ordinary,22,full_coverage_and_all_discovered_cleared,296,6341.71713,40.0,constant,,0.04152079200139269
15,2,True,0,15,2,2,0,edge__smooth__71,edge__smooth,10,17,12,12,338,,bounded_transverse_width,,base,0,0.05340299999999942,12,,0,0,,,False,0,ends,0,0,8,1782,5,3,0,17,0,47,0,4,3,324,history_ends8_width015,[],21828.58566484779,0,,0.0,,False,0,528.4764275,"[1, 2, 4, 5, 7, 9, 10, 13, 17, 18, 19, 20]",30.0,4,71,1.0,11,3,0,0,25,12,ordinary,22,full_coverage_and_all_discovered_cleared,296,6341.71713,40.0,constant,,0.053459957998711616
15,2,True,0,15,2,2,0,edge__smooth__71,edge__smooth,10,17,12,12,338,,bounded_transverse_width,,base,0,0.07156699999999816,12,,0,0,,,False,0,ends,0,0,16,3846,10,8,0,17,0,47,0,4,3,324,history_ends16_width015,[],21828.58566484779,0,,0.0,,False,0,528.4764275,"[1, 2, 4, 5, 7, 9, 10, 13, 17, 18, 19, 20]",30.0,4,71,1.0,11,3,0,0,25,12,ordinary,22,full_coverage_and_all_discovered_cleared,296,6341.71713,40.0,constant,,0.07158916699700058
16,4,True,0,16,2,2,1,edge__smooth__71,edge__smooth,10,17,12,12,341,,bounded_transverse_width,,arc,47,0.03724199999999911,12,cached_distance_prefix_sum,0,0,,,False,0,,,,,,,,0,17,0,0,0,4,3,327,fast_arc05_width015,[],21965.71536972007,0,,0.0,,False,0,532.4285893333333,"[1, 2, 4, 5, 7, 9, 10, 13, 17, 18, 19, 20]",30.0,4,71,0.5,13,3,0,0,25,12,ordinary,22,full_coverage_and_all_discovered_cleared,301,6389.143072,40.0,constant,,0.03728016698732972
15,2,True,0,15,2,2,0,edge__smooth__71,edge__smooth,10,17,12,12,338,,bounded_transverse_width,,arc,47,0.05725800000000092,12,cached_distance_prefix_sum,0,0,,,False,0,ends,0,0,8,1782,5,3,0,17,0,0,0,4,3,324,history_arc8_width015,[],21828.58566484779,0,,0.0,,False,0,528.4764275,"[1, 2, 4, 5, 7, 9, 10, 13, 17, 18, 19, 20]",30.0,4,71,0.5,11,3,0,0,25,12,ordinary,22,full_coverage_and_all_discovered_cleared,296,6341.71713,40.0,constant,,0.05731537501560524
17,4,True,0,17,0,1,1,edge__smooth__71,edge__smooth,12,39,13,12,315,,bounded_transverse_width,,locked,48,0.0410010000000014,12,cached_distance_prefix_sum,0,0,,,True,0,,,,,,,,0,39,6,0,0,4,2,300,fast_locked_width015,[],21068.60431495111,0,,0.0,,False,0,504.47673875000004,"[1, 2, 4, 5, 7, 9, 10, 13, 17, 18, 19, 20]",30.0,4,71,1.0,8,11,26,6,26,12,ordinary,22,full_coverage_and_all_discovered_cleared,277,6053.720865,40.0,constant,,0.04103270795894787
17,4,True,0,17,0,1,1,edge__smooth__71,edge__smooth,12,39,13,12,315,,bounded_transverse_width,,locked,48,0.053050000000002484,12,cached_distance_prefix_sum,0,0,,,True,0,ends,0,0,8,883,5,3,0,39,6,0,0,4,2,300,history_locked8_width015,[],21068.60431495111,0,,0.0,,False,0,504.47673875000004,"[1, 2, 4, 5, 7, 9, 10, 13, 17, 18, 19, 20]",30.0,4,71,1.0,8,11,26,6,26,12,ordinary,22,full_coverage_and_all_discovered_cleared,277,6053.720865,40.0,constant,,0.05306287499843165
7,0,True,0,7,1,3,0,edge__adversarial-positive__67,edge__adversarial-positive,9,27,12,10,326,,bounded_transverse_width,,base,0,0.03270000000000195,10,,0,0,,,False,0,,,,,,,,0,27,1,39,0,2,2,312,range_width015,[],21110.44544427973,0,,0.0,,False,0,613.1089089,"[4, 5, 7, 8, 9, 10, 14, 15, 18, 19]",30.0,4,67,1.0,6,2,2,1,17,10,ordinary,22,full_coverage_and_all_discovered_cleared,293,6131.089089,40.0,constant,,0.032763499999418855
7,0,True,0,7,1,3,0,edge__adversarial-positive__67,edge__adversarial-positive,9,27,12,10,326,,bounded_transverse_width,,base,0,0.04166400000000081,10,,0,0,,,False,0,recent,0,0,8,510,4,1,0,27,1,39,0,2,2,312,history_recent8_width015,[],21110.44544427973,0,,0.0,,False,0,613.1089089,"[4, 5, 7, 8, 9, 10, 14, 15, 18, 19]",30.0,4,67,1.0,6,2,2,1,17,10,ordinary,22,full_coverage_and_all_discovered_cleared,293,6131.089089,40.0,constant,,0.04169112502131611
7,0,True,0,7,1,3,0,edge__adversarial-positive__67,edge__adversarial-positive,9,27,12,10,326,,bounded_transverse_width,,base,0,0.03943399999999997,10,,0,0,,,False,0,first,0,0,8,510,4,1,0,27,1,39,0,2,2,312,history_first8_width015,[],21110.44544427973,0,,0.0,,False,0,613.1089089,"[4, 5, 7, 8, 9, 10, 14, 15, 18, 19]",30.0,4,67,1.0,6,2,2,1,17,10,ordinary,22,full_coverage_and_all_discovered_cleared,293,6131.089089,40.0,constant,,0.039490291965194046
7,0,True,0,7,1,3,0,edge__adversarial-positive__67,edge__adversarial-positive,9,27,12,10,326,,bounded_transverse_width,,base,0,0.037016999999998745,10,,0,0,,,False,0,ends,0,0,4,228,4,1,0,27,1,39,0,2,2,312,history_ends4_width015,[],21110.44544427973,0,,0.0,,False,0,613.1089089,"[4, 5, 7, 8, 9, 10, 14, 15, 18, 19]",30.0,4,67,1.0,6,2,2,1,17,10,ordinary,22,full_coverage_and_all_discovered_cleared,293,6131.089089,40.0,constant,,0.03704045800259337
7,0,True,0,7,1,3,0,edge__adversarial-positive__67,edge__adversarial-positive,9,27,12,10,326,,bounded_transverse_width,,base,0,0.04323300000000074,10,,0,0,,,False,0,ends,0,0,8,793,4,1,0,27,1,39,0,2,2,312,history_ends8_width015,[],21110.44544427973,0,,0.0,,False,0,613.1089089,"[4, 5, 7, 8, 9, 10, 14, 15, 18, 19]",30.0,4,67,1.0,6,2,2,1,17,10,ordinary,22,full_coverage_and_all_discovered_cleared,293,6131.089089,40.0,constant,,0.04328787501435727
7,0,True,0,7,1,3,0,edge__adversarial-positive__67,edge__adversarial-positive,9,27,12,10,326,,bounded_transverse_width,,base,0,0.050536000000001025,10,,0,0,,,False,0,ends,0,0,16,1533,4,1,0,27,1,39,0,2,2,312,history_ends16_width015,[],21110.44544427973,0,,0.0,,False,0,613.1089089,"[4, 5, 7, 8, 9, 10, 14, 15, 18, 19]",30.0,4,67,1.0,6,2,2,1,17,10,ordinary,22,full_coverage_and_all_discovered_cleared,293,6131.089089,40.0,constant,,0.05058970797108486
13,0,True,0,13,3,3,0,edge__adversarial-positive__67,edge__adversarial-positive,7,14,10,10,355,,bounded_transverse_width,,arc,45,0.03270000000000195,10,cached_distance_prefix_sum,0,0,,,False,0,,,,,,,,0,14,2,0,0,3,3,343,fast_arc05_width015,[],21335.194859448762,0,,0.0,,False,0,635.3038971,"[4, 5, 7, 8, 9, 10, 14, 15, 18, 19]",30.0,4,67,0.5,3,0,1,2,23,10,ordinary,22,full_coverage_and_all_discovered_cleared,321,6353.038971,40.0,constant,,0.03272262500831857
13,0,True,0,13,3,3,0,edge__adversarial-positive__67,edge__adversarial-positive,7,14,10,10,355,,bounded_transverse_width,,arc,45,0.04505900000000196,10,cached_distance_prefix_sum,0,0,,,False,0,ends,0,0,8,923,0,0,0,14,2,0,0,3,3,343,history_arc8_width015,[],21335.194859448762,0,,0.0,,False,0,635.3038971,"[4, 5, 7, 8, 9, 10, 14, 15, 18, 19]",30.0,4,67,0.5,3,0,1,2,23,10,ordinary,22,full_coverage_and_all_discovered_cleared,321,6353.038971,40.0,constant,,0.04511187504976988
10,0,True,0,10,0,3,0,edge__adversarial-positive__67,edge__adversarial-positive,10,47,13,10,334,,bounded_transverse_width,,locked,42,0.03374799999999922,10,cached_distance_prefix_sum,0,0,,,True,0,,,,,,,,0,47,4,0,0,2,2,319,fast_locked_width015,[],19501.03534828814,0,,0.0,,False,0,585.2207068,"[4, 5, 7, 8, 9, 10, 14, 15, 18, 19]",30.0,4,67,1.0,9,4,19,4,20,10,ordinary,22,full_coverage_and_all_discovered_cleared,298,5852.207068,40.0,constant,,0.033776374999433756
10,0,True,0,10,0,3,0,edge__adversarial-positive__67,edge__adversarial-positive,10,47,13,10,334,,bounded_transverse_width,,locked,42,0.04691000000000045,10,cached_distance_prefix_sum,0,0,,,True,0,ends,0,0,8,1070,0,0,0,47,4,0,0,2,2,319,history_locked8_width015,[],19501.03534828814,0,,0.0,,False,0,585.2207068,"[4, 5, 7, 8, 9, 10, 14, 15, 18, 19]",30.0,4,67,1.0,9,4,19,4,20,10,ordinary,22,full_coverage_and_all_discovered_cleared,298,5852.207068,40.0,constant,,0.04692529095336795
20,2,True,0,20,1,4,0,edge__adversarial-positive__68,edge__adversarial-positive,14,12,18,15,311,,bounded_transverse_width,,base,0,0.044064000000002324,15,,0,0,,,False,0,,,,,,,,0,12,6,55,0,3,3,291,range_width015,[],23769.003665902714,0,,0.0,,False,0,437.18671566666666,"[2, 4, 5, 6, 8, 9, 11, 12, 13, 14, 15, 16, 17, 19, 20]",30.0,4,68,1.0,17,6,11,7,33,15,ordinary,22,full_coverage_and_all_discovered_cleared,265,6557.800735,40.0,constant,,0.04411225003423169
20,2,True,0,20,1,4,0,edge__adversarial-positive__68,edge__adversarial-positive,14,12,18,15,311,,bounded_transverse_width,,base,0,0.060717000000000354,15,,0,0,,,False,0,recent,0,0,8,1247,0,0,0,12,6,55,0,3,3,291,history_recent8_width015,[],23769.003665902714,0,,0.0,,False,0,437.18671566666666,"[2, 4, 5, 6, 8, 9, 11, 12, 13, 14, 15, 16, 17, 19, 20]",30.0,4,68,1.0,17,6,11,7,33,15,ordinary,22,full_coverage_and_all_discovered_cleared,265,6557.800735,40.0,constant,,0.06079779099673033
20,2,True,0,20,1,4,0,edge__adversarial-positive__68,edge__adversarial-positive,14,12,18,15,311,,bounded_transverse_width,,base,0,0.05681300000000178,15,,0,0,,,False,0,first,0,0,8,1247,0,0,0,12,6,55,0,3,3,291,history_first8_width015,[],23769.003665902714,0,,0.0,,False,0,437.18671566666666,"[2, 4, 5, 6, 8, 9, 11, 12, 13, 14, 15, 16, 17, 19, 20]",30.0,4,68,1.0,17,6,11,7,33,15,ordinary,22,full_coverage_and_all_discovered_cleared,265,6557.800735,40.0,constant,,0.05686616699676961
20,2,True,0,20,1,4,0,edge__adversarial-positive__68,edge__adversarial-positive,14,12,18,15,311,,bounded_transverse_width,,base,0,0.05182399999999987,15,,0,0,,,False,0,ends,0,0,4,533,0,0,0,12,6,55,0,3,3,291,history_ends4_width015,[],23769.003665902714,0,,0.0,,False,0,437.18671566666666,"[2, 4, 5, 6, 8, 9, 11, 12, 13, 14, 15, 16, 17, 19, 20]",30.0,4,68,1.0,17,6,11,7,33,15,ordinary,22,full_coverage_and_all_discovered_cleared,265,6557.800735,40.0,constant,,0.05189429200254381
20,2,True,0,20,1,4,0,edge__adversarial-positive__68,edge__adversarial-positive,14,12,18,15,311,,bounded_transverse_width,,base,0,0.06997900000000001,15,,0,0,,,False,0,ends,0,0,8,1961,0,0,0,12,6,55,0,3,3,291,history_ends8_width015,[],23769.003665902714,0,,0.0,,False,0,437.18671566666666,"[2, 4, 5, 6, 8, 9, 11, 12, 13, 14, 15, 16, 17, 19, 20]",30.0,4,68,1.0,17,6,11,7,33,15,ordinary,22,full_coverage_and_all_discovered_cleared,265,6557.800735,40.0,constant,,0.07005912502063438
20,2,True,0,20,1,4,0,edge__adversarial-positive__68,edge__adversarial-positive,14,12,18,15,311,,bounded_transverse_width,,base,0,0.0864040000000017,15,,0,0,,,False,0,ends,0,0,16,4399,1,1,0,12,6,55,0,3,3,291,history_ends16_width015,[],23766.87758890034,0,,0.0,,False,0,437.15836806666664,"[2, 4, 5, 6, 8, 9, 11, 12, 13, 14, 15, 16, 17, 19, 20]",30.0,4,68,1.0,17,6,11,7,33,15,ordinary,22,full_coverage_and_all_discovered_cleared,265,6557.375521,40.0,constant,,0.08647595799993724
21,2,True,0,21,1,3,0,edge__adversarial-positive__68,edge__adversarial-positive,14,13,17,15,310,,bounded_transverse_width,,arc,56,0.04974299999999943,15,cached_distance_prefix_sum,0,0,,,False,0,,,,,,,,0,13,8,0,0,2,2,291,fast_arc05_width015,[],22608.5579203452,0,,0.0,,False,0,421.6474386666667,"[2, 4, 5, 6, 8, 9, 11, 12, 13, 14, 15, 16, 17, 19, 20]",30.0,4,68,0.5,15,6,1,8,34,15,ordinary,22,full_coverage_and_all_discovered_cleared,267,6324.71158,40.0,constant,,0.04975570802344009
21,2,True,0,21,1,3,0,edge__adversarial-positive__68,edge__adversarial-positive,14,13,17,15,310,,bounded_transverse_width,,arc,56,0.07135900000000106,15,cached_distance_prefix_sum,0,0,,,False,0,ends,0,0,8,2019,0,0,0,13,8,0,0,2,2,291,history_arc8_width015,[],22608.5579203452,0,,0.0,,False,0,421.6474386666667,"[2, 4, 5, 6, 8, 9, 11, 12, 13, 14, 15, 16, 17, 19, 20]",30.0,4,68,0.5,15,6,1,8,34,15,ordinary,22,full_coverage_and_all_discovered_cleared,267,6324.71158,40.0,constant,,0.07142745901364833
13,0,True,0,13,2,3,0,edge__adversarial-positive__68,edge__adversarial-positive,13,48,16,15,278,,bounded_transverse_width,,locked,50,0.04757400000000089,15,cached_distance_prefix_sum,0,0,,,True,0,,,,,,,,0,48,5,0,0,3,3,260,fast_locked_width015,[],21687.306606141992,0,,0.0,,False,0,396.96408786666666,"[2, 4, 5, 6, 8, 9, 11, 12, 13, 14, 15, 16, 17, 19, 20]",30.0,4,68,1.0,10,1,18,6,28,15,ordinary,22,full_coverage_and_all_discovered_cleared,239,5954.461318,40.0,constant,,0.047630708024371415
17,3,True,0,17,2,3,1,edge__adversarial-positive__68,edge__adversarial-positive,13,48,16,15,282,,bounded_transverse_width,,locked,52,0.0649860000000011,15,cached_distance_prefix_sum,0,0,,,True,0,ends,0,0,8,1343,7,4,0,48,5,0,0,4,3,264,history_locked8_width015,[],21365.033830561923,0,,0.0,,False,0,394.1337842666666,"[2, 4, 5, 6, 8, 9, 11, 12, 13, 14, 15, 16, 17, 19, 20]",30.0,4,68,1.0,10,20,5,6,30,15,ordinary,22,full_coverage_and_all_discovered_cleared,241,5912.006764,40.0,constant,,0.06499949999852106
13,1,True,0,13,0,3,0,edge__adversarial-positive__69,edge__adversarial-positive,15,28,18,15,299,,bounded_transverse_width,,base,0,0.04083100000000073,15,,0,0,,,False,0,,,,,,,,0,28,3,49,0,4,3,279,range_width015,[],22807.720950884854,0,,0.0,,False,0,419.63627906666665,"[2, 3, 4, 5, 6, 7, 8, 9, 10, 11, 12, 13, 14, 16, 18]",30.0,4,69,1.0,11,1,4,3,27,15,ordinary,22,full_coverage_and_all_discovered_cleared,254,6294.544186,40.0,constant,,0.040976665972266346
13,1,True,0,13,0,3,0,edge__adversarial-positive__69,edge__adversarial-positive,15,28,18,15,299,,bounded_transverse_width,,base,0,0.0561770000000017,15,,0,0,,,False,0,recent,0,0,8,1103,0,0,0,28,3,49,0,4,3,279,history_recent8_width015,[],22807.720950884854,0,,0.0,,False,0,419.63627906666665,"[2, 3, 4, 5, 6, 7, 8, 9, 10, 11, 12, 13, 14, 16, 18]",30.0,4,69,1.0,11,1,4,3,27,15,ordinary,22,full_coverage_and_all_discovered_cleared,254,6294.544186,40.0,constant,,0.056199499987997115
13,1,True,0,13,0,3,0,edge__adversarial-positive__69,edge__adversarial-positive,15,28,18,15,299,,bounded_transverse_width,,base,0,0.05118799999999979,15,,0,0,,,False,0,first,0,0,8,1103,0,0,0,28,3,49,0,4,3,279,history_first8_width015,[],22807.720950884854,0,,0.0,,False,0,419.63627906666665,"[2, 3, 4, 5, 6, 7, 8, 9, 10, 11, 12, 13, 14, 16, 18]",30.0,4,69,1.0,11,1,4,3,27,15,ordinary,22,full_coverage_and_all_discovered_cleared,254,6294.544186,40.0,constant,,0.05121983401477337
13,1,True,0,13,0,3,0,edge__adversarial-positive__69,edge__adversarial-positive,15,28,18,15,299,,bounded_transverse_width,,base,0,0.04793899999999951,15,,0,0,,,False,0,ends,0,0,4,539,0,0,0,28,3,49,0,4,3,279,history_ends4_width015,[],22807.720950884854,0,,0.0,,False,0,419.63627906666665,"[2, 3, 4, 5, 6, 7, 8, 9, 10, 11, 12, 13, 14, 16, 18]",30.0,4,69,1.0,11,1,4,3,27,15,ordinary,22,full_coverage_and_all_discovered_cleared,254,6294.544186,40.0,constant,,0.04799349996028468
13,1,True,0,13,0,3,0,edge__adversarial-positive__69,edge__adversarial-positive,15,28,18,15,299,,bounded_transverse_width,,base,0,0.06058500000000322,15,,0,0,,,False,0,ends,0,0,8,1875,0,0,0,28,3,49,0,4,3,279,history_ends8_width015,[],22807.720950884854,0,,0.0,,False,0,419.63627906666665,"[2, 3, 4, 5, 6, 7, 8, 9, 10, 11, 12, 13, 14, 16, 18]",30.0,4,69,1.0,11,1,4,3,27,15,ordinary,22,full_coverage_and_all_discovered_cleared,254,6294.544186,40.0,constant,,0.06064366700593382
13,1,True,0,13,0,3,0,edge__adversarial-positive__69,edge__adversarial-positive,15,28,18,15,299,,bounded_transverse_width,,base,0,0.08615800000000107,15,,0,0,,,False,0,ends,0,0,16,4657,1,1,0,28,3,49,0,4,3,279,history_ends16_width015,[],22807.720950884854,0,,0.0,,False,0,419.63627906666665,"[2, 3, 4, 5, 6, 7, 8, 9, 10, 11, 12, 13, 14, 16, 18]",30.0,4,69,1.0,11,1,4,3,27,15,ordinary,22,full_coverage_and_all_discovered_cleared,254,6294.544186,40.0,constant,,0.08622320799622685
30,4,True,0,30,2,5,0,edge__adversarial-positive__69,edge__adversarial-positive,13,3,18,15,315,,bounded_transverse_width,,arc,63,0.0597929999999991,15,cached_distance_prefix_sum,0,0,,,False,0,,,,,,,,0,3,8,0,0,4,3,295,fast_arc05_width015,[],22786.755839903322,0,,0.0,,False,0,425.35674446666667,"[2, 3, 4, 5, 6, 7, 8, 9, 10, 11, 12, 13, 14, 16, 18]",30.0,4,69,0.5,13,3,2,8,41,15,ordinary,22,full_coverage_and_all_discovered_cleared,264,6380.351167,40.0,constant,,0.05982404202222824
30,4,True,0,30,2,5,0,edge__adversarial-positive__69,edge__adversarial-positive,13,3,18,15,315,,bounded_transverse_width,,arc,63,0.0793430000000015,15,cached_distance_prefix_sum,0,0,,,False,0,ends,0,0,8,1869,1,1,0,3,8,0,0,4,3,295,history_arc8_width015,[],22781.26151539366,0,,0.0,,False,0,425.2834868,"[2, 3, 4, 5, 6, 7, 8, 9, 10, 11, 12, 13, 14, 16, 18]",30.0,4,69,0.5,13,3,2,8,41,15,ordinary,22,full_coverage_and_all_discovered_cleared,264,6379.252302,40.0,constant,,0.07942595804343
10,1,True,0,10,2,3,0,edge__adversarial-positive__69,edge__adversarial-positive,13,64,16,15,260,,bounded_transverse_width,,locked,46,0.0476939999999999,15,cached_distance_prefix_sum,0,0,,,True,0,,,,,,,,0,64,3,0,0,2,2,242,fast_locked_width015,[],20608.128571530386,0,,0.0,,False,0,375.1750474666667,"[2, 3, 4, 5, 6, 7, 8, 9, 10, 11, 12, 13, 14, 16, 18]",30.0,4,69,1.0,19,8,30,3,24,15,ordinary,22,full_coverage_and_all_discovered_cleared,218,5627.625712,40.0,constant,,0.047723666997626424
10,1,True,0,10,2,3,0,edge__adversarial-positive__69,edge__adversarial-positive,13,64,16,15,260,,bounded_transverse_width,,locked,46,0.06106600000000029,15,cached_distance_prefix_sum,0,0,,,True,0,ends,0,0,8,1335,0,0,0,64,3,0,0,2,2,242,history_locked8_width015,[],20608.128571530386,0,,0.0,,False,0,375.1750474666667,"[2, 3, 4, 5, 6, 7, 8, 9, 10, 11, 12, 13, 14, 16, 18]",30.0,4,69,1.0,19,8,30,3,24,15,ordinary,22,full_coverage_and_all_discovered_cleared,218,5627.625712,40.0,constant,,0.06112412497168407
9,0,True,0,9,2,4,0,edge__adversarial-positive__70,edge__adversarial-positive,8,1,12,10,342,,bounded_transverse_width,,base,0,0.02821800000000252,10,,0,0,,,False,0,,,,,,,,0,1,3,41,0,3,3,328,range_width015,[],21048.26666867023,0,,0.0,,False,0,621.0653331000001,"[2, 3, 5, 10, 11, 13, 15, 16, 19, 20]",30.0,4,70,1.0,3,1,4,3,19,10,ordinary,22,full_coverage_and_all_discovered_cleared,305,6210.653331,40.0,constant,,0.028264041990041733
10,1,True,0,10,4,4,0,edge__adversarial-positive__70,edge__adversarial-positive,6,0,10,10,330,,bounded_transverse_width,,base,0,0.038239999999998275,10,,0,0,,,False,0,recent,0,0,8,620,2,1,0,0,2,41,0,3,3,318,history_recent8_width015,[],19849.025226705544,0,,0.0,,False,0,590.4805044,"[2, 3, 5, 10, 11, 13, 15, 16, 19, 20]",30.0,4,70,1.0,7,1,4,2,19,10,ordinary,22,full_coverage_and_all_discovered_cleared,295,5904.805044,40.0,constant,,0.038302125001791865
10,1,True,0,10,4,4,0,edge__adversarial-positive__70,edge__adversarial-positive,6,0,10,10,330,,bounded_transverse_width,,base,0,0.034599000000000046,10,,0,0,,,False,0,first,0,0,8,620,2,1,0,0,2,41,0,3,3,318,history_first8_width015,[],19849.025226705544,0,,0.0,,False,0,590.4805044,"[2, 3, 5, 10, 11, 13, 15, 16, 19, 20]",30.0,4,70,1.0,7,1,4,2,19,10,ordinary,22,full_coverage_and_all_discovered_cleared,295,5904.805044,40.0,constant,,0.03461708303075284
9,0,True,0,9,2,4,0,edge__adversarial-positive__70,edge__adversarial-positive,8,1,12,10,342,,bounded_transverse_width,,base,0,0.0330699999999986,10,,0,0,,,False,0,ends,0,0,4,291,0,0,0,1,3,41,0,3,3,328,history_ends4_width015,[],21048.26666867023,0,,0.0,,False,0,621.0653331000001,"[2, 3, 5, 10, 11, 13, 15, 16, 19, 20]",30.0,4,70,1.0,3,1,4,3,19,10,ordinary,22,full_coverage_and_all_discovered_cleared,305,6210.653331,40.0,constant,,0.03309854201506823
10,1,True,0,10,4,4,0,edge__adversarial-positive__70,edge__adversarial-positive,6,0,10,10,330,,bounded_transverse_width,,base,0,0.03975300000000104,10,,0,0,,,False,0,ends,0,0,8,1040,2,1,0,0,2,41,0,3,3,318,history_ends8_width015,[],19849.025226705544,0,,0.0,,False,0,590.4805044,"[2, 3, 5, 10, 11, 13, 15, 16, 19, 20]",30.0,4,70,1.0,7,1,4,2,19,10,ordinary,22,full_coverage_and_all_discovered_cleared,295,5904.805044,40.0,constant,,0.039808458008337766
10,1,True,0,10,4,4,0,edge__adversarial-positive__70,edge__adversarial-positive,6,0,10,10,330,,bounded_transverse_width,,base,0,0.04320200000000085,10,,0,0,,,False,0,ends,0,0,16,1305,2,1,0,0,2,41,0,3,3,318,history_ends16_width015,[],19849.025226705544,0,,0.0,,False,0,590.4805044,"[2, 3, 5, 10, 11, 13, 15, 16, 19, 20]",30.0,4,70,1.0,7,1,4,2,19,10,ordinary,22,full_coverage_and_all_discovered_cleared,295,5904.805044,40.0,constant,,0.04322325001703575
16,0,True,0,16,6,7,0,edge__adversarial-positive__70,edge__adversarial-positive,4,0,11,10,333,,bounded_transverse_width,,arc,48,0.03393600000000063,10,cached_distance_prefix_sum,0,0,,,False,0,,,,,,,,0,0,7,0,0,3,3,320,fast_arc05_width015,[],20018.437488308282,0,,0.0,,False,0,595.1687498,"[2, 3, 5, 10, 11, 13, 15, 16, 19, 20]",30.0,4,70,0.5,4,1,13,7,26,10,ordinary,22,full_coverage_and_all_discovered_cleared,295,5951.687498,40.0,constant,,0.03395470802206546
14,1,True,0,14,4,4,0,edge__adversarial-positive__70,edge__adversarial-positive,6,0,10,10,332,,bounded_transverse_width,,arc,45,0.045033999999997576,10,cached_distance_prefix_sum,0,0,,,False,0,ends,0,0,8,1112,2,1,0,0,4,0,0,3,3,320,history_arc8_width015,[],19051.23736977678,0,,0.0,,False,0,575.8247475999999,"[2, 3, 5, 10, 11, 13, 15, 16, 19, 20]",30.0,4,70,0.5,5,1,0,4,23,10,ordinary,22,full_coverage_and_all_discovered_cleared,298,5758.247476,40.0,constant,,0.04505291598616168
6,1,True,0,6,0,2,0,edge__adversarial-positive__70,edge__adversarial-positive,10,52,12,10,341,,bounded_transverse_width,,locked,37,0.03203800000000001,10,cached_distance_prefix_sum,0,0,,,True,0,,,,,,,,0,52,1,0,0,2,1,327,fast_locked_width015,[],19214.847522371856,0,,0.0,,False,0,583.9969503,"[2, 3, 5, 10, 11, 13, 15, 16, 19, 20]",30.0,4,70,1.0,5,1,1,1,15,10,ordinary,22,full_coverage_and_all_discovered_cleared,306,5839.969503,40.0,constant,,0.03207658400060609
6,1,True,0,6,0,2,0,edge__adversarial-positive__70,edge__adversarial-positive,10,52,12,10,341,,bounded_transverse_width,,locked,37,0.04213499999999826,10,cached_distance_prefix_sum,0,0,,,True,0,ends,0,0,8,705,0,0,0,52,1,0,0,2,1,327,history_locked8_width015,[],19214.847522371856,0,,0.0,,False,0,583.9969503,"[2, 3, 5, 10, 11, 13, 15, 16, 19, 20]",30.0,4,70,1.0,5,1,1,1,15,10,ordinary,22,full_coverage_and_all_discovered_cleared,306,5839.969503,40.0,constant,,0.04216054198332131
15,1,True,0,15,0,0,0,edge__adversarial-positive__71,edge__adversarial-positive,12,16,12,12,341,,bounded_transverse_width,,base,0,0.033186000000000604,12,,0,0,,,False,0,,,,,,,,0,16,0,48,0,3,3,327,range_width015,[],21933.082230702377,0,,0.0,,False,0,531.9680370833333,"[1, 2, 4, 5, 7, 9, 10, 13, 17, 18, 19, 20]",30.0,4,71,1.0,7,0,16,0,26,12,ordinary,22,full_coverage_and_all_discovered_cleared,302,6383.616445,40.0,constant,,0.03321583301294595
14,1,True,0,14,1,1,0,edge__adversarial-positive__71,edge__adversarial-positive,11,17,12,12,335,,bounded_transverse_width,,base,0,0.04819299999999771,12,,0,0,,,False,0,recent,0,0,8,1069,4,2,0,17,0,47,0,3,3,321,history_recent8_width015,[],21820.402725021566,0,,0.0,,False,0,527.0067118333333,"[1, 2, 4, 5, 7, 9, 10, 13, 17, 18, 19, 20]",30.0,4,71,1.0,9,3,0,0,25,12,ordinary,22,full_coverage_and_all_discovered_cleared,295,6324.080542,40.0,constant,,0.048197500000242144
14,1,True,0,14,1,1,0,edge__adversarial-positive__71,edge__adversarial-positive,11,17,12,12,335,,bounded_transverse_width,,base,0,0.04385400000000317,12,,0,0,,,False,0,first,0,0,8,1069,4,2,0,17,0,47,0,3,3,321,history_first8_width015,[],21820.402725021566,0,,0.0,,False,0,527.0067118333333,"[1, 2, 4, 5, 7, 9, 10, 13, 17, 18, 19, 20]",30.0,4,71,1.0,9,3,0,0,25,12,ordinary,22,full_coverage_and_all_discovered_cleared,295,6324.080542,40.0,constant,,0.04387020802823827
14,1,True,0,14,1,1,0,edge__adversarial-positive__71,edge__adversarial-positive,11,17,12,12,335,,bounded_transverse_width,,base,0,0.0403129999999976,12,,0,0,,,False,0,ends,0,0,4,446,3,2,0,17,0,47,0,3,3,321,history_ends4_width015,[],21820.402725021566,0,,0.0,,False,0,527.0067118333333,"[1, 2, 4, 5, 7, 9, 10, 13, 17, 18, 19, 20]",30.0,4,71,1.0,9,3,0,0,25,12,ordinary,22,full_coverage_and_all_discovered_cleared,295,6324.080542,40.0,constant,,0.04033270897343755
14,1,True,0,14,1,1,0,edge__adversarial-positive__71,edge__adversarial-positive,11,17,12,12,335,,bounded_transverse_width,,base,0,0.05226600000000303,12,,0,0,,,False,0,ends,0,0,8,1635,4,2,0,17,0,47,0,3,3,321,history_ends8_width015,[],21820.402725021566,0,,0.0,,False,0,527.0067118333333,"[1, 2, 4, 5, 7, 9, 10, 13, 17, 18, 19, 20]",30.0,4,71,1.0,9,3,0,0,25,12,ordinary,22,full_coverage_and_all_discovered_cleared,295,6324.080542,40.0,constant,,0.05231070797890425
14,1,True,0,14,1,1,0,edge__adversarial-positive__71,edge__adversarial-positive,11,17,12,12,335,,bounded_transverse_width,,base,0,0.06966699999999904,12,,0,0,,,False,0,ends,0,0,16,3525,9,7,0,17,0,47,0,3,3,321,history_ends16_width015,[],21820.402725021566,0,,0.0,,False,0,527.0067118333333,"[1, 2, 4, 5, 7, 9, 10, 13, 17, 18, 19, 20]",30.0,4,71,1.0,9,3,0,0,25,12,ordinary,22,full_coverage_and_all_discovered_cleared,295,6324.080542,40.0,constant,,0.06975054100621492
15,1,True,0,15,0,0,0,edge__adversarial-positive__71,edge__adversarial-positive,12,16,12,12,341,,bounded_transverse_width,,arc,48,0.03671599999999842,12,cached_distance_prefix_sum,0,0,,,False,0,,,,,,,,0,16,0,0,0,3,3,327,fast_arc05_width015,[],21933.082230702377,0,,0.0,,False,0,531.9680370833333,"[1, 2, 4, 5, 7, 9, 10, 13, 17, 18, 19, 20]",30.0,4,71,0.5,7,0,16,0,26,12,ordinary,22,full_coverage_and_all_discovered_cleared,302,6383.616445,40.0,constant,,0.0367519169813022
14,1,True,0,14,1,1,0,edge__adversarial-positive__71,edge__adversarial-positive,11,17,12,12,335,,bounded_transverse_width,,arc,47,0.055344000000001614,12,cached_distance_prefix_sum,0,0,,,False,0,ends,0,0,8,1635,4,2,0,17,0,0,0,3,3,321,history_arc8_width015,[],21820.402725021566,0,,0.0,,False,0,527.0067118333333,"[1, 2, 4, 5, 7, 9, 10, 13, 17, 18, 19, 20]",30.0,4,71,0.5,9,3,0,0,25,12,ordinary,22,full_coverage_and_all_discovered_cleared,295,6324.080542,40.0,constant,,0.05542162503115833
16,4,True,0,16,0,1,1,edge__adversarial-positive__71,edge__adversarial-positive,12,47,13,12,317,,bounded_transverse_width,,locked,47,0.04083599999999876,12,cached_distance_prefix_sum,0,0,,,True,0,,,,,,,,0,47,5,0,0,4,2,302,fast_locked_width015,[],20838.187808093906,0,,0.0,,False,0,501.7197966666667,"[1, 2, 4, 5, 7, 9, 10, 13, 17, 18, 19, 20]",30.0,4,71,1.0,9,14,16,5,25,12,ordinary,22,full_coverage_and_all_discovered_cleared,280,6020.63756,40.0,constant,,0.04087958304444328
16,4,True,0,16,0,1,1,edge__adversarial-positive__71,edge__adversarial-positive,12,47,13,12,317,,bounded_transverse_width,,locked,47,0.05440199999999962,12,cached_distance_prefix_sum,0,0,,,True,0,ends,0,0,8,945,5,3,0,47,5,0,0,4,2,302,history_locked8_width015,[],20838.187808093906,0,,0.0,,False,0,501.7197966666667,"[1, 2, 4, 5, 7, 9, 10, 13, 17, 18, 19, 20]",30.0,4,71,1.0,9,14,16,5,25,12,ordinary,22,full_coverage_and_all_discovered_cleared,280,6020.63756,40.0,constant,,0.05441937496652827
10,1,True,0,10,2,3,0,edge__adversarial-negative__67,edge__adversarial-negative,8,20,11,10,362,,bounded_transverse_width,,base,0,0.03533800000000298,10,,0,0,,,False,0,,,,,,,,0,20,4,41,0,4,3,349,range_width015,[],21771.869815222402,0,,0.0,,False,0,648.037396,"[4, 5, 7, 8, 9, 10, 14, 15, 18, 19]",30.0,4,67,1.0,9,0,1,4,19,10,ordinary,22,full_coverage_and_all_discovered_cleared,328,6480.37396,40.0,constant,,0.035349125042557716
10,1,True,0,10,2,3,0,edge__adversarial-negative__67,edge__adversarial-negative,8,20,11,10,362,,bounded_transverse_width,,base,0,0.04748100000000122,10,,0,0,,,False,0,recent,0,0,8,780,1,1,0,20,4,41,0,4,3,349,history_recent8_width015,[],21771.869815222402,0,,0.0,,False,0,648.037396,"[4, 5, 7, 8, 9, 10, 14, 15, 18, 19]",30.0,4,67,1.0,9,0,1,4,19,10,ordinary,22,full_coverage_and_all_discovered_cleared,328,6480.37396,40.0,constant,,0.0475632090237923
10,1,True,0,10,2,3,0,edge__adversarial-negative__67,edge__adversarial-negative,8,20,11,10,362,,bounded_transverse_width,,base,0,0.04376900000000106,10,,0,0,,,False,0,first,0,0,8,780,1,1,0,20,4,41,0,4,3,349,history_first8_width015,[],21771.869815222402,0,,0.0,,False,0,648.037396,"[4, 5, 7, 8, 9, 10, 14, 15, 18, 19]",30.0,4,67,1.0,9,0,1,4,19,10,ordinary,22,full_coverage_and_all_discovered_cleared,328,6480.37396,40.0,constant,,0.043787124974187464
10,1,True,0,10,2,3,0,edge__adversarial-negative__67,edge__adversarial-negative,8,20,11,10,362,,bounded_transverse_width,,base,0,0.04119000000000028,10,,0,0,,,False,0,ends,0,0,4,328,1,1,0,20,4,41,0,4,3,349,history_ends4_width015,[],21771.869815222402,0,,0.0,,False,0,648.037396,"[4, 5, 7, 8, 9, 10, 14, 15, 18, 19]",30.0,4,67,1.0,9,0,1,4,19,10,ordinary,22,full_coverage_and_all_discovered_cleared,328,6480.37396,40.0,constant,,0.04120045801391825
10,1,True,0,10,2,3,0,edge__adversarial-negative__67,edge__adversarial-negative,8,20,11,10,362,,bounded_transverse_width,,base,0,0.05103099999999827,10,,0,0,,,False,0,ends,0,0,8,1362,1,1,0,20,4,41,0,4,3,349,history_ends8_width015,[],21771.869815222402,0,,0.0,,False,0,648.037396,"[4, 5, 7, 8, 9, 10, 14, 15, 18, 19]",30.0,4,67,1.0,9,0,1,4,19,10,ordinary,22,full_coverage_and_all_discovered_cleared,328,6480.37396,40.0,constant,,0.05111337505513802
14,2,True,0,14,3,3,0,edge__adversarial-negative__67,edge__adversarial-negative,7,14,10,10,363,,bounded_transverse_width,,base,0,0.06992699999999985,10,,0,0,,,False,0,ends,0,0,16,3520,4,2,0,14,3,44,0,4,3,351,history_ends16_width015,[],21276.14571068505,0,,0.0,,False,0,638.9229139,"[4, 5, 7, 8, 9, 10, 14, 15, 18, 19]",30.0,4,67,1.0,5,0,1,3,22,10,ordinary,22,full_coverage_and_all_discovered_cleared,329,6389.229139,40.0,constant,,0.0699897080194205
8,0,True,0,8,1,3,0,edge__adversarial-negative__67,edge__adversarial-negative,9,30,12,10,324,,bounded_transverse_width,,arc,40,0.03812999999999889,10,cached_distance_prefix_sum,0,0,,,False,0,,,,,,,,0,30,2,0,0,2,2,310,fast_arc05_width015,[],21223.36023938643,0,,0.0,,False,0,614.1672048,"[4, 5, 7, 8, 9, 10, 14, 15, 18, 19]",30.0,4,67,0.5,6,3,2,2,18,10,ordinary,22,full_coverage_and_all_discovered_cleared,291,6141.672048,40.0,constant,,0.03815941704669967
8,0,True,0,8,1,3,0,edge__adversarial-negative__67,edge__adversarial-negative,9,30,12,10,324,,bounded_transverse_width,,arc,40,0.04793899999999951,10,cached_distance_prefix_sum,0,0,,,False,0,ends,0,0,8,707,2,1,0,30,2,0,0,2,2,310,history_arc8_width015,[],21223.36023938643,0,,0.0,,False,0,614.1672048,"[4, 5, 7, 8, 9, 10, 14, 15, 18, 19]",30.0,4,67,0.5,6,3,2,2,18,10,ordinary,22,full_coverage_and_all_discovered_cleared,291,6141.672048,40.0,constant,,0.04797941696597263
12,1,True,0,12,0,2,0,edge__adversarial-negative__67,edge__adversarial-negative,10,47,12,10,335,,bounded_transverse_width,,locked,43,0.034075999999998885,10,cached_distance_prefix_sum,0,0,,,True,0,,,,,,,,0,47,4,0,0,4,3,321,fast_locked_width015,[],20472.269634611894,0,,0.0,,False,0,605.3453923,"[4, 5, 7, 8, 9, 10, 14, 15, 18, 19]",30.0,4,67,1.0,9,5,19,4,21,10,ordinary,22,full_coverage_and_all_discovered_cleared,298,6053.453923,40.0,constant,,0.03413162496872246
12,1,True,0,12,0,2,0,edge__adversarial-negative__67,edge__adversarial-negative,10,47,12,10,335,,bounded_transverse_width,,locked,43,0.04758299999999949,10,cached_distance_prefix_sum,0,0,,,True,0,ends,0,0,8,1057,0,0,0,47,4,0,0,4,3,321,history_locked8_width015,[],20472.269634611894,0,,0.0,,False,0,605.3453923,"[4, 5, 7, 8, 9, 10, 14, 15, 18, 19]",30.0,4,67,1.0,9,5,19,4,21,10,ordinary,22,full_coverage_and_all_discovered_cleared,298,6053.453923,40.0,constant,,0.04762591701000929
21,3,True,0,21,1,3,0,edge__adversarial-negative__68,edge__adversarial-negative,14,3,17,15,306,,bounded_transverse_width,,base,0,0.04569000000000045,15,,0,0,,,False,0,,,,,,,,0,3,7,55,0,3,3,287,range_width015,[],24636.097056889415,0,,0.0,,False,0,447.1479608,"[2, 4, 5, 6, 8, 9, 11, 12, 13, 14, 15, 16, 17, 19, 20]",30.0,4,68,1.0,17,5,4,7,33,15,ordinary,22,full_coverage_and_all_discovered_cleared,264,6707.219412,40.0,constant,,0.045933457964565605
21,3,True,0,21,1,3,0,edge__adversarial-negative__68,edge__adversarial-negative,14,3,17,15,306,,bounded_transverse_width,,base,0,0.059436999999999074,15,,0,0,,,False,0,recent,0,0,8,1156,1,1,0,3,7,55,0,3,3,287,history_recent8_width015,[],24636.090808460183,0,,0.0,,False,0,447.1478775333333,"[2, 4, 5, 6, 8, 9, 11, 12, 13, 14, 15, 16, 17, 19, 20]",30.0,4,68,1.0,17,5,4,7,33,15,ordinary,22,full_coverage_and_all_discovered_cleared,264,6707.218163,40.0,constant,,0.059493042004760355
21,3,True,0,21,1,3,0,edge__adversarial-negative__68,edge__adversarial-negative,14,3,17,15,306,,bounded_transverse_width,,base,0,0.054831000000000074,15,,0,0,,,False,0,first,0,0,8,1156,1,1,0,3,7,55,0,3,3,287,history_first8_width015,[],24636.090808460183,0,,0.0,,False,0,447.1478775333333,"[2, 4, 5, 6, 8, 9, 11, 12, 13, 14, 15, 16, 17, 19, 20]",30.0,4,68,1.0,17,5,4,7,33,15,ordinary,22,full_coverage_and_all_discovered_cleared,264,6707.218163,40.0,constant,,0.05487312498735264
21,3,True,0,21,1,3,0,edge__adversarial-negative__68,edge__adversarial-negative,14,3,17,15,306,,bounded_transverse_width,,base,0,0.05084599999999995,15,,0,0,,,False,0,ends,0,0,4,517,0,0,0,3,7,55,0,3,3,287,history_ends4_width015,[],24636.097056889415,0,,0.0,,False,0,447.1479608,"[2, 4, 5, 6, 8, 9, 11, 12, 13, 14, 15, 16, 17, 19, 20]",30.0,4,68,1.0,17,5,4,7,33,15,ordinary,22,full_coverage_and_all_discovered_cleared,264,6707.219412,40.0,constant,,0.05090925004333258
21,3,True,0,21,1,3,0,edge__adversarial-negative__68,edge__adversarial-negative,14,3,17,15,306,,bounded_transverse_width,,base,0,0.0639959999999995,15,,0,0,,,False,0,ends,0,0,8,1901,1,1,0,3,7,55,0,3,3,287,history_ends8_width015,[],24636.090808460183,0,,0.0,,False,0,447.1478775333333,"[2, 4, 5, 6, 8, 9, 11, 12, 13, 14, 15, 16, 17, 19, 20]",30.0,4,68,1.0,17,5,4,7,33,15,ordinary,22,full_coverage_and_all_discovered_cleared,264,6707.218163,40.0,constant,,0.06405366701073945
21,3,True,0,21,1,3,0,edge__adversarial-negative__68,edge__adversarial-negative,14,3,17,15,306,,bounded_transverse_width,,base,0,0.08605100000000121,15,,0,0,,,False,0,ends,0,0,16,4003,2,1,0,3,7,55,0,3,3,287,history_ends16_width015,[],24631.789439286164,0,,0.0,,False,0,447.0905259333333,"[2, 4, 5, 6, 8, 9, 11, 12, 13, 14, 15, 16, 17, 19, 20]",30.0,4,68,1.0,17,5,4,7,33,15,ordinary,22,full_coverage_and_all_discovered_cleared,264,6706.357889,40.0,constant,,0.08636225003283471
17,1,True,0,17,3,5,0,edge__adversarial-negative__68,edge__adversarial-negative,12,4,17,15,305,,bounded_transverse_width,,arc,53,0.046563000000002575,15,cached_distance_prefix_sum,0,0,,,False,0,,,,,,,,0,4,7,0,0,3,2,286,fast_arc05_width015,[],22365.434472438075,0,,0.0,,False,0,416.4724598666666,"[2, 4, 5, 6, 8, 9, 11, 12, 13, 14, 15, 16, 17, 19, 20]",30.0,4,68,0.5,15,2,1,7,31,15,ordinary,22,full_coverage_and_all_discovered_cleared,263,6247.086898,40.0,constant,,0.0466089160181582
19,1,True,0,19,2,4,0,edge__adversarial-negative__68,edge__adversarial-negative,13,4,17,15,309,,bounded_transverse_width,,arc,55,0.06869199999999864,15,cached_distance_prefix_sum,0,0,,,False,0,ends,0,0,8,1843,3,1,0,4,7,0,0,3,2,290,history_arc8_width015,[],22227.189740132468,0,,0.0,,False,0,416.0958636,"[2, 4, 5, 6, 8, 9, 11, 12, 13, 14, 15, 16, 17, 19, 20]",30.0,4,68,0.5,17,3,1,7,33,15,ordinary,22,full_coverage_and_all_discovered_cleared,265,6241.437954,40.0,constant,,0.06877437501680106
18,3,True,0,18,1,2,0,edge__adversarial-negative__68,edge__adversarial-negative,14,41,16,15,285,,bounded_transverse_width,,locked,52,0.05087599999999881,15,cached_distance_prefix_sum,0,0,,,True,0,,,,,,,,0,41,6,0,0,5,4,267,fast_locked_width015,[],21940.732505837037,0,,0.0,,False,0,402.8764332,"[2, 4, 5, 6, 8, 9, 11, 12, 13, 14, 15, 16, 17, 19, 20]",30.0,4,68,1.0,13,7,27,7,30,15,ordinary,22,full_coverage_and_all_discovered_cleared,242,6043.146498,40.0,constant,,0.05095995799638331
21,5,True,0,21,1,2,1,edge__adversarial-negative__68,edge__adversarial-negative,14,41,16,15,288,,bounded_transverse_width,,locked,54,0.06979700000000122,15,cached_distance_prefix_sum,0,0,,,True,0,ends,0,0,8,1593,5,3,0,41,6,0,0,5,4,270,history_locked8_width015,[],21541.644810435893,0,,0.0,,False,0,398.6885972666667,"[2, 4, 5, 6, 8, 9, 11, 12, 13, 14, 15, 16, 17, 19, 20]",30.0,4,68,1.0,13,18,14,7,32,15,ordinary,22,full_coverage_and_all_discovered_cleared,244,5980.328959,40.0,constant,,0.06982954201521352
12,2,True,0,12,4,6,0,edge__adversarial-negative__69,edge__adversarial-negative,11,27,17,15,283,,bounded_transverse_width,,base,0,0.0389879999999998,15,,0,0,,,False,0,,,,,,,,0,27,3,47,0,4,3,264,range_width015,[],23157.680623448807,0,,0.0,,False,0,418.3690747333333,"[2, 3, 4, 5, 6, 7, 8, 9, 10, 11, 12, 13, 14, 16, 18]",30.0,4,69,1.0,11,3,16,3,25,15,ordinary,22,full_coverage_and_all_discovered_cleared,243,6275.536121,40.0,constant,,0.03904108301503584
12,2,True,0,12,4,6,0,edge__adversarial-negative__69,edge__adversarial-negative,11,27,17,15,283,,bounded_transverse_width,,base,0,0.05159499999999895,15,,0,0,,,False,0,recent,0,0,8,890,0,0,0,27,3,47,0,4,3,264,history_recent8_width015,[],23157.680623448807,0,,0.0,,False,0,418.3690747333333,"[2, 3, 4, 5, 6, 7, 8, 9, 10, 11, 12, 13, 14, 16, 18]",30.0,4,69,1.0,11,3,16,3,25,15,ordinary,22,full_coverage_and_all_discovered_cleared,243,6275.536121,40.0,constant,,0.05163170798914507
12,2,True,0,12,4,6,0,edge__adversarial-negative__69,edge__adversarial-negative,11,27,17,15,283,,bounded_transverse_width,,base,0,0.04751600000000167,15,,0,0,,,False,0,first,0,0,8,890,0,0,0,27,3,47,0,4,3,264,history_first8_width015,[],23157.680623448807,0,,0.0,,False,0,418.3690747333333,"[2, 3, 4, 5, 6, 7, 8, 9, 10, 11, 12, 13, 14, 16, 18]",30.0,4,69,1.0,11,3,16,3,25,15,ordinary,22,full_coverage_and_all_discovered_cleared,243,6275.536121,40.0,constant,,0.047533667006064206
12,2,True,0,12,4,6,0,edge__adversarial-negative__69,edge__adversarial-negative,11,27,17,15,283,,bounded_transverse_width,,base,0,0.04521700000000095,15,,0,0,,,False,0,ends,0,0,4,423,0,0,0,27,3,47,0,4,3,264,history_ends4_width015,[],23157.680623448807,0,,0.0,,False,0,418.3690747333333,"[2, 3, 4, 5, 6, 7, 8, 9, 10, 11, 12, 13, 14, 16, 18]",30.0,4,69,1.0,11,3,16,3,25,15,ordinary,22,full_coverage_and_all_discovered_cleared,243,6275.536121,40.0,constant,,0.04528024996398017
12,2,True,0,12,4,6,0,edge__adversarial-negative__69,edge__adversarial-negative,11,27,17,15,283,,bounded_transverse_width,,base,0,0.05470799999999798,15,,0,0,,,False,0,ends,0,0,8,1472,0,0,0,27,3,47,0,4,3,264,history_ends8_width015,[],23157.680623448807,0,,0.0,,False,0,418.3690747333333,"[2, 3, 4, 5, 6, 7, 8, 9, 10, 11, 12, 13, 14, 16, 18]",30.0,4,69,1.0,11,3,16,3,25,15,ordinary,22,full_coverage_and_all_discovered_cleared,243,6275.536121,40.0,constant,,0.05474937503458932
12,2,True,0,12,4,6,0,edge__adversarial-negative__69,edge__adversarial-negative,11,27,17,15,283,,bounded_transverse_width,,base,0,0.06761599999999746,15,,0,0,,,False,0,ends,0,0,16,2938,0,0,0,27,3,47,0,4,3,264,history_ends16_width015,[],23157.680623448807,0,,0.0,,False,0,418.3690747333333,"[2, 3, 4, 5, 6, 7, 8, 9, 10, 11, 12, 13, 14, 16, 18]",30.0,4,69,1.0,11,3,16,3,25,15,ordinary,22,full_coverage_and_all_discovered_cleared,243,6275.536121,40.0,constant,,0.06767479097470641
21,2,True,0,21,6,6,0,edge__adversarial-negative__69,edge__adversarial-negative,9,6,15,15,295,,bounded_transverse_width,,arc,56,0.05328500000000247,15,cached_distance_prefix_sum,0,0,,,False,0,,,,,,,,0,6,9,0,0,5,3,278,fast_arc05_width015,[],23166.869810432196,0,,0.0,,False,0,423.2915972,"[2, 3, 4, 5, 6, 7, 8, 9, 10, 11, 12, 13, 14, 16, 18]",30.0,4,69,0.5,10,2,22,9,34,15,ordinary,22,full_coverage_and_all_discovered_cleared,251,6349.373958,40.0,constant,,0.053386916988529265
21,2,True,0,21,6,6,0,edge__adversarial-negative__69,edge__adversarial-negative,9,6,15,15,295,,bounded_transverse_width,,arc,56,0.06972400000000079,15,cached_distance_prefix_sum,0,0,,,False,0,ends,0,0,8,1499,0,0,0,6,9,0,0,5,3,278,history_arc8_width015,[],23166.869810432196,0,,0.0,,False,0,423.2915972,"[2, 3, 4, 5, 6, 7, 8, 9, 10, 11, 12, 13, 14, 16, 18]",30.0,4,69,0.5,10,2,22,9,34,15,ordinary,22,full_coverage_and_all_discovered_cleared,251,6349.373958,40.0,constant,,0.0697868749848567
10,1,True,0,10,2,3,0,edge__adversarial-negative__69,edge__adversarial-negative,13,65,16,15,259,,bounded_transverse_width,,locked,46,0.04796299999999576,15,cached_distance_prefix_sum,0,0,,,True,0,,,,,,,,0,65,3,0,0,3,2,241,fast_locked_width015,[],20642.34363802817,0,,0.0,,False,0,375.29791513333333,"[2, 3, 4, 5, 6, 7, 8, 9, 10, 11, 12, 13, 14, 16, 18]",30.0,4,69,1.0,19,8,30,3,24,15,ordinary,22,full_coverage_and_all_discovered_cleared,218,5629.468727,40.0,constant,,0.04803308402188122
10,1,True,0,10,2,3,0,edge__adversarial-negative__69,edge__adversarial-negative,13,65,16,15,259,,bounded_transverse_width,,locked,46,0.06039899999999676,15,cached_distance_prefix_sum,0,0,,,True,0,ends,0,0,8,1229,0,0,0,65,3,0,0,3,2,241,history_locked8_width015,[],20642.34363802817,0,,0.0,,False,0,375.29791513333333,"[2, 3, 4, 5, 6, 7, 8, 9, 10, 11, 12, 13, 14, 16, 18]",30.0,4,69,1.0,19,8,30,3,24,15,ordinary,22,full_coverage_and_all_discovered_cleared,218,5629.468727,40.0,constant,,0.06041987496428192
10,1,True,0,10,2,3,0,edge__adversarial-negative__70,edge__adversarial-negative,8,0,11,10,332,,bounded_transverse_width,,base,0,0.027402999999999622,10,,0,0,,,False,0,,,,,,,,0,0,4,41,0,3,3,319,range_width015,[],21848.35446241511,0,,0.0,,False,0,631.5670893,"[2, 3, 5, 10, 11, 13, 15, 16, 19, 20]",30.0,4,70,1.0,1,0,4,4,19,10,ordinary,22,full_coverage_and_all_discovered_cleared,298,6315.670893,40.0,constant,,0.027403792017139494
12,1,True,0,12,1,4,0,edge__adversarial-negative__70,edge__adversarial-negative,9,0,13,10,336,,bounded_transverse_width,,base,0,0.03954600000000141,10,,0,0,,,False,0,recent,0,0,8,637,2,1,0,0,2,43,0,3,3,321,history_recent8_width015,[],20217.36723668462,0,,0.0,,False,0,600.6473447999999,"[2, 3, 5, 10, 11, 13, 15, 16, 19, 20]",30.0,4,70,1.0,8,1,4,2,21,10,ordinary,22,full_coverage_and_all_discovered_cleared,299,6006.473448,40.0,constant,,0.039598041970748454
12,1,True,0,12,1,4,0,edge__adversarial-negative__70,edge__adversarial-negative,9,0,13,10,336,,bounded_transverse_width,,base,0,0.03710399999999936,10,,0,0,,,False,0,first,0,0,8,637,2,1,0,0,2,43,0,3,3,321,history_first8_width015,[],20217.36723668462,0,,0.0,,False,0,600.6473447999999,"[2, 3, 5, 10, 11, 13, 15, 16, 19, 20]",30.0,4,70,1.0,8,1,4,2,21,10,ordinary,22,full_coverage_and_all_discovered_cleared,299,6006.473448,40.0,constant,,0.03711933398153633
10,1,True,0,10,2,3,0,edge__adversarial-negative__70,edge__adversarial-negative,8,0,11,10,332,,bounded_transverse_width,,base,0,0.031517000000000905,10,,0,0,,,False,0,ends,0,0,4,251,0,0,0,0,4,41,0,3,3,319,history_ends4_width015,[],21848.35446241511,0,,0.0,,False,0,631.5670893,"[2, 3, 5, 10, 11, 13, 15, 16, 19, 20]",30.0,4,70,1.0,1,0,4,4,19,10,ordinary,22,full_coverage_and_all_discovered_cleared,298,6315.670893,40.0,constant,,0.03157662495505065
12,1,True,0,12,1,4,0,edge__adversarial-negative__70,edge__adversarial-negative,9,0,13,10,336,,bounded_transverse_width,,base,0,0.04256000000000171,10,,0,0,,,False,0,ends,0,0,8,1074,2,1,0,0,2,43,0,3,3,321,history_ends8_width015,[],20217.36723668462,0,,0.0,,False,0,600.6473447999999,"[2, 3, 5, 10, 11, 13, 15, 16, 19, 20]",30.0,4,70,1.0,8,1,4,2,21,10,ordinary,22,full_coverage_and_all_discovered_cleared,299,6006.473448,40.0,constant,,0.04257583396974951
12,1,True,0,12,1,4,0,edge__adversarial-negative__70,edge__adversarial-negative,9,0,13,10,336,,bounded_transverse_width,,base,0,0.04552200000000539,10,,0,0,,,False,0,ends,0,0,16,1273,2,1,0,0,2,43,0,3,3,321,history_ends16_width015,[],20217.36723668462,0,,0.0,,False,0,600.6473447999999,"[2, 3, 5, 10, 11, 13, 15, 16, 19, 20]",30.0,4,70,1.0,8,1,4,2,21,10,ordinary,22,full_coverage_and_all_discovered_cleared,299,6006.473448,40.0,constant,,0.045582624967209995
20,4,True,0,20,1,5,1,edge__adversarial-negative__70,edge__adversarial-negative,9,0,14,10,346,,bounded_transverse_width,,arc,49,0.037385000000000446,10,cached_distance_prefix_sum,0,0,,,False,0,,,,,,,,0,0,4,0,0,4,3,330,fast_arc05_width015,[],19798.655505703966,0,,0.0,,False,0,597.9731101,"[2, 3, 5, 10, 11, 13, 15, 16, 19, 20]",30.0,4,70,0.5,10,2,0,4,27,10,ordinary,22,full_coverage_and_all_discovered_cleared,308,5979.731101,40.0,constant,,0.03743024996947497
17,1,True,0,17,1,5,0,edge__adversarial-negative__70,edge__adversarial-negative,9,0,14,10,341,,bounded_transverse_width,,arc,48,0.04996699999999521,10,cached_distance_prefix_sum,0,0,,,False,0,ends,0,0,8,1284,2,1,0,0,4,0,0,3,3,325,history_arc8_width015,[],19440.291776854756,0,,0.0,,False,0,587.9058358,"[2, 3, 5, 10, 11, 13, 15, 16, 19, 20]",30.0,4,70,0.5,8,1,0,4,26,10,ordinary,22,full_coverage_and_all_discovered_cleared,304,5879.058358,40.0,constant,,0.049992999993264675
8,1,True,0,8,1,3,0,edge__adversarial-negative__70,edge__adversarial-negative,9,52,12,10,345,,bounded_transverse_width,,locked,39,0.034542999999999324,10,cached_distance_prefix_sum,0,0,,,True,0,,,,,,,,0,52,2,0,0,2,2,331,fast_locked_width015,[],20055.396444471105,0,,0.0,,False,0,603.2079291,"[2, 3, 5, 10, 11, 13, 15, 16, 19, 20]",30.0,4,70,1.0,4,9,0,2,17,10,ordinary,22,full_coverage_and_all_discovered_cleared,310,6032.079291,40.0,constant,,0.03458083403529599
8,1,True,0,8,1,3,0,edge__adversarial-negative__70,edge__adversarial-negative,9,52,12,10,345,,bounded_transverse_width,,locked,39,0.04489399999999932,10,cached_distance_prefix_sum,0,0,,,True,0,ends,0,0,8,777,0,0,0,52,2,0,0,2,2,331,history_locked8_width015,[],20055.396444471105,0,,0.0,,False,0,603.2079291,"[2, 3, 5, 10, 11, 13, 15, 16, 19, 20]",30.0,4,70,1.0,4,9,0,2,17,10,ordinary,22,full_coverage_and_all_discovered_cleared,310,6032.079291,40.0,constant,,0.04492779198335484
14,1,True,0,14,0,0,0,edge__adversarial-negative__71,edge__adversarial-negative,12,17,12,12,337,,bounded_transverse_width,,base,0,0.03363600000000133,12,,0,0,,,False,0,,,,,,,,0,17,0,47,0,3,3,323,range_width015,[],21787.248185217326,0,,0.0,,False,0,527.5374696666667,"[1, 2, 4, 5, 7, 9, 10, 13, 17, 18, 19, 20]",30.0,4,71,1.0,12,1,1,0,25,12,ordinary,22,full_coverage_and_all_discovered_cleared,298,6330.449636,40.0,constant,,0.0336527909967117
14,1,True,0,14,1,1,0,edge__adversarial-negative__71,edge__adversarial-negative,11,17,12,12,336,,bounded_transverse_width,,base,0,0.049063000000003854,12,,0,0,,,False,0,recent,0,0,8,1094,6,4,0,17,0,47,0,3,3,322,history_recent8_width015,[],21785.62124331264,0,,0.0,,False,0,526.9270205833333,"[1, 2, 4, 5, 7, 9, 10, 13, 17, 18, 19, 20]",30.0,4,71,1.0,11,3,1,0,25,12,ordinary,22,full_coverage_and_all_discovered_cleared,296,6323.124247,40.0,constant,,0.0490785829606466
14,1,True,0,14,1,1,0,edge__adversarial-negative__71,edge__adversarial-negative,11,17,12,12,336,,bounded_transverse_width,,base,0,0.04532999999999987,12,,0,0,,,False,0,first,0,0,8,1094,6,4,0,17,0,47,0,3,3,322,history_first8_width015,[],21785.62124331264,0,,0.0,,False,0,526.9270205833333,"[1, 2, 4, 5, 7, 9, 10, 13, 17, 18, 19, 20]",30.0,4,71,1.0,11,3,1,0,25,12,ordinary,22,full_coverage_and_all_discovered_cleared,296,6323.124247,40.0,constant,,0.04554666701005772
14,1,True,0,14,1,1,0,edge__adversarial-negative__71,edge__adversarial-negative,11,17,12,12,336,,bounded_transverse_width,,base,0,0.040945000000000675,12,,0,0,,,False,0,ends,0,0,4,458,4,3,0,17,0,47,0,3,3,322,history_ends4_width015,[],21785.62124331264,0,,0.0,,False,0,526.9270205833333,"[1, 2, 4, 5, 7, 9, 10, 13, 17, 18, 19, 20]",30.0,4,71,1.0,11,3,1,0,25,12,ordinary,22,full_coverage_and_all_discovered_cleared,296,6323.124247,40.0,constant,,0.041064292017836124
14,1,True,0,14,1,1,0,edge__adversarial-negative__71,edge__adversarial-negative,11,17,12,12,336,,bounded_transverse_width,,base,0,0.05303299999999922,12,,0,0,,,False,0,ends,0,0,8,1698,6,4,0,17,0,47,0,3,3,322,history_ends8_width015,[],21785.62124331264,0,,0.0,,False,0,526.9270205833333,"[1, 2, 4, 5, 7, 9, 10, 13, 17, 18, 19, 20]",30.0,4,71,1.0,11,3,1,0,25,12,ordinary,22,full_coverage_and_all_discovered_cleared,296,6323.124247,40.0,constant,,0.053044207976199687
14,1,True,0,14,1,1,0,edge__adversarial-negative__71,edge__adversarial-negative,11,17,12,12,336,,bounded_transverse_width,,base,0,0.06835799999999637,12,,0,0,,,False,0,ends,0,0,16,3561,9,7,0,17,0,47,0,3,3,322,history_ends16_width015,[],21785.621243312635,0,,0.0,,False,0,526.9270205833333,"[1, 2, 4, 5, 7, 9, 10, 13, 17, 18, 19, 20]",30.0,4,71,1.0,11,3,1,0,25,12,ordinary,22,full_coverage_and_all_discovered_cleared,296,6323.124247,40.0,constant,,0.06846837495686486
14,1,True,0,14,0,0,0,edge__adversarial-negative__71,edge__adversarial-negative,12,17,12,12,337,,bounded_transverse_width,,arc,47,0.03672199999999748,12,cached_distance_prefix_sum,0,0,,,False,0,,,,,,,,0,17,0,0,0,3,3,323,fast_arc05_width015,[],21787.248185217326,0,,0.0,,False,0,527.5374696666667,"[1, 2, 4, 5, 7, 9, 10, 13, 17, 18, 19, 20]",30.0,4,71,0.5,12,1,1,0,25,12,ordinary,22,full_coverage_and_all_discovered_cleared,298,6330.449636,40.0,constant,,0.03675225004553795
14,1,True,0,14,1,1,0,edge__adversarial-negative__71,edge__adversarial-negative,11,17,12,12,336,,bounded_transverse_width,,arc,47,0.05652400000000313,12,cached_distance_prefix_sum,0,0,,,False,0,ends,0,0,8,1698,6,4,0,17,0,0,0,3,3,322,history_arc8_width015,[],21785.62124331264,0,,0.0,,False,0,526.9270205833333,"[1, 2, 4, 5, 7, 9, 10, 13, 17, 18, 19, 20]",30.0,4,71,0.5,11,3,1,0,25,12,ordinary,22,full_coverage_and_all_discovered_cleared,296,6323.124247,40.0,constant,,0.05658508400665596
16,3,True,0,16,1,2,1,edge__adversarial-negative__71,edge__adversarial-negative,11,48,13,12,317,,bounded_transverse_width,,locked,48,0.0421089999999964,12,cached_distance_prefix_sum,0,0,,,True,0,,,,,,,,0,48,6,0,0,3,2,302,fast_locked_width015,[],20785.28903349174,0,,0.0,,False,0,500.83815066666665,"[1, 2, 4, 5, 7, 9, 10, 13, 17, 18, 19, 20]",30.0,4,71,1.0,8,10,15,6,26,12,ordinary,22,full_coverage_and_all_discovered_cleared,280,6010.057808,40.0,constant,,0.04214579099789262
16,3,True,0,16,1,2,1,edge__adversarial-negative__71,edge__adversarial-negative,11,48,13,12,317,,bounded_transverse_width,,locked,48,0.05446099999999632,12,cached_distance_prefix_sum,0,0,,,True,0,ends,0,0,8,919,4,2,0,48,6,0,0,3,2,302,history_locked8_width015,[],20785.28903349174,0,,0.0,,False,0,500.83815066666665,"[1, 2, 4, 5, 7, 9, 10, 13, 17, 18, 19, 20]",30.0,4,71,1.0,8,10,15,6,26,12,ordinary,22,full_coverage_and_all_discovered_cleared,280,6010.057808,40.0,constant,,0.054475124983582646
12,5,True,0,12,1,4,1,edge__adversarial-spatial__67,edge__adversarial-spatial,9,25,13,10,329,,bounded_transverse_width,,base,0,0.03231200000000456,10,,0,0,,,False,0,,,,,,,,0,25,1,40,0,5,3,314,range_width015,[],21866.926045986544,0,,0.0,,False,0,629.338521,"[4, 5, 7, 8, 9, 10, 14, 15, 18, 19]",30.0,4,67,1.0,6,5,7,1,18,10,ordinary,22,full_coverage_and_all_discovered_cleared,291,6293.38521,40.0,constant,,0.0323339169844985
12,5,True,0,12,1,4,1,edge__adversarial-spatial__67,edge__adversarial-spatial,9,25,13,10,329,,bounded_transverse_width,,base,0,0.04193000000000069,10,,0,0,,,False,0,recent,0,0,8,525,6,3,0,25,1,40,0,5,3,314,history_recent8_width015,[],21866.926045986544,0,,0.0,,False,0,629.338521,"[4, 5, 7, 8, 9, 10, 14, 15, 18, 19]",30.0,4,67,1.0,6,5,7,1,18,10,ordinary,22,full_coverage_and_all_discovered_cleared,291,6293.38521,40.0,constant,,0.04198716697283089
12,5,True,0,12,1,4,1,edge__adversarial-spatial__67,edge__adversarial-spatial,9,25,13,10,329,,bounded_transverse_width,,base,0,0.0395989999999955,10,,0,0,,,False,0,first,0,0,8,525,6,3,0,25,1,40,0,5,3,314,history_first8_width015,[],21866.926045986544,0,,0.0,,False,0,629.338521,"[4, 5, 7, 8, 9, 10, 14, 15, 18, 19]",30.0,4,67,1.0,6,5,7,1,18,10,ordinary,22,full_coverage_and_all_discovered_cleared,291,6293.38521,40.0,constant,,0.039621584000997245
12,5,True,0,12,1,4,1,edge__adversarial-spatial__67,edge__adversarial-spatial,9,25,13,10,329,,bounded_transverse_width,,base,0,0.04335400000000078,10,,0,0,,,False,0,ends,0,0,4,272,6,3,0,25,1,40,0,5,3,314,history_ends4_width015,[],21866.926045986544,0,,0.0,,False,0,629.338521,"[4, 5, 7, 8, 9, 10, 14, 15, 18, 19]",30.0,4,67,1.0,6,5,7,1,18,10,ordinary,22,full_coverage_and_all_discovered_cleared,291,6293.38521,40.0,constant,,0.043397000001277775
12,5,True,0,12,1,4,1,edge__adversarial-spatial__67,edge__adversarial-spatial,9,25,13,10,329,,bounded_transverse_width,,base,0,0.04414699999999527,10,,0,0,,,False,0,ends,0,0,8,823,6,3,0,25,1,40,0,5,3,314,history_ends8_width015,[],21866.926045986544,0,,0.0,,False,0,629.338521,"[4, 5, 7, 8, 9, 10, 14, 15, 18, 19]",30.0,4,67,1.0,6,5,7,1,18,10,ordinary,22,full_coverage_and_all_discovered_cleared,291,6293.38521,40.0,constant,,0.04419799998868257
12,5,True,0,12,1,4,1,edge__adversarial-spatial__67,edge__adversarial-spatial,9,25,13,10,329,,bounded_transverse_width,,base,0,0.050347999999999615,10,,0,0,,,False,0,ends,0,0,16,1455,6,3,0,25,1,40,0,5,3,314,history_ends16_width015,[],21866.926045986544,0,,0.0,,False,0,629.338521,"[4, 5, 7, 8, 9, 10, 14, 15, 18, 19]",30.0,4,67,1.0,6,5,7,1,18,10,ordinary,22,full_coverage_and_all_discovered_cleared,291,6293.38521,40.0,constant,,0.050381582987029105
11,4,True,0,11,0,1,1,edge__adversarial-spatial__67,edge__adversarial-spatial,10,25,11,10,326,,bounded_transverse_width,,arc,40,0.036816000000001736,10,cached_distance_prefix_sum,0,0,,,False,0,,,,,,,,0,25,2,0,0,5,3,313,fast_arc05_width015,[],21664.85563563217,0,,0.0,,False,0,624.097113,"[4, 5, 7, 8, 9, 10, 14, 15, 18, 19]",30.0,4,67,0.5,6,4,7,2,18,10,ordinary,22,full_coverage_and_all_discovered_cleared,290,6240.97113,40.0,constant,,0.03688349999720231
11,4,True,0,11,0,1,1,edge__adversarial-spatial__67,edge__adversarial-spatial,10,25,11,10,326,,bounded_transverse_width,,arc,40,0.048648000000000025,10,cached_distance_prefix_sum,0,0,,,False,0,ends,0,0,8,805,6,3,0,25,2,0,0,5,3,313,history_arc8_width015,[],21664.85563563217,0,,0.0,,False,0,624.097113,"[4, 5, 7, 8, 9, 10, 14, 15, 18, 19]",30.0,4,67,0.5,6,4,7,2,18,10,ordinary,22,full_coverage_and_all_discovered_cleared,290,6240.97113,40.0,constant,,0.04872124997200444
13,3,True,0,13,0,2,1,edge__adversarial-spatial__67,edge__adversarial-spatial,10,30,12,10,336,,bounded_transverse_width,,locked,43,0.03280900000000031,10,cached_distance_prefix_sum,0,0,,,True,0,,,,,,,,0,30,3,0,0,5,3,322,fast_locked_width015,[],20859.047128701175,0,,0.0,,False,0,613.5809427,"[4, 5, 7, 8, 9, 10, 14, 15, 18, 19]",30.0,4,67,1.0,11,8,39,3,21,10,ordinary,22,full_coverage_and_all_discovered_cleared,298,6135.809427,40.0,constant,,0.03282691596541554
13,3,True,0,13,0,2,1,edge__adversarial-spatial__67,edge__adversarial-spatial,10,30,12,10,336,,bounded_transverse_width,,locked,43,0.04601300000000208,10,cached_distance_prefix_sum,0,0,,,True,0,ends,0,0,8,1180,2,2,0,30,3,0,0,5,3,322,history_locked8_width015,[],20859.047128701175,0,,0.0,,False,0,613.5809427,"[4, 5, 7, 8, 9, 10, 14, 15, 18, 19]",30.0,4,67,1.0,11,8,39,3,21,10,ordinary,22,full_coverage_and_all_discovered_cleared,298,6135.809427,40.0,constant,,0.04604054195806384
19,6,True,0,19,1,2,2,edge__adversarial-spatial__68,edge__adversarial-spatial,14,12,16,15,300,,bounded_transverse_width,,base,0,0.03782000000000352,15,,0,0,,,False,0,,,,,,,,0,12,5,52,0,5,3,282,range_width015,[],22586.45546490433,0,,0.0,,False,0,417.6194064,"[2, 4, 5, 6, 8, 9, 11, 12, 13, 14, 15, 16, 17, 19, 20]",30.0,4,68,1.0,12,6,14,5,30,15,ordinary,22,full_coverage_and_all_discovered_cleared,259,6264.291096,40.0,constant,,0.03784725000150502
19,6,True,0,19,1,2,2,edge__adversarial-spatial__68,edge__adversarial-spatial,14,12,16,15,300,,bounded_transverse_width,,base,0,0.05362500000000381,15,,0,0,,,False,0,recent,0,0,8,1223,4,3,0,12,5,52,0,5,3,282,history_recent8_width015,[],22586.455464904335,0,,0.0,,False,0,417.6194064,"[2, 4, 5, 6, 8, 9, 11, 12, 13, 14, 15, 16, 17, 19, 20]",30.0,4,68,1.0,12,6,14,5,30,15,ordinary,22,full_coverage_and_all_discovered_cleared,259,6264.291096,40.0,constant,,0.05369487497955561
19,6,True,0,19,1,2,2,edge__adversarial-spatial__68,edge__adversarial-spatial,14,12,16,15,300,,bounded_transverse_width,,base,0,0.049805000000006316,15,,0,0,,,False,0,first,0,0,8,1223,4,3,0,12,5,52,0,5,3,282,history_first8_width015,[],22586.455464904335,0,,0.0,,False,0,417.6194064,"[2, 4, 5, 6, 8, 9, 11, 12, 13, 14, 15, 16, 17, 19, 20]",30.0,4,68,1.0,12,6,14,5,30,15,ordinary,22,full_coverage_and_all_discovered_cleared,259,6264.291096,40.0,constant,,0.04981850000331178
19,6,True,0,19,1,2,2,edge__adversarial-spatial__68,edge__adversarial-spatial,14,12,16,15,300,,bounded_transverse_width,,base,0,0.04545099999999991,15,,0,0,,,False,0,ends,0,0,4,497,4,3,0,12,5,52,0,5,3,282,history_ends4_width015,[],22586.455464904335,0,,0.0,,False,0,417.6194064,"[2, 4, 5, 6, 8, 9, 11, 12, 13, 14, 15, 16, 17, 19, 20]",30.0,4,68,1.0,12,6,14,5,30,15,ordinary,22,full_coverage_and_all_discovered_cleared,259,6264.291096,40.0,constant,,0.04547670797910541
19,6,True,0,19,1,2,2,edge__adversarial-spatial__68,edge__adversarial-spatial,14,12,16,15,300,,bounded_transverse_width,,base,0,0.05879300000000143,15,,0,0,,,False,0,ends,0,0,8,1969,4,3,0,12,5,52,0,5,3,282,history_ends8_width015,[],22586.455464904335,0,,0.0,,False,0,417.6194064,"[2, 4, 5, 6, 8, 9, 11, 12, 13, 14, 15, 16, 17, 19, 20]",30.0,4,68,1.0,12,6,14,5,30,15,ordinary,22,full_coverage_and_all_discovered_cleared,259,6264.291096,40.0,constant,,0.05886137502966449
16,2,True,0,16,1,2,0,edge__adversarial-spatial__68,edge__adversarial-spatial,14,12,16,15,297,,bounded_transverse_width,,base,0,0.07684799999999825,15,,0,0,,,False,0,ends,0,0,16,4056,1,1,0,12,5,51,0,2,2,279,history_ends16_width015,[],22230.42334524863,0,,0.0,,False,0,411.87231146666664,"[2, 4, 5, 6, 8, 9, 11, 12, 13, 14, 15, 16, 17, 19, 20]",30.0,4,68,1.0,12,6,14,5,29,15,ordinary,22,full_coverage_and_all_discovered_cleared,259,6178.084672,40.0,constant,,0.0768838330404833
16,2,True,0,16,0,4,0,edge__adversarial-spatial__68,edge__adversarial-spatial,15,0,19,15,304,,bounded_transverse_width,,arc,51,0.04085800000000006,15,cached_distance_prefix_sum,0,0,,,False,0,,,,,,,,0,0,6,0,0,3,2,283,fast_arc05_width015,[],23484.021082195373,0,,0.0,,False,0,430.72028113333334,"[2, 4, 5, 6, 8, 9, 11, 12, 13, 14, 15, 16, 17, 19, 20]",30.0,4,68,0.5,15,1,10,6,29,15,ordinary,22,full_coverage_and_all_discovered_cleared,262,6460.804217,40.0,constant,,0.04093429201748222
18,4,True,0,18,0,3,1,edge__adversarial-spatial__68,edge__adversarial-spatial,15,0,18,15,307,,bounded_transverse_width,,arc,52,0.0620750000000001,15,cached_distance_prefix_sum,0,0,,,False,0,ends,0,0,8,1848,7,4,0,0,6,0,0,3,2,287,history_arc8_width015,[],23376.548756499607,0,,0.0,,False,0,430.6873167333333,"[2, 4, 5, 6, 8, 9, 11, 12, 13, 14, 15, 16, 17, 19, 20]",30.0,4,68,0.5,17,5,10,6,30,15,ordinary,22,full_coverage_and_all_discovered_cleared,266,6460.309751,40.0,constant,,0.06210716697387397
17,6,True,0,17,1,1,2,edge__adversarial-spatial__68,edge__adversarial-spatial,14,25,15,15,275,,bounded_transverse_width,,locked,50,0.04368999999999801,15,cached_distance_prefix_sum,0,0,,,True,0,,,,,,,,0,25,5,0,0,5,3,258,fast_locked_width015,[],22088.438830459872,0,,0.0,,False,0,401.04585099999997,"[2, 4, 5, 6, 8, 9, 11, 12, 13, 14, 15, 16, 17, 19, 20]",30.0,4,68,1.0,12,1,50,7,28,15,ordinary,22,full_coverage_and_all_discovered_cleared,233,6015.687765,40.0,constant,,0.04371541703585535
20,8,True,0,20,1,1,3,edge__adversarial-spatial__68,edge__adversarial-spatial,14,25,15,15,278,,bounded_transverse_width,,locked,52,0.0618909999999957,15,cached_distance_prefix_sum,0,0,,,True,0,ends,0,0,8,1445,9,6,0,25,5,0,0,5,3,261,history_locked8_width015,[],21697.05427067283,0,,0.0,,False,0,396.9607236,"[2, 4, 5, 6, 8, 9, 11, 12, 13, 14, 15, 16, 17, 19, 20]",30.0,4,68,1.0,12,8,37,7,30,15,ordinary,22,full_coverage_and_all_discovered_cleared,235,5954.410854,40.0,constant,,0.06195966701488942
12,1,True,0,12,0,3,0,edge__adversarial-spatial__69,edge__adversarial-spatial,15,24,18,15,290,,bounded_transverse_width,,base,0,0.038673000000002844,15,,0,0,,,False,0,,,,,,,,0,24,3,48,0,4,3,270,range_width015,[],22970.070558720483,0,,0.0,,False,0,418.5342737333333,"[2, 3, 4, 5, 6, 7, 8, 9, 10, 11, 12, 13, 14, 16, 18]",30.0,4,69,1.0,13,6,14,3,26,15,ordinary,22,full_coverage_and_all_discovered_cleared,250,6278.014106,40.0,constant,,0.03873529197880998
12,1,True,0,12,0,3,0,edge__adversarial-spatial__69,edge__adversarial-spatial,15,24,18,15,290,,bounded_transverse_width,,base,0,0.0519999999999996,15,,0,0,,,False,0,recent,0,0,8,911,1,1,0,24,3,48,0,4,3,270,history_recent8_width015,[],22970.070558720483,0,,0.0,,False,0,418.5342737333333,"[2, 3, 4, 5, 6, 7, 8, 9, 10, 11, 12, 13, 14, 16, 18]",30.0,4,69,1.0,13,6,14,3,26,15,ordinary,22,full_coverage_and_all_discovered_cleared,250,6278.014106,40.0,constant,,0.05207537498790771
12,1,True,0,12,0,3,0,edge__adversarial-spatial__69,edge__adversarial-spatial,15,24,18,15,290,,bounded_transverse_width,,base,0,0.04783300000000423,15,,0,0,,,False,0,first,0,0,8,911,1,1,0,24,3,48,0,4,3,270,history_first8_width015,[],22970.070558720483,0,,0.0,,False,0,418.5342737333333,"[2, 3, 4, 5, 6, 7, 8, 9, 10, 11, 12, 13, 14, 16, 18]",30.0,4,69,1.0,13,6,14,3,26,15,ordinary,22,full_coverage_and_all_discovered_cleared,250,6278.014106,40.0,constant,,0.047935042006429285
12,1,True,0,12,0,3,0,edge__adversarial-spatial__69,edge__adversarial-spatial,15,24,18,15,290,,bounded_transverse_width,,base,0,0.044973999999996295,15,,0,0,,,False,0,ends,0,0,4,437,1,1,0,24,3,48,0,4,3,270,history_ends4_width015,[],22970.070558720483,0,,0.0,,False,0,418.5342737333333,"[2, 3, 4, 5, 6, 7, 8, 9, 10, 11, 12, 13, 14, 16, 18]",30.0,4,69,1.0,13,6,14,3,26,15,ordinary,22,full_coverage_and_all_discovered_cleared,250,6278.014106,40.0,constant,,0.04515512502985075
12,1,True,0,12,0,3,0,edge__adversarial-spatial__69,edge__adversarial-spatial,15,24,18,15,290,,bounded_transverse_width,,base,0,0.055911999999999296,15,,0,0,,,False,0,ends,0,0,8,1550,1,1,0,24,3,48,0,4,3,270,history_ends8_width015,[],22970.070558720483,0,,0.0,,False,0,418.5342737333333,"[2, 3, 4, 5, 6, 7, 8, 9, 10, 11, 12, 13, 14, 16, 18]",30.0,4,69,1.0,13,6,14,3,26,15,ordinary,22,full_coverage_and_all_discovered_cleared,250,6278.014106,40.0,constant,,0.05595145799452439
12,1,True,0,12,0,3,0,edge__adversarial-spatial__69,edge__adversarial-spatial,15,24,18,15,290,,bounded_transverse_width,,base,0,0.0717909999999975,15,,0,0,,,False,0,ends,0,0,16,3354,1,1,0,24,3,48,0,4,3,270,history_ends16_width015,[],22970.070558720483,0,,0.0,,False,0,418.5342737333333,"[2, 3, 4, 5, 6, 7, 8, 9, 10, 11, 12, 13, 14, 16, 18]",30.0,4,69,1.0,13,6,14,3,26,15,ordinary,22,full_coverage_and_all_discovered_cleared,250,6278.014106,40.0,constant,,0.07185154198668897
23,2,True,0,23,0,3,0,edge__adversarial-spatial__69,edge__adversarial-spatial,15,3,18,15,301,,bounded_transverse_width,,arc,58,0.053347000000002254,15,cached_distance_prefix_sum,0,0,,,False,0,,,,,,,,0,3,10,0,0,4,3,281,fast_arc05_width015,[],24108.889531287412,0,,0.0,,False,0,437.78519359999996,"[2, 3, 4, 5, 6, 7, 8, 9, 10, 11, 12, 13, 14, 16, 18]",30.0,4,69,0.5,11,2,15,10,36,15,ordinary,22,full_coverage_and_all_discovered_cleared,256,6566.777904,40.0,constant,,0.053397250012494624
23,2,True,0,23,0,3,0,edge__adversarial-spatial__69,edge__adversarial-spatial,15,3,18,15,301,,bounded_transverse_width,,arc,58,0.07117300000000171,15,cached_distance_prefix_sum,0,0,,,False,0,ends,0,0,8,1567,1,1,0,3,10,0,0,4,3,281,history_arc8_width015,[],24108.889531287412,0,,0.0,,False,0,437.78519359999996,"[2, 3, 4, 5, 6, 7, 8, 9, 10, 11, 12, 13, 14, 16, 18]",30.0,4,69,0.5,11,2,15,10,36,15,ordinary,22,full_coverage_and_all_discovered_cleared,256,6566.777904,40.0,constant,,0.07126779202371836
6,0,True,0,6,1,1,0,edge__adversarial-spatial__69,edge__adversarial-spatial,14,50,15,15,252,,bounded_transverse_width,,locked,43,0.04327899999999829,15,cached_distance_prefix_sum,0,0,,,True,0,,,,,,,,0,50,4,0,0,2,2,235,fast_locked_width015,[],20627.559186793704,0,,0.0,,False,0,372.6341223333333,"[2, 3, 4, 5, 6, 7, 8, 9, 10, 11, 12, 13, 14, 16, 18]",30.0,4,69,1.0,14,8,52,4,21,15,ordinary,22,full_coverage_and_all_discovered_cleared,214,5589.511835,40.0,constant,,0.043299042037688196
6,0,True,0,6,1,1,0,edge__adversarial-spatial__69,edge__adversarial-spatial,14,50,15,15,252,,bounded_transverse_width,,locked,43,0.05454699999999946,15,cached_distance_prefix_sum,0,0,,,True,0,ends,0,0,8,1041,0,0,0,50,4,0,0,2,2,235,history_locked8_width015,[],20627.559186793704,0,,0.0,,False,0,372.6341223333333,"[2, 3, 4, 5, 6, 7, 8, 9, 10, 11, 12, 13, 14, 16, 18]",30.0,4,69,1.0,14,8,52,4,21,15,ordinary,22,full_coverage_and_all_discovered_cleared,214,5589.511835,40.0,constant,,0.054611457977443933
11,0,True,0,11,0,1,0,edge__adversarial-spatial__70,edge__adversarial-spatial,10,0,11,10,327,,bounded_transverse_width,,base,0,0.027442000000000633,10,,0,0,,,False,0,,,,,,,,0,0,6,43,0,3,3,314,range_width015,[],20889.783726604215,0,,0.0,,False,0,609.1956743,"[2, 3, 5, 10, 11, 13, 15, 16, 19, 20]",30.0,4,70,1.0,1,0,5,7,21,10,ordinary,22,full_coverage_and_all_discovered_cleared,291,6091.956743,40.0,constant,,0.027489250001963228
10,0,True,0,10,0,2,0,edge__adversarial-spatial__70,edge__adversarial-spatial,10,0,12,10,330,,bounded_transverse_width,,base,0,0.03575800000000129,10,,0,0,,,False,0,recent,0,0,8,537,2,1,0,0,3,42,0,3,3,316,history_recent8_width015,[],19973.706365097536,0,,0.0,,False,0,592.3741271,"[2, 3, 5, 10, 11, 13, 15, 16, 19, 20]",30.0,4,70,1.0,6,1,5,3,20,10,ordinary,22,full_coverage_and_all_discovered_cleared,293,5923.741271,40.0,constant,,0.03577112499624491
10,0,True,0,10,0,2,0,edge__adversarial-spatial__70,edge__adversarial-spatial,10,0,12,10,330,,bounded_transverse_width,,base,0,0.03363600000000133,10,,0,0,,,False,0,first,0,0,8,537,2,1,0,0,3,42,0,3,3,316,history_first8_width015,[],19973.706365097536,0,,0.0,,False,0,592.3741271,"[2, 3, 5, 10, 11, 13, 15, 16, 19, 20]",30.0,4,70,1.0,6,1,5,3,20,10,ordinary,22,full_coverage_and_all_discovered_cleared,293,5923.741271,40.0,constant,,0.03366424998966977
11,0,True,0,11,0,1,0,edge__adversarial-spatial__70,edge__adversarial-spatial,10,0,11,10,327,,bounded_transverse_width,,base,0,0.03087099999999765,10,,0,0,,,False,0,ends,0,0,4,221,0,0,0,0,6,43,0,3,3,314,history_ends4_width015,[],20889.783726604215,0,,0.0,,False,0,609.1956743,"[2, 3, 5, 10, 11, 13, 15, 16, 19, 20]",30.0,4,70,1.0,1,0,5,7,21,10,ordinary,22,full_coverage_and_all_discovered_cleared,291,6091.956743,40.0,constant,,0.03087183297611773
10,0,True,0,10,0,2,0,edge__adversarial-spatial__70,edge__adversarial-spatial,10,0,12,10,330,,bounded_transverse_width,,base,0,0.03798499999999905,10,,0,0,,,False,0,ends,0,0,8,874,2,1,0,0,3,42,0,3,3,316,history_ends8_width015,[],19973.706365097536,0,,0.0,,False,0,592.3741271,"[2, 3, 5, 10, 11, 13, 15, 16, 19, 20]",30.0,4,70,1.0,6,1,5,3,20,10,ordinary,22,full_coverage_and_all_discovered_cleared,293,5923.741271,40.0,constant,,0.03806908300612122
10,0,True,0,10,0,2,0,edge__adversarial-spatial__70,edge__adversarial-spatial,10,0,12,10,330,,bounded_transverse_width,,base,0,0.04100599999999588,10,,0,0,,,False,0,ends,0,0,16,1107,2,1,0,0,3,42,0,3,3,316,history_ends16_width015,[],19973.706365097536,0,,0.0,,False,0,592.3741271,"[2, 3, 5, 10, 11, 13, 15, 16, 19, 20]",30.0,4,70,1.0,6,1,5,3,20,10,ordinary,22,full_coverage_and_all_discovered_cleared,293,5923.741271,40.0,constant,,0.041029625048395246
20,1,True,0,20,0,4,0,edge__adversarial-spatial__70,edge__adversarial-spatial,10,0,14,10,338,,bounded_transverse_width,,arc,51,0.03510800000000103,10,cached_distance_prefix_sum,0,0,,,False,0,,,,,,,,0,0,7,0,0,4,3,322,fast_arc05_width015,[],20402.679621999338,0,,0.0,,False,0,605.1535925999999,"[2, 3, 5, 10, 11, 13, 15, 16, 19, 20]",30.0,4,70,0.5,2,1,14,10,29,10,ordinary,22,full_coverage_and_all_discovered_cleared,299,6051.535926,40.0,constant,,0.03514254197943956
14,1,True,0,14,0,2,0,edge__adversarial-spatial__70,edge__adversarial-spatial,10,0,12,10,334,,bounded_transverse_width,,arc,45,0.0439749999999961,10,cached_distance_prefix_sum,0,0,,,False,0,ends,0,0,8,1112,2,1,0,0,4,0,0,4,3,320,history_arc8_width015,[],19193.72976092925,0,,0.0,,False,0,579.2745953,"[2, 3, 5, 10, 11, 13, 15, 16, 19, 20]",30.0,4,70,0.5,5,1,0,4,23,10,ordinary,22,full_coverage_and_all_discovered_cleared,298,5792.745953,40.0,constant,,0.04398012498859316
6,0,True,0,6,0,0,0,edge__adversarial-spatial__70,edge__adversarial-spatial,10,44,10,10,336,,bounded_transverse_width,,locked,38,0.031101999999997076,10,cached_distance_prefix_sum,0,0,,,True,0,,,,,,,,0,44,2,0,0,2,2,324,fast_locked_width015,[],19769.075070448125,0,,0.0,,False,0,592.5815014,"[2, 3, 5, 10, 11, 13, 15, 16, 19, 20]",30.0,4,70,1.0,4,7,13,2,16,10,ordinary,22,full_coverage_and_all_discovered_cleared,302,5925.815014,40.0,constant,,0.031143125030212104
6,0,True,0,6,0,0,0,edge__adversarial-spatial__70,edge__adversarial-spatial,10,44,10,10,336,,bounded_transverse_width,,locked,38,0.04173200000000321,10,cached_distance_prefix_sum,0,0,,,True,0,ends,0,0,8,701,0,0,0,44,2,0,0,2,2,324,history_locked8_width015,[],19769.075070448125,0,,0.0,,False,0,592.5815014,"[2, 3, 5, 10, 11, 13, 15, 16, 19, 20]",30.0,4,70,1.0,4,7,13,2,16,10,ordinary,22,full_coverage_and_all_discovered_cleared,302,5925.815014,40.0,constant,,0.041769083007238805
20,5,True,0,20,0,1,1,edge__adversarial-spatial__71,edge__adversarial-spatial,12,1,13,12,340,,bounded_transverse_width,,base,0,0.03186500000000336,12,,0,0,,,False,0,,,,,,,,0,1,4,50,0,4,3,325,range_width015,[],22120.83671002286,0,,0.0,,False,0,533.9306116666667,"[1, 2, 4, 5, 7, 9, 10, 13, 17, 18, 19, 20]",30.0,4,71,1.0,5,0,17,4,28,12,ordinary,22,full_coverage_and_all_discovered_cleared,295,6407.16734,40.0,constant,,0.031907208962365985
21,5,True,0,21,0,1,1,edge__adversarial-spatial__71,edge__adversarial-spatial,12,1,13,12,343,,bounded_transverse_width,,base,0,0.04945899999999881,12,,0,0,,,False,0,recent,0,0,8,991,5,3,0,1,4,51,0,4,3,328,history_recent8_width015,[],22113.886721281506,0,,0.0,,False,0,535.39811175,"[1, 2, 4, 5, 7, 9, 10, 13, 17, 18, 19, 20]",30.0,4,71,1.0,7,0,17,4,29,12,ordinary,22,full_coverage_and_all_discovered_cleared,299,6424.777341,40.0,constant,,0.04946900001959875
21,5,True,0,21,0,1,1,edge__adversarial-spatial__71,edge__adversarial-spatial,12,1,13,12,343,,bounded_transverse_width,,base,0,0.0443520000000035,12,,0,0,,,False,0,first,0,0,8,991,5,3,0,1,4,51,0,4,3,328,history_first8_width015,[],22113.886721281506,0,,0.0,,False,0,535.39811175,"[1, 2, 4, 5, 7, 9, 10, 13, 17, 18, 19, 20]",30.0,4,71,1.0,7,0,17,4,29,12,ordinary,22,full_coverage_and_all_discovered_cleared,299,6424.777341,40.0,constant,,0.04438149998895824
19,3,True,0,19,0,1,0,edge__adversarial-spatial__71,edge__adversarial-spatial,12,1,13,12,339,,bounded_transverse_width,,base,0,0.038190999999997643,12,,0,0,,,False,0,ends,0,0,4,362,1,1,0,1,4,50,0,4,3,324,history_ends4_width015,[],21988.800992569337,0,,0.0,,False,0,531.3133496666667,"[1, 2, 4, 5, 7, 9, 10, 13, 17, 18, 19, 20]",30.0,4,71,1.0,5,0,17,4,28,12,ordinary,22,full_coverage_and_all_discovered_cleared,295,6375.760196,40.0,constant,,0.038216874992940575
21,5,True,0,21,0,1,1,edge__adversarial-spatial__71,edge__adversarial-spatial,12,1,13,12,343,,bounded_transverse_width,,base,0,0.05378699999999981,12,,0,0,,,False,0,ends,0,0,8,1694,5,3,0,1,4,51,0,4,3,328,history_ends8_width015,[],22113.886721281506,0,,0.0,,False,0,535.39811175,"[1, 2, 4, 5, 7, 9, 10, 13, 17, 18, 19, 20]",30.0,4,71,1.0,7,0,17,4,29,12,ordinary,22,full_coverage_and_all_discovered_cleared,299,6424.777341,40.0,constant,,0.05380374996457249
19,4,True,0,19,0,1,1,edge__adversarial-spatial__71,edge__adversarial-spatial,12,1,13,12,341,,bounded_transverse_width,,base,0,0.07077600000000217,12,,0,0,,,False,0,ends,0,0,16,3640,8,5,0,1,4,50,0,4,3,326,history_ends16_width015,[],22065.979896552395,0,,0.0,,False,0,533.6829980833334,"[1, 2, 4, 5, 7, 9, 10, 13, 17, 18, 19, 20]",30.0,4,71,1.0,8,0,18,4,28,12,ordinary,22,full_coverage_and_all_discovered_cleared,298,6404.195977,40.0,constant,,0.07085329096298665
21,5,True,0,21,0,1,1,edge__adversarial-spatial__71,edge__adversarial-spatial,12,1,13,12,340,,bounded_transverse_width,,arc,51,0.03493699999999933,12,cached_distance_prefix_sum,0,0,,,False,0,,,,,,,,0,1,5,0,0,4,3,325,fast_arc05_width015,[],21985.73564853843,0,,0.0,,False,0,531.7622608333334,"[1, 2, 4, 5, 7, 9, 10, 13, 17, 18, 19, 20]",30.0,4,71,0.5,4,0,17,5,29,12,ordinary,22,full_coverage_and_all_discovered_cleared,296,6381.14713,40.0,constant,,0.03494712500832975
22,5,True,0,22,0,1,1,edge__adversarial-spatial__71,edge__adversarial-spatial,12,1,13,12,343,,bounded_transverse_width,,arc,52,0.05641700000000327,12,cached_distance_prefix_sum,0,0,,,False,0,ends,0,0,8,1702,5,3,0,1,5,0,0,4,3,328,history_arc8_width015,[],21978.785659797075,0,,0.0,,False,0,533.2297609166667,"[1, 2, 4, 5, 7, 9, 10, 13, 17, 18, 19, 20]",30.0,4,71,0.5,6,0,17,5,30,12,ordinary,22,full_coverage_and_all_discovered_cleared,300,6398.757131,40.0,constant,,0.05648779199691489
17,6,True,0,17,0,0,2,edge__adversarial-spatial__71,edge__adversarial-spatial,12,18,12,12,302,,bounded_transverse_width,,locked,47,0.0341409999999982,12,cached_distance_prefix_sum,0,0,,,True,0,,,,,,,,0,18,4,0,0,4,2,288,fast_locked_width015,[],21027.973955994166,0,,0.0,,False,0,497.3828990833333,"[1, 2, 4, 5, 7, 9, 10, 13, 17, 18, 19, 20]",30.0,4,71,1.0,7,4,43,4,25,12,ordinary,22,full_coverage_and_all_discovered_cleared,263,5968.594789,40.0,constant,,0.034162916999775916
17,6,True,0,17,0,0,2,edge__adversarial-spatial__71,edge__adversarial-spatial,12,18,12,12,302,,bounded_transverse_width,,locked,47,0.046460000000003276,12,cached_distance_prefix_sum,0,0,,,True,0,ends,0,0,8,827,5,4,0,18,4,0,0,4,2,288,history_locked8_width015,[],21027.973955994166,0,,0.0,,False,0,497.3828990833333,"[1, 2, 4, 5, 7, 9, 10, 13, 17, 18, 19, 20]",30.0,4,71,1.0,7,4,43,4,25,12,ordinary,22,full_coverage_and_all_discovered_cleared,263,5968.594789,40.0,constant,,0.04648329201154411
14,2,True,0,14,2,2,0,clustered__iid__67,clustered__iid,8,21,10,10,306,,bounded_transverse_width,,base,0,0.030356999999995082,10,,0,0,,,False,0,,,,,,,,0,21,4,44,0,5,3,294,range_width015,[],21840.49330334998,0,,0.0,,False,0,615.9098656,"[4, 5, 7, 8, 9, 10, 14, 15, 18, 19]",30.0,4,67,1.0,10,2,16,4,22,10,ordinary,22,full_coverage_and_all_discovered_cleared,271,6159.098656,40.0,constant,,0.03037170902825892
14,2,True,0,14,2,2,0,clustered__iid__67,clustered__iid,8,21,10,10,306,,bounded_transverse_width,,base,0,0.038190999999997643,10,,0,0,,,False,0,recent,0,0,8,439,0,0,0,21,4,44,0,5,3,294,history_recent8_width015,[],21840.49330334998,0,,0.0,,False,0,615.9098656,"[4, 5, 7, 8, 9, 10, 14, 15, 18, 19]",30.0,4,67,1.0,10,2,16,4,22,10,ordinary,22,full_coverage_and_all_discovered_cleared,271,6159.098656,40.0,constant,,0.03828666702611372
14,2,True,0,14,2,2,0,clustered__iid__67,clustered__iid,8,21,10,10,306,,bounded_transverse_width,,base,0,0.0362130000000036,10,,0,0,,,False,0,first,0,0,8,439,0,0,0,21,4,44,0,5,3,294,history_first8_width015,[],21840.49330334998,0,,0.0,,False,0,615.9098656,"[4, 5, 7, 8, 9, 10, 14, 15, 18, 19]",30.0,4,67,1.0,10,2,16,4,22,10,ordinary,22,full_coverage_and_all_discovered_cleared,271,6159.098656,40.0,constant,,0.03632650000508875
14,2,True,0,14,2,2,0,clustered__iid__67,clustered__iid,8,21,10,10,306,,bounded_transverse_width,,base,0,0.033605999999998915,10,,0,0,,,False,0,ends,0,0,4,237,0,0,0,21,4,44,0,5,3,294,history_ends4_width015,[],21840.49330334998,0,,0.0,,False,0,615.9098656,"[4, 5, 7, 8, 9, 10, 14, 15, 18, 19]",30.0,4,67,1.0,10,2,16,4,22,10,ordinary,22,full_coverage_and_all_discovered_cleared,271,6159.098656,40.0,constant,,0.03362333303084597
14,2,True,0,14,2,2,0,clustered__iid__67,clustered__iid,8,21,10,10,306,,bounded_transverse_width,,base,0,0.03931399999999741,10,,0,0,,,False,0,ends,0,0,8,843,0,0,0,21,4,44,0,5,3,294,history_ends8_width015,[],21840.49330334998,0,,0.0,,False,0,615.9098656,"[4, 5, 7, 8, 9, 10, 14, 15, 18, 19]",30.0,4,67,1.0,10,2,16,4,22,10,ordinary,22,full_coverage_and_all_discovered_cleared,271,6159.098656,40.0,constant,,0.03932379197794944
14,2,True,0,14,2,2,0,clustered__iid__67,clustered__iid,8,21,10,10,306,,bounded_transverse_width,,base,0,0.05216500000000224,10,,0,0,,,False,0,ends,0,0,16,2143,2,1,0,21,4,44,0,5,3,294,history_ends16_width015,[],21829.72093539008,0,,0.0,,False,0,615.6944182,"[4, 5, 7, 8, 9, 10, 14, 15, 18, 19]",30.0,4,67,1.0,10,2,16,4,22,10,ordinary,22,full_coverage_and_all_discovered_cleared,271,6156.944182,40.0,constant,,0.05225520802196115
13,1,True,0,13,3,4,0,clustered__iid__67,clustered__iid,7,0,11,10,304,,bounded_transverse_width,,arc,44,0.03101899999999347,10,cached_distance_prefix_sum,0,0,,,False,0,,,,,,,,0,0,6,0,0,4,3,291,fast_arc05_width015,[],20433.994510768993,0,,0.0,,False,0,586.5798901000001,"[4, 5, 7, 8, 9, 10, 14, 15, 18, 19]",30.0,4,67,0.5,10,0,0,6,22,10,ordinary,22,full_coverage_and_all_discovered_cleared,271,5865.798901,40.0,constant,,0.031020958034787327
13,1,True,0,13,3,4,0,clustered__iid__67,clustered__iid,7,0,11,10,304,,bounded_transverse_width,,arc,44,0.040399999999998215,10,cached_distance_prefix_sum,0,0,,,False,0,ends,0,0,8,738,0,0,0,0,6,0,0,4,3,291,history_arc8_width015,[],20433.994510768993,0,,0.0,,False,0,586.5798901000001,"[4, 5, 7, 8, 9, 10, 14, 15, 18, 19]",30.0,4,67,0.5,10,0,0,6,22,10,ordinary,22,full_coverage_and_all_discovered_cleared,271,5865.798901,40.0,constant,,0.04043508303584531
13,1,True,0,13,0,0,0,clustered__iid__67,clustered__iid,10,20,10,10,302,,bounded_transverse_width,,locked,44,0.02866300000000166,10,cached_distance_prefix_sum,0,0,,,True,0,,,,,,,,0,20,3,0,0,4,3,290,fast_locked_width015,[],21759.105688019386,0,,0.0,,False,0,611.7821135,"[4, 5, 7, 8, 9, 10, 14, 15, 18, 19]",30.0,4,67,1.0,9,1,12,3,22,10,ordinary,22,full_coverage_and_all_discovered_cleared,266,6117.821135,40.0,constant,,0.028694958018604666
13,1,True,0,13,0,0,0,clustered__iid__67,clustered__iid,10,20,10,10,302,,bounded_transverse_width,,locked,44,0.037095000000000766,10,cached_distance_prefix_sum,0,0,,,True,0,ends,0,0,8,620,1,1,0,20,3,0,0,4,3,290,history_locked8_width015,[],21765.33431917509,0,,0.0,,False,0,611.9066861,"[4, 5, 7, 8, 9, 10, 14, 15, 18, 19]",30.0,4,67,1.0,9,1,12,3,22,10,ordinary,22,full_coverage_and_all_discovered_cleared,266,6119.066861,40.0,constant,,0.037150667048990726
6,1,True,0,6,6,7,0,clustered__iid__68,clustered__iid,9,74,16,15,248,,bounded_transverse_width,,base,0,0.038991000000002884,15,,0,0,,,False,0,,,,,,,,0,74,2,42,0,2,1,230,range_width015,[],22103.062805175992,0,,0.0,,False,0,390.37417046666667,"[2, 4, 5, 6, 8, 9, 11, 12, 13, 14, 15, 16, 17, 19, 20]",30.0,4,68,1.0,37,7,15,2,20,15,ordinary,22,full_coverage_and_all_discovered_cleared,207,5855.612557,40.0,constant,,0.03902320802444592
6,1,True,0,6,6,7,0,clustered__iid__68,clustered__iid,9,74,16,15,248,,bounded_transverse_width,,base,0,0.05003800000000069,15,,0,0,,,False,0,recent,0,0,8,868,0,0,0,74,2,42,0,2,1,230,history_recent8_width015,[],22103.062805175992,0,,0.0,,False,0,390.37417046666667,"[2, 4, 5, 6, 8, 9, 11, 12, 13, 14, 15, 16, 17, 19, 20]",30.0,4,68,1.0,37,7,15,2,20,15,ordinary,22,full_coverage_and_all_discovered_cleared,207,5855.612557,40.0,constant,,0.050092499994207174
6,1,True,0,6,6,7,0,clustered__iid__68,clustered__iid,9,74,16,15,248,,bounded_transverse_width,,base,0,0.04633700000000118,15,,0,0,,,False,0,first,0,0,8,868,0,0,0,74,2,42,0,2,1,230,history_first8_width015,[],22103.062805175992,0,,0.0,,False,0,390.37417046666667,"[2, 4, 5, 6, 8, 9, 11, 12, 13, 14, 15, 16, 17, 19, 20]",30.0,4,68,1.0,37,7,15,2,20,15,ordinary,22,full_coverage_and_all_discovered_cleared,207,5855.612557,40.0,constant,,0.04641954199178144
6,1,True,0,6,6,7,0,clustered__iid__68,clustered__iid,9,74,16,15,248,,bounded_transverse_width,,base,0,0.0448029999999946,15,,0,0,,,False,0,ends,0,0,4,460,0,0,0,74,2,42,0,2,1,230,history_ends4_width015,[],22103.062805175992,0,,0.0,,False,0,390.37417046666667,"[2, 4, 5, 6, 8, 9, 11, 12, 13, 14, 15, 16, 17, 19, 20]",30.0,4,68,1.0,37,7,15,2,20,15,ordinary,22,full_coverage_and_all_discovered_cleared,207,5855.612557,40.0,constant,,0.04484408401185647
6,1,True,0,6,6,7,0,clustered__iid__68,clustered__iid,9,74,16,15,248,,bounded_transverse_width,,base,0,0.05180700000000371,15,,0,0,,,False,0,ends,0,0,8,1295,0,0,0,74,2,42,0,2,1,230,history_ends8_width015,[],22103.062805175992,0,,0.0,,False,0,390.37417046666667,"[2, 4, 5, 6, 8, 9, 11, 12, 13, 14, 15, 16, 17, 19, 20]",30.0,4,68,1.0,37,7,15,2,20,15,ordinary,22,full_coverage_and_all_discovered_cleared,207,5855.612557,40.0,constant,,0.05186566599877551
6,1,True,0,6,6,7,0,clustered__iid__68,clustered__iid,9,74,16,15,248,,bounded_transverse_width,,base,0,0.060431000000001234,15,,0,0,,,False,0,ends,0,0,16,2195,0,0,0,74,2,42,0,2,1,230,history_ends16_width015,[],22103.062805175992,0,,0.0,,False,0,390.37417046666667,"[2, 4, 5, 6, 8, 9, 11, 12, 13, 14, 15, 16, 17, 19, 20]",30.0,4,68,1.0,37,7,15,2,20,15,ordinary,22,full_coverage_and_all_discovered_cleared,207,5855.612557,40.0,constant,,0.06048354203812778
16,1,True,0,16,2,2,0,clustered__iid__68,clustered__iid,13,40,15,15,222,,bounded_transverse_width,,arc,52,0.06372700000000009,15,cached_distance_prefix_sum,0,0,,,False,0,,,,,,,,0,40,7,0,0,3,2,205,fast_arc05_width015,[],21767.987853408988,0,,0.0,,False,0,375.8398378666667,"[2, 4, 5, 6, 8, 9, 11, 12, 13, 14, 15, 16, 17, 19, 20]",30.0,4,68,0.5,21,4,44,9,30,15,ordinary,22,full_coverage_and_all_discovered_cleared,184,5637.597568,40.0,constant,,0.06376179202925414
16,1,True,0,16,2,2,0,clustered__iid__68,clustered__iid,13,40,15,15,222,,bounded_transverse_width,,arc,52,0.07155699999999854,15,cached_distance_prefix_sum,0,0,,,False,0,ends,0,0,8,585,2,2,0,40,7,0,0,3,2,205,history_arc8_width015,[],21763.354099347926,0,,0.0,,False,0,375.7780544666667,"[2, 4, 5, 6, 8, 9, 11, 12, 13, 14, 15, 16, 17, 19, 20]",30.0,4,68,0.5,21,4,44,9,30,15,ordinary,22,full_coverage_and_all_discovered_cleared,184,5636.670817,40.0,constant,,0.07162699999753386
17,3,True,0,17,1,2,0,clustered__iid__68,clustered__iid,14,45,16,15,271,,bounded_transverse_width,,locked,51,0.04054299999999955,15,cached_distance_prefix_sum,0,0,,,True,0,,,,,,,,0,45,3,0,0,3,2,253,fast_locked_width015,[],21590.254831947525,0,,0.0,,False,0,392.53673086666663,"[2, 4, 5, 6, 8, 9, 11, 12, 13, 14, 15, 16, 17, 19, 20]",30.0,4,68,1.0,28,12,25,3,29,15,ordinary,22,full_coverage_and_all_discovered_cleared,227,5888.050963,40.0,constant,,0.04055841703666374
17,3,True,0,17,1,2,0,clustered__iid__68,clustered__iid,14,45,16,15,271,,bounded_transverse_width,,locked,51,0.058837999999994395,15,cached_distance_prefix_sum,0,0,,,True,0,ends,0,0,8,1877,1,1,0,45,3,0,0,3,2,253,history_locked8_width015,[],21590.254831947525,0,,0.0,,False,0,392.53673086666663,"[2, 4, 5, 6, 8, 9, 11, 12, 13, 14, 15, 16, 17, 19, 20]",30.0,4,68,1.0,28,12,25,3,29,15,ordinary,22,full_coverage_and_all_discovered_cleared,227,5888.050963,40.0,constant,,0.058869291038718075
2,1,True,0,2,4,4,0,clustered__iid__69,clustered__iid,11,42,15,15,238,,bounded_transverse_width,,base,0,0.043072999999999695,15,,0,0,,,False,0,,,,,,,,0,42,0,38,0,2,1,221,range_width015,[],19854.85725483137,0,,0.0,,False,0,356.7314297333333,"[2, 3, 4, 5, 6, 7, 8, 9, 10, 11, 12, 13, 14, 16, 18]",30.0,4,69,1.0,11,2,55,0,16,15,ordinary,22,full_coverage_and_all_discovered_cleared,200,5350.971446,40.0,constant,,0.043142541020642966
2,1,True,0,2,4,4,0,clustered__iid__69,clustered__iid,11,42,15,15,238,,bounded_transverse_width,,base,0,0.04960299999999762,15,,0,0,,,False,0,recent,0,0,8,503,2,1,0,42,0,38,0,2,1,221,history_recent8_width015,[],19854.85725483137,0,,0.0,,False,0,356.7314297333333,"[2, 3, 4, 5, 6, 7, 8, 9, 10, 11, 12, 13, 14, 16, 18]",30.0,4,69,1.0,11,2,55,0,16,15,ordinary,22,full_coverage_and_all_discovered_cleared,200,5350.971446,40.0,constant,,0.04964429198298603
2,1,True,0,2,4,4,0,clustered__iid__69,clustered__iid,11,42,15,15,238,,bounded_transverse_width,,base,0,0.04797600000000557,15,,0,0,,,False,0,first,0,0,8,503,2,1,0,42,0,38,0,2,1,221,history_first8_width015,[],19854.85725483137,0,,0.0,,False,0,356.7314297333333,"[2, 3, 4, 5, 6, 7, 8, 9, 10, 11, 12, 13, 14, 16, 18]",30.0,4,69,1.0,11,2,55,0,16,15,ordinary,22,full_coverage_and_all_discovered_cleared,200,5350.971446,40.0,constant,,0.04800541698932648
2,1,True,0,2,4,4,0,clustered__iid__69,clustered__iid,11,42,15,15,238,,bounded_transverse_width,,base,0,0.045573999999994896,15,,0,0,,,False,0,ends,0,0,4,236,0,0,0,42,0,38,0,2,1,221,history_ends4_width015,[],19854.85725483137,0,,0.0,,False,0,356.7314297333333,"[2, 3, 4, 5, 6, 7, 8, 9, 10, 11, 12, 13, 14, 16, 18]",30.0,4,69,1.0,11,2,55,0,16,15,ordinary,22,full_coverage_and_all_discovered_cleared,200,5350.971446,40.0,constant,,0.04561612498946488
2,1,True,0,2,4,4,0,clustered__iid__69,clustered__iid,11,42,15,15,238,,bounded_transverse_width,,base,0,0.05056399999999428,15,,0,0,,,False,0,ends,0,0,8,754,2,1,0,42,0,38,0,2,1,221,history_ends8_width015,[],19854.85725483137,0,,0.0,,False,0,356.7314297333333,"[2, 3, 4, 5, 6, 7, 8, 9, 10, 11, 12, 13, 14, 16, 18]",30.0,4,69,1.0,11,2,55,0,16,15,ordinary,22,full_coverage_and_all_discovered_cleared,200,5350.971446,40.0,constant,,0.05061274999752641
2,1,True,0,2,4,4,0,clustered__iid__69,clustered__iid,11,42,15,15,238,,bounded_transverse_width,,base,0,0.05496600000000029,15,,0,0,,,False,0,ends,0,0,16,1139,2,1,0,42,0,38,0,2,1,221,history_ends16_width015,[],19854.85725483137,0,,0.0,,False,0,356.7314297333333,"[2, 3, 4, 5, 6, 7, 8, 9, 10, 11, 12, 13, 14, 16, 18]",30.0,4,69,1.0,11,2,55,0,16,15,ordinary,22,full_coverage_and_all_discovered_cleared,200,5350.971446,40.0,constant,,0.055015375022776425
14,1,True,0,14,2,2,0,clustered__iid__69,clustered__iid,13,0,15,15,216,,bounded_transverse_width,,arc,50,0.059128999999998655,15,cached_distance_prefix_sum,0,0,,,False,0,,,,,,,,0,0,8,0,0,3,2,199,fast_arc05_width015,[],22350.081562915955,0,,0.0,,False,0,381.00108713333333,"[2, 3, 4, 5, 6, 7, 8, 9, 10, 11, 12, 13, 14, 16, 18]",30.0,4,69,0.5,30,0,0,8,28,15,ordinary,22,full_coverage_and_all_discovered_cleared,175,5715.016307,40.0,constant,,0.05917237501125783
16,1,True,0,16,1,1,0,clustered__iid__69,clustered__iid,14,0,15,15,218,,bounded_transverse_width,,arc,52,0.06333000000000055,15,cached_distance_prefix_sum,0,0,,,False,0,ends,0,0,8,130,2,1,0,0,8,0,0,3,3,201,history_arc8_width015,[],22478.479619643822,0,,0.0,,False,0,383.44639466666666,"[2, 3, 4, 5, 6, 7, 8, 9, 10, 11, 12, 13, 14, 16, 18]",30.0,4,69,0.5,30,2,0,8,30,15,ordinary,22,full_coverage_and_all_discovered_cleared,176,5751.69592,40.0,constant,,0.06335820897947997
5,0,True,0,5,6,6,0,clustered__iid__69,clustered__iid,9,2,15,15,216,,bounded_transverse_width,,locked,42,0.04068900000000042,15,cached_distance_prefix_sum,0,0,,,True,0,,,,,,,,0,2,5,0,0,1,1,199,fast_locked_width015,[],20659.710671870067,0,,0.0,,False,0,358.4628087333333,"[2, 3, 4, 5, 6, 7, 8, 9, 10, 11, 12, 13, 14, 16, 18]",30.0,4,69,1.0,23,4,18,5,20,15,ordinary,22,full_coverage_and_all_discovered_cleared,175,5376.942131,40.0,constant,,0.04071437497623265
5,0,True,0,5,6,6,0,clustered__iid__69,clustered__iid,9,2,15,15,216,,bounded_transverse_width,,locked,42,0.049793000000001086,15,cached_distance_prefix_sum,0,0,,,True,0,ends,0,0,8,775,0,0,0,2,5,0,0,1,1,199,history_locked8_width015,[],20659.710671870067,0,,0.0,,False,0,358.4628087333333,"[2, 3, 4, 5, 6, 7, 8, 9, 10, 11, 12, 13, 14, 16, 18]",30.0,4,69,1.0,23,4,18,5,20,15,ordinary,22,full_coverage_and_all_discovered_cleared,175,5376.942131,40.0,constant,,0.049891125003341585
1,0,True,0,1,4,4,0,clustered__iid__70,clustered__iid,6,41,10,10,364,,bounded_transverse_width,,base,0,0.028645999999994842,10,,0,0,,,False,0,,,,,,,,0,41,0,33,0,1,1,352,range_width015,[],19596.376991464967,0,,0.0,,False,0,606.0275392,"[2, 3, 5, 10, 11, 13, 15, 16, 19, 20]",30.0,4,70,1.0,5,1,20,0,11,10,ordinary,22,full_coverage_and_all_discovered_cleared,331,6060.275392,40.0,constant,,0.028662208991590887
1,0,True,0,1,4,4,0,clustered__iid__70,clustered__iid,6,41,10,10,364,,bounded_transverse_width,,base,0,0.04559499999999872,10,,0,0,,,False,0,recent,0,0,8,1167,4,3,0,41,0,33,0,1,1,352,history_recent8_width015,[],19758.584453624742,0,,0.0,,False,0,609.2716885,"[2, 3, 5, 10, 11, 13, 15, 16, 19, 20]",30.0,4,70,1.0,6,1,20,0,11,10,ordinary,22,full_coverage_and_all_discovered_cleared,331,6092.716885,40.0,constant,,0.04561491694767028
1,0,True,0,1,4,4,0,clustered__iid__70,clustered__iid,6,41,10,10,364,,bounded_transverse_width,,base,0,0.04205499999999773,10,,0,0,,,False,0,first,0,0,8,1167,4,3,0,41,0,33,0,1,1,352,history_first8_width015,[],19758.584453624742,0,,0.0,,False,0,609.2716885,"[2, 3, 5, 10, 11, 13, 15, 16, 19, 20]",30.0,4,70,1.0,6,1,20,0,11,10,ordinary,22,full_coverage_and_all_discovered_cleared,331,6092.716885,40.0,constant,,0.04210229095770046
1,0,True,0,1,4,4,0,clustered__iid__70,clustered__iid,6,41,10,10,364,,bounded_transverse_width,,base,0,0.03690999999999889,10,,0,0,,,False,0,ends,0,0,4,509,1,1,0,41,0,33,0,1,1,352,history_ends4_width015,[],19592.617284749573,0,,0.0,,False,0,605.9523451,"[2, 3, 5, 10, 11, 13, 15, 16, 19, 20]",30.0,4,70,1.0,5,1,20,0,11,10,ordinary,22,full_coverage_and_all_discovered_cleared,331,6059.523451,40.0,constant,,0.03693599998950958
1,0,True,0,1,4,4,0,clustered__iid__70,clustered__iid,6,41,10,10,364,,bounded_transverse_width,,base,0,0.04928600000000216,10,,0,0,,,False,0,ends,0,0,8,1700,4,3,0,41,0,33,0,1,1,352,history_ends8_width015,[],19758.584453624742,0,,0.0,,False,0,609.2716885,"[2, 3, 5, 10, 11, 13, 15, 16, 19, 20]",30.0,4,70,1.0,6,1,20,0,11,10,ordinary,22,full_coverage_and_all_discovered_cleared,331,6092.716885,40.0,constant,,0.049333250033669174
1,0,True,0,1,4,4,0,clustered__iid__70,clustered__iid,6,41,10,10,364,,bounded_transverse_width,,base,0,0.061028000000000304,10,,0,0,,,False,0,ends,0,0,16,2952,6,4,0,41,0,33,0,1,1,352,history_ends16_width015,[],19758.58445362474,0,,0.0,,False,0,609.2716885,"[2, 3, 5, 10, 11, 13, 15, 16, 19, 20]",30.0,4,70,1.0,6,1,20,0,11,10,ordinary,22,full_coverage_and_all_discovered_cleared,331,6092.716885,40.0,constant,,0.06109833304071799
16,2,True,0,16,0,0,0,clustered__iid__70,clustered__iid,10,12,10,10,317,,bounded_transverse_width,,arc,46,0.04067100000000323,10,cached_distance_prefix_sum,0,0,,,False,0,,,,,,,,0,12,5,0,0,4,3,305,fast_arc05_width015,[],21358.290608199986,0,,0.0,,False,0,612.5658117,"[2, 3, 5, 10, 11, 13, 15, 16, 19, 20]",30.0,4,70,0.5,12,0,1,5,24,10,ordinary,22,full_coverage_and_all_discovered_cleared,279,6125.658117,40.0,constant,,0.04069250001339242
15,1,True,0,15,1,1,0,clustered__iid__70,clustered__iid,9,12,10,10,316,,bounded_transverse_width,,arc,46,0.049674000000003105,10,cached_distance_prefix_sum,0,0,,,False,0,ends,0,0,8,514,4,2,0,12,5,0,0,4,3,304,history_arc8_width015,[],21261.16928038502,0,,0.0,,False,0,610.1233851,"[2, 3, 5, 10, 11, 13, 15, 16, 19, 20]",30.0,4,70,0.5,12,0,1,5,24,10,ordinary,22,full_coverage_and_all_discovered_cleared,279,6101.233851,40.0,constant,,0.04972758301300928
8,1,True,0,8,1,1,0,clustered__iid__70,clustered__iid,9,22,10,10,316,,bounded_transverse_width,,locked,39,0.03264799999999468,10,cached_distance_prefix_sum,0,0,,,True,0,,,,,,,,0,22,2,0,0,3,2,304,fast_locked_width015,[],20938.825178808685,0,,0.0,,False,0,603.8765032,"[2, 3, 5, 10, 11, 13, 15, 16, 19, 20]",30.0,4,70,1.0,12,15,3,2,17,10,ordinary,22,full_coverage_and_all_discovered_cleared,281,6038.765032,40.0,constant,,0.032663999998476356
8,1,True,0,8,1,1,0,clustered__iid__70,clustered__iid,9,22,10,10,316,,bounded_transverse_width,,locked,39,0.04228400000000221,10,cached_distance_prefix_sum,0,0,,,True,0,ends,0,0,8,717,0,0,0,22,2,0,0,3,2,304,history_locked8_width015,[],20938.825178808685,0,,0.0,,False,0,603.8765032,"[2, 3, 5, 10, 11, 13, 15, 16, 19, 20]",30.0,4,70,1.0,12,15,3,2,17,10,ordinary,22,full_coverage_and_all_discovered_cleared,281,6038.765032,40.0,constant,,0.0423302500275895
10,1,True,0,10,3,3,0,clustered__iid__71,clustered__iid,9,2,12,12,284,,bounded_transverse_width,,base,0,0.03734800000000149,12,,0,0,,,False,0,,,,,,,,0,2,2,43,0,4,3,270,range_width015,[],20649.872788198576,0,,0.0,,False,0,482.33121291666663,"[1, 2, 4, 5, 7, 9, 10, 13, 17, 18, 19, 20]",30.0,4,71,1.0,13,0,3,2,21,12,ordinary,22,full_coverage_and_all_discovered_cleared,248,5787.974555,40.0,constant,,0.03735233400948346
10,1,True,0,10,3,3,0,clustered__iid__71,clustered__iid,9,2,12,12,284,,bounded_transverse_width,,base,0,0.044417000000002815,12,,0,0,,,False,0,recent,0,0,8,463,1,1,0,2,2,43,0,4,3,270,history_recent8_width015,[],20649.872788198576,0,,0.0,,False,0,482.33121291666663,"[1, 2, 4, 5, 7, 9, 10, 13, 17, 18, 19, 20]",30.0,4,71,1.0,13,0,3,2,21,12,ordinary,22,full_coverage_and_all_discovered_cleared,248,5787.974555,40.0,constant,,0.044458209013100713
10,1,True,0,10,3,3,0,clustered__iid__71,clustered__iid,9,2,12,12,284,,bounded_transverse_width,,base,0,0.04240499999999514,12,,0,0,,,False,0,first,0,0,8,463,1,1,0,2,2,43,0,4,3,270,history_first8_width015,[],20649.872788198576,0,,0.0,,False,0,482.33121291666663,"[1, 2, 4, 5, 7, 9, 10, 13, 17, 18, 19, 20]",30.0,4,71,1.0,13,0,3,2,21,12,ordinary,22,full_coverage_and_all_discovered_cleared,248,5787.974555,40.0,constant,,0.04246600001351908
10,1,True,0,10,3,3,0,clustered__iid__71,clustered__iid,9,2,12,12,284,,bounded_transverse_width,,base,0,0.041358999999999924,12,,0,0,,,False,0,ends,0,0,4,245,0,0,0,2,2,43,0,4,3,270,history_ends4_width015,[],20649.872788198576,0,,0.0,,False,0,482.33121291666663,"[1, 2, 4, 5, 7, 9, 10, 13, 17, 18, 19, 20]",30.0,4,71,1.0,13,0,3,2,21,12,ordinary,22,full_coverage_and_all_discovered_cleared,248,5787.974555,40.0,constant,,0.04142112500267103
10,1,True,0,10,3,3,0,clustered__iid__71,clustered__iid,9,2,12,12,284,,bounded_transverse_width,,base,0,0.04619000000000284,12,,0,0,,,False,0,ends,0,0,8,778,1,1,0,2,2,43,0,4,3,270,history_ends8_width015,[],20649.872788198576,0,,0.0,,False,0,482.33121291666663,"[1, 2, 4, 5, 7, 9, 10, 13, 17, 18, 19, 20]",30.0,4,71,1.0,13,0,3,2,21,12,ordinary,22,full_coverage_and_all_discovered_cleared,248,5787.974555,40.0,constant,,0.04623045801417902
10,1,True,0,10,3,3,0,clustered__iid__71,clustered__iid,9,2,12,12,284,,bounded_transverse_width,,base,0,0.04647099999999682,12,,0,0,,,False,0,ends,0,0,16,778,1,1,0,2,2,43,0,4,3,270,history_ends16_width015,[],20649.872788198576,0,,0.0,,False,0,482.33121291666663,"[1, 2, 4, 5, 7, 9, 10, 13, 17, 18, 19, 20]",30.0,4,71,1.0,13,0,3,2,21,12,ordinary,22,full_coverage_and_all_discovered_cleared,248,5787.974555,40.0,constant,,0.04655883397208527
16,1,True,0,16,2,2,0,clustered__iid__71,clustered__iid,10,4,12,12,266,,bounded_transverse_width,,arc,49,0.044403000000002635,12,cached_distance_prefix_sum,0,0,,,False,0,,,,,,,,0,4,5,0,0,4,3,252,fast_arc05_width015,[],21944.40289302653,0,,0.0,,False,0,494.3233814166667,"[1, 2, 4, 5, 7, 9, 10, 13, 17, 18, 19, 20]",30.0,4,71,0.5,14,2,3,6,27,12,ordinary,22,full_coverage_and_all_discovered_cleared,223,5931.880577,40.0,constant,,0.04446529201231897
16,1,True,0,16,2,2,0,clustered__iid__71,clustered__iid,10,4,12,12,266,,bounded_transverse_width,,arc,49,0.048189000000000703,12,cached_distance_prefix_sum,0,0,,,False,0,ends,0,0,8,201,0,0,0,4,5,0,0,4,3,252,history_arc8_width015,[],21944.40289302653,0,,0.0,,False,0,494.3233814166667,"[1, 2, 4, 5, 7, 9, 10, 13, 17, 18, 19, 20]",30.0,4,71,0.5,14,2,3,6,27,12,ordinary,22,full_coverage_and_all_discovered_cleared,223,5931.880577,40.0,constant,,0.04837270901771262
12,2,True,0,12,2,3,0,clustered__iid__71,clustered__iid,10,34,13,12,304,,bounded_transverse_width,,locked,44,0.035009999999999764,12,cached_distance_prefix_sum,0,0,,,True,0,,,,,,,,0,34,2,0,0,4,3,289,fast_locked_width015,[],22839.6982010617,0,,0.0,,False,0,528.4949698333334,"[1, 2, 4, 5, 7, 9, 10, 13, 17, 18, 19, 20]",30.0,4,71,1.0,18,1,14,2,22,12,ordinary,22,full_coverage_and_all_discovered_cleared,266,6341.939638,40.0,constant,,0.03502666699932888
12,2,True,0,12,2,3,0,clustered__iid__71,clustered__iid,10,34,13,12,304,,bounded_transverse_width,,locked,44,0.04769799999999691,12,cached_distance_prefix_sum,0,0,,,True,0,ends,0,0,8,1046,0,0,0,34,2,0,0,4,3,289,history_locked8_width015,[],22839.6982010617,0,,0.0,,False,0,528.4949698333334,"[1, 2, 4, 5, 7, 9, 10, 13, 17, 18, 19, 20]",30.0,4,71,1.0,18,1,14,2,22,12,ordinary,22,full_coverage_and_all_discovered_cleared,266,6341.939638,40.0,constant,,0.047775916988030076
13,3,True,0,13,2,2,1,clustered__smooth__67,clustered__smooth,8,11,10,10,330,,bounded_transverse_width,,base,0,0.033341000000000065,10,,0,0,,,False,0,,,,,,,,0,11,5,43,0,3,3,318,range_width015,[],22201.384366562954,0,,0.0,,False,0,637.6276868,"[4, 5, 7, 8, 9, 10, 14, 15, 18, 19]",30.0,4,67,1.0,12,7,31,5,21,10,ordinary,22,full_coverage_and_all_discovered_cleared,296,6376.276868,40.0,constant,,0.03339462500298396
13,3,True,0,13,2,2,1,clustered__smooth__67,clustered__smooth,8,11,10,10,330,,bounded_transverse_width,,base,0,0.0441679999999991,10,,0,0,,,False,0,recent,0,0,8,795,1,1,0,11,5,43,0,3,3,318,history_recent8_width015,[],22201.384366562954,0,,0.0,,False,0,637.6276868,"[4, 5, 7, 8, 9, 10, 14, 15, 18, 19]",30.0,4,67,1.0,12,7,31,5,21,10,ordinary,22,full_coverage_and_all_discovered_cleared,296,6376.276868,40.0,constant,,0.044194208981934935
13,3,True,0,13,2,2,1,clustered__smooth__67,clustered__smooth,8,11,10,10,330,,bounded_transverse_width,,base,0,0.042385000000003004,10,,0,0,,,False,0,first,0,0,8,795,1,1,0,11,5,43,0,3,3,318,history_first8_width015,[],22201.384366562954,0,,0.0,,False,0,637.6276868,"[4, 5, 7, 8, 9, 10, 14, 15, 18, 19]",30.0,4,67,1.0,12,7,31,5,21,10,ordinary,22,full_coverage_and_all_discovered_cleared,296,6376.276868,40.0,constant,,0.04248029203154147
13,3,True,0,13,2,2,1,clustered__smooth__67,clustered__smooth,8,11,10,10,330,,bounded_transverse_width,,base,0,0.03831499999999721,10,,0,0,,,False,0,ends,0,0,4,253,1,1,0,11,5,43,0,3,3,318,history_ends4_width015,[],22201.384366562954,0,,0.0,,False,0,637.6276868,"[4, 5, 7, 8, 9, 10, 14, 15, 18, 19]",30.0,4,67,1.0,12,7,31,5,21,10,ordinary,22,full_coverage_and_all_discovered_cleared,296,6376.276868,40.0,constant,,0.03832483402220532
13,3,True,0,13,2,2,1,clustered__smooth__67,clustered__smooth,8,11,10,10,330,,bounded_transverse_width,,base,0,0.04541799999999796,10,,0,0,,,False,0,ends,0,0,8,1029,1,1,0,11,5,43,0,3,3,318,history_ends8_width015,[],22201.384366562954,0,,0.0,,False,0,637.6276868,"[4, 5, 7, 8, 9, 10, 14, 15, 18, 19]",30.0,4,67,1.0,12,7,31,5,21,10,ordinary,22,full_coverage_and_all_discovered_cleared,296,6376.276868,40.0,constant,,0.045439417008310556
12,1,True,0,12,1,1,0,clustered__smooth__67,clustered__smooth,9,11,10,10,329,,bounded_transverse_width,,base,0,0.06755700000000076,10,,0,0,,,False,0,ends,0,0,16,3386,6,6,0,11,5,43,0,3,3,317,history_ends16_width015,[],22485.63864142756,0,,0.0,,False,0,642.4127724,"[4, 5, 7, 8, 9, 10, 14, 15, 18, 19]",30.0,4,67,1.0,12,6,32,5,21,10,ordinary,22,full_coverage_and_all_discovered_cleared,292,6424.127724,40.0,constant,,0.06761625001672655
10,2,True,0,10,2,4,0,clustered__smooth__67,clustered__smooth,8,25,12,10,312,,bounded_transverse_width,,arc,40,0.04110299999999967,10,cached_distance_prefix_sum,0,0,,,False,0,,,,,,,,0,25,2,0,0,3,2,298,fast_arc05_width015,[],22967.214166583857,0,,0.0,,False,0,641.4442832,"[4, 5, 7, 8, 9, 10, 14, 15, 18, 19]",30.0,4,67,0.5,14,4,14,2,18,10,ordinary,22,full_coverage_and_all_discovered_cleared,275,6414.442832,40.0,constant,,0.041125958028715104
9,0,True,0,9,2,3,0,clustered__smooth__67,clustered__smooth,8,14,11,10,301,,bounded_transverse_width,,arc,41,0.04315500000000583,10,cached_distance_prefix_sum,0,0,,,False,0,ends,0,0,8,647,5,2,0,14,2,0,0,2,2,288,history_arc8_width015,[],22508.68906207651,0,,0.0,,False,0,626.1737811,"[4, 5, 7, 8, 9, 10, 14, 15, 18, 19]",30.0,4,67,0.5,10,2,14,2,19,10,ordinary,22,full_coverage_and_all_discovered_cleared,267,6261.737811,40.0,constant,,0.04321254201931879
11,2,True,0,11,3,3,0,clustered__smooth__67,clustered__smooth,7,20,10,10,310,,bounded_transverse_width,,locked,41,0.02930200000000127,10,cached_distance_prefix_sum,0,0,,,True,0,,,,,,,,0,20,5,0,0,4,3,298,fast_locked_width015,[],21833.208316006305,0,,0.0,,False,0,618.3641660999999,"[4, 5, 7, 8, 9, 10, 14, 15, 18, 19]",30.0,4,67,1.0,12,2,12,5,19,10,ordinary,22,full_coverage_and_all_discovered_cleared,277,6183.641661,40.0,constant,,0.02932695799972862
11,2,True,0,11,3,3,0,clustered__smooth__67,clustered__smooth,7,20,10,10,310,,bounded_transverse_width,,locked,41,0.040650999999996884,10,cached_distance_prefix_sum,0,0,,,True,0,ends,0,0,8,882,2,2,0,20,5,0,0,4,3,298,history_locked8_width015,[],21832.894392006318,0,,0.0,,False,0,618.3578875999999,"[4, 5, 7, 8, 9, 10, 14, 15, 18, 19]",30.0,4,67,1.0,12,2,12,5,19,10,ordinary,22,full_coverage_and_all_discovered_cleared,277,6183.578876,40.0,constant,,0.04071200004545972
11,4,True,0,11,2,3,0,clustered__smooth__68,clustered__smooth,13,33,16,15,235,,bounded_transverse_width,,base,0,0.04250199999999893,15,,0,0,,,False,0,,,,,,,,0,33,1,44,0,4,2,217,range_width015,[],21487.89062533045,0,,0.0,,False,0,376.83854146666664,"[2, 4, 5, 6, 8, 9, 11, 12, 13, 14, 15, 16, 17, 19, 20]",30.0,4,68,1.0,26,19,3,1,22,15,ordinary,22,full_coverage_and_all_discovered_cleared,192,5652.578122,40.0,constant,,0.04255604196805507
9,3,True,0,9,2,3,0,clustered__smooth__68,clustered__smooth,13,33,16,15,232,,bounded_transverse_width,,base,0,0.05180199999999502,15,,0,0,,,False,0,recent,0,0,8,736,2,2,0,33,2,43,0,3,2,214,history_recent8_width015,[],21097.221288300094,0,,0.0,,False,0,370.5629502666667,"[2, 4, 5, 6, 8, 9, 11, 12, 13, 14, 15, 16, 17, 19, 20]",30.0,4,68,1.0,25,14,3,2,21,15,ordinary,22,full_coverage_and_all_discovered_cleared,191,5558.444254,40.0,constant,,0.05184162495424971
9,3,True,0,9,2,3,0,clustered__smooth__68,clustered__smooth,13,33,16,15,232,,bounded_transverse_width,,base,0,0.04897300000000371,15,,0,0,,,False,0,first,0,0,8,736,2,2,0,33,2,43,0,3,2,214,history_first8_width015,[],21097.221288300094,0,,0.0,,False,0,370.5629502666667,"[2, 4, 5, 6, 8, 9, 11, 12, 13, 14, 15, 16, 17, 19, 20]",30.0,4,68,1.0,25,14,3,2,21,15,ordinary,22,full_coverage_and_all_discovered_cleared,191,5558.444254,40.0,constant,,0.04904462496051565
11,3,True,0,11,2,3,0,clustered__smooth__68,clustered__smooth,13,33,16,15,235,,bounded_transverse_width,,base,0,0.049281000000000574,15,,0,0,,,False,0,ends,0,0,4,426,3,2,0,33,1,45,0,3,2,217,history_ends4_width015,[],21785.616227752816,0,,0.0,,False,0,380.8082161333333,"[2, 4, 5, 6, 8, 9, 11, 12, 13, 14, 15, 16, 17, 19, 20]",30.0,4,68,1.0,26,17,3,1,23,15,ordinary,22,full_coverage_and_all_discovered_cleared,192,5712.123242,40.0,constant,,0.04933925002114847
9,3,True,0,9,2,3,0,clustered__smooth__68,clustered__smooth,13,33,16,15,232,,bounded_transverse_width,,base,0,0.0548080000000013,15,,0,0,,,False,0,ends,0,0,8,1231,2,2,0,33,2,43,0,3,2,214,history_ends8_width015,[],21097.221288300094,0,,0.0,,False,0,370.5629502666667,"[2, 4, 5, 6, 8, 9, 11, 12, 13, 14, 15, 16, 17, 19, 20]",30.0,4,68,1.0,25,14,3,2,21,15,ordinary,22,full_coverage_and_all_discovered_cleared,191,5558.444254,40.0,constant,,0.054844875005073845
9,3,True,0,9,2,3,0,clustered__smooth__68,clustered__smooth,13,33,16,15,232,,bounded_transverse_width,,base,0,0.05749800000000249,15,,0,0,,,False,0,ends,0,0,16,1493,3,2,0,33,2,43,0,3,2,214,history_ends16_width015,[],21097.221288300094,0,,0.0,,False,0,370.5629502666667,"[2, 4, 5, 6, 8, 9, 11, 12, 13, 14, 15, 16, 17, 19, 20]",30.0,4,68,1.0,25,14,3,2,21,15,ordinary,22,full_coverage_and_all_discovered_cleared,191,5558.444254,40.0,constant,,0.05756375001510605
14,2,True,0,14,5,5,0,clustered__smooth__68,clustered__smooth,10,22,15,15,303,,bounded_transverse_width,,arc,49,0.045669999999994104,15,cached_distance_prefix_sum,0,0,,,False,0,,,,,,,,0,22,7,0,0,3,2,286,fast_arc05_width015,[],20401.634366877475,0,,0.0,,False,0,389.62179153333335,"[2, 4, 5, 6, 8, 9, 11, 12, 13, 14, 15, 16, 17, 19, 20]",30.0,4,68,0.5,21,1,0,8,27,15,ordinary,22,full_coverage_and_all_discovered_cleared,259,5844.326873,40.0,constant,,0.04568570799892768
14,2,True,0,14,5,5,0,clustered__smooth__68,clustered__smooth,10,22,15,15,303,,bounded_transverse_width,,arc,49,0.061599999999998545,15,cached_distance_prefix_sum,0,0,,,False,0,ends,0,0,8,1591,0,0,0,22,7,0,0,3,2,286,history_arc8_width015,[],20401.634366877475,0,,0.0,,False,0,389.62179153333335,"[2, 4, 5, 6, 8, 9, 11, 12, 13, 14, 15, 16, 17, 19, 20]",30.0,4,68,0.5,21,1,0,8,27,15,ordinary,22,full_coverage_and_all_discovered_cleared,259,5844.326873,40.0,constant,,0.06162395799765363
16,3,True,0,16,1,1,0,clustered__smooth__68,clustered__smooth,14,58,15,15,266,,bounded_transverse_width,,locked,50,0.03875200000000234,15,cached_distance_prefix_sum,0,0,,,True,0,,,,,,,,0,58,3,0,0,3,2,249,fast_locked_width015,[],21071.67454063894,0,,0.0,,False,0,383.9556602,"[2, 4, 5, 6, 8, 9, 11, 12, 13, 14, 15, 16, 17, 19, 20]",30.0,4,68,1.0,26,15,13,3,28,15,ordinary,22,full_coverage_and_all_discovered_cleared,225,5759.334903,40.0,constant,,0.038757790985982865
16,3,True,0,16,1,1,0,clustered__smooth__68,clustered__smooth,14,58,15,15,266,,bounded_transverse_width,,locked,50,0.05700599999999412,15,cached_distance_prefix_sum,0,0,,,True,0,ends,0,0,8,1840,1,1,0,58,3,0,0,3,2,249,history_locked8_width015,[],21071.67454063894,0,,0.0,,False,0,383.9556602,"[2, 4, 5, 6, 8, 9, 11, 12, 13, 14, 15, 16, 17, 19, 20]",30.0,4,68,1.0,26,15,13,3,28,15,ordinary,22,full_coverage_and_all_discovered_cleared,225,5759.334903,40.0,constant,,0.057027957984246314
6,2,True,0,6,4,6,0,clustered__smooth__69,clustered__smooth,11,0,17,15,268,,bounded_transverse_width,,base,0,0.048196000000004346,15,,0,0,,,False,0,,,,,,,,0,0,1,41,0,4,2,249,range_width015,[],22167.15851238728,0,,0.0,,False,0,398.89544659999996,"[2, 3, 4, 5, 6, 7, 8, 9, 10, 11, 12, 13, 14, 16, 18]",30.0,4,69,1.0,19,2,2,1,19,15,ordinary,22,full_coverage_and_all_discovered_cleared,224,5983.431699,40.0,constant,,0.04822300001978874
6,2,True,0,6,4,6,0,clustered__smooth__69,clustered__smooth,11,0,17,15,268,,bounded_transverse_width,,base,0,0.05684000000000111,15,,0,0,,,False,0,recent,0,0,8,777,0,0,0,0,1,41,0,4,2,249,history_recent8_width015,[],22167.15851238728,0,,0.0,,False,0,398.89544659999996,"[2, 3, 4, 5, 6, 7, 8, 9, 10, 11, 12, 13, 14, 16, 18]",30.0,4,69,1.0,19,2,2,1,19,15,ordinary,22,full_coverage_and_all_discovered_cleared,224,5983.431699,40.0,constant,,0.056924916978459805
6,2,True,0,6,4,6,0,clustered__smooth__69,clustered__smooth,11,0,17,15,268,,bounded_transverse_width,,base,0,0.05570299999999406,15,,0,0,,,False,0,first,0,0,8,777,0,0,0,0,1,41,0,4,2,249,history_first8_width015,[],22167.15851238728,0,,0.0,,False,0,398.89544659999996,"[2, 3, 4, 5, 6, 7, 8, 9, 10, 11, 12, 13, 14, 16, 18]",30.0,4,69,1.0,19,2,2,1,19,15,ordinary,22,full_coverage_and_all_discovered_cleared,224,5983.431699,40.0,constant,,0.055749625025782734
6,2,True,0,6,4,6,0,clustered__smooth__69,clustered__smooth,11,0,17,15,268,,bounded_transverse_width,,base,0,0.05521799999999644,15,,0,0,,,False,0,ends,0,0,4,677,0,0,0,0,1,41,0,4,2,249,history_ends4_width015,[],22167.15851238728,0,,0.0,,False,0,398.89544659999996,"[2, 3, 4, 5, 6, 7, 8, 9, 10, 11, 12, 13, 14, 16, 18]",30.0,4,69,1.0,19,2,2,1,19,15,ordinary,22,full_coverage_and_all_discovered_cleared,224,5983.431699,40.0,constant,,0.05525074998149648
6,2,True,0,6,4,6,0,clustered__smooth__69,clustered__smooth,11,0,17,15,268,,bounded_transverse_width,,base,0,0.06026400000000365,15,,0,0,,,False,0,ends,0,0,8,1214,0,0,0,0,1,41,0,4,2,249,history_ends8_width015,[],22167.15851238728,0,,0.0,,False,0,398.89544659999996,"[2, 3, 4, 5, 6, 7, 8, 9, 10, 11, 12, 13, 14, 16, 18]",30.0,4,69,1.0,19,2,2,1,19,15,ordinary,22,full_coverage_and_all_discovered_cleared,224,5983.431699,40.0,constant,,0.06030179199296981
6,2,True,0,6,4,6,0,clustered__smooth__69,clustered__smooth,11,0,17,15,268,,bounded_transverse_width,,base,0,0.06356199999999745,15,,0,0,,,False,0,ends,0,0,16,1566,0,0,0,0,1,41,0,4,2,249,history_ends16_width015,[],22167.15851238728,0,,0.0,,False,0,398.89544659999996,"[2, 3, 4, 5, 6, 7, 8, 9, 10, 11, 12, 13, 14, 16, 18]",30.0,4,69,1.0,19,2,2,1,19,15,ordinary,22,full_coverage_and_all_discovered_cleared,224,5983.431699,40.0,constant,,0.06358995800837874
11,0,True,0,11,2,4,0,clustered__smooth__69,clustered__smooth,13,26,17,15,228,,bounded_transverse_width,,arc,48,0.06765399999999744,15,cached_distance_prefix_sum,0,0,,,False,0,,,,,,,,0,26,8,0,0,2,2,209,fast_arc05_width015,[],20687.364685031487,0,,0.0,,False,0,363.29819566666663,"[2, 3, 4, 5, 6, 7, 8, 9, 10, 11, 12, 13, 14, 16, 18]",30.0,4,69,0.5,33,0,1,9,26,15,ordinary,22,full_coverage_and_all_discovered_cleared,186,5449.472935,40.0,constant,,0.06775637494865805
11,0,True,0,11,2,4,0,clustered__smooth__69,clustered__smooth,13,26,17,15,228,,bounded_transverse_width,,arc,48,0.07183799999999962,15,cached_distance_prefix_sum,0,0,,,False,0,ends,0,0,8,252,3,2,0,26,8,0,0,2,2,209,history_arc8_width015,[],20687.364685031487,0,,0.0,,False,0,363.29819566666663,"[2, 3, 4, 5, 6, 7, 8, 9, 10, 11, 12, 13, 14, 16, 18]",30.0,4,69,0.5,33,0,1,9,26,15,ordinary,22,full_coverage_and_all_discovered_cleared,186,5449.472935,40.0,constant,,0.07207895902683958
5,0,True,0,5,7,7,0,clustered__smooth__69,clustered__smooth,8,3,15,15,228,,bounded_transverse_width,,locked,42,0.04614699999999772,15,cached_distance_prefix_sum,0,0,,,True,0,,,,,,,,0,3,3,0,0,3,3,211,fast_locked_width015,[],20596.46827961108,0,,0.0,,False,0,362.4862434,"[2, 3, 4, 5, 6, 7, 8, 9, 10, 11, 12, 13, 14, 16, 18]",30.0,4,69,1.0,34,5,15,3,20,15,ordinary,22,full_coverage_and_all_discovered_cleared,188,5437.293651,40.0,constant,,0.046211207984015346
5,0,True,0,5,7,7,0,clustered__smooth__69,clustered__smooth,8,3,15,15,228,,bounded_transverse_width,,locked,42,0.055075000000002206,15,cached_distance_prefix_sum,0,0,,,True,0,ends,0,0,8,817,0,0,0,3,3,0,0,3,3,211,history_locked8_width015,[],20596.46827961108,0,,0.0,,False,0,362.4862434,"[2, 3, 4, 5, 6, 7, 8, 9, 10, 11, 12, 13, 14, 16, 18]",30.0,4,69,1.0,34,5,15,3,20,15,ordinary,22,full_coverage_and_all_discovered_cleared,188,5437.293651,40.0,constant,,0.055105082981754094
13,2,True,0,13,3,5,0,clustered__smooth__70,clustered__smooth,7,9,12,10,322,,bounded_transverse_width,,base,0,0.035349999999994,10,,0,0,,,False,0,,,,,,,,0,9,1,43,0,4,3,308,range_width015,[],21257.497989090847,0,,0.0,,False,0,612.9499597,"[2, 3, 5, 10, 11, 13, 15, 16, 19, 20]",30.0,4,70,1.0,19,1,1,1,21,10,ordinary,22,full_coverage_and_all_discovered_cleared,282,6129.499597,40.0,constant,,0.03536174999317154
13,2,True,0,13,3,5,0,clustered__smooth__70,clustered__smooth,7,9,12,10,322,,bounded_transverse_width,,base,0,0.04391800000000501,10,,0,0,,,False,0,recent,0,0,8,403,2,2,0,9,1,43,0,4,3,308,history_recent8_width015,[],21257.497989090847,0,,0.0,,False,0,612.9499597,"[2, 3, 5, 10, 11, 13, 15, 16, 19, 20]",30.0,4,70,1.0,19,1,1,1,21,10,ordinary,22,full_coverage_and_all_discovered_cleared,282,6129.499597,40.0,constant,,0.04401729197707027
13,2,True,0,13,3,5,0,clustered__smooth__70,clustered__smooth,7,9,12,10,322,,bounded_transverse_width,,base,0,0.04129199999999855,10,,0,0,,,False,0,first,0,0,8,403,1,1,0,9,1,43,0,4,3,308,history_first8_width015,[],21257.497989090847,0,,0.0,,False,0,612.9499597,"[2, 3, 5, 10, 11, 13, 15, 16, 19, 20]",30.0,4,70,1.0,19,1,1,1,21,10,ordinary,22,full_coverage_and_all_discovered_cleared,282,6129.499597,40.0,constant,,0.04131716600386426
13,2,True,0,13,3,5,0,clustered__smooth__70,clustered__smooth,7,9,12,10,322,,bounded_transverse_width,,base,0,0.040769999999994866,10,,0,0,,,False,0,ends,0,0,4,274,1,1,0,9,1,43,0,4,3,308,history_ends4_width015,[],21257.497989090847,0,,0.0,,False,0,612.9499597,"[2, 3, 5, 10, 11, 13, 15, 16, 19, 20]",30.0,4,70,1.0,19,1,1,1,21,10,ordinary,22,full_coverage_and_all_discovered_cleared,282,6129.499597,40.0,constant,,0.04078924999339506
13,2,True,0,13,3,5,0,clustered__smooth__70,clustered__smooth,7,9,12,10,322,,bounded_transverse_width,,base,0,0.04617100000000107,10,,0,0,,,False,0,ends,0,0,8,717,2,2,0,9,1,43,0,4,3,308,history_ends8_width015,[],21257.497989090847,0,,0.0,,False,0,612.9499597,"[2, 3, 5, 10, 11, 13, 15, 16, 19, 20]",30.0,4,70,1.0,19,1,1,1,21,10,ordinary,22,full_coverage_and_all_discovered_cleared,282,6129.499597,40.0,constant,,0.046266250021290034
13,2,True,0,13,3,5,0,clustered__smooth__70,clustered__smooth,7,9,12,10,322,,bounded_transverse_width,,base,0,0.052745000000001596,10,,0,0,,,False,0,ends,0,0,16,1298,4,4,0,9,1,43,0,4,3,308,history_ends16_width015,[],21248.803410159733,0,,0.0,,False,0,612.776068,"[2, 3, 5, 10, 11, 13, 15, 16, 19, 20]",30.0,4,70,1.0,19,1,1,1,21,10,ordinary,22,full_coverage_and_all_discovered_cleared,282,6127.76068,40.0,constant,,0.05275799997616559
13,2,True,0,13,3,5,0,clustered__smooth__70,clustered__smooth,7,9,12,10,320,,bounded_transverse_width,,arc,43,0.03956099999999907,10,cached_distance_prefix_sum,0,0,,,False,0,,,,,,,,0,9,0,0,0,4,3,306,fast_arc05_width015,[],21456.789433209775,0,,0.0,,False,0,615.7357886,"[2, 3, 5, 10, 11, 13, 15, 16, 19, 20]",30.0,4,70,0.5,19,1,2,0,21,10,ordinary,22,full_coverage_and_all_discovered_cleared,280,6157.357886,40.0,constant,,0.0396028749528341
13,2,True,0,13,3,5,0,clustered__smooth__70,clustered__smooth,7,9,12,10,320,,bounded_transverse_width,,arc,43,0.04892199999999747,10,cached_distance_prefix_sum,0,0,,,False,0,ends,0,0,8,667,2,2,0,9,0,0,0,4,3,306,history_arc8_width015,[],21456.789433209775,0,,0.0,,False,0,615.7357886,"[2, 3, 5, 10, 11, 13, 15, 16, 19, 20]",30.0,4,70,0.5,19,1,2,0,21,10,ordinary,22,full_coverage_and_all_discovered_cleared,280,6157.357886,40.0,constant,,0.04893758404068649
10,2,True,0,10,2,2,0,clustered__smooth__70,clustered__smooth,8,22,10,10,319,,bounded_transverse_width,,locked,40,0.03546599999999955,10,cached_distance_prefix_sum,0,0,,,True,0,,,,,,,,0,22,2,0,0,4,2,307,fast_locked_width015,[],20304.48255055151,0,,0.0,,False,0,592.8896509,"[2, 3, 5, 10, 11, 13, 15, 16, 19, 20]",30.0,4,70,1.0,12,23,2,2,18,10,ordinary,22,full_coverage_and_all_discovered_cleared,283,5928.896509,40.0,constant,,0.035474166041240096
10,2,True,0,10,2,2,0,clustered__smooth__70,clustered__smooth,8,22,10,10,319,,bounded_transverse_width,,locked,40,0.04670400000000541,10,cached_distance_prefix_sum,0,0,,,True,0,ends,0,0,8,843,2,2,0,22,2,0,0,4,2,307,history_locked8_width015,[],20314.847830831284,0,,0.0,,False,0,593.0969565,"[2, 3, 5, 10, 11, 13, 15, 16, 19, 20]",30.0,4,70,1.0,12,23,2,2,18,10,ordinary,22,full_coverage_and_all_discovered_cleared,283,5930.969565,40.0,constant,,0.04674741701455787
6,0,True,0,6,3,3,0,clustered__smooth__71,clustered__smooth,9,8,12,12,282,,bounded_transverse_width,,base,0,0.03816900000000345,12,,0,0,,,False,0,,,,,,,,0,8,2,40,0,2,2,268,range_width015,[],22785.981993015375,0,,0.0,,False,0,516.8496995833333,"[1, 2, 4, 5, 7, 9, 10, 13, 17, 18, 19, 20]",30.0,4,71,1.0,22,0,5,2,18,12,ordinary,22,full_coverage_and_all_discovered_cleared,245,6202.196395,40.0,constant,,0.038180625007953495
6,0,True,0,6,3,3,0,clustered__smooth__71,clustered__smooth,9,8,12,12,282,,bounded_transverse_width,,base,0,0.04432200000000108,12,,0,0,,,False,0,recent,0,0,8,441,0,0,0,8,2,40,0,2,2,268,history_recent8_width015,[],22785.981993015375,0,,0.0,,False,0,516.8496995833333,"[1, 2, 4, 5, 7, 9, 10, 13, 17, 18, 19, 20]",30.0,4,71,1.0,22,0,5,2,18,12,ordinary,22,full_coverage_and_all_discovered_cleared,245,6202.196395,40.0,constant,,0.04437429097015411
6,0,True,0,6,3,3,0,clustered__smooth__71,clustered__smooth,9,8,12,12,282,,bounded_transverse_width,,base,0,0.043807999999998515,12,,0,0,,,False,0,first,0,0,8,441,0,0,0,8,2,40,0,2,2,268,history_first8_width015,[],22785.981993015375,0,,0.0,,False,0,516.8496995833333,"[1, 2, 4, 5, 7, 9, 10, 13, 17, 18, 19, 20]",30.0,4,71,1.0,22,0,5,2,18,12,ordinary,22,full_coverage_and_all_discovered_cleared,245,6202.196395,40.0,constant,,0.043869666988030076
6,0,True,0,6,3,3,0,clustered__smooth__71,clustered__smooth,9,8,12,12,282,,bounded_transverse_width,,base,0,0.04171000000000191,12,,0,0,,,False,0,ends,0,0,4,214,0,0,0,8,2,40,0,2,2,268,history_ends4_width015,[],22785.981993015375,0,,0.0,,False,0,516.8496995833333,"[1, 2, 4, 5, 7, 9, 10, 13, 17, 18, 19, 20]",30.0,4,71,1.0,22,0,5,2,18,12,ordinary,22,full_coverage_and_all_discovered_cleared,245,6202.196395,40.0,constant,,0.04173583397641778
6,0,True,0,6,3,3,0,clustered__smooth__71,clustered__smooth,9,8,12,12,282,,bounded_transverse_width,,base,0,0.045366999999998825,12,,0,0,,,False,0,ends,0,0,8,676,0,0,0,8,2,40,0,2,2,268,history_ends8_width015,[],22785.981993015375,0,,0.0,,False,0,516.8496995833333,"[1, 2, 4, 5, 7, 9, 10, 13, 17, 18, 19, 20]",30.0,4,71,1.0,22,0,5,2,18,12,ordinary,22,full_coverage_and_all_discovered_cleared,245,6202.196395,40.0,constant,,0.04538966697873548
6,0,True,0,6,3,3,0,clustered__smooth__71,clustered__smooth,9,8,12,12,282,,bounded_transverse_width,,base,0,0.04978499999999997,12,,0,0,,,False,0,ends,0,0,16,1016,0,0,0,8,2,40,0,2,2,268,history_ends16_width015,[],22785.981993015375,0,,0.0,,False,0,516.8496995833333,"[1, 2, 4, 5, 7, 9, 10, 13, 17, 18, 19, 20]",30.0,4,71,1.0,22,0,5,2,18,12,ordinary,22,full_coverage_and_all_discovered_cleared,245,6202.196395,40.0,constant,,0.04981570900417864
9,1,True,0,9,2,3,0,clustered__smooth__71,clustered__smooth,10,86,13,12,301,,bounded_transverse_width,,arc,42,0.04903099999999938,12,cached_distance_prefix_sum,0,0,,,False,0,,,,,,,,0,86,3,0,0,3,3,286,fast_arc05_width015,[],21204.28163598351,0,,0.0,,False,0,499.7380270833333,"[1, 2, 4, 5, 7, 9, 10, 13, 17, 18, 19, 20]",30.0,4,71,0.5,18,0,36,3,20,12,ordinary,22,full_coverage_and_all_discovered_cleared,263,5996.856325,40.0,constant,,0.04905445902841166
9,1,True,0,9,2,3,0,clustered__smooth__71,clustered__smooth,10,86,13,12,301,,bounded_transverse_width,,arc,42,0.06490099999999899,12,cached_distance_prefix_sum,0,0,,,False,0,ends,0,0,8,1576,0,0,0,86,3,0,0,3,3,286,history_arc8_width015,[],21204.28163598351,0,,0.0,,False,0,499.7380270833333,"[1, 2, 4, 5, 7, 9, 10, 13, 17, 18, 19, 20]",30.0,4,71,0.5,18,0,36,3,20,12,ordinary,22,full_coverage_and_all_discovered_cleared,263,5996.856325,40.0,constant,,0.06498237501364201
11,3,True,0,11,3,3,0,clustered__smooth__71,clustered__smooth,9,16,12,12,298,,bounded_transverse_width,,locked,42,0.03487900000000366,12,cached_distance_prefix_sum,0,0,,,True,0,,,,,,,,0,16,2,0,0,5,3,284,fast_locked_width015,[],22227.31173428364,0,,0.0,,False,0,515.0385284166667,"[1, 2, 4, 5, 7, 9, 10, 13, 17, 18, 19, 20]",30.0,4,71,1.0,21,0,0,2,20,12,ordinary,22,full_coverage_and_all_discovered_cleared,255,6180.462341,40.0,constant,,0.03490120900096372
11,3,True,0,11,3,3,0,clustered__smooth__71,clustered__smooth,9,16,12,12,298,,bounded_transverse_width,,locked,42,0.04564099999999627,12,cached_distance_prefix_sum,0,0,,,True,0,ends,0,0,8,890,0,0,0,16,2,0,0,5,3,284,history_locked8_width015,[],22227.31173428364,0,,0.0,,False,0,515.0385284166667,"[1, 2, 4, 5, 7, 9, 10, 13, 17, 18, 19, 20]",30.0,4,71,1.0,21,0,0,2,20,12,ordinary,22,full_coverage_and_all_discovered_cleared,255,6180.462341,40.0,constant,,0.04565383295994252
16,2,True,0,16,2,2,0,clustered__adversarial-positive__67,clustered__adversarial-positive,8,14,10,10,320,,bounded_transverse_width,,base,0,0.03161300000000011,10,,0,0,,,False,0,,,,,,,,0,14,3,46,0,5,3,308,range_width015,[],21537.618505787377,0,,0.0,,False,0,618.0523697,"[4, 5, 7, 8, 9, 10, 14, 15, 18, 19]",30.0,4,67,1.0,15,6,32,3,24,10,ordinary,22,full_coverage_and_all_discovered_cleared,283,6180.523697,40.0,constant,,0.03163441701326519
16,2,True,0,16,2,2,0,clustered__adversarial-positive__67,clustered__adversarial-positive,8,14,10,10,320,,bounded_transverse_width,,base,0,0.04202500000000242,10,,0,0,,,False,0,recent,0,0,8,782,0,0,0,14,3,46,0,5,3,308,history_recent8_width015,[],21537.618505787377,0,,0.0,,False,0,618.0523697,"[4, 5, 7, 8, 9, 10, 14, 15, 18, 19]",30.0,4,67,1.0,15,6,32,3,24,10,ordinary,22,full_coverage_and_all_discovered_cleared,283,6180.523697,40.0,constant,,0.04209441598504782
16,2,True,0,16,2,2,0,clustered__adversarial-positive__67,clustered__adversarial-positive,8,14,10,10,320,,bounded_transverse_width,,base,0,0.040108000000003585,10,,0,0,,,False,0,first,0,0,8,782,0,0,0,14,3,46,0,5,3,308,history_first8_width015,[],21537.618505787377,0,,0.0,,False,0,618.0523697,"[4, 5, 7, 8, 9, 10, 14, 15, 18, 19]",30.0,4,67,1.0,15,6,32,3,24,10,ordinary,22,full_coverage_and_all_discovered_cleared,283,6180.523697,40.0,constant,,0.0401190830161795
16,2,True,0,16,2,2,0,clustered__adversarial-positive__67,clustered__adversarial-positive,8,14,10,10,320,,bounded_transverse_width,,base,0,0.03684399999999499,10,,0,0,,,False,0,ends,0,0,4,266,0,0,0,14,3,46,0,5,3,308,history_ends4_width015,[],21537.618505787377,0,,0.0,,False,0,618.0523697,"[4, 5, 7, 8, 9, 10, 14, 15, 18, 19]",30.0,4,67,1.0,15,6,32,3,24,10,ordinary,22,full_coverage_and_all_discovered_cleared,283,6180.523697,40.0,constant,,0.03687470802105963
16,2,True,0,16,2,2,0,clustered__adversarial-positive__67,clustered__adversarial-positive,8,14,10,10,320,,bounded_transverse_width,,base,0,0.04377099999999956,10,,0,0,,,False,0,ends,0,0,8,998,0,0,0,14,3,46,0,5,3,308,history_ends8_width015,[],21537.618505787377,0,,0.0,,False,0,618.0523697,"[4, 5, 7, 8, 9, 10, 14, 15, 18, 19]",30.0,4,67,1.0,15,6,32,3,24,10,ordinary,22,full_coverage_and_all_discovered_cleared,283,6180.523697,40.0,constant,,0.043805958004668355
16,2,True,0,16,2,2,0,clustered__adversarial-positive__67,clustered__adversarial-positive,8,14,10,10,319,,bounded_transverse_width,,base,0,0.065137,10,,0,0,,,False,0,ends,0,0,16,3366,4,3,0,14,3,46,0,5,3,307,history_ends16_width015,[],21553.25349643761,0,,0.0,,False,0,617.8650695,"[4, 5, 7, 8, 9, 10, 14, 15, 18, 19]",30.0,4,67,1.0,14,5,32,3,24,10,ordinary,22,full_coverage_and_all_discovered_cleared,283,6178.650695,40.0,constant,,0.06517816602718085
10,2,True,0,10,2,2,0,clustered__adversarial-positive__67,clustered__adversarial-positive,8,25,10,10,310,,bounded_transverse_width,,arc,40,0.03488699999999767,10,cached_distance_prefix_sum,0,0,,,False,0,,,,,,,,0,25,3,0,0,5,3,298,fast_arc05_width015,[],22867.403675130437,0,,0.0,,False,0,638.5480732,"[4, 5, 7, 8, 9, 10, 14, 15, 18, 19]",30.0,4,67,0.5,13,4,14,3,18,10,ordinary,22,full_coverage_and_all_discovered_cleared,272,6385.480732,40.0,constant,,0.03491245902841911
9,0,True,0,9,2,2,0,clustered__adversarial-positive__67,clustered__adversarial-positive,8,14,10,10,300,,bounded_transverse_width,,arc,41,0.04224100000000419,10,cached_distance_prefix_sum,0,0,,,False,0,ends,0,0,8,645,5,2,0,14,3,0,0,2,2,288,history_arc8_width015,[],22316.488290716243,0,,0.0,,False,0,621.8297654,"[4, 5, 7, 8, 9, 10, 14, 15, 18, 19]",30.0,4,67,0.5,9,2,14,3,19,10,ordinary,22,full_coverage_and_all_discovered_cleared,265,6218.297654,40.0,constant,,0.04228641698136926
12,1,True,0,12,1,1,0,clustered__adversarial-positive__67,clustered__adversarial-positive,9,25,10,10,305,,bounded_transverse_width,,locked,43,0.028640000000002885,10,cached_distance_prefix_sum,0,0,,,True,0,,,,,,,,0,25,4,0,0,4,3,293,fast_locked_width015,[],21619.844372149426,0,,0.0,,False,0,610.7968868,"[4, 5, 7, 8, 9, 10, 14, 15, 18, 19]",30.0,4,67,1.0,9,1,2,4,21,10,ordinary,22,full_coverage_and_all_discovered_cleared,269,6107.968868,40.0,constant,,0.028647499973885715
12,1,True,0,12,1,1,0,clustered__adversarial-positive__67,clustered__adversarial-positive,9,25,10,10,305,,bounded_transverse_width,,locked,43,0.039014999999999134,10,cached_distance_prefix_sum,0,0,,,True,0,ends,0,0,8,833,1,1,0,25,4,0,0,4,3,293,history_locked8_width015,[],21612.55275408637,0,,0.0,,False,0,610.6510545,"[4, 5, 7, 8, 9, 10, 14, 15, 18, 19]",30.0,4,67,1.0,9,1,2,4,21,10,ordinary,22,full_coverage_and_all_discovered_cleared,269,6106.510545,40.0,constant,,0.039025083009619266
10,1,True,0,10,1,1,0,clustered__adversarial-positive__68,clustered__adversarial-positive,14,31,15,15,230,,bounded_transverse_width,,base,0,0.0463229999999939,15,,0,0,,,False,0,,,,,,,,0,31,4,46,0,3,3,213,range_width015,[],21890.208087169358,0,,0.0,,False,0,380.5361076,"[2, 4, 5, 6, 8, 9, 11, 12, 13, 14, 15, 16, 17, 19, 20]",30.0,4,68,1.0,23,8,1,5,24,15,ordinary,22,full_coverage_and_all_discovered_cleared,190,5708.041614,40.0,constant,,0.04635037499247119
10,1,True,0,10,2,2,0,clustered__adversarial-positive__68,clustered__adversarial-positive,13,31,15,15,230,,bounded_transverse_width,,base,0,0.05447099999999949,15,,0,0,,,False,0,recent,0,0,8,616,1,1,0,31,4,46,0,3,3,213,history_recent8_width015,[],21893.589114057908,0,,0.0,,False,0,380.58118793333335,"[2, 4, 5, 6, 8, 9, 11, 12, 13, 14, 15, 16, 17, 19, 20]",30.0,4,68,1.0,23,8,1,5,24,15,ordinary,22,full_coverage_and_all_discovered_cleared,190,5708.717819,40.0,constant,,0.054518166987691075
10,1,True,0,10,2,2,0,clustered__adversarial-positive__68,clustered__adversarial-positive,13,31,15,15,230,,bounded_transverse_width,,base,0,0.053111999999998716,15,,0,0,,,False,0,first,0,0,8,616,1,1,0,31,4,46,0,3,3,213,history_first8_width015,[],21893.589114057908,0,,0.0,,False,0,380.58118793333335,"[2, 4, 5, 6, 8, 9, 11, 12, 13, 14, 15, 16, 17, 19, 20]",30.0,4,68,1.0,23,8,1,5,24,15,ordinary,22,full_coverage_and_all_discovered_cleared,190,5708.717819,40.0,constant,,0.053168458049185574
10,1,True,0,10,1,1,0,clustered__adversarial-positive__68,clustered__adversarial-positive,14,31,15,15,230,,bounded_transverse_width,,base,0,0.05109999999999815,15,,0,0,,,False,0,ends,0,0,4,403,0,0,0,31,4,46,0,3,3,213,history_ends4_width015,[],21890.208087169358,0,,0.0,,False,0,380.5361076,"[2, 4, 5, 6, 8, 9, 11, 12, 13, 14, 15, 16, 17, 19, 20]",30.0,4,68,1.0,23,8,1,5,24,15,ordinary,22,full_coverage_and_all_discovered_cleared,190,5708.041614,40.0,constant,,0.051136417023371905
10,1,True,0,10,2,2,0,clustered__adversarial-positive__68,clustered__adversarial-positive,13,31,15,15,230,,bounded_transverse_width,,base,0,0.057801999999995246,15,,0,0,,,False,0,ends,0,0,8,1137,1,1,0,31,4,46,0,3,3,213,history_ends8_width015,[],21893.589114057908,0,,0.0,,False,0,380.58118793333335,"[2, 4, 5, 6, 8, 9, 11, 12, 13, 14, 15, 16, 17, 19, 20]",30.0,4,68,1.0,23,8,1,5,24,15,ordinary,22,full_coverage_and_all_discovered_cleared,190,5708.717819,40.0,constant,,0.05786087497835979
10,1,True,0,10,2,2,0,clustered__adversarial-positive__68,clustered__adversarial-positive,13,31,15,15,230,,bounded_transverse_width,,base,0,0.05960499999999769,15,,0,0,,,False,0,ends,0,0,16,1293,2,1,0,31,4,46,0,3,3,213,history_ends16_width015,[],21893.589114057908,0,,0.0,,False,0,380.58118793333335,"[2, 4, 5, 6, 8, 9, 11, 12, 13, 14, 15, 16, 17, 19, 20]",30.0,4,68,1.0,23,8,1,5,24,15,ordinary,22,full_coverage_and_all_discovered_cleared,190,5708.717819,40.0,constant,,0.05963758303551003
17,0,True,0,17,2,3,0,clustered__adversarial-positive__68,clustered__adversarial-positive,13,20,16,15,310,,bounded_transverse_width,,arc,54,0.049776000000001375,15,cached_distance_prefix_sum,0,0,,,False,0,,,,,,,,0,20,9,0,0,2,2,292,fast_arc05_width015,[],20267.672705632216,0,,0.0,,False,0,390.56896926666667,"[2, 4, 5, 6, 8, 9, 11, 12, 13, 14, 15, 16, 17, 19, 20]",30.0,4,68,0.5,25,4,22,10,32,15,ordinary,22,full_coverage_and_all_discovered_cleared,267,5858.534539,40.0,constant,,0.049814708007033914
17,0,True,0,17,2,3,0,clustered__adversarial-positive__68,clustered__adversarial-positive,13,20,16,15,310,,bounded_transverse_width,,arc,54,0.06696599999999364,15,cached_distance_prefix_sum,0,0,,,False,0,ends,0,0,8,1736,0,0,0,20,9,0,0,2,2,292,history_arc8_width015,[],20267.672705632216,0,,0.0,,False,0,390.56896926666667,"[2, 4, 5, 6, 8, 9, 11, 12, 13, 14, 15, 16, 17, 19, 20]",30.0,4,68,0.5,25,4,22,10,32,15,ordinary,22,full_coverage_and_all_discovered_cleared,267,5858.534539,40.0,constant,,0.06701183400582522
16,2,True,0,16,1,2,0,clustered__adversarial-positive__68,clustered__adversarial-positive,14,56,16,15,271,,bounded_transverse_width,,locked,51,0.03970499999999788,15,cached_distance_prefix_sum,0,0,,,True,0,,,,,,,,0,56,3,0,0,2,2,253,fast_locked_width015,[],21147.44188592765,0,,0.0,,False,0,386.7658917333334,"[2, 4, 5, 6, 8, 9, 11, 12, 13, 14, 15, 16, 17, 19, 20]",30.0,4,68,1.0,26,15,12,3,29,15,ordinary,22,full_coverage_and_all_discovered_cleared,229,5801.488376,40.0,constant,,0.039732915989588946
16,2,True,0,16,1,2,0,clustered__adversarial-positive__68,clustered__adversarial-positive,14,56,16,15,271,,bounded_transverse_width,,locked,51,0.05929900000000288,15,cached_distance_prefix_sum,0,0,,,True,0,ends,0,0,8,1914,1,1,0,56,3,0,0,2,2,253,history_locked8_width015,[],21147.44188592765,0,,0.0,,False,0,386.7658917333334,"[2, 4, 5, 6, 8, 9, 11, 12, 13, 14, 15, 16, 17, 19, 20]",30.0,4,68,1.0,26,15,12,3,29,15,ordinary,22,full_coverage_and_all_discovered_cleared,229,5801.488376,40.0,constant,,0.05941008299123496
8,2,True,0,8,4,4,0,clustered__adversarial-positive__69,clustered__adversarial-positive,11,0,15,15,231,,bounded_transverse_width,,base,0,0.05937699999999779,15,,0,0,,,False,0,,,,,,,,0,0,2,43,0,4,2,214,range_width015,[],21179.85569019956,0,,0.0,,False,0,371.13140906666666,"[2, 3, 4, 5, 6, 7, 8, 9, 10, 11, 12, 13, 14, 16, 18]",30.0,4,69,1.0,45,2,6,2,21,15,ordinary,22,full_coverage_and_all_discovered_cleared,186,5566.971136,40.0,constant,,0.05938699998660013
8,2,True,0,8,4,4,0,clustered__adversarial-positive__69,clustered__adversarial-positive,11,0,15,15,231,,bounded_transverse_width,,base,0,0.06376700000000568,15,,0,0,,,False,0,recent,0,0,8,263,0,0,0,0,2,43,0,4,2,214,history_recent8_width015,[],21179.85569019956,0,,0.0,,False,0,371.13140906666666,"[2, 3, 4, 5, 6, 7, 8, 9, 10, 11, 12, 13, 14, 16, 18]",30.0,4,69,1.0,45,2,6,2,21,15,ordinary,22,full_coverage_and_all_discovered_cleared,186,5566.971136,40.0,constant,,0.06388220796361566
8,2,True,0,8,4,4,0,clustered__adversarial-positive__69,clustered__adversarial-positive,11,0,15,15,231,,bounded_transverse_width,,base,0,0.061549999999996885,15,,0,0,,,False,0,first,0,0,8,263,0,0,0,0,2,43,0,4,2,214,history_first8_width015,[],21179.85569019956,0,,0.0,,False,0,371.13140906666666,"[2, 3, 4, 5, 6, 7, 8, 9, 10, 11, 12, 13, 14, 16, 18]",30.0,4,69,1.0,45,2,6,2,21,15,ordinary,22,full_coverage_and_all_discovered_cleared,186,5566.971136,40.0,constant,,0.06160229200031608
8,2,True,0,8,4,4,0,clustered__adversarial-positive__69,clustered__adversarial-positive,11,0,15,15,231,,bounded_transverse_width,,base,0,0.0616460000000032,15,,0,0,,,False,0,ends,0,0,4,168,0,0,0,0,2,43,0,4,2,214,history_ends4_width015,[],21179.85569019956,0,,0.0,,False,0,371.13140906666666,"[2, 3, 4, 5, 6, 7, 8, 9, 10, 11, 12, 13, 14, 16, 18]",30.0,4,69,1.0,45,2,6,2,21,15,ordinary,22,full_coverage_and_all_discovered_cleared,186,5566.971136,40.0,constant,,0.061675166012719274
8,2,True,0,8,4,4,0,clustered__adversarial-positive__69,clustered__adversarial-positive,11,0,15,15,231,,bounded_transverse_width,,base,0,0.06422100000000341,15,,0,0,,,False,0,ends,0,0,8,438,0,0,0,0,2,43,0,4,2,214,history_ends8_width015,[],21179.85569019956,0,,0.0,,False,0,371.13140906666666,"[2, 3, 4, 5, 6, 7, 8, 9, 10, 11, 12, 13, 14, 16, 18]",30.0,4,69,1.0,45,2,6,2,21,15,ordinary,22,full_coverage_and_all_discovered_cleared,186,5566.971136,40.0,constant,,0.06433545902837068
8,2,True,0,8,4,4,0,clustered__adversarial-positive__69,clustered__adversarial-positive,11,0,15,15,231,,bounded_transverse_width,,base,0,0.06487700000000274,15,,0,0,,,False,0,ends,0,0,16,470,0,0,0,0,2,43,0,4,2,214,history_ends16_width015,[],21179.85569019956,0,,0.0,,False,0,371.13140906666666,"[2, 3, 4, 5, 6, 7, 8, 9, 10, 11, 12, 13, 14, 16, 18]",30.0,4,69,1.0,45,2,6,2,21,15,ordinary,22,full_coverage_and_all_discovered_cleared,186,5566.971136,40.0,constant,,0.06491720798658207
13,3,True,0,13,2,2,0,clustered__adversarial-positive__69,clustered__adversarial-positive,13,0,15,15,235,,bounded_transverse_width,,arc,47,0.06546499999999611,15,cached_distance_prefix_sum,0,0,,,False,0,,,,,,,,0,0,4,0,0,4,3,218,fast_arc05_width015,[],21135.224243554265,0,,0.0,,False,0,372.2029895333333,"[2, 3, 4, 5, 6, 7, 8, 9, 10, 11, 12, 13, 14, 16, 18]",30.0,4,69,0.5,45,5,1,4,25,15,ordinary,22,full_coverage_and_all_discovered_cleared,191,5583.044843,40.0,constant,,0.06554529198911041
13,3,True,0,13,2,2,0,clustered__adversarial-positive__69,clustered__adversarial-positive,13,0,15,15,235,,bounded_transverse_width,,arc,47,0.07214300000000406,15,cached_distance_prefix_sum,0,0,,,False,0,ends,0,0,8,568,0,0,0,0,4,0,0,4,3,218,history_arc8_width015,[],21135.224243554265,0,,0.0,,False,0,372.2029895333333,"[2, 3, 4, 5, 6, 7, 8, 9, 10, 11, 12, 13, 14, 16, 18]",30.0,4,69,0.5,45,5,1,4,25,15,ordinary,22,full_coverage_and_all_discovered_cleared,191,5583.044843,40.0,constant,,0.0722039159736596
9,0,True,0,9,4,8,0,clustered__adversarial-positive__69,clustered__adversarial-positive,11,5,19,15,225,,bounded_transverse_width,,locked,46,0.046125000000003524,15,cached_distance_prefix_sum,0,0,,,True,0,,,,,,,,0,5,6,0,0,1,1,204,fast_locked_width015,[],20960.207519381758,0,,0.0,,False,0,365.33610020000003,"[2, 3, 4, 5, 6, 7, 8, 9, 10, 11, 12, 13, 14, 16, 18]",30.0,4,69,1.0,22,7,13,6,24,15,ordinary,22,full_coverage_and_all_discovered_cleared,181,5480.041503,40.0,constant,,0.04614504100754857
9,0,True,0,9,4,8,0,clustered__adversarial-positive__69,clustered__adversarial-positive,11,5,19,15,225,,bounded_transverse_width,,locked,46,0.05473299999999881,15,cached_distance_prefix_sum,0,0,,,True,0,ends,0,0,8,831,0,0,0,5,6,0,0,1,1,204,history_locked8_width015,[],20960.207519381758,0,,0.0,,False,0,365.33610020000003,"[2, 3, 4, 5, 6, 7, 8, 9, 10, 11, 12, 13, 14, 16, 18]",30.0,4,69,1.0,22,7,13,6,24,15,ordinary,22,full_coverage_and_all_discovered_cleared,181,5480.041503,40.0,constant,,0.054770082992035896
12,2,True,0,12,3,4,0,clustered__adversarial-positive__70,clustered__adversarial-positive,7,8,11,10,317,,bounded_transverse_width,,base,0,0.03517699999999735,10,,0,0,,,False,0,,,,,,,,0,8,5,42,0,3,2,304,range_width015,[],21587.737132686772,0,,0.0,,False,0,616.7547422,"[2, 3, 5, 10, 11, 13, 15, 16, 19, 20]",30.0,4,70,1.0,14,1,2,5,20,10,ordinary,22,full_coverage_and_all_discovered_cleared,277,6167.547422,40.0,constant,,0.03519762499490753
11,1,True,0,11,3,4,0,clustered__adversarial-positive__70,clustered__adversarial-positive,7,8,11,10,316,,bounded_transverse_width,,base,0,0.04340700000000197,10,,0,0,,,False,0,recent,0,0,8,481,1,1,0,8,5,42,0,3,2,303,history_recent8_width015,[],21556.096393702785,0,,0.0,,False,0,615.6219274,"[2, 3, 5, 10, 11, 13, 15, 16, 19, 20]",30.0,4,70,1.0,14,1,2,5,20,10,ordinary,22,full_coverage_and_all_discovered_cleared,277,6156.219274,40.0,constant,,0.04341874999227002
11,1,True,0,11,3,4,0,clustered__adversarial-positive__70,clustered__adversarial-positive,7,8,11,10,316,,bounded_transverse_width,,base,0,0.04169600000000173,10,,0,0,,,False,0,first,0,0,8,481,1,1,0,8,5,42,0,3,2,303,history_first8_width015,[],21556.096393702785,0,,0.0,,False,0,615.6219274,"[2, 3, 5, 10, 11, 13, 15, 16, 19, 20]",30.0,4,70,1.0,14,1,2,5,20,10,ordinary,22,full_coverage_and_all_discovered_cleared,277,6156.219274,40.0,constant,,0.041793250013142824
12,2,True,0,12,3,4,0,clustered__adversarial-positive__70,clustered__adversarial-positive,7,8,11,10,317,,bounded_transverse_width,,base,0,0.03873399999999805,10,,0,0,,,False,0,ends,0,0,4,204,0,0,0,8,5,42,0,3,2,304,history_ends4_width015,[],21587.737132686772,0,,0.0,,False,0,616.7547422,"[2, 3, 5, 10, 11, 13, 15, 16, 19, 20]",30.0,4,70,1.0,14,1,2,5,20,10,ordinary,22,full_coverage_and_all_discovered_cleared,277,6167.547422,40.0,constant,,0.03875570802483708
11,1,True,0,11,3,4,0,clustered__adversarial-positive__70,clustered__adversarial-positive,7,8,11,10,316,,bounded_transverse_width,,base,0,0.04495899999999864,10,,0,0,,,False,0,ends,0,0,8,743,1,1,0,8,5,42,0,3,2,303,history_ends8_width015,[],21556.096393702785,0,,0.0,,False,0,615.6219274,"[2, 3, 5, 10, 11, 13, 15, 16, 19, 20]",30.0,4,70,1.0,14,1,2,5,20,10,ordinary,22,full_coverage_and_all_discovered_cleared,277,6156.219274,40.0,constant,,0.04497408401221037
11,1,True,0,11,3,4,0,clustered__adversarial-positive__70,clustered__adversarial-positive,7,8,11,10,316,,bounded_transverse_width,,base,0,0.0544749999999965,10,,0,0,,,False,0,ends,0,0,16,1674,1,1,0,8,5,42,0,3,2,303,history_ends16_width015,[],21556.096393702785,0,,0.0,,False,0,615.6219274,"[2, 3, 5, 10, 11, 13, 15, 16, 19, 20]",30.0,4,70,1.0,14,1,2,5,20,10,ordinary,22,full_coverage_and_all_discovered_cleared,277,6156.219274,40.0,constant,,0.05459537502611056
15,2,True,0,15,1,1,0,clustered__adversarial-positive__70,clustered__adversarial-positive,9,12,10,10,318,,bounded_transverse_width,,arc,45,0.04161200000000065,10,cached_distance_prefix_sum,0,0,,,False,0,,,,,,,,0,12,4,0,0,4,3,306,fast_arc05_width015,[],21633.47319914718,0,,0.0,,False,0,618.9694638,"[2, 3, 5, 10, 11, 13, 15, 16, 19, 20]",30.0,4,70,0.5,14,1,1,4,23,10,ordinary,22,full_coverage_and_all_discovered_cleared,283,6189.694638,40.0,constant,,0.04164824995677918
15,1,True,0,15,1,1,0,clustered__adversarial-positive__70,clustered__adversarial-positive,9,12,10,10,318,,bounded_transverse_width,,arc,46,0.05257899999999438,10,cached_distance_prefix_sum,0,0,,,False,0,ends,0,0,8,570,5,2,0,12,4,0,0,4,3,306,history_arc8_width015,[],21547.706410006806,0,,0.0,,False,0,617.2541282,"[2, 3, 5, 10, 11, 13, 15, 16, 19, 20]",30.0,4,70,0.5,14,1,1,4,24,10,ordinary,22,full_coverage_and_all_discovered_cleared,283,6172.541282,40.0,constant,,0.05262495804345235
13,2,True,0,13,0,1,0,clustered__adversarial-positive__70,clustered__adversarial-positive,10,18,11,10,321,,bounded_transverse_width,,locked,43,0.034774000000005856,10,cached_distance_prefix_sum,0,0,,,True,0,,,,,,,,0,18,1,0,0,4,4,308,fast_locked_width015,[],21574.333213614205,0,,0.0,,False,0,619.1866640999999,"[2, 3, 5, 10, 11, 13, 15, 16, 19, 20]",30.0,4,70,1.0,13,12,0,1,21,10,ordinary,22,full_coverage_and_all_discovered_cleared,284,6191.866641,40.0,constant,,0.034887416986748576
13,2,True,0,13,0,1,0,clustered__adversarial-positive__70,clustered__adversarial-positive,10,18,11,10,321,,bounded_transverse_width,,locked,43,0.046177000000000135,10,cached_distance_prefix_sum,0,0,,,True,0,ends,0,0,8,885,0,0,0,18,1,0,0,4,4,308,history_locked8_width015,[],21574.333213614205,0,,0.0,,False,0,619.1866640999999,"[2, 3, 5, 10, 11, 13, 15, 16, 19, 20]",30.0,4,70,1.0,13,12,0,1,21,10,ordinary,22,full_coverage_and_all_discovered_cleared,284,6191.866641,40.0,constant,,0.04620329197496176
6,1,True,0,6,2,3,0,clustered__adversarial-positive__71,clustered__adversarial-positive,10,23,13,12,282,,bounded_transverse_width,,base,0,0.04011000000000564,12,,0,0,,,False,0,,,,,,,,0,23,3,39,0,4,3,267,range_width015,[],22094.146278406493,0,,0.0,,False,0,505.2357710833333,"[1, 2, 4, 5, 7, 9, 10, 13, 17, 18, 19, 20]",30.0,4,71,1.0,20,1,18,3,17,12,ordinary,22,full_coverage_and_all_discovered_cleared,246,6062.829253,40.0,constant,,0.04013529198709875
6,1,True,0,6,2,3,0,clustered__adversarial-positive__71,clustered__adversarial-positive,10,23,13,12,282,,bounded_transverse_width,,base,0,0.04651799999999895,12,,0,0,,,False,0,recent,0,0,8,377,4,1,0,23,3,39,0,4,3,267,history_recent8_width015,[],22094.146278406493,0,,0.0,,False,0,505.2357710833333,"[1, 2, 4, 5, 7, 9, 10, 13, 17, 18, 19, 20]",30.0,4,71,1.0,20,1,18,3,17,12,ordinary,22,full_coverage_and_all_discovered_cleared,246,6062.829253,40.0,constant,,0.04656112502561882
6,1,True,0,6,2,3,0,clustered__adversarial-positive__71,clustered__adversarial-positive,10,23,13,12,282,,bounded_transverse_width,,base,0,0.04488099999999662,12,,0,0,,,False,0,first,0,0,8,377,4,1,0,23,3,39,0,4,3,267,history_first8_width015,[],22094.146278406493,0,,0.0,,False,0,505.2357710833333,"[1, 2, 4, 5, 7, 9, 10, 13, 17, 18, 19, 20]",30.0,4,71,1.0,20,1,18,3,17,12,ordinary,22,full_coverage_and_all_discovered_cleared,246,6062.829253,40.0,constant,,0.04491712502203882
6,1,True,0,6,2,3,0,clustered__adversarial-positive__71,clustered__adversarial-positive,10,23,13,12,282,,bounded_transverse_width,,base,0,0.044356000000000506,12,,0,0,,,False,0,ends,0,0,4,254,2,1,0,23,3,39,0,4,3,267,history_ends4_width015,[],22094.146278406493,0,,0.0,,False,0,505.2357710833333,"[1, 2, 4, 5, 7, 9, 10, 13, 17, 18, 19, 20]",30.0,4,71,1.0,20,1,18,3,17,12,ordinary,22,full_coverage_and_all_discovered_cleared,246,6062.829253,40.0,constant,,0.04439150000689551
6,1,True,0,6,2,3,0,clustered__adversarial-positive__71,clustered__adversarial-positive,10,23,13,12,282,,bounded_transverse_width,,base,0,0.04939900000000108,12,,0,0,,,False,0,ends,0,0,8,680,4,1,0,23,3,39,0,4,3,267,history_ends8_width015,[],22094.146278406493,0,,0.0,,False,0,505.2357710833333,"[1, 2, 4, 5, 7, 9, 10, 13, 17, 18, 19, 20]",30.0,4,71,1.0,20,1,18,3,17,12,ordinary,22,full_coverage_and_all_discovered_cleared,246,6062.829253,40.0,constant,,0.04945920896716416
6,1,True,0,6,2,3,0,clustered__adversarial-positive__71,clustered__adversarial-positive,10,23,13,12,282,,bounded_transverse_width,,base,0,0.05063400000000229,12,,0,0,,,False,0,ends,0,0,16,764,4,1,0,23,3,39,0,4,3,267,history_ends16_width015,[],22094.146278406493,0,,0.0,,False,0,505.2357710833333,"[1, 2, 4, 5, 7, 9, 10, 13, 17, 18, 19, 20]",30.0,4,71,1.0,20,1,18,3,17,12,ordinary,22,full_coverage_and_all_discovered_cleared,246,6062.829253,40.0,constant,,0.050717542006168514
8,0,True,0,8,3,4,0,clustered__adversarial-positive__71,clustered__adversarial-positive,9,6,13,12,277,,bounded_transverse_width,,arc,42,0.04982899999999546,12,cached_distance_prefix_sum,0,0,,,False,0,,,,,,,,0,6,2,0,0,2,2,262,fast_arc05_width015,[],20497.787064116037,0,,0.0,,False,0,476.1297841666667,"[1, 2, 4, 5, 7, 9, 10, 13, 17, 18, 19, 20]",30.0,4,71,0.5,23,6,10,2,20,12,ordinary,22,full_coverage_and_all_discovered_cleared,241,5713.55741,40.0,constant,,0.04985833296086639
6,0,True,0,6,3,4,0,clustered__adversarial-positive__71,clustered__adversarial-positive,9,7,13,12,277,,bounded_transverse_width,,arc,40,0.05583400000000438,12,cached_distance_prefix_sum,0,0,,,False,0,ends,0,0,8,659,1,1,0,7,2,0,0,2,2,262,history_arc8_width015,[],20079.012323920266,0,,0.0,,False,0,469.31687175,"[1, 2, 4, 5, 7, 9, 10, 13, 17, 18, 19, 20]",30.0,4,71,0.5,22,6,13,2,18,12,ordinary,22,full_coverage_and_all_discovered_cleared,243,5631.802461,40.0,constant,,0.05586700001731515
11,2,True,0,11,3,4,0,clustered__adversarial-positive__71,clustered__adversarial-positive,9,34,13,12,301,,bounded_transverse_width,,locked,43,0.03440700000000163,12,cached_distance_prefix_sum,0,0,,,True,0,,,,,,,,0,34,2,0,0,5,3,286,fast_locked_width015,[],22789.364938688967,0,,0.0,,False,0,525.8227486666666,"[1, 2, 4, 5, 7, 9, 10, 13, 17, 18, 19, 20]",30.0,4,71,1.0,16,1,14,2,21,12,ordinary,22,full_coverage_and_all_discovered_cleared,259,6309.872984,40.0,constant,,0.03440616698935628
11,2,True,0,11,3,4,0,clustered__adversarial-positive__71,clustered__adversarial-positive,9,34,13,12,301,,bounded_transverse_width,,locked,43,0.04597299999999649,12,cached_distance_prefix_sum,0,0,,,True,0,ends,0,0,8,942,1,1,0,34,2,0,0,5,3,286,history_locked8_width015,[],22798.23102205505,0,,0.0,,False,0,525.9705166666666,"[1, 2, 4, 5, 7, 9, 10, 13, 17, 18, 19, 20]",30.0,4,71,1.0,16,1,14,2,21,12,ordinary,22,full_coverage_and_all_discovered_cleared,259,6311.6462,40.0,constant,,0.04599366697948426
14,2,True,0,14,2,2,0,clustered__adversarial-negative__67,clustered__adversarial-negative,8,19,10,10,316,,bounded_transverse_width,,base,0,0.03096999999999639,10,,0,0,,,False,0,,,,,,,,0,19,3,44,0,4,3,304,range_width015,[],21158.809454715847,0,,0.0,,False,0,608.0761886,"[4, 5, 7, 8, 9, 10, 14, 15, 18, 19]",30.0,4,67,1.0,7,0,30,3,22,10,ordinary,22,full_coverage_and_all_discovered_cleared,279,6080.761886,40.0,constant,,0.03099720797035843
17,3,True,0,17,1,1,0,clustered__adversarial-negative__67,clustered__adversarial-negative,9,20,10,10,316,,bounded_transverse_width,,base,0,0.04000599999999821,10,,0,0,,,False,0,recent,0,0,8,403,2,2,0,20,3,46,0,4,3,304,history_recent8_width015,[],21858.136066956227,0,,0.0,,False,0,621.9627207999999,"[4, 5, 7, 8, 9, 10, 14, 15, 18, 19]",30.0,4,67,1.0,6,0,30,3,24,10,ordinary,22,full_coverage_and_all_discovered_cleared,278,6219.627208,40.0,constant,,0.040046292007900774
14,2,True,0,14,2,2,0,clustered__adversarial-negative__67,clustered__adversarial-negative,8,20,10,10,315,,bounded_transverse_width,,base,0,0.03647899999999993,10,,0,0,,,False,0,first,0,0,8,375,1,1,0,20,3,44,0,4,3,303,history_first8_width015,[],21158.809454715847,0,,0.0,,False,0,607.4761886,"[4, 5, 7, 8, 9, 10, 14, 15, 18, 19]",30.0,4,67,1.0,7,0,30,3,22,10,ordinary,22,full_coverage_and_all_discovered_cleared,278,6074.761886,40.0,constant,,0.03649112500716001
14,2,True,0,14,2,2,0,clustered__adversarial-negative__67,clustered__adversarial-negative,8,20,10,10,315,,bounded_transverse_width,,base,0,0.03519599999999912,10,,0,0,,,False,0,ends,0,0,4,197,3,2,0,20,3,44,0,4,3,303,history_ends4_width015,[],21158.809454715847,0,,0.0,,False,0,607.4761886,"[4, 5, 7, 8, 9, 10, 14, 15, 18, 19]",30.0,4,67,1.0,7,0,30,3,22,10,ordinary,22,full_coverage_and_all_discovered_cleared,278,6074.761886,40.0,constant,,0.03522266598884016
17,3,True,0,17,1,1,0,clustered__adversarial-negative__67,clustered__adversarial-negative,9,20,10,10,316,,bounded_transverse_width,,base,0,0.042670000000001096,10,,0,0,,,False,0,ends,0,0,8,749,3,2,0,20,3,46,0,4,3,304,history_ends8_width015,[],21858.136066956227,0,,0.0,,False,0,621.9627207999999,"[4, 5, 7, 8, 9, 10, 14, 15, 18, 19]",30.0,4,67,1.0,6,0,30,3,24,10,ordinary,22,full_coverage_and_all_discovered_cleared,278,6219.627208,40.0,constant,,0.04270741599611938
14,2,True,0,14,2,2,0,clustered__adversarial-negative__67,clustered__adversarial-negative,8,20,10,10,314,,bounded_transverse_width,,base,0,0.05133299999999963,10,,0,0,,,False,0,ends,0,0,16,1514,6,5,0,20,4,44,0,3,2,302,history_ends16_width015,[],21949.10209205841,0,,0.0,,False,0,622.7820414,"[4, 5, 7, 8, 9, 10, 14, 15, 18, 19]",30.0,4,67,1.0,6,0,30,4,22,10,ordinary,22,full_coverage_and_all_discovered_cleared,278,6227.820414,40.0,constant,,0.05139033304294571
9,2,True,0,9,4,5,0,clustered__adversarial-negative__67,clustered__adversarial-negative,6,26,11,10,307,,bounded_transverse_width,,arc,39,0.03343100000000021,10,cached_distance_prefix_sum,0,0,,,False,0,,,,,,,,0,26,2,0,0,3,2,294,fast_arc05_width015,[],22601.655928027518,0,,0.0,,False,0,631.3331183,"[4, 5, 7, 8, 9, 10, 14, 15, 18, 19]",30.0,4,67,0.5,11,1,15,2,17,10,ordinary,22,full_coverage_and_all_discovered_cleared,270,6313.331183,40.0,constant,,0.0334684579866007
10,1,True,0,10,3,4,0,clustered__adversarial-negative__67,clustered__adversarial-negative,7,14,11,10,301,,bounded_transverse_width,,arc,41,0.04181800000000635,10,cached_distance_prefix_sum,0,0,,,False,0,ends,0,0,8,655,6,3,0,14,2,0,0,2,2,288,history_arc8_width015,[],22306.20860333927,0,,0.0,,False,0,621.9241718999999,"[4, 5, 7, 8, 9, 10, 14, 15, 18, 19]",30.0,4,67,0.5,8,1,15,2,19,10,ordinary,22,full_coverage_and_all_discovered_cleared,265,6219.241719,40.0,constant,,0.04183304199250415
12,3,True,0,12,2,4,0,clustered__adversarial-negative__67,clustered__adversarial-negative,8,24,12,10,319,,bounded_transverse_width,,locked,41,0.02795900000000273,10,cached_distance_prefix_sum,0,0,,,True,0,,,,,,,,0,24,4,0,0,4,3,305,fast_locked_width015,[],21867.5328438286,0,,0.0,,False,0,623.4506564999999,"[4, 5, 7, 8, 9, 10, 14, 15, 18, 19]",30.0,4,67,1.0,12,5,5,4,19,10,ordinary,22,full_coverage_and_all_discovered_cleared,280,6234.506565,40.0,constant,,0.02796745899831876
12,3,True,0,12,2,4,0,clustered__adversarial-negative__67,clustered__adversarial-negative,8,24,12,10,319,,bounded_transverse_width,,locked,41,0.04231799999999453,10,cached_distance_prefix_sum,0,0,,,True,0,ends,0,0,8,1183,2,2,0,24,4,0,0,4,3,305,history_locked8_width015,[],21867.500781158014,0,,0.0,,False,0,623.4500151999999,"[4, 5, 7, 8, 9, 10, 14, 15, 18, 19]",30.0,4,67,1.0,12,5,5,4,19,10,ordinary,22,full_coverage_and_all_discovered_cleared,280,6234.500152,40.0,constant,,0.04241037502652034
10,1,True,0,10,0,2,0,clustered__adversarial-negative__68,clustered__adversarial-negative,15,32,17,15,242,,bounded_transverse_width,,base,0,0.045877999999994756,15,,0,0,,,False,0,,,,,,,,0,32,2,46,0,2,2,223,range_width015,[],21526.16746655369,0,,0.0,,False,0,380.08223273333334,"[2, 4, 5, 6, 8, 9, 11, 12, 13, 14, 15, 16, 17, 19, 20]",30.0,4,68,1.0,31,18,2,2,24,15,ordinary,22,full_coverage_and_all_discovered_cleared,200,5701.233491,40.0,constant,,0.04591254098340869
9,1,True,0,9,0,2,0,clustered__adversarial-negative__68,clustered__adversarial-negative,15,32,17,15,240,,bounded_transverse_width,,base,0,0.056819999999994764,15,,0,0,,,False,0,recent,0,0,8,841,1,1,0,32,2,45,0,2,2,221,history_recent8_width015,[],21282.02607249835,0,,0.0,,False,0,376.09368079999996,"[2, 4, 5, 6, 8, 9, 11, 12, 13, 14, 15, 16, 17, 19, 20]",30.0,4,68,1.0,30,14,2,2,23,15,ordinary,22,full_coverage_and_all_discovered_cleared,199,5641.405212,40.0,constant,,0.056836166011635214
9,1,True,0,9,0,2,0,clustered__adversarial-negative__68,clustered__adversarial-negative,15,32,17,15,240,,bounded_transverse_width,,base,0,0.05326300000000117,15,,0,0,,,False,0,first,0,0,8,841,1,1,0,32,2,45,0,2,2,221,history_first8_width015,[],21282.02607249835,0,,0.0,,False,0,376.09368079999996,"[2, 4, 5, 6, 8, 9, 11, 12, 13, 14, 15, 16, 17, 19, 20]",30.0,4,68,1.0,30,14,2,2,23,15,ordinary,22,full_coverage_and_all_discovered_cleared,199,5641.405212,40.0,constant,,0.053312917007133365
10,1,True,0,10,1,3,0,clustered__adversarial-negative__68,clustered__adversarial-negative,14,32,17,15,242,,bounded_transverse_width,,base,0,0.05261199999999633,15,,0,0,,,False,0,ends,0,0,4,474,2,1,0,32,2,46,0,2,2,223,history_ends4_width015,[],21837.717517498426,0,,0.0,,False,0,384.2362333333333,"[2, 4, 5, 6, 8, 9, 11, 12, 13, 14, 15, 16, 17, 19, 20]",30.0,4,68,1.0,31,18,2,2,24,15,ordinary,22,full_coverage_and_all_discovered_cleared,200,5763.5435,40.0,constant,,0.05265737499576062
9,1,True,0,9,0,2,0,clustered__adversarial-negative__68,clustered__adversarial-negative,15,32,17,15,240,,bounded_transverse_width,,base,0,0.05954799999999949,15,,0,0,,,False,0,ends,0,0,8,1382,1,1,0,32,2,45,0,2,2,221,history_ends8_width015,[],21282.02607249835,0,,0.0,,False,0,376.09368079999996,"[2, 4, 5, 6, 8, 9, 11, 12, 13, 14, 15, 16, 17, 19, 20]",30.0,4,68,1.0,30,14,2,2,23,15,ordinary,22,full_coverage_and_all_discovered_cleared,199,5641.405212,40.0,constant,,0.05964633304392919
9,1,True,0,9,0,2,0,clustered__adversarial-negative__68,clustered__adversarial-negative,15,32,17,15,240,,bounded_transverse_width,,base,0,0.06304100000000545,15,,0,0,,,False,0,ends,0,0,16,1780,2,1,0,32,2,45,0,2,2,221,history_ends16_width015,[],21282.02607249835,0,,0.0,,False,0,376.09368079999996,"[2, 4, 5, 6, 8, 9, 11, 12, 13, 14, 15, 16, 17, 19, 20]",30.0,4,68,1.0,30,14,2,2,23,15,ordinary,22,full_coverage_and_all_discovered_cleared,199,5641.405212,40.0,constant,,0.0630622089956887
12,0,True,0,12,3,4,0,clustered__adversarial-negative__68,clustered__adversarial-negative,12,35,16,15,286,,bounded_transverse_width,,arc,49,0.05204899999999668,15,cached_distance_prefix_sum,0,0,,,False,0,,,,,,,,0,35,4,0,0,2,2,268,fast_arc05_width015,[],21372.605643777668,0,,0.0,,False,0,395.8347416,"[2, 4, 5, 6, 8, 9, 11, 12, 13, 14, 15, 16, 17, 19, 20]",30.0,4,68,0.5,28,7,2,4,27,15,ordinary,22,full_coverage_and_all_discovered_cleared,245,5937.521124,40.0,constant,,0.05206583300605416
12,0,True,0,12,3,4,0,clustered__adversarial-negative__68,clustered__adversarial-negative,12,35,16,15,286,,bounded_transverse_width,,arc,49,0.06898699999999991,15,cached_distance_prefix_sum,0,0,,,False,0,ends,0,0,8,1677,0,0,0,35,4,0,0,2,2,268,history_arc8_width015,[],21372.605643777668,0,,0.0,,False,0,395.8347416,"[2, 4, 5, 6, 8, 9, 11, 12, 13, 14, 15, 16, 17, 19, 20]",30.0,4,68,0.5,28,7,2,4,27,15,ordinary,22,full_coverage_and_all_discovered_cleared,245,5937.521124,40.0,constant,,0.06908200000179932
17,4,True,0,17,1,2,0,clustered__adversarial-negative__68,clustered__adversarial-negative,14,58,16,15,272,,bounded_transverse_width,,locked,50,0.0420649999999938,15,cached_distance_prefix_sum,0,0,,,True,0,,,,,,,,0,58,2,0,0,3,2,254,fast_locked_width015,[],21662.968699515048,0,,0.0,,False,0,393.9729157333333,"[2, 4, 5, 6, 8, 9, 11, 12, 13, 14, 15, 16, 17, 19, 20]",30.0,4,68,1.0,30,11,13,2,28,15,ordinary,22,full_coverage_and_all_discovered_cleared,229,5909.593736,40.0,constant,,0.04207533301087096
17,4,True,0,17,1,2,0,clustered__adversarial-negative__68,clustered__adversarial-negative,14,58,16,15,272,,bounded_transverse_width,,locked,50,0.061256999999997674,15,cached_distance_prefix_sum,0,0,,,True,0,ends,0,0,8,1970,1,1,0,58,2,0,0,3,2,254,history_locked8_width015,[],21662.968699515048,0,,0.0,,False,0,393.9729157333333,"[2, 4, 5, 6, 8, 9, 11, 12, 13, 14, 15, 16, 17, 19, 20]",30.0,4,68,1.0,30,11,13,2,28,15,ordinary,22,full_coverage_and_all_discovered_cleared,229,5909.593736,40.0,constant,,0.0613259999663569
3,1,True,0,3,5,7,0,clustered__adversarial-negative__69,clustered__adversarial-negative,10,19,17,15,269,,bounded_transverse_width,,base,0,0.046344000000004826,15,,0,0,,,False,0,,,,,,,,0,19,0,39,0,2,1,250,range_width015,[],20532.651741645004,0,,0.0,,False,0,377.7020228,"[2, 3, 4, 5, 6, 7, 8, 9, 10, 11, 12, 13, 14, 16, 18]",30.0,4,69,1.0,18,4,13,0,17,15,ordinary,22,full_coverage_and_all_discovered_cleared,228,5665.530342,40.0,constant,,0.046361208020243794
6,1,True,0,6,6,8,0,clustered__adversarial-negative__69,clustered__adversarial-negative,9,0,17,15,268,,bounded_transverse_width,,base,0,0.05565599999999904,15,,0,0,,,False,0,recent,0,0,8,771,3,1,0,0,1,42,0,2,2,249,history_recent8_width015,[],20809.64390809011,0,,0.0,,False,0,380.928585,"[2, 3, 4, 5, 6, 7, 8, 9, 10, 11, 12, 13, 14, 16, 18]",30.0,4,69,1.0,21,5,0,1,20,15,ordinary,22,full_coverage_and_all_discovered_cleared,226,5713.928775,40.0,constant,,0.05570629198336974
6,1,True,0,6,6,8,0,clustered__adversarial-negative__69,clustered__adversarial-negative,9,0,17,15,268,,bounded_transverse_width,,base,0,0.054227999999994836,15,,0,0,,,False,0,first,0,0,8,771,4,2,0,0,1,42,0,2,2,249,history_first8_width015,[],20809.64390809011,0,,0.0,,False,0,380.928585,"[2, 3, 4, 5, 6, 7, 8, 9, 10, 11, 12, 13, 14, 16, 18]",30.0,4,69,1.0,21,5,0,1,20,15,ordinary,22,full_coverage_and_all_discovered_cleared,226,5713.928775,40.0,constant,,0.054312875028699636
6,1,True,0,6,6,8,0,clustered__adversarial-negative__69,clustered__adversarial-negative,9,0,17,15,268,,bounded_transverse_width,,base,0,0.05316900000000402,15,,0,0,,,False,0,ends,0,0,4,677,3,2,0,0,1,42,0,2,2,249,history_ends4_width015,[],20809.64390809011,0,,0.0,,False,0,380.928585,"[2, 3, 4, 5, 6, 7, 8, 9, 10, 11, 12, 13, 14, 16, 18]",30.0,4,69,1.0,21,5,0,1,20,15,ordinary,22,full_coverage_and_all_discovered_cleared,226,5713.928775,40.0,constant,,0.05319079098990187
6,1,True,0,6,6,8,0,clustered__adversarial-negative__69,clustered__adversarial-negative,9,0,17,15,268,,bounded_transverse_width,,base,0,0.058545999999999765,15,,0,0,,,False,0,ends,0,0,8,1251,4,2,0,0,1,42,0,2,2,249,history_ends8_width015,[],20809.64390809011,0,,0.0,,False,0,380.928585,"[2, 3, 4, 5, 6, 7, 8, 9, 10, 11, 12, 13, 14, 16, 18]",30.0,4,69,1.0,21,5,0,1,20,15,ordinary,22,full_coverage_and_all_discovered_cleared,226,5713.928775,40.0,constant,,0.05856974999187514
6,1,True,0,6,6,8,0,clustered__adversarial-negative__69,clustered__adversarial-negative,9,0,17,15,268,,bounded_transverse_width,,base,0,0.059848000000002344,15,,0,0,,,False,0,ends,0,0,16,1342,4,2,0,0,1,42,0,2,2,249,history_ends16_width015,[],20809.64390809011,0,,0.0,,False,0,380.928585,"[2, 3, 4, 5, 6, 7, 8, 9, 10, 11, 12, 13, 14, 16, 18]",30.0,4,69,1.0,21,5,0,1,20,15,ordinary,22,full_coverage_and_all_discovered_cleared,226,5713.928775,40.0,constant,,0.05991104198619723
6,0,True,0,6,2,3,0,clustered__adversarial-negative__69,clustered__adversarial-negative,13,24,16,15,244,,bounded_transverse_width,,arc,43,0.06345100000000059,15,cached_distance_prefix_sum,0,0,,,False,0,,,,,,,,0,24,3,0,0,2,2,226,fast_arc05_width015,[],19744.342886755523,0,,0.0,,False,0,357.45790473333335,"[2, 3, 4, 5, 6, 7, 8, 9, 10, 11, 12, 13, 14, 16, 18]",30.0,4,69,0.5,34,0,52,3,21,15,ordinary,22,full_coverage_and_all_discovered_cleared,205,5361.868571,40.0,constant,,0.06347362499218434
5,0,True,0,5,2,3,0,clustered__adversarial-negative__69,clustered__adversarial-negative,13,24,16,15,241,,bounded_transverse_width,,arc,42,0.06884500000000315,15,cached_distance_prefix_sum,0,0,,,False,0,ends,0,0,8,506,2,1,0,24,2,0,0,2,2,223,history_arc8_width015,[],19643.519632159456,0,,0.0,,False,0,354.91359466666665,"[2, 3, 4, 5, 6, 7, 8, 9, 10, 11, 12, 13, 14, 16, 18]",30.0,4,69,0.5,32,0,52,2,20,15,ordinary,22,full_coverage_and_all_discovered_cleared,202,5323.70392,40.0,constant,,0.0689255420002155
13,1,True,0,13,6,12,0,clustered__adversarial-negative__69,clustered__adversarial-negative,9,3,21,15,242,,bounded_transverse_width,,locked,49,0.052627999999998565,15,cached_distance_prefix_sum,0,0,,,True,0,,,,,,,,0,3,5,0,0,2,2,219,fast_locked_width015,[],23077.2732655515,0,,0.0,,False,0,399.69697666666667,"[2, 3, 4, 5, 6, 7, 8, 9, 10, 11, 12, 13, 14, 16, 18]",30.0,4,69,1.0,39,3,7,5,27,15,ordinary,22,full_coverage_and_all_discovered_cleared,192,5995.45465,40.0,constant,,0.052717290993314236
13,1,True,0,13,6,12,0,clustered__adversarial-negative__69,clustered__adversarial-negative,9,3,21,15,242,,bounded_transverse_width,,locked,49,0.06124200000000002,15,cached_distance_prefix_sum,0,0,,,True,0,ends,0,0,8,780,0,0,0,3,5,0,0,2,2,219,history_locked8_width015,[],23077.2732655515,0,,0.0,,False,0,399.69697666666667,"[2, 3, 4, 5, 6, 7, 8, 9, 10, 11, 12, 13, 14, 16, 18]",30.0,4,69,1.0,39,3,7,5,27,15,ordinary,22,full_coverage_and_all_discovered_cleared,192,5995.45465,40.0,constant,,0.06129395903553814
13,3,True,0,13,5,6,0,clustered__adversarial-negative__70,clustered__adversarial-negative,5,8,11,10,322,,bounded_transverse_width,,base,0,0.036087999999999454,10,,0,0,,,False,0,,,,,,,,0,8,2,42,0,4,3,309,range_width015,[],21203.77256149459,0,,0.0,,False,0,612.0754508,"[2, 3, 5, 10, 11, 13, 15, 16, 19, 20]",30.0,4,70,1.0,16,1,1,2,20,10,ordinary,22,full_coverage_and_all_discovered_cleared,282,6120.754508,40.0,constant,,0.03617104102158919
13,3,True,0,13,5,6,0,clustered__adversarial-negative__70,clustered__adversarial-negative,5,8,11,10,322,,bounded_transverse_width,,base,0,0.0508349999999993,10,,0,0,,,False,0,recent,0,0,8,530,1,1,0,8,2,42,0,4,3,309,history_recent8_width015,[],21274.38412779307,0,,0.0,,False,0,613.4876821,"[2, 3, 5, 10, 11, 13, 15, 16, 19, 20]",30.0,4,70,1.0,16,1,1,2,20,10,ordinary,22,full_coverage_and_all_discovered_cleared,282,6134.876821,40.0,constant,,0.05102962499950081
13,3,True,0,13,5,6,0,clustered__adversarial-negative__70,clustered__adversarial-negative,5,8,11,10,322,,bounded_transverse_width,,base,0,0.042616999999999905,10,,0,0,,,False,0,first,0,0,8,530,1,1,0,8,2,42,0,4,3,309,history_first8_width015,[],21274.38412779307,0,,0.0,,False,0,613.4876821,"[2, 3, 5, 10, 11, 13, 15, 16, 19, 20]",30.0,4,70,1.0,16,1,1,2,20,10,ordinary,22,full_coverage_and_all_discovered_cleared,282,6134.876821,40.0,constant,,0.04266779200406745
13,3,True,0,13,5,6,0,clustered__adversarial-negative__70,clustered__adversarial-negative,5,8,11,10,322,,bounded_transverse_width,,base,0,0.040464000000000055,10,,0,0,,,False,0,ends,0,0,4,246,0,0,0,8,2,42,0,4,3,309,history_ends4_width015,[],21203.77256149459,0,,0.0,,False,0,612.0754508,"[2, 3, 5, 10, 11, 13, 15, 16, 19, 20]",30.0,4,70,1.0,16,1,1,2,20,10,ordinary,22,full_coverage_and_all_discovered_cleared,282,6120.754508,40.0,constant,,0.04051000002073124
13,3,True,0,13,5,6,0,clustered__adversarial-negative__70,clustered__adversarial-negative,5,8,11,10,322,,bounded_transverse_width,,base,0,0.047344000000002495,10,,0,0,,,False,0,ends,0,0,8,841,1,1,0,8,2,42,0,4,3,309,history_ends8_width015,[],21274.38412779307,0,,0.0,,False,0,613.4876821,"[2, 3, 5, 10, 11, 13, 15, 16, 19, 20]",30.0,4,70,1.0,16,1,1,2,20,10,ordinary,22,full_coverage_and_all_discovered_cleared,282,6134.876821,40.0,constant,,0.047400415991432965
13,3,True,0,13,5,6,0,clustered__adversarial-negative__70,clustered__adversarial-negative,5,8,11,10,322,,bounded_transverse_width,,base,0,0.05717299999999881,10,,0,0,,,False,0,ends,0,0,16,1956,2,2,0,8,2,42,0,4,3,309,history_ends16_width015,[],21274.38412779307,0,,0.0,,False,0,613.4876821,"[2, 3, 5, 10, 11, 13, 15, 16, 19, 20]",30.0,4,70,1.0,16,1,1,2,20,10,ordinary,22,full_coverage_and_all_discovered_cleared,282,6134.876821,40.0,constant,,0.057201707968488336
11,0,True,0,11,2,2,0,clustered__adversarial-negative__70,clustered__adversarial-negative,8,1,10,10,313,,bounded_transverse_width,,arc,43,0.038398999999998296,10,cached_distance_prefix_sum,0,0,,,False,0,,,,,,,,0,1,4,0,0,2,2,301,fast_arc05_width015,[],22045.49995259052,0,,0.0,,False,0,624.0099986,"[2, 3, 5, 10, 11, 13, 15, 16, 19, 20]",30.0,4,70,0.5,11,0,7,4,21,10,ordinary,22,full_coverage_and_all_discovered_cleared,276,6240.099986,40.0,constant,,0.038500582973938435
12,0,True,0,12,2,2,0,clustered__adversarial-negative__70,clustered__adversarial-negative,8,1,10,10,314,,bounded_transverse_width,,arc,44,0.047764000000000806,10,cached_distance_prefix_sum,0,0,,,False,0,ends,0,0,8,553,4,2,0,1,4,0,0,3,3,302,history_arc8_width015,[],22067.624134378613,0,,0.0,,False,0,624.9524824,"[2, 3, 5, 10, 11, 13, 15, 16, 19, 20]",30.0,4,70,0.5,11,0,7,4,22,10,ordinary,22,full_coverage_and_all_discovered_cleared,276,6249.524824,40.0,constant,,0.047805708018131554
11,2,True,0,11,0,2,0,clustered__adversarial-negative__70,clustered__adversarial-negative,10,22,12,10,324,,bounded_transverse_width,,locked,41,0.03685800000000228,10,cached_distance_prefix_sum,0,0,,,True,0,,,,,,,,0,22,2,0,0,4,2,310,fast_locked_width015,[],20525.282242445224,0,,0.0,,False,0,599.7056445999999,"[2, 3, 5, 10, 11, 13, 15, 16, 19, 20]",30.0,4,70,1.0,14,23,2,2,19,10,ordinary,22,full_coverage_and_all_discovered_cleared,286,5997.056446,40.0,constant,,0.036880375002510846
10,1,True,0,10,0,2,0,clustered__adversarial-negative__70,clustered__adversarial-negative,10,22,12,10,323,,bounded_transverse_width,,locked,41,0.048836000000001434,10,cached_distance_prefix_sum,0,0,,,True,0,ends,0,0,8,863,2,2,0,22,2,0,0,3,2,309,history_locked8_width015,[],20453.968847861186,0,,0.0,,False,0,597.7793765,"[2, 3, 5, 10, 11, 13, 15, 16, 19, 20]",30.0,4,70,1.0,14,19,2,2,19,10,ordinary,22,full_coverage_and_all_discovered_cleared,286,5977.793765,40.0,constant,,0.04891679098363966
9,3,True,0,9,4,4,0,clustered__adversarial-negative__71,clustered__adversarial-negative,8,7,12,12,285,,bounded_transverse_width,,base,0,0.0348770000000016,12,,0,0,,,False,0,,,,,,,,0,7,2,40,0,4,3,271,range_width015,[],22654.91192909873,0,,0.0,,False,0,515.9151984166666,"[1, 2, 4, 5, 7, 9, 10, 13, 17, 18, 19, 20]",30.0,4,71,1.0,17,0,1,2,18,12,ordinary,22,full_coverage_and_all_discovered_cleared,245,6190.982381,40.0,constant,,0.03489500004798174
9,3,True,0,9,4,4,0,clustered__adversarial-negative__71,clustered__adversarial-negative,8,7,12,12,285,,bounded_transverse_width,,base,0,0.04416100000000256,12,,0,0,,,False,0,recent,0,0,8,619,0,0,0,7,2,40,0,4,3,271,history_recent8_width015,[],22654.91192909873,0,,0.0,,False,0,515.9151984166666,"[1, 2, 4, 5, 7, 9, 10, 13, 17, 18, 19, 20]",30.0,4,71,1.0,17,0,1,2,18,12,ordinary,22,full_coverage_and_all_discovered_cleared,245,6190.982381,40.0,constant,,0.044184459024108946
9,3,True,0,9,4,4,0,clustered__adversarial-negative__71,clustered__adversarial-negative,8,7,12,12,285,,bounded_transverse_width,,base,0,0.04167400000000043,12,,0,0,,,False,0,first,0,0,8,619,0,0,0,7,2,40,0,4,3,271,history_first8_width015,[],22654.91192909873,0,,0.0,,False,0,515.9151984166666,"[1, 2, 4, 5, 7, 9, 10, 13, 17, 18, 19, 20]",30.0,4,71,1.0,17,0,1,2,18,12,ordinary,22,full_coverage_and_all_discovered_cleared,245,6190.982381,40.0,constant,,0.04168104095151648
9,3,True,0,9,4,4,0,clustered__adversarial-negative__71,clustered__adversarial-negative,8,7,12,12,285,,bounded_transverse_width,,base,0,0.04019800000000373,12,,0,0,,,False,0,ends,0,0,4,365,0,0,0,7,2,40,0,4,3,271,history_ends4_width015,[],22654.91192909873,0,,0.0,,False,0,515.9151984166666,"[1, 2, 4, 5, 7, 9, 10, 13, 17, 18, 19, 20]",30.0,4,71,1.0,17,0,1,2,18,12,ordinary,22,full_coverage_and_all_discovered_cleared,245,6190.982381,40.0,constant,,0.0402487909886986
9,3,True,0,9,4,4,0,clustered__adversarial-negative__71,clustered__adversarial-negative,8,7,12,12,285,,bounded_transverse_width,,base,0,0.047154000000006135,12,,0,0,,,False,0,ends,0,0,8,1112,0,0,0,7,2,40,0,4,3,271,history_ends8_width015,[],22654.91192909873,0,,0.0,,False,0,515.9151984166666,"[1, 2, 4, 5, 7, 9, 10, 13, 17, 18, 19, 20]",30.0,4,71,1.0,17,0,1,2,18,12,ordinary,22,full_coverage_and_all_discovered_cleared,245,6190.982381,40.0,constant,,0.04717362497467548
9,3,True,0,9,4,4,0,clustered__adversarial-negative__71,clustered__adversarial-negative,8,7,12,12,285,,bounded_transverse_width,,base,0,0.04862899999999826,12,,0,0,,,False,0,ends,0,0,16,1270,0,0,0,7,2,40,0,4,3,271,history_ends16_width015,[],22654.91192909873,0,,0.0,,False,0,515.9151984166666,"[1, 2, 4, 5, 7, 9, 10, 13, 17, 18, 19, 20]",30.0,4,71,1.0,17,0,1,2,18,12,ordinary,22,full_coverage_and_all_discovered_cleared,245,6190.982381,40.0,constant,,0.04865833302028477
9,2,True,0,9,3,5,0,clustered__adversarial-negative__71,clustered__adversarial-negative,9,95,14,12,302,,bounded_transverse_width,,arc,41,0.04496999999999929,12,cached_distance_prefix_sum,0,0,,,False,0,,,,,,,,0,95,2,0,0,3,2,286,fast_arc05_width015,[],21125.134040362813,0,,0.0,,False,0,498.75223366666665,"[1, 2, 4, 5, 7, 9, 10, 13, 17, 18, 19, 20]",30.0,4,71,0.5,16,4,25,2,19,12,ordinary,22,full_coverage_and_all_discovered_cleared,264,5985.026804,40.0,constant,,0.04501166701084003
9,2,True,0,9,3,5,0,clustered__adversarial-negative__71,clustered__adversarial-negative,9,95,14,12,302,,bounded_transverse_width,,arc,41,0.06165099999999768,12,cached_distance_prefix_sum,0,0,,,False,0,ends,0,0,8,1616,0,0,0,95,2,0,0,3,2,286,history_arc8_width015,[],21125.134040362813,0,,0.0,,False,0,498.75223366666665,"[1, 2, 4, 5, 7, 9, 10, 13, 17, 18, 19, 20]",30.0,4,71,0.5,16,4,25,2,19,12,ordinary,22,full_coverage_and_all_discovered_cleared,264,5985.026804,40.0,constant,,0.06168325000908226
10,2,True,0,10,4,4,0,clustered__adversarial-negative__71,clustered__adversarial-negative,8,34,12,12,300,,bounded_transverse_width,,locked,42,0.03469199999999972,12,cached_distance_prefix_sum,0,0,,,True,0,,,,,,,,0,34,2,0,0,4,3,286,fast_locked_width015,[],22596.883752076537,0,,0.0,,False,0,522.44806225,"[1, 2, 4, 5, 7, 9, 10, 13, 17, 18, 19, 20]",30.0,4,71,1.0,16,1,13,2,20,12,ordinary,22,full_coverage_and_all_discovered_cleared,260,6269.376747,40.0,constant,,0.0347082499647513
10,2,True,0,10,4,4,0,clustered__adversarial-negative__71,clustered__adversarial-negative,8,34,12,12,300,,bounded_transverse_width,,locked,42,0.046345999999999776,12,cached_distance_prefix_sum,0,0,,,True,0,ends,0,0,8,994,0,0,0,34,2,0,0,4,3,286,history_locked8_width015,[],22596.883752076537,0,,0.0,,False,0,522.44806225,"[1, 2, 4, 5, 7, 9, 10, 13, 17, 18, 19, 20]",30.0,4,71,1.0,16,1,13,2,20,12,ordinary,22,full_coverage_and_all_discovered_cleared,260,6269.376747,40.0,constant,,0.04638000001432374
13,2,True,0,13,1,2,0,clustered__adversarial-spatial__67,clustered__adversarial-spatial,9,14,11,10,320,,bounded_transverse_width,,base,0,0.028580000000005157,10,,0,0,,,False,0,,,,,,,,0,14,3,43,0,5,3,307,range_width015,[],22279.722782531688,0,,0.0,,False,0,632.5944554,"[4, 5, 7, 8, 9, 10, 14, 15, 18, 19]",30.0,4,67,1.0,17,2,15,3,21,10,ordinary,22,full_coverage_and_all_discovered_cleared,282,6325.944554,40.0,constant,,0.028599207988008857
13,2,True,0,13,1,2,0,clustered__adversarial-spatial__67,clustered__adversarial-spatial,9,14,11,10,320,,bounded_transverse_width,,base,0,0.039550999999995895,10,,0,0,,,False,0,recent,0,0,8,808,0,0,0,14,3,43,0,5,3,307,history_recent8_width015,[],22279.722782531688,0,,0.0,,False,0,632.5944554,"[4, 5, 7, 8, 9, 10, 14, 15, 18, 19]",30.0,4,67,1.0,17,2,15,3,21,10,ordinary,22,full_coverage_and_all_discovered_cleared,282,6325.944554,40.0,constant,,0.039598791976459324
13,2,True,0,13,1,2,0,clustered__adversarial-spatial__67,clustered__adversarial-spatial,9,14,11,10,320,,bounded_transverse_width,,base,0,0.037195000000004086,10,,0,0,,,False,0,first,0,0,8,808,0,0,0,14,3,43,0,5,3,307,history_first8_width015,[],22279.722782531688,0,,0.0,,False,0,632.5944554,"[4, 5, 7, 8, 9, 10, 14, 15, 18, 19]",30.0,4,67,1.0,17,2,15,3,21,10,ordinary,22,full_coverage_and_all_discovered_cleared,282,6325.944554,40.0,constant,,0.03720824996707961
13,2,True,0,13,1,2,0,clustered__adversarial-spatial__67,clustered__adversarial-spatial,9,14,11,10,320,,bounded_transverse_width,,base,0,0.033876999999996826,10,,0,0,,,False,0,ends,0,0,4,268,0,0,0,14,3,43,0,5,3,307,history_ends4_width015,[],22279.722782531688,0,,0.0,,False,0,632.5944554,"[4, 5, 7, 8, 9, 10, 14, 15, 18, 19]",30.0,4,67,1.0,17,2,15,3,21,10,ordinary,22,full_coverage_and_all_discovered_cleared,282,6325.944554,40.0,constant,,0.033937167027033865
13,2,True,0,13,1,2,0,clustered__adversarial-spatial__67,clustered__adversarial-spatial,9,14,11,10,320,,bounded_transverse_width,,base,0,0.04061899999999952,10,,0,0,,,False,0,ends,0,0,8,1022,0,0,0,14,3,43,0,5,3,307,history_ends8_width015,[],22279.722782531688,0,,0.0,,False,0,632.5944554,"[4, 5, 7, 8, 9, 10, 14, 15, 18, 19]",30.0,4,67,1.0,17,2,15,3,21,10,ordinary,22,full_coverage_and_all_discovered_cleared,282,6325.944554,40.0,constant,,0.04063633398618549
11,0,True,0,11,0,2,0,clustered__adversarial-spatial__67,clustered__adversarial-spatial,10,14,12,10,319,,bounded_transverse_width,,base,0,0.056908999999997434,10,,0,0,,,False,0,ends,0,0,16,2888,4,3,0,14,3,43,0,3,3,305,history_ends16_width015,[],22206.86782990451,0,,0.0,,False,0,630.3373564999999,"[4, 5, 7, 8, 9, 10, 14, 15, 18, 19]",30.0,4,67,1.0,17,3,15,3,21,10,ordinary,22,full_coverage_and_all_discovered_cleared,281,6303.373565,40.0,constant,,0.05693412502296269
12,1,True,0,12,2,4,0,clustered__adversarial-spatial__67,clustered__adversarial-spatial,8,6,12,10,301,,bounded_transverse_width,,arc,43,0.035968000000004,10,cached_distance_prefix_sum,0,0,,,False,0,,,,,,,,0,6,4,0,0,4,3,287,fast_arc05_width015,[],20966.99788660571,0,,0.0,,False,0,594.8399575999999,"[4, 5, 7, 8, 9, 10, 14, 15, 18, 19]",30.0,4,67,0.5,12,5,7,4,21,10,ordinary,22,full_coverage_and_all_discovered_cleared,264,5948.399576,40.0,constant,,0.03597666701534763
12,1,True,0,12,2,4,0,clustered__adversarial-spatial__67,clustered__adversarial-spatial,8,6,12,10,301,,bounded_transverse_width,,arc,43,0.04364400000000046,10,cached_distance_prefix_sum,0,0,,,False,0,ends,0,0,8,564,0,0,0,6,4,0,0,4,3,287,history_arc8_width015,[],20966.99788660571,0,,0.0,,False,0,594.8399575999999,"[4, 5, 7, 8, 9, 10, 14, 15, 18, 19]",30.0,4,67,0.5,12,5,7,4,21,10,ordinary,22,full_coverage_and_all_discovered_cleared,264,5948.399576,40.0,constant,,0.043703166011255234
9,1,True,0,9,2,2,0,clustered__adversarial-spatial__67,clustered__adversarial-spatial,8,12,10,10,311,,bounded_transverse_width,,locked,40,0.027527999999996666,10,cached_distance_prefix_sum,0,0,,,True,0,,,,,,,,0,12,4,0,0,2,2,299,fast_locked_width015,[],22373.201033780948,0,,0.0,,False,0,629.5640204,"[4, 5, 7, 8, 9, 10, 14, 15, 18, 19]",30.0,4,67,1.0,14,1,21,4,18,10,ordinary,22,full_coverage_and_all_discovered_cleared,276,6295.640204,40.0,constant,,0.027557541034184396
9,1,True,0,9,2,2,0,clustered__adversarial-spatial__67,clustered__adversarial-spatial,8,12,10,10,311,,bounded_transverse_width,,locked,40,0.03804099999999977,10,cached_distance_prefix_sum,0,0,,,True,0,ends,0,0,8,798,1,1,0,12,4,0,0,2,2,299,history_locked8_width015,[],22373.164599718286,0,,0.0,,False,0,629.5632917,"[4, 5, 7, 8, 9, 10, 14, 15, 18, 19]",30.0,4,67,1.0,14,1,21,4,18,10,ordinary,22,full_coverage_and_all_discovered_cleared,276,6295.632917,40.0,constant,,0.038054583012126386
9,0,True,0,9,1,4,0,clustered__adversarial-spatial__68,clustered__adversarial-spatial,14,8,18,15,244,,bounded_transverse_width,,base,0,0.044215000000001226,15,,0,0,,,False,0,,,,,,,,0,8,4,46,0,2,2,224,range_width015,[],24379.930295853046,0,,0.0,,False,0,418.3324038,"[2, 4, 5, 6, 8, 9, 11, 12, 13, 14, 15, 16, 17, 19, 20]",30.0,4,68,1.0,24,7,22,4,24,15,ordinary,22,full_coverage_and_all_discovered_cleared,195,6274.986057,40.0,constant,,0.044281833979766816
11,0,True,0,11,1,4,0,clustered__adversarial-spatial__68,clustered__adversarial-spatial,14,8,18,15,245,,bounded_transverse_width,,base,0,0.05865200000000215,15,,0,0,,,False,0,recent,0,0,8,1105,8,5,0,8,3,48,0,3,3,225,history_recent8_width015,[],24013.512312870203,0,,0.0,,False,0,413.7801639333333,"[2, 4, 5, 6, 8, 9, 11, 12, 13, 14, 15, 16, 17, 19, 20]",30.0,4,68,1.0,24,7,22,3,26,15,ordinary,22,full_coverage_and_all_discovered_cleared,195,6206.702459,40.0,constant,,0.05875141697470099
11,0,True,0,11,1,4,0,clustered__adversarial-spatial__68,clustered__adversarial-spatial,14,8,18,15,245,,bounded_transverse_width,,base,0,0.05525000000000091,15,,0,0,,,False,0,first,0,0,8,1105,6,4,0,8,3,48,0,3,3,225,history_first8_width015,[],24000.46816056648,0,,0.0,,False,0,413.6062419333333,"[2, 4, 5, 6, 8, 9, 11, 12, 13, 14, 15, 16, 17, 19, 20]",30.0,4,68,1.0,24,7,22,3,26,15,ordinary,22,full_coverage_and_all_discovered_cleared,195,6204.093629,40.0,constant,,0.05529733299044892
13,1,True,0,13,0,4,0,clustered__adversarial-spatial__68,clustered__adversarial-spatial,15,8,19,15,248,,bounded_transverse_width,,base,0,0.05305800000000005,15,,0,0,,,False,0,ends,0,0,4,451,7,5,0,8,3,49,0,4,3,227,history_ends4_width015,[],24173.316447526726,0,,0.0,,False,0,416.9108856666666,"[2, 4, 5, 6, 8, 9, 11, 12, 13, 14, 15, 16, 17, 19, 20]",30.0,4,68,1.0,24,10,22,3,27,15,ordinary,22,full_coverage_and_all_discovered_cleared,197,6253.663285,40.0,constant,,0.05311458301730454
11,0,True,0,11,1,4,0,clustered__adversarial-spatial__68,clustered__adversarial-spatial,14,8,18,15,245,,bounded_transverse_width,,base,0,0.059753999999998086,15,,0,0,,,False,0,ends,0,0,8,1373,8,5,0,8,3,48,0,3,3,225,history_ends8_width015,[],24013.512312870203,0,,0.0,,False,0,413.7801639333333,"[2, 4, 5, 6, 8, 9, 11, 12, 13, 14, 15, 16, 17, 19, 20]",30.0,4,68,1.0,24,7,22,3,26,15,ordinary,22,full_coverage_and_all_discovered_cleared,195,6206.702459,40.0,constant,,0.05985762504860759
10,0,True,0,10,1,4,0,clustered__adversarial-spatial__68,clustered__adversarial-spatial,14,8,18,15,244,,bounded_transverse_width,,base,0,0.07246199999999448,15,,0,0,,,False,0,ends,0,0,16,3117,8,6,0,8,3,47,0,2,2,224,history_ends16_width015,[],24025.34872661493,0,,0.0,,False,0,413.6046494666667,"[2, 4, 5, 6, 8, 9, 11, 12, 13, 14, 15, 16, 17, 19, 20]",30.0,4,68,1.0,24,7,22,3,25,15,ordinary,22,full_coverage_and_all_discovered_cleared,195,6204.069742,40.0,constant,,0.07255095796426758
13,1,True,0,13,2,2,0,clustered__adversarial-spatial__68,clustered__adversarial-spatial,13,40,15,15,228,,bounded_transverse_width,,arc,49,0.05873399999999407,15,cached_distance_prefix_sum,0,0,,,False,0,,,,,,,,0,40,7,0,0,3,2,211,fast_arc05_width015,[],20444.288142654346,0,,0.0,,False,0,360.5905084666667,"[2, 4, 5, 6, 8, 9, 11, 12, 13, 14, 15, 16, 17, 19, 20]",30.0,4,68,0.5,23,4,13,8,27,15,ordinary,22,full_coverage_and_all_discovered_cleared,190,5408.857627,40.0,constant,,0.05878691596444696
13,1,True,0,13,2,2,0,clustered__adversarial-spatial__68,clustered__adversarial-spatial,13,40,15,15,228,,bounded_transverse_width,,arc,49,0.06520199999999932,15,cached_distance_prefix_sum,0,0,,,False,0,ends,0,0,8,559,0,0,0,40,7,0,0,3,2,211,history_arc8_width015,[],20444.288142654346,0,,0.0,,False,0,360.5905084666667,"[2, 4, 5, 6, 8, 9, 11, 12, 13, 14, 15, 16, 17, 19, 20]",30.0,4,68,0.5,23,4,13,8,27,15,ordinary,22,full_coverage_and_all_discovered_cleared,190,5408.857627,40.0,constant,,0.06522308301646262
17,3,True,0,17,0,3,1,clustered__adversarial-spatial__68,clustered__adversarial-spatial,15,26,18,15,271,,bounded_transverse_width,,locked,52,0.03775100000000009,15,cached_distance_prefix_sum,0,0,,,True,0,,,,,,,,0,26,2,0,0,4,3,251,fast_locked_width015,[],22773.557947598543,0,,0.0,,False,0,407.8474391333333,"[2, 4, 5, 6, 8, 9, 11, 12, 13, 14, 15, 16, 17, 19, 20]",30.0,4,68,1.0,29,16,42,2,30,15,ordinary,22,full_coverage_and_all_discovered_cleared,224,6117.711587,40.0,constant,,0.03782145801233128
17,3,True,0,17,0,4,1,clustered__adversarial-spatial__68,clustered__adversarial-spatial,15,26,19,15,272,,bounded_transverse_width,,locked,52,0.05761100000000141,15,cached_distance_prefix_sum,0,0,,,True,0,ends,0,0,8,1877,5,4,0,26,2,0,0,4,3,251,history_locked8_width015,[],22794.238449420074,0,,0.0,,False,0,408.32317919999997,"[2, 4, 5, 6, 8, 9, 11, 12, 13, 14, 15, 16, 17, 19, 20]",30.0,4,68,1.0,29,16,42,2,30,15,ordinary,22,full_coverage_and_all_discovered_cleared,224,6124.847688,40.0,constant,,0.05769312503980473
4,1,True,0,4,2,4,0,clustered__adversarial-spatial__69,clustered__adversarial-spatial,13,0,17,15,266,,bounded_transverse_width,,base,0,0.04594399999999865,15,,0,0,,,False,0,,,,,,,,0,0,1,40,0,2,1,247,range_width015,[],22079.88695788794,0,,0.0,,False,0,397.06515920000004,"[2, 3, 4, 5, 6, 7, 8, 9, 10, 11, 12, 13, 14, 16, 18]",30.0,4,69,1.0,21,2,4,1,18,15,ordinary,22,full_coverage_and_all_discovered_cleared,224,5955.977388,40.0,constant,,0.045984917029272765
4,1,True,0,4,2,4,0,clustered__adversarial-spatial__69,clustered__adversarial-spatial,13,0,17,15,266,,bounded_transverse_width,,base,0,0.05486400000000202,15,,0,0,,,False,0,recent,0,0,8,750,0,0,0,0,1,40,0,2,1,247,history_recent8_width015,[],22079.88695788794,0,,0.0,,False,0,397.06515920000004,"[2, 3, 4, 5, 6, 7, 8, 9, 10, 11, 12, 13, 14, 16, 18]",30.0,4,69,1.0,21,2,4,1,18,15,ordinary,22,full_coverage_and_all_discovered_cleared,224,5955.977388,40.0,constant,,0.05492808297276497
4,1,True,0,4,2,4,0,clustered__adversarial-spatial__69,clustered__adversarial-spatial,13,0,17,15,266,,bounded_transverse_width,,base,0,0.05286100000000005,15,,0,0,,,False,0,first,0,0,8,750,0,0,0,0,1,40,0,2,1,247,history_first8_width015,[],22079.88695788794,0,,0.0,,False,0,397.06515920000004,"[2, 3, 4, 5, 6, 7, 8, 9, 10, 11, 12, 13, 14, 16, 18]",30.0,4,69,1.0,21,2,4,1,18,15,ordinary,22,full_coverage_and_all_discovered_cleared,224,5955.977388,40.0,constant,,0.05291858402779326
4,1,True,0,4,2,4,0,clustered__adversarial-spatial__69,clustered__adversarial-spatial,13,0,17,15,266,,bounded_transverse_width,,base,0,0.0532180000000011,15,,0,0,,,False,0,ends,0,0,4,637,0,0,0,0,1,40,0,2,1,247,history_ends4_width015,[],22079.88695788794,0,,0.0,,False,0,397.06515920000004,"[2, 3, 4, 5, 6, 7, 8, 9, 10, 11, 12, 13, 14, 16, 18]",30.0,4,69,1.0,21,2,4,1,18,15,ordinary,22,full_coverage_and_all_discovered_cleared,224,5955.977388,40.0,constant,,0.053246499970555305
4,1,True,0,4,2,4,0,clustered__adversarial-spatial__69,clustered__adversarial-spatial,13,0,17,15,266,,bounded_transverse_width,,base,0,0.05844800000000561,15,,0,0,,,False,0,ends,0,0,8,1160,0,0,0,0,1,40,0,2,1,247,history_ends8_width015,[],22079.88695788794,0,,0.0,,False,0,397.06515920000004,"[2, 3, 4, 5, 6, 7, 8, 9, 10, 11, 12, 13, 14, 16, 18]",30.0,4,69,1.0,21,2,4,1,18,15,ordinary,22,full_coverage_and_all_discovered_cleared,224,5955.977388,40.0,constant,,0.0585330409812741
4,1,True,0,4,2,4,0,clustered__adversarial-spatial__69,clustered__adversarial-spatial,13,0,17,15,266,,bounded_transverse_width,,base,0,0.06027600000000177,15,,0,0,,,False,0,ends,0,0,16,1414,0,0,0,0,1,40,0,2,1,247,history_ends16_width015,[],22079.88695788794,0,,0.0,,False,0,397.06515920000004,"[2, 3, 4, 5, 6, 7, 8, 9, 10, 11, 12, 13, 14, 16, 18]",30.0,4,69,1.0,21,2,4,1,18,15,ordinary,22,full_coverage_and_all_discovered_cleared,224,5955.977388,40.0,constant,,0.06032049999339506
14,3,True,0,14,0,1,0,clustered__adversarial-spatial__69,clustered__adversarial-spatial,15,5,16,15,211,,bounded_transverse_width,,arc,48,0.046062999999996634,15,cached_distance_prefix_sum,0,0,,,False,0,,,,,,,,0,5,4,0,0,4,2,193,fast_arc05_width015,[],22074.042780194402,0,,0.0,,False,0,374.98723673333336,"[2, 3, 4, 5, 6, 7, 8, 9, 10, 11, 12, 13, 14, 16, 18]",30.0,4,69,0.5,20,0,6,4,26,15,ordinary,22,full_coverage_and_all_discovered_cleared,167,5624.808551,40.0,constant,,0.04609112499747425
14,3,True,0,14,0,1,0,clustered__adversarial-spatial__69,clustered__adversarial-spatial,15,5,16,15,211,,bounded_transverse_width,,arc,48,0.05055500000000279,15,cached_distance_prefix_sum,0,0,,,False,0,ends,0,0,8,390,0,0,0,5,4,0,0,4,2,193,history_arc8_width015,[],22074.042780194402,0,,0.0,,False,0,374.98723673333336,"[2, 3, 4, 5, 6, 7, 8, 9, 10, 11, 12, 13, 14, 16, 18]",30.0,4,69,0.5,20,0,6,4,26,15,ordinary,22,full_coverage_and_all_discovered_cleared,167,5624.808551,40.0,constant,,0.050575500004924834
10,2,True,0,10,3,4,0,clustered__adversarial-spatial__69,clustered__adversarial-spatial,12,3,16,15,225,,bounded_transverse_width,,locked,45,0.04262200000000149,15,cached_distance_prefix_sum,0,0,,,True,0,,,,,,,,0,3,3,0,0,2,2,207,fast_locked_width015,[],21263.117760746107,0,,0.0,,False,0,369.7749033333333,"[2, 3, 4, 5, 6, 7, 8, 9, 10, 11, 12, 13, 14, 16, 18]",30.0,4,69,1.0,35,8,16,3,23,15,ordinary,22,full_coverage_and_all_discovered_cleared,181,5546.62355,40.0,constant,,0.04266316699795425
10,2,True,0,10,3,4,0,clustered__adversarial-spatial__69,clustered__adversarial-spatial,12,3,16,15,225,,bounded_transverse_width,,locked,45,0.05284199999999828,15,cached_distance_prefix_sum,0,0,,,True,0,ends,0,0,8,1022,0,0,0,3,3,0,0,2,2,207,history_locked8_width015,[],21263.117760746107,0,,0.0,,False,0,369.7749033333333,"[2, 3, 4, 5, 6, 7, 8, 9, 10, 11, 12, 13, 14, 16, 18]",30.0,4,69,1.0,35,8,16,3,23,15,ordinary,22,full_coverage_and_all_discovered_cleared,181,5546.62355,40.0,constant,,0.05291541601764038
11,2,True,0,11,0,1,1,clustered__adversarial-spatial__70,clustered__adversarial-spatial,10,2,11,10,312,,bounded_transverse_width,,base,0,0.03180799999999806,10,,0,0,,,False,0,,,,,,,,0,2,4,42,0,3,2,299,range_width015,[],21771.374651304646,0,,0.0,,False,0,617.5274928,"[2, 3, 5, 10, 11, 13, 15, 16, 19, 20]",30.0,4,70,1.0,16,1,15,4,20,10,ordinary,22,full_coverage_and_all_discovered_cleared,273,6175.274928,40.0,constant,,0.03180749999592081
14,5,True,0,14,0,2,2,clustered__adversarial-spatial__70,clustered__adversarial-spatial,10,2,12,10,316,,bounded_transverse_width,,base,0,0.04062099999999447,10,,0,0,,,False,0,recent,0,0,8,367,10,7,0,2,4,43,0,5,3,302,history_recent8_width015,[],22092.76152696875,0,,0.0,,False,0,625.7552304,"[2, 3, 5, 10, 11, 13, 15, 16, 19, 20]",30.0,4,70,1.0,16,1,15,4,21,10,ordinary,22,full_coverage_and_all_discovered_cleared,273,6257.552304,40.0,constant,,0.0406577920075506
14,5,True,0,14,0,2,2,clustered__adversarial-spatial__70,clustered__adversarial-spatial,10,2,12,10,316,,bounded_transverse_width,,base,0,0.03951700000000358,10,,0,0,,,False,0,first,0,0,8,367,10,7,0,2,4,43,0,5,3,302,history_first8_width015,[],22092.76152696875,0,,0.0,,False,0,625.7552304,"[2, 3, 5, 10, 11, 13, 15, 16, 19, 20]",30.0,4,70,1.0,16,1,15,4,21,10,ordinary,22,full_coverage_and_all_discovered_cleared,273,6257.552304,40.0,constant,,0.03955599997425452
11,2,True,0,11,0,1,1,clustered__adversarial-spatial__70,clustered__adversarial-spatial,10,2,11,10,312,,bounded_transverse_width,,base,0,0.03527899999999562,10,,0,0,,,False,0,ends,0,0,4,142,1,1,0,2,4,42,0,3,2,299,history_ends4_width015,[],21771.374651304646,0,,0.0,,False,0,617.5274928,"[2, 3, 5, 10, 11, 13, 15, 16, 19, 20]",30.0,4,70,1.0,16,1,15,4,20,10,ordinary,22,full_coverage_and_all_discovered_cleared,273,6175.274928,40.0,constant,,0.03534779098117724
14,5,True,0,14,0,2,2,clustered__adversarial-spatial__70,clustered__adversarial-spatial,10,2,12,10,316,,bounded_transverse_width,,base,0,0.0428320000000042,10,,0,0,,,False,0,ends,0,0,8,661,10,7,0,2,4,43,0,5,3,302,history_ends8_width015,[],22092.76152696875,0,,0.0,,False,0,625.7552304,"[2, 3, 5, 10, 11, 13, 15, 16, 19, 20]",30.0,4,70,1.0,16,1,15,4,21,10,ordinary,22,full_coverage_and_all_discovered_cleared,273,6257.552304,40.0,constant,,0.04285716701997444
14,5,True,0,14,0,2,2,clustered__adversarial-spatial__70,clustered__adversarial-spatial,10,2,12,10,316,,bounded_transverse_width,,base,0,0.05158000000000129,10,,0,0,,,False,0,ends,0,0,16,1720,9,7,0,2,4,43,0,5,3,302,history_ends16_width015,[],22095.671222249326,0,,0.0,,False,0,625.8134243000001,"[2, 3, 5, 10, 11, 13, 15, 16, 19, 20]",30.0,4,70,1.0,16,1,15,4,21,10,ordinary,22,full_coverage_and_all_discovered_cleared,273,6258.134243,40.0,constant,,0.05159833299694583
13,2,True,0,13,0,1,1,clustered__adversarial-spatial__70,clustered__adversarial-spatial,10,0,11,10,311,,bounded_transverse_width,,arc,44,0.034404999999999575,10,cached_distance_prefix_sum,0,0,,,False,0,,,,,,,,0,0,4,0,0,3,2,298,fast_arc05_width015,[],21724.53597800835,0,,0.0,,False,0,615.9907195,"[2, 3, 5, 10, 11, 13, 15, 16, 19, 20]",30.0,4,70,0.5,16,1,11,4,22,10,ordinary,22,full_coverage_and_all_discovered_cleared,272,6159.907195,40.0,constant,,0.03445570799522102
16,5,True,0,16,0,2,2,clustered__adversarial-spatial__70,clustered__adversarial-spatial,10,0,12,10,315,,bounded_transverse_width,,arc,45,0.04496799999999723,10,cached_distance_prefix_sum,0,0,,,False,0,ends,0,0,8,605,10,7,0,0,4,0,0,5,3,301,history_arc8_width015,[],22045.92285367245,0,,0.0,,False,0,624.2184571,"[2, 3, 5, 10, 11, 13, 15, 16, 19, 20]",30.0,4,70,0.5,16,1,11,4,23,10,ordinary,22,full_coverage_and_all_discovered_cleared,272,6242.184571,40.0,constant,,0.04500741697847843
13,3,True,0,13,0,2,1,clustered__adversarial-spatial__70,clustered__adversarial-spatial,10,18,12,10,323,,bounded_transverse_width,,locked,43,0.03485099999999619,10,cached_distance_prefix_sum,0,0,,,True,0,,,,,,,,0,18,1,0,0,4,4,309,fast_locked_width015,[],21789.398035098304,0,,0.0,,False,0,624.2879607,"[2, 3, 5, 10, 11, 13, 15, 16, 19, 20]",30.0,4,70,1.0,14,9,0,1,21,10,ordinary,22,full_coverage_and_all_discovered_cleared,284,6242.879607,40.0,constant,,0.03487729100743309
13,3,True,0,13,0,2,1,clustered__adversarial-spatial__70,clustered__adversarial-spatial,10,18,12,10,323,,bounded_transverse_width,,locked,43,0.04649599999999765,10,cached_distance_prefix_sum,0,0,,,True,0,ends,0,0,8,941,1,1,0,18,1,0,0,4,4,309,history_locked8_width015,[],21789.398035098304,0,,0.0,,False,0,624.2879607,"[2, 3, 5, 10, 11, 13, 15, 16, 19, 20]",30.0,4,70,1.0,14,9,0,1,21,10,ordinary,22,full_coverage_and_all_discovered_cleared,284,6242.879607,40.0,constant,,0.046560415998101234
10,0,True,0,10,3,5,0,clustered__adversarial-spatial__71,clustered__adversarial-spatial,9,2,14,12,272,,bounded_transverse_width,,base,0,0.03912300000000357,12,,0,0,,,False,0,,,,,,,,0,2,1,44,0,3,3,256,range_width015,[],23273.431947985842,0,,0.0,,False,0,519.2238655,"[1, 2, 4, 5, 7, 9, 10, 13, 17, 18, 19, 20]",30.0,4,71,1.0,24,1,10,1,22,12,ordinary,22,full_coverage_and_all_discovered_cleared,230,6230.686386,40.0,constant,,0.039150500029791147
10,0,True,0,10,3,5,0,clustered__adversarial-spatial__71,clustered__adversarial-spatial,9,2,14,12,272,,bounded_transverse_width,,base,0,0.04544400000000337,12,,0,0,,,False,0,recent,0,0,8,356,0,0,0,2,1,44,0,3,3,256,history_recent8_width015,[],23273.431947985842,0,,0.0,,False,0,519.2238655,"[1, 2, 4, 5, 7, 9, 10, 13, 17, 18, 19, 20]",30.0,4,71,1.0,24,1,10,1,22,12,ordinary,22,full_coverage_and_all_discovered_cleared,230,6230.686386,40.0,constant,,0.0454591250163503
10,0,True,0,10,3,5,0,clustered__adversarial-spatial__71,clustered__adversarial-spatial,9,2,14,12,272,,bounded_transverse_width,,base,0,0.044076000000004,12,,0,0,,,False,0,first,0,0,8,356,0,0,0,2,1,44,0,3,3,256,history_first8_width015,[],23273.431947985842,0,,0.0,,False,0,519.2238655,"[1, 2, 4, 5, 7, 9, 10, 13, 17, 18, 19, 20]",30.0,4,71,1.0,24,1,10,1,22,12,ordinary,22,full_coverage_and_all_discovered_cleared,230,6230.686386,40.0,constant,,0.0441083749756217
10,0,True,0,10,3,5,0,clustered__adversarial-spatial__71,clustered__adversarial-spatial,9,2,14,12,272,,bounded_transverse_width,,base,0,0.04281800000000402,12,,0,0,,,False,0,ends,0,0,4,213,0,0,0,2,1,44,0,3,3,256,history_ends4_width015,[],23273.431947985842,0,,0.0,,False,0,519.2238655,"[1, 2, 4, 5, 7, 9, 10, 13, 17, 18, 19, 20]",30.0,4,71,1.0,24,1,10,1,22,12,ordinary,22,full_coverage_and_all_discovered_cleared,230,6230.686386,40.0,constant,,0.042876375024206936
10,0,True,0,10,3,5,0,clustered__adversarial-spatial__71,clustered__adversarial-spatial,9,2,14,12,272,,bounded_transverse_width,,base,0,0.04626100000000122,12,,0,0,,,False,0,ends,0,0,8,538,0,0,0,2,1,44,0,3,3,256,history_ends8_width015,[],23273.431947985842,0,,0.0,,False,0,519.2238655,"[1, 2, 4, 5, 7, 9, 10, 13, 17, 18, 19, 20]",30.0,4,71,1.0,24,1,10,1,22,12,ordinary,22,full_coverage_and_all_discovered_cleared,230,6230.686386,40.0,constant,,0.04627516696928069
10,0,True,0,10,3,5,0,clustered__adversarial-spatial__71,clustered__adversarial-spatial,9,2,14,12,272,,bounded_transverse_width,,base,0,0.04973799999999784,12,,0,0,,,False,0,ends,0,0,16,752,0,0,0,2,1,44,0,3,3,256,history_ends16_width015,[],23273.431947985842,0,,0.0,,False,0,519.2238655,"[1, 2, 4, 5, 7, 9, 10, 13, 17, 18, 19, 20]",30.0,4,71,1.0,24,1,10,1,22,12,ordinary,22,full_coverage_and_all_discovered_cleared,230,6230.686386,40.0,constant,,0.049779416993260384
12,4,True,0,12,0,1,1,clustered__adversarial-spatial__71,clustered__adversarial-spatial,12,2,13,12,284,,bounded_transverse_width,,arc,43,0.038900999999995634,12,cached_distance_prefix_sum,0,0,,,False,0,,,,,,,,0,2,4,0,0,5,3,269,fast_arc05_width015,[],21081.896352086453,0,,0.0,,False,0,489.0316056666666,"[1, 2, 4, 5, 7, 9, 10, 13, 17, 18, 19, 20]",30.0,4,71,0.5,12,5,22,5,21,12,ordinary,22,full_coverage_and_all_discovered_cleared,244,5868.379268,40.0,constant,,0.03897974995197728
12,4,True,0,12,0,1,1,clustered__adversarial-spatial__71,clustered__adversarial-spatial,12,2,13,12,284,,bounded_transverse_width,,arc,43,0.04905300000000068,12,cached_distance_prefix_sum,0,0,,,False,0,ends,0,0,8,840,5,2,0,2,4,0,0,5,3,269,history_arc8_width015,[],21089.1038142106,0,,0.0,,False,0,489.1517299166667,"[1, 2, 4, 5, 7, 9, 10, 13, 17, 18, 19, 20]",30.0,4,71,0.5,12,5,22,5,21,12,ordinary,22,full_coverage_and_all_discovered_cleared,244,5869.820759,40.0,constant,,0.049089792009908706
14,5,True,0,14,1,2,1,clustered__adversarial-spatial__71,clustered__adversarial-spatial,11,34,13,12,303,,bounded_transverse_width,,locked,44,0.03417300000000267,12,cached_distance_prefix_sum,0,0,,,True,0,,,,,,,,0,34,2,0,0,5,3,288,fast_locked_width015,[],23155.901027409556,0,,0.0,,False,0,533.0150169166667,"[1, 2, 4, 5, 7, 9, 10, 13, 17, 18, 19, 20]",30.0,4,71,1.0,16,7,15,2,22,12,ordinary,22,full_coverage_and_all_discovered_cleared,262,6396.180203,40.0,constant,,0.03419654199387878
14,5,True,0,14,1,2,1,clustered__adversarial-spatial__71,clustered__adversarial-spatial,11,34,13,12,303,,bounded_transverse_width,,locked,44,0.04774400000000156,12,cached_distance_prefix_sum,0,0,,,True,0,ends,0,0,8,1122,3,3,0,34,2,0,0,5,3,288,history_locked8_width015,[],23164.339883552726,0,,0.0,,False,0,533.1556644166667,"[1, 2, 4, 5, 7, 9, 10, 13, 17, 18, 19, 20]",30.0,4,71,1.0,16,7,15,2,22,12,ordinary,22,full_coverage_and_all_discovered_cleared,262,6397.867973,40.0,constant,,0.04776541696628556
25,12,True,0,25,0,1,4,boundary_outward_min__n10__positive,boundary_outward_min,10,9,11,10,384,,bounded_transverse_width,,base,0,0.026952999999998895,10,,0,0,,,False,0,,,,,,,,0,9,0,49,0,4,3,371,range_width015,[],25237.382726659594,0,,0.0,,False,0,729.9476549,"[1, 2, 7, 10, 11, 13, 14, 15, 18, 20]",30.0,4,142,1.0,1,7,0,0,27,10,stress,22,full_coverage_and_all_discovered_cleared,344,7299.476549,40.0,constant,,0.027029958029743284
26,13,True,0,26,0,1,4,boundary_outward_min__n10__positive,boundary_outward_min,10,0,11,10,377,,bounded_transverse_width,,base,0,0.0433749999999975,10,,0,0,,,False,0,recent,0,0,8,921,15,10,0,0,0,49,0,4,3,364,history_recent8_width015,[],22780.53471563575,0,,0.0,,False,0,676.5106946,"[1, 2, 7, 10, 11, 13, 14, 15, 18, 20]",30.0,4,142,1.0,0,0,0,0,27,10,stress,22,full_coverage_and_all_discovered_cleared,336,6765.106946,40.0,constant,,0.043409000034444034
26,13,True,0,26,0,1,4,boundary_outward_min__n10__positive,boundary_outward_min,10,0,11,10,377,,bounded_transverse_width,,base,0,0.040338999999995906,10,,0,0,,,False,0,first,0,0,8,921,15,10,0,0,0,49,0,4,3,364,history_first8_width015,[],22780.53471563575,0,,0.0,,False,0,676.5106946,"[1, 2, 7, 10, 11, 13, 14, 15, 18, 20]",30.0,4,142,1.0,0,0,0,0,27,10,stress,22,full_coverage_and_all_discovered_cleared,336,6765.106946,40.0,constant,,0.040382750041317195
26,13,True,0,26,0,1,4,boundary_outward_min__n10__positive,boundary_outward_min,10,0,11,10,377,,bounded_transverse_width,,base,0,0.03376100000000548,10,,0,0,,,False,0,ends,0,0,4,300,14,10,0,0,0,49,0,4,3,364,history_ends4_width015,[],22780.53471563575,0,,0.0,,False,0,676.5106946,"[1, 2, 7, 10, 11, 13, 14, 15, 18, 20]",30.0,4,142,1.0,0,0,0,0,27,10,stress,22,full_coverage_and_all_discovered_cleared,336,6765.106946,40.0,constant,,0.03377545898547396
26,13,True,0,26,0,1,4,boundary_outward_min__n10__positive,boundary_outward_min,10,0,11,10,377,,bounded_transverse_width,,base,0,0.044873000000002605,10,,0,0,,,False,0,ends,0,0,8,1219,15,10,0,0,0,49,0,4,3,364,history_ends8_width015,[],22780.53471563575,0,,0.0,,False,0,676.5106946,"[1, 2, 7, 10, 11, 13, 14, 15, 18, 20]",30.0,4,142,1.0,0,0,0,0,27,10,stress,22,full_coverage_and_all_discovered_cleared,336,6765.106946,40.0,constant,,0.0449126249877736
26,13,True,0,26,0,1,4,boundary_outward_min__n10__positive,boundary_outward_min,10,0,11,10,377,,bounded_transverse_width,,base,0,0.06574399999999514,10,,0,0,,,False,0,ends,0,0,16,3217,21,13,0,0,0,49,0,4,3,364,history_ends16_width015,[],22666.133592573675,0,,0.0,,False,0,674.2226721,"[1, 2, 7, 10, 11, 13, 14, 15, 18, 20]",30.0,4,142,1.0,0,0,0,0,27,10,stress,22,full_coverage_and_all_discovered_cleared,336,6742.226721,40.0,constant,,0.06578833295498043
26,13,True,0,26,0,1,4,boundary_outward_min__n10__positive,boundary_outward_min,10,0,11,10,376,,bounded_transverse_width,,arc,49,0.02763500000000363,10,cached_distance_prefix_sum,0,0,,,False,0,,,,,,,,0,0,0,0,0,4,3,363,fast_arc05_width015,[],23110.78326594751,0,,0.0,,False,0,682.4156657000001,"[1, 2, 7, 10, 11, 13, 14, 15, 18, 20]",30.0,4,142,0.5,0,0,0,0,27,10,stress,22,full_coverage_and_all_discovered_cleared,334,6824.156657,40.0,constant,,0.027639666048344225
26,13,True,0,26,0,1,4,boundary_outward_min__n10__positive,boundary_outward_min,10,0,11,10,376,,bounded_transverse_width,,arc,49,0.04617299999999602,10,cached_distance_prefix_sum,0,0,,,False,0,ends,0,0,8,1191,14,10,0,0,0,0,0,4,3,363,history_arc8_width015,[],22888.015218550194,0,,0.0,,False,0,677.9603048,"[1, 2, 7, 10, 11, 13, 14, 15, 18, 20]",30.0,4,142,0.5,0,0,0,0,27,10,stress,22,full_coverage_and_all_discovered_cleared,334,6779.603048,40.0,constant,,0.04622629203367978
22,13,True,0,22,0,0,4,boundary_outward_min__n10__positive,boundary_outward_min,10,7,10,10,404,,bounded_transverse_width,,locked,45,0.02226399999999984,10,cached_distance_prefix_sum,0,0,,,True,0,,,,,,,,0,7,0,0,0,4,2,392,fast_locked_width015,[],22235.476692979326,0,,0.0,,False,0,682.2095343,"[1, 2, 7, 10, 11, 13, 14, 15, 18, 20]",30.0,4,142,1.0,1,2,1,0,23,10,stress,22,full_coverage_and_all_discovered_cleared,365,6822.095343,40.0,constant,,0.022281832993030548
21,12,True,0,21,0,0,4,boundary_outward_min__n10__positive,boundary_outward_min,10,7,10,10,403,,bounded_transverse_width,,locked,45,0.04085500000000053,10,cached_distance_prefix_sum,0,0,,,True,0,ends,0,0,8,1186,14,11,0,7,0,0,0,4,2,391,history_locked8_width015,[],21993.035868196566,0,,0.0,,False,0,676.8607176,"[1, 2, 7, 10, 11, 13, 14, 15, 18, 20]",30.0,4,142,1.0,1,2,1,0,23,10,stress,22,full_coverage_and_all_discovered_cleared,365,6768.607176,40.0,constant,,0.0408719580154866
24,14,True,0,24,0,0,4,boundary_outward_min__n10__negative,boundary_outward_min,10,0,10,10,385,,bounded_transverse_width,,base,0,0.02406899999999723,10,,0,0,,,False,0,,,,,,,,0,0,1,46,0,4,2,373,range_width015,[],23357.725816298294,0,,0.0,,False,0,693.1545155,"[1, 2, 7, 10, 11, 13, 14, 15, 18, 20]",30.0,4,143,1.0,1,1,0,1,24,10,stress,22,full_coverage_and_all_discovered_cleared,345,6931.545155,40.0,constant,,0.02409633301431313
24,14,True,0,24,0,0,4,boundary_outward_min__n10__negative,boundary_outward_min,10,0,10,10,385,,bounded_transverse_width,,base,0,0.042487000000001274,10,,0,0,,,False,0,recent,0,0,8,963,21,13,0,0,1,46,0,4,2,373,history_recent8_width015,[],23086.109316926944,0,,0.0,,False,0,687.7221857000001,"[1, 2, 7, 10, 11, 13, 14, 15, 18, 20]",30.0,4,143,1.0,1,1,0,1,24,10,stress,22,full_coverage_and_all_discovered_cleared,345,6877.221857,40.0,constant,,0.042543166026007384
24,14,True,0,24,0,0,4,boundary_outward_min__n10__negative,boundary_outward_min,10,0,10,10,385,,bounded_transverse_width,,base,0,0.039655000000003326,10,,0,0,,,False,0,first,0,0,8,963,21,13,0,0,1,46,0,4,2,373,history_first8_width015,[],23086.109316926944,0,,0.0,,False,0,687.7221857000001,"[1, 2, 7, 10, 11, 13, 14, 15, 18, 20]",30.0,4,143,1.0,1,1,0,1,24,10,stress,22,full_coverage_and_all_discovered_cleared,345,6877.221857,40.0,constant,,0.03970175003632903
24,14,True,0,24,0,0,4,boundary_outward_min__n10__negative,boundary_outward_min,10,0,10,10,385,,bounded_transverse_width,,base,0,0.031640000000003,10,,0,0,,,False,0,ends,0,0,4,288,15,10,0,0,1,46,0,4,2,373,history_ends4_width015,[],23127.737441637022,0,,0.0,,False,0,688.5547482,"[1, 2, 7, 10, 11, 13, 14, 15, 18, 20]",30.0,4,143,1.0,1,1,0,1,24,10,stress,22,full_coverage_and_all_discovered_cleared,345,6885.547482,40.0,constant,,0.03168237500358373
24,14,True,0,24,0,0,4,boundary_outward_min__n10__negative,boundary_outward_min,10,0,10,10,385,,bounded_transverse_width,,base,0,0.044035000000000935,10,,0,0,,,False,0,ends,0,0,8,1227,21,13,0,0,1,46,0,4,2,373,history_ends8_width015,[],23086.109316926944,0,,0.0,,False,0,687.7221857000001,"[1, 2, 7, 10, 11, 13, 14, 15, 18, 20]",30.0,4,143,1.0,1,1,0,1,24,10,stress,22,full_coverage_and_all_discovered_cleared,345,6877.221857,40.0,constant,,0.044046166993211955
22,12,True,0,22,0,0,4,boundary_outward_min__n10__negative,boundary_outward_min,10,0,10,10,383,,bounded_transverse_width,,base,0,0.06674199999999786,10,,0,0,,,False,0,ends,0,0,16,3472,23,14,0,0,1,46,0,4,2,371,history_ends16_width015,[],22624.888066131596,0,,0.0,,False,0,677.497761,"[1, 2, 7, 10, 11, 13, 14, 15, 18, 20]",30.0,4,143,1.0,1,4,0,1,24,10,stress,22,full_coverage_and_all_discovered_cleared,345,6774.97761,40.0,constant,,0.06678020901745185
25,13,True,0,25,0,1,4,boundary_outward_min__n10__negative,boundary_outward_min,10,0,11,10,375,,bounded_transverse_width,,arc,48,0.026440000000000907,10,cached_distance_prefix_sum,0,0,,,False,0,,,,,,,,0,0,0,0,0,4,3,362,fast_arc05_width015,[],23105.63931319531,0,,0.0,,False,0,681.8127855,"[1, 2, 7, 10, 11, 13, 14, 15, 18, 20]",30.0,4,143,0.5,0,0,0,0,26,10,stress,22,full_coverage_and_all_discovered_cleared,334,6818.127855,40.0,constant,,0.026485125010367483
25,13,True,0,25,0,1,4,boundary_outward_min__n10__negative,boundary_outward_min,10,0,11,10,375,,bounded_transverse_width,,arc,48,0.043869000000000824,10,cached_distance_prefix_sum,0,0,,,False,0,ends,0,0,8,1121,17,12,0,0,0,0,0,4,3,362,history_arc8_width015,[],22834.02281382396,0,,0.0,,False,0,676.3804557000001,"[1, 2, 7, 10, 11, 13, 14, 15, 18, 20]",30.0,4,143,0.5,0,0,0,0,26,10,stress,22,full_coverage_and_all_discovered_cleared,334,6763.804557,40.0,constant,,0.0438881249865517
21,12,True,0,21,1,1,4,boundary_outward_min__n10__negative,boundary_outward_min,9,7,10,10,404,,bounded_transverse_width,,locked,45,0.02265700000000237,10,cached_distance_prefix_sum,0,0,,,True,0,,,,,,,,0,7,0,0,0,4,2,392,fast_locked_width015,[],22292.80256289488,0,,0.0,,False,0,683.4560506,"[1, 2, 7, 10, 11, 13, 14, 15, 18, 20]",30.0,4,143,1.0,1,2,0,0,23,10,stress,22,full_coverage_and_all_discovered_cleared,366,6834.560506,40.0,constant,,0.022692124999593943
22,13,True,0,22,1,1,4,boundary_outward_min__n10__negative,boundary_outward_min,9,7,10,10,405,,bounded_transverse_width,,locked,45,0.04206400000000343,10,cached_distance_prefix_sum,0,0,,,True,0,ends,0,0,8,1256,18,13,0,7,0,0,0,4,2,393,history_locked8_width015,[],22166.850212413592,0,,0.0,,False,0,681.4370039,"[1, 2, 7, 10, 11, 13, 14, 15, 18, 20]",30.0,4,143,1.0,1,3,0,0,23,10,stress,22,full_coverage_and_all_discovered_cleared,366,6814.370039,40.0,constant,,0.04207354201935232
25,13,True,0,25,0,1,4,boundary_outward_min__n10__spatial,boundary_outward_min,10,9,11,10,384,,bounded_transverse_width,,base,0,0.026432999999997264,10,,0,0,,,False,0,,,,,,,,0,9,0,48,0,4,2,371,range_width015,[],25340.93162838304,0,,0.0,,False,0,732.0186329000001,"[1, 2, 7, 10, 11, 13, 14, 15, 18, 20]",30.0,4,144,1.0,1,7,0,0,26,10,stress,22,full_coverage_and_all_discovered_cleared,344,7320.186329,40.0,constant,,0.026458041975274682
26,14,True,0,26,0,1,4,boundary_outward_min__n10__spatial,boundary_outward_min,10,0,11,10,377,,bounded_transverse_width,,base,0,0.042937000000002,10,,0,0,,,False,0,recent,0,0,8,943,15,10,0,0,0,48,0,4,2,364,history_recent8_width015,[],22872.810914527476,0,,0.0,,False,0,678.3562185,"[1, 2, 7, 10, 11, 13, 14, 15, 18, 20]",30.0,4,144,1.0,0,0,0,0,26,10,stress,22,full_coverage_and_all_discovered_cleared,336,6783.562185,40.0,constant,,0.04297850001603365
26,14,True,0,26,0,1,4,boundary_outward_min__n10__spatial,boundary_outward_min,10,0,11,10,377,,bounded_transverse_width,,base,0,0.039627999999993335,10,,0,0,,,False,0,first,0,0,8,943,15,10,0,0,0,48,0,4,2,364,history_first8_width015,[],22872.810914527476,0,,0.0,,False,0,678.3562185,"[1, 2, 7, 10, 11, 13, 14, 15, 18, 20]",30.0,4,144,1.0,0,0,0,0,26,10,stress,22,full_coverage_and_all_discovered_cleared,336,6783.562185,40.0,constant,,0.03969570901244879
26,14,True,0,26,0,1,4,boundary_outward_min__n10__spatial,boundary_outward_min,10,0,11,10,377,,bounded_transverse_width,,base,0,0.0324499999999972,10,,0,0,,,False,0,ends,0,0,4,294,14,10,0,0,0,48,0,4,2,364,history_ends4_width015,[],22872.810914527476,0,,0.0,,False,0,678.3562185,"[1, 2, 7, 10, 11, 13, 14, 15, 18, 20]",30.0,4,144,1.0,0,0,0,0,26,10,stress,22,full_coverage_and_all_discovered_cleared,336,6783.562185,40.0,constant,,0.03246229101205245
26,14,True,0,26,0,1,4,boundary_outward_min__n10__spatial,boundary_outward_min,10,0,11,10,377,,bounded_transverse_width,,base,0,0.04364800000000457,10,,0,0,,,False,0,ends,0,0,8,1235,15,10,0,0,0,48,0,4,2,364,history_ends8_width015,[],22872.810914527476,0,,0.0,,False,0,678.3562185,"[1, 2, 7, 10, 11, 13, 14, 15, 18, 20]",30.0,4,144,1.0,0,0,0,0,26,10,stress,22,full_coverage_and_all_discovered_cleared,336,6783.562185,40.0,constant,,0.04369958402821794
26,14,True,0,26,0,1,4,boundary_outward_min__n10__spatial,boundary_outward_min,10,0,11,10,377,,bounded_transverse_width,,base,0,0.06538600000000372,10,,0,0,,,False,0,ends,0,0,16,3338,21,13,0,0,0,48,0,4,2,364,history_ends16_width015,[],22759.27647353666,0,,0.0,,False,0,676.0855297,"[1, 2, 7, 10, 11, 13, 14, 15, 18, 20]",30.0,4,144,1.0,0,0,0,0,26,10,stress,22,full_coverage_and_all_discovered_cleared,336,6760.855297,40.0,constant,,0.06544841604772955
26,14,True,0,26,0,1,4,boundary_outward_min__n10__spatial,boundary_outward_min,10,0,11,10,376,,bounded_transverse_width,,arc,48,0.03225700000000131,10,cached_distance_prefix_sum,0,0,,,False,0,,,,,,,,0,0,0,0,0,4,2,363,fast_arc05_width015,[],23204.000909768274,0,,0.0,,False,0,684.2800187,"[1, 2, 7, 10, 11, 13, 14, 15, 18, 20]",30.0,4,144,0.5,0,0,0,0,26,10,stress,22,full_coverage_and_all_discovered_cleared,334,6842.800187,40.0,constant,,0.03227512497687712
26,14,True,0,26,0,1,4,boundary_outward_min__n10__spatial,boundary_outward_min,10,0,11,10,376,,bounded_transverse_width,,arc,48,0.045113000000000625,10,cached_distance_prefix_sum,0,0,,,False,0,ends,0,0,8,1207,14,10,0,0,0,0,0,4,2,363,history_arc8_width015,[],22978.46083741756,0,,0.0,,False,0,679.7692171,"[1, 2, 7, 10, 11, 13, 14, 15, 18, 20]",30.0,4,144,0.5,0,0,0,0,26,10,stress,22,full_coverage_and_all_discovered_cleared,334,6797.692171,40.0,constant,,0.04515208303928375
23,14,True,0,23,0,0,4,boundary_outward_min__n10__spatial,boundary_outward_min,10,7,10,10,405,,bounded_transverse_width,,locked,45,0.021636000000000877,10,cached_distance_prefix_sum,0,0,,,True,0,,,,,,,,0,7,0,0,0,4,2,393,fast_locked_width015,[],22387.39310093964,0,,0.0,,False,0,685.7478624,"[1, 2, 7, 10, 11, 13, 14, 15, 18, 20]",30.0,4,144,1.0,1,2,1,0,23,10,stress,22,full_coverage_and_all_discovered_cleared,365,6857.478624,40.0,constant,,0.021655124961398542
22,13,True,0,22,0,0,4,boundary_outward_min__n10__spatial,boundary_outward_min,10,7,10,10,404,,bounded_transverse_width,,locked,45,0.04059799999999569,10,cached_distance_prefix_sum,0,0,,,True,0,ends,0,0,8,1214,15,12,0,7,0,0,0,4,2,392,history_locked8_width015,[],22146.180540468133,0,,0.0,,False,0,680.4236111,"[1, 2, 7, 10, 11, 13, 14, 15, 18, 20]",30.0,4,144,1.0,1,2,1,0,23,10,stress,22,full_coverage_and_all_discovered_cleared,365,6804.236111,40.0,constant,,0.0406895829946734
42,25,True,0,42,0,1,8,boundary_outward_min__n16__positive,boundary_outward_min,16,0,17,16,351,,bounded_transverse_width,,base,0,0.0322180000000003,16,,0,0,,,False,0,,,,,,,,0,0,0,62,1,4,3,332,range_width015,[],27095.738577971668,0,,0.0,,False,0,466.38423225,"[2, 3, 4, 5, 6, 7, 8, 9, 10, 11, 12, 14, 15, 16, 18, 20]",30.0,4,145,1.0,5,7,0,0,41,16,stress,21,public_upper_bound_16,300,7462.147716,40.0,constant,,0.03223391599021852
43,26,True,0,43,0,1,8,boundary_outward_min__n16__positive,boundary_outward_min,16,0,17,16,345,,bounded_transverse_width,,base,0,0.05914800000000042,16,,0,0,,,False,0,recent,0,0,8,1710,34,23,0,0,0,61,2,4,3,326,history_recent8_width015,[],25128.674150429666,0,,0.0,,False,0,439.4834269375,"[2, 3, 4, 5, 6, 7, 8, 9, 10, 11, 12, 14, 15, 16, 18, 20]",30.0,4,145,1.0,4,7,0,0,41,16,stress,20,public_upper_bound_16,293,7031.734831,40.0,constant,,0.059208417020272464
43,26,True,0,43,0,1,8,boundary_outward_min__n16__positive,boundary_outward_min,16,0,17,16,345,,bounded_transverse_width,,base,0,0.05522999999999456,16,,0,0,,,False,0,first,0,0,8,1710,34,23,0,0,0,61,2,4,3,326,history_first8_width015,[],25128.674150429666,0,,0.0,,False,0,439.4834269375,"[2, 3, 4, 5, 6, 7, 8, 9, 10, 11, 12, 14, 15, 16, 18, 20]",30.0,4,145,1.0,4,7,0,0,41,16,stress,20,public_upper_bound_16,293,7031.734831,40.0,constant,,0.05527920799795538
44,27,True,0,44,0,1,8,boundary_outward_min__n16__positive,boundary_outward_min,16,0,17,16,347,,bounded_transverse_width,,base,0,0.044696000000001845,16,,0,0,,,False,0,ends,0,0,4,516,29,20,0,0,0,61,2,4,3,328,history_ends4_width015,[],25483.803709488668,0,,0.0,,False,0,444.672546375,"[2, 3, 4, 5, 6, 7, 8, 9, 10, 11, 12, 14, 15, 16, 18, 20]",30.0,4,145,1.0,5,6,0,0,41,16,stress,20,public_upper_bound_16,295,7114.760742,40.0,constant,,0.04473924997728318
43,26,True,0,43,0,1,8,boundary_outward_min__n16__positive,boundary_outward_min,16,0,17,16,345,,bounded_transverse_width,,base,0,0.06171499999999952,16,,0,0,,,False,0,ends,0,0,8,2100,34,23,0,0,0,61,2,4,3,326,history_ends8_width015,[],25128.674150429666,0,,0.0,,False,0,439.4834269375,"[2, 3, 4, 5, 6, 7, 8, 9, 10, 11, 12, 14, 15, 16, 18, 20]",30.0,4,145,1.0,4,7,0,0,41,16,stress,20,public_upper_bound_16,293,7031.734831,40.0,constant,,0.06176625000080094
43,26,True,0,43,0,1,8,boundary_outward_min__n16__positive,boundary_outward_min,16,0,17,16,345,,bounded_transverse_width,,base,0,0.09733099999999695,16,,0,0,,,False,0,ends,0,0,16,5989,40,27,0,0,0,61,2,4,3,326,history_ends16_width015,[],25126.104176305056,0,,0.0,,False,0,439.4513021875,"[2, 3, 4, 5, 6, 7, 8, 9, 10, 11, 12, 14, 15, 16, 18, 20]",30.0,4,145,1.0,4,7,0,0,41,16,stress,20,public_upper_bound_16,293,7031.220835,40.0,constant,,0.097406167013105
41,24,True,0,41,0,1,8,boundary_outward_min__n16__positive,boundary_outward_min,16,0,17,16,343,,bounded_transverse_width,,arc,63,0.0336110000000005,16,cached_distance_prefix_sum,0,0,,,False,0,,,,,,,,0,0,0,0,0,4,3,324,fast_arc05_width015,[],27118.703813775977,0,,0.0,,False,0,463.6087978125,"[2, 3, 4, 5, 6, 7, 8, 9, 10, 11, 12, 14, 15, 16, 18, 20]",30.0,4,145,0.5,0,0,0,0,41,16,stress,22,public_upper_bound_16,291,7417.740765,40.0,constant,,0.03365525003755465
40,23,True,0,40,0,1,8,boundary_outward_min__n16__positive,boundary_outward_min,16,0,17,16,342,,bounded_transverse_width,,arc,63,0.05929900000000288,16,cached_distance_prefix_sum,0,0,,,False,0,ends,0,0,8,1792,27,19,0,0,0,0,0,4,3,323,history_arc8_width015,[],26711.417523554115,0,,0.0,,False,0,458.2052190625,"[2, 3, 4, 5, 6, 7, 8, 9, 10, 11, 12, 14, 15, 16, 18, 20]",30.0,4,145,0.5,0,0,0,0,41,16,stress,22,public_upper_bound_16,291,7331.283505,40.0,constant,,0.059354875003919005
36,23,True,0,36,0,0,8,boundary_outward_min__n16__positive,boundary_outward_min,16,17,16,16,384,,bounded_transverse_width,,locked,59,0.02963900000000308,16,cached_distance_prefix_sum,0,0,,,True,0,,,,,,,,0,17,0,0,0,4,2,366,fast_locked_width015,[],25418.888361162783,0,,0.0,,False,0,458.0486046875,"[2, 3, 4, 5, 6, 7, 8, 9, 10, 11, 12, 14, 15, 16, 18, 20]",30.0,4,145,1.0,4,26,0,0,37,16,stress,22,public_upper_bound_16,335,7328.777675,40.0,constant,,0.02964954200433567
36,23,True,0,36,0,0,8,boundary_outward_min__n16__positive,boundary_outward_min,16,17,16,16,383,,bounded_transverse_width,,locked,59,0.05824699999999439,16,cached_distance_prefix_sum,0,0,,,True,0,ends,0,0,8,2068,30,21,0,17,0,0,0,4,2,365,history_locked8_width015,[],25284.364145179235,0,,0.0,,False,0,456.0545518125,"[2, 3, 4, 5, 6, 7, 8, 9, 10, 11, 12, 14, 15, 16, 18, 20]",30.0,4,145,1.0,3,29,0,0,37,16,stress,22,public_upper_bound_16,335,7296.872829,40.0,constant,,0.05828920903149992
37,23,True,0,37,0,0,8,boundary_outward_min__n16__negative,boundary_outward_min,16,15,16,16,340,,bounded_transverse_width,,base,0,0.03121399999999852,16,,0,0,,,False,0,,,,,,,,0,15,1,57,3,4,2,322,range_width015,[],25770.89697682271,0,,0.0,,False,0,446.0112125625,"[2, 3, 4, 5, 6, 7, 8, 9, 10, 11, 12, 14, 15, 16, 18, 20]",30.0,4,146,1.0,8,18,0,1,38,16,stress,19,public_upper_bound_16,292,7136.179401,40.0,constant,,0.03126150002935901
37,23,True,0,37,0,0,8,boundary_outward_min__n16__negative,boundary_outward_min,16,15,16,16,340,,bounded_transverse_width,,base,0,0.05682900000000046,16,,0,0,,,False,0,recent,0,0,8,1794,24,17,0,15,1,57,3,4,2,322,history_recent8_width015,[],25457.276062060606,0,,0.0,,False,0,442.0909510625,"[2, 3, 4, 5, 6, 7, 8, 9, 10, 11, 12, 14, 15, 16, 18, 20]",30.0,4,146,1.0,8,18,0,1,38,16,stress,19,public_upper_bound_16,292,7073.455217,40.0,constant,,0.056856832990888506
37,23,True,0,37,0,0,8,boundary_outward_min__n16__negative,boundary_outward_min,16,15,16,16,340,,bounded_transverse_width,,base,0,0.05277900000000102,16,,0,0,,,False,0,first,0,0,8,1794,24,17,0,15,1,57,3,4,2,322,history_first8_width015,[],25457.276062060606,0,,0.0,,False,0,442.0909510625,"[2, 3, 4, 5, 6, 7, 8, 9, 10, 11, 12, 14, 15, 16, 18, 20]",30.0,4,146,1.0,8,18,0,1,38,16,stress,19,public_upper_bound_16,292,7073.455217,40.0,constant,,0.0528159579844214
37,23,True,0,37,0,0,8,boundary_outward_min__n16__negative,boundary_outward_min,16,15,16,16,340,,bounded_transverse_width,,base,0,0.04254999999999853,16,,0,0,,,False,0,ends,0,0,4,504,19,15,0,15,1,57,3,4,2,322,history_ends4_width015,[],25770.89697682271,0,,0.0,,False,0,446.0112125625,"[2, 3, 4, 5, 6, 7, 8, 9, 10, 11, 12, 14, 15, 16, 18, 20]",30.0,4,146,1.0,8,18,0,1,38,16,stress,19,public_upper_bound_16,292,7136.179401,40.0,constant,,0.04260054195765406
37,23,True,0,37,0,0,8,boundary_outward_min__n16__negative,boundary_outward_min,16,15,16,16,340,,bounded_transverse_width,,base,0,0.05871799999999894,16,,0,0,,,False,0,ends,0,0,8,2163,24,17,0,15,1,57,3,4,2,322,history_ends8_width015,[],25457.276062060606,0,,0.0,,False,0,442.0909510625,"[2, 3, 4, 5, 6, 7, 8, 9, 10, 11, 12, 14, 15, 16, 18, 20]",30.0,4,146,1.0,8,18,0,1,38,16,stress,19,public_upper_bound_16,292,7073.455217,40.0,constant,,0.0587809169664979
37,23,True,0,37,0,0,8,boundary_outward_min__n16__negative,boundary_outward_min,16,15,16,16,340,,bounded_transverse_width,,base,0,0.09606399999999837,16,,0,0,,,False,0,ends,0,0,16,6276,30,21,0,15,1,57,3,4,2,322,history_ends16_width015,[],25410.05992078804,0,,0.0,,False,0,441.50074925,"[2, 3, 4, 5, 6, 7, 8, 9, 10, 11, 12, 14, 15, 16, 18, 20]",30.0,4,146,1.0,8,18,0,1,38,16,stress,19,public_upper_bound_16,292,7064.011988,40.0,constant,,0.09613345802063122
39,23,True,0,39,0,1,8,boundary_outward_min__n16__negative,boundary_outward_min,16,0,17,16,342,,bounded_transverse_width,,arc,62,0.032913000000000636,16,cached_distance_prefix_sum,0,0,,,False,0,,,,,,,,0,0,0,0,0,4,3,323,fast_arc05_width015,[],26997.61779396342,0,,0.0,,False,0,461.9077228125,"[2, 3, 4, 5, 6, 7, 8, 9, 10, 11, 12, 14, 15, 16, 18, 20]",30.0,4,146,0.5,1,2,0,0,40,16,stress,22,public_upper_bound_16,293,7390.523565,40.0,constant,,0.03292979102116078
39,23,True,0,39,0,1,8,boundary_outward_min__n16__negative,boundary_outward_min,16,0,17,16,342,,bounded_transverse_width,,arc,62,0.0591489999999979,16,cached_distance_prefix_sum,0,0,,,False,0,ends,0,0,8,1764,26,19,0,0,0,0,0,4,3,323,history_arc8_width015,[],26639.399775445356,0,,0.0,,False,0,457.4299975,"[2, 3, 4, 5, 6, 7, 8, 9, 10, 11, 12, 14, 15, 16, 18, 20]",30.0,4,146,0.5,1,2,0,0,40,16,stress,22,public_upper_bound_16,293,7318.87996,40.0,constant,,0.059190375031903386
35,22,True,0,35,1,1,8,boundary_outward_min__n16__negative,boundary_outward_min,15,17,16,16,382,,bounded_transverse_width,,locked,59,0.029417999999999722,16,cached_distance_prefix_sum,0,0,,,True,0,,,,,,,,0,17,0,0,0,4,2,364,fast_locked_width015,[],25422.688125608624,0,,0.0,,False,0,457.3461020625,"[2, 3, 4, 5, 6, 7, 8, 9, 10, 11, 12, 14, 15, 16, 18, 20]",30.0,4,146,1.0,3,20,0,0,37,16,stress,22,public_upper_bound_16,333,7317.537633,40.0,constant,,0.029435542004648596
35,22,True,0,35,1,1,8,boundary_outward_min__n16__negative,boundary_outward_min,15,17,16,16,382,,bounded_transverse_width,,locked,59,0.05837400000000059,16,cached_distance_prefix_sum,0,0,,,True,0,ends,0,0,8,2040,25,19,0,17,0,0,0,4,2,364,history_locked8_width015,[],25267.382622291567,0,,0.0,,False,0,455.4047833125,"[2, 3, 4, 5, 6, 7, 8, 9, 10, 11, 12, 14, 15, 16, 18, 20]",30.0,4,146,1.0,3,20,0,0,37,16,stress,22,public_upper_bound_16,333,7286.476533,40.0,constant,,0.05840366700431332
43,26,True,0,43,0,1,8,boundary_outward_min__n16__spatial,boundary_outward_min,16,6,17,16,358,,bounded_transverse_width,,base,0,0.03288299999999822,16,,0,0,,,False,0,,,,,,,,0,6,0,63,0,4,3,339,range_width015,[],30040.11084000839,0,,0.0,,False,0,505.751385625,"[2, 3, 4, 5, 6, 7, 8, 9, 10, 11, 12, 14, 15, 16, 18, 20]",30.0,4,147,1.0,5,11,0,0,41,16,stress,22,public_upper_bound_16,306,8092.02217,40.0,constant,,0.03290799999376759
42,25,True,0,42,0,1,8,boundary_outward_min__n16__spatial,boundary_outward_min,16,6,17,16,356,,bounded_transverse_width,,base,0,0.059204000000001145,16,,0,0,,,False,0,recent,0,0,8,1710,30,22,0,6,0,63,0,4,3,337,history_recent8_width015,[],29601.76291277776,0,,0.0,,False,0,499.522036625,"[2, 3, 4, 5, 6, 7, 8, 9, 10, 11, 12, 14, 15, 16, 18, 20]",30.0,4,147,1.0,4,12,0,0,41,16,stress,22,public_upper_bound_16,304,7992.352586,40.0,constant,,0.05927766702370718
42,25,True,0,42,0,1,8,boundary_outward_min__n16__spatial,boundary_outward_min,16,6,17,16,356,,bounded_transverse_width,,base,0,0.055534999999999,16,,0,0,,,False,0,first,0,0,8,1710,30,22,0,6,0,63,0,4,3,337,history_first8_width015,[],29601.76291277776,0,,0.0,,False,0,499.522036625,"[2, 3, 4, 5, 6, 7, 8, 9, 10, 11, 12, 14, 15, 16, 18, 20]",30.0,4,147,1.0,4,12,0,0,41,16,stress,22,public_upper_bound_16,304,7992.352586,40.0,constant,,0.055585458991117775
43,26,True,0,43,0,1,8,boundary_outward_min__n16__spatial,boundary_outward_min,16,6,17,16,358,,bounded_transverse_width,,base,0,0.044457999999998776,16,,0,0,,,False,0,ends,0,0,4,516,24,17,0,6,0,63,0,4,3,339,history_ends4_width015,[],29956.244178223056,0,,0.0,,False,0,504.703052375,"[2, 3, 4, 5, 6, 7, 8, 9, 10, 11, 12, 14, 15, 16, 18, 20]",30.0,4,147,1.0,5,11,0,0,41,16,stress,22,public_upper_bound_16,306,8075.248838,40.0,constant,,0.04466675000730902
42,25,True,0,42,0,1,8,boundary_outward_min__n16__spatial,boundary_outward_min,16,6,17,16,356,,bounded_transverse_width,,base,0,0.06141399999999919,16,,0,0,,,False,0,ends,0,0,8,2100,30,22,0,6,0,63,0,4,3,337,history_ends8_width015,[],29601.76291277776,0,,0.0,,False,0,499.522036625,"[2, 3, 4, 5, 6, 7, 8, 9, 10, 11, 12, 14, 15, 16, 18, 20]",30.0,4,147,1.0,4,12,0,0,41,16,stress,22,public_upper_bound_16,304,7992.352586,40.0,constant,,0.061484083998948336
42,25,True,0,42,0,1,8,boundary_outward_min__n16__spatial,boundary_outward_min,16,6,17,16,356,,bounded_transverse_width,,base,0,0.09809299999999865,16,,0,0,,,False,0,ends,0,0,16,5981,34,25,0,6,0,63,0,4,3,337,history_ends16_width015,[],29606.03249264009,0,,0.0,,False,0,499.575406375,"[2, 3, 4, 5, 6, 7, 8, 9, 10, 11, 12, 14, 15, 16, 18, 20]",30.0,4,147,1.0,4,12,0,0,41,16,stress,22,public_upper_bound_16,304,7993.206502,40.0,constant,,0.09819045796757564
42,25,True,0,42,0,1,8,boundary_outward_min__n16__spatial,boundary_outward_min,16,7,17,16,350,,bounded_transverse_width,,arc,63,0.03525099999999526,16,cached_distance_prefix_sum,0,0,,,False,0,,,,,,,,0,7,0,0,0,4,3,331,fast_arc05_width015,[],29636.85551006652,0,,0.0,,False,0,497.648194,"[2, 3, 4, 5, 6, 7, 8, 9, 10, 11, 12, 14, 15, 16, 18, 20]",30.0,4,147,0.5,3,8,0,0,41,16,stress,22,public_upper_bound_16,297,7962.371104,40.0,constant,,0.03532383299898356
41,24,True,0,41,0,1,8,boundary_outward_min__n16__spatial,boundary_outward_min,16,7,17,16,349,,bounded_transverse_width,,arc,63,0.06244499999999675,16,cached_distance_prefix_sum,0,0,,,False,0,ends,0,0,8,1988,27,19,0,7,0,0,0,4,3,330,history_arc8_width015,[],29232.512834662557,0,,0.0,,False,0,492.2814105625,"[2, 3, 4, 5, 6, 7, 8, 9, 10, 11, 12, 14, 15, 16, 18, 20]",30.0,4,147,0.5,3,8,0,0,41,16,stress,22,public_upper_bound_16,297,7876.502569,40.0,constant,,0.06250474997796118
36,23,True,0,36,1,1,8,boundary_outward_min__n16__spatial,boundary_outward_min,15,17,16,16,383,,bounded_transverse_width,,locked,59,0.02972700000000117,16,cached_distance_prefix_sum,0,0,,,True,0,,,,,,,,0,17,0,0,0,4,2,365,fast_locked_width015,[],25428.585167106165,0,,0.0,,False,0,457.7323149375,"[2, 3, 4, 5, 6, 7, 8, 9, 10, 11, 12, 14, 15, 16, 18, 20]",30.0,4,147,1.0,3,20,0,0,37,16,stress,22,public_upper_bound_16,333,7323.717039,40.0,constant,,0.029757584037724882
35,22,True,0,35,1,1,8,boundary_outward_min__n16__spatial,boundary_outward_min,15,17,16,16,382,,bounded_transverse_width,,locked,59,0.05789299999999997,16,cached_distance_prefix_sum,0,0,,,True,0,ends,0,0,8,2040,26,18,0,17,0,0,0,4,2,364,history_locked8_width015,[],25203.67030745586,0,,0.0,,False,0,454.608379125,"[2, 3, 4, 5, 6, 7, 8, 9, 10, 11, 12, 14, 15, 16, 18, 20]",30.0,4,147,1.0,3,22,0,0,37,16,stress,22,public_upper_bound_16,333,7273.734066,40.0,constant,,0.05797516700113192
13,2,True,0,13,2,3,0,near_collinear_min__n10__positive,near_collinear_min,8,2,11,10,337,,bounded_transverse_width,,base,0,0.028216999999997938,10,,0,0,,,False,0,,,,,,,,0,2,3,43,0,3,3,324,range_width015,[],24162.317238099262,0,,0.0,,False,0,680.6463443,"[1, 2, 5, 8, 11, 14, 15, 17, 18, 20]",30.0,4,148,1.0,8,6,3,3,21,10,stress,22,full_coverage_and_all_discovered_cleared,301,6806.463443,40.0,constant,,0.02823212498333305
5,1,True,0,5,3,3,0,near_collinear_min__n10__positive,near_collinear_min,7,30,10,10,331,,bounded_transverse_width,,base,0,0.04064500000000493,10,,0,0,,,False,0,recent,0,0,8,688,2,2,0,30,2,36,0,3,2,319,history_recent8_width015,[],22028.644430681954,0,,0.0,,False,0,634.6728884,"[1, 2, 5, 8, 11, 14, 15, 17, 18, 20]",30.0,4,148,1.0,8,0,56,2,14,10,stress,22,full_coverage_and_all_discovered_cleared,296,6346.728884,40.0,constant,,0.0406732089468278
5,1,True,0,5,3,3,0,near_collinear_min__n10__positive,near_collinear_min,7,30,10,10,331,,bounded_transverse_width,,base,0,0.04000899999999774,10,,0,0,,,False,0,first,0,0,8,688,2,2,0,30,2,36,0,3,2,319,history_first8_width015,[],22028.644430681954,0,,0.0,,False,0,634.6728884,"[1, 2, 5, 8, 11, 14, 15, 17, 18, 20]",30.0,4,148,1.0,8,0,56,2,14,10,stress,22,full_coverage_and_all_discovered_cleared,296,6346.728884,40.0,constant,,0.040033957979176193
5,1,True,0,5,3,3,0,near_collinear_min__n10__positive,near_collinear_min,7,30,10,10,331,,bounded_transverse_width,,base,0,0.03585000000000349,10,,0,0,,,False,0,ends,0,0,4,280,1,1,0,30,2,36,0,3,2,319,history_ends4_width015,[],22028.644430681954,0,,0.0,,False,0,634.6728884,"[1, 2, 5, 8, 11, 14, 15, 17, 18, 20]",30.0,4,148,1.0,8,0,56,2,14,10,stress,22,full_coverage_and_all_discovered_cleared,296,6346.728884,40.0,constant,,0.035974707978311926
5,1,True,0,5,3,3,0,near_collinear_min__n10__positive,near_collinear_min,7,30,10,10,331,,bounded_transverse_width,,base,0,0.04303900000000027,10,,0,0,,,False,0,ends,0,0,8,1122,2,2,0,30,2,36,0,3,2,319,history_ends8_width015,[],22028.644430681954,0,,0.0,,False,0,634.6728884,"[1, 2, 5, 8, 11, 14, 15, 17, 18, 20]",30.0,4,148,1.0,8,0,56,2,14,10,stress,22,full_coverage_and_all_discovered_cleared,296,6346.728884,40.0,constant,,0.04306958400411531
5,1,True,0,5,3,3,0,near_collinear_min__n10__positive,near_collinear_min,7,30,10,10,331,,bounded_transverse_width,,base,0,0.047316000000002134,10,,0,0,,,False,0,ends,0,0,16,1613,3,3,0,30,2,36,0,3,2,319,history_ends16_width015,[],22028.644430681954,0,,0.0,,False,0,634.6728884,"[1, 2, 5, 8, 11, 14, 15, 17, 18, 20]",30.0,4,148,1.0,8,0,56,2,14,10,stress,22,full_coverage_and_all_discovered_cleared,296,6346.728884,40.0,constant,,0.04734362498857081
17,4,True,0,17,3,3,0,near_collinear_min__n10__positive,near_collinear_min,7,0,10,10,351,,bounded_transverse_width,,arc,45,0.03121099999999899,10,cached_distance_prefix_sum,0,0,,,False,0,,,,,,,,0,0,4,0,0,5,3,339,fast_arc05_width015,[],23176.461710499836,0,,0.0,,False,0,669.0292337,"[1, 2, 5, 8, 11, 14, 15, 17, 18, 20]",30.0,4,148,0.5,13,8,1,4,23,10,stress,22,full_coverage_and_all_discovered_cleared,310,6690.292337,40.0,constant,,0.031212209025397897
17,4,True,0,17,3,3,0,near_collinear_min__n10__positive,near_collinear_min,7,0,10,10,351,,bounded_transverse_width,,arc,45,0.04743100000000311,10,cached_distance_prefix_sum,0,0,,,False,0,ends,0,0,8,1486,1,1,0,0,4,0,0,5,3,339,history_arc8_width015,[],23176.461710499836,0,,0.0,,False,0,669.0292337,"[1, 2, 5, 8, 11, 14, 15, 17, 18, 20]",30.0,4,148,0.5,13,8,1,4,23,10,stress,22,full_coverage_and_all_discovered_cleared,310,6690.292337,40.0,constant,,0.04745695897145197
18,4,True,0,18,1,3,0,near_collinear_min__n10__positive,near_collinear_min,9,0,12,10,364,,bounded_transverse_width,,locked,46,0.026796999999994853,10,cached_distance_prefix_sum,0,0,,,True,0,,,,,,,,0,0,2,0,0,5,3,350,fast_locked_width015,[],23824.585894565324,0,,0.0,,False,0,689.4917174,"[1, 2, 5, 8, 11, 14, 15, 17, 18, 20]",30.0,4,148,1.0,13,11,1,2,24,10,stress,22,full_coverage_and_all_discovered_cleared,324,6894.917174,40.0,constant,,0.0268183330190368
18,4,True,0,18,1,3,0,near_collinear_min__n10__positive,near_collinear_min,9,0,12,10,364,,bounded_transverse_width,,locked,46,0.044647999999995136,10,cached_distance_prefix_sum,0,0,,,True,0,ends,0,0,8,1498,6,5,0,0,2,0,0,5,3,350,history_locked8_width015,[],23858.253446317845,0,,0.0,,False,0,690.1650684,"[1, 2, 5, 8, 11, 14, 15, 17, 18, 20]",30.0,4,148,1.0,13,11,1,2,24,10,stress,22,full_coverage_and_all_discovered_cleared,324,6901.650684,40.0,constant,,0.044670249975752085
13,3,True,0,13,4,4,0,near_collinear_min__n10__negative,near_collinear_min,6,6,10,10,366,,bounded_transverse_width,,base,0,0.029496000000001743,10,,0,0,,,False,0,,,,,,,,0,6,4,42,0,4,2,354,range_width015,[],25145.520760718682,0,,0.0,,False,0,717.810415,"[1, 2, 5, 8, 11, 14, 15, 17, 18, 20]",30.0,4,149,1.0,14,3,0,4,20,10,stress,22,full_coverage_and_all_discovered_cleared,329,7178.10415,40.0,constant,,0.029549708997365087
12,3,True,0,12,3,3,0,near_collinear_min__n10__negative,near_collinear_min,7,6,10,10,367,,bounded_transverse_width,,base,0,0.043427000000001215,10,,0,0,,,False,0,recent,0,0,8,993,1,1,0,6,4,41,0,4,2,355,history_recent8_width015,[],24243.566250614487,0,,0.0,,False,0,700.2713249999999,"[1, 2, 5, 8, 11, 14, 15, 17, 18, 20]",30.0,4,149,1.0,13,3,0,4,19,10,stress,22,full_coverage_and_all_discovered_cleared,329,7002.71325,40.0,constant,,0.04348066699458286
12,3,True,0,12,3,3,0,near_collinear_min__n10__negative,near_collinear_min,7,6,10,10,367,,bounded_transverse_width,,base,0,0.04023199999999605,10,,0,0,,,False,0,first,0,0,8,993,1,1,0,6,4,41,0,4,2,355,history_first8_width015,[],24243.566250614487,0,,0.0,,False,0,700.2713249999999,"[1, 2, 5, 8, 11, 14, 15, 17, 18, 20]",30.0,4,149,1.0,13,3,0,4,19,10,stress,22,full_coverage_and_all_discovered_cleared,329,7002.71325,40.0,constant,,0.040262125025037676
12,3,True,0,12,3,3,0,near_collinear_min__n10__negative,near_collinear_min,7,6,10,10,367,,bounded_transverse_width,,base,0,0.036036000000002844,10,,0,0,,,False,0,ends,0,0,4,391,1,1,0,6,4,41,0,4,2,355,history_ends4_width015,[],24243.566250614487,0,,0.0,,False,0,700.2713249999999,"[1, 2, 5, 8, 11, 14, 15, 17, 18, 20]",30.0,4,149,1.0,13,3,0,4,19,10,stress,22,full_coverage_and_all_discovered_cleared,329,7002.71325,40.0,constant,,0.036044209031388164
12,3,True,0,12,3,3,0,near_collinear_min__n10__negative,near_collinear_min,7,6,10,10,367,,bounded_transverse_width,,base,0,0.04645100000000468,10,,0,0,,,False,0,ends,0,0,8,1450,1,1,0,6,4,41,0,4,2,355,history_ends8_width015,[],24243.566250614487,0,,0.0,,False,0,700.2713249999999,"[1, 2, 5, 8, 11, 14, 15, 17, 18, 20]",30.0,4,149,1.0,13,3,0,4,19,10,stress,22,full_coverage_and_all_discovered_cleared,329,7002.71325,40.0,constant,,0.04652479203650728
13,2,True,0,13,3,3,0,near_collinear_min__n10__negative,near_collinear_min,7,5,10,10,370,,bounded_transverse_width,,base,0,0.07526400000000422,10,,0,0,,,False,0,ends,0,0,16,4672,4,2,0,5,5,43,0,4,3,358,history_ends16_width015,[],23939.55547303605,0,,0.0,,False,0,695.8911094,"[1, 2, 5, 8, 11, 14, 15, 17, 18, 20]",30.0,4,149,1.0,17,3,0,5,21,10,stress,22,full_coverage_and_all_discovered_cleared,331,6958.911094,40.0,constant,,0.07535716600250453
7,1,True,0,7,4,4,0,near_collinear_min__n10__negative,near_collinear_min,6,26,10,10,347,,bounded_transverse_width,,arc,38,0.033619999999999095,10,cached_distance_prefix_sum,0,0,,,False,0,,,,,,,,0,26,4,0,0,3,2,335,fast_arc05_width015,[],21936.082396557715,0,,0.0,,False,0,642.3216476,"[1, 2, 5, 8, 11, 14, 15, 17, 18, 20]",30.0,4,149,0.5,8,0,49,4,16,10,stress,22,full_coverage_and_all_discovered_cleared,311,6423.216476,40.0,constant,,0.03362233401276171
7,1,True,0,7,4,4,0,near_collinear_min__n10__negative,near_collinear_min,6,28,10,10,345,,bounded_transverse_width,,arc,38,0.04792299999999727,10,cached_distance_prefix_sum,0,0,,,False,0,ends,0,0,8,1202,1,1,0,28,4,0,0,3,2,333,history_arc8_width015,[],21936.082396557715,0,,0.0,,False,0,641.1216476,"[1, 2, 5, 8, 11, 14, 15, 17, 18, 20]",30.0,4,149,0.5,8,0,49,4,16,10,stress,22,full_coverage_and_all_discovered_cleared,309,6411.216476,40.0,constant,,0.04795700003160164
15,3,True,0,15,1,2,0,near_collinear_min__n10__negative,near_collinear_min,9,0,11,10,362,,bounded_transverse_width,,locked,44,0.025424999999998477,10,cached_distance_prefix_sum,0,0,,,True,0,,,,,,,,0,0,2,0,0,3,3,349,fast_locked_width015,[],23786.894054528806,0,,0.0,,False,0,687.9378809,"[1, 2, 5, 8, 11, 14, 15, 17, 18, 20]",30.0,4,149,1.0,16,8,2,2,22,10,stress,22,full_coverage_and_all_discovered_cleared,324,6879.378809,40.0,constant,,0.02543645800324157
15,3,True,0,15,1,2,0,near_collinear_min__n10__negative,near_collinear_min,9,0,11,10,362,,bounded_transverse_width,,locked,44,0.04260099999999767,10,cached_distance_prefix_sum,0,0,,,True,0,ends,0,0,8,1398,6,5,0,0,2,0,0,3,3,349,history_locked8_width015,[],23790.92309301086,0,,0.0,,False,0,688.0184615999999,"[1, 2, 5, 8, 11, 14, 15, 17, 18, 20]",30.0,4,149,1.0,16,8,2,2,22,10,stress,22,full_coverage_and_all_discovered_cleared,324,6880.184616,40.0,constant,,0.042620915977749974
13,6,True,0,13,1,3,2,near_collinear_min__n10__spatial,near_collinear_min,9,0,12,10,349,,bounded_transverse_width,,base,0,0.030000999999998612,10,,0,0,,,False,0,,,,,,,,0,0,2,41,0,4,3,335,range_width015,[],25740.163116771077,0,,0.0,,False,0,718.8032618,"[1, 2, 5, 8, 11, 14, 15, 17, 18, 20]",30.0,4,150,1.0,13,2,2,2,19,10,stress,22,full_coverage_and_all_discovered_cleared,309,7188.032618,40.0,constant,,0.030012167000677437
11,5,True,0,11,1,2,2,near_collinear_min__n10__spatial,near_collinear_min,9,0,11,10,345,,bounded_transverse_width,,base,0,0.03850500000000068,10,,0,0,,,False,0,recent,0,0,8,609,5,5,0,0,2,40,0,4,3,332,history_recent8_width015,[],25565.177547675103,0,,0.0,,False,0,713.3035504000001,"[1, 2, 5, 8, 11, 14, 15, 17, 18, 20]",30.0,4,150,1.0,13,2,3,2,18,10,stress,22,full_coverage_and_all_discovered_cleared,307,7133.035504,40.0,constant,,0.03856004198314622
11,5,True,0,11,1,2,2,near_collinear_min__n10__spatial,near_collinear_min,9,0,11,10,345,,bounded_transverse_width,,base,0,0.0361430000000027,10,,0,0,,,False,0,first,0,0,8,609,5,5,0,0,2,40,0,4,3,332,history_first8_width015,[],25565.177547675103,0,,0.0,,False,0,713.3035504000001,"[1, 2, 5, 8, 11, 14, 15, 17, 18, 20]",30.0,4,150,1.0,13,2,3,2,18,10,stress,22,full_coverage_and_all_discovered_cleared,307,7133.035504,40.0,constant,,0.0361857499810867
11,5,True,0,11,1,2,2,near_collinear_min__n10__spatial,near_collinear_min,9,0,11,10,345,,bounded_transverse_width,,base,0,0.03473300000000279,10,,0,0,,,False,0,ends,0,0,4,334,5,5,0,0,2,40,0,4,3,332,history_ends4_width015,[],25565.177547675103,0,,0.0,,False,0,713.3035504000001,"[1, 2, 5, 8, 11, 14, 15, 17, 18, 20]",30.0,4,150,1.0,13,2,3,2,18,10,stress,22,full_coverage_and_all_discovered_cleared,307,7133.035504,40.0,constant,,0.03474749997258186
11,5,True,0,11,1,2,2,near_collinear_min__n10__spatial,near_collinear_min,9,0,11,10,345,,bounded_transverse_width,,base,0,0.04160399999999953,10,,0,0,,,False,0,ends,0,0,8,1042,5,5,0,0,2,40,0,4,3,332,history_ends8_width015,[],25565.177547675103,0,,0.0,,False,0,713.3035504000001,"[1, 2, 5, 8, 11, 14, 15, 17, 18, 20]",30.0,4,150,1.0,13,2,3,2,18,10,stress,22,full_coverage_and_all_discovered_cleared,307,7133.035504,40.0,constant,,0.04169291700236499
11,5,True,0,11,1,2,2,near_collinear_min__n10__spatial,near_collinear_min,9,0,11,10,345,,bounded_transverse_width,,base,0,0.05328399999999789,10,,0,0,,,False,0,ends,0,0,16,2295,7,7,0,0,2,40,0,4,3,332,history_ends16_width015,[],25565.177547675103,0,,0.0,,False,0,713.3035504000001,"[1, 2, 5, 8, 11, 14, 15, 17, 18, 20]",30.0,4,150,1.0,13,2,3,2,18,10,stress,22,full_coverage_and_all_discovered_cleared,307,7133.035504,40.0,constant,,0.053341083985287696
11,4,True,0,11,1,2,1,near_collinear_min__n10__spatial,near_collinear_min,9,12,11,10,351,,bounded_transverse_width,,arc,40,0.03406700000000029,10,cached_distance_prefix_sum,0,0,,,False,0,,,,,,,,0,12,5,0,0,4,2,338,fast_arc05_width015,[],22498.752436397197,0,,0.0,,False,0,655.8750484,"[1, 2, 5, 8, 11, 14, 15, 17, 18, 20]",30.0,4,150,0.5,9,0,57,5,18,10,stress,22,full_coverage_and_all_discovered_cleared,316,6558.750484,40.0,constant,,0.03411833301652223
12,4,True,0,12,0,1,1,near_collinear_min__n10__spatial,near_collinear_min,10,11,11,10,338,,bounded_transverse_width,,arc,41,0.05364999999999753,10,cached_distance_prefix_sum,0,0,,,False,0,ends,0,0,8,1549,2,2,0,11,5,0,0,4,2,325,history_arc8_width015,[],22790.6479733165,0,,0.0,,False,0,653.5129592000001,"[1, 2, 5, 8, 11, 14, 15, 17, 18, 20]",30.0,4,150,0.5,12,0,64,5,19,10,stress,22,full_coverage_and_all_discovered_cleared,299,6535.129592,40.0,constant,,0.05369637499097735
19,8,True,0,19,0,1,2,near_collinear_min__n10__spatial,near_collinear_min,10,0,11,10,368,,bounded_transverse_width,,locked,45,0.025833999999996138,10,cached_distance_prefix_sum,0,0,,,True,0,,,,,,,,0,0,2,0,0,3,2,355,fast_locked_width015,[],23935.841093036404,0,,0.0,,False,0,694.2168211999999,"[1, 2, 5, 8, 11, 14, 15, 17, 18, 20]",30.0,4,150,1.0,20,9,0,2,23,10,stress,22,full_coverage_and_all_discovered_cleared,327,6942.168212,40.0,constant,,0.025850499980151653
19,8,True,0,19,0,1,2,near_collinear_min__n10__spatial,near_collinear_min,10,0,11,10,368,,bounded_transverse_width,,locked,45,0.04602400000000273,10,cached_distance_prefix_sum,0,0,,,True,0,ends,0,0,8,1782,9,6,0,0,2,0,0,3,2,355,history_locked8_width015,[],23941.767123532205,0,,0.0,,False,0,694.3353419,"[1, 2, 5, 8, 11, 14, 15, 17, 18, 20]",30.0,4,150,1.0,20,9,0,2,23,10,stress,22,full_coverage_and_all_discovered_cleared,327,6943.353419,40.0,constant,,0.04603570798644796
14,3,True,0,14,9,9,0,near_collinear_min__n16__positive,near_collinear_min,7,6,16,16,288,,bounded_transverse_width,,base,0,0.03766899999999396,16,,0,0,,,False,0,,,,,,,,0,6,3,46,3,3,2,270,range_width015,[],22972.20898682153,0,,0.0,,False,0,391.7151121875,"[1, 2, 3, 4, 6, 7, 8, 10, 11, 12, 13, 15, 16, 18, 19, 20]",30.0,4,151,1.0,26,3,0,3,27,16,stress,19,public_upper_bound_16,243,6267.441795,40.0,constant,,0.03773733298294246
12,2,True,0,12,9,9,0,near_collinear_min__n16__positive,near_collinear_min,7,6,16,16,283,,bounded_transverse_width,,base,0,0.0494899999999987,16,,0,0,,,False,0,recent,0,0,8,1038,3,3,0,6,2,45,3,3,2,265,history_recent8_width015,[],22027.19912231436,0,,0.0,,False,0,378.277488875,"[1, 2, 3, 4, 6, 7, 8, 10, 11, 12, 13, 15, 16, 18, 19, 20]",30.0,4,151,1.0,23,3,0,2,26,16,stress,19,public_upper_bound_16,242,6052.439822,40.0,constant,,0.04958187497686595
12,2,True,0,12,9,9,0,near_collinear_min__n16__positive,near_collinear_min,7,6,16,16,283,,bounded_transverse_width,,base,0,0.04614000000000118,16,,0,0,,,False,0,first,0,0,8,1038,3,3,0,6,2,45,3,3,2,265,history_first8_width015,[],22027.19912231436,0,,0.0,,False,0,378.277488875,"[1, 2, 3, 4, 6, 7, 8, 10, 11, 12, 13, 15, 16, 18, 19, 20]",30.0,4,151,1.0,23,3,0,2,26,16,stress,19,public_upper_bound_16,242,6052.439822,40.0,constant,,0.04615870799170807
12,2,True,0,12,9,9,0,near_collinear_min__n16__positive,near_collinear_min,7,6,16,16,283,,bounded_transverse_width,,base,0,0.042527999999997235,16,,0,0,,,False,0,ends,0,0,4,438,1,1,0,6,2,45,3,3,2,265,history_ends4_width015,[],22003.897013222933,0,,0.0,,False,0,377.9862124375,"[1, 2, 3, 4, 6, 7, 8, 10, 11, 12, 13, 15, 16, 18, 19, 20]",30.0,4,151,1.0,23,3,0,2,26,16,stress,19,public_upper_bound_16,242,6047.779399,40.0,constant,,0.04254325001966208
12,2,True,0,12,9,9,0,near_collinear_min__n16__positive,near_collinear_min,7,6,16,16,283,,bounded_transverse_width,,base,0,0.05255499999999813,16,,0,0,,,False,0,ends,0,0,8,1615,3,3,0,6,2,45,3,3,2,265,history_ends8_width015,[],22027.19912231436,0,,0.0,,False,0,378.277488875,"[1, 2, 3, 4, 6, 7, 8, 10, 11, 12, 13, 15, 16, 18, 19, 20]",30.0,4,151,1.0,23,3,0,2,26,16,stress,19,public_upper_bound_16,242,6052.439822,40.0,constant,,0.05259258404839784
14,2,True,0,14,10,10,0,near_collinear_min__n16__positive,near_collinear_min,6,6,16,16,283,,bounded_transverse_width,,base,0,0.07452899999999829,16,,0,0,,,False,0,ends,0,0,16,4566,9,6,0,6,4,47,3,3,2,265,history_ends16_width015,[],22222.19450370067,0,,0.0,,False,0,380.839931125,"[1, 2, 3, 4, 6, 7, 8, 10, 11, 12, 13, 15, 16, 18, 19, 20]",30.0,4,151,1.0,21,3,0,4,28,16,stress,19,public_upper_bound_16,244,6093.438898,40.0,constant,,0.07458812498953193
25,4,True,0,25,4,7,0,near_collinear_min__n16__positive,near_collinear_min,12,2,19,16,251,,bounded_transverse_width,,arc,53,0.05068799999999385,16,cached_distance_prefix_sum,0,0,,,False,0,,,,,,,,0,2,8,0,6,4,3,230,fast_arc05_width015,[],20497.86758553893,0,,0.0,,False,0,346.660844625,"[1, 2, 3, 4, 6, 7, 8, 10, 11, 12, 13, 15, 16, 18, 19, 20]",30.0,4,151,0.5,14,9,5,9,37,16,stress,16,public_upper_bound_16,208,5546.573514,40.0,constant,,0.05073416599771008
24,4,True,0,24,5,6,0,near_collinear_min__n16__positive,near_collinear_min,11,6,17,16,289,,bounded_transverse_width,,arc,55,0.06531599999999571,16,cached_distance_prefix_sum,0,0,,,False,0,ends,0,0,8,1812,2,2,0,6,7,0,3,4,3,270,history_arc8_width015,[],23577.4172010299,0,,0.0,,False,0,399.655214875,"[1, 2, 3, 4, 6, 7, 8, 10, 11, 12, 13, 15, 16, 18, 19, 20]",30.0,4,151,0.5,17,4,7,9,36,16,stress,19,public_upper_bound_16,246,6394.483438,40.0,constant,,0.06541008298518136
20,5,True,0,20,2,3,0,near_collinear_min__n16__positive,near_collinear_min,14,0,17,16,290,,bounded_transverse_width,,locked,47,0.0403570000000002,16,cached_distance_prefix_sum,0,0,,,True,0,,,,,,,,0,0,3,0,6,4,3,271,fast_locked_width015,[],19517.32595738296,0,,0.0,,False,0,349.154074625,"[1, 2, 3, 4, 6, 7, 8, 10, 11, 12, 13, 15, 16, 18, 19, 20]",30.0,4,151,1.0,40,22,4,3,31,16,stress,16,public_upper_bound_16,245,5586.465194,40.0,constant,,0.040389084024354815
20,5,True,0,20,2,3,0,near_collinear_min__n16__positive,near_collinear_min,14,0,17,16,290,,bounded_transverse_width,,locked,47,0.06770699999999863,16,cached_distance_prefix_sum,0,0,,,True,0,ends,0,0,8,2695,15,11,0,0,3,0,6,4,3,271,history_locked8_width015,[],19511.15326597034,0,,0.0,,False,0,349.076915875,"[1, 2, 3, 4, 6, 7, 8, 10, 11, 12, 13, 15, 16, 18, 19, 20]",30.0,4,151,1.0,40,22,4,3,31,16,stress,16,public_upper_bound_16,245,5585.230654,40.0,constant,,0.06782120803836733
13,3,True,0,13,8,8,0,near_collinear_min__n16__negative,near_collinear_min,8,6,16,16,291,,bounded_transverse_width,,base,0,0.03716000000000008,16,,0,0,,,False,0,,,,,,,,0,6,2,45,3,3,2,273,range_width015,[],22745.084648304924,0,,0.0,,False,0,390.3135580625,"[1, 2, 3, 4, 6, 7, 8, 10, 11, 12, 13, 15, 16, 18, 19, 20]",30.0,4,152,1.0,30,4,0,2,26,16,stress,19,public_upper_bound_16,251,6245.016929,40.0,constant,,0.037241166981402785
12,2,True,0,12,8,8,0,near_collinear_min__n16__negative,near_collinear_min,8,6,16,16,283,,bounded_transverse_width,,base,0,0.04850499999999869,16,,0,0,,,False,0,recent,0,0,8,1019,2,2,0,6,2,45,3,3,2,265,history_recent8_width015,[],22025.46120766479,0,,0.0,,False,0,378.318265,"[1, 2, 3, 4, 6, 7, 8, 10, 11, 12, 13, 15, 16, 18, 19, 20]",30.0,4,152,1.0,23,4,0,2,26,16,stress,19,public_upper_bound_16,243,6053.09224,40.0,constant,,0.048545499972533435
12,2,True,0,12,8,8,0,near_collinear_min__n16__negative,near_collinear_min,8,6,16,16,283,,bounded_transverse_width,,base,0,0.04448800000000119,16,,0,0,,,False,0,first,0,0,8,1019,2,2,0,6,2,45,3,3,2,265,history_first8_width015,[],22025.46120766479,0,,0.0,,False,0,378.318265,"[1, 2, 3, 4, 6, 7, 8, 10, 11, 12, 13, 15, 16, 18, 19, 20]",30.0,4,152,1.0,23,4,0,2,26,16,stress,19,public_upper_bound_16,243,6053.09224,40.0,constant,,0.0445367909851484
12,2,True,0,12,8,8,0,near_collinear_min__n16__negative,near_collinear_min,8,6,16,16,283,,bounded_transverse_width,,base,0,0.04189800000000332,16,,0,0,,,False,0,ends,0,0,4,441,1,1,0,6,2,45,3,3,2,265,history_ends4_width015,[],22025.28805300891,0,,0.0,,False,0,378.3161005625,"[1, 2, 3, 4, 6, 7, 8, 10, 11, 12, 13, 15, 16, 18, 19, 20]",30.0,4,152,1.0,23,4,0,2,26,16,stress,19,public_upper_bound_16,243,6053.057609,40.0,constant,,0.04191708302823827
12,2,True,0,12,8,8,0,near_collinear_min__n16__negative,near_collinear_min,8,6,16,16,283,,bounded_transverse_width,,base,0,0.05169899999999927,16,,0,0,,,False,0,ends,0,0,8,1632,2,2,0,6,2,45,3,3,2,265,history_ends8_width015,[],22025.46120766479,0,,0.0,,False,0,378.318265,"[1, 2, 3, 4, 6, 7, 8, 10, 11, 12, 13, 15, 16, 18, 19, 20]",30.0,4,152,1.0,23,4,0,2,26,16,stress,19,public_upper_bound_16,243,6053.09224,40.0,constant,,0.051732624997384846
13,2,True,0,13,8,8,0,near_collinear_min__n16__negative,near_collinear_min,8,6,16,16,284,,bounded_transverse_width,,base,0,0.07641300000000228,16,,0,0,,,False,0,ends,0,0,16,4674,7,5,0,6,3,46,3,3,2,266,history_ends16_width015,[],22099.11001828094,0,,0.0,,False,0,379.551375125,"[1, 2, 3, 4, 6, 7, 8, 10, 11, 12, 13, 15, 16, 18, 19, 20]",30.0,4,152,1.0,23,4,0,3,27,16,stress,19,public_upper_bound_16,243,6072.822002,40.0,constant,,0.07646495796507224
10,1,True,0,10,6,6,0,near_collinear_min__n16__negative,near_collinear_min,10,0,16,16,279,,bounded_transverse_width,,arc,45,0.04003900000000016,16,cached_distance_prefix_sum,0,0,,,False,0,,,,,,,,0,0,4,0,2,3,2,261,fast_arc05_width015,[],21627.61483163442,0,,0.0,,False,0,371.6576853125,"[1, 2, 3, 4, 6, 7, 8, 10, 11, 12, 13, 15, 16, 18, 19, 20]",30.0,4,152,0.5,21,1,8,4,25,16,stress,20,public_upper_bound_16,236,5946.522965,40.0,constant,,0.04006533301435411
10,1,True,0,10,6,6,0,near_collinear_min__n16__negative,near_collinear_min,10,0,16,16,279,,bounded_transverse_width,,arc,45,0.05234699999999748,16,cached_distance_prefix_sum,0,0,,,False,0,ends,0,0,8,1144,5,4,0,0,4,0,2,3,2,261,history_arc8_width015,[],21448.50083893923,0,,0.0,,False,0,369.35626025,"[1, 2, 3, 4, 6, 7, 8, 10, 11, 12, 13, 15, 16, 18, 19, 20]",30.0,4,152,0.5,21,1,8,4,25,16,stress,20,public_upper_bound_16,235,5909.700164,40.0,constant,,0.052389999967999756
20,5,True,0,20,3,4,0,near_collinear_min__n16__negative,near_collinear_min,13,0,17,16,291,,bounded_transverse_width,,locked,47,0.0401509999999945,16,cached_distance_prefix_sum,0,0,,,True,0,,,,,,,,0,0,2,0,6,3,2,272,fast_locked_width015,[],19495.15983637046,0,,0.0,,False,0,349.3769979375,"[1, 2, 3, 4, 6, 7, 8, 10, 11, 12, 13, 15, 16, 18, 19, 20]",30.0,4,152,1.0,42,27,2,2,31,16,stress,16,public_upper_bound_16,248,5590.031967,40.0,constant,,0.04019358300138265
19,4,True,0,19,3,4,0,near_collinear_min__n16__negative,near_collinear_min,13,0,17,16,290,,bounded_transverse_width,,locked,47,0.06640900000000016,16,cached_distance_prefix_sum,0,0,,,True,0,ends,0,0,8,2650,13,8,0,0,2,0,6,3,2,271,history_locked8_width015,[],19387.781582741758,0,,0.0,,False,0,347.7222696875,"[1, 2, 3, 4, 6, 7, 8, 10, 11, 12, 13, 15, 16, 18, 19, 20]",30.0,4,152,1.0,42,27,2,2,31,16,stress,16,public_upper_bound_16,248,5563.556315,40.0,constant,,0.06645216600736603
21,12,True,0,21,3,8,4,near_collinear_min__n16__spatial,near_collinear_min,13,6,21,16,298,,bounded_transverse_width,,base,0,0.036417000000000144,16,,0,0,,,False,0,,,,,,,,0,6,4,48,3,3,2,275,range_width015,[],22330.447329138733,0,,0.0,,False,0,386.6305914375,"[1, 2, 3, 4, 6, 7, 8, 10, 11, 12, 13, 15, 16, 18, 19, 20]",30.0,4,153,1.0,24,5,0,4,29,16,stress,19,public_upper_bound_16,250,6186.089463,40.0,constant,,0.036440249998122454
23,11,True,0,23,4,10,4,near_collinear_min__n16__spatial,near_collinear_min,12,6,22,16,296,,bounded_transverse_width,,base,0,0.05167499999999592,16,,0,0,,,False,0,recent,0,0,8,1166,6,6,0,6,2,51,3,4,3,272,history_recent8_width015,[],22139.902912499707,0,,0.0,,False,0,383.3737861875,"[1, 2, 3, 4, 6, 7, 8, 10, 11, 12, 13, 15, 16, 18, 19, 20]",30.0,4,153,1.0,19,9,0,2,32,16,stress,19,public_upper_bound_16,248,6133.980579,40.0,constant,,0.05174279201310128
23,11,True,0,23,4,10,4,near_collinear_min__n16__spatial,near_collinear_min,12,6,22,16,296,,bounded_transverse_width,,base,0,0.04762800000000311,16,,0,0,,,False,0,first,0,0,8,1166,7,6,0,6,2,51,3,4,3,272,history_first8_width015,[],22139.902912499707,0,,0.0,,False,0,383.3737861875,"[1, 2, 3, 4, 6, 7, 8, 10, 11, 12, 13, 15, 16, 18, 19, 20]",30.0,4,153,1.0,19,9,0,2,32,16,stress,19,public_upper_bound_16,248,6133.980579,40.0,constant,,0.047648917010519654
18,9,True,0,18,4,8,3,near_collinear_min__n16__spatial,near_collinear_min,12,6,20,16,288,,bounded_transverse_width,,base,0,0.04206299999999885,16,,0,0,,,False,0,ends,0,0,4,458,6,4,0,6,3,47,3,3,2,266,history_ends4_width015,[],21462.48376810413,0,,0.0,,False,0,372.281046875,"[1, 2, 3, 4, 6, 7, 8, 10, 11, 12, 13, 15, 16, 18, 19, 20]",30.0,4,153,1.0,18,2,0,3,28,16,stress,19,public_upper_bound_16,242,5956.49675,40.0,constant,,0.042112666997127235
23,11,True,0,23,4,10,4,near_collinear_min__n16__spatial,near_collinear_min,12,6,22,16,296,,bounded_transverse_width,,base,0,0.055315000000000225,16,,0,0,,,False,0,ends,0,0,8,1886,8,6,0,6,2,51,3,4,3,272,history_ends8_width015,[],22139.902912499707,0,,0.0,,False,0,383.3737861875,"[1, 2, 3, 4, 6, 7, 8, 10, 11, 12, 13, 15, 16, 18, 19, 20]",30.0,4,153,1.0,19,9,0,2,32,16,stress,19,public_upper_bound_16,248,6133.980579,40.0,constant,,0.055350125010591
27,9,True,0,27,4,9,2,near_collinear_min__n16__spatial,near_collinear_min,12,6,21,16,301,,bounded_transverse_width,,base,0,0.09014300000000475,16,,0,0,,,False,0,ends,0,0,16,6067,13,7,0,6,3,55,3,4,3,278,history_ends16_width015,[],22927.695218084125,0,,0.0,,False,0,395.1586898125,"[1, 2, 3, 4, 6, 7, 8, 10, 11, 12, 13, 15, 16, 18, 19, 20]",30.0,4,153,1.0,21,17,0,3,36,16,stress,19,public_upper_bound_16,252,6322.539037,40.0,constant,,0.09021879197098315
21,7,True,0,21,4,6,2,near_collinear_min__n16__spatial,near_collinear_min,12,2,18,16,231,,bounded_transverse_width,,arc,46,0.04068599999999378,16,cached_distance_prefix_sum,0,0,,,False,0,,,,,,,,0,2,9,0,8,3,2,211,fast_arc05_width015,[],18003.81603588345,0,,0.0,,False,0,308.4227003125,"[1, 2, 3, 4, 6, 7, 8, 10, 11, 12, 13, 15, 16, 18, 19, 20]",30.0,4,153,0.5,15,7,6,9,32,16,stress,14,public_upper_bound_16,193,4934.763205,40.0,constant,,0.04075362498406321
24,9,True,0,24,2,5,3,near_collinear_min__n16__spatial,near_collinear_min,14,6,19,16,292,,bounded_transverse_width,,arc,53,0.06214299999999895,16,cached_distance_prefix_sum,0,0,,,False,0,ends,0,0,8,1886,7,5,0,6,8,0,3,3,3,271,history_arc8_width015,[],20915.644527997763,0,,0.0,,False,0,367.1330565625,"[1, 2, 3, 4, 6, 7, 8, 10, 11, 12, 13, 15, 16, 18, 19, 20]",30.0,4,153,0.5,17,2,0,8,34,16,stress,19,public_upper_bound_16,247,5874.128905,40.0,constant,,0.062161500041838735
20,6,True,0,20,2,4,1,near_collinear_min__n16__spatial,near_collinear_min,14,0,18,16,299,,bounded_transverse_width,,locked,47,0.037461999999997886,16,cached_distance_prefix_sum,0,0,,,True,0,,,,,,,,0,0,4,0,6,3,3,279,fast_locked_width015,[],19900.158704479345,0,,0.0,,False,0,357.25198375,"[1, 2, 3, 4, 6, 7, 8, 10, 11, 12, 13, 15, 16, 18, 19, 20]",30.0,4,153,1.0,50,17,0,4,31,16,stress,16,public_upper_bound_16,255,5716.03174,40.0,constant,,0.03747766697779298
20,6,True,0,20,1,3,1,near_collinear_min__n16__spatial,near_collinear_min,15,0,18,16,300,,bounded_transverse_width,,locked,47,0.06684200000000118,16,cached_distance_prefix_sum,0,0,,,True,0,ends,0,0,8,2940,14,10,0,0,4,0,6,3,3,280,history_locked8_width015,[],19640.69728247551,0,,0.0,,False,0,354.321216,"[1, 2, 3, 4, 6, 7, 8, 10, 11, 12, 13, 15, 16, 18, 19, 20]",30.0,4,153,1.0,51,17,0,4,31,16,stress,16,public_upper_bound_16,255,5669.139456,40.0,constant,,0.06688900000881404
13,6,True,0,13,4,5,2,unknown_count_late__n10__positive,unknown_count_late,6,15,11,10,421,,bounded_transverse_width,,base,0,0.030098999999999876,10,,0,0,,,False,0,,,,,,,,0,15,4,41,0,4,3,408,range_width015,[],22658.542086593174,0,,0.0,,False,0,700.4708412,"[1, 3, 5, 7, 8, 9, 10, 13, 14, 20]",30.0,4,154,1.0,16,13,17,4,19,10,stress,22,full_coverage_and_all_discovered_cleared,380,7004.708412,40.0,constant,,0.030127999954856932
14,7,True,0,14,4,4,2,unknown_count_late__n10__positive,unknown_count_late,6,15,10,10,421,,bounded_transverse_width,,base,0,0.050742999999997096,10,,0,0,,,False,0,recent,0,0,8,1684,11,5,0,15,4,41,0,5,3,409,history_recent8_width015,[],22688.069766052606,0,,0.0,,False,0,701.2613948000001,"[1, 3, 5, 7, 8, 9, 10, 13, 14, 20]",30.0,4,154,1.0,16,14,17,4,19,10,stress,22,full_coverage_and_all_discovered_cleared,380,7012.613948,40.0,constant,,0.050764082989189774
26,8,True,0,26,1,4,2,unknown_count_late__n10__positive,unknown_count_late,9,8,13,10,409,,bounded_transverse_width,,base,0,0.05648499999999501,10,,0,0,,,False,0,first,0,0,8,2020,18,12,0,8,8,52,0,5,3,394,history_first8_width015,[],25558.808555473253,0,,0.0,,False,0,750.5761708,"[1, 3, 5, 7, 8, 9, 10, 13, 14, 20]",30.0,4,154,1.0,32,27,11,11,30,10,stress,22,full_coverage_and_all_discovered_cleared,365,7505.761708,40.0,constant,,0.05655979202128947
13,6,True,0,13,4,5,2,unknown_count_late__n10__positive,unknown_count_late,6,15,11,10,421,,bounded_transverse_width,,base,0,0.04026200000000557,10,,0,0,,,False,0,ends,0,0,4,655,7,4,0,15,4,41,0,4,3,408,history_ends4_width015,[],22658.542086593174,0,,0.0,,False,0,700.4708412,"[1, 3, 5, 7, 8, 9, 10, 13, 14, 20]",30.0,4,154,1.0,16,13,17,4,19,10,stress,22,full_coverage_and_all_discovered_cleared,380,7004.708412,40.0,constant,,0.04029908304801211
26,8,True,0,26,1,4,2,unknown_count_late__n10__positive,unknown_count_late,9,8,13,10,409,,bounded_transverse_width,,base,0,0.07353100000000268,10,,0,0,,,False,0,ends,0,0,8,3503,18,12,0,8,8,52,0,5,3,394,history_ends8_width015,[],25558.808555473253,0,,0.0,,False,0,750.5761708,"[1, 3, 5, 7, 8, 9, 10, 13, 14, 20]",30.0,4,154,1.0,32,27,11,11,30,10,stress,22,full_coverage_and_all_discovered_cleared,365,7505.761708,40.0,constant,,0.07355845801066607
17,4,True,0,17,1,1,2,unknown_count_late__n10__positive,unknown_count_late,9,8,10,10,390,,bounded_transverse_width,,base,0,0.10032000000000352,10,,0,0,,,False,0,ends,0,0,16,7012,26,19,0,8,8,47,0,4,3,378,history_ends16_width015,[],24541.499759789353,0,,0.0,,False,0,720.2299949999999,"[1, 3, 5, 7, 8, 9, 10, 13, 14, 20]",30.0,4,154,1.0,24,23,11,10,25,10,stress,22,full_coverage_and_all_discovered_cleared,354,7202.29995,40.0,constant,,0.10042945801978931
20,6,True,0,20,4,4,2,unknown_count_late__n10__positive,unknown_count_late,6,20,10,10,361,,bounded_transverse_width,,arc,48,0.03861700000000212,10,cached_distance_prefix_sum,0,0,,,False,0,,,,,,,,0,20,6,0,0,4,3,349,fast_arc05_width015,[],21841.848219333024,0,,0.0,,False,0,648.4369638999999,"[1, 3, 5, 7, 8, 9, 10, 13, 14, 20]",30.0,4,154,0.5,1,18,0,6,26,10,stress,22,full_coverage_and_all_discovered_cleared,321,6484.369639,40.0,constant,,0.0386369579937309
20,6,True,0,20,4,4,2,unknown_count_late__n10__positive,unknown_count_late,6,20,10,10,361,,bounded_transverse_width,,arc,48,0.06741099999999989,10,cached_distance_prefix_sum,0,0,,,False,0,ends,0,0,8,2983,17,8,0,20,6,0,0,4,3,349,history_arc8_width015,[],21790.272965104123,0,,0.0,,False,0,647.4054588,"[1, 3, 5, 7, 8, 9, 10, 13, 14, 20]",30.0,4,154,0.5,1,18,0,6,26,10,stress,22,full_coverage_and_all_discovered_cleared,321,6474.054588,40.0,constant,,0.06748033402254805
18,6,True,0,18,0,3,2,unknown_count_late__n10__positive,unknown_count_late,10,0,13,10,315,,bounded_transverse_width,,locked,46,0.0283590000000018,10,cached_distance_prefix_sum,0,0,,,True,0,,,,,,,,0,0,3,0,0,4,3,300,fast_locked_width015,[],24357.530152524094,0,,0.0,,False,0,670.1506027,"[1, 3, 5, 7, 8, 9, 10, 13, 14, 20]",30.0,4,154,1.0,21,28,0,3,24,10,stress,22,full_coverage_and_all_discovered_cleared,271,6701.506027,40.0,constant,,0.02837612497387454
17,7,True,0,17,0,2,2,unknown_count_late__n10__positive,unknown_count_late,10,0,12,10,314,,bounded_transverse_width,,locked,44,0.034503999999998314,10,cached_distance_prefix_sum,0,0,,,True,0,ends,0,0,8,387,5,4,0,0,3,0,0,4,3,300,history_locked8_width015,[],23158.967445874405,0,,0.0,,False,0,645.8793486,"[1, 3, 5, 7, 8, 9, 10, 13, 14, 20]",30.0,4,154,1.0,22,27,0,3,22,10,stress,22,full_coverage_and_all_discovered_cleared,271,6458.793486,40.0,constant,,0.034531750017777085
12,6,True,0,12,5,6,2,unknown_count_late__n10__negative,unknown_count_late,5,13,11,10,428,,bounded_transverse_width,,base,0,0.028580999999995527,10,,0,0,,,False,0,,,,,,,,0,13,3,40,0,4,2,415,range_width015,[],24337.301346158245,0,,0.0,,False,0,738.6460261999999,"[1, 3, 5, 7, 8, 9, 10, 13, 14, 20]",30.0,4,155,1.0,22,19,19,3,18,10,stress,22,full_coverage_and_all_discovered_cleared,391,7386.460262,40.0,constant,,0.028636250004637986
11,5,True,0,11,0,3,2,unknown_count_late__n10__negative,unknown_count_late,10,18,13,10,418,,bounded_transverse_width,,base,0,0.05584000000000344,10,,0,0,,,False,0,recent,0,0,8,2412,5,4,0,18,2,40,0,4,2,403,history_recent8_width015,[],21887.771665778055,0,,0.0,,False,0,682.9554331,"[1, 3, 5, 7, 8, 9, 10, 13, 14, 20]",30.0,4,155,1.0,9,12,19,2,18,10,stress,22,full_coverage_and_all_discovered_cleared,378,6829.554331,40.0,constant,,0.05587533401558176
11,5,True,0,11,0,3,2,unknown_count_late__n10__negative,unknown_count_late,10,18,13,10,417,,bounded_transverse_width,,base,0,0.053057000000002574,10,,0,0,,,False,0,first,0,0,8,2384,6,5,0,18,2,40,0,4,2,402,history_first8_width015,[],21887.771665778055,0,,0.0,,False,0,682.2554331,"[1, 3, 5, 7, 8, 9, 10, 13, 14, 20]",30.0,4,155,1.0,8,10,19,2,18,10,stress,22,full_coverage_and_all_discovered_cleared,376,6822.554331,40.0,constant,,0.05312541703460738
12,6,True,0,12,5,6,2,unknown_count_late__n10__negative,unknown_count_late,5,13,11,10,428,,bounded_transverse_width,,base,0,0.04033699999999385,10,,0,0,,,False,0,ends,0,0,4,703,9,5,0,13,3,40,0,4,2,415,history_ends4_width015,[],24337.301346158245,0,,0.0,,False,0,738.6460261999999,"[1, 3, 5, 7, 8, 9, 10, 13, 14, 20]",30.0,4,155,1.0,22,19,19,3,18,10,stress,22,full_coverage_and_all_discovered_cleared,391,7386.460262,40.0,constant,,0.04040891694603488
11,5,True,0,11,0,3,2,unknown_count_late__n10__negative,unknown_count_late,10,18,13,10,417,,bounded_transverse_width,,base,0,0.0646770000000032,10,,0,0,,,False,0,ends,0,0,8,3615,6,5,0,18,2,40,0,4,2,402,history_ends8_width015,[],21887.771665778055,0,,0.0,,False,0,682.2554331,"[1, 3, 5, 7, 8, 9, 10, 13, 14, 20]",30.0,4,155,1.0,8,10,19,2,18,10,stress,22,full_coverage_and_all_discovered_cleared,376,6822.554331,40.0,constant,,0.06476062501315027
11,5,True,0,11,0,3,2,unknown_count_late__n10__negative,unknown_count_late,10,18,13,10,417,,bounded_transverse_width,,base,0,0.12276699999999607,10,,0,0,,,False,0,ends,0,0,16,11271,18,12,0,18,2,40,0,4,2,402,history_ends16_width015,[],21887.771665778055,0,,0.0,,False,0,682.2554331,"[1, 3, 5, 7, 8, 9, 10, 13, 14, 20]",30.0,4,155,1.0,8,10,19,2,18,10,stress,22,full_coverage_and_all_discovered_cleared,376,6822.554331,40.0,constant,,0.12289191695163026
16,4,True,0,16,2,2,2,unknown_count_late__n10__negative,unknown_count_late,8,0,10,10,298,,bounded_transverse_width,,arc,46,0.03321199999999891,10,cached_distance_prefix_sum,0,0,,,False,0,,,,,,,,0,0,6,0,0,4,3,286,fast_arc05_width015,[],21916.75801171963,0,,0.0,,False,0,612.6351594,"[1, 3, 5, 7, 8, 9, 10, 13, 14, 20]",30.0,4,155,0.5,5,0,0,6,24,10,stress,22,full_coverage_and_all_discovered_cleared,263,6126.351594,40.0,constant,,0.03324079199228436
16,4,True,0,16,2,2,2,unknown_count_late__n10__negative,unknown_count_late,8,0,10,10,298,,bounded_transverse_width,,arc,46,0.03835199999999617,10,cached_distance_prefix_sum,0,0,,,False,0,ends,0,0,8,252,6,4,0,0,6,0,0,4,3,286,history_arc8_width015,[],21916.75801171963,0,,0.0,,False,0,612.6351594,"[1, 3, 5, 7, 8, 9, 10, 13, 14, 20]",30.0,4,155,0.5,5,0,0,6,24,10,stress,22,full_coverage_and_all_discovered_cleared,263,6126.351594,40.0,constant,,0.03846783400513232
14,5,True,0,14,6,7,2,unknown_count_late__n10__negative,unknown_count_late,4,0,11,10,299,,bounded_transverse_width,,locked,43,0.027485999999996125,10,cached_distance_prefix_sum,0,0,,,True,0,,,,,,,,0,0,7,0,0,4,2,286,fast_locked_width015,[],21331.853913015817,0,,0.0,,False,0,600.7370776,"[1, 3, 5, 7, 8, 9, 10, 13, 14, 20]",30.0,4,155,1.0,5,2,0,7,21,10,stress,22,full_coverage_and_all_discovered_cleared,258,6007.370776,40.0,constant,,0.02755083399824798
14,5,True,0,14,6,7,2,unknown_count_late__n10__negative,unknown_count_late,4,0,11,10,299,,bounded_transverse_width,,locked,43,0.03282300000000049,10,cached_distance_prefix_sum,0,0,,,True,0,ends,0,0,8,275,4,3,0,0,7,0,0,4,2,286,history_locked8_width015,[],21331.853913015817,0,,0.0,,False,0,600.7370776,"[1, 3, 5, 7, 8, 9, 10, 13, 14, 20]",30.0,4,155,1.0,5,2,0,7,21,10,stress,22,full_coverage_and_all_discovered_cleared,258,6007.370776,40.0,constant,,0.0328495409921743
15,5,True,0,15,0,1,2,unknown_count_late__n10__spatial,unknown_count_late,10,0,11,10,324,,bounded_transverse_width,,base,0,0.027607000000003268,10,,0,0,,,False,0,,,,,,,,0,0,6,44,0,4,2,311,range_width015,[],23761.037217019337,0,,0.0,,False,0,664.4207442,"[1, 3, 5, 7, 8, 9, 10, 13, 14, 20]",30.0,4,156,1.0,12,0,1,6,22,10,stress,22,full_coverage_and_all_discovered_cleared,284,6644.207442,40.0,constant,,0.027626292023342103
25,11,True,0,25,0,2,4,unknown_count_late__n10__spatial,unknown_count_late,10,0,12,10,333,,bounded_transverse_width,,base,0,0.04248100000000221,10,,0,0,,,False,0,recent,0,0,8,764,17,14,0,0,6,50,0,4,3,319,history_recent8_width015,[],23202.192377333544,0,,0.0,,False,0,657.7438472,"[1, 3, 5, 7, 8, 9, 10, 13, 14, 20]",30.0,4,156,1.0,15,18,1,6,28,10,stress,22,full_coverage_and_all_discovered_cleared,286,6577.438472,40.0,constant,,0.04249783302657306
25,11,True,0,25,0,2,4,unknown_count_late__n10__spatial,unknown_count_late,10,0,12,10,333,,bounded_transverse_width,,base,0,0.04003900000000016,10,,0,0,,,False,0,first,0,0,8,764,17,14,0,0,6,50,0,4,3,319,history_first8_width015,[],23202.192377333544,0,,0.0,,False,0,657.7438472,"[1, 3, 5, 7, 8, 9, 10, 13, 14, 20]",30.0,4,156,1.0,15,18,1,6,28,10,stress,22,full_coverage_and_all_discovered_cleared,286,6577.438472,40.0,constant,,0.040063499996904284
15,5,True,0,15,0,1,2,unknown_count_late__n10__spatial,unknown_count_late,10,0,11,10,324,,bounded_transverse_width,,base,0,0.033304999999998586,10,,0,0,,,False,0,ends,0,0,4,355,4,3,0,0,6,44,0,4,2,311,history_ends4_width015,[],23761.037217019337,0,,0.0,,False,0,664.4207442,"[1, 3, 5, 7, 8, 9, 10, 13, 14, 20]",30.0,4,156,1.0,12,0,1,6,22,10,stress,22,full_coverage_and_all_discovered_cleared,284,6644.207442,40.0,constant,,0.0333196249557659
25,11,True,0,25,0,2,4,unknown_count_late__n10__spatial,unknown_count_late,10,0,12,10,333,,bounded_transverse_width,,base,0,0.04706400000000599,10,,0,0,,,False,0,ends,0,0,8,1321,17,14,0,0,6,50,0,4,3,319,history_ends8_width015,[],23202.192377333544,0,,0.0,,False,0,657.7438472,"[1, 3, 5, 7, 8, 9, 10, 13, 14, 20]",30.0,4,156,1.0,15,18,1,6,28,10,stress,22,full_coverage_and_all_discovered_cleared,286,6577.438472,40.0,constant,,0.04711658298037946
25,11,True,0,25,0,2,4,unknown_count_late__n10__spatial,unknown_count_late,10,0,12,10,333,,bounded_transverse_width,,base,0,0.05391800000000302,10,,0,0,,,False,0,ends,0,0,16,1769,28,15,0,0,6,50,0,4,3,319,history_ends16_width015,[],23128.164248658468,0,,0.0,,False,0,656.2632846,"[1, 3, 5, 7, 8, 9, 10, 13, 14, 20]",30.0,4,156,1.0,15,18,1,6,28,10,stress,22,full_coverage_and_all_discovered_cleared,286,6562.632846,40.0,constant,,0.053932957991492
17,5,True,0,17,0,2,2,unknown_count_late__n10__spatial,unknown_count_late,10,0,12,10,304,,bounded_transverse_width,,arc,46,0.03418600000000538,10,cached_distance_prefix_sum,0,0,,,False,0,,,,,,,,0,0,6,0,0,4,3,290,fast_arc05_width015,[],20909.509949652722,0,,0.0,,False,0,595.1901988,"[1, 3, 5, 7, 8, 9, 10, 13, 14, 20]",30.0,4,156,0.5,3,4,1,6,24,10,stress,22,full_coverage_and_all_discovered_cleared,264,5951.901988,40.0,constant,,0.03423912497237325
17,5,True,0,17,0,2,2,unknown_count_late__n10__spatial,unknown_count_late,10,0,12,10,304,,bounded_transverse_width,,arc,46,0.041424000000006345,10,cached_distance_prefix_sum,0,0,,,False,0,ends,0,0,8,408,7,4,0,0,6,0,0,4,3,290,history_arc8_width015,[],20909.509949652722,0,,0.0,,False,0,595.1901988,"[1, 3, 5, 7, 8, 9, 10, 13, 14, 20]",30.0,4,156,0.5,3,4,1,6,24,10,stress,22,full_coverage_and_all_discovered_cleared,264,5951.901988,40.0,constant,,0.04147808300331235
19,7,True,0,19,0,2,3,unknown_count_late__n10__spatial,unknown_count_late,10,0,12,10,315,,bounded_transverse_width,,locked,47,0.02700699999999756,10,cached_distance_prefix_sum,0,0,,,True,0,,,,,,,,0,0,5,0,0,5,3,301,fast_locked_width015,[],24341.265173370914,0,,0.0,,False,0,669.7253028,"[1, 3, 5, 7, 8, 9, 10, 13, 14, 20]",30.0,4,156,1.0,21,18,0,5,25,10,stress,22,full_coverage_and_all_discovered_cleared,268,6697.253028,40.0,constant,,0.027025874995160848
17,6,True,0,17,0,3,2,unknown_count_late__n10__spatial,unknown_count_late,10,0,13,10,313,,bounded_transverse_width,,locked,45,0.03392900000000054,10,cached_distance_prefix_sum,0,0,,,True,0,ends,0,0,8,391,5,4,0,0,3,0,0,4,3,298,history_locked8_width015,[],24343.972754218223,0,,0.0,,False,0,668.3794546,"[1, 3, 5, 7, 8, 9, 10, 13, 14, 20]",30.0,4,156,1.0,20,23,0,3,23,10,stress,22,full_coverage_and_all_discovered_cleared,266,6683.794546,40.0,constant,,0.03394724999088794
37,14,True,0,37,4,6,2,unknown_count_late__n16__positive,unknown_count_late,12,0,18,16,227,,bounded_transverse_width,,base,0,0.04615799999999837,16,,0,0,,,False,0,,,,,,,,0,0,10,52,11,6,3,207,range_width015,[],18025.317901698076,0,,0.0,,False,0,306.8164736875,"[1, 2, 3, 4, 5, 6, 7, 9, 10, 12, 14, 15, 16, 18, 19, 20]",30.0,4,157,1.0,56,65,0,11,41,16,stress,11,public_upper_bound_16,183,4909.063579,40.0,constant,,0.046223416982684284
37,14,True,0,37,4,6,2,unknown_count_late__n16__positive,unknown_count_late,12,0,18,16,227,,bounded_transverse_width,,base,0,0.06874300000000488,16,,0,0,,,False,0,recent,0,0,8,1930,11,5,0,0,10,52,11,6,3,207,history_recent8_width015,[],18025.060556383196,0,,0.0,,False,0,306.813256875,"[1, 2, 3, 4, 5, 6, 7, 9, 10, 12, 14, 15, 16, 18, 19, 20]",30.0,4,157,1.0,56,65,0,11,41,16,stress,11,public_upper_bound_16,183,4909.01211,40.0,constant,,0.06879958399804309
37,14,True,0,37,4,6,2,unknown_count_late__n16__positive,unknown_count_late,12,0,18,16,227,,bounded_transverse_width,,base,0,0.06261200000000144,16,,0,0,,,False,0,first,0,0,8,1930,11,5,0,0,10,52,11,6,3,207,history_first8_width015,[],18025.060556383196,0,,0.0,,False,0,306.813256875,"[1, 2, 3, 4, 5, 6, 7, 9, 10, 12, 14, 15, 16, 18, 19, 20]",30.0,4,157,1.0,56,65,0,11,41,16,stress,11,public_upper_bound_16,183,4909.01211,40.0,constant,,0.06264495803043246
37,14,True,0,37,4,6,2,unknown_count_late__n16__positive,unknown_count_late,12,0,18,16,227,,bounded_transverse_width,,base,0,0.05774700000000621,16,,0,0,,,False,0,ends,0,0,4,977,4,3,0,0,10,52,11,6,3,207,history_ends4_width015,[],18025.317901698076,0,,0.0,,False,0,306.8164736875,"[1, 2, 3, 4, 5, 6, 7, 9, 10, 12, 14, 15, 16, 18, 19, 20]",30.0,4,157,1.0,56,65,0,11,41,16,stress,11,public_upper_bound_16,183,4909.063579,40.0,constant,,0.05779929197160527
37,14,True,0,37,4,6,2,unknown_count_late__n16__positive,unknown_count_late,12,0,18,16,227,,bounded_transverse_width,,base,0,0.07923200000000463,16,,0,0,,,False,0,ends,0,0,8,3501,11,5,0,0,10,52,11,6,3,207,history_ends8_width015,[],18025.060556383196,0,,0.0,,False,0,306.813256875,"[1, 2, 3, 4, 5, 6, 7, 9, 10, 12, 14, 15, 16, 18, 19, 20]",30.0,4,157,1.0,56,65,0,11,41,16,stress,11,public_upper_bound_16,183,4909.01211,40.0,constant,,0.07932441699085757
37,14,True,0,37,4,6,2,unknown_count_late__n16__positive,unknown_count_late,12,0,18,16,227,,bounded_transverse_width,,base,0,0.09889600000000343,16,,0,0,,,False,0,ends,0,0,16,6236,12,5,0,0,10,52,11,6,3,207,history_ends16_width015,[],17950.740321696,0,,0.0,,False,0,305.8842539375,"[1, 2, 3, 4, 5, 6, 7, 9, 10, 12, 14, 15, 16, 18, 19, 20]",30.0,4,157,1.0,56,65,0,11,41,16,stress,11,public_upper_bound_16,183,4894.148063,40.0,constant,,0.09895224997308105
37,8,True,0,37,4,4,2,unknown_count_late__n16__positive,unknown_count_late,12,0,16,16,216,,bounded_transverse_width,,arc,64,0.05392899999999656,16,cached_distance_prefix_sum,0,0,,,False,2,,,,,,,,0,0,11,0,3,4,3,198,fast_arc05_width015,[],21227.174068006352,0,,0.0,,False,0,342.5271755,"[1, 2, 3, 4, 5, 6, 7, 9, 10, 12, 14, 15, 16, 18, 19, 20]",30.0,4,157,0.5,12,10,0,16,47,16,stress,19,public_upper_bound_16,165,5480.434808,40.0,constant,,0.0539556669536978
37,8,True,0,37,4,4,2,unknown_count_late__n16__positive,unknown_count_late,12,0,16,16,213,,bounded_transverse_width,,arc,66,0.06075699999999529,16,cached_distance_prefix_sum,0,0,,,False,0,ends,0,0,8,451,6,5,0,0,11,0,3,4,3,195,history_arc8_width015,[],21164.3180855116,0,,0.0,,False,0,340.7414756875,"[1, 2, 3, 4, 5, 6, 7, 9, 10, 12, 14, 15, 16, 18, 19, 20]",30.0,4,157,0.5,9,11,0,15,47,16,stress,19,public_upper_bound_16,164,5451.863611,40.0,constant,,0.0607989999698475
31,10,True,0,31,7,8,2,unknown_count_late__n16__positive,unknown_count_late,9,0,17,16,234,,bounded_transverse_width,,locked,56,0.04706600000000094,16,cached_distance_prefix_sum,0,0,,,True,0,,,,,,,,0,0,11,0,5,6,3,215,fast_locked_width015,[],21444.10607301242,0,,0.0,,False,0,352.05132575,"[1, 2, 3, 4, 5, 6, 7, 9, 10, 12, 14, 15, 16, 18, 19, 20]",30.0,4,157,1.0,34,35,1,11,39,16,stress,17,public_upper_bound_16,186,5632.821212,40.0,constant,,0.0471403329866007
31,10,True,0,31,7,8,2,unknown_count_late__n16__positive,unknown_count_late,9,0,17,16,234,,bounded_transverse_width,,locked,56,0.0671389999999974,16,cached_distance_prefix_sum,0,0,,,True,0,ends,0,0,8,2059,4,3,0,0,11,0,5,6,3,215,history_locked8_width015,[],21444.10607301242,0,,0.0,,False,0,352.05132575,"[1, 2, 3, 4, 5, 6, 7, 9, 10, 12, 14, 15, 16, 18, 19, 20]",30.0,4,157,1.0,34,35,1,11,39,16,stress,17,public_upper_bound_16,186,5632.821212,40.0,constant,,0.06719162501394749
38,10,True,0,38,6,7,2,unknown_count_late__n16__negative,unknown_count_late,10,0,17,16,222,,bounded_transverse_width,,base,0,0.049906000000000006,16,,0,0,,,False,0,,,,,,,,0,0,12,57,11,4,3,203,range_width015,[],19446.966392589216,0,,0.0,,False,0,322.83707975,"[1, 2, 3, 4, 5, 6, 7, 9, 10, 12, 14, 15, 16, 18, 19, 20]",30.0,4,158,1.0,51,42,0,13,46,16,stress,11,public_upper_bound_16,178,5165.393276,40.0,constant,,0.049932625028304756
38,10,True,0,38,6,7,2,unknown_count_late__n16__negative,unknown_count_late,10,0,17,16,221,,bounded_transverse_width,,base,0,0.07218000000000302,16,,0,0,,,False,0,recent,0,0,8,1647,13,7,0,0,10,57,11,4,3,202,history_recent8_width015,[],18891.39292129006,0,,0.0,,False,0,315.454911375,"[1, 2, 3, 4, 5, 6, 7, 9, 10, 12, 14, 15, 16, 18, 19, 20]",30.0,4,158,1.0,50,41,0,11,46,16,stress,11,public_upper_bound_16,176,5047.278582,40.0,constant,,0.0723186670220457
38,10,True,0,38,6,7,2,unknown_count_late__n16__negative,unknown_count_late,10,0,17,16,221,,bounded_transverse_width,,base,0,0.06490700000000516,16,,0,0,,,False,0,first,0,0,8,1652,12,6,0,0,11,57,11,4,3,202,history_first8_width015,[],19464.82603315778,0,,0.0,,False,0,322.747825375,"[1, 2, 3, 4, 5, 6, 7, 9, 10, 12, 14, 15, 16, 18, 19, 20]",30.0,4,158,1.0,50,43,0,12,46,16,stress,11,public_upper_bound_16,178,5163.965206,40.0,constant,,0.06494412501342595
38,10,True,0,38,6,7,2,unknown_count_late__n16__negative,unknown_count_late,10,0,17,16,221,,bounded_transverse_width,,base,0,0.06080700000000405,16,,0,0,,,False,0,ends,0,0,4,862,7,6,0,0,10,57,11,4,3,202,history_ends4_width015,[],18891.65026660494,0,,0.0,,False,0,315.4581281875,"[1, 2, 3, 4, 5, 6, 7, 9, 10, 12, 14, 15, 16, 18, 19, 20]",30.0,4,158,1.0,50,41,0,11,46,16,stress,11,public_upper_bound_16,176,5047.330051,40.0,constant,,0.060845542000606656
38,10,True,0,38,6,7,2,unknown_count_late__n16__negative,unknown_count_late,10,0,17,16,221,,bounded_transverse_width,,base,0,0.07827299999999582,16,,0,0,,,False,0,ends,0,0,8,2944,13,7,0,0,10,57,11,4,3,202,history_ends8_width015,[],18891.39292129006,0,,0.0,,False,0,315.454911375,"[1, 2, 3, 4, 5, 6, 7, 9, 10, 12, 14, 15, 16, 18, 19, 20]",30.0,4,158,1.0,50,41,0,11,46,16,stress,11,public_upper_bound_16,176,5047.278582,40.0,constant,,0.0784089170047082
38,10,True,0,38,6,7,2,unknown_count_late__n16__negative,unknown_count_late,10,0,17,16,221,,bounded_transverse_width,,base,0,0.09561500000000223,16,,0,0,,,False,0,ends,0,0,16,5105,16,7,0,0,10,57,11,4,3,202,history_ends16_width015,[],18817.13646301652,0,,0.0,,False,0,314.526705625,"[1, 2, 3, 4, 5, 6, 7, 9, 10, 12, 14, 15, 16, 18, 19, 20]",30.0,4,158,1.0,50,41,0,11,46,16,stress,11,public_upper_bound_16,176,5032.42729,40.0,constant,,0.09574041597079486
44,11,True,0,44,3,4,2,unknown_count_late__n16__negative,unknown_count_late,13,0,17,16,179,,bounded_transverse_width,,arc,60,0.053615000000000634,16,cached_distance_prefix_sum,0,0,,,False,0,,,,,,,,0,0,12,0,13,5,3,160,fast_arc05_width015,[],14260.43604506687,0,,0.0,,False,0,242.0679505625,"[1, 2, 3, 4, 5, 6, 7, 9, 10, 12, 14, 15, 16, 18, 19, 20]",30.0,4,158,0.5,17,16,0,13,51,16,stress,9,public_upper_bound_16,138,3873.087209,40.0,constant,,0.05365366698242724
45,11,True,0,45,2,3,2,unknown_count_late__n16__negative,unknown_count_late,14,0,17,16,180,,bounded_transverse_width,,arc,61,0.07004799999999989,16,cached_distance_prefix_sum,0,0,,,False,0,ends,0,0,8,1124,11,6,0,0,12,0,13,5,3,161,history_arc8_width015,[],14254.741957122433,0,,0.0,,False,0,242.3092744375,"[1, 2, 3, 4, 5, 6, 7, 9, 10, 12, 14, 15, 16, 18, 19, 20]",30.0,4,158,0.5,17,16,0,13,52,16,stress,9,public_upper_bound_16,138,3876.948391,40.0,constant,,0.07007254200289026
34,13,True,0,34,3,6,2,unknown_count_late__n16__negative,unknown_count_late,13,0,19,16,255,,bounded_transverse_width,,locked,56,0.05266199999999799,16,cached_distance_prefix_sum,0,0,,,True,0,,,,,,,,0,0,7,0,5,5,3,234,fast_locked_width015,[],21866.297460481608,0,,0.0,,False,0,364.516218,"[1, 2, 3, 4, 5, 6, 7, 9, 10, 12, 14, 15, 16, 18, 19, 20]",30.0,4,158,1.0,40,89,2,7,39,16,stress,17,public_upper_bound_16,200,5832.259488,40.0,constant,,0.052752040966879576
32,12,True,0,32,3,5,2,unknown_count_late__n16__negative,unknown_count_late,13,0,18,16,252,,bounded_transverse_width,,locked,55,0.07703199999999555,16,cached_distance_prefix_sum,0,0,,,True,0,ends,0,0,8,2582,8,7,0,0,7,0,5,5,3,232,history_locked8_width015,[],21691.077741697332,0,,0.0,,False,0,361.4509715625,"[1, 2, 3, 4, 5, 6, 7, 9, 10, 12, 14, 15, 16, 18, 19, 20]",30.0,4,158,1.0,40,77,2,7,38,16,stress,17,public_upper_bound_16,199,5783.215545,40.0,constant,,0.07710866699926555
28,9,True,0,28,3,4,3,unknown_count_late__n16__spatial,unknown_count_late,13,0,17,16,207,,bounded_transverse_width,,base,0,0.03653999999999513,16,,0,0,,,False,0,,,,,,,,0,0,7,57,3,4,3,188,range_width015,[],22548.416012734706,0,,0.0,,False,0,355.48019975,"[1, 2, 3, 4, 5, 6, 7, 9, 10, 12, 14, 15, 16, 18, 19, 20]",30.0,4,159,1.0,11,5,0,7,38,16,stress,19,public_upper_bound_16,155,5687.683196,40.0,constant,,0.03658091597026214
27,9,True,0,27,3,3,3,unknown_count_late__n16__spatial,unknown_count_late,13,0,16,16,205,,bounded_transverse_width,,base,0,0.04195699999999647,16,,0,0,,,False,0,recent,0,0,8,358,6,5,0,0,7,56,3,4,3,187,history_recent8_width015,[],22477.306503517568,0,,0.0,,False,0,354.091330875,"[1, 2, 3, 4, 5, 6, 7, 9, 10, 12, 14, 15, 16, 18, 19, 20]",30.0,4,159,1.0,11,5,0,7,37,16,stress,19,public_upper_bound_16,155,5665.461294,40.0,constant,,0.041979625006206334
26,7,True,0,26,3,4,2,unknown_count_late__n16__spatial,unknown_count_late,13,0,17,16,205,,bounded_transverse_width,,base,0,0.041035999999998296,16,,0,0,,,False,0,first,0,0,8,350,6,5,0,0,7,56,3,4,3,186,history_first8_width015,[],22479.05557239765,0,,0.0,,False,0,353.98819425,"[1, 2, 3, 4, 5, 6, 7, 9, 10, 12, 14, 15, 16, 18, 19, 20]",30.0,4,159,1.0,11,5,0,7,37,16,stress,19,public_upper_bound_16,155,5663.811108,40.0,constant,,0.041071167041081935
27,7,True,0,27,3,5,2,unknown_count_late__n16__spatial,unknown_count_late,13,0,18,16,207,,bounded_transverse_width,,base,0,0.04159599999999841,16,,0,0,,,False,0,ends,0,0,4,311,5,4,0,0,7,57,3,4,3,187,history_ends4_width015,[],22557.553761632982,0,,0.0,,False,0,355.469421625,"[1, 2, 3, 4, 5, 6, 7, 9, 10, 12, 14, 15, 16, 18, 19, 20]",30.0,4,159,1.0,11,5,0,7,38,16,stress,19,public_upper_bound_16,155,5687.510746,40.0,constant,,0.04160933301318437
26,7,True,0,26,3,4,2,unknown_count_late__n16__spatial,unknown_count_late,13,0,17,16,205,,bounded_transverse_width,,base,0,0.043439000000006445,16,,0,0,,,False,0,ends,0,0,8,501,6,5,0,0,7,56,3,4,3,186,history_ends8_width015,[],22479.05557239765,0,,0.0,,False,0,353.98819425,"[1, 2, 3, 4, 5, 6, 7, 9, 10, 12, 14, 15, 16, 18, 19, 20]",30.0,4,159,1.0,11,5,0,7,37,16,stress,19,public_upper_bound_16,155,5663.811108,40.0,constant,,0.04347687499830499
26,7,True,0,26,3,4,2,unknown_count_late__n16__spatial,unknown_count_late,13,0,17,16,205,,bounded_transverse_width,,base,0,0.0483120000000028,16,,0,0,,,False,0,ends,0,0,16,961,10,7,0,0,7,56,3,4,3,186,history_ends16_width015,[],22478.79822708277,0,,0.0,,False,0,353.9849774375,"[1, 2, 3, 4, 5, 6, 7, 9, 10, 12, 14, 15, 16, 18, 19, 20]",30.0,4,159,1.0,11,5,0,7,37,16,stress,19,public_upper_bound_16,155,5663.759639,40.0,constant,,0.04836337495362386
43,14,True,0,43,0,0,4,unknown_count_late__n16__spatial,unknown_count_late,16,0,16,16,170,,bounded_transverse_width,,arc,52,0.04817699999999547,16,cached_distance_prefix_sum,0,0,,,False,6,,,,,,,,0,0,13,0,13,6,3,152,fast_arc05_width015,[],14265.31230626765,0,,0.0,,False,0,238.5664036875,"[1, 2, 3, 4, 5, 6, 7, 9, 10, 12, 14, 15, 16, 18, 19, 20]",30.0,4,159,0.5,8,14,0,16,49,16,stress,9,public_upper_bound_16,124,3817.062459,40.0,constant,,0.048213583999313414
36,9,True,0,36,0,1,3,unknown_count_late__n16__spatial,unknown_count_late,16,0,17,16,211,,bounded_transverse_width,,arc,55,0.05621899999999869,16,cached_distance_prefix_sum,0,0,,,False,10,ends,0,0,8,559,9,7,0,0,12,0,3,4,3,192,history_arc8_width015,[],21673.595586873693,0,,0.0,,False,0,346.044944625,"[1, 2, 3, 4, 5, 6, 7, 9, 10, 12, 14, 15, 16, 18, 19, 20]",30.0,4,159,0.5,8,1,0,16,46,16,stress,19,public_upper_bound_16,159,5536.719114,40.0,constant,,0.05629008403047919
35,14,True,0,35,1,6,3,unknown_count_late__n16__spatial,unknown_count_late,15,0,21,16,240,,bounded_transverse_width,,locked,57,0.048384999999996126,16,cached_distance_prefix_sum,0,0,,,True,0,,,,,,,,0,0,9,0,5,6,3,217,fast_locked_width015,[],22018.31275035546,0,,0.0,,False,0,360.4789090625,"[1, 2, 3, 4, 5, 6, 7, 9, 10, 12, 14, 15, 16, 18, 19, 20]",30.0,4,159,1.0,30,64,1,11,40,16,stress,17,public_upper_bound_16,184,5767.662545,40.0,constant,,0.04842524998821318
35,14,True,0,35,1,6,3,unknown_count_late__n16__spatial,unknown_count_late,15,0,21,16,240,,bounded_transverse_width,,locked,57,0.06863599999999792,16,cached_distance_prefix_sum,0,0,,,True,0,ends,0,0,8,1960,9,6,0,0,9,0,5,6,3,217,history_locked8_width015,[],22044.689150704096,0,,0.0,,False,0,360.808614125,"[1, 2, 3, 4, 5, 6, 7, 9, 10, 12, 14, 15, 16, 18, 19, 20]",30.0,4,159,1.0,30,64,1,11,40,16,stress,17,public_upper_bound_16,184,5772.937826,40.0,constant,,0.06872591696446761
