OFFICIAL_ABLATION_VARIANT {"problem": 3, "variant": "full__g20", "guest_code": "C:\\BAblation-20260913\\B"}
GUI_JOB {"action": "dry-run", "folder": "001-0-dry-run"}
WAIT_GUI {"seconds_remaining": 60}
GUI_RESULT {"status": "dry-run-ready", "ok": true, "clicks": 0, "robot_started": false}
READ_ONLY_DB_COPY {"label": "001-db-before", "rows": 19}
GUI_JOB {"action": "run", "folder": "002-1-run"}
WAIT_GUI {"seconds_remaining": 1320}
GUI_RESULT {"robot_exit": 0, "case_code": "TZJE-AMWT-MRYS-SCCE", "ok": true, "robot_started": true, "status": "robot-completed", "clicks": 1}
READ_ONLY_DB_COPY {"label": "001-db-after-0", "rows": 20}
AUTHORITATIVE_RESULT {"id": 20, "team_no": "202623001141", "problem_no": 3, "practice_run_no": 7181854399367266736, "case_code": "TZJE-AMWT-MRYS-SCCE", "entered": 1, "jammer_count": 12, "cleared_jammer_count": 12, "clear_failure_count": 0, "virtual_time_us": 2966339870, "end_reason": "user_exit", "created_at_ms": 1789236569607}
GUI_JOB {"action": "return", "folder": "003-1-return"}
WAIT_GUI {"seconds_remaining": 60}
GUI_RESULT {"status": "returned-to-practice", "ok": true, "clicks": 2, "robot_started": false}
OFFICIAL_BATCH_PROGRESS 1 160 {'id': 20, 'team_no': '202623001141', 'problem_no': 3, 'practice_run_no': 7181854399367266736, 'case_code': 'TZJE-AMWT-MRYS-SCCE', 'entered': 1, 'jammer_count': 12, 'cleared_jammer_count': 12, 'clear_failure_count': 0, 'virtual_time_us': 2966339870, 'end_reason': 'user_exit', 'created_at_ms': 1789236569607}
OFFICIAL_ABLATION_VARIANT {"problem": 4, "variant": "full__g35", "guest_code": "C:\\BAblation-20260913\\B"}
GUI_JOB {"action": "dry-run", "folder": "001-0-dry-run"}
WAIT_GUI {"seconds_remaining": 60}
GUI_RESULT {"status": "dry-run-ready", "ok": true, "clicks": 0, "robot_started": false}
READ_ONLY_DB_COPY {"label": "001-db-before", "rows": 20}
GUI_JOB {"action": "run", "folder": "002-1-run"}
WAIT_GUI {"seconds_remaining": 1320}
GUI_RESULT {"robot_exit": 0, "case_code": "K5C7-ES2C-ZDQA-EXJK", "ok": true, "robot_started": true, "status": "robot-completed", "clicks": 1}
READ_ONLY_DB_COPY {"label": "001-db-after-0", "rows": 21}
AUTHORITATIVE_RESULT {"id": 21, "team_no": "202623001141", "problem_no": 4, "practice_run_no": 807491118112395669, "case_code": "K5C7-ES2C-ZDQA-EXJK", "entered": 1, "jammer_count": 13, "cleared_jammer_count": 13, "clear_failure_count": 0, "virtual_time_us": 6604908719, "end_reason": "user_exit", "created_at_ms": 1789236602103}
GUI_JOB {"action": "return", "folder": "003-1-return"}
WAIT_GUI {"seconds_remaining": 60}
GUI_RESULT {"status": "returned-to-practice", "ok": true, "clicks": 2, "robot_started": false}
OFFICIAL_BATCH_PROGRESS 2 160 {'id': 21, 'team_no': '202623001141', 'problem_no': 4, 'practice_run_no': 807491118112395669, 'case_code': 'K5C7-ES2C-ZDQA-EXJK', 'entered': 1, 'jammer_count': 13, 'cleared_jammer_count': 13, 'clear_failure_count': 0, 'virtual_time_us': 6604908719, 'end_reason': 'user_exit', 'created_at_ms': 1789236602103}
OFFICIAL_ABLATION_VARIANT {"problem": 4, "variant": "scan_then_service__g35", "guest_code": "C:\\BAblation-20260913\\B"}
GUI_JOB {"action": "dry-run", "folder": "001-0-dry-run"}
WAIT_GUI {"seconds_remaining": 60}
GUI_RESULT {"status": "dry-run-ready", "ok": true, "clicks": 0, "robot_started": false}
READ_ONLY_DB_COPY {"label": "001-db-before", "rows": 21}
GUI_JOB {"action": "run", "folder": "002-1-run"}
WAIT_GUI {"seconds_remaining": 1320}
GUI_RESULT {"robot_exit": 0, "case_code": "NJRB-FPZZ-XV7R-YG6P", "ok": true, "robot_started": true, "status": "robot-completed", "clicks": 1}
READ_ONLY_DB_COPY {"label": "001-db-after-0", "rows": 22}
AUTHORITATIVE_RESULT {"id": 22, "team_no": "202623001141", "problem_no": 4, "practice_run_no": 6152238860434885758, "case_code": "NJRB-FPZZ-XV7R-YG6P", "entered": 1, "jammer_count": 14, "cleared_jammer_count": 14, "clear_failure_count": 0, "virtual_time_us": 6707268829, "end_reason": "user_exit", "created_at_ms": 1789236652217}
GUI_JOB {"action": "return", "folder": "003-1-return"}
WAIT_GUI {"seconds_remaining": 60}
GUI_RESULT {"status": "returned-to-practice", "ok": true, "clicks": 2, "robot_started": false}
OFFICIAL_BATCH_PROGRESS 3 160 {'id': 22, 'team_no': '202623001141', 'problem_no': 4, 'practice_run_no': 6152238860434885758, 'case_code': 'NJRB-FPZZ-XV7R-YG6P', 'entered': 1, 'jammer_count': 14, 'cleared_jammer_count': 14, 'clear_failure_count': 0, 'virtual_time_us': 6707268829, 'end_reason': 'user_exit', 'created_at_ms': 1789236652217}
OFFICIAL_ABLATION_VARIANT {"problem": 4, "variant": "no_share__g35", "guest_code": "C:\\BAblation-20260913\\B"}
GUI_JOB {"action": "dry-run", "folder": "001-0-dry-run"}
WAIT_GUI {"seconds_remaining": 60}
GUI_RESULT {"status": "dry-run-ready", "ok": true, "clicks": 0, "robot_started": false}
READ_ONLY_DB_COPY {"label": "001-db-before", "rows": 22}
GUI_JOB {"action": "run", "folder": "002-1-run"}
WAIT_GUI {"seconds_remaining": 1320}
GUI_RESULT {"robot_exit": 0, "case_code": "TEKT-BN2W-UH6C-QFAC", "ok": true, "robot_started": true, "status": "robot-completed", "clicks": 1}
READ_ONLY_DB_COPY {"label": "001-db-after-0", "rows": 23}
AUTHORITATIVE_RESULT {"id": 23, "team_no": "202623001141", "problem_no": 4, "practice_run_no": 5404006003552933414, "case_code": "TEKT-BN2W-UH6C-QFAC", "entered": 1, "jammer_count": 13, "cleared_jammer_count": 13, "clear_failure_count": 0, "virtual_time_us": 6162630071, "end_reason": "user_exit", "created_at_ms": 1789236696385}
GUI_JOB {"action": "return", "folder": "003-1-return"}
WAIT_GUI {"seconds_remaining": 60}
GUI_RESULT {"status": "returned-to-practice", "ok": true, "clicks": 2, "robot_started": false}
OFFICIAL_BATCH_PROGRESS 4 160 {'id': 23, 'team_no': '202623001141', 'problem_no': 4, 'practice_run_no': 5404006003552933414, 'case_code': 'TEKT-BN2W-UH6C-QFAC', 'entered': 1, 'jammer_count': 13, 'cleared_jammer_count': 13, 'clear_failure_count': 0, 'virtual_time_us': 6162630071, 'end_reason': 'user_exit', 'created_at_ms': 1789236696385}
OFFICIAL_ABLATION_VARIANT {"problem": 4, "variant": "full__g40", "guest_code": "C:\\BAblation-20260913\\B"}
GUI_JOB {"action": "dry-run", "folder": "001-0-dry-run"}
WAIT_GUI {"seconds_remaining": 60}
GUI_RESULT {"status": "dry-run-ready", "ok": true, "clicks": 0, "robot_started": false}
READ_ONLY_DB_COPY {"label": "001-db-before", "rows": 23}
GUI_JOB {"action": "run", "folder": "002-1-run"}
WAIT_GUI {"seconds_remaining": 1320}
GUI_RESULT {"robot_exit": 0, "case_code": "TTMS-R656-6FV3-23P7", "ok": true, "robot_started": true, "status": "robot-completed", "clicks": 1}
READ_ONLY_DB_COPY {"label": "001-db-after-0", "rows": 24}
AUTHORITATIVE_RESULT {"id": 24, "team_no": "202623001141", "problem_no": 4, "practice_run_no": 7129499944922862432, "case_code": "TTMS-R656-6FV3-23P7", "entered": 1, "jammer_count": 12, "cleared_jammer_count": 12, "clear_failure_count": 0, "virtual_time_us": 5576288214, "end_reason": "user_exit", "created_at_ms": 1789236741882}
GUI_JOB {"action": "return", "folder": "003-1-return"}
WAIT_GUI {"seconds_remaining": 60}
GUI_RESULT {"status": "returned-to-practice", "ok": true, "clicks": 2, "robot_started": false}
OFFICIAL_BATCH_PROGRESS 5 160 {'id': 24, 'team_no': '202623001141', 'problem_no': 4, 'practice_run_no': 7129499944922862432, 'case_code': 'TTMS-R656-6FV3-23P7', 'entered': 1, 'jammer_count': 12, 'cleared_jammer_count': 12, 'clear_failure_count': 0, 'virtual_time_us': 5576288214, 'end_reason': 'user_exit', 'created_at_ms': 1789236741882}
OFFICIAL_ABLATION_VARIANT {"problem": 3, "variant": "no_share__g50", "guest_code": "C:\\BAblation-20260913\\B"}
GUI_JOB {"action": "dry-run", "folder": "001-0-dry-run"}
WAIT_GUI {"seconds_remaining": 60}
GUI_RESULT {"status": "dry-run-ready", "ok": true, "clicks": 0, "robot_started": false}
READ_ONLY_DB_COPY {"label": "001-db-before", "rows": 24}
GUI_JOB {"action": "run", "folder": "002-1-run"}
WAIT_GUI {"seconds_remaining": 1320}
GUI_RESULT {"robot_exit": 0, "case_code": "MGDW-PH44-DJUM-W39H", "ok": true, "robot_started": true, "status": "robot-completed", "clicks": 1}
READ_ONLY_DB_COPY {"label": "001-db-after-0", "rows": 25}
AUTHORITATIVE_RESULT {"id": 25, "team_no": "202623001141", "problem_no": 3, "practice_run_no": 1268944701543762338, "case_code": "MGDW-PH44-DJUM-W39H", "entered": 1, "jammer_count": 13, "cleared_jammer_count": 13, "clear_failure_count": 1, "virtual_time_us": 2841643464, "end_reason": "user_exit", "created_at_ms": 1789236789449}
GUI_JOB {"action": "return", "folder": "003-1-return"}
WAIT_GUI {"seconds_remaining": 60}
GUI_RESULT {"status": "returned-to-practice", "ok": true, "clicks": 2, "robot_started": false}
OFFICIAL_BATCH_PROGRESS 6 160 {'id': 25, 'team_no': '202623001141', 'problem_no': 3, 'practice_run_no': 1268944701543762338, 'case_code': 'MGDW-PH44-DJUM-W39H', 'entered': 1, 'jammer_count': 13, 'cleared_jammer_count': 13, 'clear_failure_count': 1, 'virtual_time_us': 2841643464, 'end_reason': 'user_exit', 'created_at_ms': 1789236789449}
OFFICIAL_ABLATION_VARIANT {"problem": 4, "variant": "no_negative__g35", "guest_code": "C:\\BAblation-20260913\\B"}
GUI_JOB {"action": "dry-run", "folder": "001-0-dry-run"}
WAIT_GUI {"seconds_remaining": 60}
GUI_RESULT {"status": "dry-run-ready", "ok": true, "clicks": 0, "robot_started": false}
READ_ONLY_DB_COPY {"label": "001-db-before", "rows": 25}
GUI_JOB {"action": "run", "folder": "002-1-run"}
WAIT_GUI {"seconds_remaining": 1320}
GUI_RESULT {"robot_exit": 0, "case_code": "FUEW-RKFY-F93C-JMAX", "ok": true, "robot_started": true, "status": "robot-completed", "clicks": 1}
READ_ONLY_DB_COPY {"label": "001-db-after-0", "rows": 26}
AUTHORITATIVE_RESULT {"id": 26, "team_no": "202623001141", "problem_no": 4, "practice_run_no": 4309246695486959893, "case_code": "FUEW-RKFY-F93C-JMAX", "entered": 1, "jammer_count": 11, "cleared_jammer_count": 11, "clear_failure_count": 0, "virtual_time_us": 6019082742, "end_reason": "user_exit", "created_at_ms": 1789236824165}
GUI_JOB {"action": "return", "folder": "003-1-return"}
WAIT_GUI {"seconds_remaining": 60}
GUI_RESULT {"status": "returned-to-practice", "ok": true, "clicks": 2, "robot_started": false}
OFFICIAL_BATCH_PROGRESS 7 160 {'id': 26, 'team_no': '202623001141', 'problem_no': 4, 'practice_run_no': 4309246695486959893, 'case_code': 'FUEW-RKFY-F93C-JMAX', 'entered': 1, 'jammer_count': 11, 'cleared_jammer_count': 11, 'clear_failure_count': 0, 'virtual_time_us': 6019082742, 'end_reason': 'user_exit', 'created_at_ms': 1789236824165}
OFFICIAL_ABLATION_VARIANT {"problem": 3, "variant": "nearest_sensing__g50", "guest_code": "C:\\BAblation-20260913\\B"}
GUI_JOB {"action": "dry-run", "folder": "001-0-dry-run"}
WAIT_GUI {"seconds_remaining": 60}
GUI_RESULT {"status": "dry-run-ready", "ok": true, "clicks": 0, "robot_started": false}
READ_ONLY_DB_COPY {"label": "001-db-before", "rows": 26}
GUI_JOB {"action": "run", "folder": "002-1-run"}
WAIT_GUI {"seconds_remaining": 1320}
GUI_RESULT {"robot_exit": 0, "case_code": "79MJ-3FK5-X2M2-7Q6S", "ok": true, "robot_started": true, "status": "robot-completed", "clicks": 1}
READ_ONLY_DB_COPY {"label": "001-db-after-0", "rows": 27}
AUTHORITATIVE_RESULT {"id": 27, "team_no": "202623001141", "problem_no": 3, "practice_run_no": 7888727454436402526, "case_code": "79MJ-3FK5-X2M2-7Q6S", "entered": 1, "jammer_count": 12, "cleared_jammer_count": 12, "clear_failure_count": 51, "virtual_time_us": 3769493607, "end_reason": "user_exit", "created_at_ms": 1789236869070}
GUI_JOB {"action": "return", "folder": "003-1-return"}
WAIT_GUI {"seconds_remaining": 60}
GUI_RESULT {"status": "returned-to-practice", "ok": true, "clicks": 2, "robot_started": false}
OFFICIAL_BATCH_PROGRESS 8 160 {'id': 27, 'team_no': '202623001141', 'problem_no': 3, 'practice_run_no': 7888727454436402526, 'case_code': '79MJ-3FK5-X2M2-7Q6S', 'entered': 1, 'jammer_count': 12, 'cleared_jammer_count': 12, 'clear_failure_count': 51, 'virtual_time_us': 3769493607, 'end_reason': 'user_exit', 'created_at_ms': 1789236869070}
OFFICIAL_ABLATION_VARIANT {"problem": 3, "variant": "full__g80", "guest_code": "C:\\BAblation-20260913\\B"}
GUI_JOB {"action": "dry-run", "folder": "001-0-dry-run"}
WAIT_GUI {"seconds_remaining": 60}
GUI_RESULT {"status": "dry-run-ready", "ok": true, "clicks": 0, "robot_started": false}
READ_ONLY_DB_COPY {"label": "001-db-before", "rows": 27}
GUI_JOB {"action": "run", "folder": "002-1-run"}
WAIT_GUI {"seconds_remaining": 1320}
GUI_RESULT {"robot_exit": 0, "case_code": "CE4E-N9JS-FW93-95DT", "ok": true, "robot_started": true, "status": "robot-completed", "clicks": 1}
READ_ONLY_DB_COPY {"label": "001-db-after-0", "rows": 28}
AUTHORITATIVE_RESULT {"id": 28, "team_no": "202623001141", "problem_no": 3, "practice_run_no": 761361667793330312, "case_code": "CE4E-N9JS-FW93-95DT", "entered": 1, "jammer_count": 11, "cleared_jammer_count": 11, "clear_failure_count": 0, "virtual_time_us": 2820169163, "end_reason": "user_exit", "created_at_ms": 1789236906222}
GUI_JOB {"action": "return", "folder": "003-1-return"}
WAIT_GUI {"seconds_remaining": 60}
GUI_RESULT {"status": "returned-to-practice", "ok": true, "clicks": 2, "robot_started": false}
OFFICIAL_BATCH_PROGRESS 9 160 {'id': 28, 'team_no': '202623001141', 'problem_no': 3, 'practice_run_no': 761361667793330312, 'case_code': 'CE4E-N9JS-FW93-95DT', 'entered': 1, 'jammer_count': 11, 'cleared_jammer_count': 11, 'clear_failure_count': 0, 'virtual_time_us': 2820169163, 'end_reason': 'user_exit', 'created_at_ms': 1789236906222}
OFFICIAL_ABLATION_VARIANT {"problem": 4, "variant": "online_nearest__g35", "guest_code": "C:\\BAblation-20260913\\B"}
GUI_JOB {"action": "dry-run", "folder": "001-0-dry-run"}
WAIT_GUI {"seconds_remaining": 60}
GUI_RESULT {"status": "dry-run-ready", "ok": true, "clicks": 0, "robot_started": false}
READ_ONLY_DB_COPY {"label": "001-db-before", "rows": 28}
GUI_JOB {"action": "run", "folder": "002-1-run"}
WAIT_GUI {"seconds_remaining": 1320}
GUI_RESULT {"robot_exit": 0, "case_code": "QXZY-EG4Q-YGJW-TMXG", "ok": true, "robot_started": true, "status": "robot-completed", "clicks": 1}
READ_ONLY_DB_COPY {"label": "001-db-after-0", "rows": 29}
AUTHORITATIVE_RESULT {"id": 29, "team_no": "202623001141", "problem_no": 4, "practice_run_no": 7788375116859040763, "case_code": "QXZY-EG4Q-YGJW-TMXG", "entered": 1, "jammer_count": 16, "cleared_jammer_count": 16, "clear_failure_count": 0, "virtual_time_us": 5709005902, "end_reason": "user_exit", "created_at_ms": 1789236938213}
GUI_JOB {"action": "return", "folder": "003-1-return"}
WAIT_GUI {"seconds_remaining": 60}
GUI_RESULT {"status": "returned-to-practice", "ok": true, "clicks": 2, "robot_started": false}
OFFICIAL_BATCH_PROGRESS 10 160 {'id': 29, 'team_no': '202623001141', 'problem_no': 4, 'practice_run_no': 7788375116859040763, 'case_code': 'QXZY-EG4Q-YGJW-TMXG', 'entered': 1, 'jammer_count': 16, 'cleared_jammer_count': 16, 'clear_failure_count': 0, 'virtual_time_us': 5709005902, 'end_reason': 'user_exit', 'created_at_ms': 1789236938213}
OFFICIAL_ABLATION_VARIANT {"problem": 3, "variant": "scan_then_service__g50", "guest_code": "C:\\BAblation-20260913\\B"}
GUI_JOB {"action": "dry-run", "folder": "001-0-dry-run"}
WAIT_GUI {"seconds_remaining": 60}
GUI_RESULT {"status": "dry-run-ready", "ok": true, "clicks": 0, "robot_started": false}
READ_ONLY_DB_COPY {"label": "001-db-before", "rows": 29}
GUI_JOB {"action": "run", "folder": "002-1-run"}
WAIT_GUI {"seconds_remaining": 1320}
GUI_RESULT {"robot_exit": 0, "case_code": "EYJF-WDHE-6XFW-WWE3", "ok": true, "robot_started": true, "status": "robot-completed", "clicks": 1}
READ_ONLY_DB_COPY {"label": "001-db-after-0", "rows": 30}
AUTHORITATIVE_RESULT {"id": 30, "team_no": "202623001141", "problem_no": 3, "practice_run_no": 955627199510568869, "case_code": "EYJF-WDHE-6XFW-WWE3", "entered": 1, "jammer_count": 16, "cleared_jammer_count": 16, "clear_failure_count": 0, "virtual_time_us": 3721906104, "end_reason": "user_exit", "created_at_ms": 1789236980706}
GUI_JOB {"action": "return", "folder": "003-1-return"}
WAIT_GUI {"seconds_remaining": 60}
GUI_RESULT {"status": "returned-to-practice", "ok": true, "clicks": 2, "robot_started": false}
OFFICIAL_BATCH_PROGRESS 11 160 {'id': 30, 'team_no': '202623001141', 'problem_no': 3, 'practice_run_no': 955627199510568869, 'case_code': 'EYJF-WDHE-6XFW-WWE3', 'entered': 1, 'jammer_count': 16, 'cleared_jammer_count': 16, 'clear_failure_count': 0, 'virtual_time_us': 3721906104, 'end_reason': 'user_exit', 'created_at_ms': 1789236980706}
OFFICIAL_ABLATION_VARIANT {"problem": 3, "variant": "full__g50", "guest_code": "C:\\BAblation-20260913\\B"}
GUI_JOB {"action": "dry-run", "folder": "001-0-dry-run"}
WAIT_GUI {"seconds_remaining": 60}
GUI_RESULT {"status": "dry-run-ready", "ok": true, "clicks": 0, "robot_started": false}
READ_ONLY_DB_COPY {"label": "001-db-before", "rows": 30}
GUI_JOB {"action": "run", "folder": "002-1-run"}
WAIT_GUI {"seconds_remaining": 1320}
GUI_RESULT {"robot_exit": 0, "case_code": "6VR3-VU2J-77H5-CN33", "ok": true, "robot_started": true, "status": "robot-completed", "clicks": 1}
READ_ONLY_DB_COPY {"label": "001-db-after-0", "rows": 31}
AUTHORITATIVE_RESULT {"id": 31, "team_no": "202623001141", "problem_no": 3, "practice_run_no": 8586066624448765334, "case_code": "6VR3-VU2J-77H5-CN33", "entered": 1, "jammer_count": 15, "cleared_jammer_count": 15, "clear_failure_count": 1, "virtual_time_us": 3650081102, "end_reason": "user_exit", "created_at_ms": 1789237013275}
GUI_JOB {"action": "return", "folder": "003-1-return"}
WAIT_GUI {"seconds_remaining": 60}
GUI_RESULT {"status": "returned-to-practice", "ok": true, "clicks": 2, "robot_started": false}
OFFICIAL_BATCH_PROGRESS 12 160 {'id': 31, 'team_no': '202623001141', 'problem_no': 3, 'practice_run_no': 8586066624448765334, 'case_code': '6VR3-VU2J-77H5-CN33', 'entered': 1, 'jammer_count': 15, 'cleared_jammer_count': 15, 'clear_failure_count': 1, 'virtual_time_us': 3650081102, 'end_reason': 'user_exit', 'created_at_ms': 1789237013275}
OFFICIAL_ABLATION_VARIANT {"problem": 3, "variant": "no_negative__g50", "guest_code": "C:\\BAblation-20260913\\B"}
GUI_JOB {"action": "dry-run", "folder": "001-0-dry-run"}
WAIT_GUI {"seconds_remaining": 60}
GUI_RESULT {"status": "dry-run-ready", "ok": true, "clicks": 0, "robot_started": false}
READ_ONLY_DB_COPY {"label": "001-db-before", "rows": 31}
GUI_JOB {"action": "run", "folder": "002-1-run"}
WAIT_GUI {"seconds_remaining": 1320}
GUI_RESULT {"robot_exit": 0, "case_code": "ATN7-QQY3-7XKF-YV8X", "ok": true, "robot_started": true, "status": "robot-completed", "clicks": 1}
READ_ONLY_DB_COPY {"label": "001-db-after-0", "rows": 32}
AUTHORITATIVE_RESULT {"id": 32, "team_no": "202623001141", "problem_no": 3, "practice_run_no": 110016939331164277, "case_code": "ATN7-QQY3-7XKF-YV8X", "entered": 1, "jammer_count": 12, "cleared_jammer_count": 12, "clear_failure_count": 0, "virtual_time_us": 3054505102, "end_reason": "user_exit", "created_at_ms": 1789237047585}
GUI_JOB {"action": "return", "folder": "003-1-return"}
WAIT_GUI {"seconds_remaining": 60}
GUI_RESULT {"status": "returned-to-practice", "ok": true, "clicks": 2, "robot_started": false}
OFFICIAL_BATCH_PROGRESS 13 160 {'id': 32, 'team_no': '202623001141', 'problem_no': 3, 'practice_run_no': 110016939331164277, 'case_code': 'ATN7-QQY3-7XKF-YV8X', 'entered': 1, 'jammer_count': 12, 'cleared_jammer_count': 12, 'clear_failure_count': 0, 'virtual_time_us': 3054505102, 'end_reason': 'user_exit', 'created_at_ms': 1789237047585}
OFFICIAL_ABLATION_VARIANT {"problem": 3, "variant": "online_nearest__g50", "guest_code": "C:\\BAblation-20260913\\B"}
GUI_JOB {"action": "dry-run", "folder": "001-0-dry-run"}
WAIT_GUI {"seconds_remaining": 60}
GUI_RESULT {"status": "dry-run-ready", "ok": true, "clicks": 0, "robot_started": false}
READ_ONLY_DB_COPY {"label": "001-db-before", "rows": 32}
GUI_JOB {"action": "run", "folder": "002-1-run"}
WAIT_GUI {"seconds_remaining": 1320}
GUI_RESULT {"robot_exit": 0, "case_code": "ZFJ4-2G6D-3XKS-XNKW", "ok": true, "robot_started": true, "status": "robot-completed", "clicks": 1}
READ_ONLY_DB_COPY {"label": "001-db-after-0", "rows": 33}
AUTHORITATIVE_RESULT {"id": 33, "team_no": "202623001141", "problem_no": 3, "practice_run_no": 3519405409515153152, "case_code": "ZFJ4-2G6D-3XKS-XNKW", "entered": 1, "jammer_count": 16, "cleared_jammer_count": 16, "clear_failure_count": 0, "virtual_time_us": 3453836405, "end_reason": "user_exit", "created_at_ms": 1789237080704}
GUI_JOB {"action": "return", "folder": "003-1-return"}
WAIT_GUI {"seconds_remaining": 60}
GUI_RESULT {"status": "returned-to-practice", "ok": true, "clicks": 2, "robot_started": false}
OFFICIAL_BATCH_PROGRESS 14 160 {'id': 33, 'team_no': '202623001141', 'problem_no': 3, 'practice_run_no': 3519405409515153152, 'case_code': 'ZFJ4-2G6D-3XKS-XNKW', 'entered': 1, 'jammer_count': 16, 'cleared_jammer_count': 16, 'clear_failure_count': 0, 'virtual_time_us': 3453836405, 'end_reason': 'user_exit', 'created_at_ms': 1789237080704}
OFFICIAL_ABLATION_VARIANT {"problem": 4, "variant": "full__g20", "guest_code": "C:\\BAblation-20260913\\B"}
GUI_JOB {"action": "dry-run", "folder": "001-0-dry-run"}
WAIT_GUI {"seconds_remaining": 60}
GUI_RESULT {"status": "dry-run-ready", "ok": true, "clicks": 0, "robot_started": false}
READ_ONLY_DB_COPY {"label": "001-db-before", "rows": 33}
GUI_JOB {"action": "run", "folder": "002-1-run"}
WAIT_GUI {"seconds_remaining": 1320}
GUI_RESULT {"robot_exit": 0, "case_code": "VFMT-KEMR-UEFG-NSK4", "ok": true, "robot_started": true, "status": "robot-completed", "clicks": 1}
READ_ONLY_DB_COPY {"label": "001-db-after-0", "rows": 34}
AUTHORITATIVE_RESULT {"id": 34, "team_no": "202623001141", "problem_no": 4, "practice_run_no": 4251685469414614276, "case_code": "VFMT-KEMR-UEFG-NSK4", "entered": 1, "jammer_count": 14, "cleared_jammer_count": 14, "clear_failure_count": 0, "virtual_time_us": 5935602194, "end_reason": "user_exit", "created_at_ms": 1789237113233}
GUI_JOB {"action": "return", "folder": "003-1-return"}
WAIT_GUI {"seconds_remaining": 60}
GUI_RESULT {"status": "returned-to-practice", "ok": true, "clicks": 2, "robot_started": false}
OFFICIAL_BATCH_PROGRESS 15 160 {'id': 34, 'team_no': '202623001141', 'problem_no': 4, 'practice_run_no': 4251685469414614276, 'case_code': 'VFMT-KEMR-UEFG-NSK4', 'entered': 1, 'jammer_count': 14, 'cleared_jammer_count': 14, 'clear_failure_count': 0, 'virtual_time_us': 5935602194, 'end_reason': 'user_exit', 'created_at_ms': 1789237113233}
OFFICIAL_ABLATION_VARIANT {"problem": 4, "variant": "full__g80", "guest_code": "C:\\BAblation-20260913\\B"}
GUI_JOB {"action": "dry-run", "folder": "001-0-dry-run"}
WAIT_GUI {"seconds_remaining": 60}
GUI_RESULT {"status": "dry-run-ready", "ok": true, "clicks": 0, "robot_started": false}
READ_ONLY_DB_COPY {"label": "001-db-before", "rows": 34}
GUI_JOB {"action": "run", "folder": "002-1-run"}
WAIT_GUI {"seconds_remaining": 1320}
GUI_RESULT {"robot_exit": 0, "case_code": "SPSV-E8WP-8GT6-QN37", "ok": true, "robot_started": true, "status": "robot-completed", "clicks": 1}
READ_ONLY_DB_COPY {"label": "001-db-after-0", "rows": 35}
AUTHORITATIVE_RESULT {"id": 35, "team_no": "202623001141", "problem_no": 4, "practice_run_no": 1770634803830190701, "case_code": "SPSV-E8WP-8GT6-QN37", "entered": 1, "jammer_count": 12, "cleared_jammer_count": 12, "clear_failure_count": 2, "virtual_time_us": 6048158164, "end_reason": "user_exit", "created_at_ms": 1789237154396}
GUI_JOB {"action": "return", "folder": "003-1-return"}
WAIT_GUI {"seconds_remaining": 60}
GUI_RESULT {"status": "returned-to-practice", "ok": true, "clicks": 2, "robot_started": false}
OFFICIAL_BATCH_PROGRESS 16 160 {'id': 35, 'team_no': '202623001141', 'problem_no': 4, 'practice_run_no': 1770634803830190701, 'case_code': 'SPSV-E8WP-8GT6-QN37', 'entered': 1, 'jammer_count': 12, 'cleared_jammer_count': 12, 'clear_failure_count': 2, 'virtual_time_us': 6048158164, 'end_reason': 'user_exit', 'created_at_ms': 1789237154396}
OFFICIAL_ABLATION_VARIANT {"problem": 4, "variant": "scan_then_service__g35", "guest_code": "C:\\BAblation-20260913\\B"}
GUI_JOB {"action": "dry-run", "folder": "001-0-dry-run"}
WAIT_GUI {"seconds_remaining": 60}
GUI_RESULT {"status": "dry-run-ready", "ok": true, "clicks": 0, "robot_started": false}
READ_ONLY_DB_COPY {"label": "001-db-before", "rows": 35}
GUI_JOB {"action": "run", "folder": "002-1-run"}
WAIT_GUI {"seconds_remaining": 1320}
GUI_RESULT {"robot_exit": 0, "case_code": "8TMP-2ZUG-PVXK-JKVU", "ok": true, "robot_started": true, "status": "robot-completed", "clicks": 1}
READ_ONLY_DB_COPY {"label": "001-db-after-0", "rows": 36}
AUTHORITATIVE_RESULT {"id": 36, "team_no": "202623001141", "problem_no": 4, "practice_run_no": 8454209143515508657, "case_code": "8TMP-2ZUG-PVXK-JKVU", "entered": 1, "jammer_count": 14, "cleared_jammer_count": 14, "clear_failure_count": 0, "virtual_time_us": 6667370875, "end_reason": "user_exit", "created_at_ms": 1789237204140}
GUI_JOB {"action": "return", "folder": "003-1-return"}
WAIT_GUI {"seconds_remaining": 60}
GUI_RESULT {"status": "returned-to-practice", "ok": true, "clicks": 2, "robot_started": false}
OFFICIAL_BATCH_PROGRESS 17 160 {'id': 36, 'team_no': '202623001141', 'problem_no': 4, 'practice_run_no': 8454209143515508657, 'case_code': '8TMP-2ZUG-PVXK-JKVU', 'entered': 1, 'jammer_count': 14, 'cleared_jammer_count': 14, 'clear_failure_count': 0, 'virtual_time_us': 6667370875, 'end_reason': 'user_exit', 'created_at_ms': 1789237204140}
OFFICIAL_ABLATION_VARIANT {"problem": 4, "variant": "no_negative__g35", "guest_code": "C:\\BAblation-20260913\\B"}
GUI_JOB {"action": "dry-run", "folder": "001-0-dry-run"}
WAIT_GUI {"seconds_remaining": 60}
GUI_RESULT {"status": "dry-run-ready", "ok": true, "clicks": 0, "robot_started": false}
READ_ONLY_DB_COPY {"label": "001-db-before", "rows": 36}
GUI_JOB {"action": "run", "folder": "002-1-run"}
WAIT_GUI {"seconds_remaining": 1320}
GUI_RESULT {"robot_exit": 0, "case_code": "CHAA-Z97T-Z5ZG-RMVB", "ok": true, "robot_started": true, "status": "robot-completed", "clicks": 1}
READ_ONLY_DB_COPY {"label": "001-db-after-0", "rows": 37}
AUTHORITATIVE_RESULT {"id": 37, "team_no": "202623001141", "problem_no": 4, "practice_run_no": 94810373545642388, "case_code": "CHAA-Z97T-Z5ZG-RMVB", "entered": 1, "jammer_count": 14, "cleared_jammer_count": 14, "clear_failure_count": 0, "virtual_time_us": 5516523811, "end_reason": "user_exit", "created_at_ms": 1789237249359}
GUI_JOB {"action": "return", "folder": "003-1-return"}
WAIT_GUI {"seconds_remaining": 60}
GUI_RESULT {"status": "returned-to-practice", "ok": true, "clicks": 2, "robot_started": false}
OFFICIAL_BATCH_PROGRESS 18 160 {'id': 37, 'team_no': '202623001141', 'problem_no': 4, 'practice_run_no': 94810373545642388, 'case_code': 'CHAA-Z97T-Z5ZG-RMVB', 'entered': 1, 'jammer_count': 14, 'cleared_jammer_count': 14, 'clear_failure_count': 0, 'virtual_time_us': 5516523811, 'end_reason': 'user_exit', 'created_at_ms': 1789237249359}
OFFICIAL_ABLATION_VARIANT {"problem": 4, "variant": "online_nearest__g35", "guest_code": "C:\\BAblation-20260913\\B"}
GUI_JOB {"action": "dry-run", "folder": "001-0-dry-run"}
WAIT_GUI {"seconds_remaining": 60}
GUI_RESULT {"status": "dry-run-ready", "ok": true, "clicks": 0, "robot_started": false}
READ_ONLY_DB_COPY {"label": "001-db-before", "rows": 37}
GUI_JOB {"action": "run", "folder": "002-1-run"}
WAIT_GUI {"seconds_remaining": 1320}
GUI_RESULT {"robot_exit": 0, "case_code": "94NM-VAFA-KQXM-NSWB", "ok": true, "robot_started": true, "status": "robot-completed", "clicks": 1}
READ_ONLY_DB_COPY {"label": "001-db-after-0", "rows": 38}
AUTHORITATIVE_RESULT {"id": 38, "team_no": "202623001141", "problem_no": 4, "practice_run_no": 8559491356455072711, "case_code": "94NM-VAFA-KQXM-NSWB", "entered": 1, "jammer_count": 13, "cleared_jammer_count": 13, "clear_failure_count": 0, "virtual_time_us": 6584743494, "end_reason": "user_exit", "created_at_ms": 1789237294344}
GUI_JOB {"action": "return", "folder": "003-1-return"}
WAIT_GUI {"seconds_remaining": 60}
GUI_RESULT {"status": "returned-to-practice", "ok": true, "clicks": 2, "robot_started": false}
OFFICIAL_BATCH_PROGRESS 19 160 {'id': 38, 'team_no': '202623001141', 'problem_no': 4, 'practice_run_no': 8559491356455072711, 'case_code': '94NM-VAFA-KQXM-NSWB', 'entered': 1, 'jammer_count': 13, 'cleared_jammer_count': 13, 'clear_failure_count': 0, 'virtual_time_us': 6584743494, 'end_reason': 'user_exit', 'created_at_ms': 1789237294344}
OFFICIAL_ABLATION_VARIANT {"problem": 3, "variant": "online_nearest__g50", "guest_code": "C:\\BAblation-20260913\\B"}
GUI_JOB {"action": "dry-run", "folder": "001-0-dry-run"}
WAIT_GUI {"seconds_remaining": 60}
GUI_RESULT {"status": "dry-run-ready", "ok": true, "clicks": 0, "robot_started": false}
READ_ONLY_DB_COPY {"label": "001-db-before", "rows": 38}
GUI_JOB {"action": "run", "folder": "002-1-run"}
WAIT_GUI {"seconds_remaining": 1320}
GUI_RESULT {"robot_exit": 0, "case_code": "YP7D-KGMB-RG2N-87AW", "ok": true, "robot_started": true, "status": "robot-completed", "clicks": 1}
READ_ONLY_DB_COPY {"label": "001-db-after-0", "rows": 39}
AUTHORITATIVE_RESULT {"id": 39, "team_no": "202623001141", "problem_no": 3, "practice_run_no": 2103430931457776368, "case_code": "YP7D-KGMB-RG2N-87AW", "entered": 1, "jammer_count": 15, "cleared_jammer_count": 15, "clear_failure_count": 0, "virtual_time_us": 3067227980, "end_reason": "user_exit", "created_at_ms": 1789237341752}
GUI_JOB {"action": "return", "folder": "003-1-return"}
WAIT_GUI {"seconds_remaining": 60}
GUI_RESULT {"status": "returned-to-practice", "ok": true, "clicks": 2, "robot_started": false}
OFFICIAL_BATCH_PROGRESS 20 160 {'id': 39, 'team_no': '202623001141', 'problem_no': 3, 'practice_run_no': 2103430931457776368, 'case_code': 'YP7D-KGMB-RG2N-87AW', 'entered': 1, 'jammer_count': 15, 'cleared_jammer_count': 15, 'clear_failure_count': 0, 'virtual_time_us': 3067227980, 'end_reason': 'user_exit', 'created_at_ms': 1789237341752}
OFFICIAL_ABLATION_VARIANT {"problem": 3, "variant": "full__g80", "guest_code": "C:\\BAblation-20260913\\B"}
GUI_JOB {"action": "dry-run", "folder": "001-0-dry-run"}
WAIT_GUI {"seconds_remaining": 60}
GUI_RESULT {"status": "dry-run-ready", "ok": true, "clicks": 0, "robot_started": false}
READ_ONLY_DB_COPY {"label": "001-db-before", "rows": 39}
GUI_JOB {"action": "run", "folder": "002-1-run"}
WAIT_GUI {"seconds_remaining": 1320}
GUI_RESULT {"robot_exit": 0, "case_code": "523G-VWNX-P8RK-3B7Z", "ok": true, "robot_started": true, "status": "robot-completed", "clicks": 1}
READ_ONLY_DB_COPY {"label": "001-db-after-0", "rows": 40}
AUTHORITATIVE_RESULT {"id": 40, "team_no": "202623001141", "problem_no": 3, "practice_run_no": 1906251706001380145, "case_code": "523G-VWNX-P8RK-3B7Z", "entered": 1, "jammer_count": 14, "cleared_jammer_count": 14, "clear_failure_count": 1, "virtual_time_us": 3036009646, "end_reason": "user_exit", "created_at_ms": 1789237378751}
GUI_JOB {"action": "return", "folder": "003-1-return"}
WAIT_GUI {"seconds_remaining": 60}
GUI_RESULT {"status": "returned-to-practice", "ok": true, "clicks": 2, "robot_started": false}
OFFICIAL_BATCH_PROGRESS 21 160 {'id': 40, 'team_no': '202623001141', 'problem_no': 3, 'practice_run_no': 1906251706001380145, 'case_code': '523G-VWNX-P8RK-3B7Z', 'entered': 1, 'jammer_count': 14, 'cleared_jammer_count': 14, 'clear_failure_count': 1, 'virtual_time_us': 3036009646, 'end_reason': 'user_exit', 'created_at_ms': 1789237378751}
OFFICIAL_ABLATION_VARIANT {"problem": 3, "variant": "scan_then_service__g50", "guest_code": "C:\\BAblation-20260913\\B"}
GUI_JOB {"action": "dry-run", "folder": "001-0-dry-run"}
WAIT_GUI {"seconds_remaining": 60}
GUI_RESULT {"status": "dry-run-ready", "ok": true, "clicks": 0, "robot_started": false}
READ_ONLY_DB_COPY {"label": "001-db-before", "rows": 40}
GUI_JOB {"action": "run", "folder": "002-1-run"}
WAIT_GUI {"seconds_remaining": 1320}
GUI_RESULT {"robot_exit": 0, "case_code": "ZEUE-EME7-R8NE-XDP9", "ok": true, "robot_started": true, "status": "robot-completed", "clicks": 1}
READ_ONLY_DB_COPY {"label": "001-db-after-0", "rows": 41}
AUTHORITATIVE_RESULT {"id": 41, "team_no": "202623001141", "problem_no": 3, "practice_run_no": 3183454618457047232, "case_code": "ZEUE-EME7-R8NE-XDP9", "entered": 1, "jammer_count": 11, "cleared_jammer_count": 11, "clear_failure_count": 0, "virtual_time_us": 3988340450, "end_reason": "user_exit", "created_at_ms": 1789237414737}
GUI_JOB {"action": "return", "folder": "003-1-return"}
WAIT_GUI {"seconds_remaining": 60}
GUI_RESULT {"status": "returned-to-practice", "ok": true, "clicks": 2, "robot_started": false}
OFFICIAL_BATCH_PROGRESS 22 160 {'id': 41, 'team_no': '202623001141', 'problem_no': 3, 'practice_run_no': 3183454618457047232, 'case_code': 'ZEUE-EME7-R8NE-XDP9', 'entered': 1, 'jammer_count': 11, 'cleared_jammer_count': 11, 'clear_failure_count': 0, 'virtual_time_us': 3988340450, 'end_reason': 'user_exit', 'created_at_ms': 1789237414737}
OFFICIAL_ABLATION_VARIANT {"problem": 4, "variant": "no_share__g35", "guest_code": "C:\\BAblation-20260913\\B"}
GUI_JOB {"action": "dry-run", "folder": "001-0-dry-run"}
WAIT_GUI {"seconds_remaining": 60}
GUI_RESULT {"status": "dry-run-ready", "ok": true, "clicks": 0, "robot_started": false}
READ_ONLY_DB_COPY {"label": "001-db-before", "rows": 41}
GUI_JOB {"action": "run", "folder": "002-1-run"}
WAIT_GUI {"seconds_remaining": 1320}
GUI_RESULT {"robot_exit": 0, "case_code": "QXBD-CCG5-VJM5-PN7X", "ok": true, "robot_started": true, "status": "robot-completed", "clicks": 1}
READ_ONLY_DB_COPY {"label": "001-db-after-0", "rows": 42}
AUTHORITATIVE_RESULT {"id": 42, "team_no": "202623001141", "problem_no": 4, "practice_run_no": 6482796841628927625, "case_code": "QXBD-CCG5-VJM5-PN7X", "entered": 1, "jammer_count": 15, "cleared_jammer_count": 15, "clear_failure_count": 0, "virtual_time_us": 6310006118, "end_reason": "user_exit", "created_at_ms": 1789237449924}
GUI_JOB {"action": "return", "folder": "003-1-return"}
WAIT_GUI {"seconds_remaining": 60}
GUI_RESULT {"status": "returned-to-practice", "ok": true, "clicks": 2, "robot_started": false}
OFFICIAL_BATCH_PROGRESS 23 160 {'id': 42, 'team_no': '202623001141', 'problem_no': 4, 'practice_run_no': 6482796841628927625, 'case_code': 'QXBD-CCG5-VJM5-PN7X', 'entered': 1, 'jammer_count': 15, 'cleared_jammer_count': 15, 'clear_failure_count': 0, 'virtual_time_us': 6310006118, 'end_reason': 'user_exit', 'created_at_ms': 1789237449924}
OFFICIAL_ABLATION_VARIANT {"problem": 4, "variant": "full__g20", "guest_code": "C:\\BAblation-20260913\\B"}
GUI_JOB {"action": "dry-run", "folder": "001-0-dry-run"}
WAIT_GUI {"seconds_remaining": 60}
GUI_RESULT {"status": "dry-run-ready", "ok": true, "clicks": 0, "robot_started": false}
READ_ONLY_DB_COPY {"label": "001-db-before", "rows": 42}
GUI_JOB {"action": "run", "folder": "002-1-run"}
WAIT_GUI {"seconds_remaining": 1320}
GUI_RESULT {"robot_exit": 0, "case_code": "33KD-DV63-T6HW-FZFG", "ok": true, "robot_started": true, "status": "robot-completed", "clicks": 1}
READ_ONLY_DB_COPY {"label": "001-db-after-0", "rows": 43}
AUTHORITATIVE_RESULT {"id": 43, "team_no": "202623001141", "problem_no": 4, "practice_run_no": 3943570190130314693, "case_code": "33KD-DV63-T6HW-FZFG", "entered": 1, "jammer_count": 13, "cleared_jammer_count": 13, "clear_failure_count": 0, "virtual_time_us": 6334442723, "end_reason": "user_exit", "created_at_ms": 1789237499071}
GUI_JOB {"action": "return", "folder": "003-1-return"}
WAIT_GUI {"seconds_remaining": 60}
GUI_RESULT {"status": "returned-to-practice", "ok": true, "clicks": 2, "robot_started": false}
OFFICIAL_BATCH_PROGRESS 24 160 {'id': 43, 'team_no': '202623001141', 'problem_no': 4, 'practice_run_no': 3943570190130314693, 'case_code': '33KD-DV63-T6HW-FZFG', 'entered': 1, 'jammer_count': 13, 'cleared_jammer_count': 13, 'clear_failure_count': 0, 'virtual_time_us': 6334442723, 'end_reason': 'user_exit', 'created_at_ms': 1789237499071}
OFFICIAL_ABLATION_VARIANT {"problem": 3, "variant": "nearest_sensing__g50", "guest_code": "C:\\BAblation-20260913\\B"}
GUI_JOB {"action": "dry-run", "folder": "001-0-dry-run"}
WAIT_GUI {"seconds_remaining": 60}
GUI_RESULT {"status": "dry-run-ready", "ok": true, "clicks": 0, "robot_started": false}
READ_ONLY_DB_COPY {"label": "001-db-before", "rows": 43}
GUI_JOB {"action": "run", "folder": "002-1-run"}
WAIT_GUI {"seconds_remaining": 1320}
GUI_RESULT {"robot_exit": 0, "case_code": "AGED-PED7-WUBP-U7V9", "ok": true, "robot_started": true, "status": "robot-completed", "clicks": 1}
READ_ONLY_DB_COPY {"label": "001-db-after-0", "rows": 44}
AUTHORITATIVE_RESULT {"id": 44, "team_no": "202623001141", "problem_no": 3, "practice_run_no": 2032211377182769809, "case_code": "AGED-PED7-WUBP-U7V9", "entered": 1, "jammer_count": 11, "cleared_jammer_count": 11, "clear_failure_count": 44, "virtual_time_us": 3922742608, "end_reason": "user_exit", "created_at_ms": 1789237550745}
GUI_JOB {"action": "return", "folder": "003-1-return"}
WAIT_GUI {"seconds_remaining": 60}
GUI_RESULT {"status": "returned-to-practice", "ok": true, "clicks": 2, "robot_started": false}
OFFICIAL_BATCH_PROGRESS 25 160 {'id': 44, 'team_no': '202623001141', 'problem_no': 3, 'practice_run_no': 2032211377182769809, 'case_code': 'AGED-PED7-WUBP-U7V9', 'entered': 1, 'jammer_count': 11, 'cleared_jammer_count': 11, 'clear_failure_count': 44, 'virtual_time_us': 3922742608, 'end_reason': 'user_exit', 'created_at_ms': 1789237550745}
OFFICIAL_ABLATION_VARIANT {"problem": 3, "variant": "no_negative__g50", "guest_code": "C:\\BAblation-20260913\\B"}
GUI_JOB {"action": "dry-run", "folder": "001-0-dry-run"}
WAIT_GUI {"seconds_remaining": 60}
GUI_RESULT {"status": "dry-run-ready", "ok": true, "clicks": 0, "robot_started": false}
READ_ONLY_DB_COPY {"label": "001-db-before", "rows": 44}
GUI_JOB {"action": "run", "folder": "002-1-run"}
WAIT_GUI {"seconds_remaining": 1320}
GUI_RESULT {"robot_exit": 0, "case_code": "7TM4-RZ7Z-7EEH-BCPB", "ok": true, "robot_started": true, "status": "robot-completed", "clicks": 1}
READ_ONLY_DB_COPY {"label": "001-db-after-0", "rows": 45}
AUTHORITATIVE_RESULT {"id": 45, "team_no": "202623001141", "problem_no": 3, "practice_run_no": 7764092648693579570, "case_code": "7TM4-RZ7Z-7EEH-BCPB", "entered": 1, "jammer_count": 12, "cleared_jammer_count": 12, "clear_failure_count": 0, "virtual_time_us": 3191513021, "end_reason": "user_exit", "created_at_ms": 1789237592874}
GUI_JOB {"action": "return", "folder": "003-1-return"}
WAIT_GUI {"seconds_remaining": 60}
GUI_RESULT {"status": "returned-to-practice", "ok": true, "clicks": 2, "robot_started": false}
OFFICIAL_BATCH_PROGRESS 26 160 {'id': 45, 'team_no': '202623001141', 'problem_no': 3, 'practice_run_no': 7764092648693579570, 'case_code': '7TM4-RZ7Z-7EEH-BCPB', 'entered': 1, 'jammer_count': 12, 'cleared_jammer_count': 12, 'clear_failure_count': 0, 'virtual_time_us': 3191513021, 'end_reason': 'user_exit', 'created_at_ms': 1789237592874}
OFFICIAL_ABLATION_VARIANT {"problem": 3, "variant": "full__g50", "guest_code": "C:\\BAblation-20260913\\B"}
GUI_JOB {"action": "dry-run", "folder": "001-0-dry-run"}
WAIT_GUI {"seconds_remaining": 60}
GUI_RESULT {"status": "dry-run-ready", "ok": true, "clicks": 0, "robot_started": false}
READ_ONLY_DB_COPY {"label": "001-db-before", "rows": 45}
GUI_JOB {"action": "run", "folder": "002-1-run"}
WAIT_GUI {"seconds_remaining": 1320}
GUI_RESULT {"robot_exit": 0, "case_code": "Y9GS-YG9M-WAE9-APBG", "ok": true, "robot_started": true, "status": "robot-completed", "clicks": 1}
READ_ONLY_DB_COPY {"label": "001-db-after-0", "rows": 46}
AUTHORITATIVE_RESULT {"id": 46, "team_no": "202623001141", "problem_no": 3, "practice_run_no": 495949099924270104, "case_code": "Y9GS-YG9M-WAE9-APBG", "entered": 1, "jammer_count": 15, "cleared_jammer_count": 15, "clear_failure_count": 0, "virtual_time_us": 3448587722, "end_reason": "user_exit", "created_at_ms": 1789237629378}
GUI_JOB {"action": "return", "folder": "003-1-return"}
WAIT_GUI {"seconds_remaining": 60}
GUI_RESULT {"status": "returned-to-practice", "ok": true, "clicks": 2, "robot_started": false}
OFFICIAL_BATCH_PROGRESS 27 160 {'id': 46, 'team_no': '202623001141', 'problem_no': 3, 'practice_run_no': 495949099924270104, 'case_code': 'Y9GS-YG9M-WAE9-APBG', 'entered': 1, 'jammer_count': 15, 'cleared_jammer_count': 15, 'clear_failure_count': 0, 'virtual_time_us': 3448587722, 'end_reason': 'user_exit', 'created_at_ms': 1789237629378}
OFFICIAL_ABLATION_VARIANT {"problem": 4, "variant": "full__g35", "guest_code": "C:\\BAblation-20260913\\B"}
GUI_JOB {"action": "dry-run", "folder": "001-0-dry-run"}
WAIT_GUI {"seconds_remaining": 60}
GUI_RESULT {"status": "dry-run-ready", "ok": true, "clicks": 0, "robot_started": false}
READ_ONLY_DB_COPY {"label": "001-db-before", "rows": 46}
GUI_JOB {"action": "run", "folder": "002-1-run"}
WAIT_GUI {"seconds_remaining": 1320}
GUI_RESULT {"robot_exit": 0, "case_code": "BJE9-5ZHQ-QDSC-99KH", "ok": true, "robot_started": true, "status": "robot-completed", "clicks": 1}
READ_ONLY_DB_COPY {"label": "001-db-after-0", "rows": 47}
AUTHORITATIVE_RESULT {"id": 47, "team_no": "202623001141", "problem_no": 4, "practice_run_no": 6697637163603902623, "case_code": "BJE9-5ZHQ-QDSC-99KH", "entered": 1, "jammer_count": 15, "cleared_jammer_count": 15, "clear_failure_count": 0, "virtual_time_us": 6241923074, "end_reason": "user_exit", "created_at_ms": 1789237664897}
GUI_JOB {"action": "return", "folder": "003-1-return"}
WAIT_GUI {"seconds_remaining": 60}
GUI_RESULT {"status": "returned-to-practice", "ok": true, "clicks": 2, "robot_started": false}
OFFICIAL_BATCH_PROGRESS 28 160 {'id': 47, 'team_no': '202623001141', 'problem_no': 4, 'practice_run_no': 6697637163603902623, 'case_code': 'BJE9-5ZHQ-QDSC-99KH', 'entered': 1, 'jammer_count': 15, 'cleared_jammer_count': 15, 'clear_failure_count': 0, 'virtual_time_us': 6241923074, 'end_reason': 'user_exit', 'created_at_ms': 1789237664897}
OFFICIAL_ABLATION_VARIANT {"problem": 3, "variant": "no_share__g50", "guest_code": "C:\\BAblation-20260913\\B"}
GUI_JOB {"action": "dry-run", "folder": "001-0-dry-run"}
WAIT_GUI {"seconds_remaining": 60}
GUI_RESULT {"status": "dry-run-ready", "ok": true, "clicks": 0, "robot_started": false}
READ_ONLY_DB_COPY {"label": "001-db-before", "rows": 47}
GUI_JOB {"action": "run", "folder": "002-1-run"}
WAIT_GUI {"seconds_remaining": 1320}
GUI_RESULT {"robot_exit": 0, "case_code": "UE6Y-R2PQ-NVCZ-49MZ", "ok": true, "robot_started": true, "status": "robot-completed", "clicks": 1}
READ_ONLY_DB_COPY {"label": "001-db-after-0", "rows": 48}
AUTHORITATIVE_RESULT {"id": 48, "team_no": "202623001141", "problem_no": 3, "practice_run_no": 6568179898842007403, "case_code": "UE6Y-R2PQ-NVCZ-49MZ", "entered": 1, "jammer_count": 11, "cleared_jammer_count": 11, "clear_failure_count": 0, "virtual_time_us": 3258008321, "end_reason": "user_exit", "created_at_ms": 1789237713900}
GUI_JOB {"action": "return", "folder": "003-1-return"}
WAIT_GUI {"seconds_remaining": 60}
GUI_RESULT {"status": "returned-to-practice", "ok": true, "clicks": 2, "robot_started": false}
OFFICIAL_BATCH_PROGRESS 29 160 {'id': 48, 'team_no': '202623001141', 'problem_no': 3, 'practice_run_no': 6568179898842007403, 'case_code': 'UE6Y-R2PQ-NVCZ-49MZ', 'entered': 1, 'jammer_count': 11, 'cleared_jammer_count': 11, 'clear_failure_count': 0, 'virtual_time_us': 3258008321, 'end_reason': 'user_exit', 'created_at_ms': 1789237713900}
OFFICIAL_ABLATION_VARIANT {"problem": 3, "variant": "full__g20", "guest_code": "C:\\BAblation-20260913\\B"}
GUI_JOB {"action": "dry-run", "folder": "001-0-dry-run"}
WAIT_GUI {"seconds_remaining": 60}
GUI_RESULT {"status": "dry-run-ready", "ok": true, "clicks": 0, "robot_started": false}
READ_ONLY_DB_COPY {"label": "001-db-before", "rows": 48}
GUI_JOB {"action": "run", "folder": "002-1-run"}
WAIT_GUI {"seconds_remaining": 1320}
GUI_RESULT {"robot_exit": 0, "case_code": "DJXR-3FXT-XBS2-ZGKG", "ok": true, "robot_started": true, "status": "robot-completed", "clicks": 1}
READ_ONLY_DB_COPY {"label": "001-db-after-0", "rows": 49}
AUTHORITATIVE_RESULT {"id": 49, "team_no": "202623001141", "problem_no": 3, "practice_run_no": 6733916385453537050, "case_code": "DJXR-3FXT-XBS2-ZGKG", "entered": 1, "jammer_count": 11, "cleared_jammer_count": 11, "clear_failure_count": 0, "virtual_time_us": 2752544454, "end_reason": "user_exit", "created_at_ms": 1789237751008}
GUI_JOB {"action": "return", "folder": "003-1-return"}
WAIT_GUI {"seconds_remaining": 60}
GUI_RESULT {"status": "returned-to-practice", "ok": true, "clicks": 2, "robot_started": false}
OFFICIAL_BATCH_PROGRESS 30 160 {'id': 49, 'team_no': '202623001141', 'problem_no': 3, 'practice_run_no': 6733916385453537050, 'case_code': 'DJXR-3FXT-XBS2-ZGKG', 'entered': 1, 'jammer_count': 11, 'cleared_jammer_count': 11, 'clear_failure_count': 0, 'virtual_time_us': 2752544454, 'end_reason': 'user_exit', 'created_at_ms': 1789237751008}
OFFICIAL_ABLATION_VARIANT {"problem": 4, "variant": "full__g40", "guest_code": "C:\\BAblation-20260913\\B"}
GUI_JOB {"action": "dry-run", "folder": "001-0-dry-run"}
WAIT_GUI {"seconds_remaining": 60}
GUI_RESULT {"status": "dry-run-ready", "ok": true, "clicks": 0, "robot_started": false}
READ_ONLY_DB_COPY {"label": "001-db-before", "rows": 49}
GUI_JOB {"action": "run", "folder": "002-1-run"}
WAIT_GUI {"seconds_remaining": 1320}
GUI_RESULT {"robot_exit": 0, "case_code": "QFA6-T8YN-DQET-V7TM", "ok": true, "robot_started": true, "status": "robot-completed", "clicks": 1}
READ_ONLY_DB_COPY {"label": "001-db-after-0", "rows": 50}
AUTHORITATIVE_RESULT {"id": 50, "team_no": "202623001141", "problem_no": 4, "practice_run_no": 5373468931663872887, "case_code": "QFA6-T8YN-DQET-V7TM", "entered": 1, "jammer_count": 11, "cleared_jammer_count": 11, "clear_failure_count": 0, "virtual_time_us": 6685829387, "end_reason": "user_exit", "created_at_ms": 1789237789218}
GUI_JOB {"action": "return", "folder": "003-1-return"}
WAIT_GUI {"seconds_remaining": 60}
GUI_RESULT {"status": "returned-to-practice", "ok": true, "clicks": 2, "robot_started": false}
OFFICIAL_BATCH_PROGRESS 31 160 {'id': 50, 'team_no': '202623001141', 'problem_no': 4, 'practice_run_no': 5373468931663872887, 'case_code': 'QFA6-T8YN-DQET-V7TM', 'entered': 1, 'jammer_count': 11, 'cleared_jammer_count': 11, 'clear_failure_count': 0, 'virtual_time_us': 6685829387, 'end_reason': 'user_exit', 'created_at_ms': 1789237789218}
OFFICIAL_ABLATION_VARIANT {"problem": 4, "variant": "full__g80", "guest_code": "C:\\BAblation-20260913\\B"}
GUI_JOB {"action": "dry-run", "folder": "001-0-dry-run"}
WAIT_GUI {"seconds_remaining": 60}
GUI_RESULT {"status": "dry-run-ready", "ok": true, "clicks": 0, "robot_started": false}
READ_ONLY_DB_COPY {"label": "001-db-before", "rows": 50}
GUI_JOB {"action": "run", "folder": "002-1-run"}
WAIT_GUI {"seconds_remaining": 1320}
GUI_RESULT {"robot_exit": 0, "case_code": "R224-VSXH-V6E9-EPTB", "ok": true, "robot_started": true, "status": "robot-completed", "clicks": 1}
READ_ONLY_DB_COPY {"label": "001-db-after-0", "rows": 51}
AUTHORITATIVE_RESULT {"id": 51, "team_no": "202623001141", "problem_no": 4, "practice_run_no": 8493192097826915877, "case_code": "R224-VSXH-V6E9-EPTB", "entered": 1, "jammer_count": 10, "cleared_jammer_count": 10, "clear_failure_count": 0, "virtual_time_us": 5924189511, "end_reason": "user_exit", "created_at_ms": 1789237838367}
GUI_JOB {"action": "return", "folder": "003-1-return"}
WAIT_GUI {"seconds_remaining": 60}
GUI_RESULT {"status": "returned-to-practice", "ok": true, "clicks": 2, "robot_started": false}
OFFICIAL_BATCH_PROGRESS 32 160 {'id': 51, 'team_no': '202623001141', 'problem_no': 4, 'practice_run_no': 8493192097826915877, 'case_code': 'R224-VSXH-V6E9-EPTB', 'entered': 1, 'jammer_count': 10, 'cleared_jammer_count': 10, 'clear_failure_count': 0, 'virtual_time_us': 5924189511, 'end_reason': 'user_exit', 'created_at_ms': 1789237838367}
OFFICIAL_ABLATION_VARIANT {"problem": 4, "variant": "online_nearest__g35", "guest_code": "C:\\BAblation-20260913\\B"}
GUI_JOB {"action": "dry-run", "folder": "001-0-dry-run"}
WAIT_GUI {"seconds_remaining": 60}
GUI_RESULT {"status": "dry-run-ready", "ok": true, "clicks": 0, "robot_started": false}
READ_ONLY_DB_COPY {"label": "001-db-before", "rows": 51}
GUI_JOB {"action": "run", "folder": "002-1-run"}
WAIT_GUI {"seconds_remaining": 1320}
GUI_RESULT {"robot_exit": 0, "case_code": "AKRP-KFVJ-9RPG-AADA", "ok": true, "robot_started": true, "status": "robot-completed", "clicks": 1}
READ_ONLY_DB_COPY {"label": "001-db-after-0", "rows": 52}
AUTHORITATIVE_RESULT {"id": 52, "team_no": "202623001141", "problem_no": 4, "practice_run_no": 5810714504801314508, "case_code": "AKRP-KFVJ-9RPG-AADA", "entered": 1, "jammer_count": 13, "cleared_jammer_count": 13, "clear_failure_count": 0, "virtual_time_us": 6051702266, "end_reason": "user_exit", "created_at_ms": 1789237885914}
GUI_JOB {"action": "return", "folder": "003-1-return"}
WAIT_GUI {"seconds_remaining": 60}
GUI_RESULT {"status": "returned-to-practice", "ok": true, "clicks": 2, "robot_started": false}
OFFICIAL_BATCH_PROGRESS 33 160 {'id': 52, 'team_no': '202623001141', 'problem_no': 4, 'practice_run_no': 5810714504801314508, 'case_code': 'AKRP-KFVJ-9RPG-AADA', 'entered': 1, 'jammer_count': 13, 'cleared_jammer_count': 13, 'clear_failure_count': 0, 'virtual_time_us': 6051702266, 'end_reason': 'user_exit', 'created_at_ms': 1789237885914}
OFFICIAL_ABLATION_VARIANT {"problem": 4, "variant": "no_negative__g35", "guest_code": "C:\\BAblation-20260913\\B"}
GUI_JOB {"action": "dry-run", "folder": "001-0-dry-run"}
WAIT_GUI {"seconds_remaining": 60}
GUI_RESULT {"status": "dry-run-ready", "ok": true, "clicks": 0, "robot_started": false}
READ_ONLY_DB_COPY {"label": "001-db-before", "rows": 52}
GUI_JOB {"action": "run", "folder": "002-1-run"}
WAIT_GUI {"seconds_remaining": 1320}
GUI_RESULT {"robot_exit": 0, "case_code": "WV3B-M9HF-ZZ2M-886C", "ok": true, "robot_started": true, "status": "robot-completed", "clicks": 1}
READ_ONLY_DB_COPY {"label": "001-db-after-0", "rows": 53}
AUTHORITATIVE_RESULT {"id": 53, "team_no": "202623001141", "problem_no": 4, "practice_run_no": 6303246657527552798, "case_code": "WV3B-M9HF-ZZ2M-886C", "entered": 1, "jammer_count": 11, "cleared_jammer_count": 11, "clear_failure_count": 0, "virtual_time_us": 6452688779, "end_reason": "user_exit", "created_at_ms": 1789237930925}
GUI_JOB {"action": "return", "folder": "003-1-return"}
WAIT_GUI {"seconds_remaining": 60}
GUI_RESULT {"status": "returned-to-practice", "ok": true, "clicks": 2, "robot_started": false}
OFFICIAL_BATCH_PROGRESS 34 160 {'id': 53, 'team_no': '202623001141', 'problem_no': 4, 'practice_run_no': 6303246657527552798, 'case_code': 'WV3B-M9HF-ZZ2M-886C', 'entered': 1, 'jammer_count': 11, 'cleared_jammer_count': 11, 'clear_failure_count': 0, 'virtual_time_us': 6452688779, 'end_reason': 'user_exit', 'created_at_ms': 1789237930925}
OFFICIAL_ABLATION_VARIANT {"problem": 3, "variant": "scan_then_service__g50", "guest_code": "C:\\BAblation-20260913\\B"}
GUI_JOB {"action": "dry-run", "folder": "001-0-dry-run"}
WAIT_GUI {"seconds_remaining": 60}
GUI_RESULT {"status": "dry-run-ready", "ok": true, "clicks": 0, "robot_started": false}
READ_ONLY_DB_COPY {"label": "001-db-before", "rows": 53}
GUI_JOB {"action": "run", "folder": "002-1-run"}
WAIT_GUI {"seconds_remaining": 1320}
GUI_RESULT {"robot_exit": 0, "case_code": "MGTF-47P7-UZCH-2XYK", "ok": true, "robot_started": true, "status": "robot-completed", "clicks": 1}
READ_ONLY_DB_COPY {"label": "001-db-after-0", "rows": 54}
AUTHORITATIVE_RESULT {"id": 54, "team_no": "202623001141", "problem_no": 3, "practice_run_no": 5023155096499579663, "case_code": "MGTF-47P7-UZCH-2XYK", "entered": 1, "jammer_count": 13, "cleared_jammer_count": 13, "clear_failure_count": 0, "virtual_time_us": 4098718262, "end_reason": "user_exit", "created_at_ms": 1789237980388}
GUI_JOB {"action": "return", "folder": "003-1-return"}
WAIT_GUI {"seconds_remaining": 60}
GUI_RESULT {"status": "returned-to-practice", "ok": true, "clicks": 2, "robot_started": false}
OFFICIAL_BATCH_PROGRESS 35 160 {'id': 54, 'team_no': '202623001141', 'problem_no': 3, 'practice_run_no': 5023155096499579663, 'case_code': 'MGTF-47P7-UZCH-2XYK', 'entered': 1, 'jammer_count': 13, 'cleared_jammer_count': 13, 'clear_failure_count': 0, 'virtual_time_us': 4098718262, 'end_reason': 'user_exit', 'created_at_ms': 1789237980388}
OFFICIAL_ABLATION_VARIANT {"problem": 4, "variant": "no_share__g35", "guest_code": "C:\\BAblation-20260913\\B"}
GUI_JOB {"action": "dry-run", "folder": "001-0-dry-run"}
WAIT_GUI {"seconds_remaining": 60}
GUI_RESULT {"status": "dry-run-ready", "ok": true, "clicks": 0, "robot_started": false}
READ_ONLY_DB_COPY {"label": "001-db-before", "rows": 54}
GUI_JOB {"action": "run", "folder": "002-1-run"}
WAIT_GUI {"seconds_remaining": 1320}
GUI_RESULT {"robot_exit": 0, "case_code": "B6J4-QQUC-MEE6-X3ZP", "ok": true, "robot_started": true, "status": "robot-completed", "clicks": 1}
READ_ONLY_DB_COPY {"label": "001-db-after-0", "rows": 55}
AUTHORITATIVE_RESULT {"id": 55, "team_no": "202623001141", "problem_no": 4, "practice_run_no": 4387594630452996070, "case_code": "B6J4-QQUC-MEE6-X3ZP", "entered": 1, "jammer_count": 12, "cleared_jammer_count": 12, "clear_failure_count": 0, "virtual_time_us": 6182619306, "end_reason": "user_exit", "created_at_ms": 1789238016131}
GUI_JOB {"action": "return", "folder": "003-1-return"}
WAIT_GUI {"seconds_remaining": 60}
GUI_RESULT {"status": "returned-to-practice", "ok": true, "clicks": 2, "robot_started": false}
OFFICIAL_BATCH_PROGRESS 36 160 {'id': 55, 'team_no': '202623001141', 'problem_no': 4, 'practice_run_no': 4387594630452996070, 'case_code': 'B6J4-QQUC-MEE6-X3ZP', 'entered': 1, 'jammer_count': 12, 'cleared_jammer_count': 12, 'clear_failure_count': 0, 'virtual_time_us': 6182619306, 'end_reason': 'user_exit', 'created_at_ms': 1789238016131}
OFFICIAL_ABLATION_VARIANT {"problem": 3, "variant": "no_negative__g50", "guest_code": "C:\\BAblation-20260913\\B"}
GUI_JOB {"action": "dry-run", "folder": "001-0-dry-run"}
WAIT_GUI {"seconds_remaining": 60}
GUI_RESULT {"status": "dry-run-ready", "ok": true, "clicks": 0, "robot_started": false}
READ_ONLY_DB_COPY {"label": "001-db-before", "rows": 55}
GUI_JOB {"action": "run", "folder": "002-1-run"}
WAIT_GUI {"seconds_remaining": 1320}
GUI_RESULT {"robot_exit": 0, "case_code": "YEG4-UGRG-USP8-9RRA", "ok": true, "robot_started": true, "status": "robot-completed", "clicks": 1}
READ_ONLY_DB_COPY {"label": "001-db-after-0", "rows": 56}
AUTHORITATIVE_RESULT {"id": 56, "team_no": "202623001141", "problem_no": 3, "practice_run_no": 2472578110282335843, "case_code": "YEG4-UGRG-USP8-9RRA", "entered": 1, "jammer_count": 13, "cleared_jammer_count": 13, "clear_failure_count": 0, "virtual_time_us": 3275278412, "end_reason": "user_exit", "created_at_ms": 1789238063504}
GUI_JOB {"action": "return", "folder": "003-1-return"}
WAIT_GUI {"seconds_remaining": 60}
GUI_RESULT {"status": "returned-to-practice", "ok": true, "clicks": 2, "robot_started": false}
OFFICIAL_BATCH_PROGRESS 37 160 {'id': 56, 'team_no': '202623001141', 'problem_no': 3, 'practice_run_no': 2472578110282335843, 'case_code': 'YEG4-UGRG-USP8-9RRA', 'entered': 1, 'jammer_count': 13, 'cleared_jammer_count': 13, 'clear_failure_count': 0, 'virtual_time_us': 3275278412, 'end_reason': 'user_exit', 'created_at_ms': 1789238063504}
OFFICIAL_ABLATION_VARIANT {"problem": 4, "variant": "full__g80", "guest_code": "C:\\BAblation-20260913\\B"}
GUI_JOB {"action": "dry-run", "folder": "001-0-dry-run"}
WAIT_GUI {"seconds_remaining": 60}
GUI_RESULT {"status": "dry-run-ready", "ok": true, "clicks": 0, "robot_started": false}
READ_ONLY_DB_COPY {"label": "001-db-before", "rows": 56}
GUI_JOB {"action": "run", "folder": "002-1-run"}
WAIT_GUI {"seconds_remaining": 1320}
GUI_RESULT {"robot_exit": 0, "case_code": "RYPV-9BKR-JC25-PZKG", "ok": true, "robot_started": true, "status": "robot-completed", "clicks": 1}
READ_ONLY_DB_COPY {"label": "001-db-after-0", "rows": 57}
AUTHORITATIVE_RESULT {"id": 57, "team_no": "202623001141", "problem_no": 4, "practice_run_no": 1836209776396391656, "case_code": "RYPV-9BKR-JC25-PZKG", "entered": 1, "jammer_count": 10, "cleared_jammer_count": 10, "clear_failure_count": 0, "virtual_time_us": 6231432514, "end_reason": "user_exit", "created_at_ms": 1789238099197}
GUI_JOB {"action": "return", "folder": "003-1-return"}
WAIT_GUI {"seconds_remaining": 60}
GUI_RESULT {"status": "returned-to-practice", "ok": true, "clicks": 2, "robot_started": false}
OFFICIAL_BATCH_PROGRESS 38 160 {'id': 57, 'team_no': '202623001141', 'problem_no': 4, 'practice_run_no': 1836209776396391656, 'case_code': 'RYPV-9BKR-JC25-PZKG', 'entered': 1, 'jammer_count': 10, 'cleared_jammer_count': 10, 'clear_failure_count': 0, 'virtual_time_us': 6231432514, 'end_reason': 'user_exit', 'created_at_ms': 1789238099197}
OFFICIAL_ABLATION_VARIANT {"problem": 4, "variant": "full__g40", "guest_code": "C:\\BAblation-20260913\\B"}
GUI_JOB {"action": "dry-run", "folder": "001-0-dry-run"}
WAIT_GUI {"seconds_remaining": 60}
GUI_RESULT {"status": "dry-run-ready", "ok": true, "clicks": 0, "robot_started": false}
READ_ONLY_DB_COPY {"label": "001-db-before", "rows": 57}
GUI_JOB {"action": "run", "folder": "002-1-run"}
WAIT_GUI {"seconds_remaining": 1320}
GUI_RESULT {"robot_exit": 0, "case_code": "KDP6-EP2A-4AA8-RGT4", "ok": true, "robot_started": true, "status": "robot-completed", "clicks": 1}
READ_ONLY_DB_COPY {"label": "001-db-after-0", "rows": 58}
AUTHORITATIVE_RESULT {"id": 58, "team_no": "202623001141", "problem_no": 4, "practice_run_no": 1413267889161745661, "case_code": "KDP6-EP2A-4AA8-RGT4", "entered": 1, "jammer_count": 11, "cleared_jammer_count": 11, "clear_failure_count": 0, "virtual_time_us": 6613540630, "end_reason": "user_exit", "created_at_ms": 1789238148762}
GUI_JOB {"action": "return", "folder": "003-1-return"}
WAIT_GUI {"seconds_remaining": 60}
GUI_RESULT {"status": "returned-to-practice", "ok": true, "clicks": 2, "robot_started": false}
OFFICIAL_BATCH_PROGRESS 39 160 {'id': 58, 'team_no': '202623001141', 'problem_no': 4, 'practice_run_no': 1413267889161745661, 'case_code': 'KDP6-EP2A-4AA8-RGT4', 'entered': 1, 'jammer_count': 11, 'cleared_jammer_count': 11, 'clear_failure_count': 0, 'virtual_time_us': 6613540630, 'end_reason': 'user_exit', 'created_at_ms': 1789238148762}
OFFICIAL_ABLATION_VARIANT {"problem": 4, "variant": "full__g35", "guest_code": "C:\\BAblation-20260913\\B"}
GUI_JOB {"action": "dry-run", "folder": "001-0-dry-run"}
WAIT_GUI {"seconds_remaining": 60}
GUI_RESULT {"status": "dry-run-ready", "ok": true, "clicks": 0, "robot_started": false}
READ_ONLY_DB_COPY {"label": "001-db-before", "rows": 58}
GUI_JOB {"action": "run", "folder": "002-1-run"}
WAIT_GUI {"seconds_remaining": 1320}
GUI_RESULT {"robot_exit": 0, "case_code": "AXNN-85WU-HCWJ-W7J6", "ok": true, "robot_started": true, "status": "robot-completed", "clicks": 1}
READ_ONLY_DB_COPY {"label": "001-db-after-0", "rows": 59}
AUTHORITATIVE_RESULT {"id": 59, "team_no": "202623001141", "problem_no": 4, "practice_run_no": 2765403715444834803, "case_code": "AXNN-85WU-HCWJ-W7J6", "entered": 1, "jammer_count": 13, "cleared_jammer_count": 13, "clear_failure_count": 0, "virtual_time_us": 6478302767, "end_reason": "user_exit", "created_at_ms": 1789238196974}
GUI_JOB {"action": "return", "folder": "003-1-return"}
WAIT_GUI {"seconds_remaining": 60}
GUI_RESULT {"status": "returned-to-practice", "ok": true, "clicks": 2, "robot_started": false}
OFFICIAL_BATCH_PROGRESS 40 160 {'id': 59, 'team_no': '202623001141', 'problem_no': 4, 'practice_run_no': 2765403715444834803, 'case_code': 'AXNN-85WU-HCWJ-W7J6', 'entered': 1, 'jammer_count': 13, 'cleared_jammer_count': 13, 'clear_failure_count': 0, 'virtual_time_us': 6478302767, 'end_reason': 'user_exit', 'created_at_ms': 1789238196974}
OFFICIAL_ABLATION_VARIANT {"problem": 3, "variant": "nearest_sensing__g50", "guest_code": "C:\\BAblation-20260913\\B"}
GUI_JOB {"action": "dry-run", "folder": "001-0-dry-run"}
WAIT_GUI {"seconds_remaining": 60}
GUI_RESULT {"status": "dry-run-ready", "ok": true, "clicks": 0, "robot_started": false}
READ_ONLY_DB_COPY {"label": "001-db-before", "rows": 59}
GUI_JOB {"action": "run", "folder": "002-1-run"}
WAIT_GUI {"seconds_remaining": 1320}
GUI_RESULT {"robot_exit": 0, "case_code": "552B-25KY-WUBJ-8JWG", "ok": true, "robot_started": true, "status": "robot-completed", "clicks": 1}
READ_ONLY_DB_COPY {"label": "001-db-after-0", "rows": 60}
AUTHORITATIVE_RESULT {"id": 60, "team_no": "202623001141", "problem_no": 3, "practice_run_no": 4024757445746580719, "case_code": "552B-25KY-WUBJ-8JWG", "entered": 1, "jammer_count": 14, "cleared_jammer_count": 14, "clear_failure_count": 35, "virtual_time_us": 3819617284, "end_reason": "user_exit", "created_at_ms": 1789238243466}
GUI_JOB {"action": "return", "folder": "003-1-return"}
WAIT_GUI {"seconds_remaining": 60}
GUI_RESULT {"status": "returned-to-practice", "ok": true, "clicks": 2, "robot_started": false}
OFFICIAL_BATCH_PROGRESS 41 160 {'id': 60, 'team_no': '202623001141', 'problem_no': 3, 'practice_run_no': 4024757445746580719, 'case_code': '552B-25KY-WUBJ-8JWG', 'entered': 1, 'jammer_count': 14, 'cleared_jammer_count': 14, 'clear_failure_count': 35, 'virtual_time_us': 3819617284, 'end_reason': 'user_exit', 'created_at_ms': 1789238243466}
OFFICIAL_ABLATION_VARIANT {"problem": 3, "variant": "full__g80", "guest_code": "C:\\BAblation-20260913\\B"}
GUI_JOB {"action": "dry-run", "folder": "001-0-dry-run"}
WAIT_GUI {"seconds_remaining": 60}
GUI_RESULT {"status": "dry-run-ready", "ok": true, "clicks": 0, "robot_started": false}
READ_ONLY_DB_COPY {"label": "001-db-before", "rows": 60}
GUI_JOB {"action": "run", "folder": "002-1-run"}
WAIT_GUI {"seconds_remaining": 1320}
GUI_RESULT {"robot_exit": 0, "case_code": "YN6P-6WJS-83SQ-JFV4", "ok": true, "robot_started": true, "status": "robot-completed", "clicks": 1}
READ_ONLY_DB_COPY {"label": "001-db-after-0", "rows": 61}
AUTHORITATIVE_RESULT {"id": 61, "team_no": "202623001141", "problem_no": 3, "practice_run_no": 6560360897789646659, "case_code": "YN6P-6WJS-83SQ-JFV4", "entered": 1, "jammer_count": 10, "cleared_jammer_count": 10, "clear_failure_count": 1, "virtual_time_us": 2892850795, "end_reason": "user_exit", "created_at_ms": 1789238283250}
GUI_JOB {"action": "return", "folder": "003-1-return"}
WAIT_GUI {"seconds_remaining": 60}
GUI_RESULT {"status": "returned-to-practice", "ok": true, "clicks": 2, "robot_started": false}
OFFICIAL_BATCH_PROGRESS 42 160 {'id': 61, 'team_no': '202623001141', 'problem_no': 3, 'practice_run_no': 6560360897789646659, 'case_code': 'YN6P-6WJS-83SQ-JFV4', 'entered': 1, 'jammer_count': 10, 'cleared_jammer_count': 10, 'clear_failure_count': 1, 'virtual_time_us': 2892850795, 'end_reason': 'user_exit', 'created_at_ms': 1789238283250}
OFFICIAL_ABLATION_VARIANT {"problem": 3, "variant": "online_nearest__g50", "guest_code": "C:\\BAblation-20260913\\B"}
GUI_JOB {"action": "dry-run", "folder": "001-0-dry-run"}
WAIT_GUI {"seconds_remaining": 60}
GUI_RESULT {"status": "dry-run-ready", "ok": true, "clicks": 0, "robot_started": false}
READ_ONLY_DB_COPY {"label": "001-db-before", "rows": 61}
GUI_JOB {"action": "run", "folder": "002-1-run"}
WAIT_GUI {"seconds_remaining": 1320}
GUI_RESULT {"robot_exit": 0, "case_code": "M29Y-3H8J-4QBH-DSK6", "ok": true, "robot_started": true, "status": "robot-completed", "clicks": 1}
READ_ONLY_DB_COPY {"label": "001-db-after-0", "rows": 62}
AUTHORITATIVE_RESULT {"id": 62, "team_no": "202623001141", "problem_no": 3, "practice_run_no": 3479188782423136679, "case_code": "M29Y-3H8J-4QBH-DSK6", "entered": 1, "jammer_count": 16, "cleared_jammer_count": 16, "clear_failure_count": 1, "virtual_time_us": 3271653907, "end_reason": "user_exit", "created_at_ms": 1789238320203}
GUI_JOB {"action": "return", "folder": "003-1-return"}
WAIT_GUI {"seconds_remaining": 60}
GUI_RESULT {"status": "returned-to-practice", "ok": true, "clicks": 2, "robot_started": false}
OFFICIAL_BATCH_PROGRESS 43 160 {'id': 62, 'team_no': '202623001141', 'problem_no': 3, 'practice_run_no': 3479188782423136679, 'case_code': 'M29Y-3H8J-4QBH-DSK6', 'entered': 1, 'jammer_count': 16, 'cleared_jammer_count': 16, 'clear_failure_count': 1, 'virtual_time_us': 3271653907, 'end_reason': 'user_exit', 'created_at_ms': 1789238320203}
OFFICIAL_ABLATION_VARIANT {"problem": 3, "variant": "full__g20", "guest_code": "C:\\BAblation-20260913\\B"}
GUI_JOB {"action": "dry-run", "folder": "001-0-dry-run"}
WAIT_GUI {"seconds_remaining": 60}
GUI_RESULT {"status": "dry-run-ready", "ok": true, "clicks": 0, "robot_started": false}
READ_ONLY_DB_COPY {"label": "001-db-before", "rows": 62}
GUI_JOB {"action": "run", "folder": "002-1-run"}
WAIT_GUI {"seconds_remaining": 1320}
GUI_RESULT {"robot_exit": 0, "case_code": "TSYU-TWF6-XG3U-MPAH", "ok": true, "robot_started": true, "status": "robot-completed", "clicks": 1}
READ_ONLY_DB_COPY {"label": "001-db-after-0", "rows": 63}
AUTHORITATIVE_RESULT {"id": 63, "team_no": "202623001141", "problem_no": 3, "practice_run_no": 6391700845653152700, "case_code": "TSYU-TWF6-XG3U-MPAH", "entered": 1, "jammer_count": 13, "cleared_jammer_count": 13, "clear_failure_count": 0, "virtual_time_us": 3035937242, "end_reason": "user_exit", "created_at_ms": 1789238356075}
GUI_JOB {"action": "return", "folder": "003-1-return"}
WAIT_GUI {"seconds_remaining": 60}
GUI_RESULT {"status": "returned-to-practice", "ok": true, "clicks": 2, "robot_started": false}
OFFICIAL_BATCH_PROGRESS 44 160 {'id': 63, 'team_no': '202623001141', 'problem_no': 3, 'practice_run_no': 6391700845653152700, 'case_code': 'TSYU-TWF6-XG3U-MPAH', 'entered': 1, 'jammer_count': 13, 'cleared_jammer_count': 13, 'clear_failure_count': 0, 'virtual_time_us': 3035937242, 'end_reason': 'user_exit', 'created_at_ms': 1789238356075}
OFFICIAL_ABLATION_VARIANT {"problem": 4, "variant": "full__g20", "guest_code": "C:\\BAblation-20260913\\B"}
GUI_JOB {"action": "dry-run", "folder": "001-0-dry-run"}
WAIT_GUI {"seconds_remaining": 60}
GUI_RESULT {"status": "dry-run-ready", "ok": true, "clicks": 0, "robot_started": false}
READ_ONLY_DB_COPY {"label": "001-db-before", "rows": 63}
GUI_JOB {"action": "run", "folder": "002-1-run"}
WAIT_GUI {"seconds_remaining": 1320}
GUI_RESULT {"robot_exit": 0, "case_code": "B58R-D86N-9H9V-T6JQ", "ok": true, "robot_started": true, "status": "robot-completed", "clicks": 1}
READ_ONLY_DB_COPY {"label": "001-db-after-0", "rows": 64}
AUTHORITATIVE_RESULT {"id": 64, "team_no": "202623001141", "problem_no": 4, "practice_run_no": 4661007201975564943, "case_code": "B58R-D86N-9H9V-T6JQ", "entered": 1, "jammer_count": 13, "cleared_jammer_count": 13, "clear_failure_count": 0, "virtual_time_us": 6714559313, "end_reason": "user_exit", "created_at_ms": 1789238393041}
GUI_JOB {"action": "return", "folder": "003-1-return"}
WAIT_GUI {"seconds_remaining": 60}
GUI_RESULT {"status": "returned-to-practice", "ok": true, "clicks": 2, "robot_started": false}
OFFICIAL_BATCH_PROGRESS 45 160 {'id': 64, 'team_no': '202623001141', 'problem_no': 4, 'practice_run_no': 4661007201975564943, 'case_code': 'B58R-D86N-9H9V-T6JQ', 'entered': 1, 'jammer_count': 13, 'cleared_jammer_count': 13, 'clear_failure_count': 0, 'virtual_time_us': 6714559313, 'end_reason': 'user_exit', 'created_at_ms': 1789238393041}
OFFICIAL_ABLATION_VARIANT {"problem": 3, "variant": "no_share__g50", "guest_code": "C:\\BAblation-20260913\\B"}
GUI_JOB {"action": "dry-run", "folder": "001-0-dry-run"}
WAIT_GUI {"seconds_remaining": 60}
GUI_RESULT {"status": "dry-run-ready", "ok": true, "clicks": 0, "robot_started": false}
READ_ONLY_DB_COPY {"label": "001-db-before", "rows": 64}
GUI_JOB {"action": "run", "folder": "002-1-run"}
WAIT_GUI {"seconds_remaining": 1320}
GUI_RESULT {"robot_exit": 0, "case_code": "JG2Q-QEET-GDMN-RC2V", "ok": true, "robot_started": true, "status": "robot-completed", "clicks": 1}
READ_ONLY_DB_COPY {"label": "001-db-after-0", "rows": 65}
AUTHORITATIVE_RESULT {"id": 65, "team_no": "202623001141", "problem_no": 3, "practice_run_no": 7517660392105376039, "case_code": "JG2Q-QEET-GDMN-RC2V", "entered": 1, "jammer_count": 13, "cleared_jammer_count": 13, "clear_failure_count": 2, "virtual_time_us": 3180348214, "end_reason": "user_exit", "created_at_ms": 1789238446428}
GUI_JOB {"action": "return", "folder": "003-1-return"}
WAIT_GUI {"seconds_remaining": 60}
GUI_RESULT {"status": "returned-to-practice", "ok": true, "clicks": 2, "robot_started": false}
OFFICIAL_BATCH_PROGRESS 46 160 {'id': 65, 'team_no': '202623001141', 'problem_no': 3, 'practice_run_no': 7517660392105376039, 'case_code': 'JG2Q-QEET-GDMN-RC2V', 'entered': 1, 'jammer_count': 13, 'cleared_jammer_count': 13, 'clear_failure_count': 2, 'virtual_time_us': 3180348214, 'end_reason': 'user_exit', 'created_at_ms': 1789238446428}
OFFICIAL_ABLATION_VARIANT {"problem": 4, "variant": "scan_then_service__g35", "guest_code": "C:\\BAblation-20260913\\B"}
GUI_JOB {"action": "dry-run", "folder": "001-0-dry-run"}
WAIT_GUI {"seconds_remaining": 60}
GUI_RESULT {"status": "dry-run-ready", "ok": true, "clicks": 0, "robot_started": false}
READ_ONLY_DB_COPY {"label": "001-db-before", "rows": 65}
GUI_JOB {"action": "run", "folder": "002-1-run"}
WAIT_GUI {"seconds_remaining": 1320}
GUI_RESULT {"robot_exit": 0, "case_code": "EDDA-BAJV-CAEP-9PN7", "ok": true, "robot_started": true, "status": "robot-completed", "clicks": 1}
READ_ONLY_DB_COPY {"label": "001-db-after-0", "rows": 66}
AUTHORITATIVE_RESULT {"id": 66, "team_no": "202623001141", "problem_no": 4, "practice_run_no": 3591550341709921710, "case_code": "EDDA-BAJV-CAEP-9PN7", "entered": 1, "jammer_count": 13, "cleared_jammer_count": 13, "clear_failure_count": 0, "virtual_time_us": 7029197058, "end_reason": "user_exit", "created_at_ms": 1789238485504}
GUI_JOB {"action": "return", "folder": "003-1-return"}
WAIT_GUI {"seconds_remaining": 60}
GUI_RESULT {"status": "returned-to-practice", "ok": true, "clicks": 2, "robot_started": false}
OFFICIAL_BATCH_PROGRESS 47 160 {'id': 66, 'team_no': '202623001141', 'problem_no': 4, 'practice_run_no': 3591550341709921710, 'case_code': 'EDDA-BAJV-CAEP-9PN7', 'entered': 1, 'jammer_count': 13, 'cleared_jammer_count': 13, 'clear_failure_count': 0, 'virtual_time_us': 7029197058, 'end_reason': 'user_exit', 'created_at_ms': 1789238485504}
OFFICIAL_ABLATION_VARIANT {"problem": 3, "variant": "full__g50", "guest_code": "C:\\BAblation-20260913\\B"}
GUI_JOB {"action": "dry-run", "folder": "001-0-dry-run"}
WAIT_GUI {"seconds_remaining": 60}
GUI_RESULT {"status": "dry-run-ready", "ok": true, "clicks": 0, "robot_started": false}
READ_ONLY_DB_COPY {"label": "001-db-before", "rows": 66}
GUI_JOB {"action": "run", "folder": "002-1-run"}
WAIT_GUI {"seconds_remaining": 1320}
GUI_RESULT {"robot_exit": 0, "case_code": "629G-7FN7-TSMX-P3N7", "ok": true, "robot_started": true, "status": "robot-completed", "clicks": 1}
READ_ONLY_DB_COPY {"label": "001-db-after-0", "rows": 67}
AUTHORITATIVE_RESULT {"id": 67, "team_no": "202623001141", "problem_no": 3, "practice_run_no": 5711278577033480177, "case_code": "629G-7FN7-TSMX-P3N7", "entered": 1, "jammer_count": 15, "cleared_jammer_count": 15, "clear_failure_count": 2, "virtual_time_us": 3322756171, "end_reason": "user_exit", "created_at_ms": 1789238536663}
GUI_JOB {"action": "return", "folder": "003-1-return"}
WAIT_GUI {"seconds_remaining": 60}
GUI_RESULT {"status": "returned-to-practice", "ok": true, "clicks": 2, "robot_started": false}
OFFICIAL_BATCH_PROGRESS 48 160 {'id': 67, 'team_no': '202623001141', 'problem_no': 3, 'practice_run_no': 5711278577033480177, 'case_code': '629G-7FN7-TSMX-P3N7', 'entered': 1, 'jammer_count': 15, 'cleared_jammer_count': 15, 'clear_failure_count': 2, 'virtual_time_us': 3322756171, 'end_reason': 'user_exit', 'created_at_ms': 1789238536663}
OFFICIAL_ABLATION_VARIANT {"problem": 4, "variant": "no_share__g35", "guest_code": "C:\\BAblation-20260913\\B"}
GUI_JOB {"action": "dry-run", "folder": "001-0-dry-run"}
WAIT_GUI {"seconds_remaining": 60}
GUI_RESULT {"status": "dry-run-ready", "ok": true, "clicks": 0, "robot_started": false}
READ_ONLY_DB_COPY {"label": "001-db-before", "rows": 67}
GUI_JOB {"action": "run", "folder": "002-1-run"}
WAIT_GUI {"seconds_remaining": 1320}
GUI_RESULT {"robot_exit": 0, "case_code": "33YR-2CM6-M75P-UNEB", "ok": true, "robot_started": true, "status": "robot-completed", "clicks": 1}
READ_ONLY_DB_COPY {"label": "001-db-after-0", "rows": 68}
AUTHORITATIVE_RESULT {"id": 68, "team_no": "202623001141", "problem_no": 4, "practice_run_no": 2463586116537604962, "case_code": "33YR-2CM6-M75P-UNEB", "entered": 1, "jammer_count": 11, "cleared_jammer_count": 11, "clear_failure_count": 0, "virtual_time_us": 6089992422, "end_reason": "user_exit", "created_at_ms": 1789238574158}
GUI_JOB {"action": "return", "folder": "003-1-return"}
WAIT_GUI {"seconds_remaining": 60}
GUI_RESULT {"status": "returned-to-practice", "ok": true, "clicks": 2, "robot_started": false}
OFFICIAL_BATCH_PROGRESS 49 160 {'id': 68, 'team_no': '202623001141', 'problem_no': 4, 'practice_run_no': 2463586116537604962, 'case_code': '33YR-2CM6-M75P-UNEB', 'entered': 1, 'jammer_count': 11, 'cleared_jammer_count': 11, 'clear_failure_count': 0, 'virtual_time_us': 6089992422, 'end_reason': 'user_exit', 'created_at_ms': 1789238574158}
OFFICIAL_ABLATION_VARIANT {"problem": 3, "variant": "no_negative__g50", "guest_code": "C:\\BAblation-20260913\\B"}
GUI_JOB {"action": "dry-run", "folder": "001-0-dry-run"}
WAIT_GUI {"seconds_remaining": 60}
GUI_RESULT {"status": "dry-run-ready", "ok": true, "clicks": 0, "robot_started": false}
READ_ONLY_DB_COPY {"label": "001-db-before", "rows": 68}
GUI_JOB {"action": "run", "folder": "002-1-run"}
WAIT_GUI {"seconds_remaining": 1320}
GUI_RESULT {"robot_exit": 0, "case_code": "2NS7-Q7Q9-DKUS-55U7", "ok": true, "robot_started": true, "status": "robot-completed", "clicks": 1}
READ_ONLY_DB_COPY {"label": "001-db-after-0", "rows": 69}
AUTHORITATIVE_RESULT {"id": 69, "team_no": "202623001141", "problem_no": 3, "practice_run_no": 7853721084870347475, "case_code": "2NS7-Q7Q9-DKUS-55U7", "entered": 1, "jammer_count": 15, "cleared_jammer_count": 15, "clear_failure_count": 1, "virtual_time_us": 3500591096, "end_reason": "user_exit", "created_at_ms": 1789238624976}
GUI_JOB {"action": "return", "folder": "003-1-return"}
WAIT_GUI {"seconds_remaining": 60}
GUI_RESULT {"status": "returned-to-practice", "ok": true, "clicks": 2, "robot_started": false}
OFFICIAL_BATCH_PROGRESS 50 160 {'id': 69, 'team_no': '202623001141', 'problem_no': 3, 'practice_run_no': 7853721084870347475, 'case_code': '2NS7-Q7Q9-DKUS-55U7', 'entered': 1, 'jammer_count': 15, 'cleared_jammer_count': 15, 'clear_failure_count': 1, 'virtual_time_us': 3500591096, 'end_reason': 'user_exit', 'created_at_ms': 1789238624976}
OFFICIAL_ABLATION_VARIANT {"problem": 4, "variant": "full__g80", "guest_code": "C:\\BAblation-20260913\\B"}
GUI_JOB {"action": "dry-run", "folder": "001-0-dry-run"}
WAIT_GUI {"seconds_remaining": 60}
GUI_RESULT {"status": "dry-run-ready", "ok": true, "clicks": 0, "robot_started": false}
READ_ONLY_DB_COPY {"label": "001-db-before", "rows": 69}
GUI_JOB {"action": "run", "folder": "002-1-run"}
WAIT_GUI {"seconds_remaining": 1320}
GUI_RESULT {"robot_exit": 0, "case_code": "S72S-TV6Z-6DUQ-GUJ8", "ok": true, "robot_started": true, "status": "robot-completed", "clicks": 1}
READ_ONLY_DB_COPY {"label": "001-db-after-0", "rows": 70}
AUTHORITATIVE_RESULT {"id": 70, "team_no": "202623001141", "problem_no": 4, "practice_run_no": 6332769837110317978, "case_code": "S72S-TV6Z-6DUQ-GUJ8", "entered": 1, "jammer_count": 13, "cleared_jammer_count": 13, "clear_failure_count": 0, "virtual_time_us": 5493851261, "end_reason": "user_exit", "created_at_ms": 1789238663733}
GUI_JOB {"action": "return", "folder": "003-1-return"}
WAIT_GUI {"seconds_remaining": 60}
GUI_RESULT {"status": "returned-to-practice", "ok": true, "clicks": 2, "robot_started": false}
OFFICIAL_BATCH_PROGRESS 51 160 {'id': 70, 'team_no': '202623001141', 'problem_no': 4, 'practice_run_no': 6332769837110317978, 'case_code': 'S72S-TV6Z-6DUQ-GUJ8', 'entered': 1, 'jammer_count': 13, 'cleared_jammer_count': 13, 'clear_failure_count': 0, 'virtual_time_us': 5493851261, 'end_reason': 'user_exit', 'created_at_ms': 1789238663733}
OFFICIAL_ABLATION_VARIANT {"problem": 3, "variant": "full__g50", "guest_code": "C:\\BAblation-20260913\\B"}
GUI_JOB {"action": "dry-run", "folder": "001-0-dry-run"}
WAIT_GUI {"seconds_remaining": 60}
GUI_RESULT {"status": "dry-run-ready", "ok": true, "clicks": 0, "robot_started": false}
READ_ONLY_DB_COPY {"label": "001-db-before", "rows": 70}
GUI_JOB {"action": "run", "folder": "002-1-run"}
WAIT_GUI {"seconds_remaining": 1320}
GUI_RESULT {"robot_exit": 0, "case_code": "7WUZ-7N8N-PZN7-ZFT7", "ok": true, "robot_started": true, "status": "robot-completed", "clicks": 1}
READ_ONLY_DB_COPY {"label": "001-db-after-0", "rows": 71}
AUTHORITATIVE_RESULT {"id": 71, "team_no": "202623001141", "problem_no": 3, "practice_run_no": 1743265275932564971, "case_code": "7WUZ-7N8N-PZN7-ZFT7", "entered": 1, "jammer_count": 11, "cleared_jammer_count": 11, "clear_failure_count": 0, "virtual_time_us": 3115918265, "end_reason": "user_exit", "created_at_ms": 1789238711831}
GUI_JOB {"action": "return", "folder": "003-1-return"}
WAIT_GUI {"seconds_remaining": 60}
GUI_RESULT {"status": "returned-to-practice", "ok": true, "clicks": 2, "robot_started": false}
OFFICIAL_BATCH_PROGRESS 52 160 {'id': 71, 'team_no': '202623001141', 'problem_no': 3, 'practice_run_no': 1743265275932564971, 'case_code': '7WUZ-7N8N-PZN7-ZFT7', 'entered': 1, 'jammer_count': 11, 'cleared_jammer_count': 11, 'clear_failure_count': 0, 'virtual_time_us': 3115918265, 'end_reason': 'user_exit', 'created_at_ms': 1789238711831}
OFFICIAL_ABLATION_VARIANT {"problem": 4, "variant": "full__g35", "guest_code": "C:\\BAblation-20260913\\B"}
GUI_JOB {"action": "dry-run", "folder": "001-0-dry-run"}
WAIT_GUI {"seconds_remaining": 60}
GUI_RESULT {"status": "dry-run-ready", "ok": true, "clicks": 0, "robot_started": false}
READ_ONLY_DB_COPY {"label": "001-db-before", "rows": 71}
GUI_JOB {"action": "run", "folder": "002-1-run"}
WAIT_GUI {"seconds_remaining": 1320}
GUI_RESULT {"robot_exit": 0, "case_code": "WCNG-J6AM-EDGX-Z9KT", "ok": true, "robot_started": true, "status": "robot-completed", "clicks": 1}
READ_ONLY_DB_COPY {"label": "001-db-after-0", "rows": 72}
AUTHORITATIVE_RESULT {"id": 72, "team_no": "202623001141", "problem_no": 4, "practice_run_no": 2576335289425054402, "case_code": "WCNG-J6AM-EDGX-Z9KT", "entered": 1, "jammer_count": 13, "cleared_jammer_count": 13, "clear_failure_count": 0, "virtual_time_us": 5624219305, "end_reason": "user_exit", "created_at_ms": 1789238751036}
GUI_JOB {"action": "return", "folder": "003-1-return"}
WAIT_GUI {"seconds_remaining": 60}
GUI_RESULT {"status": "returned-to-practice", "ok": true, "clicks": 2, "robot_started": false}
OFFICIAL_BATCH_PROGRESS 53 160 {'id': 72, 'team_no': '202623001141', 'problem_no': 4, 'practice_run_no': 2576335289425054402, 'case_code': 'WCNG-J6AM-EDGX-Z9KT', 'entered': 1, 'jammer_count': 13, 'cleared_jammer_count': 13, 'clear_failure_count': 0, 'virtual_time_us': 5624219305, 'end_reason': 'user_exit', 'created_at_ms': 1789238751036}
OFFICIAL_ABLATION_VARIANT {"problem": 4, "variant": "no_negative__g35", "guest_code": "C:\\BAblation-20260913\\B"}
GUI_JOB {"action": "dry-run", "folder": "001-0-dry-run"}
WAIT_GUI {"seconds_remaining": 60}
GUI_RESULT {"status": "dry-run-ready", "ok": true, "clicks": 0, "robot_started": false}
READ_ONLY_DB_COPY {"label": "001-db-before", "rows": 72}
GUI_JOB {"action": "run", "folder": "002-1-run"}
WAIT_GUI {"seconds_remaining": 1320}
GUI_RESULT {"robot_exit": 0, "case_code": "AGQN-MRMS-P7FV-HJ4E", "ok": true, "robot_started": true, "status": "robot-completed", "clicks": 1}
READ_ONLY_DB_COPY {"label": "001-db-after-0", "rows": 73}
AUTHORITATIVE_RESULT {"id": 73, "team_no": "202623001141", "problem_no": 4, "practice_run_no": 7218952403523976439, "case_code": "AGQN-MRMS-P7FV-HJ4E", "entered": 1, "jammer_count": 14, "cleared_jammer_count": 14, "clear_failure_count": 0, "virtual_time_us": 6149331179, "end_reason": "user_exit", "created_at_ms": 1789238799238}
GUI_JOB {"action": "return", "folder": "003-1-return"}
WAIT_GUI {"seconds_remaining": 60}
GUI_RESULT {"status": "returned-to-practice", "ok": true, "clicks": 2, "robot_started": false}
OFFICIAL_BATCH_PROGRESS 54 160 {'id': 73, 'team_no': '202623001141', 'problem_no': 4, 'practice_run_no': 7218952403523976439, 'case_code': 'AGQN-MRMS-P7FV-HJ4E', 'entered': 1, 'jammer_count': 14, 'cleared_jammer_count': 14, 'clear_failure_count': 0, 'virtual_time_us': 6149331179, 'end_reason': 'user_exit', 'created_at_ms': 1789238799238}
OFFICIAL_ABLATION_VARIANT {"problem": 3, "variant": "full__g80", "guest_code": "C:\\BAblation-20260913\\B"}
GUI_JOB {"action": "dry-run", "folder": "001-0-dry-run"}
WAIT_GUI {"seconds_remaining": 60}
GUI_RESULT {"status": "dry-run-ready", "ok": true, "clicks": 0, "robot_started": false}
READ_ONLY_DB_COPY {"label": "001-db-before", "rows": 73}
GUI_JOB {"action": "run", "folder": "002-1-run"}
WAIT_GUI {"seconds_remaining": 1320}
GUI_RESULT {"robot_exit": 0, "case_code": "Z4ZM-AMP9-Q64C-JAKY", "ok": true, "robot_started": true, "status": "robot-completed", "clicks": 1}
READ_ONLY_DB_COPY {"label": "001-db-after-0", "rows": 74}
AUTHORITATIVE_RESULT {"id": 74, "team_no": "202623001141", "problem_no": 3, "practice_run_no": 6683754884911744429, "case_code": "Z4ZM-AMP9-Q64C-JAKY", "entered": 1, "jammer_count": 10, "cleared_jammer_count": 10, "clear_failure_count": 0, "virtual_time_us": 3040063664, "end_reason": "user_exit", "created_at_ms": 1789238847410}
GUI_JOB {"action": "return", "folder": "003-1-return"}
WAIT_GUI {"seconds_remaining": 60}
GUI_RESULT {"status": "returned-to-practice", "ok": true, "clicks": 2, "robot_started": false}
OFFICIAL_BATCH_PROGRESS 55 160 {'id': 74, 'team_no': '202623001141', 'problem_no': 3, 'practice_run_no': 6683754884911744429, 'case_code': 'Z4ZM-AMP9-Q64C-JAKY', 'entered': 1, 'jammer_count': 10, 'cleared_jammer_count': 10, 'clear_failure_count': 0, 'virtual_time_us': 3040063664, 'end_reason': 'user_exit', 'created_at_ms': 1789238847410}
OFFICIAL_ABLATION_VARIANT {"problem": 3, "variant": "nearest_sensing__g50", "guest_code": "C:\\BAblation-20260913\\B"}
GUI_JOB {"action": "dry-run", "folder": "001-0-dry-run"}
WAIT_GUI {"seconds_remaining": 60}
GUI_RESULT {"status": "dry-run-ready", "ok": true, "clicks": 0, "robot_started": false}
READ_ONLY_DB_COPY {"label": "001-db-before", "rows": 74}
GUI_JOB {"action": "run", "folder": "002-1-run"}
WAIT_GUI {"seconds_remaining": 1320}
GUI_RESULT {"robot_exit": 0, "case_code": "EWMT-HYTA-FJDE-QUBF", "ok": true, "robot_started": true, "status": "robot-completed", "clicks": 1}
READ_ONLY_DB_COPY {"label": "001-db-after-0", "rows": 75}
AUTHORITATIVE_RESULT {"id": 75, "team_no": "202623001141", "problem_no": 3, "practice_run_no": 5291412323513836302, "case_code": "EWMT-HYTA-FJDE-QUBF", "entered": 1, "jammer_count": 14, "cleared_jammer_count": 14, "clear_failure_count": 42, "virtual_time_us": 3974162338, "end_reason": "user_exit", "created_at_ms": 1789238884403}
GUI_JOB {"action": "return", "folder": "003-1-return"}
WAIT_GUI {"seconds_remaining": 60}
GUI_RESULT {"status": "returned-to-practice", "ok": true, "clicks": 2, "robot_started": false}
OFFICIAL_BATCH_PROGRESS 56 160 {'id': 75, 'team_no': '202623001141', 'problem_no': 3, 'practice_run_no': 5291412323513836302, 'case_code': 'EWMT-HYTA-FJDE-QUBF', 'entered': 1, 'jammer_count': 14, 'cleared_jammer_count': 14, 'clear_failure_count': 42, 'virtual_time_us': 3974162338, 'end_reason': 'user_exit', 'created_at_ms': 1789238884403}
OFFICIAL_ABLATION_VARIANT {"problem": 4, "variant": "full__g20", "guest_code": "C:\\BAblation-20260913\\B"}
GUI_JOB {"action": "dry-run", "folder": "001-0-dry-run"}
WAIT_GUI {"seconds_remaining": 60}
GUI_RESULT {"status": "dry-run-ready", "ok": true, "clicks": 0, "robot_started": false}
READ_ONLY_DB_COPY {"label": "001-db-before", "rows": 75}
GUI_JOB {"action": "run", "folder": "002-1-run"}
WAIT_GUI {"seconds_remaining": 1320}
GUI_RESULT {"robot_exit": 0, "case_code": "CTJP-JJ75-4MEZ-SR7V", "ok": true, "robot_started": true, "status": "robot-completed", "clicks": 1}
READ_ONLY_DB_COPY {"label": "001-db-after-0", "rows": 76}
AUTHORITATIVE_RESULT {"id": 76, "team_no": "202623001141", "problem_no": 4, "practice_run_no": 7908976001189223171, "case_code": "CTJP-JJ75-4MEZ-SR7V", "entered": 1, "jammer_count": 13, "cleared_jammer_count": 13, "clear_failure_count": 0, "virtual_time_us": 6716605274, "end_reason": "user_exit", "created_at_ms": 1789238926739}
GUI_JOB {"action": "return", "folder": "003-1-return"}
WAIT_GUI {"seconds_remaining": 60}
GUI_RESULT {"status": "returned-to-practice", "ok": true, "clicks": 2, "robot_started": false}
OFFICIAL_BATCH_PROGRESS 57 160 {'id': 76, 'team_no': '202623001141', 'problem_no': 4, 'practice_run_no': 7908976001189223171, 'case_code': 'CTJP-JJ75-4MEZ-SR7V', 'entered': 1, 'jammer_count': 13, 'cleared_jammer_count': 13, 'clear_failure_count': 0, 'virtual_time_us': 6716605274, 'end_reason': 'user_exit', 'created_at_ms': 1789238926739}
OFFICIAL_ABLATION_VARIANT {"problem": 4, "variant": "online_nearest__g35", "guest_code": "C:\\BAblation-20260913\\B"}
GUI_JOB {"action": "dry-run", "folder": "001-0-dry-run"}
WAIT_GUI {"seconds_remaining": 60}
GUI_RESULT {"status": "dry-run-ready", "ok": true, "clicks": 0, "robot_started": false}
READ_ONLY_DB_COPY {"label": "001-db-before", "rows": 76}
GUI_JOB {"action": "run", "folder": "002-1-run"}
WAIT_GUI {"seconds_remaining": 1320}
GUI_RESULT {"robot_exit": 0, "case_code": "B8KT-X3D2-WDFC-K6R4", "ok": true, "robot_started": true, "status": "robot-completed", "clicks": 1}
READ_ONLY_DB_COPY {"label": "001-db-after-0", "rows": 77}
AUTHORITATIVE_RESULT {"id": 77, "team_no": "202623001141", "problem_no": 4, "practice_run_no": 2452958957916871708, "case_code": "B8KT-X3D2-WDFC-K6R4", "entered": 1, "jammer_count": 15, "cleared_jammer_count": 15, "clear_failure_count": 0, "virtual_time_us": 6430021931, "end_reason": "user_exit", "created_at_ms": 1789238978562}
GUI_JOB {"action": "return", "folder": "003-1-return"}
WAIT_GUI {"seconds_remaining": 60}
GUI_RESULT {"status": "returned-to-practice", "ok": true, "clicks": 2, "robot_started": false}
OFFICIAL_BATCH_PROGRESS 58 160 {'id': 77, 'team_no': '202623001141', 'problem_no': 4, 'practice_run_no': 2452958957916871708, 'case_code': 'B8KT-X3D2-WDFC-K6R4', 'entered': 1, 'jammer_count': 15, 'cleared_jammer_count': 15, 'clear_failure_count': 0, 'virtual_time_us': 6430021931, 'end_reason': 'user_exit', 'created_at_ms': 1789238978562}
OFFICIAL_ABLATION_VARIANT {"problem": 3, "variant": "no_share__g50", "guest_code": "C:\\BAblation-20260913\\B"}
GUI_JOB {"action": "dry-run", "folder": "001-0-dry-run"}
WAIT_GUI {"seconds_remaining": 60}
GUI_RESULT {"status": "dry-run-ready", "ok": true, "clicks": 0, "robot_started": false}
READ_ONLY_DB_COPY {"label": "001-db-before", "rows": 77}
GUI_JOB {"action": "run", "folder": "002-1-run"}
WAIT_GUI {"seconds_remaining": 1320}
GUI_RESULT {"robot_exit": 0, "case_code": "28M4-ERZ5-XZQP-RDDP", "ok": true, "robot_started": true, "status": "robot-completed", "clicks": 1}
READ_ONLY_DB_COPY {"label": "001-db-after-0", "rows": 78}
AUTHORITATIVE_RESULT {"id": 78, "team_no": "202623001141", "problem_no": 3, "practice_run_no": 3300557904533804065, "case_code": "28M4-ERZ5-XZQP-RDDP", "entered": 1, "jammer_count": 11, "cleared_jammer_count": 11, "clear_failure_count": 0, "virtual_time_us": 3176313674, "end_reason": "user_exit", "created_at_ms": 1789239026123}
GUI_JOB {"action": "return", "folder": "003-1-return"}
WAIT_GUI {"seconds_remaining": 60}
GUI_RESULT {"status": "returned-to-practice", "ok": true, "clicks": 2, "robot_started": false}
OFFICIAL_BATCH_PROGRESS 59 160 {'id': 78, 'team_no': '202623001141', 'problem_no': 3, 'practice_run_no': 3300557904533804065, 'case_code': '28M4-ERZ5-XZQP-RDDP', 'entered': 1, 'jammer_count': 11, 'cleared_jammer_count': 11, 'clear_failure_count': 0, 'virtual_time_us': 3176313674, 'end_reason': 'user_exit', 'created_at_ms': 1789239026123}
OFFICIAL_ABLATION_VARIANT {"problem": 4, "variant": "full__g40", "guest_code": "C:\\BAblation-20260913\\B"}
GUI_JOB {"action": "dry-run", "folder": "001-0-dry-run"}
WAIT_GUI {"seconds_remaining": 60}
GUI_RESULT {"status": "dry-run-ready", "ok": true, "clicks": 0, "robot_started": false}
READ_ONLY_DB_COPY {"label": "001-db-before", "rows": 78}
GUI_JOB {"action": "run", "folder": "002-1-run"}
WAIT_GUI {"seconds_remaining": 1320}
GUI_RESULT {"robot_exit": 0, "case_code": "JXYN-NTAT-RHHG-9NCN", "ok": true, "robot_started": true, "status": "robot-completed", "clicks": 1}
READ_ONLY_DB_COPY {"label": "001-db-after-0", "rows": 79}
AUTHORITATIVE_RESULT {"id": 79, "team_no": "202623001141", "problem_no": 4, "practice_run_no": 4146791610557762881, "case_code": "JXYN-NTAT-RHHG-9NCN", "entered": 1, "jammer_count": 16, "cleared_jammer_count": 16, "clear_failure_count": 0, "virtual_time_us": 5971482242, "end_reason": "user_exit", "created_at_ms": 1789239062387}
GUI_JOB {"action": "return", "folder": "003-1-return"}
WAIT_GUI {"seconds_remaining": 60}
GUI_RESULT {"status": "returned-to-practice", "ok": true, "clicks": 2, "robot_started": false}
OFFICIAL_BATCH_PROGRESS 60 160 {'id': 79, 'team_no': '202623001141', 'problem_no': 4, 'practice_run_no': 4146791610557762881, 'case_code': 'JXYN-NTAT-RHHG-9NCN', 'entered': 1, 'jammer_count': 16, 'cleared_jammer_count': 16, 'clear_failure_count': 0, 'virtual_time_us': 5971482242, 'end_reason': 'user_exit', 'created_at_ms': 1789239062387}
OFFICIAL_ABLATION_VARIANT {"problem": 3, "variant": "scan_then_service__g50", "guest_code": "C:\\BAblation-20260913\\B"}
GUI_JOB {"action": "dry-run", "folder": "001-0-dry-run"}
WAIT_GUI {"seconds_remaining": 60}
GUI_RESULT {"status": "dry-run-ready", "ok": true, "clicks": 0, "robot_started": false}
READ_ONLY_DB_COPY {"label": "001-db-before", "rows": 79}
GUI_JOB {"action": "run", "folder": "002-1-run"}
WAIT_GUI {"seconds_remaining": 1320}
GUI_RESULT {"robot_exit": 0, "case_code": "D5EQ-CFGY-CN9E-MP7D", "ok": true, "robot_started": true, "status": "robot-completed", "clicks": 1}
READ_ONLY_DB_COPY {"label": "001-db-after-0", "rows": 80}
AUTHORITATIVE_RESULT {"id": 80, "team_no": "202623001141", "problem_no": 3, "practice_run_no": 5870250791272833229, "case_code": "D5EQ-CFGY-CN9E-MP7D", "entered": 1, "jammer_count": 14, "cleared_jammer_count": 14, "clear_failure_count": 0, "virtual_time_us": 3841976075, "end_reason": "user_exit", "created_at_ms": 1789239110058}
GUI_JOB {"action": "return", "folder": "003-1-return"}
WAIT_GUI {"seconds_remaining": 60}
GUI_RESULT {"status": "returned-to-practice", "ok": true, "clicks": 2, "robot_started": false}
OFFICIAL_BATCH_PROGRESS 61 160 {'id': 80, 'team_no': '202623001141', 'problem_no': 3, 'practice_run_no': 5870250791272833229, 'case_code': 'D5EQ-CFGY-CN9E-MP7D', 'entered': 1, 'jammer_count': 14, 'cleared_jammer_count': 14, 'clear_failure_count': 0, 'virtual_time_us': 3841976075, 'end_reason': 'user_exit', 'created_at_ms': 1789239110058}
OFFICIAL_ABLATION_VARIANT {"problem": 3, "variant": "full__g20", "guest_code": "C:\\BAblation-20260913\\B"}
GUI_JOB {"action": "dry-run", "folder": "001-0-dry-run"}
WAIT_GUI {"seconds_remaining": 60}
GUI_RESULT {"status": "dry-run-ready", "ok": true, "clicks": 0, "robot_started": false}
READ_ONLY_DB_COPY {"label": "001-db-before", "rows": 80}
GUI_JOB {"action": "run", "folder": "002-1-run"}
WAIT_GUI {"seconds_remaining": 1320}
GUI_RESULT {"robot_exit": 0, "case_code": "4YNR-RPWV-2H8Q-NG67", "ok": true, "robot_started": true, "status": "robot-completed", "clicks": 1}
READ_ONLY_DB_COPY {"label": "001-db-after-0", "rows": 81}
AUTHORITATIVE_RESULT {"id": 81, "team_no": "202623001141", "problem_no": 3, "practice_run_no": 3201814546191607663, "case_code": "4YNR-RPWV-2H8Q-NG67", "entered": 1, "jammer_count": 15, "cleared_jammer_count": 15, "clear_failure_count": 0, "virtual_time_us": 3281527883, "end_reason": "user_exit", "created_at_ms": 1789239147452}
GUI_JOB {"action": "return", "folder": "003-1-return"}
WAIT_GUI {"seconds_remaining": 60}
GUI_RESULT {"status": "returned-to-practice", "ok": true, "clicks": 2, "robot_started": false}
OFFICIAL_BATCH_PROGRESS 62 160 {'id': 81, 'team_no': '202623001141', 'problem_no': 3, 'practice_run_no': 3201814546191607663, 'case_code': '4YNR-RPWV-2H8Q-NG67', 'entered': 1, 'jammer_count': 15, 'cleared_jammer_count': 15, 'clear_failure_count': 0, 'virtual_time_us': 3281527883, 'end_reason': 'user_exit', 'created_at_ms': 1789239147452}
OFFICIAL_ABLATION_VARIANT {"problem": 3, "variant": "online_nearest__g50", "guest_code": "C:\\BAblation-20260913\\B"}
GUI_JOB {"action": "dry-run", "folder": "001-0-dry-run"}
WAIT_GUI {"seconds_remaining": 60}
GUI_RESULT {"status": "dry-run-ready", "ok": true, "clicks": 0, "robot_started": false}
READ_ONLY_DB_COPY {"label": "001-db-before", "rows": 81}
GUI_JOB {"action": "run", "folder": "002-1-run"}
WAIT_GUI {"seconds_remaining": 1320}
GUI_RESULT {"robot_exit": 0, "case_code": "Z4AQ-YQU2-JYE9-NBU4", "ok": true, "robot_started": true, "status": "robot-completed", "clicks": 1}
READ_ONLY_DB_COPY {"label": "001-db-after-0", "rows": 82}
AUTHORITATIVE_RESULT {"id": 82, "team_no": "202623001141", "problem_no": 3, "practice_run_no": 3758498212730181141, "case_code": "Z4AQ-YQU2-JYE9-NBU4", "entered": 1, "jammer_count": 10, "cleared_jammer_count": 10, "clear_failure_count": 0, "virtual_time_us": 2990575686, "end_reason": "user_exit", "created_at_ms": 1789239186191}
GUI_JOB {"action": "return", "folder": "003-1-return"}
WAIT_GUI {"seconds_remaining": 60}
GUI_RESULT {"status": "returned-to-practice", "ok": true, "clicks": 2, "robot_started": false}
OFFICIAL_BATCH_PROGRESS 63 160 {'id': 82, 'team_no': '202623001141', 'problem_no': 3, 'practice_run_no': 3758498212730181141, 'case_code': 'Z4AQ-YQU2-JYE9-NBU4', 'entered': 1, 'jammer_count': 10, 'cleared_jammer_count': 10, 'clear_failure_count': 0, 'virtual_time_us': 2990575686, 'end_reason': 'user_exit', 'created_at_ms': 1789239186191}
OFFICIAL_ABLATION_VARIANT {"problem": 4, "variant": "scan_then_service__g35", "guest_code": "C:\\BAblation-20260913\\B"}
GUI_JOB {"action": "dry-run", "folder": "001-0-dry-run"}
WAIT_GUI {"seconds_remaining": 60}
GUI_RESULT {"status": "dry-run-ready", "ok": true, "clicks": 0, "robot_started": false}
READ_ONLY_DB_COPY {"label": "001-db-before", "rows": 82}
GUI_JOB {"action": "run", "folder": "002-1-run"}
WAIT_GUI {"seconds_remaining": 1320}
GUI_RESULT {"robot_exit": 0, "case_code": "2Z2N-JDMS-HGAQ-2AUP", "ok": true, "robot_started": true, "status": "robot-completed", "clicks": 1}
READ_ONLY_DB_COPY {"label": "001-db-after-0", "rows": 83}
AUTHORITATIVE_RESULT {"id": 83, "team_no": "202623001141", "problem_no": 4, "practice_run_no": 7794380251674926493, "case_code": "2Z2N-JDMS-HGAQ-2AUP", "entered": 1, "jammer_count": 14, "cleared_jammer_count": 14, "clear_failure_count": 0, "virtual_time_us": 6942033834, "end_reason": "user_exit", "created_at_ms": 1789239223393}
GUI_JOB {"action": "return", "folder": "003-1-return"}
WAIT_GUI {"seconds_remaining": 60}
GUI_RESULT {"status": "returned-to-practice", "ok": true, "clicks": 2, "robot_started": false}
OFFICIAL_BATCH_PROGRESS 64 160 {'id': 83, 'team_no': '202623001141', 'problem_no': 4, 'practice_run_no': 7794380251674926493, 'case_code': '2Z2N-JDMS-HGAQ-2AUP', 'entered': 1, 'jammer_count': 14, 'cleared_jammer_count': 14, 'clear_failure_count': 0, 'virtual_time_us': 6942033834, 'end_reason': 'user_exit', 'created_at_ms': 1789239223393}
OFFICIAL_ABLATION_VARIANT {"problem": 3, "variant": "online_nearest__g50", "guest_code": "C:\\BAblation-20260913\\B"}
GUI_JOB {"action": "dry-run", "folder": "001-0-dry-run"}
WAIT_GUI {"seconds_remaining": 60}
GUI_RESULT {"status": "dry-run-ready", "ok": true, "clicks": 0, "robot_started": false}
READ_ONLY_DB_COPY {"label": "001-db-before", "rows": 83}
GUI_JOB {"action": "run", "folder": "002-1-run"}
WAIT_GUI {"seconds_remaining": 1320}
GUI_RESULT {"robot_exit": 0, "case_code": "HAPY-YH4E-PWYA-954Z", "ok": true, "robot_started": true, "status": "robot-completed", "clicks": 1}
READ_ONLY_DB_COPY {"label": "001-db-after-0", "rows": 84}
AUTHORITATIVE_RESULT {"id": 84, "team_no": "202623001141", "problem_no": 3, "practice_run_no": 2951482233438939008, "case_code": "HAPY-YH4E-PWYA-954Z", "entered": 1, "jammer_count": 13, "cleared_jammer_count": 13, "clear_failure_count": 0, "virtual_time_us": 3020562177, "end_reason": "user_exit", "created_at_ms": 1789239273558}
GUI_JOB {"action": "return", "folder": "003-1-return"}
WAIT_GUI {"seconds_remaining": 60}
GUI_RESULT {"status": "returned-to-practice", "ok": true, "clicks": 2, "robot_started": false}
OFFICIAL_BATCH_PROGRESS 65 160 {'id': 84, 'team_no': '202623001141', 'problem_no': 3, 'practice_run_no': 2951482233438939008, 'case_code': 'HAPY-YH4E-PWYA-954Z', 'entered': 1, 'jammer_count': 13, 'cleared_jammer_count': 13, 'clear_failure_count': 0, 'virtual_time_us': 3020562177, 'end_reason': 'user_exit', 'created_at_ms': 1789239273558}
OFFICIAL_ABLATION_VARIANT {"problem": 3, "variant": "no_negative__g50", "guest_code": "C:\\BAblation-20260913\\B"}
GUI_JOB {"action": "dry-run", "folder": "001-0-dry-run"}
WAIT_GUI {"seconds_remaining": 60}
GUI_RESULT {"status": "dry-run-ready", "ok": true, "clicks": 0, "robot_started": false}
READ_ONLY_DB_COPY {"label": "001-db-before", "rows": 84}
GUI_JOB {"action": "run", "folder": "002-1-run"}
WAIT_GUI {"seconds_remaining": 1320}
GUI_RESULT {"robot_exit": 0, "case_code": "9GNU-AWRS-73U8-RT74", "ok": true, "robot_started": true, "status": "robot-completed", "clicks": 1}
READ_ONLY_DB_COPY {"label": "001-db-after-0", "rows": 85}
AUTHORITATIVE_RESULT {"id": 85, "team_no": "202623001141", "problem_no": 3, "practice_run_no": 698175501565654052, "case_code": "9GNU-AWRS-73U8-RT74", "entered": 1, "jammer_count": 11, "cleared_jammer_count": 11, "clear_failure_count": 0, "virtual_time_us": 3080602970, "end_reason": "user_exit", "created_at_ms": 1789239310737}
GUI_JOB {"action": "return", "folder": "003-1-return"}
WAIT_GUI {"seconds_remaining": 60}
GUI_RESULT {"status": "returned-to-practice", "ok": true, "clicks": 2, "robot_started": false}
OFFICIAL_BATCH_PROGRESS 66 160 {'id': 85, 'team_no': '202623001141', 'problem_no': 3, 'practice_run_no': 698175501565654052, 'case_code': '9GNU-AWRS-73U8-RT74', 'entered': 1, 'jammer_count': 11, 'cleared_jammer_count': 11, 'clear_failure_count': 0, 'virtual_time_us': 3080602970, 'end_reason': 'user_exit', 'created_at_ms': 1789239310737}
OFFICIAL_ABLATION_VARIANT {"problem": 4, "variant": "full__g20", "guest_code": "C:\\BAblation-20260913\\B"}
GUI_JOB {"action": "dry-run", "folder": "001-0-dry-run"}
WAIT_GUI {"seconds_remaining": 60}
GUI_RESULT {"status": "dry-run-ready", "ok": true, "clicks": 0, "robot_started": false}
READ_ONLY_DB_COPY {"label": "001-db-before", "rows": 85}
GUI_JOB {"action": "run", "folder": "002-1-run"}
WAIT_GUI {"seconds_remaining": 1320}
GUI_RESULT {"robot_exit": 0, "case_code": "VN6M-XH5N-KJXA-F8VP", "ok": true, "robot_started": true, "status": "robot-completed", "clicks": 1}
READ_ONLY_DB_COPY {"label": "001-db-after-0", "rows": 86}
AUTHORITATIVE_RESULT {"id": 86, "team_no": "202623001141", "problem_no": 4, "practice_run_no": 1506336402128750280, "case_code": "VN6M-XH5N-KJXA-F8VP", "entered": 1, "jammer_count": 15, "cleared_jammer_count": 15, "clear_failure_count": 0, "virtual_time_us": 5756648292, "end_reason": "user_exit", "created_at_ms": 1789239348391}
GUI_JOB {"action": "return", "folder": "003-1-return"}
WAIT_GUI {"seconds_remaining": 60}
GUI_RESULT {"status": "returned-to-practice", "ok": true, "clicks": 2, "robot_started": false}
OFFICIAL_BATCH_PROGRESS 67 160 {'id': 86, 'team_no': '202623001141', 'problem_no': 4, 'practice_run_no': 1506336402128750280, 'case_code': 'VN6M-XH5N-KJXA-F8VP', 'entered': 1, 'jammer_count': 15, 'cleared_jammer_count': 15, 'clear_failure_count': 0, 'virtual_time_us': 5756648292, 'end_reason': 'user_exit', 'created_at_ms': 1789239348391}
OFFICIAL_ABLATION_VARIANT {"problem": 4, "variant": "no_share__g35", "guest_code": "C:\\BAblation-20260913\\B"}
GUI_JOB {"action": "dry-run", "folder": "001-0-dry-run"}
WAIT_GUI {"seconds_remaining": 60}
GUI_RESULT {"status": "dry-run-ready", "ok": true, "clicks": 0, "robot_started": false}
READ_ONLY_DB_COPY {"label": "001-db-before", "rows": 86}
GUI_JOB {"action": "run", "folder": "002-1-run"}
WAIT_GUI {"seconds_remaining": 1320}
GUI_RESULT {"robot_exit": 0, "case_code": "XNQE-3KTK-YFPJ-4PTD", "ok": true, "robot_started": true, "status": "robot-completed", "clicks": 1}
READ_ONLY_DB_COPY {"label": "001-db-after-0", "rows": 87}
AUTHORITATIVE_RESULT {"id": 87, "team_no": "202623001141", "problem_no": 4, "practice_run_no": 8830818031378638953, "case_code": "XNQE-3KTK-YFPJ-4PTD", "entered": 1, "jammer_count": 15, "cleared_jammer_count": 15, "clear_failure_count": 0, "virtual_time_us": 5815444515, "end_reason": "user_exit", "created_at_ms": 1789239395993}
GUI_JOB {"action": "return", "folder": "003-1-return"}
WAIT_GUI {"seconds_remaining": 60}
GUI_RESULT {"status": "returned-to-practice", "ok": true, "clicks": 2, "robot_started": false}
OFFICIAL_BATCH_PROGRESS 68 160 {'id': 87, 'team_no': '202623001141', 'problem_no': 4, 'practice_run_no': 8830818031378638953, 'case_code': 'XNQE-3KTK-YFPJ-4PTD', 'entered': 1, 'jammer_count': 15, 'cleared_jammer_count': 15, 'clear_failure_count': 0, 'virtual_time_us': 5815444515, 'end_reason': 'user_exit', 'created_at_ms': 1789239395993}
OFFICIAL_ABLATION_VARIANT {"problem": 3, "variant": "full__g80", "guest_code": "C:\\BAblation-20260913\\B"}
GUI_JOB {"action": "dry-run", "folder": "001-0-dry-run"}
WAIT_GUI {"seconds_remaining": 60}
GUI_RESULT {"status": "dry-run-ready", "ok": true, "clicks": 0, "robot_started": false}
READ_ONLY_DB_COPY {"label": "001-db-before", "rows": 87}
GUI_JOB {"action": "run", "folder": "002-1-run"}
WAIT_GUI {"seconds_remaining": 1320}
GUI_RESULT {"robot_exit": 0, "case_code": "77MA-2J4M-YEQB-FVXF", "ok": true, "robot_started": true, "status": "robot-completed", "clicks": 1}
READ_ONLY_DB_COPY {"label": "001-db-after-0", "rows": 88}
AUTHORITATIVE_RESULT {"id": 88, "team_no": "202623001141", "problem_no": 3, "practice_run_no": 5140185944167932822, "case_code": "77MA-2J4M-YEQB-FVXF", "entered": 1, "jammer_count": 15, "cleared_jammer_count": 15, "clear_failure_count": 1, "virtual_time_us": 3059362429, "end_reason": "user_exit", "created_at_ms": 1789239443323}
GUI_JOB {"action": "return", "folder": "003-1-return"}
WAIT_GUI {"seconds_remaining": 60}
GUI_RESULT {"status": "returned-to-practice", "ok": true, "clicks": 2, "robot_started": false}
OFFICIAL_BATCH_PROGRESS 69 160 {'id': 88, 'team_no': '202623001141', 'problem_no': 3, 'practice_run_no': 5140185944167932822, 'case_code': '77MA-2J4M-YEQB-FVXF', 'entered': 1, 'jammer_count': 15, 'cleared_jammer_count': 15, 'clear_failure_count': 1, 'virtual_time_us': 3059362429, 'end_reason': 'user_exit', 'created_at_ms': 1789239443323}
OFFICIAL_ABLATION_VARIANT {"problem": 3, "variant": "full__g20", "guest_code": "C:\\BAblation-20260913\\B"}
GUI_JOB {"action": "dry-run", "folder": "001-0-dry-run"}
WAIT_GUI {"seconds_remaining": 60}
GUI_RESULT {"status": "dry-run-ready", "ok": true, "clicks": 0, "robot_started": false}
READ_ONLY_DB_COPY {"label": "001-db-before", "rows": 88}
GUI_JOB {"action": "run", "folder": "002-1-run"}
WAIT_GUI {"seconds_remaining": 1320}
GUI_RESULT {"robot_exit": 0, "case_code": "D7JK-YZ5B-XUWP-DJC5", "ok": true, "robot_started": true, "status": "robot-completed", "clicks": 1}
READ_ONLY_DB_COPY {"label": "001-db-after-0", "rows": 89}
AUTHORITATIVE_RESULT {"id": 89, "team_no": "202623001141", "problem_no": 3, "practice_run_no": 5117492117937711571, "case_code": "D7JK-YZ5B-XUWP-DJC5", "entered": 1, "jammer_count": 10, "cleared_jammer_count": 10, "clear_failure_count": 0, "virtual_time_us": 2907716054, "end_reason": "user_exit", "created_at_ms": 1789239483072}
GUI_JOB {"action": "return", "folder": "003-1-return"}
WAIT_GUI {"seconds_remaining": 60}
GUI_RESULT {"status": "returned-to-practice", "ok": true, "clicks": 2, "robot_started": false}
OFFICIAL_BATCH_PROGRESS 70 160 {'id': 89, 'team_no': '202623001141', 'problem_no': 3, 'practice_run_no': 5117492117937711571, 'case_code': 'D7JK-YZ5B-XUWP-DJC5', 'entered': 1, 'jammer_count': 10, 'cleared_jammer_count': 10, 'clear_failure_count': 0, 'virtual_time_us': 2907716054, 'end_reason': 'user_exit', 'created_at_ms': 1789239483072}
OFFICIAL_ABLATION_VARIANT {"problem": 3, "variant": "full__g50", "guest_code": "C:\\BAblation-20260913\\B"}
GUI_JOB {"action": "dry-run", "folder": "001-0-dry-run"}
WAIT_GUI {"seconds_remaining": 60}
GUI_RESULT {"status": "dry-run-ready", "ok": true, "clicks": 0, "robot_started": false}
READ_ONLY_DB_COPY {"label": "001-db-before", "rows": 89}
GUI_JOB {"action": "run", "folder": "002-1-run"}
WAIT_GUI {"seconds_remaining": 1320}
GUI_RESULT {"robot_exit": 0, "case_code": "5YED-833B-74WF-6S6Z", "ok": true, "robot_started": true, "status": "robot-completed", "clicks": 1}
READ_ONLY_DB_COPY {"label": "001-db-after-0", "rows": 90}
AUTHORITATIVE_RESULT {"id": 90, "team_no": "202623001141", "problem_no": 3, "practice_run_no": 869854940256416224, "case_code": "5YED-833B-74WF-6S6Z", "entered": 1, "jammer_count": 10, "cleared_jammer_count": 10, "clear_failure_count": 1, "virtual_time_us": 2718891136, "end_reason": "user_exit", "created_at_ms": 1789239522914}
GUI_JOB {"action": "return", "folder": "003-1-return"}
WAIT_GUI {"seconds_remaining": 60}
GUI_RESULT {"status": "returned-to-practice", "ok": true, "clicks": 2, "robot_started": false}
OFFICIAL_BATCH_PROGRESS 71 160 {'id': 90, 'team_no': '202623001141', 'problem_no': 3, 'practice_run_no': 869854940256416224, 'case_code': '5YED-833B-74WF-6S6Z', 'entered': 1, 'jammer_count': 10, 'cleared_jammer_count': 10, 'clear_failure_count': 1, 'virtual_time_us': 2718891136, 'end_reason': 'user_exit', 'created_at_ms': 1789239522914}
OFFICIAL_ABLATION_VARIANT {"problem": 4, "variant": "no_negative__g35", "guest_code": "C:\\BAblation-20260913\\B"}
GUI_JOB {"action": "dry-run", "folder": "001-0-dry-run"}
WAIT_GUI {"seconds_remaining": 60}
GUI_RESULT {"status": "dry-run-ready", "ok": true, "clicks": 0, "robot_started": false}
READ_ONLY_DB_COPY {"label": "001-db-before", "rows": 90}
GUI_JOB {"action": "run", "folder": "002-1-run"}
WAIT_GUI {"seconds_remaining": 1320}
GUI_RESULT {"robot_exit": 0, "case_code": "UT4S-TRKH-MZC8-M5XM", "ok": true, "robot_started": true, "status": "robot-completed", "clicks": 1}
READ_ONLY_DB_COPY {"label": "001-db-after-0", "rows": 91}
AUTHORITATIVE_RESULT {"id": 91, "team_no": "202623001141", "problem_no": 4, "practice_run_no": 7704810240859458376, "case_code": "UT4S-TRKH-MZC8-M5XM", "entered": 1, "jammer_count": 11, "cleared_jammer_count": 11, "clear_failure_count": 0, "virtual_time_us": 5789208097, "end_reason": "user_exit", "created_at_ms": 1789239561773}
GUI_JOB {"action": "return", "folder": "003-1-return"}
WAIT_GUI {"seconds_remaining": 60}
GUI_RESULT {"status": "returned-to-practice", "ok": true, "clicks": 2, "robot_started": false}
OFFICIAL_BATCH_PROGRESS 72 160 {'id': 91, 'team_no': '202623001141', 'problem_no': 4, 'practice_run_no': 7704810240859458376, 'case_code': 'UT4S-TRKH-MZC8-M5XM', 'entered': 1, 'jammer_count': 11, 'cleared_jammer_count': 11, 'clear_failure_count': 0, 'virtual_time_us': 5789208097, 'end_reason': 'user_exit', 'created_at_ms': 1789239561773}
OFFICIAL_ABLATION_VARIANT {"problem": 3, "variant": "scan_then_service__g50", "guest_code": "C:\\BAblation-20260913\\B"}
GUI_JOB {"action": "dry-run", "folder": "001-0-dry-run"}
WAIT_GUI {"seconds_remaining": 60}
GUI_RESULT {"status": "dry-run-ready", "ok": true, "clicks": 0, "robot_started": false}
READ_ONLY_DB_COPY {"label": "001-db-before", "rows": 91}
GUI_JOB {"action": "run", "folder": "002-1-run"}
WAIT_GUI {"seconds_remaining": 1320}
GUI_RESULT {"robot_exit": 0, "case_code": "QC5S-BAGM-GGKA-HAW4", "ok": true, "robot_started": true, "status": "robot-completed", "clicks": 1}
READ_ONLY_DB_COPY {"label": "001-db-after-0", "rows": 92}
AUTHORITATIVE_RESULT {"id": 92, "team_no": "202623001141", "problem_no": 3, "practice_run_no": 338223740182969528, "case_code": "QC5S-BAGM-GGKA-HAW4", "entered": 1, "jammer_count": 13, "cleared_jammer_count": 13, "clear_failure_count": 0, "virtual_time_us": 4250915558, "end_reason": "user_exit", "created_at_ms": 1789239610168}
GUI_JOB {"action": "return", "folder": "003-1-return"}
WAIT_GUI {"seconds_remaining": 60}
GUI_RESULT {"status": "returned-to-practice", "ok": true, "clicks": 2, "robot_started": false}
OFFICIAL_BATCH_PROGRESS 73 160 {'id': 92, 'team_no': '202623001141', 'problem_no': 3, 'practice_run_no': 338223740182969528, 'case_code': 'QC5S-BAGM-GGKA-HAW4', 'entered': 1, 'jammer_count': 13, 'cleared_jammer_count': 13, 'clear_failure_count': 0, 'virtual_time_us': 4250915558, 'end_reason': 'user_exit', 'created_at_ms': 1789239610168}
OFFICIAL_ABLATION_VARIANT {"problem": 4, "variant": "scan_then_service__g35", "guest_code": "C:\\BAblation-20260913\\B"}
GUI_JOB {"action": "dry-run", "folder": "001-0-dry-run"}
WAIT_GUI {"seconds_remaining": 60}
GUI_RESULT {"status": "dry-run-ready", "ok": true, "clicks": 0, "robot_started": false}
READ_ONLY_DB_COPY {"label": "001-db-before", "rows": 92}
GUI_JOB {"action": "run", "folder": "002-1-run"}
WAIT_GUI {"seconds_remaining": 1320}
GUI_RESULT {"robot_exit": 0, "case_code": "AQ78-VGD8-5CK4-9WPJ", "ok": true, "robot_started": true, "status": "robot-completed", "clicks": 1}
READ_ONLY_DB_COPY {"label": "001-db-after-0", "rows": 93}
AUTHORITATIVE_RESULT {"id": 93, "team_no": "202623001141", "problem_no": 4, "practice_run_no": 1282549004294897894, "case_code": "AQ78-VGD8-5CK4-9WPJ", "entered": 1, "jammer_count": 14, "cleared_jammer_count": 14, "clear_failure_count": 0, "virtual_time_us": 6516603324, "end_reason": "user_exit", "created_at_ms": 1789239649734}
GUI_JOB {"action": "return", "folder": "003-1-return"}
WAIT_GUI {"seconds_remaining": 60}
GUI_RESULT {"status": "returned-to-practice", "ok": true, "clicks": 2, "robot_started": false}
OFFICIAL_BATCH_PROGRESS 74 160 {'id': 93, 'team_no': '202623001141', 'problem_no': 4, 'practice_run_no': 1282549004294897894, 'case_code': 'AQ78-VGD8-5CK4-9WPJ', 'entered': 1, 'jammer_count': 14, 'cleared_jammer_count': 14, 'clear_failure_count': 0, 'virtual_time_us': 6516603324, 'end_reason': 'user_exit', 'created_at_ms': 1789239649734}
OFFICIAL_ABLATION_VARIANT {"problem": 4, "variant": "full__g40", "guest_code": "C:\\BAblation-20260913\\B"}
GUI_JOB {"action": "dry-run", "folder": "001-0-dry-run"}
WAIT_GUI {"seconds_remaining": 60}
GUI_RESULT {"status": "dry-run-ready", "ok": true, "clicks": 0, "robot_started": false}
READ_ONLY_DB_COPY {"label": "001-db-before", "rows": 93}
GUI_JOB {"action": "run", "folder": "002-1-run"}
WAIT_GUI {"seconds_remaining": 1320}
GUI_RESULT {"robot_exit": 0, "case_code": "QHJG-B24A-RQRB-SS9V", "ok": true, "robot_started": true, "status": "robot-completed", "clicks": 1}
READ_ONLY_DB_COPY {"label": "001-db-after-0", "rows": 94}
AUTHORITATIVE_RESULT {"id": 94, "team_no": "202623001141", "problem_no": 4, "practice_run_no": 3486264738798544285, "case_code": "QHJG-B24A-RQRB-SS9V", "entered": 1, "jammer_count": 13, "cleared_jammer_count": 13, "clear_failure_count": 0, "virtual_time_us": 6061451018, "end_reason": "user_exit", "created_at_ms": 1789239698122}
GUI_JOB {"action": "return", "folder": "003-1-return"}
WAIT_GUI {"seconds_remaining": 60}
GUI_RESULT {"status": "returned-to-practice", "ok": true, "clicks": 2, "robot_started": false}
OFFICIAL_BATCH_PROGRESS 75 160 {'id': 94, 'team_no': '202623001141', 'problem_no': 4, 'practice_run_no': 3486264738798544285, 'case_code': 'QHJG-B24A-RQRB-SS9V', 'entered': 1, 'jammer_count': 13, 'cleared_jammer_count': 13, 'clear_failure_count': 0, 'virtual_time_us': 6061451018, 'end_reason': 'user_exit', 'created_at_ms': 1789239698122}
OFFICIAL_ABLATION_VARIANT {"problem": 3, "variant": "nearest_sensing__g50", "guest_code": "C:\\BAblation-20260913\\B"}
GUI_JOB {"action": "dry-run", "folder": "001-0-dry-run"}
WAIT_GUI {"seconds_remaining": 60}
GUI_RESULT {"status": "dry-run-ready", "ok": true, "clicks": 0, "robot_started": false}
READ_ONLY_DB_COPY {"label": "001-db-before", "rows": 94}
GUI_JOB {"action": "run", "folder": "002-1-run"}
WAIT_GUI {"seconds_remaining": 1320}
GUI_RESULT {"robot_exit": 0, "case_code": "A7BK-QG9A-QF8S-D88Y", "ok": true, "robot_started": true, "status": "robot-completed", "clicks": 1}
READ_ONLY_DB_COPY {"label": "001-db-after-0", "rows": 95}
AUTHORITATIVE_RESULT {"id": 95, "team_no": "202623001141", "problem_no": 3, "practice_run_no": 4078957856510077308, "case_code": "A7BK-QG9A-QF8S-D88Y", "entered": 1, "jammer_count": 13, "cleared_jammer_count": 13, "clear_failure_count": 18, "virtual_time_us": 3731783105, "end_reason": "user_exit", "created_at_ms": 1789239748212}
GUI_JOB {"action": "return", "folder": "003-1-return"}
WAIT_GUI {"seconds_remaining": 60}
GUI_RESULT {"status": "returned-to-practice", "ok": true, "clicks": 2, "robot_started": false}
OFFICIAL_BATCH_PROGRESS 76 160 {'id': 95, 'team_no': '202623001141', 'problem_no': 3, 'practice_run_no': 4078957856510077308, 'case_code': 'A7BK-QG9A-QF8S-D88Y', 'entered': 1, 'jammer_count': 13, 'cleared_jammer_count': 13, 'clear_failure_count': 18, 'virtual_time_us': 3731783105, 'end_reason': 'user_exit', 'created_at_ms': 1789239748212}
OFFICIAL_ABLATION_VARIANT {"problem": 4, "variant": "full__g80", "guest_code": "C:\\BAblation-20260913\\B"}
GUI_JOB {"action": "dry-run", "folder": "001-0-dry-run"}
WAIT_GUI {"seconds_remaining": 60}
GUI_RESULT {"status": "dry-run-ready", "ok": true, "clicks": 0, "robot_started": false}
READ_ONLY_DB_COPY {"label": "001-db-before", "rows": 95}
GUI_JOB {"action": "run", "folder": "002-1-run"}
WAIT_GUI {"seconds_remaining": 1320}
GUI_RESULT {"robot_exit": 0, "case_code": "6K2R-BJNJ-2XF6-VU3X", "ok": true, "robot_started": true, "status": "robot-completed", "clicks": 1}
READ_ONLY_DB_COPY {"label": "001-db-after-0", "rows": 96}
AUTHORITATIVE_RESULT {"id": 96, "team_no": "202623001141", "problem_no": 4, "practice_run_no": 7748308139950339292, "case_code": "6K2R-BJNJ-2XF6-VU3X", "entered": 1, "jammer_count": 14, "cleared_jammer_count": 14, "clear_failure_count": 1, "virtual_time_us": 7080894718, "end_reason": "user_exit", "created_at_ms": 1789239791093}
GUI_JOB {"action": "return", "folder": "003-1-return"}
WAIT_GUI {"seconds_remaining": 60}
GUI_RESULT {"status": "returned-to-practice", "ok": true, "clicks": 2, "robot_started": false}
OFFICIAL_BATCH_PROGRESS 77 160 {'id': 96, 'team_no': '202623001141', 'problem_no': 4, 'practice_run_no': 7748308139950339292, 'case_code': '6K2R-BJNJ-2XF6-VU3X', 'entered': 1, 'jammer_count': 14, 'cleared_jammer_count': 14, 'clear_failure_count': 1, 'virtual_time_us': 7080894718, 'end_reason': 'user_exit', 'created_at_ms': 1789239791093}
OFFICIAL_ABLATION_VARIANT {"problem": 4, "variant": "online_nearest__g35", "guest_code": "C:\\BAblation-20260913\\B"}
GUI_JOB {"action": "dry-run", "folder": "001-0-dry-run"}
WAIT_GUI {"seconds_remaining": 60}
GUI_RESULT {"status": "dry-run-ready", "ok": true, "clicks": 0, "robot_started": false}
READ_ONLY_DB_COPY {"label": "001-db-before", "rows": 96}
GUI_JOB {"action": "run", "folder": "002-1-run"}
WAIT_GUI {"seconds_remaining": 1320}
GUI_RESULT {"robot_exit": 0, "case_code": "KEJT-BE9V-TB7T-RR5M", "ok": true, "robot_started": true, "status": "robot-completed", "clicks": 1}
READ_ONLY_DB_COPY {"label": "001-db-after-0", "rows": 97}
AUTHORITATIVE_RESULT {"id": 97, "team_no": "202623001141", "problem_no": 4, "practice_run_no": 7857249491134439448, "case_code": "KEJT-BE9V-TB7T-RR5M", "entered": 1, "jammer_count": 14, "cleared_jammer_count": 14, "clear_failure_count": 0, "virtual_time_us": 6316287699, "end_reason": "user_exit", "created_at_ms": 1789239842857}
GUI_JOB {"action": "return", "folder": "003-1-return"}
WAIT_GUI {"seconds_remaining": 60}
GUI_RESULT {"status": "returned-to-practice", "ok": true, "clicks": 2, "robot_started": false}
OFFICIAL_BATCH_PROGRESS 78 160 {'id': 97, 'team_no': '202623001141', 'problem_no': 4, 'practice_run_no': 7857249491134439448, 'case_code': 'KEJT-BE9V-TB7T-RR5M', 'entered': 1, 'jammer_count': 14, 'cleared_jammer_count': 14, 'clear_failure_count': 0, 'virtual_time_us': 6316287699, 'end_reason': 'user_exit', 'created_at_ms': 1789239842857}
OFFICIAL_ABLATION_VARIANT {"problem": 4, "variant": "full__g35", "guest_code": "C:\\BAblation-20260913\\B"}
GUI_JOB {"action": "dry-run", "folder": "001-0-dry-run"}
WAIT_GUI {"seconds_remaining": 60}
GUI_RESULT {"status": "dry-run-ready", "ok": true, "clicks": 0, "robot_started": false}
READ_ONLY_DB_COPY {"label": "001-db-before", "rows": 97}
GUI_JOB {"action": "run", "folder": "002-1-run"}
WAIT_GUI {"seconds_remaining": 1320}
GUI_RESULT {"robot_exit": 0, "case_code": "X8X9-35ZD-JDNQ-7GYT", "ok": true, "robot_started": true, "status": "robot-completed", "clicks": 1}
READ_ONLY_DB_COPY {"label": "001-db-after-0", "rows": 98}
AUTHORITATIVE_RESULT {"id": 98, "team_no": "202623001141", "problem_no": 4, "practice_run_no": 3455477204683627063, "case_code": "X8X9-35ZD-JDNQ-7GYT", "entered": 1, "jammer_count": 11, "cleared_jammer_count": 11, "clear_failure_count": 0, "virtual_time_us": 6204781363, "end_reason": "user_exit", "created_at_ms": 1789239894984}
GUI_JOB {"action": "return", "folder": "003-1-return"}
WAIT_GUI {"seconds_remaining": 60}
GUI_RESULT {"status": "returned-to-practice", "ok": true, "clicks": 2, "robot_started": false}
OFFICIAL_BATCH_PROGRESS 79 160 {'id': 98, 'team_no': '202623001141', 'problem_no': 4, 'practice_run_no': 3455477204683627063, 'case_code': 'X8X9-35ZD-JDNQ-7GYT', 'entered': 1, 'jammer_count': 11, 'cleared_jammer_count': 11, 'clear_failure_count': 0, 'virtual_time_us': 6204781363, 'end_reason': 'user_exit', 'created_at_ms': 1789239894984}
OFFICIAL_ABLATION_VARIANT {"problem": 3, "variant": "no_share__g50", "guest_code": "C:\\BAblation-20260913\\B"}
GUI_JOB {"action": "dry-run", "folder": "001-0-dry-run"}
WAIT_GUI {"seconds_remaining": 60}
GUI_RESULT {"status": "dry-run-ready", "ok": true, "clicks": 0, "robot_started": false}
READ_ONLY_DB_COPY {"label": "001-db-before", "rows": 98}
GUI_JOB {"action": "run", "folder": "002-1-run"}
WAIT_GUI {"seconds_remaining": 1320}
GUI_RESULT {"robot_exit": 0, "case_code": "KXU3-6YX8-B9ZX-7PKS", "ok": true, "robot_started": true, "status": "robot-completed", "clicks": 1}
READ_ONLY_DB_COPY {"label": "001-db-after-0", "rows": 99}
AUTHORITATIVE_RESULT {"id": 99, "team_no": "202623001141", "problem_no": 3, "practice_run_no": 189405639221190811, "case_code": "KXU3-6YX8-B9ZX-7PKS", "entered": 1, "jammer_count": 14, "cleared_jammer_count": 14, "clear_failure_count": 1, "virtual_time_us": 3670392007, "end_reason": "user_exit", "created_at_ms": 1789239946347}
GUI_JOB {"action": "return", "folder": "003-1-return"}
WAIT_GUI {"seconds_remaining": 60}
GUI_RESULT {"status": "returned-to-practice", "ok": true, "clicks": 2, "robot_started": false}
OFFICIAL_BATCH_PROGRESS 80 160 {'id': 99, 'team_no': '202623001141', 'problem_no': 3, 'practice_run_no': 189405639221190811, 'case_code': 'KXU3-6YX8-B9ZX-7PKS', 'entered': 1, 'jammer_count': 14, 'cleared_jammer_count': 14, 'clear_failure_count': 1, 'virtual_time_us': 3670392007, 'end_reason': 'user_exit', 'created_at_ms': 1789239946347}
OFFICIAL_ABLATION_VARIANT {"problem": 3, "variant": "online_nearest__g50", "guest_code": "C:\\BAblation-20260913\\B"}
GUI_JOB {"action": "dry-run", "folder": "001-0-dry-run"}
WAIT_GUI {"seconds_remaining": 60}
GUI_RESULT {"status": "dry-run-ready", "ok": true, "clicks": 0, "robot_started": false}
READ_ONLY_DB_COPY {"label": "001-db-before", "rows": 99}
GUI_JOB {"action": "run", "folder": "002-1-run"}
WAIT_GUI {"seconds_remaining": 1320}
GUI_RESULT {"robot_exit": 0, "case_code": "W8N2-NW42-8JEY-V9NH", "ok": true, "robot_started": true, "status": "robot-completed", "clicks": 1}
READ_ONLY_DB_COPY {"label": "001-db-after-0", "rows": 100}
AUTHORITATIVE_RESULT {"id": 100, "team_no": "202623001141", "problem_no": 3, "practice_run_no": 4582507888452048474, "case_code": "W8N2-NW42-8JEY-V9NH", "entered": 1, "jammer_count": 11, "cleared_jammer_count": 11, "clear_failure_count": 0, "virtual_time_us": 2991518252, "end_reason": "user_exit", "created_at_ms": 1789239984693}
GUI_JOB {"action": "return", "folder": "003-1-return"}
WAIT_GUI {"seconds_remaining": 60}
GUI_RESULT {"status": "returned-to-practice", "ok": true, "clicks": 2, "robot_started": false}
OFFICIAL_BATCH_PROGRESS 81 160 {'id': 100, 'team_no': '202623001141', 'problem_no': 3, 'practice_run_no': 4582507888452048474, 'case_code': 'W8N2-NW42-8JEY-V9NH', 'entered': 1, 'jammer_count': 11, 'cleared_jammer_count': 11, 'clear_failure_count': 0, 'virtual_time_us': 2991518252, 'end_reason': 'user_exit', 'created_at_ms': 1789239984693}
OFFICIAL_ABLATION_VARIANT {"problem": 3, "variant": "scan_then_service__g50", "guest_code": "C:\\BAblation-20260913\\B"}
GUI_JOB {"action": "dry-run", "folder": "001-0-dry-run"}
WAIT_GUI {"seconds_remaining": 60}
GUI_RESULT {"status": "dry-run-ready", "ok": true, "clicks": 0, "robot_started": false}
READ_ONLY_DB_COPY {"label": "001-db-before", "rows": 100}
GUI_JOB {"action": "run", "folder": "002-1-run"}
WAIT_GUI {"seconds_remaining": 1320}
GUI_RESULT {"robot_exit": 0, "case_code": "29Q4-H59H-AGU4-H5NJ", "ok": true, "robot_started": true, "status": "robot-completed", "clicks": 1}
READ_ONLY_DB_COPY {"label": "001-db-after-0", "rows": 101}
AUTHORITATIVE_RESULT {"id": 101, "team_no": "202623001141", "problem_no": 3, "practice_run_no": 7161055145522748625, "case_code": "29Q4-H59H-AGU4-H5NJ", "entered": 1, "jammer_count": 11, "cleared_jammer_count": 11, "clear_failure_count": 0, "virtual_time_us": 3939295134, "end_reason": "user_exit", "created_at_ms": 1789240024565}
GUI_JOB {"action": "return", "folder": "003-1-return"}
WAIT_GUI {"seconds_remaining": 60}
GUI_RESULT {"status": "returned-to-practice", "ok": true, "clicks": 2, "robot_started": false}
OFFICIAL_BATCH_PROGRESS 82 160 {'id': 101, 'team_no': '202623001141', 'problem_no': 3, 'practice_run_no': 7161055145522748625, 'case_code': '29Q4-H59H-AGU4-H5NJ', 'entered': 1, 'jammer_count': 11, 'cleared_jammer_count': 11, 'clear_failure_count': 0, 'virtual_time_us': 3939295134, 'end_reason': 'user_exit', 'created_at_ms': 1789240024565}
OFFICIAL_ABLATION_VARIANT {"problem": 4, "variant": "scan_then_service__g35", "guest_code": "C:\\BAblation-20260913\\B"}
GUI_JOB {"action": "dry-run", "folder": "001-0-dry-run"}
WAIT_GUI {"seconds_remaining": 60}
GUI_RESULT {"status": "dry-run-ready", "ok": true, "clicks": 0, "robot_started": false}
READ_ONLY_DB_COPY {"label": "001-db-before", "rows": 101}
GUI_JOB {"action": "run", "folder": "002-1-run"}
WAIT_GUI {"seconds_remaining": 1320}
GUI_RESULT {"robot_exit": 0, "case_code": "BASX-UPYV-DEJK-GM64", "ok": true, "robot_started": true, "status": "robot-completed", "clicks": 1}
READ_ONLY_DB_COPY {"label": "001-db-after-0", "rows": 102}
AUTHORITATIVE_RESULT {"id": 102, "team_no": "202623001141", "problem_no": 4, "practice_run_no": 2387374745178353836, "case_code": "BASX-UPYV-DEJK-GM64", "entered": 1, "jammer_count": 12, "cleared_jammer_count": 12, "clear_failure_count": 0, "virtual_time_us": 6339707501, "end_reason": "user_exit", "created_at_ms": 1789240064571}
GUI_JOB {"action": "return", "folder": "003-1-return"}
WAIT_GUI {"seconds_remaining": 60}
GUI_RESULT {"status": "returned-to-practice", "ok": true, "clicks": 2, "robot_started": false}
OFFICIAL_BATCH_PROGRESS 83 160 {'id': 102, 'team_no': '202623001141', 'problem_no': 4, 'practice_run_no': 2387374745178353836, 'case_code': 'BASX-UPYV-DEJK-GM64', 'entered': 1, 'jammer_count': 12, 'cleared_jammer_count': 12, 'clear_failure_count': 0, 'virtual_time_us': 6339707501, 'end_reason': 'user_exit', 'created_at_ms': 1789240064571}
OFFICIAL_ABLATION_VARIANT {"problem": 4, "variant": "no_share__g35", "guest_code": "C:\\BAblation-20260913\\B"}
GUI_JOB {"action": "dry-run", "folder": "001-0-dry-run"}
WAIT_GUI {"seconds_remaining": 60}
GUI_RESULT {"status": "dry-run-ready", "ok": true, "clicks": 0, "robot_started": false}
READ_ONLY_DB_COPY {"label": "001-db-before", "rows": 102}
GUI_JOB {"action": "run", "folder": "002-1-run"}
WAIT_GUI {"seconds_remaining": 1320}
GUI_RESULT {"robot_exit": 0, "case_code": "BWD3-6BZV-3C9D-S8EJ", "ok": true, "robot_started": true, "status": "robot-completed", "clicks": 1}
READ_ONLY_DB_COPY {"label": "001-db-after-0", "rows": 103}
AUTHORITATIVE_RESULT {"id": 103, "team_no": "202623001141", "problem_no": 4, "practice_run_no": 2666430278949250326, "case_code": "BWD3-6BZV-3C9D-S8EJ", "entered": 1, "jammer_count": 10, "cleared_jammer_count": 10, "clear_failure_count": 0, "virtual_time_us": 5913274212, "end_reason": "user_exit", "created_at_ms": 1789240111770}
GUI_JOB {"action": "return", "folder": "003-1-return"}
WAIT_GUI {"seconds_remaining": 60}
GUI_RESULT {"status": "returned-to-practice", "ok": true, "clicks": 2, "robot_started": false}
OFFICIAL_BATCH_PROGRESS 84 160 {'id': 103, 'team_no': '202623001141', 'problem_no': 4, 'practice_run_no': 2666430278949250326, 'case_code': 'BWD3-6BZV-3C9D-S8EJ', 'entered': 1, 'jammer_count': 10, 'cleared_jammer_count': 10, 'clear_failure_count': 0, 'virtual_time_us': 5913274212, 'end_reason': 'user_exit', 'created_at_ms': 1789240111770}
OFFICIAL_ABLATION_VARIANT {"problem": 3, "variant": "full__g50", "guest_code": "C:\\BAblation-20260913\\B"}
GUI_JOB {"action": "dry-run", "folder": "001-0-dry-run"}
WAIT_GUI {"seconds_remaining": 60}
GUI_RESULT {"status": "dry-run-ready", "ok": true, "clicks": 0, "robot_started": false}
READ_ONLY_DB_COPY {"label": "001-db-before", "rows": 103}
GUI_JOB {"action": "run", "folder": "002-1-run"}
WAIT_GUI {"seconds_remaining": 1320}
GUI_RESULT {"robot_exit": 0, "case_code": "4U5E-W5P6-7MWZ-VYNP", "ok": true, "robot_started": true, "status": "robot-completed", "clicks": 1}
READ_ONLY_DB_COPY {"label": "001-db-after-0", "rows": 104}
AUTHORITATIVE_RESULT {"id": 104, "team_no": "202623001141", "problem_no": 3, "practice_run_no": 2897257621977244259, "case_code": "4U5E-W5P6-7MWZ-VYNP", "entered": 1, "jammer_count": 15, "cleared_jammer_count": 15, "clear_failure_count": 2, "virtual_time_us": 3282514255, "end_reason": "user_exit", "created_at_ms": 1789240163459}
GUI_JOB {"action": "return", "folder": "003-1-return"}
WAIT_GUI {"seconds_remaining": 60}
GUI_RESULT {"status": "returned-to-practice", "ok": true, "clicks": 2, "robot_started": false}
OFFICIAL_BATCH_PROGRESS 85 160 {'id': 104, 'team_no': '202623001141', 'problem_no': 3, 'practice_run_no': 2897257621977244259, 'case_code': '4U5E-W5P6-7MWZ-VYNP', 'entered': 1, 'jammer_count': 15, 'cleared_jammer_count': 15, 'clear_failure_count': 2, 'virtual_time_us': 3282514255, 'end_reason': 'user_exit', 'created_at_ms': 1789240163459}
OFFICIAL_ABLATION_VARIANT {"problem": 3, "variant": "full__g20", "guest_code": "C:\\BAblation-20260913\\B"}
GUI_JOB {"action": "dry-run", "folder": "001-0-dry-run"}
WAIT_GUI {"seconds_remaining": 60}
GUI_RESULT {"status": "dry-run-ready", "ok": true, "clicks": 0, "robot_started": false}
READ_ONLY_DB_COPY {"label": "001-db-before", "rows": 104}
GUI_JOB {"action": "run", "folder": "002-1-run"}
WAIT_GUI {"seconds_remaining": 1320}
GUI_RESULT {"robot_exit": 0, "case_code": "C99G-MQCB-3T98-Z4FF", "ok": true, "robot_started": true, "status": "robot-completed", "clicks": 1}
READ_ONLY_DB_COPY {"label": "001-db-after-0", "rows": 105}
AUTHORITATIVE_RESULT {"id": 105, "team_no": "202623001141", "problem_no": 3, "practice_run_no": 5797380434509024030, "case_code": "C99G-MQCB-3T98-Z4FF", "entered": 1, "jammer_count": 10, "cleared_jammer_count": 10, "clear_failure_count": 0, "virtual_time_us": 3212551013, "end_reason": "user_exit", "created_at_ms": 1789240204262}
GUI_JOB {"action": "return", "folder": "003-1-return"}
WAIT_GUI {"seconds_remaining": 60}
GUI_RESULT {"status": "returned-to-practice", "ok": true, "clicks": 2, "robot_started": false}
OFFICIAL_BATCH_PROGRESS 86 160 {'id': 105, 'team_no': '202623001141', 'problem_no': 3, 'practice_run_no': 5797380434509024030, 'case_code': 'C99G-MQCB-3T98-Z4FF', 'entered': 1, 'jammer_count': 10, 'cleared_jammer_count': 10, 'clear_failure_count': 0, 'virtual_time_us': 3212551013, 'end_reason': 'user_exit', 'created_at_ms': 1789240204262}
OFFICIAL_ABLATION_VARIANT {"problem": 4, "variant": "full__g35", "guest_code": "C:\\BAblation-20260913\\B"}
GUI_JOB {"action": "dry-run", "folder": "001-0-dry-run"}
WAIT_GUI {"seconds_remaining": 60}
GUI_RESULT {"status": "dry-run-ready", "ok": true, "clicks": 0, "robot_started": false}
READ_ONLY_DB_COPY {"label": "001-db-before", "rows": 105}
GUI_JOB {"action": "run", "folder": "002-1-run"}
WAIT_GUI {"seconds_remaining": 1320}
GUI_RESULT {"robot_exit": 0, "case_code": "WX9W-BW53-TTAK-36D6", "ok": true, "robot_started": true, "status": "robot-completed", "clicks": 1}
READ_ONLY_DB_COPY {"label": "001-db-after-0", "rows": 106}
AUTHORITATIVE_RESULT {"id": 106, "team_no": "202623001141", "problem_no": 4, "practice_run_no": 2723542032988078244, "case_code": "WX9W-BW53-TTAK-36D6", "entered": 1, "jammer_count": 11, "cleared_jammer_count": 11, "clear_failure_count": 0, "virtual_time_us": 6039745199, "end_reason": "user_exit", "created_at_ms": 1789240245006}
GUI_JOB {"action": "return", "folder": "003-1-return"}
WAIT_GUI {"seconds_remaining": 60}
GUI_RESULT {"status": "returned-to-practice", "ok": true, "clicks": 2, "robot_started": false}
OFFICIAL_BATCH_PROGRESS 87 160 {'id': 106, 'team_no': '202623001141', 'problem_no': 4, 'practice_run_no': 2723542032988078244, 'case_code': 'WX9W-BW53-TTAK-36D6', 'entered': 1, 'jammer_count': 11, 'cleared_jammer_count': 11, 'clear_failure_count': 0, 'virtual_time_us': 6039745199, 'end_reason': 'user_exit', 'created_at_ms': 1789240245006}
OFFICIAL_ABLATION_VARIANT {"problem": 4, "variant": "full__g20", "guest_code": "C:\\BAblation-20260913\\B"}
GUI_JOB {"action": "dry-run", "folder": "001-0-dry-run"}
WAIT_GUI {"seconds_remaining": 60}
GUI_RESULT {"status": "dry-run-ready", "ok": true, "clicks": 0, "robot_started": false}
READ_ONLY_DB_COPY {"label": "001-db-before", "rows": 106}
GUI_JOB {"action": "run", "folder": "002-1-run"}
WAIT_GUI {"seconds_remaining": 1320}
GUI_RESULT {"robot_exit": 0, "case_code": "7T59-JH68-R4BP-WUQM", "ok": true, "robot_started": true, "status": "robot-completed", "clicks": 1}
READ_ONLY_DB_COPY {"label": "001-db-after-0", "rows": 107}
AUTHORITATIVE_RESULT {"id": 107, "team_no": "202623001141", "problem_no": 4, "practice_run_no": 3216789006913713313, "case_code": "7T59-JH68-R4BP-WUQM", "entered": 1, "jammer_count": 13, "cleared_jammer_count": 13, "clear_failure_count": 0, "virtual_time_us": 6100369792, "end_reason": "user_exit", "created_at_ms": 1789240299648}
GUI_JOB {"action": "return", "folder": "003-1-return"}
WAIT_GUI {"seconds_remaining": 60}
GUI_RESULT {"status": "returned-to-practice", "ok": true, "clicks": 2, "robot_started": false}
OFFICIAL_BATCH_PROGRESS 88 160 {'id': 107, 'team_no': '202623001141', 'problem_no': 4, 'practice_run_no': 3216789006913713313, 'case_code': '7T59-JH68-R4BP-WUQM', 'entered': 1, 'jammer_count': 13, 'cleared_jammer_count': 13, 'clear_failure_count': 0, 'virtual_time_us': 6100369792, 'end_reason': 'user_exit', 'created_at_ms': 1789240299648}
OFFICIAL_ABLATION_VARIANT {"problem": 3, "variant": "full__g80", "guest_code": "C:\\BAblation-20260913\\B"}
GUI_JOB {"action": "dry-run", "folder": "001-0-dry-run"}
WAIT_GUI {"seconds_remaining": 60}
GUI_RESULT {"status": "dry-run-ready", "ok": true, "clicks": 0, "robot_started": false}
READ_ONLY_DB_COPY {"label": "001-db-before", "rows": 107}
GUI_JOB {"action": "run", "folder": "002-1-run"}
WAIT_GUI {"seconds_remaining": 1320}
GUI_RESULT {"robot_exit": 0, "case_code": "8YS9-6PBT-YEZ8-H2DU", "ok": true, "robot_started": true, "status": "robot-completed", "clicks": 1}
READ_ONLY_DB_COPY {"label": "001-db-after-0", "rows": 108}
AUTHORITATIVE_RESULT {"id": 108, "team_no": "202623001141", "problem_no": 3, "practice_run_no": 1089291124990526070, "case_code": "8YS9-6PBT-YEZ8-H2DU", "entered": 1, "jammer_count": 12, "cleared_jammer_count": 12, "clear_failure_count": 0, "virtual_time_us": 2824377884, "end_reason": "user_exit", "created_at_ms": 1789240351423}
GUI_JOB {"action": "return", "folder": "003-1-return"}
WAIT_GUI {"seconds_remaining": 60}
GUI_RESULT {"status": "returned-to-practice", "ok": true, "clicks": 2, "robot_started": false}
OFFICIAL_BATCH_PROGRESS 89 160 {'id': 108, 'team_no': '202623001141', 'problem_no': 3, 'practice_run_no': 1089291124990526070, 'case_code': '8YS9-6PBT-YEZ8-H2DU', 'entered': 1, 'jammer_count': 12, 'cleared_jammer_count': 12, 'clear_failure_count': 0, 'virtual_time_us': 2824377884, 'end_reason': 'user_exit', 'created_at_ms': 1789240351423}
OFFICIAL_ABLATION_VARIANT {"problem": 4, "variant": "no_negative__g35", "guest_code": "C:\\BAblation-20260913\\B"}
GUI_JOB {"action": "dry-run", "folder": "001-0-dry-run"}
WAIT_GUI {"seconds_remaining": 60}
GUI_RESULT {"status": "dry-run-ready", "ok": true, "clicks": 0, "robot_started": false}
READ_ONLY_DB_COPY {"label": "001-db-before", "rows": 108}
GUI_JOB {"action": "run", "folder": "002-1-run"}
WAIT_GUI {"seconds_remaining": 1320}
GUI_RESULT {"robot_exit": 0, "case_code": "J4MT-SQD3-6FTW-3WXH", "ok": true, "robot_started": true, "status": "robot-completed", "clicks": 1}
READ_ONLY_DB_COPY {"label": "001-db-after-0", "rows": 109}
AUTHORITATIVE_RESULT {"id": 109, "team_no": "202623001141", "problem_no": 4, "practice_run_no": 478415878013430828, "case_code": "J4MT-SQD3-6FTW-3WXH", "entered": 1, "jammer_count": 14, "cleared_jammer_count": 14, "clear_failure_count": 0, "virtual_time_us": 6179458144, "end_reason": "user_exit", "created_at_ms": 1789240392605}
GUI_JOB {"action": "return", "folder": "003-1-return"}
WAIT_GUI {"seconds_remaining": 60}
GUI_RESULT {"status": "returned-to-practice", "ok": true, "clicks": 2, "robot_started": false}
OFFICIAL_BATCH_PROGRESS 90 160 {'id': 109, 'team_no': '202623001141', 'problem_no': 4, 'practice_run_no': 478415878013430828, 'case_code': 'J4MT-SQD3-6FTW-3WXH', 'entered': 1, 'jammer_count': 14, 'cleared_jammer_count': 14, 'clear_failure_count': 0, 'virtual_time_us': 6179458144, 'end_reason': 'user_exit', 'created_at_ms': 1789240392605}
OFFICIAL_ABLATION_VARIANT {"problem": 3, "variant": "no_negative__g50", "guest_code": "C:\\BAblation-20260913\\B"}
GUI_JOB {"action": "dry-run", "folder": "001-0-dry-run"}
WAIT_GUI {"seconds_remaining": 60}
GUI_RESULT {"status": "dry-run-ready", "ok": true, "clicks": 0, "robot_started": false}
READ_ONLY_DB_COPY {"label": "001-db-before", "rows": 109}
GUI_JOB {"action": "run", "folder": "002-1-run"}
WAIT_GUI {"seconds_remaining": 1320}
GUI_RESULT {"robot_exit": 0, "case_code": "Y4FE-ZG44-QXNA-X46Y", "ok": true, "robot_started": true, "status": "robot-completed", "clicks": 1}
READ_ONLY_DB_COPY {"label": "001-db-after-0", "rows": 110}
AUTHORITATIVE_RESULT {"id": 110, "team_no": "202623001141", "problem_no": 3, "practice_run_no": 7603288802463455916, "case_code": "Y4FE-ZG44-QXNA-X46Y", "entered": 1, "jammer_count": 12, "cleared_jammer_count": 12, "clear_failure_count": 0, "virtual_time_us": 2954342979, "end_reason": "user_exit", "created_at_ms": 1789240447421}
GUI_JOB {"action": "return", "folder": "003-1-return"}
WAIT_GUI {"seconds_remaining": 60}
GUI_RESULT {"status": "returned-to-practice", "ok": true, "clicks": 2, "robot_started": false}
OFFICIAL_BATCH_PROGRESS 91 160 {'id': 110, 'team_no': '202623001141', 'problem_no': 3, 'practice_run_no': 7603288802463455916, 'case_code': 'Y4FE-ZG44-QXNA-X46Y', 'entered': 1, 'jammer_count': 12, 'cleared_jammer_count': 12, 'clear_failure_count': 0, 'virtual_time_us': 2954342979, 'end_reason': 'user_exit', 'created_at_ms': 1789240447421}
OFFICIAL_ABLATION_VARIANT {"problem": 4, "variant": "online_nearest__g35", "guest_code": "C:\\BAblation-20260913\\B"}
GUI_JOB {"action": "dry-run", "folder": "001-0-dry-run"}
WAIT_GUI {"seconds_remaining": 60}
GUI_RESULT {"status": "dry-run-ready", "ok": true, "clicks": 0, "robot_started": false}
READ_ONLY_DB_COPY {"label": "001-db-before", "rows": 110}
GUI_JOB {"action": "run", "folder": "002-1-run"}
WAIT_GUI {"seconds_remaining": 1320}
GUI_RESULT {"robot_exit": 0, "case_code": "BKGC-VTRK-KM5W-5FT9", "ok": true, "robot_started": true, "status": "robot-completed", "clicks": 1}
READ_ONLY_DB_COPY {"label": "001-db-after-0", "rows": 111}
AUTHORITATIVE_RESULT {"id": 111, "team_no": "202623001141", "problem_no": 4, "practice_run_no": 1464212829761138732, "case_code": "BKGC-VTRK-KM5W-5FT9", "entered": 1, "jammer_count": 12, "cleared_jammer_count": 12, "clear_failure_count": 0, "virtual_time_us": 6525393210, "end_reason": "user_exit", "created_at_ms": 1789240488794}
GUI_JOB {"action": "return", "folder": "003-1-return"}
WAIT_GUI {"seconds_remaining": 60}
GUI_RESULT {"status": "returned-to-practice", "ok": true, "clicks": 2, "robot_started": false}
OFFICIAL_BATCH_PROGRESS 92 160 {'id': 111, 'team_no': '202623001141', 'problem_no': 4, 'practice_run_no': 1464212829761138732, 'case_code': 'BKGC-VTRK-KM5W-5FT9', 'entered': 1, 'jammer_count': 12, 'cleared_jammer_count': 12, 'clear_failure_count': 0, 'virtual_time_us': 6525393210, 'end_reason': 'user_exit', 'created_at_ms': 1789240488794}
OFFICIAL_ABLATION_VARIANT {"problem": 3, "variant": "no_share__g50", "guest_code": "C:\\BAblation-20260913\\B"}
GUI_JOB {"action": "dry-run", "folder": "001-0-dry-run"}
WAIT_GUI {"seconds_remaining": 60}
GUI_RESULT {"status": "dry-run-ready", "ok": true, "clicks": 0, "robot_started": false}
READ_ONLY_DB_COPY {"label": "001-db-before", "rows": 111}
GUI_JOB {"action": "run", "folder": "002-1-run"}
WAIT_GUI {"seconds_remaining": 1320}
GUI_RESULT {"robot_exit": 0, "case_code": "RWUH-6EMZ-5GP7-8S4W", "ok": true, "robot_started": true, "status": "robot-completed", "clicks": 1}
READ_ONLY_DB_COPY {"label": "001-db-after-0", "rows": 112}
AUTHORITATIVE_RESULT {"id": 112, "team_no": "202623001141", "problem_no": 3, "practice_run_no": 939762230261805878, "case_code": "RWUH-6EMZ-5GP7-8S4W", "entered": 1, "jammer_count": 10, "cleared_jammer_count": 10, "clear_failure_count": 0, "virtual_time_us": 3100179197, "end_reason": "user_exit", "created_at_ms": 1789240539710}
GUI_JOB {"action": "return", "folder": "003-1-return"}
WAIT_GUI {"seconds_remaining": 60}
GUI_RESULT {"status": "returned-to-practice", "ok": true, "clicks": 2, "robot_started": false}
OFFICIAL_BATCH_PROGRESS 93 160 {'id': 112, 'team_no': '202623001141', 'problem_no': 3, 'practice_run_no': 939762230261805878, 'case_code': 'RWUH-6EMZ-5GP7-8S4W', 'entered': 1, 'jammer_count': 10, 'cleared_jammer_count': 10, 'clear_failure_count': 0, 'virtual_time_us': 3100179197, 'end_reason': 'user_exit', 'created_at_ms': 1789240539710}
OFFICIAL_ABLATION_VARIANT {"problem": 3, "variant": "nearest_sensing__g50", "guest_code": "C:\\BAblation-20260913\\B"}
GUI_JOB {"action": "dry-run", "folder": "001-0-dry-run"}
WAIT_GUI {"seconds_remaining": 60}
GUI_RESULT {"status": "dry-run-ready", "ok": true, "clicks": 0, "robot_started": false}
READ_ONLY_DB_COPY {"label": "001-db-before", "rows": 112}
GUI_JOB {"action": "run", "folder": "002-1-run"}
WAIT_GUI {"seconds_remaining": 1320}
GUI_RESULT {"robot_exit": 0, "case_code": "YK3R-X39M-CCFU-X4JR", "ok": true, "robot_started": true, "status": "robot-completed", "clicks": 1}
READ_ONLY_DB_COPY {"label": "001-db-after-0", "rows": 113}
AUTHORITATIVE_RESULT {"id": 113, "team_no": "202623001141", "problem_no": 3, "practice_run_no": 2675874529376063434, "case_code": "YK3R-X39M-CCFU-X4JR", "entered": 1, "jammer_count": 13, "cleared_jammer_count": 13, "clear_failure_count": 13, "virtual_time_us": 3325805811, "end_reason": "user_exit", "created_at_ms": 1789240580596}
GUI_JOB {"action": "return", "folder": "003-1-return"}
WAIT_GUI {"seconds_remaining": 60}
GUI_RESULT {"status": "returned-to-practice", "ok": true, "clicks": 2, "robot_started": false}
OFFICIAL_BATCH_PROGRESS 94 160 {'id': 113, 'team_no': '202623001141', 'problem_no': 3, 'practice_run_no': 2675874529376063434, 'case_code': 'YK3R-X39M-CCFU-X4JR', 'entered': 1, 'jammer_count': 13, 'cleared_jammer_count': 13, 'clear_failure_count': 13, 'virtual_time_us': 3325805811, 'end_reason': 'user_exit', 'created_at_ms': 1789240580596}
OFFICIAL_ABLATION_VARIANT {"problem": 4, "variant": "full__g40", "guest_code": "C:\\BAblation-20260913\\B"}
GUI_JOB {"action": "dry-run", "folder": "001-0-dry-run"}
WAIT_GUI {"seconds_remaining": 60}
GUI_RESULT {"status": "dry-run-ready", "ok": true, "clicks": 0, "robot_started": false}
READ_ONLY_DB_COPY {"label": "001-db-before", "rows": 113}
GUI_JOB {"action": "run", "folder": "002-1-run"}
WAIT_GUI {"seconds_remaining": 1320}
GUI_RESULT {"robot_exit": 0, "case_code": "R58J-Z6MU-6YQN-ZDMA", "ok": true, "robot_started": true, "status": "robot-completed", "clicks": 1}
READ_ONLY_DB_COPY {"label": "001-db-after-0", "rows": 114}
AUTHORITATIVE_RESULT {"id": 114, "team_no": "202623001141", "problem_no": 4, "practice_run_no": 3545186641289111786, "case_code": "R58J-Z6MU-6YQN-ZDMA", "entered": 1, "jammer_count": 11, "cleared_jammer_count": 11, "clear_failure_count": 0, "virtual_time_us": 5705927533, "end_reason": "user_exit", "created_at_ms": 1789240625055}
GUI_JOB {"action": "return", "folder": "003-1-return"}
WAIT_GUI {"seconds_remaining": 60}
GUI_RESULT {"status": "returned-to-practice", "ok": true, "clicks": 2, "robot_started": false}
OFFICIAL_BATCH_PROGRESS 95 160 {'id': 114, 'team_no': '202623001141', 'problem_no': 4, 'practice_run_no': 3545186641289111786, 'case_code': 'R58J-Z6MU-6YQN-ZDMA', 'entered': 1, 'jammer_count': 11, 'cleared_jammer_count': 11, 'clear_failure_count': 0, 'virtual_time_us': 5705927533, 'end_reason': 'user_exit', 'created_at_ms': 1789240625055}
OFFICIAL_ABLATION_VARIANT {"problem": 4, "variant": "full__g80", "guest_code": "C:\\BAblation-20260913\\B"}
GUI_JOB {"action": "dry-run", "folder": "001-0-dry-run"}
WAIT_GUI {"seconds_remaining": 60}
GUI_RESULT {"status": "dry-run-ready", "ok": true, "clicks": 0, "robot_started": false}
READ_ONLY_DB_COPY {"label": "001-db-before", "rows": 114}
GUI_JOB {"action": "run", "folder": "002-1-run"}
WAIT_GUI {"seconds_remaining": 1320}
GUI_RESULT {"robot_exit": 0, "case_code": "EYWY-DG2B-5N23-FX3E", "ok": true, "robot_started": true, "status": "robot-completed", "clicks": 1}
READ_ONLY_DB_COPY {"label": "001-db-after-0", "rows": 115}
AUTHORITATIVE_RESULT {"id": 115, "team_no": "202623001141", "problem_no": 4, "practice_run_no": 7961304520136910110, "case_code": "EYWY-DG2B-5N23-FX3E", "entered": 1, "jammer_count": 11, "cleared_jammer_count": 11, "clear_failure_count": 0, "virtual_time_us": 6295756811, "end_reason": "user_exit", "created_at_ms": 1789240677228}
GUI_JOB {"action": "return", "folder": "003-1-return"}
WAIT_GUI {"seconds_remaining": 60}
GUI_RESULT {"status": "returned-to-practice", "ok": true, "clicks": 2, "robot_started": false}
OFFICIAL_BATCH_PROGRESS 96 160 {'id': 115, 'team_no': '202623001141', 'problem_no': 4, 'practice_run_no': 7961304520136910110, 'case_code': 'EYWY-DG2B-5N23-FX3E', 'entered': 1, 'jammer_count': 11, 'cleared_jammer_count': 11, 'clear_failure_count': 0, 'virtual_time_us': 6295756811, 'end_reason': 'user_exit', 'created_at_ms': 1789240677228}
OFFICIAL_ABLATION_VARIANT {"problem": 3, "variant": "no_negative__g50", "guest_code": "C:\\BAblation-20260913\\B"}
GUI_JOB {"action": "dry-run", "folder": "001-0-dry-run"}
WAIT_GUI {"seconds_remaining": 60}
GUI_RESULT {"status": "dry-run-ready", "ok": true, "clicks": 0, "robot_started": false}
READ_ONLY_DB_COPY {"label": "001-db-before", "rows": 115}
GUI_JOB {"action": "run", "folder": "002-1-run"}
WAIT_GUI {"seconds_remaining": 1320}
GUI_RESULT {"robot_exit": 0, "case_code": "QD62-J4RB-3MNK-QVJS", "ok": true, "robot_started": true, "status": "robot-completed", "clicks": 1}
READ_ONLY_DB_COPY {"label": "001-db-after-0", "rows": 116}
AUTHORITATIVE_RESULT {"id": 116, "team_no": "202623001141", "problem_no": 3, "practice_run_no": 612186947778469932, "case_code": "QD62-J4RB-3MNK-QVJS", "entered": 1, "jammer_count": 10, "cleared_jammer_count": 10, "clear_failure_count": 0, "virtual_time_us": 2885640432, "end_reason": "user_exit", "created_at_ms": 1789240731932}
GUI_JOB {"action": "return", "folder": "003-1-return"}
WAIT_GUI {"seconds_remaining": 60}
GUI_RESULT {"status": "returned-to-practice", "ok": true, "clicks": 2, "robot_started": false}
OFFICIAL_BATCH_PROGRESS 97 160 {'id': 116, 'team_no': '202623001141', 'problem_no': 3, 'practice_run_no': 612186947778469932, 'case_code': 'QD62-J4RB-3MNK-QVJS', 'entered': 1, 'jammer_count': 10, 'cleared_jammer_count': 10, 'clear_failure_count': 0, 'virtual_time_us': 2885640432, 'end_reason': 'user_exit', 'created_at_ms': 1789240731932}
OFFICIAL_ABLATION_VARIANT {"problem": 4, "variant": "online_nearest__g35", "guest_code": "C:\\BAblation-20260913\\B"}
GUI_JOB {"action": "dry-run", "folder": "001-0-dry-run"}
WAIT_GUI {"seconds_remaining": 60}
GUI_RESULT {"status": "dry-run-ready", "ok": true, "clicks": 0, "robot_started": false}
READ_ONLY_DB_COPY {"label": "001-db-before", "rows": 116}
GUI_JOB {"action": "run", "folder": "002-1-run"}
WAIT_GUI {"seconds_remaining": 1320}
GUI_RESULT {"robot_exit": 0, "case_code": "UJ5M-YMMJ-9CXF-NWNE", "ok": true, "robot_started": true, "status": "robot-completed", "clicks": 1}
READ_ONLY_DB_COPY {"label": "001-db-after-0", "rows": 117}
AUTHORITATIVE_RESULT {"id": 117, "team_no": "202623001141", "problem_no": 4, "practice_run_no": 8176700027903033814, "case_code": "UJ5M-YMMJ-9CXF-NWNE", "entered": 1, "jammer_count": 12, "cleared_jammer_count": 12, "clear_failure_count": 0, "virtual_time_us": 6597818218, "end_reason": "user_exit", "created_at_ms": 1789240773174}
GUI_JOB {"action": "return", "folder": "003-1-return"}
WAIT_GUI {"seconds_remaining": 60}
GUI_RESULT {"status": "returned-to-practice", "ok": true, "clicks": 2, "robot_started": false}
OFFICIAL_BATCH_PROGRESS 98 160 {'id': 117, 'team_no': '202623001141', 'problem_no': 4, 'practice_run_no': 8176700027903033814, 'case_code': 'UJ5M-YMMJ-9CXF-NWNE', 'entered': 1, 'jammer_count': 12, 'cleared_jammer_count': 12, 'clear_failure_count': 0, 'virtual_time_us': 6597818218, 'end_reason': 'user_exit', 'created_at_ms': 1789240773174}
OFFICIAL_ABLATION_VARIANT {"problem": 3, "variant": "full__g20", "guest_code": "C:\\BAblation-20260913\\B"}
GUI_JOB {"action": "dry-run", "folder": "001-0-dry-run"}
WAIT_GUI {"seconds_remaining": 60}
GUI_RESULT {"status": "dry-run-ready", "ok": true, "clicks": 0, "robot_started": false}
READ_ONLY_DB_COPY {"label": "001-db-before", "rows": 117}
GUI_JOB {"action": "run", "folder": "002-1-run"}
WAIT_GUI {"seconds_remaining": 1320}
GUI_RESULT {"robot_exit": 0, "case_code": "STWM-VXHJ-3275-H4UW", "ok": true, "robot_started": true, "status": "robot-completed", "clicks": 1}
READ_ONLY_DB_COPY {"label": "001-db-after-0", "rows": 118}
AUTHORITATIVE_RESULT {"id": 118, "team_no": "202623001141", "problem_no": 3, "practice_run_no": 29466718383992559, "case_code": "STWM-VXHJ-3275-H4UW", "entered": 1, "jammer_count": 16, "cleared_jammer_count": 16, "clear_failure_count": 0, "virtual_time_us": 3769783450, "end_reason": "user_exit", "created_at_ms": 1789240827562}
GUI_JOB {"action": "return", "folder": "003-1-return"}
WAIT_GUI {"seconds_remaining": 60}
GUI_RESULT {"status": "returned-to-practice", "ok": true, "clicks": 2, "robot_started": false}
OFFICIAL_BATCH_PROGRESS 99 160 {'id': 118, 'team_no': '202623001141', 'problem_no': 3, 'practice_run_no': 29466718383992559, 'case_code': 'STWM-VXHJ-3275-H4UW', 'entered': 1, 'jammer_count': 16, 'cleared_jammer_count': 16, 'clear_failure_count': 0, 'virtual_time_us': 3769783450, 'end_reason': 'user_exit', 'created_at_ms': 1789240827562}
OFFICIAL_ABLATION_VARIANT {"problem": 4, "variant": "full__g40", "guest_code": "C:\\BAblation-20260913\\B"}
GUI_JOB {"action": "dry-run", "folder": "001-0-dry-run"}
WAIT_GUI {"seconds_remaining": 60}
GUI_RESULT {"status": "dry-run-ready", "ok": true, "clicks": 0, "robot_started": false}
READ_ONLY_DB_COPY {"label": "001-db-before", "rows": 118}
GUI_JOB {"action": "run", "folder": "002-1-run"}
WAIT_GUI {"seconds_remaining": 1320}
GUI_RESULT {"robot_exit": 0, "case_code": "PPZV-A44V-WB87-BZA3", "ok": true, "robot_started": true, "status": "robot-completed", "clicks": 1}
READ_ONLY_DB_COPY {"label": "001-db-after-0", "rows": 119}
AUTHORITATIVE_RESULT {"id": 119, "team_no": "202623001141", "problem_no": 4, "practice_run_no": 2694566617042321716, "case_code": "PPZV-A44V-WB87-BZA3", "entered": 1, "jammer_count": 12, "cleared_jammer_count": 12, "clear_failure_count": 1, "virtual_time_us": 5986328340, "end_reason": "user_exit", "created_at_ms": 1789240869578}
GUI_JOB {"action": "return", "folder": "003-1-return"}
WAIT_GUI {"seconds_remaining": 60}
GUI_RESULT {"status": "returned-to-practice", "ok": true, "clicks": 2, "robot_started": false}
OFFICIAL_BATCH_PROGRESS 100 160 {'id': 119, 'team_no': '202623001141', 'problem_no': 4, 'practice_run_no': 2694566617042321716, 'case_code': 'PPZV-A44V-WB87-BZA3', 'entered': 1, 'jammer_count': 12, 'cleared_jammer_count': 12, 'clear_failure_count': 1, 'virtual_time_us': 5986328340, 'end_reason': 'user_exit', 'created_at_ms': 1789240869578}
OFFICIAL_ABLATION_VARIANT {"problem": 3, "variant": "scan_then_service__g50", "guest_code": "C:\\BAblation-20260913\\B"}
GUI_JOB {"action": "dry-run", "folder": "001-0-dry-run"}
WAIT_GUI {"seconds_remaining": 60}
GUI_RESULT {"status": "dry-run-ready", "ok": true, "clicks": 0, "robot_started": false}
READ_ONLY_DB_COPY {"label": "001-db-before", "rows": 119}
GUI_JOB {"action": "run", "folder": "002-1-run"}
WAIT_GUI {"seconds_remaining": 1320}
GUI_RESULT {"robot_exit": 0, "case_code": "TSZ9-4G28-XAGQ-5UCV", "ok": true, "robot_started": true, "status": "robot-completed", "clicks": 1}
READ_ONLY_DB_COPY {"label": "001-db-after-0", "rows": 120}
AUTHORITATIVE_RESULT {"id": 120, "team_no": "202623001141", "problem_no": 3, "practice_run_no": 5954471600555921091, "case_code": "TSZ9-4G28-XAGQ-5UCV", "entered": 1, "jammer_count": 10, "cleared_jammer_count": 10, "clear_failure_count": 0, "virtual_time_us": 3636646658, "end_reason": "user_exit", "created_at_ms": 1789240921471}
GUI_JOB {"action": "return", "folder": "003-1-return"}
WAIT_GUI {"seconds_remaining": 60}
GUI_RESULT {"status": "returned-to-practice", "ok": true, "clicks": 2, "robot_started": false}
OFFICIAL_BATCH_PROGRESS 101 160 {'id': 120, 'team_no': '202623001141', 'problem_no': 3, 'practice_run_no': 5954471600555921091, 'case_code': 'TSZ9-4G28-XAGQ-5UCV', 'entered': 1, 'jammer_count': 10, 'cleared_jammer_count': 10, 'clear_failure_count': 0, 'virtual_time_us': 3636646658, 'end_reason': 'user_exit', 'created_at_ms': 1789240921471}
OFFICIAL_ABLATION_VARIANT {"problem": 4, "variant": "scan_then_service__g35", "guest_code": "C:\\BAblation-20260913\\B"}
GUI_JOB {"action": "dry-run", "folder": "001-0-dry-run"}
WAIT_GUI {"seconds_remaining": 60}
GUI_RESULT {"status": "dry-run-ready", "ok": true, "clicks": 0, "robot_started": false}
READ_ONLY_DB_COPY {"label": "001-db-before", "rows": 120}
GUI_JOB {"action": "run", "folder": "002-1-run"}
WAIT_GUI {"seconds_remaining": 1320}
GUI_RESULT {"robot_exit": 0, "case_code": "WCMN-G957-A26T-RBX7", "ok": true, "robot_started": true, "status": "robot-completed", "clicks": 1}
READ_ONLY_DB_COPY {"label": "001-db-after-0", "rows": 121}
AUTHORITATIVE_RESULT {"id": 121, "team_no": "202623001141", "problem_no": 4, "practice_run_no": 6196862763348680381, "case_code": "WCMN-G957-A26T-RBX7", "entered": 1, "jammer_count": 12, "cleared_jammer_count": 12, "clear_failure_count": 0, "virtual_time_us": 7261012589, "end_reason": "user_exit", "created_at_ms": 1789240964043}
GUI_JOB {"action": "return", "folder": "003-1-return"}
WAIT_GUI {"seconds_remaining": 60}
GUI_RESULT {"status": "returned-to-practice", "ok": true, "clicks": 2, "robot_started": false}
OFFICIAL_BATCH_PROGRESS 102 160 {'id': 121, 'team_no': '202623001141', 'problem_no': 4, 'practice_run_no': 6196862763348680381, 'case_code': 'WCMN-G957-A26T-RBX7', 'entered': 1, 'jammer_count': 12, 'cleared_jammer_count': 12, 'clear_failure_count': 0, 'virtual_time_us': 7261012589, 'end_reason': 'user_exit', 'created_at_ms': 1789240964043}
OFFICIAL_ABLATION_VARIANT {"problem": 4, "variant": "full__g80", "guest_code": "C:\\BAblation-20260913\\B"}
GUI_JOB {"action": "dry-run", "folder": "001-0-dry-run"}
WAIT_GUI {"seconds_remaining": 60}
GUI_RESULT {"status": "dry-run-ready", "ok": true, "clicks": 0, "robot_started": false}
READ_ONLY_DB_COPY {"label": "001-db-before", "rows": 121}
GUI_JOB {"action": "run", "folder": "002-1-run"}
WAIT_GUI {"seconds_remaining": 1320}
GUI_RESULT {"robot_exit": 0, "case_code": "KM33-C56N-2NUU-JK6Y", "ok": true, "robot_started": true, "status": "robot-completed", "clicks": 1}
READ_ONLY_DB_COPY {"label": "001-db-after-0", "rows": 122}
AUTHORITATIVE_RESULT {"id": 122, "team_no": "202623001141", "problem_no": 4, "practice_run_no": 6933601037500277645, "case_code": "KM33-C56N-2NUU-JK6Y", "entered": 1, "jammer_count": 15, "cleared_jammer_count": 15, "clear_failure_count": 1, "virtual_time_us": 6445756720, "end_reason": "user_exit", "created_at_ms": 1789241018228}
GUI_JOB {"action": "return", "folder": "003-1-return"}
WAIT_GUI {"seconds_remaining": 60}
GUI_RESULT {"status": "returned-to-practice", "ok": true, "clicks": 2, "robot_started": false}
OFFICIAL_BATCH_PROGRESS 103 160 {'id': 122, 'team_no': '202623001141', 'problem_no': 4, 'practice_run_no': 6933601037500277645, 'case_code': 'KM33-C56N-2NUU-JK6Y', 'entered': 1, 'jammer_count': 15, 'cleared_jammer_count': 15, 'clear_failure_count': 1, 'virtual_time_us': 6445756720, 'end_reason': 'user_exit', 'created_at_ms': 1789241018228}
OFFICIAL_ABLATION_VARIANT {"problem": 4, "variant": "no_negative__g35", "guest_code": "C:\\BAblation-20260913\\B"}
GUI_JOB {"action": "dry-run", "folder": "001-0-dry-run"}
WAIT_GUI {"seconds_remaining": 60}
GUI_RESULT {"status": "dry-run-ready", "ok": true, "clicks": 0, "robot_started": false}
READ_ONLY_DB_COPY {"label": "001-db-before", "rows": 122}
GUI_JOB {"action": "run", "folder": "002-1-run"}
WAIT_GUI {"seconds_remaining": 1320}
GUI_RESULT {"robot_exit": 0, "case_code": "ENER-NANE-GV3S-D4F6", "ok": true, "robot_started": true, "status": "robot-completed", "clicks": 1}
READ_ONLY_DB_COPY {"label": "001-db-after-0", "rows": 123}
AUTHORITATIVE_RESULT {"id": 123, "team_no": "202623001141", "problem_no": 4, "practice_run_no": 6167511699440657490, "case_code": "ENER-NANE-GV3S-D4F6", "entered": 1, "jammer_count": 10, "cleared_jammer_count": 10, "clear_failure_count": 0, "virtual_time_us": 6094891321, "end_reason": "user_exit", "created_at_ms": 1789241071367}
GUI_JOB {"action": "return", "folder": "003-1-return"}
WAIT_GUI {"seconds_remaining": 60}
GUI_RESULT {"status": "returned-to-practice", "ok": true, "clicks": 2, "robot_started": false}
OFFICIAL_BATCH_PROGRESS 104 160 {'id': 123, 'team_no': '202623001141', 'problem_no': 4, 'practice_run_no': 6167511699440657490, 'case_code': 'ENER-NANE-GV3S-D4F6', 'entered': 1, 'jammer_count': 10, 'cleared_jammer_count': 10, 'clear_failure_count': 0, 'virtual_time_us': 6094891321, 'end_reason': 'user_exit', 'created_at_ms': 1789241071367}
OFFICIAL_ABLATION_VARIANT {"problem": 3, "variant": "no_share__g50", "guest_code": "C:\\BAblation-20260913\\B"}
GUI_JOB {"action": "dry-run", "folder": "001-0-dry-run"}
WAIT_GUI {"seconds_remaining": 60}
GUI_RESULT {"status": "dry-run-ready", "ok": true, "clicks": 0, "robot_started": false}
READ_ONLY_DB_COPY {"label": "001-db-before", "rows": 123}
GUI_JOB {"action": "run", "folder": "002-1-run"}
WAIT_GUI {"seconds_remaining": 1320}
GUI_RESULT {"robot_exit": 0, "case_code": "QXTW-43FG-YYJT-CJKS", "ok": true, "robot_started": true, "status": "robot-completed", "clicks": 1}
READ_ONLY_DB_COPY {"label": "001-db-after-0", "rows": 124}
AUTHORITATIVE_RESULT {"id": 124, "team_no": "202623001141", "problem_no": 3, "practice_run_no": 9186183923042390782, "case_code": "QXTW-43FG-YYJT-CJKS", "entered": 1, "jammer_count": 10, "cleared_jammer_count": 10, "clear_failure_count": 2, "virtual_time_us": 3120340235, "end_reason": "user_exit", "created_at_ms": 1789241126274}
GUI_JOB {"action": "return", "folder": "003-1-return"}
WAIT_GUI {"seconds_remaining": 60}
GUI_RESULT {"status": "returned-to-practice", "ok": true, "clicks": 2, "robot_started": false}
OFFICIAL_BATCH_PROGRESS 105 160 {'id': 124, 'team_no': '202623001141', 'problem_no': 3, 'practice_run_no': 9186183923042390782, 'case_code': 'QXTW-43FG-YYJT-CJKS', 'entered': 1, 'jammer_count': 10, 'cleared_jammer_count': 10, 'clear_failure_count': 2, 'virtual_time_us': 3120340235, 'end_reason': 'user_exit', 'created_at_ms': 1789241126274}
OFFICIAL_ABLATION_VARIANT {"problem": 3, "variant": "full__g80", "guest_code": "C:\\BAblation-20260913\\B"}
GUI_JOB {"action": "dry-run", "folder": "001-0-dry-run"}
WAIT_GUI {"seconds_remaining": 60}
GUI_RESULT {"status": "dry-run-ready", "ok": true, "clicks": 0, "robot_started": false}
READ_ONLY_DB_COPY {"label": "001-db-before", "rows": 124}
GUI_JOB {"action": "run", "folder": "002-1-run"}
WAIT_GUI {"seconds_remaining": 1320}
GUI_RESULT {"robot_exit": 0, "case_code": "A5M7-5TCS-ZMXQ-7693", "ok": true, "robot_started": true, "status": "robot-completed", "clicks": 1}
READ_ONLY_DB_COPY {"label": "001-db-after-0", "rows": 125}
AUTHORITATIVE_RESULT {"id": 125, "team_no": "202623001141", "problem_no": 3, "practice_run_no": 7255075981136747461, "case_code": "A5M7-5TCS-ZMXQ-7693", "entered": 1, "jammer_count": 10, "cleared_jammer_count": 10, "clear_failure_count": 0, "virtual_time_us": 2927779658, "end_reason": "user_exit", "created_at_ms": 1789241166491}
GUI_JOB {"action": "return", "folder": "003-1-return"}
WAIT_GUI {"seconds_remaining": 60}
GUI_RESULT {"status": "returned-to-practice", "ok": true, "clicks": 2, "robot_started": false}
OFFICIAL_BATCH_PROGRESS 106 160 {'id': 125, 'team_no': '202623001141', 'problem_no': 3, 'practice_run_no': 7255075981136747461, 'case_code': 'A5M7-5TCS-ZMXQ-7693', 'entered': 1, 'jammer_count': 10, 'cleared_jammer_count': 10, 'clear_failure_count': 0, 'virtual_time_us': 2927779658, 'end_reason': 'user_exit', 'created_at_ms': 1789241166491}
OFFICIAL_ABLATION_VARIANT {"problem": 3, "variant": "nearest_sensing__g50", "guest_code": "C:\\BAblation-20260913\\B"}
GUI_JOB {"action": "dry-run", "folder": "001-0-dry-run"}
WAIT_GUI {"seconds_remaining": 60}
GUI_RESULT {"status": "dry-run-ready", "ok": true, "clicks": 0, "robot_started": false}
READ_ONLY_DB_COPY {"label": "001-db-before", "rows": 125}
GUI_JOB {"action": "run", "folder": "002-1-run"}
WAIT_GUI {"seconds_remaining": 1320}
GUI_RESULT {"robot_exit": 0, "case_code": "VUYY-C658-43T4-JFR3", "ok": true, "robot_started": true, "status": "robot-completed", "clicks": 1}
READ_ONLY_DB_COPY {"label": "001-db-after-0", "rows": 126}
AUTHORITATIVE_RESULT {"id": 126, "team_no": "202623001141", "problem_no": 3, "practice_run_no": 7266949792113378427, "case_code": "VUYY-C658-43T4-JFR3", "entered": 1, "jammer_count": 12, "cleared_jammer_count": 12, "clear_failure_count": 32, "virtual_time_us": 3557756379, "end_reason": "user_exit", "created_at_ms": 1789241207072}
GUI_JOB {"action": "return", "folder": "003-1-return"}
WAIT_GUI {"seconds_remaining": 60}
GUI_RESULT {"status": "returned-to-practice", "ok": true, "clicks": 2, "robot_started": false}
OFFICIAL_BATCH_PROGRESS 107 160 {'id': 126, 'team_no': '202623001141', 'problem_no': 3, 'practice_run_no': 7266949792113378427, 'case_code': 'VUYY-C658-43T4-JFR3', 'entered': 1, 'jammer_count': 12, 'cleared_jammer_count': 12, 'clear_failure_count': 32, 'virtual_time_us': 3557756379, 'end_reason': 'user_exit', 'created_at_ms': 1789241207072}
OFFICIAL_ABLATION_VARIANT {"problem": 4, "variant": "full__g20", "guest_code": "C:\\BAblation-20260913\\B"}
GUI_JOB {"action": "dry-run", "folder": "001-0-dry-run"}
WAIT_GUI {"seconds_remaining": 60}
GUI_RESULT {"status": "dry-run-ready", "ok": true, "clicks": 0, "robot_started": false}
READ_ONLY_DB_COPY {"label": "001-db-before", "rows": 126}
GUI_JOB {"action": "run", "folder": "002-1-run"}
WAIT_GUI {"seconds_remaining": 1320}
GUI_RESULT {"robot_exit": 0, "case_code": "ADJJ-RHX5-J4CM-X8C9", "ok": true, "robot_started": true, "status": "robot-completed", "clicks": 1}
READ_ONLY_DB_COPY {"label": "001-db-after-0", "rows": 127}
AUTHORITATIVE_RESULT {"id": 127, "team_no": "202623001141", "problem_no": 4, "practice_run_no": 4627006216488146013, "case_code": "ADJJ-RHX5-J4CM-X8C9", "entered": 1, "jammer_count": 11, "cleared_jammer_count": 11, "clear_failure_count": 0, "virtual_time_us": 5897042418, "end_reason": "user_exit", "created_at_ms": 1789241253259}
GUI_JOB {"action": "return", "folder": "003-1-return"}
WAIT_GUI {"seconds_remaining": 60}
GUI_RESULT {"status": "returned-to-practice", "ok": true, "clicks": 2, "robot_started": false}
OFFICIAL_BATCH_PROGRESS 108 160 {'id': 127, 'team_no': '202623001141', 'problem_no': 4, 'practice_run_no': 4627006216488146013, 'case_code': 'ADJJ-RHX5-J4CM-X8C9', 'entered': 1, 'jammer_count': 11, 'cleared_jammer_count': 11, 'clear_failure_count': 0, 'virtual_time_us': 5897042418, 'end_reason': 'user_exit', 'created_at_ms': 1789241253259}
OFFICIAL_ABLATION_VARIANT {"problem": 3, "variant": "online_nearest__g50", "guest_code": "C:\\BAblation-20260913\\B"}
GUI_JOB {"action": "dry-run", "folder": "001-0-dry-run"}
WAIT_GUI {"seconds_remaining": 60}
GUI_RESULT {"status": "dry-run-ready", "ok": true, "clicks": 0, "robot_started": false}
READ_ONLY_DB_COPY {"label": "001-db-before", "rows": 127}
GUI_JOB {"action": "run", "folder": "002-1-run"}
WAIT_GUI {"seconds_remaining": 1320}
GUI_RESULT {"robot_exit": 0, "case_code": "ZECD-F7FS-WBZU-FH5U", "ok": true, "robot_started": true, "status": "robot-completed", "clicks": 1}
READ_ONLY_DB_COPY {"label": "001-db-after-0", "rows": 128}
AUTHORITATIVE_RESULT {"id": 128, "team_no": "202623001141", "problem_no": 3, "practice_run_no": 3159411798138379886, "case_code": "ZECD-F7FS-WBZU-FH5U", "entered": 1, "jammer_count": 15, "cleared_jammer_count": 15, "clear_failure_count": 0, "virtual_time_us": 3941168523, "end_reason": "user_exit", "created_at_ms": 1789241306188}
GUI_JOB {"action": "return", "folder": "003-1-return"}
WAIT_GUI {"seconds_remaining": 60}
GUI_RESULT {"status": "returned-to-practice", "ok": true, "clicks": 2, "robot_started": false}
OFFICIAL_BATCH_PROGRESS 109 160 {'id': 128, 'team_no': '202623001141', 'problem_no': 3, 'practice_run_no': 3159411798138379886, 'case_code': 'ZECD-F7FS-WBZU-FH5U', 'entered': 1, 'jammer_count': 15, 'cleared_jammer_count': 15, 'clear_failure_count': 0, 'virtual_time_us': 3941168523, 'end_reason': 'user_exit', 'created_at_ms': 1789241306188}
OFFICIAL_ABLATION_VARIANT {"problem": 4, "variant": "no_share__g35", "guest_code": "C:\\BAblation-20260913\\B"}
GUI_JOB {"action": "dry-run", "folder": "001-0-dry-run"}
WAIT_GUI {"seconds_remaining": 60}
GUI_RESULT {"status": "dry-run-ready", "ok": true, "clicks": 0, "robot_started": false}
READ_ONLY_DB_COPY {"label": "001-db-before", "rows": 128}
GUI_JOB {"action": "run", "folder": "002-1-run"}
WAIT_GUI {"seconds_remaining": 1320}
GUI_RESULT {"robot_exit": 0, "case_code": "82ED-BMMF-U8CR-6RFB", "ok": true, "robot_started": true, "status": "robot-completed", "clicks": 1}
READ_ONLY_DB_COPY {"label": "001-db-after-0", "rows": 129}
AUTHORITATIVE_RESULT {"id": 129, "team_no": "202623001141", "problem_no": 4, "practice_run_no": 917354135260175061, "case_code": "82ED-BMMF-U8CR-6RFB", "entered": 1, "jammer_count": 11, "cleared_jammer_count": 11, "clear_failure_count": 0, "virtual_time_us": 6015822007, "end_reason": "user_exit", "created_at_ms": 1789241349682}
GUI_JOB {"action": "return", "folder": "003-1-return"}
WAIT_GUI {"seconds_remaining": 60}
GUI_RESULT {"status": "returned-to-practice", "ok": true, "clicks": 2, "robot_started": false}
OFFICIAL_BATCH_PROGRESS 110 160 {'id': 129, 'team_no': '202623001141', 'problem_no': 4, 'practice_run_no': 917354135260175061, 'case_code': '82ED-BMMF-U8CR-6RFB', 'entered': 1, 'jammer_count': 11, 'cleared_jammer_count': 11, 'clear_failure_count': 0, 'virtual_time_us': 6015822007, 'end_reason': 'user_exit', 'created_at_ms': 1789241349682}
OFFICIAL_ABLATION_VARIANT {"problem": 4, "variant": "full__g35", "guest_code": "C:\\BAblation-20260913\\B"}
GUI_JOB {"action": "dry-run", "folder": "001-0-dry-run"}
WAIT_GUI {"seconds_remaining": 60}
GUI_RESULT {"status": "dry-run-ready", "ok": true, "clicks": 0, "robot_started": false}
READ_ONLY_DB_COPY {"label": "001-db-before", "rows": 129}
GUI_JOB {"action": "run", "folder": "002-1-run"}
WAIT_GUI {"seconds_remaining": 1320}
GUI_RESULT {"robot_exit": 0, "case_code": "J7N7-R4MP-7EAD-CEKS", "ok": true, "robot_started": true, "status": "robot-completed", "clicks": 1}
READ_ONLY_DB_COPY {"label": "001-db-after-0", "rows": 130}
AUTHORITATIVE_RESULT {"id": 130, "team_no": "202623001141", "problem_no": 4, "practice_run_no": 5997919512923716456, "case_code": "J7N7-R4MP-7EAD-CEKS", "entered": 1, "jammer_count": 14, "cleared_jammer_count": 14, "clear_failure_count": 0, "virtual_time_us": 6427008673, "end_reason": "user_exit", "created_at_ms": 1789241406116}
GUI_JOB {"action": "return", "folder": "003-1-return"}
WAIT_GUI {"seconds_remaining": 60}
GUI_RESULT {"status": "returned-to-practice", "ok": true, "clicks": 2, "robot_started": false}
OFFICIAL_BATCH_PROGRESS 111 160 {'id': 130, 'team_no': '202623001141', 'problem_no': 4, 'practice_run_no': 5997919512923716456, 'case_code': 'J7N7-R4MP-7EAD-CEKS', 'entered': 1, 'jammer_count': 14, 'cleared_jammer_count': 14, 'clear_failure_count': 0, 'virtual_time_us': 6427008673, 'end_reason': 'user_exit', 'created_at_ms': 1789241406116}
OFFICIAL_ABLATION_VARIANT {"problem": 3, "variant": "full__g50", "guest_code": "C:\\BAblation-20260913\\B"}
GUI_JOB {"action": "dry-run", "folder": "001-0-dry-run"}
WAIT_GUI {"seconds_remaining": 60}
GUI_RESULT {"status": "dry-run-ready", "ok": true, "clicks": 0, "robot_started": false}
READ_ONLY_DB_COPY {"label": "001-db-before", "rows": 130}
GUI_JOB {"action": "run", "folder": "002-1-run"}
WAIT_GUI {"seconds_remaining": 1320}
GUI_RESULT {"robot_exit": 0, "case_code": "V8KU-NTAH-RJM7-THUB", "ok": true, "robot_started": true, "status": "robot-completed", "clicks": 1}
READ_ONLY_DB_COPY {"label": "001-db-after-0", "rows": 131}
AUTHORITATIVE_RESULT {"id": 131, "team_no": "202623001141", "problem_no": 3, "practice_run_no": 683676130956809920, "case_code": "V8KU-NTAH-RJM7-THUB", "entered": 1, "jammer_count": 13, "cleared_jammer_count": 13, "clear_failure_count": 0, "virtual_time_us": 3061618964, "end_reason": "user_exit", "created_at_ms": 1789241459356}
GUI_JOB {"action": "return", "folder": "003-1-return"}
WAIT_GUI {"seconds_remaining": 60}
GUI_RESULT {"status": "returned-to-practice", "ok": true, "clicks": 2, "robot_started": false}
OFFICIAL_BATCH_PROGRESS 112 160 {'id': 131, 'team_no': '202623001141', 'problem_no': 3, 'practice_run_no': 683676130956809920, 'case_code': 'V8KU-NTAH-RJM7-THUB', 'entered': 1, 'jammer_count': 13, 'cleared_jammer_count': 13, 'clear_failure_count': 0, 'virtual_time_us': 3061618964, 'end_reason': 'user_exit', 'created_at_ms': 1789241459356}
OFFICIAL_ABLATION_VARIANT {"problem": 3, "variant": "no_share__g50", "guest_code": "C:\\BAblation-20260913\\B"}
GUI_JOB {"action": "dry-run", "folder": "001-0-dry-run"}
WAIT_GUI {"seconds_remaining": 60}
GUI_RESULT {"status": "dry-run-ready", "ok": true, "clicks": 0, "robot_started": false}
READ_ONLY_DB_COPY {"label": "001-db-before", "rows": 131}
GUI_JOB {"action": "run", "folder": "002-1-run"}
WAIT_GUI {"seconds_remaining": 1320}
GUI_RESULT {"robot_exit": 0, "case_code": "9ES5-4Z62-MRW9-FPQX", "ok": true, "robot_started": true, "status": "robot-completed", "clicks": 1}
READ_ONLY_DB_COPY {"label": "001-db-after-0", "rows": 132}
AUTHORITATIVE_RESULT {"id": 132, "team_no": "202623001141", "problem_no": 3, "practice_run_no": 3358950133058573985, "case_code": "9ES5-4Z62-MRW9-FPQX", "entered": 1, "jammer_count": 15, "cleared_jammer_count": 15, "clear_failure_count": 0, "virtual_time_us": 3209775101, "end_reason": "user_exit", "created_at_ms": 1789241503247}
GUI_JOB {"action": "return", "folder": "003-1-return"}
WAIT_GUI {"seconds_remaining": 60}
GUI_RESULT {"status": "returned-to-practice", "ok": true, "clicks": 2, "robot_started": false}
OFFICIAL_BATCH_PROGRESS 113 160 {'id': 132, 'team_no': '202623001141', 'problem_no': 3, 'practice_run_no': 3358950133058573985, 'case_code': '9ES5-4Z62-MRW9-FPQX', 'entered': 1, 'jammer_count': 15, 'cleared_jammer_count': 15, 'clear_failure_count': 0, 'virtual_time_us': 3209775101, 'end_reason': 'user_exit', 'created_at_ms': 1789241503247}
OFFICIAL_ABLATION_VARIANT {"problem": 3, "variant": "online_nearest__g50", "guest_code": "C:\\BAblation-20260913\\B"}
GUI_JOB {"action": "dry-run", "folder": "001-0-dry-run"}
WAIT_GUI {"seconds_remaining": 60}
GUI_RESULT {"status": "dry-run-ready", "ok": true, "clicks": 0, "robot_started": false}
READ_ONLY_DB_COPY {"label": "001-db-before", "rows": 132}
GUI_JOB {"action": "run", "folder": "002-1-run"}
WAIT_GUI {"seconds_remaining": 1320}
GUI_RESULT {"robot_exit": 0, "case_code": "SMWU-J6TC-FUA5-SC9H", "ok": true, "robot_started": true, "status": "robot-completed", "clicks": 1}
READ_ONLY_DB_COPY {"label": "001-db-after-0", "rows": 133}
AUTHORITATIVE_RESULT {"id": 133, "team_no": "202623001141", "problem_no": 3, "practice_run_no": 3789723067512497068, "case_code": "SMWU-J6TC-FUA5-SC9H", "entered": 1, "jammer_count": 16, "cleared_jammer_count": 16, "clear_failure_count": 0, "virtual_time_us": 3422076493, "end_reason": "user_exit", "created_at_ms": 1789241543930}
GUI_JOB {"action": "return", "folder": "003-1-return"}
WAIT_GUI {"seconds_remaining": 60}
GUI_RESULT {"status": "returned-to-practice", "ok": true, "clicks": 2, "robot_started": false}
OFFICIAL_BATCH_PROGRESS 114 160 {'id': 133, 'team_no': '202623001141', 'problem_no': 3, 'practice_run_no': 3789723067512497068, 'case_code': 'SMWU-J6TC-FUA5-SC9H', 'entered': 1, 'jammer_count': 16, 'cleared_jammer_count': 16, 'clear_failure_count': 0, 'virtual_time_us': 3422076493, 'end_reason': 'user_exit', 'created_at_ms': 1789241543930}
OFFICIAL_ABLATION_VARIANT {"problem": 4, "variant": "full__g20", "guest_code": "C:\\BAblation-20260913\\B"}
GUI_JOB {"action": "dry-run", "folder": "001-0-dry-run"}
WAIT_GUI {"seconds_remaining": 60}
GUI_RESULT {"status": "dry-run-ready", "ok": true, "clicks": 0, "robot_started": false}
READ_ONLY_DB_COPY {"label": "001-db-before", "rows": 133}
GUI_JOB {"action": "run", "folder": "002-1-run"}
WAIT_GUI {"seconds_remaining": 1320}
GUI_RESULT {"robot_exit": 0, "case_code": "T9VV-9RF4-N5E9-ZV2R", "ok": true, "robot_started": true, "status": "robot-completed", "clicks": 1}
READ_ONLY_DB_COPY {"label": "001-db-after-0", "rows": 134}
AUTHORITATIVE_RESULT {"id": 134, "team_no": "202623001141", "problem_no": 4, "practice_run_no": 2947340989423581493, "case_code": "T9VV-9RF4-N5E9-ZV2R", "entered": 1, "jammer_count": 13, "cleared_jammer_count": 13, "clear_failure_count": 0, "virtual_time_us": 6028424600, "end_reason": "user_exit", "created_at_ms": 1789241586209}
GUI_JOB {"action": "return", "folder": "003-1-return"}
WAIT_GUI {"seconds_remaining": 60}
GUI_RESULT {"status": "returned-to-practice", "ok": true, "clicks": 2, "robot_started": false}
OFFICIAL_BATCH_PROGRESS 115 160 {'id': 134, 'team_no': '202623001141', 'problem_no': 4, 'practice_run_no': 2947340989423581493, 'case_code': 'T9VV-9RF4-N5E9-ZV2R', 'entered': 1, 'jammer_count': 13, 'cleared_jammer_count': 13, 'clear_failure_count': 0, 'virtual_time_us': 6028424600, 'end_reason': 'user_exit', 'created_at_ms': 1789241586209}
OFFICIAL_ABLATION_VARIANT {"problem": 3, "variant": "nearest_sensing__g50", "guest_code": "C:\\BAblation-20260913\\B"}
GUI_JOB {"action": "dry-run", "folder": "001-0-dry-run"}
WAIT_GUI {"seconds_remaining": 60}
GUI_RESULT {"status": "dry-run-ready", "ok": true, "clicks": 0, "robot_started": false}
READ_ONLY_DB_COPY {"label": "001-db-before", "rows": 134}
GUI_JOB {"action": "run", "folder": "002-1-run"}
WAIT_GUI {"seconds_remaining": 1320}
GUI_RESULT {"robot_exit": 0, "case_code": "T58U-A6KA-JRP5-DPAA", "ok": true, "robot_started": true, "status": "robot-completed", "clicks": 1}
READ_ONLY_DB_COPY {"label": "001-db-after-0", "rows": 135}
AUTHORITATIVE_RESULT {"id": 135, "team_no": "202623001141", "problem_no": 3, "practice_run_no": 8621026868125266291, "case_code": "T58U-A6KA-JRP5-DPAA", "entered": 1, "jammer_count": 14, "cleared_jammer_count": 14, "clear_failure_count": 8, "virtual_time_us": 3326851747, "end_reason": "user_exit", "created_at_ms": 1789241639449}
GUI_JOB {"action": "return", "folder": "003-1-return"}
WAIT_GUI {"seconds_remaining": 60}
GUI_RESULT {"status": "returned-to-practice", "ok": true, "clicks": 2, "robot_started": false}
OFFICIAL_BATCH_PROGRESS 116 160 {'id': 135, 'team_no': '202623001141', 'problem_no': 3, 'practice_run_no': 8621026868125266291, 'case_code': 'T58U-A6KA-JRP5-DPAA', 'entered': 1, 'jammer_count': 14, 'cleared_jammer_count': 14, 'clear_failure_count': 8, 'virtual_time_us': 3326851747, 'end_reason': 'user_exit', 'created_at_ms': 1789241639449}
OFFICIAL_ABLATION_VARIANT {"problem": 3, "variant": "scan_then_service__g50", "guest_code": "C:\\BAblation-20260913\\B"}
GUI_JOB {"action": "dry-run", "folder": "001-0-dry-run"}
WAIT_GUI {"seconds_remaining": 60}
GUI_RESULT {"status": "dry-run-ready", "ok": true, "clicks": 0, "robot_started": false}
READ_ONLY_DB_COPY {"label": "001-db-before", "rows": 135}
GUI_JOB {"action": "run", "folder": "002-1-run"}
WAIT_GUI {"seconds_remaining": 1320}
GUI_RESULT {"robot_exit": 0, "case_code": "UH2V-95AZ-ES3T-A89E", "ok": true, "robot_started": true, "status": "robot-completed", "clicks": 1}
READ_ONLY_DB_COPY {"label": "001-db-after-0", "rows": 136}
AUTHORITATIVE_RESULT {"id": 136, "team_no": "202623001141", "problem_no": 3, "practice_run_no": 8928518169960137028, "case_code": "UH2V-95AZ-ES3T-A89E", "entered": 1, "jammer_count": 10, "cleared_jammer_count": 10, "clear_failure_count": 0, "virtual_time_us": 3739993923, "end_reason": "user_exit", "created_at_ms": 1789241682678}
GUI_JOB {"action": "return", "folder": "003-1-return"}
WAIT_GUI {"seconds_remaining": 60}
GUI_RESULT {"status": "returned-to-practice", "ok": true, "clicks": 2, "robot_started": false}
OFFICIAL_BATCH_PROGRESS 117 160 {'id': 136, 'team_no': '202623001141', 'problem_no': 3, 'practice_run_no': 8928518169960137028, 'case_code': 'UH2V-95AZ-ES3T-A89E', 'entered': 1, 'jammer_count': 10, 'cleared_jammer_count': 10, 'clear_failure_count': 0, 'virtual_time_us': 3739993923, 'end_reason': 'user_exit', 'created_at_ms': 1789241682678}
OFFICIAL_ABLATION_VARIANT {"problem": 3, "variant": "full__g50", "guest_code": "C:\\BAblation-20260913\\B"}
GUI_JOB {"action": "dry-run", "folder": "001-0-dry-run"}
WAIT_GUI {"seconds_remaining": 60}
GUI_RESULT {"status": "dry-run-ready", "ok": true, "clicks": 0, "robot_started": false}
READ_ONLY_DB_COPY {"label": "001-db-before", "rows": 136}
GUI_JOB {"action": "run", "folder": "002-1-run"}
WAIT_GUI {"seconds_remaining": 1320}
GUI_RESULT {"robot_exit": 0, "case_code": "X2ZM-AZPT-3JMD-7RNA", "ok": true, "robot_started": true, "status": "robot-completed", "clicks": 1}
READ_ONLY_DB_COPY {"label": "001-db-after-0", "rows": 137}
AUTHORITATIVE_RESULT {"id": 137, "team_no": "202623001141", "problem_no": 3, "practice_run_no": 6632723836883929673, "case_code": "X2ZM-AZPT-3JMD-7RNA", "entered": 1, "jammer_count": 14, "cleared_jammer_count": 14, "clear_failure_count": 0, "virtual_time_us": 3829452331, "end_reason": "user_exit", "created_at_ms": 1789241724944}
GUI_JOB {"action": "return", "folder": "003-1-return"}
WAIT_GUI {"seconds_remaining": 60}
GUI_RESULT {"status": "returned-to-practice", "ok": true, "clicks": 2, "robot_started": false}
OFFICIAL_BATCH_PROGRESS 118 160 {'id': 137, 'team_no': '202623001141', 'problem_no': 3, 'practice_run_no': 6632723836883929673, 'case_code': 'X2ZM-AZPT-3JMD-7RNA', 'entered': 1, 'jammer_count': 14, 'cleared_jammer_count': 14, 'clear_failure_count': 0, 'virtual_time_us': 3829452331, 'end_reason': 'user_exit', 'created_at_ms': 1789241724944}
OFFICIAL_ABLATION_VARIANT {"problem": 3, "variant": "no_negative__g50", "guest_code": "C:\\BAblation-20260913\\B"}
GUI_JOB {"action": "dry-run", "folder": "001-0-dry-run"}
WAIT_GUI {"seconds_remaining": 60}
GUI_RESULT {"status": "dry-run-ready", "ok": true, "clicks": 0, "robot_started": false}
READ_ONLY_DB_COPY {"label": "001-db-before", "rows": 137}
GUI_JOB {"action": "run", "folder": "002-1-run"}
WAIT_GUI {"seconds_remaining": 1320}
GUI_RESULT {"robot_exit": 0, "case_code": "QXWA-6K9A-83VX-CUHM", "ok": true, "robot_started": true, "status": "robot-completed", "clicks": 1}
READ_ONLY_DB_COPY {"label": "001-db-after-0", "rows": 138}
AUTHORITATIVE_RESULT {"id": 138, "team_no": "202623001141", "problem_no": 3, "practice_run_no": 3335503894995609554, "case_code": "QXWA-6K9A-83VX-CUHM", "entered": 1, "jammer_count": 15, "cleared_jammer_count": 15, "clear_failure_count": 1, "virtual_time_us": 3259969400, "end_reason": "user_exit", "created_at_ms": 1789241768009}
GUI_JOB {"action": "return", "folder": "003-1-return"}
WAIT_GUI {"seconds_remaining": 60}
GUI_RESULT {"status": "returned-to-practice", "ok": true, "clicks": 2, "robot_started": false}
OFFICIAL_BATCH_PROGRESS 119 160 {'id': 138, 'team_no': '202623001141', 'problem_no': 3, 'practice_run_no': 3335503894995609554, 'case_code': 'QXWA-6K9A-83VX-CUHM', 'entered': 1, 'jammer_count': 15, 'cleared_jammer_count': 15, 'clear_failure_count': 1, 'virtual_time_us': 3259969400, 'end_reason': 'user_exit', 'created_at_ms': 1789241768009}
OFFICIAL_ABLATION_VARIANT {"problem": 4, "variant": "full__g35", "guest_code": "C:\\BAblation-20260913\\B"}
GUI_JOB {"action": "dry-run", "folder": "001-0-dry-run"}
WAIT_GUI {"seconds_remaining": 60}
GUI_RESULT {"status": "dry-run-ready", "ok": true, "clicks": 0, "robot_started": false}
READ_ONLY_DB_COPY {"label": "001-db-before", "rows": 138}
GUI_JOB {"action": "run", "folder": "002-1-run"}
WAIT_GUI {"seconds_remaining": 1320}
GUI_RESULT {"robot_exit": 0, "case_code": "5WY6-PHUV-GGBE-6T4K", "ok": true, "robot_started": true, "status": "robot-completed", "clicks": 1}
READ_ONLY_DB_COPY {"label": "001-db-after-0", "rows": 139}
AUTHORITATIVE_RESULT {"id": 139, "team_no": "202623001141", "problem_no": 4, "practice_run_no": 6986661120003052259, "case_code": "5WY6-PHUV-GGBE-6T4K", "entered": 1, "jammer_count": 12, "cleared_jammer_count": 12, "clear_failure_count": 0, "virtual_time_us": 6545911652, "end_reason": "user_exit", "created_at_ms": 1789241810437}
GUI_JOB {"action": "return", "folder": "003-1-return"}
WAIT_GUI {"seconds_remaining": 60}
GUI_RESULT {"status": "returned-to-practice", "ok": true, "clicks": 2, "robot_started": false}
OFFICIAL_BATCH_PROGRESS 120 160 {'id': 139, 'team_no': '202623001141', 'problem_no': 4, 'practice_run_no': 6986661120003052259, 'case_code': '5WY6-PHUV-GGBE-6T4K', 'entered': 1, 'jammer_count': 12, 'cleared_jammer_count': 12, 'clear_failure_count': 0, 'virtual_time_us': 6545911652, 'end_reason': 'user_exit', 'created_at_ms': 1789241810437}
OFFICIAL_ABLATION_VARIANT {"problem": 4, "variant": "scan_then_service__g35", "guest_code": "C:\\BAblation-20260913\\B"}
GUI_JOB {"action": "dry-run", "folder": "001-0-dry-run"}
WAIT_GUI {"seconds_remaining": 60}
GUI_RESULT {"status": "dry-run-ready", "ok": true, "clicks": 0, "robot_started": false}
READ_ONLY_DB_COPY {"label": "001-db-before", "rows": 139}
GUI_JOB {"action": "run", "folder": "002-1-run"}
WAIT_GUI {"seconds_remaining": 1320}
GUI_RESULT {"robot_exit": 0, "case_code": "SARU-2Z2H-JAGM-UFN2", "ok": true, "robot_started": true, "status": "robot-completed", "clicks": 1}
READ_ONLY_DB_COPY {"label": "001-db-after-0", "rows": 140}
AUTHORITATIVE_RESULT {"id": 140, "team_no": "202623001141", "problem_no": 4, "practice_run_no": 3886620366541352104, "case_code": "SARU-2Z2H-JAGM-UFN2", "entered": 1, "jammer_count": 15, "cleared_jammer_count": 15, "clear_failure_count": 0, "virtual_time_us": 6785434213, "end_reason": "user_exit", "created_at_ms": 1789241868588}
GUI_JOB {"action": "return", "folder": "003-1-return"}
WAIT_GUI {"seconds_remaining": 60}
GUI_RESULT {"status": "returned-to-practice", "ok": true, "clicks": 2, "robot_started": false}
OFFICIAL_BATCH_PROGRESS 121 160 {'id': 140, 'team_no': '202623001141', 'problem_no': 4, 'practice_run_no': 3886620366541352104, 'case_code': 'SARU-2Z2H-JAGM-UFN2', 'entered': 1, 'jammer_count': 15, 'cleared_jammer_count': 15, 'clear_failure_count': 0, 'virtual_time_us': 6785434213, 'end_reason': 'user_exit', 'created_at_ms': 1789241868588}
OFFICIAL_ABLATION_VARIANT {"problem": 4, "variant": "no_negative__g35", "guest_code": "C:\\BAblation-20260913\\B"}
GUI_JOB {"action": "dry-run", "folder": "001-0-dry-run"}
WAIT_GUI {"seconds_remaining": 60}
GUI_RESULT {"status": "dry-run-ready", "ok": true, "clicks": 0, "robot_started": false}
READ_ONLY_DB_COPY {"label": "001-db-before", "rows": 140}
GUI_JOB {"action": "run", "folder": "002-1-run"}
WAIT_GUI {"seconds_remaining": 1320}
GUI_RESULT {"robot_exit": 0, "case_code": "PYX3-KQKW-FMD5-MMHK", "ok": true, "robot_started": true, "status": "robot-completed", "clicks": 1}
READ_ONLY_DB_COPY {"label": "001-db-after-0", "rows": 141}
AUTHORITATIVE_RESULT {"id": 141, "team_no": "202623001141", "problem_no": 4, "practice_run_no": 885147360265617454, "case_code": "PYX3-KQKW-FMD5-MMHK", "entered": 1, "jammer_count": 16, "cleared_jammer_count": 16, "clear_failure_count": 0, "virtual_time_us": 6177215739, "end_reason": "user_exit", "created_at_ms": 1789241918467}
GUI_JOB {"action": "return", "folder": "003-1-return"}
WAIT_GUI {"seconds_remaining": 60}
GUI_RESULT {"status": "returned-to-practice", "ok": true, "clicks": 2, "robot_started": false}
OFFICIAL_BATCH_PROGRESS 122 160 {'id': 141, 'team_no': '202623001141', 'problem_no': 4, 'practice_run_no': 885147360265617454, 'case_code': 'PYX3-KQKW-FMD5-MMHK', 'entered': 1, 'jammer_count': 16, 'cleared_jammer_count': 16, 'clear_failure_count': 0, 'virtual_time_us': 6177215739, 'end_reason': 'user_exit', 'created_at_ms': 1789241918467}
OFFICIAL_ABLATION_VARIANT {"problem": 4, "variant": "full__g80", "guest_code": "C:\\BAblation-20260913\\B"}
GUI_JOB {"action": "dry-run", "folder": "001-0-dry-run"}
WAIT_GUI {"seconds_remaining": 60}
GUI_RESULT {"status": "dry-run-ready", "ok": true, "clicks": 0, "robot_started": false}
READ_ONLY_DB_COPY {"label": "001-db-before", "rows": 141}
GUI_JOB {"action": "run", "folder": "002-1-run"}
WAIT_GUI {"seconds_remaining": 1320}
GUI_RESULT {"robot_exit": 0, "case_code": "GJCK-8DPC-AZ6P-E6MK", "ok": true, "robot_started": true, "status": "robot-completed", "clicks": 1}
READ_ONLY_DB_COPY {"label": "001-db-after-0", "rows": 142}
AUTHORITATIVE_RESULT {"id": 142, "team_no": "202623001141", "problem_no": 4, "practice_run_no": 1070960327287458978, "case_code": "GJCK-8DPC-AZ6P-E6MK", "entered": 1, "jammer_count": 14, "cleared_jammer_count": 14, "clear_failure_count": 1, "virtual_time_us": 5612688978, "end_reason": "user_exit", "created_at_ms": 1789241972496}
GUI_JOB {"action": "return", "folder": "003-1-return"}
WAIT_GUI {"seconds_remaining": 60}
GUI_RESULT {"status": "returned-to-practice", "ok": true, "clicks": 2, "robot_started": false}
OFFICIAL_BATCH_PROGRESS 123 160 {'id': 142, 'team_no': '202623001141', 'problem_no': 4, 'practice_run_no': 1070960327287458978, 'case_code': 'GJCK-8DPC-AZ6P-E6MK', 'entered': 1, 'jammer_count': 14, 'cleared_jammer_count': 14, 'clear_failure_count': 1, 'virtual_time_us': 5612688978, 'end_reason': 'user_exit', 'created_at_ms': 1789241972496}
OFFICIAL_ABLATION_VARIANT {"problem": 3, "variant": "full__g20", "guest_code": "C:\\BAblation-20260913\\B"}
GUI_JOB {"action": "dry-run", "folder": "001-0-dry-run"}
WAIT_GUI {"seconds_remaining": 60}
GUI_RESULT {"status": "dry-run-ready", "ok": true, "clicks": 0, "robot_started": false}
READ_ONLY_DB_COPY {"label": "001-db-before", "rows": 142}
GUI_JOB {"action": "run", "folder": "002-1-run"}
WAIT_GUI {"seconds_remaining": 1320}
GUI_RESULT {"robot_exit": 0, "case_code": "68AH-9BM9-V28X-BJAD", "ok": true, "robot_started": true, "status": "robot-completed", "clicks": 1}
READ_ONLY_DB_COPY {"label": "001-db-after-0", "rows": 143}
AUTHORITATIVE_RESULT {"id": 143, "team_no": "202623001141", "problem_no": 3, "practice_run_no": 2372957114520082574, "case_code": "68AH-9BM9-V28X-BJAD", "entered": 1, "jammer_count": 14, "cleared_jammer_count": 14, "clear_failure_count": 0, "virtual_time_us": 3403650421, "end_reason": "user_exit", "created_at_ms": 1789242025407}
GUI_JOB {"action": "return", "folder": "003-1-return"}
WAIT_GUI {"seconds_remaining": 60}
GUI_RESULT {"status": "returned-to-practice", "ok": true, "clicks": 2, "robot_started": false}
OFFICIAL_BATCH_PROGRESS 124 160 {'id': 143, 'team_no': '202623001141', 'problem_no': 3, 'practice_run_no': 2372957114520082574, 'case_code': '68AH-9BM9-V28X-BJAD', 'entered': 1, 'jammer_count': 14, 'cleared_jammer_count': 14, 'clear_failure_count': 0, 'virtual_time_us': 3403650421, 'end_reason': 'user_exit', 'created_at_ms': 1789242025407}
OFFICIAL_ABLATION_VARIANT {"problem": 4, "variant": "full__g40", "guest_code": "C:\\BAblation-20260913\\B"}
GUI_JOB {"action": "dry-run", "folder": "001-0-dry-run"}
WAIT_GUI {"seconds_remaining": 60}
GUI_RESULT {"status": "dry-run-ready", "ok": true, "clicks": 0, "robot_started": false}
READ_ONLY_DB_COPY {"label": "001-db-before", "rows": 143}
GUI_JOB {"action": "run", "folder": "002-1-run"}
WAIT_GUI {"seconds_remaining": 1320}
GUI_RESULT {"robot_exit": 0, "case_code": "7QTD-FKKQ-4XNN-M6GS", "ok": true, "robot_started": true, "status": "robot-completed", "clicks": 1}
READ_ONLY_DB_COPY {"label": "001-db-after-0", "rows": 144}
AUTHORITATIVE_RESULT {"id": 144, "team_no": "202623001141", "problem_no": 4, "practice_run_no": 3748165091247120975, "case_code": "7QTD-FKKQ-4XNN-M6GS", "entered": 1, "jammer_count": 16, "cleared_jammer_count": 16, "clear_failure_count": 0, "virtual_time_us": 5623132780, "end_reason": "user_exit", "created_at_ms": 1789242071400}
GUI_JOB {"action": "return", "folder": "003-1-return"}
WAIT_GUI {"seconds_remaining": 60}
GUI_RESULT {"status": "returned-to-practice", "ok": true, "clicks": 2, "robot_started": false}
OFFICIAL_BATCH_PROGRESS 125 160 {'id': 144, 'team_no': '202623001141', 'problem_no': 4, 'practice_run_no': 3748165091247120975, 'case_code': '7QTD-FKKQ-4XNN-M6GS', 'entered': 1, 'jammer_count': 16, 'cleared_jammer_count': 16, 'clear_failure_count': 0, 'virtual_time_us': 5623132780, 'end_reason': 'user_exit', 'created_at_ms': 1789242071400}
OFFICIAL_ABLATION_VARIANT {"problem": 3, "variant": "full__g80", "guest_code": "C:\\BAblation-20260913\\B"}
GUI_JOB {"action": "dry-run", "folder": "001-0-dry-run"}
WAIT_GUI {"seconds_remaining": 60}
GUI_RESULT {"status": "dry-run-ready", "ok": true, "clicks": 0, "robot_started": false}
READ_ONLY_DB_COPY {"label": "001-db-before", "rows": 144}
GUI_JOB {"action": "run", "folder": "002-1-run"}
WAIT_GUI {"seconds_remaining": 1320}
GUI_RESULT {"robot_exit": 0, "case_code": "Q24P-7VWK-5XGV-48NG", "ok": true, "robot_started": true, "status": "robot-completed", "clicks": 1}
READ_ONLY_DB_COPY {"label": "001-db-after-0", "rows": 145}
AUTHORITATIVE_RESULT {"id": 145, "team_no": "202623001141", "problem_no": 3, "practice_run_no": 6402747492377015209, "case_code": "Q24P-7VWK-5XGV-48NG", "entered": 1, "jammer_count": 16, "cleared_jammer_count": 16, "clear_failure_count": 0, "virtual_time_us": 3734831675, "end_reason": "user_exit", "created_at_ms": 1789242123156}
GUI_JOB {"action": "return", "folder": "003-1-return"}
WAIT_GUI {"seconds_remaining": 60}
GUI_RESULT {"status": "returned-to-practice", "ok": true, "clicks": 2, "robot_started": false}
OFFICIAL_BATCH_PROGRESS 126 160 {'id': 145, 'team_no': '202623001141', 'problem_no': 3, 'practice_run_no': 6402747492377015209, 'case_code': 'Q24P-7VWK-5XGV-48NG', 'entered': 1, 'jammer_count': 16, 'cleared_jammer_count': 16, 'clear_failure_count': 0, 'virtual_time_us': 3734831675, 'end_reason': 'user_exit', 'created_at_ms': 1789242123156}
OFFICIAL_ABLATION_VARIANT {"problem": 4, "variant": "no_share__g35", "guest_code": "C:\\BAblation-20260913\\B"}
GUI_JOB {"action": "dry-run", "folder": "001-0-dry-run"}
WAIT_GUI {"seconds_remaining": 60}
GUI_RESULT {"status": "dry-run-ready", "ok": true, "clicks": 0, "robot_started": false}
READ_ONLY_DB_COPY {"label": "001-db-before", "rows": 145}
GUI_JOB {"action": "run", "folder": "002-1-run"}
WAIT_GUI {"seconds_remaining": 1320}
GUI_RESULT {"robot_exit": 0, "case_code": "3CRU-RE4N-2546-SD5K", "ok": true, "robot_started": true, "status": "robot-completed", "clicks": 1}
READ_ONLY_DB_COPY {"label": "001-db-after-0", "rows": 146}
AUTHORITATIVE_RESULT {"id": 146, "team_no": "202623001141", "problem_no": 4, "practice_run_no": 7648760119974290911, "case_code": "3CRU-RE4N-2546-SD5K", "entered": 1, "jammer_count": 15, "cleared_jammer_count": 15, "clear_failure_count": 1, "virtual_time_us": 5700613612, "end_reason": "user_exit", "created_at_ms": 1789242166228}
GUI_JOB {"action": "return", "folder": "003-1-return"}
WAIT_GUI {"seconds_remaining": 60}
GUI_RESULT {"status": "returned-to-practice", "ok": true, "clicks": 2, "robot_started": false}
OFFICIAL_BATCH_PROGRESS 127 160 {'id': 146, 'team_no': '202623001141', 'problem_no': 4, 'practice_run_no': 7648760119974290911, 'case_code': '3CRU-RE4N-2546-SD5K', 'entered': 1, 'jammer_count': 15, 'cleared_jammer_count': 15, 'clear_failure_count': 1, 'virtual_time_us': 5700613612, 'end_reason': 'user_exit', 'created_at_ms': 1789242166228}
OFFICIAL_ABLATION_VARIANT {"problem": 4, "variant": "online_nearest__g35", "guest_code": "C:\\BAblation-20260913\\B"}
GUI_JOB {"action": "dry-run", "folder": "001-0-dry-run"}
WAIT_GUI {"seconds_remaining": 60}
GUI_RESULT {"status": "dry-run-ready", "ok": true, "clicks": 0, "robot_started": false}
READ_ONLY_DB_COPY {"label": "001-db-before", "rows": 146}
GUI_JOB {"action": "run", "folder": "002-1-run"}
WAIT_GUI {"seconds_remaining": 1320}
GUI_RESULT {"robot_exit": 0, "case_code": "B6MC-G3FW-6WS2-4EZS", "ok": true, "robot_started": true, "status": "robot-completed", "clicks": 1}
READ_ONLY_DB_COPY {"label": "001-db-after-0", "rows": 147}
AUTHORITATIVE_RESULT {"id": 147, "team_no": "202623001141", "problem_no": 4, "practice_run_no": 1816581310218819255, "case_code": "B6MC-G3FW-6WS2-4EZS", "entered": 1, "jammer_count": 12, "cleared_jammer_count": 12, "clear_failure_count": 0, "virtual_time_us": 5854957475, "end_reason": "user_exit", "created_at_ms": 1789242216387}
GUI_JOB {"action": "return", "folder": "003-1-return"}
WAIT_GUI {"seconds_remaining": 60}
GUI_RESULT {"status": "returned-to-practice", "ok": true, "clicks": 2, "robot_started": false}
OFFICIAL_BATCH_PROGRESS 128 160 {'id': 147, 'team_no': '202623001141', 'problem_no': 4, 'practice_run_no': 1816581310218819255, 'case_code': 'B6MC-G3FW-6WS2-4EZS', 'entered': 1, 'jammer_count': 12, 'cleared_jammer_count': 12, 'clear_failure_count': 0, 'virtual_time_us': 5854957475, 'end_reason': 'user_exit', 'created_at_ms': 1789242216387}
OFFICIAL_ABLATION_VARIANT {"problem": 4, "variant": "no_share__g35", "guest_code": "C:\\BAblation-20260913\\B"}
GUI_JOB {"action": "dry-run", "folder": "001-0-dry-run"}
WAIT_GUI {"seconds_remaining": 60}
GUI_RESULT {"status": "dry-run-ready", "ok": true, "clicks": 0, "robot_started": false}
READ_ONLY_DB_COPY {"label": "001-db-before", "rows": 147}
GUI_JOB {"action": "run", "folder": "002-1-run"}
WAIT_GUI {"seconds_remaining": 1320}
GUI_RESULT {"robot_exit": 0, "case_code": "G87R-25DB-AMC3-FP7J", "ok": true, "robot_started": true, "status": "robot-completed", "clicks": 1}
READ_ONLY_DB_COPY {"label": "001-db-after-0", "rows": 148}
AUTHORITATIVE_RESULT {"id": 148, "team_no": "202623001141", "problem_no": 4, "practice_run_no": 2754830728622552044, "case_code": "G87R-25DB-AMC3-FP7J", "entered": 1, "jammer_count": 13, "cleared_jammer_count": 13, "clear_failure_count": 0, "virtual_time_us": 6466575616, "end_reason": "user_exit", "created_at_ms": 1789242270051}
GUI_JOB {"action": "return", "folder": "003-1-return"}
WAIT_GUI {"seconds_remaining": 60}
GUI_RESULT {"status": "returned-to-practice", "ok": true, "clicks": 2, "robot_started": false}
OFFICIAL_BATCH_PROGRESS 129 160 {'id': 148, 'team_no': '202623001141', 'problem_no': 4, 'practice_run_no': 2754830728622552044, 'case_code': 'G87R-25DB-AMC3-FP7J', 'entered': 1, 'jammer_count': 13, 'cleared_jammer_count': 13, 'clear_failure_count': 0, 'virtual_time_us': 6466575616, 'end_reason': 'user_exit', 'created_at_ms': 1789242270051}
OFFICIAL_ABLATION_VARIANT {"problem": 4, "variant": "full__g20", "guest_code": "C:\\BAblation-20260913\\B"}
GUI_JOB {"action": "dry-run", "folder": "001-0-dry-run"}
WAIT_GUI {"seconds_remaining": 60}
GUI_RESULT {"status": "dry-run-ready", "ok": true, "clicks": 0, "robot_started": false}
READ_ONLY_DB_COPY {"label": "001-db-before", "rows": 148}
GUI_JOB {"action": "run", "folder": "002-1-run"}
WAIT_GUI {"seconds_remaining": 1320}
GUI_RESULT {"robot_exit": 0, "case_code": "6Q8Z-GX5R-SE2A-QZZH", "ok": true, "robot_started": true, "status": "robot-completed", "clicks": 1}
READ_ONLY_DB_COPY {"label": "001-db-after-0", "rows": 149}
AUTHORITATIVE_RESULT {"id": 149, "team_no": "202623001141", "problem_no": 4, "practice_run_no": 5768387603455324631, "case_code": "6Q8Z-GX5R-SE2A-QZZH", "entered": 1, "jammer_count": 14, "cleared_jammer_count": 14, "clear_failure_count": 0, "virtual_time_us": 6983579955, "end_reason": "user_exit", "created_at_ms": 1789242325784}
GUI_JOB {"action": "return", "folder": "003-1-return"}
WAIT_GUI {"seconds_remaining": 60}
GUI_RESULT {"status": "returned-to-practice", "ok": true, "clicks": 2, "robot_started": false}
OFFICIAL_BATCH_PROGRESS 130 160 {'id': 149, 'team_no': '202623001141', 'problem_no': 4, 'practice_run_no': 5768387603455324631, 'case_code': '6Q8Z-GX5R-SE2A-QZZH', 'entered': 1, 'jammer_count': 14, 'cleared_jammer_count': 14, 'clear_failure_count': 0, 'virtual_time_us': 6983579955, 'end_reason': 'user_exit', 'created_at_ms': 1789242325784}
OFFICIAL_ABLATION_VARIANT {"problem": 4, "variant": "no_negative__g35", "guest_code": "C:\\BAblation-20260913\\B"}
GUI_JOB {"action": "dry-run", "folder": "001-0-dry-run"}
WAIT_GUI {"seconds_remaining": 60}
GUI_RESULT {"status": "dry-run-ready", "ok": true, "clicks": 0, "robot_started": false}
READ_ONLY_DB_COPY {"label": "001-db-before", "rows": 149}
GUI_JOB {"action": "run", "folder": "002-1-run"}
WAIT_GUI {"seconds_remaining": 1320}
GUI_RESULT {"robot_exit": 0, "case_code": "VMD5-CH3S-66ZX-J5DG", "ok": true, "robot_started": true, "status": "robot-completed", "clicks": 1}
READ_ONLY_DB_COPY {"label": "001-db-after-0", "rows": 150}
AUTHORITATIVE_RESULT {"id": 150, "team_no": "202623001141", "problem_no": 4, "practice_run_no": 2971424411932923853, "case_code": "VMD5-CH3S-66ZX-J5DG", "entered": 1, "jammer_count": 16, "cleared_jammer_count": 16, "clear_failure_count": 0, "virtual_time_us": 5978405348, "end_reason": "user_exit", "created_at_ms": 1789242385777}
GUI_JOB {"action": "return", "folder": "003-1-return"}
WAIT_GUI {"seconds_remaining": 60}
GUI_RESULT {"status": "returned-to-practice", "ok": true, "clicks": 2, "robot_started": false}
OFFICIAL_BATCH_PROGRESS 131 160 {'id': 150, 'team_no': '202623001141', 'problem_no': 4, 'practice_run_no': 2971424411932923853, 'case_code': 'VMD5-CH3S-66ZX-J5DG', 'entered': 1, 'jammer_count': 16, 'cleared_jammer_count': 16, 'clear_failure_count': 0, 'virtual_time_us': 5978405348, 'end_reason': 'user_exit', 'created_at_ms': 1789242385777}
OFFICIAL_ABLATION_VARIANT {"problem": 3, "variant": "scan_then_service__g50", "guest_code": "C:\\BAblation-20260913\\B"}
GUI_JOB {"action": "dry-run", "folder": "001-0-dry-run"}
WAIT_GUI {"seconds_remaining": 60}
GUI_RESULT {"status": "dry-run-ready", "ok": true, "clicks": 0, "robot_started": false}
READ_ONLY_DB_COPY {"label": "001-db-before", "rows": 150}
GUI_JOB {"action": "run", "folder": "002-1-run"}
WAIT_GUI {"seconds_remaining": 1320}
GUI_RESULT {"robot_exit": 0, "case_code": "YTJE-CT4J-5Z84-42KY", "ok": true, "robot_started": true, "status": "robot-completed", "clicks": 1}
READ_ONLY_DB_COPY {"label": "001-db-after-0", "rows": 151}
AUTHORITATIVE_RESULT {"id": 151, "team_no": "202623001141", "problem_no": 3, "practice_run_no": 1353331836695015949, "case_code": "YTJE-CT4J-5Z84-42KY", "entered": 1, "jammer_count": 16, "cleared_jammer_count": 16, "clear_failure_count": 0, "virtual_time_us": 4111946198, "end_reason": "user_exit", "created_at_ms": 1789242436737}
GUI_JOB {"action": "return", "folder": "003-1-return"}
WAIT_GUI {"seconds_remaining": 60}
GUI_RESULT {"status": "returned-to-practice", "ok": true, "clicks": 2, "robot_started": false}
OFFICIAL_BATCH_PROGRESS 132 160 {'id': 151, 'team_no': '202623001141', 'problem_no': 3, 'practice_run_no': 1353331836695015949, 'case_code': 'YTJE-CT4J-5Z84-42KY', 'entered': 1, 'jammer_count': 16, 'cleared_jammer_count': 16, 'clear_failure_count': 0, 'virtual_time_us': 4111946198, 'end_reason': 'user_exit', 'created_at_ms': 1789242436737}
OFFICIAL_ABLATION_VARIANT {"problem": 3, "variant": "full__g80", "guest_code": "C:\\BAblation-20260913\\B"}
GUI_JOB {"action": "dry-run", "folder": "001-0-dry-run"}
WAIT_GUI {"seconds_remaining": 60}
GUI_RESULT {"status": "dry-run-ready", "ok": true, "clicks": 0, "robot_started": false}
READ_ONLY_DB_COPY {"label": "001-db-before", "rows": 151}
GUI_JOB {"action": "run", "folder": "002-1-run"}
WAIT_GUI {"seconds_remaining": 1320}
GUI_RESULT {"robot_exit": 0, "case_code": "EATB-R3EZ-RJGR-T83W", "ok": true, "robot_started": true, "status": "robot-completed", "clicks": 1}
READ_ONLY_DB_COPY {"label": "001-db-after-0", "rows": 152}
AUTHORITATIVE_RESULT {"id": 152, "team_no": "202623001141", "problem_no": 3, "practice_run_no": 4990774409453316275, "case_code": "EATB-R3EZ-RJGR-T83W", "entered": 1, "jammer_count": 10, "cleared_jammer_count": 10, "clear_failure_count": 0, "virtual_time_us": 2897170553, "end_reason": "user_exit", "created_at_ms": 1789242480045}
GUI_JOB {"action": "return", "folder": "003-1-return"}
WAIT_GUI {"seconds_remaining": 60}
GUI_RESULT {"status": "returned-to-practice", "ok": true, "clicks": 2, "robot_started": false}
OFFICIAL_BATCH_PROGRESS 133 160 {'id': 152, 'team_no': '202623001141', 'problem_no': 3, 'practice_run_no': 4990774409453316275, 'case_code': 'EATB-R3EZ-RJGR-T83W', 'entered': 1, 'jammer_count': 10, 'cleared_jammer_count': 10, 'clear_failure_count': 0, 'virtual_time_us': 2897170553, 'end_reason': 'user_exit', 'created_at_ms': 1789242480045}
OFFICIAL_ABLATION_VARIANT {"problem": 3, "variant": "full__g50", "guest_code": "C:\\BAblation-20260913\\B"}
GUI_JOB {"action": "dry-run", "folder": "001-0-dry-run"}
WAIT_GUI {"seconds_remaining": 60}
GUI_RESULT {"status": "dry-run-ready", "ok": true, "clicks": 0, "robot_started": false}
READ_ONLY_DB_COPY {"label": "001-db-before", "rows": 152}
GUI_JOB {"action": "run", "folder": "002-1-run"}
WAIT_GUI {"seconds_remaining": 1320}
GUI_RESULT {"robot_exit": 0, "case_code": "XEWK-BCN9-USJQ-GJYM", "ok": true, "robot_started": true, "status": "robot-completed", "clicks": 1}
READ_ONLY_DB_COPY {"label": "001-db-after-0", "rows": 153}
AUTHORITATIVE_RESULT {"id": 153, "team_no": "202623001141", "problem_no": 3, "practice_run_no": 159744532150085162, "case_code": "XEWK-BCN9-USJQ-GJYM", "entered": 1, "jammer_count": 13, "cleared_jammer_count": 13, "clear_failure_count": 0, "virtual_time_us": 3217629294, "end_reason": "user_exit", "created_at_ms": 1789242524954}
GUI_JOB {"action": "return", "folder": "003-1-return"}
WAIT_GUI {"seconds_remaining": 60}
GUI_RESULT {"status": "returned-to-practice", "ok": true, "clicks": 2, "robot_started": false}
OFFICIAL_BATCH_PROGRESS 134 160 {'id': 153, 'team_no': '202623001141', 'problem_no': 3, 'practice_run_no': 159744532150085162, 'case_code': 'XEWK-BCN9-USJQ-GJYM', 'entered': 1, 'jammer_count': 13, 'cleared_jammer_count': 13, 'clear_failure_count': 0, 'virtual_time_us': 3217629294, 'end_reason': 'user_exit', 'created_at_ms': 1789242524954}
OFFICIAL_ABLATION_VARIANT {"problem": 4, "variant": "online_nearest__g35", "guest_code": "C:\\BAblation-20260913\\B"}
GUI_JOB {"action": "dry-run", "folder": "001-0-dry-run"}
WAIT_GUI {"seconds_remaining": 60}
GUI_RESULT {"status": "dry-run-ready", "ok": true, "clicks": 0, "robot_started": false}
READ_ONLY_DB_COPY {"label": "001-db-before", "rows": 153}
GUI_JOB {"action": "run", "folder": "002-1-run"}
WAIT_GUI {"seconds_remaining": 1320}
GUI_RESULT {"robot_exit": 0, "case_code": "KGPU-S4CH-7H38-BPDY", "ok": true, "robot_started": true, "status": "robot-completed", "clicks": 1}
READ_ONLY_DB_COPY {"label": "001-db-after-0", "rows": 154}
AUTHORITATIVE_RESULT {"id": 154, "team_no": "202623001141", "problem_no": 4, "practice_run_no": 4502478503169474878, "case_code": "KGPU-S4CH-7H38-BPDY", "entered": 1, "jammer_count": 13, "cleared_jammer_count": 13, "clear_failure_count": 0, "virtual_time_us": 6563389894, "end_reason": "user_exit", "created_at_ms": 1789242569200}
GUI_JOB {"action": "return", "folder": "003-1-return"}
WAIT_GUI {"seconds_remaining": 60}
GUI_RESULT {"status": "returned-to-practice", "ok": true, "clicks": 2, "robot_started": false}
OFFICIAL_BATCH_PROGRESS 135 160 {'id': 154, 'team_no': '202623001141', 'problem_no': 4, 'practice_run_no': 4502478503169474878, 'case_code': 'KGPU-S4CH-7H38-BPDY', 'entered': 1, 'jammer_count': 13, 'cleared_jammer_count': 13, 'clear_failure_count': 0, 'virtual_time_us': 6563389894, 'end_reason': 'user_exit', 'created_at_ms': 1789242569200}
OFFICIAL_ABLATION_VARIANT {"problem": 3, "variant": "no_share__g50", "guest_code": "C:\\BAblation-20260913\\B"}
GUI_JOB {"action": "dry-run", "folder": "001-0-dry-run"}
WAIT_GUI {"seconds_remaining": 60}
GUI_RESULT {"status": "dry-run-ready", "ok": true, "clicks": 0, "robot_started": false}
READ_ONLY_DB_COPY {"label": "001-db-before", "rows": 154}
GUI_JOB {"action": "run", "folder": "002-1-run"}
WAIT_GUI {"seconds_remaining": 1320}
GUI_RESULT {"robot_exit": 0, "case_code": "T753-PMK3-9T5Q-BJXV", "ok": true, "robot_started": true, "status": "robot-completed", "clicks": 1}
READ_ONLY_DB_COPY {"label": "001-db-after-0", "rows": 155}
AUTHORITATIVE_RESULT {"id": 155, "team_no": "202623001141", "problem_no": 3, "practice_run_no": 7923265498991154120, "case_code": "T753-PMK3-9T5Q-BJXV", "entered": 1, "jammer_count": 16, "cleared_jammer_count": 16, "clear_failure_count": 0, "virtual_time_us": 3658624571, "end_reason": "user_exit", "created_at_ms": 1789242625474}
GUI_JOB {"action": "return", "folder": "003-1-return"}
WAIT_GUI {"seconds_remaining": 60}
GUI_RESULT {"status": "returned-to-practice", "ok": true, "clicks": 2, "robot_started": false}
OFFICIAL_BATCH_PROGRESS 136 160 {'id': 155, 'team_no': '202623001141', 'problem_no': 3, 'practice_run_no': 7923265498991154120, 'case_code': 'T753-PMK3-9T5Q-BJXV', 'entered': 1, 'jammer_count': 16, 'cleared_jammer_count': 16, 'clear_failure_count': 0, 'virtual_time_us': 3658624571, 'end_reason': 'user_exit', 'created_at_ms': 1789242625474}
OFFICIAL_ABLATION_VARIANT {"problem": 4, "variant": "full__g40", "guest_code": "C:\\BAblation-20260913\\B"}
GUI_JOB {"action": "dry-run", "folder": "001-0-dry-run"}
WAIT_GUI {"seconds_remaining": 60}
GUI_RESULT {"status": "dry-run-ready", "ok": true, "clicks": 0, "robot_started": false}
READ_ONLY_DB_COPY {"label": "001-db-before", "rows": 155}
GUI_JOB {"action": "run", "folder": "002-1-run"}
WAIT_GUI {"seconds_remaining": 1320}
GUI_RESULT {"robot_exit": 0, "case_code": "RBRJ-7596-7Y6Q-UGFY", "ok": true, "robot_started": true, "status": "robot-completed", "clicks": 1}
READ_ONLY_DB_COPY {"label": "001-db-after-0", "rows": 156}
AUTHORITATIVE_RESULT {"id": 156, "team_no": "202623001141", "problem_no": 4, "practice_run_no": 1724482328439660630, "case_code": "RBRJ-7596-7Y6Q-UGFY", "entered": 1, "jammer_count": 14, "cleared_jammer_count": 14, "clear_failure_count": 0, "virtual_time_us": 6740769142, "end_reason": "user_exit", "created_at_ms": 1789242668257}
GUI_JOB {"action": "return", "folder": "003-1-return"}
WAIT_GUI {"seconds_remaining": 60}
GUI_RESULT {"status": "returned-to-practice", "ok": true, "clicks": 2, "robot_started": false}
OFFICIAL_BATCH_PROGRESS 137 160 {'id': 156, 'team_no': '202623001141', 'problem_no': 4, 'practice_run_no': 1724482328439660630, 'case_code': 'RBRJ-7596-7Y6Q-UGFY', 'entered': 1, 'jammer_count': 14, 'cleared_jammer_count': 14, 'clear_failure_count': 0, 'virtual_time_us': 6740769142, 'end_reason': 'user_exit', 'created_at_ms': 1789242668257}
OFFICIAL_ABLATION_VARIANT {"problem": 4, "variant": "full__g80", "guest_code": "C:\\BAblation-20260913\\B"}
GUI_JOB {"action": "dry-run", "folder": "001-0-dry-run"}
WAIT_GUI {"seconds_remaining": 60}
GUI_RESULT {"status": "dry-run-ready", "ok": true, "clicks": 0, "robot_started": false}
READ_ONLY_DB_COPY {"label": "001-db-before", "rows": 156}
GUI_JOB {"action": "run", "folder": "002-1-run"}
WAIT_GUI {"seconds_remaining": 1320}
GUI_RESULT {"robot_exit": 0, "case_code": "KSJE-REKA-6TGU-6EYM", "ok": true, "robot_started": true, "status": "robot-completed", "clicks": 1}
READ_ONLY_DB_COPY {"label": "001-db-after-0", "rows": 157}
AUTHORITATIVE_RESULT {"id": 157, "team_no": "202623001141", "problem_no": 4, "practice_run_no": 3859895531209429048, "case_code": "KSJE-REKA-6TGU-6EYM", "entered": 1, "jammer_count": 13, "cleared_jammer_count": 13, "clear_failure_count": 0, "virtual_time_us": 5928184053, "end_reason": "user_exit", "created_at_ms": 1789242724843}
GUI_JOB {"action": "return", "folder": "003-1-return"}
WAIT_GUI {"seconds_remaining": 60}
GUI_RESULT {"status": "returned-to-practice", "ok": true, "clicks": 2, "robot_started": false}
OFFICIAL_BATCH_PROGRESS 138 160 {'id': 157, 'team_no': '202623001141', 'problem_no': 4, 'practice_run_no': 3859895531209429048, 'case_code': 'KSJE-REKA-6TGU-6EYM', 'entered': 1, 'jammer_count': 13, 'cleared_jammer_count': 13, 'clear_failure_count': 0, 'virtual_time_us': 5928184053, 'end_reason': 'user_exit', 'created_at_ms': 1789242724843}
OFFICIAL_ABLATION_VARIANT {"problem": 4, "variant": "scan_then_service__g35", "guest_code": "C:\\BAblation-20260913\\B"}
GUI_JOB {"action": "dry-run", "folder": "001-0-dry-run"}
WAIT_GUI {"seconds_remaining": 60}
GUI_RESULT {"status": "dry-run-ready", "ok": true, "clicks": 0, "robot_started": false}
READ_ONLY_DB_COPY {"label": "001-db-before", "rows": 157}
GUI_JOB {"action": "run", "folder": "002-1-run"}
WAIT_GUI {"seconds_remaining": 1320}
GUI_RESULT {"robot_exit": 0, "case_code": "6TWG-RKUN-TQ2P-E99K", "ok": true, "robot_started": true, "status": "robot-completed", "clicks": 1}
READ_ONLY_DB_COPY {"label": "001-db-after-0", "rows": 158}
AUTHORITATIVE_RESULT {"id": 158, "team_no": "202623001141", "problem_no": 4, "practice_run_no": 3623598840287292012, "case_code": "6TWG-RKUN-TQ2P-E99K", "entered": 1, "jammer_count": 14, "cleared_jammer_count": 14, "clear_failure_count": 0, "virtual_time_us": 7077981271, "end_reason": "user_exit", "created_at_ms": 1789242779658}
GUI_JOB {"action": "return", "folder": "003-1-return"}
WAIT_GUI {"seconds_remaining": 60}
GUI_RESULT {"status": "returned-to-practice", "ok": true, "clicks": 2, "robot_started": false}
OFFICIAL_BATCH_PROGRESS 139 160 {'id': 158, 'team_no': '202623001141', 'problem_no': 4, 'practice_run_no': 3623598840287292012, 'case_code': '6TWG-RKUN-TQ2P-E99K', 'entered': 1, 'jammer_count': 14, 'cleared_jammer_count': 14, 'clear_failure_count': 0, 'virtual_time_us': 7077981271, 'end_reason': 'user_exit', 'created_at_ms': 1789242779658}
OFFICIAL_ABLATION_VARIANT {"problem": 3, "variant": "full__g20", "guest_code": "C:\\BAblation-20260913\\B"}
GUI_JOB {"action": "dry-run", "folder": "001-0-dry-run"}
WAIT_GUI {"seconds_remaining": 60}
GUI_RESULT {"status": "dry-run-ready", "ok": true, "clicks": 0, "robot_started": false}
READ_ONLY_DB_COPY {"label": "001-db-before", "rows": 158}
GUI_JOB {"action": "run", "folder": "002-1-run"}
WAIT_GUI {"seconds_remaining": 1320}
GUI_RESULT {"robot_exit": 0, "case_code": "N7H8-Q5U8-EYFW-JR7B", "ok": true, "robot_started": true, "status": "robot-completed", "clicks": 1}
READ_ONLY_DB_COPY {"label": "001-db-after-0", "rows": 159}
AUTHORITATIVE_RESULT {"id": 159, "team_no": "202623001141", "problem_no": 3, "practice_run_no": 6794819310588814167, "case_code": "N7H8-Q5U8-EYFW-JR7B", "entered": 1, "jammer_count": 14, "cleared_jammer_count": 14, "clear_failure_count": 0, "virtual_time_us": 3302627376, "end_reason": "user_exit", "created_at_ms": 1789242834364}
GUI_JOB {"action": "return", "folder": "003-1-return"}
WAIT_GUI {"seconds_remaining": 60}
GUI_RESULT {"status": "returned-to-practice", "ok": true, "clicks": 2, "robot_started": false}
OFFICIAL_BATCH_PROGRESS 140 160 {'id': 159, 'team_no': '202623001141', 'problem_no': 3, 'practice_run_no': 6794819310588814167, 'case_code': 'N7H8-Q5U8-EYFW-JR7B', 'entered': 1, 'jammer_count': 14, 'cleared_jammer_count': 14, 'clear_failure_count': 0, 'virtual_time_us': 3302627376, 'end_reason': 'user_exit', 'created_at_ms': 1789242834364}
OFFICIAL_ABLATION_VARIANT {"problem": 3, "variant": "no_negative__g50", "guest_code": "C:\\BAblation-20260913\\B"}
GUI_JOB {"action": "dry-run", "folder": "001-0-dry-run"}
WAIT_GUI {"seconds_remaining": 60}
GUI_RESULT {"status": "dry-run-ready", "ok": true, "clicks": 0, "robot_started": false}
READ_ONLY_DB_COPY {"label": "001-db-before", "rows": 159}
GUI_JOB {"action": "run", "folder": "002-1-run"}
WAIT_GUI {"seconds_remaining": 1320}
GUI_RESULT {"robot_exit": 0, "case_code": "PNPW-EMQS-GJCT-FXNS", "ok": true, "robot_started": true, "status": "robot-completed", "clicks": 1}
READ_ONLY_DB_COPY {"label": "001-db-after-0", "rows": 160}
AUTHORITATIVE_RESULT {"id": 160, "team_no": "202623001141", "problem_no": 3, "practice_run_no": 4239683295015674061, "case_code": "PNPW-EMQS-GJCT-FXNS", "entered": 1, "jammer_count": 10, "cleared_jammer_count": 10, "clear_failure_count": 0, "virtual_time_us": 2980813225, "end_reason": "user_exit", "created_at_ms": 1789242879584}
GUI_JOB {"action": "return", "folder": "003-1-return"}
WAIT_GUI {"seconds_remaining": 60}
GUI_RESULT {"status": "returned-to-practice", "ok": true, "clicks": 2, "robot_started": false}
OFFICIAL_BATCH_PROGRESS 141 160 {'id': 160, 'team_no': '202623001141', 'problem_no': 3, 'practice_run_no': 4239683295015674061, 'case_code': 'PNPW-EMQS-GJCT-FXNS', 'entered': 1, 'jammer_count': 10, 'cleared_jammer_count': 10, 'clear_failure_count': 0, 'virtual_time_us': 2980813225, 'end_reason': 'user_exit', 'created_at_ms': 1789242879584}
OFFICIAL_ABLATION_VARIANT {"problem": 3, "variant": "online_nearest__g50", "guest_code": "C:\\BAblation-20260913\\B"}
GUI_JOB {"action": "dry-run", "folder": "001-0-dry-run"}
WAIT_GUI {"seconds_remaining": 60}
GUI_RESULT {"status": "dry-run-ready", "ok": true, "clicks": 0, "robot_started": false}
READ_ONLY_DB_COPY {"label": "001-db-before", "rows": 160}
GUI_JOB {"action": "run", "folder": "002-1-run"}
WAIT_GUI {"seconds_remaining": 1320}
GUI_RESULT {"robot_exit": 0, "case_code": "BZDW-U8YZ-A57K-39YJ", "ok": true, "robot_started": true, "status": "robot-completed", "clicks": 1}
READ_ONLY_DB_COPY {"label": "001-db-after-0", "rows": 161}
AUTHORITATIVE_RESULT {"id": 161, "team_no": "202623001141", "problem_no": 3, "practice_run_no": 6897863494528960266, "case_code": "BZDW-U8YZ-A57K-39YJ", "entered": 1, "jammer_count": 15, "cleared_jammer_count": 15, "clear_failure_count": 0, "virtual_time_us": 3994519238, "end_reason": "user_exit", "created_at_ms": 1789242924398}
GUI_JOB {"action": "return", "folder": "003-1-return"}
WAIT_GUI {"seconds_remaining": 60}
GUI_RESULT {"status": "returned-to-practice", "ok": true, "clicks": 2, "robot_started": false}
OFFICIAL_BATCH_PROGRESS 142 160 {'id': 161, 'team_no': '202623001141', 'problem_no': 3, 'practice_run_no': 6897863494528960266, 'case_code': 'BZDW-U8YZ-A57K-39YJ', 'entered': 1, 'jammer_count': 15, 'cleared_jammer_count': 15, 'clear_failure_count': 0, 'virtual_time_us': 3994519238, 'end_reason': 'user_exit', 'created_at_ms': 1789242924398}
OFFICIAL_ABLATION_VARIANT {"problem": 3, "variant": "nearest_sensing__g50", "guest_code": "C:\\BAblation-20260913\\B"}
GUI_JOB {"action": "dry-run", "folder": "001-0-dry-run"}
WAIT_GUI {"seconds_remaining": 60}
GUI_RESULT {"status": "dry-run-ready", "ok": true, "clicks": 0, "robot_started": false}
READ_ONLY_DB_COPY {"label": "001-db-before", "rows": 161}
GUI_JOB {"action": "run", "folder": "002-1-run"}
WAIT_GUI {"seconds_remaining": 1320}
GUI_RESULT {"robot_exit": 0, "case_code": "GBRP-EHGE-Q3U8-BCUV", "ok": true, "robot_started": true, "status": "robot-completed", "clicks": 1}
READ_ONLY_DB_COPY {"label": "001-db-after-0", "rows": 162}
AUTHORITATIVE_RESULT {"id": 162, "team_no": "202623001141", "problem_no": 3, "practice_run_no": 514615664173551218, "case_code": "GBRP-EHGE-Q3U8-BCUV", "entered": 1, "jammer_count": 10, "cleared_jammer_count": 10, "clear_failure_count": 24, "virtual_time_us": 3451990900, "end_reason": "user_exit", "created_at_ms": 1789242969373}
GUI_JOB {"action": "return", "folder": "003-1-return"}
WAIT_GUI {"seconds_remaining": 60}
GUI_RESULT {"status": "returned-to-practice", "ok": true, "clicks": 2, "robot_started": false}
OFFICIAL_BATCH_PROGRESS 143 160 {'id': 162, 'team_no': '202623001141', 'problem_no': 3, 'practice_run_no': 514615664173551218, 'case_code': 'GBRP-EHGE-Q3U8-BCUV', 'entered': 1, 'jammer_count': 10, 'cleared_jammer_count': 10, 'clear_failure_count': 24, 'virtual_time_us': 3451990900, 'end_reason': 'user_exit', 'created_at_ms': 1789242969373}
OFFICIAL_ABLATION_VARIANT {"problem": 4, "variant": "full__g35", "guest_code": "C:\\BAblation-20260913\\B"}
GUI_JOB {"action": "dry-run", "folder": "001-0-dry-run"}
WAIT_GUI {"seconds_remaining": 60}
GUI_RESULT {"status": "dry-run-ready", "ok": true, "clicks": 0, "robot_started": false}
READ_ONLY_DB_COPY {"label": "001-db-before", "rows": 162}
GUI_JOB {"action": "run", "folder": "002-1-run"}
WAIT_GUI {"seconds_remaining": 1320}
GUI_RESULT {"robot_exit": 0, "case_code": "U73G-QSC7-7NAS-US54", "ok": true, "robot_started": true, "status": "robot-completed", "clicks": 1}
READ_ONLY_DB_COPY {"label": "001-db-after-0", "rows": 163}
AUTHORITATIVE_RESULT {"id": 163, "team_no": "202623001141", "problem_no": 4, "practice_run_no": 3186650244058253608, "case_code": "U73G-QSC7-7NAS-US54", "entered": 1, "jammer_count": 12, "cleared_jammer_count": 12, "clear_failure_count": 0, "virtual_time_us": 6612494971, "end_reason": "user_exit", "created_at_ms": 1789243019655}
GUI_JOB {"action": "return", "folder": "003-1-return"}
WAIT_GUI {"seconds_remaining": 60}
GUI_RESULT {"status": "returned-to-practice", "ok": true, "clicks": 2, "robot_started": false}
OFFICIAL_BATCH_PROGRESS 144 160 {'id': 163, 'team_no': '202623001141', 'problem_no': 4, 'practice_run_no': 3186650244058253608, 'case_code': 'U73G-QSC7-7NAS-US54', 'entered': 1, 'jammer_count': 12, 'cleared_jammer_count': 12, 'clear_failure_count': 0, 'virtual_time_us': 6612494971, 'end_reason': 'user_exit', 'created_at_ms': 1789243019655}
OFFICIAL_ABLATION_VARIANT {"problem": 3, "variant": "full__g80", "guest_code": "C:\\BAblation-20260913\\B"}
GUI_JOB {"action": "dry-run", "folder": "001-0-dry-run"}
WAIT_GUI {"seconds_remaining": 60}
GUI_RESULT {"status": "dry-run-ready", "ok": true, "clicks": 0, "robot_started": false}
READ_ONLY_DB_COPY {"label": "001-db-before", "rows": 163}
GUI_JOB {"action": "run", "folder": "002-1-run"}
WAIT_GUI {"seconds_remaining": 1320}
GUI_RESULT {"robot_exit": 0, "case_code": "8VRJ-6GA8-JWRK-VKMU", "ok": true, "robot_started": true, "status": "robot-completed", "clicks": 1}
READ_ONLY_DB_COPY {"label": "001-db-after-0", "rows": 164}
AUTHORITATIVE_RESULT {"id": 164, "team_no": "202623001141", "problem_no": 3, "practice_run_no": 87730529849350583, "case_code": "8VRJ-6GA8-JWRK-VKMU", "entered": 1, "jammer_count": 11, "cleared_jammer_count": 11, "clear_failure_count": 0, "virtual_time_us": 3115634203, "end_reason": "user_exit", "created_at_ms": 1789243078533}
GUI_JOB {"action": "return", "folder": "003-1-return"}
WAIT_GUI {"seconds_remaining": 60}
GUI_RESULT {"status": "returned-to-practice", "ok": true, "clicks": 2, "robot_started": false}
OFFICIAL_BATCH_PROGRESS 145 160 {'id': 164, 'team_no': '202623001141', 'problem_no': 3, 'practice_run_no': 87730529849350583, 'case_code': '8VRJ-6GA8-JWRK-VKMU', 'entered': 1, 'jammer_count': 11, 'cleared_jammer_count': 11, 'clear_failure_count': 0, 'virtual_time_us': 3115634203, 'end_reason': 'user_exit', 'created_at_ms': 1789243078533}
OFFICIAL_ABLATION_VARIANT {"problem": 4, "variant": "no_share__g35", "guest_code": "C:\\BAblation-20260913\\B"}
GUI_JOB {"action": "dry-run", "folder": "001-0-dry-run"}
WAIT_GUI {"seconds_remaining": 60}
GUI_RESULT {"status": "dry-run-ready", "ok": true, "clicks": 0, "robot_started": false}
READ_ONLY_DB_COPY {"label": "001-db-before", "rows": 164}
GUI_JOB {"action": "run", "folder": "002-1-run"}
WAIT_GUI {"seconds_remaining": 1320}
GUI_RESULT {"robot_exit": 0, "case_code": "CJ84-4BZZ-8GAZ-ABXG", "ok": true, "robot_started": true, "status": "robot-completed", "clicks": 1}
READ_ONLY_DB_COPY {"label": "001-db-after-0", "rows": 165}
AUTHORITATIVE_RESULT {"id": 165, "team_no": "202623001141", "problem_no": 4, "practice_run_no": 7121892067975505958, "case_code": "CJ84-4BZZ-8GAZ-ABXG", "entered": 1, "jammer_count": 13, "cleared_jammer_count": 13, "clear_failure_count": 1, "virtual_time_us": 6209277768, "end_reason": "user_exit", "created_at_ms": 1789243122231}
GUI_JOB {"action": "return", "folder": "003-1-return"}
WAIT_GUI {"seconds_remaining": 60}
GUI_RESULT {"status": "returned-to-practice", "ok": true, "clicks": 2, "robot_started": false}
OFFICIAL_BATCH_PROGRESS 146 160 {'id': 165, 'team_no': '202623001141', 'problem_no': 4, 'practice_run_no': 7121892067975505958, 'case_code': 'CJ84-4BZZ-8GAZ-ABXG', 'entered': 1, 'jammer_count': 13, 'cleared_jammer_count': 13, 'clear_failure_count': 1, 'virtual_time_us': 6209277768, 'end_reason': 'user_exit', 'created_at_ms': 1789243122231}
OFFICIAL_ABLATION_VARIANT {"problem": 3, "variant": "full__g50", "guest_code": "C:\\BAblation-20260913\\B"}
GUI_JOB {"action": "dry-run", "folder": "001-0-dry-run"}
WAIT_GUI {"seconds_remaining": 60}
GUI_RESULT {"status": "dry-run-ready", "ok": true, "clicks": 0, "robot_started": false}
READ_ONLY_DB_COPY {"label": "001-db-before", "rows": 165}
GUI_JOB {"action": "run", "folder": "002-1-run"}
WAIT_GUI {"seconds_remaining": 1320}
GUI_RESULT {"robot_exit": 0, "case_code": "S3ME-H697-XR6A-QHHS", "ok": true, "robot_started": true, "status": "robot-completed", "clicks": 1}
READ_ONLY_DB_COPY {"label": "001-db-after-0", "rows": 166}
AUTHORITATIVE_RESULT {"id": 166, "team_no": "202623001141", "problem_no": 3, "practice_run_no": 1383116805627868652, "case_code": "S3ME-H697-XR6A-QHHS", "entered": 1, "jammer_count": 13, "cleared_jammer_count": 13, "clear_failure_count": 1, "virtual_time_us": 3246047046, "end_reason": "user_exit", "created_at_ms": 1789243178504}
GUI_JOB {"action": "return", "folder": "003-1-return"}
WAIT_GUI {"seconds_remaining": 60}
GUI_RESULT {"status": "returned-to-practice", "ok": true, "clicks": 2, "robot_started": false}
OFFICIAL_BATCH_PROGRESS 147 160 {'id': 166, 'team_no': '202623001141', 'problem_no': 3, 'practice_run_no': 1383116805627868652, 'case_code': 'S3ME-H697-XR6A-QHHS', 'entered': 1, 'jammer_count': 13, 'cleared_jammer_count': 13, 'clear_failure_count': 1, 'virtual_time_us': 3246047046, 'end_reason': 'user_exit', 'created_at_ms': 1789243178504}
OFFICIAL_ABLATION_VARIANT {"problem": 4, "variant": "no_negative__g35", "guest_code": "C:\\BAblation-20260913\\B"}
GUI_JOB {"action": "dry-run", "folder": "001-0-dry-run"}
WAIT_GUI {"seconds_remaining": 60}
GUI_RESULT {"status": "dry-run-ready", "ok": true, "clicks": 0, "robot_started": false}
READ_ONLY_DB_COPY {"label": "001-db-before", "rows": 166}
GUI_JOB {"action": "run", "folder": "002-1-run"}
WAIT_GUI {"seconds_remaining": 1320}
GUI_RESULT {"robot_exit": 0, "case_code": "CGK7-5GSH-8HB8-FNQ4", "ok": true, "robot_started": true, "status": "robot-completed", "clicks": 1}
READ_ONLY_DB_COPY {"label": "001-db-after-0", "rows": 167}
AUTHORITATIVE_RESULT {"id": 167, "team_no": "202623001141", "problem_no": 4, "practice_run_no": 5351073607879225602, "case_code": "CGK7-5GSH-8HB8-FNQ4", "entered": 1, "jammer_count": 15, "cleared_jammer_count": 15, "clear_failure_count": 0, "virtual_time_us": 6375462856, "end_reason": "user_exit", "created_at_ms": 1789243223552}
GUI_JOB {"action": "return", "folder": "003-1-return"}
WAIT_GUI {"seconds_remaining": 60}
GUI_RESULT {"status": "returned-to-practice", "ok": true, "clicks": 2, "robot_started": false}
OFFICIAL_BATCH_PROGRESS 148 160 {'id': 167, 'team_no': '202623001141', 'problem_no': 4, 'practice_run_no': 5351073607879225602, 'case_code': 'CGK7-5GSH-8HB8-FNQ4', 'entered': 1, 'jammer_count': 15, 'cleared_jammer_count': 15, 'clear_failure_count': 0, 'virtual_time_us': 6375462856, 'end_reason': 'user_exit', 'created_at_ms': 1789243223552}
OFFICIAL_ABLATION_VARIANT {"problem": 4, "variant": "full__g35", "guest_code": "C:\\BAblation-20260913\\B"}
GUI_JOB {"action": "dry-run", "folder": "001-0-dry-run"}
WAIT_GUI {"seconds_remaining": 60}
GUI_RESULT {"status": "dry-run-ready", "ok": true, "clicks": 0, "robot_started": false}
READ_ONLY_DB_COPY {"label": "001-db-before", "rows": 167}
GUI_JOB {"action": "run", "folder": "002-1-run"}
WAIT_GUI {"seconds_remaining": 1320}
GUI_RESULT {"robot_exit": 0, "case_code": "FM5V-5H88-XE9Q-57Z7", "ok": true, "robot_started": true, "status": "robot-completed", "clicks": 1}
READ_ONLY_DB_COPY {"label": "001-db-after-0", "rows": 168}
AUTHORITATIVE_RESULT {"id": 168, "team_no": "202623001141", "problem_no": 4, "practice_run_no": 2224208719373506009, "case_code": "FM5V-5H88-XE9Q-57Z7", "entered": 1, "jammer_count": 10, "cleared_jammer_count": 10, "clear_failure_count": 0, "virtual_time_us": 5685942874, "end_reason": "user_exit", "created_at_ms": 1789243281422}
GUI_JOB {"action": "return", "folder": "003-1-return"}
WAIT_GUI {"seconds_remaining": 60}
GUI_RESULT {"status": "returned-to-practice", "ok": true, "clicks": 2, "robot_started": false}
OFFICIAL_BATCH_PROGRESS 149 160 {'id': 168, 'team_no': '202623001141', 'problem_no': 4, 'practice_run_no': 2224208719373506009, 'case_code': 'FM5V-5H88-XE9Q-57Z7', 'entered': 1, 'jammer_count': 10, 'cleared_jammer_count': 10, 'clear_failure_count': 0, 'virtual_time_us': 5685942874, 'end_reason': 'user_exit', 'created_at_ms': 1789243281422}
OFFICIAL_ABLATION_VARIANT {"problem": 4, "variant": "full__g40", "guest_code": "C:\\BAblation-20260913\\B"}
GUI_JOB {"action": "dry-run", "folder": "001-0-dry-run"}
WAIT_GUI {"seconds_remaining": 60}
GUI_RESULT {"status": "dry-run-ready", "ok": true, "clicks": 0, "robot_started": false}
READ_ONLY_DB_COPY {"label": "001-db-before", "rows": 168}
GUI_JOB {"action": "run", "folder": "002-1-run"}
WAIT_GUI {"seconds_remaining": 1320}
GUI_RESULT {"robot_exit": 0, "case_code": "DMER-79EW-YQYV-JC5M", "ok": true, "robot_started": true, "status": "robot-completed", "clicks": 1}
READ_ONLY_DB_COPY {"label": "001-db-after-0", "rows": 169}
AUTHORITATIVE_RESULT {"id": 169, "team_no": "202623001141", "problem_no": 4, "practice_run_no": 8807911737711788009, "case_code": "DMER-79EW-YQYV-JC5M", "entered": 1, "jammer_count": 13, "cleared_jammer_count": 13, "clear_failure_count": 0, "virtual_time_us": 6040525648, "end_reason": "user_exit", "created_at_ms": 1789243340029}
GUI_JOB {"action": "return", "folder": "003-1-return"}
WAIT_GUI {"seconds_remaining": 60}
GUI_RESULT {"status": "returned-to-practice", "ok": true, "clicks": 2, "robot_started": false}
OFFICIAL_BATCH_PROGRESS 150 160 {'id': 169, 'team_no': '202623001141', 'problem_no': 4, 'practice_run_no': 8807911737711788009, 'case_code': 'DMER-79EW-YQYV-JC5M', 'entered': 1, 'jammer_count': 13, 'cleared_jammer_count': 13, 'clear_failure_count': 0, 'virtual_time_us': 6040525648, 'end_reason': 'user_exit', 'created_at_ms': 1789243340029}
OFFICIAL_ABLATION_VARIANT {"problem": 3, "variant": "online_nearest__g50", "guest_code": "C:\\BAblation-20260913\\B"}
GUI_JOB {"action": "dry-run", "folder": "001-0-dry-run"}
WAIT_GUI {"seconds_remaining": 60}
GUI_RESULT {"status": "dry-run-ready", "ok": true, "clicks": 0, "robot_started": false}
READ_ONLY_DB_COPY {"label": "001-db-before", "rows": 169}
GUI_JOB {"action": "run", "folder": "002-1-run"}
WAIT_GUI {"seconds_remaining": 1320}
GUI_RESULT {"robot_exit": 0, "case_code": "RP3H-ZTGD-K8VU-2YBS", "ok": true, "robot_started": true, "status": "robot-completed", "clicks": 1}
READ_ONLY_DB_COPY {"label": "001-db-after-0", "rows": 170}
AUTHORITATIVE_RESULT {"id": 170, "team_no": "202623001141", "problem_no": 3, "practice_run_no": 7719181314043202114, "case_code": "RP3H-ZTGD-K8VU-2YBS", "entered": 1, "jammer_count": 14, "cleared_jammer_count": 14, "clear_failure_count": 0, "virtual_time_us": 3050641104, "end_reason": "user_exit", "created_at_ms": 1789243396439}
GUI_JOB {"action": "return", "folder": "003-1-return"}
WAIT_GUI {"seconds_remaining": 60}
GUI_RESULT {"status": "returned-to-practice", "ok": true, "clicks": 2, "robot_started": false}
OFFICIAL_BATCH_PROGRESS 151 160 {'id': 170, 'team_no': '202623001141', 'problem_no': 3, 'practice_run_no': 7719181314043202114, 'case_code': 'RP3H-ZTGD-K8VU-2YBS', 'entered': 1, 'jammer_count': 14, 'cleared_jammer_count': 14, 'clear_failure_count': 0, 'virtual_time_us': 3050641104, 'end_reason': 'user_exit', 'created_at_ms': 1789243396439}
OFFICIAL_ABLATION_VARIANT {"problem": 3, "variant": "no_share__g50", "guest_code": "C:\\BAblation-20260913\\B"}
GUI_JOB {"action": "dry-run", "folder": "001-0-dry-run"}
WAIT_GUI {"seconds_remaining": 60}
GUI_RESULT {"status": "dry-run-ready", "ok": true, "clicks": 0, "robot_started": false}
READ_ONLY_DB_COPY {"label": "001-db-before", "rows": 170}
GUI_JOB {"action": "run", "folder": "002-1-run"}
WAIT_GUI {"seconds_remaining": 1320}
GUI_RESULT {"robot_exit": 0, "case_code": "YE7J-BMED-GG8F-VVSA", "ok": true, "robot_started": true, "status": "robot-completed", "clicks": 1}
READ_ONLY_DB_COPY {"label": "001-db-after-0", "rows": 171}
AUTHORITATIVE_RESULT {"id": 171, "team_no": "202623001141", "problem_no": 3, "practice_run_no": 1618929858254335114, "case_code": "YE7J-BMED-GG8F-VVSA", "entered": 1, "jammer_count": 12, "cleared_jammer_count": 12, "clear_failure_count": 0, "virtual_time_us": 3162136390, "end_reason": "user_exit", "created_at_ms": 1789243441361}
GUI_JOB {"action": "return", "folder": "003-1-return"}
WAIT_GUI {"seconds_remaining": 60}
GUI_RESULT {"status": "returned-to-practice", "ok": true, "clicks": 2, "robot_started": false}
OFFICIAL_BATCH_PROGRESS 152 160 {'id': 171, 'team_no': '202623001141', 'problem_no': 3, 'practice_run_no': 1618929858254335114, 'case_code': 'YE7J-BMED-GG8F-VVSA', 'entered': 1, 'jammer_count': 12, 'cleared_jammer_count': 12, 'clear_failure_count': 0, 'virtual_time_us': 3162136390, 'end_reason': 'user_exit', 'created_at_ms': 1789243441361}
OFFICIAL_ABLATION_VARIANT {"problem": 3, "variant": "nearest_sensing__g50", "guest_code": "C:\\BAblation-20260913\\B"}
GUI_JOB {"action": "dry-run", "folder": "001-0-dry-run"}
WAIT_GUI {"seconds_remaining": 60}
GUI_RESULT {"status": "dry-run-ready", "ok": true, "clicks": 0, "robot_started": false}
READ_ONLY_DB_COPY {"label": "001-db-before", "rows": 171}
GUI_JOB {"action": "run", "folder": "002-1-run"}
WAIT_GUI {"seconds_remaining": 1320}
GUI_RESULT {"robot_exit": 0, "case_code": "QTFJ-CS33-6Q9U-DYJP", "ok": true, "robot_started": true, "status": "robot-completed", "clicks": 1}
READ_ONLY_DB_COPY {"label": "001-db-after-0", "rows": 172}
AUTHORITATIVE_RESULT {"id": 172, "team_no": "202623001141", "problem_no": 3, "practice_run_no": 4537992518602844930, "case_code": "QTFJ-CS33-6Q9U-DYJP", "entered": 1, "jammer_count": 11, "cleared_jammer_count": 11, "clear_failure_count": 34, "virtual_time_us": 3623382884, "end_reason": "user_exit", "created_at_ms": 1789243485062}
GUI_JOB {"action": "return", "folder": "003-1-return"}
WAIT_GUI {"seconds_remaining": 60}
GUI_RESULT {"status": "returned-to-practice", "ok": true, "clicks": 2, "robot_started": false}
OFFICIAL_BATCH_PROGRESS 153 160 {'id': 172, 'team_no': '202623001141', 'problem_no': 3, 'practice_run_no': 4537992518602844930, 'case_code': 'QTFJ-CS33-6Q9U-DYJP', 'entered': 1, 'jammer_count': 11, 'cleared_jammer_count': 11, 'clear_failure_count': 34, 'virtual_time_us': 3623382884, 'end_reason': 'user_exit', 'created_at_ms': 1789243485062}
OFFICIAL_ABLATION_VARIANT {"problem": 3, "variant": "scan_then_service__g50", "guest_code": "C:\\BAblation-20260913\\B"}
GUI_JOB {"action": "dry-run", "folder": "001-0-dry-run"}
WAIT_GUI {"seconds_remaining": 60}
GUI_RESULT {"status": "dry-run-ready", "ok": true, "clicks": 0, "robot_started": false}
READ_ONLY_DB_COPY {"label": "001-db-before", "rows": 172}
GUI_JOB {"action": "run", "folder": "002-1-run"}
WAIT_GUI {"seconds_remaining": 1320}
GUI_RESULT {"robot_exit": 0, "case_code": "BB8A-EFTE-8U3W-FGPJ", "ok": true, "robot_started": true, "status": "robot-completed", "clicks": 1}
READ_ONLY_DB_COPY {"label": "001-db-after-0", "rows": 173}
AUTHORITATIVE_RESULT {"id": 173, "team_no": "202623001141", "problem_no": 3, "practice_run_no": 2346682046518180603, "case_code": "BB8A-EFTE-8U3W-FGPJ", "entered": 1, "jammer_count": 13, "cleared_jammer_count": 13, "clear_failure_count": 0, "virtual_time_us": 3737920593, "end_reason": "user_exit", "created_at_ms": 1789243533396}
GUI_JOB {"action": "return", "folder": "003-1-return"}
WAIT_GUI {"seconds_remaining": 60}
GUI_RESULT {"status": "returned-to-practice", "ok": true, "clicks": 2, "robot_started": false}
OFFICIAL_BATCH_PROGRESS 154 160 {'id': 173, 'team_no': '202623001141', 'problem_no': 3, 'practice_run_no': 2346682046518180603, 'case_code': 'BB8A-EFTE-8U3W-FGPJ', 'entered': 1, 'jammer_count': 13, 'cleared_jammer_count': 13, 'clear_failure_count': 0, 'virtual_time_us': 3737920593, 'end_reason': 'user_exit', 'created_at_ms': 1789243533396}
OFFICIAL_ABLATION_VARIANT {"problem": 3, "variant": "full__g20", "guest_code": "C:\\BAblation-20260913\\B"}
GUI_JOB {"action": "dry-run", "folder": "001-0-dry-run"}
WAIT_GUI {"seconds_remaining": 60}
GUI_RESULT {"status": "dry-run-ready", "ok": true, "clicks": 0, "robot_started": false}
READ_ONLY_DB_COPY {"label": "001-db-before", "rows": 173}
GUI_JOB {"action": "run", "folder": "002-1-run"}
WAIT_GUI {"seconds_remaining": 1320}
GUI_RESULT {"robot_exit": 0, "case_code": "V7E7-7XET-Y4PS-PBNU", "ok": true, "robot_started": true, "status": "robot-completed", "clicks": 1}
READ_ONLY_DB_COPY {"label": "001-db-after-0", "rows": 174}
AUTHORITATIVE_RESULT {"id": 174, "team_no": "202623001141", "problem_no": 3, "practice_run_no": 1456556382611409521, "case_code": "V7E7-7XET-Y4PS-PBNU", "entered": 1, "jammer_count": 10, "cleared_jammer_count": 10, "clear_failure_count": 0, "virtual_time_us": 2898097308, "end_reason": "user_exit", "created_at_ms": 1789243578781}
GUI_JOB {"action": "return", "folder": "003-1-return"}
WAIT_GUI {"seconds_remaining": 60}
GUI_RESULT {"status": "returned-to-practice", "ok": true, "clicks": 2, "robot_started": false}
OFFICIAL_BATCH_PROGRESS 155 160 {'id': 174, 'team_no': '202623001141', 'problem_no': 3, 'practice_run_no': 1456556382611409521, 'case_code': 'V7E7-7XET-Y4PS-PBNU', 'entered': 1, 'jammer_count': 10, 'cleared_jammer_count': 10, 'clear_failure_count': 0, 'virtual_time_us': 2898097308, 'end_reason': 'user_exit', 'created_at_ms': 1789243578781}
OFFICIAL_ABLATION_VARIANT {"problem": 4, "variant": "scan_then_service__g35", "guest_code": "C:\\BAblation-20260913\\B"}
GUI_JOB {"action": "dry-run", "folder": "001-0-dry-run"}
WAIT_GUI {"seconds_remaining": 60}
GUI_RESULT {"status": "dry-run-ready", "ok": true, "clicks": 0, "robot_started": false}
READ_ONLY_DB_COPY {"label": "001-db-before", "rows": 174}
GUI_JOB {"action": "run", "folder": "002-1-run"}
WAIT_GUI {"seconds_remaining": 1320}
GUI_RESULT {"robot_exit": 0, "case_code": "K9X2-KPS2-AAYN-CS74", "ok": true, "robot_started": true, "status": "robot-completed", "clicks": 1}
READ_ONLY_DB_COPY {"label": "001-db-after-0", "rows": 175}
AUTHORITATIVE_RESULT {"id": 175, "team_no": "202623001141", "problem_no": 4, "practice_run_no": 5090077533515829549, "case_code": "K9X2-KPS2-AAYN-CS74", "entered": 1, "jammer_count": 16, "cleared_jammer_count": 16, "clear_failure_count": 0, "virtual_time_us": 6235509831, "end_reason": "user_exit", "created_at_ms": 1789243625874}
GUI_JOB {"action": "return", "folder": "003-1-return"}
WAIT_GUI {"seconds_remaining": 60}
GUI_RESULT {"status": "returned-to-practice", "ok": true, "clicks": 2, "robot_started": false}
OFFICIAL_BATCH_PROGRESS 156 160 {'id': 175, 'team_no': '202623001141', 'problem_no': 4, 'practice_run_no': 5090077533515829549, 'case_code': 'K9X2-KPS2-AAYN-CS74', 'entered': 1, 'jammer_count': 16, 'cleared_jammer_count': 16, 'clear_failure_count': 0, 'virtual_time_us': 6235509831, 'end_reason': 'user_exit', 'created_at_ms': 1789243625874}
OFFICIAL_ABLATION_VARIANT {"problem": 4, "variant": "full__g80", "guest_code": "C:\\BAblation-20260913\\B"}
GUI_JOB {"action": "dry-run", "folder": "001-0-dry-run"}
WAIT_GUI {"seconds_remaining": 60}
GUI_RESULT {"status": "dry-run-ready", "ok": true, "clicks": 0, "robot_started": false}
READ_ONLY_DB_COPY {"label": "001-db-before", "rows": 175}
GUI_JOB {"action": "run", "folder": "002-1-run"}
WAIT_GUI {"seconds_remaining": 1320}
GUI_RESULT {"robot_exit": 0, "case_code": "TDKT-J56G-7UWQ-D26Q", "ok": true, "robot_started": true, "status": "robot-completed", "clicks": 1}
READ_ONLY_DB_COPY {"label": "001-db-after-0", "rows": 176}
AUTHORITATIVE_RESULT {"id": 176, "team_no": "202623001141", "problem_no": 4, "practice_run_no": 7461422335976160395, "case_code": "TDKT-J56G-7UWQ-D26Q", "entered": 1, "jammer_count": 15, "cleared_jammer_count": 15, "clear_failure_count": 0, "virtual_time_us": 5800843019, "end_reason": "user_exit", "created_at_ms": 1789243680335}
GUI_JOB {"action": "return", "folder": "003-1-return"}
WAIT_GUI {"seconds_remaining": 60}
GUI_RESULT {"status": "returned-to-practice", "ok": true, "clicks": 2, "robot_started": false}
OFFICIAL_BATCH_PROGRESS 157 160 {'id': 176, 'team_no': '202623001141', 'problem_no': 4, 'practice_run_no': 7461422335976160395, 'case_code': 'TDKT-J56G-7UWQ-D26Q', 'entered': 1, 'jammer_count': 15, 'cleared_jammer_count': 15, 'clear_failure_count': 0, 'virtual_time_us': 5800843019, 'end_reason': 'user_exit', 'created_at_ms': 1789243680335}
OFFICIAL_ABLATION_VARIANT {"problem": 3, "variant": "no_negative__g50", "guest_code": "C:\\BAblation-20260913\\B"}
GUI_JOB {"action": "dry-run", "folder": "001-0-dry-run"}
WAIT_GUI {"seconds_remaining": 60}
GUI_RESULT {"status": "dry-run-ready", "ok": true, "clicks": 0, "robot_started": false}
READ_ONLY_DB_COPY {"label": "001-db-before", "rows": 176}
GUI_JOB {"action": "run", "folder": "002-1-run"}
WAIT_GUI {"seconds_remaining": 1320}
GUI_RESULT {"robot_exit": 0, "case_code": "B3MU-ACMK-JHYF-QVUG", "ok": true, "robot_started": true, "status": "robot-completed", "clicks": 1}
READ_ONLY_DB_COPY {"label": "001-db-after-0", "rows": 177}
AUTHORITATIVE_RESULT {"id": 177, "team_no": "202623001141", "problem_no": 3, "practice_run_no": 9010930902562766225, "case_code": "B3MU-ACMK-JHYF-QVUG", "entered": 1, "jammer_count": 12, "cleared_jammer_count": 12, "clear_failure_count": 1, "virtual_time_us": 3168323416, "end_reason": "user_exit", "created_at_ms": 1789243736047}
GUI_JOB {"action": "return", "folder": "003-1-return"}
WAIT_GUI {"seconds_remaining": 60}
GUI_RESULT {"status": "returned-to-practice", "ok": true, "clicks": 2, "robot_started": false}
OFFICIAL_BATCH_PROGRESS 158 160 {'id': 177, 'team_no': '202623001141', 'problem_no': 3, 'practice_run_no': 9010930902562766225, 'case_code': 'B3MU-ACMK-JHYF-QVUG', 'entered': 1, 'jammer_count': 12, 'cleared_jammer_count': 12, 'clear_failure_count': 1, 'virtual_time_us': 3168323416, 'end_reason': 'user_exit', 'created_at_ms': 1789243736047}
OFFICIAL_ABLATION_VARIANT {"problem": 4, "variant": "online_nearest__g35", "guest_code": "C:\\BAblation-20260913\\B"}
GUI_JOB {"action": "dry-run", "folder": "001-0-dry-run"}
WAIT_GUI {"seconds_remaining": 60}
GUI_RESULT {"status": "dry-run-ready", "ok": true, "clicks": 0, "robot_started": false}
READ_ONLY_DB_COPY {"label": "001-db-before", "rows": 177}
GUI_JOB {"action": "run", "folder": "002-1-run"}
WAIT_GUI {"seconds_remaining": 1320}
GUI_RESULT {"robot_exit": 0, "case_code": "DMB2-BBDY-CHNR-5XSM", "ok": true, "robot_started": true, "status": "robot-completed", "clicks": 1}
READ_ONLY_DB_COPY {"label": "001-db-after-0", "rows": 178}
AUTHORITATIVE_RESULT {"id": 178, "team_no": "202623001141", "problem_no": 4, "practice_run_no": 9047884854940805192, "case_code": "DMB2-BBDY-CHNR-5XSM", "entered": 1, "jammer_count": 16, "cleared_jammer_count": 16, "clear_failure_count": 0, "virtual_time_us": 5488845375, "end_reason": "user_exit", "created_at_ms": 1789243783182}
GUI_JOB {"action": "return", "folder": "003-1-return"}
WAIT_GUI {"seconds_remaining": 60}
GUI_RESULT {"status": "returned-to-practice", "ok": true, "clicks": 2, "robot_started": false}
OFFICIAL_BATCH_PROGRESS 159 160 {'id': 178, 'team_no': '202623001141', 'problem_no': 4, 'practice_run_no': 9047884854940805192, 'case_code': 'DMB2-BBDY-CHNR-5XSM', 'entered': 1, 'jammer_count': 16, 'cleared_jammer_count': 16, 'clear_failure_count': 0, 'virtual_time_us': 5488845375, 'end_reason': 'user_exit', 'created_at_ms': 1789243783182}
OFFICIAL_ABLATION_VARIANT {"problem": 4, "variant": "full__g20", "guest_code": "C:\\BAblation-20260913\\B"}
GUI_JOB {"action": "dry-run", "folder": "001-0-dry-run"}
WAIT_GUI {"seconds_remaining": 60}
GUI_RESULT {"status": "dry-run-ready", "ok": true, "clicks": 0, "robot_started": false}
READ_ONLY_DB_COPY {"label": "001-db-before", "rows": 178}
GUI_JOB {"action": "run", "folder": "002-1-run"}
WAIT_GUI {"seconds_remaining": 1320}
GUI_RESULT {"robot_exit": 0, "case_code": "4DRS-BP5X-YFR4-XUQH", "ok": true, "robot_started": true, "status": "robot-completed", "clicks": 1}
READ_ONLY_DB_COPY {"label": "001-db-after-0", "rows": 179}
AUTHORITATIVE_RESULT {"id": 179, "team_no": "202623001141", "problem_no": 4, "practice_run_no": 2857463851368791238, "case_code": "4DRS-BP5X-YFR4-XUQH", "entered": 1, "jammer_count": 10, "cleared_jammer_count": 10, "clear_failure_count": 0, "virtual_time_us": 5818909441, "end_reason": "user_exit", "created_at_ms": 1789243838082}
GUI_JOB {"action": "return", "folder": "003-1-return"}
WAIT_GUI {"seconds_remaining": 60}
GUI_RESULT {"status": "returned-to-practice", "ok": true, "clicks": 2, "robot_started": false}
OFFICIAL_BATCH_PROGRESS 160 160 {'id': 179, 'team_no': '202623001141', 'problem_no': 4, 'practice_run_no': 2857463851368791238, 'case_code': '4DRS-BP5X-YFR4-XUQH', 'entered': 1, 'jammer_count': 10, 'cleared_jammer_count': 10, 'clear_failure_count': 0, 'virtual_time_us': 5818909441, 'end_reason': 'user_exit', 'created_at_ms': 1789243838082}
