WAITING_FOR_ABLATION 111
WAITING_FOR_ABLATION 111
WAITING_FOR_ABLATION 112
WAITING_FOR_ABLATION 112
WAITING_FOR_ABLATION 113
WAITING_FOR_ABLATION 114
WAITING_FOR_ABLATION 114
WAITING_FOR_ABLATION 115
WAITING_FOR_ABLATION 116
WAITING_FOR_ABLATION 116
WAITING_FOR_ABLATION 117
WAITING_FOR_ABLATION 118
WAITING_FOR_ABLATION 118
WAITING_FOR_ABLATION 119
WAITING_FOR_ABLATION 120
WAITING_FOR_ABLATION 120
WAITING_FOR_ABLATION 121
WAITING_FOR_ABLATION 122
WAITING_FOR_ABLATION 122
WAITING_FOR_ABLATION 123
WAITING_FOR_ABLATION 123
WAITING_FOR_ABLATION 124
WAITING_FOR_ABLATION 124
WAITING_FOR_ABLATION 125
WAITING_FOR_ABLATION 126
WAITING_FOR_ABLATION 126
WAITING_FOR_ABLATION 127
WAITING_FOR_ABLATION 128
WAITING_FOR_ABLATION 128
WAITING_FOR_ABLATION 129
WAITING_FOR_ABLATION 129
WAITING_FOR_ABLATION 130
WAITING_FOR_ABLATION 130
WAITING_FOR_ABLATION 131
WAITING_FOR_ABLATION 131
WAITING_FOR_ABLATION 132
WAITING_FOR_ABLATION 133
WAITING_FOR_ABLATION 133
WAITING_FOR_ABLATION 134
WAITING_FOR_ABLATION 135
WAITING_FOR_ABLATION 135
WAITING_FOR_ABLATION 136
WAITING_FOR_ABLATION 136
WAITING_FOR_ABLATION 137
WAITING_FOR_ABLATION 138
WAITING_FOR_ABLATION 138
WAITING_FOR_ABLATION 139
WAITING_FOR_ABLATION 139
WAITING_FOR_ABLATION 140
WAITING_FOR_ABLATION 140
WAITING_FOR_ABLATION 141
WAITING_FOR_ABLATION 142
WAITING_FOR_ABLATION 142
WAITING_FOR_ABLATION 143
WAITING_FOR_ABLATION 144
WAITING_FOR_ABLATION 144
WAITING_FOR_ABLATION 145
WAITING_FOR_ABLATION 145
WAITING_FOR_ABLATION 146
WAITING_FOR_ABLATION 147
WAITING_FOR_ABLATION 147
WAITING_FOR_ABLATION 148
WAITING_FOR_ABLATION 148
WAITING_FOR_ABLATION 149
WAITING_FOR_ABLATION 150
WAITING_FOR_ABLATION 150
WAITING_FOR_ABLATION 151
WAITING_FOR_ABLATION 151
WAITING_FOR_ABLATION 152
WAITING_FOR_ABLATION 152
WAITING_FOR_ABLATION 153
WAITING_FOR_ABLATION 154
WAITING_FOR_ABLATION 154
WAITING_FOR_ABLATION 155
WAITING_FOR_ABLATION 156
WAITING_FOR_ABLATION 156
WAITING_FOR_ABLATION 157
WAITING_FOR_ABLATION 157
WAITING_FOR_ABLATION 158
WAITING_FOR_ABLATION 158
WAITING_FOR_ABLATION 159
WAITING_FOR_ABLATION 160
WAITING_FOR_ABLATION 160
WAITING_FOR_ABLATION 161
WAITING_FOR_ABLATION 161
GUI_JOB {"action": "dry-run", "folder": "001-0-dry-run"}
WAIT_GUI {"seconds_remaining": 60}
GUI_RESULT {"status": "dry-run-ready", "ok": true, "clicks": 0, "robot_started": false}
READ_ONLY_DB_COPY {"label": "001-db-before", "rows": 179}
GUI_JOB {"action": "run", "folder": "002-1-run"}
WAIT_GUI {"seconds_remaining": 1320}
GUI_RESULT {"robot_exit": 0, "case_code": "6MTZ-9VDV-UCDM-4SZY", "ok": true, "robot_started": true, "status": "robot-completed", "clicks": 1}
READ_ONLY_DB_COPY {"label": "001-db-after-0", "rows": 180}
AUTHORITATIVE_RESULT {"id": 180, "team_no": "202623001141", "problem_no": 3, "practice_run_no": 4300454636670029243, "case_code": "6MTZ-9VDV-UCDM-4SZY", "entered": 1, "jammer_count": 13, "cleared_jammer_count": 13, "clear_failure_count": 0, "virtual_time_us": 3294696516, "end_reason": "user_exit", "created_at_ms": 1789243912761}
GUI_JOB {"action": "return", "folder": "003-1-return"}
WAIT_GUI {"seconds_remaining": 60}
GUI_RESULT {"status": "returned-to-practice", "ok": true, "clicks": 2, "robot_started": false}
SENSITIVITY_PROGRESS 1 742 calibration 3 baseline 6MTZ-9VDV-UCDM-4SZY 13 13
GUI_JOB {"action": "dry-run", "folder": "001-0-dry-run"}
WAIT_GUI {"seconds_remaining": 60}
GUI_RESULT {"status": "dry-run-ready", "ok": true, "clicks": 0, "robot_started": false}
READ_ONLY_DB_COPY {"label": "001-db-before", "rows": 180}
GUI_JOB {"action": "run", "folder": "002-1-run"}
WAIT_GUI {"seconds_remaining": 1320}
GUI_RESULT {"robot_exit": 0, "case_code": "JKE2-8D32-KCRD-CBSR", "ok": true, "robot_started": true, "status": "robot-completed", "clicks": 1}
READ_ONLY_DB_COPY {"label": "001-db-after-0", "rows": 181}
AUTHORITATIVE_RESULT {"id": 181, "team_no": "202623001141", "problem_no": 4, "practice_run_no": 1018897703817490715, "case_code": "JKE2-8D32-KCRD-CBSR", "entered": 1, "jammer_count": 11, "cleared_jammer_count": 11, "clear_failure_count": 0, "virtual_time_us": 5981088989, "end_reason": "user_exit", "created_at_ms": 1789243960156}
GUI_JOB {"action": "return", "folder": "003-1-return"}
WAIT_GUI {"seconds_remaining": 60}
GUI_RESULT {"status": "returned-to-practice", "ok": true, "clicks": 2, "robot_started": false}
SENSITIVITY_PROGRESS 2 742 calibration 4 baseline JKE2-8D32-KCRD-CBSR 11 11
GUI_JOB {"action": "dry-run", "folder": "001-0-dry-run"}
WAIT_GUI {"seconds_remaining": 60}
GUI_RESULT {"status": "dry-run-ready", "ok": true, "clicks": 0, "robot_started": false}
READ_ONLY_DB_COPY {"label": "001-db-before", "rows": 181}
GUI_JOB {"action": "run", "folder": "002-1-run"}
WAIT_GUI {"seconds_remaining": 1320}
GUI_RESULT {"robot_exit": 0, "case_code": "N8HE-GKDJ-8QA6-8QXN", "ok": true, "robot_started": true, "status": "robot-completed", "clicks": 1}
READ_ONLY_DB_COPY {"label": "001-db-after-0", "rows": 182}
AUTHORITATIVE_RESULT {"id": 182, "team_no": "202623001141", "problem_no": 4, "practice_run_no": 620068758469690960, "case_code": "N8HE-GKDJ-8QA6-8QXN", "entered": 1, "jammer_count": 12, "cleared_jammer_count": 12, "clear_failure_count": 0, "virtual_time_us": 6507186350, "end_reason": "user_exit", "created_at_ms": 1789244018990}
GUI_JOB {"action": "return", "folder": "003-1-return"}
WAIT_GUI {"seconds_remaining": 60}
GUI_RESULT {"status": "returned-to-practice", "ok": true, "clicks": 2, "robot_started": false}
SENSITIVITY_PROGRESS 3 742 screen 4 transverse_m=100 N8HE-GKDJ-8QA6-8QXN 12 12
GUI_JOB {"action": "dry-run", "folder": "001-0-dry-run"}
WAIT_GUI {"seconds_remaining": 60}
GUI_RESULT {"status": "dry-run-ready", "ok": true, "clicks": 0, "robot_started": false}
READ_ONLY_DB_COPY {"label": "001-db-before", "rows": 182}
GUI_JOB {"action": "run", "folder": "002-1-run"}
WAIT_GUI {"seconds_remaining": 1320}
GUI_RESULT {"robot_exit": 0, "case_code": "ZNXA-MH62-SHRD-7NK6", "ok": true, "robot_started": true, "status": "robot-completed", "clicks": 1}
READ_ONLY_DB_COPY {"label": "001-db-after-0", "rows": 183}
AUTHORITATIVE_RESULT {"id": 183, "team_no": "202623001141", "problem_no": 3, "practice_run_no": 347467588520520390, "case_code": "ZNXA-MH62-SHRD-7NK6", "entered": 1, "jammer_count": 13, "cleared_jammer_count": 13, "clear_failure_count": 0, "virtual_time_us": 3089642159, "end_reason": "user_exit", "created_at_ms": 1789244076347}
GUI_JOB {"action": "return", "folder": "003-1-return"}
WAIT_GUI {"seconds_remaining": 60}
GUI_RESULT {"status": "returned-to-practice", "ok": true, "clicks": 2, "robot_started": false}
SENSITIVITY_PROGRESS 4 742 screen 3 baseline ZNXA-MH62-SHRD-7NK6 13 13
GUI_JOB {"action": "dry-run", "folder": "001-0-dry-run"}
WAIT_GUI {"seconds_remaining": 60}
GUI_RESULT {"status": "dry-run-ready", "ok": true, "clicks": 0, "robot_started": false}
READ_ONLY_DB_COPY {"label": "001-db-before", "rows": 183}
GUI_JOB {"action": "run", "folder": "002-1-run"}
WAIT_GUI {"seconds_remaining": 1320}
GUI_RESULT {"robot_exit": 0, "case_code": "FJ9E-7XCB-3572-4P6C", "ok": true, "robot_started": true, "status": "robot-completed", "clicks": 1}
READ_ONLY_DB_COPY {"label": "001-db-after-0", "rows": 184}
AUTHORITATIVE_RESULT {"id": 184, "team_no": "202623001141", "problem_no": 4, "practice_run_no": 8228037227586238457, "case_code": "FJ9E-7XCB-3572-4P6C", "entered": 1, "jammer_count": 13, "cleared_jammer_count": 13, "clear_failure_count": 0, "virtual_time_us": 5937147127, "end_reason": "user_exit", "created_at_ms": 1789244125748}
GUI_JOB {"action": "return", "folder": "003-1-return"}
WAIT_GUI {"seconds_remaining": 60}
GUI_RESULT {"status": "returned-to-practice", "ok": true, "clicks": 2, "robot_started": false}
SENSITIVITY_PROGRESS 5 742 screen 4 pause_limit=8 FJ9E-7XCB-3572-4P6C 13 13
GUI_JOB {"action": "dry-run", "folder": "001-0-dry-run"}
WAIT_GUI {"seconds_remaining": 60}
GUI_RESULT {"status": "dry-run-ready", "ok": true, "clicks": 0, "robot_started": false}
READ_ONLY_DB_COPY {"label": "001-db-before", "rows": 184}
GUI_JOB {"action": "run", "folder": "002-1-run"}
WAIT_GUI {"seconds_remaining": 1320}
GUI_RESULT {"robot_exit": 0, "case_code": "5M7U-7MG5-24KV-VK9X", "ok": true, "robot_started": true, "status": "robot-completed", "clicks": 1}
READ_ONLY_DB_COPY {"label": "001-db-after-0", "rows": 185}
AUTHORITATIVE_RESULT {"id": 185, "team_no": "202623001141", "problem_no": 3, "practice_run_no": 4403514450941013086, "case_code": "5M7U-7MG5-24KV-VK9X", "entered": 1, "jammer_count": 16, "cleared_jammer_count": 16, "clear_failure_count": 0, "virtual_time_us": 3117270716, "end_reason": "user_exit", "created_at_ms": 1789244183098}
GUI_JOB {"action": "return", "folder": "003-1-return"}
WAIT_GUI {"seconds_remaining": 60}
GUI_RESULT {"status": "returned-to-practice", "ok": true, "clicks": 2, "robot_started": false}
SENSITIVITY_PROGRESS 6 742 screen 3 share_limit=0 5M7U-7MG5-24KV-VK9X 16 16
GUI_JOB {"action": "dry-run", "folder": "001-0-dry-run"}
WAIT_GUI {"seconds_remaining": 60}
GUI_RESULT {"status": "dry-run-ready", "ok": true, "clicks": 0, "robot_started": false}
READ_ONLY_DB_COPY {"label": "001-db-before", "rows": 185}
GUI_JOB {"action": "run", "folder": "002-1-run"}
WAIT_GUI {"seconds_remaining": 1320}
GUI_RESULT {"robot_exit": 0, "case_code": "SE33-4YNZ-QW4Z-NSJY", "ok": true, "robot_started": true, "status": "robot-completed", "clicks": 1}
READ_ONLY_DB_COPY {"label": "001-db-after-0", "rows": 186}
AUTHORITATIVE_RESULT {"id": 186, "team_no": "202623001141", "problem_no": 4, "practice_run_no": 7879759204498823333, "case_code": "SE33-4YNZ-QW4Z-NSJY", "entered": 1, "jammer_count": 13, "cleared_jammer_count": 13, "clear_failure_count": 0, "virtual_time_us": 6671077892, "end_reason": "user_exit", "created_at_ms": 1789244228975}
GUI_JOB {"action": "return", "folder": "003-1-return"}
WAIT_GUI {"seconds_remaining": 60}
GUI_RESULT {"status": "returned-to-practice", "ok": true, "clicks": 2, "robot_started": false}
SENSITIVITY_PROGRESS 7 742 screen 4 pause_limit=0 SE33-4YNZ-QW4Z-NSJY 13 13
GUI_JOB {"action": "dry-run", "folder": "001-0-dry-run"}
WAIT_GUI {"seconds_remaining": 60}
GUI_RESULT {"status": "dry-run-ready", "ok": true, "clicks": 0, "robot_started": false}
READ_ONLY_DB_COPY {"label": "001-db-before", "rows": 186}
GUI_JOB {"action": "run", "folder": "002-1-run"}
WAIT_GUI {"seconds_remaining": 1320}
GUI_RESULT {"robot_exit": 0, "case_code": "E5A8-MXEX-EU44-WV4G", "ok": true, "robot_started": true, "status": "robot-completed", "clicks": 1}
READ_ONLY_DB_COPY {"label": "001-db-after-0", "rows": 187}
AUTHORITATIVE_RESULT {"id": 187, "team_no": "202623001141", "problem_no": 4, "practice_run_no": 5335978245246662047, "case_code": "E5A8-MXEX-EU44-WV4G", "entered": 1, "jammer_count": 10, "cleared_jammer_count": 10, "clear_failure_count": 0, "virtual_time_us": 6166927878, "end_reason": "user_exit", "created_at_ms": 1789244288854}
GUI_JOB {"action": "return", "folder": "003-1-return"}
WAIT_GUI {"seconds_remaining": 60}
GUI_RESULT {"status": "returned-to-practice", "ok": true, "clicks": 2, "robot_started": false}
SENSITIVITY_PROGRESS 8 742 screen 4 share_cooldown=400 E5A8-MXEX-EU44-WV4G 10 10
GUI_JOB {"action": "dry-run", "folder": "001-0-dry-run"}
WAIT_GUI {"seconds_remaining": 60}
GUI_RESULT {"status": "dry-run-ready", "ok": true, "clicks": 0, "robot_started": false}
READ_ONLY_DB_COPY {"label": "001-db-before", "rows": 187}
GUI_JOB {"action": "run", "folder": "002-1-run"}
WAIT_GUI {"seconds_remaining": 1320}
GUI_RESULT {"robot_exit": 0, "case_code": "NX96-FN97-UK8B-GQ8W", "ok": true, "robot_started": true, "status": "robot-completed", "clicks": 1}
READ_ONLY_DB_COPY {"label": "001-db-after-0", "rows": 188}
AUTHORITATIVE_RESULT {"id": 188, "team_no": "202623001141", "problem_no": 4, "practice_run_no": 4351308674863254609, "case_code": "NX96-FN97-UK8B-GQ8W", "entered": 1, "jammer_count": 14, "cleared_jammer_count": 14, "clear_failure_count": 1, "virtual_time_us": 5727745236, "end_reason": "user_exit", "created_at_ms": 1789244348672}
GUI_JOB {"action": "return", "folder": "003-1-return"}
WAIT_GUI {"seconds_remaining": 60}
GUI_RESULT {"status": "returned-to-practice", "ok": true, "clicks": 2, "robot_started": false}
SENSITIVITY_PROGRESS 9 742 screen 4 transverse_m=10 NX96-FN97-UK8B-GQ8W 14 14
GUI_JOB {"action": "dry-run", "folder": "001-0-dry-run"}
WAIT_GUI {"seconds_remaining": 60}
GUI_RESULT {"status": "dry-run-ready", "ok": true, "clicks": 0, "robot_started": false}
READ_ONLY_DB_COPY {"label": "001-db-before", "rows": 188}
GUI_JOB {"action": "run", "folder": "002-1-run"}
WAIT_GUI {"seconds_remaining": 1320}
GUI_RESULT {"robot_exit": 0, "case_code": "Q6CH-JWS3-4RMS-22RR", "ok": true, "robot_started": true, "status": "robot-completed", "clicks": 1}
READ_ONLY_DB_COPY {"label": "001-db-after-0", "rows": 189}
AUTHORITATIVE_RESULT {"id": 189, "team_no": "202623001141", "problem_no": 3, "practice_run_no": 2492791577712449432, "case_code": "Q6CH-JWS3-4RMS-22RR", "entered": 1, "jammer_count": 11, "cleared_jammer_count": 11, "clear_failure_count": 0, "virtual_time_us": 2999094626, "end_reason": "user_exit", "created_at_ms": 1789244399819}
GUI_JOB {"action": "return", "folder": "003-1-return"}
WAIT_GUI {"seconds_remaining": 60}
GUI_RESULT {"status": "returned-to-practice", "ok": true, "clicks": 2, "robot_started": false}
SENSITIVITY_PROGRESS 10 742 screen 3 max_active=4 Q6CH-JWS3-4RMS-22RR 11 11
GUI_JOB {"action": "dry-run", "folder": "001-0-dry-run"}
WAIT_GUI {"seconds_remaining": 60}
GUI_RESULT {"status": "dry-run-ready", "ok": true, "clicks": 0, "robot_started": false}
READ_ONLY_DB_COPY {"label": "001-db-before", "rows": 189}
GUI_JOB {"action": "run", "folder": "002-1-run"}
WAIT_GUI {"seconds_remaining": 1320}
GUI_RESULT {"robot_exit": 0, "case_code": "EV3B-CENY-YQCW-GVCQ", "ok": true, "robot_started": true, "status": "robot-completed", "clicks": 1}
READ_ONLY_DB_COPY {"label": "001-db-after-0", "rows": 190}
AUTHORITATIVE_RESULT {"id": 190, "team_no": "202623001141", "problem_no": 4, "practice_run_no": 3339758414658766380, "case_code": "EV3B-CENY-YQCW-GVCQ", "entered": 1, "jammer_count": 15, "cleared_jammer_count": 15, "clear_failure_count": 0, "virtual_time_us": 5827817332, "end_reason": "user_exit", "created_at_ms": 1789244433113}
GUI_JOB {"action": "return", "folder": "003-1-return"}
WAIT_GUI {"seconds_remaining": 60}
GUI_RESULT {"status": "returned-to-practice", "ok": true, "clicks": 2, "robot_started": false}
SENSITIVITY_PROGRESS 11 742 screen 4 steps=3 EV3B-CENY-YQCW-GVCQ 15 15
GUI_JOB {"action": "dry-run", "folder": "001-0-dry-run"}
WAIT_GUI {"seconds_remaining": 60}
GUI_RESULT {"status": "dry-run-ready", "ok": true, "clicks": 0, "robot_started": false}
READ_ONLY_DB_COPY {"label": "001-db-before", "rows": 190}
GUI_JOB {"action": "run", "folder": "002-1-run"}
WAIT_GUI {"seconds_remaining": 1320}
GUI_RESULT {"robot_exit": 0, "case_code": "GSN6-6MV4-984S-JGM6", "ok": true, "robot_started": true, "status": "robot-completed", "clicks": 1}
READ_ONLY_DB_COPY {"label": "001-db-after-0", "rows": 191}
AUTHORITATIVE_RESULT {"id": 191, "team_no": "202623001141", "problem_no": 4, "practice_run_no": 7192820116109240723, "case_code": "GSN6-6MV4-984S-JGM6", "entered": 1, "jammer_count": 12, "cleared_jammer_count": 12, "clear_failure_count": 11, "virtual_time_us": 5731410844, "end_reason": "user_exit", "created_at_ms": 1789244469698}
GUI_JOB {"action": "return", "folder": "003-1-return"}
WAIT_GUI {"seconds_remaining": 60}
GUI_RESULT {"status": "returned-to-practice", "ok": true, "clicks": 2, "robot_started": false}
SENSITIVITY_PROGRESS 12 742 screen 4 steps=1 GSN6-6MV4-984S-JGM6 12 12
GUI_JOB {"action": "dry-run", "folder": "001-0-dry-run"}
WAIT_GUI {"seconds_remaining": 60}
GUI_RESULT {"status": "dry-run-ready", "ok": true, "clicks": 0, "robot_started": false}
READ_ONLY_DB_COPY {"label": "001-db-before", "rows": 191}
GUI_JOB {"action": "run", "folder": "002-1-run"}
WAIT_GUI {"seconds_remaining": 1320}
GUI_RESULT {"robot_exit": 0, "case_code": "V7N4-ZRWU-RPTF-W7K5", "ok": true, "robot_started": true, "status": "robot-completed", "clicks": 1}
READ_ONLY_DB_COPY {"label": "001-db-after-0", "rows": 192}
AUTHORITATIVE_RESULT {"id": 192, "team_no": "202623001141", "problem_no": 4, "practice_run_no": 3565268433055135651, "case_code": "V7N4-ZRWU-RPTF-W7K5", "entered": 1, "jammer_count": 13, "cleared_jammer_count": 13, "clear_failure_count": 0, "virtual_time_us": 6224017741, "end_reason": "user_exit", "created_at_ms": 1789244507741}
GUI_JOB {"action": "return", "folder": "003-1-return"}
WAIT_GUI {"seconds_remaining": 60}
GUI_RESULT {"status": "returned-to-practice", "ok": true, "clicks": 2, "robot_started": false}
SENSITIVITY_PROGRESS 13 742 screen 4 share_cooldown=800 V7N4-ZRWU-RPTF-W7K5 13 13
GUI_JOB {"action": "dry-run", "folder": "001-0-dry-run"}
WAIT_GUI {"seconds_remaining": 60}
GUI_RESULT {"status": "dry-run-ready", "ok": true, "clicks": 0, "robot_started": false}
READ_ONLY_DB_COPY {"label": "001-db-before", "rows": 192}
GUI_JOB {"action": "run", "folder": "002-1-run"}
WAIT_GUI {"seconds_remaining": 1320}
GUI_RESULT {"robot_exit": 0, "case_code": "FQA3-KG6T-58YN-8JSK", "ok": true, "robot_started": true, "status": "robot-completed", "clicks": 1}
READ_ONLY_DB_COPY {"label": "001-db-after-0", "rows": 193}
AUTHORITATIVE_RESULT {"id": 193, "team_no": "202623001141", "problem_no": 3, "practice_run_no": 8959809989348045029, "case_code": "FQA3-KG6T-58YN-8JSK", "entered": 1, "jammer_count": 11, "cleared_jammer_count": 11, "clear_failure_count": 0, "virtual_time_us": 2857827846, "end_reason": "user_exit", "created_at_ms": 1789244546116}
GUI_JOB {"action": "return", "folder": "003-1-return"}
WAIT_GUI {"seconds_remaining": 60}
GUI_RESULT {"status": "returned-to-practice", "ok": true, "clicks": 2, "robot_started": false}
SENSITIVITY_PROGRESS 14 742 screen 3 localization_weight=0.02 FQA3-KG6T-58YN-8JSK 11 11
GUI_JOB {"action": "dry-run", "folder": "001-0-dry-run"}
WAIT_GUI {"seconds_remaining": 60}
GUI_RESULT {"status": "dry-run-ready", "ok": true, "clicks": 0, "robot_started": false}
READ_ONLY_DB_COPY {"label": "001-db-before", "rows": 193}
GUI_JOB {"action": "run", "folder": "002-1-run"}
WAIT_GUI {"seconds_remaining": 1320}
GUI_RESULT {"robot_exit": 0, "case_code": "ZBVT-QDVG-UUVU-VDUD", "ok": true, "robot_started": true, "status": "robot-completed", "clicks": 1}
READ_ONLY_DB_COPY {"label": "001-db-after-0", "rows": 194}
AUTHORITATIVE_RESULT {"id": 194, "team_no": "202623001141", "problem_no": 4, "practice_run_no": 9204100272960049161, "case_code": "ZBVT-QDVG-UUVU-VDUD", "entered": 1, "jammer_count": 16, "cleared_jammer_count": 16, "clear_failure_count": 0, "virtual_time_us": 4391055100, "end_reason": "user_exit", "created_at_ms": 1789244578582}
GUI_JOB {"action": "return", "folder": "003-1-return"}
WAIT_GUI {"seconds_remaining": 60}
GUI_RESULT {"status": "returned-to-practice", "ok": true, "clicks": 2, "robot_started": false}
SENSITIVITY_PROGRESS 15 742 screen 4 fraction=0.5 ZBVT-QDVG-UUVU-VDUD 16 16
GUI_JOB {"action": "dry-run", "folder": "001-0-dry-run"}
WAIT_GUI {"seconds_remaining": 60}
GUI_RESULT {"status": "dry-run-ready", "ok": true, "clicks": 0, "robot_started": false}
READ_ONLY_DB_COPY {"label": "001-db-before", "rows": 194}
GUI_JOB {"action": "run", "folder": "002-1-run"}
WAIT_GUI {"seconds_remaining": 1320}
GUI_RESULT {"robot_exit": 0, "case_code": "VRHJ-HGWN-6YRF-BPJU", "ok": true, "robot_started": true, "status": "robot-completed", "clicks": 1}
READ_ONLY_DB_COPY {"label": "001-db-after-0", "rows": 195}
AUTHORITATIVE_RESULT {"id": 195, "team_no": "202623001141", "problem_no": 3, "practice_run_no": 7315780355767412771, "case_code": "VRHJ-HGWN-6YRF-BPJU", "entered": 1, "jammer_count": 12, "cleared_jammer_count": 12, "clear_failure_count": 0, "virtual_time_us": 3388576499, "end_reason": "user_exit", "created_at_ms": 1789244613479}
GUI_JOB {"action": "return", "folder": "003-1-return"}
WAIT_GUI {"seconds_remaining": 60}
GUI_RESULT {"status": "returned-to-practice", "ok": true, "clicks": 2, "robot_started": false}
SENSITIVITY_PROGRESS 16 742 screen 3 trial_radius=35 VRHJ-HGWN-6YRF-BPJU 12 12
GUI_JOB {"action": "dry-run", "folder": "001-0-dry-run"}
WAIT_GUI {"seconds_remaining": 60}
GUI_RESULT {"status": "dry-run-ready", "ok": true, "clicks": 0, "robot_started": false}
READ_ONLY_DB_COPY {"label": "001-db-before", "rows": 195}
GUI_JOB {"action": "run", "folder": "002-1-run"}
WAIT_GUI {"seconds_remaining": 1320}
GUI_RESULT {"robot_exit": 0, "case_code": "WHZY-KF46-B2WU-YMG7", "ok": true, "robot_started": true, "status": "robot-completed", "clicks": 1}
READ_ONLY_DB_COPY {"label": "001-db-after-0", "rows": 196}
AUTHORITATIVE_RESULT {"id": 196, "team_no": "202623001141", "problem_no": 4, "practice_run_no": 7505288762891821552, "case_code": "WHZY-KF46-B2WU-YMG7", "entered": 1, "jammer_count": 15, "cleared_jammer_count": 15, "clear_failure_count": 0, "virtual_time_us": 5635274421, "end_reason": "user_exit", "created_at_ms": 1789244646380}
GUI_JOB {"action": "return", "folder": "003-1-return"}
WAIT_GUI {"seconds_remaining": 60}
GUI_RESULT {"status": "returned-to-practice", "ok": true, "clicks": 2, "robot_started": false}
SENSITIVITY_PROGRESS 17 742 screen 4 share_limit=0 WHZY-KF46-B2WU-YMG7 15 15
GUI_JOB {"action": "dry-run", "folder": "001-0-dry-run"}
WAIT_GUI {"seconds_remaining": 60}
GUI_RESULT {"status": "dry-run-ready", "ok": true, "clicks": 0, "robot_started": false}
READ_ONLY_DB_COPY {"label": "001-db-before", "rows": 196}
GUI_JOB {"action": "run", "folder": "002-1-run"}
WAIT_GUI {"seconds_remaining": 1320}
GUI_RESULT {"robot_exit": 0, "case_code": "EH4H-FW27-CVG8-4GEP", "ok": true, "robot_started": true, "status": "robot-completed", "clicks": 1}
READ_ONLY_DB_COPY {"label": "001-db-after-0", "rows": 197}
AUTHORITATIVE_RESULT {"id": 197, "team_no": "202623001141", "problem_no": 3, "practice_run_no": 4133816430231573147, "case_code": "EH4H-FW27-CVG8-4GEP", "entered": 1, "jammer_count": 11, "cleared_jammer_count": 11, "clear_failure_count": 0, "virtual_time_us": 2802352374, "end_reason": "user_exit", "created_at_ms": 1789244684050}
GUI_JOB {"action": "return", "folder": "003-1-return"}
WAIT_GUI {"seconds_remaining": 60}
GUI_RESULT {"status": "returned-to-practice", "ok": true, "clicks": 2, "robot_started": false}
SENSITIVITY_PROGRESS 18 742 screen 3 max_active=2 EH4H-FW27-CVG8-4GEP 11 11
GUI_JOB {"action": "dry-run", "folder": "001-0-dry-run"}
WAIT_GUI {"seconds_remaining": 60}
GUI_RESULT {"status": "dry-run-ready", "ok": true, "clicks": 0, "robot_started": false}
READ_ONLY_DB_COPY {"label": "001-db-before", "rows": 197}
GUI_JOB {"action": "run", "folder": "002-1-run"}
WAIT_GUI {"seconds_remaining": 1320}
GUI_RESULT {"robot_exit": 0, "case_code": "JMGN-EAGR-UTRY-PND6", "ok": true, "robot_started": true, "status": "robot-completed", "clicks": 1}
READ_ONLY_DB_COPY {"label": "001-db-after-0", "rows": 198}
AUTHORITATIVE_RESULT {"id": 198, "team_no": "202623001141", "problem_no": 4, "practice_run_no": 9044613858247928373, "case_code": "JMGN-EAGR-UTRY-PND6", "entered": 1, "jammer_count": 14, "cleared_jammer_count": 14, "clear_failure_count": 1, "virtual_time_us": 6144946851, "end_reason": "user_exit", "created_at_ms": 1789244716943}
GUI_JOB {"action": "return", "folder": "003-1-return"}
WAIT_GUI {"seconds_remaining": 60}
GUI_RESULT {"status": "returned-to-practice", "ok": true, "clicks": 2, "robot_started": false}
SENSITIVITY_PROGRESS 19 742 screen 4 trial_radius=65 JMGN-EAGR-UTRY-PND6 14 14
GUI_JOB {"action": "dry-run", "folder": "001-0-dry-run"}
WAIT_GUI {"seconds_remaining": 60}
GUI_RESULT {"status": "dry-run-ready", "ok": true, "clicks": 0, "robot_started": false}
READ_ONLY_DB_COPY {"label": "001-db-before", "rows": 198}
GUI_JOB {"action": "run", "folder": "002-1-run"}
WAIT_GUI {"seconds_remaining": 1320}
GUI_RESULT {"robot_exit": 0, "case_code": "EVD8-478H-3Y6C-B8K4", "ok": true, "robot_started": true, "status": "robot-completed", "clicks": 1}
READ_ONLY_DB_COPY {"label": "001-db-after-0", "rows": 199}
AUTHORITATIVE_RESULT {"id": 199, "team_no": "202623001141", "problem_no": 4, "practice_run_no": 5325739711380525417, "case_code": "EVD8-478H-3Y6C-B8K4", "entered": 1, "jammer_count": 12, "cleared_jammer_count": 12, "clear_failure_count": 1, "virtual_time_us": 5914361162, "end_reason": "user_exit", "created_at_ms": 1789244754763}
GUI_JOB {"action": "return", "folder": "003-1-return"}
WAIT_GUI {"seconds_remaining": 60}
GUI_RESULT {"status": "returned-to-practice", "ok": true, "clicks": 2, "robot_started": false}
SENSITIVITY_PROGRESS 20 742 screen 4 share_cooldown=50 EVD8-478H-3Y6C-B8K4 12 12
GUI_JOB {"action": "dry-run", "folder": "001-0-dry-run"}
WAIT_GUI {"seconds_remaining": 60}
GUI_RESULT {"status": "dry-run-ready", "ok": true, "clicks": 0, "robot_started": false}
READ_ONLY_DB_COPY {"label": "001-db-before", "rows": 199}
GUI_JOB {"action": "run", "folder": "002-1-run"}
WAIT_GUI {"seconds_remaining": 1320}
GUI_RESULT {"robot_exit": 0, "case_code": "FMFV-SVJD-2TKQ-JH59", "ok": true, "robot_started": true, "status": "robot-completed", "clicks": 1}
READ_ONLY_DB_COPY {"label": "001-db-after-0", "rows": 200}
AUTHORITATIVE_RESULT {"id": 200, "team_no": "202623001141", "problem_no": 4, "practice_run_no": 2937107716780838463, "case_code": "FMFV-SVJD-2TKQ-JH59", "entered": 1, "jammer_count": 14, "cleared_jammer_count": 14, "clear_failure_count": 0, "virtual_time_us": 6528735958, "end_reason": "user_exit", "created_at_ms": 1789244792557}
GUI_JOB {"action": "return", "folder": "003-1-return"}
WAIT_GUI {"seconds_remaining": 60}
GUI_RESULT {"status": "returned-to-practice", "ok": true, "clicks": 2, "robot_started": false}
SENSITIVITY_PROGRESS 21 742 screen 4 share_limit=20 FMFV-SVJD-2TKQ-JH59 14 14
GUI_JOB {"action": "dry-run", "folder": "001-0-dry-run"}
WAIT_GUI {"seconds_remaining": 60}
GUI_RESULT {"status": "dry-run-ready", "ok": true, "clicks": 0, "robot_started": false}
READ_ONLY_DB_COPY {"label": "001-db-before", "rows": 200}
GUI_JOB {"action": "run", "folder": "002-1-run"}
WAIT_GUI {"seconds_remaining": 1320}
GUI_RESULT {"robot_exit": 0, "case_code": "PV7Q-CH3J-32N2-XW4C", "ok": true, "robot_started": true, "status": "robot-completed", "clicks": 1}
READ_ONLY_DB_COPY {"label": "001-db-after-0", "rows": 201}
AUTHORITATIVE_RESULT {"id": 201, "team_no": "202623001141", "problem_no": 4, "practice_run_no": 8584906953493989550, "case_code": "PV7Q-CH3J-32N2-XW4C", "entered": 1, "jammer_count": 16, "cleared_jammer_count": 16, "clear_failure_count": 0, "virtual_time_us": 5246378909, "end_reason": "user_exit", "created_at_ms": 1789244833224}
GUI_JOB {"action": "return", "folder": "003-1-return"}
WAIT_GUI {"seconds_remaining": 60}
GUI_RESULT {"status": "returned-to-practice", "ok": true, "clicks": 2, "robot_started": false}
SENSITIVITY_PROGRESS 22 742 screen 4 fraction=0.3 PV7Q-CH3J-32N2-XW4C 16 16
GUI_JOB {"action": "dry-run", "folder": "001-0-dry-run"}
WAIT_GUI {"seconds_remaining": 60}
GUI_RESULT {"status": "dry-run-ready", "ok": true, "clicks": 0, "robot_started": false}
READ_ONLY_DB_COPY {"label": "001-db-before", "rows": 201}
GUI_JOB {"action": "run", "folder": "002-1-run"}
WAIT_GUI {"seconds_remaining": 1320}
GUI_RESULT {"robot_exit": 0, "case_code": "X648-QXHX-WNBZ-4NEK", "ok": true, "robot_started": true, "status": "robot-completed", "clicks": 1}
READ_ONLY_DB_COPY {"label": "001-db-after-0", "rows": 202}
AUTHORITATIVE_RESULT {"id": 202, "team_no": "202623001141", "problem_no": 3, "practice_run_no": 268100216173278384, "case_code": "X648-QXHX-WNBZ-4NEK", "entered": 1, "jammer_count": 12, "cleared_jammer_count": 12, "clear_failure_count": 0, "virtual_time_us": 3199868260, "end_reason": "user_exit", "created_at_ms": 1789244868966}
GUI_JOB {"action": "return", "folder": "003-1-return"}
WAIT_GUI {"seconds_remaining": 60}
GUI_RESULT {"status": "returned-to-practice", "ok": true, "clicks": 2, "robot_started": false}
SENSITIVITY_PROGRESS 23 742 screen 3 localization_weight=0 X648-QXHX-WNBZ-4NEK 12 12
GUI_JOB {"action": "dry-run", "folder": "001-0-dry-run"}
WAIT_GUI {"seconds_remaining": 60}
GUI_RESULT {"status": "dry-run-ready", "ok": true, "clicks": 0, "robot_started": false}
READ_ONLY_DB_COPY {"label": "001-db-before", "rows": 202}
GUI_JOB {"action": "run", "folder": "002-1-run"}
WAIT_GUI {"seconds_remaining": 1320}
GUI_RESULT {"robot_exit": 0, "case_code": "XM38-H46D-9PZQ-T4QW", "ok": true, "robot_started": true, "status": "robot-completed", "clicks": 1}
READ_ONLY_DB_COPY {"label": "001-db-after-0", "rows": 203}
AUTHORITATIVE_RESULT {"id": 203, "team_no": "202623001141", "problem_no": 3, "practice_run_no": 5779511010651710317, "case_code": "XM38-H46D-9PZQ-T4QW", "entered": 1, "jammer_count": 10, "cleared_jammer_count": 10, "clear_failure_count": 0, "virtual_time_us": 3014730325, "end_reason": "user_exit", "created_at_ms": 1789244901833}
GUI_JOB {"action": "return", "folder": "003-1-return"}
WAIT_GUI {"seconds_remaining": 60}
GUI_RESULT {"status": "returned-to-practice", "ok": true, "clicks": 2, "robot_started": false}
SENSITIVITY_PROGRESS 24 742 screen 3 max_active=5 XM38-H46D-9PZQ-T4QW 10 10
GUI_JOB {"action": "dry-run", "folder": "001-0-dry-run"}
WAIT_GUI {"seconds_remaining": 60}
GUI_RESULT {"status": "dry-run-ready", "ok": true, "clicks": 0, "robot_started": false}
READ_ONLY_DB_COPY {"label": "001-db-before", "rows": 203}
GUI_JOB {"action": "run", "folder": "002-1-run"}
WAIT_GUI {"seconds_remaining": 1320}
GUI_RESULT {"robot_exit": 0, "case_code": "DZ7T-CUBE-EKP3-DGEP", "ok": true, "robot_started": true, "status": "robot-completed", "clicks": 1}
READ_ONLY_DB_COPY {"label": "001-db-after-0", "rows": 204}
AUTHORITATIVE_RESULT {"id": 204, "team_no": "202623001141", "problem_no": 4, "practice_run_no": 2091186628325327005, "case_code": "DZ7T-CUBE-EKP3-DGEP", "entered": 1, "jammer_count": 15, "cleared_jammer_count": 15, "clear_failure_count": 0, "virtual_time_us": 6492937741, "end_reason": "user_exit", "created_at_ms": 1789244934148}
GUI_JOB {"action": "return", "folder": "003-1-return"}
WAIT_GUI {"seconds_remaining": 60}
GUI_RESULT {"status": "returned-to-practice", "ok": true, "clicks": 2, "robot_started": false}
SENSITIVITY_PROGRESS 25 742 screen 4 fraction=0.1 DZ7T-CUBE-EKP3-DGEP 15 15
GUI_JOB {"action": "dry-run", "folder": "001-0-dry-run"}
WAIT_GUI {"seconds_remaining": 60}
GUI_RESULT {"status": "dry-run-ready", "ok": true, "clicks": 0, "robot_started": false}
READ_ONLY_DB_COPY {"label": "001-db-before", "rows": 204}
GUI_JOB {"action": "run", "folder": "002-1-run"}
WAIT_GUI {"seconds_remaining": 1320}
GUI_RESULT {"robot_exit": 0, "case_code": "DXD4-TZ9P-8B9C-2VFY", "ok": true, "robot_started": true, "status": "robot-completed", "clicks": 1}
READ_ONLY_DB_COPY {"label": "001-db-after-0", "rows": 205}
AUTHORITATIVE_RESULT {"id": 205, "team_no": "202623001141", "problem_no": 3, "practice_run_no": 7024853818625187149, "case_code": "DXD4-TZ9P-8B9C-2VFY", "entered": 1, "jammer_count": 11, "cleared_jammer_count": 11, "clear_failure_count": 0, "virtual_time_us": 3025807121, "end_reason": "user_exit", "created_at_ms": 1789244972243}
GUI_JOB {"action": "return", "folder": "003-1-return"}
WAIT_GUI {"seconds_remaining": 60}
GUI_RESULT {"status": "returned-to-practice", "ok": true, "clicks": 2, "robot_started": false}
SENSITIVITY_PROGRESS 26 742 screen 3 share_limit=12 DXD4-TZ9P-8B9C-2VFY 11 11
GUI_JOB {"action": "dry-run", "folder": "001-0-dry-run"}
WAIT_GUI {"seconds_remaining": 60}
GUI_RESULT {"status": "dry-run-ready", "ok": true, "clicks": 0, "robot_started": false}
READ_ONLY_DB_COPY {"label": "001-db-before", "rows": 205}
GUI_JOB {"action": "run", "folder": "002-1-run"}
WAIT_GUI {"seconds_remaining": 1320}
GUI_RESULT {"robot_exit": 0, "case_code": "VK3H-V3KB-D2PA-NSPY", "ok": true, "robot_started": true, "status": "robot-completed", "clicks": 1}
READ_ONLY_DB_COPY {"label": "001-db-after-0", "rows": 206}
AUTHORITATIVE_RESULT {"id": 206, "team_no": "202623001141", "problem_no": 3, "practice_run_no": 3197718427985152341, "case_code": "VK3H-V3KB-D2PA-NSPY", "entered": 1, "jammer_count": 13, "cleared_jammer_count": 13, "clear_failure_count": 0, "virtual_time_us": 3380702572, "end_reason": "user_exit", "created_at_ms": 1789245003295}
GUI_JOB {"action": "return", "folder": "003-1-return"}
WAIT_GUI {"seconds_remaining": 60}
GUI_RESULT {"status": "returned-to-practice", "ok": true, "clicks": 2, "robot_started": false}
SENSITIVITY_PROGRESS 27 742 screen 3 trial_radius=20 VK3H-V3KB-D2PA-NSPY 13 13
GUI_JOB {"action": "dry-run", "folder": "001-0-dry-run"}
WAIT_GUI {"seconds_remaining": 60}
GUI_RESULT {"status": "dry-run-ready", "ok": true, "clicks": 0, "robot_started": false}
READ_ONLY_DB_COPY {"label": "001-db-before", "rows": 206}
GUI_JOB {"action": "run", "folder": "002-1-run"}
WAIT_GUI {"seconds_remaining": 1320}
GUI_RESULT {"robot_exit": 0, "case_code": "67PS-W65E-5BT3-JJQ3", "ok": true, "robot_started": true, "status": "robot-completed", "clicks": 1}
READ_ONLY_DB_COPY {"label": "001-db-after-0", "rows": 207}
AUTHORITATIVE_RESULT {"id": 207, "team_no": "202623001141", "problem_no": 4, "practice_run_no": 1558624282605432569, "case_code": "67PS-W65E-5BT3-JJQ3", "entered": 1, "jammer_count": 11, "cleared_jammer_count": 11, "clear_failure_count": 0, "virtual_time_us": 6013557527, "end_reason": "user_exit", "created_at_ms": 1789245036791}
GUI_JOB {"action": "return", "folder": "003-1-return"}
WAIT_GUI {"seconds_remaining": 60}
GUI_RESULT {"status": "returned-to-practice", "ok": true, "clicks": 2, "robot_started": false}
SENSITIVITY_PROGRESS 28 742 screen 4 fraction=0.05 67PS-W65E-5BT3-JJQ3 11 11
GUI_JOB {"action": "dry-run", "folder": "001-0-dry-run"}
WAIT_GUI {"seconds_remaining": 60}
GUI_RESULT {"status": "dry-run-ready", "ok": true, "clicks": 0, "robot_started": false}
READ_ONLY_DB_COPY {"label": "001-db-before", "rows": 207}
GUI_JOB {"action": "run", "folder": "002-1-run"}
WAIT_GUI {"seconds_remaining": 1320}
GUI_RESULT {"robot_exit": 0, "case_code": "9KH2-EDEC-7A28-JDY8", "ok": true, "robot_started": true, "status": "robot-completed", "clicks": 1}
READ_ONLY_DB_COPY {"label": "001-db-after-0", "rows": 208}
AUTHORITATIVE_RESULT {"id": 208, "team_no": "202623001141", "problem_no": 3, "practice_run_no": 7906724408054245429, "case_code": "9KH2-EDEC-7A28-JDY8", "entered": 1, "jammer_count": 13, "cleared_jammer_count": 13, "clear_failure_count": 0, "virtual_time_us": 2923355179, "end_reason": "user_exit", "created_at_ms": 1789245075541}
GUI_JOB {"action": "return", "folder": "003-1-return"}
WAIT_GUI {"seconds_remaining": 60}
GUI_RESULT {"status": "returned-to-practice", "ok": true, "clicks": 2, "robot_started": false}
SENSITIVITY_PROGRESS 29 742 screen 3 max_active=1 9KH2-EDEC-7A28-JDY8 13 13
GUI_JOB {"action": "dry-run", "folder": "001-0-dry-run"}
WAIT_GUI {"seconds_remaining": 60}
GUI_RESULT {"status": "dry-run-ready", "ok": true, "clicks": 0, "robot_started": false}
READ_ONLY_DB_COPY {"label": "001-db-before", "rows": 208}
GUI_JOB {"action": "run", "folder": "002-1-run"}
WAIT_GUI {"seconds_remaining": 1320}
GUI_RESULT {"robot_exit": 0, "case_code": "EBGB-RNEQ-ABDH-V5PR", "ok": true, "robot_started": true, "status": "robot-completed", "clicks": 1}
READ_ONLY_DB_COPY {"label": "001-db-after-0", "rows": 209}
AUTHORITATIVE_RESULT {"id": 209, "team_no": "202623001141", "problem_no": 3, "practice_run_no": 4629903272191957213, "case_code": "EBGB-RNEQ-ABDH-V5PR", "entered": 1, "jammer_count": 12, "cleared_jammer_count": 12, "clear_failure_count": 0, "virtual_time_us": 2881513113, "end_reason": "user_exit", "created_at_ms": 1789245108031}
GUI_JOB {"action": "return", "folder": "003-1-return"}
WAIT_GUI {"seconds_remaining": 60}
GUI_RESULT {"status": "returned-to-practice", "ok": true, "clicks": 2, "robot_started": false}
SENSITIVITY_PROGRESS 30 742 screen 3 remainder_weight=1 EBGB-RNEQ-ABDH-V5PR 12 12
GUI_JOB {"action": "dry-run", "folder": "001-0-dry-run"}
WAIT_GUI {"seconds_remaining": 60}
GUI_RESULT {"status": "dry-run-ready", "ok": true, "clicks": 0, "robot_started": false}
READ_ONLY_DB_COPY {"label": "001-db-before", "rows": 209}
GUI_JOB {"action": "run", "folder": "002-1-run"}
WAIT_GUI {"seconds_remaining": 1320}
GUI_RESULT {"robot_exit": 0, "case_code": "MPED-E48N-ZD3E-7EYV", "ok": true, "robot_started": true, "status": "robot-completed", "clicks": 1}
READ_ONLY_DB_COPY {"label": "001-db-after-0", "rows": 210}
AUTHORITATIVE_RESULT {"id": 210, "team_no": "202623001141", "problem_no": 4, "practice_run_no": 202058926266711947, "case_code": "MPED-E48N-ZD3E-7EYV", "entered": 1, "jammer_count": 16, "cleared_jammer_count": 16, "clear_failure_count": 0, "virtual_time_us": 5161855029, "end_reason": "user_exit", "created_at_ms": 1789245140865}
GUI_JOB {"action": "return", "folder": "003-1-return"}
WAIT_GUI {"seconds_remaining": 60}
GUI_RESULT {"status": "returned-to-practice", "ok": true, "clicks": 2, "robot_started": false}
SENSITIVITY_PROGRESS 31 742 screen 4 baseline MPED-E48N-ZD3E-7EYV 16 16
GUI_JOB {"action": "dry-run", "folder": "001-0-dry-run"}
WAIT_GUI {"seconds_remaining": 60}
GUI_RESULT {"status": "dry-run-ready", "ok": true, "clicks": 0, "robot_started": false}
READ_ONLY_DB_COPY {"label": "001-db-before", "rows": 210}
GUI_JOB {"action": "run", "folder": "002-1-run"}
WAIT_GUI {"seconds_remaining": 1320}
GUI_RESULT {"robot_exit": 0, "case_code": "A46K-UCT9-33PQ-43NH", "ok": true, "robot_started": true, "status": "robot-completed", "clicks": 1}
READ_ONLY_DB_COPY {"label": "001-db-after-0", "rows": 211}
AUTHORITATIVE_RESULT {"id": 211, "team_no": "202623001141", "problem_no": 3, "practice_run_no": 1959363161237084075, "case_code": "A46K-UCT9-33PQ-43NH", "entered": 1, "jammer_count": 11, "cleared_jammer_count": 11, "clear_failure_count": 0, "virtual_time_us": 2966312890, "end_reason": "user_exit", "created_at_ms": 1789245177416}
GUI_JOB {"action": "return", "folder": "003-1-return"}
WAIT_GUI {"seconds_remaining": 60}
GUI_RESULT {"status": "returned-to-practice", "ok": true, "clicks": 2, "robot_started": false}
SENSITIVITY_PROGRESS 32 742 screen 3 remainder_weight=0.5 A46K-UCT9-33PQ-43NH 11 11
GUI_JOB {"action": "dry-run", "folder": "001-0-dry-run"}
WAIT_GUI {"seconds_remaining": 60}
GUI_RESULT {"status": "dry-run-ready", "ok": true, "clicks": 0, "robot_started": false}
READ_ONLY_DB_COPY {"label": "001-db-before", "rows": 211}
GUI_JOB {"action": "run", "folder": "002-1-run"}
WAIT_GUI {"seconds_remaining": 1320}
GUI_RESULT {"robot_exit": 0, "case_code": "RJSR-4RBQ-YXRB-DQ37", "ok": true, "robot_started": true, "status": "robot-completed", "clicks": 1}
READ_ONLY_DB_COPY {"label": "001-db-after-0", "rows": 212}
AUTHORITATIVE_RESULT {"id": 212, "team_no": "202623001141", "problem_no": 4, "practice_run_no": 400368651189057577, "case_code": "RJSR-4RBQ-YXRB-DQ37", "entered": 1, "jammer_count": 13, "cleared_jammer_count": 13, "clear_failure_count": 0, "virtual_time_us": 5800936612, "end_reason": "user_exit", "created_at_ms": 1789245211727}
GUI_JOB {"action": "return", "folder": "003-1-return"}
WAIT_GUI {"seconds_remaining": 60}
GUI_RESULT {"status": "returned-to-practice", "ok": true, "clicks": 2, "robot_started": false}
SENSITIVITY_PROGRESS 33 742 screen 4 steps=2 RJSR-4RBQ-YXRB-DQ37 13 13
GUI_JOB {"action": "dry-run", "folder": "001-0-dry-run"}
WAIT_GUI {"seconds_remaining": 60}
GUI_RESULT {"status": "dry-run-ready", "ok": true, "clicks": 0, "robot_started": false}
READ_ONLY_DB_COPY {"label": "001-db-before", "rows": 212}
GUI_JOB {"action": "run", "folder": "002-1-run"}
WAIT_GUI {"seconds_remaining": 1320}
GUI_RESULT {"robot_exit": 0, "case_code": "7QB4-G4PA-8TAY-8ZX3", "ok": true, "robot_started": true, "status": "robot-completed", "clicks": 1}
READ_ONLY_DB_COPY {"label": "001-db-after-0", "rows": 213}
AUTHORITATIVE_RESULT {"id": 213, "team_no": "202623001141", "problem_no": 3, "practice_run_no": 6990592364604215804, "case_code": "7QB4-G4PA-8TAY-8ZX3", "entered": 1, "jammer_count": 11, "cleared_jammer_count": 11, "clear_failure_count": 0, "virtual_time_us": 3189244656, "end_reason": "user_exit", "created_at_ms": 1789245249772}
GUI_JOB {"action": "return", "folder": "003-1-return"}
WAIT_GUI {"seconds_remaining": 60}
GUI_RESULT {"status": "returned-to-practice", "ok": true, "clicks": 2, "robot_started": false}
SENSITIVITY_PROGRESS 34 742 screen 3 remainder_weight=0 7QB4-G4PA-8TAY-8ZX3 11 11
GUI_JOB {"action": "dry-run", "folder": "001-0-dry-run"}
WAIT_GUI {"seconds_remaining": 60}
GUI_RESULT {"status": "dry-run-ready", "ok": true, "clicks": 0, "robot_started": false}
READ_ONLY_DB_COPY {"label": "001-db-before", "rows": 213}
GUI_JOB {"action": "run", "folder": "002-1-run"}
WAIT_GUI {"seconds_remaining": 1320}
GUI_RESULT {"robot_exit": 0, "case_code": "7TEQ-AQ9Y-BXD4-SVXA", "ok": true, "robot_started": true, "status": "robot-completed", "clicks": 1}
READ_ONLY_DB_COPY {"label": "001-db-after-0", "rows": 214}
AUTHORITATIVE_RESULT {"id": 214, "team_no": "202623001141", "problem_no": 4, "practice_run_no": 1581939821046031898, "case_code": "7TEQ-AQ9Y-BXD4-SVXA", "entered": 1, "jammer_count": 12, "cleared_jammer_count": 12, "clear_failure_count": 0, "virtual_time_us": 6443397848, "end_reason": "user_exit", "created_at_ms": 1789245283813}
GUI_JOB {"action": "return", "folder": "003-1-return"}
WAIT_GUI {"seconds_remaining": 60}
GUI_RESULT {"status": "returned-to-practice", "ok": true, "clicks": 2, "robot_started": false}
SENSITIVITY_PROGRESS 35 742 screen 4 trial_radius=80 7TEQ-AQ9Y-BXD4-SVXA 12 12
GUI_JOB {"action": "dry-run", "folder": "001-0-dry-run"}
WAIT_GUI {"seconds_remaining": 60}
GUI_RESULT {"status": "dry-run-ready", "ok": true, "clicks": 0, "robot_started": false}
READ_ONLY_DB_COPY {"label": "001-db-before", "rows": 214}
GUI_JOB {"action": "run", "folder": "002-1-run"}
WAIT_GUI {"seconds_remaining": 1320}
GUI_RESULT {"robot_exit": 0, "case_code": "96N8-QAZQ-5KN4-47HG", "ok": true, "robot_started": true, "status": "robot-completed", "clicks": 1}
READ_ONLY_DB_COPY {"label": "001-db-after-0", "rows": 215}
AUTHORITATIVE_RESULT {"id": 215, "team_no": "202623001141", "problem_no": 4, "practice_run_no": 4721146820257313093, "case_code": "96N8-QAZQ-5KN4-47HG", "entered": 1, "jammer_count": 12, "cleared_jammer_count": 12, "clear_failure_count": 0, "virtual_time_us": 6006383712, "end_reason": "user_exit", "created_at_ms": 1789245323902}
GUI_JOB {"action": "return", "folder": "003-1-return"}
WAIT_GUI {"seconds_remaining": 60}
GUI_RESULT {"status": "returned-to-practice", "ok": true, "clicks": 2, "robot_started": false}
SENSITIVITY_PROGRESS 36 742 screen 4 steps=4 96N8-QAZQ-5KN4-47HG 12 12
GUI_JOB {"action": "dry-run", "folder": "001-0-dry-run"}
WAIT_GUI {"seconds_remaining": 60}
GUI_RESULT {"status": "dry-run-ready", "ok": true, "clicks": 0, "robot_started": false}
READ_ONLY_DB_COPY {"label": "001-db-before", "rows": 215}
GUI_JOB {"action": "run", "folder": "002-1-run"}
WAIT_GUI {"seconds_remaining": 1320}
GUI_RESULT {"robot_exit": 0, "case_code": "NCWG-GPQA-27KB-6HUB", "ok": true, "robot_started": true, "status": "robot-completed", "clicks": 1}
READ_ONLY_DB_COPY {"label": "001-db-after-0", "rows": 216}
AUTHORITATIVE_RESULT {"id": 216, "team_no": "202623001141", "problem_no": 4, "practice_run_no": 7067259099160618141, "case_code": "NCWG-GPQA-27KB-6HUB", "entered": 1, "jammer_count": 16, "cleared_jammer_count": 16, "clear_failure_count": 0, "virtual_time_us": 4229978780, "end_reason": "user_exit", "created_at_ms": 1789245360886}
GUI_JOB {"action": "return", "folder": "003-1-return"}
WAIT_GUI {"seconds_remaining": 60}
GUI_RESULT {"status": "returned-to-practice", "ok": true, "clicks": 2, "robot_started": false}
SENSITIVITY_PROGRESS 37 742 screen 4 transverse_m=70 NCWG-GPQA-27KB-6HUB 16 16
GUI_JOB {"action": "dry-run", "folder": "001-0-dry-run"}
WAIT_GUI {"seconds_remaining": 60}
GUI_RESULT {"status": "dry-run-ready", "ok": true, "clicks": 0, "robot_started": false}
READ_ONLY_DB_COPY {"label": "001-db-before", "rows": 216}
GUI_JOB {"action": "run", "folder": "002-1-run"}
WAIT_GUI {"seconds_remaining": 1320}
GUI_RESULT {"robot_exit": 0, "case_code": "WA38-VA2A-FQ7K-WUPA", "ok": true, "robot_started": true, "status": "robot-completed", "clicks": 1}
READ_ONLY_DB_COPY {"label": "001-db-after-0", "rows": 217}
AUTHORITATIVE_RESULT {"id": 217, "team_no": "202623001141", "problem_no": 3, "practice_run_no": 3108745832526633469, "case_code": "WA38-VA2A-FQ7K-WUPA", "entered": 1, "jammer_count": 14, "cleared_jammer_count": 14, "clear_failure_count": 0, "virtual_time_us": 3070183168, "end_reason": "user_exit", "created_at_ms": 1789245395971}
GUI_JOB {"action": "return", "folder": "003-1-return"}
WAIT_GUI {"seconds_remaining": 60}
GUI_RESULT {"status": "returned-to-practice", "ok": true, "clicks": 2, "robot_started": false}
SENSITIVITY_PROGRESS 38 742 screen 3 localization_weight=1.28 WA38-VA2A-FQ7K-WUPA 14 14
GUI_JOB {"action": "dry-run", "folder": "001-0-dry-run"}
WAIT_GUI {"seconds_remaining": 60}
GUI_RESULT {"status": "dry-run-ready", "ok": true, "clicks": 0, "robot_started": false}
READ_ONLY_DB_COPY {"label": "001-db-before", "rows": 217}
GUI_JOB {"action": "run", "folder": "002-1-run"}
WAIT_GUI {"seconds_remaining": 1320}
GUI_RESULT {"robot_exit": 0, "case_code": "FN7H-Y9DY-FT4R-TGFH", "ok": true, "robot_started": true, "status": "robot-completed", "clicks": 1}
READ_ONLY_DB_COPY {"label": "001-db-after-0", "rows": 218}
AUTHORITATIVE_RESULT {"id": 218, "team_no": "202623001141", "problem_no": 4, "practice_run_no": 1691968240144324998, "case_code": "FN7H-Y9DY-FT4R-TGFH", "entered": 1, "jammer_count": 13, "cleared_jammer_count": 13, "clear_failure_count": 1, "virtual_time_us": 6079049220, "end_reason": "user_exit", "created_at_ms": 1789245429707}
GUI_JOB {"action": "return", "folder": "003-1-return"}
WAIT_GUI {"seconds_remaining": 60}
GUI_RESULT {"status": "returned-to-practice", "ok": true, "clicks": 2, "robot_started": false}
SENSITIVITY_PROGRESS 39 742 screen 4 share_limit=2 FN7H-Y9DY-FT4R-TGFH 13 13
GUI_JOB {"action": "dry-run", "folder": "001-0-dry-run"}
WAIT_GUI {"seconds_remaining": 60}
GUI_RESULT {"status": "dry-run-ready", "ok": true, "clicks": 0, "robot_started": false}
READ_ONLY_DB_COPY {"label": "001-db-before", "rows": 218}
GUI_JOB {"action": "run", "folder": "002-1-run"}
WAIT_GUI {"seconds_remaining": 1320}
GUI_RESULT {"robot_exit": 0, "case_code": "FP6D-4CT9-YKZT-XXXT", "ok": true, "robot_started": true, "status": "robot-completed", "clicks": 1}
READ_ONLY_DB_COPY {"label": "001-db-after-0", "rows": 219}
AUTHORITATIVE_RESULT {"id": 219, "team_no": "202623001141", "problem_no": 3, "practice_run_no": 2211560081485723778, "case_code": "FP6D-4CT9-YKZT-XXXT", "entered": 1, "jammer_count": 11, "cleared_jammer_count": 11, "clear_failure_count": 0, "virtual_time_us": 2763676311, "end_reason": "user_exit", "created_at_ms": 1789245469042}
GUI_JOB {"action": "return", "folder": "003-1-return"}
WAIT_GUI {"seconds_remaining": 60}
GUI_RESULT {"status": "returned-to-practice", "ok": true, "clicks": 2, "robot_started": false}
SENSITIVITY_PROGRESS 40 742 screen 3 trial_radius=80 FP6D-4CT9-YKZT-XXXT 11 11
GUI_JOB {"action": "dry-run", "folder": "001-0-dry-run"}
WAIT_GUI {"seconds_remaining": 60}
GUI_RESULT {"status": "dry-run-ready", "ok": true, "clicks": 0, "robot_started": false}
READ_ONLY_DB_COPY {"label": "001-db-before", "rows": 219}
GUI_JOB {"action": "run", "folder": "002-1-run"}
WAIT_GUI {"seconds_remaining": 1320}
GUI_RESULT {"robot_exit": 0, "case_code": "CH6Q-6KXZ-3B3V-D4QQ", "ok": true, "robot_started": true, "status": "robot-completed", "clicks": 1}
READ_ONLY_DB_COPY {"label": "001-db-after-0", "rows": 220}
AUTHORITATIVE_RESULT {"id": 220, "team_no": "202623001141", "problem_no": 3, "practice_run_no": 2010617084332869214, "case_code": "CH6Q-6KXZ-3B3V-D4QQ", "entered": 1, "jammer_count": 16, "cleared_jammer_count": 16, "clear_failure_count": 1, "virtual_time_us": 2935216336, "end_reason": "user_exit", "created_at_ms": 1789245501356}
GUI_JOB {"action": "return", "folder": "003-1-return"}
WAIT_GUI {"seconds_remaining": 60}
GUI_RESULT {"status": "returned-to-practice", "ok": true, "clicks": 2, "robot_started": false}
SENSITIVITY_PROGRESS 41 742 screen 3 share_limit=2 CH6Q-6KXZ-3B3V-D4QQ 16 16
GUI_JOB {"action": "dry-run", "folder": "001-0-dry-run"}
WAIT_GUI {"seconds_remaining": 60}
GUI_RESULT {"status": "dry-run-ready", "ok": true, "clicks": 0, "robot_started": false}
READ_ONLY_DB_COPY {"label": "001-db-before", "rows": 220}
GUI_JOB {"action": "run", "folder": "002-1-run"}
WAIT_GUI {"seconds_remaining": 1320}
GUI_RESULT {"robot_exit": 0, "case_code": "FRM4-KZ98-6BDG-QHYJ", "ok": true, "robot_started": true, "status": "robot-completed", "clicks": 1}
READ_ONLY_DB_COPY {"label": "001-db-after-0", "rows": 221}
AUTHORITATIVE_RESULT {"id": 221, "team_no": "202623001141", "problem_no": 4, "practice_run_no": 4868767118541494839, "case_code": "FRM4-KZ98-6BDG-QHYJ", "entered": 1, "jammer_count": 12, "cleared_jammer_count": 12, "clear_failure_count": 0, "virtual_time_us": 5983399381, "end_reason": "user_exit", "created_at_ms": 1789245533261}
GUI_JOB {"action": "return", "folder": "003-1-return"}
WAIT_GUI {"seconds_remaining": 60}
GUI_RESULT {"status": "returned-to-practice", "ok": true, "clicks": 2, "robot_started": false}
SENSITIVITY_PROGRESS 42 742 screen 4 pause_limit=4 FRM4-KZ98-6BDG-QHYJ 12 12
GUI_JOB {"action": "dry-run", "folder": "001-0-dry-run"}
WAIT_GUI {"seconds_remaining": 60}
GUI_RESULT {"status": "dry-run-ready", "ok": true, "clicks": 0, "robot_started": false}
READ_ONLY_DB_COPY {"label": "001-db-before", "rows": 221}
GUI_JOB {"action": "run", "folder": "002-1-run"}
WAIT_GUI {"seconds_remaining": 1320}
GUI_RESULT {"robot_exit": 0, "case_code": "SA49-U7M8-G56F-KZTS", "ok": true, "robot_started": true, "status": "robot-completed", "clicks": 1}
READ_ONLY_DB_COPY {"label": "001-db-after-0", "rows": 222}
AUTHORITATIVE_RESULT {"id": 222, "team_no": "202623001141", "problem_no": 4, "practice_run_no": 6058104636236607028, "case_code": "SA49-U7M8-G56F-KZTS", "entered": 1, "jammer_count": 15, "cleared_jammer_count": 15, "clear_failure_count": 0, "virtual_time_us": 6592651935, "end_reason": "user_exit", "created_at_ms": 1789245573303}
GUI_JOB {"action": "return", "folder": "003-1-return"}
WAIT_GUI {"seconds_remaining": 60}
GUI_RESULT {"status": "returned-to-practice", "ok": true, "clicks": 2, "robot_started": false}
SENSITIVITY_PROGRESS 43 742 screen 4 pause_limit=24 SA49-U7M8-G56F-KZTS 15 15
GUI_JOB {"action": "dry-run", "folder": "001-0-dry-run"}
WAIT_GUI {"seconds_remaining": 60}
GUI_RESULT {"status": "dry-run-ready", "ok": true, "clicks": 0, "robot_started": false}
READ_ONLY_DB_COPY {"label": "001-db-before", "rows": 222}
GUI_JOB {"action": "run", "folder": "002-1-run"}
WAIT_GUI {"seconds_remaining": 1320}
GUI_RESULT {"robot_exit": 0, "case_code": "XZ5F-V7PH-7C8H-TM3P", "ok": true, "robot_started": true, "status": "robot-completed", "clicks": 1}
READ_ONLY_DB_COPY {"label": "001-db-after-0", "rows": 223}
AUTHORITATIVE_RESULT {"id": 223, "team_no": "202623001141", "problem_no": 4, "practice_run_no": 2550801232726775782, "case_code": "XZ5F-V7PH-7C8H-TM3P", "entered": 1, "jammer_count": 12, "cleared_jammer_count": 12, "clear_failure_count": 0, "virtual_time_us": 6123410736, "end_reason": "user_exit", "created_at_ms": 1789245612904}
GUI_JOB {"action": "return", "folder": "003-1-return"}
WAIT_GUI {"seconds_remaining": 60}
GUI_RESULT {"status": "returned-to-practice", "ok": true, "clicks": 2, "robot_started": false}
SENSITIVITY_PROGRESS 44 742 screen 4 share_cooldown=0 XZ5F-V7PH-7C8H-TM3P 12 12
GUI_JOB {"action": "dry-run", "folder": "001-0-dry-run"}
WAIT_GUI {"seconds_remaining": 60}
GUI_RESULT {"status": "dry-run-ready", "ok": true, "clicks": 0, "robot_started": false}
READ_ONLY_DB_COPY {"label": "001-db-before", "rows": 223}
GUI_JOB {"action": "run", "folder": "002-1-run"}
WAIT_GUI {"seconds_remaining": 1320}
GUI_RESULT {"robot_exit": 0, "case_code": "TBAB-CQP5-8SVZ-Q2PS", "ok": true, "robot_started": true, "status": "robot-completed", "clicks": 1}
READ_ONLY_DB_COPY {"label": "001-db-after-0", "rows": 224}
AUTHORITATIVE_RESULT {"id": 224, "team_no": "202623001141", "problem_no": 4, "practice_run_no": 1956397633768760964, "case_code": "TBAB-CQP5-8SVZ-Q2PS", "entered": 1, "jammer_count": 14, "cleared_jammer_count": 14, "clear_failure_count": 0, "virtual_time_us": 6072747514, "end_reason": "user_exit", "created_at_ms": 1789245653270}
GUI_JOB {"action": "return", "folder": "003-1-return"}
WAIT_GUI {"seconds_remaining": 60}
GUI_RESULT {"status": "returned-to-practice", "ok": true, "clicks": 2, "robot_started": false}
SENSITIVITY_PROGRESS 45 742 screen 4 trial_radius=20 TBAB-CQP5-8SVZ-Q2PS 14 14
GUI_JOB {"action": "dry-run", "folder": "001-0-dry-run"}
WAIT_GUI {"seconds_remaining": 60}
GUI_RESULT {"status": "dry-run-ready", "ok": true, "clicks": 0, "robot_started": false}
READ_ONLY_DB_COPY {"label": "001-db-before", "rows": 224}
GUI_JOB {"action": "run", "folder": "002-1-run"}
WAIT_GUI {"seconds_remaining": 1320}
GUI_RESULT {"robot_exit": 0, "case_code": "P3TT-MJDW-VPED-M48G", "ok": true, "robot_started": true, "status": "robot-completed", "clicks": 1}
READ_ONLY_DB_COPY {"label": "001-db-after-0", "rows": 225}
AUTHORITATIVE_RESULT {"id": 225, "team_no": "202623001141", "problem_no": 4, "practice_run_no": 3022142614946238339, "case_code": "P3TT-MJDW-VPED-M48G", "entered": 1, "jammer_count": 12, "cleared_jammer_count": 12, "clear_failure_count": 0, "virtual_time_us": 6007763748, "end_reason": "user_exit", "created_at_ms": 1789245692353}
GUI_JOB {"action": "return", "folder": "003-1-return"}
WAIT_GUI {"seconds_remaining": 60}
GUI_RESULT {"status": "returned-to-practice", "ok": true, "clicks": 2, "robot_started": false}
SENSITIVITY_PROGRESS 46 742 screen 4 transverse_m=20 P3TT-MJDW-VPED-M48G 12 12
GUI_JOB {"action": "dry-run", "folder": "001-0-dry-run"}
WAIT_GUI {"seconds_remaining": 60}
GUI_RESULT {"status": "dry-run-ready", "ok": true, "clicks": 0, "robot_started": false}
READ_ONLY_DB_COPY {"label": "001-db-before", "rows": 225}
GUI_JOB {"action": "run", "folder": "002-1-run"}
WAIT_GUI {"seconds_remaining": 1320}
GUI_RESULT {"robot_exit": 0, "case_code": "NTAF-TPCR-JYM8-NSSH", "ok": true, "robot_started": true, "status": "robot-completed", "clicks": 1}
READ_ONLY_DB_COPY {"label": "001-db-after-0", "rows": 226}
AUTHORITATIVE_RESULT {"id": 226, "team_no": "202623001141", "problem_no": 3, "practice_run_no": 1436731733392545785, "case_code": "NTAF-TPCR-JYM8-NSSH", "entered": 1, "jammer_count": 14, "cleared_jammer_count": 14, "clear_failure_count": 0, "virtual_time_us": 3034964348, "end_reason": "user_exit", "created_at_ms": 1789245731097}
GUI_JOB {"action": "return", "folder": "003-1-return"}
WAIT_GUI {"seconds_remaining": 60}
GUI_RESULT {"status": "returned-to-practice", "ok": true, "clicks": 2, "robot_started": false}
SENSITIVITY_PROGRESS 47 742 screen 3 remainder_weight=2 NTAF-TPCR-JYM8-NSSH 14 14
GUI_JOB {"action": "dry-run", "folder": "001-0-dry-run"}
WAIT_GUI {"seconds_remaining": 60}
GUI_RESULT {"status": "dry-run-ready", "ok": true, "clicks": 0, "robot_started": false}
READ_ONLY_DB_COPY {"label": "001-db-before", "rows": 226}
GUI_JOB {"action": "run", "folder": "002-1-run"}
WAIT_GUI {"seconds_remaining": 1320}
GUI_RESULT {"robot_exit": 0, "case_code": "MAC7-X65N-PHXS-3CN8", "ok": true, "robot_started": true, "status": "robot-completed", "clicks": 1}
READ_ONLY_DB_COPY {"label": "001-db-after-0", "rows": 227}
AUTHORITATIVE_RESULT {"id": 227, "team_no": "202623001141", "problem_no": 4, "practice_run_no": 6198930211003735003, "case_code": "MAC7-X65N-PHXS-3CN8", "entered": 1, "jammer_count": 15, "cleared_jammer_count": 15, "clear_failure_count": 0, "virtual_time_us": 6070848752, "end_reason": "user_exit", "created_at_ms": 1789245766311}
GUI_JOB {"action": "return", "folder": "003-1-return"}
WAIT_GUI {"seconds_remaining": 60}
GUI_RESULT {"status": "returned-to-practice", "ok": true, "clicks": 2, "robot_started": false}
SENSITIVITY_PROGRESS 48 742 screen 4 share_limit=12 MAC7-X65N-PHXS-3CN8 15 15
GUI_JOB {"action": "dry-run", "folder": "001-0-dry-run"}
WAIT_GUI {"seconds_remaining": 60}
GUI_RESULT {"status": "dry-run-ready", "ok": true, "clicks": 0, "robot_started": false}
READ_ONLY_DB_COPY {"label": "001-db-before", "rows": 227}
GUI_JOB {"action": "run", "folder": "002-1-run"}
WAIT_GUI {"seconds_remaining": 1320}
GUI_RESULT {"robot_exit": 0, "case_code": "HHCG-TKFE-X26M-PMP6", "ok": true, "robot_started": true, "status": "robot-completed", "clicks": 1}
READ_ONLY_DB_COPY {"label": "001-db-after-0", "rows": 228}
AUTHORITATIVE_RESULT {"id": 228, "team_no": "202623001141", "problem_no": 3, "practice_run_no": 3602925447104254657, "case_code": "HHCG-TKFE-X26M-PMP6", "entered": 1, "jammer_count": 10, "cleared_jammer_count": 10, "clear_failure_count": 0, "virtual_time_us": 2714244561, "end_reason": "user_exit", "created_at_ms": 1789245805571}
GUI_JOB {"action": "return", "folder": "003-1-return"}
WAIT_GUI {"seconds_remaining": 60}
GUI_RESULT {"status": "returned-to-practice", "ok": true, "clicks": 2, "robot_started": false}
SENSITIVITY_PROGRESS 49 742 screen 3 trial_radius=65 HHCG-TKFE-X26M-PMP6 10 10
GUI_JOB {"action": "dry-run", "folder": "001-0-dry-run"}
WAIT_GUI {"seconds_remaining": 60}
GUI_RESULT {"status": "dry-run-ready", "ok": true, "clicks": 0, "robot_started": false}
READ_ONLY_DB_COPY {"label": "001-db-before", "rows": 228}
GUI_JOB {"action": "run", "folder": "002-1-run"}
WAIT_GUI {"seconds_remaining": 1320}
GUI_RESULT {"robot_exit": 0, "case_code": "B4RV-DBR9-2F4R-3A2P", "ok": true, "robot_started": true, "status": "robot-completed", "clicks": 1}
READ_ONLY_DB_COPY {"label": "001-db-after-0", "rows": 229}
AUTHORITATIVE_RESULT {"id": 229, "team_no": "202623001141", "problem_no": 3, "practice_run_no": 4547513360537032697, "case_code": "B4RV-DBR9-2F4R-3A2P", "entered": 1, "jammer_count": 13, "cleared_jammer_count": 13, "clear_failure_count": 0, "virtual_time_us": 3292431976, "end_reason": "user_exit", "created_at_ms": 1789245839405}
GUI_JOB {"action": "return", "folder": "003-1-return"}
WAIT_GUI {"seconds_remaining": 60}
GUI_RESULT {"status": "returned-to-practice", "ok": true, "clicks": 2, "robot_started": false}
SENSITIVITY_PROGRESS 50 742 screen 3 share_limit=20 B4RV-DBR9-2F4R-3A2P 13 13
GUI_JOB {"action": "dry-run", "folder": "001-0-dry-run"}
WAIT_GUI {"seconds_remaining": 60}
GUI_RESULT {"status": "dry-run-ready", "ok": true, "clicks": 0, "robot_started": false}
READ_ONLY_DB_COPY {"label": "001-db-before", "rows": 229}
GUI_JOB {"action": "run", "folder": "002-1-run"}
WAIT_GUI {"seconds_remaining": 1320}
GUI_RESULT {"robot_exit": 0, "case_code": "9Q32-MY99-4X5C-XDWX", "ok": true, "robot_started": true, "status": "robot-completed", "clicks": 1}
READ_ONLY_DB_COPY {"label": "001-db-after-0", "rows": 230}
AUTHORITATIVE_RESULT {"id": 230, "team_no": "202623001141", "problem_no": 3, "practice_run_no": 3781401227385603945, "case_code": "9Q32-MY99-4X5C-XDWX", "entered": 1, "jammer_count": 14, "cleared_jammer_count": 14, "clear_failure_count": 0, "virtual_time_us": 3181693039, "end_reason": "user_exit", "created_at_ms": 1789245873406}
GUI_JOB {"action": "return", "folder": "003-1-return"}
WAIT_GUI {"seconds_remaining": 60}
GUI_RESULT {"status": "returned-to-practice", "ok": true, "clicks": 2, "robot_started": false}
SENSITIVITY_PROGRESS 51 742 screen 3 localization_weight=0.32 9Q32-MY99-4X5C-XDWX 14 14
GUI_JOB {"action": "dry-run", "folder": "001-0-dry-run"}
WAIT_GUI {"seconds_remaining": 60}
GUI_RESULT {"status": "dry-run-ready", "ok": true, "clicks": 0, "robot_started": false}
READ_ONLY_DB_COPY {"label": "001-db-before", "rows": 230}
GUI_JOB {"action": "run", "folder": "002-1-run"}
WAIT_GUI {"seconds_remaining": 1320}
GUI_RESULT {"robot_exit": 0, "case_code": "A8AQ-MHUP-B3UR-BQ7S", "ok": true, "robot_started": true, "status": "robot-completed", "clicks": 1}
READ_ONLY_DB_COPY {"label": "001-db-after-0", "rows": 231}
AUTHORITATIVE_RESULT {"id": 231, "team_no": "202623001141", "problem_no": 4, "practice_run_no": 6115013462081840398, "case_code": "A8AQ-MHUP-B3UR-BQ7S", "entered": 1, "jammer_count": 11, "cleared_jammer_count": 11, "clear_failure_count": 0, "virtual_time_us": 6680675828, "end_reason": "user_exit", "created_at_ms": 1789245906549}
GUI_JOB {"action": "return", "folder": "003-1-return"}
WAIT_GUI {"seconds_remaining": 60}
GUI_RESULT {"status": "returned-to-practice", "ok": true, "clicks": 2, "robot_started": false}
SENSITIVITY_PROGRESS 52 742 screen 4 trial_radius=50 A8AQ-MHUP-B3UR-BQ7S 11 11
GUI_JOB {"action": "dry-run", "folder": "001-0-dry-run"}
WAIT_GUI {"seconds_remaining": 60}
GUI_RESULT {"status": "dry-run-ready", "ok": true, "clicks": 0, "robot_started": false}
READ_ONLY_DB_COPY {"label": "001-db-before", "rows": 231}
GUI_JOB {"action": "run", "folder": "002-1-run"}
WAIT_GUI {"seconds_remaining": 1320}
GUI_RESULT {"robot_exit": 0, "case_code": "T8KK-YPZ3-3B69-YVB7", "ok": true, "robot_started": true, "status": "robot-completed", "clicks": 1}
READ_ONLY_DB_COPY {"label": "001-db-after-0", "rows": 232}
AUTHORITATIVE_RESULT {"id": 232, "team_no": "202623001141", "problem_no": 4, "practice_run_no": 3739181013007738487, "case_code": "T8KK-YPZ3-3B69-YVB7", "entered": 1, "jammer_count": 13, "cleared_jammer_count": 13, "clear_failure_count": 0, "virtual_time_us": 6252255128, "end_reason": "user_exit", "created_at_ms": 1789245949196}
GUI_JOB {"action": "return", "folder": "003-1-return"}
WAIT_GUI {"seconds_remaining": 60}
GUI_RESULT {"status": "returned-to-practice", "ok": true, "clicks": 2, "robot_started": false}
SENSITIVITY_PROGRESS 53 742 screen 4 fraction=0.1 T8KK-YPZ3-3B69-YVB7 13 13
GUI_JOB {"action": "dry-run", "folder": "001-0-dry-run"}
WAIT_GUI {"seconds_remaining": 60}
GUI_RESULT {"status": "dry-run-ready", "ok": true, "clicks": 0, "robot_started": false}
READ_ONLY_DB_COPY {"label": "001-db-before", "rows": 232}
GUI_JOB {"action": "run", "folder": "002-1-run"}
WAIT_GUI {"seconds_remaining": 1320}
GUI_RESULT {"robot_exit": 0, "case_code": "F9A3-VQ7W-TDF3-YVBX", "ok": true, "robot_started": true, "status": "robot-completed", "clicks": 1}
READ_ONLY_DB_COPY {"label": "001-db-after-0", "rows": 233}
AUTHORITATIVE_RESULT {"id": 233, "team_no": "202623001141", "problem_no": 3, "practice_run_no": 5922142820488997920, "case_code": "F9A3-VQ7W-TDF3-YVBX", "entered": 1, "jammer_count": 15, "cleared_jammer_count": 15, "clear_failure_count": 0, "virtual_time_us": 3164793936, "end_reason": "user_exit", "created_at_ms": 1789245988479}
GUI_JOB {"action": "return", "folder": "003-1-return"}
WAIT_GUI {"seconds_remaining": 60}
GUI_RESULT {"status": "returned-to-practice", "ok": true, "clicks": 2, "robot_started": false}
SENSITIVITY_PROGRESS 54 742 screen 3 max_active=4 F9A3-VQ7W-TDF3-YVBX 15 15
GUI_JOB {"action": "dry-run", "folder": "001-0-dry-run"}
WAIT_GUI {"seconds_remaining": 60}
GUI_RESULT {"status": "dry-run-ready", "ok": true, "clicks": 0, "robot_started": false}
READ_ONLY_DB_COPY {"label": "001-db-before", "rows": 233}
GUI_JOB {"action": "run", "folder": "002-1-run"}
WAIT_GUI {"seconds_remaining": 1320}
GUI_RESULT {"robot_exit": 0, "case_code": "UVER-HBM6-TQEJ-C3NT", "ok": true, "robot_started": true, "status": "robot-completed", "clicks": 1}
READ_ONLY_DB_COPY {"label": "001-db-after-0", "rows": 234}
AUTHORITATIVE_RESULT {"id": 234, "team_no": "202623001141", "problem_no": 4, "practice_run_no": 1507911441258870313, "case_code": "UVER-HBM6-TQEJ-C3NT", "entered": 1, "jammer_count": 16, "cleared_jammer_count": 16, "clear_failure_count": 13, "virtual_time_us": 4624979150, "end_reason": "user_exit", "created_at_ms": 1789246021712}
GUI_JOB {"action": "return", "folder": "003-1-return"}
WAIT_GUI {"seconds_remaining": 60}
GUI_RESULT {"status": "returned-to-practice", "ok": true, "clicks": 2, "robot_started": false}
SENSITIVITY_PROGRESS 55 742 screen 4 steps=1 UVER-HBM6-TQEJ-C3NT 16 16
GUI_JOB {"action": "dry-run", "folder": "001-0-dry-run"}
WAIT_GUI {"seconds_remaining": 60}
GUI_RESULT {"status": "dry-run-ready", "ok": true, "clicks": 0, "robot_started": false}
READ_ONLY_DB_COPY {"label": "001-db-before", "rows": 234}
GUI_JOB {"action": "run", "folder": "002-1-run"}
WAIT_GUI {"seconds_remaining": 1320}
GUI_RESULT {"robot_exit": 0, "case_code": "WZJ7-NA57-Y922-S5A6", "ok": true, "robot_started": true, "status": "robot-completed", "clicks": 1}
READ_ONLY_DB_COPY {"label": "001-db-after-0", "rows": 235}
AUTHORITATIVE_RESULT {"id": 235, "team_no": "202623001141", "problem_no": 3, "practice_run_no": 4623499522069395623, "case_code": "WZJ7-NA57-Y922-S5A6", "entered": 1, "jammer_count": 10, "cleared_jammer_count": 10, "clear_failure_count": 0, "virtual_time_us": 3012444027, "end_reason": "user_exit", "created_at_ms": 1789246055585}
GUI_JOB {"action": "return", "folder": "003-1-return"}
WAIT_GUI {"seconds_remaining": 60}
GUI_RESULT {"status": "returned-to-practice", "ok": true, "clicks": 2, "robot_started": false}
SENSITIVITY_PROGRESS 56 742 screen 3 remainder_weight=1 WZJ7-NA57-Y922-S5A6 10 10
GUI_JOB {"action": "dry-run", "folder": "001-0-dry-run"}
WAIT_GUI {"seconds_remaining": 60}
GUI_RESULT {"status": "dry-run-ready", "ok": true, "clicks": 0, "robot_started": false}
READ_ONLY_DB_COPY {"label": "001-db-before", "rows": 235}
GUI_JOB {"action": "run", "folder": "002-1-run"}
WAIT_GUI {"seconds_remaining": 1320}
GUI_RESULT {"robot_exit": 0, "case_code": "QVU8-GMEA-JVXD-GDFF", "ok": true, "robot_started": true, "status": "robot-completed", "clicks": 1}
READ_ONLY_DB_COPY {"label": "001-db-after-0", "rows": 236}
AUTHORITATIVE_RESULT {"id": 236, "team_no": "202623001141", "problem_no": 4, "practice_run_no": 7740438222301163099, "case_code": "QVU8-GMEA-JVXD-GDFF", "entered": 1, "jammer_count": 11, "cleared_jammer_count": 11, "clear_failure_count": 0, "virtual_time_us": 5984949934, "end_reason": "user_exit", "created_at_ms": 1789246087861}
GUI_JOB {"action": "return", "folder": "003-1-return"}
WAIT_GUI {"seconds_remaining": 60}
GUI_RESULT {"status": "returned-to-practice", "ok": true, "clicks": 2, "robot_started": false}
SENSITIVITY_PROGRESS 57 742 screen 4 pause_limit=0 QVU8-GMEA-JVXD-GDFF 11 11
GUI_JOB {"action": "dry-run", "folder": "001-0-dry-run"}
WAIT_GUI {"seconds_remaining": 60}
GUI_RESULT {"status": "dry-run-ready", "ok": true, "clicks": 0, "robot_started": false}
READ_ONLY_DB_COPY {"label": "001-db-before", "rows": 236}
GUI_JOB {"action": "run", "folder": "002-1-run"}
WAIT_GUI {"seconds_remaining": 1320}
GUI_RESULT {"robot_exit": 0, "case_code": "CDTF-N6HW-ASUQ-GHSS", "ok": true, "robot_started": true, "status": "robot-completed", "clicks": 1}
READ_ONLY_DB_COPY {"label": "001-db-after-0", "rows": 237}
AUTHORITATIVE_RESULT {"id": 237, "team_no": "202623001141", "problem_no": 3, "practice_run_no": 8892296444237043644, "case_code": "CDTF-N6HW-ASUQ-GHSS", "entered": 1, "jammer_count": 10, "cleared_jammer_count": 10, "clear_failure_count": 0, "virtual_time_us": 3038498349, "end_reason": "user_exit", "created_at_ms": 1789246125662}
GUI_JOB {"action": "return", "folder": "003-1-return"}
WAIT_GUI {"seconds_remaining": 60}
GUI_RESULT {"status": "returned-to-practice", "ok": true, "clicks": 2, "robot_started": false}
SENSITIVITY_PROGRESS 58 742 screen 3 localization_weight=0.32 CDTF-N6HW-ASUQ-GHSS 10 10
GUI_JOB {"action": "dry-run", "folder": "001-0-dry-run"}
WAIT_GUI {"seconds_remaining": 60}
GUI_RESULT {"status": "dry-run-ready", "ok": true, "clicks": 0, "robot_started": false}
READ_ONLY_DB_COPY {"label": "001-db-before", "rows": 237}
GUI_JOB {"action": "run", "folder": "002-1-run"}
WAIT_GUI {"seconds_remaining": 1320}
GUI_RESULT {"robot_exit": 0, "case_code": "X3S5-A53X-UKTM-BT96", "ok": true, "robot_started": true, "status": "robot-completed", "clicks": 1}
READ_ONLY_DB_COPY {"label": "001-db-after-0", "rows": 238}
AUTHORITATIVE_RESULT {"id": 238, "team_no": "202623001141", "problem_no": 3, "practice_run_no": 496706903259106528, "case_code": "X3S5-A53X-UKTM-BT96", "entered": 1, "jammer_count": 14, "cleared_jammer_count": 14, "clear_failure_count": 0, "virtual_time_us": 3415951512, "end_reason": "user_exit", "created_at_ms": 1789246158208}
GUI_JOB {"action": "return", "folder": "003-1-return"}
WAIT_GUI {"seconds_remaining": 60}
GUI_RESULT {"status": "returned-to-practice", "ok": true, "clicks": 2, "robot_started": false}
SENSITIVITY_PROGRESS 59 742 screen 3 share_limit=12 X3S5-A53X-UKTM-BT96 14 14
GUI_JOB {"action": "dry-run", "folder": "001-0-dry-run"}
WAIT_GUI {"seconds_remaining": 60}
GUI_RESULT {"status": "dry-run-ready", "ok": true, "clicks": 0, "robot_started": false}
READ_ONLY_DB_COPY {"label": "001-db-before", "rows": 238}
GUI_JOB {"action": "run", "folder": "002-1-run"}
WAIT_GUI {"seconds_remaining": 1320}
GUI_RESULT {"robot_exit": 0, "case_code": "HS8W-UU98-MXD7-M3FF", "ok": true, "robot_started": true, "status": "robot-completed", "clicks": 1}
READ_ONLY_DB_COPY {"label": "001-db-after-0", "rows": 239}
AUTHORITATIVE_RESULT {"id": 239, "team_no": "202623001141", "problem_no": 3, "practice_run_no": 1871869399151345695, "case_code": "HS8W-UU98-MXD7-M3FF", "entered": 1, "jammer_count": 11, "cleared_jammer_count": 11, "clear_failure_count": 0, "virtual_time_us": 2970975334, "end_reason": "user_exit", "created_at_ms": 1789246190936}
GUI_JOB {"action": "return", "folder": "003-1-return"}
WAIT_GUI {"seconds_remaining": 60}
GUI_RESULT {"status": "returned-to-practice", "ok": true, "clicks": 2, "robot_started": false}
SENSITIVITY_PROGRESS 60 742 screen 3 trial_radius=35 HS8W-UU98-MXD7-M3FF 11 11
GUI_JOB {"action": "dry-run", "folder": "001-0-dry-run"}
WAIT_GUI {"seconds_remaining": 60}
GUI_RESULT {"status": "dry-run-ready", "ok": true, "clicks": 0, "robot_started": false}
READ_ONLY_DB_COPY {"label": "001-db-before", "rows": 239}
GUI_JOB {"action": "run", "folder": "002-1-run"}
WAIT_GUI {"seconds_remaining": 1320}
GUI_RESULT {"robot_exit": 0, "case_code": "EED4-V3UM-9M6B-5NXB", "ok": true, "robot_started": true, "status": "robot-completed", "clicks": 1}
READ_ONLY_DB_COPY {"label": "001-db-after-0", "rows": 240}
AUTHORITATIVE_RESULT {"id": 240, "team_no": "202623001141", "problem_no": 3, "practice_run_no": 1573086775336011784, "case_code": "EED4-V3UM-9M6B-5NXB", "entered": 1, "jammer_count": 16, "cleared_jammer_count": 16, "clear_failure_count": 0, "virtual_time_us": 3459787103, "end_reason": "user_exit", "created_at_ms": 1789246224421}
GUI_JOB {"action": "return", "folder": "003-1-return"}
WAIT_GUI {"seconds_remaining": 60}
GUI_RESULT {"status": "returned-to-practice", "ok": true, "clicks": 2, "robot_started": false}
SENSITIVITY_PROGRESS 61 742 screen 3 remainder_weight=0.5 EED4-V3UM-9M6B-5NXB 16 16
GUI_JOB {"action": "dry-run", "folder": "001-0-dry-run"}
WAIT_GUI {"seconds_remaining": 60}
GUI_RESULT {"status": "dry-run-ready", "ok": true, "clicks": 0, "robot_started": false}
READ_ONLY_DB_COPY {"label": "001-db-before", "rows": 240}
GUI_JOB {"action": "run", "folder": "002-1-run"}
WAIT_GUI {"seconds_remaining": 1320}
GUI_RESULT {"robot_exit": 0, "case_code": "YC44-D9VB-HAPR-KU2C", "ok": true, "robot_started": true, "status": "robot-completed", "clicks": 1}
READ_ONLY_DB_COPY {"label": "001-db-after-0", "rows": 241}
AUTHORITATIVE_RESULT {"id": 241, "team_no": "202623001141", "problem_no": 3, "practice_run_no": 5165118656390309126, "case_code": "YC44-D9VB-HAPR-KU2C", "entered": 1, "jammer_count": 12, "cleared_jammer_count": 12, "clear_failure_count": 0, "virtual_time_us": 3132593667, "end_reason": "user_exit", "created_at_ms": 1789246258569}
GUI_JOB {"action": "return", "folder": "003-1-return"}
WAIT_GUI {"seconds_remaining": 60}
GUI_RESULT {"status": "returned-to-practice", "ok": true, "clicks": 2, "robot_started": false}
SENSITIVITY_PROGRESS 62 742 screen 3 remainder_weight=0 YC44-D9VB-HAPR-KU2C 12 12
GUI_JOB {"action": "dry-run", "folder": "001-0-dry-run"}
WAIT_GUI {"seconds_remaining": 60}
GUI_RESULT {"status": "dry-run-ready", "ok": true, "clicks": 0, "robot_started": false}
READ_ONLY_DB_COPY {"label": "001-db-before", "rows": 241}
GUI_JOB {"action": "run", "folder": "002-1-run"}
WAIT_GUI {"seconds_remaining": 1320}
GUI_RESULT {"robot_exit": 0, "case_code": "D6K4-NVP4-BCEP-BPUE", "ok": true, "robot_started": true, "status": "robot-completed", "clicks": 1}
READ_ONLY_DB_COPY {"label": "001-db-after-0", "rows": 242}
AUTHORITATIVE_RESULT {"id": 242, "team_no": "202623001141", "problem_no": 3, "practice_run_no": 4976617223290011528, "case_code": "D6K4-NVP4-BCEP-BPUE", "entered": 1, "jammer_count": 11, "cleared_jammer_count": 11, "clear_failure_count": 0, "virtual_time_us": 2691354915, "end_reason": "user_exit", "created_at_ms": 1789246291558}
GUI_JOB {"action": "return", "folder": "003-1-return"}
WAIT_GUI {"seconds_remaining": 60}
GUI_RESULT {"status": "returned-to-practice", "ok": true, "clicks": 2, "robot_started": false}
SENSITIVITY_PROGRESS 63 742 screen 3 trial_radius=65 D6K4-NVP4-BCEP-BPUE 11 11
GUI_JOB {"action": "dry-run", "folder": "001-0-dry-run"}
WAIT_GUI {"seconds_remaining": 60}
GUI_RESULT {"status": "dry-run-ready", "ok": true, "clicks": 0, "robot_started": false}
READ_ONLY_DB_COPY {"label": "001-db-before", "rows": 242}
GUI_JOB {"action": "run", "folder": "002-1-run"}
WAIT_GUI {"seconds_remaining": 1320}
GUI_RESULT {"robot_exit": 0, "case_code": "569H-RAU8-UFNJ-RTUU", "ok": true, "robot_started": true, "status": "robot-completed", "clicks": 1}
READ_ONLY_DB_COPY {"label": "001-db-after-0", "rows": 243}
AUTHORITATIVE_RESULT {"id": 243, "team_no": "202623001141", "problem_no": 3, "practice_run_no": 5762561947506032460, "case_code": "569H-RAU8-UFNJ-RTUU", "entered": 1, "jammer_count": 10, "cleared_jammer_count": 10, "clear_failure_count": 0, "virtual_time_us": 3207191037, "end_reason": "user_exit", "created_at_ms": 1789246323706}
GUI_JOB {"action": "return", "folder": "003-1-return"}
WAIT_GUI {"seconds_remaining": 60}
GUI_RESULT {"status": "returned-to-practice", "ok": true, "clicks": 2, "robot_started": false}
SENSITIVITY_PROGRESS 64 742 screen 3 trial_radius=20 569H-RAU8-UFNJ-RTUU 10 10
GUI_JOB {"action": "dry-run", "folder": "001-0-dry-run"}
WAIT_GUI {"seconds_remaining": 60}
GUI_RESULT {"status": "dry-run-ready", "ok": true, "clicks": 0, "robot_started": false}
READ_ONLY_DB_COPY {"label": "001-db-before", "rows": 243}
GUI_JOB {"action": "run", "folder": "002-1-run"}
WAIT_GUI {"seconds_remaining": 1320}
GUI_RESULT {"robot_exit": 0, "case_code": "K8CF-NBHT-3FXR-NAQP", "ok": true, "robot_started": true, "status": "robot-completed", "clicks": 1}
READ_ONLY_DB_COPY {"label": "001-db-after-0", "rows": 244}
AUTHORITATIVE_RESULT {"id": 244, "team_no": "202623001141", "problem_no": 4, "practice_run_no": 4356390021167529061, "case_code": "K8CF-NBHT-3FXR-NAQP", "entered": 1, "jammer_count": 10, "cleared_jammer_count": 10, "clear_failure_count": 0, "virtual_time_us": 6262169675, "end_reason": "user_exit", "created_at_ms": 1789246357301}
GUI_JOB {"action": "return", "folder": "003-1-return"}
WAIT_GUI {"seconds_remaining": 60}
GUI_RESULT {"status": "returned-to-practice", "ok": true, "clicks": 2, "robot_started": false}
SENSITIVITY_PROGRESS 65 742 screen 4 trial_radius=65 K8CF-NBHT-3FXR-NAQP 10 10
GUI_JOB {"action": "dry-run", "folder": "001-0-dry-run"}
WAIT_GUI {"seconds_remaining": 60}
GUI_RESULT {"status": "dry-run-ready", "ok": true, "clicks": 0, "robot_started": false}
READ_ONLY_DB_COPY {"label": "001-db-before", "rows": 244}
GUI_JOB {"action": "run", "folder": "002-1-run"}
WAIT_GUI {"seconds_remaining": 1320}
GUI_RESULT {"robot_exit": 0, "case_code": "8FWF-RWQD-6TKF-8P47", "ok": true, "robot_started": true, "status": "robot-completed", "clicks": 1}
READ_ONLY_DB_COPY {"label": "001-db-after-0", "rows": 245}
AUTHORITATIVE_RESULT {"id": 245, "team_no": "202623001141", "problem_no": 4, "practice_run_no": 25902419490797241, "case_code": "8FWF-RWQD-6TKF-8P47", "entered": 1, "jammer_count": 13, "cleared_jammer_count": 13, "clear_failure_count": 0, "virtual_time_us": 6560636468, "end_reason": "user_exit", "created_at_ms": 1789246398633}
GUI_JOB {"action": "return", "folder": "003-1-return"}
WAIT_GUI {"seconds_remaining": 60}
GUI_RESULT {"status": "returned-to-practice", "ok": true, "clicks": 2, "robot_started": false}
SENSITIVITY_PROGRESS 66 742 screen 4 share_limit=0 8FWF-RWQD-6TKF-8P47 13 13
GUI_JOB {"action": "dry-run", "folder": "001-0-dry-run"}
WAIT_GUI {"seconds_remaining": 60}
GUI_RESULT {"status": "dry-run-ready", "ok": true, "clicks": 0, "robot_started": false}
READ_ONLY_DB_COPY {"label": "001-db-before", "rows": 245}
GUI_JOB {"action": "run", "folder": "002-1-run"}
WAIT_GUI {"seconds_remaining": 1320}
GUI_RESULT {"robot_exit": 0, "case_code": "34EF-9M54-QN7P-2NMV", "ok": true, "robot_started": true, "status": "robot-completed", "clicks": 1}
READ_ONLY_DB_COPY {"label": "001-db-after-0", "rows": 246}
AUTHORITATIVE_RESULT {"id": 246, "team_no": "202623001141", "problem_no": 4, "practice_run_no": 2102001445763336091, "case_code": "34EF-9M54-QN7P-2NMV", "entered": 1, "jammer_count": 13, "cleared_jammer_count": 13, "clear_failure_count": 0, "virtual_time_us": 5760233509, "end_reason": "user_exit", "created_at_ms": 1789246436257}
GUI_JOB {"action": "return", "folder": "003-1-return"}
WAIT_GUI {"seconds_remaining": 60}
GUI_RESULT {"status": "returned-to-practice", "ok": true, "clicks": 2, "robot_started": false}
SENSITIVITY_PROGRESS 67 742 screen 4 pause_limit=4 34EF-9M54-QN7P-2NMV 13 13
GUI_JOB {"action": "dry-run", "folder": "001-0-dry-run"}
WAIT_GUI {"seconds_remaining": 60}
GUI_RESULT {"status": "dry-run-ready", "ok": true, "clicks": 0, "robot_started": false}
READ_ONLY_DB_COPY {"label": "001-db-before", "rows": 246}
GUI_JOB {"action": "run", "folder": "002-1-run"}
WAIT_GUI {"seconds_remaining": 1320}
GUI_RESULT {"robot_exit": 0, "case_code": "AJXM-JS7A-AFTV-7JY2", "ok": true, "robot_started": true, "status": "robot-completed", "clicks": 1}
READ_ONLY_DB_COPY {"label": "001-db-after-0", "rows": 247}
AUTHORITATIVE_RESULT {"id": 247, "team_no": "202623001141", "problem_no": 4, "practice_run_no": 1067216634935539132, "case_code": "AJXM-JS7A-AFTV-7JY2", "entered": 1, "jammer_count": 13, "cleared_jammer_count": 13, "clear_failure_count": 0, "virtual_time_us": 6281199824, "end_reason": "user_exit", "created_at_ms": 1789246474071}
GUI_JOB {"action": "return", "folder": "003-1-return"}
WAIT_GUI {"seconds_remaining": 60}
GUI_RESULT {"status": "returned-to-practice", "ok": true, "clicks": 2, "robot_started": false}
SENSITIVITY_PROGRESS 68 742 screen 4 pause_limit=8 AJXM-JS7A-AFTV-7JY2 13 13
GUI_JOB {"action": "dry-run", "folder": "001-0-dry-run"}
WAIT_GUI {"seconds_remaining": 60}
GUI_RESULT {"status": "dry-run-ready", "ok": true, "clicks": 0, "robot_started": false}
READ_ONLY_DB_COPY {"label": "001-db-before", "rows": 247}
GUI_JOB {"action": "run", "folder": "002-1-run"}
WAIT_GUI {"seconds_remaining": 1320}
GUI_RESULT {"robot_exit": 0, "case_code": "D75T-D67Z-3RBR-J4JY", "ok": true, "robot_started": true, "status": "robot-completed", "clicks": 1}
READ_ONLY_DB_COPY {"label": "001-db-after-0", "rows": 248}
AUTHORITATIVE_RESULT {"id": 248, "team_no": "202623001141", "problem_no": 3, "practice_run_no": 7300564229600101812, "case_code": "D75T-D67Z-3RBR-J4JY", "entered": 1, "jammer_count": 11, "cleared_jammer_count": 11, "clear_failure_count": 0, "virtual_time_us": 2952330208, "end_reason": "user_exit", "created_at_ms": 1789246510823}
GUI_JOB {"action": "return", "folder": "003-1-return"}
WAIT_GUI {"seconds_remaining": 60}
GUI_RESULT {"status": "returned-to-practice", "ok": true, "clicks": 2, "robot_started": false}
SENSITIVITY_PROGRESS 69 742 screen 3 share_limit=20 D75T-D67Z-3RBR-J4JY 11 11
GUI_JOB {"action": "dry-run", "folder": "001-0-dry-run"}
WAIT_GUI {"seconds_remaining": 60}
GUI_RESULT {"status": "dry-run-ready", "ok": true, "clicks": 0, "robot_started": false}
READ_ONLY_DB_COPY {"label": "001-db-before", "rows": 248}
GUI_JOB {"action": "run", "folder": "002-1-run"}
WAIT_GUI {"seconds_remaining": 1320}
GUI_RESULT {"robot_exit": 0, "case_code": "BNCN-RXTU-KRMU-9N3W", "ok": true, "robot_started": true, "status": "robot-completed", "clicks": 1}
READ_ONLY_DB_COPY {"label": "001-db-after-0", "rows": 249}
AUTHORITATIVE_RESULT {"id": 249, "team_no": "202623001141", "problem_no": 4, "practice_run_no": 6428269619887536565, "case_code": "BNCN-RXTU-KRMU-9N3W", "entered": 1, "jammer_count": 16, "cleared_jammer_count": 16, "clear_failure_count": 0, "virtual_time_us": 4130807149, "end_reason": "user_exit", "created_at_ms": 1789246544325}
GUI_JOB {"action": "return", "folder": "003-1-return"}
WAIT_GUI {"seconds_remaining": 60}
GUI_RESULT {"status": "returned-to-practice", "ok": true, "clicks": 2, "robot_started": false}
SENSITIVITY_PROGRESS 70 742 screen 4 fraction=0.3 BNCN-RXTU-KRMU-9N3W 16 16
GUI_JOB {"action": "dry-run", "folder": "001-0-dry-run"}
WAIT_GUI {"seconds_remaining": 60}
GUI_RESULT {"status": "dry-run-ready", "ok": true, "clicks": 0, "robot_started": false}
READ_ONLY_DB_COPY {"label": "001-db-before", "rows": 249}
GUI_JOB {"action": "run", "folder": "002-1-run"}
WAIT_GUI {"seconds_remaining": 1320}
GUI_RESULT {"robot_exit": 0, "case_code": "XGW4-WBEC-2BC2-BJP8", "ok": true, "robot_started": true, "status": "robot-completed", "clicks": 1}
READ_ONLY_DB_COPY {"label": "001-db-after-0", "rows": 250}
AUTHORITATIVE_RESULT {"id": 250, "team_no": "202623001141", "problem_no": 4, "practice_run_no": 653539224087020904, "case_code": "XGW4-WBEC-2BC2-BJP8", "entered": 1, "jammer_count": 12, "cleared_jammer_count": 12, "clear_failure_count": 0, "virtual_time_us": 6578693366, "end_reason": "user_exit", "created_at_ms": 1789246579063}
GUI_JOB {"action": "return", "folder": "003-1-return"}
WAIT_GUI {"seconds_remaining": 60}
GUI_RESULT {"status": "returned-to-practice", "ok": true, "clicks": 2, "robot_started": false}
SENSITIVITY_PROGRESS 71 742 screen 4 trial_radius=20 XGW4-WBEC-2BC2-BJP8 12 12
GUI_JOB {"action": "dry-run", "folder": "001-0-dry-run"}
WAIT_GUI {"seconds_remaining": 60}
GUI_RESULT {"status": "dry-run-ready", "ok": true, "clicks": 0, "robot_started": false}
READ_ONLY_DB_COPY {"label": "001-db-before", "rows": 250}
GUI_JOB {"action": "run", "folder": "002-1-run"}
WAIT_GUI {"seconds_remaining": 1320}
GUI_RESULT {"robot_exit": 0, "case_code": "D6B3-77F8-CRRP-YPJD", "ok": true, "robot_started": true, "status": "robot-completed", "clicks": 1}
READ_ONLY_DB_COPY {"label": "001-db-after-0", "rows": 251}
AUTHORITATIVE_RESULT {"id": 251, "team_no": "202623001141", "problem_no": 4, "practice_run_no": 586454756830377909, "case_code": "D6B3-77F8-CRRP-YPJD", "entered": 1, "jammer_count": 13, "cleared_jammer_count": 13, "clear_failure_count": 0, "virtual_time_us": 5700599499, "end_reason": "user_exit", "created_at_ms": 1789246619339}
GUI_JOB {"action": "return", "folder": "003-1-return"}
WAIT_GUI {"seconds_remaining": 60}
GUI_RESULT {"status": "returned-to-practice", "ok": true, "clicks": 2, "robot_started": false}
SENSITIVITY_PROGRESS 72 742 screen 4 share_limit=12 D6B3-77F8-CRRP-YPJD 13 13
GUI_JOB {"action": "dry-run", "folder": "001-0-dry-run"}
WAIT_GUI {"seconds_remaining": 60}
GUI_RESULT {"status": "dry-run-ready", "ok": true, "clicks": 0, "robot_started": false}
READ_ONLY_DB_COPY {"label": "001-db-before", "rows": 251}
GUI_JOB {"action": "run", "folder": "002-1-run"}
WAIT_GUI {"seconds_remaining": 1320}
GUI_RESULT {"robot_exit": 0, "case_code": "JPA3-ADGX-WWXE-XKS8", "ok": true, "robot_started": true, "status": "robot-completed", "clicks": 1}
READ_ONLY_DB_COPY {"label": "001-db-after-0", "rows": 252}
AUTHORITATIVE_RESULT {"id": 252, "team_no": "202623001141", "problem_no": 4, "practice_run_no": 8139445335227216006, "case_code": "JPA3-ADGX-WWXE-XKS8", "entered": 1, "jammer_count": 14, "cleared_jammer_count": 14, "clear_failure_count": 0, "virtual_time_us": 5691675751, "end_reason": "user_exit", "created_at_ms": 1789246657393}
GUI_JOB {"action": "return", "folder": "003-1-return"}
WAIT_GUI {"seconds_remaining": 60}
GUI_RESULT {"status": "returned-to-practice", "ok": true, "clicks": 2, "robot_started": false}
SENSITIVITY_PROGRESS 73 742 screen 4 pause_limit=24 JPA3-ADGX-WWXE-XKS8 14 14
GUI_JOB {"action": "dry-run", "folder": "001-0-dry-run"}
WAIT_GUI {"seconds_remaining": 60}
GUI_RESULT {"status": "dry-run-ready", "ok": true, "clicks": 0, "robot_started": false}
READ_ONLY_DB_COPY {"label": "001-db-before", "rows": 252}
GUI_JOB {"action": "run", "folder": "002-1-run"}
WAIT_GUI {"seconds_remaining": 1320}
GUI_RESULT {"robot_exit": 0, "case_code": "ZN78-RWW2-FR3E-BJVT", "ok": true, "robot_started": true, "status": "robot-completed", "clicks": 1}
READ_ONLY_DB_COPY {"label": "001-db-after-0", "rows": 253}
AUTHORITATIVE_RESULT {"id": 253, "team_no": "202623001141", "problem_no": 4, "practice_run_no": 8217415487188087349, "case_code": "ZN78-RWW2-FR3E-BJVT", "entered": 1, "jammer_count": 12, "cleared_jammer_count": 12, "clear_failure_count": 0, "virtual_time_us": 5808615356, "end_reason": "user_exit", "created_at_ms": 1789246695597}
GUI_JOB {"action": "return", "folder": "003-1-return"}
WAIT_GUI {"seconds_remaining": 60}
GUI_RESULT {"status": "returned-to-practice", "ok": true, "clicks": 2, "robot_started": false}
SENSITIVITY_PROGRESS 74 742 screen 4 steps=2 ZN78-RWW2-FR3E-BJVT 12 12
GUI_JOB {"action": "dry-run", "folder": "001-0-dry-run"}
WAIT_GUI {"seconds_remaining": 60}
GUI_RESULT {"status": "dry-run-ready", "ok": true, "clicks": 0, "robot_started": false}
READ_ONLY_DB_COPY {"label": "001-db-before", "rows": 253}
GUI_JOB {"action": "run", "folder": "002-1-run"}
WAIT_GUI {"seconds_remaining": 1320}
GUI_RESULT {"robot_exit": 0, "case_code": "SD3J-G6ZP-FBMH-WN4C", "ok": true, "robot_started": true, "status": "robot-completed", "clicks": 1}
READ_ONLY_DB_COPY {"label": "001-db-after-0", "rows": 254}
AUTHORITATIVE_RESULT {"id": 254, "team_no": "202623001141", "problem_no": 3, "practice_run_no": 2840989450011421224, "case_code": "SD3J-G6ZP-FBMH-WN4C", "entered": 1, "jammer_count": 15, "cleared_jammer_count": 15, "clear_failure_count": 0, "virtual_time_us": 3271854668, "end_reason": "user_exit", "created_at_ms": 1789246733545}
GUI_JOB {"action": "return", "folder": "003-1-return"}
WAIT_GUI {"seconds_remaining": 60}
GUI_RESULT {"status": "returned-to-practice", "ok": true, "clicks": 2, "robot_started": false}
SENSITIVITY_PROGRESS 75 742 screen 3 remainder_weight=2 SD3J-G6ZP-FBMH-WN4C 15 15
GUI_JOB {"action": "dry-run", "folder": "001-0-dry-run"}
WAIT_GUI {"seconds_remaining": 60}
GUI_RESULT {"status": "dry-run-ready", "ok": true, "clicks": 0, "robot_started": false}
READ_ONLY_DB_COPY {"label": "001-db-before", "rows": 254}
GUI_JOB {"action": "run", "folder": "002-1-run"}
WAIT_GUI {"seconds_remaining": 1320}
GUI_RESULT {"robot_exit": 0, "case_code": "5FCE-MABU-3BAK-2F2W", "ok": true, "robot_started": true, "status": "robot-completed", "clicks": 1}
READ_ONLY_DB_COPY {"label": "001-db-after-0", "rows": 255}
AUTHORITATIVE_RESULT {"id": 255, "team_no": "202623001141", "problem_no": 3, "practice_run_no": 5727295855522767301, "case_code": "5FCE-MABU-3BAK-2F2W", "entered": 1, "jammer_count": 12, "cleared_jammer_count": 12, "clear_failure_count": 0, "virtual_time_us": 3112356708, "end_reason": "user_exit", "created_at_ms": 1789246767292}
GUI_JOB {"action": "return", "folder": "003-1-return"}
WAIT_GUI {"seconds_remaining": 60}
GUI_RESULT {"status": "returned-to-practice", "ok": true, "clicks": 2, "robot_started": false}
SENSITIVITY_PROGRESS 76 742 screen 3 trial_radius=80 5FCE-MABU-3BAK-2F2W 12 12
GUI_JOB {"action": "dry-run", "folder": "001-0-dry-run"}
WAIT_GUI {"seconds_remaining": 60}
GUI_RESULT {"status": "dry-run-ready", "ok": true, "clicks": 0, "robot_started": false}
READ_ONLY_DB_COPY {"label": "001-db-before", "rows": 255}
GUI_JOB {"action": "run", "folder": "002-1-run"}
WAIT_GUI {"seconds_remaining": 1320}
GUI_RESULT {"robot_exit": 0, "case_code": "Y963-V7VX-WB8W-74HS", "ok": true, "robot_started": true, "status": "robot-completed", "clicks": 1}
READ_ONLY_DB_COPY {"label": "001-db-after-0", "rows": 256}
AUTHORITATIVE_RESULT {"id": 256, "team_no": "202623001141", "problem_no": 4, "practice_run_no": 4179258717773340398, "case_code": "Y963-V7VX-WB8W-74HS", "entered": 1, "jammer_count": 14, "cleared_jammer_count": 14, "clear_failure_count": 0, "virtual_time_us": 6792107469, "end_reason": "user_exit", "created_at_ms": 1789246801382}
GUI_JOB {"action": "return", "folder": "003-1-return"}
WAIT_GUI {"seconds_remaining": 60}
GUI_RESULT {"status": "returned-to-practice", "ok": true, "clicks": 2, "robot_started": false}
SENSITIVITY_PROGRESS 77 742 screen 4 share_cooldown=50 Y963-V7VX-WB8W-74HS 14 14
GUI_JOB {"action": "dry-run", "folder": "001-0-dry-run"}
WAIT_GUI {"seconds_remaining": 60}
GUI_RESULT {"status": "dry-run-ready", "ok": true, "clicks": 0, "robot_started": false}
READ_ONLY_DB_COPY {"label": "001-db-before", "rows": 256}
GUI_JOB {"action": "run", "folder": "002-1-run"}
WAIT_GUI {"seconds_remaining": 1320}
GUI_RESULT {"robot_exit": 0, "case_code": "RXFG-92VQ-MF5T-ZH83", "ok": true, "robot_started": true, "status": "robot-completed", "clicks": 1}
READ_ONLY_DB_COPY {"label": "001-db-after-0", "rows": 257}
AUTHORITATIVE_RESULT {"id": 257, "team_no": "202623001141", "problem_no": 4, "practice_run_no": 6777463149816965084, "case_code": "RXFG-92VQ-MF5T-ZH83", "entered": 1, "jammer_count": 16, "cleared_jammer_count": 16, "clear_failure_count": 2, "virtual_time_us": 6096389196, "end_reason": "user_exit", "created_at_ms": 1789246843594}
GUI_JOB {"action": "return", "folder": "003-1-return"}
WAIT_GUI {"seconds_remaining": 60}
GUI_RESULT {"status": "returned-to-practice", "ok": true, "clicks": 2, "robot_started": false}
SENSITIVITY_PROGRESS 78 742 screen 4 trial_radius=80 RXFG-92VQ-MF5T-ZH83 16 16
GUI_JOB {"action": "dry-run", "folder": "001-0-dry-run"}
WAIT_GUI {"seconds_remaining": 60}
GUI_RESULT {"status": "dry-run-ready", "ok": true, "clicks": 0, "robot_started": false}
READ_ONLY_DB_COPY {"label": "001-db-before", "rows": 257}
GUI_JOB {"action": "run", "folder": "002-1-run"}
WAIT_GUI {"seconds_remaining": 1320}
GUI_RESULT {"robot_exit": 0, "case_code": "9NE2-BGMP-3RGD-ZT6Z", "ok": true, "robot_started": true, "status": "robot-completed", "clicks": 1}
READ_ONLY_DB_COPY {"label": "001-db-after-0", "rows": 258}
AUTHORITATIVE_RESULT {"id": 258, "team_no": "202623001141", "problem_no": 3, "practice_run_no": 7184327510357562480, "case_code": "9NE2-BGMP-3RGD-ZT6Z", "entered": 1, "jammer_count": 16, "cleared_jammer_count": 16, "clear_failure_count": 1, "virtual_time_us": 3024748267, "end_reason": "user_exit", "created_at_ms": 1789246883300}
GUI_JOB {"action": "return", "folder": "003-1-return"}
WAIT_GUI {"seconds_remaining": 60}
GUI_RESULT {"status": "returned-to-practice", "ok": true, "clicks": 2, "robot_started": false}
SENSITIVITY_PROGRESS 79 742 screen 3 share_limit=0 9NE2-BGMP-3RGD-ZT6Z 16 16
GUI_JOB {"action": "dry-run", "folder": "001-0-dry-run"}
WAIT_GUI {"seconds_remaining": 60}
GUI_RESULT {"status": "dry-run-ready", "ok": true, "clicks": 0, "robot_started": false}
READ_ONLY_DB_COPY {"label": "001-db-before", "rows": 258}
GUI_JOB {"action": "run", "folder": "002-1-run"}
WAIT_GUI {"seconds_remaining": 1320}
GUI_RESULT {"robot_exit": 0, "case_code": "XEZX-US9N-CEW4-Q8GM", "ok": true, "robot_started": true, "status": "robot-completed", "clicks": 1}
READ_ONLY_DB_COPY {"label": "001-db-after-0", "rows": 259}
AUTHORITATIVE_RESULT {"id": 259, "team_no": "202623001141", "problem_no": 3, "practice_run_no": 1755329725367265134, "case_code": "XEZX-US9N-CEW4-Q8GM", "entered": 1, "jammer_count": 10, "cleared_jammer_count": 10, "clear_failure_count": 2, "virtual_time_us": 2634116240, "end_reason": "user_exit", "created_at_ms": 1789246915368}
GUI_JOB {"action": "return", "folder": "003-1-return"}
WAIT_GUI {"seconds_remaining": 60}
GUI_RESULT {"status": "returned-to-practice", "ok": true, "clicks": 2, "robot_started": false}
SENSITIVITY_PROGRESS 80 742 screen 3 baseline XEZX-US9N-CEW4-Q8GM 10 10
GUI_JOB {"action": "dry-run", "folder": "001-0-dry-run"}
WAIT_GUI {"seconds_remaining": 60}
GUI_RESULT {"status": "dry-run-ready", "ok": true, "clicks": 0, "robot_started": false}
READ_ONLY_DB_COPY {"label": "001-db-before", "rows": 259}
GUI_JOB {"action": "run", "folder": "002-1-run"}
WAIT_GUI {"seconds_remaining": 1320}
GUI_RESULT {"robot_exit": 0, "case_code": "HF3R-TCEK-WEMK-XATU", "ok": true, "robot_started": true, "status": "robot-completed", "clicks": 1}
READ_ONLY_DB_COPY {"label": "001-db-after-0", "rows": 260}
AUTHORITATIVE_RESULT {"id": 260, "team_no": "202623001141", "problem_no": 3, "practice_run_no": 7005794500521785887, "case_code": "HF3R-TCEK-WEMK-XATU", "entered": 1, "jammer_count": 14, "cleared_jammer_count": 14, "clear_failure_count": 0, "virtual_time_us": 3057215996, "end_reason": "user_exit", "created_at_ms": 1789246948788}
GUI_JOB {"action": "return", "folder": "003-1-return"}
WAIT_GUI {"seconds_remaining": 60}
GUI_RESULT {"status": "returned-to-practice", "ok": true, "clicks": 2, "robot_started": false}
SENSITIVITY_PROGRESS 81 742 screen 3 max_active=5 HF3R-TCEK-WEMK-XATU 14 14
GUI_JOB {"action": "dry-run", "folder": "001-0-dry-run"}
WAIT_GUI {"seconds_remaining": 60}
GUI_RESULT {"status": "dry-run-ready", "ok": true, "clicks": 0, "robot_started": false}
READ_ONLY_DB_COPY {"label": "001-db-before", "rows": 260}
GUI_JOB {"action": "run", "folder": "002-1-run"}
WAIT_GUI {"seconds_remaining": 1320}
GUI_RESULT {"robot_exit": 0, "case_code": "G37S-8KKR-8NMQ-DU7G", "ok": true, "robot_started": true, "status": "robot-completed", "clicks": 1}
READ_ONLY_DB_COPY {"label": "001-db-after-0", "rows": 261}
AUTHORITATIVE_RESULT {"id": 261, "team_no": "202623001141", "problem_no": 3, "practice_run_no": 4052609818708350276, "case_code": "G37S-8KKR-8NMQ-DU7G", "entered": 1, "jammer_count": 12, "cleared_jammer_count": 12, "clear_failure_count": 0, "virtual_time_us": 2994068161, "end_reason": "user_exit", "created_at_ms": 1789246981862}
GUI_JOB {"action": "return", "folder": "003-1-return"}
WAIT_GUI {"seconds_remaining": 60}
GUI_RESULT {"status": "returned-to-practice", "ok": true, "clicks": 2, "robot_started": false}
SENSITIVITY_PROGRESS 82 742 screen 3 share_limit=2 G37S-8KKR-8NMQ-DU7G 12 12
GUI_JOB {"action": "dry-run", "folder": "001-0-dry-run"}
WAIT_GUI {"seconds_remaining": 60}
GUI_RESULT {"status": "dry-run-ready", "ok": true, "clicks": 0, "robot_started": false}
READ_ONLY_DB_COPY {"label": "001-db-before", "rows": 261}
GUI_JOB {"action": "run", "folder": "002-1-run"}
WAIT_GUI {"seconds_remaining": 1320}
GUI_RESULT {"robot_exit": 0, "case_code": "5XPU-YX9D-BH22-CG9Y", "ok": true, "robot_started": true, "status": "robot-completed", "clicks": 1}
READ_ONLY_DB_COPY {"label": "001-db-after-0", "rows": 262}
AUTHORITATIVE_RESULT {"id": 262, "team_no": "202623001141", "problem_no": 4, "practice_run_no": 2722511516949810528, "case_code": "5XPU-YX9D-BH22-CG9Y", "entered": 1, "jammer_count": 13, "cleared_jammer_count": 13, "clear_failure_count": 0, "virtual_time_us": 5578868361, "end_reason": "user_exit", "created_at_ms": 1789247016337}
GUI_JOB {"action": "return", "folder": "003-1-return"}
WAIT_GUI {"seconds_remaining": 60}
GUI_RESULT {"status": "returned-to-practice", "ok": true, "clicks": 2, "robot_started": false}
SENSITIVITY_PROGRESS 83 742 screen 4 share_cooldown=0 5XPU-YX9D-BH22-CG9Y 13 13
GUI_JOB {"action": "dry-run", "folder": "001-0-dry-run"}
WAIT_GUI {"seconds_remaining": 60}
GUI_RESULT {"status": "dry-run-ready", "ok": true, "clicks": 0, "robot_started": false}
READ_ONLY_DB_COPY {"label": "001-db-before", "rows": 262}
GUI_JOB {"action": "run", "folder": "002-1-run"}
WAIT_GUI {"seconds_remaining": 1320}
GUI_RESULT {"robot_exit": 0, "case_code": "RBYT-G8TH-DJ4X-652V", "ok": true, "robot_started": true, "status": "robot-completed", "clicks": 1}
READ_ONLY_DB_COPY {"label": "001-db-after-0", "rows": 263}
AUTHORITATIVE_RESULT {"id": 263, "team_no": "202623001141", "problem_no": 3, "practice_run_no": 4921817688406897688, "case_code": "RBYT-G8TH-DJ4X-652V", "entered": 1, "jammer_count": 14, "cleared_jammer_count": 14, "clear_failure_count": 0, "virtual_time_us": 3199457072, "end_reason": "user_exit", "created_at_ms": 1789247054980}
GUI_JOB {"action": "return", "folder": "003-1-return"}
WAIT_GUI {"seconds_remaining": 60}
GUI_RESULT {"status": "returned-to-practice", "ok": true, "clicks": 2, "robot_started": false}
SENSITIVITY_PROGRESS 84 742 screen 3 localization_weight=0.02 RBYT-G8TH-DJ4X-652V 14 14
GUI_JOB {"action": "dry-run", "folder": "001-0-dry-run"}
WAIT_GUI {"seconds_remaining": 60}
GUI_RESULT {"status": "dry-run-ready", "ok": true, "clicks": 0, "robot_started": false}
READ_ONLY_DB_COPY {"label": "001-db-before", "rows": 263}
GUI_JOB {"action": "run", "folder": "002-1-run"}
WAIT_GUI {"seconds_remaining": 1320}
GUI_RESULT {"robot_exit": 0, "case_code": "TE24-MSDD-WZEW-48MZ", "ok": true, "robot_started": true, "status": "robot-completed", "clicks": 1}
READ_ONLY_DB_COPY {"label": "001-db-after-0", "rows": 264}
AUTHORITATIVE_RESULT {"id": 264, "team_no": "202623001141", "problem_no": 4, "practice_run_no": 7083713848784259902, "case_code": "TE24-MSDD-WZEW-48MZ", "entered": 1, "jammer_count": 12, "cleared_jammer_count": 12, "clear_failure_count": 0, "virtual_time_us": 5913193156, "end_reason": "user_exit", "created_at_ms": 1789247089161}
GUI_JOB {"action": "return", "folder": "003-1-return"}
WAIT_GUI {"seconds_remaining": 60}
GUI_RESULT {"status": "returned-to-practice", "ok": true, "clicks": 2, "robot_started": false}
SENSITIVITY_PROGRESS 85 742 screen 4 transverse_m=100 TE24-MSDD-WZEW-48MZ 12 12
GUI_JOB {"action": "dry-run", "folder": "001-0-dry-run"}
WAIT_GUI {"seconds_remaining": 60}
GUI_RESULT {"status": "dry-run-ready", "ok": true, "clicks": 0, "robot_started": false}
READ_ONLY_DB_COPY {"label": "001-db-before", "rows": 264}
GUI_JOB {"action": "run", "folder": "002-1-run"}
WAIT_GUI {"seconds_remaining": 1320}
GUI_RESULT {"robot_exit": 0, "case_code": "YJFH-N775-74NK-9PGA", "ok": true, "robot_started": true, "status": "robot-completed", "clicks": 1}
READ_ONLY_DB_COPY {"label": "001-db-after-0", "rows": 265}
AUTHORITATIVE_RESULT {"id": 265, "team_no": "202623001141", "problem_no": 4, "practice_run_no": 9094262203524945275, "case_code": "YJFH-N775-74NK-9PGA", "entered": 1, "jammer_count": 11, "cleared_jammer_count": 11, "clear_failure_count": 0, "virtual_time_us": 6751220718, "end_reason": "user_exit", "created_at_ms": 1789247129653}
GUI_JOB {"action": "return", "folder": "003-1-return"}
WAIT_GUI {"seconds_remaining": 60}
GUI_RESULT {"status": "returned-to-practice", "ok": true, "clicks": 2, "robot_started": false}
SENSITIVITY_PROGRESS 86 742 screen 4 fraction=0.05 YJFH-N775-74NK-9PGA 11 11
GUI_JOB {"action": "dry-run", "folder": "001-0-dry-run"}
WAIT_GUI {"seconds_remaining": 60}
GUI_RESULT {"status": "dry-run-ready", "ok": true, "clicks": 0, "robot_started": false}
READ_ONLY_DB_COPY {"label": "001-db-before", "rows": 265}
GUI_JOB {"action": "run", "folder": "002-1-run"}
WAIT_GUI {"seconds_remaining": 1320}
GUI_RESULT {"robot_exit": 0, "case_code": "U3QN-DWUD-MCJB-G9R6", "ok": true, "robot_started": true, "status": "robot-completed", "clicks": 1}
READ_ONLY_DB_COPY {"label": "001-db-after-0", "rows": 266}
AUTHORITATIVE_RESULT {"id": 266, "team_no": "202623001141", "problem_no": 4, "practice_run_no": 2404398594347423036, "case_code": "U3QN-DWUD-MCJB-G9R6", "entered": 1, "jammer_count": 13, "cleared_jammer_count": 13, "clear_failure_count": 1, "virtual_time_us": 6146816398, "end_reason": "user_exit", "created_at_ms": 1789247169681}
GUI_JOB {"action": "return", "folder": "003-1-return"}
WAIT_GUI {"seconds_remaining": 60}
GUI_RESULT {"status": "returned-to-practice", "ok": true, "clicks": 2, "robot_started": false}
SENSITIVITY_PROGRESS 87 742 screen 4 baseline U3QN-DWUD-MCJB-G9R6 13 13
GUI_JOB {"action": "dry-run", "folder": "001-0-dry-run"}
WAIT_GUI {"seconds_remaining": 60}
GUI_RESULT {"status": "dry-run-ready", "ok": true, "clicks": 0, "robot_started": false}
READ_ONLY_DB_COPY {"label": "001-db-before", "rows": 266}
GUI_JOB {"action": "run", "folder": "002-1-run"}
WAIT_GUI {"seconds_remaining": 1320}
GUI_RESULT {"robot_exit": 0, "case_code": "99HY-5MGE-395F-GRMA", "ok": true, "robot_started": true, "status": "robot-completed", "clicks": 1}
READ_ONLY_DB_COPY {"label": "001-db-after-0", "rows": 267}
AUTHORITATIVE_RESULT {"id": 267, "team_no": "202623001141", "problem_no": 3, "practice_run_no": 2059754961873970008, "case_code": "99HY-5MGE-395F-GRMA", "entered": 1, "jammer_count": 10, "cleared_jammer_count": 10, "clear_failure_count": 0, "virtual_time_us": 3380946610, "end_reason": "user_exit", "created_at_ms": 1789247208863}
GUI_JOB {"action": "return", "folder": "003-1-return"}
WAIT_GUI {"seconds_remaining": 60}
GUI_RESULT {"status": "returned-to-practice", "ok": true, "clicks": 2, "robot_started": false}
SENSITIVITY_PROGRESS 88 742 screen 3 localization_weight=0 99HY-5MGE-395F-GRMA 10 10
GUI_JOB {"action": "dry-run", "folder": "001-0-dry-run"}
WAIT_GUI {"seconds_remaining": 60}
GUI_RESULT {"status": "dry-run-ready", "ok": true, "clicks": 0, "robot_started": false}
READ_ONLY_DB_COPY {"label": "001-db-before", "rows": 267}
GUI_JOB {"action": "run", "folder": "002-1-run"}
WAIT_GUI {"seconds_remaining": 1320}
GUI_RESULT {"robot_exit": 0, "case_code": "JXEU-WCXD-V3UK-496F", "ok": true, "robot_started": true, "status": "robot-completed", "clicks": 1}
READ_ONLY_DB_COPY {"label": "001-db-after-0", "rows": 268}
AUTHORITATIVE_RESULT {"id": 268, "team_no": "202623001141", "problem_no": 4, "practice_run_no": 3071010443261082315, "case_code": "JXEU-WCXD-V3UK-496F", "entered": 1, "jammer_count": 12, "cleared_jammer_count": 12, "clear_failure_count": 0, "virtual_time_us": 6400232752, "end_reason": "user_exit", "created_at_ms": 1789247243637}
GUI_JOB {"action": "return", "folder": "003-1-return"}
WAIT_GUI {"seconds_remaining": 60}
GUI_RESULT {"status": "returned-to-practice", "ok": true, "clicks": 2, "robot_started": false}
SENSITIVITY_PROGRESS 89 742 screen 4 transverse_m=70 JXEU-WCXD-V3UK-496F 12 12
GUI_JOB {"action": "dry-run", "folder": "001-0-dry-run"}
WAIT_GUI {"seconds_remaining": 60}
GUI_RESULT {"status": "dry-run-ready", "ok": true, "clicks": 0, "robot_started": false}
READ_ONLY_DB_COPY {"label": "001-db-before", "rows": 268}
GUI_JOB {"action": "run", "folder": "002-1-run"}
WAIT_GUI {"seconds_remaining": 1320}
GUI_RESULT {"robot_exit": 0, "case_code": "PHYT-MNZK-FGZF-657Q", "ok": true, "robot_started": true, "status": "robot-completed", "clicks": 1}
READ_ONLY_DB_COPY {"label": "001-db-after-0", "rows": 269}
AUTHORITATIVE_RESULT {"id": 269, "team_no": "202623001141", "problem_no": 4, "practice_run_no": 7627115818924057873, "case_code": "PHYT-MNZK-FGZF-657Q", "entered": 1, "jammer_count": 10, "cleared_jammer_count": 10, "clear_failure_count": 0, "virtual_time_us": 6213501977, "end_reason": "user_exit", "created_at_ms": 1789247283914}
GUI_JOB {"action": "return", "folder": "003-1-return"}
WAIT_GUI {"seconds_remaining": 60}
GUI_RESULT {"status": "returned-to-practice", "ok": true, "clicks": 2, "robot_started": false}
SENSITIVITY_PROGRESS 90 742 screen 4 share_cooldown=400 PHYT-MNZK-FGZF-657Q 10 10
GUI_JOB {"action": "dry-run", "folder": "001-0-dry-run"}
WAIT_GUI {"seconds_remaining": 60}
GUI_RESULT {"status": "dry-run-ready", "ok": true, "clicks": 0, "robot_started": false}
READ_ONLY_DB_COPY {"label": "001-db-before", "rows": 269}
GUI_JOB {"action": "run", "folder": "002-1-run"}
WAIT_GUI {"seconds_remaining": 1320}
GUI_RESULT {"robot_exit": 0, "case_code": "N3YC-R59D-JAXC-Y8C4", "ok": true, "robot_started": true, "status": "robot-completed", "clicks": 1}
READ_ONLY_DB_COPY {"label": "001-db-after-0", "rows": 270}
AUTHORITATIVE_RESULT {"id": 270, "team_no": "202623001141", "problem_no": 3, "practice_run_no": 7643809114518169579, "case_code": "N3YC-R59D-JAXC-Y8C4", "entered": 1, "jammer_count": 11, "cleared_jammer_count": 11, "clear_failure_count": 0, "virtual_time_us": 3066232665, "end_reason": "user_exit", "created_at_ms": 1789247328253}
GUI_JOB {"action": "return", "folder": "003-1-return"}
WAIT_GUI {"seconds_remaining": 60}
GUI_RESULT {"status": "returned-to-practice", "ok": true, "clicks": 2, "robot_started": false}
SENSITIVITY_PROGRESS 91 742 screen 3 max_active=2 N3YC-R59D-JAXC-Y8C4 11 11
GUI_JOB {"action": "dry-run", "folder": "001-0-dry-run"}
WAIT_GUI {"seconds_remaining": 60}
GUI_RESULT {"status": "dry-run-ready", "ok": true, "clicks": 0, "robot_started": false}
READ_ONLY_DB_COPY {"label": "001-db-before", "rows": 270}
GUI_JOB {"action": "run", "folder": "002-1-run"}
WAIT_GUI {"seconds_remaining": 1320}
GUI_RESULT {"robot_exit": 0, "case_code": "2FZY-SNPS-TTCW-GSJ3", "ok": true, "robot_started": true, "status": "robot-completed", "clicks": 1}
READ_ONLY_DB_COPY {"label": "001-db-after-0", "rows": 271}
AUTHORITATIVE_RESULT {"id": 271, "team_no": "202623001141", "problem_no": 4, "practice_run_no": 9190437518562206778, "case_code": "2FZY-SNPS-TTCW-GSJ3", "entered": 1, "jammer_count": 15, "cleared_jammer_count": 15, "clear_failure_count": 0, "virtual_time_us": 6202325470, "end_reason": "user_exit", "created_at_ms": 1789247362476}
GUI_JOB {"action": "return", "folder": "003-1-return"}
WAIT_GUI {"seconds_remaining": 60}
GUI_RESULT {"status": "returned-to-practice", "ok": true, "clicks": 2, "robot_started": false}
SENSITIVITY_PROGRESS 92 742 screen 4 transverse_m=20 2FZY-SNPS-TTCW-GSJ3 15 15
GUI_JOB {"action": "dry-run", "folder": "001-0-dry-run"}
WAIT_GUI {"seconds_remaining": 60}
GUI_RESULT {"status": "dry-run-ready", "ok": true, "clicks": 0, "robot_started": false}
READ_ONLY_DB_COPY {"label": "001-db-before", "rows": 271}
GUI_JOB {"action": "run", "folder": "002-1-run"}
WAIT_GUI {"seconds_remaining": 1320}
GUI_RESULT {"robot_exit": 0, "case_code": "2P7B-PC4G-G6FB-KXE8", "ok": true, "robot_started": true, "status": "robot-completed", "clicks": 1}
READ_ONLY_DB_COPY {"label": "001-db-after-0", "rows": 272}
AUTHORITATIVE_RESULT {"id": 272, "team_no": "202623001141", "problem_no": 3, "practice_run_no": 1983029878814200129, "case_code": "2P7B-PC4G-G6FB-KXE8", "entered": 1, "jammer_count": 15, "cleared_jammer_count": 15, "clear_failure_count": 1, "virtual_time_us": 3287520545, "end_reason": "user_exit", "created_at_ms": 1789247401741}
GUI_JOB {"action": "return", "folder": "003-1-return"}
WAIT_GUI {"seconds_remaining": 60}
GUI_RESULT {"status": "returned-to-practice", "ok": true, "clicks": 2, "robot_started": false}
SENSITIVITY_PROGRESS 93 742 screen 3 localization_weight=1.28 2P7B-PC4G-G6FB-KXE8 15 15
GUI_JOB {"action": "dry-run", "folder": "001-0-dry-run"}
WAIT_GUI {"seconds_remaining": 60}
GUI_RESULT {"status": "dry-run-ready", "ok": true, "clicks": 0, "robot_started": false}
READ_ONLY_DB_COPY {"label": "001-db-before", "rows": 272}
GUI_JOB {"action": "run", "folder": "002-1-run"}
WAIT_GUI {"seconds_remaining": 1320}
GUI_RESULT {"robot_exit": 0, "case_code": "V4GS-556U-YFWR-WK7V", "ok": true, "robot_started": true, "status": "robot-completed", "clicks": 1}
READ_ONLY_DB_COPY {"label": "001-db-after-0", "rows": 273}
AUTHORITATIVE_RESULT {"id": 273, "team_no": "202623001141", "problem_no": 4, "practice_run_no": 1971466668574660459, "case_code": "V4GS-556U-YFWR-WK7V", "entered": 1, "jammer_count": 13, "cleared_jammer_count": 13, "clear_failure_count": 0, "virtual_time_us": 6568462183, "end_reason": "user_exit", "created_at_ms": 1789247436466}
GUI_JOB {"action": "return", "folder": "003-1-return"}
WAIT_GUI {"seconds_remaining": 60}
GUI_RESULT {"status": "returned-to-practice", "ok": true, "clicks": 2, "robot_started": false}
SENSITIVITY_PROGRESS 94 742 screen 4 share_cooldown=800 V4GS-556U-YFWR-WK7V 13 13
GUI_JOB {"action": "dry-run", "folder": "001-0-dry-run"}
WAIT_GUI {"seconds_remaining": 60}
GUI_RESULT {"status": "dry-run-ready", "ok": true, "clicks": 0, "robot_started": false}
READ_ONLY_DB_COPY {"label": "001-db-before", "rows": 273}
GUI_JOB {"action": "run", "folder": "002-1-run"}
WAIT_GUI {"seconds_remaining": 1320}
GUI_RESULT {"robot_exit": 0, "case_code": "BX6V-CN4P-8RJR-PANZ", "ok": true, "robot_started": true, "status": "robot-completed", "clicks": 1}
READ_ONLY_DB_COPY {"label": "001-db-after-0", "rows": 274}
AUTHORITATIVE_RESULT {"id": 274, "team_no": "202623001141", "problem_no": 4, "practice_run_no": 5910061520730620793, "case_code": "BX6V-CN4P-8RJR-PANZ", "entered": 1, "jammer_count": 14, "cleared_jammer_count": 14, "clear_failure_count": 0, "virtual_time_us": 5854973400, "end_reason": "user_exit", "created_at_ms": 1789247476386}
GUI_JOB {"action": "return", "folder": "003-1-return"}
WAIT_GUI {"seconds_remaining": 60}
GUI_RESULT {"status": "returned-to-practice", "ok": true, "clicks": 2, "robot_started": false}
SENSITIVITY_PROGRESS 95 742 screen 4 steps=3 BX6V-CN4P-8RJR-PANZ 14 14
GUI_JOB {"action": "dry-run", "folder": "001-0-dry-run"}
WAIT_GUI {"seconds_remaining": 60}
GUI_RESULT {"status": "dry-run-ready", "ok": true, "clicks": 0, "robot_started": false}
READ_ONLY_DB_COPY {"label": "001-db-before", "rows": 274}
GUI_JOB {"action": "run", "folder": "002-1-run"}
WAIT_GUI {"seconds_remaining": 1320}
GUI_RESULT {"robot_exit": 0, "case_code": "7PJC-MMNH-4PQT-G48B", "ok": true, "robot_started": true, "status": "robot-completed", "clicks": 1}
READ_ONLY_DB_COPY {"label": "001-db-after-0", "rows": 275}
AUTHORITATIVE_RESULT {"id": 275, "team_no": "202623001141", "problem_no": 4, "practice_run_no": 1167760425631286074, "case_code": "7PJC-MMNH-4PQT-G48B", "entered": 1, "jammer_count": 14, "cleared_jammer_count": 14, "clear_failure_count": 0, "virtual_time_us": 5821844242, "end_reason": "user_exit", "created_at_ms": 1789247516553}
GUI_JOB {"action": "return", "folder": "003-1-return"}
WAIT_GUI {"seconds_remaining": 60}
GUI_RESULT {"status": "returned-to-practice", "ok": true, "clicks": 2, "robot_started": false}
SENSITIVITY_PROGRESS 96 742 screen 4 share_limit=20 7PJC-MMNH-4PQT-G48B 14 14
GUI_JOB {"action": "dry-run", "folder": "001-0-dry-run"}
WAIT_GUI {"seconds_remaining": 60}
GUI_RESULT {"status": "dry-run-ready", "ok": true, "clicks": 0, "robot_started": false}
READ_ONLY_DB_COPY {"label": "001-db-before", "rows": 275}
GUI_JOB {"action": "run", "folder": "002-1-run"}
WAIT_GUI {"seconds_remaining": 1320}
GUI_RESULT {"robot_exit": 0, "case_code": "K67C-J66G-74FD-64RP", "ok": true, "robot_started": true, "status": "robot-completed", "clicks": 1}
READ_ONLY_DB_COPY {"label": "001-db-after-0", "rows": 276}
AUTHORITATIVE_RESULT {"id": 276, "team_no": "202623001141", "problem_no": 4, "practice_run_no": 2950713189319562635, "case_code": "K67C-J66G-74FD-64RP", "entered": 1, "jammer_count": 16, "cleared_jammer_count": 16, "clear_failure_count": 0, "virtual_time_us": 3721808270, "end_reason": "user_exit", "created_at_ms": 1789247553909}
GUI_JOB {"action": "return", "folder": "003-1-return"}
WAIT_GUI {"seconds_remaining": 60}
GUI_RESULT {"status": "returned-to-practice", "ok": true, "clicks": 2, "robot_started": false}
SENSITIVITY_PROGRESS 97 742 screen 4 trial_radius=50 K67C-J66G-74FD-64RP 16 16
GUI_JOB {"action": "dry-run", "folder": "001-0-dry-run"}
WAIT_GUI {"seconds_remaining": 60}
GUI_RESULT {"status": "dry-run-ready", "ok": true, "clicks": 0, "robot_started": false}
READ_ONLY_DB_COPY {"label": "001-db-before", "rows": 276}
GUI_JOB {"action": "run", "folder": "002-1-run"}
WAIT_GUI {"seconds_remaining": 1320}
GUI_RESULT {"robot_exit": 0, "case_code": "UMU2-XR5M-GDEB-G95C", "ok": true, "robot_started": true, "status": "robot-completed", "clicks": 1}
READ_ONLY_DB_COPY {"label": "001-db-after-0", "rows": 277}
AUTHORITATIVE_RESULT {"id": 277, "team_no": "202623001141", "problem_no": 4, "practice_run_no": 1748157855749974629, "case_code": "UMU2-XR5M-GDEB-G95C", "entered": 1, "jammer_count": 15, "cleared_jammer_count": 15, "clear_failure_count": 1, "virtual_time_us": 6071463901, "end_reason": "user_exit", "created_at_ms": 1789247590114}
GUI_JOB {"action": "return", "folder": "003-1-return"}
WAIT_GUI {"seconds_remaining": 60}
GUI_RESULT {"status": "returned-to-practice", "ok": true, "clicks": 2, "robot_started": false}
SENSITIVITY_PROGRESS 98 742 screen 4 transverse_m=10 UMU2-XR5M-GDEB-G95C 15 15
GUI_JOB {"action": "dry-run", "folder": "001-0-dry-run"}
WAIT_GUI {"seconds_remaining": 60}
GUI_RESULT {"status": "dry-run-ready", "ok": true, "clicks": 0, "robot_started": false}
READ_ONLY_DB_COPY {"label": "001-db-before", "rows": 277}
GUI_JOB {"action": "run", "folder": "002-1-run"}
WAIT_GUI {"seconds_remaining": 1320}
GUI_RESULT {"robot_exit": 0, "case_code": "JWYN-8YJS-KV64-EKTH", "ok": true, "robot_started": true, "status": "robot-completed", "clicks": 1}
READ_ONLY_DB_COPY {"label": "001-db-after-0", "rows": 278}
AUTHORITATIVE_RESULT {"id": 278, "team_no": "202623001141", "problem_no": 3, "practice_run_no": 300729101931057466, "case_code": "JWYN-8YJS-KV64-EKTH", "entered": 1, "jammer_count": 15, "cleared_jammer_count": 15, "clear_failure_count": 4, "virtual_time_us": 3144445709, "end_reason": "user_exit", "created_at_ms": 1789247630520}
GUI_JOB {"action": "return", "folder": "003-1-return"}
WAIT_GUI {"seconds_remaining": 60}
GUI_RESULT {"status": "returned-to-practice", "ok": true, "clicks": 2, "robot_started": false}
SENSITIVITY_PROGRESS 99 742 screen 3 max_active=1 JWYN-8YJS-KV64-EKTH 15 15
GUI_JOB {"action": "dry-run", "folder": "001-0-dry-run"}
WAIT_GUI {"seconds_remaining": 60}
GUI_RESULT {"status": "dry-run-ready", "ok": true, "clicks": 0, "robot_started": false}
READ_ONLY_DB_COPY {"label": "001-db-before", "rows": 278}
GUI_JOB {"action": "run", "folder": "002-1-run"}
WAIT_GUI {"seconds_remaining": 1320}
GUI_RESULT {"robot_exit": 0, "case_code": "2UG7-GZ5U-4ZTY-VDHY", "ok": true, "robot_started": true, "status": "robot-completed", "clicks": 1}
READ_ONLY_DB_COPY {"label": "001-db-after-0", "rows": 279}
AUTHORITATIVE_RESULT {"id": 279, "team_no": "202623001141", "problem_no": 4, "practice_run_no": 4617820307222448240, "case_code": "2UG7-GZ5U-4ZTY-VDHY", "entered": 1, "jammer_count": 11, "cleared_jammer_count": 11, "clear_failure_count": 0, "virtual_time_us": 5590496793, "end_reason": "user_exit", "created_at_ms": 1789247664408}
GUI_JOB {"action": "return", "folder": "003-1-return"}
WAIT_GUI {"seconds_remaining": 60}
GUI_RESULT {"status": "returned-to-practice", "ok": true, "clicks": 2, "robot_started": false}
SENSITIVITY_PROGRESS 100 742 screen 4 fraction=0.5 2UG7-GZ5U-4ZTY-VDHY 11 11
GUI_JOB {"action": "dry-run", "folder": "001-0-dry-run"}
WAIT_GUI {"seconds_remaining": 60}
GUI_RESULT {"status": "dry-run-ready", "ok": true, "clicks": 0, "robot_started": false}
READ_ONLY_DB_COPY {"label": "001-db-before", "rows": 279}
GUI_JOB {"action": "run", "folder": "002-1-run"}
WAIT_GUI {"seconds_remaining": 1320}
GUI_RESULT {"robot_exit": 0, "case_code": "Y2KX-9RFT-XJDE-82CX", "ok": true, "robot_started": true, "status": "robot-completed", "clicks": 1}
READ_ONLY_DB_COPY {"label": "001-db-after-0", "rows": 280}
AUTHORITATIVE_RESULT {"id": 280, "team_no": "202623001141", "problem_no": 4, "practice_run_no": 2614927606797162590, "case_code": "Y2KX-9RFT-XJDE-82CX", "entered": 1, "jammer_count": 11, "cleared_jammer_count": 11, "clear_failure_count": 0, "virtual_time_us": 6501303950, "end_reason": "user_exit", "created_at_ms": 1789247704576}
GUI_JOB {"action": "return", "folder": "003-1-return"}
WAIT_GUI {"seconds_remaining": 60}
GUI_RESULT {"status": "returned-to-practice", "ok": true, "clicks": 2, "robot_started": false}
SENSITIVITY_PROGRESS 101 742 screen 4 share_limit=2 Y2KX-9RFT-XJDE-82CX 11 11
GUI_JOB {"action": "dry-run", "folder": "001-0-dry-run"}
WAIT_GUI {"seconds_remaining": 60}
GUI_RESULT {"status": "dry-run-ready", "ok": true, "clicks": 0, "robot_started": false}
READ_ONLY_DB_COPY {"label": "001-db-before", "rows": 280}
GUI_JOB {"action": "run", "folder": "002-1-run"}
WAIT_GUI {"seconds_remaining": 1320}
GUI_RESULT {"robot_exit": 0, "case_code": "ZABG-W7TX-79E4-RAUU", "ok": true, "robot_started": true, "status": "robot-completed", "clicks": 1}
READ_ONLY_DB_COPY {"label": "001-db-after-0", "rows": 281}
AUTHORITATIVE_RESULT {"id": 281, "team_no": "202623001141", "problem_no": 4, "practice_run_no": 7088450096317060074, "case_code": "ZABG-W7TX-79E4-RAUU", "entered": 1, "jammer_count": 13, "cleared_jammer_count": 13, "clear_failure_count": 0, "virtual_time_us": 6215165754, "end_reason": "user_exit", "created_at_ms": 1789247745532}
GUI_JOB {"action": "return", "folder": "003-1-return"}
WAIT_GUI {"seconds_remaining": 60}
GUI_RESULT {"status": "returned-to-practice", "ok": true, "clicks": 2, "robot_started": false}
SENSITIVITY_PROGRESS 102 742 screen 4 steps=4 ZABG-W7TX-79E4-RAUU 13 13
GUI_JOB {"action": "dry-run", "folder": "001-0-dry-run"}
WAIT_GUI {"seconds_remaining": 60}
GUI_RESULT {"status": "dry-run-ready", "ok": true, "clicks": 0, "robot_started": false}
READ_ONLY_DB_COPY {"label": "001-db-before", "rows": 281}
GUI_JOB {"action": "run", "folder": "002-1-run"}
WAIT_GUI {"seconds_remaining": 1320}
GUI_RESULT {"robot_exit": 0, "case_code": "2UZU-2UEZ-8KAH-YPU8", "ok": true, "robot_started": true, "status": "robot-completed", "clicks": 1}
READ_ONLY_DB_COPY {"label": "001-db-after-0", "rows": 282}
AUTHORITATIVE_RESULT {"id": 282, "team_no": "202623001141", "problem_no": 3, "practice_run_no": 7337080914629370913, "case_code": "2UZU-2UEZ-8KAH-YPU8", "entered": 1, "jammer_count": 15, "cleared_jammer_count": 15, "clear_failure_count": 1, "virtual_time_us": 3747817211, "end_reason": "user_exit", "created_at_ms": 1789247788588}
GUI_JOB {"action": "return", "folder": "003-1-return"}
WAIT_GUI {"seconds_remaining": 60}
GUI_RESULT {"status": "returned-to-practice", "ok": true, "clicks": 2, "robot_started": false}
SENSITIVITY_PROGRESS 103 742 screen 3 share_limit=2 2UZU-2UEZ-8KAH-YPU8 15 15
GUI_JOB {"action": "dry-run", "folder": "001-0-dry-run"}
WAIT_GUI {"seconds_remaining": 60}
GUI_RESULT {"status": "dry-run-ready", "ok": true, "clicks": 0, "robot_started": false}
READ_ONLY_DB_COPY {"label": "001-db-before", "rows": 282}
GUI_JOB {"action": "run", "folder": "002-1-run"}
WAIT_GUI {"seconds_remaining": 1320}
GUI_RESULT {"robot_exit": 0, "case_code": "QNXW-ZRDH-XF5F-4M8V", "ok": true, "robot_started": true, "status": "robot-completed", "clicks": 1}
READ_ONLY_DB_COPY {"label": "001-db-after-0", "rows": 283}
AUTHORITATIVE_RESULT {"id": 283, "team_no": "202623001141", "problem_no": 4, "practice_run_no": 6022084449572899813, "case_code": "QNXW-ZRDH-XF5F-4M8V", "entered": 1, "jammer_count": 11, "cleared_jammer_count": 11, "clear_failure_count": 0, "virtual_time_us": 5802940900, "end_reason": "user_exit", "created_at_ms": 1789247824165}
GUI_JOB {"action": "return", "folder": "003-1-return"}
WAIT_GUI {"seconds_remaining": 60}
GUI_RESULT {"status": "returned-to-practice", "ok": true, "clicks": 2, "robot_started": false}
SENSITIVITY_PROGRESS 104 742 screen 4 transverse_m=70 QNXW-ZRDH-XF5F-4M8V 11 11
GUI_JOB {"action": "dry-run", "folder": "001-0-dry-run"}
WAIT_GUI {"seconds_remaining": 60}
GUI_RESULT {"status": "dry-run-ready", "ok": true, "clicks": 0, "robot_started": false}
READ_ONLY_DB_COPY {"label": "001-db-before", "rows": 283}
GUI_JOB {"action": "run", "folder": "002-1-run"}
WAIT_GUI {"seconds_remaining": 1320}
GUI_RESULT {"robot_exit": 0, "case_code": "J8TD-8MCJ-E7DX-D2S4", "ok": true, "robot_started": true, "status": "robot-completed", "clicks": 1}
READ_ONLY_DB_COPY {"label": "001-db-after-0", "rows": 284}
AUTHORITATIVE_RESULT {"id": 284, "team_no": "202623001141", "problem_no": 4, "practice_run_no": 2890136134829864275, "case_code": "J8TD-8MCJ-E7DX-D2S4", "entered": 1, "jammer_count": 10, "cleared_jammer_count": 10, "clear_failure_count": 0, "virtual_time_us": 5806537172, "end_reason": "user_exit", "created_at_ms": 1789247865201}
GUI_JOB {"action": "return", "folder": "003-1-return"}
WAIT_GUI {"seconds_remaining": 60}
GUI_RESULT {"status": "returned-to-practice", "ok": true, "clicks": 2, "robot_started": false}
SENSITIVITY_PROGRESS 105 742 screen 4 share_cooldown=0 J8TD-8MCJ-E7DX-D2S4 10 10
GUI_JOB {"action": "dry-run", "folder": "001-0-dry-run"}
WAIT_GUI {"seconds_remaining": 60}
GUI_RESULT {"status": "dry-run-ready", "ok": true, "clicks": 0, "robot_started": false}
READ_ONLY_DB_COPY {"label": "001-db-before", "rows": 284}
GUI_JOB {"action": "run", "folder": "002-1-run"}
WAIT_GUI {"seconds_remaining": 1320}
GUI_RESULT {"robot_exit": 0, "case_code": "K4RF-ZNP6-CPRS-GX64", "ok": true, "robot_started": true, "status": "robot-completed", "clicks": 1}
READ_ONLY_DB_COPY {"label": "001-db-after-0", "rows": 285}
AUTHORITATIVE_RESULT {"id": 285, "team_no": "202623001141", "problem_no": 4, "practice_run_no": 7528429925195978216, "case_code": "K4RF-ZNP6-CPRS-GX64", "entered": 1, "jammer_count": 14, "cleared_jammer_count": 14, "clear_failure_count": 0, "virtual_time_us": 5658368722, "end_reason": "user_exit", "created_at_ms": 1789247905285}
GUI_JOB {"action": "return", "folder": "003-1-return"}
WAIT_GUI {"seconds_remaining": 60}
GUI_RESULT {"status": "returned-to-practice", "ok": true, "clicks": 2, "robot_started": false}
SENSITIVITY_PROGRESS 106 742 screen 4 steps=2 K4RF-ZNP6-CPRS-GX64 14 14
GUI_JOB {"action": "dry-run", "folder": "001-0-dry-run"}
WAIT_GUI {"seconds_remaining": 60}
GUI_RESULT {"status": "dry-run-ready", "ok": true, "clicks": 0, "robot_started": false}
READ_ONLY_DB_COPY {"label": "001-db-before", "rows": 285}
GUI_JOB {"action": "run", "folder": "002-1-run"}
WAIT_GUI {"seconds_remaining": 1320}
GUI_RESULT {"robot_exit": 0, "case_code": "GU5B-MHQV-8B2B-MHSD", "ok": true, "robot_started": true, "status": "robot-completed", "clicks": 1}
READ_ONLY_DB_COPY {"label": "001-db-after-0", "rows": 286}
AUTHORITATIVE_RESULT {"id": 286, "team_no": "202623001141", "problem_no": 4, "practice_run_no": 787262021094735, "case_code": "GU5B-MHQV-8B2B-MHSD", "entered": 1, "jammer_count": 16, "cleared_jammer_count": 16, "clear_failure_count": 0, "virtual_time_us": 5415127576, "end_reason": "user_exit", "created_at_ms": 1789247945862}
GUI_JOB {"action": "return", "folder": "003-1-return"}
WAIT_GUI {"seconds_remaining": 60}
GUI_RESULT {"status": "returned-to-practice", "ok": true, "clicks": 2, "robot_started": false}
SENSITIVITY_PROGRESS 107 742 screen 4 share_limit=20 GU5B-MHQV-8B2B-MHSD 16 16
GUI_JOB {"action": "dry-run", "folder": "001-0-dry-run"}
WAIT_GUI {"seconds_remaining": 60}
GUI_RESULT {"status": "dry-run-ready", "ok": true, "clicks": 0, "robot_started": false}
READ_ONLY_DB_COPY {"label": "001-db-before", "rows": 286}
GUI_JOB {"action": "run", "folder": "002-1-run"}
WAIT_GUI {"seconds_remaining": 1320}
GUI_RESULT {"robot_exit": 0, "case_code": "4ZGT-QRWC-HK8M-7Y6V", "ok": true, "robot_started": true, "status": "robot-completed", "clicks": 1}
READ_ONLY_DB_COPY {"label": "001-db-after-0", "rows": 287}
AUTHORITATIVE_RESULT {"id": 287, "team_no": "202623001141", "problem_no": 4, "practice_run_no": 178675114993140184, "case_code": "4ZGT-QRWC-HK8M-7Y6V", "entered": 1, "jammer_count": 10, "cleared_jammer_count": 10, "clear_failure_count": 0, "virtual_time_us": 6258177954, "end_reason": "user_exit", "created_at_ms": 1789247984252}
GUI_JOB {"action": "return", "folder": "003-1-return"}
WAIT_GUI {"seconds_remaining": 60}
GUI_RESULT {"status": "returned-to-practice", "ok": true, "clicks": 2, "robot_started": false}
SENSITIVITY_PROGRESS 108 742 screen 4 share_cooldown=50 4ZGT-QRWC-HK8M-7Y6V 10 10
GUI_JOB {"action": "dry-run", "folder": "001-0-dry-run"}
WAIT_GUI {"seconds_remaining": 60}
GUI_RESULT {"status": "dry-run-ready", "ok": true, "clicks": 0, "robot_started": false}
READ_ONLY_DB_COPY {"label": "001-db-before", "rows": 287}
GUI_JOB {"action": "run", "folder": "002-1-run"}
WAIT_GUI {"seconds_remaining": 1320}
GUI_RESULT {"robot_exit": 0, "case_code": "6D22-7GRB-4EU7-HB7Q", "ok": true, "robot_started": true, "status": "robot-completed", "clicks": 1}
READ_ONLY_DB_COPY {"label": "001-db-after-0", "rows": 288}
AUTHORITATIVE_RESULT {"id": 288, "team_no": "202623001141", "problem_no": 3, "practice_run_no": 1925171736113100128, "case_code": "6D22-7GRB-4EU7-HB7Q", "entered": 1, "jammer_count": 10, "cleared_jammer_count": 10, "clear_failure_count": 1, "virtual_time_us": 3160943608, "end_reason": "user_exit", "created_at_ms": 1789248028780}
GUI_JOB {"action": "return", "folder": "003-1-return"}
WAIT_GUI {"seconds_remaining": 60}
GUI_RESULT {"status": "returned-to-practice", "ok": true, "clicks": 2, "robot_started": false}
SENSITIVITY_PROGRESS 109 742 screen 3 baseline 6D22-7GRB-4EU7-HB7Q 10 10
GUI_JOB {"action": "dry-run", "folder": "001-0-dry-run"}
WAIT_GUI {"seconds_remaining": 60}
GUI_RESULT {"status": "dry-run-ready", "ok": true, "clicks": 0, "robot_started": false}
READ_ONLY_DB_COPY {"label": "001-db-before", "rows": 288}
GUI_JOB {"action": "run", "folder": "002-1-run"}
WAIT_GUI {"seconds_remaining": 1320}
GUI_RESULT {"robot_exit": 0, "case_code": "4JKN-WYKX-CF92-CB3K", "ok": true, "robot_started": true, "status": "robot-completed", "clicks": 1}
READ_ONLY_DB_COPY {"label": "001-db-after-0", "rows": 289}
AUTHORITATIVE_RESULT {"id": 289, "team_no": "202623001141", "problem_no": 4, "practice_run_no": 2371477355081353883, "case_code": "4JKN-WYKX-CF92-CB3K", "entered": 1, "jammer_count": 11, "cleared_jammer_count": 11, "clear_failure_count": 0, "virtual_time_us": 6197979265, "end_reason": "user_exit", "created_at_ms": 1789248064634}
GUI_JOB {"action": "return", "folder": "003-1-return"}
WAIT_GUI {"seconds_remaining": 60}
GUI_RESULT {"status": "returned-to-practice", "ok": true, "clicks": 2, "robot_started": false}
SENSITIVITY_PROGRESS 110 742 screen 4 transverse_m=20 4JKN-WYKX-CF92-CB3K 11 11
GUI_JOB {"action": "dry-run", "folder": "001-0-dry-run"}
WAIT_GUI {"seconds_remaining": 60}
GUI_RESULT {"status": "dry-run-ready", "ok": true, "clicks": 0, "robot_started": false}
READ_ONLY_DB_COPY {"label": "001-db-before", "rows": 289}
GUI_JOB {"action": "run", "folder": "002-1-run"}
WAIT_GUI {"seconds_remaining": 1320}
GUI_RESULT {"robot_exit": 0, "case_code": "PTM4-XFKT-8BDM-REXZ", "ok": true, "robot_started": true, "status": "robot-completed", "clicks": 1}
READ_ONLY_DB_COPY {"label": "001-db-after-0", "rows": 290}
AUTHORITATIVE_RESULT {"id": 290, "team_no": "202623001141", "problem_no": 3, "practice_run_no": 3450305461340427863, "case_code": "PTM4-XFKT-8BDM-REXZ", "entered": 1, "jammer_count": 15, "cleared_jammer_count": 15, "clear_failure_count": 0, "virtual_time_us": 3627762599, "end_reason": "user_exit", "created_at_ms": 1789248105138}
GUI_JOB {"action": "return", "folder": "003-1-return"}
WAIT_GUI {"seconds_remaining": 60}
GUI_RESULT {"status": "returned-to-practice", "ok": true, "clicks": 2, "robot_started": false}
SENSITIVITY_PROGRESS 111 742 screen 3 max_active=4 PTM4-XFKT-8BDM-REXZ 15 15
GUI_JOB {"action": "dry-run", "folder": "001-0-dry-run"}
WAIT_GUI {"seconds_remaining": 60}
GUI_RESULT {"status": "dry-run-ready", "ok": true, "clicks": 0, "robot_started": false}
READ_ONLY_DB_COPY {"label": "001-db-before", "rows": 290}
GUI_JOB {"action": "run", "folder": "002-1-run"}
WAIT_GUI {"seconds_remaining": 1320}
GUI_RESULT {"robot_exit": 0, "case_code": "TTQH-J23A-ZVEM-B7HT", "ok": true, "robot_started": true, "status": "robot-completed", "clicks": 1}
READ_ONLY_DB_COPY {"label": "001-db-after-0", "rows": 291}
AUTHORITATIVE_RESULT {"id": 291, "team_no": "202623001141", "problem_no": 3, "practice_run_no": 5920638097639284268, "case_code": "TTQH-J23A-ZVEM-B7HT", "entered": 1, "jammer_count": 12, "cleared_jammer_count": 12, "clear_failure_count": 0, "virtual_time_us": 3011394704, "end_reason": "user_exit", "created_at_ms": 1789248140280}
GUI_JOB {"action": "return", "folder": "003-1-return"}
WAIT_GUI {"seconds_remaining": 60}
GUI_RESULT {"status": "returned-to-practice", "ok": true, "clicks": 2, "robot_started": false}
SENSITIVITY_PROGRESS 112 742 screen 3 remainder_weight=0.5 TTQH-J23A-ZVEM-B7HT 12 12
GUI_JOB {"action": "dry-run", "folder": "001-0-dry-run"}
WAIT_GUI {"seconds_remaining": 60}
GUI_RESULT {"status": "dry-run-ready", "ok": true, "clicks": 0, "robot_started": false}
READ_ONLY_DB_COPY {"label": "001-db-before", "rows": 291}
GUI_JOB {"action": "run", "folder": "002-1-run"}
WAIT_GUI {"seconds_remaining": 1320}
GUI_RESULT {"robot_exit": 0, "case_code": "9ZKU-KMBF-WA4M-UTBF", "ok": true, "robot_started": true, "status": "robot-completed", "clicks": 1}
READ_ONLY_DB_COPY {"label": "001-db-after-0", "rows": 292}
AUTHORITATIVE_RESULT {"id": 292, "team_no": "202623001141", "problem_no": 4, "practice_run_no": 6496748514726584658, "case_code": "9ZKU-KMBF-WA4M-UTBF", "entered": 1, "jammer_count": 13, "cleared_jammer_count": 13, "clear_failure_count": 0, "virtual_time_us": 5665591122, "end_reason": "user_exit", "created_at_ms": 1789248175307}
GUI_JOB {"action": "return", "folder": "003-1-return"}
WAIT_GUI {"seconds_remaining": 60}
GUI_RESULT {"status": "returned-to-practice", "ok": true, "clicks": 2, "robot_started": false}
SENSITIVITY_PROGRESS 113 742 screen 4 trial_radius=50 9ZKU-KMBF-WA4M-UTBF 13 13
GUI_JOB {"action": "dry-run", "folder": "001-0-dry-run"}
WAIT_GUI {"seconds_remaining": 60}
GUI_RESULT {"status": "dry-run-ready", "ok": true, "clicks": 0, "robot_started": false}
READ_ONLY_DB_COPY {"label": "001-db-before", "rows": 292}
GUI_JOB {"action": "run", "folder": "002-1-run"}
WAIT_GUI {"seconds_remaining": 1320}
GUI_RESULT {"robot_exit": 0, "case_code": "CTEV-AY63-MSGM-SMSY", "ok": true, "robot_started": true, "status": "robot-completed", "clicks": 1}
READ_ONLY_DB_COPY {"label": "001-db-after-0", "rows": 293}
AUTHORITATIVE_RESULT {"id": 293, "team_no": "202623001141", "problem_no": 3, "practice_run_no": 143522927655874729, "case_code": "CTEV-AY63-MSGM-SMSY", "entered": 1, "jammer_count": 16, "cleared_jammer_count": 16, "clear_failure_count": 1, "virtual_time_us": 3324563580, "end_reason": "user_exit", "created_at_ms": 1789248215446}
GUI_JOB {"action": "return", "folder": "003-1-return"}
WAIT_GUI {"seconds_remaining": 60}
GUI_RESULT {"status": "returned-to-practice", "ok": true, "clicks": 2, "robot_started": false}
SENSITIVITY_PROGRESS 114 742 screen 3 max_active=5 CTEV-AY63-MSGM-SMSY 16 16
GUI_JOB {"action": "dry-run", "folder": "001-0-dry-run"}
WAIT_GUI {"seconds_remaining": 60}
GUI_RESULT {"status": "dry-run-ready", "ok": true, "clicks": 0, "robot_started": false}
READ_ONLY_DB_COPY {"label": "001-db-before", "rows": 293}
GUI_JOB {"action": "run", "folder": "002-1-run"}
WAIT_GUI {"seconds_remaining": 1320}
GUI_RESULT {"robot_exit": 0, "case_code": "UB4X-A7WN-BNBE-9Z2J", "ok": true, "robot_started": true, "status": "robot-completed", "clicks": 1}
READ_ONLY_DB_COPY {"label": "001-db-after-0", "rows": 294}
AUTHORITATIVE_RESULT {"id": 294, "team_no": "202623001141", "problem_no": 4, "practice_run_no": 6310899880658063916, "case_code": "UB4X-A7WN-BNBE-9Z2J", "entered": 1, "jammer_count": 13, "cleared_jammer_count": 13, "clear_failure_count": 0, "virtual_time_us": 5943670958, "end_reason": "user_exit", "created_at_ms": 1789248251474}
GUI_JOB {"action": "return", "folder": "003-1-return"}
WAIT_GUI {"seconds_remaining": 60}
GUI_RESULT {"status": "returned-to-practice", "ok": true, "clicks": 2, "robot_started": false}
SENSITIVITY_PROGRESS 115 742 screen 4 pause_limit=24 UB4X-A7WN-BNBE-9Z2J 13 13
GUI_JOB {"action": "dry-run", "folder": "001-0-dry-run"}
WAIT_GUI {"seconds_remaining": 60}
GUI_RESULT {"status": "dry-run-ready", "ok": true, "clicks": 0, "robot_started": false}
READ_ONLY_DB_COPY {"label": "001-db-before", "rows": 294}
GUI_JOB {"action": "run", "folder": "002-1-run"}
WAIT_GUI {"seconds_remaining": 1320}
GUI_RESULT {"robot_exit": 0, "case_code": "C7A8-K2T4-H5J2-ETWU", "ok": true, "robot_started": true, "status": "robot-completed", "clicks": 1}
READ_ONLY_DB_COPY {"label": "001-db-after-0", "rows": 295}
AUTHORITATIVE_RESULT {"id": 295, "team_no": "202623001141", "problem_no": 4, "practice_run_no": 4911980442993831006, "case_code": "C7A8-K2T4-H5J2-ETWU", "entered": 1, "jammer_count": 10, "cleared_jammer_count": 10, "clear_failure_count": 0, "virtual_time_us": 5953341030, "end_reason": "user_exit", "created_at_ms": 1789248291877}
GUI_JOB {"action": "return", "folder": "003-1-return"}
WAIT_GUI {"seconds_remaining": 60}
GUI_RESULT {"status": "returned-to-practice", "ok": true, "clicks": 2, "robot_started": false}
SENSITIVITY_PROGRESS 116 742 screen 4 fraction=0.05 C7A8-K2T4-H5J2-ETWU 10 10
GUI_JOB {"action": "dry-run", "folder": "001-0-dry-run"}
WAIT_GUI {"seconds_remaining": 60}
GUI_RESULT {"status": "dry-run-ready", "ok": true, "clicks": 0, "robot_started": false}
READ_ONLY_DB_COPY {"label": "001-db-before", "rows": 295}
GUI_JOB {"action": "run", "folder": "002-1-run"}
WAIT_GUI {"seconds_remaining": 1320}
GUI_RESULT {"robot_exit": 0, "case_code": "CXHA-ZPVM-PPPQ-DXSR", "ok": true, "robot_started": true, "status": "robot-completed", "clicks": 1}
READ_ONLY_DB_COPY {"label": "001-db-after-0", "rows": 296}
AUTHORITATIVE_RESULT {"id": 296, "team_no": "202623001141", "problem_no": 3, "practice_run_no": 6228607341869812945, "case_code": "CXHA-ZPVM-PPPQ-DXSR", "entered": 1, "jammer_count": 14, "cleared_jammer_count": 14, "clear_failure_count": 1, "virtual_time_us": 3543946690, "end_reason": "user_exit", "created_at_ms": 1789248335009}
GUI_JOB {"action": "return", "folder": "003-1-return"}
WAIT_GUI {"seconds_remaining": 60}
GUI_RESULT {"status": "returned-to-practice", "ok": true, "clicks": 2, "robot_started": false}
SENSITIVITY_PROGRESS 117 742 screen 3 remainder_weight=0 CXHA-ZPVM-PPPQ-DXSR 14 14
GUI_JOB {"action": "dry-run", "folder": "001-0-dry-run"}
WAIT_GUI {"seconds_remaining": 60}
GUI_RESULT {"status": "dry-run-ready", "ok": true, "clicks": 0, "robot_started": false}
READ_ONLY_DB_COPY {"label": "001-db-before", "rows": 296}
GUI_JOB {"action": "run", "folder": "002-1-run"}
WAIT_GUI {"seconds_remaining": 1320}
GUI_RESULT {"robot_exit": 0, "case_code": "EW4J-MD89-KWWN-8G9E", "ok": true, "robot_started": true, "status": "robot-completed", "clicks": 1}
READ_ONLY_DB_COPY {"label": "001-db-after-0", "rows": 297}
AUTHORITATIVE_RESULT {"id": 297, "team_no": "202623001141", "problem_no": 3, "practice_run_no": 8430309583248462202, "case_code": "EW4J-MD89-KWWN-8G9E", "entered": 1, "jammer_count": 10, "cleared_jammer_count": 10, "clear_failure_count": 0, "virtual_time_us": 3471803333, "end_reason": "user_exit", "created_at_ms": 1789248370519}
GUI_JOB {"action": "return", "folder": "003-1-return"}
WAIT_GUI {"seconds_remaining": 60}
GUI_RESULT {"status": "returned-to-practice", "ok": true, "clicks": 2, "robot_started": false}
SENSITIVITY_PROGRESS 118 742 screen 3 share_limit=0 EW4J-MD89-KWWN-8G9E 10 10
GUI_JOB {"action": "dry-run", "folder": "001-0-dry-run"}
WAIT_GUI {"seconds_remaining": 60}
GUI_RESULT {"status": "dry-run-ready", "ok": true, "clicks": 0, "robot_started": false}
READ_ONLY_DB_COPY {"label": "001-db-before", "rows": 297}
GUI_JOB {"action": "run", "folder": "002-1-run"}
WAIT_GUI {"seconds_remaining": 1320}
GUI_RESULT {"robot_exit": 0, "case_code": "Y2Q7-8V9P-KSGY-3NS3", "ok": true, "robot_started": true, "status": "robot-completed", "clicks": 1}
READ_ONLY_DB_COPY {"label": "001-db-after-0", "rows": 298}
AUTHORITATIVE_RESULT {"id": 298, "team_no": "202623001141", "problem_no": 4, "practice_run_no": 4756597444817197523, "case_code": "Y2Q7-8V9P-KSGY-3NS3", "entered": 1, "jammer_count": 10, "cleared_jammer_count": 10, "clear_failure_count": 0, "virtual_time_us": 6012266673, "end_reason": "user_exit", "created_at_ms": 1789248407137}
GUI_JOB {"action": "return", "folder": "003-1-return"}
WAIT_GUI {"seconds_remaining": 60}
GUI_RESULT {"status": "returned-to-practice", "ok": true, "clicks": 2, "robot_started": false}
SENSITIVITY_PROGRESS 119 742 screen 4 transverse_m=100 Y2Q7-8V9P-KSGY-3NS3 10 10
GUI_JOB {"action": "dry-run", "folder": "001-0-dry-run"}
WAIT_GUI {"seconds_remaining": 60}
GUI_RESULT {"status": "dry-run-ready", "ok": true, "clicks": 0, "robot_started": false}
READ_ONLY_DB_COPY {"label": "001-db-before", "rows": 298}
GUI_JOB {"action": "run", "folder": "002-1-run"}
WAIT_GUI {"seconds_remaining": 1320}
GUI_RESULT {"robot_exit": 0, "case_code": "2GGN-YTCT-CSKN-29A9", "ok": true, "robot_started": true, "status": "robot-completed", "clicks": 1}
READ_ONLY_DB_COPY {"label": "001-db-after-0", "rows": 299}
AUTHORITATIVE_RESULT {"id": 299, "team_no": "202623001141", "problem_no": 3, "practice_run_no": 4734040748912994551, "case_code": "2GGN-YTCT-CSKN-29A9", "entered": 1, "jammer_count": 13, "cleared_jammer_count": 13, "clear_failure_count": 1, "virtual_time_us": 3272820625, "end_reason": "user_exit", "created_at_ms": 1789248447057}
GUI_JOB {"action": "return", "folder": "003-1-return"}
WAIT_GUI {"seconds_remaining": 60}
GUI_RESULT {"status": "returned-to-practice", "ok": true, "clicks": 2, "robot_started": false}
SENSITIVITY_PROGRESS 120 742 screen 3 localization_weight=0 2GGN-YTCT-CSKN-29A9 13 13
GUI_JOB {"action": "dry-run", "folder": "001-0-dry-run"}
WAIT_GUI {"seconds_remaining": 60}
GUI_RESULT {"status": "dry-run-ready", "ok": true, "clicks": 0, "robot_started": false}
READ_ONLY_DB_COPY {"label": "001-db-before", "rows": 299}
GUI_JOB {"action": "run", "folder": "002-1-run"}
WAIT_GUI {"seconds_remaining": 1320}
GUI_RESULT {"robot_exit": 0, "case_code": "Y8CC-HEYD-FKV9-5WBR", "ok": true, "robot_started": true, "status": "robot-completed", "clicks": 1}
READ_ONLY_DB_COPY {"label": "001-db-after-0", "rows": 300}
AUTHORITATIVE_RESULT {"id": 300, "team_no": "202623001141", "problem_no": 3, "practice_run_no": 7642318445919971916, "case_code": "Y8CC-HEYD-FKV9-5WBR", "entered": 1, "jammer_count": 12, "cleared_jammer_count": 12, "clear_failure_count": 1, "virtual_time_us": 3040137850, "end_reason": "user_exit", "created_at_ms": 1789248482456}
GUI_JOB {"action": "return", "folder": "003-1-return"}
WAIT_GUI {"seconds_remaining": 60}
GUI_RESULT {"status": "returned-to-practice", "ok": true, "clicks": 2, "robot_started": false}
SENSITIVITY_PROGRESS 121 742 screen 3 trial_radius=35 Y8CC-HEYD-FKV9-5WBR 12 12
GUI_JOB {"action": "dry-run", "folder": "001-0-dry-run"}
WAIT_GUI {"seconds_remaining": 60}
GUI_RESULT {"status": "dry-run-ready", "ok": true, "clicks": 0, "robot_started": false}
READ_ONLY_DB_COPY {"label": "001-db-before", "rows": 300}
GUI_JOB {"action": "run", "folder": "002-1-run"}
WAIT_GUI {"seconds_remaining": 1320}
GUI_RESULT {"robot_exit": 0, "case_code": "YZR9-4YPM-7N97-NMRS", "ok": true, "robot_started": true, "status": "robot-completed", "clicks": 1}
READ_ONLY_DB_COPY {"label": "001-db-after-0", "rows": 301}
AUTHORITATIVE_RESULT {"id": 301, "team_no": "202623001141", "problem_no": 4, "practice_run_no": 5297885374336412803, "case_code": "YZR9-4YPM-7N97-NMRS", "entered": 1, "jammer_count": 11, "cleared_jammer_count": 11, "clear_failure_count": 0, "virtual_time_us": 6501091626, "end_reason": "user_exit", "created_at_ms": 1789248518086}
GUI_JOB {"action": "return", "folder": "003-1-return"}
WAIT_GUI {"seconds_remaining": 60}
GUI_RESULT {"status": "returned-to-practice", "ok": true, "clicks": 2, "robot_started": false}
SENSITIVITY_PROGRESS 122 742 screen 4 share_limit=0 YZR9-4YPM-7N97-NMRS 11 11
GUI_JOB {"action": "dry-run", "folder": "001-0-dry-run"}
WAIT_GUI {"seconds_remaining": 60}
GUI_RESULT {"status": "dry-run-ready", "ok": true, "clicks": 0, "robot_started": false}
READ_ONLY_DB_COPY {"label": "001-db-before", "rows": 301}
GUI_JOB {"action": "run", "folder": "002-1-run"}
WAIT_GUI {"seconds_remaining": 1320}
GUI_RESULT {"robot_exit": 0, "case_code": "BZWA-P48U-VTFT-HA6C", "ok": true, "robot_started": true, "status": "robot-completed", "clicks": 1}
READ_ONLY_DB_COPY {"label": "001-db-after-0", "rows": 302}
AUTHORITATIVE_RESULT {"id": 302, "team_no": "202623001141", "problem_no": 4, "practice_run_no": 3766959206519618265, "case_code": "BZWA-P48U-VTFT-HA6C", "entered": 1, "jammer_count": 16, "cleared_jammer_count": 16, "clear_failure_count": 1, "virtual_time_us": 4680444622, "end_reason": "user_exit", "created_at_ms": 1789248559738}
GUI_JOB {"action": "return", "folder": "003-1-return"}
WAIT_GUI {"seconds_remaining": 60}
GUI_RESULT {"status": "returned-to-practice", "ok": true, "clicks": 2, "robot_started": false}
SENSITIVITY_PROGRESS 123 742 screen 4 share_limit=2 BZWA-P48U-VTFT-HA6C 16 16
GUI_JOB {"action": "dry-run", "folder": "001-0-dry-run"}
WAIT_GUI {"seconds_remaining": 60}
GUI_RESULT {"status": "dry-run-ready", "ok": true, "clicks": 0, "robot_started": false}
READ_ONLY_DB_COPY {"label": "001-db-before", "rows": 302}
GUI_JOB {"action": "run", "folder": "002-1-run"}
WAIT_GUI {"seconds_remaining": 1320}
GUI_RESULT {"robot_exit": 0, "case_code": "VMPW-RU2Q-MVSQ-TXPJ", "ok": true, "robot_started": true, "status": "robot-completed", "clicks": 1}
READ_ONLY_DB_COPY {"label": "001-db-after-0", "rows": 303}
AUTHORITATIVE_RESULT {"id": 303, "team_no": "202623001141", "problem_no": 3, "practice_run_no": 7032059702938795825, "case_code": "VMPW-RU2Q-MVSQ-TXPJ", "entered": 1, "jammer_count": 15, "cleared_jammer_count": 15, "clear_failure_count": 1, "virtual_time_us": 3380965325, "end_reason": "user_exit", "created_at_ms": 1789248597223}
GUI_JOB {"action": "return", "folder": "003-1-return"}
WAIT_GUI {"seconds_remaining": 60}
GUI_RESULT {"status": "returned-to-practice", "ok": true, "clicks": 2, "robot_started": false}
SENSITIVITY_PROGRESS 124 742 screen 3 localization_weight=1.28 VMPW-RU2Q-MVSQ-TXPJ 15 15
GUI_JOB {"action": "dry-run", "folder": "001-0-dry-run"}
WAIT_GUI {"seconds_remaining": 60}
GUI_RESULT {"status": "dry-run-ready", "ok": true, "clicks": 0, "robot_started": false}
READ_ONLY_DB_COPY {"label": "001-db-before", "rows": 303}
GUI_JOB {"action": "run", "folder": "002-1-run"}
WAIT_GUI {"seconds_remaining": 1320}
GUI_RESULT {"robot_exit": 0, "case_code": "DUTN-UK76-WTGD-GNWK", "ok": true, "robot_started": true, "status": "robot-completed", "clicks": 1}
READ_ONLY_DB_COPY {"label": "001-db-after-0", "rows": 304}
AUTHORITATIVE_RESULT {"id": 304, "team_no": "202623001141", "problem_no": 3, "practice_run_no": 6301876914996192843, "case_code": "DUTN-UK76-WTGD-GNWK", "entered": 1, "jammer_count": 11, "cleared_jammer_count": 11, "clear_failure_count": 0, "virtual_time_us": 3035078863, "end_reason": "user_exit", "created_at_ms": 1789248633205}
GUI_JOB {"action": "return", "folder": "003-1-return"}
WAIT_GUI {"seconds_remaining": 60}
GUI_RESULT {"status": "returned-to-practice", "ok": true, "clicks": 2, "robot_started": false}
SENSITIVITY_PROGRESS 125 742 screen 3 trial_radius=20 DUTN-UK76-WTGD-GNWK 11 11
GUI_JOB {"action": "dry-run", "folder": "001-0-dry-run"}
WAIT_GUI {"seconds_remaining": 60}
GUI_RESULT {"status": "dry-run-ready", "ok": true, "clicks": 0, "robot_started": false}
READ_ONLY_DB_COPY {"label": "001-db-before", "rows": 304}
GUI_JOB {"action": "run", "folder": "002-1-run"}
WAIT_GUI {"seconds_remaining": 1320}
GUI_RESULT {"robot_exit": 0, "case_code": "8H6A-DM47-AJUC-9RTB", "ok": true, "robot_started": true, "status": "robot-completed", "clicks": 1}
READ_ONLY_DB_COPY {"label": "001-db-after-0", "rows": 305}
AUTHORITATIVE_RESULT {"id": 305, "team_no": "202623001141", "problem_no": 3, "practice_run_no": 1151156249018487174, "case_code": "8H6A-DM47-AJUC-9RTB", "entered": 1, "jammer_count": 13, "cleared_jammer_count": 13, "clear_failure_count": 15, "virtual_time_us": 3216558705, "end_reason": "user_exit", "created_at_ms": 1789248669474}
GUI_JOB {"action": "return", "folder": "003-1-return"}
WAIT_GUI {"seconds_remaining": 60}
GUI_RESULT {"status": "returned-to-practice", "ok": true, "clicks": 2, "robot_started": false}
SENSITIVITY_PROGRESS 126 742 screen 3 max_active=1 8H6A-DM47-AJUC-9RTB 13 13
GUI_JOB {"action": "dry-run", "folder": "001-0-dry-run"}
WAIT_GUI {"seconds_remaining": 60}
GUI_RESULT {"status": "dry-run-ready", "ok": true, "clicks": 0, "robot_started": false}
READ_ONLY_DB_COPY {"label": "001-db-before", "rows": 305}
GUI_JOB {"action": "run", "folder": "002-1-run"}
WAIT_GUI {"seconds_remaining": 1320}
GUI_RESULT {"robot_exit": 0, "case_code": "NP4G-89UK-B2UP-QMP5", "ok": true, "robot_started": true, "status": "robot-completed", "clicks": 1}
READ_ONLY_DB_COPY {"label": "001-db-after-0", "rows": 306}
AUTHORITATIVE_RESULT {"id": 306, "team_no": "202623001141", "problem_no": 4, "practice_run_no": 2101777719488439009, "case_code": "NP4G-89UK-B2UP-QMP5", "entered": 1, "jammer_count": 13, "cleared_jammer_count": 13, "clear_failure_count": 0, "virtual_time_us": 6452832035, "end_reason": "user_exit", "created_at_ms": 1789248707232}
GUI_JOB {"action": "return", "folder": "003-1-return"}
WAIT_GUI {"seconds_remaining": 60}
GUI_RESULT {"status": "returned-to-practice", "ok": true, "clicks": 2, "robot_started": false}
SENSITIVITY_PROGRESS 127 742 screen 4 share_cooldown=800 NP4G-89UK-B2UP-QMP5 13 13
GUI_JOB {"action": "dry-run", "folder": "001-0-dry-run"}
WAIT_GUI {"seconds_remaining": 60}
GUI_RESULT {"status": "dry-run-ready", "ok": true, "clicks": 0, "robot_started": false}
READ_ONLY_DB_COPY {"label": "001-db-before", "rows": 306}
GUI_JOB {"action": "run", "folder": "002-1-run"}
WAIT_GUI {"seconds_remaining": 1320}
GUI_RESULT {"robot_exit": 0, "case_code": "SFU4-9HDA-F6W6-2XD2", "ok": true, "robot_started": true, "status": "robot-completed", "clicks": 1}
READ_ONLY_DB_COPY {"label": "001-db-after-0", "rows": 307}
AUTHORITATIVE_RESULT {"id": 307, "team_no": "202623001141", "problem_no": 4, "practice_run_no": 8411999698819957742, "case_code": "SFU4-9HDA-F6W6-2XD2", "entered": 1, "jammer_count": 15, "cleared_jammer_count": 15, "clear_failure_count": 0, "virtual_time_us": 5535669471, "end_reason": "user_exit", "created_at_ms": 1789248751054}
GUI_JOB {"action": "return", "folder": "003-1-return"}
WAIT_GUI {"seconds_remaining": 60}
GUI_RESULT {"status": "returned-to-practice", "ok": true, "clicks": 2, "robot_started": false}
SENSITIVITY_PROGRESS 128 742 screen 4 fraction=0.1 SFU4-9HDA-F6W6-2XD2 15 15
GUI_JOB {"action": "dry-run", "folder": "001-0-dry-run"}
WAIT_GUI {"seconds_remaining": 60}
GUI_RESULT {"status": "dry-run-ready", "ok": true, "clicks": 0, "robot_started": false}
READ_ONLY_DB_COPY {"label": "001-db-before", "rows": 307}
GUI_JOB {"action": "run", "folder": "002-1-run"}
WAIT_GUI {"seconds_remaining": 1320}
GUI_RESULT {"robot_exit": 0, "case_code": "CJJG-S8ZJ-DYHP-UJB7", "ok": true, "robot_started": true, "status": "robot-completed", "clicks": 1}
READ_ONLY_DB_COPY {"label": "001-db-after-0", "rows": 308}
AUTHORITATIVE_RESULT {"id": 308, "team_no": "202623001141", "problem_no": 3, "practice_run_no": 99747762774958021, "case_code": "CJJG-S8ZJ-DYHP-UJB7", "entered": 1, "jammer_count": 16, "cleared_jammer_count": 16, "clear_failure_count": 0, "virtual_time_us": 3659663822, "end_reason": "user_exit", "created_at_ms": 1789248790748}
GUI_JOB {"action": "return", "folder": "003-1-return"}
WAIT_GUI {"seconds_remaining": 60}
GUI_RESULT {"status": "returned-to-practice", "ok": true, "clicks": 2, "robot_started": false}
SENSITIVITY_PROGRESS 129 742 screen 3 localization_weight=0.02 CJJG-S8ZJ-DYHP-UJB7 16 16
GUI_JOB {"action": "dry-run", "folder": "001-0-dry-run"}
WAIT_GUI {"seconds_remaining": 60}
GUI_RESULT {"status": "dry-run-ready", "ok": true, "clicks": 0, "robot_started": false}
READ_ONLY_DB_COPY {"label": "001-db-before", "rows": 308}
GUI_JOB {"action": "run", "folder": "002-1-run"}
WAIT_GUI {"seconds_remaining": 1320}
GUI_RESULT {"robot_exit": 0, "case_code": "VG7R-SEC4-HXMW-WC4X", "ok": true, "robot_started": true, "status": "robot-completed", "clicks": 1}
READ_ONLY_DB_COPY {"label": "001-db-after-0", "rows": 309}
AUTHORITATIVE_RESULT {"id": 309, "team_no": "202623001141", "problem_no": 4, "practice_run_no": 8803396404062268110, "case_code": "VG7R-SEC4-HXMW-WC4X", "entered": 1, "jammer_count": 14, "cleared_jammer_count": 14, "clear_failure_count": 0, "virtual_time_us": 5767430988, "end_reason": "user_exit", "created_at_ms": 1789248826470}
GUI_JOB {"action": "return", "folder": "003-1-return"}
WAIT_GUI {"seconds_remaining": 60}
GUI_RESULT {"status": "returned-to-practice", "ok": true, "clicks": 2, "robot_started": false}
SENSITIVITY_PROGRESS 130 742 screen 4 steps=4 VG7R-SEC4-HXMW-WC4X 14 14
GUI_JOB {"action": "dry-run", "folder": "001-0-dry-run"}
WAIT_GUI {"seconds_remaining": 60}
GUI_RESULT {"status": "dry-run-ready", "ok": true, "clicks": 0, "robot_started": false}
READ_ONLY_DB_COPY {"label": "001-db-before", "rows": 309}
GUI_JOB {"action": "run", "folder": "002-1-run"}
WAIT_GUI {"seconds_remaining": 1320}
GUI_RESULT {"robot_exit": 0, "case_code": "7RYT-7YV2-6VW6-7B2N", "ok": true, "robot_started": true, "status": "robot-completed", "clicks": 1}
READ_ONLY_DB_COPY {"label": "001-db-after-0", "rows": 310}
AUTHORITATIVE_RESULT {"id": 310, "team_no": "202623001141", "problem_no": 3, "practice_run_no": 4925073628158180975, "case_code": "7RYT-7YV2-6VW6-7B2N", "entered": 1, "jammer_count": 12, "cleared_jammer_count": 12, "clear_failure_count": 2, "virtual_time_us": 3080696806, "end_reason": "user_exit", "created_at_ms": 1789248866490}
GUI_JOB {"action": "return", "folder": "003-1-return"}
WAIT_GUI {"seconds_remaining": 60}
GUI_RESULT {"status": "returned-to-practice", "ok": true, "clicks": 2, "robot_started": false}
SENSITIVITY_PROGRESS 131 742 screen 3 trial_radius=65 7RYT-7YV2-6VW6-7B2N 12 12
GUI_JOB {"action": "dry-run", "folder": "001-0-dry-run"}
WAIT_GUI {"seconds_remaining": 60}
GUI_RESULT {"status": "dry-run-ready", "ok": true, "clicks": 0, "robot_started": false}
READ_ONLY_DB_COPY {"label": "001-db-before", "rows": 310}
GUI_JOB {"action": "run", "folder": "002-1-run"}
WAIT_GUI {"seconds_remaining": 1320}
GUI_RESULT {"robot_exit": 0, "case_code": "KKJX-G6RJ-M99U-9HBP", "ok": true, "robot_started": true, "status": "robot-completed", "clicks": 1}
READ_ONLY_DB_COPY {"label": "001-db-after-0", "rows": 311}
AUTHORITATIVE_RESULT {"id": 311, "team_no": "202623001141", "problem_no": 3, "practice_run_no": 1343490330085538673, "case_code": "KKJX-G6RJ-M99U-9HBP", "entered": 1, "jammer_count": 11, "cleared_jammer_count": 11, "clear_failure_count": 0, "virtual_time_us": 2964948174, "end_reason": "user_exit", "created_at_ms": 1789248901815}
GUI_JOB {"action": "return", "folder": "003-1-return"}
WAIT_GUI {"seconds_remaining": 60}
GUI_RESULT {"status": "returned-to-practice", "ok": true, "clicks": 2, "robot_started": false}
SENSITIVITY_PROGRESS 132 742 screen 3 share_limit=12 KKJX-G6RJ-M99U-9HBP 11 11
GUI_JOB {"action": "dry-run", "folder": "001-0-dry-run"}
WAIT_GUI {"seconds_remaining": 60}
GUI_RESULT {"status": "dry-run-ready", "ok": true, "clicks": 0, "robot_started": false}
READ_ONLY_DB_COPY {"label": "001-db-before", "rows": 311}
GUI_JOB {"action": "run", "folder": "002-1-run"}
WAIT_GUI {"seconds_remaining": 1320}
GUI_RESULT {"robot_exit": 0, "case_code": "HURG-EPBU-2K85-R3QY", "ok": true, "robot_started": true, "status": "robot-completed", "clicks": 1}
READ_ONLY_DB_COPY {"label": "001-db-after-0", "rows": 312}
AUTHORITATIVE_RESULT {"id": 312, "team_no": "202623001141", "problem_no": 3, "practice_run_no": 6767038095691592337, "case_code": "HURG-EPBU-2K85-R3QY", "entered": 1, "jammer_count": 14, "cleared_jammer_count": 14, "clear_failure_count": 1, "virtual_time_us": 3183220650, "end_reason": "user_exit", "created_at_ms": 1789248937150}
GUI_JOB {"action": "return", "folder": "003-1-return"}
WAIT_GUI {"seconds_remaining": 60}
GUI_RESULT {"status": "returned-to-practice", "ok": true, "clicks": 2, "robot_started": false}
SENSITIVITY_PROGRESS 133 742 screen 3 remainder_weight=2 HURG-EPBU-2K85-R3QY 14 14
GUI_JOB {"action": "dry-run", "folder": "001-0-dry-run"}
WAIT_GUI {"seconds_remaining": 60}
GUI_RESULT {"status": "dry-run-ready", "ok": true, "clicks": 0, "robot_started": false}
READ_ONLY_DB_COPY {"label": "001-db-before", "rows": 312}
GUI_JOB {"action": "run", "folder": "002-1-run"}
WAIT_GUI {"seconds_remaining": 1320}
GUI_RESULT {"robot_exit": 0, "case_code": "SWTS-7BZM-MNE6-BQ84", "ok": true, "robot_started": true, "status": "robot-completed", "clicks": 1}
READ_ONLY_DB_COPY {"label": "001-db-after-0", "rows": 313}
AUTHORITATIVE_RESULT {"id": 313, "team_no": "202623001141", "problem_no": 4, "practice_run_no": 773670519948882443, "case_code": "SWTS-7BZM-MNE6-BQ84", "entered": 1, "jammer_count": 10, "cleared_jammer_count": 10, "clear_failure_count": 0, "virtual_time_us": 5771076291, "end_reason": "user_exit", "created_at_ms": 1789248974133}
GUI_JOB {"action": "return", "folder": "003-1-return"}
WAIT_GUI {"seconds_remaining": 60}
GUI_RESULT {"status": "returned-to-practice", "ok": true, "clicks": 2, "robot_started": false}
SENSITIVITY_PROGRESS 134 742 screen 4 baseline SWTS-7BZM-MNE6-BQ84 10 10
GUI_JOB {"action": "dry-run", "folder": "001-0-dry-run"}
WAIT_GUI {"seconds_remaining": 60}
GUI_RESULT {"status": "dry-run-ready", "ok": true, "clicks": 0, "robot_started": false}
READ_ONLY_DB_COPY {"label": "001-db-before", "rows": 313}
GUI_JOB {"action": "run", "folder": "002-1-run"}
WAIT_GUI {"seconds_remaining": 1320}
GUI_RESULT {"robot_exit": 0, "case_code": "UEG4-KQEH-5KEF-BEV2", "ok": true, "robot_started": true, "status": "robot-completed", "clicks": 1}
READ_ONLY_DB_COPY {"label": "001-db-after-0", "rows": 314}
AUTHORITATIVE_RESULT {"id": 314, "team_no": "202623001141", "problem_no": 4, "practice_run_no": 3375051156037420709, "case_code": "UEG4-KQEH-5KEF-BEV2", "entered": 1, "jammer_count": 11, "cleared_jammer_count": 11, "clear_failure_count": 0, "virtual_time_us": 5813234598, "end_reason": "user_exit", "created_at_ms": 1789249016889}
GUI_JOB {"action": "return", "folder": "003-1-return"}
WAIT_GUI {"seconds_remaining": 60}
GUI_RESULT {"status": "returned-to-practice", "ok": true, "clicks": 2, "robot_started": false}
SENSITIVITY_PROGRESS 135 742 screen 4 pause_limit=0 UEG4-KQEH-5KEF-BEV2 11 11
GUI_JOB {"action": "dry-run", "folder": "001-0-dry-run"}
WAIT_GUI {"seconds_remaining": 60}
GUI_RESULT {"status": "dry-run-ready", "ok": true, "clicks": 0, "robot_started": false}
READ_ONLY_DB_COPY {"label": "001-db-before", "rows": 314}
GUI_JOB {"action": "run", "folder": "002-1-run"}
WAIT_GUI {"seconds_remaining": 1320}
GUI_RESULT {"robot_exit": 0, "case_code": "KZ43-T8QB-U8RE-SU8E", "ok": true, "robot_started": true, "status": "robot-completed", "clicks": 1}
READ_ONLY_DB_COPY {"label": "001-db-after-0", "rows": 315}
AUTHORITATIVE_RESULT {"id": 315, "team_no": "202623001141", "problem_no": 4, "practice_run_no": 8032010054184468807, "case_code": "KZ43-T8QB-U8RE-SU8E", "entered": 1, "jammer_count": 13, "cleared_jammer_count": 13, "clear_failure_count": 0, "virtual_time_us": 6465418319, "end_reason": "user_exit", "created_at_ms": 1789249061156}
GUI_JOB {"action": "return", "folder": "003-1-return"}
WAIT_GUI {"seconds_remaining": 60}
GUI_RESULT {"status": "returned-to-practice", "ok": true, "clicks": 2, "robot_started": false}
SENSITIVITY_PROGRESS 136 742 screen 4 fraction=0.3 KZ43-T8QB-U8RE-SU8E 13 13
GUI_JOB {"action": "dry-run", "folder": "001-0-dry-run"}
WAIT_GUI {"seconds_remaining": 60}
GUI_RESULT {"status": "dry-run-ready", "ok": true, "clicks": 0, "robot_started": false}
READ_ONLY_DB_COPY {"label": "001-db-before", "rows": 315}
GUI_JOB {"action": "run", "folder": "002-1-run"}
WAIT_GUI {"seconds_remaining": 1320}
GUI_RESULT {"robot_exit": 0, "case_code": "45MH-AAJA-TMG8-M4TM", "ok": true, "robot_started": true, "status": "robot-completed", "clicks": 1}
READ_ONLY_DB_COPY {"label": "001-db-after-0", "rows": 316}
AUTHORITATIVE_RESULT {"id": 316, "team_no": "202623001141", "problem_no": 4, "practice_run_no": 8370777006717546203, "case_code": "45MH-AAJA-TMG8-M4TM", "entered": 1, "jammer_count": 16, "cleared_jammer_count": 16, "clear_failure_count": 0, "virtual_time_us": 5441640358, "end_reason": "user_exit", "created_at_ms": 1789249103389}
GUI_JOB {"action": "return", "folder": "003-1-return"}
WAIT_GUI {"seconds_remaining": 60}
GUI_RESULT {"status": "returned-to-practice", "ok": true, "clicks": 2, "robot_started": false}
SENSITIVITY_PROGRESS 137 742 screen 4 trial_radius=20 45MH-AAJA-TMG8-M4TM 16 16
GUI_JOB {"action": "dry-run", "folder": "001-0-dry-run"}
WAIT_GUI {"seconds_remaining": 60}
GUI_RESULT {"status": "dry-run-ready", "ok": true, "clicks": 0, "robot_started": false}
READ_ONLY_DB_COPY {"label": "001-db-before", "rows": 316}
GUI_JOB {"action": "run", "folder": "002-1-run"}
WAIT_GUI {"seconds_remaining": 1320}
GUI_RESULT {"robot_exit": 0, "case_code": "WCYN-UP7P-F56R-JJNT", "ok": true, "robot_started": true, "status": "robot-completed", "clicks": 1}
READ_ONLY_DB_COPY {"label": "001-db-after-0", "rows": 317}
AUTHORITATIVE_RESULT {"id": 317, "team_no": "202623001141", "problem_no": 3, "practice_run_no": 5657277308825314948, "case_code": "WCYN-UP7P-F56R-JJNT", "entered": 1, "jammer_count": 16, "cleared_jammer_count": 16, "clear_failure_count": 0, "virtual_time_us": 3193139804, "end_reason": "user_exit", "created_at_ms": 1789249142085}
GUI_JOB {"action": "return", "folder": "003-1-return"}
WAIT_GUI {"seconds_remaining": 60}
GUI_RESULT {"status": "returned-to-practice", "ok": true, "clicks": 2, "robot_started": false}
SENSITIVITY_PROGRESS 138 742 screen 3 localization_weight=0.32 WCYN-UP7P-F56R-JJNT 16 16
GUI_JOB {"action": "dry-run", "folder": "001-0-dry-run"}
WAIT_GUI {"seconds_remaining": 60}
GUI_RESULT {"status": "dry-run-ready", "ok": true, "clicks": 0, "robot_started": false}
READ_ONLY_DB_COPY {"label": "001-db-before", "rows": 317}
GUI_JOB {"action": "run", "folder": "002-1-run"}
WAIT_GUI {"seconds_remaining": 1320}
GUI_RESULT {"robot_exit": 0, "case_code": "9M98-C7VV-6UEJ-6B6D", "ok": true, "robot_started": true, "status": "robot-completed", "clicks": 1}
READ_ONLY_DB_COPY {"label": "001-db-after-0", "rows": 318}
AUTHORITATIVE_RESULT {"id": 318, "team_no": "202623001141", "problem_no": 4, "practice_run_no": 1476139569201065962, "case_code": "9M98-C7VV-6UEJ-6B6D", "entered": 1, "jammer_count": 15, "cleared_jammer_count": 15, "clear_failure_count": 102, "virtual_time_us": 6900900410, "end_reason": "user_exit", "created_at_ms": 1789249179205}
GUI_JOB {"action": "return", "folder": "003-1-return"}
WAIT_GUI {"seconds_remaining": 60}
GUI_RESULT {"status": "returned-to-practice", "ok": true, "clicks": 2, "robot_started": false}
SENSITIVITY_PROGRESS 139 742 screen 4 steps=1 9M98-C7VV-6UEJ-6B6D 15 15
GUI_JOB {"action": "dry-run", "folder": "001-0-dry-run"}
WAIT_GUI {"seconds_remaining": 60}
GUI_RESULT {"status": "dry-run-ready", "ok": true, "clicks": 0, "robot_started": false}
READ_ONLY_DB_COPY {"label": "001-db-before", "rows": 318}
GUI_JOB {"action": "run", "folder": "002-1-run"}
WAIT_GUI {"seconds_remaining": 1320}
GUI_RESULT {"robot_exit": 0, "case_code": "QSUC-7NMQ-6SMK-WEU9", "ok": true, "robot_started": true, "status": "robot-completed", "clicks": 1}
READ_ONLY_DB_COPY {"label": "001-db-after-0", "rows": 319}
AUTHORITATIVE_RESULT {"id": 319, "team_no": "202623001141", "problem_no": 3, "practice_run_no": 2615666111877756658, "case_code": "QSUC-7NMQ-6SMK-WEU9", "entered": 1, "jammer_count": 16, "cleared_jammer_count": 16, "clear_failure_count": 0, "virtual_time_us": 3258138505, "end_reason": "user_exit", "created_at_ms": 1789249222422}
GUI_JOB {"action": "return", "folder": "003-1-return"}
WAIT_GUI {"seconds_remaining": 60}
GUI_RESULT {"status": "returned-to-practice", "ok": true, "clicks": 2, "robot_started": false}
SENSITIVITY_PROGRESS 140 742 screen 3 max_active=2 QSUC-7NMQ-6SMK-WEU9 16 16
GUI_JOB {"action": "dry-run", "folder": "001-0-dry-run"}
WAIT_GUI {"seconds_remaining": 60}
GUI_RESULT {"status": "dry-run-ready", "ok": true, "clicks": 0, "robot_started": false}
READ_ONLY_DB_COPY {"label": "001-db-before", "rows": 319}
GUI_JOB {"action": "run", "folder": "002-1-run"}
WAIT_GUI {"seconds_remaining": 1320}
GUI_RESULT {"robot_exit": 0, "case_code": "699P-K66D-VJ7B-ER3J", "ok": true, "robot_started": true, "status": "robot-completed", "clicks": 1}
READ_ONLY_DB_COPY {"label": "001-db-after-0", "rows": 320}
AUTHORITATIVE_RESULT {"id": 320, "team_no": "202623001141", "problem_no": 4, "practice_run_no": 1821310449133881110, "case_code": "699P-K66D-VJ7B-ER3J", "entered": 1, "jammer_count": 11, "cleared_jammer_count": 11, "clear_failure_count": 0, "virtual_time_us": 6022860246, "end_reason": "user_exit", "created_at_ms": 1789249259790}
GUI_JOB {"action": "return", "folder": "003-1-return"}
WAIT_GUI {"seconds_remaining": 60}
GUI_RESULT {"status": "returned-to-practice", "ok": true, "clicks": 2, "robot_started": false}
SENSITIVITY_PROGRESS 141 742 screen 4 trial_radius=80 699P-K66D-VJ7B-ER3J 11 11
GUI_JOB {"action": "dry-run", "folder": "001-0-dry-run"}
WAIT_GUI {"seconds_remaining": 60}
GUI_RESULT {"status": "dry-run-ready", "ok": true, "clicks": 0, "robot_started": false}
READ_ONLY_DB_COPY {"label": "001-db-before", "rows": 320}
GUI_JOB {"action": "run", "folder": "002-1-run"}
WAIT_GUI {"seconds_remaining": 1320}
GUI_RESULT {"robot_exit": 0, "case_code": "RGE7-8NRM-UFFB-CCDA", "ok": true, "robot_started": true, "status": "robot-completed", "clicks": 1}
READ_ONLY_DB_COPY {"label": "001-db-after-0", "rows": 321}
AUTHORITATIVE_RESULT {"id": 321, "team_no": "202623001141", "problem_no": 4, "practice_run_no": 4932935649079236833, "case_code": "RGE7-8NRM-UFFB-CCDA", "entered": 1, "jammer_count": 10, "cleared_jammer_count": 10, "clear_failure_count": 0, "virtual_time_us": 5917097393, "end_reason": "user_exit", "created_at_ms": 1789249303202}
GUI_JOB {"action": "return", "folder": "003-1-return"}
WAIT_GUI {"seconds_remaining": 60}
GUI_RESULT {"status": "returned-to-practice", "ok": true, "clicks": 2, "robot_started": false}
SENSITIVITY_PROGRESS 142 742 screen 4 share_limit=12 RGE7-8NRM-UFFB-CCDA 10 10
GUI_JOB {"action": "dry-run", "folder": "001-0-dry-run"}
WAIT_GUI {"seconds_remaining": 60}
GUI_RESULT {"status": "dry-run-ready", "ok": true, "clicks": 0, "robot_started": false}
READ_ONLY_DB_COPY {"label": "001-db-before", "rows": 321}
GUI_JOB {"action": "run", "folder": "002-1-run"}
WAIT_GUI {"seconds_remaining": 1320}
GUI_RESULT {"robot_exit": 0, "case_code": "KE3Q-WDNF-PRD5-RY8G", "ok": true, "robot_started": true, "status": "robot-completed", "clicks": 1}
READ_ONLY_DB_COPY {"label": "001-db-after-0", "rows": 322}
AUTHORITATIVE_RESULT {"id": 322, "team_no": "202623001141", "problem_no": 3, "practice_run_no": 8338003344122518523, "case_code": "KE3Q-WDNF-PRD5-RY8G", "entered": 1, "jammer_count": 10, "cleared_jammer_count": 10, "clear_failure_count": 0, "virtual_time_us": 2791348182, "end_reason": "user_exit", "created_at_ms": 1789249344536}
GUI_JOB {"action": "return", "folder": "003-1-return"}
WAIT_GUI {"seconds_remaining": 60}
GUI_RESULT {"status": "returned-to-practice", "ok": true, "clicks": 2, "robot_started": false}
SENSITIVITY_PROGRESS 143 742 screen 3 share_limit=20 KE3Q-WDNF-PRD5-RY8G 10 10
GUI_JOB {"action": "dry-run", "folder": "001-0-dry-run"}
WAIT_GUI {"seconds_remaining": 60}
GUI_RESULT {"status": "dry-run-ready", "ok": true, "clicks": 0, "robot_started": false}
READ_ONLY_DB_COPY {"label": "001-db-before", "rows": 322}
GUI_JOB {"action": "run", "folder": "002-1-run"}
WAIT_GUI {"seconds_remaining": 1320}
GUI_RESULT {"robot_exit": 0, "case_code": "ND9J-TDDD-FZAT-TET4", "ok": true, "robot_started": true, "status": "robot-completed", "clicks": 1}
READ_ONLY_DB_COPY {"label": "001-db-after-0", "rows": 323}
AUTHORITATIVE_RESULT {"id": 323, "team_no": "202623001141", "problem_no": 4, "practice_run_no": 7572938454391320880, "case_code": "ND9J-TDDD-FZAT-TET4", "entered": 1, "jammer_count": 15, "cleared_jammer_count": 15, "clear_failure_count": 0, "virtual_time_us": 7119703009, "end_reason": "user_exit", "created_at_ms": 1789249382372}
GUI_JOB {"action": "return", "folder": "003-1-return"}
WAIT_GUI {"seconds_remaining": 60}
GUI_RESULT {"status": "returned-to-practice", "ok": true, "clicks": 2, "robot_started": false}
SENSITIVITY_PROGRESS 144 742 screen 4 pause_limit=8 ND9J-TDDD-FZAT-TET4 15 15
GUI_JOB {"action": "dry-run", "folder": "001-0-dry-run"}
WAIT_GUI {"seconds_remaining": 60}
GUI_RESULT {"status": "dry-run-ready", "ok": true, "clicks": 0, "robot_started": false}
READ_ONLY_DB_COPY {"label": "001-db-before", "rows": 323}
GUI_JOB {"action": "run", "folder": "002-1-run"}
WAIT_GUI {"seconds_remaining": 1320}
GUI_RESULT {"robot_exit": 0, "case_code": "T8Z3-CE9A-ZM4R-UJ29", "ok": true, "robot_started": true, "status": "robot-completed", "clicks": 1}
READ_ONLY_DB_COPY {"label": "001-db-after-0", "rows": 324}
AUTHORITATIVE_RESULT {"id": 324, "team_no": "202623001141", "problem_no": 4, "practice_run_no": 807942518920403630, "case_code": "T8Z3-CE9A-ZM4R-UJ29", "entered": 1, "jammer_count": 13, "cleared_jammer_count": 13, "clear_failure_count": 1, "virtual_time_us": 6427165774, "end_reason": "user_exit", "created_at_ms": 1789249426919}
GUI_JOB {"action": "return", "folder": "003-1-return"}
WAIT_GUI {"seconds_remaining": 60}
GUI_RESULT {"status": "returned-to-practice", "ok": true, "clicks": 2, "robot_started": false}
SENSITIVITY_PROGRESS 145 742 screen 4 fraction=0.5 T8Z3-CE9A-ZM4R-UJ29 13 13
GUI_JOB {"action": "dry-run", "folder": "001-0-dry-run"}
WAIT_GUI {"seconds_remaining": 60}
GUI_RESULT {"status": "dry-run-ready", "ok": true, "clicks": 0, "robot_started": false}
READ_ONLY_DB_COPY {"label": "001-db-before", "rows": 324}
GUI_JOB {"action": "run", "folder": "002-1-run"}
WAIT_GUI {"seconds_remaining": 1320}
GUI_RESULT {"robot_exit": 0, "case_code": "WNF7-9M3A-6JF9-E7AR", "ok": true, "robot_started": true, "status": "robot-completed", "clicks": 1}
READ_ONLY_DB_COPY {"label": "001-db-after-0", "rows": 325}
AUTHORITATIVE_RESULT {"id": 325, "team_no": "202623001141", "problem_no": 3, "practice_run_no": 3738210463322751184, "case_code": "WNF7-9M3A-6JF9-E7AR", "entered": 1, "jammer_count": 12, "cleared_jammer_count": 12, "clear_failure_count": 0, "virtual_time_us": 3638563116, "end_reason": "user_exit", "created_at_ms": 1789249469884}
GUI_JOB {"action": "return", "folder": "003-1-return"}
WAIT_GUI {"seconds_remaining": 60}
GUI_RESULT {"status": "returned-to-practice", "ok": true, "clicks": 2, "robot_started": false}
SENSITIVITY_PROGRESS 146 742 screen 3 trial_radius=80 WNF7-9M3A-6JF9-E7AR 12 12
GUI_JOB {"action": "dry-run", "folder": "001-0-dry-run"}
WAIT_GUI {"seconds_remaining": 60}
GUI_RESULT {"status": "dry-run-ready", "ok": true, "clicks": 0, "robot_started": false}
READ_ONLY_DB_COPY {"label": "001-db-before", "rows": 325}
GUI_JOB {"action": "run", "folder": "002-1-run"}
WAIT_GUI {"seconds_remaining": 1320}
GUI_RESULT {"robot_exit": 0, "case_code": "8GMB-CNT8-SYPY-NKG3", "ok": true, "robot_started": true, "status": "robot-completed", "clicks": 1}
READ_ONLY_DB_COPY {"label": "001-db-after-0", "rows": 326}
AUTHORITATIVE_RESULT {"id": 326, "team_no": "202623001141", "problem_no": 4, "practice_run_no": 3941248072879891566, "case_code": "8GMB-CNT8-SYPY-NKG3", "entered": 1, "jammer_count": 10, "cleared_jammer_count": 10, "clear_failure_count": 0, "virtual_time_us": 6118899204, "end_reason": "user_exit", "created_at_ms": 1789249506988}
GUI_JOB {"action": "return", "folder": "003-1-return"}
WAIT_GUI {"seconds_remaining": 60}
GUI_RESULT {"status": "returned-to-practice", "ok": true, "clicks": 2, "robot_started": false}
SENSITIVITY_PROGRESS 147 742 screen 4 pause_limit=4 8GMB-CNT8-SYPY-NKG3 10 10
GUI_JOB {"action": "dry-run", "folder": "001-0-dry-run"}
WAIT_GUI {"seconds_remaining": 60}
GUI_RESULT {"status": "dry-run-ready", "ok": true, "clicks": 0, "robot_started": false}
READ_ONLY_DB_COPY {"label": "001-db-before", "rows": 326}
GUI_JOB {"action": "run", "folder": "002-1-run"}
WAIT_GUI {"seconds_remaining": 1320}
GUI_RESULT {"robot_exit": 0, "case_code": "Y2DN-EKXB-4CD8-NY2F", "ok": true, "robot_started": true, "status": "robot-completed", "clicks": 1}
READ_ONLY_DB_COPY {"label": "001-db-after-0", "rows": 327}
AUTHORITATIVE_RESULT {"id": 327, "team_no": "202623001141", "problem_no": 4, "practice_run_no": 7503599073506539327, "case_code": "Y2DN-EKXB-4CD8-NY2F", "entered": 1, "jammer_count": 11, "cleared_jammer_count": 11, "clear_failure_count": 0, "virtual_time_us": 6448783937, "end_reason": "user_exit", "created_at_ms": 1789249550164}
GUI_JOB {"action": "return", "folder": "003-1-return"}
WAIT_GUI {"seconds_remaining": 60}
GUI_RESULT {"status": "returned-to-practice", "ok": true, "clicks": 2, "robot_started": false}
SENSITIVITY_PROGRESS 148 742 screen 4 steps=3 Y2DN-EKXB-4CD8-NY2F 11 11
GUI_JOB {"action": "dry-run", "folder": "001-0-dry-run"}
WAIT_GUI {"seconds_remaining": 60}
GUI_RESULT {"status": "dry-run-ready", "ok": true, "clicks": 0, "robot_started": false}
READ_ONLY_DB_COPY {"label": "001-db-before", "rows": 327}
GUI_JOB {"action": "run", "folder": "002-1-run"}
WAIT_GUI {"seconds_remaining": 1320}
GUI_RESULT {"robot_exit": 0, "case_code": "KW6T-Y2QU-Y9NU-PWHM", "ok": true, "robot_started": true, "status": "robot-completed", "clicks": 1}
READ_ONLY_DB_COPY {"label": "001-db-after-0", "rows": 328}
AUTHORITATIVE_RESULT {"id": 328, "team_no": "202623001141", "problem_no": 4, "practice_run_no": 4422099701059359661, "case_code": "KW6T-Y2QU-Y9NU-PWHM", "entered": 1, "jammer_count": 15, "cleared_jammer_count": 15, "clear_failure_count": 1, "virtual_time_us": 6294509048, "end_reason": "user_exit", "created_at_ms": 1789249592044}
GUI_JOB {"action": "return", "folder": "003-1-return"}
WAIT_GUI {"seconds_remaining": 60}
GUI_RESULT {"status": "returned-to-practice", "ok": true, "clicks": 2, "robot_started": false}
SENSITIVITY_PROGRESS 149 742 screen 4 trial_radius=65 KW6T-Y2QU-Y9NU-PWHM 15 15
GUI_JOB {"action": "dry-run", "folder": "001-0-dry-run"}
WAIT_GUI {"seconds_remaining": 60}
GUI_RESULT {"status": "dry-run-ready", "ok": true, "clicks": 0, "robot_started": false}
READ_ONLY_DB_COPY {"label": "001-db-before", "rows": 328}
GUI_JOB {"action": "run", "folder": "002-1-run"}
WAIT_GUI {"seconds_remaining": 1320}
GUI_RESULT {"robot_exit": 0, "case_code": "YSSN-XZYV-8YZU-ED3M", "ok": true, "robot_started": true, "status": "robot-completed", "clicks": 1}
READ_ONLY_DB_COPY {"label": "001-db-after-0", "rows": 329}
AUTHORITATIVE_RESULT {"id": 329, "team_no": "202623001141", "problem_no": 4, "practice_run_no": 1291543468645804964, "case_code": "YSSN-XZYV-8YZU-ED3M", "entered": 1, "jammer_count": 16, "cleared_jammer_count": 16, "clear_failure_count": 0, "virtual_time_us": 5755453238, "end_reason": "user_exit", "created_at_ms": 1789249632437}
GUI_JOB {"action": "return", "folder": "003-1-return"}
WAIT_GUI {"seconds_remaining": 60}
GUI_RESULT {"status": "returned-to-practice", "ok": true, "clicks": 2, "robot_started": false}
SENSITIVITY_PROGRESS 150 742 screen 4 share_cooldown=400 YSSN-XZYV-8YZU-ED3M 16 16
GUI_JOB {"action": "dry-run", "folder": "001-0-dry-run"}
WAIT_GUI {"seconds_remaining": 60}
GUI_RESULT {"status": "dry-run-ready", "ok": true, "clicks": 0, "robot_started": false}
READ_ONLY_DB_COPY {"label": "001-db-before", "rows": 329}
GUI_JOB {"action": "run", "folder": "002-1-run"}
WAIT_GUI {"seconds_remaining": 1320}
GUI_RESULT {"robot_exit": 0, "case_code": "AKF9-G5UM-CFGE-X3AF", "ok": true, "robot_started": true, "status": "robot-completed", "clicks": 1}
READ_ONLY_DB_COPY {"label": "001-db-after-0", "rows": 330}
AUTHORITATIVE_RESULT {"id": 330, "team_no": "202623001141", "problem_no": 4, "practice_run_no": 5750133875741147565, "case_code": "AKF9-G5UM-CFGE-X3AF", "entered": 1, "jammer_count": 16, "cleared_jammer_count": 16, "clear_failure_count": 1, "virtual_time_us": 6424567193, "end_reason": "user_exit", "created_at_ms": 1789249676019}
GUI_JOB {"action": "return", "folder": "003-1-return"}
WAIT_GUI {"seconds_remaining": 60}
GUI_RESULT {"status": "returned-to-practice", "ok": true, "clicks": 2, "robot_started": false}
SENSITIVITY_PROGRESS 151 742 screen 4 transverse_m=10 AKF9-G5UM-CFGE-X3AF 16 16
GUI_JOB {"action": "dry-run", "folder": "001-0-dry-run"}
WAIT_GUI {"seconds_remaining": 60}
GUI_RESULT {"status": "dry-run-ready", "ok": true, "clicks": 0, "robot_started": false}
READ_ONLY_DB_COPY {"label": "001-db-before", "rows": 330}
GUI_JOB {"action": "run", "folder": "002-1-run"}
WAIT_GUI {"seconds_remaining": 1320}
GUI_RESULT {"robot_exit": 0, "case_code": "UXY3-H3GR-NYKQ-NZSQ", "ok": true, "robot_started": true, "status": "robot-completed", "clicks": 1}
READ_ONLY_DB_COPY {"label": "001-db-after-0", "rows": 331}
AUTHORITATIVE_RESULT {"id": 331, "team_no": "202623001141", "problem_no": 3, "practice_run_no": 3559969330348031709, "case_code": "UXY3-H3GR-NYKQ-NZSQ", "entered": 1, "jammer_count": 15, "cleared_jammer_count": 15, "clear_failure_count": 1, "virtual_time_us": 3217193892, "end_reason": "user_exit", "created_at_ms": 1789249718656}
GUI_JOB {"action": "return", "folder": "003-1-return"}
WAIT_GUI {"seconds_remaining": 60}
GUI_RESULT {"status": "returned-to-practice", "ok": true, "clicks": 2, "robot_started": false}
SENSITIVITY_PROGRESS 152 742 screen 3 remainder_weight=1 UXY3-H3GR-NYKQ-NZSQ 15 15
GUI_JOB {"action": "dry-run", "folder": "001-0-dry-run"}
WAIT_GUI {"seconds_remaining": 60}
GUI_RESULT {"status": "dry-run-ready", "ok": true, "clicks": 0, "robot_started": false}
READ_ONLY_DB_COPY {"label": "001-db-before", "rows": 331}
GUI_JOB {"action": "run", "folder": "002-1-run"}
WAIT_GUI {"seconds_remaining": 1320}
GUI_RESULT {"robot_exit": 0, "case_code": "27WG-KTMP-WR75-JURW", "ok": true, "robot_started": true, "status": "robot-completed", "clicks": 1}
READ_ONLY_DB_COPY {"label": "001-db-after-0", "rows": 332}
AUTHORITATIVE_RESULT {"id": 332, "team_no": "202623001141", "problem_no": 4, "practice_run_no": 7891922324318664974, "case_code": "27WG-KTMP-WR75-JURW", "entered": 1, "jammer_count": 14, "cleared_jammer_count": 14, "clear_failure_count": 0, "virtual_time_us": 6350956510, "end_reason": "user_exit", "created_at_ms": 1789249758770}
GUI_JOB {"action": "return", "folder": "003-1-return"}
WAIT_GUI {"seconds_remaining": 60}
GUI_RESULT {"status": "returned-to-practice", "ok": true, "clicks": 2, "robot_started": false}
SENSITIVITY_PROGRESS 153 742 screen 4 fraction=0.05 27WG-KTMP-WR75-JURW 14 14
GUI_JOB {"action": "dry-run", "folder": "001-0-dry-run"}
WAIT_GUI {"seconds_remaining": 60}
GUI_RESULT {"status": "dry-run-ready", "ok": true, "clicks": 0, "robot_started": false}
READ_ONLY_DB_COPY {"label": "001-db-before", "rows": 332}
GUI_JOB {"action": "run", "folder": "002-1-run"}
WAIT_GUI {"seconds_remaining": 1320}
GUI_RESULT {"robot_exit": 0, "case_code": "WHKC-7SBF-ZJGU-AKXJ", "ok": true, "robot_started": true, "status": "robot-completed", "clicks": 1}
READ_ONLY_DB_COPY {"label": "001-db-after-0", "rows": 333}
AUTHORITATIVE_RESULT {"id": 333, "team_no": "202623001141", "problem_no": 4, "practice_run_no": 2623476402327080421, "case_code": "WHKC-7SBF-ZJGU-AKXJ", "entered": 1, "jammer_count": 12, "cleared_jammer_count": 12, "clear_failure_count": 1, "virtual_time_us": 6490064956, "end_reason": "user_exit", "created_at_ms": 1789249805193}
GUI_JOB {"action": "return", "folder": "003-1-return"}
WAIT_GUI {"seconds_remaining": 60}
GUI_RESULT {"status": "returned-to-practice", "ok": true, "clicks": 2, "robot_started": false}
SENSITIVITY_PROGRESS 154 742 screen 4 share_limit=0 WHKC-7SBF-ZJGU-AKXJ 12 12
GUI_JOB {"action": "dry-run", "folder": "001-0-dry-run"}
WAIT_GUI {"seconds_remaining": 60}
GUI_RESULT {"status": "dry-run-ready", "ok": true, "clicks": 0, "robot_started": false}
READ_ONLY_DB_COPY {"label": "001-db-before", "rows": 333}
GUI_JOB {"action": "run", "folder": "002-1-run"}
WAIT_GUI {"seconds_remaining": 1320}
GUI_RESULT {"robot_exit": 0, "case_code": "B53Q-E67Q-BZ9G-JAZM", "ok": true, "robot_started": true, "status": "robot-completed", "clicks": 1}
READ_ONLY_DB_COPY {"label": "001-db-after-0", "rows": 334}
AUTHORITATIVE_RESULT {"id": 334, "team_no": "202623001141", "problem_no": 4, "practice_run_no": 8696073898262490435, "case_code": "B53Q-E67Q-BZ9G-JAZM", "entered": 1, "jammer_count": 15, "cleared_jammer_count": 15, "clear_failure_count": 0, "virtual_time_us": 6346389406, "end_reason": "user_exit", "created_at_ms": 1789249851864}
GUI_JOB {"action": "return", "folder": "003-1-return"}
WAIT_GUI {"seconds_remaining": 60}
GUI_RESULT {"status": "returned-to-practice", "ok": true, "clicks": 2, "robot_started": false}
SENSITIVITY_PROGRESS 155 742 screen 4 trial_radius=50 B53Q-E67Q-BZ9G-JAZM 15 15
GUI_JOB {"action": "dry-run", "folder": "001-0-dry-run"}
WAIT_GUI {"seconds_remaining": 60}
GUI_RESULT {"status": "dry-run-ready", "ok": true, "clicks": 0, "robot_started": false}
READ_ONLY_DB_COPY {"label": "001-db-before", "rows": 334}
GUI_JOB {"action": "run", "folder": "002-1-run"}
WAIT_GUI {"seconds_remaining": 1320}
GUI_RESULT {"robot_exit": 0, "case_code": "3C6U-Z9N3-6J4C-VYH8", "ok": true, "robot_started": true, "status": "robot-completed", "clicks": 1}
READ_ONLY_DB_COPY {"label": "001-db-after-0", "rows": 335}
AUTHORITATIVE_RESULT {"id": 335, "team_no": "202623001141", "problem_no": 3, "practice_run_no": 3394540843666942330, "case_code": "3C6U-Z9N3-6J4C-VYH8", "entered": 1, "jammer_count": 13, "cleared_jammer_count": 13, "clear_failure_count": 1, "virtual_time_us": 3198897908, "end_reason": "user_exit", "created_at_ms": 1789249892524}
GUI_JOB {"action": "return", "folder": "003-1-return"}
WAIT_GUI {"seconds_remaining": 60}
GUI_RESULT {"status": "returned-to-practice", "ok": true, "clicks": 2, "robot_started": false}
SENSITIVITY_PROGRESS 156 742 screen 3 trial_radius=80 3C6U-Z9N3-6J4C-VYH8 13 13
GUI_JOB {"action": "dry-run", "folder": "001-0-dry-run"}
WAIT_GUI {"seconds_remaining": 60}
GUI_RESULT {"status": "dry-run-ready", "ok": true, "clicks": 0, "robot_started": false}
READ_ONLY_DB_COPY {"label": "001-db-before", "rows": 335}
GUI_JOB {"action": "run", "folder": "002-1-run"}
WAIT_GUI {"seconds_remaining": 1320}
GUI_RESULT {"robot_exit": 0, "case_code": "AHN5-VNAD-SWXY-DZHY", "ok": true, "robot_started": true, "status": "robot-completed", "clicks": 1}
READ_ONLY_DB_COPY {"label": "001-db-after-0", "rows": 336}
AUTHORITATIVE_RESULT {"id": 336, "team_no": "202623001141", "problem_no": 3, "practice_run_no": 2104481934821035119, "case_code": "AHN5-VNAD-SWXY-DZHY", "entered": 1, "jammer_count": 14, "cleared_jammer_count": 14, "clear_failure_count": 0, "virtual_time_us": 3412840928, "end_reason": "user_exit", "created_at_ms": 1789249929386}
GUI_JOB {"action": "return", "folder": "003-1-return"}
WAIT_GUI {"seconds_remaining": 60}
GUI_RESULT {"status": "returned-to-practice", "ok": true, "clicks": 2, "robot_started": false}
SENSITIVITY_PROGRESS 157 742 screen 3 trial_radius=35 AHN5-VNAD-SWXY-DZHY 14 14
GUI_JOB {"action": "dry-run", "folder": "001-0-dry-run"}
WAIT_GUI {"seconds_remaining": 60}
GUI_RESULT {"status": "dry-run-ready", "ok": true, "clicks": 0, "robot_started": false}
READ_ONLY_DB_COPY {"label": "001-db-before", "rows": 336}
GUI_JOB {"action": "run", "folder": "002-1-run"}
WAIT_GUI {"seconds_remaining": 1320}
GUI_RESULT {"robot_exit": 0, "case_code": "ZJ6G-4W98-EA9J-RTJF", "ok": true, "robot_started": true, "status": "robot-completed", "clicks": 1}
READ_ONLY_DB_COPY {"label": "001-db-after-0", "rows": 337}
AUTHORITATIVE_RESULT {"id": 337, "team_no": "202623001141", "problem_no": 4, "practice_run_no": 5804292092058555107, "case_code": "ZJ6G-4W98-EA9J-RTJF", "entered": 1, "jammer_count": 10, "cleared_jammer_count": 10, "clear_failure_count": 0, "virtual_time_us": 5895203883, "end_reason": "user_exit", "created_at_ms": 1789249966958}
GUI_JOB {"action": "return", "folder": "003-1-return"}
WAIT_GUI {"seconds_remaining": 60}
GUI_RESULT {"status": "returned-to-practice", "ok": true, "clicks": 2, "robot_started": false}
SENSITIVITY_PROGRESS 158 742 screen 4 trial_radius=65 ZJ6G-4W98-EA9J-RTJF 10 10
GUI_JOB {"action": "dry-run", "folder": "001-0-dry-run"}
WAIT_GUI {"seconds_remaining": 60}
GUI_RESULT {"status": "dry-run-ready", "ok": true, "clicks": 0, "robot_started": false}
READ_ONLY_DB_COPY {"label": "001-db-before", "rows": 337}
GUI_JOB {"action": "run", "folder": "002-1-run"}
WAIT_GUI {"seconds_remaining": 1320}
GUI_RESULT {"robot_exit": 0, "case_code": "V8J6-JT48-GTKR-M4YD", "ok": true, "robot_started": true, "status": "robot-completed", "clicks": 1}
READ_ONLY_DB_COPY {"label": "001-db-after-0", "rows": 338}
AUTHORITATIVE_RESULT {"id": 338, "team_no": "202623001141", "problem_no": 3, "practice_run_no": 4656926465787295175, "case_code": "V8J6-JT48-GTKR-M4YD", "entered": 1, "jammer_count": 15, "cleared_jammer_count": 15, "clear_failure_count": 0, "virtual_time_us": 3013559167, "end_reason": "user_exit", "created_at_ms": 1789250012470}
GUI_JOB {"action": "return", "folder": "003-1-return"}
WAIT_GUI {"seconds_remaining": 60}
GUI_RESULT {"status": "returned-to-practice", "ok": true, "clicks": 2, "robot_started": false}
SENSITIVITY_PROGRESS 159 742 screen 3 trial_radius=65 V8J6-JT48-GTKR-M4YD 15 15
GUI_JOB {"action": "dry-run", "folder": "001-0-dry-run"}
WAIT_GUI {"seconds_remaining": 60}
GUI_RESULT {"status": "dry-run-ready", "ok": true, "clicks": 0, "robot_started": false}
READ_ONLY_DB_COPY {"label": "001-db-before", "rows": 338}
GUI_JOB {"action": "run", "folder": "002-1-run"}
WAIT_GUI {"seconds_remaining": 1320}
GUI_RESULT {"robot_exit": 0, "case_code": "EF24-4WDR-UABJ-BZJH", "ok": true, "robot_started": true, "status": "robot-completed", "clicks": 1}
READ_ONLY_DB_COPY {"label": "001-db-after-0", "rows": 339}
AUTHORITATIVE_RESULT {"id": 339, "team_no": "202623001141", "problem_no": 3, "practice_run_no": 3982846911268316619, "case_code": "EF24-4WDR-UABJ-BZJH", "entered": 1, "jammer_count": 10, "cleared_jammer_count": 10, "clear_failure_count": 1, "virtual_time_us": 3146304046, "end_reason": "user_exit", "created_at_ms": 1789250048890}
GUI_JOB {"action": "return", "folder": "003-1-return"}
WAIT_GUI {"seconds_remaining": 60}
GUI_RESULT {"status": "returned-to-practice", "ok": true, "clicks": 2, "robot_started": false}
SENSITIVITY_PROGRESS 160 742 screen 3 baseline EF24-4WDR-UABJ-BZJH 10 10
GUI_JOB {"action": "dry-run", "folder": "001-0-dry-run"}
WAIT_GUI {"seconds_remaining": 60}
GUI_RESULT {"status": "dry-run-ready", "ok": true, "clicks": 0, "robot_started": false}
READ_ONLY_DB_COPY {"label": "001-db-before", "rows": 339}
GUI_JOB {"action": "run", "folder": "002-1-run"}
WAIT_GUI {"seconds_remaining": 1320}
GUI_RESULT {"robot_exit": 0, "case_code": "W2PC-ZTNZ-5VDQ-4SNC", "ok": true, "robot_started": true, "status": "robot-completed", "clicks": 1}
READ_ONLY_DB_COPY {"label": "001-db-after-0", "rows": 340}
AUTHORITATIVE_RESULT {"id": 340, "team_no": "202623001141", "problem_no": 4, "practice_run_no": 5911090443309709683, "case_code": "W2PC-ZTNZ-5VDQ-4SNC", "entered": 1, "jammer_count": 13, "cleared_jammer_count": 13, "clear_failure_count": 0, "virtual_time_us": 6080092514, "end_reason": "user_exit", "created_at_ms": 1789250087075}
GUI_JOB {"action": "return", "folder": "003-1-return"}
WAIT_GUI {"seconds_remaining": 60}
GUI_RESULT {"status": "returned-to-practice", "ok": true, "clicks": 2, "robot_started": false}
SENSITIVITY_PROGRESS 161 742 screen 4 trial_radius=20 W2PC-ZTNZ-5VDQ-4SNC 13 13
GUI_JOB {"action": "dry-run", "folder": "001-0-dry-run"}
WAIT_GUI {"seconds_remaining": 60}
GUI_RESULT {"status": "dry-run-ready", "ok": true, "clicks": 0, "robot_started": false}
READ_ONLY_DB_COPY {"label": "001-db-before", "rows": 340}
GUI_JOB {"action": "run", "folder": "002-1-run"}
WAIT_GUI {"seconds_remaining": 1320}
GUI_RESULT {"robot_exit": 0, "case_code": "PRUF-HFUZ-973K-KQD2", "ok": true, "robot_started": true, "status": "robot-completed", "clicks": 1}
READ_ONLY_DB_COPY {"label": "001-db-after-0", "rows": 341}
AUTHORITATIVE_RESULT {"id": 341, "team_no": "202623001141", "problem_no": 4, "practice_run_no": 1818711879158660883, "case_code": "PRUF-HFUZ-973K-KQD2", "entered": 1, "jammer_count": 10, "cleared_jammer_count": 10, "clear_failure_count": 0, "virtual_time_us": 6261678441, "end_reason": "user_exit", "created_at_ms": 1789250129497}
GUI_JOB {"action": "return", "folder": "003-1-return"}
WAIT_GUI {"seconds_remaining": 60}
GUI_RESULT {"status": "returned-to-practice", "ok": true, "clicks": 2, "robot_started": false}
SENSITIVITY_PROGRESS 162 742 screen 4 pause_limit=4 PRUF-HFUZ-973K-KQD2 10 10
GUI_JOB {"action": "dry-run", "folder": "001-0-dry-run"}
WAIT_GUI {"seconds_remaining": 60}
GUI_RESULT {"status": "dry-run-ready", "ok": true, "clicks": 0, "robot_started": false}
READ_ONLY_DB_COPY {"label": "001-db-before", "rows": 341}
GUI_JOB {"action": "run", "folder": "002-1-run"}
WAIT_GUI {"seconds_remaining": 1320}
GUI_RESULT {"robot_exit": 0, "case_code": "CQU7-MPDG-XP85-KGW2", "ok": true, "robot_started": true, "status": "robot-completed", "clicks": 1}
READ_ONLY_DB_COPY {"label": "001-db-after-0", "rows": 342}
AUTHORITATIVE_RESULT {"id": 342, "team_no": "202623001141", "problem_no": 4, "practice_run_no": 146499752424045034, "case_code": "CQU7-MPDG-XP85-KGW2", "entered": 1, "jammer_count": 12, "cleared_jammer_count": 12, "clear_failure_count": 0, "virtual_time_us": 5978775094, "end_reason": "user_exit", "created_at_ms": 1789250175155}
GUI_JOB {"action": "return", "folder": "003-1-return"}
WAIT_GUI {"seconds_remaining": 60}
GUI_RESULT {"status": "returned-to-practice", "ok": true, "clicks": 2, "robot_started": false}
SENSITIVITY_PROGRESS 163 742 screen 4 steps=3 CQU7-MPDG-XP85-KGW2 12 12
GUI_JOB {"action": "dry-run", "folder": "001-0-dry-run"}
WAIT_GUI {"seconds_remaining": 60}
GUI_RESULT {"status": "dry-run-ready", "ok": true, "clicks": 0, "robot_started": false}
READ_ONLY_DB_COPY {"label": "001-db-before", "rows": 342}
GUI_JOB {"action": "run", "folder": "002-1-run"}
WAIT_GUI {"seconds_remaining": 1320}
GUI_RESULT {"robot_exit": 0, "case_code": "4WWB-Z32R-W2J3-6P5D", "ok": true, "robot_started": true, "status": "robot-completed", "clicks": 1}
READ_ONLY_DB_COPY {"label": "001-db-after-0", "rows": 343}
AUTHORITATIVE_RESULT {"id": 343, "team_no": "202623001141", "problem_no": 4, "practice_run_no": 6429370041307143322, "case_code": "4WWB-Z32R-W2J3-6P5D", "entered": 1, "jammer_count": 14, "cleared_jammer_count": 14, "clear_failure_count": 0, "virtual_time_us": 5776904405, "end_reason": "user_exit", "created_at_ms": 1789250217809}
GUI_JOB {"action": "return", "folder": "003-1-return"}
WAIT_GUI {"seconds_remaining": 60}
GUI_RESULT {"status": "returned-to-practice", "ok": true, "clicks": 2, "robot_started": false}
SENSITIVITY_PROGRESS 164 742 screen 4 transverse_m=70 4WWB-Z32R-W2J3-6P5D 14 14
GUI_JOB {"action": "dry-run", "folder": "001-0-dry-run"}
WAIT_GUI {"seconds_remaining": 60}
GUI_RESULT {"status": "dry-run-ready", "ok": true, "clicks": 0, "robot_started": false}
READ_ONLY_DB_COPY {"label": "001-db-before", "rows": 343}
GUI_JOB {"action": "run", "folder": "002-1-run"}
WAIT_GUI {"seconds_remaining": 1320}
GUI_RESULT {"robot_exit": 0, "case_code": "UDKM-JA7K-JQMM-BCWA", "ok": true, "robot_started": true, "status": "robot-completed", "clicks": 1}
READ_ONLY_DB_COPY {"label": "001-db-after-0", "rows": 344}
AUTHORITATIVE_RESULT {"id": 344, "team_no": "202623001141", "problem_no": 3, "practice_run_no": 4261105447066328423, "case_code": "UDKM-JA7K-JQMM-BCWA", "entered": 1, "jammer_count": 15, "cleared_jammer_count": 15, "clear_failure_count": 0, "virtual_time_us": 3557907237, "end_reason": "user_exit", "created_at_ms": 1789250260142}
GUI_JOB {"action": "return", "folder": "003-1-return"}
WAIT_GUI {"seconds_remaining": 60}
GUI_RESULT {"status": "returned-to-practice", "ok": true, "clicks": 2, "robot_started": false}
SENSITIVITY_PROGRESS 165 742 screen 3 trial_radius=20 UDKM-JA7K-JQMM-BCWA 15 15
GUI_JOB {"action": "dry-run", "folder": "001-0-dry-run"}
WAIT_GUI {"seconds_remaining": 60}
GUI_RESULT {"status": "dry-run-ready", "ok": true, "clicks": 0, "robot_started": false}
READ_ONLY_DB_COPY {"label": "001-db-before", "rows": 344}
GUI_JOB {"action": "run", "folder": "002-1-run"}
WAIT_GUI {"seconds_remaining": 1320}
GUI_RESULT {"robot_exit": 0, "case_code": "GD3C-52R2-VF6J-D2DB", "ok": true, "robot_started": true, "status": "robot-completed", "clicks": 1}
READ_ONLY_DB_COPY {"label": "001-db-after-0", "rows": 345}
AUTHORITATIVE_RESULT {"id": 345, "team_no": "202623001141", "problem_no": 3, "practice_run_no": 2534178438230872317, "case_code": "GD3C-52R2-VF6J-D2DB", "entered": 1, "jammer_count": 10, "cleared_jammer_count": 10, "clear_failure_count": 0, "virtual_time_us": 2709123001, "end_reason": "user_exit", "created_at_ms": 1789250298012}
GUI_JOB {"action": "return", "folder": "003-1-return"}
WAIT_GUI {"seconds_remaining": 60}
GUI_RESULT {"status": "returned-to-practice", "ok": true, "clicks": 2, "robot_started": false}
SENSITIVITY_PROGRESS 166 742 screen 3 remainder_weight=2 GD3C-52R2-VF6J-D2DB 10 10
GUI_JOB {"action": "dry-run", "folder": "001-0-dry-run"}
WAIT_GUI {"seconds_remaining": 60}
GUI_RESULT {"status": "dry-run-ready", "ok": true, "clicks": 0, "robot_started": false}
READ_ONLY_DB_COPY {"label": "001-db-before", "rows": 345}
GUI_JOB {"action": "run", "folder": "002-1-run"}
WAIT_GUI {"seconds_remaining": 1320}
GUI_RESULT {"robot_exit": 0, "case_code": "57JA-NB39-F2FM-JGE3", "ok": true, "robot_started": true, "status": "robot-completed", "clicks": 1}
READ_ONLY_DB_COPY {"label": "001-db-after-0", "rows": 346}
AUTHORITATIVE_RESULT {"id": 346, "team_no": "202623001141", "problem_no": 4, "practice_run_no": 5215953617241111484, "case_code": "57JA-NB39-F2FM-JGE3", "entered": 1, "jammer_count": 15, "cleared_jammer_count": 15, "clear_failure_count": 0, "virtual_time_us": 6036176772, "end_reason": "user_exit", "created_at_ms": 1789250335612}
GUI_JOB {"action": "return", "folder": "003-1-return"}
WAIT_GUI {"seconds_remaining": 60}
GUI_RESULT {"status": "returned-to-practice", "ok": true, "clicks": 2, "robot_started": false}
SENSITIVITY_PROGRESS 167 742 screen 4 share_limit=12 57JA-NB39-F2FM-JGE3 15 15
GUI_JOB {"action": "dry-run", "folder": "001-0-dry-run"}
WAIT_GUI {"seconds_remaining": 60}
GUI_RESULT {"status": "dry-run-ready", "ok": true, "clicks": 0, "robot_started": false}
READ_ONLY_DB_COPY {"label": "001-db-before", "rows": 346}
GUI_JOB {"action": "run", "folder": "002-1-run"}
WAIT_GUI {"seconds_remaining": 1320}
GUI_RESULT {"robot_exit": 0, "case_code": "2XHE-9H8Y-XNH6-W7QK", "ok": true, "robot_started": true, "status": "robot-completed", "clicks": 1}
READ_ONLY_DB_COPY {"label": "001-db-after-0", "rows": 347}
AUTHORITATIVE_RESULT {"id": 347, "team_no": "202623001141", "problem_no": 3, "practice_run_no": 537568921773344524, "case_code": "2XHE-9H8Y-XNH6-W7QK", "entered": 1, "jammer_count": 11, "cleared_jammer_count": 11, "clear_failure_count": 0, "virtual_time_us": 3178866165, "end_reason": "user_exit", "created_at_ms": 1789250380537}
GUI_JOB {"action": "return", "folder": "003-1-return"}
WAIT_GUI {"seconds_remaining": 60}
GUI_RESULT {"status": "returned-to-practice", "ok": true, "clicks": 2, "robot_started": false}
SENSITIVITY_PROGRESS 168 742 screen 3 remainder_weight=0.5 2XHE-9H8Y-XNH6-W7QK 11 11
GUI_JOB {"action": "dry-run", "folder": "001-0-dry-run"}
WAIT_GUI {"seconds_remaining": 60}
GUI_RESULT {"status": "dry-run-ready", "ok": true, "clicks": 0, "robot_started": false}
READ_ONLY_DB_COPY {"label": "001-db-before", "rows": 347}
GUI_JOB {"action": "run", "folder": "002-1-run"}
WAIT_GUI {"seconds_remaining": 1320}
GUI_RESULT {"robot_exit": 0, "case_code": "5VX5-5ETN-XDE9-SDXU", "ok": true, "robot_started": true, "status": "robot-completed", "clicks": 1}
READ_ONLY_DB_COPY {"label": "001-db-after-0", "rows": 348}
AUTHORITATIVE_RESULT {"id": 348, "team_no": "202623001141", "problem_no": 4, "practice_run_no": 695601867170106330, "case_code": "5VX5-5ETN-XDE9-SDXU", "entered": 1, "jammer_count": 14, "cleared_jammer_count": 14, "clear_failure_count": 0, "virtual_time_us": 5944289461, "end_reason": "user_exit", "created_at_ms": 1789250418085}
GUI_JOB {"action": "return", "folder": "003-1-return"}
WAIT_GUI {"seconds_remaining": 60}
GUI_RESULT {"status": "returned-to-practice", "ok": true, "clicks": 2, "robot_started": false}
SENSITIVITY_PROGRESS 169 742 screen 4 transverse_m=20 5VX5-5ETN-XDE9-SDXU 14 14
GUI_JOB {"action": "dry-run", "folder": "001-0-dry-run"}
WAIT_GUI {"seconds_remaining": 60}
GUI_RESULT {"status": "dry-run-ready", "ok": true, "clicks": 0, "robot_started": false}
READ_ONLY_DB_COPY {"label": "001-db-before", "rows": 348}
GUI_JOB {"action": "run", "folder": "002-1-run"}
WAIT_GUI {"seconds_remaining": 1320}
GUI_RESULT {"robot_exit": 0, "case_code": "Z6EK-P3KQ-XDP9-6KHD", "ok": true, "robot_started": true, "status": "robot-completed", "clicks": 1}
READ_ONLY_DB_COPY {"label": "001-db-after-0", "rows": 349}
AUTHORITATIVE_RESULT {"id": 349, "team_no": "202623001141", "problem_no": 3, "practice_run_no": 6762704073672491528, "case_code": "Z6EK-P3KQ-XDP9-6KHD", "entered": 1, "jammer_count": 11, "cleared_jammer_count": 11, "clear_failure_count": 0, "virtual_time_us": 3390541329, "end_reason": "user_exit", "created_at_ms": 1789250460483}
GUI_JOB {"action": "return", "folder": "003-1-return"}
WAIT_GUI {"seconds_remaining": 60}
GUI_RESULT {"status": "returned-to-practice", "ok": true, "clicks": 2, "robot_started": false}
SENSITIVITY_PROGRESS 170 742 screen 3 localization_weight=0.02 Z6EK-P3KQ-XDP9-6KHD 11 11
GUI_JOB {"action": "dry-run", "folder": "001-0-dry-run"}
WAIT_GUI {"seconds_remaining": 60}
GUI_RESULT {"status": "dry-run-ready", "ok": true, "clicks": 0, "robot_started": false}
READ_ONLY_DB_COPY {"label": "001-db-before", "rows": 349}
GUI_JOB {"action": "run", "folder": "002-1-run"}
WAIT_GUI {"seconds_remaining": 1320}
GUI_RESULT {"robot_exit": 0, "case_code": "N6GY-A89N-SW43-2UKX", "ok": true, "robot_started": true, "status": "robot-completed", "clicks": 1}
READ_ONLY_DB_COPY {"label": "001-db-after-0", "rows": 350}
AUTHORITATIVE_RESULT {"id": 350, "team_no": "202623001141", "problem_no": 3, "practice_run_no": 4194879293577263256, "case_code": "N6GY-A89N-SW43-2UKX", "entered": 1, "jammer_count": 16, "cleared_jammer_count": 16, "clear_failure_count": 0, "virtual_time_us": 3091903400, "end_reason": "user_exit", "created_at_ms": 1789250499013}
GUI_JOB {"action": "return", "folder": "003-1-return"}
WAIT_GUI {"seconds_remaining": 60}
GUI_RESULT {"status": "returned-to-practice", "ok": true, "clicks": 2, "robot_started": false}
SENSITIVITY_PROGRESS 171 742 screen 3 max_active=1 N6GY-A89N-SW43-2UKX 16 16
GUI_JOB {"action": "dry-run", "folder": "001-0-dry-run"}
WAIT_GUI {"seconds_remaining": 60}
GUI_RESULT {"status": "dry-run-ready", "ok": true, "clicks": 0, "robot_started": false}
READ_ONLY_DB_COPY {"label": "001-db-before", "rows": 350}
GUI_JOB {"action": "run", "folder": "002-1-run"}
WAIT_GUI {"seconds_remaining": 1320}
GUI_RESULT {"robot_exit": 0, "case_code": "VYPT-FUR6-UFZQ-N4B6", "ok": true, "robot_started": true, "status": "robot-completed", "clicks": 1}
READ_ONLY_DB_COPY {"label": "001-db-after-0", "rows": 351}
AUTHORITATIVE_RESULT {"id": 351, "team_no": "202623001141", "problem_no": 3, "practice_run_no": 5746866064732133387, "case_code": "VYPT-FUR6-UFZQ-N4B6", "entered": 1, "jammer_count": 16, "cleared_jammer_count": 16, "clear_failure_count": 0, "virtual_time_us": 3320353949, "end_reason": "user_exit", "created_at_ms": 1789250536247}
GUI_JOB {"action": "return", "folder": "003-1-return"}
WAIT_GUI {"seconds_remaining": 60}
GUI_RESULT {"status": "returned-to-practice", "ok": true, "clicks": 2, "robot_started": false}
SENSITIVITY_PROGRESS 172 742 screen 3 remainder_weight=1 VYPT-FUR6-UFZQ-N4B6 16 16
GUI_JOB {"action": "dry-run", "folder": "001-0-dry-run"}
WAIT_GUI {"seconds_remaining": 60}
GUI_RESULT {"status": "dry-run-ready", "ok": true, "clicks": 0, "robot_started": false}
READ_ONLY_DB_COPY {"label": "001-db-before", "rows": 351}
GUI_JOB {"action": "run", "folder": "002-1-run"}
WAIT_GUI {"seconds_remaining": 1320}
GUI_RESULT {"robot_exit": 0, "case_code": "7ZB4-SQQJ-MB93-7D2Y", "ok": true, "robot_started": true, "status": "robot-completed", "clicks": 1}
READ_ONLY_DB_COPY {"label": "001-db-after-0", "rows": 352}
AUTHORITATIVE_RESULT {"id": 352, "team_no": "202623001141", "problem_no": 3, "practice_run_no": 2515454540436017312, "case_code": "7ZB4-SQQJ-MB93-7D2Y", "entered": 1, "jammer_count": 15, "cleared_jammer_count": 15, "clear_failure_count": 0, "virtual_time_us": 3029951394, "end_reason": "user_exit", "created_at_ms": 1789250573703}
GUI_JOB {"action": "return", "folder": "003-1-return"}
WAIT_GUI {"seconds_remaining": 60}
GUI_RESULT {"status": "returned-to-practice", "ok": true, "clicks": 2, "robot_started": false}
SENSITIVITY_PROGRESS 173 742 screen 3 share_limit=2 7ZB4-SQQJ-MB93-7D2Y 15 15
GUI_JOB {"action": "dry-run", "folder": "001-0-dry-run"}
WAIT_GUI {"seconds_remaining": 60}
GUI_RESULT {"status": "dry-run-ready", "ok": true, "clicks": 0, "robot_started": false}
READ_ONLY_DB_COPY {"label": "001-db-before", "rows": 352}
GUI_JOB {"action": "run", "folder": "002-1-run"}
WAIT_GUI {"seconds_remaining": 1320}
GUI_RESULT {"robot_exit": 0, "case_code": "U5TH-6VJG-7HTJ-JK52", "ok": true, "robot_started": true, "status": "robot-completed", "clicks": 1}
READ_ONLY_DB_COPY {"label": "001-db-after-0", "rows": 353}
AUTHORITATIVE_RESULT {"id": 353, "team_no": "202623001141", "problem_no": 3, "practice_run_no": 7066401526390526081, "case_code": "U5TH-6VJG-7HTJ-JK52", "entered": 1, "jammer_count": 13, "cleared_jammer_count": 13, "clear_failure_count": 0, "virtual_time_us": 3161494472, "end_reason": "user_exit", "created_at_ms": 1789250610510}
GUI_JOB {"action": "return", "folder": "003-1-return"}
WAIT_GUI {"seconds_remaining": 60}
GUI_RESULT {"status": "returned-to-practice", "ok": true, "clicks": 2, "robot_started": false}
SENSITIVITY_PROGRESS 174 742 screen 3 remainder_weight=0 U5TH-6VJG-7HTJ-JK52 13 13
GUI_JOB {"action": "dry-run", "folder": "001-0-dry-run"}
WAIT_GUI {"seconds_remaining": 60}
GUI_RESULT {"status": "dry-run-ready", "ok": true, "clicks": 0, "robot_started": false}
READ_ONLY_DB_COPY {"label": "001-db-before", "rows": 353}
GUI_JOB {"action": "run", "folder": "002-1-run"}
WAIT_GUI {"seconds_remaining": 1320}
GUI_RESULT {"robot_exit": 0, "case_code": "Q8RR-9TP2-3QNG-WBGR", "ok": true, "robot_started": true, "status": "robot-completed", "clicks": 1}
READ_ONLY_DB_COPY {"label": "001-db-after-0", "rows": 354}
AUTHORITATIVE_RESULT {"id": 354, "team_no": "202623001141", "problem_no": 4, "practice_run_no": 2647284924759160730, "case_code": "Q8RR-9TP2-3QNG-WBGR", "entered": 1, "jammer_count": 11, "cleared_jammer_count": 11, "clear_failure_count": 0, "virtual_time_us": 7230491737, "end_reason": "user_exit", "created_at_ms": 1789250649033}
GUI_JOB {"action": "return", "folder": "003-1-return"}
WAIT_GUI {"seconds_remaining": 60}
GUI_RESULT {"status": "returned-to-practice", "ok": true, "clicks": 2, "robot_started": false}
SENSITIVITY_PROGRESS 175 742 screen 4 fraction=0.5 Q8RR-9TP2-3QNG-WBGR 11 11
GUI_JOB {"action": "dry-run", "folder": "001-0-dry-run"}
WAIT_GUI {"seconds_remaining": 60}
GUI_RESULT {"status": "dry-run-ready", "ok": true, "clicks": 0, "robot_started": false}
READ_ONLY_DB_COPY {"label": "001-db-before", "rows": 354}
GUI_JOB {"action": "run", "folder": "002-1-run"}
WAIT_GUI {"seconds_remaining": 1320}
GUI_RESULT {"robot_exit": 0, "case_code": "HT7H-BNF3-MYPV-FYVP", "ok": true, "robot_started": true, "status": "robot-completed", "clicks": 1}
READ_ONLY_DB_COPY {"label": "001-db-after-0", "rows": 355}
AUTHORITATIVE_RESULT {"id": 355, "team_no": "202623001141", "problem_no": 4, "practice_run_no": 2119726512023467966, "case_code": "HT7H-BNF3-MYPV-FYVP", "entered": 1, "jammer_count": 12, "cleared_jammer_count": 12, "clear_failure_count": 2, "virtual_time_us": 5963439188, "end_reason": "user_exit", "created_at_ms": 1789250694756}
GUI_JOB {"action": "return", "folder": "003-1-return"}
WAIT_GUI {"seconds_remaining": 60}
GUI_RESULT {"status": "returned-to-practice", "ok": true, "clicks": 2, "robot_started": false}
SENSITIVITY_PROGRESS 176 742 screen 4 share_limit=20 HT7H-BNF3-MYPV-FYVP 12 12
GUI_JOB {"action": "dry-run", "folder": "001-0-dry-run"}
WAIT_GUI {"seconds_remaining": 60}
GUI_RESULT {"status": "dry-run-ready", "ok": true, "clicks": 0, "robot_started": false}
READ_ONLY_DB_COPY {"label": "001-db-before", "rows": 355}
GUI_JOB {"action": "run", "folder": "002-1-run"}
WAIT_GUI {"seconds_remaining": 1320}
GUI_RESULT {"robot_exit": 0, "case_code": "52N5-QWFX-KX72-TDAS", "ok": true, "robot_started": true, "status": "robot-completed", "clicks": 1}
READ_ONLY_DB_COPY {"label": "001-db-after-0", "rows": 356}
AUTHORITATIVE_RESULT {"id": 356, "team_no": "202623001141", "problem_no": 4, "practice_run_no": 2290567819449185600, "case_code": "52N5-QWFX-KX72-TDAS", "entered": 1, "jammer_count": 11, "cleared_jammer_count": 11, "clear_failure_count": 52, "virtual_time_us": 6807299938, "end_reason": "user_exit", "created_at_ms": 1789250739669}
GUI_JOB {"action": "return", "folder": "003-1-return"}
WAIT_GUI {"seconds_remaining": 60}
GUI_RESULT {"status": "returned-to-practice", "ok": true, "clicks": 2, "robot_started": false}
SENSITIVITY_PROGRESS 177 742 screen 4 steps=1 52N5-QWFX-KX72-TDAS 11 11
GUI_JOB {"action": "dry-run", "folder": "001-0-dry-run"}
WAIT_GUI {"seconds_remaining": 60}
GUI_RESULT {"status": "dry-run-ready", "ok": true, "clicks": 0, "robot_started": false}
READ_ONLY_DB_COPY {"label": "001-db-before", "rows": 356}
GUI_JOB {"action": "run", "folder": "002-1-run"}
WAIT_GUI {"seconds_remaining": 1320}
GUI_RESULT {"robot_exit": 0, "case_code": "FZTH-DZR9-B74S-ERK2", "ok": true, "robot_started": true, "status": "robot-completed", "clicks": 1}
READ_ONLY_DB_COPY {"label": "001-db-after-0", "rows": 357}
AUTHORITATIVE_RESULT {"id": 357, "team_no": "202623001141", "problem_no": 4, "practice_run_no": 132945214786356363, "case_code": "FZTH-DZR9-B74S-ERK2", "entered": 1, "jammer_count": 12, "cleared_jammer_count": 12, "clear_failure_count": 0, "virtual_time_us": 6296884547, "end_reason": "user_exit", "created_at_ms": 1789250786880}
GUI_JOB {"action": "return", "folder": "003-1-return"}
WAIT_GUI {"seconds_remaining": 60}
GUI_RESULT {"status": "returned-to-practice", "ok": true, "clicks": 2, "robot_started": false}
SENSITIVITY_PROGRESS 178 742 screen 4 steps=2 FZTH-DZR9-B74S-ERK2 12 12
GUI_JOB {"action": "dry-run", "folder": "001-0-dry-run"}
WAIT_GUI {"seconds_remaining": 60}
GUI_RESULT {"status": "dry-run-ready", "ok": true, "clicks": 0, "robot_started": false}
READ_ONLY_DB_COPY {"label": "001-db-before", "rows": 357}
GUI_JOB {"action": "run", "folder": "002-1-run"}
WAIT_GUI {"seconds_remaining": 1320}
GUI_RESULT {"robot_exit": 0, "case_code": "N3R3-TPMX-CJKH-8DXX", "ok": true, "robot_started": true, "status": "robot-completed", "clicks": 1}
READ_ONLY_DB_COPY {"label": "001-db-after-0", "rows": 358}
AUTHORITATIVE_RESULT {"id": 358, "team_no": "202623001141", "problem_no": 4, "practice_run_no": 1059014059226990123, "case_code": "N3R3-TPMX-CJKH-8DXX", "entered": 1, "jammer_count": 13, "cleared_jammer_count": 13, "clear_failure_count": 0, "virtual_time_us": 6172071175, "end_reason": "user_exit", "created_at_ms": 1789250833828}
GUI_JOB {"action": "return", "folder": "003-1-return"}
WAIT_GUI {"seconds_remaining": 60}
GUI_RESULT {"status": "returned-to-practice", "ok": true, "clicks": 2, "robot_started": false}
SENSITIVITY_PROGRESS 179 742 screen 4 fraction=0.1 N3R3-TPMX-CJKH-8DXX 13 13
GUI_JOB {"action": "dry-run", "folder": "001-0-dry-run"}
WAIT_GUI {"seconds_remaining": 60}
GUI_RESULT {"status": "dry-run-ready", "ok": true, "clicks": 0, "robot_started": false}
READ_ONLY_DB_COPY {"label": "001-db-before", "rows": 358}
GUI_JOB {"action": "run", "folder": "002-1-run"}
WAIT_GUI {"seconds_remaining": 1320}
GUI_RESULT {"robot_exit": 0, "case_code": "587K-HRNH-PHU4-ZVRA", "ok": true, "robot_started": true, "status": "robot-completed", "clicks": 1}
READ_ONLY_DB_COPY {"label": "001-db-after-0", "rows": 359}
AUTHORITATIVE_RESULT {"id": 359, "team_no": "202623001141", "problem_no": 4, "practice_run_no": 33909127608049872, "case_code": "587K-HRNH-PHU4-ZVRA", "entered": 1, "jammer_count": 11, "cleared_jammer_count": 11, "clear_failure_count": 0, "virtual_time_us": 6330607061, "end_reason": "user_exit", "created_at_ms": 1789250879819}
GUI_JOB {"action": "return", "folder": "003-1-return"}
WAIT_GUI {"seconds_remaining": 60}
GUI_RESULT {"status": "returned-to-practice", "ok": true, "clicks": 2, "robot_started": false}
SENSITIVITY_PROGRESS 180 742 screen 4 transverse_m=10 587K-HRNH-PHU4-ZVRA 11 11
GUI_JOB {"action": "dry-run", "folder": "001-0-dry-run"}
WAIT_GUI {"seconds_remaining": 60}
GUI_RESULT {"status": "dry-run-ready", "ok": true, "clicks": 0, "robot_started": false}
READ_ONLY_DB_COPY {"label": "001-db-before", "rows": 359}
GUI_JOB {"action": "run", "folder": "002-1-run"}
WAIT_GUI {"seconds_remaining": 1320}
GUI_RESULT {"robot_exit": 0, "case_code": "Q6DN-DJTH-USA8-XVS4", "ok": true, "robot_started": true, "status": "robot-completed", "clicks": 1}
READ_ONLY_DB_COPY {"label": "001-db-after-0", "rows": 360}
AUTHORITATIVE_RESULT {"id": 360, "team_no": "202623001141", "problem_no": 3, "practice_run_no": 5014461870386793626, "case_code": "Q6DN-DJTH-USA8-XVS4", "entered": 1, "jammer_count": 12, "cleared_jammer_count": 12, "clear_failure_count": 1, "virtual_time_us": 3134204503, "end_reason": "user_exit", "created_at_ms": 1789250924514}
GUI_JOB {"action": "return", "folder": "003-1-return"}
WAIT_GUI {"seconds_remaining": 60}
GUI_RESULT {"status": "returned-to-practice", "ok": true, "clicks": 2, "robot_started": false}
SENSITIVITY_PROGRESS 181 742 screen 3 max_active=2 Q6DN-DJTH-USA8-XVS4 12 12
GUI_JOB {"action": "dry-run", "folder": "001-0-dry-run"}
WAIT_GUI {"seconds_remaining": 60}
GUI_RESULT {"status": "dry-run-ready", "ok": true, "clicks": 0, "robot_started": false}
READ_ONLY_DB_COPY {"label": "001-db-before", "rows": 360}
GUI_JOB {"action": "run", "folder": "002-1-run"}
WAIT_GUI {"seconds_remaining": 1320}
GUI_RESULT {"robot_exit": 0, "case_code": "U82T-SCPX-4T42-G996", "ok": true, "robot_started": true, "status": "robot-completed", "clicks": 1}
READ_ONLY_DB_COPY {"label": "001-db-after-0", "rows": 361}
AUTHORITATIVE_RESULT {"id": 361, "team_no": "202623001141", "problem_no": 3, "practice_run_no": 2792261814195972085, "case_code": "U82T-SCPX-4T42-G996", "entered": 1, "jammer_count": 15, "cleared_jammer_count": 15, "clear_failure_count": 0, "virtual_time_us": 3212015561, "end_reason": "user_exit", "created_at_ms": 1789250961775}
GUI_JOB {"action": "return", "folder": "003-1-return"}
WAIT_GUI {"seconds_remaining": 60}
GUI_RESULT {"status": "returned-to-practice", "ok": true, "clicks": 2, "robot_started": false}
SENSITIVITY_PROGRESS 182 742 screen 3 share_limit=20 U82T-SCPX-4T42-G996 15 15
GUI_JOB {"action": "dry-run", "folder": "001-0-dry-run"}
WAIT_GUI {"seconds_remaining": 60}
GUI_RESULT {"status": "dry-run-ready", "ok": true, "clicks": 0, "robot_started": false}
READ_ONLY_DB_COPY {"label": "001-db-before", "rows": 361}
GUI_JOB {"action": "run", "folder": "002-1-run"}
WAIT_GUI {"seconds_remaining": 1320}
GUI_RESULT {"robot_exit": 0, "case_code": "ZQ9Y-K8JN-KMFA-EM8Q", "ok": true, "robot_started": true, "status": "robot-completed", "clicks": 1}
READ_ONLY_DB_COPY {"label": "001-db-after-0", "rows": 362}
AUTHORITATIVE_RESULT {"id": 362, "team_no": "202623001141", "problem_no": 4, "practice_run_no": 7344382643253025411, "case_code": "ZQ9Y-K8JN-KMFA-EM8Q", "entered": 1, "jammer_count": 13, "cleared_jammer_count": 13, "clear_failure_count": 0, "virtual_time_us": 6070213011, "end_reason": "user_exit", "created_at_ms": 1789250999730}
GUI_JOB {"action": "return", "folder": "003-1-return"}
WAIT_GUI {"seconds_remaining": 60}
GUI_RESULT {"status": "returned-to-practice", "ok": true, "clicks": 2, "robot_started": false}
SENSITIVITY_PROGRESS 183 742 screen 4 pause_limit=24 ZQ9Y-K8JN-KMFA-EM8Q 13 13
GUI_JOB {"action": "dry-run", "folder": "001-0-dry-run"}
WAIT_GUI {"seconds_remaining": 60}
GUI_RESULT {"status": "dry-run-ready", "ok": true, "clicks": 0, "robot_started": false}
READ_ONLY_DB_COPY {"label": "001-db-before", "rows": 362}
GUI_JOB {"action": "run", "folder": "002-1-run"}
WAIT_GUI {"seconds_remaining": 1320}
GUI_RESULT {"robot_exit": 0, "case_code": "FPVD-8VFJ-C2PM-4WRD", "ok": true, "robot_started": true, "status": "robot-completed", "clicks": 1}
READ_ONLY_DB_COPY {"label": "001-db-after-0", "rows": 363}
AUTHORITATIVE_RESULT {"id": 363, "team_no": "202623001141", "problem_no": 4, "practice_run_no": 8825245887469888640, "case_code": "FPVD-8VFJ-C2PM-4WRD", "entered": 1, "jammer_count": 13, "cleared_jammer_count": 13, "clear_failure_count": 1, "virtual_time_us": 6397518901, "end_reason": "user_exit", "created_at_ms": 1789251043141}
GUI_JOB {"action": "return", "folder": "003-1-return"}
WAIT_GUI {"seconds_remaining": 60}
GUI_RESULT {"status": "returned-to-practice", "ok": true, "clicks": 2, "robot_started": false}
SENSITIVITY_PROGRESS 184 742 screen 4 trial_radius=80 FPVD-8VFJ-C2PM-4WRD 13 13
GUI_JOB {"action": "dry-run", "folder": "001-0-dry-run"}
WAIT_GUI {"seconds_remaining": 60}
GUI_RESULT {"status": "dry-run-ready", "ok": true, "clicks": 0, "robot_started": false}
READ_ONLY_DB_COPY {"label": "001-db-before", "rows": 363}
GUI_JOB {"action": "run", "folder": "002-1-run"}
WAIT_GUI {"seconds_remaining": 1320}
GUI_RESULT {"robot_exit": 0, "case_code": "7R37-D3F6-3DS3-Y5TT", "ok": true, "robot_started": true, "status": "robot-completed", "clicks": 1}
READ_ONLY_DB_COPY {"label": "001-db-after-0", "rows": 364}
AUTHORITATIVE_RESULT {"id": 364, "team_no": "202623001141", "problem_no": 4, "practice_run_no": 4852877572864584876, "case_code": "7R37-D3F6-3DS3-Y5TT", "entered": 1, "jammer_count": 14, "cleared_jammer_count": 14, "clear_failure_count": 0, "virtual_time_us": 6446984066, "end_reason": "user_exit", "created_at_ms": 1789251089488}
GUI_JOB {"action": "return", "folder": "003-1-return"}
WAIT_GUI {"seconds_remaining": 60}
GUI_RESULT {"status": "returned-to-practice", "ok": true, "clicks": 2, "robot_started": false}
SENSITIVITY_PROGRESS 185 742 screen 4 share_cooldown=0 7R37-D3F6-3DS3-Y5TT 14 14
GUI_JOB {"action": "dry-run", "folder": "001-0-dry-run"}
WAIT_GUI {"seconds_remaining": 60}
GUI_RESULT {"status": "dry-run-ready", "ok": true, "clicks": 0, "robot_started": false}
READ_ONLY_DB_COPY {"label": "001-db-before", "rows": 364}
GUI_JOB {"action": "run", "folder": "002-1-run"}
WAIT_GUI {"seconds_remaining": 1320}
GUI_RESULT {"robot_exit": 0, "case_code": "APRF-KV84-SS7X-PWHK", "ok": true, "robot_started": true, "status": "robot-completed", "clicks": 1}
READ_ONLY_DB_COPY {"label": "001-db-after-0", "rows": 365}
AUTHORITATIVE_RESULT {"id": 365, "team_no": "202623001141", "problem_no": 3, "practice_run_no": 8392417907122419962, "case_code": "APRF-KV84-SS7X-PWHK", "entered": 1, "jammer_count": 12, "cleared_jammer_count": 12, "clear_failure_count": 0, "virtual_time_us": 3393809864, "end_reason": "user_exit", "created_at_ms": 1789251134115}
GUI_JOB {"action": "return", "folder": "003-1-return"}
WAIT_GUI {"seconds_remaining": 60}
GUI_RESULT {"status": "returned-to-practice", "ok": true, "clicks": 2, "robot_started": false}
SENSITIVITY_PROGRESS 186 742 screen 3 localization_weight=0.32 APRF-KV84-SS7X-PWHK 12 12
GUI_JOB {"action": "dry-run", "folder": "001-0-dry-run"}
WAIT_GUI {"seconds_remaining": 60}
GUI_RESULT {"status": "dry-run-ready", "ok": true, "clicks": 0, "robot_started": false}
READ_ONLY_DB_COPY {"label": "001-db-before", "rows": 365}
GUI_JOB {"action": "run", "folder": "002-1-run"}
WAIT_GUI {"seconds_remaining": 1320}
GUI_RESULT {"robot_exit": 0, "case_code": "QX32-56Z5-THEU-QVKX", "ok": true, "robot_started": true, "status": "robot-completed", "clicks": 1}
READ_ONLY_DB_COPY {"label": "001-db-after-0", "rows": 366}
AUTHORITATIVE_RESULT {"id": 366, "team_no": "202623001141", "problem_no": 4, "practice_run_no": 8497643539867049496, "case_code": "QX32-56Z5-THEU-QVKX", "entered": 1, "jammer_count": 15, "cleared_jammer_count": 15, "clear_failure_count": 0, "virtual_time_us": 6415763712, "end_reason": "user_exit", "created_at_ms": 1789251172332}
GUI_JOB {"action": "return", "folder": "003-1-return"}
WAIT_GUI {"seconds_remaining": 60}
GUI_RESULT {"status": "returned-to-practice", "ok": true, "clicks": 2, "robot_started": false}
SENSITIVITY_PROGRESS 187 742 screen 4 fraction=0.3 QX32-56Z5-THEU-QVKX 15 15
GUI_JOB {"action": "dry-run", "folder": "001-0-dry-run"}
WAIT_GUI {"seconds_remaining": 60}
GUI_RESULT {"status": "dry-run-ready", "ok": true, "clicks": 0, "robot_started": false}
READ_ONLY_DB_COPY {"label": "001-db-before", "rows": 366}
GUI_JOB {"action": "run", "folder": "002-1-run"}
WAIT_GUI {"seconds_remaining": 1320}
GUI_RESULT {"robot_exit": 0, "case_code": "P6UE-BUHY-PKD7-Q8CJ", "ok": true, "robot_started": true, "status": "robot-completed", "clicks": 1}
READ_ONLY_DB_COPY {"label": "001-db-after-0", "rows": 367}
AUTHORITATIVE_RESULT {"id": 367, "team_no": "202623001141", "problem_no": 3, "practice_run_no": 6859362703801624207, "case_code": "P6UE-BUHY-PKD7-Q8CJ", "entered": 1, "jammer_count": 14, "cleared_jammer_count": 14, "clear_failure_count": 0, "virtual_time_us": 3525971555, "end_reason": "user_exit", "created_at_ms": 1789251215357}
GUI_JOB {"action": "return", "folder": "003-1-return"}
WAIT_GUI {"seconds_remaining": 60}
GUI_RESULT {"status": "returned-to-practice", "ok": true, "clicks": 2, "robot_started": false}
SENSITIVITY_PROGRESS 188 742 screen 3 share_limit=0 P6UE-BUHY-PKD7-Q8CJ 14 14
GUI_JOB {"action": "dry-run", "folder": "001-0-dry-run"}
WAIT_GUI {"seconds_remaining": 60}
GUI_RESULT {"status": "dry-run-ready", "ok": true, "clicks": 0, "robot_started": false}
READ_ONLY_DB_COPY {"label": "001-db-before", "rows": 367}
GUI_JOB {"action": "run", "folder": "002-1-run"}
WAIT_GUI {"seconds_remaining": 1320}
GUI_RESULT {"robot_exit": 0, "case_code": "D4TY-JEFG-AN5T-T567", "ok": true, "robot_started": true, "status": "robot-completed", "clicks": 1}
READ_ONLY_DB_COPY {"label": "001-db-after-0", "rows": 368}
AUTHORITATIVE_RESULT {"id": 368, "team_no": "202623001141", "problem_no": 4, "practice_run_no": 7583429553338381066, "case_code": "D4TY-JEFG-AN5T-T567", "entered": 1, "jammer_count": 13, "cleared_jammer_count": 13, "clear_failure_count": 0, "virtual_time_us": 6195352220, "end_reason": "user_exit", "created_at_ms": 1789251253441}
GUI_JOB {"action": "return", "folder": "003-1-return"}
WAIT_GUI {"seconds_remaining": 60}
GUI_RESULT {"status": "returned-to-practice", "ok": true, "clicks": 2, "robot_started": false}
SENSITIVITY_PROGRESS 189 742 screen 4 share_limit=2 D4TY-JEFG-AN5T-T567 13 13
GUI_JOB {"action": "dry-run", "folder": "001-0-dry-run"}
WAIT_GUI {"seconds_remaining": 60}
GUI_RESULT {"status": "dry-run-ready", "ok": true, "clicks": 0, "robot_started": false}
READ_ONLY_DB_COPY {"label": "001-db-before", "rows": 368}
GUI_JOB {"action": "run", "folder": "002-1-run"}
WAIT_GUI {"seconds_remaining": 1320}
GUI_RESULT {"robot_exit": 0, "case_code": "PQM8-JFCC-Q48X-7PUE", "ok": true, "robot_started": true, "status": "robot-completed", "clicks": 1}
READ_ONLY_DB_COPY {"label": "001-db-after-0", "rows": 369}
AUTHORITATIVE_RESULT {"id": 369, "team_no": "202623001141", "problem_no": 3, "practice_run_no": 44410314721321239, "case_code": "PQM8-JFCC-Q48X-7PUE", "entered": 1, "jammer_count": 14, "cleared_jammer_count": 14, "clear_failure_count": 0, "virtual_time_us": 3441594120, "end_reason": "user_exit", "created_at_ms": 1789251296855}
GUI_JOB {"action": "return", "folder": "003-1-return"}
WAIT_GUI {"seconds_remaining": 60}
GUI_RESULT {"status": "returned-to-practice", "ok": true, "clicks": 2, "robot_started": false}
SENSITIVITY_PROGRESS 190 742 screen 3 share_limit=12 PQM8-JFCC-Q48X-7PUE 14 14
GUI_JOB {"action": "dry-run", "folder": "001-0-dry-run"}
WAIT_GUI {"seconds_remaining": 60}
GUI_RESULT {"status": "dry-run-ready", "ok": true, "clicks": 0, "robot_started": false}
READ_ONLY_DB_COPY {"label": "001-db-before", "rows": 369}
GUI_JOB {"action": "run", "folder": "002-1-run"}
WAIT_GUI {"seconds_remaining": 1320}
GUI_RESULT {"robot_exit": 0, "case_code": "PDDQ-P69N-F432-RUK6", "ok": true, "robot_started": true, "status": "robot-completed", "clicks": 1}
READ_ONLY_DB_COPY {"label": "001-db-after-0", "rows": 370}
AUTHORITATIVE_RESULT {"id": 370, "team_no": "202623001141", "problem_no": 4, "practice_run_no": 8158913523865858523, "case_code": "PDDQ-P69N-F432-RUK6", "entered": 1, "jammer_count": 11, "cleared_jammer_count": 11, "clear_failure_count": 0, "virtual_time_us": 6292886269, "end_reason": "user_exit", "created_at_ms": 1789251335199}
GUI_JOB {"action": "return", "folder": "003-1-return"}
WAIT_GUI {"seconds_remaining": 60}
GUI_RESULT {"status": "returned-to-practice", "ok": true, "clicks": 2, "robot_started": false}
SENSITIVITY_PROGRESS 191 742 screen 4 share_cooldown=800 PDDQ-P69N-F432-RUK6 11 11
GUI_JOB {"action": "dry-run", "folder": "001-0-dry-run"}
WAIT_GUI {"seconds_remaining": 60}
GUI_RESULT {"status": "dry-run-ready", "ok": true, "clicks": 0, "robot_started": false}
READ_ONLY_DB_COPY {"label": "001-db-before", "rows": 370}
GUI_JOB {"action": "run", "folder": "002-1-run"}
WAIT_GUI {"seconds_remaining": 1320}
GUI_RESULT {"robot_exit": 0, "case_code": "S8QV-XNHE-XHPV-FTPB", "ok": true, "robot_started": true, "status": "robot-completed", "clicks": 1}
READ_ONLY_DB_COPY {"label": "001-db-after-0", "rows": 371}
AUTHORITATIVE_RESULT {"id": 371, "team_no": "202623001141", "problem_no": 3, "practice_run_no": 178654766248744188, "case_code": "S8QV-XNHE-XHPV-FTPB", "entered": 1, "jammer_count": 12, "cleared_jammer_count": 12, "clear_failure_count": 0, "virtual_time_us": 3178315100, "end_reason": "user_exit", "created_at_ms": 1789251379037}
GUI_JOB {"action": "return", "folder": "003-1-return"}
WAIT_GUI {"seconds_remaining": 60}
GUI_RESULT {"status": "returned-to-practice", "ok": true, "clicks": 2, "robot_started": false}
SENSITIVITY_PROGRESS 192 742 screen 3 max_active=5 S8QV-XNHE-XHPV-FTPB 12 12
GUI_JOB {"action": "dry-run", "folder": "001-0-dry-run"}
WAIT_GUI {"seconds_remaining": 60}
GUI_RESULT {"status": "dry-run-ready", "ok": true, "clicks": 0, "robot_started": false}
READ_ONLY_DB_COPY {"label": "001-db-before", "rows": 371}
GUI_JOB {"action": "run", "folder": "002-1-run"}
WAIT_GUI {"seconds_remaining": 1320}
GUI_RESULT {"robot_exit": 0, "case_code": "3AD4-WHEP-8VER-EU3R", "ok": true, "robot_started": true, "status": "robot-completed", "clicks": 1}
READ_ONLY_DB_COPY {"label": "001-db-after-0", "rows": 372}
AUTHORITATIVE_RESULT {"id": 372, "team_no": "202623001141", "problem_no": 4, "practice_run_no": 8333424080347566025, "case_code": "3AD4-WHEP-8VER-EU3R", "entered": 1, "jammer_count": 13, "cleared_jammer_count": 13, "clear_failure_count": 0, "virtual_time_us": 6789013384, "end_reason": "user_exit", "created_at_ms": 1789251417524}
GUI_JOB {"action": "return", "folder": "003-1-return"}
WAIT_GUI {"seconds_remaining": 60}
GUI_RESULT {"status": "returned-to-practice", "ok": true, "clicks": 2, "robot_started": false}
SENSITIVITY_PROGRESS 193 742 screen 4 pause_limit=0 3AD4-WHEP-8VER-EU3R 13 13
GUI_JOB {"action": "dry-run", "folder": "001-0-dry-run"}
WAIT_GUI {"seconds_remaining": 60}
GUI_RESULT {"status": "dry-run-ready", "ok": true, "clicks": 0, "robot_started": false}
READ_ONLY_DB_COPY {"label": "001-db-before", "rows": 372}
GUI_JOB {"action": "run", "folder": "002-1-run"}
WAIT_GUI {"seconds_remaining": 1320}
GUI_RESULT {"robot_exit": 0, "case_code": "ZKZ5-PACM-WJSK-4C3N", "ok": true, "robot_started": true, "status": "robot-completed", "clicks": 1}
READ_ONLY_DB_COPY {"label": "001-db-after-0", "rows": 373}
AUTHORITATIVE_RESULT {"id": 373, "team_no": "202623001141", "problem_no": 3, "practice_run_no": 6605270240983832298, "case_code": "ZKZ5-PACM-WJSK-4C3N", "entered": 1, "jammer_count": 16, "cleared_jammer_count": 16, "clear_failure_count": 0, "virtual_time_us": 3234631911, "end_reason": "user_exit", "created_at_ms": 1789251461090}
GUI_JOB {"action": "return", "folder": "003-1-return"}
WAIT_GUI {"seconds_remaining": 60}
GUI_RESULT {"status": "returned-to-practice", "ok": true, "clicks": 2, "robot_started": false}
SENSITIVITY_PROGRESS 194 742 screen 3 max_active=4 ZKZ5-PACM-WJSK-4C3N 16 16
GUI_JOB {"action": "dry-run", "folder": "001-0-dry-run"}
WAIT_GUI {"seconds_remaining": 60}
GUI_RESULT {"status": "dry-run-ready", "ok": true, "clicks": 0, "robot_started": false}
READ_ONLY_DB_COPY {"label": "001-db-before", "rows": 373}
GUI_JOB {"action": "run", "folder": "002-1-run"}
WAIT_GUI {"seconds_remaining": 1320}
GUI_RESULT {"robot_exit": 0, "case_code": "TWBQ-Q5JY-DBBE-3MQU", "ok": true, "robot_started": true, "status": "robot-completed", "clicks": 1}
READ_ONLY_DB_COPY {"label": "001-db-after-0", "rows": 374}
AUTHORITATIVE_RESULT {"id": 374, "team_no": "202623001141", "problem_no": 4, "practice_run_no": 4231537633330279997, "case_code": "TWBQ-Q5JY-DBBE-3MQU", "entered": 1, "jammer_count": 12, "cleared_jammer_count": 12, "clear_failure_count": 0, "virtual_time_us": 5562159483, "end_reason": "user_exit", "created_at_ms": 1789251499674}
GUI_JOB {"action": "return", "folder": "003-1-return"}
WAIT_GUI {"seconds_remaining": 60}
GUI_RESULT {"status": "returned-to-practice", "ok": true, "clicks": 2, "robot_started": false}
SENSITIVITY_PROGRESS 195 742 screen 4 transverse_m=100 TWBQ-Q5JY-DBBE-3MQU 12 12
GUI_JOB {"action": "dry-run", "folder": "001-0-dry-run"}
WAIT_GUI {"seconds_remaining": 60}
GUI_RESULT {"status": "dry-run-ready", "ok": true, "clicks": 0, "robot_started": false}
READ_ONLY_DB_COPY {"label": "001-db-before", "rows": 374}
GUI_JOB {"action": "run", "folder": "002-1-run"}
WAIT_GUI {"seconds_remaining": 1320}
GUI_RESULT {"robot_exit": 0, "case_code": "DNSG-NYZ7-J4GG-6HUM", "ok": true, "robot_started": true, "status": "robot-completed", "clicks": 1}
READ_ONLY_DB_COPY {"label": "001-db-after-0", "rows": 375}
AUTHORITATIVE_RESULT {"id": 375, "team_no": "202623001141", "problem_no": 4, "practice_run_no": 699250710470067117, "case_code": "DNSG-NYZ7-J4GG-6HUM", "entered": 1, "jammer_count": 14, "cleared_jammer_count": 14, "clear_failure_count": 0, "virtual_time_us": 6783916604, "end_reason": "user_exit", "created_at_ms": 1789251542450}
GUI_JOB {"action": "return", "folder": "003-1-return"}
WAIT_GUI {"seconds_remaining": 60}
GUI_RESULT {"status": "returned-to-practice", "ok": true, "clicks": 2, "robot_started": false}
SENSITIVITY_PROGRESS 196 742 screen 4 steps=4 DNSG-NYZ7-J4GG-6HUM 14 14
GUI_JOB {"action": "dry-run", "folder": "001-0-dry-run"}
WAIT_GUI {"seconds_remaining": 60}
GUI_RESULT {"status": "dry-run-ready", "ok": true, "clicks": 0, "robot_started": false}
READ_ONLY_DB_COPY {"label": "001-db-before", "rows": 375}
GUI_JOB {"action": "run", "folder": "002-1-run"}
WAIT_GUI {"seconds_remaining": 1320}
GUI_RESULT {"robot_exit": 0, "case_code": "Q55U-SZJ6-HC4R-5VE7", "ok": true, "robot_started": true, "status": "robot-completed", "clicks": 1}
READ_ONLY_DB_COPY {"label": "001-db-after-0", "rows": 376}
AUTHORITATIVE_RESULT {"id": 376, "team_no": "202623001141", "problem_no": 4, "practice_run_no": 8362482919607800483, "case_code": "Q55U-SZJ6-HC4R-5VE7", "entered": 1, "jammer_count": 16, "cleared_jammer_count": 16, "clear_failure_count": 0, "virtual_time_us": 6019336053, "end_reason": "user_exit", "created_at_ms": 1789251585905}
GUI_JOB {"action": "return", "folder": "003-1-return"}
WAIT_GUI {"seconds_remaining": 60}
GUI_RESULT {"status": "returned-to-practice", "ok": true, "clicks": 2, "robot_started": false}
SENSITIVITY_PROGRESS 197 742 screen 4 pause_limit=8 Q55U-SZJ6-HC4R-5VE7 16 16
GUI_JOB {"action": "dry-run", "folder": "001-0-dry-run"}
WAIT_GUI {"seconds_remaining": 60}
GUI_RESULT {"status": "dry-run-ready", "ok": true, "clicks": 0, "robot_started": false}
READ_ONLY_DB_COPY {"label": "001-db-before", "rows": 376}
GUI_JOB {"action": "run", "folder": "002-1-run"}
WAIT_GUI {"seconds_remaining": 1320}
GUI_RESULT {"robot_exit": 0, "case_code": "DHAY-AXSB-XB35-GHA6", "ok": true, "robot_started": true, "status": "robot-completed", "clicks": 1}
READ_ONLY_DB_COPY {"label": "001-db-after-0", "rows": 377}
AUTHORITATIVE_RESULT {"id": 377, "team_no": "202623001141", "problem_no": 3, "practice_run_no": 2930042761024708140, "case_code": "DHAY-AXSB-XB35-GHA6", "entered": 1, "jammer_count": 15, "cleared_jammer_count": 15, "clear_failure_count": 0, "virtual_time_us": 3247281037, "end_reason": "user_exit", "created_at_ms": 1789251630362}
GUI_JOB {"action": "return", "folder": "003-1-return"}
WAIT_GUI {"seconds_remaining": 60}
GUI_RESULT {"status": "returned-to-practice", "ok": true, "clicks": 2, "robot_started": false}
SENSITIVITY_PROGRESS 198 742 screen 3 localization_weight=0 DHAY-AXSB-XB35-GHA6 15 15
GUI_JOB {"action": "dry-run", "folder": "001-0-dry-run"}
WAIT_GUI {"seconds_remaining": 60}
GUI_RESULT {"status": "dry-run-ready", "ok": true, "clicks": 0, "robot_started": false}
READ_ONLY_DB_COPY {"label": "001-db-before", "rows": 377}
GUI_JOB {"action": "run", "folder": "002-1-run"}
WAIT_GUI {"seconds_remaining": 1320}
GUI_RESULT {"robot_exit": 0, "case_code": "BWPB-S8UU-4TSC-DFMP", "ok": true, "robot_started": true, "status": "robot-completed", "clicks": 1}
READ_ONLY_DB_COPY {"label": "001-db-after-0", "rows": 378}
AUTHORITATIVE_RESULT {"id": 378, "team_no": "202623001141", "problem_no": 4, "practice_run_no": 8325802296427823601, "case_code": "BWPB-S8UU-4TSC-DFMP", "entered": 1, "jammer_count": 15, "cleared_jammer_count": 15, "clear_failure_count": 0, "virtual_time_us": 5948806837, "end_reason": "user_exit", "created_at_ms": 1789251668276}
GUI_JOB {"action": "return", "folder": "003-1-return"}
WAIT_GUI {"seconds_remaining": 60}
GUI_RESULT {"status": "returned-to-practice", "ok": true, "clicks": 2, "robot_started": false}
SENSITIVITY_PROGRESS 199 742 screen 4 baseline BWPB-S8UU-4TSC-DFMP 15 15
GUI_JOB {"action": "dry-run", "folder": "001-0-dry-run"}
WAIT_GUI {"seconds_remaining": 60}
GUI_RESULT {"status": "dry-run-ready", "ok": true, "clicks": 0, "robot_started": false}
READ_ONLY_DB_COPY {"label": "001-db-before", "rows": 378}
GUI_JOB {"action": "run", "folder": "002-1-run"}
WAIT_GUI {"seconds_remaining": 1320}
GUI_RESULT {"robot_exit": 0, "case_code": "G6KM-VWYG-9DYT-QJCB", "ok": true, "robot_started": true, "status": "robot-completed", "clicks": 1}
READ_ONLY_DB_COPY {"label": "001-db-after-0", "rows": 379}
AUTHORITATIVE_RESULT {"id": 379, "team_no": "202623001141", "problem_no": 3, "practice_run_no": 2886459870592022905, "case_code": "G6KM-VWYG-9DYT-QJCB", "entered": 1, "jammer_count": 12, "cleared_jammer_count": 12, "clear_failure_count": 0, "virtual_time_us": 3058644978, "end_reason": "user_exit", "created_at_ms": 1789251710703}
GUI_JOB {"action": "return", "folder": "003-1-return"}
WAIT_GUI {"seconds_remaining": 60}
GUI_RESULT {"status": "returned-to-practice", "ok": true, "clicks": 2, "robot_started": false}
SENSITIVITY_PROGRESS 200 742 screen 3 localization_weight=1.28 G6KM-VWYG-9DYT-QJCB 12 12
GUI_JOB {"action": "dry-run", "folder": "001-0-dry-run"}
WAIT_GUI {"seconds_remaining": 60}
GUI_RESULT {"status": "dry-run-ready", "ok": true, "clicks": 0, "robot_started": false}
READ_ONLY_DB_COPY {"label": "001-db-before", "rows": 379}
GUI_JOB {"action": "run", "folder": "002-1-run"}
WAIT_GUI {"seconds_remaining": 1320}
GUI_RESULT {"robot_exit": 0, "case_code": "QJZH-UZV2-9TVH-K9E7", "ok": true, "robot_started": true, "status": "robot-completed", "clicks": 1}
READ_ONLY_DB_COPY {"label": "001-db-after-0", "rows": 380}
AUTHORITATIVE_RESULT {"id": 380, "team_no": "202623001141", "problem_no": 4, "practice_run_no": 5683719914429610173, "case_code": "QJZH-UZV2-9TVH-K9E7", "entered": 1, "jammer_count": 10, "cleared_jammer_count": 10, "clear_failure_count": 0, "virtual_time_us": 5897151144, "end_reason": "user_exit", "created_at_ms": 1789251749992}
GUI_JOB {"action": "return", "folder": "003-1-return"}
WAIT_GUI {"seconds_remaining": 60}
GUI_RESULT {"status": "returned-to-practice", "ok": true, "clicks": 2, "robot_started": false}
SENSITIVITY_PROGRESS 201 742 screen 4 share_cooldown=50 QJZH-UZV2-9TVH-K9E7 10 10
GUI_JOB {"action": "dry-run", "folder": "001-0-dry-run"}
WAIT_GUI {"seconds_remaining": 60}
GUI_RESULT {"status": "dry-run-ready", "ok": true, "clicks": 0, "robot_started": false}
READ_ONLY_DB_COPY {"label": "001-db-before", "rows": 380}
GUI_JOB {"action": "run", "folder": "002-1-run"}
WAIT_GUI {"seconds_remaining": 1320}
GUI_RESULT {"robot_exit": 0, "case_code": "AR9R-N6HT-TVYE-W5NT", "ok": true, "robot_started": true, "status": "robot-completed", "clicks": 1}
READ_ONLY_DB_COPY {"label": "001-db-after-0", "rows": 381}
AUTHORITATIVE_RESULT {"id": 381, "team_no": "202623001141", "problem_no": 4, "practice_run_no": 3386528513160387366, "case_code": "AR9R-N6HT-TVYE-W5NT", "entered": 1, "jammer_count": 16, "cleared_jammer_count": 16, "clear_failure_count": 0, "virtual_time_us": 5574239222, "end_reason": "user_exit", "created_at_ms": 1789251794496}
GUI_JOB {"action": "return", "folder": "003-1-return"}
WAIT_GUI {"seconds_remaining": 60}
GUI_RESULT {"status": "returned-to-practice", "ok": true, "clicks": 2, "robot_started": false}
SENSITIVITY_PROGRESS 202 742 screen 4 share_cooldown=400 AR9R-N6HT-TVYE-W5NT 16 16
GUI_JOB {"action": "dry-run", "folder": "001-0-dry-run"}
WAIT_GUI {"seconds_remaining": 60}
GUI_RESULT {"status": "dry-run-ready", "ok": true, "clicks": 0, "robot_started": false}
READ_ONLY_DB_COPY {"label": "001-db-before", "rows": 381}
GUI_JOB {"action": "run", "folder": "002-1-run"}
WAIT_GUI {"seconds_remaining": 1320}
GUI_RESULT {"robot_exit": 0, "case_code": "9CQQ-EQ2V-NBMT-RYYT", "ok": true, "robot_started": true, "status": "robot-completed", "clicks": 1}
READ_ONLY_DB_COPY {"label": "001-db-after-0", "rows": 382}
AUTHORITATIVE_RESULT {"id": 382, "team_no": "202623001141", "problem_no": 3, "practice_run_no": 3285989712737313648, "case_code": "9CQQ-EQ2V-NBMT-RYYT", "entered": 1, "jammer_count": 10, "cleared_jammer_count": 10, "clear_failure_count": 0, "virtual_time_us": 3055189409, "end_reason": "user_exit", "created_at_ms": 1789251836328}
GUI_JOB {"action": "return", "folder": "003-1-return"}
WAIT_GUI {"seconds_remaining": 60}
GUI_RESULT {"status": "returned-to-practice", "ok": true, "clicks": 2, "robot_started": false}
SENSITIVITY_PROGRESS 203 742 screen 3 trial_radius=35 9CQQ-EQ2V-NBMT-RYYT 10 10
GUI_JOB {"action": "dry-run", "folder": "001-0-dry-run"}
WAIT_GUI {"seconds_remaining": 60}
GUI_RESULT {"status": "dry-run-ready", "ok": true, "clicks": 0, "robot_started": false}
READ_ONLY_DB_COPY {"label": "001-db-before", "rows": 382}
GUI_JOB {"action": "run", "folder": "002-1-run"}
WAIT_GUI {"seconds_remaining": 1320}
GUI_RESULT {"robot_exit": 0, "case_code": "6228-M4YV-JJ8U-8EHA", "ok": true, "robot_started": true, "status": "robot-completed", "clicks": 1}
READ_ONLY_DB_COPY {"label": "001-db-after-0", "rows": 383}
AUTHORITATIVE_RESULT {"id": 383, "team_no": "202623001141", "problem_no": 3, "practice_run_no": 1514553327335183906, "case_code": "6228-M4YV-JJ8U-8EHA", "entered": 1, "jammer_count": 11, "cleared_jammer_count": 11, "clear_failure_count": 0, "virtual_time_us": 2773174864, "end_reason": "user_exit", "created_at_ms": 1789251874932}
GUI_JOB {"action": "return", "folder": "003-1-return"}
WAIT_GUI {"seconds_remaining": 60}
GUI_RESULT {"status": "returned-to-practice", "ok": true, "clicks": 2, "robot_started": false}
SENSITIVITY_PROGRESS 204 742 screen 3 localization_weight=1.28 6228-M4YV-JJ8U-8EHA 11 11
GUI_JOB {"action": "dry-run", "folder": "001-0-dry-run"}
WAIT_GUI {"seconds_remaining": 60}
GUI_RESULT {"status": "dry-run-ready", "ok": true, "clicks": 0, "robot_started": false}
READ_ONLY_DB_COPY {"label": "001-db-before", "rows": 383}
GUI_JOB {"action": "run", "folder": "002-1-run"}
WAIT_GUI {"seconds_remaining": 1320}
GUI_RESULT {"robot_exit": 0, "case_code": "3N3K-HTFQ-6DJW-HJ89", "ok": true, "robot_started": true, "status": "robot-completed", "clicks": 1}
READ_ONLY_DB_COPY {"label": "001-db-after-0", "rows": 384}
AUTHORITATIVE_RESULT {"id": 384, "team_no": "202623001141", "problem_no": 4, "practice_run_no": 3717833201487248688, "case_code": "3N3K-HTFQ-6DJW-HJ89", "entered": 1, "jammer_count": 13, "cleared_jammer_count": 13, "clear_failure_count": 0, "virtual_time_us": 6023688158, "end_reason": "user_exit", "created_at_ms": 1789251913733}
GUI_JOB {"action": "return", "folder": "003-1-return"}
WAIT_GUI {"seconds_remaining": 60}
GUI_RESULT {"status": "returned-to-practice", "ok": true, "clicks": 2, "robot_started": false}
SENSITIVITY_PROGRESS 205 742 screen 4 steps=3 3N3K-HTFQ-6DJW-HJ89 13 13
GUI_JOB {"action": "dry-run", "folder": "001-0-dry-run"}
WAIT_GUI {"seconds_remaining": 60}
GUI_RESULT {"status": "dry-run-ready", "ok": true, "clicks": 0, "robot_started": false}
READ_ONLY_DB_COPY {"label": "001-db-before", "rows": 384}
GUI_JOB {"action": "run", "folder": "002-1-run"}
WAIT_GUI {"seconds_remaining": 1320}
GUI_RESULT {"robot_exit": 0, "case_code": "EN9G-ZW2W-T24N-HH3R", "ok": true, "robot_started": true, "status": "robot-completed", "clicks": 1}
READ_ONLY_DB_COPY {"label": "001-db-after-0", "rows": 385}
AUTHORITATIVE_RESULT {"id": 385, "team_no": "202623001141", "problem_no": 3, "practice_run_no": 8503560550687381925, "case_code": "EN9G-ZW2W-T24N-HH3R", "entered": 1, "jammer_count": 13, "cleared_jammer_count": 13, "clear_failure_count": 1, "virtual_time_us": 3035574399, "end_reason": "user_exit", "created_at_ms": 1789251957567}
GUI_JOB {"action": "return", "folder": "003-1-return"}
WAIT_GUI {"seconds_remaining": 60}
GUI_RESULT {"status": "returned-to-practice", "ok": true, "clicks": 2, "robot_started": false}
SENSITIVITY_PROGRESS 206 742 screen 3 trial_radius=80 EN9G-ZW2W-T24N-HH3R 13 13
GUI_JOB {"action": "dry-run", "folder": "001-0-dry-run"}
WAIT_GUI {"seconds_remaining": 60}
GUI_RESULT {"status": "dry-run-ready", "ok": true, "clicks": 0, "robot_started": false}
READ_ONLY_DB_COPY {"label": "001-db-before", "rows": 385}
GUI_JOB {"action": "run", "folder": "002-1-run"}
WAIT_GUI {"seconds_remaining": 1320}
GUI_RESULT {"robot_exit": 0, "case_code": "3VBE-QGYR-Y27K-GBW9", "ok": true, "robot_started": true, "status": "robot-completed", "clicks": 1}
READ_ONLY_DB_COPY {"label": "001-db-after-0", "rows": 386}
AUTHORITATIVE_RESULT {"id": 386, "team_no": "202623001141", "problem_no": 4, "practice_run_no": 7885526957249132030, "case_code": "3VBE-QGYR-Y27K-GBW9", "entered": 1, "jammer_count": 14, "cleared_jammer_count": 14, "clear_failure_count": 1, "virtual_time_us": 6896434155, "end_reason": "user_exit", "created_at_ms": 1789251996929}
GUI_JOB {"action": "return", "folder": "003-1-return"}
WAIT_GUI {"seconds_remaining": 60}
GUI_RESULT {"status": "returned-to-practice", "ok": true, "clicks": 2, "robot_started": false}
SENSITIVITY_PROGRESS 207 742 screen 4 trial_radius=65 3VBE-QGYR-Y27K-GBW9 14 14
GUI_JOB {"action": "dry-run", "folder": "001-0-dry-run"}
WAIT_GUI {"seconds_remaining": 60}
GUI_RESULT {"status": "dry-run-ready", "ok": true, "clicks": 0, "robot_started": false}
READ_ONLY_DB_COPY {"label": "001-db-before", "rows": 386}
GUI_JOB {"action": "run", "folder": "002-1-run"}
WAIT_GUI {"seconds_remaining": 1320}
GUI_RESULT {"robot_exit": 0, "case_code": "2X8W-2E7P-EPEW-GV6Q", "ok": true, "robot_started": true, "status": "robot-completed", "clicks": 1}
READ_ONLY_DB_COPY {"label": "001-db-after-0", "rows": 387}
AUTHORITATIVE_RESULT {"id": 387, "team_no": "202623001141", "problem_no": 4, "practice_run_no": 8322576193735478686, "case_code": "2X8W-2E7P-EPEW-GV6Q", "entered": 1, "jammer_count": 11, "cleared_jammer_count": 11, "clear_failure_count": 0, "virtual_time_us": 5681380380, "end_reason": "user_exit", "created_at_ms": 1789252041233}
GUI_JOB {"action": "return", "folder": "003-1-return"}
WAIT_GUI {"seconds_remaining": 60}
GUI_RESULT {"status": "returned-to-practice", "ok": true, "clicks": 2, "robot_started": false}
SENSITIVITY_PROGRESS 208 742 screen 4 pause_limit=4 2X8W-2E7P-EPEW-GV6Q 11 11
GUI_JOB {"action": "dry-run", "folder": "001-0-dry-run"}
WAIT_GUI {"seconds_remaining": 60}
GUI_RESULT {"status": "dry-run-ready", "ok": true, "clicks": 0, "robot_started": false}
READ_ONLY_DB_COPY {"label": "001-db-before", "rows": 387}
GUI_JOB {"action": "run", "folder": "002-1-run"}
WAIT_GUI {"seconds_remaining": 1320}
GUI_RESULT {"robot_exit": 0, "case_code": "M39M-WDN8-FPVH-CNW4", "ok": true, "robot_started": true, "status": "robot-completed", "clicks": 1}
READ_ONLY_DB_COPY {"label": "001-db-after-0", "rows": 388}
AUTHORITATIVE_RESULT {"id": 388, "team_no": "202623001141", "problem_no": 4, "practice_run_no": 9167908754360804281, "case_code": "M39M-WDN8-FPVH-CNW4", "entered": 1, "jammer_count": 16, "cleared_jammer_count": 16, "clear_failure_count": 0, "virtual_time_us": 4698726859, "end_reason": "user_exit", "created_at_ms": 1789252085712}
GUI_JOB {"action": "return", "folder": "003-1-return"}
WAIT_GUI {"seconds_remaining": 60}
GUI_RESULT {"status": "returned-to-practice", "ok": true, "clicks": 2, "robot_started": false}
SENSITIVITY_PROGRESS 209 742 screen 4 baseline M39M-WDN8-FPVH-CNW4 16 16
GUI_JOB {"action": "dry-run", "folder": "001-0-dry-run"}
WAIT_GUI {"seconds_remaining": 60}
GUI_RESULT {"status": "dry-run-ready", "ok": true, "clicks": 0, "robot_started": false}
READ_ONLY_DB_COPY {"label": "001-db-before", "rows": 388}
GUI_JOB {"action": "run", "folder": "002-1-run"}
WAIT_GUI {"seconds_remaining": 1320}
GUI_RESULT {"robot_exit": 0, "case_code": "AJGQ-JFV7-7BVX-MPGE", "ok": true, "robot_started": true, "status": "robot-completed", "clicks": 1}
READ_ONLY_DB_COPY {"label": "001-db-after-0", "rows": 389}
AUTHORITATIVE_RESULT {"id": 389, "team_no": "202623001141", "problem_no": 3, "practice_run_no": 254240024842934693, "case_code": "AJGQ-JFV7-7BVX-MPGE", "entered": 1, "jammer_count": 14, "cleared_jammer_count": 14, "clear_failure_count": 0, "virtual_time_us": 3269253172, "end_reason": "user_exit", "created_at_ms": 1789252126746}
GUI_JOB {"action": "return", "folder": "003-1-return"}
WAIT_GUI {"seconds_remaining": 60}
GUI_RESULT {"status": "returned-to-practice", "ok": true, "clicks": 2, "robot_started": false}
SENSITIVITY_PROGRESS 210 742 screen 3 max_active=1 AJGQ-JFV7-7BVX-MPGE 14 14
GUI_JOB {"action": "dry-run", "folder": "001-0-dry-run"}
WAIT_GUI {"seconds_remaining": 60}
GUI_RESULT {"status": "dry-run-ready", "ok": true, "clicks": 0, "robot_started": false}
READ_ONLY_DB_COPY {"label": "001-db-before", "rows": 389}
GUI_JOB {"action": "run", "folder": "002-1-run"}
WAIT_GUI {"seconds_remaining": 1320}
GUI_RESULT {"robot_exit": 0, "case_code": "UVHP-JY7T-45F6-A2DF", "ok": true, "robot_started": true, "status": "robot-completed", "clicks": 1}
READ_ONLY_DB_COPY {"label": "001-db-after-0", "rows": 390}
AUTHORITATIVE_RESULT {"id": 390, "team_no": "202623001141", "problem_no": 3, "practice_run_no": 1292723248631342037, "case_code": "UVHP-JY7T-45F6-A2DF", "entered": 1, "jammer_count": 15, "cleared_jammer_count": 15, "clear_failure_count": 0, "virtual_time_us": 2972735012, "end_reason": "user_exit", "created_at_ms": 1789252164811}
GUI_JOB {"action": "return", "folder": "003-1-return"}
WAIT_GUI {"seconds_remaining": 60}
GUI_RESULT {"status": "returned-to-practice", "ok": true, "clicks": 2, "robot_started": false}
SENSITIVITY_PROGRESS 211 742 screen 3 remainder_weight=2 UVHP-JY7T-45F6-A2DF 15 15
GUI_JOB {"action": "dry-run", "folder": "001-0-dry-run"}
WAIT_GUI {"seconds_remaining": 60}
GUI_RESULT {"status": "dry-run-ready", "ok": true, "clicks": 0, "robot_started": false}
READ_ONLY_DB_COPY {"label": "001-db-before", "rows": 390}
GUI_JOB {"action": "run", "folder": "002-1-run"}
WAIT_GUI {"seconds_remaining": 1320}
GUI_RESULT {"robot_exit": 0, "case_code": "ZFRT-SNVU-9UPF-G5XS", "ok": true, "robot_started": true, "status": "robot-completed", "clicks": 1}
READ_ONLY_DB_COPY {"label": "001-db-after-0", "rows": 391}
AUTHORITATIVE_RESULT {"id": 391, "team_no": "202623001141", "problem_no": 4, "practice_run_no": 2798306785569294412, "case_code": "ZFRT-SNVU-9UPF-G5XS", "entered": 1, "jammer_count": 13, "cleared_jammer_count": 13, "clear_failure_count": 0, "virtual_time_us": 6684762920, "end_reason": "user_exit", "created_at_ms": 1789252203206}
GUI_JOB {"action": "return", "folder": "003-1-return"}
WAIT_GUI {"seconds_remaining": 60}
GUI_RESULT {"status": "returned-to-practice", "ok": true, "clicks": 2, "robot_started": false}
SENSITIVITY_PROGRESS 212 742 screen 4 fraction=0.05 ZFRT-SNVU-9UPF-G5XS 13 13
GUI_JOB {"action": "dry-run", "folder": "001-0-dry-run"}
WAIT_GUI {"seconds_remaining": 60}
GUI_RESULT {"status": "dry-run-ready", "ok": true, "clicks": 0, "robot_started": false}
READ_ONLY_DB_COPY {"label": "001-db-before", "rows": 391}
GUI_JOB {"action": "run", "folder": "002-1-run"}
WAIT_GUI {"seconds_remaining": 1320}
GUI_RESULT {"robot_exit": 0, "case_code": "QSSC-PK2Y-5BDG-27RQ", "ok": true, "robot_started": true, "status": "robot-completed", "clicks": 1}
READ_ONLY_DB_COPY {"label": "001-db-after-0", "rows": 392}
AUTHORITATIVE_RESULT {"id": 392, "team_no": "202623001141", "problem_no": 3, "practice_run_no": 5244913973457697411, "case_code": "QSSC-PK2Y-5BDG-27RQ", "entered": 1, "jammer_count": 13, "cleared_jammer_count": 13, "clear_failure_count": 0, "virtual_time_us": 3399033122, "end_reason": "user_exit", "created_at_ms": 1789252249704}
GUI_JOB {"action": "return", "folder": "003-1-return"}
WAIT_GUI {"seconds_remaining": 60}
GUI_RESULT {"status": "returned-to-practice", "ok": true, "clicks": 2, "robot_started": false}
SENSITIVITY_PROGRESS 213 742 screen 3 localization_weight=0.32 QSSC-PK2Y-5BDG-27RQ 13 13
GUI_JOB {"action": "dry-run", "folder": "001-0-dry-run"}
WAIT_GUI {"seconds_remaining": 60}
GUI_RESULT {"status": "dry-run-ready", "ok": true, "clicks": 0, "robot_started": false}
READ_ONLY_DB_COPY {"label": "001-db-before", "rows": 392}
GUI_JOB {"action": "run", "folder": "002-1-run"}
WAIT_GUI {"seconds_remaining": 1320}
GUI_RESULT {"robot_exit": 0, "case_code": "FHKG-BAKD-F7VW-S534", "ok": true, "robot_started": true, "status": "robot-completed", "clicks": 1}
READ_ONLY_DB_COPY {"label": "001-db-after-0", "rows": 393}
AUTHORITATIVE_RESULT {"id": 393, "team_no": "202623001141", "problem_no": 4, "practice_run_no": 4505742264591333058, "case_code": "FHKG-BAKD-F7VW-S534", "entered": 1, "jammer_count": 14, "cleared_jammer_count": 14, "clear_failure_count": 0, "virtual_time_us": 6022816634, "end_reason": "user_exit", "created_at_ms": 1789252289104}
GUI_JOB {"action": "return", "folder": "003-1-return"}
WAIT_GUI {"seconds_remaining": 60}
GUI_RESULT {"status": "returned-to-practice", "ok": true, "clicks": 2, "robot_started": false}
SENSITIVITY_PROGRESS 214 742 screen 4 share_cooldown=50 FHKG-BAKD-F7VW-S534 14 14
GUI_JOB {"action": "dry-run", "folder": "001-0-dry-run"}
WAIT_GUI {"seconds_remaining": 60}
GUI_RESULT {"status": "dry-run-ready", "ok": true, "clicks": 0, "robot_started": false}
READ_ONLY_DB_COPY {"label": "001-db-before", "rows": 393}
GUI_JOB {"action": "run", "folder": "002-1-run"}
WAIT_GUI {"seconds_remaining": 1320}
GUI_RESULT {"robot_exit": 0, "case_code": "42BE-H8Y9-EFSK-F6XP", "ok": true, "robot_started": true, "status": "robot-completed", "clicks": 1}
READ_ONLY_DB_COPY {"label": "001-db-after-0", "rows": 394}
AUTHORITATIVE_RESULT {"id": 394, "team_no": "202623001141", "problem_no": 4, "practice_run_no": 3684766742934517628, "case_code": "42BE-H8Y9-EFSK-F6XP", "entered": 1, "jammer_count": 10, "cleared_jammer_count": 10, "clear_failure_count": 0, "virtual_time_us": 6084744205, "end_reason": "user_exit", "created_at_ms": 1789252333558}
GUI_JOB {"action": "return", "folder": "003-1-return"}
WAIT_GUI {"seconds_remaining": 60}
GUI_RESULT {"status": "returned-to-practice", "ok": true, "clicks": 2, "robot_started": false}
SENSITIVITY_PROGRESS 215 742 screen 4 share_cooldown=800 42BE-H8Y9-EFSK-F6XP 10 10
GUI_JOB {"action": "dry-run", "folder": "001-0-dry-run"}
WAIT_GUI {"seconds_remaining": 60}
GUI_RESULT {"status": "dry-run-ready", "ok": true, "clicks": 0, "robot_started": false}
READ_ONLY_DB_COPY {"label": "001-db-before", "rows": 394}
GUI_JOB {"action": "run", "folder": "002-1-run"}
WAIT_GUI {"seconds_remaining": 1320}
GUI_RESULT {"robot_exit": 0, "case_code": "BEV5-FRNH-ZSCS-DMD6", "ok": true, "robot_started": true, "status": "robot-completed", "clicks": 1}
READ_ONLY_DB_COPY {"label": "001-db-after-0", "rows": 395}
AUTHORITATIVE_RESULT {"id": 395, "team_no": "202623001141", "problem_no": 3, "practice_run_no": 1520881015372915858, "case_code": "BEV5-FRNH-ZSCS-DMD6", "entered": 1, "jammer_count": 16, "cleared_jammer_count": 16, "clear_failure_count": 0, "virtual_time_us": 3046567818, "end_reason": "user_exit", "created_at_ms": 1789252378410}
GUI_JOB {"action": "return", "folder": "003-1-return"}
WAIT_GUI {"seconds_remaining": 60}
GUI_RESULT {"status": "returned-to-practice", "ok": true, "clicks": 2, "robot_started": false}
SENSITIVITY_PROGRESS 216 742 screen 3 localization_weight=0 BEV5-FRNH-ZSCS-DMD6 16 16
GUI_JOB {"action": "dry-run", "folder": "001-0-dry-run"}
WAIT_GUI {"seconds_remaining": 60}
GUI_RESULT {"status": "dry-run-ready", "ok": true, "clicks": 0, "robot_started": false}
READ_ONLY_DB_COPY {"label": "001-db-before", "rows": 395}
GUI_JOB {"action": "run", "folder": "002-1-run"}
WAIT_GUI {"seconds_remaining": 1320}
GUI_RESULT {"robot_exit": 0, "case_code": "Z63D-AREG-3RM6-E59R", "ok": true, "robot_started": true, "status": "robot-completed", "clicks": 1}
READ_ONLY_DB_COPY {"label": "001-db-after-0", "rows": 396}
AUTHORITATIVE_RESULT {"id": 396, "team_no": "202623001141", "problem_no": 3, "practice_run_no": 5955554189891227809, "case_code": "Z63D-AREG-3RM6-E59R", "entered": 1, "jammer_count": 13, "cleared_jammer_count": 13, "clear_failure_count": 0, "virtual_time_us": 3168699996, "end_reason": "user_exit", "created_at_ms": 1789252416196}
GUI_JOB {"action": "return", "folder": "003-1-return"}
WAIT_GUI {"seconds_remaining": 60}
GUI_RESULT {"status": "returned-to-practice", "ok": true, "clicks": 2, "robot_started": false}
SENSITIVITY_PROGRESS 217 742 screen 3 localization_weight=0.02 Z63D-AREG-3RM6-E59R 13 13
GUI_JOB {"action": "dry-run", "folder": "001-0-dry-run"}
WAIT_GUI {"seconds_remaining": 60}
GUI_RESULT {"status": "dry-run-ready", "ok": true, "clicks": 0, "robot_started": false}
READ_ONLY_DB_COPY {"label": "001-db-before", "rows": 396}
GUI_JOB {"action": "run", "folder": "002-1-run"}
WAIT_GUI {"seconds_remaining": 1320}
GUI_RESULT {"robot_exit": 0, "case_code": "JK6Z-DMS6-2HW4-V2HR", "ok": true, "robot_started": true, "status": "robot-completed", "clicks": 1}
READ_ONLY_DB_COPY {"label": "001-db-after-0", "rows": 397}
AUTHORITATIVE_RESULT {"id": 397, "team_no": "202623001141", "problem_no": 4, "practice_run_no": 6210831404506351606, "case_code": "JK6Z-DMS6-2HW4-V2HR", "entered": 1, "jammer_count": 16, "cleared_jammer_count": 16, "clear_failure_count": 0, "virtual_time_us": 5926808754, "end_reason": "user_exit", "created_at_ms": 1789252455623}
GUI_JOB {"action": "return", "folder": "003-1-return"}
WAIT_GUI {"seconds_remaining": 60}
GUI_RESULT {"status": "returned-to-practice", "ok": true, "clicks": 2, "robot_started": false}
SENSITIVITY_PROGRESS 218 742 screen 4 share_limit=2 JK6Z-DMS6-2HW4-V2HR 16 16
GUI_JOB {"action": "dry-run", "folder": "001-0-dry-run"}
WAIT_GUI {"seconds_remaining": 60}
GUI_RESULT {"status": "dry-run-ready", "ok": true, "clicks": 0, "robot_started": false}
READ_ONLY_DB_COPY {"label": "001-db-before", "rows": 397}
GUI_JOB {"action": "run", "folder": "002-1-run"}
WAIT_GUI {"seconds_remaining": 1320}
GUI_RESULT {"robot_exit": 0, "case_code": "HD98-JFFW-2ZZ8-U3QE", "ok": true, "robot_started": true, "status": "robot-completed", "clicks": 1}
READ_ONLY_DB_COPY {"label": "001-db-after-0", "rows": 398}
AUTHORITATIVE_RESULT {"id": 398, "team_no": "202623001141", "problem_no": 4, "practice_run_no": 4372469245057391242, "case_code": "HD98-JFFW-2ZZ8-U3QE", "entered": 1, "jammer_count": 13, "cleared_jammer_count": 13, "clear_failure_count": 0, "virtual_time_us": 6246946101, "end_reason": "user_exit", "created_at_ms": 1789252498744}
GUI_JOB {"action": "return", "folder": "003-1-return"}
WAIT_GUI {"seconds_remaining": 60}
GUI_RESULT {"status": "returned-to-practice", "ok": true, "clicks": 2, "robot_started": false}
SENSITIVITY_PROGRESS 219 742 screen 4 fraction=0.1 HD98-JFFW-2ZZ8-U3QE 13 13
GUI_JOB {"action": "dry-run", "folder": "001-0-dry-run"}
WAIT_GUI {"seconds_remaining": 60}
GUI_RESULT {"status": "dry-run-ready", "ok": true, "clicks": 0, "robot_started": false}
READ_ONLY_DB_COPY {"label": "001-db-before", "rows": 398}
GUI_JOB {"action": "run", "folder": "002-1-run"}
WAIT_GUI {"seconds_remaining": 1320}
GUI_RESULT {"robot_exit": 0, "case_code": "KKZS-J9FC-YCGD-BF5Y", "ok": true, "robot_started": true, "status": "robot-completed", "clicks": 1}
READ_ONLY_DB_COPY {"label": "001-db-after-0", "rows": 399}
AUTHORITATIVE_RESULT {"id": 399, "team_no": "202623001141", "problem_no": 3, "practice_run_no": 2682815324386386368, "case_code": "KKZS-J9FC-YCGD-BF5Y", "entered": 1, "jammer_count": 13, "cleared_jammer_count": 13, "clear_failure_count": 1, "virtual_time_us": 3091540845, "end_reason": "user_exit", "created_at_ms": 1789252545189}
GUI_JOB {"action": "return", "folder": "003-1-return"}
WAIT_GUI {"seconds_remaining": 60}
GUI_RESULT {"status": "returned-to-practice", "ok": true, "clicks": 2, "robot_started": false}
SENSITIVITY_PROGRESS 220 742 screen 3 remainder_weight=0 KKZS-J9FC-YCGD-BF5Y 13 13
GUI_JOB {"action": "dry-run", "folder": "001-0-dry-run"}
WAIT_GUI {"seconds_remaining": 60}
GUI_RESULT {"status": "dry-run-ready", "ok": true, "clicks": 0, "robot_started": false}
READ_ONLY_DB_COPY {"label": "001-db-before", "rows": 399}
GUI_JOB {"action": "run", "folder": "002-1-run"}
WAIT_GUI {"seconds_remaining": 1320}
GUI_RESULT {"robot_exit": 0, "case_code": "JU9Q-4NU4-P5P7-RXSH", "ok": true, "robot_started": true, "status": "robot-completed", "clicks": 1}
READ_ONLY_DB_COPY {"label": "001-db-after-0", "rows": 400}
AUTHORITATIVE_RESULT {"id": 400, "team_no": "202623001141", "problem_no": 4, "practice_run_no": 8943928754035869261, "case_code": "JU9Q-4NU4-P5P7-RXSH", "entered": 1, "jammer_count": 13, "cleared_jammer_count": 13, "clear_failure_count": 0, "virtual_time_us": 6190778031, "end_reason": "user_exit", "created_at_ms": 1789252584926}
GUI_JOB {"action": "return", "folder": "003-1-return"}
WAIT_GUI {"seconds_remaining": 60}
GUI_RESULT {"status": "returned-to-practice", "ok": true, "clicks": 2, "robot_started": false}
SENSITIVITY_PROGRESS 221 742 screen 4 share_cooldown=0 JU9Q-4NU4-P5P7-RXSH 13 13
GUI_JOB {"action": "dry-run", "folder": "001-0-dry-run"}
WAIT_GUI {"seconds_remaining": 60}
GUI_RESULT {"status": "dry-run-ready", "ok": true, "clicks": 0, "robot_started": false}
READ_ONLY_DB_COPY {"label": "001-db-before", "rows": 400}
GUI_JOB {"action": "run", "folder": "002-1-run"}
WAIT_GUI {"seconds_remaining": 1320}
GUI_RESULT {"robot_exit": 0, "case_code": "NT89-WMZ4-TU33-D4AY", "ok": true, "robot_started": true, "status": "robot-completed", "clicks": 1}
READ_ONLY_DB_COPY {"label": "001-db-after-0", "rows": 401}
AUTHORITATIVE_RESULT {"id": 401, "team_no": "202623001141", "problem_no": 4, "practice_run_no": 3119098364924135166, "case_code": "NT89-WMZ4-TU33-D4AY", "entered": 1, "jammer_count": 13, "cleared_jammer_count": 13, "clear_failure_count": 1, "virtual_time_us": 6154620336, "end_reason": "user_exit", "created_at_ms": 1789252629329}
GUI_JOB {"action": "return", "folder": "003-1-return"}
WAIT_GUI {"seconds_remaining": 60}
GUI_RESULT {"status": "returned-to-practice", "ok": true, "clicks": 2, "robot_started": false}
SENSITIVITY_PROGRESS 222 742 screen 4 trial_radius=80 NT89-WMZ4-TU33-D4AY 13 13
GUI_JOB {"action": "dry-run", "folder": "001-0-dry-run"}
WAIT_GUI {"seconds_remaining": 60}
GUI_RESULT {"status": "dry-run-ready", "ok": true, "clicks": 0, "robot_started": false}
READ_ONLY_DB_COPY {"label": "001-db-before", "rows": 401}
GUI_JOB {"action": "run", "folder": "002-1-run"}
WAIT_GUI {"seconds_remaining": 1320}
GUI_RESULT {"robot_exit": 0, "case_code": "RKQC-J9S9-ASRN-J8ZX", "ok": true, "robot_started": true, "status": "robot-completed", "clicks": 1}
READ_ONLY_DB_COPY {"label": "001-db-after-0", "rows": 402}
AUTHORITATIVE_RESULT {"id": 402, "team_no": "202623001141", "problem_no": 4, "practice_run_no": 1121689773115448720, "case_code": "RKQC-J9S9-ASRN-J8ZX", "entered": 1, "jammer_count": 15, "cleared_jammer_count": 15, "clear_failure_count": 0, "virtual_time_us": 6741091429, "end_reason": "user_exit", "created_at_ms": 1789252672921}
GUI_JOB {"action": "return", "folder": "003-1-return"}
WAIT_GUI {"seconds_remaining": 60}
GUI_RESULT {"status": "returned-to-practice", "ok": true, "clicks": 2, "robot_started": false}
SENSITIVITY_PROGRESS 223 742 screen 4 share_limit=0 RKQC-J9S9-ASRN-J8ZX 15 15
GUI_JOB {"action": "dry-run", "folder": "001-0-dry-run"}
WAIT_GUI {"seconds_remaining": 60}
GUI_RESULT {"status": "dry-run-ready", "ok": true, "clicks": 0, "robot_started": false}
READ_ONLY_DB_COPY {"label": "001-db-before", "rows": 402}
GUI_JOB {"action": "run", "folder": "002-1-run"}
WAIT_GUI {"seconds_remaining": 1320}
GUI_RESULT {"robot_exit": 0, "case_code": "YKV6-TUKP-KHAN-26CE", "ok": true, "robot_started": true, "status": "robot-completed", "clicks": 1}
READ_ONLY_DB_COPY {"label": "001-db-after-0", "rows": 403}
AUTHORITATIVE_RESULT {"id": 403, "team_no": "202623001141", "problem_no": 3, "practice_run_no": 5744571636154347478, "case_code": "YKV6-TUKP-KHAN-26CE", "entered": 1, "jammer_count": 12, "cleared_jammer_count": 12, "clear_failure_count": 0, "virtual_time_us": 2814859172, "end_reason": "user_exit", "created_at_ms": 1789252716172}
GUI_JOB {"action": "return", "folder": "003-1-return"}
WAIT_GUI {"seconds_remaining": 60}
GUI_RESULT {"status": "returned-to-practice", "ok": true, "clicks": 2, "robot_started": false}
SENSITIVITY_PROGRESS 224 742 screen 3 share_limit=20 YKV6-TUKP-KHAN-26CE 12 12
GUI_JOB {"action": "dry-run", "folder": "001-0-dry-run"}
WAIT_GUI {"seconds_remaining": 60}
GUI_RESULT {"status": "dry-run-ready", "ok": true, "clicks": 0, "robot_started": false}
READ_ONLY_DB_COPY {"label": "001-db-before", "rows": 403}
GUI_JOB {"action": "run", "folder": "002-1-run"}
WAIT_GUI {"seconds_remaining": 1320}
GUI_RESULT {"robot_exit": 0, "case_code": "PM74-2Z95-3S5B-BUZK", "ok": true, "robot_started": true, "status": "robot-completed", "clicks": 1}
READ_ONLY_DB_COPY {"label": "001-db-after-0", "rows": 404}
AUTHORITATIVE_RESULT {"id": 404, "team_no": "202623001141", "problem_no": 4, "practice_run_no": 1831802945945617184, "case_code": "PM74-2Z95-3S5B-BUZK", "entered": 1, "jammer_count": 15, "cleared_jammer_count": 15, "clear_failure_count": 56, "virtual_time_us": 6356392234, "end_reason": "user_exit", "created_at_ms": 1789252754944}
GUI_JOB {"action": "return", "folder": "003-1-return"}
WAIT_GUI {"seconds_remaining": 60}
GUI_RESULT {"status": "returned-to-practice", "ok": true, "clicks": 2, "robot_started": false}
SENSITIVITY_PROGRESS 225 742 screen 4 steps=1 PM74-2Z95-3S5B-BUZK 15 15
GUI_JOB {"action": "dry-run", "folder": "001-0-dry-run"}
WAIT_GUI {"seconds_remaining": 60}
GUI_RESULT {"status": "dry-run-ready", "ok": true, "clicks": 0, "robot_started": false}
READ_ONLY_DB_COPY {"label": "001-db-before", "rows": 404}
GUI_JOB {"action": "run", "folder": "002-1-run"}
WAIT_GUI {"seconds_remaining": 1320}
GUI_RESULT {"robot_exit": 0, "case_code": "5ZRZ-N4XY-T5X7-9MMW", "ok": true, "robot_started": true, "status": "robot-completed", "clicks": 1}
READ_ONLY_DB_COPY {"label": "001-db-after-0", "rows": 405}
AUTHORITATIVE_RESULT {"id": 405, "team_no": "202623001141", "problem_no": 4, "practice_run_no": 2947912110422191459, "case_code": "5ZRZ-N4XY-T5X7-9MMW", "entered": 1, "jammer_count": 13, "cleared_jammer_count": 13, "clear_failure_count": 0, "virtual_time_us": 6335788366, "end_reason": "user_exit", "created_at_ms": 1789252800101}
GUI_JOB {"action": "return", "folder": "003-1-return"}
WAIT_GUI {"seconds_remaining": 60}
GUI_RESULT {"status": "returned-to-practice", "ok": true, "clicks": 2, "robot_started": false}
SENSITIVITY_PROGRESS 226 742 screen 4 share_limit=12 5ZRZ-N4XY-T5X7-9MMW 13 13
GUI_JOB {"action": "dry-run", "folder": "001-0-dry-run"}
WAIT_GUI {"seconds_remaining": 60}
GUI_RESULT {"status": "dry-run-ready", "ok": true, "clicks": 0, "robot_started": false}
READ_ONLY_DB_COPY {"label": "001-db-before", "rows": 405}
GUI_JOB {"action": "run", "folder": "002-1-run"}
WAIT_GUI {"seconds_remaining": 1320}
GUI_RESULT {"robot_exit": 0, "case_code": "KT6A-H85C-R84B-GATZ", "ok": true, "robot_started": true, "status": "robot-completed", "clicks": 1}
READ_ONLY_DB_COPY {"label": "001-db-after-0", "rows": 406}
AUTHORITATIVE_RESULT {"id": 406, "team_no": "202623001141", "problem_no": 4, "practice_run_no": 1856841014010711956, "case_code": "KT6A-H85C-R84B-GATZ", "entered": 1, "jammer_count": 16, "cleared_jammer_count": 16, "clear_failure_count": 0, "virtual_time_us": 6577718383, "end_reason": "user_exit", "created_at_ms": 1789252844464}
GUI_JOB {"action": "return", "folder": "003-1-return"}
WAIT_GUI {"seconds_remaining": 60}
GUI_RESULT {"status": "returned-to-practice", "ok": true, "clicks": 2, "robot_started": false}
SENSITIVITY_PROGRESS 227 742 screen 4 pause_limit=8 KT6A-H85C-R84B-GATZ 16 16
GUI_JOB {"action": "dry-run", "folder": "001-0-dry-run"}
WAIT_GUI {"seconds_remaining": 60}
GUI_RESULT {"status": "dry-run-ready", "ok": true, "clicks": 0, "robot_started": false}
READ_ONLY_DB_COPY {"label": "001-db-before", "rows": 406}
GUI_JOB {"action": "run", "folder": "002-1-run"}
WAIT_GUI {"seconds_remaining": 1320}
GUI_RESULT {"robot_exit": 0, "case_code": "5C2V-YG7M-YMJX-X8HR", "ok": true, "robot_started": true, "status": "robot-completed", "clicks": 1}
READ_ONLY_DB_COPY {"label": "001-db-after-0", "rows": 407}
AUTHORITATIVE_RESULT {"id": 407, "team_no": "202623001141", "problem_no": 4, "practice_run_no": 254491827799988501, "case_code": "5C2V-YG7M-YMJX-X8HR", "entered": 1, "jammer_count": 11, "cleared_jammer_count": 11, "clear_failure_count": 0, "virtual_time_us": 6522064629, "end_reason": "user_exit", "created_at_ms": 1789252888800}
GUI_JOB {"action": "return", "folder": "003-1-return"}
WAIT_GUI {"seconds_remaining": 60}
GUI_RESULT {"status": "returned-to-practice", "ok": true, "clicks": 2, "robot_started": false}
SENSITIVITY_PROGRESS 228 742 screen 4 steps=2 5C2V-YG7M-YMJX-X8HR 11 11
GUI_JOB {"action": "dry-run", "folder": "001-0-dry-run"}
WAIT_GUI {"seconds_remaining": 60}
GUI_RESULT {"status": "dry-run-ready", "ok": true, "clicks": 0, "robot_started": false}
READ_ONLY_DB_COPY {"label": "001-db-before", "rows": 407}
GUI_JOB {"action": "run", "folder": "002-1-run"}
WAIT_GUI {"seconds_remaining": 1320}
GUI_RESULT {"robot_exit": 0, "case_code": "4DQF-RXXP-AMEV-B8Q3", "ok": true, "robot_started": true, "status": "robot-completed", "clicks": 1}
READ_ONLY_DB_COPY {"label": "001-db-after-0", "rows": 408}
AUTHORITATIVE_RESULT {"id": 408, "team_no": "202623001141", "problem_no": 4, "practice_run_no": 7815616305046381211, "case_code": "4DQF-RXXP-AMEV-B8Q3", "entered": 1, "jammer_count": 12, "cleared_jammer_count": 12, "clear_failure_count": 0, "virtual_time_us": 6019159023, "end_reason": "user_exit", "created_at_ms": 1789252935773}
GUI_JOB {"action": "return", "folder": "003-1-return"}
WAIT_GUI {"seconds_remaining": 60}
GUI_RESULT {"status": "returned-to-practice", "ok": true, "clicks": 2, "robot_started": false}
SENSITIVITY_PROGRESS 229 742 screen 4 share_cooldown=400 4DQF-RXXP-AMEV-B8Q3 12 12
GUI_JOB {"action": "dry-run", "folder": "001-0-dry-run"}
WAIT_GUI {"seconds_remaining": 60}
GUI_RESULT {"status": "dry-run-ready", "ok": true, "clicks": 0, "robot_started": false}
READ_ONLY_DB_COPY {"label": "001-db-before", "rows": 408}
GUI_JOB {"action": "run", "folder": "002-1-run"}
WAIT_GUI {"seconds_remaining": 1320}
GUI_RESULT {"robot_exit": 0, "case_code": "P6KS-QUP7-K799-FURQ", "ok": true, "robot_started": true, "status": "robot-completed", "clicks": 1}
READ_ONLY_DB_COPY {"label": "001-db-after-0", "rows": 409}
AUTHORITATIVE_RESULT {"id": 409, "team_no": "202623001141", "problem_no": 4, "practice_run_no": 5133098366857893791, "case_code": "P6KS-QUP7-K799-FURQ", "entered": 1, "jammer_count": 13, "cleared_jammer_count": 13, "clear_failure_count": 0, "virtual_time_us": 5869257688, "end_reason": "user_exit", "created_at_ms": 1789252980012}
GUI_JOB {"action": "return", "folder": "003-1-return"}
WAIT_GUI {"seconds_remaining": 60}
GUI_RESULT {"status": "returned-to-practice", "ok": true, "clicks": 2, "robot_started": false}
SENSITIVITY_PROGRESS 230 742 screen 4 transverse_m=10 P6KS-QUP7-K799-FURQ 13 13
GUI_JOB {"action": "dry-run", "folder": "001-0-dry-run"}
WAIT_GUI {"seconds_remaining": 60}
GUI_RESULT {"status": "dry-run-ready", "ok": true, "clicks": 0, "robot_started": false}
READ_ONLY_DB_COPY {"label": "001-db-before", "rows": 409}
GUI_JOB {"action": "run", "folder": "002-1-run"}
WAIT_GUI {"seconds_remaining": 1320}
GUI_RESULT {"robot_exit": 0, "case_code": "2RD4-V2DJ-X8YW-2RBP", "ok": true, "robot_started": true, "status": "robot-completed", "clicks": 1}
READ_ONLY_DB_COPY {"label": "001-db-after-0", "rows": 410}
AUTHORITATIVE_RESULT {"id": 410, "team_no": "202623001141", "problem_no": 4, "practice_run_no": 351682339289945462, "case_code": "2RD4-V2DJ-X8YW-2RBP", "entered": 1, "jammer_count": 13, "cleared_jammer_count": 13, "clear_failure_count": 0, "virtual_time_us": 5846548053, "end_reason": "user_exit", "created_at_ms": 1789253026886}
GUI_JOB {"action": "return", "folder": "003-1-return"}
WAIT_GUI {"seconds_remaining": 60}
GUI_RESULT {"status": "returned-to-practice", "ok": true, "clicks": 2, "robot_started": false}
SENSITIVITY_PROGRESS 231 742 screen 4 share_limit=20 2RD4-V2DJ-X8YW-2RBP 13 13
GUI_JOB {"action": "dry-run", "folder": "001-0-dry-run"}
WAIT_GUI {"seconds_remaining": 60}
GUI_RESULT {"status": "dry-run-ready", "ok": true, "clicks": 0, "robot_started": false}
READ_ONLY_DB_COPY {"label": "001-db-before", "rows": 410}
GUI_JOB {"action": "run", "folder": "002-1-run"}
WAIT_GUI {"seconds_remaining": 1320}
GUI_RESULT {"robot_exit": 0, "case_code": "MNGN-AM5T-MFFF-3474", "ok": true, "robot_started": true, "status": "robot-completed", "clicks": 1}
READ_ONLY_DB_COPY {"label": "001-db-after-0", "rows": 411}
AUTHORITATIVE_RESULT {"id": 411, "team_no": "202623001141", "problem_no": 4, "practice_run_no": 5407503194957180905, "case_code": "MNGN-AM5T-MFFF-3474", "entered": 1, "jammer_count": 11, "cleared_jammer_count": 11, "clear_failure_count": 0, "virtual_time_us": 6307361932, "end_reason": "user_exit", "created_at_ms": 1789253071996}
GUI_JOB {"action": "return", "folder": "003-1-return"}
WAIT_GUI {"seconds_remaining": 60}
GUI_RESULT {"status": "returned-to-practice", "ok": true, "clicks": 2, "robot_started": false}
SENSITIVITY_PROGRESS 232 742 screen 4 trial_radius=20 MNGN-AM5T-MFFF-3474 11 11
GUI_JOB {"action": "dry-run", "folder": "001-0-dry-run"}
WAIT_GUI {"seconds_remaining": 60}
GUI_RESULT {"status": "dry-run-ready", "ok": true, "clicks": 0, "robot_started": false}
READ_ONLY_DB_COPY {"label": "001-db-before", "rows": 411}
GUI_JOB {"action": "run", "folder": "002-1-run"}
WAIT_GUI {"seconds_remaining": 1320}
GUI_RESULT {"robot_exit": 0, "case_code": "ZVMF-ER4C-6E27-PTP7", "ok": true, "robot_started": true, "status": "robot-completed", "clicks": 1}
READ_ONLY_DB_COPY {"label": "001-db-after-0", "rows": 412}
AUTHORITATIVE_RESULT {"id": 412, "team_no": "202623001141", "problem_no": 3, "practice_run_no": 5022778663182403187, "case_code": "ZVMF-ER4C-6E27-PTP7", "entered": 1, "jammer_count": 15, "cleared_jammer_count": 15, "clear_failure_count": 0, "virtual_time_us": 2988713083, "end_reason": "user_exit", "created_at_ms": 1789253116529}
GUI_JOB {"action": "return", "folder": "003-1-return"}
WAIT_GUI {"seconds_remaining": 60}
GUI_RESULT {"status": "returned-to-practice", "ok": true, "clicks": 2, "robot_started": false}
SENSITIVITY_PROGRESS 233 742 screen 3 share_limit=2 ZVMF-ER4C-6E27-PTP7 15 15
GUI_JOB {"action": "dry-run", "folder": "001-0-dry-run"}
WAIT_GUI {"seconds_remaining": 60}
GUI_RESULT {"status": "dry-run-ready", "ok": true, "clicks": 0, "robot_started": false}
READ_ONLY_DB_COPY {"label": "001-db-before", "rows": 412}
GUI_JOB {"action": "run", "folder": "002-1-run"}
WAIT_GUI {"seconds_remaining": 1320}
GUI_RESULT {"robot_exit": 0, "case_code": "547S-Y3M2-BRF7-RK6R", "ok": true, "robot_started": true, "status": "robot-completed", "clicks": 1}
READ_ONLY_DB_COPY {"label": "001-db-after-0", "rows": 413}
AUTHORITATIVE_RESULT {"id": 413, "team_no": "202623001141", "problem_no": 4, "practice_run_no": 7086923984691222339, "case_code": "547S-Y3M2-BRF7-RK6R", "entered": 1, "jammer_count": 16, "cleared_jammer_count": 16, "clear_failure_count": 0, "virtual_time_us": 5281572391, "end_reason": "user_exit", "created_at_ms": 1789253155514}
GUI_JOB {"action": "return", "folder": "003-1-return"}
WAIT_GUI {"seconds_remaining": 60}
GUI_RESULT {"status": "returned-to-practice", "ok": true, "clicks": 2, "robot_started": false}
SENSITIVITY_PROGRESS 234 742 screen 4 transverse_m=100 547S-Y3M2-BRF7-RK6R 16 16
GUI_JOB {"action": "dry-run", "folder": "001-0-dry-run"}
WAIT_GUI {"seconds_remaining": 60}
GUI_RESULT {"status": "dry-run-ready", "ok": true, "clicks": 0, "robot_started": false}
READ_ONLY_DB_COPY {"label": "001-db-before", "rows": 413}
GUI_JOB {"action": "run", "folder": "002-1-run"}
WAIT_GUI {"seconds_remaining": 1320}
GUI_RESULT {"robot_exit": 0, "case_code": "4Y6B-DEDJ-Z6GZ-SVTT", "ok": true, "robot_started": true, "status": "robot-completed", "clicks": 1}
READ_ONLY_DB_COPY {"label": "001-db-after-0", "rows": 414}
AUTHORITATIVE_RESULT {"id": 414, "team_no": "202623001141", "problem_no": 3, "practice_run_no": 1168462811338276202, "case_code": "4Y6B-DEDJ-Z6GZ-SVTT", "entered": 1, "jammer_count": 10, "cleared_jammer_count": 10, "clear_failure_count": 1, "virtual_time_us": 2873114689, "end_reason": "user_exit", "created_at_ms": 1789253197800}
GUI_JOB {"action": "return", "folder": "003-1-return"}
WAIT_GUI {"seconds_remaining": 60}
GUI_RESULT {"status": "returned-to-practice", "ok": true, "clicks": 2, "robot_started": false}
SENSITIVITY_PROGRESS 235 742 screen 3 share_limit=12 4Y6B-DEDJ-Z6GZ-SVTT 10 10
GUI_JOB {"action": "dry-run", "folder": "001-0-dry-run"}
WAIT_GUI {"seconds_remaining": 60}
GUI_RESULT {"status": "dry-run-ready", "ok": true, "clicks": 0, "robot_started": false}
READ_ONLY_DB_COPY {"label": "001-db-before", "rows": 414}
GUI_JOB {"action": "run", "folder": "002-1-run"}
WAIT_GUI {"seconds_remaining": 1320}
GUI_RESULT {"robot_exit": 0, "case_code": "AAZB-9UPF-QHPU-G9M6", "ok": true, "robot_started": true, "status": "robot-completed", "clicks": 1}
READ_ONLY_DB_COPY {"label": "001-db-after-0", "rows": 415}
AUTHORITATIVE_RESULT {"id": 415, "team_no": "202623001141", "problem_no": 3, "practice_run_no": 537501929972980309, "case_code": "AAZB-9UPF-QHPU-G9M6", "entered": 1, "jammer_count": 13, "cleared_jammer_count": 13, "clear_failure_count": 0, "virtual_time_us": 2965361262, "end_reason": "user_exit", "created_at_ms": 1789253236673}
GUI_JOB {"action": "return", "folder": "003-1-return"}
WAIT_GUI {"seconds_remaining": 60}
GUI_RESULT {"status": "returned-to-practice", "ok": true, "clicks": 2, "robot_started": false}
SENSITIVITY_PROGRESS 236 742 screen 3 remainder_weight=1 AAZB-9UPF-QHPU-G9M6 13 13
GUI_JOB {"action": "dry-run", "folder": "001-0-dry-run"}
WAIT_GUI {"seconds_remaining": 60}
GUI_RESULT {"status": "dry-run-ready", "ok": true, "clicks": 0, "robot_started": false}
READ_ONLY_DB_COPY {"label": "001-db-before", "rows": 415}
GUI_JOB {"action": "run", "folder": "002-1-run"}
WAIT_GUI {"seconds_remaining": 1320}
GUI_RESULT {"robot_exit": 0, "case_code": "8B8C-JFB8-CJP8-C8CK", "ok": true, "robot_started": true, "status": "robot-completed", "clicks": 1}
READ_ONLY_DB_COPY {"label": "001-db-after-0", "rows": 416}
AUTHORITATIVE_RESULT {"id": 416, "team_no": "202623001141", "problem_no": 4, "practice_run_no": 4305712711126559455, "case_code": "8B8C-JFB8-CJP8-C8CK", "entered": 1, "jammer_count": 12, "cleared_jammer_count": 12, "clear_failure_count": 0, "virtual_time_us": 5881265287, "end_reason": "user_exit", "created_at_ms": 1789253275889}
GUI_JOB {"action": "return", "folder": "003-1-return"}
WAIT_GUI {"seconds_remaining": 60}
GUI_RESULT {"status": "returned-to-practice", "ok": true, "clicks": 2, "robot_started": false}
SENSITIVITY_PROGRESS 237 742 screen 4 transverse_m=20 8B8C-JFB8-CJP8-C8CK 12 12
GUI_JOB {"action": "dry-run", "folder": "001-0-dry-run"}
WAIT_GUI {"seconds_remaining": 60}
GUI_RESULT {"status": "dry-run-ready", "ok": true, "clicks": 0, "robot_started": false}
READ_ONLY_DB_COPY {"label": "001-db-before", "rows": 416}
GUI_JOB {"action": "run", "folder": "002-1-run"}
WAIT_GUI {"seconds_remaining": 1320}
GUI_RESULT {"robot_exit": 0, "case_code": "83XR-9CPB-Y9ZH-XETN", "ok": true, "robot_started": true, "status": "robot-completed", "clicks": 1}
READ_ONLY_DB_COPY {"label": "001-db-after-0", "rows": 417}
AUTHORITATIVE_RESULT {"id": 417, "team_no": "202623001141", "problem_no": 3, "practice_run_no": 4000810302027624250, "case_code": "83XR-9CPB-Y9ZH-XETN", "entered": 1, "jammer_count": 14, "cleared_jammer_count": 14, "clear_failure_count": 0, "virtual_time_us": 3475827029, "end_reason": "user_exit", "created_at_ms": 1789253320631}
GUI_JOB {"action": "return", "folder": "003-1-return"}
WAIT_GUI {"seconds_remaining": 60}
GUI_RESULT {"status": "returned-to-practice", "ok": true, "clicks": 2, "robot_started": false}
SENSITIVITY_PROGRESS 238 742 screen 3 baseline 83XR-9CPB-Y9ZH-XETN 14 14
GUI_JOB {"action": "dry-run", "folder": "001-0-dry-run"}
WAIT_GUI {"seconds_remaining": 60}
GUI_RESULT {"status": "dry-run-ready", "ok": true, "clicks": 0, "robot_started": false}
READ_ONLY_DB_COPY {"label": "001-db-before", "rows": 417}
GUI_JOB {"action": "run", "folder": "002-1-run"}
WAIT_GUI {"seconds_remaining": 1320}
GUI_RESULT {"robot_exit": 0, "case_code": "D4RR-K9HT-P5R8-XVFU", "ok": true, "robot_started": true, "status": "robot-completed", "clicks": 1}
READ_ONLY_DB_COPY {"label": "001-db-after-0", "rows": 418}
AUTHORITATIVE_RESULT {"id": 418, "team_no": "202623001141", "problem_no": 4, "practice_run_no": 3428332856111188773, "case_code": "D4RR-K9HT-P5R8-XVFU", "entered": 1, "jammer_count": 15, "cleared_jammer_count": 15, "clear_failure_count": 0, "virtual_time_us": 5754986395, "end_reason": "user_exit", "created_at_ms": 1789253360472}
GUI_JOB {"action": "return", "folder": "003-1-return"}
WAIT_GUI {"seconds_remaining": 60}
GUI_RESULT {"status": "returned-to-practice", "ok": true, "clicks": 2, "robot_started": false}
SENSITIVITY_PROGRESS 239 742 screen 4 fraction=0.5 D4RR-K9HT-P5R8-XVFU 15 15
GUI_JOB {"action": "dry-run", "folder": "001-0-dry-run"}
WAIT_GUI {"seconds_remaining": 60}
GUI_RESULT {"status": "dry-run-ready", "ok": true, "clicks": 0, "robot_started": false}
READ_ONLY_DB_COPY {"label": "001-db-before", "rows": 418}
GUI_JOB {"action": "run", "folder": "002-1-run"}
WAIT_GUI {"seconds_remaining": 1320}
GUI_RESULT {"robot_exit": 0, "case_code": "9GYC-V2KT-VJRW-ZBTQ", "ok": true, "robot_started": true, "status": "robot-completed", "clicks": 1}
READ_ONLY_DB_COPY {"label": "001-db-after-0", "rows": 419}
AUTHORITATIVE_RESULT {"id": 419, "team_no": "202623001141", "problem_no": 3, "practice_run_no": 2854092186365044116, "case_code": "9GYC-V2KT-VJRW-ZBTQ", "entered": 1, "jammer_count": 16, "cleared_jammer_count": 16, "clear_failure_count": 0, "virtual_time_us": 3057203714, "end_reason": "user_exit", "created_at_ms": 1789253403650}
GUI_JOB {"action": "return", "folder": "003-1-return"}
WAIT_GUI {"seconds_remaining": 60}
GUI_RESULT {"status": "returned-to-practice", "ok": true, "clicks": 2, "robot_started": false}
SENSITIVITY_PROGRESS 240 742 screen 3 max_active=2 9GYC-V2KT-VJRW-ZBTQ 16 16
GUI_JOB {"action": "dry-run", "folder": "001-0-dry-run"}
WAIT_GUI {"seconds_remaining": 60}
GUI_RESULT {"status": "dry-run-ready", "ok": true, "clicks": 0, "robot_started": false}
READ_ONLY_DB_COPY {"label": "001-db-before", "rows": 419}
GUI_JOB {"action": "run", "folder": "002-1-run"}
WAIT_GUI {"seconds_remaining": 1320}
GUI_RESULT {"robot_exit": 0, "case_code": "6S82-JGMC-ZFPK-6M9X", "ok": true, "robot_started": true, "status": "robot-completed", "clicks": 1}
READ_ONLY_DB_COPY {"label": "001-db-after-0", "rows": 420}
AUTHORITATIVE_RESULT {"id": 420, "team_no": "202623001141", "problem_no": 3, "practice_run_no": 1227576929619827429, "case_code": "6S82-JGMC-ZFPK-6M9X", "entered": 1, "jammer_count": 16, "cleared_jammer_count": 16, "clear_failure_count": 0, "virtual_time_us": 3544579324, "end_reason": "user_exit", "created_at_ms": 1789253442353}
GUI_JOB {"action": "return", "folder": "003-1-return"}
WAIT_GUI {"seconds_remaining": 60}
GUI_RESULT {"status": "returned-to-practice", "ok": true, "clicks": 2, "robot_started": false}
SENSITIVITY_PROGRESS 241 742 screen 3 trial_radius=65 6S82-JGMC-ZFPK-6M9X 16 16
GUI_JOB {"action": "dry-run", "folder": "001-0-dry-run"}
WAIT_GUI {"seconds_remaining": 60}
GUI_RESULT {"status": "dry-run-ready", "ok": true, "clicks": 0, "robot_started": false}
READ_ONLY_DB_COPY {"label": "001-db-before", "rows": 420}
GUI_JOB {"action": "run", "folder": "002-1-run"}
WAIT_GUI {"seconds_remaining": 1320}
GUI_RESULT {"robot_exit": 0, "case_code": "BNP4-76RK-8BXA-4MNH", "ok": true, "robot_started": true, "status": "robot-completed", "clicks": 1}
READ_ONLY_DB_COPY {"label": "001-db-after-0", "rows": 421}
AUTHORITATIVE_RESULT {"id": 421, "team_no": "202623001141", "problem_no": 3, "practice_run_no": 4157199431033341092, "case_code": "BNP4-76RK-8BXA-4MNH", "entered": 1, "jammer_count": 13, "cleared_jammer_count": 13, "clear_failure_count": 0, "virtual_time_us": 3553231058, "end_reason": "user_exit", "created_at_ms": 1789253481556}
GUI_JOB {"action": "return", "folder": "003-1-return"}
WAIT_GUI {"seconds_remaining": 60}
GUI_RESULT {"status": "returned-to-practice", "ok": true, "clicks": 2, "robot_started": false}
SENSITIVITY_PROGRESS 242 742 screen 3 trial_radius=20 BNP4-76RK-8BXA-4MNH 13 13
GUI_JOB {"action": "dry-run", "folder": "001-0-dry-run"}
WAIT_GUI {"seconds_remaining": 60}
GUI_RESULT {"status": "dry-run-ready", "ok": true, "clicks": 0, "robot_started": false}
READ_ONLY_DB_COPY {"label": "001-db-before", "rows": 421}
GUI_JOB {"action": "run", "folder": "002-1-run"}
WAIT_GUI {"seconds_remaining": 1320}
GUI_RESULT {"robot_exit": 0, "case_code": "FQ9H-RDU2-HH44-VUWP", "ok": true, "robot_started": true, "status": "robot-completed", "clicks": 1}
READ_ONLY_DB_COPY {"label": "001-db-after-0", "rows": 422}
AUTHORITATIVE_RESULT {"id": 422, "team_no": "202623001141", "problem_no": 3, "practice_run_no": 2669449340537042538, "case_code": "FQ9H-RDU2-HH44-VUWP", "entered": 1, "jammer_count": 10, "cleared_jammer_count": 10, "clear_failure_count": 1, "virtual_time_us": 3311184162, "end_reason": "user_exit", "created_at_ms": 1789253521869}
GUI_JOB {"action": "return", "folder": "003-1-return"}
WAIT_GUI {"seconds_remaining": 60}
GUI_RESULT {"status": "returned-to-practice", "ok": true, "clicks": 2, "robot_started": false}
SENSITIVITY_PROGRESS 243 742 screen 3 max_active=4 FQ9H-RDU2-HH44-VUWP 10 10
GUI_JOB {"action": "dry-run", "folder": "001-0-dry-run"}
WAIT_GUI {"seconds_remaining": 60}
GUI_RESULT {"status": "dry-run-ready", "ok": true, "clicks": 0, "robot_started": false}
READ_ONLY_DB_COPY {"label": "001-db-before", "rows": 422}
GUI_JOB {"action": "run", "folder": "002-1-run"}
WAIT_GUI {"seconds_remaining": 1320}
GUI_RESULT {"robot_exit": 0, "case_code": "7FVY-JGQU-TBHW-4APJ", "ok": true, "robot_started": true, "status": "robot-completed", "clicks": 1}
READ_ONLY_DB_COPY {"label": "001-db-after-0", "rows": 423}
AUTHORITATIVE_RESULT {"id": 423, "team_no": "202623001141", "problem_no": 4, "practice_run_no": 6228650591593854127, "case_code": "7FVY-JGQU-TBHW-4APJ", "entered": 1, "jammer_count": 15, "cleared_jammer_count": 15, "clear_failure_count": 0, "virtual_time_us": 6655288224, "end_reason": "user_exit", "created_at_ms": 1789253561467}
GUI_JOB {"action": "return", "folder": "003-1-return"}
WAIT_GUI {"seconds_remaining": 60}
GUI_RESULT {"status": "returned-to-practice", "ok": true, "clicks": 2, "robot_started": false}
SENSITIVITY_PROGRESS 244 742 screen 4 pause_limit=0 7FVY-JGQU-TBHW-4APJ 15 15
GUI_JOB {"action": "dry-run", "folder": "001-0-dry-run"}
WAIT_GUI {"seconds_remaining": 60}
GUI_RESULT {"status": "dry-run-ready", "ok": true, "clicks": 0, "robot_started": false}
READ_ONLY_DB_COPY {"label": "001-db-before", "rows": 423}
GUI_JOB {"action": "run", "folder": "002-1-run"}
WAIT_GUI {"seconds_remaining": 1320}
GUI_RESULT {"robot_exit": 0, "case_code": "MMSN-DEQW-MMZQ-7HZF", "ok": true, "robot_started": true, "status": "robot-completed", "clicks": 1}
READ_ONLY_DB_COPY {"label": "001-db-after-0", "rows": 424}
AUTHORITATIVE_RESULT {"id": 424, "team_no": "202623001141", "problem_no": 4, "practice_run_no": 1747799159163370452, "case_code": "MMSN-DEQW-MMZQ-7HZF", "entered": 1, "jammer_count": 11, "cleared_jammer_count": 11, "clear_failure_count": 0, "virtual_time_us": 6096940916, "end_reason": "user_exit", "created_at_ms": 1789253606890}
GUI_JOB {"action": "return", "folder": "003-1-return"}
WAIT_GUI {"seconds_remaining": 60}
GUI_RESULT {"status": "returned-to-practice", "ok": true, "clicks": 2, "robot_started": false}
SENSITIVITY_PROGRESS 245 742 screen 4 fraction=0.3 MMSN-DEQW-MMZQ-7HZF 11 11
GUI_JOB {"action": "dry-run", "folder": "001-0-dry-run"}
WAIT_GUI {"seconds_remaining": 60}
GUI_RESULT {"status": "dry-run-ready", "ok": true, "clicks": 0, "robot_started": false}
READ_ONLY_DB_COPY {"label": "001-db-before", "rows": 424}
GUI_JOB {"action": "run", "folder": "002-1-run"}
WAIT_GUI {"seconds_remaining": 1320}
GUI_RESULT {"robot_exit": 0, "case_code": "TXYY-2R5M-KDWT-YPXU", "ok": true, "robot_started": true, "status": "robot-completed", "clicks": 1}
READ_ONLY_DB_COPY {"label": "001-db-after-0", "rows": 425}
AUTHORITATIVE_RESULT {"id": 425, "team_no": "202623001141", "problem_no": 3, "practice_run_no": 4485854119798805496, "case_code": "TXYY-2R5M-KDWT-YPXU", "entered": 1, "jammer_count": 11, "cleared_jammer_count": 11, "clear_failure_count": 1, "virtual_time_us": 3197826112, "end_reason": "user_exit", "created_at_ms": 1789253652263}
GUI_JOB {"action": "return", "folder": "003-1-return"}
WAIT_GUI {"seconds_remaining": 60}
GUI_RESULT {"status": "returned-to-practice", "ok": true, "clicks": 2, "robot_started": false}
SENSITIVITY_PROGRESS 246 742 screen 3 max_active=5 TXYY-2R5M-KDWT-YPXU 11 11
GUI_JOB {"action": "dry-run", "folder": "001-0-dry-run"}
WAIT_GUI {"seconds_remaining": 60}
GUI_RESULT {"status": "dry-run-ready", "ok": true, "clicks": 0, "robot_started": false}
READ_ONLY_DB_COPY {"label": "001-db-before", "rows": 425}
GUI_JOB {"action": "run", "folder": "002-1-run"}
WAIT_GUI {"seconds_remaining": 1320}
GUI_RESULT {"robot_exit": 0, "case_code": "R6S2-FBDR-3UK8-SQW5", "ok": true, "robot_started": true, "status": "robot-completed", "clicks": 1}
READ_ONLY_DB_COPY {"label": "001-db-after-0", "rows": 426}
AUTHORITATIVE_RESULT {"id": 426, "team_no": "202623001141", "problem_no": 3, "practice_run_no": 5866801181698179190, "case_code": "R6S2-FBDR-3UK8-SQW5", "entered": 1, "jammer_count": 11, "cleared_jammer_count": 11, "clear_failure_count": 0, "virtual_time_us": 3149655354, "end_reason": "user_exit", "created_at_ms": 1789253692618}
GUI_JOB {"action": "return", "folder": "003-1-return"}
WAIT_GUI {"seconds_remaining": 60}
GUI_RESULT {"status": "returned-to-practice", "ok": true, "clicks": 2, "robot_started": false}
SENSITIVITY_PROGRESS 247 742 screen 3 share_limit=0 R6S2-FBDR-3UK8-SQW5 11 11
GUI_JOB {"action": "dry-run", "folder": "001-0-dry-run"}
WAIT_GUI {"seconds_remaining": 60}
GUI_RESULT {"status": "dry-run-ready", "ok": true, "clicks": 0, "robot_started": false}
READ_ONLY_DB_COPY {"label": "001-db-before", "rows": 426}
GUI_JOB {"action": "run", "folder": "002-1-run"}
WAIT_GUI {"seconds_remaining": 1320}
GUI_RESULT {"robot_exit": 0, "case_code": "9K9R-XHSG-A49P-G3QS", "ok": true, "robot_started": true, "status": "robot-completed", "clicks": 1}
READ_ONLY_DB_COPY {"label": "001-db-after-0", "rows": 427}
AUTHORITATIVE_RESULT {"id": 427, "team_no": "202623001141", "problem_no": 4, "practice_run_no": 1331205796762031012, "case_code": "9K9R-XHSG-A49P-G3QS", "entered": 1, "jammer_count": 11, "cleared_jammer_count": 11, "clear_failure_count": 0, "virtual_time_us": 6447430086, "end_reason": "user_exit", "created_at_ms": 1789253733747}
GUI_JOB {"action": "return", "folder": "003-1-return"}
WAIT_GUI {"seconds_remaining": 60}
GUI_RESULT {"status": "returned-to-practice", "ok": true, "clicks": 2, "robot_started": false}
SENSITIVITY_PROGRESS 248 742 screen 4 transverse_m=70 9K9R-XHSG-A49P-G3QS 11 11
GUI_JOB {"action": "dry-run", "folder": "001-0-dry-run"}
WAIT_GUI {"seconds_remaining": 60}
GUI_RESULT {"status": "dry-run-ready", "ok": true, "clicks": 0, "robot_started": false}
READ_ONLY_DB_COPY {"label": "001-db-before", "rows": 427}
GUI_JOB {"action": "run", "folder": "002-1-run"}
WAIT_GUI {"seconds_remaining": 1320}
GUI_RESULT {"robot_exit": 0, "case_code": "YNZT-8CMZ-RE9J-N3E3", "ok": true, "robot_started": true, "status": "robot-completed", "clicks": 1}
READ_ONLY_DB_COPY {"label": "001-db-after-0", "rows": 428}
AUTHORITATIVE_RESULT {"id": 428, "team_no": "202623001141", "problem_no": 4, "practice_run_no": 2967226089162340290, "case_code": "YNZT-8CMZ-RE9J-N3E3", "entered": 1, "jammer_count": 11, "cleared_jammer_count": 11, "clear_failure_count": 0, "virtual_time_us": 6897552306, "end_reason": "user_exit", "created_at_ms": 1789253779570}
GUI_JOB {"action": "return", "folder": "003-1-return"}
WAIT_GUI {"seconds_remaining": 60}
GUI_RESULT {"status": "returned-to-practice", "ok": true, "clicks": 2, "robot_started": false}
SENSITIVITY_PROGRESS 249 742 screen 4 trial_radius=50 YNZT-8CMZ-RE9J-N3E3 11 11
GUI_JOB {"action": "dry-run", "folder": "001-0-dry-run"}
WAIT_GUI {"seconds_remaining": 60}
GUI_RESULT {"status": "dry-run-ready", "ok": true, "clicks": 0, "robot_started": false}
READ_ONLY_DB_COPY {"label": "001-db-before", "rows": 428}
GUI_JOB {"action": "run", "folder": "002-1-run"}
WAIT_GUI {"seconds_remaining": 1320}
GUI_RESULT {"robot_exit": 0, "case_code": "H3DQ-SCYX-99S4-KSM8", "ok": true, "robot_started": true, "status": "robot-completed", "clicks": 1}
READ_ONLY_DB_COPY {"label": "001-db-after-0", "rows": 429}
AUTHORITATIVE_RESULT {"id": 429, "team_no": "202623001141", "problem_no": 3, "practice_run_no": 6795492833126834514, "case_code": "H3DQ-SCYX-99S4-KSM8", "entered": 1, "jammer_count": 10, "cleared_jammer_count": 10, "clear_failure_count": 0, "virtual_time_us": 2922410796, "end_reason": "user_exit", "created_at_ms": 1789253826850}
GUI_JOB {"action": "return", "folder": "003-1-return"}
WAIT_GUI {"seconds_remaining": 60}
GUI_RESULT {"status": "returned-to-practice", "ok": true, "clicks": 2, "robot_started": false}
SENSITIVITY_PROGRESS 250 742 screen 3 remainder_weight=0.5 H3DQ-SCYX-99S4-KSM8 10 10
GUI_JOB {"action": "dry-run", "folder": "001-0-dry-run"}
WAIT_GUI {"seconds_remaining": 60}
GUI_RESULT {"status": "dry-run-ready", "ok": true, "clicks": 0, "robot_started": false}
READ_ONLY_DB_COPY {"label": "001-db-before", "rows": 429}
GUI_JOB {"action": "run", "folder": "002-1-run"}
WAIT_GUI {"seconds_remaining": 1320}
GUI_RESULT {"robot_exit": 0, "case_code": "ZHFY-HCCX-P6Y5-FT73", "ok": true, "robot_started": true, "status": "robot-completed", "clicks": 1}
READ_ONLY_DB_COPY {"label": "001-db-after-0", "rows": 430}
AUTHORITATIVE_RESULT {"id": 430, "team_no": "202623001141", "problem_no": 4, "practice_run_no": 6173813048981830084, "case_code": "ZHFY-HCCX-P6Y5-FT73", "entered": 1, "jammer_count": 13, "cleared_jammer_count": 13, "clear_failure_count": 0, "virtual_time_us": 5895395648, "end_reason": "user_exit", "created_at_ms": 1789253866684}
GUI_JOB {"action": "return", "folder": "003-1-return"}
WAIT_GUI {"seconds_remaining": 60}
GUI_RESULT {"status": "returned-to-practice", "ok": true, "clicks": 2, "robot_started": false}
SENSITIVITY_PROGRESS 251 742 screen 4 steps=4 ZHFY-HCCX-P6Y5-FT73 13 13
GUI_JOB {"action": "dry-run", "folder": "001-0-dry-run"}
WAIT_GUI {"seconds_remaining": 60}
GUI_RESULT {"status": "dry-run-ready", "ok": true, "clicks": 0, "robot_started": false}
READ_ONLY_DB_COPY {"label": "001-db-before", "rows": 430}
GUI_JOB {"action": "run", "folder": "002-1-run"}
WAIT_GUI {"seconds_remaining": 1320}
GUI_RESULT {"robot_exit": 0, "case_code": "68CX-P5CW-74AP-XQGU", "ok": true, "robot_started": true, "status": "robot-completed", "clicks": 1}
READ_ONLY_DB_COPY {"label": "001-db-after-0", "rows": 431}
AUTHORITATIVE_RESULT {"id": 431, "team_no": "202623001141", "problem_no": 4, "practice_run_no": 2538395101397203112, "case_code": "68CX-P5CW-74AP-XQGU", "entered": 1, "jammer_count": 11, "cleared_jammer_count": 11, "clear_failure_count": 0, "virtual_time_us": 5877933224, "end_reason": "user_exit", "created_at_ms": 1789253910747}
GUI_JOB {"action": "return", "folder": "003-1-return"}
WAIT_GUI {"seconds_remaining": 60}
GUI_RESULT {"status": "returned-to-practice", "ok": true, "clicks": 2, "robot_started": false}
SENSITIVITY_PROGRESS 252 742 screen 4 pause_limit=24 68CX-P5CW-74AP-XQGU 11 11
GUI_JOB {"action": "dry-run", "folder": "001-0-dry-run"}
WAIT_GUI {"seconds_remaining": 60}
GUI_RESULT {"status": "dry-run-ready", "ok": true, "clicks": 0, "robot_started": false}
READ_ONLY_DB_COPY {"label": "001-db-before", "rows": 431}
GUI_JOB {"action": "run", "folder": "002-1-run"}
WAIT_GUI {"seconds_remaining": 1320}
GUI_RESULT {"robot_exit": 0, "case_code": "58C3-9BSR-R7K8-KQM2", "ok": true, "robot_started": true, "status": "robot-completed", "clicks": 1}
READ_ONLY_DB_COPY {"label": "001-db-after-0", "rows": 432}
AUTHORITATIVE_RESULT {"id": 432, "team_no": "202623001141", "problem_no": 4, "practice_run_no": 1812676147928499952, "case_code": "58C3-9BSR-R7K8-KQM2", "entered": 1, "jammer_count": 16, "cleared_jammer_count": 16, "clear_failure_count": 0, "virtual_time_us": 4991565498, "end_reason": "user_exit", "created_at_ms": 1789253956409}
GUI_JOB {"action": "return", "folder": "003-1-return"}
WAIT_GUI {"seconds_remaining": 60}
GUI_RESULT {"status": "returned-to-practice", "ok": true, "clicks": 2, "robot_started": false}
SENSITIVITY_PROGRESS 253 742 screen 4 pause_limit=24 58C3-9BSR-R7K8-KQM2 16 16
GUI_JOB {"action": "dry-run", "folder": "001-0-dry-run"}
WAIT_GUI {"seconds_remaining": 60}
GUI_RESULT {"status": "dry-run-ready", "ok": true, "clicks": 0, "robot_started": false}
READ_ONLY_DB_COPY {"label": "001-db-before", "rows": 432}
GUI_JOB {"action": "run", "folder": "002-1-run"}
WAIT_GUI {"seconds_remaining": 1320}
GUI_RESULT {"robot_exit": 0, "case_code": "JYX2-D4QY-XGB3-JFFM", "ok": true, "robot_started": true, "status": "robot-completed", "clicks": 1}
READ_ONLY_DB_COPY {"label": "001-db-after-0", "rows": 433}
AUTHORITATIVE_RESULT {"id": 433, "team_no": "202623001141", "problem_no": 4, "practice_run_no": 1809258175119998721, "case_code": "JYX2-D4QY-XGB3-JFFM", "entered": 1, "jammer_count": 14, "cleared_jammer_count": 14, "clear_failure_count": 0, "virtual_time_us": 6618431287, "end_reason": "user_exit", "created_at_ms": 1789253999172}
GUI_JOB {"action": "return", "folder": "003-1-return"}
WAIT_GUI {"seconds_remaining": 60}
GUI_RESULT {"status": "returned-to-practice", "ok": true, "clicks": 2, "robot_started": false}
SENSITIVITY_PROGRESS 254 742 screen 4 fraction=0.3 JYX2-D4QY-XGB3-JFFM 14 14
GUI_JOB {"action": "dry-run", "folder": "001-0-dry-run"}
WAIT_GUI {"seconds_remaining": 60}
GUI_RESULT {"status": "dry-run-ready", "ok": true, "clicks": 0, "robot_started": false}
READ_ONLY_DB_COPY {"label": "001-db-before", "rows": 433}
GUI_JOB {"action": "run", "folder": "002-1-run"}
WAIT_GUI {"seconds_remaining": 1320}
GUI_RESULT {"robot_exit": 0, "case_code": "6RWU-TN4C-ANBP-UVKU", "ok": true, "robot_started": true, "status": "robot-completed", "clicks": 1}
READ_ONLY_DB_COPY {"label": "001-db-after-0", "rows": 434}
AUTHORITATIVE_RESULT {"id": 434, "team_no": "202623001141", "problem_no": 4, "practice_run_no": 2875461769841464301, "case_code": "6RWU-TN4C-ANBP-UVKU", "entered": 1, "jammer_count": 10, "cleared_jammer_count": 10, "clear_failure_count": 0, "virtual_time_us": 6036106795, "end_reason": "user_exit", "created_at_ms": 1789254047979}
GUI_JOB {"action": "return", "folder": "003-1-return"}
WAIT_GUI {"seconds_remaining": 60}
GUI_RESULT {"status": "returned-to-practice", "ok": true, "clicks": 2, "robot_started": false}
SENSITIVITY_PROGRESS 255 742 screen 4 pause_limit=4 6RWU-TN4C-ANBP-UVKU 10 10
GUI_JOB {"action": "dry-run", "folder": "001-0-dry-run"}
WAIT_GUI {"seconds_remaining": 60}
GUI_RESULT {"status": "dry-run-ready", "ok": true, "clicks": 0, "robot_started": false}
READ_ONLY_DB_COPY {"label": "001-db-before", "rows": 434}
GUI_JOB {"action": "run", "folder": "002-1-run"}
WAIT_GUI {"seconds_remaining": 1320}
GUI_RESULT {"robot_exit": 0, "case_code": "38RG-3GSP-QB33-R3DC", "ok": true, "robot_started": true, "status": "robot-completed", "clicks": 1}
READ_ONLY_DB_COPY {"label": "001-db-after-0", "rows": 435}
AUTHORITATIVE_RESULT {"id": 435, "team_no": "202623001141", "problem_no": 3, "practice_run_no": 1024884323604114382, "case_code": "38RG-3GSP-QB33-R3DC", "entered": 1, "jammer_count": 13, "cleared_jammer_count": 13, "clear_failure_count": 0, "virtual_time_us": 3188729811, "end_reason": "user_exit", "created_at_ms": 1789254093697}
GUI_JOB {"action": "return", "folder": "003-1-return"}
WAIT_GUI {"seconds_remaining": 60}
GUI_RESULT {"status": "returned-to-practice", "ok": true, "clicks": 2, "robot_started": false}
SENSITIVITY_PROGRESS 256 742 screen 3 remainder_weight=0 38RG-3GSP-QB33-R3DC 13 13
GUI_JOB {"action": "dry-run", "folder": "001-0-dry-run"}
WAIT_GUI {"seconds_remaining": 60}
GUI_RESULT {"status": "dry-run-ready", "ok": true, "clicks": 0, "robot_started": false}
READ_ONLY_DB_COPY {"label": "001-db-before", "rows": 435}
GUI_JOB {"action": "run", "folder": "002-1-run"}
WAIT_GUI {"seconds_remaining": 1320}
GUI_RESULT {"robot_exit": 0, "case_code": "2GWM-2VU2-7P5D-BPJB", "ok": true, "robot_started": true, "status": "robot-completed", "clicks": 1}
READ_ONLY_DB_COPY {"label": "001-db-after-0", "rows": 436}
AUTHORITATIVE_RESULT {"id": 436, "team_no": "202623001141", "problem_no": 4, "practice_run_no": 329150567638879608, "case_code": "2GWM-2VU2-7P5D-BPJB", "entered": 1, "jammer_count": 16, "cleared_jammer_count": 16, "clear_failure_count": 0, "virtual_time_us": 5162672117, "end_reason": "user_exit", "created_at_ms": 1789254133065}
GUI_JOB {"action": "return", "folder": "003-1-return"}
WAIT_GUI {"seconds_remaining": 60}
GUI_RESULT {"status": "returned-to-practice", "ok": true, "clicks": 2, "robot_started": false}
SENSITIVITY_PROGRESS 257 742 screen 4 transverse_m=70 2GWM-2VU2-7P5D-BPJB 16 16
GUI_JOB {"action": "dry-run", "folder": "001-0-dry-run"}
WAIT_GUI {"seconds_remaining": 60}
GUI_RESULT {"status": "dry-run-ready", "ok": true, "clicks": 0, "robot_started": false}
READ_ONLY_DB_COPY {"label": "001-db-before", "rows": 436}
GUI_JOB {"action": "run", "folder": "002-1-run"}
WAIT_GUI {"seconds_remaining": 1320}
GUI_RESULT {"robot_exit": 0, "case_code": "3EMQ-BWQ3-KN7W-X2W3", "ok": true, "robot_started": true, "status": "robot-completed", "clicks": 1}
READ_ONLY_DB_COPY {"label": "001-db-after-0", "rows": 437}
AUTHORITATIVE_RESULT {"id": 437, "team_no": "202623001141", "problem_no": 4, "practice_run_no": 293431068760275670, "case_code": "3EMQ-BWQ3-KN7W-X2W3", "entered": 1, "jammer_count": 11, "cleared_jammer_count": 11, "clear_failure_count": 0, "virtual_time_us": 5918792658, "end_reason": "user_exit", "created_at_ms": 1789254176726}
GUI_JOB {"action": "return", "folder": "003-1-return"}
WAIT_GUI {"seconds_remaining": 60}
GUI_RESULT {"status": "returned-to-practice", "ok": true, "clicks": 2, "robot_started": false}
SENSITIVITY_PROGRESS 258 742 screen 4 fraction=0.1 3EMQ-BWQ3-KN7W-X2W3 11 11
GUI_JOB {"action": "dry-run", "folder": "001-0-dry-run"}
WAIT_GUI {"seconds_remaining": 60}
GUI_RESULT {"status": "dry-run-ready", "ok": true, "clicks": 0, "robot_started": false}
READ_ONLY_DB_COPY {"label": "001-db-before", "rows": 437}
GUI_JOB {"action": "run", "folder": "002-1-run"}
WAIT_GUI {"seconds_remaining": 1320}
GUI_RESULT {"robot_exit": 0, "case_code": "CEA4-BAYE-4VAQ-HPAX", "ok": true, "robot_started": true, "status": "robot-completed", "clicks": 1}
READ_ONLY_DB_COPY {"label": "001-db-after-0", "rows": 438}
AUTHORITATIVE_RESULT {"id": 438, "team_no": "202623001141", "problem_no": 3, "practice_run_no": 858078998766474866, "case_code": "CEA4-BAYE-4VAQ-HPAX", "entered": 1, "jammer_count": 11, "cleared_jammer_count": 11, "clear_failure_count": 1, "virtual_time_us": 3002109818, "end_reason": "user_exit", "created_at_ms": 1789254224143}
GUI_JOB {"action": "return", "folder": "003-1-return"}
WAIT_GUI {"seconds_remaining": 60}
GUI_RESULT {"status": "returned-to-practice", "ok": true, "clicks": 2, "robot_started": false}
SENSITIVITY_PROGRESS 259 742 screen 3 localization_weight=1.28 CEA4-BAYE-4VAQ-HPAX 11 11
GUI_JOB {"action": "dry-run", "folder": "001-0-dry-run"}
WAIT_GUI {"seconds_remaining": 60}
GUI_RESULT {"status": "dry-run-ready", "ok": true, "clicks": 0, "robot_started": false}
READ_ONLY_DB_COPY {"label": "001-db-before", "rows": 438}
GUI_JOB {"action": "run", "folder": "002-1-run"}
WAIT_GUI {"seconds_remaining": 1320}
GUI_RESULT {"robot_exit": 0, "case_code": "QU46-EPHM-NEZF-3TTT", "ok": true, "robot_started": true, "status": "robot-completed", "clicks": 1}
READ_ONLY_DB_COPY {"label": "001-db-after-0", "rows": 439}
AUTHORITATIVE_RESULT {"id": 439, "team_no": "202623001141", "problem_no": 4, "practice_run_no": 5095354923515372364, "case_code": "QU46-EPHM-NEZF-3TTT", "entered": 1, "jammer_count": 10, "cleared_jammer_count": 10, "clear_failure_count": 0, "virtual_time_us": 5978376974, "end_reason": "user_exit", "created_at_ms": 1789254264966}
GUI_JOB {"action": "return", "folder": "003-1-return"}
WAIT_GUI {"seconds_remaining": 60}
GUI_RESULT {"status": "returned-to-practice", "ok": true, "clicks": 2, "robot_started": false}
SENSITIVITY_PROGRESS 260 742 screen 4 steps=4 QU46-EPHM-NEZF-3TTT 10 10
GUI_JOB {"action": "dry-run", "folder": "001-0-dry-run"}
WAIT_GUI {"seconds_remaining": 60}
GUI_RESULT {"status": "dry-run-ready", "ok": true, "clicks": 0, "robot_started": false}
READ_ONLY_DB_COPY {"label": "001-db-before", "rows": 439}
GUI_JOB {"action": "run", "folder": "002-1-run"}
WAIT_GUI {"seconds_remaining": 1320}
GUI_RESULT {"robot_exit": 0, "case_code": "77K6-DSDN-SD7S-B7HG", "ok": true, "robot_started": true, "status": "robot-completed", "clicks": 1}
READ_ONLY_DB_COPY {"label": "001-db-after-0", "rows": 440}
AUTHORITATIVE_RESULT {"id": 440, "team_no": "202623001141", "problem_no": 4, "practice_run_no": 253115961583418200, "case_code": "77K6-DSDN-SD7S-B7HG", "entered": 1, "jammer_count": 16, "cleared_jammer_count": 16, "clear_failure_count": 0, "virtual_time_us": 5497660606, "end_reason": "user_exit", "created_at_ms": 1789254311087}
GUI_JOB {"action": "return", "folder": "003-1-return"}
WAIT_GUI {"seconds_remaining": 60}
GUI_RESULT {"status": "returned-to-practice", "ok": true, "clicks": 2, "robot_started": false}
SENSITIVITY_PROGRESS 261 742 screen 4 steps=2 77K6-DSDN-SD7S-B7HG 16 16
GUI_JOB {"action": "dry-run", "folder": "001-0-dry-run"}
WAIT_GUI {"seconds_remaining": 60}
GUI_RESULT {"status": "dry-run-ready", "ok": true, "clicks": 0, "robot_started": false}
READ_ONLY_DB_COPY {"label": "001-db-before", "rows": 440}
GUI_JOB {"action": "run", "folder": "002-1-run"}
WAIT_GUI {"seconds_remaining": 1320}
GUI_RESULT {"robot_exit": 0, "case_code": "YH2D-JW8Z-ZHU7-ZUBU", "ok": true, "robot_started": true, "status": "robot-completed", "clicks": 1}
READ_ONLY_DB_COPY {"label": "001-db-after-0", "rows": 441}
AUTHORITATIVE_RESULT {"id": 441, "team_no": "202623001141", "problem_no": 4, "practice_run_no": 8289379038017009613, "case_code": "YH2D-JW8Z-ZHU7-ZUBU", "entered": 1, "jammer_count": 15, "cleared_jammer_count": 15, "clear_failure_count": 0, "virtual_time_us": 5707265265, "end_reason": "user_exit", "created_at_ms": 1789254356112}
GUI_JOB {"action": "return", "folder": "003-1-return"}
WAIT_GUI {"seconds_remaining": 60}
GUI_RESULT {"status": "returned-to-practice", "ok": true, "clicks": 2, "robot_started": false}
SENSITIVITY_PROGRESS 262 742 screen 4 share_cooldown=0 YH2D-JW8Z-ZHU7-ZUBU 15 15
GUI_JOB {"action": "dry-run", "folder": "001-0-dry-run"}
WAIT_GUI {"seconds_remaining": 60}
GUI_RESULT {"status": "dry-run-ready", "ok": true, "clicks": 0, "robot_started": false}
READ_ONLY_DB_COPY {"label": "001-db-before", "rows": 441}
GUI_JOB {"action": "run", "folder": "002-1-run"}
WAIT_GUI {"seconds_remaining": 1320}
GUI_RESULT {"robot_exit": 0, "case_code": "WJWG-3NH2-UBY3-JZ74", "ok": true, "robot_started": true, "status": "robot-completed", "clicks": 1}
READ_ONLY_DB_COPY {"label": "001-db-after-0", "rows": 442}
AUTHORITATIVE_RESULT {"id": 442, "team_no": "202623001141", "problem_no": 4, "practice_run_no": 2653583950452824365, "case_code": "WJWG-3NH2-UBY3-JZ74", "entered": 1, "jammer_count": 11, "cleared_jammer_count": 11, "clear_failure_count": 0, "virtual_time_us": 6022872532, "end_reason": "user_exit", "created_at_ms": 1789254402396}
GUI_JOB {"action": "return", "folder": "003-1-return"}
WAIT_GUI {"seconds_remaining": 60}
GUI_RESULT {"status": "returned-to-practice", "ok": true, "clicks": 2, "robot_started": false}
SENSITIVITY_PROGRESS 263 742 screen 4 pause_limit=8 WJWG-3NH2-UBY3-JZ74 11 11
GUI_JOB {"action": "dry-run", "folder": "001-0-dry-run"}
WAIT_GUI {"seconds_remaining": 60}
GUI_RESULT {"status": "dry-run-ready", "ok": true, "clicks": 0, "robot_started": false}
READ_ONLY_DB_COPY {"label": "001-db-before", "rows": 442}
GUI_JOB {"action": "run", "folder": "002-1-run"}
WAIT_GUI {"seconds_remaining": 1320}
GUI_RESULT {"robot_exit": 0, "case_code": "T8JT-GTFD-FJB8-8AFD", "ok": true, "robot_started": true, "status": "robot-completed", "clicks": 1}
READ_ONLY_DB_COPY {"label": "001-db-after-0", "rows": 443}
AUTHORITATIVE_RESULT {"id": 443, "team_no": "202623001141", "problem_no": 4, "practice_run_no": 7748740731252038662, "case_code": "T8JT-GTFD-FJB8-8AFD", "entered": 1, "jammer_count": 11, "cleared_jammer_count": 11, "clear_failure_count": 1, "virtual_time_us": 6798622546, "end_reason": "user_exit", "created_at_ms": 1789254452190}
GUI_JOB {"action": "return", "folder": "003-1-return"}
WAIT_GUI {"seconds_remaining": 60}
GUI_RESULT {"status": "returned-to-practice", "ok": true, "clicks": 2, "robot_started": false}
SENSITIVITY_PROGRESS 264 742 screen 4 share_cooldown=50 T8JT-GTFD-FJB8-8AFD 11 11
GUI_JOB {"action": "dry-run", "folder": "001-0-dry-run"}
WAIT_GUI {"seconds_remaining": 60}
GUI_RESULT {"status": "dry-run-ready", "ok": true, "clicks": 0, "robot_started": false}
READ_ONLY_DB_COPY {"label": "001-db-before", "rows": 443}
GUI_JOB {"action": "run", "folder": "002-1-run"}
WAIT_GUI {"seconds_remaining": 1320}
GUI_RESULT {"robot_exit": 0, "case_code": "T8CM-7KYU-EMHX-C4Y6", "ok": true, "robot_started": true, "status": "robot-completed", "clicks": 1}
READ_ONLY_DB_COPY {"label": "001-db-after-0", "rows": 444}
AUTHORITATIVE_RESULT {"id": 444, "team_no": "202623001141", "problem_no": 4, "practice_run_no": 6319984366765496210, "case_code": "T8CM-7KYU-EMHX-C4Y6", "entered": 1, "jammer_count": 12, "cleared_jammer_count": 12, "clear_failure_count": 0, "virtual_time_us": 6735827573, "end_reason": "user_exit", "created_at_ms": 1789254498109}
GUI_JOB {"action": "return", "folder": "003-1-return"}
WAIT_GUI {"seconds_remaining": 60}
GUI_RESULT {"status": "returned-to-practice", "ok": true, "clicks": 2, "robot_started": false}
SENSITIVITY_PROGRESS 265 742 screen 4 share_limit=0 T8CM-7KYU-EMHX-C4Y6 12 12
GUI_JOB {"action": "dry-run", "folder": "001-0-dry-run"}
WAIT_GUI {"seconds_remaining": 60}
GUI_RESULT {"status": "dry-run-ready", "ok": true, "clicks": 0, "robot_started": false}
READ_ONLY_DB_COPY {"label": "001-db-before", "rows": 444}
GUI_JOB {"action": "run", "folder": "002-1-run"}
WAIT_GUI {"seconds_remaining": 1320}
GUI_RESULT {"robot_exit": 0, "case_code": "KHQE-7W77-B8DE-VY93", "ok": true, "robot_started": true, "status": "robot-completed", "clicks": 1}
READ_ONLY_DB_COPY {"label": "001-db-after-0", "rows": 445}
AUTHORITATIVE_RESULT {"id": 445, "team_no": "202623001141", "problem_no": 3, "practice_run_no": 1114865695114798106, "case_code": "KHQE-7W77-B8DE-VY93", "entered": 1, "jammer_count": 13, "cleared_jammer_count": 13, "clear_failure_count": 0, "virtual_time_us": 3243634800, "end_reason": "user_exit", "created_at_ms": 1789254543272}
GUI_JOB {"action": "return", "folder": "003-1-return"}
WAIT_GUI {"seconds_remaining": 60}
GUI_RESULT {"status": "returned-to-practice", "ok": true, "clicks": 2, "robot_started": false}
SENSITIVITY_PROGRESS 266 742 screen 3 trial_radius=65 KHQE-7W77-B8DE-VY93 13 13
GUI_JOB {"action": "dry-run", "folder": "001-0-dry-run"}
WAIT_GUI {"seconds_remaining": 60}
GUI_RESULT {"status": "dry-run-ready", "ok": true, "clicks": 0, "robot_started": false}
READ_ONLY_DB_COPY {"label": "001-db-before", "rows": 445}
GUI_JOB {"action": "run", "folder": "002-1-run"}
WAIT_GUI {"seconds_remaining": 1320}
GUI_RESULT {"robot_exit": 0, "case_code": "M8TF-5KT2-73PR-BCSZ", "ok": true, "robot_started": true, "status": "robot-completed", "clicks": 1}
READ_ONLY_DB_COPY {"label": "001-db-after-0", "rows": 446}
AUTHORITATIVE_RESULT {"id": 446, "team_no": "202623001141", "problem_no": 4, "practice_run_no": 629429867910386021, "case_code": "M8TF-5KT2-73PR-BCSZ", "entered": 1, "jammer_count": 11, "cleared_jammer_count": 11, "clear_failure_count": 0, "virtual_time_us": 6676724438, "end_reason": "user_exit", "created_at_ms": 1789254584512}
GUI_JOB {"action": "return", "folder": "003-1-return"}
WAIT_GUI {"seconds_remaining": 60}
GUI_RESULT {"status": "returned-to-practice", "ok": true, "clicks": 2, "robot_started": false}
SENSITIVITY_PROGRESS 267 742 screen 4 share_cooldown=400 M8TF-5KT2-73PR-BCSZ 11 11
GUI_JOB {"action": "dry-run", "folder": "001-0-dry-run"}
WAIT_GUI {"seconds_remaining": 60}
GUI_RESULT {"status": "dry-run-ready", "ok": true, "clicks": 0, "robot_started": false}
READ_ONLY_DB_COPY {"label": "001-db-before", "rows": 446}
GUI_JOB {"action": "run", "folder": "002-1-run"}
WAIT_GUI {"seconds_remaining": 1320}
GUI_RESULT {"robot_exit": 0, "case_code": "DXZ7-PPXT-H35P-QVR2", "ok": true, "robot_started": true, "status": "robot-completed", "clicks": 1}
READ_ONLY_DB_COPY {"label": "001-db-after-0", "rows": 447}
AUTHORITATIVE_RESULT {"id": 447, "team_no": "202623001141", "problem_no": 3, "practice_run_no": 879051915553982745, "case_code": "DXZ7-PPXT-H35P-QVR2", "entered": 1, "jammer_count": 16, "cleared_jammer_count": 16, "clear_failure_count": 1, "virtual_time_us": 3276746994, "end_reason": "user_exit", "created_at_ms": 1789254630943}
GUI_JOB {"action": "return", "folder": "003-1-return"}
WAIT_GUI {"seconds_remaining": 60}
GUI_RESULT {"status": "returned-to-practice", "ok": true, "clicks": 2, "robot_started": false}
SENSITIVITY_PROGRESS 268 742 screen 3 share_limit=12 DXZ7-PPXT-H35P-QVR2 16 16
GUI_JOB {"action": "dry-run", "folder": "001-0-dry-run"}
WAIT_GUI {"seconds_remaining": 60}
GUI_RESULT {"status": "dry-run-ready", "ok": true, "clicks": 0, "robot_started": false}
READ_ONLY_DB_COPY {"label": "001-db-before", "rows": 447}
GUI_JOB {"action": "run", "folder": "002-1-run"}
WAIT_GUI {"seconds_remaining": 1320}
GUI_RESULT {"robot_exit": 0, "case_code": "BBRW-RX2J-2TJH-RQKS", "ok": true, "robot_started": true, "status": "robot-completed", "clicks": 1}
READ_ONLY_DB_COPY {"label": "001-db-after-0", "rows": 448}
AUTHORITATIVE_RESULT {"id": 448, "team_no": "202623001141", "problem_no": 4, "practice_run_no": 2254713246169892489, "case_code": "BBRW-RX2J-2TJH-RQKS", "entered": 1, "jammer_count": 14, "cleared_jammer_count": 14, "clear_failure_count": 1, "virtual_time_us": 6085763220, "end_reason": "user_exit", "created_at_ms": 1789254672396}
GUI_JOB {"action": "return", "folder": "003-1-return"}
WAIT_GUI {"seconds_remaining": 60}
GUI_RESULT {"status": "returned-to-practice", "ok": true, "clicks": 2, "robot_started": false}
SENSITIVITY_PROGRESS 269 742 screen 4 fraction=0.05 BBRW-RX2J-2TJH-RQKS 14 14
GUI_JOB {"action": "dry-run", "folder": "001-0-dry-run"}
WAIT_GUI {"seconds_remaining": 60}
GUI_RESULT {"status": "dry-run-ready", "ok": true, "clicks": 0, "robot_started": false}
READ_ONLY_DB_COPY {"label": "001-db-before", "rows": 448}
GUI_JOB {"action": "run", "folder": "002-1-run"}
WAIT_GUI {"seconds_remaining": 1320}
GUI_RESULT {"robot_exit": 0, "case_code": "99V3-TZ3P-W4RH-PRQZ", "ok": true, "robot_started": true, "status": "robot-completed", "clicks": 1}
READ_ONLY_DB_COPY {"label": "001-db-after-0", "rows": 449}
AUTHORITATIVE_RESULT {"id": 449, "team_no": "202623001141", "problem_no": 4, "practice_run_no": 1243581108264944819, "case_code": "99V3-TZ3P-W4RH-PRQZ", "entered": 1, "jammer_count": 16, "cleared_jammer_count": 16, "clear_failure_count": 0, "virtual_time_us": 5126880763, "end_reason": "user_exit", "created_at_ms": 1789254718281}
GUI_JOB {"action": "return", "folder": "003-1-return"}
WAIT_GUI {"seconds_remaining": 60}
GUI_RESULT {"status": "returned-to-practice", "ok": true, "clicks": 2, "robot_started": false}
SENSITIVITY_PROGRESS 270 742 screen 4 share_cooldown=800 99V3-TZ3P-W4RH-PRQZ 16 16
GUI_JOB {"action": "dry-run", "folder": "001-0-dry-run"}
WAIT_GUI {"seconds_remaining": 60}
GUI_RESULT {"status": "dry-run-ready", "ok": true, "clicks": 0, "robot_started": false}
READ_ONLY_DB_COPY {"label": "001-db-before", "rows": 449}
GUI_JOB {"action": "run", "folder": "002-1-run"}
WAIT_GUI {"seconds_remaining": 1320}
GUI_RESULT {"robot_exit": 0, "case_code": "JHE7-FJVY-P3WD-EW23", "ok": true, "robot_started": true, "status": "robot-completed", "clicks": 1}
READ_ONLY_DB_COPY {"label": "001-db-after-0", "rows": 450}
AUTHORITATIVE_RESULT {"id": 450, "team_no": "202623001141", "problem_no": 4, "practice_run_no": 2566832273338577130, "case_code": "JHE7-FJVY-P3WD-EW23", "entered": 1, "jammer_count": 15, "cleared_jammer_count": 15, "clear_failure_count": 0, "virtual_time_us": 6171021222, "end_reason": "user_exit", "created_at_ms": 1789254763269}
GUI_JOB {"action": "return", "folder": "003-1-return"}
WAIT_GUI {"seconds_remaining": 60}
GUI_RESULT {"status": "returned-to-practice", "ok": true, "clicks": 2, "robot_started": false}
SENSITIVITY_PROGRESS 271 742 screen 4 share_limit=12 JHE7-FJVY-P3WD-EW23 15 15
GUI_JOB {"action": "dry-run", "folder": "001-0-dry-run"}
WAIT_GUI {"seconds_remaining": 60}
GUI_RESULT {"status": "dry-run-ready", "ok": true, "clicks": 0, "robot_started": false}
READ_ONLY_DB_COPY {"label": "001-db-before", "rows": 450}
GUI_JOB {"action": "run", "folder": "002-1-run"}
WAIT_GUI {"seconds_remaining": 1320}
GUI_RESULT {"robot_exit": 0, "case_code": "8UTZ-CTU8-MM9E-BYGA", "ok": true, "robot_started": true, "status": "robot-completed", "clicks": 1}
READ_ONLY_DB_COPY {"label": "001-db-after-0", "rows": 451}
AUTHORITATIVE_RESULT {"id": 451, "team_no": "202623001141", "problem_no": 3, "practice_run_no": 8332943186268638919, "case_code": "8UTZ-CTU8-MM9E-BYGA", "entered": 1, "jammer_count": 10, "cleared_jammer_count": 10, "clear_failure_count": 0, "virtual_time_us": 2971988418, "end_reason": "user_exit", "created_at_ms": 1789254809344}
GUI_JOB {"action": "return", "folder": "003-1-return"}
WAIT_GUI {"seconds_remaining": 60}
GUI_RESULT {"status": "returned-to-practice", "ok": true, "clicks": 2, "robot_started": false}
SENSITIVITY_PROGRESS 272 742 screen 3 share_limit=20 8UTZ-CTU8-MM9E-BYGA 10 10
GUI_JOB {"action": "dry-run", "folder": "001-0-dry-run"}
WAIT_GUI {"seconds_remaining": 60}
GUI_RESULT {"status": "dry-run-ready", "ok": true, "clicks": 0, "robot_started": false}
READ_ONLY_DB_COPY {"label": "001-db-before", "rows": 451}
GUI_JOB {"action": "run", "folder": "002-1-run"}
WAIT_GUI {"seconds_remaining": 1320}
GUI_RESULT {"robot_exit": 0, "case_code": "D3U2-T24T-A7G5-V95Y", "ok": true, "robot_started": true, "status": "robot-completed", "clicks": 1}
READ_ONLY_DB_COPY {"label": "001-db-after-0", "rows": 452}
AUTHORITATIVE_RESULT {"id": 452, "team_no": "202623001141", "problem_no": 4, "practice_run_no": 8114146179377334369, "case_code": "D3U2-T24T-A7G5-V95Y", "entered": 1, "jammer_count": 12, "cleared_jammer_count": 12, "clear_failure_count": 0, "virtual_time_us": 6742810218, "end_reason": "user_exit", "created_at_ms": 1789254850603}
GUI_JOB {"action": "return", "folder": "003-1-return"}
WAIT_GUI {"seconds_remaining": 60}
GUI_RESULT {"status": "returned-to-practice", "ok": true, "clicks": 2, "robot_started": false}
SENSITIVITY_PROGRESS 273 742 screen 4 share_limit=20 D3U2-T24T-A7G5-V95Y 12 12
GUI_JOB {"action": "dry-run", "folder": "001-0-dry-run"}
WAIT_GUI {"seconds_remaining": 60}
GUI_RESULT {"status": "dry-run-ready", "ok": true, "clicks": 0, "robot_started": false}
READ_ONLY_DB_COPY {"label": "001-db-before", "rows": 452}
GUI_JOB {"action": "run", "folder": "002-1-run"}
WAIT_GUI {"seconds_remaining": 1320}
GUI_RESULT {"robot_exit": 0, "case_code": "VQCC-687T-4ZWA-A942", "ok": true, "robot_started": true, "status": "robot-completed", "clicks": 1}
READ_ONLY_DB_COPY {"label": "001-db-after-0", "rows": 453}
AUTHORITATIVE_RESULT {"id": 453, "team_no": "202623001141", "problem_no": 3, "practice_run_no": 1016622601914091653, "case_code": "VQCC-687T-4ZWA-A942", "entered": 1, "jammer_count": 12, "cleared_jammer_count": 12, "clear_failure_count": 1, "virtual_time_us": 3021737744, "end_reason": "user_exit", "created_at_ms": 1789254897530}
GUI_JOB {"action": "return", "folder": "003-1-return"}
WAIT_GUI {"seconds_remaining": 60}
GUI_RESULT {"status": "returned-to-practice", "ok": true, "clicks": 2, "robot_started": false}
SENSITIVITY_PROGRESS 274 742 screen 3 share_limit=2 VQCC-687T-4ZWA-A942 12 12
GUI_JOB {"action": "dry-run", "folder": "001-0-dry-run"}
WAIT_GUI {"seconds_remaining": 60}
GUI_RESULT {"status": "dry-run-ready", "ok": true, "clicks": 0, "robot_started": false}
READ_ONLY_DB_COPY {"label": "001-db-before", "rows": 453}
GUI_JOB {"action": "run", "folder": "002-1-run"}
WAIT_GUI {"seconds_remaining": 1320}
GUI_RESULT {"robot_exit": 0, "case_code": "R8QA-VDN8-7SQE-ZX5Z", "ok": true, "robot_started": true, "status": "robot-completed", "clicks": 1}
READ_ONLY_DB_COPY {"label": "001-db-after-0", "rows": 454}
AUTHORITATIVE_RESULT {"id": 454, "team_no": "202623001141", "problem_no": 3, "practice_run_no": 4957342913406164333, "case_code": "R8QA-VDN8-7SQE-ZX5Z", "entered": 1, "jammer_count": 10, "cleared_jammer_count": 10, "clear_failure_count": 1, "virtual_time_us": 2926250919, "end_reason": "user_exit", "created_at_ms": 1789254938158}
GUI_JOB {"action": "return", "folder": "003-1-return"}
WAIT_GUI {"seconds_remaining": 60}
GUI_RESULT {"status": "returned-to-practice", "ok": true, "clicks": 2, "robot_started": false}
SENSITIVITY_PROGRESS 275 742 screen 3 remainder_weight=0.5 R8QA-VDN8-7SQE-ZX5Z 10 10
GUI_JOB {"action": "dry-run", "folder": "001-0-dry-run"}
WAIT_GUI {"seconds_remaining": 60}
GUI_RESULT {"status": "dry-run-ready", "ok": true, "clicks": 0, "robot_started": false}
READ_ONLY_DB_COPY {"label": "001-db-before", "rows": 454}
GUI_JOB {"action": "run", "folder": "002-1-run"}
WAIT_GUI {"seconds_remaining": 1320}
GUI_RESULT {"robot_exit": 0, "case_code": "T6ZK-NR3K-CPAV-VHU5", "ok": true, "robot_started": true, "status": "robot-completed", "clicks": 1}
READ_ONLY_DB_COPY {"label": "001-db-after-0", "rows": 455}
AUTHORITATIVE_RESULT {"id": 455, "team_no": "202623001141", "problem_no": 4, "practice_run_no": 4580740706406863618, "case_code": "T6ZK-NR3K-CPAV-VHU5", "entered": 1, "jammer_count": 11, "cleared_jammer_count": 11, "clear_failure_count": 35, "virtual_time_us": 6428567206, "end_reason": "user_exit", "created_at_ms": 1789254980178}
GUI_JOB {"action": "return", "folder": "003-1-return"}
WAIT_GUI {"seconds_remaining": 60}
GUI_RESULT {"status": "returned-to-practice", "ok": true, "clicks": 2, "robot_started": false}
SENSITIVITY_PROGRESS 276 742 screen 4 steps=1 T6ZK-NR3K-CPAV-VHU5 11 11
GUI_JOB {"action": "dry-run", "folder": "001-0-dry-run"}
WAIT_GUI {"seconds_remaining": 60}
GUI_RESULT {"status": "dry-run-ready", "ok": true, "clicks": 0, "robot_started": false}
READ_ONLY_DB_COPY {"label": "001-db-before", "rows": 455}
GUI_JOB {"action": "run", "folder": "002-1-run"}
WAIT_GUI {"seconds_remaining": 1320}
GUI_RESULT {"robot_exit": 0, "case_code": "PENV-5GTQ-X7U2-2WM7", "ok": true, "robot_started": true, "status": "robot-completed", "clicks": 1}
READ_ONLY_DB_COPY {"label": "001-db-after-0", "rows": 456}
AUTHORITATIVE_RESULT {"id": 456, "team_no": "202623001141", "problem_no": 3, "practice_run_no": 8566580309463384998, "case_code": "PENV-5GTQ-X7U2-2WM7", "entered": 1, "jammer_count": 11, "cleared_jammer_count": 11, "clear_failure_count": 1, "virtual_time_us": 3200158026, "end_reason": "user_exit", "created_at_ms": 1789255030341}
GUI_JOB {"action": "return", "folder": "003-1-return"}
WAIT_GUI {"seconds_remaining": 60}
GUI_RESULT {"status": "returned-to-practice", "ok": true, "clicks": 2, "robot_started": false}
SENSITIVITY_PROGRESS 277 742 screen 3 trial_radius=80 PENV-5GTQ-X7U2-2WM7 11 11
GUI_JOB {"action": "dry-run", "folder": "001-0-dry-run"}
WAIT_GUI {"seconds_remaining": 60}
GUI_RESULT {"status": "dry-run-ready", "ok": true, "clicks": 0, "robot_started": false}
READ_ONLY_DB_COPY {"label": "001-db-before", "rows": 456}
GUI_JOB {"action": "run", "folder": "002-1-run"}
WAIT_GUI {"seconds_remaining": 1320}
GUI_RESULT {"robot_exit": 0, "case_code": "D3G9-48UP-DKR2-5GN9", "ok": true, "robot_started": true, "status": "robot-completed", "clicks": 1}
READ_ONLY_DB_COPY {"label": "001-db-after-0", "rows": 457}
AUTHORITATIVE_RESULT {"id": 457, "team_no": "202623001141", "problem_no": 4, "practice_run_no": 859032708590781499, "case_code": "D3G9-48UP-DKR2-5GN9", "entered": 1, "jammer_count": 10, "cleared_jammer_count": 10, "clear_failure_count": 0, "virtual_time_us": 5846422219, "end_reason": "user_exit", "created_at_ms": 1789255071358}
GUI_JOB {"action": "return", "folder": "003-1-return"}
WAIT_GUI {"seconds_remaining": 60}
GUI_RESULT {"status": "returned-to-practice", "ok": true, "clicks": 2, "robot_started": false}
SENSITIVITY_PROGRESS 278 742 screen 4 trial_radius=65 D3G9-48UP-DKR2-5GN9 10 10
GUI_JOB {"action": "dry-run", "folder": "001-0-dry-run"}
WAIT_GUI {"seconds_remaining": 60}
GUI_RESULT {"status": "dry-run-ready", "ok": true, "clicks": 0, "robot_started": false}
READ_ONLY_DB_COPY {"label": "001-db-before", "rows": 457}
GUI_JOB {"action": "run", "folder": "002-1-run"}
WAIT_GUI {"seconds_remaining": 1320}
GUI_RESULT {"robot_exit": 0, "case_code": "NGXS-93RT-Q3XG-R7H8", "ok": true, "robot_started": true, "status": "robot-completed", "clicks": 1}
READ_ONLY_DB_COPY {"label": "001-db-after-0", "rows": 458}
AUTHORITATIVE_RESULT {"id": 458, "team_no": "202623001141", "problem_no": 4, "practice_run_no": 2366832030691796506, "case_code": "NGXS-93RT-Q3XG-R7H8", "entered": 1, "jammer_count": 15, "cleared_jammer_count": 15, "clear_failure_count": 0, "virtual_time_us": 6181139756, "end_reason": "user_exit", "created_at_ms": 1789255117849}
GUI_JOB {"action": "return", "folder": "003-1-return"}
WAIT_GUI {"seconds_remaining": 60}
GUI_RESULT {"status": "returned-to-practice", "ok": true, "clicks": 2, "robot_started": false}
SENSITIVITY_PROGRESS 279 742 screen 4 fraction=0.5 NGXS-93RT-Q3XG-R7H8 15 15
GUI_JOB {"action": "dry-run", "folder": "001-0-dry-run"}
WAIT_GUI {"seconds_remaining": 60}
GUI_RESULT {"status": "dry-run-ready", "ok": true, "clicks": 0, "robot_started": false}
READ_ONLY_DB_COPY {"label": "001-db-before", "rows": 458}
GUI_JOB {"action": "run", "folder": "002-1-run"}
WAIT_GUI {"seconds_remaining": 1320}
GUI_RESULT {"robot_exit": 0, "case_code": "SEH8-F6JS-THQ2-TBGC", "ok": true, "robot_started": true, "status": "robot-completed", "clicks": 1}
READ_ONLY_DB_COPY {"label": "001-db-after-0", "rows": 459}
AUTHORITATIVE_RESULT {"id": 459, "team_no": "202623001141", "problem_no": 4, "practice_run_no": 4867468726886504021, "case_code": "SEH8-F6JS-THQ2-TBGC", "entered": 1, "jammer_count": 11, "cleared_jammer_count": 11, "clear_failure_count": 0, "virtual_time_us": 5972677893, "end_reason": "user_exit", "created_at_ms": 1789255164324}
GUI_JOB {"action": "return", "folder": "003-1-return"}
WAIT_GUI {"seconds_remaining": 60}
GUI_RESULT {"status": "returned-to-practice", "ok": true, "clicks": 2, "robot_started": false}
SENSITIVITY_PROGRESS 280 742 screen 4 trial_radius=20 SEH8-F6JS-THQ2-TBGC 11 11
GUI_JOB {"action": "dry-run", "folder": "001-0-dry-run"}
WAIT_GUI {"seconds_remaining": 60}
GUI_RESULT {"status": "dry-run-ready", "ok": true, "clicks": 0, "robot_started": false}
READ_ONLY_DB_COPY {"label": "001-db-before", "rows": 459}
GUI_JOB {"action": "run", "folder": "002-1-run"}
WAIT_GUI {"seconds_remaining": 1320}
GUI_RESULT {"robot_exit": 0, "case_code": "UPQ3-SKQR-HRDC-HVYZ", "ok": true, "robot_started": true, "status": "robot-completed", "clicks": 1}
READ_ONLY_DB_COPY {"label": "001-db-after-0", "rows": 460}
AUTHORITATIVE_RESULT {"id": 460, "team_no": "202623001141", "problem_no": 3, "practice_run_no": 3116674247909213084, "case_code": "UPQ3-SKQR-HRDC-HVYZ", "entered": 1, "jammer_count": 13, "cleared_jammer_count": 13, "clear_failure_count": 0, "virtual_time_us": 3294412928, "end_reason": "user_exit", "created_at_ms": 1789255210712}
GUI_JOB {"action": "return", "folder": "003-1-return"}
WAIT_GUI {"seconds_remaining": 60}
GUI_RESULT {"status": "returned-to-practice", "ok": true, "clicks": 2, "robot_started": false}
SENSITIVITY_PROGRESS 281 742 screen 3 remainder_weight=2 UPQ3-SKQR-HRDC-HVYZ 13 13
GUI_JOB {"action": "dry-run", "folder": "001-0-dry-run"}
WAIT_GUI {"seconds_remaining": 60}
GUI_RESULT {"status": "dry-run-ready", "ok": true, "clicks": 0, "robot_started": false}
READ_ONLY_DB_COPY {"label": "001-db-before", "rows": 460}
GUI_JOB {"action": "run", "folder": "002-1-run"}
WAIT_GUI {"seconds_remaining": 1320}
GUI_RESULT {"robot_exit": 0, "case_code": "C7UB-BYBN-TQV6-4B93", "ok": true, "robot_started": true, "status": "robot-completed", "clicks": 1}
READ_ONLY_DB_COPY {"label": "001-db-after-0", "rows": 461}
AUTHORITATIVE_RESULT {"id": 461, "team_no": "202623001141", "problem_no": 3, "practice_run_no": 4281833826977440070, "case_code": "C7UB-BYBN-TQV6-4B93", "entered": 1, "jammer_count": 10, "cleared_jammer_count": 10, "clear_failure_count": 0, "virtual_time_us": 2745515426, "end_reason": "user_exit", "created_at_ms": 1789255250931}
GUI_JOB {"action": "return", "folder": "003-1-return"}
WAIT_GUI {"seconds_remaining": 60}
GUI_RESULT {"status": "returned-to-practice", "ok": true, "clicks": 2, "robot_started": false}
SENSITIVITY_PROGRESS 282 742 screen 3 trial_radius=35 C7UB-BYBN-TQV6-4B93 10 10
GUI_JOB {"action": "dry-run", "folder": "001-0-dry-run"}
WAIT_GUI {"seconds_remaining": 60}
GUI_RESULT {"status": "dry-run-ready", "ok": true, "clicks": 0, "robot_started": false}
READ_ONLY_DB_COPY {"label": "001-db-before", "rows": 461}
GUI_JOB {"action": "run", "folder": "002-1-run"}
WAIT_GUI {"seconds_remaining": 1320}
GUI_RESULT {"robot_exit": 0, "case_code": "FYMX-RZ35-JBPU-ZJEY", "ok": true, "robot_started": true, "status": "robot-completed", "clicks": 1}
READ_ONLY_DB_COPY {"label": "001-db-after-0", "rows": 462}
AUTHORITATIVE_RESULT {"id": 462, "team_no": "202623001141", "problem_no": 4, "practice_run_no": 5351366392821252812, "case_code": "FYMX-RZ35-JBPU-ZJEY", "entered": 1, "jammer_count": 16, "cleared_jammer_count": 16, "clear_failure_count": 0, "virtual_time_us": 4175825565, "end_reason": "user_exit", "created_at_ms": 1789255292766}
GUI_JOB {"action": "return", "folder": "003-1-return"}
WAIT_GUI {"seconds_remaining": 60}
GUI_RESULT {"status": "returned-to-practice", "ok": true, "clicks": 2, "robot_started": false}
SENSITIVITY_PROGRESS 283 742 screen 4 trial_radius=80 FYMX-RZ35-JBPU-ZJEY 16 16
GUI_JOB {"action": "dry-run", "folder": "001-0-dry-run"}
WAIT_GUI {"seconds_remaining": 60}
GUI_RESULT {"status": "dry-run-ready", "ok": true, "clicks": 0, "robot_started": false}
READ_ONLY_DB_COPY {"label": "001-db-before", "rows": 462}
GUI_JOB {"action": "run", "folder": "002-1-run"}
WAIT_GUI {"seconds_remaining": 1320}
GUI_RESULT {"robot_exit": 0, "case_code": "APZG-EMVZ-HHAN-KNXY", "ok": true, "robot_started": true, "status": "robot-completed", "clicks": 1}
READ_ONLY_DB_COPY {"label": "001-db-after-0", "rows": 463}
AUTHORITATIVE_RESULT {"id": 463, "team_no": "202623001141", "problem_no": 3, "practice_run_no": 8001082962634725312, "case_code": "APZG-EMVZ-HHAN-KNXY", "entered": 1, "jammer_count": 16, "cleared_jammer_count": 16, "clear_failure_count": 0, "virtual_time_us": 3437387648, "end_reason": "user_exit", "created_at_ms": 1789255335083}
GUI_JOB {"action": "return", "folder": "003-1-return"}
WAIT_GUI {"seconds_remaining": 60}
GUI_RESULT {"status": "returned-to-practice", "ok": true, "clicks": 2, "robot_started": false}
SENSITIVITY_PROGRESS 284 742 screen 3 share_limit=0 APZG-EMVZ-HHAN-KNXY 16 16
GUI_JOB {"action": "dry-run", "folder": "001-0-dry-run"}
WAIT_GUI {"seconds_remaining": 60}
GUI_RESULT {"status": "dry-run-ready", "ok": true, "clicks": 0, "robot_started": false}
READ_ONLY_DB_COPY {"label": "001-db-before", "rows": 463}
GUI_JOB {"action": "run", "folder": "002-1-run"}
WAIT_GUI {"seconds_remaining": 1320}
GUI_RESULT {"robot_exit": 0, "case_code": "ANS9-A3YH-AKHD-ZECS", "ok": true, "robot_started": true, "status": "robot-completed", "clicks": 1}
READ_ONLY_DB_COPY {"label": "001-db-after-0", "rows": 464}
AUTHORITATIVE_RESULT {"id": 464, "team_no": "202623001141", "problem_no": 4, "practice_run_no": 275518739828079585, "case_code": "ANS9-A3YH-AKHD-ZECS", "entered": 1, "jammer_count": 13, "cleared_jammer_count": 13, "clear_failure_count": 0, "virtual_time_us": 6676437238, "end_reason": "user_exit", "created_at_ms": 1789255377289}
GUI_JOB {"action": "return", "folder": "003-1-return"}
WAIT_GUI {"seconds_remaining": 60}
GUI_RESULT {"status": "returned-to-practice", "ok": true, "clicks": 2, "robot_started": false}
SENSITIVITY_PROGRESS 285 742 screen 4 trial_radius=50 ANS9-A3YH-AKHD-ZECS 13 13
GUI_JOB {"action": "dry-run", "folder": "001-0-dry-run"}
WAIT_GUI {"seconds_remaining": 60}
GUI_RESULT {"status": "dry-run-ready", "ok": true, "clicks": 0, "robot_started": false}
READ_ONLY_DB_COPY {"label": "001-db-before", "rows": 464}
GUI_JOB {"action": "run", "folder": "002-1-run"}
WAIT_GUI {"seconds_remaining": 1320}
GUI_RESULT {"robot_exit": 0, "case_code": "Z29B-KSJ5-NDSF-WDCT", "ok": true, "robot_started": true, "status": "robot-completed", "clicks": 1}
READ_ONLY_DB_COPY {"label": "001-db-after-0", "rows": 465}
AUTHORITATIVE_RESULT {"id": 465, "team_no": "202623001141", "problem_no": 3, "practice_run_no": 2730319105139911057, "case_code": "Z29B-KSJ5-NDSF-WDCT", "entered": 1, "jammer_count": 14, "cleared_jammer_count": 14, "clear_failure_count": 0, "virtual_time_us": 3261506822, "end_reason": "user_exit", "created_at_ms": 1789255425001}
GUI_JOB {"action": "return", "folder": "003-1-return"}
WAIT_GUI {"seconds_remaining": 60}
GUI_RESULT {"status": "returned-to-practice", "ok": true, "clicks": 2, "robot_started": false}
SENSITIVITY_PROGRESS 286 742 screen 3 max_active=4 Z29B-KSJ5-NDSF-WDCT 14 14
GUI_JOB {"action": "dry-run", "folder": "001-0-dry-run"}
WAIT_GUI {"seconds_remaining": 60}
GUI_RESULT {"status": "dry-run-ready", "ok": true, "clicks": 0, "robot_started": false}
READ_ONLY_DB_COPY {"label": "001-db-before", "rows": 465}
GUI_JOB {"action": "run", "folder": "002-1-run"}
WAIT_GUI {"seconds_remaining": 1320}
GUI_RESULT {"robot_exit": 0, "case_code": "WT93-U9GY-5XTN-C6U6", "ok": true, "robot_started": true, "status": "robot-completed", "clicks": 1}
READ_ONLY_DB_COPY {"label": "001-db-after-0", "rows": 466}
AUTHORITATIVE_RESULT {"id": 466, "team_no": "202623001141", "problem_no": 3, "practice_run_no": 6038516213844913753, "case_code": "WT93-U9GY-5XTN-C6U6", "entered": 1, "jammer_count": 14, "cleared_jammer_count": 14, "clear_failure_count": 0, "virtual_time_us": 3244056522, "end_reason": "user_exit", "created_at_ms": 1789255466533}
GUI_JOB {"action": "return", "folder": "003-1-return"}
WAIT_GUI {"seconds_remaining": 60}
GUI_RESULT {"status": "returned-to-practice", "ok": true, "clicks": 2, "robot_started": false}
SENSITIVITY_PROGRESS 287 742 screen 3 trial_radius=20 WT93-U9GY-5XTN-C6U6 14 14
GUI_JOB {"action": "dry-run", "folder": "001-0-dry-run"}
WAIT_GUI {"seconds_remaining": 60}
GUI_RESULT {"status": "dry-run-ready", "ok": true, "clicks": 0, "robot_started": false}
READ_ONLY_DB_COPY {"label": "001-db-before", "rows": 466}
GUI_JOB {"action": "run", "folder": "002-1-run"}
WAIT_GUI {"seconds_remaining": 1320}
GUI_RESULT {"robot_exit": 0, "case_code": "4ZD7-26XJ-PY6H-Z7GY", "ok": true, "robot_started": true, "status": "robot-completed", "clicks": 1}
READ_ONLY_DB_COPY {"label": "001-db-after-0", "rows": 467}
AUTHORITATIVE_RESULT {"id": 467, "team_no": "202623001141", "problem_no": 4, "practice_run_no": 2138681177422421236, "case_code": "4ZD7-26XJ-PY6H-Z7GY", "entered": 1, "jammer_count": 11, "cleared_jammer_count": 11, "clear_failure_count": 0, "virtual_time_us": 6056372572, "end_reason": "user_exit", "created_at_ms": 1789255509832}
GUI_JOB {"action": "return", "folder": "003-1-return"}
WAIT_GUI {"seconds_remaining": 60}
GUI_RESULT {"status": "returned-to-practice", "ok": true, "clicks": 2, "robot_started": false}
SENSITIVITY_PROGRESS 288 742 screen 4 share_limit=2 4ZD7-26XJ-PY6H-Z7GY 11 11
GUI_JOB {"action": "dry-run", "folder": "001-0-dry-run"}
WAIT_GUI {"seconds_remaining": 60}
GUI_RESULT {"status": "dry-run-ready", "ok": true, "clicks": 0, "robot_started": false}
READ_ONLY_DB_COPY {"label": "001-db-before", "rows": 467}
GUI_JOB {"action": "run", "folder": "002-1-run"}
WAIT_GUI {"seconds_remaining": 1320}
GUI_RESULT {"robot_exit": 0, "case_code": "U53R-QC9J-CZNB-3QEH", "ok": true, "robot_started": true, "status": "robot-completed", "clicks": 1}
READ_ONLY_DB_COPY {"label": "001-db-after-0", "rows": 468}
AUTHORITATIVE_RESULT {"id": 468, "team_no": "202623001141", "problem_no": 3, "practice_run_no": 2908910634280324460, "case_code": "U53R-QC9J-CZNB-3QEH", "entered": 1, "jammer_count": 12, "cleared_jammer_count": 12, "clear_failure_count": 1, "virtual_time_us": 3408919710, "end_reason": "user_exit", "created_at_ms": 1789255556184}
GUI_JOB {"action": "return", "folder": "003-1-return"}
WAIT_GUI {"seconds_remaining": 60}
GUI_RESULT {"status": "returned-to-practice", "ok": true, "clicks": 2, "robot_started": false}
SENSITIVITY_PROGRESS 289 742 screen 3 localization_weight=0 U53R-QC9J-CZNB-3QEH 12 12
GUI_JOB {"action": "dry-run", "folder": "001-0-dry-run"}
WAIT_GUI {"seconds_remaining": 60}
GUI_RESULT {"status": "dry-run-ready", "ok": true, "clicks": 0, "robot_started": false}
READ_ONLY_DB_COPY {"label": "001-db-before", "rows": 468}
GUI_JOB {"action": "run", "folder": "002-1-run"}
WAIT_GUI {"seconds_remaining": 1320}
GUI_RESULT {"robot_exit": 0, "case_code": "X3SA-AMC4-8WGY-CD8H", "ok": true, "robot_started": true, "status": "robot-completed", "clicks": 1}
READ_ONLY_DB_COPY {"label": "001-db-after-0", "rows": 469}
AUTHORITATIVE_RESULT {"id": 469, "team_no": "202623001141", "problem_no": 4, "practice_run_no": 1696679098680099801, "case_code": "X3SA-AMC4-8WGY-CD8H", "entered": 1, "jammer_count": 14, "cleared_jammer_count": 14, "clear_failure_count": 0, "virtual_time_us": 6246185036, "end_reason": "user_exit", "created_at_ms": 1789255597139}
GUI_JOB {"action": "return", "folder": "003-1-return"}
WAIT_GUI {"seconds_remaining": 60}
GUI_RESULT {"status": "returned-to-practice", "ok": true, "clicks": 2, "robot_started": false}
SENSITIVITY_PROGRESS 290 742 screen 4 transverse_m=100 X3SA-AMC4-8WGY-CD8H 14 14
GUI_JOB {"action": "dry-run", "folder": "001-0-dry-run"}
WAIT_GUI {"seconds_remaining": 60}
GUI_RESULT {"status": "dry-run-ready", "ok": true, "clicks": 0, "robot_started": false}
READ_ONLY_DB_COPY {"label": "001-db-before", "rows": 469}
GUI_JOB {"action": "run", "folder": "002-1-run"}
WAIT_GUI {"seconds_remaining": 1320}
GUI_RESULT {"robot_exit": 0, "case_code": "WUTH-WG75-CVYR-ZMX4", "ok": true, "robot_started": true, "status": "robot-completed", "clicks": 1}
READ_ONLY_DB_COPY {"label": "001-db-after-0", "rows": 470}
AUTHORITATIVE_RESULT {"id": 470, "team_no": "202623001141", "problem_no": 4, "practice_run_no": 2966118302509843341, "case_code": "WUTH-WG75-CVYR-ZMX4", "entered": 1, "jammer_count": 12, "cleared_jammer_count": 12, "clear_failure_count": 0, "virtual_time_us": 6202722651, "end_reason": "user_exit", "created_at_ms": 1789255644889}
GUI_JOB {"action": "return", "folder": "003-1-return"}
WAIT_GUI {"seconds_remaining": 60}
GUI_RESULT {"status": "returned-to-practice", "ok": true, "clicks": 2, "robot_started": false}
SENSITIVITY_PROGRESS 291 742 screen 4 baseline WUTH-WG75-CVYR-ZMX4 12 12
GUI_JOB {"action": "dry-run", "folder": "001-0-dry-run"}
WAIT_GUI {"seconds_remaining": 60}
GUI_RESULT {"status": "dry-run-ready", "ok": true, "clicks": 0, "robot_started": false}
READ_ONLY_DB_COPY {"label": "001-db-before", "rows": 470}
GUI_JOB {"action": "run", "folder": "002-1-run"}
WAIT_GUI {"seconds_remaining": 1320}
GUI_RESULT {"robot_exit": 0, "case_code": "MU34-8PN7-JK5Q-EPR2", "ok": true, "robot_started": true, "status": "robot-completed", "clicks": 1}
READ_ONLY_DB_COPY {"label": "001-db-after-0", "rows": 471}
AUTHORITATIVE_RESULT {"id": 471, "team_no": "202623001141", "problem_no": 4, "practice_run_no": 2519080546293017278, "case_code": "MU34-8PN7-JK5Q-EPR2", "entered": 1, "jammer_count": 10, "cleared_jammer_count": 10, "clear_failure_count": 0, "virtual_time_us": 5855941703, "end_reason": "user_exit", "created_at_ms": 1789255693109}
GUI_JOB {"action": "return", "folder": "003-1-return"}
WAIT_GUI {"seconds_remaining": 60}
GUI_RESULT {"status": "returned-to-practice", "ok": true, "clicks": 2, "robot_started": false}
SENSITIVITY_PROGRESS 292 742 screen 4 pause_limit=0 MU34-8PN7-JK5Q-EPR2 10 10
GUI_JOB {"action": "dry-run", "folder": "001-0-dry-run"}
WAIT_GUI {"seconds_remaining": 60}
GUI_RESULT {"status": "dry-run-ready", "ok": true, "clicks": 0, "robot_started": false}
READ_ONLY_DB_COPY {"label": "001-db-before", "rows": 471}
GUI_JOB {"action": "run", "folder": "002-1-run"}
WAIT_GUI {"seconds_remaining": 1320}
GUI_RESULT {"robot_exit": 0, "case_code": "FPZ7-N2XU-KG3E-2995", "ok": true, "robot_started": true, "status": "robot-completed", "clicks": 1}
READ_ONLY_DB_COPY {"label": "001-db-after-0", "rows": 472}
AUTHORITATIVE_RESULT {"id": 472, "team_no": "202623001141", "problem_no": 4, "practice_run_no": 509050863687009073, "case_code": "FPZ7-N2XU-KG3E-2995", "entered": 1, "jammer_count": 10, "cleared_jammer_count": 10, "clear_failure_count": 0, "virtual_time_us": 6453356706, "end_reason": "user_exit", "created_at_ms": 1789255743266}
GUI_JOB {"action": "return", "folder": "003-1-return"}
WAIT_GUI {"seconds_remaining": 60}
GUI_RESULT {"status": "returned-to-practice", "ok": true, "clicks": 2, "robot_started": false}
SENSITIVITY_PROGRESS 293 742 screen 4 transverse_m=20 FPZ7-N2XU-KG3E-2995 10 10
GUI_JOB {"action": "dry-run", "folder": "001-0-dry-run"}
WAIT_GUI {"seconds_remaining": 60}
GUI_RESULT {"status": "dry-run-ready", "ok": true, "clicks": 0, "robot_started": false}
READ_ONLY_DB_COPY {"label": "001-db-before", "rows": 472}
GUI_JOB {"action": "run", "folder": "002-1-run"}
WAIT_GUI {"seconds_remaining": 1320}
GUI_RESULT {"robot_exit": 0, "case_code": "M2W8-Q7E6-NFVP-MSB3", "ok": true, "robot_started": true, "status": "robot-completed", "clicks": 1}
READ_ONLY_DB_COPY {"label": "001-db-after-0", "rows": 473}
AUTHORITATIVE_RESULT {"id": 473, "team_no": "202623001141", "problem_no": 3, "practice_run_no": 787296388370705769, "case_code": "M2W8-Q7E6-NFVP-MSB3", "entered": 1, "jammer_count": 16, "cleared_jammer_count": 16, "clear_failure_count": 0, "virtual_time_us": 3059140895, "end_reason": "user_exit", "created_at_ms": 1789255789788}
GUI_JOB {"action": "return", "folder": "003-1-return"}
WAIT_GUI {"seconds_remaining": 60}
GUI_RESULT {"status": "returned-to-practice", "ok": true, "clicks": 2, "robot_started": false}
SENSITIVITY_PROGRESS 294 742 screen 3 localization_weight=0.32 M2W8-Q7E6-NFVP-MSB3 16 16
GUI_JOB {"action": "dry-run", "folder": "001-0-dry-run"}
WAIT_GUI {"seconds_remaining": 60}
GUI_RESULT {"status": "dry-run-ready", "ok": true, "clicks": 0, "robot_started": false}
READ_ONLY_DB_COPY {"label": "001-db-before", "rows": 473}
GUI_JOB {"action": "run", "folder": "002-1-run"}
WAIT_GUI {"seconds_remaining": 1320}
GUI_RESULT {"robot_exit": 0, "case_code": "GX7R-CVXD-5SM5-9V8U", "ok": true, "robot_started": true, "status": "robot-completed", "clicks": 1}
READ_ONLY_DB_COPY {"label": "001-db-after-0", "rows": 474}
AUTHORITATIVE_RESULT {"id": 474, "team_no": "202623001141", "problem_no": 3, "practice_run_no": 589719763095418101, "case_code": "GX7R-CVXD-5SM5-9V8U", "entered": 1, "jammer_count": 10, "cleared_jammer_count": 10, "clear_failure_count": 0, "virtual_time_us": 2703839440, "end_reason": "user_exit", "created_at_ms": 1789255831173}
GUI_JOB {"action": "return", "folder": "003-1-return"}
WAIT_GUI {"seconds_remaining": 60}
GUI_RESULT {"status": "returned-to-practice", "ok": true, "clicks": 2, "robot_started": false}
SENSITIVITY_PROGRESS 295 742 screen 3 max_active=1 GX7R-CVXD-5SM5-9V8U 10 10
GUI_JOB {"action": "dry-run", "folder": "001-0-dry-run"}
WAIT_GUI {"seconds_remaining": 60}
GUI_RESULT {"status": "dry-run-ready", "ok": true, "clicks": 0, "robot_started": false}
READ_ONLY_DB_COPY {"label": "001-db-before", "rows": 474}
GUI_JOB {"action": "run", "folder": "002-1-run"}
WAIT_GUI {"seconds_remaining": 1320}
GUI_RESULT {"robot_exit": 0, "case_code": "QS9Z-S34W-YS65-KWD5", "ok": true, "robot_started": true, "status": "robot-completed", "clicks": 1}
READ_ONLY_DB_COPY {"label": "001-db-after-0", "rows": 475}
AUTHORITATIVE_RESULT {"id": 475, "team_no": "202623001141", "problem_no": 4, "practice_run_no": 7332999384385877201, "case_code": "QS9Z-S34W-YS65-KWD5", "entered": 1, "jammer_count": 11, "cleared_jammer_count": 11, "clear_failure_count": 0, "virtual_time_us": 6253076998, "end_reason": "user_exit", "created_at_ms": 1789255872414}
GUI_JOB {"action": "return", "folder": "003-1-return"}
WAIT_GUI {"seconds_remaining": 60}
GUI_RESULT {"status": "returned-to-practice", "ok": true, "clicks": 2, "robot_started": false}
SENSITIVITY_PROGRESS 296 742 screen 4 steps=3 QS9Z-S34W-YS65-KWD5 11 11
GUI_JOB {"action": "dry-run", "folder": "001-0-dry-run"}
WAIT_GUI {"seconds_remaining": 60}
GUI_RESULT {"status": "dry-run-ready", "ok": true, "clicks": 0, "robot_started": false}
READ_ONLY_DB_COPY {"label": "001-db-before", "rows": 475}
GUI_JOB {"action": "run", "folder": "002-1-run"}
WAIT_GUI {"seconds_remaining": 1320}
GUI_RESULT {"robot_exit": 0, "case_code": "NDAS-A4HV-QH5C-UEQT", "ok": true, "robot_started": true, "status": "robot-completed", "clicks": 1}
READ_ONLY_DB_COPY {"label": "001-db-after-0", "rows": 476}
AUTHORITATIVE_RESULT {"id": 476, "team_no": "202623001141", "problem_no": 3, "practice_run_no": 3484262232531870869, "case_code": "NDAS-A4HV-QH5C-UEQT", "entered": 1, "jammer_count": 10, "cleared_jammer_count": 10, "clear_failure_count": 0, "virtual_time_us": 3296364367, "end_reason": "user_exit", "created_at_ms": 1789255918796}
GUI_JOB {"action": "return", "folder": "003-1-return"}
WAIT_GUI {"seconds_remaining": 60}
GUI_RESULT {"status": "returned-to-practice", "ok": true, "clicks": 2, "robot_started": false}
SENSITIVITY_PROGRESS 297 742 screen 3 max_active=5 NDAS-A4HV-QH5C-UEQT 10 10
GUI_JOB {"action": "dry-run", "folder": "001-0-dry-run"}
WAIT_GUI {"seconds_remaining": 60}
GUI_RESULT {"status": "dry-run-ready", "ok": true, "clicks": 0, "robot_started": false}
READ_ONLY_DB_COPY {"label": "001-db-before", "rows": 476}
GUI_JOB {"action": "run", "folder": "002-1-run"}
WAIT_GUI {"seconds_remaining": 1320}
GUI_RESULT {"robot_exit": 0, "case_code": "PYE8-Q88J-KKHQ-D5XW", "ok": true, "robot_started": true, "status": "robot-completed", "clicks": 1}
READ_ONLY_DB_COPY {"label": "001-db-after-0", "rows": 477}
AUTHORITATIVE_RESULT {"id": 477, "team_no": "202623001141", "problem_no": 3, "practice_run_no": 4044616981955974549, "case_code": "PYE8-Q88J-KKHQ-D5XW", "entered": 1, "jammer_count": 13, "cleared_jammer_count": 13, "clear_failure_count": 0, "virtual_time_us": 3256742515, "end_reason": "user_exit", "created_at_ms": 1789255960317}
GUI_JOB {"action": "return", "folder": "003-1-return"}
WAIT_GUI {"seconds_remaining": 60}
GUI_RESULT {"status": "returned-to-practice", "ok": true, "clicks": 2, "robot_started": false}
SENSITIVITY_PROGRESS 298 742 screen 3 remainder_weight=1 PYE8-Q88J-KKHQ-D5XW 13 13
GUI_JOB {"action": "dry-run", "folder": "001-0-dry-run"}
WAIT_GUI {"seconds_remaining": 60}
GUI_RESULT {"status": "dry-run-ready", "ok": true, "clicks": 0, "robot_started": false}
READ_ONLY_DB_COPY {"label": "001-db-before", "rows": 477}
GUI_JOB {"action": "run", "folder": "002-1-run"}
WAIT_GUI {"seconds_remaining": 1320}
GUI_RESULT {"robot_exit": 0, "case_code": "EWDA-PXQD-6VW4-75D6", "ok": true, "robot_started": true, "status": "robot-completed", "clicks": 1}
READ_ONLY_DB_COPY {"label": "001-db-after-0", "rows": 478}
AUTHORITATIVE_RESULT {"id": 478, "team_no": "202623001141", "problem_no": 4, "practice_run_no": 4587706328859590074, "case_code": "EWDA-PXQD-6VW4-75D6", "entered": 1, "jammer_count": 11, "cleared_jammer_count": 11, "clear_failure_count": 0, "virtual_time_us": 5930602607, "end_reason": "user_exit", "created_at_ms": 1789256002352}
GUI_JOB {"action": "return", "folder": "003-1-return"}
WAIT_GUI {"seconds_remaining": 60}
GUI_RESULT {"status": "returned-to-practice", "ok": true, "clicks": 2, "robot_started": false}
SENSITIVITY_PROGRESS 299 742 screen 4 transverse_m=10 EWDA-PXQD-6VW4-75D6 11 11
GUI_JOB {"action": "dry-run", "folder": "001-0-dry-run"}
WAIT_GUI {"seconds_remaining": 60}
GUI_RESULT {"status": "dry-run-ready", "ok": true, "clicks": 0, "robot_started": false}
READ_ONLY_DB_COPY {"label": "001-db-before", "rows": 478}
GUI_JOB {"action": "run", "folder": "002-1-run"}
WAIT_GUI {"seconds_remaining": 1320}
GUI_RESULT {"robot_exit": 0, "case_code": "S74E-ESGV-8QFR-52VK", "ok": true, "robot_started": true, "status": "robot-completed", "clicks": 1}
READ_ONLY_DB_COPY {"label": "001-db-after-0", "rows": 479}
AUTHORITATIVE_RESULT {"id": 479, "team_no": "202623001141", "problem_no": 3, "practice_run_no": 6771579704297581051, "case_code": "S74E-ESGV-8QFR-52VK", "entered": 1, "jammer_count": 14, "cleared_jammer_count": 14, "clear_failure_count": 1, "virtual_time_us": 3546721872, "end_reason": "user_exit", "created_at_ms": 1789256051010}
GUI_JOB {"action": "return", "folder": "003-1-return"}
WAIT_GUI {"seconds_remaining": 60}
GUI_RESULT {"status": "returned-to-practice", "ok": true, "clicks": 2, "robot_started": false}
SENSITIVITY_PROGRESS 300 742 screen 3 baseline S74E-ESGV-8QFR-52VK 14 14
GUI_JOB {"action": "dry-run", "folder": "001-0-dry-run"}
WAIT_GUI {"seconds_remaining": 60}
GUI_RESULT {"status": "dry-run-ready", "ok": true, "clicks": 0, "robot_started": false}
READ_ONLY_DB_COPY {"label": "001-db-before", "rows": 479}
GUI_JOB {"action": "run", "folder": "002-1-run"}
WAIT_GUI {"seconds_remaining": 1320}
GUI_RESULT {"robot_exit": 0, "case_code": "SPXG-43A8-BAGR-8MYT", "ok": true, "robot_started": true, "status": "robot-completed", "clicks": 1}
READ_ONLY_DB_COPY {"label": "001-db-after-0", "rows": 480}
AUTHORITATIVE_RESULT {"id": 480, "team_no": "202623001141", "problem_no": 3, "practice_run_no": 2606770319794946055, "case_code": "SPXG-43A8-BAGR-8MYT", "entered": 1, "jammer_count": 13, "cleared_jammer_count": 13, "clear_failure_count": 1, "virtual_time_us": 3019503926, "end_reason": "user_exit", "created_at_ms": 1789256091680}
GUI_JOB {"action": "return", "folder": "003-1-return"}
WAIT_GUI {"seconds_remaining": 60}
GUI_RESULT {"status": "returned-to-practice", "ok": true, "clicks": 2, "robot_started": false}
SENSITIVITY_PROGRESS 301 742 screen 3 max_active=2 SPXG-43A8-BAGR-8MYT 13 13
GUI_JOB {"action": "dry-run", "folder": "001-0-dry-run"}
WAIT_GUI {"seconds_remaining": 60}
GUI_RESULT {"status": "dry-run-ready", "ok": true, "clicks": 0, "robot_started": false}
READ_ONLY_DB_COPY {"label": "001-db-before", "rows": 480}
GUI_JOB {"action": "run", "folder": "002-1-run"}
WAIT_GUI {"seconds_remaining": 1320}
GUI_RESULT {"robot_exit": 0, "case_code": "W97K-JHU6-E27K-GE5S", "ok": true, "robot_started": true, "status": "robot-completed", "clicks": 1}
READ_ONLY_DB_COPY {"label": "001-db-after-0", "rows": 481}
AUTHORITATIVE_RESULT {"id": 481, "team_no": "202623001141", "problem_no": 3, "practice_run_no": 3727648742387309906, "case_code": "W97K-JHU6-E27K-GE5S", "entered": 1, "jammer_count": 15, "cleared_jammer_count": 15, "clear_failure_count": 0, "virtual_time_us": 3362021737, "end_reason": "user_exit", "created_at_ms": 1789256133145}
GUI_JOB {"action": "return", "folder": "003-1-return"}
WAIT_GUI {"seconds_remaining": 60}
GUI_RESULT {"status": "returned-to-practice", "ok": true, "clicks": 2, "robot_started": false}
SENSITIVITY_PROGRESS 302 742 screen 3 localization_weight=0.02 W97K-JHU6-E27K-GE5S 15 15
GUI_JOB {"action": "dry-run", "folder": "001-0-dry-run"}
WAIT_GUI {"seconds_remaining": 60}
GUI_RESULT {"status": "dry-run-ready", "ok": true, "clicks": 0, "robot_started": false}
READ_ONLY_DB_COPY {"label": "001-db-before", "rows": 481}
GUI_JOB {"action": "run", "folder": "002-1-run"}
WAIT_GUI {"seconds_remaining": 1320}
GUI_RESULT {"robot_exit": 0, "case_code": "6KTK-5ENW-UJWJ-97Y9", "ok": true, "robot_started": true, "status": "robot-completed", "clicks": 1}
READ_ONLY_DB_COPY {"label": "001-db-after-0", "rows": 482}
AUTHORITATIVE_RESULT {"id": 482, "team_no": "202623001141", "problem_no": 4, "practice_run_no": 4294290243980888997, "case_code": "6KTK-5ENW-UJWJ-97Y9", "entered": 1, "jammer_count": 10, "cleared_jammer_count": 10, "clear_failure_count": 0, "virtual_time_us": 6333330849, "end_reason": "user_exit", "created_at_ms": 1789256175454}
GUI_JOB {"action": "return", "folder": "003-1-return"}
WAIT_GUI {"seconds_remaining": 60}
GUI_RESULT {"status": "returned-to-practice", "ok": true, "clicks": 2, "robot_started": false}
SENSITIVITY_PROGRESS 303 742 screen 4 transverse_m=100 6KTK-5ENW-UJWJ-97Y9 10 10
GUI_JOB {"action": "dry-run", "folder": "001-0-dry-run"}
WAIT_GUI {"seconds_remaining": 60}
GUI_RESULT {"status": "dry-run-ready", "ok": true, "clicks": 0, "robot_started": false}
READ_ONLY_DB_COPY {"label": "001-db-before", "rows": 482}
GUI_JOB {"action": "run", "folder": "002-1-run"}
WAIT_GUI {"seconds_remaining": 1320}
GUI_RESULT {"robot_exit": 0, "case_code": "ZCW2-D6WY-T2BC-X67D", "ok": true, "robot_started": true, "status": "robot-completed", "clicks": 1}
READ_ONLY_DB_COPY {"label": "001-db-after-0", "rows": 483}
AUTHORITATIVE_RESULT {"id": 483, "team_no": "202623001141", "problem_no": 4, "practice_run_no": 7924899704316535629, "case_code": "ZCW2-D6WY-T2BC-X67D", "entered": 1, "jammer_count": 11, "cleared_jammer_count": 11, "clear_failure_count": 0, "virtual_time_us": 6416324136, "end_reason": "user_exit", "created_at_ms": 1789256223283}
GUI_JOB {"action": "return", "folder": "003-1-return"}
WAIT_GUI {"seconds_remaining": 60}
GUI_RESULT {"status": "returned-to-practice", "ok": true, "clicks": 2, "robot_started": false}
SENSITIVITY_PROGRESS 304 742 screen 4 pause_limit=8 ZCW2-D6WY-T2BC-X67D 11 11
GUI_JOB {"action": "dry-run", "folder": "001-0-dry-run"}
WAIT_GUI {"seconds_remaining": 60}
GUI_RESULT {"status": "dry-run-ready", "ok": true, "clicks": 0, "robot_started": false}
READ_ONLY_DB_COPY {"label": "001-db-before", "rows": 483}
GUI_JOB {"action": "run", "folder": "002-1-run"}
WAIT_GUI {"seconds_remaining": 1320}
GUI_RESULT {"robot_exit": 0, "case_code": "T36P-6JP9-N6A7-PK7Y", "ok": true, "robot_started": true, "status": "robot-completed", "clicks": 1}
READ_ONLY_DB_COPY {"label": "001-db-after-0", "rows": 484}
AUTHORITATIVE_RESULT {"id": 484, "team_no": "202623001141", "problem_no": 4, "practice_run_no": 3197906779553448972, "case_code": "T36P-6JP9-N6A7-PK7Y", "entered": 1, "jammer_count": 12, "cleared_jammer_count": 12, "clear_failure_count": 0, "virtual_time_us": 6232330948, "end_reason": "user_exit", "created_at_ms": 1789256273516}
GUI_JOB {"action": "return", "folder": "003-1-return"}
WAIT_GUI {"seconds_remaining": 60}
GUI_RESULT {"status": "returned-to-practice", "ok": true, "clicks": 2, "robot_started": false}
SENSITIVITY_PROGRESS 305 742 screen 4 fraction=0.5 T36P-6JP9-N6A7-PK7Y 12 12
GUI_JOB {"action": "dry-run", "folder": "001-0-dry-run"}
WAIT_GUI {"seconds_remaining": 60}
GUI_RESULT {"status": "dry-run-ready", "ok": true, "clicks": 0, "robot_started": false}
READ_ONLY_DB_COPY {"label": "001-db-before", "rows": 484}
GUI_JOB {"action": "run", "folder": "002-1-run"}
WAIT_GUI {"seconds_remaining": 1320}
GUI_RESULT {"robot_exit": 0, "case_code": "HV34-AE9N-BY3S-4KTZ", "ok": true, "robot_started": true, "status": "robot-completed", "clicks": 1}
READ_ONLY_DB_COPY {"label": "001-db-after-0", "rows": 485}
AUTHORITATIVE_RESULT {"id": 485, "team_no": "202623001141", "problem_no": 4, "practice_run_no": 2669739864401814216, "case_code": "HV34-AE9N-BY3S-4KTZ", "entered": 1, "jammer_count": 16, "cleared_jammer_count": 16, "clear_failure_count": 0, "virtual_time_us": 5589542999, "end_reason": "user_exit", "created_at_ms": 1789256324041}
GUI_JOB {"action": "return", "folder": "003-1-return"}
WAIT_GUI {"seconds_remaining": 60}
GUI_RESULT {"status": "returned-to-practice", "ok": true, "clicks": 2, "robot_started": false}
SENSITIVITY_PROGRESS 306 742 screen 4 pause_limit=4 HV34-AE9N-BY3S-4KTZ 16 16
GUI_JOB {"action": "dry-run", "folder": "001-0-dry-run"}
WAIT_GUI {"seconds_remaining": 60}
GUI_RESULT {"status": "dry-run-ready", "ok": true, "clicks": 0, "robot_started": false}
READ_ONLY_DB_COPY {"label": "001-db-before", "rows": 485}
GUI_JOB {"action": "run", "folder": "002-1-run"}
WAIT_GUI {"seconds_remaining": 1320}
GUI_RESULT {"robot_exit": 0, "case_code": "NQ7A-ADDA-95B4-XSZ4", "ok": true, "robot_started": true, "status": "robot-completed", "clicks": 1}
READ_ONLY_DB_COPY {"label": "001-db-after-0", "rows": 486}
AUTHORITATIVE_RESULT {"id": 486, "team_no": "202623001141", "problem_no": 3, "practice_run_no": 3716720910135801271, "case_code": "NQ7A-ADDA-95B4-XSZ4", "entered": 1, "jammer_count": 10, "cleared_jammer_count": 10, "clear_failure_count": 0, "virtual_time_us": 2804073846, "end_reason": "user_exit", "created_at_ms": 1789256368498}
GUI_JOB {"action": "return", "folder": "003-1-return"}
WAIT_GUI {"seconds_remaining": 60}
GUI_RESULT {"status": "returned-to-practice", "ok": true, "clicks": 2, "robot_started": false}
SENSITIVITY_PROGRESS 307 742 screen 3 share_limit=20 NQ7A-ADDA-95B4-XSZ4 10 10
GUI_JOB {"action": "dry-run", "folder": "001-0-dry-run"}
WAIT_GUI {"seconds_remaining": 60}
GUI_RESULT {"status": "dry-run-ready", "ok": true, "clicks": 0, "robot_started": false}
READ_ONLY_DB_COPY {"label": "001-db-before", "rows": 486}
GUI_JOB {"action": "run", "folder": "002-1-run"}
WAIT_GUI {"seconds_remaining": 1320}
GUI_RESULT {"robot_exit": 0, "case_code": "3ZN3-B3ZW-KXBD-JVQD", "ok": true, "robot_started": true, "status": "robot-completed", "clicks": 1}
READ_ONLY_DB_COPY {"label": "001-db-after-0", "rows": 487}
AUTHORITATIVE_RESULT {"id": 487, "team_no": "202623001141", "problem_no": 3, "practice_run_no": 1078950112669512467, "case_code": "3ZN3-B3ZW-KXBD-JVQD", "entered": 1, "jammer_count": 14, "cleared_jammer_count": 14, "clear_failure_count": 0, "virtual_time_us": 3318478528, "end_reason": "user_exit", "created_at_ms": 1789256410016}
GUI_JOB {"action": "return", "folder": "003-1-return"}
WAIT_GUI {"seconds_remaining": 60}
GUI_RESULT {"status": "returned-to-practice", "ok": true, "clicks": 2, "robot_started": false}
SENSITIVITY_PROGRESS 308 742 screen 3 localization_weight=0.32 3ZN3-B3ZW-KXBD-JVQD 14 14
GUI_JOB {"action": "dry-run", "folder": "001-0-dry-run"}
WAIT_GUI {"seconds_remaining": 60}
GUI_RESULT {"status": "dry-run-ready", "ok": true, "clicks": 0, "robot_started": false}
READ_ONLY_DB_COPY {"label": "001-db-before", "rows": 487}
GUI_JOB {"action": "run", "folder": "002-1-run"}
WAIT_GUI {"seconds_remaining": 1320}
GUI_RESULT {"robot_exit": 0, "case_code": "ZTU2-8D6T-XZKW-H84E", "ok": true, "robot_started": true, "status": "robot-completed", "clicks": 1}
READ_ONLY_DB_COPY {"label": "001-db-after-0", "rows": 488}
AUTHORITATIVE_RESULT {"id": 488, "team_no": "202623001141", "problem_no": 4, "practice_run_no": 4947273626350958348, "case_code": "ZTU2-8D6T-XZKW-H84E", "entered": 1, "jammer_count": 10, "cleared_jammer_count": 10, "clear_failure_count": 1, "virtual_time_us": 5941576812, "end_reason": "user_exit", "created_at_ms": 1789256452644}
GUI_JOB {"action": "return", "folder": "003-1-return"}
WAIT_GUI {"seconds_remaining": 60}
GUI_RESULT {"status": "returned-to-practice", "ok": true, "clicks": 2, "robot_started": false}
SENSITIVITY_PROGRESS 309 742 screen 4 trial_radius=50 ZTU2-8D6T-XZKW-H84E 10 10
GUI_JOB {"action": "dry-run", "folder": "001-0-dry-run"}
WAIT_GUI {"seconds_remaining": 60}
GUI_RESULT {"status": "dry-run-ready", "ok": true, "clicks": 0, "robot_started": false}
READ_ONLY_DB_COPY {"label": "001-db-before", "rows": 488}
GUI_JOB {"action": "run", "folder": "002-1-run"}
WAIT_GUI {"seconds_remaining": 1320}
GUI_RESULT {"robot_exit": 0, "case_code": "4ENU-P5FE-S7Q5-6TPV", "ok": true, "robot_started": true, "status": "robot-completed", "clicks": 1}
READ_ONLY_DB_COPY {"label": "001-db-after-0", "rows": 489}
AUTHORITATIVE_RESULT {"id": 489, "team_no": "202623001141", "problem_no": 4, "practice_run_no": 3558135109165945126, "case_code": "4ENU-P5FE-S7Q5-6TPV", "entered": 1, "jammer_count": 10, "cleared_jammer_count": 10, "clear_failure_count": 21, "virtual_time_us": 7023006567, "end_reason": "user_exit", "created_at_ms": 1789256500938}
GUI_JOB {"action": "return", "folder": "003-1-return"}
WAIT_GUI {"seconds_remaining": 60}
GUI_RESULT {"status": "returned-to-practice", "ok": true, "clicks": 2, "robot_started": false}
SENSITIVITY_PROGRESS 310 742 screen 4 steps=1 4ENU-P5FE-S7Q5-6TPV 10 10
GUI_JOB {"action": "dry-run", "folder": "001-0-dry-run"}
WAIT_GUI {"seconds_remaining": 60}
GUI_RESULT {"status": "dry-run-ready", "ok": true, "clicks": 0, "robot_started": false}
READ_ONLY_DB_COPY {"label": "001-db-before", "rows": 489}
GUI_JOB {"action": "run", "folder": "002-1-run"}
WAIT_GUI {"seconds_remaining": 1320}
GUI_RESULT {"robot_exit": 0, "case_code": "TSSR-PXBN-U8SM-KN5E", "ok": true, "robot_started": true, "status": "robot-completed", "clicks": 1}
READ_ONLY_DB_COPY {"label": "001-db-after-0", "rows": 490}
AUTHORITATIVE_RESULT {"id": 490, "team_no": "202623001141", "problem_no": 4, "practice_run_no": 3385426760136027301, "case_code": "TSSR-PXBN-U8SM-KN5E", "entered": 1, "jammer_count": 12, "cleared_jammer_count": 12, "clear_failure_count": 0, "virtual_time_us": 6311282820, "end_reason": "user_exit", "created_at_ms": 1789256551707}
GUI_JOB {"action": "return", "folder": "003-1-return"}
WAIT_GUI {"seconds_remaining": 60}
GUI_RESULT {"status": "returned-to-practice", "ok": true, "clicks": 2, "robot_started": false}
SENSITIVITY_PROGRESS 311 742 screen 4 share_cooldown=800 TSSR-PXBN-U8SM-KN5E 12 12
GUI_JOB {"action": "dry-run", "folder": "001-0-dry-run"}
WAIT_GUI {"seconds_remaining": 60}
GUI_RESULT {"status": "dry-run-ready", "ok": true, "clicks": 0, "robot_started": false}
READ_ONLY_DB_COPY {"label": "001-db-before", "rows": 490}
GUI_JOB {"action": "run", "folder": "002-1-run"}
WAIT_GUI {"seconds_remaining": 1320}
GUI_RESULT {"robot_exit": 0, "case_code": "K23Q-43Z9-SWCQ-72KV", "ok": true, "robot_started": true, "status": "robot-completed", "clicks": 1}
READ_ONLY_DB_COPY {"label": "001-db-after-0", "rows": 491}
AUTHORITATIVE_RESULT {"id": 491, "team_no": "202623001141", "problem_no": 4, "practice_run_no": 7403866690430320755, "case_code": "K23Q-43Z9-SWCQ-72KV", "entered": 1, "jammer_count": 13, "cleared_jammer_count": 13, "clear_failure_count": 0, "virtual_time_us": 6625895387, "end_reason": "user_exit", "created_at_ms": 1789256599072}
GUI_JOB {"action": "return", "folder": "003-1-return"}
WAIT_GUI {"seconds_remaining": 60}
GUI_RESULT {"status": "returned-to-practice", "ok": true, "clicks": 2, "robot_started": false}
SENSITIVITY_PROGRESS 312 742 screen 4 transverse_m=10 K23Q-43Z9-SWCQ-72KV 13 13
GUI_JOB {"action": "dry-run", "folder": "001-0-dry-run"}
WAIT_GUI {"seconds_remaining": 60}
GUI_RESULT {"status": "dry-run-ready", "ok": true, "clicks": 0, "robot_started": false}
READ_ONLY_DB_COPY {"label": "001-db-before", "rows": 491}
GUI_JOB {"action": "run", "folder": "002-1-run"}
WAIT_GUI {"seconds_remaining": 1320}
GUI_RESULT {"robot_exit": 0, "case_code": "Y9KP-WSV5-CZYW-9ZB9", "ok": true, "robot_started": true, "status": "robot-completed", "clicks": 1}
READ_ONLY_DB_COPY {"label": "001-db-after-0", "rows": 492}
AUTHORITATIVE_RESULT {"id": 492, "team_no": "202623001141", "problem_no": 4, "practice_run_no": 4609769806134822334, "case_code": "Y9KP-WSV5-CZYW-9ZB9", "entered": 1, "jammer_count": 11, "cleared_jammer_count": 11, "clear_failure_count": 0, "virtual_time_us": 7221742303, "end_reason": "user_exit", "created_at_ms": 1789256646917}
GUI_JOB {"action": "return", "folder": "003-1-return"}
WAIT_GUI {"seconds_remaining": 60}
GUI_RESULT {"status": "returned-to-practice", "ok": true, "clicks": 2, "robot_started": false}
SENSITIVITY_PROGRESS 313 742 screen 4 baseline Y9KP-WSV5-CZYW-9ZB9 11 11
GUI_JOB {"action": "dry-run", "folder": "001-0-dry-run"}
WAIT_GUI {"seconds_remaining": 60}
GUI_RESULT {"status": "dry-run-ready", "ok": true, "clicks": 0, "robot_started": false}
READ_ONLY_DB_COPY {"label": "001-db-before", "rows": 492}
GUI_JOB {"action": "run", "folder": "002-1-run"}
WAIT_GUI {"seconds_remaining": 1320}
GUI_RESULT {"robot_exit": 0, "case_code": "U6BY-XZWW-YWW7-N5XM", "ok": true, "robot_started": true, "status": "robot-completed", "clicks": 1}
READ_ONLY_DB_COPY {"label": "001-db-after-0", "rows": 493}
AUTHORITATIVE_RESULT {"id": 493, "team_no": "202623001141", "problem_no": 3, "practice_run_no": 8436982623545168679, "case_code": "U6BY-XZWW-YWW7-N5XM", "entered": 1, "jammer_count": 10, "cleared_jammer_count": 10, "clear_failure_count": 1, "virtual_time_us": 3248221966, "end_reason": "user_exit", "created_at_ms": 1789256696131}
GUI_JOB {"action": "return", "folder": "003-1-return"}
WAIT_GUI {"seconds_remaining": 60}
GUI_RESULT {"status": "returned-to-practice", "ok": true, "clicks": 2, "robot_started": false}
SENSITIVITY_PROGRESS 314 742 screen 3 remainder_weight=1 U6BY-XZWW-YWW7-N5XM 10 10
GUI_JOB {"action": "dry-run", "folder": "001-0-dry-run"}
WAIT_GUI {"seconds_remaining": 60}
GUI_RESULT {"status": "dry-run-ready", "ok": true, "clicks": 0, "robot_started": false}
READ_ONLY_DB_COPY {"label": "001-db-before", "rows": 493}
GUI_JOB {"action": "run", "folder": "002-1-run"}
WAIT_GUI {"seconds_remaining": 1320}
GUI_RESULT {"robot_exit": 0, "case_code": "BTG3-YNW3-QK5K-VSR8", "ok": true, "robot_started": true, "status": "robot-completed", "clicks": 1}
READ_ONLY_DB_COPY {"label": "001-db-after-0", "rows": 494}
AUTHORITATIVE_RESULT {"id": 494, "team_no": "202623001141", "problem_no": 4, "practice_run_no": 4323835908630126607, "case_code": "BTG3-YNW3-QK5K-VSR8", "entered": 1, "jammer_count": 11, "cleared_jammer_count": 11, "clear_failure_count": 0, "virtual_time_us": 6073893015, "end_reason": "user_exit", "created_at_ms": 1789256739558}
GUI_JOB {"action": "return", "folder": "003-1-return"}
WAIT_GUI {"seconds_remaining": 60}
GUI_RESULT {"status": "returned-to-practice", "ok": true, "clicks": 2, "robot_started": false}
SENSITIVITY_PROGRESS 315 742 screen 4 pause_limit=0 BTG3-YNW3-QK5K-VSR8 11 11
GUI_JOB {"action": "dry-run", "folder": "001-0-dry-run"}
WAIT_GUI {"seconds_remaining": 60}
GUI_RESULT {"status": "dry-run-ready", "ok": true, "clicks": 0, "robot_started": false}
READ_ONLY_DB_COPY {"label": "001-db-before", "rows": 494}
GUI_JOB {"action": "run", "folder": "002-1-run"}
WAIT_GUI {"seconds_remaining": 1320}
GUI_RESULT {"robot_exit": 0, "case_code": "9GCR-Z93W-DFXA-3VRK", "ok": true, "robot_started": true, "status": "robot-completed", "clicks": 1}
READ_ONLY_DB_COPY {"label": "001-db-after-0", "rows": 495}
AUTHORITATIVE_RESULT {"id": 495, "team_no": "202623001141", "problem_no": 4, "practice_run_no": 5211861224837995256, "case_code": "9GCR-Z93W-DFXA-3VRK", "entered": 1, "jammer_count": 12, "cleared_jammer_count": 12, "clear_failure_count": 0, "virtual_time_us": 5526317289, "end_reason": "user_exit", "created_at_ms": 1789256788641}
GUI_JOB {"action": "return", "folder": "003-1-return"}
WAIT_GUI {"seconds_remaining": 60}
GUI_RESULT {"status": "returned-to-practice", "ok": true, "clicks": 2, "robot_started": false}
SENSITIVITY_PROGRESS 316 742 screen 4 share_cooldown=0 9GCR-Z93W-DFXA-3VRK 12 12
GUI_JOB {"action": "dry-run", "folder": "001-0-dry-run"}
WAIT_GUI {"seconds_remaining": 60}
GUI_RESULT {"status": "dry-run-ready", "ok": true, "clicks": 0, "robot_started": false}
READ_ONLY_DB_COPY {"label": "001-db-before", "rows": 495}
GUI_JOB {"action": "run", "folder": "002-1-run"}
WAIT_GUI {"seconds_remaining": 1320}
GUI_RESULT {"robot_exit": 0, "case_code": "HQ7Z-PBBG-45MU-CVSH", "ok": true, "robot_started": true, "status": "robot-completed", "clicks": 1}
READ_ONLY_DB_COPY {"label": "001-db-after-0", "rows": 496}
AUTHORITATIVE_RESULT {"id": 496, "team_no": "202623001141", "problem_no": 4, "practice_run_no": 1651620639522989397, "case_code": "HQ7Z-PBBG-45MU-CVSH", "entered": 1, "jammer_count": 16, "cleared_jammer_count": 16, "clear_failure_count": 0, "virtual_time_us": 6352966308, "end_reason": "user_exit", "created_at_ms": 1789256835217}
GUI_JOB {"action": "return", "folder": "003-1-return"}
WAIT_GUI {"seconds_remaining": 60}
GUI_RESULT {"status": "returned-to-practice", "ok": true, "clicks": 2, "robot_started": false}
SENSITIVITY_PROGRESS 317 742 screen 4 steps=3 HQ7Z-PBBG-45MU-CVSH 16 16
GUI_JOB {"action": "dry-run", "folder": "001-0-dry-run"}
WAIT_GUI {"seconds_remaining": 60}
GUI_RESULT {"status": "dry-run-ready", "ok": true, "clicks": 0, "robot_started": false}
READ_ONLY_DB_COPY {"label": "001-db-before", "rows": 496}
GUI_JOB {"action": "run", "folder": "002-1-run"}
WAIT_GUI {"seconds_remaining": 1320}
GUI_RESULT {"robot_exit": 0, "case_code": "R92D-T4TS-EFAP-EYCF", "ok": true, "robot_started": true, "status": "robot-completed", "clicks": 1}
READ_ONLY_DB_COPY {"label": "001-db-after-0", "rows": 497}
AUTHORITATIVE_RESULT {"id": 497, "team_no": "202623001141", "problem_no": 3, "practice_run_no": 1225909430697515571, "case_code": "R92D-T4TS-EFAP-EYCF", "entered": 1, "jammer_count": 14, "cleared_jammer_count": 14, "clear_failure_count": 0, "virtual_time_us": 3401061497, "end_reason": "user_exit", "created_at_ms": 1789256881782}
GUI_JOB {"action": "return", "folder": "003-1-return"}
WAIT_GUI {"seconds_remaining": 60}
GUI_RESULT {"status": "returned-to-practice", "ok": true, "clicks": 2, "robot_started": false}
SENSITIVITY_PROGRESS 318 742 screen 3 share_limit=2 R92D-T4TS-EFAP-EYCF 14 14
GUI_JOB {"action": "dry-run", "folder": "001-0-dry-run"}
WAIT_GUI {"seconds_remaining": 60}
GUI_RESULT {"status": "dry-run-ready", "ok": true, "clicks": 0, "robot_started": false}
READ_ONLY_DB_COPY {"label": "001-db-before", "rows": 497}
GUI_JOB {"action": "run", "folder": "002-1-run"}
WAIT_GUI {"seconds_remaining": 1320}
GUI_RESULT {"robot_exit": 0, "case_code": "JAFG-HYA4-TEHC-ZJKJ", "ok": true, "robot_started": true, "status": "robot-completed", "clicks": 1}
READ_ONLY_DB_COPY {"label": "001-db-after-0", "rows": 498}
AUTHORITATIVE_RESULT {"id": 498, "team_no": "202623001141", "problem_no": 4, "practice_run_no": 5299783189808962810, "case_code": "JAFG-HYA4-TEHC-ZJKJ", "entered": 1, "jammer_count": 14, "cleared_jammer_count": 14, "clear_failure_count": 0, "virtual_time_us": 6471193582, "end_reason": "user_exit", "created_at_ms": 1789256924520}
GUI_JOB {"action": "return", "folder": "003-1-return"}
WAIT_GUI {"seconds_remaining": 60}
GUI_RESULT {"status": "returned-to-practice", "ok": true, "clicks": 2, "robot_started": false}
SENSITIVITY_PROGRESS 319 742 screen 4 transverse_m=20 JAFG-HYA4-TEHC-ZJKJ 14 14
GUI_JOB {"action": "dry-run", "folder": "001-0-dry-run"}
WAIT_GUI {"seconds_remaining": 60}
GUI_RESULT {"status": "dry-run-ready", "ok": true, "clicks": 0, "robot_started": false}
READ_ONLY_DB_COPY {"label": "001-db-before", "rows": 498}
GUI_JOB {"action": "run", "folder": "002-1-run"}
WAIT_GUI {"seconds_remaining": 1320}
GUI_RESULT {"robot_exit": 0, "case_code": "RNCN-8NAV-VT7C-ZJHJ", "ok": true, "robot_started": true, "status": "robot-completed", "clicks": 1}
READ_ONLY_DB_COPY {"label": "001-db-after-0", "rows": 499}
AUTHORITATIVE_RESULT {"id": 499, "team_no": "202623001141", "problem_no": 4, "practice_run_no": 1311145537996047555, "case_code": "RNCN-8NAV-VT7C-ZJHJ", "entered": 1, "jammer_count": 16, "cleared_jammer_count": 16, "clear_failure_count": 0, "virtual_time_us": 5296361438, "end_reason": "user_exit", "created_at_ms": 1789256972216}
GUI_JOB {"action": "return", "folder": "003-1-return"}
WAIT_GUI {"seconds_remaining": 60}
GUI_RESULT {"status": "returned-to-practice", "ok": true, "clicks": 2, "robot_started": false}
SENSITIVITY_PROGRESS 320 742 screen 4 share_limit=0 RNCN-8NAV-VT7C-ZJHJ 16 16
GUI_JOB {"action": "dry-run", "folder": "001-0-dry-run"}
WAIT_GUI {"seconds_remaining": 60}
GUI_RESULT {"status": "dry-run-ready", "ok": true, "clicks": 0, "robot_started": false}
READ_ONLY_DB_COPY {"label": "001-db-before", "rows": 499}
GUI_JOB {"action": "run", "folder": "002-1-run"}
WAIT_GUI {"seconds_remaining": 1320}
GUI_RESULT {"robot_exit": 0, "case_code": "V8RH-2J2Y-E2GX-UURM", "ok": true, "robot_started": true, "status": "robot-completed", "clicks": 1}
READ_ONLY_DB_COPY {"label": "001-db-after-0", "rows": 500}
AUTHORITATIVE_RESULT {"id": 500, "team_no": "202623001141", "problem_no": 4, "practice_run_no": 8060747618027359351, "case_code": "V8RH-2J2Y-E2GX-UURM", "entered": 1, "jammer_count": 12, "cleared_jammer_count": 12, "clear_failure_count": 1, "virtual_time_us": 6645847051, "end_reason": "user_exit", "created_at_ms": 1789257016926}
GUI_JOB {"action": "return", "folder": "003-1-return"}
WAIT_GUI {"seconds_remaining": 60}
GUI_RESULT {"status": "returned-to-practice", "ok": true, "clicks": 2, "robot_started": false}
SENSITIVITY_PROGRESS 321 742 screen 4 steps=2 V8RH-2J2Y-E2GX-UURM 12 12
GUI_JOB {"action": "dry-run", "folder": "001-0-dry-run"}
WAIT_GUI {"seconds_remaining": 60}
GUI_RESULT {"status": "dry-run-ready", "ok": true, "clicks": 0, "robot_started": false}
READ_ONLY_DB_COPY {"label": "001-db-before", "rows": 500}
GUI_JOB {"action": "run", "folder": "002-1-run"}
WAIT_GUI {"seconds_remaining": 1320}
GUI_RESULT {"robot_exit": 0, "case_code": "V8HD-JRM6-4TCX-PYXT", "ok": true, "robot_started": true, "status": "robot-completed", "clicks": 1}
READ_ONLY_DB_COPY {"label": "001-db-after-0", "rows": 501}
AUTHORITATIVE_RESULT {"id": 501, "team_no": "202623001141", "problem_no": 4, "practice_run_no": 2625561114699984564, "case_code": "V8HD-JRM6-4TCX-PYXT", "entered": 1, "jammer_count": 10, "cleared_jammer_count": 10, "clear_failure_count": 0, "virtual_time_us": 5825802254, "end_reason": "user_exit", "created_at_ms": 1789257064668}
GUI_JOB {"action": "return", "folder": "003-1-return"}
WAIT_GUI {"seconds_remaining": 60}
GUI_RESULT {"status": "returned-to-practice", "ok": true, "clicks": 2, "robot_started": false}
SENSITIVITY_PROGRESS 322 742 screen 4 trial_radius=80 V8HD-JRM6-4TCX-PYXT 10 10
GUI_JOB {"action": "dry-run", "folder": "001-0-dry-run"}
WAIT_GUI {"seconds_remaining": 60}
GUI_RESULT {"status": "dry-run-ready", "ok": true, "clicks": 0, "robot_started": false}
READ_ONLY_DB_COPY {"label": "001-db-before", "rows": 501}
GUI_JOB {"action": "run", "folder": "002-1-run"}
WAIT_GUI {"seconds_remaining": 1320}
GUI_RESULT {"robot_exit": 0, "case_code": "65KZ-2RFY-M25Z-ERDR", "ok": true, "robot_started": true, "status": "robot-completed", "clicks": 1}
READ_ONLY_DB_COPY {"label": "001-db-after-0", "rows": 502}
AUTHORITATIVE_RESULT {"id": 502, "team_no": "202623001141", "problem_no": 3, "practice_run_no": 6919600341091978589, "case_code": "65KZ-2RFY-M25Z-ERDR", "entered": 1, "jammer_count": 12, "cleared_jammer_count": 12, "clear_failure_count": 0, "virtual_time_us": 3268481551, "end_reason": "user_exit", "created_at_ms": 1789257112963}
GUI_JOB {"action": "return", "folder": "003-1-return"}
WAIT_GUI {"seconds_remaining": 60}
GUI_RESULT {"status": "returned-to-practice", "ok": true, "clicks": 2, "robot_started": false}
SENSITIVITY_PROGRESS 323 742 screen 3 share_limit=0 65KZ-2RFY-M25Z-ERDR 12 12
GUI_JOB {"action": "dry-run", "folder": "001-0-dry-run"}
WAIT_GUI {"seconds_remaining": 60}
GUI_RESULT {"status": "dry-run-ready", "ok": true, "clicks": 0, "robot_started": false}
READ_ONLY_DB_COPY {"label": "001-db-before", "rows": 502}
GUI_JOB {"action": "run", "folder": "002-1-run"}
WAIT_GUI {"seconds_remaining": 1320}
GUI_RESULT {"robot_exit": 0, "case_code": "GSK4-S8XV-8245-2E8Q", "ok": true, "robot_started": true, "status": "robot-completed", "clicks": 1}
READ_ONLY_DB_COPY {"label": "001-db-after-0", "rows": 503}
AUTHORITATIVE_RESULT {"id": 503, "team_no": "202623001141", "problem_no": 3, "practice_run_no": 6049923737621234902, "case_code": "GSK4-S8XV-8245-2E8Q", "entered": 1, "jammer_count": 10, "cleared_jammer_count": 10, "clear_failure_count": 0, "virtual_time_us": 3030686485, "end_reason": "user_exit", "created_at_ms": 1789257154081}
GUI_JOB {"action": "return", "folder": "003-1-return"}
WAIT_GUI {"seconds_remaining": 60}
GUI_RESULT {"status": "returned-to-practice", "ok": true, "clicks": 2, "robot_started": false}
SENSITIVITY_PROGRESS 324 742 screen 3 remainder_weight=0.5 GSK4-S8XV-8245-2E8Q 10 10
GUI_JOB {"action": "dry-run", "folder": "001-0-dry-run"}
WAIT_GUI {"seconds_remaining": 60}
GUI_RESULT {"status": "dry-run-ready", "ok": true, "clicks": 0, "robot_started": false}
READ_ONLY_DB_COPY {"label": "001-db-before", "rows": 503}
GUI_JOB {"action": "run", "folder": "002-1-run"}
WAIT_GUI {"seconds_remaining": 1320}
GUI_RESULT {"robot_exit": 0, "case_code": "Z3C9-U5UU-VQMR-YZ7Z", "ok": true, "robot_started": true, "status": "robot-completed", "clicks": 1}
READ_ONLY_DB_COPY {"label": "001-db-after-0", "rows": 504}
AUTHORITATIVE_RESULT {"id": 504, "team_no": "202623001141", "problem_no": 3, "practice_run_no": 2749885539651573809, "case_code": "Z3C9-U5UU-VQMR-YZ7Z", "entered": 1, "jammer_count": 10, "cleared_jammer_count": 10, "clear_failure_count": 0, "virtual_time_us": 2897353665, "end_reason": "user_exit", "created_at_ms": 1789257196735}
GUI_JOB {"action": "return", "folder": "003-1-return"}
WAIT_GUI {"seconds_remaining": 60}
GUI_RESULT {"status": "returned-to-practice", "ok": true, "clicks": 2, "robot_started": false}
SENSITIVITY_PROGRESS 325 742 screen 3 max_active=2 Z3C9-U5UU-VQMR-YZ7Z 10 10
GUI_JOB {"action": "dry-run", "folder": "001-0-dry-run"}
WAIT_GUI {"seconds_remaining": 60}
GUI_RESULT {"status": "dry-run-ready", "ok": true, "clicks": 0, "robot_started": false}
READ_ONLY_DB_COPY {"label": "001-db-before", "rows": 504}
GUI_JOB {"action": "run", "folder": "002-1-run"}
WAIT_GUI {"seconds_remaining": 1320}
GUI_RESULT {"robot_exit": 0, "case_code": "MVQV-KAFZ-MQ8J-QP59", "ok": true, "robot_started": true, "status": "robot-completed", "clicks": 1}
READ_ONLY_DB_COPY {"label": "001-db-after-0", "rows": 505}
AUTHORITATIVE_RESULT {"id": 505, "team_no": "202623001141", "problem_no": 4, "practice_run_no": 4776645213479989603, "case_code": "MVQV-KAFZ-MQ8J-QP59", "entered": 1, "jammer_count": 10, "cleared_jammer_count": 10, "clear_failure_count": 1, "virtual_time_us": 6500796121, "end_reason": "user_exit", "created_at_ms": 1789257240311}
GUI_JOB {"action": "return", "folder": "003-1-return"}
WAIT_GUI {"seconds_remaining": 60}
GUI_RESULT {"status": "returned-to-practice", "ok": true, "clicks": 2, "robot_started": false}
SENSITIVITY_PROGRESS 326 742 screen 4 steps=4 MVQV-KAFZ-MQ8J-QP59 10 10
GUI_JOB {"action": "dry-run", "folder": "001-0-dry-run"}
WAIT_GUI {"seconds_remaining": 60}
GUI_RESULT {"status": "dry-run-ready", "ok": true, "clicks": 0, "robot_started": false}
READ_ONLY_DB_COPY {"label": "001-db-before", "rows": 505}
GUI_JOB {"action": "run", "folder": "002-1-run"}
WAIT_GUI {"seconds_remaining": 1320}
GUI_RESULT {"robot_exit": 0, "case_code": "SG9J-NYRU-EXHM-CWAK", "ok": true, "robot_started": true, "status": "robot-completed", "clicks": 1}
READ_ONLY_DB_COPY {"label": "001-db-after-0", "rows": 506}
AUTHORITATIVE_RESULT {"id": 506, "team_no": "202623001141", "problem_no": 3, "practice_run_no": 3264709077949330477, "case_code": "SG9J-NYRU-EXHM-CWAK", "entered": 1, "jammer_count": 11, "cleared_jammer_count": 11, "clear_failure_count": 0, "virtual_time_us": 2952650998, "end_reason": "user_exit", "created_at_ms": 1789257290207}
GUI_JOB {"action": "return", "folder": "003-1-return"}
WAIT_GUI {"seconds_remaining": 60}
GUI_RESULT {"status": "returned-to-practice", "ok": true, "clicks": 2, "robot_started": false}
SENSITIVITY_PROGRESS 327 742 screen 3 trial_radius=20 SG9J-NYRU-EXHM-CWAK 11 11
GUI_JOB {"action": "dry-run", "folder": "001-0-dry-run"}
WAIT_GUI {"seconds_remaining": 60}
GUI_RESULT {"status": "dry-run-ready", "ok": true, "clicks": 0, "robot_started": false}
READ_ONLY_DB_COPY {"label": "001-db-before", "rows": 506}
GUI_JOB {"action": "run", "folder": "002-1-run"}
WAIT_GUI {"seconds_remaining": 1320}
GUI_RESULT {"robot_exit": 0, "case_code": "AEPP-UTZ2-N9BH-S24E", "ok": true, "robot_started": true, "status": "robot-completed", "clicks": 1}
READ_ONLY_DB_COPY {"label": "001-db-after-0", "rows": 507}
AUTHORITATIVE_RESULT {"id": 507, "team_no": "202623001141", "problem_no": 4, "practice_run_no": 8946519319403854920, "case_code": "AEPP-UTZ2-N9BH-S24E", "entered": 1, "jammer_count": 16, "cleared_jammer_count": 16, "clear_failure_count": 0, "virtual_time_us": 5626564515, "end_reason": "user_exit", "created_at_ms": 1789257332894}
GUI_JOB {"action": "return", "folder": "003-1-return"}
WAIT_GUI {"seconds_remaining": 60}
GUI_RESULT {"status": "returned-to-practice", "ok": true, "clicks": 2, "robot_started": false}
SENSITIVITY_PROGRESS 328 742 screen 4 share_limit=2 AEPP-UTZ2-N9BH-S24E 16 16
GUI_JOB {"action": "dry-run", "folder": "001-0-dry-run"}
WAIT_GUI {"seconds_remaining": 60}
GUI_RESULT {"status": "dry-run-ready", "ok": true, "clicks": 0, "robot_started": false}
READ_ONLY_DB_COPY {"label": "001-db-before", "rows": 507}
GUI_JOB {"action": "run", "folder": "002-1-run"}
WAIT_GUI {"seconds_remaining": 1320}
GUI_RESULT {"robot_exit": 0, "case_code": "DG4H-MHK7-7T5R-ZT9X", "ok": true, "robot_started": true, "status": "robot-completed", "clicks": 1}
READ_ONLY_DB_COPY {"label": "001-db-after-0", "rows": 508}
AUTHORITATIVE_RESULT {"id": 508, "team_no": "202623001141", "problem_no": 4, "practice_run_no": 7656188396953162987, "case_code": "DG4H-MHK7-7T5R-ZT9X", "entered": 1, "jammer_count": 11, "cleared_jammer_count": 11, "clear_failure_count": 0, "virtual_time_us": 5959141181, "end_reason": "user_exit", "created_at_ms": 1789257379465}
GUI_JOB {"action": "return", "folder": "003-1-return"}
WAIT_GUI {"seconds_remaining": 60}
GUI_RESULT {"status": "returned-to-practice", "ok": true, "clicks": 2, "robot_started": false}
SENSITIVITY_PROGRESS 329 742 screen 4 trial_radius=65 DG4H-MHK7-7T5R-ZT9X 11 11
GUI_JOB {"action": "dry-run", "folder": "001-0-dry-run"}
WAIT_GUI {"seconds_remaining": 60}
GUI_RESULT {"status": "dry-run-ready", "ok": true, "clicks": 0, "robot_started": false}
READ_ONLY_DB_COPY {"label": "001-db-before", "rows": 508}
GUI_JOB {"action": "run", "folder": "002-1-run"}
WAIT_GUI {"seconds_remaining": 1320}
GUI_RESULT {"robot_exit": 0, "case_code": "KAJ5-VJEG-ZTVU-CZF2", "ok": true, "robot_started": true, "status": "robot-completed", "clicks": 1}
READ_ONLY_DB_COPY {"label": "001-db-after-0", "rows": 509}
AUTHORITATIVE_RESULT {"id": 509, "team_no": "202623001141", "problem_no": 3, "practice_run_no": 2148521862831917712, "case_code": "KAJ5-VJEG-ZTVU-CZF2", "entered": 1, "jammer_count": 11, "cleared_jammer_count": 11, "clear_failure_count": 0, "virtual_time_us": 3323687829, "end_reason": "user_exit", "created_at_ms": 1789257428723}
GUI_JOB {"action": "return", "folder": "003-1-return"}
WAIT_GUI {"seconds_remaining": 60}
GUI_RESULT {"status": "returned-to-practice", "ok": true, "clicks": 2, "robot_started": false}
SENSITIVITY_PROGRESS 330 742 screen 3 baseline KAJ5-VJEG-ZTVU-CZF2 11 11
GUI_JOB {"action": "dry-run", "folder": "001-0-dry-run"}
WAIT_GUI {"seconds_remaining": 60}
GUI_RESULT {"status": "dry-run-ready", "ok": true, "clicks": 0, "robot_started": false}
READ_ONLY_DB_COPY {"label": "001-db-before", "rows": 509}
GUI_JOB {"action": "run", "folder": "002-1-run"}
WAIT_GUI {"seconds_remaining": 1320}
GUI_RESULT {"robot_exit": 0, "case_code": "BGXJ-XBT4-V5UP-JD2Z", "ok": true, "robot_started": true, "status": "robot-completed", "clicks": 1}
READ_ONLY_DB_COPY {"label": "001-db-after-0", "rows": 510}
AUTHORITATIVE_RESULT {"id": 510, "team_no": "202623001141", "problem_no": 3, "practice_run_no": 4291111091998572285, "case_code": "BGXJ-XBT4-V5UP-JD2Z", "entered": 1, "jammer_count": 16, "cleared_jammer_count": 16, "clear_failure_count": 9, "virtual_time_us": 3552400488, "end_reason": "user_exit", "created_at_ms": 1789257471103}
GUI_JOB {"action": "return", "folder": "003-1-return"}
WAIT_GUI {"seconds_remaining": 60}
GUI_RESULT {"status": "returned-to-practice", "ok": true, "clicks": 2, "robot_started": false}
SENSITIVITY_PROGRESS 331 742 screen 3 max_active=1 BGXJ-XBT4-V5UP-JD2Z 16 16
GUI_JOB {"action": "dry-run", "folder": "001-0-dry-run"}
WAIT_GUI {"seconds_remaining": 60}
GUI_RESULT {"status": "dry-run-ready", "ok": true, "clicks": 0, "robot_started": false}
READ_ONLY_DB_COPY {"label": "001-db-before", "rows": 510}
GUI_JOB {"action": "run", "folder": "002-1-run"}
WAIT_GUI {"seconds_remaining": 1320}
GUI_RESULT {"robot_exit": 0, "case_code": "2QY2-89UC-CANR-ZPXN", "ok": true, "robot_started": true, "status": "robot-completed", "clicks": 1}
READ_ONLY_DB_COPY {"label": "001-db-after-0", "rows": 511}
AUTHORITATIVE_RESULT {"id": 511, "team_no": "202623001141", "problem_no": 4, "practice_run_no": 2001648902840849758, "case_code": "2QY2-89UC-CANR-ZPXN", "entered": 1, "jammer_count": 10, "cleared_jammer_count": 10, "clear_failure_count": 0, "virtual_time_us": 6561300685, "end_reason": "user_exit", "created_at_ms": 1789257514683}
GUI_JOB {"action": "return", "folder": "003-1-return"}
WAIT_GUI {"seconds_remaining": 60}
GUI_RESULT {"status": "returned-to-practice", "ok": true, "clicks": 2, "robot_started": false}
SENSITIVITY_PROGRESS 332 742 screen 4 share_cooldown=50 2QY2-89UC-CANR-ZPXN 10 10
GUI_JOB {"action": "dry-run", "folder": "001-0-dry-run"}
WAIT_GUI {"seconds_remaining": 60}
GUI_RESULT {"status": "dry-run-ready", "ok": true, "clicks": 0, "robot_started": false}
READ_ONLY_DB_COPY {"label": "001-db-before", "rows": 511}
GUI_JOB {"action": "run", "folder": "002-1-run"}
WAIT_GUI {"seconds_remaining": 1320}
GUI_RESULT {"robot_exit": 0, "case_code": "ZFPP-VAEM-SUPW-GKYB", "ok": true, "robot_started": true, "status": "robot-completed", "clicks": 1}
READ_ONLY_DB_COPY {"label": "001-db-after-0", "rows": 512}
AUTHORITATIVE_RESULT {"id": 512, "team_no": "202623001141", "problem_no": 3, "practice_run_no": 4312376712259750103, "case_code": "ZFPP-VAEM-SUPW-GKYB", "entered": 1, "jammer_count": 10, "cleared_jammer_count": 10, "clear_failure_count": 1, "virtual_time_us": 3220103556, "end_reason": "user_exit", "created_at_ms": 1789257566507}
GUI_JOB {"action": "return", "folder": "003-1-return"}
WAIT_GUI {"seconds_remaining": 60}
GUI_RESULT {"status": "returned-to-practice", "ok": true, "clicks": 2, "robot_started": false}
SENSITIVITY_PROGRESS 333 742 screen 3 remainder_weight=2 ZFPP-VAEM-SUPW-GKYB 10 10
GUI_JOB {"action": "dry-run", "folder": "001-0-dry-run"}
WAIT_GUI {"seconds_remaining": 60}
GUI_RESULT {"status": "dry-run-ready", "ok": true, "clicks": 0, "robot_started": false}
READ_ONLY_DB_COPY {"label": "001-db-before", "rows": 512}
GUI_JOB {"action": "run", "folder": "002-1-run"}
WAIT_GUI {"seconds_remaining": 1320}
GUI_RESULT {"robot_exit": 0, "case_code": "NJSA-BDT8-FYGR-KHBC", "ok": true, "robot_started": true, "status": "robot-completed", "clicks": 1}
READ_ONLY_DB_COPY {"label": "001-db-after-0", "rows": 513}
AUTHORITATIVE_RESULT {"id": 513, "team_no": "202623001141", "problem_no": 4, "practice_run_no": 4597160719033671757, "case_code": "NJSA-BDT8-FYGR-KHBC", "entered": 1, "jammer_count": 11, "cleared_jammer_count": 11, "clear_failure_count": 0, "virtual_time_us": 6748527851, "end_reason": "user_exit", "created_at_ms": 1789257610401}
GUI_JOB {"action": "return", "folder": "003-1-return"}
WAIT_GUI {"seconds_remaining": 60}
GUI_RESULT {"status": "returned-to-practice", "ok": true, "clicks": 2, "robot_started": false}
SENSITIVITY_PROGRESS 334 742 screen 4 share_cooldown=400 NJSA-BDT8-FYGR-KHBC 11 11
GUI_JOB {"action": "dry-run", "folder": "001-0-dry-run"}
WAIT_GUI {"seconds_remaining": 60}
GUI_RESULT {"status": "dry-run-ready", "ok": true, "clicks": 0, "robot_started": false}
READ_ONLY_DB_COPY {"label": "001-db-before", "rows": 513}
GUI_JOB {"action": "run", "folder": "002-1-run"}
WAIT_GUI {"seconds_remaining": 1320}
GUI_RESULT {"robot_exit": 0, "case_code": "BCPR-5BKS-Q3R8-FFGD", "ok": true, "robot_started": true, "status": "robot-completed", "clicks": 1}
READ_ONLY_DB_COPY {"label": "001-db-after-0", "rows": 514}
AUTHORITATIVE_RESULT {"id": 514, "team_no": "202623001141", "problem_no": 4, "practice_run_no": 7839212911924036386, "case_code": "BCPR-5BKS-Q3R8-FFGD", "entered": 1, "jammer_count": 12, "cleared_jammer_count": 12, "clear_failure_count": 0, "virtual_time_us": 6682846177, "end_reason": "user_exit", "created_at_ms": 1789257658915}
GUI_JOB {"action": "return", "folder": "003-1-return"}
WAIT_GUI {"seconds_remaining": 60}
GUI_RESULT {"status": "returned-to-practice", "ok": true, "clicks": 2, "robot_started": false}
SENSITIVITY_PROGRESS 335 742 screen 4 fraction=0.05 BCPR-5BKS-Q3R8-FFGD 12 12
GUI_JOB {"action": "dry-run", "folder": "001-0-dry-run"}
WAIT_GUI {"seconds_remaining": 60}
GUI_RESULT {"status": "dry-run-ready", "ok": true, "clicks": 0, "robot_started": false}
READ_ONLY_DB_COPY {"label": "001-db-before", "rows": 514}
GUI_JOB {"action": "run", "folder": "002-1-run"}
WAIT_GUI {"seconds_remaining": 1320}
GUI_RESULT {"robot_exit": 0, "case_code": "DH2A-5SPU-D24Z-U9G8", "ok": true, "robot_started": true, "status": "robot-completed", "clicks": 1}
READ_ONLY_DB_COPY {"label": "001-db-after-0", "rows": 515}
AUTHORITATIVE_RESULT {"id": 515, "team_no": "202623001141", "problem_no": 3, "practice_run_no": 2561061348525944004, "case_code": "DH2A-5SPU-D24Z-U9G8", "entered": 1, "jammer_count": 14, "cleared_jammer_count": 14, "clear_failure_count": 1, "virtual_time_us": 3125826101, "end_reason": "user_exit", "created_at_ms": 1789257707710}
GUI_JOB {"action": "return", "folder": "003-1-return"}
WAIT_GUI {"seconds_remaining": 60}
GUI_RESULT {"status": "returned-to-practice", "ok": true, "clicks": 2, "robot_started": false}
SENSITIVITY_PROGRESS 336 742 screen 3 max_active=5 DH2A-5SPU-D24Z-U9G8 14 14
GUI_JOB {"action": "dry-run", "folder": "001-0-dry-run"}
WAIT_GUI {"seconds_remaining": 60}
GUI_RESULT {"status": "dry-run-ready", "ok": true, "clicks": 0, "robot_started": false}
READ_ONLY_DB_COPY {"label": "001-db-before", "rows": 515}
GUI_JOB {"action": "run", "folder": "002-1-run"}
WAIT_GUI {"seconds_remaining": 1320}
GUI_RESULT {"robot_exit": 0, "case_code": "KCCX-DJKF-JCP6-3NP3", "ok": true, "robot_started": true, "status": "robot-completed", "clicks": 1}
READ_ONLY_DB_COPY {"label": "001-db-after-0", "rows": 516}
AUTHORITATIVE_RESULT {"id": 516, "team_no": "202623001141", "problem_no": 4, "practice_run_no": 3484672105477960795, "case_code": "KCCX-DJKF-JCP6-3NP3", "entered": 1, "jammer_count": 11, "cleared_jammer_count": 11, "clear_failure_count": 1, "virtual_time_us": 5619411645, "end_reason": "user_exit", "created_at_ms": 1789257750759}
GUI_JOB {"action": "return", "folder": "003-1-return"}
WAIT_GUI {"seconds_remaining": 60}
GUI_RESULT {"status": "returned-to-practice", "ok": true, "clicks": 2, "robot_started": false}
SENSITIVITY_PROGRESS 337 742 screen 4 share_limit=20 KCCX-DJKF-JCP6-3NP3 11 11
GUI_JOB {"action": "dry-run", "folder": "001-0-dry-run"}
WAIT_GUI {"seconds_remaining": 60}
GUI_RESULT {"status": "dry-run-ready", "ok": true, "clicks": 0, "robot_started": false}
READ_ONLY_DB_COPY {"label": "001-db-before", "rows": 516}
GUI_JOB {"action": "run", "folder": "002-1-run"}
WAIT_GUI {"seconds_remaining": 1320}
GUI_RESULT {"robot_exit": 0, "case_code": "44F6-PDVX-ET2N-2NYN", "ok": true, "robot_started": true, "status": "robot-completed", "clicks": 1}
READ_ONLY_DB_COPY {"label": "001-db-after-0", "rows": 517}
AUTHORITATIVE_RESULT {"id": 517, "team_no": "202623001141", "problem_no": 4, "practice_run_no": 4103663856786251342, "case_code": "44F6-PDVX-ET2N-2NYN", "entered": 1, "jammer_count": 11, "cleared_jammer_count": 11, "clear_failure_count": 1, "virtual_time_us": 5815399210, "end_reason": "user_exit", "created_at_ms": 1789257802090}
GUI_JOB {"action": "return", "folder": "003-1-return"}
WAIT_GUI {"seconds_remaining": 60}
GUI_RESULT {"status": "returned-to-practice", "ok": true, "clicks": 2, "robot_started": false}
SENSITIVITY_PROGRESS 338 742 screen 4 transverse_m=70 44F6-PDVX-ET2N-2NYN 11 11
GUI_JOB {"action": "dry-run", "folder": "001-0-dry-run"}
WAIT_GUI {"seconds_remaining": 60}
GUI_RESULT {"status": "dry-run-ready", "ok": true, "clicks": 0, "robot_started": false}
READ_ONLY_DB_COPY {"label": "001-db-before", "rows": 517}
GUI_JOB {"action": "run", "folder": "002-1-run"}
WAIT_GUI {"seconds_remaining": 1320}
GUI_RESULT {"robot_exit": 0, "case_code": "98BR-HC9K-XQCY-V98B", "ok": true, "robot_started": true, "status": "robot-completed", "clicks": 1}
READ_ONLY_DB_COPY {"label": "001-db-after-0", "rows": 518}
AUTHORITATIVE_RESULT {"id": 518, "team_no": "202623001141", "problem_no": 4, "practice_run_no": 1328841550892008112, "case_code": "98BR-HC9K-XQCY-V98B", "entered": 1, "jammer_count": 10, "cleared_jammer_count": 10, "clear_failure_count": 0, "virtual_time_us": 5703066923, "end_reason": "user_exit", "created_at_ms": 1789257851156}
GUI_JOB {"action": "return", "folder": "003-1-return"}
WAIT_GUI {"seconds_remaining": 60}
GUI_RESULT {"status": "returned-to-practice", "ok": true, "clicks": 2, "robot_started": false}
SENSITIVITY_PROGRESS 339 742 screen 4 trial_radius=20 98BR-HC9K-XQCY-V98B 10 10
GUI_JOB {"action": "dry-run", "folder": "001-0-dry-run"}
WAIT_GUI {"seconds_remaining": 60}
GUI_RESULT {"status": "dry-run-ready", "ok": true, "clicks": 0, "robot_started": false}
READ_ONLY_DB_COPY {"label": "001-db-before", "rows": 518}
GUI_JOB {"action": "run", "folder": "002-1-run"}
WAIT_GUI {"seconds_remaining": 1320}
GUI_RESULT {"robot_exit": 0, "case_code": "R667-SCXM-HUEE-Z48C", "ok": true, "robot_started": true, "status": "robot-completed", "clicks": 1}
READ_ONLY_DB_COPY {"label": "001-db-after-0", "rows": 519}
AUTHORITATIVE_RESULT {"id": 519, "team_no": "202623001141", "problem_no": 4, "practice_run_no": 3949663736665798502, "case_code": "R667-SCXM-HUEE-Z48C", "entered": 1, "jammer_count": 12, "cleared_jammer_count": 12, "clear_failure_count": 0, "virtual_time_us": 6110572950, "end_reason": "user_exit", "created_at_ms": 1789257902398}
GUI_JOB {"action": "return", "folder": "003-1-return"}
WAIT_GUI {"seconds_remaining": 60}
GUI_RESULT {"status": "returned-to-practice", "ok": true, "clicks": 2, "robot_started": false}
SENSITIVITY_PROGRESS 340 742 screen 4 fraction=0.3 R667-SCXM-HUEE-Z48C 12 12
GUI_JOB {"action": "dry-run", "folder": "001-0-dry-run"}
WAIT_GUI {"seconds_remaining": 60}
GUI_RESULT {"status": "dry-run-ready", "ok": true, "clicks": 0, "robot_started": false}
READ_ONLY_DB_COPY {"label": "001-db-before", "rows": 519}
GUI_JOB {"action": "run", "folder": "002-1-run"}
WAIT_GUI {"seconds_remaining": 1320}
GUI_RESULT {"robot_exit": 0, "case_code": "AMX8-AN5F-NYAY-R39X", "ok": true, "robot_started": true, "status": "robot-completed", "clicks": 1}
READ_ONLY_DB_COPY {"label": "001-db-after-0", "rows": 520}
AUTHORITATIVE_RESULT {"id": 520, "team_no": "202623001141", "problem_no": 3, "practice_run_no": 5896969156272350719, "case_code": "AMX8-AN5F-NYAY-R39X", "entered": 1, "jammer_count": 15, "cleared_jammer_count": 15, "clear_failure_count": 0, "virtual_time_us": 3579348899, "end_reason": "user_exit", "created_at_ms": 1789257950122}
GUI_JOB {"action": "return", "folder": "003-1-return"}
WAIT_GUI {"seconds_remaining": 60}
GUI_RESULT {"status": "returned-to-practice", "ok": true, "clicks": 2, "robot_started": false}
SENSITIVITY_PROGRESS 341 742 screen 3 trial_radius=35 AMX8-AN5F-NYAY-R39X 15 15
GUI_JOB {"action": "dry-run", "folder": "001-0-dry-run"}
WAIT_GUI {"seconds_remaining": 60}
GUI_RESULT {"status": "dry-run-ready", "ok": true, "clicks": 0, "robot_started": false}
READ_ONLY_DB_COPY {"label": "001-db-before", "rows": 520}
GUI_JOB {"action": "run", "folder": "002-1-run"}
WAIT_GUI {"seconds_remaining": 1320}
GUI_RESULT {"robot_exit": 0, "case_code": "JGQY-YTPT-N82K-E7WN", "ok": true, "robot_started": true, "status": "robot-completed", "clicks": 1}
READ_ONLY_DB_COPY {"label": "001-db-after-0", "rows": 521}
AUTHORITATIVE_RESULT {"id": 521, "team_no": "202623001141", "problem_no": 3, "practice_run_no": 610453113175607695, "case_code": "JGQY-YTPT-N82K-E7WN", "entered": 1, "jammer_count": 13, "cleared_jammer_count": 13, "clear_failure_count": 0, "virtual_time_us": 3144153567, "end_reason": "user_exit", "created_at_ms": 1789257993276}
GUI_JOB {"action": "return", "folder": "003-1-return"}
WAIT_GUI {"seconds_remaining": 60}
GUI_RESULT {"status": "returned-to-practice", "ok": true, "clicks": 2, "robot_started": false}
SENSITIVITY_PROGRESS 342 742 screen 3 localization_weight=0.02 JGQY-YTPT-N82K-E7WN 13 13
GUI_JOB {"action": "dry-run", "folder": "001-0-dry-run"}
WAIT_GUI {"seconds_remaining": 60}
GUI_RESULT {"status": "dry-run-ready", "ok": true, "clicks": 0, "robot_started": false}
READ_ONLY_DB_COPY {"label": "001-db-before", "rows": 521}
GUI_JOB {"action": "run", "folder": "002-1-run"}
WAIT_GUI {"seconds_remaining": 1320}
GUI_RESULT {"robot_exit": 0, "case_code": "PFHS-3NKM-7TPK-EPJX", "ok": true, "robot_started": true, "status": "robot-completed", "clicks": 1}
READ_ONLY_DB_COPY {"label": "001-db-after-0", "rows": 522}
AUTHORITATIVE_RESULT {"id": 522, "team_no": "202623001141", "problem_no": 4, "practice_run_no": 6431864410327954035, "case_code": "PFHS-3NKM-7TPK-EPJX", "entered": 1, "jammer_count": 13, "cleared_jammer_count": 13, "clear_failure_count": 0, "virtual_time_us": 5917734332, "end_reason": "user_exit", "created_at_ms": 1789258039819}
GUI_JOB {"action": "return", "folder": "003-1-return"}
WAIT_GUI {"seconds_remaining": 60}
GUI_RESULT {"status": "returned-to-practice", "ok": true, "clicks": 2, "robot_started": false}
SENSITIVITY_PROGRESS 343 742 screen 4 share_limit=12 PFHS-3NKM-7TPK-EPJX 13 13
GUI_JOB {"action": "dry-run", "folder": "001-0-dry-run"}
WAIT_GUI {"seconds_remaining": 60}
GUI_RESULT {"status": "dry-run-ready", "ok": true, "clicks": 0, "robot_started": false}
READ_ONLY_DB_COPY {"label": "001-db-before", "rows": 522}
GUI_JOB {"action": "run", "folder": "002-1-run"}
WAIT_GUI {"seconds_remaining": 1320}
GUI_RESULT {"robot_exit": 0, "case_code": "C5R8-8G73-FNZ3-P2GM", "ok": true, "robot_started": true, "status": "robot-completed", "clicks": 1}
READ_ONLY_DB_COPY {"label": "001-db-after-0", "rows": 523}
AUTHORITATIVE_RESULT {"id": 523, "team_no": "202623001141", "problem_no": 3, "practice_run_no": 4864764701669555941, "case_code": "C5R8-8G73-FNZ3-P2GM", "entered": 1, "jammer_count": 12, "cleared_jammer_count": 12, "clear_failure_count": 0, "virtual_time_us": 3450163016, "end_reason": "user_exit", "created_at_ms": 1789258087652}
GUI_JOB {"action": "return", "folder": "003-1-return"}
WAIT_GUI {"seconds_remaining": 60}
GUI_RESULT {"status": "returned-to-practice", "ok": true, "clicks": 2, "robot_started": false}
SENSITIVITY_PROGRESS 344 742 screen 3 share_limit=12 C5R8-8G73-FNZ3-P2GM 12 12
GUI_JOB {"action": "dry-run", "folder": "001-0-dry-run"}
WAIT_GUI {"seconds_remaining": 60}
GUI_RESULT {"status": "dry-run-ready", "ok": true, "clicks": 0, "robot_started": false}
READ_ONLY_DB_COPY {"label": "001-db-before", "rows": 523}
GUI_JOB {"action": "run", "folder": "002-1-run"}
WAIT_GUI {"seconds_remaining": 1320}
GUI_RESULT {"robot_exit": 0, "case_code": "F25S-BYFW-CK3W-TH37", "ok": true, "robot_started": true, "status": "robot-completed", "clicks": 1}
READ_ONLY_DB_COPY {"label": "001-db-after-0", "rows": 524}
AUTHORITATIVE_RESULT {"id": 524, "team_no": "202623001141", "problem_no": 3, "practice_run_no": 977949157106949404, "case_code": "F25S-BYFW-CK3W-TH37", "entered": 1, "jammer_count": 15, "cleared_jammer_count": 15, "clear_failure_count": 0, "virtual_time_us": 3142496092, "end_reason": "user_exit", "created_at_ms": 1789258130741}
GUI_JOB {"action": "return", "folder": "003-1-return"}
WAIT_GUI {"seconds_remaining": 60}
GUI_RESULT {"status": "returned-to-practice", "ok": true, "clicks": 2, "robot_started": false}
SENSITIVITY_PROGRESS 345 742 screen 3 trial_radius=80 F25S-BYFW-CK3W-TH37 15 15
GUI_JOB {"action": "dry-run", "folder": "001-0-dry-run"}
WAIT_GUI {"seconds_remaining": 60}
GUI_RESULT {"status": "dry-run-ready", "ok": true, "clicks": 0, "robot_started": false}
READ_ONLY_DB_COPY {"label": "001-db-before", "rows": 524}
GUI_JOB {"action": "run", "folder": "002-1-run"}
WAIT_GUI {"seconds_remaining": 1320}
GUI_RESULT {"robot_exit": 0, "case_code": "5ZC7-XBWK-WK7Z-RGZ7", "ok": true, "robot_started": true, "status": "robot-completed", "clicks": 1}
READ_ONLY_DB_COPY {"label": "001-db-after-0", "rows": 525}
AUTHORITATIVE_RESULT {"id": 525, "team_no": "202623001141", "problem_no": 3, "practice_run_no": 1378934953731359569, "case_code": "5ZC7-XBWK-WK7Z-RGZ7", "entered": 1, "jammer_count": 16, "cleared_jammer_count": 16, "clear_failure_count": 0, "virtual_time_us": 3070619104, "end_reason": "user_exit", "created_at_ms": 1789258173161}
GUI_JOB {"action": "return", "folder": "003-1-return"}
WAIT_GUI {"seconds_remaining": 60}
GUI_RESULT {"status": "returned-to-practice", "ok": true, "clicks": 2, "robot_started": false}
SENSITIVITY_PROGRESS 346 742 screen 3 trial_radius=65 5ZC7-XBWK-WK7Z-RGZ7 16 16
GUI_JOB {"action": "dry-run", "folder": "001-0-dry-run"}
WAIT_GUI {"seconds_remaining": 60}
GUI_RESULT {"status": "dry-run-ready", "ok": true, "clicks": 0, "robot_started": false}
READ_ONLY_DB_COPY {"label": "001-db-before", "rows": 525}
GUI_JOB {"action": "run", "folder": "002-1-run"}
WAIT_GUI {"seconds_remaining": 1320}
GUI_RESULT {"robot_exit": 0, "case_code": "YDE6-NNWE-9DMA-Z8SS", "ok": true, "robot_started": true, "status": "robot-completed", "clicks": 1}
READ_ONLY_DB_COPY {"label": "001-db-after-0", "rows": 526}
AUTHORITATIVE_RESULT {"id": 526, "team_no": "202623001141", "problem_no": 4, "practice_run_no": 2629707248191961921, "case_code": "YDE6-NNWE-9DMA-Z8SS", "entered": 1, "jammer_count": 13, "cleared_jammer_count": 13, "clear_failure_count": 0, "virtual_time_us": 5451346968, "end_reason": "user_exit", "created_at_ms": 1789258216887}
GUI_JOB {"action": "return", "folder": "003-1-return"}
WAIT_GUI {"seconds_remaining": 60}
GUI_RESULT {"status": "returned-to-practice", "ok": true, "clicks": 2, "robot_started": false}
SENSITIVITY_PROGRESS 347 742 screen 4 pause_limit=24 YDE6-NNWE-9DMA-Z8SS 13 13
GUI_JOB {"action": "dry-run", "folder": "001-0-dry-run"}
WAIT_GUI {"seconds_remaining": 60}
GUI_RESULT {"status": "dry-run-ready", "ok": true, "clicks": 0, "robot_started": false}
READ_ONLY_DB_COPY {"label": "001-db-before", "rows": 526}
GUI_JOB {"action": "run", "folder": "002-1-run"}
WAIT_GUI {"seconds_remaining": 1320}
GUI_RESULT {"robot_exit": 0, "case_code": "HPZT-ATMU-3G7K-7TDP", "ok": true, "robot_started": true, "status": "robot-completed", "clicks": 1}
READ_ONLY_DB_COPY {"label": "001-db-after-0", "rows": 527}
AUTHORITATIVE_RESULT {"id": 527, "team_no": "202623001141", "problem_no": 3, "practice_run_no": 140908828829179516, "case_code": "HPZT-ATMU-3G7K-7TDP", "entered": 1, "jammer_count": 13, "cleared_jammer_count": 13, "clear_failure_count": 1, "virtual_time_us": 3005195783, "end_reason": "user_exit", "created_at_ms": 1789258264926}
GUI_JOB {"action": "return", "folder": "003-1-return"}
WAIT_GUI {"seconds_remaining": 60}
GUI_RESULT {"status": "returned-to-practice", "ok": true, "clicks": 2, "robot_started": false}
SENSITIVITY_PROGRESS 348 742 screen 3 localization_weight=1.28 HPZT-ATMU-3G7K-7TDP 13 13
GUI_JOB {"action": "dry-run", "folder": "001-0-dry-run"}
WAIT_GUI {"seconds_remaining": 60}
GUI_RESULT {"status": "dry-run-ready", "ok": true, "clicks": 0, "robot_started": false}
READ_ONLY_DB_COPY {"label": "001-db-before", "rows": 527}
GUI_JOB {"action": "run", "folder": "002-1-run"}
WAIT_GUI {"seconds_remaining": 1320}
GUI_RESULT {"robot_exit": 0, "case_code": "9F3W-4GNT-T33Q-Y3R8", "ok": true, "robot_started": true, "status": "robot-completed", "clicks": 1}
READ_ONLY_DB_COPY {"label": "001-db-after-0", "rows": 528}
AUTHORITATIVE_RESULT {"id": 528, "team_no": "202623001141", "problem_no": 4, "practice_run_no": 357204838435693286, "case_code": "9F3W-4GNT-T33Q-Y3R8", "entered": 1, "jammer_count": 10, "cleared_jammer_count": 10, "clear_failure_count": 0, "virtual_time_us": 6598790994, "end_reason": "user_exit", "created_at_ms": 1789258310968}
GUI_JOB {"action": "return", "folder": "003-1-return"}
WAIT_GUI {"seconds_remaining": 60}
GUI_RESULT {"status": "returned-to-practice", "ok": true, "clicks": 2, "robot_started": false}
SENSITIVITY_PROGRESS 349 742 screen 4 fraction=0.1 9F3W-4GNT-T33Q-Y3R8 10 10
GUI_JOB {"action": "dry-run", "folder": "001-0-dry-run"}
WAIT_GUI {"seconds_remaining": 60}
GUI_RESULT {"status": "dry-run-ready", "ok": true, "clicks": 0, "robot_started": false}
READ_ONLY_DB_COPY {"label": "001-db-before", "rows": 528}
GUI_JOB {"action": "run", "folder": "002-1-run"}
WAIT_GUI {"seconds_remaining": 1320}
GUI_RESULT {"robot_exit": 0, "case_code": "PPB9-F8ZQ-D54B-D5DU", "ok": true, "robot_started": true, "status": "robot-completed", "clicks": 1}
READ_ONLY_DB_COPY {"label": "001-db-after-0", "rows": 529}
AUTHORITATIVE_RESULT {"id": 529, "team_no": "202623001141", "problem_no": 3, "practice_run_no": 7325046576232661929, "case_code": "PPB9-F8ZQ-D54B-D5DU", "entered": 1, "jammer_count": 11, "cleared_jammer_count": 11, "clear_failure_count": 2, "virtual_time_us": 3581980500, "end_reason": "user_exit", "created_at_ms": 1789258359117}
GUI_JOB {"action": "return", "folder": "003-1-return"}
WAIT_GUI {"seconds_remaining": 60}
GUI_RESULT {"status": "returned-to-practice", "ok": true, "clicks": 2, "robot_started": false}
SENSITIVITY_PROGRESS 350 742 screen 3 max_active=4 PPB9-F8ZQ-D54B-D5DU 11 11
GUI_JOB {"action": "dry-run", "folder": "001-0-dry-run"}
WAIT_GUI {"seconds_remaining": 60}
GUI_RESULT {"status": "dry-run-ready", "ok": true, "clicks": 0, "robot_started": false}
READ_ONLY_DB_COPY {"label": "001-db-before", "rows": 529}
GUI_JOB {"action": "run", "folder": "002-1-run"}
WAIT_GUI {"seconds_remaining": 1320}
GUI_RESULT {"robot_exit": 0, "case_code": "R4XA-SZJV-VRDN-ZDZE", "ok": true, "robot_started": true, "status": "robot-completed", "clicks": 1}
READ_ONLY_DB_COPY {"label": "001-db-after-0", "rows": 530}
AUTHORITATIVE_RESULT {"id": 530, "team_no": "202623001141", "problem_no": 3, "practice_run_no": 1774640926309893446, "case_code": "R4XA-SZJV-VRDN-ZDZE", "entered": 1, "jammer_count": 11, "cleared_jammer_count": 11, "clear_failure_count": 0, "virtual_time_us": 2873344243, "end_reason": "user_exit", "created_at_ms": 1789258403207}
GUI_JOB {"action": "return", "folder": "003-1-return"}
WAIT_GUI {"seconds_remaining": 60}
GUI_RESULT {"status": "returned-to-practice", "ok": true, "clicks": 2, "robot_started": false}
SENSITIVITY_PROGRESS 351 742 screen 3 remainder_weight=0 R4XA-SZJV-VRDN-ZDZE 11 11
GUI_JOB {"action": "dry-run", "folder": "001-0-dry-run"}
WAIT_GUI {"seconds_remaining": 60}
GUI_RESULT {"status": "dry-run-ready", "ok": true, "clicks": 0, "robot_started": false}
READ_ONLY_DB_COPY {"label": "001-db-before", "rows": 530}
GUI_JOB {"action": "run", "folder": "002-1-run"}
WAIT_GUI {"seconds_remaining": 1320}
GUI_RESULT {"robot_exit": 0, "case_code": "BPAJ-P77Z-DSH3-PUNQ", "ok": true, "robot_started": true, "status": "robot-completed", "clicks": 1}
READ_ONLY_DB_COPY {"label": "001-db-after-0", "rows": 531}
AUTHORITATIVE_RESULT {"id": 531, "team_no": "202623001141", "problem_no": 3, "practice_run_no": 1333643558540216275, "case_code": "BPAJ-P77Z-DSH3-PUNQ", "entered": 1, "jammer_count": 11, "cleared_jammer_count": 11, "clear_failure_count": 0, "virtual_time_us": 3219183296, "end_reason": "user_exit", "created_at_ms": 1789258446155}
GUI_JOB {"action": "return", "folder": "003-1-return"}
WAIT_GUI {"seconds_remaining": 60}
GUI_RESULT {"status": "returned-to-practice", "ok": true, "clicks": 2, "robot_started": false}
SENSITIVITY_PROGRESS 352 742 screen 3 localization_weight=0 BPAJ-P77Z-DSH3-PUNQ 11 11
GUI_JOB {"action": "dry-run", "folder": "001-0-dry-run"}
WAIT_GUI {"seconds_remaining": 60}
GUI_RESULT {"status": "dry-run-ready", "ok": true, "clicks": 0, "robot_started": false}
READ_ONLY_DB_COPY {"label": "001-db-before", "rows": 531}
GUI_JOB {"action": "run", "folder": "002-1-run"}
WAIT_GUI {"seconds_remaining": 1320}
GUI_RESULT {"robot_exit": 0, "case_code": "M3EP-WCZE-UHBW-67DK", "ok": true, "robot_started": true, "status": "robot-completed", "clicks": 1}
READ_ONLY_DB_COPY {"label": "001-db-after-0", "rows": 532}
AUTHORITATIVE_RESULT {"id": 532, "team_no": "202623001141", "problem_no": 3, "practice_run_no": 8191064981445784691, "case_code": "M3EP-WCZE-UHBW-67DK", "entered": 1, "jammer_count": 12, "cleared_jammer_count": 12, "clear_failure_count": 0, "virtual_time_us": 2930996831, "end_reason": "user_exit", "created_at_ms": 1789258488534}
GUI_JOB {"action": "return", "folder": "003-1-return"}
WAIT_GUI {"seconds_remaining": 60}
GUI_RESULT {"status": "returned-to-practice", "ok": true, "clicks": 2, "robot_started": false}
SENSITIVITY_PROGRESS 353 742 screen 3 remainder_weight=1 M3EP-WCZE-UHBW-67DK 12 12
GUI_JOB {"action": "dry-run", "folder": "001-0-dry-run"}
WAIT_GUI {"seconds_remaining": 60}
GUI_RESULT {"status": "dry-run-ready", "ok": true, "clicks": 0, "robot_started": false}
READ_ONLY_DB_COPY {"label": "001-db-before", "rows": 532}
GUI_JOB {"action": "run", "folder": "002-1-run"}
WAIT_GUI {"seconds_remaining": 1320}
GUI_RESULT {"robot_exit": 0, "case_code": "U8FJ-9NWS-B3BZ-CT64", "ok": true, "robot_started": true, "status": "robot-completed", "clicks": 1}
READ_ONLY_DB_COPY {"label": "001-db-after-0", "rows": 533}
AUTHORITATIVE_RESULT {"id": 533, "team_no": "202623001141", "problem_no": 4, "practice_run_no": 4601506863279633862, "case_code": "U8FJ-9NWS-B3BZ-CT64", "entered": 1, "jammer_count": 13, "cleared_jammer_count": 13, "clear_failure_count": 0, "virtual_time_us": 5900409254, "end_reason": "user_exit", "created_at_ms": 1789258532157}
GUI_JOB {"action": "return", "folder": "003-1-return"}
WAIT_GUI {"seconds_remaining": 60}
GUI_RESULT {"status": "returned-to-practice", "ok": true, "clicks": 2, "robot_started": false}
SENSITIVITY_PROGRESS 354 742 screen 4 steps=4 U8FJ-9NWS-B3BZ-CT64 13 13
GUI_JOB {"action": "dry-run", "folder": "001-0-dry-run"}
WAIT_GUI {"seconds_remaining": 60}
GUI_RESULT {"status": "dry-run-ready", "ok": true, "clicks": 0, "robot_started": false}
READ_ONLY_DB_COPY {"label": "001-db-before", "rows": 533}
GUI_JOB {"action": "run", "folder": "002-1-run"}
WAIT_GUI {"seconds_remaining": 1320}
GUI_RESULT {"robot_exit": 0, "case_code": "GU9W-J32Q-9CJT-R9FC", "ok": true, "robot_started": true, "status": "robot-completed", "clicks": 1}
READ_ONLY_DB_COPY {"label": "001-db-after-0", "rows": 534}
AUTHORITATIVE_RESULT {"id": 534, "team_no": "202623001141", "problem_no": 4, "practice_run_no": 352347835503099895, "case_code": "GU9W-J32Q-9CJT-R9FC", "entered": 1, "jammer_count": 11, "cleared_jammer_count": 11, "clear_failure_count": 0, "virtual_time_us": 5796455266, "end_reason": "user_exit", "created_at_ms": 1789258580153}
GUI_JOB {"action": "return", "folder": "003-1-return"}
WAIT_GUI {"seconds_remaining": 60}
GUI_RESULT {"status": "returned-to-practice", "ok": true, "clicks": 2, "robot_started": false}
SENSITIVITY_PROGRESS 355 742 screen 4 share_cooldown=0 GU9W-J32Q-9CJT-R9FC 11 11
GUI_JOB {"action": "dry-run", "folder": "001-0-dry-run"}
WAIT_GUI {"seconds_remaining": 60}
GUI_RESULT {"status": "dry-run-ready", "ok": true, "clicks": 0, "robot_started": false}
READ_ONLY_DB_COPY {"label": "001-db-before", "rows": 534}
GUI_JOB {"action": "run", "folder": "002-1-run"}
WAIT_GUI {"seconds_remaining": 1320}
GUI_RESULT {"robot_exit": 0, "case_code": "DTXU-QXUH-RBKW-MPKS", "ok": true, "robot_started": true, "status": "robot-completed", "clicks": 1}
READ_ONLY_DB_COPY {"label": "001-db-after-0", "rows": 535}
AUTHORITATIVE_RESULT {"id": 535, "team_no": "202623001141", "problem_no": 4, "practice_run_no": 3352375746053028183, "case_code": "DTXU-QXUH-RBKW-MPKS", "entered": 1, "jammer_count": 13, "cleared_jammer_count": 13, "clear_failure_count": 0, "virtual_time_us": 6368977780, "end_reason": "user_exit", "created_at_ms": 1789258628325}
GUI_JOB {"action": "return", "folder": "003-1-return"}
WAIT_GUI {"seconds_remaining": 60}
GUI_RESULT {"status": "returned-to-practice", "ok": true, "clicks": 2, "robot_started": false}
SENSITIVITY_PROGRESS 356 742 screen 4 trial_radius=20 DTXU-QXUH-RBKW-MPKS 13 13
GUI_JOB {"action": "dry-run", "folder": "001-0-dry-run"}
WAIT_GUI {"seconds_remaining": 60}
GUI_RESULT {"status": "dry-run-ready", "ok": true, "clicks": 0, "robot_started": false}
READ_ONLY_DB_COPY {"label": "001-db-before", "rows": 535}
GUI_JOB {"action": "run", "folder": "002-1-run"}
WAIT_GUI {"seconds_remaining": 1320}
GUI_RESULT {"robot_exit": 0, "case_code": "M85N-Q7NK-6ZVV-G4DZ", "ok": true, "robot_started": true, "status": "robot-completed", "clicks": 1}
READ_ONLY_DB_COPY {"label": "001-db-after-0", "rows": 536}
AUTHORITATIVE_RESULT {"id": 536, "team_no": "202623001141", "problem_no": 3, "practice_run_no": 4514756815746811054, "case_code": "M85N-Q7NK-6ZVV-G4DZ", "entered": 1, "jammer_count": 10, "cleared_jammer_count": 10, "clear_failure_count": 0, "virtual_time_us": 3090965200, "end_reason": "user_exit", "created_at_ms": 1789258678624}
GUI_JOB {"action": "return", "folder": "003-1-return"}
WAIT_GUI {"seconds_remaining": 60}
GUI_RESULT {"status": "returned-to-practice", "ok": true, "clicks": 2, "robot_started": false}
SENSITIVITY_PROGRESS 357 742 screen 3 share_limit=0 M85N-Q7NK-6ZVV-G4DZ 10 10
GUI_JOB {"action": "dry-run", "folder": "001-0-dry-run"}
WAIT_GUI {"seconds_remaining": 60}
GUI_RESULT {"status": "dry-run-ready", "ok": true, "clicks": 0, "robot_started": false}
READ_ONLY_DB_COPY {"label": "001-db-before", "rows": 536}
GUI_JOB {"action": "run", "folder": "002-1-run"}
WAIT_GUI {"seconds_remaining": 1320}
GUI_RESULT {"robot_exit": 0, "case_code": "B843-NYPH-6FEY-XYNY", "ok": true, "robot_started": true, "status": "robot-completed", "clicks": 1}
READ_ONLY_DB_COPY {"label": "001-db-after-0", "rows": 537}
AUTHORITATIVE_RESULT {"id": 537, "team_no": "202623001141", "problem_no": 3, "practice_run_no": 3567878101840279329, "case_code": "B843-NYPH-6FEY-XYNY", "entered": 1, "jammer_count": 15, "cleared_jammer_count": 15, "clear_failure_count": 4, "virtual_time_us": 3592028225, "end_reason": "user_exit", "created_at_ms": 1789258721490}
GUI_JOB {"action": "return", "folder": "003-1-return"}
WAIT_GUI {"seconds_remaining": 60}
GUI_RESULT {"status": "returned-to-practice", "ok": true, "clicks": 2, "robot_started": false}
SENSITIVITY_PROGRESS 358 742 screen 3 max_active=1 B843-NYPH-6FEY-XYNY 15 15
GUI_JOB {"action": "dry-run", "folder": "001-0-dry-run"}
WAIT_GUI {"seconds_remaining": 60}
GUI_RESULT {"status": "dry-run-ready", "ok": true, "clicks": 0, "robot_started": false}
READ_ONLY_DB_COPY {"label": "001-db-before", "rows": 537}
GUI_JOB {"action": "run", "folder": "002-1-run"}
WAIT_GUI {"seconds_remaining": 1320}
GUI_RESULT {"robot_exit": 0, "case_code": "3UUN-82MM-635U-FYS5", "ok": true, "robot_started": true, "status": "robot-completed", "clicks": 1}
READ_ONLY_DB_COPY {"label": "001-db-after-0", "rows": 538}
AUTHORITATIVE_RESULT {"id": 538, "team_no": "202623001141", "problem_no": 4, "practice_run_no": 6671087159673303797, "case_code": "3UUN-82MM-635U-FYS5", "entered": 1, "jammer_count": 13, "cleared_jammer_count": 13, "clear_failure_count": 0, "virtual_time_us": 5843562939, "end_reason": "user_exit", "created_at_ms": 1789258764518}
GUI_JOB {"action": "return", "folder": "003-1-return"}
WAIT_GUI {"seconds_remaining": 60}
GUI_RESULT {"status": "returned-to-practice", "ok": true, "clicks": 2, "robot_started": false}
SENSITIVITY_PROGRESS 359 742 screen 4 fraction=0.1 3UUN-82MM-635U-FYS5 13 13
GUI_JOB {"action": "dry-run", "folder": "001-0-dry-run"}
WAIT_GUI {"seconds_remaining": 60}
GUI_RESULT {"status": "dry-run-ready", "ok": true, "clicks": 0, "robot_started": false}
READ_ONLY_DB_COPY {"label": "001-db-before", "rows": 538}
GUI_JOB {"action": "run", "folder": "002-1-run"}
WAIT_GUI {"seconds_remaining": 1320}
GUI_RESULT {"robot_exit": 0, "case_code": "9WV5-97ZZ-QNMH-HYDN", "ok": true, "robot_started": true, "status": "robot-completed", "clicks": 1}
READ_ONLY_DB_COPY {"label": "001-db-after-0", "rows": 539}
AUTHORITATIVE_RESULT {"id": 539, "team_no": "202623001141", "problem_no": 3, "practice_run_no": 1402056577774402545, "case_code": "9WV5-97ZZ-QNMH-HYDN", "entered": 1, "jammer_count": 13, "cleared_jammer_count": 13, "clear_failure_count": 1, "virtual_time_us": 3230395541, "end_reason": "user_exit", "created_at_ms": 1789258811799}
GUI_JOB {"action": "return", "folder": "003-1-return"}
WAIT_GUI {"seconds_remaining": 60}
GUI_RESULT {"status": "returned-to-practice", "ok": true, "clicks": 2, "robot_started": false}
SENSITIVITY_PROGRESS 360 742 screen 3 localization_weight=1.28 9WV5-97ZZ-QNMH-HYDN 13 13
GUI_JOB {"action": "dry-run", "folder": "001-0-dry-run"}
WAIT_GUI {"seconds_remaining": 60}
GUI_RESULT {"status": "dry-run-ready", "ok": true, "clicks": 0, "robot_started": false}
READ_ONLY_DB_COPY {"label": "001-db-before", "rows": 539}
GUI_JOB {"action": "run", "folder": "002-1-run"}
WAIT_GUI {"seconds_remaining": 1320}
GUI_RESULT {"robot_exit": 0, "case_code": "Q9TF-ZMFS-9C9X-FR5S", "ok": true, "robot_started": true, "status": "robot-completed", "clicks": 1}
READ_ONLY_DB_COPY {"label": "001-db-after-0", "rows": 540}
AUTHORITATIVE_RESULT {"id": 540, "team_no": "202623001141", "problem_no": 4, "practice_run_no": 734308251033379506, "case_code": "Q9TF-ZMFS-9C9X-FR5S", "entered": 1, "jammer_count": 15, "cleared_jammer_count": 15, "clear_failure_count": 68, "virtual_time_us": 7208451626, "end_reason": "user_exit", "created_at_ms": 1789258856026}
GUI_JOB {"action": "return", "folder": "003-1-return"}
WAIT_GUI {"seconds_remaining": 60}
GUI_RESULT {"status": "returned-to-practice", "ok": true, "clicks": 2, "robot_started": false}
SENSITIVITY_PROGRESS 361 742 screen 4 steps=1 Q9TF-ZMFS-9C9X-FR5S 15 15
GUI_JOB {"action": "dry-run", "folder": "001-0-dry-run"}
WAIT_GUI {"seconds_remaining": 60}
GUI_RESULT {"status": "dry-run-ready", "ok": true, "clicks": 0, "robot_started": false}
READ_ONLY_DB_COPY {"label": "001-db-before", "rows": 540}
GUI_JOB {"action": "run", "folder": "002-1-run"}
WAIT_GUI {"seconds_remaining": 1320}
GUI_RESULT {"robot_exit": 0, "case_code": "7VMM-AACY-A4S4-DAKV", "ok": true, "robot_started": true, "status": "robot-completed", "clicks": 1}
READ_ONLY_DB_COPY {"label": "001-db-after-0", "rows": 541}
AUTHORITATIVE_RESULT {"id": 541, "team_no": "202623001141", "problem_no": 4, "practice_run_no": 7492707224441459026, "case_code": "7VMM-AACY-A4S4-DAKV", "entered": 1, "jammer_count": 12, "cleared_jammer_count": 12, "clear_failure_count": 0, "virtual_time_us": 6317598684, "end_reason": "user_exit", "created_at_ms": 1789258909058}
GUI_JOB {"action": "return", "folder": "003-1-return"}
WAIT_GUI {"seconds_remaining": 60}
GUI_RESULT {"status": "returned-to-practice", "ok": true, "clicks": 2, "robot_started": false}
SENSITIVITY_PROGRESS 362 742 screen 4 transverse_m=20 7VMM-AACY-A4S4-DAKV 12 12
GUI_JOB {"action": "dry-run", "folder": "001-0-dry-run"}
WAIT_GUI {"seconds_remaining": 60}
GUI_RESULT {"status": "dry-run-ready", "ok": true, "clicks": 0, "robot_started": false}
READ_ONLY_DB_COPY {"label": "001-db-before", "rows": 541}
GUI_JOB {"action": "run", "folder": "002-1-run"}
WAIT_GUI {"seconds_remaining": 1320}
GUI_RESULT {"robot_exit": 0, "case_code": "DUHH-V2RV-KGMR-24Z2", "ok": true, "robot_started": true, "status": "robot-completed", "clicks": 1}
READ_ONLY_DB_COPY {"label": "001-db-after-0", "rows": 542}
AUTHORITATIVE_RESULT {"id": 542, "team_no": "202623001141", "problem_no": 4, "practice_run_no": 2603365464342517169, "case_code": "DUHH-V2RV-KGMR-24Z2", "entered": 1, "jammer_count": 11, "cleared_jammer_count": 11, "clear_failure_count": 0, "virtual_time_us": 6165462345, "end_reason": "user_exit", "created_at_ms": 1789258959929}
GUI_JOB {"action": "return", "folder": "003-1-return"}
WAIT_GUI {"seconds_remaining": 60}
GUI_RESULT {"status": "returned-to-practice", "ok": true, "clicks": 2, "robot_started": false}
SENSITIVITY_PROGRESS 363 742 screen 4 pause_limit=0 DUHH-V2RV-KGMR-24Z2 11 11
GUI_JOB {"action": "dry-run", "folder": "001-0-dry-run"}
WAIT_GUI {"seconds_remaining": 60}
GUI_RESULT {"status": "dry-run-ready", "ok": true, "clicks": 0, "robot_started": false}
READ_ONLY_DB_COPY {"label": "001-db-before", "rows": 542}
GUI_JOB {"action": "run", "folder": "002-1-run"}
WAIT_GUI {"seconds_remaining": 1320}
GUI_RESULT {"robot_exit": 0, "case_code": "ZPVB-TJQZ-6472-CEBY", "ok": true, "robot_started": true, "status": "robot-completed", "clicks": 1}
READ_ONLY_DB_COPY {"label": "001-db-after-0", "rows": 543}
AUTHORITATIVE_RESULT {"id": 543, "team_no": "202623001141", "problem_no": 3, "practice_run_no": 3957675304276879608, "case_code": "ZPVB-TJQZ-6472-CEBY", "entered": 1, "jammer_count": 10, "cleared_jammer_count": 10, "clear_failure_count": 0, "virtual_time_us": 3091417612, "end_reason": "user_exit", "created_at_ms": 1789259009858}
GUI_JOB {"action": "return", "folder": "003-1-return"}
WAIT_GUI {"seconds_remaining": 60}
GUI_RESULT {"status": "returned-to-practice", "ok": true, "clicks": 2, "robot_started": false}
SENSITIVITY_PROGRESS 364 742 screen 3 remainder_weight=0.5 ZPVB-TJQZ-6472-CEBY 10 10
GUI_JOB {"action": "dry-run", "folder": "001-0-dry-run"}
WAIT_GUI {"seconds_remaining": 60}
GUI_RESULT {"status": "dry-run-ready", "ok": true, "clicks": 0, "robot_started": false}
READ_ONLY_DB_COPY {"label": "001-db-before", "rows": 543}
GUI_JOB {"action": "run", "folder": "002-1-run"}
WAIT_GUI {"seconds_remaining": 1320}
GUI_RESULT {"robot_exit": 0, "case_code": "Y26Q-CAJR-HPFB-U44S", "ok": true, "robot_started": true, "status": "robot-completed", "clicks": 1}
READ_ONLY_DB_COPY {"label": "001-db-after-0", "rows": 544}
AUTHORITATIVE_RESULT {"id": 544, "team_no": "202623001141", "problem_no": 3, "practice_run_no": 868811899702441474, "case_code": "Y26Q-CAJR-HPFB-U44S", "entered": 1, "jammer_count": 12, "cleared_jammer_count": 12, "clear_failure_count": 0, "virtual_time_us": 3370499241, "end_reason": "user_exit", "created_at_ms": 1789259053161}
GUI_JOB {"action": "return", "folder": "003-1-return"}
WAIT_GUI {"seconds_remaining": 60}
GUI_RESULT {"status": "returned-to-practice", "ok": true, "clicks": 2, "robot_started": false}
SENSITIVITY_PROGRESS 365 742 screen 3 remainder_weight=2 Y26Q-CAJR-HPFB-U44S 12 12
GUI_JOB {"action": "dry-run", "folder": "001-0-dry-run"}
WAIT_GUI {"seconds_remaining": 60}
GUI_RESULT {"status": "dry-run-ready", "ok": true, "clicks": 0, "robot_started": false}
READ_ONLY_DB_COPY {"label": "001-db-before", "rows": 544}
GUI_JOB {"action": "run", "folder": "002-1-run"}
WAIT_GUI {"seconds_remaining": 1320}
GUI_RESULT {"robot_exit": 0, "case_code": "MPK5-QWER-UTSX-UW34", "ok": true, "robot_started": true, "status": "robot-completed", "clicks": 1}
READ_ONLY_DB_COPY {"label": "001-db-after-0", "rows": 545}
AUTHORITATIVE_RESULT {"id": 545, "team_no": "202623001141", "problem_no": 4, "practice_run_no": 5304175295660789428, "case_code": "MPK5-QWER-UTSX-UW34", "entered": 1, "jammer_count": 15, "cleared_jammer_count": 15, "clear_failure_count": 0, "virtual_time_us": 6331239183, "end_reason": "user_exit", "created_at_ms": 1789259098411}
GUI_JOB {"action": "return", "folder": "003-1-return"}
WAIT_GUI {"seconds_remaining": 60}
GUI_RESULT {"status": "returned-to-practice", "ok": true, "clicks": 2, "robot_started": false}
SENSITIVITY_PROGRESS 366 742 screen 4 steps=3 MPK5-QWER-UTSX-UW34 15 15
GUI_JOB {"action": "dry-run", "folder": "001-0-dry-run"}
WAIT_GUI {"seconds_remaining": 60}
GUI_RESULT {"status": "dry-run-ready", "ok": true, "clicks": 0, "robot_started": false}
READ_ONLY_DB_COPY {"label": "001-db-before", "rows": 545}
GUI_JOB {"action": "run", "folder": "002-1-run"}
WAIT_GUI {"seconds_remaining": 1320}
GUI_RESULT {"robot_exit": 0, "case_code": "ZBQX-BAW7-SB6X-456K", "ok": true, "robot_started": true, "status": "robot-completed", "clicks": 1}
READ_ONLY_DB_COPY {"label": "001-db-after-0", "rows": 546}
AUTHORITATIVE_RESULT {"id": 546, "team_no": "202623001141", "problem_no": 4, "practice_run_no": 2332486257710382291, "case_code": "ZBQX-BAW7-SB6X-456K", "entered": 1, "jammer_count": 11, "cleared_jammer_count": 11, "clear_failure_count": 0, "virtual_time_us": 5857337066, "end_reason": "user_exit", "created_at_ms": 1789259152528}
GUI_JOB {"action": "return", "folder": "003-1-return"}
WAIT_GUI {"seconds_remaining": 60}
GUI_RESULT {"status": "returned-to-practice", "ok": true, "clicks": 2, "robot_started": false}
SENSITIVITY_PROGRESS 367 742 screen 4 steps=2 ZBQX-BAW7-SB6X-456K 11 11
GUI_JOB {"action": "dry-run", "folder": "001-0-dry-run"}
WAIT_GUI {"seconds_remaining": 60}
GUI_RESULT {"status": "dry-run-ready", "ok": true, "clicks": 0, "robot_started": false}
READ_ONLY_DB_COPY {"label": "001-db-before", "rows": 546}
GUI_JOB {"action": "run", "folder": "002-1-run"}
WAIT_GUI {"seconds_remaining": 1320}
GUI_RESULT {"robot_exit": 0, "case_code": "54WE-VKF4-CAUH-22Z2", "ok": true, "robot_started": true, "status": "robot-completed", "clicks": 1}
READ_ONLY_DB_COPY {"label": "001-db-after-0", "rows": 547}
AUTHORITATIVE_RESULT {"id": 547, "team_no": "202623001141", "problem_no": 3, "practice_run_no": 7305904126415874937, "case_code": "54WE-VKF4-CAUH-22Z2", "entered": 1, "jammer_count": 15, "cleared_jammer_count": 15, "clear_failure_count": 0, "virtual_time_us": 3152653996, "end_reason": "user_exit", "created_at_ms": 1789259202026}
GUI_JOB {"action": "return", "folder": "003-1-return"}
WAIT_GUI {"seconds_remaining": 60}
GUI_RESULT {"status": "returned-to-practice", "ok": true, "clicks": 2, "robot_started": false}
SENSITIVITY_PROGRESS 368 742 screen 3 max_active=5 54WE-VKF4-CAUH-22Z2 15 15
GUI_JOB {"action": "dry-run", "folder": "001-0-dry-run"}
WAIT_GUI {"seconds_remaining": 60}
GUI_RESULT {"status": "dry-run-ready", "ok": true, "clicks": 0, "robot_started": false}
READ_ONLY_DB_COPY {"label": "001-db-before", "rows": 547}
GUI_JOB {"action": "run", "folder": "002-1-run"}
WAIT_GUI {"seconds_remaining": 1320}
GUI_RESULT {"robot_exit": 0, "case_code": "CNRZ-P3YU-JEYN-Z8KP", "ok": true, "robot_started": true, "status": "robot-completed", "clicks": 1}
READ_ONLY_DB_COPY {"label": "001-db-after-0", "rows": 548}
AUTHORITATIVE_RESULT {"id": 548, "team_no": "202623001141", "problem_no": 4, "practice_run_no": 6560205420897476484, "case_code": "CNRZ-P3YU-JEYN-Z8KP", "entered": 1, "jammer_count": 15, "cleared_jammer_count": 15, "clear_failure_count": 0, "virtual_time_us": 5710711815, "end_reason": "user_exit", "created_at_ms": 1789259246398}
GUI_JOB {"action": "return", "folder": "003-1-return"}
WAIT_GUI {"seconds_remaining": 60}
GUI_RESULT {"status": "returned-to-practice", "ok": true, "clicks": 2, "robot_started": false}
SENSITIVITY_PROGRESS 369 742 screen 4 pause_limit=8 CNRZ-P3YU-JEYN-Z8KP 15 15
GUI_JOB {"action": "dry-run", "folder": "001-0-dry-run"}
WAIT_GUI {"seconds_remaining": 60}
GUI_RESULT {"status": "dry-run-ready", "ok": true, "clicks": 0, "robot_started": false}
READ_ONLY_DB_COPY {"label": "001-db-before", "rows": 548}
GUI_JOB {"action": "run", "folder": "002-1-run"}
WAIT_GUI {"seconds_remaining": 1320}
GUI_RESULT {"robot_exit": 0, "case_code": "AQSX-C4AZ-8HZ9-JGQ6", "ok": true, "robot_started": true, "status": "robot-completed", "clicks": 1}
READ_ONLY_DB_COPY {"label": "001-db-after-0", "rows": 549}
AUTHORITATIVE_RESULT {"id": 549, "team_no": "202623001141", "problem_no": 4, "practice_run_no": 5295500419220666150, "case_code": "AQSX-C4AZ-8HZ9-JGQ6", "entered": 1, "jammer_count": 16, "cleared_jammer_count": 16, "clear_failure_count": 0, "virtual_time_us": 5944545834, "end_reason": "user_exit", "created_at_ms": 1789259294972}
GUI_JOB {"action": "return", "folder": "003-1-return"}
WAIT_GUI {"seconds_remaining": 60}
GUI_RESULT {"status": "returned-to-practice", "ok": true, "clicks": 2, "robot_started": false}
SENSITIVITY_PROGRESS 370 742 screen 4 share_cooldown=400 AQSX-C4AZ-8HZ9-JGQ6 16 16
GUI_JOB {"action": "dry-run", "folder": "001-0-dry-run"}
WAIT_GUI {"seconds_remaining": 60}
GUI_RESULT {"status": "dry-run-ready", "ok": true, "clicks": 0, "robot_started": false}
READ_ONLY_DB_COPY {"label": "001-db-before", "rows": 549}
GUI_JOB {"action": "run", "folder": "002-1-run"}
WAIT_GUI {"seconds_remaining": 1320}
GUI_RESULT {"robot_exit": 0, "case_code": "CHM5-ACRP-QRRV-CD22", "ok": true, "robot_started": true, "status": "robot-completed", "clicks": 1}
READ_ONLY_DB_COPY {"label": "001-db-after-0", "rows": 550}
AUTHORITATIVE_RESULT {"id": 550, "team_no": "202623001141", "problem_no": 4, "practice_run_no": 3078493700112123933, "case_code": "CHM5-ACRP-QRRV-CD22", "entered": 1, "jammer_count": 12, "cleared_jammer_count": 12, "clear_failure_count": 0, "virtual_time_us": 5851639953, "end_reason": "user_exit", "created_at_ms": 1789259344222}
GUI_JOB {"action": "return", "folder": "003-1-return"}
WAIT_GUI {"seconds_remaining": 60}
GUI_RESULT {"status": "returned-to-practice", "ok": true, "clicks": 2, "robot_started": false}
SENSITIVITY_PROGRESS 371 742 screen 4 pause_limit=24 CHM5-ACRP-QRRV-CD22 12 12
GUI_JOB {"action": "dry-run", "folder": "001-0-dry-run"}
WAIT_GUI {"seconds_remaining": 60}
GUI_RESULT {"status": "dry-run-ready", "ok": true, "clicks": 0, "robot_started": false}
READ_ONLY_DB_COPY {"label": "001-db-before", "rows": 550}
GUI_JOB {"action": "run", "folder": "002-1-run"}
WAIT_GUI {"seconds_remaining": 1320}
GUI_RESULT {"robot_exit": 0, "case_code": "XW5K-8TWG-9ZQN-CUFS", "ok": true, "robot_started": true, "status": "robot-completed", "clicks": 1}
READ_ONLY_DB_COPY {"label": "001-db-after-0", "rows": 551}
AUTHORITATIVE_RESULT {"id": 551, "team_no": "202623001141", "problem_no": 4, "practice_run_no": 660059551903746801, "case_code": "XW5K-8TWG-9ZQN-CUFS", "entered": 1, "jammer_count": 12, "cleared_jammer_count": 12, "clear_failure_count": 0, "virtual_time_us": 6231074284, "end_reason": "user_exit", "created_at_ms": 1789259394252}
GUI_JOB {"action": "return", "folder": "003-1-return"}
WAIT_GUI {"seconds_remaining": 60}
GUI_RESULT {"status": "returned-to-practice", "ok": true, "clicks": 2, "robot_started": false}
SENSITIVITY_PROGRESS 372 742 screen 4 share_limit=20 XW5K-8TWG-9ZQN-CUFS 12 12
GUI_JOB {"action": "dry-run", "folder": "001-0-dry-run"}
WAIT_GUI {"seconds_remaining": 60}
GUI_RESULT {"status": "dry-run-ready", "ok": true, "clicks": 0, "robot_started": false}
READ_ONLY_DB_COPY {"label": "001-db-before", "rows": 551}
GUI_JOB {"action": "run", "folder": "002-1-run"}
WAIT_GUI {"seconds_remaining": 1320}
GUI_RESULT {"robot_exit": 0, "case_code": "T25E-F7T7-6DDV-QCSJ", "ok": true, "robot_started": true, "status": "robot-completed", "clicks": 1}
READ_ONLY_DB_COPY {"label": "001-db-after-0", "rows": 552}
AUTHORITATIVE_RESULT {"id": 552, "team_no": "202623001141", "problem_no": 3, "practice_run_no": 7271822433759300662, "case_code": "T25E-F7T7-6DDV-QCSJ", "entered": 1, "jammer_count": 13, "cleared_jammer_count": 13, "clear_failure_count": 0, "virtual_time_us": 2912983992, "end_reason": "user_exit", "created_at_ms": 1789259444449}
GUI_JOB {"action": "return", "folder": "003-1-return"}
WAIT_GUI {"seconds_remaining": 60}
GUI_RESULT {"status": "returned-to-practice", "ok": true, "clicks": 2, "robot_started": false}
SENSITIVITY_PROGRESS 373 742 screen 3 baseline T25E-F7T7-6DDV-QCSJ 13 13
GUI_JOB {"action": "dry-run", "folder": "001-0-dry-run"}
WAIT_GUI {"seconds_remaining": 60}
GUI_RESULT {"status": "dry-run-ready", "ok": true, "clicks": 0, "robot_started": false}
READ_ONLY_DB_COPY {"label": "001-db-before", "rows": 552}
GUI_JOB {"action": "run", "folder": "002-1-run"}
WAIT_GUI {"seconds_remaining": 1320}
GUI_RESULT {"robot_exit": 0, "case_code": "4RTP-U4C5-BK3W-TNKN", "ok": true, "robot_started": true, "status": "robot-completed", "clicks": 1}
READ_ONLY_DB_COPY {"label": "001-db-after-0", "rows": 553}
AUTHORITATIVE_RESULT {"id": 553, "team_no": "202623001141", "problem_no": 3, "practice_run_no": 2836239282079690316, "case_code": "4RTP-U4C5-BK3W-TNKN", "entered": 1, "jammer_count": 16, "cleared_jammer_count": 16, "clear_failure_count": 0, "virtual_time_us": 3476420994, "end_reason": "user_exit", "created_at_ms": 1789259488295}
GUI_JOB {"action": "return", "folder": "003-1-return"}
WAIT_GUI {"seconds_remaining": 60}
GUI_RESULT {"status": "returned-to-practice", "ok": true, "clicks": 2, "robot_started": false}
SENSITIVITY_PROGRESS 374 742 screen 3 share_limit=2 4RTP-U4C5-BK3W-TNKN 16 16
GUI_JOB {"action": "dry-run", "folder": "001-0-dry-run"}
WAIT_GUI {"seconds_remaining": 60}
GUI_RESULT {"status": "dry-run-ready", "ok": true, "clicks": 0, "robot_started": false}
READ_ONLY_DB_COPY {"label": "001-db-before", "rows": 553}
GUI_JOB {"action": "run", "folder": "002-1-run"}
WAIT_GUI {"seconds_remaining": 1320}
GUI_RESULT {"robot_exit": 0, "case_code": "Y3GN-4TY3-KQDT-JMA8", "ok": true, "robot_started": true, "status": "robot-completed", "clicks": 1}
READ_ONLY_DB_COPY {"label": "001-db-after-0", "rows": 554}
AUTHORITATIVE_RESULT {"id": 554, "team_no": "202623001141", "problem_no": 3, "practice_run_no": 767429999519815831, "case_code": "Y3GN-4TY3-KQDT-JMA8", "entered": 1, "jammer_count": 10, "cleared_jammer_count": 10, "clear_failure_count": 1, "virtual_time_us": 3240058598, "end_reason": "user_exit", "created_at_ms": 1789259533108}
GUI_JOB {"action": "return", "folder": "003-1-return"}
WAIT_GUI {"seconds_remaining": 60}
GUI_RESULT {"status": "returned-to-practice", "ok": true, "clicks": 2, "robot_started": false}
SENSITIVITY_PROGRESS 375 742 screen 3 localization_weight=0.32 Y3GN-4TY3-KQDT-JMA8 10 10
GUI_JOB {"action": "dry-run", "folder": "001-0-dry-run"}
WAIT_GUI {"seconds_remaining": 60}
GUI_RESULT {"status": "dry-run-ready", "ok": true, "clicks": 0, "robot_started": false}
READ_ONLY_DB_COPY {"label": "001-db-before", "rows": 554}
GUI_JOB {"action": "run", "folder": "002-1-run"}
WAIT_GUI {"seconds_remaining": 1320}
GUI_RESULT {"robot_exit": 0, "case_code": "KEBG-7S72-RJWN-PN6T", "ok": true, "robot_started": true, "status": "robot-completed", "clicks": 1}
READ_ONLY_DB_COPY {"label": "001-db-after-0", "rows": 555}
AUTHORITATIVE_RESULT {"id": 555, "team_no": "202623001141", "problem_no": 4, "practice_run_no": 294525532770549162, "case_code": "KEBG-7S72-RJWN-PN6T", "entered": 1, "jammer_count": 16, "cleared_jammer_count": 16, "clear_failure_count": 0, "virtual_time_us": 4941260013, "end_reason": "user_exit", "created_at_ms": 1789259578202}
GUI_JOB {"action": "return", "folder": "003-1-return"}
WAIT_GUI {"seconds_remaining": 60}
GUI_RESULT {"status": "returned-to-practice", "ok": true, "clicks": 2, "robot_started": false}
SENSITIVITY_PROGRESS 376 742 screen 4 share_limit=0 KEBG-7S72-RJWN-PN6T 16 16
GUI_JOB {"action": "dry-run", "folder": "001-0-dry-run"}
WAIT_GUI {"seconds_remaining": 60}
GUI_RESULT {"status": "dry-run-ready", "ok": true, "clicks": 0, "robot_started": false}
READ_ONLY_DB_COPY {"label": "001-db-before", "rows": 555}
GUI_JOB {"action": "run", "folder": "002-1-run"}
WAIT_GUI {"seconds_remaining": 1320}
GUI_RESULT {"robot_exit": 0, "case_code": "DJA6-VBMV-K5KY-PE3V", "ok": true, "robot_started": true, "status": "robot-completed", "clicks": 1}
READ_ONLY_DB_COPY {"label": "001-db-after-0", "rows": 556}
AUTHORITATIVE_RESULT {"id": 556, "team_no": "202623001141", "problem_no": 3, "practice_run_no": 663915168002370655, "case_code": "DJA6-VBMV-K5KY-PE3V", "entered": 1, "jammer_count": 10, "cleared_jammer_count": 10, "clear_failure_count": 0, "virtual_time_us": 2951082356, "end_reason": "user_exit", "created_at_ms": 1789259625404}
GUI_JOB {"action": "return", "folder": "003-1-return"}
WAIT_GUI {"seconds_remaining": 60}
GUI_RESULT {"status": "returned-to-practice", "ok": true, "clicks": 2, "robot_started": false}
SENSITIVITY_PROGRESS 377 742 screen 3 max_active=4 DJA6-VBMV-K5KY-PE3V 10 10
GUI_JOB {"action": "dry-run", "folder": "001-0-dry-run"}
WAIT_GUI {"seconds_remaining": 60}
GUI_RESULT {"status": "dry-run-ready", "ok": true, "clicks": 0, "robot_started": false}
READ_ONLY_DB_COPY {"label": "001-db-before", "rows": 556}
GUI_JOB {"action": "run", "folder": "002-1-run"}
WAIT_GUI {"seconds_remaining": 1320}
GUI_RESULT {"robot_exit": 0, "case_code": "Y4PR-NDRP-NE5S-B4NE", "ok": true, "robot_started": true, "status": "robot-completed", "clicks": 1}
READ_ONLY_DB_COPY {"label": "001-db-after-0", "rows": 557}
AUTHORITATIVE_RESULT {"id": 557, "team_no": "202623001141", "problem_no": 3, "practice_run_no": 8603257968784879795, "case_code": "Y4PR-NDRP-NE5S-B4NE", "entered": 1, "jammer_count": 11, "cleared_jammer_count": 11, "clear_failure_count": 0, "virtual_time_us": 2785276581, "end_reason": "user_exit", "created_at_ms": 1789259669302}
GUI_JOB {"action": "return", "folder": "003-1-return"}
WAIT_GUI {"seconds_remaining": 60}
GUI_RESULT {"status": "returned-to-practice", "ok": true, "clicks": 2, "robot_started": false}
SENSITIVITY_PROGRESS 378 742 screen 3 remainder_weight=0 Y4PR-NDRP-NE5S-B4NE 11 11
GUI_JOB {"action": "dry-run", "folder": "001-0-dry-run"}
WAIT_GUI {"seconds_remaining": 60}
GUI_RESULT {"status": "dry-run-ready", "ok": true, "clicks": 0, "robot_started": false}
READ_ONLY_DB_COPY {"label": "001-db-before", "rows": 557}
GUI_JOB {"action": "run", "folder": "002-1-run"}
WAIT_GUI {"seconds_remaining": 1320}
GUI_RESULT {"robot_exit": 0, "case_code": "YFVZ-SDVH-8JWK-KESH", "ok": true, "robot_started": true, "status": "robot-completed", "clicks": 1}
READ_ONLY_DB_COPY {"label": "001-db-after-0", "rows": 558}
AUTHORITATIVE_RESULT {"id": 558, "team_no": "202623001141", "problem_no": 3, "practice_run_no": 248463333111213004, "case_code": "YFVZ-SDVH-8JWK-KESH", "entered": 1, "jammer_count": 13, "cleared_jammer_count": 13, "clear_failure_count": 0, "virtual_time_us": 3237495486, "end_reason": "user_exit", "created_at_ms": 1789259714251}
GUI_JOB {"action": "return", "folder": "003-1-return"}
WAIT_GUI {"seconds_remaining": 60}
GUI_RESULT {"status": "returned-to-practice", "ok": true, "clicks": 2, "robot_started": false}
SENSITIVITY_PROGRESS 379 742 screen 3 trial_radius=20 YFVZ-SDVH-8JWK-KESH 13 13
GUI_JOB {"action": "dry-run", "folder": "001-0-dry-run"}
WAIT_GUI {"seconds_remaining": 60}
GUI_RESULT {"status": "dry-run-ready", "ok": true, "clicks": 0, "robot_started": false}
READ_ONLY_DB_COPY {"label": "001-db-before", "rows": 558}
GUI_JOB {"action": "run", "folder": "002-1-run"}
WAIT_GUI {"seconds_remaining": 1320}
GUI_RESULT {"robot_exit": 0, "case_code": "EPMM-G5RE-DX4D-MVW8", "ok": true, "robot_started": true, "status": "robot-completed", "clicks": 1}
READ_ONLY_DB_COPY {"label": "001-db-after-0", "rows": 559}
AUTHORITATIVE_RESULT {"id": 559, "team_no": "202623001141", "problem_no": 4, "practice_run_no": 8792492474324660586, "case_code": "EPMM-G5RE-DX4D-MVW8", "entered": 1, "jammer_count": 15, "cleared_jammer_count": 15, "clear_failure_count": 0, "virtual_time_us": 6305887656, "end_reason": "user_exit", "created_at_ms": 1789259759711}
GUI_JOB {"action": "return", "folder": "003-1-return"}
WAIT_GUI {"seconds_remaining": 60}
GUI_RESULT {"status": "returned-to-practice", "ok": true, "clicks": 2, "robot_started": false}
SENSITIVITY_PROGRESS 380 742 screen 4 baseline EPMM-G5RE-DX4D-MVW8 15 15
GUI_JOB {"action": "dry-run", "folder": "001-0-dry-run"}
WAIT_GUI {"seconds_remaining": 60}
GUI_RESULT {"status": "dry-run-ready", "ok": true, "clicks": 0, "robot_started": false}
READ_ONLY_DB_COPY {"label": "001-db-before", "rows": 559}
GUI_JOB {"action": "run", "folder": "002-1-run"}
WAIT_GUI {"seconds_remaining": 1320}
GUI_RESULT {"robot_exit": 0, "case_code": "G967-62Q5-U67A-T3AX", "ok": true, "robot_started": true, "status": "robot-completed", "clicks": 1}
READ_ONLY_DB_COPY {"label": "001-db-after-0", "rows": 560}
AUTHORITATIVE_RESULT {"id": 560, "team_no": "202623001141", "problem_no": 3, "practice_run_no": 688664324186159276, "case_code": "G967-62Q5-U67A-T3AX", "entered": 1, "jammer_count": 10, "cleared_jammer_count": 10, "clear_failure_count": 0, "virtual_time_us": 3217562898, "end_reason": "user_exit", "created_at_ms": 1789259808395}
GUI_JOB {"action": "return", "folder": "003-1-return"}
WAIT_GUI {"seconds_remaining": 60}
GUI_RESULT {"status": "returned-to-practice", "ok": true, "clicks": 2, "robot_started": false}
SENSITIVITY_PROGRESS 381 742 screen 3 share_limit=20 G967-62Q5-U67A-T3AX 10 10
GUI_JOB {"action": "dry-run", "folder": "001-0-dry-run"}
WAIT_GUI {"seconds_remaining": 60}
GUI_RESULT {"status": "dry-run-ready", "ok": true, "clicks": 0, "robot_started": false}
READ_ONLY_DB_COPY {"label": "001-db-before", "rows": 560}
GUI_JOB {"action": "run", "folder": "002-1-run"}
WAIT_GUI {"seconds_remaining": 1320}
GUI_RESULT {"robot_exit": 0, "case_code": "W8XX-HM35-CQ9J-76VC", "ok": true, "robot_started": true, "status": "robot-completed", "clicks": 1}
READ_ONLY_DB_COPY {"label": "001-db-after-0", "rows": 561}
AUTHORITATIVE_RESULT {"id": 561, "team_no": "202623001141", "problem_no": 3, "practice_run_no": 127029821761268376, "case_code": "W8XX-HM35-CQ9J-76VC", "entered": 1, "jammer_count": 13, "cleared_jammer_count": 13, "clear_failure_count": 0, "virtual_time_us": 3091863441, "end_reason": "user_exit", "created_at_ms": 1789259853982}
GUI_JOB {"action": "return", "folder": "003-1-return"}
WAIT_GUI {"seconds_remaining": 60}
GUI_RESULT {"status": "returned-to-practice", "ok": true, "clicks": 2, "robot_started": false}
SENSITIVITY_PROGRESS 382 742 screen 3 max_active=2 W8XX-HM35-CQ9J-76VC 13 13
GUI_JOB {"action": "dry-run", "folder": "001-0-dry-run"}
WAIT_GUI {"seconds_remaining": 60}
GUI_RESULT {"status": "dry-run-ready", "ok": true, "clicks": 0, "robot_started": false}
READ_ONLY_DB_COPY {"label": "001-db-before", "rows": 561}
GUI_JOB {"action": "run", "folder": "002-1-run"}
WAIT_GUI {"seconds_remaining": 1320}
GUI_RESULT {"robot_exit": 0, "case_code": "HRYD-X6GQ-DK6W-YDEH", "ok": true, "robot_started": true, "status": "robot-completed", "clicks": 1}
READ_ONLY_DB_COPY {"label": "001-db-after-0", "rows": 562}
AUTHORITATIVE_RESULT {"id": 562, "team_no": "202623001141", "problem_no": 4, "practice_run_no": 6688057485710109466, "case_code": "HRYD-X6GQ-DK6W-YDEH", "entered": 1, "jammer_count": 10, "cleared_jammer_count": 10, "clear_failure_count": 0, "virtual_time_us": 6010809671, "end_reason": "user_exit", "created_at_ms": 1789259898638}
GUI_JOB {"action": "return", "folder": "003-1-return"}
WAIT_GUI {"seconds_remaining": 60}
GUI_RESULT {"status": "returned-to-practice", "ok": true, "clicks": 2, "robot_started": false}
SENSITIVITY_PROGRESS 383 742 screen 4 share_limit=12 HRYD-X6GQ-DK6W-YDEH 10 10
GUI_JOB {"action": "dry-run", "folder": "001-0-dry-run"}
WAIT_GUI {"seconds_remaining": 60}
GUI_RESULT {"status": "dry-run-ready", "ok": true, "clicks": 0, "robot_started": false}
READ_ONLY_DB_COPY {"label": "001-db-before", "rows": 562}
GUI_JOB {"action": "run", "folder": "002-1-run"}
WAIT_GUI {"seconds_remaining": 1320}
GUI_RESULT {"robot_exit": 0, "case_code": "H5F6-49JH-SD4F-WTQX", "ok": true, "robot_started": true, "status": "robot-completed", "clicks": 1}
READ_ONLY_DB_COPY {"label": "001-db-after-0", "rows": 563}
AUTHORITATIVE_RESULT {"id": 563, "team_no": "202623001141", "problem_no": 3, "practice_run_no": 4608568628226579246, "case_code": "H5F6-49JH-SD4F-WTQX", "entered": 1, "jammer_count": 14, "cleared_jammer_count": 14, "clear_failure_count": 0, "virtual_time_us": 3326451283, "end_reason": "user_exit", "created_at_ms": 1789259950624}
GUI_JOB {"action": "return", "folder": "003-1-return"}
WAIT_GUI {"seconds_remaining": 60}
GUI_RESULT {"status": "returned-to-practice", "ok": true, "clicks": 2, "robot_started": false}
SENSITIVITY_PROGRESS 384 742 screen 3 trial_radius=80 H5F6-49JH-SD4F-WTQX 14 14
GUI_JOB {"action": "dry-run", "folder": "001-0-dry-run"}
WAIT_GUI {"seconds_remaining": 60}
GUI_RESULT {"status": "dry-run-ready", "ok": true, "clicks": 0, "robot_started": false}
READ_ONLY_DB_COPY {"label": "001-db-before", "rows": 563}
GUI_JOB {"action": "run", "folder": "002-1-run"}
WAIT_GUI {"seconds_remaining": 1320}
GUI_RESULT {"robot_exit": 0, "case_code": "AD6Q-V9V4-4KC4-PQUD", "ok": true, "robot_started": true, "status": "robot-completed", "clicks": 1}
READ_ONLY_DB_COPY {"label": "001-db-after-0", "rows": 564}
AUTHORITATIVE_RESULT {"id": 564, "team_no": "202623001141", "problem_no": 3, "practice_run_no": 3185052192128039038, "case_code": "AD6Q-V9V4-4KC4-PQUD", "entered": 1, "jammer_count": 16, "cleared_jammer_count": 16, "clear_failure_count": 1, "virtual_time_us": 3640602713, "end_reason": "user_exit", "created_at_ms": 1789259996085}
GUI_JOB {"action": "return", "folder": "003-1-return"}
WAIT_GUI {"seconds_remaining": 60}
GUI_RESULT {"status": "returned-to-practice", "ok": true, "clicks": 2, "robot_started": false}
SENSITIVITY_PROGRESS 385 742 screen 3 share_limit=12 AD6Q-V9V4-4KC4-PQUD 16 16
GUI_JOB {"action": "dry-run", "folder": "001-0-dry-run"}
WAIT_GUI {"seconds_remaining": 60}
GUI_RESULT {"status": "dry-run-ready", "ok": true, "clicks": 0, "robot_started": false}
READ_ONLY_DB_COPY {"label": "001-db-before", "rows": 564}
GUI_JOB {"action": "run", "folder": "002-1-run"}
WAIT_GUI {"seconds_remaining": 1320}
GUI_RESULT {"robot_exit": 0, "case_code": "BEYC-2K6K-2GET-26PB", "ok": true, "robot_started": true, "status": "robot-completed", "clicks": 1}
READ_ONLY_DB_COPY {"label": "001-db-after-0", "rows": 565}
AUTHORITATIVE_RESULT {"id": 565, "team_no": "202623001141", "problem_no": 3, "practice_run_no": 6838803891663275741, "case_code": "BEYC-2K6K-2GET-26PB", "entered": 1, "jammer_count": 16, "cleared_jammer_count": 16, "clear_failure_count": 0, "virtual_time_us": 2837910692, "end_reason": "user_exit", "created_at_ms": 1789260040978}
GUI_JOB {"action": "return", "folder": "003-1-return"}
WAIT_GUI {"seconds_remaining": 60}
GUI_RESULT {"status": "returned-to-practice", "ok": true, "clicks": 2, "robot_started": false}
SENSITIVITY_PROGRESS 386 742 screen 3 localization_weight=0 BEYC-2K6K-2GET-26PB 16 16
GUI_JOB {"action": "dry-run", "folder": "001-0-dry-run"}
WAIT_GUI {"seconds_remaining": 60}
GUI_RESULT {"status": "dry-run-ready", "ok": true, "clicks": 0, "robot_started": false}
READ_ONLY_DB_COPY {"label": "001-db-before", "rows": 565}
GUI_JOB {"action": "run", "folder": "002-1-run"}
WAIT_GUI {"seconds_remaining": 1320}
GUI_RESULT {"robot_exit": 0, "case_code": "BBGQ-VWNF-GPW5-CZS6", "ok": true, "robot_started": true, "status": "robot-completed", "clicks": 1}
READ_ONLY_DB_COPY {"label": "001-db-after-0", "rows": 566}
AUTHORITATIVE_RESULT {"id": 566, "team_no": "202623001141", "problem_no": 4, "practice_run_no": 2280116678810403917, "case_code": "BBGQ-VWNF-GPW5-CZS6", "entered": 1, "jammer_count": 10, "cleared_jammer_count": 10, "clear_failure_count": 1, "virtual_time_us": 5723988611, "end_reason": "user_exit", "created_at_ms": 1789260086744}
GUI_JOB {"action": "return", "folder": "003-1-return"}
WAIT_GUI {"seconds_remaining": 60}
GUI_RESULT {"status": "returned-to-practice", "ok": true, "clicks": 2, "robot_started": false}
SENSITIVITY_PROGRESS 387 742 screen 4 trial_radius=80 BBGQ-VWNF-GPW5-CZS6 10 10
GUI_JOB {"action": "dry-run", "folder": "001-0-dry-run"}
WAIT_GUI {"seconds_remaining": 60}
GUI_RESULT {"status": "dry-run-ready", "ok": true, "clicks": 0, "robot_started": false}
READ_ONLY_DB_COPY {"label": "001-db-before", "rows": 566}
GUI_JOB {"action": "run", "folder": "002-1-run"}
WAIT_GUI {"seconds_remaining": 1320}
GUI_RESULT {"robot_exit": 0, "case_code": "Y96W-CYCS-7GCX-89SV", "ok": true, "robot_started": true, "status": "robot-completed", "clicks": 1}
READ_ONLY_DB_COPY {"label": "001-db-after-0", "rows": 567}
AUTHORITATIVE_RESULT {"id": 567, "team_no": "202623001141", "problem_no": 4, "practice_run_no": 3808407053537945975, "case_code": "Y96W-CYCS-7GCX-89SV", "entered": 1, "jammer_count": 14, "cleared_jammer_count": 14, "clear_failure_count": 0, "virtual_time_us": 5514074460, "end_reason": "user_exit", "created_at_ms": 1789260137446}
GUI_JOB {"action": "return", "folder": "003-1-return"}
WAIT_GUI {"seconds_remaining": 60}
GUI_RESULT {"status": "returned-to-practice", "ok": true, "clicks": 2, "robot_started": false}
SENSITIVITY_PROGRESS 388 742 screen 4 share_cooldown=800 Y96W-CYCS-7GCX-89SV 14 14
GUI_JOB {"action": "dry-run", "folder": "001-0-dry-run"}
WAIT_GUI {"seconds_remaining": 60}
GUI_RESULT {"status": "dry-run-ready", "ok": true, "clicks": 0, "robot_started": false}
READ_ONLY_DB_COPY {"label": "001-db-before", "rows": 567}
GUI_JOB {"action": "run", "folder": "002-1-run"}
WAIT_GUI {"seconds_remaining": 1320}
GUI_RESULT {"robot_exit": 0, "case_code": "GS34-EU3D-WZ4V-DARB", "ok": true, "robot_started": true, "status": "robot-completed", "clicks": 1}
READ_ONLY_DB_COPY {"label": "001-db-after-0", "rows": 568}
AUTHORITATIVE_RESULT {"id": 568, "team_no": "202623001141", "problem_no": 4, "practice_run_no": 7975535598887837052, "case_code": "GS34-EU3D-WZ4V-DARB", "entered": 1, "jammer_count": 15, "cleared_jammer_count": 15, "clear_failure_count": 0, "virtual_time_us": 5941728825, "end_reason": "user_exit", "created_at_ms": 1789260188161}
GUI_JOB {"action": "return", "folder": "003-1-return"}
WAIT_GUI {"seconds_remaining": 60}
GUI_RESULT {"status": "returned-to-practice", "ok": true, "clicks": 2, "robot_started": false}
SENSITIVITY_PROGRESS 389 742 screen 4 transverse_m=10 GS34-EU3D-WZ4V-DARB 15 15
GUI_JOB {"action": "dry-run", "folder": "001-0-dry-run"}
WAIT_GUI {"seconds_remaining": 60}
GUI_RESULT {"status": "dry-run-ready", "ok": true, "clicks": 0, "robot_started": false}
READ_ONLY_DB_COPY {"label": "001-db-before", "rows": 568}
GUI_JOB {"action": "run", "folder": "002-1-run"}
WAIT_GUI {"seconds_remaining": 1320}
GUI_RESULT {"robot_exit": 0, "case_code": "VHFY-2QQJ-CJDS-UNEH", "ok": true, "robot_started": true, "status": "robot-completed", "clicks": 1}
READ_ONLY_DB_COPY {"label": "001-db-after-0", "rows": 569}
AUTHORITATIVE_RESULT {"id": 569, "team_no": "202623001141", "problem_no": 4, "practice_run_no": 4848173987595010216, "case_code": "VHFY-2QQJ-CJDS-UNEH", "entered": 1, "jammer_count": 15, "cleared_jammer_count": 15, "clear_failure_count": 0, "virtual_time_us": 5796398378, "end_reason": "user_exit", "created_at_ms": 1789260238375}
GUI_JOB {"action": "return", "folder": "003-1-return"}
WAIT_GUI {"seconds_remaining": 60}
GUI_RESULT {"status": "returned-to-practice", "ok": true, "clicks": 2, "robot_started": false}
SENSITIVITY_PROGRESS 390 742 screen 4 fraction=0.5 VHFY-2QQJ-CJDS-UNEH 15 15
GUI_JOB {"action": "dry-run", "folder": "001-0-dry-run"}
WAIT_GUI {"seconds_remaining": 60}
GUI_RESULT {"status": "dry-run-ready", "ok": true, "clicks": 0, "robot_started": false}
READ_ONLY_DB_COPY {"label": "001-db-before", "rows": 569}
GUI_JOB {"action": "run", "folder": "002-1-run"}
WAIT_GUI {"seconds_remaining": 1320}
GUI_RESULT {"robot_exit": 0, "case_code": "MRYS-5E4V-Y8MH-YJHY", "ok": true, "robot_started": true, "status": "robot-completed", "clicks": 1}
READ_ONLY_DB_COPY {"label": "001-db-after-0", "rows": 570}
AUTHORITATIVE_RESULT {"id": 570, "team_no": "202623001141", "problem_no": 4, "practice_run_no": 9061567668022456853, "case_code": "MRYS-5E4V-Y8MH-YJHY", "entered": 1, "jammer_count": 15, "cleared_jammer_count": 15, "clear_failure_count": 1, "virtual_time_us": 5678428618, "end_reason": "user_exit", "created_at_ms": 1789260288087}
GUI_JOB {"action": "return", "folder": "003-1-return"}
WAIT_GUI {"seconds_remaining": 60}
GUI_RESULT {"status": "returned-to-practice", "ok": true, "clicks": 2, "robot_started": false}
SENSITIVITY_PROGRESS 391 742 screen 4 trial_radius=65 MRYS-5E4V-Y8MH-YJHY 15 15
GUI_JOB {"action": "dry-run", "folder": "001-0-dry-run"}
WAIT_GUI {"seconds_remaining": 60}
GUI_RESULT {"status": "dry-run-ready", "ok": true, "clicks": 0, "robot_started": false}
READ_ONLY_DB_COPY {"label": "001-db-before", "rows": 570}
GUI_JOB {"action": "run", "folder": "002-1-run"}
WAIT_GUI {"seconds_remaining": 1320}
GUI_RESULT {"robot_exit": 0, "case_code": "WN2T-U8MT-3HJU-HEVF", "ok": true, "robot_started": true, "status": "robot-completed", "clicks": 1}
READ_ONLY_DB_COPY {"label": "001-db-after-0", "rows": 571}
AUTHORITATIVE_RESULT {"id": 571, "team_no": "202623001141", "problem_no": 4, "practice_run_no": 7508876466884443804, "case_code": "WN2T-U8MT-3HJU-HEVF", "entered": 1, "jammer_count": 13, "cleared_jammer_count": 13, "clear_failure_count": 0, "virtual_time_us": 5951304352, "end_reason": "user_exit", "created_at_ms": 1789260338786}
GUI_JOB {"action": "return", "folder": "003-1-return"}
WAIT_GUI {"seconds_remaining": 60}
GUI_RESULT {"status": "returned-to-practice", "ok": true, "clicks": 2, "robot_started": false}
SENSITIVITY_PROGRESS 392 742 screen 4 fraction=0.3 WN2T-U8MT-3HJU-HEVF 13 13
GUI_JOB {"action": "dry-run", "folder": "001-0-dry-run"}
WAIT_GUI {"seconds_remaining": 60}
GUI_RESULT {"status": "dry-run-ready", "ok": true, "clicks": 0, "robot_started": false}
READ_ONLY_DB_COPY {"label": "001-db-before", "rows": 571}
GUI_JOB {"action": "run", "folder": "002-1-run"}
WAIT_GUI {"seconds_remaining": 1320}
GUI_RESULT {"robot_exit": 0, "case_code": "UG62-SU2B-D3GX-6945", "ok": true, "robot_started": true, "status": "robot-completed", "clicks": 1}
READ_ONLY_DB_COPY {"label": "001-db-after-0", "rows": 572}
AUTHORITATIVE_RESULT {"id": 572, "team_no": "202623001141", "problem_no": 3, "practice_run_no": 2837166772856198998, "case_code": "UG62-SU2B-D3GX-6945", "entered": 1, "jammer_count": 10, "cleared_jammer_count": 10, "clear_failure_count": 0, "virtual_time_us": 2820101992, "end_reason": "user_exit", "created_at_ms": 1789260388228}
GUI_JOB {"action": "return", "folder": "003-1-return"}
WAIT_GUI {"seconds_remaining": 60}
GUI_RESULT {"status": "returned-to-practice", "ok": true, "clicks": 2, "robot_started": false}
SENSITIVITY_PROGRESS 393 742 screen 3 trial_radius=35 UG62-SU2B-D3GX-6945 10 10
GUI_JOB {"action": "dry-run", "folder": "001-0-dry-run"}
WAIT_GUI {"seconds_remaining": 60}
GUI_RESULT {"status": "dry-run-ready", "ok": true, "clicks": 0, "robot_started": false}
READ_ONLY_DB_COPY {"label": "001-db-before", "rows": 572}
GUI_JOB {"action": "run", "folder": "002-1-run"}
WAIT_GUI {"seconds_remaining": 1320}
GUI_RESULT {"robot_exit": 0, "case_code": "XFRB-S7YW-S5DQ-T748", "ok": true, "robot_started": true, "status": "robot-completed", "clicks": 1}
READ_ONLY_DB_COPY {"label": "001-db-after-0", "rows": 573}
AUTHORITATIVE_RESULT {"id": 573, "team_no": "202623001141", "problem_no": 4, "practice_run_no": 2964514539646599972, "case_code": "XFRB-S7YW-S5DQ-T748", "entered": 1, "jammer_count": 13, "cleared_jammer_count": 13, "clear_failure_count": 0, "virtual_time_us": 6408734221, "end_reason": "user_exit", "created_at_ms": 1789260433173}
GUI_JOB {"action": "return", "folder": "003-1-return"}
WAIT_GUI {"seconds_remaining": 60}
GUI_RESULT {"status": "returned-to-practice", "ok": true, "clicks": 2, "robot_started": false}
SENSITIVITY_PROGRESS 394 742 screen 4 transverse_m=70 XFRB-S7YW-S5DQ-T748 13 13
GUI_JOB {"action": "dry-run", "folder": "001-0-dry-run"}
WAIT_GUI {"seconds_remaining": 60}
GUI_RESULT {"status": "dry-run-ready", "ok": true, "clicks": 0, "robot_started": false}
READ_ONLY_DB_COPY {"label": "001-db-before", "rows": 573}
GUI_JOB {"action": "run", "folder": "002-1-run"}
WAIT_GUI {"seconds_remaining": 1320}
GUI_RESULT {"robot_exit": 0, "case_code": "A2DJ-6N7S-WPXZ-MP7N", "ok": true, "robot_started": true, "status": "robot-completed", "clicks": 1}
READ_ONLY_DB_COPY {"label": "001-db-after-0", "rows": 574}
AUTHORITATIVE_RESULT {"id": 574, "team_no": "202623001141", "problem_no": 4, "practice_run_no": 9145283238653150998, "case_code": "A2DJ-6N7S-WPXZ-MP7N", "entered": 1, "jammer_count": 14, "cleared_jammer_count": 14, "clear_failure_count": 0, "virtual_time_us": 6196342653, "end_reason": "user_exit", "created_at_ms": 1789260486094}
GUI_JOB {"action": "return", "folder": "003-1-return"}
WAIT_GUI {"seconds_remaining": 60}
GUI_RESULT {"status": "returned-to-practice", "ok": true, "clicks": 2, "robot_started": false}
SENSITIVITY_PROGRESS 395 742 screen 4 transverse_m=100 A2DJ-6N7S-WPXZ-MP7N 14 14
GUI_JOB {"action": "dry-run", "folder": "001-0-dry-run"}
WAIT_GUI {"seconds_remaining": 60}
GUI_RESULT {"status": "dry-run-ready", "ok": true, "clicks": 0, "robot_started": false}
READ_ONLY_DB_COPY {"label": "001-db-before", "rows": 574}
GUI_JOB {"action": "run", "folder": "002-1-run"}
WAIT_GUI {"seconds_remaining": 1320}
GUI_RESULT {"robot_exit": 0, "case_code": "7YCR-WFSD-JT2V-QVNY", "ok": true, "robot_started": true, "status": "robot-completed", "clicks": 1}
READ_ONLY_DB_COPY {"label": "001-db-after-0", "rows": 575}
AUTHORITATIVE_RESULT {"id": 575, "team_no": "202623001141", "problem_no": 4, "practice_run_no": 6722435595614935251, "case_code": "7YCR-WFSD-JT2V-QVNY", "entered": 1, "jammer_count": 10, "cleared_jammer_count": 10, "clear_failure_count": 0, "virtual_time_us": 6316206797, "end_reason": "user_exit", "created_at_ms": 1789260534838}
GUI_JOB {"action": "return", "folder": "003-1-return"}
WAIT_GUI {"seconds_remaining": 60}
GUI_RESULT {"status": "returned-to-practice", "ok": true, "clicks": 2, "robot_started": false}
SENSITIVITY_PROGRESS 396 742 screen 4 trial_radius=50 7YCR-WFSD-JT2V-QVNY 10 10
GUI_JOB {"action": "dry-run", "folder": "001-0-dry-run"}
WAIT_GUI {"seconds_remaining": 60}
GUI_RESULT {"status": "dry-run-ready", "ok": true, "clicks": 0, "robot_started": false}
READ_ONLY_DB_COPY {"label": "001-db-before", "rows": 575}
GUI_JOB {"action": "run", "folder": "002-1-run"}
WAIT_GUI {"seconds_remaining": 1320}
GUI_RESULT {"robot_exit": 0, "case_code": "8D9B-ZG7E-PE7C-F4Y9", "ok": true, "robot_started": true, "status": "robot-completed", "clicks": 1}
READ_ONLY_DB_COPY {"label": "001-db-after-0", "rows": 576}
AUTHORITATIVE_RESULT {"id": 576, "team_no": "202623001141", "problem_no": 4, "practice_run_no": 1141874518563018711, "case_code": "8D9B-ZG7E-PE7C-F4Y9", "entered": 1, "jammer_count": 12, "cleared_jammer_count": 12, "clear_failure_count": 0, "virtual_time_us": 6047139636, "end_reason": "user_exit", "created_at_ms": 1789260588457}
GUI_JOB {"action": "return", "folder": "003-1-return"}
WAIT_GUI {"seconds_remaining": 60}
GUI_RESULT {"status": "returned-to-practice", "ok": true, "clicks": 2, "robot_started": false}
SENSITIVITY_PROGRESS 397 742 screen 4 fraction=0.05 8D9B-ZG7E-PE7C-F4Y9 12 12
GUI_JOB {"action": "dry-run", "folder": "001-0-dry-run"}
WAIT_GUI {"seconds_remaining": 60}
GUI_RESULT {"status": "dry-run-ready", "ok": true, "clicks": 0, "robot_started": false}
READ_ONLY_DB_COPY {"label": "001-db-before", "rows": 576}
GUI_JOB {"action": "run", "folder": "002-1-run"}
WAIT_GUI {"seconds_remaining": 1320}
GUI_RESULT {"robot_exit": 0, "case_code": "6WQK-H8WP-77QB-3P7U", "ok": true, "robot_started": true, "status": "robot-completed", "clicks": 1}
READ_ONLY_DB_COPY {"label": "001-db-after-0", "rows": 577}
AUTHORITATIVE_RESULT {"id": 577, "team_no": "202623001141", "problem_no": 4, "practice_run_no": 953694322698268191, "case_code": "6WQK-H8WP-77QB-3P7U", "entered": 1, "jammer_count": 13, "cleared_jammer_count": 13, "clear_failure_count": 0, "virtual_time_us": 6524920357, "end_reason": "user_exit", "created_at_ms": 1789260639343}
GUI_JOB {"action": "return", "folder": "003-1-return"}
WAIT_GUI {"seconds_remaining": 60}
GUI_RESULT {"status": "returned-to-practice", "ok": true, "clicks": 2, "robot_started": false}
SENSITIVITY_PROGRESS 398 742 screen 4 share_limit=2 6WQK-H8WP-77QB-3P7U 13 13
GUI_JOB {"action": "dry-run", "folder": "001-0-dry-run"}
WAIT_GUI {"seconds_remaining": 60}
GUI_RESULT {"status": "dry-run-ready", "ok": true, "clicks": 0, "robot_started": false}
READ_ONLY_DB_COPY {"label": "001-db-before", "rows": 577}
GUI_JOB {"action": "run", "folder": "002-1-run"}
WAIT_GUI {"seconds_remaining": 1320}
GUI_RESULT {"robot_exit": 0, "case_code": "TKDJ-JX5X-X83T-5RD6", "ok": true, "robot_started": true, "status": "robot-completed", "clicks": 1}
READ_ONLY_DB_COPY {"label": "001-db-after-0", "rows": 578}
AUTHORITATIVE_RESULT {"id": 578, "team_no": "202623001141", "problem_no": 4, "practice_run_no": 2922875853337430926, "case_code": "TKDJ-JX5X-X83T-5RD6", "entered": 1, "jammer_count": 16, "cleared_jammer_count": 16, "clear_failure_count": 0, "virtual_time_us": 3714973633, "end_reason": "user_exit", "created_at_ms": 1789260693402}
GUI_JOB {"action": "return", "folder": "003-1-return"}
WAIT_GUI {"seconds_remaining": 60}
GUI_RESULT {"status": "returned-to-practice", "ok": true, "clicks": 2, "robot_started": false}
SENSITIVITY_PROGRESS 399 742 screen 4 pause_limit=4 TKDJ-JX5X-X83T-5RD6 16 16
GUI_JOB {"action": "dry-run", "folder": "001-0-dry-run"}
WAIT_GUI {"seconds_remaining": 60}
GUI_RESULT {"status": "dry-run-ready", "ok": true, "clicks": 0, "robot_started": false}
READ_ONLY_DB_COPY {"label": "001-db-before", "rows": 578}
GUI_JOB {"action": "run", "folder": "002-1-run"}
WAIT_GUI {"seconds_remaining": 1320}
GUI_RESULT {"robot_exit": 0, "case_code": "UQ67-G88A-RAAW-KSCP", "ok": true, "robot_started": true, "status": "robot-completed", "clicks": 1}
READ_ONLY_DB_COPY {"label": "001-db-after-0", "rows": 579}
AUTHORITATIVE_RESULT {"id": 579, "team_no": "202623001141", "problem_no": 4, "practice_run_no": 2595249055640993073, "case_code": "UQ67-G88A-RAAW-KSCP", "entered": 1, "jammer_count": 14, "cleared_jammer_count": 14, "clear_failure_count": 0, "virtual_time_us": 6366243950, "end_reason": "user_exit", "created_at_ms": 1789260739898}
GUI_JOB {"action": "return", "folder": "003-1-return"}
WAIT_GUI {"seconds_remaining": 60}
GUI_RESULT {"status": "returned-to-practice", "ok": true, "clicks": 2, "robot_started": false}
SENSITIVITY_PROGRESS 400 742 screen 4 share_cooldown=50 UQ67-G88A-RAAW-KSCP 14 14
GUI_JOB {"action": "dry-run", "folder": "001-0-dry-run"}
WAIT_GUI {"seconds_remaining": 60}
GUI_RESULT {"status": "dry-run-ready", "ok": true, "clicks": 0, "robot_started": false}
READ_ONLY_DB_COPY {"label": "001-db-before", "rows": 579}
GUI_JOB {"action": "run", "folder": "002-1-run"}
WAIT_GUI {"seconds_remaining": 1320}
GUI_RESULT {"robot_exit": 0, "case_code": "9TZJ-BVX6-6QSH-8VTD", "ok": true, "robot_started": true, "status": "robot-completed", "clicks": 1}
READ_ONLY_DB_COPY {"label": "001-db-after-0", "rows": 580}
AUTHORITATIVE_RESULT {"id": 580, "team_no": "202623001141", "problem_no": 3, "practice_run_no": 8402858239850418115, "case_code": "9TZJ-BVX6-6QSH-8VTD", "entered": 1, "jammer_count": 11, "cleared_jammer_count": 11, "clear_failure_count": 0, "virtual_time_us": 3232794992, "end_reason": "user_exit", "created_at_ms": 1789260790543}
GUI_JOB {"action": "return", "folder": "003-1-return"}
WAIT_GUI {"seconds_remaining": 60}
GUI_RESULT {"status": "returned-to-practice", "ok": true, "clicks": 2, "robot_started": false}
SENSITIVITY_PROGRESS 401 742 screen 3 localization_weight=0.02 9TZJ-BVX6-6QSH-8VTD 11 11
GUI_JOB {"action": "dry-run", "folder": "001-0-dry-run"}
WAIT_GUI {"seconds_remaining": 60}
GUI_RESULT {"status": "dry-run-ready", "ok": true, "clicks": 0, "robot_started": false}
READ_ONLY_DB_COPY {"label": "001-db-before", "rows": 580}
GUI_JOB {"action": "run", "folder": "002-1-run"}
WAIT_GUI {"seconds_remaining": 1320}
GUI_RESULT {"robot_exit": 0, "case_code": "84VS-AZ4S-RVS9-ZRV3", "ok": true, "robot_started": true, "status": "robot-completed", "clicks": 1}
READ_ONLY_DB_COPY {"label": "001-db-after-0", "rows": 581}
AUTHORITATIVE_RESULT {"id": 581, "team_no": "202623001141", "problem_no": 3, "practice_run_no": 8137891388756096156, "case_code": "84VS-AZ4S-RVS9-ZRV3", "entered": 1, "jammer_count": 10, "cleared_jammer_count": 10, "clear_failure_count": 1, "virtual_time_us": 2878262032, "end_reason": "user_exit", "created_at_ms": 1789260835298}
GUI_JOB {"action": "return", "folder": "003-1-return"}
WAIT_GUI {"seconds_remaining": 60}
GUI_RESULT {"status": "returned-to-practice", "ok": true, "clicks": 2, "robot_started": false}
SENSITIVITY_PROGRESS 402 742 screen 3 trial_radius=65 84VS-AZ4S-RVS9-ZRV3 10 10
GUI_JOB {"action": "dry-run", "folder": "001-0-dry-run"}
WAIT_GUI {"seconds_remaining": 60}
GUI_RESULT {"status": "dry-run-ready", "ok": true, "clicks": 0, "robot_started": false}
READ_ONLY_DB_COPY {"label": "001-db-before", "rows": 581}
GUI_JOB {"action": "run", "folder": "002-1-run"}
WAIT_GUI {"seconds_remaining": 1320}
GUI_RESULT {"robot_exit": 0, "case_code": "U8Z2-P65V-YK62-Q4CD", "ok": true, "robot_started": true, "status": "robot-completed", "clicks": 1}
READ_ONLY_DB_COPY {"label": "001-db-after-0", "rows": 582}
AUTHORITATIVE_RESULT {"id": 582, "team_no": "202623001141", "problem_no": 4, "practice_run_no": 1363157477282480984, "case_code": "U8Z2-P65V-YK62-Q4CD", "entered": 1, "jammer_count": 11, "cleared_jammer_count": 11, "clear_failure_count": 0, "virtual_time_us": 5754080928, "end_reason": "user_exit", "created_at_ms": 1789260880992}
GUI_JOB {"action": "return", "folder": "003-1-return"}
WAIT_GUI {"seconds_remaining": 60}
GUI_RESULT {"status": "returned-to-practice", "ok": true, "clicks": 2, "robot_started": false}
SENSITIVITY_PROGRESS 403 742 screen 4 fraction=0.1 U8Z2-P65V-YK62-Q4CD 11 11
GUI_JOB {"action": "dry-run", "folder": "001-0-dry-run"}
WAIT_GUI {"seconds_remaining": 60}
GUI_RESULT {"status": "dry-run-ready", "ok": true, "clicks": 0, "robot_started": false}
READ_ONLY_DB_COPY {"label": "001-db-before", "rows": 582}
GUI_JOB {"action": "run", "folder": "002-1-run"}
WAIT_GUI {"seconds_remaining": 1320}
GUI_RESULT {"robot_exit": 0, "case_code": "46QN-SJD3-ZUB8-QUH2", "ok": true, "robot_started": true, "status": "robot-completed", "clicks": 1}
READ_ONLY_DB_COPY {"label": "001-db-after-0", "rows": 583}
AUTHORITATIVE_RESULT {"id": 583, "team_no": "202623001141", "problem_no": 4, "practice_run_no": 7476559740060840732, "case_code": "46QN-SJD3-ZUB8-QUH2", "entered": 1, "jammer_count": 14, "cleared_jammer_count": 14, "clear_failure_count": 0, "virtual_time_us": 5763805732, "end_reason": "user_exit", "created_at_ms": 1789260932885}
GUI_JOB {"action": "return", "folder": "003-1-return"}
WAIT_GUI {"seconds_remaining": 60}
GUI_RESULT {"status": "returned-to-practice", "ok": true, "clicks": 2, "robot_started": false}
SENSITIVITY_PROGRESS 404 742 screen 4 baseline 46QN-SJD3-ZUB8-QUH2 14 14
GUI_JOB {"action": "dry-run", "folder": "001-0-dry-run"}
WAIT_GUI {"seconds_remaining": 60}
GUI_RESULT {"status": "dry-run-ready", "ok": true, "clicks": 0, "robot_started": false}
READ_ONLY_DB_COPY {"label": "001-db-before", "rows": 583}
GUI_JOB {"action": "run", "folder": "002-1-run"}
WAIT_GUI {"seconds_remaining": 1320}
GUI_RESULT {"robot_exit": 0, "case_code": "H52N-SGSC-SJ5R-WY5N", "ok": true, "robot_started": true, "status": "robot-completed", "clicks": 1}
READ_ONLY_DB_COPY {"label": "001-db-after-0", "rows": 584}
AUTHORITATIVE_RESULT {"id": 584, "team_no": "202623001141", "problem_no": 4, "practice_run_no": 8460194009506957668, "case_code": "H52N-SGSC-SJ5R-WY5N", "entered": 1, "jammer_count": 13, "cleared_jammer_count": 13, "clear_failure_count": 0, "virtual_time_us": 5917081623, "end_reason": "user_exit", "created_at_ms": 1789260984224}
GUI_JOB {"action": "return", "folder": "003-1-return"}
WAIT_GUI {"seconds_remaining": 60}
GUI_RESULT {"status": "returned-to-practice", "ok": true, "clicks": 2, "robot_started": false}
SENSITIVITY_PROGRESS 405 742 screen 4 fraction=0.5 H52N-SGSC-SJ5R-WY5N 13 13
GUI_JOB {"action": "dry-run", "folder": "001-0-dry-run"}
WAIT_GUI {"seconds_remaining": 60}
GUI_RESULT {"status": "dry-run-ready", "ok": true, "clicks": 0, "robot_started": false}
READ_ONLY_DB_COPY {"label": "001-db-before", "rows": 584}
GUI_JOB {"action": "run", "folder": "002-1-run"}
WAIT_GUI {"seconds_remaining": 1320}
GUI_RESULT {"robot_exit": 0, "case_code": "WX7E-5PJP-G6HU-4JYB", "ok": true, "robot_started": true, "status": "robot-completed", "clicks": 1}
READ_ONLY_DB_COPY {"label": "001-db-after-0", "rows": 585}
AUTHORITATIVE_RESULT {"id": 585, "team_no": "202623001141", "problem_no": 3, "practice_run_no": 2110349257541374710, "case_code": "WX7E-5PJP-G6HU-4JYB", "entered": 1, "jammer_count": 15, "cleared_jammer_count": 15, "clear_failure_count": 2, "virtual_time_us": 3245567397, "end_reason": "user_exit", "created_at_ms": 1789261034028}
GUI_JOB {"action": "return", "folder": "003-1-return"}
WAIT_GUI {"seconds_remaining": 60}
GUI_RESULT {"status": "returned-to-practice", "ok": true, "clicks": 2, "robot_started": false}
SENSITIVITY_PROGRESS 406 742 screen 3 baseline WX7E-5PJP-G6HU-4JYB 15 15
GUI_JOB {"action": "dry-run", "folder": "001-0-dry-run"}
WAIT_GUI {"seconds_remaining": 60}
GUI_RESULT {"status": "dry-run-ready", "ok": true, "clicks": 0, "robot_started": false}
READ_ONLY_DB_COPY {"label": "001-db-before", "rows": 585}
GUI_JOB {"action": "run", "folder": "002-1-run"}
WAIT_GUI {"seconds_remaining": 1320}
GUI_RESULT {"robot_exit": 0, "case_code": "T4WT-MJ3M-22FD-D4JN", "ok": true, "robot_started": true, "status": "robot-completed", "clicks": 1}
READ_ONLY_DB_COPY {"label": "001-db-after-0", "rows": 586}
AUTHORITATIVE_RESULT {"id": 586, "team_no": "202623001141", "problem_no": 3, "practice_run_no": 4065100245840019730, "case_code": "T4WT-MJ3M-22FD-D4JN", "entered": 1, "jammer_count": 10, "cleared_jammer_count": 10, "clear_failure_count": 0, "virtual_time_us": 2966763766, "end_reason": "user_exit", "created_at_ms": 1789261080667}
GUI_JOB {"action": "return", "folder": "003-1-return"}
WAIT_GUI {"seconds_remaining": 60}
GUI_RESULT {"status": "returned-to-practice", "ok": true, "clicks": 2, "robot_started": false}
SENSITIVITY_PROGRESS 407 742 screen 3 max_active=4 T4WT-MJ3M-22FD-D4JN 10 10
GUI_JOB {"action": "dry-run", "folder": "001-0-dry-run"}
WAIT_GUI {"seconds_remaining": 60}
GUI_RESULT {"status": "dry-run-ready", "ok": true, "clicks": 0, "robot_started": false}
READ_ONLY_DB_COPY {"label": "001-db-before", "rows": 586}
GUI_JOB {"action": "run", "folder": "002-1-run"}
WAIT_GUI {"seconds_remaining": 1320}
GUI_RESULT {"robot_exit": 0, "case_code": "B83P-AUW7-HYQU-7N3W", "ok": true, "robot_started": true, "status": "robot-completed", "clicks": 1}
READ_ONLY_DB_COPY {"label": "001-db-after-0", "rows": 587}
AUTHORITATIVE_RESULT {"id": 587, "team_no": "202623001141", "problem_no": 4, "practice_run_no": 3999855302051362913, "case_code": "B83P-AUW7-HYQU-7N3W", "entered": 1, "jammer_count": 11, "cleared_jammer_count": 11, "clear_failure_count": 0, "virtual_time_us": 5871888856, "end_reason": "user_exit", "created_at_ms": 1789261127104}
GUI_JOB {"action": "return", "folder": "003-1-return"}
WAIT_GUI {"seconds_remaining": 60}
GUI_RESULT {"status": "returned-to-practice", "ok": true, "clicks": 2, "robot_started": false}
SENSITIVITY_PROGRESS 408 742 screen 4 pause_limit=4 B83P-AUW7-HYQU-7N3W 11 11
GUI_JOB {"action": "dry-run", "folder": "001-0-dry-run"}
WAIT_GUI {"seconds_remaining": 60}
GUI_RESULT {"status": "dry-run-ready", "ok": true, "clicks": 0, "robot_started": false}
READ_ONLY_DB_COPY {"label": "001-db-before", "rows": 587}
GUI_JOB {"action": "run", "folder": "002-1-run"}
WAIT_GUI {"seconds_remaining": 1320}
GUI_RESULT {"robot_exit": 0, "case_code": "26ET-FY33-C9BZ-58YQ", "ok": true, "robot_started": true, "status": "robot-completed", "clicks": 1}
READ_ONLY_DB_COPY {"label": "001-db-after-0", "rows": 588}
AUTHORITATIVE_RESULT {"id": 588, "team_no": "202623001141", "problem_no": 3, "practice_run_no": 6461903097452271691, "case_code": "26ET-FY33-C9BZ-58YQ", "entered": 1, "jammer_count": 11, "cleared_jammer_count": 11, "clear_failure_count": 0, "virtual_time_us": 2967441119, "end_reason": "user_exit", "created_at_ms": 1789261178981}
GUI_JOB {"action": "return", "folder": "003-1-return"}
WAIT_GUI {"seconds_remaining": 60}
GUI_RESULT {"status": "returned-to-practice", "ok": true, "clicks": 2, "robot_started": false}
SENSITIVITY_PROGRESS 409 742 screen 3 localization_weight=0 26ET-FY33-C9BZ-58YQ 11 11
GUI_JOB {"action": "dry-run", "folder": "001-0-dry-run"}
WAIT_GUI {"seconds_remaining": 60}
GUI_RESULT {"status": "dry-run-ready", "ok": true, "clicks": 0, "robot_started": false}
READ_ONLY_DB_COPY {"label": "001-db-before", "rows": 588}
GUI_JOB {"action": "run", "folder": "002-1-run"}
WAIT_GUI {"seconds_remaining": 1320}
GUI_RESULT {"robot_exit": 0, "case_code": "FKYR-JFK7-PNF9-XHQC", "ok": true, "robot_started": true, "status": "robot-completed", "clicks": 1}
READ_ONLY_DB_COPY {"label": "001-db-after-0", "rows": 589}
AUTHORITATIVE_RESULT {"id": 589, "team_no": "202623001141", "problem_no": 3, "practice_run_no": 7490096453911398366, "case_code": "FKYR-JFK7-PNF9-XHQC", "entered": 1, "jammer_count": 14, "cleared_jammer_count": 14, "clear_failure_count": 1, "virtual_time_us": 3271501123, "end_reason": "user_exit", "created_at_ms": 1789261223475}
GUI_JOB {"action": "return", "folder": "003-1-return"}
WAIT_GUI {"seconds_remaining": 60}
GUI_RESULT {"status": "returned-to-practice", "ok": true, "clicks": 2, "robot_started": false}
SENSITIVITY_PROGRESS 410 742 screen 3 remainder_weight=2 FKYR-JFK7-PNF9-XHQC 14 14
GUI_JOB {"action": "dry-run", "folder": "001-0-dry-run"}
WAIT_GUI {"seconds_remaining": 60}
GUI_RESULT {"status": "dry-run-ready", "ok": true, "clicks": 0, "robot_started": false}
READ_ONLY_DB_COPY {"label": "001-db-before", "rows": 589}
GUI_JOB {"action": "run", "folder": "002-1-run"}
WAIT_GUI {"seconds_remaining": 1320}
GUI_RESULT {"robot_exit": 0, "case_code": "F8MF-NJCS-KFRS-FXBW", "ok": true, "robot_started": true, "status": "robot-completed", "clicks": 1}
READ_ONLY_DB_COPY {"label": "001-db-after-0", "rows": 590}
AUTHORITATIVE_RESULT {"id": 590, "team_no": "202623001141", "problem_no": 3, "practice_run_no": 2772533297901618372, "case_code": "F8MF-NJCS-KFRS-FXBW", "entered": 1, "jammer_count": 11, "cleared_jammer_count": 11, "clear_failure_count": 1, "virtual_time_us": 2876640532, "end_reason": "user_exit", "created_at_ms": 1789261270097}
GUI_JOB {"action": "return", "folder": "003-1-return"}
WAIT_GUI {"seconds_remaining": 60}
GUI_RESULT {"status": "returned-to-practice", "ok": true, "clicks": 2, "robot_started": false}
SENSITIVITY_PROGRESS 411 742 screen 3 max_active=2 F8MF-NJCS-KFRS-FXBW 11 11
GUI_JOB {"action": "dry-run", "folder": "001-0-dry-run"}
WAIT_GUI {"seconds_remaining": 60}
GUI_RESULT {"status": "dry-run-ready", "ok": true, "clicks": 0, "robot_started": false}
READ_ONLY_DB_COPY {"label": "001-db-before", "rows": 590}
GUI_JOB {"action": "run", "folder": "002-1-run"}
WAIT_GUI {"seconds_remaining": 1320}
GUI_RESULT {"robot_exit": 0, "case_code": "38KZ-TJ8G-6PJ4-RRDF", "ok": true, "robot_started": true, "status": "robot-completed", "clicks": 1}
READ_ONLY_DB_COPY {"label": "001-db-after-0", "rows": 591}
AUTHORITATIVE_RESULT {"id": 591, "team_no": "202623001141", "problem_no": 4, "practice_run_no": 8086974333418520929, "case_code": "38KZ-TJ8G-6PJ4-RRDF", "entered": 1, "jammer_count": 12, "cleared_jammer_count": 12, "clear_failure_count": 0, "virtual_time_us": 6000321552, "end_reason": "user_exit", "created_at_ms": 1789261315789}
GUI_JOB {"action": "return", "folder": "003-1-return"}
WAIT_GUI {"seconds_remaining": 60}
GUI_RESULT {"status": "returned-to-practice", "ok": true, "clicks": 2, "robot_started": false}
SENSITIVITY_PROGRESS 412 742 screen 4 steps=2 38KZ-TJ8G-6PJ4-RRDF 12 12
GUI_JOB {"action": "dry-run", "folder": "001-0-dry-run"}
WAIT_GUI {"seconds_remaining": 60}
GUI_RESULT {"status": "dry-run-ready", "ok": true, "clicks": 0, "robot_started": false}
READ_ONLY_DB_COPY {"label": "001-db-before", "rows": 591}
GUI_JOB {"action": "run", "folder": "002-1-run"}
WAIT_GUI {"seconds_remaining": 1320}
GUI_RESULT {"robot_exit": 0, "case_code": "NQM6-Y2QN-E42N-D6CB", "ok": true, "robot_started": true, "status": "robot-completed", "clicks": 1}
READ_ONLY_DB_COPY {"label": "001-db-after-0", "rows": 592}
AUTHORITATIVE_RESULT {"id": 592, "team_no": "202623001141", "problem_no": 4, "practice_run_no": 4874167809774420234, "case_code": "NQM6-Y2QN-E42N-D6CB", "entered": 1, "jammer_count": 15, "cleared_jammer_count": 15, "clear_failure_count": 0, "virtual_time_us": 6464786398, "end_reason": "user_exit", "created_at_ms": 1789261366617}
GUI_JOB {"action": "return", "folder": "003-1-return"}
WAIT_GUI {"seconds_remaining": 60}
GUI_RESULT {"status": "returned-to-practice", "ok": true, "clicks": 2, "robot_started": false}
SENSITIVITY_PROGRESS 413 742 screen 4 share_cooldown=400 NQM6-Y2QN-E42N-D6CB 15 15
GUI_JOB {"action": "dry-run", "folder": "001-0-dry-run"}
WAIT_GUI {"seconds_remaining": 60}
GUI_RESULT {"status": "dry-run-ready", "ok": true, "clicks": 0, "robot_started": false}
READ_ONLY_DB_COPY {"label": "001-db-before", "rows": 592}
GUI_JOB {"action": "run", "folder": "002-1-run"}
WAIT_GUI {"seconds_remaining": 1320}
GUI_RESULT {"robot_exit": 0, "case_code": "FMWN-W676-98UV-G2AM", "ok": true, "robot_started": true, "status": "robot-completed", "clicks": 1}
READ_ONLY_DB_COPY {"label": "001-db-after-0", "rows": 593}
AUTHORITATIVE_RESULT {"id": 593, "team_no": "202623001141", "problem_no": 3, "practice_run_no": 7355809223486282303, "case_code": "FMWN-W676-98UV-G2AM", "entered": 1, "jammer_count": 12, "cleared_jammer_count": 12, "clear_failure_count": 0, "virtual_time_us": 3203811626, "end_reason": "user_exit", "created_at_ms": 1789261417566}
GUI_JOB {"action": "return", "folder": "003-1-return"}
WAIT_GUI {"seconds_remaining": 60}
GUI_RESULT {"status": "returned-to-practice", "ok": true, "clicks": 2, "robot_started": false}
SENSITIVITY_PROGRESS 414 742 screen 3 trial_radius=35 FMWN-W676-98UV-G2AM 12 12
GUI_JOB {"action": "dry-run", "folder": "001-0-dry-run"}
WAIT_GUI {"seconds_remaining": 60}
GUI_RESULT {"status": "dry-run-ready", "ok": true, "clicks": 0, "robot_started": false}
READ_ONLY_DB_COPY {"label": "001-db-before", "rows": 593}
GUI_JOB {"action": "run", "folder": "002-1-run"}
WAIT_GUI {"seconds_remaining": 1320}
GUI_RESULT {"robot_exit": 0, "case_code": "ZVKX-YX48-87MA-VNRZ", "ok": true, "robot_started": true, "status": "robot-completed", "clicks": 1}
READ_ONLY_DB_COPY {"label": "001-db-after-0", "rows": 594}
AUTHORITATIVE_RESULT {"id": 594, "team_no": "202623001141", "problem_no": 4, "practice_run_no": 2720551066279997362, "case_code": "ZVKX-YX48-87MA-VNRZ", "entered": 1, "jammer_count": 15, "cleared_jammer_count": 15, "clear_failure_count": 2, "virtual_time_us": 5992863288, "end_reason": "user_exit", "created_at_ms": 1789261464475}
GUI_JOB {"action": "return", "folder": "003-1-return"}
WAIT_GUI {"seconds_remaining": 60}
GUI_RESULT {"status": "returned-to-practice", "ok": true, "clicks": 2, "robot_started": false}
SENSITIVITY_PROGRESS 415 742 screen 4 trial_radius=80 ZVKX-YX48-87MA-VNRZ 15 15
GUI_JOB {"action": "dry-run", "folder": "001-0-dry-run"}
WAIT_GUI {"seconds_remaining": 60}
GUI_RESULT {"status": "dry-run-ready", "ok": true, "clicks": 0, "robot_started": false}
READ_ONLY_DB_COPY {"label": "001-db-before", "rows": 594}
GUI_JOB {"action": "run", "folder": "002-1-run"}
WAIT_GUI {"seconds_remaining": 1320}
GUI_RESULT {"robot_exit": 0, "case_code": "RTXC-MPAS-DWDJ-CBZK", "ok": true, "robot_started": true, "status": "robot-completed", "clicks": 1}
READ_ONLY_DB_COPY {"label": "001-db-after-0", "rows": 595}
AUTHORITATIVE_RESULT {"id": 595, "team_no": "202623001141", "problem_no": 4, "practice_run_no": 3179030226891970235, "case_code": "RTXC-MPAS-DWDJ-CBZK", "entered": 1, "jammer_count": 11, "cleared_jammer_count": 11, "clear_failure_count": 0, "virtual_time_us": 6068716756, "end_reason": "user_exit", "created_at_ms": 1789261515757}
GUI_JOB {"action": "return", "folder": "003-1-return"}
WAIT_GUI {"seconds_remaining": 60}
GUI_RESULT {"status": "returned-to-practice", "ok": true, "clicks": 2, "robot_started": false}
SENSITIVITY_PROGRESS 416 742 screen 4 trial_radius=65 RTXC-MPAS-DWDJ-CBZK 11 11
GUI_JOB {"action": "dry-run", "folder": "001-0-dry-run"}
WAIT_GUI {"seconds_remaining": 60}
GUI_RESULT {"status": "dry-run-ready", "ok": true, "clicks": 0, "robot_started": false}
READ_ONLY_DB_COPY {"label": "001-db-before", "rows": 595}
GUI_JOB {"action": "run", "folder": "002-1-run"}
WAIT_GUI {"seconds_remaining": 1320}
GUI_RESULT {"robot_exit": 0, "case_code": "FKKG-ZPYN-M25G-CMQC", "ok": true, "robot_started": true, "status": "robot-completed", "clicks": 1}
READ_ONLY_DB_COPY {"label": "001-db-after-0", "rows": 596}
AUTHORITATIVE_RESULT {"id": 596, "team_no": "202623001141", "problem_no": 3, "practice_run_no": 4825843661183522642, "case_code": "FKKG-ZPYN-M25G-CMQC", "entered": 1, "jammer_count": 14, "cleared_jammer_count": 14, "clear_failure_count": 0, "virtual_time_us": 3219779201, "end_reason": "user_exit", "created_at_ms": 1789261568475}
GUI_JOB {"action": "return", "folder": "003-1-return"}
WAIT_GUI {"seconds_remaining": 60}
GUI_RESULT {"status": "returned-to-practice", "ok": true, "clicks": 2, "robot_started": false}
SENSITIVITY_PROGRESS 417 742 screen 3 max_active=1 FKKG-ZPYN-M25G-CMQC 14 14
GUI_JOB {"action": "dry-run", "folder": "001-0-dry-run"}
WAIT_GUI {"seconds_remaining": 60}
GUI_RESULT {"status": "dry-run-ready", "ok": true, "clicks": 0, "robot_started": false}
READ_ONLY_DB_COPY {"label": "001-db-before", "rows": 596}
GUI_JOB {"action": "run", "folder": "002-1-run"}
WAIT_GUI {"seconds_remaining": 1320}
GUI_RESULT {"robot_exit": 0, "case_code": "CB5F-ZQWS-Z2ZP-HAXD", "ok": true, "robot_started": true, "status": "robot-completed", "clicks": 1}
READ_ONLY_DB_COPY {"label": "001-db-after-0", "rows": 597}
AUTHORITATIVE_RESULT {"id": 597, "team_no": "202623001141", "problem_no": 3, "practice_run_no": 261870571832133578, "case_code": "CB5F-ZQWS-Z2ZP-HAXD", "entered": 1, "jammer_count": 13, "cleared_jammer_count": 13, "clear_failure_count": 0, "virtual_time_us": 3509522156, "end_reason": "user_exit", "created_at_ms": 1789261614889}
GUI_JOB {"action": "return", "folder": "003-1-return"}
WAIT_GUI {"seconds_remaining": 60}
GUI_RESULT {"status": "returned-to-practice", "ok": true, "clicks": 2, "robot_started": false}
SENSITIVITY_PROGRESS 418 742 screen 3 remainder_weight=1 CB5F-ZQWS-Z2ZP-HAXD 13 13
GUI_JOB {"action": "dry-run", "folder": "001-0-dry-run"}
WAIT_GUI {"seconds_remaining": 60}
GUI_RESULT {"status": "dry-run-ready", "ok": true, "clicks": 0, "robot_started": false}
READ_ONLY_DB_COPY {"label": "001-db-before", "rows": 597}
GUI_JOB {"action": "run", "folder": "002-1-run"}
WAIT_GUI {"seconds_remaining": 1320}
GUI_RESULT {"robot_exit": 0, "case_code": "TJYD-4SCX-Z3UG-YW8W", "ok": true, "robot_started": true, "status": "robot-completed", "clicks": 1}
READ_ONLY_DB_COPY {"label": "001-db-after-0", "rows": 598}
AUTHORITATIVE_RESULT {"id": 598, "team_no": "202623001141", "problem_no": 4, "practice_run_no": 6879007988522612597, "case_code": "TJYD-4SCX-Z3UG-YW8W", "entered": 1, "jammer_count": 16, "cleared_jammer_count": 16, "clear_failure_count": 1, "virtual_time_us": 6310180107, "end_reason": "user_exit", "created_at_ms": 1789261662553}
GUI_JOB {"action": "return", "folder": "003-1-return"}
WAIT_GUI {"seconds_remaining": 60}
GUI_RESULT {"status": "returned-to-practice", "ok": true, "clicks": 2, "robot_started": false}
SENSITIVITY_PROGRESS 419 742 screen 4 share_cooldown=50 TJYD-4SCX-Z3UG-YW8W 16 16
GUI_JOB {"action": "dry-run", "folder": "001-0-dry-run"}
WAIT_GUI {"seconds_remaining": 60}
GUI_RESULT {"status": "dry-run-ready", "ok": true, "clicks": 0, "robot_started": false}
READ_ONLY_DB_COPY {"label": "001-db-before", "rows": 598}
GUI_JOB {"action": "run", "folder": "002-1-run"}
WAIT_GUI {"seconds_remaining": 1320}
GUI_RESULT {"robot_exit": 0, "case_code": "6G9A-FWQH-6KRN-58AC", "ok": true, "robot_started": true, "status": "robot-completed", "clicks": 1}
READ_ONLY_DB_COPY {"label": "001-db-after-0", "rows": 599}
AUTHORITATIVE_RESULT {"id": 599, "team_no": "202623001141", "problem_no": 4, "practice_run_no": 8192366859925223384, "case_code": "6G9A-FWQH-6KRN-58AC", "entered": 1, "jammer_count": 16, "cleared_jammer_count": 16, "clear_failure_count": 0, "virtual_time_us": 4913021407, "end_reason": "user_exit", "created_at_ms": 1789261715182}
GUI_JOB {"action": "return", "folder": "003-1-return"}
WAIT_GUI {"seconds_remaining": 60}
GUI_RESULT {"status": "returned-to-practice", "ok": true, "clicks": 2, "robot_started": false}
SENSITIVITY_PROGRESS 420 742 screen 4 fraction=0.3 6G9A-FWQH-6KRN-58AC 16 16
GUI_JOB {"action": "dry-run", "folder": "001-0-dry-run"}
WAIT_GUI {"seconds_remaining": 60}
GUI_RESULT {"status": "dry-run-ready", "ok": true, "clicks": 0, "robot_started": false}
READ_ONLY_DB_COPY {"label": "001-db-before", "rows": 599}
GUI_JOB {"action": "run", "folder": "002-1-run"}
WAIT_GUI {"seconds_remaining": 1320}
GUI_RESULT {"robot_exit": 0, "case_code": "CXYX-4WUU-BYSJ-CDCJ", "ok": true, "robot_started": true, "status": "robot-completed", "clicks": 1}
READ_ONLY_DB_COPY {"label": "001-db-after-0", "rows": 600}
AUTHORITATIVE_RESULT {"id": 600, "team_no": "202623001141", "problem_no": 3, "practice_run_no": 4728758765474031257, "case_code": "CXYX-4WUU-BYSJ-CDCJ", "entered": 1, "jammer_count": 11, "cleared_jammer_count": 11, "clear_failure_count": 1, "virtual_time_us": 3108894703, "end_reason": "user_exit", "created_at_ms": 1789261764973}
GUI_JOB {"action": "return", "folder": "003-1-return"}
WAIT_GUI {"seconds_remaining": 60}
GUI_RESULT {"status": "returned-to-practice", "ok": true, "clicks": 2, "robot_started": false}
SENSITIVITY_PROGRESS 421 742 screen 3 localization_weight=1.28 CXYX-4WUU-BYSJ-CDCJ 11 11
GUI_JOB {"action": "dry-run", "folder": "001-0-dry-run"}
WAIT_GUI {"seconds_remaining": 60}
GUI_RESULT {"status": "dry-run-ready", "ok": true, "clicks": 0, "robot_started": false}
READ_ONLY_DB_COPY {"label": "001-db-before", "rows": 600}
GUI_JOB {"action": "run", "folder": "002-1-run"}
WAIT_GUI {"seconds_remaining": 1320}
GUI_RESULT {"robot_exit": 0, "case_code": "W9KU-4RUE-BRPA-HC29", "ok": true, "robot_started": true, "status": "robot-completed", "clicks": 1}
READ_ONLY_DB_COPY {"label": "001-db-after-0", "rows": 601}
AUTHORITATIVE_RESULT {"id": 601, "team_no": "202623001141", "problem_no": 4, "practice_run_no": 5339421434596282446, "case_code": "W9KU-4RUE-BRPA-HC29", "entered": 1, "jammer_count": 10, "cleared_jammer_count": 10, "clear_failure_count": 20, "virtual_time_us": 6207330254, "end_reason": "user_exit", "created_at_ms": 1789261812291}
GUI_JOB {"action": "return", "folder": "003-1-return"}
WAIT_GUI {"seconds_remaining": 60}
GUI_RESULT {"status": "returned-to-practice", "ok": true, "clicks": 2, "robot_started": false}
SENSITIVITY_PROGRESS 422 742 screen 4 steps=1 W9KU-4RUE-BRPA-HC29 10 10
GUI_JOB {"action": "dry-run", "folder": "001-0-dry-run"}
WAIT_GUI {"seconds_remaining": 60}
GUI_RESULT {"status": "dry-run-ready", "ok": true, "clicks": 0, "robot_started": false}
READ_ONLY_DB_COPY {"label": "001-db-before", "rows": 601}
GUI_JOB {"action": "run", "folder": "002-1-run"}
WAIT_GUI {"seconds_remaining": 1320}
GUI_RESULT {"robot_exit": 0, "case_code": "66QC-PKA4-ZFRN-SW3Y", "ok": true, "robot_started": true, "status": "robot-completed", "clicks": 1}
READ_ONLY_DB_COPY {"label": "001-db-after-0", "rows": 602}
AUTHORITATIVE_RESULT {"id": 602, "team_no": "202623001141", "problem_no": 4, "practice_run_no": 4959739291916132343, "case_code": "66QC-PKA4-ZFRN-SW3Y", "entered": 1, "jammer_count": 16, "cleared_jammer_count": 16, "clear_failure_count": 0, "virtual_time_us": 3827423168, "end_reason": "user_exit", "created_at_ms": 1789261864963}
GUI_JOB {"action": "return", "folder": "003-1-return"}
WAIT_GUI {"seconds_remaining": 60}
GUI_RESULT {"status": "returned-to-practice", "ok": true, "clicks": 2, "robot_started": false}
SENSITIVITY_PROGRESS 423 742 screen 4 share_limit=12 66QC-PKA4-ZFRN-SW3Y 16 16
GUI_JOB {"action": "dry-run", "folder": "001-0-dry-run"}
WAIT_GUI {"seconds_remaining": 60}
GUI_RESULT {"status": "dry-run-ready", "ok": true, "clicks": 0, "robot_started": false}
READ_ONLY_DB_COPY {"label": "001-db-before", "rows": 602}
GUI_JOB {"action": "run", "folder": "002-1-run"}
WAIT_GUI {"seconds_remaining": 1320}
GUI_RESULT {"robot_exit": 0, "case_code": "ZBQV-95ZZ-D4F7-C2D4", "ok": true, "robot_started": true, "status": "robot-completed", "clicks": 1}
READ_ONLY_DB_COPY {"label": "001-db-after-0", "rows": 603}
AUTHORITATIVE_RESULT {"id": 603, "team_no": "202623001141", "problem_no": 3, "practice_run_no": 305229570076169248, "case_code": "ZBQV-95ZZ-D4F7-C2D4", "entered": 1, "jammer_count": 12, "cleared_jammer_count": 12, "clear_failure_count": 0, "virtual_time_us": 3326618122, "end_reason": "user_exit", "created_at_ms": 1789261913312}
GUI_JOB {"action": "return", "folder": "003-1-return"}
WAIT_GUI {"seconds_remaining": 60}
GUI_RESULT {"status": "returned-to-practice", "ok": true, "clicks": 2, "robot_started": false}
SENSITIVITY_PROGRESS 424 742 screen 3 share_limit=0 ZBQV-95ZZ-D4F7-C2D4 12 12
GUI_JOB {"action": "dry-run", "folder": "001-0-dry-run"}
WAIT_GUI {"seconds_remaining": 60}
GUI_RESULT {"status": "dry-run-ready", "ok": true, "clicks": 0, "robot_started": false}
READ_ONLY_DB_COPY {"label": "001-db-before", "rows": 603}
GUI_JOB {"action": "run", "folder": "002-1-run"}
WAIT_GUI {"seconds_remaining": 1320}
GUI_RESULT {"robot_exit": 0, "case_code": "VH9U-USEV-2U65-GZ37", "ok": true, "robot_started": true, "status": "robot-completed", "clicks": 1}
READ_ONLY_DB_COPY {"label": "001-db-after-0", "rows": 604}
AUTHORITATIVE_RESULT {"id": 604, "team_no": "202623001141", "problem_no": 3, "practice_run_no": 2059574169800366515, "case_code": "VH9U-USEV-2U65-GZ37", "entered": 1, "jammer_count": 16, "cleared_jammer_count": 16, "clear_failure_count": 0, "virtual_time_us": 2848458291, "end_reason": "user_exit", "created_at_ms": 1789261958247}
GUI_JOB {"action": "return", "folder": "003-1-return"}
WAIT_GUI {"seconds_remaining": 60}
GUI_RESULT {"status": "returned-to-practice", "ok": true, "clicks": 2, "robot_started": false}
SENSITIVITY_PROGRESS 425 742 screen 3 trial_radius=80 VH9U-USEV-2U65-GZ37 16 16
GUI_JOB {"action": "dry-run", "folder": "001-0-dry-run"}
WAIT_GUI {"seconds_remaining": 60}
GUI_RESULT {"status": "dry-run-ready", "ok": true, "clicks": 0, "robot_started": false}
READ_ONLY_DB_COPY {"label": "001-db-before", "rows": 604}
GUI_JOB {"action": "run", "folder": "002-1-run"}
WAIT_GUI {"seconds_remaining": 1320}
GUI_RESULT {"robot_exit": 0, "case_code": "QUFV-SMDT-7KZR-S9WS", "ok": true, "robot_started": true, "status": "robot-completed", "clicks": 1}
READ_ONLY_DB_COPY {"label": "001-db-after-0", "rows": 605}
AUTHORITATIVE_RESULT {"id": 605, "team_no": "202623001141", "problem_no": 4, "practice_run_no": 5572610737915049330, "case_code": "QUFV-SMDT-7KZR-S9WS", "entered": 1, "jammer_count": 15, "cleared_jammer_count": 15, "clear_failure_count": 0, "virtual_time_us": 6549999936, "end_reason": "user_exit", "created_at_ms": 1789262004992}
GUI_JOB {"action": "return", "folder": "003-1-return"}
WAIT_GUI {"seconds_remaining": 60}
GUI_RESULT {"status": "returned-to-practice", "ok": true, "clicks": 2, "robot_started": false}
SENSITIVITY_PROGRESS 426 742 screen 4 transverse_m=70 QUFV-SMDT-7KZR-S9WS 15 15
GUI_JOB {"action": "dry-run", "folder": "001-0-dry-run"}
WAIT_GUI {"seconds_remaining": 60}
GUI_RESULT {"status": "dry-run-ready", "ok": true, "clicks": 0, "robot_started": false}
READ_ONLY_DB_COPY {"label": "001-db-before", "rows": 605}
GUI_JOB {"action": "run", "folder": "002-1-run"}
WAIT_GUI {"seconds_remaining": 1320}
GUI_RESULT {"robot_exit": 0, "case_code": "Y4KE-VPUP-67TX-QF9C", "ok": true, "robot_started": true, "status": "robot-completed", "clicks": 1}
READ_ONLY_DB_COPY {"label": "001-db-after-0", "rows": 606}
AUTHORITATIVE_RESULT {"id": 606, "team_no": "202623001141", "problem_no": 4, "practice_run_no": 8220104065833891879, "case_code": "Y4KE-VPUP-67TX-QF9C", "entered": 1, "jammer_count": 11, "cleared_jammer_count": 11, "clear_failure_count": 0, "virtual_time_us": 6231494920, "end_reason": "user_exit", "created_at_ms": 1789262058424}
GUI_JOB {"action": "return", "folder": "003-1-return"}
WAIT_GUI {"seconds_remaining": 60}
GUI_RESULT {"status": "returned-to-practice", "ok": true, "clicks": 2, "robot_started": false}
SENSITIVITY_PROGRESS 427 742 screen 4 trial_radius=20 Y4KE-VPUP-67TX-QF9C 11 11
GUI_JOB {"action": "dry-run", "folder": "001-0-dry-run"}
WAIT_GUI {"seconds_remaining": 60}
GUI_RESULT {"status": "dry-run-ready", "ok": true, "clicks": 0, "robot_started": false}
READ_ONLY_DB_COPY {"label": "001-db-before", "rows": 606}
GUI_JOB {"action": "run", "folder": "002-1-run"}
WAIT_GUI {"seconds_remaining": 1320}
GUI_RESULT {"robot_exit": 0, "case_code": "BYCT-YKX4-24RG-QZ68", "ok": true, "robot_started": true, "status": "robot-completed", "clicks": 1}
READ_ONLY_DB_COPY {"label": "001-db-after-0", "rows": 607}
AUTHORITATIVE_RESULT {"id": 607, "team_no": "202623001141", "problem_no": 4, "practice_run_no": 1802160719304201653, "case_code": "BYCT-YKX4-24RG-QZ68", "entered": 1, "jammer_count": 14, "cleared_jammer_count": 14, "clear_failure_count": 0, "virtual_time_us": 6420968005, "end_reason": "user_exit", "created_at_ms": 1789262111428}
GUI_JOB {"action": "return", "folder": "003-1-return"}
WAIT_GUI {"seconds_remaining": 60}
GUI_RESULT {"status": "returned-to-practice", "ok": true, "clicks": 2, "robot_started": false}
SENSITIVITY_PROGRESS 428 742 screen 4 share_limit=2 BYCT-YKX4-24RG-QZ68 14 14
GUI_JOB {"action": "dry-run", "folder": "001-0-dry-run"}
WAIT_GUI {"seconds_remaining": 60}
GUI_RESULT {"status": "dry-run-ready", "ok": true, "clicks": 0, "robot_started": false}
READ_ONLY_DB_COPY {"label": "001-db-before", "rows": 607}
GUI_JOB {"action": "run", "folder": "002-1-run"}
WAIT_GUI {"seconds_remaining": 1320}
GUI_RESULT {"robot_exit": 0, "case_code": "NRTJ-3YVJ-GBUG-GN3E", "ok": true, "robot_started": true, "status": "robot-completed", "clicks": 1}
READ_ONLY_DB_COPY {"label": "001-db-after-0", "rows": 608}
AUTHORITATIVE_RESULT {"id": 608, "team_no": "202623001141", "problem_no": 3, "practice_run_no": 6317524231137174482, "case_code": "NRTJ-3YVJ-GBUG-GN3E", "entered": 1, "jammer_count": 13, "cleared_jammer_count": 13, "clear_failure_count": 0, "virtual_time_us": 2850576305, "end_reason": "user_exit", "created_at_ms": 1789262164489}
GUI_JOB {"action": "return", "folder": "003-1-return"}
WAIT_GUI {"seconds_remaining": 60}
GUI_RESULT {"status": "returned-to-practice", "ok": true, "clicks": 2, "robot_started": false}
SENSITIVITY_PROGRESS 429 742 screen 3 trial_radius=65 NRTJ-3YVJ-GBUG-GN3E 13 13
GUI_JOB {"action": "dry-run", "folder": "001-0-dry-run"}
WAIT_GUI {"seconds_remaining": 60}
GUI_RESULT {"status": "dry-run-ready", "ok": true, "clicks": 0, "robot_started": false}
READ_ONLY_DB_COPY {"label": "001-db-before", "rows": 608}
GUI_JOB {"action": "run", "folder": "002-1-run"}
WAIT_GUI {"seconds_remaining": 1320}
GUI_RESULT {"robot_exit": 0, "case_code": "8JRF-QQDZ-GSKP-G8JB", "ok": true, "robot_started": true, "status": "robot-completed", "clicks": 1}
READ_ONLY_DB_COPY {"label": "001-db-after-0", "rows": 609}
AUTHORITATIVE_RESULT {"id": 609, "team_no": "202623001141", "problem_no": 3, "practice_run_no": 475496458243943098, "case_code": "8JRF-QQDZ-GSKP-G8JB", "entered": 1, "jammer_count": 10, "cleared_jammer_count": 10, "clear_failure_count": 0, "virtual_time_us": 3095669545, "end_reason": "user_exit", "created_at_ms": 1789262210587}
GUI_JOB {"action": "return", "folder": "003-1-return"}
WAIT_GUI {"seconds_remaining": 60}
GUI_RESULT {"status": "returned-to-practice", "ok": true, "clicks": 2, "robot_started": false}
SENSITIVITY_PROGRESS 430 742 screen 3 trial_radius=20 8JRF-QQDZ-GSKP-G8JB 10 10
GUI_JOB {"action": "dry-run", "folder": "001-0-dry-run"}
WAIT_GUI {"seconds_remaining": 60}
GUI_RESULT {"status": "dry-run-ready", "ok": true, "clicks": 0, "robot_started": false}
READ_ONLY_DB_COPY {"label": "001-db-before", "rows": 609}
GUI_JOB {"action": "run", "folder": "002-1-run"}
WAIT_GUI {"seconds_remaining": 1320}
GUI_RESULT {"robot_exit": 0, "case_code": "BUGT-CZJN-3KTD-9S84", "ok": true, "robot_started": true, "status": "robot-completed", "clicks": 1}
READ_ONLY_DB_COPY {"label": "001-db-after-0", "rows": 610}
AUTHORITATIVE_RESULT {"id": 610, "team_no": "202623001141", "problem_no": 4, "practice_run_no": 8346515516392863705, "case_code": "BUGT-CZJN-3KTD-9S84", "entered": 1, "jammer_count": 11, "cleared_jammer_count": 11, "clear_failure_count": 0, "virtual_time_us": 5739363042, "end_reason": "user_exit", "created_at_ms": 1789262257315}
GUI_JOB {"action": "return", "folder": "003-1-return"}
WAIT_GUI {"seconds_remaining": 60}
GUI_RESULT {"status": "returned-to-practice", "ok": true, "clicks": 2, "robot_started": false}
SENSITIVITY_PROGRESS 431 742 screen 4 transverse_m=100 BUGT-CZJN-3KTD-9S84 11 11
GUI_JOB {"action": "dry-run", "folder": "001-0-dry-run"}
WAIT_GUI {"seconds_remaining": 60}
GUI_RESULT {"status": "dry-run-ready", "ok": true, "clicks": 0, "robot_started": false}
READ_ONLY_DB_COPY {"label": "001-db-before", "rows": 610}
GUI_JOB {"action": "run", "folder": "002-1-run"}
WAIT_GUI {"seconds_remaining": 1320}
GUI_RESULT {"robot_exit": 0, "case_code": "9DAW-NCUR-GT8S-9DNG", "ok": true, "robot_started": true, "status": "robot-completed", "clicks": 1}
READ_ONLY_DB_COPY {"label": "001-db-after-0", "rows": 611}
AUTHORITATIVE_RESULT {"id": 611, "team_no": "202623001141", "problem_no": 4, "practice_run_no": 1563694670761529922, "case_code": "9DAW-NCUR-GT8S-9DNG", "entered": 1, "jammer_count": 15, "cleared_jammer_count": 15, "clear_failure_count": 0, "virtual_time_us": 5915866880, "end_reason": "user_exit", "created_at_ms": 1789262308630}
GUI_JOB {"action": "return", "folder": "003-1-return"}
WAIT_GUI {"seconds_remaining": 60}
GUI_RESULT {"status": "returned-to-practice", "ok": true, "clicks": 2, "robot_started": false}
SENSITIVITY_PROGRESS 432 742 screen 4 share_cooldown=0 9DAW-NCUR-GT8S-9DNG 15 15
GUI_JOB {"action": "dry-run", "folder": "001-0-dry-run"}
WAIT_GUI {"seconds_remaining": 60}
GUI_RESULT {"status": "dry-run-ready", "ok": true, "clicks": 0, "robot_started": false}
READ_ONLY_DB_COPY {"label": "001-db-before", "rows": 611}
GUI_JOB {"action": "run", "folder": "002-1-run"}
WAIT_GUI {"seconds_remaining": 1320}
GUI_RESULT {"robot_exit": 0, "case_code": "5R95-HTFR-WZR7-MN6M", "ok": true, "robot_started": true, "status": "robot-completed", "clicks": 1}
READ_ONLY_DB_COPY {"label": "001-db-after-0", "rows": 612}
AUTHORITATIVE_RESULT {"id": 612, "team_no": "202623001141", "problem_no": 3, "practice_run_no": 1781639497744873392, "case_code": "5R95-HTFR-WZR7-MN6M", "entered": 1, "jammer_count": 14, "cleared_jammer_count": 14, "clear_failure_count": 0, "virtual_time_us": 3275492219, "end_reason": "user_exit", "created_at_ms": 1789262360296}
GUI_JOB {"action": "return", "folder": "003-1-return"}
WAIT_GUI {"seconds_remaining": 60}
GUI_RESULT {"status": "returned-to-practice", "ok": true, "clicks": 2, "robot_started": false}
SENSITIVITY_PROGRESS 433 742 screen 3 remainder_weight=0.5 5R95-HTFR-WZR7-MN6M 14 14
GUI_JOB {"action": "dry-run", "folder": "001-0-dry-run"}
WAIT_GUI {"seconds_remaining": 60}
GUI_RESULT {"status": "dry-run-ready", "ok": true, "clicks": 0, "robot_started": false}
READ_ONLY_DB_COPY {"label": "001-db-before", "rows": 612}
GUI_JOB {"action": "run", "folder": "002-1-run"}
WAIT_GUI {"seconds_remaining": 1320}
GUI_RESULT {"robot_exit": 0, "case_code": "TGDE-AHY9-HCCQ-6UQ9", "ok": true, "robot_started": true, "status": "robot-completed", "clicks": 1}
READ_ONLY_DB_COPY {"label": "001-db-after-0", "rows": 613}
AUTHORITATIVE_RESULT {"id": 613, "team_no": "202623001141", "problem_no": 4, "practice_run_no": 98449688092251083, "case_code": "TGDE-AHY9-HCCQ-6UQ9", "entered": 1, "jammer_count": 10, "cleared_jammer_count": 10, "clear_failure_count": 0, "virtual_time_us": 6170637048, "end_reason": "user_exit", "created_at_ms": 1789262408638}
GUI_JOB {"action": "return", "folder": "003-1-return"}
WAIT_GUI {"seconds_remaining": 60}
GUI_RESULT {"status": "returned-to-practice", "ok": true, "clicks": 2, "robot_started": false}
SENSITIVITY_PROGRESS 434 742 screen 4 fraction=0.05 TGDE-AHY9-HCCQ-6UQ9 10 10
GUI_JOB {"action": "dry-run", "folder": "001-0-dry-run"}
WAIT_GUI {"seconds_remaining": 60}
GUI_RESULT {"status": "dry-run-ready", "ok": true, "clicks": 0, "robot_started": false}
READ_ONLY_DB_COPY {"label": "001-db-before", "rows": 613}
GUI_JOB {"action": "run", "folder": "002-1-run"}
WAIT_GUI {"seconds_remaining": 1320}
GUI_RESULT {"robot_exit": 0, "case_code": "PJH3-NSGR-AJX8-24SE", "ok": true, "robot_started": true, "status": "robot-completed", "clicks": 1}
READ_ONLY_DB_COPY {"label": "001-db-after-0", "rows": 614}
AUTHORITATIVE_RESULT {"id": 614, "team_no": "202623001141", "problem_no": 4, "practice_run_no": 7535901312578957500, "case_code": "PJH3-NSGR-AJX8-24SE", "entered": 1, "jammer_count": 15, "cleared_jammer_count": 15, "clear_failure_count": 0, "virtual_time_us": 6006159651, "end_reason": "user_exit", "created_at_ms": 1789262460694}
GUI_JOB {"action": "return", "folder": "003-1-return"}
WAIT_GUI {"seconds_remaining": 60}
GUI_RESULT {"status": "returned-to-practice", "ok": true, "clicks": 2, "robot_started": false}
SENSITIVITY_PROGRESS 435 742 screen 4 pause_limit=0 PJH3-NSGR-AJX8-24SE 15 15
GUI_JOB {"action": "dry-run", "folder": "001-0-dry-run"}
WAIT_GUI {"seconds_remaining": 60}
GUI_RESULT {"status": "dry-run-ready", "ok": true, "clicks": 0, "robot_started": false}
READ_ONLY_DB_COPY {"label": "001-db-before", "rows": 614}
GUI_JOB {"action": "run", "folder": "002-1-run"}
WAIT_GUI {"seconds_remaining": 1320}
GUI_RESULT {"robot_exit": 0, "case_code": "FQQ7-BXNW-8EUF-ZWAS", "ok": true, "robot_started": true, "status": "robot-completed", "clicks": 1}
READ_ONLY_DB_COPY {"label": "001-db-after-0", "rows": 615}
AUTHORITATIVE_RESULT {"id": 615, "team_no": "202623001141", "problem_no": 4, "practice_run_no": 738802310650481778, "case_code": "FQQ7-BXNW-8EUF-ZWAS", "entered": 1, "jammer_count": 10, "cleared_jammer_count": 10, "clear_failure_count": 0, "virtual_time_us": 6368251283, "end_reason": "user_exit", "created_at_ms": 1789262514772}
GUI_JOB {"action": "return", "folder": "003-1-return"}
WAIT_GUI {"seconds_remaining": 60}
GUI_RESULT {"status": "returned-to-practice", "ok": true, "clicks": 2, "robot_started": false}
SENSITIVITY_PROGRESS 436 742 screen 4 transverse_m=10 FQQ7-BXNW-8EUF-ZWAS 10 10
GUI_JOB {"action": "dry-run", "folder": "001-0-dry-run"}
WAIT_GUI {"seconds_remaining": 60}
GUI_RESULT {"status": "dry-run-ready", "ok": true, "clicks": 0, "robot_started": false}
READ_ONLY_DB_COPY {"label": "001-db-before", "rows": 615}
GUI_JOB {"action": "run", "folder": "002-1-run"}
WAIT_GUI {"seconds_remaining": 1320}
GUI_RESULT {"robot_exit": 0, "case_code": "XEYU-776M-JC6A-QVAV", "ok": true, "robot_started": true, "status": "robot-completed", "clicks": 1}
READ_ONLY_DB_COPY {"label": "001-db-after-0", "rows": 616}
AUTHORITATIVE_RESULT {"id": 616, "team_no": "202623001141", "problem_no": 4, "practice_run_no": 4336589429806775951, "case_code": "XEYU-776M-JC6A-QVAV", "entered": 1, "jammer_count": 16, "cleared_jammer_count": 16, "clear_failure_count": 0, "virtual_time_us": 6072024574, "end_reason": "user_exit", "created_at_ms": 1789262572302}
GUI_JOB {"action": "return", "folder": "003-1-return"}
WAIT_GUI {"seconds_remaining": 60}
GUI_RESULT {"status": "returned-to-practice", "ok": true, "clicks": 2, "robot_started": false}
SENSITIVITY_PROGRESS 437 742 screen 4 pause_limit=8 XEYU-776M-JC6A-QVAV 16 16
GUI_JOB {"action": "dry-run", "folder": "001-0-dry-run"}
WAIT_GUI {"seconds_remaining": 60}
GUI_RESULT {"status": "dry-run-ready", "ok": true, "clicks": 0, "robot_started": false}
READ_ONLY_DB_COPY {"label": "001-db-before", "rows": 616}
GUI_JOB {"action": "run", "folder": "002-1-run"}
WAIT_GUI {"seconds_remaining": 1320}
GUI_RESULT {"robot_exit": 0, "case_code": "JEYH-4PFB-85JM-XUCR", "ok": true, "robot_started": true, "status": "robot-completed", "clicks": 1}
READ_ONLY_DB_COPY {"label": "001-db-after-0", "rows": 617}
AUTHORITATIVE_RESULT {"id": 617, "team_no": "202623001141", "problem_no": 4, "practice_run_no": 5895563994854772171, "case_code": "JEYH-4PFB-85JM-XUCR", "entered": 1, "jammer_count": 15, "cleared_jammer_count": 15, "clear_failure_count": 0, "virtual_time_us": 6146616936, "end_reason": "user_exit", "created_at_ms": 1789262626303}
GUI_JOB {"action": "return", "folder": "003-1-return"}
WAIT_GUI {"seconds_remaining": 60}
GUI_RESULT {"status": "returned-to-practice", "ok": true, "clicks": 2, "robot_started": false}
SENSITIVITY_PROGRESS 438 742 screen 4 share_limit=0 JEYH-4PFB-85JM-XUCR 15 15
GUI_JOB {"action": "dry-run", "folder": "001-0-dry-run"}
WAIT_GUI {"seconds_remaining": 60}
GUI_RESULT {"status": "dry-run-ready", "ok": true, "clicks": 0, "robot_started": false}
READ_ONLY_DB_COPY {"label": "001-db-before", "rows": 617}
GUI_JOB {"action": "run", "folder": "002-1-run"}
WAIT_GUI {"seconds_remaining": 1320}
GUI_RESULT {"robot_exit": 0, "case_code": "JH9C-QMN3-QQXY-DXMW", "ok": true, "robot_started": true, "status": "robot-completed", "clicks": 1}
READ_ONLY_DB_COPY {"label": "001-db-after-0", "rows": 618}
AUTHORITATIVE_RESULT {"id": 618, "team_no": "202623001141", "problem_no": 4, "practice_run_no": 1049866752158923487, "case_code": "JH9C-QMN3-QQXY-DXMW", "entered": 1, "jammer_count": 15, "cleared_jammer_count": 15, "clear_failure_count": 0, "virtual_time_us": 5640353641, "end_reason": "user_exit", "created_at_ms": 1789262677675}
GUI_JOB {"action": "return", "folder": "003-1-return"}
WAIT_GUI {"seconds_remaining": 60}
GUI_RESULT {"status": "returned-to-practice", "ok": true, "clicks": 2, "robot_started": false}
SENSITIVITY_PROGRESS 439 742 screen 4 steps=3 JH9C-QMN3-QQXY-DXMW 15 15
GUI_JOB {"action": "dry-run", "folder": "001-0-dry-run"}
WAIT_GUI {"seconds_remaining": 60}
GUI_RESULT {"status": "dry-run-ready", "ok": true, "clicks": 0, "robot_started": false}
READ_ONLY_DB_COPY {"label": "001-db-before", "rows": 618}
GUI_JOB {"action": "run", "folder": "002-1-run"}
WAIT_GUI {"seconds_remaining": 1320}
GUI_RESULT {"robot_exit": 0, "case_code": "46AU-B7EB-W7YH-RD4H", "ok": true, "robot_started": true, "status": "robot-completed", "clicks": 1}
READ_ONLY_DB_COPY {"label": "001-db-after-0", "rows": 619}
AUTHORITATIVE_RESULT {"id": 619, "team_no": "202623001141", "problem_no": 4, "practice_run_no": 4829287639370268441, "case_code": "46AU-B7EB-W7YH-RD4H", "entered": 1, "jammer_count": 12, "cleared_jammer_count": 12, "clear_failure_count": 0, "virtual_time_us": 6224713920, "end_reason": "user_exit", "created_at_ms": 1789262729058}
GUI_JOB {"action": "return", "folder": "003-1-return"}
WAIT_GUI {"seconds_remaining": 60}
GUI_RESULT {"status": "returned-to-practice", "ok": true, "clicks": 2, "robot_started": false}
SENSITIVITY_PROGRESS 440 742 screen 4 steps=4 46AU-B7EB-W7YH-RD4H 12 12
GUI_JOB {"action": "dry-run", "folder": "001-0-dry-run"}
WAIT_GUI {"seconds_remaining": 60}
GUI_RESULT {"status": "dry-run-ready", "ok": true, "clicks": 0, "robot_started": false}
READ_ONLY_DB_COPY {"label": "001-db-before", "rows": 619}
GUI_JOB {"action": "run", "folder": "002-1-run"}
WAIT_GUI {"seconds_remaining": 1320}
GUI_RESULT {"robot_exit": 0, "case_code": "4D77-7MC9-UFPR-48RJ", "ok": true, "robot_started": true, "status": "robot-completed", "clicks": 1}
READ_ONLY_DB_COPY {"label": "001-db-after-0", "rows": 620}
AUTHORITATIVE_RESULT {"id": 620, "team_no": "202623001141", "problem_no": 3, "practice_run_no": 5639517379823506830, "case_code": "4D77-7MC9-UFPR-48RJ", "entered": 1, "jammer_count": 14, "cleared_jammer_count": 14, "clear_failure_count": 0, "virtual_time_us": 2803199799, "end_reason": "user_exit", "created_at_ms": 1789262781830}
GUI_JOB {"action": "return", "folder": "003-1-return"}
WAIT_GUI {"seconds_remaining": 60}
GUI_RESULT {"status": "returned-to-practice", "ok": true, "clicks": 2, "robot_started": false}
SENSITIVITY_PROGRESS 441 742 screen 3 share_limit=12 4D77-7MC9-UFPR-48RJ 14 14
GUI_JOB {"action": "dry-run", "folder": "001-0-dry-run"}
WAIT_GUI {"seconds_remaining": 60}
GUI_RESULT {"status": "dry-run-ready", "ok": true, "clicks": 0, "robot_started": false}
READ_ONLY_DB_COPY {"label": "001-db-before", "rows": 620}
GUI_JOB {"action": "run", "folder": "002-1-run"}
WAIT_GUI {"seconds_remaining": 1320}
GUI_RESULT {"robot_exit": 0, "case_code": "H9ND-G5N7-PR9M-RP5Q", "ok": true, "robot_started": true, "status": "robot-completed", "clicks": 1}
READ_ONLY_DB_COPY {"label": "001-db-after-0", "rows": 621}
AUTHORITATIVE_RESULT {"id": 621, "team_no": "202623001141", "problem_no": 3, "practice_run_no": 136239113114246997, "case_code": "H9ND-G5N7-PR9M-RP5Q", "entered": 1, "jammer_count": 10, "cleared_jammer_count": 10, "clear_failure_count": 2, "virtual_time_us": 2937527889, "end_reason": "user_exit", "created_at_ms": 1789262828783}
GUI_JOB {"action": "return", "folder": "003-1-return"}
WAIT_GUI {"seconds_remaining": 60}
GUI_RESULT {"status": "returned-to-practice", "ok": true, "clicks": 2, "robot_started": false}
SENSITIVITY_PROGRESS 442 742 screen 3 share_limit=2 H9ND-G5N7-PR9M-RP5Q 10 10
GUI_JOB {"action": "dry-run", "folder": "001-0-dry-run"}
WAIT_GUI {"seconds_remaining": 60}
GUI_RESULT {"status": "dry-run-ready", "ok": true, "clicks": 0, "robot_started": false}
READ_ONLY_DB_COPY {"label": "001-db-before", "rows": 621}
GUI_JOB {"action": "run", "folder": "002-1-run"}
WAIT_GUI {"seconds_remaining": 1320}
GUI_RESULT {"robot_exit": 0, "case_code": "VNTT-UXUN-VFBY-HYTP", "ok": true, "robot_started": true, "status": "robot-completed", "clicks": 1}
READ_ONLY_DB_COPY {"label": "001-db-after-0", "rows": 622}
AUTHORITATIVE_RESULT {"id": 622, "team_no": "202623001141", "problem_no": 4, "practice_run_no": 1739244693328912796, "case_code": "VNTT-UXUN-VFBY-HYTP", "entered": 1, "jammer_count": 11, "cleared_jammer_count": 11, "clear_failure_count": 0, "virtual_time_us": 6320646991, "end_reason": "user_exit", "created_at_ms": 1789262877241}
GUI_JOB {"action": "return", "folder": "003-1-return"}
WAIT_GUI {"seconds_remaining": 60}
GUI_RESULT {"status": "returned-to-practice", "ok": true, "clicks": 2, "robot_started": false}
SENSITIVITY_PROGRESS 443 742 screen 4 trial_radius=50 VNTT-UXUN-VFBY-HYTP 11 11
GUI_JOB {"action": "dry-run", "folder": "001-0-dry-run"}
WAIT_GUI {"seconds_remaining": 60}
GUI_RESULT {"status": "dry-run-ready", "ok": true, "clicks": 0, "robot_started": false}
READ_ONLY_DB_COPY {"label": "001-db-before", "rows": 622}
GUI_JOB {"action": "run", "folder": "002-1-run"}
WAIT_GUI {"seconds_remaining": 1320}
GUI_RESULT {"robot_exit": 0, "case_code": "2MCV-QMFE-2JHU-7F32", "ok": true, "robot_started": true, "status": "robot-completed", "clicks": 1}
READ_ONLY_DB_COPY {"label": "001-db-after-0", "rows": 623}
AUTHORITATIVE_RESULT {"id": 623, "team_no": "202623001141", "problem_no": 3, "practice_run_no": 9128413793586548545, "case_code": "2MCV-QMFE-2JHU-7F32", "entered": 1, "jammer_count": 10, "cleared_jammer_count": 10, "clear_failure_count": 0, "virtual_time_us": 2857498319, "end_reason": "user_exit", "created_at_ms": 1789262931133}
GUI_JOB {"action": "return", "folder": "003-1-return"}
WAIT_GUI {"seconds_remaining": 60}
GUI_RESULT {"status": "returned-to-practice", "ok": true, "clicks": 2, "robot_started": false}
SENSITIVITY_PROGRESS 444 742 screen 3 share_limit=20 2MCV-QMFE-2JHU-7F32 10 10
GUI_JOB {"action": "dry-run", "folder": "001-0-dry-run"}
WAIT_GUI {"seconds_remaining": 60}
GUI_RESULT {"status": "dry-run-ready", "ok": true, "clicks": 0, "robot_started": false}
READ_ONLY_DB_COPY {"label": "001-db-before", "rows": 623}
GUI_JOB {"action": "run", "folder": "002-1-run"}
WAIT_GUI {"seconds_remaining": 1320}
GUI_RESULT {"robot_exit": 0, "case_code": "Y3V2-DDS6-P6QR-TX7V", "ok": true, "robot_started": true, "status": "robot-completed", "clicks": 1}
READ_ONLY_DB_COPY {"label": "001-db-after-0", "rows": 624}
AUTHORITATIVE_RESULT {"id": 624, "team_no": "202623001141", "problem_no": 3, "practice_run_no": 8965559102461902565, "case_code": "Y3V2-DDS6-P6QR-TX7V", "entered": 1, "jammer_count": 11, "cleared_jammer_count": 11, "clear_failure_count": 0, "virtual_time_us": 2720775897, "end_reason": "user_exit", "created_at_ms": 1789262978236}
GUI_JOB {"action": "return", "folder": "003-1-return"}
WAIT_GUI {"seconds_remaining": 60}
GUI_RESULT {"status": "returned-to-practice", "ok": true, "clicks": 2, "robot_started": false}
SENSITIVITY_PROGRESS 445 742 screen 3 localization_weight=0.32 Y3V2-DDS6-P6QR-TX7V 11 11
GUI_JOB {"action": "dry-run", "folder": "001-0-dry-run"}
WAIT_GUI {"seconds_remaining": 60}
GUI_RESULT {"status": "dry-run-ready", "ok": true, "clicks": 0, "robot_started": false}
READ_ONLY_DB_COPY {"label": "001-db-before", "rows": 624}
GUI_JOB {"action": "run", "folder": "002-1-run"}
WAIT_GUI {"seconds_remaining": 1320}
GUI_RESULT {"robot_exit": 0, "case_code": "G2WF-ZB95-MXSN-9TZS", "ok": true, "robot_started": true, "status": "robot-completed", "clicks": 1}
READ_ONLY_DB_COPY {"label": "001-db-after-0", "rows": 625}
AUTHORITATIVE_RESULT {"id": 625, "team_no": "202623001141", "problem_no": 3, "practice_run_no": 6656921806271128712, "case_code": "G2WF-ZB95-MXSN-9TZS", "entered": 1, "jammer_count": 16, "cleared_jammer_count": 16, "clear_failure_count": 0, "virtual_time_us": 3221643067, "end_reason": "user_exit", "created_at_ms": 1789263025384}
GUI_JOB {"action": "return", "folder": "003-1-return"}
WAIT_GUI {"seconds_remaining": 60}
GUI_RESULT {"status": "returned-to-practice", "ok": true, "clicks": 2, "robot_started": false}
SENSITIVITY_PROGRESS 446 742 screen 3 remainder_weight=0 G2WF-ZB95-MXSN-9TZS 16 16
GUI_JOB {"action": "dry-run", "folder": "001-0-dry-run"}
WAIT_GUI {"seconds_remaining": 60}
GUI_RESULT {"status": "dry-run-ready", "ok": true, "clicks": 0, "robot_started": false}
READ_ONLY_DB_COPY {"label": "001-db-before", "rows": 625}
GUI_JOB {"action": "run", "folder": "002-1-run"}
WAIT_GUI {"seconds_remaining": 1320}
GUI_RESULT {"robot_exit": 0, "case_code": "SWJG-P83S-XF4Z-2K4Q", "ok": true, "robot_started": true, "status": "robot-completed", "clicks": 1}
READ_ONLY_DB_COPY {"label": "001-db-after-0", "rows": 626}
AUTHORITATIVE_RESULT {"id": 626, "team_no": "202623001141", "problem_no": 3, "practice_run_no": 3753245511795227564, "case_code": "SWJG-P83S-XF4Z-2K4Q", "entered": 1, "jammer_count": 11, "cleared_jammer_count": 11, "clear_failure_count": 0, "virtual_time_us": 3016760921, "end_reason": "user_exit", "created_at_ms": 1789263071096}
GUI_JOB {"action": "return", "folder": "003-1-return"}
WAIT_GUI {"seconds_remaining": 60}
GUI_RESULT {"status": "returned-to-practice", "ok": true, "clicks": 2, "robot_started": false}
SENSITIVITY_PROGRESS 447 742 screen 3 localization_weight=0.02 SWJG-P83S-XF4Z-2K4Q 11 11
GUI_JOB {"action": "dry-run", "folder": "001-0-dry-run"}
WAIT_GUI {"seconds_remaining": 60}
GUI_RESULT {"status": "dry-run-ready", "ok": true, "clicks": 0, "robot_started": false}
READ_ONLY_DB_COPY {"label": "001-db-before", "rows": 626}
GUI_JOB {"action": "run", "folder": "002-1-run"}
WAIT_GUI {"seconds_remaining": 1320}
GUI_RESULT {"robot_exit": 0, "case_code": "D6NA-F5V7-DJPP-2CVN", "ok": true, "robot_started": true, "status": "robot-completed", "clicks": 1}
READ_ONLY_DB_COPY {"label": "001-db-after-0", "rows": 627}
AUTHORITATIVE_RESULT {"id": 627, "team_no": "202623001141", "problem_no": 4, "practice_run_no": 8753088635387162642, "case_code": "D6NA-F5V7-DJPP-2CVN", "entered": 1, "jammer_count": 10, "cleared_jammer_count": 10, "clear_failure_count": 1, "virtual_time_us": 6403884925, "end_reason": "user_exit", "created_at_ms": 1789263118303}
GUI_JOB {"action": "return", "folder": "003-1-return"}
WAIT_GUI {"seconds_remaining": 60}
GUI_RESULT {"status": "returned-to-practice", "ok": true, "clicks": 2, "robot_started": false}
SENSITIVITY_PROGRESS 448 742 screen 4 transverse_m=20 D6NA-F5V7-DJPP-2CVN 10 10
GUI_JOB {"action": "dry-run", "folder": "001-0-dry-run"}
WAIT_GUI {"seconds_remaining": 60}
GUI_RESULT {"status": "dry-run-ready", "ok": true, "clicks": 0, "robot_started": false}
READ_ONLY_DB_COPY {"label": "001-db-before", "rows": 627}
GUI_JOB {"action": "run", "folder": "002-1-run"}
WAIT_GUI {"seconds_remaining": 1320}
GUI_RESULT {"robot_exit": 0, "case_code": "3K5X-M989-XGGC-X3FF", "ok": true, "robot_started": true, "status": "robot-completed", "clicks": 1}
READ_ONLY_DB_COPY {"label": "001-db-after-0", "rows": 628}
AUTHORITATIVE_RESULT {"id": 628, "team_no": "202623001141", "problem_no": 3, "practice_run_no": 8828386599293644471, "case_code": "3K5X-M989-XGGC-X3FF", "entered": 1, "jammer_count": 10, "cleared_jammer_count": 10, "clear_failure_count": 0, "virtual_time_us": 3219325324, "end_reason": "user_exit", "created_at_ms": 1789263172106}
GUI_JOB {"action": "return", "folder": "003-1-return"}
WAIT_GUI {"seconds_remaining": 60}
GUI_RESULT {"status": "returned-to-practice", "ok": true, "clicks": 2, "robot_started": false}
SENSITIVITY_PROGRESS 449 742 screen 3 max_active=5 3K5X-M989-XGGC-X3FF 10 10
GUI_JOB {"action": "dry-run", "folder": "001-0-dry-run"}
WAIT_GUI {"seconds_remaining": 60}
GUI_RESULT {"status": "dry-run-ready", "ok": true, "clicks": 0, "robot_started": false}
READ_ONLY_DB_COPY {"label": "001-db-before", "rows": 628}
GUI_JOB {"action": "run", "folder": "002-1-run"}
WAIT_GUI {"seconds_remaining": 1320}
GUI_RESULT {"robot_exit": 0, "case_code": "ZCDP-DFEV-5E3Z-4ETK", "ok": true, "robot_started": true, "status": "robot-completed", "clicks": 1}
READ_ONLY_DB_COPY {"label": "001-db-after-0", "rows": 629}
AUTHORITATIVE_RESULT {"id": 629, "team_no": "202623001141", "problem_no": 4, "practice_run_no": 8520640077131353556, "case_code": "ZCDP-DFEV-5E3Z-4ETK", "entered": 1, "jammer_count": 11, "cleared_jammer_count": 11, "clear_failure_count": 0, "virtual_time_us": 6565236925, "end_reason": "user_exit", "created_at_ms": 1789263219219}
GUI_JOB {"action": "return", "folder": "003-1-return"}
WAIT_GUI {"seconds_remaining": 60}
GUI_RESULT {"status": "returned-to-practice", "ok": true, "clicks": 2, "robot_started": false}
SENSITIVITY_PROGRESS 450 742 screen 4 share_cooldown=800 ZCDP-DFEV-5E3Z-4ETK 11 11
GUI_JOB {"action": "dry-run", "folder": "001-0-dry-run"}
WAIT_GUI {"seconds_remaining": 60}
GUI_RESULT {"status": "dry-run-ready", "ok": true, "clicks": 0, "robot_started": false}
READ_ONLY_DB_COPY {"label": "001-db-before", "rows": 629}
GUI_JOB {"action": "run", "folder": "002-1-run"}
WAIT_GUI {"seconds_remaining": 1320}
GUI_RESULT {"robot_exit": 0, "case_code": "Q48Q-D675-GBP9-QET7", "ok": true, "robot_started": true, "status": "robot-completed", "clicks": 1}
READ_ONLY_DB_COPY {"label": "001-db-after-0", "rows": 630}
AUTHORITATIVE_RESULT {"id": 630, "team_no": "202623001141", "problem_no": 4, "practice_run_no": 9133757503790215185, "case_code": "Q48Q-D675-GBP9-QET7", "entered": 1, "jammer_count": 12, "cleared_jammer_count": 12, "clear_failure_count": 0, "virtual_time_us": 6086690573, "end_reason": "user_exit", "created_at_ms": 1789263273307}
GUI_JOB {"action": "return", "folder": "003-1-return"}
WAIT_GUI {"seconds_remaining": 60}
GUI_RESULT {"status": "returned-to-practice", "ok": true, "clicks": 2, "robot_started": false}
SENSITIVITY_PROGRESS 451 742 screen 4 pause_limit=24 Q48Q-D675-GBP9-QET7 12 12
GUI_JOB {"action": "dry-run", "folder": "001-0-dry-run"}
WAIT_GUI {"seconds_remaining": 60}
GUI_RESULT {"status": "dry-run-ready", "ok": true, "clicks": 0, "robot_started": false}
READ_ONLY_DB_COPY {"label": "001-db-before", "rows": 630}
GUI_JOB {"action": "run", "folder": "002-1-run"}
WAIT_GUI {"seconds_remaining": 1320}
GUI_RESULT {"robot_exit": 0, "case_code": "3VXX-R5AR-P7M6-BU7H", "ok": true, "robot_started": true, "status": "robot-completed", "clicks": 1}
READ_ONLY_DB_COPY {"label": "001-db-after-0", "rows": 631}
AUTHORITATIVE_RESULT {"id": 631, "team_no": "202623001141", "problem_no": 4, "practice_run_no": 8911533880552308265, "case_code": "3VXX-R5AR-P7M6-BU7H", "entered": 1, "jammer_count": 12, "cleared_jammer_count": 12, "clear_failure_count": 0, "virtual_time_us": 5923836178, "end_reason": "user_exit", "created_at_ms": 1789263326389}
GUI_JOB {"action": "return", "folder": "003-1-return"}
WAIT_GUI {"seconds_remaining": 60}
GUI_RESULT {"status": "returned-to-practice", "ok": true, "clicks": 2, "robot_started": false}
SENSITIVITY_PROGRESS 452 742 screen 4 share_limit=20 3VXX-R5AR-P7M6-BU7H 12 12
GUI_JOB {"action": "dry-run", "folder": "001-0-dry-run"}
WAIT_GUI {"seconds_remaining": 60}
GUI_RESULT {"status": "dry-run-ready", "ok": true, "clicks": 0, "robot_started": false}
READ_ONLY_DB_COPY {"label": "001-db-before", "rows": 631}
GUI_JOB {"action": "run", "folder": "002-1-run"}
WAIT_GUI {"seconds_remaining": 1320}
GUI_RESULT {"robot_exit": 0, "case_code": "U68G-WB6W-JCZY-ZRZ8", "ok": true, "robot_started": true, "status": "robot-completed", "clicks": 1}
READ_ONLY_DB_COPY {"label": "001-db-after-0", "rows": 632}
AUTHORITATIVE_RESULT {"id": 632, "team_no": "202623001141", "problem_no": 4, "practice_run_no": 1434329457827270617, "case_code": "U68G-WB6W-JCZY-ZRZ8", "entered": 1, "jammer_count": 13, "cleared_jammer_count": 13, "clear_failure_count": 1, "virtual_time_us": 6444532185, "end_reason": "user_exit", "created_at_ms": 1789263380589}
GUI_JOB {"action": "return", "folder": "003-1-return"}
WAIT_GUI {"seconds_remaining": 60}
GUI_RESULT {"status": "returned-to-practice", "ok": true, "clicks": 2, "robot_started": false}
SENSITIVITY_PROGRESS 453 742 screen 4 share_cooldown=800 U68G-WB6W-JCZY-ZRZ8 13 13
GUI_JOB {"action": "dry-run", "folder": "001-0-dry-run"}
WAIT_GUI {"seconds_remaining": 60}
GUI_RESULT {"status": "dry-run-ready", "ok": true, "clicks": 0, "robot_started": false}
READ_ONLY_DB_COPY {"label": "001-db-before", "rows": 632}
GUI_JOB {"action": "run", "folder": "002-1-run"}
WAIT_GUI {"seconds_remaining": 1320}
GUI_RESULT {"robot_exit": 0, "case_code": "2B4P-AQ9U-56SD-B4BD", "ok": true, "robot_started": true, "status": "robot-completed", "clicks": 1}
READ_ONLY_DB_COPY {"label": "001-db-after-0", "rows": 633}
AUTHORITATIVE_RESULT {"id": 633, "team_no": "202623001141", "problem_no": 4, "practice_run_no": 3332638503137436949, "case_code": "2B4P-AQ9U-56SD-B4BD", "entered": 1, "jammer_count": 16, "cleared_jammer_count": 16, "clear_failure_count": 0, "virtual_time_us": 5717141488, "end_reason": "user_exit", "created_at_ms": 1789263434945}
GUI_JOB {"action": "return", "folder": "003-1-return"}
WAIT_GUI {"seconds_remaining": 60}
GUI_RESULT {"status": "returned-to-practice", "ok": true, "clicks": 2, "robot_started": false}
SENSITIVITY_PROGRESS 454 742 screen 4 share_cooldown=50 2B4P-AQ9U-56SD-B4BD 16 16
GUI_JOB {"action": "dry-run", "folder": "001-0-dry-run"}
WAIT_GUI {"seconds_remaining": 60}
GUI_RESULT {"status": "dry-run-ready", "ok": true, "clicks": 0, "robot_started": false}
READ_ONLY_DB_COPY {"label": "001-db-before", "rows": 633}
GUI_JOB {"action": "run", "folder": "002-1-run"}
WAIT_GUI {"seconds_remaining": 1320}
GUI_RESULT {"robot_exit": 0, "case_code": "2S5B-S2JS-D7NB-VU2F", "ok": true, "robot_started": true, "status": "robot-completed", "clicks": 1}
READ_ONLY_DB_COPY {"label": "001-db-after-0", "rows": 634}
AUTHORITATIVE_RESULT {"id": 634, "team_no": "202623001141", "problem_no": 3, "practice_run_no": 8653676067437604919, "case_code": "2S5B-S2JS-D7NB-VU2F", "entered": 1, "jammer_count": 12, "cleared_jammer_count": 12, "clear_failure_count": 0, "virtual_time_us": 2873896617, "end_reason": "user_exit", "created_at_ms": 1789263485974}
GUI_JOB {"action": "return", "folder": "003-1-return"}
WAIT_GUI {"seconds_remaining": 60}
GUI_RESULT {"status": "returned-to-practice", "ok": true, "clicks": 2, "robot_started": false}
SENSITIVITY_PROGRESS 455 742 screen 3 remainder_weight=0.5 2S5B-S2JS-D7NB-VU2F 12 12
GUI_JOB {"action": "dry-run", "folder": "001-0-dry-run"}
WAIT_GUI {"seconds_remaining": 60}
GUI_RESULT {"status": "dry-run-ready", "ok": true, "clicks": 0, "robot_started": false}
READ_ONLY_DB_COPY {"label": "001-db-before", "rows": 634}
GUI_JOB {"action": "run", "folder": "002-1-run"}
WAIT_GUI {"seconds_remaining": 1320}
GUI_RESULT {"robot_exit": 0, "case_code": "53XF-J8XR-FFG5-W8FR", "ok": true, "robot_started": true, "status": "robot-completed", "clicks": 1}
READ_ONLY_DB_COPY {"label": "001-db-after-0", "rows": 635}
AUTHORITATIVE_RESULT {"id": 635, "team_no": "202623001141", "problem_no": 4, "practice_run_no": 1321268079143818395, "case_code": "53XF-J8XR-FFG5-W8FR", "entered": 1, "jammer_count": 13, "cleared_jammer_count": 13, "clear_failure_count": 0, "virtual_time_us": 5844044583, "end_reason": "user_exit", "created_at_ms": 1789263534294}
GUI_JOB {"action": "return", "folder": "003-1-return"}
WAIT_GUI {"seconds_remaining": 60}
GUI_RESULT {"status": "returned-to-practice", "ok": true, "clicks": 2, "robot_started": false}
SENSITIVITY_PROGRESS 456 742 screen 4 share_limit=20 53XF-J8XR-FFG5-W8FR 13 13
GUI_JOB {"action": "dry-run", "folder": "001-0-dry-run"}
WAIT_GUI {"seconds_remaining": 60}
GUI_RESULT {"status": "dry-run-ready", "ok": true, "clicks": 0, "robot_started": false}
READ_ONLY_DB_COPY {"label": "001-db-before", "rows": 635}
GUI_JOB {"action": "run", "folder": "002-1-run"}
WAIT_GUI {"seconds_remaining": 1320}
GUI_RESULT {"robot_exit": 0, "case_code": "89MP-HUCG-PFWU-WZNF", "ok": true, "robot_started": true, "status": "robot-completed", "clicks": 1}
READ_ONLY_DB_COPY {"label": "001-db-after-0", "rows": 636}
AUTHORITATIVE_RESULT {"id": 636, "team_no": "202623001141", "problem_no": 3, "practice_run_no": 6753160974085397706, "case_code": "89MP-HUCG-PFWU-WZNF", "entered": 1, "jammer_count": 12, "cleared_jammer_count": 12, "clear_failure_count": 2, "virtual_time_us": 2776481680, "end_reason": "user_exit", "created_at_ms": 1789263586313}
GUI_JOB {"action": "return", "folder": "003-1-return"}
WAIT_GUI {"seconds_remaining": 60}
GUI_RESULT {"status": "returned-to-practice", "ok": true, "clicks": 2, "robot_started": false}
SENSITIVITY_PROGRESS 457 742 screen 3 remainder_weight=2 89MP-HUCG-PFWU-WZNF 12 12
GUI_JOB {"action": "dry-run", "folder": "001-0-dry-run"}
WAIT_GUI {"seconds_remaining": 60}
GUI_RESULT {"status": "dry-run-ready", "ok": true, "clicks": 0, "robot_started": false}
READ_ONLY_DB_COPY {"label": "001-db-before", "rows": 636}
GUI_JOB {"action": "run", "folder": "002-1-run"}
WAIT_GUI {"seconds_remaining": 1320}
GUI_RESULT {"robot_exit": 0, "case_code": "7U6T-EBCG-BXCS-VMES", "ok": true, "robot_started": true, "status": "robot-completed", "clicks": 1}
READ_ONLY_DB_COPY {"label": "001-db-after-0", "rows": 637}
AUTHORITATIVE_RESULT {"id": 637, "team_no": "202623001141", "problem_no": 3, "practice_run_no": 1543882566805697525, "case_code": "7U6T-EBCG-BXCS-VMES", "entered": 1, "jammer_count": 16, "cleared_jammer_count": 16, "clear_failure_count": 1, "virtual_time_us": 3096970636, "end_reason": "user_exit", "created_at_ms": 1789263635242}
GUI_JOB {"action": "return", "folder": "003-1-return"}
WAIT_GUI {"seconds_remaining": 60}
GUI_RESULT {"status": "returned-to-practice", "ok": true, "clicks": 2, "robot_started": false}
SENSITIVITY_PROGRESS 458 742 screen 3 max_active=5 7U6T-EBCG-BXCS-VMES 16 16
GUI_JOB {"action": "dry-run", "folder": "001-0-dry-run"}
WAIT_GUI {"seconds_remaining": 60}
GUI_RESULT {"status": "dry-run-ready", "ok": true, "clicks": 0, "robot_started": false}
READ_ONLY_DB_COPY {"label": "001-db-before", "rows": 637}
GUI_JOB {"action": "run", "folder": "002-1-run"}
WAIT_GUI {"seconds_remaining": 1320}
GUI_RESULT {"robot_exit": 0, "case_code": "U544-7QVE-ZKBW-9T5D", "ok": true, "robot_started": true, "status": "robot-completed", "clicks": 1}
READ_ONLY_DB_COPY {"label": "001-db-after-0", "rows": 638}
AUTHORITATIVE_RESULT {"id": 638, "team_no": "202623001141", "problem_no": 3, "practice_run_no": 7642326753995318465, "case_code": "U544-7QVE-ZKBW-9T5D", "entered": 1, "jammer_count": 10, "cleared_jammer_count": 10, "clear_failure_count": 0, "virtual_time_us": 3231799276, "end_reason": "user_exit", "created_at_ms": 1789263683517}
GUI_JOB {"action": "return", "folder": "003-1-return"}
WAIT_GUI {"seconds_remaining": 60}
GUI_RESULT {"status": "returned-to-practice", "ok": true, "clicks": 2, "robot_started": false}
SENSITIVITY_PROGRESS 459 742 screen 3 localization_weight=0 U544-7QVE-ZKBW-9T5D 10 10
GUI_JOB {"action": "dry-run", "folder": "001-0-dry-run"}
WAIT_GUI {"seconds_remaining": 60}
GUI_RESULT {"status": "dry-run-ready", "ok": true, "clicks": 0, "robot_started": false}
READ_ONLY_DB_COPY {"label": "001-db-before", "rows": 638}
GUI_JOB {"action": "run", "folder": "002-1-run"}
WAIT_GUI {"seconds_remaining": 1320}
GUI_RESULT {"robot_exit": 0, "case_code": "RHU8-GC7E-CGVE-HFJH", "ok": true, "robot_started": true, "status": "robot-completed", "clicks": 1}
READ_ONLY_DB_COPY {"label": "001-db-after-0", "rows": 639}
AUTHORITATIVE_RESULT {"id": 639, "team_no": "202623001141", "problem_no": 3, "practice_run_no": 587133375233191593, "case_code": "RHU8-GC7E-CGVE-HFJH", "entered": 1, "jammer_count": 14, "cleared_jammer_count": 14, "clear_failure_count": 0, "virtual_time_us": 3274306616, "end_reason": "user_exit", "created_at_ms": 1789263731821}
GUI_JOB {"action": "return", "folder": "003-1-return"}
WAIT_GUI {"seconds_remaining": 60}
GUI_RESULT {"status": "returned-to-practice", "ok": true, "clicks": 2, "robot_started": false}
SENSITIVITY_PROGRESS 460 742 screen 3 trial_radius=80 RHU8-GC7E-CGVE-HFJH 14 14
GUI_JOB {"action": "dry-run", "folder": "001-0-dry-run"}
WAIT_GUI {"seconds_remaining": 60}
GUI_RESULT {"status": "dry-run-ready", "ok": true, "clicks": 0, "robot_started": false}
READ_ONLY_DB_COPY {"label": "001-db-before", "rows": 639}
GUI_JOB {"action": "run", "folder": "002-1-run"}
WAIT_GUI {"seconds_remaining": 1320}
GUI_RESULT {"robot_exit": 0, "case_code": "87A2-2235-Y7NS-KZ74", "ok": true, "robot_started": true, "status": "robot-completed", "clicks": 1}
READ_ONLY_DB_COPY {"label": "001-db-after-0", "rows": 640}
AUTHORITATIVE_RESULT {"id": 640, "team_no": "202623001141", "problem_no": 3, "practice_run_no": 8988404467026601393, "case_code": "87A2-2235-Y7NS-KZ74", "entered": 1, "jammer_count": 13, "cleared_jammer_count": 13, "clear_failure_count": 0, "virtual_time_us": 3332371444, "end_reason": "user_exit", "created_at_ms": 1789263779839}
GUI_JOB {"action": "return", "folder": "003-1-return"}
WAIT_GUI {"seconds_remaining": 60}
GUI_RESULT {"status": "returned-to-practice", "ok": true, "clicks": 2, "robot_started": false}
SENSITIVITY_PROGRESS 461 742 screen 3 localization_weight=1.28 87A2-2235-Y7NS-KZ74 13 13
GUI_JOB {"action": "dry-run", "folder": "001-0-dry-run"}
WAIT_GUI {"seconds_remaining": 60}
GUI_RESULT {"status": "dry-run-ready", "ok": true, "clicks": 0, "robot_started": false}
READ_ONLY_DB_COPY {"label": "001-db-before", "rows": 640}
GUI_JOB {"action": "run", "folder": "002-1-run"}
WAIT_GUI {"seconds_remaining": 1320}
GUI_RESULT {"robot_exit": 0, "case_code": "48JM-DW7A-BWGU-MZPA", "ok": true, "robot_started": true, "status": "robot-completed", "clicks": 1}
READ_ONLY_DB_COPY {"label": "001-db-after-0", "rows": 641}
AUTHORITATIVE_RESULT {"id": 641, "team_no": "202623001141", "problem_no": 4, "practice_run_no": 714820657762040558, "case_code": "48JM-DW7A-BWGU-MZPA", "entered": 1, "jammer_count": 14, "cleared_jammer_count": 14, "clear_failure_count": 1, "virtual_time_us": 6746801306, "end_reason": "user_exit", "created_at_ms": 1789263826728}
GUI_JOB {"action": "return", "folder": "003-1-return"}
WAIT_GUI {"seconds_remaining": 60}
GUI_RESULT {"status": "returned-to-practice", "ok": true, "clicks": 2, "robot_started": false}
SENSITIVITY_PROGRESS 462 742 screen 4 share_cooldown=400 48JM-DW7A-BWGU-MZPA 14 14
GUI_JOB {"action": "dry-run", "folder": "001-0-dry-run"}
WAIT_GUI {"seconds_remaining": 60}
GUI_RESULT {"status": "dry-run-ready", "ok": true, "clicks": 0, "robot_started": false}
READ_ONLY_DB_COPY {"label": "001-db-before", "rows": 641}
GUI_JOB {"action": "run", "folder": "002-1-run"}
WAIT_GUI {"seconds_remaining": 1320}
GUI_RESULT {"robot_exit": 0, "case_code": "G6RE-4VU8-HCKA-3KEK", "ok": true, "robot_started": true, "status": "robot-completed", "clicks": 1}
READ_ONLY_DB_COPY {"label": "001-db-after-0", "rows": 642}
AUTHORITATIVE_RESULT {"id": 642, "team_no": "202623001141", "problem_no": 3, "practice_run_no": 1258237393429744018, "case_code": "G6RE-4VU8-HCKA-3KEK", "entered": 1, "jammer_count": 10, "cleared_jammer_count": 10, "clear_failure_count": 0, "virtual_time_us": 3018514111, "end_reason": "user_exit", "created_at_ms": 1789263878788}
GUI_JOB {"action": "return", "folder": "003-1-return"}
WAIT_GUI {"seconds_remaining": 60}
GUI_RESULT {"status": "returned-to-practice", "ok": true, "clicks": 2, "robot_started": false}
SENSITIVITY_PROGRESS 463 742 screen 3 trial_radius=35 G6RE-4VU8-HCKA-3KEK 10 10
GUI_JOB {"action": "dry-run", "folder": "001-0-dry-run"}
WAIT_GUI {"seconds_remaining": 60}
GUI_RESULT {"status": "dry-run-ready", "ok": true, "clicks": 0, "robot_started": false}
READ_ONLY_DB_COPY {"label": "001-db-before", "rows": 642}
GUI_JOB {"action": "run", "folder": "002-1-run"}
WAIT_GUI {"seconds_remaining": 1320}
GUI_RESULT {"robot_exit": 0, "case_code": "X4GW-VPP9-GUBT-2PD9", "ok": true, "robot_started": true, "status": "robot-completed", "clicks": 1}
READ_ONLY_DB_COPY {"label": "001-db-after-0", "rows": 643}
AUTHORITATIVE_RESULT {"id": 643, "team_no": "202623001141", "problem_no": 3, "practice_run_no": 1096236966425854748, "case_code": "X4GW-VPP9-GUBT-2PD9", "entered": 1, "jammer_count": 12, "cleared_jammer_count": 12, "clear_failure_count": 0, "virtual_time_us": 3210628751, "end_reason": "user_exit", "created_at_ms": 1789263926491}
GUI_JOB {"action": "return", "folder": "003-1-return"}
WAIT_GUI {"seconds_remaining": 60}
GUI_RESULT {"status": "returned-to-practice", "ok": true, "clicks": 2, "robot_started": false}
SENSITIVITY_PROGRESS 464 742 screen 3 share_limit=2 X4GW-VPP9-GUBT-2PD9 12 12
GUI_JOB {"action": "dry-run", "folder": "001-0-dry-run"}
WAIT_GUI {"seconds_remaining": 60}
GUI_RESULT {"status": "dry-run-ready", "ok": true, "clicks": 0, "robot_started": false}
READ_ONLY_DB_COPY {"label": "001-db-before", "rows": 643}
GUI_JOB {"action": "run", "folder": "002-1-run"}
WAIT_GUI {"seconds_remaining": 1320}
GUI_RESULT {"robot_exit": 0, "case_code": "54ET-7RWN-MGZZ-2Q7G", "ok": true, "robot_started": true, "status": "robot-completed", "clicks": 1}
READ_ONLY_DB_COPY {"label": "001-db-after-0", "rows": 644}
AUTHORITATIVE_RESULT {"id": 644, "team_no": "202623001141", "problem_no": 4, "practice_run_no": 875735419000009533, "case_code": "54ET-7RWN-MGZZ-2Q7G", "entered": 1, "jammer_count": 13, "cleared_jammer_count": 13, "clear_failure_count": 0, "virtual_time_us": 5809660053, "end_reason": "user_exit", "created_at_ms": 1789263974595}
GUI_JOB {"action": "return", "folder": "003-1-return"}
WAIT_GUI {"seconds_remaining": 60}
GUI_RESULT {"status": "returned-to-practice", "ok": true, "clicks": 2, "robot_started": false}
SENSITIVITY_PROGRESS 465 742 screen 4 steps=2 54ET-7RWN-MGZZ-2Q7G 13 13
GUI_JOB {"action": "dry-run", "folder": "001-0-dry-run"}
WAIT_GUI {"seconds_remaining": 60}
GUI_RESULT {"status": "dry-run-ready", "ok": true, "clicks": 0, "robot_started": false}
READ_ONLY_DB_COPY {"label": "001-db-before", "rows": 644}
GUI_JOB {"action": "run", "folder": "002-1-run"}
WAIT_GUI {"seconds_remaining": 1320}
GUI_RESULT {"robot_exit": 0, "case_code": "K3WV-NX65-X2SF-EGM6", "ok": true, "robot_started": true, "status": "robot-completed", "clicks": 1}
READ_ONLY_DB_COPY {"label": "001-db-after-0", "rows": 645}
AUTHORITATIVE_RESULT {"id": 645, "team_no": "202623001141", "problem_no": 4, "practice_run_no": 5135094731571240676, "case_code": "K3WV-NX65-X2SF-EGM6", "entered": 1, "jammer_count": 16, "cleared_jammer_count": 16, "clear_failure_count": 0, "virtual_time_us": 5799444537, "end_reason": "user_exit", "created_at_ms": 1789264029932}
GUI_JOB {"action": "return", "folder": "003-1-return"}
WAIT_GUI {"seconds_remaining": 60}
GUI_RESULT {"status": "returned-to-practice", "ok": true, "clicks": 2, "robot_started": false}
SENSITIVITY_PROGRESS 466 742 screen 4 fraction=0.1 K3WV-NX65-X2SF-EGM6 16 16
GUI_JOB {"action": "dry-run", "folder": "001-0-dry-run"}
WAIT_GUI {"seconds_remaining": 60}
GUI_RESULT {"status": "dry-run-ready", "ok": true, "clicks": 0, "robot_started": false}
READ_ONLY_DB_COPY {"label": "001-db-before", "rows": 645}
GUI_JOB {"action": "run", "folder": "002-1-run"}
WAIT_GUI {"seconds_remaining": 1320}
GUI_RESULT {"robot_exit": 0, "case_code": "8U85-6MHV-EB33-CF66", "ok": true, "robot_started": true, "status": "robot-completed", "clicks": 1}
READ_ONLY_DB_COPY {"label": "001-db-after-0", "rows": 646}
AUTHORITATIVE_RESULT {"id": 646, "team_no": "202623001141", "problem_no": 3, "practice_run_no": 5549477981709414490, "case_code": "8U85-6MHV-EB33-CF66", "entered": 1, "jammer_count": 12, "cleared_jammer_count": 12, "clear_failure_count": 0, "virtual_time_us": 3235866266, "end_reason": "user_exit", "created_at_ms": 1789264081481}
GUI_JOB {"action": "return", "folder": "003-1-return"}
WAIT_GUI {"seconds_remaining": 60}
GUI_RESULT {"status": "returned-to-practice", "ok": true, "clicks": 2, "robot_started": false}
SENSITIVITY_PROGRESS 467 742 screen 3 max_active=2 8U85-6MHV-EB33-CF66 12 12
GUI_JOB {"action": "dry-run", "folder": "001-0-dry-run"}
WAIT_GUI {"seconds_remaining": 60}
GUI_RESULT {"status": "dry-run-ready", "ok": true, "clicks": 0, "robot_started": false}
READ_ONLY_DB_COPY {"label": "001-db-before", "rows": 646}
GUI_JOB {"action": "run", "folder": "002-1-run"}
WAIT_GUI {"seconds_remaining": 1320}
GUI_RESULT {"robot_exit": 0, "case_code": "VXSP-3R8R-XPH6-E5SW", "ok": true, "robot_started": true, "status": "robot-completed", "clicks": 1}
READ_ONLY_DB_COPY {"label": "001-db-after-0", "rows": 647}
AUTHORITATIVE_RESULT {"id": 647, "team_no": "202623001141", "problem_no": 3, "practice_run_no": 2419342323625998187, "case_code": "VXSP-3R8R-XPH6-E5SW", "entered": 1, "jammer_count": 16, "cleared_jammer_count": 16, "clear_failure_count": 1, "virtual_time_us": 3516773829, "end_reason": "user_exit", "created_at_ms": 1789264129023}
GUI_JOB {"action": "return", "folder": "003-1-return"}
WAIT_GUI {"seconds_remaining": 60}
GUI_RESULT {"status": "returned-to-practice", "ok": true, "clicks": 2, "robot_started": false}
SENSITIVITY_PROGRESS 468 742 screen 3 share_limit=12 VXSP-3R8R-XPH6-E5SW 16 16
GUI_JOB {"action": "dry-run", "folder": "001-0-dry-run"}
WAIT_GUI {"seconds_remaining": 60}
GUI_RESULT {"status": "dry-run-ready", "ok": true, "clicks": 0, "robot_started": false}
READ_ONLY_DB_COPY {"label": "001-db-before", "rows": 647}
GUI_JOB {"action": "run", "folder": "002-1-run"}
WAIT_GUI {"seconds_remaining": 1320}
GUI_RESULT {"robot_exit": 0, "case_code": "9YXC-Z7PV-R6U2-6BJ7", "ok": true, "robot_started": true, "status": "robot-completed", "clicks": 1}
READ_ONLY_DB_COPY {"label": "001-db-after-0", "rows": 648}
AUTHORITATIVE_RESULT {"id": 648, "team_no": "202623001141", "problem_no": 4, "practice_run_no": 3367126783552345914, "case_code": "9YXC-Z7PV-R6U2-6BJ7", "entered": 1, "jammer_count": 13, "cleared_jammer_count": 13, "clear_failure_count": 0, "virtual_time_us": 6037073562, "end_reason": "user_exit", "created_at_ms": 1789264178013}
GUI_JOB {"action": "return", "folder": "003-1-return"}
WAIT_GUI {"seconds_remaining": 60}
GUI_RESULT {"status": "returned-to-practice", "ok": true, "clicks": 2, "robot_started": false}
SENSITIVITY_PROGRESS 469 742 screen 4 trial_radius=80 9YXC-Z7PV-R6U2-6BJ7 13 13
GUI_JOB {"action": "dry-run", "folder": "001-0-dry-run"}
WAIT_GUI {"seconds_remaining": 60}
GUI_RESULT {"status": "dry-run-ready", "ok": true, "clicks": 0, "robot_started": false}
READ_ONLY_DB_COPY {"label": "001-db-before", "rows": 648}
GUI_JOB {"action": "run", "folder": "002-1-run"}
WAIT_GUI {"seconds_remaining": 1320}
GUI_RESULT {"robot_exit": 0, "case_code": "JMFB-Q3NA-4VB2-6CT2", "ok": true, "robot_started": true, "status": "robot-completed", "clicks": 1}
READ_ONLY_DB_COPY {"label": "001-db-after-0", "rows": 649}
AUTHORITATIVE_RESULT {"id": 649, "team_no": "202623001141", "problem_no": 4, "practice_run_no": 508972634947784555, "case_code": "JMFB-Q3NA-4VB2-6CT2", "entered": 1, "jammer_count": 14, "cleared_jammer_count": 14, "clear_failure_count": 0, "virtual_time_us": 6250941076, "end_reason": "user_exit", "created_at_ms": 1789264231245}
GUI_JOB {"action": "return", "folder": "003-1-return"}
WAIT_GUI {"seconds_remaining": 60}
GUI_RESULT {"status": "returned-to-practice", "ok": true, "clicks": 2, "robot_started": false}
SENSITIVITY_PROGRESS 470 742 screen 4 trial_radius=65 JMFB-Q3NA-4VB2-6CT2 14 14
GUI_JOB {"action": "dry-run", "folder": "001-0-dry-run"}
WAIT_GUI {"seconds_remaining": 60}
GUI_RESULT {"status": "dry-run-ready", "ok": true, "clicks": 0, "robot_started": false}
READ_ONLY_DB_COPY {"label": "001-db-before", "rows": 649}
GUI_JOB {"action": "run", "folder": "002-1-run"}
WAIT_GUI {"seconds_remaining": 1320}
GUI_RESULT {"robot_exit": 0, "case_code": "YVQF-R3A3-QS7E-ZQBH", "ok": true, "robot_started": true, "status": "robot-completed", "clicks": 1}
READ_ONLY_DB_COPY {"label": "001-db-after-0", "rows": 650}
AUTHORITATIVE_RESULT {"id": 650, "team_no": "202623001141", "problem_no": 4, "practice_run_no": 7543352089770959862, "case_code": "YVQF-R3A3-QS7E-ZQBH", "entered": 1, "jammer_count": 16, "cleared_jammer_count": 16, "clear_failure_count": 0, "virtual_time_us": 5862206878, "end_reason": "user_exit", "created_at_ms": 1789264284971}
GUI_JOB {"action": "return", "folder": "003-1-return"}
WAIT_GUI {"seconds_remaining": 60}
GUI_RESULT {"status": "returned-to-practice", "ok": true, "clicks": 2, "robot_started": false}
SENSITIVITY_PROGRESS 471 742 screen 4 transverse_m=10 YVQF-R3A3-QS7E-ZQBH 16 16
GUI_JOB {"action": "dry-run", "folder": "001-0-dry-run"}
WAIT_GUI {"seconds_remaining": 60}
GUI_RESULT {"status": "dry-run-ready", "ok": true, "clicks": 0, "robot_started": false}
READ_ONLY_DB_COPY {"label": "001-db-before", "rows": 650}
GUI_JOB {"action": "run", "folder": "002-1-run"}
WAIT_GUI {"seconds_remaining": 1320}
GUI_RESULT {"robot_exit": 0, "case_code": "BQ44-B4PC-PZDU-H5WU", "ok": true, "robot_started": true, "status": "robot-completed", "clicks": 1}
READ_ONLY_DB_COPY {"label": "001-db-after-0", "rows": 651}
AUTHORITATIVE_RESULT {"id": 651, "team_no": "202623001141", "problem_no": 3, "practice_run_no": 6559550275981118296, "case_code": "BQ44-B4PC-PZDU-H5WU", "entered": 1, "jammer_count": 14, "cleared_jammer_count": 14, "clear_failure_count": 2, "virtual_time_us": 3538198086, "end_reason": "user_exit", "created_at_ms": 1789264337525}
GUI_JOB {"action": "return", "folder": "003-1-return"}
WAIT_GUI {"seconds_remaining": 60}
GUI_RESULT {"status": "returned-to-practice", "ok": true, "clicks": 2, "robot_started": false}
SENSITIVITY_PROGRESS 472 742 screen 3 remainder_weight=1 BQ44-B4PC-PZDU-H5WU 14 14
GUI_JOB {"action": "dry-run", "folder": "001-0-dry-run"}
WAIT_GUI {"seconds_remaining": 60}
GUI_RESULT {"status": "dry-run-ready", "ok": true, "clicks": 0, "robot_started": false}
READ_ONLY_DB_COPY {"label": "001-db-before", "rows": 651}
GUI_JOB {"action": "run", "folder": "002-1-run"}
WAIT_GUI {"seconds_remaining": 1320}
GUI_RESULT {"robot_exit": 0, "case_code": "EFUA-N3U6-EQJX-JX4R", "ok": true, "robot_started": true, "status": "robot-completed", "clicks": 1}
READ_ONLY_DB_COPY {"label": "001-db-after-0", "rows": 652}
AUTHORITATIVE_RESULT {"id": 652, "team_no": "202623001141", "problem_no": 3, "practice_run_no": 364697447356472438, "case_code": "EFUA-N3U6-EQJX-JX4R", "entered": 1, "jammer_count": 11, "cleared_jammer_count": 11, "clear_failure_count": 1, "virtual_time_us": 2940824921, "end_reason": "user_exit", "created_at_ms": 1789264385155}
GUI_JOB {"action": "return", "folder": "003-1-return"}
WAIT_GUI {"seconds_remaining": 60}
GUI_RESULT {"status": "returned-to-practice", "ok": true, "clicks": 2, "robot_started": false}
SENSITIVITY_PROGRESS 473 742 screen 3 localization_weight=0.02 EFUA-N3U6-EQJX-JX4R 11 11
GUI_JOB {"action": "dry-run", "folder": "001-0-dry-run"}
WAIT_GUI {"seconds_remaining": 60}
GUI_RESULT {"status": "dry-run-ready", "ok": true, "clicks": 0, "robot_started": false}
READ_ONLY_DB_COPY {"label": "001-db-before", "rows": 652}
GUI_JOB {"action": "run", "folder": "002-1-run"}
WAIT_GUI {"seconds_remaining": 1320}
GUI_RESULT {"robot_exit": 0, "case_code": "NCMN-ZXWT-V3JM-8UM3", "ok": true, "robot_started": true, "status": "robot-completed", "clicks": 1}
READ_ONLY_DB_COPY {"label": "001-db-after-0", "rows": 653}
AUTHORITATIVE_RESULT {"id": 653, "team_no": "202623001141", "problem_no": 4, "practice_run_no": 1062312219085698518, "case_code": "NCMN-ZXWT-V3JM-8UM3", "entered": 1, "jammer_count": 11, "cleared_jammer_count": 11, "clear_failure_count": 0, "virtual_time_us": 5894309784, "end_reason": "user_exit", "created_at_ms": 1789264434707}
GUI_JOB {"action": "return", "folder": "003-1-return"}
WAIT_GUI {"seconds_remaining": 60}
GUI_RESULT {"status": "returned-to-practice", "ok": true, "clicks": 2, "robot_started": false}
SENSITIVITY_PROGRESS 474 742 screen 4 pause_limit=4 NCMN-ZXWT-V3JM-8UM3 11 11
GUI_JOB {"action": "dry-run", "folder": "001-0-dry-run"}
WAIT_GUI {"seconds_remaining": 60}
GUI_RESULT {"status": "dry-run-ready", "ok": true, "clicks": 0, "robot_started": false}
READ_ONLY_DB_COPY {"label": "001-db-before", "rows": 653}
GUI_JOB {"action": "run", "folder": "002-1-run"}
WAIT_GUI {"seconds_remaining": 1320}
GUI_RESULT {"robot_exit": 0, "case_code": "VYEA-NMKP-2C9X-9HAM", "ok": true, "robot_started": true, "status": "robot-completed", "clicks": 1}
READ_ONLY_DB_COPY {"label": "001-db-after-0", "rows": 654}
AUTHORITATIVE_RESULT {"id": 654, "team_no": "202623001141", "problem_no": 4, "practice_run_no": 1068174060885928188, "case_code": "VYEA-NMKP-2C9X-9HAM", "entered": 1, "jammer_count": 15, "cleared_jammer_count": 15, "clear_failure_count": 0, "virtual_time_us": 6343349905, "end_reason": "user_exit", "created_at_ms": 1789264492144}
GUI_JOB {"action": "return", "folder": "003-1-return"}
WAIT_GUI {"seconds_remaining": 60}
GUI_RESULT {"status": "returned-to-practice", "ok": true, "clicks": 2, "robot_started": false}
SENSITIVITY_PROGRESS 475 742 screen 4 pause_limit=8 VYEA-NMKP-2C9X-9HAM 15 15
GUI_JOB {"action": "dry-run", "folder": "001-0-dry-run"}
WAIT_GUI {"seconds_remaining": 60}
GUI_RESULT {"status": "dry-run-ready", "ok": true, "clicks": 0, "robot_started": false}
READ_ONLY_DB_COPY {"label": "001-db-before", "rows": 654}
GUI_JOB {"action": "run", "folder": "002-1-run"}
WAIT_GUI {"seconds_remaining": 1320}
GUI_RESULT {"robot_exit": 0, "case_code": "4P5Q-6J3G-WZFQ-Q5M4", "ok": true, "robot_started": true, "status": "robot-completed", "clicks": 1}
READ_ONLY_DB_COPY {"label": "001-db-after-0", "rows": 655}
AUTHORITATIVE_RESULT {"id": 655, "team_no": "202623001141", "problem_no": 3, "practice_run_no": 3871899701752242580, "case_code": "4P5Q-6J3G-WZFQ-Q5M4", "entered": 1, "jammer_count": 16, "cleared_jammer_count": 16, "clear_failure_count": 1, "virtual_time_us": 3300297040, "end_reason": "user_exit", "created_at_ms": 1789264545285}
GUI_JOB {"action": "return", "folder": "003-1-return"}
WAIT_GUI {"seconds_remaining": 60}
GUI_RESULT {"status": "returned-to-practice", "ok": true, "clicks": 2, "robot_started": false}
SENSITIVITY_PROGRESS 476 742 screen 3 share_limit=20 4P5Q-6J3G-WZFQ-Q5M4 16 16
GUI_JOB {"action": "dry-run", "folder": "001-0-dry-run"}
WAIT_GUI {"seconds_remaining": 60}
GUI_RESULT {"status": "dry-run-ready", "ok": true, "clicks": 0, "robot_started": false}
READ_ONLY_DB_COPY {"label": "001-db-before", "rows": 655}
GUI_JOB {"action": "run", "folder": "002-1-run"}
WAIT_GUI {"seconds_remaining": 1320}
GUI_RESULT {"robot_exit": 0, "case_code": "G5M9-ZGWV-ZSW7-9EAJ", "ok": true, "robot_started": true, "status": "robot-completed", "clicks": 1}
READ_ONLY_DB_COPY {"label": "001-db-after-0", "rows": 656}
AUTHORITATIVE_RESULT {"id": 656, "team_no": "202623001141", "problem_no": 4, "practice_run_no": 6163480921655987624, "case_code": "G5M9-ZGWV-ZSW7-9EAJ", "entered": 1, "jammer_count": 13, "cleared_jammer_count": 13, "clear_failure_count": 0, "virtual_time_us": 6290512619, "end_reason": "user_exit", "created_at_ms": 1789264593814}
GUI_JOB {"action": "return", "folder": "003-1-return"}
WAIT_GUI {"seconds_remaining": 60}
GUI_RESULT {"status": "returned-to-practice", "ok": true, "clicks": 2, "robot_started": false}
SENSITIVITY_PROGRESS 477 742 screen 4 steps=3 G5M9-ZGWV-ZSW7-9EAJ 13 13
GUI_JOB {"action": "dry-run", "folder": "001-0-dry-run"}
WAIT_GUI {"seconds_remaining": 60}
GUI_RESULT {"status": "dry-run-ready", "ok": true, "clicks": 0, "robot_started": false}
READ_ONLY_DB_COPY {"label": "001-db-before", "rows": 656}
GUI_JOB {"action": "run", "folder": "002-1-run"}
WAIT_GUI {"seconds_remaining": 1320}
GUI_RESULT {"robot_exit": 0, "case_code": "5BHW-P846-68MF-RECH", "ok": true, "robot_started": true, "status": "robot-completed", "clicks": 1}
READ_ONLY_DB_COPY {"label": "001-db-after-0", "rows": 657}
AUTHORITATIVE_RESULT {"id": 657, "team_no": "202623001141", "problem_no": 4, "practice_run_no": 4921021867280791251, "case_code": "5BHW-P846-68MF-RECH", "entered": 1, "jammer_count": 14, "cleared_jammer_count": 14, "clear_failure_count": 0, "virtual_time_us": 5991274809, "end_reason": "user_exit", "created_at_ms": 1789264649127}
GUI_JOB {"action": "return", "folder": "003-1-return"}
WAIT_GUI {"seconds_remaining": 60}
GUI_RESULT {"status": "returned-to-practice", "ok": true, "clicks": 2, "robot_started": false}
SENSITIVITY_PROGRESS 478 742 screen 4 steps=4 5BHW-P846-68MF-RECH 14 14
GUI_JOB {"action": "dry-run", "folder": "001-0-dry-run"}
WAIT_GUI {"seconds_remaining": 60}
GUI_RESULT {"status": "dry-run-ready", "ok": true, "clicks": 0, "robot_started": false}
READ_ONLY_DB_COPY {"label": "001-db-before", "rows": 657}
GUI_JOB {"action": "run", "folder": "002-1-run"}
WAIT_GUI {"seconds_remaining": 1320}
GUI_RESULT {"robot_exit": 0, "case_code": "FZQB-323Z-PWEZ-VFZD", "ok": true, "robot_started": true, "status": "robot-completed", "clicks": 1}
READ_ONLY_DB_COPY {"label": "001-db-after-0", "rows": 658}
AUTHORITATIVE_RESULT {"id": 658, "team_no": "202623001141", "problem_no": 4, "practice_run_no": 4696624274382908136, "case_code": "FZQB-323Z-PWEZ-VFZD", "entered": 1, "jammer_count": 15, "cleared_jammer_count": 15, "clear_failure_count": 1, "virtual_time_us": 6671196409, "end_reason": "user_exit", "created_at_ms": 1789264702799}
GUI_JOB {"action": "return", "folder": "003-1-return"}
WAIT_GUI {"seconds_remaining": 60}
GUI_RESULT {"status": "returned-to-practice", "ok": true, "clicks": 2, "robot_started": false}
SENSITIVITY_PROGRESS 479 742 screen 4 baseline FZQB-323Z-PWEZ-VFZD 15 15
GUI_JOB {"action": "dry-run", "folder": "001-0-dry-run"}
WAIT_GUI {"seconds_remaining": 60}
GUI_RESULT {"status": "dry-run-ready", "ok": true, "clicks": 0, "robot_started": false}
READ_ONLY_DB_COPY {"label": "001-db-before", "rows": 658}
GUI_JOB {"action": "run", "folder": "002-1-run"}
WAIT_GUI {"seconds_remaining": 1320}
GUI_RESULT {"robot_exit": 0, "case_code": "HHUS-K9RM-2568-93TA", "ok": true, "robot_started": true, "status": "robot-completed", "clicks": 1}
READ_ONLY_DB_COPY {"label": "001-db-after-0", "rows": 659}
AUTHORITATIVE_RESULT {"id": 659, "team_no": "202623001141", "problem_no": 4, "practice_run_no": 8117108142992113072, "case_code": "HHUS-K9RM-2568-93TA", "entered": 1, "jammer_count": 11, "cleared_jammer_count": 11, "clear_failure_count": 0, "virtual_time_us": 5470522033, "end_reason": "user_exit", "created_at_ms": 1789264757739}
GUI_JOB {"action": "return", "folder": "003-1-return"}
WAIT_GUI {"seconds_remaining": 60}
GUI_RESULT {"status": "returned-to-practice", "ok": true, "clicks": 2, "robot_started": false}
SENSITIVITY_PROGRESS 480 742 screen 4 trial_radius=50 HHUS-K9RM-2568-93TA 11 11
GUI_JOB {"action": "dry-run", "folder": "001-0-dry-run"}
WAIT_GUI {"seconds_remaining": 60}
GUI_RESULT {"status": "dry-run-ready", "ok": true, "clicks": 0, "robot_started": false}
READ_ONLY_DB_COPY {"label": "001-db-before", "rows": 659}
GUI_JOB {"action": "run", "folder": "002-1-run"}
WAIT_GUI {"seconds_remaining": 1320}
GUI_RESULT {"robot_exit": 0, "case_code": "YU52-73EJ-F4PP-SJ3B", "ok": true, "robot_started": true, "status": "robot-completed", "clicks": 1}
READ_ONLY_DB_COPY {"label": "001-db-after-0", "rows": 660}
AUTHORITATIVE_RESULT {"id": 660, "team_no": "202623001141", "problem_no": 4, "practice_run_no": 209395129672906307, "case_code": "YU52-73EJ-F4PP-SJ3B", "entered": 1, "jammer_count": 15, "cleared_jammer_count": 15, "clear_failure_count": 0, "virtual_time_us": 7509963278, "end_reason": "user_exit", "created_at_ms": 1789264812208}
GUI_JOB {"action": "return", "folder": "003-1-return"}
WAIT_GUI {"seconds_remaining": 60}
GUI_RESULT {"status": "returned-to-practice", "ok": true, "clicks": 2, "robot_started": false}
SENSITIVITY_PROGRESS 481 742 screen 4 transverse_m=100 YU52-73EJ-F4PP-SJ3B 15 15
GUI_JOB {"action": "dry-run", "folder": "001-0-dry-run"}
WAIT_GUI {"seconds_remaining": 60}
GUI_RESULT {"status": "dry-run-ready", "ok": true, "clicks": 0, "robot_started": false}
READ_ONLY_DB_COPY {"label": "001-db-before", "rows": 660}
GUI_JOB {"action": "run", "folder": "002-1-run"}
WAIT_GUI {"seconds_remaining": 1320}
GUI_RESULT {"robot_exit": 0, "case_code": "V3P4-VFXG-6RK7-9AM9", "ok": true, "robot_started": true, "status": "robot-completed", "clicks": 1}
READ_ONLY_DB_COPY {"label": "001-db-after-0", "rows": 661}
AUTHORITATIVE_RESULT {"id": 661, "team_no": "202623001141", "problem_no": 4, "practice_run_no": 3668980563145151765, "case_code": "V3P4-VFXG-6RK7-9AM9", "entered": 1, "jammer_count": 11, "cleared_jammer_count": 11, "clear_failure_count": 0, "virtual_time_us": 6235786011, "end_reason": "user_exit", "created_at_ms": 1789264866067}
GUI_JOB {"action": "return", "folder": "003-1-return"}
WAIT_GUI {"seconds_remaining": 60}
GUI_RESULT {"status": "returned-to-practice", "ok": true, "clicks": 2, "robot_started": false}
SENSITIVITY_PROGRESS 482 742 screen 4 fraction=0.3 V3P4-VFXG-6RK7-9AM9 11 11
GUI_JOB {"action": "dry-run", "folder": "001-0-dry-run"}
WAIT_GUI {"seconds_remaining": 60}
GUI_RESULT {"status": "dry-run-ready", "ok": true, "clicks": 0, "robot_started": false}
READ_ONLY_DB_COPY {"label": "001-db-before", "rows": 661}
GUI_JOB {"action": "run", "folder": "002-1-run"}
WAIT_GUI {"seconds_remaining": 1320}
GUI_RESULT {"robot_exit": 0, "case_code": "6JSA-RY4J-UBCW-DAKT", "ok": true, "robot_started": true, "status": "robot-completed", "clicks": 1}
READ_ONLY_DB_COPY {"label": "001-db-after-0", "rows": 662}
AUTHORITATIVE_RESULT {"id": 662, "team_no": "202623001141", "problem_no": 3, "practice_run_no": 30072870520140600, "case_code": "6JSA-RY4J-UBCW-DAKT", "entered": 1, "jammer_count": 10, "cleared_jammer_count": 10, "clear_failure_count": 4, "virtual_time_us": 3579589255, "end_reason": "user_exit", "created_at_ms": 1789264923090}
GUI_JOB {"action": "return", "folder": "003-1-return"}
WAIT_GUI {"seconds_remaining": 60}
GUI_RESULT {"status": "returned-to-practice", "ok": true, "clicks": 2, "robot_started": false}
SENSITIVITY_PROGRESS 483 742 screen 3 max_active=1 6JSA-RY4J-UBCW-DAKT 10 10
GUI_JOB {"action": "dry-run", "folder": "001-0-dry-run"}
WAIT_GUI {"seconds_remaining": 60}
GUI_RESULT {"status": "dry-run-ready", "ok": true, "clicks": 0, "robot_started": false}
READ_ONLY_DB_COPY {"label": "001-db-before", "rows": 662}
GUI_JOB {"action": "run", "folder": "002-1-run"}
WAIT_GUI {"seconds_remaining": 1320}
GUI_RESULT {"robot_exit": 0, "case_code": "R5R7-C6V9-HTSR-D4CW", "ok": true, "robot_started": true, "status": "robot-completed", "clicks": 1}
READ_ONLY_DB_COPY {"label": "001-db-after-0", "rows": 663}
AUTHORITATIVE_RESULT {"id": 663, "team_no": "202623001141", "problem_no": 4, "practice_run_no": 116219029258581451, "case_code": "R5R7-C6V9-HTSR-D4CW", "entered": 1, "jammer_count": 13, "cleared_jammer_count": 13, "clear_failure_count": 0, "virtual_time_us": 6326787807, "end_reason": "user_exit", "created_at_ms": 1789264974317}
GUI_JOB {"action": "return", "folder": "003-1-return"}
WAIT_GUI {"seconds_remaining": 60}
GUI_RESULT {"status": "returned-to-practice", "ok": true, "clicks": 2, "robot_started": false}
SENSITIVITY_PROGRESS 484 742 screen 4 fraction=0.5 R5R7-C6V9-HTSR-D4CW 13 13
GUI_JOB {"action": "dry-run", "folder": "001-0-dry-run"}
WAIT_GUI {"seconds_remaining": 60}
GUI_RESULT {"status": "dry-run-ready", "ok": true, "clicks": 0, "robot_started": false}
READ_ONLY_DB_COPY {"label": "001-db-before", "rows": 663}
GUI_JOB {"action": "run", "folder": "002-1-run"}
WAIT_GUI {"seconds_remaining": 1320}
GUI_RESULT {"robot_exit": 0, "case_code": "S8KX-AYE5-M89W-XG7D", "ok": true, "robot_started": true, "status": "robot-completed", "clicks": 1}
READ_ONLY_DB_COPY {"label": "001-db-after-0", "rows": 664}
AUTHORITATIVE_RESULT {"id": 664, "team_no": "202623001141", "problem_no": 4, "practice_run_no": 4807614726590399671, "case_code": "S8KX-AYE5-M89W-XG7D", "entered": 1, "jammer_count": 12, "cleared_jammer_count": 12, "clear_failure_count": 0, "virtual_time_us": 6045467803, "end_reason": "user_exit", "created_at_ms": 1789265031547}
GUI_JOB {"action": "return", "folder": "003-1-return"}
WAIT_GUI {"seconds_remaining": 60}
GUI_RESULT {"status": "returned-to-practice", "ok": true, "clicks": 2, "robot_started": false}
SENSITIVITY_PROGRESS 485 742 screen 4 share_limit=0 S8KX-AYE5-M89W-XG7D 12 12
GUI_JOB {"action": "dry-run", "folder": "001-0-dry-run"}
WAIT_GUI {"seconds_remaining": 60}
GUI_RESULT {"status": "dry-run-ready", "ok": true, "clicks": 0, "robot_started": false}
READ_ONLY_DB_COPY {"label": "001-db-before", "rows": 664}
GUI_JOB {"action": "run", "folder": "002-1-run"}
WAIT_GUI {"seconds_remaining": 1320}
GUI_RESULT {"robot_exit": 0, "case_code": "ZUB3-CGJR-ARM7-C5QP", "ok": true, "robot_started": true, "status": "robot-completed", "clicks": 1}
READ_ONLY_DB_COPY {"label": "001-db-after-0", "rows": 665}
AUTHORITATIVE_RESULT {"id": 665, "team_no": "202623001141", "problem_no": 3, "practice_run_no": 8676526108903502858, "case_code": "ZUB3-CGJR-ARM7-C5QP", "entered": 1, "jammer_count": 12, "cleared_jammer_count": 12, "clear_failure_count": 0, "virtual_time_us": 3031573056, "end_reason": "user_exit", "created_at_ms": 1789265091002}
GUI_JOB {"action": "return", "folder": "003-1-return"}
WAIT_GUI {"seconds_remaining": 60}
GUI_RESULT {"status": "returned-to-practice", "ok": true, "clicks": 2, "robot_started": false}
SENSITIVITY_PROGRESS 486 742 screen 3 localization_weight=0.32 ZUB3-CGJR-ARM7-C5QP 12 12
GUI_JOB {"action": "dry-run", "folder": "001-0-dry-run"}
WAIT_GUI {"seconds_remaining": 60}
GUI_RESULT {"status": "dry-run-ready", "ok": true, "clicks": 0, "robot_started": false}
READ_ONLY_DB_COPY {"label": "001-db-before", "rows": 665}
GUI_JOB {"action": "run", "folder": "002-1-run"}
WAIT_GUI {"seconds_remaining": 1320}
GUI_RESULT {"robot_exit": 0, "case_code": "MBVS-7BGH-BMH4-SSEM", "ok": true, "robot_started": true, "status": "robot-completed", "clicks": 1}
READ_ONLY_DB_COPY {"label": "001-db-after-0", "rows": 666}
AUTHORITATIVE_RESULT {"id": 666, "team_no": "202623001141", "problem_no": 4, "practice_run_no": 1710888854234238712, "case_code": "MBVS-7BGH-BMH4-SSEM", "entered": 1, "jammer_count": 16, "cleared_jammer_count": 16, "clear_failure_count": 0, "virtual_time_us": 6447871840, "end_reason": "user_exit", "created_at_ms": 1789265142443}
GUI_JOB {"action": "return", "folder": "003-1-return"}
WAIT_GUI {"seconds_remaining": 60}
GUI_RESULT {"status": "returned-to-practice", "ok": true, "clicks": 2, "robot_started": false}
SENSITIVITY_PROGRESS 487 742 screen 4 fraction=0.05 MBVS-7BGH-BMH4-SSEM 16 16
GUI_JOB {"action": "dry-run", "folder": "001-0-dry-run"}
WAIT_GUI {"seconds_remaining": 60}
GUI_RESULT {"status": "dry-run-ready", "ok": true, "clicks": 0, "robot_started": false}
READ_ONLY_DB_COPY {"label": "001-db-before", "rows": 666}
GUI_JOB {"action": "run", "folder": "002-1-run"}
WAIT_GUI {"seconds_remaining": 1320}
GUI_RESULT {"robot_exit": 0, "case_code": "VBSJ-EK4M-S77U-S3K5", "ok": true, "robot_started": true, "status": "robot-completed", "clicks": 1}
READ_ONLY_DB_COPY {"label": "001-db-after-0", "rows": 667}
AUTHORITATIVE_RESULT {"id": 667, "team_no": "202623001141", "problem_no": 4, "practice_run_no": 7468122043071273524, "case_code": "VBSJ-EK4M-S77U-S3K5", "entered": 1, "jammer_count": 11, "cleared_jammer_count": 11, "clear_failure_count": 0, "virtual_time_us": 6523774203, "end_reason": "user_exit", "created_at_ms": 1789265200109}
GUI_JOB {"action": "return", "folder": "003-1-return"}
WAIT_GUI {"seconds_remaining": 60}
GUI_RESULT {"status": "returned-to-practice", "ok": true, "clicks": 2, "robot_started": false}
SENSITIVITY_PROGRESS 488 742 screen 4 pause_limit=24 VBSJ-EK4M-S77U-S3K5 11 11
GUI_JOB {"action": "dry-run", "folder": "001-0-dry-run"}
WAIT_GUI {"seconds_remaining": 60}
GUI_RESULT {"status": "dry-run-ready", "ok": true, "clicks": 0, "robot_started": false}
READ_ONLY_DB_COPY {"label": "001-db-before", "rows": 667}
GUI_JOB {"action": "run", "folder": "002-1-run"}
WAIT_GUI {"seconds_remaining": 1320}
GUI_RESULT {"robot_exit": 0, "case_code": "PVB8-JS3A-UMCW-74P3", "ok": true, "robot_started": true, "status": "robot-completed", "clicks": 1}
READ_ONLY_DB_COPY {"label": "001-db-after-0", "rows": 668}
AUTHORITATIVE_RESULT {"id": 668, "team_no": "202623001141", "problem_no": 3, "practice_run_no": 6894730990978547667, "case_code": "PVB8-JS3A-UMCW-74P3", "entered": 1, "jammer_count": 12, "cleared_jammer_count": 12, "clear_failure_count": 0, "virtual_time_us": 3099879946, "end_reason": "user_exit", "created_at_ms": 1789265258580}
GUI_JOB {"action": "return", "folder": "003-1-return"}
WAIT_GUI {"seconds_remaining": 60}
GUI_RESULT {"status": "returned-to-practice", "ok": true, "clicks": 2, "robot_started": false}
SENSITIVITY_PROGRESS 489 742 screen 3 trial_radius=20 PVB8-JS3A-UMCW-74P3 12 12
GUI_JOB {"action": "dry-run", "folder": "001-0-dry-run"}
WAIT_GUI {"seconds_remaining": 60}
GUI_RESULT {"status": "dry-run-ready", "ok": true, "clicks": 0, "robot_started": false}
READ_ONLY_DB_COPY {"label": "001-db-before", "rows": 668}
GUI_JOB {"action": "run", "folder": "002-1-run"}
WAIT_GUI {"seconds_remaining": 1320}
GUI_RESULT {"robot_exit": 0, "case_code": "SFAV-B4FC-7FVY-64SW", "ok": true, "robot_started": true, "status": "robot-completed", "clicks": 1}
READ_ONLY_DB_COPY {"label": "001-db-after-0", "rows": 669}
AUTHORITATIVE_RESULT {"id": 669, "team_no": "202623001141", "problem_no": 4, "practice_run_no": 7069110647367945365, "case_code": "SFAV-B4FC-7FVY-64SW", "entered": 1, "jammer_count": 11, "cleared_jammer_count": 11, "clear_failure_count": 23, "virtual_time_us": 5964762229, "end_reason": "user_exit", "created_at_ms": 1789265311079}
GUI_JOB {"action": "return", "folder": "003-1-return"}
WAIT_GUI {"seconds_remaining": 60}
GUI_RESULT {"status": "returned-to-practice", "ok": true, "clicks": 2, "robot_started": false}
SENSITIVITY_PROGRESS 490 742 screen 4 steps=1 SFAV-B4FC-7FVY-64SW 11 11
GUI_JOB {"action": "dry-run", "folder": "001-0-dry-run"}
WAIT_GUI {"seconds_remaining": 60}
GUI_RESULT {"status": "dry-run-ready", "ok": true, "clicks": 0, "robot_started": false}
READ_ONLY_DB_COPY {"label": "001-db-before", "rows": 669}
GUI_JOB {"action": "run", "folder": "002-1-run"}
WAIT_GUI {"seconds_remaining": 1320}
GUI_RESULT {"robot_exit": 0, "case_code": "B3ZG-526Q-KM3T-7FJZ", "ok": true, "robot_started": true, "status": "robot-completed", "clicks": 1}
READ_ONLY_DB_COPY {"label": "001-db-after-0", "rows": 670}
AUTHORITATIVE_RESULT {"id": 670, "team_no": "202623001141", "problem_no": 4, "practice_run_no": 6956183519602012701, "case_code": "B3ZG-526Q-KM3T-7FJZ", "entered": 1, "jammer_count": 11, "cleared_jammer_count": 11, "clear_failure_count": 0, "virtual_time_us": 6488280355, "end_reason": "user_exit", "created_at_ms": 1789265370234}
GUI_JOB {"action": "return", "folder": "003-1-return"}
WAIT_GUI {"seconds_remaining": 60}
GUI_RESULT {"status": "returned-to-practice", "ok": true, "clicks": 2, "robot_started": false}
SENSITIVITY_PROGRESS 491 742 screen 4 trial_radius=20 B3ZG-526Q-KM3T-7FJZ 11 11
GUI_JOB {"action": "dry-run", "folder": "001-0-dry-run"}
WAIT_GUI {"seconds_remaining": 60}
GUI_RESULT {"status": "dry-run-ready", "ok": true, "clicks": 0, "robot_started": false}
READ_ONLY_DB_COPY {"label": "001-db-before", "rows": 670}
GUI_JOB {"action": "run", "folder": "002-1-run"}
WAIT_GUI {"seconds_remaining": 1320}
GUI_RESULT {"robot_exit": 0, "case_code": "HYAX-2HG8-JS5W-V8GC", "ok": true, "robot_started": true, "status": "robot-completed", "clicks": 1}
READ_ONLY_DB_COPY {"label": "001-db-after-0", "rows": 671}
AUTHORITATIVE_RESULT {"id": 671, "team_no": "202623001141", "problem_no": 4, "practice_run_no": 2950974638268164468, "case_code": "HYAX-2HG8-JS5W-V8GC", "entered": 1, "jammer_count": 14, "cleared_jammer_count": 14, "clear_failure_count": 0, "virtual_time_us": 6161515887, "end_reason": "user_exit", "created_at_ms": 1789265433371}
GUI_JOB {"action": "return", "folder": "003-1-return"}
WAIT_GUI {"seconds_remaining": 60}
GUI_RESULT {"status": "returned-to-practice", "ok": true, "clicks": 2, "robot_started": false}
SENSITIVITY_PROGRESS 492 742 screen 4 pause_limit=0 HYAX-2HG8-JS5W-V8GC 14 14
GUI_JOB {"action": "dry-run", "folder": "001-0-dry-run"}
WAIT_GUI {"seconds_remaining": 60}
GUI_RESULT {"status": "dry-run-ready", "ok": true, "clicks": 0, "robot_started": false}
READ_ONLY_DB_COPY {"label": "001-db-before", "rows": 671}
GUI_JOB {"action": "run", "folder": "002-1-run"}
WAIT_GUI {"seconds_remaining": 1320}
GUI_RESULT {"robot_exit": 0, "case_code": "DZ59-B5XY-VUP9-SJSS", "ok": true, "robot_started": true, "status": "robot-completed", "clicks": 1}
READ_ONLY_DB_COPY {"label": "001-db-after-0", "rows": 672}
AUTHORITATIVE_RESULT {"id": 672, "team_no": "202623001141", "problem_no": 4, "practice_run_no": 2087832961178975608, "case_code": "DZ59-B5XY-VUP9-SJSS", "entered": 1, "jammer_count": 11, "cleared_jammer_count": 11, "clear_failure_count": 0, "virtual_time_us": 6446281543, "end_reason": "user_exit", "created_at_ms": 1789265491062}
GUI_JOB {"action": "return", "folder": "003-1-return"}
WAIT_GUI {"seconds_remaining": 60}
GUI_RESULT {"status": "returned-to-practice", "ok": true, "clicks": 2, "robot_started": false}
SENSITIVITY_PROGRESS 493 742 screen 4 share_cooldown=0 DZ59-B5XY-VUP9-SJSS 11 11
GUI_JOB {"action": "dry-run", "folder": "001-0-dry-run"}
WAIT_GUI {"seconds_remaining": 60}
GUI_RESULT {"status": "dry-run-ready", "ok": true, "clicks": 0, "robot_started": false}
READ_ONLY_DB_COPY {"label": "001-db-before", "rows": 672}
GUI_JOB {"action": "run", "folder": "002-1-run"}
WAIT_GUI {"seconds_remaining": 1320}
GUI_RESULT {"robot_exit": 0, "case_code": "YJ57-P42Z-4TZF-M9W3", "ok": true, "robot_started": true, "status": "robot-completed", "clicks": 1}
READ_ONLY_DB_COPY {"label": "001-db-after-0", "rows": 673}
AUTHORITATIVE_RESULT {"id": 673, "team_no": "202623001141", "problem_no": 4, "practice_run_no": 5559710557125180833, "case_code": "YJ57-P42Z-4TZF-M9W3", "entered": 1, "jammer_count": 12, "cleared_jammer_count": 12, "clear_failure_count": 0, "virtual_time_us": 5877987718, "end_reason": "user_exit", "created_at_ms": 1789265549616}
GUI_JOB {"action": "return", "folder": "003-1-return"}
WAIT_GUI {"seconds_remaining": 60}
GUI_RESULT {"status": "returned-to-practice", "ok": true, "clicks": 2, "robot_started": false}
SENSITIVITY_PROGRESS 494 742 screen 4 share_limit=12 YJ57-P42Z-4TZF-M9W3 12 12
GUI_JOB {"action": "dry-run", "folder": "001-0-dry-run"}
WAIT_GUI {"seconds_remaining": 60}
GUI_RESULT {"status": "dry-run-ready", "ok": true, "clicks": 0, "robot_started": false}
READ_ONLY_DB_COPY {"label": "001-db-before", "rows": 673}
GUI_JOB {"action": "run", "folder": "002-1-run"}
WAIT_GUI {"seconds_remaining": 1320}
GUI_RESULT {"robot_exit": 0, "case_code": "E6VS-88W8-S4EG-AN4U", "ok": true, "robot_started": true, "status": "robot-completed", "clicks": 1}
READ_ONLY_DB_COPY {"label": "001-db-after-0", "rows": 674}
AUTHORITATIVE_RESULT {"id": 674, "team_no": "202623001141", "problem_no": 4, "practice_run_no": 449855865786265726, "case_code": "E6VS-88W8-S4EG-AN4U", "entered": 1, "jammer_count": 13, "cleared_jammer_count": 13, "clear_failure_count": 0, "virtual_time_us": 5749065970, "end_reason": "user_exit", "created_at_ms": 1789265607021}
GUI_JOB {"action": "return", "folder": "003-1-return"}
WAIT_GUI {"seconds_remaining": 60}
GUI_RESULT {"status": "returned-to-practice", "ok": true, "clicks": 2, "robot_started": false}
SENSITIVITY_PROGRESS 495 742 screen 4 transverse_m=70 E6VS-88W8-S4EG-AN4U 13 13
GUI_JOB {"action": "dry-run", "folder": "001-0-dry-run"}
WAIT_GUI {"seconds_remaining": 60}
GUI_RESULT {"status": "dry-run-ready", "ok": true, "clicks": 0, "robot_started": false}
READ_ONLY_DB_COPY {"label": "001-db-before", "rows": 674}
GUI_JOB {"action": "run", "folder": "002-1-run"}
WAIT_GUI {"seconds_remaining": 1320}
GUI_RESULT {"robot_exit": 0, "case_code": "7RXX-TDYM-DAZP-HJGK", "ok": true, "robot_started": true, "status": "robot-completed", "clicks": 1}
READ_ONLY_DB_COPY {"label": "001-db-after-0", "rows": 675}
AUTHORITATIVE_RESULT {"id": 675, "team_no": "202623001141", "problem_no": 3, "practice_run_no": 6846925055954558684, "case_code": "7RXX-TDYM-DAZP-HJGK", "entered": 1, "jammer_count": 10, "cleared_jammer_count": 10, "clear_failure_count": 0, "virtual_time_us": 2996435075, "end_reason": "user_exit", "created_at_ms": 1789265662809}
GUI_JOB {"action": "return", "folder": "003-1-return"}
WAIT_GUI {"seconds_remaining": 60}
GUI_RESULT {"status": "returned-to-practice", "ok": true, "clicks": 2, "robot_started": false}
SENSITIVITY_PROGRESS 496 742 screen 3 trial_radius=65 7RXX-TDYM-DAZP-HJGK 10 10
GUI_JOB {"action": "dry-run", "folder": "001-0-dry-run"}
WAIT_GUI {"seconds_remaining": 60}
GUI_RESULT {"status": "dry-run-ready", "ok": true, "clicks": 0, "robot_started": false}
READ_ONLY_DB_COPY {"label": "001-db-before", "rows": 675}
GUI_JOB {"action": "run", "folder": "002-1-run"}
WAIT_GUI {"seconds_remaining": 1320}
GUI_RESULT {"robot_exit": 0, "case_code": "BECC-ZWRA-F36G-3GHD", "ok": true, "robot_started": true, "status": "robot-completed", "clicks": 1}
READ_ONLY_DB_COPY {"label": "001-db-after-0", "rows": 676}
AUTHORITATIVE_RESULT {"id": 676, "team_no": "202623001141", "problem_no": 3, "practice_run_no": 8577970240442000571, "case_code": "BECC-ZWRA-F36G-3GHD", "entered": 1, "jammer_count": 10, "cleared_jammer_count": 10, "clear_failure_count": 0, "virtual_time_us": 2906994567, "end_reason": "user_exit", "created_at_ms": 1789265714731}
GUI_JOB {"action": "return", "folder": "003-1-return"}
WAIT_GUI {"seconds_remaining": 60}
GUI_RESULT {"status": "returned-to-practice", "ok": true, "clicks": 2, "robot_started": false}
SENSITIVITY_PROGRESS 497 742 screen 3 share_limit=0 BECC-ZWRA-F36G-3GHD 10 10
GUI_JOB {"action": "dry-run", "folder": "001-0-dry-run"}
WAIT_GUI {"seconds_remaining": 60}
GUI_RESULT {"status": "dry-run-ready", "ok": true, "clicks": 0, "robot_started": false}
READ_ONLY_DB_COPY {"label": "001-db-before", "rows": 676}
GUI_JOB {"action": "run", "folder": "002-1-run"}
WAIT_GUI {"seconds_remaining": 1320}
GUI_RESULT {"robot_exit": 0, "case_code": "T7Y9-XAED-E44W-MPNH", "ok": true, "robot_started": true, "status": "robot-completed", "clicks": 1}
READ_ONLY_DB_COPY {"label": "001-db-after-0", "rows": 677}
AUTHORITATIVE_RESULT {"id": 677, "team_no": "202623001141", "problem_no": 3, "practice_run_no": 283708974951136318, "case_code": "T7Y9-XAED-E44W-MPNH", "entered": 1, "jammer_count": 12, "cleared_jammer_count": 12, "clear_failure_count": 0, "virtual_time_us": 3159159999, "end_reason": "user_exit", "created_at_ms": 1789265765772}
GUI_JOB {"action": "return", "folder": "003-1-return"}
WAIT_GUI {"seconds_remaining": 60}
GUI_RESULT {"status": "returned-to-practice", "ok": true, "clicks": 2, "robot_started": false}
SENSITIVITY_PROGRESS 498 742 screen 3 baseline T7Y9-XAED-E44W-MPNH 12 12
GUI_JOB {"action": "dry-run", "folder": "001-0-dry-run"}
WAIT_GUI {"seconds_remaining": 60}
GUI_RESULT {"status": "dry-run-ready", "ok": true, "clicks": 0, "robot_started": false}
READ_ONLY_DB_COPY {"label": "001-db-before", "rows": 677}
GUI_JOB {"action": "run", "folder": "002-1-run"}
WAIT_GUI {"seconds_remaining": 1320}
GUI_RESULT {"robot_exit": 0, "case_code": "7JCK-55RV-KYMP-2HC6", "ok": true, "robot_started": true, "status": "robot-completed", "clicks": 1}
READ_ONLY_DB_COPY {"label": "001-db-after-0", "rows": 678}
AUTHORITATIVE_RESULT {"id": 678, "team_no": "202623001141", "problem_no": 3, "practice_run_no": 8321456909917334537, "case_code": "7JCK-55RV-KYMP-2HC6", "entered": 1, "jammer_count": 10, "cleared_jammer_count": 10, "clear_failure_count": 0, "virtual_time_us": 2837826043, "end_reason": "user_exit", "created_at_ms": 1789265817415}
GUI_JOB {"action": "return", "folder": "003-1-return"}
WAIT_GUI {"seconds_remaining": 60}
GUI_RESULT {"status": "returned-to-practice", "ok": true, "clicks": 2, "robot_started": false}
SENSITIVITY_PROGRESS 499 742 screen 3 remainder_weight=0 7JCK-55RV-KYMP-2HC6 10 10
GUI_JOB {"action": "dry-run", "folder": "001-0-dry-run"}
WAIT_GUI {"seconds_remaining": 60}
GUI_RESULT {"status": "dry-run-ready", "ok": true, "clicks": 0, "robot_started": false}
READ_ONLY_DB_COPY {"label": "001-db-before", "rows": 678}
GUI_JOB {"action": "run", "folder": "002-1-run"}
WAIT_GUI {"seconds_remaining": 1320}
GUI_RESULT {"robot_exit": 0, "case_code": "FFMB-YUJ3-DH7U-8T7U", "ok": true, "robot_started": true, "status": "robot-completed", "clicks": 1}
READ_ONLY_DB_COPY {"label": "001-db-after-0", "rows": 679}
AUTHORITATIVE_RESULT {"id": 679, "team_no": "202623001141", "problem_no": 4, "practice_run_no": 6884568661556072991, "case_code": "FFMB-YUJ3-DH7U-8T7U", "entered": 1, "jammer_count": 16, "cleared_jammer_count": 16, "clear_failure_count": 0, "virtual_time_us": 5459423983, "end_reason": "user_exit", "created_at_ms": 1789265869439}
GUI_JOB {"action": "return", "folder": "003-1-return"}
WAIT_GUI {"seconds_remaining": 60}
GUI_RESULT {"status": "returned-to-practice", "ok": true, "clicks": 2, "robot_started": false}
SENSITIVITY_PROGRESS 500 742 screen 4 share_limit=2 FFMB-YUJ3-DH7U-8T7U 16 16
GUI_JOB {"action": "dry-run", "folder": "001-0-dry-run"}
WAIT_GUI {"seconds_remaining": 60}
GUI_RESULT {"status": "dry-run-ready", "ok": true, "clicks": 0, "robot_started": false}
READ_ONLY_DB_COPY {"label": "001-db-before", "rows": 679}
GUI_JOB {"action": "run", "folder": "002-1-run"}
WAIT_GUI {"seconds_remaining": 1320}
GUI_RESULT {"robot_exit": 0, "case_code": "Z7XT-MRMD-U6SG-SAX5", "ok": true, "robot_started": true, "status": "robot-completed", "clicks": 1}
READ_ONLY_DB_COPY {"label": "001-db-after-0", "rows": 680}
AUTHORITATIVE_RESULT {"id": 680, "team_no": "202623001141", "problem_no": 3, "practice_run_no": 288760352443143257, "case_code": "Z7XT-MRMD-U6SG-SAX5", "entered": 1, "jammer_count": 16, "cleared_jammer_count": 16, "clear_failure_count": 0, "virtual_time_us": 3501364673, "end_reason": "user_exit", "created_at_ms": 1789265924899}
GUI_JOB {"action": "return", "folder": "003-1-return"}
WAIT_GUI {"seconds_remaining": 60}
GUI_RESULT {"status": "returned-to-practice", "ok": true, "clicks": 2, "robot_started": false}
SENSITIVITY_PROGRESS 501 742 screen 3 max_active=4 Z7XT-MRMD-U6SG-SAX5 16 16
GUI_JOB {"action": "dry-run", "folder": "001-0-dry-run"}
WAIT_GUI {"seconds_remaining": 60}
GUI_RESULT {"status": "dry-run-ready", "ok": true, "clicks": 0, "robot_started": false}
READ_ONLY_DB_COPY {"label": "001-db-before", "rows": 680}
GUI_JOB {"action": "run", "folder": "002-1-run"}
WAIT_GUI {"seconds_remaining": 1320}
GUI_RESULT {"robot_exit": 0, "case_code": "TGUR-SV6Q-GFWK-CYB4", "ok": true, "robot_started": true, "status": "robot-completed", "clicks": 1}
READ_ONLY_DB_COPY {"label": "001-db-after-0", "rows": 681}
AUTHORITATIVE_RESULT {"id": 681, "team_no": "202623001141", "problem_no": 4, "practice_run_no": 8636023924747202100, "case_code": "TGUR-SV6Q-GFWK-CYB4", "entered": 1, "jammer_count": 14, "cleared_jammer_count": 14, "clear_failure_count": 0, "virtual_time_us": 6879043842, "end_reason": "user_exit", "created_at_ms": 1789265976892}
GUI_JOB {"action": "return", "folder": "003-1-return"}
WAIT_GUI {"seconds_remaining": 60}
GUI_RESULT {"status": "returned-to-practice", "ok": true, "clicks": 2, "robot_started": false}
SENSITIVITY_PROGRESS 502 742 screen 4 transverse_m=20 TGUR-SV6Q-GFWK-CYB4 14 14
GUI_JOB {"action": "dry-run", "folder": "001-0-dry-run"}
WAIT_GUI {"seconds_remaining": 60}
GUI_RESULT {"status": "dry-run-ready", "ok": true, "clicks": 0, "robot_started": false}
READ_ONLY_DB_COPY {"label": "001-db-before", "rows": 681}
GUI_JOB {"action": "run", "folder": "002-1-run"}
WAIT_GUI {"seconds_remaining": 1320}
GUI_RESULT {"robot_exit": 0, "case_code": "KJTV-HJ6C-5NQP-XEZ6", "ok": true, "robot_started": true, "status": "robot-completed", "clicks": 1}
READ_ONLY_DB_COPY {"label": "001-db-after-0", "rows": 682}
AUTHORITATIVE_RESULT {"id": 682, "team_no": "202623001141", "problem_no": 3, "practice_run_no": 8926720695122083484, "case_code": "KJTV-HJ6C-5NQP-XEZ6", "entered": 1, "jammer_count": 12, "cleared_jammer_count": 12, "clear_failure_count": 0, "virtual_time_us": 3084330465, "end_reason": "user_exit", "created_at_ms": 1789266035842}
GUI_JOB {"action": "return", "folder": "003-1-return"}
WAIT_GUI {"seconds_remaining": 60}
GUI_RESULT {"status": "returned-to-practice", "ok": true, "clicks": 2, "robot_started": false}
SENSITIVITY_PROGRESS 503 742 robustness 3 perturbed KJTV-HJ6C-5NQP-XEZ6 12 12
GUI_JOB {"action": "dry-run", "folder": "001-0-dry-run"}
WAIT_GUI {"seconds_remaining": 60}
GUI_RESULT {"status": "dry-run-ready", "ok": true, "clicks": 0, "robot_started": false}
READ_ONLY_DB_COPY {"label": "001-db-before", "rows": 682}
GUI_JOB {"action": "run", "folder": "002-1-run"}
WAIT_GUI {"seconds_remaining": 1320}
GUI_RESULT {"robot_exit": 0, "case_code": "7UFS-2N2N-D9SG-TXKK", "ok": true, "robot_started": true, "status": "robot-completed", "clicks": 1}
READ_ONLY_DB_COPY {"label": "001-db-after-0", "rows": 683}
AUTHORITATIVE_RESULT {"id": 683, "team_no": "202623001141", "problem_no": 4, "practice_run_no": 3486523636208596856, "case_code": "7UFS-2N2N-D9SG-TXKK", "entered": 1, "jammer_count": 14, "cleared_jammer_count": 14, "clear_failure_count": 0, "virtual_time_us": 5431334275, "end_reason": "user_exit", "created_at_ms": 1789266088875}
GUI_JOB {"action": "return", "folder": "003-1-return"}
WAIT_GUI {"seconds_remaining": 60}
GUI_RESULT {"status": "returned-to-practice", "ok": true, "clicks": 2, "robot_started": false}
SENSITIVITY_PROGRESS 504 742 robustness 4 baseline 7UFS-2N2N-D9SG-TXKK 14 14
GUI_JOB {"action": "dry-run", "folder": "001-0-dry-run"}
WAIT_GUI {"seconds_remaining": 60}
GUI_RESULT {"status": "dry-run-ready", "ok": true, "clicks": 0, "robot_started": false}
READ_ONLY_DB_COPY {"label": "001-db-before", "rows": 683}
GUI_JOB {"action": "run", "folder": "002-1-run"}
WAIT_GUI {"seconds_remaining": 1320}
GUI_RESULT {"robot_exit": 0, "case_code": "QDAU-ZEYG-F4KA-QS7W", "ok": true, "robot_started": true, "status": "robot-completed", "clicks": 1}
READ_ONLY_DB_COPY {"label": "001-db-after-0", "rows": 684}
AUTHORITATIVE_RESULT {"id": 684, "team_no": "202623001141", "problem_no": 3, "practice_run_no": 886656015515361183, "case_code": "QDAU-ZEYG-F4KA-QS7W", "entered": 1, "jammer_count": 11, "cleared_jammer_count": 11, "clear_failure_count": 0, "virtual_time_us": 2951671533, "end_reason": "user_exit", "created_at_ms": 1789266143369}
GUI_JOB {"action": "return", "folder": "003-1-return"}
WAIT_GUI {"seconds_remaining": 60}
GUI_RESULT {"status": "returned-to-practice", "ok": true, "clicks": 2, "robot_started": false}
SENSITIVITY_PROGRESS 505 742 robustness 3 perturbed QDAU-ZEYG-F4KA-QS7W 11 11
GUI_JOB {"action": "dry-run", "folder": "001-0-dry-run"}
WAIT_GUI {"seconds_remaining": 60}
GUI_RESULT {"status": "dry-run-ready", "ok": true, "clicks": 0, "robot_started": false}
READ_ONLY_DB_COPY {"label": "001-db-before", "rows": 684}
GUI_JOB {"action": "run", "folder": "002-1-run"}
WAIT_GUI {"seconds_remaining": 1320}
GUI_RESULT {"robot_exit": 0, "case_code": "QXSF-YG2M-EYH5-4HBR", "ok": true, "robot_started": true, "status": "robot-completed", "clicks": 1}
READ_ONLY_DB_COPY {"label": "001-db-after-0", "rows": 685}
AUTHORITATIVE_RESULT {"id": 685, "team_no": "202623001141", "problem_no": 4, "practice_run_no": 6816850294430623133, "case_code": "QXSF-YG2M-EYH5-4HBR", "entered": 1, "jammer_count": 11, "cleared_jammer_count": 11, "clear_failure_count": 0, "virtual_time_us": 6304790471, "end_reason": "user_exit", "created_at_ms": 1789266196615}
GUI_JOB {"action": "return", "folder": "003-1-return"}
WAIT_GUI {"seconds_remaining": 60}
GUI_RESULT {"status": "returned-to-practice", "ok": true, "clicks": 2, "robot_started": false}
SENSITIVITY_PROGRESS 506 742 robustness 4 perturbed QXSF-YG2M-EYH5-4HBR 11 11
GUI_JOB {"action": "dry-run", "folder": "001-0-dry-run"}
WAIT_GUI {"seconds_remaining": 60}
GUI_RESULT {"status": "dry-run-ready", "ok": true, "clicks": 0, "robot_started": false}
READ_ONLY_DB_COPY {"label": "001-db-before", "rows": 685}
GUI_JOB {"action": "run", "folder": "002-1-run"}
WAIT_GUI {"seconds_remaining": 1320}
GUI_RESULT {"robot_exit": 0, "case_code": "BQXS-QNGS-GR2V-5QAC", "ok": true, "robot_started": true, "status": "robot-completed", "clicks": 1}
READ_ONLY_DB_COPY {"label": "001-db-after-0", "rows": 686}
AUTHORITATIVE_RESULT {"id": 686, "team_no": "202623001141", "problem_no": 4, "practice_run_no": 6322022284167360300, "case_code": "BQXS-QNGS-GR2V-5QAC", "entered": 1, "jammer_count": 11, "cleared_jammer_count": 11, "clear_failure_count": 0, "virtual_time_us": 6211733233, "end_reason": "user_exit", "created_at_ms": 1789266255021}
GUI_JOB {"action": "return", "folder": "003-1-return"}
WAIT_GUI {"seconds_remaining": 60}
GUI_RESULT {"status": "returned-to-practice", "ok": true, "clicks": 2, "robot_started": false}
SENSITIVITY_PROGRESS 507 742 robustness 4 perturbed BQXS-QNGS-GR2V-5QAC 11 11
GUI_JOB {"action": "dry-run", "folder": "001-0-dry-run"}
WAIT_GUI {"seconds_remaining": 60}
GUI_RESULT {"status": "dry-run-ready", "ok": true, "clicks": 0, "robot_started": false}
READ_ONLY_DB_COPY {"label": "001-db-before", "rows": 686}
GUI_JOB {"action": "run", "folder": "002-1-run"}
WAIT_GUI {"seconds_remaining": 1320}
GUI_RESULT {"robot_exit": 0, "case_code": "8MMM-EP4B-M3RT-2F2J", "ok": true, "robot_started": true, "status": "robot-completed", "clicks": 1}
READ_ONLY_DB_COPY {"label": "001-db-after-0", "rows": 687}
AUTHORITATIVE_RESULT {"id": 687, "team_no": "202623001141", "problem_no": 3, "practice_run_no": 5549519672971896754, "case_code": "8MMM-EP4B-M3RT-2F2J", "entered": 1, "jammer_count": 13, "cleared_jammer_count": 13, "clear_failure_count": 1, "virtual_time_us": 3197455357, "end_reason": "user_exit", "created_at_ms": 1789266313143}
GUI_JOB {"action": "return", "folder": "003-1-return"}
WAIT_GUI {"seconds_remaining": 60}
GUI_RESULT {"status": "returned-to-practice", "ok": true, "clicks": 2, "robot_started": false}
SENSITIVITY_PROGRESS 508 742 robustness 3 baseline 8MMM-EP4B-M3RT-2F2J 13 13
GUI_JOB {"action": "dry-run", "folder": "001-0-dry-run"}
WAIT_GUI {"seconds_remaining": 60}
GUI_RESULT {"status": "dry-run-ready", "ok": true, "clicks": 0, "robot_started": false}
READ_ONLY_DB_COPY {"label": "001-db-before", "rows": 687}
GUI_JOB {"action": "run", "folder": "002-1-run"}
WAIT_GUI {"seconds_remaining": 1320}
GUI_RESULT {"robot_exit": 0, "case_code": "83SJ-EDVM-U59Z-U4VF", "ok": true, "robot_started": true, "status": "robot-completed", "clicks": 1}
READ_ONLY_DB_COPY {"label": "001-db-after-0", "rows": 688}
AUTHORITATIVE_RESULT {"id": 688, "team_no": "202623001141", "problem_no": 4, "practice_run_no": 4176264996205468997, "case_code": "83SJ-EDVM-U59Z-U4VF", "entered": 1, "jammer_count": 11, "cleared_jammer_count": 11, "clear_failure_count": 0, "virtual_time_us": 6310965384, "end_reason": "user_exit", "created_at_ms": 1789266364693}
GUI_JOB {"action": "return", "folder": "003-1-return"}
WAIT_GUI {"seconds_remaining": 60}
GUI_RESULT {"status": "returned-to-practice", "ok": true, "clicks": 2, "robot_started": false}
SENSITIVITY_PROGRESS 509 742 robustness 4 perturbed 83SJ-EDVM-U59Z-U4VF 11 11
GUI_JOB {"action": "dry-run", "folder": "001-0-dry-run"}
WAIT_GUI {"seconds_remaining": 60}
GUI_RESULT {"status": "dry-run-ready", "ok": true, "clicks": 0, "robot_started": false}
READ_ONLY_DB_COPY {"label": "001-db-before", "rows": 688}
GUI_JOB {"action": "run", "folder": "002-1-run"}
WAIT_GUI {"seconds_remaining": 1320}
GUI_RESULT {"robot_exit": 0, "case_code": "FC7R-PH5Y-DZJP-4DJJ", "ok": true, "robot_started": true, "status": "robot-completed", "clicks": 1}
READ_ONLY_DB_COPY {"label": "001-db-after-0", "rows": 689}
AUTHORITATIVE_RESULT {"id": 689, "team_no": "202623001141", "problem_no": 3, "practice_run_no": 4554834859143890046, "case_code": "FC7R-PH5Y-DZJP-4DJJ", "entered": 1, "jammer_count": 16, "cleared_jammer_count": 16, "clear_failure_count": 2, "virtual_time_us": 3367276122, "end_reason": "user_exit", "created_at_ms": 1789266422982}
GUI_JOB {"action": "return", "folder": "003-1-return"}
WAIT_GUI {"seconds_remaining": 60}
GUI_RESULT {"status": "returned-to-practice", "ok": true, "clicks": 2, "robot_started": false}
SENSITIVITY_PROGRESS 510 742 robustness 3 perturbed FC7R-PH5Y-DZJP-4DJJ 16 16
GUI_JOB {"action": "dry-run", "folder": "001-0-dry-run"}
WAIT_GUI {"seconds_remaining": 60}
GUI_RESULT {"status": "dry-run-ready", "ok": true, "clicks": 0, "robot_started": false}
READ_ONLY_DB_COPY {"label": "001-db-before", "rows": 689}
GUI_JOB {"action": "run", "folder": "002-1-run"}
WAIT_GUI {"seconds_remaining": 1320}
GUI_RESULT {"robot_exit": 0, "case_code": "2GZ6-GMT4-QWE4-F6ZN", "ok": true, "robot_started": true, "status": "robot-completed", "clicks": 1}
READ_ONLY_DB_COPY {"label": "001-db-after-0", "rows": 690}
AUTHORITATIVE_RESULT {"id": 690, "team_no": "202623001141", "problem_no": 3, "practice_run_no": 8053871613204124227, "case_code": "2GZ6-GMT4-QWE4-F6ZN", "entered": 1, "jammer_count": 11, "cleared_jammer_count": 11, "clear_failure_count": 0, "virtual_time_us": 2871925988, "end_reason": "user_exit", "created_at_ms": 1789266474722}
GUI_JOB {"action": "return", "folder": "003-1-return"}
WAIT_GUI {"seconds_remaining": 60}
GUI_RESULT {"status": "returned-to-practice", "ok": true, "clicks": 2, "robot_started": false}
SENSITIVITY_PROGRESS 511 742 robustness 3 baseline 2GZ6-GMT4-QWE4-F6ZN 11 11
GUI_JOB {"action": "dry-run", "folder": "001-0-dry-run"}
WAIT_GUI {"seconds_remaining": 60}
GUI_RESULT {"status": "dry-run-ready", "ok": true, "clicks": 0, "robot_started": false}
READ_ONLY_DB_COPY {"label": "001-db-before", "rows": 690}
GUI_JOB {"action": "run", "folder": "002-1-run"}
WAIT_GUI {"seconds_remaining": 1320}
GUI_RESULT {"robot_exit": 0, "case_code": "TKT7-7AUD-2PWV-YCT4", "ok": true, "robot_started": true, "status": "robot-completed", "clicks": 1}
READ_ONLY_DB_COPY {"label": "001-db-after-0", "rows": 691}
AUTHORITATIVE_RESULT {"id": 691, "team_no": "202623001141", "problem_no": 4, "practice_run_no": 1161583717089894916, "case_code": "TKT7-7AUD-2PWV-YCT4", "entered": 1, "jammer_count": 10, "cleared_jammer_count": 10, "clear_failure_count": 0, "virtual_time_us": 6334406931, "end_reason": "user_exit", "created_at_ms": 1789266527912}
GUI_JOB {"action": "return", "folder": "003-1-return"}
WAIT_GUI {"seconds_remaining": 60}
GUI_RESULT {"status": "returned-to-practice", "ok": true, "clicks": 2, "robot_started": false}
SENSITIVITY_PROGRESS 512 742 robustness 4 perturbed TKT7-7AUD-2PWV-YCT4 10 10
GUI_JOB {"action": "dry-run", "folder": "001-0-dry-run"}
WAIT_GUI {"seconds_remaining": 60}
GUI_RESULT {"status": "dry-run-ready", "ok": true, "clicks": 0, "robot_started": false}
READ_ONLY_DB_COPY {"label": "001-db-before", "rows": 691}
GUI_JOB {"action": "run", "folder": "002-1-run"}
WAIT_GUI {"seconds_remaining": 1320}
GUI_RESULT {"robot_exit": 0, "case_code": "32FA-GEFF-X2H5-22SY", "ok": true, "robot_started": true, "status": "robot-completed", "clicks": 1}
READ_ONLY_DB_COPY {"label": "001-db-after-0", "rows": 692}
AUTHORITATIVE_RESULT {"id": 692, "team_no": "202623001141", "problem_no": 3, "practice_run_no": 2254350840281020112, "case_code": "32FA-GEFF-X2H5-22SY", "entered": 1, "jammer_count": 15, "cleared_jammer_count": 15, "clear_failure_count": 3, "virtual_time_us": 3391408460, "end_reason": "user_exit", "created_at_ms": 1789266589536}
GUI_JOB {"action": "return", "folder": "003-1-return"}
WAIT_GUI {"seconds_remaining": 60}
GUI_RESULT {"status": "returned-to-practice", "ok": true, "clicks": 2, "robot_started": false}
SENSITIVITY_PROGRESS 513 742 robustness 3 perturbed 32FA-GEFF-X2H5-22SY 15 15
GUI_JOB {"action": "dry-run", "folder": "001-0-dry-run"}
WAIT_GUI {"seconds_remaining": 60}
GUI_RESULT {"status": "dry-run-ready", "ok": true, "clicks": 0, "robot_started": false}
READ_ONLY_DB_COPY {"label": "001-db-before", "rows": 692}
GUI_JOB {"action": "run", "folder": "002-1-run"}
WAIT_GUI {"seconds_remaining": 1320}
GUI_RESULT {"robot_exit": 0, "case_code": "R2NQ-MSP3-BY7R-CAR5", "ok": true, "robot_started": true, "status": "robot-completed", "clicks": 1}
READ_ONLY_DB_COPY {"label": "001-db-after-0", "rows": 693}
AUTHORITATIVE_RESULT {"id": 693, "team_no": "202623001141", "problem_no": 4, "practice_run_no": 8595071936487388660, "case_code": "R2NQ-MSP3-BY7R-CAR5", "entered": 1, "jammer_count": 15, "cleared_jammer_count": 15, "clear_failure_count": 0, "virtual_time_us": 6260042740, "end_reason": "user_exit", "created_at_ms": 1789266642180}
GUI_JOB {"action": "return", "folder": "003-1-return"}
WAIT_GUI {"seconds_remaining": 60}
GUI_RESULT {"status": "returned-to-practice", "ok": true, "clicks": 2, "robot_started": false}
SENSITIVITY_PROGRESS 514 742 robustness 4 baseline R2NQ-MSP3-BY7R-CAR5 15 15
GUI_JOB {"action": "dry-run", "folder": "001-0-dry-run"}
WAIT_GUI {"seconds_remaining": 60}
GUI_RESULT {"status": "dry-run-ready", "ok": true, "clicks": 0, "robot_started": false}
READ_ONLY_DB_COPY {"label": "001-db-before", "rows": 693}
GUI_JOB {"action": "run", "folder": "002-1-run"}
WAIT_GUI {"seconds_remaining": 1320}
GUI_RESULT {"robot_exit": 0, "case_code": "EG2K-S24G-YYWW-4NFT", "ok": true, "robot_started": true, "status": "robot-completed", "clicks": 1}
READ_ONLY_DB_COPY {"label": "001-db-after-0", "rows": 694}
AUTHORITATIVE_RESULT {"id": 694, "team_no": "202623001141", "problem_no": 3, "practice_run_no": 407806273141275435, "case_code": "EG2K-S24G-YYWW-4NFT", "entered": 1, "jammer_count": 16, "cleared_jammer_count": 16, "clear_failure_count": 2, "virtual_time_us": 3257763642, "end_reason": "user_exit", "created_at_ms": 1789266698815}
GUI_JOB {"action": "return", "folder": "003-1-return"}
WAIT_GUI {"seconds_remaining": 60}
GUI_RESULT {"status": "returned-to-practice", "ok": true, "clicks": 2, "robot_started": false}
SENSITIVITY_PROGRESS 515 742 robustness 3 perturbed EG2K-S24G-YYWW-4NFT 16 16
GUI_JOB {"action": "dry-run", "folder": "001-0-dry-run"}
WAIT_GUI {"seconds_remaining": 60}
GUI_RESULT {"status": "dry-run-ready", "ok": true, "clicks": 0, "robot_started": false}
READ_ONLY_DB_COPY {"label": "001-db-before", "rows": 694}
GUI_JOB {"action": "run", "folder": "002-1-run"}
WAIT_GUI {"seconds_remaining": 1320}
GUI_RESULT {"robot_exit": 0, "case_code": "5WAB-UYN8-D25D-A9BP", "ok": true, "robot_started": true, "status": "robot-completed", "clicks": 1}
READ_ONLY_DB_COPY {"label": "001-db-after-0", "rows": 695}
AUTHORITATIVE_RESULT {"id": 695, "team_no": "202623001141", "problem_no": 4, "practice_run_no": 2248187980185117530, "case_code": "5WAB-UYN8-D25D-A9BP", "entered": 1, "jammer_count": 12, "cleared_jammer_count": 12, "clear_failure_count": 0, "virtual_time_us": 6421529570, "end_reason": "user_exit", "created_at_ms": 1789266752704}
GUI_JOB {"action": "return", "folder": "003-1-return"}
WAIT_GUI {"seconds_remaining": 60}
GUI_RESULT {"status": "returned-to-practice", "ok": true, "clicks": 2, "robot_started": false}
SENSITIVITY_PROGRESS 516 742 robustness 4 baseline 5WAB-UYN8-D25D-A9BP 12 12
GUI_JOB {"action": "dry-run", "folder": "001-0-dry-run"}
WAIT_GUI {"seconds_remaining": 60}
GUI_RESULT {"status": "dry-run-ready", "ok": true, "clicks": 0, "robot_started": false}
READ_ONLY_DB_COPY {"label": "001-db-before", "rows": 695}
GUI_JOB {"action": "run", "folder": "002-1-run"}
WAIT_GUI {"seconds_remaining": 1320}
GUI_RESULT {"robot_exit": 0, "case_code": "KP7A-F88D-N9V8-HUWT", "ok": true, "robot_started": true, "status": "robot-completed", "clicks": 1}
READ_ONLY_DB_COPY {"label": "001-db-after-0", "rows": 696}
AUTHORITATIVE_RESULT {"id": 696, "team_no": "202623001141", "problem_no": 3, "practice_run_no": 681426804037831010, "case_code": "KP7A-F88D-N9V8-HUWT", "entered": 1, "jammer_count": 13, "cleared_jammer_count": 13, "clear_failure_count": 0, "virtual_time_us": 3187871411, "end_reason": "user_exit", "created_at_ms": 1789266809940}
GUI_JOB {"action": "return", "folder": "003-1-return"}
WAIT_GUI {"seconds_remaining": 60}
GUI_RESULT {"status": "returned-to-practice", "ok": true, "clicks": 2, "robot_started": false}
SENSITIVITY_PROGRESS 517 742 robustness 3 perturbed KP7A-F88D-N9V8-HUWT 13 13
GUI_JOB {"action": "dry-run", "folder": "001-0-dry-run"}
WAIT_GUI {"seconds_remaining": 60}
GUI_RESULT {"status": "dry-run-ready", "ok": true, "clicks": 0, "robot_started": false}
READ_ONLY_DB_COPY {"label": "001-db-before", "rows": 696}
GUI_JOB {"action": "run", "folder": "002-1-run"}
WAIT_GUI {"seconds_remaining": 1320}
GUI_RESULT {"robot_exit": 0, "case_code": "WMP5-BRM4-MNAU-8N92", "ok": true, "robot_started": true, "status": "robot-completed", "clicks": 1}
READ_ONLY_DB_COPY {"label": "001-db-after-0", "rows": 697}
AUTHORITATIVE_RESULT {"id": 697, "team_no": "202623001141", "problem_no": 3, "practice_run_no": 2984549424496457030, "case_code": "WMP5-BRM4-MNAU-8N92", "entered": 1, "jammer_count": 10, "cleared_jammer_count": 10, "clear_failure_count": 0, "virtual_time_us": 2843314699, "end_reason": "user_exit", "created_at_ms": 1789266862369}
GUI_JOB {"action": "return", "folder": "003-1-return"}
WAIT_GUI {"seconds_remaining": 60}
GUI_RESULT {"status": "returned-to-practice", "ok": true, "clicks": 2, "robot_started": false}
SENSITIVITY_PROGRESS 518 742 robustness 3 baseline WMP5-BRM4-MNAU-8N92 10 10
GUI_JOB {"action": "dry-run", "folder": "001-0-dry-run"}
WAIT_GUI {"seconds_remaining": 60}
GUI_RESULT {"status": "dry-run-ready", "ok": true, "clicks": 0, "robot_started": false}
READ_ONLY_DB_COPY {"label": "001-db-before", "rows": 697}
GUI_JOB {"action": "run", "folder": "002-1-run"}
WAIT_GUI {"seconds_remaining": 1320}
GUI_RESULT {"robot_exit": 0, "case_code": "GF3X-C39C-K44M-B2TN", "ok": true, "robot_started": true, "status": "robot-completed", "clicks": 1}
READ_ONLY_DB_COPY {"label": "001-db-after-0", "rows": 698}
AUTHORITATIVE_RESULT {"id": 698, "team_no": "202623001141", "problem_no": 4, "practice_run_no": 5067635719528791982, "case_code": "GF3X-C39C-K44M-B2TN", "entered": 1, "jammer_count": 10, "cleared_jammer_count": 10, "clear_failure_count": 0, "virtual_time_us": 6143949151, "end_reason": "user_exit", "created_at_ms": 1789266915715}
GUI_JOB {"action": "return", "folder": "003-1-return"}
WAIT_GUI {"seconds_remaining": 60}
GUI_RESULT {"status": "returned-to-practice", "ok": true, "clicks": 2, "robot_started": false}
SENSITIVITY_PROGRESS 519 742 robustness 4 perturbed GF3X-C39C-K44M-B2TN 10 10
GUI_JOB {"action": "dry-run", "folder": "001-0-dry-run"}
WAIT_GUI {"seconds_remaining": 60}
GUI_RESULT {"status": "dry-run-ready", "ok": true, "clicks": 0, "robot_started": false}
READ_ONLY_DB_COPY {"label": "001-db-before", "rows": 698}
GUI_JOB {"action": "run", "folder": "002-1-run"}
WAIT_GUI {"seconds_remaining": 1320}
GUI_RESULT {"robot_exit": 0, "case_code": "9EZQ-GBJY-YXQP-KGGM", "ok": true, "robot_started": true, "status": "robot-completed", "clicks": 1}
READ_ONLY_DB_COPY {"label": "001-db-after-0", "rows": 699}
AUTHORITATIVE_RESULT {"id": 699, "team_no": "202623001141", "problem_no": 4, "practice_run_no": 8581199661108078948, "case_code": "9EZQ-GBJY-YXQP-KGGM", "entered": 1, "jammer_count": 14, "cleared_jammer_count": 14, "clear_failure_count": 1, "virtual_time_us": 5509168478, "end_reason": "user_exit", "created_at_ms": 1789266976101}
GUI_JOB {"action": "return", "folder": "003-1-return"}
WAIT_GUI {"seconds_remaining": 60}
GUI_RESULT {"status": "returned-to-practice", "ok": true, "clicks": 2, "robot_started": false}
SENSITIVITY_PROGRESS 520 742 robustness 4 perturbed 9EZQ-GBJY-YXQP-KGGM 14 14
GUI_JOB {"action": "dry-run", "folder": "001-0-dry-run"}
WAIT_GUI {"seconds_remaining": 60}
GUI_RESULT {"status": "dry-run-ready", "ok": true, "clicks": 0, "robot_started": false}
READ_ONLY_DB_COPY {"label": "001-db-before", "rows": 699}
GUI_JOB {"action": "run", "folder": "002-1-run"}
WAIT_GUI {"seconds_remaining": 1320}
GUI_RESULT {"robot_exit": 0, "case_code": "VMH8-NRRE-XN7V-TR8N", "ok": true, "robot_started": true, "status": "robot-completed", "clicks": 1}
READ_ONLY_DB_COPY {"label": "001-db-after-0", "rows": 700}
AUTHORITATIVE_RESULT {"id": 700, "team_no": "202623001141", "problem_no": 4, "practice_run_no": 1650011476532809337, "case_code": "VMH8-NRRE-XN7V-TR8N", "entered": 1, "jammer_count": 10, "cleared_jammer_count": 10, "clear_failure_count": 0, "virtual_time_us": 6546084021, "end_reason": "user_exit", "created_at_ms": 1789267033717}
GUI_JOB {"action": "return", "folder": "003-1-return"}
WAIT_GUI {"seconds_remaining": 60}
GUI_RESULT {"status": "returned-to-practice", "ok": true, "clicks": 2, "robot_started": false}
SENSITIVITY_PROGRESS 521 742 robustness 4 perturbed VMH8-NRRE-XN7V-TR8N 10 10
GUI_JOB {"action": "dry-run", "folder": "001-0-dry-run"}
WAIT_GUI {"seconds_remaining": 60}
GUI_RESULT {"status": "dry-run-ready", "ok": true, "clicks": 0, "robot_started": false}
READ_ONLY_DB_COPY {"label": "001-db-before", "rows": 700}
GUI_JOB {"action": "run", "folder": "002-1-run"}
WAIT_GUI {"seconds_remaining": 1320}
GUI_RESULT {"robot_exit": 0, "case_code": "ZY4V-YJZ4-U2MT-W5S8", "ok": true, "robot_started": true, "status": "robot-completed", "clicks": 1}
READ_ONLY_DB_COPY {"label": "001-db-after-0", "rows": 701}
AUTHORITATIVE_RESULT {"id": 701, "team_no": "202623001141", "problem_no": 4, "practice_run_no": 9086108366327369958, "case_code": "ZY4V-YJZ4-U2MT-W5S8", "entered": 1, "jammer_count": 15, "cleared_jammer_count": 15, "clear_failure_count": 0, "virtual_time_us": 6033918357, "end_reason": "user_exit", "created_at_ms": 1789267094494}
GUI_JOB {"action": "return", "folder": "003-1-return"}
WAIT_GUI {"seconds_remaining": 60}
GUI_RESULT {"status": "returned-to-practice", "ok": true, "clicks": 2, "robot_started": false}
SENSITIVITY_PROGRESS 522 742 robustness 4 baseline ZY4V-YJZ4-U2MT-W5S8 15 15
GUI_JOB {"action": "dry-run", "folder": "001-0-dry-run"}
WAIT_GUI {"seconds_remaining": 60}
GUI_RESULT {"status": "dry-run-ready", "ok": true, "clicks": 0, "robot_started": false}
READ_ONLY_DB_COPY {"label": "001-db-before", "rows": 701}
GUI_JOB {"action": "run", "folder": "002-1-run"}
WAIT_GUI {"seconds_remaining": 1320}
GUI_RESULT {"robot_exit": 0, "case_code": "HH3C-CGS6-VM96-RSJ6", "ok": true, "robot_started": true, "status": "robot-completed", "clicks": 1}
READ_ONLY_DB_COPY {"label": "001-db-after-0", "rows": 702}
AUTHORITATIVE_RESULT {"id": 702, "team_no": "202623001141", "problem_no": 3, "practice_run_no": 4925566528275893829, "case_code": "HH3C-CGS6-VM96-RSJ6", "entered": 1, "jammer_count": 10, "cleared_jammer_count": 10, "clear_failure_count": 0, "virtual_time_us": 2809526568, "end_reason": "user_exit", "created_at_ms": 1789267151373}
GUI_JOB {"action": "return", "folder": "003-1-return"}
WAIT_GUI {"seconds_remaining": 60}
GUI_RESULT {"status": "returned-to-practice", "ok": true, "clicks": 2, "robot_started": false}
SENSITIVITY_PROGRESS 523 742 robustness 3 baseline HH3C-CGS6-VM96-RSJ6 10 10
GUI_JOB {"action": "dry-run", "folder": "001-0-dry-run"}
WAIT_GUI {"seconds_remaining": 60}
GUI_RESULT {"status": "dry-run-ready", "ok": true, "clicks": 0, "robot_started": false}
READ_ONLY_DB_COPY {"label": "001-db-before", "rows": 702}
GUI_JOB {"action": "run", "folder": "002-1-run"}
WAIT_GUI {"seconds_remaining": 1320}
GUI_RESULT {"robot_exit": 0, "case_code": "DM9B-9WZN-W6E4-FGQH", "ok": true, "robot_started": true, "status": "robot-completed", "clicks": 1}
READ_ONLY_DB_COPY {"label": "001-db-after-0", "rows": 703}
AUTHORITATIVE_RESULT {"id": 703, "team_no": "202623001141", "problem_no": 4, "practice_run_no": 9069712757672577636, "case_code": "DM9B-9WZN-W6E4-FGQH", "entered": 1, "jammer_count": 14, "cleared_jammer_count": 14, "clear_failure_count": 1, "virtual_time_us": 5715775319, "end_reason": "user_exit", "created_at_ms": 1789267202738}
GUI_JOB {"action": "return", "folder": "003-1-return"}
WAIT_GUI {"seconds_remaining": 60}
GUI_RESULT {"status": "returned-to-practice", "ok": true, "clicks": 2, "robot_started": false}
SENSITIVITY_PROGRESS 524 742 robustness 4 perturbed DM9B-9WZN-W6E4-FGQH 14 14
GUI_JOB {"action": "dry-run", "folder": "001-0-dry-run"}
WAIT_GUI {"seconds_remaining": 60}
GUI_RESULT {"status": "dry-run-ready", "ok": true, "clicks": 0, "robot_started": false}
READ_ONLY_DB_COPY {"label": "001-db-before", "rows": 703}
GUI_JOB {"action": "run", "folder": "002-1-run"}
WAIT_GUI {"seconds_remaining": 1320}
GUI_RESULT {"robot_exit": 0, "case_code": "D9UG-6RBM-RT7R-5MG8", "ok": true, "robot_started": true, "status": "robot-completed", "clicks": 1}
READ_ONLY_DB_COPY {"label": "001-db-after-0", "rows": 704}
AUTHORITATIVE_RESULT {"id": 704, "team_no": "202623001141", "problem_no": 3, "practice_run_no": 6182900792169877529, "case_code": "D9UG-6RBM-RT7R-5MG8", "entered": 1, "jammer_count": 12, "cleared_jammer_count": 12, "clear_failure_count": 0, "virtual_time_us": 3272781508, "end_reason": "user_exit", "created_at_ms": 1789267259286}
GUI_JOB {"action": "return", "folder": "003-1-return"}
WAIT_GUI {"seconds_remaining": 60}
GUI_RESULT {"status": "returned-to-practice", "ok": true, "clicks": 2, "robot_started": false}
SENSITIVITY_PROGRESS 525 742 robustness 3 perturbed D9UG-6RBM-RT7R-5MG8 12 12
GUI_JOB {"action": "dry-run", "folder": "001-0-dry-run"}
WAIT_GUI {"seconds_remaining": 60}
GUI_RESULT {"status": "dry-run-ready", "ok": true, "clicks": 0, "robot_started": false}
READ_ONLY_DB_COPY {"label": "001-db-before", "rows": 704}
GUI_JOB {"action": "run", "folder": "002-1-run"}
WAIT_GUI {"seconds_remaining": 1320}
GUI_RESULT {"robot_exit": 0, "case_code": "6KAN-DCEM-9YCW-WCSW", "ok": true, "robot_started": true, "status": "robot-completed", "clicks": 1}
READ_ONLY_DB_COPY {"label": "001-db-after-0", "rows": 705}
AUTHORITATIVE_RESULT {"id": 705, "team_no": "202623001141", "problem_no": 3, "practice_run_no": 5114082736975129990, "case_code": "6KAN-DCEM-9YCW-WCSW", "entered": 1, "jammer_count": 13, "cleared_jammer_count": 13, "clear_failure_count": 0, "virtual_time_us": 3198948205, "end_reason": "user_exit", "created_at_ms": 1789267312036}
GUI_JOB {"action": "return", "folder": "003-1-return"}
WAIT_GUI {"seconds_remaining": 60}
GUI_RESULT {"status": "returned-to-practice", "ok": true, "clicks": 2, "robot_started": false}
SENSITIVITY_PROGRESS 526 742 robustness 3 perturbed 6KAN-DCEM-9YCW-WCSW 13 13
GUI_JOB {"action": "dry-run", "folder": "001-0-dry-run"}
WAIT_GUI {"seconds_remaining": 60}
GUI_RESULT {"status": "dry-run-ready", "ok": true, "clicks": 0, "robot_started": false}
READ_ONLY_DB_COPY {"label": "001-db-before", "rows": 705}
GUI_JOB {"action": "run", "folder": "002-1-run"}
WAIT_GUI {"seconds_remaining": 1320}
GUI_RESULT {"robot_exit": 0, "case_code": "259H-TG9C-NQSP-6KFE", "ok": true, "robot_started": true, "status": "robot-completed", "clicks": 1}
READ_ONLY_DB_COPY {"label": "001-db-after-0", "rows": 706}
AUTHORITATIVE_RESULT {"id": 706, "team_no": "202623001141", "problem_no": 3, "practice_run_no": 6810369591237908339, "case_code": "259H-TG9C-NQSP-6KFE", "entered": 1, "jammer_count": 15, "cleared_jammer_count": 15, "clear_failure_count": 1, "virtual_time_us": 3269947552, "end_reason": "user_exit", "created_at_ms": 1789267365317}
GUI_JOB {"action": "return", "folder": "003-1-return"}
WAIT_GUI {"seconds_remaining": 60}
GUI_RESULT {"status": "returned-to-practice", "ok": true, "clicks": 2, "robot_started": false}
SENSITIVITY_PROGRESS 527 742 robustness 3 perturbed 259H-TG9C-NQSP-6KFE 15 15
GUI_JOB {"action": "dry-run", "folder": "001-0-dry-run"}
WAIT_GUI {"seconds_remaining": 60}
GUI_RESULT {"status": "dry-run-ready", "ok": true, "clicks": 0, "robot_started": false}
READ_ONLY_DB_COPY {"label": "001-db-before", "rows": 706}
GUI_JOB {"action": "run", "folder": "002-1-run"}
WAIT_GUI {"seconds_remaining": 1320}
GUI_RESULT {"robot_exit": 0, "case_code": "ARUX-DFNK-8V4G-KKD4", "ok": true, "robot_started": true, "status": "robot-completed", "clicks": 1}
READ_ONLY_DB_COPY {"label": "001-db-after-0", "rows": 707}
AUTHORITATIVE_RESULT {"id": 707, "team_no": "202623001141", "problem_no": 3, "practice_run_no": 1990243041525602180, "case_code": "ARUX-DFNK-8V4G-KKD4", "entered": 1, "jammer_count": 11, "cleared_jammer_count": 11, "clear_failure_count": 0, "virtual_time_us": 3063470022, "end_reason": "user_exit", "created_at_ms": 1789267418873}
GUI_JOB {"action": "return", "folder": "003-1-return"}
WAIT_GUI {"seconds_remaining": 60}
GUI_RESULT {"status": "returned-to-practice", "ok": true, "clicks": 2, "robot_started": false}
SENSITIVITY_PROGRESS 528 742 robustness 3 perturbed ARUX-DFNK-8V4G-KKD4 11 11
GUI_JOB {"action": "dry-run", "folder": "001-0-dry-run"}
WAIT_GUI {"seconds_remaining": 60}
GUI_RESULT {"status": "dry-run-ready", "ok": true, "clicks": 0, "robot_started": false}
READ_ONLY_DB_COPY {"label": "001-db-before", "rows": 707}
GUI_JOB {"action": "run", "folder": "002-1-run"}
WAIT_GUI {"seconds_remaining": 1320}
GUI_RESULT {"robot_exit": 0, "case_code": "Z36Q-A5S2-N5ND-T7BD", "ok": true, "robot_started": true, "status": "robot-completed", "clicks": 1}
READ_ONLY_DB_COPY {"label": "001-db-after-0", "rows": 708}
AUTHORITATIVE_RESULT {"id": 708, "team_no": "202623001141", "problem_no": 4, "practice_run_no": 5687299945206066724, "case_code": "Z36Q-A5S2-N5ND-T7BD", "entered": 1, "jammer_count": 12, "cleared_jammer_count": 12, "clear_failure_count": 0, "virtual_time_us": 6102288198, "end_reason": "user_exit", "created_at_ms": 1789267472822}
GUI_JOB {"action": "return", "folder": "003-1-return"}
WAIT_GUI {"seconds_remaining": 60}
GUI_RESULT {"status": "returned-to-practice", "ok": true, "clicks": 2, "robot_started": false}
SENSITIVITY_PROGRESS 529 742 robustness 4 perturbed Z36Q-A5S2-N5ND-T7BD 12 12
GUI_JOB {"action": "dry-run", "folder": "001-0-dry-run"}
WAIT_GUI {"seconds_remaining": 60}
GUI_RESULT {"status": "dry-run-ready", "ok": true, "clicks": 0, "robot_started": false}
READ_ONLY_DB_COPY {"label": "001-db-before", "rows": 708}
GUI_JOB {"action": "run", "folder": "002-1-run"}
WAIT_GUI {"seconds_remaining": 1320}
GUI_RESULT {"robot_exit": 0, "case_code": "N9J5-CV49-KERW-HS55", "ok": true, "robot_started": true, "status": "robot-completed", "clicks": 1}
READ_ONLY_DB_COPY {"label": "001-db-after-0", "rows": 709}
AUTHORITATIVE_RESULT {"id": 709, "team_no": "202623001141", "problem_no": 4, "practice_run_no": 1763142029766855176, "case_code": "N9J5-CV49-KERW-HS55", "entered": 1, "jammer_count": 13, "cleared_jammer_count": 13, "clear_failure_count": 0, "virtual_time_us": 7007987619, "end_reason": "user_exit", "created_at_ms": 1789267534393}
GUI_JOB {"action": "return", "folder": "003-1-return"}
WAIT_GUI {"seconds_remaining": 60}
GUI_RESULT {"status": "returned-to-practice", "ok": true, "clicks": 2, "robot_started": false}
SENSITIVITY_PROGRESS 530 742 robustness 4 baseline N9J5-CV49-KERW-HS55 13 13
GUI_JOB {"action": "dry-run", "folder": "001-0-dry-run"}
WAIT_GUI {"seconds_remaining": 60}
GUI_RESULT {"status": "dry-run-ready", "ok": true, "clicks": 0, "robot_started": false}
READ_ONLY_DB_COPY {"label": "001-db-before", "rows": 709}
GUI_JOB {"action": "run", "folder": "002-1-run"}
WAIT_GUI {"seconds_remaining": 1320}
GUI_RESULT {"robot_exit": 0, "case_code": "RS3D-B4GE-XBYR-AY3M", "ok": true, "robot_started": true, "status": "robot-completed", "clicks": 1}
READ_ONLY_DB_COPY {"label": "001-db-after-0", "rows": 710}
AUTHORITATIVE_RESULT {"id": 710, "team_no": "202623001141", "problem_no": 3, "practice_run_no": 8124933330239652257, "case_code": "RS3D-B4GE-XBYR-AY3M", "entered": 1, "jammer_count": 11, "cleared_jammer_count": 11, "clear_failure_count": 0, "virtual_time_us": 3255050918, "end_reason": "user_exit", "created_at_ms": 1789267593867}
GUI_JOB {"action": "return", "folder": "003-1-return"}
WAIT_GUI {"seconds_remaining": 60}
GUI_RESULT {"status": "returned-to-practice", "ok": true, "clicks": 2, "robot_started": false}
SENSITIVITY_PROGRESS 531 742 robustness 3 baseline RS3D-B4GE-XBYR-AY3M 11 11
GUI_JOB {"action": "dry-run", "folder": "001-0-dry-run"}
WAIT_GUI {"seconds_remaining": 60}
GUI_RESULT {"status": "dry-run-ready", "ok": true, "clicks": 0, "robot_started": false}
READ_ONLY_DB_COPY {"label": "001-db-before", "rows": 710}
GUI_JOB {"action": "run", "folder": "002-1-run"}
WAIT_GUI {"seconds_remaining": 1320}
GUI_RESULT {"robot_exit": 0, "case_code": "KNJC-85ZD-KGGG-TGEU", "ok": true, "robot_started": true, "status": "robot-completed", "clicks": 1}
READ_ONLY_DB_COPY {"label": "001-db-after-0", "rows": 711}
AUTHORITATIVE_RESULT {"id": 711, "team_no": "202623001141", "problem_no": 4, "practice_run_no": 1128538172682774843, "case_code": "KNJC-85ZD-KGGG-TGEU", "entered": 1, "jammer_count": 10, "cleared_jammer_count": 10, "clear_failure_count": 0, "virtual_time_us": 6138219894, "end_reason": "user_exit", "created_at_ms": 1789267647179}
GUI_JOB {"action": "return", "folder": "003-1-return"}
WAIT_GUI {"seconds_remaining": 60}
GUI_RESULT {"status": "returned-to-practice", "ok": true, "clicks": 2, "robot_started": false}
SENSITIVITY_PROGRESS 532 742 robustness 4 perturbed KNJC-85ZD-KGGG-TGEU 10 10
GUI_JOB {"action": "dry-run", "folder": "001-0-dry-run"}
WAIT_GUI {"seconds_remaining": 60}
GUI_RESULT {"status": "dry-run-ready", "ok": true, "clicks": 0, "robot_started": false}
READ_ONLY_DB_COPY {"label": "001-db-before", "rows": 711}
GUI_JOB {"action": "run", "folder": "002-1-run"}
WAIT_GUI {"seconds_remaining": 1320}
GUI_RESULT {"robot_exit": 0, "case_code": "7V7G-NTDT-U8FT-B7FY", "ok": true, "robot_started": true, "status": "robot-completed", "clicks": 1}
READ_ONLY_DB_COPY {"label": "001-db-after-0", "rows": 712}
AUTHORITATIVE_RESULT {"id": 712, "team_no": "202623001141", "problem_no": 4, "practice_run_no": 8127518034432547069, "case_code": "7V7G-NTDT-U8FT-B7FY", "entered": 1, "jammer_count": 11, "cleared_jammer_count": 11, "clear_failure_count": 0, "virtual_time_us": 6147384670, "end_reason": "user_exit", "created_at_ms": 1789267707501}
GUI_JOB {"action": "return", "folder": "003-1-return"}
WAIT_GUI {"seconds_remaining": 60}
GUI_RESULT {"status": "returned-to-practice", "ok": true, "clicks": 2, "robot_started": false}
SENSITIVITY_PROGRESS 533 742 robustness 4 baseline 7V7G-NTDT-U8FT-B7FY 11 11
GUI_JOB {"action": "dry-run", "folder": "001-0-dry-run"}
WAIT_GUI {"seconds_remaining": 60}
GUI_RESULT {"status": "dry-run-ready", "ok": true, "clicks": 0, "robot_started": false}
READ_ONLY_DB_COPY {"label": "001-db-before", "rows": 712}
GUI_JOB {"action": "run", "folder": "002-1-run"}
WAIT_GUI {"seconds_remaining": 1320}
GUI_RESULT {"robot_exit": 0, "case_code": "PMST-77B2-D6TA-BUKC", "ok": true, "robot_started": true, "status": "robot-completed", "clicks": 1}
READ_ONLY_DB_COPY {"label": "001-db-after-0", "rows": 713}
AUTHORITATIVE_RESULT {"id": 713, "team_no": "202623001141", "problem_no": 4, "practice_run_no": 1130033719797603097, "case_code": "PMST-77B2-D6TA-BUKC", "entered": 1, "jammer_count": 15, "cleared_jammer_count": 15, "clear_failure_count": 0, "virtual_time_us": 6473478129, "end_reason": "user_exit", "created_at_ms": 1789267766569}
GUI_JOB {"action": "return", "folder": "003-1-return"}
WAIT_GUI {"seconds_remaining": 60}
GUI_RESULT {"status": "returned-to-practice", "ok": true, "clicks": 2, "robot_started": false}
SENSITIVITY_PROGRESS 534 742 robustness 4 perturbed PMST-77B2-D6TA-BUKC 15 15
GUI_JOB {"action": "dry-run", "folder": "001-0-dry-run"}
WAIT_GUI {"seconds_remaining": 60}
GUI_RESULT {"status": "dry-run-ready", "ok": true, "clicks": 0, "robot_started": false}
READ_ONLY_DB_COPY {"label": "001-db-before", "rows": 713}
GUI_JOB {"action": "run", "folder": "002-1-run"}
WAIT_GUI {"seconds_remaining": 1320}
GUI_RESULT {"robot_exit": 0, "case_code": "HU5U-HPGB-ZFF3-8N6C", "ok": true, "robot_started": true, "status": "robot-completed", "clicks": 1}
READ_ONLY_DB_COPY {"label": "001-db-after-0", "rows": 714}
AUTHORITATIVE_RESULT {"id": 714, "team_no": "202623001141", "problem_no": 3, "practice_run_no": 7665153194335366819, "case_code": "HU5U-HPGB-ZFF3-8N6C", "entered": 1, "jammer_count": 16, "cleared_jammer_count": 16, "clear_failure_count": 0, "virtual_time_us": 3542031831, "end_reason": "user_exit", "created_at_ms": 1789267825799}
GUI_JOB {"action": "return", "folder": "003-1-return"}
WAIT_GUI {"seconds_remaining": 60}
GUI_RESULT {"status": "returned-to-practice", "ok": true, "clicks": 2, "robot_started": false}
SENSITIVITY_PROGRESS 535 742 robustness 3 perturbed HU5U-HPGB-ZFF3-8N6C 16 16
GUI_JOB {"action": "dry-run", "folder": "001-0-dry-run"}
WAIT_GUI {"seconds_remaining": 60}
GUI_RESULT {"status": "dry-run-ready", "ok": true, "clicks": 0, "robot_started": false}
READ_ONLY_DB_COPY {"label": "001-db-before", "rows": 714}
GUI_JOB {"action": "run", "folder": "002-1-run"}
WAIT_GUI {"seconds_remaining": 1320}
GUI_RESULT {"robot_exit": 0, "case_code": "2S2K-F5HR-PNCN-HVTX", "ok": true, "robot_started": true, "status": "robot-completed", "clicks": 1}
READ_ONLY_DB_COPY {"label": "001-db-after-0", "rows": 715}
AUTHORITATIVE_RESULT {"id": 715, "team_no": "202623001141", "problem_no": 4, "practice_run_no": 8586750729686021211, "case_code": "2S2K-F5HR-PNCN-HVTX", "entered": 1, "jammer_count": 16, "cleared_jammer_count": 16, "clear_failure_count": 0, "virtual_time_us": 5009168568, "end_reason": "user_exit", "created_at_ms": 1789267881127}
GUI_JOB {"action": "return", "folder": "003-1-return"}
WAIT_GUI {"seconds_remaining": 60}
GUI_RESULT {"status": "returned-to-practice", "ok": true, "clicks": 2, "robot_started": false}
SENSITIVITY_PROGRESS 536 742 robustness 4 perturbed 2S2K-F5HR-PNCN-HVTX 16 16
GUI_JOB {"action": "dry-run", "folder": "001-0-dry-run"}
WAIT_GUI {"seconds_remaining": 60}
GUI_RESULT {"status": "dry-run-ready", "ok": true, "clicks": 0, "robot_started": false}
READ_ONLY_DB_COPY {"label": "001-db-before", "rows": 715}
GUI_JOB {"action": "run", "folder": "002-1-run"}
WAIT_GUI {"seconds_remaining": 1320}
GUI_RESULT {"robot_exit": 0, "case_code": "D7MK-FHUU-GHZ6-A6RN", "ok": true, "robot_started": true, "status": "robot-completed", "clicks": 1}
READ_ONLY_DB_COPY {"label": "001-db-after-0", "rows": 716}
AUTHORITATIVE_RESULT {"id": 716, "team_no": "202623001141", "problem_no": 3, "practice_run_no": 4680570339582425854, "case_code": "D7MK-FHUU-GHZ6-A6RN", "entered": 1, "jammer_count": 16, "cleared_jammer_count": 16, "clear_failure_count": 0, "virtual_time_us": 3168024532, "end_reason": "user_exit", "created_at_ms": 1789267938419}
GUI_JOB {"action": "return", "folder": "003-1-return"}
WAIT_GUI {"seconds_remaining": 60}
GUI_RESULT {"status": "returned-to-practice", "ok": true, "clicks": 2, "robot_started": false}
SENSITIVITY_PROGRESS 537 742 robustness 3 baseline D7MK-FHUU-GHZ6-A6RN 16 16
GUI_JOB {"action": "dry-run", "folder": "001-0-dry-run"}
WAIT_GUI {"seconds_remaining": 60}
GUI_RESULT {"status": "dry-run-ready", "ok": true, "clicks": 0, "robot_started": false}
READ_ONLY_DB_COPY {"label": "001-db-before", "rows": 716}
GUI_JOB {"action": "run", "folder": "002-1-run"}
WAIT_GUI {"seconds_remaining": 1320}
GUI_RESULT {"robot_exit": 0, "case_code": "ZJFP-UWB6-9PG3-USRJ", "ok": true, "robot_started": true, "status": "robot-completed", "clicks": 1}
READ_ONLY_DB_COPY {"label": "001-db-after-0", "rows": 717}
AUTHORITATIVE_RESULT {"id": 717, "team_no": "202623001141", "problem_no": 3, "practice_run_no": 6338079858702293394, "case_code": "ZJFP-UWB6-9PG3-USRJ", "entered": 1, "jammer_count": 15, "cleared_jammer_count": 15, "clear_failure_count": 2, "virtual_time_us": 3252880780, "end_reason": "user_exit", "created_at_ms": 1789267991324}
GUI_JOB {"action": "return", "folder": "003-1-return"}
WAIT_GUI {"seconds_remaining": 60}
GUI_RESULT {"status": "returned-to-practice", "ok": true, "clicks": 2, "robot_started": false}
SENSITIVITY_PROGRESS 538 742 robustness 3 perturbed ZJFP-UWB6-9PG3-USRJ 15 15
GUI_JOB {"action": "dry-run", "folder": "001-0-dry-run"}
WAIT_GUI {"seconds_remaining": 60}
GUI_RESULT {"status": "dry-run-ready", "ok": true, "clicks": 0, "robot_started": false}
READ_ONLY_DB_COPY {"label": "001-db-before", "rows": 717}
GUI_JOB {"action": "run", "folder": "002-1-run"}
WAIT_GUI {"seconds_remaining": 1320}
GUI_RESULT {"robot_exit": 0, "case_code": "2GVQ-CCN7-UKPT-VVW5", "ok": true, "robot_started": true, "status": "robot-completed", "clicks": 1}
READ_ONLY_DB_COPY {"label": "001-db-after-0", "rows": 718}
AUTHORITATIVE_RESULT {"id": 718, "team_no": "202623001141", "problem_no": 3, "practice_run_no": 5107536653214983800, "case_code": "2GVQ-CCN7-UKPT-VVW5", "entered": 1, "jammer_count": 16, "cleared_jammer_count": 16, "clear_failure_count": 0, "virtual_time_us": 3549465256, "end_reason": "user_exit", "created_at_ms": 1789268045830}
GUI_JOB {"action": "return", "folder": "003-1-return"}
WAIT_GUI {"seconds_remaining": 60}
GUI_RESULT {"status": "returned-to-practice", "ok": true, "clicks": 2, "robot_started": false}
SENSITIVITY_PROGRESS 539 742 robustness 3 perturbed 2GVQ-CCN7-UKPT-VVW5 16 16
GUI_JOB {"action": "dry-run", "folder": "001-0-dry-run"}
WAIT_GUI {"seconds_remaining": 60}
GUI_RESULT {"status": "dry-run-ready", "ok": true, "clicks": 0, "robot_started": false}
READ_ONLY_DB_COPY {"label": "001-db-before", "rows": 718}
GUI_JOB {"action": "run", "folder": "002-1-run"}
WAIT_GUI {"seconds_remaining": 1320}
GUI_RESULT {"robot_exit": 0, "case_code": "Z9YS-CKZT-5J24-CM47", "ok": true, "robot_started": true, "status": "robot-completed", "clicks": 1}
READ_ONLY_DB_COPY {"label": "001-db-after-0", "rows": 719}
AUTHORITATIVE_RESULT {"id": 719, "team_no": "202623001141", "problem_no": 4, "practice_run_no": 586889906021201229, "case_code": "Z9YS-CKZT-5J24-CM47", "entered": 1, "jammer_count": 12, "cleared_jammer_count": 12, "clear_failure_count": 1, "virtual_time_us": 6532684116, "end_reason": "user_exit", "created_at_ms": 1789268099535}
GUI_JOB {"action": "return", "folder": "003-1-return"}
WAIT_GUI {"seconds_remaining": 60}
GUI_RESULT {"status": "returned-to-practice", "ok": true, "clicks": 2, "robot_started": false}
SENSITIVITY_PROGRESS 540 742 robustness 4 perturbed Z9YS-CKZT-5J24-CM47 12 12
GUI_JOB {"action": "dry-run", "folder": "001-0-dry-run"}
WAIT_GUI {"seconds_remaining": 60}
GUI_RESULT {"status": "dry-run-ready", "ok": true, "clicks": 0, "robot_started": false}
READ_ONLY_DB_COPY {"label": "001-db-before", "rows": 719}
GUI_JOB {"action": "run", "folder": "002-1-run"}
WAIT_GUI {"seconds_remaining": 1320}
GUI_RESULT {"robot_exit": 0, "case_code": "R4WK-9722-RQSX-XQTS", "ok": true, "robot_started": true, "status": "robot-completed", "clicks": 1}
READ_ONLY_DB_COPY {"label": "001-db-after-0", "rows": 720}
AUTHORITATIVE_RESULT {"id": 720, "team_no": "202623001141", "problem_no": 3, "practice_run_no": 5597678706985271479, "case_code": "R4WK-9722-RQSX-XQTS", "entered": 1, "jammer_count": 15, "cleared_jammer_count": 15, "clear_failure_count": 0, "virtual_time_us": 3260180330, "end_reason": "user_exit", "created_at_ms": 1789268160109}
GUI_JOB {"action": "return", "folder": "003-1-return"}
WAIT_GUI {"seconds_remaining": 60}
GUI_RESULT {"status": "returned-to-practice", "ok": true, "clicks": 2, "robot_started": false}
SENSITIVITY_PROGRESS 541 742 robustness 3 perturbed R4WK-9722-RQSX-XQTS 15 15
GUI_JOB {"action": "dry-run", "folder": "001-0-dry-run"}
WAIT_GUI {"seconds_remaining": 60}
GUI_RESULT {"status": "dry-run-ready", "ok": true, "clicks": 0, "robot_started": false}
READ_ONLY_DB_COPY {"label": "001-db-before", "rows": 720}
GUI_JOB {"action": "run", "folder": "002-1-run"}
WAIT_GUI {"seconds_remaining": 1320}
GUI_RESULT {"robot_exit": 0, "case_code": "NCR4-XSJ5-45NM-KGPE", "ok": true, "robot_started": true, "status": "robot-completed", "clicks": 1}
READ_ONLY_DB_COPY {"label": "001-db-after-0", "rows": 721}
AUTHORITATIVE_RESULT {"id": 721, "team_no": "202623001141", "problem_no": 3, "practice_run_no": 1405614596644059491, "case_code": "NCR4-XSJ5-45NM-KGPE", "entered": 1, "jammer_count": 15, "cleared_jammer_count": 15, "clear_failure_count": 0, "virtual_time_us": 3353935180, "end_reason": "user_exit", "created_at_ms": 1789268213522}
GUI_JOB {"action": "return", "folder": "003-1-return"}
WAIT_GUI {"seconds_remaining": 60}
GUI_RESULT {"status": "returned-to-practice", "ok": true, "clicks": 2, "robot_started": false}
SENSITIVITY_PROGRESS 542 742 robustness 3 baseline NCR4-XSJ5-45NM-KGPE 15 15
GUI_JOB {"action": "dry-run", "folder": "001-0-dry-run"}
WAIT_GUI {"seconds_remaining": 60}
GUI_RESULT {"status": "dry-run-ready", "ok": true, "clicks": 0, "robot_started": false}
READ_ONLY_DB_COPY {"label": "001-db-before", "rows": 721}
GUI_JOB {"action": "run", "folder": "002-1-run"}
WAIT_GUI {"seconds_remaining": 1320}
GUI_RESULT {"robot_exit": 0, "case_code": "J4HJ-RKRN-PVRQ-CKN4", "ok": true, "robot_started": true, "status": "robot-completed", "clicks": 1}
READ_ONLY_DB_COPY {"label": "001-db-after-0", "rows": 722}
AUTHORITATIVE_RESULT {"id": 722, "team_no": "202623001141", "problem_no": 4, "practice_run_no": 6686403411540977545, "case_code": "J4HJ-RKRN-PVRQ-CKN4", "entered": 1, "jammer_count": 12, "cleared_jammer_count": 12, "clear_failure_count": 0, "virtual_time_us": 6389093058, "end_reason": "user_exit", "created_at_ms": 1789268266547}
GUI_JOB {"action": "return", "folder": "003-1-return"}
WAIT_GUI {"seconds_remaining": 60}
GUI_RESULT {"status": "returned-to-practice", "ok": true, "clicks": 2, "robot_started": false}
SENSITIVITY_PROGRESS 543 742 robustness 4 perturbed J4HJ-RKRN-PVRQ-CKN4 12 12
GUI_JOB {"action": "dry-run", "folder": "001-0-dry-run"}
WAIT_GUI {"seconds_remaining": 60}
GUI_RESULT {"status": "dry-run-ready", "ok": true, "clicks": 0, "robot_started": false}
READ_ONLY_DB_COPY {"label": "001-db-before", "rows": 722}
GUI_JOB {"action": "run", "folder": "002-1-run"}
WAIT_GUI {"seconds_remaining": 1320}
GUI_RESULT {"robot_exit": 0, "case_code": "U35Q-4WUG-D2A2-KUY7", "ok": true, "robot_started": true, "status": "robot-completed", "clicks": 1}
READ_ONLY_DB_COPY {"label": "001-db-after-0", "rows": 723}
AUTHORITATIVE_RESULT {"id": 723, "team_no": "202623001141", "problem_no": 4, "practice_run_no": 272536713662680099, "case_code": "U35Q-4WUG-D2A2-KUY7", "entered": 1, "jammer_count": 14, "cleared_jammer_count": 14, "clear_failure_count": 0, "virtual_time_us": 6096597418, "end_reason": "user_exit", "created_at_ms": 1789268326904}
GUI_JOB {"action": "return", "folder": "003-1-return"}
WAIT_GUI {"seconds_remaining": 60}
GUI_RESULT {"status": "returned-to-practice", "ok": true, "clicks": 2, "robot_started": false}
SENSITIVITY_PROGRESS 544 742 robustness 4 baseline U35Q-4WUG-D2A2-KUY7 14 14
GUI_JOB {"action": "dry-run", "folder": "001-0-dry-run"}
WAIT_GUI {"seconds_remaining": 60}
GUI_RESULT {"status": "dry-run-ready", "ok": true, "clicks": 0, "robot_started": false}
READ_ONLY_DB_COPY {"label": "001-db-before", "rows": 723}
GUI_JOB {"action": "run", "folder": "002-1-run"}
WAIT_GUI {"seconds_remaining": 1320}
GUI_RESULT {"robot_exit": 0, "case_code": "NE88-M6QZ-TEEJ-CQ5C", "ok": true, "robot_started": true, "status": "robot-completed", "clicks": 1}
READ_ONLY_DB_COPY {"label": "001-db-after-0", "rows": 724}
AUTHORITATIVE_RESULT {"id": 724, "team_no": "202623001141", "problem_no": 4, "practice_run_no": 4419841685974645897, "case_code": "NE88-M6QZ-TEEJ-CQ5C", "entered": 1, "jammer_count": 15, "cleared_jammer_count": 15, "clear_failure_count": 0, "virtual_time_us": 5608081818, "end_reason": "user_exit", "created_at_ms": 1789268385000}
GUI_JOB {"action": "return", "folder": "003-1-return"}
WAIT_GUI {"seconds_remaining": 60}
GUI_RESULT {"status": "returned-to-practice", "ok": true, "clicks": 2, "robot_started": false}
SENSITIVITY_PROGRESS 545 742 robustness 4 baseline NE88-M6QZ-TEEJ-CQ5C 15 15
GUI_JOB {"action": "dry-run", "folder": "001-0-dry-run"}
WAIT_GUI {"seconds_remaining": 60}
GUI_RESULT {"status": "dry-run-ready", "ok": true, "clicks": 0, "robot_started": false}
READ_ONLY_DB_COPY {"label": "001-db-before", "rows": 724}
GUI_JOB {"action": "run", "folder": "002-1-run"}
WAIT_GUI {"seconds_remaining": 1320}
GUI_RESULT {"robot_exit": 0, "case_code": "RQBN-MKG6-RGQT-ZFF7", "ok": true, "robot_started": true, "status": "robot-completed", "clicks": 1}
READ_ONLY_DB_COPY {"label": "001-db-after-0", "rows": 725}
AUTHORITATIVE_RESULT {"id": 725, "team_no": "202623001141", "problem_no": 4, "practice_run_no": 4949708297338957591, "case_code": "RQBN-MKG6-RGQT-ZFF7", "entered": 1, "jammer_count": 11, "cleared_jammer_count": 11, "clear_failure_count": 1, "virtual_time_us": 6225410397, "end_reason": "user_exit", "created_at_ms": 1789268442506}
GUI_JOB {"action": "return", "folder": "003-1-return"}
WAIT_GUI {"seconds_remaining": 60}
GUI_RESULT {"status": "returned-to-practice", "ok": true, "clicks": 2, "robot_started": false}
SENSITIVITY_PROGRESS 546 742 robustness 4 perturbed RQBN-MKG6-RGQT-ZFF7 11 11
GUI_JOB {"action": "dry-run", "folder": "001-0-dry-run"}
WAIT_GUI {"seconds_remaining": 60}
GUI_RESULT {"status": "dry-run-ready", "ok": true, "clicks": 0, "robot_started": false}
READ_ONLY_DB_COPY {"label": "001-db-before", "rows": 725}
GUI_JOB {"action": "run", "folder": "002-1-run"}
WAIT_GUI {"seconds_remaining": 1320}
GUI_RESULT {"robot_exit": 0, "case_code": "32T4-2EQZ-H6DX-UCZC", "ok": true, "robot_started": true, "status": "robot-completed", "clicks": 1}
READ_ONLY_DB_COPY {"label": "001-db-after-0", "rows": 726}
AUTHORITATIVE_RESULT {"id": 726, "team_no": "202623001141", "problem_no": 3, "practice_run_no": 7175029688580978129, "case_code": "32T4-2EQZ-H6DX-UCZC", "entered": 1, "jammer_count": 16, "cleared_jammer_count": 16, "clear_failure_count": 0, "virtual_time_us": 3506736787, "end_reason": "user_exit", "created_at_ms": 1789268502531}
GUI_JOB {"action": "return", "folder": "003-1-return"}
WAIT_GUI {"seconds_remaining": 60}
GUI_RESULT {"status": "returned-to-practice", "ok": true, "clicks": 2, "robot_started": false}
SENSITIVITY_PROGRESS 547 742 robustness 3 baseline 32T4-2EQZ-H6DX-UCZC 16 16
GUI_JOB {"action": "dry-run", "folder": "001-0-dry-run"}
WAIT_GUI {"seconds_remaining": 60}
GUI_RESULT {"status": "dry-run-ready", "ok": true, "clicks": 0, "robot_started": false}
READ_ONLY_DB_COPY {"label": "001-db-before", "rows": 726}
GUI_JOB {"action": "run", "folder": "002-1-run"}
WAIT_GUI {"seconds_remaining": 1320}
GUI_RESULT {"robot_exit": 0, "case_code": "REQU-NARH-NKKK-B2MB", "ok": true, "robot_started": true, "status": "robot-completed", "clicks": 1}
READ_ONLY_DB_COPY {"label": "001-db-after-0", "rows": 727}
AUTHORITATIVE_RESULT {"id": 727, "team_no": "202623001141", "problem_no": 3, "practice_run_no": 5612199788037550038, "case_code": "REQU-NARH-NKKK-B2MB", "entered": 1, "jammer_count": 15, "cleared_jammer_count": 15, "clear_failure_count": 0, "virtual_time_us": 3360505250, "end_reason": "user_exit", "created_at_ms": 1789268554856}
GUI_JOB {"action": "return", "folder": "003-1-return"}
WAIT_GUI {"seconds_remaining": 60}
GUI_RESULT {"status": "returned-to-practice", "ok": true, "clicks": 2, "robot_started": false}
SENSITIVITY_PROGRESS 548 742 robustness 3 perturbed REQU-NARH-NKKK-B2MB 15 15
GUI_JOB {"action": "dry-run", "folder": "001-0-dry-run"}
WAIT_GUI {"seconds_remaining": 60}
GUI_RESULT {"status": "dry-run-ready", "ok": true, "clicks": 0, "robot_started": false}
READ_ONLY_DB_COPY {"label": "001-db-before", "rows": 727}
GUI_JOB {"action": "run", "folder": "002-1-run"}
WAIT_GUI {"seconds_remaining": 1320}
GUI_RESULT {"robot_exit": 0, "case_code": "9WP3-WJ5S-5T53-66HX", "ok": true, "robot_started": true, "status": "robot-completed", "clicks": 1}
READ_ONLY_DB_COPY {"label": "001-db-after-0", "rows": 728}
AUTHORITATIVE_RESULT {"id": 728, "team_no": "202623001141", "problem_no": 3, "practice_run_no": 3077600763709365330, "case_code": "9WP3-WJ5S-5T53-66HX", "entered": 1, "jammer_count": 16, "cleared_jammer_count": 16, "clear_failure_count": 0, "virtual_time_us": 3614363305, "end_reason": "user_exit", "created_at_ms": 1789268608358}
GUI_JOB {"action": "return", "folder": "003-1-return"}
WAIT_GUI {"seconds_remaining": 60}
GUI_RESULT {"status": "returned-to-practice", "ok": true, "clicks": 2, "robot_started": false}
SENSITIVITY_PROGRESS 549 742 robustness 3 perturbed 9WP3-WJ5S-5T53-66HX 16 16
GUI_JOB {"action": "dry-run", "folder": "001-0-dry-run"}
WAIT_GUI {"seconds_remaining": 60}
GUI_RESULT {"status": "dry-run-ready", "ok": true, "clicks": 0, "robot_started": false}
READ_ONLY_DB_COPY {"label": "001-db-before", "rows": 728}
GUI_JOB {"action": "run", "folder": "002-1-run"}
WAIT_GUI {"seconds_remaining": 1320}
GUI_RESULT {"robot_exit": 0, "case_code": "RAQ6-A7RJ-KYFQ-U2TA", "ok": true, "robot_started": true, "status": "robot-completed", "clicks": 1}
READ_ONLY_DB_COPY {"label": "001-db-after-0", "rows": 729}
AUTHORITATIVE_RESULT {"id": 729, "team_no": "202623001141", "problem_no": 4, "practice_run_no": 1921306526524693642, "case_code": "RAQ6-A7RJ-KYFQ-U2TA", "entered": 1, "jammer_count": 11, "cleared_jammer_count": 11, "clear_failure_count": 0, "virtual_time_us": 6085578832, "end_reason": "user_exit", "created_at_ms": 1789268662556}
GUI_JOB {"action": "return", "folder": "003-1-return"}
WAIT_GUI {"seconds_remaining": 60}
GUI_RESULT {"status": "returned-to-practice", "ok": true, "clicks": 2, "robot_started": false}
SENSITIVITY_PROGRESS 550 742 robustness 4 perturbed RAQ6-A7RJ-KYFQ-U2TA 11 11
GUI_JOB {"action": "dry-run", "folder": "001-0-dry-run"}
WAIT_GUI {"seconds_remaining": 60}
GUI_RESULT {"status": "dry-run-ready", "ok": true, "clicks": 0, "robot_started": false}
READ_ONLY_DB_COPY {"label": "001-db-before", "rows": 729}
GUI_JOB {"action": "run", "folder": "002-1-run"}
WAIT_GUI {"seconds_remaining": 1320}
GUI_RESULT {"robot_exit": 0, "case_code": "GHUX-XB8T-GSXV-VZTU", "ok": true, "robot_started": true, "status": "robot-completed", "clicks": 1}
READ_ONLY_DB_COPY {"label": "001-db-after-0", "rows": 730}
AUTHORITATIVE_RESULT {"id": 730, "team_no": "202623001141", "problem_no": 4, "practice_run_no": 8806468017389560853, "case_code": "GHUX-XB8T-GSXV-VZTU", "entered": 1, "jammer_count": 13, "cleared_jammer_count": 13, "clear_failure_count": 0, "virtual_time_us": 6194157294, "end_reason": "user_exit", "created_at_ms": 1789268722428}
GUI_JOB {"action": "return", "folder": "003-1-return"}
WAIT_GUI {"seconds_remaining": 60}
GUI_RESULT {"status": "returned-to-practice", "ok": true, "clicks": 2, "robot_started": false}
SENSITIVITY_PROGRESS 551 742 robustness 4 perturbed GHUX-XB8T-GSXV-VZTU 13 13
GUI_JOB {"action": "dry-run", "folder": "001-0-dry-run"}
WAIT_GUI {"seconds_remaining": 60}
GUI_RESULT {"status": "dry-run-ready", "ok": true, "clicks": 0, "robot_started": false}
READ_ONLY_DB_COPY {"label": "001-db-before", "rows": 730}
GUI_JOB {"action": "run", "folder": "002-1-run"}
WAIT_GUI {"seconds_remaining": 1320}
GUI_RESULT {"robot_exit": 0, "case_code": "YUH4-MDAB-95AV-TR4B", "ok": true, "robot_started": true, "status": "robot-completed", "clicks": 1}
READ_ONLY_DB_COPY {"label": "001-db-after-0", "rows": 731}
AUTHORITATIVE_RESULT {"id": 731, "team_no": "202623001141", "problem_no": 3, "practice_run_no": 2712634519778595518, "case_code": "YUH4-MDAB-95AV-TR4B", "entered": 1, "jammer_count": 14, "cleared_jammer_count": 14, "clear_failure_count": 0, "virtual_time_us": 3439428038, "end_reason": "user_exit", "created_at_ms": 1789268783067}
GUI_JOB {"action": "return", "folder": "003-1-return"}
WAIT_GUI {"seconds_remaining": 60}
GUI_RESULT {"status": "returned-to-practice", "ok": true, "clicks": 2, "robot_started": false}
SENSITIVITY_PROGRESS 552 742 robustness 3 perturbed YUH4-MDAB-95AV-TR4B 14 14
GUI_JOB {"action": "dry-run", "folder": "001-0-dry-run"}
WAIT_GUI {"seconds_remaining": 60}
GUI_RESULT {"status": "dry-run-ready", "ok": true, "clicks": 0, "robot_started": false}
READ_ONLY_DB_COPY {"label": "001-db-before", "rows": 731}
GUI_JOB {"action": "run", "folder": "002-1-run"}
WAIT_GUI {"seconds_remaining": 1320}
GUI_RESULT {"robot_exit": 0, "case_code": "BBTX-S5GJ-XFCB-YGYA", "ok": true, "robot_started": true, "status": "robot-completed", "clicks": 1}
READ_ONLY_DB_COPY {"label": "001-db-after-0", "rows": 732}
AUTHORITATIVE_RESULT {"id": 732, "team_no": "202623001141", "problem_no": 3, "practice_run_no": 2462404746933777593, "case_code": "BBTX-S5GJ-XFCB-YGYA", "entered": 1, "jammer_count": 14, "cleared_jammer_count": 14, "clear_failure_count": 0, "virtual_time_us": 3330979920, "end_reason": "user_exit", "created_at_ms": 1789268837416}
GUI_JOB {"action": "return", "folder": "003-1-return"}
WAIT_GUI {"seconds_remaining": 60}
GUI_RESULT {"status": "returned-to-practice", "ok": true, "clicks": 2, "robot_started": false}
SENSITIVITY_PROGRESS 553 742 robustness 3 perturbed BBTX-S5GJ-XFCB-YGYA 14 14
GUI_JOB {"action": "dry-run", "folder": "001-0-dry-run"}
WAIT_GUI {"seconds_remaining": 60}
GUI_RESULT {"status": "dry-run-ready", "ok": true, "clicks": 0, "robot_started": false}
READ_ONLY_DB_COPY {"label": "001-db-before", "rows": 732}
GUI_JOB {"action": "run", "folder": "002-1-run"}
WAIT_GUI {"seconds_remaining": 1320}
GUI_RESULT {"robot_exit": 0, "case_code": "6S99-FVQK-MZQ3-GXSV", "ok": true, "robot_started": true, "status": "robot-completed", "clicks": 1}
READ_ONLY_DB_COPY {"label": "001-db-after-0", "rows": 733}
AUTHORITATIVE_RESULT {"id": 733, "team_no": "202623001141", "problem_no": 4, "practice_run_no": 5052885710287151410, "case_code": "6S99-FVQK-MZQ3-GXSV", "entered": 1, "jammer_count": 10, "cleared_jammer_count": 10, "clear_failure_count": 0, "virtual_time_us": 5980872074, "end_reason": "user_exit", "created_at_ms": 1789268892808}
GUI_JOB {"action": "return", "folder": "003-1-return"}
WAIT_GUI {"seconds_remaining": 60}
GUI_RESULT {"status": "returned-to-practice", "ok": true, "clicks": 2, "robot_started": false}
SENSITIVITY_PROGRESS 554 742 robustness 4 perturbed 6S99-FVQK-MZQ3-GXSV 10 10
GUI_JOB {"action": "dry-run", "folder": "001-0-dry-run"}
WAIT_GUI {"seconds_remaining": 60}
GUI_RESULT {"status": "dry-run-ready", "ok": true, "clicks": 0, "robot_started": false}
READ_ONLY_DB_COPY {"label": "001-db-before", "rows": 733}
GUI_JOB {"action": "run", "folder": "002-1-run"}
WAIT_GUI {"seconds_remaining": 1320}
GUI_RESULT {"robot_exit": 0, "case_code": "89BK-BRHG-GCQ8-3Z6E", "ok": true, "robot_started": true, "status": "robot-completed", "clicks": 1}
READ_ONLY_DB_COPY {"label": "001-db-after-0", "rows": 734}
AUTHORITATIVE_RESULT {"id": 734, "team_no": "202623001141", "problem_no": 3, "practice_run_no": 3729516272969845695, "case_code": "89BK-BRHG-GCQ8-3Z6E", "entered": 1, "jammer_count": 13, "cleared_jammer_count": 13, "clear_failure_count": 2, "virtual_time_us": 3364526949, "end_reason": "user_exit", "created_at_ms": 1789268953915}
GUI_JOB {"action": "return", "folder": "003-1-return"}
WAIT_GUI {"seconds_remaining": 60}
GUI_RESULT {"status": "returned-to-practice", "ok": true, "clicks": 2, "robot_started": false}
SENSITIVITY_PROGRESS 555 742 robustness 3 baseline 89BK-BRHG-GCQ8-3Z6E 13 13
GUI_JOB {"action": "dry-run", "folder": "001-0-dry-run"}
WAIT_GUI {"seconds_remaining": 60}
GUI_RESULT {"status": "dry-run-ready", "ok": true, "clicks": 0, "robot_started": false}
READ_ONLY_DB_COPY {"label": "001-db-before", "rows": 734}
GUI_JOB {"action": "run", "folder": "002-1-run"}
WAIT_GUI {"seconds_remaining": 1320}
GUI_RESULT {"robot_exit": 0, "case_code": "2NU7-NQ42-MNGA-D727", "ok": true, "robot_started": true, "status": "robot-completed", "clicks": 1}
READ_ONLY_DB_COPY {"label": "001-db-after-0", "rows": 735}
AUTHORITATIVE_RESULT {"id": 735, "team_no": "202623001141", "problem_no": 4, "practice_run_no": 299627004408730924, "case_code": "2NU7-NQ42-MNGA-D727", "entered": 1, "jammer_count": 14, "cleared_jammer_count": 14, "clear_failure_count": 0, "virtual_time_us": 5622419269, "end_reason": "user_exit", "created_at_ms": 1789269007812}
GUI_JOB {"action": "return", "folder": "003-1-return"}
WAIT_GUI {"seconds_remaining": 60}
GUI_RESULT {"status": "returned-to-practice", "ok": true, "clicks": 2, "robot_started": false}
SENSITIVITY_PROGRESS 556 742 robustness 4 baseline 2NU7-NQ42-MNGA-D727 14 14
GUI_JOB {"action": "dry-run", "folder": "001-0-dry-run"}
WAIT_GUI {"seconds_remaining": 60}
GUI_RESULT {"status": "dry-run-ready", "ok": true, "clicks": 0, "robot_started": false}
READ_ONLY_DB_COPY {"label": "001-db-before", "rows": 735}
GUI_JOB {"action": "run", "folder": "002-1-run"}
WAIT_GUI {"seconds_remaining": 1320}
GUI_RESULT {"robot_exit": 0, "case_code": "K852-QWUK-7NGY-AGDP", "ok": true, "robot_started": true, "status": "robot-completed", "clicks": 1}
READ_ONLY_DB_COPY {"label": "001-db-after-0", "rows": 736}
AUTHORITATIVE_RESULT {"id": 736, "team_no": "202623001141", "problem_no": 4, "practice_run_no": 9031359970242632962, "case_code": "K852-QWUK-7NGY-AGDP", "entered": 1, "jammer_count": 14, "cleared_jammer_count": 14, "clear_failure_count": 1, "virtual_time_us": 6385526883, "end_reason": "user_exit", "created_at_ms": 1789269063805}
GUI_JOB {"action": "return", "folder": "003-1-return"}
WAIT_GUI {"seconds_remaining": 60}
GUI_RESULT {"status": "returned-to-practice", "ok": true, "clicks": 2, "robot_started": false}
SENSITIVITY_PROGRESS 557 742 robustness 4 baseline K852-QWUK-7NGY-AGDP 14 14
GUI_JOB {"action": "dry-run", "folder": "001-0-dry-run"}
WAIT_GUI {"seconds_remaining": 60}
GUI_RESULT {"status": "dry-run-ready", "ok": true, "clicks": 0, "robot_started": false}
READ_ONLY_DB_COPY {"label": "001-db-before", "rows": 736}
GUI_JOB {"action": "run", "folder": "002-1-run"}
WAIT_GUI {"seconds_remaining": 1320}
GUI_RESULT {"robot_exit": 0, "case_code": "438T-W6AY-WS2G-7RN6", "ok": true, "robot_started": true, "status": "robot-completed", "clicks": 1}
READ_ONLY_DB_COPY {"label": "001-db-after-0", "rows": 737}
AUTHORITATIVE_RESULT {"id": 737, "team_no": "202623001141", "problem_no": 3, "practice_run_no": 3223312760075328458, "case_code": "438T-W6AY-WS2G-7RN6", "entered": 1, "jammer_count": 12, "cleared_jammer_count": 12, "clear_failure_count": 2, "virtual_time_us": 2930289594, "end_reason": "user_exit", "created_at_ms": 1789269118502}
GUI_JOB {"action": "return", "folder": "003-1-return"}
WAIT_GUI {"seconds_remaining": 60}
GUI_RESULT {"status": "returned-to-practice", "ok": true, "clicks": 2, "robot_started": false}
SENSITIVITY_PROGRESS 558 742 robustness 3 perturbed 438T-W6AY-WS2G-7RN6 12 12
GUI_JOB {"action": "dry-run", "folder": "001-0-dry-run"}
WAIT_GUI {"seconds_remaining": 60}
GUI_RESULT {"status": "dry-run-ready", "ok": true, "clicks": 0, "robot_started": false}
READ_ONLY_DB_COPY {"label": "001-db-before", "rows": 737}
GUI_JOB {"action": "run", "folder": "002-1-run"}
WAIT_GUI {"seconds_remaining": 1320}
GUI_RESULT {"robot_exit": 0, "case_code": "VNYU-ADWK-AKJA-W6TC", "ok": true, "robot_started": true, "status": "robot-completed", "clicks": 1}
READ_ONLY_DB_COPY {"label": "001-db-after-0", "rows": 738}
AUTHORITATIVE_RESULT {"id": 738, "team_no": "202623001141", "problem_no": 3, "practice_run_no": 4767270096933701207, "case_code": "VNYU-ADWK-AKJA-W6TC", "entered": 1, "jammer_count": 13, "cleared_jammer_count": 13, "clear_failure_count": 0, "virtual_time_us": 3495435206, "end_reason": "user_exit", "created_at_ms": 1789269169659}
GUI_JOB {"action": "return", "folder": "003-1-return"}
WAIT_GUI {"seconds_remaining": 60}
GUI_RESULT {"status": "returned-to-practice", "ok": true, "clicks": 2, "robot_started": false}
SENSITIVITY_PROGRESS 559 742 robustness 3 baseline VNYU-ADWK-AKJA-W6TC 13 13
GUI_JOB {"action": "dry-run", "folder": "001-0-dry-run"}
WAIT_GUI {"seconds_remaining": 60}
GUI_RESULT {"status": "dry-run-ready", "ok": true, "clicks": 0, "robot_started": false}
READ_ONLY_DB_COPY {"label": "001-db-before", "rows": 738}
GUI_JOB {"action": "run", "folder": "002-1-run"}
WAIT_GUI {"seconds_remaining": 1320}
GUI_RESULT {"robot_exit": 0, "case_code": "N3QN-A4YZ-94KZ-6GJ8", "ok": true, "robot_started": true, "status": "robot-completed", "clicks": 1}
READ_ONLY_DB_COPY {"label": "001-db-after-0", "rows": 739}
AUTHORITATIVE_RESULT {"id": 739, "team_no": "202623001141", "problem_no": 3, "practice_run_no": 4943110026446470504, "case_code": "N3QN-A4YZ-94KZ-6GJ8", "entered": 1, "jammer_count": 10, "cleared_jammer_count": 10, "clear_failure_count": 1, "virtual_time_us": 2909347539, "end_reason": "user_exit", "created_at_ms": 1789269222078}
GUI_JOB {"action": "return", "folder": "003-1-return"}
WAIT_GUI {"seconds_remaining": 60}
GUI_RESULT {"status": "returned-to-practice", "ok": true, "clicks": 2, "robot_started": false}
SENSITIVITY_PROGRESS 560 742 robustness 3 perturbed N3QN-A4YZ-94KZ-6GJ8 10 10
GUI_JOB {"action": "dry-run", "folder": "001-0-dry-run"}
WAIT_GUI {"seconds_remaining": 60}
GUI_RESULT {"status": "dry-run-ready", "ok": true, "clicks": 0, "robot_started": false}
READ_ONLY_DB_COPY {"label": "001-db-before", "rows": 739}
GUI_JOB {"action": "run", "folder": "002-1-run"}
WAIT_GUI {"seconds_remaining": 1320}
GUI_RESULT {"robot_exit": 0, "case_code": "ZWTG-PYT6-RV6F-BUZY", "ok": true, "robot_started": true, "status": "robot-completed", "clicks": 1}
READ_ONLY_DB_COPY {"label": "001-db-after-0", "rows": 740}
AUTHORITATIVE_RESULT {"id": 740, "team_no": "202623001141", "problem_no": 4, "practice_run_no": 9149239967360138557, "case_code": "ZWTG-PYT6-RV6F-BUZY", "entered": 1, "jammer_count": 16, "cleared_jammer_count": 16, "clear_failure_count": 0, "virtual_time_us": 5023682675, "end_reason": "user_exit", "created_at_ms": 1789269274252}
GUI_JOB {"action": "return", "folder": "003-1-return"}
WAIT_GUI {"seconds_remaining": 60}
GUI_RESULT {"status": "returned-to-practice", "ok": true, "clicks": 2, "robot_started": false}
SENSITIVITY_PROGRESS 561 742 robustness 4 perturbed ZWTG-PYT6-RV6F-BUZY 16 16
GUI_JOB {"action": "dry-run", "folder": "001-0-dry-run"}
WAIT_GUI {"seconds_remaining": 60}
GUI_RESULT {"status": "dry-run-ready", "ok": true, "clicks": 0, "robot_started": false}
READ_ONLY_DB_COPY {"label": "001-db-before", "rows": 740}
GUI_JOB {"action": "run", "folder": "002-1-run"}
WAIT_GUI {"seconds_remaining": 1320}
GUI_RESULT {"robot_exit": 0, "case_code": "56WQ-PNEZ-FQNJ-JKPM", "ok": true, "robot_started": true, "status": "robot-completed", "clicks": 1}
READ_ONLY_DB_COPY {"label": "001-db-after-0", "rows": 741}
AUTHORITATIVE_RESULT {"id": 741, "team_no": "202623001141", "problem_no": 4, "practice_run_no": 2430009881348807669, "case_code": "56WQ-PNEZ-FQNJ-JKPM", "entered": 1, "jammer_count": 10, "cleared_jammer_count": 10, "clear_failure_count": 0, "virtual_time_us": 6206566735, "end_reason": "user_exit", "created_at_ms": 1789269328716}
GUI_JOB {"action": "return", "folder": "003-1-return"}
WAIT_GUI {"seconds_remaining": 60}
GUI_RESULT {"status": "returned-to-practice", "ok": true, "clicks": 2, "robot_started": false}
SENSITIVITY_PROGRESS 562 742 robustness 4 perturbed 56WQ-PNEZ-FQNJ-JKPM 10 10
GUI_JOB {"action": "dry-run", "folder": "001-0-dry-run"}
WAIT_GUI {"seconds_remaining": 60}
GUI_RESULT {"status": "dry-run-ready", "ok": true, "clicks": 0, "robot_started": false}
READ_ONLY_DB_COPY {"label": "001-db-before", "rows": 741}
GUI_JOB {"action": "run", "folder": "002-1-run"}
WAIT_GUI {"seconds_remaining": 1320}
GUI_RESULT {"robot_exit": 0, "case_code": "TPCK-KXU6-EPSE-6SJN", "ok": true, "robot_started": true, "status": "robot-completed", "clicks": 1}
READ_ONLY_DB_COPY {"label": "001-db-after-0", "rows": 742}
AUTHORITATIVE_RESULT {"id": 742, "team_no": "202623001141", "problem_no": 4, "practice_run_no": 6610889544010245164, "case_code": "TPCK-KXU6-EPSE-6SJN", "entered": 1, "jammer_count": 16, "cleared_jammer_count": 16, "clear_failure_count": 1, "virtual_time_us": 6238065009, "end_reason": "user_exit", "created_at_ms": 1789269388175}
GUI_JOB {"action": "return", "folder": "003-1-return"}
WAIT_GUI {"seconds_remaining": 60}
GUI_RESULT {"status": "returned-to-practice", "ok": true, "clicks": 2, "robot_started": false}
SENSITIVITY_PROGRESS 563 742 robustness 4 baseline TPCK-KXU6-EPSE-6SJN 16 16
GUI_JOB {"action": "dry-run", "folder": "001-0-dry-run"}
WAIT_GUI {"seconds_remaining": 60}
GUI_RESULT {"status": "dry-run-ready", "ok": true, "clicks": 0, "robot_started": false}
READ_ONLY_DB_COPY {"label": "001-db-before", "rows": 742}
GUI_JOB {"action": "run", "folder": "002-1-run"}
WAIT_GUI {"seconds_remaining": 1320}
GUI_RESULT {"robot_exit": 0, "case_code": "GHF3-JFD4-BVB9-HJUF", "ok": true, "robot_started": true, "status": "robot-completed", "clicks": 1}
READ_ONLY_DB_COPY {"label": "001-db-after-0", "rows": 743}
AUTHORITATIVE_RESULT {"id": 743, "team_no": "202623001141", "problem_no": 3, "practice_run_no": 3136924292597963122, "case_code": "GHF3-JFD4-BVB9-HJUF", "entered": 1, "jammer_count": 11, "cleared_jammer_count": 11, "clear_failure_count": 1, "virtual_time_us": 3278615814, "end_reason": "user_exit", "created_at_ms": 1789269444067}
GUI_JOB {"action": "return", "folder": "003-1-return"}
WAIT_GUI {"seconds_remaining": 60}
GUI_RESULT {"status": "returned-to-practice", "ok": true, "clicks": 2, "robot_started": false}
SENSITIVITY_PROGRESS 564 742 robustness 3 perturbed GHF3-JFD4-BVB9-HJUF 11 11
GUI_JOB {"action": "dry-run", "folder": "001-0-dry-run"}
WAIT_GUI {"seconds_remaining": 60}
GUI_RESULT {"status": "dry-run-ready", "ok": true, "clicks": 0, "robot_started": false}
READ_ONLY_DB_COPY {"label": "001-db-before", "rows": 743}
GUI_JOB {"action": "run", "folder": "002-1-run"}
WAIT_GUI {"seconds_remaining": 1320}
GUI_RESULT {"robot_exit": 0, "case_code": "USQ6-UZYM-S9XD-YMSF", "ok": true, "robot_started": true, "status": "robot-completed", "clicks": 1}
READ_ONLY_DB_COPY {"label": "001-db-after-0", "rows": 744}
AUTHORITATIVE_RESULT {"id": 744, "team_no": "202623001141", "problem_no": 4, "practice_run_no": 5787884958024999263, "case_code": "USQ6-UZYM-S9XD-YMSF", "entered": 1, "jammer_count": 15, "cleared_jammer_count": 15, "clear_failure_count": 0, "virtual_time_us": 6331866399, "end_reason": "user_exit", "created_at_ms": 1789269498307}
GUI_JOB {"action": "return", "folder": "003-1-return"}
WAIT_GUI {"seconds_remaining": 60}
GUI_RESULT {"status": "returned-to-practice", "ok": true, "clicks": 2, "robot_started": false}
SENSITIVITY_PROGRESS 565 742 robustness 4 perturbed USQ6-UZYM-S9XD-YMSF 15 15
GUI_JOB {"action": "dry-run", "folder": "001-0-dry-run"}
WAIT_GUI {"seconds_remaining": 60}
GUI_RESULT {"status": "dry-run-ready", "ok": true, "clicks": 0, "robot_started": false}
READ_ONLY_DB_COPY {"label": "001-db-before", "rows": 744}
GUI_JOB {"action": "run", "folder": "002-1-run"}
WAIT_GUI {"seconds_remaining": 1320}
GUI_RESULT {"robot_exit": 0, "case_code": "E63D-5YEM-EQN4-5WWX", "ok": true, "robot_started": true, "status": "robot-completed", "clicks": 1}
READ_ONLY_DB_COPY {"label": "001-db-after-0", "rows": 745}
AUTHORITATIVE_RESULT {"id": 745, "team_no": "202623001141", "problem_no": 3, "practice_run_no": 7333759017500193518, "case_code": "E63D-5YEM-EQN4-5WWX", "entered": 1, "jammer_count": 13, "cleared_jammer_count": 13, "clear_failure_count": 1, "virtual_time_us": 3058074662, "end_reason": "user_exit", "created_at_ms": 1789269555241}
GUI_JOB {"action": "return", "folder": "003-1-return"}
WAIT_GUI {"seconds_remaining": 60}
GUI_RESULT {"status": "returned-to-practice", "ok": true, "clicks": 2, "robot_started": false}
SENSITIVITY_PROGRESS 566 742 robustness 3 perturbed E63D-5YEM-EQN4-5WWX 13 13
GUI_JOB {"action": "dry-run", "folder": "001-0-dry-run"}
WAIT_GUI {"seconds_remaining": 60}
GUI_RESULT {"status": "dry-run-ready", "ok": true, "clicks": 0, "robot_started": false}
READ_ONLY_DB_COPY {"label": "001-db-before", "rows": 745}
GUI_JOB {"action": "run", "folder": "002-1-run"}
WAIT_GUI {"seconds_remaining": 1320}
GUI_RESULT {"robot_exit": 0, "case_code": "SZU4-B5FV-MR7H-JTX3", "ok": true, "robot_started": true, "status": "robot-completed", "clicks": 1}
READ_ONLY_DB_COPY {"label": "001-db-after-0", "rows": 746}
AUTHORITATIVE_RESULT {"id": 746, "team_no": "202623001141", "problem_no": 3, "practice_run_no": 82119280052450402, "case_code": "SZU4-B5FV-MR7H-JTX3", "entered": 1, "jammer_count": 13, "cleared_jammer_count": 13, "clear_failure_count": 1, "virtual_time_us": 3113383271, "end_reason": "user_exit", "created_at_ms": 1789269605919}
GUI_JOB {"action": "return", "folder": "003-1-return"}
WAIT_GUI {"seconds_remaining": 60}
GUI_RESULT {"status": "returned-to-practice", "ok": true, "clicks": 2, "robot_started": false}
SENSITIVITY_PROGRESS 567 742 robustness 3 baseline SZU4-B5FV-MR7H-JTX3 13 13
GUI_JOB {"action": "dry-run", "folder": "001-0-dry-run"}
WAIT_GUI {"seconds_remaining": 60}
GUI_RESULT {"status": "dry-run-ready", "ok": true, "clicks": 0, "robot_started": false}
READ_ONLY_DB_COPY {"label": "001-db-before", "rows": 746}
GUI_JOB {"action": "run", "folder": "002-1-run"}
WAIT_GUI {"seconds_remaining": 1320}
GUI_RESULT {"robot_exit": 0, "case_code": "SQBR-SEV6-YBMH-W4T5", "ok": true, "robot_started": true, "status": "robot-completed", "clicks": 1}
READ_ONLY_DB_COPY {"label": "001-db-after-0", "rows": 747}
AUTHORITATIVE_RESULT {"id": 747, "team_no": "202623001141", "problem_no": 4, "practice_run_no": 1776491212566836895, "case_code": "SQBR-SEV6-YBMH-W4T5", "entered": 1, "jammer_count": 10, "cleared_jammer_count": 10, "clear_failure_count": 0, "virtual_time_us": 5918202082, "end_reason": "user_exit", "created_at_ms": 1789269660134}
GUI_JOB {"action": "return", "folder": "003-1-return"}
WAIT_GUI {"seconds_remaining": 60}
GUI_RESULT {"status": "returned-to-practice", "ok": true, "clicks": 2, "robot_started": false}
SENSITIVITY_PROGRESS 568 742 robustness 4 perturbed SQBR-SEV6-YBMH-W4T5 10 10
GUI_JOB {"action": "dry-run", "folder": "001-0-dry-run"}
WAIT_GUI {"seconds_remaining": 60}
GUI_RESULT {"status": "dry-run-ready", "ok": true, "clicks": 0, "robot_started": false}
READ_ONLY_DB_COPY {"label": "001-db-before", "rows": 747}
GUI_JOB {"action": "run", "folder": "002-1-run"}
WAIT_GUI {"seconds_remaining": 1320}
GUI_RESULT {"robot_exit": 0, "case_code": "D3AJ-C4ME-W29T-M6AA", "ok": true, "robot_started": true, "status": "robot-completed", "clicks": 1}
READ_ONLY_DB_COPY {"label": "001-db-after-0", "rows": 748}
AUTHORITATIVE_RESULT {"id": 748, "team_no": "202623001141", "problem_no": 4, "practice_run_no": 3086842426777336311, "case_code": "D3AJ-C4ME-W29T-M6AA", "entered": 1, "jammer_count": 12, "cleared_jammer_count": 12, "clear_failure_count": 0, "virtual_time_us": 5661128848, "end_reason": "user_exit", "created_at_ms": 1789269718367}
GUI_JOB {"action": "return", "folder": "003-1-return"}
WAIT_GUI {"seconds_remaining": 60}
GUI_RESULT {"status": "returned-to-practice", "ok": true, "clicks": 2, "robot_started": false}
SENSITIVITY_PROGRESS 569 742 robustness 4 perturbed D3AJ-C4ME-W29T-M6AA 12 12
GUI_JOB {"action": "dry-run", "folder": "001-0-dry-run"}
WAIT_GUI {"seconds_remaining": 60}
GUI_RESULT {"status": "dry-run-ready", "ok": true, "clicks": 0, "robot_started": false}
READ_ONLY_DB_COPY {"label": "001-db-before", "rows": 748}
GUI_JOB {"action": "run", "folder": "002-1-run"}
WAIT_GUI {"seconds_remaining": 1320}
GUI_RESULT {"robot_exit": 0, "case_code": "4VWD-GR6S-WSWM-D92R", "ok": true, "robot_started": true, "status": "robot-completed", "clicks": 1}
READ_ONLY_DB_COPY {"label": "001-db-after-0", "rows": 749}
AUTHORITATIVE_RESULT {"id": 749, "team_no": "202623001141", "problem_no": 4, "practice_run_no": 462602733535739410, "case_code": "4VWD-GR6S-WSWM-D92R", "entered": 1, "jammer_count": 15, "cleared_jammer_count": 15, "clear_failure_count": 0, "virtual_time_us": 6135222106, "end_reason": "user_exit", "created_at_ms": 1789269775176}
GUI_JOB {"action": "return", "folder": "003-1-return"}
WAIT_GUI {"seconds_remaining": 60}
GUI_RESULT {"status": "returned-to-practice", "ok": true, "clicks": 2, "robot_started": false}
SENSITIVITY_PROGRESS 570 742 robustness 4 baseline 4VWD-GR6S-WSWM-D92R 15 15
GUI_JOB {"action": "dry-run", "folder": "001-0-dry-run"}
WAIT_GUI {"seconds_remaining": 60}
GUI_RESULT {"status": "dry-run-ready", "ok": true, "clicks": 0, "robot_started": false}
READ_ONLY_DB_COPY {"label": "001-db-before", "rows": 749}
GUI_JOB {"action": "run", "folder": "002-1-run"}
WAIT_GUI {"seconds_remaining": 1320}
GUI_RESULT {"robot_exit": 0, "case_code": "QYFV-G7JZ-Y9CV-85TJ", "ok": true, "robot_started": true, "status": "robot-completed", "clicks": 1}
READ_ONLY_DB_COPY {"label": "001-db-after-0", "rows": 750}
AUTHORITATIVE_RESULT {"id": 750, "team_no": "202623001141", "problem_no": 3, "practice_run_no": 9209083407878621905, "case_code": "QYFV-G7JZ-Y9CV-85TJ", "entered": 1, "jammer_count": 16, "cleared_jammer_count": 16, "clear_failure_count": 0, "virtual_time_us": 3512399522, "end_reason": "user_exit", "created_at_ms": 1789269831488}
GUI_JOB {"action": "return", "folder": "003-1-return"}
WAIT_GUI {"seconds_remaining": 60}
GUI_RESULT {"status": "returned-to-practice", "ok": true, "clicks": 2, "robot_started": false}
SENSITIVITY_PROGRESS 571 742 robustness 3 baseline QYFV-G7JZ-Y9CV-85TJ 16 16
GUI_JOB {"action": "dry-run", "folder": "001-0-dry-run"}
WAIT_GUI {"seconds_remaining": 60}
GUI_RESULT {"status": "dry-run-ready", "ok": true, "clicks": 0, "robot_started": false}
READ_ONLY_DB_COPY {"label": "001-db-before", "rows": 750}
GUI_JOB {"action": "run", "folder": "002-1-run"}
WAIT_GUI {"seconds_remaining": 1320}
GUI_RESULT {"robot_exit": 0, "case_code": "7TRY-P2RB-BMG9-C8XP", "ok": true, "robot_started": true, "status": "robot-completed", "clicks": 1}
READ_ONLY_DB_COPY {"label": "001-db-after-0", "rows": 751}
AUTHORITATIVE_RESULT {"id": 751, "team_no": "202623001141", "problem_no": 3, "practice_run_no": 4534622040694411073, "case_code": "7TRY-P2RB-BMG9-C8XP", "entered": 1, "jammer_count": 16, "cleared_jammer_count": 16, "clear_failure_count": 0, "virtual_time_us": 3325294179, "end_reason": "user_exit", "created_at_ms": 1789269883197}
GUI_JOB {"action": "return", "folder": "003-1-return"}
WAIT_GUI {"seconds_remaining": 60}
GUI_RESULT {"status": "returned-to-practice", "ok": true, "clicks": 2, "robot_started": false}
SENSITIVITY_PROGRESS 572 742 robustness 3 perturbed 7TRY-P2RB-BMG9-C8XP 16 16
GUI_JOB {"action": "dry-run", "folder": "001-0-dry-run"}
WAIT_GUI {"seconds_remaining": 60}
GUI_RESULT {"status": "dry-run-ready", "ok": true, "clicks": 0, "robot_started": false}
READ_ONLY_DB_COPY {"label": "001-db-before", "rows": 751}
GUI_JOB {"action": "run", "folder": "002-1-run"}
WAIT_GUI {"seconds_remaining": 1320}
GUI_RESULT {"robot_exit": 0, "case_code": "9PXU-B452-NPBY-2GKX", "ok": true, "robot_started": true, "status": "robot-completed", "clicks": 1}
READ_ONLY_DB_COPY {"label": "001-db-after-0", "rows": 752}
AUTHORITATIVE_RESULT {"id": 752, "team_no": "202623001141", "problem_no": 4, "practice_run_no": 82810846890045224, "case_code": "9PXU-B452-NPBY-2GKX", "entered": 1, "jammer_count": 15, "cleared_jammer_count": 15, "clear_failure_count": 0, "virtual_time_us": 5482574641, "end_reason": "user_exit", "created_at_ms": 1789269936248}
GUI_JOB {"action": "return", "folder": "003-1-return"}
WAIT_GUI {"seconds_remaining": 60}
GUI_RESULT {"status": "returned-to-practice", "ok": true, "clicks": 2, "robot_started": false}
SENSITIVITY_PROGRESS 573 742 robustness 4 perturbed 9PXU-B452-NPBY-2GKX 15 15
GUI_JOB {"action": "dry-run", "folder": "001-0-dry-run"}
WAIT_GUI {"seconds_remaining": 60}
GUI_RESULT {"status": "dry-run-ready", "ok": true, "clicks": 0, "robot_started": false}
READ_ONLY_DB_COPY {"label": "001-db-before", "rows": 752}
GUI_JOB {"action": "run", "folder": "002-1-run"}
WAIT_GUI {"seconds_remaining": 1320}
GUI_RESULT {"robot_exit": 0, "case_code": "JK7C-QFKC-VMFK-32TB", "ok": true, "robot_started": true, "status": "robot-completed", "clicks": 1}
READ_ONLY_DB_COPY {"label": "001-db-after-0", "rows": 753}
AUTHORITATIVE_RESULT {"id": 753, "team_no": "202623001141", "problem_no": 3, "practice_run_no": 1245164833370200709, "case_code": "JK7C-QFKC-VMFK-32TB", "entered": 1, "jammer_count": 14, "cleared_jammer_count": 14, "clear_failure_count": 1, "virtual_time_us": 3082097249, "end_reason": "user_exit", "created_at_ms": 1789269992631}
GUI_JOB {"action": "return", "folder": "003-1-return"}
WAIT_GUI {"seconds_remaining": 60}
GUI_RESULT {"status": "returned-to-practice", "ok": true, "clicks": 2, "robot_started": false}
SENSITIVITY_PROGRESS 574 742 robustness 3 perturbed JK7C-QFKC-VMFK-32TB 14 14
GUI_JOB {"action": "dry-run", "folder": "001-0-dry-run"}
WAIT_GUI {"seconds_remaining": 60}
GUI_RESULT {"status": "dry-run-ready", "ok": true, "clicks": 0, "robot_started": false}
READ_ONLY_DB_COPY {"label": "001-db-before", "rows": 753}
GUI_JOB {"action": "run", "folder": "002-1-run"}
WAIT_GUI {"seconds_remaining": 1320}
GUI_RESULT {"robot_exit": 0, "case_code": "HR92-XP44-M5FP-H5A2", "ok": true, "robot_started": true, "status": "robot-completed", "clicks": 1}
READ_ONLY_DB_COPY {"label": "001-db-after-0", "rows": 754}
AUTHORITATIVE_RESULT {"id": 754, "team_no": "202623001141", "problem_no": 4, "practice_run_no": 8713762629221256816, "case_code": "HR92-XP44-M5FP-H5A2", "entered": 1, "jammer_count": 13, "cleared_jammer_count": 13, "clear_failure_count": 0, "virtual_time_us": 5556924211, "end_reason": "user_exit", "created_at_ms": 1789270046242}
GUI_JOB {"action": "return", "folder": "003-1-return"}
WAIT_GUI {"seconds_remaining": 60}
GUI_RESULT {"status": "returned-to-practice", "ok": true, "clicks": 2, "robot_started": false}
SENSITIVITY_PROGRESS 575 742 robustness 4 perturbed HR92-XP44-M5FP-H5A2 13 13
GUI_JOB {"action": "dry-run", "folder": "001-0-dry-run"}
WAIT_GUI {"seconds_remaining": 60}
GUI_RESULT {"status": "dry-run-ready", "ok": true, "clicks": 0, "robot_started": false}
READ_ONLY_DB_COPY {"label": "001-db-before", "rows": 754}
GUI_JOB {"action": "run", "folder": "002-1-run"}
WAIT_GUI {"seconds_remaining": 1320}
GUI_RESULT {"robot_exit": 0, "case_code": "X97Y-3UNW-ATFK-JYYY", "ok": true, "robot_started": true, "status": "robot-completed", "clicks": 1}
READ_ONLY_DB_COPY {"label": "001-db-after-0", "rows": 755}
AUTHORITATIVE_RESULT {"id": 755, "team_no": "202623001141", "problem_no": 4, "practice_run_no": 8449870221879104205, "case_code": "X97Y-3UNW-ATFK-JYYY", "entered": 1, "jammer_count": 11, "cleared_jammer_count": 11, "clear_failure_count": 0, "virtual_time_us": 6142729126, "end_reason": "user_exit", "created_at_ms": 1789270102638}
GUI_JOB {"action": "return", "folder": "003-1-return"}
WAIT_GUI {"seconds_remaining": 60}
GUI_RESULT {"status": "returned-to-practice", "ok": true, "clicks": 2, "robot_started": false}
SENSITIVITY_PROGRESS 576 742 robustness 4 perturbed X97Y-3UNW-ATFK-JYYY 11 11
GUI_JOB {"action": "dry-run", "folder": "001-0-dry-run"}
WAIT_GUI {"seconds_remaining": 60}
GUI_RESULT {"status": "dry-run-ready", "ok": true, "clicks": 0, "robot_started": false}
READ_ONLY_DB_COPY {"label": "001-db-before", "rows": 755}
GUI_JOB {"action": "run", "folder": "002-1-run"}
WAIT_GUI {"seconds_remaining": 1320}
GUI_RESULT {"robot_exit": 0, "case_code": "Y3FH-PP5D-2PQV-9A2C", "ok": true, "robot_started": true, "status": "robot-completed", "clicks": 1}
READ_ONLY_DB_COPY {"label": "001-db-after-0", "rows": 756}
AUTHORITATIVE_RESULT {"id": 756, "team_no": "202623001141", "problem_no": 3, "practice_run_no": 3776716689536438914, "case_code": "Y3FH-PP5D-2PQV-9A2C", "entered": 1, "jammer_count": 10, "cleared_jammer_count": 10, "clear_failure_count": 0, "virtual_time_us": 3162110701, "end_reason": "user_exit", "created_at_ms": 1789270159429}
GUI_JOB {"action": "return", "folder": "003-1-return"}
WAIT_GUI {"seconds_remaining": 60}
GUI_RESULT {"status": "returned-to-practice", "ok": true, "clicks": 2, "robot_started": false}
SENSITIVITY_PROGRESS 577 742 robustness 3 perturbed Y3FH-PP5D-2PQV-9A2C 10 10
GUI_JOB {"action": "dry-run", "folder": "001-0-dry-run"}
WAIT_GUI {"seconds_remaining": 60}
GUI_RESULT {"status": "dry-run-ready", "ok": true, "clicks": 0, "robot_started": false}
READ_ONLY_DB_COPY {"label": "001-db-before", "rows": 756}
GUI_JOB {"action": "run", "folder": "002-1-run"}
WAIT_GUI {"seconds_remaining": 1320}
GUI_RESULT {"robot_exit": 0, "case_code": "EU5K-7QDZ-69P8-PB4V", "ok": true, "robot_started": true, "status": "robot-completed", "clicks": 1}
READ_ONLY_DB_COPY {"label": "001-db-after-0", "rows": 757}
AUTHORITATIVE_RESULT {"id": 757, "team_no": "202623001141", "problem_no": 4, "practice_run_no": 7473080297758273965, "case_code": "EU5K-7QDZ-69P8-PB4V", "entered": 1, "jammer_count": 12, "cleared_jammer_count": 12, "clear_failure_count": 0, "virtual_time_us": 6822093341, "end_reason": "user_exit", "created_at_ms": 1789270213163}
GUI_JOB {"action": "return", "folder": "003-1-return"}
WAIT_GUI {"seconds_remaining": 60}
GUI_RESULT {"status": "returned-to-practice", "ok": true, "clicks": 2, "robot_started": false}
SENSITIVITY_PROGRESS 578 742 robustness 4 baseline EU5K-7QDZ-69P8-PB4V 12 12
GUI_JOB {"action": "dry-run", "folder": "001-0-dry-run"}
WAIT_GUI {"seconds_remaining": 60}
GUI_RESULT {"status": "dry-run-ready", "ok": true, "clicks": 0, "robot_started": false}
READ_ONLY_DB_COPY {"label": "001-db-before", "rows": 757}
GUI_JOB {"action": "run", "folder": "002-1-run"}
WAIT_GUI {"seconds_remaining": 1320}
GUI_RESULT {"robot_exit": 0, "case_code": "CBPX-G97P-SNEW-RBJX", "ok": true, "robot_started": true, "status": "robot-completed", "clicks": 1}
READ_ONLY_DB_COPY {"label": "001-db-after-0", "rows": 758}
AUTHORITATIVE_RESULT {"id": 758, "team_no": "202623001141", "problem_no": 3, "practice_run_no": 7100749003618924737, "case_code": "CBPX-G97P-SNEW-RBJX", "entered": 1, "jammer_count": 14, "cleared_jammer_count": 14, "clear_failure_count": 1, "virtual_time_us": 3253326369, "end_reason": "user_exit", "created_at_ms": 1789270271571}
GUI_JOB {"action": "return", "folder": "003-1-return"}
WAIT_GUI {"seconds_remaining": 60}
GUI_RESULT {"status": "returned-to-practice", "ok": true, "clicks": 2, "robot_started": false}
SENSITIVITY_PROGRESS 579 742 robustness 3 perturbed CBPX-G97P-SNEW-RBJX 14 14
GUI_JOB {"action": "dry-run", "folder": "001-0-dry-run"}
WAIT_GUI {"seconds_remaining": 60}
GUI_RESULT {"status": "dry-run-ready", "ok": true, "clicks": 0, "robot_started": false}
READ_ONLY_DB_COPY {"label": "001-db-before", "rows": 758}
GUI_JOB {"action": "run", "folder": "002-1-run"}
WAIT_GUI {"seconds_remaining": 1320}
GUI_RESULT {"robot_exit": 0, "case_code": "6EE6-DHZZ-DUHX-MDEJ", "ok": true, "robot_started": true, "status": "robot-completed", "clicks": 1}
READ_ONLY_DB_COPY {"label": "001-db-after-0", "rows": 759}
AUTHORITATIVE_RESULT {"id": 759, "team_no": "202623001141", "problem_no": 3, "practice_run_no": 8867870797671998174, "case_code": "6EE6-DHZZ-DUHX-MDEJ", "entered": 1, "jammer_count": 16, "cleared_jammer_count": 16, "clear_failure_count": 0, "virtual_time_us": 3388260572, "end_reason": "user_exit", "created_at_ms": 1789270322862}
GUI_JOB {"action": "return", "folder": "003-1-return"}
WAIT_GUI {"seconds_remaining": 60}
GUI_RESULT {"status": "returned-to-practice", "ok": true, "clicks": 2, "robot_started": false}
SENSITIVITY_PROGRESS 580 742 robustness 3 baseline 6EE6-DHZZ-DUHX-MDEJ 16 16
GUI_JOB {"action": "dry-run", "folder": "001-0-dry-run"}
WAIT_GUI {"seconds_remaining": 60}
GUI_RESULT {"status": "dry-run-ready", "ok": true, "clicks": 0, "robot_started": false}
READ_ONLY_DB_COPY {"label": "001-db-before", "rows": 759}
GUI_JOB {"action": "run", "folder": "002-1-run"}
WAIT_GUI {"seconds_remaining": 1320}
GUI_RESULT {"robot_exit": 0, "case_code": "XYPV-9SWQ-SNNP-VXCV", "ok": true, "robot_started": true, "status": "robot-completed", "clicks": 1}
READ_ONLY_DB_COPY {"label": "001-db-after-0", "rows": 760}
AUTHORITATIVE_RESULT {"id": 760, "team_no": "202623001141", "problem_no": 3, "practice_run_no": 816208843544342329, "case_code": "XYPV-9SWQ-SNNP-VXCV", "entered": 1, "jammer_count": 12, "cleared_jammer_count": 12, "clear_failure_count": 1, "virtual_time_us": 2825192121, "end_reason": "user_exit", "created_at_ms": 1789270375362}
GUI_JOB {"action": "return", "folder": "003-1-return"}
WAIT_GUI {"seconds_remaining": 60}
GUI_RESULT {"status": "returned-to-practice", "ok": true, "clicks": 2, "robot_started": false}
SENSITIVITY_PROGRESS 581 742 robustness 3 perturbed XYPV-9SWQ-SNNP-VXCV 12 12
GUI_JOB {"action": "dry-run", "folder": "001-0-dry-run"}
WAIT_GUI {"seconds_remaining": 60}
GUI_RESULT {"status": "dry-run-ready", "ok": true, "clicks": 0, "robot_started": false}
READ_ONLY_DB_COPY {"label": "001-db-before", "rows": 760}
GUI_JOB {"action": "run", "folder": "002-1-run"}
WAIT_GUI {"seconds_remaining": 1320}
GUI_RESULT {"robot_exit": 0, "case_code": "W98N-J3PE-WTST-9P39", "ok": true, "robot_started": true, "status": "robot-completed", "clicks": 1}
READ_ONLY_DB_COPY {"label": "001-db-after-0", "rows": 761}
AUTHORITATIVE_RESULT {"id": 761, "team_no": "202623001141", "problem_no": 4, "practice_run_no": 7138192873765712560, "case_code": "W98N-J3PE-WTST-9P39", "entered": 1, "jammer_count": 13, "cleared_jammer_count": 13, "clear_failure_count": 0, "virtual_time_us": 6092651409, "end_reason": "user_exit", "created_at_ms": 1789270428100}
GUI_JOB {"action": "return", "folder": "003-1-return"}
WAIT_GUI {"seconds_remaining": 60}
GUI_RESULT {"status": "returned-to-practice", "ok": true, "clicks": 2, "robot_started": false}
SENSITIVITY_PROGRESS 582 742 robustness 4 perturbed W98N-J3PE-WTST-9P39 13 13
GUI_JOB {"action": "dry-run", "folder": "001-0-dry-run"}
WAIT_GUI {"seconds_remaining": 60}
GUI_RESULT {"status": "dry-run-ready", "ok": true, "clicks": 0, "robot_started": false}
READ_ONLY_DB_COPY {"label": "001-db-before", "rows": 761}
GUI_JOB {"action": "run", "folder": "002-1-run"}
WAIT_GUI {"seconds_remaining": 1320}
GUI_RESULT {"robot_exit": 0, "case_code": "SD4J-AN9B-AUVG-MJAA", "ok": true, "robot_started": true, "status": "robot-completed", "clicks": 1}
READ_ONLY_DB_COPY {"label": "001-db-after-0", "rows": 762}
AUTHORITATIVE_RESULT {"id": 762, "team_no": "202623001141", "problem_no": 3, "practice_run_no": 8555419868429024226, "case_code": "SD4J-AN9B-AUVG-MJAA", "entered": 1, "jammer_count": 11, "cleared_jammer_count": 11, "clear_failure_count": 0, "virtual_time_us": 3086978369, "end_reason": "user_exit", "created_at_ms": 1789270486436}
GUI_JOB {"action": "return", "folder": "003-1-return"}
WAIT_GUI {"seconds_remaining": 60}
GUI_RESULT {"status": "returned-to-practice", "ok": true, "clicks": 2, "robot_started": false}
SENSITIVITY_PROGRESS 583 742 robustness 3 perturbed SD4J-AN9B-AUVG-MJAA 11 11
GUI_JOB {"action": "dry-run", "folder": "001-0-dry-run"}
WAIT_GUI {"seconds_remaining": 60}
GUI_RESULT {"status": "dry-run-ready", "ok": true, "clicks": 0, "robot_started": false}
READ_ONLY_DB_COPY {"label": "001-db-before", "rows": 762}
GUI_JOB {"action": "run", "folder": "002-1-run"}
WAIT_GUI {"seconds_remaining": 1320}
GUI_RESULT {"robot_exit": 0, "case_code": "CX2G-B4HQ-Z9UG-U2E6", "ok": true, "robot_started": true, "status": "robot-completed", "clicks": 1}
READ_ONLY_DB_COPY {"label": "001-db-after-0", "rows": 763}
AUTHORITATIVE_RESULT {"id": 763, "team_no": "202623001141", "problem_no": 3, "practice_run_no": 1569913751595717474, "case_code": "CX2G-B4HQ-Z9UG-U2E6", "entered": 1, "jammer_count": 16, "cleared_jammer_count": 16, "clear_failure_count": 0, "virtual_time_us": 3153897956, "end_reason": "user_exit", "created_at_ms": 1789270539193}
GUI_JOB {"action": "return", "folder": "003-1-return"}
WAIT_GUI {"seconds_remaining": 60}
GUI_RESULT {"status": "returned-to-practice", "ok": true, "clicks": 2, "robot_started": false}
SENSITIVITY_PROGRESS 584 742 robustness 3 baseline CX2G-B4HQ-Z9UG-U2E6 16 16
GUI_JOB {"action": "dry-run", "folder": "001-0-dry-run"}
WAIT_GUI {"seconds_remaining": 60}
GUI_RESULT {"status": "dry-run-ready", "ok": true, "clicks": 0, "robot_started": false}
READ_ONLY_DB_COPY {"label": "001-db-before", "rows": 763}
GUI_JOB {"action": "run", "folder": "002-1-run"}
WAIT_GUI {"seconds_remaining": 1320}
GUI_RESULT {"robot_exit": 0, "case_code": "YMWZ-KMA9-CZPN-YB94", "ok": true, "robot_started": true, "status": "robot-completed", "clicks": 1}
READ_ONLY_DB_COPY {"label": "001-db-after-0", "rows": 764}
AUTHORITATIVE_RESULT {"id": 764, "team_no": "202623001141", "problem_no": 4, "practice_run_no": 3159661885046108625, "case_code": "YMWZ-KMA9-CZPN-YB94", "entered": 1, "jammer_count": 14, "cleared_jammer_count": 14, "clear_failure_count": 0, "virtual_time_us": 6002067095, "end_reason": "user_exit", "created_at_ms": 1789270591145}
GUI_JOB {"action": "return", "folder": "003-1-return"}
WAIT_GUI {"seconds_remaining": 60}
GUI_RESULT {"status": "returned-to-practice", "ok": true, "clicks": 2, "robot_started": false}
SENSITIVITY_PROGRESS 585 742 robustness 4 baseline YMWZ-KMA9-CZPN-YB94 14 14
GUI_JOB {"action": "dry-run", "folder": "001-0-dry-run"}
WAIT_GUI {"seconds_remaining": 60}
GUI_RESULT {"status": "dry-run-ready", "ok": true, "clicks": 0, "robot_started": false}
READ_ONLY_DB_COPY {"label": "001-db-before", "rows": 764}
GUI_JOB {"action": "run", "folder": "002-1-run"}
WAIT_GUI {"seconds_remaining": 1320}
GUI_RESULT {"robot_exit": 0, "case_code": "53PT-7DBB-7RQZ-BM5G", "ok": true, "robot_started": true, "status": "robot-completed", "clicks": 1}
READ_ONLY_DB_COPY {"label": "001-db-after-0", "rows": 765}
AUTHORITATIVE_RESULT {"id": 765, "team_no": "202623001141", "problem_no": 4, "practice_run_no": 2064578206204120553, "case_code": "53PT-7DBB-7RQZ-BM5G", "entered": 1, "jammer_count": 12, "cleared_jammer_count": 12, "clear_failure_count": 0, "virtual_time_us": 6317342312, "end_reason": "user_exit", "created_at_ms": 1789270649622}
GUI_JOB {"action": "return", "folder": "003-1-return"}
WAIT_GUI {"seconds_remaining": 60}
GUI_RESULT {"status": "returned-to-practice", "ok": true, "clicks": 2, "robot_started": false}
SENSITIVITY_PROGRESS 586 742 robustness 4 perturbed 53PT-7DBB-7RQZ-BM5G 12 12
GUI_JOB {"action": "dry-run", "folder": "001-0-dry-run"}
WAIT_GUI {"seconds_remaining": 60}
GUI_RESULT {"status": "dry-run-ready", "ok": true, "clicks": 0, "robot_started": false}
READ_ONLY_DB_COPY {"label": "001-db-before", "rows": 765}
GUI_JOB {"action": "run", "folder": "002-1-run"}
WAIT_GUI {"seconds_remaining": 1320}
GUI_RESULT {"robot_exit": 0, "case_code": "URRM-UM5E-XE7V-94JE", "ok": true, "robot_started": true, "status": "robot-completed", "clicks": 1}
READ_ONLY_DB_COPY {"label": "001-db-after-0", "rows": 766}
AUTHORITATIVE_RESULT {"id": 766, "team_no": "202623001141", "problem_no": 3, "practice_run_no": 7363986059911360175, "case_code": "URRM-UM5E-XE7V-94JE", "entered": 1, "jammer_count": 16, "cleared_jammer_count": 16, "clear_failure_count": 0, "virtual_time_us": 3626547749, "end_reason": "user_exit", "created_at_ms": 1789270708386}
GUI_JOB {"action": "return", "folder": "003-1-return"}
WAIT_GUI {"seconds_remaining": 60}
GUI_RESULT {"status": "returned-to-practice", "ok": true, "clicks": 2, "robot_started": false}
SENSITIVITY_PROGRESS 587 742 robustness 3 perturbed URRM-UM5E-XE7V-94JE 16 16
GUI_JOB {"action": "dry-run", "folder": "001-0-dry-run"}
WAIT_GUI {"seconds_remaining": 60}
GUI_RESULT {"status": "dry-run-ready", "ok": true, "clicks": 0, "robot_started": false}
READ_ONLY_DB_COPY {"label": "001-db-before", "rows": 766}
GUI_JOB {"action": "run", "folder": "002-1-run"}
WAIT_GUI {"seconds_remaining": 1320}
GUI_RESULT {"robot_exit": 0, "case_code": "3ECQ-84KV-6ZHY-NPNZ", "ok": true, "robot_started": true, "status": "robot-completed", "clicks": 1}
READ_ONLY_DB_COPY {"label": "001-db-after-0", "rows": 767}
AUTHORITATIVE_RESULT {"id": 767, "team_no": "202623001141", "problem_no": 3, "practice_run_no": 8191065829594139496, "case_code": "3ECQ-84KV-6ZHY-NPNZ", "entered": 1, "jammer_count": 10, "cleared_jammer_count": 10, "clear_failure_count": 1, "virtual_time_us": 3061778550, "end_reason": "user_exit", "created_at_ms": 1789270760033}
GUI_JOB {"action": "return", "folder": "003-1-return"}
WAIT_GUI {"seconds_remaining": 60}
GUI_RESULT {"status": "returned-to-practice", "ok": true, "clicks": 2, "robot_started": false}
SENSITIVITY_PROGRESS 588 742 robustness 3 perturbed 3ECQ-84KV-6ZHY-NPNZ 10 10
GUI_JOB {"action": "dry-run", "folder": "001-0-dry-run"}
WAIT_GUI {"seconds_remaining": 60}
GUI_RESULT {"status": "dry-run-ready", "ok": true, "clicks": 0, "robot_started": false}
READ_ONLY_DB_COPY {"label": "001-db-before", "rows": 767}
GUI_JOB {"action": "run", "folder": "002-1-run"}
WAIT_GUI {"seconds_remaining": 1320}
GUI_RESULT {"robot_exit": 0, "case_code": "USGJ-XDRS-PVU4-FTDR", "ok": true, "robot_started": true, "status": "robot-completed", "clicks": 1}
READ_ONLY_DB_COPY {"label": "001-db-after-0", "rows": 768}
AUTHORITATIVE_RESULT {"id": 768, "team_no": "202623001141", "problem_no": 4, "practice_run_no": 581196634879218593, "case_code": "USGJ-XDRS-PVU4-FTDR", "entered": 1, "jammer_count": 10, "cleared_jammer_count": 10, "clear_failure_count": 0, "virtual_time_us": 5906717889, "end_reason": "user_exit", "created_at_ms": 1789270813479}
GUI_JOB {"action": "return", "folder": "003-1-return"}
WAIT_GUI {"seconds_remaining": 60}
GUI_RESULT {"status": "returned-to-practice", "ok": true, "clicks": 2, "robot_started": false}
SENSITIVITY_PROGRESS 589 742 robustness 4 perturbed USGJ-XDRS-PVU4-FTDR 10 10
GUI_JOB {"action": "dry-run", "folder": "001-0-dry-run"}
WAIT_GUI {"seconds_remaining": 60}
GUI_RESULT {"status": "dry-run-ready", "ok": true, "clicks": 0, "robot_started": false}
READ_ONLY_DB_COPY {"label": "001-db-before", "rows": 768}
GUI_JOB {"action": "run", "folder": "002-1-run"}
WAIT_GUI {"seconds_remaining": 1320}
GUI_RESULT {"robot_exit": 0, "case_code": "KZ24-BAW7-KY5K-TANY", "ok": true, "robot_started": true, "status": "robot-completed", "clicks": 1}
READ_ONLY_DB_COPY {"label": "001-db-after-0", "rows": 769}
AUTHORITATIVE_RESULT {"id": 769, "team_no": "202623001141", "problem_no": 4, "practice_run_no": 3908586897180072132, "case_code": "KZ24-BAW7-KY5K-TANY", "entered": 1, "jammer_count": 15, "cleared_jammer_count": 15, "clear_failure_count": 0, "virtual_time_us": 5693504837, "end_reason": "user_exit", "created_at_ms": 1789270873123}
GUI_JOB {"action": "return", "folder": "003-1-return"}
WAIT_GUI {"seconds_remaining": 60}
GUI_RESULT {"status": "returned-to-practice", "ok": true, "clicks": 2, "robot_started": false}
SENSITIVITY_PROGRESS 590 742 robustness 4 baseline KZ24-BAW7-KY5K-TANY 15 15
GUI_JOB {"action": "dry-run", "folder": "001-0-dry-run"}
WAIT_GUI {"seconds_remaining": 60}
GUI_RESULT {"status": "dry-run-ready", "ok": true, "clicks": 0, "robot_started": false}
READ_ONLY_DB_COPY {"label": "001-db-before", "rows": 769}
GUI_JOB {"action": "run", "folder": "002-1-run"}
WAIT_GUI {"seconds_remaining": 1320}
GUI_RESULT {"robot_exit": 0, "case_code": "HDGK-Q32D-9GHU-MKF9", "ok": true, "robot_started": true, "status": "robot-completed", "clicks": 1}
READ_ONLY_DB_COPY {"label": "001-db-after-0", "rows": 770}
AUTHORITATIVE_RESULT {"id": 770, "team_no": "202623001141", "problem_no": 4, "practice_run_no": 4414474514627525875, "case_code": "HDGK-Q32D-9GHU-MKF9", "entered": 1, "jammer_count": 10, "cleared_jammer_count": 10, "clear_failure_count": 0, "virtual_time_us": 6599640537, "end_reason": "user_exit", "created_at_ms": 1789270929099}
GUI_JOB {"action": "return", "folder": "003-1-return"}
WAIT_GUI {"seconds_remaining": 60}
GUI_RESULT {"status": "returned-to-practice", "ok": true, "clicks": 2, "robot_started": false}
SENSITIVITY_PROGRESS 591 742 robustness 4 perturbed HDGK-Q32D-9GHU-MKF9 10 10
GUI_JOB {"action": "dry-run", "folder": "001-0-dry-run"}
WAIT_GUI {"seconds_remaining": 60}
GUI_RESULT {"status": "dry-run-ready", "ok": true, "clicks": 0, "robot_started": false}
READ_ONLY_DB_COPY {"label": "001-db-before", "rows": 770}
GUI_JOB {"action": "run", "folder": "002-1-run"}
WAIT_GUI {"seconds_remaining": 1320}
GUI_RESULT {"robot_exit": 0, "case_code": "H45H-BHCB-WZZA-5MKP", "ok": true, "robot_started": true, "status": "robot-completed", "clicks": 1}
READ_ONLY_DB_COPY {"label": "001-db-after-0", "rows": 771}
AUTHORITATIVE_RESULT {"id": 771, "team_no": "202623001141", "problem_no": 3, "practice_run_no": 5913927590927620431, "case_code": "H45H-BHCB-WZZA-5MKP", "entered": 1, "jammer_count": 11, "cleared_jammer_count": 11, "clear_failure_count": 0, "virtual_time_us": 2929108846, "end_reason": "user_exit", "created_at_ms": 1789270988621}
GUI_JOB {"action": "return", "folder": "003-1-return"}
WAIT_GUI {"seconds_remaining": 60}
GUI_RESULT {"status": "returned-to-practice", "ok": true, "clicks": 2, "robot_started": false}
SENSITIVITY_PROGRESS 592 742 robustness 3 baseline H45H-BHCB-WZZA-5MKP 11 11
GUI_JOB {"action": "dry-run", "folder": "001-0-dry-run"}
WAIT_GUI {"seconds_remaining": 60}
GUI_RESULT {"status": "dry-run-ready", "ok": true, "clicks": 0, "robot_started": false}
READ_ONLY_DB_COPY {"label": "001-db-before", "rows": 771}
GUI_JOB {"action": "run", "folder": "002-1-run"}
WAIT_GUI {"seconds_remaining": 1320}
GUI_RESULT {"robot_exit": 0, "case_code": "9DDC-WQY6-62R5-H3GY", "ok": true, "robot_started": true, "status": "robot-completed", "clicks": 1}
READ_ONLY_DB_COPY {"label": "001-db-after-0", "rows": 772}
AUTHORITATIVE_RESULT {"id": 772, "team_no": "202623001141", "problem_no": 4, "practice_run_no": 8718610863884891777, "case_code": "9DDC-WQY6-62R5-H3GY", "entered": 1, "jammer_count": 11, "cleared_jammer_count": 11, "clear_failure_count": 0, "virtual_time_us": 5589708211, "end_reason": "user_exit", "created_at_ms": 1789271041760}
GUI_JOB {"action": "return", "folder": "003-1-return"}
WAIT_GUI {"seconds_remaining": 60}
GUI_RESULT {"status": "returned-to-practice", "ok": true, "clicks": 2, "robot_started": false}
SENSITIVITY_PROGRESS 593 742 robustness 4 baseline 9DDC-WQY6-62R5-H3GY 11 11
GUI_JOB {"action": "dry-run", "folder": "001-0-dry-run"}
WAIT_GUI {"seconds_remaining": 60}
GUI_RESULT {"status": "dry-run-ready", "ok": true, "clicks": 0, "robot_started": false}
READ_ONLY_DB_COPY {"label": "001-db-before", "rows": 772}
GUI_JOB {"action": "run", "folder": "002-1-run"}
WAIT_GUI {"seconds_remaining": 1320}
GUI_RESULT {"robot_exit": 0, "case_code": "UKAR-63FG-P6YK-GQVU", "ok": true, "robot_started": true, "status": "robot-completed", "clicks": 1}
READ_ONLY_DB_COPY {"label": "001-db-after-0", "rows": 773}
AUTHORITATIVE_RESULT {"id": 773, "team_no": "202623001141", "problem_no": 3, "practice_run_no": 5315075663710220351, "case_code": "UKAR-63FG-P6YK-GQVU", "entered": 1, "jammer_count": 13, "cleared_jammer_count": 13, "clear_failure_count": 0, "virtual_time_us": 3254100263, "end_reason": "user_exit", "created_at_ms": 1789271102211}
GUI_JOB {"action": "return", "folder": "003-1-return"}
WAIT_GUI {"seconds_remaining": 60}
GUI_RESULT {"status": "returned-to-practice", "ok": true, "clicks": 2, "robot_started": false}
SENSITIVITY_PROGRESS 594 742 robustness 3 baseline UKAR-63FG-P6YK-GQVU 13 13
GUI_JOB {"action": "dry-run", "folder": "001-0-dry-run"}
WAIT_GUI {"seconds_remaining": 60}
GUI_RESULT {"status": "dry-run-ready", "ok": true, "clicks": 0, "robot_started": false}
READ_ONLY_DB_COPY {"label": "001-db-before", "rows": 773}
GUI_JOB {"action": "run", "folder": "002-1-run"}
WAIT_GUI {"seconds_remaining": 1320}
GUI_RESULT {"robot_exit": 0, "case_code": "KQVB-RQED-2RGZ-QW9U", "ok": true, "robot_started": true, "status": "robot-completed", "clicks": 1}
READ_ONLY_DB_COPY {"label": "001-db-after-0", "rows": 774}
AUTHORITATIVE_RESULT {"id": 774, "team_no": "202623001141", "problem_no": 4, "practice_run_no": 2937624815917567279, "case_code": "KQVB-RQED-2RGZ-QW9U", "entered": 1, "jammer_count": 13, "cleared_jammer_count": 13, "clear_failure_count": 0, "virtual_time_us": 5995943015, "end_reason": "user_exit", "created_at_ms": 1789271155420}
GUI_JOB {"action": "return", "folder": "003-1-return"}
WAIT_GUI {"seconds_remaining": 60}
GUI_RESULT {"status": "returned-to-practice", "ok": true, "clicks": 2, "robot_started": false}
SENSITIVITY_PROGRESS 595 742 robustness 4 perturbed KQVB-RQED-2RGZ-QW9U 13 13
GUI_JOB {"action": "dry-run", "folder": "001-0-dry-run"}
WAIT_GUI {"seconds_remaining": 60}
GUI_RESULT {"status": "dry-run-ready", "ok": true, "clicks": 0, "robot_started": false}
READ_ONLY_DB_COPY {"label": "001-db-before", "rows": 774}
GUI_JOB {"action": "run", "folder": "002-1-run"}
WAIT_GUI {"seconds_remaining": 1320}
GUI_RESULT {"robot_exit": 0, "case_code": "3CHG-NE27-D57S-HWTK", "ok": true, "robot_started": true, "status": "robot-completed", "clicks": 1}
READ_ONLY_DB_COPY {"label": "001-db-after-0", "rows": 775}
AUTHORITATIVE_RESULT {"id": 775, "team_no": "202623001141", "problem_no": 4, "practice_run_no": 5529410837717957688, "case_code": "3CHG-NE27-D57S-HWTK", "entered": 1, "jammer_count": 11, "cleared_jammer_count": 11, "clear_failure_count": 0, "virtual_time_us": 5960404627, "end_reason": "user_exit", "created_at_ms": 1789271214218}
GUI_JOB {"action": "return", "folder": "003-1-return"}
WAIT_GUI {"seconds_remaining": 60}
GUI_RESULT {"status": "returned-to-practice", "ok": true, "clicks": 2, "robot_started": false}
SENSITIVITY_PROGRESS 596 742 robustness 4 perturbed 3CHG-NE27-D57S-HWTK 11 11
GUI_JOB {"action": "dry-run", "folder": "001-0-dry-run"}
WAIT_GUI {"seconds_remaining": 60}
GUI_RESULT {"status": "dry-run-ready", "ok": true, "clicks": 0, "robot_started": false}
READ_ONLY_DB_COPY {"label": "001-db-before", "rows": 775}
GUI_JOB {"action": "run", "folder": "002-1-run"}
WAIT_GUI {"seconds_remaining": 1320}
GUI_RESULT {"robot_exit": 0, "case_code": "VX4D-KE9N-CPH7-TB7Z", "ok": true, "robot_started": true, "status": "robot-completed", "clicks": 1}
READ_ONLY_DB_COPY {"label": "001-db-after-0", "rows": 776}
AUTHORITATIVE_RESULT {"id": 776, "team_no": "202623001141", "problem_no": 3, "practice_run_no": 1236151886130270469, "case_code": "VX4D-KE9N-CPH7-TB7Z", "entered": 1, "jammer_count": 12, "cleared_jammer_count": 12, "clear_failure_count": 0, "virtual_time_us": 3033351695, "end_reason": "user_exit", "created_at_ms": 1789271272893}
GUI_JOB {"action": "return", "folder": "003-1-return"}
WAIT_GUI {"seconds_remaining": 60}
GUI_RESULT {"status": "returned-to-practice", "ok": true, "clicks": 2, "robot_started": false}
SENSITIVITY_PROGRESS 597 742 robustness 3 perturbed VX4D-KE9N-CPH7-TB7Z 12 12
GUI_JOB {"action": "dry-run", "folder": "001-0-dry-run"}
WAIT_GUI {"seconds_remaining": 60}
GUI_RESULT {"status": "dry-run-ready", "ok": true, "clicks": 0, "robot_started": false}
READ_ONLY_DB_COPY {"label": "001-db-before", "rows": 776}
GUI_JOB {"action": "run", "folder": "002-1-run"}
WAIT_GUI {"seconds_remaining": 1320}
GUI_RESULT {"robot_exit": 0, "case_code": "EYH4-6X95-KNMK-M73R", "ok": true, "robot_started": true, "status": "robot-completed", "clicks": 1}
READ_ONLY_DB_COPY {"label": "001-db-after-0", "rows": 777}
AUTHORITATIVE_RESULT {"id": 777, "team_no": "202623001141", "problem_no": 3, "practice_run_no": 8091503130933699069, "case_code": "EYH4-6X95-KNMK-M73R", "entered": 1, "jammer_count": 14, "cleared_jammer_count": 14, "clear_failure_count": 0, "virtual_time_us": 3319620811, "end_reason": "user_exit", "created_at_ms": 1789271324786}
GUI_JOB {"action": "return", "folder": "003-1-return"}
WAIT_GUI {"seconds_remaining": 60}
GUI_RESULT {"status": "returned-to-practice", "ok": true, "clicks": 2, "robot_started": false}
SENSITIVITY_PROGRESS 598 742 robustness 3 perturbed EYH4-6X95-KNMK-M73R 14 14
GUI_JOB {"action": "dry-run", "folder": "001-0-dry-run"}
WAIT_GUI {"seconds_remaining": 60}
GUI_RESULT {"status": "dry-run-ready", "ok": true, "clicks": 0, "robot_started": false}
READ_ONLY_DB_COPY {"label": "001-db-before", "rows": 777}
GUI_JOB {"action": "run", "folder": "002-1-run"}
WAIT_GUI {"seconds_remaining": 1320}
GUI_RESULT {"robot_exit": 0, "case_code": "5HTR-FVFD-N2UX-EZCT", "ok": true, "robot_started": true, "status": "robot-completed", "clicks": 1}
READ_ONLY_DB_COPY {"label": "001-db-after-0", "rows": 778}
AUTHORITATIVE_RESULT {"id": 778, "team_no": "202623001141", "problem_no": 4, "practice_run_no": 2614998953652457190, "case_code": "5HTR-FVFD-N2UX-EZCT", "entered": 1, "jammer_count": 12, "cleared_jammer_count": 12, "clear_failure_count": 0, "virtual_time_us": 6188301115, "end_reason": "user_exit", "created_at_ms": 1789271378926}
GUI_JOB {"action": "return", "folder": "003-1-return"}
WAIT_GUI {"seconds_remaining": 60}
GUI_RESULT {"status": "returned-to-practice", "ok": true, "clicks": 2, "robot_started": false}
SENSITIVITY_PROGRESS 599 742 robustness 4 perturbed 5HTR-FVFD-N2UX-EZCT 12 12
GUI_JOB {"action": "dry-run", "folder": "001-0-dry-run"}
WAIT_GUI {"seconds_remaining": 60}
GUI_RESULT {"status": "dry-run-ready", "ok": true, "clicks": 0, "robot_started": false}
READ_ONLY_DB_COPY {"label": "001-db-before", "rows": 778}
GUI_JOB {"action": "run", "folder": "002-1-run"}
WAIT_GUI {"seconds_remaining": 1320}
GUI_RESULT {"robot_exit": 0, "case_code": "8XT9-SAS3-G6P7-JHN2", "ok": true, "robot_started": true, "status": "robot-completed", "clicks": 1}
READ_ONLY_DB_COPY {"label": "001-db-after-0", "rows": 779}
AUTHORITATIVE_RESULT {"id": 779, "team_no": "202623001141", "problem_no": 3, "practice_run_no": 3965626904561698613, "case_code": "8XT9-SAS3-G6P7-JHN2", "entered": 1, "jammer_count": 16, "cleared_jammer_count": 16, "clear_failure_count": 0, "virtual_time_us": 3213927851, "end_reason": "user_exit", "created_at_ms": 1789271437005}
GUI_JOB {"action": "return", "folder": "003-1-return"}
WAIT_GUI {"seconds_remaining": 60}
GUI_RESULT {"status": "returned-to-practice", "ok": true, "clicks": 2, "robot_started": false}
SENSITIVITY_PROGRESS 600 742 robustness 3 perturbed 8XT9-SAS3-G6P7-JHN2 16 16
GUI_JOB {"action": "dry-run", "folder": "001-0-dry-run"}
WAIT_GUI {"seconds_remaining": 60}
GUI_RESULT {"status": "dry-run-ready", "ok": true, "clicks": 0, "robot_started": false}
READ_ONLY_DB_COPY {"label": "001-db-before", "rows": 779}
GUI_JOB {"action": "run", "folder": "002-1-run"}
WAIT_GUI {"seconds_remaining": 1320}
GUI_RESULT {"robot_exit": 0, "case_code": "88ER-SWW5-QQYT-P9M5", "ok": true, "robot_started": true, "status": "robot-completed", "clicks": 1}
READ_ONLY_DB_COPY {"label": "001-db-after-0", "rows": 780}
AUTHORITATIVE_RESULT {"id": 780, "team_no": "202623001141", "problem_no": 3, "practice_run_no": 3143105300528441346, "case_code": "88ER-SWW5-QQYT-P9M5", "entered": 1, "jammer_count": 16, "cleared_jammer_count": 16, "clear_failure_count": 0, "virtual_time_us": 3561801524, "end_reason": "user_exit", "created_at_ms": 1789271488318}
GUI_JOB {"action": "return", "folder": "003-1-return"}
WAIT_GUI {"seconds_remaining": 60}
GUI_RESULT {"status": "returned-to-practice", "ok": true, "clicks": 2, "robot_started": false}
SENSITIVITY_PROGRESS 601 742 robustness 3 baseline 88ER-SWW5-QQYT-P9M5 16 16
GUI_JOB {"action": "dry-run", "folder": "001-0-dry-run"}
WAIT_GUI {"seconds_remaining": 60}
GUI_RESULT {"status": "dry-run-ready", "ok": true, "clicks": 0, "robot_started": false}
READ_ONLY_DB_COPY {"label": "001-db-before", "rows": 780}
GUI_JOB {"action": "run", "folder": "002-1-run"}
WAIT_GUI {"seconds_remaining": 1320}
GUI_RESULT {"robot_exit": 0, "case_code": "BJAB-U4GP-EXET-XXZZ", "ok": true, "robot_started": true, "status": "robot-completed", "clicks": 1}
READ_ONLY_DB_COPY {"label": "001-db-after-0", "rows": 781}
AUTHORITATIVE_RESULT {"id": 781, "team_no": "202623001141", "problem_no": 4, "practice_run_no": 9015340619081187679, "case_code": "BJAB-U4GP-EXET-XXZZ", "entered": 1, "jammer_count": 12, "cleared_jammer_count": 12, "clear_failure_count": 0, "virtual_time_us": 5851855993, "end_reason": "user_exit", "created_at_ms": 1789271542570}
GUI_JOB {"action": "return", "folder": "003-1-return"}
WAIT_GUI {"seconds_remaining": 60}
GUI_RESULT {"status": "returned-to-practice", "ok": true, "clicks": 2, "robot_started": false}
SENSITIVITY_PROGRESS 602 742 robustness 4 baseline BJAB-U4GP-EXET-XXZZ 12 12
GUI_JOB {"action": "dry-run", "folder": "001-0-dry-run"}
WAIT_GUI {"seconds_remaining": 60}
GUI_RESULT {"status": "dry-run-ready", "ok": true, "clicks": 0, "robot_started": false}
READ_ONLY_DB_COPY {"label": "001-db-before", "rows": 781}
GUI_JOB {"action": "run", "folder": "002-1-run"}
WAIT_GUI {"seconds_remaining": 1320}
GUI_RESULT {"robot_exit": 0, "case_code": "QWTU-WSD5-TDT5-V4GU", "ok": true, "robot_started": true, "status": "robot-completed", "clicks": 1}
READ_ONLY_DB_COPY {"label": "001-db-after-0", "rows": 782}
AUTHORITATIVE_RESULT {"id": 782, "team_no": "202623001141", "problem_no": 3, "practice_run_no": 5544821634544395166, "case_code": "QWTU-WSD5-TDT5-V4GU", "entered": 1, "jammer_count": 14, "cleared_jammer_count": 14, "clear_failure_count": 0, "virtual_time_us": 3097627355, "end_reason": "user_exit", "created_at_ms": 1789271601407}
GUI_JOB {"action": "return", "folder": "003-1-return"}
WAIT_GUI {"seconds_remaining": 60}
GUI_RESULT {"status": "returned-to-practice", "ok": true, "clicks": 2, "robot_started": false}
SENSITIVITY_PROGRESS 603 742 robustness 3 perturbed QWTU-WSD5-TDT5-V4GU 14 14
GUI_JOB {"action": "dry-run", "folder": "001-0-dry-run"}
WAIT_GUI {"seconds_remaining": 60}
GUI_RESULT {"status": "dry-run-ready", "ok": true, "clicks": 0, "robot_started": false}
READ_ONLY_DB_COPY {"label": "001-db-before", "rows": 782}
GUI_JOB {"action": "run", "folder": "002-1-run"}
WAIT_GUI {"seconds_remaining": 1320}
GUI_RESULT {"robot_exit": 0, "case_code": "HV49-5AJA-T4EP-CX5W", "ok": true, "robot_started": true, "status": "robot-completed", "clicks": 1}
READ_ONLY_DB_COPY {"label": "001-db-after-0", "rows": 783}
AUTHORITATIVE_RESULT {"id": 783, "team_no": "202623001141", "problem_no": 4, "practice_run_no": 1376025297363541217, "case_code": "HV49-5AJA-T4EP-CX5W", "entered": 1, "jammer_count": 10, "cleared_jammer_count": 10, "clear_failure_count": 0, "virtual_time_us": 5566847011, "end_reason": "user_exit", "created_at_ms": 1789271654913}
GUI_JOB {"action": "return", "folder": "003-1-return"}
WAIT_GUI {"seconds_remaining": 60}
GUI_RESULT {"status": "returned-to-practice", "ok": true, "clicks": 2, "robot_started": false}
SENSITIVITY_PROGRESS 604 742 robustness 4 perturbed HV49-5AJA-T4EP-CX5W 10 10
GUI_JOB {"action": "dry-run", "folder": "001-0-dry-run"}
WAIT_GUI {"seconds_remaining": 60}
GUI_RESULT {"status": "dry-run-ready", "ok": true, "clicks": 0, "robot_started": false}
READ_ONLY_DB_COPY {"label": "001-db-before", "rows": 783}
GUI_JOB {"action": "run", "folder": "002-1-run"}
WAIT_GUI {"seconds_remaining": 1320}
GUI_RESULT {"robot_exit": 0, "case_code": "TX8U-AAK7-A89G-9JSU", "ok": true, "robot_started": true, "status": "robot-completed", "clicks": 1}
READ_ONLY_DB_COPY {"label": "001-db-after-0", "rows": 784}
AUTHORITATIVE_RESULT {"id": 784, "team_no": "202623001141", "problem_no": 4, "practice_run_no": 3581268022999985868, "case_code": "TX8U-AAK7-A89G-9JSU", "entered": 1, "jammer_count": 15, "cleared_jammer_count": 15, "clear_failure_count": 0, "virtual_time_us": 5989856386, "end_reason": "user_exit", "created_at_ms": 1789271712571}
GUI_JOB {"action": "return", "folder": "003-1-return"}
WAIT_GUI {"seconds_remaining": 60}
GUI_RESULT {"status": "returned-to-practice", "ok": true, "clicks": 2, "robot_started": false}
SENSITIVITY_PROGRESS 605 742 robustness 4 baseline TX8U-AAK7-A89G-9JSU 15 15
GUI_JOB {"action": "dry-run", "folder": "001-0-dry-run"}
WAIT_GUI {"seconds_remaining": 60}
GUI_RESULT {"status": "dry-run-ready", "ok": true, "clicks": 0, "robot_started": false}
READ_ONLY_DB_COPY {"label": "001-db-before", "rows": 784}
GUI_JOB {"action": "run", "folder": "002-1-run"}
WAIT_GUI {"seconds_remaining": 1320}
GUI_RESULT {"robot_exit": 0, "case_code": "U2N9-4AVG-33HP-D5HU", "ok": true, "robot_started": true, "status": "robot-completed", "clicks": 1}
READ_ONLY_DB_COPY {"label": "001-db-after-0", "rows": 785}
AUTHORITATIVE_RESULT {"id": 785, "team_no": "202623001141", "problem_no": 3, "practice_run_no": 6946361166722670129, "case_code": "U2N9-4AVG-33HP-D5HU", "entered": 1, "jammer_count": 16, "cleared_jammer_count": 16, "clear_failure_count": 0, "virtual_time_us": 3427868764, "end_reason": "user_exit", "created_at_ms": 1789271771175}
GUI_JOB {"action": "return", "folder": "003-1-return"}
WAIT_GUI {"seconds_remaining": 60}
GUI_RESULT {"status": "returned-to-practice", "ok": true, "clicks": 2, "robot_started": false}
SENSITIVITY_PROGRESS 606 742 robustness 3 baseline U2N9-4AVG-33HP-D5HU 16 16
GUI_JOB {"action": "dry-run", "folder": "001-0-dry-run"}
WAIT_GUI {"seconds_remaining": 60}
GUI_RESULT {"status": "dry-run-ready", "ok": true, "clicks": 0, "robot_started": false}
READ_ONLY_DB_COPY {"label": "001-db-before", "rows": 785}
GUI_JOB {"action": "run", "folder": "002-1-run"}
WAIT_GUI {"seconds_remaining": 1320}
GUI_RESULT {"robot_exit": 0, "case_code": "RDHQ-6BGV-6XG6-7W8S", "ok": true, "robot_started": true, "status": "robot-completed", "clicks": 1}
READ_ONLY_DB_COPY {"label": "001-db-after-0", "rows": 786}
AUTHORITATIVE_RESULT {"id": 786, "team_no": "202623001141", "problem_no": 3, "practice_run_no": 7749680205785978841, "case_code": "RDHQ-6BGV-6XG6-7W8S", "entered": 1, "jammer_count": 10, "cleared_jammer_count": 10, "clear_failure_count": 1, "virtual_time_us": 3350884942, "end_reason": "user_exit", "created_at_ms": 1789271824762}
GUI_JOB {"action": "return", "folder": "003-1-return"}
WAIT_GUI {"seconds_remaining": 60}
GUI_RESULT {"status": "returned-to-practice", "ok": true, "clicks": 2, "robot_started": false}
SENSITIVITY_PROGRESS 607 742 robustness 3 perturbed RDHQ-6BGV-6XG6-7W8S 10 10
GUI_JOB {"action": "dry-run", "folder": "001-0-dry-run"}
WAIT_GUI {"seconds_remaining": 60}
GUI_RESULT {"status": "dry-run-ready", "ok": true, "clicks": 0, "robot_started": false}
READ_ONLY_DB_COPY {"label": "001-db-before", "rows": 786}
GUI_JOB {"action": "run", "folder": "002-1-run"}
WAIT_GUI {"seconds_remaining": 1320}
GUI_RESULT {"robot_exit": 0, "case_code": "CR8A-T293-UDKJ-DHDU", "ok": true, "robot_started": true, "status": "robot-completed", "clicks": 1}
READ_ONLY_DB_COPY {"label": "001-db-after-0", "rows": 787}
AUTHORITATIVE_RESULT {"id": 787, "team_no": "202623001141", "problem_no": 4, "practice_run_no": 4236210800311741768, "case_code": "CR8A-T293-UDKJ-DHDU", "entered": 1, "jammer_count": 13, "cleared_jammer_count": 13, "clear_failure_count": 2, "virtual_time_us": 6395874002, "end_reason": "user_exit", "created_at_ms": 1789271879221}
GUI_JOB {"action": "return", "folder": "003-1-return"}
WAIT_GUI {"seconds_remaining": 60}
GUI_RESULT {"status": "returned-to-practice", "ok": true, "clicks": 2, "robot_started": false}
SENSITIVITY_PROGRESS 608 742 robustness 4 perturbed CR8A-T293-UDKJ-DHDU 13 13
GUI_JOB {"action": "dry-run", "folder": "001-0-dry-run"}
WAIT_GUI {"seconds_remaining": 60}
GUI_RESULT {"status": "dry-run-ready", "ok": true, "clicks": 0, "robot_started": false}
READ_ONLY_DB_COPY {"label": "001-db-before", "rows": 787}
GUI_JOB {"action": "run", "folder": "002-1-run"}
WAIT_GUI {"seconds_remaining": 1320}
GUI_RESULT {"robot_exit": 0, "case_code": "DWWE-E2VH-VMGE-GHQR", "ok": true, "robot_started": true, "status": "robot-completed", "clicks": 1}
READ_ONLY_DB_COPY {"label": "001-db-after-0", "rows": 788}
AUTHORITATIVE_RESULT {"id": 788, "team_no": "202623001141", "problem_no": 4, "practice_run_no": 8941875717952907734, "case_code": "DWWE-E2VH-VMGE-GHQR", "entered": 1, "jammer_count": 10, "cleared_jammer_count": 10, "clear_failure_count": 0, "virtual_time_us": 6606004120, "end_reason": "user_exit", "created_at_ms": 1789271939853}
GUI_JOB {"action": "return", "folder": "003-1-return"}
WAIT_GUI {"seconds_remaining": 60}
GUI_RESULT {"status": "returned-to-practice", "ok": true, "clicks": 2, "robot_started": false}
SENSITIVITY_PROGRESS 609 742 robustness 4 perturbed DWWE-E2VH-VMGE-GHQR 10 10
GUI_JOB {"action": "dry-run", "folder": "001-0-dry-run"}
WAIT_GUI {"seconds_remaining": 60}
GUI_RESULT {"status": "dry-run-ready", "ok": true, "clicks": 0, "robot_started": false}
READ_ONLY_DB_COPY {"label": "001-db-before", "rows": 788}
GUI_JOB {"action": "run", "folder": "002-1-run"}
WAIT_GUI {"seconds_remaining": 1320}
GUI_RESULT {"robot_exit": 0, "case_code": "ARZ6-GBAU-6HN3-X3YR", "ok": true, "robot_started": true, "status": "robot-completed", "clicks": 1}
READ_ONLY_DB_COPY {"label": "001-db-after-0", "rows": 789}
AUTHORITATIVE_RESULT {"id": 789, "team_no": "202623001141", "problem_no": 3, "practice_run_no": 4398396430517620049, "case_code": "ARZ6-GBAU-6HN3-X3YR", "entered": 1, "jammer_count": 15, "cleared_jammer_count": 15, "clear_failure_count": 2, "virtual_time_us": 3226626502, "end_reason": "user_exit", "created_at_ms": 1789272000809}
GUI_JOB {"action": "return", "folder": "003-1-return"}
WAIT_GUI {"seconds_remaining": 60}
GUI_RESULT {"status": "returned-to-practice", "ok": true, "clicks": 2, "robot_started": false}
SENSITIVITY_PROGRESS 610 742 robustness 3 perturbed ARZ6-GBAU-6HN3-X3YR 15 15
GUI_JOB {"action": "dry-run", "folder": "001-0-dry-run"}
WAIT_GUI {"seconds_remaining": 60}
GUI_RESULT {"status": "dry-run-ready", "ok": true, "clicks": 0, "robot_started": false}
READ_ONLY_DB_COPY {"label": "001-db-before", "rows": 789}
GUI_JOB {"action": "run", "folder": "002-1-run"}
WAIT_GUI {"seconds_remaining": 1320}
GUI_RESULT {"robot_exit": 0, "case_code": "7BJD-EKF5-TFHZ-MBQJ", "ok": true, "robot_started": true, "status": "robot-completed", "clicks": 1}
READ_ONLY_DB_COPY {"label": "001-db-after-0", "rows": 790}
AUTHORITATIVE_RESULT {"id": 790, "team_no": "202623001141", "problem_no": 3, "practice_run_no": 221127072861712033, "case_code": "7BJD-EKF5-TFHZ-MBQJ", "entered": 1, "jammer_count": 15, "cleared_jammer_count": 15, "clear_failure_count": 1, "virtual_time_us": 3519126089, "end_reason": "user_exit", "created_at_ms": 1789272055301}
GUI_JOB {"action": "return", "folder": "003-1-return"}
WAIT_GUI {"seconds_remaining": 60}
GUI_RESULT {"status": "returned-to-practice", "ok": true, "clicks": 2, "robot_started": false}
SENSITIVITY_PROGRESS 611 742 robustness 3 perturbed 7BJD-EKF5-TFHZ-MBQJ 15 15
GUI_JOB {"action": "dry-run", "folder": "001-0-dry-run"}
WAIT_GUI {"seconds_remaining": 60}
GUI_RESULT {"status": "dry-run-ready", "ok": true, "clicks": 0, "robot_started": false}
READ_ONLY_DB_COPY {"label": "001-db-before", "rows": 790}
GUI_JOB {"action": "run", "folder": "002-1-run"}
WAIT_GUI {"seconds_remaining": 1320}
GUI_RESULT {"robot_exit": 0, "case_code": "C45K-TP8G-8MTK-QBVS", "ok": true, "robot_started": true, "status": "robot-completed", "clicks": 1}
READ_ONLY_DB_COPY {"label": "001-db-after-0", "rows": 791}
AUTHORITATIVE_RESULT {"id": 791, "team_no": "202623001141", "problem_no": 4, "practice_run_no": 2241308047546634938, "case_code": "C45K-TP8G-8MTK-QBVS", "entered": 1, "jammer_count": 15, "cleared_jammer_count": 15, "clear_failure_count": 0, "virtual_time_us": 6419999349, "end_reason": "user_exit", "created_at_ms": 1789272109451}
GUI_JOB {"action": "return", "folder": "003-1-return"}
WAIT_GUI {"seconds_remaining": 60}
GUI_RESULT {"status": "returned-to-practice", "ok": true, "clicks": 2, "robot_started": false}
SENSITIVITY_PROGRESS 612 742 robustness 4 baseline C45K-TP8G-8MTK-QBVS 15 15
GUI_JOB {"action": "dry-run", "folder": "001-0-dry-run"}
WAIT_GUI {"seconds_remaining": 60}
GUI_RESULT {"status": "dry-run-ready", "ok": true, "clicks": 0, "robot_started": false}
READ_ONLY_DB_COPY {"label": "001-db-before", "rows": 791}
GUI_JOB {"action": "run", "folder": "002-1-run"}
WAIT_GUI {"seconds_remaining": 1320}
GUI_RESULT {"robot_exit": 0, "case_code": "E4WV-P8K5-P768-5498", "ok": true, "robot_started": true, "status": "robot-completed", "clicks": 1}
READ_ONLY_DB_COPY {"label": "001-db-after-0", "rows": 792}
AUTHORITATIVE_RESULT {"id": 792, "team_no": "202623001141", "problem_no": 3, "practice_run_no": 3480798969455936389, "case_code": "E4WV-P8K5-P768-5498", "entered": 1, "jammer_count": 14, "cleared_jammer_count": 14, "clear_failure_count": 0, "virtual_time_us": 2864992281, "end_reason": "user_exit", "created_at_ms": 1789272169901}
GUI_JOB {"action": "return", "folder": "003-1-return"}
WAIT_GUI {"seconds_remaining": 60}
GUI_RESULT {"status": "returned-to-practice", "ok": true, "clicks": 2, "robot_started": false}
SENSITIVITY_PROGRESS 613 742 robustness 3 perturbed E4WV-P8K5-P768-5498 14 14
GUI_JOB {"action": "dry-run", "folder": "001-0-dry-run"}
WAIT_GUI {"seconds_remaining": 60}
GUI_RESULT {"status": "dry-run-ready", "ok": true, "clicks": 0, "robot_started": false}
READ_ONLY_DB_COPY {"label": "001-db-before", "rows": 792}
GUI_JOB {"action": "run", "folder": "002-1-run"}
WAIT_GUI {"seconds_remaining": 1320}
GUI_RESULT {"robot_exit": 0, "case_code": "DEE6-RHUC-HUM2-PMN2", "ok": true, "robot_started": true, "status": "robot-completed", "clicks": 1}
READ_ONLY_DB_COPY {"label": "001-db-after-0", "rows": 793}
AUTHORITATIVE_RESULT {"id": 793, "team_no": "202623001141", "problem_no": 4, "practice_run_no": 1379626383477779820, "case_code": "DEE6-RHUC-HUM2-PMN2", "entered": 1, "jammer_count": 14, "cleared_jammer_count": 14, "clear_failure_count": 0, "virtual_time_us": 5688581015, "end_reason": "user_exit", "created_at_ms": 1789272224220}
GUI_JOB {"action": "return", "folder": "003-1-return"}
WAIT_GUI {"seconds_remaining": 60}
GUI_RESULT {"status": "returned-to-practice", "ok": true, "clicks": 2, "robot_started": false}
SENSITIVITY_PROGRESS 614 742 robustness 4 perturbed DEE6-RHUC-HUM2-PMN2 14 14
GUI_JOB {"action": "dry-run", "folder": "001-0-dry-run"}
WAIT_GUI {"seconds_remaining": 60}
GUI_RESULT {"status": "dry-run-ready", "ok": true, "clicks": 0, "robot_started": false}
READ_ONLY_DB_COPY {"label": "001-db-before", "rows": 793}
GUI_JOB {"action": "run", "folder": "002-1-run"}
WAIT_GUI {"seconds_remaining": 1320}
GUI_RESULT {"robot_exit": 0, "case_code": "FKH2-YUA6-MGR3-XDN7", "ok": true, "robot_started": true, "status": "robot-completed", "clicks": 1}
READ_ONLY_DB_COPY {"label": "001-db-after-0", "rows": 794}
AUTHORITATIVE_RESULT {"id": 794, "team_no": "202623001141", "problem_no": 3, "practice_run_no": 8930630533702588306, "case_code": "FKH2-YUA6-MGR3-XDN7", "entered": 1, "jammer_count": 14, "cleared_jammer_count": 14, "clear_failure_count": 0, "virtual_time_us": 3060652946, "end_reason": "user_exit", "created_at_ms": 1789272282053}
GUI_JOB {"action": "return", "folder": "003-1-return"}
WAIT_GUI {"seconds_remaining": 60}
GUI_RESULT {"status": "returned-to-practice", "ok": true, "clicks": 2, "robot_started": false}
SENSITIVITY_PROGRESS 615 742 robustness 3 baseline FKH2-YUA6-MGR3-XDN7 14 14
GUI_JOB {"action": "dry-run", "folder": "001-0-dry-run"}
WAIT_GUI {"seconds_remaining": 60}
GUI_RESULT {"status": "dry-run-ready", "ok": true, "clicks": 0, "robot_started": false}
READ_ONLY_DB_COPY {"label": "001-db-before", "rows": 794}
GUI_JOB {"action": "run", "folder": "002-1-run"}
WAIT_GUI {"seconds_remaining": 1320}
GUI_RESULT {"robot_exit": 0, "case_code": "AATH-BAXC-R2M2-6D2D", "ok": true, "robot_started": true, "status": "robot-completed", "clicks": 1}
READ_ONLY_DB_COPY {"label": "001-db-after-0", "rows": 795}
AUTHORITATIVE_RESULT {"id": 795, "team_no": "202623001141", "problem_no": 4, "practice_run_no": 1104758794621408053, "case_code": "AATH-BAXC-R2M2-6D2D", "entered": 1, "jammer_count": 12, "cleared_jammer_count": 12, "clear_failure_count": 0, "virtual_time_us": 6366381568, "end_reason": "user_exit", "created_at_ms": 1789272336626}
GUI_JOB {"action": "return", "folder": "003-1-return"}
WAIT_GUI {"seconds_remaining": 60}
GUI_RESULT {"status": "returned-to-practice", "ok": true, "clicks": 2, "robot_started": false}
SENSITIVITY_PROGRESS 616 742 robustness 4 perturbed AATH-BAXC-R2M2-6D2D 12 12
GUI_JOB {"action": "dry-run", "folder": "001-0-dry-run"}
WAIT_GUI {"seconds_remaining": 60}
GUI_RESULT {"status": "dry-run-ready", "ok": true, "clicks": 0, "robot_started": false}
READ_ONLY_DB_COPY {"label": "001-db-before", "rows": 795}
GUI_JOB {"action": "run", "folder": "002-1-run"}
WAIT_GUI {"seconds_remaining": 1320}
GUI_RESULT {"robot_exit": 0, "case_code": "8P2B-QDJF-PASN-JK6D", "ok": true, "robot_started": true, "status": "robot-completed", "clicks": 1}
READ_ONLY_DB_COPY {"label": "001-db-after-0", "rows": 796}
AUTHORITATIVE_RESULT {"id": 796, "team_no": "202623001141", "problem_no": 4, "practice_run_no": 1733256415714379861, "case_code": "8P2B-QDJF-PASN-JK6D", "entered": 1, "jammer_count": 10, "cleared_jammer_count": 10, "clear_failure_count": 0, "virtual_time_us": 5695611948, "end_reason": "user_exit", "created_at_ms": 1789272399580}
GUI_JOB {"action": "return", "folder": "003-1-return"}
WAIT_GUI {"seconds_remaining": 60}
GUI_RESULT {"status": "returned-to-practice", "ok": true, "clicks": 2, "robot_started": false}
SENSITIVITY_PROGRESS 617 742 robustness 4 perturbed 8P2B-QDJF-PASN-JK6D 10 10
GUI_JOB {"action": "dry-run", "folder": "001-0-dry-run"}
WAIT_GUI {"seconds_remaining": 60}
GUI_RESULT {"status": "dry-run-ready", "ok": true, "clicks": 0, "robot_started": false}
READ_ONLY_DB_COPY {"label": "001-db-before", "rows": 796}
GUI_JOB {"action": "run", "folder": "002-1-run"}
WAIT_GUI {"seconds_remaining": 1320}
GUI_RESULT {"robot_exit": 0, "case_code": "YYSF-XHHK-VT5P-VWMU", "ok": true, "robot_started": true, "status": "robot-completed", "clicks": 1}
READ_ONLY_DB_COPY {"label": "001-db-after-0", "rows": 797}
AUTHORITATIVE_RESULT {"id": 797, "team_no": "202623001141", "problem_no": 3, "practice_run_no": 6297370541339602708, "case_code": "YYSF-XHHK-VT5P-VWMU", "entered": 1, "jammer_count": 15, "cleared_jammer_count": 15, "clear_failure_count": 0, "virtual_time_us": 3756579343, "end_reason": "user_exit", "created_at_ms": 1789272457372}
GUI_JOB {"action": "return", "folder": "003-1-return"}
WAIT_GUI {"seconds_remaining": 60}
GUI_RESULT {"status": "returned-to-practice", "ok": true, "clicks": 2, "robot_started": false}
SENSITIVITY_PROGRESS 618 742 robustness 3 perturbed YYSF-XHHK-VT5P-VWMU 15 15
GUI_JOB {"action": "dry-run", "folder": "001-0-dry-run"}
WAIT_GUI {"seconds_remaining": 60}
GUI_RESULT {"status": "dry-run-ready", "ok": true, "clicks": 0, "robot_started": false}
READ_ONLY_DB_COPY {"label": "001-db-before", "rows": 797}
GUI_JOB {"action": "run", "folder": "002-1-run"}
WAIT_GUI {"seconds_remaining": 1320}
GUI_RESULT {"robot_exit": 0, "case_code": "CQYH-5TEA-HHD6-PHPU", "ok": true, "robot_started": true, "status": "robot-completed", "clicks": 1}
READ_ONLY_DB_COPY {"label": "001-db-after-0", "rows": 798}
AUTHORITATIVE_RESULT {"id": 798, "team_no": "202623001141", "problem_no": 3, "practice_run_no": 5769769359645063235, "case_code": "CQYH-5TEA-HHD6-PHPU", "entered": 1, "jammer_count": 14, "cleared_jammer_count": 14, "clear_failure_count": 1, "virtual_time_us": 3171392179, "end_reason": "user_exit", "created_at_ms": 1789272511242}
GUI_JOB {"action": "return", "folder": "003-1-return"}
WAIT_GUI {"seconds_remaining": 60}
GUI_RESULT {"status": "returned-to-practice", "ok": true, "clicks": 2, "robot_started": false}
SENSITIVITY_PROGRESS 619 742 robustness 3 baseline CQYH-5TEA-HHD6-PHPU 14 14
GUI_JOB {"action": "dry-run", "folder": "001-0-dry-run"}
WAIT_GUI {"seconds_remaining": 60}
GUI_RESULT {"status": "dry-run-ready", "ok": true, "clicks": 0, "robot_started": false}
READ_ONLY_DB_COPY {"label": "001-db-before", "rows": 798}
GUI_JOB {"action": "run", "folder": "002-1-run"}
WAIT_GUI {"seconds_remaining": 1320}
GUI_RESULT {"robot_exit": 0, "case_code": "2QRP-UCB2-QP7Y-AMY6", "ok": true, "robot_started": true, "status": "robot-completed", "clicks": 1}
READ_ONLY_DB_COPY {"label": "001-db-after-0", "rows": 799}
AUTHORITATIVE_RESULT {"id": 799, "team_no": "202623001141", "problem_no": 4, "practice_run_no": 256969427012296417, "case_code": "2QRP-UCB2-QP7Y-AMY6", "entered": 1, "jammer_count": 12, "cleared_jammer_count": 12, "clear_failure_count": 0, "virtual_time_us": 6473201822, "end_reason": "user_exit", "created_at_ms": 1789272565405}
GUI_JOB {"action": "return", "folder": "003-1-return"}
WAIT_GUI {"seconds_remaining": 60}
GUI_RESULT {"status": "returned-to-practice", "ok": true, "clicks": 2, "robot_started": false}
SENSITIVITY_PROGRESS 620 742 robustness 4 perturbed 2QRP-UCB2-QP7Y-AMY6 12 12
GUI_JOB {"action": "dry-run", "folder": "001-0-dry-run"}
WAIT_GUI {"seconds_remaining": 60}
GUI_RESULT {"status": "dry-run-ready", "ok": true, "clicks": 0, "robot_started": false}
READ_ONLY_DB_COPY {"label": "001-db-before", "rows": 799}
GUI_JOB {"action": "run", "folder": "002-1-run"}
WAIT_GUI {"seconds_remaining": 1320}
GUI_RESULT {"robot_exit": 0, "case_code": "QCF9-X3EE-G4M3-YH5W", "ok": true, "robot_started": true, "status": "robot-completed", "clicks": 1}
READ_ONLY_DB_COPY {"label": "001-db-after-0", "rows": 800}
AUTHORITATIVE_RESULT {"id": 800, "team_no": "202623001141", "problem_no": 3, "practice_run_no": 358704147590808050, "case_code": "QCF9-X3EE-G4M3-YH5W", "entered": 1, "jammer_count": 12, "cleared_jammer_count": 12, "clear_failure_count": 0, "virtual_time_us": 3090910000, "end_reason": "user_exit", "created_at_ms": 1789272624984}
GUI_JOB {"action": "return", "folder": "003-1-return"}
WAIT_GUI {"seconds_remaining": 60}
GUI_RESULT {"status": "returned-to-practice", "ok": true, "clicks": 2, "robot_started": false}
SENSITIVITY_PROGRESS 621 742 robustness 3 perturbed QCF9-X3EE-G4M3-YH5W 12 12
GUI_JOB {"action": "dry-run", "folder": "001-0-dry-run"}
WAIT_GUI {"seconds_remaining": 60}
GUI_RESULT {"status": "dry-run-ready", "ok": true, "clicks": 0, "robot_started": false}
READ_ONLY_DB_COPY {"label": "001-db-before", "rows": 800}
GUI_JOB {"action": "run", "folder": "002-1-run"}
WAIT_GUI {"seconds_remaining": 1320}
GUI_RESULT {"robot_exit": 0, "case_code": "CFUB-NG7Z-WK3F-YUYM", "ok": true, "robot_started": true, "status": "robot-completed", "clicks": 1}
READ_ONLY_DB_COPY {"label": "001-db-after-0", "rows": 801}
AUTHORITATIVE_RESULT {"id": 801, "team_no": "202623001141", "problem_no": 4, "practice_run_no": 1042833535757648352, "case_code": "CFUB-NG7Z-WK3F-YUYM", "entered": 1, "jammer_count": 14, "cleared_jammer_count": 14, "clear_failure_count": 0, "virtual_time_us": 6084424572, "end_reason": "user_exit", "created_at_ms": 1789272679072}
GUI_JOB {"action": "return", "folder": "003-1-return"}
WAIT_GUI {"seconds_remaining": 60}
GUI_RESULT {"status": "returned-to-practice", "ok": true, "clicks": 2, "robot_started": false}
SENSITIVITY_PROGRESS 622 742 robustness 4 baseline CFUB-NG7Z-WK3F-YUYM 14 14
GUI_JOB {"action": "dry-run", "folder": "001-0-dry-run"}
WAIT_GUI {"seconds_remaining": 60}
GUI_RESULT {"status": "dry-run-ready", "ok": true, "clicks": 0, "robot_started": false}
READ_ONLY_DB_COPY {"label": "001-db-before", "rows": 801}
GUI_JOB {"action": "run", "folder": "002-1-run"}
WAIT_GUI {"seconds_remaining": 1320}
GUI_RESULT {"robot_exit": 0, "case_code": "DM26-SZAT-FENF-9DF7", "ok": true, "robot_started": true, "status": "robot-completed", "clicks": 1}
READ_ONLY_DB_COPY {"label": "001-db-after-0", "rows": 802}
AUTHORITATIVE_RESULT {"id": 802, "team_no": "202623001141", "problem_no": 4, "practice_run_no": 5544310294146196854, "case_code": "DM26-SZAT-FENF-9DF7", "entered": 1, "jammer_count": 11, "cleared_jammer_count": 11, "clear_failure_count": 0, "virtual_time_us": 5710284949, "end_reason": "user_exit", "created_at_ms": 1789272738060}
GUI_JOB {"action": "return", "folder": "003-1-return"}
WAIT_GUI {"seconds_remaining": 60}
GUI_RESULT {"status": "returned-to-practice", "ok": true, "clicks": 2, "robot_started": false}
SENSITIVITY_PROGRESS 623 742 robustness 4 baseline DM26-SZAT-FENF-9DF7 11 11
GUI_JOB {"action": "dry-run", "folder": "001-0-dry-run"}
WAIT_GUI {"seconds_remaining": 60}
GUI_RESULT {"status": "dry-run-ready", "ok": true, "clicks": 0, "robot_started": false}
READ_ONLY_DB_COPY {"label": "001-db-before", "rows": 802}
GUI_JOB {"action": "run", "folder": "002-1-run"}
WAIT_GUI {"seconds_remaining": 1320}
GUI_RESULT {"robot_exit": 0, "case_code": "GFMW-2SE8-YPK4-AP2B", "ok": true, "robot_started": true, "status": "robot-completed", "clicks": 1}
READ_ONLY_DB_COPY {"label": "001-db-after-0", "rows": 803}
AUTHORITATIVE_RESULT {"id": 803, "team_no": "202623001141", "problem_no": 4, "practice_run_no": 2009906313631419340, "case_code": "GFMW-2SE8-YPK4-AP2B", "entered": 1, "jammer_count": 14, "cleared_jammer_count": 14, "clear_failure_count": 0, "virtual_time_us": 6150721178, "end_reason": "user_exit", "created_at_ms": 1789272798426}
GUI_JOB {"action": "return", "folder": "003-1-return"}
WAIT_GUI {"seconds_remaining": 60}
GUI_RESULT {"status": "returned-to-practice", "ok": true, "clicks": 2, "robot_started": false}
SENSITIVITY_PROGRESS 624 742 robustness 4 perturbed GFMW-2SE8-YPK4-AP2B 14 14
GUI_JOB {"action": "dry-run", "folder": "001-0-dry-run"}
WAIT_GUI {"seconds_remaining": 60}
GUI_RESULT {"status": "dry-run-ready", "ok": true, "clicks": 0, "robot_started": false}
READ_ONLY_DB_COPY {"label": "001-db-before", "rows": 803}
GUI_JOB {"action": "run", "folder": "002-1-run"}
WAIT_GUI {"seconds_remaining": 1320}
GUI_RESULT {"robot_exit": 0, "case_code": "BZJV-EEZB-65GS-8ET3", "ok": true, "robot_started": true, "status": "robot-completed", "clicks": 1}
READ_ONLY_DB_COPY {"label": "001-db-after-0", "rows": 804}
AUTHORITATIVE_RESULT {"id": 804, "team_no": "202623001141", "problem_no": 3, "practice_run_no": 5115042330396305747, "case_code": "BZJV-EEZB-65GS-8ET3", "entered": 1, "jammer_count": 16, "cleared_jammer_count": 16, "clear_failure_count": 0, "virtual_time_us": 3374203392, "end_reason": "user_exit", "created_at_ms": 1789272858226}
GUI_JOB {"action": "return", "folder": "003-1-return"}
WAIT_GUI {"seconds_remaining": 60}
GUI_RESULT {"status": "returned-to-practice", "ok": true, "clicks": 2, "robot_started": false}
SENSITIVITY_PROGRESS 625 742 robustness 3 perturbed BZJV-EEZB-65GS-8ET3 16 16
GUI_JOB {"action": "dry-run", "folder": "001-0-dry-run"}
WAIT_GUI {"seconds_remaining": 60}
GUI_RESULT {"status": "dry-run-ready", "ok": true, "clicks": 0, "robot_started": false}
READ_ONLY_DB_COPY {"label": "001-db-before", "rows": 804}
GUI_JOB {"action": "run", "folder": "002-1-run"}
WAIT_GUI {"seconds_remaining": 1320}
GUI_RESULT {"robot_exit": 0, "case_code": "U5U7-RJ73-3C3C-TG3R", "ok": true, "robot_started": true, "status": "robot-completed", "clicks": 1}
READ_ONLY_DB_COPY {"label": "001-db-after-0", "rows": 805}
AUTHORITATIVE_RESULT {"id": 805, "team_no": "202623001141", "problem_no": 4, "practice_run_no": 3928457003858492601, "case_code": "U5U7-RJ73-3C3C-TG3R", "entered": 1, "jammer_count": 12, "cleared_jammer_count": 12, "clear_failure_count": 0, "virtual_time_us": 6281112473, "end_reason": "user_exit", "created_at_ms": 1789272912036}
GUI_JOB {"action": "return", "folder": "003-1-return"}
WAIT_GUI {"seconds_remaining": 60}
GUI_RESULT {"status": "returned-to-practice", "ok": true, "clicks": 2, "robot_started": false}
SENSITIVITY_PROGRESS 626 742 robustness 4 perturbed U5U7-RJ73-3C3C-TG3R 12 12
GUI_JOB {"action": "dry-run", "folder": "001-0-dry-run"}
WAIT_GUI {"seconds_remaining": 60}
GUI_RESULT {"status": "dry-run-ready", "ok": true, "clicks": 0, "robot_started": false}
READ_ONLY_DB_COPY {"label": "001-db-before", "rows": 805}
GUI_JOB {"action": "run", "folder": "002-1-run"}
WAIT_GUI {"seconds_remaining": 1320}
GUI_RESULT {"robot_exit": 0, "case_code": "JHGX-8ZPK-RVQE-FH67", "ok": true, "robot_started": true, "status": "robot-completed", "clicks": 1}
READ_ONLY_DB_COPY {"label": "001-db-after-0", "rows": 806}
AUTHORITATIVE_RESULT {"id": 806, "team_no": "202623001141", "problem_no": 3, "practice_run_no": 4553556281514905413, "case_code": "JHGX-8ZPK-RVQE-FH67", "entered": 1, "jammer_count": 12, "cleared_jammer_count": 12, "clear_failure_count": 1, "virtual_time_us": 3017946009, "end_reason": "user_exit", "created_at_ms": 1789272973746}
GUI_JOB {"action": "return", "folder": "003-1-return"}
WAIT_GUI {"seconds_remaining": 60}
GUI_RESULT {"status": "returned-to-practice", "ok": true, "clicks": 2, "robot_started": false}
SENSITIVITY_PROGRESS 627 742 robustness 3 baseline JHGX-8ZPK-RVQE-FH67 12 12
GUI_JOB {"action": "dry-run", "folder": "001-0-dry-run"}
WAIT_GUI {"seconds_remaining": 60}
GUI_RESULT {"status": "dry-run-ready", "ok": true, "clicks": 0, "robot_started": false}
READ_ONLY_DB_COPY {"label": "001-db-before", "rows": 806}
GUI_JOB {"action": "run", "folder": "002-1-run"}
WAIT_GUI {"seconds_remaining": 1320}
GUI_RESULT {"robot_exit": 0, "case_code": "RUZM-G7VG-6WVY-W924", "ok": true, "robot_started": true, "status": "robot-completed", "clicks": 1}
READ_ONLY_DB_COPY {"label": "001-db-after-0", "rows": 807}
AUTHORITATIVE_RESULT {"id": 807, "team_no": "202623001141", "problem_no": 3, "practice_run_no": 8288298682500470931, "case_code": "RUZM-G7VG-6WVY-W924", "entered": 1, "jammer_count": 15, "cleared_jammer_count": 15, "clear_failure_count": 1, "virtual_time_us": 3320124721, "end_reason": "user_exit", "created_at_ms": 1789273026978}
GUI_JOB {"action": "return", "folder": "003-1-return"}
WAIT_GUI {"seconds_remaining": 60}
GUI_RESULT {"status": "returned-to-practice", "ok": true, "clicks": 2, "robot_started": false}
SENSITIVITY_PROGRESS 628 742 robustness 3 perturbed RUZM-G7VG-6WVY-W924 15 15
GUI_JOB {"action": "dry-run", "folder": "001-0-dry-run"}
WAIT_GUI {"seconds_remaining": 60}
GUI_RESULT {"status": "dry-run-ready", "ok": true, "clicks": 0, "robot_started": false}
READ_ONLY_DB_COPY {"label": "001-db-before", "rows": 807}
GUI_JOB {"action": "run", "folder": "002-1-run"}
WAIT_GUI {"seconds_remaining": 1320}
GUI_RESULT {"robot_exit": 0, "case_code": "9X4J-PWR2-2E2W-X4NW", "ok": true, "robot_started": true, "status": "robot-completed", "clicks": 1}
READ_ONLY_DB_COPY {"label": "001-db-after-0", "rows": 808}
AUTHORITATIVE_RESULT {"id": 808, "team_no": "202623001141", "problem_no": 3, "practice_run_no": 2549363473448106352, "case_code": "9X4J-PWR2-2E2W-X4NW", "entered": 1, "jammer_count": 16, "cleared_jammer_count": 16, "clear_failure_count": 0, "virtual_time_us": 3251191275, "end_reason": "user_exit", "created_at_ms": 1789273080429}
GUI_JOB {"action": "return", "folder": "003-1-return"}
WAIT_GUI {"seconds_remaining": 60}
GUI_RESULT {"status": "returned-to-practice", "ok": true, "clicks": 2, "robot_started": false}
SENSITIVITY_PROGRESS 629 742 robustness 3 baseline 9X4J-PWR2-2E2W-X4NW 16 16
GUI_JOB {"action": "dry-run", "folder": "001-0-dry-run"}
WAIT_GUI {"seconds_remaining": 60}
GUI_RESULT {"status": "dry-run-ready", "ok": true, "clicks": 0, "robot_started": false}
READ_ONLY_DB_COPY {"label": "001-db-before", "rows": 808}
GUI_JOB {"action": "run", "folder": "002-1-run"}
WAIT_GUI {"seconds_remaining": 1320}
GUI_RESULT {"robot_exit": 0, "case_code": "SWVC-FJBK-ENV8-CTY6", "ok": true, "robot_started": true, "status": "robot-completed", "clicks": 1}
READ_ONLY_DB_COPY {"label": "001-db-after-0", "rows": 809}
AUTHORITATIVE_RESULT {"id": 809, "team_no": "202623001141", "problem_no": 4, "practice_run_no": 9163267247691415756, "case_code": "SWVC-FJBK-ENV8-CTY6", "entered": 1, "jammer_count": 13, "cleared_jammer_count": 13, "clear_failure_count": 0, "virtual_time_us": 5582663118, "end_reason": "user_exit", "created_at_ms": 1789273134058}
GUI_JOB {"action": "return", "folder": "003-1-return"}
WAIT_GUI {"seconds_remaining": 60}
GUI_RESULT {"status": "returned-to-practice", "ok": true, "clicks": 2, "robot_started": false}
SENSITIVITY_PROGRESS 630 742 robustness 4 baseline SWVC-FJBK-ENV8-CTY6 13 13
GUI_JOB {"action": "dry-run", "folder": "001-0-dry-run"}
WAIT_GUI {"seconds_remaining": 60}
GUI_RESULT {"status": "dry-run-ready", "ok": true, "clicks": 0, "robot_started": false}
READ_ONLY_DB_COPY {"label": "001-db-before", "rows": 809}
GUI_JOB {"action": "run", "folder": "002-1-run"}
WAIT_GUI {"seconds_remaining": 1320}
GUI_RESULT {"robot_exit": 0, "case_code": "UT8N-XTHP-QXRY-4V5B", "ok": true, "robot_started": true, "status": "robot-completed", "clicks": 1}
READ_ONLY_DB_COPY {"label": "001-db-after-0", "rows": 810}
AUTHORITATIVE_RESULT {"id": 810, "team_no": "202623001141", "problem_no": 4, "practice_run_no": 8897316662606329363, "case_code": "UT8N-XTHP-QXRY-4V5B", "entered": 1, "jammer_count": 10, "cleared_jammer_count": 10, "clear_failure_count": 0, "virtual_time_us": 6640957951, "end_reason": "user_exit", "created_at_ms": 1789273192903}
GUI_JOB {"action": "return", "folder": "003-1-return"}
WAIT_GUI {"seconds_remaining": 60}
GUI_RESULT {"status": "returned-to-practice", "ok": true, "clicks": 2, "robot_started": false}
SENSITIVITY_PROGRESS 631 742 robustness 4 perturbed UT8N-XTHP-QXRY-4V5B 10 10
GUI_JOB {"action": "dry-run", "folder": "001-0-dry-run"}
WAIT_GUI {"seconds_remaining": 60}
GUI_RESULT {"status": "dry-run-ready", "ok": true, "clicks": 0, "robot_started": false}
READ_ONLY_DB_COPY {"label": "001-db-before", "rows": 810}
GUI_JOB {"action": "run", "folder": "002-1-run"}
WAIT_GUI {"seconds_remaining": 1320}
GUI_RESULT {"robot_exit": 0, "case_code": "2D8X-663W-XPAK-TQW6", "ok": true, "robot_started": true, "status": "robot-completed", "clicks": 1}
READ_ONLY_DB_COPY {"label": "001-db-after-0", "rows": 811}
AUTHORITATIVE_RESULT {"id": 811, "team_no": "202623001141", "problem_no": 4, "practice_run_no": 1004234228164808095, "case_code": "2D8X-663W-XPAK-TQW6", "entered": 1, "jammer_count": 16, "cleared_jammer_count": 16, "clear_failure_count": 0, "virtual_time_us": 4905517964, "end_reason": "user_exit", "created_at_ms": 1789273253329}
GUI_JOB {"action": "return", "folder": "003-1-return"}
WAIT_GUI {"seconds_remaining": 60}
GUI_RESULT {"status": "returned-to-practice", "ok": true, "clicks": 2, "robot_started": false}
SENSITIVITY_PROGRESS 632 742 robustness 4 perturbed 2D8X-663W-XPAK-TQW6 16 16
GUI_JOB {"action": "dry-run", "folder": "001-0-dry-run"}
WAIT_GUI {"seconds_remaining": 60}
GUI_RESULT {"status": "dry-run-ready", "ok": true, "clicks": 0, "robot_started": false}
READ_ONLY_DB_COPY {"label": "001-db-before", "rows": 811}
GUI_JOB {"action": "run", "folder": "002-1-run"}
WAIT_GUI {"seconds_remaining": 1320}
GUI_RESULT {"robot_exit": 0, "case_code": "Y58H-DWPW-SSAC-UQJP", "ok": true, "robot_started": true, "status": "robot-completed", "clicks": 1}
READ_ONLY_DB_COPY {"label": "001-db-after-0", "rows": 812}
AUTHORITATIVE_RESULT {"id": 812, "team_no": "202623001141", "problem_no": 3, "practice_run_no": 6426155668845947013, "case_code": "Y58H-DWPW-SSAC-UQJP", "entered": 1, "jammer_count": 11, "cleared_jammer_count": 11, "clear_failure_count": 1, "virtual_time_us": 3046639295, "end_reason": "user_exit", "created_at_ms": 1789273309842}
GUI_JOB {"action": "return", "folder": "003-1-return"}
WAIT_GUI {"seconds_remaining": 60}
GUI_RESULT {"status": "returned-to-practice", "ok": true, "clicks": 2, "robot_started": false}
SENSITIVITY_PROGRESS 633 742 robustness 3 perturbed Y58H-DWPW-SSAC-UQJP 11 11
GUI_JOB {"action": "dry-run", "folder": "001-0-dry-run"}
WAIT_GUI {"seconds_remaining": 60}
GUI_RESULT {"status": "dry-run-ready", "ok": true, "clicks": 0, "robot_started": false}
READ_ONLY_DB_COPY {"label": "001-db-before", "rows": 812}
GUI_JOB {"action": "run", "folder": "002-1-run"}
WAIT_GUI {"seconds_remaining": 1320}
GUI_RESULT {"robot_exit": 0, "case_code": "E5NC-EH2U-CE5J-A32V", "ok": true, "robot_started": true, "status": "robot-completed", "clicks": 1}
READ_ONLY_DB_COPY {"label": "001-db-after-0", "rows": 813}
AUTHORITATIVE_RESULT {"id": 813, "team_no": "202623001141", "problem_no": 3, "practice_run_no": 2530338603745484744, "case_code": "E5NC-EH2U-CE5J-A32V", "entered": 1, "jammer_count": 12, "cleared_jammer_count": 12, "clear_failure_count": 1, "virtual_time_us": 3310358723, "end_reason": "user_exit", "created_at_ms": 1789273363600}
GUI_JOB {"action": "return", "folder": "003-1-return"}
WAIT_GUI {"seconds_remaining": 60}
GUI_RESULT {"status": "returned-to-practice", "ok": true, "clicks": 2, "robot_started": false}
SENSITIVITY_PROGRESS 634 742 robustness 3 perturbed E5NC-EH2U-CE5J-A32V 12 12
GUI_JOB {"action": "dry-run", "folder": "001-0-dry-run"}
WAIT_GUI {"seconds_remaining": 60}
GUI_RESULT {"status": "dry-run-ready", "ok": true, "clicks": 0, "robot_started": false}
READ_ONLY_DB_COPY {"label": "001-db-before", "rows": 813}
GUI_JOB {"action": "run", "folder": "002-1-run"}
WAIT_GUI {"seconds_remaining": 1320}
GUI_RESULT {"robot_exit": 0, "case_code": "EM3C-2MH5-RDPG-Q6HX", "ok": true, "robot_started": true, "status": "robot-completed", "clicks": 1}
READ_ONLY_DB_COPY {"label": "001-db-after-0", "rows": 814}
AUTHORITATIVE_RESULT {"id": 814, "team_no": "202623001141", "problem_no": 3, "practice_run_no": 4498760270792867563, "case_code": "EM3C-2MH5-RDPG-Q6HX", "entered": 1, "jammer_count": 16, "cleared_jammer_count": 16, "clear_failure_count": 0, "virtual_time_us": 3450447345, "end_reason": "user_exit", "created_at_ms": 1789273417048}
GUI_JOB {"action": "return", "folder": "003-1-return"}
WAIT_GUI {"seconds_remaining": 60}
GUI_RESULT {"status": "returned-to-practice", "ok": true, "clicks": 2, "robot_started": false}
SENSITIVITY_PROGRESS 635 742 robustness 3 perturbed EM3C-2MH5-RDPG-Q6HX 16 16
GUI_JOB {"action": "dry-run", "folder": "001-0-dry-run"}
WAIT_GUI {"seconds_remaining": 60}
GUI_RESULT {"status": "dry-run-ready", "ok": true, "clicks": 0, "robot_started": false}
READ_ONLY_DB_COPY {"label": "001-db-before", "rows": 814}
GUI_JOB {"action": "run", "folder": "002-1-run"}
WAIT_GUI {"seconds_remaining": 1320}
GUI_RESULT {"robot_exit": 0, "case_code": "P9SX-EPC7-7BCN-V63S", "ok": true, "robot_started": true, "status": "robot-completed", "clicks": 1}
READ_ONLY_DB_COPY {"label": "001-db-after-0", "rows": 815}
AUTHORITATIVE_RESULT {"id": 815, "team_no": "202623001141", "problem_no": 3, "practice_run_no": 3839009519133007736, "case_code": "P9SX-EPC7-7BCN-V63S", "entered": 1, "jammer_count": 11, "cleared_jammer_count": 11, "clear_failure_count": 1, "virtual_time_us": 3018915686, "end_reason": "user_exit", "created_at_ms": 1789273471210}
GUI_JOB {"action": "return", "folder": "003-1-return"}
WAIT_GUI {"seconds_remaining": 60}
GUI_RESULT {"status": "returned-to-practice", "ok": true, "clicks": 2, "robot_started": false}
SENSITIVITY_PROGRESS 636 742 robustness 3 baseline P9SX-EPC7-7BCN-V63S 11 11
GUI_JOB {"action": "dry-run", "folder": "001-0-dry-run"}
WAIT_GUI {"seconds_remaining": 60}
GUI_RESULT {"status": "dry-run-ready", "ok": true, "clicks": 0, "robot_started": false}
READ_ONLY_DB_COPY {"label": "001-db-before", "rows": 815}
GUI_JOB {"action": "run", "folder": "002-1-run"}
WAIT_GUI {"seconds_remaining": 1320}
GUI_RESULT {"robot_exit": 0, "case_code": "WDT5-HVQH-KYDV-F859", "ok": true, "robot_started": true, "status": "robot-completed", "clicks": 1}
READ_ONLY_DB_COPY {"label": "001-db-after-0", "rows": 816}
AUTHORITATIVE_RESULT {"id": 816, "team_no": "202623001141", "problem_no": 4, "practice_run_no": 7192431048778942309, "case_code": "WDT5-HVQH-KYDV-F859", "entered": 1, "jammer_count": 16, "cleared_jammer_count": 16, "clear_failure_count": 0, "virtual_time_us": 5540716640, "end_reason": "user_exit", "created_at_ms": 1789273525598}
GUI_JOB {"action": "return", "folder": "003-1-return"}
WAIT_GUI {"seconds_remaining": 60}
GUI_RESULT {"status": "returned-to-practice", "ok": true, "clicks": 2, "robot_started": false}
SENSITIVITY_PROGRESS 637 742 robustness 4 perturbed WDT5-HVQH-KYDV-F859 16 16
GUI_JOB {"action": "dry-run", "folder": "001-0-dry-run"}
WAIT_GUI {"seconds_remaining": 60}
GUI_RESULT {"status": "dry-run-ready", "ok": true, "clicks": 0, "robot_started": false}
READ_ONLY_DB_COPY {"label": "001-db-before", "rows": 816}
GUI_JOB {"action": "run", "folder": "002-1-run"}
WAIT_GUI {"seconds_remaining": 1320}
GUI_RESULT {"robot_exit": 0, "case_code": "CYYC-HKBX-4W3W-M4CP", "ok": true, "robot_started": true, "status": "robot-completed", "clicks": 1}
READ_ONLY_DB_COPY {"label": "001-db-after-0", "rows": 817}
AUTHORITATIVE_RESULT {"id": 817, "team_no": "202623001141", "problem_no": 3, "practice_run_no": 9174916778285767135, "case_code": "CYYC-HKBX-4W3W-M4CP", "entered": 1, "jammer_count": 11, "cleared_jammer_count": 11, "clear_failure_count": 0, "virtual_time_us": 3033450880, "end_reason": "user_exit", "created_at_ms": 1789273583845}
GUI_JOB {"action": "return", "folder": "003-1-return"}
WAIT_GUI {"seconds_remaining": 60}
GUI_RESULT {"status": "returned-to-practice", "ok": true, "clicks": 2, "robot_started": false}
SENSITIVITY_PROGRESS 638 742 robustness 3 perturbed CYYC-HKBX-4W3W-M4CP 11 11
GUI_JOB {"action": "dry-run", "folder": "001-0-dry-run"}
WAIT_GUI {"seconds_remaining": 60}
GUI_RESULT {"status": "dry-run-ready", "ok": true, "clicks": 0, "robot_started": false}
READ_ONLY_DB_COPY {"label": "001-db-before", "rows": 817}
GUI_JOB {"action": "run", "folder": "002-1-run"}
WAIT_GUI {"seconds_remaining": 1320}
GUI_RESULT {"robot_exit": 0, "case_code": "U2U4-7PDX-5UJY-MCAP", "ok": true, "robot_started": true, "status": "robot-completed", "clicks": 1}
READ_ONLY_DB_COPY {"label": "001-db-after-0", "rows": 818}
AUTHORITATIVE_RESULT {"id": 818, "team_no": "202623001141", "problem_no": 4, "practice_run_no": 8787324031981122193, "case_code": "U2U4-7PDX-5UJY-MCAP", "entered": 1, "jammer_count": 16, "cleared_jammer_count": 16, "clear_failure_count": 0, "virtual_time_us": 4502632132, "end_reason": "user_exit", "created_at_ms": 1789273639129}
GUI_JOB {"action": "return", "folder": "003-1-return"}
WAIT_GUI {"seconds_remaining": 60}
GUI_RESULT {"status": "returned-to-practice", "ok": true, "clicks": 2, "robot_started": false}
SENSITIVITY_PROGRESS 639 742 robustness 4 baseline U2U4-7PDX-5UJY-MCAP 16 16
GUI_JOB {"action": "dry-run", "folder": "001-0-dry-run"}
WAIT_GUI {"seconds_remaining": 60}
GUI_RESULT {"status": "dry-run-ready", "ok": true, "clicks": 0, "robot_started": false}
READ_ONLY_DB_COPY {"label": "001-db-before", "rows": 818}
GUI_JOB {"action": "run", "folder": "002-1-run"}
WAIT_GUI {"seconds_remaining": 1320}
WAIT_GUI {"seconds_remaining": 1290}
GUI_RESULT {"robot_exit": 0, "case_code": "UQFJ-TAA6-82DW-FC6S", "ok": true, "robot_started": true, "status": "robot-completed", "clicks": 1}
READ_ONLY_DB_COPY {"label": "001-db-after-0", "rows": 819}
AUTHORITATIVE_RESULT {"id": 819, "team_no": "202623001141", "problem_no": 4, "practice_run_no": 5722783300978600091, "case_code": "UQFJ-TAA6-82DW-FC6S", "entered": 1, "jammer_count": 10, "cleared_jammer_count": 10, "clear_failure_count": 0, "virtual_time_us": 7392053727, "end_reason": "user_exit", "created_at_ms": 1789273696633}
GUI_JOB {"action": "return", "folder": "003-1-return"}
WAIT_GUI {"seconds_remaining": 60}
GUI_RESULT {"status": "returned-to-practice", "ok": true, "clicks": 2, "robot_started": false}
SENSITIVITY_PROGRESS 640 742 robustness 4 perturbed UQFJ-TAA6-82DW-FC6S 10 10
GUI_JOB {"action": "dry-run", "folder": "001-0-dry-run"}
WAIT_GUI {"seconds_remaining": 60}
GUI_RESULT {"status": "dry-run-ready", "ok": true, "clicks": 0, "robot_started": false}
READ_ONLY_DB_COPY {"label": "001-db-before", "rows": 819}
GUI_JOB {"action": "run", "folder": "002-1-run"}
WAIT_GUI {"seconds_remaining": 1320}
GUI_RESULT {"robot_exit": 0, "case_code": "ZAHG-F77A-5NUM-HWXW", "ok": true, "robot_started": true, "status": "robot-completed", "clicks": 1}
READ_ONLY_DB_COPY {"label": "001-db-after-0", "rows": 820}
AUTHORITATIVE_RESULT {"id": 820, "team_no": "202623001141", "problem_no": 3, "practice_run_no": 2551294604558000849, "case_code": "ZAHG-F77A-5NUM-HWXW", "entered": 1, "jammer_count": 14, "cleared_jammer_count": 14, "clear_failure_count": 0, "virtual_time_us": 3116570028, "end_reason": "user_exit", "created_at_ms": 1789273761505}
GUI_JOB {"action": "return", "folder": "003-1-return"}
WAIT_GUI {"seconds_remaining": 60}
GUI_RESULT {"status": "returned-to-practice", "ok": true, "clicks": 2, "robot_started": false}
SENSITIVITY_PROGRESS 641 742 robustness 3 baseline ZAHG-F77A-5NUM-HWXW 14 14
GUI_JOB {"action": "dry-run", "folder": "001-0-dry-run"}
WAIT_GUI {"seconds_remaining": 60}
GUI_RESULT {"status": "dry-run-ready", "ok": true, "clicks": 0, "robot_started": false}
READ_ONLY_DB_COPY {"label": "001-db-before", "rows": 820}
GUI_JOB {"action": "run", "folder": "002-1-run"}
WAIT_GUI {"seconds_remaining": 1320}
GUI_RESULT {"robot_exit": 0, "case_code": "NF2P-6YRE-PU75-PEK8", "ok": true, "robot_started": true, "status": "robot-completed", "clicks": 1}
READ_ONLY_DB_COPY {"label": "001-db-after-0", "rows": 821}
AUTHORITATIVE_RESULT {"id": 821, "team_no": "202623001141", "problem_no": 4, "practice_run_no": 2516711123232791858, "case_code": "NF2P-6YRE-PU75-PEK8", "entered": 1, "jammer_count": 14, "cleared_jammer_count": 14, "clear_failure_count": 0, "virtual_time_us": 6463207226, "end_reason": "user_exit", "created_at_ms": 1789273816324}
GUI_JOB {"action": "return", "folder": "003-1-return"}
WAIT_GUI {"seconds_remaining": 60}
GUI_RESULT {"status": "returned-to-practice", "ok": true, "clicks": 2, "robot_started": false}
SENSITIVITY_PROGRESS 642 742 robustness 4 perturbed NF2P-6YRE-PU75-PEK8 14 14
GUI_JOB {"action": "dry-run", "folder": "001-0-dry-run"}
WAIT_GUI {"seconds_remaining": 60}
GUI_RESULT {"status": "dry-run-ready", "ok": true, "clicks": 0, "robot_started": false}
READ_ONLY_DB_COPY {"label": "001-db-before", "rows": 821}
GUI_JOB {"action": "run", "folder": "002-1-run"}
WAIT_GUI {"seconds_remaining": 1320}
GUI_RESULT {"robot_exit": 0, "case_code": "6XHF-MF7C-VYEY-5WTP", "ok": true, "robot_started": true, "status": "robot-completed", "clicks": 1}
READ_ONLY_DB_COPY {"label": "001-db-after-0", "rows": 822}
AUTHORITATIVE_RESULT {"id": 822, "team_no": "202623001141", "problem_no": 3, "practice_run_no": 5810278641193622688, "case_code": "6XHF-MF7C-VYEY-5WTP", "entered": 1, "jammer_count": 15, "cleared_jammer_count": 15, "clear_failure_count": 2, "virtual_time_us": 3389242971, "end_reason": "user_exit", "created_at_ms": 1789273875636}
GUI_JOB {"action": "return", "folder": "003-1-return"}
WAIT_GUI {"seconds_remaining": 60}
GUI_RESULT {"status": "returned-to-practice", "ok": true, "clicks": 2, "robot_started": false}
SENSITIVITY_PROGRESS 643 742 robustness 3 perturbed 6XHF-MF7C-VYEY-5WTP 15 15
GUI_JOB {"action": "dry-run", "folder": "001-0-dry-run"}
WAIT_GUI {"seconds_remaining": 60}
GUI_RESULT {"status": "dry-run-ready", "ok": true, "clicks": 0, "robot_started": false}
READ_ONLY_DB_COPY {"label": "001-db-before", "rows": 822}
GUI_JOB {"action": "run", "folder": "002-1-run"}
WAIT_GUI {"seconds_remaining": 1320}
GUI_RESULT {"robot_exit": 0, "case_code": "QQMJ-97FQ-ZBMS-USHC", "ok": true, "robot_started": true, "status": "robot-completed", "clicks": 1}
READ_ONLY_DB_COPY {"label": "001-db-after-0", "rows": 823}
AUTHORITATIVE_RESULT {"id": 823, "team_no": "202623001141", "problem_no": 4, "practice_run_no": 1132282473891839935, "case_code": "QQMJ-97FQ-ZBMS-USHC", "entered": 1, "jammer_count": 14, "cleared_jammer_count": 14, "clear_failure_count": 2, "virtual_time_us": 5834066208, "end_reason": "user_exit", "created_at_ms": 1789273930392}
GUI_JOB {"action": "return", "folder": "003-1-return"}
WAIT_GUI {"seconds_remaining": 60}
GUI_RESULT {"status": "returned-to-practice", "ok": true, "clicks": 2, "robot_started": false}
SENSITIVITY_PROGRESS 644 742 robustness 4 baseline QQMJ-97FQ-ZBMS-USHC 14 14
GUI_JOB {"action": "dry-run", "folder": "001-0-dry-run"}
WAIT_GUI {"seconds_remaining": 60}
GUI_RESULT {"status": "dry-run-ready", "ok": true, "clicks": 0, "robot_started": false}
READ_ONLY_DB_COPY {"label": "001-db-before", "rows": 823}
GUI_JOB {"action": "run", "folder": "002-1-run"}
WAIT_GUI {"seconds_remaining": 1320}
GUI_RESULT {"robot_exit": 0, "case_code": "WT7H-ZKSZ-7JM6-2E4V", "ok": true, "robot_started": true, "status": "robot-completed", "clicks": 1}
READ_ONLY_DB_COPY {"label": "001-db-after-0", "rows": 824}
AUTHORITATIVE_RESULT {"id": 824, "team_no": "202623001141", "problem_no": 3, "practice_run_no": 674529922991920073, "case_code": "WT7H-ZKSZ-7JM6-2E4V", "entered": 1, "jammer_count": 11, "cleared_jammer_count": 11, "clear_failure_count": 1, "virtual_time_us": 3271054364, "end_reason": "user_exit", "created_at_ms": 1789273989079}
GUI_JOB {"action": "return", "folder": "003-1-return"}
WAIT_GUI {"seconds_remaining": 60}
GUI_RESULT {"status": "returned-to-practice", "ok": true, "clicks": 2, "robot_started": false}
SENSITIVITY_PROGRESS 645 742 robustness 3 perturbed WT7H-ZKSZ-7JM6-2E4V 11 11
GUI_JOB {"action": "dry-run", "folder": "001-0-dry-run"}
WAIT_GUI {"seconds_remaining": 60}
GUI_RESULT {"status": "dry-run-ready", "ok": true, "clicks": 0, "robot_started": false}
READ_ONLY_DB_COPY {"label": "001-db-before", "rows": 824}
GUI_JOB {"action": "run", "folder": "002-1-run"}
WAIT_GUI {"seconds_remaining": 1320}
GUI_RESULT {"robot_exit": 0, "case_code": "TUW4-9W59-BKPB-7UND", "ok": true, "robot_started": true, "status": "robot-completed", "clicks": 1}
READ_ONLY_DB_COPY {"label": "001-db-after-0", "rows": 825}
AUTHORITATIVE_RESULT {"id": 825, "team_no": "202623001141", "problem_no": 4, "practice_run_no": 8743422697061274913, "case_code": "TUW4-9W59-BKPB-7UND", "entered": 1, "jammer_count": 12, "cleared_jammer_count": 12, "clear_failure_count": 0, "virtual_time_us": 5817730856, "end_reason": "user_exit", "created_at_ms": 1789274044456}
GUI_JOB {"action": "return", "folder": "003-1-return"}
WAIT_GUI {"seconds_remaining": 60}
GUI_RESULT {"status": "returned-to-practice", "ok": true, "clicks": 2, "robot_started": false}
SENSITIVITY_PROGRESS 646 742 robustness 4 perturbed TUW4-9W59-BKPB-7UND 12 12
GUI_JOB {"action": "dry-run", "folder": "001-0-dry-run"}
WAIT_GUI {"seconds_remaining": 60}
GUI_RESULT {"status": "dry-run-ready", "ok": true, "clicks": 0, "robot_started": false}
READ_ONLY_DB_COPY {"label": "001-db-before", "rows": 825}
GUI_JOB {"action": "run", "folder": "002-1-run"}
WAIT_GUI {"seconds_remaining": 1320}
GUI_RESULT {"robot_exit": 0, "case_code": "HZW8-U9XS-YXF5-BRNM", "ok": true, "robot_started": true, "status": "robot-completed", "clicks": 1}
READ_ONLY_DB_COPY {"label": "001-db-after-0", "rows": 826}
AUTHORITATIVE_RESULT {"id": 826, "team_no": "202623001141", "problem_no": 4, "practice_run_no": 4781503609371237688, "case_code": "HZW8-U9XS-YXF5-BRNM", "entered": 1, "jammer_count": 13, "cleared_jammer_count": 13, "clear_failure_count": 1, "virtual_time_us": 6334659301, "end_reason": "user_exit", "created_at_ms": 1789274104141}
GUI_JOB {"action": "return", "folder": "003-1-return"}
WAIT_GUI {"seconds_remaining": 60}
GUI_RESULT {"status": "returned-to-practice", "ok": true, "clicks": 2, "robot_started": false}
SENSITIVITY_PROGRESS 647 742 robustness 4 perturbed HZW8-U9XS-YXF5-BRNM 13 13
GUI_JOB {"action": "dry-run", "folder": "001-0-dry-run"}
WAIT_GUI {"seconds_remaining": 60}
GUI_RESULT {"status": "dry-run-ready", "ok": true, "clicks": 0, "robot_started": false}
READ_ONLY_DB_COPY {"label": "001-db-before", "rows": 826}
GUI_JOB {"action": "run", "folder": "002-1-run"}
WAIT_GUI {"seconds_remaining": 1320}
GUI_RESULT {"robot_exit": 0, "case_code": "Y3H8-AN9G-7MYR-GSD3", "ok": true, "robot_started": true, "status": "robot-completed", "clicks": 1}
READ_ONLY_DB_COPY {"label": "001-db-after-0", "rows": 827}
AUTHORITATIVE_RESULT {"id": 827, "team_no": "202623001141", "problem_no": 3, "practice_run_no": 6994773103019582423, "case_code": "Y3H8-AN9G-7MYR-GSD3", "entered": 1, "jammer_count": 16, "cleared_jammer_count": 16, "clear_failure_count": 2, "virtual_time_us": 3376025253, "end_reason": "user_exit", "created_at_ms": 1789274163637}
GUI_JOB {"action": "return", "folder": "003-1-return"}
WAIT_GUI {"seconds_remaining": 60}
GUI_RESULT {"status": "returned-to-practice", "ok": true, "clicks": 2, "robot_started": false}
SENSITIVITY_PROGRESS 648 742 robustness 3 baseline Y3H8-AN9G-7MYR-GSD3 16 16
GUI_JOB {"action": "dry-run", "folder": "001-0-dry-run"}
WAIT_GUI {"seconds_remaining": 60}
GUI_RESULT {"status": "dry-run-ready", "ok": true, "clicks": 0, "robot_started": false}
READ_ONLY_DB_COPY {"label": "001-db-before", "rows": 827}
GUI_JOB {"action": "run", "folder": "002-1-run"}
WAIT_GUI {"seconds_remaining": 1320}
GUI_RESULT {"robot_exit": 0, "case_code": "4KNG-UMZG-MN5V-ZMQ4", "ok": true, "robot_started": true, "status": "robot-completed", "clicks": 1}
READ_ONLY_DB_COPY {"label": "001-db-after-0", "rows": 828}
AUTHORITATIVE_RESULT {"id": 828, "team_no": "202623001141", "problem_no": 3, "practice_run_no": 5389811014561083521, "case_code": "4KNG-UMZG-MN5V-ZMQ4", "entered": 1, "jammer_count": 13, "cleared_jammer_count": 13, "clear_failure_count": 0, "virtual_time_us": 3187960327, "end_reason": "user_exit", "created_at_ms": 1789274218385}
GUI_JOB {"action": "return", "folder": "003-1-return"}
WAIT_GUI {"seconds_remaining": 60}
GUI_RESULT {"status": "returned-to-practice", "ok": true, "clicks": 2, "robot_started": false}
SENSITIVITY_PROGRESS 649 742 robustness 3 perturbed 4KNG-UMZG-MN5V-ZMQ4 13 13
GUI_JOB {"action": "dry-run", "folder": "001-0-dry-run"}
WAIT_GUI {"seconds_remaining": 60}
GUI_RESULT {"status": "dry-run-ready", "ok": true, "clicks": 0, "robot_started": false}
READ_ONLY_DB_COPY {"label": "001-db-before", "rows": 828}
GUI_JOB {"action": "run", "folder": "002-1-run"}
WAIT_GUI {"seconds_remaining": 1320}
GUI_RESULT {"robot_exit": 0, "case_code": "GWDB-Z3SU-CZFT-5TZ8", "ok": true, "robot_started": true, "status": "robot-completed", "clicks": 1}
READ_ONLY_DB_COPY {"label": "001-db-after-0", "rows": 829}
AUTHORITATIVE_RESULT {"id": 829, "team_no": "202623001141", "problem_no": 4, "practice_run_no": 7117327604503484893, "case_code": "GWDB-Z3SU-CZFT-5TZ8", "entered": 1, "jammer_count": 12, "cleared_jammer_count": 12, "clear_failure_count": 0, "virtual_time_us": 6425334006, "end_reason": "user_exit", "created_at_ms": 1789274274954}
GUI_JOB {"action": "return", "folder": "003-1-return"}
WAIT_GUI {"seconds_remaining": 60}
GUI_RESULT {"status": "returned-to-practice", "ok": true, "clicks": 2, "robot_started": false}
SENSITIVITY_PROGRESS 650 742 robustness 4 perturbed GWDB-Z3SU-CZFT-5TZ8 12 12
GUI_JOB {"action": "dry-run", "folder": "001-0-dry-run"}
WAIT_GUI {"seconds_remaining": 60}
GUI_RESULT {"status": "dry-run-ready", "ok": true, "clicks": 0, "robot_started": false}
READ_ONLY_DB_COPY {"label": "001-db-before", "rows": 829}
GUI_JOB {"action": "run", "folder": "002-1-run"}
WAIT_GUI {"seconds_remaining": 1320}
GUI_RESULT {"robot_exit": 0, "case_code": "4STK-BD5W-RTWN-46VM", "ok": true, "robot_started": true, "status": "robot-completed", "clicks": 1}
READ_ONLY_DB_COPY {"label": "001-db-after-0", "rows": 830}
AUTHORITATIVE_RESULT {"id": 830, "team_no": "202623001141", "problem_no": 4, "practice_run_no": 6135404535323095703, "case_code": "4STK-BD5W-RTWN-46VM", "entered": 1, "jammer_count": 15, "cleared_jammer_count": 15, "clear_failure_count": 0, "virtual_time_us": 6486995667, "end_reason": "user_exit", "created_at_ms": 1789274336115}
GUI_JOB {"action": "return", "folder": "003-1-return"}
WAIT_GUI {"seconds_remaining": 60}
GUI_RESULT {"status": "returned-to-practice", "ok": true, "clicks": 2, "robot_started": false}
SENSITIVITY_PROGRESS 651 742 robustness 4 baseline 4STK-BD5W-RTWN-46VM 15 15
GUI_JOB {"action": "dry-run", "folder": "001-0-dry-run"}
WAIT_GUI {"seconds_remaining": 60}
GUI_RESULT {"status": "dry-run-ready", "ok": true, "clicks": 0, "robot_started": false}
READ_ONLY_DB_COPY {"label": "001-db-before", "rows": 830}
GUI_JOB {"action": "run", "folder": "002-1-run"}
WAIT_GUI {"seconds_remaining": 1320}
GUI_RESULT {"robot_exit": 0, "case_code": "KB97-JXTQ-HA2G-CUEY", "ok": true, "robot_started": true, "status": "robot-completed", "clicks": 1}
READ_ONLY_DB_COPY {"label": "001-db-after-0", "rows": 831}
AUTHORITATIVE_RESULT {"id": 831, "team_no": "202623001141", "problem_no": 3, "practice_run_no": 1071615315519846992, "case_code": "KB97-JXTQ-HA2G-CUEY", "entered": 1, "jammer_count": 11, "cleared_jammer_count": 11, "clear_failure_count": 0, "virtual_time_us": 3147993112, "end_reason": "user_exit", "created_at_ms": 1789274394587}
GUI_JOB {"action": "return", "folder": "003-1-return"}
WAIT_GUI {"seconds_remaining": 60}
GUI_RESULT {"status": "returned-to-practice", "ok": true, "clicks": 2, "robot_started": false}
SENSITIVITY_PROGRESS 652 742 robustness 3 perturbed KB97-JXTQ-HA2G-CUEY 11 11
GUI_JOB {"action": "dry-run", "folder": "001-0-dry-run"}
WAIT_GUI {"seconds_remaining": 60}
GUI_RESULT {"status": "dry-run-ready", "ok": true, "clicks": 0, "robot_started": false}
READ_ONLY_DB_COPY {"label": "001-db-before", "rows": 831}
GUI_JOB {"action": "run", "folder": "002-1-run"}
WAIT_GUI {"seconds_remaining": 1320}
GUI_RESULT {"robot_exit": 0, "case_code": "A6E7-XGK8-VGCZ-7THD", "ok": true, "robot_started": true, "status": "robot-completed", "clicks": 1}
READ_ONLY_DB_COPY {"label": "001-db-after-0", "rows": 832}
AUTHORITATIVE_RESULT {"id": 832, "team_no": "202623001141", "problem_no": 4, "practice_run_no": 5108516721631213233, "case_code": "A6E7-XGK8-VGCZ-7THD", "entered": 1, "jammer_count": 15, "cleared_jammer_count": 15, "clear_failure_count": 0, "virtual_time_us": 6103192890, "end_reason": "user_exit", "created_at_ms": 1789274448637}
GUI_JOB {"action": "return", "folder": "003-1-return"}
WAIT_GUI {"seconds_remaining": 60}
GUI_RESULT {"status": "returned-to-practice", "ok": true, "clicks": 2, "robot_started": false}
SENSITIVITY_PROGRESS 653 742 robustness 4 perturbed A6E7-XGK8-VGCZ-7THD 15 15
GUI_JOB {"action": "dry-run", "folder": "001-0-dry-run"}
WAIT_GUI {"seconds_remaining": 60}
GUI_RESULT {"status": "dry-run-ready", "ok": true, "clicks": 0, "robot_started": false}
READ_ONLY_DB_COPY {"label": "001-db-before", "rows": 832}
GUI_JOB {"action": "run", "folder": "002-1-run"}
WAIT_GUI {"seconds_remaining": 1320}
GUI_RESULT {"robot_exit": 0, "case_code": "9ZTS-HX77-732T-V75E", "ok": true, "robot_started": true, "status": "robot-completed", "clicks": 1}
READ_ONLY_DB_COPY {"label": "001-db-after-0", "rows": 833}
AUTHORITATIVE_RESULT {"id": 833, "team_no": "202623001141", "problem_no": 4, "practice_run_no": 2496697390709234308, "case_code": "9ZTS-HX77-732T-V75E", "entered": 1, "jammer_count": 16, "cleared_jammer_count": 16, "clear_failure_count": 2, "virtual_time_us": 6111347400, "end_reason": "user_exit", "created_at_ms": 1789274508024}
GUI_JOB {"action": "return", "folder": "003-1-return"}
WAIT_GUI {"seconds_remaining": 60}
GUI_RESULT {"status": "returned-to-practice", "ok": true, "clicks": 2, "robot_started": false}
SENSITIVITY_PROGRESS 654 742 robustness 4 baseline 9ZTS-HX77-732T-V75E 16 16
GUI_JOB {"action": "dry-run", "folder": "001-0-dry-run"}
WAIT_GUI {"seconds_remaining": 60}
GUI_RESULT {"status": "dry-run-ready", "ok": true, "clicks": 0, "robot_started": false}
READ_ONLY_DB_COPY {"label": "001-db-before", "rows": 833}
GUI_JOB {"action": "run", "folder": "002-1-run"}
WAIT_GUI {"seconds_remaining": 1320}
GUI_RESULT {"robot_exit": 0, "case_code": "KW2E-63BA-FZAB-5EQE", "ok": true, "robot_started": true, "status": "robot-completed", "clicks": 1}
READ_ONLY_DB_COPY {"label": "001-db-after-0", "rows": 834}
AUTHORITATIVE_RESULT {"id": 834, "team_no": "202623001141", "problem_no": 3, "practice_run_no": 3405601628548708120, "case_code": "KW2E-63BA-FZAB-5EQE", "entered": 1, "jammer_count": 15, "cleared_jammer_count": 15, "clear_failure_count": 0, "virtual_time_us": 3275761095, "end_reason": "user_exit", "created_at_ms": 1789274567015}
GUI_JOB {"action": "return", "folder": "003-1-return"}
WAIT_GUI {"seconds_remaining": 60}
GUI_RESULT {"status": "returned-to-practice", "ok": true, "clicks": 2, "robot_started": false}
SENSITIVITY_PROGRESS 655 742 robustness 3 perturbed KW2E-63BA-FZAB-5EQE 15 15
GUI_JOB {"action": "dry-run", "folder": "001-0-dry-run"}
WAIT_GUI {"seconds_remaining": 60}
GUI_RESULT {"status": "dry-run-ready", "ok": true, "clicks": 0, "robot_started": false}
READ_ONLY_DB_COPY {"label": "001-db-before", "rows": 834}
GUI_JOB {"action": "run", "folder": "002-1-run"}
WAIT_GUI {"seconds_remaining": 1320}
GUI_RESULT {"robot_exit": 0, "case_code": "QG6B-KHWR-WJK9-2RVU", "ok": true, "robot_started": true, "status": "robot-completed", "clicks": 1}
READ_ONLY_DB_COPY {"label": "001-db-after-0", "rows": 835}
AUTHORITATIVE_RESULT {"id": 835, "team_no": "202623001141", "problem_no": 3, "practice_run_no": 8915020912697304413, "case_code": "QG6B-KHWR-WJK9-2RVU", "entered": 1, "jammer_count": 11, "cleared_jammer_count": 11, "clear_failure_count": 0, "virtual_time_us": 2903377148, "end_reason": "user_exit", "created_at_ms": 1789274622657}
GUI_JOB {"action": "return", "folder": "003-1-return"}
WAIT_GUI {"seconds_remaining": 60}
GUI_RESULT {"status": "returned-to-practice", "ok": true, "clicks": 2, "robot_started": false}
SENSITIVITY_PROGRESS 656 742 robustness 3 perturbed QG6B-KHWR-WJK9-2RVU 11 11
GUI_JOB {"action": "dry-run", "folder": "001-0-dry-run"}
WAIT_GUI {"seconds_remaining": 60}
GUI_RESULT {"status": "dry-run-ready", "ok": true, "clicks": 0, "robot_started": false}
READ_ONLY_DB_COPY {"label": "001-db-before", "rows": 835}
GUI_JOB {"action": "run", "folder": "002-1-run"}
WAIT_GUI {"seconds_remaining": 1320}
GUI_RESULT {"robot_exit": 0, "case_code": "TWUR-UXBU-7JYQ-XRCA", "ok": true, "robot_started": true, "status": "robot-completed", "clicks": 1}
READ_ONLY_DB_COPY {"label": "001-db-after-0", "rows": 836}
AUTHORITATIVE_RESULT {"id": 836, "team_no": "202623001141", "problem_no": 4, "practice_run_no": 7690721074590286153, "case_code": "TWUR-UXBU-7JYQ-XRCA", "entered": 1, "jammer_count": 15, "cleared_jammer_count": 15, "clear_failure_count": 0, "virtual_time_us": 6045063613, "end_reason": "user_exit", "created_at_ms": 1789274677802}
GUI_JOB {"action": "return", "folder": "003-1-return"}
WAIT_GUI {"seconds_remaining": 60}
GUI_RESULT {"status": "returned-to-practice", "ok": true, "clicks": 2, "robot_started": false}
SENSITIVITY_PROGRESS 657 742 robustness 4 perturbed TWUR-UXBU-7JYQ-XRCA 15 15
GUI_JOB {"action": "dry-run", "folder": "001-0-dry-run"}
WAIT_GUI {"seconds_remaining": 60}
GUI_RESULT {"status": "dry-run-ready", "ok": true, "clicks": 0, "robot_started": false}
READ_ONLY_DB_COPY {"label": "001-db-before", "rows": 836}
GUI_JOB {"action": "run", "folder": "002-1-run"}
WAIT_GUI {"seconds_remaining": 1320}
GUI_RESULT {"robot_exit": 0, "case_code": "QJHR-FET2-X5X9-X92H", "ok": true, "robot_started": true, "status": "robot-completed", "clicks": 1}
READ_ONLY_DB_COPY {"label": "001-db-after-0", "rows": 837}
AUTHORITATIVE_RESULT {"id": 837, "team_no": "202623001141", "problem_no": 3, "practice_run_no": 2163766874776604767, "case_code": "QJHR-FET2-X5X9-X92H", "entered": 1, "jammer_count": 12, "cleared_jammer_count": 12, "clear_failure_count": 0, "virtual_time_us": 2959714967, "end_reason": "user_exit", "created_at_ms": 1789274738184}
GUI_JOB {"action": "return", "folder": "003-1-return"}
WAIT_GUI {"seconds_remaining": 60}
GUI_RESULT {"status": "returned-to-practice", "ok": true, "clicks": 2, "robot_started": false}
SENSITIVITY_PROGRESS 658 742 robustness 3 baseline QJHR-FET2-X5X9-X92H 12 12
GUI_JOB {"action": "dry-run", "folder": "001-0-dry-run"}
WAIT_GUI {"seconds_remaining": 60}
GUI_RESULT {"status": "dry-run-ready", "ok": true, "clicks": 0, "robot_started": false}
READ_ONLY_DB_COPY {"label": "001-db-before", "rows": 837}
GUI_JOB {"action": "run", "folder": "002-1-run"}
WAIT_GUI {"seconds_remaining": 1320}
GUI_RESULT {"robot_exit": 0, "case_code": "9UDK-JTFE-NJ5M-925G", "ok": true, "robot_started": true, "status": "robot-completed", "clicks": 1}
READ_ONLY_DB_COPY {"label": "001-db-after-0", "rows": 838}
AUTHORITATIVE_RESULT {"id": 838, "team_no": "202623001141", "problem_no": 4, "practice_run_no": 1825672993209201143, "case_code": "9UDK-JTFE-NJ5M-925G", "entered": 1, "jammer_count": 10, "cleared_jammer_count": 10, "clear_failure_count": 0, "virtual_time_us": 5661778181, "end_reason": "user_exit", "created_at_ms": 1789274792995}
GUI_JOB {"action": "return", "folder": "003-1-return"}
WAIT_GUI {"seconds_remaining": 60}
GUI_RESULT {"status": "returned-to-practice", "ok": true, "clicks": 2, "robot_started": false}
SENSITIVITY_PROGRESS 659 742 robustness 4 perturbed 9UDK-JTFE-NJ5M-925G 10 10
GUI_JOB {"action": "dry-run", "folder": "001-0-dry-run"}
WAIT_GUI {"seconds_remaining": 60}
GUI_RESULT {"status": "dry-run-ready", "ok": true, "clicks": 0, "robot_started": false}
READ_ONLY_DB_COPY {"label": "001-db-before", "rows": 838}
GUI_JOB {"action": "run", "folder": "002-1-run"}
WAIT_GUI {"seconds_remaining": 1320}
GUI_RESULT {"robot_exit": 0, "case_code": "5V5S-ZPG7-UCNG-8JSR", "ok": true, "robot_started": true, "status": "robot-completed", "clicks": 1}
READ_ONLY_DB_COPY {"label": "001-db-after-0", "rows": 839}
AUTHORITATIVE_RESULT {"id": 839, "team_no": "202623001141", "problem_no": 3, "practice_run_no": 439368986618937079, "case_code": "5V5S-ZPG7-UCNG-8JSR", "entered": 1, "jammer_count": 16, "cleared_jammer_count": 16, "clear_failure_count": 2, "virtual_time_us": 3201028178, "end_reason": "user_exit", "created_at_ms": 1789274854321}
GUI_JOB {"action": "return", "folder": "003-1-return"}
WAIT_GUI {"seconds_remaining": 60}
GUI_RESULT {"status": "returned-to-practice", "ok": true, "clicks": 2, "robot_started": false}
SENSITIVITY_PROGRESS 660 742 robustness 3 baseline 5V5S-ZPG7-UCNG-8JSR 16 16
GUI_JOB {"action": "dry-run", "folder": "001-0-dry-run"}
WAIT_GUI {"seconds_remaining": 60}
GUI_RESULT {"status": "dry-run-ready", "ok": true, "clicks": 0, "robot_started": false}
READ_ONLY_DB_COPY {"label": "001-db-before", "rows": 839}
GUI_JOB {"action": "run", "folder": "002-1-run"}
WAIT_GUI {"seconds_remaining": 1320}
GUI_RESULT {"robot_exit": 0, "case_code": "4XMQ-DB9R-Z4UY-FZX5", "ok": true, "robot_started": true, "status": "robot-completed", "clicks": 1}
READ_ONLY_DB_COPY {"label": "001-db-after-0", "rows": 840}
AUTHORITATIVE_RESULT {"id": 840, "team_no": "202623001141", "problem_no": 4, "practice_run_no": 5224132306556380961, "case_code": "4XMQ-DB9R-Z4UY-FZX5", "entered": 1, "jammer_count": 13, "cleared_jammer_count": 13, "clear_failure_count": 0, "virtual_time_us": 6313969888, "end_reason": "user_exit", "created_at_ms": 1789274910014}
GUI_JOB {"action": "return", "folder": "003-1-return"}
WAIT_GUI {"seconds_remaining": 60}
GUI_RESULT {"status": "returned-to-practice", "ok": true, "clicks": 2, "robot_started": false}
SENSITIVITY_PROGRESS 661 742 robustness 4 perturbed 4XMQ-DB9R-Z4UY-FZX5 13 13
GUI_JOB {"action": "dry-run", "folder": "001-0-dry-run"}
WAIT_GUI {"seconds_remaining": 60}
GUI_RESULT {"status": "dry-run-ready", "ok": true, "clicks": 0, "robot_started": false}
READ_ONLY_DB_COPY {"label": "001-db-before", "rows": 840}
GUI_JOB {"action": "run", "folder": "002-1-run"}
WAIT_GUI {"seconds_remaining": 1320}
GUI_RESULT {"robot_exit": 0, "case_code": "5MRD-9SEN-K9VE-AU95", "ok": true, "robot_started": true, "status": "robot-completed", "clicks": 1}
READ_ONLY_DB_COPY {"label": "001-db-after-0", "rows": 841}
AUTHORITATIVE_RESULT {"id": 841, "team_no": "202623001141", "problem_no": 3, "practice_run_no": 3447368360362744760, "case_code": "5MRD-9SEN-K9VE-AU95", "entered": 1, "jammer_count": 16, "cleared_jammer_count": 16, "clear_failure_count": 1, "virtual_time_us": 3090171389, "end_reason": "user_exit", "created_at_ms": 1789274969063}
GUI_JOB {"action": "return", "folder": "003-1-return"}
WAIT_GUI {"seconds_remaining": 60}
GUI_RESULT {"status": "returned-to-practice", "ok": true, "clicks": 2, "robot_started": false}
SENSITIVITY_PROGRESS 662 742 robustness 3 perturbed 5MRD-9SEN-K9VE-AU95 16 16
GUI_JOB {"action": "dry-run", "folder": "001-0-dry-run"}
WAIT_GUI {"seconds_remaining": 60}
GUI_RESULT {"status": "dry-run-ready", "ok": true, "clicks": 0, "robot_started": false}
READ_ONLY_DB_COPY {"label": "001-db-before", "rows": 841}
GUI_JOB {"action": "run", "folder": "002-1-run"}
WAIT_GUI {"seconds_remaining": 1320}
GUI_RESULT {"robot_exit": 0, "case_code": "H8YZ-JZ6J-BG49-ZZ36", "ok": true, "robot_started": true, "status": "robot-completed", "clicks": 1}
READ_ONLY_DB_COPY {"label": "001-db-after-0", "rows": 842}
AUTHORITATIVE_RESULT {"id": 842, "team_no": "202623001141", "problem_no": 3, "practice_run_no": 1657279731509279253, "case_code": "H8YZ-JZ6J-BG49-ZZ36", "entered": 1, "jammer_count": 14, "cleared_jammer_count": 14, "clear_failure_count": 1, "virtual_time_us": 3118046682, "end_reason": "user_exit", "created_at_ms": 1789275024267}
GUI_JOB {"action": "return", "folder": "003-1-return"}
WAIT_GUI {"seconds_remaining": 60}
GUI_RESULT {"status": "returned-to-practice", "ok": true, "clicks": 2, "robot_started": false}
SENSITIVITY_PROGRESS 663 742 robustness 3 perturbed H8YZ-JZ6J-BG49-ZZ36 14 14
GUI_JOB {"action": "dry-run", "folder": "001-0-dry-run"}
WAIT_GUI {"seconds_remaining": 60}
GUI_RESULT {"status": "dry-run-ready", "ok": true, "clicks": 0, "robot_started": false}
READ_ONLY_DB_COPY {"label": "001-db-before", "rows": 842}
GUI_JOB {"action": "run", "folder": "002-1-run"}
WAIT_GUI {"seconds_remaining": 1320}
GUI_RESULT {"robot_exit": 0, "case_code": "Z9ZC-MFE8-BYM7-CZQH", "ok": true, "robot_started": true, "status": "robot-completed", "clicks": 1}
READ_ONLY_DB_COPY {"label": "001-db-after-0", "rows": 843}
AUTHORITATIVE_RESULT {"id": 843, "team_no": "202623001141", "problem_no": 4, "practice_run_no": 3140413333736993930, "case_code": "Z9ZC-MFE8-BYM7-CZQH", "entered": 1, "jammer_count": 14, "cleared_jammer_count": 14, "clear_failure_count": 0, "virtual_time_us": 6105295170, "end_reason": "user_exit", "created_at_ms": 1789275081385}
GUI_JOB {"action": "return", "folder": "003-1-return"}
WAIT_GUI {"seconds_remaining": 60}
GUI_RESULT {"status": "returned-to-practice", "ok": true, "clicks": 2, "robot_started": false}
SENSITIVITY_PROGRESS 664 742 robustness 4 baseline Z9ZC-MFE8-BYM7-CZQH 14 14
GUI_JOB {"action": "dry-run", "folder": "001-0-dry-run"}
WAIT_GUI {"seconds_remaining": 60}
GUI_RESULT {"status": "dry-run-ready", "ok": true, "clicks": 0, "robot_started": false}
READ_ONLY_DB_COPY {"label": "001-db-before", "rows": 843}
GUI_JOB {"action": "run", "folder": "002-1-run"}
WAIT_GUI {"seconds_remaining": 1320}
GUI_RESULT {"robot_exit": 0, "case_code": "PNQG-VUKH-HVZH-RCQK", "ok": true, "robot_started": true, "status": "robot-completed", "clicks": 1}
READ_ONLY_DB_COPY {"label": "001-db-after-0", "rows": 844}
AUTHORITATIVE_RESULT {"id": 844, "team_no": "202623001141", "problem_no": 4, "practice_run_no": 4147483363330041117, "case_code": "PNQG-VUKH-HVZH-RCQK", "entered": 1, "jammer_count": 11, "cleared_jammer_count": 11, "clear_failure_count": 1, "virtual_time_us": 5841127826, "end_reason": "user_exit", "created_at_ms": 1789275142906}
GUI_JOB {"action": "return", "folder": "003-1-return"}
WAIT_GUI {"seconds_remaining": 60}
GUI_RESULT {"status": "returned-to-practice", "ok": true, "clicks": 2, "robot_started": false}
SENSITIVITY_PROGRESS 665 742 robustness 4 perturbed PNQG-VUKH-HVZH-RCQK 11 11
GUI_JOB {"action": "dry-run", "folder": "001-0-dry-run"}
WAIT_GUI {"seconds_remaining": 60}
GUI_RESULT {"status": "dry-run-ready", "ok": true, "clicks": 0, "robot_started": false}
READ_ONLY_DB_COPY {"label": "001-db-before", "rows": 844}
GUI_JOB {"action": "run", "folder": "002-1-run"}
WAIT_GUI {"seconds_remaining": 1320}
GUI_RESULT {"robot_exit": 0, "case_code": "BWNU-E38B-3XBQ-DZ6P", "ok": true, "robot_started": true, "status": "robot-completed", "clicks": 1}
READ_ONLY_DB_COPY {"label": "001-db-after-0", "rows": 845}
AUTHORITATIVE_RESULT {"id": 845, "team_no": "202623001141", "problem_no": 3, "practice_run_no": 3419372163210033469, "case_code": "BWNU-E38B-3XBQ-DZ6P", "entered": 1, "jammer_count": 13, "cleared_jammer_count": 13, "clear_failure_count": 0, "virtual_time_us": 3258812264, "end_reason": "user_exit", "created_at_ms": 1789275204186}
GUI_JOB {"action": "return", "folder": "003-1-return"}
WAIT_GUI {"seconds_remaining": 60}
GUI_RESULT {"status": "returned-to-practice", "ok": true, "clicks": 2, "robot_started": false}
SENSITIVITY_PROGRESS 666 742 robustness 3 perturbed BWNU-E38B-3XBQ-DZ6P 13 13
GUI_JOB {"action": "dry-run", "folder": "001-0-dry-run"}
WAIT_GUI {"seconds_remaining": 60}
GUI_RESULT {"status": "dry-run-ready", "ok": true, "clicks": 0, "robot_started": false}
READ_ONLY_DB_COPY {"label": "001-db-before", "rows": 845}
GUI_JOB {"action": "run", "folder": "002-1-run"}
WAIT_GUI {"seconds_remaining": 1320}
GUI_RESULT {"robot_exit": 0, "case_code": "T45C-UKVQ-TXHB-YCJC", "ok": true, "robot_started": true, "status": "robot-completed", "clicks": 1}
READ_ONLY_DB_COPY {"label": "001-db-after-0", "rows": 846}
AUTHORITATIVE_RESULT {"id": 846, "team_no": "202623001141", "problem_no": 4, "practice_run_no": 8049363377989272166, "case_code": "T45C-UKVQ-TXHB-YCJC", "entered": 1, "jammer_count": 16, "cleared_jammer_count": 16, "clear_failure_count": 0, "virtual_time_us": 6342025410, "end_reason": "user_exit", "created_at_ms": 1789275262523}
GUI_JOB {"action": "return", "folder": "003-1-return"}
WAIT_GUI {"seconds_remaining": 60}
GUI_RESULT {"status": "returned-to-practice", "ok": true, "clicks": 2, "robot_started": false}
SENSITIVITY_PROGRESS 667 742 robustness 4 perturbed T45C-UKVQ-TXHB-YCJC 16 16
GUI_JOB {"action": "dry-run", "folder": "001-0-dry-run"}
WAIT_GUI {"seconds_remaining": 60}
GUI_RESULT {"status": "dry-run-ready", "ok": true, "clicks": 0, "robot_started": false}
READ_ONLY_DB_COPY {"label": "001-db-before", "rows": 846}
GUI_JOB {"action": "run", "folder": "002-1-run"}
WAIT_GUI {"seconds_remaining": 1320}
GUI_RESULT {"robot_exit": 0, "case_code": "GST4-D8N4-PCWP-UA76", "ok": true, "robot_started": true, "status": "robot-completed", "clicks": 1}
READ_ONLY_DB_COPY {"label": "001-db-after-0", "rows": 847}
AUTHORITATIVE_RESULT {"id": 847, "team_no": "202623001141", "problem_no": 3, "practice_run_no": 4091414342086133268, "case_code": "GST4-D8N4-PCWP-UA76", "entered": 1, "jammer_count": 13, "cleared_jammer_count": 13, "clear_failure_count": 0, "virtual_time_us": 3201232330, "end_reason": "user_exit", "created_at_ms": 1789275324903}
GUI_JOB {"action": "return", "folder": "003-1-return"}
WAIT_GUI {"seconds_remaining": 60}
GUI_RESULT {"status": "returned-to-practice", "ok": true, "clicks": 2, "robot_started": false}
SENSITIVITY_PROGRESS 668 742 robustness 3 perturbed GST4-D8N4-PCWP-UA76 13 13
GUI_JOB {"action": "dry-run", "folder": "001-0-dry-run"}
WAIT_GUI {"seconds_remaining": 60}
GUI_RESULT {"status": "dry-run-ready", "ok": true, "clicks": 0, "robot_started": false}
READ_ONLY_DB_COPY {"label": "001-db-before", "rows": 847}
GUI_JOB {"action": "run", "folder": "002-1-run"}
WAIT_GUI {"seconds_remaining": 1320}
GUI_RESULT {"robot_exit": 0, "case_code": "K7RP-ZYE9-NCQH-RM4W", "ok": true, "robot_started": true, "status": "robot-completed", "clicks": 1}
READ_ONLY_DB_COPY {"label": "001-db-after-0", "rows": 848}
AUTHORITATIVE_RESULT {"id": 848, "team_no": "202623001141", "problem_no": 4, "practice_run_no": 141953470111448363, "case_code": "K7RP-ZYE9-NCQH-RM4W", "entered": 1, "jammer_count": 10, "cleared_jammer_count": 10, "clear_failure_count": 0, "virtual_time_us": 6317966073, "end_reason": "user_exit", "created_at_ms": 1789275385486}
GUI_JOB {"action": "return", "folder": "003-1-return"}
WAIT_GUI {"seconds_remaining": 60}
GUI_RESULT {"status": "returned-to-practice", "ok": true, "clicks": 2, "robot_started": false}
SENSITIVITY_PROGRESS 669 742 robustness 4 baseline K7RP-ZYE9-NCQH-RM4W 10 10
GUI_JOB {"action": "dry-run", "folder": "001-0-dry-run"}
WAIT_GUI {"seconds_remaining": 60}
GUI_RESULT {"status": "dry-run-ready", "ok": true, "clicks": 0, "robot_started": false}
READ_ONLY_DB_COPY {"label": "001-db-before", "rows": 848}
GUI_JOB {"action": "run", "folder": "002-1-run"}
WAIT_GUI {"seconds_remaining": 1320}
GUI_RESULT {"robot_exit": 0, "case_code": "DB89-VBKW-HZG7-KVN7", "ok": true, "robot_started": true, "status": "robot-completed", "clicks": 1}
READ_ONLY_DB_COPY {"label": "001-db-after-0", "rows": 849}
AUTHORITATIVE_RESULT {"id": 849, "team_no": "202623001141", "problem_no": 3, "practice_run_no": 8561808723708774170, "case_code": "DB89-VBKW-HZG7-KVN7", "entered": 1, "jammer_count": 12, "cleared_jammer_count": 12, "clear_failure_count": 0, "virtual_time_us": 3181849876, "end_reason": "user_exit", "created_at_ms": 1789275454043}
GUI_JOB {"action": "return", "folder": "003-1-return"}
WAIT_GUI {"seconds_remaining": 60}
GUI_RESULT {"status": "returned-to-practice", "ok": true, "clicks": 2, "robot_started": false}
SENSITIVITY_PROGRESS 670 742 robustness 3 baseline DB89-VBKW-HZG7-KVN7 12 12
GUI_JOB {"action": "dry-run", "folder": "001-0-dry-run"}
WAIT_GUI {"seconds_remaining": 60}
GUI_RESULT {"status": "dry-run-ready", "ok": true, "clicks": 0, "robot_started": false}
READ_ONLY_DB_COPY {"label": "001-db-before", "rows": 849}
GUI_JOB {"action": "run", "folder": "002-1-run"}
WAIT_GUI {"seconds_remaining": 1320}
GUI_RESULT {"robot_exit": 0, "case_code": "X4H8-FVR2-GJFH-ZYSU", "ok": true, "robot_started": true, "status": "robot-completed", "clicks": 1}
READ_ONLY_DB_COPY {"label": "001-db-after-0", "rows": 850}
AUTHORITATIVE_RESULT {"id": 850, "team_no": "202623001141", "problem_no": 3, "practice_run_no": 3813608381679633626, "case_code": "X4H8-FVR2-GJFH-ZYSU", "entered": 1, "jammer_count": 11, "cleared_jammer_count": 11, "clear_failure_count": 0, "virtual_time_us": 3279917492, "end_reason": "user_exit", "created_at_ms": 1789275513865}
GUI_JOB {"action": "return", "folder": "003-1-return"}
WAIT_GUI {"seconds_remaining": 60}
GUI_RESULT {"status": "returned-to-practice", "ok": true, "clicks": 2, "robot_started": false}
SENSITIVITY_PROGRESS 671 742 robustness 3 perturbed X4H8-FVR2-GJFH-ZYSU 11 11
GUI_JOB {"action": "dry-run", "folder": "001-0-dry-run"}
WAIT_GUI {"seconds_remaining": 60}
GUI_RESULT {"status": "dry-run-ready", "ok": true, "clicks": 0, "robot_started": false}
READ_ONLY_DB_COPY {"label": "001-db-before", "rows": 850}
GUI_JOB {"action": "run", "folder": "002-1-run"}
WAIT_GUI {"seconds_remaining": 1320}
GUI_RESULT {"robot_exit": 0, "case_code": "9QJ4-AUVR-DFSD-BNXT", "ok": true, "robot_started": true, "status": "robot-completed", "clicks": 1}
READ_ONLY_DB_COPY {"label": "001-db-after-0", "rows": 851}
AUTHORITATIVE_RESULT {"id": 851, "team_no": "202623001141", "problem_no": 3, "practice_run_no": 1579307363081679144, "case_code": "9QJ4-AUVR-DFSD-BNXT", "entered": 1, "jammer_count": 14, "cleared_jammer_count": 14, "clear_failure_count": 0, "virtual_time_us": 3455314978, "end_reason": "user_exit", "created_at_ms": 1789275572764}
GUI_JOB {"action": "return", "folder": "003-1-return"}
WAIT_GUI {"seconds_remaining": 60}
GUI_RESULT {"status": "returned-to-practice", "ok": true, "clicks": 2, "robot_started": false}
SENSITIVITY_PROGRESS 672 742 robustness 3 baseline 9QJ4-AUVR-DFSD-BNXT 14 14
GUI_JOB {"action": "dry-run", "folder": "001-0-dry-run"}
WAIT_GUI {"seconds_remaining": 60}
GUI_RESULT {"status": "dry-run-ready", "ok": true, "clicks": 0, "robot_started": false}
READ_ONLY_DB_COPY {"label": "001-db-before", "rows": 851}
GUI_JOB {"action": "run", "folder": "002-1-run"}
WAIT_GUI {"seconds_remaining": 1320}
GUI_RESULT {"robot_exit": 0, "case_code": "F7HZ-N5C7-GNCP-E8KR", "ok": true, "robot_started": true, "status": "robot-completed", "clicks": 1}
READ_ONLY_DB_COPY {"label": "001-db-after-0", "rows": 852}
AUTHORITATIVE_RESULT {"id": 852, "team_no": "202623001141", "problem_no": 4, "practice_run_no": 4237108902388166601, "case_code": "F7HZ-N5C7-GNCP-E8KR", "entered": 1, "jammer_count": 16, "cleared_jammer_count": 16, "clear_failure_count": 0, "virtual_time_us": 5490546449, "end_reason": "user_exit", "created_at_ms": 1789275632700}
GUI_JOB {"action": "return", "folder": "003-1-return"}
WAIT_GUI {"seconds_remaining": 60}
GUI_RESULT {"status": "returned-to-practice", "ok": true, "clicks": 2, "robot_started": false}
SENSITIVITY_PROGRESS 673 742 robustness 4 baseline F7HZ-N5C7-GNCP-E8KR 16 16
GUI_JOB {"action": "dry-run", "folder": "001-0-dry-run"}
WAIT_GUI {"seconds_remaining": 60}
GUI_RESULT {"status": "dry-run-ready", "ok": true, "clicks": 0, "robot_started": false}
READ_ONLY_DB_COPY {"label": "001-db-before", "rows": 852}
GUI_JOB {"action": "run", "folder": "002-1-run"}
WAIT_GUI {"seconds_remaining": 1320}
GUI_RESULT {"robot_exit": 0, "case_code": "4E8T-FE24-FANM-JR7M", "ok": true, "robot_started": true, "status": "robot-completed", "clicks": 1}
READ_ONLY_DB_COPY {"label": "001-db-after-0", "rows": 853}
AUTHORITATIVE_RESULT {"id": 853, "team_no": "202623001141", "problem_no": 4, "practice_run_no": 4788406217644115271, "case_code": "4E8T-FE24-FANM-JR7M", "entered": 1, "jammer_count": 14, "cleared_jammer_count": 14, "clear_failure_count": 0, "virtual_time_us": 6014049015, "end_reason": "user_exit", "created_at_ms": 1789275697723}
GUI_JOB {"action": "return", "folder": "003-1-return"}
WAIT_GUI {"seconds_remaining": 60}
GUI_RESULT {"status": "returned-to-practice", "ok": true, "clicks": 2, "robot_started": false}
SENSITIVITY_PROGRESS 674 742 robustness 4 perturbed 4E8T-FE24-FANM-JR7M 14 14
GUI_JOB {"action": "dry-run", "folder": "001-0-dry-run"}
WAIT_GUI {"seconds_remaining": 60}
GUI_RESULT {"status": "dry-run-ready", "ok": true, "clicks": 0, "robot_started": false}
READ_ONLY_DB_COPY {"label": "001-db-before", "rows": 853}
GUI_JOB {"action": "run", "folder": "002-1-run"}
WAIT_GUI {"seconds_remaining": 1320}
GUI_RESULT {"robot_exit": 0, "case_code": "YT3X-XNYR-G7EP-8FKX", "ok": true, "robot_started": true, "status": "robot-completed", "clicks": 1}
READ_ONLY_DB_COPY {"label": "001-db-after-0", "rows": 854}
AUTHORITATIVE_RESULT {"id": 854, "team_no": "202623001141", "problem_no": 4, "practice_run_no": 5288324842142890125, "case_code": "YT3X-XNYR-G7EP-8FKX", "entered": 1, "jammer_count": 12, "cleared_jammer_count": 12, "clear_failure_count": 0, "virtual_time_us": 6639656992, "end_reason": "user_exit", "created_at_ms": 1789275760134}
GUI_JOB {"action": "return", "folder": "003-1-return"}
WAIT_GUI {"seconds_remaining": 60}
GUI_RESULT {"status": "returned-to-practice", "ok": true, "clicks": 2, "robot_started": false}
SENSITIVITY_PROGRESS 675 742 robustness 4 perturbed YT3X-XNYR-G7EP-8FKX 12 12
GUI_JOB {"action": "dry-run", "folder": "001-0-dry-run"}
WAIT_GUI {"seconds_remaining": 60}
GUI_RESULT {"status": "dry-run-ready", "ok": true, "clicks": 0, "robot_started": false}
READ_ONLY_DB_COPY {"label": "001-db-before", "rows": 854}
GUI_JOB {"action": "run", "folder": "002-1-run"}
WAIT_GUI {"seconds_remaining": 1320}
GUI_RESULT {"robot_exit": 0, "case_code": "YF9F-8B82-VGKC-MVV3", "ok": true, "robot_started": true, "status": "robot-completed", "clicks": 1}
READ_ONLY_DB_COPY {"label": "001-db-after-0", "rows": 855}
AUTHORITATIVE_RESULT {"id": 855, "team_no": "202623001141", "problem_no": 3, "practice_run_no": 110815083729547776, "case_code": "YF9F-8B82-VGKC-MVV3", "entered": 1, "jammer_count": 11, "cleared_jammer_count": 11, "clear_failure_count": 0, "virtual_time_us": 3451515871, "end_reason": "user_exit", "created_at_ms": 1789275826078}
GUI_JOB {"action": "return", "folder": "003-1-return"}
WAIT_GUI {"seconds_remaining": 60}
GUI_RESULT {"status": "returned-to-practice", "ok": true, "clicks": 2, "robot_started": false}
SENSITIVITY_PROGRESS 676 742 robustness 3 perturbed YF9F-8B82-VGKC-MVV3 11 11
GUI_JOB {"action": "dry-run", "folder": "001-0-dry-run"}
WAIT_GUI {"seconds_remaining": 60}
GUI_RESULT {"status": "dry-run-ready", "ok": true, "clicks": 0, "robot_started": false}
READ_ONLY_DB_COPY {"label": "001-db-before", "rows": 855}
GUI_JOB {"action": "run", "folder": "002-1-run"}
WAIT_GUI {"seconds_remaining": 1320}
GUI_RESULT {"robot_exit": 0, "case_code": "WSKB-JG7U-F4BV-DGRB", "ok": true, "robot_started": true, "status": "robot-completed", "clicks": 1}
READ_ONLY_DB_COPY {"label": "001-db-after-0", "rows": 856}
AUTHORITATIVE_RESULT {"id": 856, "team_no": "202623001141", "problem_no": 4, "practice_run_no": 4794314828964287249, "case_code": "WSKB-JG7U-F4BV-DGRB", "entered": 1, "jammer_count": 14, "cleared_jammer_count": 14, "clear_failure_count": 0, "virtual_time_us": 5630585763, "end_reason": "user_exit", "created_at_ms": 1789275891191}
GUI_JOB {"action": "return", "folder": "003-1-return"}
WAIT_GUI {"seconds_remaining": 60}
GUI_RESULT {"status": "returned-to-practice", "ok": true, "clicks": 2, "robot_started": false}
SENSITIVITY_PROGRESS 677 742 robustness 4 perturbed WSKB-JG7U-F4BV-DGRB 14 14
GUI_JOB {"action": "dry-run", "folder": "001-0-dry-run"}
WAIT_GUI {"seconds_remaining": 60}
GUI_RESULT {"status": "dry-run-ready", "ok": true, "clicks": 0, "robot_started": false}
READ_ONLY_DB_COPY {"label": "001-db-before", "rows": 856}
GUI_JOB {"action": "run", "folder": "002-1-run"}
WAIT_GUI {"seconds_remaining": 1320}
GUI_RESULT {"robot_exit": 0, "case_code": "KT3V-N8AT-WR4W-95PV", "ok": true, "robot_started": true, "status": "robot-completed", "clicks": 1}
READ_ONLY_DB_COPY {"label": "001-db-after-0", "rows": 857}
AUTHORITATIVE_RESULT {"id": 857, "team_no": "202623001141", "problem_no": 3, "practice_run_no": 4459757274924154370, "case_code": "KT3V-N8AT-WR4W-95PV", "entered": 1, "jammer_count": 13, "cleared_jammer_count": 13, "clear_failure_count": 0, "virtual_time_us": 3145051696, "end_reason": "user_exit", "created_at_ms": 1789275951491}
GUI_JOB {"action": "return", "folder": "003-1-return"}
WAIT_GUI {"seconds_remaining": 60}
GUI_RESULT {"status": "returned-to-practice", "ok": true, "clicks": 2, "robot_started": false}
SENSITIVITY_PROGRESS 678 742 robustness 3 perturbed KT3V-N8AT-WR4W-95PV 13 13
GUI_JOB {"action": "dry-run", "folder": "001-0-dry-run"}
WAIT_GUI {"seconds_remaining": 60}
GUI_RESULT {"status": "dry-run-ready", "ok": true, "clicks": 0, "robot_started": false}
READ_ONLY_DB_COPY {"label": "001-db-before", "rows": 857}
GUI_JOB {"action": "run", "folder": "002-1-run"}
WAIT_GUI {"seconds_remaining": 1320}
GUI_RESULT {"robot_exit": 0, "case_code": "GQGN-YSGX-G788-PZGZ", "ok": true, "robot_started": true, "status": "robot-completed", "clicks": 1}
READ_ONLY_DB_COPY {"label": "001-db-after-0", "rows": 858}
AUTHORITATIVE_RESULT {"id": 858, "team_no": "202623001141", "problem_no": 4, "practice_run_no": 4018410570027506881, "case_code": "GQGN-YSGX-G788-PZGZ", "entered": 1, "jammer_count": 14, "cleared_jammer_count": 14, "clear_failure_count": 0, "virtual_time_us": 6081924980, "end_reason": "user_exit", "created_at_ms": 1789276009919}
GUI_JOB {"action": "return", "folder": "003-1-return"}
WAIT_GUI {"seconds_remaining": 60}
GUI_RESULT {"status": "returned-to-practice", "ok": true, "clicks": 2, "robot_started": false}
SENSITIVITY_PROGRESS 679 742 robustness 4 perturbed GQGN-YSGX-G788-PZGZ 14 14
GUI_JOB {"action": "dry-run", "folder": "001-0-dry-run"}
WAIT_GUI {"seconds_remaining": 60}
GUI_RESULT {"status": "dry-run-ready", "ok": true, "clicks": 0, "robot_started": false}
READ_ONLY_DB_COPY {"label": "001-db-before", "rows": 858}
GUI_JOB {"action": "run", "folder": "002-1-run"}
WAIT_GUI {"seconds_remaining": 1320}
GUI_RESULT {"robot_exit": 0, "case_code": "B5P9-RJD4-4K56-68DD", "ok": true, "robot_started": true, "status": "robot-completed", "clicks": 1}
READ_ONLY_DB_COPY {"label": "001-db-after-0", "rows": 859}
AUTHORITATIVE_RESULT {"id": 859, "team_no": "202623001141", "problem_no": 3, "practice_run_no": 5825768582492403355, "case_code": "B5P9-RJD4-4K56-68DD", "entered": 1, "jammer_count": 13, "cleared_jammer_count": 13, "clear_failure_count": 1, "virtual_time_us": 3014135265, "end_reason": "user_exit", "created_at_ms": 1789276073396}
GUI_JOB {"action": "return", "folder": "003-1-return"}
WAIT_GUI {"seconds_remaining": 60}
GUI_RESULT {"status": "returned-to-practice", "ok": true, "clicks": 2, "robot_started": false}
SENSITIVITY_PROGRESS 680 742 robustness 3 baseline B5P9-RJD4-4K56-68DD 13 13
GUI_JOB {"action": "dry-run", "folder": "001-0-dry-run"}
WAIT_GUI {"seconds_remaining": 60}
GUI_RESULT {"status": "dry-run-ready", "ok": true, "clicks": 0, "robot_started": false}
READ_ONLY_DB_COPY {"label": "001-db-before", "rows": 859}
GUI_JOB {"action": "run", "folder": "002-1-run"}
WAIT_GUI {"seconds_remaining": 1320}
GUI_RESULT {"robot_exit": 0, "case_code": "Y9QE-EMSZ-93RT-2QKH", "ok": true, "robot_started": true, "status": "robot-completed", "clicks": 1}
READ_ONLY_DB_COPY {"label": "001-db-after-0", "rows": 860}
AUTHORITATIVE_RESULT {"id": 860, "team_no": "202623001141", "problem_no": 3, "practice_run_no": 6799711385382634382, "case_code": "Y9QE-EMSZ-93RT-2QKH", "entered": 1, "jammer_count": 13, "cleared_jammer_count": 13, "clear_failure_count": 0, "virtual_time_us": 3639558207, "end_reason": "user_exit", "created_at_ms": 1789276131558}
GUI_JOB {"action": "return", "folder": "003-1-return"}
WAIT_GUI {"seconds_remaining": 60}
GUI_RESULT {"status": "returned-to-practice", "ok": true, "clicks": 2, "robot_started": false}
SENSITIVITY_PROGRESS 681 742 robustness 3 perturbed Y9QE-EMSZ-93RT-2QKH 13 13
GUI_JOB {"action": "dry-run", "folder": "001-0-dry-run"}
WAIT_GUI {"seconds_remaining": 60}
GUI_RESULT {"status": "dry-run-ready", "ok": true, "clicks": 0, "robot_started": false}
READ_ONLY_DB_COPY {"label": "001-db-before", "rows": 860}
GUI_JOB {"action": "run", "folder": "002-1-run"}
WAIT_GUI {"seconds_remaining": 1320}
GUI_RESULT {"robot_exit": 0, "case_code": "6MWA-74AG-829R-CAVQ", "ok": true, "robot_started": true, "status": "robot-completed", "clicks": 1}
READ_ONLY_DB_COPY {"label": "001-db-after-0", "rows": 861}
AUTHORITATIVE_RESULT {"id": 861, "team_no": "202623001141", "problem_no": 4, "practice_run_no": 453500716754296649, "case_code": "6MWA-74AG-829R-CAVQ", "entered": 1, "jammer_count": 11, "cleared_jammer_count": 11, "clear_failure_count": 0, "virtual_time_us": 6410375970, "end_reason": "user_exit", "created_at_ms": 1789276192088}
GUI_JOB {"action": "return", "folder": "003-1-return"}
WAIT_GUI {"seconds_remaining": 60}
GUI_RESULT {"status": "returned-to-practice", "ok": true, "clicks": 2, "robot_started": false}
SENSITIVITY_PROGRESS 682 742 robustness 4 baseline 6MWA-74AG-829R-CAVQ 11 11
GUI_JOB {"action": "dry-run", "folder": "001-0-dry-run"}
WAIT_GUI {"seconds_remaining": 60}
GUI_RESULT {"status": "dry-run-ready", "ok": true, "clicks": 0, "robot_started": false}
READ_ONLY_DB_COPY {"label": "001-db-before", "rows": 861}
GUI_JOB {"action": "run", "folder": "002-1-run"}
WAIT_GUI {"seconds_remaining": 1320}
GUI_RESULT {"robot_exit": 0, "case_code": "DMZQ-JR4G-4AKZ-GAC7", "ok": true, "robot_started": true, "status": "robot-completed", "clicks": 1}
READ_ONLY_DB_COPY {"label": "001-db-after-0", "rows": 862}
AUTHORITATIVE_RESULT {"id": 862, "team_no": "202623001141", "problem_no": 3, "practice_run_no": 2561894772003282924, "case_code": "DMZQ-JR4G-4AKZ-GAC7", "entered": 1, "jammer_count": 10, "cleared_jammer_count": 10, "clear_failure_count": 0, "virtual_time_us": 3180797490, "end_reason": "user_exit", "created_at_ms": 1789276259244}
GUI_JOB {"action": "return", "folder": "003-1-return"}
WAIT_GUI {"seconds_remaining": 60}
GUI_RESULT {"status": "returned-to-practice", "ok": true, "clicks": 2, "robot_started": false}
SENSITIVITY_PROGRESS 683 742 robustness 3 perturbed DMZQ-JR4G-4AKZ-GAC7 10 10
GUI_JOB {"action": "dry-run", "folder": "001-0-dry-run"}
WAIT_GUI {"seconds_remaining": 60}
GUI_RESULT {"status": "dry-run-ready", "ok": true, "clicks": 0, "robot_started": false}
READ_ONLY_DB_COPY {"label": "001-db-before", "rows": 862}
GUI_JOB {"action": "run", "folder": "002-1-run"}
WAIT_GUI {"seconds_remaining": 1320}
GUI_RESULT {"robot_exit": 0, "case_code": "8VKT-2JTU-VKCT-U3G7", "ok": true, "robot_started": true, "status": "robot-completed", "clicks": 1}
READ_ONLY_DB_COPY {"label": "001-db-after-0", "rows": 863}
AUTHORITATIVE_RESULT {"id": 863, "team_no": "202623001141", "problem_no": 4, "practice_run_no": 9113468158549713484, "case_code": "8VKT-2JTU-VKCT-U3G7", "entered": 1, "jammer_count": 14, "cleared_jammer_count": 14, "clear_failure_count": 0, "virtual_time_us": 6455720247, "end_reason": "user_exit", "created_at_ms": 1789276318972}
GUI_JOB {"action": "return", "folder": "003-1-return"}
WAIT_GUI {"seconds_remaining": 60}
GUI_RESULT {"status": "returned-to-practice", "ok": true, "clicks": 2, "robot_started": false}
SENSITIVITY_PROGRESS 684 742 robustness 4 perturbed 8VKT-2JTU-VKCT-U3G7 14 14
GUI_JOB {"action": "dry-run", "folder": "001-0-dry-run"}
WAIT_GUI {"seconds_remaining": 60}
GUI_RESULT {"status": "dry-run-ready", "ok": true, "clicks": 0, "robot_started": false}
READ_ONLY_DB_COPY {"label": "001-db-before", "rows": 863}
GUI_JOB {"action": "run", "folder": "002-1-run"}
WAIT_GUI {"seconds_remaining": 1320}
WAIT_GUI {"seconds_remaining": 1290}
GUI_RESULT {"robot_exit": 0, "case_code": "DHGZ-2PWR-Y49R-DJ5K", "ok": true, "robot_started": true, "status": "robot-completed", "clicks": 1}
READ_ONLY_DB_COPY {"label": "001-db-after-0", "rows": 864}
AUTHORITATIVE_RESULT {"id": 864, "team_no": "202623001141", "problem_no": 3, "practice_run_no": 3221722166955479367, "case_code": "DHGZ-2PWR-Y49R-DJ5K", "entered": 1, "jammer_count": 16, "cleared_jammer_count": 16, "clear_failure_count": 0, "virtual_time_us": 3778950641, "end_reason": "user_exit", "created_at_ms": 1789276388489}
GUI_JOB {"action": "return", "folder": "003-1-return"}
WAIT_GUI {"seconds_remaining": 60}
GUI_RESULT {"status": "returned-to-practice", "ok": true, "clicks": 2, "robot_started": false}
SENSITIVITY_PROGRESS 685 742 robustness 3 perturbed DHGZ-2PWR-Y49R-DJ5K 16 16
GUI_JOB {"action": "dry-run", "folder": "001-0-dry-run"}
WAIT_GUI {"seconds_remaining": 60}
GUI_RESULT {"status": "dry-run-ready", "ok": true, "clicks": 0, "robot_started": false}
READ_ONLY_DB_COPY {"label": "001-db-before", "rows": 864}
GUI_JOB {"action": "run", "folder": "002-1-run"}
WAIT_GUI {"seconds_remaining": 1320}
GUI_RESULT {"robot_exit": 0, "case_code": "9ZQM-HP2M-Y9YT-799D", "ok": true, "robot_started": true, "status": "robot-completed", "clicks": 1}
READ_ONLY_DB_COPY {"label": "001-db-after-0", "rows": 865}
AUTHORITATIVE_RESULT {"id": 865, "team_no": "202623001141", "problem_no": 3, "practice_run_no": 1224104965055343084, "case_code": "9ZQM-HP2M-Y9YT-799D", "entered": 1, "jammer_count": 14, "cleared_jammer_count": 14, "clear_failure_count": 1, "virtual_time_us": 3567970078, "end_reason": "user_exit", "created_at_ms": 1789276454443}
GUI_JOB {"action": "return", "folder": "003-1-return"}
WAIT_GUI {"seconds_remaining": 60}
GUI_RESULT {"status": "returned-to-practice", "ok": true, "clicks": 2, "robot_started": false}
SENSITIVITY_PROGRESS 686 742 robustness 3 baseline 9ZQM-HP2M-Y9YT-799D 14 14
GUI_JOB {"action": "dry-run", "folder": "001-0-dry-run"}
WAIT_GUI {"seconds_remaining": 60}
GUI_RESULT {"status": "dry-run-ready", "ok": true, "clicks": 0, "robot_started": false}
READ_ONLY_DB_COPY {"label": "001-db-before", "rows": 865}
GUI_JOB {"action": "run", "folder": "002-1-run"}
WAIT_GUI {"seconds_remaining": 1320}
WAIT_GUI {"seconds_remaining": 1290}
GUI_RESULT {"robot_exit": 0, "case_code": "8KD6-ZUSU-BTDX-ADV8", "ok": true, "robot_started": true, "status": "robot-completed", "clicks": 1}
READ_ONLY_DB_COPY {"label": "001-db-after-0", "rows": 866}
AUTHORITATIVE_RESULT {"id": 866, "team_no": "202623001141", "problem_no": 4, "practice_run_no": 1374230068347087365, "case_code": "8KD6-ZUSU-BTDX-ADV8", "entered": 1, "jammer_count": 11, "cleared_jammer_count": 11, "clear_failure_count": 0, "virtual_time_us": 6399655940, "end_reason": "user_exit", "created_at_ms": 1789276515997}
GUI_JOB {"action": "return", "folder": "003-1-return"}
WAIT_GUI {"seconds_remaining": 60}
GUI_RESULT {"status": "returned-to-practice", "ok": true, "clicks": 2, "robot_started": false}
SENSITIVITY_PROGRESS 687 742 robustness 4 baseline 8KD6-ZUSU-BTDX-ADV8 11 11
GUI_JOB {"action": "dry-run", "folder": "001-0-dry-run"}
WAIT_GUI {"seconds_remaining": 60}
GUI_RESULT {"status": "dry-run-ready", "ok": true, "clicks": 0, "robot_started": false}
READ_ONLY_DB_COPY {"label": "001-db-before", "rows": 866}
GUI_JOB {"action": "run", "folder": "002-1-run"}
WAIT_GUI {"seconds_remaining": 1320}
GUI_RESULT {"robot_exit": 0, "case_code": "54W2-DMJ8-JF4P-34XF", "ok": true, "robot_started": true, "status": "robot-completed", "clicks": 1}
READ_ONLY_DB_COPY {"label": "001-db-after-0", "rows": 867}
AUTHORITATIVE_RESULT {"id": 867, "team_no": "202623001141", "problem_no": 4, "practice_run_no": 3278552126404403321, "case_code": "54W2-DMJ8-JF4P-34XF", "entered": 1, "jammer_count": 15, "cleared_jammer_count": 15, "clear_failure_count": 0, "virtual_time_us": 5466026631, "end_reason": "user_exit", "created_at_ms": 1789276585637}
GUI_JOB {"action": "return", "folder": "003-1-return"}
WAIT_GUI {"seconds_remaining": 60}
GUI_RESULT {"status": "returned-to-practice", "ok": true, "clicks": 2, "robot_started": false}
SENSITIVITY_PROGRESS 688 742 robustness 4 perturbed 54W2-DMJ8-JF4P-34XF 15 15
GUI_JOB {"action": "dry-run", "folder": "001-0-dry-run"}
WAIT_GUI {"seconds_remaining": 60}
GUI_RESULT {"status": "dry-run-ready", "ok": true, "clicks": 0, "robot_started": false}
READ_ONLY_DB_COPY {"label": "001-db-before", "rows": 867}
GUI_JOB {"action": "run", "folder": "002-1-run"}
WAIT_GUI {"seconds_remaining": 1320}
GUI_RESULT {"robot_exit": 0, "case_code": "3G9P-PY3M-K7RH-5UHW", "ok": true, "robot_started": true, "status": "robot-completed", "clicks": 1}
READ_ONLY_DB_COPY {"label": "001-db-after-0", "rows": 868}
AUTHORITATIVE_RESULT {"id": 868, "team_no": "202623001141", "problem_no": 3, "practice_run_no": 2460467862544761284, "case_code": "3G9P-PY3M-K7RH-5UHW", "entered": 1, "jammer_count": 11, "cleared_jammer_count": 11, "clear_failure_count": 0, "virtual_time_us": 3106417865, "end_reason": "user_exit", "created_at_ms": 1789276648004}
GUI_JOB {"action": "return", "folder": "003-1-return"}
WAIT_GUI {"seconds_remaining": 60}
GUI_RESULT {"status": "returned-to-practice", "ok": true, "clicks": 2, "robot_started": false}
SENSITIVITY_PROGRESS 689 742 robustness 3 perturbed 3G9P-PY3M-K7RH-5UHW 11 11
GUI_JOB {"action": "dry-run", "folder": "001-0-dry-run"}
WAIT_GUI {"seconds_remaining": 60}
GUI_RESULT {"status": "dry-run-ready", "ok": true, "clicks": 0, "robot_started": false}
READ_ONLY_DB_COPY {"label": "001-db-before", "rows": 868}
GUI_JOB {"action": "run", "folder": "002-1-run"}
WAIT_GUI {"seconds_remaining": 1320}
GUI_RESULT {"robot_exit": 0, "case_code": "PBGJ-24XF-4RPR-687U", "ok": true, "robot_started": true, "status": "robot-completed", "clicks": 1}
READ_ONLY_DB_COPY {"label": "001-db-after-0", "rows": 869}
AUTHORITATIVE_RESULT {"id": 869, "team_no": "202623001141", "problem_no": 3, "practice_run_no": 8778945508332559050, "case_code": "PBGJ-24XF-4RPR-687U", "entered": 1, "jammer_count": 15, "cleared_jammer_count": 15, "clear_failure_count": 0, "virtual_time_us": 3540085857, "end_reason": "user_exit", "created_at_ms": 1789276711138}
GUI_JOB {"action": "return", "folder": "003-1-return"}
WAIT_GUI {"seconds_remaining": 60}
GUI_RESULT {"status": "returned-to-practice", "ok": true, "clicks": 2, "robot_started": false}
SENSITIVITY_PROGRESS 690 742 robustness 3 perturbed PBGJ-24XF-4RPR-687U 15 15
GUI_JOB {"action": "dry-run", "folder": "001-0-dry-run"}
WAIT_GUI {"seconds_remaining": 60}
GUI_RESULT {"status": "dry-run-ready", "ok": true, "clicks": 0, "robot_started": false}
READ_ONLY_DB_COPY {"label": "001-db-before", "rows": 869}
GUI_JOB {"action": "run", "folder": "002-1-run"}
WAIT_GUI {"seconds_remaining": 1320}
GUI_RESULT {"robot_exit": 0, "case_code": "R6R7-TPFA-64S3-W9P2", "ok": true, "robot_started": true, "status": "robot-completed", "clicks": 1}
READ_ONLY_DB_COPY {"label": "001-db-after-0", "rows": 870}
AUTHORITATIVE_RESULT {"id": 870, "team_no": "202623001141", "problem_no": 3, "practice_run_no": 1977838619812732689, "case_code": "R6R7-TPFA-64S3-W9P2", "entered": 1, "jammer_count": 13, "cleared_jammer_count": 13, "clear_failure_count": 0, "virtual_time_us": 3242480623, "end_reason": "user_exit", "created_at_ms": 1789276771313}
GUI_JOB {"action": "return", "folder": "003-1-return"}
WAIT_GUI {"seconds_remaining": 60}
GUI_RESULT {"status": "returned-to-practice", "ok": true, "clicks": 2, "robot_started": false}
SENSITIVITY_PROGRESS 691 742 robustness 3 baseline R6R7-TPFA-64S3-W9P2 13 13
GUI_JOB {"action": "dry-run", "folder": "001-0-dry-run"}
WAIT_GUI {"seconds_remaining": 60}
GUI_RESULT {"status": "dry-run-ready", "ok": true, "clicks": 0, "robot_started": false}
READ_ONLY_DB_COPY {"label": "001-db-before", "rows": 870}
GUI_JOB {"action": "run", "folder": "002-1-run"}
WAIT_GUI {"seconds_remaining": 1320}
GUI_RESULT {"robot_exit": 0, "case_code": "3SQK-BF3N-G7NK-AHK8", "ok": true, "robot_started": true, "status": "robot-completed", "clicks": 1}
READ_ONLY_DB_COPY {"label": "001-db-after-0", "rows": 871}
AUTHORITATIVE_RESULT {"id": 871, "team_no": "202623001141", "problem_no": 4, "practice_run_no": 1542002435809774999, "case_code": "3SQK-BF3N-G7NK-AHK8", "entered": 1, "jammer_count": 10, "cleared_jammer_count": 10, "clear_failure_count": 0, "virtual_time_us": 5857679172, "end_reason": "user_exit", "created_at_ms": 1789276829244}
GUI_JOB {"action": "return", "folder": "003-1-return"}
WAIT_GUI {"seconds_remaining": 60}
GUI_RESULT {"status": "returned-to-practice", "ok": true, "clicks": 2, "robot_started": false}
SENSITIVITY_PROGRESS 692 742 robustness 4 baseline 3SQK-BF3N-G7NK-AHK8 10 10
GUI_JOB {"action": "dry-run", "folder": "001-0-dry-run"}
WAIT_GUI {"seconds_remaining": 60}
GUI_RESULT {"status": "dry-run-ready", "ok": true, "clicks": 0, "robot_started": false}
READ_ONLY_DB_COPY {"label": "001-db-before", "rows": 871}
GUI_JOB {"action": "run", "folder": "002-1-run"}
WAIT_GUI {"seconds_remaining": 1320}
GUI_RESULT {"robot_exit": 0, "case_code": "Y6WU-6TVT-KVK7-P8PG", "ok": true, "robot_started": true, "status": "robot-completed", "clicks": 1}
READ_ONLY_DB_COPY {"label": "001-db-after-0", "rows": 872}
AUTHORITATIVE_RESULT {"id": 872, "team_no": "202623001141", "problem_no": 4, "practice_run_no": 1604699731012920227, "case_code": "Y6WU-6TVT-KVK7-P8PG", "entered": 1, "jammer_count": 16, "cleared_jammer_count": 16, "clear_failure_count": 0, "virtual_time_us": 4215361726, "end_reason": "user_exit", "created_at_ms": 1789276891572}
GUI_JOB {"action": "return", "folder": "003-1-return"}
WAIT_GUI {"seconds_remaining": 60}
GUI_RESULT {"status": "returned-to-practice", "ok": true, "clicks": 2, "robot_started": false}
SENSITIVITY_PROGRESS 693 742 robustness 4 perturbed Y6WU-6TVT-KVK7-P8PG 16 16
GUI_JOB {"action": "dry-run", "folder": "001-0-dry-run"}
WAIT_GUI {"seconds_remaining": 60}
GUI_RESULT {"status": "dry-run-ready", "ok": true, "clicks": 0, "robot_started": false}
READ_ONLY_DB_COPY {"label": "001-db-before", "rows": 872}
GUI_JOB {"action": "run", "folder": "002-1-run"}
WAIT_GUI {"seconds_remaining": 1320}
GUI_RESULT {"robot_exit": 0, "case_code": "S2VX-72XP-TDZ8-XFDM", "ok": true, "robot_started": true, "status": "robot-completed", "clicks": 1}
READ_ONLY_DB_COPY {"label": "001-db-after-0", "rows": 873}
AUTHORITATIVE_RESULT {"id": 873, "team_no": "202623001141", "problem_no": 4, "practice_run_no": 970073795130322791, "case_code": "S2VX-72XP-TDZ8-XFDM", "entered": 1, "jammer_count": 14, "cleared_jammer_count": 14, "clear_failure_count": 0, "virtual_time_us": 6217748094, "end_reason": "user_exit", "created_at_ms": 1789276950422}
GUI_JOB {"action": "return", "folder": "003-1-return"}
WAIT_GUI {"seconds_remaining": 60}
GUI_RESULT {"status": "returned-to-practice", "ok": true, "clicks": 2, "robot_started": false}
SENSITIVITY_PROGRESS 694 742 robustness 4 perturbed S2VX-72XP-TDZ8-XFDM 14 14
GUI_JOB {"action": "dry-run", "folder": "001-0-dry-run"}
WAIT_GUI {"seconds_remaining": 60}
GUI_RESULT {"status": "dry-run-ready", "ok": true, "clicks": 0, "robot_started": false}
READ_ONLY_DB_COPY {"label": "001-db-before", "rows": 873}
GUI_JOB {"action": "run", "folder": "002-1-run"}
WAIT_GUI {"seconds_remaining": 1320}
GUI_RESULT {"robot_exit": 0, "case_code": "RSUB-8DXV-T46C-FSB2", "ok": true, "robot_started": true, "status": "robot-completed", "clicks": 1}
READ_ONLY_DB_COPY {"label": "001-db-after-0", "rows": 874}
AUTHORITATIVE_RESULT {"id": 874, "team_no": "202623001141", "problem_no": 4, "practice_run_no": 5108538327866874881, "case_code": "RSUB-8DXV-T46C-FSB2", "entered": 1, "jammer_count": 12, "cleared_jammer_count": 12, "clear_failure_count": 0, "virtual_time_us": 6036132488, "end_reason": "user_exit", "created_at_ms": 1789277013692}
GUI_JOB {"action": "return", "folder": "003-1-return"}
WAIT_GUI {"seconds_remaining": 60}
GUI_RESULT {"status": "returned-to-practice", "ok": true, "clicks": 2, "robot_started": false}
SENSITIVITY_PROGRESS 695 742 robustness 4 perturbed RSUB-8DXV-T46C-FSB2 12 12
GUI_JOB {"action": "dry-run", "folder": "001-0-dry-run"}
WAIT_GUI {"seconds_remaining": 60}
GUI_RESULT {"status": "dry-run-ready", "ok": true, "clicks": 0, "robot_started": false}
READ_ONLY_DB_COPY {"label": "001-db-before", "rows": 874}
GUI_JOB {"action": "run", "folder": "002-1-run"}
WAIT_GUI {"seconds_remaining": 1320}
GUI_RESULT {"robot_exit": 0, "case_code": "JCWW-EDEM-BNVD-QJDA", "ok": true, "robot_started": true, "status": "robot-completed", "clicks": 1}
READ_ONLY_DB_COPY {"label": "001-db-after-0", "rows": 875}
AUTHORITATIVE_RESULT {"id": 875, "team_no": "202623001141", "problem_no": 3, "practice_run_no": 3818689710532978811, "case_code": "JCWW-EDEM-BNVD-QJDA", "entered": 1, "jammer_count": 10, "cleared_jammer_count": 10, "clear_failure_count": 0, "virtual_time_us": 3018074807, "end_reason": "user_exit", "created_at_ms": 1789277077964}
GUI_JOB {"action": "return", "folder": "003-1-return"}
WAIT_GUI {"seconds_remaining": 60}
GUI_RESULT {"status": "returned-to-practice", "ok": true, "clicks": 2, "robot_started": false}
SENSITIVITY_PROGRESS 696 742 robustness 3 perturbed JCWW-EDEM-BNVD-QJDA 10 10
GUI_JOB {"action": "dry-run", "folder": "001-0-dry-run"}
WAIT_GUI {"seconds_remaining": 60}
GUI_RESULT {"status": "dry-run-ready", "ok": true, "clicks": 0, "robot_started": false}
READ_ONLY_DB_COPY {"label": "001-db-before", "rows": 875}
GUI_JOB {"action": "run", "folder": "002-1-run"}
WAIT_GUI {"seconds_remaining": 1320}
GUI_RESULT {"robot_exit": 0, "case_code": "W5CU-FP4A-TC5B-3NT5", "ok": true, "robot_started": true, "status": "robot-completed", "clicks": 1}
READ_ONLY_DB_COPY {"label": "001-db-after-0", "rows": 876}
AUTHORITATIVE_RESULT {"id": 876, "team_no": "202623001141", "problem_no": 4, "practice_run_no": 2753930982457871370, "case_code": "W5CU-FP4A-TC5B-3NT5", "entered": 1, "jammer_count": 13, "cleared_jammer_count": 13, "clear_failure_count": 0, "virtual_time_us": 6189429754, "end_reason": "user_exit", "created_at_ms": 1789277139226}
GUI_JOB {"action": "return", "folder": "003-1-return"}
WAIT_GUI {"seconds_remaining": 60}
GUI_RESULT {"status": "returned-to-practice", "ok": true, "clicks": 2, "robot_started": false}
SENSITIVITY_PROGRESS 697 742 robustness 4 baseline W5CU-FP4A-TC5B-3NT5 13 13
GUI_JOB {"action": "dry-run", "folder": "001-0-dry-run"}
WAIT_GUI {"seconds_remaining": 60}
GUI_RESULT {"status": "dry-run-ready", "ok": true, "clicks": 0, "robot_started": false}
READ_ONLY_DB_COPY {"label": "001-db-before", "rows": 876}
GUI_JOB {"action": "run", "folder": "002-1-run"}
WAIT_GUI {"seconds_remaining": 1320}
GUI_RESULT {"robot_exit": 0, "case_code": "MRQR-5KFZ-BY5G-SK3M", "ok": true, "robot_started": true, "status": "robot-completed", "clicks": 1}
READ_ONLY_DB_COPY {"label": "001-db-after-0", "rows": 877}
AUTHORITATIVE_RESULT {"id": 877, "team_no": "202623001141", "problem_no": 3, "practice_run_no": 3543174273304818498, "case_code": "MRQR-5KFZ-BY5G-SK3M", "entered": 1, "jammer_count": 11, "cleared_jammer_count": 11, "clear_failure_count": 0, "virtual_time_us": 3099169379, "end_reason": "user_exit", "created_at_ms": 1789277203093}
GUI_JOB {"action": "return", "folder": "003-1-return"}
WAIT_GUI {"seconds_remaining": 60}
GUI_RESULT {"status": "returned-to-practice", "ok": true, "clicks": 2, "robot_started": false}
SENSITIVITY_PROGRESS 698 742 robustness 3 perturbed MRQR-5KFZ-BY5G-SK3M 11 11
GUI_JOB {"action": "dry-run", "folder": "001-0-dry-run"}
WAIT_GUI {"seconds_remaining": 60}
GUI_RESULT {"status": "dry-run-ready", "ok": true, "clicks": 0, "robot_started": false}
READ_ONLY_DB_COPY {"label": "001-db-before", "rows": 877}
GUI_JOB {"action": "run", "folder": "002-1-run"}
WAIT_GUI {"seconds_remaining": 1320}
GUI_RESULT {"robot_exit": 0, "case_code": "8FH8-GTKE-AX7M-J3M4", "ok": true, "robot_started": true, "status": "robot-completed", "clicks": 1}
READ_ONLY_DB_COPY {"label": "001-db-after-0", "rows": 878}
AUTHORITATIVE_RESULT {"id": 878, "team_no": "202623001141", "problem_no": 3, "practice_run_no": 5240377903024650368, "case_code": "8FH8-GTKE-AX7M-J3M4", "entered": 1, "jammer_count": 13, "cleared_jammer_count": 13, "clear_failure_count": 0, "virtual_time_us": 3322001935, "end_reason": "user_exit", "created_at_ms": 1789277261202}
GUI_JOB {"action": "return", "folder": "003-1-return"}
WAIT_GUI {"seconds_remaining": 60}
GUI_RESULT {"status": "returned-to-practice", "ok": true, "clicks": 2, "robot_started": false}
SENSITIVITY_PROGRESS 699 742 robustness 3 baseline 8FH8-GTKE-AX7M-J3M4 13 13
GUI_JOB {"action": "dry-run", "folder": "001-0-dry-run"}
WAIT_GUI {"seconds_remaining": 60}
GUI_RESULT {"status": "dry-run-ready", "ok": true, "clicks": 0, "robot_started": false}
READ_ONLY_DB_COPY {"label": "001-db-before", "rows": 878}
GUI_JOB {"action": "run", "folder": "002-1-run"}
WAIT_GUI {"seconds_remaining": 1320}
GUI_RESULT {"robot_exit": 0, "case_code": "FNTU-EKTZ-RAUQ-QRRY", "ok": true, "robot_started": true, "status": "robot-completed", "clicks": 1}
READ_ONLY_DB_COPY {"label": "001-db-after-0", "rows": 879}
AUTHORITATIVE_RESULT {"id": 879, "team_no": "202623001141", "problem_no": 4, "practice_run_no": 5130415142769301300, "case_code": "FNTU-EKTZ-RAUQ-QRRY", "entered": 1, "jammer_count": 10, "cleared_jammer_count": 10, "clear_failure_count": 0, "virtual_time_us": 6234123913, "end_reason": "user_exit", "created_at_ms": 1789277319750}
GUI_JOB {"action": "return", "folder": "003-1-return"}
WAIT_GUI {"seconds_remaining": 60}
GUI_RESULT {"status": "returned-to-practice", "ok": true, "clicks": 2, "robot_started": false}
SENSITIVITY_PROGRESS 700 742 robustness 4 perturbed FNTU-EKTZ-RAUQ-QRRY 10 10
GUI_JOB {"action": "dry-run", "folder": "001-0-dry-run"}
WAIT_GUI {"seconds_remaining": 60}
GUI_RESULT {"status": "dry-run-ready", "ok": true, "clicks": 0, "robot_started": false}
READ_ONLY_DB_COPY {"label": "001-db-before", "rows": 879}
GUI_JOB {"action": "run", "folder": "002-1-run"}
WAIT_GUI {"seconds_remaining": 1320}
GUI_RESULT {"robot_exit": 0, "case_code": "TDC7-GN3X-NVJR-FR6X", "ok": true, "robot_started": true, "status": "robot-completed", "clicks": 1}
READ_ONLY_DB_COPY {"label": "001-db-after-0", "rows": 880}
AUTHORITATIVE_RESULT {"id": 880, "team_no": "202623001141", "problem_no": 3, "practice_run_no": 2366507097885772250, "case_code": "TDC7-GN3X-NVJR-FR6X", "entered": 1, "jammer_count": 14, "cleared_jammer_count": 14, "clear_failure_count": 0, "virtual_time_us": 3053133118, "end_reason": "user_exit", "created_at_ms": 1789277382096}
GUI_JOB {"action": "return", "folder": "003-1-return"}
WAIT_GUI {"seconds_remaining": 60}
GUI_RESULT {"status": "returned-to-practice", "ok": true, "clicks": 2, "robot_started": false}
SENSITIVITY_PROGRESS 701 742 robustness 3 baseline TDC7-GN3X-NVJR-FR6X 14 14
GUI_JOB {"action": "dry-run", "folder": "001-0-dry-run"}
WAIT_GUI {"seconds_remaining": 60}
GUI_RESULT {"status": "dry-run-ready", "ok": true, "clicks": 0, "robot_started": false}
READ_ONLY_DB_COPY {"label": "001-db-before", "rows": 880}
GUI_JOB {"action": "run", "folder": "002-1-run"}
WAIT_GUI {"seconds_remaining": 1320}
GUI_RESULT {"robot_exit": 0, "case_code": "7XQM-DUVA-28Y3-7AHG", "ok": true, "robot_started": true, "status": "robot-completed", "clicks": 1}
READ_ONLY_DB_COPY {"label": "001-db-after-0", "rows": 881}
AUTHORITATIVE_RESULT {"id": 881, "team_no": "202623001141", "problem_no": 4, "practice_run_no": 4110133790664787881, "case_code": "7XQM-DUVA-28Y3-7AHG", "entered": 1, "jammer_count": 15, "cleared_jammer_count": 15, "clear_failure_count": 0, "virtual_time_us": 5717693160, "end_reason": "user_exit", "created_at_ms": 1789277440585}
GUI_JOB {"action": "return", "folder": "003-1-return"}
WAIT_GUI {"seconds_remaining": 60}
GUI_RESULT {"status": "returned-to-practice", "ok": true, "clicks": 2, "robot_started": false}
SENSITIVITY_PROGRESS 702 742 robustness 4 baseline 7XQM-DUVA-28Y3-7AHG 15 15
GUI_JOB {"action": "dry-run", "folder": "001-0-dry-run"}
WAIT_GUI {"seconds_remaining": 60}
GUI_RESULT {"status": "dry-run-ready", "ok": true, "clicks": 0, "robot_started": false}
READ_ONLY_DB_COPY {"label": "001-db-before", "rows": 881}
GUI_JOB {"action": "run", "folder": "002-1-run"}
WAIT_GUI {"seconds_remaining": 1320}
GUI_RESULT {"robot_exit": 0, "case_code": "CPGA-KXH3-73MZ-N4ZZ", "ok": true, "robot_started": true, "status": "robot-completed", "clicks": 1}
READ_ONLY_DB_COPY {"label": "001-db-after-0", "rows": 882}
AUTHORITATIVE_RESULT {"id": 882, "team_no": "202623001141", "problem_no": 3, "practice_run_no": 1856240102188057421, "case_code": "CPGA-KXH3-73MZ-N4ZZ", "entered": 1, "jammer_count": 16, "cleared_jammer_count": 16, "clear_failure_count": 1, "virtual_time_us": 3341513201, "end_reason": "user_exit", "created_at_ms": 1789277502454}
GUI_JOB {"action": "return", "folder": "003-1-return"}
WAIT_GUI {"seconds_remaining": 60}
GUI_RESULT {"status": "returned-to-practice", "ok": true, "clicks": 2, "robot_started": false}
SENSITIVITY_PROGRESS 703 742 robustness 3 perturbed CPGA-KXH3-73MZ-N4ZZ 16 16
GUI_JOB {"action": "dry-run", "folder": "001-0-dry-run"}
WAIT_GUI {"seconds_remaining": 60}
GUI_RESULT {"status": "dry-run-ready", "ok": true, "clicks": 0, "robot_started": false}
READ_ONLY_DB_COPY {"label": "001-db-before", "rows": 882}
GUI_JOB {"action": "run", "folder": "002-1-run"}
WAIT_GUI {"seconds_remaining": 1320}
WAIT_GUI {"seconds_remaining": 1290}
GUI_RESULT {"robot_exit": 0, "case_code": "4PBR-NPB3-ANZ8-AVWW", "ok": true, "robot_started": true, "status": "robot-completed", "clicks": 1}
READ_ONLY_DB_COPY {"label": "001-db-after-0", "rows": 883}
AUTHORITATIVE_RESULT {"id": 883, "team_no": "202623001141", "problem_no": 4, "practice_run_no": 5979996072859058918, "case_code": "4PBR-NPB3-ANZ8-AVWW", "entered": 1, "jammer_count": 11, "cleared_jammer_count": 11, "clear_failure_count": 0, "virtual_time_us": 6388933327, "end_reason": "user_exit", "created_at_ms": 1789277562314}
GUI_JOB {"action": "return", "folder": "003-1-return"}
WAIT_GUI {"seconds_remaining": 60}
GUI_RESULT {"status": "returned-to-practice", "ok": true, "clicks": 2, "robot_started": false}
SENSITIVITY_PROGRESS 704 742 robustness 4 perturbed 4PBR-NPB3-ANZ8-AVWW 11 11
GUI_JOB {"action": "dry-run", "folder": "001-0-dry-run"}
WAIT_GUI {"seconds_remaining": 60}
GUI_RESULT {"status": "dry-run-ready", "ok": true, "clicks": 0, "robot_started": false}
READ_ONLY_DB_COPY {"label": "001-db-before", "rows": 883}
GUI_JOB {"action": "run", "folder": "002-1-run"}
WAIT_GUI {"seconds_remaining": 1320}
GUI_RESULT {"robot_exit": 0, "case_code": "K4FE-QP3K-ZURU-VPGC", "ok": true, "robot_started": true, "status": "robot-completed", "clicks": 1}
READ_ONLY_DB_COPY {"label": "001-db-after-0", "rows": 884}
AUTHORITATIVE_RESULT {"id": 884, "team_no": "202623001141", "problem_no": 4, "practice_run_no": 5922455989635217436, "case_code": "K4FE-QP3K-ZURU-VPGC", "entered": 1, "jammer_count": 15, "cleared_jammer_count": 15, "clear_failure_count": 0, "virtual_time_us": 6963255392, "end_reason": "user_exit", "created_at_ms": 1789277629302}
GUI_JOB {"action": "return", "folder": "003-1-return"}
WAIT_GUI {"seconds_remaining": 60}
GUI_RESULT {"status": "returned-to-practice", "ok": true, "clicks": 2, "robot_started": false}
SENSITIVITY_PROGRESS 705 742 robustness 4 perturbed K4FE-QP3K-ZURU-VPGC 15 15
GUI_JOB {"action": "dry-run", "folder": "001-0-dry-run"}
WAIT_GUI {"seconds_remaining": 60}
GUI_RESULT {"status": "dry-run-ready", "ok": true, "clicks": 0, "robot_started": false}
READ_ONLY_DB_COPY {"label": "001-db-before", "rows": 884}
GUI_JOB {"action": "run", "folder": "002-1-run"}
WAIT_GUI {"seconds_remaining": 1320}
GUI_RESULT {"robot_exit": 0, "case_code": "4MCC-TKGT-QTY5-3XBR", "ok": true, "robot_started": true, "status": "robot-completed", "clicks": 1}
READ_ONLY_DB_COPY {"label": "001-db-after-0", "rows": 885}
AUTHORITATIVE_RESULT {"id": 885, "team_no": "202623001141", "problem_no": 3, "practice_run_no": 6254739703768593777, "case_code": "4MCC-TKGT-QTY5-3XBR", "entered": 1, "jammer_count": 14, "cleared_jammer_count": 14, "clear_failure_count": 0, "virtual_time_us": 3367811613, "end_reason": "user_exit", "created_at_ms": 1789277696393}
GUI_JOB {"action": "return", "folder": "003-1-return"}
WAIT_GUI {"seconds_remaining": 60}
GUI_RESULT {"status": "returned-to-practice", "ok": true, "clicks": 2, "robot_started": false}
SENSITIVITY_PROGRESS 706 742 robustness 3 perturbed 4MCC-TKGT-QTY5-3XBR 14 14
GUI_JOB {"action": "dry-run", "folder": "001-0-dry-run"}
WAIT_GUI {"seconds_remaining": 60}
GUI_RESULT {"status": "dry-run-ready", "ok": true, "clicks": 0, "robot_started": false}
READ_ONLY_DB_COPY {"label": "001-db-before", "rows": 885}
GUI_JOB {"action": "run", "folder": "002-1-run"}
WAIT_GUI {"seconds_remaining": 1320}
GUI_RESULT {"robot_exit": 0, "case_code": "F69A-FSZU-GK74-Y46A", "ok": true, "robot_started": true, "status": "robot-completed", "clicks": 1}
READ_ONLY_DB_COPY {"label": "001-db-after-0", "rows": 886}
AUTHORITATIVE_RESULT {"id": 886, "team_no": "202623001141", "problem_no": 4, "practice_run_no": 4638406619695813886, "case_code": "F69A-FSZU-GK74-Y46A", "entered": 1, "jammer_count": 13, "cleared_jammer_count": 13, "clear_failure_count": 0, "virtual_time_us": 5905566056, "end_reason": "user_exit", "created_at_ms": 1789277756250}
GUI_JOB {"action": "return", "folder": "003-1-return"}
WAIT_GUI {"seconds_remaining": 60}
GUI_RESULT {"status": "returned-to-practice", "ok": true, "clicks": 2, "robot_started": false}
SENSITIVITY_PROGRESS 707 742 robustness 4 baseline F69A-FSZU-GK74-Y46A 13 13
GUI_JOB {"action": "dry-run", "folder": "001-0-dry-run"}
WAIT_GUI {"seconds_remaining": 60}
GUI_RESULT {"status": "dry-run-ready", "ok": true, "clicks": 0, "robot_started": false}
READ_ONLY_DB_COPY {"label": "001-db-before", "rows": 886}
GUI_JOB {"action": "run", "folder": "002-1-run"}
WAIT_GUI {"seconds_remaining": 1320}
GUI_RESULT {"robot_exit": 0, "case_code": "ZBAM-P4GU-22PQ-2KRF", "ok": true, "robot_started": true, "status": "robot-completed", "clicks": 1}
READ_ONLY_DB_COPY {"label": "001-db-after-0", "rows": 887}
AUTHORITATIVE_RESULT {"id": 887, "team_no": "202623001141", "problem_no": 3, "practice_run_no": 952198232303442392, "case_code": "ZBAM-P4GU-22PQ-2KRF", "entered": 1, "jammer_count": 15, "cleared_jammer_count": 15, "clear_failure_count": 0, "virtual_time_us": 3062328861, "end_reason": "user_exit", "created_at_ms": 1789277819503}
GUI_JOB {"action": "return", "folder": "003-1-return"}
WAIT_GUI {"seconds_remaining": 60}
GUI_RESULT {"status": "returned-to-practice", "ok": true, "clicks": 2, "robot_started": false}
SENSITIVITY_PROGRESS 708 742 robustness 3 perturbed ZBAM-P4GU-22PQ-2KRF 15 15
GUI_JOB {"action": "dry-run", "folder": "001-0-dry-run"}
WAIT_GUI {"seconds_remaining": 60}
GUI_RESULT {"status": "dry-run-ready", "ok": true, "clicks": 0, "robot_started": false}
READ_ONLY_DB_COPY {"label": "001-db-before", "rows": 887}
GUI_JOB {"action": "run", "folder": "002-1-run"}
WAIT_GUI {"seconds_remaining": 1320}
GUI_RESULT {"robot_exit": 0, "case_code": "HNF2-SX4Y-ZAVD-2MRM", "ok": true, "robot_started": true, "status": "robot-completed", "clicks": 1}
READ_ONLY_DB_COPY {"label": "001-db-after-0", "rows": 888}
AUTHORITATIVE_RESULT {"id": 888, "team_no": "202623001141", "problem_no": 3, "practice_run_no": 3344064610743530742, "case_code": "HNF2-SX4Y-ZAVD-2MRM", "entered": 1, "jammer_count": 14, "cleared_jammer_count": 14, "clear_failure_count": 0, "virtual_time_us": 3503288459, "end_reason": "user_exit", "created_at_ms": 1789277878523}
GUI_JOB {"action": "return", "folder": "003-1-return"}
WAIT_GUI {"seconds_remaining": 60}
GUI_RESULT {"status": "returned-to-practice", "ok": true, "clicks": 2, "robot_started": false}
SENSITIVITY_PROGRESS 709 742 robustness 3 perturbed HNF2-SX4Y-ZAVD-2MRM 14 14
GUI_JOB {"action": "dry-run", "folder": "001-0-dry-run"}
WAIT_GUI {"seconds_remaining": 60}
GUI_RESULT {"status": "dry-run-ready", "ok": true, "clicks": 0, "robot_started": false}
READ_ONLY_DB_COPY {"label": "001-db-before", "rows": 888}
GUI_JOB {"action": "run", "folder": "002-1-run"}
WAIT_GUI {"seconds_remaining": 1320}
GUI_RESULT {"robot_exit": 0, "case_code": "MGRD-KKQ6-KNJ2-3R8V", "ok": true, "robot_started": true, "status": "robot-completed", "clicks": 1}
READ_ONLY_DB_COPY {"label": "001-db-after-0", "rows": 889}
AUTHORITATIVE_RESULT {"id": 889, "team_no": "202623001141", "problem_no": 4, "practice_run_no": 8122816879575257413, "case_code": "MGRD-KKQ6-KNJ2-3R8V", "entered": 1, "jammer_count": 14, "cleared_jammer_count": 14, "clear_failure_count": 0, "virtual_time_us": 6320668250, "end_reason": "user_exit", "created_at_ms": 1789277938627}
GUI_JOB {"action": "return", "folder": "003-1-return"}
WAIT_GUI {"seconds_remaining": 60}
GUI_RESULT {"status": "returned-to-practice", "ok": true, "clicks": 2, "robot_started": false}
SENSITIVITY_PROGRESS 710 742 robustness 4 perturbed MGRD-KKQ6-KNJ2-3R8V 14 14
GUI_JOB {"action": "dry-run", "folder": "001-0-dry-run"}
WAIT_GUI {"seconds_remaining": 60}
GUI_RESULT {"status": "dry-run-ready", "ok": true, "clicks": 0, "robot_started": false}
READ_ONLY_DB_COPY {"label": "001-db-before", "rows": 889}
GUI_JOB {"action": "run", "folder": "002-1-run"}
WAIT_GUI {"seconds_remaining": 1320}
GUI_RESULT {"robot_exit": 0, "case_code": "YPT7-6J9Q-FDAC-W6DF", "ok": true, "robot_started": true, "status": "robot-completed", "clicks": 1}
READ_ONLY_DB_COPY {"label": "001-db-after-0", "rows": 890}
AUTHORITATIVE_RESULT {"id": 890, "team_no": "202623001141", "problem_no": 3, "practice_run_no": 1978644398069403696, "case_code": "YPT7-6J9Q-FDAC-W6DF", "entered": 1, "jammer_count": 11, "cleared_jammer_count": 11, "clear_failure_count": 0, "virtual_time_us": 2969544005, "end_reason": "user_exit", "created_at_ms": 1789278006844}
GUI_JOB {"action": "return", "folder": "003-1-return"}
WAIT_GUI {"seconds_remaining": 60}
GUI_RESULT {"status": "returned-to-practice", "ok": true, "clicks": 2, "robot_started": false}
SENSITIVITY_PROGRESS 711 742 robustness 3 baseline YPT7-6J9Q-FDAC-W6DF 11 11
GUI_JOB {"action": "dry-run", "folder": "001-0-dry-run"}
WAIT_GUI {"seconds_remaining": 60}
GUI_RESULT {"status": "dry-run-ready", "ok": true, "clicks": 0, "robot_started": false}
READ_ONLY_DB_COPY {"label": "001-db-before", "rows": 890}
GUI_JOB {"action": "run", "folder": "002-1-run"}
WAIT_GUI {"seconds_remaining": 1320}
GUI_RESULT {"robot_exit": 0, "case_code": "Z5SQ-BNN4-BHVE-U97F", "ok": true, "robot_started": true, "status": "robot-completed", "clicks": 1}
READ_ONLY_DB_COPY {"label": "001-db-after-0", "rows": 891}
AUTHORITATIVE_RESULT {"id": 891, "team_no": "202623001141", "problem_no": 4, "practice_run_no": 6810195959317231684, "case_code": "Z5SQ-BNN4-BHVE-U97F", "entered": 1, "jammer_count": 14, "cleared_jammer_count": 14, "clear_failure_count": 0, "virtual_time_us": 6858640473, "end_reason": "user_exit", "created_at_ms": 1789278065627}
GUI_JOB {"action": "return", "folder": "003-1-return"}
WAIT_GUI {"seconds_remaining": 60}
GUI_RESULT {"status": "returned-to-practice", "ok": true, "clicks": 2, "robot_started": false}
SENSITIVITY_PROGRESS 712 742 robustness 4 perturbed Z5SQ-BNN4-BHVE-U97F 14 14
GUI_JOB {"action": "dry-run", "folder": "001-0-dry-run"}
WAIT_GUI {"seconds_remaining": 60}
GUI_RESULT {"status": "dry-run-ready", "ok": true, "clicks": 0, "robot_started": false}
READ_ONLY_DB_COPY {"label": "001-db-before", "rows": 891}
GUI_JOB {"action": "run", "folder": "002-1-run"}
WAIT_GUI {"seconds_remaining": 1320}
GUI_RESULT {"robot_exit": 0, "case_code": "Z73Z-QBNK-J4H6-ECF4", "ok": true, "robot_started": true, "status": "robot-completed", "clicks": 1}
READ_ONLY_DB_COPY {"label": "001-db-after-0", "rows": 892}
AUTHORITATIVE_RESULT {"id": 892, "team_no": "202623001141", "problem_no": 4, "practice_run_no": 2783222802653514968, "case_code": "Z73Z-QBNK-J4H6-ECF4", "entered": 1, "jammer_count": 11, "cleared_jammer_count": 11, "clear_failure_count": 0, "virtual_time_us": 6356338606, "end_reason": "user_exit", "created_at_ms": 1789278130784}
GUI_JOB {"action": "return", "folder": "003-1-return"}
WAIT_GUI {"seconds_remaining": 60}
GUI_RESULT {"status": "returned-to-practice", "ok": true, "clicks": 2, "robot_started": false}
SENSITIVITY_PROGRESS 713 742 robustness 4 perturbed Z73Z-QBNK-J4H6-ECF4 11 11
GUI_JOB {"action": "dry-run", "folder": "001-0-dry-run"}
WAIT_GUI {"seconds_remaining": 60}
GUI_RESULT {"status": "dry-run-ready", "ok": true, "clicks": 0, "robot_started": false}
READ_ONLY_DB_COPY {"label": "001-db-before", "rows": 892}
GUI_JOB {"action": "run", "folder": "002-1-run"}
WAIT_GUI {"seconds_remaining": 1320}
WAIT_GUI {"seconds_remaining": 1290}
GUI_RESULT {"robot_exit": 0, "case_code": "6QB6-MGSB-44QF-PZST", "ok": true, "robot_started": true, "status": "robot-completed", "clicks": 1}
READ_ONLY_DB_COPY {"label": "001-db-after-0", "rows": 893}
AUTHORITATIVE_RESULT {"id": 893, "team_no": "202623001141", "problem_no": 4, "practice_run_no": 479194019577987905, "case_code": "6QB6-MGSB-44QF-PZST", "entered": 1, "jammer_count": 11, "cleared_jammer_count": 11, "clear_failure_count": 0, "virtual_time_us": 6624950861, "end_reason": "user_exit", "created_at_ms": 1789278195959}
GUI_JOB {"action": "return", "folder": "003-1-return"}
WAIT_GUI {"seconds_remaining": 60}
GUI_RESULT {"status": "returned-to-practice", "ok": true, "clicks": 2, "robot_started": false}
SENSITIVITY_PROGRESS 714 742 robustness 4 baseline 6QB6-MGSB-44QF-PZST 11 11
GUI_JOB {"action": "dry-run", "folder": "001-0-dry-run"}
WAIT_GUI {"seconds_remaining": 60}
GUI_RESULT {"status": "dry-run-ready", "ok": true, "clicks": 0, "robot_started": false}
READ_ONLY_DB_COPY {"label": "001-db-before", "rows": 893}
GUI_JOB {"action": "run", "folder": "002-1-run"}
WAIT_GUI {"seconds_remaining": 1320}
GUI_RESULT {"robot_exit": 0, "case_code": "AGYK-WFQV-VWNG-RS32", "ok": true, "robot_started": true, "status": "robot-completed", "clicks": 1}
READ_ONLY_DB_COPY {"label": "001-db-after-0", "rows": 894}
AUTHORITATIVE_RESULT {"id": 894, "team_no": "202623001141", "problem_no": 3, "practice_run_no": 3502289893097384011, "case_code": "AGYK-WFQV-VWNG-RS32", "entered": 1, "jammer_count": 13, "cleared_jammer_count": 13, "clear_failure_count": 1, "virtual_time_us": 3001990935, "end_reason": "user_exit", "created_at_ms": 1789278263734}
GUI_JOB {"action": "return", "folder": "003-1-return"}
WAIT_GUI {"seconds_remaining": 60}
GUI_RESULT {"status": "returned-to-practice", "ok": true, "clicks": 2, "robot_started": false}
SENSITIVITY_PROGRESS 715 742 robustness 3 perturbed AGYK-WFQV-VWNG-RS32 13 13
GUI_JOB {"action": "dry-run", "folder": "001-0-dry-run"}
WAIT_GUI {"seconds_remaining": 60}
GUI_RESULT {"status": "dry-run-ready", "ok": true, "clicks": 0, "robot_started": false}
READ_ONLY_DB_COPY {"label": "001-db-before", "rows": 894}
GUI_JOB {"action": "run", "folder": "002-1-run"}
WAIT_GUI {"seconds_remaining": 1320}
WAIT_GUI {"seconds_remaining": 1290}
GUI_RESULT {"robot_exit": 0, "case_code": "6HRA-XETK-YSES-RTU4", "ok": true, "robot_started": true, "status": "robot-completed", "clicks": 1}
READ_ONLY_DB_COPY {"label": "001-db-after-0", "rows": 895}
AUTHORITATIVE_RESULT {"id": 895, "team_no": "202623001141", "problem_no": 3, "practice_run_no": 1416606893589430244, "case_code": "6HRA-XETK-YSES-RTU4", "entered": 1, "jammer_count": 14, "cleared_jammer_count": 14, "clear_failure_count": 0, "virtual_time_us": 3009378426, "end_reason": "user_exit", "created_at_ms": 1789278329589}
GUI_JOB {"action": "return", "folder": "003-1-return"}
WAIT_GUI {"seconds_remaining": 60}
GUI_RESULT {"status": "returned-to-practice", "ok": true, "clicks": 2, "robot_started": false}
SENSITIVITY_PROGRESS 716 742 robustness 3 perturbed 6HRA-XETK-YSES-RTU4 14 14
GUI_JOB {"action": "dry-run", "folder": "001-0-dry-run"}
WAIT_GUI {"seconds_remaining": 60}
GUI_RESULT {"status": "dry-run-ready", "ok": true, "clicks": 0, "robot_started": false}
READ_ONLY_DB_COPY {"label": "001-db-before", "rows": 895}
GUI_JOB {"action": "run", "folder": "002-1-run"}
WAIT_GUI {"seconds_remaining": 1320}
GUI_RESULT {"robot_exit": 0, "case_code": "785S-KEW2-6D2P-XH8V", "ok": true, "robot_started": true, "status": "robot-completed", "clicks": 1}
READ_ONLY_DB_COPY {"label": "001-db-after-0", "rows": 896}
AUTHORITATIVE_RESULT {"id": 896, "team_no": "202623001141", "problem_no": 4, "practice_run_no": 8630377554100180382, "case_code": "785S-KEW2-6D2P-XH8V", "entered": 1, "jammer_count": 11, "cleared_jammer_count": 11, "clear_failure_count": 0, "virtual_time_us": 6124308704, "end_reason": "user_exit", "created_at_ms": 1789278387559}
GUI_JOB {"action": "return", "folder": "003-1-return"}
WAIT_GUI {"seconds_remaining": 60}
GUI_RESULT {"status": "returned-to-practice", "ok": true, "clicks": 2, "robot_started": false}
SENSITIVITY_PROGRESS 717 742 robustness 4 perturbed 785S-KEW2-6D2P-XH8V 11 11
GUI_JOB {"action": "dry-run", "folder": "001-0-dry-run"}
WAIT_GUI {"seconds_remaining": 60}
GUI_RESULT {"status": "dry-run-ready", "ok": true, "clicks": 0, "robot_started": false}
READ_ONLY_DB_COPY {"label": "001-db-before", "rows": 896}
GUI_JOB {"action": "run", "folder": "002-1-run"}
WAIT_GUI {"seconds_remaining": 1320}
GUI_RESULT {"robot_exit": 0, "case_code": "E2GC-6B7D-4S9T-RN9D", "ok": true, "robot_started": true, "status": "robot-completed", "clicks": 1}
READ_ONLY_DB_COPY {"label": "001-db-after-0", "rows": 897}
AUTHORITATIVE_RESULT {"id": 897, "team_no": "202623001141", "problem_no": 3, "practice_run_no": 4547011655273109486, "case_code": "E2GC-6B7D-4S9T-RN9D", "entered": 1, "jammer_count": 16, "cleared_jammer_count": 16, "clear_failure_count": 1, "virtual_time_us": 3252749539, "end_reason": "user_exit", "created_at_ms": 1789278451387}
GUI_JOB {"action": "return", "folder": "003-1-return"}
WAIT_GUI {"seconds_remaining": 60}
GUI_RESULT {"status": "returned-to-practice", "ok": true, "clicks": 2, "robot_started": false}
SENSITIVITY_PROGRESS 718 742 robustness 3 baseline E2GC-6B7D-4S9T-RN9D 16 16
GUI_JOB {"action": "dry-run", "folder": "001-0-dry-run"}
WAIT_GUI {"seconds_remaining": 60}
GUI_RESULT {"status": "dry-run-ready", "ok": true, "clicks": 0, "robot_started": false}
READ_ONLY_DB_COPY {"label": "001-db-before", "rows": 897}
GUI_JOB {"action": "run", "folder": "002-1-run"}
WAIT_GUI {"seconds_remaining": 1320}
GUI_RESULT {"robot_exit": 0, "case_code": "RH4X-2ZA5-MCZV-AEZC", "ok": true, "robot_started": true, "status": "robot-completed", "clicks": 1}
READ_ONLY_DB_COPY {"label": "001-db-after-0", "rows": 898}
AUTHORITATIVE_RESULT {"id": 898, "team_no": "202623001141", "problem_no": 4, "practice_run_no": 7996266565569921290, "case_code": "RH4X-2ZA5-MCZV-AEZC", "entered": 1, "jammer_count": 10, "cleared_jammer_count": 10, "clear_failure_count": 0, "virtual_time_us": 6164024470, "end_reason": "user_exit", "created_at_ms": 1789278509777}
GUI_JOB {"action": "return", "folder": "003-1-return"}
WAIT_GUI {"seconds_remaining": 60}
GUI_RESULT {"status": "returned-to-practice", "ok": true, "clicks": 2, "robot_started": false}
SENSITIVITY_PROGRESS 719 742 robustness 4 baseline RH4X-2ZA5-MCZV-AEZC 10 10
GUI_JOB {"action": "dry-run", "folder": "001-0-dry-run"}
WAIT_GUI {"seconds_remaining": 60}
GUI_RESULT {"status": "dry-run-ready", "ok": true, "clicks": 0, "robot_started": false}
READ_ONLY_DB_COPY {"label": "001-db-before", "rows": 898}
GUI_JOB {"action": "run", "folder": "002-1-run"}
WAIT_GUI {"seconds_remaining": 1320}
GUI_RESULT {"robot_exit": 0, "case_code": "KBZV-AXCW-XDFR-B7TT", "ok": true, "robot_started": true, "status": "robot-completed", "clicks": 1}
READ_ONLY_DB_COPY {"label": "001-db-after-0", "rows": 899}
AUTHORITATIVE_RESULT {"id": 899, "team_no": "202623001141", "problem_no": 4, "practice_run_no": 1144156563024248677, "case_code": "KBZV-AXCW-XDFR-B7TT", "entered": 1, "jammer_count": 12, "cleared_jammer_count": 12, "clear_failure_count": 0, "virtual_time_us": 6275972956, "end_reason": "user_exit", "created_at_ms": 1789278574659}
GUI_JOB {"action": "return", "folder": "003-1-return"}
WAIT_GUI {"seconds_remaining": 60}
GUI_RESULT {"status": "returned-to-practice", "ok": true, "clicks": 2, "robot_started": false}
SENSITIVITY_PROGRESS 720 742 robustness 4 perturbed KBZV-AXCW-XDFR-B7TT 12 12
GUI_JOB {"action": "dry-run", "folder": "001-0-dry-run"}
WAIT_GUI {"seconds_remaining": 60}
GUI_RESULT {"status": "dry-run-ready", "ok": true, "clicks": 0, "robot_started": false}
READ_ONLY_DB_COPY {"label": "001-db-before", "rows": 899}
GUI_JOB {"action": "run", "folder": "002-1-run"}
WAIT_GUI {"seconds_remaining": 1320}
GUI_RESULT {"robot_exit": 0, "case_code": "35BW-EM8J-NREC-7VBF", "ok": true, "robot_started": true, "status": "robot-completed", "clicks": 1}
READ_ONLY_DB_COPY {"label": "001-db-after-0", "rows": 900}
AUTHORITATIVE_RESULT {"id": 900, "team_no": "202623001141", "problem_no": 3, "practice_run_no": 5523878139917811899, "case_code": "35BW-EM8J-NREC-7VBF", "entered": 1, "jammer_count": 14, "cleared_jammer_count": 14, "clear_failure_count": 1, "virtual_time_us": 2911298342, "end_reason": "user_exit", "created_at_ms": 1789278639235}
GUI_JOB {"action": "return", "folder": "003-1-return"}
WAIT_GUI {"seconds_remaining": 60}
GUI_RESULT {"status": "returned-to-practice", "ok": true, "clicks": 2, "robot_started": false}
SENSITIVITY_PROGRESS 721 742 robustness 3 baseline 35BW-EM8J-NREC-7VBF 14 14
GUI_JOB {"action": "dry-run", "folder": "001-0-dry-run"}
WAIT_GUI {"seconds_remaining": 60}
GUI_RESULT {"status": "dry-run-ready", "ok": true, "clicks": 0, "robot_started": false}
READ_ONLY_DB_COPY {"label": "001-db-before", "rows": 900}
GUI_JOB {"action": "run", "folder": "002-1-run"}
WAIT_GUI {"seconds_remaining": 1320}
GUI_RESULT {"robot_exit": 0, "case_code": "T57R-DJVB-FF8U-VU5T", "ok": true, "robot_started": true, "status": "robot-completed", "clicks": 1}
READ_ONLY_DB_COPY {"label": "001-db-after-0", "rows": 901}
AUTHORITATIVE_RESULT {"id": 901, "team_no": "202623001141", "problem_no": 3, "practice_run_no": 6675508766477384, "case_code": "T57R-DJVB-FF8U-VU5T", "entered": 1, "jammer_count": 14, "cleared_jammer_count": 14, "clear_failure_count": 0, "virtual_time_us": 3250432238, "end_reason": "user_exit", "created_at_ms": 1789278697409}
GUI_JOB {"action": "return", "folder": "003-1-return"}
WAIT_GUI {"seconds_remaining": 60}
GUI_RESULT {"status": "returned-to-practice", "ok": true, "clicks": 2, "robot_started": false}
SENSITIVITY_PROGRESS 722 742 robustness 3 perturbed T57R-DJVB-FF8U-VU5T 14 14
GUI_JOB {"action": "dry-run", "folder": "001-0-dry-run"}
WAIT_GUI {"seconds_remaining": 60}
GUI_RESULT {"status": "dry-run-ready", "ok": true, "clicks": 0, "robot_started": false}
READ_ONLY_DB_COPY {"label": "001-db-before", "rows": 901}
GUI_JOB {"action": "run", "folder": "002-1-run"}
WAIT_GUI {"seconds_remaining": 1320}
GUI_RESULT {"robot_exit": 0, "case_code": "PFSN-VPNF-F6VH-HCEM", "ok": true, "robot_started": true, "status": "robot-completed", "clicks": 1}
READ_ONLY_DB_COPY {"label": "001-db-after-0", "rows": 902}
AUTHORITATIVE_RESULT {"id": 902, "team_no": "202623001141", "problem_no": 3, "practice_run_no": 4885126152245346600, "case_code": "PFSN-VPNF-F6VH-HCEM", "entered": 1, "jammer_count": 12, "cleared_jammer_count": 12, "clear_failure_count": 0, "virtual_time_us": 2933807096, "end_reason": "user_exit", "created_at_ms": 1789278755067}
GUI_JOB {"action": "return", "folder": "003-1-return"}
WAIT_GUI {"seconds_remaining": 60}
GUI_RESULT {"status": "returned-to-practice", "ok": true, "clicks": 2, "robot_started": false}
SENSITIVITY_PROGRESS 723 742 robustness 3 perturbed PFSN-VPNF-F6VH-HCEM 12 12
GUI_JOB {"action": "dry-run", "folder": "001-0-dry-run"}
WAIT_GUI {"seconds_remaining": 60}
GUI_RESULT {"status": "dry-run-ready", "ok": true, "clicks": 0, "robot_started": false}
READ_ONLY_DB_COPY {"label": "001-db-before", "rows": 902}
GUI_JOB {"action": "run", "folder": "002-1-run"}
WAIT_GUI {"seconds_remaining": 1320}
WAIT_GUI {"seconds_remaining": 1290}
GUI_RESULT {"robot_exit": 0, "case_code": "M5TG-F3ZU-2G9V-NB7Y", "ok": true, "robot_started": true, "status": "robot-completed", "clicks": 1}
READ_ONLY_DB_COPY {"label": "001-db-after-0", "rows": 903}
AUTHORITATIVE_RESULT {"id": 903, "team_no": "202623001141", "problem_no": 4, "practice_run_no": 4556897475281415517, "case_code": "M5TG-F3ZU-2G9V-NB7Y", "entered": 1, "jammer_count": 10, "cleared_jammer_count": 10, "clear_failure_count": 0, "virtual_time_us": 6296600921, "end_reason": "user_exit", "created_at_ms": 1789278815741}
GUI_JOB {"action": "return", "folder": "003-1-return"}
WAIT_GUI {"seconds_remaining": 60}
GUI_RESULT {"status": "returned-to-practice", "ok": true, "clicks": 2, "robot_started": false}
SENSITIVITY_PROGRESS 724 742 robustness 4 perturbed M5TG-F3ZU-2G9V-NB7Y 10 10
GUI_JOB {"action": "dry-run", "folder": "001-0-dry-run"}
WAIT_GUI {"seconds_remaining": 60}
GUI_RESULT {"status": "dry-run-ready", "ok": true, "clicks": 0, "robot_started": false}
READ_ONLY_DB_COPY {"label": "001-db-before", "rows": 903}
GUI_JOB {"action": "run", "folder": "002-1-run"}
WAIT_GUI {"seconds_remaining": 1320}
WAIT_GUI {"seconds_remaining": 1290}
GUI_RESULT {"robot_exit": 0, "case_code": "CG62-PGGS-4BK4-4H33", "ok": true, "robot_started": true, "status": "robot-completed", "clicks": 1}
READ_ONLY_DB_COPY {"label": "001-db-after-0", "rows": 904}
AUTHORITATIVE_RESULT {"id": 904, "team_no": "202623001141", "problem_no": 4, "practice_run_no": 7864312603209878206, "case_code": "CG62-PGGS-4BK4-4H33", "entered": 1, "jammer_count": 13, "cleared_jammer_count": 13, "clear_failure_count": 0, "virtual_time_us": 6571043236, "end_reason": "user_exit", "created_at_ms": 1789278893777}
GUI_JOB {"action": "return", "folder": "003-1-return"}
WAIT_GUI {"seconds_remaining": 60}
GUI_RESULT {"status": "returned-to-practice", "ok": true, "clicks": 2, "robot_started": false}
SENSITIVITY_PROGRESS 725 742 robustness 4 baseline CG62-PGGS-4BK4-4H33 13 13
GUI_JOB {"action": "dry-run", "folder": "001-0-dry-run"}
WAIT_GUI {"seconds_remaining": 60}
GUI_RESULT {"status": "dry-run-ready", "ok": true, "clicks": 0, "robot_started": false}
READ_ONLY_DB_COPY {"label": "001-db-before", "rows": 904}
GUI_JOB {"action": "run", "folder": "002-1-run"}
WAIT_GUI {"seconds_remaining": 1320}
GUI_RESULT {"robot_exit": 0, "case_code": "STGS-KJR7-9VXG-5Y2V", "ok": true, "robot_started": true, "status": "robot-completed", "clicks": 1}
READ_ONLY_DB_COPY {"label": "001-db-after-0", "rows": 905}
AUTHORITATIVE_RESULT {"id": 905, "team_no": "202623001141", "problem_no": 3, "practice_run_no": 3248012501053437343, "case_code": "STGS-KJR7-9VXG-5Y2V", "entered": 1, "jammer_count": 13, "cleared_jammer_count": 13, "clear_failure_count": 0, "virtual_time_us": 2945029538, "end_reason": "user_exit", "created_at_ms": 1789278962064}
GUI_JOB {"action": "return", "folder": "003-1-return"}
WAIT_GUI {"seconds_remaining": 60}
GUI_RESULT {"status": "returned-to-practice", "ok": true, "clicks": 2, "robot_started": false}
SENSITIVITY_PROGRESS 726 742 robustness 3 perturbed STGS-KJR7-9VXG-5Y2V 13 13
GUI_JOB {"action": "dry-run", "folder": "001-0-dry-run"}
WAIT_GUI {"seconds_remaining": 60}
GUI_RESULT {"status": "dry-run-ready", "ok": true, "clicks": 0, "robot_started": false}
READ_ONLY_DB_COPY {"label": "001-db-before", "rows": 905}
GUI_JOB {"action": "run", "folder": "002-1-run"}
WAIT_GUI {"seconds_remaining": 1320}
GUI_RESULT {"robot_exit": 0, "case_code": "H6YY-GXKT-WMAK-TAVC", "ok": true, "robot_started": true, "status": "robot-completed", "clicks": 1}
READ_ONLY_DB_COPY {"label": "001-db-after-0", "rows": 906}
AUTHORITATIVE_RESULT {"id": 906, "team_no": "202623001141", "problem_no": 4, "practice_run_no": 6622122502065862302, "case_code": "H6YY-GXKT-WMAK-TAVC", "entered": 1, "jammer_count": 14, "cleared_jammer_count": 14, "clear_failure_count": 1, "virtual_time_us": 6064404739, "end_reason": "user_exit", "created_at_ms": 1789279022522}
GUI_JOB {"action": "return", "folder": "003-1-return"}
WAIT_GUI {"seconds_remaining": 60}
GUI_RESULT {"status": "returned-to-practice", "ok": true, "clicks": 2, "robot_started": false}
SENSITIVITY_PROGRESS 727 742 robustness 4 perturbed H6YY-GXKT-WMAK-TAVC 14 14
GUI_JOB {"action": "dry-run", "folder": "001-0-dry-run"}
WAIT_GUI {"seconds_remaining": 60}
GUI_RESULT {"status": "dry-run-ready", "ok": true, "clicks": 0, "robot_started": false}
READ_ONLY_DB_COPY {"label": "001-db-before", "rows": 906}
GUI_JOB {"action": "run", "folder": "002-1-run"}
WAIT_GUI {"seconds_remaining": 1320}
GUI_RESULT {"robot_exit": 0, "case_code": "JJUZ-SEUH-VY9B-BSP5", "ok": true, "robot_started": true, "status": "robot-completed", "clicks": 1}
READ_ONLY_DB_COPY {"label": "001-db-after-0", "rows": 907}
AUTHORITATIVE_RESULT {"id": 907, "team_no": "202623001141", "problem_no": 3, "practice_run_no": 6062058257797002544, "case_code": "JJUZ-SEUH-VY9B-BSP5", "entered": 1, "jammer_count": 14, "cleared_jammer_count": 14, "clear_failure_count": 0, "virtual_time_us": 3351302949, "end_reason": "user_exit", "created_at_ms": 1789279088541}
GUI_JOB {"action": "return", "folder": "003-1-return"}
WAIT_GUI {"seconds_remaining": 60}
GUI_RESULT {"status": "returned-to-practice", "ok": true, "clicks": 2, "robot_started": false}
SENSITIVITY_PROGRESS 728 742 robustness 3 perturbed JJUZ-SEUH-VY9B-BSP5 14 14
GUI_JOB {"action": "dry-run", "folder": "001-0-dry-run"}
WAIT_GUI {"seconds_remaining": 60}
GUI_RESULT {"status": "dry-run-ready", "ok": true, "clicks": 0, "robot_started": false}
READ_ONLY_DB_COPY {"label": "001-db-before", "rows": 907}
GUI_JOB {"action": "run", "folder": "002-1-run"}
WAIT_GUI {"seconds_remaining": 1320}
GUI_RESULT {"robot_exit": 0, "case_code": "ZU2S-2UA3-FXQM-TM6U", "ok": true, "robot_started": true, "status": "robot-completed", "clicks": 1}
READ_ONLY_DB_COPY {"label": "001-db-after-0", "rows": 908}
AUTHORITATIVE_RESULT {"id": 908, "team_no": "202623001141", "problem_no": 3, "practice_run_no": 3990211746621524478, "case_code": "ZU2S-2UA3-FXQM-TM6U", "entered": 1, "jammer_count": 11, "cleared_jammer_count": 11, "clear_failure_count": 0, "virtual_time_us": 3162845857, "end_reason": "user_exit", "created_at_ms": 1789279150921}
GUI_JOB {"action": "return", "folder": "003-1-return"}
WAIT_GUI {"seconds_remaining": 60}
GUI_RESULT {"status": "returned-to-practice", "ok": true, "clicks": 2, "robot_started": false}
SENSITIVITY_PROGRESS 729 742 robustness 3 baseline ZU2S-2UA3-FXQM-TM6U 11 11
GUI_JOB {"action": "dry-run", "folder": "001-0-dry-run"}
WAIT_GUI {"seconds_remaining": 60}
GUI_RESULT {"status": "dry-run-ready", "ok": true, "clicks": 0, "robot_started": false}
READ_ONLY_DB_COPY {"label": "001-db-before", "rows": 908}
GUI_JOB {"action": "run", "folder": "002-1-run"}
WAIT_GUI {"seconds_remaining": 1320}
WAIT_GUI {"seconds_remaining": 1290}
GUI_RESULT {"robot_exit": 0, "case_code": "3US8-SNWY-HZAG-AKBB", "ok": true, "robot_started": true, "status": "robot-completed", "clicks": 1}
READ_ONLY_DB_COPY {"label": "001-db-after-0", "rows": 909}
AUTHORITATIVE_RESULT {"id": 909, "team_no": "202623001141", "problem_no": 4, "practice_run_no": 741483290265153644, "case_code": "3US8-SNWY-HZAG-AKBB", "entered": 1, "jammer_count": 13, "cleared_jammer_count": 13, "clear_failure_count": 0, "virtual_time_us": 6387683599, "end_reason": "user_exit", "created_at_ms": 1789279214106}
GUI_JOB {"action": "return", "folder": "003-1-return"}
WAIT_GUI {"seconds_remaining": 60}
GUI_RESULT {"status": "returned-to-practice", "ok": true, "clicks": 2, "robot_started": false}
SENSITIVITY_PROGRESS 730 742 robustness 4 perturbed 3US8-SNWY-HZAG-AKBB 13 13
GUI_JOB {"action": "dry-run", "folder": "001-0-dry-run"}
WAIT_GUI {"seconds_remaining": 60}
GUI_RESULT {"status": "dry-run-ready", "ok": true, "clicks": 0, "robot_started": false}
READ_ONLY_DB_COPY {"label": "001-db-before", "rows": 909}
GUI_JOB {"action": "run", "folder": "002-1-run"}
WAIT_GUI {"seconds_remaining": 1320}
WAIT_GUI {"seconds_remaining": 1290}
GUI_RESULT {"robot_exit": 0, "case_code": "ZCA4-JDUF-PUNQ-JD59", "ok": true, "robot_started": true, "status": "robot-completed", "clicks": 1}
READ_ONLY_DB_COPY {"label": "001-db-after-0", "rows": 910}
AUTHORITATIVE_RESULT {"id": 910, "team_no": "202623001141", "problem_no": 4, "practice_run_no": 3470266890650156073, "case_code": "ZCA4-JDUF-PUNQ-JD59", "entered": 1, "jammer_count": 13, "cleared_jammer_count": 13, "clear_failure_count": 0, "virtual_time_us": 6314747120, "end_reason": "user_exit", "created_at_ms": 1789279282472}
GUI_JOB {"action": "return", "folder": "003-1-return"}
WAIT_GUI {"seconds_remaining": 60}
GUI_RESULT {"status": "returned-to-practice", "ok": true, "clicks": 2, "robot_started": false}
SENSITIVITY_PROGRESS 731 742 robustness 4 perturbed ZCA4-JDUF-PUNQ-JD59 13 13
GUI_JOB {"action": "dry-run", "folder": "001-0-dry-run"}
WAIT_GUI {"seconds_remaining": 60}
GUI_RESULT {"status": "dry-run-ready", "ok": true, "clicks": 0, "robot_started": false}
READ_ONLY_DB_COPY {"label": "001-db-before", "rows": 910}
GUI_JOB {"action": "run", "folder": "002-1-run"}
WAIT_GUI {"seconds_remaining": 1320}
GUI_RESULT {"robot_exit": 0, "case_code": "RZMN-GDRV-KGR2-76PS", "ok": true, "robot_started": true, "status": "robot-completed", "clicks": 1}
READ_ONLY_DB_COPY {"label": "001-db-after-0", "rows": 911}
AUTHORITATIVE_RESULT {"id": 911, "team_no": "202623001141", "problem_no": 4, "practice_run_no": 5752613997453680070, "case_code": "RZMN-GDRV-KGR2-76PS", "entered": 1, "jammer_count": 15, "cleared_jammer_count": 15, "clear_failure_count": 0, "virtual_time_us": 5730070629, "end_reason": "user_exit", "created_at_ms": 1789279351184}
GUI_JOB {"action": "return", "folder": "003-1-return"}
WAIT_GUI {"seconds_remaining": 60}
GUI_RESULT {"status": "returned-to-practice", "ok": true, "clicks": 2, "robot_started": false}
SENSITIVITY_PROGRESS 732 742 robustness 4 baseline RZMN-GDRV-KGR2-76PS 15 15
GUI_JOB {"action": "dry-run", "folder": "001-0-dry-run"}
WAIT_GUI {"seconds_remaining": 60}
GUI_RESULT {"status": "dry-run-ready", "ok": true, "clicks": 0, "robot_started": false}
READ_ONLY_DB_COPY {"label": "001-db-before", "rows": 911}
GUI_JOB {"action": "run", "folder": "002-1-run"}
WAIT_GUI {"seconds_remaining": 1320}
GUI_RESULT {"robot_exit": 0, "case_code": "F3DJ-2CY9-BMGS-NDU9", "ok": true, "robot_started": true, "status": "robot-completed", "clicks": 1}
READ_ONLY_DB_COPY {"label": "001-db-after-0", "rows": 912}
AUTHORITATIVE_RESULT {"id": 912, "team_no": "202623001141", "problem_no": 3, "practice_run_no": 1134577390997411343, "case_code": "F3DJ-2CY9-BMGS-NDU9", "entered": 1, "jammer_count": 11, "cleared_jammer_count": 11, "clear_failure_count": 1, "virtual_time_us": 2941072985, "end_reason": "user_exit", "created_at_ms": 1789279413924}
GUI_JOB {"action": "return", "folder": "003-1-return"}
WAIT_GUI {"seconds_remaining": 60}
GUI_RESULT {"status": "returned-to-practice", "ok": true, "clicks": 2, "robot_started": false}
SENSITIVITY_PROGRESS 733 742 robustness 3 perturbed F3DJ-2CY9-BMGS-NDU9 11 11
GUI_JOB {"action": "dry-run", "folder": "001-0-dry-run"}
WAIT_GUI {"seconds_remaining": 60}
GUI_RESULT {"status": "dry-run-ready", "ok": true, "clicks": 0, "robot_started": false}
READ_ONLY_DB_COPY {"label": "001-db-before", "rows": 912}
GUI_JOB {"action": "run", "folder": "002-1-run"}
WAIT_GUI {"seconds_remaining": 1320}
GUI_RESULT {"robot_exit": 0, "case_code": "KWRF-T4K4-C322-V9HA", "ok": true, "robot_started": true, "status": "robot-completed", "clicks": 1}
READ_ONLY_DB_COPY {"label": "001-db-after-0", "rows": 913}
AUTHORITATIVE_RESULT {"id": 913, "team_no": "202623001141", "problem_no": 3, "practice_run_no": 1880451735907980500, "case_code": "KWRF-T4K4-C322-V9HA", "entered": 1, "jammer_count": 14, "cleared_jammer_count": 14, "clear_failure_count": 1, "virtual_time_us": 3370985249, "end_reason": "user_exit", "created_at_ms": 1789279474288}
GUI_JOB {"action": "return", "folder": "003-1-return"}
WAIT_GUI {"seconds_remaining": 60}
GUI_RESULT {"status": "returned-to-practice", "ok": true, "clicks": 2, "robot_started": false}
SENSITIVITY_PROGRESS 734 742 robustness 3 perturbed KWRF-T4K4-C322-V9HA 14 14
GUI_JOB {"action": "dry-run", "folder": "001-0-dry-run"}
WAIT_GUI {"seconds_remaining": 60}
GUI_RESULT {"status": "dry-run-ready", "ok": true, "clicks": 0, "robot_started": false}
READ_ONLY_DB_COPY {"label": "001-db-before", "rows": 913}
GUI_JOB {"action": "run", "folder": "002-1-run"}
WAIT_GUI {"seconds_remaining": 1320}
GUI_RESULT {"robot_exit": 0, "case_code": "5UFC-BRQ6-KQD7-KSYV", "ok": true, "robot_started": true, "status": "robot-completed", "clicks": 1}
READ_ONLY_DB_COPY {"label": "001-db-after-0", "rows": 914}
AUTHORITATIVE_RESULT {"id": 914, "team_no": "202623001141", "problem_no": 4, "practice_run_no": 7493160854207394578, "case_code": "5UFC-BRQ6-KQD7-KSYV", "entered": 1, "jammer_count": 16, "cleared_jammer_count": 16, "clear_failure_count": 0, "virtual_time_us": 5854616395, "end_reason": "user_exit", "created_at_ms": 1789279537217}
GUI_JOB {"action": "return", "folder": "003-1-return"}
WAIT_GUI {"seconds_remaining": 60}
GUI_RESULT {"status": "returned-to-practice", "ok": true, "clicks": 2, "robot_started": false}
SENSITIVITY_PROGRESS 735 742 robustness 4 perturbed 5UFC-BRQ6-KQD7-KSYV 16 16
GUI_JOB {"action": "dry-run", "folder": "001-0-dry-run"}
WAIT_GUI {"seconds_remaining": 60}
GUI_RESULT {"status": "dry-run-ready", "ok": true, "clicks": 0, "robot_started": false}
READ_ONLY_DB_COPY {"label": "001-db-before", "rows": 914}
GUI_JOB {"action": "run", "folder": "002-1-run"}
WAIT_GUI {"seconds_remaining": 1320}
GUI_RESULT {"robot_exit": 0, "case_code": "TCKM-GGRN-VC66-8A5K", "ok": true, "robot_started": true, "status": "robot-completed", "clicks": 1}
READ_ONLY_DB_COPY {"label": "001-db-after-0", "rows": 915}
AUTHORITATIVE_RESULT {"id": 915, "team_no": "202623001141", "problem_no": 3, "practice_run_no": 1972067701526879453, "case_code": "TCKM-GGRN-VC66-8A5K", "entered": 1, "jammer_count": 16, "cleared_jammer_count": 16, "clear_failure_count": 0, "virtual_time_us": 3116103214, "end_reason": "user_exit", "created_at_ms": 1789279599782}
GUI_JOB {"action": "return", "folder": "003-1-return"}
WAIT_GUI {"seconds_remaining": 60}
GUI_RESULT {"status": "returned-to-practice", "ok": true, "clicks": 2, "robot_started": false}
SENSITIVITY_PROGRESS 736 742 robustness 3 baseline TCKM-GGRN-VC66-8A5K 16 16
GUI_JOB {"action": "dry-run", "folder": "001-0-dry-run"}
WAIT_GUI {"seconds_remaining": 60}
GUI_RESULT {"status": "dry-run-ready", "ok": true, "clicks": 0, "robot_started": false}
READ_ONLY_DB_COPY {"label": "001-db-before", "rows": 915}
GUI_JOB {"action": "run", "folder": "002-1-run"}
WAIT_GUI {"seconds_remaining": 1320}
GUI_RESULT {"robot_exit": 0, "case_code": "FPKU-RPWR-9QQ8-VGSR", "ok": true, "robot_started": true, "status": "robot-completed", "clicks": 1}
READ_ONLY_DB_COPY {"label": "001-db-after-0", "rows": 916}
AUTHORITATIVE_RESULT {"id": 916, "team_no": "202623001141", "problem_no": 4, "practice_run_no": 8578704595982275135, "case_code": "FPKU-RPWR-9QQ8-VGSR", "entered": 1, "jammer_count": 11, "cleared_jammer_count": 11, "clear_failure_count": 0, "virtual_time_us": 6467136538, "end_reason": "user_exit", "created_at_ms": 1789279660557}
GUI_JOB {"action": "return", "folder": "003-1-return"}
WAIT_GUI {"seconds_remaining": 60}
GUI_RESULT {"status": "returned-to-practice", "ok": true, "clicks": 2, "robot_started": false}
SENSITIVITY_PROGRESS 737 742 robustness 4 baseline FPKU-RPWR-9QQ8-VGSR 11 11
GUI_JOB {"action": "dry-run", "folder": "001-0-dry-run"}
WAIT_GUI {"seconds_remaining": 60}
GUI_RESULT {"status": "dry-run-ready", "ok": true, "clicks": 0, "robot_started": false}
READ_ONLY_DB_COPY {"label": "001-db-before", "rows": 916}
GUI_JOB {"action": "run", "folder": "002-1-run"}
WAIT_GUI {"seconds_remaining": 1320}
GUI_RESULT {"robot_exit": 0, "case_code": "N4S6-CEUW-6UTU-EGD6", "ok": true, "robot_started": true, "status": "robot-completed", "clicks": 1}
READ_ONLY_DB_COPY {"label": "001-db-after-0", "rows": 917}
AUTHORITATIVE_RESULT {"id": 917, "team_no": "202623001141", "problem_no": 3, "practice_run_no": 5992277237241108887, "case_code": "N4S6-CEUW-6UTU-EGD6", "entered": 1, "jammer_count": 10, "cleared_jammer_count": 10, "clear_failure_count": 0, "virtual_time_us": 2830640433, "end_reason": "user_exit", "created_at_ms": 1789279727670}
GUI_JOB {"action": "return", "folder": "003-1-return"}
WAIT_GUI {"seconds_remaining": 60}
GUI_RESULT {"status": "returned-to-practice", "ok": true, "clicks": 2, "robot_started": false}
SENSITIVITY_PROGRESS 738 742 robustness 3 perturbed N4S6-CEUW-6UTU-EGD6 10 10
GUI_JOB {"action": "dry-run", "folder": "001-0-dry-run"}
WAIT_GUI {"seconds_remaining": 60}
GUI_RESULT {"status": "dry-run-ready", "ok": true, "clicks": 0, "robot_started": false}
READ_ONLY_DB_COPY {"label": "001-db-before", "rows": 917}
GUI_JOB {"action": "run", "folder": "002-1-run"}
WAIT_GUI {"seconds_remaining": 1320}
WAIT_GUI {"seconds_remaining": 1290}
GUI_RESULT {"robot_exit": 0, "case_code": "MY9K-UMCY-FZXT-BZ72", "ok": true, "robot_started": true, "status": "robot-completed", "clicks": 1}
READ_ONLY_DB_COPY {"label": "001-db-after-0", "rows": 918}
AUTHORITATIVE_RESULT {"id": 918, "team_no": "202623001141", "problem_no": 4, "practice_run_no": 8287866532678294794, "case_code": "MY9K-UMCY-FZXT-BZ72", "entered": 1, "jammer_count": 15, "cleared_jammer_count": 15, "clear_failure_count": 0, "virtual_time_us": 6520556316, "end_reason": "user_exit", "created_at_ms": 1789279788784}
GUI_JOB {"action": "return", "folder": "003-1-return"}
WAIT_GUI {"seconds_remaining": 60}
GUI_RESULT {"status": "returned-to-practice", "ok": true, "clicks": 2, "robot_started": false}
SENSITIVITY_PROGRESS 739 742 robustness 4 perturbed MY9K-UMCY-FZXT-BZ72 15 15
GUI_JOB {"action": "dry-run", "folder": "001-0-dry-run"}
WAIT_GUI {"seconds_remaining": 60}
GUI_RESULT {"status": "dry-run-ready", "ok": true, "clicks": 0, "robot_started": false}
READ_ONLY_DB_COPY {"label": "001-db-before", "rows": 918}
GUI_JOB {"action": "run", "folder": "002-1-run"}
WAIT_GUI {"seconds_remaining": 1320}
GUI_RESULT {"robot_exit": 0, "case_code": "7QWS-J578-ET7H-T7U7", "ok": true, "robot_started": true, "status": "robot-completed", "clicks": 1}
READ_ONLY_DB_COPY {"label": "001-db-after-0", "rows": 919}
AUTHORITATIVE_RESULT {"id": 919, "team_no": "202623001141", "problem_no": 3, "practice_run_no": 6647400789488170869, "case_code": "7QWS-J578-ET7H-T7U7", "entered": 1, "jammer_count": 16, "cleared_jammer_count": 16, "clear_failure_count": 0, "virtual_time_us": 3688300300, "end_reason": "user_exit", "created_at_ms": 1789279855133}
GUI_JOB {"action": "return", "folder": "003-1-return"}
WAIT_GUI {"seconds_remaining": 60}
GUI_RESULT {"status": "returned-to-practice", "ok": true, "clicks": 2, "robot_started": false}
SENSITIVITY_PROGRESS 740 742 robustness 3 baseline 7QWS-J578-ET7H-T7U7 16 16
GUI_JOB {"action": "dry-run", "folder": "001-0-dry-run"}
WAIT_GUI {"seconds_remaining": 60}
GUI_RESULT {"status": "dry-run-ready", "ok": true, "clicks": 0, "robot_started": false}
READ_ONLY_DB_COPY {"label": "001-db-before", "rows": 919}
GUI_JOB {"action": "run", "folder": "002-1-run"}
WAIT_GUI {"seconds_remaining": 1320}
GUI_RESULT {"robot_exit": 0, "case_code": "MWAT-M9Y6-S27G-J9RF", "ok": true, "robot_started": true, "status": "robot-completed", "clicks": 1}
READ_ONLY_DB_COPY {"label": "001-db-after-0", "rows": 920}
AUTHORITATIVE_RESULT {"id": 920, "team_no": "202623001141", "problem_no": 4, "practice_run_no": 1704876957342631734, "case_code": "MWAT-M9Y6-S27G-J9RF", "entered": 1, "jammer_count": 14, "cleared_jammer_count": 14, "clear_failure_count": 0, "virtual_time_us": 6007906731, "end_reason": "user_exit", "created_at_ms": 1789279913999}
GUI_JOB {"action": "return", "folder": "003-1-return"}
WAIT_GUI {"seconds_remaining": 60}
GUI_RESULT {"status": "returned-to-practice", "ok": true, "clicks": 2, "robot_started": false}
SENSITIVITY_PROGRESS 741 742 robustness 4 perturbed MWAT-M9Y6-S27G-J9RF 14 14
GUI_JOB {"action": "dry-run", "folder": "001-0-dry-run"}
WAIT_GUI {"seconds_remaining": 60}
GUI_RESULT {"status": "dry-run-ready", "ok": true, "clicks": 0, "robot_started": false}
READ_ONLY_DB_COPY {"label": "001-db-before", "rows": 920}
GUI_JOB {"action": "run", "folder": "002-1-run"}
WAIT_GUI {"seconds_remaining": 1320}
GUI_RESULT {"robot_exit": 0, "case_code": "5VCN-KGXJ-K3RB-7AKM", "ok": true, "robot_started": true, "status": "robot-completed", "clicks": 1}
READ_ONLY_DB_COPY {"label": "001-db-after-0", "rows": 921}
AUTHORITATIVE_RESULT {"id": 921, "team_no": "202623001141", "problem_no": 3, "practice_run_no": 5066879083705170542, "case_code": "5VCN-KGXJ-K3RB-7AKM", "entered": 1, "jammer_count": 12, "cleared_jammer_count": 12, "clear_failure_count": 0, "virtual_time_us": 3358787703, "end_reason": "user_exit", "created_at_ms": 1789279977422}
GUI_JOB {"action": "return", "folder": "003-1-return"}
WAIT_GUI {"seconds_remaining": 60}
GUI_RESULT {"status": "returned-to-practice", "ok": true, "clicks": 2, "robot_started": false}
SENSITIVITY_PROGRESS 742 742 robustness 3 perturbed 5VCN-KGXJ-K3RB-7AKM 12 12
{"audit": {"recorded_runs": 742, "complete": true, "phases": {"calibration": 2, "screen": 500, "robustness": 240}, "all_cleared": 742, "unique_cases": 742, "official_ledger_verified": true, "gui_counts_verified": true, "parameters_and_schedule_verified": true, "maximum_action_error_s": 4.999908469471848e-07, "mock_executions": 0, "official_formal_runs": 0}, "robustness": [{"problem": 3, "perturbed_runs": 80, "baseline_runs": 40, "perturbed_all_clear": 80, "baseline_all_clear": 40, "perturbed_tau": 243.5017798529689, "baseline_tau": 234.5848565868373, "ratio": 1.0380115042201403, "clear_probability_lower97_5": 0.9549359649323077, "complete": true, "full_blocks": 40, "ratio_upper97_5": 1.0831192619466588, "ratio_ci95": [0.9948242553278527, 1.0831192619466588], "noninferiority_pass": false, "observed_all_clear": true, "overall_pass": false, "verdict": "insufficient evidence for <=5% degradation"}, {"problem": 4, "perturbed_runs": 80, "baseline_runs": 40, "perturbed_all_clear": 80, "baseline_all_clear": 40, "perturbed_tau": 486.42443542131474, "baseline_tau": 453.2229259737828, "ratio": 1.0732564650744356, "clear_probability_lower97_5": 0.9549359649323077, "complete": true, "full_blocks": 40, "ratio_upper97_5": 1.157108247216959, "ratio_ci95": [0.9930406156469646, 1.157108247216959], "noninferiority_pass": false, "observed_all_clear": true, "overall_pass": false, "verdict": "observed degradation >=5%; robustness criterion not met"}]}
