active_measurements,active_no_signal,all_cleared,case_id,category,certified_clears,clear_calls,cleared,commands,cpu_s,discovered_channels,failure,inconsistent_updates,measurements,method,missed_channels,move_m,optical_fallback_calls,optical_max_cover_radius,per_source_s,policy_cleared_channels,seed,sources,split,stations_visited,stop_reason,switches,total_virtual_s,wall_s
16,0,True,uniform__iid__67,uniform__iid,10,10,10,260,0.13167099999999998,10,,0,248,old_triangle19,[],44593.24482745334,0,0.0,1043.5648966,"[4, 5, 7, 8, 9, 10, 14, 15, 18, 19]",67,10,ordinary,19,full_coverage_and_all_discovered_cleared,227,10435.648966,0.13380408298689872
16,0,True,uniform__iid__67,uniform__iid,10,10,10,150,0.12320399999999998,10,,0,138,peer_ring9_r1300,[],16715.178060343696,0,0.0,421.10356119999994,"[4, 5, 7, 8, 9, 10, 14, 15, 18, 19]",67,10,ordinary,9,full_coverage_and_all_discovered_cleared,128,4211.035612,0.12327733403071761
17,0,True,uniform__iid__67,uniform__iid,10,10,10,127,0.13227100000000003,10,,0,115,ring7_r1140,[],15398.20229216294,0,0.0,381.0640459,"[4, 5, 7, 8, 9, 10, 14, 15, 18, 19]",67,10,ordinary,7,full_coverage_and_all_discovered_cleared,106,3810.640459,0.1323820420075208
17,0,True,uniform__iid__67,uniform__iid,10,10,10,150,0.131158,10,,0,138,ring9_r960,[],16342.419297740886,0,0.0,413.4483861,"[4, 5, 7, 8, 9, 10, 14, 15, 18, 19]",67,10,ordinary,9,full_coverage_and_all_discovered_cleared,126,4134.483861,0.13124854100169614
17,0,True,uniform__iid__67,uniform__iid,10,10,10,198,0.13112800000000002,10,,0,186,ring13_r870,[],17631.377283522965,0,0.0,467.72754590000005,"[4, 5, 7, 8, 9, 10, 14, 15, 18, 19]",67,10,ordinary,13,full_coverage_and_all_discovered_cleared,171,4677.275459,0.13124458299716935
25,0,True,uniform__iid__68,uniform__iid,15,15,15,200,0.19654400000000005,15,,0,183,old_triangle19,[],44114.089556900115,0,0.0,664.8545274,"[2, 4, 5, 6, 8, 9, 11, 12, 13, 14, 15, 16, 17, 19, 20]",68,15,ordinary,19,full_coverage_and_all_discovered_cleared,160,9972.817911,0.1966808750294149
28,0,True,uniform__iid__68,uniform__iid,15,15,15,127,0.22155899999999995,15,,0,110,peer_ring9_r1300,[],23240.182623055938,0,0.0,357.6691014666667,"[2, 4, 5, 6, 8, 9, 11, 12, 13, 14, 15, 16, 17, 19, 20]",68,15,ordinary,9,full_coverage_and_all_discovered_cleared,92,5365.036522,0.2217392500024289
28,0,True,uniform__iid__68,uniform__iid,15,15,15,114,0.21438499999999983,15,,0,97,ring7_r1140,[],22825.395733186724,0,0.0,347.0719428666667,"[2, 4, 5, 6, 8, 9, 11, 12, 13, 14, 15, 16, 17, 19, 20]",68,15,ordinary,7,full_coverage_and_all_discovered_cleared,81,5206.079143,0.2145109169650823
28,0,True,uniform__iid__68,uniform__iid,15,15,15,128,0.21999999999999997,15,,0,111,ring9_r960,[],22968.887488226497,0,0.0,354.45183280000003,"[2, 4, 5, 6, 8, 9, 11, 12, 13, 14, 15, 16, 17, 19, 20]",68,15,ordinary,9,full_coverage_and_all_discovered_cleared,93,5316.777492,0.220106124994345
28,0,True,uniform__iid__68,uniform__iid,15,15,15,155,0.22929999999999984,15,,0,138,ring13_r870,[],24440.173345364045,0,0.0,384.668978,"[2, 4, 5, 6, 8, 9, 11, 12, 13, 14, 15, 16, 17, 19, 20]",68,15,ordinary,13,full_coverage_and_all_discovered_cleared,117,5770.03467,0.22946129203774035
25,0,True,uniform__iid__69,uniform__iid,15,15,15,212,0.1877939999999998,15,,0,195,old_triangle19,[],48167.2435543576,0,0.0,723.7632473333334,"[2, 3, 4, 5, 6, 7, 8, 9, 10, 11, 12, 13, 14, 16, 18]",69,15,ordinary,19,full_coverage_and_all_discovered_cleared,173,10856.44871,0.1879280840512365
27,0,True,uniform__iid__69,uniform__iid,15,15,15,132,0.213638,15,,0,115,peer_ring9_r1300,[],22972.07927285665,0,0.0,356.36105680000003,"[2, 3, 4, 5, 6, 7, 8, 9, 10, 11, 12, 13, 14, 16, 18]",69,15,ordinary,9,full_coverage_and_all_discovered_cleared,101,5345.415852,0.2137495829956606
25,0,True,uniform__iid__69,uniform__iid,15,15,15,115,0.196202,15,,0,98,ring7_r1140,[],21556.843408746452,0,0.0,330.82457866666664,"[2, 3, 4, 5, 6, 7, 8, 9, 10, 11, 12, 13, 14, 16, 18]",69,15,ordinary,7,full_coverage_and_all_discovered_cleared,86,4962.36868,0.1964211250306107
28,0,True,uniform__iid__69,uniform__iid,15,15,15,132,0.22750999999999966,15,,0,115,ring9_r960,[],23154.215405576542,0,0.0,358.72287213333334,"[2, 3, 4, 5, 6, 7, 8, 9, 10, 11, 12, 13, 14, 16, 18]",69,15,ordinary,9,full_coverage_and_all_discovered_cleared,100,5380.843082,0.2276234999881126
28,0,True,uniform__iid__69,uniform__iid,15,15,15,172,0.229371,15,,0,155,ring13_r870,[],24178.567941819812,0,0.0,388.11423913333334,"[2, 3, 4, 5, 6, 7, 8, 9, 10, 11, 12, 13, 14, 16, 18]",69,15,ordinary,13,full_coverage_and_all_discovered_cleared,136,5821.713587,0.22953862498980016
16,0,True,uniform__iid__70,uniform__iid,10,10,10,267,0.11907099999999993,10,,0,255,old_triangle19,[],41235.574720087956,0,0.0,980.6114946,"[2, 3, 5, 10, 11, 13, 15, 16, 19, 20]",70,10,ordinary,19,full_coverage_and_all_discovered_cleared,234,9806.114946,0.11914970801444724
15,0,True,uniform__iid__70,uniform__iid,10,10,10,145,0.121286,10,,0,133,peer_ring9_r1300,[],18543.50539511131,0,0.0,454.6701081,"[2, 3, 5, 10, 11, 13, 15, 16, 19, 20]",70,10,ordinary,9,full_coverage_and_all_discovered_cleared,123,4546.701081,0.12133891601115465
15,0,True,uniform__iid__70,uniform__iid,10,10,10,123,0.12473199999999984,10,,0,111,ring7_r1140,[],17593.563356199338,0,0.0,422.671267,"[2, 3, 5, 10, 11, 13, 15, 16, 19, 20]",70,10,ordinary,7,full_coverage_and_all_discovered_cleared,103,4226.71267,0.12495766603387892
16,0,True,uniform__iid__70,uniform__iid,10,10,10,146,0.12561799999999979,10,,0,134,ring9_r960,[],18199.11423077299,0,0.0,448.2822846,"[2, 3, 5, 10, 11, 13, 15, 16, 19, 20]",70,10,ordinary,9,full_coverage_and_all_discovered_cleared,123,4482.822846,0.12572912499308586
16,0,True,uniform__iid__70,uniform__iid,10,10,10,192,0.1398609999999998,10,,0,180,ring13_r870,[],19416.829821424522,0,0.0,499.93659690000004,"[2, 3, 5, 10, 11, 13, 15, 16, 19, 20]",70,10,ordinary,13,full_coverage_and_all_discovered_cleared,166,4999.365969,0.13994391699088737
21,0,True,uniform__iid__71,uniform__iid,12,12,12,238,0.15511700000000017,12,,0,224,old_triangle19,[],43088.59102174823,0,0.0,833.1431835833333,"[1, 2, 4, 5, 7, 9, 10, 13, 17, 18, 19, 20]",71,12,ordinary,19,full_coverage_and_all_discovered_cleared,200,9997.718203,0.15519429196137935
19,0,True,uniform__iid__71,uniform__iid,12,12,12,131,0.1447280000000002,12,,0,117,peer_ring9_r1300,[],21144.638284816156,0,0.0,414.91063825,"[1, 2, 4, 5, 7, 9, 10, 13, 17, 18, 19, 20]",71,12,ordinary,9,full_coverage_and_all_discovered_cleared,105,4978.927659,0.14484112500213087
20,0,True,uniform__iid__71,uniform__iid,12,12,12,114,0.15329399999999982,12,,0,100,ring7_r1140,[],20509.577445028022,0,0.0,395.90962399999995,"[1, 2, 4, 5, 7, 9, 10, 13, 17, 18, 19, 20]",71,12,ordinary,7,full_coverage_and_all_discovered_cleared,89,4750.915488,0.15338708402123302
22,0,True,uniform__iid__71,uniform__iid,12,12,12,133,0.16655399999999965,12,,0,119,ring9_r960,[],22319.267835769664,0,0.0,435.1544640833333,"[1, 2, 4, 5, 7, 9, 10, 13, 17, 18, 19, 20]",71,12,ordinary,9,full_coverage_and_all_discovered_cleared,103,5221.853569,0.16667487501399592
23,0,True,uniform__iid__71,uniform__iid,12,12,12,169,0.18093499999999985,12,,0,155,ring13_r870,[],22991.389680648837,0,0.0,463.85649483333333,"[1, 2, 4, 5, 7, 9, 10, 13, 17, 18, 19, 20]",71,12,ordinary,13,full_coverage_and_all_discovered_cleared,133,5566.277938,0.1809965000138618
18,0,True,uniform__iid__72,uniform__iid,10,10,10,261,0.15078199999999953,10,,0,249,old_triangle19,[],39599.795778563086,0,0.0,943.9959156000001,"[3, 6, 10, 11, 12, 15, 16, 17, 18, 20]",72,10,ordinary,19,full_coverage_and_all_discovered_cleared,225,9439.959156,0.15089225000701845
17,0,True,uniform__iid__72,uniform__iid,10,10,10,133,0.13067199999999968,10,,0,121,peer_ring9_r1300,[],21005.64436087677,0,0.0,496.41288729999997,"[3, 6, 10, 11, 12, 15, 16, 17, 18, 20]",72,10,ordinary,9,full_coverage_and_all_discovered_cleared,108,4964.128873,0.1307552499929443
18,0,True,uniform__iid__72,uniform__iid,10,10,10,114,0.14161300000000043,10,,0,102,ring7_r1140,[],20297.46519224316,0,0.0,470.94930379999994,"[3, 6, 10, 11, 12, 15, 16, 17, 18, 20]",72,10,ordinary,7,full_coverage_and_all_discovered_cleared,90,4709.493038,0.1417341249762103
18,0,True,uniform__iid__72,uniform__iid,10,10,10,134,0.14212700000000034,10,,0,122,ring9_r960,[],19893.85306026777,0,0.0,474.6770612,"[3, 6, 10, 11, 12, 15, 16, 17, 18, 20]",72,10,ordinary,9,full_coverage_and_all_discovered_cleared,108,4746.770612,0.1422226249706
18,0,True,uniform__iid__72,uniform__iid,10,10,10,174,0.13866900000000015,10,,0,162,ring13_r870,[],19966.93647098935,0,0.0,499.7387296,"[3, 6, 10, 11, 12, 15, 16, 17, 18, 20]",72,10,ordinary,13,full_coverage_and_all_discovered_cleared,144,4997.387296,0.13887174997944385
20,0,True,uniform__iid__73,uniform__iid,12,12,12,231,0.1511199999999997,12,,0,217,old_triangle19,[],41741.944575859656,0,0.0,807.2824095,"[2, 4, 5, 6, 7, 8, 9, 10, 14, 15, 16, 17]",73,12,ordinary,19,full_coverage_and_all_discovered_cleared,194,9687.388914,0.15127716702409089
20,0,True,uniform__iid__73,uniform__iid,12,12,12,128,0.15500500000000006,12,,0,114,peer_ring9_r1300,[],18486.93472120478,0,0.0,369.11557875,"[2, 4, 5, 6, 7, 8, 9, 10, 14, 15, 16, 17]",73,12,ordinary,9,full_coverage_and_all_discovered_cleared,102,4429.386945,0.15507558401441202
21,0,True,uniform__iid__73,uniform__iid,12,12,12,111,0.15734599999999954,12,,0,97,ring7_r1140,[],18016.388280687206,0,0.0,352.773138,"[2, 4, 5, 6, 7, 8, 9, 10, 14, 15, 16, 17]",73,12,ordinary,7,full_coverage_and_all_discovered_cleared,85,4233.277656,0.15743883297545835
21,0,True,uniform__iid__73,uniform__iid,12,12,12,130,0.16413399999999978,12,,0,116,ring9_r960,[],18565.425392856858,0,0.0,371.25708983333334,"[2, 4, 5, 6, 7, 8, 9, 10, 14, 15, 16, 17]",73,12,ordinary,9,full_coverage_and_all_discovered_cleared,102,4455.085078,0.1642337499652058
21,0,True,uniform__iid__73,uniform__iid,12,12,12,163,0.15991299999999953,12,,0,149,ring13_r870,[],19885.625062732666,0,0.0,409.42708450000003,"[2, 4, 5, 6, 7, 8, 9, 10, 14, 15, 16, 17]",73,12,ordinary,13,full_coverage_and_all_discovered_cleared,131,4913.125014,0.16035404097056016
24,0,True,uniform__iid__74,uniform__iid,16,16,16,157,0.1849210000000001,16,,0,139,old_triangle19,[],35314.35870300693,0,0.0,497.554483625,"[2, 3, 4, 5, 6, 8, 9, 11, 12, 13, 14, 15, 16, 17, 18, 20]",74,16,ordinary,12,public_upper_bound_16,123,7960.871738,0.1850196669693105
26,0,True,uniform__iid__74,uniform__iid,16,16,16,131,0.20057800000000015,16,,0,113,peer_ring9_r1300,[],20032.057481238546,0,0.0,297.0257185625,"[2, 3, 4, 5, 6, 8, 9, 11, 12, 13, 14, 15, 16, 17, 18, 20]",74,16,ordinary,8,public_upper_bound_16,101,4752.411497,0.20076083298772573
26,0,True,uniform__iid__74,uniform__iid,16,16,16,117,0.21253999999999973,16,,0,99,ring7_r1140,[],20558.749596367332,0,0.0,298.3593700625,"[2, 3, 4, 5, 6, 8, 9, 11, 12, 13, 14, 15, 16, 17, 18, 20]",74,16,ordinary,6,public_upper_bound_16,87,4773.749921,0.21277825004654005
26,0,True,uniform__iid__74,uniform__iid,16,16,16,131,0.20793899999999965,16,,0,113,ring9_r960,[],21394.331499437274,0,0.0,314.05414375,"[2, 3, 4, 5, 6, 8, 9, 11, 12, 13, 14, 15, 16, 17, 18, 20]",74,16,ordinary,8,public_upper_bound_16,101,5024.8663,0.2081637080409564
28,0,True,uniform__iid__74,uniform__iid,16,16,16,153,0.2232719999999997,16,,0,135,ring13_r870,[],24087.30576857734,0,0.0,355.7788223125,"[2, 3, 4, 5, 6, 8, 9, 11, 12, 13, 14, 15, 16, 17, 18, 20]",74,16,ordinary,10,public_upper_bound_16,120,5692.461157,0.22338633297476918
25,0,True,uniform__iid__75,uniform__iid,13,13,13,257,0.18471499999999974,13,,0,242,old_triangle19,[],45054.214212742765,0,0.0,807.6802187692308,"[2, 6, 10, 11, 12, 13, 14, 15, 16, 17, 18, 19, 20]",75,13,ordinary,19,full_coverage_and_all_discovered_cleared,214,10499.842844,0.18486724997637793
20,0,True,uniform__iid__75,uniform__iid,13,13,13,141,0.1559330000000001,13,,0,126,peer_ring9_r1300,[],18715.612471675162,0,0.0,350.1632688461538,"[2, 6, 10, 11, 12, 13, 14, 15, 16, 17, 18, 19, 20]",75,13,ordinary,9,full_coverage_and_all_discovered_cleared,114,4552.122495,0.15598362497985363
22,0,True,uniform__iid__75,uniform__iid,13,13,13,120,0.16525000000000034,13,,0,105,ring7_r1140,[],20122.129369687842,0,0.0,362.1096827692308,"[2, 6, 10, 11, 12, 13, 14, 15, 16, 17, 18, 19, 20]",75,13,ordinary,7,full_coverage_and_all_discovered_cleared,93,4707.425876,0.16540324996458367
23,0,True,uniform__iid__75,uniform__iid,13,13,13,132,0.1873630000000004,13,,0,117,ring9_r960,[],21447.41341754644,0,0.0,387.8063603846154,"[2, 6, 10, 11, 12, 13, 14, 15, 16, 17, 18, 19, 20]",75,13,ordinary,9,full_coverage_and_all_discovered_cleared,102,5041.482685,0.187450582976453
25,0,True,uniform__iid__75,uniform__iid,13,13,13,166,0.20266200000000012,13,,0,151,ring13_r870,[],23852.957080161053,0,0.0,440.12241669230764,"[2, 6, 10, 11, 12, 13, 14, 15, 16, 17, 18, 19, 20]",75,13,ordinary,13,full_coverage_and_all_discovered_cleared,131,5721.591417,0.20274195802630857
20,0,True,uniform__iid__76,uniform__iid,12,12,12,229,0.1572489999999993,12,,0,215,old_triangle19,[],45189.99690909154,0,0.0,863.9166151666667,"[2, 4, 5, 7, 8, 10, 12, 13, 14, 15, 17, 18]",76,12,ordinary,19,full_coverage_and_all_discovered_cleared,194,10366.999382,0.1572830420336686
22,0,True,uniform__iid__76,uniform__iid,12,12,12,138,0.1734820000000008,12,,0,124,peer_ring9_r1300,[],21309.26182436394,0,0.0,420.98769725000005,"[2, 4, 5, 7, 8, 10, 12, 13, 14, 15, 17, 18]",76,12,ordinary,9,full_coverage_and_all_discovered_cleared,110,5051.852367,0.17357533401809633
21,0,True,uniform__iid__76,uniform__iid,12,12,12,118,0.16937399999999947,12,,0,104,ring7_r1140,[],21023.572516016447,0,0.0,406.3928753333333,"[2, 4, 5, 7, 8, 10, 12, 13, 14, 15, 17, 18]",76,12,ordinary,7,full_coverage_and_all_discovered_cleared,92,4876.714504,0.16942920797737315
21,0,True,uniform__iid__76,uniform__iid,12,12,12,137,0.16485299999999903,12,,0,123,ring9_r960,[],20309.239736565538,0,0.0,403.90399575,"[2, 4, 5, 7, 8, 10, 12, 13, 14, 15, 17, 18]",76,12,ordinary,9,full_coverage_and_all_discovered_cleared,110,4846.847949,0.16489179100608453
22,0,True,uniform__iid__76,uniform__iid,12,12,12,176,0.17079500000000003,12,,0,162,ring13_r870,[],21257.845479358457,0,0.0,438.797425,"[2, 4, 5, 7, 8, 10, 12, 13, 14, 15, 17, 18]",76,12,ordinary,13,full_coverage_and_all_discovered_cleared,144,5265.5691,0.17083333403570578
16,0,True,uniform__smooth__67,uniform__smooth,10,10,10,260,0.13183199999999928,10,,0,248,old_triangle19,[],44622.13651469317,0,0.0,1044.1427303,"[4, 5, 7, 8, 9, 10, 14, 15, 18, 19]",67,10,ordinary,19,full_coverage_and_all_discovered_cleared,227,10441.427303,0.14330741699086502
17,0,True,uniform__smooth__67,uniform__smooth,10,10,10,151,0.13889300000000127,10,,0,139,peer_ring9_r1300,[],16811.382741927024,0,0.0,423.5276549,"[4, 5, 7, 8, 9, 10, 14, 15, 18, 19]",67,10,ordinary,9,full_coverage_and_all_discovered_cleared,128,4235.276549,0.13894554099533707
16,0,True,uniform__smooth__67,uniform__smooth,10,10,10,126,0.13108900000000112,10,,0,114,ring7_r1140,[],15426.363726454896,0,0.0,381.1272745,"[4, 5, 7, 8, 9, 10, 14, 15, 18, 19]",67,10,ordinary,7,full_coverage_and_all_discovered_cleared,106,3811.272745,0.13118045800365508
17,0,True,uniform__smooth__67,uniform__smooth,10,10,10,150,0.13772699999999993,10,,0,138,ring9_r960,[],16413.15384877261,0,0.0,414.8630772,"[4, 5, 7, 8, 9, 10, 14, 15, 18, 19]",67,10,ordinary,9,full_coverage_and_all_discovered_cleared,126,4148.630772,0.13779250002698973
17,0,True,uniform__smooth__67,uniform__smooth,10,10,10,198,0.13930099999999968,10,,0,186,ring13_r870,[],17672.274727904478,0,0.0,468.5454951,"[4, 5, 7, 8, 9, 10, 14, 15, 18, 19]",67,10,ordinary,13,full_coverage_and_all_discovered_cleared,171,4685.454951,0.1393812500173226
25,0,True,uniform__smooth__68,uniform__smooth,15,15,15,200,0.20520199999999988,15,,0,183,old_triangle19,[],44121.08469312219,0,0.0,664.9477958666666,"[2, 4, 5, 6, 8, 9, 11, 12, 13, 14, 15, 16, 17, 19, 20]",68,15,ordinary,19,full_coverage_and_all_discovered_cleared,160,9974.216938,0.20532770798308775
27,0,True,uniform__smooth__68,uniform__smooth,15,15,15,126,0.21400299999999994,15,,0,109,peer_ring9_r1300,[],22404.480286654863,0,0.0,346.19307046666665,"[2, 4, 5, 6, 8, 9, 11, 12, 13, 14, 15, 16, 17, 19, 20]",68,15,ordinary,9,full_coverage_and_all_discovered_cleared,92,5192.896057,0.21427662501810119
28,0,True,uniform__smooth__68,uniform__smooth,15,15,15,114,0.2353430000000003,15,,0,97,ring7_r1140,[],22123.535947599223,0,0.0,337.71381246666664,"[2, 4, 5, 6, 8, 9, 11, 12, 13, 14, 15, 16, 17, 19, 20]",68,15,ordinary,7,full_coverage_and_all_discovered_cleared,81,5065.707187,0.23551575001329184
27,0,True,uniform__smooth__68,uniform__smooth,15,15,15,127,0.2146139999999992,15,,0,110,ring9_r960,[],22361.01722995123,0,0.0,346.0135628666667,"[2, 4, 5, 6, 8, 9, 11, 12, 13, 14, 15, 16, 17, 19, 20]",68,15,ordinary,9,full_coverage_and_all_discovered_cleared,93,5190.203443,0.21472399996127933
28,0,True,uniform__smooth__68,uniform__smooth,15,15,15,155,0.22539700000000096,15,,0,138,ring13_r870,[],23846.125113382463,0,0.0,376.74833479999995,"[2, 4, 5, 6, 8, 9, 11, 12, 13, 14, 15, 16, 17, 19, 20]",68,15,ordinary,13,full_coverage_and_all_discovered_cleared,117,5651.225022,0.2254716659663245
25,0,True,uniform__smooth__69,uniform__smooth,15,15,15,212,0.18949499999999908,15,,0,195,old_triangle19,[],46535.60299764073,0,0.0,702.00804,"[2, 3, 4, 5, 6, 7, 8, 9, 10, 11, 12, 13, 14, 16, 18]",69,15,ordinary,19,full_coverage_and_all_discovered_cleared,173,10530.1206,0.1896263340022415
27,0,True,uniform__smooth__69,uniform__smooth,15,15,15,132,0.2112949999999998,15,,0,115,peer_ring9_r1300,[],22475.424227992935,0,0.0,349.7389898,"[2, 3, 4, 5, 6, 7, 8, 9, 10, 11, 12, 13, 14, 16, 18]",69,15,ordinary,9,full_coverage_and_all_discovered_cleared,101,5246.084847,0.21154799999203533
25,0,True,uniform__smooth__69,uniform__smooth,15,15,15,115,0.19993900000000053,15,,0,98,ring7_r1140,[],21401.580817016795,0,0.0,328.754411,"[2, 3, 4, 5, 6, 7, 8, 9, 10, 11, 12, 13, 14, 16, 18]",69,15,ordinary,7,full_coverage_and_all_discovered_cleared,86,4931.316165,0.20015320798847824
28,0,True,uniform__smooth__69,uniform__smooth,15,15,15,132,0.22639800000000143,15,,0,115,ring9_r960,[],22746.763578698683,0,0.0,353.2901812,"[2, 3, 4, 5, 6, 7, 8, 9, 10, 11, 12, 13, 14, 16, 18]",69,15,ordinary,9,full_coverage_and_all_discovered_cleared,100,5299.352718,0.2265954589820467
28,0,True,uniform__smooth__69,uniform__smooth,15,15,15,172,0.22920600000000135,15,,0,155,ring13_r870,[],23765.818049991536,0,0.0,382.6109074,"[2, 3, 4, 5, 6, 7, 8, 9, 10, 11, 12, 13, 14, 16, 18]",69,15,ordinary,13,full_coverage_and_all_discovered_cleared,136,5739.163611,0.22936812503030524
16,0,True,uniform__smooth__70,uniform__smooth,10,10,10,267,0.12132899999999935,10,,0,255,old_triangle19,[],41598.6666545115,0,0.0,987.9733332,"[2, 3, 5, 10, 11, 13, 15, 16, 19, 20]",70,10,ordinary,19,full_coverage_and_all_discovered_cleared,235,9879.733332,0.12154637498315424
15,0,True,uniform__smooth__70,uniform__smooth,10,10,10,145,0.11715199999999903,10,,0,133,peer_ring9_r1300,[],18314.12298366709,0,0.0,450.08245989999995,"[2, 3, 5, 10, 11, 13, 15, 16, 19, 20]",70,10,ordinary,9,full_coverage_and_all_discovered_cleared,123,4500.824599,0.11724925000453368
15,0,True,uniform__smooth__70,uniform__smooth,10,10,10,123,0.11777399999999894,10,,0,111,ring7_r1140,[],17395.791914679307,0,0.0,418.71583849999996,"[2, 3, 5, 10, 11, 13, 15, 16, 19, 20]",70,10,ordinary,7,full_coverage_and_all_discovered_cleared,103,4187.158385,0.11782550002681091
16,0,True,uniform__smooth__70,uniform__smooth,10,10,10,146,0.13111999999999924,10,,0,134,ring9_r960,[],17933.125745611855,0,0.0,442.9625151,"[2, 3, 5, 10, 11, 13, 15, 16, 19, 20]",70,10,ordinary,9,full_coverage_and_all_discovered_cleared,123,4429.625151,0.13116599997738376
16,0,True,uniform__smooth__70,uniform__smooth,10,10,10,192,0.1320610000000002,10,,0,180,ring13_r870,[],19163.747999771433,0,0.0,494.8749603,"[2, 3, 5, 10, 11, 13, 15, 16, 19, 20]",70,10,ordinary,13,full_coverage_and_all_discovered_cleared,166,4948.749603,0.1321213329792954
21,0,True,uniform__smooth__71,uniform__smooth,12,12,12,238,0.16896999999999984,12,,0,224,old_triangle19,[],43210.03142336186,0,0.0,835.1671903333332,"[1, 2, 4, 5, 7, 9, 10, 13, 17, 18, 19, 20]",71,12,ordinary,19,full_coverage_and_all_discovered_cleared,200,10022.006284,0.16912108298856765
19,0,True,uniform__smooth__71,uniform__smooth,12,12,12,131,0.15752799999999922,12,,0,117,peer_ring9_r1300,[],21028.92466585977,0,0.0,412.98207783333334,"[1, 2, 4, 5, 7, 9, 10, 13, 17, 18, 19, 20]",71,12,ordinary,9,full_coverage_and_all_discovered_cleared,105,4955.784934,0.1576652079820633
20,0,True,uniform__smooth__71,uniform__smooth,12,12,12,114,0.16129399999999983,12,,0,100,ring7_r1140,[],20429.929118737447,0,0.0,394.5821520833333,"[1, 2, 4, 5, 7, 9, 10, 13, 17, 18, 19, 20]",71,12,ordinary,7,full_coverage_and_all_discovered_cleared,89,4734.985825,0.16133829101454467
22,0,True,uniform__smooth__71,uniform__smooth,12,12,12,133,0.1832010000000004,12,,0,119,ring9_r960,[],22176.935268863286,0,0.0,432.7822544166667,"[1, 2, 4, 5, 7, 9, 10, 13, 17, 18, 19, 20]",71,12,ordinary,9,full_coverage_and_all_discovered_cleared,103,5193.387053,0.18358299997635186
22,0,True,uniform__smooth__71,uniform__smooth,12,12,12,168,0.17735000000000056,12,,0,154,ring13_r870,[],22849.952064333316,0,0.0,461.0825346666666,"[1, 2, 4, 5, 7, 9, 10, 13, 17, 18, 19, 20]",71,12,ordinary,13,full_coverage_and_all_discovered_cleared,133,5532.990416,0.177517167001497
18,0,True,uniform__smooth__72,uniform__smooth,10,10,10,261,0.14409599999999934,10,,0,249,old_triangle19,[],39553.8200023436,0,0.0,943.0763999999999,"[3, 6, 10, 11, 12, 15, 16, 17, 18, 20]",72,10,ordinary,19,full_coverage_and_all_discovered_cleared,225,9430.764,0.1442049159668386
17,0,True,uniform__smooth__72,uniform__smooth,10,10,10,133,0.13313499999999934,10,,0,121,peer_ring9_r1300,[],17751.07099961456,0,0.0,431.32142009999995,"[3, 6, 10, 11, 12, 15, 16, 17, 18, 20]",72,10,ordinary,9,full_coverage_and_all_discovered_cleared,108,4313.214201,0.1332052499637939
18,0,True,uniform__smooth__72,uniform__smooth,10,10,10,114,0.14328500000000055,10,,0,102,ring7_r1140,[],17219.160714814556,0,0.0,409.3832143,"[3, 6, 10, 11, 12, 15, 16, 17, 18, 20]",72,10,ordinary,7,full_coverage_and_all_discovered_cleared,90,4093.832143,0.1433548330096528
18,0,True,uniform__smooth__72,uniform__smooth,10,10,10,134,0.14361800000000002,10,,0,122,ring9_r960,[],17045.242850856645,0,0.0,417.704857,"[3, 6, 10, 11, 12, 15, 16, 17, 18, 20]",72,10,ordinary,9,full_coverage_and_all_discovered_cleared,108,4177.04857,0.14367858303012326
18,0,True,uniform__smooth__72,uniform__smooth,10,10,10,174,0.14041899999999963,10,,0,162,ring13_r870,[],17276.465098345187,0,0.0,445.9293022,"[3, 6, 10, 11, 12, 15, 16, 17, 18, 20]",72,10,ordinary,13,full_coverage_and_all_discovered_cleared,144,4459.293022,0.14046920801047236
20,0,True,uniform__smooth__73,uniform__smooth,12,12,12,231,0.154636,12,,0,217,old_triangle19,[],42381.20428036737,0,0.0,817.9367380833334,"[2, 4, 5, 6, 7, 8, 9, 10, 14, 15, 16, 17]",73,12,ordinary,19,full_coverage_and_all_discovered_cleared,194,9815.240857,0.15474595798878
20,0,True,uniform__smooth__73,uniform__smooth,12,12,12,128,0.15100100000000083,12,,0,114,peer_ring9_r1300,[],17180.6774611092,0,0.0,347.34462441666665,"[2, 4, 5, 6, 7, 8, 9, 10, 14, 15, 16, 17]",73,12,ordinary,9,full_coverage_and_all_discovered_cleared,102,4168.135493,0.15109862497774884
21,0,True,uniform__smooth__73,uniform__smooth,12,12,12,111,0.1616269999999993,12,,0,97,ring7_r1140,[],16808.354003914497,0,0.0,332.63923358333335,"[2, 4, 5, 6, 7, 8, 9, 10, 14, 15, 16, 17]",73,12,ordinary,7,full_coverage_and_all_discovered_cleared,85,3991.670803,0.1617458330001682
21,0,True,uniform__smooth__73,uniform__smooth,12,12,12,130,0.1653020000000005,12,,0,116,ring9_r960,[],17326.136458581186,0,0.0,350.60227441666666,"[2, 4, 5, 6, 7, 8, 9, 10, 14, 15, 16, 17]",73,12,ordinary,9,full_coverage_and_all_discovered_cleared,102,4207.227293,0.16534683300415054
21,0,True,uniform__smooth__73,uniform__smooth,12,12,12,163,0.16031699999999915,12,,0,149,ring13_r870,[],18727.08458704444,0,0.0,390.11807675,"[2, 4, 5, 6, 7, 8, 9, 10, 14, 15, 16, 17]",73,12,ordinary,13,full_coverage_and_all_discovered_cleared,131,4681.416921,0.1604742920026183
24,0,True,uniform__smooth__74,uniform__smooth,16,16,16,157,0.18817499999999932,16,,0,139,old_triangle19,[],34880.927855942646,0,0.0,492.13659825,"[2, 3, 4, 5, 6, 8, 9, 11, 12, 13, 14, 15, 16, 17, 18, 20]",74,16,ordinary,12,public_upper_bound_16,123,7874.185572,0.18828062497777864
26,0,True,uniform__smooth__74,uniform__smooth,16,16,16,131,0.20409500000000058,16,,0,113,peer_ring9_r1300,[],19031.776988426405,0,0.0,284.5222124375,"[2, 3, 4, 5, 6, 8, 9, 11, 12, 13, 14, 15, 16, 17, 18, 20]",74,16,ordinary,8,public_upper_bound_16,101,4552.355399,0.20425729197449982
26,0,True,uniform__smooth__74,uniform__smooth,16,16,16,117,0.21110900000000044,16,,0,99,ring7_r1140,[],19839.037460512962,0,0.0,289.362968375,"[2, 3, 4, 5, 6, 8, 9, 11, 12, 13, 14, 15, 16, 17, 18, 20]",74,16,ordinary,6,public_upper_bound_16,87,4629.807494,0.21127116697607562
26,0,True,uniform__smooth__74,uniform__smooth,16,16,16,131,0.21086900000000064,16,,0,113,ring9_r960,[],20724.684375201043,0,0.0,305.6835546875,"[2, 3, 4, 5, 6, 8, 9, 11, 12, 13, 14, 15, 16, 17, 18, 20]",74,16,ordinary,8,public_upper_bound_16,101,4890.936875,0.2109670409699902
28,0,True,uniform__smooth__74,uniform__smooth,16,16,16,153,0.22618700000000125,16,,0,135,ring13_r870,[],23484.22631047655,0,0.0,348.2403289375,"[2, 3, 4, 5, 6, 8, 9, 11, 12, 13, 14, 15, 16, 17, 18, 20]",74,16,ordinary,10,public_upper_bound_16,120,5571.845263,0.22631491703214124
24,0,True,uniform__smooth__75,uniform__smooth,13,13,13,256,0.18280999999999992,13,,0,241,old_triangle19,[],45817.97423452782,0,0.0,819.1226805384615,"[2, 6, 10, 11, 12, 13, 14, 15, 16, 17, 18, 19, 20]",75,13,ordinary,19,full_coverage_and_all_discovered_cleared,215,10648.594847,0.18289233301766217
19,0,True,uniform__smooth__75,uniform__smooth,13,13,13,140,0.1552169999999986,13,,0,125,peer_ring9_r1300,[],19602.597318523713,0,0.0,363.4245742307693,"[2, 6, 10, 11, 12, 13, 14, 15, 16, 17, 18, 19, 20]",75,13,ordinary,9,full_coverage_and_all_discovered_cleared,114,4724.519465,0.15532850002637133
21,0,True,uniform__smooth__75,uniform__smooth,13,13,13,119,0.16663400000000017,13,,0,104,ring7_r1140,[],20954.434365411154,0,0.0,374.5297594615385,"[2, 6, 10, 11, 12, 13, 14, 15, 16, 17, 18, 19, 20]",75,13,ordinary,7,full_coverage_and_all_discovered_cleared,93,4868.886873,0.166958583984524
22,0,True,uniform__smooth__75,uniform__smooth,13,13,13,131,0.18361799999999917,13,,0,116,ring9_r960,[],22330.119837536273,0,0.0,401.0018436923077,"[2, 6, 10, 11, 12, 13, 14, 15, 16, 17, 18, 19, 20]",75,13,ordinary,9,full_coverage_and_all_discovered_cleared,102,5213.023968,0.18377233296632767
24,0,True,uniform__smooth__75,uniform__smooth,13,13,13,165,0.19515499999999975,13,,0,150,ring13_r870,[],24827.64729405329,0,0.0,454.73303546153846,"[2, 6, 10, 11, 12, 13, 14, 15, 16, 17, 18, 19, 20]",75,13,ordinary,13,full_coverage_and_all_discovered_cleared,131,5911.529461,0.19521345902467147
20,0,True,uniform__smooth__76,uniform__smooth,12,12,12,229,0.15994799999999998,12,,0,215,old_triangle19,[],45732.09233578868,0,0.0,872.9515390833334,"[2, 4, 5, 7, 8, 10, 12, 13, 14, 15, 17, 18]",76,12,ordinary,19,full_coverage_and_all_discovered_cleared,194,10475.418469,0.160005833953619
22,0,True,uniform__smooth__76,uniform__smooth,12,12,12,138,0.17087800000000186,12,,0,124,peer_ring9_r1300,[],20096.58924788116,0,0.0,400.77648791666667,"[2, 4, 5, 7, 8, 10, 12, 13, 14, 15, 17, 18]",76,12,ordinary,9,full_coverage_and_all_discovered_cleared,110,4809.317855,0.17094845796236768
21,0,True,uniform__smooth__76,uniform__smooth,12,12,12,118,0.16886899999999727,12,,0,104,ring7_r1140,[],19093.1795477415,0,0.0,374.21965925,"[2, 4, 5, 7, 8, 10, 12, 13, 14, 15, 17, 18]",76,12,ordinary,7,full_coverage_and_all_discovered_cleared,92,4490.635911,0.16895804199157283
21,0,True,uniform__smooth__76,uniform__smooth,12,12,12,137,0.16317400000000148,12,,0,123,ring9_r960,[],19102.037148644464,0,0.0,383.78395266666666,"[2, 4, 5, 7, 8, 10, 12, 13, 14, 15, 17, 18]",76,12,ordinary,9,full_coverage_and_all_discovered_cleared,110,4605.407432,0.163309334020596
22,0,True,uniform__smooth__76,uniform__smooth,12,12,12,176,0.17445200000000227,12,,0,162,ring13_r870,[],20091.073650918173,0,0.0,419.3512278333333,"[2, 4, 5, 7, 8, 10, 12, 13, 14, 15, 17, 18]",76,12,ordinary,13,full_coverage_and_all_discovered_cleared,144,5032.214734,0.17449904198292643
16,0,True,uniform__adversarial-positive__67,uniform__adversarial-positive,10,10,10,260,0.13040200000000013,10,,0,248,old_triangle19,[],44251.16826891251,0,0.0,1036.7233657000002,"[4, 5, 7, 8, 9, 10, 14, 15, 18, 19]",67,10,ordinary,19,full_coverage_and_all_discovered_cleared,227,10367.233657,0.13046583300456405
17,0,True,uniform__adversarial-positive__67,uniform__adversarial-positive,10,10,10,151,0.13482199999999978,10,,0,139,peer_ring9_r1300,[],16145.026994319003,0,0.0,410.2005402,"[4, 5, 7, 8, 9, 10, 14, 15, 18, 19]",67,10,ordinary,9,full_coverage_and_all_discovered_cleared,128,4102.005402,0.13487725000595674
16,0,True,uniform__adversarial-positive__67,uniform__adversarial-positive,10,10,10,126,0.13172299999999737,10,,0,114,ring7_r1140,[],14694.874869212377,0,0.0,366.4974975,"[4, 5, 7, 8, 9, 10, 14, 15, 18, 19]",67,10,ordinary,7,full_coverage_and_all_discovered_cleared,106,3664.974975,0.1317889160127379
18,0,True,uniform__adversarial-positive__67,uniform__adversarial-positive,10,10,10,151,0.1656720000000007,10,,0,139,ring9_r960,[],15715.580463894386,0,0.0,401.4116094,"[4, 5, 7, 8, 9, 10, 14, 15, 18, 19]",67,10,ordinary,9,full_coverage_and_all_discovered_cleared,126,4014.116094,0.16958770796190947
17,0,True,uniform__adversarial-positive__67,uniform__adversarial-positive,10,10,10,198,0.13926700000000025,10,,0,186,ring13_r870,[],16940.292871997142,0,0.0,453.90585789999994,"[4, 5, 7, 8, 9, 10, 14, 15, 18, 19]",67,10,ordinary,13,full_coverage_and_all_discovered_cleared,171,4539.058579,0.13939645903883502
25,0,True,uniform__adversarial-positive__68,uniform__adversarial-positive,15,15,15,200,0.21066300000000027,15,,0,183,old_triangle19,[],44332.13467899338,0,0.0,667.7617958666667,"[2, 4, 5, 6, 8, 9, 11, 12, 13, 14, 15, 16, 17, 19, 20]",68,15,ordinary,19,full_coverage_and_all_discovered_cleared,160,10016.426938,0.21076954196905717
29,0,True,uniform__adversarial-positive__68,uniform__adversarial-positive,15,15,15,128,0.23720099999999888,15,,0,111,peer_ring9_r1300,[],23379.82946082286,0,0.0,359.864393,"[2, 4, 5, 6, 8, 9, 11, 12, 13, 14, 15, 16, 17, 19, 20]",68,15,ordinary,9,full_coverage_and_all_discovered_cleared,92,5397.965895,0.23730962502304465
29,0,True,uniform__adversarial-positive__68,uniform__adversarial-positive,15,15,15,115,0.23937399999999798,15,,0,98,ring7_r1140,[],22975.640692817757,0,0.0,349.40854279999996,"[2, 4, 5, 6, 8, 9, 11, 12, 13, 14, 15, 16, 17, 19, 20]",68,15,ordinary,7,full_coverage_and_all_discovered_cleared,81,5241.128142,0.23957987502217293
29,0,True,uniform__adversarial-positive__68,uniform__adversarial-positive,15,15,15,129,0.2429300000000012,15,,0,112,ring9_r960,[],23138.978731512194,0,0.0,357.05305000000004,"[2, 4, 5, 6, 8, 9, 11, 12, 13, 14, 15, 16, 17, 19, 20]",68,15,ordinary,9,full_coverage_and_all_discovered_cleared,93,5355.79575,0.24309775000438094
29,0,True,uniform__adversarial-positive__68,uniform__adversarial-positive,15,15,15,156,0.2470130000000026,15,,0,139,ring13_r870,[],24743.400419034097,0,0.0,389.0453392666667,"[2, 4, 5, 6, 8, 9, 11, 12, 13, 14, 15, 16, 17, 19, 20]",68,15,ordinary,13,full_coverage_and_all_discovered_cleared,117,5835.680089,0.24745199998142198
26,0,True,uniform__adversarial-positive__69,uniform__adversarial-positive,15,15,15,213,0.19885499999999823,15,,0,196,old_triangle19,[],47062.37288324237,0,0.0,709.364972,"[2, 3, 4, 5, 6, 7, 8, 9, 10, 11, 12, 13, 14, 16, 18]",69,15,ordinary,19,full_coverage_and_all_discovered_cleared,173,10640.47458,0.19894870795542374
28,0,True,uniform__adversarial-positive__69,uniform__adversarial-positive,15,15,15,133,0.22862699999999947,15,,0,116,peer_ring9_r1300,[],22913.32098419051,0,0.0,355.91094653333334,"[2, 3, 4, 5, 6, 7, 8, 9, 10, 11, 12, 13, 14, 16, 18]",69,15,ordinary,9,full_coverage_and_all_discovered_cleared,101,5338.664198,0.22873762500239536
26,0,True,uniform__adversarial-positive__69,uniform__adversarial-positive,15,15,15,116,0.20985699999999952,15,,0,99,ring7_r1140,[],21585.041117919318,0,0.0,331.5338816666666,"[2, 3, 4, 5, 6, 7, 8, 9, 10, 11, 12, 13, 14, 16, 18]",69,15,ordinary,7,full_coverage_and_all_discovered_cleared,86,4973.008225,0.210046041989699
28,0,True,uniform__adversarial-positive__69,uniform__adversarial-positive,15,15,15,132,0.22900399999999976,15,,0,115,ring9_r960,[],23164.05542143337,0,0.0,358.85407246666665,"[2, 3, 4, 5, 6, 7, 8, 9, 10, 11, 12, 13, 14, 16, 18]",69,15,ordinary,9,full_coverage_and_all_discovered_cleared,100,5382.811087,0.22940174996620044
29,0,True,uniform__adversarial-positive__69,uniform__adversarial-positive,15,15,15,173,0.23720800000000253,15,,0,156,ring13_r870,[],24258.60966268343,0,0.0,389.51479586666665,"[2, 3, 4, 5, 6, 7, 8, 9, 10, 11, 12, 13, 14, 16, 18]",69,15,ordinary,13,full_coverage_and_all_discovered_cleared,136,5842.721938,0.2373490000027232
16,0,True,uniform__adversarial-positive__70,uniform__adversarial-positive,10,10,10,267,0.12061200000000127,10,,0,255,old_triangle19,[],39551.56862691147,0,0.0,947.0313726,"[2, 3, 5, 10, 11, 13, 15, 16, 19, 20]",70,10,ordinary,19,full_coverage_and_all_discovered_cleared,235,9470.313726,0.12064216600265354
15,0,True,uniform__adversarial-positive__70,uniform__adversarial-positive,10,10,10,145,0.12084000000000117,10,,0,133,peer_ring9_r1300,[],18734.766171846764,0,0.0,458.49532339999996,"[2, 3, 5, 10, 11, 13, 15, 16, 19, 20]",70,10,ordinary,9,full_coverage_and_all_discovered_cleared,123,4584.953234,0.12088999996194616
15,0,True,uniform__adversarial-positive__70,uniform__adversarial-positive,10,10,10,123,0.12294500000000141,10,,0,111,ring7_r1140,[],18135.06475786385,0,0.0,433.5012952,"[2, 3, 5, 10, 11, 13, 15, 16, 19, 20]",70,10,ordinary,7,full_coverage_and_all_discovered_cleared,103,4335.012952,0.12298129202099517
16,0,True,uniform__adversarial-positive__70,uniform__adversarial-positive,10,10,10,146,0.13357300000000194,10,,0,134,ring9_r960,[],18598.041780478477,0,0.0,456.26083520000003,"[2, 3, 5, 10, 11, 13, 15, 16, 19, 20]",70,10,ordinary,9,full_coverage_and_all_discovered_cleared,123,4562.608352,0.13371058402117342
16,0,True,uniform__adversarial-positive__70,uniform__adversarial-positive,10,10,10,192,0.1412029999999973,10,,0,180,ring13_r870,[],19852.879451663164,0,0.0,508.65758900000003,"[2, 3, 5, 10, 11, 13, 15, 16, 19, 20]",70,10,ordinary,13,full_coverage_and_all_discovered_cleared,166,5086.57589,0.14123245800146833
21,0,True,uniform__adversarial-positive__71,uniform__adversarial-positive,12,12,12,238,0.16739100000000207,12,,0,224,old_triangle19,[],40674.21176050209,0,0.0,792.9868625833333,"[1, 2, 4, 5, 7, 9, 10, 13, 17, 18, 19, 20]",71,12,ordinary,19,full_coverage_and_all_discovered_cleared,201,9515.842351,0.16754583397414535
20,0,True,uniform__adversarial-positive__71,uniform__adversarial-positive,12,12,12,132,0.16170699999999982,12,,0,118,peer_ring9_r1300,[],19971.464435823313,0,0.0,395.77440716666666,"[1, 2, 4, 5, 7, 9, 10, 13, 17, 18, 19, 20]",71,12,ordinary,9,full_coverage_and_all_discovered_cleared,105,4749.292886,0.16177633398910984
21,0,True,uniform__adversarial-positive__71,uniform__adversarial-positive,12,12,12,115,0.1724679999999985,12,,0,101,ring7_r1140,[],19367.907107936957,0,0.0,377.2984515,"[1, 2, 4, 5, 7, 9, 10, 13, 17, 18, 19, 20]",71,12,ordinary,7,full_coverage_and_all_discovered_cleared,89,4527.581418,0.17254679201869294
23,0,True,uniform__adversarial-positive__71,uniform__adversarial-positive,12,12,12,134,0.18619800000000097,12,,0,120,ring9_r960,[],21128.47055936226,0,0.0,415.72450899999995,"[1, 2, 4, 5, 7, 9, 10, 13, 17, 18, 19, 20]",71,12,ordinary,9,full_coverage_and_all_discovered_cleared,103,4988.694108,0.18625200004316866
23,0,True,uniform__adversarial-positive__71,uniform__adversarial-positive,12,12,12,169,0.18544899999999842,12,,0,155,ring13_r870,[],21813.63877372302,0,0.0,444.2273129166667,"[1, 2, 4, 5, 7, 9, 10, 13, 17, 18, 19, 20]",71,12,ordinary,13,full_coverage_and_all_discovered_cleared,133,5330.727755,0.18558637500973418
18,0,True,uniform__adversarial-positive__72,uniform__adversarial-positive,10,10,10,261,0.14875800000000083,10,,0,249,old_triangle19,[],39514.822822649956,0,0.0,942.2964562999999,"[3, 6, 10, 11, 12, 15, 16, 17, 18, 20]",72,10,ordinary,19,full_coverage_and_all_discovered_cleared,225,9422.964563,0.14886762498645112
17,0,True,uniform__adversarial-positive__72,uniform__adversarial-positive,10,10,10,133,0.13160799999999995,10,,0,121,peer_ring9_r1300,[],17706.220671500214,0,0.0,430.4244133,"[3, 6, 10, 11, 12, 15, 16, 17, 18, 20]",72,10,ordinary,9,full_coverage_and_all_discovered_cleared,108,4304.244133,0.13167524995515123
18,0,True,uniform__adversarial-positive__72,uniform__adversarial-positive,10,10,10,114,0.1433230000000023,10,,0,102,ring7_r1140,[],17179.814070277786,0,0.0,408.5962814,"[3, 6, 10, 11, 12, 15, 16, 17, 18, 20]",72,10,ordinary,7,full_coverage_and_all_discovered_cleared,90,4085.962814,0.1434877500287257
18,0,True,uniform__adversarial-positive__72,uniform__adversarial-positive,10,10,10,134,0.1422900000000027,10,,0,122,ring9_r960,[],16951.9265347687,0,0.0,415.8385305,"[3, 6, 10, 11, 12, 15, 16, 17, 18, 20]",72,10,ordinary,9,full_coverage_and_all_discovered_cleared,108,4158.385305,0.14259875001152977
18,0,True,uniform__adversarial-positive__72,uniform__adversarial-positive,10,10,10,174,0.1422180000000033,10,,0,162,ring13_r870,[],17178.96526171037,0,0.0,443.9793052,"[3, 6, 10, 11, 12, 15, 16, 17, 18, 20]",72,10,ordinary,13,full_coverage_and_all_discovered_cleared,144,4439.793052,0.14227549999486655
20,0,True,uniform__adversarial-positive__73,uniform__adversarial-positive,12,12,12,231,0.15524100000000018,12,,0,217,old_triangle19,[],41927.426921794206,0,0.0,810.3737823333332,"[2, 4, 5, 6, 7, 8, 9, 10, 14, 15, 16, 17]",73,12,ordinary,19,full_coverage_and_all_discovered_cleared,194,9724.485388,0.15536237496417016
20,0,True,uniform__adversarial-positive__73,uniform__adversarial-positive,12,12,12,128,0.1550910000000023,12,,0,114,peer_ring9_r1300,[],18746.766321720606,0,0.0,373.44610566666665,"[2, 4, 5, 6, 7, 8, 9, 10, 14, 15, 16, 17]",73,12,ordinary,9,full_coverage_and_all_discovered_cleared,102,4481.353268,0.15520974999526516
21,0,True,uniform__adversarial-positive__73,uniform__adversarial-positive,12,12,12,111,0.16576300000000188,12,,0,97,ring7_r1140,[],18242.960295552646,0,0.0,356.54933841666667,"[2, 4, 5, 6, 7, 8, 9, 10, 14, 15, 16, 17]",73,12,ordinary,7,full_coverage_and_all_discovered_cleared,85,4278.592061,0.16588191699702293
21,0,True,uniform__adversarial-positive__73,uniform__adversarial-positive,12,12,12,130,0.16503799999999913,12,,0,116,ring9_r960,[],18854.247083293616,0,0.0,376.0707849166667,"[2, 4, 5, 6, 7, 8, 9, 10, 14, 15, 16, 17]",73,12,ordinary,9,full_coverage_and_all_discovered_cleared,102,4512.849419,0.16511962498771027
21,0,True,uniform__adversarial-positive__73,uniform__adversarial-positive,12,12,12,163,0.163924999999999,12,,0,149,ring13_r870,[],20112.356330564864,0,0.0,413.20593925000003,"[2, 4, 5, 6, 7, 8, 9, 10, 14, 15, 16, 17]",73,12,ordinary,13,full_coverage_and_all_discovered_cleared,131,4958.471271,0.1640134999761358
24,0,True,uniform__adversarial-positive__74,uniform__adversarial-positive,16,16,16,157,0.18376599999999854,16,,0,139,old_triangle19,[],36542.313376686594,0,0.0,512.903917125,"[2, 3, 4, 5, 6, 8, 9, 11, 12, 13, 14, 15, 16, 17, 18, 20]",74,16,ordinary,12,public_upper_bound_16,123,8206.462674,0.18384879198856652
26,0,True,uniform__adversarial-positive__74,uniform__adversarial-positive,16,16,16,131,0.20040099999999939,16,,0,113,peer_ring9_r1300,[],17834.093278335356,0,0.0,269.551165875,"[2, 3, 4, 5, 6, 8, 9, 11, 12, 13, 14, 15, 16, 17, 18, 20]",74,16,ordinary,8,public_upper_bound_16,101,4312.818654,0.20046458300203085
26,0,True,uniform__adversarial-positive__74,uniform__adversarial-positive,16,16,16,117,0.22021000000000157,16,,0,99,ring7_r1140,[],18649.946611826297,0,0.0,274.4993325,"[2, 3, 4, 5, 6, 8, 9, 11, 12, 13, 14, 15, 16, 17, 18, 20]",74,16,ordinary,6,public_upper_bound_16,87,4391.98932,0.22142329200869426
26,0,True,uniform__adversarial-positive__74,uniform__adversarial-positive,16,16,16,131,0.21229600000000204,16,,0,113,ring9_r960,[],19490.86455922368,0,0.0,290.2608069375,"[2, 3, 4, 5, 6, 8, 9, 11, 12, 13, 14, 15, 16, 17, 18, 20]",74,16,ordinary,8,public_upper_bound_16,101,4644.172911,0.21244141703937203
28,0,True,uniform__adversarial-positive__74,uniform__adversarial-positive,16,16,16,153,0.22411699999999968,16,,0,135,ring13_r870,[],22266.151520491767,0,0.0,333.014393875,"[2, 3, 4, 5, 6, 8, 9, 11, 12, 13, 14, 15, 16, 17, 18, 20]",74,16,ordinary,10,public_upper_bound_16,120,5328.230302,0.22421424998901784
25,0,True,uniform__adversarial-positive__75,uniform__adversarial-positive,13,13,13,257,0.1914069999999981,13,,0,242,old_triangle19,[],45258.831843270396,0,0.0,810.8281821538462,"[2, 6, 10, 11, 12, 13, 14, 15, 16, 17, 18, 19, 20]",75,13,ordinary,19,full_coverage_and_all_discovered_cleared,214,10540.766368,0.19152833399130031
20,0,True,uniform__adversarial-positive__75,uniform__adversarial-positive,13,13,13,141,0.15452499999999958,13,,0,126,peer_ring9_r1300,[],19116.20521104215,0,0.0,356.3262341538462,"[2, 6, 10, 11, 12, 13, 14, 15, 16, 17, 18, 19, 20]",75,13,ordinary,9,full_coverage_and_all_discovered_cleared,114,4632.241044,0.15461445896653458
21,0,True,uniform__adversarial-positive__75,uniform__adversarial-positive,13,13,13,119,0.16456299999999757,13,,0,104,ring7_r1140,[],20549.433028693446,0,0.0,368.29896953846156,"[2, 6, 10, 11, 12, 13, 14, 15, 16, 17, 18, 19, 20]",75,13,ordinary,7,full_coverage_and_all_discovered_cleared,93,4787.886604,0.16478854202432558
23,0,True,uniform__adversarial-positive__75,uniform__adversarial-positive,13,13,13,132,0.19376800000000216,13,,0,117,ring9_r960,[],21840.649875426217,0,0.0,393.856152076923,"[2, 6, 10, 11, 12, 13, 14, 15, 16, 17, 18, 19, 20]",75,13,ordinary,9,full_coverage_and_all_discovered_cleared,102,5120.129977,0.19421270804014057
25,0,True,uniform__adversarial-positive__75,uniform__adversarial-positive,13,13,13,166,0.20901699999999934,13,,0,151,ring13_r870,[],24243.666053678917,0,0.0,446.13332415384616,"[2, 6, 10, 11, 12, 13, 14, 15, 16, 17, 18, 19, 20]",75,13,ordinary,13,full_coverage_and_all_discovered_cleared,131,5799.733214,0.2091169580235146
20,0,True,uniform__adversarial-positive__76,uniform__adversarial-positive,12,12,12,229,0.15930099999999925,12,,0,215,old_triangle19,[],45459.57213506545,0,0.0,868.4095355,"[2, 4, 5, 7, 8, 10, 12, 13, 14, 15, 17, 18]",76,12,ordinary,19,full_coverage_and_all_discovered_cleared,194,10420.914426,0.15963391697732732
22,0,True,uniform__adversarial-positive__76,uniform__adversarial-positive,12,12,12,138,0.17117199999999855,12,,0,124,peer_ring9_r1300,[],21486.423445754033,0,0.0,423.94039075,"[2, 4, 5, 7, 8, 10, 12, 13, 14, 15, 17, 18]",76,12,ordinary,9,full_coverage_and_all_discovered_cleared,110,5087.284689,0.1713217080105096
21,0,True,uniform__adversarial-positive__76,uniform__adversarial-positive,12,12,12,118,0.16762500000000102,12,,0,104,ring7_r1140,[],20514.802959977613,0,0.0,397.91338249999995,"[2, 4, 5, 7, 8, 10, 12, 13, 14, 15, 17, 18]",76,12,ordinary,7,full_coverage_and_all_discovered_cleared,92,4774.96059,0.1677525409613736
21,0,True,uniform__adversarial-positive__76,uniform__adversarial-positive,12,12,12,137,0.16448199999999957,12,,0,123,ring9_r960,[],20499.604540590815,0,0.0,407.07674233333336,"[2, 4, 5, 7, 8, 10, 12, 13, 14, 15, 17, 18]",76,12,ordinary,9,full_coverage_and_all_discovered_cleared,110,4884.920908,0.16456216596998274
22,0,True,uniform__adversarial-positive__76,uniform__adversarial-positive,12,12,12,176,0.17562099999999958,12,,0,162,ring13_r870,[],21520.41185523143,0,0.0,443.17353108333333,"[2, 4, 5, 7, 8, 10, 12, 13, 14, 15, 17, 18]",76,12,ordinary,13,full_coverage_and_all_discovered_cleared,144,5318.082373,0.17572862497763708
16,0,True,uniform__adversarial-negative__67,uniform__adversarial-negative,10,10,10,260,0.12863899999999973,10,,0,248,old_triangle19,[],43703.888768816316,0,0.0,1025.7777754,"[4, 5, 7, 8, 9, 10, 14, 15, 18, 19]",67,10,ordinary,19,full_coverage_and_all_discovered_cleared,227,10257.777754,0.1287112919962965
16,0,True,uniform__adversarial-negative__67,uniform__adversarial-negative,10,10,10,150,0.13239300000000043,10,,0,138,peer_ring9_r1300,[],15717.801035765964,0,0.0,401.1560211,"[4, 5, 7, 8, 9, 10, 14, 15, 18, 19]",67,10,ordinary,9,full_coverage_and_all_discovered_cleared,128,4011.560211,0.1324314579833299
17,0,True,uniform__adversarial-negative__67,uniform__adversarial-negative,10,10,10,127,0.14144600000000196,10,,0,115,ring7_r1140,[],14347.26331768964,0,0.0,360.0452662,"[4, 5, 7, 8, 9, 10, 14, 15, 18, 19]",67,10,ordinary,7,full_coverage_and_all_discovered_cleared,106,3600.452662,0.14159487502183765
18,0,True,uniform__adversarial-negative__67,uniform__adversarial-negative,10,10,10,151,0.1477119999999985,10,,0,139,ring9_r960,[],15331.761724598548,0,0.0,393.7352347,"[4, 5, 7, 8, 9, 10, 14, 15, 18, 19]",67,10,ordinary,9,full_coverage_and_all_discovered_cleared,126,3937.352347,0.14775654103141278
18,0,True,uniform__adversarial-negative__67,uniform__adversarial-negative,10,10,10,199,0.1535250000000019,10,,0,187,ring13_r870,[],16604.676987863524,0,0.0,447.6935399,"[4, 5, 7, 8, 9, 10, 14, 15, 18, 19]",67,10,ordinary,13,full_coverage_and_all_discovered_cleared,171,4476.935399,0.15414108301047236
24,0,True,uniform__adversarial-negative__68,uniform__adversarial-negative,15,15,15,199,0.19718699999999956,15,,0,182,old_triangle19,[],43732.19634412725,0,0.0,659.4292846666667,"[2, 4, 5, 6, 8, 9, 11, 12, 13, 14, 15, 16, 17, 19, 20]",68,15,ordinary,19,full_coverage_and_all_discovered_cleared,160,9891.43927,0.1973153330036439
27,0,True,uniform__adversarial-negative__68,uniform__adversarial-negative,15,15,15,126,0.21676300000000026,15,,0,109,peer_ring9_r1300,[],23264.11873116139,0,0.0,357.65491653333333,"[2, 4, 5, 6, 8, 9, 11, 12, 13, 14, 15, 16, 17, 19, 20]",68,15,ordinary,9,full_coverage_and_all_discovered_cleared,92,5364.823748,0.21684750000713393
28,0,True,uniform__adversarial-negative__68,uniform__adversarial-negative,15,15,15,114,0.22739400000000032,15,,0,97,ring7_r1140,[],22848.643980775676,0,0.0,347.3819198,"[2, 4, 5, 6, 8, 9, 11, 12, 13, 14, 15, 16, 17, 19, 20]",68,15,ordinary,7,full_coverage_and_all_discovered_cleared,81,5210.728797,0.22752662497805431
28,0,True,uniform__adversarial-negative__68,uniform__adversarial-negative,15,15,15,128,0.2283930000000005,15,,0,111,ring9_r960,[],22722.201256240885,0,0.0,351.1626834666667,"[2, 4, 5, 6, 8, 9, 11, 12, 13, 14, 15, 16, 17, 19, 20]",68,15,ordinary,9,full_coverage_and_all_discovered_cleared,93,5267.440252,0.22848450002493337
28,0,True,uniform__adversarial-negative__68,uniform__adversarial-negative,15,15,15,155,0.23072100000000262,15,,0,138,ring13_r870,[],24126.287104275372,0,0.0,380.4838282666667,"[2, 4, 5, 6, 8, 9, 11, 12, 13, 14, 15, 16, 17, 19, 20]",68,15,ordinary,13,full_coverage_and_all_discovered_cleared,117,5707.257424,0.23097058397252113
25,0,True,uniform__adversarial-negative__69,uniform__adversarial-negative,15,15,15,212,0.19559599999999833,15,,0,195,old_triangle19,[],48486.24313208293,0,0.0,728.0165751999999,"[2, 3, 4, 5, 6, 7, 8, 9, 10, 11, 12, 13, 14, 16, 18]",69,15,ordinary,19,full_coverage_and_all_discovered_cleared,173,10920.248628,0.19569495896575972
27,0,True,uniform__adversarial-negative__69,uniform__adversarial-negative,15,15,15,132,0.21537000000000006,15,,0,115,peer_ring9_r1300,[],23354.999835465977,0,0.0,361.4666644,"[2, 3, 4, 5, 6, 7, 8, 9, 10, 11, 12, 13, 14, 16, 18]",69,15,ordinary,9,full_coverage_and_all_discovered_cleared,101,5421.999966,0.21551350003574044
25,0,True,uniform__adversarial-negative__69,uniform__adversarial-negative,15,15,15,115,0.19876700000000014,15,,0,98,ring7_r1140,[],22333.25294306256,0,0.0,341.17670606666667,"[2, 3, 4, 5, 6, 7, 8, 9, 10, 11, 12, 13, 14, 16, 18]",69,15,ordinary,7,full_coverage_and_all_discovered_cleared,86,5117.650591,0.19890212500467896
28,0,True,uniform__adversarial-negative__69,uniform__adversarial-negative,15,15,15,132,0.22687900000000027,15,,0,115,ring9_r960,[],23565.404296966935,0,0.0,364.2053908,"[2, 3, 4, 5, 6, 7, 8, 9, 10, 11, 12, 13, 14, 16, 18]",69,15,ordinary,9,full_coverage_and_all_discovered_cleared,100,5463.080862,0.22705441596917808
28,0,True,uniform__adversarial-negative__69,uniform__adversarial-negative,15,15,15,172,0.22871199999999803,15,,0,155,ring13_r870,[],25080.008485384038,0,0.0,400.1334465333333,"[2, 3, 4, 5, 6, 7, 8, 9, 10, 11, 12, 13, 14, 16, 18]",69,15,ordinary,13,full_coverage_and_all_discovered_cleared,136,6002.001698,0.2288702090154402
16,0,True,uniform__adversarial-negative__70,uniform__adversarial-negative,10,10,10,267,0.12262399999999829,10,,0,255,old_triangle19,[],41676.52897514227,0,0.0,989.4305796000001,"[2, 3, 5, 10, 11, 13, 15, 16, 19, 20]",70,10,ordinary,19,full_coverage_and_all_discovered_cleared,234,9894.305796,0.12272866698913276
15,0,True,uniform__adversarial-negative__70,uniform__adversarial-negative,10,10,10,145,0.11566000000000187,10,,0,133,peer_ring9_r1300,[],18315.568670414505,0,0.0,450.1113735,"[2, 3, 5, 10, 11, 13, 15, 16, 19, 20]",70,10,ordinary,9,full_coverage_and_all_discovered_cleared,123,4501.113735,0.11570808396209031
15,0,True,uniform__adversarial-negative__70,uniform__adversarial-negative,10,10,10,123,0.12229900000000171,10,,0,111,ring7_r1140,[],17370.66987210921,0,0.0,418.2133975,"[2, 3, 5, 10, 11, 13, 15, 16, 19, 20]",70,10,ordinary,7,full_coverage_and_all_discovered_cleared,103,4182.133975,0.12240225001005456
17,0,True,uniform__adversarial-negative__70,uniform__adversarial-negative,10,10,10,147,0.1467710000000011,10,,0,135,ring9_r960,[],18008.242689487764,0,0.0,444.9648538,"[2, 3, 5, 10, 11, 13, 15, 16, 19, 20]",70,10,ordinary,9,full_coverage_and_all_discovered_cleared,123,4449.648538,0.14683479198720306
16,0,True,uniform__adversarial-negative__70,uniform__adversarial-negative,10,10,10,192,0.13427700000000087,10,,0,180,ring13_r870,[],19188.159016388712,0,0.0,495.3631805,"[2, 3, 5, 10, 11, 13, 15, 16, 19, 20]",70,10,ordinary,13,full_coverage_and_all_discovered_cleared,166,4953.631805,0.13436879095388576
23,0,True,uniform__adversarial-negative__71,uniform__adversarial-negative,12,12,12,240,0.18544999999999945,12,,0,226,old_triangle19,[],43484.648159050914,0,0.0,840.4941360833333,"[1, 2, 4, 5, 7, 9, 10, 13, 17, 18, 19, 20]",71,12,ordinary,19,full_coverage_and_all_discovered_cleared,199,10085.929633,0.18562112504150718
21,0,True,uniform__adversarial-negative__71,uniform__adversarial-negative,12,12,12,133,0.1731119999999997,12,,0,119,peer_ring9_r1300,[],21398.70890202885,0,0.0,419.89514825,"[1, 2, 4, 5, 7, 9, 10, 13, 17, 18, 19, 20]",71,12,ordinary,9,full_coverage_and_all_discovered_cleared,104,5038.741779,0.1732912079896778
21,0,True,uniform__adversarial-negative__71,uniform__adversarial-negative,12,12,12,115,0.16285200000000088,12,,0,101,ring7_r1140,[],20788.11517398281,0,0.0,400.885253,"[1, 2, 4, 5, 7, 9, 10, 13, 17, 18, 19, 20]",71,12,ordinary,7,full_coverage_and_all_discovered_cleared,88,4810.623036,0.16293162503279746
23,0,True,uniform__adversarial-negative__71,uniform__adversarial-negative,12,12,12,134,0.18368600000000157,12,,0,120,ring9_r960,[],22491.90516359724,0,0.0,438.365086,"[1, 2, 4, 5, 7, 9, 10, 13, 17, 18, 19, 20]",71,12,ordinary,9,full_coverage_and_all_discovered_cleared,102,5260.381032,0.18374329200014472
24,0,True,uniform__adversarial-negative__71,uniform__adversarial-negative,12,12,12,170,0.19455600000000217,12,,0,156,ring13_r870,[],23231.45238870689,0,0.0,468.1908733333333,"[1, 2, 4, 5, 7, 9, 10, 13, 17, 18, 19, 20]",71,12,ordinary,13,full_coverage_and_all_discovered_cleared,132,5618.29048,0.19465987500734627
19,0,True,uniform__adversarial-negative__72,uniform__adversarial-negative,10,10,10,262,0.1586679999999987,10,,0,250,old_triangle19,[],39679.54877754503,0,0.0,946.0909757,"[3, 6, 10, 11, 12, 15, 16, 17, 18, 20]",72,10,ordinary,19,full_coverage_and_all_discovered_cleared,225,9460.909757,0.15880212496267632
18,0,True,uniform__adversarial-negative__72,uniform__adversarial-negative,10,10,10,134,0.14870400000000217,10,,0,122,peer_ring9_r1300,[],21104.15160451213,0,0.0,498.88303239999993,"[3, 6, 10, 11, 12, 15, 16, 17, 18, 20]",72,10,ordinary,9,full_coverage_and_all_discovered_cleared,108,4988.830324,0.1488249579560943
19,0,True,uniform__adversarial-negative__72,uniform__adversarial-negative,10,10,10,115,0.15702599999999833,10,,0,103,ring7_r1140,[],20430.59900055637,0,0.0,474.11198,"[3, 6, 10, 11, 12, 15, 16, 17, 18, 20]",72,10,ordinary,7,full_coverage_and_all_discovered_cleared,90,4741.1198,0.15716666704975069
19,0,True,uniform__adversarial-negative__72,uniform__adversarial-negative,10,10,10,135,0.15639499999999984,10,,0,123,ring9_r960,[],20009.31522961835,0,0.0,477.48630460000004,"[3, 6, 10, 11, 12, 15, 16, 17, 18, 20]",72,10,ordinary,9,full_coverage_and_all_discovered_cleared,108,4774.863046,0.15651670802617446
19,0,True,uniform__adversarial-negative__72,uniform__adversarial-negative,10,10,10,175,0.16034099999999896,10,,0,163,ring13_r870,[],20106.280610511858,0,0.0,503.02561249999997,"[3, 6, 10, 11, 12, 15, 16, 17, 18, 20]",72,10,ordinary,13,full_coverage_and_all_discovered_cleared,144,5030.256125,0.16043975000502542
20,0,True,uniform__adversarial-negative__73,uniform__adversarial-negative,12,12,12,231,0.15030000000000143,12,,0,217,old_triangle19,[],43417.86759297793,0,0.0,835.2144600833334,"[2, 4, 5, 6, 7, 8, 9, 10, 14, 15, 16, 17]",73,12,ordinary,19,full_coverage_and_all_discovered_cleared,194,10022.573521,0.15035325003555045
20,0,True,uniform__adversarial-negative__73,uniform__adversarial-negative,12,12,12,128,0.15743999999999758,12,,0,114,peer_ring9_r1300,[],18006.843538433182,0,0.0,361.11405916666666,"[2, 4, 5, 6, 7, 8, 9, 10, 14, 15, 16, 17]",73,12,ordinary,9,full_coverage_and_all_discovered_cleared,102,4333.36871,0.1575580000062473
22,0,True,uniform__adversarial-negative__73,uniform__adversarial-negative,12,12,12,112,0.17150400000000232,12,,0,98,ring7_r1140,[],17660.78263229913,0,0.0,347.26304408333334,"[2, 4, 5, 6, 7, 8, 9, 10, 14, 15, 16, 17]",73,12,ordinary,7,full_coverage_and_all_discovered_cleared,85,4167.156529,0.17175079201115295
21,0,True,uniform__adversarial-negative__73,uniform__adversarial-negative,12,12,12,130,0.1655079999999991,12,,0,116,ring9_r960,[],18391.63749637615,0,0.0,368.36062491666667,"[2, 4, 5, 6, 7, 8, 9, 10, 14, 15, 16, 17]",73,12,ordinary,9,full_coverage_and_all_discovered_cleared,102,4420.327499,0.1656438329955563
21,0,True,uniform__adversarial-negative__73,uniform__adversarial-negative,12,12,12,163,0.15971400000000102,12,,0,149,ring13_r870,[],19446.93328911818,0,0.0,402.1155550833333,"[2, 4, 5, 6, 7, 8, 9, 10, 14, 15, 16, 17]",73,12,ordinary,13,full_coverage_and_all_discovered_cleared,131,4825.386661,0.15981991705484688
24,0,True,uniform__adversarial-negative__74,uniform__adversarial-negative,16,16,16,157,0.18432299999999913,16,,0,139,old_triangle19,[],34404.76228229313,0,0.0,486.184528625,"[2, 3, 4, 5, 6, 8, 9, 11, 12, 13, 14, 15, 16, 17, 18, 20]",74,16,ordinary,12,public_upper_bound_16,123,7778.952458,0.18440049997298047
26,0,True,uniform__adversarial-negative__74,uniform__adversarial-negative,16,16,16,131,0.20182600000000406,16,,0,113,peer_ring9_r1300,[],18490.844265858716,0,0.0,277.7605533125,"[2, 3, 4, 5, 6, 8, 9, 11, 12, 13, 14, 15, 16, 17, 18, 20]",74,16,ordinary,8,public_upper_bound_16,101,4444.168853,0.20191362500190735
26,0,True,uniform__adversarial-negative__74,uniform__adversarial-negative,16,16,16,117,0.20434600000000103,16,,0,99,ring7_r1140,[],19471.986018127303,0,0.0,284.774825375,"[2, 3, 4, 5, 6, 8, 9, 11, 12, 13, 14, 15, 16, 17, 18, 20]",74,16,ordinary,6,public_upper_bound_16,87,4556.397206,0.2045265000197105
26,0,True,uniform__adversarial-negative__74,uniform__adversarial-negative,16,16,16,131,0.20862800000000448,16,,0,113,ring9_r960,[],20199.38879262032,0,0.0,299.1173599375,"[2, 3, 4, 5, 6, 8, 9, 11, 12, 13, 14, 15, 16, 17, 18, 20]",74,16,ordinary,8,public_upper_bound_16,101,4785.877759,0.20874812500551343
28,0,True,uniform__adversarial-negative__74,uniform__adversarial-negative,16,16,16,153,0.22965500000000105,16,,0,135,ring13_r870,[],22941.208548680876,0,0.0,341.4526069375,"[2, 3, 4, 5, 6, 8, 9, 11, 12, 13, 14, 15, 16, 17, 18, 20]",74,16,ordinary,10,public_upper_bound_16,120,5463.241711,0.2298047500080429
25,0,True,uniform__adversarial-negative__75,uniform__adversarial-negative,13,13,13,257,0.2033750000000012,13,,0,242,old_triangle19,[],45297.397538885234,0,0.0,811.4984236923077,"[2, 6, 10, 11, 12, 13, 14, 15, 16, 17, 18, 19, 20]",75,13,ordinary,19,full_coverage_and_all_discovered_cleared,215,10549.479508,0.20348391600418836
20,0,True,uniform__adversarial-negative__75,uniform__adversarial-negative,13,13,13,141,0.17088000000000392,13,,0,126,peer_ring9_r1300,[],18820.076047409813,0,0.0,351.7704006923077,"[2, 6, 10, 11, 12, 13, 14, 15, 16, 17, 18, 19, 20]",75,13,ordinary,9,full_coverage_and_all_discovered_cleared,114,4573.015209,0.1709491249639541
22,0,True,uniform__adversarial-negative__75,uniform__adversarial-negative,13,13,13,120,0.1765450000000044,13,,0,105,ring7_r1140,[],20201.67844089097,0,0.0,363.33351438461534,"[2, 6, 10, 11, 12, 13, 14, 15, 16, 17, 18, 19, 20]",75,13,ordinary,7,full_coverage_and_all_discovered_cleared,93,4723.335687,0.17661399999633431
23,0,True,uniform__adversarial-negative__75,uniform__adversarial-negative,13,13,13,132,0.19226899999999603,13,,0,117,ring9_r960,[],21449.908510131514,0,0.0,387.8447463846154,"[2, 6, 10, 11, 12, 13, 14, 15, 16, 17, 18, 19, 20]",75,13,ordinary,9,full_coverage_and_all_discovered_cleared,102,5041.981703,0.1924185419920832
25,0,True,uniform__adversarial-negative__75,uniform__adversarial-negative,13,13,13,166,0.2062969999999993,13,,0,151,ring13_r870,[],24071.783317423346,0,0.0,443.4889743076923,"[2, 6, 10, 11, 12, 13, 14, 15, 16, 17, 18, 19, 20]",75,13,ordinary,13,full_coverage_and_all_discovered_cleared,131,5765.356666,0.20698987500509247
20,0,True,uniform__adversarial-negative__76,uniform__adversarial-negative,12,12,12,229,0.16108899999999693,12,,0,215,old_triangle19,[],45224.56681295716,0,0.0,864.4927803333334,"[2, 4, 5, 7, 8, 10, 12, 13, 14, 15, 17, 18]",76,12,ordinary,19,full_coverage_and_all_discovered_cleared,194,10373.913364,0.1611684579984285
22,0,True,uniform__adversarial-negative__76,uniform__adversarial-negative,12,12,12,138,0.1771049999999974,12,,0,124,peer_ring9_r1300,[],20959.756510688087,0,0.0,415.16260874999995,"[2, 4, 5, 7, 8, 10, 12, 13, 14, 15, 17, 18]",76,12,ordinary,9,full_coverage_and_all_discovered_cleared,110,4981.951305,0.17723400000249967
21,0,True,uniform__adversarial-negative__76,uniform__adversarial-negative,12,12,12,118,0.17048699999999428,12,,0,104,ring7_r1140,[],21043.98920126375,0,0.0,406.73315341666665,"[2, 4, 5, 7, 8, 10, 12, 13, 14, 15, 17, 18]",76,12,ordinary,7,full_coverage_and_all_discovered_cleared,92,4880.797841,0.17053483397467062
21,0,True,uniform__adversarial-negative__76,uniform__adversarial-negative,12,12,12,137,0.16942099999999982,12,,0,123,ring9_r960,[],20329.989221192234,0,0.0,404.2498203333334,"[2, 4, 5, 7, 8, 10, 12, 13, 14, 15, 17, 18]",76,12,ordinary,9,full_coverage_and_all_discovered_cleared,110,4850.997844,0.16964437498245388
22,0,True,uniform__adversarial-negative__76,uniform__adversarial-negative,12,12,12,176,0.1797420000000045,12,,0,162,ring13_r870,[],21262.908210452,0,0.0,438.88180375,"[2, 4, 5, 7, 8, 10, 12, 13, 14, 15, 17, 18]",76,12,ordinary,13,full_coverage_and_all_discovered_cleared,144,5266.581645,0.18008712498703972
16,0,True,uniform__adversarial-spatial__67,uniform__adversarial-spatial,10,10,10,260,0.12682900000000075,10,,0,248,old_triangle19,[],44527.72620290193,0,0.0,1042.2545242,"[4, 5, 7, 8, 9, 10, 14, 15, 18, 19]",67,10,ordinary,19,full_coverage_and_all_discovered_cleared,227,10422.545242,0.12693641701480374
16,0,True,uniform__adversarial-spatial__67,uniform__adversarial-spatial,10,10,10,150,0.12982000000000227,10,,0,138,peer_ring9_r1300,[],16524.485565747826,0,0.0,417.28971140000004,"[4, 5, 7, 8, 9, 10, 14, 15, 18, 19]",67,10,ordinary,9,full_coverage_and_all_discovered_cleared,128,4172.897114,0.12990991701371968
17,0,True,uniform__adversarial-spatial__67,uniform__adversarial-spatial,10,10,10,127,0.13994699999999938,10,,0,115,ring7_r1140,[],15394.002114774343,0,0.0,380.9800419,"[4, 5, 7, 8, 9, 10, 14, 15, 18, 19]",67,10,ordinary,7,full_coverage_and_all_discovered_cleared,106,3809.800419,0.14006695902207866
16,0,True,uniform__adversarial-spatial__67,uniform__adversarial-spatial,10,10,10,149,0.127207999999996,10,,0,137,ring9_r960,[],16192.377756493755,0,0.0,409.9475552,"[4, 5, 7, 8, 9, 10, 14, 15, 18, 19]",67,10,ordinary,9,full_coverage_and_all_discovered_cleared,126,4099.475552,0.1272808329667896
16,0,True,uniform__adversarial-spatial__67,uniform__adversarial-spatial,10,10,10,197,0.12943899999999786,10,,0,185,ring13_r870,[],17659.242255270798,0,0.0,467.7848453,"[4, 5, 7, 8, 9, 10, 14, 15, 18, 19]",67,10,ordinary,13,full_coverage_and_all_discovered_cleared,171,4677.848453,0.1295183750335127
24,0,True,uniform__adversarial-spatial__68,uniform__adversarial-spatial,15,15,15,199,0.19920599999999666,15,,0,182,old_triangle19,[],44237.06216477761,0,0.0,666.1608287333333,"[2, 4, 5, 6, 8, 9, 11, 12, 13, 14, 15, 16, 17, 19, 20]",68,15,ordinary,19,full_coverage_and_all_discovered_cleared,160,9992.412431,0.19938137498684227
28,0,True,uniform__adversarial-spatial__68,uniform__adversarial-spatial,15,15,15,127,0.22344000000000364,15,,0,110,peer_ring9_r1300,[],23262.158354482406,0,0.0,357.9621113333333,"[2, 4, 5, 6, 8, 9, 11, 12, 13, 14, 15, 16, 17, 19, 20]",68,15,ordinary,9,full_coverage_and_all_discovered_cleared,92,5369.43167,0.22356199997011572
29,0,True,uniform__adversarial-spatial__68,uniform__adversarial-spatial,15,15,15,115,0.23626600000000053,15,,0,98,ring7_r1140,[],22925.92417972029,0,0.0,348.7456555333334,"[2, 4, 5, 6, 8, 9, 11, 12, 13, 14, 15, 16, 17, 19, 20]",68,15,ordinary,7,full_coverage_and_all_discovered_cleared,81,5231.184833,0.23636862501734868
28,0,True,uniform__adversarial-spatial__68,uniform__adversarial-spatial,15,15,15,128,0.2248079999999959,15,,0,111,ring9_r960,[],22951.963835987495,0,0.0,354.2261843333333,"[2, 4, 5, 6, 8, 9, 11, 12, 13, 14, 15, 16, 17, 19, 20]",68,15,ordinary,9,full_coverage_and_all_discovered_cleared,93,5313.392765,0.2249364170129411
29,0,True,uniform__adversarial-spatial__68,uniform__adversarial-spatial,15,15,15,156,0.2393549999999962,15,,0,139,ring13_r870,[],24494.430637043333,0,0.0,385.7257418,"[2, 4, 5, 6, 8, 9, 11, 12, 13, 14, 15, 16, 17, 19, 20]",68,15,ordinary,13,full_coverage_and_all_discovered_cleared,117,5785.886127,0.23946633300511166
26,0,True,uniform__adversarial-spatial__69,uniform__adversarial-spatial,15,15,15,213,0.20283500000000032,15,,0,196,old_triangle19,[],47063.018633608386,0,0.0,709.3735818666667,"[2, 3, 4, 5, 6, 7, 8, 9, 10, 11, 12, 13, 14, 16, 18]",69,15,ordinary,19,full_coverage_and_all_discovered_cleared,173,10640.603728,0.20295174996135756
28,0,True,uniform__adversarial-spatial__69,uniform__adversarial-spatial,15,15,15,133,0.234568000000003,15,,0,116,peer_ring9_r1300,[],23117.576853320854,0,0.0,358.6343578666667,"[2, 3, 4, 5, 6, 7, 8, 9, 10, 11, 12, 13, 14, 16, 18]",69,15,ordinary,9,full_coverage_and_all_discovered_cleared,101,5379.515368,0.23469320900039747
26,0,True,uniform__adversarial-spatial__69,uniform__adversarial-spatial,15,15,15,116,0.2098749999999967,15,,0,99,ring7_r1140,[],21680.71641460476,0,0.0,332.80955233333333,"[2, 3, 4, 5, 6, 7, 8, 9, 10, 11, 12, 13, 14, 16, 18]",69,15,ordinary,7,full_coverage_and_all_discovered_cleared,86,4992.143285,0.21003833296708763
29,0,True,uniform__adversarial-spatial__69,uniform__adversarial-spatial,15,15,15,133,0.24063400000000001,15,,0,116,ring9_r960,[],23281.044663780776,0,0.0,360.74726226666667,"[2, 3, 4, 5, 6, 7, 8, 9, 10, 11, 12, 13, 14, 16, 18]",69,15,ordinary,9,full_coverage_and_all_discovered_cleared,100,5411.208934,0.2407952499925159
29,0,True,uniform__adversarial-spatial__69,uniform__adversarial-spatial,15,15,15,173,0.24005000000000365,15,,0,156,ring13_r870,[],24870.637311417024,0,0.0,397.67516439999997,"[2, 3, 4, 5, 6, 7, 8, 9, 10, 11, 12, 13, 14, 16, 18]",69,15,ordinary,13,full_coverage_and_all_discovered_cleared,136,5965.127466,0.2401870419853367
16,0,True,uniform__adversarial-spatial__70,uniform__adversarial-spatial,10,10,10,267,0.1260159999999999,10,,0,255,old_triangle19,[],40513.08944216023,0,0.0,966.061789,"[2, 3, 5, 10, 11, 13, 15, 16, 19, 20]",70,10,ordinary,19,full_coverage_and_all_discovered_cleared,233,9660.61789,0.1261661250027828
16,0,True,uniform__adversarial-spatial__70,uniform__adversarial-spatial,10,10,10,146,0.13006099999999776,10,,0,134,peer_ring9_r1300,[],17687.774834541982,0,0.0,437.9554967,"[2, 3, 5, 10, 11, 13, 15, 16, 19, 20]",70,10,ordinary,9,full_coverage_and_all_discovered_cleared,122,4379.554967,0.1301367079722695
15,0,True,uniform__adversarial-spatial__70,uniform__adversarial-spatial,10,10,10,123,0.11725599999999758,10,,0,111,ring7_r1140,[],16623.687880354933,0,0.0,403.1737577,"[2, 3, 5, 10, 11, 13, 15, 16, 19, 20]",70,10,ordinary,7,full_coverage_and_all_discovered_cleared,102,4031.737577,0.11735283402958885
16,0,True,uniform__adversarial-spatial__70,uniform__adversarial-spatial,10,10,10,146,0.1363240000000019,10,,0,134,ring9_r960,[],17263.7308505935,0,0.0,429.4746172,"[2, 3, 5, 10, 11, 13, 15, 16, 19, 20]",70,10,ordinary,9,full_coverage_and_all_discovered_cleared,122,4294.746172,0.13638454099418595
16,0,True,uniform__adversarial-spatial__70,uniform__adversarial-spatial,10,10,10,192,0.13864299999999474,10,,0,180,ring13_r870,[],18487.68682093277,0,0.0,481.2537368,"[2, 3, 5, 10, 11, 13, 15, 16, 19, 20]",70,10,ordinary,13,full_coverage_and_all_discovered_cleared,165,4812.537368,0.13873441697796807
22,0,True,uniform__adversarial-spatial__71,uniform__adversarial-spatial,12,12,12,239,0.1745730000000023,12,,0,225,old_triangle19,[],42262.89149857928,0,0.0,819.8815250833333,"[1, 2, 4, 5, 7, 9, 10, 13, 17, 18, 19, 20]",71,12,ordinary,19,full_coverage_and_all_discovered_cleared,201,9838.578301,0.17465995799284428
20,0,True,uniform__adversarial-spatial__71,uniform__adversarial-spatial,12,12,12,132,0.15718499999999835,12,,0,118,peer_ring9_r1300,[],21667.24778183877,0,0.0,424.03746299999995,"[1, 2, 4, 5, 7, 9, 10, 13, 17, 18, 19, 20]",71,12,ordinary,9,full_coverage_and_all_discovered_cleared,105,5088.449556,0.15726558398455381
22,0,True,uniform__adversarial-spatial__71,uniform__adversarial-spatial,12,12,12,116,0.17825400000000258,12,,0,102,ring7_r1140,[],21077.62985514805,0,0.0,406.21049741666667,"[1, 2, 4, 5, 7, 9, 10, 13, 17, 18, 19, 20]",71,12,ordinary,7,full_coverage_and_all_discovered_cleared,89,4874.525969,0.17835824994836003
25,0,True,uniform__adversarial-spatial__71,uniform__adversarial-spatial,12,12,12,136,0.20149399999999673,12,,0,122,ring9_r960,[],22964.19710194748,0,0.0,447.1532849166667,"[1, 2, 4, 5, 7, 9, 10, 13, 17, 18, 19, 20]",71,12,ordinary,9,full_coverage_and_all_discovered_cleared,103,5365.839419,0.20161120797274634
23,0,True,uniform__adversarial-spatial__71,uniform__adversarial-spatial,12,12,12,169,0.18551800000000185,12,,0,155,ring13_r870,[],23615.030412646014,0,0.0,474.25050725,"[1, 2, 4, 5, 7, 9, 10, 13, 17, 18, 19, 20]",71,12,ordinary,13,full_coverage_and_all_discovered_cleared,133,5691.006087,0.18566804204601794
19,0,True,uniform__adversarial-spatial__72,uniform__adversarial-spatial,10,10,10,262,0.16494699999999796,10,,0,250,old_triangle19,[],40557.89963208268,0,0.0,963.6579926000001,"[3, 6, 10, 11, 12, 15, 16, 17, 18, 20]",72,10,ordinary,19,full_coverage_and_all_discovered_cleared,225,9636.579926,0.16503762500360608
18,0,True,uniform__adversarial-spatial__72,uniform__adversarial-spatial,10,10,10,134,0.14643600000000134,10,,0,122,peer_ring9_r1300,[],18683.01677966483,0,0.0,450.46033559999995,"[3, 6, 10, 11, 12, 15, 16, 17, 18, 20]",72,10,ordinary,9,full_coverage_and_all_discovered_cleared,108,4504.603356,0.14661745895864442
19,0,True,uniform__adversarial-spatial__72,uniform__adversarial-spatial,10,10,10,115,0.1575989999999976,10,,0,103,ring7_r1140,[],18072.89566693539,0,0.0,426.95791330000003,"[3, 6, 10, 11, 12, 15, 16, 17, 18, 20]",72,10,ordinary,7,full_coverage_and_all_discovered_cleared,90,4269.579133,0.15772450005169958
19,0,True,uniform__adversarial-spatial__72,uniform__adversarial-spatial,10,10,10,135,0.1551730000000049,10,,0,123,ring9_r960,[],17882.281048287914,0,0.0,434.9456211,"[3, 6, 10, 11, 12, 15, 16, 17, 18, 20]",72,10,ordinary,9,full_coverage_and_all_discovered_cleared,108,4349.456211,0.1552703749621287
19,0,True,uniform__adversarial-spatial__72,uniform__adversarial-spatial,10,10,10,175,0.14884899999999845,10,,0,163,ring13_r870,[],18178.080448337045,0,0.0,464.46160929999996,"[3, 6, 10, 11, 12, 15, 16, 17, 18, 20]",72,10,ordinary,13,full_coverage_and_all_discovered_cleared,144,4644.616093,0.1489028329961002
20,0,True,uniform__adversarial-spatial__73,uniform__adversarial-spatial,12,12,12,231,0.15107900000000285,12,,0,217,old_triangle19,[],42126.84787855377,0,0.0,813.69746475,"[2, 4, 5, 6, 7, 8, 9, 10, 14, 15, 16, 17]",73,12,ordinary,19,full_coverage_and_all_discovered_cleared,194,9764.369577,0.1511550840223208
20,0,True,uniform__adversarial-spatial__73,uniform__adversarial-spatial,12,12,12,128,0.15407900000000296,12,,0,114,peer_ring9_r1300,[],18912.60622190788,0,0.0,376.21010375,"[2, 4, 5, 6, 7, 8, 9, 10, 14, 15, 16, 17]",73,12,ordinary,9,full_coverage_and_all_discovered_cleared,102,4514.521245,0.15414304204750806
21,0,True,uniform__adversarial-spatial__73,uniform__adversarial-spatial,12,12,12,111,0.16110500000000627,12,,0,97,ring7_r1140,[],18459.372003683362,0,0.0,360.1562001666667,"[2, 4, 5, 6, 7, 8, 9, 10, 14, 15, 16, 17]",73,12,ordinary,7,full_coverage_and_all_discovered_cleared,85,4321.874402,0.16124762495746836
21,0,True,uniform__adversarial-spatial__73,uniform__adversarial-spatial,12,12,12,130,0.166952000000002,12,,0,116,ring9_r960,[],19003.95471807027,0,0.0,378.565912,"[2, 4, 5, 6, 7, 8, 9, 10, 14, 15, 16, 17]",73,12,ordinary,9,full_coverage_and_all_discovered_cleared,102,4542.790944,0.16706887498730794
21,0,True,uniform__adversarial-spatial__73,uniform__adversarial-spatial,12,12,12,163,0.16096900000000147,12,,0,149,ring13_r870,[],20341.700771674736,0,0.0,417.02834658333336,"[2, 4, 5, 6, 7, 8, 9, 10, 14, 15, 16, 17]",73,12,ordinary,13,full_coverage_and_all_discovered_cleared,131,5004.340159,0.16113333398243412
24,0,True,uniform__adversarial-spatial__74,uniform__adversarial-spatial,16,16,16,157,0.1954550000000026,16,,0,139,old_triangle19,[],36182.14873712267,0,0.0,508.4018593125,"[2, 3, 4, 5, 6, 8, 9, 11, 12, 13, 14, 15, 16, 17, 18, 20]",74,16,ordinary,12,public_upper_bound_16,123,8134.429749,0.19573612499516457
26,0,True,uniform__adversarial-spatial__74,uniform__adversarial-spatial,16,16,16,131,0.2028660000000002,16,,0,113,peer_ring9_r1300,[],17961.328269287842,0,0.0,271.1416031875,"[2, 3, 4, 5, 6, 8, 9, 11, 12, 13, 14, 15, 16, 17, 18, 20]",74,16,ordinary,8,public_upper_bound_16,101,4338.265651,0.2029639589600265
25,0,True,uniform__adversarial-spatial__74,uniform__adversarial-spatial,16,16,16,116,0.20210100000000608,16,,0,98,ring7_r1140,[],19079.71443369388,0,0.0,279.558930375,"[2, 3, 4, 5, 6, 8, 9, 11, 12, 13, 14, 15, 16, 17, 18, 20]",74,16,ordinary,6,public_upper_bound_16,87,4472.942886,0.2021695000003092
26,0,True,uniform__adversarial-spatial__74,uniform__adversarial-spatial,16,16,16,131,0.2125249999999994,16,,0,113,ring9_r960,[],19696.800541634664,0,0.0,292.8350066875,"[2, 3, 4, 5, 6, 8, 9, 11, 12, 13, 14, 15, 16, 17, 18, 20]",74,16,ordinary,8,public_upper_bound_16,101,4685.360107,0.2126515000127256
28,0,True,uniform__adversarial-spatial__74,uniform__adversarial-spatial,16,16,16,153,0.22937799999999697,16,,0,135,ring13_r870,[],22507.230582358538,0,0.0,336.027882375,"[2, 3, 4, 5, 6, 8, 9, 11, 12, 13, 14, 15, 16, 17, 18, 20]",74,16,ordinary,10,public_upper_bound_16,120,5376.446118,0.22953545802738518
24,0,True,uniform__adversarial-spatial__75,uniform__adversarial-spatial,13,13,13,256,0.18085800000000063,13,,0,241,old_triangle19,[],44853.77178667939,0,0.0,804.2887968461539,"[2, 6, 10, 11, 12, 13, 14, 15, 16, 17, 18, 19, 20]",75,13,ordinary,19,full_coverage_and_all_discovered_cleared,215,10455.754359,0.18095791700761765
19,0,True,uniform__adversarial-spatial__75,uniform__adversarial-spatial,13,13,13,140,0.14867800000000386,13,,0,125,peer_ring9_r1300,[],18288.807351968906,0,0.0,343.21242099999995,"[2, 6, 10, 11, 12, 13, 14, 15, 16, 17, 18, 19, 20]",75,13,ordinary,9,full_coverage_and_all_discovered_cleared,114,4461.761473,0.1487352500553243
20,0,True,uniform__adversarial-spatial__75,uniform__adversarial-spatial,13,13,13,118,0.14859600000000484,13,,0,103,ring7_r1140,[],19618.23305748131,0,0.0,353.5882008461539,"[2, 6, 10, 11, 12, 13, 14, 15, 16, 17, 18, 19, 20]",75,13,ordinary,7,full_coverage_and_all_discovered_cleared,93,4596.646611,0.1486570420092903
22,0,True,uniform__adversarial-spatial__75,uniform__adversarial-spatial,13,13,13,131,0.18457199999999574,13,,0,116,ring9_r960,[],20962.84277276145,0,0.0,379.96681215384615,"[2, 6, 10, 11, 12, 13, 14, 15, 16, 17, 18, 19, 20]",75,13,ordinary,9,full_coverage_and_all_discovered_cleared,102,4939.568558,0.18467045802390203
23,0,True,uniform__adversarial-spatial__75,uniform__adversarial-spatial,13,13,13,164,0.18203900000000317,13,,0,149,ring13_r870,[],23408.2047663154,0,0.0,432.5108426923077,"[2, 6, 10, 11, 12, 13, 14, 15, 16, 17, 18, 19, 20]",75,13,ordinary,13,full_coverage_and_all_discovered_cleared,131,5622.640955,0.1821635829983279
20,0,True,uniform__adversarial-spatial__76,uniform__adversarial-spatial,12,12,12,229,0.15544200000000075,12,,0,215,old_triangle19,[],45126.37384088247,0,0.0,862.8562305,"[2, 4, 5, 7, 8, 10, 12, 13, 14, 15, 17, 18]",76,12,ordinary,19,full_coverage_and_all_discovered_cleared,194,10354.274766,0.15554512501694262
22,0,True,uniform__adversarial-spatial__76,uniform__adversarial-spatial,12,12,12,138,0.17521199999999482,12,,0,124,peer_ring9_r1300,[],21255.937203763435,0,0.0,420.0989534166667,"[2, 4, 5, 7, 8, 10, 12, 13, 14, 15, 17, 18]",76,12,ordinary,9,full_coverage_and_all_discovered_cleared,110,5041.187441,0.17531341599533334
21,0,True,uniform__adversarial-spatial__76,uniform__adversarial-spatial,12,12,12,118,0.1668809999999965,12,,0,104,ring7_r1140,[],20649.752310373555,0,0.0,400.1625384166667,"[2, 4, 5, 7, 8, 10, 12, 13, 14, 15, 17, 18]",76,12,ordinary,7,full_coverage_and_all_discovered_cleared,92,4801.950461,0.16695012501440942
21,0,True,uniform__adversarial-spatial__76,uniform__adversarial-spatial,12,12,12,137,0.16777300000000395,12,,0,123,ring9_r960,[],20274.340105716994,0,0.0,403.32233491666665,"[2, 4, 5, 7, 8, 10, 12, 13, 14, 15, 17, 18]",76,12,ordinary,9,full_coverage_and_all_discovered_cleared,110,4839.868019,0.16781062498921528
22,0,True,uniform__adversarial-spatial__76,uniform__adversarial-spatial,12,12,12,176,0.1701970000000017,12,,0,162,ring13_r870,[],21244.789543553798,0,0.0,438.57982583333336,"[2, 4, 5, 7, 8, 10, 12, 13, 14, 15, 17, 18]",76,12,ordinary,13,full_coverage_and_all_discovered_cleared,144,5262.95791,0.17033087502932176
17,0,True,edge__iid__67,edge__iid,10,10,10,280,0.14671599999999785,10,,0,268,old_triangle19,[],41644.8790492995,0,0.0,996.4975807000001,"[4, 5, 7, 8, 9, 10, 14, 15, 18, 19]",67,10,ordinary,19,full_coverage_and_all_discovered_cleared,246,9964.975807,0.14678954100236297
16,0,True,edge__iid__67,edge__iid,10,10,10,160,0.13213300000000316,10,,0,148,peer_ring9_r1300,[],16405.813087739767,0,0.0,420.916262,"[4, 5, 7, 8, 9, 10, 14, 15, 18, 19]",67,10,ordinary,9,full_coverage_and_all_discovered_cleared,138,4209.16262,0.1322500419919379
17,0,True,edge__iid__67,edge__iid,10,10,10,135,0.14912400000000048,10,,0,123,ring7_r1140,[],15030.748048688034,0,0.0,378.5149611,"[4, 5, 7, 8, 9, 10, 14, 15, 18, 19]",67,10,ordinary,7,full_coverage_and_all_discovered_cleared,114,3785.149611,0.14930262498091906
20,0,True,edge__iid__67,edge__iid,10,10,10,162,0.18176700000000068,10,,0,150,ring9_r960,[],18030.475030076566,0,0.0,454.3095008,"[4, 5, 7, 8, 9, 10, 14, 15, 18, 19]",67,10,ordinary,9,full_coverage_and_all_discovered_cleared,137,4543.095008,0.18237900000531226
20,0,True,edge__iid__67,edge__iid,10,10,10,214,0.17889000000000266,10,,0,202,ring13_r870,[],20479.56573015165,0,0.0,534.2913148,"[4, 5, 7, 8, 9, 10, 14, 15, 18, 19]",67,10,ordinary,13,full_coverage_and_all_discovered_cleared,187,5342.913148,0.17904804198769853
27,0,True,edge__iid__68,edge__iid,15,15,15,282,0.23569200000000023,15,,0,265,old_triangle19,[],44409.29314202376,0,0.0,701.4572418,"[2, 4, 5, 6, 8, 9, 11, 12, 13, 14, 15, 16, 17, 19, 20]",68,15,ordinary,19,full_coverage_and_all_discovered_cleared,240,10521.858627,0.23586366698145866
24,0,True,edge__iid__68,edge__iid,15,15,15,157,0.21666799999999853,15,,0,140,peer_ring9_r1300,[],18727.09120237602,0,0.0,309.8278828666667,"[2, 4, 5, 6, 8, 9, 11, 12, 13, 14, 15, 16, 17, 19, 20]",68,15,ordinary,9,full_coverage_and_all_discovered_cleared,127,4647.418243,0.2168149589560926
25,0,True,edge__iid__68,edge__iid,15,15,15,135,0.22285300000000063,15,,0,118,ring7_r1140,[],20521.7176264802,0,0.0,324.8895684666667,"[2, 4, 5, 6, 8, 9, 11, 12, 13, 14, 15, 16, 17, 19, 20]",68,15,ordinary,7,full_coverage_and_all_discovered_cleared,104,4873.343527,0.22294095798861235
28,0,True,edge__iid__68,edge__iid,15,15,15,161,0.2543149999999983,15,,0,144,ring9_r960,[],21180.68160031709,0,0.0,343.8757544666667,"[2, 4, 5, 6, 8, 9, 11, 12, 13, 14, 15, 16, 17, 19, 20]",68,15,ordinary,9,full_coverage_and_all_discovered_cleared,127,5158.136317,0.25451962498482317
28,0,True,edge__iid__68,edge__iid,15,15,15,201,0.25168500000000193,15,,0,184,ring13_r870,[],24846.24357847478,0,0.0,408.61658133333333,"[2, 4, 5, 6, 8, 9, 11, 12, 13, 14, 15, 16, 17, 19, 20]",68,15,ordinary,13,full_coverage_and_all_discovered_cleared,165,6129.24872,0.251870832988061
25,0,True,edge__iid__69,edge__iid,15,15,15,264,0.21420100000000275,15,,0,247,old_triangle19,[],42109.94682960761,0,0.0,663.7326242,"[2, 3, 4, 5, 6, 7, 8, 9, 10, 11, 12, 13, 14, 16, 18]",69,15,ordinary,19,full_coverage_and_all_discovered_cleared,224,9955.989363,0.21431974996812642
27,0,True,edge__iid__69,edge__iid,15,15,15,164,0.23388099999999667,15,,0,147,peer_ring9_r1300,[],18430.348325401417,0,0.0,308.60464440000004,"[2, 3, 4, 5, 6, 7, 8, 9, 10, 11, 12, 13, 14, 16, 18]",69,15,ordinary,9,full_coverage_and_all_discovered_cleared,133,4629.069666,0.23402945802081376
28,0,True,edge__iid__69,edge__iid,15,15,15,144,0.24352400000000074,15,,0,127,ring7_r1140,[],19096.34578797313,0,0.0,309.4179438,"[2, 3, 4, 5, 6, 7, 8, 9, 10, 11, 12, 13, 14, 16, 18]",69,15,ordinary,7,full_coverage_and_all_discovered_cleared,112,4641.269157,0.24361412500729784
28,0,True,edge__iid__69,edge__iid,15,15,15,166,0.2463249999999988,15,,0,149,ring9_r960,[],21811.971258347756,0,0.0,354.3596168,"[2, 3, 4, 5, 6, 7, 8, 9, 10, 11, 12, 13, 14, 16, 18]",69,15,ordinary,9,full_coverage_and_all_discovered_cleared,133,5315.394252,0.2465457080397755
28,0,True,edge__iid__69,edge__iid,15,15,15,207,0.25215299999999985,15,,0,190,ring13_r870,[],26819.359210407583,0,0.0,437.5247895333333,"[2, 3, 4, 5, 6, 7, 8, 9, 10, 11, 12, 13, 14, 16, 18]",69,15,ordinary,13,full_coverage_and_all_discovered_cleared,174,6562.871843,0.2523149579646997
16,0,True,edge__iid__70,edge__iid,10,10,10,291,0.14254000000000389,10,,0,279,old_triangle19,[],39988.18028029257,0,0.0,970.1636055000001,"[2, 3, 5, 10, 11, 13, 15, 16, 19, 20]",70,10,ordinary,19,full_coverage_and_all_discovered_cleared,259,9701.636055,0.14259008300723508
19,0,True,edge__iid__70,edge__iid,10,10,10,165,0.16648099999999744,10,,0,153,peer_ring9_r1300,[],17895.2584939613,0,0.0,453.4051701,"[2, 3, 5, 10, 11, 13, 15, 16, 19, 20]",70,10,ordinary,9,full_coverage_and_all_discovered_cleared,140,4534.051701,0.16691762499976903
18,0,True,edge__iid__70,edge__iid,10,10,10,138,0.1726680000000016,10,,0,126,ring7_r1140,[],17145.623395902854,0,0.0,422.4124678,"[2, 3, 5, 10, 11, 13, 15, 16, 19, 20]",70,10,ordinary,7,full_coverage_and_all_discovered_cleared,115,4224.124678,0.17292520799674094
21,0,True,edge__iid__70,edge__iid,10,10,10,166,0.19072100000000347,10,,0,154,ring9_r960,[],19250.910235304535,0,0.0,480.8182049,"[2, 3, 5, 10, 11, 13, 15, 16, 19, 20]",70,10,ordinary,9,full_coverage_and_all_discovered_cleared,138,4808.182049,0.19116325001232326
20,0,True,edge__iid__70,edge__iid,10,10,10,215,0.18095799999999684,10,,0,203,ring13_r870,[],21454.139714065554,0,0.0,554.082794,"[2, 3, 5, 10, 11, 13, 15, 16, 19, 20]",70,10,ordinary,13,full_coverage_and_all_discovered_cleared,185,5540.82794,0.1811715830117464
21,0,True,edge__iid__71,edge__iid,12,12,12,295,0.1825760000000045,12,,0,281,old_triangle19,[],41629.92435947608,0,0.0,837.33207275,"[1, 2, 4, 5, 7, 9, 10, 13, 17, 18, 19, 20]",71,12,ordinary,19,full_coverage_and_all_discovered_cleared,257,10047.984873,0.18277933297213167
19,0,True,edge__iid__71,edge__iid,12,12,12,149,0.164354000000003,12,,0,135,peer_ring9_r1300,[],16972.650246784513,0,0.0,354.29417083333334,"[1, 2, 4, 5, 7, 9, 10, 13, 17, 18, 19, 20]",71,12,ordinary,9,full_coverage_and_all_discovered_cleared,122,4251.53005,0.16468241601251066
22,0,True,edge__iid__71,edge__iid,12,12,12,131,0.1980879999999985,12,,0,117,ring7_r1140,[],17132.696776023444,0,0.0,347.8782795833333,"[1, 2, 4, 5, 7, 9, 10, 13, 17, 18, 19, 20]",71,12,ordinary,7,full_coverage_and_all_discovered_cleared,103,4174.539355,0.19949991698376834
23,0,True,edge__iid__71,edge__iid,12,12,12,152,0.21498599999999612,12,,0,138,ring9_r960,[],19464.61285229944,0,0.0,396.9935473333333,"[1, 2, 4, 5, 7, 9, 10, 13, 17, 18, 19, 20]",71,12,ordinary,9,full_coverage_and_all_discovered_cleared,121,4763.922568,0.21513437503017485
23,0,True,edge__iid__71,edge__iid,12,12,12,193,0.21284400000000403,12,,0,179,ring13_r870,[],22481.550777098648,0,0.0,467.52584641666664,"[1, 2, 4, 5, 7, 9, 10, 13, 17, 18, 19, 20]",71,12,ordinary,13,full_coverage_and_all_discovered_cleared,159,5610.310157,0.2132163749774918
17,0,True,edge__iid__72,edge__iid,10,10,10,317,0.13512199999999552,10,,0,305,old_triangle19,[],39621.55073054216,0,0.0,978.2310148,"[3, 6, 10, 11, 12, 15, 16, 17, 18, 20]",72,10,ordinary,19,full_coverage_and_all_discovered_cleared,283,9782.310148,0.1352087499690242
16,0,True,edge__iid__72,edge__iid,10,10,10,152,0.1359729999999999,10,,0,140,peer_ring9_r1300,[],17627.96447714597,0,0.0,440.45928970000006,"[3, 6, 10, 11, 12, 15, 16, 17, 18, 20]",72,10,ordinary,9,full_coverage_and_all_discovered_cleared,129,4404.592897,0.13607220799895003
17,0,True,edge__iid__72,edge__iid,10,10,10,129,0.1443000000000012,10,,0,117,ring7_r1140,[],17229.43902803532,0,0.0,418.88878059999996,"[3, 6, 10, 11, 12, 15, 16, 17, 18, 20]",72,10,ordinary,7,full_coverage_and_all_discovered_cleared,108,4188.887806,0.14439812500495464
18,0,True,edge__iid__72,edge__iid,10,10,10,153,0.15552900000000136,10,,0,141,ring9_r960,[],17920.834181789323,0,0.0,446.7166836,"[3, 6, 10, 11, 12, 15, 16, 17, 18, 20]",72,10,ordinary,9,full_coverage_and_all_discovered_cleared,128,4467.166836,0.15565529197920114
19,0,True,edge__iid__72,edge__iid,10,10,10,198,0.16584999999999894,10,,0,186,ring13_r870,[],19478.59150679186,0,0.0,504.4718302,"[3, 6, 10, 11, 12, 15, 16, 17, 18, 20]",72,10,ordinary,13,full_coverage_and_all_discovered_cleared,169,5044.718302,0.16600533301243559
21,0,True,edge__iid__73,edge__iid,12,12,12,276,0.17645099999999303,12,,0,262,old_triangle19,[],45352.37042807239,0,0.0,890.03950725,"[2, 4, 5, 6, 7, 8, 9, 10, 14, 15, 16, 17]",73,12,ordinary,19,full_coverage_and_all_discovered_cleared,240,10680.474087,0.1765849159564823
22,0,True,edge__iid__73,edge__iid,12,12,12,165,0.19789399999999802,12,,0,151,peer_ring9_r1300,[],14651.113446548174,0,0.0,323.7685575,"[2, 4, 5, 6, 7, 8, 9, 10, 14, 15, 16, 17]",73,12,ordinary,9,full_coverage_and_all_discovered_cleared,140,3885.22269,0.198064666998107
20,0,True,edge__iid__73,edge__iid,12,12,12,141,0.17909299999999462,12,,0,127,ring7_r1140,[],15766.285724924168,0,0.0,330.5214285833333,"[2, 4, 5, 6, 7, 8, 9, 10, 14, 15, 16, 17]",73,12,ordinary,7,full_coverage_and_all_discovered_cleared,118,3966.257143,0.17924087500432506
23,0,True,edge__iid__73,edge__iid,12,12,12,167,0.2005540000000039,12,,0,153,ring9_r960,[],16974.433323901732,0,0.0,363.32388841666665,"[2, 4, 5, 6, 7, 8, 9, 10, 14, 15, 16, 17]",73,12,ordinary,9,full_coverage_and_all_discovered_cleared,140,4359.886661,0.20075808302499354
23,0,True,edge__iid__73,edge__iid,12,12,12,216,0.20670899999999648,12,,0,202,ring13_r870,[],20627.878183724028,0,0.0,448.5479695833333,"[2, 4, 5, 6, 7, 8, 9, 10, 14, 15, 16, 17]",73,12,ordinary,13,full_coverage_and_all_discovered_cleared,187,5382.575635,0.2067888749879785
30,0,True,edge__iid__74,edge__iid,16,16,16,218,0.2645260000000036,16,,0,200,old_triangle19,[],41145.70666315374,0,0.0,592.9463334375,"[2, 3, 4, 5, 6, 8, 9, 11, 12, 13, 14, 15, 16, 17, 18, 20]",74,16,ordinary,13,public_upper_bound_16,178,9487.141335,0.265016374993138
27,0,True,edge__iid__74,edge__iid,16,16,16,149,0.23801300000000225,16,,0,131,peer_ring9_r1300,[],20415.124037983085,0,0.0,308.5015505,"[2, 3, 4, 5, 6, 8, 9, 11, 12, 13, 14, 15, 16, 17, 18, 20]",74,16,ordinary,8,public_upper_bound_16,118,4936.024808,0.2382551669725217
29,0,True,edge__iid__74,edge__iid,16,16,16,138,0.2525529999999989,16,,0,120,ring7_r1140,[],22646.805135346516,0,0.0,332.2100641875,"[2, 3, 4, 5, 6, 8, 9, 11, 12, 13, 14, 15, 16, 17, 18, 20]",74,16,ordinary,7,full_coverage_and_all_discovered_cleared,106,5315.361027,0.2527917080442421
33,0,True,edge__iid__74,edge__iid,16,16,16,155,0.2957259999999948,16,,0,137,ring9_r960,[],23993.1517418522,0,0.0,355.1018966875,"[2, 3, 4, 5, 6, 8, 9, 11, 12, 13, 14, 15, 16, 17, 18, 20]",74,16,ordinary,8,public_upper_bound_16,118,5681.630347,0.2958862920058891
33,0,True,edge__iid__74,edge__iid,16,16,16,185,0.2993760000000023,16,,0,167,ring13_r870,[],26808.55642933014,0,0.0,401.4819555625,"[2, 3, 4, 5, 6, 8, 9, 11, 12, 13, 14, 15, 16, 17, 18, 20]",74,16,ordinary,11,public_upper_bound_16,147,6423.711289,0.2995525000151247
20,0,True,edge__iid__75,edge__iid,13,13,13,275,0.17032100000000128,13,,0,260,old_triangle19,[],42699.66831753749,0,0.0,780.2256665384616,"[2, 6, 10, 11, 12, 13, 14, 15, 16, 17, 18, 19, 20]",75,13,ordinary,19,full_coverage_and_all_discovered_cleared,238,10142.933665,0.1703828750178218
24,0,True,edge__iid__75,edge__iid,13,13,13,159,0.2098100000000045,13,,0,144,peer_ring9_r1300,[],18192.57822658412,0,0.0,350.27043423076924,"[2, 6, 10, 11, 12, 13, 14, 15, 16, 17, 18, 19, 20]",75,13,ordinary,9,full_coverage_and_all_discovered_cleared,130,4553.515645,0.20985012501478195
25,0,True,edge__iid__75,edge__iid,13,13,13,142,0.22226099999999605,13,,0,127,ring7_r1140,[],17708.6023161387,0,0.0,334.90157423076926,"[2, 6, 10, 11, 12, 13, 14, 15, 16, 17, 18, 19, 20]",75,13,ordinary,7,full_coverage_and_all_discovered_cleared,112,4353.720465,0.22236954199615866
26,0,True,edge__iid__75,edge__iid,13,13,13,162,0.23291799999999796,13,,0,147,ring9_r960,[],21056.759219223524,0,0.0,395.5655263846154,"[2, 6, 10, 11, 12, 13, 14, 15, 16, 17, 18, 19, 20]",75,13,ordinary,9,full_coverage_and_all_discovered_cleared,131,5142.351843,0.23298875003820285
27,0,True,edge__iid__75,edge__iid,13,13,13,207,0.24538099999999474,13,,0,192,ring13_r870,[],23146.387670271855,0,0.0,448.09827192307694,"[2, 6, 10, 11, 12, 13, 14, 15, 16, 17, 18, 19, 20]",75,13,ordinary,13,full_coverage_and_all_discovered_cleared,171,5825.277535,0.24553650000598282
21,0,True,edge__iid__76,edge__iid,12,12,12,262,0.17875499999999533,12,,0,248,old_triangle19,[],44403.50745970199,0,0.0,867.3917911666667,"[2, 4, 5, 7, 8, 10, 12, 13, 14, 15, 17, 18]",76,12,ordinary,19,full_coverage_and_all_discovered_cleared,228,10408.701494,0.1787968339631334
21,0,True,edge__iid__76,edge__iid,12,12,12,154,0.17678399999999783,12,,0,140,peer_ring9_r1300,[],18065.155277353882,0,0.0,375.16925475,"[2, 4, 5, 7, 8, 10, 12, 13, 14, 15, 17, 18]",76,12,ordinary,9,full_coverage_and_all_discovered_cleared,129,4502.031057,0.1768436249694787
22,0,True,edge__iid__76,edge__iid,12,12,12,128,0.1909259999999975,12,,0,114,ring7_r1140,[],20375.71601746033,0,0.0,400.6786004166667,"[2, 4, 5, 7, 8, 10, 12, 13, 14, 15, 17, 18]",76,12,ordinary,7,full_coverage_and_all_discovered_cleared,103,4808.143205,0.19103258399991319
23,0,True,edge__iid__76,edge__iid,12,12,12,157,0.20412300000000272,12,,0,143,ring9_r960,[],20475.172224658567,0,0.0,416.5862038333333,"[2, 4, 5, 7, 8, 10, 12, 13, 14, 15, 17, 18]",76,12,ordinary,9,full_coverage_and_all_discovered_cleared,129,4999.034446,0.20427787501830608
23,0,True,edge__iid__76,edge__iid,12,12,12,200,0.20970700000000164,12,,0,186,ring13_r870,[],23227.135134755117,0,0.0,483.7855858333333,"[2, 4, 5, 7, 8, 10, 12, 13, 14, 15, 17, 18]",76,12,ordinary,13,full_coverage_and_all_discovered_cleared,170,5805.42703,0.21037145901937038
17,0,True,edge__smooth__67,edge__smooth,10,10,10,280,0.1523469999999989,10,,0,268,old_triangle19,[],42039.30934277862,0,0.0,1004.3861870999999,"[4, 5, 7, 8, 9, 10, 14, 15, 18, 19]",67,10,ordinary,19,full_coverage_and_all_discovered_cleared,246,10043.861871,0.15244683297351003
17,0,True,edge__smooth__67,edge__smooth,10,10,10,161,0.14283100000000104,10,,0,149,peer_ring9_r1300,[],15678.839022459411,0,0.0,406.87678059999996,"[4, 5, 7, 8, 9, 10, 14, 15, 18, 19]",67,10,ordinary,9,full_coverage_and_all_discovered_cleared,138,4068.767806,0.14288137498078868
17,0,True,edge__smooth__67,edge__smooth,10,10,10,135,0.14764999999999873,10,,0,123,ring7_r1140,[],14981.113106496814,0,0.0,377.5222619,"[4, 5, 7, 8, 9, 10, 14, 15, 18, 19]",67,10,ordinary,7,full_coverage_and_all_discovered_cleared,114,3775.222619,0.14775729196844622
20,0,True,edge__smooth__67,edge__smooth,10,10,10,162,0.17346199999999357,10,,0,150,ring9_r960,[],18035.05827075833,0,0.0,454.40116580000006,"[4, 5, 7, 8, 9, 10, 14, 15, 18, 19]",67,10,ordinary,9,full_coverage_and_all_discovered_cleared,137,4544.011658,0.17359312495682389
20,0,True,edge__smooth__67,edge__smooth,10,10,10,214,0.17877100000000468,10,,0,202,ring13_r870,[],20479.428617656304,0,0.0,534.2885726000001,"[4, 5, 7, 8, 9, 10, 14, 15, 18, 19]",67,10,ordinary,13,full_coverage_and_all_discovered_cleared,187,5342.885726,0.17886124999495223
27,0,True,edge__smooth__68,edge__smooth,15,15,15,282,0.2385850000000005,15,,0,265,old_triangle19,[],43787.44264949942,0,0.0,693.1659019333333,"[2, 4, 5, 6, 8, 9, 11, 12, 13, 14, 15, 16, 17, 19, 20]",68,15,ordinary,19,full_coverage_and_all_discovered_cleared,240,10397.488529,0.23879341699648649
25,0,True,edge__smooth__68,edge__smooth,15,15,15,158,0.22165600000000296,15,,0,141,peer_ring9_r1300,[],18745.358682439037,0,0.0,310.4047824666667,"[2, 4, 5, 6, 8, 9, 11, 12, 13, 14, 15, 16, 17, 19, 20]",68,15,ordinary,9,full_coverage_and_all_discovered_cleared,127,4656.071737,0.22184404102154076
25,0,True,edge__smooth__68,edge__smooth,15,15,15,135,0.2105320000000006,15,,0,118,ring7_r1140,[],20124.60153539951,0,0.0,319.5946872,"[2, 4, 5, 6, 8, 9, 11, 12, 13, 14, 15, 16, 17, 19, 20]",68,15,ordinary,7,full_coverage_and_all_discovered_cleared,104,4793.920308,0.21065362496301532
27,0,True,edge__smooth__68,edge__smooth,15,15,15,160,0.23561799999999522,15,,0,143,ring9_r960,[],21248.555715904284,0,0.0,344.4474096,"[2, 4, 5, 6, 8, 9, 11, 12, 13, 14, 15, 16, 17, 19, 20]",68,15,ordinary,9,full_coverage_and_all_discovered_cleared,127,5166.711144,0.2357878329930827
29,0,True,edge__smooth__68,edge__smooth,15,15,15,202,0.2688050000000004,15,,0,185,ring13_r870,[],24932.939251457345,0,0.0,410.1058566666667,"[2, 4, 5, 6, 8, 9, 11, 12, 13, 14, 15, 16, 17, 19, 20]",68,15,ordinary,13,full_coverage_and_all_discovered_cleared,165,6151.58785,0.2692154999822378
25,0,True,edge__smooth__69,edge__smooth,15,15,15,264,0.20985699999999952,15,,0,247,old_triangle19,[],42757.571248716114,0,0.0,672.3676166666667,"[2, 3, 4, 5, 6, 7, 8, 9, 10, 11, 12, 13, 14, 16, 18]",69,15,ordinary,19,full_coverage_and_all_discovered_cleared,224,10085.51425,0.2100082079996355
27,0,True,edge__smooth__69,edge__smooth,15,15,15,164,0.2300250000000048,15,,0,147,peer_ring9_r1300,[],18413.524352563854,0,0.0,308.3803249333333,"[2, 3, 4, 5, 6, 7, 8, 9, 10, 11, 12, 13, 14, 16, 18]",69,15,ordinary,9,full_coverage_and_all_discovered_cleared,133,4625.704874,0.23023137502605096
27,0,True,edge__smooth__69,edge__smooth,15,15,15,143,0.23050200000000132,15,,0,126,ring7_r1140,[],18911.225945797003,0,0.0,306.61634573333333,"[2, 3, 4, 5, 6, 7, 8, 9, 10, 11, 12, 13, 14, 16, 18]",69,15,ordinary,7,full_coverage_and_all_discovered_cleared,112,4599.245186,0.23061991698341444
28,0,True,edge__smooth__69,edge__smooth,15,15,15,166,0.24368199999999973,15,,0,149,ring9_r960,[],22215.95522521477,0,0.0,359.74606966666664,"[2, 3, 4, 5, 6, 7, 8, 9, 10, 11, 12, 13, 14, 16, 18]",69,15,ordinary,9,full_coverage_and_all_discovered_cleared,133,5396.191045,0.24389658303698525
30,0,True,edge__smooth__69,edge__smooth,15,15,15,209,0.27069499999999636,15,,0,192,ring13_r870,[],27015.40983952571,0,0.0,440.8054646666667,"[2, 3, 4, 5, 6, 7, 8, 9, 10, 11, 12, 13, 14, 16, 18]",69,15,ordinary,13,full_coverage_and_all_discovered_cleared,174,6612.08197,0.27099474996794015
16,0,True,edge__smooth__70,edge__smooth,10,10,10,291,0.145501000000003,10,,0,279,old_triangle19,[],39674.22711152218,0,0.0,963.8845422,"[2, 3, 5, 10, 11, 13, 15, 16, 19, 20]",70,10,ordinary,19,full_coverage_and_all_discovered_cleared,259,9638.845422,0.14557154197245836
19,0,True,edge__smooth__70,edge__smooth,10,10,10,165,0.1729959999999977,10,,0,153,peer_ring9_r1300,[],17898.640384555816,0,0.0,453.4728078,"[2, 3, 5, 10, 11, 13, 15, 16, 19, 20]",70,10,ordinary,9,full_coverage_and_all_discovered_cleared,140,4534.728078,0.17308091599261388
18,0,True,edge__smooth__70,edge__smooth,10,10,10,138,0.1645809999999983,10,,0,126,ring7_r1140,[],17292.769110484467,0,0.0,425.3553822,"[2, 3, 5, 10, 11, 13, 15, 16, 19, 20]",70,10,ordinary,7,full_coverage_and_all_discovered_cleared,115,4253.553822,0.16466408304404467
21,0,True,edge__smooth__70,edge__smooth,10,10,10,166,0.1874029999999962,10,,0,154,ring9_r960,[],19266.78493508753,0,0.0,481.13569870000003,"[2, 3, 5, 10, 11, 13, 15, 16, 19, 20]",70,10,ordinary,9,full_coverage_and_all_discovered_cleared,138,4811.356987,0.18751383299240842
21,0,True,edge__smooth__70,edge__smooth,10,10,10,216,0.1893619999999956,10,,0,204,ring13_r870,[],21560.126190534822,0,0.0,556.7025242,"[2, 3, 5, 10, 11, 13, 15, 16, 19, 20]",70,10,ordinary,13,full_coverage_and_all_discovered_cleared,185,5567.025242,0.18946654099272564
19,0,True,edge__smooth__71,edge__smooth,12,12,12,293,0.15956500000000062,12,,0,279,old_triangle19,[],42789.202043123674,0,0.0,855.8200344166667,"[1, 2, 4, 5, 7, 9, 10, 13, 17, 18, 19, 20]",71,12,ordinary,19,full_coverage_and_all_discovered_cleared,257,10269.840413,0.1596750000026077
19,0,True,edge__smooth__71,edge__smooth,12,12,12,149,0.16707899999999398,12,,0,135,peer_ring9_r1300,[],17043.84404465727,0,0.0,355.48073425,"[1, 2, 4, 5, 7, 9, 10, 13, 17, 18, 19, 20]",71,12,ordinary,9,full_coverage_and_all_discovered_cleared,122,4265.768811,0.16715479199774563
22,0,True,edge__smooth__71,edge__smooth,12,12,12,131,0.19004699999999985,12,,0,117,ring7_r1140,[],17265.29789411861,0,0.0,350.08829833333334,"[1, 2, 4, 5, 7, 9, 10, 13, 17, 18, 19, 20]",71,12,ordinary,7,full_coverage_and_all_discovered_cleared,103,4201.05958,0.1901254589902237
23,0,True,edge__smooth__71,edge__smooth,12,12,12,152,0.2016789999999986,12,,0,138,ring9_r960,[],19422.717353656997,0,0.0,396.29528908333333,"[1, 2, 4, 5, 7, 9, 10, 13, 17, 18, 19, 20]",71,12,ordinary,9,full_coverage_and_all_discovered_cleared,121,4755.543469,0.20178729202598333
24,0,True,edge__smooth__71,edge__smooth,12,12,12,194,0.21940899999999885,12,,0,180,ring13_r870,[],21925.998207449207,0,0.0,458.68330349999997,"[1, 2, 4, 5, 7, 9, 10, 13, 17, 18, 19, 20]",71,12,ordinary,13,full_coverage_and_all_discovered_cleared,159,5504.199642,0.21951687498949468
17,0,True,edge__smooth__72,edge__smooth,10,10,10,317,0.1403490000000005,10,,0,305,old_triangle19,[],39397.63118530397,0,0.0,973.7526236,"[3, 6, 10, 11, 12, 15, 16, 17, 18, 20]",72,10,ordinary,19,full_coverage_and_all_discovered_cleared,283,9737.526236,0.14042220800183713
16,0,True,edge__smooth__72,edge__smooth,10,10,10,152,0.14129700000000156,10,,0,140,peer_ring9_r1300,[],17622.600257285598,0,0.0,440.35200530000003,"[3, 6, 10, 11, 12, 15, 16, 17, 18, 20]",72,10,ordinary,9,full_coverage_and_all_discovered_cleared,129,4403.520053,0.141347708995454
18,0,True,edge__smooth__72,edge__smooth,10,10,10,130,0.16038799999999753,10,,0,118,ring7_r1140,[],17147.463801489914,0,0.0,417.7492757,"[3, 6, 10, 11, 12, 15, 16, 17, 18, 20]",72,10,ordinary,7,full_coverage_and_all_discovered_cleared,108,4177.492757,0.16047924995655194
20,0,True,edge__smooth__72,edge__smooth,10,10,10,155,0.17586399999999713,10,,0,143,ring9_r960,[],18106.637136216148,0,0.0,451.43274279999997,"[3, 6, 10, 11, 12, 15, 16, 17, 18, 20]",72,10,ordinary,9,full_coverage_and_all_discovered_cleared,128,4514.327428,0.1759235420031473
20,0,True,edge__smooth__72,edge__smooth,10,10,10,199,0.17874899999999627,10,,0,187,ring13_r870,[],19672.505607771658,0,0.0,508.8501126,"[3, 6, 10, 11, 12, 15, 16, 17, 18, 20]",72,10,ordinary,13,full_coverage_and_all_discovered_cleared,169,5088.501126,0.1789609169936739
21,0,True,edge__smooth__73,edge__smooth,12,12,12,276,0.17909099999999967,12,,0,262,old_triangle19,[],45725.51049584577,0,0.0,896.2585083333333,"[2, 4, 5, 6, 7, 8, 9, 10, 14, 15, 16, 17]",73,12,ordinary,19,full_coverage_and_all_discovered_cleared,240,10755.1021,0.17918891599401832
23,0,True,edge__smooth__73,edge__smooth,12,12,12,166,0.20367500000000405,12,,0,152,peer_ring9_r1300,[],14532.295974670116,0,0.0,322.2049329166667,"[2, 4, 5, 6, 7, 8, 9, 10, 14, 15, 16, 17]",73,12,ordinary,9,full_coverage_and_all_discovered_cleared,140,3866.459195,0.20379141700686887
21,0,True,edge__smooth__73,edge__smooth,12,12,12,142,0.18508399999999625,12,,0,128,ring7_r1140,[],15396.795156854261,0,0.0,324.7799191666667,"[2, 4, 5, 6, 7, 8, 9, 10, 14, 15, 16, 17]",73,12,ordinary,7,full_coverage_and_all_discovered_cleared,118,3897.35903,0.1852987500024028
23,0,True,edge__smooth__73,edge__smooth,12,12,12,167,0.2123150000000038,12,,0,153,ring9_r960,[],17360.33065892135,0,0.0,369.75551091666665,"[2, 4, 5, 6, 7, 8, 9, 10, 14, 15, 16, 17]",73,12,ordinary,9,full_coverage_and_all_discovered_cleared,140,4437.066131,0.21242779097519815
23,0,True,edge__smooth__73,edge__smooth,12,12,12,216,0.20963499999999868,12,,0,202,ring13_r870,[],20730.422702901335,0,0.0,450.25704533333334,"[2, 4, 5, 6, 7, 8, 9, 10, 14, 15, 16, 17]",73,12,ordinary,13,full_coverage_and_all_discovered_cleared,187,5403.084544,0.20981733297230676
28,0,True,edge__smooth__74,edge__smooth,16,16,16,216,0.24192599999999942,16,,0,198,old_triangle19,[],40195.986139141365,0,0.0,580.449826875,"[2, 3, 4, 5, 6, 8, 9, 11, 12, 13, 14, 15, 16, 17, 18, 20]",74,16,ordinary,13,public_upper_bound_16,178,9287.19723,0.24208054202608764
27,0,True,edge__smooth__74,edge__smooth,16,16,16,149,0.22976799999999997,16,,0,131,peer_ring9_r1300,[],20453.540946066852,0,0.0,308.981762125,"[2, 3, 4, 5, 6, 8, 9, 11, 12, 13, 14, 15, 16, 17, 18, 20]",74,16,ordinary,8,public_upper_bound_16,118,4943.708194,0.22991145798005164
27,0,True,edge__smooth__74,edge__smooth,16,16,16,136,0.23269599999999713,16,,0,118,ring7_r1140,[],22603.242656552182,0,0.0,331.04053325,"[2, 3, 4, 5, 6, 8, 9, 11, 12, 13, 14, 15, 16, 17, 18, 20]",74,16,ordinary,7,full_coverage_and_all_discovered_cleared,106,5296.648532,0.23282433400163427
32,0,True,edge__smooth__74,edge__smooth,16,16,16,154,0.28482699999999994,16,,0,136,ring9_r960,[],24010.84182335283,0,0.0,355.0105229375,"[2, 3, 4, 5, 6, 8, 9, 11, 12, 13, 14, 15, 16, 17, 18, 20]",74,16,ordinary,8,public_upper_bound_16,118,5680.168367,0.28498654102440923
32,0,True,edge__smooth__74,edge__smooth,16,16,16,184,0.28740599999999716,16,,0,166,ring13_r870,[],26516.008613823386,0,0.0,397.51260775,"[2, 3, 4, 5, 6, 8, 9, 11, 12, 13, 14, 15, 16, 17, 18, 20]",74,16,ordinary,11,public_upper_bound_16,147,6360.201724,0.28755762497894466
20,0,True,edge__smooth__75,edge__smooth,13,13,13,275,0.17579200000000128,13,,0,260,old_triangle19,[],42533.504178038864,0,0.0,777.669295076923,"[2, 6, 10, 11, 12, 13, 14, 15, 16, 17, 18, 19, 20]",75,13,ordinary,19,full_coverage_and_all_discovered_cleared,238,10109.700836,0.17582775000482798
25,0,True,edge__smooth__75,edge__smooth,13,13,13,160,0.22912799999999578,13,,0,145,peer_ring9_r1300,[],18167.11547364897,0,0.0,350.2633149230769,"[2, 6, 10, 11, 12, 13, 14, 15, 16, 17, 18, 19, 20]",75,13,ordinary,9,full_coverage_and_all_discovered_cleared,130,4553.423094,0.22920416702982038
25,0,True,edge__smooth__75,edge__smooth,13,13,13,142,0.2201480000000018,13,,0,127,ring7_r1140,[],17544.799929022905,0,0.0,332.3815373846154,"[2, 6, 10, 11, 12, 13, 14, 15, 16, 17, 18, 19, 20]",75,13,ordinary,7,full_coverage_and_all_discovered_cleared,112,4320.959986,0.22022691601887345
26,0,True,edge__smooth__75,edge__smooth,13,13,13,162,0.23035200000000344,13,,0,147,ring9_r960,[],21091.161596690705,0,0.0,396.09479392307696,"[2, 6, 10, 11, 12, 13, 14, 15, 16, 17, 18, 19, 20]",75,13,ordinary,9,full_coverage_and_all_discovered_cleared,131,5149.232321,0.23045137495500967
26,0,True,edge__smooth__75,edge__smooth,13,13,13,206,0.23283599999999893,13,,0,191,ring13_r870,[],23036.534775756045,0,0.0,446.02361192307694,"[2, 6, 10, 11, 12, 13, 14, 15, 16, 17, 18, 19, 20]",75,13,ordinary,13,full_coverage_and_all_discovered_cleared,171,5798.306955,0.23312849999638274
21,0,True,edge__smooth__76,edge__smooth,12,12,12,262,0.18301100000000048,12,,0,248,old_triangle19,[],46059.07522903908,0,0.0,894.9845870833333,"[2, 4, 5, 7, 8, 10, 12, 13, 14, 15, 17, 18]",76,12,ordinary,19,full_coverage_and_all_discovered_cleared,228,10739.815045,0.1831485410220921
22,0,True,edge__smooth__76,edge__smooth,12,12,12,155,0.1897950000000037,12,,0,141,peer_ring9_r1300,[],16808.567101087992,0,0.0,354.64278491666664,"[2, 4, 5, 7, 8, 10, 12, 13, 14, 15, 17, 18]",76,12,ordinary,9,full_coverage_and_all_discovered_cleared,129,4255.713419,0.19002666597953066
22,0,True,edge__smooth__76,edge__smooth,12,12,12,128,0.18774200000000008,12,,0,114,ring7_r1140,[],19073.253488129718,0,0.0,378.97089166666666,"[2, 4, 5, 7, 8, 10, 12, 13, 14, 15, 17, 18]",76,12,ordinary,7,full_coverage_and_all_discovered_cleared,103,4547.6507,0.18806920800125226
23,0,True,edge__smooth__76,edge__smooth,12,12,12,157,0.20492000000000132,12,,0,143,ring9_r960,[],19329.607581606033,0,0.0,397.49345975,"[2, 4, 5, 7, 8, 10, 12, 13, 14, 15, 17, 18]",76,12,ordinary,9,full_coverage_and_all_discovered_cleared,129,4769.921517,0.20504045899724588
23,0,True,edge__smooth__76,edge__smooth,12,12,12,200,0.20864799999999661,12,,0,186,ring13_r870,[],22243.03125133233,0,0.0,467.383854,"[2, 4, 5, 7, 8, 10, 12, 13, 14, 15, 17, 18]",76,12,ordinary,13,full_coverage_and_all_discovered_cleared,170,5608.606248,0.20870762498816475
17,0,True,edge__adversarial-positive__67,edge__adversarial-positive,10,10,10,280,0.154098999999988,10,,0,268,old_triangle19,[],41957.63623506667,0,0.0,1002.7527247,"[4, 5, 7, 8, 9, 10, 14, 15, 18, 19]",67,10,ordinary,19,full_coverage_and_all_discovered_cleared,246,10027.527247,0.15414554200833663
16,0,True,edge__adversarial-positive__67,edge__adversarial-positive,10,10,10,160,0.14214299999999014,10,,0,148,peer_ring9_r1300,[],15648.147328546378,0,0.0,405.7629465,"[4, 5, 7, 8, 9, 10, 14, 15, 18, 19]",67,10,ordinary,9,full_coverage_and_all_discovered_cleared,138,4057.629465,0.14224566600751132
17,0,True,edge__adversarial-positive__67,edge__adversarial-positive,10,10,10,135,0.1539369999999991,10,,0,123,ring7_r1140,[],14958.328859826814,0,0.0,377.0665771,"[4, 5, 7, 8, 9, 10, 14, 15, 18, 19]",67,10,ordinary,7,full_coverage_and_all_discovered_cleared,114,3770.665771,0.1540037919767201
21,0,True,edge__adversarial-positive__67,edge__adversarial-positive,10,10,10,163,0.18375699999999995,10,,0,151,ring9_r960,[],18036.308825328342,0,0.0,454.9261765,"[4, 5, 7, 8, 9, 10, 14, 15, 18, 19]",67,10,ordinary,9,full_coverage_and_all_discovered_cleared,137,4549.261765,0.18399583298014477
20,0,True,edge__adversarial-positive__67,edge__adversarial-positive,10,10,10,214,0.18104599999999493,10,,0,202,ring13_r870,[],20437.533405836413,0,0.0,533.4506683,"[4, 5, 7, 8, 9, 10, 14, 15, 18, 19]",67,10,ordinary,13,full_coverage_and_all_discovered_cleared,187,5334.506683,0.18123941600788385
26,0,True,edge__adversarial-positive__68,edge__adversarial-positive,15,15,15,281,0.2316319999999905,15,,0,264,old_triangle19,[],44340.91208049307,0,0.0,700.2121609333334,"[2, 4, 5, 6, 8, 9, 11, 12, 13, 14, 15, 16, 17, 19, 20]",68,15,ordinary,19,full_coverage_and_all_discovered_cleared,240,10503.182414,0.23169866699026898
25,0,True,edge__adversarial-positive__68,edge__adversarial-positive,15,15,15,158,0.23278000000000532,15,,0,141,peer_ring9_r1300,[],18698.820338663827,0,0.0,309.78427120000003,"[2, 4, 5, 6, 8, 9, 11, 12, 13, 14, 15, 16, 17, 19, 20]",68,15,ordinary,9,full_coverage_and_all_discovered_cleared,127,4646.764068,0.2329433749546297
25,0,True,edge__adversarial-positive__68,edge__adversarial-positive,15,15,15,135,0.22817299999999818,15,,0,118,ring7_r1140,[],20377.44387011811,0,0.0,322.9659184,"[2, 4, 5, 6, 8, 9, 11, 12, 13, 14, 15, 16, 17, 19, 20]",68,15,ordinary,7,full_coverage_and_all_discovered_cleared,104,4844.488776,0.22825091698905453
29,0,True,edge__adversarial-positive__68,edge__adversarial-positive,15,15,15,162,0.2754599999999954,15,,0,145,ring9_r960,[],21461.560558023823,0,0.0,347.954141,"[2, 4, 5, 6, 8, 9, 11, 12, 13, 14, 15, 16, 17, 19, 20]",68,15,ordinary,9,full_coverage_and_all_discovered_cleared,127,5219.312115,0.27563895797356963
28,0,True,edge__adversarial-positive__68,edge__adversarial-positive,15,15,15,201,0.2623479999999887,15,,0,184,ring13_r870,[],24734.88125845279,0,0.0,407.1317502666667,"[2, 4, 5, 6, 8, 9, 11, 12, 13, 14, 15, 16, 17, 19, 20]",68,15,ordinary,13,full_coverage_and_all_discovered_cleared,165,6106.976254,0.2625606249785051
25,0,True,edge__adversarial-positive__69,edge__adversarial-positive,15,15,15,264,0.20586600000000033,15,,0,247,old_triangle19,[],42282.78397211071,0,0.0,666.0371196,"[2, 3, 4, 5, 6, 7, 8, 9, 10, 11, 12, 13, 14, 16, 18]",69,15,ordinary,19,full_coverage_and_all_discovered_cleared,224,9990.556794,0.20596895803464577
28,0,True,edge__adversarial-positive__69,edge__adversarial-positive,15,15,15,165,0.2474770000000035,15,,0,148,peer_ring9_r1300,[],18090.20060672725,0,0.0,304.4026748,"[2, 3, 4, 5, 6, 7, 8, 9, 10, 11, 12, 13, 14, 16, 18]",69,15,ordinary,9,full_coverage_and_all_discovered_cleared,133,4566.040122,0.24794699996709824
28,0,True,edge__adversarial-positive__69,edge__adversarial-positive,15,15,15,144,0.23990600000000484,15,,0,127,ring7_r1140,[],18850.426849781794,0,0.0,306.13902479999996,"[2, 3, 4, 5, 6, 7, 8, 9, 10, 11, 12, 13, 14, 16, 18]",69,15,ordinary,7,full_coverage_and_all_discovered_cleared,112,4592.085372,0.2400675420067273
28,0,True,edge__adversarial-positive__69,edge__adversarial-positive,15,15,15,166,0.24934900000000937,15,,0,149,ring9_r960,[],22589.45121913278,0,0.0,364.7260163333333,"[2, 3, 4, 5, 6, 7, 8, 9, 10, 11, 12, 13, 14, 16, 18]",69,15,ordinary,9,full_coverage_and_all_discovered_cleared,133,5470.890245,0.24947949999477714
29,0,True,edge__adversarial-positive__69,edge__adversarial-positive,15,15,15,208,0.26393199999999695,15,,0,191,ring13_r870,[],26803.002585268525,0,0.0,437.6400346,"[2, 3, 4, 5, 6, 7, 8, 9, 10, 11, 12, 13, 14, 16, 18]",69,15,ordinary,13,full_coverage_and_all_discovered_cleared,174,6564.600519,0.2640863750129938
16,0,True,edge__adversarial-positive__70,edge__adversarial-positive,10,10,10,291,0.140782999999999,10,,0,279,old_triangle19,[],39658.536601903324,0,0.0,963.5707322000001,"[2, 3, 5, 10, 11, 13, 15, 16, 19, 20]",70,10,ordinary,19,full_coverage_and_all_discovered_cleared,259,9635.707322,0.14084929099772125
19,0,True,edge__adversarial-positive__70,edge__adversarial-positive,10,10,10,165,0.17310400000000925,10,,0,153,peer_ring9_r1300,[],17814.155166583565,0,0.0,451.78310339999996,"[2, 3, 5, 10, 11, 13, 15, 16, 19, 20]",70,10,ordinary,9,full_coverage_and_all_discovered_cleared,140,4517.831034,0.17323025001678616
19,0,True,edge__adversarial-positive__70,edge__adversarial-positive,10,10,10,139,0.17398799999999426,10,,0,127,ring7_r1140,[],17187.108213824635,0,0.0,423.74216420000005,"[2, 3, 5, 10, 11, 13, 15, 16, 19, 20]",70,10,ordinary,7,full_coverage_and_all_discovered_cleared,115,4237.421642,0.17409295897232369
21,0,True,edge__adversarial-positive__70,edge__adversarial-positive,10,10,10,166,0.18646100000000843,10,,0,154,ring9_r960,[],19382.17194445784,0,0.0,483.4434389,"[2, 3, 5, 10, 11, 13, 15, 16, 19, 20]",70,10,ordinary,9,full_coverage_and_all_discovered_cleared,138,4834.434389,0.18657295795856044
20,0,True,edge__adversarial-positive__70,edge__adversarial-positive,10,10,10,215,0.18005899999999997,10,,0,203,ring13_r870,[],21312.324639433733,0,0.0,551.2464929,"[2, 3, 5, 10, 11, 13, 15, 16, 19, 20]",70,10,ordinary,13,full_coverage_and_all_discovered_cleared,185,5512.464929,0.18015220802044496
21,0,True,edge__adversarial-positive__71,edge__adversarial-positive,12,12,12,295,0.18010800000000415,12,,0,281,old_triangle19,[],42752.65393442143,0,0.0,856.0442325,"[1, 2, 4, 5, 7, 9, 10, 13, 17, 18, 19, 20]",71,12,ordinary,19,full_coverage_and_all_discovered_cleared,257,10272.53079,0.18018679099623114
19,0,True,edge__adversarial-positive__71,edge__adversarial-positive,12,12,12,149,0.16649699999999257,12,,0,135,peer_ring9_r1300,[],16894.498093060443,0,0.0,352.99163483333336,"[1, 2, 4, 5, 7, 9, 10, 13, 17, 18, 19, 20]",71,12,ordinary,9,full_coverage_and_all_discovered_cleared,122,4235.899618,0.16654350003227592
23,0,True,edge__adversarial-positive__71,edge__adversarial-positive,12,12,12,132,0.21339500000000555,12,,0,118,ring7_r1140,[],17199.880850271566,0,0.0,349.41468108333333,"[1, 2, 4, 5, 7, 9, 10, 13, 17, 18, 19, 20]",71,12,ordinary,7,full_coverage_and_all_discovered_cleared,103,4192.976173,0.2135280000511557
23,0,True,edge__adversarial-positive__71,edge__adversarial-positive,12,12,12,152,0.20858400000000188,12,,0,138,ring9_r960,[],19255.119695640595,0,0.0,393.50199483333336,"[1, 2, 4, 5, 7, 9, 10, 13, 17, 18, 19, 20]",71,12,ordinary,9,full_coverage_and_all_discovered_cleared,121,4722.023938,0.2086799159878865
23,0,True,edge__adversarial-positive__71,edge__adversarial-positive,12,12,12,193,0.20802299999999718,12,,0,179,ring13_r870,[],22115.193401190052,0,0.0,461.4198900833333,"[1, 2, 4, 5, 7, 9, 10, 13, 17, 18, 19, 20]",71,12,ordinary,13,full_coverage_and_all_discovered_cleared,159,5537.038681,0.2081569589790888
18,0,True,edge__adversarial-positive__72,edge__adversarial-positive,10,10,10,318,0.1414000000000044,10,,0,306,old_triangle19,[],39452.24510818951,0,0.0,975.3449025,"[3, 6, 10, 11, 12, 15, 16, 17, 18, 20]",72,10,ordinary,19,full_coverage_and_all_discovered_cleared,283,9753.449025,0.1415427079773508
17,0,True,edge__adversarial-positive__72,edge__adversarial-positive,10,10,10,153,0.1470949999999931,10,,0,141,peer_ring9_r1300,[],17778.281653556314,0,0.0,443.96563319999996,"[3, 6, 10, 11, 12, 15, 16, 17, 18, 20]",72,10,ordinary,9,full_coverage_and_all_discovered_cleared,129,4439.656332,0.1471812090021558
18,0,True,edge__adversarial-positive__72,edge__adversarial-positive,10,10,10,130,0.16013700000000597,10,,0,118,ring7_r1140,[],17102.446576787395,0,0.0,416.8489313,"[3, 6, 10, 11, 12, 15, 16, 17, 18, 20]",72,10,ordinary,7,full_coverage_and_all_discovered_cleared,108,4168.489313,0.16036487504607067
19,0,True,edge__adversarial-positive__72,edge__adversarial-positive,10,10,10,154,0.1747569999999996,10,,0,142,ring9_r960,[],18231.432242630992,0,0.0,453.42864470000006,"[3, 6, 10, 11, 12, 15, 16, 17, 18, 20]",72,10,ordinary,9,full_coverage_and_all_discovered_cleared,128,4534.286447,0.1749885420431383
20,0,True,edge__adversarial-positive__72,edge__adversarial-positive,10,10,10,199,0.19006000000000256,10,,0,187,ring13_r870,[],19559.46034625837,0,0.0,506.5892075,"[3, 6, 10, 11, 12, 15, 16, 17, 18, 20]",72,10,ordinary,13,full_coverage_and_all_discovered_cleared,169,5065.892075,0.1901672079693526
21,0,True,edge__adversarial-positive__73,edge__adversarial-positive,12,12,12,276,0.173372999999998,12,,0,262,old_triangle19,[],44950.57460928262,0,0.0,883.3429101666667,"[2, 4, 5, 6, 7, 8, 9, 10, 14, 15, 16, 17]",73,12,ordinary,19,full_coverage_and_all_discovered_cleared,240,10600.114922,0.17346829100279137
22,0,True,edge__adversarial-positive__73,edge__adversarial-positive,12,12,12,165,0.18658100000000388,12,,0,151,peer_ring9_r1300,[],14692.957232801607,0,0.0,324.4659536666667,"[2, 4, 5, 6, 7, 8, 9, 10, 14, 15, 16, 17]",73,12,ordinary,9,full_coverage_and_all_discovered_cleared,140,3893.591444,0.1866333750076592
20,0,True,edge__adversarial-positive__73,edge__adversarial-positive,12,12,12,141,0.17339300000000435,12,,0,127,ring7_r1140,[],15262.321526290027,0,0.0,322.12202525000004,"[2, 4, 5, 6, 7, 8, 9, 10, 14, 15, 16, 17]",73,12,ordinary,7,full_coverage_and_all_discovered_cleared,118,3865.464303,0.1734672500169836
23,0,True,edge__adversarial-positive__73,edge__adversarial-positive,12,12,12,167,0.19879000000000246,12,,0,153,ring9_r960,[],16917.50612411474,0,0.0,362.37510208333333,"[2, 4, 5, 6, 7, 8, 9, 10, 14, 15, 16, 17]",73,12,ordinary,9,full_coverage_and_all_discovered_cleared,140,4348.501225,0.19891758396988735
23,0,True,edge__adversarial-positive__73,edge__adversarial-positive,12,12,12,216,0.20255300000000886,12,,0,202,ring13_r870,[],20592.05958454338,0,0.0,447.95099325,"[2, 4, 5, 6, 7, 8, 9, 10, 14, 15, 16, 17]",73,12,ordinary,13,full_coverage_and_all_discovered_cleared,187,5375.411919,0.2026669579790905
30,0,True,edge__adversarial-positive__74,edge__adversarial-positive,16,16,16,218,0.2658100000000019,16,,0,200,old_triangle19,[],40893.10059886571,0,0.0,589.7887575,"[2, 3, 4, 5, 6, 8, 9, 11, 12, 13, 14, 15, 16, 17, 18, 20]",74,16,ordinary,13,public_upper_bound_16,178,9436.62012,0.2664171669748612
28,0,True,edge__adversarial-positive__74,edge__adversarial-positive,16,16,16,150,0.2582949999999897,16,,0,132,peer_ring9_r1300,[],20392.255478302697,0,0.0,308.528193375,"[2, 3, 4, 5, 6, 8, 9, 11, 12, 13, 14, 15, 16, 17, 18, 20]",74,16,ordinary,8,public_upper_bound_16,118,4936.451094,0.25843979098135605
29,0,True,edge__adversarial-positive__74,edge__adversarial-positive,16,16,16,138,0.25964799999999855,16,,0,120,ring7_r1140,[],22626.83453557162,0,0.0,331.960431625,"[2, 3, 4, 5, 6, 8, 9, 11, 12, 13, 14, 15, 16, 17, 18, 20]",74,16,ordinary,7,full_coverage_and_all_discovered_cleared,106,5311.366906,0.2597654160344973
33,0,True,edge__adversarial-positive__74,edge__adversarial-positive,16,16,16,155,0.30185399999999163,16,,0,137,ring9_r960,[],23959.159060868624,0,0.0,354.676987875,"[2, 3, 4, 5, 6, 8, 9, 11, 12, 13, 14, 15, 16, 17, 18, 20]",74,16,ordinary,8,public_upper_bound_16,118,5674.831806,0.3019575420184992
33,0,True,edge__adversarial-positive__74,edge__adversarial-positive,16,16,16,185,0.2988909999999976,16,,0,167,ring13_r870,[],26649.198006243358,0,0.0,399.4899750625,"[2, 3, 4, 5, 6, 8, 9, 11, 12, 13, 14, 15, 16, 17, 18, 20]",74,16,ordinary,11,public_upper_bound_16,147,6391.839601,0.29900154197821394
20,0,True,edge__adversarial-positive__75,edge__adversarial-positive,13,13,13,275,0.17228500000000224,13,,0,260,old_triangle19,[],42416.35935892435,0,0.0,775.8670671538462,"[2, 6, 10, 11, 12, 13, 14, 15, 16, 17, 18, 19, 20]",75,13,ordinary,19,full_coverage_and_all_discovered_cleared,238,10086.271873,0.17235612496733665
24,0,True,edge__adversarial-positive__75,edge__adversarial-positive,13,13,13,159,0.21301400000000115,13,,0,144,peer_ring9_r1300,[],17972.939231456035,0,0.0,346.8913726923077,"[2, 6, 10, 11, 12, 13, 14, 15, 16, 17, 18, 19, 20]",75,13,ordinary,9,full_coverage_and_all_discovered_cleared,130,4509.587845,0.21323329099686816
25,0,True,edge__adversarial-positive__75,edge__adversarial-positive,13,13,13,142,0.22275700000000143,13,,0,127,ring7_r1140,[],17634.32079003064,0,0.0,333.75878115384614,"[2, 6, 10, 11, 12, 13, 14, 15, 16, 17, 18, 19, 20]",75,13,ordinary,7,full_coverage_and_all_discovered_cleared,112,4338.864155,0.22316208301344886
26,0,True,edge__adversarial-positive__75,edge__adversarial-positive,13,13,13,162,0.23239800000000344,13,,0,147,ring9_r960,[],20848.64485148378,0,0.0,392.3637667692308,"[2, 6, 10, 11, 12, 13, 14, 15, 16, 17, 18, 19, 20]",75,13,ordinary,9,full_coverage_and_all_discovered_cleared,131,5100.728968,0.2324998749536462
26,0,True,edge__adversarial-positive__75,edge__adversarial-positive,13,13,13,206,0.24237100000000567,13,,0,191,ring13_r870,[],22816.158462919593,0,0.0,442.63320723076924,"[2, 6, 10, 11, 12, 13, 14, 15, 16, 17, 18, 19, 20]",75,13,ordinary,13,full_coverage_and_all_discovered_cleared,171,5754.231694,0.24251020897645503
21,0,True,edge__adversarial-positive__76,edge__adversarial-positive,12,12,12,262,0.17763200000000268,12,,0,248,old_triangle19,[],44141.897944758835,0,0.0,863.0316323333333,"[2, 4, 5, 7, 8, 10, 12, 13, 14, 15, 17, 18]",76,12,ordinary,19,full_coverage_and_all_discovered_cleared,228,10356.379588,0.17779154202435166
22,0,True,edge__adversarial-positive__76,edge__adversarial-positive,12,12,12,155,0.1924579999999878,12,,0,141,peer_ring9_r1300,[],17600.052007402912,0,0.0,367.8342000833333,"[2, 4, 5, 7, 8, 10, 12, 13, 14, 15, 17, 18]",76,12,ordinary,9,full_coverage_and_all_discovered_cleared,129,4414.010401,0.19254358299076557
23,0,True,edge__adversarial-positive__76,edge__adversarial-positive,12,12,12,129,0.20406099999999583,12,,0,115,ring7_r1140,[],19940.721232094125,0,0.0,393.84535366666665,"[2, 4, 5, 7, 8, 10, 12, 13, 14, 15, 17, 18]",76,12,ordinary,7,full_coverage_and_all_discovered_cleared,103,4726.144244,0.20418837503530085
23,0,True,edge__adversarial-positive__76,edge__adversarial-positive,12,12,12,157,0.20644700000001137,12,,0,143,ring9_r960,[],19985.39530053291,0,0.0,408.42325508333334,"[2, 4, 5, 7, 8, 10, 12, 13, 14, 15, 17, 18]",76,12,ordinary,9,full_coverage_and_all_discovered_cleared,129,4901.079061,0.20650704100262374
23,0,True,edge__adversarial-positive__76,edge__adversarial-positive,12,12,12,200,0.2024019999999922,12,,0,186,ring13_r870,[],22763.24588779327,0,0.0,476.054098,"[2, 4, 5, 7, 8, 10, 12, 13, 14, 15, 17, 18]",76,12,ordinary,13,full_coverage_and_all_discovered_cleared,170,5712.649176,0.20260695897741243
17,0,True,edge__adversarial-negative__67,edge__adversarial-negative,10,10,10,280,0.14369800000000055,10,,0,268,old_triangle19,[],42000.50368053897,0,0.0,1003.6100733999999,"[4, 5, 7, 8, 9, 10, 14, 15, 18, 19]",67,10,ordinary,19,full_coverage_and_all_discovered_cleared,246,10036.100734,0.14374358399072662
16,0,True,edge__adversarial-negative__67,edge__adversarial-negative,10,10,10,160,0.13777599999998813,10,,0,148,peer_ring9_r1300,[],15713.38844696935,0,0.0,407.06776890000003,"[4, 5, 7, 8, 9, 10, 14, 15, 18, 19]",67,10,ordinary,9,full_coverage_and_all_discovered_cleared,138,4070.677689,0.13790174998575822
17,0,True,edge__adversarial-negative__67,edge__adversarial-negative,10,10,10,135,0.14629200000000253,10,,0,123,ring7_r1140,[],15024.608302641716,0,0.0,378.3921661,"[4, 5, 7, 8, 9, 10, 14, 15, 18, 19]",67,10,ordinary,7,full_coverage_and_all_discovered_cleared,114,3783.921661,0.14645795902470127
20,0,True,edge__adversarial-negative__67,edge__adversarial-negative,10,10,10,162,0.17635699999999588,10,,0,150,ring9_r960,[],17979.553393872837,0,0.0,453.2910679,"[4, 5, 7, 8, 9, 10, 14, 15, 18, 19]",67,10,ordinary,9,full_coverage_and_all_discovered_cleared,137,4532.910679,0.1764171669492498
20,0,True,edge__adversarial-negative__67,edge__adversarial-negative,10,10,10,214,0.1801150000000007,10,,0,202,ring13_r870,[],20478.70109013627,0,0.0,534.2740215,"[4, 5, 7, 8, 9, 10, 14, 15, 18, 19]",67,10,ordinary,13,full_coverage_and_all_discovered_cleared,187,5342.740215,0.18019012501463294
27,0,True,edge__adversarial-negative__68,edge__adversarial-negative,15,15,15,282,0.23343500000000006,15,,0,265,old_triangle19,[],44206.751563752354,0,0.0,698.7566874666667,"[2, 4, 5, 6, 8, 9, 11, 12, 13, 14, 15, 16, 17, 19, 20]",68,15,ordinary,19,full_coverage_and_all_discovered_cleared,240,10481.350312,0.23353941598907113
25,0,True,edge__adversarial-negative__68,edge__adversarial-negative,15,15,15,158,0.22465300000000354,15,,0,141,peer_ring9_r1300,[],18780.008140250116,0,0.0,310.8667753333333,"[2, 4, 5, 6, 8, 9, 11, 12, 13, 14, 15, 16, 17, 19, 20]",68,15,ordinary,9,full_coverage_and_all_discovered_cleared,127,4663.00163,0.2248707499820739
27,0,True,edge__adversarial-negative__68,edge__adversarial-negative,15,15,15,137,0.24804499999999052,15,,0,120,ring7_r1140,[],20294.353324047162,0,0.0,322.5247108666666,"[2, 4, 5, 6, 8, 9, 11, 12, 13, 14, 15, 16, 17, 19, 20]",68,15,ordinary,7,full_coverage_and_all_discovered_cleared,104,4837.870663,0.24820454098517075
28,0,True,edge__adversarial-negative__68,edge__adversarial-negative,15,15,15,161,0.2520600000000002,15,,0,144,ring9_r960,[],21274.98955114495,0,0.0,345.133194,"[2, 4, 5, 6, 8, 9, 11, 12, 13, 14, 15, 16, 17, 19, 20]",68,15,ordinary,9,full_coverage_and_all_discovered_cleared,127,5176.99791,0.2523339170147665
32,0,True,edge__adversarial-negative__68,edge__adversarial-negative,15,15,15,205,0.29220799999998803,15,,0,188,ring13_r870,[],25003.71984115863,0,0.0,412.0495977333333,"[2, 4, 5, 6, 8, 9, 11, 12, 13, 14, 15, 16, 17, 19, 20]",68,15,ordinary,13,full_coverage_and_all_discovered_cleared,165,6180.743966,0.2923168339766562
26,0,True,edge__adversarial-negative__69,edge__adversarial-negative,15,15,15,265,0.22123200000000054,15,,0,248,old_triangle19,[],42632.36192894993,0,0.0,671.0314926,"[2, 3, 4, 5, 6, 7, 8, 9, 10, 11, 12, 13, 14, 16, 18]",69,15,ordinary,19,full_coverage_and_all_discovered_cleared,224,10065.472389,0.22136695799417794
27,0,True,edge__adversarial-negative__69,edge__adversarial-negative,15,15,15,164,0.23459299999998962,15,,0,147,peer_ring9_r1300,[],18308.46469394856,0,0.0,306.97952926666665,"[2, 3, 4, 5, 6, 7, 8, 9, 10, 11, 12, 13, 14, 16, 18]",69,15,ordinary,9,full_coverage_and_all_discovered_cleared,133,4604.692939,0.23472058400511742
30,0,True,edge__adversarial-negative__69,edge__adversarial-negative,15,15,15,146,0.26614000000000715,15,,0,129,ring7_r1140,[],19564.129481347096,0,0.0,316.32172653333333,"[2, 3, 4, 5, 6, 7, 8, 9, 10, 11, 12, 13, 14, 16, 18]",69,15,ordinary,7,full_coverage_and_all_discovered_cleared,112,4744.825898,0.26624266599537805
28,0,True,edge__adversarial-negative__69,edge__adversarial-negative,15,15,15,166,0.25111499999999864,15,,0,149,ring9_r960,[],21851.810139167897,0,0.0,354.8908018,"[2, 3, 4, 5, 6, 7, 8, 9, 10, 11, 12, 13, 14, 16, 18]",69,15,ordinary,9,full_coverage_and_all_discovered_cleared,133,5323.362027,0.25118712498806417
30,0,True,edge__adversarial-negative__69,edge__adversarial-negative,15,15,15,209,0.2720520000000022,15,,0,192,ring13_r870,[],26993.857976738884,0,0.0,440.5181063333333,"[2, 3, 4, 5, 6, 7, 8, 9, 10, 11, 12, 13, 14, 16, 18]",69,15,ordinary,13,full_coverage_and_all_discovered_cleared,174,6607.771595,0.2722000000067055
16,0,True,edge__adversarial-negative__70,edge__adversarial-negative,10,10,10,291,0.14141599999999244,10,,0,279,old_triangle19,[],40012.6186816979,0,0.0,970.6523735000001,"[2, 3, 5, 10, 11, 13, 15, 16, 19, 20]",70,10,ordinary,19,full_coverage_and_all_discovered_cleared,259,9706.523735,0.14149866701336578
19,0,True,edge__adversarial-negative__70,edge__adversarial-negative,10,10,10,165,0.17069100000000503,10,,0,153,peer_ring9_r1300,[],17840.74488456368,0,0.0,452.31489769999996,"[2, 3, 5, 10, 11, 13, 15, 16, 19, 20]",70,10,ordinary,9,full_coverage_and_all_discovered_cleared,140,4523.148977,0.17075529199792072
20,0,True,edge__adversarial-negative__70,edge__adversarial-negative,10,10,10,140,0.186758999999995,10,,0,128,ring7_r1140,[],17813.3761861217,0,0.0,436.7675239,"[2, 3, 5, 10, 11, 13, 15, 16, 19, 20]",70,10,ordinary,7,full_coverage_and_all_discovered_cleared,115,4367.675239,0.18690750002861023
20,0,True,edge__adversarial-negative__70,edge__adversarial-negative,10,10,10,165,0.17714999999999748,10,,0,153,ring9_r960,[],19087.028193293416,0,0.0,477.04056410000004,"[2, 3, 5, 10, 11, 13, 15, 16, 19, 20]",70,10,ordinary,9,full_coverage_and_all_discovered_cleared,138,4770.405641,0.17724804201861843
20,0,True,edge__adversarial-negative__70,edge__adversarial-negative,10,10,10,215,0.17623100000000136,10,,0,203,ring13_r870,[],21490.43567859263,0,0.0,554.8087138,"[2, 3, 5, 10, 11, 13, 15, 16, 19, 20]",70,10,ordinary,13,full_coverage_and_all_discovered_cleared,185,5548.087138,0.17631916695972905
20,0,True,edge__adversarial-negative__71,edge__adversarial-negative,12,12,12,294,0.16769000000000744,12,,0,280,old_triangle19,[],41782.96564089048,0,0.0,839.466094,"[1, 2, 4, 5, 7, 9, 10, 13, 17, 18, 19, 20]",71,12,ordinary,19,full_coverage_and_all_discovered_cleared,257,10073.593128,0.1677823750069365
21,0,True,edge__adversarial-negative__71,edge__adversarial-negative,12,12,12,151,0.18725600000000497,12,,0,137,peer_ring9_r1300,[],17017.16020151205,0,0.0,355.86933675,"[1, 2, 4, 5, 7, 9, 10, 13, 17, 18, 19, 20]",71,12,ordinary,9,full_coverage_and_all_discovered_cleared,122,4270.432041,0.18741045804927126
21,0,True,edge__adversarial-negative__71,edge__adversarial-negative,12,12,12,130,0.19136700000001383,12,,0,116,ring7_r1140,[],17240.45728212522,0,0.0,349.25762158333333,"[1, 2, 4, 5, 7, 9, 10, 13, 17, 18, 19, 20]",71,12,ordinary,7,full_coverage_and_all_discovered_cleared,103,4191.091459,0.19173825002508238
24,0,True,edge__adversarial-negative__71,edge__adversarial-negative,12,12,12,153,0.22941699999999798,12,,0,139,ring9_r960,[],19511.537425901653,0,0.0,398.19229049999996,"[1, 2, 4, 5, 7, 9, 10, 13, 17, 18, 19, 20]",71,12,ordinary,9,full_coverage_and_all_discovered_cleared,121,4778.307486,0.22961058298824355
24,0,True,edge__adversarial-negative__71,edge__adversarial-negative,12,12,12,194,0.2234150000000028,12,,0,180,ring13_r870,[],21981.078130901573,0,0.0,459.6013023333333,"[1, 2, 4, 5, 7, 9, 10, 13, 17, 18, 19, 20]",71,12,ordinary,13,full_coverage_and_all_discovered_cleared,159,5515.215628,0.22361604199977592
19,0,True,edge__adversarial-negative__72,edge__adversarial-negative,10,10,10,319,0.1678399999999982,10,,0,307,old_triangle19,[],39235.87001484542,0,0.0,971.5174004,"[3, 6, 10, 11, 12, 15, 16, 17, 18, 20]",72,10,ordinary,19,full_coverage_and_all_discovered_cleared,283,9715.174004,0.16797845903784037
17,0,True,edge__adversarial-negative__72,edge__adversarial-negative,10,10,10,153,0.1553260000000023,10,,0,141,peer_ring9_r1300,[],17488.860619550967,0,0.0,438.17721240000003,"[3, 6, 10, 11, 12, 15, 16, 17, 18, 20]",72,10,ordinary,9,full_coverage_and_all_discovered_cleared,129,4381.772124,0.15544862498063594
17,0,True,edge__adversarial-negative__72,edge__adversarial-negative,10,10,10,129,0.14688300000000254,10,,0,117,ring7_r1140,[],17285.495262810542,0,0.0,420.0099053,"[3, 6, 10, 11, 12, 15, 16, 17, 18, 20]",72,10,ordinary,7,full_coverage_and_all_discovered_cleared,108,4200.099053,0.14720716601004824
18,0,True,edge__adversarial-negative__72,edge__adversarial-negative,10,10,10,153,0.15536300000000836,10,,0,141,ring9_r960,[],17964.368786565876,0,0.0,447.5873756,"[3, 6, 10, 11, 12, 15, 16, 17, 18, 20]",72,10,ordinary,9,full_coverage_and_all_discovered_cleared,128,4475.873756,0.15544829203281552
19,0,True,edge__adversarial-negative__72,edge__adversarial-negative,10,10,10,198,0.16532800000000236,10,,0,186,ring13_r870,[],19573.822289147753,0,0.0,506.3764459,"[3, 6, 10, 11, 12, 15, 16, 17, 18, 20]",72,10,ordinary,13,full_coverage_and_all_discovered_cleared,169,5063.764459,0.16539220797130838
21,0,True,edge__adversarial-negative__73,edge__adversarial-negative,12,12,12,276,0.17336099999999988,12,,0,262,old_triangle19,[],44531.87159141526,0,0.0,876.3645265833334,"[2, 4, 5, 6, 7, 8, 9, 10, 14, 15, 16, 17]",73,12,ordinary,19,full_coverage_and_all_discovered_cleared,240,10516.374319,0.17344149999553338
23,0,True,edge__adversarial-negative__73,edge__adversarial-negative,12,12,12,166,0.20448899999999526,12,,0,152,peer_ring9_r1300,[],14631.392941808486,0,0.0,323.85654908333333,"[2, 4, 5, 6, 7, 8, 9, 10, 14, 15, 16, 17]",73,12,ordinary,9,full_coverage_and_all_discovered_cleared,140,3886.278589,0.2046317079802975
19,0,True,edge__adversarial-negative__73,edge__adversarial-negative,12,12,12,140,0.15880599999999845,12,,0,126,ring7_r1140,[],15350.646364066683,0,0.0,323.1774395833333,"[2, 4, 5, 6, 7, 8, 9, 10, 14, 15, 16, 17]",73,12,ordinary,7,full_coverage_and_all_discovered_cleared,118,3878.129275,0.15893425000831485
23,0,True,edge__adversarial-negative__73,edge__adversarial-negative,12,12,12,167,0.20621200000000783,12,,0,153,ring9_r960,[],17345.172992871412,0,0.0,369.5028834166667,"[2, 4, 5, 6, 7, 8, 9, 10, 14, 15, 16, 17]",73,12,ordinary,9,full_coverage_and_all_discovered_cleared,140,4434.034601,0.20629124995321035
23,0,True,edge__adversarial-negative__73,edge__adversarial-negative,12,12,12,216,0.20835300000000245,12,,0,202,ring13_r870,[],20697.40835799291,0,0.0,449.70680625,"[2, 4, 5, 6, 7, 8, 9, 10, 14, 15, 16, 17]",73,12,ordinary,13,full_coverage_and_all_discovered_cleared,187,5396.481675,0.20842412498313934
30,0,True,edge__adversarial-negative__74,edge__adversarial-negative,16,16,16,218,0.2613100000000088,16,,0,200,old_triangle19,[],40621.770209170325,0,0.0,586.3971275,"[2, 3, 4, 5, 6, 8, 9, 11, 12, 13, 14, 15, 16, 17, 18, 20]",74,16,ordinary,13,public_upper_bound_16,178,9382.35404,0.2614706250024028
28,0,True,edge__adversarial-negative__74,edge__adversarial-negative,16,16,16,150,0.24408400000000086,16,,0,132,peer_ring9_r1300,[],20518.033398820462,0,0.0,310.10041725,"[2, 3, 4, 5, 6, 8, 9, 11, 12, 13, 14, 15, 16, 17, 18, 20]",74,16,ordinary,8,public_upper_bound_16,118,4961.606676,0.24433449999196455
29,0,True,edge__adversarial-negative__74,edge__adversarial-negative,16,16,16,138,0.26198300000000074,16,,0,120,ring7_r1140,[],22714.681747659837,0,0.0,333.0585220625,"[2, 3, 4, 5, 6, 8, 9, 11, 12, 13, 14, 15, 16, 17, 18, 20]",74,16,ordinary,7,full_coverage_and_all_discovered_cleared,106,5328.936353,0.26210454100510105
33,0,True,edge__adversarial-negative__74,edge__adversarial-negative,16,16,16,155,0.3092550000000074,16,,0,137,ring9_r960,[],23367.252199521616,0,0.0,347.2781525,"[2, 3, 4, 5, 6, 8, 9, 11, 12, 13, 14, 15, 16, 17, 18, 20]",74,16,ordinary,8,public_upper_bound_16,118,5556.45044,0.30996370798675343
34,0,True,edge__adversarial-negative__74,edge__adversarial-negative,16,16,16,186,0.3188960000000094,16,,0,168,ring13_r870,[],26506.27501027959,0,0.0,398.015937625,"[2, 3, 4, 5, 6, 8, 9, 11, 12, 13, 14, 15, 16, 17, 18, 20]",74,16,ordinary,11,public_upper_bound_16,147,6368.255002,0.3190887499949895
20,0,True,edge__adversarial-negative__75,edge__adversarial-negative,13,13,13,275,0.16870099999999866,13,,0,260,old_triangle19,[],42590.361196493155,0,0.0,778.5440185384615,"[2, 6, 10, 11, 12, 13, 14, 15, 16, 17, 18, 19, 20]",75,13,ordinary,19,full_coverage_and_all_discovered_cleared,238,10121.072241,0.16880312497960404
25,0,True,edge__adversarial-negative__75,edge__adversarial-negative,13,13,13,160,0.22659400000000574,13,,0,145,peer_ring9_r1300,[],18165.339537975105,0,0.0,350.23599269230766,"[2, 6, 10, 11, 12, 13, 14, 15, 16, 17, 18, 19, 20]",75,13,ordinary,9,full_coverage_and_all_discovered_cleared,130,4553.067905,0.22667599999113008
25,0,True,edge__adversarial-negative__75,edge__adversarial-negative,13,13,13,142,0.22109000000000378,13,,0,127,ring7_r1140,[],17598.851840264968,0,0.0,333.21310523076926,"[2, 6, 10, 11, 12, 13, 14, 15, 16, 17, 18, 19, 20]",75,13,ordinary,7,full_coverage_and_all_discovered_cleared,112,4331.770368,0.2211597909918055
26,0,True,edge__adversarial-negative__75,edge__adversarial-negative,13,13,13,162,0.24272299999999802,13,,0,147,ring9_r960,[],20697.777442710383,0,0.0,390.04273,"[2, 6, 10, 11, 12, 13, 14, 15, 16, 17, 18, 19, 20]",75,13,ordinary,9,full_coverage_and_all_discovered_cleared,131,5070.55549,0.24287012498825788
28,0,True,edge__adversarial-negative__75,edge__adversarial-negative,13,13,13,208,0.2704120000000074,13,,0,193,ring13_r870,[],23464.345854509695,0,0.0,453.3745517692308,"[2, 6, 10, 11, 12, 13, 14, 15, 16, 17, 18, 19, 20]",75,13,ordinary,13,full_coverage_and_all_discovered_cleared,171,5893.869173,0.2705244160024449
20,0,True,edge__adversarial-negative__76,edge__adversarial-negative,12,12,12,261,0.17700499999999408,12,,0,247,old_triangle19,[],44337.60670111157,0,0.0,865.8767784166666,"[2, 4, 5, 7, 8, 10, 12, 13, 14, 15, 17, 18]",76,12,ordinary,19,full_coverage_and_all_discovered_cleared,228,10390.521341,0.17711437499383464
22,0,True,edge__adversarial-negative__76,edge__adversarial-negative,12,12,12,155,0.19092500000000712,12,,0,141,peer_ring9_r1300,[],18546.084134783552,0,0.0,383.60140191666665,"[2, 4, 5, 7, 8, 10, 12, 13, 14, 15, 17, 18]",76,12,ordinary,9,full_coverage_and_all_discovered_cleared,129,4603.216823,0.19105266698170453
23,0,True,edge__adversarial-negative__76,edge__adversarial-negative,12,12,12,129,0.1984729999999928,12,,0,115,ring7_r1140,[],20746.61827342027,0,0.0,407.27697116666667,"[2, 4, 5, 7, 8, 10, 12, 13, 14, 15, 17, 18]",76,12,ordinary,7,full_coverage_and_all_discovered_cleared,103,4887.323654,0.1985962909529917
24,0,True,edge__adversarial-negative__76,edge__adversarial-negative,12,12,12,158,0.21308100000000252,12,,0,144,ring9_r960,[],20938.546832627195,0,0.0,424.72578058333335,"[2, 4, 5, 7, 8, 10, 12, 13, 14, 15, 17, 18]",76,12,ordinary,9,full_coverage_and_all_discovered_cleared,129,5096.709367,0.21326324995607138
24,0,True,edge__adversarial-negative__76,edge__adversarial-negative,12,12,12,201,0.23011499999999785,12,,0,187,ring13_r870,[],23809.470612312347,0,0.0,493.9078436666667,"[2, 4, 5, 7, 8, 10, 12, 13, 14, 15, 17, 18]",76,12,ordinary,13,full_coverage_and_all_discovered_cleared,170,5926.894124,0.23035049997270107
17,0,True,edge__adversarial-spatial__67,edge__adversarial-spatial,10,10,10,280,0.144953000000001,10,,0,268,old_triangle19,[],42412.63661492528,0,0.0,1011.8527324,"[4, 5, 7, 8, 9, 10, 14, 15, 18, 19]",67,10,ordinary,19,full_coverage_and_all_discovered_cleared,246,10118.527324,0.14502100000390783
15,0,True,edge__adversarial-spatial__67,edge__adversarial-spatial,10,10,10,159,0.12886199999999803,10,,0,147,peer_ring9_r1300,[],16407.15602524838,0,0.0,420.44312049999996,"[4, 5, 7, 8, 9, 10, 14, 15, 18, 19]",67,10,ordinary,9,full_coverage_and_all_discovered_cleared,138,4204.431205,0.12889437499688938
17,0,True,edge__adversarial-spatial__67,edge__adversarial-spatial,10,10,10,135,0.14219499999998675,10,,0,123,ring7_r1140,[],15100.710863030783,0,0.0,379.9142174,"[4, 5, 7, 8, 9, 10, 14, 15, 18, 19]",67,10,ordinary,7,full_coverage_and_all_discovered_cleared,114,3799.142174,0.1422422499745153
21,0,True,edge__adversarial-spatial__67,edge__adversarial-spatial,10,10,10,163,0.1873159999999956,10,,0,151,ring9_r960,[],18124.919063063597,0,0.0,456.6983814,"[4, 5, 7, 8, 9, 10, 14, 15, 18, 19]",67,10,ordinary,9,full_coverage_and_all_discovered_cleared,137,4566.983814,0.18766487500397488
19,0,True,edge__adversarial-spatial__67,edge__adversarial-spatial,10,10,10,213,0.17934599999999534,10,,0,201,ring13_r870,[],20511.04175193229,0,0.0,534.4208348,"[4, 5, 7, 8, 9, 10, 14, 15, 18, 19]",67,10,ordinary,13,full_coverage_and_all_discovered_cleared,187,5344.208348,0.18098616698989645
27,0,True,edge__adversarial-spatial__68,edge__adversarial-spatial,15,15,15,282,0.23774500000000387,15,,0,265,old_triangle19,[],43718.67494507595,0,0.0,692.2489992,"[2, 4, 5, 6, 8, 9, 11, 12, 13, 14, 15, 16, 17, 19, 20]",68,15,ordinary,19,full_coverage_and_all_discovered_cleared,240,10383.734988,0.23797533300239593
24,0,True,edge__adversarial-spatial__68,edge__adversarial-spatial,15,15,15,157,0.21032300000000248,15,,0,140,peer_ring9_r1300,[],18914.37933190866,0,0.0,312.32505786666667,"[2, 4, 5, 6, 8, 9, 11, 12, 13, 14, 15, 16, 17, 19, 20]",68,15,ordinary,9,full_coverage_and_all_discovered_cleared,127,4684.875868,0.21052070800215006
25,0,True,edge__adversarial-spatial__68,edge__adversarial-spatial,15,15,15,135,0.22407299999998997,15,,0,118,ring7_r1140,[],20784.50941464674,0,0.0,328.3934586,"[2, 4, 5, 6, 8, 9, 11, 12, 13, 14, 15, 16, 17, 19, 20]",68,15,ordinary,7,full_coverage_and_all_discovered_cleared,104,4925.901879,0.22415824997005984
28,0,True,edge__adversarial-spatial__68,edge__adversarial-spatial,15,15,15,161,0.2470870000000076,15,,0,144,ring9_r960,[],21314.67061749289,0,0.0,345.6622748666667,"[2, 4, 5, 6, 8, 9, 11, 12, 13, 14, 15, 16, 17, 19, 20]",68,15,ordinary,9,full_coverage_and_all_discovered_cleared,127,5184.934123,0.2472607500385493
28,0,True,edge__adversarial-spatial__68,edge__adversarial-spatial,15,15,15,201,0.24756200000000206,15,,0,184,ring13_r870,[],25005.760691630167,0,0.0,410.7434758666667,"[2, 4, 5, 6, 8, 9, 11, 12, 13, 14, 15, 16, 17, 19, 20]",68,15,ordinary,13,full_coverage_and_all_discovered_cleared,165,6161.152138,0.2477118750102818
25,0,True,edge__adversarial-spatial__69,edge__adversarial-spatial,15,15,15,264,0.2115440000000035,15,,0,247,old_triangle19,[],42714.48873270243,0,0.0,671.7931831333334,"[2, 3, 4, 5, 6, 7, 8, 9, 10, 11, 12, 13, 14, 16, 18]",69,15,ordinary,19,full_coverage_and_all_discovered_cleared,224,10076.897747,0.2116028749733232
27,0,True,edge__adversarial-spatial__69,edge__adversarial-spatial,15,15,15,164,0.22769300000000214,15,,0,147,peer_ring9_r1300,[],18512.4654683547,0,0.0,309.69953960000004,"[2, 3, 4, 5, 6, 7, 8, 9, 10, 11, 12, 13, 14, 16, 18]",69,15,ordinary,9,full_coverage_and_all_discovered_cleared,133,4645.493094,0.22775149997323751
28,0,True,edge__adversarial-spatial__69,edge__adversarial-spatial,15,15,15,144,0.24624400000000435,15,,0,127,ring7_r1140,[],19701.91920395481,0,0.0,317.49225606666664,"[2, 3, 4, 5, 6, 7, 8, 9, 10, 11, 12, 13, 14, 16, 18]",69,15,ordinary,7,full_coverage_and_all_discovered_cleared,112,4762.383841,0.24639433302218094
28,0,True,edge__adversarial-spatial__69,edge__adversarial-spatial,15,15,15,166,0.24105699999999786,15,,0,149,ring9_r960,[],21960.278557422513,0,0.0,356.3370474,"[2, 3, 4, 5, 6, 7, 8, 9, 10, 11, 12, 13, 14, 16, 18]",69,15,ordinary,9,full_coverage_and_all_discovered_cleared,133,5345.055711,0.24120591703103855
28,0,True,edge__adversarial-spatial__69,edge__adversarial-spatial,15,15,15,207,0.24933200000000966,15,,0,190,ring13_r870,[],27130.615608243173,0,0.0,441.6748747333333,"[2, 3, 4, 5, 6, 7, 8, 9, 10, 11, 12, 13, 14, 16, 18]",69,15,ordinary,13,full_coverage_and_all_discovered_cleared,174,6625.123121,0.24946266697952524
15,0,True,edge__adversarial-spatial__70,edge__adversarial-spatial,10,10,10,290,0.13003899999999646,10,,0,278,old_triangle19,[],39941.50691078181,0,0.0,968.7301380000001,"[2, 3, 5, 10, 11, 13, 15, 16, 19, 20]",70,10,ordinary,19,full_coverage_and_all_discovered_cleared,259,9687.30138,0.13015362503938377
18,0,True,edge__adversarial-spatial__70,edge__adversarial-spatial,10,10,10,164,0.153033999999991,10,,0,152,peer_ring9_r1300,[],17957.93366034157,0,0.0,454.15867340000005,"[2, 3, 5, 10, 11, 13, 15, 16, 19, 20]",70,10,ordinary,9,full_coverage_and_all_discovered_cleared,140,4541.586734,0.15314850001595914
19,0,True,edge__adversarial-spatial__70,edge__adversarial-spatial,10,10,10,139,0.17572400000000243,10,,0,127,ring7_r1140,[],17729.162203339674,0,0.0,434.58324409999994,"[2, 3, 5, 10, 11, 13, 15, 16, 19, 20]",70,10,ordinary,7,full_coverage_and_all_discovered_cleared,115,4345.832441,0.1758465840248391
20,0,True,edge__adversarial-spatial__70,edge__adversarial-spatial,10,10,10,165,0.17552200000000084,10,,0,153,ring9_r960,[],19394.310776202376,0,0.0,483.18621569999993,"[2, 3, 5, 10, 11, 13, 15, 16, 19, 20]",70,10,ordinary,9,full_coverage_and_all_discovered_cleared,138,4831.862157,0.17590041598305106
20,0,True,edge__adversarial-spatial__70,edge__adversarial-spatial,10,10,10,215,0.18122999999999934,10,,0,203,ring13_r870,[],21468.848407822876,0,0.0,554.3769681,"[2, 3, 5, 10, 11, 13, 15, 16, 19, 20]",70,10,ordinary,13,full_coverage_and_all_discovered_cleared,185,5543.769681,0.18137162498896942
19,0,True,edge__adversarial-spatial__71,edge__adversarial-spatial,12,12,12,293,0.15884999999998684,12,,0,279,old_triangle19,[],41600.284695205904,0,0.0,836.0047450833334,"[1, 2, 4, 5, 7, 9, 10, 13, 17, 18, 19, 20]",71,12,ordinary,19,full_coverage_and_all_discovered_cleared,257,10032.056941,0.15893412503646687
20,0,True,edge__adversarial-spatial__71,edge__adversarial-spatial,12,12,12,150,0.17466399999999282,12,,0,136,peer_ring9_r1300,[],17023.9289014413,0,0.0,355.5654818333333,"[1, 2, 4, 5, 7, 9, 10, 13, 17, 18, 19, 20]",71,12,ordinary,9,full_coverage_and_all_discovered_cleared,122,4266.785782,0.17475041601574048
22,0,True,edge__adversarial-spatial__71,edge__adversarial-spatial,12,12,12,131,0.1993229999999926,12,,0,117,ring7_r1140,[],17218.406711686777,0,0.0,349.3067786666666,"[1, 2, 4, 5, 7, 9, 10, 13, 17, 18, 19, 20]",71,12,ordinary,7,full_coverage_and_all_discovered_cleared,103,4191.681344,0.19943433295702562
23,0,True,edge__adversarial-spatial__71,edge__adversarial-spatial,12,12,12,152,0.2182340000000096,12,,0,138,ring9_r960,[],19550.998947369953,0,0.0,398.43331575,"[1, 2, 4, 5, 7, 9, 10, 13, 17, 18, 19, 20]",71,12,ordinary,9,full_coverage_and_all_discovered_cleared,121,4781.199789,0.218424542050343
23,0,True,edge__adversarial-spatial__71,edge__adversarial-spatial,12,12,12,193,0.21403300000000058,12,,0,179,ring13_r870,[],22562.875392434988,0,0.0,468.8812566666666,"[1, 2, 4, 5, 7, 9, 10, 13, 17, 18, 19, 20]",71,12,ordinary,13,full_coverage_and_all_discovered_cleared,159,5626.57508,0.2142303339787759
17,0,True,edge__adversarial-spatial__72,edge__adversarial-spatial,10,10,10,317,0.13414799999999616,10,,0,305,old_triangle19,[],40005.91159078039,0,0.0,985.9182318,"[3, 6, 10, 11, 12, 15, 16, 17, 18, 20]",72,10,ordinary,19,full_coverage_and_all_discovered_cleared,283,9859.182318,0.13422716601053253
16,0,True,edge__adversarial-spatial__72,edge__adversarial-spatial,10,10,10,152,0.14015399999999545,10,,0,140,peer_ring9_r1300,[],17781.88445881585,0,0.0,443.5376894,"[3, 6, 10, 11, 12, 15, 16, 17, 18, 20]",72,10,ordinary,9,full_coverage_and_all_discovered_cleared,129,4435.376894,0.14019604097120464
17,0,True,edge__adversarial-spatial__72,edge__adversarial-spatial,10,10,10,129,0.14163800000000037,10,,0,117,ring7_r1140,[],17244.596432393082,0,0.0,419.19192830000003,"[3, 6, 10, 11, 12, 15, 16, 17, 18, 20]",72,10,ordinary,7,full_coverage_and_all_discovered_cleared,108,4191.919283,0.14170191704761237
18,0,True,edge__adversarial-spatial__72,edge__adversarial-spatial,10,10,10,153,0.15785999999999945,10,,0,141,ring9_r960,[],17983.572211520634,0,0.0,447.97144420000006,"[3, 6, 10, 11, 12, 15, 16, 17, 18, 20]",72,10,ordinary,9,full_coverage_and_all_discovered_cleared,128,4479.714442,0.15791800001170486
17,0,True,edge__adversarial-spatial__72,edge__adversarial-spatial,10,10,10,196,0.15790300000000457,10,,0,184,ring13_r870,[],19568.616054444912,0,0.0,505.27232160000005,"[3, 6, 10, 11, 12, 15, 16, 17, 18, 20]",72,10,ordinary,13,full_coverage_and_all_discovered_cleared,169,5052.723216,0.15799954102840275
20,0,True,edge__adversarial-spatial__73,edge__adversarial-spatial,12,12,12,275,0.16787000000000774,12,,0,261,old_triangle19,[],45153.529757451935,0,0.0,886.3088291666667,"[2, 4, 5, 6, 7, 8, 9, 10, 14, 15, 16, 17]",73,12,ordinary,19,full_coverage_and_all_discovered_cleared,240,10635.70595,0.16829833399970084
21,0,True,edge__adversarial-spatial__73,edge__adversarial-spatial,12,12,12,164,0.1831459999999936,12,,0,150,peer_ring9_r1300,[],14829.343629552242,0,0.0,326.32239350000003,"[2, 4, 5, 6, 7, 8, 9, 10, 14, 15, 16, 17]",73,12,ordinary,9,full_coverage_and_all_discovered_cleared,140,3915.868722,0.18334408395458013
19,0,True,edge__adversarial-spatial__73,edge__adversarial-spatial,12,12,12,140,0.16008799999998757,12,,0,126,ring7_r1140,[],15211.409809825886,0,0.0,320.85683016666667,"[2, 4, 5, 6, 7, 8, 9, 10, 14, 15, 16, 17]",73,12,ordinary,7,full_coverage_and_all_discovered_cleared,118,3850.281962,0.16017654101597145
22,0,True,edge__adversarial-spatial__73,edge__adversarial-spatial,12,12,12,166,0.19540000000000646,12,,0,152,ring9_r960,[],16952.250418064978,0,0.0,362.53750691666664,"[2, 4, 5, 6, 7, 8, 9, 10, 14, 15, 16, 17]",73,12,ordinary,9,full_coverage_and_all_discovered_cleared,140,4350.450083,0.20298845798242837
23,0,True,edge__adversarial-spatial__73,edge__adversarial-spatial,12,12,12,216,0.20462100000000305,12,,0,202,ring13_r870,[],20729.445794941596,0,0.0,450.2407630833333,"[2, 4, 5, 6, 7, 8, 9, 10, 14, 15, 16, 17]",73,12,ordinary,13,full_coverage_and_all_discovered_cleared,187,5402.889157,0.20473562501138076
28,0,True,edge__adversarial-spatial__74,edge__adversarial-spatial,16,16,16,216,0.23818700000001058,16,,0,198,old_triangle19,[],40661.65943210031,0,0.0,586.2707428125,"[2, 3, 4, 5, 6, 8, 9, 11, 12, 13, 14, 15, 16, 17, 18, 20]",74,16,ordinary,13,public_upper_bound_16,178,9380.331885,0.23836504097562283
25,0,True,edge__adversarial-spatial__74,edge__adversarial-spatial,16,16,16,147,0.21269900000000064,16,,0,129,peer_ring9_r1300,[],20392.801850396114,0,0.0,307.597523,"[2, 3, 4, 5, 6, 8, 9, 11, 12, 13, 14, 15, 16, 17, 18, 20]",74,16,ordinary,8,public_upper_bound_16,118,4921.560368,0.21284433302935213
28,0,True,edge__adversarial-spatial__74,edge__adversarial-spatial,16,16,16,137,0.2489670000000075,16,,0,119,ring7_r1140,[],22729.941073189017,0,0.0,332.93676325,"[2, 3, 4, 5, 6, 8, 9, 11, 12, 13, 14, 15, 16, 17, 18, 20]",74,16,ordinary,7,full_coverage_and_all_discovered_cleared,106,5326.988212,0.24910841701785102
32,0,True,edge__adversarial-spatial__74,edge__adversarial-spatial,16,16,16,154,0.27935099999999125,16,,0,136,ring9_r960,[],23577.756561727423,0,0.0,349.596957,"[2, 3, 4, 5, 6, 8, 9, 11, 12, 13, 14, 15, 16, 17, 18, 20]",74,16,ordinary,8,public_upper_bound_16,118,5593.551312,0.27945087500847876
32,0,True,edge__adversarial-spatial__74,edge__adversarial-spatial,16,16,16,184,0.27828999999999837,16,,0,166,ring13_r870,[],27007.432119894303,0,0.0,403.655401375,"[2, 3, 4, 5, 6, 8, 9, 11, 12, 13, 14, 15, 16, 17, 18, 20]",74,16,ordinary,11,public_upper_bound_16,147,6458.486422,0.27848516596714035
20,0,True,edge__adversarial-spatial__75,edge__adversarial-spatial,13,13,13,275,0.1706739999999911,13,,0,260,old_triangle19,[],42723.77454345945,0,0.0,780.5965315384615,"[2, 6, 10, 11, 12, 13, 14, 15, 16, 17, 18, 19, 20]",75,13,ordinary,19,full_coverage_and_all_discovered_cleared,238,10147.75491,0.1707847910001874
24,0,True,edge__adversarial-spatial__75,edge__adversarial-spatial,13,13,13,159,0.20313200000001075,13,,0,144,peer_ring9_r1300,[],18372.084134764795,0,0.0,353.03206361538463,"[2, 6, 10, 11, 12, 13, 14, 15, 16, 17, 18, 19, 20]",75,13,ordinary,9,full_coverage_and_all_discovered_cleared,130,4589.416827,0.20322337496327236
25,0,True,edge__adversarial-spatial__75,edge__adversarial-spatial,13,13,13,142,0.22239700000000084,13,,0,127,ring7_r1140,[],17877.975214934544,0,0.0,337.50731107692303,"[2, 6, 10, 11, 12, 13, 14, 15, 16, 17, 18, 19, 20]",75,13,ordinary,7,full_coverage_and_all_discovered_cleared,112,4387.595044,0.22247533401241526
26,0,True,edge__adversarial-spatial__75,edge__adversarial-spatial,13,13,13,162,0.24443899999999985,13,,0,147,ring9_r960,[],21152.33219472234,0,0.0,397.03587946153846,"[2, 6, 10, 11, 12, 13, 14, 15, 16, 17, 18, 19, 20]",75,13,ordinary,9,full_coverage_and_all_discovered_cleared,131,5161.466433,0.2471965000149794
26,0,True,edge__adversarial-spatial__75,edge__adversarial-spatial,13,13,13,206,0.23869299999999782,13,,0,191,ring13_r870,[],23635.52946101843,0,0.0,455.23891492307695,"[2, 6, 10, 11, 12, 13, 14, 15, 16, 17, 18, 19, 20]",75,13,ordinary,13,full_coverage_and_all_discovered_cleared,171,5918.105894,0.23889941698871553
20,0,True,edge__adversarial-spatial__76,edge__adversarial-spatial,12,12,12,261,0.17337500000000716,12,,0,247,old_triangle19,[],43831.12058174625,0,0.0,857.4353430833334,"[2, 4, 5, 7, 8, 10, 12, 13, 14, 15, 17, 18]",76,12,ordinary,19,full_coverage_and_all_discovered_cleared,228,10289.224117,0.1735034579760395
22,0,True,edge__adversarial-spatial__76,edge__adversarial-spatial,12,12,12,155,0.1889539999999954,12,,0,141,peer_ring9_r1300,[],18051.146495492383,0,0.0,375.35244183333333,"[2, 4, 5, 7, 8, 10, 12, 13, 14, 15, 17, 18]",76,12,ordinary,9,full_coverage_and_all_discovered_cleared,129,4504.229302,0.18905775004532188
21,0,True,edge__adversarial-spatial__76,edge__adversarial-spatial,12,12,12,127,0.18078300000000525,12,,0,113,ring7_r1140,[],20368.78865462829,0,0.0,400.1464773333333,"[2, 4, 5, 7, 8, 10, 12, 13, 14, 15, 17, 18]",76,12,ordinary,7,full_coverage_and_all_discovered_cleared,103,4801.757728,0.18089591700118035
23,0,True,edge__adversarial-spatial__76,edge__adversarial-spatial,12,12,12,157,0.20639799999999298,12,,0,143,ring9_r960,[],20375.35309287194,0,0.0,414.9225516666667,"[2, 4, 5, 7, 8, 10, 12, 13, 14, 15, 17, 18]",76,12,ordinary,9,full_coverage_and_all_discovered_cleared,129,4979.07062,0.2067151250084862
22,0,True,edge__adversarial-spatial__76,edge__adversarial-spatial,12,12,12,199,0.19957899999999995,12,,0,185,ring13_r870,[],23249.924564264846,0,0.0,483.74874275,"[2, 4, 5, 7, 8, 10, 12, 13, 14, 15, 17, 18]",76,12,ordinary,13,full_coverage_and_all_discovered_cleared,170,5804.984913,0.2005155420047231
19,0,True,clustered__iid__67,clustered__iid,10,10,10,255,0.15142199999999661,10,,0,243,old_triangle19,[],41214.69494085889,0,0.0,972.5938988,"[4, 5, 7, 8, 9, 10, 14, 15, 18, 19]",67,10,ordinary,19,full_coverage_and_all_discovered_cleared,218,9725.938988,0.15166412497637793
20,0,True,clustered__iid__67,clustered__iid,10,10,10,138,0.16587599999999725,10,,0,126,peer_ring9_r1300,[],17531.745660790853,0,0.0,429.5349134,"[4, 5, 7, 8, 9, 10, 14, 15, 18, 19]",67,10,ordinary,9,full_coverage_and_all_discovered_cleared,109,4295.349134,0.1659963330021128
19,0,True,clustered__iid__67,clustered__iid,10,10,10,117,0.16806099999999446,10,,0,105,ring7_r1140,[],15949.545138123573,0,0.0,385.5909029,"[4, 5, 7, 8, 9, 10, 14, 15, 18, 19]",67,10,ordinary,7,full_coverage_and_all_discovered_cleared,91,3855.909029,0.18696612498024479
20,0,True,clustered__iid__67,clustered__iid,10,10,10,138,0.16598600000000374,10,,0,126,ring9_r960,[],16467.275564123745,0,0.0,408.2455113,"[4, 5, 7, 8, 9, 10, 14, 15, 18, 19]",67,10,ordinary,9,full_coverage_and_all_discovered_cleared,109,4082.455113,0.16629625001223758
20,0,True,clustered__iid__67,clustered__iid,10,10,10,178,0.17174700000001053,10,,0,166,ring13_r870,[],17123.891458943435,0,0.0,444.97782960000006,"[4, 5, 7, 8, 9, 10, 14, 15, 18, 19]",67,10,ordinary,13,full_coverage_and_all_discovered_cleared,145,4449.778296,0.17210491601144895
25,0,True,clustered__iid__68,clustered__iid,15,15,15,194,0.19209900000001312,15,,0,177,old_triangle19,[],43892.122689474156,0,0.0,659.2949692,"[2, 4, 5, 6, 8, 9, 11, 12, 13, 14, 15, 16, 17, 19, 20]",68,15,ordinary,19,full_coverage_and_all_discovered_cleared,151,9889.424538,0.19228441698942333
21,0,True,clustered__iid__68,clustered__iid,15,15,15,159,0.17007300000000214,15,,0,142,peer_ring9_r1300,[],16945.60296611555,0,0.0,286.94137293333335,"[2, 4, 5, 6, 8, 9, 11, 12, 13, 14, 15, 16, 17, 19, 20]",68,15,ordinary,9,full_coverage_and_all_discovered_cleared,130,4304.120594,0.17024808295536786
25,0,True,clustered__iid__68,clustered__iid,15,15,15,137,0.20594799999999225,15,,0,120,ring7_r1140,[],17263.752065312518,0,0.0,282.18336086666665,"[2, 4, 5, 6, 8, 9, 11, 12, 13, 14, 15, 16, 17, 19, 20]",68,15,ordinary,7,full_coverage_and_all_discovered_cleared,105,4232.750413,0.2064593339455314
26,0,True,clustered__iid__68,clustered__iid,15,15,15,156,0.20677899999999738,15,,0,139,ring9_r960,[],19882.71850688181,0,0.0,324.5695802,"[2, 4, 5, 6, 8, 9, 11, 12, 13, 14, 15, 16, 17, 19, 20]",68,15,ordinary,9,full_coverage_and_all_discovered_cleared,122,4868.543703,0.20762154198018834
26,0,True,clustered__iid__68,clustered__iid,15,15,15,196,0.21380999999999517,15,,0,179,ring13_r870,[],21709.18245209629,0,0.0,364.72243266666663,"[2, 4, 5, 6, 8, 9, 11, 12, 13, 14, 15, 16, 17, 19, 20]",68,15,ordinary,13,full_coverage_and_all_discovered_cleared,159,5470.83649,0.21457304095383734
30,0,True,clustered__iid__69,clustered__iid,15,15,15,175,0.2380409999999955,15,,0,158,old_triangle19,[],44119.6686522493,0,0.0,654.3289151333333,"[2, 3, 4, 5, 6, 7, 8, 9, 10, 11, 12, 13, 14, 16, 18]",69,15,ordinary,19,full_coverage_and_all_discovered_cleared,126,9814.933727,0.2387647500145249
29,0,True,clustered__iid__69,clustered__iid,15,15,15,116,0.22921700000000556,15,,0,99,peer_ring9_r1300,[],22247.468171282133,0,0.0,339.89957553333335,"[2, 3, 4, 5, 6, 7, 8, 9, 10, 11, 12, 13, 14, 16, 18]",69,15,ordinary,9,full_coverage_and_all_discovered_cleared,79,5098.493633,0.22995733399875462
28,0,True,clustered__iid__69,clustered__iid,15,15,15,104,0.22293000000000518,15,,0,87,ring7_r1140,[],20955.717193084674,0,0.0,318.0095624,"[2, 3, 4, 5, 6, 7, 8, 9, 10, 11, 12, 13, 14, 16, 18]",69,15,ordinary,7,full_coverage_and_all_discovered_cleared,69,4770.143436,0.22370837500784546
30,0,True,clustered__iid__69,clustered__iid,15,15,15,117,0.2379140000000035,15,,0,100,ring9_r960,[],20966.661844444094,0,0.0,323.1554910666666,"[2, 3, 4, 5, 6, 7, 8, 9, 10, 11, 12, 13, 14, 16, 18]",69,15,ordinary,9,full_coverage_and_all_discovered_cleared,79,4847.332366,0.23849850002443418
30,0,True,clustered__iid__69,clustered__iid,15,15,15,140,0.2383740000000074,15,,0,123,ring13_r870,[],21420.04101882658,0,0.0,338.13388026666667,"[2, 3, 4, 5, 6, 7, 8, 9, 10, 11, 12, 13, 14, 16, 18]",69,15,ordinary,13,full_coverage_and_all_discovered_cleared,98,5072.008204,0.23911445902194828
18,0,True,clustered__iid__70,clustered__iid,10,10,10,248,0.1499730000000028,10,,0,236,old_triangle19,[],43241.76913925848,0,0.0,1008.9353828,"[2, 3, 5, 10, 11, 13, 15, 16, 19, 20]",70,10,ordinary,19,full_coverage_and_all_discovered_cleared,211,10089.353828,0.15098337503150105
19,0,True,clustered__iid__70,clustered__iid,10,10,10,144,0.1520969999999977,10,,0,132,peer_ring9_r1300,[],18506.95903610009,0,0.0,452.8391808,"[2, 3, 5, 10, 11, 13, 15, 16, 19, 20]",70,10,ordinary,9,full_coverage_and_all_discovered_cleared,117,4528.391808,0.1524396250024438
17,0,True,clustered__iid__70,clustered__iid,10,10,10,121,0.1418209999999931,10,,0,109,ring7_r1140,[],16896.336456508714,0,0.0,407.12672910000003,"[2, 3, 5, 10, 11, 13, 15, 16, 19, 20]",70,10,ordinary,7,full_coverage_and_all_discovered_cleared,97,4071.267291,0.14218120800796896
18,0,True,clustered__iid__70,clustered__iid,10,10,10,143,0.1597679999999997,10,,0,131,ring9_r960,[],16854.08078229556,0,0.0,419.2816156,"[2, 3, 5, 10, 11, 13, 15, 16, 19, 20]",70,10,ordinary,9,full_coverage_and_all_discovered_cleared,117,4192.816156,0.17558008298510686
18,0,True,clustered__iid__70,clustered__iid,10,10,10,188,0.1537220000000019,10,,0,176,ring13_r870,[],16192.290210082456,0,0.0,432.5458043,"[2, 3, 5, 10, 11, 13, 15, 16, 19, 20]",70,10,ordinary,13,full_coverage_and_all_discovered_cleared,157,4325.458043,0.15461595903616399
20,0,True,clustered__iid__71,clustered__iid,12,12,12,265,0.16369500000000414,12,,0,251,old_triangle19,[],42671.39568489592,0,0.0,839.6899280833333,"[1, 2, 4, 5, 7, 9, 10, 13, 17, 18, 19, 20]",71,12,ordinary,19,full_coverage_and_all_discovered_cleared,227,10076.279137,0.16588474996387959
20,0,True,clustered__iid__71,clustered__iid,12,12,12,143,0.15665099999999654,12,,0,129,peer_ring9_r1300,[],18931.813563459877,0,0.0,383.7802260833334,"[1, 2, 4, 5, 7, 9, 10, 13, 17, 18, 19, 20]",71,12,ordinary,9,full_coverage_and_all_discovered_cleared,114,4605.362713,0.15685650001978502
21,0,True,clustered__iid__71,clustered__iid,12,12,12,123,0.1722170000000034,12,,0,109,ring7_r1140,[],17958.685592463436,0,0.0,357.72809325000003,"[1, 2, 4, 5, 7, 9, 10, 13, 17, 18, 19, 20]",71,12,ordinary,7,full_coverage_and_all_discovered_cleared,96,4292.737119,0.17256570799509063
20,0,True,clustered__iid__71,clustered__iid,12,12,12,136,0.166640000000001,12,,0,122,ring9_r960,[],18257.930161426877,0,0.0,369.048836,"[1, 2, 4, 5, 7, 9, 10, 13, 17, 18, 19, 20]",71,12,ordinary,9,full_coverage_and_all_discovered_cleared,107,4428.586032,0.16731908300425857
22,0,True,clustered__iid__71,clustered__iid,12,12,12,174,0.18133399999999256,12,,0,160,ring13_r870,[],18924.76546396539,0,0.0,398.66275791666664,"[1, 2, 4, 5, 7, 9, 10, 13, 17, 18, 19, 20]",71,12,ordinary,13,full_coverage_and_all_discovered_cleared,139,4783.953095,0.18197024997789413
18,0,True,clustered__iid__72,clustered__iid,10,10,10,244,0.1587690000000066,10,,0,232,old_triangle19,[],39571.88661142082,0,0.0,933.1377323,"[3, 6, 10, 11, 12, 15, 16, 17, 18, 20]",72,10,ordinary,19,full_coverage_and_all_discovered_cleared,207,9331.377323,0.15950620803050697
17,0,True,clustered__iid__72,clustered__iid,10,10,10,174,0.15726899999999944,10,,0,162,peer_ring9_r1300,[],16092.437999426334,0,0.0,422.64876000000004,"[3, 6, 10, 11, 12, 15, 16, 17, 18, 20]",72,10,ordinary,9,full_coverage_and_all_discovered_cleared,148,4226.4876,0.15785449999384582
20,0,True,clustered__iid__72,clustered__iid,10,10,10,148,0.17881300000000522,10,,0,136,ring7_r1140,[],16111.03071680049,0,0.0,407.5206143,"[3, 6, 10, 11, 12, 15, 16, 17, 18, 20]",72,10,ordinary,7,full_coverage_and_all_discovered_cleared,123,4075.206143,0.17955208400962874
19,0,True,clustered__iid__72,clustered__iid,10,10,10,174,0.1685900000000089,10,,0,162,ring9_r960,[],17780.840998956795,0,0.0,456.31682,"[3, 6, 10, 11, 12, 15, 16, 17, 18, 20]",72,10,ordinary,9,full_coverage_and_all_discovered_cleared,147,4563.1682,0.16909370897337794
21,0,True,clustered__iid__72,clustered__iid,10,10,10,231,0.19106000000000734,10,,0,219,ring13_r870,[],20449.658958079373,0,0.0,543.3931795000001,"[3, 6, 10, 11, 12, 15, 16, 17, 18, 20]",72,10,ordinary,13,full_coverage_and_all_discovered_cleared,199,5433.931795,0.19222562498180196
18,0,True,clustered__iid__73,clustered__iid,12,12,12,196,0.14542700000001219,12,,0,182,old_triangle19,[],38660.76246331219,0,0.0,738.34604125,"[2, 4, 5, 6, 7, 8, 9, 10, 14, 15, 16, 17]",73,12,ordinary,19,full_coverage_and_all_discovered_cleared,158,8860.152495,0.1466468750149943
18,0,True,clustered__iid__73,clustered__iid,12,12,12,116,0.14229600000000175,12,,0,102,peer_ring9_r1300,[],17147.546397812093,0,0.0,340.62577358333334,"[2, 4, 5, 6, 7, 8, 9, 10, 14, 15, 16, 17]",73,12,ordinary,9,full_coverage_and_all_discovered_cleared,88,4087.509283,0.14338087500073016
18,0,True,clustered__iid__73,clustered__iid,12,12,12,100,0.13516099999999653,12,,0,86,ring7_r1140,[],15749.89099797307,0,0.0,309.4981835,"[2, 4, 5, 6, 7, 8, 9, 10, 14, 15, 16, 17]",73,12,ordinary,7,full_coverage_and_all_discovered_cleared,74,3713.978202,0.13549525005510077
18,0,True,clustered__iid__73,clustered__iid,12,12,12,116,0.14358400000000415,12,,0,102,ring9_r960,[],15051.429679125422,0,0.0,305.69049483333333,"[2, 4, 5, 6, 7, 8, 9, 10, 14, 15, 16, 17]",73,12,ordinary,9,full_coverage_and_all_discovered_cleared,88,3668.285938,0.15111712494399399
18,0,True,clustered__iid__73,clustered__iid,12,12,12,148,0.1364370000000008,12,,0,134,ring13_r870,[],14795.038151097457,0,0.0,317.08396966666663,"[2, 4, 5, 6, 7, 8, 9, 10, 14, 15, 16, 17]",73,12,ordinary,13,full_coverage_and_all_discovered_cleared,116,3805.007636,0.13667499995790422
24,0,True,clustered__iid__74,clustered__iid,16,16,16,71,0.17582799999999565,16,,0,53,old_triangle19,[],15012.123906321247,0,0.0,211.9640490625,"[2, 3, 4, 5, 6, 8, 9, 11, 12, 13, 14, 15, 16, 17, 18, 20]",74,16,ordinary,2,public_upper_bound_16,44,3391.424785,0.17613233299925923
25,0,True,clustered__iid__74,clustered__iid,16,16,16,116,0.19848000000000354,16,,0,98,peer_ring9_r1300,[],18445.148433304374,0,0.0,271.4393556875,"[2, 3, 4, 5, 6, 8, 9, 11, 12, 13, 14, 15, 16, 17, 18, 20]",74,16,ordinary,7,public_upper_bound_16,84,4343.029691,0.19904083403525874
26,0,True,clustered__iid__74,clustered__iid,16,16,16,108,0.22012200000000348,16,,0,90,ring7_r1140,[],18263.98395602017,0,0.0,266.174799625,"[2, 3, 4, 5, 6, 8, 9, 11, 12, 13, 14, 15, 16, 17, 18, 20]",74,16,ordinary,6,public_upper_bound_16,76,4258.796794,0.22740312496898696
24,0,True,clustered__iid__74,clustered__iid,16,16,16,115,0.18903000000000247,16,,0,97,ring9_r960,[],17690.54706829593,0,0.0,261.6943384375,"[2, 3, 4, 5, 6, 8, 9, 11, 12, 13, 14, 15, 16, 17, 18, 20]",74,16,ordinary,7,public_upper_bound_16,84,4187.109415,0.18982320901704952
27,0,True,clustered__iid__74,clustered__iid,16,16,16,136,0.20828399999999192,16,,0,118,ring13_r870,[],17877.17369836908,0,0.0,271.5896715,"[2, 3, 4, 5, 6, 8, 9, 11, 12, 13, 14, 15, 16, 17, 18, 20]",74,16,ordinary,9,public_upper_bound_16,100,4345.434744,0.2091184169985354
25,0,True,clustered__iid__75,clustered__iid,13,13,13,225,0.2093800000000101,13,,0,210,old_triangle19,[],47888.568036165256,0,0.0,836.5933543846154,"[2, 6, 10, 11, 12, 13, 14, 15, 16, 17, 18, 19, 20]",75,13,ordinary,19,full_coverage_and_all_discovered_cleared,183,10875.713607,0.21518333296990022
20,0,True,clustered__iid__75,clustered__iid,13,13,13,161,0.18551300000000026,13,,0,146,peer_ring9_r1300,[],18775.092595996346,0,0.0,360.462963,"[2, 6, 10, 11, 12, 13, 14, 15, 16, 17, 18, 19, 20]",75,13,ordinary,9,full_coverage_and_all_discovered_cleared,136,4686.018519,0.19288416695781052
21,0,True,clustered__iid__75,clustered__iid,13,13,13,140,0.17637500000000728,13,,0,125,ring7_r1140,[],18284.48449950083,0,0.0,343.0689923846154,"[2, 6, 10, 11, 12, 13, 14, 15, 16, 17, 18, 19, 20]",75,13,ordinary,7,full_coverage_and_all_discovered_cleared,113,4459.896901,0.17771770799299702
25,0,True,clustered__iid__75,clustered__iid,13,13,13,164,0.22079699999999036,13,,0,149,ring9_r960,[],21013.67494748757,0,0.0,395.82576838461534,"[2, 6, 10, 11, 12, 13, 14, 15, 16, 17, 18, 19, 20]",75,13,ordinary,9,full_coverage_and_all_discovered_cleared,133,5145.734989,0.2219084589742124
26,0,True,clustered__iid__75,clustered__iid,13,13,13,211,0.22267700000000445,13,,0,196,ring13_r870,[],23413.288401239413,0,0.0,453.9736676923077,"[2, 6, 10, 11, 12, 13, 14, 15, 16, 17, 18, 19, 20]",75,13,ordinary,13,full_coverage_and_all_discovered_cleared,174,5901.65768,0.22564820799743757
20,0,True,clustered__iid__76,clustered__iid,12,12,12,230,0.14840699999999174,12,,0,216,old_triangle19,[],41103.02450813413,0,0.0,796.0504084999999,"[2, 4, 5, 7, 8, 10, 12, 13, 14, 15, 17, 18]",76,12,ordinary,19,full_coverage_and_all_discovered_cleared,192,9552.604902,0.14956758404150605
20,0,True,clustered__iid__76,clustered__iid,12,12,12,121,0.15200299999999345,12,,0,107,peer_ring9_r1300,[],17383.7496781643,0,0.0,346.9791615,"[2, 4, 5, 7, 8, 10, 12, 13, 14, 15, 17, 18]",76,12,ordinary,9,full_coverage_and_all_discovered_cleared,92,4163.749938,0.1525516670080833
20,0,True,clustered__iid__76,clustered__iid,12,12,12,105,0.15090899999999863,12,,0,91,ring7_r1140,[],16606.512411026706,0,0.0,326.19187366666665,"[2, 4, 5, 7, 8, 10, 12, 13, 14, 15, 17, 18]",76,12,ordinary,7,full_coverage_and_all_discovered_cleared,78,3914.302484,0.15163170802406967
20,0,True,clustered__iid__76,clustered__iid,12,12,12,121,0.15356699999999535,12,,0,107,ring9_r960,[],15113.74111869719,0,0.0,309.14568533333335,"[2, 4, 5, 7, 8, 10, 12, 13, 14, 15, 17, 18]",76,12,ordinary,9,full_coverage_and_all_discovered_cleared,92,3709.748224,0.15405562502564862
20,0,True,clustered__iid__76,clustered__iid,12,12,12,153,0.15574300000000108,12,,0,139,ring13_r870,[],15282.425984945448,0,0.0,327.62376658333335,"[2, 4, 5, 7, 8, 10, 12, 13, 14, 15, 17, 18]",76,12,ordinary,13,full_coverage_and_all_discovered_cleared,120,3931.485199,0.15655625000363216
19,0,True,clustered__smooth__67,clustered__smooth,10,10,10,255,0.15765700000000038,10,,0,243,old_triangle19,[],41391.40769479783,0,0.0,976.1281541000001,"[4, 5, 7, 8, 9, 10, 14, 15, 18, 19]",67,10,ordinary,19,full_coverage_and_all_discovered_cleared,218,9761.281541,0.15855979098705575
20,0,True,clustered__smooth__67,clustered__smooth,10,10,10,138,0.16810900000000117,10,,0,126,peer_ring9_r1300,[],17787.472040044086,0,0.0,434.6494408,"[4, 5, 7, 8, 9, 10, 14, 15, 18, 19]",67,10,ordinary,9,full_coverage_and_all_discovered_cleared,109,4346.494408,0.16902525001205504
19,0,True,clustered__smooth__67,clustered__smooth,10,10,10,117,0.16219699999999193,10,,0,105,ring7_r1140,[],16554.55014292913,0,0.0,397.6910028,"[4, 5, 7, 8, 9, 10, 14, 15, 18, 19]",67,10,ordinary,7,full_coverage_and_all_discovered_cleared,91,3976.910028,0.16300745797343552
20,0,True,clustered__smooth__67,clustered__smooth,10,10,10,138,0.17541299999999183,10,,0,126,ring9_r960,[],16677.437306145224,0,0.0,412.4487462,"[4, 5, 7, 8, 9, 10, 14, 15, 18, 19]",67,10,ordinary,9,full_coverage_and_all_discovered_cleared,109,4124.487462,0.1761456659878604
20,0,True,clustered__smooth__67,clustered__smooth,10,10,10,178,0.1709199999999953,10,,0,166,ring13_r870,[],17409.195198080895,0,0.0,450.6839041,"[4, 5, 7, 8, 9, 10, 14, 15, 18, 19]",67,10,ordinary,13,full_coverage_and_all_discovered_cleared,145,4506.839041,0.17168941599084064
26,0,True,clustered__smooth__68,clustered__smooth,15,15,15,195,0.20479500000000428,15,,0,178,old_triangle19,[],43945.43551520331,0,0.0,660.3391402666667,"[2, 4, 5, 6, 8, 9, 11, 12, 13, 14, 15, 16, 17, 19, 20]",68,15,ordinary,19,full_coverage_and_all_discovered_cleared,151,9905.087104,0.20621779200155288
20,0,True,clustered__smooth__68,clustered__smooth,15,15,15,158,0.16863700000000392,15,,0,141,peer_ring9_r1300,[],18477.222919833035,0,0.0,307.02963900000003,"[2, 4, 5, 6, 8, 9, 11, 12, 13, 14, 15, 16, 17, 19, 20]",68,15,ordinary,9,full_coverage_and_all_discovered_cleared,130,4605.444585,0.17116770899156108
25,0,True,clustered__smooth__68,clustered__smooth,15,15,15,137,0.20862499999999784,15,,0,120,ring7_r1140,[],18641.016933227915,0,0.0,300.54689246666663,"[2, 4, 5, 6, 8, 9, 11, 12, 13, 14, 15, 16, 17, 19, 20]",68,15,ordinary,7,full_coverage_and_all_discovered_cleared,105,4508.203387,0.20989695802563801
26,0,True,clustered__smooth__68,clustered__smooth,15,15,15,156,0.20678399999999897,15,,0,139,ring9_r960,[],21235.67008221344,0,0.0,342.6089345333333,"[2, 4, 5, 6, 8, 9, 11, 12, 13, 14, 15, 16, 17, 19, 20]",68,15,ordinary,9,full_coverage_and_all_discovered_cleared,122,5139.134018,0.20744404097786173
25,0,True,clustered__smooth__68,clustered__smooth,15,15,15,195,0.20803899999999942,15,,0,178,ring13_r870,[],22915.569997494375,0,0.0,380.47426686666665,"[2, 4, 5, 6, 8, 9, 11, 12, 13, 14, 15, 16, 17, 19, 20]",68,15,ordinary,13,full_coverage_and_all_discovered_cleared,159,5707.114003,0.20902800001204014
30,0,True,clustered__smooth__69,clustered__smooth,15,15,15,175,0.240390000000005,15,,0,158,old_triangle19,[],43623.5699041756,0,0.0,647.7142653333334,"[2, 3, 4, 5, 6, 7, 8, 9, 10, 11, 12, 13, 14, 16, 18]",69,15,ordinary,19,full_coverage_and_all_discovered_cleared,126,9715.71398,0.2414744590059854
29,0,True,clustered__smooth__69,clustered__smooth,15,15,15,116,0.22939300000000173,15,,0,99,peer_ring9_r1300,[],23192.762254680234,0,0.0,352.5034968,"[2, 3, 4, 5, 6, 7, 8, 9, 10, 11, 12, 13, 14, 16, 18]",69,15,ordinary,9,full_coverage_and_all_discovered_cleared,79,5287.552452,0.23063845798606053
28,0,True,clustered__smooth__69,clustered__smooth,15,15,15,104,0.2207859999999897,15,,0,87,ring7_r1140,[],21842.978024953092,0,0.0,329.8397070666667,"[2, 3, 4, 5, 6, 7, 8, 9, 10, 11, 12, 13, 14, 16, 18]",69,15,ordinary,7,full_coverage_and_all_discovered_cleared,69,4947.595606,0.22134699998423457
30,0,True,clustered__smooth__69,clustered__smooth,15,15,15,117,0.2354700000000065,15,,0,100,ring9_r960,[],21903.0796859402,0,0.0,335.6410624,"[2, 3, 4, 5, 6, 7, 8, 9, 10, 11, 12, 13, 14, 16, 18]",69,15,ordinary,9,full_coverage_and_all_discovered_cleared,79,5034.615936,0.23576637502992526
30,0,True,clustered__smooth__69,clustered__smooth,15,15,15,140,0.23798099999999067,15,,0,123,ring13_r870,[],22402.200392321105,0,0.0,351.2293388,"[2, 3, 4, 5, 6, 7, 8, 9, 10, 11, 12, 13, 14, 16, 18]",69,15,ordinary,13,full_coverage_and_all_discovered_cleared,98,5268.440082,0.23820858297403902
18,0,True,clustered__smooth__70,clustered__smooth,10,10,10,248,0.14714100000000485,10,,0,236,old_triangle19,[],43282.7740906225,0,0.0,1009.7554817,"[2, 3, 5, 10, 11, 13, 15, 16, 19, 20]",70,10,ordinary,19,full_coverage_and_all_discovered_cleared,211,10097.554817,0.14733854099176824
19,0,True,clustered__smooth__70,clustered__smooth,10,10,10,144,0.15231500000000153,10,,0,132,peer_ring9_r1300,[],18471.81075649978,0,0.0,452.1362153,"[2, 3, 5, 10, 11, 13, 15, 16, 19, 20]",70,10,ordinary,9,full_coverage_and_all_discovered_cleared,117,4521.362153,0.152442584047094
17,0,True,clustered__smooth__70,clustered__smooth,10,10,10,121,0.1412509999999969,10,,0,109,ring7_r1140,[],16901.020200829313,0,0.0,407.2204041,"[2, 3, 5, 10, 11, 13, 15, 16, 19, 20]",70,10,ordinary,7,full_coverage_and_all_discovered_cleared,97,4072.204041,0.14140204200521111
18,0,True,clustered__smooth__70,clustered__smooth,10,10,10,143,0.15495699999999601,10,,0,131,ring9_r960,[],16865.272930752373,0,0.0,419.50545869999996,"[2, 3, 5, 10, 11, 13, 15, 16, 19, 20]",70,10,ordinary,9,full_coverage_and_all_discovered_cleared,117,4195.054587,0.1567130420007743
18,0,True,clustered__smooth__70,clustered__smooth,10,10,10,188,0.15133900000000722,10,,0,176,ring13_r870,[],16219.462405155526,0,0.0,433.08924829999995,"[2, 3, 5, 10, 11, 13, 15, 16, 19, 20]",70,10,ordinary,13,full_coverage_and_all_discovered_cleared,157,4330.892483,0.15154562500538304
20,0,True,clustered__smooth__71,clustered__smooth,12,12,12,265,0.1540329999999983,12,,0,251,old_triangle19,[],42676.05250405054,0,0.0,839.76754175,"[1, 2, 4, 5, 7, 9, 10, 13, 17, 18, 19, 20]",71,12,ordinary,19,full_coverage_and_all_discovered_cleared,227,10077.210501,0.15418224997119978
20,0,True,clustered__smooth__71,clustered__smooth,12,12,12,143,0.1563900000000018,12,,0,129,peer_ring9_r1300,[],18969.20080834824,0,0.0,384.40334691666664,"[1, 2, 4, 5, 7, 9, 10, 13, 17, 18, 19, 20]",71,12,ordinary,9,full_coverage_and_all_discovered_cleared,114,4612.840163,0.1567087919684127
21,0,True,clustered__smooth__71,clustered__smooth,12,12,12,123,0.16904300000000205,12,,0,109,ring7_r1140,[],18022.660979868462,0,0.0,358.79434983333334,"[1, 2, 4, 5, 7, 9, 10, 13, 17, 18, 19, 20]",71,12,ordinary,7,full_coverage_and_all_discovered_cleared,96,4305.532198,0.16923299996415153
20,0,True,clustered__smooth__71,clustered__smooth,12,12,12,136,0.16253400000000795,12,,0,122,ring9_r960,[],18286.84564935029,0,0.0,369.5307609166667,"[1, 2, 4, 5, 7, 9, 10, 13, 17, 18, 19, 20]",71,12,ordinary,9,full_coverage_and_all_discovered_cleared,107,4434.369131,0.1631634999648668
22,0,True,clustered__smooth__71,clustered__smooth,12,12,12,174,0.17821199999998782,12,,0,160,ring13_r870,[],18950.480689660304,0,0.0,399.091345,"[1, 2, 4, 5, 7, 9, 10, 13, 17, 18, 19, 20]",71,12,ordinary,13,full_coverage_and_all_discovered_cleared,139,4789.09614,0.17855633300496265
17,0,True,clustered__smooth__72,clustered__smooth,10,10,10,243,0.1480370000000022,10,,0,231,old_triangle19,[],40113.95259322411,0,0.0,943.479052,"[3, 6, 10, 11, 12, 15, 16, 17, 18, 20]",72,10,ordinary,19,full_coverage_and_all_discovered_cleared,207,9434.79052,0.14847041695611551
17,0,True,clustered__smooth__72,clustered__smooth,10,10,10,174,0.15109800000000462,10,,0,162,peer_ring9_r1300,[],16303.878131450898,0,0.0,426.8775627,"[3, 6, 10, 11, 12, 15, 16, 17, 18, 20]",72,10,ordinary,9,full_coverage_and_all_discovered_cleared,148,4268.775627,0.1515355829615146
20,0,True,clustered__smooth__72,clustered__smooth,10,10,10,148,0.17602499999999566,10,,0,136,ring7_r1140,[],16324.148548459965,0,0.0,411.78297119999996,"[3, 6, 10, 11, 12, 15, 16, 17, 18, 20]",72,10,ordinary,7,full_coverage_and_all_discovered_cleared,123,4117.829712,0.1762312920182012
19,0,True,clustered__smooth__72,clustered__smooth,10,10,10,174,0.1607529999999997,10,,0,162,ring9_r960,[],17892.600836669764,0,0.0,458.55201669999997,"[3, 6, 10, 11, 12, 15, 16, 17, 18, 20]",72,10,ordinary,9,full_coverage_and_all_discovered_cleared,147,4585.520167,0.16098754102131352
21,0,True,clustered__smooth__72,clustered__smooth,10,10,10,231,0.18641900000000078,10,,0,219,ring13_r870,[],20686.461945438765,0,0.0,548.129239,"[3, 6, 10, 11, 12, 15, 16, 17, 18, 20]",72,10,ordinary,13,full_coverage_and_all_discovered_cleared,199,5481.29239,0.1867354160058312
18,0,True,clustered__smooth__73,clustered__smooth,12,12,12,196,0.13488999999999862,12,,0,182,old_triangle19,[],38805.62196007392,0,0.0,740.760366,"[2, 4, 5, 6, 7, 8, 9, 10, 14, 15, 16, 17]",73,12,ordinary,19,full_coverage_and_all_discovered_cleared,158,8889.124392,0.13506287499330938
18,0,True,clustered__smooth__73,clustered__smooth,12,12,12,116,0.13211300000000392,12,,0,102,peer_ring9_r1300,[],17267.2646333414,0,0.0,342.6210773333333,"[2, 4, 5, 6, 7, 8, 9, 10, 14, 15, 16, 17]",73,12,ordinary,9,full_coverage_and_all_discovered_cleared,88,4111.452928,0.13229862501611933
18,0,True,clustered__smooth__73,clustered__smooth,12,12,12,100,0.1334810000000033,12,,0,86,ring7_r1140,[],15869.837943468,0,0.0,311.4972990833333,"[2, 4, 5, 6, 7, 8, 9, 10, 14, 15, 16, 17]",73,12,ordinary,7,full_coverage_and_all_discovered_cleared,74,3737.967589,0.13377954199677333
18,0,True,clustered__smooth__73,clustered__smooth,12,12,12,116,0.13186099999998646,12,,0,102,ring9_r960,[],15171.769742989909,0,0.0,307.69616241666665,"[2, 4, 5, 6, 7, 8, 9, 10, 14, 15, 16, 17]",73,12,ordinary,9,full_coverage_and_all_discovered_cleared,88,3692.353949,0.13204016699455678
18,0,True,clustered__smooth__73,clustered__smooth,12,12,12,148,0.1342729999999932,12,,0,134,ring13_r870,[],14915.651137539591,0,0.0,319.0941859166667,"[2, 4, 5, 6, 7, 8, 9, 10, 14, 15, 16, 17]",73,12,ordinary,13,full_coverage_and_all_discovered_cleared,116,3829.130231,0.13472850003745407
24,0,True,clustered__smooth__74,clustered__smooth,16,16,16,71,0.1741309999999885,16,,0,53,old_triangle19,[],15274.16420236668,0,0.0,215.2395524375,"[2, 3, 4, 5, 6, 8, 9, 11, 12, 13, 14, 15, 16, 17, 18, 20]",74,16,ordinary,2,public_upper_bound_16,44,3443.832839,0.17444983299355954
25,0,True,clustered__smooth__74,clustered__smooth,16,16,16,116,0.1898699999999991,16,,0,98,peer_ring9_r1300,[],18747.868419489212,0,0.0,275.22335525,"[2, 3, 4, 5, 6, 8, 9, 11, 12, 13, 14, 15, 16, 17, 18, 20]",74,16,ordinary,7,public_upper_bound_16,84,4403.573684,0.19015179097186774
26,0,True,clustered__smooth__74,clustered__smooth,16,16,16,108,0.20385799999999676,16,,0,90,ring7_r1140,[],18302.720531534724,0,0.0,266.6590065625,"[2, 3, 4, 5, 6, 8, 9, 11, 12, 13, 14, 15, 16, 17, 18, 20]",74,16,ordinary,6,public_upper_bound_16,76,4266.544105,0.2041096250177361
24,0,True,clustered__smooth__74,clustered__smooth,16,16,16,115,0.19110700000000236,16,,0,97,ring9_r960,[],17933.729533475504,0,0.0,264.734119125,"[2, 3, 4, 5, 6, 8, 9, 11, 12, 13, 14, 15, 16, 17, 18, 20]",74,16,ordinary,7,public_upper_bound_16,84,4235.745906,0.19401450001168996
25,0,True,clustered__smooth__74,clustered__smooth,16,16,16,134,0.18979000000000212,16,,0,116,ring13_r870,[],17994.1944484611,0,0.0,272.4274306875,"[2, 3, 4, 5, 6, 8, 9, 11, 12, 13, 14, 15, 16, 17, 18, 20]",74,16,ordinary,9,public_upper_bound_16,100,4358.838891,0.19017129199346527
25,0,True,clustered__smooth__75,clustered__smooth,13,13,13,225,0.2081400000000002,13,,0,210,old_triangle19,[],47976.13828335386,0,0.0,837.9405890769231,"[2, 6, 10, 11, 12, 13, 14, 15, 16, 17, 18, 19, 20]",75,13,ordinary,19,full_coverage_and_all_discovered_cleared,183,10893.227658,0.2088821250363253
20,0,True,clustered__smooth__75,clustered__smooth,13,13,13,161,0.16347899999999527,13,,0,146,peer_ring9_r1300,[],18880.291028132055,0,0.0,362.0814003846154,"[2, 6, 10, 11, 12, 13, 14, 15, 16, 17, 18, 19, 20]",75,13,ordinary,9,full_coverage_and_all_discovered_cleared,136,4707.058205,0.16367883299244568
21,0,True,clustered__smooth__75,clustered__smooth,13,13,13,140,0.17089099999999746,13,,0,125,ring7_r1140,[],18211.34381886211,0,0.0,341.943751,"[2, 6, 10, 11, 12, 13, 14, 15, 16, 17, 18, 19, 20]",75,13,ordinary,7,full_coverage_and_all_discovered_cleared,113,4445.268763,0.1711542080156505
25,0,True,clustered__smooth__75,clustered__smooth,13,13,13,164,0.213712000000001,13,,0,149,ring9_r960,[],21237.292940101677,0,0.0,399.26604507692304,"[2, 6, 10, 11, 12, 13, 14, 15, 16, 17, 18, 19, 20]",75,13,ordinary,9,full_coverage_and_all_discovered_cleared,133,5190.458586,0.21431891596876085
25,0,True,clustered__smooth__75,clustered__smooth,13,13,13,210,0.20726999999999407,13,,0,195,ring13_r870,[],23236.576832014955,0,0.0,450.8704126923077,"[2, 6, 10, 11, 12, 13, 14, 15, 16, 17, 18, 19, 20]",75,13,ordinary,13,full_coverage_and_all_discovered_cleared,174,5861.315365,0.20756000000983477
20,0,True,clustered__smooth__76,clustered__smooth,12,12,12,230,0.15063100000000418,12,,0,216,old_triangle19,[],40336.22722448343,0,0.0,783.2704538333334,"[2, 4, 5, 7, 8, 10, 12, 13, 14, 15, 17, 18]",76,12,ordinary,19,full_coverage_and_all_discovered_cleared,192,9399.245446,0.15080533304717392
20,0,True,clustered__smooth__76,clustered__smooth,12,12,12,121,0.15389500000000567,12,,0,107,peer_ring9_r1300,[],16927.343261187892,0,0.0,339.3723879166667,"[2, 4, 5, 7, 8, 10, 12, 13, 14, 15, 17, 18]",76,12,ordinary,9,full_coverage_and_all_discovered_cleared,92,4072.468655,0.15415029198629782
20,0,True,clustered__smooth__76,clustered__smooth,12,12,12,105,0.14975900000000308,12,,0,91,ring7_r1140,[],16106.102798709322,0,0.0,317.85171341666666,"[2, 4, 5, 7, 8, 10, 12, 13, 14, 15, 17, 18]",76,12,ordinary,7,full_coverage_and_all_discovered_cleared,78,3814.220561,0.14999333303421736
20,0,True,clustered__smooth__76,clustered__smooth,12,12,12,121,0.15453799999998807,12,,0,107,ring9_r960,[],14584.200470674425,0,0.0,300.320008,"[2, 4, 5, 7, 8, 10, 12, 13, 14, 15, 17, 18]",76,12,ordinary,9,full_coverage_and_all_discovered_cleared,92,3603.840096,0.15473554201889783
20,0,True,clustered__smooth__76,clustered__smooth,12,12,12,153,0.15564299999999776,12,,0,139,ring13_r870,[],14694.297764889112,0,0.0,317.82162975,"[2, 4, 5, 7, 8, 10, 12, 13, 14, 15, 17, 18]",76,12,ordinary,13,full_coverage_and_all_discovered_cleared,120,3813.859557,0.1558267920045182
19,0,True,clustered__adversarial-positive__67,clustered__adversarial-positive,10,10,10,255,0.15163199999999222,10,,0,243,old_triangle19,[],41842.7329480788,0,0.0,985.1546587999999,"[4, 5, 7, 8, 9, 10, 14, 15, 18, 19]",67,10,ordinary,19,full_coverage_and_all_discovered_cleared,218,9851.546588,0.15197254199301824
20,0,True,clustered__adversarial-positive__67,clustered__adversarial-positive,10,10,10,138,0.16187999999999647,10,,0,126,peer_ring9_r1300,[],17226.881708347653,0,0.0,423.43763390000004,"[4, 5, 7, 8, 9, 10, 14, 15, 18, 19]",67,10,ordinary,9,full_coverage_and_all_discovered_cleared,109,4234.376339,0.1621281660045497
19,0,True,clustered__adversarial-positive__67,clustered__adversarial-positive,10,10,10,117,0.15777199999999425,10,,0,105,ring7_r1140,[],15964.074504937938,0,0.0,385.8814898,"[4, 5, 7, 8, 9, 10, 14, 15, 18, 19]",67,10,ordinary,7,full_coverage_and_all_discovered_cleared,91,3858.814898,0.15804154198849574
20,0,True,clustered__adversarial-positive__67,clustered__adversarial-positive,10,10,10,138,0.16806699999999353,10,,0,126,ring9_r960,[],16086.649336337605,0,0.0,400.6329865,"[4, 5, 7, 8, 9, 10, 14, 15, 18, 19]",67,10,ordinary,9,full_coverage_and_all_discovered_cleared,109,4006.329865,0.1684333750163205
20,0,True,clustered__adversarial-positive__67,clustered__adversarial-positive,10,10,10,178,0.1647299999999916,10,,0,166,ring13_r870,[],16799.939186090043,0,0.0,438.4987837,"[4, 5, 7, 8, 9, 10, 14, 15, 18, 19]",67,10,ordinary,13,full_coverage_and_all_discovered_cleared,145,4384.987837,0.16509129101177678
26,0,True,clustered__adversarial-positive__68,clustered__adversarial-positive,15,15,15,195,0.21428400000000636,15,,0,178,old_triangle19,[],44451.8877462173,0,0.0,667.0918366666666,"[2, 4, 5, 6, 8, 9, 11, 12, 13, 14, 15, 16, 17, 19, 20]",68,15,ordinary,19,full_coverage_and_all_discovered_cleared,151,10006.37755,0.21596916700946167
21,0,True,clustered__adversarial-positive__68,clustered__adversarial-positive,15,15,15,159,0.1740299999999877,15,,0,142,peer_ring9_r1300,[],19394.332703979024,0,0.0,319.5911028666667,"[2, 4, 5, 6, 8, 9, 11, 12, 13, 14, 15, 16, 17, 19, 20]",68,15,ordinary,9,full_coverage_and_all_discovered_cleared,130,4793.866543,0.17422941699624062
25,0,True,clustered__adversarial-positive__68,clustered__adversarial-positive,15,15,15,137,0.20823599999999942,15,,0,120,ring7_r1140,[],19504.56958652378,0,0.0,312.0609279333333,"[2, 4, 5, 6, 8, 9, 11, 12, 13, 14, 15, 16, 17, 19, 20]",68,15,ordinary,7,full_coverage_and_all_discovered_cleared,105,4680.913919,0.2084892499842681
27,0,True,clustered__adversarial-positive__68,clustered__adversarial-positive,15,15,15,157,0.22035200000000543,15,,0,140,ring9_r960,[],22212.05183659873,0,0.0,356.02735786666665,"[2, 4, 5, 6, 8, 9, 11, 12, 13, 14, 15, 16, 17, 19, 20]",68,15,ordinary,9,full_coverage_and_all_discovered_cleared,123,5340.410368,0.22077600000193343
25,0,True,clustered__adversarial-positive__68,clustered__adversarial-positive,15,15,15,195,0.20284999999999798,15,,0,178,ring13_r870,[],23648.74039110849,0,0.0,390.24987193333334,"[2, 4, 5, 6, 8, 9, 11, 12, 13, 14, 15, 16, 17, 19, 20]",68,15,ordinary,13,full_coverage_and_all_discovered_cleared,159,5853.748079,0.20309274998726323
32,0,True,clustered__adversarial-positive__69,clustered__adversarial-positive,15,15,15,177,0.2648149999999987,15,,0,160,old_triangle19,[],44208.622168767426,0,0.0,656.1816288666666,"[2, 3, 4, 5, 6, 7, 8, 9, 10, 11, 12, 13, 14, 16, 18]",69,15,ordinary,19,full_coverage_and_all_discovered_cleared,126,9842.724433,0.2653853339725174
31,0,True,clustered__adversarial-positive__69,clustered__adversarial-positive,15,15,15,118,0.24947800000001052,15,,0,101,peer_ring9_r1300,[],22386.500259475386,0,0.0,342.4200036666667,"[2, 3, 4, 5, 6, 7, 8, 9, 10, 11, 12, 13, 14, 16, 18]",69,15,ordinary,9,full_coverage_and_all_discovered_cleared,79,5136.300055,0.2497606660472229
30,0,True,clustered__adversarial-positive__69,clustered__adversarial-positive,15,15,15,106,0.24485099999999704,15,,0,89,ring7_r1140,[],21103.135567499696,0,0.0,320.6418075333333,"[2, 3, 4, 5, 6, 7, 8, 9, 10, 11, 12, 13, 14, 16, 18]",69,15,ordinary,7,full_coverage_and_all_discovered_cleared,69,4809.627113,0.2453031669720076
32,0,True,clustered__adversarial-positive__69,clustered__adversarial-positive,15,15,15,119,0.2568200000000047,15,,0,102,ring9_r960,[],21109.011773328486,0,0.0,325.7201571333333,"[2, 3, 4, 5, 6, 7, 8, 9, 10, 11, 12, 13, 14, 16, 18]",69,15,ordinary,9,full_coverage_and_all_discovered_cleared,79,4885.802357,0.2571564590325579
32,0,True,clustered__adversarial-positive__69,clustered__adversarial-positive,15,15,15,142,0.2613290000000035,15,,0,125,ring13_r870,[],21585.710887344147,0,0.0,341.00947866666667,"[2, 3, 4, 5, 6, 7, 8, 9, 10, 11, 12, 13, 14, 16, 18]",69,15,ordinary,13,full_coverage_and_all_discovered_cleared,98,5115.14218,0.26164316601352766
18,0,True,clustered__adversarial-positive__70,clustered__adversarial-positive,10,10,10,248,0.14901499999999146,10,,0,236,old_triangle19,[],43869.5985179733,0,0.0,1021.4919701000001,"[2, 3, 5, 10, 11, 13, 15, 16, 19, 20]",70,10,ordinary,19,full_coverage_and_all_discovered_cleared,211,10214.919701,0.14958116703201085
19,0,True,clustered__adversarial-positive__70,clustered__adversarial-positive,10,10,10,144,0.1519789999999972,10,,0,132,peer_ring9_r1300,[],19096.774006269516,0,0.0,464.63547989999995,"[2, 3, 5, 10, 11, 13, 15, 16, 19, 20]",70,10,ordinary,9,full_coverage_and_all_discovered_cleared,117,4646.354799,0.15220320801017806
17,0,True,clustered__adversarial-positive__70,clustered__adversarial-positive,10,10,10,121,0.13828499999999622,10,,0,109,ring7_r1140,[],17530.125345811317,0,0.0,419.8025067,"[2, 3, 5, 10, 11, 13, 15, 16, 19, 20]",70,10,ordinary,7,full_coverage_and_all_discovered_cleared,97,4198.025067,0.13851512502878904
18,0,True,clustered__adversarial-positive__70,clustered__adversarial-positive,10,10,10,143,0.1503759999999943,10,,0,131,ring9_r960,[],17473.45524568382,0,0.0,431.66910470000005,"[2, 3, 5, 10, 11, 13, 15, 16, 19, 20]",70,10,ordinary,9,full_coverage_and_all_discovered_cleared,117,4316.691047,0.1505904160439968
18,0,True,clustered__adversarial-positive__70,clustered__adversarial-positive,10,10,10,188,0.14930799999999067,10,,0,176,ring13_r870,[],16844.65324848902,0,0.0,445.5930651,"[2, 3, 5, 10, 11, 13, 15, 16, 19, 20]",70,10,ordinary,13,full_coverage_and_all_discovered_cleared,157,4455.930651,0.14971966698067263
21,0,True,clustered__adversarial-positive__71,clustered__adversarial-positive,12,12,12,266,0.16300699999999324,12,,0,252,old_triangle19,[],43042.084023611824,0,0.0,846.2847336666667,"[1, 2, 4, 5, 7, 9, 10, 13, 17, 18, 19, 20]",71,12,ordinary,19,full_coverage_and_all_discovered_cleared,227,10155.416804,0.16336654202314094
22,0,True,clustered__adversarial-positive__71,clustered__adversarial-positive,12,12,12,145,0.1716819999999899,12,,0,131,peer_ring9_r1300,[],21039.529673913417,0,0.0,419.90882775,"[1, 2, 4, 5, 7, 9, 10, 13, 17, 18, 19, 20]",71,12,ordinary,9,full_coverage_and_all_discovered_cleared,116,5038.905933,0.1720762920449488
22,0,True,clustered__adversarial-positive__71,clustered__adversarial-positive,12,12,12,124,0.18204299999999307,12,,0,110,ring7_r1140,[],18265.671152579787,0,0.0,363.1778523333333,"[1, 2, 4, 5, 7, 9, 10, 13, 17, 18, 19, 20]",71,12,ordinary,7,full_coverage_and_all_discovered_cleared,95,4358.134228,0.1913621670100838
21,0,True,clustered__adversarial-positive__71,clustered__adversarial-positive,12,12,12,137,0.17118999999999573,12,,0,123,ring9_r960,[],18468.73124343778,0,0.0,372.9788540833333,"[1, 2, 4, 5, 7, 9, 10, 13, 17, 18, 19, 20]",71,12,ordinary,9,full_coverage_and_all_discovered_cleared,107,4475.746249,0.17235641699517146
23,0,True,clustered__adversarial-positive__71,clustered__adversarial-positive,12,12,12,175,0.1860499999999945,12,,0,161,ring13_r870,[],19013.785654167714,0,0.0,400.5630943333333,"[1, 2, 4, 5, 7, 9, 10, 13, 17, 18, 19, 20]",71,12,ordinary,13,full_coverage_and_all_discovered_cleared,139,4806.757132,0.18640341598074883
17,0,True,clustered__adversarial-positive__72,clustered__adversarial-positive,10,10,10,243,0.1411370000000005,10,,0,231,old_triangle19,[],39741.50142530759,0,0.0,936.0300285,"[3, 6, 10, 11, 12, 15, 16, 17, 18, 20]",72,10,ordinary,19,full_coverage_and_all_discovered_cleared,207,9360.300285,0.1415588750387542
17,0,True,clustered__adversarial-positive__72,clustered__adversarial-positive,10,10,10,174,0.15603699999999776,10,,0,162,peer_ring9_r1300,[],15966.67357246616,0,0.0,420.23347160000003,"[3, 6, 10, 11, 12, 15, 16, 17, 18, 20]",72,10,ordinary,9,full_coverage_and_all_discovered_cleared,149,4202.334716,0.17141954199178144
20,0,True,clustered__adversarial-positive__72,clustered__adversarial-positive,10,10,10,148,0.1788580000000053,10,,0,136,ring7_r1140,[],16024.624404864178,0,0.0,405.7924881,"[3, 6, 10, 11, 12, 15, 16, 17, 18, 20]",72,10,ordinary,7,full_coverage_and_all_discovered_cleared,123,4057.924881,0.17920158297056332
19,0,True,clustered__adversarial-positive__72,clustered__adversarial-positive,10,10,10,174,0.1748139999999978,10,,0,162,ring9_r960,[],17557.81831735136,0,0.0,451.8563665,"[3, 6, 10, 11, 12, 15, 16, 17, 18, 20]",72,10,ordinary,9,full_coverage_and_all_discovered_cleared,147,4518.563665,0.17520537500968203
21,0,True,clustered__adversarial-positive__72,clustered__adversarial-positive,10,10,10,231,0.18092799999999443,10,,0,219,ring13_r870,[],20223.61891842301,0,0.0,538.8723785,"[3, 6, 10, 11, 12, 15, 16, 17, 18, 20]",72,10,ordinary,13,full_coverage_and_all_discovered_cleared,199,5388.723785,0.18123254197416827
18,0,True,clustered__adversarial-positive__73,clustered__adversarial-positive,12,12,12,196,0.134957,12,,0,182,old_triangle19,[],40517.580133361786,0,0.0,769.2930021666666,"[2, 4, 5, 6, 7, 8, 9, 10, 14, 15, 16, 17]",73,12,ordinary,19,full_coverage_and_all_discovered_cleared,158,9231.516026,0.13517849997151643
18,0,True,clustered__adversarial-positive__73,clustered__adversarial-positive,12,12,12,116,0.13311399999999196,12,,0,102,peer_ring9_r1300,[],17537.04464918093,0,0.0,347.1174108333333,"[2, 4, 5, 6, 7, 8, 9, 10, 14, 15, 16, 17]",73,12,ordinary,9,full_coverage_and_all_discovered_cleared,88,4165.40893,0.13331316702533513
18,0,True,clustered__adversarial-positive__73,clustered__adversarial-positive,12,12,12,100,0.13346500000000106,12,,0,86,ring7_r1140,[],16128.777236713448,0,0.0,315.8129539166667,"[2, 4, 5, 6, 7, 8, 9, 10, 14, 15, 16, 17]",73,12,ordinary,7,full_coverage_and_all_discovered_cleared,74,3789.755447,0.1335781660163775
18,0,True,clustered__adversarial-positive__73,clustered__adversarial-positive,12,12,12,116,0.13313100000000588,12,,0,102,ring9_r960,[],15417.432127290762,0,0.0,311.79053541666667,"[2, 4, 5, 6, 7, 8, 9, 10, 14, 15, 16, 17]",73,12,ordinary,9,full_coverage_and_all_discovered_cleared,88,3741.486425,0.13323650002712384
18,0,True,clustered__adversarial-positive__73,clustered__adversarial-positive,12,12,12,148,0.13407800000000236,12,,0,134,ring13_r870,[],15154.549013885828,0,0.0,323.07581708333333,"[2, 4, 5, 6, 7, 8, 9, 10, 14, 15, 16, 17]",73,12,ordinary,13,full_coverage_and_all_discovered_cleared,116,3876.909805,0.1342452079989016
24,0,True,clustered__adversarial-positive__74,clustered__adversarial-positive,16,16,16,71,0.1779499999999956,16,,0,53,old_triangle19,[],16272.197548566972,0,0.0,227.7149695,"[2, 3, 4, 5, 6, 8, 9, 11, 12, 13, 14, 15, 16, 17, 18, 20]",74,16,ordinary,2,public_upper_bound_16,44,3643.439512,0.17813424998894334
25,0,True,clustered__adversarial-positive__74,clustered__adversarial-positive,16,16,16,116,0.19870300000000896,16,,0,98,peer_ring9_r1300,[],19587.145014053745,0,0.0,285.71431275,"[2, 3, 4, 5, 6, 8, 9, 11, 12, 13, 14, 15, 16, 17, 18, 20]",74,16,ordinary,7,public_upper_bound_16,84,4571.429004,0.19934158300748095
25,0,True,clustered__adversarial-positive__74,clustered__adversarial-positive,16,16,16,107,0.19370200000000182,16,,0,89,ring7_r1140,[],19263.87439945626,0,0.0,278.36093,"[2, 3, 4, 5, 6, 8, 9, 11, 12, 13, 14, 15, 16, 17, 18, 20]",74,16,ordinary,6,public_upper_bound_16,76,4453.77488,0.19420270895352587
24,0,True,clustered__adversarial-positive__74,clustered__adversarial-positive,16,16,16,115,0.1872019999999992,16,,0,97,ring9_r960,[],18652.04370925248,0,0.0,273.713046375,"[2, 3, 4, 5, 6, 8, 9, 11, 12, 13, 14, 15, 16, 17, 18, 20]",74,16,ordinary,7,public_upper_bound_16,84,4379.408742,0.18752870900789276
26,0,True,clustered__adversarial-positive__74,clustered__adversarial-positive,16,16,16,135,0.2003480000000053,16,,0,117,ring13_r870,[],18705.708999482235,0,0.0,281.6338626875,"[2, 3, 4, 5, 6, 8, 9, 11, 12, 13, 14, 15, 16, 17, 18, 20]",74,16,ordinary,9,public_upper_bound_16,100,4506.141803,0.2005908329738304
25,0,True,clustered__adversarial-positive__75,clustered__adversarial-positive,13,13,13,225,0.20012200000000746,13,,0,210,old_triangle19,[],47927.7891970998,0,0.0,837.1967568461538,"[2, 6, 10, 11, 12, 13, 14, 15, 16, 17, 18, 19, 20]",75,13,ordinary,19,full_coverage_and_all_discovered_cleared,183,10883.557839,0.20036591601092368
20,0,True,clustered__adversarial-positive__75,clustered__adversarial-positive,13,13,13,161,0.16600700000000757,13,,0,146,peer_ring9_r1300,[],18721.13207412734,0,0.0,359.63280100000003,"[2, 6, 10, 11, 12, 13, 14, 15, 16, 17, 18, 19, 20]",75,13,ordinary,9,full_coverage_and_all_discovered_cleared,136,4675.226413,0.16618429200025275
21,0,True,clustered__adversarial-positive__75,clustered__adversarial-positive,13,13,13,140,0.17446300000000292,13,,0,125,ring7_r1140,[],18130.734223122214,0,0.0,340.70360323076926,"[2, 6, 10, 11, 12, 13, 14, 15, 16, 17, 18, 19, 20]",75,13,ordinary,7,full_coverage_and_all_discovered_cleared,113,4429.146842,0.17472787498263642
26,0,True,clustered__adversarial-positive__75,clustered__adversarial-positive,13,13,13,165,0.22587200000000962,13,,0,150,ring9_r960,[],21074.863736778334,0,0.0,397.1517496923077,"[2, 6, 10, 11, 12, 13, 14, 15, 16, 17, 18, 19, 20]",75,13,ordinary,9,full_coverage_and_all_discovered_cleared,133,5162.972746,0.22649045899743214
26,0,True,clustered__adversarial-positive__75,clustered__adversarial-positive,13,13,13,211,0.2205770000000058,13,,0,196,ring13_r870,[],23363.059698932822,0,0.0,453.20091861538464,"[2, 6, 10, 11, 12, 13, 14, 15, 16, 17, 18, 19, 20]",75,13,ordinary,13,full_coverage_and_all_discovered_cleared,174,5891.611942,0.22108195797773078
20,0,True,clustered__adversarial-positive__76,clustered__adversarial-positive,12,12,12,230,0.1535470000000032,12,,0,216,old_triangle19,[],40634.3085685234,0,0.0,788.23847625,"[2, 4, 5, 7, 8, 10, 12, 13, 14, 15, 17, 18]",76,12,ordinary,19,full_coverage_and_all_discovered_cleared,192,9458.861715,0.15378187503665686
19,0,True,clustered__adversarial-positive__76,clustered__adversarial-positive,12,12,12,120,0.1429770000000019,12,,0,106,peer_ring9_r1300,[],17066.987978263045,0,0.0,341.28313325,"[2, 4, 5, 7, 8, 10, 12, 13, 14, 15, 17, 18]",76,12,ordinary,9,full_coverage_and_all_discovered_cleared,92,4095.397599,0.1431495409924537
20,0,True,clustered__adversarial-positive__76,clustered__adversarial-positive,12,12,12,105,0.15009399999999573,12,,0,91,ring7_r1140,[],16251.72680620715,0,0.0,320.27878016666665,"[2, 4, 5, 7, 8, 10, 12, 13, 14, 15, 17, 18]",76,12,ordinary,7,full_coverage_and_all_discovered_cleared,78,3843.345362,0.15022770804353058
20,0,True,clustered__adversarial-positive__76,clustered__adversarial-positive,12,12,12,121,0.1547390000000064,12,,0,107,ring9_r960,[],14665.891325464967,0,0.0,301.68152216666664,"[2, 4, 5, 7, 8, 10, 12, 13, 14, 15, 17, 18]",76,12,ordinary,9,full_coverage_and_all_discovered_cleared,92,3620.178266,0.1549137500114739
20,0,True,clustered__adversarial-positive__76,clustered__adversarial-positive,12,12,12,153,0.1546380000000056,12,,0,139,ring13_r870,[],14809.328277522178,0,0.0,319.738805,"[2, 4, 5, 7, 8, 10, 12, 13, 14, 15, 17, 18]",76,12,ordinary,13,full_coverage_and_all_discovered_cleared,120,3836.86566,0.15476249996572733
19,0,True,clustered__adversarial-negative__67,clustered__adversarial-negative,10,10,10,255,0.1544020000000046,10,,0,243,old_triangle19,[],41437.28597284816,0,0.0,977.0457197,"[4, 5, 7, 8, 9, 10, 14, 15, 18, 19]",67,10,ordinary,19,full_coverage_and_all_discovered_cleared,218,9770.457197,0.1545150409801863
20,0,True,clustered__adversarial-negative__67,clustered__adversarial-negative,10,10,10,138,0.16812400000000594,10,,0,126,peer_ring9_r1300,[],17922.43914110659,0,0.0,437.34878289999995,"[4, 5, 7, 8, 9, 10, 14, 15, 18, 19]",67,10,ordinary,9,full_coverage_and_all_discovered_cleared,109,4373.487829,0.1683262920123525
19,0,True,clustered__adversarial-negative__67,clustered__adversarial-negative,10,10,10,117,0.1588649999999916,10,,0,105,ring7_r1140,[],16409.553359863276,0,0.0,394.79106740000003,"[4, 5, 7, 8, 9, 10, 14, 15, 18, 19]",67,10,ordinary,7,full_coverage_and_all_discovered_cleared,91,3947.910674,0.15904004097683355
20,0,True,clustered__adversarial-negative__67,clustered__adversarial-negative,10,10,10,138,0.16617300000000057,10,,0,126,ring9_r960,[],16842.589763283417,0,0.0,415.7517954,"[4, 5, 7, 8, 9, 10, 14, 15, 18, 19]",67,10,ordinary,9,full_coverage_and_all_discovered_cleared,109,4157.517954,0.16649249999318272
21,0,True,clustered__adversarial-negative__67,clustered__adversarial-negative,10,10,10,179,0.18421700000000385,10,,0,167,ring13_r870,[],17828.109856737745,0,0.0,459.56219760000005,"[4, 5, 7, 8, 9, 10, 14, 15, 18, 19]",67,10,ordinary,13,full_coverage_and_all_discovered_cleared,145,4595.621976,0.18490400002337992
25,0,True,clustered__adversarial-negative__68,clustered__adversarial-negative,15,15,15,194,0.19327999999998724,15,,0,177,old_triangle19,[],44447.41132442734,0,0.0,666.6988175333333,"[2, 4, 5, 6, 8, 9, 11, 12, 13, 14, 15, 16, 17, 19, 20]",68,15,ordinary,19,full_coverage_and_all_discovered_cleared,151,10000.482263,0.19346137501997873
22,0,True,clustered__adversarial-negative__68,clustered__adversarial-negative,15,15,15,160,0.18315300000000434,15,,0,143,peer_ring9_r1300,[],17715.537953316714,0,0.0,297.54050606666664,"[2, 4, 5, 6, 8, 9, 11, 12, 13, 14, 15, 16, 17, 19, 20]",68,15,ordinary,9,full_coverage_and_all_discovered_cleared,130,4463.107591,0.18364950001705438
25,0,True,clustered__adversarial-negative__68,clustered__adversarial-negative,15,15,15,137,0.20006999999999664,15,,0,120,ring7_r1140,[],18810.812549753668,0,0.0,302.810834,"[2, 4, 5, 6, 8, 9, 11, 12, 13, 14, 15, 16, 17, 19, 20]",68,15,ordinary,7,full_coverage_and_all_discovered_cleared,105,4542.16251,0.20034345902968198
27,0,True,clustered__adversarial-negative__68,clustered__adversarial-negative,15,15,15,157,0.22269000000000005,15,,0,140,ring9_r960,[],20678.646285103154,0,0.0,335.5152836666667,"[2, 4, 5, 6, 8, 9, 11, 12, 13, 14, 15, 16, 17, 19, 20]",68,15,ordinary,9,full_coverage_and_all_discovered_cleared,122,5032.729255,0.22299012501025572
27,0,True,clustered__adversarial-negative__68,clustered__adversarial-negative,15,15,15,197,0.22930999999999813,15,,0,180,ring13_r870,[],22553.63937215069,0,0.0,376.31519173333334,"[2, 4, 5, 6, 8, 9, 11, 12, 13, 14, 15, 16, 17, 19, 20]",68,15,ordinary,13,full_coverage_and_all_discovered_cleared,159,5644.727876,0.22957562503870577
31,0,True,clustered__adversarial-negative__69,clustered__adversarial-negative,15,15,15,176,0.24423000000000172,15,,0,159,old_triangle19,[],44806.996991351465,0,0.0,663.8266263333334,"[2, 3, 4, 5, 6, 7, 8, 9, 10, 11, 12, 13, 14, 16, 18]",69,15,ordinary,19,full_coverage_and_all_discovered_cleared,126,9957.399395,0.24450187501497567
30,0,True,clustered__adversarial-negative__69,clustered__adversarial-negative,15,15,15,117,0.23721100000000206,15,,0,100,peer_ring9_r1300,[],23011.974822689546,0,0.0,350.42633086666666,"[2, 3, 4, 5, 6, 7, 8, 9, 10, 11, 12, 13, 14, 16, 18]",69,15,ordinary,9,full_coverage_and_all_discovered_cleared,79,5256.394963,0.23761737497989088
29,0,True,clustered__adversarial-negative__69,clustered__adversarial-negative,15,15,15,105,0.23148199999999974,15,,0,88,ring7_r1140,[],21713.009416532666,0,0.0,328.44012533333336,"[2, 3, 4, 5, 6, 7, 8, 9, 10, 11, 12, 13, 14, 16, 18]",69,15,ordinary,7,full_coverage_and_all_discovered_cleared,69,4926.60188,0.23184866702649742
31,0,True,clustered__adversarial-negative__69,clustered__adversarial-negative,15,15,15,118,0.2449280000000016,15,,0,101,ring9_r960,[],21681.26433939632,0,0.0,333.0168577333333,"[2, 3, 4, 5, 6, 7, 8, 9, 10, 11, 12, 13, 14, 16, 18]",69,15,ordinary,9,full_coverage_and_all_discovered_cleared,79,4995.252866,0.24523416603915393
31,0,True,clustered__adversarial-negative__69,clustered__adversarial-negative,15,15,15,141,0.24711600000000544,15,,0,124,ring13_r870,[],22173.496977955427,0,0.0,348.5132930666667,"[2, 3, 4, 5, 6, 7, 8, 9, 10, 11, 12, 13, 14, 16, 18]",69,15,ordinary,13,full_coverage_and_all_discovered_cleared,98,5227.699396,0.24756845901720226
18,0,True,clustered__adversarial-negative__70,clustered__adversarial-negative,10,10,10,248,0.14867800000000386,10,,0,236,old_triangle19,[],43402.51866058656,0,0.0,1012.1503735,"[2, 3, 5, 10, 11, 13, 15, 16, 19, 20]",70,10,ordinary,19,full_coverage_and_all_discovered_cleared,211,10121.503735,0.1488590840017423
19,0,True,clustered__adversarial-negative__70,clustered__adversarial-negative,10,10,10,144,0.1543139999999994,10,,0,132,peer_ring9_r1300,[],18719.76427340427,0,0.0,457.0952856,"[2, 3, 5, 10, 11, 13, 15, 16, 19, 20]",70,10,ordinary,9,full_coverage_and_all_discovered_cleared,117,4570.952856,0.15449874999467283
17,0,True,clustered__adversarial-negative__70,clustered__adversarial-negative,10,10,10,121,0.14076699999999676,10,,0,109,ring7_r1140,[],17165.472459143446,0,0.0,412.50944929999997,"[2, 3, 5, 10, 11, 13, 15, 16, 19, 20]",70,10,ordinary,7,full_coverage_and_all_discovered_cleared,97,4125.094493,0.14085737499408424
18,0,True,clustered__adversarial-negative__70,clustered__adversarial-negative,10,10,10,143,0.15003299999999342,10,,0,131,ring9_r960,[],17159.86992754456,0,0.0,425.39739870000005,"[2, 3, 5, 10, 11, 13, 15, 16, 19, 20]",70,10,ordinary,9,full_coverage_and_all_discovered_cleared,117,4253.973987,0.15019954199669883
18,0,True,clustered__adversarial-negative__70,clustered__adversarial-negative,10,10,10,188,0.147168999999991,10,,0,176,ring13_r870,[],16468.99441399445,0,0.0,438.07988880000005,"[2, 3, 5, 10, 11, 13, 15, 16, 19, 20]",70,10,ordinary,13,full_coverage_and_all_discovered_cleared,157,4380.798888,0.14737933297874406
21,0,True,clustered__adversarial-negative__71,clustered__adversarial-negative,12,12,12,266,0.16715799999998637,12,,0,252,old_triangle19,[],43751.749140071464,0,0.0,858.1124856666667,"[1, 2, 4, 5, 7, 9, 10, 13, 17, 18, 19, 20]",71,12,ordinary,19,full_coverage_and_all_discovered_cleared,227,10297.349828,0.16784183296840638
21,0,True,clustered__adversarial-negative__71,clustered__adversarial-negative,12,12,12,144,0.16395900000000552,12,,0,130,peer_ring9_r1300,[],20514.595367059028,0,0.0,410.65992291666663,"[1, 2, 4, 5, 7, 9, 10, 13, 17, 18, 19, 20]",71,12,ordinary,9,full_coverage_and_all_discovered_cleared,115,4927.919075,0.16437783400760964
22,0,True,clustered__adversarial-negative__71,clustered__adversarial-negative,12,12,12,124,0.1742930000000058,12,,0,110,ring7_r1140,[],19405.10398181495,0,0.0,382.25173308333336,"[1, 2, 4, 5, 7, 9, 10, 13, 17, 18, 19, 20]",71,12,ordinary,7,full_coverage_and_all_discovered_cleared,96,4587.020797,0.17452308296924457
21,0,True,clustered__adversarial-negative__71,clustered__adversarial-negative,12,12,12,137,0.16834099999999808,12,,0,123,ring9_r960,[],19534.396736553997,0,0.0,390.7399456666667,"[1, 2, 4, 5, 7, 9, 10, 13, 17, 18, 19, 20]",71,12,ordinary,9,full_coverage_and_all_discovered_cleared,107,4688.879348,0.16891629103338346
23,0,True,clustered__adversarial-negative__71,clustered__adversarial-negative,12,12,12,175,0.18891399999999692,12,,0,161,ring13_r870,[],20111.400308384174,0,0.0,418.85667216666667,"[1, 2, 4, 5, 7, 9, 10, 13, 17, 18, 19, 20]",71,12,ordinary,13,full_coverage_and_all_discovered_cleared,139,5026.280066,0.18932741601020098
18,0,True,clustered__adversarial-negative__72,clustered__adversarial-negative,10,10,10,244,0.1584399999999988,10,,0,232,old_triangle19,[],39894.19870257895,0,0.0,939.5839741,"[3, 6, 10, 11, 12, 15, 16, 17, 18, 20]",72,10,ordinary,19,full_coverage_and_all_discovered_cleared,207,9395.839741,0.15864262502873316
17,0,True,clustered__adversarial-negative__72,clustered__adversarial-negative,10,10,10,174,0.1507919999999956,10,,0,162,peer_ring9_r1300,[],16332.390636663222,0,0.0,427.5478126,"[3, 6, 10, 11, 12, 15, 16, 17, 18, 20]",72,10,ordinary,9,full_coverage_and_all_discovered_cleared,149,4275.478126,0.15103745798114687
21,0,True,clustered__adversarial-negative__72,clustered__adversarial-negative,10,10,10,149,0.18455299999999397,10,,0,137,ring7_r1140,[],16381.390159171704,0,0.0,413.4278029,"[3, 6, 10, 11, 12, 15, 16, 17, 18, 20]",72,10,ordinary,7,full_coverage_and_all_discovered_cleared,123,4134.278029,0.1848029579850845
19,0,True,clustered__adversarial-negative__72,clustered__adversarial-negative,10,10,10,174,0.16392400000000862,10,,0,162,ring9_r960,[],17947.966245990163,0,0.0,459.65932519999996,"[3, 6, 10, 11, 12, 15, 16, 17, 18, 20]",72,10,ordinary,9,full_coverage_and_all_discovered_cleared,147,4596.593252,0.16406370798358694
22,0,True,clustered__adversarial-negative__72,clustered__adversarial-negative,10,10,10,232,0.1930630000000093,10,,0,220,ring13_r870,[],20643.53467934516,0,0.0,547.7706937,"[3, 6, 10, 11, 12, 15, 16, 17, 18, 20]",72,10,ordinary,13,full_coverage_and_all_discovered_cleared,199,5477.706937,0.19326774997171015
18,0,True,clustered__adversarial-negative__73,clustered__adversarial-negative,12,12,12,196,0.1344010000000111,12,,0,182,old_triangle19,[],39297.15940301353,0,0.0,748.9526567500001,"[2, 4, 5, 6, 7, 8, 9, 10, 14, 15, 16, 17]",73,12,ordinary,19,full_coverage_and_all_discovered_cleared,158,8987.431881,0.13457670796196908
18,0,True,clustered__adversarial-negative__73,clustered__adversarial-negative,12,12,12,116,0.13344399999999723,12,,0,102,peer_ring9_r1300,[],17785.053787255663,0,0.0,351.2508965833333,"[2, 4, 5, 6, 7, 8, 9, 10, 14, 15, 16, 17]",73,12,ordinary,9,full_coverage_and_all_discovered_cleared,88,4215.010759,0.13360000000102445
18,0,True,clustered__adversarial-negative__73,clustered__adversarial-negative,12,12,12,100,0.1321140000000014,12,,0,86,ring7_r1140,[],16387.247547746352,0,0.0,320.1207924166667,"[2, 4, 5, 6, 7, 8, 9, 10, 14, 15, 16, 17]",73,12,ordinary,7,full_coverage_and_all_discovered_cleared,74,3841.449509,0.1322317500016652
18,0,True,clustered__adversarial-negative__73,clustered__adversarial-negative,12,12,12,116,0.13366599999999096,12,,0,102,ring9_r960,[],15688.575740269946,0,0.0,316.30959566666667,"[2, 4, 5, 6, 7, 8, 9, 10, 14, 15, 16, 17]",73,12,ordinary,9,full_coverage_and_all_discovered_cleared,88,3795.715148,0.13378974999068305
18,0,True,clustered__adversarial-negative__73,clustered__adversarial-negative,12,12,12,148,0.134444000000002,12,,0,134,ring13_r870,[],15432.059205153351,0,0.0,327.700987,"[2, 4, 5, 6, 7, 8, 9, 10, 14, 15, 16, 17]",73,12,ordinary,13,full_coverage_and_all_discovered_cleared,116,3932.411844,0.13463958399370313
24,0,True,clustered__adversarial-negative__74,clustered__adversarial-negative,16,16,16,71,0.1704960000000142,16,,0,53,old_triangle19,[],15333.789394843472,0,0.0,215.9848675,"[2, 3, 4, 5, 6, 8, 9, 11, 12, 13, 14, 15, 16, 17, 18, 20]",74,16,ordinary,2,public_upper_bound_16,44,3455.75788,0.1706802500411868
25,0,True,clustered__adversarial-negative__74,clustered__adversarial-negative,16,16,16,116,0.18966699999998582,16,,0,98,peer_ring9_r1300,[],18884.627435490893,0,0.0,276.932843125,"[2, 3, 4, 5, 6, 8, 9, 11, 12, 13, 14, 15, 16, 17, 18, 20]",74,16,ordinary,7,public_upper_bound_16,84,4430.92549,0.1898896669736132
26,0,True,clustered__adversarial-negative__74,clustered__adversarial-negative,16,16,16,108,0.19937799999999584,16,,0,90,ring7_r1140,[],18854.52604649969,0,0.0,273.556575625,"[2, 3, 4, 5, 6, 8, 9, 11, 12, 13, 14, 15, 16, 17, 18, 20]",74,16,ordinary,6,public_upper_bound_16,76,4376.90521,0.19998850004049018
24,0,True,clustered__adversarial-negative__74,clustered__adversarial-negative,16,16,16,115,0.17603499999998462,16,,0,97,ring9_r960,[],18105.422355964743,0,0.0,266.8802795625,"[2, 3, 4, 5, 6, 8, 9, 11, 12, 13, 14, 15, 16, 17, 18, 20]",74,16,ordinary,7,public_upper_bound_16,84,4270.084473,0.1762528329854831
27,0,True,clustered__adversarial-negative__74,clustered__adversarial-negative,16,16,16,136,0.21167599999998288,16,,0,118,ring13_r870,[],18286.97944730657,0,0.0,276.7122431875,"[2, 3, 4, 5, 6, 8, 9, 11, 12, 13, 14, 15, 16, 17, 18, 20]",74,16,ordinary,9,public_upper_bound_16,100,4427.395891,0.2124932500300929
24,0,True,clustered__adversarial-negative__75,clustered__adversarial-negative,13,13,13,224,0.1905360000000087,13,,0,209,old_triangle19,[],47931.47417694091,0,0.0,836.8688331538461,"[2, 6, 10, 11, 12, 13, 14, 15, 16, 17, 18, 19, 20]",75,13,ordinary,19,full_coverage_and_all_discovered_cleared,183,10879.294831,0.1907913750037551
21,0,True,clustered__adversarial-negative__75,clustered__adversarial-negative,13,13,13,162,0.18008299999999622,13,,0,147,peer_ring9_r1300,[],18730.15441260092,0,0.0,360.1562216153846,"[2, 6, 10, 11, 12, 13, 14, 15, 16, 17, 18, 19, 20]",75,13,ordinary,9,full_coverage_and_all_discovered_cleared,136,4682.030881,0.1803306249785237
21,0,True,clustered__adversarial-negative__75,clustered__adversarial-negative,13,13,13,140,0.17207999999999402,13,,0,125,ring7_r1140,[],18271.374722875462,0,0.0,342.86730315384614,"[2, 6, 10, 11, 12, 13, 14, 15, 16, 17, 18, 19, 20]",75,13,ordinary,7,full_coverage_and_all_discovered_cleared,113,4457.274941,0.17231445899233222
27,0,True,clustered__adversarial-negative__75,clustered__adversarial-negative,13,13,13,166,0.24584200000001033,13,,0,151,ring9_r960,[],20980.65825683425,0,0.0,396.08705007692305,"[2, 6, 10, 11, 12, 13, 14, 15, 16, 17, 18, 19, 20]",75,13,ordinary,9,full_coverage_and_all_discovered_cleared,133,5149.131651,0.24799237499246374
26,0,True,clustered__adversarial-negative__75,clustered__adversarial-negative,13,13,13,211,0.2213999999999885,13,,0,196,ring13_r870,[],23066.464328545473,0,0.0,448.63791299999997,"[2, 6, 10, 11, 12, 13, 14, 15, 16, 17, 18, 19, 20]",75,13,ordinary,13,full_coverage_and_all_discovered_cleared,174,5832.292869,0.22162254096474499
20,0,True,clustered__adversarial-negative__76,clustered__adversarial-negative,12,12,12,230,0.1499560000000031,12,,0,216,old_triangle19,[],40645.6691048583,0,0.0,788.4278185,"[2, 4, 5, 7, 8, 10, 12, 13, 14, 15, 17, 18]",76,12,ordinary,19,full_coverage_and_all_discovered_cleared,192,9461.133822,0.1500642920145765
19,0,True,clustered__adversarial-negative__76,clustered__adversarial-negative,12,12,12,120,0.1445539999999994,12,,0,106,peer_ring9_r1300,[],17172.53265162633,0,0.0,343.0422111666667,"[2, 4, 5, 7, 8, 10, 12, 13, 14, 15, 17, 18]",76,12,ordinary,9,full_coverage_and_all_discovered_cleared,92,4116.506534,0.14474729204084724
19,0,True,clustered__adversarial-negative__76,clustered__adversarial-negative,12,12,12,104,0.1411250000000166,12,,0,90,ring7_r1140,[],16424.74705119407,0,0.0,322.74578425,"[2, 4, 5, 7, 8, 10, 12, 13, 14, 15, 17, 18]",76,12,ordinary,7,full_coverage_and_all_discovered_cleared,78,3872.949411,0.14129395800409839
20,0,True,clustered__adversarial-negative__76,clustered__adversarial-negative,12,12,12,121,0.1563289999999995,12,,0,107,ring9_r960,[],14971.871397717023,0,0.0,306.78119,"[2, 4, 5, 7, 8, 10, 12, 13, 14, 15, 17, 18]",76,12,ordinary,9,full_coverage_and_all_discovered_cleared,92,3681.37428,0.1565198339521885
19,0,True,clustered__adversarial-negative__76,clustered__adversarial-negative,12,12,12,152,0.1502839999999992,12,,0,138,ring13_r870,[],15045.603431632802,0,0.0,323.2600575833333,"[2, 4, 5, 7, 8, 10, 12, 13, 14, 15, 17, 18]",76,12,ordinary,13,full_coverage_and_all_discovered_cleared,120,3879.120691,0.1505651249899529
19,0,True,clustered__adversarial-spatial__67,clustered__adversarial-spatial,10,10,10,255,0.15424600000000055,10,,0,243,old_triangle19,[],41357.86558603364,0,0.0,975.4573118000001,"[4, 5, 7, 8, 9, 10, 14, 15, 18, 19]",67,10,ordinary,19,full_coverage_and_all_discovered_cleared,218,9754.573118,0.1543820000370033
20,0,True,clustered__adversarial-spatial__67,clustered__adversarial-spatial,10,10,10,138,0.16696099999998637,10,,0,126,peer_ring9_r1300,[],17737.67245202236,0,0.0,433.65344919999995,"[4, 5, 7, 8, 9, 10, 14, 15, 18, 19]",67,10,ordinary,9,full_coverage_and_all_discovered_cleared,109,4336.534492,0.16718395799398422
19,0,True,clustered__adversarial-spatial__67,clustered__adversarial-spatial,10,10,10,117,0.15798399999999901,10,,0,105,ring7_r1140,[],16127.829316578149,0,0.0,389.1565865,"[4, 5, 7, 8, 9, 10, 14, 15, 18, 19]",67,10,ordinary,7,full_coverage_and_all_discovered_cleared,91,3891.565865,0.15818329196190462
20,0,True,clustered__adversarial-spatial__67,clustered__adversarial-spatial,10,10,10,138,0.16646700000001147,10,,0,126,ring9_r960,[],16546.646226671943,0,0.0,409.8329246,"[4, 5, 7, 8, 9, 10, 14, 15, 18, 19]",67,10,ordinary,9,full_coverage_and_all_discovered_cleared,109,4098.329246,0.16673870797967538
21,0,True,clustered__adversarial-spatial__67,clustered__adversarial-spatial,10,10,10,179,0.18163400000000252,10,,0,167,ring13_r870,[],17590.64835346628,0,0.0,454.8129675,"[4, 5, 7, 8, 9, 10, 14, 15, 18, 19]",67,10,ordinary,13,full_coverage_and_all_discovered_cleared,145,4548.129675,0.18220991705311462
25,0,True,clustered__adversarial-spatial__68,clustered__adversarial-spatial,15,15,15,194,0.1918879999999774,15,,0,177,old_triangle19,[],45250.850801686516,0,0.0,677.4113440666666,"[2, 4, 5, 6, 8, 9, 11, 12, 13, 14, 15, 16, 17, 19, 20]",68,15,ordinary,19,full_coverage_and_all_discovered_cleared,151,10161.170161,0.19200916698900983
22,0,True,clustered__adversarial-spatial__68,clustered__adversarial-spatial,15,15,15,160,0.18442099999998618,15,,0,143,peer_ring9_r1300,[],18384.58417329599,0,0.0,306.46112253333337,"[2, 4, 5, 6, 8, 9, 11, 12, 13, 14, 15, 16, 17, 19, 20]",68,15,ordinary,9,full_coverage_and_all_discovered_cleared,130,4596.916838,0.18461970903445035
25,0,True,clustered__adversarial-spatial__68,clustered__adversarial-spatial,15,15,15,137,0.20709899999999948,15,,0,120,ring7_r1140,[],18524.032027736128,0,0.0,298.9870937333333,"[2, 4, 5, 6, 8, 9, 11, 12, 13, 14, 15, 16, 17, 19, 20]",68,15,ordinary,7,full_coverage_and_all_discovered_cleared,105,4484.806406,0.2086700419895351
26,0,True,clustered__adversarial-spatial__68,clustered__adversarial-spatial,15,15,15,156,0.2100059999999928,15,,0,139,ring9_r960,[],21723.828663421133,0,0.0,349.11771546666665,"[2, 4, 5, 6, 8, 9, 11, 12, 13, 14, 15, 16, 17, 19, 20]",68,15,ordinary,9,full_coverage_and_all_discovered_cleared,122,5236.765732,0.21043487504357472
26,0,True,clustered__adversarial-spatial__68,clustered__adversarial-spatial,15,15,15,196,0.21590399999999477,15,,0,179,ring13_r870,[],23106.712278092313,0,0.0,383.35616373333335,"[2, 4, 5, 6, 8, 9, 11, 12, 13, 14, 15, 16, 17, 19, 20]",68,15,ordinary,13,full_coverage_and_all_discovered_cleared,159,5750.342456,0.216396999952849
33,0,True,clustered__adversarial-spatial__69,clustered__adversarial-spatial,15,15,15,178,0.26686300000000074,15,,0,161,old_triangle19,[],43516.04622661636,0,0.0,647.2806164666667,"[2, 3, 4, 5, 6, 7, 8, 9, 10, 11, 12, 13, 14, 16, 18]",69,15,ordinary,19,full_coverage_and_all_discovered_cleared,126,9709.209247,0.2672085830126889
32,0,True,clustered__adversarial-spatial__69,clustered__adversarial-spatial,15,15,15,119,0.26091100000002143,15,,0,102,peer_ring9_r1300,[],22943.34207608361,0,0.0,350.17789453333336,"[2, 3, 4, 5, 6, 7, 8, 9, 10, 11, 12, 13, 14, 16, 18]",69,15,ordinary,9,full_coverage_and_all_discovered_cleared,79,5252.668418,0.26970254199113697
31,0,True,clustered__adversarial-spatial__69,clustered__adversarial-spatial,15,15,15,107,0.2572150000000022,15,,0,90,ring7_r1140,[],21649.10419083548,0,0.0,328.2547226666667,"[2, 3, 4, 5, 6, 7, 8, 9, 10, 11, 12, 13, 14, 16, 18]",69,15,ordinary,7,full_coverage_and_all_discovered_cleared,69,4923.82084,0.2581343339988962
33,0,True,clustered__adversarial-spatial__69,clustered__adversarial-spatial,15,15,15,120,0.26972299999999905,15,,0,103,ring9_r960,[],21676.766510332585,0,0.0,333.62355353333334,"[2, 3, 4, 5, 6, 7, 8, 9, 10, 11, 12, 13, 14, 16, 18]",69,15,ordinary,9,full_coverage_and_all_discovered_cleared,79,5004.353303,0.2700566669809632
33,0,True,clustered__adversarial-spatial__69,clustered__adversarial-spatial,15,15,15,143,0.2840240000000165,15,,0,126,ring13_r870,[],22181.367182811468,0,0.0,349.2848960666667,"[2, 3, 4, 5, 6, 7, 8, 9, 10, 11, 12, 13, 14, 16, 18]",69,15,ordinary,13,full_coverage_and_all_discovered_cleared,98,5239.273441,0.2997793749673292
18,0,True,clustered__adversarial-spatial__70,clustered__adversarial-spatial,10,10,10,248,0.14862600000000725,10,,0,236,old_triangle19,[],43527.35213372009,0,0.0,1014.6470426,"[2, 3, 5, 10, 11, 13, 15, 16, 19, 20]",70,10,ordinary,19,full_coverage_and_all_discovered_cleared,211,10146.470426,0.1489770829793997
19,0,True,clustered__adversarial-spatial__70,clustered__adversarial-spatial,10,10,10,144,0.15801599999997507,10,,0,132,peer_ring9_r1300,[],18797.050163293246,0,0.0,458.6410033,"[2, 3, 5, 10, 11, 13, 15, 16, 19, 20]",70,10,ordinary,9,full_coverage_and_all_discovered_cleared,117,4586.410033,0.15850645903265104
17,0,True,clustered__adversarial-spatial__70,clustered__adversarial-spatial,10,10,10,121,0.14378100000001837,10,,0,109,ring7_r1140,[],17253.836807015112,0,0.0,414.27673619999996,"[2, 3, 5, 10, 11, 13, 15, 16, 19, 20]",70,10,ordinary,7,full_coverage_and_all_discovered_cleared,97,4142.767362,0.14419020898640156
18,0,True,clustered__adversarial-spatial__70,clustered__adversarial-spatial,10,10,10,143,0.15332400000002622,10,,0,131,ring9_r960,[],17202.616296464475,0,0.0,426.2523258,"[2, 3, 5, 10, 11, 13, 15, 16, 19, 20]",70,10,ordinary,9,full_coverage_and_all_discovered_cleared,117,4262.523258,0.15358362504048273
18,0,True,clustered__adversarial-spatial__70,clustered__adversarial-spatial,10,10,10,188,0.14852400000000898,10,,0,176,ring13_r870,[],16550.893646248835,0,0.0,439.71787329999995,"[2, 3, 5, 10, 11, 13, 15, 16, 19, 20]",70,10,ordinary,13,full_coverage_and_all_discovered_cleared,157,4397.178733,0.14880683302180842
22,0,True,clustered__adversarial-spatial__71,clustered__adversarial-spatial,12,12,12,267,0.17742599999999698,12,,0,253,old_triangle19,[],42756.32016492751,0,0.0,841.8553359166667,"[1, 2, 4, 5, 7, 9, 10, 13, 17, 18, 19, 20]",71,12,ordinary,19,full_coverage_and_all_discovered_cleared,226,10102.264031,0.17799866601126269
21,0,True,clustered__adversarial-spatial__71,clustered__adversarial-spatial,12,12,12,144,0.1655110000000093,12,,0,130,peer_ring9_r1300,[],19129.246830948425,0,0.0,387.5707805833333,"[1, 2, 4, 5, 7, 9, 10, 13, 17, 18, 19, 20]",71,12,ordinary,9,full_coverage_and_all_discovered_cleared,115,4650.849367,0.16604258300503716
22,0,True,clustered__adversarial-spatial__71,clustered__adversarial-spatial,12,12,12,124,0.18051399999998807,12,,0,110,ring7_r1140,[],18291.893393884427,0,0.0,363.61488983333334,"[1, 2, 4, 5, 7, 9, 10, 13, 17, 18, 19, 20]",71,12,ordinary,7,full_coverage_and_all_discovered_cleared,95,4363.378678,0.18082691699964926
21,0,True,clustered__adversarial-spatial__71,clustered__adversarial-spatial,12,12,12,137,0.17154899999999884,12,,0,123,ring9_r960,[],18401.366567584224,0,0.0,371.85610941666664,"[1, 2, 4, 5, 7, 9, 10, 13, 17, 18, 19, 20]",71,12,ordinary,9,full_coverage_and_all_discovered_cleared,107,4462.273313,0.17189649998908862
23,0,True,clustered__adversarial-spatial__71,clustered__adversarial-spatial,12,12,12,175,0.19136200000002646,12,,0,161,ring13_r870,[],18922.39577017715,0,0.0,399.03992975,"[1, 2, 4, 5, 7, 9, 10, 13, 17, 18, 19, 20]",71,12,ordinary,13,full_coverage_and_all_discovered_cleared,139,4788.479157,0.19218312500743195
18,0,True,clustered__adversarial-spatial__72,clustered__adversarial-spatial,10,10,10,244,0.16447099999999182,10,,0,232,old_triangle19,[],39974.60495183249,0,0.0,941.1920990000001,"[3, 6, 10, 11, 12, 15, 16, 17, 18, 20]",72,10,ordinary,19,full_coverage_and_all_discovered_cleared,207,9411.92099,0.16489137499593198
17,0,True,clustered__adversarial-spatial__72,clustered__adversarial-spatial,10,10,10,174,0.15839299999998957,10,,0,162,peer_ring9_r1300,[],16160.306984145354,0,0.0,424.00613970000006,"[3, 6, 10, 11, 12, 15, 16, 17, 18, 20]",72,10,ordinary,9,full_coverage_and_all_discovered_cleared,148,4240.061397,0.15886995801702142
20,0,True,clustered__adversarial-spatial__72,clustered__adversarial-spatial,10,10,10,148,0.17818099999999504,10,,0,136,ring7_r1140,[],16141.893478315375,0,0.0,408.13786949999997,"[3, 6, 10, 11, 12, 15, 16, 17, 18, 20]",72,10,ordinary,7,full_coverage_and_all_discovered_cleared,123,4081.378695,0.1786157910246402
19,0,True,clustered__adversarial-spatial__72,clustered__adversarial-spatial,10,10,10,174,0.17295999999998912,10,,0,162,ring9_r960,[],17819.611177088074,0,0.0,457.0922236,"[3, 6, 10, 11, 12, 15, 16, 17, 18, 20]",72,10,ordinary,9,full_coverage_and_all_discovered_cleared,147,4570.922236,0.17316441697767004
21,0,True,clustered__adversarial-spatial__72,clustered__adversarial-spatial,10,10,10,231,0.1859929999999963,10,,0,219,ring13_r870,[],20385.48398351466,0,0.0,542.1096799,"[3, 6, 10, 11, 12, 15, 16, 17, 18, 20]",72,10,ordinary,13,full_coverage_and_all_discovered_cleared,199,5421.096799,0.1865419579553418
18,0,True,clustered__adversarial-spatial__73,clustered__adversarial-spatial,12,12,12,196,0.14094099999999798,12,,0,182,old_triangle19,[],39031.19593569793,0,0.0,744.5199323333333,"[2, 4, 5, 6, 7, 8, 9, 10, 14, 15, 16, 17]",73,12,ordinary,19,full_coverage_and_all_discovered_cleared,158,8934.239188,0.14132429199526086
18,0,True,clustered__adversarial-spatial__73,clustered__adversarial-spatial,12,12,12,116,0.1392189999999971,12,,0,102,peer_ring9_r1300,[],17519.09031994006,0,0.0,346.81817216666667,"[2, 4, 5, 6, 7, 8, 9, 10, 14, 15, 16, 17]",73,12,ordinary,9,full_coverage_and_all_discovered_cleared,88,4161.818066,0.1396399579825811
18,0,True,clustered__adversarial-spatial__73,clustered__adversarial-spatial,12,12,12,100,0.1382470000000069,12,,0,86,ring7_r1140,[],16121.284080430749,0,0.0,315.688068,"[2, 4, 5, 6, 7, 8, 9, 10, 14, 15, 16, 17]",73,12,ordinary,7,full_coverage_and_all_discovered_cleared,74,3788.256816,0.13853804196696728
18,0,True,clustered__adversarial-spatial__73,clustered__adversarial-spatial,12,12,12,116,0.14694500000001653,12,,0,102,ring9_r960,[],15422.612272954342,0,0.0,311.87687124999997,"[2, 4, 5, 6, 7, 8, 9, 10, 14, 15, 16, 17]",73,12,ordinary,9,full_coverage_and_all_discovered_cleared,88,3742.522455,0.14905624999664724
18,0,True,clustered__adversarial-spatial__73,clustered__adversarial-spatial,12,12,12,148,0.13807999999997378,12,,0,134,ring13_r870,[],15166.095737837748,0,0.0,323.2682625833333,"[2, 4, 5, 6, 7, 8, 9, 10, 14, 15, 16, 17]",73,12,ordinary,13,full_coverage_and_all_discovered_cleared,116,3879.219151,0.1383928750292398
24,0,True,clustered__adversarial-spatial__74,clustered__adversarial-spatial,16,16,16,71,0.17289900000000102,16,,0,53,old_triangle19,[],15371.986974978308,0,0.0,216.4623371875,"[2, 3, 4, 5, 6, 8, 9, 11, 12, 13, 14, 15, 16, 17, 18, 20]",74,16,ordinary,2,public_upper_bound_16,44,3463.397395,0.1733431660104543
25,0,True,clustered__adversarial-spatial__74,clustered__adversarial-spatial,16,16,16,116,0.1947059999999965,16,,0,98,peer_ring9_r1300,[],19336.58887255172,0,0.0,282.5823609375,"[2, 3, 4, 5, 6, 8, 9, 11, 12, 13, 14, 15, 16, 17, 18, 20]",74,16,ordinary,7,public_upper_bound_16,84,4521.317775,0.1952794169774279
26,0,True,clustered__adversarial-spatial__74,clustered__adversarial-spatial,16,16,16,108,0.2046980000000076,16,,0,90,ring7_r1140,[],19009.77247281799,0,0.0,275.4971558125,"[2, 3, 4, 5, 6, 8, 9, 11, 12, 13, 14, 15, 16, 17, 18, 20]",74,16,ordinary,6,public_upper_bound_16,76,4407.954493,0.20511045801686123
24,0,True,clustered__adversarial-spatial__74,clustered__adversarial-spatial,16,16,16,115,0.18482899999997926,16,,0,97,ring9_r960,[],18460.407977153965,0,0.0,271.31759975,"[2, 3, 4, 5, 6, 8, 9, 11, 12, 13, 14, 15, 16, 17, 18, 20]",74,16,ordinary,7,public_upper_bound_16,84,4341.081596,0.18537795898737386
26,0,True,clustered__adversarial-spatial__74,clustered__adversarial-spatial,16,16,16,135,0.20127500000000964,16,,0,117,ring13_r870,[],18708.95398326696,0,0.0,281.6744249375,"[2, 3, 4, 5, 6, 8, 9, 11, 12, 13, 14, 15, 16, 17, 18, 20]",74,16,ordinary,9,public_upper_bound_16,100,4506.790799,0.20171541697345674
25,0,True,clustered__adversarial-spatial__75,clustered__adversarial-spatial,13,13,13,225,0.19531700000001706,13,,0,210,old_triangle19,[],47934.70428568436,0,0.0,837.3031426153847,"[2, 6, 10, 11, 12, 13, 14, 15, 16, 17, 18, 19, 20]",75,13,ordinary,19,full_coverage_and_all_discovered_cleared,183,10884.940854,0.19576933298958465
19,0,True,clustered__adversarial-spatial__75,clustered__adversarial-spatial,13,13,13,160,0.15934600000002774,13,,0,145,peer_ring9_r1300,[],18706.905130373976,0,0.0,359.0293096923077,"[2, 6, 10, 11, 12, 13, 14, 15, 16, 17, 18, 19, 20]",75,13,ordinary,9,full_coverage_and_all_discovered_cleared,136,4667.381026,0.15961112501099706
21,0,True,clustered__adversarial-spatial__75,clustered__adversarial-spatial,13,13,13,140,0.17307900000000132,13,,0,125,ring7_r1140,[],18581.102935597486,0,0.0,347.63235253846153,"[2, 6, 10, 11, 12, 13, 14, 15, 16, 17, 18, 19, 20]",75,13,ordinary,7,full_coverage_and_all_discovered_cleared,113,4519.220583,0.1734621249488555
24,0,True,clustered__adversarial-spatial__75,clustered__adversarial-spatial,13,13,13,163,0.21025000000000205,13,,0,148,ring9_r960,[],21214.27780767571,0,0.0,398.5273509230769,"[2, 6, 10, 11, 12, 13, 14, 15, 16, 17, 18, 19, 20]",75,13,ordinary,9,full_coverage_and_all_discovered_cleared,133,5180.855562,0.21060029097134247
26,0,True,clustered__adversarial-spatial__75,clustered__adversarial-spatial,13,13,13,211,0.22370700000001875,13,,0,196,ring13_r870,[],23887.68837538108,0,0.0,461.2721290769231,"[2, 6, 10, 11, 12, 13, 14, 15, 16, 17, 18, 19, 20]",75,13,ordinary,13,full_coverage_and_all_discovered_cleared,174,5996.537678,0.22439841699087992
20,0,True,clustered__adversarial-spatial__76,clustered__adversarial-spatial,12,12,12,230,0.15107399999999416,12,,0,216,old_triangle19,[],40477.079793871555,0,0.0,785.6179965,"[2, 4, 5, 7, 8, 10, 12, 13, 14, 15, 17, 18]",76,12,ordinary,19,full_coverage_and_all_discovered_cleared,192,9427.415958,0.15148395800497383
20,0,True,clustered__adversarial-spatial__76,clustered__adversarial-spatial,12,12,12,121,0.15908500000000458,12,,0,107,peer_ring9_r1300,[],17102.611013392456,0,0.0,342.2935169166667,"[2, 4, 5, 7, 8, 10, 12, 13, 14, 15, 17, 18]",76,12,ordinary,9,full_coverage_and_all_discovered_cleared,92,4107.522203,0.16063733299961314
20,0,True,clustered__adversarial-spatial__76,clustered__adversarial-spatial,12,12,12,105,0.15398300000001086,12,,0,91,ring7_r1140,[],16267.470764787726,0,0.0,320.5411795,"[2, 4, 5, 7, 8, 10, 12, 13, 14, 15, 17, 18]",76,12,ordinary,7,full_coverage_and_all_discovered_cleared,78,3846.494154,0.15423087502131239
20,0,True,clustered__adversarial-spatial__76,clustered__adversarial-spatial,12,12,12,121,0.15516499999998246,12,,0,107,ring9_r960,[],14812.196495247177,0,0.0,304.11994166666665,"[2, 4, 5, 7, 8, 10, 12, 13, 14, 15, 17, 18]",76,12,ordinary,9,full_coverage_and_all_discovered_cleared,92,3649.4393,0.15562641603173688
20,0,True,clustered__adversarial-spatial__76,clustered__adversarial-spatial,12,12,12,153,0.1546849999999722,12,,0,139,ring13_r870,[],15029.335146494237,0,0.0,323.405586,"[2, 4, 5, 7, 8, 10, 12, 13, 14, 15, 17, 18]",76,12,ordinary,13,full_coverage_and_all_discovered_cleared,120,3880.867032,0.15510033397004008
14,0,True,boundary_min__n10__positive,boundary_min,10,10,10,301,0.14462800000001153,10,,0,289,old_triangle19,[],36934.33537809066,0,0.0,915.3867076,"[2, 6, 13, 14, 15, 16, 17, 18, 19, 20]",242,10,stress,19,full_coverage_and_all_discovered_cleared,272,9153.867076,0.14495420799357817
18,0,True,boundary_min__n10__positive,boundary_min,10,10,10,169,0.18341799999998898,10,,0,157,peer_ring9_r1300,[],16602.647510297622,0,0.0,429.8529501,"[2, 6, 13, 14, 15, 16, 17, 18, 19, 20]",242,10,stress,9,full_coverage_and_all_discovered_cleared,143,4298.529501,0.18652770802145824
20,0,True,boundary_min__n10__positive,boundary_min,10,10,10,145,0.20522399999998697,10,,0,133,ring7_r1140,[],18915.729848560946,0,0.0,461.7145971,"[2, 6, 13, 14, 15, 16, 17, 18, 19, 20]",242,10,stress,7,full_coverage_and_all_discovered_cleared,119,4617.145971,0.20574629202019423
20,0,True,boundary_min__n10__positive,boundary_min,10,10,10,173,0.197591999999986,10,,0,161,ring9_r960,[],20314.568133805456,0,0.0,506.29136289999997,"[2, 6, 13, 14, 15, 16, 17, 18, 19, 20]",242,10,stress,9,full_coverage_and_all_discovered_cleared,145,5062.913629,0.19821195903932676
20,0,True,boundary_min__n10__positive,boundary_min,10,10,10,240,0.20109699999997588,10,,0,228,ring13_r870,[],21874.25486522571,0,0.0,577.6850971,"[2, 6, 13, 14, 15, 16, 17, 18, 19, 20]",242,10,stress,13,full_coverage_and_all_discovered_cleared,212,5776.850971,0.2015220409957692
14,0,True,boundary_min__n10__negative,boundary_min,10,10,10,301,0.13321100000001707,10,,0,289,old_triangle19,[],36838.19888876102,0,0.0,913.4639776,"[2, 6, 13, 14, 15, 16, 17, 18, 19, 20]",243,10,stress,19,full_coverage_and_all_discovered_cleared,272,9134.639776,0.13370945799397305
16,0,True,boundary_min__n10__negative,boundary_min,10,10,10,167,0.15129199999998377,10,,0,155,peer_ring9_r1300,[],16504.586614695923,0,0.0,426.89173229999994,"[2, 6, 13, 14, 15, 16, 17, 18, 19, 20]",243,10,stress,9,full_coverage_and_all_discovered_cleared,143,4268.917323,0.15163045801455155
18,0,True,boundary_min__n10__negative,boundary_min,10,10,10,143,0.1663250000000005,10,,0,131,ring7_r1140,[],18840.502687811204,0,0.0,459.2100536,"[2, 6, 13, 14, 15, 16, 17, 18, 19, 20]",243,10,stress,7,full_coverage_and_all_discovered_cleared,119,4592.100536,0.16673204099060968
20,0,True,boundary_min__n10__negative,boundary_min,10,10,10,173,0.19449700000001258,10,,0,161,ring9_r960,[],20295.595439827932,0,0.0,505.91190859999995,"[2, 6, 13, 14, 15, 16, 17, 18, 19, 20]",243,10,stress,9,full_coverage_and_all_discovered_cleared,145,5059.119086,0.19493724999483675
20,0,True,boundary_min__n10__negative,boundary_min,10,10,10,240,0.18908799999999815,10,,0,228,ring13_r870,[],21828.75691020864,0,0.0,576.7751381,"[2, 6, 13, 14, 15, 16, 17, 18, 19, 20]",243,10,stress,13,full_coverage_and_all_discovered_cleared,212,5767.751381,0.18977658404037356
11,0,True,boundary_min__n10__spatial,boundary_min,10,10,10,298,0.10462900000001696,10,,0,286,old_triangle19,[],36831.14601447793,0,0.0,911.8229205,"[2, 6, 13, 14, 15, 16, 17, 18, 19, 20]",244,10,stress,19,full_coverage_and_all_discovered_cleared,272,9118.229205,0.10492979199625552
15,0,True,boundary_min__n10__spatial,boundary_min,10,10,10,166,0.15345300000001316,10,,0,154,peer_ring9_r1300,[],16518.414023848596,0,0.0,426.66828050000004,"[2, 6, 13, 14, 15, 16, 17, 18, 19, 20]",244,10,stress,9,full_coverage_and_all_discovered_cleared,143,4266.682805,0.1557325420435518
17,0,True,boundary_min__n10__spatial,boundary_min,10,10,10,142,0.20371000000000095,10,,0,130,ring7_r1140,[],18887.81146752854,0,0.0,459.6562296,"[2, 6, 13, 14, 15, 16, 17, 18, 19, 20]",244,10,stress,7,full_coverage_and_all_discovered_cleared,119,4596.562296,0.21454700001049787
18,0,True,boundary_min__n10__spatial,boundary_min,10,10,10,171,0.18714900000000512,10,,0,159,ring9_r960,[],20291.21457676831,0,0.0,504.82429149999996,"[2, 6, 13, 14, 15, 16, 17, 18, 19, 20]",244,10,stress,9,full_coverage_and_all_discovered_cleared,145,5048.242915,0.1902812499902211
19,0,True,boundary_min__n10__spatial,boundary_min,10,10,10,239,0.19285800000000108,10,,0,227,ring13_r870,[],21833.468127963362,0,0.0,576.3693625,"[2, 6, 13, 14, 15, 16, 17, 18, 19, 20]",244,10,stress,13,full_coverage_and_all_discovered_cleared,212,5763.693625,0.19349625002359971
24,0,True,boundary_min__n16__positive,boundary_min,16,16,16,232,0.21541899999999714,16,,0,214,old_triangle19,[],33585.712414226735,0,0.0,503.9464051875,"[1, 2, 3, 5, 6, 7, 9, 10, 11, 12, 13, 14, 16, 18, 19, 20]",245,16,stress,13,public_upper_bound_16,196,8063.142483,0.2166220829822123
24,0,True,boundary_min__n16__positive,boundary_min,16,16,16,159,0.22251200000002314,16,,0,141,peer_ring9_r1300,[],20726.25769111856,0,0.0,316.2032209375,"[1, 2, 3, 5, 6, 7, 9, 10, 11, 12, 13, 14, 16, 18, 19, 20]",245,16,stress,9,full_coverage_and_all_discovered_cleared,129,5059.251535,0.22317241597920656
32,0,True,boundary_min__n16__positive,boundary_min,16,16,16,147,0.29778399999997873,16,,0,129,ring7_r1140,[],25258.664127139808,0,0.0,367.920801625,"[1, 2, 3, 5, 6, 7, 9, 10, 11, 12, 13, 14, 16, 18, 19, 20]",245,16,stress,7,full_coverage_and_all_discovered_cleared,110,5886.732826,0.2984257500502281
32,0,True,boundary_min__n16__positive,boundary_min,16,16,16,174,0.2821930000000066,16,,0,156,ring9_r960,[],23718.12246795569,0,0.0,358.726530875,"[1, 2, 3, 5, 6, 7, 9, 10, 11, 12, 13, 14, 16, 18, 19, 20]",245,16,stress,9,full_coverage_and_all_discovered_cleared,136,5739.624494,0.2829162090201862
32,0,True,boundary_min__n16__positive,boundary_min,16,16,16,218,0.3536330000000021,16,,0,200,ring13_r870,[],28526.872793058974,0,0.0,435.3359106875,"[1, 2, 3, 5, 6, 7, 9, 10, 11, 12, 13, 14, 16, 18, 19, 20]",245,16,stress,13,full_coverage_and_all_discovered_cleared,180,6965.374571,0.3782910840236582
24,0,True,boundary_min__n16__negative,boundary_min,16,16,16,232,0.2640039999999999,16,,0,214,old_triangle19,[],32424.077010549336,0,0.0,489.4259625625,"[1, 2, 3, 5, 6, 7, 9, 10, 11, 12, 13, 14, 16, 18, 19, 20]",246,16,stress,13,public_upper_bound_16,196,7830.815401,0.27059004199691117
31,0,True,boundary_min__n16__negative,boundary_min,16,16,16,166,0.3289039999999943,16,,0,148,peer_ring9_r1300,[],19887.939646428087,0,0.0,307.9117453125,"[1, 2, 3, 5, 6, 7, 9, 10, 11, 12, 13, 14, 16, 18, 19, 20]",246,16,stress,9,full_coverage_and_all_discovered_cleared,129,4926.587925,0.32974237500457093
32,0,True,boundary_min__n16__negative,boundary_min,16,16,16,147,0.35724500000000603,16,,0,129,ring7_r1140,[],27024.849690589563,0,0.0,389.9981213125,"[1, 2, 3, 5, 6, 7, 9, 10, 11, 12, 13, 14, 16, 18, 19, 20]",246,16,stress,7,full_coverage_and_all_discovered_cleared,110,6239.969941,0.3593357080244459
32,0,True,boundary_min__n16__negative,boundary_min,16,16,16,174,0.3467870000000062,16,,0,156,ring9_r960,[],25835.308405476546,0,0.0,385.191354875,"[1, 2, 3, 5, 6, 7, 9, 10, 11, 12, 13, 14, 16, 18, 19, 20]",246,16,stress,9,full_coverage_and_all_discovered_cleared,136,6163.061678,0.34816995804430917
32,0,True,boundary_min__n16__negative,boundary_min,16,16,16,218,0.3548749999999927,16,,0,200,ring13_r870,[],29645.965966652413,0,0.0,449.3245745625,"[1, 2, 3, 5, 6, 7, 9, 10, 11, 12, 13, 14, 16, 18, 19, 20]",246,16,stress,13,full_coverage_and_all_discovered_cleared,180,7189.193193,0.3571514589712024
22,0,True,boundary_min__n16__spatial,boundary_min,16,16,16,230,0.2110450000000128,16,,0,212,old_triangle19,[],32405.814647776377,0,0.0,488.572683125,"[1, 2, 3, 5, 6, 7, 9, 10, 11, 12, 13, 14, 16, 18, 19, 20]",247,16,stress,13,public_upper_bound_16,196,7817.16293,0.21208929200656712
29,0,True,boundary_min__n16__spatial,boundary_min,16,16,16,164,0.2774520000000109,16,,0,146,peer_ring9_r1300,[],20368.89560949538,0,0.0,313.298695,"[1, 2, 3, 5, 6, 7, 9, 10, 11, 12, 13, 14, 16, 18, 19, 20]",247,16,stress,9,full_coverage_and_all_discovered_cleared,129,5012.77912,0.27906233398243785
27,0,True,boundary_min__n16__spatial,boundary_min,16,16,16,142,0.28044199999999364,16,,0,124,ring7_r1140,[],26094.701911017302,0,0.0,376.808774,"[1, 2, 3, 5, 6, 7, 9, 10, 11, 12, 13, 14, 16, 18, 19, 20]",247,16,stress,7,full_coverage_and_all_discovered_cleared,110,6028.940384,0.2811620840220712
26,0,True,boundary_min__n16__spatial,boundary_min,16,16,16,168,0.2528120000000058,16,,0,150,ring9_r960,[],24739.277952263667,0,0.0,369.615974375,"[1, 2, 3, 5, 6, 7, 9, 10, 11, 12, 13, 14, 16, 18, 19, 20]",247,16,stress,9,full_coverage_and_all_discovered_cleared,136,5913.85559,0.25344549998408183
26,0,True,boundary_min__n16__spatial,boundary_min,16,16,16,212,0.2558260000000132,16,,0,194,ring13_r870,[],28792.065499779088,0,0.0,436.7758189375,"[1, 2, 3, 5, 6, 7, 9, 10, 11, 12, 13, 14, 16, 18, 19, 20]",247,16,stress,13,full_coverage_and_all_discovered_cleared,180,6988.413103,0.2570470420178026
14,0,True,near_collinear_min__n10__positive,near_collinear_min,10,10,10,260,0.12207599999999275,10,,0,248,old_triangle19,[],40769.90836183357,0,0.0,967.0981675,"[4, 6, 10, 12, 14, 15, 16, 17, 18, 20]",248,10,stress,19,full_coverage_and_all_discovered_cleared,227,9670.981675,0.12295912497211248
16,0,True,near_collinear_min__n10__positive,near_collinear_min,10,10,10,140,0.13994199999999068,10,,0,128,peer_ring9_r1300,[],16274.216844796223,0,0.0,405.8843372,"[4, 6, 10, 12, 14, 15, 16, 17, 18, 20]",248,10,stress,9,full_coverage_and_all_discovered_cleared,114,4058.843372,0.1403019159915857
16,0,True,near_collinear_min__n10__positive,near_collinear_min,10,10,10,118,0.13919200000000842,10,,0,106,ring7_r1140,[],15021.794585397869,0,0.0,367.9358918,"[4, 6, 10, 12, 14, 15, 16, 17, 18, 20]",248,10,stress,7,full_coverage_and_all_discovered_cleared,95,3679.358918,0.13966791599523276
16,0,True,near_collinear_min__n10__positive,near_collinear_min,10,10,10,140,0.1403370000000166,10,,0,128,ring9_r960,[],14952.281277751186,0,0.0,379.44562559999997,"[4, 6, 10, 12, 14, 15, 16, 17, 18, 20]",248,10,stress,9,full_coverage_and_all_discovered_cleared,114,3794.456256,0.14092462498228997
16,0,True,near_collinear_min__n10__positive,near_collinear_min,10,10,10,184,0.16065799999998376,10,,0,172,ring13_r870,[],15305.959062981889,0,0.0,412.5191817,"[4, 6, 10, 12, 14, 15, 16, 17, 18, 20]",248,10,stress,13,full_coverage_and_all_discovered_cleared,154,4125.191817,0.16484383295755833
16,0,True,near_collinear_min__n10__negative,near_collinear_min,10,10,10,262,0.1271329999999864,10,,0,250,old_triangle19,[],40916.682125146894,0,0.0,971.0336424999999,"[4, 6, 10, 12, 14, 15, 16, 17, 18, 20]",249,10,stress,19,full_coverage_and_all_discovered_cleared,227,9710.336425,0.12741924996953458
16,0,True,near_collinear_min__n10__negative,near_collinear_min,10,10,10,140,0.13992500000000518,10,,0,128,peer_ring9_r1300,[],16474.787472253523,0,0.0,409.8957496,"[4, 6, 10, 12, 14, 15, 16, 17, 18, 20]",249,10,stress,9,full_coverage_and_all_discovered_cleared,114,4098.957496,0.1416827089851722
16,0,True,near_collinear_min__n10__negative,near_collinear_min,10,10,10,118,0.13202900000001705,10,,0,106,ring7_r1140,[],15197.245901259488,0,0.0,371.44491819999996,"[4, 6, 10, 12, 14, 15, 16, 17, 18, 20]",249,10,stress,7,full_coverage_and_all_discovered_cleared,95,3714.449182,0.13264741702005267
16,0,True,near_collinear_min__n10__negative,near_collinear_min,10,10,10,140,0.12575999999998544,10,,0,128,ring9_r960,[],15120.440045390775,0,0.0,382.8088009,"[4, 6, 10, 12, 14, 15, 16, 17, 18, 20]",249,10,stress,9,full_coverage_and_all_discovered_cleared,114,3828.088009,0.12604125001234934
16,0,True,near_collinear_min__n10__negative,near_collinear_min,10,10,10,184,0.1260340000000042,10,,0,172,ring13_r870,[],15477.207915391837,0,0.0,415.94415849999996,"[4, 6, 10, 12, 14, 15, 16, 17, 18, 20]",249,10,stress,13,full_coverage_and_all_discovered_cleared,154,4159.441585,0.12638887495268136
14,0,True,near_collinear_min__n10__spatial,near_collinear_min,10,10,10,260,0.11452900000000454,10,,0,248,old_triangle19,[],40955.2692496395,0,0.0,970.8053851000001,"[4, 6, 10, 12, 14, 15, 16, 17, 18, 20]",250,10,stress,19,full_coverage_and_all_discovered_cleared,227,9708.053851,0.11489795899251476
16,0,True,near_collinear_min__n10__spatial,near_collinear_min,10,10,10,140,0.1343830000000139,10,,0,128,peer_ring9_r1300,[],17143.054082608098,0,0.0,423.2610816,"[4, 6, 10, 12, 14, 15, 16, 17, 18, 20]",250,10,stress,9,full_coverage_and_all_discovered_cleared,114,4232.610816,0.13477041601436213
16,0,True,near_collinear_min__n10__spatial,near_collinear_min,10,10,10,118,0.13188900000000103,10,,0,106,ring7_r1140,[],15865.926102193926,0,0.0,384.8185221,"[4, 6, 10, 12, 14, 15, 16, 17, 18, 20]",250,10,stress,7,full_coverage_and_all_discovered_cleared,95,3848.185221,0.13229224999668077
16,0,True,near_collinear_min__n10__spatial,near_collinear_min,10,10,10,140,0.1358199999999954,10,,0,128,ring9_r960,[],15603.183984297055,0,0.0,392.4636796,"[4, 6, 10, 12, 14, 15, 16, 17, 18, 20]",250,10,stress,9,full_coverage_and_all_discovered_cleared,114,3924.636796,0.13623037503566593
16,0,True,near_collinear_min__n10__spatial,near_collinear_min,10,10,10,184,0.12795500000001425,10,,0,172,ring13_r870,[],15971.313758622295,0,0.0,425.82627549999995,"[4, 6, 10, 12, 14, 15, 16, 17, 18, 20]",250,10,stress,13,full_coverage_and_all_discovered_cleared,154,4258.262755,0.12812862498685718
20,0,True,near_collinear_min__n16__positive,near_collinear_min,16,16,16,170,0.15375199999999722,16,,0,152,old_triangle19,[],32040.743859778177,0,0.0,461.571798375,"[1, 2, 3, 5, 7, 8, 11, 12, 13, 14, 15, 16, 17, 18, 19, 20]",251,16,stress,12,public_upper_bound_16,137,7385.148774,0.1540548749617301
26,0,True,near_collinear_min__n16__positive,near_collinear_min,16,16,16,108,0.21822699999998463,16,,0,90,peer_ring9_r1300,[],18124.273330895132,0,0.0,264.36591675,"[1, 2, 3, 5, 7, 8, 11, 12, 13, 14, 15, 16, 17, 18, 19, 20]",251,16,stress,6,public_upper_bound_16,75,4229.854668,0.21891279198462144
24,0,True,near_collinear_min__n16__positive,near_collinear_min,16,16,16,98,0.20663300000001072,16,,0,80,ring7_r1140,[],17692.703563305593,0,0.0,255.4087945625,"[1, 2, 3, 5, 7, 8, 11, 12, 13, 14, 15, 16, 17, 18, 19, 20]",251,16,stress,5,public_upper_bound_16,68,4086.540713,0.207308541983366
26,0,True,near_collinear_min__n16__positive,near_collinear_min,16,16,16,108,0.23076900000000933,16,,0,90,ring9_r960,[],17235.20515790815,0,0.0,253.252564625,"[1, 2, 3, 5, 7, 8, 11, 12, 13, 14, 15, 16, 17, 18, 19, 20]",251,16,stress,6,public_upper_bound_16,75,4052.041034,0.23174158402252942
26,0,True,near_collinear_min__n16__positive,near_collinear_min,16,16,16,122,0.22720200000000546,16,,0,104,ring13_r870,[],17001.46509747014,0,0.0,255.518314,"[1, 2, 3, 5, 7, 8, 11, 12, 13, 14, 15, 16, 17, 18, 19, 20]",251,16,stress,8,public_upper_bound_16,88,4088.293024,0.22778420796385035
22,0,True,near_collinear_min__n16__negative,near_collinear_min,16,16,16,172,0.15859599999998863,16,,0,154,old_triangle19,[],31652.773393903906,0,0.0,457.3471675625,"[1, 2, 3, 5, 7, 8, 11, 12, 13, 14, 15, 16, 17, 18, 19, 20]",252,16,stress,12,public_upper_bound_16,137,7317.554681,0.15951995796058327
26,0,True,near_collinear_min__n16__negative,near_collinear_min,16,16,16,108,0.2039220000000057,16,,0,90,peer_ring9_r1300,[],18465.577738957996,0,0.0,268.6322218125,"[1, 2, 3, 5, 7, 8, 11, 12, 13, 14, 15, 16, 17, 18, 19, 20]",252,16,stress,6,public_upper_bound_16,75,4298.115549,0.20444004202727228
24,0,True,near_collinear_min__n16__negative,near_collinear_min,16,16,16,98,0.18511399999999867,16,,0,80,ring7_r1140,[],17755.461619012534,0,0.0,256.1932701875,"[1, 2, 3, 5, 7, 8, 11, 12, 13, 14, 15, 16, 17, 18, 19, 20]",252,16,stress,5,public_upper_bound_16,68,4099.092323,0.1854848749935627
26,0,True,near_collinear_min__n16__negative,near_collinear_min,16,16,16,108,0.20487099999999714,16,,0,90,ring9_r960,[],17647.9855868289,0,0.0,258.4123196875,"[1, 2, 3, 5, 7, 8, 11, 12, 13, 14, 15, 16, 17, 18, 19, 20]",252,16,stress,6,public_upper_bound_16,75,4134.597115,0.2054814999573864
26,0,True,near_collinear_min__n16__negative,near_collinear_min,16,16,16,122,0.2049729999999954,16,,0,104,ring13_r870,[],17419.816414006415,0,0.0,260.747705375,"[1, 2, 3, 5, 7, 8, 11, 12, 13, 14, 15, 16, 17, 18, 19, 20]",252,16,stress,8,public_upper_bound_16,88,4171.963286,0.20559437503106892
22,0,True,near_collinear_min__n16__spatial,near_collinear_min,16,16,16,172,0.16624299999998016,16,,0,154,old_triangle19,[],31613.674586736077,0,0.0,456.858432625,"[1, 2, 3, 5, 7, 8, 11, 12, 13, 14, 15, 16, 17, 18, 19, 20]",253,16,stress,12,public_upper_bound_16,137,7309.734922,0.16811008303193375
26,0,True,near_collinear_min__n16__spatial,near_collinear_min,16,16,16,108,0.20698500000000308,16,,0,90,peer_ring9_r1300,[],18348.70493692447,0,0.0,267.1713118125,"[1, 2, 3, 5, 7, 8, 11, 12, 13, 14, 15, 16, 17, 18, 19, 20]",253,16,stress,6,public_upper_bound_16,75,4274.740989,0.20764695800608024
24,0,True,near_collinear_min__n16__spatial,near_collinear_min,16,16,16,98,0.18885700000001293,16,,0,80,ring7_r1140,[],17681.412981394158,0,0.0,255.2676624375,"[1, 2, 3, 5, 7, 8, 11, 12, 13, 14, 15, 16, 17, 18, 19, 20]",253,16,stress,5,public_upper_bound_16,68,4084.282599,0.18920429202262312
26,0,True,near_collinear_min__n16__spatial,near_collinear_min,16,16,16,108,0.20868099999998435,16,,0,90,ring9_r960,[],17601.016353444815,0,0.0,257.8252045,"[1, 2, 3, 5, 7, 8, 11, 12, 13, 14, 15, 16, 17, 18, 19, 20]",253,16,stress,6,public_upper_bound_16,75,4125.203272,0.20894445898011327
26,0,True,near_collinear_min__n16__spatial,near_collinear_min,16,16,16,122,0.2104439999999954,16,,0,104,ring13_r870,[],17348.47139864935,0,0.0,259.8558926875,"[1, 2, 3, 5, 7, 8, 11, 12, 13, 14, 15, 16, 17, 18, 19, 20]",253,16,stress,8,public_upper_bound_16,88,4157.694283,0.21143445797497407
19,0,True,unknown_count_late__n10__positive,unknown_count_late,10,10,10,242,0.15187499999998977,10,,0,230,old_triangle19,[],42574.632084031975,0,0.0,991.7926416,"[2, 3, 4, 5, 10, 11, 13, 14, 17, 20]",254,10,stress,19,full_coverage_and_all_discovered_cleared,203,9917.926416,0.15244524995796382
20,0,True,unknown_count_late__n10__positive,unknown_count_late,10,10,10,133,0.16498800000002234,10,,0,121,peer_ring9_r1300,[],20798.879285290433,0,0.0,491.7775859,"[2, 3, 4, 5, 10, 11, 13, 14, 17, 20]",254,10,stress,9,full_coverage_and_all_discovered_cleared,103,4917.775859,0.16532550001284108
20,0,True,unknown_count_late__n10__positive,unknown_count_late,10,10,10,113,0.1654139999999984,10,,0,101,ring7_r1140,[],19705.23797956005,0,0.0,458.1047594,"[2, 3, 4, 5, 10, 11, 13, 14, 17, 20]",254,10,stress,7,full_coverage_and_all_discovered_cleared,85,4581.047594,0.1657890829956159
20,0,True,unknown_count_late__n10__positive,unknown_count_late,10,10,10,133,0.1668950000000109,10,,0,121,ring9_r960,[],19303.322571881312,0,0.0,461.8664513,"[2, 3, 4, 5, 10, 11, 13, 14, 17, 20]",254,10,stress,9,full_coverage_and_all_discovered_cleared,103,4618.664513,0.1672579160076566
20,0,True,unknown_count_late__n10__positive,unknown_count_late,10,10,10,173,0.16783499999999663,10,,0,161,ring13_r870,[],19234.88841998888,0,0.0,484.0977686,"[2, 3, 4, 5, 10, 11, 13, 14, 17, 20]",254,10,stress,13,full_coverage_and_all_discovered_cleared,139,4840.977686,0.1680973750189878
19,0,True,unknown_count_late__n10__negative,unknown_count_late,10,10,10,242,0.15596299999998564,10,,0,230,old_triangle19,[],42815.44827957249,0,0.0,996.6089656,"[2, 3, 4, 5, 10, 11, 13, 14, 17, 20]",255,10,stress,19,full_coverage_and_all_discovered_cleared,203,9966.089656,0.15624237502925098
19,0,True,unknown_count_late__n10__negative,unknown_count_late,10,10,10,132,0.15418999999999983,10,,0,120,peer_ring9_r1300,[],20599.773961843603,0,0.0,487.29547940000003,"[2, 3, 4, 5, 10, 11, 13, 14, 17, 20]",255,10,stress,9,full_coverage_and_all_discovered_cleared,103,4872.954794,0.15447816695086658
19,0,True,unknown_count_late__n10__negative,unknown_count_late,10,10,10,112,0.15392599999998424,10,,0,100,ring7_r1140,[],19499.004542326235,0,0.0,453.48009089999994,"[2, 3, 4, 5, 10, 11, 13, 14, 17, 20]",255,10,stress,7,full_coverage_and_all_discovered_cleared,85,4534.800909,0.1541490419767797
20,0,True,unknown_count_late__n10__negative,unknown_count_late,10,10,10,133,0.16430599999998208,10,,0,121,ring9_r960,[],19126.21286443017,0,0.0,458.32425739999996,"[2, 3, 4, 5, 10, 11, 13, 14, 17, 20]",255,10,stress,9,full_coverage_and_all_discovered_cleared,103,4583.242574,0.16447445802623406
20,0,True,unknown_count_late__n10__negative,unknown_count_late,10,10,10,173,0.1657069999999976,10,,0,161,ring13_r870,[],19056.90521061043,0,0.0,480.53810460000005,"[2, 3, 4, 5, 10, 11, 13, 14, 17, 20]",255,10,stress,13,full_coverage_and_all_discovered_cleared,139,4805.381046,0.1667171669541858
19,0,True,unknown_count_late__n10__spatial,unknown_count_late,10,10,10,242,0.1576689999999985,10,,0,230,old_triangle19,[],42913.099278961716,0,0.0,998.5619855000001,"[2, 3, 4, 5, 10, 11, 13, 14, 17, 20]",256,10,stress,19,full_coverage_and_all_discovered_cleared,203,9985.619855,0.15841845801332965
20,0,True,unknown_count_late__n10__spatial,unknown_count_late,10,10,10,133,0.1682209999999884,10,,0,121,peer_ring9_r1300,[],20744.191436558795,0,0.0,490.6838288,"[2, 3, 4, 5, 10, 11, 13, 14, 17, 20]",256,10,stress,9,full_coverage_and_all_discovered_cleared,103,4906.838288,0.16855387500254437
19,0,True,unknown_count_late__n10__spatial,unknown_count_late,10,10,10,112,0.16244800000001192,10,,0,100,ring7_r1140,[],19606.22139503507,0,0.0,455.62442769999996,"[2, 3, 4, 5, 10, 11, 13, 14, 17, 20]",256,10,stress,7,full_coverage_and_all_discovered_cleared,85,4556.244277,0.16469929198501632
20,0,True,unknown_count_late__n10__spatial,unknown_count_late,10,10,10,133,0.16778199999998833,10,,0,121,ring9_r960,[],19233.99189979554,0,0.0,460.47983780000004,"[2, 3, 4, 5, 10, 11, 13, 14, 17, 20]",256,10,stress,9,full_coverage_and_all_discovered_cleared,103,4604.798378,0.16815391700947657
19,0,True,unknown_count_late__n10__spatial,unknown_count_late,10,10,10,172,0.15410599999998453,10,,0,160,ring13_r870,[],19162.6132534447,0,0.0,482.1522651,"[2, 3, 4, 5, 10, 11, 13, 14, 17, 20]",256,10,stress,13,full_coverage_and_all_discovered_cleared,139,4821.522651,0.1544606250245124
30,0,True,unknown_count_late__n16__positive,unknown_count_late,16,16,16,123,0.23479000000000383,16,,0,105,old_triangle19,[],37216.07829282609,0,0.0,507.9509785,"[2, 3, 4, 5, 6, 8, 10, 11, 12, 13, 15, 16, 17, 18, 19, 20]",257,16,stress,12,public_upper_bound_16,79,8127.215656,0.23534929199377075
31,0,True,unknown_count_late__n16__positive,unknown_count_late,16,16,16,74,0.25176300000001106,16,,0,56,peer_ring9_r1300,[],19929.00722724559,0,0.0,274.05009025,"[2, 3, 4, 5, 6, 8, 10, 11, 12, 13, 15, 16, 17, 18, 19, 20]",257,16,stress,2,public_upper_bound_16,39,4384.801444,0.25242391595384106
31,0,True,unknown_count_late__n16__positive,unknown_count_late,16,16,16,74,0.2792870000000107,16,,0,56,ring7_r1140,[],19932.78140620517,0,0.0,274.097267375,"[2, 3, 4, 5, 6, 8, 10, 11, 12, 13, 15, 16, 17, 18, 19, 20]",257,16,stress,2,public_upper_bound_16,39,4385.556278,0.28955870802747086
31,0,True,unknown_count_late__n16__positive,unknown_count_late,16,16,16,74,0.26581500000000347,16,,0,56,ring9_r960,[],19938.845532237297,0,0.0,274.173069,"[2, 3, 4, 5, 6, 8, 10, 11, 12, 13, 15, 16, 17, 18, 19, 20]",257,16,stress,2,public_upper_bound_16,39,4386.769104,0.27108304196735844
31,0,True,unknown_count_late__n16__positive,unknown_count_late,16,16,16,74,0.2649319999999875,16,,0,56,ring13_r870,[],19941.24569546558,0,0.0,274.2030710625,"[2, 3, 4, 5, 6, 8, 10, 11, 12, 13, 15, 16, 17, 18, 19, 20]",257,16,stress,2,public_upper_bound_16,39,4387.249137,0.267712417000439
30,0,True,unknown_count_late__n16__negative,unknown_count_late,16,16,16,123,0.24169299999999794,16,,0,105,old_triangle19,[],36559.065013197454,0,0.0,499.738312625,"[2, 3, 4, 5, 6, 8, 10, 11, 12, 13, 15, 16, 17, 18, 19, 20]",258,16,stress,12,public_upper_bound_16,79,7995.813002,0.24275058397324756
30,0,True,unknown_count_late__n16__negative,unknown_count_late,16,16,16,73,0.23653600000000097,16,,0,55,peer_ring9_r1300,[],20080.704679193797,0,0.0,275.6338085,"[2, 3, 4, 5, 6, 8, 10, 11, 12, 13, 15, 16, 17, 18, 19, 20]",258,16,stress,2,public_upper_bound_16,39,4410.140936,0.23741883301408961
30,0,True,unknown_count_late__n16__negative,unknown_count_late,16,16,16,73,0.23708799999999997,16,,0,55,ring7_r1140,[],20082.579954257926,0,0.0,275.6572494375,"[2, 3, 4, 5, 6, 8, 10, 11, 12, 13, 15, 16, 17, 18, 19, 20]",258,16,stress,2,public_upper_bound_16,39,4410.515991,0.23781633301405236
31,0,True,unknown_count_late__n16__negative,unknown_count_late,16,16,16,74,0.2471659999999929,16,,0,56,ring9_r960,[],20108.520261518493,0,0.0,276.2940033125,"[2, 3, 4, 5, 6, 8, 10, 11, 12, 13, 15, 16, 17, 18, 19, 20]",258,16,stress,2,public_upper_bound_16,39,4420.704053,0.24783562496304512
31,0,True,unknown_count_late__n16__negative,unknown_count_late,16,16,16,74,0.24822900000000914,16,,0,56,ring13_r870,[],20111.229844707537,0,0.0,276.3278730625,"[2, 3, 4, 5, 6, 8, 10, 11, 12, 13, 15, 16, 17, 18, 19, 20]",258,16,stress,2,public_upper_bound_16,39,4421.245969,0.24892033298965544
31,0,True,unknown_count_late__n16__spatial,unknown_count_late,16,16,16,124,0.249637000000007,16,,0,106,old_triangle19,[],36618.384106576676,0,0.0,500.792301375,"[2, 3, 4, 5, 6, 8, 10, 11, 12, 13, 15, 16, 17, 18, 19, 20]",259,16,stress,12,public_upper_bound_16,79,8012.676822,0.25040237500797957
32,0,True,unknown_count_late__n16__spatial,unknown_count_late,16,16,16,75,0.2609480000000133,16,,0,57,peer_ring9_r1300,[],20176.39270086314,0,0.0,277.454908875,"[2, 3, 4, 5, 6, 8, 10, 11, 12, 13, 15, 16, 17, 18, 19, 20]",259,16,stress,2,public_upper_bound_16,39,4439.278542,0.2617994589963928
32,0,True,unknown_count_late__n16__spatial,unknown_count_late,16,16,16,75,0.26186400000000276,16,,0,57,ring7_r1140,[],20170.809528282392,0,0.0,277.3851190625,"[2, 3, 4, 5, 6, 8, 10, 11, 12, 13, 15, 16, 17, 18, 19, 20]",259,16,stress,2,public_upper_bound_16,39,4438.161905,0.2630336660076864
31,0,True,unknown_count_late__n16__spatial,unknown_count_late,16,16,16,74,0.27515499999998383,16,,0,56,ring9_r960,[],20169.48874986668,0,0.0,277.0561094375,"[2, 3, 4, 5, 6, 8, 10, 11, 12, 13, 15, 16, 17, 18, 19, 20]",259,16,stress,2,public_upper_bound_16,39,4432.897751,0.28358395904069766
32,0,True,unknown_count_late__n16__spatial,unknown_count_late,16,16,16,75,0.26880199999999377,16,,0,57,ring13_r870,[],20189.763481932463,0,0.0,277.6220435625,"[2, 3, 4, 5, 6, 8, 10, 11, 12, 13, 15, 16, 17, 18, 19, 20]",259,16,stress,2,public_upper_bound_16,39,4441.952697,0.2709685420268215
