active_measurements,active_no_signal,all_cleared,case_id,category,certified_clears,clear_calls,cleared,commands,cpu_s,discovered_channels,early_optical_success,early_optical_trials,failure,inconsistent_updates,measurements,method,missed_channels,move_m,optical_fallback_calls,optical_max_cover_radius,per_source_s,policy_cleared_channels,route_compute_s,route_replans,seed,skipped_precise_measurements,sources,split,stations_visited,stop_reason,switches,total_virtual_s,visited_original_indices,wall_s
16,0,True,uniform__iid__67,uniform__iid,10,10,10,150,0.13662400000000002,10,,,,0,138,baseline_peer9,[],16715.178060343696,0,0.0,421.10356119999994,"[4, 5, 7, 8, 9, 10, 14, 15, 18, 19]",,,67,,10,ordinary,9,full_coverage_and_all_discovered_cleared,128,4211.035612,,0.1448487499728799
17,0,True,uniform__iid__67,uniform__iid,10,10,10,127,0.133943,10,,,,0,115,baseline_ring7,[],15398.20229216294,0,0.0,381.0640459,"[4, 5, 7, 8, 9, 10, 14, 15, 18, 19]",,,67,,10,ordinary,7,full_coverage_and_all_discovered_cleared,106,3810.640459,,0.13441254099598154
15,0,True,uniform__iid__67,uniform__iid,10,10,10,143,0.11379,10,,,,0,131,dynamic_greedy9,[],15381.601567490754,0,0.0,390.4320314,"[4, 5, 7, 8, 9, 10, 14, 15, 18, 19]",0.00023600104032084346,9,67,,10,ordinary,9,full_coverage_and_all_discovered_cleared,123,3904.320314,"[0, 1, 8, 7, 6, 5, 4, 3, 2]",0.11405637499410659
15,0,True,uniform__iid__67,uniform__iid,10,10,10,143,0.11346299999999998,10,,,,0,131,dynamic_two_opt9,[],15381.601567490754,0,0.0,390.4320314,"[4, 5, 7, 8, 9, 10, 14, 15, 18, 19]",0.000259959080722183,9,67,,10,ordinary,9,full_coverage_and_all_discovered_cleared,123,3904.320314,"[0, 1, 8, 7, 6, 5, 4, 3, 2]",0.11375587497605011
4,0,True,uniform__iid__67,uniform__iid,10,10,10,186,0.05740199999999995,10,0,0,,0,174,deferred9,[],16095.780046053684,0,0.0,430.5156008,"[4, 5, 7, 8, 9, 10, 14, 15, 18, 19]",,,67,10,10,ordinary,9,full_coverage_and_all_discovered_cleared,166,4305.156008,,0.05770337500143796
4,0,True,uniform__iid__67,uniform__iid,10,10,10,186,0.05684,10,0,0,,0,174,opportunistic200_9,[],16095.780046053684,0,0.0,430.5156008,"[4, 5, 7, 8, 9, 10, 14, 15, 18, 19]",,,67,10,10,ordinary,9,full_coverage_and_all_discovered_cleared,166,4305.156008,,0.05696629197336733
4,0,True,uniform__iid__67,uniform__iid,10,10,10,186,0.05676599999999998,10,0,0,,0,174,opportunistic600_9,[],16095.780046053684,0,0.0,430.5156008,"[4, 5, 7, 8, 9, 10, 14, 15, 18, 19]",,,67,10,10,ordinary,9,full_coverage_and_all_discovered_cleared,166,4305.156008,,0.05693100002827123
16,0,True,uniform__iid__67,uniform__iid,8,14,10,154,0.09070499999999992,10,2,6,,0,138,trial80_9,[],16690.990395618133,0,0.0,421.8198079,"[4, 5, 7, 8, 9, 10, 14, 15, 18, 19]",,,67,0,10,ordinary,9,full_coverage_and_all_discovered_cleared,128,4218.198079,,0.09098241699393839
16,0,True,uniform__iid__67,uniform__iid,10,10,10,150,0.022650999999999977,10,0,0,,0,138,cov_mean9,[],16688.31952175881,0,0.0,420.5663904,"[4, 5, 7, 8, 9, 10, 14, 15, 18, 19]",,,67,0,10,ordinary,9,full_coverage_and_all_discovered_cleared,128,4205.663904,,0.022708042000886053
16,0,True,uniform__iid__67,uniform__iid,8,14,10,154,0.02031699999999992,10,2,6,,0,138,cov_trial80_9,[],16690.990395618133,0,0.0,421.8198079,"[4, 5, 7, 8, 9, 10, 14, 15, 18, 19]",,,67,0,10,ordinary,9,full_coverage_and_all_discovered_cleared,128,4218.198079,,0.020330000028479844
16,0,True,uniform__iid__67,uniform__iid,8,14,10,154,0.020330999999999988,10,2,6,,0,138,cov_robust80_9,[],16686.228351037895,0,0.0,421.72456709999994,"[4, 5, 7, 8, 9, 10, 14, 15, 18, 19]",,,67,0,10,ordinary,9,full_coverage_and_all_discovered_cleared,128,4217.245671,,0.020401582994963974
14,0,True,uniform__iid__67,uniform__iid,8,12,10,144,0.019399999999999973,10,2,4,,0,130,cov_dynamic80_9,[],15333.310831374485,0,0.0,389.5662166,"[4, 5, 7, 8, 9, 10, 14, 15, 18, 19]",,,67,0,10,ordinary,9,full_coverage_and_all_discovered_cleared,123,3895.662166,,0.019399415992666036
2,0,True,uniform__iid__67,uniform__iid,6,11,10,178,0.01917599999999997,10,4,5,,0,165,cov_opportunistic80_9,[],16145.548443746424,0,0.0,426.310969,"[4, 5, 7, 8, 9, 10, 14, 15, 18, 19]",,,67,10,10,ordinary,9,full_coverage_and_all_discovered_cleared,156,4263.10969,,0.01924991700798273
2,0,True,uniform__iid__67,uniform__iid,7,11,10,185,0.02019800000000005,10,3,4,,0,172,cov_deferred80_9,[],16085.729848062088,0,0.0,429.3145971,"[4, 5, 7, 8, 9, 10, 14, 15, 18, 19]",,,67,10,10,ordinary,9,full_coverage_and_all_discovered_cleared,163,4293.145971,,0.020243374980054796
13,0,True,uniform__iid__67,uniform__iid,5,12,10,125,0.01796999999999982,10,5,7,,0,111,cov_trial80_7,[],15343.501099347066,0,0.0,378.5700216,"[4, 5, 7, 8, 9, 10, 14, 15, 18, 19]",,,67,0,10,ordinary,7,full_coverage_and_all_discovered_cleared,106,3785.700216,,0.0180762920062989
13,0,True,uniform__iid__67,uniform__iid,5,12,10,125,0.017723000000000155,10,5,7,,0,111,cov_robust80_7,[],15341.770962022943,0,0.0,378.5354189,"[4, 5, 7, 8, 9, 10, 14, 15, 18, 19]",,,67,0,10,ordinary,7,full_coverage_and_all_discovered_cleared,106,3785.354189,,0.01776225003413856
28,0,True,uniform__iid__68,uniform__iid,15,15,15,127,0.22660199999999997,15,,,,0,110,baseline_peer9,[],23240.182623055938,0,0.0,357.6691014666667,"[2, 4, 5, 6, 8, 9, 11, 12, 13, 14, 15, 16, 17, 19, 20]",,,68,,15,ordinary,9,full_coverage_and_all_discovered_cleared,92,5365.036522,,0.2391057499917224
28,0,True,uniform__iid__68,uniform__iid,15,15,15,114,0.2180740000000001,15,,,,0,97,baseline_ring7,[],22825.395733186724,0,0.0,347.0719428666667,"[2, 4, 5, 6, 8, 9, 11, 12, 13, 14, 15, 16, 17, 19, 20]",,,68,,15,ordinary,7,full_coverage_and_all_discovered_cleared,81,5206.079143,,0.21879554202314466
27,0,True,uniform__iid__68,uniform__iid,15,15,15,122,0.212067,15,,,,0,105,dynamic_greedy9,[],20890.320485092972,0,0.0,324.27093966666666,"[2, 4, 5, 6, 8, 9, 11, 12, 13, 14, 15, 16, 17, 19, 20]",0.00020499905804172158,9,68,,15,ordinary,9,full_coverage_and_all_discovered_cleared,86,4864.064095,"[0, 5, 6, 7, 8, 1, 2, 3, 4]",0.21286724996753037
27,0,True,uniform__iid__68,uniform__iid,15,15,15,122,0.21264499999999997,15,,,,0,105,dynamic_two_opt9,[],20890.320485092972,0,0.0,324.27093966666666,"[2, 4, 5, 6, 8, 9, 11, 12, 13, 14, 15, 16, 17, 19, 20]",0.0002602910972200334,9,68,,15,ordinary,9,full_coverage_and_all_discovered_cleared,86,4864.064095,"[0, 5, 6, 7, 8, 1, 2, 3, 4]",0.21320158400340006
7,0,True,uniform__iid__68,uniform__iid,15,15,15,188,0.09587499999999993,15,0,0,,0,171,deferred9,[],18597.403717410256,0,0.0,320.6987163333333,"[2, 4, 5, 6, 8, 9, 11, 12, 13, 14, 15, 16, 17, 19, 20]",,,68,16,15,ordinary,9,full_coverage_and_all_discovered_cleared,161,4810.480745,,0.09608108300017193
7,0,True,uniform__iid__68,uniform__iid,15,15,15,188,0.09696000000000016,15,0,0,,0,171,opportunistic200_9,[],18597.403717410256,0,0.0,320.6987163333333,"[2, 4, 5, 6, 8, 9, 11, 12, 13, 14, 15, 16, 17, 19, 20]",,,68,16,15,ordinary,9,full_coverage_and_all_discovered_cleared,161,4810.480745,,0.09736199997132644
7,0,True,uniform__iid__68,uniform__iid,15,15,15,188,0.09654300000000005,15,0,0,,0,171,opportunistic600_9,[],18597.403717410256,0,0.0,320.6987163333333,"[2, 4, 5, 6, 8, 9, 11, 12, 13, 14, 15, 16, 17, 19, 20]",,,68,16,15,ordinary,9,full_coverage_and_all_discovered_cleared,161,4810.480745,,0.09671966702444479
22,0,True,uniform__iid__68,uniform__iid,8,20,15,126,0.12072000000000038,15,7,12,,0,104,trial80_9,[],23097.348201761553,0,0.0,354.76464246666666,"[2, 4, 5, 6, 8, 9, 11, 12, 13, 14, 15, 16, 17, 19, 20]",,,68,0,15,ordinary,9,full_coverage_and_all_discovered_cleared,92,5321.469637,,0.12098908302141353
28,0,True,uniform__iid__68,uniform__iid,15,15,15,127,0.03559499999999982,15,0,0,,0,110,cov_mean9,[],23419.379562829214,0,0.0,360.05839406666666,"[2, 4, 5, 6, 8, 9, 11, 12, 13, 14, 15, 16, 17, 19, 20]",,,68,0,15,ordinary,9,full_coverage_and_all_discovered_cleared,92,5400.875911,,0.035722792032174766
22,0,True,uniform__iid__68,uniform__iid,8,20,15,126,0.026965000000000128,15,7,12,,0,104,cov_trial80_9,[],23097.348201761553,0,0.0,354.76464246666666,"[2, 4, 5, 6, 8, 9, 11, 12, 13, 14, 15, 16, 17, 19, 20]",,,68,0,15,ordinary,9,full_coverage_and_all_discovered_cleared,92,5321.469637,,0.02702520799357444
22,0,True,uniform__iid__68,uniform__iid,9,21,15,127,0.026782000000000306,15,6,12,,0,104,cov_robust80_9,[],23673.701601798984,0,0.0,362.64935460000004,"[2, 4, 5, 6, 8, 9, 11, 12, 13, 14, 15, 16, 17, 19, 20]",,,68,0,15,ordinary,9,full_coverage_and_all_discovered_cleared,92,5439.740319,,0.026814709010068327
23,0,True,uniform__iid__68,uniform__iid,9,20,15,123,0.02815700000000021,15,6,11,,0,101,cov_dynamic80_9,[],20838.919880209694,0,0.0,323.252265,"[2, 4, 5, 6, 8, 9, 11, 12, 13, 14, 15, 16, 17, 19, 20]",,,68,0,15,ordinary,9,full_coverage_and_all_discovered_cleared,86,4848.783975,,0.02826150000328198
3,0,True,uniform__iid__68,uniform__iid,10,17,15,177,0.023619000000000057,15,5,7,,0,158,cov_opportunistic80_9,[],16704.3624188344,0,0.0,290.7248324,"[2, 4, 5, 6, 8, 9, 11, 12, 13, 14, 15, 16, 17, 19, 20]",,,68,11,15,ordinary,9,full_coverage_and_all_discovered_cleared,149,4360.872486,,0.023646625049877912
4,0,True,uniform__iid__68,uniform__iid,12,18,15,188,0.026720000000000077,15,3,6,,0,168,cov_deferred80_9,[],18460.709582661846,0,0.0,318.2761279333333,"[2, 4, 5, 6, 8, 9, 11, 12, 13, 14, 15, 16, 17, 19, 20]",,,68,16,15,ordinary,9,full_coverage_and_all_discovered_cleared,158,4774.141919,,0.026763792033307254
23,0,True,uniform__iid__68,uniform__iid,9,21,15,115,0.027168999999999777,15,6,12,,0,92,cov_trial80_7,[],22986.54638191063,0,0.0,348.7539514,"[2, 4, 5, 6, 8, 9, 11, 12, 13, 14, 15, 16, 17, 19, 20]",,,68,0,15,ordinary,7,full_coverage_and_all_discovered_cleared,81,5231.309271,,0.02731145900906995
23,0,True,uniform__iid__68,uniform__iid,10,22,15,116,0.026253000000000082,15,5,12,,0,92,cov_robust80_7,[],23207.15366195255,0,0.0,351.8953818666667,"[2, 4, 5, 6, 8, 9, 11, 12, 13, 14, 15, 16, 17, 19, 20]",,,68,0,15,ordinary,7,full_coverage_and_all_discovered_cleared,81,5278.430728,,0.026309500040952116
27,0,True,uniform__iid__69,uniform__iid,15,15,15,132,0.21772500000000017,15,,,,0,115,baseline_peer9,[],22972.07927285665,0,0.0,356.36105680000003,"[2, 3, 4, 5, 6, 7, 8, 9, 10, 11, 12, 13, 14, 16, 18]",,,69,,15,ordinary,9,full_coverage_and_all_discovered_cleared,101,5345.415852,,0.21825633302796632
25,0,True,uniform__iid__69,uniform__iid,15,15,15,115,0.20082500000000003,15,,,,0,98,baseline_ring7,[],21556.843408746452,0,0.0,330.82457866666664,"[2, 3, 4, 5, 6, 7, 8, 9, 10, 11, 12, 13, 14, 16, 18]",,,69,,15,ordinary,7,full_coverage_and_all_discovered_cleared,86,4962.36868,,0.2011924170074053
26,0,True,uniform__iid__69,uniform__iid,15,15,15,137,0.20386900000000008,15,,,,0,120,dynamic_greedy9,[],18997.917410975424,0,0.0,305.5055653333333,"[2, 3, 4, 5, 6, 7, 8, 9, 10, 11, 12, 13, 14, 16, 18]",0.00020470598246902227,9,69,,15,ordinary,9,full_coverage_and_all_discovered_cleared,108,4582.58348,"[0, 3, 4, 5, 6, 7, 8, 1, 2]",0.2043377910158597
26,0,True,uniform__iid__69,uniform__iid,15,15,15,137,0.20594800000000024,15,,,,0,120,dynamic_two_opt9,[],18997.917410975424,0,0.0,305.5055653333333,"[2, 3, 4, 5, 6, 7, 8, 9, 10, 11, 12, 13, 14, 16, 18]",0.0002929149195551872,9,69,,15,ordinary,9,full_coverage_and_all_discovered_cleared,108,4582.58348,"[0, 3, 4, 5, 6, 7, 8, 1, 2]",0.20677512499969453
8,0,True,uniform__iid__69,uniform__iid,15,15,15,189,0.0969199999999999,15,0,0,,0,172,deferred9,[],18721.86495856066,0,0.0,322.8248660666667,"[2, 3, 4, 5, 6, 7, 8, 9, 10, 11, 12, 13, 14, 16, 18]",,,69,16,15,ordinary,9,full_coverage_and_all_discovered_cleared,163,4842.372991,,0.09718962502665818
8,0,True,uniform__iid__69,uniform__iid,15,15,15,189,0.09821199999999974,15,0,0,,0,172,opportunistic200_9,[],18619.28463174397,0,0.0,321.45712833333334,"[2, 3, 4, 5, 6, 7, 8, 9, 10, 11, 12, 13, 14, 16, 18]",,,69,14,15,ordinary,9,full_coverage_and_all_discovered_cleared,163,4821.856925,,0.09861058299429715
8,0,True,uniform__iid__69,uniform__iid,15,15,15,189,0.09624699999999997,15,0,0,,0,172,opportunistic600_9,[],19505.334938968284,0,0.0,333.2711324666667,"[2, 3, 4, 5, 6, 7, 8, 9, 10, 11, 12, 13, 14, 16, 18]",,,69,3,15,ordinary,9,full_coverage_and_all_discovered_cleared,163,4999.066987,,0.09672854200471193
19,0,True,uniform__iid__69,uniform__iid,6,18,15,127,0.11624400000000001,15,9,12,,0,107,trial80_9,[],22889.286916495483,0,0.0,353.1904922,"[2, 3, 4, 5, 6, 7, 8, 9, 10, 11, 12, 13, 14, 16, 18]",,,69,0,15,ordinary,9,full_coverage_and_all_discovered_cleared,101,5297.857383,,0.11664029100211337
27,0,True,uniform__iid__69,uniform__iid,15,15,15,132,0.035821999999999576,15,0,0,,0,115,cov_mean9,[],23135.16957960984,0,0.0,358.53559413333335,"[2, 3, 4, 5, 6, 7, 8, 9, 10, 11, 12, 13, 14, 16, 18]",,,69,0,15,ordinary,9,full_coverage_and_all_discovered_cleared,101,5378.033912,,0.03593466599704698
21,0,True,uniform__iid__69,uniform__iid,7,19,15,130,0.028331000000000106,15,8,12,,0,109,cov_trial80_9,[],22972.767806660355,0,0.0,355.1702372666667,"[2, 3, 4, 5, 6, 7, 8, 9, 10, 11, 12, 13, 14, 16, 18]",,,69,0,15,ordinary,9,full_coverage_and_all_discovered_cleared,101,5327.553559,,0.02844808402005583
20,0,True,uniform__iid__69,uniform__iid,7,19,15,129,0.026121000000000283,15,8,12,,0,108,cov_robust80_9,[],23293.291600565062,0,0.0,359.1105546,"[2, 3, 4, 5, 6, 7, 8, 9, 10, 11, 12, 13, 14, 16, 18]",,,69,0,15,ordinary,9,full_coverage_and_all_discovered_cleared,101,5386.658319,,0.02616412501083687
19,0,True,uniform__iid__69,uniform__iid,7,18,15,133,0.025767000000000095,15,8,11,,0,113,cov_dynamic80_9,[],18974.6146460449,0,0.0,303.46152846666666,"[2, 3, 4, 5, 6, 7, 8, 9, 10, 11, 12, 13, 14, 16, 18]",,,69,0,15,ordinary,9,full_coverage_and_all_discovered_cleared,108,4551.922927,,0.025805250043049455
2,0,True,uniform__iid__69,uniform__iid,9,15,15,182,0.02221599999999979,15,6,6,,0,165,cov_opportunistic80_9,[],18281.730899069687,0,0.0,314.15641193333335,"[2, 3, 4, 5, 6, 7, 8, 9, 10, 11, 12, 13, 14, 16, 18]",,,69,14,15,ordinary,9,full_coverage_and_all_discovered_cleared,156,4712.346179,,0.02233316597994417
2,0,True,uniform__iid__69,uniform__iid,9,15,15,183,0.022793000000000063,15,6,6,,0,166,cov_deferred80_9,[],18592.557770261054,0,0.0,318.70077026666667,"[2, 3, 4, 5, 6, 7, 8, 9, 10, 11, 12, 13, 14, 16, 18]",,,69,16,15,ordinary,9,full_coverage_and_all_discovered_cleared,157,4780.511554,,0.022858167008962482
16,0,True,uniform__iid__69,uniform__iid,6,15,15,106,0.024183000000000288,15,9,9,,0,89,cov_trial80_7,[],21467.214579874835,0,0.0,326.62952786666665,"[2, 3, 4, 5, 6, 7, 8, 9, 10, 11, 12, 13, 14, 16, 18]",,,69,0,15,ordinary,7,full_coverage_and_all_discovered_cleared,86,4899.442918,,0.02421562495874241
18,0,True,uniform__iid__69,uniform__iid,6,17,15,110,0.024975999999999665,15,8,10,,0,91,cov_robust80_7,[],21956.09853243276,0,0.0,334.21464726666665,"[2, 3, 4, 5, 6, 7, 8, 9, 10, 11, 12, 13, 14, 16, 18]",,,69,0,15,ordinary,7,full_coverage_and_all_discovered_cleared,86,5013.219709,,0.0250556250102818
15,0,True,uniform__iid__70,uniform__iid,10,10,10,145,0.12092999999999954,10,,,,0,133,baseline_peer9,[],18543.50539511131,0,0.0,454.6701081,"[2, 3, 5, 10, 11, 13, 15, 16, 19, 20]",,,70,,10,ordinary,9,full_coverage_and_all_discovered_cleared,123,4546.701081,,0.1212874170159921
15,0,True,uniform__iid__70,uniform__iid,10,10,10,123,0.12355099999999997,10,,,,0,111,baseline_ring7,[],17593.563356199338,0,0.0,422.671267,"[2, 3, 5, 10, 11, 13, 15, 16, 19, 20]",,,70,,10,ordinary,7,full_coverage_and_all_discovered_cleared,103,4226.71267,,0.12405045802006498
17,0,True,uniform__iid__70,uniform__iid,10,10,10,147,0.14076400000000078,10,,,,0,135,dynamic_greedy9,[],16159.158138971656,0,0.0,407.983163,"[2, 3, 5, 10, 11, 13, 15, 16, 19, 20]",0.00021354103228077292,9,70,,10,ordinary,9,full_coverage_and_all_discovered_cleared,123,4079.83163,"[0, 2, 1, 8, 7, 6, 5, 4, 3]",0.1411482500261627
17,0,True,uniform__iid__70,uniform__iid,10,10,10,147,0.14083999999999985,10,,,,0,135,dynamic_two_opt9,[],16159.158138971656,0,0.0,407.983163,"[2, 3, 5, 10, 11, 13, 15, 16, 19, 20]",0.0002826260169968009,9,70,,10,ordinary,9,full_coverage_and_all_discovered_cleared,123,4079.83163,"[0, 2, 1, 8, 7, 6, 5, 4, 3]",0.14139816700480878
6,0,True,uniform__iid__70,uniform__iid,10,10,10,183,0.08280799999999999,10,0,0,,0,171,deferred9,[],18138.531301675932,0,0.0,469.5706263,"[2, 3, 5, 10, 11, 13, 15, 16, 19, 20]",,,70,15,10,ordinary,9,full_coverage_and_all_discovered_cleared,163,4695.706263,,0.08314595802221447
6,0,True,uniform__iid__70,uniform__iid,10,10,10,183,0.0839180000000006,10,0,0,,0,171,opportunistic200_9,[],18138.531301675932,0,0.0,469.5706263,"[2, 3, 5, 10, 11, 13, 15, 16, 19, 20]",,,70,15,10,ordinary,9,full_coverage_and_all_discovered_cleared,163,4695.706263,,0.08426024997606874
6,0,True,uniform__iid__70,uniform__iid,10,10,10,183,0.08355599999999974,10,0,0,,0,171,opportunistic600_9,[],18266.420381443873,0,0.0,472.1284079,"[2, 3, 5, 10, 11, 13, 15, 16, 19, 20]",,,70,13,10,ordinary,9,full_coverage_and_all_discovered_cleared,163,4721.284079,,0.08393504098057747
10,0,True,uniform__iid__70,uniform__iid,5,10,10,140,0.07573000000000008,10,5,5,,0,128,trial80_9,[],18539.620622176284,0,0.0,452.0924126,"[2, 3, 5, 10, 11, 13, 15, 16, 19, 20]",,,70,0,10,ordinary,9,full_coverage_and_all_discovered_cleared,123,4520.924126,,0.07592954201390967
15,0,True,uniform__iid__70,uniform__iid,10,10,10,145,0.023845999999999812,10,0,0,,0,133,cov_mean9,[],18608.92217248773,0,0.0,455.9784437,"[2, 3, 5, 10, 11, 13, 15, 16, 19, 20]",,,70,0,10,ordinary,9,full_coverage_and_all_discovered_cleared,123,4559.784437,,0.02420779096428305
10,0,True,uniform__iid__70,uniform__iid,5,10,10,140,0.019833999999999463,10,5,5,,0,128,cov_trial80_9,[],18539.620622176284,0,0.0,452.0924126,"[2, 3, 5, 10, 11, 13, 15, 16, 19, 20]",,,70,0,10,ordinary,9,full_coverage_and_all_discovered_cleared,123,4520.924126,,0.020390290999785066
10,0,True,uniform__iid__70,uniform__iid,5,10,10,140,0.017540000000000333,10,5,5,,0,128,cov_robust80_9,[],18472.405500236677,0,0.0,450.74811,"[2, 3, 5, 10, 11, 13, 15, 16, 19, 20]",,,70,0,10,ordinary,9,full_coverage_and_all_discovered_cleared,123,4507.4811,,0.01762637501815334
11,0,True,uniform__iid__70,uniform__iid,4,10,10,141,0.018355999999999817,10,6,6,,0,129,cov_dynamic80_9,[],16086.965053283231,0,0.0,403.5393011,"[2, 3, 5, 10, 11, 13, 15, 16, 19, 20]",,,70,0,10,ordinary,9,full_coverage_and_all_discovered_cleared,123,4035.393011,,0.018376749998424202
0,0,True,uniform__iid__70,uniform__iid,4,10,10,177,0.0172939999999997,10,6,6,,0,165,cov_opportunistic80_9,[],17954.233215180033,0,0.0,462.2846644,"[2, 3, 5, 10, 11, 13, 15, 16, 19, 20]",,,70,15,10,ordinary,9,full_coverage_and_all_discovered_cleared,157,4622.846644,,0.017319500038865954
0,0,True,uniform__iid__70,uniform__iid,4,10,10,177,0.017361000000000182,10,6,6,,0,165,cov_deferred80_9,[],17954.233215180033,0,0.0,462.2846644,"[2, 3, 5, 10, 11, 13, 15, 16, 19, 20]",,,70,15,10,ordinary,9,full_coverage_and_all_discovered_cleared,157,4622.846644,,0.01742704102071002
11,0,True,uniform__iid__70,uniform__iid,6,11,10,120,0.01717499999999994,10,4,5,,0,107,cov_trial80_7,[],17537.080500585995,0,0.0,419.8416099,"[2, 3, 5, 10, 11, 13, 15, 16, 19, 20]",,,70,0,10,ordinary,7,full_coverage_and_all_discovered_cleared,103,4198.416099,,0.017208834004122764
11,0,True,uniform__iid__70,uniform__iid,6,11,10,120,0.017208000000000112,10,4,5,,0,107,cov_robust80_7,[],17754.48760495249,0,0.0,424.18975179999995,"[2, 3, 5, 10, 11, 13, 15, 16, 19, 20]",,,70,0,10,ordinary,7,full_coverage_and_all_discovered_cleared,103,4241.897518,,0.01725045801140368
19,0,True,uniform__iid__71,uniform__iid,12,12,12,131,0.1493120000000001,12,,,,0,117,baseline_peer9,[],21144.638284816156,0,0.0,414.91063825,"[1, 2, 4, 5, 7, 9, 10, 13, 17, 18, 19, 20]",,,71,,12,ordinary,9,full_coverage_and_all_discovered_cleared,105,4978.927659,,0.1500862499815412
20,0,True,uniform__iid__71,uniform__iid,12,12,12,114,0.155551,12,,,,0,100,baseline_ring7,[],20509.577445028022,0,0.0,395.90962399999995,"[1, 2, 4, 5, 7, 9, 10, 13, 17, 18, 19, 20]",,,71,,12,ordinary,7,full_coverage_and_all_discovered_cleared,89,4750.915488,,0.15623683301964775
20,0,True,uniform__iid__71,uniform__iid,12,12,12,131,0.1558470000000005,12,,,,0,117,dynamic_greedy9,[],17691.602515212988,0,0.0,357.27670858333335,"[1, 2, 4, 5, 7, 9, 10, 13, 17, 18, 19, 20]",0.00020412507001310587,9,71,,12,ordinary,9,full_coverage_and_all_discovered_cleared,104,4287.320503,"[0, 7, 8, 1, 2, 3, 4, 5, 6]",0.15634562500054017
20,0,True,uniform__iid__71,uniform__iid,12,12,12,131,0.155138,12,,,,0,117,dynamic_two_opt9,[],17691.602515212988,0,0.0,357.27670858333335,"[1, 2, 4, 5, 7, 9, 10, 13, 17, 18, 19, 20]",0.00028445798670873046,9,71,,12,ordinary,9,full_coverage_and_all_discovered_cleared,104,4287.320503,"[0, 7, 8, 1, 2, 3, 4, 5, 6]",0.1555734589928761
8,0,True,uniform__iid__71,uniform__iid,12,12,12,186,0.10630499999999987,12,0,0,,0,172,deferred9,[],18915.9111028634,0,0.0,405.51518508333334,"[1, 2, 4, 5, 7, 9, 10, 13, 17, 18, 19, 20]",,,71,16,12,ordinary,9,full_coverage_and_all_discovered_cleared,163,4866.182221,,0.10671166703104973
8,0,True,uniform__iid__71,uniform__iid,12,12,12,186,0.11354400000000009,12,0,0,,0,172,opportunistic200_9,[],18915.9111028634,0,0.0,405.51518508333334,"[1, 2, 4, 5, 7, 9, 10, 13, 17, 18, 19, 20]",,,71,16,12,ordinary,9,full_coverage_and_all_discovered_cleared,163,4866.182221,,0.11955333402147517
8,0,True,uniform__iid__71,uniform__iid,12,12,12,186,0.10722199999999926,12,0,0,,0,172,opportunistic600_9,[],18848.860987838947,0,0.0,404.39768316666664,"[1, 2, 4, 5, 7, 9, 10, 13, 17, 18, 19, 20]",,,71,11,12,ordinary,9,full_coverage_and_all_discovered_cleared,163,4852.772198,,0.10760062496410683
19,0,True,uniform__iid__71,uniform__iid,10,15,12,134,0.1181049999999999,12,2,5,,0,117,trial80_9,[],21205.270985422852,0,0.0,416.67118308333335,"[1, 2, 4, 5, 7, 9, 10, 13, 17, 18, 19, 20]",,,71,0,12,ordinary,9,full_coverage_and_all_discovered_cleared,105,5000.054197,,0.1185048749903217
19,0,True,uniform__iid__71,uniform__iid,12,12,12,131,0.026400000000000645,12,0,0,,0,117,cov_mean9,[],21212.769335913017,0,0.0,416.04615575,"[1, 2, 4, 5, 7, 9, 10, 13, 17, 18, 19, 20]",,,71,0,12,ordinary,9,full_coverage_and_all_discovered_cleared,105,4992.553869,,0.026574833027552813
19,0,True,uniform__iid__71,uniform__iid,10,15,12,134,0.02463100000000029,12,2,5,,0,117,cov_trial80_9,[],21205.270985422852,0,0.0,416.67118308333335,"[1, 2, 4, 5, 7, 9, 10, 13, 17, 18, 19, 20]",,,71,0,12,ordinary,9,full_coverage_and_all_discovered_cleared,105,5000.054197,,0.02467425004579127
20,0,True,uniform__iid__71,uniform__iid,8,17,12,137,0.02538200000000046,12,3,7,,0,118,cov_robust80_9,[],21419.41115991566,1,12.301682068809212,421.15685233333335,"[1, 2, 4, 5, 7, 9, 10, 13, 17, 18, 19, 20]",,,71,0,12,ordinary,9,full_coverage_and_all_discovered_cleared,105,5053.882228,,0.025633750017732382
20,0,True,uniform__iid__71,uniform__iid,9,15,12,134,0.025914000000000215,12,3,6,,0,117,cov_dynamic80_9,[],17726.27317794079,0,0.0,358.6045529166667,"[1, 2, 4, 5, 7, 9, 10, 13, 17, 18, 19, 20]",,,71,0,12,ordinary,9,full_coverage_and_all_discovered_cleared,104,4303.254635,,0.026018792006652802
0,0,True,uniform__iid__71,uniform__iid,4,12,12,165,0.01856899999999939,12,8,8,,0,151,cov_opportunistic80_9,[],18039.11289233411,0,0.0,380.4018815833333,"[1, 2, 4, 5, 7, 9, 10, 13, 17, 18, 19, 20]",,,71,16,12,ordinary,9,full_coverage_and_all_discovered_cleared,142,4564.822579,,0.01862095796968788
0,0,True,uniform__iid__71,uniform__iid,4,12,12,178,0.020375999999999728,12,8,8,,0,164,cov_deferred80_9,[],18655.706760888505,0,0.0,397.17844599999995,"[1, 2, 4, 5, 7, 9, 10, 13, 17, 18, 19, 20]",,,71,16,12,ordinary,9,full_coverage_and_all_discovered_cleared,155,4766.141352,,0.020448875031434
19,0,True,uniform__iid__71,uniform__iid,9,15,12,116,0.02412100000000006,12,3,6,,0,99,cov_trial80_7,[],20567.925685369406,0,0.0,397.215428,"[1, 2, 4, 5, 7, 9, 10, 13, 17, 18, 19, 20]",,,71,0,12,ordinary,7,full_coverage_and_all_discovered_cleared,89,4766.585136,,0.02422537497477606
20,0,True,uniform__iid__71,uniform__iid,7,17,12,119,0.024481999999999893,12,4,8,,0,100,cov_robust80_7,[],20764.311137817254,1,12.301682068809212,401.4051851666666,"[1, 2, 4, 5, 7, 9, 10, 13, 17, 18, 19, 20]",,,71,0,12,ordinary,7,full_coverage_and_all_discovered_cleared,89,4816.862222,,0.024530750000849366
17,0,True,uniform__smooth__67,uniform__smooth,10,10,10,151,0.14197099999999985,10,,,,0,139,baseline_peer9,[],16811.382741927024,0,0.0,423.5276549,"[4, 5, 7, 8, 9, 10, 14, 15, 18, 19]",,,67,,10,ordinary,9,full_coverage_and_all_discovered_cleared,128,4235.276549,,0.1537117920233868
16,0,True,uniform__smooth__67,uniform__smooth,10,10,10,126,0.13267700000000016,10,,,,0,114,baseline_ring7,[],15426.363726454896,0,0.0,381.1272745,"[4, 5, 7, 8, 9, 10, 14, 15, 18, 19]",,,67,,10,ordinary,7,full_coverage_and_all_discovered_cleared,106,3811.272745,,0.1332841250114143
15,0,True,uniform__smooth__67,uniform__smooth,10,10,10,143,0.12331500000000073,10,,,,0,131,dynamic_greedy9,[],15476.566692118502,0,0.0,392.3313342,"[4, 5, 7, 8, 9, 10, 14, 15, 18, 19]",0.0002019170788116753,9,67,,10,ordinary,9,full_coverage_and_all_discovered_cleared,123,3923.313342,"[0, 1, 8, 7, 6, 5, 4, 3, 2]",0.12353487499058247
15,0,True,uniform__smooth__67,uniform__smooth,10,10,10,143,0.12399499999999986,10,,,,0,131,dynamic_two_opt9,[],15476.566692118502,0,0.0,392.3313342,"[4, 5, 7, 8, 9, 10, 14, 15, 18, 19]",0.00027891696663573384,9,67,,10,ordinary,9,full_coverage_and_all_discovered_cleared,123,3923.313342,"[0, 1, 8, 7, 6, 5, 4, 3, 2]",0.12434795900480822
3,0,True,uniform__smooth__67,uniform__smooth,10,10,10,184,0.05192599999999992,10,0,0,,0,172,deferred9,[],16005.636507293937,0,0.0,427.5127305,"[4, 5, 7, 8, 9, 10, 14, 15, 18, 19]",,,67,11,10,ordinary,9,full_coverage_and_all_discovered_cleared,164,4275.127305,,0.05216612498043105
3,0,True,uniform__smooth__67,uniform__smooth,10,10,10,184,0.05146799999999985,10,0,0,,0,172,opportunistic200_9,[],16005.636507293937,0,0.0,427.5127305,"[4, 5, 7, 8, 9, 10, 14, 15, 18, 19]",,,67,11,10,ordinary,9,full_coverage_and_all_discovered_cleared,164,4275.127305,,0.05153599998448044
3,0,True,uniform__smooth__67,uniform__smooth,10,10,10,184,0.050839999999999996,10,0,0,,0,172,opportunistic600_9,[],17148.079983136813,0,0.0,450.3616,"[4, 5, 7, 8, 9, 10, 14, 15, 18, 19]",,,67,7,10,ordinary,9,full_coverage_and_all_discovered_cleared,164,4503.616,,0.051041875034570694
16,0,True,uniform__smooth__67,uniform__smooth,8,14,10,154,0.0925609999999999,10,2,6,,0,138,trial80_9,[],16818.328640529213,0,0.0,424.36657269999995,"[4, 5, 7, 8, 9, 10, 14, 15, 18, 19]",,,67,0,10,ordinary,9,full_coverage_and_all_discovered_cleared,128,4243.665727,,0.09279924997827038
17,0,True,uniform__smooth__67,uniform__smooth,10,10,10,151,0.024638999999999633,10,0,0,,0,139,cov_mean9,[],16371.242486148978,0,0.0,414.72484990000004,"[4, 5, 7, 8, 9, 10, 14, 15, 18, 19]",,,67,0,10,ordinary,9,full_coverage_and_all_discovered_cleared,128,4147.248499,,0.024728709016926587
15,0,True,uniform__smooth__67,uniform__smooth,8,14,10,153,0.01998500000000014,10,2,6,,0,137,cov_trial80_9,[],16298.972179129472,0,0.0,413.4794435,"[4, 5, 7, 8, 9, 10, 14, 15, 18, 19]",,,67,0,10,ordinary,9,full_coverage_and_all_discovered_cleared,128,4134.794435,,0.02000379195669666
16,0,True,uniform__smooth__67,uniform__smooth,8,14,10,154,0.02135900000000035,10,2,6,,0,138,cov_robust80_9,[],16496.103129634696,0,0.0,417.92206269999997,"[4, 5, 7, 8, 9, 10, 14, 15, 18, 19]",,,67,0,10,ordinary,9,full_coverage_and_all_discovered_cleared,128,4179.220627,,0.02139516599709168
15,0,True,uniform__smooth__67,uniform__smooth,9,13,10,146,0.02164999999999928,10,1,4,,0,131,cov_dynamic80_9,[],14981.684833412954,0,0.0,383.3336968,"[4, 5, 7, 8, 9, 10, 14, 15, 18, 19]",,,67,0,10,ordinary,9,full_coverage_and_all_discovered_cleared,123,3833.336968,,0.02189695800188929
1,0,True,uniform__smooth__67,uniform__smooth,7,11,10,176,0.0179450000000001,10,3,4,,0,163,cov_opportunistic80_9,[],16057.764056908172,0,0.0,423.55528160000006,"[4, 5, 7, 8, 9, 10, 14, 15, 18, 19]",,,67,11,10,ordinary,9,full_coverage_and_all_discovered_cleared,156,4235.552816,,0.017969624954275787
0,0,True,uniform__smooth__67,uniform__smooth,7,10,10,181,0.018835000000000157,10,3,3,,0,169,cov_deferred80_9,[],15996.553054202395,0,0.0,425.5310614,"[4, 5, 7, 8, 9, 10, 14, 15, 18, 19]",,,67,11,10,ordinary,9,full_coverage_and_all_discovered_cleared,161,4255.310614,,0.01888008398236707
17,0,True,uniform__smooth__67,uniform__smooth,8,14,10,131,0.022161999999999793,10,2,6,,0,115,cov_trial80_7,[],15013.022241931236,0,0.0,374.5604446,"[4, 5, 7, 8, 9, 10, 14, 15, 18, 19]",,,67,0,10,ordinary,7,full_coverage_and_all_discovered_cleared,106,3745.604446,,0.022173665987793356
18,0,True,uniform__smooth__67,uniform__smooth,8,14,10,132,0.02333199999999991,10,2,6,,0,116,cov_robust80_7,[],15533.582393462448,0,0.0,385.4716477,"[4, 5, 7, 8, 9, 10, 14, 15, 18, 19]",,,67,0,10,ordinary,7,full_coverage_and_all_discovered_cleared,106,3854.716477,,0.023485249956138432
27,0,True,uniform__smooth__68,uniform__smooth,15,15,15,126,0.21380800000000022,15,,,,0,109,baseline_peer9,[],22404.480286654863,0,0.0,346.19307046666665,"[2, 4, 5, 6, 8, 9, 11, 12, 13, 14, 15, 16, 17, 19, 20]",,,68,,15,ordinary,9,full_coverage_and_all_discovered_cleared,92,5192.896057,,0.21433941600844264
28,0,True,uniform__smooth__68,uniform__smooth,15,15,15,114,0.23538800000000037,15,,,,0,97,baseline_ring7,[],22123.535947599223,0,0.0,337.71381246666664,"[2, 4, 5, 6, 8, 9, 11, 12, 13, 14, 15, 16, 17, 19, 20]",,,68,,15,ordinary,7,full_coverage_and_all_discovered_cleared,81,5065.707187,,0.23621175001608208
27,0,True,uniform__smooth__68,uniform__smooth,15,15,15,120,0.21002799999999944,15,,,,0,103,dynamic_greedy9,[],22633.42569536739,0,0.0,346.77900926666666,"[2, 4, 5, 6, 8, 9, 11, 12, 13, 14, 15, 16, 17, 19, 20]",0.0002049170434474945,9,68,,15,ordinary,9,full_coverage_and_all_discovered_cleared,85,5201.685139,"[0, 7, 6, 5, 4, 3, 2, 1, 8]",0.21058495802571997
27,0,True,uniform__smooth__68,uniform__smooth,15,15,15,120,0.21093899999999977,15,,,,0,103,dynamic_two_opt9,[],22633.42569536739,0,0.0,346.77900926666666,"[2, 4, 5, 6, 8, 9, 11, 12, 13, 14, 15, 16, 17, 19, 20]",0.0002678759628906846,9,68,,15,ordinary,9,full_coverage_and_all_discovered_cleared,85,5201.685139,"[0, 7, 6, 5, 4, 3, 2, 1, 8]",0.21140433300752193
5,0,True,uniform__smooth__68,uniform__smooth,15,15,15,182,0.07112199999999902,15,0,0,,0,165,deferred9,[],18579.4135583806,0,0.0,318.192181,"[2, 4, 5, 6, 8, 9, 11, 12, 13, 14, 15, 16, 17, 19, 20]",,,68,20,15,ordinary,9,full_coverage_and_all_discovered_cleared,157,4772.882715,,0.0712508749566041
5,0,True,uniform__smooth__68,uniform__smooth,15,15,15,182,0.07095699999999994,15,0,0,,0,165,opportunistic200_9,[],18579.4135583806,0,0.0,318.192181,"[2, 4, 5, 6, 8, 9, 11, 12, 13, 14, 15, 16, 17, 19, 20]",,,68,20,15,ordinary,9,full_coverage_and_all_discovered_cleared,157,4772.882715,,0.07110116601688787
5,0,True,uniform__smooth__68,uniform__smooth,15,15,15,182,0.07079900000000094,15,0,0,,0,165,opportunistic600_9,[],18579.4135583806,0,0.0,318.192181,"[2, 4, 5, 6, 8, 9, 11, 12, 13, 14, 15, 16, 17, 19, 20]",,,68,20,15,ordinary,9,full_coverage_and_all_discovered_cleared,157,4772.882715,,0.07094549998873845
22,0,True,uniform__smooth__68,uniform__smooth,8,18,15,124,0.1400819999999996,15,7,10,,0,104,trial80_9,[],22429.161718819505,0,0.0,345.4554896,"[2, 4, 5, 6, 8, 9, 11, 12, 13, 14, 15, 16, 17, 19, 20]",,,68,0,15,ordinary,9,full_coverage_and_all_discovered_cleared,92,5181.832344,,0.14079795801080763
27,0,True,uniform__smooth__68,uniform__smooth,15,15,15,126,0.035842000000000596,15,0,0,,0,109,cov_mean9,[],22610.06127355663,0,0.0,348.9341503333333,"[2, 4, 5, 6, 8, 9, 11, 12, 13, 14, 15, 16, 17, 19, 20]",,,68,0,15,ordinary,9,full_coverage_and_all_discovered_cleared,92,5234.012255,,0.03595262498129159
22,0,True,uniform__smooth__68,uniform__smooth,8,18,15,124,0.029313999999999396,15,7,10,,0,104,cov_trial80_9,[],22429.161718819505,0,0.0,345.4554896,"[2, 4, 5, 6, 8, 9, 11, 12, 13, 14, 15, 16, 17, 19, 20]",,,68,0,15,ordinary,9,full_coverage_and_all_discovered_cleared,92,5181.832344,,0.029373958008363843
22,0,True,uniform__smooth__68,uniform__smooth,7,18,15,124,0.0286010000000001,15,8,11,,0,104,cov_robust80_9,[],22519.029506708594,0,0.0,346.6537267333333,"[2, 4, 5, 6, 8, 9, 11, 12, 13, 14, 15, 16, 17, 19, 20]",,,68,0,15,ordinary,9,full_coverage_and_all_discovered_cleared,92,5199.805901,,0.02868475002469495
22,0,True,uniform__smooth__68,uniform__smooth,8,18,15,118,0.028945999999999472,15,7,10,,0,98,cov_dynamic80_9,[],22609.300736647623,0,0.0,345.3906764,"[2, 4, 5, 6, 8, 9, 11, 12, 13, 14, 15, 16, 17, 19, 20]",,,68,0,15,ordinary,9,full_coverage_and_all_discovered_cleared,85,5180.860146,,0.029024625022429973
1,0,True,uniform__smooth__68,uniform__smooth,8,15,15,173,0.02331199999999889,15,7,7,,0,156,cov_opportunistic80_9,[],16733.0864238966,0,0.0,289.9744856666667,"[2, 4, 5, 6, 8, 9, 11, 12, 13, 14, 15, 16, 17, 19, 20]",,,68,11,15,ordinary,9,full_coverage_and_all_discovered_cleared,148,4349.617285,,0.023359375016298145
1,0,True,uniform__smooth__68,uniform__smooth,11,15,15,178,0.026136000000001047,15,4,4,,0,161,cov_deferred80_9,[],18521.202673465006,0,0.0,315.81603566666666,"[2, 4, 5, 6, 8, 9, 11, 12, 13, 14, 15, 16, 17, 19, 20]",,,68,20,15,ordinary,9,full_coverage_and_all_discovered_cleared,153,4737.240535,,0.02619666699320078
25,0,True,uniform__smooth__68,uniform__smooth,9,20,15,116,0.030661999999999523,15,6,11,,0,94,cov_trial80_7,[],22497.325516387977,0,0.0,342.6976735333334,"[2, 4, 5, 6, 8, 9, 11, 12, 13, 14, 15, 16, 17, 19, 20]",,,68,0,15,ordinary,7,full_coverage_and_all_discovered_cleared,81,5140.465103,,0.030757000029552728
23,0,True,uniform__smooth__68,uniform__smooth,7,19,15,113,0.029163999999999746,15,8,12,,0,92,cov_robust80_7,[],22001.068748259968,0,0.0,335.21425013333334,"[2, 4, 5, 6, 8, 9, 11, 12, 13, 14, 15, 16, 17, 19, 20]",,,68,0,15,ordinary,7,full_coverage_and_all_discovered_cleared,81,5028.213752,,0.029211167013272643
27,0,True,uniform__smooth__69,uniform__smooth,15,15,15,132,0.21387400000000056,15,,,,0,115,baseline_peer9,[],22475.424227992935,0,0.0,349.7389898,"[2, 3, 4, 5, 6, 7, 8, 9, 10, 11, 12, 13, 14, 16, 18]",,,69,,15,ordinary,9,full_coverage_and_all_discovered_cleared,101,5246.084847,,0.2143880000221543
25,0,True,uniform__smooth__69,uniform__smooth,15,15,15,115,0.20228499999999983,15,,,,0,98,baseline_ring7,[],21401.580817016795,0,0.0,328.754411,"[2, 3, 4, 5, 6, 7, 8, 9, 10, 11, 12, 13, 14, 16, 18]",,,69,,15,ordinary,7,full_coverage_and_all_discovered_cleared,86,4931.316165,,0.20291983394417912
25,0,True,uniform__smooth__69,uniform__smooth,15,15,15,129,0.19666400000000017,15,,,,0,112,dynamic_greedy9,[],19075.17226348223,0,0.0,303.3356301333333,"[2, 3, 4, 5, 6, 7, 8, 9, 10, 11, 12, 13, 14, 16, 18]",0.00023212702944874763,9,69,,15,ordinary,9,full_coverage_and_all_discovered_cleared,100,4550.034452,"[0, 7, 8, 1, 2, 3, 4, 5, 6]",0.19745191698893905
25,0,True,uniform__smooth__69,uniform__smooth,15,15,15,129,0.1985569999999992,15,,,,0,112,dynamic_two_opt9,[],19075.17226348223,0,0.0,303.3356301333333,"[2, 3, 4, 5, 6, 7, 8, 9, 10, 11, 12, 13, 14, 16, 18]",0.00028391892556101084,9,69,,15,ordinary,9,full_coverage_and_all_discovered_cleared,100,4550.034452,"[0, 7, 8, 1, 2, 3, 4, 5, 6]",0.19921608397271484
7,0,True,uniform__smooth__69,uniform__smooth,15,15,15,186,0.09302400000000155,15,0,0,,0,169,deferred9,[],18611.48646693171,0,0.0,320.15315300000003,"[2, 3, 4, 5, 6, 7, 8, 9, 10, 11, 12, 13, 14, 16, 18]",,,69,18,15,ordinary,9,full_coverage_and_all_discovered_cleared,160,4802.297295,,0.09345995902549475
7,0,True,uniform__smooth__69,uniform__smooth,15,15,15,186,0.09310799999999908,15,0,0,,0,169,opportunistic200_9,[],18509.879704803592,0,0.0,318.79839626666666,"[2, 3, 4, 5, 6, 7, 8, 9, 10, 11, 12, 13, 14, 16, 18]",,,69,16,15,ordinary,9,full_coverage_and_all_discovered_cleared,160,4781.975944,,0.09330999996745959
7,0,True,uniform__smooth__69,uniform__smooth,15,15,15,186,0.09297699999999942,15,0,0,,0,169,opportunistic600_9,[],19156.465492058345,0,0.0,327.41954,"[2, 3, 4, 5, 6, 7, 8, 9, 10, 11, 12, 13, 14, 16, 18]",,,69,5,15,ordinary,9,full_coverage_and_all_discovered_cleared,160,4911.2931,,0.09342575003392994
23,0,True,uniform__smooth__69,uniform__smooth,10,22,15,135,0.11329100000000025,15,5,12,,0,111,trial80_9,[],22392.142926380075,0,0.0,348.69523893333337,"[2, 3, 4, 5, 6, 7, 8, 9, 10, 11, 12, 13, 14, 16, 18]",,,69,0,15,ordinary,9,full_coverage_and_all_discovered_cleared,101,5230.428584,,0.11368254199624062
28,0,True,uniform__smooth__69,uniform__smooth,15,15,15,133,0.037806999999999036,15,0,0,,0,116,cov_mean9,[],23590.328874522904,0,0.0,364.93771833333335,"[2, 3, 4, 5, 6, 7, 8, 9, 10, 11, 12, 13, 14, 16, 18]",,,69,0,15,ordinary,9,full_coverage_and_all_discovered_cleared,101,5474.065775,,0.03790220798691735
21,0,True,uniform__smooth__69,uniform__smooth,8,20,15,131,0.027924999999999756,15,7,12,,0,109,cov_trial80_9,[],23269.662505929926,0,0.0,359.3288334,"[2, 3, 4, 5, 6, 7, 8, 9, 10, 11, 12, 13, 14, 16, 18]",,,69,0,15,ordinary,9,full_coverage_and_all_discovered_cleared,101,5389.932501,,0.028029208013322204
22,0,True,uniform__smooth__69,uniform__smooth,9,21,15,133,0.027906999999999016,15,6,12,,0,110,cov_robust80_9,[],23758.291330518477,0,0.0,366.3772176666667,"[2, 3, 4, 5, 6, 7, 8, 9, 10, 11, 12, 13, 14, 16, 18]",,,69,0,15,ordinary,9,full_coverage_and_all_discovered_cleared,101,5495.658265,,0.028007833985611796
19,0,True,uniform__smooth__69,uniform__smooth,8,18,15,126,0.026645000000000252,15,7,10,,0,106,cov_dynamic80_9,[],19872.309476269395,0,0.0,312.56412613333333,"[2, 3, 4, 5, 6, 7, 8, 9, 10, 11, 12, 13, 14, 16, 18]",,,69,0,15,ordinary,9,full_coverage_and_all_discovered_cleared,100,4688.461892,,0.02678587503032759
3,0,True,uniform__smooth__69,uniform__smooth,11,16,15,182,0.02426999999999957,15,4,5,,0,164,cov_opportunistic80_9,[],18141.99396531206,0,0.0,312.15991973333337,"[2, 3, 4, 5, 6, 7, 8, 9, 10, 11, 12, 13, 14, 16, 18]",,,69,16,15,ordinary,9,full_coverage_and_all_discovered_cleared,156,4682.398796,,0.024313332978636026
3,0,True,uniform__smooth__69,uniform__smooth,11,16,15,183,0.025437000000000154,15,4,5,,0,165,cov_deferred80_9,[],18469.11546440579,0,0.0,316.85487293333335,"[2, 3, 4, 5, 6, 7, 8, 9, 10, 11, 12, 13, 14, 16, 18]",,,69,18,15,ordinary,9,full_coverage_and_all_discovered_cleared,156,4752.823094,,0.025522666051983833
20,0,True,uniform__smooth__69,uniform__smooth,9,18,15,113,0.027276000000000522,15,6,9,,0,93,cov_trial80_7,[],21849.240800590167,0,0.0,333.65654406666664,"[2, 3, 4, 5, 6, 7, 8, 9, 10, 11, 12, 13, 14, 16, 18]",,,69,0,15,ordinary,7,full_coverage_and_all_discovered_cleared,86,5004.848161,,0.027318375010509044
22,0,True,uniform__smooth__69,uniform__smooth,10,20,15,117,0.02804200000000101,15,5,10,,0,95,cov_robust80_7,[],22705.294017765358,0,0.0,346.13725346666666,"[2, 3, 4, 5, 6, 7, 8, 9, 10, 11, 12, 13, 14, 16, 18]",,,69,0,15,ordinary,7,full_coverage_and_all_discovered_cleared,86,5192.058802,,0.0281241670018062
15,0,True,uniform__smooth__70,uniform__smooth,10,10,10,145,0.1173339999999996,10,,,,0,133,baseline_peer9,[],18314.12298366709,0,0.0,450.08245989999995,"[2, 3, 5, 10, 11, 13, 15, 16, 19, 20]",,,70,,10,ordinary,9,full_coverage_and_all_discovered_cleared,123,4500.824599,,0.11760120902908966
15,0,True,uniform__smooth__70,uniform__smooth,10,10,10,123,0.12068700000000021,10,,,,0,111,baseline_ring7,[],17395.791914679307,0,0.0,418.71583849999996,"[2, 3, 5, 10, 11, 13, 15, 16, 19, 20]",,,70,,10,ordinary,7,full_coverage_and_all_discovered_cleared,103,4187.158385,,0.12096641701646149
16,0,True,uniform__smooth__70,uniform__smooth,10,10,10,146,0.1400939999999995,10,,,,0,134,dynamic_greedy9,[],15858.087775427088,0,0.0,401.4617555,"[2, 3, 5, 10, 11, 13, 15, 16, 19, 20]",0.0002206680364906788,9,70,,10,ordinary,9,full_coverage_and_all_discovered_cleared,123,4014.617555,"[0, 2, 1, 8, 7, 6, 5, 4, 3]",0.14201800001319498
16,0,True,uniform__smooth__70,uniform__smooth,10,10,10,146,0.13079799999999864,10,,,,0,134,dynamic_two_opt9,[],15858.087775427088,0,0.0,401.4617555,"[2, 3, 5, 10, 11, 13, 15, 16, 19, 20]",0.0002669589011929929,9,70,,10,ordinary,9,full_coverage_and_all_discovered_cleared,123,4014.617555,"[0, 2, 1, 8, 7, 6, 5, 4, 3]",0.13107537501491606
5,0,True,uniform__smooth__70,uniform__smooth,10,10,10,180,0.06605099999999986,10,0,0,,0,168,deferred9,[],17966.85921003176,0,0.0,464.3371844,"[2, 3, 5, 10, 11, 13, 15, 16, 19, 20]",,,70,17,10,ordinary,9,full_coverage_and_all_discovered_cleared,160,4643.371844,,0.06623200001195073
5,0,True,uniform__smooth__70,uniform__smooth,10,10,10,180,0.06414200000000037,10,0,0,,0,168,opportunistic200_9,[],17966.85921003176,0,0.0,464.3371844,"[2, 3, 5, 10, 11, 13, 15, 16, 19, 20]",,,70,17,10,ordinary,9,full_coverage_and_all_discovered_cleared,160,4643.371844,,0.06433112500235438
5,0,True,uniform__smooth__70,uniform__smooth,10,10,10,180,0.06599699999999942,10,0,0,,0,168,opportunistic600_9,[],17924.426487134777,0,0.0,463.48852999999997,"[2, 3, 5, 10, 11, 13, 15, 16, 19, 20]",,,70,9,10,ordinary,9,full_coverage_and_all_discovered_cleared,160,4634.8853,,0.06634583399863914
11,0,True,uniform__smooth__70,uniform__smooth,6,11,10,142,0.07139499999999899,10,4,5,,0,129,trial80_9,[],18273.195054345084,0,0.0,447.5639013,"[2, 3, 5, 10, 11, 13, 15, 16, 19, 20]",,,70,0,10,ordinary,9,full_coverage_and_all_discovered_cleared,123,4475.639013,,0.07154091697884724
15,0,True,uniform__smooth__70,uniform__smooth,10,10,10,145,0.022501000000000104,10,0,0,,0,133,cov_mean9,[],18384.288303013727,0,0.0,451.48576620000006,"[2, 3, 5, 10, 11, 13, 15, 16, 19, 20]",,,70,0,10,ordinary,9,full_coverage_and_all_discovered_cleared,123,4514.857662,,0.022551792033482343
11,0,True,uniform__smooth__70,uniform__smooth,6,11,10,142,0.01780199999999965,10,4,5,,0,129,cov_trial80_9,[],18273.195054345084,0,0.0,447.5639013,"[2, 3, 5, 10, 11, 13, 15, 16, 19, 20]",,,70,0,10,ordinary,9,full_coverage_and_all_discovered_cleared,123,4475.639013,,0.017812250007409602
11,0,True,uniform__smooth__70,uniform__smooth,6,11,10,142,0.017424999999999358,10,4,5,,0,129,cov_robust80_9,[],17976.217236293684,0,0.0,441.624345,"[2, 3, 5, 10, 11, 13, 15, 16, 19, 20]",,,70,0,10,ordinary,9,full_coverage_and_all_discovered_cleared,123,4416.24345,,0.01750725001329556
11,0,True,uniform__smooth__70,uniform__smooth,5,11,10,142,0.018055000000000376,10,5,6,,0,129,cov_dynamic80_9,[],15803.20439650886,0,0.0,398.164088,"[2, 3, 5, 10, 11, 13, 15, 16, 19, 20]",,,70,0,10,ordinary,9,full_coverage_and_all_discovered_cleared,123,3981.64088,,0.01809437497286126
1,0,True,uniform__smooth__70,uniform__smooth,5,11,10,176,0.016643999999999437,10,5,6,,0,163,cov_opportunistic80_9,[],17849.24904780696,0,0.0,459.184981,"[2, 3, 5, 10, 11, 13, 15, 16, 19, 20]",,,70,15,10,ordinary,9,full_coverage_and_all_discovered_cleared,154,4591.84981,,0.0166999590001069
1,0,True,uniform__smooth__70,uniform__smooth,6,11,10,177,0.01671200000000006,10,4,5,,0,164,cov_deferred80_9,[],17933.405048226265,0,0.0,461.568101,"[2, 3, 5, 10, 11, 13, 15, 16, 19, 20]",,,70,17,10,ordinary,9,full_coverage_and_all_discovered_cleared,156,4615.68101,,0.016739292012061924
11,0,True,uniform__smooth__70,uniform__smooth,6,11,10,120,0.017655999999998784,10,4,5,,0,107,cov_trial80_7,[],17353.499717083298,0,0.0,416.1699946,"[2, 3, 5, 10, 11, 13, 15, 16, 19, 20]",,,70,0,10,ordinary,7,full_coverage_and_all_discovered_cleared,103,4161.699946,,0.017739333037752658
11,0,True,uniform__smooth__70,uniform__smooth,6,11,10,120,0.017494999999998484,10,4,5,,0,107,cov_robust80_7,[],17353.499717083298,0,0.0,416.1699946,"[2, 3, 5, 10, 11, 13, 15, 16, 19, 20]",,,70,0,10,ordinary,7,full_coverage_and_all_discovered_cleared,103,4161.699946,,0.017567250004503876
19,0,True,uniform__smooth__71,uniform__smooth,12,12,12,131,0.1587019999999999,12,,,,0,117,baseline_peer9,[],21028.92466585977,0,0.0,412.98207783333334,"[1, 2, 4, 5, 7, 9, 10, 13, 17, 18, 19, 20]",,,71,,12,ordinary,9,full_coverage_and_all_discovered_cleared,105,4955.784934,,0.15912329201819375
20,0,True,uniform__smooth__71,uniform__smooth,12,12,12,114,0.16267800000000143,12,,,,0,100,baseline_ring7,[],20429.929118737447,0,0.0,394.5821520833333,"[1, 2, 4, 5, 7, 9, 10, 13, 17, 18, 19, 20]",,,71,,12,ordinary,7,full_coverage_and_all_discovered_cleared,89,4734.985825,,0.16304245800711215
20,0,True,uniform__smooth__71,uniform__smooth,12,12,12,131,0.16818999999999917,12,,,,0,117,dynamic_greedy9,[],17648.020246897308,0,0.0,356.5503375833334,"[1, 2, 4, 5, 7, 9, 10, 13, 17, 18, 19, 20]",0.00020316493464633822,9,71,,12,ordinary,9,full_coverage_and_all_discovered_cleared,104,4278.604051,"[0, 7, 8, 1, 2, 3, 4, 5, 6]",0.16860904201166704
20,0,True,uniform__smooth__71,uniform__smooth,12,12,12,131,0.16866800000000026,12,,,,0,117,dynamic_two_opt9,[],17648.020246897308,0,0.0,356.5503375833334,"[1, 2, 4, 5, 7, 9, 10, 13, 17, 18, 19, 20]",0.0002792919985949993,9,71,,12,ordinary,9,full_coverage_and_all_discovered_cleared,104,4278.604051,"[0, 7, 8, 1, 2, 3, 4, 5, 6]",0.16929495800286531
4,0,True,uniform__smooth__71,uniform__smooth,12,12,12,178,0.06342099999999995,12,0,0,,0,164,deferred9,[],17837.24741207304,0,0.0,383.53745683333335,"[1, 2, 4, 5, 7, 9, 10, 13, 17, 18, 19, 20]",,,71,20,12,ordinary,9,full_coverage_and_all_discovered_cleared,155,4602.449482,,0.06354666600236669
4,0,True,uniform__smooth__71,uniform__smooth,12,12,12,178,0.06265199999999993,12,0,0,,0,164,opportunistic200_9,[],18769.895512355593,0,0.0,399.08159183333333,"[1, 2, 4, 5, 7, 9, 10, 13, 17, 18, 19, 20]",,,71,19,12,ordinary,9,full_coverage_and_all_discovered_cleared,155,4788.979102,,0.06288187502650544
4,0,True,uniform__smooth__71,uniform__smooth,12,12,12,178,0.06352500000000028,12,0,0,,0,164,opportunistic600_9,[],18769.895512355593,0,0.0,399.08159183333333,"[1, 2, 4, 5, 7, 9, 10, 13, 17, 18, 19, 20]",,,71,19,12,ordinary,9,full_coverage_and_all_discovered_cleared,155,4788.979102,,0.06365741696208715
19,0,True,uniform__smooth__71,uniform__smooth,10,15,12,134,0.12887499999999896,12,2,5,,0,117,trial80_9,[],21030.75970476745,0,0.0,413.7626619166667,"[1, 2, 4, 5, 7, 9, 10, 13, 17, 18, 19, 20]",,,71,0,12,ordinary,9,full_coverage_and_all_discovered_cleared,105,4965.151943,,0.1293596670147963
19,0,True,uniform__smooth__71,uniform__smooth,12,12,12,131,0.02723300000000073,12,0,0,,0,117,cov_mean9,[],21105.090526207965,0,0.0,414.2515088333334,"[1, 2, 4, 5, 7, 9, 10, 13, 17, 18, 19, 20]",,,71,0,12,ordinary,9,full_coverage_and_all_discovered_cleared,105,4971.018106,,0.02731662499718368
20,0,True,uniform__smooth__71,uniform__smooth,11,15,12,135,0.027324999999999378,12,1,4,,0,118,cov_trial80_9,[],21063.829195714006,0,0.0,414.73048675,"[1, 2, 4, 5, 7, 9, 10, 13, 17, 18, 19, 20]",,,71,0,12,ordinary,9,full_coverage_and_all_discovered_cleared,105,4976.765841,,0.02756108302855864
20,0,True,uniform__smooth__71,uniform__smooth,8,15,12,135,0.026143000000001138,12,4,7,,0,118,cov_robust80_9,[],21306.651422317336,0,0.0,418.77752391666667,"[1, 2, 4, 5, 7, 9, 10, 13, 17, 18, 19, 20]",,,71,0,12,ordinary,9,full_coverage_and_all_discovered_cleared,105,5025.330287,,0.02616724994732067
22,0,True,uniform__smooth__71,uniform__smooth,11,16,12,137,0.028378999999999266,12,1,5,,0,119,cov_dynamic80_9,[],17702.11058855939,0,0.0,359.28517658333334,"[1, 2, 4, 5, 7, 9, 10, 13, 17, 18, 19, 20]",,,71,0,12,ordinary,9,full_coverage_and_all_discovered_cleared,104,4311.422119,,0.028439417015761137
0,0,True,uniform__smooth__71,uniform__smooth,7,12,12,166,0.01933900000000044,12,5,5,,0,152,cov_opportunistic80_9,[],18065.249354950647,0,0.0,381.33748941666664,"[1, 2, 4, 5, 7, 9, 10, 13, 17, 18, 19, 20]",,,71,15,12,ordinary,9,full_coverage_and_all_discovered_cleared,143,4576.049873,,0.019386292027775198
0,0,True,uniform__smooth__71,uniform__smooth,8,12,12,174,0.021091000000000193,12,4,4,,0,160,cov_deferred80_9,[],17697.46630945032,0,0.0,379.2077719166667,"[1, 2, 4, 5, 7, 9, 10, 13, 17, 18, 19, 20]",,,71,20,12,ordinary,9,full_coverage_and_all_discovered_cleared,151,4550.493263,,0.021290540986228734
19,0,True,uniform__smooth__71,uniform__smooth,10,16,12,117,0.024416000000000437,12,2,6,,0,99,cov_trial80_7,[],20410.317529090855,0,0.0,394.83862550000003,"[1, 2, 4, 5, 7, 9, 10, 13, 17, 18, 19, 20]",,,71,0,12,ordinary,7,full_coverage_and_all_discovered_cleared,89,4738.063506,,0.024454500002320856
19,0,True,uniform__smooth__71,uniform__smooth,8,16,12,117,0.024448999999998833,12,4,8,,0,99,cov_robust80_7,[],20588.944350282964,0,0.0,397.81573925,"[1, 2, 4, 5, 7, 9, 10, 13, 17, 18, 19, 20]",,,71,0,12,ordinary,7,full_coverage_and_all_discovered_cleared,89,4773.788871,,0.024590499990154058
17,0,True,uniform__adversarial-positive__67,uniform__adversarial-positive,10,10,10,151,0.13876299999999908,10,,,,0,139,baseline_peer9,[],16145.026994319003,0,0.0,410.2005402,"[4, 5, 7, 8, 9, 10, 14, 15, 18, 19]",,,67,,10,ordinary,9,full_coverage_and_all_discovered_cleared,128,4102.005402,,0.1393189579830505
16,0,True,uniform__adversarial-positive__67,uniform__adversarial-positive,10,10,10,126,0.13252099999999878,10,,,,0,114,baseline_ring7,[],14694.874869212377,0,0.0,366.4974975,"[4, 5, 7, 8, 9, 10, 14, 15, 18, 19]",,,67,,10,ordinary,7,full_coverage_and_all_discovered_cleared,106,3664.974975,,0.1329471250064671
16,0,True,uniform__adversarial-positive__67,uniform__adversarial-positive,10,10,10,144,0.13320000000000043,10,,,,0,132,dynamic_greedy9,[],14903.695363849594,0,0.0,381.3739075,"[4, 5, 7, 8, 9, 10, 14, 15, 18, 19]",0.00020054203923791647,9,67,,10,ordinary,9,full_coverage_and_all_discovered_cleared,123,3813.739075,"[0, 1, 8, 7, 6, 5, 4, 3, 2]",0.13348341698292643
16,0,True,uniform__adversarial-positive__67,uniform__adversarial-positive,10,10,10,144,0.13426200000000144,10,,,,0,132,dynamic_two_opt9,[],14903.695363849594,0,0.0,381.3739075,"[4, 5, 7, 8, 9, 10, 14, 15, 18, 19]",0.00026116700610145926,9,67,,10,ordinary,9,full_coverage_and_all_discovered_cleared,123,3813.739075,"[0, 1, 8, 7, 6, 5, 4, 3, 2]",0.13464316603494808
1,0,True,uniform__adversarial-positive__67,uniform__adversarial-positive,10,10,10,174,0.02613500000000002,10,0,0,,0,162,deferred9,[],16078.558154938142,0,0.0,422.87116319999996,"[4, 5, 7, 8, 9, 10, 14, 15, 18, 19]",,,67,19,10,ordinary,9,full_coverage_and_all_discovered_cleared,153,4228.711632,,0.02617029199609533
1,0,True,uniform__adversarial-positive__67,uniform__adversarial-positive,10,10,10,174,0.02660700000000027,10,0,0,,0,162,opportunistic200_9,[],16078.558154938142,0,0.0,422.87116319999996,"[4, 5, 7, 8, 9, 10, 14, 15, 18, 19]",,,67,19,10,ordinary,9,full_coverage_and_all_discovered_cleared,153,4228.711632,,0.02675662498222664
1,0,True,uniform__adversarial-positive__67,uniform__adversarial-positive,10,10,10,174,0.026373000000001312,10,0,0,,0,162,opportunistic600_9,[],18712.49459569449,0,0.0,475.549892,"[4, 5, 7, 8, 9, 10, 14, 15, 18, 19]",,,67,11,10,ordinary,9,full_coverage_and_all_discovered_cleared,153,4755.49892,,0.026412042032461613
15,0,True,uniform__adversarial-positive__67,uniform__adversarial-positive,8,14,10,153,0.0817779999999999,10,2,6,,0,137,trial80_9,[],16046.914136607189,0,0.0,408.4382827,"[4, 5, 7, 8, 9, 10, 14, 15, 18, 19]",,,67,0,10,ordinary,9,full_coverage_and_all_discovered_cleared,128,4084.382827,,0.08186991704860702
17,0,True,uniform__adversarial-positive__67,uniform__adversarial-positive,10,10,10,151,0.026486999999999483,10,0,0,,0,139,cov_mean9,[],16202.41716614973,0,0.0,411.3483436,"[4, 5, 7, 8, 9, 10, 14, 15, 18, 19]",,,67,0,10,ordinary,9,full_coverage_and_all_discovered_cleared,128,4113.483436,,0.02710604202002287
15,0,True,uniform__adversarial-positive__67,uniform__adversarial-positive,8,14,10,153,0.020369999999999777,10,2,6,,0,137,cov_trial80_9,[],16046.914136607189,0,0.0,408.4382827,"[4, 5, 7, 8, 9, 10, 14, 15, 18, 19]",,,67,0,10,ordinary,9,full_coverage_and_all_discovered_cleared,128,4084.382827,,0.02045725000789389
15,0,True,uniform__adversarial-positive__67,uniform__adversarial-positive,8,14,10,153,0.020488000000000284,10,2,6,,0,137,cov_robust80_9,[],16175.102212413158,0,0.0,411.0020443,"[4, 5, 7, 8, 9, 10, 14, 15, 18, 19]",,,67,0,10,ordinary,9,full_coverage_and_all_discovered_cleared,128,4110.020443,,0.02055220800684765
14,0,True,uniform__adversarial-positive__67,uniform__adversarial-positive,8,13,10,145,0.020234000000000307,10,2,5,,0,130,cov_dynamic80_9,[],14823.162534981602,0,0.0,379.663251,"[4, 5, 7, 8, 9, 10, 14, 15, 18, 19]",,,67,0,10,ordinary,9,full_coverage_and_all_discovered_cleared,123,3796.63251,,0.020246250031050295
3,0,True,uniform__adversarial-positive__67,uniform__adversarial-positive,10,12,10,177,0.018822999999999368,10,0,2,,0,163,cov_opportunistic80_9,[],16216.138977480037,0,0.0,426.8227796,"[4, 5, 7, 8, 9, 10, 14, 15, 18, 19]",,,67,13,10,ordinary,9,full_coverage_and_all_discovered_cleared,154,4268.227796,,0.018866917002014816
2,0,True,uniform__adversarial-positive__67,uniform__adversarial-positive,10,11,10,176,0.018301999999998486,10,0,1,,0,163,cov_deferred80_9,[],16114.195340878667,0,0.0,424.38390689999994,"[4, 5, 7, 8, 9, 10, 14, 15, 18, 19]",,,67,19,10,ordinary,9,full_coverage_and_all_discovered_cleared,153,4243.839069,,0.018339250003919005
15,0,True,uniform__adversarial-positive__67,uniform__adversarial-positive,9,15,10,130,0.019228000000000023,10,1,6,,0,113,cov_trial80_7,[],14607.377291760418,0,0.0,365.7475459,"[4, 5, 7, 8, 9, 10, 14, 15, 18, 19]",,,67,0,10,ordinary,7,full_coverage_and_all_discovered_cleared,106,3657.475459,,0.019268166041001678
15,0,True,uniform__adversarial-positive__67,uniform__adversarial-positive,9,15,10,130,0.01919000000000004,10,1,6,,0,113,cov_robust80_7,[],14607.377291760418,0,0.0,365.7475459,"[4, 5, 7, 8, 9, 10, 14, 15, 18, 19]",,,67,0,10,ordinary,7,full_coverage_and_all_discovered_cleared,106,3657.475459,,0.019191041006706655
29,0,True,uniform__adversarial-positive__68,uniform__adversarial-positive,15,15,15,128,0.2417379999999998,15,,,,0,111,baseline_peer9,[],23379.82946082286,0,0.0,359.864393,"[2, 4, 5, 6, 8, 9, 11, 12, 13, 14, 15, 16, 17, 19, 20]",,,68,,15,ordinary,9,full_coverage_and_all_discovered_cleared,92,5397.965895,,0.24225141701754183
29,0,True,uniform__adversarial-positive__68,uniform__adversarial-positive,15,15,15,115,0.24325800000000086,15,,,,0,98,baseline_ring7,[],22975.640692817757,0,0.0,349.40854279999996,"[2, 4, 5, 6, 8, 9, 11, 12, 13, 14, 15, 16, 17, 19, 20]",,,68,,15,ordinary,7,full_coverage_and_all_discovered_cleared,81,5241.128142,,0.24409154197201133
28,0,True,uniform__adversarial-positive__68,uniform__adversarial-positive,15,15,15,123,0.22965400000000002,15,,,,0,106,dynamic_greedy9,[],21093.314505539638,0,0.0,327.3108603333333,"[2, 4, 5, 6, 8, 9, 11, 12, 13, 14, 15, 16, 17, 19, 20]",0.0002199580194428563,9,68,,15,ordinary,9,full_coverage_and_all_discovered_cleared,86,4909.662905,"[0, 5, 6, 7, 8, 1, 2, 3, 4]",0.23042325000278652
28,0,True,uniform__adversarial-positive__68,uniform__adversarial-positive,15,15,15,123,0.22882399999999947,15,,,,0,106,dynamic_two_opt9,[],21093.314505539638,0,0.0,327.3108603333333,"[2, 4, 5, 6, 8, 9, 11, 12, 13, 14, 15, 16, 17, 19, 20]",0.00026045803679153323,9,68,,15,ordinary,9,full_coverage_and_all_discovered_cleared,86,4909.662905,"[0, 5, 6, 7, 8, 1, 2, 3, 4]",0.22945258300751448
4,0,True,uniform__adversarial-positive__68,uniform__adversarial-positive,15,15,15,178,0.06334400000000073,15,0,0,,0,161,deferred9,[],18584.810212568387,0,0.0,316.5308028,"[2, 4, 5, 6, 8, 9, 11, 12, 13, 14, 15, 16, 17, 19, 20]",,,68,23,15,ordinary,9,full_coverage_and_all_discovered_cleared,151,4747.962042,,0.06369762495160103
4,0,True,uniform__adversarial-positive__68,uniform__adversarial-positive,15,15,15,178,0.06266600000000011,15,0,0,,0,161,opportunistic200_9,[],18584.810212568387,0,0.0,316.5308028,"[2, 4, 5, 6, 8, 9, 11, 12, 13, 14, 15, 16, 17, 19, 20]",,,68,23,15,ordinary,9,full_coverage_and_all_discovered_cleared,151,4747.962042,,0.06283924996387213
4,0,True,uniform__adversarial-positive__68,uniform__adversarial-positive,15,15,15,178,0.06285500000000077,15,0,0,,0,161,opportunistic600_9,[],17942.420998572798,0,0.0,307.89894660000004,"[2, 4, 5, 6, 8, 9, 11, 12, 13, 14, 15, 16, 17, 19, 20]",,,68,22,15,ordinary,9,full_coverage_and_all_discovered_cleared,150,4618.484199,,0.06297041702782735
25,0,True,uniform__adversarial-positive__68,uniform__adversarial-positive,11,22,15,131,0.13763400000000026,15,4,11,,0,107,trial80_9,[],23190.093770236672,0,0.0,357.40125026666664,"[2, 4, 5, 6, 8, 9, 11, 12, 13, 14, 15, 16, 17, 19, 20]",,,68,0,15,ordinary,9,full_coverage_and_all_discovered_cleared,92,5361.018754,,0.13799545797519386
28,0,True,uniform__adversarial-positive__68,uniform__adversarial-positive,15,15,15,127,0.037053999999999476,15,0,0,,0,110,cov_mean9,[],23310.0701843332,0,0.0,358.6009358666667,"[2, 4, 5, 6, 8, 9, 11, 12, 13, 14, 15, 16, 17, 19, 20]",,,68,0,15,ordinary,9,full_coverage_and_all_discovered_cleared,92,5379.014038,,0.037132958008442074
24,0,True,uniform__adversarial-positive__68,uniform__adversarial-positive,11,22,15,130,0.02940599999999982,15,4,11,,0,106,cov_trial80_9,[],22849.386019301146,0,0.0,352.52514693333336,"[2, 4, 5, 6, 8, 9, 11, 12, 13, 14, 15, 16, 17, 19, 20]",,,68,0,15,ordinary,9,full_coverage_and_all_discovered_cleared,92,5287.877204,,0.029470749956090003
23,0,True,uniform__adversarial-positive__68,uniform__adversarial-positive,8,20,15,127,0.028520000000000323,15,7,12,,0,105,cov_robust80_9,[],23387.505877753803,0,0.0,358.96674513333335,"[2, 4, 5, 6, 8, 9, 11, 12, 13, 14, 15, 16, 17, 19, 20]",,,68,0,15,ordinary,9,full_coverage_and_all_discovered_cleared,92,5384.501177,,0.02858791599282995
22,0,True,uniform__adversarial-positive__68,uniform__adversarial-positive,10,22,15,124,0.027261999999998565,15,5,12,,0,100,cov_dynamic80_9,[],20606.61853468834,0,0.0,320.22158053333334,"[2, 4, 5, 6, 8, 9, 11, 12, 13, 14, 15, 16, 17, 19, 20]",,,68,0,15,ordinary,9,full_coverage_and_all_discovered_cleared,86,4803.323708,,0.027346249960828573
5,0,True,uniform__adversarial-positive__68,uniform__adversarial-positive,15,19,15,174,0.02446199999999976,15,0,4,,0,153,cov_opportunistic80_9,[],16776.221062702116,0,0.0,290.14961413333333,"[2, 4, 5, 6, 8, 9, 11, 12, 13, 14, 15, 16, 17, 19, 20]",,,68,18,15,ordinary,9,full_coverage_and_all_discovered_cleared,145,4352.244212,,0.024477042024955153
4,0,True,uniform__adversarial-positive__68,uniform__adversarial-positive,15,18,15,181,0.02632400000000068,15,0,3,,0,161,cov_deferred80_9,[],18480.24928306566,0,0.0,315.7366572,"[2, 4, 5, 6, 8, 9, 11, 12, 13, 14, 15, 16, 17, 19, 20]",,,68,23,15,ordinary,9,full_coverage_and_all_discovered_cleared,151,4736.049858,,0.026429249963257462
22,0,True,uniform__adversarial-positive__68,uniform__adversarial-positive,10,21,15,114,0.027597999999999345,15,5,11,,0,91,cov_trial80_7,[],22439.033216432494,0,0.0,341.1204429333333,"[2, 4, 5, 6, 8, 9, 11, 12, 13, 14, 15, 16, 17, 19, 20]",,,68,0,15,ordinary,7,full_coverage_and_all_discovered_cleared,81,5116.806644,,0.02765254199039191
22,0,True,uniform__adversarial-positive__68,uniform__adversarial-positive,8,20,15,113,0.0278199999999984,15,7,12,,0,91,cov_robust80_7,[],22821.01418231742,0,0.0,346.01352253333334,"[2, 4, 5, 6, 8, 9, 11, 12, 13, 14, 15, 16, 17, 19, 20]",,,68,0,15,ordinary,7,full_coverage_and_all_discovered_cleared,81,5190.202838,,0.027865624986588955
28,0,True,uniform__adversarial-positive__69,uniform__adversarial-positive,15,15,15,133,0.23118999999999978,15,,,,0,116,baseline_peer9,[],22913.32098419051,0,0.0,355.91094653333334,"[2, 3, 4, 5, 6, 7, 8, 9, 10, 11, 12, 13, 14, 16, 18]",,,69,,15,ordinary,9,full_coverage_and_all_discovered_cleared,101,5338.664198,,0.23206725000636652
26,0,True,uniform__adversarial-positive__69,uniform__adversarial-positive,15,15,15,116,0.20897599999999983,15,,,,0,99,baseline_ring7,[],21585.041117919318,0,0.0,331.5338816666666,"[2, 3, 4, 5, 6, 7, 8, 9, 10, 11, 12, 13, 14, 16, 18]",,,69,,15,ordinary,7,full_coverage_and_all_discovered_cleared,86,4973.008225,,0.20946700003696606
26,0,True,uniform__adversarial-positive__69,uniform__adversarial-positive,15,15,15,130,0.21376599999999968,15,,,,0,113,dynamic_greedy9,[],19519.30891088044,0,0.0,309.5907856,"[2, 3, 4, 5, 6, 7, 8, 9, 10, 11, 12, 13, 14, 16, 18]",0.00021066603949293494,9,69,,15,ordinary,9,full_coverage_and_all_discovered_cleared,100,4643.861784,"[0, 7, 8, 1, 2, 3, 4, 5, 6]",0.21777595800813287
26,0,True,uniform__adversarial-positive__69,uniform__adversarial-positive,15,15,15,130,0.20653199999999927,15,,,,0,113,dynamic_two_opt9,[],19519.30891088044,0,0.0,309.5907856,"[2, 3, 4, 5, 6, 7, 8, 9, 10, 11, 12, 13, 14, 16, 18]",0.0003107490483671427,9,69,,15,ordinary,9,full_coverage_and_all_discovered_cleared,100,4643.861784,"[0, 7, 8, 1, 2, 3, 4, 5, 6]",0.20737879199441522
8,0,True,uniform__adversarial-positive__69,uniform__adversarial-positive,15,15,15,184,0.0933679999999999,15,0,0,,0,167,deferred9,[],19212.6319704623,0,0.0,327.3017596,"[2, 3, 4, 5, 6, 7, 8, 9, 10, 11, 12, 13, 14, 16, 18]",,,69,21,15,ordinary,9,full_coverage_and_all_discovered_cleared,157,4909.526394,,0.09374779200879857
8,0,True,uniform__adversarial-positive__69,uniform__adversarial-positive,15,15,15,184,0.09318000000000026,15,0,0,,0,167,opportunistic200_9,[],19212.6319704623,0,0.0,327.3017596,"[2, 3, 4, 5, 6, 7, 8, 9, 10, 11, 12, 13, 14, 16, 18]",,,69,21,15,ordinary,9,full_coverage_and_all_discovered_cleared,157,4909.526394,,0.09351083397632465
8,0,True,uniform__adversarial-positive__69,uniform__adversarial-positive,15,15,15,184,0.0928969999999989,15,0,0,,0,167,opportunistic600_9,[],18920.40441986606,0,0.0,323.40539233333334,"[2, 3, 4, 5, 6, 7, 8, 9, 10, 11, 12, 13, 14, 16, 18]",,,69,10,15,ordinary,9,full_coverage_and_all_discovered_cleared,157,4851.080885,,0.09324283403111622
22,0,True,uniform__adversarial-positive__69,uniform__adversarial-positive,9,21,15,133,0.11892100000000028,15,6,12,,0,110,trial80_9,[],22722.039321686876,0,0.0,352.5605242666667,"[2, 3, 4, 5, 6, 7, 8, 9, 10, 11, 12, 13, 14, 16, 18]",,,69,0,15,ordinary,9,full_coverage_and_all_discovered_cleared,101,5288.407864,,0.1193078329670243
28,0,True,uniform__adversarial-positive__69,uniform__adversarial-positive,15,15,15,133,0.03743499999999855,15,0,0,,0,116,cov_mean9,[],23082.539549950816,0,0.0,358.167194,"[2, 3, 4, 5, 6, 7, 8, 9, 10, 11, 12, 13, 14, 16, 18]",,,69,0,15,ordinary,9,full_coverage_and_all_discovered_cleared,101,5372.50791,,0.03754129202570766
22,0,True,uniform__adversarial-positive__69,uniform__adversarial-positive,9,21,15,133,0.028474999999996697,15,6,12,,0,110,cov_trial80_9,[],22722.039321686876,0,0.0,352.5605242666667,"[2, 3, 4, 5, 6, 7, 8, 9, 10, 11, 12, 13, 14, 16, 18]",,,69,0,15,ordinary,9,full_coverage_and_all_discovered_cleared,101,5288.407864,,0.02864104200853035
22,0,True,uniform__adversarial-positive__69,uniform__adversarial-positive,9,21,15,133,0.028361000000000303,15,6,12,,0,110,cov_robust80_9,[],22720.67518979762,0,0.0,352.5423358666667,"[2, 3, 4, 5, 6, 7, 8, 9, 10, 11, 12, 13, 14, 16, 18]",,,69,0,15,ordinary,9,full_coverage_and_all_discovered_cleared,101,5288.135038,,0.02860416698968038
21,0,True,uniform__adversarial-positive__69,uniform__adversarial-positive,10,20,15,130,0.027791000000000565,15,5,10,,0,108,cov_dynamic80_9,[],19335.628827110897,0,0.0,306.47505093333336,"[2, 3, 4, 5, 6, 7, 8, 9, 10, 11, 12, 13, 14, 16, 18]",,,69,0,15,ordinary,9,full_coverage_and_all_discovered_cleared,100,4597.125764,,0.027872291044332087
7,0,True,uniform__adversarial-positive__69,uniform__adversarial-positive,13,20,15,186,0.024584000000000827,15,2,7,,0,164,cov_opportunistic80_9,[],18868.289914322027,0,0.0,322.6438656,"[2, 3, 4, 5, 6, 7, 8, 9, 10, 11, 12, 13, 14, 16, 18]",,,69,20,15,ordinary,9,full_coverage_and_all_discovered_cleared,156,4839.657984,,0.024640874995384365
6,0,True,uniform__adversarial-positive__69,uniform__adversarial-positive,13,19,15,186,0.025304999999999467,15,2,6,,0,165,cov_deferred80_9,[],19117.75092826938,0,0.0,326.0366790666667,"[2, 3, 4, 5, 6, 7, 8, 9, 10, 11, 12, 13, 14, 16, 18]",,,69,21,15,ordinary,9,full_coverage_and_all_discovered_cleared,155,4890.550186,,0.025475375005044043
22,0,True,uniform__adversarial-positive__69,uniform__adversarial-positive,11,21,15,118,0.027940000000000964,15,4,10,,0,95,cov_trial80_7,[],21438.332452885905,0,0.0,329.4444327333333,"[2, 3, 4, 5, 6, 7, 8, 9, 10, 11, 12, 13, 14, 16, 18]",,,69,0,15,ordinary,7,full_coverage_and_all_discovered_cleared,86,4941.666491,,0.02805195900145918
22,0,True,uniform__adversarial-positive__69,uniform__adversarial-positive,11,21,15,118,0.027194000000001495,15,4,10,,0,95,cov_robust80_7,[],21437.099273153344,0,0.0,329.42799033333336,"[2, 3, 4, 5, 6, 7, 8, 9, 10, 11, 12, 13, 14, 16, 18]",,,69,0,15,ordinary,7,full_coverage_and_all_discovered_cleared,86,4941.419855,,0.027222624979913235
15,0,True,uniform__adversarial-positive__70,uniform__adversarial-positive,10,10,10,145,0.12278700000000242,10,,,,0,133,baseline_peer9,[],18734.766171846764,0,0.0,458.49532339999996,"[2, 3, 5, 10, 11, 13, 15, 16, 19, 20]",,,70,,10,ordinary,9,full_coverage_and_all_discovered_cleared,123,4584.953234,,0.12319370900513604
15,0,True,uniform__adversarial-positive__70,uniform__adversarial-positive,10,10,10,123,0.12359200000000214,10,,,,0,111,baseline_ring7,[],18135.06475786385,0,0.0,433.5012952,"[2, 3, 5, 10, 11, 13, 15, 16, 19, 20]",,,70,,10,ordinary,7,full_coverage_and_all_discovered_cleared,103,4335.012952,,0.12398091598879546
16,0,True,uniform__adversarial-positive__70,uniform__adversarial-positive,10,10,10,141,0.13616700000000037,10,,,,0,129,dynamic_greedy9,[],16871.16565629424,0,0.0,418.62331320000004,"[2, 3, 5, 10, 11, 13, 15, 16, 19, 20]",0.00023083295673131943,9,70,,10,ordinary,9,full_coverage_and_all_discovered_cleared,117,4186.233132,"[0, 6, 7, 8, 1, 2, 3, 4, 5]",0.13686558295739815
16,0,True,uniform__adversarial-positive__70,uniform__adversarial-positive,10,10,10,141,0.13545100000000332,10,,,,0,129,dynamic_two_opt9,[],16871.16565629424,0,0.0,418.62331320000004,"[2, 3, 5, 10, 11, 13, 15, 16, 19, 20]",0.00029900006484240294,9,70,,10,ordinary,9,full_coverage_and_all_discovered_cleared,117,4186.233132,"[0, 6, 7, 8, 1, 2, 3, 4, 5]",0.13586258300347254
3,0,True,uniform__adversarial-positive__70,uniform__adversarial-positive,10,10,10,174,0.04440599999999861,10,0,0,,0,162,deferred9,[],17927.522002688154,0,0.0,459.95044019999995,"[2, 3, 5, 10, 11, 13, 15, 16, 19, 20]",,,70,21,10,ordinary,9,full_coverage_and_all_discovered_cleared,154,4599.504402,,0.04455675004282966
3,0,True,uniform__adversarial-positive__70,uniform__adversarial-positive,10,10,10,174,0.04406099999999924,10,0,0,,0,162,opportunistic200_9,[],17927.522002688154,0,0.0,459.95044019999995,"[2, 3, 5, 10, 11, 13, 15, 16, 19, 20]",,,70,21,10,ordinary,9,full_coverage_and_all_discovered_cleared,154,4599.504402,,0.04417183302575722
3,0,True,uniform__adversarial-positive__70,uniform__adversarial-positive,10,10,10,174,0.044805000000000206,10,0,0,,0,162,opportunistic600_9,[],18030.8175634467,0,0.0,462.01635139999996,"[2, 3, 5, 10, 11, 13, 15, 16, 19, 20]",,,70,19,10,ordinary,9,full_coverage_and_all_discovered_cleared,154,4620.163514,,0.0451679999823682
13,0,True,uniform__adversarial-positive__70,uniform__adversarial-positive,8,13,10,146,0.07498199999999855,10,2,5,,0,131,trial80_9,[],18674.784529452612,0,0.0,457.1956907,"[2, 3, 5, 10, 11, 13, 15, 16, 19, 20]",,,70,0,10,ordinary,9,full_coverage_and_all_discovered_cleared,123,4571.956907,,0.07512220798525959
15,0,True,uniform__adversarial-positive__70,uniform__adversarial-positive,10,10,10,145,0.022882000000002733,10,0,0,,0,133,cov_mean9,[],18873.877813555835,0,0.0,461.2775563,"[2, 3, 5, 10, 11, 13, 15, 16, 19, 20]",,,70,0,10,ordinary,9,full_coverage_and_all_discovered_cleared,123,4612.775563,,0.022990291996393353
13,0,True,uniform__adversarial-positive__70,uniform__adversarial-positive,8,13,10,146,0.01896099999999734,10,2,5,,0,131,cov_trial80_9,[],18702.688125440825,0,0.0,457.7537625,"[2, 3, 5, 10, 11, 13, 15, 16, 19, 20]",,,70,0,10,ordinary,9,full_coverage_and_all_discovered_cleared,123,4577.537625,,0.019082084007095546
13,0,True,uniform__adversarial-positive__70,uniform__adversarial-positive,8,13,10,146,0.018673999999997193,10,2,5,,0,131,cov_robust80_9,[],19313.140641608,0,0.0,469.962813,"[2, 3, 5, 10, 11, 13, 15, 16, 19, 20]",,,70,0,10,ordinary,9,full_coverage_and_all_discovered_cleared,123,4699.62813,,0.018709041993133724
16,0,True,uniform__adversarial-positive__70,uniform__adversarial-positive,9,15,10,146,0.020793999999998647,10,1,6,,0,129,cov_dynamic80_9,[],16957.03702360414,0,0.0,421.84074039999996,"[2, 3, 5, 10, 11, 13, 15, 16, 19, 20]",,,70,0,10,ordinary,9,full_coverage_and_all_discovered_cleared,117,4218.407404,,0.02083900000434369
2,0,True,uniform__adversarial-positive__70,uniform__adversarial-positive,9,12,10,175,0.017855000000000842,10,1,3,,0,161,cov_opportunistic80_9,[],17895.185082464788,0,0.0,459.3037019,"[2, 3, 5, 10, 11, 13, 15, 16, 19, 20]",,,70,21,10,ordinary,9,full_coverage_and_all_discovered_cleared,153,4593.037019,,0.017983582976739854
2,0,True,uniform__adversarial-positive__70,uniform__adversarial-positive,9,12,10,175,0.017534999999998746,10,1,3,,0,161,cov_deferred80_9,[],17895.185082464788,0,0.0,459.3037019,"[2, 3, 5, 10, 11, 13, 15, 16, 19, 20]",,,70,21,10,ordinary,9,full_coverage_and_all_discovered_cleared,153,4593.037019,,0.017652207985520363
11,0,True,uniform__adversarial-positive__70,uniform__adversarial-positive,6,11,10,120,0.017431000000001973,10,4,5,,0,107,cov_trial80_7,[],18093.89997252691,0,0.0,430.97799940000004,"[2, 3, 5, 10, 11, 13, 15, 16, 19, 20]",,,70,0,10,ordinary,7,full_coverage_and_all_discovered_cleared,103,4309.779994,,0.017460707982536405
11,0,True,uniform__adversarial-positive__70,uniform__adversarial-positive,6,11,10,120,0.01723699999999795,10,4,5,,0,107,cov_robust80_7,[],18403.634376356276,0,0.0,437.17268759999996,"[2, 3, 5, 10, 11, 13, 15, 16, 19, 20]",,,70,0,10,ordinary,7,full_coverage_and_all_discovered_cleared,103,4371.726876,,0.01725283300038427
20,0,True,uniform__adversarial-positive__71,uniform__adversarial-positive,12,12,12,132,0.16721300000000028,12,,,,0,118,baseline_peer9,[],19971.464435823313,0,0.0,395.77440716666666,"[1, 2, 4, 5, 7, 9, 10, 13, 17, 18, 19, 20]",,,71,,12,ordinary,9,full_coverage_and_all_discovered_cleared,105,4749.292886,,0.1677316669956781
21,0,True,uniform__adversarial-positive__71,uniform__adversarial-positive,12,12,12,115,0.17423399999999845,12,,,,0,101,baseline_ring7,[],19367.907107936957,0,0.0,377.2984515,"[1, 2, 4, 5, 7, 9, 10, 13, 17, 18, 19, 20]",,,71,,12,ordinary,7,full_coverage_and_all_discovered_cleared,89,4527.581418,,0.17483908298891038
20,0,True,uniform__adversarial-positive__71,uniform__adversarial-positive,12,12,12,131,0.163373,12,,,,0,117,dynamic_greedy9,[],16458.20545451333,0,0.0,336.72009083333336,"[1, 2, 4, 5, 7, 9, 10, 13, 17, 18, 19, 20]",0.00021983112674206495,9,71,,12,ordinary,9,full_coverage_and_all_discovered_cleared,104,4040.64109,"[0, 7, 8, 1, 2, 3, 4, 5, 6]",0.16380283294711262
20,0,True,uniform__adversarial-positive__71,uniform__adversarial-positive,12,12,12,131,0.1642550000000007,12,,,,0,117,dynamic_two_opt9,[],16458.20545451333,0,0.0,336.72009083333336,"[1, 2, 4, 5, 7, 9, 10, 13, 17, 18, 19, 20]",0.00027745793340727687,9,71,,12,ordinary,9,full_coverage_and_all_discovered_cleared,104,4040.64109,"[0, 7, 8, 1, 2, 3, 4, 5, 6]",0.16461929195793346
5,0,True,uniform__adversarial-positive__71,uniform__adversarial-positive,12,12,12,178,0.06965899999999792,12,0,0,,0,164,deferred9,[],18746.71930259618,0,0.0,398.6953218333333,"[1, 2, 4, 5, 7, 9, 10, 13, 17, 18, 19, 20]",,,71,21,12,ordinary,9,full_coverage_and_all_discovered_cleared,155,4784.343862,,0.06977337499847636
5,0,True,uniform__adversarial-positive__71,uniform__adversarial-positive,12,12,12,178,0.07054300000000069,12,0,0,,0,164,opportunistic200_9,[],18746.71930259618,0,0.0,398.6953218333333,"[1, 2, 4, 5, 7, 9, 10, 13, 17, 18, 19, 20]",,,71,21,12,ordinary,9,full_coverage_and_all_discovered_cleared,155,4784.343862,,0.0710010839975439
5,0,True,uniform__adversarial-positive__71,uniform__adversarial-positive,12,12,12,178,0.06912600000000069,12,0,0,,0,164,opportunistic600_9,[],18746.71930259618,0,0.0,398.6953218333333,"[1, 2, 4, 5, 7, 9, 10, 13, 17, 18, 19, 20]",,,71,21,12,ordinary,9,full_coverage_and_all_discovered_cleared,155,4784.343862,,0.06931933294981718
18,0,True,uniform__adversarial-positive__71,uniform__adversarial-positive,11,16,12,134,0.11003600000000091,12,1,5,,0,116,trial80_9,[],19847.79713873601,0,0.0,393.87995216666667,"[1, 2, 4, 5, 7, 9, 10, 13, 17, 18, 19, 20]",,,71,0,12,ordinary,9,full_coverage_and_all_discovered_cleared,105,4726.559426,,0.1104227079777047
21,0,True,uniform__adversarial-positive__71,uniform__adversarial-positive,12,12,12,133,0.029158999999999935,12,0,0,,0,119,cov_mean9,[],20619.70666891094,0,0.0,406.99511125000004,"[1, 2, 4, 5, 7, 9, 10, 13, 17, 18, 19, 20]",,,71,0,12,ordinary,9,full_coverage_and_all_discovered_cleared,105,4883.941335,,0.029200959019362926
19,0,True,uniform__adversarial-positive__71,uniform__adversarial-positive,11,17,12,136,0.024053999999999576,12,1,6,,0,117,cov_trial80_9,[],20390.005525682856,0,0.0,403.5834253333333,"[1, 2, 4, 5, 7, 9, 10, 13, 17, 18, 19, 20]",,,71,0,12,ordinary,9,full_coverage_and_all_discovered_cleared,105,4843.001104,,0.024090958992019296
18,0,True,uniform__adversarial-positive__71,uniform__adversarial-positive,9,16,12,134,0.023419000000000523,12,3,7,,0,116,cov_robust80_9,[],20546.404240325697,0,0.0,405.523404,"[1, 2, 4, 5, 7, 9, 10, 13, 17, 18, 19, 20]",,,71,0,12,ordinary,9,full_coverage_and_all_discovered_cleared,105,4866.280848,,0.023457791015971452
20,0,True,uniform__adversarial-positive__71,uniform__adversarial-positive,11,17,12,136,0.02546000000000248,12,1,6,,0,117,cov_dynamic80_9,[],16906.385094181085,0,0.0,345.43975158333336,"[1, 2, 4, 5, 7, 9, 10, 13, 17, 18, 19, 20]",,,71,0,12,ordinary,9,full_coverage_and_all_discovered_cleared,104,4145.277019,,0.02555679198121652
4,0,True,uniform__adversarial-positive__71,uniform__adversarial-positive,11,16,12,169,0.020776999999998935,12,1,5,,0,151,cov_opportunistic80_9,[],17927.29526904813,0,0.0,379.78825441666663,"[1, 2, 4, 5, 7, 9, 10, 13, 17, 18, 19, 20]",,,71,21,12,ordinary,9,full_coverage_and_all_discovered_cleared,145,4557.459053,,0.02080691698938608
4,0,True,uniform__adversarial-positive__71,uniform__adversarial-positive,11,16,12,181,0.02297799999999839,12,1,5,,0,163,cov_deferred80_9,[],18661.572961987942,0,0.0,397.77621608333334,"[1, 2, 4, 5, 7, 9, 10, 13, 17, 18, 19, 20]",,,71,21,12,ordinary,9,full_coverage_and_all_discovered_cleared,154,4773.314593,,0.023029582982417196
18,0,True,uniform__adversarial-positive__71,uniform__adversarial-positive,9,16,12,116,0.023195000000001187,12,3,7,,0,98,cov_trial80_7,[],19745.66220972796,0,0.0,383.34436991666666,"[1, 2, 4, 5, 7, 9, 10, 13, 17, 18, 19, 20]",,,71,0,12,ordinary,7,full_coverage_and_all_discovered_cleared,89,4600.132439,,0.02322537498548627
17,0,True,uniform__adversarial-positive__71,uniform__adversarial-positive,7,15,12,114,0.02321099999999987,12,5,8,,0,97,cov_robust80_7,[],19902.0609243708,0,0.0,385.2843485833334,"[1, 2, 4, 5, 7, 9, 10, 13, 17, 18, 19, 20]",,,71,0,12,ordinary,7,full_coverage_and_all_discovered_cleared,89,4623.412183,,0.023306417046114802
16,0,True,uniform__adversarial-negative__67,uniform__adversarial-negative,10,10,10,150,0.13464099999999846,10,,,,0,138,baseline_peer9,[],15717.801035765964,0,0.0,401.1560211,"[4, 5, 7, 8, 9, 10, 14, 15, 18, 19]",,,67,,10,ordinary,9,full_coverage_and_all_discovered_cleared,128,4011.560211,,0.1351274590124376
17,0,True,uniform__adversarial-negative__67,uniform__adversarial-negative,10,10,10,127,0.14073099999999883,10,,,,0,115,baseline_ring7,[],14347.26331768964,0,0.0,360.0452662,"[4, 5, 7, 8, 9, 10, 14, 15, 18, 19]",,,67,,10,ordinary,7,full_coverage_and_all_discovered_cleared,106,3600.452662,,0.14106112503213808
15,0,True,uniform__adversarial-negative__67,uniform__adversarial-negative,10,10,10,143,0.12165800000000004,10,,,,0,131,dynamic_greedy9,[],14236.17545026083,0,0.0,367.523509,"[4, 5, 7, 8, 9, 10, 14, 15, 18, 19]",0.00020683498587459326,9,67,,10,ordinary,9,full_coverage_and_all_discovered_cleared,123,3675.23509,"[0, 1, 8, 7, 6, 5, 4, 3, 2]",0.12193824996938929
15,0,True,uniform__adversarial-negative__67,uniform__adversarial-negative,10,10,10,143,0.12083200000000005,10,,,,0,131,dynamic_two_opt9,[],14236.17545026083,0,0.0,367.523509,"[4, 5, 7, 8, 9, 10, 14, 15, 18, 19]",0.0003046669880859554,9,67,,10,ordinary,9,full_coverage_and_all_discovered_cleared,123,3675.23509,"[0, 1, 8, 7, 6, 5, 4, 3, 2]",0.12121095904149115
1,0,True,uniform__adversarial-negative__67,uniform__adversarial-negative,10,10,10,174,0.026813000000000642,10,0,0,,0,162,deferred9,[],16037.472117797251,0,0.0,422.0494423,"[4, 5, 7, 8, 9, 10, 14, 15, 18, 19]",,,67,19,10,ordinary,9,full_coverage_and_all_discovered_cleared,153,4220.494423,,0.026884499995503575
1,0,True,uniform__adversarial-negative__67,uniform__adversarial-negative,10,10,10,174,0.026496999999999105,10,0,0,,0,162,opportunistic200_9,[],16037.472117797251,0,0.0,422.0494423,"[4, 5, 7, 8, 9, 10, 14, 15, 18, 19]",,,67,19,10,ordinary,9,full_coverage_and_all_discovered_cleared,153,4220.494423,,0.026564541971310973
1,0,True,uniform__adversarial-negative__67,uniform__adversarial-negative,10,10,10,174,0.0267470000000003,10,0,0,,0,162,opportunistic600_9,[],17427.293180768018,0,0.0,449.8458637,"[4, 5, 7, 8, 9, 10, 14, 15, 18, 19]",,,67,11,10,ordinary,9,full_coverage_and_all_discovered_cleared,153,4498.458637,,0.02676500001689419
16,0,True,uniform__adversarial-negative__67,uniform__adversarial-negative,10,16,10,156,0.08025400000000005,10,0,6,,0,138,trial80_9,[],15654.752920885725,0,0.0,401.6950588,"[4, 5, 7, 8, 9, 10, 14, 15, 18, 19]",,,67,0,10,ordinary,9,full_coverage_and_all_discovered_cleared,128,4016.950588,,0.08044329198310152
16,0,True,uniform__adversarial-negative__67,uniform__adversarial-negative,10,10,10,150,0.023585000000000633,10,0,0,,0,138,cov_mean9,[],15717.801035765964,0,0.0,401.1560211,"[4, 5, 7, 8, 9, 10, 14, 15, 18, 19]",,,67,0,10,ordinary,9,full_coverage_and_all_discovered_cleared,128,4011.560211,,0.023694208008237183
16,0,True,uniform__adversarial-negative__67,uniform__adversarial-negative,10,16,10,156,0.020320999999999145,10,0,6,,0,138,cov_trial80_9,[],15654.752920885725,0,0.0,401.6950588,"[4, 5, 7, 8, 9, 10, 14, 15, 18, 19]",,,67,0,10,ordinary,9,full_coverage_and_all_discovered_cleared,128,4016.950588,,0.02033737499732524
16,0,True,uniform__adversarial-negative__67,uniform__adversarial-negative,10,16,10,156,0.020115999999998024,10,0,6,,0,138,cov_robust80_9,[],16053.72791381974,0,0.0,409.6745586,"[4, 5, 7, 8, 9, 10, 14, 15, 18, 19]",,,67,0,10,ordinary,9,full_coverage_and_all_discovered_cleared,128,4096.745586,,0.020179374958388507
14,0,True,uniform__adversarial-negative__67,uniform__adversarial-negative,9,13,10,145,0.019632000000001426,10,1,4,,0,130,cov_dynamic80_9,[],14174.7905033427,0,0.0,366.6958103,"[4, 5, 7, 8, 9, 10, 14, 15, 18, 19]",,,67,0,10,ordinary,9,full_coverage_and_all_discovered_cleared,123,3666.958103,,0.019661457976326346
3,0,True,uniform__adversarial-negative__67,uniform__adversarial-negative,10,12,10,177,0.018923999999998387,10,0,2,,0,163,cov_opportunistic80_9,[],16129.459108762632,0,0.0,425.0891822,"[4, 5, 7, 8, 9, 10, 14, 15, 18, 19]",,,67,13,10,ordinary,9,full_coverage_and_all_discovered_cleared,154,4250.891822,,0.01904749998357147
2,0,True,uniform__adversarial-negative__67,uniform__adversarial-negative,10,11,10,176,0.019123000000000445,10,0,1,,0,163,cov_deferred80_9,[],16075.175736585279,0,0.0,423.60351469999995,"[4, 5, 7, 8, 9, 10, 14, 15, 18, 19]",,,67,19,10,ordinary,9,full_coverage_and_all_discovered_cleared,153,4236.035147,,0.01929137500701472
15,0,True,uniform__adversarial-negative__67,uniform__adversarial-negative,8,15,10,130,0.019171999999997524,10,2,7,,0,113,cov_trial80_7,[],14290.810778280822,0,0.0,359.4162155,"[4, 5, 7, 8, 9, 10, 14, 15, 18, 19]",,,67,0,10,ordinary,7,full_coverage_and_all_discovered_cleared,106,3594.162155,,0.019243207992985845
15,0,True,uniform__adversarial-negative__67,uniform__adversarial-negative,8,15,10,130,0.018990999999999758,10,2,7,,0,113,cov_robust80_7,[],14689.785771214836,0,0.0,367.3957153,"[4, 5, 7, 8, 9, 10, 14, 15, 18, 19]",,,67,0,10,ordinary,7,full_coverage_and_all_discovered_cleared,106,3673.957153,,0.019011083990335464
27,0,True,uniform__adversarial-negative__68,uniform__adversarial-negative,15,15,15,126,0.2232529999999997,15,,,,0,109,baseline_peer9,[],23264.11873116139,0,0.0,357.65491653333333,"[2, 4, 5, 6, 8, 9, 11, 12, 13, 14, 15, 16, 17, 19, 20]",,,68,,15,ordinary,9,full_coverage_and_all_discovered_cleared,92,5364.823748,,0.22410179203143343
28,0,True,uniform__adversarial-negative__68,uniform__adversarial-negative,15,15,15,114,0.23420499999999933,15,,,,0,97,baseline_ring7,[],22848.643980775676,0,0.0,347.3819198,"[2, 4, 5, 6, 8, 9, 11, 12, 13, 14, 15, 16, 17, 19, 20]",,,68,,15,ordinary,7,full_coverage_and_all_discovered_cleared,81,5210.728797,,0.23497045796830207
27,0,True,uniform__adversarial-negative__68,uniform__adversarial-negative,15,15,15,122,0.2320820000000019,15,,,,0,105,dynamic_greedy9,[],20579.771797894664,0,0.0,320.13029086666666,"[2, 4, 5, 6, 8, 9, 11, 12, 13, 14, 15, 16, 17, 19, 20]",0.0002070422051474452,9,68,,15,ordinary,9,full_coverage_and_all_discovered_cleared,86,4801.954363,"[0, 5, 6, 7, 8, 1, 2, 3, 4]",0.23576887499075383
27,0,True,uniform__adversarial-negative__68,uniform__adversarial-negative,15,15,15,122,0.22267699999999735,15,,,,0,105,dynamic_two_opt9,[],20579.771797894664,0,0.0,320.13029086666666,"[2, 4, 5, 6, 8, 9, 11, 12, 13, 14, 15, 16, 17, 19, 20]",0.00027854304062202573,9,68,,15,ordinary,9,full_coverage_and_all_discovered_cleared,86,4801.954363,"[0, 5, 6, 7, 8, 1, 2, 3, 4]",0.22340266697574407
4,0,True,uniform__adversarial-negative__68,uniform__adversarial-negative,15,15,15,181,0.06366699999999881,15,0,0,,0,164,deferred9,[],18605.400365199657,0,0.0,318.072005,"[2, 4, 5, 6, 8, 9, 11, 12, 13, 14, 15, 16, 17, 19, 20]",,,68,20,15,ordinary,9,full_coverage_and_all_discovered_cleared,155,4771.080075,,0.06377433298621327
4,0,True,uniform__adversarial-negative__68,uniform__adversarial-negative,15,15,15,181,0.06311900000000037,15,0,0,,0,164,opportunistic200_9,[],18605.400365199657,0,0.0,318.072005,"[2, 4, 5, 6, 8, 9, 11, 12, 13, 14, 15, 16, 17, 19, 20]",,,68,20,15,ordinary,9,full_coverage_and_all_discovered_cleared,155,4771.080075,,0.06326954200631008
4,0,True,uniform__adversarial-negative__68,uniform__adversarial-negative,15,15,15,181,0.06397700000000128,15,0,0,,0,164,opportunistic600_9,[],17328.824524986667,0,0.0,301.05099379999996,"[2, 4, 5, 6, 8, 9, 11, 12, 13, 14, 15, 16, 17, 19, 20]",,,68,19,15,ordinary,9,full_coverage_and_all_discovered_cleared,155,4515.764907,,0.06417949998285621
22,0,True,uniform__adversarial-negative__68,uniform__adversarial-negative,10,21,15,127,0.11609300000000289,15,5,11,,0,104,trial80_9,[],23119.110830840018,0,0.0,355.25481126666665,"[2, 4, 5, 6, 8, 9, 11, 12, 13, 14, 15, 16, 17, 19, 20]",,,68,0,15,ordinary,9,full_coverage_and_all_discovered_cleared,92,5328.822169,,0.11639804200967774
27,0,True,uniform__adversarial-negative__68,uniform__adversarial-negative,15,15,15,126,0.03634500000000074,15,0,0,,0,109,cov_mean9,[],23642.85186581815,0,0.0,362.7046914666667,"[2, 4, 5, 6, 8, 9, 11, 12, 13, 14, 15, 16, 17, 19, 20]",,,68,0,15,ordinary,9,full_coverage_and_all_discovered_cleared,92,5440.570372,,0.036453875014558434
23,0,True,uniform__adversarial-negative__68,uniform__adversarial-negative,11,22,15,129,0.028328999999999382,15,4,11,,0,105,cov_trial80_9,[],23333.21323213258,0,0.0,358.6428432,"[2, 4, 5, 6, 8, 9, 11, 12, 13, 14, 15, 16, 17, 19, 20]",,,68,0,15,ordinary,9,full_coverage_and_all_discovered_cleared,92,5379.642648,,0.028465332987252623
22,0,True,uniform__adversarial-negative__68,uniform__adversarial-negative,10,21,15,127,0.02701099999999812,15,5,11,,0,104,cov_robust80_9,[],23377.504356736903,0,0.0,358.7000582666667,"[2, 4, 5, 6, 8, 9, 11, 12, 13, 14, 15, 16, 17, 19, 20]",,,68,0,15,ordinary,9,full_coverage_and_all_discovered_cleared,92,5380.500874,,0.027141666039824486
25,0,True,uniform__adversarial-negative__68,uniform__adversarial-negative,13,23,15,128,0.029374000000000677,15,2,10,,0,103,cov_dynamic80_9,[],20641.46490313774,0,0.0,321.8861986666667,"[2, 4, 5, 6, 8, 9, 11, 12, 13, 14, 15, 16, 17, 19, 20]",,,68,0,15,ordinary,9,full_coverage_and_all_discovered_cleared,86,4828.29298,,0.029437332996167243
6,0,True,uniform__adversarial-negative__68,uniform__adversarial-negative,14,19,15,177,0.024707999999996844,15,1,5,,0,156,cov_opportunistic80_9,[],16413.814430120743,0,0.0,286.5175258,"[2, 4, 5, 6, 8, 9, 11, 12, 13, 14, 15, 16, 17, 19, 20]",,,68,15,15,ordinary,9,full_coverage_and_all_discovered_cleared,148,4297.762887,,0.024836832948494703
3,0,True,uniform__adversarial-negative__68,uniform__adversarial-negative,14,17,15,182,0.025496000000000407,15,1,3,,0,163,cov_deferred80_9,[],18571.598781397402,0,0.0,317.62131719999996,"[2, 4, 5, 6, 8, 9, 11, 12, 13, 14, 15, 16, 17, 19, 20]",,,68,20,15,ordinary,9,full_coverage_and_all_discovered_cleared,154,4764.319758,,0.02553379104938358
23,0,True,uniform__adversarial-negative__68,uniform__adversarial-negative,10,22,15,116,0.027791000000000565,15,5,12,,0,92,cov_trial80_7,[],22495.71932835211,0,0.0,342.4095910666667,"[2, 4, 5, 6, 8, 9, 11, 12, 13, 14, 15, 16, 17, 19, 20]",,,68,0,15,ordinary,7,full_coverage_and_all_discovered_cleared,81,5136.143866,,0.027880291978362948
22,0,True,uniform__adversarial-negative__68,uniform__adversarial-negative,9,21,15,114,0.027298999999999296,15,6,12,,0,91,cov_robust80_7,[],22895.685543132175,0,0.0,347.2091406,"[2, 4, 5, 6, 8, 9, 11, 12, 13, 14, 15, 16, 17, 19, 20]",,,68,0,15,ordinary,7,full_coverage_and_all_discovered_cleared,81,5208.137109,,0.027353999961633235
27,0,True,uniform__adversarial-negative__69,uniform__adversarial-negative,15,15,15,132,0.21961399999999998,15,,,,0,115,baseline_peer9,[],23354.999835465977,0,0.0,361.4666644,"[2, 3, 4, 5, 6, 7, 8, 9, 10, 11, 12, 13, 14, 16, 18]",,,69,,15,ordinary,9,full_coverage_and_all_discovered_cleared,101,5421.999966,,0.22016004199394956
25,0,True,uniform__adversarial-negative__69,uniform__adversarial-negative,15,15,15,115,0.2020339999999976,15,,,,0,98,baseline_ring7,[],22333.25294306256,0,0.0,341.17670606666667,"[2, 3, 4, 5, 6, 7, 8, 9, 10, 11, 12, 13, 14, 16, 18]",,,69,,15,ordinary,7,full_coverage_and_all_discovered_cleared,86,5117.650591,,0.20263204199727625
26,0,True,uniform__adversarial-negative__69,uniform__adversarial-negative,15,15,15,137,0.20987399999999923,15,,,,0,120,dynamic_greedy9,[],19416.62941929542,0,0.0,311.08839220000004,"[2, 3, 4, 5, 6, 7, 8, 9, 10, 11, 12, 13, 14, 16, 18]",0.00036662392085418105,9,69,,15,ordinary,9,full_coverage_and_all_discovered_cleared,108,4666.325883,"[0, 3, 4, 5, 6, 7, 8, 1, 2]",0.21047316602198407
26,0,True,uniform__adversarial-negative__69,uniform__adversarial-negative,15,15,15,137,0.20964000000000027,15,,,,0,120,dynamic_two_opt9,[],19416.62941929542,0,0.0,311.08839220000004,"[2, 3, 4, 5, 6, 7, 8, 9, 10, 11, 12, 13, 14, 16, 18]",0.0002793750027194619,9,69,,15,ordinary,9,full_coverage_and_all_discovered_cleared,108,4666.325883,"[0, 3, 4, 5, 6, 7, 8, 1, 2]",0.21016399998916313
7,0,True,uniform__adversarial-negative__69,uniform__adversarial-negative,15,15,15,183,0.0841259999999977,15,0,0,,0,166,deferred9,[],18649.82764445358,0,0.0,319.46436873333334,"[2, 3, 4, 5, 6, 7, 8, 9, 10, 11, 12, 13, 14, 16, 18]",,,69,21,15,ordinary,9,full_coverage_and_all_discovered_cleared,157,4791.965531,,0.08445241604931653
7,0,True,uniform__adversarial-negative__69,uniform__adversarial-negative,15,15,15,183,0.08281099999999952,15,0,0,,0,166,opportunistic200_9,[],18649.82764445358,0,0.0,319.46436873333334,"[2, 3, 4, 5, 6, 7, 8, 9, 10, 11, 12, 13, 14, 16, 18]",,,69,21,15,ordinary,9,full_coverage_and_all_discovered_cleared,157,4791.965531,,0.08304599998518825
7,0,True,uniform__adversarial-negative__69,uniform__adversarial-negative,15,15,15,183,0.08315699999999993,15,0,0,,0,166,opportunistic600_9,[],19525.582185298976,0,0.0,331.1410956666667,"[2, 3, 4, 5, 6, 7, 8, 9, 10, 11, 12, 13, 14, 16, 18]",,,69,10,15,ordinary,9,full_coverage_and_all_discovered_cleared,157,4967.116435,,0.0833508750074543
24,0,True,uniform__adversarial-negative__69,uniform__adversarial-negative,12,24,15,138,0.1099730000000001,15,3,12,,0,112,trial80_9,[],23216.074882097935,0,0.0,360.41433166666667,"[2, 3, 4, 5, 6, 7, 8, 9, 10, 11, 12, 13, 14, 16, 18]",,,69,0,15,ordinary,9,full_coverage_and_all_discovered_cleared,101,5406.214975,,0.11021441698540002
28,0,True,uniform__adversarial-negative__69,uniform__adversarial-negative,15,15,15,133,0.03727400000000003,15,0,0,,0,116,cov_mean9,[],24065.79126240159,0,0.0,371.27721660000003,"[2, 3, 4, 5, 6, 7, 8, 9, 10, 11, 12, 13, 14, 16, 18]",,,69,0,15,ordinary,9,full_coverage_and_all_discovered_cleared,101,5569.158249,,0.0373703750083223
24,0,True,uniform__adversarial-negative__69,uniform__adversarial-negative,12,24,15,138,0.028051999999998856,15,3,12,,0,112,cov_trial80_9,[],23747.633873454208,0,0.0,367.50178486666664,"[2, 3, 4, 5, 6, 7, 8, 9, 10, 11, 12, 13, 14, 16, 18]",,,69,0,15,ordinary,9,full_coverage_and_all_discovered_cleared,101,5512.526773,,0.02815587498480454
24,0,True,uniform__adversarial-negative__69,uniform__adversarial-negative,12,24,15,138,0.02783900000000017,15,3,12,,0,112,cov_robust80_9,[],24426.977062033395,0,0.0,376.5596941333333,"[2, 3, 4, 5, 6, 7, 8, 9, 10, 11, 12, 13, 14, 16, 18]",,,69,0,15,ordinary,9,full_coverage_and_all_discovered_cleared,101,5648.395412,,0.027887500007636845
23,0,True,uniform__adversarial-negative__69,uniform__adversarial-negative,12,23,15,142,0.02806399999999698,15,3,11,,0,117,cov_dynamic80_9,[],19849.379871971458,0,0.0,317.4583982666666,"[2, 3, 4, 5, 6, 7, 8, 9, 10, 11, 12, 13, 14, 16, 18]",,,69,0,15,ordinary,9,full_coverage_and_all_discovered_cleared,108,4761.875974,,0.028143458999693394
7,0,True,uniform__adversarial-negative__69,uniform__adversarial-negative,13,20,15,185,0.0240419999999979,15,2,7,,0,163,cov_opportunistic80_9,[],18401.258770093475,0,0.0,316.1501171333333,"[2, 3, 4, 5, 6, 7, 8, 9, 10, 11, 12, 13, 14, 16, 18]",,,69,17,15,ordinary,9,full_coverage_and_all_discovered_cleared,157,4742.251757,,0.02409954200265929
5,0,True,uniform__adversarial-negative__69,uniform__adversarial-negative,13,18,15,184,0.024549000000000376,15,2,5,,0,164,cov_deferred80_9,[],18529.61581892802,0,0.0,317.66154439999997,"[2, 3, 4, 5, 6, 7, 8, 9, 10, 11, 12, 13, 14, 16, 18]",,,69,21,15,ordinary,9,full_coverage_and_all_discovered_cleared,155,4764.923166,,0.024554874980822206
22,0,True,uniform__adversarial-negative__69,uniform__adversarial-negative,12,22,15,119,0.0266789999999979,15,3,10,,0,95,cov_trial80_7,[],22711.711269770745,0,0.0,346.62281686666665,"[2, 3, 4, 5, 6, 7, 8, 9, 10, 11, 12, 13, 14, 16, 18]",,,69,0,15,ordinary,7,full_coverage_and_all_discovered_cleared,86,5199.342253,,0.026734915969427675
22,0,True,uniform__adversarial-negative__69,uniform__adversarial-negative,12,22,15,119,0.027024000000000825,15,3,10,,0,95,cov_robust80_7,[],23420.55787082858,0,0.0,356.0741048666667,"[2, 3, 4, 5, 6, 7, 8, 9, 10, 11, 12, 13, 14, 16, 18]",,,69,0,15,ordinary,7,full_coverage_and_all_discovered_cleared,86,5341.111573,,0.02709116699406877
15,0,True,uniform__adversarial-negative__70,uniform__adversarial-negative,10,10,10,145,0.11753399999999914,10,,,,0,133,baseline_peer9,[],18315.568670414505,0,0.0,450.1113735,"[2, 3, 5, 10, 11, 13, 15, 16, 19, 20]",,,70,,10,ordinary,9,full_coverage_and_all_discovered_cleared,123,4501.113735,,0.11777462501777336
15,0,True,uniform__adversarial-negative__70,uniform__adversarial-negative,10,10,10,123,0.12306300000000192,10,,,,0,111,baseline_ring7,[],17370.66987210921,0,0.0,418.2133975,"[2, 3, 5, 10, 11, 13, 15, 16, 19, 20]",,,70,,10,ordinary,7,full_coverage_and_all_discovered_cleared,103,4182.133975,,0.12347045802744105
16,0,True,uniform__adversarial-negative__70,uniform__adversarial-negative,10,10,10,146,0.12988999999999962,10,,,,0,134,dynamic_greedy9,[],15824.05283333977,0,0.0,400.7810569,"[2, 3, 5, 10, 11, 13, 15, 16, 19, 20]",0.00021645607193931937,9,70,,10,ordinary,9,full_coverage_and_all_discovered_cleared,123,4007.810569,"[0, 2, 1, 8, 7, 6, 5, 4, 3]",0.13027229096041992
16,0,True,uniform__adversarial-negative__70,uniform__adversarial-negative,10,10,10,146,0.12970600000000232,10,,,,0,134,dynamic_two_opt9,[],15824.05283333977,0,0.0,400.7810569,"[2, 3, 5, 10, 11, 13, 15, 16, 19, 20]",0.0002702060155570507,9,70,,10,ordinary,9,full_coverage_and_all_discovered_cleared,123,4007.810569,"[0, 2, 1, 8, 7, 6, 5, 4, 3]",0.1304152500233613
3,0,True,uniform__adversarial-negative__70,uniform__adversarial-negative,10,10,10,174,0.044263999999998305,10,0,0,,0,162,deferred9,[],17968.371637786036,0,0.0,460.7674328,"[2, 3, 5, 10, 11, 13, 15, 16, 19, 20]",,,70,21,10,ordinary,9,full_coverage_and_all_discovered_cleared,154,4607.674328,,0.044354000012390316
3,0,True,uniform__adversarial-negative__70,uniform__adversarial-negative,10,10,10,174,0.044509000000001464,10,0,0,,0,162,opportunistic200_9,[],17968.371637786036,0,0.0,460.7674328,"[2, 3, 5, 10, 11, 13, 15, 16, 19, 20]",,,70,21,10,ordinary,9,full_coverage_and_all_discovered_cleared,154,4607.674328,,0.04465054196771234
3,0,True,uniform__adversarial-negative__70,uniform__adversarial-negative,10,10,10,174,0.04496699999999976,10,0,0,,0,162,opportunistic600_9,[],18127.635623963233,0,0.0,463.9527124,"[2, 3, 5, 10, 11, 13, 15, 16, 19, 20]",,,70,19,10,ordinary,9,full_coverage_and_all_discovered_cleared,154,4639.527124,,0.04515033302595839
14,0,True,uniform__adversarial-negative__70,uniform__adversarial-negative,9,13,10,147,0.08203200000000166,10,1,4,,0,132,trial80_9,[],18327.536286638737,0,0.0,450.75072570000003,"[2, 3, 5, 10, 11, 13, 15, 16, 19, 20]",,,70,0,10,ordinary,9,full_coverage_and_all_discovered_cleared,123,4507.507257,,0.08234966697636992
15,0,True,uniform__adversarial-negative__70,uniform__adversarial-negative,10,10,10,145,0.022175999999998197,10,0,0,,0,133,cov_mean9,[],18409.528765894065,0,0.0,451.9905754,"[2, 3, 5, 10, 11, 13, 15, 16, 19, 20]",,,70,0,10,ordinary,9,full_coverage_and_all_discovered_cleared,123,4519.905754,,0.022233625000808388
14,0,True,uniform__adversarial-negative__70,uniform__adversarial-negative,9,13,10,147,0.019460000000002253,10,1,4,,0,132,cov_trial80_9,[],18327.536286638737,0,0.0,450.75072570000003,"[2, 3, 5, 10, 11, 13, 15, 16, 19, 20]",,,70,0,10,ordinary,9,full_coverage_and_all_discovered_cleared,123,4507.507257,,0.0194662080029957
14,0,True,uniform__adversarial-negative__70,uniform__adversarial-negative,8,13,10,147,0.019165999999998462,10,2,5,,0,132,cov_robust80_9,[],18452.873470176444,0,0.0,453.25746929999997,"[2, 3, 5, 10, 11, 13, 15, 16, 19, 20]",,,70,0,10,ordinary,9,full_coverage_and_all_discovered_cleared,123,4532.574693,,0.019224416988436133
15,0,True,uniform__adversarial-negative__70,uniform__adversarial-negative,9,14,10,149,0.020576000000001926,10,1,5,,0,133,cov_dynamic80_9,[],15762.805472180376,0,0.0,400.2561095,"[2, 3, 5, 10, 11, 13, 15, 16, 19, 20]",,,70,0,10,ordinary,9,full_coverage_and_all_discovered_cleared,123,4002.561095,,0.02070641698082909
3,0,True,uniform__adversarial-negative__70,uniform__adversarial-negative,9,13,10,176,0.01727599999999896,10,1,4,,0,161,cov_opportunistic80_9,[],17887.754052577093,0,0.0,459.3550811,"[2, 3, 5, 10, 11, 13, 15, 16, 19, 20]",,,70,19,10,ordinary,9,full_coverage_and_all_discovered_cleared,152,4593.550811,,0.017368958971928805
2,0,True,uniform__adversarial-negative__70,uniform__adversarial-negative,9,12,10,175,0.017393999999999465,10,1,3,,0,161,cov_deferred80_9,[],17949.58563449786,0,0.0,460.39171269999997,"[2, 3, 5, 10, 11, 13, 15, 16, 19, 20]",,,70,21,10,ordinary,9,full_coverage_and_all_discovered_cleared,153,4603.917127,,0.017480457958299667
12,0,True,uniform__adversarial-negative__70,uniform__adversarial-negative,7,11,10,121,0.018149999999998556,10,3,4,,0,108,cov_trial80_7,[],17393.60676230413,0,0.0,417.47213519999997,"[2, 3, 5, 10, 11, 13, 15, 16, 19, 20]",,,70,0,10,ordinary,7,full_coverage_and_all_discovered_cleared,103,4174.721352,,0.018167541013099253
12,0,True,uniform__adversarial-negative__70,uniform__adversarial-negative,6,11,10,121,0.0182380000000002,10,4,5,,0,108,cov_robust80_7,[],17471.918651550208,0,0.0,419.0383731,"[2, 3, 5, 10, 11, 13, 15, 16, 19, 20]",,,70,0,10,ordinary,7,full_coverage_and_all_discovered_cleared,103,4190.383731,,0.018297582981176674
21,0,True,uniform__adversarial-negative__71,uniform__adversarial-negative,12,12,12,133,0.1739379999999997,12,,,,0,119,baseline_peer9,[],21398.70890202885,0,0.0,419.89514825,"[1, 2, 4, 5, 7, 9, 10, 13, 17, 18, 19, 20]",,,71,,12,ordinary,9,full_coverage_and_all_discovered_cleared,104,5038.741779,,0.17460758402012289
21,0,True,uniform__adversarial-negative__71,uniform__adversarial-negative,12,12,12,115,0.16457999999999728,12,,,,0,101,baseline_ring7,[],20788.11517398281,0,0.0,400.885253,"[1, 2, 4, 5, 7, 9, 10, 13, 17, 18, 19, 20]",,,71,,12,ordinary,7,full_coverage_and_all_discovered_cleared,88,4810.623036,,0.16501741600222886
21,0,True,uniform__adversarial-negative__71,uniform__adversarial-negative,12,12,12,132,0.17142300000000077,12,,,,0,118,dynamic_greedy9,[],17994.246692825072,0,0.0,362.65411133333333,"[1, 2, 4, 5, 7, 9, 10, 13, 17, 18, 19, 20]",0.00022266496671363711,9,71,,12,ordinary,9,full_coverage_and_all_discovered_cleared,103,4351.849336,"[0, 7, 8, 1, 2, 3, 4, 5, 6]",0.17214070801855996
21,0,True,uniform__adversarial-negative__71,uniform__adversarial-negative,12,12,12,132,0.17103300000000132,12,,,,0,118,dynamic_two_opt9,[],17994.246692825072,0,0.0,362.65411133333333,"[1, 2, 4, 5, 7, 9, 10, 13, 17, 18, 19, 20]",0.0002761250361800194,9,71,,12,ordinary,9,full_coverage_and_all_discovered_cleared,103,4351.849336,"[0, 7, 8, 1, 2, 3, 4, 5, 6]",0.1716153749730438
5,0,True,uniform__adversarial-negative__71,uniform__adversarial-negative,12,12,12,178,0.07480100000000078,12,0,0,,0,164,deferred9,[],18737.755604671962,0,0.0,398.5459269166667,"[1, 2, 4, 5, 7, 9, 10, 13, 17, 18, 19, 20]",,,71,21,12,ordinary,9,full_coverage_and_all_discovered_cleared,155,4782.551123,,0.07494999998016283
5,0,True,uniform__adversarial-negative__71,uniform__adversarial-negative,12,12,12,178,0.07578499999999977,12,0,0,,0,164,opportunistic200_9,[],18737.755604671962,0,0.0,398.5459269166667,"[1, 2, 4, 5, 7, 9, 10, 13, 17, 18, 19, 20]",,,71,21,12,ordinary,9,full_coverage_and_all_discovered_cleared,155,4782.551123,,0.07610050000948831
5,0,True,uniform__adversarial-negative__71,uniform__adversarial-negative,12,12,12,178,0.07563200000000236,12,0,0,,0,164,opportunistic600_9,[],18737.755604671962,0,0.0,398.5459269166667,"[1, 2, 4, 5, 7, 9, 10, 13, 17, 18, 19, 20]",,,71,21,12,ordinary,9,full_coverage_and_all_discovered_cleared,155,4782.551123,,0.07595654198667035
18,0,True,uniform__adversarial-negative__71,uniform__adversarial-negative,11,16,12,134,0.106344,12,1,5,,0,116,trial80_9,[],21286.808772971017,0,0.0,417.78014625,"[1, 2, 4, 5, 7, 9, 10, 13, 17, 18, 19, 20]",,,71,0,12,ordinary,9,full_coverage_and_all_discovered_cleared,104,5013.361755,,0.10672400001203641
20,0,True,uniform__adversarial-negative__71,uniform__adversarial-negative,12,12,12,132,0.028285000000000338,12,0,0,,0,118,cov_mean9,[],21446.95654704348,0,0.0,420.2826089166667,"[1, 2, 4, 5, 7, 9, 10, 13, 17, 18, 19, 20]",,,71,0,12,ordinary,9,full_coverage_and_all_discovered_cleared,104,5043.391307,,0.028466040967032313
18,0,True,uniform__adversarial-negative__71,uniform__adversarial-negative,11,16,12,134,0.023937000000000097,12,1,5,,0,116,cov_trial80_9,[],21296.629852524136,0,0.0,417.9438308333333,"[1, 2, 4, 5, 7, 9, 10, 13, 17, 18, 19, 20]",,,71,0,12,ordinary,9,full_coverage_and_all_discovered_cleared,104,5015.32597,,0.023997832962777466
18,0,True,uniform__adversarial-negative__71,uniform__adversarial-negative,9,16,12,134,0.02338800000000063,12,3,7,,0,116,cov_robust80_9,[],22077.805135483097,0,0.0,430.963419,"[1, 2, 4, 5, 7, 9, 10, 13, 17, 18, 19, 20]",,,71,0,12,ordinary,9,full_coverage_and_all_discovered_cleared,104,5171.561028,,0.023468416009563953
19,0,True,uniform__adversarial-negative__71,uniform__adversarial-negative,11,16,12,134,0.02550099999999844,12,1,5,,0,116,cov_dynamic80_9,[],17900.857159899613,0,0.0,361.26428591666667,"[1, 2, 4, 5, 7, 9, 10, 13, 17, 18, 19, 20]",,,71,0,12,ordinary,9,full_coverage_and_all_discovered_cleared,103,4335.171431,,0.02554141596192494
4,0,True,uniform__adversarial-negative__71,uniform__adversarial-negative,11,16,12,168,0.02053899999999942,12,1,5,,0,150,cov_opportunistic80_9,[],18004.600908778182,0,0.0,380.49334833333336,"[1, 2, 4, 5, 7, 9, 10, 13, 17, 18, 19, 20]",,,71,21,12,ordinary,9,full_coverage_and_all_discovered_cleared,143,4565.92018,,0.02066279196878895
4,0,True,uniform__adversarial-negative__71,uniform__adversarial-negative,11,16,12,181,0.022707000000000477,12,1,5,,0,163,cov_deferred80_9,[],18663.834894197134,0,0.0,397.813915,"[1, 2, 4, 5, 7, 9, 10, 13, 17, 18, 19, 20]",,,71,21,12,ordinary,9,full_coverage_and_all_discovered_cleared,154,4773.76698,,0.022744833026081324
18,0,True,uniform__adversarial-negative__71,uniform__adversarial-negative,10,16,12,116,0.023065000000002556,12,2,6,,0,98,cov_trial80_7,[],20716.840915424575,0,0.0,399.44734866666664,"[1, 2, 4, 5, 7, 9, 10, 13, 17, 18, 19, 20]",,,71,0,12,ordinary,7,full_coverage_and_all_discovered_cleared,88,4793.368184,,0.023136875010095537
18,0,True,uniform__adversarial-negative__71,uniform__adversarial-negative,8,16,12,116,0.022852000000000317,12,4,8,,0,98,cov_robust80_7,[],21507.837277936655,0,0.0,412.63062141666666,"[1, 2, 4, 5, 7, 9, 10, 13, 17, 18, 19, 20]",,,71,0,12,ordinary,7,full_coverage_and_all_discovered_cleared,88,4951.567457,,0.02287129103206098
16,0,True,uniform__adversarial-spatial__67,uniform__adversarial-spatial,10,10,10,150,0.13110999999999962,10,,,,0,138,baseline_peer9,[],16524.485565747826,0,0.0,417.28971140000004,"[4, 5, 7, 8, 9, 10, 14, 15, 18, 19]",,,67,,10,ordinary,9,full_coverage_and_all_discovered_cleared,128,4172.897114,,0.13148904201807454
17,0,True,uniform__adversarial-spatial__67,uniform__adversarial-spatial,10,10,10,127,0.15217700000000178,10,,,,0,115,baseline_ring7,[],15394.002114774343,0,0.0,380.9800419,"[4, 5, 7, 8, 9, 10, 14, 15, 18, 19]",,,67,,10,ordinary,7,full_coverage_and_all_discovered_cleared,106,3809.800419,,0.1544554999563843
16,0,True,uniform__adversarial-spatial__67,uniform__adversarial-spatial,10,10,10,144,0.13318900000000156,10,,,,0,132,dynamic_greedy9,[],15252.542746759987,0,0.0,388.3508549,"[4, 5, 7, 8, 9, 10, 14, 15, 18, 19]",0.00021529104560613632,9,67,,10,ordinary,9,full_coverage_and_all_discovered_cleared,123,3883.508549,"[0, 1, 8, 7, 6, 5, 4, 3, 2]",0.1334648749907501
16,0,True,uniform__adversarial-spatial__67,uniform__adversarial-spatial,10,10,10,144,0.1357949999999981,10,,,,0,132,dynamic_two_opt9,[],15252.542746759987,0,0.0,388.3508549,"[4, 5, 7, 8, 9, 10, 14, 15, 18, 19]",0.00028099893825128675,9,67,,10,ordinary,9,full_coverage_and_all_discovered_cleared,123,3883.508549,"[0, 1, 8, 7, 6, 5, 4, 3, 2]",0.13641837501199916
3,0,True,uniform__adversarial-spatial__67,uniform__adversarial-spatial,10,10,10,183,0.052700999999999,10,0,0,,0,171,deferred9,[],16150.192987545757,0,0.0,429.8038599,"[4, 5, 7, 8, 9, 10, 14, 15, 18, 19]",,,67,12,10,ordinary,9,full_coverage_and_all_discovered_cleared,163,4298.038599,,0.05291758303064853
3,0,True,uniform__adversarial-spatial__67,uniform__adversarial-spatial,10,10,10,183,0.05220700000000278,10,0,0,,0,171,opportunistic200_9,[],16150.192987545757,0,0.0,429.8038599,"[4, 5, 7, 8, 9, 10, 14, 15, 18, 19]",,,67,12,10,ordinary,9,full_coverage_and_all_discovered_cleared,163,4298.038599,,0.05236908403458074
3,0,True,uniform__adversarial-spatial__67,uniform__adversarial-spatial,10,10,10,183,0.051837000000002575,10,0,0,,0,171,opportunistic600_9,[],17200.437468264427,0,0.0,450.8087495,"[4, 5, 7, 8, 9, 10, 14, 15, 18, 19]",,,67,8,10,ordinary,9,full_coverage_and_all_discovered_cleared,163,4508.087495,,0.05192233301931992
16,0,True,uniform__adversarial-spatial__67,uniform__adversarial-spatial,9,14,10,154,0.09400800000000231,10,1,5,,0,138,trial80_9,[],16476.685515875357,0,0.0,417.5337104,"[4, 5, 7, 8, 9, 10, 14, 15, 18, 19]",,,67,0,10,ordinary,9,full_coverage_and_all_discovered_cleared,128,4175.337104,,0.094264707993716
16,0,True,uniform__adversarial-spatial__67,uniform__adversarial-spatial,10,10,10,150,0.023690000000001987,10,0,0,,0,138,cov_mean9,[],16524.485565747826,0,0.0,417.28971140000004,"[4, 5, 7, 8, 9, 10, 14, 15, 18, 19]",,,67,0,10,ordinary,9,full_coverage_and_all_discovered_cleared,128,4172.897114,,0.023740291013382375
16,0,True,uniform__adversarial-spatial__67,uniform__adversarial-spatial,9,14,10,154,0.02149000000000001,10,1,5,,0,138,cov_trial80_9,[],16476.685515875357,0,0.0,417.5337104,"[4, 5, 7, 8, 9, 10, 14, 15, 18, 19]",,,67,0,10,ordinary,9,full_coverage_and_all_discovered_cleared,128,4175.337104,,0.021572416997514665
17,0,True,uniform__adversarial-spatial__67,uniform__adversarial-spatial,8,17,10,158,0.021774000000000626,10,1,6,,0,139,cov_robust80_9,[],16618.07654219643,2,12.298212469629508,421.761531,"[4, 5, 7, 8, 9, 10, 14, 15, 18, 19]",,,67,0,10,ordinary,9,full_coverage_and_all_discovered_cleared,128,4217.61531,,0.021821916045155376
16,0,True,uniform__adversarial-spatial__67,uniform__adversarial-spatial,9,14,10,148,0.021636999999998352,10,1,5,,0,132,cov_dynamic80_9,[],15224.79223287406,0,0.0,388.9958447,"[4, 5, 7, 8, 9, 10, 14, 15, 18, 19]",,,67,0,10,ordinary,9,full_coverage_and_all_discovered_cleared,123,3889.958447,,0.021670500049367547
5,0,True,uniform__adversarial-spatial__67,uniform__adversarial-spatial,10,14,10,182,0.020483999999999725,10,0,4,,0,166,cov_opportunistic80_9,[],16188.957711456209,0,0.0,428.7791542,"[4, 5, 7, 8, 9, 10, 14, 15, 18, 19]",,,67,12,10,ordinary,9,full_coverage_and_all_discovered_cleared,158,4287.791542,,0.020541290985420346
4,0,True,uniform__adversarial-spatial__67,uniform__adversarial-spatial,10,13,10,187,0.02110500000000215,10,0,3,,0,172,cov_deferred80_9,[],16128.014503442038,0,0.0,430.7602901,"[4, 5, 7, 8, 9, 10, 14, 15, 18, 19]",,,67,12,10,ordinary,9,full_coverage_and_all_discovered_cleared,163,4307.602901,,0.021133082977030426
18,0,True,uniform__adversarial-spatial__67,uniform__adversarial-spatial,9,16,10,134,0.021715000000000373,10,1,7,,0,116,cov_trial80_7,[],15375.248224964067,0,0.0,382.90496440000004,"[4, 5, 7, 8, 9, 10, 14, 15, 18, 19]",,,67,0,10,ordinary,7,full_coverage_and_all_discovered_cleared,106,3829.049644,,0.021782082971185446
18,0,True,uniform__adversarial-spatial__67,uniform__adversarial-spatial,9,16,10,134,0.021347000000002225,10,1,7,,0,116,cov_robust80_7,[],15375.057208376906,0,0.0,382.9011441,"[4, 5, 7, 8, 9, 10, 14, 15, 18, 19]",,,67,0,10,ordinary,7,full_coverage_and_all_discovered_cleared,106,3829.011441,,0.02138920803554356
28,0,True,uniform__adversarial-spatial__68,uniform__adversarial-spatial,15,15,15,127,0.22856299999999763,15,,,,0,110,baseline_peer9,[],23262.158354482406,0,0.0,357.9621113333333,"[2, 4, 5, 6, 8, 9, 11, 12, 13, 14, 15, 16, 17, 19, 20]",,,68,,15,ordinary,9,full_coverage_and_all_discovered_cleared,92,5369.43167,,0.22925087495241314
29,0,True,uniform__adversarial-spatial__68,uniform__adversarial-spatial,15,15,15,115,0.2414190000000005,15,,,,0,98,baseline_ring7,[],22925.92417972029,0,0.0,348.7456555333334,"[2, 4, 5, 6, 8, 9, 11, 12, 13, 14, 15, 16, 17, 19, 20]",,,68,,15,ordinary,7,full_coverage_and_all_discovered_cleared,81,5231.184833,,0.24231420800788328
27,0,True,uniform__adversarial-spatial__68,uniform__adversarial-spatial,15,15,15,122,0.22047799999999995,15,,,,0,105,dynamic_greedy9,[],20934.007713014213,0,0.0,324.85343606666663,"[2, 4, 5, 6, 8, 9, 11, 12, 13, 14, 15, 16, 17, 19, 20]",0.00021149811800569296,9,68,,15,ordinary,9,full_coverage_and_all_discovered_cleared,86,4872.801541,"[0, 5, 6, 7, 8, 1, 2, 3, 4]",0.22138691699365154
27,0,True,uniform__adversarial-spatial__68,uniform__adversarial-spatial,15,15,15,122,0.21810699999999983,15,,,,0,105,dynamic_two_opt9,[],20934.007713014213,0,0.0,324.85343606666663,"[2, 4, 5, 6, 8, 9, 11, 12, 13, 14, 15, 16, 17, 19, 20]",0.0002751660067588091,9,68,,15,ordinary,9,full_coverage_and_all_discovered_cleared,86,4872.801541,"[0, 5, 6, 7, 8, 1, 2, 3, 4]",0.21867749997181818
5,0,True,uniform__adversarial-spatial__68,uniform__adversarial-spatial,15,15,15,173,0.07276500000000041,15,0,0,,0,156,deferred9,[],18566.23600843362,0,0.0,314.28314693333334,"[2, 4, 5, 6, 8, 9, 11, 12, 13, 14, 15, 16, 17, 19, 20]",,,68,29,15,ordinary,9,full_coverage_and_all_discovered_cleared,146,4714.247204,,0.07291495898971334
5,0,True,uniform__adversarial-spatial__68,uniform__adversarial-spatial,15,15,15,173,0.07247499999999718,15,0,0,,0,156,opportunistic200_9,[],18566.23600843362,0,0.0,314.28314693333334,"[2, 4, 5, 6, 8, 9, 11, 12, 13, 14, 15, 16, 17, 19, 20]",,,68,29,15,ordinary,9,full_coverage_and_all_discovered_cleared,146,4714.247204,,0.07287454203469679
5,0,True,uniform__adversarial-spatial__68,uniform__adversarial-spatial,15,15,15,173,0.07209299999999885,15,0,0,,0,156,opportunistic600_9,[],18213.111133314058,0,0.0,309.5748152,"[2, 4, 5, 6, 8, 9, 11, 12, 13, 14, 15, 16, 17, 19, 20]",,,68,25,15,ordinary,9,full_coverage_and_all_discovered_cleared,146,4643.622228,,0.07231595797929913
30,0,True,uniform__adversarial-spatial__68,uniform__adversarial-spatial,15,26,15,140,0.14148400000000194,15,0,11,,0,112,trial80_9,[],23273.24331640519,0,0.0,360.97657760000004,"[2, 4, 5, 6, 8, 9, 11, 12, 13, 14, 15, 16, 17, 19, 20]",,,68,0,15,ordinary,9,full_coverage_and_all_discovered_cleared,92,5414.648664,,0.14190208399668336
27,0,True,uniform__adversarial-spatial__68,uniform__adversarial-spatial,15,15,15,126,0.03530699999999953,15,0,0,,0,109,cov_mean9,[],22986.83250764318,0,0.0,353.9577668,"[2, 4, 5, 6, 8, 9, 11, 12, 13, 14, 15, 16, 17, 19, 20]",,,68,0,15,ordinary,9,full_coverage_and_all_discovered_cleared,92,5309.366502,,0.035361999995075166
29,0,True,uniform__adversarial-spatial__68,uniform__adversarial-spatial,15,26,15,139,0.032197999999997506,15,0,11,,0,111,cov_trial80_9,[],22834.642740867173,0,0.0,354.7952366,"[2, 4, 5, 6, 8, 9, 11, 12, 13, 14, 15, 16, 17, 19, 20]",,,68,0,15,ordinary,9,full_coverage_and_all_discovered_cleared,92,5321.928549,,0.03226058400468901
31,0,True,uniform__adversarial-spatial__68,uniform__adversarial-spatial,15,27,15,142,0.03293199999999885,15,0,12,,0,113,cov_robust80_9,[],23464.994651770823,0,0.0,364.0665952666667,"[2, 4, 5, 6, 8, 9, 11, 12, 13, 14, 15, 16, 17, 19, 20]",,,68,0,15,ordinary,9,full_coverage_and_all_discovered_cleared,92,5460.998929,,0.03299862501444295
26,0,True,uniform__adversarial-spatial__68,uniform__adversarial-spatial,14,25,15,131,0.02940100000000001,15,1,11,,0,104,cov_dynamic80_9,[],20459.367659299754,0,0.0,320.1915687333333,"[2, 4, 5, 6, 8, 9, 11, 12, 13, 14, 15, 16, 17, 19, 20]",,,68,0,15,ordinary,9,full_coverage_and_all_discovered_cleared,86,4802.873531,,0.029433167015668005
6,0,True,uniform__adversarial-spatial__68,uniform__adversarial-spatial,14,20,15,173,0.024457999999999203,15,1,6,,0,151,cov_opportunistic80_9,[],16768.283624695207,0,0.0,289.44378193333336,"[2, 4, 5, 6, 8, 9, 11, 12, 13, 14, 15, 16, 17, 19, 20]",,,68,21,15,ordinary,9,full_coverage_and_all_discovered_cleared,143,4341.656729,,0.02450741594657302
4,0,True,uniform__adversarial-spatial__68,uniform__adversarial-spatial,14,18,15,175,0.025553999999999633,15,1,4,,0,155,cov_deferred80_9,[],18432.70126869434,0,0.0,312.7026838666667,"[2, 4, 5, 6, 8, 9, 11, 12, 13, 14, 15, 16, 17, 19, 20]",,,68,29,15,ordinary,9,full_coverage_and_all_discovered_cleared,145,4690.540258,,0.025643833039794117
27,0,True,uniform__adversarial-spatial__68,uniform__adversarial-spatial,13,24,15,122,0.030737000000002013,15,2,11,,0,96,cov_trial80_7,[],22467.69273286789,0,0.0,343.76923626666667,"[2, 4, 5, 6, 8, 9, 11, 12, 13, 14, 15, 16, 17, 19, 20]",,,68,0,15,ordinary,7,full_coverage_and_all_discovered_cleared,81,5156.538544,,0.030803165980614722
29,0,True,uniform__adversarial-spatial__68,uniform__adversarial-spatial,13,25,15,125,0.03233799999999931,15,2,12,,0,98,cov_robust80_7,[],22906.242040088415,0,0.0,350.48322720000004,"[2, 4, 5, 6, 8, 9, 11, 12, 13, 14, 15, 16, 17, 19, 20]",,,68,0,15,ordinary,7,full_coverage_and_all_discovered_cleared,81,5257.248408,,0.032386249979026616
28,0,True,uniform__adversarial-spatial__69,uniform__adversarial-spatial,15,15,15,133,0.23570000000000135,15,,,,0,116,baseline_peer9,[],23117.576853320854,0,0.0,358.6343578666667,"[2, 3, 4, 5, 6, 7, 8, 9, 10, 11, 12, 13, 14, 16, 18]",,,69,,15,ordinary,9,full_coverage_and_all_discovered_cleared,101,5379.515368,,0.23625104199163616
26,0,True,uniform__adversarial-spatial__69,uniform__adversarial-spatial,15,15,15,116,0.21338300000000032,15,,,,0,99,baseline_ring7,[],21680.71641460476,0,0.0,332.80955233333333,"[2, 3, 4, 5, 6, 7, 8, 9, 10, 11, 12, 13, 14, 16, 18]",,,69,,15,ordinary,7,full_coverage_and_all_discovered_cleared,86,4992.143285,,0.21392433298751712
26,0,True,uniform__adversarial-spatial__69,uniform__adversarial-spatial,15,15,15,130,0.21581399999999817,15,,,,0,113,dynamic_greedy9,[],19697.791870710415,0,0.0,311.97055819999997,"[2, 3, 4, 5, 6, 7, 8, 9, 10, 11, 12, 13, 14, 16, 18]",0.00021749892039224505,9,69,,15,ordinary,9,full_coverage_and_all_discovered_cleared,100,4679.558373,"[0, 7, 8, 1, 2, 3, 4, 5, 6]",0.21659804199589416
26,0,True,uniform__adversarial-spatial__69,uniform__adversarial-spatial,15,15,15,130,0.22114799999999946,15,,,,0,113,dynamic_two_opt9,[],19697.791870710415,0,0.0,311.97055819999997,"[2, 3, 4, 5, 6, 7, 8, 9, 10, 11, 12, 13, 14, 16, 18]",0.0002870021271519363,9,69,,15,ordinary,9,full_coverage_and_all_discovered_cleared,100,4679.558373,"[0, 7, 8, 1, 2, 3, 4, 5, 6]",0.22291574999690056
7,0,True,uniform__adversarial-spatial__69,uniform__adversarial-spatial,15,15,15,182,0.08303300000000036,15,0,0,,0,165,deferred9,[],18816.18291548774,0,0.0,321.28243893333337,"[2, 3, 4, 5, 6, 7, 8, 9, 10, 11, 12, 13, 14, 16, 18]",,,69,22,15,ordinary,9,full_coverage_and_all_discovered_cleared,156,4819.236584,,0.08327308297157288
7,0,True,uniform__adversarial-spatial__69,uniform__adversarial-spatial,15,15,15,182,0.08314699999999675,15,0,0,,0,165,opportunistic200_9,[],18714.006134253745,0,0.0,319.9200818666667,"[2, 3, 4, 5, 6, 7, 8, 9, 10, 11, 12, 13, 14, 16, 18]",,,69,20,15,ordinary,9,full_coverage_and_all_discovered_cleared,156,4798.801228,,0.08330683299573138
7,0,True,uniform__adversarial-spatial__69,uniform__adversarial-spatial,15,15,15,182,0.08335800000000049,15,0,0,,0,165,opportunistic600_9,[],19596.51260866465,0,0.0,331.6868348,"[2, 3, 4, 5, 6, 7, 8, 9, 10, 11, 12, 13, 14, 16, 18]",,,69,9,15,ordinary,9,full_coverage_and_all_discovered_cleared,156,4975.302522,,0.08351912500802428
28,0,True,uniform__adversarial-spatial__69,uniform__adversarial-spatial,12,24,15,142,0.15489399999999875,15,3,12,,0,116,trial80_9,[],23113.363840450624,0,0.0,360.3781847333333,"[2, 3, 4, 5, 6, 7, 8, 9, 10, 11, 12, 13, 14, 16, 18]",,,69,0,15,ordinary,9,full_coverage_and_all_discovered_cleared,101,5405.672771,,0.15554775000782683
28,0,True,uniform__adversarial-spatial__69,uniform__adversarial-spatial,15,15,15,133,0.03738399999999942,15,0,0,,0,116,cov_mean9,[],23261.090232470513,0,0.0,360.5478696,"[2, 3, 4, 5, 6, 7, 8, 9, 10, 11, 12, 13, 14, 16, 18]",,,69,0,15,ordinary,9,full_coverage_and_all_discovered_cleared,101,5408.218044,,0.037443417008034885
28,0,True,uniform__adversarial-spatial__69,uniform__adversarial-spatial,12,24,15,142,0.03297099999999986,15,3,12,,0,116,cov_trial80_9,[],23113.363840450624,0,0.0,360.3781847333333,"[2, 3, 4, 5, 6, 7, 8, 9, 10, 11, 12, 13, 14, 16, 18]",,,69,0,15,ordinary,9,full_coverage_and_all_discovered_cleared,101,5405.672771,,0.03301008400740102
28,0,True,uniform__adversarial-spatial__69,uniform__adversarial-spatial,13,25,15,143,0.03185099999999963,15,2,12,,0,116,cov_robust80_9,[],23240.474649683285,0,0.0,362.27299553333336,"[2, 3, 4, 5, 6, 7, 8, 9, 10, 11, 12, 13, 14, 16, 18]",,,69,0,15,ordinary,9,full_coverage_and_all_discovered_cleared,101,5434.094933,,0.03192791703622788
25,0,True,uniform__adversarial-spatial__69,uniform__adversarial-spatial,12,22,15,136,0.030708000000000624,15,3,10,,0,112,cov_dynamic80_9,[],19642.648897449915,0,0.0,312.30198533333333,"[2, 3, 4, 5, 6, 7, 8, 9, 10, 11, 12, 13, 14, 16, 18]",,,69,0,15,ordinary,9,full_coverage_and_all_discovered_cleared,100,4684.52978,,0.030763667018618435
5,0,True,uniform__adversarial-spatial__69,uniform__adversarial-spatial,13,18,15,182,0.023962999999998402,15,2,5,,0,162,cov_opportunistic80_9,[],18452.704024530027,0,0.0,315.9027204,"[2, 3, 4, 5, 6, 7, 8, 9, 10, 11, 12, 13, 14, 16, 18]",,,69,20,15,ordinary,9,full_coverage_and_all_discovered_cleared,154,4738.540806,,0.024011416011489928
5,0,True,uniform__adversarial-spatial__69,uniform__adversarial-spatial,13,18,15,183,0.024390000000000356,15,2,5,,0,163,cov_deferred80_9,[],18761.74196071541,0,0.0,320.3565595333333,"[2, 3, 4, 5, 6, 7, 8, 9, 10, 11, 12, 13, 14, 16, 18]",,,69,22,15,ordinary,9,full_coverage_and_all_discovered_cleared,154,4805.348393,,0.02444962499430403
25,0,True,uniform__adversarial-spatial__69,uniform__adversarial-spatial,13,23,15,123,0.029590000000002448,15,2,10,,0,98,cov_trial80_7,[],21581.29285031759,0,0.0,332.7505716,"[2, 3, 4, 5, 6, 7, 8, 9, 10, 11, 12, 13, 14, 16, 18]",,,69,0,15,ordinary,7,full_coverage_and_all_discovered_cleared,86,4991.258574,,0.02964024996617809
26,0,True,uniform__adversarial-spatial__69,uniform__adversarial-spatial,14,24,15,125,0.02970200000000034,15,1,10,,0,99,cov_robust80_7,[],21807.638756143813,0,0.0,336.30185026666663,"[2, 3, 4, 5, 6, 7, 8, 9, 10, 11, 12, 13, 14, 16, 18]",,,69,0,15,ordinary,7,full_coverage_and_all_discovered_cleared,86,5044.527754,,0.0297648340347223
16,0,True,uniform__adversarial-spatial__70,uniform__adversarial-spatial,10,10,10,146,0.13307000000000002,10,,,,0,134,baseline_peer9,[],17687.774834541982,0,0.0,437.9554967,"[2, 3, 5, 10, 11, 13, 15, 16, 19, 20]",,,70,,10,ordinary,9,full_coverage_and_all_discovered_cleared,122,4379.554967,,0.13339933298993856
15,0,True,uniform__adversarial-spatial__70,uniform__adversarial-spatial,10,10,10,123,0.11838499999999996,10,,,,0,111,baseline_ring7,[],16623.687880354933,0,0.0,403.1737577,"[2, 3, 5, 10, 11, 13, 15, 16, 19, 20]",,,70,,10,ordinary,7,full_coverage_and_all_discovered_cleared,102,4031.737577,,0.11858808295801282
16,0,True,uniform__adversarial-spatial__70,uniform__adversarial-spatial,10,10,10,146,0.13559899999999914,10,,,,0,134,dynamic_greedy9,[],15109.475196431893,0,0.0,386.3895041,"[2, 3, 5, 10, 11, 13, 15, 16, 19, 20]",0.0002196670393459499,9,70,,10,ordinary,9,full_coverage_and_all_discovered_cleared,122,3863.895041,"[0, 2, 1, 8, 7, 6, 5, 4, 3]",0.13595408399123698
16,0,True,uniform__adversarial-spatial__70,uniform__adversarial-spatial,10,10,10,146,0.13647399999999976,10,,,,0,134,dynamic_two_opt9,[],15109.475196431893,0,0.0,386.3895041,"[2, 3, 5, 10, 11, 13, 15, 16, 19, 20]",0.0002731670392677188,9,70,,10,ordinary,9,full_coverage_and_all_discovered_cleared,122,3863.895041,"[0, 2, 1, 8, 7, 6, 5, 4, 3]",0.13676987501094118
5,0,True,uniform__adversarial-spatial__70,uniform__adversarial-spatial,10,10,10,177,0.0709760000000017,10,0,0,,0,165,deferred9,[],18100.318819136257,0,0.0,465.20637640000007,"[2, 3, 5, 10, 11, 13, 15, 16, 19, 20]",,,70,20,10,ordinary,9,full_coverage_and_all_discovered_cleared,157,4652.063764,,0.07114712498150766
5,0,True,uniform__adversarial-spatial__70,uniform__adversarial-spatial,10,10,10,177,0.07507000000000019,10,0,0,,0,165,opportunistic200_9,[],18100.318819136257,0,0.0,465.20637640000007,"[2, 3, 5, 10, 11, 13, 15, 16, 19, 20]",,,70,20,10,ordinary,9,full_coverage_and_all_discovered_cleared,157,4652.063764,,0.07570037501864135
5,0,True,uniform__adversarial-spatial__70,uniform__adversarial-spatial,10,10,10,177,0.07906200000000041,10,0,0,,0,165,opportunistic600_9,[],18078.520070245333,0,0.0,464.77040150000005,"[2, 3, 5, 10, 11, 13, 15, 16, 19, 20]",,,70,12,10,ordinary,9,full_coverage_and_all_discovered_cleared,157,4647.704015,,0.08114854100858793
14,0,True,uniform__adversarial-spatial__70,uniform__adversarial-spatial,8,13,10,147,0.08893700000000138,10,2,5,,0,132,trial80_9,[],17656.292227460697,0,0.0,437.22584459999996,"[2, 3, 5, 10, 11, 13, 15, 16, 19, 20]",,,70,0,10,ordinary,9,full_coverage_and_all_discovered_cleared,122,4372.258446,,0.08920749998651445
16,0,True,uniform__adversarial-spatial__70,uniform__adversarial-spatial,10,10,10,146,0.023575000000001012,10,0,0,,0,134,cov_mean9,[],17763.888373873157,0,0.0,439.4777674,"[2, 3, 5, 10, 11, 13, 15, 16, 19, 20]",,,70,0,10,ordinary,9,full_coverage_and_all_discovered_cleared,122,4394.777674,,0.023654415970668197
14,0,True,uniform__adversarial-spatial__70,uniform__adversarial-spatial,8,13,10,147,0.020074000000001035,10,2,5,,0,132,cov_trial80_9,[],17656.292227460697,0,0.0,437.22584459999996,"[2, 3, 5, 10, 11, 13, 15, 16, 19, 20]",,,70,0,10,ordinary,9,full_coverage_and_all_discovered_cleared,122,4372.258446,,0.020304333011154085
13,0,True,uniform__adversarial-spatial__70,uniform__adversarial-spatial,8,12,10,145,0.01893699999999754,10,2,4,,0,131,cov_robust80_9,[],17636.039906452377,0,0.0,436.0207982,"[2, 3, 5, 10, 11, 13, 15, 16, 19, 20]",,,70,0,10,ordinary,9,full_coverage_and_all_discovered_cleared,122,4360.207982,,0.018967250012792647
14,0,True,uniform__adversarial-spatial__70,uniform__adversarial-spatial,8,14,10,148,0.02036499999999819,10,2,6,,0,132,cov_dynamic80_9,[],15098.167544922524,0,0.0,386.363351,"[2, 3, 5, 10, 11, 13, 15, 16, 19, 20]",,,70,0,10,ordinary,9,full_coverage_and_all_discovered_cleared,122,3863.63351,,0.020654959022067487
4,0,True,uniform__adversarial-spatial__70,uniform__adversarial-spatial,9,14,10,180,0.01978499999999883,10,1,5,,0,164,cov_opportunistic80_9,[],17995.009987916983,0,0.0,463.70019970000004,"[2, 3, 5, 10, 11, 13, 15, 16, 19, 20]",,,70,20,10,ordinary,9,full_coverage_and_all_discovered_cleared,156,4637.001997,,0.01997200003825128
4,0,True,uniform__adversarial-spatial__70,uniform__adversarial-spatial,9,14,10,180,0.018343999999999028,10,1,5,,0,164,cov_deferred80_9,[],17995.009987916983,0,0.0,463.70019970000004,"[2, 3, 5, 10, 11, 13, 15, 16, 19, 20]",,,70,20,10,ordinary,9,full_coverage_and_all_discovered_cleared,156,4637.001997,,0.018405541020911187
13,0,True,uniform__adversarial-spatial__70,uniform__adversarial-spatial,8,13,10,124,0.018532000000000437,10,2,5,,0,109,cov_trial80_7,[],16579.368696284193,0,0.0,402.1873741,"[2, 3, 5, 10, 11, 13, 15, 16, 19, 20]",,,70,0,10,ordinary,7,full_coverage_and_all_discovered_cleared,102,4021.873741,,0.01856183394556865
13,0,True,uniform__adversarial-spatial__70,uniform__adversarial-spatial,8,13,10,124,0.01812500000000128,10,2,5,,0,109,cov_robust80_7,[],16579.368696284193,0,0.0,402.1873741,"[2, 3, 5, 10, 11, 13, 15, 16, 19, 20]",,,70,0,10,ordinary,7,full_coverage_and_all_discovered_cleared,102,4021.873741,,0.01812695898115635
20,0,True,uniform__adversarial-spatial__71,uniform__adversarial-spatial,12,12,12,132,0.16146200000000022,12,,,,0,118,baseline_peer9,[],21667.24778183877,0,0.0,424.03746299999995,"[1, 2, 4, 5, 7, 9, 10, 13, 17, 18, 19, 20]",,,71,,12,ordinary,9,full_coverage_and_all_discovered_cleared,105,5088.449556,,0.16190641600405797
22,0,True,uniform__adversarial-spatial__71,uniform__adversarial-spatial,12,12,12,116,0.191317999999999,12,,,,0,102,baseline_ring7,[],21077.62985514805,0,0.0,406.21049741666667,"[1, 2, 4, 5, 7, 9, 10, 13, 17, 18, 19, 20]",,,71,,12,ordinary,7,full_coverage_and_all_discovered_cleared,89,4874.525969,,0.20106683403719217
21,0,True,uniform__adversarial-spatial__71,uniform__adversarial-spatial,12,12,12,132,0.1685200000000009,12,,,,0,118,dynamic_greedy9,[],18189.54865415466,0,0.0,365.9924776666667,"[1, 2, 4, 5, 7, 9, 10, 13, 17, 18, 19, 20]",0.0002065430162474513,9,71,,12,ordinary,9,full_coverage_and_all_discovered_cleared,104,4391.909732,"[0, 7, 8, 1, 2, 3, 4, 5, 6]",0.16874004201963544
21,0,True,uniform__adversarial-spatial__71,uniform__adversarial-spatial,12,12,12,132,0.16696500000000114,12,,,,0,118,dynamic_two_opt9,[],18189.54865415466,0,0.0,365.9924776666667,"[1, 2, 4, 5, 7, 9, 10, 13, 17, 18, 19, 20]",0.00026529195019975305,9,71,,12,ordinary,9,full_coverage_and_all_discovered_cleared,104,4391.909732,"[0, 7, 8, 1, 2, 3, 4, 5, 6]",0.16735604201676324
5,0,True,uniform__adversarial-spatial__71,uniform__adversarial-spatial,12,12,12,177,0.07218599999999853,12,0,0,,0,163,deferred9,[],18803.803782595587,0,0.0,399.14672958333335,"[1, 2, 4, 5, 7, 9, 10, 13, 17, 18, 19, 20]",,,71,22,12,ordinary,9,full_coverage_and_all_discovered_cleared,154,4789.760755,,0.07228041696362197
5,0,True,uniform__adversarial-spatial__71,uniform__adversarial-spatial,12,12,12,177,0.07920199999999866,12,0,0,,0,163,opportunistic200_9,[],18803.803782595587,0,0.0,399.14672958333335,"[1, 2, 4, 5, 7, 9, 10, 13, 17, 18, 19, 20]",,,71,22,12,ordinary,9,full_coverage_and_all_discovered_cleared,154,4789.760755,,0.08779191703069955
5,0,True,uniform__adversarial-spatial__71,uniform__adversarial-spatial,12,12,12,177,0.07187900000000269,12,0,0,,0,163,opportunistic600_9,[],18680.32076372333,0,0.0,397.0886794166667,"[1, 2, 4, 5, 7, 9, 10, 13, 17, 18, 19, 20]",,,71,17,12,ordinary,9,full_coverage_and_all_discovered_cleared,154,4765.064153,,0.0719831669703126
20,0,True,uniform__adversarial-spatial__71,uniform__adversarial-spatial,12,18,12,138,0.10234100000000268,12,0,6,,0,118,trial80_9,[],21651.217296591072,0,0.0,425.27028825,"[1, 2, 4, 5, 7, 9, 10, 13, 17, 18, 19, 20]",,,71,0,12,ordinary,9,full_coverage_and_all_discovered_cleared,105,5103.243459,,0.10252600000239909
20,0,True,uniform__adversarial-spatial__71,uniform__adversarial-spatial,12,12,12,132,0.028105000000000047,12,0,0,,0,118,cov_mean9,[],21733.027144063413,0,0.0,425.13378566666665,"[1, 2, 4, 5, 7, 9, 10, 13, 17, 18, 19, 20]",,,71,0,12,ordinary,9,full_coverage_and_all_discovered_cleared,105,5101.605428,,0.028134291991591454
20,0,True,uniform__adversarial-spatial__71,uniform__adversarial-spatial,12,18,12,138,0.024630000000001928,12,0,6,,0,118,cov_trial80_9,[],21651.217296591072,0,0.0,425.27028825,"[1, 2, 4, 5, 7, 9, 10, 13, 17, 18, 19, 20]",,,71,0,12,ordinary,9,full_coverage_and_all_discovered_cleared,105,5103.243459,,0.024683166993781924
20,0,True,uniform__adversarial-spatial__71,uniform__adversarial-spatial,11,18,12,138,0.02427899999999994,12,1,7,,0,118,cov_robust80_9,[],21797.974173985407,0,0.0,427.7162361666667,"[1, 2, 4, 5, 7, 9, 10, 13, 17, 18, 19, 20]",,,71,0,12,ordinary,9,full_coverage_and_all_discovered_cleared,105,5132.594834,,0.02428066701395437
21,0,True,uniform__adversarial-spatial__71,uniform__adversarial-spatial,12,18,12,138,0.025657000000002483,12,0,6,,0,118,cov_dynamic80_9,[],18118.08436580745,0,0.0,366.30140608333335,"[1, 2, 4, 5, 7, 9, 10, 13, 17, 18, 19, 20]",,,71,0,12,ordinary,9,full_coverage_and_all_discovered_cleared,104,4395.616873,,0.025690499984193593
5,0,True,uniform__adversarial-spatial__71,uniform__adversarial-spatial,12,17,12,169,0.02072199999999924,12,0,5,,0,150,cov_opportunistic80_9,[],18099.79804477274,0,0.0,382.32996725,"[1, 2, 4, 5, 7, 9, 10, 13, 17, 18, 19, 20]",,,71,22,12,ordinary,9,full_coverage_and_all_discovered_cleared,143,4587.959607,,0.02076137502444908
5,0,True,uniform__adversarial-spatial__71,uniform__adversarial-spatial,12,17,12,182,0.023055000000002934,12,0,5,,0,163,cov_deferred80_9,[],18754.18069211391,0,0.0,399.56967833333334,"[1, 2, 4, 5, 7, 9, 10, 13, 17, 18, 19, 20]",,,71,22,12,ordinary,9,full_coverage_and_all_discovered_cleared,154,4794.83614,,0.023096582968719304
21,0,True,uniform__adversarial-spatial__71,uniform__adversarial-spatial,11,18,12,121,0.025089999999998724,12,1,7,,0,101,cov_trial80_7,[],20976.7070313153,0,0.0,405.61178375000003,"[1, 2, 4, 5, 7, 9, 10, 13, 17, 18, 19, 20]",,,71,0,12,ordinary,7,full_coverage_and_all_discovered_cleared,89,4867.341405,,0.025107249966822565
21,0,True,uniform__adversarial-spatial__71,uniform__adversarial-spatial,10,18,12,121,0.025036000000000058,12,2,8,,0,101,cov_robust80_7,[],21123.67504781371,0,0.0,408.06125066666664,"[1, 2, 4, 5, 7, 9, 10, 13, 17, 18, 19, 20]",,,71,0,12,ordinary,7,full_coverage_and_all_discovered_cleared,89,4896.735008,,0.025076707999687642
16,0,True,edge__iid__67,edge__iid,10,10,10,160,0.13529199999999975,10,,,,0,148,baseline_peer9,[],16405.813087739767,0,0.0,420.916262,"[4, 5, 7, 8, 9, 10, 14, 15, 18, 19]",,,67,,10,ordinary,9,full_coverage_and_all_discovered_cleared,138,4209.16262,,0.13544437498785555
17,0,True,edge__iid__67,edge__iid,10,10,10,135,0.14955600000000047,10,,,,0,123,baseline_ring7,[],15030.748048688034,0,0.0,378.5149611,"[4, 5, 7, 8, 9, 10, 14, 15, 18, 19]",,,67,,10,ordinary,7,full_coverage_and_all_discovered_cleared,114,3785.149611,,0.1496946660336107
16,0,True,edge__iid__67,edge__iid,10,10,10,155,0.1366739999999993,10,,,,0,143,dynamic_greedy9,[],14943.132072322307,0,0.0,388.7626416,"[4, 5, 7, 8, 9, 10, 14, 15, 18, 19]",0.00020783499348908663,9,67,,10,ordinary,9,full_coverage_and_all_discovered_cleared,134,3887.626416,"[0, 4, 5, 6, 7, 8, 1, 2, 3]",0.1368066249997355
16,0,True,edge__iid__67,edge__iid,10,10,10,155,0.13674999999999926,10,,,,0,143,dynamic_two_opt9,[],14943.132072322307,0,0.0,388.7626416,"[4, 5, 7, 8, 9, 10, 14, 15, 18, 19]",0.0002716639428399503,9,67,,10,ordinary,9,full_coverage_and_all_discovered_cleared,134,3887.626416,"[0, 4, 5, 6, 7, 8, 1, 2, 3]",0.13686687499284744
7,0,True,edge__iid__67,edge__iid,10,10,10,187,0.08583799999999897,10,0,0,,0,175,deferred9,[],17019.326789185492,0,0.0,449.58653590000006,"[4, 5, 7, 8, 9, 10, 14, 15, 18, 19]",,,67,12,10,ordinary,9,full_coverage_and_all_discovered_cleared,167,4495.865359,,0.08595179097028449
7,0,True,edge__iid__67,edge__iid,10,10,10,187,0.08606100000000083,10,0,0,,0,175,opportunistic200_9,[],17019.326789185492,0,0.0,449.58653590000006,"[4, 5, 7, 8, 9, 10, 14, 15, 18, 19]",,,67,12,10,ordinary,9,full_coverage_and_all_discovered_cleared,167,4495.865359,,0.08622629201272503
7,0,True,edge__iid__67,edge__iid,10,10,10,187,0.08520700000000048,10,0,0,,0,175,opportunistic600_9,[],17019.326789185492,0,0.0,449.58653590000006,"[4, 5, 7, 8, 9, 10, 14, 15, 18, 19]",,,67,12,10,ordinary,9,full_coverage_and_all_discovered_cleared,167,4495.865359,,0.08527545799734071
14,0,True,edge__iid__67,edge__iid,6,12,10,160,0.09278300000000073,10,4,6,,0,146,trial80_9,[],16390.15410337919,0,0.0,420.203082,"[4, 5, 7, 8, 9, 10, 14, 15, 18, 19]",,,67,0,10,ordinary,9,full_coverage_and_all_discovered_cleared,138,4202.03082,,0.09293745894683525
16,0,True,edge__iid__67,edge__iid,10,10,10,160,0.02395299999999878,10,0,0,,0,148,cov_mean9,[],16391.450318402745,0,0.0,420.62900659999997,"[4, 5, 7, 8, 9, 10, 14, 15, 18, 19]",,,67,0,10,ordinary,9,full_coverage_and_all_discovered_cleared,138,4206.290066,,0.023973750008735806
14,0,True,edge__iid__67,edge__iid,6,12,10,160,0.02041200000000032,10,4,6,,0,146,cov_trial80_9,[],16390.15410337919,0,0.0,420.203082,"[4, 5, 7, 8, 9, 10, 14, 15, 18, 19]",,,67,0,10,ordinary,9,full_coverage_and_all_discovered_cleared,138,4202.03082,,0.020484167034737766
14,0,True,edge__iid__67,edge__iid,6,12,10,160,0.020336000000000354,10,4,6,,0,146,cov_robust80_9,[],16388.876343378015,0,0.0,420.1775269,"[4, 5, 7, 8, 9, 10, 14, 15, 18, 19]",,,67,0,10,ordinary,9,full_coverage_and_all_discovered_cleared,138,4201.775269,,0.020358875044621527
14,0,True,edge__iid__67,edge__iid,6,12,10,155,0.020492999999998318,10,4,6,,0,141,cov_dynamic80_9,[],14924.150083233562,0,0.0,387.98300159999997,"[4, 5, 7, 8, 9, 10, 14, 15, 18, 19]",,,67,0,10,ordinary,9,full_coverage_and_all_discovered_cleared,134,3879.830016,,0.0205170419649221
1,0,True,edge__iid__67,edge__iid,3,10,10,179,0.014730000000000132,10,7,7,,0,167,cov_opportunistic80_9,[],16721.890987792372,0,0.0,438.83781980000003,"[4, 5, 7, 8, 9, 10, 14, 15, 18, 19]",,,67,9,10,ordinary,9,full_coverage_and_all_discovered_cleared,159,4388.378198,,0.014728625013958663
1,0,True,edge__iid__67,edge__iid,4,10,10,181,0.015609999999998792,10,6,6,,0,169,cov_deferred80_9,[],16913.18194071598,0,0.0,443.8636389,"[4, 5, 7, 8, 9, 10, 14, 15, 18, 19]",,,67,12,10,ordinary,9,full_coverage_and_all_discovered_cleared,161,4438.636389,,0.015620584017597139
13,0,True,edge__iid__67,edge__iid,6,13,10,134,0.018527999999999878,10,4,7,,0,119,cov_trial80_7,[],15093.867013731691,0,0.0,378.6773404,"[4, 5, 7, 8, 9, 10, 14, 15, 18, 19]",,,67,0,10,ordinary,7,full_coverage_and_all_discovered_cleared,114,3786.773404,,0.01855620800051838
13,0,True,edge__iid__67,edge__iid,6,13,10,134,0.018560000000000798,10,4,7,,0,119,cov_robust80_7,[],15093.867013731691,0,0.0,378.6773404,"[4, 5, 7, 8, 9, 10, 14, 15, 18, 19]",,,67,0,10,ordinary,7,full_coverage_and_all_discovered_cleared,114,3786.773404,,0.018559625023044646
24,0,True,edge__iid__68,edge__iid,15,15,15,157,0.2128060000000005,15,,,,0,140,baseline_peer9,[],18727.09120237602,0,0.0,309.8278828666667,"[2, 4, 5, 6, 8, 9, 11, 12, 13, 14, 15, 16, 17, 19, 20]",,,68,,15,ordinary,9,full_coverage_and_all_discovered_cleared,127,4647.418243,,0.21302704198751599
25,0,True,edge__iid__68,edge__iid,15,15,15,135,0.22233200000000153,15,,,,0,118,baseline_ring7,[],20521.7176264802,0,0.0,324.8895684666667,"[2, 4, 5, 6, 8, 9, 11, 12, 13, 14, 15, 16, 17, 19, 20]",,,68,,15,ordinary,7,full_coverage_and_all_discovered_cleared,104,4873.343527,,0.22249195800395682
23,0,True,edge__iid__68,edge__iid,15,15,15,150,0.20528300000000144,15,,,,0,133,dynamic_greedy9,[],17401.863489066312,0,0.0,289.42484640000004,"[2, 4, 5, 6, 8, 9, 11, 12, 13, 14, 15, 16, 17, 19, 20]",0.00022791599621996284,9,68,,15,ordinary,9,full_coverage_and_all_discovered_cleared,121,4341.372696,"[0, 1, 8, 7, 6, 5, 4, 3, 2]",0.20576241699745879
23,0,True,edge__iid__68,edge__iid,15,15,15,150,0.2048729999999992,15,,,,0,133,dynamic_two_opt9,[],17401.863489066312,0,0.0,289.42484640000004,"[2, 4, 5, 6, 8, 9, 11, 12, 13, 14, 15, 16, 17, 19, 20]",0.00027733418392017484,9,68,,15,ordinary,9,full_coverage_and_all_discovered_cleared,121,4341.372696,"[0, 1, 8, 7, 6, 5, 4, 3, 2]",0.20528533402830362
8,0,True,edge__iid__68,edge__iid,15,15,15,188,0.10128399999999971,15,0,0,,0,171,deferred9,[],18364.359931368243,0,0.0,317.5914659333333,"[2, 4, 5, 6, 8, 9, 11, 12, 13, 14, 15, 16, 17, 19, 20]",,,68,17,15,ordinary,9,full_coverage_and_all_discovered_cleared,161,4763.871989,,0.10154554102336988
8,0,True,edge__iid__68,edge__iid,15,15,15,188,0.1004959999999997,15,0,0,,0,171,opportunistic200_9,[],18364.359931368243,0,0.0,317.5914659333333,"[2, 4, 5, 6, 8, 9, 11, 12, 13, 14, 15, 16, 17, 19, 20]",,,68,17,15,ordinary,9,full_coverage_and_all_discovered_cleared,161,4763.871989,,0.10061033396050334
8,0,True,edge__iid__68,edge__iid,15,15,15,188,0.1006800000000041,15,0,0,,0,171,opportunistic600_9,[],18364.359931368243,0,0.0,317.5914659333333,"[2, 4, 5, 6, 8, 9, 11, 12, 13, 14, 15, 16, 17, 19, 20]",,,68,17,15,ordinary,9,full_coverage_and_all_discovered_cleared,161,4763.871989,,0.10086729197064415
19,0,True,edge__iid__68,edge__iid,9,17,15,154,0.14327399999999813,15,6,8,,0,135,trial80_9,[],18648.30788757155,0,0.0,307.5107720666667,"[2, 4, 5, 6, 8, 9, 11, 12, 13, 14, 15, 16, 17, 19, 20]",,,68,0,15,ordinary,9,full_coverage_and_all_discovered_cleared,127,4612.661581,,0.14343720895703882
24,0,True,edge__iid__68,edge__iid,15,15,15,157,0.03379799999999733,15,0,0,,0,140,cov_mean9,[],18771.784531246867,0,0.0,310.42379393333334,"[2, 4, 5, 6, 8, 9, 11, 12, 13, 14, 15, 16, 17, 19, 20]",,,68,0,15,ordinary,9,full_coverage_and_all_discovered_cleared,127,4656.356909,,0.03385574999265373
19,0,True,edge__iid__68,edge__iid,9,17,15,154,0.02768700000000024,15,6,8,,0,135,cov_trial80_9,[],18648.30788757155,0,0.0,307.5107720666667,"[2, 4, 5, 6, 8, 9, 11, 12, 13, 14, 15, 16, 17, 19, 20]",,,68,0,15,ordinary,9,full_coverage_and_all_discovered_cleared,127,4612.661581,,0.02770145802060142
19,0,True,edge__iid__68,edge__iid,8,17,15,154,0.027799000000001683,15,7,9,,0,135,cov_robust80_9,[],18736.816081718167,0,0.0,308.6908812666667,"[2, 4, 5, 6, 8, 9, 11, 12, 13, 14, 15, 16, 17, 19, 20]",,,68,0,15,ordinary,9,full_coverage_and_all_discovered_cleared,127,4630.363219,,0.027807625010609627
19,0,True,edge__iid__68,edge__iid,11,16,15,147,0.028454999999993902,15,4,5,,0,129,cov_dynamic80_9,[],17310.086702031003,0,0.0,287.0678226666667,"[2, 4, 5, 6, 8, 9, 11, 12, 13, 14, 15, 16, 17, 19, 20]",,,68,0,15,ordinary,9,full_coverage_and_all_discovered_cleared,121,4306.01734,,0.02852862502913922
3,0,True,edge__iid__68,edge__iid,10,17,15,185,0.021450000000001523,15,5,7,,0,166,cov_opportunistic80_9,[],18179.275613654132,0,0.0,313.5236749333333,"[2, 4, 5, 6, 8, 9, 11, 12, 13, 14, 15, 16, 17, 19, 20]",,,68,17,15,ordinary,9,full_coverage_and_all_discovered_cleared,156,4702.855124,,0.021474124980159104
3,0,True,edge__iid__68,edge__iid,10,17,15,185,0.02146499999999918,15,5,7,,0,166,cov_deferred80_9,[],18179.275613654132,0,0.0,313.5236749333333,"[2, 4, 5, 6, 8, 9, 11, 12, 13, 14, 15, 16, 17, 19, 20]",,,68,17,15,ordinary,9,full_coverage_and_all_discovered_cleared,156,4702.855124,,0.021466542035341263
23,0,True,edge__iid__68,edge__iid,10,18,15,136,0.030855999999999995,15,5,8,,0,116,cov_trial80_7,[],20681.264630534963,0,0.0,326.950195,"[2, 4, 5, 6, 8, 9, 11, 12, 13, 14, 15, 16, 17, 19, 20]",,,68,0,15,ordinary,7,full_coverage_and_all_discovered_cleared,104,4904.252925,,0.03089729096973315
23,0,True,edge__iid__68,edge__iid,9,19,15,137,0.02998200000000395,15,6,10,,0,116,cov_robust80_7,[],20253.623869625175,0,0.0,321.4483182,"[2, 4, 5, 6, 8, 9, 11, 12, 13, 14, 15, 16, 17, 19, 20]",,,68,0,15,ordinary,7,full_coverage_and_all_discovered_cleared,104,4821.724773,,0.029999624995980412
27,0,True,edge__iid__69,edge__iid,15,15,15,164,0.23805199999999616,15,,,,0,147,baseline_peer9,[],18430.348325401417,0,0.0,308.60464440000004,"[2, 3, 4, 5, 6, 7, 8, 9, 10, 11, 12, 13, 14, 16, 18]",,,69,,15,ordinary,9,full_coverage_and_all_discovered_cleared,133,4629.069666,,0.24312004196690395
28,0,True,edge__iid__69,edge__iid,15,15,15,144,0.24920600000000093,15,,,,0,127,baseline_ring7,[],19096.34578797313,0,0.0,309.4179438,"[2, 3, 4, 5, 6, 7, 8, 9, 10, 11, 12, 13, 14, 16, 18]",,,69,,15,ordinary,7,full_coverage_and_all_discovered_cleared,112,4641.269157,,0.25252437498420477
26,0,True,edge__iid__69,edge__iid,15,15,15,150,0.2276120000000006,15,,,,0,133,dynamic_greedy9,[],16879.111185408634,0,0.0,282.3881492,"[2, 3, 4, 5, 6, 7, 8, 9, 10, 11, 12, 13, 14, 16, 18]",0.00022766698384657502,9,69,,15,ordinary,9,full_coverage_and_all_discovered_cleared,120,4235.822238,"[0, 1, 8, 7, 6, 5, 4, 3, 2]",0.227798875013832
26,0,True,edge__iid__69,edge__iid,15,15,15,150,0.2265650000000008,15,,,,0,133,dynamic_two_opt9,[],16879.111185408634,0,0.0,282.3881492,"[2, 3, 4, 5, 6, 7, 8, 9, 10, 11, 12, 13, 14, 16, 18]",0.000275708909612149,9,69,,15,ordinary,9,full_coverage_and_all_discovered_cleared,120,4235.822238,"[0, 1, 8, 7, 6, 5, 4, 3, 2]",0.2268921670038253
9,0,True,edge__iid__69,edge__iid,15,15,15,187,0.11175000000000068,15,0,0,,0,170,deferred9,[],19147.399132996798,0,0.0,327.5653218,"[2, 3, 4, 5, 6, 7, 8, 9, 10, 11, 12, 13, 14, 16, 18]",,,69,19,15,ordinary,9,full_coverage_and_all_discovered_cleared,159,4913.479827,,0.11317908298224211
9,0,True,edge__iid__69,edge__iid,15,15,15,187,0.10273800000000222,15,0,0,,0,170,opportunistic200_9,[],19147.399132996798,0,0.0,327.5653218,"[2, 3, 4, 5, 6, 7, 8, 9, 10, 11, 12, 13, 14, 16, 18]",,,69,19,15,ordinary,9,full_coverage_and_all_discovered_cleared,159,4913.479827,,0.10287395800696686
9,0,True,edge__iid__69,edge__iid,15,15,15,187,0.10133100000000184,15,0,0,,0,170,opportunistic600_9,[],19550.122434902685,0,0.0,332.9349658,"[2, 3, 4, 5, 6, 7, 8, 9, 10, 11, 12, 13, 14, 16, 18]",,,69,13,15,ordinary,9,full_coverage_and_all_discovered_cleared,159,4994.024487,,0.10147233301540837
19,0,True,edge__iid__69,edge__iid,7,18,15,159,0.13028200000000112,15,8,11,,0,139,trial80_9,[],18310.673366794097,0,0.0,304.9423114,"[2, 3, 4, 5, 6, 7, 8, 9, 10, 11, 12, 13, 14, 16, 18]",,,69,0,15,ordinary,9,full_coverage_and_all_discovered_cleared,133,4574.134671,,0.13041849998990074
27,0,True,edge__iid__69,edge__iid,15,15,15,164,0.03696899999999914,15,0,0,,0,147,cov_mean9,[],18472.99910809693,0,0.0,309.1733216666667,"[2, 3, 4, 5, 6, 7, 8, 9, 10, 11, 12, 13, 14, 16, 18]",,,69,0,15,ordinary,9,full_coverage_and_all_discovered_cleared,133,4637.599825,,0.036998707975726575
19,0,True,edge__iid__69,edge__iid,7,18,15,159,0.027329000000001713,15,8,11,,0,139,cov_trial80_9,[],18310.673366794097,0,0.0,304.9423114,"[2, 3, 4, 5, 6, 7, 8, 9, 10, 11, 12, 13, 14, 16, 18]",,,69,0,15,ordinary,9,full_coverage_and_all_discovered_cleared,133,4574.134671,,0.02736574999289587
20,0,True,edge__iid__69,edge__iid,7,19,15,161,0.028016999999998404,15,8,12,,0,140,cov_robust80_9,[],18416.993079339965,0,0.0,306.8932409333333,"[2, 3, 4, 5, 6, 7, 8, 9, 10, 11, 12, 13, 14, 16, 18]",,,69,0,15,ordinary,9,full_coverage_and_all_discovered_cleared,133,4603.398614,,0.028038667049258947
18,0,True,edge__iid__69,edge__iid,7,18,15,145,0.026335000000003106,15,8,11,,0,125,cov_dynamic80_9,[],17025.164134398452,0,0.0,282.2688550666666,"[2, 3, 4, 5, 6, 7, 8, 9, 10, 11, 12, 13, 14, 16, 18]",,,69,0,15,ordinary,9,full_coverage_and_all_discovered_cleared,120,4234.032826,,0.026334958034567535
4,0,True,edge__iid__69,edge__iid,10,15,15,182,0.022059000000005824,15,5,5,,0,165,cov_opportunistic80_9,[],18992.27915984049,0,0.0,323.6303888,"[2, 3, 4, 5, 6, 7, 8, 9, 10, 11, 12, 13, 14, 16, 18]",,,69,19,15,ordinary,9,full_coverage_and_all_discovered_cleared,156,4854.455832,,0.022119041997939348
4,0,True,edge__iid__69,edge__iid,10,15,15,182,0.021977999999997166,15,5,5,,0,165,cov_deferred80_9,[],18992.27915984049,0,0.0,323.6303888,"[2, 3, 4, 5, 6, 7, 8, 9, 10, 11, 12, 13, 14, 16, 18]",,,69,19,15,ordinary,9,full_coverage_and_all_discovered_cleared,156,4854.455832,,0.02200283296406269
20,0,True,edge__iid__69,edge__iid,6,17,15,138,0.028585999999997114,15,9,11,,0,119,cov_trial80_7,[],18892.518421598,0,0.0,304.43357906666665,"[2, 3, 4, 5, 6, 7, 8, 9, 10, 11, 12, 13, 14, 16, 18]",,,69,0,15,ordinary,7,full_coverage_and_all_discovered_cleared,112,4566.503686,,0.028599000012036413
20,0,True,edge__iid__69,edge__iid,5,17,15,138,0.028189000000004683,15,10,12,,0,119,cov_robust80_7,[],18999.902763002985,0,0.0,305.86537020000003,"[2, 3, 4, 5, 6, 7, 8, 9, 10, 11, 12, 13, 14, 16, 18]",,,69,0,15,ordinary,7,full_coverage_and_all_discovered_cleared,112,4587.980553,,0.02822208299767226
19,0,True,edge__iid__70,edge__iid,10,10,10,165,0.16375299999999982,10,,,,0,153,baseline_peer9,[],17895.2584939613,0,0.0,453.4051701,"[2, 3, 5, 10, 11, 13, 15, 16, 19, 20]",,,70,,10,ordinary,9,full_coverage_and_all_discovered_cleared,140,4534.051701,,0.16386466700350866
18,0,True,edge__iid__70,edge__iid,10,10,10,138,0.1689270000000036,10,,,,0,126,baseline_ring7,[],17145.623395902854,0,0.0,422.4124678,"[2, 3, 5, 10, 11, 13, 15, 16, 19, 20]",,,70,,10,ordinary,7,full_coverage_and_all_discovered_cleared,115,4224.124678,,0.16912579198833555
19,0,True,edge__iid__70,edge__iid,10,10,10,164,0.15987200000000001,10,,,,0,152,dynamic_greedy9,[],15101.746297117372,0,0.0,396.8349258,"[2, 3, 5, 10, 11, 13, 15, 16, 19, 20]",0.0001941670780070126,9,70,,10,ordinary,9,full_coverage_and_all_discovered_cleared,138,3968.349258,"[0, 1, 8, 7, 6, 5, 4, 3, 2]",0.15998345898697153
19,0,True,edge__iid__70,edge__iid,10,10,10,164,0.1599300000000028,10,,,,0,152,dynamic_two_opt9,[],15101.746297117372,0,0.0,396.8349258,"[2, 3, 5, 10, 11, 13, 15, 16, 19, 20]",0.00025704404106363654,9,70,,10,ordinary,9,full_coverage_and_all_discovered_cleared,138,3968.349258,"[0, 1, 8, 7, 6, 5, 4, 3, 2]",0.16009104100521654
5,0,True,edge__iid__70,edge__iid,10,10,10,175,0.06032000000000437,10,0,0,,0,163,deferred9,[],17240.24315700275,0,0.0,446.7048632,"[2, 3, 5, 10, 11, 13, 15, 16, 19, 20]",,,70,22,10,ordinary,9,full_coverage_and_all_discovered_cleared,154,4467.048632,,0.06038325000554323
5,0,True,edge__iid__70,edge__iid,10,10,10,175,0.06029900000000055,10,0,0,,0,163,opportunistic200_9,[],17000.957273548636,0,0.0,441.9191454,"[2, 3, 5, 10, 11, 13, 15, 16, 19, 20]",,,70,19,10,ordinary,9,full_coverage_and_all_discovered_cleared,154,4419.191454,,0.06034537497907877
5,0,True,edge__iid__70,edge__iid,10,10,10,175,0.0604849999999999,10,0,0,,0,163,opportunistic600_9,[],17428.959244222577,0,0.0,450.479185,"[2, 3, 5, 10, 11, 13, 15, 16, 19, 20]",,,70,17,10,ordinary,9,full_coverage_and_all_discovered_cleared,154,4504.79185,,0.060533792013302445
14,0,True,edge__iid__70,edge__iid,4,13,10,163,0.09225999999999601,10,6,9,,0,148,trial80_9,[],17797.51760741298,0,0.0,449.8503525,"[2, 3, 5, 10, 11, 13, 15, 16, 19, 20]",,,70,0,10,ordinary,9,full_coverage_and_all_discovered_cleared,140,4498.503525,,0.09237399999983609
19,0,True,edge__iid__70,edge__iid,10,10,10,165,0.026859999999999218,10,0,0,,0,153,cov_mean9,[],17970.139577897648,0,0.0,454.9027915,"[2, 3, 5, 10, 11, 13, 15, 16, 19, 20]",,,70,0,10,ordinary,9,full_coverage_and_all_discovered_cleared,140,4549.027915,,0.026897915988229215
14,0,True,edge__iid__70,edge__iid,4,13,10,163,0.020080999999997573,10,6,9,,0,148,cov_trial80_9,[],17797.51760741298,0,0.0,449.8503525,"[2, 3, 5, 10, 11, 13, 15, 16, 19, 20]",,,70,0,10,ordinary,9,full_coverage_and_all_discovered_cleared,140,4498.503525,,0.02010566700482741
14,0,True,edge__iid__70,edge__iid,4,13,10,163,0.019857999999999265,10,6,9,,0,148,cov_robust80_9,[],17790.90421110999,0,0.0,449.7180846,"[2, 3, 5, 10, 11, 13, 15, 16, 19, 20]",,,70,0,10,ordinary,9,full_coverage_and_all_discovered_cleared,140,4497.180846,,0.019857584033161402
15,0,True,edge__iid__70,edge__iid,4,13,10,163,0.021526999999998964,10,6,9,,0,148,cov_dynamic80_9,[],15082.667458395474,0,0.0,395.3533493,"[2, 3, 5, 10, 11, 13, 15, 16, 19, 20]",,,70,0,10,ordinary,9,full_coverage_and_all_discovered_cleared,138,3953.533493,,0.021625583001878113
2,0,True,edge__iid__70,edge__iid,7,10,10,172,0.01639899999999983,10,3,3,,0,160,cov_opportunistic80_9,[],17101.63431723774,0,0.0,442.2326864,"[2, 3, 5, 10, 11, 13, 15, 16, 19, 20]",,,70,19,10,ordinary,9,full_coverage_and_all_discovered_cleared,152,4422.326864,,0.016505874984432012
2,0,True,edge__iid__70,edge__iid,7,10,10,172,0.015810000000001878,10,3,3,,0,160,cov_deferred80_9,[],17327.41718305385,0,0.0,446.74834380000004,"[2, 3, 5, 10, 11, 13, 15, 16, 19, 20]",,,70,22,10,ordinary,9,full_coverage_and_all_discovered_cleared,152,4467.483438,,0.015811665973160416
13,0,True,edge__iid__70,edge__iid,4,12,10,135,0.019585999999996773,10,6,8,,0,121,cov_trial80_7,[],17040.491854936812,0,0.0,418.4098372,"[2, 3, 5, 10, 11, 13, 15, 16, 19, 20]",,,70,0,10,ordinary,7,full_coverage_and_all_discovered_cleared,115,4184.098372,,0.01960737502668053
13,0,True,edge__iid__70,edge__iid,4,12,10,135,0.019343999999996697,10,6,8,,0,121,cov_robust80_7,[],17033.829900086057,0,0.0,418.27659809999994,"[2, 3, 5, 10, 11, 13, 15, 16, 19, 20]",,,70,0,10,ordinary,7,full_coverage_and_all_discovered_cleared,115,4182.765981,,0.019346832996234298
19,0,True,edge__iid__71,edge__iid,12,12,12,149,0.16512800000000283,12,,,,0,135,baseline_peer9,[],16972.650246784513,0,0.0,354.29417083333334,"[1, 2, 4, 5, 7, 9, 10, 13, 17, 18, 19, 20]",,,71,,12,ordinary,9,full_coverage_and_all_discovered_cleared,122,4251.53005,,0.1656627919874154
22,0,True,edge__iid__71,edge__iid,12,12,12,131,0.1948109999999943,12,,,,0,117,baseline_ring7,[],17132.696776023444,0,0.0,347.8782795833333,"[1, 2, 4, 5, 7, 9, 10, 13, 17, 18, 19, 20]",,,71,,12,ordinary,7,full_coverage_and_all_discovered_cleared,103,4174.539355,,0.19501004205085337
19,0,True,edge__iid__71,edge__iid,12,12,12,149,0.1870230000000035,12,,,,0,135,dynamic_greedy9,[],16972.650246784513,0,0.0,354.29417083333334,"[1, 2, 4, 5, 7, 9, 10, 13, 17, 18, 19, 20]",0.0002260400215163827,9,71,,12,ordinary,9,full_coverage_and_all_discovered_cleared,122,4251.53005,"[0, 1, 2, 3, 4, 5, 6, 7, 8]",0.21297375002177432
19,0,True,edge__iid__71,edge__iid,12,12,12,149,0.1637759999999986,12,,,,0,135,dynamic_two_opt9,[],16972.650246784513,0,0.0,354.29417083333334,"[1, 2, 4, 5, 7, 9, 10, 13, 17, 18, 19, 20]",0.000275583122856915,9,71,,12,ordinary,9,full_coverage_and_all_discovered_cleared,122,4251.53005,"[0, 1, 2, 3, 4, 5, 6, 7, 8]",0.16417879203800112
7,0,True,edge__iid__71,edge__iid,12,12,12,183,0.08472899999999584,12,0,0,,0,169,deferred9,[],17562.178479105485,0,0.0,381.45297483333337,"[1, 2, 4, 5, 7, 9, 10, 13, 17, 18, 19, 20]",,,71,18,12,ordinary,9,full_coverage_and_all_discovered_cleared,160,4577.435698,,0.08480262500233948
7,0,True,edge__iid__71,edge__iid,12,12,12,183,0.08492899999999537,12,0,0,,0,169,opportunistic200_9,[],17562.178479105485,0,0.0,381.45297483333337,"[1, 2, 4, 5, 7, 9, 10, 13, 17, 18, 19, 20]",,,71,18,12,ordinary,9,full_coverage_and_all_discovered_cleared,160,4577.435698,,0.08530308300396428
7,0,True,edge__iid__71,edge__iid,12,12,12,183,0.08355500000000404,12,0,0,,0,169,opportunistic600_9,[],17562.178479105485,0,0.0,381.45297483333337,"[1, 2, 4, 5, 7, 9, 10, 13, 17, 18, 19, 20]",,,71,18,12,ordinary,9,full_coverage_and_all_discovered_cleared,160,4577.435698,,0.08363404194824398
13,0,True,edge__iid__71,edge__iid,6,12,12,143,0.10573000000000121,12,6,6,,0,129,trial80_9,[],16849.092832877093,0,0.0,349.7348805,"[1, 2, 4, 5, 7, 9, 10, 13, 17, 18, 19, 20]",,,71,0,12,ordinary,9,full_coverage_and_all_discovered_cleared,122,4196.818566,,0.1058661249699071
19,0,True,edge__iid__71,edge__iid,12,12,12,149,0.027594999999998038,12,0,0,,0,135,cov_mean9,[],16964.30323082364,0,0.0,354.155054,"[1, 2, 4, 5, 7, 9, 10, 13, 17, 18, 19, 20]",,,71,0,12,ordinary,9,full_coverage_and_all_discovered_cleared,122,4249.860648,,0.027629541989881545
13,0,True,edge__iid__71,edge__iid,6,12,12,143,0.021410000000003038,12,6,6,,0,129,cov_trial80_9,[],16849.092832877093,0,0.0,349.7348805,"[1, 2, 4, 5, 7, 9, 10, 13, 17, 18, 19, 20]",,,71,0,12,ordinary,9,full_coverage_and_all_discovered_cleared,122,4196.818566,,0.021468584018293768
14,0,True,edge__iid__71,edge__iid,6,13,12,145,0.021550000000004843,12,6,7,,0,130,cov_robust80_9,[],16942.399764714275,0,0.0,351.95666275,"[1, 2, 4, 5, 7, 9, 10, 13, 17, 18, 19, 20]",,,71,0,12,ordinary,9,full_coverage_and_all_discovered_cleared,122,4223.479953,,0.021568041993305087
13,0,True,edge__iid__71,edge__iid,6,12,12,143,0.022013999999998646,12,6,6,,0,129,cov_dynamic80_9,[],16849.092832877093,0,0.0,349.7348805,"[1, 2, 4, 5, 7, 9, 10, 13, 17, 18, 19, 20]",,,71,0,12,ordinary,9,full_coverage_and_all_discovered_cleared,122,4196.818566,,0.02208349999273196
0,0,True,edge__iid__71,edge__iid,5,12,12,176,0.01615900000000181,12,7,7,,0,162,cov_opportunistic80_9,[],17454.282292037482,0,0.0,376.15470508333334,"[1, 2, 4, 5, 7, 9, 10, 13, 17, 18, 19, 20]",,,71,18,12,ordinary,9,full_coverage_and_all_discovered_cleared,153,4513.856461,,0.016218709002714604
0,0,True,edge__iid__71,edge__iid,5,12,12,176,0.016235000000001776,12,7,7,,0,162,cov_deferred80_9,[],17454.282292037482,0,0.0,376.15470508333334,"[1, 2, 4, 5, 7, 9, 10, 13, 17, 18, 19, 20]",,,71,18,12,ordinary,9,full_coverage_and_all_discovered_cleared,153,4513.856461,,0.016270791995339096
15,0,True,edge__iid__71,edge__iid,4,14,12,126,0.0220600000000033,12,8,10,,0,110,cov_trial80_7,[],17548.43636730476,0,0.0,352.39060616666666,"[1, 2, 4, 5, 7, 9, 10, 13, 17, 18, 19, 20]",,,71,0,12,ordinary,7,full_coverage_and_all_discovered_cleared,103,4228.687274,,0.02209358400432393
15,0,True,edge__iid__71,edge__iid,4,14,12,126,0.021881000000000483,12,8,10,,0,110,cov_robust80_7,[],17562.207058684344,0,0.0,352.62011766666666,"[1, 2, 4, 5, 7, 9, 10, 13, 17, 18, 19, 20]",,,71,0,12,ordinary,7,full_coverage_and_all_discovered_cleared,103,4231.441412,,0.021917917008977383
17,0,True,edge__smooth__67,edge__smooth,10,10,10,161,0.14526700000000403,10,,,,0,149,baseline_peer9,[],15678.839022459411,0,0.0,406.87678059999996,"[4, 5, 7, 8, 9, 10, 14, 15, 18, 19]",,,67,,10,ordinary,9,full_coverage_and_all_discovered_cleared,138,4068.767806,,0.14544616697821766
17,0,True,edge__smooth__67,edge__smooth,10,10,10,135,0.14881299999999698,10,,,,0,123,baseline_ring7,[],14981.113106496814,0,0.0,377.5222619,"[4, 5, 7, 8, 9, 10, 14, 15, 18, 19]",,,67,,10,ordinary,7,full_coverage_and_all_discovered_cleared,114,3775.222619,,0.1489575409796089
17,0,True,edge__smooth__67,edge__smooth,10,10,10,156,0.14804399999999873,10,,,,0,144,dynamic_greedy9,[],14266.608140603412,0,0.0,375.7321629,"[4, 5, 7, 8, 9, 10, 14, 15, 18, 19]",0.00021925097098574042,9,67,,10,ordinary,9,full_coverage_and_all_discovered_cleared,134,3757.321629,"[0, 4, 5, 6, 7, 8, 1, 2, 3]",0.14817745797336102
17,0,True,edge__smooth__67,edge__smooth,10,10,10,156,0.14783699999999556,10,,,,0,144,dynamic_two_opt9,[],14266.608140603412,0,0.0,375.7321629,"[4, 5, 7, 8, 9, 10, 14, 15, 18, 19]",0.0002593340468592942,9,67,,10,ordinary,9,full_coverage_and_all_discovered_cleared,134,3757.321629,"[0, 4, 5, 6, 7, 8, 1, 2, 3]",0.148089958995115
7,0,True,edge__smooth__67,edge__smooth,10,10,10,189,0.08322700000000083,10,0,0,,0,177,deferred9,[],17033.277744443953,0,0.0,450.96555479999995,"[4, 5, 7, 8, 9, 10, 14, 15, 18, 19]",,,67,10,10,ordinary,9,full_coverage_and_all_discovered_cleared,168,4509.655548,,0.08328883303329349
7,0,True,edge__smooth__67,edge__smooth,10,10,10,189,0.08380700000000019,10,0,0,,0,177,opportunistic200_9,[],17033.277744443953,0,0.0,450.96555479999995,"[4, 5, 7, 8, 9, 10, 14, 15, 18, 19]",,,67,10,10,ordinary,9,full_coverage_and_all_discovered_cleared,168,4509.655548,,0.08401699998648837
7,0,True,edge__smooth__67,edge__smooth,10,10,10,189,0.08312199999999592,10,0,0,,0,177,opportunistic600_9,[],16914.546036539665,0,0.0,448.5909208,"[4, 5, 7, 8, 9, 10, 14, 15, 18, 19]",,,67,6,10,ordinary,9,full_coverage_and_all_discovered_cleared,168,4485.909208,,0.08330733398906887
16,0,True,edge__smooth__67,edge__smooth,7,13,10,163,0.1006049999999945,10,3,6,,0,148,trial80_9,[],15662.532848992838,0,0.0,406.950657,"[4, 5, 7, 8, 9, 10, 14, 15, 18, 19]",,,67,0,10,ordinary,9,full_coverage_and_all_discovered_cleared,138,4069.50657,,0.10096775001147762
17,0,True,edge__smooth__67,edge__smooth,10,10,10,161,0.0254460000000023,10,0,0,,0,149,cov_mean9,[],15685.291645113883,0,0.0,407.0058331,"[4, 5, 7, 8, 9, 10, 14, 15, 18, 19]",,,67,0,10,ordinary,9,full_coverage_and_all_discovered_cleared,138,4070.058331,,0.025481000018771738
16,0,True,edge__smooth__67,edge__smooth,7,13,10,163,0.02266999999999797,10,3,6,,0,148,cov_trial80_9,[],15662.532848992838,0,0.0,406.950657,"[4, 5, 7, 8, 9, 10, 14, 15, 18, 19]",,,67,0,10,ordinary,9,full_coverage_and_all_discovered_cleared,138,4069.50657,,0.022781291976571083
16,0,True,edge__smooth__67,edge__smooth,7,13,10,163,0.02244699999999966,10,3,6,,0,148,cov_robust80_9,[],15644.556454288366,0,0.0,406.59112919999995,"[4, 5, 7, 8, 9, 10, 14, 15, 18, 19]",,,67,0,10,ordinary,9,full_coverage_and_all_discovered_cleared,138,4065.911292,,0.02251483395230025
17,0,True,edge__smooth__67,edge__smooth,8,14,10,160,0.022913000000002626,10,2,6,,0,144,cov_dynamic80_9,[],14270.960573972074,0,0.0,377.0192116,"[4, 5, 7, 8, 9, 10, 14, 15, 18, 19]",,,67,0,10,ordinary,9,full_coverage_and_all_discovered_cleared,134,3770.192116,,0.022935917018912733
1,0,True,edge__smooth__67,edge__smooth,3,10,10,182,0.01513199999999415,10,7,7,,0,170,cov_opportunistic80_9,[],16729.687046949643,0,0.0,440.7937409,"[4, 5, 7, 8, 9, 10, 14, 15, 18, 19]",,,67,6,10,ordinary,9,full_coverage_and_all_discovered_cleared,162,4407.937409,,0.015204249997623265
1,0,True,edge__smooth__67,edge__smooth,4,10,10,183,0.015515999999998087,10,6,6,,0,171,cov_deferred80_9,[],16923.446594141893,0,0.0,445.1689319,"[4, 5, 7, 8, 9, 10, 14, 15, 18, 19]",,,67,10,10,ordinary,9,full_coverage_and_all_discovered_cleared,162,4451.689319,,0.015558916027657688
18,0,True,edge__smooth__67,edge__smooth,7,14,10,140,0.02323700000000173,10,3,7,,0,124,cov_trial80_7,[],15272.484060210249,0,0.0,385.0496812,"[4, 5, 7, 8, 9, 10, 14, 15, 18, 19]",,,67,0,10,ordinary,7,full_coverage_and_all_discovered_cleared,114,3850.496812,,0.02334387495648116
18,0,True,edge__smooth__67,edge__smooth,7,14,10,140,0.023151999999996065,10,3,7,,0,124,cov_robust80_7,[],15254.938972934362,0,0.0,384.69877940000003,"[4, 5, 7, 8, 9, 10, 14, 15, 18, 19]",,,67,0,10,ordinary,7,full_coverage_and_all_discovered_cleared,114,3846.987794,,0.0232533750240691
25,0,True,edge__smooth__68,edge__smooth,15,15,15,158,0.2237170000000006,15,,,,0,141,baseline_peer9,[],18745.358682439037,0,0.0,310.4047824666667,"[2, 4, 5, 6, 8, 9, 11, 12, 13, 14, 15, 16, 17, 19, 20]",,,68,,15,ordinary,9,full_coverage_and_all_discovered_cleared,127,4656.071737,,0.22428179200505838
25,0,True,edge__smooth__68,edge__smooth,15,15,15,135,0.22256800000000254,15,,,,0,118,baseline_ring7,[],20124.60153539951,0,0.0,319.5946872,"[2, 4, 5, 6, 8, 9, 11, 12, 13, 14, 15, 16, 17, 19, 20]",,,68,,15,ordinary,7,full_coverage_and_all_discovered_cleared,104,4793.920308,,0.22489541699178517
22,0,True,edge__smooth__68,edge__smooth,15,15,15,149,0.1921389999999974,15,,,,0,132,dynamic_greedy9,[],17377.63934702497,0,0.0,288.76852486666667,"[2, 4, 5, 6, 8, 9, 11, 12, 13, 14, 15, 16, 17, 19, 20]",0.00022241799160838127,9,68,,15,ordinary,9,full_coverage_and_all_discovered_cleared,121,4331.527873,"[0, 1, 8, 7, 6, 5, 4, 3, 2]",0.192708250018768
22,0,True,edge__smooth__68,edge__smooth,15,15,15,149,0.1883449999999982,15,,,,0,132,dynamic_two_opt9,[],17377.63934702497,0,0.0,288.76852486666667,"[2, 4, 5, 6, 8, 9, 11, 12, 13, 14, 15, 16, 17, 19, 20]",0.0002671671099960804,9,68,,15,ordinary,9,full_coverage_and_all_discovered_cleared,121,4331.527873,"[0, 1, 8, 7, 6, 5, 4, 3, 2]",0.18870037503074855
8,0,True,edge__smooth__68,edge__smooth,15,15,15,190,0.10553600000000074,15,0,0,,0,173,deferred9,[],18435.656335585205,0,0.0,319.4087512666667,"[2, 4, 5, 6, 8, 9, 11, 12, 13, 14, 15, 16, 17, 19, 20]",,,68,15,15,ordinary,9,full_coverage_and_all_discovered_cleared,164,4791.131269,,0.10573725000722334
8,0,True,edge__smooth__68,edge__smooth,15,15,15,190,0.10744500000000556,15,0,0,,0,173,opportunistic200_9,[],18435.656335585205,0,0.0,319.4087512666667,"[2, 4, 5, 6, 8, 9, 11, 12, 13, 14, 15, 16, 17, 19, 20]",,,68,15,15,ordinary,9,full_coverage_and_all_discovered_cleared,164,4791.131269,,0.10760191699955612
8,0,True,edge__smooth__68,edge__smooth,15,15,15,190,0.10617200000000082,15,0,0,,0,173,opportunistic600_9,[],18435.656335585205,0,0.0,319.4087512666667,"[2, 4, 5, 6, 8, 9, 11, 12, 13, 14, 15, 16, 17, 19, 20]",,,68,15,15,ordinary,9,full_coverage_and_all_discovered_cleared,164,4791.131269,,0.10641166695859283
21,0,True,edge__smooth__68,edge__smooth,10,20,15,159,0.1386579999999995,15,5,10,,0,137,trial80_9,[],18591.569815590166,0,0.0,308.02093080000003,"[2, 4, 5, 6, 8, 9, 11, 12, 13, 14, 15, 16, 17, 19, 20]",,,68,0,15,ordinary,9,full_coverage_and_all_discovered_cleared,127,4620.313962,,0.1388957499875687
26,0,True,edge__smooth__68,edge__smooth,15,15,15,159,0.037803000000003806,15,0,0,,0,142,cov_mean9,[],18927.117817841845,0,0.0,313.1615710666667,"[2, 4, 5, 6, 8, 9, 11, 12, 13, 14, 15, 16, 17, 19, 20]",,,68,0,15,ordinary,9,full_coverage_and_all_discovered_cleared,127,4697.423566,,0.03790204197866842
21,0,True,edge__smooth__68,edge__smooth,10,20,15,159,0.02908199999999539,15,5,10,,0,137,cov_trial80_9,[],18591.569815590166,0,0.0,308.02093080000003,"[2, 4, 5, 6, 8, 9, 11, 12, 13, 14, 15, 16, 17, 19, 20]",,,68,0,15,ordinary,9,full_coverage_and_all_discovered_cleared,127,4620.313962,,0.029101042018737644
21,0,True,edge__smooth__68,edge__smooth,10,20,15,159,0.028494000000002018,15,5,10,,0,137,cov_robust80_9,[],18583.111528823163,0,0.0,307.90815366666664,"[2, 4, 5, 6, 8, 9, 11, 12, 13, 14, 15, 16, 17, 19, 20]",,,68,0,15,ordinary,9,full_coverage_and_all_discovered_cleared,127,4618.622305,,0.028541832987684757
23,0,True,edge__smooth__68,edge__smooth,13,19,15,154,0.030951999999999202,15,2,6,,0,133,cov_dynamic80_9,[],17423.72969532901,0,0.0,290.516396,"[2, 4, 5, 6, 8, 9, 11, 12, 13, 14, 15, 16, 17, 19, 20]",,,68,0,15,ordinary,9,full_coverage_and_all_discovered_cleared,121,4357.74594,,0.030970708001405
1,0,True,edge__smooth__68,edge__smooth,8,15,15,183,0.02112499999999784,15,7,7,,0,166,cov_opportunistic80_9,[],18258.94646068379,0,0.0,314.2526196,"[2, 4, 5, 6, 8, 9, 11, 12, 13, 14, 15, 16, 17, 19, 20]",,,68,15,15,ordinary,9,full_coverage_and_all_discovered_cleared,157,4713.789294,,0.021143332996871322
1,0,True,edge__smooth__68,edge__smooth,8,15,15,183,0.020867000000002633,15,7,7,,0,166,cov_deferred80_9,[],18258.94646068379,0,0.0,314.2526196,"[2, 4, 5, 6, 8, 9, 11, 12, 13, 14, 15, 16, 17, 19, 20]",,,68,15,15,ordinary,9,full_coverage_and_all_discovered_cleared,157,4713.789294,,0.02087691699853167
19,0,True,edge__smooth__68,edge__smooth,8,18,15,132,0.02704400000000362,15,7,10,,0,112,cov_trial80_7,[],20120.082882863433,0,0.0,318.1344384,"[2, 4, 5, 6, 8, 9, 11, 12, 13, 14, 15, 16, 17, 19, 20]",,,68,0,15,ordinary,7,full_coverage_and_all_discovered_cleared,104,4772.016576,,0.027066542010288686
19,0,True,edge__smooth__68,edge__smooth,8,18,15,132,0.026772000000001128,15,7,10,,0,112,cov_robust80_7,[],20118.840401560163,0,0.0,318.117872,"[2, 4, 5, 6, 8, 9, 11, 12, 13, 14, 15, 16, 17, 19, 20]",,,68,0,15,ordinary,7,full_coverage_and_all_discovered_cleared,104,4771.76808,,0.02679658296983689
27,0,True,edge__smooth__69,edge__smooth,15,15,15,164,0.2350059999999985,15,,,,0,147,baseline_peer9,[],18413.524352563854,0,0.0,308.3803249333333,"[2, 3, 4, 5, 6, 7, 8, 9, 10, 11, 12, 13, 14, 16, 18]",,,69,,15,ordinary,9,full_coverage_and_all_discovered_cleared,133,4625.704874,,0.23570208298042417
27,0,True,edge__smooth__69,edge__smooth,15,15,15,143,0.23193900000000411,15,,,,0,126,baseline_ring7,[],18911.225945797003,0,0.0,306.61634573333333,"[2, 3, 4, 5, 6, 7, 8, 9, 10, 11, 12, 13, 14, 16, 18]",,,69,,15,ordinary,7,full_coverage_and_all_discovered_cleared,112,4599.245186,,0.2324291659751907
26,0,True,edge__smooth__69,edge__smooth,15,15,15,150,0.2399599999999964,15,,,,0,133,dynamic_greedy9,[],17129.835650172332,0,0.0,285.7311423333333,"[2, 3, 4, 5, 6, 7, 8, 9, 10, 11, 12, 13, 14, 16, 18]",0.00022924802033230662,9,69,,15,ordinary,9,full_coverage_and_all_discovered_cleared,120,4285.967135,"[0, 1, 8, 7, 6, 5, 4, 3, 2]",0.2415537079796195
26,0,True,edge__smooth__69,edge__smooth,15,15,15,150,0.2363730000000004,15,,,,0,133,dynamic_two_opt9,[],17129.835650172332,0,0.0,285.7311423333333,"[2, 3, 4, 5, 6, 7, 8, 9, 10, 11, 12, 13, 14, 16, 18]",0.0002970410278066993,9,69,,15,ordinary,9,full_coverage_and_all_discovered_cleared,120,4285.967135,"[0, 1, 8, 7, 6, 5, 4, 3, 2]",0.23737116699339822
9,0,True,edge__smooth__69,edge__smooth,15,15,15,189,0.11216799999999694,15,0,0,,0,172,deferred9,[],19000.771501833064,0,0.0,326.4102868,"[2, 3, 4, 5, 6, 7, 8, 9, 10, 11, 12, 13, 14, 16, 18]",,,69,17,15,ordinary,9,full_coverage_and_all_discovered_cleared,161,4896.154302,,0.11618312500650063
9,0,True,edge__smooth__69,edge__smooth,15,15,15,189,0.10558799999999735,15,0,0,,0,172,opportunistic200_9,[],19000.771501833064,0,0.0,326.4102868,"[2, 3, 4, 5, 6, 7, 8, 9, 10, 11, 12, 13, 14, 16, 18]",,,69,17,15,ordinary,9,full_coverage_and_all_discovered_cleared,161,4896.154302,,0.10608483297983184
9,0,True,edge__smooth__69,edge__smooth,15,15,15,189,0.10486700000000582,15,0,0,,0,172,opportunistic600_9,[],19431.7614985537,0,0.0,332.1568200666667,"[2, 3, 4, 5, 6, 7, 8, 9, 10, 11, 12, 13, 14, 16, 18]",,,69,11,15,ordinary,9,full_coverage_and_all_discovered_cleared,161,4982.352301,,0.10534929198911414
18,0,True,edge__smooth__69,edge__smooth,6,17,15,157,0.12918599999999714,15,9,11,,0,138,trial80_9,[],18221.280797452564,0,0.0,303.21707753333334,"[2, 3, 4, 5, 6, 7, 8, 9, 10, 11, 12, 13, 14, 16, 18]",,,69,0,15,ordinary,9,full_coverage_and_all_discovered_cleared,133,4548.256163,,0.12964833300793543
27,0,True,edge__smooth__69,edge__smooth,15,15,15,164,0.038209000000001936,15,0,0,,0,147,cov_mean9,[],18422.196803815346,0,0.0,308.49595753333335,"[2, 3, 4, 5, 6, 7, 8, 9, 10, 11, 12, 13, 14, 16, 18]",,,69,0,15,ordinary,9,full_coverage_and_all_discovered_cleared,133,4627.439363,,0.038346958986949176
18,0,True,edge__smooth__69,edge__smooth,6,17,15,157,0.02764100000000269,15,9,11,,0,138,cov_trial80_9,[],18221.280797452564,0,0.0,303.21707753333334,"[2, 3, 4, 5, 6, 7, 8, 9, 10, 11, 12, 13, 14, 16, 18]",,,69,0,15,ordinary,9,full_coverage_and_all_discovered_cleared,133,4548.256163,,0.0277272499515675
18,0,True,edge__smooth__69,edge__smooth,5,17,15,157,0.027636000000001104,15,10,12,,0,138,cov_robust80_9,[],18286.044228996947,0,0.0,304.0805898666667,"[2, 3, 4, 5, 6, 7, 8, 9, 10, 11, 12, 13, 14, 16, 18]",,,69,0,15,ordinary,9,full_coverage_and_all_discovered_cleared,133,4561.208848,,0.02771458402276039
17,0,True,edge__smooth__69,edge__smooth,5,16,15,142,0.027173999999995146,15,10,11,,0,124,cov_dynamic80_9,[],16959.049653752678,0,0.0,280.6539954666667,"[2, 3, 4, 5, 6, 7, 8, 9, 10, 11, 12, 13, 14, 16, 18]",,,69,0,15,ordinary,9,full_coverage_and_all_discovered_cleared,120,4209.809932,,0.027221041033044457
4,0,True,edge__smooth__69,edge__smooth,10,15,15,184,0.0226820000000032,15,5,5,,0,167,cov_opportunistic80_9,[],18766.33459121961,0,0.0,321.4177946666667,"[2, 3, 4, 5, 6, 7, 8, 9, 10, 11, 12, 13, 14, 16, 18]",,,69,17,15,ordinary,9,full_coverage_and_all_discovered_cleared,158,4821.26692,,0.02282908302731812
4,0,True,edge__smooth__69,edge__smooth,10,15,15,184,0.022683000000000675,15,5,5,,0,167,cov_deferred80_9,[],18766.33459121961,0,0.0,321.4177946666667,"[2, 3, 4, 5, 6, 7, 8, 9, 10, 11, 12, 13, 14, 16, 18]",,,69,17,15,ordinary,9,full_coverage_and_all_discovered_cleared,158,4821.26692,,0.022739875013940036
24,0,True,edge__smooth__69,edge__smooth,9,20,15,145,0.03185600000000477,15,6,11,,0,123,cov_trial80_7,[],18869.07233588552,0,0.0,306.0542977333333,"[2, 3, 4, 5, 6, 7, 8, 9, 10, 11, 12, 13, 14, 16, 18]",,,69,0,15,ordinary,7,full_coverage_and_all_discovered_cleared,112,4590.814466,,0.03198216698365286
24,0,True,edge__smooth__69,edge__smooth,8,20,15,145,0.031393000000001337,15,7,12,,0,123,cov_robust80_7,[],18951.74738541807,0,0.0,307.15663166666667,"[2, 3, 4, 5, 6, 7, 8, 9, 10, 11, 12, 13, 14, 16, 18]",,,69,0,15,ordinary,7,full_coverage_and_all_discovered_cleared,112,4607.349475,,0.031511415960267186
19,0,True,edge__smooth__70,edge__smooth,10,10,10,165,0.17667800000000256,10,,,,0,153,baseline_peer9,[],17898.640384555816,0,0.0,453.4728078,"[2, 3, 5, 10, 11, 13, 15, 16, 19, 20]",,,70,,10,ordinary,9,full_coverage_and_all_discovered_cleared,140,4534.728078,,0.17739687499124557
18,0,True,edge__smooth__70,edge__smooth,10,10,10,138,0.1694180000000003,10,,,,0,126,baseline_ring7,[],17292.769110484467,0,0.0,425.3553822,"[2, 3, 5, 10, 11, 13, 15, 16, 19, 20]",,,70,,10,ordinary,7,full_coverage_and_all_discovered_cleared,115,4253.553822,,0.16984637500718236
18,0,True,edge__smooth__70,edge__smooth,10,10,10,163,0.16199199999999792,10,,,,0,151,dynamic_greedy9,[],15079.188227427303,0,0.0,395.8837648,"[2, 3, 5, 10, 11, 13, 15, 16, 19, 20]",0.00021104211919009686,9,70,,10,ordinary,9,full_coverage_and_all_discovered_cleared,138,3958.837648,"[0, 1, 8, 7, 6, 5, 4, 3, 2]",0.16219704202376306
18,0,True,edge__smooth__70,edge__smooth,10,10,10,163,0.16393999999999664,10,,,,0,151,dynamic_two_opt9,[],15079.188227427303,0,0.0,395.8837648,"[2, 3, 5, 10, 11, 13, 15, 16, 19, 20]",0.0002769990242086351,9,70,,10,ordinary,9,full_coverage_and_all_discovered_cleared,138,3958.837648,"[0, 1, 8, 7, 6, 5, 4, 3, 2]",0.16425641695968807
5,0,True,edge__smooth__70,edge__smooth,10,10,10,175,0.05875699999999995,10,0,0,,0,163,deferred9,[],17233.12094577706,0,0.0,446.5624189,"[2, 3, 5, 10, 11, 13, 15, 16, 19, 20]",,,70,22,10,ordinary,9,full_coverage_and_all_discovered_cleared,154,4465.624189,,0.05885104200569913
5,0,True,edge__smooth__70,edge__smooth,10,10,10,175,0.05840599999999796,10,0,0,,0,163,opportunistic200_9,[],16982.608753930712,0,0.0,441.552175,"[2, 3, 5, 10, 11, 13, 15, 16, 19, 20]",,,70,19,10,ordinary,9,full_coverage_and_all_discovered_cleared,154,4415.52175,,0.05851437500678003
5,0,True,edge__smooth__70,edge__smooth,10,10,10,175,0.05842300000000478,10,0,0,,0,163,opportunistic600_9,[],17464.662233541567,0,0.0,451.19324459999996,"[2, 3, 5, 10, 11, 13, 15, 16, 19, 20]",,,70,17,10,ordinary,9,full_coverage_and_all_discovered_cleared,154,4511.932446,,0.058507584035396576
14,0,True,edge__smooth__70,edge__smooth,3,12,10,162,0.1022959999999955,10,7,9,,0,148,trial80_9,[],17887.058574322687,0,0.0,451.34117159999994,"[2, 3, 5, 10, 11, 13, 15, 16, 19, 20]",,,70,0,10,ordinary,9,full_coverage_and_all_discovered_cleared,140,4513.411716,,0.10245058301370591
19,0,True,edge__smooth__70,edge__smooth,10,10,10,165,0.027028000000001384,10,0,0,,0,153,cov_mean9,[],17937.32446351871,0,0.0,454.2464894,"[2, 3, 5, 10, 11, 13, 15, 16, 19, 20]",,,70,0,10,ordinary,9,full_coverage_and_all_discovered_cleared,140,4542.464894,,0.02707966702291742
14,0,True,edge__smooth__70,edge__smooth,3,12,10,162,0.020921999999998775,10,7,9,,0,148,cov_trial80_9,[],17887.058574322687,0,0.0,451.34117159999994,"[2, 3, 5, 10, 11, 13, 15, 16, 19, 20]",,,70,0,10,ordinary,9,full_coverage_and_all_discovered_cleared,140,4513.411716,,0.0209667079616338
14,0,True,edge__smooth__70,edge__smooth,3,12,10,162,0.020799999999994156,10,7,9,,0,148,cov_robust80_9,[],17870.823312141496,0,0.0,451.0164664,"[2, 3, 5, 10, 11, 13, 15, 16, 19, 20]",,,70,0,10,ordinary,9,full_coverage_and_all_discovered_cleared,140,4510.164664,,0.020803040999453515
14,0,True,edge__smooth__70,edge__smooth,5,13,10,162,0.020516000000000645,10,5,8,,0,147,cov_dynamic80_9,[],15000.772837888026,0,0.0,393.2154569,"[2, 3, 5, 10, 11, 13, 15, 16, 19, 20]",,,70,0,10,ordinary,9,full_coverage_and_all_discovered_cleared,138,3932.154569,,0.020566584018524736
2,0,True,edge__smooth__70,edge__smooth,7,10,10,172,0.015985000000000582,10,3,3,,0,160,cov_opportunistic80_9,[],17061.33195742548,0,0.0,441.42663899999997,"[2, 3, 5, 10, 11, 13, 15, 16, 19, 20]",,,70,19,10,ordinary,9,full_coverage_and_all_discovered_cleared,152,4414.26639,,0.01601591700455174
2,0,True,edge__smooth__70,edge__smooth,7,10,10,172,0.015757999999998162,10,3,3,,0,160,cov_deferred80_9,[],17305.63226172722,0,0.0,446.3126451,"[2, 3, 5, 10, 11, 13, 15, 16, 19, 20]",,,70,22,10,ordinary,9,full_coverage_and_all_discovered_cleared,152,4463.126451,,0.015787540993187577
14,0,True,edge__smooth__70,edge__smooth,6,14,10,138,0.01952699999999652,10,4,8,,0,122,cov_trial80_7,[],17188.411728536317,0,0.0,422.4682347,"[2, 3, 5, 10, 11, 13, 15, 16, 19, 20]",,,70,0,10,ordinary,7,full_coverage_and_all_discovered_cleared,115,4224.682347,,0.01958091603592038
14,0,True,edge__smooth__70,edge__smooth,6,14,10,138,0.01931199999999933,10,4,8,,0,122,cov_robust80_7,[],17188.411728536317,0,0.0,422.4682347,"[2, 3, 5, 10, 11, 13, 15, 16, 19, 20]",,,70,0,10,ordinary,7,full_coverage_and_all_discovered_cleared,115,4224.682347,,0.019311167008709162
19,0,True,edge__smooth__71,edge__smooth,12,12,12,149,0.16605200000000053,12,,,,0,135,baseline_peer9,[],17043.84404465727,0,0.0,355.48073425,"[1, 2, 4, 5, 7, 9, 10, 13, 17, 18, 19, 20]",,,71,,12,ordinary,9,full_coverage_and_all_discovered_cleared,122,4265.768811,,0.16619516600621864
22,0,True,edge__smooth__71,edge__smooth,12,12,12,131,0.19109900000000124,12,,,,0,117,baseline_ring7,[],17265.29789411861,0,0.0,350.08829833333334,"[1, 2, 4, 5, 7, 9, 10, 13, 17, 18, 19, 20]",,,71,,12,ordinary,7,full_coverage_and_all_discovered_cleared,103,4201.05958,,0.19124516699230298
19,0,True,edge__smooth__71,edge__smooth,12,12,12,149,0.16928399999999755,12,,,,0,135,dynamic_greedy9,[],17043.84404465727,0,0.0,355.48073425,"[1, 2, 4, 5, 7, 9, 10, 13, 17, 18, 19, 20]",0.00022079009795561433,9,71,,12,ordinary,9,full_coverage_and_all_discovered_cleared,122,4265.768811,"[0, 1, 2, 3, 4, 5, 6, 7, 8]",0.16960462497081608
19,0,True,edge__smooth__71,edge__smooth,12,12,12,149,0.1637229999999974,12,,,,0,135,dynamic_two_opt9,[],17043.84404465727,0,0.0,355.48073425,"[1, 2, 4, 5, 7, 9, 10, 13, 17, 18, 19, 20]",0.00026275019627064466,9,71,,12,ordinary,9,full_coverage_and_all_discovered_cleared,122,4265.768811,"[0, 1, 2, 3, 4, 5, 6, 7, 8]",0.16387091600336134
6,0,True,edge__smooth__71,edge__smooth,12,12,12,182,0.0753739999999965,12,0,0,,0,168,deferred9,[],17528.73871455579,0,0.0,380.39564533333333,"[1, 2, 4, 5, 7, 9, 10, 13, 17, 18, 19, 20]",,,71,18,12,ordinary,9,full_coverage_and_all_discovered_cleared,159,4564.747744,,0.07551166601479053
6,0,True,edge__smooth__71,edge__smooth,12,12,12,182,0.07469400000000093,12,0,0,,0,168,opportunistic200_9,[],17528.73871455579,0,0.0,380.39564533333333,"[1, 2, 4, 5, 7, 9, 10, 13, 17, 18, 19, 20]",,,71,18,12,ordinary,9,full_coverage_and_all_discovered_cleared,159,4564.747744,,0.07477924996055663
6,0,True,edge__smooth__71,edge__smooth,12,12,12,182,0.07486200000000309,12,0,0,,0,168,opportunistic600_9,[],17528.73871455579,0,0.0,380.39564533333333,"[1, 2, 4, 5, 7, 9, 10, 13, 17, 18, 19, 20]",,,71,18,12,ordinary,9,full_coverage_and_all_discovered_cleared,159,4564.747744,,0.07502512499922886
15,0,True,edge__smooth__71,edge__smooth,8,13,12,146,0.11773499999999615,12,4,5,,0,131,trial80_9,[],16973.650561349285,0,0.0,352.89417591666665,"[1, 2, 4, 5, 7, 9, 10, 13, 17, 18, 19, 20]",,,71,0,12,ordinary,9,full_coverage_and_all_discovered_cleared,122,4234.730111,,0.11785562499426305
19,0,True,edge__smooth__71,edge__smooth,12,12,12,149,0.027817999999996346,12,0,0,,0,135,cov_mean9,[],17062.467234254294,0,0.0,355.7911208333333,"[1, 2, 4, 5, 7, 9, 10, 13, 17, 18, 19, 20]",,,71,0,12,ordinary,9,full_coverage_and_all_discovered_cleared,122,4269.49345,,0.027844458003528416
15,0,True,edge__smooth__71,edge__smooth,8,13,12,146,0.022836000000005185,12,4,5,,0,131,cov_trial80_9,[],16992.273750946308,0,0.0,353.2045625,"[1, 2, 4, 5, 7, 9, 10, 13, 17, 18, 19, 20]",,,71,0,12,ordinary,9,full_coverage_and_all_discovered_cleared,122,4238.45475,,0.022874000016599894
16,0,True,edge__smooth__71,edge__smooth,7,14,12,148,0.023119999999998697,12,5,7,,0,132,cov_robust80_9,[],16886.687100438947,0,0.0,352.11145166666665,"[1, 2, 4, 5, 7, 9, 10, 13, 17, 18, 19, 20]",,,71,0,12,ordinary,9,full_coverage_and_all_discovered_cleared,122,4225.33742,,0.02312137495027855
15,0,True,edge__smooth__71,edge__smooth,8,13,12,146,0.02326999999999657,12,4,5,,0,131,cov_dynamic80_9,[],16992.273750946308,0,0.0,353.2045625,"[1, 2, 4, 5, 7, 9, 10, 13, 17, 18, 19, 20]",,,71,0,12,ordinary,9,full_coverage_and_all_discovered_cleared,122,4238.45475,,0.023282208014279604
0,0,True,edge__smooth__71,edge__smooth,6,12,12,176,0.016253000000006068,12,6,6,,0,162,cov_opportunistic80_9,[],17463.836029701477,0,0.0,376.31393391666666,"[1, 2, 4, 5, 7, 9, 10, 13, 17, 18, 19, 20]",,,71,18,12,ordinary,9,full_coverage_and_all_discovered_cleared,153,4515.767207,,0.016290875035338104
0,0,True,edge__smooth__71,edge__smooth,6,12,12,176,0.01595700000000022,12,6,6,,0,162,cov_deferred80_9,[],17463.836029701477,0,0.0,376.31393391666666,"[1, 2, 4, 5, 7, 9, 10, 13, 17, 18, 19, 20]",,,71,18,12,ordinary,9,full_coverage_and_all_discovered_cleared,153,4515.767207,,0.015961750003043562
19,0,True,edge__smooth__71,edge__smooth,7,16,12,132,0.024763999999997566,12,5,9,,0,114,cov_trial80_7,[],17650.85161537175,0,0.0,356.26419358333334,"[1, 2, 4, 5, 7, 9, 10, 13, 17, 18, 19, 20]",,,71,0,12,ordinary,7,full_coverage_and_all_discovered_cleared,103,4275.170323,,0.0247810420114547
19,0,True,edge__smooth__71,edge__smooth,6,16,12,132,0.024781000000004383,12,6,10,,0,114,cov_robust80_7,[],17708.398049155883,0,0.0,357.22330074999996,"[1, 2, 4, 5, 7, 9, 10, 13, 17, 18, 19, 20]",,,71,0,12,ordinary,7,full_coverage_and_all_discovered_cleared,103,4286.679609,,0.02479454199783504
16,0,True,edge__adversarial-positive__67,edge__adversarial-positive,10,10,10,160,0.13994300000000237,10,,,,0,148,baseline_peer9,[],15648.147328546378,0,0.0,405.7629465,"[4, 5, 7, 8, 9, 10, 14, 15, 18, 19]",,,67,,10,ordinary,9,full_coverage_and_all_discovered_cleared,138,4057.629465,,0.1400509169907309
17,0,True,edge__adversarial-positive__67,edge__adversarial-positive,10,10,10,135,0.1544280000000029,10,,,,0,123,baseline_ring7,[],14958.328859826814,0,0.0,377.0665771,"[4, 5, 7, 8, 9, 10, 14, 15, 18, 19]",,,67,,10,ordinary,7,full_coverage_and_all_discovered_cleared,114,3770.665771,,0.15462341596139595
16,0,True,edge__adversarial-positive__67,edge__adversarial-positive,10,10,10,155,0.1451369999999983,10,,,,0,143,dynamic_greedy9,[],14125.621706465208,0,0.0,372.4124342,"[4, 5, 7, 8, 9, 10, 14, 15, 18, 19]",0.00022583402460440993,9,67,,10,ordinary,9,full_coverage_and_all_discovered_cleared,134,3724.124342,"[0, 4, 5, 6, 7, 8, 1, 2, 3]",0.1455457920092158
16,0,True,edge__adversarial-positive__67,edge__adversarial-positive,10,10,10,155,0.14368500000000495,10,,,,0,143,dynamic_two_opt9,[],14125.621706465208,0,0.0,372.4124342,"[4, 5, 7, 8, 9, 10, 14, 15, 18, 19]",0.0003365859156474471,9,67,,10,ordinary,9,full_coverage_and_all_discovered_cleared,134,3724.124342,"[0, 4, 5, 6, 7, 8, 1, 2, 3]",0.14388674998190254
6,0,True,edge__adversarial-positive__67,edge__adversarial-positive,10,10,10,188,0.0676729999999992,10,0,0,,0,176,deferred9,[],17063.376115367817,0,0.0,450.96752230000004,"[4, 5, 7, 8, 9, 10, 14, 15, 18, 19]",,,67,10,10,ordinary,9,full_coverage_and_all_discovered_cleared,167,4509.675223,,0.0677736250218004
6,0,True,edge__adversarial-positive__67,edge__adversarial-positive,10,10,10,188,0.06801299999999344,10,0,0,,0,176,opportunistic200_9,[],17063.376115367817,0,0.0,450.96752230000004,"[4, 5, 7, 8, 9, 10, 14, 15, 18, 19]",,,67,10,10,ordinary,9,full_coverage_and_all_discovered_cleared,167,4509.675223,,0.06813099997816607
6,0,True,edge__adversarial-positive__67,edge__adversarial-positive,10,10,10,188,0.06893799999999572,10,0,0,,0,176,opportunistic600_9,[],16894.997381867637,0,0.0,447.5999478,"[4, 5, 7, 8, 9, 10, 14, 15, 18, 19]",,,67,6,10,ordinary,9,full_coverage_and_all_discovered_cleared,167,4475.999478,,0.06900537497131154
14,0,True,edge__adversarial-positive__67,edge__adversarial-positive,7,13,10,161,0.08598400000000339,10,3,6,,0,146,trial80_9,[],15567.368125745352,0,0.0,404.0473623,"[4, 5, 7, 8, 9, 10, 14, 15, 18, 19]",,,67,0,10,ordinary,9,full_coverage_and_all_discovered_cleared,138,4040.473623,,0.08606933301780373
17,0,True,edge__adversarial-positive__67,edge__adversarial-positive,10,10,10,161,0.025414999999995302,10,0,0,,0,149,cov_mean9,[],15759.906798823713,0,0.0,408.49813589999997,"[4, 5, 7, 8, 9, 10, 14, 15, 18, 19]",,,67,0,10,ordinary,9,full_coverage_and_all_discovered_cleared,138,4084.981359,,0.02545679098693654
14,0,True,edge__adversarial-positive__67,edge__adversarial-positive,7,13,10,161,0.02051399999999859,10,3,6,,0,146,cov_trial80_9,[],15567.368125745352,0,0.0,404.0473623,"[4, 5, 7, 8, 9, 10, 14, 15, 18, 19]",,,67,0,10,ordinary,9,full_coverage_and_all_discovered_cleared,138,4040.473623,,0.020593625027686357
14,0,True,edge__adversarial-positive__67,edge__adversarial-positive,7,13,10,161,0.021028000000001157,10,3,6,,0,146,cov_robust80_9,[],15565.548788144179,0,0.0,404.0109756,"[4, 5, 7, 8, 9, 10, 14, 15, 18, 19]",,,67,0,10,ordinary,9,full_coverage_and_all_discovered_cleared,138,4040.109756,,0.02125420799711719
16,0,True,edge__adversarial-positive__67,edge__adversarial-positive,9,14,10,159,0.022308999999999912,10,1,5,,0,143,cov_dynamic80_9,[],14072.164807361107,0,0.0,372.5432961,"[4, 5, 7, 8, 9, 10, 14, 15, 18, 19]",,,67,0,10,ordinary,9,full_coverage_and_all_discovered_cleared,134,3725.432961,,0.022367167053744197
2,0,True,edge__adversarial-positive__67,edge__adversarial-positive,5,11,10,184,0.015689999999999316,10,5,6,,0,171,cov_opportunistic80_9,[],16772.32256103383,0,0.0,442.4464513,"[4, 5, 7, 8, 9, 10, 14, 15, 18, 19]",,,67,6,10,ordinary,9,full_coverage_and_all_discovered_cleared,162,4424.464513,,0.015745208016596735
1,0,True,edge__adversarial-positive__67,edge__adversarial-positive,5,10,10,183,0.015478999999999132,10,5,5,,0,171,cov_deferred80_9,[],16944.245299369242,0,0.0,445.5849059,"[4, 5, 7, 8, 9, 10, 14, 15, 18, 19]",,,67,10,10,ordinary,9,full_coverage_and_all_discovered_cleared,162,4455.849059,,0.015508499986026436
15,0,True,edge__adversarial-positive__67,edge__adversarial-positive,7,14,10,137,0.020502000000000464,10,3,7,,0,121,cov_trial80_7,[],15089.401595399913,0,0.0,379.888032,"[4, 5, 7, 8, 9, 10, 14, 15, 18, 19]",,,67,0,10,ordinary,7,full_coverage_and_all_discovered_cleared,114,3798.88032,,0.020508459012489766
15,0,True,edge__adversarial-positive__67,edge__adversarial-positive,7,14,10,137,0.020462999999999454,10,3,7,,0,121,cov_robust80_7,[],15088.22735731907,0,0.0,379.8645473,"[4, 5, 7, 8, 9, 10, 14, 15, 18, 19]",,,67,0,10,ordinary,7,full_coverage_and_all_discovered_cleared,114,3798.645473,,0.020594124973285943
25,0,True,edge__adversarial-positive__68,edge__adversarial-positive,15,15,15,158,0.2342559999999949,15,,,,0,141,baseline_peer9,[],18698.820338663827,0,0.0,309.78427120000003,"[2, 4, 5, 6, 8, 9, 11, 12, 13, 14, 15, 16, 17, 19, 20]",,,68,,15,ordinary,9,full_coverage_and_all_discovered_cleared,127,4646.764068,,0.23448312503751367
25,0,True,edge__adversarial-positive__68,edge__adversarial-positive,15,15,15,135,0.22717099999999846,15,,,,0,118,baseline_ring7,[],20377.44387011811,0,0.0,322.9659184,"[2, 4, 5, 6, 8, 9, 11, 12, 13, 14, 15, 16, 17, 19, 20]",,,68,,15,ordinary,7,full_coverage_and_all_discovered_cleared,104,4844.488776,,0.22735104098683223
23,0,True,edge__adversarial-positive__68,edge__adversarial-positive,15,15,15,150,0.21100199999999347,15,,,,0,133,dynamic_greedy9,[],17454.217940888808,0,0.0,290.122906,"[2, 4, 5, 6, 8, 9, 11, 12, 13, 14, 15, 16, 17, 19, 20]",0.00023412512382492423,9,68,,15,ordinary,9,full_coverage_and_all_discovered_cleared,121,4351.84359,"[0, 1, 8, 7, 6, 5, 4, 3, 2]",0.21131887496449053
23,0,True,edge__adversarial-positive__68,edge__adversarial-positive,15,15,15,150,0.2106149999999971,15,,,,0,133,dynamic_two_opt9,[],17454.217940888808,0,0.0,290.122906,"[2, 4, 5, 6, 8, 9, 11, 12, 13, 14, 15, 16, 17, 19, 20]",0.00027683196822181344,9,68,,15,ordinary,9,full_coverage_and_all_discovered_cleared,121,4351.84359,"[0, 1, 8, 7, 6, 5, 4, 3, 2]",0.21082995901815593
7,0,True,edge__adversarial-positive__68,edge__adversarial-positive,15,15,15,187,0.0874420000000029,15,0,0,,0,170,deferred9,[],18264.289927085916,0,0.0,315.85719926666667,"[2, 4, 5, 6, 8, 9, 11, 12, 13, 14, 15, 16, 17, 19, 20]",,,68,17,15,ordinary,9,full_coverage_and_all_discovered_cleared,160,4737.857989,,0.08751066698459908
7,0,True,edge__adversarial-positive__68,edge__adversarial-positive,15,15,15,187,0.08799499999999938,15,0,0,,0,170,opportunistic200_9,[],18264.289927085916,0,0.0,315.85719926666667,"[2, 4, 5, 6, 8, 9, 11, 12, 13, 14, 15, 16, 17, 19, 20]",,,68,17,15,ordinary,9,full_coverage_and_all_discovered_cleared,160,4737.857989,,0.0880581249948591
7,0,True,edge__adversarial-positive__68,edge__adversarial-positive,15,15,15,187,0.08761200000000002,15,0,0,,0,170,opportunistic600_9,[],18264.289927085916,0,0.0,315.85719926666667,"[2, 4, 5, 6, 8, 9, 11, 12, 13, 14, 15, 16, 17, 19, 20]",,,68,17,15,ordinary,9,full_coverage_and_all_discovered_cleared,160,4737.857989,,0.08770670800004154
20,0,True,edge__adversarial-positive__68,edge__adversarial-positive,10,20,15,158,0.13375500000000073,15,5,10,,0,136,trial80_9,[],18458.92882066079,0,0.0,305.9190509333333,"[2, 4, 5, 6, 8, 9, 11, 12, 13, 14, 15, 16, 17, 19, 20]",,,68,0,15,ordinary,9,full_coverage_and_all_discovered_cleared,127,4588.785764,,0.13384700001915917
25,0,True,edge__adversarial-positive__68,edge__adversarial-positive,15,15,15,158,0.0355339999999984,15,0,0,,0,141,cov_mean9,[],18817.11625931612,0,0.0,311.3615501333333,"[2, 4, 5, 6, 8, 9, 11, 12, 13, 14, 15, 16, 17, 19, 20]",,,68,0,15,ordinary,9,full_coverage_and_all_discovered_cleared,127,4670.423252,,0.03556512499926612
20,0,True,edge__adversarial-positive__68,edge__adversarial-positive,10,20,15,158,0.027678000000001646,15,5,10,,0,136,cov_trial80_9,[],18458.92882066079,0,0.0,305.9190509333333,"[2, 4, 5, 6, 8, 9, 11, 12, 13, 14, 15, 16, 17, 19, 20]",,,68,0,15,ordinary,9,full_coverage_and_all_discovered_cleared,127,4588.785764,,0.02770279097603634
21,0,True,edge__adversarial-positive__68,edge__adversarial-positive,11,21,15,160,0.027951000000001613,15,4,10,,0,137,cov_robust80_9,[],18360.043784430774,0,0.0,305.1339171333333,"[2, 4, 5, 6, 8, 9, 11, 12, 13, 14, 15, 16, 17, 19, 20]",,,68,0,15,ordinary,9,full_coverage_and_all_discovered_cleared,127,4577.008757,,0.028020957950502634
20,0,True,edge__adversarial-positive__68,edge__adversarial-positive,12,19,15,151,0.02795499999999862,15,3,7,,0,130,cov_dynamic80_9,[],17286.6204153302,0,0.0,287.6882723333334,"[2, 4, 5, 6, 8, 9, 11, 12, 13, 14, 15, 16, 17, 19, 20]",,,68,0,15,ordinary,9,full_coverage_and_all_discovered_cleared,121,4315.324085,,0.027988582965917885
4,0,True,edge__adversarial-positive__68,edge__adversarial-positive,12,18,15,187,0.022059999999996194,15,3,6,,0,167,cov_opportunistic80_9,[],18150.385670423722,0,0.0,313.7384757333333,"[2, 4, 5, 6, 8, 9, 11, 12, 13, 14, 15, 16, 17, 19, 20]",,,68,17,15,ordinary,9,full_coverage_and_all_discovered_cleared,157,4706.077136,,0.02206533297430724
4,0,True,edge__adversarial-positive__68,edge__adversarial-positive,12,18,15,187,0.021929000000000087,15,3,6,,0,167,cov_deferred80_9,[],18150.385670423722,0,0.0,313.7384757333333,"[2, 4, 5, 6, 8, 9, 11, 12, 13, 14, 15, 16, 17, 19, 20]",,,68,17,15,ordinary,9,full_coverage_and_all_discovered_cleared,157,4706.077136,,0.021990624954923987
23,0,True,edge__adversarial-positive__68,edge__adversarial-positive,12,22,15,140,0.028718000000004906,15,3,10,,0,116,cov_trial80_7,[],20488.62069136757,0,0.0,325.1816090666667,"[2, 4, 5, 6, 8, 9, 11, 12, 13, 14, 15, 16, 17, 19, 20]",,,68,0,15,ordinary,7,full_coverage_and_all_discovered_cleared,104,4877.724136,,0.028730791003908962
23,0,True,edge__adversarial-positive__68,edge__adversarial-positive,12,22,15,140,0.028846999999998957,15,3,10,,0,116,cov_robust80_7,[],20154.928854680325,0,0.0,320.7323845333333,"[2, 4, 5, 6, 8, 9, 11, 12, 13, 14, 15, 16, 17, 19, 20]",,,68,0,15,ordinary,7,full_coverage_and_all_discovered_cleared,104,4810.985768,,0.028876791009679437
28,0,True,edge__adversarial-positive__69,edge__adversarial-positive,15,15,15,165,0.242837999999999,15,,,,0,148,baseline_peer9,[],18090.20060672725,0,0.0,304.4026748,"[2, 3, 4, 5, 6, 7, 8, 9, 10, 11, 12, 13, 14, 16, 18]",,,69,,15,ordinary,9,full_coverage_and_all_discovered_cleared,133,4566.040122,,0.2432122920290567
28,0,True,edge__adversarial-positive__69,edge__adversarial-positive,15,15,15,144,0.2372750000000039,15,,,,0,127,baseline_ring7,[],18850.426849781794,0,0.0,306.13902479999996,"[2, 3, 4, 5, 6, 7, 8, 9, 10, 11, 12, 13, 14, 16, 18]",,,69,,15,ordinary,7,full_coverage_and_all_discovered_cleared,112,4592.085372,,0.23749941698042676
26,0,True,edge__adversarial-positive__69,edge__adversarial-positive,15,15,15,150,0.22404500000000382,15,,,,0,133,dynamic_greedy9,[],16696.702859666493,0,0.0,279.9560381333333,"[2, 3, 4, 5, 6, 7, 8, 9, 10, 11, 12, 13, 14, 16, 18]",0.0001991240424104035,9,69,,15,ordinary,9,full_coverage_and_all_discovered_cleared,120,4199.340572,"[0, 1, 8, 7, 6, 5, 4, 3, 2]",0.2242538330028765
26,0,True,edge__adversarial-positive__69,edge__adversarial-positive,15,15,15,150,0.2240940000000009,15,,,,0,133,dynamic_two_opt9,[],16696.702859666493,0,0.0,279.9560381333333,"[2, 3, 4, 5, 6, 7, 8, 9, 10, 11, 12, 13, 14, 16, 18]",0.00025195820489898324,9,69,,15,ordinary,9,full_coverage_and_all_discovered_cleared,120,4199.340572,"[0, 1, 8, 7, 6, 5, 4, 3, 2]",0.22427933296421543
9,0,True,edge__adversarial-positive__69,edge__adversarial-positive,15,15,15,187,0.10739799999999633,15,0,0,,0,170,deferred9,[],19129.174624708685,0,0.0,327.32232826666666,"[2, 3, 4, 5, 6, 7, 8, 9, 10, 11, 12, 13, 14, 16, 18]",,,69,19,15,ordinary,9,full_coverage_and_all_discovered_cleared,159,4909.834924,,0.10918104101438075
9,0,True,edge__adversarial-positive__69,edge__adversarial-positive,15,15,15,187,0.09736299999999432,15,0,0,,0,170,opportunistic200_9,[],19129.174624708685,0,0.0,327.32232826666666,"[2, 3, 4, 5, 6, 7, 8, 9, 10, 11, 12, 13, 14, 16, 18]",,,69,19,15,ordinary,9,full_coverage_and_all_discovered_cleared,159,4909.834924,,0.09746220801025629
9,0,True,edge__adversarial-positive__69,edge__adversarial-positive,15,15,15,187,0.09680100000000635,15,0,0,,0,170,opportunistic600_9,[],19481.05384639373,0,0.0,332.0140512,"[2, 3, 4, 5, 6, 7, 8, 9, 10, 11, 12, 13, 14, 16, 18]",,,69,13,15,ordinary,9,full_coverage_and_all_discovered_cleared,159,4980.210768,,0.09686737501760945
21,0,True,edge__adversarial-positive__69,edge__adversarial-positive,8,20,15,163,0.1277690000000007,15,7,12,,0,141,trial80_9,[],17893.675222753936,0,0.0,300.44900286666666,"[2, 3, 4, 5, 6, 7, 8, 9, 10, 11, 12, 13, 14, 16, 18]",,,69,0,15,ordinary,9,full_coverage_and_all_discovered_cleared,133,4506.735043,,0.12790541700087488
28,0,True,edge__adversarial-positive__69,edge__adversarial-positive,15,15,15,165,0.038497000000006665,15,0,0,,0,148,cov_mean9,[],18234.78667070973,0,0.0,306.330489,"[2, 3, 4, 5, 6, 7, 8, 9, 10, 11, 12, 13, 14, 16, 18]",,,69,0,15,ordinary,9,full_coverage_and_all_discovered_cleared,133,4594.957335,,0.038521042035426944
21,0,True,edge__adversarial-positive__69,edge__adversarial-positive,8,20,15,163,0.028210999999998876,15,7,12,,0,141,cov_trial80_9,[],17893.675222753936,0,0.0,300.44900286666666,"[2, 3, 4, 5, 6, 7, 8, 9, 10, 11, 12, 13, 14, 16, 18]",,,69,0,15,ordinary,9,full_coverage_and_all_discovered_cleared,133,4506.735043,,0.028245333000086248
20,0,True,edge__adversarial-positive__69,edge__adversarial-positive,7,19,15,161,0.027957000000000676,15,8,12,,0,140,cov_robust80_9,[],18301.06888047374,0,0.0,305.34758493333334,"[2, 3, 4, 5, 6, 7, 8, 9, 10, 11, 12, 13, 14, 16, 18]",,,69,0,15,ordinary,9,full_coverage_and_all_discovered_cleared,133,4580.213774,,0.02800491696689278
19,0,True,edge__adversarial-positive__69,edge__adversarial-positive,8,19,15,147,0.02682500000000232,15,7,11,,0,126,cov_dynamic80_9,[],16975.926549769367,0,0.0,282.14568753333333,"[2, 3, 4, 5, 6, 7, 8, 9, 10, 11, 12, 13, 14, 16, 18]",,,69,0,15,ordinary,9,full_coverage_and_all_discovered_cleared,120,4232.185313,,0.02685608301544562
4,0,True,edge__adversarial-positive__69,edge__adversarial-positive,10,15,15,182,0.02175499999999886,15,5,5,,0,165,cov_opportunistic80_9,[],19199.076496118487,0,0.0,326.3876868,"[2, 3, 4, 5, 6, 7, 8, 9, 10, 11, 12, 13, 14, 16, 18]",,,69,19,15,ordinary,9,full_coverage_and_all_discovered_cleared,156,4895.815302,,0.02177808398846537
4,0,True,edge__adversarial-positive__69,edge__adversarial-positive,10,15,15,182,0.021683000000003005,15,5,5,,0,165,cov_deferred80_9,[],19199.076496118487,0,0.0,326.3876868,"[2, 3, 4, 5, 6, 7, 8, 9, 10, 11, 12, 13, 14, 16, 18]",,,69,19,15,ordinary,9,full_coverage_and_all_discovered_cleared,156,4895.815302,,0.021708541025873274
21,0,True,edge__adversarial-positive__69,edge__adversarial-positive,8,20,15,142,0.027867999999998005,15,7,12,,0,120,cov_trial80_7,[],19066.76439615253,0,0.0,307.690192,"[2, 3, 4, 5, 6, 7, 8, 9, 10, 11, 12, 13, 14, 16, 18]",,,69,0,15,ordinary,7,full_coverage_and_all_discovered_cleared,112,4615.35288,,0.027879250003024936
20,0,True,edge__adversarial-positive__69,edge__adversarial-positive,7,19,15,140,0.027048999999998102,15,8,12,,0,119,cov_robust80_7,[],19080.848245498146,0,0.0,307.3446433333333,"[2, 3, 4, 5, 6, 7, 8, 9, 10, 11, 12, 13, 14, 16, 18]",,,69,0,15,ordinary,7,full_coverage_and_all_discovered_cleared,112,4610.16965,,0.027065415983088315
19,0,True,edge__adversarial-positive__70,edge__adversarial-positive,10,10,10,165,0.17244699999999824,10,,,,0,153,baseline_peer9,[],17814.155166583565,0,0.0,451.78310339999996,"[2, 3, 5, 10, 11, 13, 15, 16, 19, 20]",,,70,,10,ordinary,9,full_coverage_and_all_discovered_cleared,140,4517.831034,,0.17257633298868313
19,0,True,edge__adversarial-positive__70,edge__adversarial-positive,10,10,10,139,0.18076600000000553,10,,,,0,127,baseline_ring7,[],17187.108213824635,0,0.0,423.74216420000005,"[2, 3, 5, 10, 11, 13, 15, 16, 19, 20]",,,70,,10,ordinary,7,full_coverage_and_all_discovered_cleared,115,4237.421642,,0.18361012503737584
18,0,True,edge__adversarial-positive__70,edge__adversarial-positive,10,10,10,163,0.15743200000000002,10,,,,0,151,dynamic_greedy9,[],14985.096292514225,0,0.0,394.0019259,"[2, 3, 5, 10, 11, 13, 15, 16, 19, 20]",0.00021554005797952414,9,70,,10,ordinary,9,full_coverage_and_all_discovered_cleared,138,3940.019259,"[0, 1, 8, 7, 6, 5, 4, 3, 2]",0.15797091700369492
18,0,True,edge__adversarial-positive__70,edge__adversarial-positive,10,10,10,163,0.15703600000000506,10,,,,0,151,dynamic_two_opt9,[],14985.096292514225,0,0.0,394.0019259,"[2, 3, 5, 10, 11, 13, 15, 16, 19, 20]",0.00027474999660626054,9,70,,10,ordinary,9,full_coverage_and_all_discovered_cleared,138,3940.019259,"[0, 1, 8, 7, 6, 5, 4, 3, 2]",0.15763324999716133
4,0,True,edge__adversarial-positive__70,edge__adversarial-positive,10,10,10,172,0.04965599999999881,10,0,0,,0,160,deferred9,[],17209.273206429065,0,0.0,444.28546429999994,"[2, 3, 5, 10, 11, 13, 15, 16, 19, 20]",,,70,24,10,ordinary,9,full_coverage_and_all_discovered_cleared,151,4442.854643,,0.04979104199446738
4,0,True,edge__adversarial-positive__70,edge__adversarial-positive,10,10,10,172,0.04940500000000014,10,0,0,,0,160,opportunistic200_9,[],16931.05382838833,0,0.0,438.72107669999997,"[2, 3, 5, 10, 11, 13, 15, 16, 19, 20]",,,70,21,10,ordinary,9,full_coverage_and_all_discovered_cleared,151,4387.210767,,0.04960991704137996
4,0,True,edge__adversarial-positive__70,edge__adversarial-positive,10,10,10,172,0.04949799999999982,10,0,0,,0,160,opportunistic600_9,[],17346.18276826483,0,0.0,447.0236555,"[2, 3, 5, 10, 11, 13, 15, 16, 19, 20]",,,70,19,10,ordinary,9,full_coverage_and_all_discovered_cleared,151,4470.236555,,0.04961849999381229
16,0,True,edge__adversarial-positive__70,edge__adversarial-positive,6,14,10,166,0.10523900000000452,10,4,8,,0,150,trial80_9,[],17709.138132985474,0,0.0,449.38276269999994,"[2, 3, 5, 10, 11, 13, 15, 16, 19, 20]",,,70,0,10,ordinary,9,full_coverage_and_all_discovered_cleared,140,4493.827627,,0.10559154098154977
20,0,True,edge__adversarial-positive__70,edge__adversarial-positive,10,10,10,166,0.028731000000000506,10,0,0,,0,154,cov_mean9,[],17944.617417920672,0,0.0,454.8923484,"[2, 3, 5, 10, 11, 13, 15, 16, 19, 20]",,,70,0,10,ordinary,9,full_coverage_and_all_discovered_cleared,140,4548.923484,,0.02878145797876641
16,0,True,edge__adversarial-positive__70,edge__adversarial-positive,5,14,10,166,0.0219589999999954,10,5,9,,0,150,cov_trial80_9,[],17754.222304200826,0,0.0,450.28444609999997,"[2, 3, 5, 10, 11, 13, 15, 16, 19, 20]",,,70,0,10,ordinary,9,full_coverage_and_all_discovered_cleared,140,4502.844461,,0.02199600002495572
16,0,True,edge__adversarial-positive__70,edge__adversarial-positive,5,14,10,166,0.021976000000002216,10,5,9,,0,150,cov_robust80_9,[],17839.867926848627,0,0.0,451.99735849999996,"[2, 3, 5, 10, 11, 13, 15, 16, 19, 20]",,,70,0,10,ordinary,9,full_coverage_and_all_discovered_cleared,140,4519.973585,,0.022099959023762494
13,0,True,edge__adversarial-positive__70,edge__adversarial-positive,5,13,10,161,0.019763000000004638,10,5,8,,0,146,cov_dynamic80_9,[],14838.739463181342,0,0.0,389.4747894,"[2, 3, 5, 10, 11, 13, 15, 16, 19, 20]",,,70,0,10,ordinary,9,full_coverage_and_all_discovered_cleared,138,3894.747894,,0.019851542019750923
2,0,True,edge__adversarial-positive__70,edge__adversarial-positive,8,10,10,170,0.01602100000000206,10,2,2,,0,158,cov_opportunistic80_9,[],17000.70137617743,0,0.0,439.0140275,"[2, 3, 5, 10, 11, 13, 15, 16, 19, 20]",,,70,21,10,ordinary,9,full_coverage_and_all_discovered_cleared,150,4390.140275,,0.01602633303264156
2,0,True,edge__adversarial-positive__70,edge__adversarial-positive,8,10,10,170,0.016174000000006572,10,2,2,,0,158,cov_deferred80_9,[],17272.784564921192,0,0.0,444.4556914,"[2, 3, 5, 10, 11, 13, 15, 16, 19, 20]",,,70,24,10,ordinary,9,full_coverage_and_all_discovered_cleared,150,4444.556914,,0.01630650000879541
13,0,True,edge__adversarial-positive__70,edge__adversarial-positive,5,13,10,136,0.019160999999996875,10,5,8,,0,121,cov_trial80_7,[],16943.34181915069,0,0.0,416.7668366,"[2, 3, 5, 10, 11, 13, 15, 16, 19, 20]",,,70,0,10,ordinary,7,full_coverage_and_all_discovered_cleared,115,4167.668366,,0.01918175001628697
13,0,True,edge__adversarial-positive__70,edge__adversarial-positive,5,13,10,136,0.01928899999999345,10,5,8,,0,121,cov_robust80_7,[],16943.34181915069,0,0.0,416.7668366,"[2, 3, 5, 10, 11, 13, 15, 16, 19, 20]",,,70,0,10,ordinary,7,full_coverage_and_all_discovered_cleared,115,4167.668366,,0.019403291982598603
19,0,True,edge__adversarial-positive__71,edge__adversarial-positive,12,12,12,149,0.17237999999999687,12,,,,0,135,baseline_peer9,[],16894.498093060443,0,0.0,352.99163483333336,"[1, 2, 4, 5, 7, 9, 10, 13, 17, 18, 19, 20]",,,71,,12,ordinary,9,full_coverage_and_all_discovered_cleared,122,4235.899618,,0.17343525000615045
23,0,True,edge__adversarial-positive__71,edge__adversarial-positive,12,12,12,132,0.2170899999999989,12,,,,0,118,baseline_ring7,[],17199.880850271566,0,0.0,349.41468108333333,"[1, 2, 4, 5, 7, 9, 10, 13, 17, 18, 19, 20]",,,71,,12,ordinary,7,full_coverage_and_all_discovered_cleared,103,4192.976173,,0.2179102919762954
19,0,True,edge__adversarial-positive__71,edge__adversarial-positive,12,12,12,149,0.17247799999999813,12,,,,0,135,dynamic_greedy9,[],16894.498093060443,0,0.0,352.99163483333336,"[1, 2, 4, 5, 7, 9, 10, 13, 17, 18, 19, 20]",0.000248917902354151,9,71,,12,ordinary,9,full_coverage_and_all_discovered_cleared,122,4235.899618,"[0, 1, 2, 3, 4, 5, 6, 7, 8]",0.17378645797725767
19,0,True,edge__adversarial-positive__71,edge__adversarial-positive,12,12,12,149,0.1721379999999968,12,,,,0,135,dynamic_two_opt9,[],16894.498093060443,0,0.0,352.99163483333336,"[1, 2, 4, 5, 7, 9, 10, 13, 17, 18, 19, 20]",0.0002939170808531344,9,71,,12,ordinary,9,full_coverage_and_all_discovered_cleared,122,4235.899618,"[0, 1, 2, 3, 4, 5, 6, 7, 8]",0.17299370799446478
6,0,True,edge__adversarial-positive__71,edge__adversarial-positive,12,12,12,182,0.07317799999999863,12,0,0,,0,168,deferred9,[],17585.996406037273,0,0.0,381.34994008333337,"[1, 2, 4, 5, 7, 9, 10, 13, 17, 18, 19, 20]",,,71,18,12,ordinary,9,full_coverage_and_all_discovered_cleared,159,4576.199281,,0.07343662501079962
6,0,True,edge__adversarial-positive__71,edge__adversarial-positive,12,12,12,182,0.07337900000000275,12,0,0,,0,168,opportunistic200_9,[],17585.996406037273,0,0.0,381.34994008333337,"[1, 2, 4, 5, 7, 9, 10, 13, 17, 18, 19, 20]",,,71,18,12,ordinary,9,full_coverage_and_all_discovered_cleared,159,4576.199281,,0.07384199998341501
6,0,True,edge__adversarial-positive__71,edge__adversarial-positive,12,12,12,182,0.07206000000000046,12,0,0,,0,168,opportunistic600_9,[],17585.996406037273,0,0.0,381.34994008333337,"[1, 2, 4, 5, 7, 9, 10, 13, 17, 18, 19, 20]",,,71,18,12,ordinary,9,full_coverage_and_all_discovered_cleared,159,4576.199281,,0.07221999997273088
14,0,True,edge__adversarial-positive__71,edge__adversarial-positive,7,14,12,146,0.10068300000000363,12,5,7,,0,130,trial80_9,[],16731.47665881463,0,0.0,348.6912775,"[1, 2, 4, 5, 7, 9, 10, 13, 17, 18, 19, 20]",,,71,0,12,ordinary,9,full_coverage_and_all_discovered_cleared,122,4184.29533,,0.10096604202408344
20,0,True,edge__adversarial-positive__71,edge__adversarial-positive,12,12,12,150,0.029012000000001592,12,0,0,,0,136,cov_mean9,[],16795.823367773635,0,0.0,351.76372291666667,"[1, 2, 4, 5, 7, 9, 10, 13, 17, 18, 19, 20]",,,71,0,12,ordinary,9,full_coverage_and_all_discovered_cleared,122,4221.164675,,0.029094166005961597
15,0,True,edge__adversarial-positive__71,edge__adversarial-positive,7,14,12,147,0.02226100000000031,12,5,7,,0,131,cov_trial80_9,[],16564.947223447474,0,0.0,346.33245358333335,"[1, 2, 4, 5, 7, 9, 10, 13, 17, 18, 19, 20]",,,71,0,12,ordinary,9,full_coverage_and_all_discovered_cleared,122,4155.989443,,0.022309291001874954
15,0,True,edge__adversarial-positive__71,edge__adversarial-positive,6,13,12,146,0.022673999999994976,12,6,7,,0,131,cov_robust80_9,[],16443.4283204383,0,0.0,344.0571385,"[1, 2, 4, 5, 7, 9, 10, 13, 17, 18, 19, 20]",,,71,0,12,ordinary,9,full_coverage_and_all_discovered_cleared,122,4128.685662,,0.022717750049196184
15,0,True,edge__adversarial-positive__71,edge__adversarial-positive,7,14,12,147,0.02293300000000187,12,5,7,,0,131,cov_dynamic80_9,[],16564.947223447474,0,0.0,346.33245358333335,"[1, 2, 4, 5, 7, 9, 10, 13, 17, 18, 19, 20]",,,71,0,12,ordinary,9,full_coverage_and_all_discovered_cleared,122,4155.989443,,0.023063667002134025
1,0,True,edge__adversarial-positive__71,edge__adversarial-positive,7,13,12,178,0.016564000000002466,12,5,6,,0,163,cov_opportunistic80_9,[],17468.259740284513,0,0.0,377.13766250000003,"[1, 2, 4, 5, 7, 9, 10, 13, 17, 18, 19, 20]",,,71,18,12,ordinary,9,full_coverage_and_all_discovered_cleared,154,4525.65195,,0.016570040956139565
1,0,True,edge__adversarial-positive__71,edge__adversarial-positive,7,13,12,178,0.01638200000000012,12,5,6,,0,163,cov_deferred80_9,[],17468.259740284513,0,0.0,377.13766250000003,"[1, 2, 4, 5, 7, 9, 10, 13, 17, 18, 19, 20]",,,71,18,12,ordinary,9,full_coverage_and_all_discovered_cleared,154,4525.65195,,0.016385374998208135
17,0,True,edge__adversarial-positive__71,edge__adversarial-positive,6,16,12,130,0.022978999999999417,12,6,10,,0,112,cov_trial80_7,[],17019.565654569735,0,0.0,344.9094278333334,"[1, 2, 4, 5, 7, 9, 10, 13, 17, 18, 19, 20]",,,71,0,12,ordinary,7,full_coverage_and_all_discovered_cleared,103,4138.913134,,0.02297862502746284
16,0,True,edge__adversarial-positive__71,edge__adversarial-positive,5,15,12,128,0.022717000000000098,12,7,10,,0,111,cov_robust80_7,[],17030.569297114427,0,0.0,344.42615516666666,"[1, 2, 4, 5, 7, 9, 10, 13, 17, 18, 19, 20]",,,71,0,12,ordinary,7,full_coverage_and_all_discovered_cleared,103,4133.113862,,0.02276575000723824
16,0,True,edge__adversarial-negative__67,edge__adversarial-negative,10,10,10,160,0.14856100000000083,10,,,,0,148,baseline_peer9,[],15713.38844696935,0,0.0,407.06776890000003,"[4, 5, 7, 8, 9, 10, 14, 15, 18, 19]",,,67,,10,ordinary,9,full_coverage_and_all_discovered_cleared,138,4070.677689,,0.15647854196140543
17,0,True,edge__adversarial-negative__67,edge__adversarial-negative,10,10,10,135,0.1502750000000006,10,,,,0,123,baseline_ring7,[],15024.608302641716,0,0.0,378.3921661,"[4, 5, 7, 8, 9, 10, 14, 15, 18, 19]",,,67,,10,ordinary,7,full_coverage_and_all_discovered_cleared,114,3783.921661,,0.15186041704146191
16,0,True,edge__adversarial-negative__67,edge__adversarial-negative,10,10,10,155,0.14448600000000056,10,,,,0,143,dynamic_greedy9,[],14279.049890185954,0,0.0,375.4809977,"[4, 5, 7, 8, 9, 10, 14, 15, 18, 19]",0.00021329004084691405,9,67,,10,ordinary,9,full_coverage_and_all_discovered_cleared,134,3754.809977,"[0, 4, 5, 6, 7, 8, 1, 2, 3]",0.14493895799387246
16,0,True,edge__adversarial-negative__67,edge__adversarial-negative,10,10,10,155,0.14511800000000363,10,,,,0,143,dynamic_two_opt9,[],14279.049890185954,0,0.0,375.4809977,"[4, 5, 7, 8, 9, 10, 14, 15, 18, 19]",0.00029116799123585224,9,67,,10,ordinary,9,full_coverage_and_all_discovered_cleared,134,3754.809977,"[0, 4, 5, 6, 7, 8, 1, 2, 3]",0.14566270803334191
5,0,True,edge__adversarial-negative__67,edge__adversarial-negative,10,10,10,183,0.06158200000000136,10,0,0,,0,171,deferred9,[],16911.178112318234,0,0.0,444.92356209999997,"[4, 5, 7, 8, 9, 10, 14, 15, 18, 19]",,,67,14,10,ordinary,9,full_coverage_and_all_discovered_cleared,162,4449.235621,,0.06172324996441603
5,0,True,edge__adversarial-negative__67,edge__adversarial-negative,10,10,10,183,0.06110599999999522,10,0,0,,0,171,opportunistic200_9,[],16911.178112318234,0,0.0,444.92356209999997,"[4, 5, 7, 8, 9, 10, 14, 15, 18, 19]",,,67,14,10,ordinary,9,full_coverage_and_all_discovered_cleared,162,4449.235621,,0.06134608300635591
5,0,True,edge__adversarial-negative__67,edge__adversarial-negative,10,10,10,183,0.06964999999999577,10,0,0,,0,171,opportunistic600_9,[],16966.130651889234,0,0.0,446.02261319999997,"[4, 5, 7, 8, 9, 10, 14, 15, 18, 19]",,,67,10,10,ordinary,9,full_coverage_and_all_discovered_cleared,162,4460.226132,,0.07210458401823416
12,0,True,edge__adversarial-negative__67,edge__adversarial-negative,6,12,10,158,0.0870129999999989,10,4,6,,0,144,trial80_9,[],15540.337877412954,0,0.0,402.2067576,"[4, 5, 7, 8, 9, 10, 14, 15, 18, 19]",,,67,0,10,ordinary,9,full_coverage_and_all_discovered_cleared,138,4022.067576,,0.08815154200419784
16,0,True,edge__adversarial-negative__67,edge__adversarial-negative,10,10,10,160,0.025413999999997827,10,0,0,,0,148,cov_mean9,[],15714.193691985309,0,0.0,407.08387389999996,"[4, 5, 7, 8, 9, 10, 14, 15, 18, 19]",,,67,0,10,ordinary,9,full_coverage_and_all_discovered_cleared,138,4070.838739,,0.025528291997034103
12,0,True,edge__adversarial-negative__67,edge__adversarial-negative,6,12,10,158,0.019114999999999327,10,4,6,,0,144,cov_trial80_9,[],15540.337877412954,0,0.0,402.2067576,"[4, 5, 7, 8, 9, 10, 14, 15, 18, 19]",,,67,0,10,ordinary,9,full_coverage_and_all_discovered_cleared,138,4022.067576,,0.019164209021255374
12,0,True,edge__adversarial-negative__67,edge__adversarial-negative,6,12,10,158,0.019500999999998214,10,4,6,,0,144,cov_robust80_9,[],15540.337877412954,0,0.0,402.2067576,"[4, 5, 7, 8, 9, 10, 14, 15, 18, 19]",,,67,0,10,ordinary,9,full_coverage_and_all_discovered_cleared,138,4022.067576,,0.019575790967792273
13,0,True,edge__adversarial-negative__67,edge__adversarial-negative,7,13,10,155,0.020533000000000357,10,3,6,,0,140,cov_dynamic80_9,[],14135.850150323986,0,0.0,372.01700300000005,"[4, 5, 7, 8, 9, 10, 14, 15, 18, 19]",,,67,0,10,ordinary,9,full_coverage_and_all_discovered_cleared,134,3720.17003,,0.02080570801626891
2,0,True,edge__adversarial-negative__67,edge__adversarial-negative,6,11,10,180,0.015216999999999814,10,4,5,,0,167,cov_opportunistic80_9,[],16696.88680148376,0,0.0,438.53773600000005,"[4, 5, 7, 8, 9, 10, 14, 15, 18, 19]",,,67,10,10,ordinary,9,full_coverage_and_all_discovered_cleared,158,4385.37736,,0.015244250011164695
1,0,True,edge__adversarial-negative__67,edge__adversarial-negative,6,10,10,179,0.015074000000005583,10,4,4,,0,167,cov_deferred80_9,[],16895.640781823757,0,0.0,442.21281550000003,"[4, 5, 7, 8, 9, 10, 14, 15, 18, 19]",,,67,14,10,ordinary,9,full_coverage_and_all_discovered_cleared,158,4422.128155,,0.015193499973975122
12,0,True,edge__adversarial-negative__67,edge__adversarial-negative,5,12,10,132,0.01824699999999524,10,5,7,,0,118,cov_trial80_7,[],15090.804520690433,0,0.0,377.81609050000003,"[4, 5, 7, 8, 9, 10, 14, 15, 18, 19]",,,67,0,10,ordinary,7,full_coverage_and_all_discovered_cleared,114,3778.160905,,0.018262375029735267
12,0,True,edge__adversarial-negative__67,edge__adversarial-negative,5,12,10,132,0.01869599999999849,10,5,7,,0,118,cov_robust80_7,[],15090.804520690433,0,0.0,377.81609050000003,"[4, 5, 7, 8, 9, 10, 14, 15, 18, 19]",,,67,0,10,ordinary,7,full_coverage_and_all_discovered_cleared,114,3778.160905,,0.01886108302278444
25,0,True,edge__adversarial-negative__68,edge__adversarial-negative,15,15,15,158,0.22836399999999912,15,,,,0,141,baseline_peer9,[],18780.008140250116,0,0.0,310.8667753333333,"[2, 4, 5, 6, 8, 9, 11, 12, 13, 14, 15, 16, 17, 19, 20]",,,68,,15,ordinary,9,full_coverage_and_all_discovered_cleared,127,4663.00163,,0.22894395800540224
27,0,True,edge__adversarial-negative__68,edge__adversarial-negative,15,15,15,137,0.24672999999999945,15,,,,0,120,baseline_ring7,[],20294.353324047162,0,0.0,322.5247108666666,"[2, 4, 5, 6, 8, 9, 11, 12, 13, 14, 15, 16, 17, 19, 20]",,,68,,15,ordinary,7,full_coverage_and_all_discovered_cleared,104,4837.870663,,0.24697458400623873
22,0,True,edge__adversarial-negative__68,edge__adversarial-negative,15,15,15,149,0.1959230000000005,15,,,,0,132,dynamic_greedy9,[],17291.41805271192,0,0.0,287.6189074,"[2, 4, 5, 6, 8, 9, 11, 12, 13, 14, 15, 16, 17, 19, 20]",0.00021608307724818587,9,68,,15,ordinary,9,full_coverage_and_all_discovered_cleared,121,4314.283611,"[0, 1, 8, 7, 6, 5, 4, 3, 2]",0.19609845901140943
22,0,True,edge__adversarial-negative__68,edge__adversarial-negative,15,15,15,149,0.20415700000000214,15,,,,0,132,dynamic_two_opt9,[],17291.41805271192,0,0.0,287.6189074,"[2, 4, 5, 6, 8, 9, 11, 12, 13, 14, 15, 16, 17, 19, 20]",0.00029449997236952186,9,68,,15,ordinary,9,full_coverage_and_all_discovered_cleared,121,4314.283611,"[0, 1, 8, 7, 6, 5, 4, 3, 2]",0.2091585829621181
5,0,True,edge__adversarial-negative__68,edge__adversarial-negative,15,15,15,188,0.06862999999999886,15,0,0,,0,171,deferred9,[],18379.78720015711,0,0.0,317.93049606666665,"[2, 4, 5, 6, 8, 9, 11, 12, 13, 14, 15, 16, 17, 19, 20]",,,68,14,15,ordinary,9,full_coverage_and_all_discovered_cleared,163,4768.957441,,0.06868395797209814
5,0,True,edge__adversarial-negative__68,edge__adversarial-negative,15,15,15,188,0.0695699999999988,15,0,0,,0,171,opportunistic200_9,[],18379.78720015711,0,0.0,317.93049606666665,"[2, 4, 5, 6, 8, 9, 11, 12, 13, 14, 15, 16, 17, 19, 20]",,,68,14,15,ordinary,9,full_coverage_and_all_discovered_cleared,163,4768.957441,,0.06963108299532905
5,0,True,edge__adversarial-negative__68,edge__adversarial-negative,15,15,15,188,0.06976499999999675,15,0,0,,0,171,opportunistic600_9,[],18379.78720015711,0,0.0,317.93049606666665,"[2, 4, 5, 6, 8, 9, 11, 12, 13, 14, 15, 16, 17, 19, 20]",,,68,14,15,ordinary,9,full_coverage_and_all_discovered_cleared,163,4768.957441,,0.06983333302196115
20,0,True,edge__adversarial-negative__68,edge__adversarial-negative,10,20,15,158,0.12936200000000042,15,5,10,,0,136,trial80_9,[],18655.19584685365,0,0.0,308.5359446666667,"[2, 4, 5, 6, 8, 9, 11, 12, 13, 14, 15, 16, 17, 19, 20]",,,68,0,15,ordinary,9,full_coverage_and_all_discovered_cleared,127,4628.03917,,0.1294511659652926
25,0,True,edge__adversarial-negative__68,edge__adversarial-negative,15,15,15,158,0.03588499999999328,15,0,0,,0,141,cov_mean9,[],18825.88962602754,0,0.0,311.4785282666666,"[2, 4, 5, 6, 8, 9, 11, 12, 13, 14, 15, 16, 17, 19, 20]",,,68,0,15,ordinary,9,full_coverage_and_all_discovered_cleared,127,4672.177924,,0.03590158297447488
20,0,True,edge__adversarial-negative__68,edge__adversarial-negative,10,20,15,158,0.027678000000001646,15,5,10,,0,136,cov_trial80_9,[],18655.19584685365,0,0.0,308.5359446666667,"[2, 4, 5, 6, 8, 9, 11, 12, 13, 14, 15, 16, 17, 19, 20]",,,68,0,15,ordinary,9,full_coverage_and_all_discovered_cleared,127,4628.03917,,0.027700291015207767
20,0,True,edge__adversarial-negative__68,edge__adversarial-negative,10,20,15,158,0.027402999999999622,15,5,10,,0,136,cov_robust80_9,[],18655.19584685365,0,0.0,308.5359446666667,"[2, 4, 5, 6, 8, 9, 11, 12, 13, 14, 15, 16, 17, 19, 20]",,,68,0,15,ordinary,9,full_coverage_and_all_discovered_cleared,127,4628.03917,,0.02742299996316433
21,0,True,edge__adversarial-negative__68,edge__adversarial-negative,13,18,15,151,0.0295810000000003,15,2,5,,0,131,cov_dynamic80_9,[],17253.724847350335,0,0.0,287.382998,"[2, 4, 5, 6, 8, 9, 11, 12, 13, 14, 15, 16, 17, 19, 20]",,,68,0,15,ordinary,9,full_coverage_and_all_discovered_cleared,121,4310.74497,,0.02962374995695427
4,0,True,edge__adversarial-negative__68,edge__adversarial-negative,14,18,15,190,0.0226820000000032,15,1,4,,0,170,cov_opportunistic80_9,[],18249.777359301,0,0.0,316.3970314,"[2, 4, 5, 6, 8, 9, 11, 12, 13, 14, 15, 16, 17, 19, 20]",,,68,14,15,ordinary,9,full_coverage_and_all_discovered_cleared,162,4745.955471,,0.02272545895539224
4,0,True,edge__adversarial-negative__68,edge__adversarial-negative,14,18,15,190,0.022804999999998188,15,1,4,,0,170,cov_deferred80_9,[],18249.777359301,0,0.0,316.3970314,"[2, 4, 5, 6, 8, 9, 11, 12, 13, 14, 15, 16, 17, 19, 20]",,,68,14,15,ordinary,9,full_coverage_and_all_discovered_cleared,162,4745.955471,,0.022828000015579164
24,0,True,edge__adversarial-negative__68,edge__adversarial-negative,11,21,15,140,0.030420999999996923,15,4,10,,0,117,cov_trial80_7,[],20291.2563623554,0,0.0,322.68341813333336,"[2, 4, 5, 6, 8, 9, 11, 12, 13, 14, 15, 16, 17, 19, 20]",,,68,0,15,ordinary,7,full_coverage_and_all_discovered_cleared,104,4840.251272,,0.03045258397469297
22,0,True,edge__adversarial-negative__68,edge__adversarial-negative,10,20,15,137,0.02850000000000108,15,5,10,,0,115,cov_robust80_7,[],19817.479724136167,0,0.0,315.49972966666667,"[2, 4, 5, 6, 8, 9, 11, 12, 13, 14, 15, 16, 17, 19, 20]",,,68,0,15,ordinary,7,full_coverage_and_all_discovered_cleared,104,4732.495945,,0.028509416966699064
27,0,True,edge__adversarial-negative__69,edge__adversarial-negative,15,15,15,164,0.24235900000000044,15,,,,0,147,baseline_peer9,[],18308.46469394856,0,0.0,306.97952926666665,"[2, 3, 4, 5, 6, 7, 8, 9, 10, 11, 12, 13, 14, 16, 18]",,,69,,15,ordinary,9,full_coverage_and_all_discovered_cleared,133,4604.692939,,0.24362149997614324
30,0,True,edge__adversarial-negative__69,edge__adversarial-negative,15,15,15,146,0.2668169999999961,15,,,,0,129,baseline_ring7,[],19564.129481347096,0,0.0,316.32172653333333,"[2, 3, 4, 5, 6, 7, 8, 9, 10, 11, 12, 13, 14, 16, 18]",,,69,,15,ordinary,7,full_coverage_and_all_discovered_cleared,112,4744.825898,,0.26720375003060326
26,0,True,edge__adversarial-negative__69,edge__adversarial-negative,15,15,15,150,0.22830700000000093,15,,,,0,133,dynamic_greedy9,[],16594.072028397717,0,0.0,278.58762713333334,"[2, 3, 4, 5, 6, 7, 8, 9, 10, 11, 12, 13, 14, 16, 18]",0.0002109991037286818,9,69,,15,ordinary,9,full_coverage_and_all_discovered_cleared,120,4178.814407,"[0, 1, 8, 7, 6, 5, 4, 3, 2]",0.22893145901616663
26,0,True,edge__adversarial-negative__69,edge__adversarial-negative,15,15,15,150,0.2299950000000024,15,,,,0,133,dynamic_two_opt9,[],16594.072028397717,0,0.0,278.58762713333334,"[2, 3, 4, 5, 6, 7, 8, 9, 10, 11, 12, 13, 14, 16, 18]",0.00029254204127937555,9,69,,15,ordinary,9,full_coverage_and_all_discovered_cleared,120,4178.814407,"[0, 1, 8, 7, 6, 5, 4, 3, 2]",0.23037566698621958
9,0,True,edge__adversarial-negative__69,edge__adversarial-negative,15,15,15,187,0.09997700000000265,15,0,0,,0,170,deferred9,[],18917.73763225606,0,0.0,324.50316853333334,"[2, 3, 4, 5, 6, 7, 8, 9, 10, 11, 12, 13, 14, 16, 18]",,,69,19,15,ordinary,9,full_coverage_and_all_discovered_cleared,159,4867.547528,,0.10013400000752881
9,0,True,edge__adversarial-negative__69,edge__adversarial-negative,15,15,15,187,0.09999499999999983,15,0,0,,0,170,opportunistic200_9,[],18917.73763225606,0,0.0,324.50316853333334,"[2, 3, 4, 5, 6, 7, 8, 9, 10, 11, 12, 13, 14, 16, 18]",,,69,19,15,ordinary,9,full_coverage_and_all_discovered_cleared,159,4867.547528,,0.10007570800371468
9,0,True,edge__adversarial-negative__69,edge__adversarial-negative,15,15,15,187,0.09982900000000683,15,0,0,,0,170,opportunistic600_9,[],19359.015612391817,0,0.0,330.38687493333333,"[2, 3, 4, 5, 6, 7, 8, 9, 10, 11, 12, 13, 14, 16, 18]",,,69,13,15,ordinary,9,full_coverage_and_all_discovered_cleared,159,4955.803124,,0.09993199998280033
19,0,True,edge__adversarial-negative__69,edge__adversarial-negative,7,18,15,159,0.1306160000000034,15,8,11,,0,139,trial80_9,[],18163.111608396768,0,0.0,302.9748216,"[2, 3, 4, 5, 6, 7, 8, 9, 10, 11, 12, 13, 14, 16, 18]",,,69,0,15,ordinary,9,full_coverage_and_all_discovered_cleared,133,4544.622324,,0.13083799998275936
27,0,True,edge__adversarial-negative__69,edge__adversarial-negative,15,15,15,164,0.03777900000000045,15,0,0,,0,147,cov_mean9,[],18324.471332629848,0,0.0,307.1929510666667,"[2, 3, 4, 5, 6, 7, 8, 9, 10, 11, 12, 13, 14, 16, 18]",,,69,0,15,ordinary,9,full_coverage_and_all_discovered_cleared,133,4607.894266,,0.03780479199485853
19,0,True,edge__adversarial-negative__69,edge__adversarial-negative,7,18,15,159,0.027549999999997965,15,8,11,,0,139,cov_trial80_9,[],18163.111608396768,0,0.0,302.9748216,"[2, 3, 4, 5, 6, 7, 8, 9, 10, 11, 12, 13, 14, 16, 18]",,,69,0,15,ordinary,9,full_coverage_and_all_discovered_cleared,133,4544.622324,,0.027577832981478423
19,0,True,edge__adversarial-negative__69,edge__adversarial-negative,6,18,15,159,0.027339000000004887,15,9,12,,0,139,cov_robust80_9,[],18725.812833061962,0,0.0,310.47750460000003,"[2, 3, 4, 5, 6, 7, 8, 9, 10, 11, 12, 13, 14, 16, 18]",,,69,0,15,ordinary,9,full_coverage_and_all_discovered_cleared,133,4657.162569,,0.027361582964658737
17,0,True,edge__adversarial-negative__69,edge__adversarial-negative,6,17,15,143,0.02635000000000076,15,9,11,,0,124,cov_dynamic80_9,[],16358.766650424715,0,0.0,272.850222,"[2, 3, 4, 5, 6, 7, 8, 9, 10, 11, 12, 13, 14, 16, 18]",,,69,0,15,ordinary,9,full_coverage_and_all_discovered_cleared,120,4092.75333,,0.026394582993816584
4,0,True,edge__adversarial-negative__69,edge__adversarial-negative,10,15,15,182,0.02217499999999717,15,5,5,,0,165,cov_opportunistic80_9,[],18718.78491103915,0,0.0,319.98379893333333,"[2, 3, 4, 5, 6, 7, 8, 9, 10, 11, 12, 13, 14, 16, 18]",,,69,19,15,ordinary,9,full_coverage_and_all_discovered_cleared,156,4799.756984,,0.022199667000677437
4,0,True,edge__adversarial-negative__69,edge__adversarial-negative,10,15,15,182,0.022092000000000667,15,5,5,,0,165,cov_deferred80_9,[],18718.78491103915,0,0.0,319.98379893333333,"[2, 3, 4, 5, 6, 7, 8, 9, 10, 11, 12, 13, 14, 16, 18]",,,69,19,15,ordinary,9,full_coverage_and_all_discovered_cleared,156,4799.756984,,0.022117083019111305
21,0,True,edge__adversarial-negative__69,edge__adversarial-negative,8,19,15,141,0.029511000000006504,15,7,11,,0,120,cov_trial80_7,[],18735.580006389795,0,0.0,303.0744001333333,"[2, 3, 4, 5, 6, 7, 8, 9, 10, 11, 12, 13, 14, 16, 18]",,,69,0,15,ordinary,7,full_coverage_and_all_discovered_cleared,112,4546.116002,,0.029568041034508497
20,0,True,edge__adversarial-negative__69,edge__adversarial-negative,6,18,15,139,0.03119000000000227,15,9,12,,0,119,cov_robust80_7,[],19336.230678532826,0,0.0,310.54974246666666,"[2, 3, 4, 5, 6, 7, 8, 9, 10, 11, 12, 13, 14, 16, 18]",,,69,0,15,ordinary,7,full_coverage_and_all_discovered_cleared,112,4658.246137,,0.031692458025645465
19,0,True,edge__adversarial-negative__70,edge__adversarial-negative,10,10,10,165,0.17391099999999682,10,,,,0,153,baseline_peer9,[],17840.74488456368,0,0.0,452.31489769999996,"[2, 3, 5, 10, 11, 13, 15, 16, 19, 20]",,,70,,10,ordinary,9,full_coverage_and_all_discovered_cleared,140,4523.148977,,0.17435516696423292
20,0,True,edge__adversarial-negative__70,edge__adversarial-negative,10,10,10,140,0.18771699999999925,10,,,,0,128,baseline_ring7,[],17813.3761861217,0,0.0,436.7675239,"[2, 3, 5, 10, 11, 13, 15, 16, 19, 20]",,,70,,10,ordinary,7,full_coverage_and_all_discovered_cleared,115,4367.675239,,0.18785979197127745
18,0,True,edge__adversarial-negative__70,edge__adversarial-negative,10,10,10,163,0.1646870000000007,10,,,,0,151,dynamic_greedy9,[],14767.679577913457,0,0.0,389.6535915,"[2, 3, 5, 10, 11, 13, 15, 16, 19, 20]",0.0002023349516093731,9,70,,10,ordinary,9,full_coverage_and_all_discovered_cleared,138,3896.535915,"[0, 1, 8, 7, 6, 5, 4, 3, 2]",0.16480362502625212
18,0,True,edge__adversarial-negative__70,edge__adversarial-negative,10,10,10,163,0.1641830000000013,10,,,,0,151,dynamic_two_opt9,[],14767.679577913457,0,0.0,389.6535915,"[2, 3, 5, 10, 11, 13, 15, 16, 19, 20]",0.0002709170803427696,9,70,,10,ordinary,9,full_coverage_and_all_discovered_cleared,138,3896.535915,"[0, 1, 8, 7, 6, 5, 4, 3, 2]",0.16433258401229978
4,0,True,edge__adversarial-negative__70,edge__adversarial-negative,10,10,10,172,0.04929899999999776,10,0,0,,0,160,deferred9,[],17425.812886790347,0,0.0,448.6162578,"[2, 3, 5, 10, 11, 13, 15, 16, 19, 20]",,,70,24,10,ordinary,9,full_coverage_and_all_discovered_cleared,151,4486.162578,,0.049361165962181985
4,0,True,edge__adversarial-negative__70,edge__adversarial-negative,10,10,10,172,0.04889699999999664,10,0,0,,0,160,opportunistic200_9,[],17261.989369249324,0,0.0,445.33978740000003,"[2, 3, 5, 10, 11, 13, 15, 16, 19, 20]",,,70,21,10,ordinary,9,full_coverage_and_all_discovered_cleared,151,4453.397874,,0.04894329101080075
4,0,True,edge__adversarial-negative__70,edge__adversarial-negative,10,10,10,172,0.04866600000000432,10,0,0,,0,160,opportunistic600_9,[],17757.608092882463,0,0.0,455.25216179999995,"[2, 3, 5, 10, 11, 13, 15, 16, 19, 20]",,,70,19,10,ordinary,9,full_coverage_and_all_discovered_cleared,151,4552.521618,,0.04871166596421972
18,0,True,edge__adversarial-negative__70,edge__adversarial-negative,8,17,10,171,0.0953269999999975,10,2,9,,0,152,trial80_9,[],17843.40778868169,0,0.0,453.9681555,"[2, 3, 5, 10, 11, 13, 15, 16, 19, 20]",,,70,0,10,ordinary,9,full_coverage_and_all_discovered_cleared,140,4539.681555,,0.09554054198088124
19,0,True,edge__adversarial-negative__70,edge__adversarial-negative,10,10,10,165,0.027343000000001894,10,0,0,,0,153,cov_mean9,[],17847.027530905154,0,0.0,452.4405506,"[2, 3, 5, 10, 11, 13, 15, 16, 19, 20]",,,70,0,10,ordinary,9,full_coverage_and_all_discovered_cleared,140,4524.405506,,0.027371999982278794
18,0,True,edge__adversarial-negative__70,edge__adversarial-negative,8,17,10,171,0.022310000000004493,10,2,9,,0,152,cov_trial80_9,[],17843.40778868169,0,0.0,453.9681555,"[2, 3, 5, 10, 11, 13, 15, 16, 19, 20]",,,70,0,10,ordinary,9,full_coverage_and_all_discovered_cleared,140,4539.681555,,0.02233641699422151
18,0,True,edge__adversarial-negative__70,edge__adversarial-negative,8,17,10,171,0.022281000000006657,10,2,9,,0,152,cov_robust80_9,[],17842.424882949737,0,0.0,453.9484974,"[2, 3, 5, 10, 11, 13, 15, 16, 19, 20]",,,70,0,10,ordinary,9,full_coverage_and_all_discovered_cleared,140,4539.484974,,0.02230470802169293
18,0,True,edge__adversarial-negative__70,edge__adversarial-negative,8,15,10,168,0.024155999999997846,10,2,7,,0,151,cov_dynamic80_9,[],14838.163946794199,0,0.0,392.5632788,"[2, 3, 5, 10, 11, 13, 15, 16, 19, 20]",,,70,0,10,ordinary,9,full_coverage_and_all_discovered_cleared,138,3925.632788,,0.024201166001148522
3,0,True,edge__adversarial-negative__70,edge__adversarial-negative,8,11,10,172,0.01659999999999684,10,2,3,,0,159,cov_opportunistic80_9,[],17180.416041536,0,0.0,443.4083208,"[2, 3, 5, 10, 11, 13, 15, 16, 19, 20]",,,70,21,10,ordinary,9,full_coverage_and_all_discovered_cleared,150,4434.083208,,0.01663583400659263
3,0,True,edge__adversarial-negative__70,edge__adversarial-negative,8,11,10,172,0.01609099999999586,10,2,3,,0,159,cov_deferred80_9,[],17349.545603764807,0,0.0,446.79091209999996,"[2, 3, 5, 10, 11, 13, 15, 16, 19, 20]",,,70,24,10,ordinary,9,full_coverage_and_all_discovered_cleared,150,4467.909121,,0.016105082991998643
17,0,True,edge__adversarial-negative__70,edge__adversarial-negative,8,16,10,143,0.02134099999999961,10,2,8,,0,125,cov_trial80_7,[],17199.244419656094,0,0.0,424.7848884,"[2, 3, 5, 10, 11, 13, 15, 16, 19, 20]",,,70,0,10,ordinary,7,full_coverage_and_all_discovered_cleared,115,4247.848884,,0.021350208029616624
17,0,True,edge__adversarial-negative__70,edge__adversarial-negative,8,16,10,143,0.021111000000004765,10,2,8,,0,125,cov_robust80_7,[],17722.899838467973,0,0.0,435.2579967,"[2, 3, 5, 10, 11, 13, 15, 16, 19, 20]",,,70,0,10,ordinary,7,full_coverage_and_all_discovered_cleared,115,4352.579967,,0.021147666964679956
21,0,True,edge__adversarial-negative__71,edge__adversarial-negative,12,12,12,151,0.18957999999999942,12,,,,0,137,baseline_peer9,[],17017.16020151205,0,0.0,355.86933675,"[1, 2, 4, 5, 7, 9, 10, 13, 17, 18, 19, 20]",,,71,,12,ordinary,9,full_coverage_and_all_discovered_cleared,122,4270.432041,,0.18979379098163918
21,0,True,edge__adversarial-negative__71,edge__adversarial-negative,12,12,12,130,0.1884939999999986,12,,,,0,116,baseline_ring7,[],17240.45728212522,0,0.0,349.25762158333333,"[1, 2, 4, 5, 7, 9, 10, 13, 17, 18, 19, 20]",,,71,,12,ordinary,7,full_coverage_and_all_discovered_cleared,103,4191.091459,,0.18877983401762322
21,0,True,edge__adversarial-negative__71,edge__adversarial-negative,12,12,12,151,0.19022700000000015,12,,,,0,137,dynamic_greedy9,[],17017.16020151205,0,0.0,355.86933675,"[1, 2, 4, 5, 7, 9, 10, 13, 17, 18, 19, 20]",0.00021237495820969343,9,71,,12,ordinary,9,full_coverage_and_all_discovered_cleared,122,4270.432041,"[0, 1, 2, 3, 4, 5, 6, 7, 8]",0.190643459034618
21,0,True,edge__adversarial-negative__71,edge__adversarial-negative,12,12,12,151,0.1895980000000037,12,,,,0,137,dynamic_two_opt9,[],17017.16020151205,0,0.0,355.86933675,"[1, 2, 4, 5, 7, 9, 10, 13, 17, 18, 19, 20]",0.0002709610853344202,9,71,,12,ordinary,9,full_coverage_and_all_discovered_cleared,122,4270.432041,"[0, 1, 2, 3, 4, 5, 6, 7, 8]",0.1900348329800181
6,0,True,edge__adversarial-negative__71,edge__adversarial-negative,12,12,12,182,0.07387299999999897,12,0,0,,0,168,deferred9,[],17485.227921609785,0,0.0,379.6704655833333,"[1, 2, 4, 5, 7, 9, 10, 13, 17, 18, 19, 20]",,,71,18,12,ordinary,9,full_coverage_and_all_discovered_cleared,159,4556.045587,,0.07396583305671811
6,0,True,edge__adversarial-negative__71,edge__adversarial-negative,12,12,12,182,0.07402100000000189,12,0,0,,0,168,opportunistic200_9,[],17485.227921609785,0,0.0,379.6704655833333,"[1, 2, 4, 5, 7, 9, 10, 13, 17, 18, 19, 20]",,,71,18,12,ordinary,9,full_coverage_and_all_discovered_cleared,159,4556.045587,,0.07420754199847579
6,0,True,edge__adversarial-negative__71,edge__adversarial-negative,12,12,12,182,0.07440800000000536,12,0,0,,0,168,opportunistic600_9,[],17485.227921609785,0,0.0,379.6704655833333,"[1, 2, 4, 5, 7, 9, 10, 13, 17, 18, 19, 20]",,,71,18,12,ordinary,9,full_coverage_and_all_discovered_cleared,159,4556.045587,,0.07447574997786433
15,0,True,edge__adversarial-negative__71,edge__adversarial-negative,6,13,12,146,0.12157799999999952,12,6,7,,0,131,trial80_9,[],16948.16412832261,0,0.0,352.46940225000003,"[1, 2, 4, 5, 7, 9, 10, 13, 17, 18, 19, 20]",,,71,0,12,ordinary,9,full_coverage_and_all_discovered_cleared,122,4229.632827,,0.1217899170005694
22,0,True,edge__adversarial-negative__71,edge__adversarial-negative,12,12,12,152,0.03101000000000198,12,0,0,,0,138,cov_mean9,[],17176.516699523185,0,0.0,358.94194500000003,"[1, 2, 4, 5, 7, 9, 10, 13, 17, 18, 19, 20]",,,71,0,12,ordinary,9,full_coverage_and_all_discovered_cleared,122,4307.30334,,0.031075374979991466
15,0,True,edge__adversarial-negative__71,edge__adversarial-negative,5,13,12,146,0.02264900000000125,12,7,8,,0,131,cov_trial80_9,[],16995.30395649348,0,0.0,353.255066,"[1, 2, 4, 5, 7, 9, 10, 13, 17, 18, 19, 20]",,,71,0,12,ordinary,9,full_coverage_and_all_discovered_cleared,122,4239.060792,,0.022662458010017872
14,0,True,edge__adversarial-negative__71,edge__adversarial-negative,4,12,12,144,0.02200399999999547,12,8,8,,0,130,cov_robust80_9,[],17123.847156455562,0,0.0,354.730786,"[1, 2, 4, 5, 7, 9, 10, 13, 17, 18, 19, 20]",,,71,0,12,ordinary,9,full_coverage_and_all_discovered_cleared,122,4256.769432,,0.022028125007636845
15,0,True,edge__adversarial-negative__71,edge__adversarial-negative,5,13,12,146,0.023246999999997797,12,7,8,,0,131,cov_dynamic80_9,[],16995.30395649348,0,0.0,353.255066,"[1, 2, 4, 5, 7, 9, 10, 13, 17, 18, 19, 20]",,,71,0,12,ordinary,9,full_coverage_and_all_discovered_cleared,122,4239.060792,,0.023286584008019418
1,0,True,edge__adversarial-negative__71,edge__adversarial-negative,7,13,12,178,0.01634700000000322,12,5,6,,0,163,cov_opportunistic80_9,[],17400.205749356384,0,0.0,376.00342916666665,"[1, 2, 4, 5, 7, 9, 10, 13, 17, 18, 19, 20]",,,71,18,12,ordinary,9,full_coverage_and_all_discovered_cleared,154,4512.04115,,0.016375624982174486
1,0,True,edge__adversarial-negative__71,edge__adversarial-negative,7,13,12,178,0.016559999999998354,12,5,6,,0,163,cov_deferred80_9,[],17400.205749356384,0,0.0,376.00342916666665,"[1, 2, 4, 5, 7, 9, 10, 13, 17, 18, 19, 20]",,,71,18,12,ordinary,9,full_coverage_and_all_discovered_cleared,154,4512.04115,,0.01657354098279029
19,0,True,edge__adversarial-negative__71,edge__adversarial-negative,8,17,12,133,0.024388000000001853,12,4,9,,0,114,cov_trial80_7,[],17684.84233188811,0,0.0,357.0807055833333,"[1, 2, 4, 5, 7, 9, 10, 13, 17, 18, 19, 20]",,,71,0,12,ordinary,7,full_coverage_and_all_discovered_cleared,103,4284.968467,,0.02439508301904425
17,0,True,edge__adversarial-negative__71,edge__adversarial-negative,6,15,12,129,0.023306999999995526,12,6,9,,0,112,cov_robust80_7,[],17794.21819384625,0,0.0,357.57030333333336,"[1, 2, 4, 5, 7, 9, 10, 13, 17, 18, 19, 20]",,,71,0,12,ordinary,7,full_coverage_and_all_discovered_cleared,103,4290.84364,,0.023397750046569854
15,0,True,edge__adversarial-spatial__67,edge__adversarial-spatial,10,10,10,159,0.12943500000000085,10,,,,0,147,baseline_peer9,[],16407.15602524838,0,0.0,420.44312049999996,"[4, 5, 7, 8, 9, 10, 14, 15, 18, 19]",,,67,,10,ordinary,9,full_coverage_and_all_discovered_cleared,138,4204.431205,,0.12964504200499505
17,0,True,edge__adversarial-spatial__67,edge__adversarial-spatial,10,10,10,135,0.14320299999999975,10,,,,0,123,baseline_ring7,[],15100.710863030783,0,0.0,379.9142174,"[4, 5, 7, 8, 9, 10, 14, 15, 18, 19]",,,67,,10,ordinary,7,full_coverage_and_all_discovered_cleared,114,3799.142174,,0.14334570802748203
16,0,True,edge__adversarial-spatial__67,edge__adversarial-spatial,10,10,10,155,0.13907499999999828,10,,,,0,143,dynamic_greedy9,[],15043.652927557645,0,0.0,390.7730587,"[4, 5, 7, 8, 9, 10, 14, 15, 18, 19]",0.0002090000780299306,9,67,,10,ordinary,9,full_coverage_and_all_discovered_cleared,134,3907.730587,"[0, 4, 5, 6, 7, 8, 1, 2, 3]",0.13929674995597452
16,0,True,edge__adversarial-spatial__67,edge__adversarial-spatial,10,10,10,155,0.13944800000000157,10,,,,0,143,dynamic_two_opt9,[],15043.652927557645,0,0.0,390.7730587,"[4, 5, 7, 8, 9, 10, 14, 15, 18, 19]",0.00026928994338959455,9,67,,10,ordinary,9,full_coverage_and_all_discovered_cleared,134,3907.730587,"[0, 4, 5, 6, 7, 8, 1, 2, 3]",0.13966833299491554
7,0,True,edge__adversarial-spatial__67,edge__adversarial-spatial,10,10,10,186,0.08322100000000177,10,0,0,,0,174,deferred9,[],17047.03723925599,0,0.0,449.440745,"[4, 5, 7, 8, 9, 10, 14, 15, 18, 19]",,,67,13,10,ordinary,9,full_coverage_and_all_discovered_cleared,165,4494.40745,,0.08338758297031745
7,0,True,edge__adversarial-spatial__67,edge__adversarial-spatial,10,10,10,186,0.08607500000000101,10,0,0,,0,174,opportunistic200_9,[],17047.03723925599,0,0.0,449.440745,"[4, 5, 7, 8, 9, 10, 14, 15, 18, 19]",,,67,13,10,ordinary,9,full_coverage_and_all_discovered_cleared,165,4494.40745,,0.08653299999423325
7,0,True,edge__adversarial-spatial__67,edge__adversarial-spatial,10,10,10,186,0.0973770000000016,10,0,0,,0,174,opportunistic600_9,[],16959.628799754377,0,0.0,447.69257589999995,"[4, 5, 7, 8, 9, 10, 14, 15, 18, 19]",,,67,9,10,ordinary,9,full_coverage_and_all_discovered_cleared,165,4476.925759,,0.10092508303932846
15,0,True,edge__adversarial-spatial__67,edge__adversarial-spatial,8,13,10,162,0.10578199999999782,10,2,5,,0,147,trial80_9,[],16353.991820958809,0,0.0,420.2798365,"[4, 5, 7, 8, 9, 10, 14, 15, 18, 19]",,,67,0,10,ordinary,9,full_coverage_and_all_discovered_cleared,138,4202.798365,,0.11041195801226422
16,0,True,edge__adversarial-spatial__67,edge__adversarial-spatial,10,10,10,160,0.024944000000004962,10,0,0,,0,148,cov_mean9,[],16456.356952813552,0,0.0,421.92713910000003,"[4, 5, 7, 8, 9, 10, 14, 15, 18, 19]",,,67,0,10,ordinary,9,full_coverage_and_all_discovered_cleared,138,4219.271391,,0.025019792024977505
15,0,True,edge__adversarial-spatial__67,edge__adversarial-spatial,8,13,10,162,0.02240000000000464,10,2,5,,0,147,cov_trial80_9,[],16353.991820958809,0,0.0,420.2798365,"[4, 5, 7, 8, 9, 10, 14, 15, 18, 19]",,,67,0,10,ordinary,9,full_coverage_and_all_discovered_cleared,138,4202.798365,,0.022626124962698668
15,0,True,edge__adversarial-spatial__67,edge__adversarial-spatial,8,13,10,162,0.0221520000000055,10,2,5,,0,147,cov_robust80_9,[],16349.914791234096,0,0.0,420.1982959,"[4, 5, 7, 8, 9, 10, 14, 15, 18, 19]",,,67,0,10,ordinary,9,full_coverage_and_all_discovered_cleared,138,4201.982959,,0.022360250004567206
17,0,True,edge__adversarial-spatial__67,edge__adversarial-spatial,9,15,10,161,0.02362200000000314,10,1,6,,0,144,cov_dynamic80_9,[],15026.707184016841,0,0.0,392.434144,"[4, 5, 7, 8, 9, 10, 14, 15, 18, 19]",,,67,0,10,ordinary,9,full_coverage_and_all_discovered_cleared,134,3924.34144,,0.023915958998259157
4,0,True,edge__adversarial-spatial__67,edge__adversarial-spatial,6,13,10,185,0.01733300000000071,10,4,7,,0,170,cov_opportunistic80_9,[],16761.64556097439,0,0.0,442.23291140000003,"[4, 5, 7, 8, 9, 10, 14, 15, 18, 19]",,,67,9,10,ordinary,9,full_coverage_and_all_discovered_cleared,161,4422.329114,,0.017464417032897472
3,0,True,edge__adversarial-spatial__67,edge__adversarial-spatial,6,12,10,184,0.017071999999998866,10,4,6,,0,170,cov_deferred80_9,[],16942.920267740268,0,0.0,445.55840539999997,"[4, 5, 7, 8, 9, 10, 14, 15, 18, 19]",,,67,13,10,ordinary,9,full_coverage_and_all_discovered_cleared,161,4455.584054,,0.017269583011511713
15,0,True,edge__adversarial-spatial__67,edge__adversarial-spatial,7,14,10,137,0.02133900000000466,10,3,7,,0,121,cov_trial80_7,[],15193.187517522012,0,0.0,381.9637503,"[4, 5, 7, 8, 9, 10, 14, 15, 18, 19]",,,67,0,10,ordinary,7,full_coverage_and_all_discovered_cleared,114,3819.637503,,0.02154641703236848
15,0,True,edge__adversarial-spatial__67,edge__adversarial-spatial,7,14,10,137,0.0212670000000017,10,3,7,,0,121,cov_robust80_7,[],15193.085830359501,0,0.0,381.9617165,"[4, 5, 7, 8, 9, 10, 14, 15, 18, 19]",,,67,0,10,ordinary,7,full_coverage_and_all_discovered_cleared,114,3819.617165,,0.021513041981961578
24,0,True,edge__adversarial-spatial__68,edge__adversarial-spatial,15,15,15,157,0.24602800000000258,15,,,,0,140,baseline_peer9,[],18914.37933190866,0,0.0,312.32505786666667,"[2, 4, 5, 6, 8, 9, 11, 12, 13, 14, 15, 16, 17, 19, 20]",,,68,,15,ordinary,9,full_coverage_and_all_discovered_cleared,127,4684.875868,,0.2600344169768505
25,0,True,edge__adversarial-spatial__68,edge__adversarial-spatial,15,15,15,135,0.23160800000000137,15,,,,0,118,baseline_ring7,[],20784.50941464674,0,0.0,328.3934586,"[2, 4, 5, 6, 8, 9, 11, 12, 13, 14, 15, 16, 17, 19, 20]",,,68,,15,ordinary,7,full_coverage_and_all_discovered_cleared,104,4925.901879,,0.23219012503977865
22,0,True,edge__adversarial-spatial__68,edge__adversarial-spatial,15,15,15,149,0.2064669999999964,15,,,,0,132,dynamic_greedy9,[],17349.325586605653,0,0.0,288.39100786666665,"[2, 4, 5, 6, 8, 9, 11, 12, 13, 14, 15, 16, 17, 19, 20]",0.0002282910281792283,9,68,,15,ordinary,9,full_coverage_and_all_discovered_cleared,121,4325.865118,"[0, 1, 8, 7, 6, 5, 4, 3, 2]",0.21530241699656472
22,0,True,edge__adversarial-spatial__68,edge__adversarial-spatial,15,15,15,149,0.1986309999999989,15,,,,0,132,dynamic_two_opt9,[],17349.325586605653,0,0.0,288.39100786666665,"[2, 4, 5, 6, 8, 9, 11, 12, 13, 14, 15, 16, 17, 19, 20]",0.00028995907632634044,9,68,,15,ordinary,9,full_coverage_and_all_discovered_cleared,121,4325.865118,"[0, 1, 8, 7, 6, 5, 4, 3, 2]",0.19882566697197035
8,0,True,edge__adversarial-spatial__68,edge__adversarial-spatial,15,15,15,189,0.1025149999999968,15,0,0,,0,172,deferred9,[],18348.424299979783,0,0.0,317.8456574,"[2, 4, 5, 6, 8, 9, 11, 12, 13, 14, 15, 16, 17, 19, 20]",,,68,16,15,ordinary,9,full_coverage_and_all_discovered_cleared,163,4767.684861,,0.10259729099925607
8,0,True,edge__adversarial-spatial__68,edge__adversarial-spatial,15,15,15,189,0.10219199999999518,15,0,0,,0,172,opportunistic200_9,[],18348.424299979783,0,0.0,317.8456574,"[2, 4, 5, 6, 8, 9, 11, 12, 13, 14, 15, 16, 17, 19, 20]",,,68,16,15,ordinary,9,full_coverage_and_all_discovered_cleared,163,4767.684861,,0.10231287498027086
8,0,True,edge__adversarial-spatial__68,edge__adversarial-spatial,15,15,15,189,0.10249599999999504,15,0,0,,0,172,opportunistic600_9,[],18348.424299979783,0,0.0,317.8456574,"[2, 4, 5, 6, 8, 9, 11, 12, 13, 14, 15, 16, 17, 19, 20]",,,68,16,15,ordinary,9,full_coverage_and_all_discovered_cleared,163,4767.684861,,0.1027282919967547
26,0,True,edge__adversarial-spatial__68,edge__adversarial-spatial,15,24,15,168,0.15243099999999998,15,0,9,,0,142,trial80_9,[],18838.329759588196,0,0.0,313.77772999999996,"[2, 4, 5, 6, 8, 9, 11, 12, 13, 14, 15, 16, 17, 19, 20]",,,68,0,15,ordinary,9,full_coverage_and_all_discovered_cleared,127,4706.66595,,0.15269049996277317
24,0,True,edge__adversarial-spatial__68,edge__adversarial-spatial,15,15,15,157,0.034925000000001205,15,0,0,,0,140,cov_mean9,[],18951.555238643803,0,0.0,312.8207366,"[2, 4, 5, 6, 8, 9, 11, 12, 13, 14, 15, 16, 17, 19, 20]",,,68,0,15,ordinary,9,full_coverage_and_all_discovered_cleared,127,4692.311049,,0.03497199999401346
26,0,True,edge__adversarial-spatial__68,edge__adversarial-spatial,15,24,15,168,0.0325769999999963,15,0,9,,0,142,cov_trial80_9,[],18838.329759588196,0,0.0,313.77772999999996,"[2, 4, 5, 6, 8, 9, 11, 12, 13, 14, 15, 16, 17, 19, 20]",,,68,0,15,ordinary,9,full_coverage_and_all_discovered_cleared,127,4706.66595,,0.03266725002322346
26,0,True,edge__adversarial-spatial__68,edge__adversarial-spatial,15,24,15,168,0.03204399999999907,15,0,9,,0,142,cov_robust80_9,[],18728.184225294575,0,0.0,312.3091229333333,"[2, 4, 5, 6, 8, 9, 11, 12, 13, 14, 15, 16, 17, 19, 20]",,,68,0,15,ordinary,9,full_coverage_and_all_discovered_cleared,127,4684.636844,,0.03210391697939485
21,0,True,edge__adversarial-spatial__68,edge__adversarial-spatial,14,19,15,152,0.02942600000000084,15,1,5,,0,131,cov_dynamic80_9,[],17255.589059630638,0,0.0,287.60785426666666,"[2, 4, 5, 6, 8, 9, 11, 12, 13, 14, 15, 16, 17, 19, 20]",,,68,0,15,ordinary,9,full_coverage_and_all_discovered_cleared,121,4314.117814,,0.02946504100691527
5,0,True,edge__adversarial-spatial__68,edge__adversarial-spatial,12,19,15,190,0.02285100000000284,15,3,7,,0,169,cov_opportunistic80_9,[],18190.982339948037,0,0.0,315.3464312666667,"[2, 4, 5, 6, 8, 9, 11, 12, 13, 14, 15, 16, 17, 19, 20]",,,68,16,15,ordinary,9,full_coverage_and_all_discovered_cleared,160,4730.196469,,0.022853833041153848
5,0,True,edge__adversarial-spatial__68,edge__adversarial-spatial,12,19,15,190,0.02284699999999873,15,3,7,,0,169,cov_deferred80_9,[],18190.982339948037,0,0.0,315.3464312666667,"[2, 4, 5, 6, 8, 9, 11, 12, 13, 14, 15, 16, 17, 19, 20]",,,68,16,15,ordinary,9,full_coverage_and_all_discovered_cleared,160,4730.196469,,0.022884625010192394
25,0,True,edge__adversarial-spatial__68,edge__adversarial-spatial,13,21,15,141,0.031148999999999205,15,2,8,,0,118,cov_trial80_7,[],20900.23453351973,0,0.0,331.13646026666663,"[2, 4, 5, 6, 8, 9, 11, 12, 13, 14, 15, 16, 17, 19, 20]",,,68,0,15,ordinary,7,full_coverage_and_all_discovered_cleared,104,4967.046904,,0.03118816699134186
26,0,True,edge__adversarial-spatial__68,edge__adversarial-spatial,13,24,15,145,0.031174000000000035,15,1,9,,0,119,cov_robust80_7,[],20060.79272078296,1,10.656195101946858,320.87723600000004,"[2, 4, 5, 6, 8, 9, 11, 12, 13, 14, 15, 16, 17, 19, 20]",,,68,0,15,ordinary,7,full_coverage_and_all_discovered_cleared,104,4813.15854,,0.031222041987348348
27,0,True,edge__adversarial-spatial__69,edge__adversarial-spatial,15,15,15,164,0.23053200000000373,15,,,,0,147,baseline_peer9,[],18512.4654683547,0,0.0,309.69953960000004,"[2, 3, 4, 5, 6, 7, 8, 9, 10, 11, 12, 13, 14, 16, 18]",,,69,,15,ordinary,9,full_coverage_and_all_discovered_cleared,133,4645.493094,,0.23078883299604058
28,0,True,edge__adversarial-spatial__69,edge__adversarial-spatial,15,15,15,144,0.24835200000000413,15,,,,0,127,baseline_ring7,[],19701.91920395481,0,0.0,317.49225606666664,"[2, 3, 4, 5, 6, 7, 8, 9, 10, 11, 12, 13, 14, 16, 18]",,,69,,15,ordinary,7,full_coverage_and_all_discovered_cleared,112,4762.383841,,0.24854854197474197
26,0,True,edge__adversarial-spatial__69,edge__adversarial-spatial,15,15,15,150,0.22347399999999595,15,,,,0,133,dynamic_greedy9,[],16772.395180161868,0,0.0,280.9652690666666,"[2, 3, 4, 5, 6, 7, 8, 9, 10, 11, 12, 13, 14, 16, 18]",0.00020649994257837534,9,69,,15,ordinary,9,full_coverage_and_all_discovered_cleared,120,4214.479036,"[0, 1, 8, 7, 6, 5, 4, 3, 2]",0.22372583398828283
26,0,True,edge__adversarial-spatial__69,edge__adversarial-spatial,15,15,15,150,0.22345599999999877,15,,,,0,133,dynamic_two_opt9,[],16772.395180161868,0,0.0,280.9652690666666,"[2, 3, 4, 5, 6, 7, 8, 9, 10, 11, 12, 13, 14, 16, 18]",0.00027021009009331465,9,69,,15,ordinary,9,full_coverage_and_all_discovered_cleared,120,4214.479036,"[0, 1, 8, 7, 6, 5, 4, 3, 2]",0.22370916599174961
8,0,True,edge__adversarial-spatial__69,edge__adversarial-spatial,15,15,15,186,0.08761800000000619,15,0,0,,0,169,deferred9,[],19187.409434456567,0,0.0,327.69879253333335,"[2, 3, 4, 5, 6, 7, 8, 9, 10, 11, 12, 13, 14, 16, 18]",,,69,19,15,ordinary,9,full_coverage_and_all_discovered_cleared,158,4915.481888,,0.08771737501956522
8,0,True,edge__adversarial-spatial__69,edge__adversarial-spatial,15,15,15,186,0.0902850000000015,15,0,0,,0,169,opportunistic200_9,[],19187.409434456567,0,0.0,327.69879253333335,"[2, 3, 4, 5, 6, 7, 8, 9, 10, 11, 12, 13, 14, 16, 18]",,,69,19,15,ordinary,9,full_coverage_and_all_discovered_cleared,158,4915.481888,,0.0905018339981325
8,0,True,edge__adversarial-spatial__69,edge__adversarial-spatial,15,15,15,186,0.09080099999999902,15,0,0,,0,169,opportunistic600_9,[],19576.374645335134,0,0.0,332.8849954,"[2, 3, 4, 5, 6, 7, 8, 9, 10, 11, 12, 13, 14, 16, 18]",,,69,13,15,ordinary,9,full_coverage_and_all_discovered_cleared,158,4993.274931,,0.09114174998831004
27,0,True,edge__adversarial-spatial__69,edge__adversarial-spatial,12,24,15,173,0.15035300000000262,15,3,12,,0,147,trial80_9,[],18450.447805196392,0,0.0,310.6726374,"[2, 3, 4, 5, 6, 7, 8, 9, 10, 11, 12, 13, 14, 16, 18]",,,69,0,15,ordinary,9,full_coverage_and_all_discovered_cleared,133,4660.089561,,0.1505826250067912
27,0,True,edge__adversarial-spatial__69,edge__adversarial-spatial,15,15,15,164,0.03693699999999467,15,0,0,,0,147,cov_mean9,[],18588.00314092785,0,0.0,310.70670859999996,"[2, 3, 4, 5, 6, 7, 8, 9, 10, 11, 12, 13, 14, 16, 18]",,,69,0,15,ordinary,9,full_coverage_and_all_discovered_cleared,133,4660.600629,,0.03695941698970273
27,0,True,edge__adversarial-spatial__69,edge__adversarial-spatial,12,24,15,173,0.03245499999999879,15,3,12,,0,147,cov_trial80_9,[],18450.447805196392,0,0.0,310.6726374,"[2, 3, 4, 5, 6, 7, 8, 9, 10, 11, 12, 13, 14, 16, 18]",,,69,0,15,ordinary,9,full_coverage_and_all_discovered_cleared,133,4660.089561,,0.03247070801444352
27,0,True,edge__adversarial-spatial__69,edge__adversarial-spatial,12,24,15,173,0.03202699999999936,15,3,12,,0,147,cov_robust80_9,[],18864.616863485488,0,0.0,316.1948914,"[2, 3, 4, 5, 6, 7, 8, 9, 10, 11, 12, 13, 14, 16, 18]",,,69,0,15,ordinary,9,full_coverage_and_all_discovered_cleared,133,4742.923371,,0.03203883394598961
24,0,True,edge__adversarial-spatial__69,edge__adversarial-spatial,12,23,15,156,0.030110999999998,15,3,11,,0,131,cov_dynamic80_9,[],17046.04204882335,0,0.0,285.54722733333335,"[2, 3, 4, 5, 6, 7, 8, 9, 10, 11, 12, 13, 14, 16, 18]",,,69,0,15,ordinary,9,full_coverage_and_all_discovered_cleared,120,4283.20841,,0.030194416001904756
6,0,True,edge__adversarial-spatial__69,edge__adversarial-spatial,13,17,15,186,0.02264499999999714,15,2,4,,0,167,cov_opportunistic80_9,[],19246.404223816662,0,0.0,328.1520564,"[2, 3, 4, 5, 6, 7, 8, 9, 10, 11, 12, 13, 14, 16, 18]",,,69,19,15,ordinary,9,full_coverage_and_all_discovered_cleared,157,4922.280846,,0.022689250006806105
6,0,True,edge__adversarial-spatial__69,edge__adversarial-spatial,13,17,15,186,0.022574999999996237,15,2,4,,0,167,cov_deferred80_9,[],19246.404223816662,0,0.0,328.1520564,"[2, 3, 4, 5, 6, 7, 8, 9, 10, 11, 12, 13, 14, 16, 18]",,,69,19,15,ordinary,9,full_coverage_and_all_discovered_cleared,157,4922.280846,,0.022598540992476046
28,0,True,edge__adversarial-spatial__69,edge__adversarial-spatial,12,23,15,152,0.03337499999999949,15,3,11,,0,127,cov_trial80_7,[],19001.44287385668,0,0.0,309.75257173333335,"[2, 3, 4, 5, 6, 7, 8, 9, 10, 11, 12, 13, 14, 16, 18]",,,69,0,15,ordinary,7,full_coverage_and_all_discovered_cleared,112,4646.288576,,0.03342499997233972
28,0,True,edge__adversarial-spatial__69,edge__adversarial-spatial,12,23,15,152,0.03307900000000075,15,3,11,,0,127,cov_robust80_7,[],19568.696107086034,0,0.0,317.3159482,"[2, 3, 4, 5, 6, 7, 8, 9, 10, 11, 12, 13, 14, 16, 18]",,,69,0,15,ordinary,7,full_coverage_and_all_discovered_cleared,112,4759.739223,,0.03309904201887548
18,0,True,edge__adversarial-spatial__70,edge__adversarial-spatial,10,10,10,164,0.15416700000000105,10,,,,0,152,baseline_peer9,[],17957.93366034157,0,0.0,454.15867340000005,"[2, 3, 5, 10, 11, 13, 15, 16, 19, 20]",,,70,,10,ordinary,9,full_coverage_and_all_discovered_cleared,140,4541.586734,,0.15435725002316758
19,0,True,edge__adversarial-spatial__70,edge__adversarial-spatial,10,10,10,139,0.179040999999998,10,,,,0,127,baseline_ring7,[],17729.162203339674,0,0.0,434.58324409999994,"[2, 3, 5, 10, 11, 13, 15, 16, 19, 20]",,,70,,10,ordinary,7,full_coverage_and_all_discovered_cleared,115,4345.832441,,0.1796937080216594
18,0,True,edge__adversarial-spatial__70,edge__adversarial-spatial,10,10,10,163,0.15450099999999622,10,,,,0,151,dynamic_greedy9,[],15261.001338256563,0,0.0,399.5200269,"[2, 3, 5, 10, 11, 13, 15, 16, 19, 20]",0.00020466698333621025,9,70,,10,ordinary,9,full_coverage_and_all_discovered_cleared,138,3995.200269,"[0, 1, 8, 7, 6, 5, 4, 3, 2]",0.15464758401503786
18,0,True,edge__adversarial-spatial__70,edge__adversarial-spatial,10,10,10,163,0.15520099999999815,10,,,,0,151,dynamic_two_opt9,[],15261.001338256563,0,0.0,399.5200269,"[2, 3, 5, 10, 11, 13, 15, 16, 19, 20]",0.000256669067312032,9,70,,10,ordinary,9,full_coverage_and_all_discovered_cleared,138,3995.200269,"[0, 1, 8, 7, 6, 5, 4, 3, 2]",0.15533545898506418
5,0,True,edge__adversarial-spatial__70,edge__adversarial-spatial,10,10,10,174,0.060145000000005666,10,0,0,,0,162,deferred9,[],17230.532873947155,0,0.0,445.91065760000004,"[2, 3, 5, 10, 11, 13, 15, 16, 19, 20]",,,70,23,10,ordinary,9,full_coverage_and_all_discovered_cleared,153,4459.106576,,0.06018912501167506
5,0,True,edge__adversarial-spatial__70,edge__adversarial-spatial,10,10,10,174,0.0599070000000026,10,0,0,,0,162,opportunistic200_9,[],17081.45737988894,0,0.0,442.9291478,"[2, 3, 5, 10, 11, 13, 15, 16, 19, 20]",,,70,20,10,ordinary,9,full_coverage_and_all_discovered_cleared,153,4429.291478,,0.05992991599487141
5,0,True,edge__adversarial-spatial__70,edge__adversarial-spatial,10,10,10,174,0.05999299999999863,10,0,0,,0,162,opportunistic600_9,[],17514.165476964583,0,0.0,451.5833097,"[2, 3, 5, 10, 11, 13, 15, 16, 19, 20]",,,70,18,10,ordinary,9,full_coverage_and_all_discovered_cleared,153,4515.833097,,0.06011591601418331
18,0,True,edge__adversarial-spatial__70,edge__adversarial-spatial,8,16,10,170,0.09869199999999978,10,2,8,,0,152,trial80_9,[],17934.38929755271,0,0.0,455.4877859,"[2, 3, 5, 10, 11, 13, 15, 16, 19, 20]",,,70,0,10,ordinary,9,full_coverage_and_all_discovered_cleared,140,4554.877859,,0.09886004100553691
18,0,True,edge__adversarial-spatial__70,edge__adversarial-spatial,10,10,10,164,0.026216999999995494,10,0,0,,0,152,cov_mean9,[],18016.812195382037,0,0.0,455.33624419999995,"[2, 3, 5, 10, 11, 13, 15, 16, 19, 20]",,,70,0,10,ordinary,9,full_coverage_and_all_discovered_cleared,140,4553.362442,,0.026453625003341585
18,0,True,edge__adversarial-spatial__70,edge__adversarial-spatial,8,16,10,170,0.022823999999999955,10,2,8,,0,152,cov_trial80_9,[],17934.195947809763,0,0.0,455.48391890000005,"[2, 3, 5, 10, 11, 13, 15, 16, 19, 20]",,,70,0,10,ordinary,9,full_coverage_and_all_discovered_cleared,140,4554.839189,,0.022858207987155765
18,0,True,edge__adversarial-spatial__70,edge__adversarial-spatial,8,16,10,170,0.022236999999996954,10,2,8,,0,152,cov_robust80_9,[],17933.962726186306,0,0.0,455.4792545,"[2, 3, 5, 10, 11, 13, 15, 16, 19, 20]",,,70,0,10,ordinary,9,full_coverage_and_all_discovered_cleared,140,4554.792545,,0.02223750000121072
18,0,True,edge__adversarial-spatial__70,edge__adversarial-spatial,9,16,10,169,0.02305199999999985,10,1,7,,0,151,cov_dynamic80_9,[],15245.446852172547,0,0.0,401.0089371,"[2, 3, 5, 10, 11, 13, 15, 16, 19, 20]",,,70,0,10,ordinary,9,full_coverage_and_all_discovered_cleared,138,4010.089371,,0.02310383296571672
4,0,True,edge__adversarial-spatial__70,edge__adversarial-spatial,9,12,10,175,0.01639799999999525,10,1,3,,0,161,cov_opportunistic80_9,[],17142.90132667293,0,0.0,444.2580266,"[2, 3, 5, 10, 11, 13, 15, 16, 19, 20]",,,70,20,10,ordinary,9,full_coverage_and_all_discovered_cleared,153,4442.580266,,0.01641179103171453
4,0,True,edge__adversarial-spatial__70,edge__adversarial-spatial,9,12,10,175,0.01610799999999557,10,1,3,,0,161,cov_deferred80_9,[],17323.92612708272,0,0.0,447.8785226,"[2, 3, 5, 10, 11, 13, 15, 16, 19, 20]",,,70,23,10,ordinary,9,full_coverage_and_all_discovered_cleared,153,4478.785226,,0.01610879204235971
17,0,True,edge__adversarial-spatial__70,edge__adversarial-spatial,7,15,10,142,0.022232999999999947,10,3,8,,0,125,cov_trial80_7,[],17078.151282302475,0,0.0,422.063026,"[2, 3, 5, 10, 11, 13, 15, 16, 19, 20]",,,70,0,10,ordinary,7,full_coverage_and_all_discovered_cleared,115,4220.63026,,0.022291709028650075
17,0,True,edge__adversarial-spatial__70,edge__adversarial-spatial,7,15,10,142,0.021799000000001456,10,3,8,,0,125,cov_robust80_7,[],17600.23221003873,0,0.0,432.5046445,"[2, 3, 5, 10, 11, 13, 15, 16, 19, 20]",,,70,0,10,ordinary,7,full_coverage_and_all_discovered_cleared,115,4325.046445,,0.021822750044520944
20,0,True,edge__adversarial-spatial__71,edge__adversarial-spatial,12,12,12,150,0.1757729999999995,12,,,,0,136,baseline_peer9,[],17023.9289014413,0,0.0,355.5654818333333,"[1, 2, 4, 5, 7, 9, 10, 13, 17, 18, 19, 20]",,,71,,12,ordinary,9,full_coverage_and_all_discovered_cleared,122,4266.785782,,0.17591937503311783
22,0,True,edge__adversarial-spatial__71,edge__adversarial-spatial,12,12,12,131,0.20080700000000462,12,,,,0,117,baseline_ring7,[],17218.406711686777,0,0.0,349.3067786666666,"[1, 2, 4, 5, 7, 9, 10, 13, 17, 18, 19, 20]",,,71,,12,ordinary,7,full_coverage_and_all_discovered_cleared,103,4191.681344,,0.20108299999265
20,0,True,edge__adversarial-spatial__71,edge__adversarial-spatial,12,12,12,150,0.1754099999999994,12,,,,0,136,dynamic_greedy9,[],17023.9289014413,0,0.0,355.5654818333333,"[1, 2, 4, 5, 7, 9, 10, 13, 17, 18, 19, 20]",0.00020662590395659208,9,71,,12,ordinary,9,full_coverage_and_all_discovered_cleared,122,4266.785782,"[0, 1, 2, 3, 4, 5, 6, 7, 8]",0.17555937502766028
20,0,True,edge__adversarial-spatial__71,edge__adversarial-spatial,12,12,12,150,0.1756420000000034,12,,,,0,136,dynamic_two_opt9,[],17023.9289014413,0,0.0,355.5654818333333,"[1, 2, 4, 5, 7, 9, 10, 13, 17, 18, 19, 20]",0.0002603339380584657,9,71,,12,ordinary,9,full_coverage_and_all_discovered_cleared,122,4266.785782,"[0, 1, 2, 3, 4, 5, 6, 7, 8]",0.17577787500340492
4,0,True,edge__adversarial-spatial__71,edge__adversarial-spatial,12,12,12,176,0.06061300000000358,12,0,0,,0,162,deferred9,[],17533.547125089113,0,0.0,377.47578541666667,"[1, 2, 4, 5, 7, 9, 10, 13, 17, 18, 19, 20]",,,71,22,12,ordinary,9,full_coverage_and_all_discovered_cleared,153,4529.709425,,0.06250383297447115
4,0,True,edge__adversarial-spatial__71,edge__adversarial-spatial,12,12,12,176,0.05492399999999975,12,0,0,,0,162,opportunistic200_9,[],17533.547125089113,0,0.0,377.47578541666667,"[1, 2, 4, 5, 7, 9, 10, 13, 17, 18, 19, 20]",,,71,22,12,ordinary,9,full_coverage_and_all_discovered_cleared,153,4529.709425,,0.05503912502899766
4,0,True,edge__adversarial-spatial__71,edge__adversarial-spatial,12,12,12,176,0.053907999999999845,12,0,0,,0,162,opportunistic600_9,[],17533.547125089113,0,0.0,377.47578541666667,"[1, 2, 4, 5, 7, 9, 10, 13, 17, 18, 19, 20]",,,71,22,12,ordinary,9,full_coverage_and_all_discovered_cleared,153,4529.709425,,0.05394108401378617
17,0,True,edge__adversarial-spatial__71,edge__adversarial-spatial,9,16,12,151,0.11531300000000044,12,3,7,,0,133,trial80_9,[],16932.286378753382,0,0.0,353.7881061666667,"[1, 2, 4, 5, 7, 9, 10, 13, 17, 18, 19, 20]",,,71,0,12,ordinary,9,full_coverage_and_all_discovered_cleared,122,4245.457274,,0.11546116700628772
20,0,True,edge__adversarial-spatial__71,edge__adversarial-spatial,12,12,12,150,0.029063000000000727,12,0,0,,0,136,cov_mean9,[],17023.9289014413,0,0.0,355.5654818333333,"[1, 2, 4, 5, 7, 9, 10, 13, 17, 18, 19, 20]",,,71,0,12,ordinary,9,full_coverage_and_all_discovered_cleared,122,4266.785782,,0.02908791700610891
17,0,True,edge__adversarial-spatial__71,edge__adversarial-spatial,9,16,12,151,0.02346799999999405,12,3,7,,0,133,cov_trial80_9,[],16932.286378753382,0,0.0,353.7881061666667,"[1, 2, 4, 5, 7, 9, 10, 13, 17, 18, 19, 20]",,,71,0,12,ordinary,9,full_coverage_and_all_discovered_cleared,122,4245.457274,,0.023467999999411404
18,0,True,edge__adversarial-spatial__71,edge__adversarial-spatial,8,18,12,154,0.02461900000000128,12,3,7,,0,134,cov_robust80_9,[],16735.496236064493,2,12.873857489494112,351.42493725,"[1, 2, 4, 5, 7, 9, 10, 13, 17, 18, 19, 20]",,,71,0,12,ordinary,9,full_coverage_and_all_discovered_cleared,122,4217.099247,,0.024647542042657733
17,0,True,edge__adversarial-spatial__71,edge__adversarial-spatial,9,16,12,151,0.024034000000000333,12,3,7,,0,133,cov_dynamic80_9,[],16932.286378753382,0,0.0,353.7881061666667,"[1, 2, 4, 5, 7, 9, 10, 13, 17, 18, 19, 20]",,,71,0,12,ordinary,9,full_coverage_and_all_discovered_cleared,122,4245.457274,,0.024102916999254376
2,0,True,edge__adversarial-spatial__71,edge__adversarial-spatial,10,14,12,176,0.017195999999998435,12,2,4,,0,160,cov_opportunistic80_9,[],17485.790917704908,0,0.0,376.1798485833333,"[1, 2, 4, 5, 7, 9, 10, 13, 17, 18, 19, 20]",,,71,22,12,ordinary,9,full_coverage_and_all_discovered_cleared,151,4514.158183,,0.017196666973177344
2,0,True,edge__adversarial-spatial__71,edge__adversarial-spatial,10,14,12,176,0.016897999999997637,12,2,4,,0,160,cov_deferred80_9,[],17485.790917704908,0,0.0,376.1798485833333,"[1, 2, 4, 5, 7, 9, 10, 13, 17, 18, 19, 20]",,,71,22,12,ordinary,9,full_coverage_and_all_discovered_cleared,151,4514.158183,,0.01690562500152737
22,0,True,edge__adversarial-spatial__71,edge__adversarial-spatial,8,18,12,137,0.02723399999999998,12,4,10,,0,117,cov_trial80_7,[],17722.6662873725,0,0.0,359.21110483333337,"[1, 2, 4, 5, 7, 9, 10, 13, 17, 18, 19, 20]",,,71,0,12,ordinary,7,full_coverage_and_all_discovered_cleared,103,4310.533258,,0.02727029100060463
21,0,True,edge__adversarial-spatial__71,edge__adversarial-spatial,7,17,12,135,0.026246000000000436,12,5,10,,0,116,cov_robust80_7,[],17755.96678383424,0,0.0,359.09944666666667,"[1, 2, 4, 5, 7, 9, 10, 13, 17, 18, 19, 20]",,,71,0,12,ordinary,7,full_coverage_and_all_discovered_cleared,103,4309.19336,,0.02626391698140651
20,0,True,clustered__iid__67,clustered__iid,10,10,10,138,0.16574299999999909,10,,,,0,126,baseline_peer9,[],17531.745660790853,0,0.0,429.5349134,"[4, 5, 7, 8, 9, 10, 14, 15, 18, 19]",,,67,,10,ordinary,9,full_coverage_and_all_discovered_cleared,109,4295.349134,,0.1658537500188686
19,0,True,clustered__iid__67,clustered__iid,10,10,10,117,0.1602409999999992,10,,,,0,105,baseline_ring7,[],15949.545138123573,0,0.0,385.5909029,"[4, 5, 7, 8, 9, 10, 14, 15, 18, 19]",,,67,,10,ordinary,7,full_coverage_and_all_discovered_cleared,91,3855.909029,,0.16044029197655618
19,0,True,clustered__iid__67,clustered__iid,10,10,10,140,0.16057700000000352,10,,,,0,128,dynamic_greedy9,[],16176.942102602767,0,0.0,403.7388423,"[4, 5, 7, 8, 9, 10, 14, 15, 18, 19]",0.0002051681512966752,9,67,,10,ordinary,9,full_coverage_and_all_discovered_cleared,112,4037.388423,"[0, 5, 4, 3, 2, 1, 8, 7, 6]",0.16089708398794755
19,0,True,clustered__iid__67,clustered__iid,10,10,10,140,0.16057600000000605,10,,,,0,128,dynamic_two_opt9,[],16176.942102602767,0,0.0,403.7388423,"[4, 5, 7, 8, 9, 10, 14, 15, 18, 19]",0.0002610418596304953,9,67,,10,ordinary,9,full_coverage_and_all_discovered_cleared,112,4037.388423,"[0, 5, 4, 3, 2, 1, 8, 7, 6]",0.1608175000292249
2,0,True,clustered__iid__67,clustered__iid,10,10,10,161,0.041388999999995235,10,0,0,,0,149,deferred9,[],13005.25870849756,0,0.0,353.7051742,"[4, 5, 7, 8, 9, 10, 14, 15, 18, 19]",,,67,33,10,ordinary,9,full_coverage_and_all_discovered_cleared,141,3537.051742,,0.041410750010982156
2,0,True,clustered__iid__67,clustered__iid,10,10,10,161,0.03843500000000688,10,0,0,,0,149,opportunistic200_9,[],13005.25870849756,0,0.0,353.7051742,"[4, 5, 7, 8, 9, 10, 14, 15, 18, 19]",,,67,33,10,ordinary,9,full_coverage_and_all_discovered_cleared,141,3537.051742,,0.03850933298235759
2,0,True,clustered__iid__67,clustered__iid,10,10,10,161,0.038978999999997654,10,0,0,,0,149,opportunistic600_9,[],13005.25870849756,0,0.0,353.7051742,"[4, 5, 7, 8, 9, 10, 14, 15, 18, 19]",,,67,33,10,ordinary,9,full_coverage_and_all_discovered_cleared,141,3537.051742,,0.039058416965417564
13,0,True,clustered__iid__67,clustered__iid,2,12,10,133,0.08082600000000184,10,8,10,,0,119,trial80_9,[],17438.451089845476,0,0.0,424.76902179999996,"[4, 5, 7, 8, 9, 10, 14, 15, 18, 19]",,,67,0,10,ordinary,9,full_coverage_and_all_discovered_cleared,109,4247.690218,,0.08097391598857939
20,0,True,clustered__iid__67,clustered__iid,10,10,10,138,0.02733500000000788,10,0,0,,0,126,cov_mean9,[],17599.482585552432,0,0.0,430.8896519,"[4, 5, 7, 8, 9, 10, 14, 15, 18, 19]",,,67,0,10,ordinary,9,full_coverage_and_all_discovered_cleared,109,4308.896519,,0.027387042006012052
13,0,True,clustered__iid__67,clustered__iid,2,12,10,133,0.018790000000009854,10,8,10,,0,119,cov_trial80_9,[],17438.451089845476,0,0.0,424.76902179999996,"[4, 5, 7, 8, 9, 10, 14, 15, 18, 19]",,,67,0,10,ordinary,9,full_coverage_and_all_discovered_cleared,109,4247.690218,,0.018789042020216584
13,0,True,clustered__iid__67,clustered__iid,2,12,10,133,0.019141000000004738,10,8,10,,0,119,cov_robust80_9,[],17431.27133345668,0,0.0,424.62542649999995,"[4, 5, 7, 8, 9, 10, 14, 15, 18, 19]",,,67,0,10,ordinary,9,full_coverage_and_all_discovered_cleared,109,4246.254265,,0.01918566704262048
11,0,True,clustered__iid__67,clustered__iid,2,11,10,133,0.017979999999994334,10,8,9,,0,120,cov_dynamic80_9,[],16057.104534946471,0,0.0,397.64209070000004,"[4, 5, 7, 8, 9, 10, 14, 15, 18, 19]",,,67,0,10,ordinary,9,full_coverage_and_all_discovered_cleared,112,3976.420907,,0.01802041701739654
0,0,True,clustered__iid__67,clustered__iid,8,10,10,159,0.01989799999999775,10,2,2,,0,147,cov_opportunistic80_9,[],12991.345594325492,0,0.0,352.2269119,"[4, 5, 7, 8, 9, 10, 14, 15, 18, 19]",,,67,33,10,ordinary,9,full_coverage_and_all_discovered_cleared,139,3522.269119,,0.01993383397348225
0,0,True,clustered__iid__67,clustered__iid,8,10,10,159,0.01979000000000042,10,2,2,,0,147,cov_deferred80_9,[],12991.345594325492,0,0.0,352.2269119,"[4, 5, 7, 8, 9, 10, 14, 15, 18, 19]",,,67,33,10,ordinary,9,full_coverage_and_all_discovered_cleared,139,3522.269119,,0.019810417026747018
13,0,True,clustered__iid__67,clustered__iid,3,12,10,113,0.018483000000003358,10,7,9,,0,99,cov_trial80_7,[],16176.697150191507,0,0.0,387.7339429,"[4, 5, 7, 8, 9, 10, 14, 15, 18, 19]",,,67,0,10,ordinary,7,full_coverage_and_all_discovered_cleared,91,3877.339429,,0.018482916988432407
13,0,True,clustered__iid__67,clustered__iid,3,12,10,113,0.01869299999999896,10,7,9,,0,99,cov_robust80_7,[],16176.697150191507,0,0.0,387.7339429,"[4, 5, 7, 8, 9, 10, 14, 15, 18, 19]",,,67,0,10,ordinary,7,full_coverage_and_all_discovered_cleared,91,3877.339429,,0.018737167003564537
21,0,True,clustered__iid__68,clustered__iid,15,15,15,159,0.1746959999999973,15,,,,0,142,baseline_peer9,[],16945.60296611555,0,0.0,286.94137293333335,"[2, 4, 5, 6, 8, 9, 11, 12, 13, 14, 15, 16, 17, 19, 20]",,,68,,15,ordinary,9,full_coverage_and_all_discovered_cleared,130,4304.120594,,0.17909954203059897
25,0,True,clustered__iid__68,clustered__iid,15,15,15,137,0.20065800000000422,15,,,,0,120,baseline_ring7,[],17263.752065312518,0,0.0,282.18336086666665,"[2, 4, 5, 6, 8, 9, 11, 12, 13, 14, 15, 16, 17, 19, 20]",,,68,,15,ordinary,7,full_coverage_and_all_discovered_cleared,105,4232.750413,,0.2009092079824768
24,0,True,clustered__iid__68,clustered__iid,15,15,15,110,0.2084600000000023,15,,,,0,93,dynamic_greedy9,[],16740.74099879539,0,0.0,264.3432132666667,"[2, 4, 5, 6, 8, 9, 11, 12, 13, 14, 15, 16, 17, 19, 20]",0.00021362409461289644,9,68,,15,ordinary,9,full_coverage_and_all_discovered_cleared,77,3965.148199,"[0, 8, 7, 6, 5, 4, 3, 2, 1]",0.21040066599380225
24,0,True,clustered__iid__68,clustered__iid,15,15,15,110,0.19757200000000807,15,,,,0,93,dynamic_two_opt9,[],16740.74099879539,0,0.0,264.3432132666667,"[2, 4, 5, 6, 8, 9, 11, 12, 13, 14, 15, 16, 17, 19, 20]",0.0002579999272711575,9,68,,15,ordinary,9,full_coverage_and_all_discovered_cleared,77,3965.148199,"[0, 8, 7, 6, 5, 4, 3, 2, 1]",0.19814512500306591
3,0,True,clustered__iid__68,clustered__iid,15,15,15,191,0.05311600000000283,15,0,0,,0,174,deferred9,[],12395.976126387617,0,0.0,239.27968186666666,"[2, 4, 5, 6, 8, 9, 11, 12, 13, 14, 15, 16, 17, 19, 20]",,,68,9,15,ordinary,9,full_coverage_and_all_discovered_cleared,165,3589.195228,,0.05321287497645244
3,0,True,clustered__iid__68,clustered__iid,15,15,15,191,0.053753000000000384,15,0,0,,0,174,opportunistic200_9,[],12395.976126387617,0,0.0,239.27968186666666,"[2, 4, 5, 6, 8, 9, 11, 12, 13, 14, 15, 16, 17, 19, 20]",,,68,9,15,ordinary,9,full_coverage_and_all_discovered_cleared,165,3589.195228,,0.05387579195667058
3,0,True,clustered__iid__68,clustered__iid,15,15,15,191,0.05275299999999561,15,0,0,,0,174,opportunistic600_9,[],12864.324289139215,0,0.0,245.52432406666668,"[2, 4, 5, 6, 8, 9, 11, 12, 13, 14, 15, 16, 17, 19, 20]",,,68,3,15,ordinary,9,full_coverage_and_all_discovered_cleared,165,3682.864861,,0.05281408299924806
17,0,True,clustered__iid__68,clustered__iid,11,16,15,156,0.12512200000000462,15,4,5,,0,138,trial80_9,[],16877.038773531363,0,0.0,284.89385039999996,"[2, 4, 5, 6, 8, 9, 11, 12, 13, 14, 15, 16, 17, 19, 20]",,,68,0,15,ordinary,9,full_coverage_and_all_discovered_cleared,130,4273.407756,,0.12599712499650195
21,0,True,clustered__iid__68,clustered__iid,15,15,15,159,0.031335999999996034,15,0,0,,0,142,cov_mean9,[],17834.490975945922,0,0.0,298.7932131333334,"[2, 4, 5, 6, 8, 9, 11, 12, 13, 14, 15, 16, 17, 19, 20]",,,68,0,15,ordinary,9,full_coverage_and_all_discovered_cleared,130,4481.898197,,0.03144233295461163
18,0,True,clustered__iid__68,clustered__iid,11,16,15,157,0.026933999999997127,15,4,5,,0,139,cov_trial80_9,[],17723.26205499671,0,0.0,296.51016080000005,"[2, 4, 5, 6, 8, 9, 11, 12, 13, 14, 15, 16, 17, 19, 20]",,,68,0,15,ordinary,9,full_coverage_and_all_discovered_cleared,130,4447.652412,,0.02699574996950105
18,0,True,clustered__iid__68,clustered__iid,10,16,15,157,0.026314999999996758,15,5,6,,0,139,cov_robust80_9,[],17795.482729501975,0,0.0,297.4731031333333,"[2, 4, 5, 6, 8, 9, 11, 12, 13, 14, 15, 16, 17, 19, 20]",,,68,0,15,ordinary,9,full_coverage_and_all_discovered_cleared,130,4462.096547,,0.026316208008211106
19,0,True,clustered__iid__68,clustered__iid,9,18,15,108,0.026186000000009813,15,6,9,,0,88,cov_dynamic80_9,[],17474.2231746614,0,0.0,273.0563092,"[2, 4, 5, 6, 8, 9, 11, 12, 13, 14, 15, 16, 17, 19, 20]",,,68,0,15,ordinary,9,full_coverage_and_all_discovered_cleared,77,4095.844638,,0.026231167023070157
1,0,True,clustered__iid__68,clustered__iid,11,16,15,188,0.024462999999997237,15,4,5,,0,170,cov_opportunistic80_9,[],12104.602696757,0,0.0,233.99470266666668,"[2, 4, 5, 6, 8, 9, 11, 12, 13, 14, 15, 16, 17, 19, 20]",,,68,9,15,ordinary,9,full_coverage_and_all_discovered_cleared,161,3509.92054,,0.02450829098233953
1,0,True,clustered__iid__68,clustered__iid,13,16,15,190,0.0252529999999922,15,2,3,,0,172,cov_deferred80_9,[],12355.801033199148,0,0.0,238.14401386666665,"[2, 4, 5, 6, 8, 9, 11, 12, 13, 14, 15, 16, 17, 19, 20]",,,68,9,15,ordinary,9,full_coverage_and_all_discovered_cleared,163,3572.160208,,0.025288374978117645
22,0,True,clustered__iid__68,clustered__iid,10,20,15,139,0.02824699999999325,15,5,10,,0,117,cov_trial80_7,[],18059.874091667356,0,0.0,292.7983213333334,"[2, 4, 5, 6, 8, 9, 11, 12, 13, 14, 15, 16, 17, 19, 20]",,,68,0,15,ordinary,7,full_coverage_and_all_discovered_cleared,105,4391.97482,,0.028286083019338548
22,0,True,clustered__iid__68,clustered__iid,10,20,15,139,0.027709999999999013,15,5,10,,0,117,cov_robust80_7,[],18050.535409741606,0,0.0,292.6738054666667,"[2, 4, 5, 6, 8, 9, 11, 12, 13, 14, 15, 16, 17, 19, 20]",,,68,0,15,ordinary,7,full_coverage_and_all_discovered_cleared,105,4390.107082,,0.02775120799196884
29,0,True,clustered__iid__69,clustered__iid,15,15,15,116,0.2258679999999913,15,,,,0,99,baseline_peer9,[],22247.468171282133,0,0.0,339.89957553333335,"[2, 3, 4, 5, 6, 7, 8, 9, 10, 11, 12, 13, 14, 16, 18]",,,69,,15,ordinary,9,full_coverage_and_all_discovered_cleared,79,5098.493633,,0.2261419590213336
28,0,True,clustered__iid__69,clustered__iid,15,15,15,104,0.22190299999999752,15,,,,0,87,baseline_ring7,[],20955.717193084674,0,0.0,318.0095624,"[2, 3, 4, 5, 6, 7, 8, 9, 10, 11, 12, 13, 14, 16, 18]",,,69,,15,ordinary,7,full_coverage_and_all_discovered_cleared,69,4770.143436,,0.22222558304201812
29,0,True,clustered__iid__69,clustered__iid,15,15,15,109,0.23725199999999802,15,,,,0,92,dynamic_greedy9,[],20869.363404797907,0,0.0,318.65817853333334,"[2, 3, 4, 5, 6, 7, 8, 9, 10, 11, 12, 13, 14, 16, 18]",0.00020074902568012476,9,69,,15,ordinary,9,full_coverage_and_all_discovered_cleared,71,4779.872678,"[0, 4, 5, 6, 7, 8, 1, 2, 3]",0.23801008297596127
29,0,True,clustered__iid__69,clustered__iid,15,15,15,109,0.23345399999999472,15,,,,0,92,dynamic_two_opt9,[],20869.363404797907,0,0.0,318.65817853333334,"[2, 3, 4, 5, 6, 7, 8, 9, 10, 11, 12, 13, 14, 16, 18]",0.0002655809512361884,9,69,,15,ordinary,9,full_coverage_and_all_discovered_cleared,71,4779.872678,"[0, 4, 5, 6, 7, 8, 1, 2, 3]",0.23489012505160645
7,0,True,clustered__iid__69,clustered__iid,15,15,15,180,0.1132300000000015,15,0,0,,0,163,deferred9,[],13149.237069570287,0,0.0,244.92316113333334,"[2, 3, 4, 5, 6, 7, 8, 9, 10, 11, 12, 13, 14, 16, 18]",,,69,24,15,ordinary,9,full_coverage_and_all_discovered_cleared,154,3673.847417,,0.11337095795897767
7,0,True,clustered__iid__69,clustered__iid,15,15,15,180,0.11499200000000087,15,0,0,,0,163,opportunistic200_9,[],13079.316522616922,0,0.0,243.990887,"[2, 3, 4, 5, 6, 7, 8, 9, 10, 11, 12, 13, 14, 16, 18]",,,69,17,15,ordinary,9,full_coverage_and_all_discovered_cleared,154,3659.863305,,0.11529091699048877
7,0,True,clustered__iid__69,clustered__iid,15,15,15,180,0.11430000000000007,15,0,0,,0,163,opportunistic600_9,[],13247.54481450343,0,0.0,246.23393093333334,"[2, 3, 4, 5, 6, 7, 8, 9, 10, 11, 12, 13, 14, 16, 18]",,,69,14,15,ordinary,9,full_coverage_and_all_discovered_cleared,154,3693.508964,,0.11457108298782259
23,0,True,clustered__iid__69,clustered__iid,6,18,15,113,0.1330080000000038,15,9,12,,0,93,trial80_9,[],22154.407261888904,0,0.0,337.25876346666666,"[2, 3, 4, 5, 6, 7, 8, 9, 10, 11, 12, 13, 14, 16, 18]",,,69,0,15,ordinary,9,full_coverage_and_all_discovered_cleared,79,5058.881452,,0.13317462499253452
29,0,True,clustered__iid__69,clustered__iid,15,15,15,116,0.03722100000000239,15,0,0,,0,99,cov_mean9,[],22441.579759503606,0,0.0,342.48773006666664,"[2, 3, 4, 5, 6, 7, 8, 9, 10, 11, 12, 13, 14, 16, 18]",,,69,0,15,ordinary,9,full_coverage_and_all_discovered_cleared,79,5137.315951,,0.03726670803735033
23,0,True,clustered__iid__69,clustered__iid,6,18,15,113,0.029341000000002282,15,9,12,,0,93,cov_trial80_9,[],22154.407261888904,0,0.0,337.25876346666666,"[2, 3, 4, 5, 6, 7, 8, 9, 10, 11, 12, 13, 14, 16, 18]",,,69,0,15,ordinary,9,full_coverage_and_all_discovered_cleared,79,5058.881452,,0.02938675001496449
24,0,True,clustered__iid__69,clustered__iid,5,19,15,115,0.02980399999999861,15,10,14,,0,94,cov_robust80_9,[],22347.978670101704,0,0.0,340.3730488666667,"[2, 3, 4, 5, 6, 7, 8, 9, 10, 11, 12, 13, 14, 16, 18]",,,69,0,15,ordinary,9,full_coverage_and_all_discovered_cleared,79,5105.595733,,0.029856584034860134
21,0,True,clustered__iid__69,clustered__iid,5,17,15,103,0.02804700000000082,15,10,12,,0,84,cov_dynamic80_9,[],20746.876821319438,0,0.0,314.7583576,"[2, 3, 4, 5, 6, 7, 8, 9, 10, 11, 12, 13, 14, 16, 18]",,,69,0,15,ordinary,9,full_coverage_and_all_discovered_cleared,71,4721.375364,,0.02807516697794199
1,0,True,clustered__iid__69,clustered__iid,6,16,15,151,0.022638000000000602,15,9,10,,0,133,cov_opportunistic80_9,[],12192.202428917342,0,0.0,220.42936573333333,"[2, 3, 4, 5, 6, 7, 8, 9, 10, 11, 12, 13, 14, 16, 18]",,,69,11,15,ordinary,9,full_coverage_and_all_discovered_cleared,125,3306.440486,,0.02266158297425136
1,0,True,clustered__iid__69,clustered__iid,9,16,15,175,0.028442999999995777,15,6,7,,0,157,cov_deferred80_9,[],12957.822506168799,0,0.0,240.17096693333332,"[2, 3, 4, 5, 6, 7, 8, 9, 10, 11, 12, 13, 14, 16, 18]",,,69,24,15,ordinary,9,full_coverage_and_all_discovered_cleared,148,3602.564504,,0.028485957998782396
21,0,True,clustered__iid__69,clustered__iid,6,17,15,99,0.027541999999996847,15,9,11,,0,80,cov_trial80_7,[],20838.562824792807,0,0.0,314.514171,"[2, 3, 4, 5, 6, 7, 8, 9, 10, 11, 12, 13, 14, 16, 18]",,,69,0,15,ordinary,7,full_coverage_and_all_discovered_cleared,69,4717.712565,,0.027574500010814518
22,0,True,clustered__iid__69,clustered__iid,5,18,15,101,0.02813000000000443,15,10,13,,0,81,cov_robust80_7,[],21031.50794774327,0,0.0,317.6201059333333,"[2, 3, 4, 5, 6, 7, 8, 9, 10, 11, 12, 13, 14, 16, 18]",,,69,0,15,ordinary,7,full_coverage_and_all_discovered_cleared,69,4764.301589,,0.028151333972346038
19,0,True,clustered__iid__70,clustered__iid,10,10,10,144,0.15028499999999667,10,,,,0,132,baseline_peer9,[],18506.95903610009,0,0.0,452.8391808,"[2, 3, 5, 10, 11, 13, 15, 16, 19, 20]",,,70,,10,ordinary,9,full_coverage_and_all_discovered_cleared,117,4528.391808,,0.15066704200580716
17,0,True,clustered__iid__70,clustered__iid,10,10,10,121,0.13977699999999516,10,,,,0,109,baseline_ring7,[],16896.336456508714,0,0.0,407.12672910000003,"[2, 3, 5, 10, 11, 13, 15, 16, 19, 20]",,,70,,10,ordinary,7,full_coverage_and_all_discovered_cleared,97,4071.267291,,0.13991570798680186
17,0,True,clustered__iid__70,clustered__iid,10,10,10,148,0.13551100000000815,10,,,,0,136,dynamic_greedy9,[],16496.489522132735,0,0.0,415.1297905,"[2, 3, 5, 10, 11, 13, 15, 16, 19, 20]",0.0001977919600903988,9,70,,10,ordinary,9,full_coverage_and_all_discovered_cleared,122,4151.297905,"[0, 3, 2, 1, 8, 7, 6, 5, 4]",0.1356418330105953
17,0,True,clustered__iid__70,clustered__iid,10,10,10,148,0.13634799999999814,10,,,,0,136,dynamic_two_opt9,[],16496.489522132735,0,0.0,415.1297905,"[2, 3, 5, 10, 11, 13, 15, 16, 19, 20]",0.0002530830097384751,9,70,,10,ordinary,9,full_coverage_and_all_discovered_cleared,122,4151.297905,"[0, 3, 2, 1, 8, 7, 6, 5, 4]",0.13645824999548495
3,0,True,clustered__iid__70,clustered__iid,10,10,10,181,0.05776699999999835,10,0,0,,0,169,deferred9,[],14046.193399891343,0,0.0,386.52386820000004,"[2, 3, 5, 10, 11, 13, 15, 16, 19, 20]",,,70,14,10,ordinary,9,full_coverage_and_all_discovered_cleared,161,3865.238682,,0.05934912501834333
3,0,True,clustered__iid__70,clustered__iid,10,10,10,181,0.051742000000004396,10,0,0,,0,169,opportunistic200_9,[],14239.371342605036,0,0.0,390.387427,"[2, 3, 5, 10, 11, 13, 15, 16, 19, 20]",,,70,12,10,ordinary,9,full_coverage_and_all_discovered_cleared,161,3903.87427,,0.051760667003691196
3,0,True,clustered__iid__70,clustered__iid,10,10,10,181,0.05209700000000339,10,0,0,,0,169,opportunistic600_9,[],12958.940867547368,0,0.0,364.7788174,"[2, 3, 5, 10, 11, 13, 15, 16, 19, 20]",,,70,5,10,ordinary,9,full_coverage_and_all_discovered_cleared,161,3647.788174,,0.0521695829811506
17,0,True,clustered__iid__70,clustered__iid,6,14,10,146,0.09360300000000166,10,4,8,,0,130,trial80_9,[],18516.681196127523,0,0.0,453.2336238,"[2, 3, 5, 10, 11, 13, 15, 16, 19, 20]",,,70,0,10,ordinary,9,full_coverage_and_all_discovered_cleared,117,4532.336238,,0.09372183302184567
19,0,True,clustered__iid__70,clustered__iid,10,10,10,144,0.026203000000009524,10,0,0,,0,132,cov_mean9,[],18938.611925434783,0,0.0,461.4722387,"[2, 3, 5, 10, 11, 13, 15, 16, 19, 20]",,,70,0,10,ordinary,9,full_coverage_and_all_discovered_cleared,117,4614.722387,,0.026217500038910657
17,0,True,clustered__iid__70,clustered__iid,6,14,10,146,0.021766999999996983,10,4,8,,0,130,cov_trial80_9,[],18926.90651801546,0,0.0,461.4381303,"[2, 3, 5, 10, 11, 13, 15, 16, 19, 20]",,,70,0,10,ordinary,9,full_coverage_and_all_discovered_cleared,117,4614.381303,,0.021770666993688792
18,0,True,clustered__iid__70,clustered__iid,6,15,10,148,0.022164000000003625,10,4,9,,0,131,cov_robust80_9,[],19019.124935219086,0,0.0,464.0824987,"[2, 3, 5, 10, 11, 13, 15, 16, 19, 20]",,,70,0,10,ordinary,9,full_coverage_and_all_discovered_cleared,117,4640.824987,,0.022195708006620407
14,0,True,clustered__iid__70,clustered__iid,6,12,10,147,0.02046699999999646,10,4,6,,0,133,cov_dynamic80_9,[],16899.69458925175,0,0.0,422.2938919,"[2, 3, 5, 10, 11, 13, 15, 16, 19, 20]",,,70,0,10,ordinary,9,full_coverage_and_all_discovered_cleared,122,4222.938919,,0.020490124996285886
2,0,True,clustered__iid__70,clustered__iid,6,11,10,176,0.017966999999998734,10,4,5,,0,163,cov_opportunistic80_9,[],11657.61193980419,0,0.0,335.4522389,"[2, 3, 5, 10, 11, 13, 15, 16, 19, 20]",,,70,4,10,ordinary,9,full_coverage_and_all_discovered_cleared,155,3354.522389,,0.017978458025027066
1,0,True,clustered__iid__70,clustered__iid,8,10,10,179,0.020318000000003167,10,2,2,,0,167,cov_deferred80_9,[],13984.548996588212,0,0.0,384.09098009999997,"[2, 3, 5, 10, 11, 13, 15, 16, 19, 20]",,,70,14,10,ordinary,9,full_coverage_and_all_discovered_cleared,159,3840.909801,,0.020331834035459906
14,0,True,clustered__iid__70,clustered__iid,6,12,10,120,0.01968300000000056,10,4,6,,0,106,cov_trial80_7,[],17268.694896862125,0,0.0,413.6738979,"[2, 3, 5, 10, 11, 13, 15, 16, 19, 20]",,,70,0,10,ordinary,7,full_coverage_and_all_discovered_cleared,97,4136.738979,,0.019701541983522475
15,0,True,clustered__iid__70,clustered__iid,6,13,10,122,0.019992999999999483,10,4,7,,0,107,cov_robust80_7,[],17361.700201789878,0,0.0,416.3340041,"[2, 3, 5, 10, 11, 13, 15, 16, 19, 20]",,,70,0,10,ordinary,7,full_coverage_and_all_discovered_cleared,97,4163.340041,,0.020022999960929155
20,0,True,clustered__iid__71,clustered__iid,12,12,12,143,0.15627100000000382,12,,,,0,129,baseline_peer9,[],18931.813563459877,0,0.0,383.7802260833334,"[1, 2, 4, 5, 7, 9, 10, 13, 17, 18, 19, 20]",,,71,,12,ordinary,9,full_coverage_and_all_discovered_cleared,114,4605.362713,,0.1564383750082925
21,0,True,clustered__iid__71,clustered__iid,12,12,12,123,0.20218799999999248,12,,,,0,109,baseline_ring7,[],17958.685592463436,0,0.0,357.72809325000003,"[1, 2, 4, 5, 7, 9, 10, 13, 17, 18, 19, 20]",,,71,,12,ordinary,7,full_coverage_and_all_discovered_cleared,96,4292.737119,,0.21323537500575185
20,0,True,clustered__iid__71,clustered__iid,12,12,12,143,0.16671700000000556,12,,,,0,129,dynamic_greedy9,[],18931.813563459877,0,0.0,383.7802260833334,"[1, 2, 4, 5, 7, 9, 10, 13, 17, 18, 19, 20]",0.00024733401369303465,9,71,,12,ordinary,9,full_coverage_and_all_discovered_cleared,114,4605.362713,"[0, 1, 2, 3, 4, 5, 6, 7, 8]",0.16890841600252315
20,0,True,clustered__iid__71,clustered__iid,12,12,12,143,0.16036499999999876,12,,,,0,129,dynamic_two_opt9,[],18931.813563459877,0,0.0,383.7802260833334,"[1, 2, 4, 5, 7, 9, 10, 13, 17, 18, 19, 20]",0.000276543025393039,9,71,,12,ordinary,9,full_coverage_and_all_discovered_cleared,114,4605.362713,"[0, 1, 2, 3, 4, 5, 6, 7, 8]",0.16100704099517316
9,0,True,clustered__iid__71,clustered__iid,12,12,12,187,0.11241700000000776,12,0,0,,0,173,deferred9,[],13670.808652005238,0,0.0,318.5134775833333,"[1, 2, 4, 5, 7, 9, 10, 13, 17, 18, 19, 20]",,,71,16,12,ordinary,9,full_coverage_and_all_discovered_cleared,163,3822.161731,,0.11261050001485273
9,0,True,clustered__iid__71,clustered__iid,12,12,12,187,0.11231999999999687,12,0,0,,0,173,opportunistic200_9,[],13672.960543142353,0,0.0,318.5493425,"[1, 2, 4, 5, 7, 9, 10, 13, 17, 18, 19, 20]",,,71,10,12,ordinary,9,full_coverage_and_all_discovered_cleared,163,3822.59211,,0.11252829199656844
9,0,True,clustered__iid__71,clustered__iid,12,12,12,187,0.11151000000000977,12,0,0,,0,173,opportunistic600_9,[],13672.960543142353,0,0.0,318.5493425,"[1, 2, 4, 5, 7, 9, 10, 13, 17, 18, 19, 20]",,,71,10,12,ordinary,9,full_coverage_and_all_discovered_cleared,163,3822.59211,,0.11166033300105482
17,0,True,clustered__iid__71,clustered__iid,8,13,12,141,0.12560799999999972,12,4,5,,0,126,trial80_9,[],18911.97875608124,0,0.0,382.4496458333333,"[1, 2, 4, 5, 7, 9, 10, 13, 17, 18, 19, 20]",,,71,0,12,ordinary,9,full_coverage_and_all_discovered_cleared,114,4589.39575,,0.12960395897971466
20,0,True,clustered__iid__71,clustered__iid,12,12,12,143,0.029588000000003944,12,0,0,,0,129,cov_mean9,[],18931.813563459877,0,0.0,383.7802260833334,"[1, 2, 4, 5, 7, 9, 10, 13, 17, 18, 19, 20]",,,71,0,12,ordinary,9,full_coverage_and_all_discovered_cleared,114,4605.362713,,0.029707333946134895
17,0,True,clustered__iid__71,clustered__iid,8,13,12,141,0.025643999999999778,12,4,5,,0,126,cov_trial80_9,[],18911.97875608124,0,0.0,382.4496458333333,"[1, 2, 4, 5, 7, 9, 10, 13, 17, 18, 19, 20]",,,71,0,12,ordinary,9,full_coverage_and_all_discovered_cleared,114,4589.39575,,0.025671540992334485
19,0,True,clustered__iid__71,clustered__iid,7,15,12,145,0.026364999999998417,12,5,8,,0,128,cov_robust80_9,[],19772.307999761626,0,0.0,398.12179999999995,"[1, 2, 4, 5, 7, 9, 10, 13, 17, 18, 19, 20]",,,71,0,12,ordinary,9,full_coverage_and_all_discovered_cleared,114,4777.4616,,0.02640025003347546
17,0,True,clustered__iid__71,clustered__iid,8,13,12,141,0.025766000000004396,12,4,5,,0,126,cov_dynamic80_9,[],18911.97875608124,0,0.0,382.4496458333333,"[1, 2, 4, 5, 7, 9, 10, 13, 17, 18, 19, 20]",,,71,0,12,ordinary,9,full_coverage_and_all_discovered_cleared,114,4589.39575,,0.02585079101845622
7,0,True,clustered__iid__71,clustered__iid,6,16,12,164,0.02175499999999886,12,6,10,,0,146,cov_opportunistic80_9,[],13307.546999999335,0,0.0,300.12578341666665,"[1, 2, 4, 5, 7, 9, 10, 13, 17, 18, 19, 20]",,,71,0,12,ordinary,9,full_coverage_and_all_discovered_cleared,138,3601.509401,,0.021825874981004745
7,0,True,clustered__iid__71,clustered__iid,9,16,12,189,0.026526000000004046,12,3,7,,0,171,cov_deferred80_9,[],13571.535801752194,0,0.0,316.77559683333334,"[1, 2, 4, 5, 7, 9, 10, 13, 17, 18, 19, 20]",,,71,16,12,ordinary,9,full_coverage_and_all_discovered_cleared,160,3801.307162,,0.026541374973021448
19,0,True,clustered__iid__71,clustered__iid,8,14,12,123,0.026174999999994952,12,4,6,,0,107,cov_trial80_7,[],17986.698392508588,0,0.0,357.86163991666666,"[1, 2, 4, 5, 7, 9, 10, 13, 17, 18, 19, 20]",,,71,0,12,ordinary,7,full_coverage_and_all_discovered_cleared,96,4294.339679,,0.026188458024989814
21,0,True,clustered__iid__71,clustered__iid,7,16,12,127,0.02677500000000066,12,5,9,,0,109,cov_robust80_7,[],18655.24822337503,0,0.0,370.3374704166667,"[1, 2, 4, 5, 7, 9, 10, 13, 17, 18, 19, 20]",,,71,0,12,ordinary,7,full_coverage_and_all_discovered_cleared,96,4444.049645,,0.02680095797404647
20,0,True,clustered__smooth__67,clustered__smooth,10,10,10,138,0.16599399999999775,10,,,,0,126,baseline_peer9,[],17787.472040044086,0,0.0,434.6494408,"[4, 5, 7, 8, 9, 10, 14, 15, 18, 19]",,,67,,10,ordinary,9,full_coverage_and_all_discovered_cleared,109,4346.494408,,0.1661537089967169
19,0,True,clustered__smooth__67,clustered__smooth,10,10,10,117,0.16369799999999657,10,,,,0,105,baseline_ring7,[],16554.55014292913,0,0.0,397.6910028,"[4, 5, 7, 8, 9, 10, 14, 15, 18, 19]",,,67,,10,ordinary,7,full_coverage_and_all_discovered_cleared,91,3976.910028,,0.16452416602987796
19,0,True,clustered__smooth__67,clustered__smooth,10,10,10,140,0.15841599999998834,10,,,,0,128,dynamic_greedy9,[],16491.588840311637,0,0.0,410.0317769,"[4, 5, 7, 8, 9, 10, 14, 15, 18, 19]",0.00021503999596461654,9,67,,10,ordinary,9,full_coverage_and_all_discovered_cleared,112,4100.317769,"[0, 5, 4, 3, 2, 1, 8, 7, 6]",0.15866379102226347
19,0,True,clustered__smooth__67,clustered__smooth,10,10,10,140,0.1736410000000035,10,,,,0,128,dynamic_two_opt9,[],16491.588840311637,0,0.0,410.0317769,"[4, 5, 7, 8, 9, 10, 14, 15, 18, 19]",0.00028220698004588485,9,67,,10,ordinary,9,full_coverage_and_all_discovered_cleared,112,4100.317769,"[0, 5, 4, 3, 2, 1, 8, 7, 6]",0.17619158298475668
2,0,True,clustered__smooth__67,clustered__smooth,10,10,10,157,0.04448499999999456,10,0,0,,0,145,deferred9,[],13005.262146574009,0,0.0,351.3052431,"[4, 5, 7, 8, 9, 10, 14, 15, 18, 19]",,,67,37,10,ordinary,9,full_coverage_and_all_discovered_cleared,137,3513.052431,,0.044818750000558794
2,0,True,clustered__smooth__67,clustered__smooth,10,10,10,157,0.044527000000002204,10,0,0,,0,145,opportunistic200_9,[],13005.262146574009,0,0.0,351.3052431,"[4, 5, 7, 8, 9, 10, 14, 15, 18, 19]",,,67,37,10,ordinary,9,full_coverage_and_all_discovered_cleared,137,3513.052431,,0.0447331250179559
2,0,True,clustered__smooth__67,clustered__smooth,10,10,10,157,0.04382699999999318,10,0,0,,0,145,opportunistic600_9,[],13005.262146574009,0,0.0,351.3052431,"[4, 5, 7, 8, 9, 10, 14, 15, 18, 19]",,,67,37,10,ordinary,9,full_coverage_and_all_discovered_cleared,137,3513.052431,,0.04406137496698648
13,0,True,clustered__smooth__67,clustered__smooth,3,13,10,134,0.07570800000000588,10,7,10,,0,119,trial80_9,[],17619.26271837431,0,0.0,428.68525470000003,"[4, 5, 7, 8, 9, 10, 14, 15, 18, 19]",,,67,0,10,ordinary,9,full_coverage_and_all_discovered_cleared,109,4286.852547,,0.07612295798026025
20,0,True,clustered__smooth__67,clustered__smooth,10,10,10,138,0.03052499999999725,10,0,0,,0,126,cov_mean9,[],17556.076369214356,0,0.0,430.0215274,"[4, 5, 7, 8, 9, 10, 14, 15, 18, 19]",,,67,0,10,ordinary,9,full_coverage_and_all_discovered_cleared,109,4300.215274,,0.031185375002678484
13,0,True,clustered__smooth__67,clustered__smooth,3,13,10,134,0.019355000000004452,10,7,10,,0,119,cov_trial80_9,[],17337.14670555702,0,0.0,423.04293429999996,"[4, 5, 7, 8, 9, 10, 14, 15, 18, 19]",,,67,0,10,ordinary,9,full_coverage_and_all_discovered_cleared,109,4230.429343,,0.019506916985847056
13,0,True,clustered__smooth__67,clustered__smooth,3,13,10,134,0.018514000000010356,10,7,10,,0,119,cov_robust80_9,[],17619.26271837431,0,0.0,428.68525470000003,"[4, 5, 7, 8, 9, 10, 14, 15, 18, 19]",,,67,0,10,ordinary,9,full_coverage_and_all_discovered_cleared,109,4286.852547,,0.018542125006206334
12,0,True,clustered__smooth__67,clustered__smooth,3,12,10,135,0.019109000000000265,10,7,9,,0,121,cov_dynamic80_9,[],16089.642966267844,0,0.0,399.0928596,"[4, 5, 7, 8, 9, 10, 14, 15, 18, 19]",,,67,0,10,ordinary,9,full_coverage_and_all_discovered_cleared,112,3990.928596,,0.01917658298043534
0,0,True,clustered__smooth__67,clustered__smooth,8,10,10,155,0.018131000000011,10,2,2,,0,143,cov_opportunistic80_9,[],12952.805992570678,0,0.0,349.0561199,"[4, 5, 7, 8, 9, 10, 14, 15, 18, 19]",,,67,37,10,ordinary,9,full_coverage_and_all_discovered_cleared,135,3490.561199,,0.01814620802178979
0,0,True,clustered__smooth__67,clustered__smooth,8,10,10,155,0.01842800000000011,10,2,2,,0,143,cov_deferred80_9,[],12952.805992570678,0,0.0,349.0561199,"[4, 5, 7, 8, 9, 10, 14, 15, 18, 19]",,,67,37,10,ordinary,9,full_coverage_and_all_discovered_cleared,135,3490.561199,,0.01846250001108274
12,0,True,clustered__smooth__67,clustered__smooth,3,12,10,112,0.018129000000001838,10,7,9,,0,98,cov_trial80_7,[],16148.845980408212,0,0.0,386.6769196,"[4, 5, 7, 8, 9, 10, 14, 15, 18, 19]",,,67,0,10,ordinary,7,full_coverage_and_all_discovered_cleared,91,3866.769196,,0.018185583990998566
12,0,True,clustered__smooth__67,clustered__smooth,3,12,10,112,0.01795700000000977,10,7,9,,0,98,cov_robust80_7,[],16430.962793194703,0,0.0,392.319256,"[4, 5, 7, 8, 9, 10, 14, 15, 18, 19]",,,67,0,10,ordinary,7,full_coverage_and_all_discovered_cleared,91,3923.19256,,0.017974291986320168
20,0,True,clustered__smooth__68,clustered__smooth,15,15,15,158,0.15906900000000235,15,,,,0,141,baseline_peer9,[],18477.222919833035,0,0.0,307.02963900000003,"[2, 4, 5, 6, 8, 9, 11, 12, 13, 14, 15, 16, 17, 19, 20]",,,68,,15,ordinary,9,full_coverage_and_all_discovered_cleared,130,4605.444585,,0.15923854196444154
25,0,True,clustered__smooth__68,clustered__smooth,15,15,15,137,0.20531400000000133,15,,,,0,120,baseline_ring7,[],18641.016933227915,0,0.0,300.54689246666663,"[2, 4, 5, 6, 8, 9, 11, 12, 13, 14, 15, 16, 17, 19, 20]",,,68,,15,ordinary,7,full_coverage_and_all_discovered_cleared,105,4508.203387,,0.20554483297746629
24,0,True,clustered__smooth__68,clustered__smooth,15,15,15,155,0.1957490000000064,15,,,,0,138,dynamic_greedy9,[],17233.449117170792,0,0.0,288.9126550666667,"[2, 4, 5, 6, 8, 9, 11, 12, 13, 14, 15, 16, 17, 19, 20]",0.00020054198103025556,9,68,,15,ordinary,9,full_coverage_and_all_discovered_cleared,122,4333.689826,"[0, 5, 4, 3, 2, 1, 8, 7, 6]",0.1960205829818733
24,0,True,clustered__smooth__68,clustered__smooth,15,15,15,155,0.1947930000000042,15,,,,0,138,dynamic_two_opt9,[],17233.449117170792,0,0.0,288.9126550666667,"[2, 4, 5, 6, 8, 9, 11, 12, 13, 14, 15, 16, 17, 19, 20]",0.00026750005781650543,9,68,,15,ordinary,9,full_coverage_and_all_discovered_cleared,122,4333.689826,"[0, 5, 4, 3, 2, 1, 8, 7, 6]",0.19494283298263326
3,0,True,clustered__smooth__68,clustered__smooth,15,15,15,191,0.052642999999989115,15,0,0,,0,174,deferred9,[],12379.273436224872,0,0.0,239.05697913333333,"[2, 4, 5, 6, 8, 9, 11, 12, 13, 14, 15, 16, 17, 19, 20]",,,68,9,15,ordinary,9,full_coverage_and_all_discovered_cleared,165,3585.854687,,0.05269408400636166
3,0,True,clustered__smooth__68,clustered__smooth,15,15,15,191,0.05339500000000896,15,0,0,,0,174,opportunistic200_9,[],12379.273436224872,0,0.0,239.05697913333333,"[2, 4, 5, 6, 8, 9, 11, 12, 13, 14, 15, 16, 17, 19, 20]",,,68,9,15,ordinary,9,full_coverage_and_all_discovered_cleared,165,3585.854687,,0.05350708297919482
3,0,True,clustered__smooth__68,clustered__smooth,15,15,15,191,0.05318100000000925,15,0,0,,0,174,opportunistic600_9,[],12736.379588830963,0,0.0,243.81839446666666,"[2, 4, 5, 6, 8, 9, 11, 12, 13, 14, 15, 16, 17, 19, 20]",,,68,3,15,ordinary,9,full_coverage_and_all_discovered_cleared,165,3657.275917,,0.05321537499548867
17,0,True,clustered__smooth__68,clustered__smooth,12,16,15,156,0.11919199999999819,15,3,4,,0,138,trial80_9,[],18417.09128589822,0,0.0,305.4278838,"[2, 4, 5, 6, 8, 9, 11, 12, 13, 14, 15, 16, 17, 19, 20]",,,68,0,15,ordinary,9,full_coverage_and_all_discovered_cleared,130,4581.418257,,0.11931633303174749
21,0,True,clustered__smooth__68,clustered__smooth,15,15,15,159,0.03089400000000353,15,0,0,,0,142,cov_mean9,[],18611.664045224115,0,0.0,309.15552066666663,"[2, 4, 5, 6, 8, 9, 11, 12, 13, 14, 15, 16, 17, 19, 20]",,,68,0,15,ordinary,9,full_coverage_and_all_discovered_cleared,130,4637.33281,,0.030935874965507537
17,0,True,clustered__smooth__68,clustered__smooth,11,16,15,156,0.026544000000001233,15,4,5,,0,138,cov_trial80_9,[],18450.721700813636,0,0.0,305.8762893333333,"[2, 4, 5, 6, 8, 9, 11, 12, 13, 14, 15, 16, 17, 19, 20]",,,68,0,15,ordinary,9,full_coverage_and_all_discovered_cleared,130,4588.14434,,0.026576708012726158
18,0,True,clustered__smooth__68,clustered__smooth,12,17,15,158,0.026910999999998353,15,3,5,,0,139,cov_robust80_9,[],18806.759781305514,0,0.0,311.1567971333333,"[2, 4, 5, 6, 8, 9, 11, 12, 13, 14, 15, 16, 17, 19, 20]",,,68,0,15,ordinary,9,full_coverage_and_all_discovered_cleared,130,4667.351957,,0.02692966698668897
18,0,True,clustered__smooth__68,clustered__smooth,9,18,15,152,0.02630600000000527,15,6,9,,0,132,cov_dynamic80_9,[],17336.126554289734,0,0.0,288.88168740000003,"[2, 4, 5, 6, 8, 9, 11, 12, 13, 14, 15, 16, 17, 19, 20]",,,68,0,15,ordinary,9,full_coverage_and_all_discovered_cleared,122,4333.225311,,0.026307665975764394
0,0,True,clustered__smooth__68,clustered__smooth,10,15,15,186,0.025452999999998838,15,5,5,,0,169,cov_opportunistic80_9,[],12066.756726072977,0,0.0,232.89008973333333,"[2, 4, 5, 6, 8, 9, 11, 12, 13, 14, 15, 16, 17, 19, 20]",,,68,9,15,ordinary,9,full_coverage_and_all_discovered_cleared,160,3493.351346,,0.02567425003508106
0,0,True,clustered__smooth__68,clustered__smooth,12,15,15,188,0.025080000000002656,15,3,3,,0,171,cov_deferred80_9,[],12328.442216348287,0,0.0,237.17922959999999,"[2, 4, 5, 6, 8, 9, 11, 12, 13, 14, 15, 16, 17, 19, 20]",,,68,9,15,ordinary,9,full_coverage_and_all_discovered_cleared,162,3557.688444,,0.02511116600362584
22,0,True,clustered__smooth__68,clustered__smooth,9,19,15,138,0.029029999999991674,15,6,10,,0,117,cov_trial80_7,[],18685.613708442925,0,0.0,300.94151593333333,"[2, 4, 5, 6, 8, 9, 11, 12, 13, 14, 15, 16, 17, 19, 20]",,,68,0,15,ordinary,7,full_coverage_and_all_discovered_cleared,105,4514.122739,,0.029079374973662198
22,0,True,clustered__smooth__68,clustered__smooth,9,19,15,138,0.030096000000000345,15,6,10,,0,117,cov_robust80_7,[],18998.854097322313,0,0.0,305.11805466666664,"[2, 4, 5, 6, 8, 9, 11, 12, 13, 14, 15, 16, 17, 19, 20]",,,68,0,15,ordinary,7,full_coverage_and_all_discovered_cleared,105,4576.77082,,0.03051416703965515
29,0,True,clustered__smooth__69,clustered__smooth,15,15,15,116,0.22418399999999394,15,,,,0,99,baseline_peer9,[],23192.762254680234,0,0.0,352.5034968,"[2, 3, 4, 5, 6, 7, 8, 9, 10, 11, 12, 13, 14, 16, 18]",,,69,,15,ordinary,9,full_coverage_and_all_discovered_cleared,79,5287.552452,,0.22461654199287295
28,0,True,clustered__smooth__69,clustered__smooth,15,15,15,104,0.21800399999999343,15,,,,0,87,baseline_ring7,[],21842.978024953092,0,0.0,329.8397070666667,"[2, 3, 4, 5, 6, 7, 8, 9, 10, 11, 12, 13, 14, 16, 18]",,,69,,15,ordinary,7,full_coverage_and_all_discovered_cleared,69,4947.595606,,0.2184415420051664
29,0,True,clustered__smooth__69,clustered__smooth,15,15,15,112,0.22534899999999425,15,,,,0,95,dynamic_greedy9,[],20569.22759757231,0,0.0,315.856368,"[2, 3, 4, 5, 6, 7, 8, 9, 10, 11, 12, 13, 14, 16, 18]",0.00019670999608933926,9,69,,15,ordinary,9,full_coverage_and_all_discovered_cleared,74,4737.84552,"[0, 6, 5, 4, 3, 2, 1, 8, 7]",0.22581991698825732
29,0,True,clustered__smooth__69,clustered__smooth,15,15,15,112,0.22264599999999746,15,,,,0,95,dynamic_two_opt9,[],20569.22759757231,0,0.0,315.856368,"[2, 3, 4, 5, 6, 7, 8, 9, 10, 11, 12, 13, 14, 16, 18]",0.0002579579595476389,9,69,,15,ordinary,9,full_coverage_and_all_discovered_cleared,74,4737.84552,"[0, 6, 5, 4, 3, 2, 1, 8, 7]",0.22308045800309628
7,0,True,clustered__smooth__69,clustered__smooth,15,15,15,180,0.1033960000000036,15,0,0,,0,163,deferred9,[],13030.31010049131,0,0.0,243.33746806666667,"[2, 3, 4, 5, 6, 7, 8, 9, 10, 11, 12, 13, 14, 16, 18]",,,69,24,15,ordinary,9,full_coverage_and_all_discovered_cleared,154,3650.062021,,0.103555082983803
7,0,True,clustered__smooth__69,clustered__smooth,15,15,15,180,0.10378399999999033,15,0,0,,0,163,opportunistic200_9,[],13567.20923512896,0,0.0,250.4961232,"[2, 3, 4, 5, 6, 7, 8, 9, 10, 11, 12, 13, 14, 16, 18]",,,69,17,15,ordinary,9,full_coverage_and_all_discovered_cleared,154,3757.441848,,0.10397691698744893
7,0,True,clustered__smooth__69,clustered__smooth,15,15,15,180,0.10479899999999986,15,0,0,,0,163,opportunistic600_9,[],14521.213596186544,0,0.0,263.21618126666664,"[2, 3, 4, 5, 6, 7, 8, 9, 10, 11, 12, 13, 14, 16, 18]",,,69,2,15,ordinary,9,full_coverage_and_all_discovered_cleared,154,3948.242719,,0.10521358298137784
26,0,True,clustered__smooth__69,clustered__smooth,9,22,15,120,0.1269759999999991,15,6,13,,0,96,trial80_9,[],23099.496588292637,0,0.0,351.65995473333334,"[2, 3, 4, 5, 6, 7, 8, 9, 10, 11, 12, 13, 14, 16, 18]",,,69,0,15,ordinary,9,full_coverage_and_all_discovered_cleared,79,5274.899321,,0.12715945800300688
29,0,True,clustered__smooth__69,clustered__smooth,15,15,15,116,0.03722499999999229,15,0,0,,0,99,cov_mean9,[],22973.95563791226,0,0.0,349.5860752666667,"[2, 3, 4, 5, 6, 7, 8, 9, 10, 11, 12, 13, 14, 16, 18]",,,69,0,15,ordinary,9,full_coverage_and_all_discovered_cleared,79,5243.791129,,0.03727037500357255
26,0,True,clustered__smooth__69,clustered__smooth,9,22,15,120,0.03075699999999415,15,6,13,,0,96,cov_trial80_9,[],22699.79864502439,0,0.0,346.33064886666665,"[2, 3, 4, 5, 6, 7, 8, 9, 10, 11, 12, 13, 14, 16, 18]",,,69,0,15,ordinary,9,full_coverage_and_all_discovered_cleared,79,5194.959733,,0.030795708997175097
26,0,True,clustered__smooth__69,clustered__smooth,8,22,15,120,0.0305230000000023,15,7,14,,0,96,cov_robust80_9,[],23137.29408861431,0,0.0,352.16392133333335,"[2, 3, 4, 5, 6, 7, 8, 9, 10, 11, 12, 13, 14, 16, 18]",,,69,0,15,ordinary,9,full_coverage_and_all_discovered_cleared,79,5282.45882,,0.030560792016331106
24,0,True,clustered__smooth__69,clustered__smooth,8,21,15,113,0.02896599999999694,15,7,13,,0,90,cov_dynamic80_9,[],20447.92842243632,0,0.0,313.77237913333335,"[2, 3, 4, 5, 6, 7, 8, 9, 10, 11, 12, 13, 14, 16, 18]",,,69,0,15,ordinary,9,full_coverage_and_all_discovered_cleared,74,4706.585687,,0.028981624986045063
3,0,True,clustered__smooth__69,clustered__smooth,8,18,15,158,0.02435599999999738,15,7,10,,0,138,cov_opportunistic80_9,[],12181.697767628059,0,0.0,222.75597033333332,"[2, 3, 4, 5, 6, 7, 8, 9, 10, 11, 12, 13, 14, 16, 18]",,,69,8,15,ordinary,9,full_coverage_and_all_discovered_cleared,131,3341.339555,,0.02438925002934411
2,0,True,clustered__smooth__69,clustered__smooth,10,17,15,177,0.028652000000008115,15,5,7,,0,158,cov_deferred80_9,[],12906.794774000376,0,0.0,240.09059706666667,"[2, 3, 4, 5, 6, 7, 8, 9, 10, 11, 12, 13, 14, 16, 18]",,,69,24,15,ordinary,9,full_coverage_and_all_discovered_cleared,149,3601.358956,,0.02868320798734203
24,0,True,clustered__smooth__69,clustered__smooth,9,21,15,106,0.029082000000002495,15,6,12,,0,83,cov_trial80_7,[],21335.618851880077,0,0.0,322.9415848,"[2, 3, 4, 5, 6, 7, 8, 9, 10, 11, 12, 13, 14, 16, 18]",,,69,0,15,ordinary,7,full_coverage_and_all_discovered_cleared,69,4844.123772,,0.02911649999441579
24,0,True,clustered__smooth__69,clustered__smooth,8,21,15,106,0.02886800000000278,15,7,13,,0,83,cov_robust80_7,[],21778.21776847599,0,0.0,328.84290366666664,"[2, 3, 4, 5, 6, 7, 8, 9, 10, 11, 12, 13, 14, 16, 18]",,,69,0,15,ordinary,7,full_coverage_and_all_discovered_cleared,69,4932.643555,,0.02890512498561293
19,0,True,clustered__smooth__70,clustered__smooth,10,10,10,144,0.15133299999999394,10,,,,0,132,baseline_peer9,[],18471.81075649978,0,0.0,452.1362153,"[2, 3, 5, 10, 11, 13, 15, 16, 19, 20]",,,70,,10,ordinary,9,full_coverage_and_all_discovered_cleared,117,4521.362153,,0.1514737500110641
17,0,True,clustered__smooth__70,clustered__smooth,10,10,10,121,0.14069600000000548,10,,,,0,109,baseline_ring7,[],16901.020200829313,0,0.0,407.2204041,"[2, 3, 5, 10, 11, 13, 15, 16, 19, 20]",,,70,,10,ordinary,7,full_coverage_and_all_discovered_cleared,97,4072.204041,,0.14089570904616266
17,0,True,clustered__smooth__70,clustered__smooth,10,10,10,148,0.1380049999999926,10,,,,0,136,dynamic_greedy9,[],16532.285635449898,0,0.0,415.8457126,"[2, 3, 5, 10, 11, 13, 15, 16, 19, 20]",0.00020591687643900514,9,70,,10,ordinary,9,full_coverage_and_all_discovered_cleared,122,4158.457126,"[0, 3, 2, 1, 8, 7, 6, 5, 4]",0.13815433299168944
17,0,True,clustered__smooth__70,clustered__smooth,10,10,10,148,0.13820100000000934,10,,,,0,136,dynamic_two_opt9,[],16532.285635449898,0,0.0,415.8457126,"[2, 3, 5, 10, 11, 13, 15, 16, 19, 20]",0.0002612090902402997,9,70,,10,ordinary,9,full_coverage_and_all_discovered_cleared,122,4158.457126,"[0, 3, 2, 1, 8, 7, 6, 5, 4]",0.1384738750057295
4,0,True,clustered__smooth__70,clustered__smooth,10,10,10,183,0.06513100000000804,10,0,0,,0,171,deferred9,[],14139.064544257373,0,0.0,389.5812908,"[2, 3, 5, 10, 11, 13, 15, 16, 19, 20]",,,70,13,10,ordinary,9,full_coverage_and_all_discovered_cleared,163,3895.812908,,0.06523879105225205
4,0,True,clustered__smooth__70,clustered__smooth,10,10,10,183,0.06355000000000643,10,0,0,,0,171,opportunistic200_9,[],14139.064544257373,0,0.0,389.5812908,"[2, 3, 5, 10, 11, 13, 15, 16, 19, 20]",,,70,13,10,ordinary,9,full_coverage_and_all_discovered_cleared,163,3895.812908,,0.06358537496998906
4,0,True,clustered__smooth__70,clustered__smooth,10,10,10,183,0.06383799999998985,10,0,0,,0,171,opportunistic600_9,[],13011.36047890957,0,0.0,367.02720949999997,"[2, 3, 5, 10, 11, 13, 15, 16, 19, 20]",,,70,5,10,ordinary,9,full_coverage_and_all_discovered_cleared,163,3670.272095,,0.06388875003904104
13,0,True,clustered__smooth__70,clustered__smooth,4,12,10,140,0.07618100000000538,10,6,8,,0,126,trial80_9,[],18405.02985671046,0,0.0,448.4005974,"[2, 3, 5, 10, 11, 13, 15, 16, 19, 20]",,,70,0,10,ordinary,9,full_coverage_and_all_discovered_cleared,117,4484.005974,,0.07624595798552036
19,0,True,clustered__smooth__70,clustered__smooth,10,10,10,144,0.02618400000000065,10,0,0,,0,132,cov_mean9,[],18910.531288156762,0,0.0,460.9106258,"[2, 3, 5, 10, 11, 13, 15, 16, 19, 20]",,,70,0,10,ordinary,9,full_coverage_and_all_discovered_cleared,117,4609.106258,,0.026204916008282453
13,0,True,clustered__smooth__70,clustered__smooth,4,12,10,140,0.01925299999999197,10,6,8,,0,126,cov_trial80_9,[],18850.24762698343,0,0.0,457.3049526,"[2, 3, 5, 10, 11, 13, 15, 16, 19, 20]",,,70,0,10,ordinary,9,full_coverage_and_all_discovered_cleared,117,4573.049526,,0.019262125017121434
13,0,True,clustered__smooth__70,clustered__smooth,3,12,10,140,0.018976000000009208,10,7,9,,0,126,cov_robust80_9,[],18873.90674359857,0,0.0,457.778135,"[2, 3, 5, 10, 11, 13, 15, 16, 19, 20]",,,70,0,10,ordinary,9,full_coverage_and_all_discovered_cleared,117,4577.78135,,0.019017415994312614
14,0,True,clustered__smooth__70,clustered__smooth,7,13,10,148,0.020055999999996743,10,3,6,,0,133,cov_dynamic80_9,[],16913.217739590073,0,0.0,422.8643548,"[2, 3, 5, 10, 11, 13, 15, 16, 19, 20]",,,70,0,10,ordinary,9,full_coverage_and_all_discovered_cleared,122,4228.643548,,0.020056541950907558
3,0,True,clustered__smooth__70,clustered__smooth,6,12,10,179,0.018802999999991243,10,4,6,,0,165,cov_opportunistic80_9,[],11633.753641337886,0,0.0,336.5750728,"[2, 3, 5, 10, 11, 13, 15, 16, 19, 20]",,,70,5,10,ordinary,9,full_coverage_and_all_discovered_cleared,158,3365.750728,,0.018848707957658917
1,0,True,clustered__smooth__70,clustered__smooth,7,10,10,180,0.02079500000000678,10,3,3,,0,168,cov_deferred80_9,[],13988.524785068515,0,0.0,384.7704959,"[2, 3, 5, 10, 11, 13, 15, 16, 19, 20]",,,70,13,10,ordinary,9,full_coverage_and_all_discovered_cleared,160,3847.704959,,0.020834334020037204
13,0,True,clustered__smooth__70,clustered__smooth,6,12,10,119,0.018626999999995064,10,4,6,,0,105,cov_trial80_7,[],17258.955034915194,0,0.0,412.9791007,"[2, 3, 5, 10, 11, 13, 15, 16, 19, 20]",,,70,0,10,ordinary,7,full_coverage_and_all_discovered_cleared,97,4129.791007,,0.018625832977704704
13,0,True,clustered__smooth__70,clustered__smooth,5,12,10,119,0.01879300000000228,10,5,7,,0,105,cov_robust80_7,[],17281.668729660934,0,0.0,413.43337460000004,"[2, 3, 5, 10, 11, 13, 15, 16, 19, 20]",,,70,0,10,ordinary,7,full_coverage_and_all_discovered_cleared,97,4134.333746,,0.01881949999369681
20,0,True,clustered__smooth__71,clustered__smooth,12,12,12,143,0.1550889999999896,12,,,,0,129,baseline_peer9,[],18969.20080834824,0,0.0,384.40334691666664,"[1, 2, 4, 5, 7, 9, 10, 13, 17, 18, 19, 20]",,,71,,12,ordinary,9,full_coverage_and_all_discovered_cleared,114,4612.840163,,0.15521570900455117
21,0,True,clustered__smooth__71,clustered__smooth,12,12,12,123,0.1673849999999959,12,,,,0,109,baseline_ring7,[],18022.660979868462,0,0.0,358.79434983333334,"[1, 2, 4, 5, 7, 9, 10, 13, 17, 18, 19, 20]",,,71,,12,ordinary,7,full_coverage_and_all_discovered_cleared,96,4305.532198,,0.16756537498440593
20,0,True,clustered__smooth__71,clustered__smooth,12,12,12,143,0.15543900000000122,12,,,,0,129,dynamic_greedy9,[],18969.20080834824,0,0.0,384.40334691666664,"[1, 2, 4, 5, 7, 9, 10, 13, 17, 18, 19, 20]",0.0001985838753171265,9,71,,12,ordinary,9,full_coverage_and_all_discovered_cleared,114,4612.840163,"[0, 1, 2, 3, 4, 5, 6, 7, 8]",0.15570850000949576
20,0,True,clustered__smooth__71,clustered__smooth,12,12,12,143,0.15579699999999264,12,,,,0,129,dynamic_two_opt9,[],18969.20080834824,0,0.0,384.40334691666664,"[1, 2, 4, 5, 7, 9, 10, 13, 17, 18, 19, 20]",0.0002713759313337505,9,71,,12,ordinary,9,full_coverage_and_all_discovered_cleared,114,4612.840163,"[0, 1, 2, 3, 4, 5, 6, 7, 8]",0.1560397080029361
7,0,True,clustered__smooth__71,clustered__smooth,12,12,12,175,0.08689400000000091,12,0,0,,0,161,deferred9,[],13717.063506568575,0,0.0,313.3677251666667,"[1, 2, 4, 5, 7, 9, 10, 13, 17, 18, 19, 20]",,,71,26,12,ordinary,9,full_coverage_and_all_discovered_cleared,152,3760.412702,,0.08696370897814631
7,0,True,clustered__smooth__71,clustered__smooth,12,12,12,175,0.08745900000000972,12,0,0,,0,161,opportunistic200_9,[],13717.063506568575,0,0.0,313.3677251666667,"[1, 2, 4, 5, 7, 9, 10, 13, 17, 18, 19, 20]",,,71,26,12,ordinary,9,full_coverage_and_all_discovered_cleared,152,3760.412702,,0.0875314170261845
7,0,True,clustered__smooth__71,clustered__smooth,12,12,12,175,0.08737899999999854,12,0,0,,0,161,opportunistic600_9,[],13717.063506568575,0,0.0,313.3677251666667,"[1, 2, 4, 5, 7, 9, 10, 13, 17, 18, 19, 20]",,,71,26,12,ordinary,9,full_coverage_and_all_discovered_cleared,152,3760.412702,,0.08746695797890425
19,0,True,clustered__smooth__71,clustered__smooth,9,15,12,145,0.11689499999999953,12,3,6,,0,128,trial80_9,[],19006.413721249337,0,0.0,385.3568956666666,"[1, 2, 4, 5, 7, 9, 10, 13, 17, 18, 19, 20]",,,71,0,12,ordinary,9,full_coverage_and_all_discovered_cleared,114,4624.282748,,0.1170471659861505
20,0,True,clustered__smooth__71,clustered__smooth,12,12,12,143,0.0284989999999965,12,0,0,,0,129,cov_mean9,[],18975.18086928097,0,0.0,384.50301458333337,"[1, 2, 4, 5, 7, 9, 10, 13, 17, 18, 19, 20]",,,71,0,12,ordinary,9,full_coverage_and_all_discovered_cleared,114,4614.036175,,0.028517916973214597
19,0,True,clustered__smooth__71,clustered__smooth,9,15,12,145,0.02585000000000548,12,3,6,,0,128,cov_trial80_9,[],19013.119262897657,0,0.0,385.4686546666667,"[1, 2, 4, 5, 7, 9, 10, 13, 17, 18, 19, 20]",,,71,0,12,ordinary,9,full_coverage_and_all_discovered_cleared,114,4625.623856,,0.02589862502645701
20,0,True,clustered__smooth__71,clustered__smooth,7,16,12,147,0.026258999999996036,12,4,8,,0,129,cov_robust80_9,[],19263.71800914592,0,0.0,390.31196700000004,"[1, 2, 4, 5, 7, 9, 10, 13, 17, 18, 19, 20]",,,71,0,12,ordinary,9,full_coverage_and_all_discovered_cleared,114,4683.743604,,0.026261208986397833
19,0,True,clustered__smooth__71,clustered__smooth,9,15,12,145,0.02573500000001161,12,3,6,,0,128,cov_dynamic80_9,[],19013.119262897657,0,0.0,385.4686546666667,"[1, 2, 4, 5, 7, 9, 10, 13, 17, 18, 19, 20]",,,71,0,12,ordinary,9,full_coverage_and_all_discovered_cleared,114,4625.623856,,0.02575725002679974
7,0,True,clustered__smooth__71,clustered__smooth,7,16,12,158,0.020332000000010453,12,5,9,,0,140,cov_opportunistic80_9,[],13363.779995342256,0,0.0,297.8963333333333,"[1, 2, 4, 5, 7, 9, 10, 13, 17, 18, 19, 20]",,,71,6,12,ordinary,9,full_coverage_and_all_discovered_cleared,130,3574.756,,0.020342250005342066
6,0,True,clustered__smooth__71,clustered__smooth,10,15,12,177,0.025082000000011817,12,2,5,,0,160,cov_deferred80_9,[],13632.360944505506,0,0.0,312.2060158333333,"[1, 2, 4, 5, 7, 9, 10, 13, 17, 18, 19, 20]",,,71,26,12,ordinary,9,full_coverage_and_all_discovered_cleared,151,3746.47219,,0.02512704103719443
20,0,True,clustered__smooth__71,clustered__smooth,9,16,12,126,0.025261000000000422,12,3,7,,0,108,cov_trial80_7,[],18061.89985197554,0,0.0,360.0316643333333,"[1, 2, 4, 5, 7, 9, 10, 13, 17, 18, 19, 20]",,,71,0,12,ordinary,7,full_coverage_and_all_discovered_cleared,96,4320.379972,,0.02528970898129046
21,0,True,clustered__smooth__71,clustered__smooth,7,17,12,128,0.025888000000009015,12,4,9,,0,109,cov_robust80_7,[],18315.70769020766,0,0.0,364.92846149999997,"[1, 2, 4, 5, 7, 9, 10, 13, 17, 18, 19, 20]",,,71,0,12,ordinary,7,full_coverage_and_all_discovered_cleared,96,4379.141538,,0.025939707993529737
20,0,True,clustered__adversarial-positive__67,clustered__adversarial-positive,10,10,10,138,0.16195899999999597,10,,,,0,126,baseline_peer9,[],17226.881708347653,0,0.0,423.43763390000004,"[4, 5, 7, 8, 9, 10, 14, 15, 18, 19]",,,67,,10,ordinary,9,full_coverage_and_all_discovered_cleared,109,4234.376339,,0.16228666598908603
19,0,True,clustered__adversarial-positive__67,clustered__adversarial-positive,10,10,10,117,0.15799699999999461,10,,,,0,105,baseline_ring7,[],15964.074504937938,0,0.0,385.8814898,"[4, 5, 7, 8, 9, 10, 14, 15, 18, 19]",,,67,,10,ordinary,7,full_coverage_and_all_discovered_cleared,91,3858.814898,,0.15814133401727304
20,0,True,clustered__adversarial-positive__67,clustered__adversarial-positive,10,10,10,138,0.16418600000000083,10,,,,0,126,dynamic_greedy9,[],17226.881708347653,0,0.0,423.43763390000004,"[4, 5, 7, 8, 9, 10, 14, 15, 18, 19]",0.0002052520285360515,9,67,,10,ordinary,9,full_coverage_and_all_discovered_cleared,109,4234.376339,"[0, 1, 2, 3, 4, 5, 6, 7, 8]",0.1645270410226658
20,0,True,clustered__adversarial-positive__67,clustered__adversarial-positive,10,10,10,138,0.16212500000000318,10,,,,0,126,dynamic_two_opt9,[],17226.881708347653,0,0.0,423.43763390000004,"[4, 5, 7, 8, 9, 10, 14, 15, 18, 19]",0.0002662088954821229,9,67,,10,ordinary,9,full_coverage_and_all_discovered_cleared,109,4234.376339,"[0, 1, 2, 3, 4, 5, 6, 7, 8]",0.1623348330031149
1,0,True,clustered__adversarial-positive__67,clustered__adversarial-positive,10,10,10,158,0.028199999999998226,10,0,0,,0,146,deferred9,[],12968.81357349561,0,0.0,351.17627170000003,"[4, 5, 7, 8, 9, 10, 14, 15, 18, 19]",,,67,35,10,ordinary,9,full_coverage_and_all_discovered_cleared,138,3511.762717,,0.028204958012793213
1,0,True,clustered__adversarial-positive__67,clustered__adversarial-positive,10,10,10,158,0.02802099999999541,10,0,0,,0,146,opportunistic200_9,[],12968.81357349561,0,0.0,351.17627170000003,"[4, 5, 7, 8, 9, 10, 14, 15, 18, 19]",,,67,35,10,ordinary,9,full_coverage_and_all_discovered_cleared,138,3511.762717,,0.028081208001822233
1,0,True,clustered__adversarial-positive__67,clustered__adversarial-positive,10,10,10,158,0.027737999999999374,10,0,0,,0,146,opportunistic600_9,[],13932.391309421833,0,0.0,370.4478264,"[4, 5, 7, 8, 9, 10, 14, 15, 18, 19]",,,67,25,10,ordinary,9,full_coverage_and_all_discovered_cleared,138,3704.478264,,0.027762583049479872
17,0,True,clustered__adversarial-positive__67,clustered__adversarial-positive,7,17,10,142,0.07155699999999854,10,3,10,,0,123,trial80_9,[],17083.266719347463,0,0.0,421.1653345,"[4, 5, 7, 8, 9, 10, 14, 15, 18, 19]",,,67,0,10,ordinary,9,full_coverage_and_all_discovered_cleared,109,4211.653345,,0.07161666598403826
20,0,True,clustered__adversarial-positive__67,clustered__adversarial-positive,10,10,10,138,0.02686799999999323,10,0,0,,0,126,cov_mean9,[],17579.120877074714,0,0.0,430.48241740000003,"[4, 5, 7, 8, 9, 10, 14, 15, 18, 19]",,,67,0,10,ordinary,9,full_coverage_and_all_discovered_cleared,109,4304.824174,,0.026900790981017053
17,0,True,clustered__adversarial-positive__67,clustered__adversarial-positive,7,17,10,142,0.0198830000000072,10,3,10,,0,123,cov_trial80_9,[],17390.453032973604,0,0.0,427.30906080000005,"[4, 5, 7, 8, 9, 10, 14, 15, 18, 19]",,,67,0,10,ordinary,9,full_coverage_and_all_discovered_cleared,109,4273.090608,,0.019891500007361174
17,0,True,clustered__adversarial-positive__67,clustered__adversarial-positive,7,17,10,142,0.019643000000002075,10,3,10,,0,123,cov_robust80_9,[],17390.453032973604,0,0.0,427.30906080000005,"[4, 5, 7, 8, 9, 10, 14, 15, 18, 19]",,,67,0,10,ordinary,9,full_coverage_and_all_discovered_cleared,109,4273.090608,,0.019660125020891428
17,0,True,clustered__adversarial-positive__67,clustered__adversarial-positive,7,17,10,142,0.024702000000004887,10,3,10,,0,123,cov_dynamic80_9,[],17390.453032973604,0,0.0,427.30906080000005,"[4, 5, 7, 8, 9, 10, 14, 15, 18, 19]",,,67,0,10,ordinary,9,full_coverage_and_all_discovered_cleared,109,4273.090608,,0.02608841605251655
0,0,True,clustered__adversarial-positive__67,clustered__adversarial-positive,9,10,10,157,0.01894500000000221,10,1,1,,0,145,cov_opportunistic80_9,[],12967.520407611228,0,0.0,350.55040840000004,"[4, 5, 7, 8, 9, 10, 14, 15, 18, 19]",,,67,35,10,ordinary,9,full_coverage_and_all_discovered_cleared,137,3505.504084,,0.01897141698282212
0,0,True,clustered__adversarial-positive__67,clustered__adversarial-positive,9,10,10,157,0.018484000000000833,10,1,1,,0,145,cov_deferred80_9,[],12967.520407611228,0,0.0,350.55040840000004,"[4, 5, 7, 8, 9, 10, 14, 15, 18, 19]",,,67,35,10,ordinary,9,full_coverage_and_all_discovered_cleared,137,3505.504084,,0.01848450000397861
17,0,True,clustered__adversarial-positive__67,clustered__adversarial-positive,8,17,10,122,0.019660999999999262,10,2,9,,0,103,cov_trial80_7,[],16166.750906696654,0,0.0,391.0350182,"[4, 5, 7, 8, 9, 10, 14, 15, 18, 19]",,,67,0,10,ordinary,7,full_coverage_and_all_discovered_cleared,91,3910.350182,,0.019671957998070866
17,0,True,clustered__adversarial-positive__67,clustered__adversarial-positive,8,17,10,122,0.019633999999996377,10,2,9,,0,103,cov_robust80_7,[],16166.750906696654,0,0.0,391.0350182,"[4, 5, 7, 8, 9, 10, 14, 15, 18, 19]",,,67,0,10,ordinary,7,full_coverage_and_all_discovered_cleared,91,3910.350182,,0.019660166988614947
21,0,True,clustered__adversarial-positive__68,clustered__adversarial-positive,15,15,15,159,0.17436099999999044,15,,,,0,142,baseline_peer9,[],19394.332703979024,0,0.0,319.5911028666667,"[2, 4, 5, 6, 8, 9, 11, 12, 13, 14, 15, 16, 17, 19, 20]",,,68,,15,ordinary,9,full_coverage_and_all_discovered_cleared,130,4793.866543,,0.17456529202172533
25,0,True,clustered__adversarial-positive__68,clustered__adversarial-positive,15,15,15,137,0.20743199999999717,15,,,,0,120,baseline_ring7,[],19504.56958652378,0,0.0,312.0609279333333,"[2, 4, 5, 6, 8, 9, 11, 12, 13, 14, 15, 16, 17, 19, 20]",,,68,,15,ordinary,7,full_coverage_and_all_discovered_cleared,105,4680.913919,,0.2076178330462426
25,0,True,clustered__adversarial-positive__68,clustered__adversarial-positive,15,15,15,156,0.21497700000000464,15,,,,0,139,dynamic_greedy9,[],18387.49411193578,0,0.0,304.63325499999996,"[2, 4, 5, 6, 8, 9, 11, 12, 13, 14, 15, 16, 17, 19, 20]",0.00019112706650048494,9,68,,15,ordinary,9,full_coverage_and_all_discovered_cleared,122,4569.498825,"[0, 5, 4, 3, 2, 1, 8, 7, 6]",0.21568858303362504
25,0,True,clustered__adversarial-positive__68,clustered__adversarial-positive,15,15,15,156,0.21008799999999894,15,,,,0,139,dynamic_two_opt9,[],18387.49411193578,0,0.0,304.63325499999996,"[2, 4, 5, 6, 8, 9, 11, 12, 13, 14, 15, 16, 17, 19, 20]",0.00026400008937343955,9,68,,15,ordinary,9,full_coverage_and_all_discovered_cleared,122,4569.498825,"[0, 5, 4, 3, 2, 1, 8, 7, 6]",0.21029537497088313
3,0,True,clustered__adversarial-positive__68,clustered__adversarial-positive,15,15,15,188,0.05135300000000598,15,0,0,,0,171,deferred9,[],12395.37026810419,0,0.0,238.0716036,"[2, 4, 5, 6, 8, 9, 11, 12, 13, 14, 15, 16, 17, 19, 20]",,,68,12,15,ordinary,9,full_coverage_and_all_discovered_cleared,162,3571.074054,,0.05139804200734943
3,0,True,clustered__adversarial-positive__68,clustered__adversarial-positive,15,15,15,188,0.050659000000010224,15,0,0,,0,171,opportunistic200_9,[],12240.439460660513,0,0.0,236.00585953333334,"[2, 4, 5, 6, 8, 9, 11, 12, 13, 14, 15, 16, 17, 19, 20]",,,68,11,15,ordinary,9,full_coverage_and_all_discovered_cleared,162,3540.087893,,0.05068541696527973
3,0,True,clustered__adversarial-positive__68,clustered__adversarial-positive,15,15,15,188,0.050700000000006185,15,0,0,,0,171,opportunistic600_9,[],12114.368993076678,0,0.0,234.32491993333332,"[2, 4, 5, 6, 8, 9, 11, 12, 13, 14, 15, 16, 17, 19, 20]",,,68,2,15,ordinary,9,full_coverage_and_all_discovered_cleared,162,3514.873799,,0.050725042005069554
19,0,True,clustered__adversarial-positive__68,clustered__adversarial-positive,13,18,15,160,0.12519100000000094,15,2,5,,0,140,trial80_9,[],19290.112356274978,0,0.0,318.1348314,"[2, 4, 5, 6, 8, 9, 11, 12, 13, 14, 15, 16, 17, 19, 20]",,,68,0,15,ordinary,9,full_coverage_and_all_discovered_cleared,130,4772.022471,,0.12531095795566216
21,0,True,clustered__adversarial-positive__68,clustered__adversarial-positive,15,15,15,159,0.03130600000000072,15,0,0,,0,142,cov_mean9,[],19492.73672042703,0,0.0,320.9031564,"[2, 4, 5, 6, 8, 9, 11, 12, 13, 14, 15, 16, 17, 19, 20]",,,68,0,15,ordinary,9,full_coverage_and_all_discovered_cleared,130,4813.547346,,0.0313435000134632
19,0,True,clustered__adversarial-positive__68,clustered__adversarial-positive,13,18,15,160,0.02718299999999374,15,2,5,,0,140,cov_trial80_9,[],19290.112356274978,0,0.0,318.1348314,"[2, 4, 5, 6, 8, 9, 11, 12, 13, 14, 15, 16, 17, 19, 20]",,,68,0,15,ordinary,9,full_coverage_and_all_discovered_cleared,130,4772.022471,,0.02723754197359085
18,0,True,clustered__adversarial-positive__68,clustered__adversarial-positive,12,17,15,158,0.02630600000000527,15,3,5,,0,139,cov_robust80_9,[],19286.458917418626,0,0.0,317.5527855333333,"[2, 4, 5, 6, 8, 9, 11, 12, 13, 14, 15, 16, 17, 19, 20]",,,68,0,15,ordinary,9,full_coverage_and_all_discovered_cleared,130,4763.291783,,0.02632258302764967
19,0,True,clustered__adversarial-positive__68,clustered__adversarial-positive,9,19,15,154,0.026619999999994093,15,6,10,,0,133,cov_dynamic80_9,[],18389.43913043753,0,0.0,303.4591885333333,"[2, 4, 5, 6, 8, 9, 11, 12, 13, 14, 15, 16, 17, 19, 20]",,,68,0,15,ordinary,9,full_coverage_and_all_discovered_cleared,122,4551.887828,,0.026623999990988523
6,0,True,clustered__adversarial-positive__68,clustered__adversarial-positive,15,20,15,194,0.025110999999995443,15,0,5,,0,172,cov_opportunistic80_9,[],12672.793219909992,0,0.0,243.10390966666668,"[2, 4, 5, 6, 8, 9, 11, 12, 13, 14, 15, 16, 17, 19, 20]",,,68,12,15,ordinary,9,full_coverage_and_all_discovered_cleared,162,3646.558645,,0.025123125000391155
3,0,True,clustered__adversarial-positive__68,clustered__adversarial-positive,15,18,15,191,0.024259000000000697,15,0,3,,0,171,cov_deferred80_9,[],12384.864242834987,0,0.0,238.53152319999998,"[2, 4, 5, 6, 8, 9, 11, 12, 13, 14, 15, 16, 17, 19, 20]",,,68,12,15,ordinary,9,full_coverage_and_all_discovered_cleared,162,3577.972848,,0.024287416017614305
21,0,True,clustered__adversarial-positive__68,clustered__adversarial-positive,11,21,15,139,0.026898000000002753,15,4,10,,0,116,cov_trial80_7,[],19355.670146173718,0,0.0,309.9422686,"[2, 4, 5, 6, 8, 9, 11, 12, 13, 14, 15, 16, 17, 19, 20]",,,68,0,15,ordinary,7,full_coverage_and_all_discovered_cleared,105,4649.134029,,0.02694612502818927
21,0,True,clustered__adversarial-positive__68,clustered__adversarial-positive,11,21,15,139,0.026224999999996612,15,4,10,,0,116,cov_robust80_7,[],19353.255517824236,0,0.0,309.9100736666667,"[2, 4, 5, 6, 8, 9, 11, 12, 13, 14, 15, 16, 17, 19, 20]",,,68,0,15,ordinary,7,full_coverage_and_all_discovered_cleared,105,4648.651105,,0.02623529196716845
31,0,True,clustered__adversarial-positive__69,clustered__adversarial-positive,15,15,15,118,0.24790299999999377,15,,,,0,101,baseline_peer9,[],22386.500259475386,0,0.0,342.4200036666667,"[2, 3, 4, 5, 6, 7, 8, 9, 10, 11, 12, 13, 14, 16, 18]",,,69,,15,ordinary,9,full_coverage_and_all_discovered_cleared,79,5136.300055,,0.2481029579648748
30,0,True,clustered__adversarial-positive__69,clustered__adversarial-positive,15,15,15,106,0.24414099999999905,15,,,,0,89,baseline_ring7,[],21103.135567499696,0,0.0,320.6418075333333,"[2, 3, 4, 5, 6, 7, 8, 9, 10, 11, 12, 13, 14, 16, 18]",,,69,,15,ordinary,7,full_coverage_and_all_discovered_cleared,69,4809.627113,,0.24451950000366196
31,0,True,clustered__adversarial-positive__69,clustered__adversarial-positive,15,15,15,111,0.2545369999999991,15,,,,0,94,dynamic_greedy9,[],21061.823589052987,0,0.0,321.8909813333333,"[2, 3, 4, 5, 6, 7, 8, 9, 10, 11, 12, 13, 14, 16, 18]",0.00019679195247590542,9,69,,15,ordinary,9,full_coverage_and_all_discovered_cleared,71,4828.36472,"[0, 4, 5, 6, 7, 8, 1, 2, 3]",0.254859792010393
31,0,True,clustered__adversarial-positive__69,clustered__adversarial-positive,15,15,15,111,0.25364700000000084,15,,,,0,94,dynamic_two_opt9,[],21061.823589052987,0,0.0,321.8909813333333,"[2, 3, 4, 5, 6, 7, 8, 9, 10, 11, 12, 13, 14, 16, 18]",0.00025912397541105747,9,69,,15,ordinary,9,full_coverage_and_all_discovered_cleared,71,4828.36472,"[0, 4, 5, 6, 7, 8, 1, 2, 3]",0.25410008401377127
5,0,True,clustered__adversarial-positive__69,clustered__adversarial-positive,15,15,15,176,0.07638099999999781,15,0,0,,0,159,deferred9,[],13089.619855046183,0,0.0,242.52826466666664,"[2, 3, 4, 5, 6, 7, 8, 9, 10, 11, 12, 13, 14, 16, 18]",,,69,26,15,ordinary,9,full_coverage_and_all_discovered_cleared,150,3637.92397,,0.07653412502259016
5,0,True,clustered__adversarial-positive__69,clustered__adversarial-positive,15,15,15,176,0.07504400000000544,15,0,0,,0,159,opportunistic200_9,[],13089.619855046183,0,0.0,242.52826466666664,"[2, 3, 4, 5, 6, 7, 8, 9, 10, 11, 12, 13, 14, 16, 18]",,,69,26,15,ordinary,9,full_coverage_and_all_discovered_cleared,150,3637.92397,,0.07511912501649931
5,0,True,clustered__adversarial-positive__69,clustered__adversarial-positive,15,15,15,176,0.07618199999998865,15,0,0,,0,159,opportunistic600_9,[],14510.680819132682,0,0.0,261.4757441333333,"[2, 3, 4, 5, 6, 7, 8, 9, 10, 11, 12, 13, 14, 16, 18]",,,69,11,15,ordinary,9,full_coverage_and_all_discovered_cleared,150,3922.136162,,0.07630200003040954
27,0,True,clustered__adversarial-positive__69,clustered__adversarial-positive,11,25,15,124,0.14249199999999007,15,4,14,,0,97,trial80_9,[],22160.23587747216,0,0.0,340.06981186666667,"[2, 3, 4, 5, 6, 7, 8, 9, 10, 11, 12, 13, 14, 16, 18]",,,69,0,15,ordinary,9,full_coverage_and_all_discovered_cleared,79,5101.047178,,0.1474174169707112
31,0,True,clustered__adversarial-positive__69,clustered__adversarial-positive,15,15,15,118,0.05116399999999999,15,0,0,,0,101,cov_mean9,[],22607.72820463307,0,0.0,345.3697095333334,"[2, 3, 4, 5, 6, 7, 8, 9, 10, 11, 12, 13, 14, 16, 18]",,,69,0,15,ordinary,9,full_coverage_and_all_discovered_cleared,79,5180.545643,,0.058976416010409594
27,0,True,clustered__adversarial-positive__69,clustered__adversarial-positive,11,25,15,124,0.030919000000011465,15,4,14,,0,97,cov_trial80_9,[],22160.23587747216,0,0.0,340.06981186666667,"[2, 3, 4, 5, 6, 7, 8, 9, 10, 11, 12, 13, 14, 16, 18]",,,69,0,15,ordinary,9,full_coverage_and_all_discovered_cleared,79,5101.047178,,0.03101916698506102
25,0,True,clustered__adversarial-positive__69,clustered__adversarial-positive,9,23,15,120,0.02923300000000495,15,6,14,,0,95,cov_robust80_9,[],22258.61556336966,0,0.0,340.31487426666666,"[2, 3, 4, 5, 6, 7, 8, 9, 10, 11, 12, 13, 14, 16, 18]",,,69,0,15,ordinary,9,full_coverage_and_all_discovered_cleared,79,5104.723114,,0.02935349999461323
27,0,True,clustered__adversarial-positive__69,clustered__adversarial-positive,11,25,15,117,0.03057499999999891,15,4,14,,0,90,cov_dynamic80_9,[],20842.659896892077,0,0.0,319.6354654666667,"[2, 3, 4, 5, 6, 7, 8, 9, 10, 11, 12, 13, 14, 16, 18]",,,69,0,15,ordinary,9,full_coverage_and_all_discovered_cleared,71,4794.531982,,0.03062437498010695
9,0,True,clustered__adversarial-positive__69,clustered__adversarial-positive,14,24,15,173,0.028773999999998523,15,1,10,,0,147,cov_opportunistic80_9,[],12244.221493356072,0,0.0,228.38962006666668,"[2, 3, 4, 5, 6, 7, 8, 9, 10, 11, 12, 13, 14, 16, 18]",,,69,13,15,ordinary,9,full_coverage_and_all_discovered_cleared,140,3425.844301,,0.028936749964486808
4,0,True,clustered__adversarial-positive__69,clustered__adversarial-positive,14,19,15,179,0.029885000000007267,15,1,5,,0,158,cov_deferred80_9,[],12974.895646057561,0,0.0,241.3986086666667,"[2, 3, 4, 5, 6, 7, 8, 9, 10, 11, 12, 13, 14, 16, 18]",,,69,26,15,ordinary,9,full_coverage_and_all_discovered_cleared,149,3620.97913,,0.02994212496560067
25,0,True,clustered__adversarial-positive__69,clustered__adversarial-positive,10,23,15,109,0.029442000000003077,15,5,13,,0,84,cov_trial80_7,[],20874.8158701831,0,0.0,317.5308782,"[2, 3, 4, 5, 6, 7, 8, 9, 10, 11, 12, 13, 14, 16, 18]",,,69,0,15,ordinary,7,full_coverage_and_all_discovered_cleared,69,4762.963173,,0.029518417024519295
23,0,True,clustered__adversarial-positive__69,clustered__adversarial-positive,8,21,15,105,0.02803400000000522,15,7,13,,0,82,cov_robust80_7,[],20973.1955560806,0,0.0,317.77594059999996,"[2, 3, 4, 5, 6, 7, 8, 9, 10, 11, 12, 13, 14, 16, 18]",,,69,0,15,ordinary,7,full_coverage_and_all_discovered_cleared,69,4766.639109,,0.028068874962627888
19,0,True,clustered__adversarial-positive__70,clustered__adversarial-positive,10,10,10,144,0.15382199999999102,10,,,,0,132,baseline_peer9,[],19096.774006269516,0,0.0,464.63547989999995,"[2, 3, 5, 10, 11, 13, 15, 16, 19, 20]",,,70,,10,ordinary,9,full_coverage_and_all_discovered_cleared,117,4646.354799,,0.15404533297987655
17,0,True,clustered__adversarial-positive__70,clustered__adversarial-positive,10,10,10,121,0.13926399999999717,10,,,,0,109,baseline_ring7,[],17530.125345811317,0,0.0,419.8025067,"[2, 3, 5, 10, 11, 13, 15, 16, 19, 20]",,,70,,10,ordinary,7,full_coverage_and_all_discovered_cleared,97,4198.025067,,0.13950941700022668
17,0,True,clustered__adversarial-positive__70,clustered__adversarial-positive,10,10,10,148,0.13633099999999843,10,,,,0,136,dynamic_greedy9,[],16778.41445533668,0,0.0,420.76828889999996,"[2, 3, 5, 10, 11, 13, 15, 16, 19, 20]",0.00021174905123189092,9,70,,10,ordinary,9,full_coverage_and_all_discovered_cleared,122,4207.682889,"[0, 3, 2, 1, 8, 7, 6, 5, 4]",0.1366245829849504
17,0,True,clustered__adversarial-positive__70,clustered__adversarial-positive,10,10,10,148,0.1345620000000025,10,,,,0,136,dynamic_two_opt9,[],16778.41445533668,0,0.0,420.76828889999996,"[2, 3, 5, 10, 11, 13, 15, 16, 19, 20]",0.00025424896739423275,9,70,,10,ordinary,9,full_coverage_and_all_discovered_cleared,122,4207.682889,"[0, 3, 2, 1, 8, 7, 6, 5, 4]",0.13468183303484693
3,0,True,clustered__adversarial-positive__70,clustered__adversarial-positive,10,10,10,185,0.04950700000000552,10,0,0,,0,173,deferred9,[],14862.918040906554,0,0.0,405.25836100000004,"[2, 3, 5, 10, 11, 13, 15, 16, 19, 20]",,,70,10,10,ordinary,9,full_coverage_and_all_discovered_cleared,165,4052.58361,,0.049607374996412545
3,0,True,clustered__adversarial-positive__70,clustered__adversarial-positive,10,10,10,185,0.04899399999999332,10,0,0,,0,173,opportunistic200_9,[],14862.918040906554,0,0.0,405.25836100000004,"[2, 3, 5, 10, 11, 13, 15, 16, 19, 20]",,,70,10,10,ordinary,9,full_coverage_and_all_discovered_cleared,165,4052.58361,,0.04904695798177272
3,0,True,clustered__adversarial-positive__70,clustered__adversarial-positive,10,10,10,185,0.049875000000000114,10,0,0,,0,173,opportunistic600_9,[],14958.483998657446,0,0.0,407.1696801,"[2, 3, 5, 10, 11, 13, 15, 16, 19, 20]",,,70,6,10,ordinary,9,full_coverage_and_all_discovered_cleared,165,4071.696801,,0.04996525001479313
19,0,True,clustered__adversarial-positive__70,clustered__adversarial-positive,10,17,10,151,0.08950299999999345,10,0,7,,0,132,trial80_9,[],19083.665416160773,0,0.0,466.4733083,"[2, 3, 5, 10, 11, 13, 15, 16, 19, 20]",,,70,0,10,ordinary,9,full_coverage_and_all_discovered_cleared,117,4664.733083,,0.08956550003495067
19,0,True,clustered__adversarial-positive__70,clustered__adversarial-positive,10,10,10,144,0.02662899999999979,10,0,0,,0,132,cov_mean9,[],19096.774006269516,0,0.0,464.63547989999995,"[2, 3, 5, 10, 11, 13, 15, 16, 19, 20]",,,70,0,10,ordinary,9,full_coverage_and_all_discovered_cleared,117,4646.354799,,0.026634125038981438
19,0,True,clustered__adversarial-positive__70,clustered__adversarial-positive,10,17,10,151,0.022754999999989423,10,0,7,,0,132,cov_trial80_9,[],19083.665416160773,0,0.0,466.4733083,"[2, 3, 5, 10, 11, 13, 15, 16, 19, 20]",,,70,0,10,ordinary,9,full_coverage_and_all_discovered_cleared,117,4664.733083,,0.022807416040450335
19,0,True,clustered__adversarial-positive__70,clustered__adversarial-positive,8,17,10,151,0.02252299999999252,10,2,9,,0,132,cov_robust80_9,[],19531.386268660688,0,0.0,475.4277255,"[2, 3, 5, 10, 11, 13, 15, 16, 19, 20]",,,70,0,10,ordinary,9,full_coverage_and_all_discovered_cleared,117,4754.277255,,0.022555625007953495
17,0,True,clustered__adversarial-positive__70,clustered__adversarial-positive,10,15,10,153,0.02192200000000355,10,0,5,,0,136,cov_dynamic80_9,[],16790.39367211172,0,0.0,422.5078734,"[2, 3, 5, 10, 11, 13, 15, 16, 19, 20]",,,70,0,10,ordinary,9,full_coverage_and_all_discovered_cleared,122,4225.078734,,0.021931958035565913
5,0,True,clustered__adversarial-positive__70,clustered__adversarial-positive,9,14,10,182,0.019365000000007626,10,1,5,,0,166,cov_opportunistic80_9,[],12058.23431664648,0,0.0,346.3646863,"[2, 3, 5, 10, 11, 13, 15, 16, 19, 20]",,,70,6,10,ordinary,9,full_coverage_and_all_discovered_cleared,160,3463.646863,,0.019367959001101553
2,0,True,clustered__adversarial-positive__70,clustered__adversarial-positive,9,11,10,185,0.020492000000004396,10,1,2,,0,172,cov_deferred80_9,[],14830.904642547446,0,0.0,404.3180929,"[2, 3, 5, 10, 11, 13, 15, 16, 19, 20]",,,70,10,10,ordinary,9,full_coverage_and_all_discovered_cleared,164,4043.180929,,0.020523583982139826
17,0,True,clustered__adversarial-positive__70,clustered__adversarial-positive,10,15,10,126,0.02112100000000794,10,0,5,,0,109,cov_trial80_7,[],17505.033044247437,0,0.0,420.8006606,"[2, 3, 5, 10, 11, 13, 15, 16, 19, 20]",,,70,0,10,ordinary,7,full_coverage_and_all_discovered_cleared,97,4208.006606,,0.02112995903007686
17,0,True,clustered__adversarial-positive__70,clustered__adversarial-positive,8,15,10,126,0.021053999999992357,10,2,7,,0,109,cov_robust80_7,[],17952.44777726395,0,0.0,429.74895530000003,"[2, 3, 5, 10, 11, 13, 15, 16, 19, 20]",,,70,0,10,ordinary,7,full_coverage_and_all_discovered_cleared,97,4297.489553,,0.021089790971018374
22,0,True,clustered__adversarial-positive__71,clustered__adversarial-positive,12,12,12,145,0.17077899999999602,12,,,,0,131,baseline_peer9,[],21039.529673913417,0,0.0,419.90882775,"[1, 2, 4, 5, 7, 9, 10, 13, 17, 18, 19, 20]",,,71,,12,ordinary,9,full_coverage_and_all_discovered_cleared,116,5038.905933,,0.1709098329884
22,0,True,clustered__adversarial-positive__71,clustered__adversarial-positive,12,12,12,124,0.17699299999999596,12,,,,0,110,baseline_ring7,[],18265.671152579787,0,0.0,363.1778523333333,"[1, 2, 4, 5, 7, 9, 10, 13, 17, 18, 19, 20]",,,71,,12,ordinary,7,full_coverage_and_all_discovered_cleared,95,4358.134228,,0.17717029200866818
22,0,True,clustered__adversarial-positive__71,clustered__adversarial-positive,12,12,12,135,0.17181699999999012,12,,,,0,121,dynamic_greedy9,[],19412.339915394416,0,0.0,387.7056651666667,"[1, 2, 4, 5, 7, 9, 10, 13, 17, 18, 19, 20]",0.00019787397468462586,9,71,,12,ordinary,9,full_coverage_and_all_discovered_cleared,105,4652.467982,"[0, 1, 8, 7, 6, 5, 4, 3, 2]",0.17195616697426885
22,0,True,clustered__adversarial-positive__71,clustered__adversarial-positive,12,12,12,135,0.17081199999999797,12,,,,0,121,dynamic_two_opt9,[],19412.339915394416,0,0.0,387.7056651666667,"[1, 2, 4, 5, 7, 9, 10, 13, 17, 18, 19, 20]",0.0002575399703346193,9,71,,12,ordinary,9,full_coverage_and_all_discovered_cleared,105,4652.467982,"[0, 1, 8, 7, 6, 5, 4, 3, 2]",0.1709334590123035
7,0,True,clustered__adversarial-positive__71,clustered__adversarial-positive,12,12,12,173,0.08688500000000943,12,0,0,,0,159,deferred9,[],12932.13830919126,0,0.0,299.2856385833333,"[1, 2, 4, 5, 7, 9, 10, 13, 17, 18, 19, 20]",,,71,28,12,ordinary,9,full_coverage_and_all_discovered_cleared,150,3591.427663,,0.0869742080103606
7,0,True,clustered__adversarial-positive__71,clustered__adversarial-positive,12,12,12,173,0.08666499999999644,12,0,0,,0,159,opportunistic200_9,[],12769.285257858184,0,0.0,296.571421,"[1, 2, 4, 5, 7, 9, 10, 13, 17, 18, 19, 20]",,,71,22,12,ordinary,9,full_coverage_and_all_discovered_cleared,150,3558.857052,,0.08674745803000405
7,0,True,clustered__adversarial-positive__71,clustered__adversarial-positive,12,12,12,173,0.08647099999998886,12,0,0,,0,159,opportunistic600_9,[],13474.754584593584,0,0.0,308.3292431666667,"[1, 2, 4, 5, 7, 9, 10, 13, 17, 18, 19, 20]",,,71,10,12,ordinary,9,full_coverage_and_all_discovered_cleared,150,3699.950918,,0.08660558296833187
22,0,True,clustered__adversarial-positive__71,clustered__adversarial-positive,12,20,12,153,0.09982800000000225,12,0,8,,0,131,trial80_9,[],21004.934656637026,0,0.0,421.3322444166667,"[1, 2, 4, 5, 7, 9, 10, 13, 17, 18, 19, 20]",,,71,0,12,ordinary,9,full_coverage_and_all_discovered_cleared,116,5055.986933,,0.1006237089750357
22,0,True,clustered__adversarial-positive__71,clustered__adversarial-positive,12,12,12,145,0.02976900000000171,12,0,0,,0,131,cov_mean9,[],21039.529673913417,0,0.0,419.90882775,"[1, 2, 4, 5, 7, 9, 10, 13, 17, 18, 19, 20]",,,71,0,12,ordinary,9,full_coverage_and_all_discovered_cleared,116,5038.905933,,0.029815999965649098
22,0,True,clustered__adversarial-positive__71,clustered__adversarial-positive,12,20,12,153,0.025472999999990975,12,0,8,,0,131,cov_trial80_9,[],21004.934656637026,0,0.0,421.3322444166667,"[1, 2, 4, 5, 7, 9, 10, 13, 17, 18, 19, 20]",,,71,0,12,ordinary,9,full_coverage_and_all_discovered_cleared,116,5055.986933,,0.02549400000134483
21,0,True,clustered__adversarial-positive__71,clustered__adversarial-positive,10,19,12,151,0.025371000000006916,12,2,9,,0,130,cov_robust80_9,[],21149.765031404793,0,0.0,423.0794174166667,"[1, 2, 4, 5, 7, 9, 10, 13, 17, 18, 19, 20]",,,71,0,12,ordinary,9,full_coverage_and_all_discovered_cleared,116,5076.953009,,0.0254013339872472
21,0,True,clustered__adversarial-positive__71,clustered__adversarial-positive,12,19,12,141,0.025335999999995806,12,0,7,,0,120,cov_dynamic80_9,[],19282.48477991729,0,0.0,386.87474649999996,"[1, 2, 4, 5, 7, 9, 10, 13, 17, 18, 19, 20]",,,71,0,12,ordinary,9,full_coverage_and_all_discovered_cleared,105,4642.496958,,0.025383375003002584
16,0,True,clustered__adversarial-positive__71,clustered__adversarial-positive,12,22,12,185,0.026681999999993877,12,0,10,,0,161,cov_opportunistic80_9,[],13218.476547653348,0,0.0,307.22460925,"[1, 2, 4, 5, 7, 9, 10, 13, 17, 18, 19, 20]",,,71,0,12,ordinary,9,full_coverage_and_all_discovered_cleared,148,3686.695311,,0.02670316700823605
11,0,True,clustered__adversarial-positive__71,clustered__adversarial-positive,12,17,12,182,0.02726099999999576,12,0,5,,0,163,cov_deferred80_9,[],12976.180931165873,0,0.0,302.93634908333337,"[1, 2, 4, 5, 7, 9, 10, 13, 17, 18, 19, 20]",,,71,28,12,ordinary,9,full_coverage_and_all_discovered_cleared,150,3635.236189,,0.027268542035017163
22,0,True,clustered__adversarial-positive__71,clustered__adversarial-positive,12,20,12,132,0.025149999999996453,12,0,8,,0,110,cov_trial80_7,[],18233.046278635222,0,0.0,364.63410475,"[1, 2, 4, 5, 7, 9, 10, 13, 17, 18, 19, 20]",,,71,0,12,ordinary,7,full_coverage_and_all_discovered_cleared,95,4375.609257,,0.02516950003337115
21,0,True,clustered__adversarial-positive__71,clustered__adversarial-positive,10,19,12,130,0.024596000000002505,12,2,9,,0,109,cov_robust80_7,[],18382.728884399643,0,0.0,366.46214825,"[1, 2, 4, 5, 7, 9, 10, 13, 17, 18, 19, 20]",,,71,0,12,ordinary,7,full_coverage_and_all_discovered_cleared,95,4397.545779,,0.024631667009089142
20,0,True,clustered__adversarial-negative__67,clustered__adversarial-negative,10,10,10,138,0.16863499999999476,10,,,,0,126,baseline_peer9,[],17922.43914110659,0,0.0,437.34878289999995,"[4, 5, 7, 8, 9, 10, 14, 15, 18, 19]",,,67,,10,ordinary,9,full_coverage_and_all_discovered_cleared,109,4373.487829,,0.1688290840247646
19,0,True,clustered__adversarial-negative__67,clustered__adversarial-negative,10,10,10,117,0.17510000000000048,10,,,,0,105,baseline_ring7,[],16409.553359863276,0,0.0,394.79106740000003,"[4, 5, 7, 8, 9, 10, 14, 15, 18, 19]",,,67,,10,ordinary,7,full_coverage_and_all_discovered_cleared,91,3947.910674,,0.18753783399006352
19,0,True,clustered__adversarial-negative__67,clustered__adversarial-negative,10,10,10,140,0.16274799999999345,10,,,,0,128,dynamic_greedy9,[],16576.635186788397,0,0.0,411.7327039,"[4, 5, 7, 8, 9, 10, 14, 15, 18, 19]",0.00021033489610999823,9,67,,10,ordinary,9,full_coverage_and_all_discovered_cleared,112,4117.327039,"[0, 5, 4, 3, 2, 1, 8, 7, 6]",0.16315883403876796
19,0,True,clustered__adversarial-negative__67,clustered__adversarial-negative,10,10,10,140,0.16179400000000044,10,,,,0,128,dynamic_two_opt9,[],16576.635186788397,0,0.0,411.7327039,"[4, 5, 7, 8, 9, 10, 14, 15, 18, 19]",0.00027787487488240004,9,67,,10,ordinary,9,full_coverage_and_all_discovered_cleared,112,4117.327039,"[0, 5, 4, 3, 2, 1, 8, 7, 6]",0.16218791698338464
1,0,True,clustered__adversarial-negative__67,clustered__adversarial-negative,10,10,10,158,0.028655999999998016,10,0,0,,0,146,deferred9,[],12974.6486527051,0,0.0,351.29297310000004,"[4, 5, 7, 8, 9, 10, 14, 15, 18, 19]",,,67,35,10,ordinary,9,full_coverage_and_all_discovered_cleared,138,3512.929731,,0.028697917005047202
1,0,True,clustered__adversarial-negative__67,clustered__adversarial-negative,10,10,10,158,0.028214000000005512,10,0,0,,0,146,opportunistic200_9,[],12974.6486527051,0,0.0,351.29297310000004,"[4, 5, 7, 8, 9, 10, 14, 15, 18, 19]",,,67,35,10,ordinary,9,full_coverage_and_all_discovered_cleared,138,3512.929731,,0.0282342080026865
1,0,True,clustered__adversarial-negative__67,clustered__adversarial-negative,10,10,10,158,0.028616999999997006,10,0,0,,0,146,opportunistic600_9,[],12974.6486527051,0,0.0,351.29297310000004,"[4, 5, 7, 8, 9, 10, 14, 15, 18, 19]",,,67,35,10,ordinary,9,full_coverage_and_all_discovered_cleared,138,3512.929731,,0.028638374991714954
18,0,True,clustered__adversarial-negative__67,clustered__adversarial-negative,8,18,10,144,0.07727900000000432,10,2,10,,0,124,trial80_9,[],17860.1754460956,0,0.0,437.503509,"[4, 5, 7, 8, 9, 10, 14, 15, 18, 19]",,,67,0,10,ordinary,9,full_coverage_and_all_discovered_cleared,109,4375.03509,,0.07739712501643226
20,0,True,clustered__adversarial-negative__67,clustered__adversarial-negative,10,10,10,138,0.027458000000009974,10,0,0,,0,126,cov_mean9,[],17841.6249469345,0,0.0,435.7324992,"[4, 5, 7, 8, 9, 10, 14, 15, 18, 19]",,,67,0,10,ordinary,9,full_coverage_and_all_discovered_cleared,109,4357.324992,,0.02752041700296104
19,0,True,clustered__adversarial-negative__67,clustered__adversarial-negative,8,18,10,145,0.022090000000005716,10,2,10,,0,125,cov_trial80_9,[],17756.6223779429,0,0.0,435.9324476,"[4, 5, 7, 8, 9, 10, 14, 15, 18, 19]",,,67,0,10,ordinary,9,full_coverage_and_all_discovered_cleared,109,4359.324476,,0.02211654098937288
18,0,True,clustered__adversarial-negative__67,clustered__adversarial-negative,8,18,10,144,0.020496000000008507,10,2,10,,0,124,cov_robust80_9,[],17492.311578285666,0,0.0,430.1462316,"[4, 5, 7, 8, 9, 10, 14, 15, 18, 19]",,,67,0,10,ordinary,9,full_coverage_and_all_discovered_cleared,109,4301.462316,,0.020495584001764655
18,0,True,clustered__adversarial-negative__67,clustered__adversarial-negative,8,17,10,146,0.021681999999998425,10,2,9,,0,127,cov_dynamic80_9,[],16394.50434591755,0,0.0,409.69008679999996,"[4, 5, 7, 8, 9, 10, 14, 15, 18, 19]",,,67,0,10,ordinary,9,full_coverage_and_all_discovered_cleared,112,4096.900868,,0.021715666982345283
0,0,True,clustered__adversarial-negative__67,clustered__adversarial-negative,9,10,10,157,0.019046000000003005,10,1,1,,0,145,cov_opportunistic80_9,[],12982.129790492936,0,0.0,350.8425959,"[4, 5, 7, 8, 9, 10, 14, 15, 18, 19]",,,67,35,10,ordinary,9,full_coverage_and_all_discovered_cleared,137,3508.425959,,0.019099833036307245
0,0,True,clustered__adversarial-negative__67,clustered__adversarial-negative,9,10,10,157,0.018914999999992688,10,1,1,,0,145,cov_deferred80_9,[],12982.129790492936,0,0.0,350.8425959,"[4, 5, 7, 8, 9, 10, 14, 15, 18, 19]",,,67,35,10,ordinary,9,full_coverage_and_all_discovered_cleared,137,3508.425959,,0.01891458296449855
18,0,True,clustered__adversarial-negative__67,clustered__adversarial-negative,8,17,10,123,0.02125300000000152,10,2,9,,0,104,cov_trial80_7,[],16512.336135011832,0,0.0,398.4467224,"[4, 5, 7, 8, 9, 10, 14, 15, 18, 19]",,,67,0,10,ordinary,7,full_coverage_and_all_discovered_cleared,91,3984.467224,,0.021301832981407642
17,0,True,clustered__adversarial-negative__67,clustered__adversarial-negative,8,17,10,122,0.02002600000000143,10,2,9,,0,103,cov_robust80_7,[],16615.889203164534,0,0.0,400.0177838,"[4, 5, 7, 8, 9, 10, 14, 15, 18, 19]",,,67,0,10,ordinary,7,full_coverage_and_all_discovered_cleared,91,4000.177838,,0.020067791047040373
22,0,True,clustered__adversarial-negative__68,clustered__adversarial-negative,15,15,15,160,0.1799649999999957,15,,,,0,143,baseline_peer9,[],17715.537953316714,0,0.0,297.54050606666664,"[2, 4, 5, 6, 8, 9, 11, 12, 13, 14, 15, 16, 17, 19, 20]",,,68,,15,ordinary,9,full_coverage_and_all_discovered_cleared,130,4463.107591,,0.18019504199037328
25,0,True,clustered__adversarial-negative__68,clustered__adversarial-negative,15,15,15,137,0.19954400000000305,15,,,,0,120,baseline_ring7,[],18810.812549753668,0,0.0,302.810834,"[2, 4, 5, 6, 8, 9, 11, 12, 13, 14, 15, 16, 17, 19, 20]",,,68,,15,ordinary,7,full_coverage_and_all_discovered_cleared,105,4542.16251,,0.19985041697509587
24,0,True,clustered__adversarial-negative__68,clustered__adversarial-negative,15,15,15,110,0.19575100000000134,15,,,,0,93,dynamic_greedy9,[],17421.362676100613,0,0.0,273.4181690666667,"[2, 4, 5, 6, 8, 9, 11, 12, 13, 14, 15, 16, 17, 19, 20]",0.0001992079196497798,9,68,,15,ordinary,9,full_coverage_and_all_discovered_cleared,77,4101.272536,"[0, 8, 7, 6, 5, 4, 3, 2, 1]",0.19604200002504513
24,0,True,clustered__adversarial-negative__68,clustered__adversarial-negative,15,15,15,110,0.1967250000000007,15,,,,0,93,dynamic_two_opt9,[],17421.362676100613,0,0.0,273.4181690666667,"[2, 4, 5, 6, 8, 9, 11, 12, 13, 14, 15, 16, 17, 19, 20]",0.00025391794042661786,9,68,,15,ordinary,9,full_coverage_and_all_discovered_cleared,77,4101.272536,"[0, 8, 7, 6, 5, 4, 3, 2, 1]",0.19708308298140764
3,0,True,clustered__adversarial-negative__68,clustered__adversarial-negative,15,15,15,188,0.05064600000000041,15,0,0,,0,171,deferred9,[],12411.165105446327,0,0.0,238.28220146666666,"[2, 4, 5, 6, 8, 9, 11, 12, 13, 14, 15, 16, 17, 19, 20]",,,68,12,15,ordinary,9,full_coverage_and_all_discovered_cleared,162,3574.233022,,0.05066891701426357
3,0,True,clustered__adversarial-negative__68,clustered__adversarial-negative,15,15,15,188,0.05033199999999738,15,0,0,,0,171,opportunistic200_9,[],12264.003062001886,0,0.0,236.32004086666666,"[2, 4, 5, 6, 8, 9, 11, 12, 13, 14, 15, 16, 17, 19, 20]",,,68,11,15,ordinary,9,full_coverage_and_all_discovered_cleared,162,3544.800613,,0.050355957995634526
3,0,True,clustered__adversarial-negative__68,clustered__adversarial-negative,15,15,15,188,0.051170999999996525,15,0,0,,0,171,opportunistic600_9,[],12074.059255792947,0,0.0,233.7874568,"[2, 4, 5, 6, 8, 9, 11, 12, 13, 14, 15, 16, 17, 19, 20]",,,68,2,15,ordinary,9,full_coverage_and_all_discovered_cleared,162,3506.811852,,0.051271916017867625
20,0,True,clustered__adversarial-negative__68,clustered__adversarial-negative,13,19,15,162,0.12032699999998897,15,2,6,,0,141,trial80_9,[],17600.927639374833,0,0.0,296.1457018,"[2, 4, 5, 6, 8, 9, 11, 12, 13, 14, 15, 16, 17, 19, 20]",,,68,0,15,ordinary,9,full_coverage_and_all_discovered_cleared,130,4442.185527,,0.12047337502008304
22,0,True,clustered__adversarial-negative__68,clustered__adversarial-negative,15,15,15,160,0.032099999999999795,15,0,0,,0,143,cov_mean9,[],17777.84474780276,0,0.0,298.37126333333333,"[2, 4, 5, 6, 8, 9, 11, 12, 13, 14, 15, 16, 17, 19, 20]",,,68,0,15,ordinary,9,full_coverage_and_all_discovered_cleared,130,4475.56895,,0.03213508299086243
20,0,True,clustered__adversarial-negative__68,clustered__adversarial-negative,13,19,15,162,0.027291000000005283,15,2,6,,0,141,cov_trial80_9,[],17600.927639374833,0,0.0,296.1457018,"[2, 4, 5, 6, 8, 9, 11, 12, 13, 14, 15, 16, 17, 19, 20]",,,68,0,15,ordinary,9,full_coverage_and_all_discovered_cleared,130,4442.185527,,0.0273046669899486
19,0,True,clustered__adversarial-negative__68,clustered__adversarial-negative,12,18,15,160,0.027151000000003478,15,3,6,,0,140,cov_robust80_9,[],17664.035220809266,0,0.0,296.45380293333335,"[2, 4, 5, 6, 8, 9, 11, 12, 13, 14, 15, 16, 17, 19, 20]",,,68,0,15,ordinary,9,full_coverage_and_all_discovered_cleared,130,4446.807044,,0.027193249959964305
17,0,True,clustered__adversarial-negative__68,clustered__adversarial-negative,8,17,15,105,0.024784999999994284,15,7,9,,0,86,cov_dynamic80_9,[],17194.781679965556,0,0.0,268.4637558,"[2, 4, 5, 6, 8, 9, 11, 12, 13, 14, 15, 16, 17, 19, 20]",,,68,0,15,ordinary,9,full_coverage_and_all_discovered_cleared,77,4026.956337,,0.024804499989841133
3,0,True,clustered__adversarial-negative__68,clustered__adversarial-negative,14,18,15,190,0.023821000000012305,15,1,4,,0,170,cov_opportunistic80_9,[],12104.418231639092,0,0.0,234.45890986666666,"[2, 4, 5, 6, 8, 9, 11, 12, 13, 14, 15, 16, 17, 19, 20]",,,68,11,15,ordinary,9,full_coverage_and_all_discovered_cleared,162,3516.883648,,0.02384141698712483
2,0,True,clustered__adversarial-negative__68,clustered__adversarial-negative,14,17,15,189,0.02400200000001007,15,1,3,,0,170,cov_deferred80_9,[],12372.251151343682,0,0.0,237.76334880000002,"[2, 4, 5, 6, 8, 9, 11, 12, 13, 14, 15, 16, 17, 19, 20]",,,68,12,15,ordinary,9,full_coverage_and_all_discovered_cleared,161,3566.450232,,0.02403137501096353
23,0,True,clustered__adversarial-negative__68,clustered__adversarial-negative,13,23,15,143,0.027455000000003338,15,2,10,,0,118,cov_trial80_7,[],18854.910480570103,0,0.0,304.33214000000004,"[2, 4, 5, 6, 8, 9, 11, 12, 13, 14, 15, 16, 17, 19, 20]",,,68,0,15,ordinary,7,full_coverage_and_all_discovered_cleared,105,4564.9821,,0.02747349999845028
23,0,True,clustered__adversarial-negative__68,clustered__adversarial-negative,13,23,15,143,0.0272109999999941,15,2,10,,0,118,cov_robust80_7,[],18913.55667297915,0,0.0,305.11408926666667,"[2, 4, 5, 6, 8, 9, 11, 12, 13, 14, 15, 16, 17, 19, 20]",,,68,0,15,ordinary,7,full_coverage_and_all_discovered_cleared,105,4576.711339,,0.027230124978814274
30,0,True,clustered__adversarial-negative__69,clustered__adversarial-negative,15,15,15,117,0.23707600000000184,15,,,,0,100,baseline_peer9,[],23011.974822689546,0,0.0,350.42633086666666,"[2, 3, 4, 5, 6, 7, 8, 9, 10, 11, 12, 13, 14, 16, 18]",,,69,,15,ordinary,9,full_coverage_and_all_discovered_cleared,79,5256.394963,,0.2375834999838844
29,0,True,clustered__adversarial-negative__69,clustered__adversarial-negative,15,15,15,105,0.2352459999999894,15,,,,0,88,baseline_ring7,[],21713.009416532666,0,0.0,328.44012533333336,"[2, 3, 4, 5, 6, 7, 8, 9, 10, 11, 12, 13, 14, 16, 18]",,,69,,15,ordinary,7,full_coverage_and_all_discovered_cleared,69,4926.60188,,0.23621950001688674
30,0,True,clustered__adversarial-negative__69,clustered__adversarial-negative,15,15,15,110,0.23828500000000474,15,,,,0,93,dynamic_greedy9,[],21606.83838088955,0,0.0,328.8245116,"[2, 3, 4, 5, 6, 7, 8, 9, 10, 11, 12, 13, 14, 16, 18]",0.0001980409724637866,9,69,,15,ordinary,9,full_coverage_and_all_discovered_cleared,71,4932.367674,"[0, 4, 5, 6, 7, 8, 1, 2, 3]",0.23854204098461196
30,0,True,clustered__adversarial-negative__69,clustered__adversarial-negative,15,15,15,110,0.24048200000000008,15,,,,0,93,dynamic_two_opt9,[],21606.83838088955,0,0.0,328.8245116,"[2, 3, 4, 5, 6, 7, 8, 9, 10, 11, 12, 13, 14, 16, 18]",0.0002582920133136213,9,69,,15,ordinary,9,full_coverage_and_all_discovered_cleared,71,4932.367674,"[0, 4, 5, 6, 7, 8, 1, 2, 3]",0.24079895799513906
5,0,True,clustered__adversarial-negative__69,clustered__adversarial-negative,15,15,15,176,0.07465200000000038,15,0,0,,0,159,deferred9,[],12973.111172355388,0,0.0,240.9748156,"[2, 3, 4, 5, 6, 7, 8, 9, 10, 11, 12, 13, 14, 16, 18]",,,69,26,15,ordinary,9,full_coverage_and_all_discovered_cleared,150,3614.622234,,0.07475470897043124
5,0,True,clustered__adversarial-negative__69,clustered__adversarial-negative,15,15,15,176,0.07576099999999997,15,0,0,,0,159,opportunistic200_9,[],12973.111172355388,0,0.0,240.9748156,"[2, 3, 4, 5, 6, 7, 8, 9, 10, 11, 12, 13, 14, 16, 18]",,,69,26,15,ordinary,9,full_coverage_and_all_discovered_cleared,150,3614.622234,,0.0759174590348266
5,0,True,clustered__adversarial-negative__69,clustered__adversarial-negative,15,15,15,176,0.07590299999999672,15,0,0,,0,159,opportunistic600_9,[],14514.147156509704,0,0.0,261.5219620666667,"[2, 3, 4, 5, 6, 7, 8, 9, 10, 11, 12, 13, 14, 16, 18]",,,69,11,15,ordinary,9,full_coverage_and_all_discovered_cleared,150,3922.829431,,0.07605108298594132
27,0,True,clustered__adversarial-negative__69,clustered__adversarial-negative,12,26,15,125,0.10569800000000384,15,3,14,,0,97,trial80_9,[],22505.740991679915,0,0.0,344.87654660000004,"[2, 3, 4, 5, 6, 7, 8, 9, 10, 11, 12, 13, 14, 16, 18]",,,69,0,15,ordinary,9,full_coverage_and_all_discovered_cleared,79,5173.148199,,0.10589579096995294
30,0,True,clustered__adversarial-negative__69,clustered__adversarial-negative,15,15,15,117,0.039614999999997735,15,0,0,,0,100,cov_mean9,[],23231.571437148912,0,0.0,353.35428566666667,"[2, 3, 4, 5, 6, 7, 8, 9, 10, 11, 12, 13, 14, 16, 18]",,,69,0,15,ordinary,9,full_coverage_and_all_discovered_cleared,79,5300.314285,,0.03967566695064306
27,0,True,clustered__adversarial-negative__69,clustered__adversarial-negative,12,26,15,125,0.02985600000000943,15,3,14,,0,97,cov_trial80_9,[],22505.740991679915,0,0.0,344.87654660000004,"[2, 3, 4, 5, 6, 7, 8, 9, 10, 11, 12, 13, 14, 16, 18]",,,69,0,15,ordinary,9,full_coverage_and_all_discovered_cleared,79,5173.148199,,0.029944040987174958
26,0,True,clustered__adversarial-negative__69,clustered__adversarial-negative,11,25,15,123,0.02996000000000265,15,4,14,,0,96,cov_robust80_9,[],23011.7490233018,0,0.0,351.08998693333336,"[2, 3, 4, 5, 6, 7, 8, 9, 10, 11, 12, 13, 14, 16, 18]",,,69,0,15,ordinary,9,full_coverage_and_all_discovered_cleared,79,5266.349804,,0.03008562501054257
25,0,True,clustered__adversarial-negative__69,clustered__adversarial-negative,10,24,15,117,0.029577000000003295,15,5,14,,0,91,cov_dynamic80_9,[],20472.019023993176,0,0.0,315.02692026666665,"[2, 3, 4, 5, 6, 7, 8, 9, 10, 11, 12, 13, 14, 16, 18]",,,69,0,15,ordinary,9,full_coverage_and_all_discovered_cleared,74,4725.403804,,0.02966883301269263
11,0,True,clustered__adversarial-negative__69,clustered__adversarial-negative,14,26,15,179,0.029425000000003365,15,1,12,,0,151,cov_opportunistic80_9,[],12127.322101779102,0,0.0,228.83096126666666,"[2, 3, 4, 5, 6, 7, 8, 9, 10, 11, 12, 13, 14, 16, 18]",,,69,7,15,ordinary,9,full_coverage_and_all_discovered_cleared,144,3432.464419,,0.02951366698835045
4,0,True,clustered__adversarial-negative__69,clustered__adversarial-negative,14,19,15,179,0.029507999999992762,15,1,5,,0,158,cov_deferred80_9,[],12956.641950916877,0,0.0,241.15522606666667,"[2, 3, 4, 5, 6, 7, 8, 9, 10, 11, 12, 13, 14, 16, 18]",,,69,26,15,ordinary,9,full_coverage_and_all_discovered_cleared,149,3617.328391,,0.029606584052089602
25,0,True,clustered__adversarial-negative__69,clustered__adversarial-negative,11,24,15,110,0.028002999999998224,15,4,13,,0,84,cov_trial80_7,[],21233.564217804706,0,0.0,322.51418953333337,"[2, 3, 4, 5, 6, 7, 8, 9, 10, 11, 12, 13, 14, 16, 18]",,,69,0,15,ordinary,7,full_coverage_and_all_discovered_cleared,69,4837.712843,,0.02801904099760577
24,0,True,clustered__adversarial-negative__69,clustered__adversarial-negative,10,23,15,108,0.027377000000001317,15,5,13,,0,83,cov_robust80_7,[],21739.572249426594,0,0.0,328.7276298666667,"[2, 3, 4, 5, 6, 7, 8, 9, 10, 11, 12, 13, 14, 16, 18]",,,69,0,15,ordinary,7,full_coverage_and_all_discovered_cleared,69,4930.914448,,0.027430707996245474
19,0,True,clustered__adversarial-negative__70,clustered__adversarial-negative,10,10,10,144,0.1543930000000131,10,,,,0,132,baseline_peer9,[],18719.76427340427,0,0.0,457.0952856,"[2, 3, 5, 10, 11, 13, 15, 16, 19, 20]",,,70,,10,ordinary,9,full_coverage_and_all_discovered_cleared,117,4570.952856,,0.15456204098882154
17,0,True,clustered__adversarial-negative__70,clustered__adversarial-negative,10,10,10,121,0.14215199999999584,10,,,,0,109,baseline_ring7,[],17165.472459143446,0,0.0,412.50944929999997,"[2, 3, 5, 10, 11, 13, 15, 16, 19, 20]",,,70,,10,ordinary,7,full_coverage_and_all_discovered_cleared,97,4125.094493,,0.14234908402431756
17,0,True,clustered__adversarial-negative__70,clustered__adversarial-negative,10,10,10,148,0.13699100000000897,10,,,,0,136,dynamic_greedy9,[],16799.392464140616,0,0.0,421.18784949999997,"[2, 3, 5, 10, 11, 13, 15, 16, 19, 20]",0.00020408100681379437,9,70,,10,ordinary,9,full_coverage_and_all_discovered_cleared,122,4211.878495,"[0, 3, 2, 1, 8, 7, 6, 5, 4]",0.13713929196819663
17,0,True,clustered__adversarial-negative__70,clustered__adversarial-negative,10,10,10,148,0.1375499999999903,10,,,,0,136,dynamic_two_opt9,[],16799.392464140616,0,0.0,421.18784949999997,"[2, 3, 5, 10, 11, 13, 15, 16, 19, 20]",0.0002604150213301182,9,70,,10,ordinary,9,full_coverage_and_all_discovered_cleared,122,4211.878495,"[0, 3, 2, 1, 8, 7, 6, 5, 4]",0.13761695800349116
3,0,True,clustered__adversarial-negative__70,clustered__adversarial-negative,10,10,10,185,0.05240999999999474,10,0,0,,0,173,deferred9,[],14628.699656778006,0,0.0,400.5739934,"[2, 3, 5, 10, 11, 13, 15, 16, 19, 20]",,,70,10,10,ordinary,9,full_coverage_and_all_discovered_cleared,165,4005.739934,,0.05244104203302413
3,0,True,clustered__adversarial-negative__70,clustered__adversarial-negative,10,10,10,185,0.05198199999999531,10,0,0,,0,173,opportunistic200_9,[],14628.699656778006,0,0.0,400.5739934,"[2, 3, 5, 10, 11, 13, 15, 16, 19, 20]",,,70,10,10,ordinary,9,full_coverage_and_all_discovered_cleared,165,4005.739934,,0.05203875002916902
3,0,True,clustered__adversarial-negative__70,clustered__adversarial-negative,10,10,10,185,0.05193899999999019,10,0,0,,0,173,opportunistic600_9,[],14749.124902612099,0,0.0,402.9824983,"[2, 3, 5, 10, 11, 13, 15, 16, 19, 20]",,,70,6,10,ordinary,9,full_coverage_and_all_discovered_cleared,165,4029.824983,,0.051985541998874396
19,0,True,clustered__adversarial-negative__70,clustered__adversarial-negative,10,17,10,151,0.0927819999999997,10,0,7,,0,132,trial80_9,[],18704.29581285055,0,0.0,458.88591640000004,"[2, 3, 5, 10, 11, 13, 15, 16, 19, 20]",,,70,0,10,ordinary,9,full_coverage_and_all_discovered_cleared,117,4588.859164,,0.09310008300235495
19,0,True,clustered__adversarial-negative__70,clustered__adversarial-negative,10,10,10,144,0.027731000000002837,10,0,0,,0,132,cov_mean9,[],18759.013953015907,0,0.0,457.8802791,"[2, 3, 5, 10, 11, 13, 15, 16, 19, 20]",,,70,0,10,ordinary,9,full_coverage_and_all_discovered_cleared,117,4578.802791,,0.027842957992106676
19,0,True,clustered__adversarial-negative__70,clustered__adversarial-negative,10,17,10,151,0.023613999999994917,10,0,7,,0,132,cov_trial80_9,[],18704.29581285055,0,0.0,458.88591640000004,"[2, 3, 5, 10, 11, 13, 15, 16, 19, 20]",,,70,0,10,ordinary,9,full_coverage_and_all_discovered_cleared,117,4588.859164,,0.023686125001404434
19,0,True,clustered__adversarial-negative__70,clustered__adversarial-negative,8,17,10,151,0.02307899999999563,10,2,9,,0,132,cov_robust80_9,[],18720.61971625287,0,0.0,459.2123944,"[2, 3, 5, 10, 11, 13, 15, 16, 19, 20]",,,70,0,10,ordinary,9,full_coverage_and_all_discovered_cleared,117,4592.123944,,0.02317208400927484
17,0,True,clustered__adversarial-negative__70,clustered__adversarial-negative,10,15,10,153,0.023026000000001545,10,0,5,,0,136,cov_dynamic80_9,[],16792.85762792351,0,0.0,422.5571526,"[2, 3, 5, 10, 11, 13, 15, 16, 19, 20]",,,70,0,10,ordinary,9,full_coverage_and_all_discovered_cleared,122,4225.571526,,0.023117459029890597
7,0,True,clustered__adversarial-negative__70,clustered__adversarial-negative,10,16,10,185,0.020412000000007424,10,0,6,,0,167,cov_opportunistic80_9,[],11727.922230425782,0,0.0,340.95844470000003,"[2, 3, 5, 10, 11, 13, 15, 16, 19, 20]",,,70,4,10,ordinary,9,full_coverage_and_all_discovered_cleared,161,3409.584447,,0.020516208023764193
3,0,True,clustered__adversarial-negative__70,clustered__adversarial-negative,10,12,10,187,0.022042999999996482,10,0,2,,0,173,cov_deferred80_9,[],14625.561702455163,0,0.0,401.1112342,"[2, 3, 5, 10, 11, 13, 15, 16, 19, 20]",,,70,10,10,ordinary,9,full_coverage_and_all_discovered_cleared,165,4011.112342,,0.02211733302101493
17,0,True,clustered__adversarial-negative__70,clustered__adversarial-negative,10,15,10,126,0.022031999999995833,10,0,5,,0,109,cov_trial80_7,[],17144.99761086226,0,0.0,413.5999522,"[2, 3, 5, 10, 11, 13, 15, 16, 19, 20]",,,70,0,10,ordinary,7,full_coverage_and_all_discovered_cleared,97,4135.999522,,0.022189916984643787
17,0,True,clustered__adversarial-negative__70,clustered__adversarial-negative,8,15,10,126,0.021990000000002397,10,2,7,,0,109,cov_robust80_7,[],17201.681348828857,0,0.0,414.7336268,"[2, 3, 5, 10, 11, 13, 15, 16, 19, 20]",,,70,0,10,ordinary,7,full_coverage_and_all_discovered_cleared,97,4147.336268,,0.022097374952863902
21,0,True,clustered__adversarial-negative__71,clustered__adversarial-negative,12,12,12,144,0.17117100000000107,12,,,,0,130,baseline_peer9,[],20514.595367059028,0,0.0,410.65992291666663,"[1, 2, 4, 5, 7, 9, 10, 13, 17, 18, 19, 20]",,,71,,12,ordinary,9,full_coverage_and_all_discovered_cleared,115,4927.919075,,0.17298437497811392
22,0,True,clustered__adversarial-negative__71,clustered__adversarial-negative,12,12,12,124,0.18569800000000214,12,,,,0,110,baseline_ring7,[],19405.10398181495,0,0.0,382.25173308333336,"[1, 2, 4, 5, 7, 9, 10, 13, 17, 18, 19, 20]",,,71,,12,ordinary,7,full_coverage_and_all_discovered_cleared,96,4587.020797,,0.18831845797831193
23,0,True,clustered__adversarial-negative__71,clustered__adversarial-negative,12,12,12,134,0.187539000000001,12,,,,0,120,dynamic_greedy9,[],20305.74759729022,0,0.0,401.9291268333333,"[1, 2, 4, 5, 7, 9, 10, 13, 17, 18, 19, 20]",0.00024933303939178586,9,71,,12,ordinary,9,full_coverage_and_all_discovered_cleared,102,4823.149522,"[0, 2, 1, 8, 7, 6, 5, 4, 3]",0.18885108397807926
23,0,True,clustered__adversarial-negative__71,clustered__adversarial-negative,12,12,12,134,0.18840499999998883,12,,,,0,120,dynamic_two_opt9,[],20305.74759729022,0,0.0,401.9291268333333,"[1, 2, 4, 5, 7, 9, 10, 13, 17, 18, 19, 20]",0.0002910399925895035,9,71,,12,ordinary,9,full_coverage_and_all_discovered_cleared,102,4823.149522,"[0, 2, 1, 8, 7, 6, 5, 4, 3]",0.19046816701302305
7,0,True,clustered__adversarial-negative__71,clustered__adversarial-negative,12,12,12,173,0.08687799999999868,12,0,0,,0,159,deferred9,[],12688.03997152941,0,0.0,295.21733291666663,"[1, 2, 4, 5, 7, 9, 10, 13, 17, 18, 19, 20]",,,71,28,12,ordinary,9,full_coverage_and_all_discovered_cleared,150,3542.607995,,0.08699787501245737
7,0,True,clustered__adversarial-negative__71,clustered__adversarial-negative,12,12,12,173,0.0873109999999997,12,0,0,,0,159,opportunistic200_9,[],12591.242330876898,0,0.0,293.60403891666664,"[1, 2, 4, 5, 7, 9, 10, 13, 17, 18, 19, 20]",,,71,22,12,ordinary,9,full_coverage_and_all_discovered_cleared,150,3523.248467,,0.0874701669672504
7,0,True,clustered__adversarial-negative__71,clustered__adversarial-negative,12,12,12,173,0.08707499999999868,12,0,0,,0,159,opportunistic600_9,[],13292.18980695226,0,0.0,305.28649691666664,"[1, 2, 4, 5, 7, 9, 10, 13, 17, 18, 19, 20]",,,71,10,12,ordinary,9,full_coverage_and_all_discovered_cleared,150,3663.437963,,0.08714954095194116
21,0,True,clustered__adversarial-negative__71,clustered__adversarial-negative,12,19,12,151,0.095926999999989,12,0,7,,0,130,trial80_9,[],20504.295095326142,0,0.0,412.23825158333335,"[1, 2, 4, 5, 7, 9, 10, 13, 17, 18, 19, 20]",,,71,0,12,ordinary,9,full_coverage_and_all_discovered_cleared,115,4946.859019,,0.09597774996655062
21,0,True,clustered__adversarial-negative__71,clustered__adversarial-negative,12,12,12,144,0.028803999999993835,12,0,0,,0,130,cov_mean9,[],20514.595367059028,0,0.0,410.65992291666663,"[1, 2, 4, 5, 7, 9, 10, 13, 17, 18, 19, 20]",,,71,0,12,ordinary,9,full_coverage_and_all_discovered_cleared,115,4927.919075,,0.02881554199848324
21,0,True,clustered__adversarial-negative__71,clustered__adversarial-negative,12,19,12,151,0.028304000000005658,12,0,7,,0,130,cov_trial80_9,[],20504.295095326142,0,0.0,412.23825158333335,"[1, 2, 4, 5, 7, 9, 10, 13, 17, 18, 19, 20]",,,71,0,12,ordinary,9,full_coverage_and_all_discovered_cleared,115,4946.859019,,0.02832699997816235
20,0,True,clustered__adversarial-negative__71,clustered__adversarial-negative,10,18,12,149,0.024146999999999252,12,2,8,,0,129,cov_robust80_9,[],20552.810471745714,0,0.0,412.38017441666665,"[1, 2, 4, 5, 7, 9, 10, 13, 17, 18, 19, 20]",,,71,0,12,ordinary,9,full_coverage_and_all_discovered_cleared,115,4948.562093,,0.02418462501373142
23,0,True,clustered__adversarial-negative__71,clustered__adversarial-negative,12,21,12,143,0.02585200000000043,12,0,9,,0,120,cov_dynamic80_9,[],20226.584405136542,0,0.0,402.8597400833333,"[1, 2, 4, 5, 7, 9, 10, 13, 17, 18, 19, 20]",,,71,0,12,ordinary,9,full_coverage_and_all_discovered_cleared,102,4834.316881,,0.025889582990203053
16,0,True,clustered__adversarial-negative__71,clustered__adversarial-negative,12,22,12,179,0.026326000000011618,12,0,10,,0,155,cov_opportunistic80_9,[],13032.347483999722,0,0.0,301.20579158333334,"[1, 2, 4, 5, 7, 9, 10, 13, 17, 18, 19, 20]",,,71,0,12,ordinary,9,full_coverage_and_all_discovered_cleared,143,3614.469499,,0.026355041016358882
11,0,True,clustered__adversarial-negative__71,clustered__adversarial-negative,12,17,12,182,0.02709400000000528,12,0,5,,0,163,cov_deferred80_9,[],12824.661388914074,0,0.0,300.41102325,"[1, 2, 4, 5, 7, 9, 10, 13, 17, 18, 19, 20]",,,71,28,12,ordinary,9,full_coverage_and_all_discovered_cleared,150,3604.932279,,0.027101291983854026
22,0,True,clustered__adversarial-negative__71,clustered__adversarial-negative,12,20,12,132,0.024931999999992627,12,0,8,,0,110,cov_trial80_7,[],19390.873691433786,0,0.0,384.0145614166667,"[1, 2, 4, 5, 7, 9, 10, 13, 17, 18, 19, 20]",,,71,0,12,ordinary,7,full_coverage_and_all_discovered_cleared,96,4608.174737,,0.025003916991408914
21,0,True,clustered__adversarial-negative__71,clustered__adversarial-negative,10,19,12,130,0.026974999999993088,12,2,9,,0,109,cov_robust80_7,[],19531.573241858765,0,0.0,385.69288716666665,"[1, 2, 4, 5, 7, 9, 10, 13, 17, 18, 19, 20]",,,71,0,12,ordinary,7,full_coverage_and_all_discovered_cleared,96,4628.314646,,0.02825179201317951
20,0,True,clustered__adversarial-spatial__67,clustered__adversarial-spatial,10,10,10,138,0.1658079999999984,10,,,,0,126,baseline_peer9,[],17737.67245202236,0,0.0,433.65344919999995,"[4, 5, 7, 8, 9, 10, 14, 15, 18, 19]",,,67,,10,ordinary,9,full_coverage_and_all_discovered_cleared,109,4336.534492,,0.16603733401279896
19,0,True,clustered__adversarial-spatial__67,clustered__adversarial-spatial,10,10,10,117,0.1738250000000079,10,,,,0,105,baseline_ring7,[],16127.829316578149,0,0.0,389.1565865,"[4, 5, 7, 8, 9, 10, 14, 15, 18, 19]",,,67,,10,ordinary,7,full_coverage_and_all_discovered_cleared,91,3891.565865,,0.17935437499545515
19,0,True,clustered__adversarial-spatial__67,clustered__adversarial-spatial,10,10,10,140,0.1700830000000053,10,,,,0,128,dynamic_greedy9,[],16340.10923572451,0,0.0,407.0021848,"[4, 5, 7, 8, 9, 10, 14, 15, 18, 19]",0.00022170809097588062,9,67,,10,ordinary,9,full_coverage_and_all_discovered_cleared,112,4070.021848,"[0, 5, 4, 3, 2, 1, 8, 7, 6]",0.1752931249793619
19,0,True,clustered__adversarial-spatial__67,clustered__adversarial-spatial,10,10,10,140,0.1615680000000026,10,,,,0,128,dynamic_two_opt9,[],16340.10923572451,0,0.0,407.0021848,"[4, 5, 7, 8, 9, 10, 14, 15, 18, 19]",0.00035166600719094276,9,67,,10,ordinary,9,full_coverage_and_all_discovered_cleared,112,4070.021848,"[0, 5, 4, 3, 2, 1, 8, 7, 6]",0.16244958399329334
1,0,True,clustered__adversarial-spatial__67,clustered__adversarial-spatial,10,10,10,153,0.02959299999999132,10,0,0,,0,141,deferred9,[],13000.871758760164,0,0.0,348.8174353,"[4, 5, 7, 8, 9, 10, 14, 15, 18, 19]",,,67,40,10,ordinary,9,full_coverage_and_all_discovered_cleared,133,3488.174353,,0.02967208402696997
1,0,True,clustered__adversarial-spatial__67,clustered__adversarial-spatial,10,10,10,153,0.02853600000000256,10,0,0,,0,141,opportunistic200_9,[],13000.871758760164,0,0.0,348.8174353,"[4, 5, 7, 8, 9, 10, 14, 15, 18, 19]",,,67,40,10,ordinary,9,full_coverage_and_all_discovered_cleared,133,3488.174353,,0.02874604205135256
1,0,True,clustered__adversarial-spatial__67,clustered__adversarial-spatial,10,10,10,153,0.039105000000006385,10,0,0,,0,141,opportunistic600_9,[],12383.170297947412,0,0.0,336.46340610000004,"[4, 5, 7, 8, 9, 10, 14, 15, 18, 19]",,,67,25,10,ordinary,9,full_coverage_and_all_discovered_cleared,133,3364.634061,,0.04921120801009238
16,0,True,clustered__adversarial-spatial__67,clustered__adversarial-spatial,5,15,10,139,0.08529700000001128,10,5,10,,0,122,trial80_9,[],17605.09359768194,0,0.0,430.5018722,"[4, 5, 7, 8, 9, 10, 14, 15, 18, 19]",,,67,0,10,ordinary,9,full_coverage_and_all_discovered_cleared,109,4305.018722,,0.08600974996807054
20,0,True,clustered__adversarial-spatial__67,clustered__adversarial-spatial,10,10,10,138,0.026961999999997488,10,0,0,,0,126,cov_mean9,[],17677.68754498425,0,0.0,432.45375110000003,"[4, 5, 7, 8, 9, 10, 14, 15, 18, 19]",,,67,0,10,ordinary,9,full_coverage_and_all_discovered_cleared,109,4324.537511,,0.027063207991886884
17,0,True,clustered__adversarial-spatial__67,clustered__adversarial-spatial,6,16,10,141,0.021259999999998058,10,4,10,,0,123,cov_trial80_9,[],17481.88272460327,0,0.0,428.83765460000006,"[4, 5, 7, 8, 9, 10, 14, 15, 18, 19]",,,67,0,10,ordinary,9,full_coverage_and_all_discovered_cleared,109,4288.376546,,0.02129466598853469
16,0,True,clustered__adversarial-spatial__67,clustered__adversarial-spatial,5,15,10,139,0.020797999999999206,10,5,10,,0,122,cov_robust80_9,[],17604.90782433722,0,0.0,430.4981566,"[4, 5, 7, 8, 9, 10, 14, 15, 18, 19]",,,67,0,10,ordinary,9,full_coverage_and_all_discovered_cleared,109,4304.981566,,0.02091900003142655
17,0,True,clustered__adversarial-spatial__67,clustered__adversarial-spatial,8,17,10,145,0.021185000000002674,10,2,9,,0,126,cov_dynamic80_9,[],16120.202671489349,0,0.0,403.7040537,"[4, 5, 7, 8, 9, 10, 14, 15, 18, 19]",,,67,0,10,ordinary,9,full_coverage_and_all_discovered_cleared,112,4037.040537,,0.021228249999694526
1,0,True,clustered__adversarial-spatial__67,clustered__adversarial-spatial,10,11,10,154,0.01990700000000345,10,0,1,,0,141,cov_opportunistic80_9,[],12995.251748105475,0,0.0,349.0050351,"[4, 5, 7, 8, 9, 10, 14, 15, 18, 19]",,,67,40,10,ordinary,9,full_coverage_and_all_discovered_cleared,133,3490.050351,,0.019975459028501064
1,0,True,clustered__adversarial-spatial__67,clustered__adversarial-spatial,10,11,10,154,0.019774999999995657,10,0,1,,0,141,cov_deferred80_9,[],12995.251748105475,0,0.0,349.0050351,"[4, 5, 7, 8, 9, 10, 14, 15, 18, 19]",,,67,40,10,ordinary,9,full_coverage_and_all_discovered_cleared,133,3490.050351,,0.019853958045132458
18,0,True,clustered__adversarial-spatial__67,clustered__adversarial-spatial,8,17,10,123,0.021186999999997624,10,2,9,,0,104,cov_trial80_7,[],16235.4363270189,0,0.0,392.9087265,"[4, 5, 7, 8, 9, 10, 14, 15, 18, 19]",,,67,0,10,ordinary,7,full_coverage_and_all_discovered_cleared,91,3929.087265,,0.021307125047314912
17,0,True,clustered__adversarial-spatial__67,clustered__adversarial-spatial,7,16,10,121,0.020708999999996536,10,3,9,,0,103,cov_robust80_7,[],16358.461426752852,0,0.0,394.5692285,"[4, 5, 7, 8, 9, 10, 14, 15, 18, 19]",,,67,0,10,ordinary,7,full_coverage_and_all_discovered_cleared,91,3945.692285,,0.020780041988473386
22,0,True,clustered__adversarial-spatial__68,clustered__adversarial-spatial,15,15,15,160,0.18693900000000951,15,,,,0,143,baseline_peer9,[],18384.58417329599,0,0.0,306.46112253333337,"[2, 4, 5, 6, 8, 9, 11, 12, 13, 14, 15, 16, 17, 19, 20]",,,68,,15,ordinary,9,full_coverage_and_all_discovered_cleared,130,4596.916838,,0.1873879170161672
25,0,True,clustered__adversarial-spatial__68,clustered__adversarial-spatial,15,15,15,137,0.20302300000000173,15,,,,0,120,baseline_ring7,[],18524.032027736128,0,0.0,298.9870937333333,"[2, 4, 5, 6, 8, 9, 11, 12, 13, 14, 15, 16, 17, 19, 20]",,,68,,15,ordinary,7,full_coverage_and_all_discovered_cleared,105,4484.806406,,0.20350304199382663
24,0,True,clustered__adversarial-spatial__68,clustered__adversarial-spatial,15,15,15,110,0.2113560000000092,15,,,,0,93,dynamic_greedy9,[],18052.34295179626,0,0.0,281.8312398,"[2, 4, 5, 6, 8, 9, 11, 12, 13, 14, 15, 16, 17, 19, 20]",0.00019458302995190024,9,68,,15,ordinary,9,full_coverage_and_all_discovered_cleared,77,4227.468597,"[0, 8, 7, 6, 5, 4, 3, 2, 1]",0.214123124955222
24,0,True,clustered__adversarial-spatial__68,clustered__adversarial-spatial,15,15,15,110,0.20295600000000036,15,,,,0,93,dynamic_two_opt9,[],18052.34295179626,0,0.0,281.8312398,"[2, 4, 5, 6, 8, 9, 11, 12, 13, 14, 15, 16, 17, 19, 20]",0.000276167003903538,9,68,,15,ordinary,9,full_coverage_and_all_discovered_cleared,77,4227.468597,"[0, 8, 7, 6, 5, 4, 3, 2, 1]",0.2035707079921849
3,0,True,clustered__adversarial-spatial__68,clustered__adversarial-spatial,15,15,15,190,0.052982000000000085,15,0,0,,0,173,deferred9,[],12438.307484196377,0,0.0,239.44409986666668,"[2, 4, 5, 6, 8, 9, 11, 12, 13, 14, 15, 16, 17, 19, 20]",,,68,10,15,ordinary,9,full_coverage_and_all_discovered_cleared,164,3591.661498,,0.053060167003422976
3,0,True,clustered__adversarial-spatial__68,clustered__adversarial-spatial,15,15,15,190,0.05333299999999497,15,0,0,,0,173,opportunistic200_9,[],12438.307484196377,0,0.0,239.44409986666668,"[2, 4, 5, 6, 8, 9, 11, 12, 13, 14, 15, 16, 17, 19, 20]",,,68,10,15,ordinary,9,full_coverage_and_all_discovered_cleared,164,3591.661498,,0.053538375010248274
3,0,True,clustered__adversarial-spatial__68,clustered__adversarial-spatial,15,15,15,190,0.05260300000000484,15,0,0,,0,173,opportunistic600_9,[],12278.328073740116,0,0.0,237.3110410666667,"[2, 4, 5, 6, 8, 9, 11, 12, 13, 14, 15, 16, 17, 19, 20]",,,68,1,15,ordinary,9,full_coverage_and_all_discovered_cleared,164,3559.665616,,0.05275491700740531
20,0,True,clustered__adversarial-spatial__68,clustered__adversarial-spatial,12,18,15,161,0.13676499999999692,15,3,6,,0,141,trial80_9,[],18315.710128905772,0,0.0,305.47613533333333,"[2, 4, 5, 6, 8, 9, 11, 12, 13, 14, 15, 16, 17, 19, 20]",,,68,0,15,ordinary,9,full_coverage_and_all_discovered_cleared,130,4582.14203,,0.13728025002637878
22,0,True,clustered__adversarial-spatial__68,clustered__adversarial-spatial,15,15,15,160,0.0330680000000001,15,0,0,,0,143,cov_mean9,[],18485.372394027076,0,0.0,307.80496546666666,"[2, 4, 5, 6, 8, 9, 11, 12, 13, 14, 15, 16, 17, 19, 20]",,,68,0,15,ordinary,9,full_coverage_and_all_discovered_cleared,130,4617.074482,,0.03315366699825972
20,0,True,clustered__adversarial-spatial__68,clustered__adversarial-spatial,12,18,15,161,0.028823000000002708,15,3,6,,0,141,cov_trial80_9,[],18352.874307483366,0,0.0,305.9716577333333,"[2, 4, 5, 6, 8, 9, 11, 12, 13, 14, 15, 16, 17, 19, 20]",,,68,0,15,ordinary,9,full_coverage_and_all_discovered_cleared,130,4589.574866,,0.028951582964509726
19,0,True,clustered__adversarial-spatial__68,clustered__adversarial-spatial,11,17,15,159,0.027806999999995696,15,4,6,,0,140,cov_robust80_9,[],18358.185553591004,0,0.0,305.50914093333336,"[2, 4, 5, 6, 8, 9, 11, 12, 13, 14, 15, 16, 17, 19, 20]",,,68,0,15,ordinary,9,full_coverage_and_all_discovered_cleared,130,4582.637114,,0.027840082999318838
19,0,True,clustered__adversarial-spatial__68,clustered__adversarial-spatial,10,19,15,109,0.02592400000000339,15,5,9,,0,88,cov_dynamic80_9,[],17961.28972093002,0,0.0,279.7505298666667,"[2, 4, 5, 6, 8, 9, 11, 12, 13, 14, 15, 16, 17, 19, 20]",,,68,0,15,ordinary,9,full_coverage_and_all_discovered_cleared,77,4196.257948,,0.025977541983593255
4,0,True,clustered__adversarial-spatial__68,clustered__adversarial-spatial,14,19,15,193,0.025389000000004103,15,1,5,,0,172,cov_opportunistic80_9,[],12177.302552924142,0,0.0,236.43070086666665,"[2, 4, 5, 6, 8, 9, 11, 12, 13, 14, 15, 16, 17, 19, 20]",,,68,10,15,ordinary,9,full_coverage_and_all_discovered_cleared,164,3546.460513,,0.02547604200663045
2,0,True,clustered__adversarial-spatial__68,clustered__adversarial-spatial,14,17,15,191,0.02531999999999357,15,1,3,,0,172,cov_deferred80_9,[],12420.724246230546,0,0.0,239.20965673333333,"[2, 4, 5, 6, 8, 9, 11, 12, 13, 14, 15, 16, 17, 19, 20]",,,68,10,15,ordinary,9,full_coverage_and_all_discovered_cleared,163,3588.144851,,0.025473541987594217
22,0,True,clustered__adversarial-spatial__68,clustered__adversarial-spatial,11,21,15,140,0.02789300000000594,15,4,10,,0,117,cov_trial80_7,[],18501.465443863966,0,0.0,298.8862062,"[2, 4, 5, 6, 8, 9, 11, 12, 13, 14, 15, 16, 17, 19, 20]",,,68,0,15,ordinary,7,full_coverage_and_all_discovered_cleared,105,4483.293093,,0.027983041014522314
22,0,True,clustered__adversarial-spatial__68,clustered__adversarial-spatial,11,21,15,140,0.027397000000007665,15,4,10,,0,117,cov_robust80_7,[],18501.527149459183,0,0.0,298.8870288666667,"[2, 4, 5, 6, 8, 9, 11, 12, 13, 14, 15, 16, 17, 19, 20]",,,68,0,15,ordinary,7,full_coverage_and_all_discovered_cleared,105,4483.305433,,0.027414458978455514
32,0,True,clustered__adversarial-spatial__69,clustered__adversarial-spatial,15,15,15,119,0.26319099999999196,15,,,,0,102,baseline_peer9,[],22943.34207608361,0,0.0,350.17789453333336,"[2, 3, 4, 5, 6, 7, 8, 9, 10, 11, 12, 13, 14, 16, 18]",,,69,,15,ordinary,9,full_coverage_and_all_discovered_cleared,79,5252.668418,,0.2639512499445118
31,0,True,clustered__adversarial-spatial__69,clustered__adversarial-spatial,15,15,15,107,0.2580290000000076,15,,,,0,90,baseline_ring7,[],21649.10419083548,0,0.0,328.2547226666667,"[2, 3, 4, 5, 6, 7, 8, 9, 10, 11, 12, 13, 14, 16, 18]",,,69,,15,ordinary,7,full_coverage_and_all_discovered_cleared,69,4923.82084,,0.25863891700282693
32,0,True,clustered__adversarial-spatial__69,clustered__adversarial-spatial,15,15,15,115,0.2650520000000114,15,,,,0,98,dynamic_greedy9,[],20589.121967526164,0,0.0,317.1216264,"[2, 3, 4, 5, 6, 7, 8, 9, 10, 11, 12, 13, 14, 16, 18]",0.00020762503845617175,9,69,,15,ordinary,9,full_coverage_and_all_discovered_cleared,74,4756.824396,"[0, 6, 5, 4, 3, 2, 1, 8, 7]",0.26568054099334404
32,0,True,clustered__adversarial-spatial__69,clustered__adversarial-spatial,15,15,15,115,0.26677099999999143,15,,,,0,98,dynamic_two_opt9,[],20589.121967526164,0,0.0,317.1216264,"[2, 3, 4, 5, 6, 7, 8, 9, 10, 11, 12, 13, 14, 16, 18]",0.00028158281929790974,9,69,,15,ordinary,9,full_coverage_and_all_discovered_cleared,74,4756.824396,"[0, 6, 5, 4, 3, 2, 1, 8, 7]",0.26753266603918746
5,0,True,clustered__adversarial-spatial__69,clustered__adversarial-spatial,15,15,15,170,0.08392200000000116,15,0,0,,0,153,deferred9,[],13082.834555632413,0,0.0,240.037794,"[2, 3, 4, 5, 6, 7, 8, 9, 10, 11, 12, 13, 14, 16, 18]",,,69,32,15,ordinary,9,full_coverage_and_all_discovered_cleared,144,3600.56691,,0.08426258305553347
5,0,True,clustered__adversarial-spatial__69,clustered__adversarial-spatial,15,15,15,170,0.0912050000000022,15,0,0,,0,153,opportunistic200_9,[],13615.448811436918,0,0.0,247.1393173333333,"[2, 3, 4, 5, 6, 7, 8, 9, 10, 11, 12, 13, 14, 16, 18]",,,69,17,15,ordinary,9,full_coverage_and_all_discovered_cleared,144,3707.08976,,0.09403095801826566
5,0,True,clustered__adversarial-spatial__69,clustered__adversarial-spatial,15,15,15,170,0.08319200000001103,15,0,0,,0,153,opportunistic600_9,[],13029.532534625228,0,0.0,239.32710039999998,"[2, 3, 4, 5, 6, 7, 8, 9, 10, 11, 12, 13, 14, 16, 18]",,,69,11,15,ordinary,9,full_coverage_and_all_discovered_cleared,144,3589.906506,,0.08353720902232453
34,0,True,clustered__adversarial-spatial__69,clustered__adversarial-spatial,13,27,15,133,0.169241999999997,15,2,14,,0,104,trial80_9,[],22911.262802877274,0,0.0,352.81683746666664,"[2, 3, 4, 5, 6, 7, 8, 9, 10, 11, 12, 13, 14, 16, 18]",,,69,0,15,ordinary,9,full_coverage_and_all_discovered_cleared,79,5292.252562,,0.16977433301508427
32,0,True,clustered__adversarial-spatial__69,clustered__adversarial-spatial,15,15,15,119,0.04650100000000634,15,0,0,,0,102,cov_mean9,[],23099.21061798518,0,0.0,352.2561416666667,"[2, 3, 4, 5, 6, 7, 8, 9, 10, 11, 12, 13, 14, 16, 18]",,,69,0,15,ordinary,9,full_coverage_and_all_discovered_cleared,79,5283.842125,,0.048934874997939914
34,0,True,clustered__adversarial-spatial__69,clustered__adversarial-spatial,13,27,15,133,0.03691699999998832,15,2,14,,0,104,cov_trial80_9,[],22911.262802877274,0,0.0,352.81683746666664,"[2, 3, 4, 5, 6, 7, 8, 9, 10, 11, 12, 13, 14, 16, 18]",,,69,0,15,ordinary,9,full_coverage_and_all_discovered_cleared,79,5292.252562,,0.037105833005625755
31,0,True,clustered__adversarial-spatial__69,clustered__adversarial-spatial,12,25,15,128,0.03486499999999637,15,3,13,,0,101,cov_robust80_9,[],23359.497733509965,0,0.0,357.39330306666665,"[2, 3, 4, 5, 6, 7, 8, 9, 10, 11, 12, 13, 14, 16, 18]",,,69,0,15,ordinary,9,full_coverage_and_all_discovered_cleared,79,5360.899546,,0.035102458961773664
35,0,True,clustered__adversarial-spatial__69,clustered__adversarial-spatial,13,27,15,130,0.03856900000000962,15,2,14,,0,101,cov_dynamic80_9,[],20593.341658212095,0,0.0,320.57788880000004,"[2, 3, 4, 5, 6, 7, 8, 9, 10, 11, 12, 13, 14, 16, 18]",,,69,0,15,ordinary,9,full_coverage_and_all_discovered_cleared,74,4808.668332,,0.03881958400597796
6,0,True,clustered__adversarial-spatial__69,clustered__adversarial-spatial,15,21,15,162,0.02590200000000209,15,0,6,,0,139,cov_opportunistic80_9,[],12140.604940394143,0,0.0,223.20806579999999,"[2, 3, 4, 5, 6, 7, 8, 9, 10, 11, 12, 13, 14, 16, 18]",,,69,14,15,ordinary,9,full_coverage_and_all_discovered_cleared,132,3348.120987,,0.025930042029358447
5,0,True,clustered__adversarial-spatial__69,clustered__adversarial-spatial,15,20,15,175,0.029139000000000692,15,0,5,,0,153,cov_deferred80_9,[],12986.216914773657,0,0.0,239.74955893333333,"[2, 3, 4, 5, 6, 7, 8, 9, 10, 11, 12, 13, 14, 16, 18]",,,69,32,15,ordinary,9,full_coverage_and_all_discovered_cleared,144,3596.243384,,0.02917645900743082
32,0,True,clustered__adversarial-spatial__69,clustered__adversarial-spatial,12,25,15,118,0.03554199999999241,15,3,13,,0,91,cov_trial80_7,[],21617.691577693273,0,0.0,330.16922093333335,"[2, 3, 4, 5, 6, 7, 8, 9, 10, 11, 12, 13, 14, 16, 18]",,,69,0,15,ordinary,7,full_coverage_and_all_discovered_cleared,69,4952.538314,,0.035626750031951815
29,0,True,clustered__adversarial-spatial__69,clustered__adversarial-spatial,11,23,15,113,0.03335000000001287,15,4,12,,0,88,cov_robust80_7,[],22065.926508325967,0,0.0,334.74568653333336,"[2, 3, 4, 5, 6, 7, 8, 9, 10, 11, 12, 13, 14, 16, 18]",,,69,0,15,ordinary,7,full_coverage_and_all_discovered_cleared,69,5021.185298,,0.03343445801874623
19,0,True,clustered__adversarial-spatial__70,clustered__adversarial-spatial,10,10,10,144,0.1572089999999946,10,,,,0,132,baseline_peer9,[],18797.050163293246,0,0.0,458.6410033,"[2, 3, 5, 10, 11, 13, 15, 16, 19, 20]",,,70,,10,ordinary,9,full_coverage_and_all_discovered_cleared,117,4586.410033,,0.15763724996941164
17,0,True,clustered__adversarial-spatial__70,clustered__adversarial-spatial,10,10,10,121,0.14959500000000503,10,,,,0,109,baseline_ring7,[],17253.836807015112,0,0.0,414.27673619999996,"[2, 3, 5, 10, 11, 13, 15, 16, 19, 20]",,,70,,10,ordinary,7,full_coverage_and_all_discovered_cleared,97,4142.767362,,0.15107362502021715
17,0,True,clustered__adversarial-spatial__70,clustered__adversarial-spatial,10,10,10,148,0.1405279999999891,10,,,,0,136,dynamic_greedy9,[],16912.950241692488,0,0.0,423.4590048,"[2, 3, 5, 10, 11, 13, 15, 16, 19, 20]",0.00028741610003635287,9,70,,10,ordinary,9,full_coverage_and_all_discovered_cleared,122,4234.590048,"[0, 3, 2, 1, 8, 7, 6, 5, 4]",0.14114737504860386
17,0,True,clustered__adversarial-spatial__70,clustered__adversarial-spatial,10,10,10,148,0.1384429999999952,10,,,,0,136,dynamic_two_opt9,[],16912.950241692488,0,0.0,423.4590048,"[2, 3, 5, 10, 11, 13, 15, 16, 19, 20]",0.00027633196441456676,9,70,,10,ordinary,9,full_coverage_and_all_discovered_cleared,122,4234.590048,"[0, 3, 2, 1, 8, 7, 6, 5, 4]",0.13887320802314207
2,0,True,clustered__adversarial-spatial__70,clustered__adversarial-spatial,10,10,10,179,0.039298000000002276,10,0,0,,0,167,deferred9,[],13990.614033384585,0,0.0,384.11228070000004,"[2, 3, 5, 10, 11, 13, 15, 16, 19, 20]",,,70,15,10,ordinary,9,full_coverage_and_all_discovered_cleared,158,3841.122807,,0.03958037501433864
2,0,True,clustered__adversarial-spatial__70,clustered__adversarial-spatial,10,10,10,179,0.037881999999996196,10,0,0,,0,167,opportunistic200_9,[],14195.385408790098,0,0.0,388.20770819999996,"[2, 3, 5, 10, 11, 13, 15, 16, 19, 20]",,,70,11,10,ordinary,9,full_coverage_and_all_discovered_cleared,158,3882.077082,,0.0379696250311099
2,0,True,clustered__adversarial-spatial__70,clustered__adversarial-spatial,10,10,10,179,0.03840499999999736,10,0,0,,0,167,opportunistic600_9,[],12887.428309137667,0,0.0,362.0485662,"[2, 3, 5, 10, 11, 13, 15, 16, 19, 20]",,,70,4,10,ordinary,9,full_coverage_and_all_discovered_cleared,158,3620.485662,,0.03852295799879357
18,0,True,clustered__adversarial-spatial__70,clustered__adversarial-spatial,9,16,10,149,0.0920019999999937,10,1,7,,0,131,trial80_9,[],18751.153682244716,0,0.0,459.0230733,"[2, 3, 5, 10, 11, 13, 15, 16, 19, 20]",,,70,0,10,ordinary,9,full_coverage_and_all_discovered_cleared,117,4590.230733,,0.09240462502930313
19,0,True,clustered__adversarial-spatial__70,clustered__adversarial-spatial,10,10,10,144,0.02647500000000491,10,0,0,,0,132,cov_mean9,[],18464.298934971037,0,0.0,451.9859788,"[2, 3, 5, 10, 11, 13, 15, 16, 19, 20]",,,70,0,10,ordinary,9,full_coverage_and_all_discovered_cleared,117,4519.859788,,0.02654883300419897
19,0,True,clustered__adversarial-spatial__70,clustered__adversarial-spatial,9,16,10,150,0.0231510000000128,10,1,7,,0,132,cov_trial80_9,[],18427.24418768213,0,0.0,453.0448834,"[2, 3, 5, 10, 11, 13, 15, 16, 19, 20]",,,70,0,10,ordinary,9,full_coverage_and_all_discovered_cleared,117,4530.448834,,0.023217708978336304
18,0,True,clustered__adversarial-spatial__70,clustered__adversarial-spatial,8,16,10,149,0.022305000000002906,10,2,8,,0,131,cov_robust80_9,[],18892.207557136706,0,0.0,461.84415069999994,"[2, 3, 5, 10, 11, 13, 15, 16, 19, 20]",,,70,0,10,ordinary,9,full_coverage_and_all_discovered_cleared,117,4618.441507,,0.022439582971855998
19,0,True,clustered__adversarial-spatial__70,clustered__adversarial-spatial,10,15,10,155,0.025345000000001505,10,0,5,,0,138,cov_dynamic80_9,[],16596.769400143738,0,0.0,419.6353878,"[2, 3, 5, 10, 11, 13, 15, 16, 19, 20]",,,70,0,10,ordinary,9,full_coverage_and_all_discovered_cleared,122,4196.353878,,0.025710708985570818
5,0,True,clustered__adversarial-spatial__70,clustered__adversarial-spatial,9,14,10,181,0.02004999999999768,10,1,5,,0,165,cov_opportunistic80_9,[],11721.446114243057,0,0.0,339.0289222,"[2, 3, 5, 10, 11, 13, 15, 16, 19, 20]",,,70,4,10,ordinary,9,full_coverage_and_all_discovered_cleared,159,3390.289222,,0.020240125013515353
1,0,True,clustered__adversarial-spatial__70,clustered__adversarial-spatial,9,10,10,178,0.020446999999990112,10,1,1,,0,166,cov_deferred80_9,[],13955.704959914,0,0.0,382.8140993,"[2, 3, 5, 10, 11, 13, 15, 16, 19, 20]",,,70,15,10,ordinary,9,full_coverage_and_all_discovered_cleared,157,3828.140993,,0.020498208003118634
18,0,True,clustered__adversarial-spatial__70,clustered__adversarial-spatial,10,15,10,127,0.02255999999999858,10,0,5,,0,110,cov_trial80_7,[],16881.460943826394,0,0.0,408.8292186,"[2, 3, 5, 10, 11, 13, 15, 16, 19, 20]",,,70,0,10,ordinary,7,full_coverage_and_all_discovered_cleared,97,4088.292186,,0.022625708021223545
17,0,True,clustered__adversarial-spatial__70,clustered__adversarial-spatial,9,15,10,126,0.021247999999999934,10,1,6,,0,109,cov_robust80_7,[],17345.69332493119,0,0.0,417.6138661,"[2, 3, 5, 10, 11, 13, 15, 16, 19, 20]",,,70,0,10,ordinary,7,full_coverage_and_all_discovered_cleared,97,4176.138661,,0.0213109590113163
21,0,True,clustered__adversarial-spatial__71,clustered__adversarial-spatial,12,12,12,144,0.16324500000000342,12,,,,0,130,baseline_peer9,[],19129.246830948425,0,0.0,387.5707805833333,"[1, 2, 4, 5, 7, 9, 10, 13, 17, 18, 19, 20]",,,71,,12,ordinary,9,full_coverage_and_all_discovered_cleared,115,4650.849367,,0.16361550003057346
22,0,True,clustered__adversarial-spatial__71,clustered__adversarial-spatial,12,12,12,124,0.18542899999999918,12,,,,0,110,baseline_ring7,[],18291.893393884427,0,0.0,363.61488983333334,"[1, 2, 4, 5, 7, 9, 10, 13, 17, 18, 19, 20]",,,71,,12,ordinary,7,full_coverage_and_all_discovered_cleared,95,4363.378678,,0.1863569169654511
21,0,True,clustered__adversarial-spatial__71,clustered__adversarial-spatial,12,12,12,144,0.16715399999999647,12,,,,0,130,dynamic_greedy9,[],19129.246830948425,0,0.0,387.5707805833333,"[1, 2, 4, 5, 7, 9, 10, 13, 17, 18, 19, 20]",0.00023950095055624843,9,71,,12,ordinary,9,full_coverage_and_all_discovered_cleared,115,4650.849367,"[0, 1, 2, 3, 4, 5, 6, 7, 8]",0.16767908295150846
21,0,True,clustered__adversarial-spatial__71,clustered__adversarial-spatial,12,12,12,144,0.16575699999999927,12,,,,0,130,dynamic_two_opt9,[],19129.246830948425,0,0.0,387.5707805833333,"[1, 2, 4, 5, 7, 9, 10, 13, 17, 18, 19, 20]",0.00027995696291327477,9,71,,12,ordinary,9,full_coverage_and_all_discovered_cleared,115,4650.849367,"[0, 1, 2, 3, 4, 5, 6, 7, 8]",0.1663324169931002
9,0,True,clustered__adversarial-spatial__71,clustered__adversarial-spatial,12,12,12,185,0.10711999999999477,12,0,0,,0,171,deferred9,[],13690.574815077836,0,0.0,317.8429135833333,"[1, 2, 4, 5, 7, 9, 10, 13, 17, 18, 19, 20]",,,71,18,12,ordinary,9,full_coverage_and_all_discovered_cleared,161,3814.114963,,0.10733183298725635
9,0,True,clustered__adversarial-spatial__71,clustered__adversarial-spatial,12,12,12,185,0.10634699999999953,12,0,0,,0,171,opportunistic200_9,[],13607.11416456928,0,0.0,316.4519026666667,"[1, 2, 4, 5, 7, 9, 10, 13, 17, 18, 19, 20]",,,71,6,12,ordinary,9,full_coverage_and_all_discovered_cleared,161,3797.422832,,0.10659370804205537
9,0,True,clustered__adversarial-spatial__71,clustered__adversarial-spatial,12,12,12,185,0.10652000000000328,12,0,0,,0,171,opportunistic600_9,[],13917.863394118453,0,0.0,321.6310565833333,"[1, 2, 4, 5, 7, 9, 10, 13, 17, 18, 19, 20]",,,71,0,12,ordinary,9,full_coverage_and_all_discovered_cleared,161,3859.572679,,0.10678941704099998
22,0,True,clustered__adversarial-spatial__71,clustered__adversarial-spatial,12,20,12,153,0.09767999999999688,12,0,8,,0,131,trial80_9,[],19098.589129951815,0,0.0,389.47648541666666,"[1, 2, 4, 5, 7, 9, 10, 13, 17, 18, 19, 20]",,,71,0,12,ordinary,9,full_coverage_and_all_discovered_cleared,115,4673.717825,,0.09804879198782146
21,0,True,clustered__adversarial-spatial__71,clustered__adversarial-spatial,12,12,12,144,0.028988999999995713,12,0,0,,0,130,cov_mean9,[],19129.246830948425,0,0.0,387.5707805833333,"[1, 2, 4, 5, 7, 9, 10, 13, 17, 18, 19, 20]",,,71,0,12,ordinary,9,full_coverage_and_all_discovered_cleared,115,4650.849367,,0.029062542016617954
22,0,True,clustered__adversarial-spatial__71,clustered__adversarial-spatial,12,20,12,153,0.02598199999999906,12,0,8,,0,131,cov_trial80_9,[],19098.589129951815,0,0.0,389.47648541666666,"[1, 2, 4, 5, 7, 9, 10, 13, 17, 18, 19, 20]",,,71,0,12,ordinary,9,full_coverage_and_all_discovered_cleared,115,4673.717825,,0.02605441602645442
21,0,True,clustered__adversarial-spatial__71,clustered__adversarial-spatial,11,19,12,151,0.024957999999998037,12,1,8,,0,130,cov_robust80_9,[],19456.951443819442,0,0.0,394.7825240833333,"[1, 2, 4, 5, 7, 9, 10, 13, 17, 18, 19, 20]",,,71,0,12,ordinary,9,full_coverage_and_all_discovered_cleared,115,4737.390289,,0.025017166044563055
22,0,True,clustered__adversarial-spatial__71,clustered__adversarial-spatial,12,20,12,153,0.029987000000005537,12,0,8,,0,131,cov_dynamic80_9,[],19098.589129951815,0,0.0,389.47648541666666,"[1, 2, 4, 5, 7, 9, 10, 13, 17, 18, 19, 20]",,,71,0,12,ordinary,9,full_coverage_and_all_discovered_cleared,115,4673.717825,,0.031814125017262995
13,0,True,clustered__adversarial-spatial__71,clustered__adversarial-spatial,11,21,12,175,0.030254999999996812,12,1,10,,0,152,cov_opportunistic80_9,[],13366.258133126426,0,0.0,305.18763583333333,"[1, 2, 4, 5, 7, 9, 10, 13, 17, 18, 19, 20]",,,71,0,12,ordinary,9,full_coverage_and_all_discovered_cleared,142,3662.25163,,0.04534374998183921
10,0,True,clustered__adversarial-spatial__71,clustered__adversarial-spatial,11,18,12,192,0.03135900000000902,12,1,7,,0,172,cov_deferred80_9,[],13671.955388595956,0,0.0,319.36592325,"[1, 2, 4, 5, 7, 9, 10, 13, 17, 18, 19, 20]",,,71,18,12,ordinary,9,full_coverage_and_all_discovered_cleared,160,3832.391079,,0.032221667002886534
23,0,True,clustered__adversarial-spatial__71,clustered__adversarial-spatial,11,20,12,133,0.027372999999997205,12,1,9,,0,111,cov_trial80_7,[],18246.951497140162,0,0.0,365.28252491666666,"[1, 2, 4, 5, 7, 9, 10, 13, 17, 18, 19, 20]",,,71,0,12,ordinary,7,full_coverage_and_all_discovered_cleared,95,4383.390299,,0.027673999953549355
22,0,True,clustered__adversarial-spatial__71,clustered__adversarial-spatial,10,19,12,131,0.0270049999999884,12,2,9,,0,110,cov_robust80_7,[],18700.20715057948,0,0.0,372.17011924999997,"[1, 2, 4, 5, 7, 9, 10, 13, 17, 18, 19, 20]",,,71,0,12,ordinary,7,full_coverage_and_all_discovered_cleared,95,4466.041431,,0.02732054202351719
18,0,True,boundary_min__n10__positive,boundary_min,10,10,10,169,0.18525900000000206,10,,,,0,157,baseline_peer9,[],16602.647510297622,0,0.0,429.8529501,"[2, 6, 13, 14, 15, 16, 17, 18, 19, 20]",,,242,,10,stress,9,full_coverage_and_all_discovered_cleared,143,4298.529501,,0.18760374997509643
20,0,True,boundary_min__n10__positive,boundary_min,10,10,10,145,0.226034999999996,10,,,,0,133,baseline_ring7,[],18915.729848560946,0,0.0,461.7145971,"[2, 6, 13, 14, 15, 16, 17, 18, 19, 20]",,,242,,10,stress,7,full_coverage_and_all_discovered_cleared,119,4617.145971,,0.24234833294758573
16,0,True,boundary_min__n10__positive,boundary_min,10,10,10,169,0.15032700000000432,10,,,,0,157,dynamic_greedy9,[],15409.82825150404,0,0.0,406.3965651,"[2, 6, 13, 14, 15, 16, 17, 18, 19, 20]",0.00023287395015358925,9,242,,10,stress,9,full_coverage_and_all_discovered_cleared,147,4063.965651,"[0, 1, 8, 7, 6, 5, 4, 3, 2]",0.15126554196467623
16,0,True,boundary_min__n10__positive,boundary_min,10,10,10,169,0.16118900000000735,10,,,,0,157,dynamic_two_opt9,[],15409.82825150404,0,0.0,406.3965651,"[2, 6, 13, 14, 15, 16, 17, 18, 19, 20]",0.00031220802338793874,9,242,,10,stress,9,full_coverage_and_all_discovered_cleared,147,4063.965651,"[0, 1, 8, 7, 6, 5, 4, 3, 2]",0.16509095899527892
6,0,True,boundary_min__n10__positive,boundary_min,10,10,10,183,0.06611600000000806,10,0,0,,0,171,deferred9,[],19723.6747898285,0,0.0,500.9734958,"[2, 6, 13, 14, 15, 16, 17, 18, 19, 20]",,,242,15,10,stress,9,full_coverage_and_all_discovered_cleared,160,5009.734958,,0.06649033300345764
6,0,True,boundary_min__n10__positive,boundary_min,10,10,10,183,0.07164499999998952,10,0,0,,0,171,opportunistic200_9,[],19723.6747898285,0,0.0,500.9734958,"[2, 6, 13, 14, 15, 16, 17, 18, 19, 20]",,,242,15,10,stress,9,full_coverage_and_all_discovered_cleared,160,5009.734958,,0.07548004202544689
6,0,True,boundary_min__n10__positive,boundary_min,10,10,10,183,0.06744799999999884,10,0,0,,0,171,opportunistic600_9,[],19723.6747898285,0,0.0,500.9734958,"[2, 6, 13, 14, 15, 16, 17, 18, 19, 20]",,,242,15,10,stress,9,full_coverage_and_all_discovered_cleared,160,5009.734958,,0.06821720901643857
20,0,True,boundary_min__n10__positive,boundary_min,10,18,10,179,0.11386799999999653,10,0,8,,0,159,trial80_9,[],16454.982088511613,0,0.0,430.2996416,"[2, 6, 13, 14, 15, 16, 17, 18, 19, 20]",,,242,0,10,stress,9,full_coverage_and_all_discovered_cleared,143,4302.996416,,0.11503104196162894
18,0,True,boundary_min__n10__positive,boundary_min,10,10,10,169,0.02855300000000227,10,0,0,,0,157,cov_mean9,[],16543.93071293933,0,0.0,428.67861419999997,"[2, 6, 13, 14, 15, 16, 17, 18, 19, 20]",,,242,0,10,stress,9,full_coverage_and_all_discovered_cleared,143,4286.786142,,0.028897167008835822
20,0,True,boundary_min__n10__positive,boundary_min,10,18,10,179,0.025583999999994944,10,0,8,,0,159,cov_trial80_9,[],16454.982088511613,0,0.0,430.2996416,"[2, 6, 13, 14, 15, 16, 17, 18, 19, 20]",,,242,0,10,stress,9,full_coverage_and_all_discovered_cleared,143,4302.996416,,0.025783165998291224
20,0,True,boundary_min__n10__positive,boundary_min,10,18,10,179,0.02580399999999372,10,0,8,,0,159,cov_robust80_9,[],16453.379729021643,0,0.0,430.26759419999996,"[2, 6, 13, 14, 15, 16, 17, 18, 19, 20]",,,242,0,10,stress,9,full_coverage_and_all_discovered_cleared,143,4302.675942,,0.026098207978066057
16,0,True,boundary_min__n10__positive,boundary_min,10,16,10,175,0.021987999999993235,10,0,6,,0,157,cov_dynamic80_9,[],15272.82051784754,0,0.0,405.4564104,"[2, 6, 13, 14, 15, 16, 17, 18, 19, 20]",,,242,0,10,stress,9,full_coverage_and_all_discovered_cleared,147,4054.564104,,0.022075124958064407
6,0,True,boundary_min__n10__positive,boundary_min,10,12,10,185,0.017781999999996856,10,0,2,,0,171,cov_opportunistic80_9,[],19672.99416578852,0,0.0,500.55988319999994,"[2, 6, 13, 14, 15, 16, 17, 18, 19, 20]",,,242,15,10,stress,9,full_coverage_and_all_discovered_cleared,160,5005.598832,,0.01788137503899634
6,0,True,boundary_min__n10__positive,boundary_min,10,12,10,185,0.017582000000004427,10,0,2,,0,171,cov_deferred80_9,[],19672.99416578852,0,0.0,500.55988319999994,"[2, 6, 13, 14, 15, 16, 17, 18, 19, 20]",,,242,15,10,stress,9,full_coverage_and_all_discovered_cleared,160,5005.598832,,0.017715832975227386
22,0,True,boundary_min__n10__positive,boundary_min,10,20,10,157,0.02577399999999841,10,0,10,,0,135,cov_trial80_7,[],18724.246612208717,0,0.0,461.88493239999997,"[2, 6, 13, 14, 15, 16, 17, 18, 19, 20]",,,242,0,10,stress,7,full_coverage_and_all_discovered_cleared,119,4618.849324,,0.025868083001114428
22,0,True,boundary_min__n10__positive,boundary_min,10,20,10,157,0.025222999999996887,10,0,10,,0,135,cov_robust80_7,[],18723.225060109755,0,0.0,461.8645012,"[2, 6, 13, 14, 15, 16, 17, 18, 19, 20]",,,242,0,10,stress,7,full_coverage_and_all_discovered_cleared,119,4618.645012,,0.025354749988764524
16,0,True,boundary_min__n10__negative,boundary_min,10,10,10,167,0.1656950000000137,10,,,,0,155,baseline_peer9,[],16504.586614695923,0,0.0,426.89173229999994,"[2, 6, 13, 14, 15, 16, 17, 18, 19, 20]",,,243,,10,stress,9,full_coverage_and_all_discovered_cleared,143,4268.917323,,0.17248612502589822
18,0,True,boundary_min__n10__negative,boundary_min,10,10,10,143,0.1686949999999996,10,,,,0,131,baseline_ring7,[],18840.502687811204,0,0.0,459.2100536,"[2, 6, 13, 14, 15, 16, 17, 18, 19, 20]",,,243,,10,stress,7,full_coverage_and_all_discovered_cleared,119,4592.100536,,0.16936850000638515
17,0,True,boundary_min__n10__negative,boundary_min,10,10,10,170,0.16852299999999332,10,,,,0,158,dynamic_greedy9,[],15472.538054636836,0,0.0,408.1507612,"[2, 6, 13, 14, 15, 16, 17, 18, 19, 20]",0.00020262395264580846,9,243,,10,stress,9,full_coverage_and_all_discovered_cleared,147,4081.507612,"[0, 1, 8, 7, 6, 5, 4, 3, 2]",0.1686301669687964
17,0,True,boundary_min__n10__negative,boundary_min,10,10,10,170,0.17005600000000243,10,,,,0,158,dynamic_two_opt9,[],15472.538054636836,0,0.0,408.1507612,"[2, 6, 13, 14, 15, 16, 17, 18, 19, 20]",0.0002741659409366548,9,243,,10,stress,9,full_coverage_and_all_discovered_cleared,147,4081.507612,"[0, 1, 8, 7, 6, 5, 4, 3, 2]",0.1704600829980336
4,0,True,boundary_min__n10__negative,boundary_min,10,10,10,181,0.04087100000000987,10,0,0,,0,169,deferred9,[],19405.89753749131,0,0.0,493.61795060000003,"[2, 6, 13, 14, 15, 16, 17, 18, 19, 20]",,,243,15,10,stress,9,full_coverage_and_all_discovered_cleared,160,4936.179506,,0.04090333299245685
4,0,True,boundary_min__n10__negative,boundary_min,10,10,10,181,0.04057299999999486,10,0,0,,0,169,opportunistic200_9,[],19405.89753749131,0,0.0,493.61795060000003,"[2, 6, 13, 14, 15, 16, 17, 18, 19, 20]",,,243,15,10,stress,9,full_coverage_and_all_discovered_cleared,160,4936.179506,,0.04063766699982807
4,0,True,boundary_min__n10__negative,boundary_min,10,10,10,181,0.04021500000000344,10,0,0,,0,169,opportunistic600_9,[],19405.89753749131,0,0.0,493.61795060000003,"[2, 6, 13, 14, 15, 16, 17, 18, 19, 20]",,,243,15,10,stress,9,full_coverage_and_all_discovered_cleared,160,4936.179506,,0.04022533301031217
16,0,True,boundary_min__n10__negative,boundary_min,10,16,10,173,0.08964999999999179,10,0,6,,0,155,trial80_9,[],16346.240663976825,0,0.0,425.5248132,"[2, 6, 13, 14, 15, 16, 17, 18, 19, 20]",,,243,0,10,stress,9,full_coverage_and_all_discovered_cleared,143,4255.248132,,0.0900234580039978
16,0,True,boundary_min__n10__negative,boundary_min,10,10,10,167,0.025046000000003232,10,0,0,,0,155,cov_mean9,[],16493.42960282078,0,0.0,426.6685921,"[2, 6, 13, 14, 15, 16, 17, 18, 19, 20]",,,243,0,10,stress,9,full_coverage_and_all_discovered_cleared,143,4266.685921,,0.025095707969740033
16,0,True,boundary_min__n10__negative,boundary_min,10,16,10,173,0.021754000000001383,10,0,6,,0,155,cov_trial80_9,[],16346.240663976825,0,0.0,425.5248132,"[2, 6, 13, 14, 15, 16, 17, 18, 19, 20]",,,243,0,10,stress,9,full_coverage_and_all_discovered_cleared,143,4255.248132,,0.021839208027813584
16,0,True,boundary_min__n10__negative,boundary_min,10,16,10,173,0.02213500000000579,10,0,6,,0,155,cov_robust80_9,[],16346.240663976825,0,0.0,425.5248132,"[2, 6, 13, 14, 15, 16, 17, 18, 19, 20]",,,243,0,10,stress,9,full_coverage_and_all_discovered_cleared,143,4255.248132,,0.022185167006682605
18,0,True,boundary_min__n10__negative,boundary_min,10,17,10,178,0.024329000000008705,10,0,7,,0,159,cov_dynamic80_9,[],15295.214922319212,0,0.0,407.2042987,"[2, 6, 13, 14, 15, 16, 17, 18, 19, 20]",,,243,0,10,stress,9,full_coverage_and_all_discovered_cleared,147,4072.042987,,0.02448404097231105
6,0,True,boundary_min__n10__negative,boundary_min,10,12,10,185,0.017398000000000025,10,0,2,,0,171,cov_opportunistic80_9,[],19724.97443939483,0,0.0,501.59948860000003,"[2, 6, 13, 14, 15, 16, 17, 18, 19, 20]",,,243,15,10,stress,9,full_coverage_and_all_discovered_cleared,160,5015.994886,,0.017425665981136262
6,0,True,boundary_min__n10__negative,boundary_min,10,12,10,185,0.01697299999999302,10,0,2,,0,171,cov_deferred80_9,[],19724.97443939483,0,0.0,501.59948860000003,"[2, 6, 13, 14, 15, 16, 17, 18, 19, 20]",,,243,15,10,stress,9,full_coverage_and_all_discovered_cleared,160,5015.994886,,0.01701362495077774
20,0,True,boundary_min__n10__negative,boundary_min,10,18,10,153,0.024059999999991533,10,0,8,,0,133,cov_trial80_7,[],18729.128527285553,0,0.0,460.382571,"[2, 6, 13, 14, 15, 16, 17, 18, 19, 20]",,,243,0,10,stress,7,full_coverage_and_all_discovered_cleared,119,4603.82571,,0.02415974996984005
20,0,True,boundary_min__n10__negative,boundary_min,10,18,10,153,0.02386100000001079,10,0,8,,0,133,cov_robust80_7,[],18724.5253691296,0,0.0,460.29050800000005,"[2, 6, 13, 14, 15, 16, 17, 18, 19, 20]",,,243,0,10,stress,7,full_coverage_and_all_discovered_cleared,119,4602.90508,,0.023907249968033284
15,0,True,boundary_min__n10__spatial,boundary_min,10,10,10,166,0.14640900000000556,10,,,,0,154,baseline_peer9,[],16518.414023848596,0,0.0,426.66828050000004,"[2, 6, 13, 14, 15, 16, 17, 18, 19, 20]",,,244,,10,stress,9,full_coverage_and_all_discovered_cleared,143,4266.682805,,0.14658970799064264
17,0,True,boundary_min__n10__spatial,boundary_min,10,10,10,142,0.17095399999999472,10,,,,0,130,baseline_ring7,[],18887.81146752854,0,0.0,459.6562296,"[2, 6, 13, 14, 15, 16, 17, 18, 19, 20]",,,244,,10,stress,7,full_coverage_and_all_discovered_cleared,119,4596.562296,,0.17104308400303125
16,0,True,boundary_min__n10__spatial,boundary_min,10,10,10,169,0.15638000000001284,10,,,,0,157,dynamic_greedy9,[],15446.111374648353,0,0.0,407.1222275,"[2, 6, 13, 14, 15, 16, 17, 18, 19, 20]",0.00019958300981670618,9,244,,10,stress,9,full_coverage_and_all_discovered_cleared,147,4071.222275,"[0, 1, 8, 7, 6, 5, 4, 3, 2]",0.1564633749658242
16,0,True,boundary_min__n10__spatial,boundary_min,10,10,10,169,0.15659100000000592,10,,,,0,157,dynamic_two_opt9,[],15446.111374648353,0,0.0,407.1222275,"[2, 6, 13, 14, 15, 16, 17, 18, 19, 20]",0.0002572530647739768,9,244,,10,stress,9,full_coverage_and_all_discovered_cleared,147,4071.222275,"[0, 1, 8, 7, 6, 5, 4, 3, 2]",0.15698816603980958
6,0,True,boundary_min__n10__spatial,boundary_min,10,10,10,186,0.06498700000000213,10,0,0,,0,174,deferred9,[],19595.523484028803,0,0.0,500.3104698,"[2, 6, 13, 14, 15, 16, 17, 18, 19, 20]",,,244,12,10,stress,9,full_coverage_and_all_discovered_cleared,164,5003.104698,,0.0650351659860462
6,0,True,boundary_min__n10__spatial,boundary_min,10,10,10,186,0.06474500000000205,10,0,0,,0,174,opportunistic200_9,[],19595.523484028803,0,0.0,500.3104698,"[2, 6, 13, 14, 15, 16, 17, 18, 19, 20]",,,244,12,10,stress,9,full_coverage_and_all_discovered_cleared,164,5003.104698,,0.06479304103413597
6,0,True,boundary_min__n10__spatial,boundary_min,10,10,10,186,0.06467800000000068,10,0,0,,0,174,opportunistic600_9,[],19595.523484028803,0,0.0,500.3104698,"[2, 6, 13, 14, 15, 16, 17, 18, 19, 20]",,,244,12,10,stress,9,full_coverage_and_all_discovered_cleared,164,5003.104698,,0.06473179202293977
16,0,True,boundary_min__n10__spatial,boundary_min,10,15,10,172,0.1029100000000085,10,0,5,,0,155,trial80_9,[],16408.253476649632,0,0.0,426.4650696,"[2, 6, 13, 14, 15, 16, 17, 18, 19, 20]",,,244,0,10,stress,9,full_coverage_and_all_discovered_cleared,143,4264.650696,,0.10299187497003004
15,0,True,boundary_min__n10__spatial,boundary_min,10,10,10,166,0.023660000000006676,10,0,0,,0,154,cov_mean9,[],16513.105040209153,0,0.0,426.5621009,"[2, 6, 13, 14, 15, 16, 17, 18, 19, 20]",,,244,0,10,stress,9,full_coverage_and_all_discovered_cleared,143,4265.621009,,0.023688459012191743
16,0,True,boundary_min__n10__spatial,boundary_min,10,15,10,172,0.02159799999999734,10,0,5,,0,155,cov_trial80_9,[],16408.253476649632,0,0.0,426.4650696,"[2, 6, 13, 14, 15, 16, 17, 18, 19, 20]",,,244,0,10,stress,9,full_coverage_and_all_discovered_cleared,143,4264.650696,,0.02159854199271649
16,0,True,boundary_min__n10__spatial,boundary_min,10,15,10,172,0.02155499999999222,10,0,5,,0,155,cov_robust80_9,[],16409.336450845545,0,0.0,426.48672909999993,"[2, 6, 13, 14, 15, 16, 17, 18, 19, 20]",,,244,0,10,stress,9,full_coverage_and_all_discovered_cleared,143,4264.867291,,0.021580291038844734
17,0,True,boundary_min__n10__spatial,boundary_min,10,16,10,176,0.023171000000004938,10,0,6,,0,158,cov_dynamic80_9,[],15307.7071634381,0,0.0,406.6541434,"[2, 6, 13, 14, 15, 16, 17, 18, 19, 20]",,,244,0,10,stress,9,full_coverage_and_all_discovered_cleared,147,4066.541434,,0.02319545904174447
7,0,True,boundary_min__n10__spatial,boundary_min,10,13,10,190,0.01787000000000205,10,0,3,,0,175,cov_opportunistic80_9,[],19721.16943853541,0,0.0,504.22338890000003,"[2, 6, 13, 14, 15, 16, 17, 18, 19, 20]",,,244,12,10,stress,9,full_coverage_and_all_discovered_cleared,164,5042.233889,,0.017869458009954542
7,0,True,boundary_min__n10__spatial,boundary_min,10,13,10,190,0.01808100000000934,10,0,3,,0,175,cov_deferred80_9,[],19721.16943853541,0,0.0,504.22338890000003,"[2, 6, 13, 14, 15, 16, 17, 18, 19, 20]",,,244,12,10,stress,9,full_coverage_and_all_discovered_cleared,164,5042.233889,,0.018119624990504235
21,0,True,boundary_min__n10__spatial,boundary_min,10,17,10,153,0.025807000000000357,10,0,7,,0,134,cov_trial80_7,[],18868.617217426916,0,0.0,463.3723446,"[2, 6, 13, 14, 15, 16, 17, 18, 19, 20]",,,244,0,10,stress,7,full_coverage_and_all_discovered_cleared,119,4633.723446,,0.0258374169934541
21,0,True,boundary_min__n10__spatial,boundary_min,10,17,10,153,0.02583500000000072,10,0,7,,0,134,cov_robust80_7,[],18862.46556371037,0,0.0,463.2493114,"[2, 6, 13, 14, 15, 16, 17, 18, 19, 20]",,,244,0,10,stress,7,full_coverage_and_all_discovered_cleared,119,4632.493114,,0.025879207998514175
24,0,True,boundary_min__n16__positive,boundary_min,16,16,16,159,0.21896600000000888,16,,,,0,141,baseline_peer9,[],20726.25769111856,0,0.0,316.2032209375,"[1, 2, 3, 5, 6, 7, 9, 10, 11, 12, 13, 14, 16, 18, 19, 20]",,,245,,16,stress,9,full_coverage_and_all_discovered_cleared,129,5059.251535,,0.21919808303937316
32,0,True,boundary_min__n16__positive,boundary_min,16,16,16,147,0.29189700000000585,16,,,,0,129,baseline_ring7,[],25258.664127139808,0,0.0,367.920801625,"[1, 2, 3, 5, 6, 7, 9, 10, 11, 12, 13, 14, 16, 18, 19, 20]",,,245,,16,stress,7,full_coverage_and_all_discovered_cleared,110,5886.732826,,0.2921074170153588
24,0,True,boundary_min__n16__positive,boundary_min,16,16,16,159,0.22140400000000682,16,,,,0,141,dynamic_greedy9,[],20726.25769111856,0,0.0,316.2032209375,"[1, 2, 3, 5, 6, 7, 9, 10, 11, 12, 13, 14, 16, 18, 19, 20]",0.00022087694378569722,9,245,,16,stress,9,full_coverage_and_all_discovered_cleared,129,5059.251535,"[0, 1, 2, 3, 4, 5, 6, 7, 8]",0.22205341700464487
24,0,True,boundary_min__n16__positive,boundary_min,16,16,16,159,0.2188680000000005,16,,,,0,141,dynamic_two_opt9,[],20726.25769111856,0,0.0,316.2032209375,"[1, 2, 3, 5, 6, 7, 9, 10, 11, 12, 13, 14, 16, 18, 19, 20]",0.00027912494260817766,9,245,,16,stress,9,full_coverage_and_all_discovered_cleared,129,5059.251535,"[0, 1, 2, 3, 4, 5, 6, 7, 8]",0.2190556660061702
15,0,True,boundary_min__n16__positive,boundary_min,16,16,16,192,0.15662999999999272,16,0,0,,0,174,deferred9,[],20191.936496577266,0,0.0,321.649206,"[1, 2, 3, 5, 6, 7, 9, 10, 11, 12, 13, 14, 16, 18, 19, 20]",,,245,21,16,stress,9,public_upper_bound_16,158,5146.387296,,0.1567309590172954
15,0,True,boundary_min__n16__positive,boundary_min,16,16,16,192,0.15586600000000317,16,0,0,,0,174,opportunistic200_9,[],20191.936496577266,0,0.0,321.649206,"[1, 2, 3, 5, 6, 7, 9, 10, 11, 12, 13, 14, 16, 18, 19, 20]",,,245,21,16,stress,9,public_upper_bound_16,158,5146.387296,,0.15593137504765764
15,0,True,boundary_min__n16__positive,boundary_min,16,16,16,192,0.15722499999999684,16,0,0,,0,174,opportunistic600_9,[],20191.936496577266,0,0.0,321.649206,"[1, 2, 3, 5, 6, 7, 9, 10, 11, 12, 13, 14, 16, 18, 19, 20]",,,245,21,16,stress,9,public_upper_bound_16,158,5146.387296,,0.15726737503428012
24,0,True,boundary_min__n16__positive,boundary_min,16,24,16,167,0.13072400000000073,16,0,8,,0,141,trial80_9,[],20481.819003192068,0,0.0,314.6477374375,"[1, 2, 3, 5, 6, 7, 9, 10, 11, 12, 13, 14, 16, 18, 19, 20]",,,245,0,16,stress,9,public_upper_bound_16,129,5034.363799,,0.13082337501691654
24,0,True,boundary_min__n16__positive,boundary_min,16,16,16,159,0.03490800000000149,16,0,0,,0,141,cov_mean9,[],20726.25769111856,0,0.0,316.2032209375,"[1, 2, 3, 5, 6, 7, 9, 10, 11, 12, 13, 14, 16, 18, 19, 20]",,,245,0,16,stress,9,public_upper_bound_16,129,5059.251535,,0.034921665966976434
24,0,True,boundary_min__n16__positive,boundary_min,16,24,16,167,0.030749000000000137,16,0,8,,0,141,cov_trial80_9,[],20481.819003192068,0,0.0,314.6477374375,"[1, 2, 3, 5, 6, 7, 9, 10, 11, 12, 13, 14, 16, 18, 19, 20]",,,245,0,16,stress,9,public_upper_bound_16,129,5034.363799,,0.030762957991100848
24,0,True,boundary_min__n16__positive,boundary_min,16,24,16,167,0.030880000000010455,16,0,8,,0,141,cov_robust80_9,[],20481.819003192068,0,0.0,314.6477374375,"[1, 2, 3, 5, 6, 7, 9, 10, 11, 12, 13, 14, 16, 18, 19, 20]",,,245,0,16,stress,9,public_upper_bound_16,129,5034.363799,,0.030909875000361353
24,0,True,boundary_min__n16__positive,boundary_min,16,24,16,167,0.030944999999988454,16,0,8,,0,141,cov_dynamic80_9,[],20481.819003192068,0,0.0,314.6477374375,"[1, 2, 3, 5, 6, 7, 9, 10, 11, 12, 13, 14, 16, 18, 19, 20]",,,245,0,16,stress,9,public_upper_bound_16,129,5034.363799,,0.030954834015574306
8,0,True,boundary_min__n16__positive,boundary_min,16,16,16,185,0.023355999999992605,16,0,0,,0,167,cov_opportunistic80_9,[],21130.986658513884,0,0.0,331.1998331875,"[1, 2, 3, 5, 6, 7, 9, 10, 11, 12, 13, 14, 16, 18, 19, 20]",,,245,21,16,stress,9,public_upper_bound_16,158,5299.197331,,0.023384875035844743
8,0,True,boundary_min__n16__positive,boundary_min,16,16,16,185,0.02378299999999456,16,0,0,,0,167,cov_deferred80_9,[],21130.986658513884,0,0.0,331.1998331875,"[1, 2, 3, 5, 6, 7, 9, 10, 11, 12, 13, 14, 16, 18, 19, 20]",,,245,21,16,stress,9,public_upper_bound_16,158,5299.197331,,0.023789708968251944
31,0,True,boundary_min__n16__positive,boundary_min,12,28,16,158,0.03537499999998772,16,4,16,,0,128,cov_trial80_7,[],25141.323583989233,0,0.0,368.3915443125,"[1, 2, 3, 5, 6, 7, 9, 10, 11, 12, 13, 14, 16, 18, 19, 20]",,,245,0,16,stress,7,public_upper_bound_16,110,5894.264709,,0.035405583039391786
31,0,True,boundary_min__n16__positive,boundary_min,12,28,16,158,0.03506300000000806,16,4,16,,0,128,cov_robust80_7,[],25137.71312208545,0,0.0,368.3464136875,"[1, 2, 3, 5, 6, 7, 9, 10, 11, 12, 13, 14, 16, 18, 19, 20]",,,245,0,16,stress,7,public_upper_bound_16,110,5893.542619,,0.035081917012576014
31,0,True,boundary_min__n16__negative,boundary_min,16,16,16,166,0.3250139999999959,16,,,,0,148,baseline_peer9,[],19887.939646428087,0,0.0,307.9117453125,"[1, 2, 3, 5, 6, 7, 9, 10, 11, 12, 13, 14, 16, 18, 19, 20]",,,246,,16,stress,9,full_coverage_and_all_discovered_cleared,129,4926.587925,,0.32551795803010464
32,0,True,boundary_min__n16__negative,boundary_min,16,16,16,147,0.3438070000000124,16,,,,0,129,baseline_ring7,[],27024.849690589563,0,0.0,389.9981213125,"[1, 2, 3, 5, 6, 7, 9, 10, 11, 12, 13, 14, 16, 18, 19, 20]",,,246,,16,stress,7,full_coverage_and_all_discovered_cleared,110,6239.969941,,0.3446385420393199
31,0,True,boundary_min__n16__negative,boundary_min,16,16,16,166,0.3345910000000032,16,,,,0,148,dynamic_greedy9,[],19887.939646428087,0,0.0,307.9117453125,"[1, 2, 3, 5, 6, 7, 9, 10, 11, 12, 13, 14, 16, 18, 19, 20]",0.00021999911405146122,9,246,,16,stress,9,full_coverage_and_all_discovered_cleared,129,4926.587925,"[0, 1, 2, 3, 4, 5, 6, 7, 8]",0.3378254580311477
31,0,True,boundary_min__n16__negative,boundary_min,16,16,16,166,0.32904800000000023,16,,,,0,148,dynamic_two_opt9,[],19887.939646428087,0,0.0,307.9117453125,"[1, 2, 3, 5, 6, 7, 9, 10, 11, 12, 13, 14, 16, 18, 19, 20]",0.0002954169758595526,9,246,,16,stress,9,full_coverage_and_all_discovered_cleared,129,4926.587925,"[0, 1, 2, 3, 4, 5, 6, 7, 8]",0.3296355830389075
16,0,True,boundary_min__n16__negative,boundary_min,16,16,16,193,0.1691069999999968,16,0,0,,0,175,deferred9,[],21362.49869933643,0,0.0,336.5937335625,"[1, 2, 3, 5, 6, 7, 9, 10, 11, 12, 13, 14, 16, 18, 19, 20]",,,246,21,16,stress,9,public_upper_bound_16,158,5385.499737,,0.16936050000367686
16,0,True,boundary_min__n16__negative,boundary_min,16,16,16,193,0.1681250000000034,16,0,0,,0,175,opportunistic200_9,[],21362.49869933643,0,0.0,336.5937335625,"[1, 2, 3, 5, 6, 7, 9, 10, 11, 12, 13, 14, 16, 18, 19, 20]",,,246,21,16,stress,9,public_upper_bound_16,158,5385.499737,,0.16829195903846994
16,0,True,boundary_min__n16__negative,boundary_min,16,16,16,193,0.16633500000000367,16,0,0,,0,175,opportunistic600_9,[],21362.49869933643,0,0.0,336.5937335625,"[1, 2, 3, 5, 6, 7, 9, 10, 11, 12, 13, 14, 16, 18, 19, 20]",,,246,21,16,stress,9,public_upper_bound_16,158,5385.499737,,0.16648399998666719
32,0,True,boundary_min__n16__negative,boundary_min,16,31,16,182,0.16285400000001005,16,0,15,,0,149,trial80_9,[],19533.11001830285,0,0.0,306.6013756875,"[1, 2, 3, 5, 6, 7, 9, 10, 11, 12, 13, 14, 16, 18, 19, 20]",,,246,0,16,stress,9,public_upper_bound_16,129,4905.622011,,0.1631189999752678
25,0,True,boundary_min__n16__negative,boundary_min,16,16,16,160,0.03661999999999921,16,0,0,,0,142,cov_mean9,[],20769.53921182109,0,0.0,317.05673975,"[1, 2, 3, 5, 6, 7, 9, 10, 11, 12, 13, 14, 16, 18, 19, 20]",,,246,0,16,stress,9,public_upper_bound_16,129,5072.907836,,0.03665933304000646
26,0,True,boundary_min__n16__negative,boundary_min,16,25,16,170,0.03305499999999029,16,0,9,,0,143,cov_trial80_9,[],20575.676368002765,0,0.0,316.6334544375,"[1, 2, 3, 5, 6, 7, 9, 10, 11, 12, 13, 14, 16, 18, 19, 20]",,,246,0,16,stress,9,public_upper_bound_16,129,5066.135271,,0.033075999992433935
24,0,True,boundary_min__n16__negative,boundary_min,15,24,16,167,0.03139800000001003,16,1,9,,0,141,cov_robust80_9,[],20241.58804590545,0,0.0,311.644850375,"[1, 2, 3, 5, 6, 7, 9, 10, 11, 12, 13, 14, 16, 18, 19, 20]",,,246,0,16,stress,9,public_upper_bound_16,129,4986.317606,,0.03141291701467708
26,0,True,boundary_min__n16__negative,boundary_min,16,25,16,170,0.03285200000000543,16,0,9,,0,143,cov_dynamic80_9,[],20575.676368002765,0,0.0,316.6334544375,"[1, 2, 3, 5, 6, 7, 9, 10, 11, 12, 13, 14, 16, 18, 19, 20]",,,246,0,16,stress,9,public_upper_bound_16,129,5066.135271,,0.03285762498853728
16,0,True,boundary_min__n16__negative,boundary_min,16,24,16,201,0.029313999999999396,16,0,8,,0,175,cov_opportunistic80_9,[],21178.36394971938,0,0.0,335.7920495625,"[1, 2, 3, 5, 6, 7, 9, 10, 11, 12, 13, 14, 16, 18, 19, 20]",,,246,21,16,stress,9,public_upper_bound_16,158,5372.672793,,0.029330457968171686
16,0,True,boundary_min__n16__negative,boundary_min,16,24,16,201,0.029209999999991965,16,0,8,,0,175,cov_deferred80_9,[],21178.36394971938,0,0.0,335.7920495625,"[1, 2, 3, 5, 6, 7, 9, 10, 11, 12, 13, 14, 16, 18, 19, 20]",,,246,21,16,stress,9,public_upper_bound_16,158,5372.672793,,0.029227834020275623
33,0,True,boundary_min__n16__negative,boundary_min,14,30,16,162,0.037296000000011986,16,2,16,,0,130,cov_trial80_7,[],26912.683263933573,0,0.0,391.5335411875,"[1, 2, 3, 5, 6, 7, 9, 10, 11, 12, 13, 14, 16, 18, 19, 20]",,,246,0,16,stress,7,public_upper_bound_16,110,6264.536659,,0.03730087500298396
33,0,True,boundary_min__n16__negative,boundary_min,14,30,16,162,0.03723200000000304,16,2,16,,0,130,cov_robust80_7,[],26912.438673741475,0,0.0,391.53048375,"[1, 2, 3, 5, 6, 7, 9, 10, 11, 12, 13, 14, 16, 18, 19, 20]",,,246,0,16,stress,7,public_upper_bound_16,110,6264.48774,,0.03724179201526567
29,0,True,boundary_min__n16__spatial,boundary_min,16,16,16,164,0.270512999999994,16,,,,0,146,baseline_peer9,[],20368.89560949538,0,0.0,313.298695,"[1, 2, 3, 5, 6, 7, 9, 10, 11, 12, 13, 14, 16, 18, 19, 20]",,,247,,16,stress,9,full_coverage_and_all_discovered_cleared,129,5012.77912,,0.2706012499984354
27,0,True,boundary_min__n16__spatial,boundary_min,16,16,16,142,0.2772289999999913,16,,,,0,124,baseline_ring7,[],26094.701911017302,0,0.0,376.808774,"[1, 2, 3, 5, 6, 7, 9, 10, 11, 12, 13, 14, 16, 18, 19, 20]",,,247,,16,stress,7,full_coverage_and_all_discovered_cleared,110,6028.940384,,0.2783363750204444
29,0,True,boundary_min__n16__spatial,boundary_min,16,16,16,164,0.27024000000000115,16,,,,0,146,dynamic_greedy9,[],20368.89560949538,0,0.0,313.298695,"[1, 2, 3, 5, 6, 7, 9, 10, 11, 12, 13, 14, 16, 18, 19, 20]",0.00020658294670283794,9,247,,16,stress,9,full_coverage_and_all_discovered_cleared,129,5012.77912,"[0, 1, 2, 3, 4, 5, 6, 7, 8]",0.2704580419813283
29,0,True,boundary_min__n16__spatial,boundary_min,16,16,16,164,0.2702470000000119,16,,,,0,146,dynamic_two_opt9,[],20368.89560949538,0,0.0,313.298695,"[1, 2, 3, 5, 6, 7, 9, 10, 11, 12, 13, 14, 16, 18, 19, 20]",0.0002615409903228283,9,247,,16,stress,9,full_coverage_and_all_discovered_cleared,129,5012.77912,"[0, 1, 2, 3, 4, 5, 6, 7, 8]",0.2704615829861723
15,0,True,boundary_min__n16__spatial,boundary_min,16,16,16,198,0.15627899999999784,16,0,0,,0,180,deferred9,[],21384.73581566341,0,0.0,338.934197625,"[1, 2, 3, 5, 6, 7, 9, 10, 11, 12, 13, 14, 16, 18, 19, 20]",,,247,15,16,stress,9,public_upper_bound_16,166,5422.947162,,0.16010270902188495
15,0,True,boundary_min__n16__spatial,boundary_min,16,16,16,198,0.14899699999999427,16,0,0,,0,180,opportunistic200_9,[],21384.73581566341,0,0.0,338.934197625,"[1, 2, 3, 5, 6, 7, 9, 10, 11, 12, 13, 14, 16, 18, 19, 20]",,,247,15,16,stress,9,public_upper_bound_16,166,5422.947162,,0.14927666599396616
15,0,True,boundary_min__n16__spatial,boundary_min,16,16,16,198,0.15012500000000273,16,0,0,,0,180,opportunistic600_9,[],21384.73581566341,0,0.0,338.934197625,"[1, 2, 3, 5, 6, 7, 9, 10, 11, 12, 13, 14, 16, 18, 19, 20]",,,247,15,16,stress,9,public_upper_bound_16,166,5422.947162,,0.15067974996054545
34,0,True,boundary_min__n16__spatial,boundary_min,16,29,16,182,0.18810299999999813,16,0,13,,0,151,trial80_9,[],20224.569478748967,0,0.0,315.4946188125,"[1, 2, 3, 5, 6, 7, 9, 10, 11, 12, 13, 14, 16, 18, 19, 20]",,,247,0,16,stress,9,public_upper_bound_16,129,5047.913901,,0.1883352089789696
26,0,True,boundary_min__n16__spatial,boundary_min,16,16,16,161,0.036811999999997624,16,0,0,,0,143,cov_mean9,[],20879.057564452625,0,0.0,318.7382195,"[1, 2, 3, 5, 6, 7, 9, 10, 11, 12, 13, 14, 16, 18, 19, 20]",,,247,0,16,stress,9,public_upper_bound_16,129,5099.811512,,0.03683195903431624
28,0,True,boundary_min__n16__spatial,boundary_min,16,26,16,173,0.03363199999999722,16,0,10,,0,145,cov_trial80_9,[],20678.530229479293,0,0.0,318.731628,"[1, 2, 3, 5, 6, 7, 9, 10, 11, 12, 13, 14, 16, 18, 19, 20]",,,247,0,16,stress,9,public_upper_bound_16,129,5099.706048,,0.033655290957540274
28,0,True,boundary_min__n16__spatial,boundary_min,16,26,16,173,0.03349999999998943,16,0,10,,0,145,cov_robust80_9,[],20675.839576156155,0,0.0,318.6979948125,"[1, 2, 3, 5, 6, 7, 9, 10, 11, 12, 13, 14, 16, 18, 19, 20]",,,247,0,16,stress,9,public_upper_bound_16,129,5099.167917,,0.03353087499272078
28,0,True,boundary_min__n16__spatial,boundary_min,16,26,16,173,0.03427399999999636,16,0,10,,0,145,cov_dynamic80_9,[],20678.530229479293,0,0.0,318.731628,"[1, 2, 3, 5, 6, 7, 9, 10, 11, 12, 13, 14, 16, 18, 19, 20]",,,247,0,16,stress,9,public_upper_bound_16,129,5099.706048,,0.0343019170104526
15,0,True,boundary_min__n16__spatial,boundary_min,16,23,16,205,0.027381999999988693,16,0,7,,0,180,cov_opportunistic80_9,[],21268.658766771558,0,0.0,338.79573475,"[1, 2, 3, 5, 6, 7, 9, 10, 11, 12, 13, 14, 16, 18, 19, 20]",,,247,15,16,stress,9,public_upper_bound_16,166,5420.731756,,0.0274525000131689
15,0,True,boundary_min__n16__spatial,boundary_min,16,23,16,205,0.027086999999994532,16,0,7,,0,180,cov_deferred80_9,[],21268.658766771558,0,0.0,338.79573475,"[1, 2, 3, 5, 6, 7, 9, 10, 11, 12, 13, 14, 16, 18, 19, 20]",,,247,15,16,stress,9,public_upper_bound_16,166,5420.731756,,0.027100833016447723
29,0,True,boundary_min__n16__spatial,boundary_min,15,25,16,153,0.03469800000000589,16,1,10,,0,126,cov_trial80_7,[],27041.04295481051,0,0.0,390.9505370625,"[1, 2, 3, 5, 6, 7, 9, 10, 11, 12, 13, 14, 16, 18, 19, 20]",,,247,0,16,stress,7,public_upper_bound_16,110,6255.208593,,0.03473012498579919
29,0,True,boundary_min__n16__spatial,boundary_min,15,25,16,153,0.035440000000008354,16,1,10,,0,126,cov_robust80_7,[],27040.76179123494,0,0.0,390.9470225,"[1, 2, 3, 5, 6, 7, 9, 10, 11, 12, 13, 14, 16, 18, 19, 20]",,,247,0,16,stress,7,public_upper_bound_16,110,6255.15236,,0.03548254200723022
16,0,True,near_collinear_min__n10__positive,near_collinear_min,10,10,10,140,0.13816400000000328,10,,,,0,128,baseline_peer9,[],16274.216844796223,0,0.0,405.8843372,"[4, 6, 10, 12, 14, 15, 16, 17, 18, 20]",,,248,,10,stress,9,full_coverage_and_all_discovered_cleared,114,4058.843372,,0.13829029200132936
16,0,True,near_collinear_min__n10__positive,near_collinear_min,10,10,10,118,0.14174500000000023,10,,,,0,106,baseline_ring7,[],15021.794585397869,0,0.0,367.9358918,"[4, 6, 10, 12, 14, 15, 16, 17, 18, 20]",,,248,,10,stress,7,full_coverage_and_all_discovered_cleared,95,3679.358918,,0.14246983302291483
16,0,True,near_collinear_min__n10__positive,near_collinear_min,10,10,10,140,0.1388859999999994,10,,,,0,128,dynamic_greedy9,[],16274.216844796223,0,0.0,405.8843372,"[4, 6, 10, 12, 14, 15, 16, 17, 18, 20]",0.0002069989568553865,9,248,,10,stress,9,full_coverage_and_all_discovered_cleared,114,4058.843372,"[0, 1, 2, 3, 4, 5, 6, 7, 8]",0.1390900409896858
16,0,True,near_collinear_min__n10__positive,near_collinear_min,10,10,10,140,0.13803799999999455,10,,,,0,128,dynamic_two_opt9,[],16274.216844796223,0,0.0,405.8843372,"[4, 6, 10, 12, 14, 15, 16, 17, 18, 20]",0.00027695903554558754,9,248,,10,stress,9,full_coverage_and_all_discovered_cleared,114,4058.843372,"[0, 1, 2, 3, 4, 5, 6, 7, 8]",0.13814962498145178
6,0,True,near_collinear_min__n10__positive,near_collinear_min,10,10,10,174,0.06555099999999925,10,0,0,,0,162,deferred9,[],16713.241258608163,0,0.0,435.56482539999996,"[4, 6, 10, 12, 14, 15, 16, 17, 18, 20]",,,248,24,10,stress,9,full_coverage_and_all_discovered_cleared,153,4355.648254,,0.0656344160088338
6,0,True,near_collinear_min__n10__positive,near_collinear_min,10,10,10,174,0.06465300000000695,10,0,0,,0,162,opportunistic200_9,[],16713.241258608163,0,0.0,435.56482539999996,"[4, 6, 10, 12, 14, 15, 16, 17, 18, 20]",,,248,24,10,stress,9,full_coverage_and_all_discovered_cleared,153,4355.648254,,0.06471695902291685
6,0,True,near_collinear_min__n10__positive,near_collinear_min,10,10,10,174,0.06508700000000545,10,0,0,,0,162,opportunistic600_9,[],16713.241258608163,0,0.0,435.56482539999996,"[4, 6, 10, 12, 14, 15, 16, 17, 18, 20]",,,248,24,10,stress,9,full_coverage_and_all_discovered_cleared,153,4355.648254,,0.06513624999206513
12,0,True,near_collinear_min__n10__positive,near_collinear_min,6,12,10,138,0.08138300000000243,10,4,6,,0,124,trial80_9,[],16131.619389713132,0,0.0,401.632388,"[4, 6, 10, 12, 14, 15, 16, 17, 18, 20]",,,248,0,10,stress,9,full_coverage_and_all_discovered_cleared,114,4016.32388,,0.0814581669983454
16,0,True,near_collinear_min__n10__positive,near_collinear_min,10,10,10,140,0.023544999999998595,10,0,0,,0,128,cov_mean9,[],16421.762616356187,0,0.0,408.8352527,"[4, 6, 10, 12, 14, 15, 16, 17, 18, 20]",,,248,0,10,stress,9,full_coverage_and_all_discovered_cleared,114,4088.352527,,0.023544874973595142
12,0,True,near_collinear_min__n10__positive,near_collinear_min,6,12,10,138,0.01866900000000271,10,4,6,,0,124,cov_trial80_9,[],16131.619389713132,0,0.0,401.632388,"[4, 6, 10, 12, 14, 15, 16, 17, 18, 20]",,,248,0,10,stress,9,full_coverage_and_all_discovered_cleared,114,4016.32388,,0.018710625008679926
12,0,True,near_collinear_min__n10__positive,near_collinear_min,6,12,10,138,0.018572000000006028,10,4,6,,0,124,cov_robust80_9,[],16131.619389713132,0,0.0,401.632388,"[4, 6, 10, 12, 14, 15, 16, 17, 18, 20]",,,248,0,10,stress,9,full_coverage_and_all_discovered_cleared,114,4016.32388,,0.01859304099343717
12,0,True,near_collinear_min__n10__positive,near_collinear_min,6,12,10,138,0.018972000000005096,10,4,6,,0,124,cov_dynamic80_9,[],16131.619389713132,0,0.0,401.632388,"[4, 6, 10, 12, 14, 15, 16, 17, 18, 20]",,,248,0,10,stress,9,full_coverage_and_all_discovered_cleared,114,4016.32388,,0.019015999976545572
8,0,True,near_collinear_min__n10__positive,near_collinear_min,10,16,10,180,0.01788099999998849,10,0,6,,0,162,cov_opportunistic80_9,[],17344.620536832193,0,0.0,450.09241099999997,"[4, 6, 10, 12, 14, 15, 16, 17, 18, 20]",,,248,16,10,stress,9,full_coverage_and_all_discovered_cleared,154,4500.92411,,0.01791462500113994
6,0,True,near_collinear_min__n10__positive,near_collinear_min,10,14,10,178,0.017961999999997147,10,0,4,,0,162,cov_deferred80_9,[],16646.260740409205,0,0.0,435.42521500000004,"[4, 6, 10, 12, 14, 15, 16, 17, 18, 20]",,,248,24,10,stress,9,full_coverage_and_all_discovered_cleared,153,4354.25215,,0.017961915989872068
12,0,True,near_collinear_min__n10__positive,near_collinear_min,6,12,10,116,0.018118999999998664,10,4,6,,0,102,cov_trial80_7,[],14871.137433212489,0,0.0,363.5227487,"[4, 6, 10, 12, 14, 15, 16, 17, 18, 20]",,,248,0,10,stress,7,full_coverage_and_all_discovered_cleared,95,3635.227487,,0.018145542009733617
12,0,True,near_collinear_min__n10__positive,near_collinear_min,6,12,10,116,0.018166000000007898,10,4,6,,0,102,cov_robust80_7,[],14871.137433212489,0,0.0,363.5227487,"[4, 6, 10, 12, 14, 15, 16, 17, 18, 20]",,,248,0,10,stress,7,full_coverage_and_all_discovered_cleared,95,3635.227487,,0.01816595799755305
16,0,True,near_collinear_min__n10__negative,near_collinear_min,10,10,10,140,0.12820899999999824,10,,,,0,128,baseline_peer9,[],16474.787472253523,0,0.0,409.8957496,"[4, 6, 10, 12, 14, 15, 16, 17, 18, 20]",,,249,,10,stress,9,full_coverage_and_all_discovered_cleared,114,4098.957496,,0.12835462496150285
16,0,True,near_collinear_min__n10__negative,near_collinear_min,10,10,10,118,0.1284830000000028,10,,,,0,106,baseline_ring7,[],15197.245901259488,0,0.0,371.44491819999996,"[4, 6, 10, 12, 14, 15, 16, 17, 18, 20]",,,249,,10,stress,7,full_coverage_and_all_discovered_cleared,95,3714.449182,,0.1286076660035178
16,0,True,near_collinear_min__n10__negative,near_collinear_min,10,10,10,140,0.129257999999993,10,,,,0,128,dynamic_greedy9,[],16474.787472253523,0,0.0,409.8957496,"[4, 6, 10, 12, 14, 15, 16, 17, 18, 20]",0.00019637495279312134,9,249,,10,stress,9,full_coverage_and_all_discovered_cleared,114,4098.957496,"[0, 1, 2, 3, 4, 5, 6, 7, 8]",0.1294660409912467
16,0,True,near_collinear_min__n10__negative,near_collinear_min,10,10,10,140,0.1292270000000002,10,,,,0,128,dynamic_two_opt9,[],16474.787472253523,0,0.0,409.8957496,"[4, 6, 10, 12, 14, 15, 16, 17, 18, 20]",0.000253042031545192,9,249,,10,stress,9,full_coverage_and_all_discovered_cleared,114,4098.957496,"[0, 1, 2, 3, 4, 5, 6, 7, 8]",0.129331459000241
6,0,True,near_collinear_min__n10__negative,near_collinear_min,10,10,10,174,0.06101900000000171,10,0,0,,0,162,deferred9,[],17156.002702040067,0,0.0,444.4200541,"[4, 6, 10, 12, 14, 15, 16, 17, 18, 20]",,,249,24,10,stress,9,full_coverage_and_all_discovered_cleared,153,4444.200541,,0.06105895899236202
6,0,True,near_collinear_min__n10__negative,near_collinear_min,10,10,10,174,0.06125300000000777,10,0,0,,0,162,opportunistic200_9,[],17156.002702040067,0,0.0,444.4200541,"[4, 6, 10, 12, 14, 15, 16, 17, 18, 20]",,,249,24,10,stress,9,full_coverage_and_all_discovered_cleared,153,4444.200541,,0.06127666600514203
6,0,True,near_collinear_min__n10__negative,near_collinear_min,10,10,10,174,0.06076999999999089,10,0,0,,0,162,opportunistic600_9,[],17156.002702040067,0,0.0,444.4200541,"[4, 6, 10, 12, 14, 15, 16, 17, 18, 20]",,,249,24,10,stress,9,full_coverage_and_all_discovered_cleared,153,4444.200541,,0.06079374998807907
14,0,True,near_collinear_min__n10__negative,near_collinear_min,8,14,10,142,0.06757000000000346,10,2,6,,0,126,trial80_9,[],16431.5986904072,0,0.0,409.2319742,"[4, 6, 10, 12, 14, 15, 16, 17, 18, 20]",,,249,0,10,stress,9,full_coverage_and_all_discovered_cleared,114,4092.319742,,0.06759370799409226
16,0,True,near_collinear_min__n10__negative,near_collinear_min,10,10,10,140,0.023261000000005083,10,0,0,,0,128,cov_mean9,[],16576.981161602827,0,0.0,411.93962330000005,"[4, 6, 10, 12, 14, 15, 16, 17, 18, 20]",,,249,0,10,stress,9,full_coverage_and_all_discovered_cleared,114,4119.396233,,0.023289166972972453
14,0,True,near_collinear_min__n10__negative,near_collinear_min,8,14,10,142,0.019101000000006252,10,2,6,,0,126,cov_trial80_9,[],16431.5986904072,0,0.0,409.2319742,"[4, 6, 10, 12, 14, 15, 16, 17, 18, 20]",,,249,0,10,stress,9,full_coverage_and_all_discovered_cleared,114,4092.319742,,0.01911070797359571
14,0,True,near_collinear_min__n10__negative,near_collinear_min,8,14,10,142,0.018577000000007615,10,2,6,,0,126,cov_robust80_9,[],16431.5986904072,0,0.0,409.2319742,"[4, 6, 10, 12, 14, 15, 16, 17, 18, 20]",,,249,0,10,stress,9,full_coverage_and_all_discovered_cleared,114,4092.319742,,0.018576291971839964
14,0,True,near_collinear_min__n10__negative,near_collinear_min,8,14,10,142,0.01917500000000416,10,2,6,,0,126,cov_dynamic80_9,[],16431.5986904072,0,0.0,409.2319742,"[4, 6, 10, 12, 14, 15, 16, 17, 18, 20]",,,249,0,10,stress,9,full_coverage_and_all_discovered_cleared,114,4092.319742,,0.01918933301931247
8,0,True,near_collinear_min__n10__negative,near_collinear_min,10,16,10,180,0.017419000000003848,10,0,6,,0,162,cov_opportunistic80_9,[],17332.002175137888,0,0.0,449.8400436,"[4, 6, 10, 12, 14, 15, 16, 17, 18, 20]",,,249,16,10,stress,9,full_coverage_and_all_discovered_cleared,154,4498.400436,,0.0174195000436157
6,0,True,near_collinear_min__n10__negative,near_collinear_min,10,14,10,178,0.017394999999993388,10,0,4,,0,162,cov_deferred80_9,[],17138.761928028107,0,0.0,445.2752386,"[4, 6, 10, 12, 14, 15, 16, 17, 18, 20]",,,249,24,10,stress,9,full_coverage_and_all_discovered_cleared,153,4452.752386,,0.017420666990801692
14,0,True,near_collinear_min__n10__negative,near_collinear_min,8,14,10,120,0.01853700000000913,10,2,6,,0,104,cov_trial80_7,[],15157.560605253037,0,0.0,370.8512124,"[4, 6, 10, 12, 14, 15, 16, 17, 18, 20]",,,249,0,10,stress,7,full_coverage_and_all_discovered_cleared,95,3708.512124,,0.018561666016466916
14,0,True,near_collinear_min__n10__negative,near_collinear_min,8,14,10,120,0.018953999999993698,10,2,6,,0,104,cov_robust80_7,[],15157.560605253037,0,0.0,370.8512124,"[4, 6, 10, 12, 14, 15, 16, 17, 18, 20]",,,249,0,10,stress,7,full_coverage_and_all_discovered_cleared,95,3708.512124,,0.019003375025931746
16,0,True,near_collinear_min__n10__spatial,near_collinear_min,10,10,10,140,0.1341680000000025,10,,,,0,128,baseline_peer9,[],17143.054082608098,0,0.0,423.2610816,"[4, 6, 10, 12, 14, 15, 16, 17, 18, 20]",,,250,,10,stress,9,full_coverage_and_all_discovered_cleared,114,4232.610816,,0.13435883296187967
16,0,True,near_collinear_min__n10__spatial,near_collinear_min,10,10,10,118,0.13091099999999756,10,,,,0,106,baseline_ring7,[],15865.926102193926,0,0.0,384.8185221,"[4, 6, 10, 12, 14, 15, 16, 17, 18, 20]",,,250,,10,stress,7,full_coverage_and_all_discovered_cleared,95,3848.185221,,0.13097866595489904
16,0,True,near_collinear_min__n10__spatial,near_collinear_min,10,10,10,140,0.13317200000000184,10,,,,0,128,dynamic_greedy9,[],17143.054082608098,0,0.0,423.2610816,"[4, 6, 10, 12, 14, 15, 16, 17, 18, 20]",0.0001960420049726963,9,250,,10,stress,9,full_coverage_and_all_discovered_cleared,114,4232.610816,"[0, 1, 2, 3, 4, 5, 6, 7, 8]",0.13325345795601606
16,0,True,near_collinear_min__n10__spatial,near_collinear_min,10,10,10,140,0.13388700000000142,10,,,,0,128,dynamic_two_opt9,[],17143.054082608098,0,0.0,423.2610816,"[4, 6, 10, 12, 14, 15, 16, 17, 18, 20]",0.00026254187105223536,9,250,,10,stress,9,full_coverage_and_all_discovered_cleared,114,4232.610816,"[0, 1, 2, 3, 4, 5, 6, 7, 8]",0.13395170803414658
9,0,True,near_collinear_min__n10__spatial,near_collinear_min,10,10,10,191,0.09344900000000678,10,0,0,,0,179,deferred9,[],16790.24060882874,0,0.0,447.1048121,"[4, 6, 10, 12, 14, 15, 16, 17, 18, 20]",,,250,10,10,stress,9,full_coverage_and_all_discovered_cleared,168,4471.048121,,0.09351695905206725
9,0,True,near_collinear_min__n10__spatial,near_collinear_min,10,10,10,191,0.09417499999999279,10,0,0,,0,179,opportunistic200_9,[],16790.24060882874,0,0.0,447.1048121,"[4, 6, 10, 12, 14, 15, 16, 17, 18, 20]",,,250,10,10,stress,9,full_coverage_and_all_discovered_cleared,168,4471.048121,,0.09419674996752292
9,0,True,near_collinear_min__n10__spatial,near_collinear_min,10,10,10,191,0.09369399999999928,10,0,0,,0,179,opportunistic600_9,[],16790.24060882874,0,0.0,447.1048121,"[4, 6, 10, 12, 14, 15, 16, 17, 18, 20]",,,250,10,10,stress,9,full_coverage_and_all_discovered_cleared,168,4471.048121,,0.09374229097738862
13,0,True,near_collinear_min__n10__spatial,near_collinear_min,7,13,10,140,0.07199900000000525,10,3,6,,0,125,trial80_9,[],17050.120297436046,0,0.0,420.80240590000005,"[4, 6, 10, 12, 14, 15, 16, 17, 18, 20]",,,250,0,10,stress,9,full_coverage_and_all_discovered_cleared,114,4208.024059,,0.07202362501993775
16,0,True,near_collinear_min__n10__spatial,near_collinear_min,10,10,10,140,0.023539999999997008,10,0,0,,0,128,cov_mean9,[],17255.33457185509,0,0.0,425.50669150000004,"[4, 6, 10, 12, 14, 15, 16, 17, 18, 20]",,,250,0,10,stress,9,full_coverage_and_all_discovered_cleared,114,4255.066915,,0.023655208991840482
13,0,True,near_collinear_min__n10__spatial,near_collinear_min,7,13,10,140,0.018978000000004158,10,3,6,,0,125,cov_trial80_9,[],17050.120297436046,0,0.0,420.80240590000005,"[4, 6, 10, 12, 14, 15, 16, 17, 18, 20]",,,250,0,10,stress,9,full_coverage_and_all_discovered_cleared,114,4208.024059,,0.018995000049471855
13,0,True,near_collinear_min__n10__spatial,near_collinear_min,7,13,10,140,0.018681000000000836,10,3,6,,0,125,cov_robust80_9,[],17050.120297436046,0,0.0,420.80240590000005,"[4, 6, 10, 12, 14, 15, 16, 17, 18, 20]",,,250,0,10,stress,9,full_coverage_and_all_discovered_cleared,114,4208.024059,,0.018680915993172675
13,0,True,near_collinear_min__n10__spatial,near_collinear_min,7,13,10,140,0.018916999999987638,10,3,6,,0,125,cov_dynamic80_9,[],17050.120297436046,0,0.0,420.80240590000005,"[4, 6, 10, 12, 14, 15, 16, 17, 18, 20]",,,250,0,10,stress,9,full_coverage_and_all_discovered_cleared,114,4208.024059,,0.018933375016786158
7,0,True,near_collinear_min__n10__spatial,near_collinear_min,6,15,10,192,0.017711000000005583,10,4,9,,0,175,cov_opportunistic80_9,[],17323.146404864292,0,0.0,456.86292810000003,"[4, 6, 10, 12, 14, 15, 16, 17, 18, 20]",,,250,2,10,stress,9,full_coverage_and_all_discovered_cleared,164,4568.629281,,0.017711291962768883
7,0,True,near_collinear_min__n10__spatial,near_collinear_min,8,15,10,194,0.019002999999997883,10,2,7,,0,177,cov_deferred80_9,[],17114.732920067614,0,0.0,453.8946584,"[4, 6, 10, 12, 14, 15, 16, 17, 18, 20]",,,250,10,10,stress,9,full_coverage_and_all_discovered_cleared,166,4538.946584,,0.019006584014277905
14,0,True,near_collinear_min__n10__spatial,near_collinear_min,8,14,10,120,0.018520000000009418,10,2,6,,0,104,cov_trial80_7,[],15783.680457883627,0,0.0,383.37360920000003,"[4, 6, 10, 12, 14, 15, 16, 17, 18, 20]",,,250,0,10,stress,7,full_coverage_and_all_discovered_cleared,95,3833.736092,,0.018531041976530105
14,0,True,near_collinear_min__n10__spatial,near_collinear_min,8,14,10,120,0.018399000000002275,10,2,6,,0,104,cov_robust80_7,[],15783.680457883627,0,0.0,383.37360920000003,"[4, 6, 10, 12, 14, 15, 16, 17, 18, 20]",,,250,0,10,stress,7,full_coverage_and_all_discovered_cleared,95,3833.736092,,0.018398625019472092
26,0,True,near_collinear_min__n16__positive,near_collinear_min,16,16,16,108,0.21272600000000352,16,,,,0,90,baseline_peer9,[],18124.273330895132,0,0.0,264.36591675,"[1, 2, 3, 5, 7, 8, 11, 12, 13, 14, 15, 16, 17, 18, 19, 20]",,,251,,16,stress,6,public_upper_bound_16,75,4229.854668,,0.21285937499487773
24,0,True,near_collinear_min__n16__positive,near_collinear_min,16,16,16,98,0.20687700000000575,16,,,,0,80,baseline_ring7,[],17692.703563305593,0,0.0,255.4087945625,"[1, 2, 3, 5, 7, 8, 11, 12, 13, 14, 15, 16, 17, 18, 19, 20]",,,251,,16,stress,5,public_upper_bound_16,68,4086.540713,,0.20740354200825095
26,0,True,near_collinear_min__n16__positive,near_collinear_min,16,16,16,108,0.21432399999999063,16,,,,0,90,dynamic_greedy9,[],18124.273330895132,0,0.0,264.36591675,"[1, 2, 3, 5, 7, 8, 11, 12, 13, 14, 15, 16, 17, 18, 19, 20]",0.0001847089733928442,7,251,,16,stress,6,public_upper_bound_16,75,4229.854668,"[0, 1, 2, 3, 4, 5, 6]",0.21449595800368115
26,0,True,near_collinear_min__n16__positive,near_collinear_min,16,16,16,108,0.21262499999998852,16,,,,0,90,dynamic_two_opt9,[],18124.273330895132,0,0.0,264.36591675,"[1, 2, 3, 5, 7, 8, 11, 12, 13, 14, 15, 16, 17, 18, 19, 20]",0.00023816694738343358,7,251,,16,stress,6,public_upper_bound_16,75,4229.854668,"[0, 1, 2, 3, 4, 5, 6]",0.2127578750369139
10,0,True,near_collinear_min__n16__positive,near_collinear_min,16,16,16,176,0.10730099999999254,16,0,0,,0,158,deferred9,[],17121.872776598993,0,0.0,277.6484098125,"[1, 2, 3, 5, 7, 8, 11, 12, 13, 14, 15, 16, 17, 18, 19, 20]",,,251,32,16,stress,9,public_upper_bound_16,148,4442.374557,,0.10746874997857958
10,0,True,near_collinear_min__n16__positive,near_collinear_min,16,16,16,176,0.10664199999999369,16,0,0,,0,158,opportunistic200_9,[],17121.872776598993,0,0.0,277.6484098125,"[1, 2, 3, 5, 7, 8, 11, 12, 13, 14, 15, 16, 17, 18, 19, 20]",,,251,32,16,stress,9,public_upper_bound_16,148,4442.374557,,0.10668899997835979
10,0,True,near_collinear_min__n16__positive,near_collinear_min,16,16,16,176,0.10758500000000026,16,0,0,,0,158,opportunistic600_9,[],17121.872776598993,0,0.0,277.6484098125,"[1, 2, 3, 5, 7, 8, 11, 12, 13, 14, 15, 16, 17, 18, 19, 20]",,,251,32,16,stress,9,public_upper_bound_16,148,4442.374557,,0.10761379200266674
24,0,True,near_collinear_min__n16__positive,near_collinear_min,14,24,16,114,0.12380199999999775,16,2,10,,0,88,trial80_9,[],17941.671182374477,0,0.0,262.958389875,"[1, 2, 3, 5, 7, 8, 11, 12, 13, 14, 15, 16, 17, 18, 19, 20]",,,251,0,16,stress,6,public_upper_bound_16,75,4207.334238,,0.12395249999826774
26,0,True,near_collinear_min__n16__positive,near_collinear_min,16,16,16,108,0.03501700000001051,16,0,0,,0,90,cov_mean9,[],18124.273330895132,0,0.0,264.36591675,"[1, 2, 3, 5, 7, 8, 11, 12, 13, 14, 15, 16, 17, 18, 19, 20]",,,251,0,16,stress,6,public_upper_bound_16,75,4229.854668,,0.035090999968815595
24,0,True,near_collinear_min__n16__positive,near_collinear_min,14,24,16,114,0.028728000000000975,16,2,10,,0,88,cov_trial80_9,[],17941.671182374477,0,0.0,262.958389875,"[1, 2, 3, 5, 7, 8, 11, 12, 13, 14, 15, 16, 17, 18, 19, 20]",,,251,0,16,stress,6,public_upper_bound_16,75,4207.334238,,0.028773666999768466
24,0,True,near_collinear_min__n16__positive,near_collinear_min,14,24,16,114,0.028520000000000323,16,2,10,,0,88,cov_robust80_9,[],17941.671182374477,0,0.0,262.958389875,"[1, 2, 3, 5, 7, 8, 11, 12, 13, 14, 15, 16, 17, 18, 19, 20]",,,251,0,16,stress,6,public_upper_bound_16,75,4207.334238,,0.02855166600784287
24,0,True,near_collinear_min__n16__positive,near_collinear_min,14,24,16,114,0.028648000000004004,16,2,10,,0,88,cov_dynamic80_9,[],17941.671182374477,0,0.0,262.958389875,"[1, 2, 3, 5, 7, 8, 11, 12, 13, 14, 15, 16, 17, 18, 19, 20]",,,251,0,16,stress,6,public_upper_bound_16,75,4207.334238,,0.028648708015680313
14,0,True,near_collinear_min__n16__positive,near_collinear_min,16,24,16,188,0.029065000000002783,16,0,8,,0,162,cov_opportunistic80_9,[],17146.779905755444,0,0.0,280.709749,"[1, 2, 3, 5, 7, 8, 11, 12, 13, 14, 15, 16, 17, 18, 19, 20]",,,251,32,16,stress,9,public_upper_bound_16,148,4491.355984,,0.02906991698546335
14,0,True,near_collinear_min__n16__positive,near_collinear_min,16,24,16,188,0.029995999999997025,16,0,8,,0,162,cov_deferred80_9,[],17146.779905755444,0,0.0,280.709749,"[1, 2, 3, 5, 7, 8, 11, 12, 13, 14, 15, 16, 17, 18, 19, 20]",,,251,32,16,stress,9,public_upper_bound_16,148,4491.355984,,0.030029833025764674
22,0,True,near_collinear_min__n16__positive,near_collinear_min,14,22,16,102,0.02801499999999635,16,2,8,,0,78,cov_trial80_7,[],17503.52285836696,0,0.0,253.5440356875,"[1, 2, 3, 5, 7, 8, 11, 12, 13, 14, 15, 16, 17, 18, 19, 20]",,,251,0,16,stress,5,public_upper_bound_16,68,4056.704571,,0.028059083968400955
22,0,True,near_collinear_min__n16__positive,near_collinear_min,14,22,16,102,0.02777800000001207,16,2,8,,0,78,cov_robust80_7,[],17503.52285836696,0,0.0,253.5440356875,"[1, 2, 3, 5, 7, 8, 11, 12, 13, 14, 15, 16, 17, 18, 19, 20]",,,251,0,16,stress,5,public_upper_bound_16,68,4056.704571,,0.027801792020909488
26,0,True,near_collinear_min__n16__negative,near_collinear_min,16,16,16,108,0.20444500000000687,16,,,,0,90,baseline_peer9,[],18465.577738957996,0,0.0,268.6322218125,"[1, 2, 3, 5, 7, 8, 11, 12, 13, 14, 15, 16, 17, 18, 19, 20]",,,252,,16,stress,6,public_upper_bound_16,75,4298.115549,,0.2045928750303574
24,0,True,near_collinear_min__n16__negative,near_collinear_min,16,16,16,98,0.1825449999999904,16,,,,0,80,baseline_ring7,[],17755.461619012534,0,0.0,256.1932701875,"[1, 2, 3, 5, 7, 8, 11, 12, 13, 14, 15, 16, 17, 18, 19, 20]",,,252,,16,stress,5,public_upper_bound_16,68,4099.092323,,0.18260950001422316
26,0,True,near_collinear_min__n16__negative,near_collinear_min,16,16,16,108,0.20355999999999597,16,,,,0,90,dynamic_greedy9,[],18465.577738957996,0,0.0,268.6322218125,"[1, 2, 3, 5, 7, 8, 11, 12, 13, 14, 15, 16, 17, 18, 19, 20]",0.00017495692009106278,7,252,,16,stress,6,public_upper_bound_16,75,4298.115549,"[0, 1, 2, 3, 4, 5, 6]",0.2036366670508869
26,0,True,near_collinear_min__n16__negative,near_collinear_min,16,16,16,108,0.20291199999999776,16,,,,0,90,dynamic_two_opt9,[],18465.577738957996,0,0.0,268.6322218125,"[1, 2, 3, 5, 7, 8, 11, 12, 13, 14, 15, 16, 17, 18, 19, 20]",0.00022408203221857548,7,252,,16,stress,6,public_upper_bound_16,75,4298.115549,"[0, 1, 2, 3, 4, 5, 6]",0.20298545894911513
10,0,True,near_collinear_min__n16__negative,near_collinear_min,16,16,16,176,0.10397500000000548,16,0,0,,0,158,deferred9,[],17370.136011169845,0,0.0,280.751700375,"[1, 2, 3, 5, 7, 8, 11, 12, 13, 14, 15, 16, 17, 18, 19, 20]",,,252,32,16,stress,9,public_upper_bound_16,148,4492.027206,,0.10403312504058704
10,0,True,near_collinear_min__n16__negative,near_collinear_min,16,16,16,176,0.10400099999999668,16,0,0,,0,158,opportunistic200_9,[],17370.136011169845,0,0.0,280.751700375,"[1, 2, 3, 5, 7, 8, 11, 12, 13, 14, 15, 16, 17, 18, 19, 20]",,,252,32,16,stress,9,public_upper_bound_16,148,4492.027206,,0.10408945800736547
10,0,True,near_collinear_min__n16__negative,near_collinear_min,16,16,16,176,0.10543599999999742,16,0,0,,0,158,opportunistic600_9,[],17370.136011169845,0,0.0,280.751700375,"[1, 2, 3, 5, 7, 8, 11, 12, 13, 14, 15, 16, 17, 18, 19, 20]",,,252,32,16,stress,9,public_upper_bound_16,148,4492.027206,,0.10559595900122076
26,0,True,near_collinear_min__n16__negative,near_collinear_min,14,24,16,116,0.12399800000000027,16,2,10,,0,90,trial80_9,[],18415.25601355053,0,0.0,269.5032003125,"[1, 2, 3, 5, 7, 8, 11, 12, 13, 14, 15, 16, 17, 18, 19, 20]",,,252,0,16,stress,6,public_upper_bound_16,75,4312.051205,,0.12408883299212903
26,0,True,near_collinear_min__n16__negative,near_collinear_min,16,16,16,108,0.03449799999999925,16,0,0,,0,90,cov_mean9,[],18465.577738957996,0,0.0,268.6322218125,"[1, 2, 3, 5, 7, 8, 11, 12, 13, 14, 15, 16, 17, 18, 19, 20]",,,252,0,16,stress,6,public_upper_bound_16,75,4298.115549,,0.034516582963988185
26,0,True,near_collinear_min__n16__negative,near_collinear_min,14,24,16,116,0.03440100000000257,16,2,10,,0,90,cov_trial80_9,[],17906.780279042097,0,0.0,263.1472535625,"[1, 2, 3, 5, 7, 8, 11, 12, 13, 14, 15, 16, 17, 18, 19, 20]",,,252,0,16,stress,6,public_upper_bound_16,75,4210.356057,,0.03478504199301824
26,0,True,near_collinear_min__n16__negative,near_collinear_min,14,24,16,116,0.030822999999998046,16,2,10,,0,90,cov_robust80_9,[],18414.606116278403,0,0.0,269.495076625,"[1, 2, 3, 5, 7, 8, 11, 12, 13, 14, 15, 16, 17, 18, 19, 20]",,,252,0,16,stress,6,public_upper_bound_16,75,4311.921226,,0.03090662503382191
26,0,True,near_collinear_min__n16__negative,near_collinear_min,14,24,16,116,0.031150999999994156,16,2,10,,0,90,cov_dynamic80_9,[],17906.780279042097,0,0.0,263.1472535625,"[1, 2, 3, 5, 7, 8, 11, 12, 13, 14, 15, 16, 17, 18, 19, 20]",,,252,0,16,stress,6,public_upper_bound_16,75,4210.356057,,0.031214833026751876
16,0,True,near_collinear_min__n16__negative,near_collinear_min,16,24,16,190,0.03121299999999394,16,0,8,,0,164,cov_opportunistic80_9,[],17577.460316380704,0,0.0,286.7182539375,"[1, 2, 3, 5, 7, 8, 11, 12, 13, 14, 15, 16, 17, 18, 19, 20]",,,252,32,16,stress,9,public_upper_bound_16,148,4587.492063,,0.03123079100623727
16,0,True,near_collinear_min__n16__negative,near_collinear_min,16,24,16,190,0.031468000000003826,16,0,8,,0,164,cov_deferred80_9,[],17577.460316380704,0,0.0,286.7182539375,"[1, 2, 3, 5, 7, 8, 11, 12, 13, 14, 15, 16, 17, 18, 19, 20]",,,252,32,16,stress,9,public_upper_bound_16,148,4587.492063,,0.031519209034740925
24,0,True,near_collinear_min__n16__negative,near_collinear_min,14,22,16,104,0.02900700000000711,16,2,8,,0,80,cov_trial80_7,[],17688.37585775478,0,0.0,256.4796980625,"[1, 2, 3, 5, 7, 8, 11, 12, 13, 14, 15, 16, 17, 18, 19, 20]",,,252,0,16,stress,5,public_upper_bound_16,68,4103.675169,,0.0290234160493128
24,0,True,near_collinear_min__n16__negative,near_collinear_min,14,22,16,104,0.028942999999998165,16,2,8,,0,80,cov_robust80_7,[],17687.725960482654,0,0.0,256.471574375,"[1, 2, 3, 5, 7, 8, 11, 12, 13, 14, 15, 16, 17, 18, 19, 20]",,,252,0,16,stress,5,public_upper_bound_16,68,4103.54519,,0.028944624995347112
26,0,True,near_collinear_min__n16__spatial,near_collinear_min,16,16,16,108,0.20551600000000292,16,,,,0,90,baseline_peer9,[],18348.70493692447,0,0.0,267.1713118125,"[1, 2, 3, 5, 7, 8, 11, 12, 13, 14, 15, 16, 17, 18, 19, 20]",,,253,,16,stress,6,public_upper_bound_16,75,4274.740989,,0.20561699999962002
24,0,True,near_collinear_min__n16__spatial,near_collinear_min,16,16,16,98,0.1864580000000018,16,,,,0,80,baseline_ring7,[],17681.412981394158,0,0.0,255.2676624375,"[1, 2, 3, 5, 7, 8, 11, 12, 13, 14, 15, 16, 17, 18, 19, 20]",,,253,,16,stress,5,public_upper_bound_16,68,4084.282599,,0.18659954197937623
26,0,True,near_collinear_min__n16__spatial,near_collinear_min,16,16,16,108,0.20849199999999257,16,,,,0,90,dynamic_greedy9,[],18348.70493692447,0,0.0,267.1713118125,"[1, 2, 3, 5, 7, 8, 11, 12, 13, 14, 15, 16, 17, 18, 19, 20]",0.00017870799638330936,7,253,,16,stress,6,public_upper_bound_16,75,4274.740989,"[0, 1, 2, 3, 4, 5, 6]",0.20873216597829014
26,0,True,near_collinear_min__n16__spatial,near_collinear_min,16,16,16,108,0.20689800000000957,16,,,,0,90,dynamic_two_opt9,[],18348.70493692447,0,0.0,267.1713118125,"[1, 2, 3, 5, 7, 8, 11, 12, 13, 14, 15, 16, 17, 18, 19, 20]",0.00023649906506761909,7,253,,16,stress,6,public_upper_bound_16,75,4274.740989,"[0, 1, 2, 3, 4, 5, 6]",0.20704100001603365
11,0,True,near_collinear_min__n16__spatial,near_collinear_min,16,16,16,179,0.11515700000001061,16,0,0,,0,161,deferred9,[],17153.49895580084,0,0.0,279.168737125,"[1, 2, 3, 5, 7, 8, 11, 12, 13, 14, 15, 16, 17, 18, 19, 20]",,,253,30,16,stress,9,public_upper_bound_16,151,4466.699794,,0.11523637501522899
11,0,True,near_collinear_min__n16__spatial,near_collinear_min,16,16,16,179,0.11535700000000304,16,0,0,,0,161,opportunistic200_9,[],17153.49895580084,0,0.0,279.168737125,"[1, 2, 3, 5, 7, 8, 11, 12, 13, 14, 15, 16, 17, 18, 19, 20]",,,253,30,16,stress,9,public_upper_bound_16,151,4466.699794,,0.11538416595431045
11,0,True,near_collinear_min__n16__spatial,near_collinear_min,16,16,16,179,0.11342099999998823,16,0,0,,0,161,opportunistic600_9,[],17153.49895580084,0,0.0,279.168737125,"[1, 2, 3, 5, 7, 8, 11, 12, 13, 14, 15, 16, 17, 18, 19, 20]",,,253,30,16,stress,9,public_upper_bound_16,151,4466.699794,,0.11350837501231581
23,0,True,near_collinear_min__n16__spatial,near_collinear_min,11,21,16,110,0.13802499999999895,16,5,10,,0,87,trial80_9,[],18247.15542333477,0,0.0,265.9019428125,"[1, 2, 3, 5, 7, 8, 11, 12, 13, 14, 15, 16, 17, 18, 19, 20]",,,253,0,16,stress,6,public_upper_bound_16,75,4254.431085,,0.1410050829872489
26,0,True,near_collinear_min__n16__spatial,near_collinear_min,16,16,16,108,0.034998999999999114,16,0,0,,0,90,cov_mean9,[],18348.70493692447,0,0.0,267.1713118125,"[1, 2, 3, 5, 7, 8, 11, 12, 13, 14, 15, 16, 17, 18, 19, 20]",,,253,0,16,stress,6,public_upper_bound_16,75,4274.740989,,0.03501329099526629
23,0,True,near_collinear_min__n16__spatial,near_collinear_min,11,21,16,110,0.0292349999999999,16,5,10,,0,87,cov_trial80_9,[],18267.249606514255,0,0.0,266.1531200625,"[1, 2, 3, 5, 7, 8, 11, 12, 13, 14, 15, 16, 17, 18, 19, 20]",,,253,0,16,stress,6,public_upper_bound_16,75,4258.449921,,0.029258083028253168
23,0,True,near_collinear_min__n16__spatial,near_collinear_min,11,21,16,110,0.02897000000000105,16,5,10,,0,87,cov_robust80_9,[],18267.123851664845,0,0.0,266.1515481875,"[1, 2, 3, 5, 7, 8, 11, 12, 13, 14, 15, 16, 17, 18, 19, 20]",,,253,0,16,stress,6,public_upper_bound_16,75,4258.424771,,0.02900904102716595
23,0,True,near_collinear_min__n16__spatial,near_collinear_min,11,21,16,110,0.029227000000005887,16,5,10,,0,87,cov_dynamic80_9,[],18267.249606514255,0,0.0,266.1531200625,"[1, 2, 3, 5, 7, 8, 11, 12, 13, 14, 15, 16, 17, 18, 19, 20]",,,253,0,16,stress,6,public_upper_bound_16,75,4258.449921,,0.029242167016491294
12,0,True,near_collinear_min__n16__spatial,near_collinear_min,14,23,16,187,0.02781699999999887,16,2,9,,0,162,cov_opportunistic80_9,[],17181.602358834825,0,0.0,281.0200294375,"[1, 2, 3, 5, 7, 8, 11, 12, 13, 14, 15, 16, 17, 18, 19, 20]",,,253,30,16,stress,9,public_upper_bound_16,149,4496.320471,,0.027851333026774228
12,0,True,near_collinear_min__n16__spatial,near_collinear_min,14,23,16,187,0.027866000000003055,16,2,9,,0,162,cov_deferred80_9,[],17181.602358834825,0,0.0,281.0200294375,"[1, 2, 3, 5, 7, 8, 11, 12, 13, 14, 15, 16, 17, 18, 19, 20]",,,253,30,16,stress,9,public_upper_bound_16,149,4496.320471,,0.027866374992299825
24,0,True,near_collinear_min__n16__spatial,near_collinear_min,14,22,16,104,0.029621999999989157,16,2,8,,0,80,cov_trial80_7,[],17616.24862871385,0,0.0,255.5781078125,"[1, 2, 3, 5, 7, 8, 11, 12, 13, 14, 15, 16, 17, 18, 19, 20]",,,253,0,16,stress,5,public_upper_bound_16,68,4089.249725,,0.029641499975696206
24,0,True,near_collinear_min__n16__spatial,near_collinear_min,14,22,16,104,0.029216000000005238,16,2,8,,0,80,cov_robust80_7,[],17616.12287386444,0,0.0,255.5765359375,"[1, 2, 3, 5, 7, 8, 11, 12, 13, 14, 15, 16, 17, 18, 19, 20]",,,253,0,16,stress,5,public_upper_bound_16,68,4089.224575,,0.029227084014564753
20,0,True,unknown_count_late__n10__positive,unknown_count_late,10,10,10,133,0.16246799999998984,10,,,,0,121,baseline_peer9,[],20798.879285290433,0,0.0,491.7775859,"[2, 3, 4, 5, 10, 11, 13, 14, 17, 20]",,,254,,10,stress,9,full_coverage_and_all_discovered_cleared,103,4917.775859,,0.16259245900437236
20,0,True,unknown_count_late__n10__positive,unknown_count_late,10,10,10,113,0.16408399999998835,10,,,,0,101,baseline_ring7,[],19705.23797956005,0,0.0,458.1047594,"[2, 3, 4, 5, 10, 11, 13, 14, 17, 20]",,,254,,10,stress,7,full_coverage_and_all_discovered_cleared,85,4581.047594,,0.16693791700527072
20,0,True,unknown_count_late__n10__positive,unknown_count_late,10,10,10,140,0.16243799999999453,10,,,,0,128,dynamic_greedy9,[],20485.737672719406,0,0.0,489.71475360000005,"[2, 3, 4, 5, 10, 11, 13, 14, 17, 20]",0.0001954999752342701,9,254,,10,stress,9,full_coverage_and_all_discovered_cleared,110,4897.147536,"[0, 8, 7, 6, 5, 4, 3, 2, 1]",0.16253304202109575
20,0,True,unknown_count_late__n10__positive,unknown_count_late,10,10,10,140,0.1627990000000068,10,,,,0,128,dynamic_two_opt9,[],20485.737672719406,0,0.0,489.71475360000005,"[2, 3, 4, 5, 10, 11, 13, 14, 17, 20]",0.0002552078221924603,9,254,,10,stress,9,full_coverage_and_all_discovered_cleared,110,4897.147536,"[0, 8, 7, 6, 5, 4, 3, 2, 1]",0.16287087503587827
19,0,True,unknown_count_late__n10__positive,unknown_count_late,10,10,10,211,0.15715499999998883,10,0,0,,0,199,deferred9,[],21335.541963308464,0,0.0,549.3108394,"[2, 3, 4, 5, 10, 11, 13, 14, 17, 20]",,,254,0,10,stress,9,full_coverage_and_all_discovered_cleared,181,5493.108394,,0.1572653339826502
19,0,True,unknown_count_late__n10__positive,unknown_count_late,10,10,10,211,0.1602619999999888,10,0,0,,0,199,opportunistic200_9,[],21335.541963308464,0,0.0,549.3108394,"[2, 3, 4, 5, 10, 11, 13, 14, 17, 20]",,,254,0,10,stress,9,full_coverage_and_all_discovered_cleared,181,5493.108394,,0.16033250000327826
19,0,True,unknown_count_late__n10__positive,unknown_count_late,10,10,10,211,0.1571350000000109,10,0,0,,0,199,opportunistic600_9,[],21335.541963308464,0,0.0,549.3108394,"[2, 3, 4, 5, 10, 11, 13, 14, 17, 20]",,,254,0,10,stress,9,full_coverage_and_all_discovered_cleared,181,5493.108394,,0.15718095802003518
21,0,True,unknown_count_late__n10__positive,unknown_count_late,10,20,10,144,0.07594500000000437,10,0,10,,0,122,trial80_9,[],20703.475878731315,0,0.0,493.36951799999997,"[2, 3, 4, 5, 10, 11, 13, 14, 17, 20]",,,254,0,10,stress,9,full_coverage_and_all_discovered_cleared,103,4933.69518,,0.07598766701994464
20,0,True,unknown_count_late__n10__positive,unknown_count_late,10,10,10,133,0.026769999999999072,10,0,0,,0,121,cov_mean9,[],20798.879285290433,0,0.0,491.7775859,"[2, 3, 4, 5, 10, 11, 13, 14, 17, 20]",,,254,0,10,stress,9,full_coverage_and_all_discovered_cleared,103,4917.775859,,0.026790417032316327
21,0,True,unknown_count_late__n10__positive,unknown_count_late,10,20,10,144,0.02231700000000103,10,0,10,,0,122,cov_trial80_9,[],20703.519727711922,0,0.0,493.37039489999995,"[2, 3, 4, 5, 10, 11, 13, 14, 17, 20]",,,254,0,10,stress,9,full_coverage_and_all_discovered_cleared,103,4933.703949,,0.022336917056236416
21,0,True,unknown_count_late__n10__positive,unknown_count_late,10,20,10,144,0.021712000000007947,10,0,10,,0,122,cov_robust80_9,[],20703.519727711922,0,0.0,493.37039489999995,"[2, 3, 4, 5, 10, 11, 13, 14, 17, 20]",,,254,0,10,stress,9,full_coverage_and_all_discovered_cleared,103,4933.703949,,0.02171254198765382
21,0,True,unknown_count_late__n10__positive,unknown_count_late,10,20,10,151,0.02259100000000558,10,0,10,,0,129,cov_dynamic80_9,[],20390.05647451511,0,0.0,491.3011298,"[2, 3, 4, 5, 10, 11, 13, 14, 17, 20]",,,254,0,10,stress,9,full_coverage_and_all_discovered_cleared,110,4913.011298,,0.022605791979003698
20,0,True,unknown_count_late__n10__positive,unknown_count_late,10,19,10,221,0.02396699999999896,10,0,9,,0,200,cov_opportunistic80_9,[],21270.86744698173,0,0.0,551.2173493,"[2, 3, 4, 5, 10, 11, 13, 14, 17, 20]",,,254,0,10,stress,9,full_coverage_and_all_discovered_cleared,181,5512.173493,,0.02399833401432261
20,0,True,unknown_count_late__n10__positive,unknown_count_late,10,19,10,221,0.023867999999993117,10,0,9,,0,200,cov_deferred80_9,[],21270.86744698173,0,0.0,551.2173493,"[2, 3, 4, 5, 10, 11, 13, 14, 17, 20]",,,254,0,10,stress,9,full_coverage_and_all_discovered_cleared,181,5512.173493,,0.023870208009611815
21,0,True,unknown_count_late__n10__positive,unknown_count_late,10,20,10,124,0.021692999999999074,10,0,10,,0,102,cov_trial80_7,[],19605.145554731902,0,0.0,459.6029112,"[2, 3, 4, 5, 10, 11, 13, 14, 17, 20]",,,254,0,10,stress,7,full_coverage_and_all_discovered_cleared,85,4596.029112,,0.02169370901538059
21,0,True,unknown_count_late__n10__positive,unknown_count_late,10,20,10,124,0.02159599999998818,10,0,10,,0,102,cov_robust80_7,[],19605.145554731902,0,0.0,459.6029112,"[2, 3, 4, 5, 10, 11, 13, 14, 17, 20]",,,254,0,10,stress,7,full_coverage_and_all_discovered_cleared,85,4596.029112,,0.021602416993118823
19,0,True,unknown_count_late__n10__negative,unknown_count_late,10,10,10,132,0.1536350000000084,10,,,,0,120,baseline_peer9,[],20599.773961843603,0,0.0,487.29547940000003,"[2, 3, 4, 5, 10, 11, 13, 14, 17, 20]",,,255,,10,stress,9,full_coverage_and_all_discovered_cleared,103,4872.954794,,0.15372695797123015
19,0,True,unknown_count_late__n10__negative,unknown_count_late,10,10,10,112,0.1519710000000032,10,,,,0,100,baseline_ring7,[],19499.004542326235,0,0.0,453.48009089999994,"[2, 3, 4, 5, 10, 11, 13, 14, 17, 20]",,,255,,10,stress,7,full_coverage_and_all_discovered_cleared,85,4534.800909,,0.15211283398093656
19,0,True,unknown_count_late__n10__negative,unknown_count_late,10,10,10,132,0.15514800000001117,10,,,,0,120,dynamic_greedy9,[],20599.773961843603,0,0.0,487.29547940000003,"[2, 3, 4, 5, 10, 11, 13, 14, 17, 20]",0.000218207947909832,9,255,,10,stress,9,full_coverage_and_all_discovered_cleared,103,4872.954794,"[0, 1, 2, 3, 4, 5, 6, 7, 8]",0.15539295802591369
19,0,True,unknown_count_late__n10__negative,unknown_count_late,10,10,10,132,0.15392199999999434,10,,,,0,120,dynamic_two_opt9,[],20599.773961843603,0,0.0,487.29547940000003,"[2, 3, 4, 5, 10, 11, 13, 14, 17, 20]",0.00027554098051041365,9,255,,10,stress,9,full_coverage_and_all_discovered_cleared,103,4872.954794,"[0, 1, 2, 3, 4, 5, 6, 7, 8]",0.1541462080203928
18,0,True,unknown_count_late__n10__negative,unknown_count_late,10,10,10,210,0.1468930000000057,10,0,0,,0,198,deferred9,[],20896.35639880065,0,0.0,540.027128,"[2, 3, 4, 5, 10, 11, 13, 14, 17, 20]",,,255,0,10,stress,9,full_coverage_and_all_discovered_cleared,181,5400.27128,,0.14711729198461398
18,0,True,unknown_count_late__n10__negative,unknown_count_late,10,10,10,210,0.14479799999999443,10,0,0,,0,198,opportunistic200_9,[],20896.35639880065,0,0.0,540.027128,"[2, 3, 4, 5, 10, 11, 13, 14, 17, 20]",,,255,0,10,stress,9,full_coverage_and_all_discovered_cleared,181,5400.27128,,0.1449938750010915
18,0,True,unknown_count_late__n10__negative,unknown_count_late,10,10,10,210,0.14496400000000165,10,0,0,,0,198,opportunistic600_9,[],20896.35639880065,0,0.0,540.027128,"[2, 3, 4, 5, 10, 11, 13, 14, 17, 20]",,,255,0,10,stress,9,full_coverage_and_all_discovered_cleared,181,5400.27128,,0.14513162500225008
21,0,True,unknown_count_late__n10__negative,unknown_count_late,10,19,10,143,0.08380700000000729,10,0,9,,0,122,trial80_9,[],20531.63920009149,0,0.0,489.6327838,"[2, 3, 4, 5, 10, 11, 13, 14, 17, 20]",,,255,0,10,stress,9,full_coverage_and_all_discovered_cleared,103,4896.327838,,0.08391975000267848
19,0,True,unknown_count_late__n10__negative,unknown_count_late,10,10,10,132,0.025270999999989385,10,0,0,,0,120,cov_mean9,[],20599.773961843603,0,0.0,487.29547940000003,"[2, 3, 4, 5, 10, 11, 13, 14, 17, 20]",,,255,0,10,stress,9,full_coverage_and_all_discovered_cleared,103,4872.954794,,0.025271249993238598
21,0,True,unknown_count_late__n10__negative,unknown_count_late,10,19,10,143,0.022639999999995553,10,0,9,,0,122,cov_trial80_9,[],20531.318444175195,0,0.0,489.62636869999994,"[2, 3, 4, 5, 10, 11, 13, 14, 17, 20]",,,255,0,10,stress,9,full_coverage_and_all_discovered_cleared,103,4896.263687,,0.02265091601293534
21,0,True,unknown_count_late__n10__negative,unknown_count_late,10,19,10,143,0.022440000000003124,10,0,9,,0,122,cov_robust80_9,[],20531.678860983713,0,0.0,489.63357720000005,"[2, 3, 4, 5, 10, 11, 13, 14, 17, 20]",,,255,0,10,stress,9,full_coverage_and_all_discovered_cleared,103,4896.335772,,0.02248458401300013
21,0,True,unknown_count_late__n10__negative,unknown_count_late,10,19,10,143,0.02279699999999707,10,0,9,,0,122,cov_dynamic80_9,[],20531.318444175195,0,0.0,489.62636869999994,"[2, 3, 4, 5, 10, 11, 13, 14, 17, 20]",,,255,0,10,stress,9,full_coverage_and_all_discovered_cleared,103,4896.263687,,0.02282166702207178
19,0,True,unknown_count_late__n10__negative,unknown_count_late,10,18,10,219,0.023339000000007104,10,0,8,,0,199,cov_opportunistic80_9,[],20832.27015076038,0,0.0,541.6454029,"[2, 3, 4, 5, 10, 11, 13, 14, 17, 20]",,,255,0,10,stress,9,full_coverage_and_all_discovered_cleared,181,5416.454029,,0.023338958038948476
19,0,True,unknown_count_late__n10__negative,unknown_count_late,10,18,10,219,0.023619000000010715,10,0,8,,0,199,cov_deferred80_9,[],20832.27015076038,0,0.0,541.6454029,"[2, 3, 4, 5, 10, 11, 13, 14, 17, 20]",,,255,0,10,stress,9,full_coverage_and_all_discovered_cleared,181,5416.454029,,0.023720125027466565
21,0,True,unknown_count_late__n10__negative,unknown_count_late,10,19,10,123,0.02221300000000781,10,0,9,,0,102,cov_trial80_7,[],19430.579452621067,0,0.0,455.81158889999995,"[2, 3, 4, 5, 10, 11, 13, 14, 17, 20]",,,255,0,10,stress,7,full_coverage_and_all_discovered_cleared,85,4558.115889,,0.022260917001403868
21,0,True,unknown_count_late__n10__negative,unknown_count_late,10,19,10,123,0.021750999999994747,10,0,9,,0,102,cov_robust80_7,[],19430.939869429585,0,0.0,455.81879740000005,"[2, 3, 4, 5, 10, 11, 13, 14, 17, 20]",,,255,0,10,stress,7,full_coverage_and_all_discovered_cleared,85,4558.187974,,0.021750624990090728
20,0,True,unknown_count_late__n10__spatial,unknown_count_late,10,10,10,133,0.16438700000000495,10,,,,0,121,baseline_peer9,[],20744.191436558795,0,0.0,490.6838288,"[2, 3, 4, 5, 10, 11, 13, 14, 17, 20]",,,256,,10,stress,9,full_coverage_and_all_discovered_cleared,103,4906.838288,,0.16456624999409541
19,0,True,unknown_count_late__n10__spatial,unknown_count_late,10,10,10,112,0.15320699999999476,10,,,,0,100,baseline_ring7,[],19606.22139503507,0,0.0,455.62442769999996,"[2, 3, 4, 5, 10, 11, 13, 14, 17, 20]",,,256,,10,stress,7,full_coverage_and_all_discovered_cleared,85,4556.244277,,0.15334737504599616
20,0,True,unknown_count_late__n10__spatial,unknown_count_late,10,10,10,133,0.16575500000000432,10,,,,0,121,dynamic_greedy9,[],20744.191436558795,0,0.0,490.6838288,"[2, 3, 4, 5, 10, 11, 13, 14, 17, 20]",0.00020091701298952103,9,256,,10,stress,9,full_coverage_and_all_discovered_cleared,103,4906.838288,"[0, 1, 2, 3, 4, 5, 6, 7, 8]",0.16588029195554554
20,0,True,unknown_count_late__n10__spatial,unknown_count_late,10,10,10,133,0.16795199999999966,10,,,,0,121,dynamic_two_opt9,[],20744.191436558795,0,0.0,490.6838288,"[2, 3, 4, 5, 10, 11, 13, 14, 17, 20]",0.0002622510655783117,9,256,,10,stress,9,full_coverage_and_all_discovered_cleared,103,4906.838288,"[0, 1, 2, 3, 4, 5, 6, 7, 8]",0.168119166046381
19,0,True,unknown_count_late__n10__spatial,unknown_count_late,10,10,10,211,0.16138699999999062,10,0,0,,0,199,deferred9,[],21135.153174975832,0,0.0,545.3030635,"[2, 3, 4, 5, 10, 11, 13, 14, 17, 20]",,,256,0,10,stress,9,full_coverage_and_all_discovered_cleared,181,5453.030635,,0.1615004170453176
19,0,True,unknown_count_late__n10__spatial,unknown_count_late,10,10,10,211,0.16065900000000966,10,0,0,,0,199,opportunistic200_9,[],21135.153174975832,0,0.0,545.3030635,"[2, 3, 4, 5, 10, 11, 13, 14, 17, 20]",,,256,0,10,stress,9,full_coverage_and_all_discovered_cleared,181,5453.030635,,0.16079158399952576
19,0,True,unknown_count_late__n10__spatial,unknown_count_late,10,10,10,211,0.1602020000000124,10,0,0,,0,199,opportunistic600_9,[],21135.153174975832,0,0.0,545.3030635,"[2, 3, 4, 5, 10, 11, 13, 14, 17, 20]",,,256,0,10,stress,9,full_coverage_and_all_discovered_cleared,181,5453.030635,,0.1603179580415599
19,0,True,unknown_count_late__n10__spatial,unknown_count_late,8,18,10,140,0.07939999999999259,10,2,10,,0,120,trial80_9,[],20621.792636080696,0,0.0,490.13585290000003,"[2, 3, 4, 5, 10, 11, 13, 14, 17, 20]",,,256,0,10,stress,9,full_coverage_and_all_discovered_cleared,103,4901.358529,,0.07945566601119936
20,0,True,unknown_count_late__n10__spatial,unknown_count_late,10,10,10,133,0.02634700000000123,10,0,0,,0,121,cov_mean9,[],20744.191436558795,0,0.0,490.6838288,"[2, 3, 4, 5, 10, 11, 13, 14, 17, 20]",,,256,0,10,stress,9,full_coverage_and_all_discovered_cleared,103,4906.838288,,0.026363625016529113
19,0,True,unknown_count_late__n10__spatial,unknown_count_late,8,18,10,140,0.021444999999999936,10,2,10,,0,120,cov_trial80_9,[],20621.471880164398,0,0.0,490.12943779999995,"[2, 3, 4, 5, 10, 11, 13, 14, 17, 20]",,,256,0,10,stress,9,full_coverage_and_all_discovered_cleared,103,4901.294378,,0.021452083019539714
19,0,True,unknown_count_late__n10__spatial,unknown_count_late,8,18,10,140,0.021221999999994523,10,2,10,,0,120,cov_robust80_9,[],20621.471880164398,0,0.0,490.12943779999995,"[2, 3, 4, 5, 10, 11, 13, 14, 17, 20]",,,256,0,10,stress,9,full_coverage_and_all_discovered_cleared,103,4901.294378,,0.02124650002224371
19,0,True,unknown_count_late__n10__spatial,unknown_count_late,8,18,10,140,0.021623000000005277,10,2,10,,0,120,cov_dynamic80_9,[],20621.471880164398,0,0.0,490.12943779999995,"[2, 3, 4, 5, 10, 11, 13, 14, 17, 20]",,,256,0,10,stress,9,full_coverage_and_all_discovered_cleared,103,4901.294378,,0.021634083008393645
19,0,True,unknown_count_late__n10__spatial,unknown_count_late,9,18,10,219,0.0236720000000048,10,1,9,,0,199,cov_opportunistic80_9,[],21039.633781633762,0,0.0,545.7926757,"[2, 3, 4, 5, 10, 11, 13, 14, 17, 20]",,,256,0,10,stress,9,full_coverage_and_all_discovered_cleared,181,5457.926757,,0.023682790983002633
19,0,True,unknown_count_late__n10__spatial,unknown_count_late,9,18,10,219,0.023527999999998883,10,1,9,,0,199,cov_deferred80_9,[],21039.633781633762,0,0.0,545.7926757,"[2, 3, 4, 5, 10, 11, 13, 14, 17, 20]",,,256,0,10,stress,9,full_coverage_and_all_discovered_cleared,181,5457.926757,,0.023534332984127104
18,0,True,unknown_count_late__n10__spatial,unknown_count_late,8,17,10,118,0.020072999999996455,10,2,9,,0,99,cov_trial80_7,[],19518.266923142517,0,0.0,455.4653385,"[2, 3, 4, 5, 10, 11, 13, 14, 17, 20]",,,256,0,10,stress,7,full_coverage_and_all_discovered_cleared,85,4554.653385,,0.020072042010724545
18,0,True,unknown_count_late__n10__spatial,unknown_count_late,8,17,10,118,0.020205000000004247,10,2,9,,0,99,cov_robust80_7,[],19518.266923142517,0,0.0,455.4653385,"[2, 3, 4, 5, 10, 11, 13, 14, 17, 20]",,,256,0,10,stress,7,full_coverage_and_all_discovered_cleared,85,4554.653385,,0.020250124973244965
31,0,True,unknown_count_late__n16__positive,unknown_count_late,16,16,16,74,0.24549600000000282,16,,,,0,56,baseline_peer9,[],19929.00722724559,0,0.0,274.05009025,"[2, 3, 4, 5, 6, 8, 10, 11, 12, 13, 15, 16, 17, 18, 19, 20]",,,257,,16,stress,2,public_upper_bound_16,39,4384.801444,,0.24567120795836672
31,0,True,unknown_count_late__n16__positive,unknown_count_late,16,16,16,74,0.2518709999999942,16,,,,0,56,baseline_ring7,[],19932.78140620517,0,0.0,274.097267375,"[2, 3, 4, 5, 6, 8, 10, 11, 12, 13, 15, 16, 17, 18, 19, 20]",,,257,,16,stress,2,public_upper_bound_16,39,4385.556278,,0.252858208026737
31,0,True,unknown_count_late__n16__positive,unknown_count_late,16,16,16,74,0.24786500000000444,16,,,,0,56,dynamic_greedy9,[],19929.00722724559,0,0.0,274.05009025,"[2, 3, 4, 5, 6, 8, 10, 11, 12, 13, 15, 16, 17, 18, 19, 20]",9.420892456546426e-05,3,257,,16,stress,2,public_upper_bound_16,39,4384.801444,"[0, 1, 2]",0.2479924579965882
31,0,True,unknown_count_late__n16__positive,unknown_count_late,16,16,16,74,0.257119000000003,16,,,,0,56,dynamic_two_opt9,[],19929.00722724559,0,0.0,274.05009025,"[2, 3, 4, 5, 6, 8, 10, 11, 12, 13, 15, 16, 17, 18, 19, 20]",0.00015254097525030375,3,257,,16,stress,2,public_upper_bound_16,39,4384.801444,"[0, 1, 2]",0.26086516701616347
26,0,True,unknown_count_late__n16__positive,unknown_count_late,16,16,16,216,0.21739900000000034,16,0,0,,0,198,deferred9,[],25831.06862604858,0,0.0,400.825858,"[2, 3, 4, 5, 6, 8, 10, 11, 12, 13, 15, 16, 17, 18, 19, 20]",,,257,8,16,stress,9,public_upper_bound_16,177,6413.213728,,0.2178359579993412
26,0,True,unknown_count_late__n16__positive,unknown_count_late,16,16,16,216,0.21353900000001147,16,0,0,,0,198,opportunistic200_9,[],25831.06862604858,0,0.0,400.825858,"[2, 3, 4, 5, 6, 8, 10, 11, 12, 13, 15, 16, 17, 18, 19, 20]",,,257,8,16,stress,9,public_upper_bound_16,177,6413.213728,,0.21367712499340996
26,0,True,unknown_count_late__n16__positive,unknown_count_late,16,16,16,216,0.21331600000000606,16,0,0,,0,198,opportunistic600_9,[],25831.06862604858,0,0.0,400.825858,"[2, 3, 4, 5, 6, 8, 10, 11, 12, 13, 15, 16, 17, 18, 19, 20]",,,257,8,16,stress,9,public_upper_bound_16,177,6413.213728,,0.21348145802039653
32,0,True,unknown_count_late__n16__positive,unknown_count_late,16,31,16,90,0.11504500000000917,16,0,15,,0,57,trial80_9,[],19800.47455662189,0,0.0,275.5684320625,"[2, 3, 4, 5, 6, 8, 10, 11, 12, 13, 15, 16, 17, 18, 19, 20]",,,257,0,16,stress,2,public_upper_bound_16,39,4409.094913,,0.11511070799315348
31,0,True,unknown_count_late__n16__positive,unknown_count_late,16,16,16,74,0.03861899999999707,16,0,0,,0,56,cov_mean9,[],19929.00722724559,0,0.0,274.05009025,"[2, 3, 4, 5, 6, 8, 10, 11, 12, 13, 15, 16, 17, 18, 19, 20]",,,257,0,16,stress,2,public_upper_bound_16,39,4384.801444,,0.03864645800786093
32,0,True,unknown_count_late__n16__positive,unknown_count_late,16,31,16,90,0.031240000000011037,16,0,15,,0,57,cov_trial80_9,[],19800.47455662189,0,0.0,275.5684320625,"[2, 3, 4, 5, 6, 8, 10, 11, 12, 13, 15, 16, 17, 18, 19, 20]",,,257,0,16,stress,2,public_upper_bound_16,39,4409.094913,,0.03124741598730907
32,0,True,unknown_count_late__n16__positive,unknown_count_late,16,31,16,90,0.0310309999999987,16,0,15,,0,57,cov_robust80_9,[],19800.057182715635,0,0.0,275.563215,"[2, 3, 4, 5, 6, 8, 10, 11, 12, 13, 15, 16, 17, 18, 19, 20]",,,257,0,16,stress,2,public_upper_bound_16,39,4409.01144,,0.031042750051710755
32,0,True,unknown_count_late__n16__positive,unknown_count_late,16,31,16,90,0.031490000000005125,16,0,15,,0,57,cov_dynamic80_9,[],19800.47455662189,0,0.0,275.5684320625,"[2, 3, 4, 5, 6, 8, 10, 11, 12, 13, 15, 16, 17, 18, 19, 20]",,,257,0,16,stress,2,public_upper_bound_16,39,4409.094913,,0.03150316700339317
28,0,True,unknown_count_late__n16__positive,unknown_count_late,16,28,16,230,0.035319999999998686,16,0,12,,0,200,cov_opportunistic80_9,[],25843.67896586238,0,0.0,403.8584871875,"[2, 3, 4, 5, 6, 8, 10, 11, 12, 13, 15, 16, 17, 18, 19, 20]",,,257,8,16,stress,9,public_upper_bound_16,177,6461.735795,,0.035327917023096234
28,0,True,unknown_count_late__n16__positive,unknown_count_late,16,28,16,230,0.035381000000000995,16,0,12,,0,200,cov_deferred80_9,[],25843.67896586238,0,0.0,403.8584871875,"[2, 3, 4, 5, 6, 8, 10, 11, 12, 13, 15, 16, 17, 18, 19, 20]",,,257,8,16,stress,9,public_upper_bound_16,177,6461.735795,,0.035395334009081125
32,0,True,unknown_count_late__n16__positive,unknown_count_late,16,31,16,90,0.030901999999997543,16,0,15,,0,57,cov_trial80_7,[],19803.79658213714,0,0.0,275.6099573125,"[2, 3, 4, 5, 6, 8, 10, 11, 12, 13, 15, 16, 17, 18, 19, 20]",,,257,0,16,stress,2,public_upper_bound_16,39,4409.759317,,0.030915291979908943
32,0,True,unknown_count_late__n16__positive,unknown_count_late,16,31,16,90,0.03097200000000555,16,0,15,,0,57,cov_robust80_7,[],19803.379208230883,0,0.0,275.60474025,"[2, 3, 4, 5, 6, 8, 10, 11, 12, 13, 15, 16, 17, 18, 19, 20]",,,257,0,16,stress,2,public_upper_bound_16,39,4409.675844,,0.031005667056888342
30,0,True,unknown_count_late__n16__negative,unknown_count_late,16,16,16,73,0.2325880000000069,16,,,,0,55,baseline_peer9,[],20080.704679193797,0,0.0,275.6338085,"[2, 3, 4, 5, 6, 8, 10, 11, 12, 13, 15, 16, 17, 18, 19, 20]",,,258,,16,stress,2,public_upper_bound_16,39,4410.140936,,0.23271812498569489
30,0,True,unknown_count_late__n16__negative,unknown_count_late,16,16,16,73,0.2342039999999912,16,,,,0,55,baseline_ring7,[],20082.579954257926,0,0.0,275.6572494375,"[2, 3, 4, 5, 6, 8, 10, 11, 12, 13, 15, 16, 17, 18, 19, 20]",,,258,,16,stress,2,public_upper_bound_16,39,4410.515991,,0.2343539580469951
30,0,True,unknown_count_late__n16__negative,unknown_count_late,16,16,16,93,0.2358770000000021,16,,,,0,75,dynamic_greedy9,[],23316.398450858313,0,0.0,323.3299806875,"[2, 3, 4, 5, 6, 8, 10, 11, 12, 13, 15, 16, 17, 18, 19, 20]",0.0001670829369686544,7,258,,16,stress,6,public_upper_bound_16,55,5173.279691,"[0, 5, 4, 3, 2, 1, 8]",0.23606995801674202
30,0,True,unknown_count_late__n16__negative,unknown_count_late,16,16,16,93,0.23537199999999814,16,,,,0,75,dynamic_two_opt9,[],23316.398450858313,0,0.0,323.3299806875,"[2, 3, 4, 5, 6, 8, 10, 11, 12, 13, 15, 16, 17, 18, 19, 20]",0.00022341497242450714,7,258,,16,stress,6,public_upper_bound_16,55,5173.279691,"[0, 5, 4, 3, 2, 1, 8]",0.23555095796473324
25,0,True,unknown_count_late__n16__negative,unknown_count_late,16,16,16,215,0.20859400000000505,16,0,0,,0,197,deferred9,[],26108.34150579983,0,0.0,403.9792690625,"[2, 3, 4, 5, 6, 8, 10, 11, 12, 13, 15, 16, 17, 18, 19, 20]",,,258,8,16,stress,9,public_upper_bound_16,177,6463.668305,,0.20878308301325887
25,0,True,unknown_count_late__n16__negative,unknown_count_late,16,16,16,215,0.20738399999999046,16,0,0,,0,197,opportunistic200_9,[],26108.34150579983,0,0.0,403.9792690625,"[2, 3, 4, 5, 6, 8, 10, 11, 12, 13, 15, 16, 17, 18, 19, 20]",,,258,8,16,stress,9,public_upper_bound_16,177,6463.668305,,0.2075078749912791
25,0,True,unknown_count_late__n16__negative,unknown_count_late,16,16,16,215,0.20919100000000412,16,0,0,,0,197,opportunistic600_9,[],26108.34150579983,0,0.0,403.9792690625,"[2, 3, 4, 5, 6, 8, 10, 11, 12, 13, 15, 16, 17, 18, 19, 20]",,,258,8,16,stress,9,public_upper_bound_16,177,6463.668305,,0.2093607080169022
31,0,True,unknown_count_late__n16__negative,unknown_count_late,16,30,16,88,0.11612900000000081,16,0,14,,0,56,trial80_9,[],19925.15975856361,0,0.0,276.6269969375,"[2, 3, 4, 5, 6, 8, 10, 11, 12, 13, 15, 16, 17, 18, 19, 20]",,,258,0,16,stress,2,public_upper_bound_16,39,4426.031951,,0.11618549999548122
30,0,True,unknown_count_late__n16__negative,unknown_count_late,16,16,16,73,0.03693900000000383,16,0,0,,0,55,cov_mean9,[],20121.847754350536,0,0.0,276.148096875,"[2, 3, 4, 5, 6, 8, 10, 11, 12, 13, 15, 16, 17, 18, 19, 20]",,,258,0,16,stress,2,public_upper_bound_16,39,4418.36955,,0.036951957968994975
30,0,True,unknown_count_late__n16__negative,unknown_count_late,16,30,16,87,0.029732999999993126,16,0,14,,0,55,cov_trial80_9,[],19917.977300484643,0,0.0,276.22471625,"[2, 3, 4, 5, 6, 8, 10, 11, 12, 13, 15, 16, 17, 18, 19, 20]",,,258,0,16,stress,2,public_upper_bound_16,39,4419.59546,,0.029740750032942742
30,0,True,unknown_count_late__n16__negative,unknown_count_late,16,30,16,87,0.029924000000008277,16,0,14,,0,55,cov_robust80_9,[],19946.52367419834,0,0.0,276.581545875,"[2, 3, 4, 5, 6, 8, 10, 11, 12, 13, 15, 16, 17, 18, 19, 20]",,,258,0,16,stress,2,public_upper_bound_16,39,4425.304734,,0.029954332974739373
30,0,True,unknown_count_late__n16__negative,unknown_count_late,16,30,16,107,0.030597000000000207,16,0,14,,0,75,cov_dynamic80_9,[],23177.8663240667,0,0.0,324.2233290625,"[2, 3, 4, 5, 6, 8, 10, 11, 12, 13, 15, 16, 17, 18, 19, 20]",,,258,0,16,stress,6,public_upper_bound_16,55,5187.573265,,0.030666208011098206
24,0,True,unknown_count_late__n16__negative,unknown_count_late,16,26,16,224,0.032591000000010695,16,0,10,,0,196,cov_opportunistic80_9,[],25867.84563981605,0,0.0,402.535570625,"[2, 3, 4, 5, 6, 8, 10, 11, 12, 13, 15, 16, 17, 18, 19, 20]",,,258,8,16,stress,9,public_upper_bound_16,177,6440.56913,,0.03261225001187995
24,0,True,unknown_count_late__n16__negative,unknown_count_late,16,26,16,224,0.03265700000000038,16,0,10,,0,196,cov_deferred80_9,[],25867.84563981605,0,0.0,402.535570625,"[2, 3, 4, 5, 6, 8, 10, 11, 12, 13, 15, 16, 17, 18, 19, 20]",,,258,8,16,stress,9,public_upper_bound_16,177,6440.56913,,0.032675124995876104
30,0,True,unknown_count_late__n16__negative,unknown_count_late,16,30,16,87,0.02965200000001289,16,0,14,,0,55,cov_trial80_7,[],19919.849891251342,0,0.0,276.2481236875,"[2, 3, 4, 5, 6, 8, 10, 11, 12, 13, 15, 16, 17, 18, 19, 20]",,,258,0,16,stress,2,public_upper_bound_16,39,4419.969979,,0.029661874985322356
30,0,True,unknown_count_late__n16__negative,unknown_count_late,16,30,16,87,0.029539999999997235,16,0,14,,0,55,cov_robust80_7,[],19948.39626496504,0,0.0,276.6049533125,"[2, 3, 4, 5, 6, 8, 10, 11, 12, 13, 15, 16, 17, 18, 19, 20]",,,258,0,16,stress,2,public_upper_bound_16,39,4425.679253,,0.02957908296957612
32,0,True,unknown_count_late__n16__spatial,unknown_count_late,16,16,16,75,0.26369900000000257,16,,,,0,57,baseline_peer9,[],20176.39270086314,0,0.0,277.454908875,"[2, 3, 4, 5, 6, 8, 10, 11, 12, 13, 15, 16, 17, 18, 19, 20]",,,259,,16,stress,2,public_upper_bound_16,39,4439.278542,,0.26386833301512524
32,0,True,unknown_count_late__n16__spatial,unknown_count_late,16,16,16,75,0.25986300000000995,16,,,,0,57,baseline_ring7,[],20170.809528282392,0,0.0,277.3851190625,"[2, 3, 4, 5, 6, 8, 10, 11, 12, 13, 15, 16, 17, 18, 19, 20]",,,259,,16,stress,2,public_upper_bound_16,39,4438.161905,,0.26028049999149516
32,0,True,unknown_count_late__n16__spatial,unknown_count_late,16,16,16,95,0.25958699999999624,16,,,,0,77,dynamic_greedy9,[],23410.091225236734,0,0.0,325.1261404375,"[2, 3, 4, 5, 6, 8, 10, 11, 12, 13, 15, 16, 17, 18, 19, 20]",0.00016220705583691597,7,259,,16,stress,6,public_upper_bound_16,55,5202.018247,"[0, 5, 4, 3, 2, 1, 8]",0.25976600003195927
32,0,True,unknown_count_late__n16__spatial,unknown_count_late,16,16,16,95,0.25925799999998844,16,,,,0,77,dynamic_two_opt9,[],23410.091225236734,0,0.0,325.1261404375,"[2, 3, 4, 5, 6, 8, 10, 11, 12, 13, 15, 16, 17, 18, 19, 20]",0.00023083307314664125,7,259,,16,stress,6,public_upper_bound_16,55,5202.018247,"[0, 5, 4, 3, 2, 1, 8]",0.25941183301620185
27,0,True,unknown_count_late__n16__spatial,unknown_count_late,16,16,16,225,0.2277339999999981,16,0,0,,0,207,deferred9,[],24188.350821766668,0,0.0,383.729385625,"[2, 3, 4, 5, 6, 8, 10, 11, 12, 13, 15, 16, 17, 18, 19, 20]",,,259,0,16,stress,9,public_upper_bound_16,187,6139.67017,,0.2278625830076635
27,0,True,unknown_count_late__n16__spatial,unknown_count_late,16,16,16,225,0.22620899999999722,16,0,0,,0,207,opportunistic200_9,[],24188.350821766668,0,0.0,383.729385625,"[2, 3, 4, 5, 6, 8, 10, 11, 12, 13, 15, 16, 17, 18, 19, 20]",,,259,0,16,stress,9,public_upper_bound_16,187,6139.67017,,0.22631983301835135
27,0,True,unknown_count_late__n16__spatial,unknown_count_late,16,16,16,225,0.23089099999999974,16,0,0,,0,207,opportunistic600_9,[],24188.350821766668,0,0.0,383.729385625,"[2, 3, 4, 5, 6, 8, 10, 11, 12, 13, 15, 16, 17, 18, 19, 20]",,,259,0,16,stress,9,public_upper_bound_16,187,6139.67017,,0.2313897919957526
27,0,True,unknown_count_late__n16__spatial,unknown_count_late,10,26,16,80,0.11961999999999762,16,6,16,,0,52,trial80_9,[],19913.354564066074,0,0.0,274.47943225,"[2, 3, 4, 5, 6, 8, 10, 11, 12, 13, 15, 16, 17, 18, 19, 20]",,,259,0,16,stress,2,public_upper_bound_16,39,4391.670916,,0.11966179101727903
32,0,True,unknown_count_late__n16__spatial,unknown_count_late,16,16,16,75,0.03907699999999181,16,0,0,,0,57,cov_mean9,[],20430.11877424009,0,0.0,280.6264848125,"[2, 3, 4, 5, 6, 8, 10, 11, 12, 13, 15, 16, 17, 18, 19, 20]",,,259,0,16,stress,2,public_upper_bound_16,39,4490.023757,,0.03910395799903199
27,0,True,unknown_count_late__n16__spatial,unknown_count_late,10,26,16,80,0.029349000000010506,16,6,16,,0,52,cov_trial80_9,[],19913.354564066074,0,0.0,274.47943225,"[2, 3, 4, 5, 6, 8, 10, 11, 12, 13, 15, 16, 17, 18, 19, 20]",,,259,0,16,stress,2,public_upper_bound_16,39,4391.670916,,0.02935650001745671
29,0,True,unknown_count_late__n16__spatial,unknown_count_late,12,28,16,84,0.0299930000000046,16,4,16,,0,54,cov_robust80_9,[],20294.810684158892,0,0.0,280.24763375,"[2, 3, 4, 5, 6, 8, 10, 11, 12, 13, 15, 16, 17, 18, 19, 20]",,,259,0,16,stress,2,public_upper_bound_16,39,4483.96214,,0.02999345801072195
27,0,True,unknown_count_late__n16__spatial,unknown_count_late,10,26,16,100,0.03018600000000049,16,6,16,,0,72,cov_dynamic80_9,[],23174.277453798903,0,0.0,322.4909684375,"[2, 3, 4, 5, 6, 8, 10, 11, 12, 13, 15, 16, 17, 18, 19, 20]",,,259,0,16,stress,6,public_upper_bound_16,55,5159.855495,,0.03019945800770074
26,0,True,unknown_count_late__n16__spatial,unknown_count_late,14,27,16,235,0.03443099999999788,16,2,13,,0,206,cov_opportunistic80_9,[],23944.346567960194,0,0.0,382.4293325,"[2, 3, 4, 5, 6, 8, 10, 11, 12, 13, 15, 16, 17, 18, 19, 20]",,,259,0,16,stress,9,public_upper_bound_16,187,6118.86932,,0.03444437502184883
26,0,True,unknown_count_late__n16__spatial,unknown_count_late,14,27,16,235,0.03474799999999334,16,2,13,,0,206,cov_deferred80_9,[],23944.346567960194,0,0.0,382.4293325,"[2, 3, 4, 5, 6, 8, 10, 11, 12, 13, 15, 16, 17, 18, 19, 20]",,,259,0,16,stress,9,public_upper_bound_16,187,6118.86932,,0.03475016599986702
28,0,True,unknown_count_late__n16__spatial,unknown_count_late,10,26,16,81,0.029972000000000776,16,6,16,,0,53,cov_trial80_7,[],19954.82274982807,0,0.0,275.3102845625,"[2, 3, 4, 5, 6, 8, 10, 11, 12, 13, 15, 16, 17, 18, 19, 20]",,,259,0,16,stress,2,public_upper_bound_16,39,4404.964553,,0.02998079202370718
30,0,True,unknown_count_late__n16__spatial,unknown_count_late,12,28,16,85,0.030597000000000207,16,4,16,,0,55,cov_robust80_7,[],20336.278869920887,0,0.0,281.0784860625,"[2, 3, 4, 5, 6, 8, 10, 11, 12, 13, 15, 16, 17, 18, 19, 20]",,,259,0,16,stress,2,public_upper_bound_16,39,4497.255777,,0.030618874996434897
