active_measurements,active_no_signal,all_cleared,bracket_cut_inconsistencies,bracket_measurements,bracket_optical_success,bracket_optical_trials,bracket_pair_cuts,case_id,category,certified_clears,certified_range_scan_skips,certified_scan_skips,clear_calls,cleared,commands,completion_proxy_weight,configured_angle_schedule,configured_probe_angle_deg,coupled_dispatch_model,coupled_route_plans,cpu_s,deferred_nonstationary_skips,discovered_channels,dispatch_implementation,early_optical_success,early_optical_trials,expanded_sensing_candidates,failure,faithful_attempt_memory_updates,faithful_nonstationary_retained,faithful_stationary_skips,fixed_scan_order,forced_continuations,inconsistent_updates,inferred_negative_memory_updates,interrupted_channels,joint_route_solves,known_upper_bound_skips,logical_negative_memory_limit,maximum_source_primary_rf,maximum_source_rounds,measurements,method,minimum_actual_unknown_per_station,minimum_unknown_actions_per_station,missed_channels,modeled_known_scan_pairs,move_m,optical_fallback_calls,optical_local_move_saved_m,optical_max_cover_radius,optical_position_adjustments,outer_priority_used,packet_fallbacks,pair_prediction_checks,per_source_s,policy_cleared_channels,predicted_pair_skips,probe_angle_cap_deg,problem,public_empty_scan_skips,public_empty_scans,seed,service_entry_weight,service_order_mode,service_route_plans,service_scan_cost_weight,service_scan_order_cost_s,shared_known_measurements,shared_negative_cooldown_skips,skipped_precise_measurements,source_interruptions,source_packets,sources,split,stations_visited,stop_reason,switches,total_virtual_s,transverse_target_m,transverse_width_rule,uniform_area_ranking_prior,wall_s
7,0,True,0,0,0,0,0,uniform__iid__67,uniform__iid,7,3,,12,10,130,1.0,,,base,0,0.019350000000000034,,10,,3,5,False,,,,,False,,0,0,,17,0,,,,116,range_area7,,,[],,12450.081271938308,0,49.195608055153805,0.0,7,,,,323.8016252,"[4, 5, 7, 8, 9, 10, 14, 15, 18, 19]",,,3,,,67,1.0,,,,,7,,0,,,10,ordinary,7,full_coverage_and_all_discovered_cleared,112,3238.016252,,,True,0.019528709002770483
7,0,True,0,0,0,0,0,uniform__iid__67,uniform__iid,7,3,,12,10,130,1.0,,,arc,0,0.019112000000000018,,10,,3,5,False,,,,,False,,0,0,,0,0,,,,116,service_free0_area7,,,[],0,12450.081271938308,0,49.195608055153805,0.0,7,,,,323.8016252,"[4, 5, 7, 8, 9, 10, 14, 15, 18, 19]",,,3,,,67,0.5,free,17,0.0,0.0,7,,0,,,10,ordinary,7,full_coverage_and_all_discovered_cleared,112,3238.016252,,,True,0.019224416988436133
7,0,True,0,0,0,0,0,uniform__iid__67,uniform__iid,7,3,,12,10,130,1.0,,,arc,0,0.02093199999999995,,10,,3,5,False,,,,,False,,0,0,,0,0,,,,116,service_free1_area7,,,[],87,12450.081271938308,0,49.195608055153805,0.0,7,,,,323.8016252,"[4, 5, 7, 8, 9, 10, 14, 15, 18, 19]",,,3,,,67,0.5,free,17,1.0,0.0,7,,0,,,10,ordinary,7,full_coverage_and_all_discovered_cleared,112,3238.016252,,,True,0.020992458041291684
6,0,True,0,0,0,0,0,uniform__iid__67,uniform__iid,7,0,,12,10,136,1.0,,,arc,0,0.020662999999999987,,10,,3,5,False,,,,,False,,0,0,,0,0,,,,122,service_locked1_area7,,,[],122,11477.146886982022,0,53.406136007817565,0.0,7,,,,307.8429376,"[4, 5, 7, 8, 9, 10, 14, 15, 18, 19]",,,3,,,67,0.5,locked,17,1.0,0.0,9,,1,,,10,ordinary,7,full_coverage_and_all_discovered_cleared,117,3078.429376,,,True,0.02066258405102417
7,0,True,0,0,0,0,0,uniform__iid__68,uniform__iid,10,0,,18,15,149,1.0,,,base,0,0.028918999999999917,,15,,5,8,False,,,,,False,,0,0,,22,0,,,,129,range_area7,,,[],,11258.355683768476,0,68.94379760295948,0.0,10,,,,206.9114092,"[2, 4, 5, 6, 8, 9, 11, 12, 13, 14, 15, 16, 17, 19, 20]",,,3,,,68,1.0,,,,,33,,0,,,15,ordinary,7,full_coverage_and_all_discovered_cleared,123,3103.671138,,,True,0.028930667031090707
7,0,True,0,0,0,0,0,uniform__iid__68,uniform__iid,10,0,,18,15,149,1.0,,,arc,0,0.029918,,15,,5,8,False,,,,,False,,0,0,,0,0,,,,129,service_free0_area7,,,[],0,11258.355683768476,0,68.94379760295948,0.0,10,,,,206.9114092,"[2, 4, 5, 6, 8, 9, 11, 12, 13, 14, 15, 16, 17, 19, 20]",,,3,,,68,0.5,free,22,0.0,0.0,33,,0,,,15,ordinary,7,full_coverage_and_all_discovered_cleared,123,3103.671138,,,True,0.02993675001198426
7,0,True,0,0,0,0,0,uniform__iid__68,uniform__iid,10,0,,18,15,149,1.0,,,arc,0,0.03144800000000003,,15,,5,8,False,,,,,False,,0,0,,0,0,,,,129,service_free1_area7,,,[],264,11258.355683768476,0,68.94379760295948,0.0,10,,,,206.9114092,"[2, 4, 5, 6, 8, 9, 11, 12, 13, 14, 15, 16, 17, 19, 20]",,,3,,,68,0.5,free,22,1.0,0.0,33,,0,,,15,ordinary,7,full_coverage_and_all_discovered_cleared,123,3103.671138,,,True,0.03150633396580815
8,0,True,0,0,0,0,0,uniform__iid__68,uniform__iid,11,8,,19,15,140,1.0,,,arc,0,0.03217199999999998,,15,,4,8,False,,,,,False,,0,0,,0,0,,,,119,service_locked1_area7,,,[],279,11126.421130519257,0,63.65259511219628,0.0,11,,,,201.35228173333334,"[2, 4, 5, 6, 8, 9, 11, 12, 13, 14, 15, 16, 17, 19, 20]",,,3,,,68,0.5,locked,22,1.0,0.0,21,,5,,,15,ordinary,7,full_coverage_and_all_discovered_cleared,113,3020.284226,,,True,0.03228600003058091
7,0,True,0,0,0,0,0,uniform__iid__69,uniform__iid,5,0,,16,15,143,1.0,,,base,0,0.025258000000000003,,15,,10,11,False,,,,,False,,0,0,,22,0,,,,125,range_area7,,,[],,12833.52283590028,0,49.76008032836796,0.0,5,,,,225.5803046,"[2, 3, 4, 5, 6, 7, 8, 9, 10, 11, 12, 13, 14, 16, 18]",,,3,,,69,1.0,,,,,28,,7,,,15,ordinary,7,full_coverage_and_all_discovered_cleared,114,3383.704569,,,True,0.025267374992836267
7,0,True,0,0,0,0,0,uniform__iid__69,uniform__iid,5,0,,16,15,143,1.0,,,arc,0,0.026549999999999963,,15,,10,11,False,,,,,False,,0,0,,0,0,,,,125,service_free0_area7,,,[],0,12833.52283590028,0,49.76008032836796,0.0,5,,,,225.5803046,"[2, 3, 4, 5, 6, 7, 8, 9, 10, 11, 12, 13, 14, 16, 18]",,,3,,,69,0.5,free,22,0.0,0.0,28,,7,,,15,ordinary,7,full_coverage_and_all_discovered_cleared,114,3383.704569,,,True,0.026566124986857176
7,0,True,0,0,0,0,0,uniform__iid__69,uniform__iid,5,0,,16,15,143,1.0,,,arc,0,0.029259999999999953,,15,,10,11,False,,,,,False,,0,0,,0,0,,,,125,service_free1_area7,,,[],269,12833.52283590028,0,49.76008032836796,0.0,5,,,,225.5803046,"[2, 3, 4, 5, 6, 7, 8, 9, 10, 11, 12, 13, 14, 16, 18]",,,3,,,69,0.5,free,22,1.0,0.0,28,,7,,,15,ordinary,7,full_coverage_and_all_discovered_cleared,114,3383.704569,,,True,0.02941679098876193
5,0,True,0,0,0,0,0,uniform__iid__69,uniform__iid,4,6,,16,15,151,1.0,,,arc,0,0.03060799999999997,,15,,11,12,False,,,,,False,,0,0,,0,0,,,,133,service_locked1_area7,,,[],318,12530.945493030598,0,45.95042603669498,0.0,4,,,,224.8126068,"[2, 3, 4, 5, 6, 7, 8, 9, 10, 11, 12, 13, 14, 16, 18]",,,3,,,69,0.5,locked,22,1.0,0.0,30,,0,,,15,ordinary,7,full_coverage_and_all_discovered_cleared,123,3372.189102,,,True,0.030636082985438406
8,0,True,0,0,0,0,0,uniform__iid__70,uniform__iid,6,3,,13,10,138,1.0,,,base,0,0.020799000000000012,,10,,4,7,False,,,,,False,,0,0,,17,0,,,,123,range_area7,,,[],,11127.182320072005,0,36.3364416117673,0.0,6,,,,301.4436465,"[2, 3, 5, 10, 11, 13, 15, 16, 19, 20]",,,3,,,70,1.0,,,,,9,,0,,,10,ordinary,7,full_coverage_and_all_discovered_cleared,115,3014.436465,,,True,0.020834165974520147
8,0,True,0,0,0,0,0,uniform__iid__70,uniform__iid,6,3,,13,10,138,1.0,,,arc,0,0.020776000000000017,,10,,4,7,False,,,,,False,,0,0,,0,0,,,,123,service_free0_area7,,,[],0,11127.182320072005,0,36.3364416117673,0.0,6,,,,301.4436465,"[2, 3, 5, 10, 11, 13, 15, 16, 19, 20]",,,3,,,70,0.5,free,17,0.0,0.0,9,,0,,,10,ordinary,7,full_coverage_and_all_discovered_cleared,115,3014.436465,,,True,0.020809417008422315
7,0,True,0,0,0,0,0,uniform__iid__70,uniform__iid,5,4,,11,10,131,1.0,,,arc,0,0.02096599999999993,,10,,5,6,False,,,,,False,,0,0,,0,0,,,,118,service_free1_area7,,,[],77,11426.078539245202,0,36.25907239577695,0.0,5,,,,303.92157050000003,"[2, 3, 5, 10, 11, 13, 15, 16, 19, 20]",,,3,,,70,0.5,free,17,1.0,0.0,7,,1,,,10,ordinary,7,full_coverage_and_all_discovered_cleared,111,3039.215705,,,True,0.020979999972041696
5,0,True,0,0,0,0,0,uniform__iid__70,uniform__iid,4,2,,11,10,139,1.0,,,arc,0,0.021305999999999936,,10,,6,7,False,,,,,False,,0,0,,0,0,,,,126,service_locked1_area7,,,[],158,10781.635850640385,0,33.084375729977445,0.0,4,,,,295.5327167,"[2, 3, 5, 10, 11, 13, 15, 16, 19, 20]",,,3,,,70,0.5,locked,17,1.0,0.0,10,,0,,,10,ordinary,7,full_coverage_and_all_discovered_cleared,116,2955.327167,,,True,0.021306333015672863
7,0,True,0,0,0,0,0,uniform__iid__71,uniform__iid,7,0,,13,12,133,1.0,,,base,0,0.023830000000000018,,12,,5,6,False,,,,,False,,0,0,,19,0,,,,118,range_area7,,,[],,12153.650482723764,0,40.99123897655369,0.0,7,,,,266.14417483333335,"[1, 2, 4, 5, 7, 9, 10, 13, 17, 18, 19, 20]",,,3,,,71,1.0,,,,,22,,4,,,12,ordinary,7,full_coverage_and_all_discovered_cleared,110,3193.730098,,,True,0.023848292010370642
7,0,True,0,0,0,0,0,uniform__iid__71,uniform__iid,7,0,,13,12,133,1.0,,,arc,0,0.02495500000000006,,12,,5,6,False,,,,,False,,0,0,,0,0,,,,118,service_free0_area7,,,[],0,12153.650482723764,0,40.99123897655369,0.0,7,,,,266.14417483333335,"[1, 2, 4, 5, 7, 9, 10, 13, 17, 18, 19, 20]",,,3,,,71,0.5,free,19,0.0,0.0,22,,4,,,12,ordinary,7,full_coverage_and_all_discovered_cleared,110,3193.730098,,,True,0.024972749990411103
6,0,True,0,0,0,0,0,uniform__iid__71,uniform__iid,5,0,,13,12,133,1.0,,,arc,0,0.02524700000000002,,12,,7,8,False,,,,,False,,0,0,,0,0,,,,118,service_free1_area7,,,[],170,12401.58506950604,0,23.751457440008412,0.0,5,,,,270.35975133333335,"[1, 2, 4, 5, 7, 9, 10, 13, 17, 18, 19, 20]",,,3,,,71,0.5,free,19,1.0,0.0,23,,4,,,12,ordinary,7,full_coverage_and_all_discovered_cleared,111,3244.317016,,,True,0.02529533300548792
6,0,True,0,0,0,0,0,uniform__iid__71,uniform__iid,8,7,,14,12,133,1.0,,,arc,0,0.02663099999999996,,12,,4,6,False,,,,,False,,0,0,,0,0,,,,117,service_locked1_area7,,,[],157,11847.452014270917,0,46.30547086971889,0.0,8,,,,260.9575336666667,"[1, 2, 4, 5, 7, 9, 10, 13, 17, 18, 19, 20]",,,3,,,71,0.5,locked,19,1.0,0.0,23,,4,,,12,ordinary,7,full_coverage_and_all_discovered_cleared,111,3131.490404,,,True,0.026646416983567178
9,0,True,0,0,0,0,0,uniform__smooth__67,uniform__smooth,8,3,,12,10,133,1.0,,,base,0,0.022499999999999964,,10,,2,4,False,,,,,False,,0,0,,17,0,,,,119,range_area7,,,[],,12540.003423868544,0,78.3020734411675,0.0,8,,,,327.2000683,"[4, 5, 7, 8, 9, 10, 14, 15, 18, 19]",,,3,,,67,1.0,,,,,8,,0,,,10,ordinary,7,full_coverage_and_all_discovered_cleared,113,3272.000683,,,True,0.02282616595039144
9,0,True,0,0,0,0,0,uniform__smooth__67,uniform__smooth,8,3,,12,10,133,1.0,,,arc,0,0.021903999999999924,,10,,2,4,False,,,,,False,,0,0,,0,0,,,,119,service_free0_area7,,,[],0,12540.003423868544,0,78.3020734411675,0.0,8,,,,327.2000683,"[4, 5, 7, 8, 9, 10, 14, 15, 18, 19]",,,3,,,67,0.5,free,17,0.0,0.0,8,,0,,,10,ordinary,7,full_coverage_and_all_discovered_cleared,113,3272.000683,,,True,0.021908875030931085
9,0,True,0,0,0,0,0,uniform__smooth__67,uniform__smooth,8,3,,12,10,133,1.0,,,arc,0,0.022522000000000153,,10,,2,4,False,,,,,False,,0,0,,0,0,,,,119,service_free1_area7,,,[],86,12540.003423868544,0,78.3020734411675,0.0,8,,,,327.2000683,"[4, 5, 7, 8, 9, 10, 14, 15, 18, 19]",,,3,,,67,0.5,free,17,1.0,0.0,8,,0,,,10,ordinary,7,full_coverage_and_all_discovered_cleared,113,3272.000683,,,True,0.02252183301607147
9,0,True,0,0,0,0,0,uniform__smooth__67,uniform__smooth,7,0,,13,10,141,1.0,,,arc,0,0.022513000000000005,,10,,3,6,False,,,,,False,,0,0,,0,0,,,,126,service_locked1_area7,,,[],120,11526.212484760188,0,89.38185596460559,0.0,7,,,,311.3242498,"[4, 5, 7, 8, 9, 10, 14, 15, 18, 19]",,,3,,,67,0.5,locked,17,1.0,0.0,10,,1,,,10,ordinary,7,full_coverage_and_all_discovered_cleared,119,3113.242498,,,True,0.022526332992129028
12,0,True,0,0,0,0,0,uniform__smooth__68,uniform__smooth,12,4,,19,15,158,1.0,,,base,0,0.034919000000000144,,15,,3,7,False,,,,,False,,0,0,,22,0,,,,137,range_area7,,,[],,12819.328505185638,0,112.15950215678339,0.0,12,,,,230.6577134,"[2, 4, 5, 6, 8, 9, 11, 12, 13, 14, 15, 16, 17, 19, 20]",,,3,,,68,1.0,,,,,36,,0,,,15,ordinary,7,full_coverage_and_all_discovered_cleared,124,3459.865701,,,True,0.03505033301189542
12,0,True,0,0,0,0,0,uniform__smooth__68,uniform__smooth,12,4,,19,15,158,1.0,,,arc,0,0.03547599999999984,,15,,3,7,False,,,,,False,,0,0,,0,0,,,,137,service_free0_area7,,,[],0,12819.328505185638,0,112.15950215678339,0.0,12,,,,230.6577134,"[2, 4, 5, 6, 8, 9, 11, 12, 13, 14, 15, 16, 17, 19, 20]",,,3,,,68,0.5,free,22,0.0,0.0,36,,0,,,15,ordinary,7,full_coverage_and_all_discovered_cleared,124,3459.865701,,,True,0.03551895800046623
12,0,True,0,0,0,0,0,uniform__smooth__68,uniform__smooth,12,4,,19,15,158,1.0,,,arc,0,0.03874700000000009,,15,,3,7,False,,,,,False,,0,0,,0,0,,,,137,service_free1_area7,,,[],390,12819.328505185638,0,112.15950215678339,0.0,12,,,,230.6577134,"[2, 4, 5, 6, 8, 9, 11, 12, 13, 14, 15, 16, 17, 19, 20]",,,3,,,68,0.5,free,22,1.0,0.0,36,,0,,,15,ordinary,7,full_coverage_and_all_discovered_cleared,124,3459.865701,,,True,0.038759499962907284
4,0,True,0,0,0,0,0,uniform__smooth__68,uniform__smooth,6,6,,15,15,127,1.0,,,arc,0,0.03085199999999988,,15,,9,9,False,,,,,False,,0,0,,0,0,,,,110,service_locked1_area7,,,[],247,11135.957849531067,0,31.45296669651856,0.0,6,,,,197.079438,"[2, 4, 5, 6, 8, 9, 11, 12, 13, 14, 15, 16, 17, 19, 20]",,,3,,,68,0.5,locked,22,1.0,0.0,18,,9,,,15,ordinary,7,full_coverage_and_all_discovered_cleared,104,2956.19157,,,True,0.030868416011799127
7,0,True,0,0,0,0,0,uniform__smooth__69,uniform__smooth,7,3,,16,15,137,1.0,,,base,0,0.027517000000000014,,15,,8,9,False,,,,,False,,0,0,,22,0,,,,119,range_area7,,,[],,13126.1345818081,0,43.08970576885116,0.0,7,,,,227.0817944,"[2, 3, 4, 5, 6, 7, 8, 9, 10, 11, 12, 13, 14, 16, 18]",,,3,,,69,1.0,,,,,23,,10,,,15,ordinary,7,full_coverage_and_all_discovered_cleared,108,3406.226916,,,True,0.027598417014814913
7,0,True,0,0,0,0,0,uniform__smooth__69,uniform__smooth,7,3,,16,15,137,1.0,,,arc,0,0.027689999999999992,,15,,8,9,False,,,,,False,,0,0,,0,0,,,,119,service_free0_area7,,,[],0,13126.1345818081,0,43.08970576885116,0.0,7,,,,227.0817944,"[2, 3, 4, 5, 6, 7, 8, 9, 10, 11, 12, 13, 14, 16, 18]",,,3,,,69,0.5,free,22,0.0,0.0,23,,10,,,15,ordinary,7,full_coverage_and_all_discovered_cleared,108,3406.226916,,,True,0.028009082947392017
9,0,True,0,0,0,0,0,uniform__smooth__69,uniform__smooth,8,0,,19,15,155,1.0,,,arc,0,0.031214000000000075,,15,,7,11,False,,,,,False,,0,0,,0,0,,,,134,service_free1_area7,,,[],269,12791.228515379411,0,52.021972173615914,0.0,8,,,,229.28304686666667,"[2, 3, 4, 5, 6, 7, 8, 9, 10, 11, 12, 13, 14, 16, 18]",,,3,,,69,0.5,free,22,1.0,0.0,35,,7,,,15,ordinary,7,full_coverage_and_all_discovered_cleared,124,3439.245703,,,True,0.03122574998997152
6,0,True,0,0,0,0,0,uniform__smooth__69,uniform__smooth,6,6,,18,15,160,1.0,,,arc,0,0.03370200000000012,,15,,9,12,False,,,,,False,,0,0,,0,0,,,,140,service_locked1_area7,,,[],312,12163.012276889123,0,39.07166846945438,0.0,6,,,,222.90683033333335,"[2, 3, 4, 5, 6, 7, 8, 9, 10, 11, 12, 13, 14, 16, 18]",,,3,,,69,0.5,locked,22,1.0,0.0,35,,0,,,15,ordinary,7,full_coverage_and_all_discovered_cleared,127,3343.602455,,,True,0.03372320800554007
5,0,True,0,0,0,0,0,uniform__smooth__70,uniform__smooth,4,1,,10,10,135,1.0,,,base,0,0.017498000000000014,,10,,6,6,False,,,,,False,,0,0,,17,0,,,,123,range_area7,,,[],,11228.036691091005,0,25.521340928374684,0.0,4,,,,302.760734,"[2, 3, 5, 10, 11, 13, 15, 16, 19, 20]",,,3,,,70,1.0,,,,,9,,0,,,10,ordinary,7,full_coverage_and_all_discovered_cleared,117,3027.60734,,,True,0.01750274997903034
5,0,True,0,0,0,0,0,uniform__smooth__70,uniform__smooth,4,1,,10,10,135,1.0,,,arc,0,0.017670999999999992,,10,,6,6,False,,,,,False,,0,0,,0,0,,,,123,service_free0_area7,,,[],0,11228.036691091005,0,25.521340928374684,0.0,4,,,,302.760734,"[2, 3, 5, 10, 11, 13, 15, 16, 19, 20]",,,3,,,70,0.5,free,17,0.0,0.0,9,,0,,,10,ordinary,7,full_coverage_and_all_discovered_cleared,117,3027.60734,,,True,0.017670666973572224
6,0,True,0,0,0,0,0,uniform__smooth__70,uniform__smooth,5,3,,11,10,124,1.0,,,arc,0,0.019762999999999975,,10,,5,6,False,,,,,False,,0,0,,0,0,,,,111,service_free1_area7,,,[],85,11247.844034862917,0,28.549077377362543,0.0,5,,,,296.3568805,"[2, 3, 5, 10, 11, 13, 15, 16, 19, 20]",,,3,,,70,0.5,free,17,1.0,0.0,7,,0,,,10,ordinary,7,full_coverage_and_all_discovered_cleared,106,2963.568805,,,True,0.019807333999779075
4,0,True,0,0,0,0,0,uniform__smooth__70,uniform__smooth,5,2,,11,10,138,1.0,,,arc,0,0.021268999999999982,,10,,5,6,False,,,,,False,,0,0,,0,0,,,,125,service_locked1_area7,,,[],157,10749.21263168744,0,19.73519309679613,0.0,5,,,,294.5842523,"[2, 3, 5, 10, 11, 13, 15, 16, 19, 20]",,,3,,,70,0.5,locked,17,1.0,0.0,10,,0,,,10,ordinary,7,full_coverage_and_all_discovered_cleared,118,2945.842523,,,True,0.021270084020216018
5,0,True,0,0,0,0,0,uniform__smooth__71,uniform__smooth,6,0,,13,12,132,1.0,,,base,0,0.022952000000000083,,12,,6,7,False,,,,,False,,0,0,,19,0,,,,117,range_area7,,,[],,11457.765426791182,0,41.17540470974342,0.0,6,,,,254.04609025,"[1, 2, 4, 5, 7, 9, 10, 13, 17, 18, 19, 20]",,,3,,,71,1.0,,,,,22,,3,,,12,ordinary,7,full_coverage_and_all_discovered_cleared,109,3048.553083,,,True,0.02298025001073256
5,0,True,0,0,0,0,0,uniform__smooth__71,uniform__smooth,6,0,,13,12,132,1.0,,,arc,0,0.023592000000000057,,12,,6,7,False,,,,,False,,0,0,,0,0,,,,117,service_free0_area7,,,[],0,11457.765426791182,0,41.17540470974342,0.0,6,,,,254.04609025,"[1, 2, 4, 5, 7, 9, 10, 13, 17, 18, 19, 20]",,,3,,,71,0.5,free,19,0.0,0.0,22,,3,,,12,ordinary,7,full_coverage_and_all_discovered_cleared,109,3048.553083,,,True,0.023608708987012506
5,0,True,0,0,0,0,0,uniform__smooth__71,uniform__smooth,6,0,,13,12,132,1.0,,,arc,0,0.02573099999999995,,12,,6,7,False,,,,,False,,0,0,,0,0,,,,117,service_free1_area7,,,[],177,11457.765426791182,0,41.17540470974342,0.0,6,,,,254.04609025,"[1, 2, 4, 5, 7, 9, 10, 13, 17, 18, 19, 20]",,,3,,,71,0.5,free,19,1.0,0.0,22,,3,,,12,ordinary,7,full_coverage_and_all_discovered_cleared,109,3048.553083,,,True,0.02574329200433567
7,0,True,0,0,0,0,0,uniform__smooth__71,uniform__smooth,8,6,,15,12,137,1.0,,,arc,0,0.028325000000000156,,12,,4,7,False,,,,,False,,0,0,,0,0,,,,120,service_locked1_area7,,,[],161,11864.82814287642,0,43.14236062056853,0.0,8,,,,262.9138021666667,"[1, 2, 4, 5, 7, 9, 10, 13, 17, 18, 19, 20]",,,3,,,71,0.5,locked,19,1.0,0.0,23,,3,,,12,ordinary,7,full_coverage_and_all_discovered_cleared,113,3154.965626,,,True,0.02832479204516858
10,0,True,0,0,0,0,0,uniform__adversarial-positive__67,uniform__adversarial-positive,9,3,,15,10,136,1.0,,,base,0,0.0211530000000002,,10,,1,6,False,,,,,False,,0,0,,17,0,,,,119,range_area7,,,[],,12544.11036699349,0,59.11179150090638,0.0,9,,,,328.1822072,"[4, 5, 7, 8, 9, 10, 14, 15, 18, 19]",,,3,,,67,1.0,,,,,7,,0,,,10,ordinary,7,full_coverage_and_all_discovered_cleared,113,3281.822072,,,True,0.02124079200439155
10,0,True,0,0,0,0,0,uniform__adversarial-positive__67,uniform__adversarial-positive,9,3,,15,10,136,1.0,,,arc,0,0.02058799999999983,,10,,1,6,False,,,,,False,,0,0,,0,0,,,,119,service_free0_area7,,,[],0,12544.11036699349,0,59.11179150090638,0.0,9,,,,328.1822072,"[4, 5, 7, 8, 9, 10, 14, 15, 18, 19]",,,3,,,67,0.5,free,17,0.0,0.0,7,,0,,,10,ordinary,7,full_coverage_and_all_discovered_cleared,113,3281.822072,,,True,0.020608916995115578
10,0,True,0,0,0,0,0,uniform__adversarial-positive__67,uniform__adversarial-positive,9,3,,15,10,136,1.0,,,arc,0,0.022096000000000116,,10,,1,6,False,,,,,False,,0,0,,0,0,,,,119,service_free1_area7,,,[],90,12544.11036699349,0,59.11179150090638,0.0,9,,,,328.1822072,"[4, 5, 7, 8, 9, 10, 14, 15, 18, 19]",,,3,,,67,0.5,free,17,1.0,0.0,7,,0,,,10,ordinary,7,full_coverage_and_all_discovered_cleared,113,3281.822072,,,True,0.022103540948592126
7,0,True,0,0,0,0,0,uniform__adversarial-positive__67,uniform__adversarial-positive,7,0,,14,10,142,1.0,,,arc,0,0.02167999999999992,,10,,3,7,False,,,,,False,,0,0,,0,0,,,,126,service_locked1_area7,,,[],128,11514.424955647663,0,38.17251503846566,0.0,7,,,,311.588499,"[4, 5, 7, 8, 9, 10, 14, 15, 18, 19]",,,3,,,67,0.5,locked,17,1.0,0.0,11,,0,,,10,ordinary,7,full_coverage_and_all_discovered_cleared,121,3115.88499,,,True,0.021698291995562613
12,0,True,0,0,0,0,0,uniform__adversarial-positive__68,uniform__adversarial-positive,14,4,,22,15,158,1.0,,,base,0,0.03327100000000005,,15,,1,8,False,,,,,False,,0,0,,22,0,,,,134,range_area7,,,[],,12603.979749546508,0,126.3358280542244,0.0,14,,,,227.38639666666668,"[2, 4, 5, 6, 8, 9, 11, 12, 13, 14, 15, 16, 17, 19, 20]",,,3,,,68,1.0,,,,,33,,0,,,15,ordinary,7,full_coverage_and_all_discovered_cleared,124,3410.79595,,,True,0.03328712499933317
12,0,True,0,0,0,0,0,uniform__adversarial-positive__68,uniform__adversarial-positive,14,4,,22,15,158,1.0,,,arc,0,0.034110000000000085,,15,,1,8,False,,,,,False,,0,0,,0,0,,,,134,service_free0_area7,,,[],0,12603.979749546508,0,126.3358280542244,0.0,14,,,,227.38639666666668,"[2, 4, 5, 6, 8, 9, 11, 12, 13, 14, 15, 16, 17, 19, 20]",,,3,,,68,0.5,free,22,0.0,0.0,33,,0,,,15,ordinary,7,full_coverage_and_all_discovered_cleared,124,3410.79595,,,True,0.0341297909617424
9,0,True,0,0,0,0,0,uniform__adversarial-positive__68,uniform__adversarial-positive,11,6,,20,15,143,1.0,,,arc,0,0.03353900000000021,,15,,4,9,False,,,,,False,,0,0,,0,0,,,,121,service_free1_area7,,,[],272,12595.103384000651,0,83.07417913651688,0.0,11,,,,221.9347118,"[2, 4, 5, 6, 8, 9, 11, 12, 13, 14, 15, 16, 17, 19, 20]",,,3,,,68,0.5,free,22,1.0,0.0,31,,2,,,15,ordinary,7,full_coverage_and_all_discovered_cleared,115,3329.020677,,,True,0.03364991705166176
9,0,True,0,0,0,0,0,uniform__adversarial-positive__68,uniform__adversarial-positive,12,8,,20,15,137,1.0,,,arc,0,0.03331700000000004,,15,,3,8,False,,,,,False,,0,0,,0,0,,,,115,service_locked1_area7,,,[],234,11203.017299801088,0,86.95151269923997,0.0,12,,,,201.04023053333333,"[2, 4, 5, 6, 8, 9, 11, 12, 13, 14, 15, 16, 17, 19, 20]",,,3,,,68,0.5,locked,22,1.0,0.0,21,,10,,,15,ordinary,7,full_coverage_and_all_discovered_cleared,110,3015.603458,,,True,0.03335716703440994
10,0,True,0,0,0,0,0,uniform__adversarial-positive__69,uniform__adversarial-positive,9,6,,19,15,144,1.0,,,base,0,0.02958100000000008,,15,,6,10,False,,,,,False,,0,0,,22,0,,,,123,range_area7,,,[],,13010.796039392302,0,107.1655831496508,0.0,9,,,,227.94394726666667,"[2, 3, 4, 5, 6, 7, 8, 9, 10, 11, 12, 13, 14, 16, 18]",,,3,,,69,1.0,,,,,23,,6,,,15,ordinary,7,full_coverage_and_all_discovered_cleared,115,3419.159209,,,True,0.02959120797459036
10,0,True,0,0,0,0,0,uniform__adversarial-positive__69,uniform__adversarial-positive,9,6,,19,15,144,1.0,,,arc,0,0.030057999999999918,,15,,6,10,False,,,,,False,,0,0,,0,0,,,,123,service_free0_area7,,,[],0,13010.796039392302,0,107.1655831496508,0.0,9,,,,227.94394726666667,"[2, 3, 4, 5, 6, 7, 8, 9, 10, 11, 12, 13, 14, 16, 18]",,,3,,,69,0.5,free,22,0.0,0.0,23,,6,,,15,ordinary,7,full_coverage_and_all_discovered_cleared,115,3419.159209,,,True,0.0300784160499461
9,0,True,0,0,0,0,0,uniform__adversarial-positive__69,uniform__adversarial-positive,9,0,,19,15,151,1.0,,,arc,0,0.030432999999999932,,15,,6,10,False,,,,,False,,0,0,,0,0,,,,130,service_free1_area7,,,[],266,12724.45547739958,0,95.87924961679494,0.0,9,,,,226.79273973333332,"[2, 3, 4, 5, 6, 7, 8, 9, 10, 11, 12, 13, 14, 16, 18]",,,3,,,69,0.5,free,22,1.0,0.0,32,,8,,,15,ordinary,7,full_coverage_and_all_discovered_cleared,120,3401.891096,,,True,0.03049783402821049
7,0,True,0,0,0,0,0,uniform__adversarial-positive__69,uniform__adversarial-positive,10,6,,20,15,166,1.0,,,arc,0,0.034804999999999975,,15,,5,10,False,,,,,False,,0,0,,0,0,,,,144,service_locked1_area7,,,[],307,12565.992852962534,0,131.07144615778594,0.0,10,,,,230.61323793333335,"[2, 3, 4, 5, 6, 7, 8, 9, 10, 11, 12, 13, 14, 16, 18]",,,3,,,69,0.5,locked,22,1.0,0.0,36,,0,,,15,ordinary,7,full_coverage_and_all_discovered_cleared,136,3459.198569,,,True,0.03483462502481416
8,0,True,0,0,0,0,0,uniform__adversarial-positive__70,uniform__adversarial-positive,8,1,,13,10,133,1.0,,,base,0,0.018405000000000005,,10,,2,5,False,,,,,False,,0,0,,17,0,,,,118,range_area7,,,[],,11220.950146327352,0,50.559319946033376,0.0,8,,,,300.71900270000003,"[2, 3, 5, 10, 11, 13, 15, 16, 19, 20]",,,3,,,70,1.0,,,,,7,,6,,,10,ordinary,7,full_coverage_and_all_discovered_cleared,114,3007.190027,,,True,0.01842187496367842
8,0,True,0,0,0,0,0,uniform__adversarial-positive__70,uniform__adversarial-positive,8,1,,13,10,133,1.0,,,arc,0,0.01870600000000011,,10,,2,5,False,,,,,False,,0,0,,0,0,,,,118,service_free0_area7,,,[],0,11220.950146327352,0,50.559319946033376,0.0,8,,,,300.71900270000003,"[2, 3, 5, 10, 11, 13, 15, 16, 19, 20]",,,3,,,70,0.5,free,17,0.0,0.0,7,,6,,,10,ordinary,7,full_coverage_and_all_discovered_cleared,114,3007.190027,,,True,0.01870566699653864
8,0,True,0,0,0,0,0,uniform__adversarial-positive__70,uniform__adversarial-positive,8,1,,13,10,133,1.0,,,arc,0,0.019517000000000007,,10,,2,5,False,,,,,False,,0,0,,0,0,,,,118,service_free1_area7,,,[],103,11220.950146327352,0,50.559319946033376,0.0,8,,,,300.71900270000003,"[2, 3, 5, 10, 11, 13, 15, 16, 19, 20]",,,3,,,70,0.5,free,17,1.0,0.0,7,,6,,,10,ordinary,7,full_coverage_and_all_discovered_cleared,114,3007.190027,,,True,0.019531791971530765
4,0,True,0,0,0,0,0,uniform__adversarial-positive__70,uniform__adversarial-positive,6,2,,11,10,138,1.0,,,arc,0,0.02125700000000008,,10,,4,5,False,,,,,False,,0,0,,0,0,,,,125,service_locked1_area7,,,[],153,10696.08464676192,0,43.84216074143808,0.0,6,,,,293.42169309999997,"[2, 3, 5, 10, 11, 13, 15, 16, 19, 20]",,,3,,,70,0.5,locked,17,1.0,0.0,10,,0,,,10,ordinary,7,full_coverage_and_all_discovered_cleared,117,2934.216931,,,True,0.021257707965560257
8,0,True,0,0,0,0,0,uniform__adversarial-positive__71,uniform__adversarial-positive,8,0,,16,12,150,1.0,,,base,0,0.023811999999999944,,12,,4,8,False,,,,,False,,0,0,,19,0,,,,132,range_area7,,,[],,12063.417805624325,0,48.0087867640272,0.0,8,,,,272.14029666666664,"[1, 2, 4, 5, 7, 9, 10, 13, 17, 18, 19, 20]",,,3,,,71,1.0,,,,,19,,1,,,12,ordinary,7,full_coverage_and_all_discovered_cleared,121,3265.68356,,,True,0.023818665998987854
8,0,True,0,0,0,0,0,uniform__adversarial-positive__71,uniform__adversarial-positive,8,0,,16,12,150,1.0,,,arc,0,0.024808000000000163,,12,,4,8,False,,,,,False,,0,0,,0,0,,,,132,service_free0_area7,,,[],0,12063.417805624325,0,48.0087867640272,0.0,8,,,,272.14029666666664,"[1, 2, 4, 5, 7, 9, 10, 13, 17, 18, 19, 20]",,,3,,,71,0.5,free,19,0.0,0.0,19,,1,,,12,ordinary,7,full_coverage_and_all_discovered_cleared,121,3265.68356,,,True,0.024846790998708457
11,0,True,0,0,0,0,0,uniform__adversarial-positive__71,uniform__adversarial-positive,9,0,,18,12,149,1.0,,,arc,0,0.03002799999999972,,12,,3,9,False,,,,,False,,0,0,,0,0,,,,129,service_free1_area7,,,[],200,12212.833527225604,0,64.90540313645526,0.0,9,,,,273.9638919166667,"[1, 2, 4, 5, 7, 9, 10, 13, 17, 18, 19, 20]",,,3,,,71,0.5,free,19,1.0,0.0,27,,1,,,12,ordinary,7,full_coverage_and_all_discovered_cleared,122,3287.566703,,,True,0.03005462500732392
10,0,True,0,0,0,0,0,uniform__adversarial-positive__71,uniform__adversarial-positive,10,7,,17,12,140,1.0,,,arc,0,0.03040699999999985,,12,,2,7,False,,,,,False,,0,0,,0,0,,,,121,service_locked1_area7,,,[],172,12464.432638335687,0,95.83895903624173,0.0,10,,,,273.8238773333333,"[1, 2, 4, 5, 7, 9, 10, 13, 17, 18, 19, 20]",,,3,,,71,0.5,locked,19,1.0,0.0,20,,1,,,12,ordinary,7,full_coverage_and_all_discovered_cleared,113,3285.886528,,,True,0.0304152499884367
6,0,True,0,0,0,0,0,uniform__adversarial-negative__67,uniform__adversarial-negative,8,1,,12,10,128,1.0,,,base,0,0.01850700000000005,,10,,2,4,False,,,,,False,,0,0,,17,0,,,,114,range_area7,,,[],,11145.28580040564,0,50.5213170450714,0.0,8,,,,296.4057159,"[4, 5, 7, 8, 9, 10, 14, 15, 18, 19]",,,3,,,67,1.0,,,,,6,,9,,,10,ordinary,7,full_coverage_and_all_discovered_cleared,109,2964.057159,,,True,0.018506458029150963
6,0,True,0,0,0,0,0,uniform__adversarial-negative__67,uniform__adversarial-negative,8,1,,12,10,128,1.0,,,arc,0,0.01872000000000007,,10,,2,4,False,,,,,False,,0,0,,0,0,,,,114,service_free0_area7,,,[],0,11145.28580040564,0,50.5213170450714,0.0,8,,,,296.4057159,"[4, 5, 7, 8, 9, 10, 14, 15, 18, 19]",,,3,,,67,0.5,free,17,0.0,0.0,6,,9,,,10,ordinary,7,full_coverage_and_all_discovered_cleared,109,2964.057159,,,True,0.01873029099078849
6,0,True,0,0,0,0,0,uniform__adversarial-negative__67,uniform__adversarial-negative,8,1,,12,10,128,1.0,,,arc,0,0.02012400000000003,,10,,2,4,False,,,,,False,,0,0,,0,0,,,,114,service_free1_area7,,,[],105,11145.28580040564,0,50.5213170450714,0.0,8,,,,296.4057159,"[4, 5, 7, 8, 9, 10, 14, 15, 18, 19]",,,3,,,67,0.5,free,17,1.0,0.0,6,,9,,,10,ordinary,7,full_coverage_and_all_discovered_cleared,109,2964.057159,,,True,0.020157166989520192
6,0,True,0,0,0,0,0,uniform__adversarial-negative__67,uniform__adversarial-negative,7,0,,13,10,139,1.0,,,arc,0,0.020231000000000332,,10,,3,6,False,,,,,False,,0,0,,0,0,,,,124,service_locked1_area7,,,[],120,11439.585376816449,0,41.22805345201003,0.0,7,,,,308.6917073,"[4, 5, 7, 8, 9, 10, 14, 15, 18, 19]",,,3,,,67,0.5,locked,17,1.0,0.0,11,,1,,,10,ordinary,7,full_coverage_and_all_discovered_cleared,120,3086.917073,,,True,0.020286915998440236
11,0,True,0,0,0,0,0,uniform__adversarial-negative__68,uniform__adversarial-negative,11,0,,22,15,157,1.0,,,base,0,0.030553000000000274,,15,,4,11,False,,,,,False,,0,0,,22,0,,,,133,range_area7,,,[],,11311.566864547774,0,89.91461847037544,0.0,11,,,,209.88755826666664,"[2, 4, 5, 6, 8, 9, 11, 12, 13, 14, 15, 16, 17, 19, 20]",,,3,,,68,1.0,,,,,33,,0,,,15,ordinary,7,full_coverage_and_all_discovered_cleared,125,3148.313374,,,True,0.030568541958928108
11,0,True,0,0,0,0,0,uniform__adversarial-negative__68,uniform__adversarial-negative,11,0,,22,15,157,1.0,,,arc,0,0.03117599999999987,,15,,4,11,False,,,,,False,,0,0,,0,0,,,,133,service_free0_area7,,,[],0,11311.566864547774,0,89.91461847037544,0.0,11,,,,209.88755826666664,"[2, 4, 5, 6, 8, 9, 11, 12, 13, 14, 15, 16, 17, 19, 20]",,,3,,,68,0.5,free,22,0.0,0.0,33,,0,,,15,ordinary,7,full_coverage_and_all_discovered_cleared,125,3148.313374,,,True,0.031181875034235418
11,0,True,0,0,0,0,0,uniform__adversarial-negative__68,uniform__adversarial-negative,11,0,,22,15,157,1.0,,,arc,0,0.03363499999999986,,15,,4,11,False,,,,,False,,0,0,,0,0,,,,133,service_free1_area7,,,[],265,11311.566864547774,0,89.91461847037544,0.0,11,,,,209.88755826666664,"[2, 4, 5, 6, 8, 9, 11, 12, 13, 14, 15, 16, 17, 19, 20]",,,3,,,68,0.5,free,22,1.0,0.0,33,,0,,,15,ordinary,7,full_coverage_and_all_discovered_cleared,125,3148.313374,,,True,0.033647999982349575
11,0,True,0,0,0,0,0,uniform__adversarial-negative__68,uniform__adversarial-negative,12,5,,22,15,145,1.0,,,arc,0,0.03311099999999989,,15,,3,10,False,,,,,False,,0,0,,0,0,,,,121,service_locked1_area7,,,[],252,11163.52153498195,0,86.64739161121139,0.0,12,,,,203.11362066666666,"[2, 4, 5, 6, 8, 9, 11, 12, 13, 14, 15, 16, 17, 19, 20]",,,3,,,68,0.5,locked,22,1.0,0.0,21,,9,,,15,ordinary,7,full_coverage_and_all_discovered_cleared,113,3046.70431,,,True,0.03313125000568107
9,0,True,0,0,0,0,0,uniform__adversarial-negative__69,uniform__adversarial-negative,9,2,,19,15,139,1.0,,,base,0,0.029082000000000274,,15,,6,10,False,,,,,False,,0,0,,22,0,,,,118,range_area7,,,[],,12859.410494502135,0,83.41194961814898,0.0,9,,,,223.7921398,"[2, 3, 4, 5, 6, 7, 8, 9, 10, 11, 12, 13, 14, 16, 18]",,,3,,,69,1.0,,,,,23,,9,,,15,ordinary,7,full_coverage_and_all_discovered_cleared,108,3356.882097,,,True,0.02916795900091529
9,0,True,0,0,0,0,0,uniform__adversarial-negative__69,uniform__adversarial-negative,9,2,,19,15,139,1.0,,,arc,0,0.02945600000000015,,15,,6,10,False,,,,,False,,0,0,,0,0,,,,118,service_free0_area7,,,[],0,12859.410494502135,0,83.41194961814898,0.0,9,,,,223.7921398,"[2, 3, 4, 5, 6, 7, 8, 9, 10, 11, 12, 13, 14, 16, 18]",,,3,,,69,0.5,free,22,0.0,0.0,23,,9,,,15,ordinary,7,full_coverage_and_all_discovered_cleared,108,3356.882097,,,True,0.02947495802072808
9,0,True,0,0,0,0,0,uniform__adversarial-negative__69,uniform__adversarial-negative,9,2,,19,15,139,1.0,,,arc,0,0.03157399999999999,,15,,6,10,False,,,,,False,,0,0,,0,0,,,,118,service_free1_area7,,,[],248,12859.410494502135,0,83.41194961814898,0.0,9,,,,223.7921398,"[2, 3, 4, 5, 6, 7, 8, 9, 10, 11, 12, 13, 14, 16, 18]",,,3,,,69,0.5,free,22,1.0,0.0,23,,9,,,15,ordinary,7,full_coverage_and_all_discovered_cleared,108,3356.882097,,,True,0.031594542029779404
9,0,True,0,0,0,0,0,uniform__adversarial-negative__69,uniform__adversarial-negative,11,6,,21,15,163,1.0,,,arc,0,0.034712999999999994,,15,,4,10,False,,,,,False,,0,0,,0,0,,,,140,service_locked1_area7,,,[],309,12478.728849451374,0,111.81952744039546,0.0,11,,,,227.98305113333333,"[2, 3, 4, 5, 6, 7, 8, 9, 10, 11, 12, 13, 14, 16, 18]",,,3,,,69,0.5,locked,22,1.0,0.0,33,,0,,,15,ordinary,7,full_coverage_and_all_discovered_cleared,131,3419.745767,,,True,0.03472466696985066
7,0,True,0,0,0,0,0,uniform__adversarial-negative__70,uniform__adversarial-negative,7,1,,11,10,138,1.0,,,base,0,0.019172999999999885,,10,,3,4,False,,,,,False,,0,0,,17,0,,,,125,range_area7,,,[],,11151.369987015993,0,43.860243093504366,0.0,7,,,,302.7273994,"[2, 3, 5, 10, 11, 13, 15, 16, 19, 20]",,,3,,,70,1.0,,,,,9,,0,,,10,ordinary,7,full_coverage_and_all_discovered_cleared,119,3027.273994,,,True,0.019230415986385196
7,0,True,0,0,0,0,0,uniform__adversarial-negative__70,uniform__adversarial-negative,7,1,,11,10,138,1.0,,,arc,0,0.019471000000000238,,10,,3,4,False,,,,,False,,0,0,,0,0,,,,125,service_free0_area7,,,[],0,11151.369987015993,0,43.860243093504366,0.0,7,,,,302.7273994,"[2, 3, 5, 10, 11, 13, 15, 16, 19, 20]",,,3,,,70,0.5,free,17,0.0,0.0,9,,0,,,10,ordinary,7,full_coverage_and_all_discovered_cleared,119,3027.273994,,,True,0.019520416972227395
6,0,True,0,0,0,0,0,uniform__adversarial-negative__70,uniform__adversarial-negative,5,3,,11,10,125,1.0,,,arc,0,0.020315000000000083,,10,,5,6,False,,,,,False,,0,0,,0,0,,,,112,service_free1_area7,,,[],85,11264.527503949968,0,48.021324301159225,0.0,5,,,,297.3905503,"[2, 3, 5, 10, 11, 13, 15, 16, 19, 20]",,,3,,,70,0.5,free,17,1.0,0.0,8,,0,,,10,ordinary,7,full_coverage_and_all_discovered_cleared,108,2973.905503,,,True,0.020322915981523693
4,0,True,0,0,0,0,0,uniform__adversarial-negative__70,uniform__adversarial-negative,5,2,,11,10,138,1.0,,,arc,0,0.021078999999999848,,10,,5,6,False,,,,,False,,0,0,,0,0,,,,125,service_locked1_area7,,,[],157,10690.818344626192,0,41.19407354287674,0.0,5,,,,293.316367,"[2, 3, 5, 10, 11, 13, 15, 16, 19, 20]",,,3,,,70,0.5,locked,17,1.0,0.0,10,,0,,,10,ordinary,7,full_coverage_and_all_discovered_cleared,117,2933.16367,,,True,0.021086124994326383
6,0,True,0,0,0,0,0,uniform__adversarial-negative__71,uniform__adversarial-negative,9,0,,14,12,136,1.0,,,base,0,0.025488999999999873,,12,,3,5,False,,,,,False,,0,0,,19,0,,,,120,range_area7,,,[],,11408.921013664041,0,52.519745855040824,0.0,9,,,,254.64868366666667,"[1, 2, 4, 5, 7, 9, 10, 13, 17, 18, 19, 20]",,,3,,,71,1.0,,,,,24,,3,,,12,ordinary,7,full_coverage_and_all_discovered_cleared,108,3055.784204,,,True,0.02548916602972895
6,0,True,0,0,0,0,0,uniform__adversarial-negative__71,uniform__adversarial-negative,9,0,,14,12,136,1.0,,,arc,0,0.025727999999999973,,12,,3,5,False,,,,,False,,0,0,,0,0,,,,120,service_free0_area7,,,[],0,11408.921013664041,0,52.519745855040824,0.0,9,,,,254.64868366666667,"[1, 2, 4, 5, 7, 9, 10, 13, 17, 18, 19, 20]",,,3,,,71,0.5,free,19,0.0,0.0,24,,3,,,12,ordinary,7,full_coverage_and_all_discovered_cleared,108,3055.784204,,,True,0.02573454100638628
8,0,True,0,0,0,0,0,uniform__adversarial-negative__71,uniform__adversarial-negative,9,0,,15,12,139,1.0,,,arc,0,0.028188000000000102,,12,,3,6,False,,,,,False,,0,0,,0,0,,,,122,service_free1_area7,,,[],170,12125.008962137817,0,53.742516592813146,0.0,9,,,,267.75014933333335,"[1, 2, 4, 5, 7, 9, 10, 13, 17, 18, 19, 20]",,,3,,,71,0.5,free,19,1.0,0.0,25,,4,,,12,ordinary,7,full_coverage_and_all_discovered_cleared,109,3213.001792,,,True,0.02819204202387482
12,0,True,0,0,0,0,0,uniform__adversarial-negative__71,uniform__adversarial-negative,11,6,,19,12,151,1.0,,,arc,0,0.028576000000000157,,12,,1,8,False,,,,,False,,0,0,,0,0,,,,130,service_locked1_area7,,,[],191,12725.349715195991,0,101.97089863910828,0.0,11,,,,283.3391619166667,"[1, 2, 4, 5, 7, 9, 10, 13, 17, 18, 19, 20]",,,3,,,71,0.5,locked,19,1.0,0.0,25,,1,,,12,ordinary,7,full_coverage_and_all_discovered_cleared,124,3400.069943,,,True,0.028640208998695016
9,0,True,0,0,0,0,0,uniform__adversarial-spatial__67,uniform__adversarial-spatial,8,3,,13,10,134,1.0,,,base,0,0.021160000000000068,,10,,2,5,False,,,,,False,,0,0,,17,0,,,,119,range_area7,,,[],,12701.340476515094,0,65.96383839690539,0.0,8,,,,330.7268094,"[4, 5, 7, 8, 9, 10, 14, 15, 18, 19]",,,3,,,67,1.0,,,,,8,,0,,,10,ordinary,7,full_coverage_and_all_discovered_cleared,113,3307.268094,,,True,0.021175250003580004
9,0,True,0,0,0,0,0,uniform__adversarial-spatial__67,uniform__adversarial-spatial,8,3,,13,10,134,1.0,,,arc,0,0.021079999999999988,,10,,2,5,False,,,,,False,,0,0,,0,0,,,,119,service_free0_area7,,,[],0,12701.340476515094,0,65.96383839690539,0.0,8,,,,330.7268094,"[4, 5, 7, 8, 9, 10, 14, 15, 18, 19]",,,3,,,67,0.5,free,17,0.0,0.0,8,,0,,,10,ordinary,7,full_coverage_and_all_discovered_cleared,113,3307.268094,,,True,0.02107929199701175
9,0,True,0,0,0,0,0,uniform__adversarial-spatial__67,uniform__adversarial-spatial,8,3,,13,10,134,1.0,,,arc,0,0.022539000000000087,,10,,2,5,False,,,,,False,,0,0,,0,0,,,,119,service_free1_area7,,,[],87,12701.340476515094,0,65.96383839690539,0.0,8,,,,330.7268094,"[4, 5, 7, 8, 9, 10, 14, 15, 18, 19]",,,3,,,67,0.5,free,17,1.0,0.0,8,,0,,,10,ordinary,7,full_coverage_and_all_discovered_cleared,113,3307.268094,,,True,0.022564958955626935
9,0,True,0,0,0,0,0,uniform__adversarial-spatial__67,uniform__adversarial-spatial,9,0,,16,10,145,1.0,,,arc,0,0.022618999999999723,,10,,1,7,False,,,,,False,,0,0,,0,0,,,,127,service_locked1_area7,,,[],124,11514.442755915961,0,54.1288471344636,0.0,9,,,,312.688855,"[4, 5, 7, 8, 9, 10, 14, 15, 18, 19]",,,3,,,67,0.5,locked,17,1.0,0.0,11,,1,,,10,ordinary,7,full_coverage_and_all_discovered_cleared,121,3126.88855,,,True,0.02262850000988692
13,0,True,0,0,0,0,0,uniform__adversarial-spatial__68,uniform__adversarial-spatial,14,4,,22,15,159,1.0,,,base,0,0.033260999999999985,,15,,1,8,False,,,,,False,,0,0,,22,0,,,,135,range_area7,,,[],,12617.62105305865,0,148.4007863913149,0.0,14,,,,227.90161393333335,"[2, 4, 5, 6, 8, 9, 11, 12, 13, 14, 15, 16, 17, 19, 20]",,,3,,,68,1.0,,,,,35,,2,,,15,ordinary,7,full_coverage_and_all_discovered_cleared,124,3418.524209,,,True,0.033306874975096434
13,0,True,0,0,0,0,0,uniform__adversarial-spatial__68,uniform__adversarial-spatial,14,4,,22,15,159,1.0,,,arc,0,0.03354000000000035,,15,,1,8,False,,,,,False,,0,0,,0,0,,,,135,service_free0_area7,,,[],0,12617.62105305865,0,148.4007863913149,0.0,14,,,,227.90161393333335,"[2, 4, 5, 6, 8, 9, 11, 12, 13, 14, 15, 16, 17, 19, 20]",,,3,,,68,0.5,free,22,0.0,0.0,35,,2,,,15,ordinary,7,full_coverage_and_all_discovered_cleared,124,3418.524209,,,True,0.03362825000658631
13,0,True,0,0,0,0,0,uniform__adversarial-spatial__68,uniform__adversarial-spatial,14,4,,22,15,159,1.0,,,arc,0,0.03797999999999968,,15,,1,8,False,,,,,False,,0,0,,0,0,,,,135,service_free1_area7,,,[],376,12617.62105305865,0,148.4007863913149,0.0,14,,,,227.90161393333335,"[2, 4, 5, 6, 8, 9, 11, 12, 13, 14, 15, 16, 17, 19, 20]",,,3,,,68,0.5,free,22,1.0,0.0,35,,2,,,15,ordinary,7,full_coverage_and_all_discovered_cleared,124,3418.524209,,,True,0.037992958968970925
8,0,True,0,0,0,0,0,uniform__adversarial-spatial__68,uniform__adversarial-spatial,11,13,,19,15,137,1.0,,,arc,0,0.03387600000000024,,15,,4,8,False,,,,,False,,0,0,,0,0,,,,116,service_locked1_area7,,,[],235,11183.0058180322,0,138.01035710491058,0.0,11,,,,200.90674413333332,"[2, 4, 5, 6, 8, 9, 11, 12, 13, 14, 15, 16, 17, 19, 20]",,,3,,,68,0.5,locked,22,1.0,0.0,24,,6,,,15,ordinary,7,full_coverage_and_all_discovered_cleared,110,3013.601162,,,True,0.03388674999587238
12,0,True,0,0,0,0,0,uniform__adversarial-spatial__69,uniform__adversarial-spatial,13,3,,21,15,146,1.0,,,base,0,0.02963899999999997,,15,,2,8,False,,,,,False,,0,0,,22,0,,,,123,range_area7,,,[],,13066.042994566902,0,121.4214655759378,0.0,13,,,,229.01390666666666,"[2, 3, 4, 5, 6, 7, 8, 9, 10, 11, 12, 13, 14, 16, 18]",,,3,,,69,1.0,,,,,22,,10,,,15,ordinary,7,full_coverage_and_all_discovered_cleared,114,3435.2086,,,True,0.029656500031705946
12,0,True,0,0,0,0,0,uniform__adversarial-spatial__69,uniform__adversarial-spatial,13,3,,21,15,146,1.0,,,arc,0,0.029923000000000144,,15,,2,8,False,,,,,False,,0,0,,0,0,,,,123,service_free0_area7,,,[],0,13066.042994566902,0,121.4214655759378,0.0,13,,,,229.01390666666666,"[2, 3, 4, 5, 6, 7, 8, 9, 10, 11, 12, 13, 14, 16, 18]",,,3,,,69,0.5,free,22,0.0,0.0,22,,10,,,15,ordinary,7,full_coverage_and_all_discovered_cleared,114,3435.2086,,,True,0.029957042017485946
12,0,True,0,0,0,0,0,uniform__adversarial-spatial__69,uniform__adversarial-spatial,13,0,,22,15,165,1.0,,,arc,0,0.033879000000000214,,15,,2,9,False,,,,,False,,0,0,,0,0,,,,141,service_free1_area7,,,[],265,12851.65087616003,0,101.8359906878589,0.0,13,,,,233.6220118,"[2, 3, 4, 5, 6, 7, 8, 9, 10, 11, 12, 13, 14, 16, 18]",,,3,,,69,0.5,free,22,1.0,0.0,40,,8,,,15,ordinary,7,full_coverage_and_all_discovered_cleared,133,3504.330177,,,True,0.033899542002473027
9,0,True,0,0,0,0,0,uniform__adversarial-spatial__69,uniform__adversarial-spatial,13,6,,21,15,162,1.0,,,arc,0,0.033671000000000006,,15,,2,8,False,,,,,False,,0,0,,0,0,,,,139,service_locked1_area7,,,[],306,12409.61011075373,0,139.38424907605844,0.0,13,,,,226.72813506666668,"[2, 3, 4, 5, 6, 7, 8, 9, 10, 11, 12, 13, 14, 16, 18]",,,3,,,69,0.5,locked,22,1.0,0.0,33,,1,,,15,ordinary,7,full_coverage_and_all_discovered_cleared,131,3400.922026,,,True,0.03367937501752749
7,0,True,0,0,0,0,0,uniform__adversarial-spatial__70,uniform__adversarial-spatial,6,2,,14,10,145,1.0,,,base,0,0.02121700000000004,,10,,4,8,False,,,,,False,,0,0,,17,0,,,,129,range_area7,,,[],,11516.371920835065,0,52.39706504001099,0.0,6,,,,312.62743839999996,"[2, 3, 5, 10, 11, 13, 15, 16, 19, 20]",,,3,,,70,1.0,,,,,13,,0,,,10,ordinary,7,full_coverage_and_all_discovered_cleared,116,3126.274384,,,True,0.02121741697192192
7,0,True,0,0,0,0,0,uniform__adversarial-spatial__70,uniform__adversarial-spatial,6,2,,14,10,145,1.0,,,arc,0,0.021691000000000127,,10,,4,8,False,,,,,False,,0,0,,0,0,,,,129,service_free0_area7,,,[],0,11516.371920835065,0,52.39706504001099,0.0,6,,,,312.62743839999996,"[2, 3, 5, 10, 11, 13, 15, 16, 19, 20]",,,3,,,70,0.5,free,17,0.0,0.0,13,,0,,,10,ordinary,7,full_coverage_and_all_discovered_cleared,116,3126.274384,,,True,0.02169791702181101
9,0,True,0,0,0,0,0,uniform__adversarial-spatial__70,uniform__adversarial-spatial,8,3,,14,10,137,1.0,,,arc,0,0.020683000000000007,,10,,2,6,False,,,,,False,,0,0,,0,0,,,,121,service_free1_area7,,,[],120,12160.776989855614,0,49.262784697769256,0.0,8,,,,320.9155396,"[2, 3, 5, 10, 11, 13, 15, 16, 19, 20]",,,3,,,70,0.5,free,17,1.0,0.0,9,,4,,,10,ordinary,7,full_coverage_and_all_discovered_cleared,110,3209.155396,,,True,0.020695124985650182
7,0,True,0,0,0,0,0,uniform__adversarial-spatial__70,uniform__adversarial-spatial,10,2,,14,10,144,1.0,,,arc,0,0.022534000000000276,,10,,0,4,False,,,,,False,,0,0,,0,0,,,,128,service_locked1_area7,,,[],150,10679.598186908937,0,84.63142776300798,0.0,10,,,,296.0919637,"[2, 3, 5, 10, 11, 13, 15, 16, 19, 20]",,,3,,,70,0.5,locked,17,1.0,0.0,10,,0,,,10,ordinary,7,full_coverage_and_all_discovered_cleared,123,2960.919637,,,True,0.0225619999691844
10,0,True,0,0,0,0,0,uniform__adversarial-spatial__71,uniform__adversarial-spatial,11,0,,15,12,141,1.0,,,base,0,0.026374999999999815,,12,,1,4,False,,,,,False,,0,0,,19,0,,,,124,range_area7,,,[],,12339.184088627455,0,130.58177591346248,0.0,11,,,,272.48640141666664,"[1, 2, 4, 5, 7, 9, 10, 13, 17, 18, 19, 20]",,,3,,,71,1.0,,,,,23,,2,,,12,ordinary,7,full_coverage_and_all_discovered_cleared,113,3269.836817,,,True,0.026420291978865862
10,0,True,0,0,0,0,0,uniform__adversarial-spatial__71,uniform__adversarial-spatial,11,0,,15,12,141,1.0,,,arc,0,0.026742000000000044,,12,,1,4,False,,,,,False,,0,0,,0,0,,,,124,service_free0_area7,,,[],0,12339.184088627455,0,130.58177591346248,0.0,11,,,,272.48640141666664,"[1, 2, 4, 5, 7, 9, 10, 13, 17, 18, 19, 20]",,,3,,,71,0.5,free,19,0.0,0.0,23,,2,,,12,ordinary,7,full_coverage_and_all_discovered_cleared,113,3269.836817,,,True,0.02677099994616583
10,0,True,0,0,0,0,0,uniform__adversarial-spatial__71,uniform__adversarial-spatial,11,0,,15,12,141,1.0,,,arc,0,0.028601999999999794,,12,,1,4,False,,,,,False,,0,0,,0,0,,,,124,service_free1_area7,,,[],182,12339.184088627455,0,130.58177591346248,0.0,11,,,,272.48640141666664,"[1, 2, 4, 5, 7, 9, 10, 13, 17, 18, 19, 20]",,,3,,,71,0.5,free,19,1.0,0.0,23,,2,,,12,ordinary,7,full_coverage_and_all_discovered_cleared,113,3269.836817,,,True,0.028612040972802788
7,0,True,0,0,0,0,0,uniform__adversarial-spatial__71,uniform__adversarial-spatial,11,7,,15,12,131,1.0,,,arc,0,0.02539300000000022,,12,,1,4,False,,,,,False,,0,0,,0,0,,,,114,service_locked1_area7,,,[],147,11706.711136550191,0,136.3082036654665,0.0,11,,,,257.19518566666665,"[1, 2, 4, 5, 7, 9, 10, 13, 17, 18, 19, 20]",,,3,,,71,0.5,locked,19,1.0,0.0,20,,5,,,12,ordinary,7,full_coverage_and_all_discovered_cleared,106,3086.342228,,,True,0.0254089169902727
8,0,True,0,0,0,0,0,edge__iid__67,edge__iid,6,0,,12,10,135,1.0,,,base,0,0.018761000000000028,,10,,4,6,False,,,,,False,,0,0,,17,0,,,,121,range_area7,,,[],,11174.531239559894,0,41.51394882524377,0.0,6,,,,301.1906249,"[4, 5, 7, 8, 9, 10, 14, 15, 18, 19]",,,3,,,67,1.0,,,,,7,,0,,,10,ordinary,7,full_coverage_and_all_discovered_cleared,116,3011.906249,,,True,0.01876916701439768
8,0,True,0,0,0,0,0,edge__iid__67,edge__iid,6,0,,12,10,135,1.0,,,arc,0,0.018003000000000213,,10,,4,6,False,,,,,False,,0,0,,0,0,,,,121,service_free0_area7,,,[],0,11174.531239559894,0,41.51394882524377,0.0,6,,,,301.1906249,"[4, 5, 7, 8, 9, 10, 14, 15, 18, 19]",,,3,,,67,0.5,free,17,0.0,0.0,7,,0,,,10,ordinary,7,full_coverage_and_all_discovered_cleared,116,3011.906249,,,True,0.018019083014223725
8,0,True,0,0,0,0,0,edge__iid__67,edge__iid,6,0,,12,10,135,1.0,,,arc,0,0.019140999999999853,,10,,4,6,False,,,,,False,,0,0,,0,0,,,,121,service_free1_area7,,,[],25,11174.531239559894,0,41.51394882524377,0.0,6,,,,301.1906249,"[4, 5, 7, 8, 9, 10, 14, 15, 18, 19]",,,3,,,67,0.5,free,17,1.0,0.0,7,,0,,,10,ordinary,7,full_coverage_and_all_discovered_cleared,116,3011.906249,,,True,0.019156374968588352
7,0,True,0,0,0,0,0,edge__iid__67,edge__iid,6,0,,12,10,137,1.0,,,arc,0,0.01910199999999973,,10,,4,6,False,,,,,False,,0,0,,0,0,,,,123,service_locked1_area7,,,[],52,10835.443075196636,0,41.51394882524377,0.0,6,,,,295.5088616,"[4, 5, 7, 8, 9, 10, 14, 15, 18, 19]",,,3,,,67,0.5,locked,17,1.0,0.0,7,,0,,,10,ordinary,7,full_coverage_and_all_discovered_cleared,117,2955.088616,,,True,0.019117082993034273
13,0,True,0,0,0,0,0,edge__iid__68,edge__iid,9,0,,19,15,152,1.0,,,base,0,0.03153199999999989,,15,,6,10,False,,,,,False,,0,0,,22,0,,,,131,range_area7,,,[],,13285.035441146365,0,108.0410260588057,0.0,9,,,,234.33380586666667,"[2, 4, 5, 6, 8, 9, 11, 12, 13, 14, 15, 16, 17, 19, 20]",,,3,,,68,1.0,,,,,26,,0,,,15,ordinary,7,full_coverage_and_all_discovered_cleared,116,3515.007088,,,True,0.03155087499180809
13,0,True,0,0,0,0,0,edge__iid__68,edge__iid,9,0,,19,15,152,1.0,,,arc,0,0.03163999999999989,,15,,6,10,False,,,,,False,,0,0,,0,0,,,,131,service_free0_area7,,,[],0,13285.035441146365,0,108.0410260588057,0.0,9,,,,234.33380586666667,"[2, 4, 5, 6, 8, 9, 11, 12, 13, 14, 15, 16, 17, 19, 20]",,,3,,,68,0.5,free,22,0.0,0.0,26,,0,,,15,ordinary,7,full_coverage_and_all_discovered_cleared,116,3515.007088,,,True,0.031657167011871934
13,0,True,0,0,0,0,0,edge__iid__68,edge__iid,9,0,,19,15,152,1.0,,,arc,0,0.03222700000000023,,15,,6,10,False,,,,,False,,0,0,,0,0,,,,131,service_free1_area7,,,[],47,13285.035441146365,0,108.0410260588057,0.0,9,,,,234.33380586666667,"[2, 4, 5, 6, 8, 9, 11, 12, 13, 14, 15, 16, 17, 19, 20]",,,3,,,68,0.5,free,22,1.0,0.0,26,,0,,,15,ordinary,7,full_coverage_and_all_discovered_cleared,116,3515.007088,,,True,0.03230200003599748
10,0,True,0,0,0,0,0,edge__iid__68,edge__iid,11,11,,18,15,145,1.0,,,arc,0,0.033027999999999835,,15,,4,7,False,,,,,False,,0,0,,0,0,,,,125,service_locked1_area7,,,[],87,13610.286813931507,0,92.0269813618495,0.0,11,,,,236.87049100000002,"[2, 4, 5, 6, 8, 9, 11, 12, 13, 14, 15, 16, 17, 19, 20]",,,3,,,68,0.5,locked,22,1.0,0.0,18,,0,,,15,ordinary,7,full_coverage_and_all_discovered_cleared,122,3553.057365,,,True,0.033052290964405984
11,0,True,0,0,0,0,0,edge__iid__69,edge__iid,7,4,,20,15,152,1.0,,,base,0,0.02730699999999997,,15,,8,13,False,,,,,False,,0,0,,22,0,,,,130,range_area7,,,[],,13655.812323774517,0,41.56484100888642,0.0,7,,,,239.41083086666669,"[2, 3, 4, 5, 6, 7, 8, 9, 10, 11, 12, 13, 14, 16, 18]",,,3,,,69,1.0,,,,,19,,0,,,15,ordinary,7,full_coverage_and_all_discovered_cleared,120,3591.162463,,,True,0.027324541995767504
11,0,True,0,0,0,0,0,edge__iid__69,edge__iid,7,4,,20,15,152,1.0,,,arc,0,0.027538000000000284,,15,,8,13,False,,,,,False,,0,0,,0,0,,,,130,service_free0_area7,,,[],0,13655.812323774517,0,41.56484100888642,0.0,7,,,,239.41083086666669,"[2, 3, 4, 5, 6, 7, 8, 9, 10, 11, 12, 13, 14, 16, 18]",,,3,,,69,0.5,free,22,0.0,0.0,19,,0,,,15,ordinary,7,full_coverage_and_all_discovered_cleared,120,3591.162463,,,True,0.02756558294640854
11,0,True,0,0,0,0,0,edge__iid__69,edge__iid,7,4,,20,15,152,1.0,,,arc,0,0.028814999999999813,,15,,8,13,False,,,,,False,,0,0,,0,0,,,,130,service_free1_area7,,,[],54,13655.812323774517,0,41.56484100888642,0.0,7,,,,239.41083086666669,"[2, 3, 4, 5, 6, 7, 8, 9, 10, 11, 12, 13, 14, 16, 18]",,,3,,,69,0.5,free,22,1.0,0.0,19,,0,,,15,ordinary,7,full_coverage_and_all_discovered_cleared,120,3591.162463,,,True,0.02881383302155882
13,0,True,0,0,0,0,0,edge__iid__69,edge__iid,6,0,,20,15,156,1.0,,,arc,0,0.0297010000000002,,15,,9,14,False,,,,,False,,0,0,,0,0,,,,134,service_locked1_area7,,,[],49,14635.411888590932,0,49.21355073568445,0.0,6,,,,253.93882513333335,"[2, 3, 4, 5, 6, 7, 8, 9, 10, 11, 12, 13, 14, 16, 18]",,,3,,,69,0.5,locked,22,1.0,0.0,22,,0,,,15,ordinary,7,full_coverage_and_all_discovered_cleared,122,3809.082377,,,True,0.029816374997608364
7,0,True,0,0,0,0,0,edge__iid__70,edge__iid,6,2,,11,10,146,1.0,,,base,0,0.020925000000000082,,10,,4,5,False,,,,,False,,0,0,,17,0,,,,133,range_area7,,,[],,11636.038809372245,0,50.22789329191808,0.0,6,,,,317.3207764,"[2, 3, 5, 10, 11, 13, 15, 16, 19, 20]",,,3,,,70,1.0,,,,,15,,0,,,10,ordinary,7,full_coverage_and_all_discovered_cleared,128,3173.207764,,,True,0.020938333007507026
7,0,True,0,0,0,0,0,edge__iid__70,edge__iid,6,2,,11,10,146,1.0,,,arc,0,0.02117300000000011,,10,,4,5,False,,,,,False,,0,0,,0,0,,,,133,service_free0_area7,,,[],0,11636.038809372245,0,50.22789329191808,0.0,6,,,,317.3207764,"[2, 3, 5, 10, 11, 13, 15, 16, 19, 20]",,,3,,,70,0.5,free,17,0.0,0.0,15,,0,,,10,ordinary,7,full_coverage_and_all_discovered_cleared,128,3173.207764,,,True,0.021219042013399303
7,0,True,0,0,0,0,0,edge__iid__70,edge__iid,6,2,,11,10,146,1.0,,,arc,0,0.022092000000000223,,10,,4,5,False,,,,,False,,0,0,,0,0,,,,133,service_free1_area7,,,[],56,11636.038809372245,0,50.22789329191808,0.0,6,,,,317.3207764,"[2, 3, 5, 10, 11, 13, 15, 16, 19, 20]",,,3,,,70,0.5,free,17,1.0,0.0,15,,0,,,10,ordinary,7,full_coverage_and_all_discovered_cleared,128,3173.207764,,,True,0.02209229103755206
7,0,True,0,0,0,0,0,edge__iid__70,edge__iid,6,2,,11,10,146,1.0,,,arc,0,0.022006000000000192,,10,,4,5,False,,,,,False,,0,0,,0,0,,,,133,service_locked1_area7,,,[],56,11636.038809372245,0,50.22789329191808,0.0,6,,,,317.3207764,"[2, 3, 5, 10, 11, 13, 15, 16, 19, 20]",,,3,,,70,0.5,locked,17,1.0,0.0,15,,0,,,10,ordinary,7,full_coverage_and_all_discovered_cleared,128,3173.207764,,,True,0.022007166990078986
9,0,True,0,0,0,0,0,edge__iid__71,edge__iid,5,4,,14,12,146,1.0,,,base,0,0.022310999999999748,,12,,7,9,False,,,,,False,,0,0,,19,0,,,,130,range_area7,,,[],,13678.275604831477,0,20.25745229560478,0.0,5,,,,297.55459333333334,"[1, 2, 4, 5, 7, 9, 10, 13, 17, 18, 19, 20]",,,3,,,71,1.0,,,,,12,,0,,,12,ordinary,7,full_coverage_and_all_discovered_cleared,119,3570.65512,,,True,0.02232887502759695
9,0,True,0,0,0,0,0,edge__iid__71,edge__iid,5,4,,14,12,146,1.0,,,arc,0,0.02292700000000014,,12,,7,9,False,,,,,False,,0,0,,0,0,,,,130,service_free0_area7,,,[],0,13678.275604831477,0,20.25745229560478,0.0,5,,,,297.55459333333334,"[1, 2, 4, 5, 7, 9, 10, 13, 17, 18, 19, 20]",,,3,,,71,0.5,free,19,0.0,0.0,12,,0,,,12,ordinary,7,full_coverage_and_all_discovered_cleared,119,3570.65512,,,True,0.022958582965657115
9,0,True,0,0,0,0,0,edge__iid__71,edge__iid,5,4,,14,12,146,1.0,,,arc,0,0.02338299999999993,,12,,7,9,False,,,,,False,,0,0,,0,0,,,,130,service_free1_area7,,,[],35,13678.275604831477,0,20.25745229560478,0.0,5,,,,297.55459333333334,"[1, 2, 4, 5, 7, 9, 10, 13, 17, 18, 19, 20]",,,3,,,71,0.5,free,19,1.0,0.0,12,,0,,,12,ordinary,7,full_coverage_and_all_discovered_cleared,119,3570.65512,,,True,0.023440250020939857
5,0,True,0,0,0,0,0,edge__iid__71,edge__iid,3,0,,13,12,134,1.0,,,arc,0,0.022038000000000224,,12,,9,10,False,,,,,False,,0,0,,0,0,,,,119,service_locked1_area7,,,[],45,13417.315635358791,0,26.818896897745713,0.0,3,,,,287.95526075000004,"[1, 2, 4, 5, 7, 9, 10, 13, 17, 18, 19, 20]",,,3,,,71,0.5,locked,19,1.0,0.0,19,,0,,,12,ordinary,7,full_coverage_and_all_discovered_cleared,114,3455.463129,,,True,0.022081292001530528
12,0,True,0,0,0,0,0,edge__smooth__67,edge__smooth,6,0,,13,10,140,1.0,,,base,0,0.022383999999999737,,10,,4,7,False,,,,,False,,0,0,,17,0,,,,125,range_area7,,,[],,11236.671745435986,0,75.25454290428803,0.0,6,,,,304.8334351,"[4, 5, 7, 8, 9, 10, 14, 15, 18, 19]",,,3,,,67,1.0,,,,,7,,0,,,10,ordinary,7,full_coverage_and_all_discovered_cleared,117,3048.334351,,,True,0.022400291985832155
12,0,True,0,0,0,0,0,edge__smooth__67,edge__smooth,6,0,,13,10,140,1.0,,,arc,0,0.02221300000000026,,10,,4,7,False,,,,,False,,0,0,,0,0,,,,125,service_free0_area7,,,[],0,11236.671745435986,0,75.25454290428803,0.0,6,,,,304.8334351,"[4, 5, 7, 8, 9, 10, 14, 15, 18, 19]",,,3,,,67,0.5,free,17,0.0,0.0,7,,0,,,10,ordinary,7,full_coverage_and_all_discovered_cleared,117,3048.334351,,,True,0.022224374988581985
12,0,True,0,0,0,0,0,edge__smooth__67,edge__smooth,6,0,,13,10,140,1.0,,,arc,0,0.023101000000000038,,10,,4,7,False,,,,,False,,0,0,,0,0,,,,125,service_free1_area7,,,[],26,11236.671745435986,0,75.25454290428803,0.0,6,,,,304.8334351,"[4, 5, 7, 8, 9, 10, 14, 15, 18, 19]",,,3,,,67,0.5,free,17,1.0,0.0,7,,0,,,10,ordinary,7,full_coverage_and_all_discovered_cleared,117,3048.334351,,,True,0.023126917018089443
9,0,True,0,0,0,0,0,edge__smooth__67,edge__smooth,5,0,,12,10,140,1.0,,,arc,0,0.023327999999999793,,10,,5,7,False,,,,,False,,0,0,,0,0,,,,126,service_locked1_area7,,,[],53,10767.021845384454,0,57.99765704559719,0.0,5,,,,295.74043700000004,"[4, 5, 7, 8, 9, 10, 14, 15, 18, 19]",,,3,,,67,0.5,locked,17,1.0,0.0,8,,0,,,10,ordinary,7,full_coverage_and_all_discovered_cleared,118,2957.40437,,,True,0.023525500029791147
10,0,True,0,0,0,0,0,edge__smooth__68,edge__smooth,9,0,,18,15,146,1.0,,,base,0,0.027636000000000216,,15,,6,9,False,,,,,False,,0,0,,22,0,,,,126,range_area7,,,[],,13243.122116200717,0,83.67267065903894,0.0,9,,,,231.90829473333332,"[2, 4, 5, 6, 8, 9, 11, 12, 13, 14, 15, 16, 17, 19, 20]",,,3,,,68,1.0,,,,,24,,0,,,15,ordinary,7,full_coverage_and_all_discovered_cleared,116,3478.624421,,,True,0.02773608296411112
10,0,True,0,0,0,0,0,edge__smooth__68,edge__smooth,9,0,,18,15,146,1.0,,,arc,0,0.028418000000000276,,15,,6,9,False,,,,,False,,0,0,,0,0,,,,126,service_free0_area7,,,[],0,13243.122116200717,0,83.67267065903894,0.0,9,,,,231.90829473333332,"[2, 4, 5, 6, 8, 9, 11, 12, 13, 14, 15, 16, 17, 19, 20]",,,3,,,68,0.5,free,22,0.0,0.0,24,,0,,,15,ordinary,7,full_coverage_and_all_discovered_cleared,116,3478.624421,,,True,0.028430666017811745
10,0,True,0,0,0,0,0,edge__smooth__68,edge__smooth,9,0,,18,15,146,1.0,,,arc,0,0.029173000000000116,,15,,6,9,False,,,,,False,,0,0,,0,0,,,,126,service_free1_area7,,,[],44,13243.122116200717,0,83.67267065903894,0.0,9,,,,231.90829473333332,"[2, 4, 5, 6, 8, 9, 11, 12, 13, 14, 15, 16, 17, 19, 20]",,,3,,,68,0.5,free,22,1.0,0.0,24,,0,,,15,ordinary,7,full_coverage_and_all_discovered_cleared,116,3478.624421,,,True,0.029173040995374322
8,0,True,0,0,0,0,0,edge__smooth__68,edge__smooth,10,11,,17,15,143,1.0,,,arc,0,0.032862999999999865,,15,,5,7,False,,,,,False,,0,0,,0,0,,,,124,service_locked1_area7,,,[],86,13643.890113565116,0,77.1342151767837,0.0,10,,,,236.51853493333334,"[2, 4, 5, 6, 8, 9, 11, 12, 13, 14, 15, 16, 17, 19, 20]",,,3,,,68,0.5,locked,22,1.0,0.0,19,,0,,,15,ordinary,7,full_coverage_and_all_discovered_cleared,118,3547.778024,,,True,0.032893957977648824
9,0,True,0,0,0,0,0,edge__smooth__69,edge__smooth,5,4,,18,15,146,1.0,,,base,0,0.026164000000000076,,15,,10,13,False,,,,,False,,0,0,,22,0,,,,126,range_area7,,,[],,13590.744512562758,0,32.56938475190523,0.0,5,,,,236.74326019999998,"[2, 3, 4, 5, 6, 7, 8, 9, 10, 11, 12, 13, 14, 16, 18]",,,3,,,69,1.0,,,,,17,,0,,,15,ordinary,7,full_coverage_and_all_discovered_cleared,119,3551.148903,,,True,0.026182041969150305
9,0,True,0,0,0,0,0,edge__smooth__69,edge__smooth,5,4,,18,15,146,1.0,,,arc,0,0.026429999999999954,,15,,10,13,False,,,,,False,,0,0,,0,0,,,,126,service_free0_area7,,,[],0,13590.744512562758,0,32.56938475190523,0.0,5,,,,236.74326019999998,"[2, 3, 4, 5, 6, 7, 8, 9, 10, 11, 12, 13, 14, 16, 18]",,,3,,,69,0.5,free,22,0.0,0.0,17,,0,,,15,ordinary,7,full_coverage_and_all_discovered_cleared,119,3551.148903,,,True,0.0264936659950763
9,0,True,0,0,0,0,0,edge__smooth__69,edge__smooth,5,4,,18,15,146,1.0,,,arc,0,0.027580999999999634,,15,,10,13,False,,,,,False,,0,0,,0,0,,,,126,service_free1_area7,,,[],53,13590.744512562758,0,32.56938475190523,0.0,5,,,,236.74326019999998,"[2, 3, 4, 5, 6, 7, 8, 9, 10, 11, 12, 13, 14, 16, 18]",,,3,,,69,0.5,free,22,1.0,0.0,17,,0,,,15,ordinary,7,full_coverage_and_all_discovered_cleared,119,3551.148903,,,True,0.027601833979133517
10,0,True,0,0,0,0,0,edge__smooth__69,edge__smooth,4,0,,18,15,148,1.0,,,arc,0,0.0280149999999999,,15,,11,14,False,,,,,False,,0,0,,0,0,,,,128,service_locked1_area7,,,[],47,14537.76744894948,0,17.49994352684267,0.0,4,,,,250.03689926666667,"[2, 3, 4, 5, 6, 7, 8, 9, 10, 11, 12, 13, 14, 16, 18]",,,3,,,69,0.5,locked,22,1.0,0.0,19,,0,,,15,ordinary,7,full_coverage_and_all_discovered_cleared,119,3750.553489,,,True,0.02802745799999684
6,0,True,0,0,0,0,0,edge__smooth__70,edge__smooth,5,2,,11,10,148,1.0,,,base,0,0.021174000000000248,,10,,5,6,False,,,,,False,,0,0,,17,0,,,,135,range_area7,,,[],,11849.161986428375,0,39.51856747057941,0.0,5,,,,322.7832398,"[2, 3, 5, 10, 11, 13, 15, 16, 19, 20]",,,3,,,70,1.0,,,,,18,,0,,,10,ordinary,7,full_coverage_and_all_discovered_cleared,130,3227.832398,,,True,0.021173750050365925
6,0,True,0,0,0,0,0,edge__smooth__70,edge__smooth,5,2,,11,10,148,1.0,,,arc,0,0.021630000000000038,,10,,5,6,False,,,,,False,,0,0,,0,0,,,,135,service_free0_area7,,,[],0,11849.161986428375,0,39.51856747057941,0.0,5,,,,322.7832398,"[2, 3, 5, 10, 11, 13, 15, 16, 19, 20]",,,3,,,70,0.5,free,17,0.0,0.0,18,,0,,,10,ordinary,7,full_coverage_and_all_discovered_cleared,130,3227.832398,,,True,0.021641125029418617
6,0,True,0,0,0,0,0,edge__smooth__70,edge__smooth,5,2,,11,10,148,1.0,,,arc,0,0.022396999999999778,,10,,5,6,False,,,,,False,,0,0,,0,0,,,,135,service_free1_area7,,,[],56,11849.161986428375,0,39.51856747057941,0.0,5,,,,322.7832398,"[2, 3, 5, 10, 11, 13, 15, 16, 19, 20]",,,3,,,70,0.5,free,17,1.0,0.0,18,,0,,,10,ordinary,7,full_coverage_and_all_discovered_cleared,130,3227.832398,,,True,0.0224049580283463
6,0,True,0,0,0,0,0,edge__smooth__70,edge__smooth,5,2,,11,10,148,1.0,,,arc,0,0.02210000000000001,,10,,5,6,False,,,,,False,,0,0,,0,0,,,,135,service_locked1_area7,,,[],56,11849.161986428375,0,39.51856747057941,0.0,5,,,,322.7832398,"[2, 3, 5, 10, 11, 13, 15, 16, 19, 20]",,,3,,,70,0.5,locked,17,1.0,0.0,18,,0,,,10,ordinary,7,full_coverage_and_all_discovered_cleared,130,3227.832398,,,True,0.022144499991554767
9,0,True,0,0,0,0,0,edge__smooth__71,edge__smooth,4,4,,14,12,147,1.0,,,base,0,0.022772999999999932,,12,,8,10,False,,,,,False,,0,0,,19,0,,,,131,range_area7,,,[],,13697.206451302716,0,25.821839266201394,0.0,4,,,,298.62010741666666,"[1, 2, 4, 5, 7, 9, 10, 13, 17, 18, 19, 20]",,,3,,,71,1.0,,,,,13,,0,,,12,ordinary,7,full_coverage_and_all_discovered_cleared,123,3583.441289,,,True,0.022778249986004084
9,0,True,0,0,0,0,0,edge__smooth__71,edge__smooth,4,4,,14,12,147,1.0,,,arc,0,0.0233680000000005,,12,,8,10,False,,,,,False,,0,0,,0,0,,,,131,service_free0_area7,,,[],0,13697.206451302716,0,25.821839266201394,0.0,4,,,,298.62010741666666,"[1, 2, 4, 5, 7, 9, 10, 13, 17, 18, 19, 20]",,,3,,,71,0.5,free,19,0.0,0.0,13,,0,,,12,ordinary,7,full_coverage_and_all_discovered_cleared,123,3583.441289,,,True,0.02337558299768716
9,0,True,0,0,0,0,0,edge__smooth__71,edge__smooth,4,4,,14,12,147,1.0,,,arc,0,0.024104000000000347,,12,,8,10,False,,,,,False,,0,0,,0,0,,,,131,service_free1_area7,,,[],35,13697.206451302716,0,25.821839266201394,0.0,4,,,,298.62010741666666,"[1, 2, 4, 5, 7, 9, 10, 13, 17, 18, 19, 20]",,,3,,,71,0.5,free,19,1.0,0.0,13,,0,,,12,ordinary,7,full_coverage_and_all_discovered_cleared,123,3583.441289,,,True,0.024114999978337437
6,0,True,0,0,0,0,0,edge__smooth__71,edge__smooth,4,0,,14,12,134,1.0,,,arc,0,0.021773000000000486,,12,,8,10,False,,,,,False,,0,0,,0,0,,,,118,service_locked1_area7,,,[],45,13479.730402054949,0,22.238328535981413,0.0,4,,,,288.4955065,"[1, 2, 4, 5, 7, 9, 10, 13, 17, 18, 19, 20]",,,3,,,71,0.5,locked,19,1.0,0.0,17,,0,,,12,ordinary,7,full_coverage_and_all_discovered_cleared,110,3461.946078,,,True,0.021772915963083506
9,0,True,0,0,0,0,0,edge__adversarial-positive__67,edge__adversarial-positive,5,0,,12,10,137,1.0,,,base,0,0.020832999999999657,,10,,5,7,False,,,,,False,,0,0,,17,0,,,,123,range_area7,,,[],,11149.177243768761,0,50.88422047955052,0.0,5,,,,301.68354469999997,"[4, 5, 7, 8, 9, 10, 14, 15, 18, 19]",,,3,,,67,1.0,,,,,8,,0,,,10,ordinary,7,full_coverage_and_all_discovered_cleared,116,3016.835447,,,True,0.02083987498190254
9,0,True,0,0,0,0,0,edge__adversarial-positive__67,edge__adversarial-positive,5,0,,12,10,137,1.0,,,arc,0,0.021244999999999514,,10,,5,7,False,,,,,False,,0,0,,0,0,,,,123,service_free0_area7,,,[],0,11149.177243768761,0,50.88422047955052,0.0,5,,,,301.68354469999997,"[4, 5, 7, 8, 9, 10, 14, 15, 18, 19]",,,3,,,67,0.5,free,17,0.0,0.0,8,,0,,,10,ordinary,7,full_coverage_and_all_discovered_cleared,116,3016.835447,,,True,0.021316625003237277
9,0,True,0,0,0,0,0,edge__adversarial-positive__67,edge__adversarial-positive,5,0,,12,10,137,1.0,,,arc,0,0.02090700000000023,,10,,5,7,False,,,,,False,,0,0,,0,0,,,,123,service_free1_area7,,,[],26,11149.177243768761,0,50.88422047955052,0.0,5,,,,301.68354469999997,"[4, 5, 7, 8, 9, 10, 14, 15, 18, 19]",,,3,,,67,0.5,free,17,1.0,0.0,8,,0,,,10,ordinary,7,full_coverage_and_all_discovered_cleared,116,3016.835447,,,True,0.02090733399381861
8,0,True,0,0,0,0,0,edge__adversarial-positive__67,edge__adversarial-positive,5,0,,12,10,140,1.0,,,arc,0,0.021923000000000137,,10,,5,7,False,,,,,False,,0,0,,0,0,,,,126,service_locked1_area7,,,[],53,10837.675467220251,0,47.186303076305734,0.0,5,,,,297.0535093,"[4, 5, 7, 8, 9, 10, 14, 15, 18, 19]",,,3,,,67,0.5,locked,17,1.0,0.0,9,,0,,,10,ordinary,7,full_coverage_and_all_discovered_cleared,117,2970.535093,,,True,0.021941374987363815
12,0,True,0,0,0,0,0,edge__adversarial-positive__68,edge__adversarial-positive,11,0,,20,15,150,1.0,,,base,0,0.029824000000000517,,15,,4,9,False,,,,,False,,0,0,,22,0,,,,128,range_area7,,,[],,13435.246098113916,0,91.93110217058208,0.0,11,,,,235.669948,"[2, 4, 5, 6, 8, 9, 11, 12, 13, 14, 15, 16, 17, 19, 20]",,,3,,,68,1.0,,,,,24,,0,,,15,ordinary,7,full_coverage_and_all_discovered_cleared,118,3535.04922,,,True,0.029836959030944854
12,0,True,0,0,0,0,0,edge__adversarial-positive__68,edge__adversarial-positive,11,0,,20,15,150,1.0,,,arc,0,0.03033100000000033,,15,,4,9,False,,,,,False,,0,0,,0,0,,,,128,service_free0_area7,,,[],0,13435.246098113916,0,91.93110217058208,0.0,11,,,,235.669948,"[2, 4, 5, 6, 8, 9, 11, 12, 13, 14, 15, 16, 17, 19, 20]",,,3,,,68,0.5,free,22,0.0,0.0,24,,0,,,15,ordinary,7,full_coverage_and_all_discovered_cleared,118,3535.04922,,,True,0.030342792044393718
12,0,True,0,0,0,0,0,edge__adversarial-positive__68,edge__adversarial-positive,11,0,,20,15,150,1.0,,,arc,0,0.03079700000000063,,15,,4,9,False,,,,,False,,0,0,,0,0,,,,128,service_free1_area7,,,[],44,13435.246098113916,0,91.93110217058208,0.0,11,,,,235.669948,"[2, 4, 5, 6, 8, 9, 11, 12, 13, 14, 15, 16, 17, 19, 20]",,,3,,,68,0.5,free,22,1.0,0.0,24,,0,,,15,ordinary,7,full_coverage_and_all_discovered_cleared,118,3535.04922,,,True,0.03080366598442197
9,0,True,0,0,0,0,0,edge__adversarial-positive__68,edge__adversarial-positive,11,11,,18,15,148,1.0,,,arc,0,0.03545700000000007,,15,,4,7,False,,,,,False,,0,0,,0,0,,,,128,service_locked1_area7,,,[],85,13605.66076246837,0,96.51462970826793,0.0,11,,,,237.80880993333332,"[2, 4, 5, 6, 8, 9, 11, 12, 13, 14, 15, 16, 17, 19, 20]",,,3,,,68,0.5,locked,22,1.0,0.0,22,,0,,,15,ordinary,7,full_coverage_and_all_discovered_cleared,122,3567.132149,,,True,0.035485042026266456
10,0,True,0,0,0,0,0,edge__adversarial-positive__69,edge__adversarial-positive,6,4,,19,15,148,1.0,,,base,0,0.026574000000000098,,15,,9,13,False,,,,,False,,0,0,,22,0,,,,127,range_area7,,,[],,13526.859918708635,0,45.52373687161892,0.0,6,,,,236.35813240000002,"[2, 3, 4, 5, 6, 7, 8, 9, 10, 11, 12, 13, 14, 16, 18]",,,3,,,69,1.0,,,,,17,,0,,,15,ordinary,7,full_coverage_and_all_discovered_cleared,118,3545.371986,,,True,0.026606083032675087
10,0,True,0,0,0,0,0,edge__adversarial-positive__69,edge__adversarial-positive,6,4,,19,15,148,1.0,,,arc,0,0.02720999999999929,,15,,9,13,False,,,,,False,,0,0,,0,0,,,,127,service_free0_area7,,,[],0,13526.859918708635,0,45.52373687161892,0.0,6,,,,236.35813240000002,"[2, 3, 4, 5, 6, 7, 8, 9, 10, 11, 12, 13, 14, 16, 18]",,,3,,,69,0.5,free,22,0.0,0.0,17,,0,,,15,ordinary,7,full_coverage_and_all_discovered_cleared,118,3545.371986,,,True,0.02723583299666643
10,0,True,0,0,0,0,0,edge__adversarial-positive__69,edge__adversarial-positive,6,4,,19,15,148,1.0,,,arc,0,0.028619000000000838,,15,,9,13,False,,,,,False,,0,0,,0,0,,,,127,service_free1_area7,,,[],54,13526.859918708635,0,45.52373687161892,0.0,6,,,,236.35813240000002,"[2, 3, 4, 5, 6, 7, 8, 9, 10, 11, 12, 13, 14, 16, 18]",,,3,,,69,0.5,free,22,1.0,0.0,17,,0,,,15,ordinary,7,full_coverage_and_all_discovered_cleared,118,3545.371986,,,True,0.028619499993510544
12,0,True,0,0,0,0,0,edge__adversarial-positive__69,edge__adversarial-positive,6,0,,20,15,152,1.0,,,arc,0,0.02876499999999993,,15,,9,14,False,,,,,False,,0,0,,0,0,,,,130,service_locked1_area7,,,[],49,14560.659303635664,0,42.981721485643085,0.0,6,,,,251.40879080000002,"[2, 3, 4, 5, 6, 7, 8, 9, 10, 11, 12, 13, 14, 16, 18]",,,3,,,69,0.5,locked,22,1.0,0.0,19,,0,,,15,ordinary,7,full_coverage_and_all_discovered_cleared,119,3771.131862,,,True,0.028798084007576108
8,0,True,0,0,0,0,0,edge__adversarial-positive__70,edge__adversarial-positive,7,2,,13,10,149,1.0,,,base,0,0.021723999999999855,,10,,3,6,False,,,,,False,,0,0,,17,0,,,,134,range_area7,,,[],,11642.347372632763,0,58.76416336357477,0.0,7,,,,318.5469474,"[2, 3, 5, 10, 11, 13, 15, 16, 19, 20]",,,3,,,70,1.0,,,,,15,,0,,,10,ordinary,7,full_coverage_and_all_discovered_cleared,128,3185.469474,,,True,0.021788125042803586
8,0,True,0,0,0,0,0,edge__adversarial-positive__70,edge__adversarial-positive,7,2,,13,10,149,1.0,,,arc,0,0.02228200000000058,,10,,3,6,False,,,,,False,,0,0,,0,0,,,,134,service_free0_area7,,,[],0,11642.347372632763,0,58.76416336357477,0.0,7,,,,318.5469474,"[2, 3, 5, 10, 11, 13, 15, 16, 19, 20]",,,3,,,70,0.5,free,17,0.0,0.0,15,,0,,,10,ordinary,7,full_coverage_and_all_discovered_cleared,128,3185.469474,,,True,0.022338124981615692
8,0,True,0,0,0,0,0,edge__adversarial-positive__70,edge__adversarial-positive,7,2,,13,10,149,1.0,,,arc,0,0.022984000000000115,,10,,3,6,False,,,,,False,,0,0,,0,0,,,,134,service_free1_area7,,,[],56,11642.347372632763,0,58.76416336357477,0.0,7,,,,318.5469474,"[2, 3, 5, 10, 11, 13, 15, 16, 19, 20]",,,3,,,70,0.5,free,17,1.0,0.0,15,,0,,,10,ordinary,7,full_coverage_and_all_discovered_cleared,128,3185.469474,,,True,0.022982875001616776
8,0,True,0,0,0,0,0,edge__adversarial-positive__70,edge__adversarial-positive,7,2,,13,10,149,1.0,,,arc,0,0.02272199999999991,,10,,3,6,False,,,,,False,,0,0,,0,0,,,,134,service_locked1_area7,,,[],56,11642.347372632763,0,58.76416336357477,0.0,7,,,,318.5469474,"[2, 3, 5, 10, 11, 13, 15, 16, 19, 20]",,,3,,,70,0.5,locked,17,1.0,0.0,15,,0,,,10,ordinary,7,full_coverage_and_all_discovered_cleared,128,3185.469474,,,True,0.022748916991986334
9,0,True,0,0,0,0,0,edge__adversarial-positive__71,edge__adversarial-positive,5,4,,14,12,146,1.0,,,base,0,0.02304900000000032,,12,,7,9,False,,,,,False,,0,0,,19,0,,,,130,range_area7,,,[],,13778.663647673973,0,31.709248521153242,0.0,5,,,,299.2277275833333,"[1, 2, 4, 5, 7, 9, 10, 13, 17, 18, 19, 20]",,,3,,,71,1.0,,,,,12,,0,,,12,ordinary,7,full_coverage_and_all_discovered_cleared,119,3590.732731,,,True,0.02308349998202175
9,0,True,0,0,0,0,0,edge__adversarial-positive__71,edge__adversarial-positive,5,4,,14,12,146,1.0,,,arc,0,0.02366699999999966,,12,,7,9,False,,,,,False,,0,0,,0,0,,,,130,service_free0_area7,,,[],0,13778.663647673973,0,31.709248521153242,0.0,5,,,,299.2277275833333,"[1, 2, 4, 5, 7, 9, 10, 13, 17, 18, 19, 20]",,,3,,,71,0.5,free,19,0.0,0.0,12,,0,,,12,ordinary,7,full_coverage_and_all_discovered_cleared,119,3590.732731,,,True,0.023676416953094304
9,0,True,0,0,0,0,0,edge__adversarial-positive__71,edge__adversarial-positive,5,4,,14,12,146,1.0,,,arc,0,0.0313409999999994,,12,,7,9,False,,,,,False,,0,0,,0,0,,,,130,service_free1_area7,,,[],35,13778.663647673973,0,31.709248521153242,0.0,5,,,,299.2277275833333,"[1, 2, 4, 5, 7, 9, 10, 13, 17, 18, 19, 20]",,,3,,,71,0.5,free,19,1.0,0.0,12,,0,,,12,ordinary,7,full_coverage_and_all_discovered_cleared,119,3590.732731,,,True,0.032837290957104415
6,0,True,0,0,0,0,0,edge__adversarial-positive__71,edge__adversarial-positive,4,0,,14,12,135,1.0,,,arc,0,0.02303600000000028,,12,,8,10,False,,,,,False,,0,0,,0,0,,,,119,service_locked1_area7,,,[],45,13388.92315892809,0,33.33124801243122,0.0,4,,,,287.73205275000004,"[1, 2, 4, 5, 7, 9, 10, 13, 17, 18, 19, 20]",,,3,,,71,0.5,locked,19,1.0,0.0,18,,0,,,12,ordinary,7,full_coverage_and_all_discovered_cleared,114,3452.784633,,,True,0.023043208988383412
9,0,True,0,0,0,0,0,edge__adversarial-negative__67,edge__adversarial-negative,6,0,,13,10,137,1.0,,,base,0,0.01921300000000059,,10,,4,7,False,,,,,False,,0,0,,17,0,,,,122,range_area7,,,[],,11153.751366538329,0,41.29061697902285,0.0,6,,,,301.5750272,"[4, 5, 7, 8, 9, 10, 14, 15, 18, 19]",,,3,,,67,1.0,,,,,7,,0,,,10,ordinary,7,full_coverage_and_all_discovered_cleared,116,3015.750272,,,True,0.019225416996050626
9,0,True,0,0,0,0,0,edge__adversarial-negative__67,edge__adversarial-negative,6,0,,13,10,137,1.0,,,arc,0,0.019299000000000177,,10,,4,7,False,,,,,False,,0,0,,0,0,,,,122,service_free0_area7,,,[],0,11153.751366538329,0,41.29061697902285,0.0,6,,,,301.5750272,"[4, 5, 7, 8, 9, 10, 14, 15, 18, 19]",,,3,,,67,0.5,free,17,0.0,0.0,7,,0,,,10,ordinary,7,full_coverage_and_all_discovered_cleared,116,3015.750272,,,True,0.019298333034384996
9,0,True,0,0,0,0,0,edge__adversarial-negative__67,edge__adversarial-negative,6,0,,13,10,137,1.0,,,arc,0,0.01996099999999945,,10,,4,7,False,,,,,False,,0,0,,0,0,,,,122,service_free1_area7,,,[],26,11153.751366538329,0,41.29061697902285,0.0,6,,,,301.5750272,"[4, 5, 7, 8, 9, 10, 14, 15, 18, 19]",,,3,,,67,0.5,free,17,1.0,0.0,7,,0,,,10,ordinary,7,full_coverage_and_all_discovered_cleared,116,3015.750272,,,True,0.019975459028501064
8,0,True,0,0,0,0,0,edge__adversarial-negative__67,edge__adversarial-negative,6,0,,13,10,139,1.0,,,arc,0,0.02013599999999993,,10,,4,7,False,,,,,False,,0,0,,0,0,,,,124,service_locked1_area7,,,[],53,10823.367770201348,0,43.43169872376871,0.0,6,,,,296.06735530000003,"[4, 5, 7, 8, 9, 10, 14, 15, 18, 19]",,,3,,,67,0.5,locked,17,1.0,0.0,7,,0,,,10,ordinary,7,full_coverage_and_all_discovered_cleared,117,2960.673553,,,True,0.020143792033195496
11,0,True,0,0,0,0,0,edge__adversarial-negative__68,edge__adversarial-negative,11,0,,19,15,148,1.0,,,base,0,0.02912600000000065,,15,,4,8,False,,,,,False,,0,0,,22,0,,,,127,range_area7,,,[],,13233.541482878943,0,83.74762854856871,0.0,11,,,,232.31388626666666,"[2, 4, 5, 6, 8, 9, 11, 12, 13, 14, 15, 16, 17, 19, 20]",,,3,,,68,1.0,,,,,24,,0,,,15,ordinary,7,full_coverage_and_all_discovered_cleared,116,3484.708294,,,True,0.029198791016824543
11,0,True,0,0,0,0,0,edge__adversarial-negative__68,edge__adversarial-negative,11,0,,19,15,148,1.0,,,arc,0,0.029290999999999734,,15,,4,8,False,,,,,False,,0,0,,0,0,,,,127,service_free0_area7,,,[],0,13233.541482878943,0,83.74762854856871,0.0,11,,,,232.31388626666666,"[2, 4, 5, 6, 8, 9, 11, 12, 13, 14, 15, 16, 17, 19, 20]",,,3,,,68,0.5,free,22,0.0,0.0,24,,0,,,15,ordinary,7,full_coverage_and_all_discovered_cleared,116,3484.708294,,,True,0.029290958016645163
11,0,True,0,0,0,0,0,edge__adversarial-negative__68,edge__adversarial-negative,11,0,,19,15,148,1.0,,,arc,0,0.030452000000000368,,15,,4,8,False,,,,,False,,0,0,,0,0,,,,127,service_free1_area7,,,[],44,13233.541482878943,0,83.74762854856871,0.0,11,,,,232.31388626666666,"[2, 4, 5, 6, 8, 9, 11, 12, 13, 14, 15, 16, 17, 19, 20]",,,3,,,68,0.5,free,22,1.0,0.0,24,,0,,,15,ordinary,7,full_coverage_and_all_discovered_cleared,116,3484.708294,,,True,0.030457124987151474
10,0,True,0,0,0,0,0,edge__adversarial-negative__68,edge__adversarial-negative,11,11,,20,15,150,1.0,,,arc,0,0.03559000000000001,,15,,4,9,False,,,,,False,,0,0,,0,0,,,,128,service_locked1_area7,,,[],87,13714.797243215124,0,79.73346081570044,0.0,11,,,,239.53062993333333,"[2, 4, 5, 6, 8, 9, 11, 12, 13, 14, 15, 16, 17, 19, 20]",,,3,,,68,0.5,locked,22,1.0,0.0,21,,0,,,15,ordinary,7,full_coverage_and_all_discovered_cleared,120,3592.959449,,,True,0.03562275000149384
11,0,True,0,0,0,0,0,edge__adversarial-negative__69,edge__adversarial-negative,7,4,,20,15,150,1.0,,,base,0,0.027423999999999893,,15,,8,13,False,,,,,False,,0,0,,22,0,,,,128,range_area7,,,[],,13704.786390341538,0,48.53016233909174,0.0,7,,,,239.3304852,"[2, 3, 4, 5, 6, 7, 8, 9, 10, 11, 12, 13, 14, 16, 18]",,,3,,,69,1.0,,,,,17,,0,,,15,ordinary,7,full_coverage_and_all_discovered_cleared,119,3589.957278,,,True,0.027423791005276144
11,0,True,0,0,0,0,0,edge__adversarial-negative__69,edge__adversarial-negative,7,4,,20,15,150,1.0,,,arc,0,0.028501999999999583,,15,,8,13,False,,,,,False,,0,0,,0,0,,,,128,service_free0_area7,,,[],0,13704.786390341538,0,48.53016233909174,0.0,7,,,,239.3304852,"[2, 3, 4, 5, 6, 7, 8, 9, 10, 11, 12, 13, 14, 16, 18]",,,3,,,69,0.5,free,22,0.0,0.0,17,,0,,,15,ordinary,7,full_coverage_and_all_discovered_cleared,119,3589.957278,,,True,0.028592499962542206
11,0,True,0,0,0,0,0,edge__adversarial-negative__69,edge__adversarial-negative,7,4,,20,15,150,1.0,,,arc,0,0.029016000000000375,,15,,8,13,False,,,,,False,,0,0,,0,0,,,,128,service_free1_area7,,,[],51,13704.786390341538,0,48.53016233909174,0.0,7,,,,239.3304852,"[2, 3, 4, 5, 6, 7, 8, 9, 10, 11, 12, 13, 14, 16, 18]",,,3,,,69,0.5,free,22,1.0,0.0,17,,0,,,15,ordinary,7,full_coverage_and_all_discovered_cleared,119,3589.957278,,,True,0.0290295829763636
10,0,True,0,0,0,0,0,edge__adversarial-negative__69,edge__adversarial-negative,4,0,,18,15,147,1.0,,,arc,0,0.02827799999999936,,15,,11,14,False,,,,,False,,0,0,,0,0,,,,127,service_locked1_area7,,,[],44,14568.756195952841,0,29.182425984366365,0.0,4,,,,249.91674926666667,"[2, 3, 4, 5, 6, 7, 8, 9, 10, 11, 12, 13, 14, 16, 18]",,,3,,,69,0.5,locked,22,1.0,0.0,18,,0,,,15,ordinary,7,full_coverage_and_all_discovered_cleared,116,3748.751239,,,True,0.02829912496963516
8,0,True,0,0,0,0,0,edge__adversarial-negative__70,edge__adversarial-negative,8,2,,13,10,151,1.0,,,base,0,0.022028000000000603,,10,,2,5,False,,,,,False,,0,0,,17,0,,,,136,range_area7,,,[],,11712.480616381945,0,60.10169857384291,0.0,8,,,,321.14961239999997,"[2, 3, 5, 10, 11, 13, 15, 16, 19, 20]",,,3,,,70,1.0,,,,,17,,0,,,10,ordinary,7,full_coverage_and_all_discovered_cleared,130,3211.496124,,,True,0.022044875018764287
8,0,True,0,0,0,0,0,edge__adversarial-negative__70,edge__adversarial-negative,8,2,,13,10,151,1.0,,,arc,0,0.022362000000000215,,10,,2,5,False,,,,,False,,0,0,,0,0,,,,136,service_free0_area7,,,[],0,11712.480616381945,0,60.10169857384291,0.0,8,,,,321.14961239999997,"[2, 3, 5, 10, 11, 13, 15, 16, 19, 20]",,,3,,,70,0.5,free,17,0.0,0.0,17,,0,,,10,ordinary,7,full_coverage_and_all_discovered_cleared,130,3211.496124,,,True,0.022362083022017032
8,0,True,0,0,0,0,0,edge__adversarial-negative__70,edge__adversarial-negative,8,2,,13,10,151,1.0,,,arc,0,0.02353800000000028,,10,,2,5,False,,,,,False,,0,0,,0,0,,,,136,service_free1_area7,,,[],55,11712.480616381945,0,60.10169857384291,0.0,8,,,,321.14961239999997,"[2, 3, 5, 10, 11, 13, 15, 16, 19, 20]",,,3,,,70,0.5,free,17,1.0,0.0,17,,0,,,10,ordinary,7,full_coverage_and_all_discovered_cleared,130,3211.496124,,,True,0.023545167001429945
8,0,True,0,0,0,0,0,edge__adversarial-negative__70,edge__adversarial-negative,8,2,,13,10,151,1.0,,,arc,0,0.02336199999999966,,10,,2,5,False,,,,,False,,0,0,,0,0,,,,136,service_locked1_area7,,,[],55,11712.480616381945,0,60.10169857384291,0.0,8,,,,321.14961239999997,"[2, 3, 5, 10, 11, 13, 15, 16, 19, 20]",,,3,,,70,0.5,locked,17,1.0,0.0,17,,0,,,10,ordinary,7,full_coverage_and_all_discovered_cleared,130,3211.496124,,,True,0.02344745903974399
8,0,True,0,0,0,0,0,edge__adversarial-negative__71,edge__adversarial-negative,5,4,,13,12,145,1.0,,,base,0,0.022558000000000078,,12,,7,8,False,,,,,False,,0,0,,19,0,,,,130,range_area7,,,[],,13685.193985924432,0,26.823041520633982,0.0,5,,,,297.5865664166667,"[1, 2, 4, 5, 7, 9, 10, 13, 17, 18, 19, 20]",,,3,,,71,1.0,,,,,13,,0,,,12,ordinary,7,full_coverage_and_all_discovered_cleared,121,3571.038797,,,True,0.02258066600188613
8,0,True,0,0,0,0,0,edge__adversarial-negative__71,edge__adversarial-negative,5,4,,13,12,145,1.0,,,arc,0,0.022749999999999382,,12,,7,8,False,,,,,False,,0,0,,0,0,,,,130,service_free0_area7,,,[],0,13685.193985924432,0,26.823041520633982,0.0,5,,,,297.5865664166667,"[1, 2, 4, 5, 7, 9, 10, 13, 17, 18, 19, 20]",,,3,,,71,0.5,free,19,0.0,0.0,13,,0,,,12,ordinary,7,full_coverage_and_all_discovered_cleared,121,3571.038797,,,True,0.022750125033780932
8,0,True,0,0,0,0,0,edge__adversarial-negative__71,edge__adversarial-negative,5,4,,13,12,145,1.0,,,arc,0,0.023266000000000453,,12,,7,8,False,,,,,False,,0,0,,0,0,,,,130,service_free1_area7,,,[],35,13685.193985924432,0,26.823041520633982,0.0,5,,,,297.5865664166667,"[1, 2, 4, 5, 7, 9, 10, 13, 17, 18, 19, 20]",,,3,,,71,0.5,free,19,1.0,0.0,13,,0,,,12,ordinary,7,full_coverage_and_all_discovered_cleared,121,3571.038797,,,True,0.023269540979526937
5,0,True,0,0,0,0,0,edge__adversarial-negative__71,edge__adversarial-negative,4,4,,13,12,136,1.0,,,arc,0,0.024204000000000114,,12,,8,9,False,,,,,False,,0,0,,0,0,,,,121,service_locked1_area7,,,[],56,12511.036985363735,0,25.7994625076946,0.0,4,,,,273.68394975,"[1, 2, 4, 5, 7, 9, 10, 13, 17, 18, 19, 20]",,,3,,,71,0.5,locked,19,1.0,0.0,20,,0,,,12,ordinary,7,full_coverage_and_all_discovered_cleared,114,3284.207397,,,True,0.024221916974056512
10,0,True,0,0,0,0,0,edge__adversarial-spatial__67,edge__adversarial-spatial,8,0,,14,10,139,1.0,,,base,0,0.020038000000000444,,10,,2,6,False,,,,,False,,0,0,,17,0,,,,123,range_area7,,,[],,11204.353673731575,0,84.51558130227016,0.0,8,,,,303.1870731,"[4, 5, 7, 8, 9, 10, 14, 15, 18, 19]",,,3,,,67,1.0,,,,,7,,0,,,10,ordinary,7,full_coverage_and_all_discovered_cleared,114,3031.870731,,,True,0.020039083960000426
10,0,True,0,0,0,0,0,edge__adversarial-spatial__67,edge__adversarial-spatial,8,0,,14,10,139,1.0,,,arc,0,0.02009900000000009,,10,,2,6,False,,,,,False,,0,0,,0,0,,,,123,service_free0_area7,,,[],0,11204.353673731575,0,84.51558130227016,0.0,8,,,,303.1870731,"[4, 5, 7, 8, 9, 10, 14, 15, 18, 19]",,,3,,,67,0.5,free,17,0.0,0.0,7,,0,,,10,ordinary,7,full_coverage_and_all_discovered_cleared,114,3031.870731,,,True,0.020149000047240406
10,0,True,0,0,0,0,0,edge__adversarial-spatial__67,edge__adversarial-spatial,8,0,,14,10,139,1.0,,,arc,0,0.020465999999999873,,10,,2,6,False,,,,,False,,0,0,,0,0,,,,123,service_free1_area7,,,[],24,11204.353673731575,0,84.51558130227016,0.0,8,,,,303.1870731,"[4, 5, 7, 8, 9, 10, 14, 15, 18, 19]",,,3,,,67,0.5,free,17,1.0,0.0,7,,0,,,10,ordinary,7,full_coverage_and_all_discovered_cleared,114,3031.870731,,,True,0.02047375001711771
9,0,True,0,0,0,0,0,edge__adversarial-spatial__67,edge__adversarial-spatial,8,0,,14,10,141,1.0,,,arc,0,0.020624000000000642,,10,,2,6,False,,,,,False,,0,0,,0,0,,,,125,service_locked1_area7,,,[],51,10873.915053346152,0,85.50766728473285,0.0,8,,,,297.6783008,"[4, 5, 7, 8, 9, 10, 14, 15, 18, 19]",,,3,,,67,0.5,locked,17,1.0,0.0,7,,0,,,10,ordinary,7,full_coverage_and_all_discovered_cleared,115,2976.783008,,,True,0.02064433298073709
13,0,True,0,0,0,0,0,edge__adversarial-spatial__68,edge__adversarial-spatial,15,0,,19,15,150,1.0,,,base,0,0.029580999999999413,,15,,0,4,False,,,,,False,,0,0,,22,0,,,,129,range_area7,,,[],,13186.796199108052,0,182.82009033411185,0.0,15,,,,232.55728253333334,"[2, 4, 5, 6, 8, 9, 11, 12, 13, 14, 15, 16, 17, 19, 20]",,,3,,,68,1.0,,,,,24,,0,,,15,ordinary,7,full_coverage_and_all_discovered_cleared,119,3488.359238,,,True,0.029583333001937717
13,0,True,0,0,0,0,0,edge__adversarial-spatial__68,edge__adversarial-spatial,15,0,,19,15,150,1.0,,,arc,0,0.030396999999999785,,15,,0,4,False,,,,,False,,0,0,,0,0,,,,129,service_free0_area7,,,[],0,13186.796199108052,0,182.82009033411185,0.0,15,,,,232.55728253333334,"[2, 4, 5, 6, 8, 9, 11, 12, 13, 14, 15, 16, 17, 19, 20]",,,3,,,68,0.5,free,22,0.0,0.0,24,,0,,,15,ordinary,7,full_coverage_and_all_discovered_cleared,119,3488.359238,,,True,0.030401500000152737
13,0,True,0,0,0,0,0,edge__adversarial-spatial__68,edge__adversarial-spatial,15,0,,19,15,150,1.0,,,arc,0,0.03106299999999962,,15,,0,4,False,,,,,False,,0,0,,0,0,,,,129,service_free1_area7,,,[],36,13186.796199108052,0,182.82009033411185,0.0,15,,,,232.55728253333334,"[2, 4, 5, 6, 8, 9, 11, 12, 13, 14, 15, 16, 17, 19, 20]",,,3,,,68,0.5,free,22,1.0,0.0,24,,0,,,15,ordinary,7,full_coverage_and_all_discovered_cleared,119,3488.359238,,,True,0.031068957992829382
10,0,True,0,0,0,0,0,edge__adversarial-spatial__68,edge__adversarial-spatial,14,0,,19,15,142,1.0,,,arc,0,0.03063400000000005,,15,,1,5,False,,,,,False,,0,0,,0,0,,,,121,service_locked1_area7,,,[],29,13615.533930564718,0,164.83832650797882,0.0,14,,,,235.34045239999998,"[2, 4, 5, 6, 8, 9, 11, 12, 13, 14, 15, 16, 17, 19, 20]",,,3,,,68,0.5,locked,22,1.0,0.0,18,,15,,,15,ordinary,7,full_coverage_and_all_discovered_cleared,115,3530.106786,,,True,0.030729540972970426
17,0,True,0,0,0,0,0,edge__adversarial-spatial__69,edge__adversarial-spatial,12,4,,24,15,161,1.0,,,base,0,0.031619000000000064,,15,,3,12,False,,,,,False,,0,0,,22,0,,,,135,range_area7,,,[],,13660.353845111722,0,92.10117304835644,0.0,12,,,,242.13805113333333,"[2, 3, 4, 5, 6, 7, 8, 9, 10, 11, 12, 13, 14, 16, 18]",,,3,,,69,1.0,,,,,18,,0,,,15,ordinary,7,full_coverage_and_all_discovered_cleared,123,3632.070767,,,True,0.031678208033554256
17,0,True,0,0,0,0,0,edge__adversarial-spatial__69,edge__adversarial-spatial,12,4,,24,15,161,1.0,,,arc,0,0.03155199999999958,,15,,3,12,False,,,,,False,,0,0,,0,0,,,,135,service_free0_area7,,,[],0,13660.353845111722,0,92.10117304835644,0.0,12,,,,242.13805113333333,"[2, 3, 4, 5, 6, 7, 8, 9, 10, 11, 12, 13, 14, 16, 18]",,,3,,,69,0.5,free,22,0.0,0.0,18,,0,,,15,ordinary,7,full_coverage_and_all_discovered_cleared,123,3632.070767,,,True,0.03156016702996567
17,0,True,0,0,0,0,0,edge__adversarial-spatial__69,edge__adversarial-spatial,12,4,,24,15,161,1.0,,,arc,0,0.03327999999999953,,15,,3,12,False,,,,,False,,0,0,,0,0,,,,135,service_free1_area7,,,[],52,13660.353845111722,0,92.10117304835644,0.0,12,,,,242.13805113333333,"[2, 3, 4, 5, 6, 7, 8, 9, 10, 11, 12, 13, 14, 16, 18]",,,3,,,69,0.5,free,22,1.0,0.0,18,,0,,,15,ordinary,7,full_coverage_and_all_discovered_cleared,123,3632.070767,,,True,0.03330245800316334
20,0,True,0,0,0,0,0,edge__adversarial-spatial__69,edge__adversarial-spatial,10,0,,24,15,166,1.0,,,arc,0,0.035632999999999804,,15,,5,14,False,,,,,False,,0,0,,0,0,,,,140,service_locked1_area7,,,[],46,14569.806141803836,0,112.48796941212635,0.0,10,,,,256.0640818,"[2, 3, 4, 5, 6, 7, 8, 9, 10, 11, 12, 13, 14, 16, 18]",,,3,,,69,0.5,locked,22,1.0,0.0,21,,0,,,15,ordinary,7,full_coverage_and_all_discovered_cleared,125,3840.961227,,,True,0.035686584014911205
9,0,True,0,0,0,0,0,edge__adversarial-spatial__70,edge__adversarial-spatial,9,2,,13,10,148,1.0,,,base,0,0.021400000000000752,,10,,1,4,False,,,,,False,,0,0,,17,0,,,,133,range_area7,,,[],,11838.924751738736,0,109.42988004600451,0.0,9,,,,322.0784951,"[2, 3, 5, 10, 11, 13, 15, 16, 19, 20]",,,3,,,70,1.0,,,,,13,,0,,,10,ordinary,7,full_coverage_and_all_discovered_cleared,129,3220.784951,,,True,0.021410042012576014
9,0,True,0,0,0,0,0,edge__adversarial-spatial__70,edge__adversarial-spatial,9,2,,13,10,148,1.0,,,arc,0,0.026744000000000767,,10,,1,4,False,,,,,False,,0,0,,0,0,,,,133,service_free0_area7,,,[],0,11838.924751738736,0,109.42988004600451,0.0,9,,,,322.0784951,"[2, 3, 5, 10, 11, 13, 15, 16, 19, 20]",,,3,,,70,0.5,free,17,0.0,0.0,13,,0,,,10,ordinary,7,full_coverage_and_all_discovered_cleared,129,3220.784951,,,True,0.026764667010866106
9,0,True,0,0,0,0,0,edge__adversarial-spatial__70,edge__adversarial-spatial,9,2,,13,10,148,1.0,,,arc,0,0.022686000000000206,,10,,1,4,False,,,,,False,,0,0,,0,0,,,,133,service_free1_area7,,,[],53,11838.924751738736,0,109.42988004600451,0.0,9,,,,322.0784951,"[2, 3, 5, 10, 11, 13, 15, 16, 19, 20]",,,3,,,70,0.5,free,17,1.0,0.0,13,,0,,,10,ordinary,7,full_coverage_and_all_discovered_cleared,129,3220.784951,,,True,0.022686249983962625
9,0,True,0,0,0,0,0,edge__adversarial-spatial__70,edge__adversarial-spatial,9,2,,13,10,148,1.0,,,arc,0,0.023248999999999853,,10,,1,4,False,,,,,False,,0,0,,0,0,,,,133,service_locked1_area7,,,[],53,11838.924751738736,0,109.42988004600451,0.0,9,,,,322.0784951,"[2, 3, 5, 10, 11, 13, 15, 16, 19, 20]",,,3,,,70,0.5,locked,17,1.0,0.0,13,,0,,,10,ordinary,7,full_coverage_and_all_discovered_cleared,129,3220.784951,,,True,0.023282500042114407
14,0,True,0,0,0,0,0,edge__adversarial-spatial__71,edge__adversarial-spatial,10,4,,19,12,157,1.0,,,base,0,0.026082999999999856,,12,,2,9,False,,,,,False,,0,0,,19,0,,,,136,range_area7,,,[],,13737.209166790602,0,72.3712751631047,0.0,10,,,,302.7868194166667,"[1, 2, 4, 5, 7, 9, 10, 13, 17, 18, 19, 20]",,,3,,,71,1.0,,,,,13,,0,,,12,ordinary,7,full_coverage_and_all_discovered_cleared,125,3633.441833,,,True,0.026141541951801628
14,0,True,0,0,0,0,0,edge__adversarial-spatial__71,edge__adversarial-spatial,10,4,,19,12,157,1.0,,,arc,0,0.02664100000000058,,12,,2,9,False,,,,,False,,0,0,,0,0,,,,136,service_free0_area7,,,[],0,13737.209166790602,0,72.3712751631047,0.0,10,,,,302.7868194166667,"[1, 2, 4, 5, 7, 9, 10, 13, 17, 18, 19, 20]",,,3,,,71,0.5,free,19,0.0,0.0,13,,0,,,12,ordinary,7,full_coverage_and_all_discovered_cleared,125,3633.441833,,,True,0.026750833028927445
14,0,True,0,0,0,0,0,edge__adversarial-spatial__71,edge__adversarial-spatial,10,4,,19,12,157,1.0,,,arc,0,0.027309999999999945,,12,,2,9,False,,,,,False,,0,0,,0,0,,,,136,service_free1_area7,,,[],34,13737.209166790602,0,72.3712751631047,0.0,10,,,,302.7868194166667,"[1, 2, 4, 5, 7, 9, 10, 13, 17, 18, 19, 20]",,,3,,,71,0.5,free,19,1.0,0.0,13,,0,,,12,ordinary,7,full_coverage_and_all_discovered_cleared,125,3633.441833,,,True,0.02730916702421382
11,0,True,0,0,0,0,0,edge__adversarial-spatial__71,edge__adversarial-spatial,8,0,,17,12,144,1.0,,,arc,0,0.026880000000000237,,12,,4,9,False,,,,,False,,0,0,,0,0,,,,125,service_locked1_area7,,,[],43,13481.64311610776,0,90.55120352510392,0.0,8,,,,292.8607186666667,"[1, 2, 4, 5, 7, 9, 10, 13, 17, 18, 19, 20]",,,3,,,71,0.5,locked,19,1.0,0.0,19,,0,,,12,ordinary,7,full_coverage_and_all_discovered_cleared,118,3514.328624,,,True,0.026880000019446015
5,0,True,0,0,0,0,0,clustered__iid__67,clustered__iid,5,0,,12,10,126,1.0,,,base,0,0.018222999999999878,,10,,5,7,False,,,,,False,,0,0,,17,0,,,,112,range_area7,,,[],,10085.448800565828,0,51.875527911883026,0.0,5,,,,273.808976,"[4, 5, 7, 8, 9, 10, 14, 15, 18, 19]",,,3,,,67,1.0,,,,,12,,0,,,10,ordinary,7,full_coverage_and_all_discovered_cleared,105,2738.08976,,,True,0.018242582969833165
5,0,True,0,0,0,0,0,clustered__iid__67,clustered__iid,5,0,,12,10,126,1.0,,,arc,0,0.0185720000000007,,10,,5,7,False,,,,,False,,0,0,,0,0,,,,112,service_free0_area7,,,[],0,10085.448800565828,0,51.875527911883026,0.0,5,,,,273.808976,"[4, 5, 7, 8, 9, 10, 14, 15, 18, 19]",,,3,,,67,0.5,free,17,0.0,0.0,12,,0,,,10,ordinary,7,full_coverage_and_all_discovered_cleared,105,2738.08976,,,True,0.01857070898404345
5,0,True,0,0,0,0,0,clustered__iid__67,clustered__iid,5,0,,12,10,126,1.0,,,arc,0,0.01963599999999932,,10,,5,7,False,,,,,False,,0,0,,0,0,,,,112,service_free1_area7,,,[],143,10085.448800565828,0,51.875527911883026,0.0,5,,,,273.808976,"[4, 5, 7, 8, 9, 10, 14, 15, 18, 19]",,,3,,,67,0.5,free,17,1.0,0.0,12,,0,,,10,ordinary,7,full_coverage_and_all_discovered_cleared,105,2738.08976,,,True,0.01964137505274266
5,0,True,0,0,0,0,0,clustered__iid__67,clustered__iid,6,1,,12,10,122,1.0,,,arc,0,0.022018000000000093,,10,,4,6,False,,,,,False,,0,0,,0,0,,,,108,service_locked1_area7,,,[],177,10727.454399802584,0,49.54329215843113,0.0,6,,,,284.44908780000003,"[4, 5, 7, 8, 9, 10, 14, 15, 18, 19]",,,3,,,67,0.5,locked,17,1.0,0.0,11,,5,,,10,ordinary,7,full_coverage_and_all_discovered_cleared,103,2844.490878,,,True,0.022037291957531124
3,0,True,0,0,0,0,0,clustered__iid__68,clustered__iid,10,1,,15,15,116,1.0,,,base,0,0.025146999999999586,,15,,5,5,False,,,,,False,,0,0,,22,0,,,,99,range_area7,,,[],,11273.71771926713,0,62.13388310669677,0.0,10,,,,194.38290286666668,"[2, 4, 5, 6, 8, 9, 11, 12, 13, 14, 15, 16, 17, 19, 20]",,,3,,,68,1.0,,,,,23,,5,,,15,ordinary,7,full_coverage_and_all_discovered_cleared,91,2915.743543,,,True,0.025173209025524557
3,0,True,0,0,0,0,0,clustered__iid__68,clustered__iid,10,1,,15,15,116,1.0,,,arc,0,0.025449000000000055,,15,,5,5,False,,,,,False,,0,0,,0,0,,,,99,service_free0_area7,,,[],0,11273.71771926713,0,62.13388310669677,0.0,10,,,,194.38290286666668,"[2, 4, 5, 6, 8, 9, 11, 12, 13, 14, 15, 16, 17, 19, 20]",,,3,,,68,0.5,free,22,0.0,0.0,23,,5,,,15,ordinary,7,full_coverage_and_all_discovered_cleared,91,2915.743543,,,True,0.02545625000493601
3,0,True,0,0,0,0,0,clustered__iid__68,clustered__iid,10,1,,15,15,116,1.0,,,arc,0,0.0267299999999997,,15,,5,5,False,,,,,False,,0,0,,0,0,,,,99,service_free1_area7,,,[],155,11273.71771926713,0,62.13388310669677,0.0,10,,,,194.38290286666668,"[2, 4, 5, 6, 8, 9, 11, 12, 13, 14, 15, 16, 17, 19, 20]",,,3,,,68,0.5,free,22,1.0,0.0,23,,5,,,15,ordinary,7,full_coverage_and_all_discovered_cleared,91,2915.743543,,,True,0.026732083002571017
5,0,True,0,0,0,0,0,clustered__iid__68,clustered__iid,11,5,,16,15,152,1.0,,,arc,0,0.030832000000000193,,15,,4,5,False,,,,,False,,0,0,,0,0,,,,134,service_locked1_area7,,,[],147,9713.084827882607,0,66.42885384768947,0.0,11,,,,187.97446426666664,"[2, 4, 5, 6, 8, 9, 11, 12, 13, 14, 15, 16, 17, 19, 20]",,,3,,,68,0.5,locked,22,1.0,0.0,18,,1,,,15,ordinary,7,full_coverage_and_all_discovered_cleared,129,2819.616964,,,True,0.030851666000671685
1,0,True,0,0,0,0,0,clustered__iid__69,clustered__iid,2,0,,15,15,143,1.0,,,base,0,0.025646000000000058,,15,,13,13,False,,,,,False,,0,0,,22,0,,,,126,range_area7,,,[],,8572.772923950084,0,17.43991157328321,0.0,2,,,,169.23697226666667,"[2, 3, 4, 5, 6, 7, 8, 9, 10, 11, 12, 13, 14, 16, 18]",,,3,,,69,1.0,,,,,10,,0,,,15,ordinary,7,full_coverage_and_all_discovered_cleared,119,2538.554584,,,True,0.025652749987784773
1,0,True,0,0,0,0,0,clustered__iid__69,clustered__iid,2,0,,15,15,143,1.0,,,arc,0,0.026491000000000042,,15,,13,13,False,,,,,False,,0,0,,0,0,,,,126,service_free0_area7,,,[],0,8572.772923950084,0,17.43991157328321,0.0,2,,,,169.23697226666667,"[2, 3, 4, 5, 6, 7, 8, 9, 10, 11, 12, 13, 14, 16, 18]",,,3,,,69,0.5,free,22,0.0,0.0,10,,0,,,15,ordinary,7,full_coverage_and_all_discovered_cleared,119,2538.554584,,,True,0.026521250023506582
4,0,True,0,0,0,0,0,clustered__iid__69,clustered__iid,7,0,,17,15,111,1.0,,,arc,0,0.035802999999999585,,15,,8,10,False,,,,,False,,0,0,,0,0,,,,92,service_free1_area7,,,[],239,9023.420648516923,0,83.21858663817413,0.0,7,,,,161.97894200000002,"[2, 3, 4, 5, 6, 7, 8, 9, 10, 11, 12, 13, 14, 16, 18]",,,3,,,69,0.5,free,22,1.0,0.0,29,,1,,,15,ordinary,7,full_coverage_and_all_discovered_cleared,84,2429.68413,,,True,0.03584237501490861
0,0,True,0,0,0,0,0,clustered__iid__69,clustered__iid,3,0,,15,15,130,1.0,,,arc,0,0.030847000000000513,,15,,12,12,False,,,,,False,,0,0,,0,0,,,,113,service_locked1_area7,,,[],381,8450.087559501815,0,29.364862504986007,0.0,3,,,,162.4011674,"[2, 3, 4, 5, 6, 7, 8, 9, 10, 11, 12, 13, 14, 16, 18]",,,3,,,69,0.5,locked,22,1.0,0.0,13,,0,,,15,ordinary,7,full_coverage_and_all_discovered_cleared,106,2436.017511,,,True,0.030855749966576695
4,0,True,0,0,0,0,0,clustered__iid__70,clustered__iid,9,0,,11,10,125,1.0,,,base,0,0.020013000000000503,,10,,1,2,False,,,,,False,,0,0,,17,0,,,,112,range_area7,,,[],,9215.975943205447,0,69.24930221077521,0.0,9,,,,256.3195188,"[2, 3, 5, 10, 11, 13, 15, 16, 19, 20]",,,3,,,70,1.0,,,,,14,,3,,,10,ordinary,7,full_coverage_and_all_discovered_cleared,107,2563.195188,,,True,0.02001429197844118
4,0,True,0,0,0,0,0,clustered__iid__70,clustered__iid,9,0,,11,10,125,1.0,,,arc,0,0.020510999999999946,,10,,1,2,False,,,,,False,,0,0,,0,0,,,,112,service_free0_area7,,,[],0,9215.975943205447,0,69.24930221077521,0.0,9,,,,256.3195188,"[2, 3, 5, 10, 11, 13, 15, 16, 19, 20]",,,3,,,70,0.5,free,17,0.0,0.0,14,,3,,,10,ordinary,7,full_coverage_and_all_discovered_cleared,107,2563.195188,,,True,0.02052304201060906
4,0,True,0,0,0,0,0,clustered__iid__70,clustered__iid,9,0,,11,10,125,1.0,,,arc,0,0.0227580000000005,,10,,1,2,False,,,,,False,,0,0,,0,0,,,,112,service_free1_area7,,,[],157,9215.975943205447,0,69.24930221077521,0.0,9,,,,256.3195188,"[2, 3, 5, 10, 11, 13, 15, 16, 19, 20]",,,3,,,70,0.5,free,17,1.0,0.0,14,,3,,,10,ordinary,7,full_coverage_and_all_discovered_cleared,107,2563.195188,,,True,0.022783000022172928
2,0,True,0,0,0,0,0,clustered__iid__70,clustered__iid,6,0,,11,10,147,1.0,,,arc,0,0.021742999999999846,,10,,4,5,False,,,,,False,,0,0,,0,0,,,,134,service_locked1_area7,,,[],213,8544.857024365248,0,63.616888288433195,0.0,6,,,,255.6971404,"[2, 3, 5, 10, 11, 13, 15, 16, 19, 20]",,,3,,,70,0.5,locked,17,1.0,0.0,10,,0,,,10,ordinary,7,full_coverage_and_all_discovered_cleared,125,2556.971404,,,True,0.02177333302097395
3,0,True,0,0,0,0,0,clustered__iid__71,clustered__iid,6,0,,13,12,116,1.0,,,base,0,0.01717600000000008,,12,,6,7,False,,,,,False,,0,0,,19,0,,,,101,range_area7,,,[],,8684.27447811701,0,61.634818427428954,0.0,6,,,,199.65457466666666,"[1, 2, 4, 5, 7, 9, 10, 13, 17, 18, 19, 20]",,,3,,,71,1.0,,,,,10,,0,,,12,ordinary,7,full_coverage_and_all_discovered_cleared,91,2395.854896,,,True,0.017191542021464556
3,0,True,0,0,0,0,0,clustered__iid__71,clustered__iid,6,0,,13,12,116,1.0,,,arc,0,0.01737200000000083,,12,,6,7,False,,,,,False,,0,0,,0,0,,,,101,service_free0_area7,,,[],0,8684.27447811701,0,61.634818427428954,0.0,6,,,,199.65457466666666,"[1, 2, 4, 5, 7, 9, 10, 13, 17, 18, 19, 20]",,,3,,,71,0.5,free,19,0.0,0.0,10,,0,,,12,ordinary,7,full_coverage_and_all_discovered_cleared,91,2395.854896,,,True,0.01738529105205089
6,0,True,0,0,0,0,0,clustered__iid__71,clustered__iid,4,2,,12,12,135,1.0,,,arc,0,0.02415199999999995,,12,,8,8,False,,,,,False,,0,0,,0,0,,,,121,service_free1_area7,,,[],140,11159.592947749976,0,23.393234981745607,0.0,4,,,,250.82654925,"[1, 2, 4, 5, 7, 9, 10, 13, 17, 18, 19, 20]",,,3,,,71,0.5,free,19,1.0,0.0,19,,0,,,12,ordinary,7,full_coverage_and_all_discovered_cleared,113,3009.918591,,,True,0.024162499990779907
8,0,True,0,0,0,0,0,clustered__iid__71,clustered__iid,5,2,,13,12,138,1.0,,,arc,0,0.026380999999999766,,12,,7,8,False,,,,,False,,0,0,,0,0,,,,123,service_locked1_area7,,,[],140,11509.012989075203,0,39.525218202467876,0.0,5,,,,257.90021641666664,"[1, 2, 4, 5, 7, 9, 10, 13, 17, 18, 19, 20]",,,3,,,71,0.5,locked,19,1.0,0.0,19,,0,,,12,ordinary,7,full_coverage_and_all_discovered_cleared,115,3094.802597,,,True,0.026388209022115916
4,0,True,0,0,0,0,0,clustered__smooth__67,clustered__smooth,5,0,,12,10,125,1.0,,,base,0,0.017397000000000773,,10,,5,7,False,,,,,False,,0,0,,17,0,,,,111,range_area7,,,[],,10146.66535712893,0,34.50042628383702,0.0,5,,,,274.333307,"[4, 5, 7, 8, 9, 10, 14, 15, 18, 19]",,,3,,,67,1.0,,,,,12,,0,,,10,ordinary,7,full_coverage_and_all_discovered_cleared,103,2743.33307,,,True,0.01741212495835498
4,0,True,0,0,0,0,0,clustered__smooth__67,clustered__smooth,5,0,,12,10,125,1.0,,,arc,0,0.017070000000000363,,10,,5,7,False,,,,,False,,0,0,,0,0,,,,111,service_free0_area7,,,[],0,10146.66535712893,0,34.50042628383702,0.0,5,,,,274.333307,"[4, 5, 7, 8, 9, 10, 14, 15, 18, 19]",,,3,,,67,0.5,free,17,0.0,0.0,12,,0,,,10,ordinary,7,full_coverage_and_all_discovered_cleared,103,2743.33307,,,True,0.01706937496783212
4,0,True,0,0,0,0,0,clustered__smooth__67,clustered__smooth,5,0,,12,10,125,1.0,,,arc,0,0.01811200000000035,,10,,5,7,False,,,,,False,,0,0,,0,0,,,,111,service_free1_area7,,,[],140,10146.66535712893,0,34.50042628383702,0.0,5,,,,274.333307,"[4, 5, 7, 8, 9, 10, 14, 15, 18, 19]",,,3,,,67,0.5,free,17,1.0,0.0,12,,0,,,10,ordinary,7,full_coverage_and_all_discovered_cleared,103,2743.33307,,,True,0.018145499983802438
3,0,True,0,0,0,0,0,clustered__smooth__67,clustered__smooth,6,1,,11,10,118,1.0,,,arc,0,0.01965400000000006,,10,,4,5,False,,,,,False,,0,0,,0,0,,,,105,service_locked1_area7,,,[],166,10771.140507393666,0,31.73128013484888,0.0,6,,,,283.0228101,"[4, 5, 7, 8, 9, 10, 14, 15, 18, 19]",,,3,,,67,0.5,locked,17,1.0,0.0,11,,6,,,10,ordinary,7,full_coverage_and_all_discovered_cleared,98,2830.228101,,,True,0.019654042029287666
4,0,True,0,0,0,0,0,clustered__smooth__68,clustered__smooth,10,1,,17,15,115,1.0,,,base,0,0.025463999999999487,,15,,5,7,False,,,,,False,,0,0,,22,0,,,,96,range_area7,,,[],,9340.849598052446,0,71.65913950414256,0.0,10,,,,167.87799473333334,"[2, 4, 5, 6, 8, 9, 11, 12, 13, 14, 15, 16, 17, 19, 20]",,,3,,,68,1.0,,,,,27,,2,,,15,ordinary,7,full_coverage_and_all_discovered_cleared,89,2518.169921,,,True,0.02549775002989918
4,0,True,0,0,0,0,0,clustered__smooth__68,clustered__smooth,10,1,,17,15,115,1.0,,,arc,0,0.026081000000000465,,15,,5,7,False,,,,,False,,0,0,,0,0,,,,96,service_free0_area7,,,[],0,9340.849598052446,0,71.65913950414256,0.0,10,,,,167.87799473333334,"[2, 4, 5, 6, 8, 9, 11, 12, 13, 14, 15, 16, 17, 19, 20]",,,3,,,68,0.5,free,22,0.0,0.0,27,,2,,,15,ordinary,7,full_coverage_and_all_discovered_cleared,89,2518.169921,,,True,0.02609237498836592
4,0,True,0,0,0,0,0,clustered__smooth__68,clustered__smooth,10,1,,17,15,115,1.0,,,arc,0,0.029322999999999766,,15,,5,7,False,,,,,False,,0,0,,0,0,,,,96,service_free1_area7,,,[],263,9340.849598052446,0,71.65913950414256,0.0,10,,,,167.87799473333334,"[2, 4, 5, 6, 8, 9, 11, 12, 13, 14, 15, 16, 17, 19, 20]",,,3,,,68,0.5,free,22,1.0,0.0,27,,2,,,15,ordinary,7,full_coverage_and_all_discovered_cleared,89,2518.169921,,,True,0.029342166963033378
4,0,True,0,0,0,0,0,clustered__smooth__68,clustered__smooth,11,6,,17,15,153,1.0,,,arc,0,0.031818000000000346,,15,,4,6,False,,,,,False,,0,0,,0,0,,,,134,service_locked1_area7,,,[],168,9192.800141036394,0,91.22155942918018,0.0,11,,,,181.17066846666665,"[2, 4, 5, 6, 8, 9, 11, 12, 13, 14, 15, 16, 17, 19, 20]",,,3,,,68,0.5,locked,22,1.0,0.0,13,,0,,,15,ordinary,7,full_coverage_and_all_discovered_cleared,128,2717.560027,,,True,0.03184604202397168
4,0,True,0,0,0,0,0,clustered__smooth__69,clustered__smooth,7,0,,19,15,167,1.0,,,base,0,0.03143200000000057,,15,,8,12,False,,,,,False,,0,0,,22,0,,,,146,range_area7,,,[],,8382.723416678291,0,52.93634295579471,0.0,7,,,,175.50297886666667,"[2, 3, 4, 5, 6, 7, 8, 9, 10, 11, 12, 13, 14, 16, 18]",,,3,,,69,1.0,,,,,22,,0,,,15,ordinary,7,full_coverage_and_all_discovered_cleared,139,2632.544683,,,True,0.03146629099501297
4,0,True,0,0,0,0,0,clustered__smooth__69,clustered__smooth,7,0,,19,15,167,1.0,,,arc,0,0.0324460000000002,,15,,8,12,False,,,,,False,,0,0,,0,0,,,,146,service_free0_area7,,,[],0,8382.723416678291,0,52.93634295579471,0.0,7,,,,175.50297886666667,"[2, 3, 4, 5, 6, 7, 8, 9, 10, 11, 12, 13, 14, 16, 18]",,,3,,,69,0.5,free,22,0.0,0.0,22,,0,,,15,ordinary,7,full_coverage_and_all_discovered_cleared,139,2632.544683,,,True,0.03246458404464647
6,0,True,0,0,0,0,0,clustered__smooth__69,clustered__smooth,9,0,,19,15,101,1.0,,,arc,0,0.028881000000000157,,15,,6,10,False,,,,,False,,0,0,,0,0,,,,80,service_free1_area7,,,[],240,9984.274023109047,0,64.3787280172123,0.0,9,,,,170.59032046666667,"[2, 3, 4, 5, 6, 7, 8, 9, 10, 11, 12, 13, 14, 16, 18]",,,3,,,69,0.5,free,22,1.0,0.0,20,,0,,,15,ordinary,7,full_coverage_and_all_discovered_cleared,75,2558.854807,,,True,0.028900291013997048
5,0,True,0,0,0,0,0,clustered__smooth__69,clustered__smooth,9,0,,20,15,138,1.0,,,arc,0,0.03310100000000027,,15,,6,11,False,,,,,False,,0,0,,0,0,,,,116,service_locked1_area7,,,[],379,8421.671625704008,0,63.51498710266257,0.0,9,,,,164.35562153333333,"[2, 3, 4, 5, 6, 7, 8, 9, 10, 11, 12, 13, 14, 16, 18]",,,3,,,69,0.5,locked,22,1.0,0.0,11,,0,,,15,ordinary,7,full_coverage_and_all_discovered_cleared,111,2465.334323,,,True,0.033116707985755056
4,0,True,0,0,0,0,0,clustered__smooth__70,clustered__smooth,8,0,,12,10,125,1.0,,,base,0,0.019418000000000823,,10,,2,4,False,,,,,False,,0,0,,17,0,,,,111,range_area7,,,[],,9236.450267120634,0,60.781228736919395,0.0,8,,,,256.3290053,"[2, 3, 5, 10, 11, 13, 15, 16, 19, 20]",,,3,,,70,1.0,,,,,12,,2,,,10,ordinary,7,full_coverage_and_all_discovered_cleared,105,2563.290053,,,True,0.01942670898279175
4,0,True,0,0,0,0,0,clustered__smooth__70,clustered__smooth,8,0,,12,10,125,1.0,,,arc,0,0.01961799999999947,,10,,2,4,False,,,,,False,,0,0,,0,0,,,,111,service_free0_area7,,,[],0,9236.450267120634,0,60.781228736919395,0.0,8,,,,256.3290053,"[2, 3, 5, 10, 11, 13, 15, 16, 19, 20]",,,3,,,70,0.5,free,17,0.0,0.0,12,,2,,,10,ordinary,7,full_coverage_and_all_discovered_cleared,105,2563.290053,,,True,0.019637000048533082
4,0,True,0,0,0,0,0,clustered__smooth__70,clustered__smooth,8,0,,12,10,125,1.0,,,arc,0,0.021921999999999997,,10,,2,4,False,,,,,False,,0,0,,0,0,,,,111,service_free1_area7,,,[],166,9236.450267120634,0,60.781228736919395,0.0,8,,,,256.3290053,"[2, 3, 5, 10, 11, 13, 15, 16, 19, 20]",,,3,,,70,0.5,free,17,1.0,0.0,12,,2,,,10,ordinary,7,full_coverage_and_all_discovered_cleared,105,2563.290053,,,True,0.021921875013504177
2,0,True,0,0,0,0,0,clustered__smooth__70,clustered__smooth,6,0,,11,10,146,1.0,,,arc,0,0.021872000000000114,,10,,4,5,False,,,,,False,,0,0,,0,0,,,,133,service_locked1_area7,,,[],212,8521.031352190379,0,58.45280898518377,0.0,6,,,,254.7206271,"[2, 3, 5, 10, 11, 13, 15, 16, 19, 20]",,,3,,,70,0.5,locked,17,1.0,0.0,9,,0,,,10,ordinary,7,full_coverage_and_all_discovered_cleared,125,2547.206271,,,True,0.021912749973125756
7,0,True,0,0,0,0,0,clustered__smooth__71,clustered__smooth,5,2,,13,12,130,1.0,,,base,0,0.023869000000000362,,12,,7,8,False,,,,,False,,0,0,,19,0,,,,115,range_area7,,,[],,11267.075659553358,0,23.51569284109836,0.0,5,,,,250.03459433333333,"[1, 2, 4, 5, 7, 9, 10, 13, 17, 18, 19, 20]",,,3,,,71,1.0,,,,,13,,1,,,12,ordinary,7,full_coverage_and_all_discovered_cleared,109,3000.415132,,,True,0.023893292003776878
7,0,True,0,0,0,0,0,clustered__smooth__71,clustered__smooth,5,2,,13,12,130,1.0,,,arc,0,0.02414299999999958,,12,,7,8,False,,,,,False,,0,0,,0,0,,,,115,service_free0_area7,,,[],0,11267.075659553358,0,23.51569284109836,0.0,5,,,,250.03459433333333,"[1, 2, 4, 5, 7, 9, 10, 13, 17, 18, 19, 20]",,,3,,,71,0.5,free,19,0.0,0.0,13,,1,,,12,ordinary,7,full_coverage_and_all_discovered_cleared,109,3000.415132,,,True,0.02416575001552701
7,0,True,0,0,0,0,0,clustered__smooth__71,clustered__smooth,5,2,,13,12,130,1.0,,,arc,0,0.025662000000000518,,12,,7,8,False,,,,,False,,0,0,,0,0,,,,115,service_free1_area7,,,[],128,11267.075659553358,0,23.51569284109836,0.0,5,,,,250.03459433333333,"[1, 2, 4, 5, 7, 9, 10, 13, 17, 18, 19, 20]",,,3,,,71,0.5,free,19,1.0,0.0,13,,1,,,12,ordinary,7,full_coverage_and_all_discovered_cleared,109,3000.415132,,,True,0.02566237497376278
7,0,True,0,0,0,0,0,clustered__smooth__71,clustered__smooth,5,2,,13,12,130,1.0,,,arc,0,0.025585999999999665,,12,,7,8,False,,,,,False,,0,0,,0,0,,,,115,service_locked1_area7,,,[],128,11267.075659553358,0,23.51569284109836,0.0,5,,,,250.03459433333333,"[1, 2, 4, 5, 7, 9, 10, 13, 17, 18, 19, 20]",,,3,,,71,0.5,locked,19,1.0,0.0,13,,1,,,12,ordinary,7,full_coverage_and_all_discovered_cleared,109,3000.415132,,,True,0.0256502500269562
3,0,True,0,0,0,0,0,clustered__adversarial-positive__67,clustered__adversarial-positive,7,0,,11,10,120,1.0,,,base,0,0.015658000000000172,,10,,3,4,False,,,,,False,,0,0,,17,0,,,,107,range_area7,,,[],,9912.119729321521,0,62.98648557438853,0.0,7,,,,267.1423946,"[4, 5, 7, 8, 9, 10, 14, 15, 18, 19]",,,3,,,67,1.0,,,,,9,,0,,,10,ordinary,7,full_coverage_and_all_discovered_cleared,101,2671.423946,,,True,0.015665541985072196
3,0,True,0,0,0,0,0,clustered__adversarial-positive__67,clustered__adversarial-positive,7,0,,11,10,120,1.0,,,arc,0,0.016340999999999717,,10,,3,4,False,,,,,False,,0,0,,0,0,,,,107,service_free0_area7,,,[],0,9912.119729321521,0,62.98648557438853,0.0,7,,,,267.1423946,"[4, 5, 7, 8, 9, 10, 14, 15, 18, 19]",,,3,,,67,0.5,free,17,0.0,0.0,9,,0,,,10,ordinary,7,full_coverage_and_all_discovered_cleared,101,2671.423946,,,True,0.016345666954293847
3,0,True,0,0,0,0,0,clustered__adversarial-positive__67,clustered__adversarial-positive,7,0,,11,10,120,1.0,,,arc,0,0.01638200000000012,,10,,3,4,False,,,,,False,,0,0,,0,0,,,,107,service_free1_area7,,,[],77,9912.119729321521,0,62.98648557438853,0.0,7,,,,267.1423946,"[4, 5, 7, 8, 9, 10, 14, 15, 18, 19]",,,3,,,67,0.5,free,17,1.0,0.0,9,,0,,,10,ordinary,7,full_coverage_and_all_discovered_cleared,101,2671.423946,,,True,0.016399707994423807
3,0,True,0,0,0,0,0,clustered__adversarial-positive__67,clustered__adversarial-positive,6,1,,11,10,120,1.0,,,arc,0,0.020853999999999928,,10,,4,5,False,,,,,False,,0,0,,0,0,,,,107,service_locked1_area7,,,[],159,10704.302078596642,0,48.30808325006603,0.0,6,,,,282.88604169999996,"[4, 5, 7, 8, 9, 10, 14, 15, 18, 19]",,,3,,,67,0.5,locked,17,1.0,0.0,12,,5,,,10,ordinary,7,full_coverage_and_all_discovered_cleared,100,2828.860417,,,True,0.020853209018241614
7,0,True,0,0,0,0,0,clustered__adversarial-positive__68,clustered__adversarial-positive,11,0,,20,15,127,1.0,,,base,0,0.027571000000000012,,15,,4,9,False,,,,,False,,0,0,,22,0,,,,105,range_area7,,,[],,9299.151404451017,0,96.08034223845935,0.0,11,,,,171.65535213333334,"[2, 4, 5, 6, 8, 9, 11, 12, 13, 14, 15, 16, 17, 19, 20]",,,3,,,68,1.0,,,,,30,,0,,,15,ordinary,7,full_coverage_and_all_discovered_cleared,100,2574.830282,,,True,0.02757929201470688
7,0,True,0,0,0,0,0,clustered__adversarial-positive__68,clustered__adversarial-positive,11,0,,20,15,127,1.0,,,arc,0,0.027454999999999785,,15,,4,9,False,,,,,False,,0,0,,0,0,,,,105,service_free0_area7,,,[],0,9299.151404451017,0,96.08034223845935,0.0,11,,,,171.65535213333334,"[2, 4, 5, 6, 8, 9, 11, 12, 13, 14, 15, 16, 17, 19, 20]",,,3,,,68,0.5,free,22,0.0,0.0,30,,0,,,15,ordinary,7,full_coverage_and_all_discovered_cleared,100,2574.830282,,,True,0.027467416017316282
7,0,True,0,0,0,0,0,clustered__adversarial-positive__68,clustered__adversarial-positive,11,0,,20,15,127,1.0,,,arc,0,0.03044899999999995,,15,,4,9,False,,,,,False,,0,0,,0,0,,,,105,service_free1_area7,,,[],340,9299.151404451017,0,96.08034223845935,0.0,11,,,,171.65535213333334,"[2, 4, 5, 6, 8, 9, 11, 12, 13, 14, 15, 16, 17, 19, 20]",,,3,,,68,0.5,free,22,1.0,0.0,30,,0,,,15,ordinary,7,full_coverage_and_all_discovered_cleared,100,2574.830282,,,True,0.03048058395506814
7,0,True,0,0,0,0,0,clustered__adversarial-positive__68,clustered__adversarial-positive,14,5,,20,15,156,1.0,,,arc,0,0.03138099999999966,,15,,1,6,False,,,,,False,,0,0,,0,0,,,,134,service_locked1_area7,,,[],156,9739.309213154313,0,96.65422052311169,0.0,14,,,,189.12412286666668,"[2, 4, 5, 6, 8, 9, 11, 12, 13, 14, 15, 16, 17, 19, 20]",,,3,,,68,0.5,locked,22,1.0,0.0,16,,1,,,15,ordinary,7,full_coverage_and_all_discovered_cleared,129,2836.861843,,,True,0.031404916022438556
12,0,True,0,0,0,0,0,clustered__adversarial-positive__69,clustered__adversarial-positive,13,0,,26,15,165,1.0,,,base,0,0.03169799999999956,,15,,2,13,False,,,,,False,,0,0,,22,0,,,,137,range_area7,,,[],,8623.967891706043,0,115.41139236326903,0.0,13,,,,176.65290526666666,"[2, 3, 4, 5, 6, 7, 8, 9, 10, 11, 12, 13, 14, 16, 18]",,,3,,,69,1.0,,,,,10,,0,,,15,ordinary,7,full_coverage_and_all_discovered_cleared,132,2649.793579,,,True,0.031705375004094094
12,0,True,0,0,0,0,0,clustered__adversarial-positive__69,clustered__adversarial-positive,13,0,,26,15,165,1.0,,,arc,0,0.03286000000000033,,15,,2,13,False,,,,,False,,0,0,,0,0,,,,137,service_free0_area7,,,[],0,8623.967891706043,0,115.41139236326903,0.0,13,,,,176.65290526666666,"[2, 3, 4, 5, 6, 7, 8, 9, 10, 11, 12, 13, 14, 16, 18]",,,3,,,69,0.5,free,22,0.0,0.0,10,,0,,,15,ordinary,7,full_coverage_and_all_discovered_cleared,132,2649.793579,,,True,0.032888000016100705
8,0,True,0,0,0,0,0,clustered__adversarial-positive__69,clustered__adversarial-positive,11,0,,22,15,125,1.0,,,arc,0,0.03932599999999997,,15,,4,11,False,,,,,False,,0,0,,0,0,,,,101,service_free1_area7,,,[],246,9105.38736347443,0,94.76743383426621,0.0,11,,,,167.6718314,"[2, 3, 4, 5, 6, 7, 8, 9, 10, 11, 12, 13, 14, 16, 18]",,,3,,,69,0.5,free,22,1.0,0.0,33,,0,,,15,ordinary,7,full_coverage_and_all_discovered_cleared,93,2515.077471,,,True,0.039356333028990775
10,0,True,0,0,0,0,0,clustered__adversarial-positive__69,clustered__adversarial-positive,12,0,,25,15,149,1.0,,,arc,0,0.03666699999999956,,15,,3,13,False,,,,,False,,0,0,,0,0,,,,122,service_locked1_area7,,,[],384,8486.135955269561,0,114.06066082441578,0.0,12,,,,168.5484794,"[2, 3, 4, 5, 6, 7, 8, 9, 10, 11, 12, 13, 14, 16, 18]",,,3,,,69,0.5,locked,22,1.0,0.0,12,,0,,,15,ordinary,7,full_coverage_and_all_discovered_cleared,116,2528.227191,,,True,0.036680250021163374
6,0,True,0,0,0,0,0,clustered__adversarial-positive__70,clustered__adversarial-positive,7,0,,15,10,153,1.0,,,base,0,0.020375000000000476,,10,,3,8,False,,,,,False,,0,0,,17,0,,,,136,range_area7,,,[],,8628.022086495068,0,70.12551606617991,0.0,7,,,,259.9604417,"[2, 3, 5, 10, 11, 13, 15, 16, 19, 20]",,,3,,,70,1.0,,,,,8,,0,,,10,ordinary,7,full_coverage_and_all_discovered_cleared,129,2599.604417,,,True,0.020380834001116455
6,0,True,0,0,0,0,0,clustered__adversarial-positive__70,clustered__adversarial-positive,7,0,,15,10,153,1.0,,,arc,0,0.02120600000000028,,10,,3,8,False,,,,,False,,0,0,,0,0,,,,136,service_free0_area7,,,[],0,8628.022086495068,0,70.12551606617991,0.0,7,,,,259.9604417,"[2, 3, 5, 10, 11, 13, 15, 16, 19, 20]",,,3,,,70,0.5,free,17,0.0,0.0,8,,0,,,10,ordinary,7,full_coverage_and_all_discovered_cleared,129,2599.604417,,,True,0.021211166982538998
5,0,True,0,0,0,0,0,clustered__adversarial-positive__70,clustered__adversarial-positive,8,0,,12,10,123,1.0,,,arc,0,0.020788999999999724,,10,,2,4,False,,,,,False,,0,0,,0,0,,,,109,service_free1_area7,,,[],136,9711.769170710239,0,80.29275812539548,0.0,8,,,,264.7353833,"[2, 3, 5, 10, 11, 13, 15, 16, 19, 20]",,,3,,,70,0.5,free,17,1.0,0.0,14,,6,,,10,ordinary,7,full_coverage_and_all_discovered_cleared,104,2647.353833,,,True,0.02078929200069979
6,0,True,0,0,0,0,0,clustered__adversarial-positive__70,clustered__adversarial-positive,7,0,,15,10,153,1.0,,,arc,0,0.023606000000000016,,10,,3,8,False,,,,,False,,0,0,,0,0,,,,136,service_locked1_area7,,,[],221,8628.022086495068,0,70.12551606617991,0.0,7,,,,259.9604417,"[2, 3, 5, 10, 11, 13, 15, 16, 19, 20]",,,3,,,70,0.5,locked,17,1.0,0.0,8,,0,,,10,ordinary,7,full_coverage_and_all_discovered_cleared,129,2599.604417,,,True,0.02362554200226441
13,0,True,0,0,0,0,0,clustered__adversarial-positive__71,clustered__adversarial-positive,11,2,,20,12,147,1.0,,,base,0,0.028233999999999426,,12,,1,9,False,,,,,False,,0,0,,19,0,,,,125,range_area7,,,[],,10980.406285647074,0,84.95799588061894,0.0,11,,,,251.9234380833333,"[1, 2, 4, 5, 7, 9, 10, 13, 17, 18, 19, 20]",,,3,,,71,1.0,,,,,16,,0,,,12,ordinary,7,full_coverage_and_all_discovered_cleared,118,3023.081257,,,True,0.02825708396267146
13,0,True,0,0,0,0,0,clustered__adversarial-positive__71,clustered__adversarial-positive,11,2,,20,12,147,1.0,,,arc,0,0.028844000000000314,,12,,1,9,False,,,,,False,,0,0,,0,0,,,,125,service_free0_area7,,,[],0,10980.406285647074,0,84.95799588061894,0.0,11,,,,251.9234380833333,"[1, 2, 4, 5, 7, 9, 10, 13, 17, 18, 19, 20]",,,3,,,71,0.5,free,19,0.0,0.0,16,,0,,,12,ordinary,7,full_coverage_and_all_discovered_cleared,118,3023.081257,,,True,0.02887858299072832
13,0,True,0,0,0,0,0,clustered__adversarial-positive__71,clustered__adversarial-positive,11,2,,20,12,147,1.0,,,arc,0,0.030853000000000463,,12,,1,9,False,,,,,False,,0,0,,0,0,,,,125,service_free1_area7,,,[],127,10980.406285647074,0,84.95799588061894,0.0,11,,,,251.9234380833333,"[1, 2, 4, 5, 7, 9, 10, 13, 17, 18, 19, 20]",,,3,,,71,0.5,free,19,1.0,0.0,16,,0,,,12,ordinary,7,full_coverage_and_all_discovered_cleared,118,3023.081257,,,True,0.030860666010994464
13,0,True,0,0,0,0,0,clustered__adversarial-positive__71,clustered__adversarial-positive,11,2,,20,12,147,1.0,,,arc,0,0.030865000000000364,,12,,1,9,False,,,,,False,,0,0,,0,0,,,,125,service_locked1_area7,,,[],127,10980.406285647074,0,84.95799588061894,0.0,11,,,,251.9234380833333,"[1, 2, 4, 5, 7, 9, 10, 13, 17, 18, 19, 20]",,,3,,,71,0.5,locked,19,1.0,0.0,16,,0,,,12,ordinary,7,full_coverage_and_all_discovered_cleared,118,3023.081257,,,True,0.030869208043441176
3,0,True,0,0,0,0,0,clustered__adversarial-negative__67,clustered__adversarial-negative,7,0,,11,10,120,1.0,,,base,0,0.015562000000000076,,10,,3,4,False,,,,,False,,0,0,,17,0,,,,107,range_area7,,,[],,9965.043675451454,0,60.92459726191062,0.0,7,,,,268.2008736,"[4, 5, 7, 8, 9, 10, 14, 15, 18, 19]",,,3,,,67,1.0,,,,,9,,0,,,10,ordinary,7,full_coverage_and_all_discovered_cleared,101,2682.008736,,,True,0.015560791012831032
3,0,True,0,0,0,0,0,clustered__adversarial-negative__67,clustered__adversarial-negative,7,0,,11,10,120,1.0,,,arc,0,0.016191000000000066,,10,,3,4,False,,,,,False,,0,0,,0,0,,,,107,service_free0_area7,,,[],0,9965.043675451454,0,60.92459726191062,0.0,7,,,,268.2008736,"[4, 5, 7, 8, 9, 10, 14, 15, 18, 19]",,,3,,,67,0.5,free,17,0.0,0.0,9,,0,,,10,ordinary,7,full_coverage_and_all_discovered_cleared,101,2682.008736,,,True,0.016236624971497804
3,0,True,0,0,0,0,0,clustered__adversarial-negative__67,clustered__adversarial-negative,4,0,,11,10,124,1.0,,,arc,0,0.018003999999999465,,10,,6,7,False,,,,,False,,0,0,,0,0,,,,111,service_free1_area7,,,[],139,10099.927981400764,0,32.231094759252954,0.0,4,,,,272.9985596,"[4, 5, 7, 8, 9, 10, 14, 15, 18, 19]",,,3,,,67,0.5,free,17,1.0,0.0,13,,0,,,10,ordinary,7,full_coverage_and_all_discovered_cleared,102,2729.985596,,,True,0.0180202079936862
3,0,True,0,0,0,0,0,clustered__adversarial-negative__67,clustered__adversarial-negative,4,1,,11,10,119,1.0,,,arc,0,0.020065999999999917,,10,,6,7,False,,,,,False,,0,0,,0,0,,,,106,service_locked1_area7,,,[],180,10440.936254545062,0,30.83149102527878,0.0,4,,,,276.91872509999996,"[4, 5, 7, 8, 9, 10, 14, 15, 18, 19]",,,3,,,67,0.5,locked,17,1.0,0.0,12,,3,,,10,ordinary,7,full_coverage_and_all_discovered_cleared,98,2769.187251,,,True,0.02006941696163267
5,0,True,0,0,0,0,0,clustered__adversarial-negative__68,clustered__adversarial-negative,13,2,,18,15,118,1.0,,,base,0,0.02631300000000003,,15,,2,5,False,,,,,False,,0,0,,22,0,,,,98,range_area7,,,[],,9360.799066399162,0,97.65624673794413,0.0,13,,,,169.277321,"[2, 4, 5, 6, 8, 9, 11, 12, 13, 14, 15, 16, 17, 19, 20]",,,3,,,68,1.0,,,,,21,,0,,,15,ordinary,7,full_coverage_and_all_discovered_cleared,93,2539.159815,,,True,0.026333749992772937
5,0,True,0,0,0,0,0,clustered__adversarial-negative__68,clustered__adversarial-negative,13,2,,18,15,118,1.0,,,arc,0,0.027333999999999747,,15,,2,5,False,,,,,False,,0,0,,0,0,,,,98,service_free0_area7,,,[],0,9360.799066399162,0,97.65624673794413,0.0,13,,,,169.277321,"[2, 4, 5, 6, 8, 9, 11, 12, 13, 14, 15, 16, 17, 19, 20]",,,3,,,68,0.5,free,22,0.0,0.0,21,,0,,,15,ordinary,7,full_coverage_and_all_discovered_cleared,93,2539.159815,,,True,0.027333291014656425
4,0,True,0,0,0,0,0,clustered__adversarial-negative__68,clustered__adversarial-negative,11,6,,17,15,143,1.0,,,arc,0,0.02859699999999954,,15,,4,6,False,,,,,False,,0,0,,0,0,,,,124,service_free1_area7,,,[],127,9361.82713061202,0,77.86189081182218,0.0,11,,,,179.35769513333335,"[2, 4, 5, 6, 8, 9, 11, 12, 13, 14, 15, 16, 17, 19, 20]",,,3,,,68,0.5,free,22,1.0,0.0,22,,0,,,15,ordinary,7,full_coverage_and_all_discovered_cleared,117,2690.365427,,,True,0.02862370799994096
5,0,True,0,0,0,0,0,clustered__adversarial-negative__68,clustered__adversarial-negative,13,2,,18,15,151,1.0,,,arc,0,0.03046300000000013,,15,,2,5,False,,,,,False,,0,0,,0,0,,,,131,service_locked1_area7,,,[],105,9762.717594092746,0,99.36328774020438,0.0,13,,,,187.70290133333336,"[2, 4, 5, 6, 8, 9, 11, 12, 13, 14, 15, 16, 17, 19, 20]",,,3,,,68,0.5,locked,22,1.0,0.0,21,,10,,,15,ordinary,7,full_coverage_and_all_discovered_cleared,124,2815.54352,,,True,0.030489333032164723
11,0,True,0,0,0,0,0,clustered__adversarial-negative__69,clustered__adversarial-negative,12,0,,26,15,185,1.0,,,base,0,0.037377000000000216,,15,,3,14,False,,,,,False,,0,0,,22,0,,,,157,range_area7,,,[],,8351.68797902339,0,116.85783169162801,0.0,12,,,,180.8225066,"[2, 3, 4, 5, 6, 7, 8, 9, 10, 11, 12, 13, 14, 16, 18]",,,3,,,69,1.0,,,,,26,,0,,,15,ordinary,7,full_coverage_and_all_discovered_cleared,149,2712.337599,,,True,0.037396333005744964
11,0,True,0,0,0,0,0,clustered__adversarial-negative__69,clustered__adversarial-negative,12,0,,26,15,185,1.0,,,arc,0,0.03802799999999973,,15,,3,14,False,,,,,False,,0,0,,0,0,,,,157,service_free0_area7,,,[],0,8351.68797902339,0,116.85783169162801,0.0,12,,,,180.8225066,"[2, 3, 4, 5, 6, 7, 8, 9, 10, 11, 12, 13, 14, 16, 18]",,,3,,,69,0.5,free,22,0.0,0.0,26,,0,,,15,ordinary,7,full_coverage_and_all_discovered_cleared,149,2712.337599,,,True,0.03805024997564033
13,0,True,0,0,0,0,0,clustered__adversarial-negative__69,clustered__adversarial-negative,13,10,,26,15,128,1.0,,,arc,0,0.03864300000000043,,15,,2,13,False,,,,,False,,0,0,,0,0,,,,100,service_free1_area7,,,[],281,9658.802365304431,0,127.41541814696255,0.0,13,,,,175.45069819999998,"[2, 3, 4, 5, 6, 7, 8, 9, 10, 11, 12, 13, 14, 16, 18]",,,3,,,69,0.5,free,22,1.0,0.0,24,,0,,,15,ordinary,7,full_coverage_and_all_discovered_cleared,92,2631.760473,,,True,0.03866595798172057
11,0,True,0,0,0,0,0,clustered__adversarial-negative__69,clustered__adversarial-negative,13,0,,26,15,153,1.0,,,arc,0,0.037547,,15,,2,13,False,,,,,False,,0,0,,0,0,,,,125,service_locked1_area7,,,[],382,8411.028588736863,0,123.21491761637076,0.0,13,,,,168.947048,"[2, 3, 4, 5, 6, 7, 8, 9, 10, 11, 12, 13, 14, 16, 18]",,,3,,,69,0.5,locked,22,1.0,0.0,14,,0,,,15,ordinary,7,full_coverage_and_all_discovered_cleared,119,2534.20572,,,True,0.0377053749980405
4,0,True,0,0,0,0,0,clustered__adversarial-negative__70,clustered__adversarial-negative,8,0,,11,10,124,1.0,,,base,0,0.019979999999999443,,10,,2,3,False,,,,,False,,0,0,,17,0,,,,111,range_area7,,,[],,9213.203196171802,0,63.33848645145344,0.0,8,,,,255.56406379999999,"[2, 3, 5, 10, 11, 13, 15, 16, 19, 20]",,,3,,,70,1.0,,,,,12,,2,,,10,ordinary,7,full_coverage_and_all_discovered_cleared,105,2555.640638,,,True,0.019996542017906904
4,0,True,0,0,0,0,0,clustered__adversarial-negative__70,clustered__adversarial-negative,8,0,,11,10,124,1.0,,,arc,0,0.020004000000000133,,10,,2,3,False,,,,,False,,0,0,,0,0,,,,111,service_free0_area7,,,[],0,9213.203196171802,0,63.33848645145344,0.0,8,,,,255.56406379999999,"[2, 3, 5, 10, 11, 13, 15, 16, 19, 20]",,,3,,,70,0.5,free,17,0.0,0.0,12,,2,,,10,ordinary,7,full_coverage_and_all_discovered_cleared,105,2555.640638,,,True,0.020014750014524907
5,0,True,0,0,0,0,0,clustered__adversarial-negative__70,clustered__adversarial-negative,8,0,,12,10,123,1.0,,,arc,0,0.020126999999999562,,10,,2,4,False,,,,,False,,0,0,,0,0,,,,109,service_free1_area7,,,[],135,9704.08029018034,0,66.18964648524857,0.0,8,,,,264.3816057,"[2, 3, 5, 10, 11, 13, 15, 16, 19, 20]",,,3,,,70,0.5,free,17,1.0,0.0,14,,6,,,10,ordinary,7,full_coverage_and_all_discovered_cleared,102,2643.816057,,,True,0.0201395420008339
5,0,True,0,0,0,0,0,clustered__adversarial-negative__70,clustered__adversarial-negative,6,0,,14,10,151,1.0,,,arc,0,0.022999000000000436,,10,,4,8,False,,,,,False,,0,0,,0,0,,,,135,service_locked1_area7,,,[],221,8527.40536483696,0,60.88322609502353,0.0,6,,,,256.9481072,"[2, 3, 5, 10, 11, 13, 15, 16, 19, 20]",,,3,,,70,0.5,locked,17,1.0,0.0,8,,0,,,10,ordinary,7,full_coverage_and_all_discovered_cleared,127,2569.481072,,,True,0.022998499975074083
15,0,True,0,0,0,0,0,clustered__adversarial-negative__71,clustered__adversarial-negative,12,2,,22,12,159,1.0,,,base,0,0.02803000000000022,,12,,0,10,False,,,,,False,,0,0,,19,0,,,,135,range_area7,,,[],,10939.412481530444,0,84.49527546184052,0.0,12,,,,256.490208,"[1, 2, 4, 5, 7, 9, 10, 13, 17, 18, 19, 20]",,,3,,,71,1.0,,,,,24,,0,,,12,ordinary,7,full_coverage_and_all_discovered_cleared,125,3077.882496,,,True,0.02803045796463266
15,0,True,0,0,0,0,0,clustered__adversarial-negative__71,clustered__adversarial-negative,12,2,,22,12,159,1.0,,,arc,0,0.027712999999999433,,12,,0,10,False,,,,,False,,0,0,,0,0,,,,135,service_free0_area7,,,[],0,10939.412481530444,0,84.49527546184052,0.0,12,,,,256.490208,"[1, 2, 4, 5, 7, 9, 10, 13, 17, 18, 19, 20]",,,3,,,71,0.5,free,19,0.0,0.0,24,,0,,,12,ordinary,7,full_coverage_and_all_discovered_cleared,125,3077.882496,,,True,0.027872292033862323
15,0,True,0,0,0,0,0,clustered__adversarial-negative__71,clustered__adversarial-negative,12,2,,22,12,159,1.0,,,arc,0,0.02984900000000046,,12,,0,10,False,,,,,False,,0,0,,0,0,,,,135,service_free1_area7,,,[],138,10939.412481530444,0,84.49527546184052,0.0,12,,,,256.490208,"[1, 2, 4, 5, 7, 9, 10, 13, 17, 18, 19, 20]",,,3,,,71,0.5,free,19,1.0,0.0,24,,0,,,12,ordinary,7,full_coverage_and_all_discovered_cleared,125,3077.882496,,,True,0.02985483402153477
15,0,True,0,0,0,0,0,clustered__adversarial-negative__71,clustered__adversarial-negative,12,2,,22,12,159,1.0,,,arc,0,0.02926099999999998,,12,,0,10,False,,,,,False,,0,0,,0,0,,,,135,service_locked1_area7,,,[],138,10939.412481530444,0,84.49527546184052,0.0,12,,,,256.490208,"[1, 2, 4, 5, 7, 9, 10, 13, 17, 18, 19, 20]",,,3,,,71,0.5,locked,19,1.0,0.0,24,,0,,,12,ordinary,7,full_coverage_and_all_discovered_cleared,125,3077.882496,,,True,0.029305959003977478
7,0,True,0,0,0,0,0,clustered__adversarial-spatial__67,clustered__adversarial-spatial,7,0,,14,10,131,1.0,,,base,0,0.019151000000000806,,10,,3,7,False,,,,,False,,0,0,,17,0,,,,115,range_area7,,,[],,10145.192096603949,0,77.14444904173412,0.0,7,,,,277.4038421,"[4, 5, 7, 8, 9, 10, 14, 15, 18, 19]",,,3,,,67,1.0,,,,,13,,0,,,10,ordinary,7,full_coverage_and_all_discovered_cleared,108,2774.038421,,,True,0.01917216699803248
7,0,True,0,0,0,0,0,clustered__adversarial-spatial__67,clustered__adversarial-spatial,7,0,,14,10,131,1.0,,,arc,0,0.01985300000000123,,10,,3,7,False,,,,,False,,0,0,,0,0,,,,115,service_free0_area7,,,[],0,10145.192096603949,0,77.14444904173412,0.0,7,,,,277.4038421,"[4, 5, 7, 8, 9, 10, 14, 15, 18, 19]",,,3,,,67,0.5,free,17,0.0,0.0,13,,0,,,10,ordinary,7,full_coverage_and_all_discovered_cleared,108,2774.038421,,,True,0.019853665959089994
7,0,True,0,0,0,0,0,clustered__adversarial-spatial__67,clustered__adversarial-spatial,7,0,,14,10,131,1.0,,,arc,0,0.02061000000000135,,10,,3,7,False,,,,,False,,0,0,,0,0,,,,115,service_free1_area7,,,[],134,10145.192096603949,0,77.14444904173412,0.0,7,,,,277.4038421,"[4, 5, 7, 8, 9, 10, 14, 15, 18, 19]",,,3,,,67,0.5,free,17,1.0,0.0,13,,0,,,10,ordinary,7,full_coverage_and_all_discovered_cleared,108,2774.038421,,,True,0.020612542051821947
6,0,True,0,0,0,0,0,clustered__adversarial-spatial__67,clustered__adversarial-spatial,8,1,,13,10,123,1.0,,,arc,0,0.02134000000000036,,10,,2,5,False,,,,,False,,0,0,,0,0,,,,108,service_locked1_area7,,,[],170,10889.093923568791,0,82.78407360293714,0.0,8,,,,287.8818786,"[4, 5, 7, 8, 9, 10, 14, 15, 18, 19]",,,3,,,67,0.5,locked,17,1.0,0.0,11,,2,,,10,ordinary,7,full_coverage_and_all_discovered_cleared,102,2878.818786,,,True,0.021394958021119237
8,0,True,0,0,0,0,0,clustered__adversarial-spatial__68,clustered__adversarial-spatial,15,2,,20,15,122,1.0,,,base,0,0.027494000000000796,,15,,0,5,False,,,,,False,,0,0,,22,0,,,,100,range_area7,,,[],,9372.146113884337,0,136.80571197886508,0.0,15,,,,170.628615,"[2, 4, 5, 6, 8, 9, 11, 12, 13, 14, 15, 16, 17, 19, 20]",,,3,,,68,1.0,,,,,20,,0,,,15,ordinary,7,full_coverage_and_all_discovered_cleared,95,2559.429225,,,True,0.02753029199084267
8,0,True,0,0,0,0,0,clustered__adversarial-spatial__68,clustered__adversarial-spatial,15,2,,20,15,122,1.0,,,arc,0,0.028330999999999662,,15,,0,5,False,,,,,False,,0,0,,0,0,,,,100,service_free0_area7,,,[],0,9372.146113884337,0,136.80571197886508,0.0,15,,,,170.628615,"[2, 4, 5, 6, 8, 9, 11, 12, 13, 14, 15, 16, 17, 19, 20]",,,3,,,68,0.5,free,22,0.0,0.0,20,,0,,,15,ordinary,7,full_coverage_and_all_discovered_cleared,95,2559.429225,,,True,0.028343499987386167
5,0,True,0,0,0,0,0,clustered__adversarial-spatial__68,clustered__adversarial-spatial,14,6,,18,15,144,1.0,,,arc,0,0.02924199999999999,,15,,1,4,False,,,,,False,,0,0,,0,0,,,,124,service_free1_area7,,,[],119,9483.93713043331,0,80.33897573768773,0.0,14,,,,181.25249506666665,"[2, 4, 5, 6, 8, 9, 11, 12, 13, 14, 15, 16, 17, 19, 20]",,,3,,,68,0.5,free,22,1.0,0.0,21,,0,,,15,ordinary,7,full_coverage_and_all_discovered_cleared,118,2718.787426,,,True,0.029260249983053654
9,0,True,0,0,0,0,0,clustered__adversarial-spatial__68,clustered__adversarial-spatial,15,2,,21,15,159,1.0,,,arc,0,0.032532999999999035,,15,,0,6,False,,,,,False,,0,0,,0,0,,,,136,service_locked1_area7,,,[],132,9689.01972081519,0,162.0726596680061,0.0,15,,,,189.52026313333332,"[2, 4, 5, 6, 8, 9, 11, 12, 13, 14, 15, 16, 17, 19, 20]",,,3,,,68,0.5,locked,22,1.0,0.0,17,,5,,,15,ordinary,7,full_coverage_and_all_discovered_cleared,132,2842.803947,,,True,0.03254600003128871
8,0,True,0,0,0,0,0,clustered__adversarial-spatial__69,clustered__adversarial-spatial,12,0,,22,15,157,1.0,,,base,0,0.029673999999999978,,15,,3,10,False,,,,,False,,0,0,,22,0,,,,133,range_area7,,,[],,8586.925244501368,0,129.00845904561743,0.0,12,,,,173.7590034,"[2, 3, 4, 5, 6, 7, 8, 9, 10, 11, 12, 13, 14, 16, 18]",,,3,,,69,1.0,,,,,10,,0,,,15,ordinary,7,full_coverage_and_all_discovered_cleared,128,2606.385051,,,True,0.029745166946668178
8,0,True,0,0,0,0,0,clustered__adversarial-spatial__69,clustered__adversarial-spatial,12,0,,22,15,157,1.0,,,arc,0,0.029932999999999765,,15,,3,10,False,,,,,False,,0,0,,0,0,,,,133,service_free0_area7,,,[],0,8586.925244501368,0,129.00845904561743,0.0,12,,,,173.7590034,"[2, 3, 4, 5, 6, 7, 8, 9, 10, 11, 12, 13, 14, 16, 18]",,,3,,,69,0.5,free,22,0.0,0.0,10,,0,,,15,ordinary,7,full_coverage_and_all_discovered_cleared,128,2606.385051,,,True,0.029993957956321537
4,0,True,0,0,0,0,0,clustered__adversarial-spatial__69,clustered__adversarial-spatial,13,10,,18,15,105,1.0,,,arc,0,0.028850000000000264,,15,,2,5,False,,,,,False,,0,0,,0,0,,,,85,service_free1_area7,,,[],230,9335.11620748432,0,177.28337787594026,0.0,13,,,,163.73488286666668,"[2, 3, 4, 5, 6, 7, 8, 9, 10, 11, 12, 13, 14, 16, 18]",,,3,,,69,0.5,free,22,1.0,0.0,20,,8,,,15,ordinary,7,full_coverage_and_all_discovered_cleared,80,2456.023243,,,True,0.028874708979856223
9,0,True,0,0,0,0,0,clustered__adversarial-spatial__69,clustered__adversarial-spatial,12,0,,24,15,147,1.0,,,arc,0,0.03581799999999902,,15,,3,12,False,,,,,False,,0,0,,0,0,,,,121,service_locked1_area7,,,[],379,8478.471733759001,0,113.75615099822349,0.0,12,,,,167.84628986666667,"[2, 3, 4, 5, 6, 7, 8, 9, 10, 11, 12, 13, 14, 16, 18]",,,3,,,69,0.5,locked,22,1.0,0.0,12,,0,,,15,ordinary,7,full_coverage_and_all_discovered_cleared,115,2517.694348,,,True,0.03583024995168671
5,0,True,0,0,0,0,0,clustered__adversarial-spatial__70,clustered__adversarial-spatial,9,0,,12,10,128,1.0,,,base,0,0.021715999999999624,,10,,1,3,False,,,,,False,,0,0,,17,0,,,,114,range_area7,,,[],,9294.173272393748,0,98.50546171369675,0.0,9,,,,259.3834655,"[2, 3, 5, 10, 11, 13, 15, 16, 19, 20]",,,3,,,70,1.0,,,,,15,,3,,,10,ordinary,7,full_coverage_and_all_discovered_cleared,109,2593.834655,,,True,0.021734332956839353
5,0,True,0,0,0,0,0,clustered__adversarial-spatial__70,clustered__adversarial-spatial,9,0,,12,10,128,1.0,,,arc,0,0.022669999999999746,,10,,1,3,False,,,,,False,,0,0,,0,0,,,,114,service_free0_area7,,,[],0,9294.173272393748,0,98.50546171369675,0.0,9,,,,259.3834655,"[2, 3, 5, 10, 11, 13, 15, 16, 19, 20]",,,3,,,70,0.5,free,17,0.0,0.0,15,,3,,,10,ordinary,7,full_coverage_and_all_discovered_cleared,109,2593.834655,,,True,0.022676500026136637
5,0,True,0,0,0,0,0,clustered__adversarial-spatial__70,clustered__adversarial-spatial,9,0,,12,10,128,1.0,,,arc,0,0.024535000000000196,,10,,1,3,False,,,,,False,,0,0,,0,0,,,,114,service_free1_area7,,,[],156,9294.173272393748,0,98.50546171369675,0.0,9,,,,259.3834655,"[2, 3, 5, 10, 11, 13, 15, 16, 19, 20]",,,3,,,70,0.5,free,17,1.0,0.0,15,,3,,,10,ordinary,7,full_coverage_and_all_discovered_cleared,109,2593.834655,,,True,0.024763958994299173
6,0,True,0,0,0,0,0,clustered__adversarial-spatial__70,clustered__adversarial-spatial,9,0,,15,10,155,1.0,,,arc,0,0.024266000000000787,,10,,1,6,False,,,,,False,,0,0,,0,0,,,,138,service_locked1_area7,,,[],215,8569.74200982067,0,90.69839904581934,0.0,9,,,,259.8948404,"[2, 3, 5, 10, 11, 13, 15, 16, 19, 20]",,,3,,,70,0.5,locked,17,1.0,0.0,10,,0,,,10,ordinary,7,full_coverage_and_all_discovered_cleared,130,2598.948404,,,True,0.02429174998542294
6,0,True,0,0,0,0,0,clustered__adversarial-spatial__71,clustered__adversarial-spatial,12,0,,15,12,128,1.0,,,base,0,0.02270599999999945,,12,,0,3,False,,,,,False,,0,0,,19,0,,,,111,range_area7,,,[],,8995.036825122406,0,146.1121111514177,0.0,12,,,,210.25061374999999,"[1, 2, 4, 5, 7, 9, 10, 13, 17, 18, 19, 20]",,,3,,,71,1.0,,,,,21,,3,,,12,ordinary,7,full_coverage_and_all_discovered_cleared,100,2523.007365,,,True,0.02271233400097117
6,0,True,0,0,0,0,0,clustered__adversarial-spatial__71,clustered__adversarial-spatial,12,0,,15,12,128,1.0,,,arc,0,0.02264000000000088,,12,,0,3,False,,,,,False,,0,0,,0,0,,,,111,service_free0_area7,,,[],0,8995.036825122406,0,146.1121111514177,0.0,12,,,,210.25061374999999,"[1, 2, 4, 5, 7, 9, 10, 13, 17, 18, 19, 20]",,,3,,,71,0.5,free,19,0.0,0.0,21,,3,,,12,ordinary,7,full_coverage_and_all_discovered_cleared,100,2523.007365,,,True,0.022640249982941896
13,0,True,0,0,0,0,0,clustered__adversarial-spatial__71,clustered__adversarial-spatial,10,2,,19,12,152,1.0,,,arc,0,0.028969999999999274,,12,,2,9,False,,,,,False,,0,0,,0,0,,,,131,service_free1_area7,,,[],134,11163.991067155108,0,78.67911814731139,0.0,10,,,,257.6498511666667,"[1, 2, 4, 5, 7, 9, 10, 13, 17, 18, 19, 20]",,,3,,,71,0.5,free,19,1.0,0.0,22,,0,,,12,ordinary,7,full_coverage_and_all_discovered_cleared,123,3091.798214,,,True,0.02898733300389722
13,0,True,0,0,0,0,0,clustered__adversarial-spatial__71,clustered__adversarial-spatial,10,2,,19,12,152,1.0,,,arc,0,0.02905399999999858,,12,,2,9,False,,,,,False,,0,0,,0,0,,,,131,service_locked1_area7,,,[],136,11163.296566983423,0,71.3048865631477,0.0,10,,,,257.7216095,"[1, 2, 4, 5, 7, 9, 10, 13, 17, 18, 19, 20]",,,3,,,71,0.5,locked,19,1.0,0.0,22,,0,,,12,ordinary,7,full_coverage_and_all_discovered_cleared,124,3092.659314,,,True,0.029083666973747313
22,0,True,0,0,0,0,0,boundary_min__n10__positive,boundary_min,10,0,,20,10,168,1.0,,,base,0,0.026657000000000153,,10,,0,10,False,,,,,False,,0,0,,17,0,,,,146,range_area7,,,[],,17223.522301845136,0,91.05337512648231,0.0,10,,,,438.5704463,"[2, 6, 13, 14, 15, 16, 17, 18, 19, 20]",,,3,,,242,1.0,,,,,9,,0,,,10,stress,7,full_coverage_and_all_discovered_cleared,131,4385.704463,,,True,0.026686750003136694
22,0,True,0,0,0,0,0,boundary_min__n10__positive,boundary_min,10,0,,20,10,168,1.0,,,arc,0,0.02719299999999869,,10,,0,10,False,,,,,False,,0,0,,0,0,,,,146,service_free0_area7,,,[],0,17223.522301845136,0,91.05337512648231,0.0,10,,,,438.5704463,"[2, 6, 13, 14, 15, 16, 17, 18, 19, 20]",,,3,,,242,0.5,free,17,0.0,0.0,9,,0,,,10,stress,7,full_coverage_and_all_discovered_cleared,131,4385.704463,,,True,0.027217458991799504
22,0,True,0,0,0,0,0,boundary_min__n10__positive,boundary_min,10,0,,20,10,168,1.0,,,arc,0,0.027752999999998806,,10,,0,10,False,,,,,False,,0,0,,0,0,,,,146,service_free1_area7,,,[],14,17223.522301845136,0,91.05337512648231,0.0,10,,,,438.5704463,"[2, 6, 13, 14, 15, 16, 17, 18, 19, 20]",,,3,,,242,0.5,free,17,1.0,0.0,9,,0,,,10,stress,7,full_coverage_and_all_discovered_cleared,131,4385.704463,,,True,0.027763749996665865
18,0,True,0,0,0,0,0,boundary_min__n10__positive,boundary_min,10,0,,20,10,159,1.0,,,arc,0,0.02413499999999935,,10,,0,10,False,,,,,False,,0,0,,0,0,,,,137,service_locked1_area7,,,[],15,16270.338650856074,0,64.84469337092868,0.0,10,,,,414.7067727,"[2, 6, 13, 14, 15, 16, 17, 18, 19, 20]",,,3,,,242,0.5,locked,17,1.0,0.0,6,,0,,,10,stress,7,full_coverage_and_all_discovered_cleared,128,4147.067727,,,True,0.024134833016432822
18,0,True,0,0,0,0,0,boundary_min__n10__negative,boundary_min,10,0,,18,10,163,1.0,,,base,0,0.023144000000000275,,10,,0,8,False,,,,,False,,0,0,,17,0,,,,143,range_area7,,,[],,17183.640130266478,0,69.04815703738737,0.0,10,,,,435.67280280000006,"[2, 6, 13, 14, 15, 16, 17, 18, 19, 20]",,,3,,,243,1.0,,,,,10,,0,,,10,stress,7,full_coverage_and_all_discovered_cleared,131,4356.728028,,,True,0.0231475830078125
18,0,True,0,0,0,0,0,boundary_min__n10__negative,boundary_min,10,0,,18,10,163,1.0,,,arc,0,0.02427799999999891,,10,,0,8,False,,,,,False,,0,0,,0,0,,,,143,service_free0_area7,,,[],0,17183.640130266478,0,69.04815703738737,0.0,10,,,,435.67280280000006,"[2, 6, 13, 14, 15, 16, 17, 18, 19, 20]",,,3,,,243,0.5,free,17,0.0,0.0,10,,0,,,10,stress,7,full_coverage_and_all_discovered_cleared,131,4356.728028,,,True,0.024340458039660007
18,0,True,0,0,0,0,0,boundary_min__n10__negative,boundary_min,10,0,,18,10,163,1.0,,,arc,0,0.024490999999999374,,10,,0,8,False,,,,,False,,0,0,,0,0,,,,143,service_free1_area7,,,[],14,17183.640130266478,0,69.04815703738737,0.0,10,,,,435.67280280000006,"[2, 6, 13, 14, 15, 16, 17, 18, 19, 20]",,,3,,,243,0.5,free,17,1.0,0.0,10,,0,,,10,stress,7,full_coverage_and_all_discovered_cleared,131,4356.728028,,,True,0.02451716596260667
20,0,True,0,0,0,0,0,boundary_min__n10__negative,boundary_min,10,0,,18,10,161,1.0,,,arc,0,0.027205000000000368,,10,,0,8,False,,,,,False,,0,0,,0,0,,,,141,service_locked1_area7,,,[],15,16345.637747793595,0,88.20833074063503,0.0,10,,,,417.6127553,"[2, 6, 13, 14, 15, 16, 17, 18, 19, 20]",,,3,,,243,0.5,locked,17,1.0,0.0,8,,0,,,10,stress,7,full_coverage_and_all_discovered_cleared,128,4176.127553,,,True,0.027213332999963313
18,0,True,0,0,0,0,0,boundary_min__n10__spatial,boundary_min,10,0,,17,10,160,1.0,,,base,0,0.024347999999999814,,10,,0,7,False,,,,,False,,0,0,,17,0,,,,141,range_area7,,,[],,17209.82737122045,0,107.25357370587147,0.0,10,,,,434.5965476,"[2, 6, 13, 14, 15, 16, 17, 18, 19, 20]",,,3,,,244,1.0,,,,,8,,0,,,10,stress,7,full_coverage_and_all_discovered_cleared,128,4345.965476,,,True,0.02435204095672816
18,0,True,0,0,0,0,0,boundary_min__n10__spatial,boundary_min,10,0,,17,10,160,1.0,,,arc,0,0.024835000000001273,,10,,0,7,False,,,,,False,,0,0,,0,0,,,,141,service_free0_area7,,,[],0,17209.82737122045,0,107.25357370587147,0.0,10,,,,434.5965476,"[2, 6, 13, 14, 15, 16, 17, 18, 19, 20]",,,3,,,244,0.5,free,17,0.0,0.0,8,,0,,,10,stress,7,full_coverage_and_all_discovered_cleared,128,4345.965476,,,True,0.024852417001966387
18,0,True,0,0,0,0,0,boundary_min__n10__spatial,boundary_min,10,0,,17,10,160,1.0,,,arc,0,0.02491600000000105,,10,,0,7,False,,,,,False,,0,0,,0,0,,,,141,service_free1_area7,,,[],13,17209.82737122045,0,107.25357370587147,0.0,10,,,,434.5965476,"[2, 6, 13, 14, 15, 16, 17, 18, 19, 20]",,,3,,,244,0.5,free,17,1.0,0.0,8,,0,,,10,stress,7,full_coverage_and_all_discovered_cleared,128,4345.965476,,,True,0.024952333013061434
21,0,True,0,0,0,0,0,boundary_min__n10__spatial,boundary_min,10,0,,18,10,164,1.0,,,arc,0,0.028264000000000067,,10,,0,8,False,,,,,False,,0,0,,0,0,,,,144,service_locked1_area7,,,[],14,16375.926316972276,0,136.2308129062458,0.0,10,,,,420.0185263,"[2, 6, 13, 14, 15, 16, 17, 18, 19, 20]",,,3,,,244,0.5,locked,17,1.0,0.0,10,,0,,,10,stress,7,full_coverage_and_all_discovered_cleared,131,4200.185263,,,True,0.028338083997368813
16,0,True,0,0,0,0,0,boundary_min__n16__positive,boundary_min,11,0,,26,16,163,1.0,,,base,0,0.028598000000000567,,16,,5,15,False,,,,,False,,0,0,,23,0,,,,135,range_area7,,,[],,18842.882165616586,0,78.13788411083866,0.0,11,,,,292.411026875,"[1, 2, 3, 5, 6, 7, 9, 10, 11, 12, 13, 14, 16, 18, 19, 20]",,,3,,,245,1.0,,,,,22,,0,,,16,stress,7,public_upper_bound_16,125,4678.57643,,,True,0.028618875017855316
16,0,True,0,0,0,0,0,boundary_min__n16__positive,boundary_min,11,0,,26,16,163,1.0,,,arc,0,0.029586999999999364,,16,,5,15,False,,,,,False,,0,0,,0,0,,,,135,service_free0_area7,,,[],0,18842.882165616586,0,78.13788411083866,0.0,11,,,,292.411026875,"[1, 2, 3, 5, 6, 7, 9, 10, 11, 12, 13, 14, 16, 18, 19, 20]",,,3,,,245,0.5,free,23,0.0,0.0,22,,0,,,16,stress,7,public_upper_bound_16,125,4678.57643,,,True,0.029618125001434237
16,0,True,0,0,0,0,0,boundary_min__n16__positive,boundary_min,11,0,,26,16,163,1.0,,,arc,0,0.029093000000001368,,16,,5,15,False,,,,,False,,0,0,,0,0,,,,135,service_free1_area7,,,[],31,18842.882165616586,0,78.13788411083866,0.0,11,,,,292.411026875,"[1, 2, 3, 5, 6, 7, 9, 10, 11, 12, 13, 14, 16, 18, 19, 20]",,,3,,,245,0.5,free,23,1.0,0.0,22,,0,,,16,stress,7,public_upper_bound_16,125,4678.57643,,,True,0.02911641600076109
16,0,True,0,0,0,0,0,boundary_min__n16__positive,boundary_min,11,0,,26,16,163,1.0,,,arc,0,0.02985900000000008,,16,,5,15,False,,,,,False,,0,0,,0,0,,,,135,service_locked1_area7,,,[],31,18842.882165616586,0,78.13788411083866,0.0,11,,,,292.411026875,"[1, 2, 3, 5, 6, 7, 9, 10, 11, 12, 13, 14, 16, 18, 19, 20]",,,3,,,245,0.5,locked,23,1.0,0.0,22,,0,,,16,stress,7,public_upper_bound_16,125,4678.57643,,,True,0.029874541040044278
17,0,True,0,0,0,0,0,boundary_min__n16__negative,boundary_min,12,0,,24,16,163,1.0,,,base,0,0.03157299999999985,,16,,4,12,False,,,,,False,,0,0,,23,0,,,,137,range_area7,,,[],,18950.724990265524,0,96.03611370364278,0.0,12,,,,294.0090623125,"[1, 2, 3, 5, 6, 7, 9, 10, 11, 12, 13, 14, 16, 18, 19, 20]",,,3,,,246,1.0,,,,,23,,0,,,16,stress,7,public_upper_bound_16,125,4704.144997,,,True,0.03163887502159923
17,0,True,0,0,0,0,0,boundary_min__n16__negative,boundary_min,12,0,,24,16,163,1.0,,,arc,0,0.03203500000000048,,16,,4,12,False,,,,,False,,0,0,,0,0,,,,137,service_free0_area7,,,[],0,18950.724990265524,0,96.03611370364278,0.0,12,,,,294.0090623125,"[1, 2, 3, 5, 6, 7, 9, 10, 11, 12, 13, 14, 16, 18, 19, 20]",,,3,,,246,0.5,free,23,0.0,0.0,23,,0,,,16,stress,7,public_upper_bound_16,125,4704.144997,,,True,0.03205216699279845
17,0,True,0,0,0,0,0,boundary_min__n16__negative,boundary_min,12,0,,24,16,163,1.0,,,arc,0,0.03308400000000056,,16,,4,12,False,,,,,False,,0,0,,0,0,,,,137,service_free1_area7,,,[],28,18950.724990265524,0,96.03611370364278,0.0,12,,,,294.0090623125,"[1, 2, 3, 5, 6, 7, 9, 10, 11, 12, 13, 14, 16, 18, 19, 20]",,,3,,,246,0.5,free,23,1.0,0.0,23,,0,,,16,stress,7,public_upper_bound_16,125,4704.144997,,,True,0.03309370798524469
17,0,True,0,0,0,0,0,boundary_min__n16__negative,boundary_min,12,0,,24,16,163,1.0,,,arc,0,0.03359700000000032,,16,,4,12,False,,,,,False,,0,0,,0,0,,,,137,service_locked1_area7,,,[],28,18950.724990265524,0,96.03611370364278,0.0,12,,,,294.0090623125,"[1, 2, 3, 5, 6, 7, 9, 10, 11, 12, 13, 14, 16, 18, 19, 20]",,,3,,,246,0.5,locked,23,1.0,0.0,23,,0,,,16,stress,7,public_upper_bound_16,125,4704.144997,,,True,0.03360883303685114
16,0,True,0,0,0,0,0,boundary_min__n16__spatial,boundary_min,14,0,,24,16,160,1.0,,,base,0,0.02933899999999845,,16,,2,10,False,,,,,False,,0,0,,23,0,,,,134,range_area7,,,[],,18890.778740534148,0,171.08333705979226,0.0,14,,,,292.3222343125,"[1, 2, 3, 5, 6, 7, 9, 10, 11, 12, 13, 14, 16, 18, 19, 20]",,,3,,,247,1.0,,,,,21,,0,,,16,stress,7,public_upper_bound_16,125,4677.155749,,,True,0.02937841700622812
16,0,True,0,0,0,0,0,boundary_min__n16__spatial,boundary_min,14,0,,24,16,160,1.0,,,arc,0,0.02967699999999951,,16,,2,10,False,,,,,False,,0,0,,0,0,,,,134,service_free0_area7,,,[],0,18890.778740534148,0,171.08333705979226,0.0,14,,,,292.3222343125,"[1, 2, 3, 5, 6, 7, 9, 10, 11, 12, 13, 14, 16, 18, 19, 20]",,,3,,,247,0.5,free,23,0.0,0.0,21,,0,,,16,stress,7,public_upper_bound_16,125,4677.155749,,,True,0.029688083042856306
16,0,True,0,0,0,0,0,boundary_min__n16__spatial,boundary_min,14,0,,24,16,160,1.0,,,arc,0,0.030465000000001297,,16,,2,10,False,,,,,False,,0,0,,0,0,,,,134,service_free1_area7,,,[],28,18890.778740534148,0,171.08333705979226,0.0,14,,,,292.3222343125,"[1, 2, 3, 5, 6, 7, 9, 10, 11, 12, 13, 14, 16, 18, 19, 20]",,,3,,,247,0.5,free,23,1.0,0.0,21,,0,,,16,stress,7,public_upper_bound_16,125,4677.155749,,,True,0.030496416962705553
16,0,True,0,0,0,0,0,boundary_min__n16__spatial,boundary_min,14,0,,24,16,160,1.0,,,arc,0,0.03087899999999877,,16,,2,10,False,,,,,False,,0,0,,0,0,,,,134,service_locked1_area7,,,[],28,18890.778740534148,0,171.08333705979226,0.0,14,,,,292.3222343125,"[1, 2, 3, 5, 6, 7, 9, 10, 11, 12, 13, 14, 16, 18, 19, 20]",,,3,,,247,0.5,locked,23,1.0,0.0,21,,0,,,16,stress,7,public_upper_bound_16,125,4677.155749,,,True,0.030892375041730702
8,0,True,0,0,0,0,0,near_collinear_min__n10__positive,near_collinear_min,7,0,,14,10,135,1.0,,,base,0,0.019130000000000535,,10,,3,7,False,,,,,False,,0,0,,17,0,,,,119,range_area7,,,[],,13301.486813087642,0,89.88031749056242,0.0,7,,,,343.0297364,"[4, 6, 10, 12, 14, 15, 16, 17, 18, 20]",,,3,,,248,1.0,,,,,2,,0,,,10,stress,7,full_coverage_and_all_discovered_cleared,113,3430.297364,,,True,0.0191402499913238
8,0,True,0,0,0,0,0,near_collinear_min__n10__positive,near_collinear_min,7,0,,14,10,135,1.0,,,arc,0,0.0200699999999987,,10,,3,7,False,,,,,False,,0,0,,0,0,,,,119,service_free0_area7,,,[],0,13301.486813087642,0,89.88031749056242,0.0,7,,,,343.0297364,"[4, 6, 10, 12, 14, 15, 16, 17, 18, 20]",,,3,,,248,0.5,free,17,0.0,0.0,2,,0,,,10,stress,7,full_coverage_and_all_discovered_cleared,113,3430.297364,,,True,0.02007012499962002
7,0,True,0,0,0,0,0,near_collinear_min__n10__positive,near_collinear_min,7,0,,13,10,119,1.0,,,arc,0,0.019128000000000256,,10,,3,6,False,,,,,False,,0,0,,0,0,,,,104,service_free1_area7,,,[],122,12232.097561934454,0,59.09329622106153,0.0,7,,,,312.3419512,"[4, 6, 10, 12, 14, 15, 16, 17, 18, 20]",,,3,,,248,0.5,free,17,1.0,0.0,6,,0,,,10,stress,7,full_coverage_and_all_discovered_cleared,98,3123.419512,,,True,0.01917195797432214
7,0,True,0,0,0,0,0,near_collinear_min__n10__positive,near_collinear_min,7,0,,13,10,129,1.0,,,arc,0,0.020827000000000595,,10,,3,6,False,,,,,False,,0,0,,0,0,,,,114,service_locked1_area7,,,[],185,11685.527748244602,0,88.2140242888537,0.0,7,,,,307.310555,"[4, 6, 10, 12, 14, 15, 16, 17, 18, 20]",,,3,,,248,0.5,locked,17,1.0,0.0,4,,1,,,10,stress,7,full_coverage_and_all_discovered_cleared,107,3073.10555,,,True,0.02082704199710861
9,0,True,0,0,0,0,0,near_collinear_min__n10__negative,near_collinear_min,8,0,,15,10,133,1.0,,,base,0,0.018682000000000087,,10,,2,7,False,,,,,False,,0,0,,17,0,,,,116,range_area7,,,[],,11594.878696216028,0,77.351587588916,0.0,8,,,,307.39757410000004,"[4, 6, 10, 12, 14, 15, 16, 17, 18, 20]",,,3,,,249,1.0,,,,,4,,0,,,10,stress,7,full_coverage_and_all_discovered_cleared,110,3073.975741,,,True,0.018689415999688208
9,0,True,0,0,0,0,0,near_collinear_min__n10__negative,near_collinear_min,8,0,,15,10,133,1.0,,,arc,0,0.019803999999998823,,10,,2,7,False,,,,,False,,0,0,,0,0,,,,116,service_free0_area7,,,[],0,11594.878696216028,0,77.351587588916,0.0,8,,,,307.39757410000004,"[4, 6, 10, 12, 14, 15, 16, 17, 18, 20]",,,3,,,249,0.5,free,17,0.0,0.0,4,,0,,,10,stress,7,full_coverage_and_all_discovered_cleared,110,3073.975741,,,True,0.019810291996691376
9,0,True,0,0,0,0,0,near_collinear_min__n10__negative,near_collinear_min,8,0,,15,10,133,1.0,,,arc,0,0.021743999999999986,,10,,2,7,False,,,,,False,,0,0,,0,0,,,,116,service_free1_area7,,,[],194,11594.878696216028,0,77.351587588916,0.0,8,,,,307.39757410000004,"[4, 6, 10, 12, 14, 15, 16, 17, 18, 20]",,,3,,,249,0.5,free,17,1.0,0.0,4,,0,,,10,stress,7,full_coverage_and_all_discovered_cleared,110,3073.975741,,,True,0.021744124998804182
8,0,True,0,0,0,0,0,near_collinear_min__n10__negative,near_collinear_min,8,0,,14,10,131,1.0,,,arc,0,0.021286999999999168,,10,,2,6,False,,,,,False,,0,0,,0,0,,,,115,service_locked1_area7,,,[],185,11575.81524441126,0,96.12042962951335,0.0,8,,,,306.1163051,"[4, 6, 10, 12, 14, 15, 16, 17, 18, 20]",,,3,,,249,0.5,locked,17,1.0,0.0,4,,1,,,10,stress,7,full_coverage_and_all_discovered_cleared,109,3061.163051,,,True,0.021291958051733673
10,0,True,0,0,0,0,0,near_collinear_min__n10__spatial,near_collinear_min,8,0,,17,10,146,1.0,,,base,0,0.02074100000000101,,10,,2,9,False,,,,,False,,0,0,,17,0,,,,127,range_area7,,,[],,11825.774325475111,0,85.07322844594901,0.0,8,,,,318.8154867,"[4, 6, 10, 12, 14, 15, 16, 17, 18, 20]",,,3,,,250,1.0,,,,,12,,0,,,10,stress,7,full_coverage_and_all_discovered_cleared,117,3188.154867,,,True,0.02076245896751061
10,0,True,0,0,0,0,0,near_collinear_min__n10__spatial,near_collinear_min,8,0,,17,10,146,1.0,,,arc,0,0.020701999999999998,,10,,2,9,False,,,,,False,,0,0,,0,0,,,,127,service_free0_area7,,,[],0,11825.774325475111,0,85.07322844594901,0.0,8,,,,318.8154867,"[4, 6, 10, 12, 14, 15, 16, 17, 18, 20]",,,3,,,250,0.5,free,17,0.0,0.0,12,,0,,,10,stress,7,full_coverage_and_all_discovered_cleared,117,3188.154867,,,True,0.020742124994285405
6,0,True,0,0,0,0,0,near_collinear_min__n10__spatial,near_collinear_min,7,0,,12,10,117,1.0,,,arc,0,0.018321999999999505,,10,,3,5,False,,,,,False,,0,0,,0,0,,,,103,service_free1_area7,,,[],122,12352.913895774731,0,60.22916432912233,0.0,7,,,,313.958278,"[4, 6, 10, 12, 14, 15, 16, 17, 18, 20]",,,3,,,250,0.5,free,17,1.0,0.0,6,,0,,,10,stress,7,full_coverage_and_all_discovered_cleared,98,3139.58278,,,True,0.018330583989154547
8,0,True,0,0,0,0,0,near_collinear_min__n10__spatial,near_collinear_min,8,0,,14,10,131,1.0,,,arc,0,0.021270999999998708,,10,,2,6,False,,,,,False,,0,0,,0,0,,,,115,service_locked1_area7,,,[],194,11661.375408402551,0,82.69557153370494,0.0,8,,,,307.8275084,"[4, 6, 10, 12, 14, 15, 16, 17, 18, 20]",,,3,,,250,0.5,locked,17,1.0,0.0,4,,0,,,10,stress,7,full_coverage_and_all_discovered_cleared,109,3078.275084,,,True,0.02128508302848786
8,0,True,0,0,0,0,0,near_collinear_min__n16__positive,near_collinear_min,12,0,,20,16,116,1.0,,,base,0,0.026495999999999853,,16,,4,8,False,,,,,False,,0,0,,21,2,,,,94,range_area7,,,[],,9702.395095882584,0,113.40009602987374,0.0,12,,,,161.9674385625,"[1, 2, 3, 5, 7, 8, 11, 12, 13, 14, 15, 16, 17, 18, 19, 20]",,,3,,,251,1.0,,,,,10,,0,,,16,stress,5,public_upper_bound_16,89,2591.479017,,,True,0.026506084017455578
8,0,True,0,0,0,0,0,near_collinear_min__n16__positive,near_collinear_min,12,0,,20,16,116,1.0,,,arc,0,0.027737000000000123,,16,,4,8,False,,,,,False,,0,0,,0,2,,,,94,service_free0_area7,,,[],0,9702.395095882584,0,113.40009602987374,0.0,12,,,,161.9674385625,"[1, 2, 3, 5, 7, 8, 11, 12, 13, 14, 15, 16, 17, 18, 19, 20]",,,3,,,251,0.5,free,21,0.0,0.0,10,,0,,,16,stress,5,public_upper_bound_16,89,2591.479017,,,True,0.027760624943766743
10,0,True,0,0,0,0,0,near_collinear_min__n16__positive,near_collinear_min,9,0,,21,16,109,1.0,,,arc,0,0.027553999999998524,,16,,7,12,False,,,,,False,,0,0,,0,1,,,,86,service_free1_area7,,,[],200,13336.701301093994,0,51.198337440879094,0.0,9,,,,204.64626625,"[1, 2, 3, 5, 7, 8, 11, 12, 13, 14, 15, 16, 17, 18, 19, 20]",,,3,,,251,0.5,free,22,1.0,0.0,8,,4,,,16,stress,6,public_upper_bound_16,82,3274.34026,,,True,0.027575624990276992
7,0,True,0,0,0,0,0,near_collinear_min__n16__positive,near_collinear_min,12,0,,19,16,113,1.0,,,arc,0,0.0306519999999999,,16,,4,7,False,,,,,False,,0,0,,0,2,,,,92,service_locked1_area7,,,[],320,9873.040083889991,0,113.39155855264447,0.0,12,,,,163.163000875,"[1, 2, 3, 5, 7, 8, 11, 12, 13, 14, 15, 16, 17, 18, 19, 20]",,,3,,,251,0.5,locked,21,1.0,0.0,11,,1,,,16,stress,5,public_upper_bound_16,87,2610.608014,,,True,0.03070270799798891
11,0,True,0,0,0,0,0,near_collinear_min__n16__negative,near_collinear_min,14,0,,21,16,118,1.0,,,base,0,0.02831800000000051,,16,,2,7,False,,,,,False,,0,0,,21,2,,,,95,range_area7,,,[],,10696.66860033792,0,143.66742641183976,0.0,14,,,,174.8958575,"[1, 2, 3, 5, 7, 8, 11, 12, 13, 14, 15, 16, 17, 18, 19, 20]",,,3,,,252,1.0,,,,,12,,1,,,16,stress,5,public_upper_bound_16,89,2798.33372,,,True,0.02835129201412201
11,0,True,0,0,0,0,0,near_collinear_min__n16__negative,near_collinear_min,14,0,,21,16,118,1.0,,,arc,0,0.028523999999999106,,16,,2,7,False,,,,,False,,0,0,,0,2,,,,95,service_free0_area7,,,[],0,10696.66860033792,0,143.66742641183976,0.0,14,,,,174.8958575,"[1, 2, 3, 5, 7, 8, 11, 12, 13, 14, 15, 16, 17, 18, 19, 20]",,,3,,,252,0.5,free,21,0.0,0.0,12,,1,,,16,stress,5,public_upper_bound_16,89,2798.33372,,,True,0.02853866695659235
12,0,True,0,0,0,0,0,near_collinear_min__n16__negative,near_collinear_min,10,0,,21,16,112,1.0,,,arc,0,0.029995000000001326,,16,,6,11,False,,,,,False,,0,0,,0,1,,,,89,service_free1_area7,,,[],205,13484.177515398957,0,87.10257160438934,0.0,10,,,,207.4272188125,"[1, 2, 3, 5, 7, 8, 11, 12, 13, 14, 15, 16, 17, 18, 19, 20]",,,3,,,252,0.5,free,22,1.0,0.0,9,,4,,,16,stress,6,public_upper_bound_16,82,3318.835501,,,True,0.030004624975845218
11,0,True,0,0,0,0,0,near_collinear_min__n16__negative,near_collinear_min,14,0,,21,16,118,1.0,,,arc,0,0.03235499999999902,,16,,2,7,False,,,,,False,,0,0,,0,2,,,,95,service_locked1_area7,,,[],290,10512.216898076676,0,145.52433022020006,0.0,14,,,,172.59021125,"[1, 2, 3, 5, 7, 8, 11, 12, 13, 14, 15, 16, 17, 18, 19, 20]",,,3,,,252,0.5,locked,21,1.0,0.0,12,,0,,,16,stress,5,public_upper_bound_16,89,2761.44338,,,True,0.032361584017053246
10,0,True,0,0,0,0,0,near_collinear_min__n16__spatial,near_collinear_min,11,0,,20,16,118,1.0,,,base,0,0.02872399999999864,,16,,5,9,False,,,,,False,,0,0,,21,2,,,,96,range_area7,,,[],,10721.405448544612,0,117.06617527853851,0.0,11,,,,175.2675681875,"[1, 2, 3, 5, 7, 8, 11, 12, 13, 14, 15, 16, 17, 18, 19, 20]",,,3,,,253,1.0,,,,,10,,0,,,16,stress,5,public_upper_bound_16,88,2804.281091,,,True,0.028925082995556295
10,0,True,0,0,0,0,0,near_collinear_min__n16__spatial,near_collinear_min,11,0,,20,16,118,1.0,,,arc,0,0.02849700000000155,,16,,5,9,False,,,,,False,,0,0,,0,2,,,,96,service_free0_area7,,,[],0,10721.405448544612,0,117.06617527853851,0.0,11,,,,175.2675681875,"[1, 2, 3, 5, 7, 8, 11, 12, 13, 14, 15, 16, 17, 18, 19, 20]",,,3,,,253,0.5,free,21,0.0,0.0,10,,0,,,16,stress,5,public_upper_bound_16,88,2804.281091,,,True,0.02852024999447167
10,0,True,0,0,0,0,0,near_collinear_min__n16__spatial,near_collinear_min,14,0,,21,16,117,1.0,,,arc,0,0.031512000000001095,,16,,2,7,False,,,,,False,,0,0,,0,2,,,,94,service_free1_area7,,,[],290,10434.885859438635,0,124.02860102189473,0.0,14,,,,171.2485734375,"[1, 2, 3, 5, 7, 8, 11, 12, 13, 14, 15, 16, 17, 18, 19, 20]",,,3,,,253,0.5,free,21,1.0,0.0,12,,0,,,16,stress,5,public_upper_bound_16,88,2739.977175,,,True,0.03151362499920651
9,0,True,0,0,0,0,0,near_collinear_min__n16__spatial,near_collinear_min,11,0,,19,16,114,1.0,,,arc,0,0.030764000000001346,,16,,5,8,False,,,,,False,,0,0,,0,2,,,,93,service_locked1_area7,,,[],290,10515.637464723384,0,123.35127129963541,0.0,11,,,,171.44546825,"[1, 2, 3, 5, 7, 8, 11, 12, 13, 14, 15, 16, 17, 18, 19, 20]",,,3,,,253,0.5,locked,21,1.0,0.0,12,,0,,,16,stress,5,public_upper_bound_16,86,2743.127492,,,True,0.03077825001673773
4,0,True,0,0,0,0,0,unknown_count_late__n10__positive,unknown_count_late,8,0,,12,10,110,1.0,,,base,0,0.015504999999999214,,10,,2,4,False,,,,,False,,0,0,,17,0,,,,96,range_area7,,,[],,10390.23806299752,0,57.8140597818647,0.0,8,,,,270.4047613,"[2, 3, 4, 5, 10, 11, 13, 14, 17, 20]",,,3,,,254,1.0,,,,,8,,0,,,10,stress,7,full_coverage_and_all_discovered_cleared,90,2704.047613,,,True,0.015515832987148315
4,0,True,0,0,0,0,0,unknown_count_late__n10__positive,unknown_count_late,8,0,,12,10,110,1.0,,,arc,0,0.01964399999999955,,10,,2,4,False,,,,,False,,0,0,,0,0,,,,96,service_free0_area7,,,[],0,10390.23806299752,0,57.8140597818647,0.0,8,,,,270.4047613,"[2, 3, 4, 5, 10, 11, 13, 14, 17, 20]",,,3,,,254,0.5,free,17,0.0,0.0,8,,0,,,10,stress,7,full_coverage_and_all_discovered_cleared,90,2704.047613,,,True,0.020241333986632526
7,0,True,0,0,0,0,0,unknown_count_late__n10__positive,unknown_count_late,8,0,,14,10,114,1.0,,,arc,0,0.019588999999999857,,10,,2,6,False,,,,,False,,0,0,,0,0,,,,98,service_free1_area7,,,[],175,11681.728382830608,0,41.17907276714805,0.0,8,,,,297.9345676,"[2, 3, 4, 5, 10, 11, 13, 14, 17, 20]",,,3,,,254,0.5,free,17,1.0,0.0,7,,0,,,10,stress,7,full_coverage_and_all_discovered_cleared,91,2979.345676,,,True,0.019697874959092587
2,0,True,0,0,0,0,0,unknown_count_late__n10__positive,unknown_count_late,9,0,,11,10,127,1.0,,,arc,0,0.02025399999999955,,10,,1,2,False,,,,,False,,0,0,,0,0,,,,114,service_locked1_area7,,,[],226,9728.757638787576,0,134.7715921648445,0.0,9,,,,267.6751528,"[2, 3, 4, 5, 10, 11, 13, 14, 17, 20]",,,3,,,254,0.5,locked,17,1.0,0.0,13,,0,,,10,stress,7,full_coverage_and_all_discovered_cleared,108,2676.751528,,,True,0.020376999978907406
4,0,True,0,0,0,0,0,unknown_count_late__n10__negative,unknown_count_late,8,0,,11,10,109,1.0,,,base,0,0.015918000000000987,,10,,2,3,False,,,,,False,,0,0,,17,0,,,,96,range_area7,,,[],,10381.240417466588,0,60.247637476692056,0.0,8,,,,269.9248083,"[2, 3, 4, 5, 10, 11, 13, 14, 17, 20]",,,3,,,255,1.0,,,,,8,,0,,,10,stress,7,full_coverage_and_all_discovered_cleared,90,2699.248083,,,True,0.015918666031211615
4,0,True,0,0,0,0,0,unknown_count_late__n10__negative,unknown_count_late,8,0,,11,10,109,1.0,,,arc,0,0.016463999999999146,,10,,2,3,False,,,,,False,,0,0,,0,0,,,,96,service_free0_area7,,,[],0,10381.240417466588,0,60.247637476692056,0.0,8,,,,269.9248083,"[2, 3, 4, 5, 10, 11, 13, 14, 17, 20]",,,3,,,255,0.5,free,17,0.0,0.0,8,,0,,,10,stress,7,full_coverage_and_all_discovered_cleared,90,2699.248083,,,True,0.016473792027682066
4,0,True,0,0,0,0,0,unknown_count_late__n10__negative,unknown_count_late,8,0,,11,10,109,1.0,,,arc,0,0.01750700000000016,,10,,2,3,False,,,,,False,,0,0,,0,0,,,,96,service_free1_area7,,,[],157,10381.240417466588,0,60.247637476692056,0.0,8,,,,269.9248083,"[2, 3, 4, 5, 10, 11, 13, 14, 17, 20]",,,3,,,255,0.5,free,17,1.0,0.0,8,,0,,,10,stress,7,full_coverage_and_all_discovered_cleared,90,2699.248083,,,True,0.01750649994937703
7,0,True,0,0,0,0,0,unknown_count_late__n10__negative,unknown_count_late,10,0,,14,10,126,1.0,,,arc,0,0.02168800000000104,,10,,0,4,False,,,,,False,,0,0,,0,0,,,,110,service_locked1_area7,,,[],260,11316.60814938345,0,97.18504521591555,0.0,10,,,,297.9321629,"[2, 3, 4, 5, 10, 11, 13, 14, 17, 20]",,,3,,,255,0.5,locked,17,1.0,0.0,10,,0,,,10,stress,7,full_coverage_and_all_discovered_cleared,104,2979.321629,,,True,0.02169491699896753
5,0,True,0,0,0,0,0,unknown_count_late__n10__spatial,unknown_count_late,9,0,,12,10,111,1.0,,,base,0,0.01655099999999976,,10,,1,3,False,,,,,False,,0,0,,17,0,,,,97,range_area7,,,[],,10460.933310005672,0,80.09491032635631,0.0,9,,,,272.4186661,"[2, 3, 4, 5, 10, 11, 13, 14, 17, 20]",,,3,,,256,1.0,,,,,8,,0,,,10,stress,7,full_coverage_and_all_discovered_cleared,91,2724.186661,,,True,0.016550791973713785
5,0,True,0,0,0,0,0,unknown_count_late__n10__spatial,unknown_count_late,9,0,,12,10,111,1.0,,,arc,0,0.016807999999999268,,10,,1,3,False,,,,,False,,0,0,,0,0,,,,97,service_free0_area7,,,[],0,10460.933310005672,0,80.09491032635631,0.0,9,,,,272.4186661,"[2, 3, 4, 5, 10, 11, 13, 14, 17, 20]",,,3,,,256,0.5,free,17,0.0,0.0,8,,0,,,10,stress,7,full_coverage_and_all_discovered_cleared,91,2724.186661,,,True,0.01684295799350366
5,0,True,0,0,0,0,0,unknown_count_late__n10__spatial,unknown_count_late,9,0,,12,10,111,1.0,,,arc,0,0.017827999999999733,,10,,1,3,False,,,,,False,,0,0,,0,0,,,,97,service_free1_area7,,,[],127,10460.933310005672,0,80.09491032635631,0.0,9,,,,272.4186661,"[2, 3, 4, 5, 10, 11, 13, 14, 17, 20]",,,3,,,256,0.5,free,17,1.0,0.0,8,,0,,,10,stress,7,full_coverage_and_all_discovered_cleared,91,2724.186661,,,True,0.017834500002209097
5,0,True,0,0,0,0,0,unknown_count_late__n10__spatial,unknown_count_late,9,0,,12,10,122,1.0,,,arc,0,0.020542999999999978,,10,,1,3,False,,,,,False,,0,0,,0,0,,,,108,service_locked1_area7,,,[],275,11436.191867631676,0,98.68124457232048,0.0,9,,,,298.5238375,"[2, 3, 4, 5, 10, 11, 13, 14, 17, 20]",,,3,,,256,0.5,locked,17,1.0,0.0,10,,0,,,10,stress,7,full_coverage_and_all_discovered_cleared,102,2985.238375,,,True,0.020544041006360203
4,0,True,0,0,0,0,0,unknown_count_late__n16__positive,unknown_count_late,13,0,,18,16,86,1.0,,,base,0,0.023880000000000123,,16,,3,5,False,,,,,False,,0,0,,22,1,,,,66,range_area7,,,[],,9621.735770069714,0,131.52675032611273,0.0,13,,,,149.959197125,"[2, 3, 4, 5, 6, 8, 10, 11, 12, 13, 15, 16, 17, 18, 19, 20]",,,3,,,257,1.0,,,,,17,,0,,,16,stress,6,public_upper_bound_16,59,2399.347154,,,True,0.0238918749964796
4,0,True,0,0,0,0,0,unknown_count_late__n16__positive,unknown_count_late,13,0,,18,16,86,1.0,,,arc,0,0.024611999999999412,,16,,3,5,False,,,,,False,,0,0,,0,1,,,,66,service_free0_area7,,,[],0,9621.735770069714,0,131.52675032611273,0.0,13,,,,149.959197125,"[2, 3, 4, 5, 6, 8, 10, 11, 12, 13, 15, 16, 17, 18, 19, 20]",,,3,,,257,0.5,free,22,0.0,0.0,17,,0,,,16,stress,6,public_upper_bound_16,59,2399.347154,,,True,0.024612582987174392
4,0,True,0,0,0,0,0,unknown_count_late__n16__positive,unknown_count_late,13,0,,18,16,86,1.0,,,arc,0,0.027421999999999613,,16,,3,5,False,,,,,False,,0,0,,0,1,,,,66,service_free1_area7,,,[],330,9621.735770069714,0,131.52675032611273,0.0,13,,,,149.959197125,"[2, 3, 4, 5, 6, 8, 10, 11, 12, 13, 15, 16, 17, 18, 19, 20]",,,3,,,257,0.5,free,22,1.0,0.0,17,,0,,,16,stress,6,public_upper_bound_16,59,2399.347154,,,True,0.027434499992523342
5,0,True,0,0,0,0,0,unknown_count_late__n16__positive,unknown_count_late,13,0,,19,16,71,1.0,,,arc,0,0.027148000000000394,,16,,3,6,False,,,,,False,,0,0,,0,5,,,,50,service_locked1_area7,,,[],290,6518.095917334877,0,123.81722705218048,0.0,13,,,,105.476199,"[2, 3, 4, 5, 6, 8, 10, 11, 12, 13, 15, 16, 17, 18, 19, 20]",,,3,,,257,0.5,locked,18,1.0,0.0,17,,1,,,16,stress,2,public_upper_bound_16,45,1687.619184,,,True,0.027156707947142422
4,0,True,0,0,0,0,0,unknown_count_late__n16__negative,unknown_count_late,13,0,,18,16,104,1.0,,,base,0,0.02537200000000084,,16,,3,5,False,,,,,False,,0,0,,23,0,,,,84,range_area7,,,[],,10700.048470799113,0,121.02504997952575,0.0,13,,,,170.1256059375,"[2, 3, 4, 5, 6, 8, 10, 11, 12, 13, 15, 16, 17, 18, 19, 20]",,,3,,,258,1.0,,,,,15,,0,,,16,stress,7,public_upper_bound_16,76,2722.009695,,,True,0.02540637500351295
4,0,True,0,0,0,0,0,unknown_count_late__n16__negative,unknown_count_late,13,0,,18,16,104,1.0,,,arc,0,0.026832000000000633,,16,,3,5,False,,,,,False,,0,0,,0,0,,,,84,service_free0_area7,,,[],0,10700.048470799113,0,121.02504997952575,0.0,13,,,,170.1256059375,"[2, 3, 4, 5, 6, 8, 10, 11, 12, 13, 15, 16, 17, 18, 19, 20]",,,3,,,258,0.5,free,23,0.0,0.0,15,,0,,,16,stress,7,public_upper_bound_16,76,2722.009695,,,True,0.026870917004998773
6,0,True,0,0,0,0,0,unknown_count_late__n16__negative,unknown_count_late,14,0,,20,16,85,1.0,,,arc,0,0.02955299999999994,,16,,2,6,False,,,,,False,,0,0,,0,2,,,,63,service_free1_area7,,,[],292,8172.448740196053,0,109.5606825088487,0.0,14,,,,131.21810925,"[2, 3, 4, 5, 6, 8, 10, 11, 12, 13, 15, 16, 17, 18, 19, 20]",,,3,,,258,0.5,free,21,1.0,0.0,17,,0,,,16,stress,5,public_upper_bound_16,58,2099.489748,,,True,0.02956329198786989
5,0,True,0,0,0,0,0,unknown_count_late__n16__negative,unknown_count_late,14,0,,19,16,72,1.0,,,arc,0,0.027621999999999147,,16,,2,5,False,,,,,False,,0,0,,0,5,,,,51,service_locked1_area7,,,[],439,6536.9510601209,0,123.16990065006587,0.0,14,,,,106.21188825,"[2, 3, 4, 5, 6, 8, 10, 11, 12, 13, 15, 16, 17, 18, 19, 20]",,,3,,,258,0.5,locked,18,1.0,0.0,18,,1,,,16,stress,2,public_upper_bound_16,48,1699.390212,,,True,0.027621250017546117
6,0,True,0,0,0,0,0,unknown_count_late__n16__spatial,unknown_count_late,12,0,,19,16,78,1.0,,,base,0,0.02472599999999936,,16,,4,7,False,,,,,False,,0,0,,20,3,,,,57,range_area7,,,[],,7239.930163838877,0,125.63780758998033,0.0,12,,,,116.9366270625,"[2, 3, 4, 5, 6, 8, 10, 11, 12, 13, 15, 16, 17, 18, 19, 20]",,,3,,,259,1.0,,,,,16,,0,,,16,stress,4,public_upper_bound_16,49,1870.986033,,,True,0.024734416976571083
6,0,True,0,0,0,0,0,unknown_count_late__n16__spatial,unknown_count_late,12,0,,19,16,78,1.0,,,arc,0,0.02539600000000064,,16,,4,7,False,,,,,False,,0,0,,0,3,,,,57,service_free0_area7,,,[],0,7239.930163838877,0,125.63780758998033,0.0,12,,,,116.9366270625,"[2, 3, 4, 5, 6, 8, 10, 11, 12, 13, 15, 16, 17, 18, 19, 20]",,,3,,,259,0.5,free,20,0.0,0.0,16,,0,,,16,stress,4,public_upper_bound_16,49,1870.986033,,,True,0.025474583031609654
7,0,True,0,0,0,0,0,unknown_count_late__n16__spatial,unknown_count_late,14,0,,20,16,84,1.0,,,arc,0,0.028852999999999795,,16,,2,6,False,,,,,False,,0,0,,0,2,,,,62,service_free1_area7,,,[],239,7957.825780555384,0,123.96952465770114,0.0,14,,,,128.0353221875,"[2, 3, 4, 5, 6, 8, 10, 11, 12, 13, 15, 16, 17, 18, 19, 20]",,,3,,,259,0.5,free,21,1.0,0.0,15,,0,,,16,stress,5,public_upper_bound_16,55,2048.565155,,,True,0.028854709002189338
8,0,True,0,0,0,0,0,unknown_count_late__n16__spatial,unknown_count_late,15,0,,20,16,71,1.0,,,arc,0,0.02982699999999916,,16,,1,5,False,,,,,False,,0,0,,0,5,,,,49,service_locked1_area7,,,[],206,6598.699556889157,0,158.0747653619444,0.0,15,,,,106.358744375,"[2, 3, 4, 5, 6, 8, 10, 11, 12, 13, 15, 16, 17, 18, 19, 20]",,,3,,,259,0.5,locked,18,1.0,0.0,15,,3,,,16,stress,2,public_upper_bound_16,45,1701.73991,,,True,0.02984091598773375
11,3,True,0,11,1,2,0,uniform__iid__67,uniform__iid,9,27,,11,10,318,,bounded_transverse_width,,base,0,0.028868000000001004,,10,,0,0,,,,,,False,0,0,27,0,39,0,,4,3,305,range_grid21_29,,,[],,22024.77978216174,0,,0.0,,False,0,,626.3955954,"[4, 5, 7, 8, 9, 10, 14, 15, 18, 19]",,30.0,4,,,67,1.0,,,,,8,0,0,0,18,10,ordinary,21,full_coverage_and_all_discovered_cleared,281,6263.955954,40.0,constant,,0.02887354203267023
6,0,True,0,6,1,1,0,uniform__iid__67,uniform__iid,9,44,,10,10,317,,bounded_transverse_width,,base,0,0.031169999999999476,,10,,0,0,,,,,,False,0,0,44,2,38,0,,2,2,305,range_convex22,,,[],,20972.215750037813,0,,0.0,,False,0,,605.2443147,"[4, 5, 7, 8, 9, 10, 14, 15, 18, 19]",,30.0,4,,,67,1.0,,,,,10,1,2,2,16,10,ordinary,22,full_coverage_and_all_discovered_cleared,283,6052.443147,40.0,constant,,0.0311837499612011
4,0,True,0,4,2,3,0,uniform__iid__67,uniform__iid,8,38,39,11,10,290,,bounded_transverse_width,,locked,35,0.03480799999999995,2,10,cached_distance_prefix_sum,0,0,,,39,0,37,True,0,0,39,1,0,0,8,2,2,277,count_locked_grid21_29,10,10,[],,20821.191360615136,0,,0.0,,False,0,327,586.1238271,"[4, 5, 7, 8, 9, 10, 14, 15, 18, 19]",1,30.0,4,0,0,67,1.0,,,,,12,0,6,1,14,10,ordinary,21,full_coverage_and_all_discovered_cleared,259,5861.238271,40.0,constant,,0.03490770800272003
15,5,True,0,15,1,2,0,uniform__iid__67,uniform__iid,9,14,,11,10,298,,bounded_transverse_width,,arc,0,0.034369999999999123,,10,,0,0,,,,,,False,0,0,14,5,0,0,,4,2,285,service_free0_grid21_29,,,[],0,21250.68735715228,0,,0.0,,False,0,,599.2137469,"[4, 5, 7, 8, 9, 10, 14, 15, 18, 19]",,30.0,4,,,67,0.5,free,41,0.0,0.0,14,5,11,5,20,10,ordinary,21,full_coverage_and_all_discovered_cleared,264,5992.137469,40.0,constant,,0.03439891699235886
16,5,True,0,16,0,1,0,uniform__iid__67,uniform__iid,10,9,,11,10,287,,bounded_transverse_width,,arc,0,0.04231499999999855,,10,,0,0,,,,,,False,0,0,9,5,0,0,,4,2,274,service_free1_grid21_29,,,[],633,21292.794846867353,0,,0.0,,False,0,,593.2558968000001,"[4, 5, 7, 8, 9, 10, 14, 15, 18, 19]",,30.0,4,,,67,0.5,free,42,1.0,0.0,10,4,11,5,21,10,ordinary,21,full_coverage_and_all_discovered_cleared,251,5932.558968,40.0,constant,,0.04232345800846815
12,2,True,0,12,2,2,0,uniform__iid__67,uniform__iid,8,22,,10,10,291,,bounded_transverse_width,,arc,0,0.038467000000000695,,10,,0,0,,,,,,False,0,0,22,4,0,0,,3,3,279,service_free2_grid21_29,,,[],827,20737.638423060147,0,,0.0,,False,0,,584.952768,"[4, 5, 7, 8, 9, 10, 14, 15, 18, 19]",,30.0,4,,,67,0.5,free,41,2.0,0.0,11,4,1,4,20,10,ordinary,21,full_coverage_and_all_discovered_cleared,257,5849.52768,40.0,constant,,0.038484749966301024
8,0,True,0,8,2,3,0,uniform__iid__67,uniform__iid,8,32,,11,10,292,,bounded_transverse_width,,arc,0,0.03902099999999997,,10,,0,0,,,,,,False,0,0,32,5,0,0,,2,2,279,service_locked0_grid21_29,,,[],0,21079.415295195853,0,,0.0,,False,0,,592.3883059,"[4, 5, 7, 8, 9, 10, 14, 15, 18, 19]",,30.0,4,,,67,0.5,locked,39,0.0,0.0,12,3,15,5,18,10,ordinary,21,full_coverage_and_all_discovered_cleared,260,5923.883059,40.0,constant,,0.03912125003989786
8,0,True,0,8,2,3,0,uniform__iid__67,uniform__iid,8,32,,11,10,292,,bounded_transverse_width,,arc,0,0.03956900000000019,,10,,0,0,,,,,,False,0,0,32,5,0,0,,2,2,279,service_locked1_grid21_29,,,[],685,21079.415295195853,0,,0.0,,False,0,,592.3883059,"[4, 5, 7, 8, 9, 10, 14, 15, 18, 19]",,30.0,4,,,67,0.5,locked,39,1.0,0.0,12,3,15,5,18,10,ordinary,21,full_coverage_and_all_discovered_cleared,260,5923.883059,40.0,constant,,0.03959912498248741
9,2,True,0,9,3,3,0,uniform__iid__67,uniform__iid,7,0,,10,10,267,,bounded_transverse_width,,arc,0,0.036878999999998996,,10,,0,0,,,,,,False,0,0,0,2,0,0,,4,3,255,service_soft20_grid21_29,,,[],295,22162.969184899346,0,,0.0,,False,0,,599.1593833,"[4, 5, 7, 8, 9, 10, 14, 15, 18, 19]",,30.0,4,,,67,0.5,free,38,1.0,20.0,10,0,7,2,17,10,ordinary,21,full_coverage_and_all_discovered_cleared,234,5991.593833,40.0,constant,,0.03689449996454641
7,0,True,0,7,3,3,0,uniform__iid__67,uniform__iid,7,7,,10,10,285,,bounded_transverse_width,,arc,0,0.03778100000000073,,10,,0,0,,,,,,False,0,0,7,3,0,0,,2,2,273,service_free1_convex22,,,[],384,21206.231920633538,0,,0.0,,False,0,,590.8246381,"[4, 5, 7, 8, 9, 10, 14, 15, 18, 19]",,30.0,4,,,67,0.5,free,39,1.0,0.0,12,2,21,3,17,10,ordinary,22,full_coverage_and_all_discovered_cleared,252,5908.246381,40.0,constant,,0.03780195803847164
9,1,True,0,9,2,2,0,uniform__iid__67,uniform__iid,8,17,,10,10,309,,bounded_transverse_width,,arc,0,0.034234999999998905,,10,,0,0,,,,,,False,0,0,17,4,0,0,,3,2,297,service_locked1_convex22,,,[],488,20794.52500835446,0,,0.0,,False,0,,597.1904999999999,"[4, 5, 7, 8, 9, 10, 14, 15, 18, 19]",,30.0,4,,,67,0.5,locked,40,1.0,0.0,8,4,6,4,18,10,ordinary,22,full_coverage_and_all_discovered_cleared,278,5971.905,40.0,constant,,0.034272666031029075
11,1,True,0,11,3,4,0,uniform__iid__68,uniform__iid,12,36,,16,15,290,,bounded_transverse_width,,base,0,0.04584200000000038,,15,,0,0,,,,,,False,0,0,36,3,46,0,,3,3,272,range_grid21_29,,,[],,23512.755759424366,0,,0.0,,False,0,,426.2367433333333,"[2, 4, 5, 6, 8, 9, 11, 12, 13, 14, 15, 16, 17, 19, 20]",,30.0,4,,,68,1.0,,,,,25,13,6,3,25,15,ordinary,21,full_coverage_and_all_discovered_cleared,253,6393.55115,40.0,constant,,0.045880124962423
15,3,True,0,15,3,3,1,uniform__iid__68,uniform__iid,12,38,,15,15,289,,bounded_transverse_width,,base,0,0.04669499999999971,,15,,0,0,,,,,,False,0,0,38,1,50,0,,4,3,272,range_convex22,,,[],,23284.201602154062,0,,0.0,,False,0,,422.5893545333333,"[2, 4, 5, 6, 8, 9, 11, 12, 13, 14, 15, 16, 17, 19, 20]",,30.0,4,,,68,1.0,,,,,20,17,11,1,28,15,ordinary,22,full_coverage_and_all_discovered_cleared,247,6338.840318,40.0,constant,,0.04671195795526728
8,0,True,0,8,2,3,0,uniform__iid__68,uniform__iid,13,37,40,16,15,259,,bounded_transverse_width,,locked,44,0.04778199999999977,6,15,cached_distance_prefix_sum,0,0,,,40,0,34,True,0,0,40,3,0,0,8,3,3,241,count_locked_grid21_29,5,5,[],,21723.868796007155,0,,0.0,,False,0,543,390.3849174,"[2, 4, 5, 6, 8, 9, 11, 12, 13, 14, 15, 16, 17, 19, 20]",3,30.0,4,0,0,68,1.0,,,,,29,6,0,3,23,15,ordinary,21,full_coverage_and_all_discovered_cleared,228,5855.773761,40.0,constant,,0.04783395800041035
12,0,True,0,12,2,2,0,uniform__iid__68,uniform__iid,13,27,,15,15,278,,bounded_transverse_width,,arc,0,0.048505999999999716,,15,,0,0,,,,,,False,0,0,27,7,0,0,,2,2,261,service_free0_grid21_29,,,[],0,22066.786540634763,0,,0.0,,False,0,,402.1571537333333,"[2, 4, 5, 6, 8, 9, 11, 12, 13, 14, 15, 16, 17, 19, 20]",,30.0,4,,,68,0.5,free,48,0.0,0.0,17,4,10,7,27,15,ordinary,21,full_coverage_and_all_discovered_cleared,239,6032.357306,40.0,constant,,0.048523042001761496
12,0,True,0,12,4,4,0,uniform__iid__68,uniform__iid,11,19,,15,15,264,,bounded_transverse_width,,arc,0,0.06683699999999959,,15,,0,0,,,,,,False,0,0,19,7,0,0,,2,2,247,service_free1_grid21_29,,,[],1496,23597.200045807047,0,,0.0,,False,0,,416.96266726666664,"[2, 4, 5, 6, 8, 9, 11, 12, 13, 14, 15, 16, 17, 19, 20]",,30.0,4,,,68,0.5,free,48,1.0,0.0,25,6,18,7,27,15,ordinary,21,full_coverage_and_all_discovered_cleared,225,6254.440009,40.0,constant,,0.06686608400195837
14,0,True,0,14,3,3,0,uniform__iid__68,uniform__iid,12,25,,15,15,258,,bounded_transverse_width,,arc,0,0.06597700000000017,,15,,0,0,,,,,,False,0,0,25,7,0,0,,2,2,241,service_free2_grid21_29,,,[],1525,22935.9775202946,0,,0.0,,False,0,,405.6797002,"[2, 4, 5, 6, 8, 9, 11, 12, 13, 14, 15, 16, 17, 19, 20]",,30.0,4,,,68,0.5,free,50,2.0,0.0,23,5,4,7,29,15,ordinary,21,full_coverage_and_all_discovered_cleared,218,6085.195503,40.0,constant,,0.06608383398270234
9,0,True,0,9,2,3,0,uniform__iid__68,uniform__iid,13,37,,16,15,263,,bounded_transverse_width,,arc,0,0.05212400000000095,,15,,0,0,,,,,,False,0,0,37,4,0,0,,3,3,245,service_locked0_grid21_29,,,[],0,21732.33774736796,0,,0.0,,False,0,,391.69783666666666,"[2, 4, 5, 6, 8, 9, 11, 12, 13, 14, 15, 16, 17, 19, 20]",,30.0,4,,,68,0.5,locked,45,0.0,0.0,29,6,0,4,24,15,ordinary,21,full_coverage_and_all_discovered_cleared,226,5875.46755,40.0,constant,,0.05214179097674787
12,1,True,0,12,2,2,0,uniform__iid__68,uniform__iid,13,41,,15,15,259,,bounded_transverse_width,,arc,0,0.05385799999999996,,15,,0,0,,,,,,False,0,0,41,6,0,0,,3,3,242,service_locked1_grid21_29,,,[],1350,22690.368668082545,0,,0.0,,False,0,,402.87158213333333,"[2, 4, 5, 6, 8, 9, 11, 12, 13, 14, 15, 16, 17, 19, 20]",,30.0,4,,,68,0.5,locked,47,1.0,0.0,28,5,0,6,26,15,ordinary,21,full_coverage_and_all_discovered_cleared,220,6043.073732,40.0,constant,,0.05394266697112471
13,0,True,0,13,5,6,0,uniform__iid__68,uniform__iid,10,12,,16,15,246,,bounded_transverse_width,,arc,0,0.058581000000000216,,15,,0,0,,,,,,False,0,0,12,6,0,0,,3,3,228,service_soft20_grid21_29,,,[],1143,25714.41631977852,0,,0.0,,False,0,,437.9255508,"[2, 4, 5, 6, 8, 9, 11, 12, 13, 14, 15, 16, 17, 19, 20]",,30.0,4,,,68,0.5,free,49,1.0,20.0,24,3,7,6,28,15,ordinary,21,full_coverage_and_all_discovered_cleared,208,6568.883262,40.0,constant,,0.058624584053177387
14,1,True,0,14,2,3,0,uniform__iid__68,uniform__iid,13,42,,16,15,271,,bounded_transverse_width,,arc,0,0.07021899999999981,,15,,0,0,,,,,,False,0,0,42,5,0,0,,3,2,253,service_free1_convex22,,,[],1580,22786.4981094768,0,,0.0,,False,0,,408.61997446666663,"[2, 4, 5, 6, 8, 9, 11, 12, 13, 14, 15, 16, 17, 19, 20]",,30.0,4,,,68,0.5,free,50,1.0,0.0,18,9,32,5,28,15,ordinary,22,full_coverage_and_all_discovered_cleared,229,6129.299617,40.0,constant,,0.07025787502061576
12,2,True,0,12,5,5,1,uniform__iid__68,uniform__iid,10,26,,15,15,239,,bounded_transverse_width,,arc,0,0.05023800000000023,,15,,0,0,,,,,,False,0,0,26,5,0,0,,3,3,222,service_locked1_convex22,,,[],1368,22584.724584345757,0,,0.0,,False,0,,393.46299426666667,"[2, 4, 5, 6, 8, 9, 11, 12, 13, 14, 15, 16, 17, 19, 20]",,30.0,4,,,68,0.5,locked,48,1.0,0.0,26,9,5,5,26,15,ordinary,22,full_coverage_and_all_discovered_cleared,200,5901.944914,40.0,constant,,0.05031233397312462
9,1,True,0,9,2,2,0,uniform__iid__69,uniform__iid,13,25,,15,15,234,,bounded_transverse_width,,base,0,0.04503500000000038,,15,,0,0,,,,,,False,0,0,25,1,44,0,,3,2,217,range_grid21_29,,,[],,24090.8017127615,0,,0.0,,False,0,,411.6106895333333,"[2, 3, 4, 5, 6, 7, 8, 9, 10, 11, 12, 13, 14, 16, 18]",,30.0,4,,,69,1.0,,,,,23,1,13,1,23,15,ordinary,21,full_coverage_and_all_discovered_cleared,196,6174.160343,40.0,constant,,0.04504937498131767
9,0,True,0,9,6,6,0,uniform__iid__69,uniform__iid,9,29,,15,15,237,,bounded_transverse_width,,base,0,0.05137200000000064,,15,,0,0,,,,,,False,0,0,29,2,46,0,,2,2,220,range_convex22,,,[],,21823.84216933692,0,,0.0,,False,0,,382.5845620666667,"[2, 3, 4, 5, 6, 7, 8, 9, 10, 11, 12, 13, 14, 16, 18]",,30.0,4,,,69,1.0,,,,,25,2,1,2,24,15,ordinary,22,full_coverage_and_all_discovered_cleared,199,5738.768431,40.0,constant,,0.051433041982818395
6,0,True,0,6,5,5,0,uniform__iid__69,uniform__iid,10,17,20,15,15,229,,bounded_transverse_width,,locked,42,0.04345700000000008,0,15,cached_distance_prefix_sum,0,0,,,20,0,20,True,0,0,20,1,0,0,8,2,2,212,count_locked_grid21_29,5,5,[],,22269.903051902424,0,,0.0,,False,0,267,385.3320404666667,"[2, 3, 4, 5, 6, 7, 8, 9, 10, 11, 12, 13, 14, 16, 18]",3,30.0,4,0,0,69,1.0,,,,,24,3,4,1,21,15,ordinary,21,full_coverage_and_all_discovered_cleared,191,5779.980607,40.0,constant,,0.04349995800293982
9,0,True,0,9,3,3,0,uniform__iid__69,uniform__iid,12,30,,15,15,256,,bounded_transverse_width,,arc,0,0.05170800000000142,,15,,0,0,,,,,,False,0,0,30,4,0,0,,2,2,239,service_free0_grid21_29,,,[],0,23784.292160654863,0,,0.0,,False,0,,416.19056206666664,"[2, 3, 4, 5, 6, 7, 8, 9, 10, 11, 12, 13, 14, 16, 18]",,30.0,4,,,69,0.5,free,45,0.0,0.0,22,3,29,4,24,15,ordinary,21,full_coverage_and_all_discovered_cleared,216,6242.858431,40.0,constant,,0.05176508298609406
13,0,True,0,13,3,3,0,uniform__iid__69,uniform__iid,12,9,,15,15,222,,bounded_transverse_width,,arc,0,0.06371299999999991,,15,,0,0,,,,,,False,0,0,9,6,0,0,,3,3,205,service_free1_grid21_29,,,[],970,22578.823326524547,0,,0.0,,False,0,,386.5176442,"[2, 3, 4, 5, 6, 7, 8, 9, 10, 11, 12, 13, 14, 16, 18]",,30.0,4,,,69,0.5,free,49,1.0,0.0,21,5,5,6,28,15,ordinary,21,full_coverage_and_all_discovered_cleared,182,5797.764663,40.0,constant,,0.06376204098341987
14,0,True,0,14,4,4,0,uniform__iid__69,uniform__iid,11,9,,15,15,221,,bounded_transverse_width,,arc,0,0.06524499999999911,,15,,0,0,,,,,,False,0,0,9,7,0,0,,3,3,204,service_free2_grid21_29,,,[],1031,22637.37222280631,0,,0.0,,False,0,,386.89829633333335,"[2, 3, 4, 5, 6, 7, 8, 9, 10, 11, 12, 13, 14, 16, 18]",,30.0,4,,,69,0.5,free,50,2.0,0.0,20,5,1,7,29,15,ordinary,21,full_coverage_and_all_discovered_cleared,181,5803.474445,40.0,constant,,0.06529129203408957
10,0,True,0,10,4,4,0,uniform__iid__69,uniform__iid,11,21,,15,15,227,,bounded_transverse_width,,arc,0,0.04808000000000057,,15,,0,0,,,,,,False,0,0,21,5,0,0,,2,2,210,service_locked0_grid21_29,,,[],0,22994.902566225912,0,,0.0,,False,0,,394.1320341333333,"[2, 3, 4, 5, 6, 7, 8, 9, 10, 11, 12, 13, 14, 16, 18]",,30.0,4,,,69,0.5,locked,46,0.0,0.0,18,5,3,5,25,15,ordinary,21,full_coverage_and_all_discovered_cleared,188,5911.980512,40.0,constant,,0.04814933403395116
10,0,True,0,10,4,4,0,uniform__iid__69,uniform__iid,11,21,,15,15,227,,bounded_transverse_width,,arc,0,0.04888300000000001,,15,,0,0,,,,,,False,0,0,21,5,0,0,,2,2,210,service_locked1_grid21_29,,,[],1316,22994.902566225912,0,,0.0,,False,0,,394.1320341333333,"[2, 3, 4, 5, 6, 7, 8, 9, 10, 11, 12, 13, 14, 16, 18]",,30.0,4,,,69,0.5,locked,46,1.0,0.0,18,5,3,5,25,15,ordinary,21,full_coverage_and_all_discovered_cleared,188,5911.980512,40.0,constant,,0.04896616598125547
8,0,True,0,8,5,5,0,uniform__iid__69,uniform__iid,10,4,,15,15,219,,bounded_transverse_width,,arc,0,0.05585999999999913,,15,,0,0,,,,,,False,0,0,4,4,0,0,,2,2,202,service_soft20_grid21_29,,,[],783,24458.852979721014,0,,0.0,,False,0,,410.65137293333333,"[2, 3, 4, 5, 6, 7, 8, 9, 10, 11, 12, 13, 14, 16, 18]",,30.0,4,,,69,0.5,free,44,1.0,20.0,21,3,6,4,23,15,ordinary,21,full_coverage_and_all_discovered_cleared,183,6159.770594,40.0,constant,,0.0558752499637194
12,1,True,0,12,4,5,0,uniform__iid__69,uniform__iid,11,16,,16,15,231,,bounded_transverse_width,,arc,0,0.07031399999999977,,15,,0,0,,,,,,False,0,0,16,8,0,0,,3,2,213,service_free1_convex22,,,[],1118,23784.83020773124,0,,0.0,,False,0,,405.99773586666663,"[2, 3, 4, 5, 6, 7, 8, 9, 10, 11, 12, 13, 14, 16, 18]",,30.0,4,,,69,0.5,free,48,1.0,0.0,27,0,32,8,26,15,ordinary,22,full_coverage_and_all_discovered_cleared,190,6089.966038,40.0,constant,,0.07036675000563264
12,1,True,0,12,3,3,0,uniform__iid__69,uniform__iid,12,33,,15,15,241,,bounded_transverse_width,,arc,0,0.05318699999999943,,15,,0,0,,,,,,False,0,0,33,3,0,0,,3,3,224,service_locked1_convex22,,,[],1471,22609.38152061163,0,,0.0,,False,0,,394.39175346666667,"[2, 3, 4, 5, 6, 7, 8, 9, 10, 11, 12, 13, 14, 16, 18]",,30.0,4,,,69,0.5,locked,48,1.0,0.0,25,2,12,3,26,15,ordinary,22,full_coverage_and_all_discovered_cleared,199,5915.876302,40.0,constant,,0.05321137502323836
8,0,True,0,8,3,3,0,uniform__iid__70,uniform__iid,7,12,,10,10,313,,bounded_transverse_width,,base,0,0.03095700000000079,,10,,0,0,,,,,,False,0,0,12,6,39,0,,3,3,301,range_grid21_29,,,[],,22285.754638454997,0,,0.0,,False,0,,629.3150928,"[2, 3, 5, 10, 11, 13, 15, 16, 19, 20]",,30.0,4,,,70,1.0,,,,,7,0,4,6,18,10,ordinary,21,full_coverage_and_all_discovered_cleared,281,6293.150928,40.0,constant,,0.030977082962635905
13,4,True,0,13,2,2,0,uniform__iid__70,uniform__iid,8,5,,10,10,328,,bounded_transverse_width,,base,0,0.03120799999999946,,10,,0,0,,,,,,False,0,0,5,3,41,0,,4,3,316,range_convex22,,,[],,21303.571196271037,0,,0.0,,False,0,,618.4714239,"[2, 3, 5, 10, 11, 13, 15, 16, 19, 20]",,30.0,4,,,70,1.0,,,,,6,3,9,3,19,10,ordinary,22,full_coverage_and_all_discovered_cleared,294,6184.714239,40.0,constant,,0.031217917043250054
7,1,True,0,7,3,3,0,uniform__iid__70,uniform__iid,7,28,28,10,10,303,,bounded_transverse_width,,locked,37,0.03281300000000087,4,10,cached_distance_prefix_sum,0,0,,,28,0,24,True,0,0,28,2,0,0,8,3,2,291,count_locked_grid21_29,10,10,[],,20342.184972165152,0,,0.0,,False,0,240,584.5436996000001,"[2, 3, 5, 10, 11, 13, 15, 16, 19, 20]",0,30.0,4,0,0,70,1.0,,,,,8,0,12,2,16,10,ordinary,21,full_coverage_and_all_discovered_cleared,272,5845.436996,40.0,constant,,0.032869874965399504
8,0,True,0,8,3,3,0,uniform__iid__70,uniform__iid,7,7,,10,10,316,,bounded_transverse_width,,arc,0,0.03573499999999896,,10,,0,0,,,,,,False,0,0,7,5,0,0,,3,3,304,service_free0_grid21_29,,,[],0,20762.91661440355,0,,0.0,,False,0,,600.5583323,"[2, 3, 5, 10, 11, 13, 15, 16, 19, 20]",,30.0,4,,,70,0.5,free,39,0.0,0.0,10,0,10,5,18,10,ordinary,21,full_coverage_and_all_discovered_cleared,283,6005.583323,40.0,constant,,0.03576741699362174
11,1,True,0,11,2,2,0,uniform__iid__70,uniform__iid,8,8,,10,10,318,,bounded_transverse_width,,arc,0,0.047920000000001295,,10,,0,0,,,,,,False,0,0,8,5,0,0,,3,3,306,service_free1_grid21_29,,,[],608,20962.75023054543,0,,0.0,,False,0,,605.8550047,"[2, 3, 5, 10, 11, 13, 15, 16, 19, 20]",,30.0,4,,,70,0.5,free,41,1.0,0.0,15,0,2,5,20,10,ordinary,21,full_coverage_and_all_discovered_cleared,286,6058.550047,40.0,constant,,0.04792504198849201
14,2,True,0,14,3,3,0,uniform__iid__70,uniform__iid,7,9,,10,10,316,,bounded_transverse_width,,arc,0,0.04430399999999857,,10,,0,0,,,,,,False,0,0,9,3,0,0,,4,3,304,service_free2_grid21_29,,,[],565,21911.83595293069,0,,0.0,,False,0,,623.136719,"[2, 3, 5, 10, 11, 13, 15, 16, 19, 20]",,30.0,4,,,70,0.5,free,43,2.0,0.0,12,0,1,3,22,10,ordinary,21,full_coverage_and_all_discovered_cleared,279,6231.36719,40.0,constant,,0.04434620798565447
11,2,True,0,11,0,0,0,uniform__iid__70,uniform__iid,10,21,,10,10,304,,bounded_transverse_width,,arc,0,0.0349939999999993,,10,,0,0,,,,,,False,0,0,21,4,0,0,,3,2,292,service_locked0_grid21_29,,,[],0,20727.817654592916,0,,0.0,,False,0,,592.5563531,"[2, 3, 5, 10, 11, 13, 15, 16, 19, 20]",,30.0,4,,,70,0.5,locked,40,0.0,0.0,8,1,20,4,19,10,ordinary,21,full_coverage_and_all_discovered_cleared,270,5925.563531,40.0,constant,,0.035036416025832295
11,2,True,0,11,0,0,0,uniform__iid__70,uniform__iid,10,21,,10,10,304,,bounded_transverse_width,,arc,0,0.03583599999999976,,10,,0,0,,,,,,False,0,0,21,4,0,0,,3,2,292,service_locked1_grid21_29,,,[],393,20727.817654592916,0,,0.0,,False,0,,592.5563531,"[2, 3, 5, 10, 11, 13, 15, 16, 19, 20]",,30.0,4,,,70,0.5,locked,40,1.0,0.0,8,1,20,4,19,10,ordinary,21,full_coverage_and_all_discovered_cleared,270,5925.563531,40.0,constant,,0.0358593330020085
18,2,True,0,18,3,4,0,uniform__iid__70,uniform__iid,7,5,,11,10,324,,bounded_transverse_width,,arc,0,0.045417999999999736,,10,,0,0,,,,,,False,0,0,5,6,0,0,,3,3,311,service_soft20_grid21_29,,,[],336,21936.97042629857,0,,0.0,,False,0,,628.2394084,"[2, 3, 5, 10, 11, 13, 15, 16, 19, 20]",,30.0,4,,,70,0.5,free,47,1.0,20.0,2,1,3,6,26,10,ordinary,21,full_coverage_and_all_discovered_cleared,287,6282.394084,40.0,constant,,0.04543045797618106
12,2,True,0,12,3,3,0,uniform__iid__70,uniform__iid,7,6,,10,10,325,,bounded_transverse_width,,arc,0,0.04223900000000036,,10,,0,0,,,,,,False,0,0,6,5,0,0,,4,3,313,service_free1_convex22,,,[],602,22825.360874655104,0,,0.0,,False,0,,647.0072173,"[2, 3, 5, 10, 11, 13, 15, 16, 19, 20]",,30.0,4,,,70,0.5,free,42,1.0,0.0,10,1,3,5,20,10,ordinary,22,full_coverage_and_all_discovered_cleared,290,6470.072173,40.0,constant,,0.04233129200292751
11,1,True,0,11,3,3,0,uniform__iid__70,uniform__iid,7,21,,10,10,328,,bounded_transverse_width,,arc,0,0.03449300000000122,,10,,0,0,,,,,,False,0,0,21,4,0,0,,3,3,316,service_locked1_convex22,,,[],501,21246.015282373417,0,,0.0,,False,0,,617.4203054,"[2, 3, 5, 10, 11, 13, 15, 16, 19, 20]",,30.0,4,,,70,0.5,locked,42,1.0,0.0,4,1,12,4,20,10,ordinary,22,full_coverage_and_all_discovered_cleared,295,6174.203054,40.0,constant,,0.034505583986174315
10,1,True,0,10,3,3,0,uniform__iid__71,uniform__iid,9,26,,12,12,288,,bounded_transverse_width,,base,0,0.03565100000000143,,12,,0,0,,,,,,False,0,0,26,4,42,0,,3,3,274,range_grid21_29,,,[],,21672.025050200682,0,,0.0,,False,0,,501.4504175833333,"[1, 2, 4, 5, 7, 9, 10, 13, 17, 18, 19, 20]",,30.0,4,,,71,1.0,,,,,9,0,1,4,21,12,ordinary,21,full_coverage_and_all_discovered_cleared,253,6017.405011,40.0,constant,,0.035664084018208086
12,2,True,0,12,1,1,0,uniform__iid__71,uniform__iid,11,27,,12,12,296,,bounded_transverse_width,,base,0,0.03712900000000019,,12,,0,0,,,,,,False,0,0,27,5,44,0,,5,3,282,range_convex22,,,[],,24976.82716890783,0,,0.0,,False,0,,560.1137860833334,"[1, 2, 4, 5, 7, 9, 10, 13, 17, 18, 19, 20]",,30.0,4,,,71,1.0,,,,,13,2,10,5,22,12,ordinary,22,full_coverage_and_all_discovered_cleared,256,6721.365433,40.0,constant,,0.03715895797358826
11,0,True,0,11,3,3,0,uniform__iid__71,uniform__iid,9,32,34,12,12,298,,bounded_transverse_width,,locked,44,0.04271199999999986,3,12,cached_distance_prefix_sum,0,0,,,34,0,31,True,0,0,34,3,0,0,8,3,3,284,count_locked_grid21_29,8,8,[],,22615.816591933137,0,,0.0,,False,0,507,521.7636099166667,"[1, 2, 4, 5, 7, 9, 10, 13, 17, 18, 19, 20]",2,30.0,4,0,0,71,1.0,,,,,17,3,13,4,23,12,ordinary,21,full_coverage_and_all_discovered_cleared,258,6261.163319,40.0,constant,,0.0428131670341827
12,1,True,0,12,1,1,0,uniform__iid__71,uniform__iid,11,34,,12,12,288,,bounded_transverse_width,,arc,0,0.044610999999999734,,12,,0,0,,,,,,False,0,0,34,5,0,0,,3,3,274,service_free0_grid21_29,,,[],0,22677.65121194946,0,,0.0,,False,0,,518.1275201666666,"[1, 2, 4, 5, 7, 9, 10, 13, 17, 18, 19, 20]",,30.0,4,,,71,0.5,free,44,0.0,0.0,8,0,5,5,23,12,ordinary,21,full_coverage_and_all_discovered_cleared,252,6217.530242,40.0,constant,,0.0446574580273591
12,2,True,0,12,3,3,0,uniform__iid__71,uniform__iid,9,19,,12,12,292,,bounded_transverse_width,,arc,0,0.05616299999999974,,12,,0,0,,,,,,False,0,0,19,5,0,0,,4,3,278,service_free1_grid21_29,,,[],779,24534.278512544828,0,,0.0,,False,0,,551.15464175,"[1, 2, 4, 5, 7, 9, 10, 13, 17, 18, 19, 20]",,30.0,4,,,71,0.5,free,43,1.0,0.0,11,1,3,5,22,12,ordinary,21,full_coverage_and_all_discovered_cleared,257,6613.855701,40.0,constant,,0.05636054201750085
14,1,True,0,14,2,2,0,uniform__iid__71,uniform__iid,10,37,,12,12,294,,bounded_transverse_width,,arc,0,0.05920300000000012,,12,,0,0,,,,,,False,0,0,37,6,0,0,,3,3,280,service_free2_grid21_29,,,[],1087,21684.070962246395,0,,0.0,,False,0,,504.56784949999997,"[1, 2, 4, 5, 7, 9, 10, 13, 17, 18, 19, 20]",,30.0,4,,,71,0.5,free,46,2.0,0.0,9,1,8,6,25,12,ordinary,21,full_coverage_and_all_discovered_cleared,258,6054.814194,40.0,constant,,0.05925716599449515
16,1,True,0,16,2,2,0,uniform__iid__71,uniform__iid,10,29,,12,12,293,,bounded_transverse_width,,arc,0,0.04653799999999997,,12,,0,0,,,,,,False,0,0,29,4,0,0,,3,3,279,service_locked0_grid21_29,,,[],0,22839.291588191812,0,,0.0,,False,0,,522.7381931666666,"[1, 2, 4, 5, 7, 9, 10, 13, 17, 18, 19, 20]",,30.0,4,,,71,0.5,locked,48,0.0,0.0,14,2,14,5,27,12,ordinary,21,full_coverage_and_all_discovered_cleared,250,6272.858318,40.0,constant,,0.0465884999721311
16,1,True,0,16,2,2,0,uniform__iid__71,uniform__iid,10,29,,12,12,293,,bounded_transverse_width,,arc,0,0.047572000000000614,,12,,0,0,,,,,,False,0,0,29,4,0,0,,3,3,279,service_locked1_grid21_29,,,[],1024,22839.291588191812,0,,0.0,,False,0,,522.7381931666666,"[1, 2, 4, 5, 7, 9, 10, 13, 17, 18, 19, 20]",,30.0,4,,,71,0.5,locked,48,1.0,0.0,14,2,14,5,27,12,ordinary,21,full_coverage_and_all_discovered_cleared,250,6272.858318,40.0,constant,,0.047580250015016645
20,1,True,0,20,3,4,0,uniform__iid__71,uniform__iid,9,8,,13,12,277,,bounded_transverse_width,,arc,0,0.05813699999999855,,12,,0,0,,,,,,False,0,0,8,3,0,0,,3,3,262,service_soft20_grid21_29,,,[],897,26077.415281762278,0,,0.0,,False,0,,568.79025475,"[1, 2, 4, 5, 7, 9, 10, 13, 17, 18, 19, 20]",,30.0,4,,,71,0.5,free,52,1.0,20.0,13,3,23,3,31,12,ordinary,21,full_coverage_and_all_discovered_cleared,237,6825.483057,40.0,constant,,0.05817945802118629
14,1,True,0,14,1,1,0,uniform__iid__71,uniform__iid,11,35,,12,12,300,,bounded_transverse_width,,arc,0,0.05771800000000127,,12,,0,0,,,,,,False,0,0,35,3,0,0,,4,3,286,service_free1_convex22,,,[],1175,23508.150128155256,0,,0.0,,False,0,,537.5525021666666,"[1, 2, 4, 5, 7, 9, 10, 13, 17, 18, 19, 20]",,30.0,4,,,71,0.5,free,47,1.0,0.0,9,0,3,3,25,12,ordinary,22,full_coverage_and_all_discovered_cleared,259,6450.630026,40.0,constant,,0.057734834030270576
19,4,True,0,19,1,1,1,uniform__iid__71,uniform__iid,11,18,,12,12,298,,bounded_transverse_width,,arc,0,0.04611700000000063,,12,,0,0,,,,,,False,0,0,18,4,0,0,,4,3,284,service_locked1_convex22,,,[],830,23413.72093706712,0,,0.0,,False,0,,535.1453486666667,"[1, 2, 4, 5, 7, 9, 10, 13, 17, 18, 19, 20]",,30.0,4,,,71,0.5,locked,50,1.0,0.0,13,8,10,4,28,12,ordinary,22,full_coverage_and_all_discovered_cleared,259,6421.744184,40.0,constant,,0.0461396659957245
11,3,True,0,11,0,1,0,uniform__smooth__67,uniform__smooth,10,24,,11,10,287,,bounded_transverse_width,,base,0,0.03075299999999892,,10,,0,0,,,,,,False,0,0,24,1,39,0,,4,3,274,range_grid21_29,,,[],,20474.15803044528,0,,0.0,,False,0,,576.9831605,"[4, 5, 7, 8, 9, 10, 14, 15, 18, 19]",,30.0,4,,,67,1.0,,,,,15,9,9,1,18,10,ordinary,21,full_coverage_and_all_discovered_cleared,252,5769.831605,40.0,constant,,0.0308243750478141
10,1,True,0,10,1,1,0,uniform__smooth__67,uniform__smooth,9,23,,10,10,303,,bounded_transverse_width,,base,0,0.03244899999999973,,10,,0,0,,,,,,False,0,0,23,3,41,0,,2,2,291,range_convex22,,,[],,20118.418269070004,0,,0.0,,False,0,,579.7683652,"[4, 5, 7, 8, 9, 10, 14, 15, 18, 19]",,30.0,4,,,67,1.0,,,,,10,2,0,3,19,10,ordinary,22,full_coverage_and_all_discovered_cleared,269,5797.683652,40.0,constant,,0.03247141698375344
3,0,True,0,3,2,2,0,uniform__smooth__67,uniform__smooth,8,38,39,10,10,288,,bounded_transverse_width,,locked,34,0.034126000000000545,2,10,cached_distance_prefix_sum,0,0,,,39,0,37,True,0,0,39,1,0,0,8,2,2,276,count_locked_grid21_29,10,10,[],,20677.157315896624,0,,0.0,,False,0,327,582.2431464,"[4, 5, 7, 8, 9, 10, 14, 15, 18, 19]",1,30.0,4,0,0,67,1.0,,,,,12,0,6,1,13,10,ordinary,21,full_coverage_and_all_discovered_cleared,257,5822.431464,40.0,constant,,0.03413074999116361
9,1,True,0,9,0,1,0,uniform__smooth__67,uniform__smooth,10,26,,11,10,292,,bounded_transverse_width,,arc,0,0.03545200000000115,,10,,0,0,,,,,,False,0,0,26,5,0,0,,3,2,279,service_free0_grid21_29,,,[],0,20423.683236486744,0,,0.0,,False,0,,579.1736646,"[4, 5, 7, 8, 9, 10, 14, 15, 18, 19]",,30.0,4,,,67,0.5,free,39,0.0,0.0,14,3,16,5,18,10,ordinary,21,full_coverage_and_all_discovered_cleared,259,5791.736646,40.0,constant,,0.03545429196674377
13,3,True,0,13,1,2,0,uniform__smooth__67,uniform__smooth,9,16,,11,10,285,,bounded_transverse_width,,arc,0,0.04148999999999958,,10,,0,0,,,,,,False,0,0,16,4,0,0,,3,2,272,service_free1_grid21_29,,,[],774,20863.63723496988,0,,0.0,,False,0,,583.6727446,"[4, 5, 7, 8, 9, 10, 14, 15, 18, 19]",,30.0,4,,,67,0.5,free,41,1.0,0.0,9,5,2,4,20,10,ordinary,21,full_coverage_and_all_discovered_cleared,251,5836.727446,40.0,constant,,0.04155537503538653
10,1,True,0,10,2,2,0,uniform__smooth__67,uniform__smooth,8,13,,10,10,295,,bounded_transverse_width,,arc,0,0.03727999999999909,,10,,0,0,,,,,,False,0,0,13,3,0,0,,2,2,283,service_free2_grid21_29,,,[],617,22164.285886080153,0,,0.0,,False,0,,616.2857175,"[4, 5, 7, 8, 9, 10, 14, 15, 18, 19]",,30.0,4,,,67,0.5,free,40,2.0,0.0,9,3,1,3,19,10,ordinary,21,full_coverage_and_all_discovered_cleared,265,6162.857175,40.0,constant,,0.03728891699574888
8,1,True,0,8,1,1,0,uniform__smooth__67,uniform__smooth,9,24,,10,10,285,,bounded_transverse_width,,arc,0,0.036122999999999905,,10,,0,0,,,,,,False,0,0,24,3,0,0,,3,2,273,service_locked0_grid21_29,,,[],0,21006.757239512186,0,,0.0,,False,0,,586.8351445999999,"[4, 5, 7, 8, 9, 10, 14, 15, 18, 19]",,30.0,4,,,67,0.5,locked,38,0.0,0.0,11,7,6,3,17,10,ordinary,21,full_coverage_and_all_discovered_cleared,252,5868.351446,40.0,constant,,0.036132208013441414
8,1,True,0,8,1,1,0,uniform__smooth__67,uniform__smooth,9,24,,10,10,285,,bounded_transverse_width,,arc,0,0.036571999999999605,,10,,0,0,,,,,,False,0,0,24,3,0,0,,3,2,273,service_locked1_grid21_29,,,[],672,21006.757239512186,0,,0.0,,False,0,,586.8351445999999,"[4, 5, 7, 8, 9, 10, 14, 15, 18, 19]",,30.0,4,,,67,0.5,locked,38,1.0,0.0,11,7,6,3,17,10,ordinary,21,full_coverage_and_all_discovered_cleared,252,5868.351446,40.0,constant,,0.036608750000596046
13,1,True,0,13,3,3,0,uniform__smooth__67,uniform__smooth,7,3,,10,10,273,,bounded_transverse_width,,arc,0,0.04178800000000038,,10,,0,0,,,,,,False,0,0,3,1,0,0,,3,3,261,service_soft20_grid21_29,,,[],513,22261.733359339567,0,,0.0,,False,0,,604.434667,"[4, 5, 7, 8, 9, 10, 14, 15, 18, 19]",,30.0,4,,,67,0.5,free,43,1.0,20.0,9,2,0,1,22,10,ordinary,21,full_coverage_and_all_discovered_cleared,237,6044.34667,40.0,constant,,0.04183595802169293
8,0,True,0,8,2,2,0,uniform__smooth__67,uniform__smooth,8,11,,10,10,312,,bounded_transverse_width,,arc,0,0.0448719999999998,,10,,0,0,,,,,,False,0,0,11,3,0,0,,2,2,300,service_free1_convex22,,,[],583,21211.244501035624,0,,0.0,,False,0,,607.0248895,"[4, 5, 7, 8, 9, 10, 14, 15, 18, 19]",,30.0,4,,,67,0.5,free,40,1.0,0.0,13,2,0,3,18,10,ordinary,22,full_coverage_and_all_discovered_cleared,278,6070.248895,40.0,constant,,0.0449098750250414
10,2,True,0,10,1,1,0,uniform__smooth__67,uniform__smooth,9,17,,10,10,311,,bounded_transverse_width,,arc,0,0.033446999999998894,,10,,0,0,,,,,,False,0,0,17,5,0,0,,3,2,299,service_locked1_convex22,,,[],458,20816.39788275819,0,,0.0,,False,0,,598.8279573,"[4, 5, 7, 8, 9, 10, 14, 15, 18, 19]",,30.0,4,,,67,0.5,locked,40,1.0,0.0,10,4,20,5,18,10,ordinary,22,full_coverage_and_all_discovered_cleared,280,5988.279573,40.0,constant,,0.03346604102989659
11,0,True,0,11,6,6,0,uniform__smooth__68,uniform__smooth,9,24,,15,15,250,,bounded_transverse_width,,base,0,0.04169400000000145,,15,,0,0,,,,,,False,0,0,24,0,47,0,,2,2,233,range_grid21_29,,,[],,22029.112547096236,0,,0.0,,False,0,,390.52150059999997,"[2, 4, 5, 6, 8, 9, 11, 12, 13, 14, 15, 16, 17, 19, 20]",,30.0,4,,,68,1.0,,,,,22,6,30,0,26,15,ordinary,21,full_coverage_and_all_discovered_cleared,212,5857.822509,40.0,constant,,0.0417276659864001
13,2,True,0,13,4,4,1,uniform__smooth__68,uniform__smooth,11,37,,15,15,291,,bounded_transverse_width,,base,0,0.04768499999999953,,15,,0,0,,,,,,False,0,0,37,5,49,0,,3,2,274,range_convex22,,,[],,22158.672821412274,0,,0.0,,False,0,,408.51563766666663,"[2, 4, 5, 6, 8, 9, 11, 12, 13, 14, 15, 16, 17, 19, 20]",,30.0,4,,,68,1.0,,,,,17,1,34,5,27,15,ordinary,22,full_coverage_and_all_discovered_cleared,251,6127.734565,40.0,constant,,0.04770962503971532
8,0,True,0,8,3,4,0,uniform__smooth__68,uniform__smooth,12,35,38,16,15,260,,bounded_transverse_width,,locked,44,0.048655999999999366,5,15,cached_distance_prefix_sum,0,0,,,38,0,33,True,0,0,38,3,0,0,8,3,3,242,count_locked_grid21_29,5,5,[],,21756.97408949187,0,,0.0,,False,0,559,391.1596542666667,"[2, 4, 5, 6, 8, 9, 11, 12, 13, 14, 15, 16, 17, 19, 20]",3,30.0,4,0,0,68,1.0,,,,,28,8,0,3,23,15,ordinary,21,full_coverage_and_all_discovered_cleared,228,5867.394814,40.0,constant,,0.048663459019735456
11,0,True,0,11,2,2,0,uniform__smooth__68,uniform__smooth,13,19,,15,15,258,,bounded_transverse_width,,arc,0,0.04781000000000013,,15,,0,0,,,,,,False,0,0,19,5,0,0,,2,2,241,service_free0_grid21_29,,,[],0,23335.50904805945,0,,0.0,,False,0,,411.07345373333334,"[2, 4, 5, 6, 8, 9, 11, 12, 13, 14, 15, 16, 17, 19, 20]",,30.0,4,,,68,0.5,free,47,0.0,0.0,23,8,6,5,26,15,ordinary,21,full_coverage_and_all_discovered_cleared,219,6166.101806,40.0,constant,,0.047864582971669734
18,3,True,0,18,6,6,1,uniform__smooth__68,uniform__smooth,9,29,,15,15,258,,bounded_transverse_width,,arc,0,0.06683999999999912,,15,,0,0,,,,,,False,0,0,29,2,0,0,,4,3,241,service_free1_grid21_29,,,[],1630,24072.063040316698,0,,0.0,,False,0,,420.6941736666667,"[2, 4, 5, 6, 8, 9, 11, 12, 13, 14, 15, 16, 17, 19, 20]",,30.0,4,,,68,0.5,free,52,1.0,0.0,17,9,3,2,31,15,ordinary,21,full_coverage_and_all_discovered_cleared,216,6310.412605,40.0,constant,,0.0668997920001857
17,2,True,0,17,5,5,0,uniform__smooth__68,uniform__smooth,10,13,,15,15,246,,bounded_transverse_width,,arc,0,0.0667239999999989,,15,,0,0,,,,,,False,0,0,13,4,0,0,,4,3,229,service_free2_grid21_29,,,[],1425,24058.414860808334,0,,0.0,,False,0,,415.71219786666666,"[2, 4, 5, 6, 8, 9, 11, 12, 13, 14, 15, 16, 17, 19, 20]",,30.0,4,,,68,0.5,free,51,2.0,0.0,23,2,2,4,30,15,ordinary,21,full_coverage_and_all_discovered_cleared,204,6235.682968,40.0,constant,,0.0667561250156723
10,0,True,0,10,3,4,0,uniform__smooth__68,uniform__smooth,12,35,,16,15,264,,bounded_transverse_width,,arc,0,0.05349700000000013,,15,,0,0,,,,,,False,0,0,35,3,0,0,,3,3,246,service_locked0_grid21_29,,,[],0,21652.838627518642,0,,0.0,,False,0,,390.97118140000003,"[2, 4, 5, 6, 8, 9, 11, 12, 13, 14, 15, 16, 17, 19, 20]",,30.0,4,,,68,0.5,locked,46,0.0,0.0,28,8,0,3,25,15,ordinary,21,full_coverage_and_all_discovered_cleared,226,5864.567721,40.0,constant,,0.05355895799584687
13,0,True,0,13,3,4,0,uniform__smooth__68,uniform__smooth,12,35,,16,15,261,,bounded_transverse_width,,arc,0,0.05540199999999906,,15,,0,0,,,,,,False,0,0,35,4,0,0,,3,3,243,service_locked1_grid21_29,,,[],1380,22271.976393353987,0,,0.0,,False,0,,398.09301846666665,"[2, 4, 5, 6, 8, 9, 11, 12, 13, 14, 15, 16, 17, 19, 20]",,30.0,4,,,68,0.5,locked,49,1.0,0.0,31,8,0,4,28,15,ordinary,21,full_coverage_and_all_discovered_cleared,224,5971.395277,40.0,constant,,0.05542345799040049
14,0,True,0,14,7,7,0,uniform__smooth__68,uniform__smooth,8,5,,15,15,245,,bounded_transverse_width,,arc,0,0.06045199999999973,,15,,0,0,,,,,,False,0,0,5,4,0,0,,3,3,228,service_soft20_grid21_29,,,[],1366,25630.556516517743,0,,0.0,,False,0,,436.5407533333333,"[2, 4, 5, 6, 8, 9, 11, 12, 13, 14, 15, 16, 17, 19, 20]",,30.0,4,,,68,0.5,free,50,1.0,20.0,20,6,1,4,29,15,ordinary,21,full_coverage_and_all_discovered_cleared,207,6548.1113,40.0,constant,,0.060505917004775256
23,2,True,0,23,3,3,0,uniform__smooth__68,uniform__smooth,12,39,,15,15,257,,bounded_transverse_width,,arc,0,0.07513699999999979,,15,,0,0,,,,,,False,0,0,39,2,0,0,,4,3,240,service_free1_convex22,,,[],1978,24615.513091202396,0,,0.0,,False,0,,427.8068411333333,"[2, 4, 5, 6, 8, 9, 11, 12, 13, 14, 15, 16, 17, 19, 20]",,30.0,4,,,68,0.5,free,58,1.0,0.0,20,13,5,2,36,15,ordinary,22,full_coverage_and_all_discovered_cleared,219,6417.102617,40.0,constant,,0.07516845798818395
12,2,True,0,12,4,5,1,uniform__smooth__68,uniform__smooth,11,24,,16,15,247,,bounded_transverse_width,,arc,0,0.05797699999999928,,15,,0,0,,,,,,False,0,0,24,4,0,0,,3,3,229,service_locked1_convex22,,,[],1418,22403.70663302399,0,,0.0,,False,0,,394.24942173333335,"[2, 4, 5, 6, 8, 9, 11, 12, 13, 14, 15, 16, 17, 19, 20]",,30.0,4,,,68,0.5,locked,48,1.0,0.0,28,11,8,4,26,15,ordinary,22,full_coverage_and_all_discovered_cleared,210,5913.741326,40.0,constant,,0.058077334018889815
9,1,True,0,9,4,6,0,uniform__smooth__69,uniform__smooth,11,39,,17,15,243,,bounded_transverse_width,,base,0,0.0434909999999995,,15,,0,0,,,,,,False,0,0,39,1,44,0,,4,3,224,range_grid21_29,,,[],,22685.65422887059,0,,0.0,,False,0,,396.2753898,"[2, 3, 4, 5, 6, 7, 8, 9, 10, 11, 12, 13, 14, 16, 18]",,30.0,4,,,69,1.0,,,,,17,3,9,1,23,15,ordinary,21,full_coverage_and_all_discovered_cleared,206,5944.130847,40.0,constant,,0.04351587500423193
13,1,True,0,13,1,2,0,uniform__smooth__69,uniform__smooth,14,30,,16,15,264,,bounded_transverse_width,,base,0,0.053936000000000206,,15,,0,0,,,,,,False,0,0,30,1,49,0,,4,3,246,range_convex22,,,[],,24232.059215281944,0,,0.0,,False,0,,425.2274558666667,"[2, 3, 4, 5, 6, 7, 8, 9, 10, 11, 12, 13, 14, 16, 18]",,30.0,4,,,69,1.0,,,,,29,5,50,1,27,15,ordinary,22,full_coverage_and_all_discovered_cleared,224,6378.411838,40.0,constant,,0.05395608302205801
11,2,True,0,11,4,5,0,uniform__smooth__69,uniform__smooth,11,16,19,16,15,240,,bounded_transverse_width,,locked,45,0.0489240000000013,1,15,cached_distance_prefix_sum,0,0,,,19,0,18,True,0,0,19,1,0,0,8,4,3,222,count_locked_grid21_29,5,5,[],,22577.766810145375,0,,0.0,,False,0,241,393.63689066666666,"[2, 3, 4, 5, 6, 7, 8, 9, 10, 11, 12, 13, 14, 16, 18]",3,30.0,4,0,0,69,1.0,,,,,27,5,3,1,24,15,ordinary,21,full_coverage_and_all_discovered_cleared,201,5904.55336,40.0,constant,,0.048989999981131405
9,1,True,0,9,4,4,0,uniform__smooth__69,uniform__smooth,11,37,,15,15,224,,bounded_transverse_width,,arc,0,0.050527000000000655,,15,,0,0,,,,,,False,0,0,37,3,0,0,,3,2,207,service_free0_grid21_29,,,[],0,23848.51279606415,0,,0.0,,False,0,,404.4468372666667,"[2, 3, 4, 5, 6, 7, 8, 9, 10, 11, 12, 13, 14, 16, 18]",,30.0,4,,,69,0.5,free,44,0.0,0.0,17,2,13,3,23,15,ordinary,21,full_coverage_and_all_discovered_cleared,187,6066.702559,40.0,constant,,0.050552708038594574
17,2,True,0,17,4,5,0,uniform__smooth__69,uniform__smooth,11,17,,16,15,231,,bounded_transverse_width,,arc,0,0.05790200000000034,,15,,0,0,,,,,,False,0,0,17,6,0,0,,3,3,213,service_free1_grid21_29,,,[],863,22269.412151169246,0,,0.0,,False,0,,385.7254954666667,"[2, 3, 4, 5, 6, 7, 8, 9, 10, 11, 12, 13, 14, 16, 18]",,30.0,4,,,69,0.5,free,51,1.0,0.0,17,3,21,6,30,15,ordinary,21,full_coverage_and_all_discovered_cleared,189,5785.882432,40.0,constant,,0.05792091600596905
17,2,True,0,17,4,6,0,uniform__smooth__69,uniform__smooth,11,8,,17,15,226,,bounded_transverse_width,,arc,0,0.06606000000000023,,15,,0,0,,,,,,False,0,0,8,6,0,0,,3,3,207,service_free2_grid21_29,,,[],936,22950.64615886985,0,,0.0,,False,0,,392.6086156,"[2, 3, 4, 5, 6, 7, 8, 9, 10, 11, 12, 13, 14, 16, 18]",,30.0,4,,,69,0.5,free,51,2.0,0.0,21,4,3,6,30,15,ordinary,21,full_coverage_and_all_discovered_cleared,183,5889.129234,40.0,constant,,0.06612845795461908
14,2,True,0,14,3,4,0,uniform__smooth__69,uniform__smooth,12,20,,16,15,244,,bounded_transverse_width,,arc,0,0.058721000000000245,,15,,0,0,,,,,,False,0,0,20,5,0,0,,4,3,226,service_locked0_grid21_29,,,[],0,23236.82497646547,0,,0.0,,False,0,,403.7576663333333,"[2, 3, 4, 5, 6, 7, 8, 9, 10, 11, 12, 13, 14, 16, 18]",,30.0,4,,,69,0.5,locked,48,0.0,0.0,28,8,12,5,27,15,ordinary,21,full_coverage_and_all_discovered_cleared,201,6056.364995,40.0,constant,,0.0587655829731375
16,3,True,0,16,2,4,0,uniform__smooth__69,uniform__smooth,13,20,,17,15,247,,bounded_transverse_width,,arc,0,0.05892799999999987,,15,,0,0,,,,,,False,0,0,20,5,0,0,,4,3,228,service_locked1_grid21_29,,,[],1526,23397.899823814532,0,,0.0,,False,0,,406.97199766666665,"[2, 3, 4, 5, 6, 7, 8, 9, 10, 11, 12, 13, 14, 16, 18]",,30.0,4,,,69,0.5,locked,49,1.0,0.0,29,8,3,5,28,15,ordinary,21,full_coverage_and_all_discovered_cleared,204,6104.579965,40.0,constant,,0.059042958018835634
17,2,True,0,17,3,4,0,uniform__smooth__69,uniform__smooth,12,1,,16,15,249,,bounded_transverse_width,,arc,0,0.06742099999999951,,15,,0,0,,,,,,False,0,0,1,3,0,0,,4,3,231,service_soft20_grid21_29,,,[],1576,24551.63760026695,0,,0.0,,False,0,,423.355168,"[2, 3, 4, 5, 6, 7, 8, 9, 10, 11, 12, 13, 14, 16, 18]",,30.0,4,,,69,0.5,free,51,1.0,20.0,29,8,5,3,30,15,ordinary,21,full_coverage_and_all_discovered_cleared,207,6350.32752,40.0,constant,,0.06748329196125269
12,1,True,0,12,4,5,0,uniform__smooth__69,uniform__smooth,11,16,,16,15,228,,bounded_transverse_width,,arc,0,0.07259700000000002,,15,,0,0,,,,,,False,0,0,16,6,0,0,,2,2,210,service_free1_convex22,,,[],1059,22999.764060692414,0,,0.0,,False,0,,394.26352046666665,"[2, 3, 4, 5, 6, 7, 8, 9, 10, 11, 12, 13, 14, 16, 18]",,30.0,4,,,69,0.5,free,48,1.0,0.0,27,0,15,6,26,15,ordinary,22,full_coverage_and_all_discovered_cleared,186,5913.952807,40.0,constant,,0.07269366696709767
18,2,True,0,18,2,5,0,uniform__smooth__69,uniform__smooth,13,32,,18,15,254,,bounded_transverse_width,,arc,0,0.06787899999999958,,15,,0,0,,,,,,False,0,0,32,3,0,0,,4,3,234,service_locked1_convex22,,,[],1431,22852.258379579438,0,,0.0,,False,0,,402.3634446666667,"[2, 3, 4, 5, 6, 7, 8, 9, 10, 11, 12, 13, 14, 16, 18]",,30.0,4,,,69,0.5,locked,53,1.0,0.0,33,7,11,3,31,15,ordinary,22,full_coverage_and_all_discovered_cleared,211,6035.45167,40.0,constant,,0.06796937499893829
8,0,True,0,8,2,2,0,uniform__smooth__70,uniform__smooth,8,14,,10,10,302,,bounded_transverse_width,,base,0,0.03434099999999951,,10,,0,0,,,,,,False,0,0,14,4,39,0,,2,2,290,range_grid21_29,,,[],,21401.916396410586,0,,0.0,,False,0,,604.9383281,"[2, 3, 5, 10, 11, 13, 15, 16, 19, 20]",,30.0,4,,,70,1.0,,,,,9,1,23,4,18,10,ordinary,21,full_coverage_and_all_discovered_cleared,269,6049.383281,40.0,constant,,0.03437270800350234
9,2,True,0,9,3,3,0,uniform__smooth__70,uniform__smooth,7,6,,10,10,322,,bounded_transverse_width,,base,0,0.029315999999999676,,10,,0,0,,,,,,False,0,0,6,2,39,0,,4,3,310,range_convex22,,,[],,21960.394844633425,0,,0.0,,False,0,,628.0078964,"[2, 3, 5, 10, 11, 13, 15, 16, 19, 20]",,30.0,4,,,70,1.0,,,,,6,2,0,2,17,10,ordinary,22,full_coverage_and_all_discovered_cleared,288,6280.078964,40.0,constant,,0.02933466702234
8,0,True,0,8,3,4,0,uniform__smooth__70,uniform__smooth,7,26,26,11,10,310,,bounded_transverse_width,,locked,39,0.0343599999999995,0,10,cached_distance_prefix_sum,0,0,,,26,0,26,True,0,0,26,4,0,0,8,2,2,297,count_locked_grid21_29,10,10,[],,20732.10680707444,0,,0.0,,False,0,340,595.9421363,"[2, 3, 5, 10, 11, 13, 15, 16, 19, 20]",0,30.0,4,0,0,70,1.0,,,,,8,1,11,4,18,10,ordinary,21,full_coverage_and_all_discovered_cleared,275,5959.421363,40.0,constant,,0.03462416597176343
13,0,True,0,13,4,4,0,uniform__smooth__70,uniform__smooth,6,6,,10,10,321,,bounded_transverse_width,,arc,0,0.03850000000000087,,10,,0,0,,,,,,False,0,0,6,4,0,0,,3,3,309,service_free0_grid21_29,,,[],0,21662.972188346503,0,,0.0,,False,0,,621.5594437,"[2, 3, 5, 10, 11, 13, 15, 16, 19, 20]",,30.0,4,,,70,0.5,free,44,0.0,0.0,13,1,2,4,23,10,ordinary,21,full_coverage_and_all_discovered_cleared,288,6215.594437,40.0,constant,,0.03854325000429526
13,1,True,0,13,1,1,0,uniform__smooth__70,uniform__smooth,9,8,,10,10,317,,bounded_transverse_width,,arc,0,0.04652199999999951,,10,,0,0,,,,,,False,0,0,8,5,0,0,,4,3,305,service_free1_grid21_29,,,[],576,21955.270102954753,0,,0.0,,False,0,,625.1054019999999,"[2, 3, 5, 10, 11, 13, 15, 16, 19, 20]",,30.0,4,,,70,0.5,free,43,1.0,0.0,15,0,4,5,22,10,ordinary,21,full_coverage_and_all_discovered_cleared,285,6251.05402,40.0,constant,,0.0465400829561986
8,0,True,0,8,2,2,0,uniform__smooth__70,uniform__smooth,8,8,,10,10,313,,bounded_transverse_width,,arc,0,0.04184000000000054,,10,,0,0,,,,,,False,0,0,8,3,0,0,,3,3,301,service_free2_grid21_29,,,[],519,21341.585383623406,0,,0.0,,False,0,,610.3317076000001,"[2, 3, 5, 10, 11, 13, 15, 16, 19, 20]",,30.0,4,,,70,0.5,free,39,2.0,0.0,12,1,2,3,18,10,ordinary,21,full_coverage_and_all_discovered_cleared,280,6103.317076,40.0,constant,,0.041862750018481165
11,1,True,0,11,1,3,0,uniform__smooth__70,uniform__smooth,9,18,,12,10,310,,bounded_transverse_width,,arc,0,0.037983999999999796,,10,,0,0,,,,,,False,0,0,18,6,0,0,,3,2,296,service_locked0_grid21_29,,,[],0,20600.251663833697,0,,0.0,,False,0,,593.2050332,"[2, 3, 5, 10, 11, 13, 15, 16, 19, 20]",,30.0,4,,,70,0.5,locked,41,0.0,0.0,8,0,31,6,20,10,ordinary,21,full_coverage_and_all_discovered_cleared,276,5932.050332,40.0,constant,,0.03804516704985872
13,1,True,0,13,2,3,0,uniform__smooth__70,uniform__smooth,8,13,,11,10,308,,bounded_transverse_width,,arc,0,0.03759500000000138,,10,,0,0,,,,,,False,0,0,13,5,0,0,,3,2,295,service_locked1_grid21_29,,,[],466,20909.085213392664,0,,0.0,,False,0,,598.2817041000001,"[2, 3, 5, 10, 11, 13, 15, 16, 19, 20]",,30.0,4,,,70,0.5,locked,43,1.0,0.0,9,2,19,5,22,10,ordinary,21,full_coverage_and_all_discovered_cleared,273,5982.817041,40.0,constant,,0.037610333994962275
19,1,True,0,19,3,4,0,uniform__smooth__70,uniform__smooth,7,12,,11,10,317,,bounded_transverse_width,,arc,0,0.046364000000000516,,10,,0,0,,,,,,False,0,0,12,6,0,0,,3,3,304,service_soft20_grid21_29,,,[],393,23273.700321715485,0,,0.0,,False,0,,650.7740065,"[2, 3, 5, 10, 11, 13, 15, 16, 19, 20]",,30.0,4,,,70,0.5,free,49,1.0,20.0,2,1,1,7,28,10,ordinary,21,full_coverage_and_all_discovered_cleared,280,6507.740065,40.0,constant,,0.04637024999829009
13,1,True,0,13,3,3,0,uniform__smooth__70,uniform__smooth,7,23,,10,10,322,,bounded_transverse_width,,arc,0,0.0481189999999998,,10,,0,0,,,,,,False,0,0,23,5,0,0,,4,3,310,service_free1_convex22,,,[],605,22774.971341487195,0,,0.0,,False,0,,643.8994264,"[2, 3, 5, 10, 11, 13, 15, 16, 19, 20]",,30.0,4,,,70,0.5,free,44,1.0,0.0,9,1,0,5,22,10,ordinary,22,full_coverage_and_all_discovered_cleared,284,6438.994264,40.0,constant,,0.04814566601999104
9,0,True,0,9,1,2,0,uniform__smooth__70,uniform__smooth,9,21,,11,10,328,,bounded_transverse_width,,arc,0,0.03479899999999958,,10,,0,0,,,,,,False,0,0,21,5,0,0,,2,2,315,service_locked1_convex22,,,[],492,21139.0955361549,0,,0.0,,False,0,,614.9819104999999,"[2, 3, 5, 10, 11, 13, 15, 16, 19, 20]",,30.0,4,,,70,0.5,locked,41,1.0,0.0,5,1,13,5,19,10,ordinary,22,full_coverage_and_all_discovered_cleared,294,6149.819105,40.0,constant,,0.034811834048014134
14,2,True,0,14,3,3,0,uniform__smooth__71,uniform__smooth,9,23,,12,12,286,,bounded_transverse_width,,base,0,0.04035000000000011,,12,,0,0,,,,,,False,0,0,23,2,45,0,,3,3,272,range_grid21_29,,,[],,22496.48332424171,0,,0.0,,False,0,,514.35805525,"[1, 2, 4, 5, 7, 9, 10, 13, 17, 18, 19, 20]",,30.0,4,,,71,1.0,,,,,15,0,1,2,24,12,ordinary,21,full_coverage_and_all_discovered_cleared,253,6172.296663,40.0,constant,,0.04036258300766349
14,2,True,0,14,1,3,0,uniform__smooth__71,uniform__smooth,11,26,,14,12,300,,bounded_transverse_width,,base,0,0.037544000000000466,,12,,0,0,,,,,,False,0,0,26,4,46,0,,4,3,284,range_convex22,,,[],,25085.11232509266,0,,0.0,,False,0,,563.4185385833333,"[1, 2, 4, 5, 7, 9, 10, 13, 17, 18, 19, 20]",,30.0,4,,,71,1.0,,,,,14,4,10,4,24,12,ordinary,22,full_coverage_and_all_discovered_cleared,258,6761.022463,40.0,constant,,0.03756591700948775
10,0,True,0,10,3,3,0,uniform__smooth__71,uniform__smooth,9,32,34,12,12,298,,bounded_transverse_width,,locked,43,0.041870000000001184,1,12,cached_distance_prefix_sum,0,0,,,34,0,33,True,0,0,34,4,0,0,8,3,3,284,count_locked_grid21_29,8,8,[],,22594.133006614797,0,,0.0,,False,0,535,521.4855498333333,"[1, 2, 4, 5, 7, 9, 10, 13, 17, 18, 19, 20]",2,30.0,4,0,0,71,1.0,,,,,17,3,13,5,22,12,ordinary,21,full_coverage_and_all_discovered_cleared,259,6257.826598,40.0,constant,,0.04191708302823827
19,4,True,0,19,3,4,0,uniform__smooth__71,uniform__smooth,9,7,,13,12,300,,bounded_transverse_width,,arc,0,0.04116299999999917,,12,,0,0,,,,,,False,0,0,7,4,0,0,,4,3,285,service_free0_grid21_29,,,[],0,22033.124900236427,0,,0.0,,False,0,,512.8020813333334,"[1, 2, 4, 5, 7, 9, 10, 13, 17, 18, 19, 20]",,30.0,4,,,71,0.5,free,48,0.0,0.0,13,2,4,4,27,12,ordinary,21,full_coverage_and_all_discovered_cleared,259,6153.624976,40.0,constant,,0.04116604203591123
17,4,True,0,17,4,5,1,uniform__smooth__71,uniform__smooth,8,7,,13,12,301,,bounded_transverse_width,,arc,0,0.049498000000001596,,12,,0,0,,,,,,False,0,0,7,4,0,0,,4,3,286,service_free1_grid21_29,,,[],1056,21125.36555219278,0,,0.0,,False,0,,498.1727589166667,"[1, 2, 4, 5, 7, 9, 10, 13, 17, 18, 19, 20]",,30.0,4,,,71,0.5,free,47,1.0,0.0,12,2,1,4,26,12,ordinary,21,full_coverage_and_all_discovered_cleared,260,5978.073107,40.0,constant,,0.049523708992637694
12,1,True,0,12,5,6,0,uniform__smooth__71,uniform__smooth,7,16,,13,12,299,,bounded_transverse_width,,arc,0,0.059292999999998486,,12,,0,0,,,,,,False,0,0,16,6,0,0,,3,3,284,service_free2_grid21_29,,,[],993,24343.52396706883,0,,0.0,,False,0,,551.1420658333333,"[1, 2, 4, 5, 7, 9, 10, 13, 17, 18, 19, 20]",,30.0,4,,,71,0.5,free,44,2.0,0.0,17,1,11,6,23,12,ordinary,21,full_coverage_and_all_discovered_cleared,262,6613.70479,40.0,constant,,0.05943525000475347
13,0,True,0,13,4,4,0,uniform__smooth__71,uniform__smooth,8,29,,12,12,293,,bounded_transverse_width,,arc,0,0.04715000000000025,,12,,0,0,,,,,,False,0,0,29,5,0,0,,3,3,279,service_locked0_grid21_29,,,[],0,22669.427493243507,0,,0.0,,False,0,,520.1571245833334,"[1, 2, 4, 5, 7, 9, 10, 13, 17, 18, 19, 20]",,30.0,4,,,71,0.5,locked,46,0.0,0.0,16,2,14,6,25,12,ordinary,21,full_coverage_and_all_discovered_cleared,253,6241.885495,40.0,constant,,0.047160582966171205
14,0,True,0,14,5,5,0,uniform__smooth__71,uniform__smooth,7,24,,12,12,288,,bounded_transverse_width,,arc,0,0.04567800000000055,,12,,0,0,,,,,,False,0,0,24,5,0,0,,3,3,274,service_locked1_grid21_29,,,[],1028,23027.785281422657,0,,0.0,,False,0,,523.546421,"[1, 2, 4, 5, 7, 9, 10, 13, 17, 18, 19, 20]",,30.0,4,,,71,0.5,locked,47,1.0,0.0,13,2,12,5,26,12,ordinary,21,full_coverage_and_all_discovered_cleared,247,6282.557052,40.0,constant,,0.04569554200861603
22,3,True,0,22,5,6,0,uniform__smooth__71,uniform__smooth,7,1,,13,12,293,,bounded_transverse_width,,arc,0,0.0552690000000009,,12,,0,0,,,,,,False,0,0,1,6,0,0,,4,3,278,service_soft20_grid21_29,,,[],886,24434.324395118947,0,,0.0,,False,0,,549.1554063333333,"[1, 2, 4, 5, 7, 9, 10, 13, 17, 18, 19, 20]",,30.0,4,,,71,0.5,free,52,1.0,20.0,11,2,0,6,31,12,ordinary,21,full_coverage_and_all_discovered_cleared,250,6589.864876,40.0,constant,,0.05550966702867299
11,3,True,0,11,5,6,1,uniform__smooth__71,uniform__smooth,7,36,,13,12,300,,bounded_transverse_width,,arc,0,0.05692200000000014,,12,,0,0,,,,,,False,0,0,36,4,0,0,,3,2,285,service_free1_convex22,,,[],1290,24189.461631838196,0,,0.0,,False,0,,548.9076936666667,"[1, 2, 4, 5, 7, 9, 10, 13, 17, 18, 19, 20]",,30.0,4,,,71,0.5,free,43,1.0,0.0,16,1,5,4,21,12,ordinary,22,full_coverage_and_all_discovered_cleared,261,6586.892324,40.0,constant,,0.057008709001820534
17,5,True,0,17,4,4,1,uniform__smooth__71,uniform__smooth,8,27,,12,12,298,,bounded_transverse_width,,arc,0,0.04470599999999969,,12,,0,0,,,,,,False,0,0,27,6,0,0,,5,3,284,service_locked1_convex22,,,[],807,23123.605856000904,0,,0.0,,False,0,,530.2267640833334,"[1, 2, 4, 5, 7, 9, 10, 13, 17, 18, 19, 20]",,30.0,4,,,71,0.5,locked,47,1.0,0.0,15,14,6,6,25,12,ordinary,22,full_coverage_and_all_discovered_cleared,258,6362.721169,40.0,constant,,0.044908582989592105
9,1,True,0,9,3,4,0,uniform__adversarial-positive__67,uniform__adversarial-positive,7,27,,11,10,316,,bounded_transverse_width,,base,0,0.029110999999998555,,10,,0,0,,,,,,False,0,0,27,0,39,0,,3,3,303,range_grid21_29,,,[],,21836.67666916602,0,,0.0,,False,0,,621.5335332,"[4, 5, 7, 8, 9, 10, 14, 15, 18, 19]",,30.0,4,,,67,1.0,,,,,8,0,0,0,18,10,ordinary,21,full_coverage_and_all_discovered_cleared,280,6215.335332,40.0,constant,,0.029130208014976233
9,1,True,0,9,1,2,0,uniform__adversarial-positive__67,uniform__adversarial-positive,9,29,,11,10,312,,bounded_transverse_width,,base,0,0.033048000000000854,,10,,0,0,,,,,,False,0,0,29,3,40,0,,3,2,299,range_convex22,,,[],,20665.981202830313,0,,0.0,,False,0,,595.6196235,"[4, 5, 7, 8, 9, 10, 14, 15, 18, 19]",,30.0,4,,,67,1.0,,,,,17,2,3,3,18,10,ordinary,22,full_coverage_and_all_discovered_cleared,275,5956.196235,40.0,constant,,0.03306070901453495
3,0,True,0,3,4,4,0,uniform__adversarial-positive__67,uniform__adversarial-positive,6,38,39,10,10,288,,bounded_transverse_width,,locked,34,0.034397999999999485,2,10,cached_distance_prefix_sum,0,0,,,39,0,37,True,0,0,39,1,0,0,8,2,2,276,count_locked_grid21_29,10,10,[],,20851.528886497905,0,,0.0,,False,0,327,585.7305776000001,"[4, 5, 7, 8, 9, 10, 14, 15, 18, 19]",1,30.0,4,0,0,67,1.0,,,,,12,0,5,1,13,10,ordinary,21,full_coverage_and_all_discovered_cleared,257,5857.305776,40.0,constant,,0.03440745797706768
10,1,True,0,10,0,0,0,uniform__adversarial-positive__67,uniform__adversarial-positive,10,19,,10,10,291,,bounded_transverse_width,,arc,0,0.034100999999999715,,10,,0,0,,,,,,False,0,0,19,3,0,0,,3,3,279,service_free0_grid21_29,,,[],0,22066.63375631309,0,,0.0,,False,0,,611.7326749,"[4, 5, 7, 8, 9, 10, 14, 15, 18, 19]",,30.0,4,,,67,0.5,free,40,0.0,0.0,11,2,1,3,19,10,ordinary,21,full_coverage_and_all_discovered_cleared,259,6117.326749,40.0,constant,,0.034112249966710806
13,2,True,0,13,3,4,0,uniform__adversarial-positive__67,uniform__adversarial-positive,7,23,,11,10,287,,bounded_transverse_width,,arc,0,0.039314999999998435,,10,,0,0,,,,,,False,0,0,23,1,0,0,,3,3,274,service_free1_grid21_29,,,[],900,23012.100946039725,0,,0.0,,False,0,,627.642019,"[4, 5, 7, 8, 9, 10, 14, 15, 18, 19]",,30.0,4,,,67,0.5,free,42,1.0,0.0,10,4,2,1,21,10,ordinary,21,full_coverage_and_all_discovered_cleared,251,6276.42019,40.0,constant,,0.03935608302708715
6,0,True,0,6,2,2,0,uniform__adversarial-positive__67,uniform__adversarial-positive,8,6,,10,10,291,,bounded_transverse_width,,arc,0,0.03722700000000145,,10,,0,0,,,,,,False,0,0,6,3,0,0,,1,1,279,service_free2_grid21_29,,,[],441,21472.386611130252,0,,0.0,,False,0,,599.5477321999999,"[4, 5, 7, 8, 9, 10, 14, 15, 18, 19]",,30.0,4,,,67,0.5,free,37,2.0,0.0,14,2,7,3,16,10,ordinary,21,full_coverage_and_all_discovered_cleared,256,5995.477322,40.0,constant,,0.037238917022477835
8,1,True,0,8,3,3,0,uniform__adversarial-positive__67,uniform__adversarial-positive,7,17,,10,10,285,,bounded_transverse_width,,arc,0,0.03972399999999965,,10,,0,0,,,,,,False,0,0,17,3,0,0,,3,2,273,service_locked0_grid21_29,,,[],0,21268.909388651726,0,,0.0,,False,0,,591.9781877,"[4, 5, 7, 8, 9, 10, 14, 15, 18, 19]",,30.0,4,,,67,0.5,locked,38,0.0,0.0,13,6,15,3,17,10,ordinary,21,full_coverage_and_all_discovered_cleared,251,5919.781877,40.0,constant,,0.03974391595693305
8,1,True,0,8,3,3,0,uniform__adversarial-positive__67,uniform__adversarial-positive,7,17,,10,10,284,,bounded_transverse_width,,arc,0,0.03768399999999872,,10,,0,0,,,,,,False,0,0,17,3,0,0,,3,2,272,service_locked1_grid21_29,,,[],609,21279.729093252172,0,,0.0,,False,0,,591.5945818,"[4, 5, 7, 8, 9, 10, 14, 15, 18, 19]",,30.0,4,,,67,0.5,locked,38,1.0,0.0,13,6,15,3,17,10,ordinary,21,full_coverage_and_all_discovered_cleared,250,5915.945818,40.0,constant,,0.03772449999814853
9,1,True,0,9,4,4,0,uniform__adversarial-positive__67,uniform__adversarial-positive,6,3,,10,10,272,,bounded_transverse_width,,arc,0,0.035606999999998834,,10,,0,0,,,,,,False,0,0,3,1,0,0,,3,3,260,service_soft20_grid21_29,,,[],466,21898.696629776296,0,,0.0,,False,0,,596.6739322999999,"[4, 5, 7, 8, 9, 10, 14, 15, 18, 19]",,30.0,4,,,67,0.5,free,39,1.0,20.0,12,1,0,1,18,10,ordinary,21,full_coverage_and_all_discovered_cleared,237,5966.739323,40.0,constant,,0.03561187500599772
7,0,True,0,7,4,4,0,uniform__adversarial-positive__67,uniform__adversarial-positive,6,17,,10,10,288,,bounded_transverse_width,,arc,0,0.04626700000000028,,10,,0,0,,,,,,False,0,0,17,3,0,0,,2,2,276,service_free1_convex22,,,[],579,21527.65646933281,0,,0.0,,False,0,,598.7531291,"[4, 5, 7, 8, 9, 10, 14, 15, 18, 19]",,30.0,4,,,67,0.5,free,39,1.0,0.0,11,3,8,3,17,10,ordinary,22,full_coverage_and_all_discovered_cleared,252,5987.531291,40.0,constant,,0.046289582969620824
8,1,True,0,8,3,3,0,uniform__adversarial-positive__67,uniform__adversarial-positive,7,17,,10,10,310,,bounded_transverse_width,,arc,0,0.03512500000000074,,10,,0,0,,,,,,False,0,0,17,5,0,0,,3,2,298,service_locked1_convex22,,,[],468,20735.62018079104,0,,0.0,,False,0,,596.6124033,"[4, 5, 7, 8, 9, 10, 14, 15, 18, 19]",,30.0,4,,,67,0.5,locked,39,1.0,0.0,10,4,19,5,17,10,ordinary,22,full_coverage_and_all_discovered_cleared,279,5966.124033,40.0,constant,,0.03513433301122859
10,1,True,0,10,4,5,0,uniform__adversarial-positive__68,uniform__adversarial-positive,11,27,,16,15,263,,bounded_transverse_width,,base,0,0.04274900000000059,,15,,0,0,,,,,,False,0,0,27,1,45,0,,3,3,245,range_grid21_29,,,[],,21508.0888200133,0,,0.0,,False,0,,388.7078507333334,"[2, 4, 5, 6, 8, 9, 11, 12, 13, 14, 15, 16, 17, 19, 20]",,30.0,4,,,68,1.0,,,,,17,7,5,1,24,15,ordinary,21,full_coverage_and_all_discovered_cleared,226,5830.617761,40.0,constant,,0.04279833397595212
21,3,True,0,21,2,3,0,uniform__adversarial-positive__68,uniform__adversarial-positive,13,27,,16,15,267,,bounded_transverse_width,,base,0,0.050879000000001895,,15,,0,0,,,,,,False,0,0,27,4,55,0,,4,3,249,range_convex22,,,[],,25805.126944567583,0,,0.0,,False,0,,447.2016924,"[2, 4, 5, 6, 8, 9, 11, 12, 13, 14, 15, 16, 17, 19, 20]",,30.0,4,,,68,1.0,,,,,23,23,10,4,33,15,ordinary,22,full_coverage_and_all_discovered_cleared,224,6708.025386,40.0,constant,,0.05092604202218354
8,0,True,0,8,4,5,0,uniform__adversarial-positive__68,uniform__adversarial-positive,11,36,39,16,15,260,,bounded_transverse_width,,locked,44,0.05101500000000314,5,15,cached_distance_prefix_sum,0,0,,,39,0,34,True,0,0,39,3,0,0,8,3,3,242,count_locked_grid21_29,5,5,[],,21537.755038550087,0,,0.0,,False,0,530,388.2367338,"[2, 4, 5, 6, 8, 9, 11, 12, 13, 14, 15, 16, 17, 19, 20]",3,30.0,4,0,0,68,1.0,,,,,29,5,0,3,23,15,ordinary,21,full_coverage_and_all_discovered_cleared,228,5823.551007,40.0,constant,,0.051036415970884264
10,1,True,0,10,4,4,0,uniform__adversarial-positive__68,uniform__adversarial-positive,11,30,,15,15,261,,bounded_transverse_width,,arc,0,0.04879700000000042,,15,,0,0,,,,,,False,0,0,30,4,0,0,,2,2,244,service_free0_grid21_29,,,[],0,22143.990208000258,0,,0.0,,False,0,,396.5865359333333,"[2, 4, 5, 6, 8, 9, 11, 12, 13, 14, 15, 16, 17, 19, 20]",,30.0,4,,,68,0.5,free,45,0.0,0.0,15,7,7,4,24,15,ordinary,21,full_coverage_and_all_discovered_cleared,225,5948.798039,40.0,constant,,0.04885895800543949
15,2,True,0,15,4,6,0,uniform__adversarial-positive__68,uniform__adversarial-positive,11,27,,17,15,254,,bounded_transverse_width,,arc,0,0.06624000000000052,,15,,0,0,,,,,,False,0,0,27,2,0,0,,4,3,235,service_free1_grid21_29,,,[],1416,23960.139253333982,0,,0.0,,False,0,,417.26852333333335,"[2, 4, 5, 6, 8, 9, 11, 12, 13, 14, 15, 16, 17, 19, 20]",,30.0,4,,,68,0.5,free,49,1.0,0.0,19,7,9,2,28,15,ordinary,21,full_coverage_and_all_discovered_cleared,211,6259.02785,40.0,constant,,0.0662974170409143
14,0,True,0,14,6,7,0,uniform__adversarial-positive__68,uniform__adversarial-positive,9,20,,16,15,249,,bounded_transverse_width,,arc,0,0.07219499999999712,,15,,0,0,,,,,,False,0,0,20,2,0,0,,3,3,231,service_free2_grid21_29,,,[],1443,21999.18870116927,0,,0.0,,False,0,,389.32251579999996,"[2, 4, 5, 6, 8, 9, 11, 12, 13, 14, 15, 16, 17, 19, 20]",,30.0,4,,,68,0.5,free,50,2.0,0.0,24,7,1,3,29,15,ordinary,21,full_coverage_and_all_discovered_cleared,207,5839.837737,40.0,constant,,0.07234029204118997
10,0,True,0,10,4,5,0,uniform__adversarial-positive__68,uniform__adversarial-positive,11,36,,16,15,264,,bounded_transverse_width,,arc,0,0.056317999999997426,,15,,0,0,,,,,,False,0,0,36,3,0,0,,3,3,246,service_locked0_grid21_29,,,[],0,21416.43330415777,0,,0.0,,False,0,,387.8857773333333,"[2, 4, 5, 6, 8, 9, 11, 12, 13, 14, 15, 16, 17, 19, 20]",,30.0,4,,,68,0.5,locked,46,0.0,0.0,29,5,0,3,25,15,ordinary,21,full_coverage_and_all_discovered_cleared,227,5818.28666,40.0,constant,,0.056378333014436066
14,1,True,0,14,4,5,0,uniform__adversarial-positive__68,uniform__adversarial-positive,11,36,,16,15,258,,bounded_transverse_width,,arc,0,0.05773200000000145,,15,,0,0,,,,,,False,0,0,36,4,0,0,,4,3,240,service_locked1_grid21_29,,,[],1380,22048.40614927411,0,,0.0,,False,0,,393.7787486,"[2, 4, 5, 6, 8, 9, 11, 12, 13, 14, 15, 16, 17, 19, 20]",,30.0,4,,,68,0.5,locked,49,1.0,0.0,28,7,0,4,28,15,ordinary,21,full_coverage_and_all_discovered_cleared,219,5906.681229,40.0,constant,,0.0577470000134781
18,1,True,0,18,4,7,0,uniform__adversarial-positive__68,uniform__adversarial-positive,11,6,,18,15,248,,bounded_transverse_width,,arc,0,0.0686479999999996,,15,,0,0,,,,,,False,0,0,6,3,0,0,,4,3,228,service_soft20_grid21_29,,,[],1319,25521.429304514004,0,,0.0,,False,0,,435.4857239333333,"[2, 4, 5, 6, 8, 9, 11, 12, 13, 14, 15, 16, 17, 19, 20]",,30.0,4,,,68,0.5,free,53,1.0,20.0,24,6,2,3,32,15,ordinary,21,full_coverage_and_all_discovered_cleared,204,6532.285859,40.0,constant,,0.06884733395418152
22,3,True,0,22,3,5,0,uniform__adversarial-positive__68,uniform__adversarial-positive,12,28,,17,15,281,,bounded_transverse_width,,arc,0,0.0733239999999995,,15,,0,0,,,,,,False,0,0,28,4,0,0,,3,3,262,service_free1_convex22,,,[],1489,23837.849657365892,0,,0.0,,False,0,,426.4379951333333,"[2, 4, 5, 6, 8, 9, 11, 12, 13, 14, 15, 16, 17, 19, 20]",,30.0,4,,,68,0.5,free,56,1.0,0.0,19,9,8,4,34,15,ordinary,22,full_coverage_and_all_discovered_cleared,238,6396.569927,40.0,constant,,0.0733644170104526
15,2,True,0,15,3,5,1,uniform__adversarial-positive__68,uniform__adversarial-positive,12,25,,17,15,249,,bounded_transverse_width,,arc,0,0.05444700000000324,,15,,0,0,,,,,,False,0,0,25,5,0,0,,3,3,230,service_locked1_convex22,,,[],1420,22821.876870981592,0,,0.0,,False,0,,400.0916913333333,"[2, 4, 5, 6, 8, 9, 11, 12, 13, 14, 15, 16, 17, 19, 20]",,30.0,4,,,68,0.5,locked,51,1.0,0.0,29,5,3,5,29,15,ordinary,22,full_coverage_and_all_discovered_cleared,206,6001.37537,40.0,constant,,0.05451987503329292
11,2,True,0,11,3,4,0,uniform__adversarial-positive__69,uniform__adversarial-positive,12,23,,16,15,247,,bounded_transverse_width,,base,0,0.04846099999999964,,15,,0,0,,,,,,False,0,0,23,4,45,0,,3,2,229,range_grid21_29,,,[],,21681.92459161199,0,,0.0,,False,0,,384.3589943333333,"[2, 3, 4, 5, 6, 7, 8, 9, 10, 11, 12, 13, 14, 16, 18]",,30.0,4,,,69,1.0,,,,,28,7,18,4,24,15,ordinary,21,full_coverage_and_all_discovered_cleared,206,5765.384915,40.0,constant,,0.04847887495998293
12,2,True,0,12,5,8,0,uniform__adversarial-positive__69,uniform__adversarial-positive,10,30,,18,15,278,,bounded_transverse_width,,base,0,0.04871199999999831,,15,,0,0,,,,,,False,0,0,30,2,47,0,,3,2,258,range_convex22,,,[],,21891.848318524124,0,,0.0,,False,0,,399.2913108,"[2, 3, 4, 5, 6, 7, 8, 9, 10, 11, 12, 13, 14, 16, 18]",,30.0,4,,,69,1.0,,,,,26,3,20,2,25,15,ordinary,22,full_coverage_and_all_discovered_cleared,237,5989.369662,40.0,constant,,0.048714791948441416
11,1,True,0,11,3,5,0,uniform__adversarial-positive__69,uniform__adversarial-positive,12,16,19,17,15,245,,bounded_transverse_width,,locked,46,0.052510999999999086,1,15,cached_distance_prefix_sum,0,0,,,19,0,18,True,0,0,19,1,0,0,8,3,3,226,count_locked_grid21_29,5,5,[],,22469.600780927172,0,,0.0,,False,0,272,393.99467666666663,"[2, 3, 4, 5, 6, 7, 8, 9, 10, 11, 12, 13, 14, 16, 18]",3,30.0,4,0,0,69,1.0,,,,,29,8,1,1,25,15,ordinary,21,full_coverage_and_all_discovered_cleared,205,5909.92015,40.0,constant,,0.052569624967873096
11,0,True,0,11,3,4,0,uniform__adversarial-positive__69,uniform__adversarial-positive,12,31,,16,15,268,,bounded_transverse_width,,arc,0,0.05846700000000027,,15,,0,0,,,,,,False,0,0,31,4,0,0,,2,2,250,service_free0_grid21_29,,,[],0,23972.368418110604,0,,0.0,,False,0,,423.43157859999997,"[2, 3, 4, 5, 6, 7, 8, 9, 10, 11, 12, 13, 14, 16, 18]",,30.0,4,,,69,0.5,free,47,0.0,0.0,26,3,23,4,26,15,ordinary,21,full_coverage_and_all_discovered_cleared,229,6351.473679,40.0,constant,,0.05848970799706876
20,2,True,0,20,3,4,0,uniform__adversarial-positive__69,uniform__adversarial-positive,12,17,,16,15,243,,bounded_transverse_width,,arc,0,0.06324799999999797,,15,,0,0,,,,,,False,0,0,17,5,0,0,,3,3,225,service_free1_grid21_29,,,[],1033,21932.846855627016,0,,0.0,,False,0,,385.971291,"[2, 3, 4, 5, 6, 7, 8, 9, 10, 11, 12, 13, 14, 16, 18]",,30.0,4,,,69,0.5,free,54,1.0,0.0,23,5,17,5,33,15,ordinary,21,full_coverage_and_all_discovered_cleared,200,5789.569365,40.0,constant,,0.06334191595669836
15,1,True,0,15,4,5,0,uniform__adversarial-positive__69,uniform__adversarial-positive,11,8,,16,15,230,,bounded_transverse_width,,arc,0,0.0718720000000026,,15,,0,0,,,,,,False,0,0,8,5,0,0,,3,3,212,service_free2_grid21_29,,,[],1047,22580.326429122702,0,,0.0,,False,0,,389.33768560000004,"[2, 3, 4, 5, 6, 7, 8, 9, 10, 11, 12, 13, 14, 16, 18]",,30.0,4,,,69,0.5,free,50,2.0,0.0,25,5,1,5,29,15,ordinary,21,full_coverage_and_all_discovered_cleared,186,5840.065284,40.0,constant,,0.07205420802347362
11,0,True,0,11,5,5,0,uniform__adversarial-positive__69,uniform__adversarial-positive,10,20,,15,15,236,,bounded_transverse_width,,arc,0,0.05374500000000282,,15,,0,0,,,,,,False,0,0,20,5,0,0,,3,3,219,service_locked0_grid21_29,,,[],0,22844.05859473864,0,,0.0,,False,0,,395.5207811333333,"[2, 3, 4, 5, 6, 7, 8, 9, 10, 11, 12, 13, 14, 16, 18]",,30.0,4,,,69,0.5,locked,47,0.0,0.0,24,6,2,5,26,15,ordinary,21,full_coverage_and_all_discovered_cleared,194,5932.811717,40.0,constant,,0.053775915992446244
11,0,True,0,11,5,5,0,uniform__adversarial-positive__69,uniform__adversarial-positive,10,20,,15,15,236,,bounded_transverse_width,,arc,0,0.055153000000000674,,15,,0,0,,,,,,False,0,0,20,5,0,0,,3,3,219,service_locked1_grid21_29,,,[],1461,22844.05859473864,0,,0.0,,False,0,,395.5207811333333,"[2, 3, 4, 5, 6, 7, 8, 9, 10, 11, 12, 13, 14, 16, 18]",,30.0,4,,,69,0.5,locked,47,1.0,0.0,24,6,2,5,26,15,ordinary,21,full_coverage_and_all_discovered_cleared,194,5932.811717,40.0,constant,,0.05523783399257809
16,1,True,0,16,6,8,0,uniform__adversarial-positive__69,uniform__adversarial-positive,9,7,,17,15,244,,bounded_transverse_width,,arc,0,0.0665389999999988,,15,,0,0,,,,,,False,0,0,7,5,0,0,,3,2,225,service_soft20_grid21_29,,,[],1110,24990.020447238847,0,,0.0,,False,0,,426.93360566666667,"[2, 3, 4, 5, 6, 7, 8, 9, 10, 11, 12, 13, 14, 16, 18]",,30.0,4,,,69,0.5,free,51,1.0,20.0,31,5,0,6,30,15,ordinary,21,full_coverage_and_all_discovered_cleared,200,6404.004085,40.0,constant,,0.066570499970112
11,1,True,0,11,5,5,0,uniform__adversarial-positive__69,uniform__adversarial-positive,10,16,,15,15,231,,bounded_transverse_width,,arc,0,0.07279700000000133,,15,,0,0,,,,,,False,0,0,16,4,0,0,,3,2,214,service_free1_convex22,,,[],1094,22716.99899417282,0,,0.0,,False,0,,392.02665313333335,"[2, 3, 4, 5, 6, 7, 8, 9, 10, 11, 12, 13, 14, 16, 18]",,30.0,4,,,69,0.5,free,47,1.0,0.0,29,0,17,4,25,15,ordinary,22,full_coverage_and_all_discovered_cleared,192,5880.399797,40.0,constant,,0.07287191698560491
12,1,True,0,12,4,4,0,uniform__adversarial-positive__69,uniform__adversarial-positive,11,33,,15,15,240,,bounded_transverse_width,,arc,0,0.05365799999999865,,15,,0,0,,,,,,False,0,0,33,1,0,0,,3,3,223,service_locked1_convex22,,,[],1487,21764.066143350552,0,,0.0,,False,0,,382.7208818,"[2, 3, 4, 5, 6, 7, 8, 9, 10, 11, 12, 13, 14, 16, 18]",,30.0,4,,,69,0.5,locked,48,1.0,0.0,27,4,3,1,26,15,ordinary,22,full_coverage_and_all_discovered_cleared,198,5740.813227,40.0,constant,,0.05371475004358217
6,0,True,0,6,3,4,0,uniform__adversarial-positive__70,uniform__adversarial-positive,7,13,,11,10,313,,bounded_transverse_width,,base,0,0.030533999999999395,,10,,0,0,,,,,,False,0,0,13,2,37,0,,3,3,300,range_grid21_29,,,[],,21336.210138498933,0,,0.0,,False,0,,609.9242029,"[2, 3, 5, 10, 11, 13, 15, 16, 19, 20]",,30.0,4,,,70,1.0,,,,,9,0,3,2,16,10,ordinary,21,full_coverage_and_all_discovered_cleared,279,6099.242029,40.0,constant,,0.030552207957953215
8,0,True,0,8,4,5,0,uniform__adversarial-positive__70,uniform__adversarial-positive,6,6,,11,10,323,,bounded_transverse_width,,base,0,0.03245399999999776,,10,,0,0,,,,,,False,0,0,6,1,40,0,,3,3,310,range_convex22,,,[],,22264.85494718749,0,,0.0,,False,0,,634.1970987,"[2, 3, 5, 10, 11, 13, 15, 16, 19, 20]",,30.0,4,,,70,1.0,,,,,10,1,0,1,18,10,ordinary,22,full_coverage_and_all_discovered_cleared,286,6341.970987,40.0,constant,,0.03254491701954976
8,0,True,0,8,3,3,0,uniform__adversarial-positive__70,uniform__adversarial-positive,7,26,26,10,10,307,,bounded_transverse_width,,locked,39,0.03603800000000135,3,10,cached_distance_prefix_sum,0,0,,,26,0,23,True,0,0,26,5,0,0,8,2,2,295,count_locked_grid21_29,10,10,[],,20097.860676633467,0,,0.0,,False,0,255,582.1572136,"[2, 3, 5, 10, 11, 13, 15, 16, 19, 20]",0,30.0,4,0,0,70,1.0,,,,,9,0,21,5,18,10,ordinary,21,full_coverage_and_all_discovered_cleared,277,5821.572136,40.0,constant,,0.03606754099018872
17,2,True,0,17,3,4,0,uniform__adversarial-positive__70,uniform__adversarial-positive,7,14,,11,10,326,,bounded_transverse_width,,arc,0,0.041455000000002684,,10,,0,0,,,,,,False,0,0,14,6,0,0,,3,3,313,service_free0_grid21_29,,,[],0,20922.69970000826,0,,0.0,,False,0,,609.4539942,"[2, 3, 5, 10, 11, 13, 15, 16, 19, 20]",,30.0,4,,,70,0.5,free,46,0.0,0.0,9,0,0,6,25,10,ordinary,21,full_coverage_and_all_discovered_cleared,292,6094.539942,40.0,constant,,0.04146149998996407
13,0,True,0,13,3,3,0,uniform__adversarial-positive__70,uniform__adversarial-positive,7,13,,10,10,311,,bounded_transverse_width,,arc,0,0.0487390000000012,,10,,0,0,,,,,,False,0,0,13,6,0,0,,3,3,299,service_free1_grid21_29,,,[],481,22644.711559943556,0,,0.0,,False,0,,634.9942315000001,"[2, 3, 5, 10, 11, 13, 15, 16, 19, 20]",,30.0,4,,,70,0.5,free,44,1.0,0.0,7,0,0,6,23,10,ordinary,21,full_coverage_and_all_discovered_cleared,276,6349.942315,40.0,constant,,0.04876170796342194
8,0,True,0,8,5,5,0,uniform__adversarial-positive__70,uniform__adversarial-positive,5,8,,10,10,314,,bounded_transverse_width,,arc,0,0.04251999999999967,,10,,0,0,,,,,,False,0,0,8,3,0,0,,3,3,302,service_free2_grid21_29,,,[],542,21507.573343398486,0,,0.0,,False,0,,614.0514671,"[2, 3, 5, 10, 11, 13, 15, 16, 19, 20]",,30.0,4,,,70,0.5,free,39,2.0,0.0,12,0,1,3,18,10,ordinary,21,full_coverage_and_all_discovered_cleared,279,6140.514671,40.0,constant,,0.042553250037599355
6,0,True,0,6,3,3,0,uniform__adversarial-positive__70,uniform__adversarial-positive,7,26,,10,10,306,,bounded_transverse_width,,arc,0,0.03621700000000061,,10,,0,0,,,,,,False,0,0,26,4,0,0,,2,2,294,service_locked0_grid21_29,,,[],0,20256.03336147191,0,,0.0,,False,0,,584.5206671,"[2, 3, 5, 10, 11, 13, 15, 16, 19, 20]",,30.0,4,,,70,0.5,locked,37,0.0,0.0,9,0,20,4,16,10,ordinary,21,full_coverage_and_all_discovered_cleared,274,5845.206671,40.0,constant,,0.036236041982192546
8,0,True,0,8,3,3,0,uniform__adversarial-positive__70,uniform__adversarial-positive,7,21,,10,10,304,,bounded_transverse_width,,arc,0,0.0353500000000011,,10,,0,0,,,,,,False,0,0,21,4,0,0,,2,2,292,service_locked1_grid21_29,,,[],433,20683.49159886742,0,,0.0,,False,0,,591.8698317999999,"[2, 3, 5, 10, 11, 13, 15, 16, 19, 20]",,30.0,4,,,70,0.5,locked,39,1.0,0.0,10,2,10,4,18,10,ordinary,21,full_coverage_and_all_discovered_cleared,272,5918.698318,40.0,constant,,0.03535766695858911
18,1,True,0,18,4,6,0,uniform__adversarial-positive__70,uniform__adversarial-positive,6,5,,12,10,325,,bounded_transverse_width,,arc,0,0.047485000000001776,,10,,0,0,,,,,,False,0,0,5,6,0,0,,4,3,311,service_soft20_grid21_29,,,[],355,21992.354021847954,0,,0.0,,False,0,,629.6470801,"[2, 3, 5, 10, 11, 13, 15, 16, 19, 20]",,30.0,4,,,70,0.5,free,48,1.0,20.0,2,1,3,6,27,10,ordinary,21,full_coverage_and_all_discovered_cleared,287,6296.470801,40.0,constant,,0.047613542003091425
15,2,True,0,15,3,4,0,uniform__adversarial-positive__70,uniform__adversarial-positive,7,23,,11,10,325,,bounded_transverse_width,,arc,0,0.04831000000000074,,10,,0,0,,,,,,False,0,0,23,5,0,0,,4,3,312,service_free1_convex22,,,[],633,22592.206954977642,0,,0.0,,False,0,,641.6441386,"[2, 3, 5, 10, 11, 13, 15, 16, 19, 20]",,30.0,4,,,70,0.5,free,45,1.0,0.0,9,0,0,5,23,10,ordinary,22,full_coverage_and_all_discovered_cleared,285,6416.441386,40.0,constant,,0.04835004097549245
8,0,True,0,8,3,3,0,uniform__adversarial-positive__70,uniform__adversarial-positive,7,21,,10,10,328,,bounded_transverse_width,,arc,0,0.03568899999999786,,10,,0,0,,,,,,False,0,0,21,5,0,0,,2,2,316,service_locked1_convex22,,,[],482,21300.27787481815,0,,0.0,,False,0,,618.5055572,"[2, 3, 5, 10, 11, 13, 15, 16, 19, 20]",,30.0,4,,,70,0.5,locked,40,1.0,0.0,6,1,12,5,18,10,ordinary,22,full_coverage_and_all_discovered_cleared,295,6185.055572,40.0,constant,,0.03570933296578005
10,1,True,0,10,7,8,0,uniform__adversarial-positive__71,uniform__adversarial-positive,5,15,,13,12,291,,bounded_transverse_width,,base,0,0.03494200000000092,,12,,0,0,,,,,,False,0,0,15,3,42,0,,3,2,276,range_grid21_29,,,[],,21780.37555517433,0,,0.0,,False,0,,504.422926,"[1, 2, 4, 5, 7, 9, 10, 13, 17, 18, 19, 20]",,30.0,4,,,71,1.0,,,,,14,0,1,3,21,12,ordinary,21,full_coverage_and_all_discovered_cleared,254,6053.075112,40.0,constant,,0.03495116700651124
6,1,True,0,6,2,2,0,uniform__adversarial-positive__71,uniform__adversarial-positive,10,29,,12,12,308,,bounded_transverse_width,,base,0,0.038992999999997835,,12,,0,0,,,,,,False,0,0,29,3,39,0,,2,2,294,range_convex22,,,[],,21455.38334621059,0,,0.0,,False,0,,508.0063889166667,"[1, 2, 4, 5, 7, 9, 10, 13, 17, 18, 19, 20]",,30.0,4,,,71,1.0,,,,,12,3,28,3,17,12,ordinary,22,full_coverage_and_all_discovered_cleared,275,6096.076667,40.0,constant,,0.039046374964527786
10,0,True,0,10,4,4,0,uniform__adversarial-positive__71,uniform__adversarial-positive,8,32,34,12,12,297,,bounded_transverse_width,,locked,43,0.04257800000000245,1,12,cached_distance_prefix_sum,0,0,,,34,0,33,True,0,0,34,4,0,0,8,3,3,283,count_locked_grid21_29,8,8,[],,22444.97717045394,0,,0.0,,False,0,525,518.49961925,"[1, 2, 4, 5, 7, 9, 10, 13, 17, 18, 19, 20]",2,30.0,4,0,0,71,1.0,,,,,17,3,14,5,22,12,ordinary,21,full_coverage_and_all_discovered_cleared,258,6221.995431,40.0,constant,,0.04260004201205447
17,3,True,0,17,7,8,0,uniform__adversarial-positive__71,uniform__adversarial-positive,5,7,,13,12,297,,bounded_transverse_width,,arc,0,0.038861999999998176,,12,,0,0,,,,,,False,0,0,7,4,0,0,,4,3,282,service_free0_grid21_29,,,[],0,21908.161503661173,0,,0.0,,False,0,,509.21935841666664,"[1, 2, 4, 5, 7, 9, 10, 13, 17, 18, 19, 20]",,30.0,4,,,71,0.5,free,47,0.0,0.0,12,0,4,4,26,12,ordinary,21,full_coverage_and_all_discovered_cleared,256,6110.632301,40.0,constant,,0.038870666990987957
17,3,True,0,17,7,8,0,uniform__adversarial-positive__71,uniform__adversarial-positive,5,7,,13,12,297,,bounded_transverse_width,,arc,0,0.0492120000000007,,12,,0,0,,,,,,False,0,0,7,4,0,0,,4,3,282,service_free1_grid21_29,,,[],926,21908.161503661173,0,,0.0,,False,0,,509.21935841666664,"[1, 2, 4, 5, 7, 9, 10, 13, 17, 18, 19, 20]",,30.0,4,,,71,0.5,free,47,1.0,0.0,12,0,4,4,26,12,ordinary,21,full_coverage_and_all_discovered_cleared,256,6110.632301,40.0,constant,,0.04932337498757988
12,1,True,0,12,7,7,0,uniform__adversarial-positive__71,uniform__adversarial-positive,5,26,,12,12,302,,bounded_transverse_width,,arc,0,0.054747000000002544,,12,,0,0,,,,,,False,0,0,26,5,0,0,,4,3,288,service_free2_grid21_29,,,[],1173,21404.40716470478,0,,0.0,,False,0,,503.6567860833333,"[1, 2, 4, 5, 7, 9, 10, 13, 17, 18, 19, 20]",,30.0,4,,,71,0.5,free,44,2.0,0.0,14,3,1,5,23,12,ordinary,21,full_coverage_and_all_discovered_cleared,263,6043.881433,40.0,constant,,0.054768041998613626
16,1,True,0,16,3,3,0,uniform__adversarial-positive__71,uniform__adversarial-positive,9,29,,12,12,293,,bounded_transverse_width,,arc,0,0.047467000000001036,,12,,0,0,,,,,,False,0,0,29,4,0,0,,3,3,279,service_locked0_grid21_29,,,[],0,22766.056008025862,0,,0.0,,False,0,,521.6009331666667,"[1, 2, 4, 5, 7, 9, 10, 13, 17, 18, 19, 20]",,30.0,4,,,71,0.5,locked,48,0.0,0.0,15,2,15,5,27,12,ordinary,21,full_coverage_and_all_discovered_cleared,251,6259.211198,40.0,constant,,0.04748537496197969
21,2,True,0,21,3,3,0,uniform__adversarial-positive__71,uniform__adversarial-positive,9,24,,12,12,291,,bounded_transverse_width,,arc,0,0.04732900000000129,,12,,0,0,,,,,,False,0,0,24,3,0,0,,4,4,277,service_locked1_grid21_29,,,[],1091,23473.468539763773,0,,0.0,,False,0,,532.0578085,"[1, 2, 4, 5, 7, 9, 10, 13, 17, 18, 19, 20]",,30.0,4,,,71,0.5,locked,52,1.0,0.0,12,2,13,3,31,12,ordinary,21,full_coverage_and_all_discovered_cleared,245,6384.693702,40.0,constant,,0.04737766698235646
22,1,True,0,22,5,7,0,uniform__adversarial-positive__71,uniform__adversarial-positive,7,1,,14,12,293,,bounded_transverse_width,,arc,0,0.056477000000001,,12,,0,0,,,,,,False,0,0,1,6,0,0,,4,4,277,service_soft20_grid21_29,,,[],906,24469.699606767503,0,,0.0,,False,0,,549.6616600833333,"[1, 2, 4, 5, 7, 9, 10, 13, 17, 18, 19, 20]",,30.0,4,,,71,0.5,free,54,1.0,20.0,10,2,0,6,33,12,ordinary,21,full_coverage_and_all_discovered_cleared,251,6595.939921,40.0,constant,,0.05649154196726158
10,3,True,0,10,2,3,0,uniform__adversarial-positive__71,uniform__adversarial-positive,10,32,,13,12,319,,bounded_transverse_width,,arc,0,0.0527470000000001,,12,,0,0,,,,,,False,0,0,32,5,0,0,,3,2,304,service_free1_convex22,,,[],1052,21656.519777486108,0,,0.0,,False,0,,515.7753295,"[1, 2, 4, 5, 7, 9, 10, 13, 17, 18, 19, 20]",,30.0,4,,,71,0.5,free,41,1.0,0.0,10,3,9,5,19,12,ordinary,22,full_coverage_and_all_discovered_cleared,275,6189.303954,40.0,constant,,0.05276720901019871
18,5,True,0,18,3,3,1,uniform__adversarial-positive__71,uniform__adversarial-positive,9,29,,12,12,300,,bounded_transverse_width,,arc,0,0.045458,,12,,0,0,,,,,,False,0,0,29,5,0,0,,5,3,286,service_locked1_convex22,,,[],929,23056.549443931297,0,,0.0,,False,0,,530.1091573333333,"[1, 2, 4, 5, 7, 9, 10, 13, 17, 18, 19, 20]",,30.0,4,,,71,0.5,locked,48,1.0,0.0,12,16,10,5,26,12,ordinary,22,full_coverage_and_all_discovered_cleared,260,6361.309888,40.0,constant,,0.045561584003735334
9,2,True,0,9,2,2,0,uniform__adversarial-negative__67,uniform__adversarial-negative,8,27,,10,10,315,,bounded_transverse_width,,base,0,0.028183999999999543,,10,,0,0,,,,,,False,0,0,27,1,38,0,,4,3,303,range_grid21_29,,,[],,22031.21675436507,0,,0.0,,False,0,,625.2243347,"[4, 5, 7, 8, 9, 10, 14, 15, 18, 19]",,30.0,4,,,67,1.0,,,,,9,0,1,1,17,10,ordinary,21,full_coverage_and_all_discovered_cleared,281,6252.243347,40.0,constant,,0.02819287497550249
9,2,True,0,9,1,2,0,uniform__adversarial-negative__67,uniform__adversarial-negative,9,44,,11,10,316,,bounded_transverse_width,,base,0,0.030521000000000242,,10,,0,0,,,,,,False,0,0,44,3,39,0,,3,2,303,range_convex22,,,[],,21543.584974072008,0,,0.0,,False,0,,615.5716988,"[4, 5, 7, 8, 9, 10, 14, 15, 18, 19]",,30.0,4,,,67,1.0,,,,,10,1,7,3,17,10,ordinary,22,full_coverage_and_all_discovered_cleared,279,6155.716988,40.0,constant,,0.030526042042765766
5,1,True,0,5,2,3,0,uniform__adversarial-negative__67,uniform__adversarial-negative,8,37,38,11,10,292,,bounded_transverse_width,,locked,35,0.03797099999999887,2,10,cached_distance_prefix_sum,0,0,,,38,0,36,True,0,0,38,1,0,0,8,2,2,279,count_locked_grid21_29,10,10,[],,20954.989152343678,0,,0.0,,False,0,328,589.8997830000001,"[4, 5, 7, 8, 9, 10, 14, 15, 18, 19]",1,30.0,4,0,0,67,1.0,,,,,13,0,7,1,14,10,ordinary,21,full_coverage_and_all_discovered_cleared,260,5898.99783,40.0,constant,,0.038461375050246716
7,1,True,0,7,6,6,0,uniform__adversarial-negative__67,uniform__adversarial-negative,4,15,,10,10,311,,bounded_transverse_width,,arc,0,0.03407800000000094,,10,,0,0,,,,,,False,0,0,15,3,0,0,,4,3,299,service_free0_grid21_29,,,[],0,20823.15439672145,0,,0.0,,False,0,,598.9630876,"[4, 5, 7, 8, 9, 10, 14, 15, 18, 19]",,30.0,4,,,67,0.5,free,37,0.0,0.0,13,2,1,3,16,10,ordinary,21,full_coverage_and_all_discovered_cleared,280,5989.630876,40.0,constant,,0.03430362499784678
5,0,True,0,5,5,5,0,uniform__adversarial-negative__67,uniform__adversarial-negative,5,12,,10,10,303,,bounded_transverse_width,,arc,0,0.03391000000000233,,10,,0,0,,,,,,False,0,0,12,4,0,0,,1,1,291,service_free1_grid21_29,,,[],454,21813.150355056398,0,,0.0,,False,0,,613.8630069,"[4, 5, 7, 8, 9, 10, 14, 15, 18, 19]",,30.0,4,,,67,0.5,free,36,1.0,0.0,11,1,14,4,15,10,ordinary,21,full_coverage_and_all_discovered_cleared,271,6138.630069,40.0,constant,,0.03394475003005937
6,1,True,0,6,4,4,0,uniform__adversarial-negative__67,uniform__adversarial-negative,6,9,,10,10,290,,bounded_transverse_width,,arc,0,0.03897900000000121,,10,,0,0,,,,,,False,0,0,9,3,0,0,,3,2,278,service_free2_grid21_29,,,[],448,21330.658646783675,0,,0.0,,False,0,,596.4131725,"[4, 5, 7, 8, 9, 10, 14, 15, 18, 19]",,30.0,4,,,67,0.5,free,36,2.0,0.0,17,0,18,3,15,10,ordinary,21,full_coverage_and_all_discovered_cleared,258,5964.131725,40.0,constant,,0.03899233398260549
9,1,True,0,9,1,2,0,uniform__adversarial-negative__67,uniform__adversarial-negative,9,17,,11,10,287,,bounded_transverse_width,,arc,0,0.03825800000000257,,10,,0,0,,,,,,False,0,0,17,3,0,0,,2,2,274,service_locked0_grid21_29,,,[],0,21275.56005525873,0,,0.0,,False,0,,592.9112009,"[4, 5, 7, 8, 9, 10, 14, 15, 18, 19]",,30.0,4,,,67,0.5,locked,39,0.0,0.0,14,4,16,3,18,10,ordinary,21,full_coverage_and_all_discovered_cleared,251,5929.112009,40.0,constant,,0.03827154100872576
9,1,True,0,9,1,2,0,uniform__adversarial-negative__67,uniform__adversarial-negative,9,17,,11,10,287,,bounded_transverse_width,,arc,0,0.03911199999999937,,10,,0,0,,,,,,False,0,0,17,3,0,0,,2,2,274,service_locked1_grid21_29,,,[],613,21275.56005525873,0,,0.0,,False,0,,592.9112009,"[4, 5, 7, 8, 9, 10, 14, 15, 18, 19]",,30.0,4,,,67,0.5,locked,39,1.0,0.0,14,4,16,3,18,10,ordinary,21,full_coverage_and_all_discovered_cleared,251,5929.112009,40.0,constant,,0.03916508296970278
11,1,True,0,11,5,5,0,uniform__adversarial-negative__67,uniform__adversarial-negative,5,0,,10,10,270,,bounded_transverse_width,,arc,0,0.037193999999999505,,10,,0,0,,,,,,False,0,0,0,2,0,0,,4,3,258,service_soft20_grid21_29,,,[],312,23038.200330284883,0,,0.0,,False,0,,618.2640062,"[4, 5, 7, 8, 9, 10, 14, 15, 18, 19]",,30.0,4,,,67,0.5,free,41,1.0,20.0,12,0,0,2,20,10,ordinary,21,full_coverage_and_all_discovered_cleared,235,6182.640062,40.0,constant,,0.037281875032931566
7,0,True,0,7,3,3,0,uniform__adversarial-negative__67,uniform__adversarial-negative,7,22,,10,10,306,,bounded_transverse_width,,arc,0,0.049096999999999724,,10,,0,0,,,,,,False,0,0,22,4,0,0,,2,2,294,service_free1_convex22,,,[],583,21024.63798953626,0,,0.0,,False,0,,599.7927593000001,"[4, 5, 7, 8, 9, 10, 14, 15, 18, 19]",,30.0,4,,,67,0.5,free,39,1.0,0.0,13,3,14,4,17,10,ordinary,22,full_coverage_and_all_discovered_cleared,273,5997.927593,40.0,constant,,0.04911474999971688
11,2,True,0,11,0,1,0,uniform__adversarial-negative__67,uniform__adversarial-negative,10,17,,11,10,314,,bounded_transverse_width,,arc,0,0.03648099999999843,,10,,0,0,,,,,,False,0,0,17,4,0,0,,3,2,301,service_locked1_convex22,,,[],505,21152.732801729493,0,,0.0,,False,0,,606.9546557,"[4, 5, 7, 8, 9, 10, 14, 15, 18, 19]",,30.0,4,,,67,0.5,locked,41,1.0,0.0,10,4,6,4,19,10,ordinary,22,full_coverage_and_all_discovered_cleared,281,6069.546557,40.0,constant,,0.036493999999947846
9,1,True,0,9,3,4,0,uniform__adversarial-negative__68,uniform__adversarial-negative,12,29,,16,15,262,,bounded_transverse_width,,base,0,0.04265599999999736,,15,,0,0,,,,,,False,0,0,29,1,44,0,,2,2,244,range_grid21_29,,,[],,22004.64829324588,0,,0.0,,False,0,,394.79531060000005,"[2, 4, 5, 6, 8, 9, 11, 12, 13, 14, 15, 16, 17, 19, 20]",,30.0,4,,,68,1.0,,,,,20,2,5,1,23,15,ordinary,21,full_coverage_and_all_discovered_cleared,223,5921.929659,40.0,constant,,0.04273337498307228
14,3,True,0,14,3,5,1,uniform__adversarial-negative__68,uniform__adversarial-negative,12,35,,17,15,265,,bounded_transverse_width,,base,0,0.046071000000001305,,15,,0,0,,,,,,False,0,0,35,3,49,0,,3,3,246,range_convex22,,,[],,23025.476610298007,0,,0.0,,False,0,,409.47302113333336,"[2, 4, 5, 6, 8, 9, 11, 12, 13, 14, 15, 16, 17, 19, 20]",,30.0,4,,,68,1.0,,,,,19,13,9,3,27,15,ordinary,22,full_coverage_and_all_discovered_cleared,226,6142.095317,40.0,constant,,0.04610612499527633
8,0,True,0,8,4,5,0,uniform__adversarial-negative__68,uniform__adversarial-negative,11,36,39,16,15,264,,bounded_transverse_width,,locked,44,0.049234000000002,5,15,cached_distance_prefix_sum,0,0,,,39,0,34,True,0,0,39,3,0,0,8,3,3,246,count_locked_grid21_29,5,5,[],,21834.102687052644,0,,0.0,,False,0,588,393.78803593333333,"[2, 4, 5, 6, 8, 9, 11, 12, 13, 14, 15, 16, 17, 19, 20]",3,30.0,4,0,0,68,1.0,,,,,33,2,0,3,23,15,ordinary,21,full_coverage_and_all_discovered_cleared,232,5906.820539,40.0,constant,,0.04923725000116974
10,0,True,0,10,6,6,0,uniform__adversarial-negative__68,uniform__adversarial-negative,9,30,,15,15,260,,bounded_transverse_width,,arc,0,0.046006999999999465,,15,,0,0,,,,,,False,0,0,30,6,0,0,,1,1,243,service_free0_grid21_29,,,[],0,22279.03881889932,0,,0.0,,False,0,,397.8538508666667,"[2, 4, 5, 6, 8, 9, 11, 12, 13, 14, 15, 16, 17, 19, 20]",,30.0,4,,,68,0.5,free,46,0.0,0.0,18,5,7,6,25,15,ordinary,21,full_coverage_and_all_discovered_cleared,222,5967.807763,40.0,constant,,0.04605474998243153
22,4,True,0,22,4,4,0,uniform__adversarial-negative__68,uniform__adversarial-negative,11,35,,15,15,263,,bounded_transverse_width,,arc,0,0.06027999999999878,,15,,0,0,,,,,,False,0,0,35,3,0,0,,3,3,246,service_free1_grid21_29,,,[],1664,23402.171917223885,0,,0.0,,False,0,,413.49562553333334,"[2, 4, 5, 6, 8, 9, 11, 12, 13, 14, 15, 16, 17, 19, 20]",,30.0,4,,,68,0.5,free,54,1.0,0.0,20,12,1,3,33,15,ordinary,21,full_coverage_and_all_discovered_cleared,217,6202.434383,40.0,constant,,0.060292875044979155
12,1,True,0,12,5,5,0,uniform__adversarial-negative__68,uniform__adversarial-negative,10,17,,15,15,241,,bounded_transverse_width,,arc,0,0.06050000000000111,,15,,0,0,,,,,,False,0,0,17,5,0,0,,3,2,224,service_free2_grid21_29,,,[],1251,22089.604758859172,0,,0.0,,False,0,,387.46139680000005,"[2, 4, 5, 6, 8, 9, 11, 12, 13, 14, 15, 16, 17, 19, 20]",,30.0,4,,,68,0.5,free,47,2.0,0.0,24,6,17,5,26,15,ordinary,21,full_coverage_and_all_discovered_cleared,199,5811.920952,40.0,constant,,0.06057554204016924
11,0,True,0,11,3,4,0,uniform__adversarial-negative__68,uniform__adversarial-negative,12,36,,16,15,265,,bounded_transverse_width,,arc,0,0.05508100000000127,,15,,0,0,,,,,,False,0,0,36,4,0,0,,3,3,247,service_locked0_grid21_29,,,[],0,21780.206111971842,0,,0.0,,False,0,,393.13608159999995,"[2, 4, 5, 6, 8, 9, 11, 12, 13, 14, 15, 16, 17, 19, 20]",,30.0,4,,,68,0.5,locked,47,0.0,0.0,28,5,0,4,26,15,ordinary,21,full_coverage_and_all_discovered_cleared,228,5897.041224,40.0,constant,,0.05509945802623406
13,0,True,0,13,4,5,0,uniform__adversarial-negative__68,uniform__adversarial-negative,11,40,,16,15,267,,bounded_transverse_width,,arc,0,0.05909600000000026,,15,,0,0,,,,,,False,0,0,40,6,0,0,,3,3,249,service_locked1_grid21_29,,,[],1441,22258.967331323576,0,,0.0,,False,0,,400.2528978,"[2, 4, 5, 6, 8, 9, 11, 12, 13, 14, 15, 16, 17, 19, 20]",,30.0,4,,,68,0.5,locked,49,1.0,0.0,33,2,0,6,28,15,ordinary,21,full_coverage_and_all_discovered_cleared,229,6003.793467,40.0,constant,,0.05911479203496128
15,0,True,0,15,5,8,0,uniform__adversarial-negative__68,uniform__adversarial-negative,10,5,,18,15,242,,bounded_transverse_width,,arc,0,0.058679999999998955,,15,,0,0,,,,,,False,0,0,5,4,0,0,,3,3,222,service_soft20_grid21_29,,,[],1128,26491.134654217094,0,,0.0,,False,0,,446.2817953333333,"[2, 4, 5, 6, 8, 9, 11, 12, 13, 14, 15, 16, 17, 19, 20]",,30.0,4,,,68,0.5,free,51,1.0,20.0,18,2,6,4,30,15,ordinary,21,full_coverage_and_all_discovered_cleared,202,6694.22693,40.0,constant,,0.058745167043525726
19,4,True,0,19,3,4,1,uniform__adversarial-negative__68,uniform__adversarial-negative,12,26,,16,15,267,,bounded_transverse_width,,arc,0,0.06868700000000061,,15,,0,0,,,,,,False,0,0,26,6,0,0,,4,3,249,service_free1_convex22,,,[],1299,24912.994556193506,0,,0.0,,False,0,,435.2399272,"[2, 4, 5, 6, 8, 9, 11, 12, 13, 14, 15, 16, 17, 19, 20]",,30.0,4,,,68,0.5,free,53,1.0,0.0,24,8,12,6,31,15,ordinary,22,full_coverage_and_all_discovered_cleared,223,6528.598908,40.0,constant,,0.06875837495317683
14,2,True,0,14,3,6,1,uniform__adversarial-negative__68,uniform__adversarial-negative,12,22,,18,15,260,,bounded_transverse_width,,arc,0,0.06487100000000012,,15,,0,0,,,,,,False,0,0,22,3,0,0,,3,3,240,service_locked1_convex22,,,[],1556,22384.870332149076,0,,0.0,,False,0,,398.6649376,"[2, 4, 5, 6, 8, 9, 11, 12, 13, 14, 15, 16, 17, 19, 20]",,30.0,4,,,68,0.5,locked,50,1.0,0.0,33,10,6,3,28,15,ordinary,22,full_coverage_and_all_discovered_cleared,219,5979.974064,40.0,constant,,0.06498599995393306
6,1,True,0,6,3,4,0,uniform__adversarial-negative__69,uniform__adversarial-negative,12,32,,16,15,257,,bounded_transverse_width,,base,0,0.04360900000000001,,15,,0,0,,,,,,False,0,0,32,2,41,0,,2,2,239,range_grid21_29,,,[],,23038.866542866817,0,,0.0,,False,0,,406.5182204666667,"[2, 3, 4, 5, 6, 7, 8, 9, 10, 11, 12, 13, 14, 16, 18]",,30.0,4,,,69,1.0,,,,,21,4,33,2,20,15,ordinary,21,full_coverage_and_all_discovered_cleared,217,6097.773307,40.0,constant,,0.0436462500365451
5,0,True,0,5,6,7,0,uniform__adversarial-negative__69,uniform__adversarial-negative,9,13,,16,15,247,,bounded_transverse_width,,base,0,0.041780000000002815,,15,,0,0,,,,,,False,0,0,13,1,42,0,,2,2,229,range_convex22,,,[],,24106.568180599064,0,,0.0,,False,0,,416.95424213333337,"[2, 3, 4, 5, 6, 7, 8, 9, 10, 11, 12, 13, 14, 16, 18]",,30.0,4,,,69,1.0,,,,,25,0,13,1,20,15,ordinary,22,full_coverage_and_all_discovered_cleared,210,6254.313632,40.0,constant,,0.04181445803260431
15,5,True,0,15,3,5,1,uniform__adversarial-negative__69,uniform__adversarial-negative,12,17,20,17,15,243,,bounded_transverse_width,,locked,47,0.04969499999999982,1,15,cached_distance_prefix_sum,0,0,,,20,0,19,True,0,0,20,1,0,0,8,4,3,224,count_locked_grid21_29,5,5,[],,23435.33207417231,0,,0.0,,False,0,258,406.07109406666666,"[2, 3, 4, 5, 6, 7, 8, 9, 10, 11, 12, 13, 14, 16, 18]",3,30.0,4,0,0,69,1.0,,,,,23,9,7,1,26,15,ordinary,21,full_coverage_and_all_discovered_cleared,203,6091.066411,40.0,constant,,0.049774167011491954
11,1,True,0,11,3,5,0,uniform__adversarial-negative__69,uniform__adversarial-negative,12,39,,17,15,254,,bounded_transverse_width,,arc,0,0.05151899999999898,,15,,0,0,,,,,,False,0,0,39,4,0,0,,3,2,235,service_free0_grid21_29,,,[],0,22413.817532073266,0,,0.0,,False,0,,396.98423353333334,"[2, 3, 4, 5, 6, 7, 8, 9, 10, 11, 12, 13, 14, 16, 18]",,30.0,4,,,69,0.5,free,46,0.0,0.0,17,2,4,4,25,15,ordinary,21,full_coverage_and_all_discovered_cleared,216,5954.763503,40.0,constant,,0.0516219160053879
11,2,True,0,11,4,5,1,uniform__adversarial-negative__69,uniform__adversarial-negative,11,31,,16,15,238,,bounded_transverse_width,,arc,0,0.06797900000000112,,15,,0,0,,,,,,False,0,0,31,4,0,0,,3,2,220,service_free1_grid21_29,,,[],1329,23000.648950772505,0,,0.0,,False,0,,398.54198579999996,"[2, 3, 4, 5, 6, 7, 8, 9, 10, 11, 12, 13, 14, 16, 18]",,30.0,4,,,69,0.5,free,46,1.0,0.0,29,8,2,4,25,15,ordinary,21,full_coverage_and_all_discovered_cleared,200,5978.129787,40.0,constant,,0.06805758300470188
13,1,True,0,13,4,5,0,uniform__adversarial-negative__69,uniform__adversarial-negative,11,27,,16,15,234,,bounded_transverse_width,,arc,0,0.06700500000000176,,15,,0,0,,,,,,False,0,0,27,7,0,0,,3,2,216,service_free2_grid21_29,,,[],1334,22727.93963332697,0,,0.0,,False,0,,393.1725281333333,"[2, 3, 4, 5, 6, 7, 8, 9, 10, 11, 12, 13, 14, 16, 18]",,30.0,4,,,69,0.5,free,48,2.0,0.0,28,4,4,7,27,15,ordinary,21,full_coverage_and_all_discovered_cleared,194,5897.587922,40.0,constant,,0.06709233298897743
13,0,True,0,13,4,6,0,uniform__adversarial-negative__69,uniform__adversarial-negative,11,21,,17,15,240,,bounded_transverse_width,,arc,0,0.058230999999999256,,15,,0,0,,,,,,False,0,0,21,5,0,0,,3,3,221,service_locked0_grid21_29,,,[],0,22849.54760389799,0,,0.0,,False,0,,396.8606344666667,"[2, 3, 4, 5, 6, 7, 8, 9, 10, 11, 12, 13, 14, 16, 18]",,30.0,4,,,69,0.5,locked,49,0.0,0.0,25,5,2,5,28,15,ordinary,21,full_coverage_and_all_discovered_cleared,197,5952.909517,40.0,constant,,0.058249291963875294
13,0,True,0,13,4,6,0,uniform__adversarial-negative__69,uniform__adversarial-negative,11,21,,17,15,240,,bounded_transverse_width,,arc,0,0.05914900000000145,,15,,0,0,,,,,,False,0,0,21,5,0,0,,3,3,221,service_locked1_grid21_29,,,[],1534,22849.54760389799,0,,0.0,,False,0,,396.8606344666667,"[2, 3, 4, 5, 6, 7, 8, 9, 10, 11, 12, 13, 14, 16, 18]",,30.0,4,,,69,0.5,locked,49,1.0,0.0,25,5,2,5,28,15,ordinary,21,full_coverage_and_all_discovered_cleared,197,5952.909517,40.0,constant,,0.059175250004045665
12,2,True,0,12,6,7,0,uniform__adversarial-negative__69,uniform__adversarial-negative,9,4,,16,15,227,,bounded_transverse_width,,arc,0,0.061056000000000665,,15,,0,0,,,,,,False,0,0,4,4,0,0,,3,2,209,service_soft20_grid21_29,,,[],831,24651.31416691634,0,,0.0,,False,0,,416.15085519999997,"[2, 3, 4, 5, 6, 7, 8, 9, 10, 11, 12, 13, 14, 16, 18]",,30.0,4,,,69,0.5,free,46,1.0,20.0,24,5,6,4,25,15,ordinary,21,full_coverage_and_all_discovered_cleared,189,6242.262828,40.0,constant,,0.06107808300293982
13,1,True,0,13,6,7,0,uniform__adversarial-negative__69,uniform__adversarial-negative,9,16,,16,15,228,,bounded_transverse_width,,arc,0,0.07234400000000107,,15,,0,0,,,,,,False,0,0,16,7,0,0,,3,2,210,service_free1_convex22,,,[],1118,23660.68287722286,0,,0.0,,False,0,,403.0757714666667,"[2, 3, 4, 5, 6, 7, 8, 9, 10, 11, 12, 13, 14, 16, 18]",,30.0,4,,,69,0.5,free,49,1.0,0.0,25,0,14,7,27,15,ordinary,22,full_coverage_and_all_discovered_cleared,186,6046.136572,40.0,constant,,0.07247499999357387
13,1,True,0,13,4,4,0,uniform__adversarial-negative__69,uniform__adversarial-negative,11,34,,15,15,238,,bounded_transverse_width,,arc,0,0.05548600000000192,,15,,0,0,,,,,,False,0,0,34,2,0,0,,3,3,221,service_locked1_convex22,,,[],1477,22037.062104318164,0,,0.0,,False,0,,385.56082779999997,"[2, 3, 4, 5, 6, 7, 8, 9, 10, 11, 12, 13, 14, 16, 18]",,30.0,4,,,69,0.5,locked,49,1.0,0.0,25,3,3,2,27,15,ordinary,22,full_coverage_and_all_discovered_cleared,196,5783.412417,40.0,constant,,0.055497625027783215
7,1,True,0,7,4,4,0,uniform__adversarial-negative__70,uniform__adversarial-negative,6,13,,10,10,314,,bounded_transverse_width,,base,0,0.030830999999999165,,10,,0,0,,,,,,False,0,0,13,3,37,0,,4,3,302,range_grid21_29,,,[],,21247.918961634357,0,,0.0,,False,0,,609.0583792,"[2, 3, 5, 10, 11, 13, 15, 16, 19, 20]",,30.0,4,,,70,1.0,,,,,10,1,3,3,16,10,ordinary,21,full_coverage_and_all_discovered_cleared,281,6090.583792,40.0,constant,,0.030858042009640485
8,1,True,0,8,2,3,0,uniform__adversarial-negative__70,uniform__adversarial-negative,8,5,,11,10,323,,bounded_transverse_width,,base,0,0.029471000000000913,,10,,0,0,,,,,,False,0,0,5,2,39,0,,4,3,310,range_convex22,,,[],,21104.361310855264,0,,0.0,,False,0,,611.0872261000001,"[2, 3, 5, 10, 11, 13, 15, 16, 19, 20]",,30.0,4,,,70,1.0,,,,,4,2,1,2,17,10,ordinary,22,full_coverage_and_all_discovered_cleared,287,6110.872261,40.0,constant,,0.029479250020813197
9,1,True,0,9,4,5,0,uniform__adversarial-negative__70,uniform__adversarial-negative,6,27,27,11,10,308,,bounded_transverse_width,,locked,39,0.035320999999999714,4,10,cached_distance_prefix_sum,0,0,,,27,0,23,True,0,0,27,3,0,0,8,3,2,295,count_locked_grid21_29,10,10,[],,20591.07969963511,0,,0.0,,False,0,275,592.4215939,"[2, 3, 5, 10, 11, 13, 15, 16, 19, 20]",0,30.0,4,0,0,70,1.0,,,,,9,1,12,3,18,10,ordinary,21,full_coverage_and_all_discovered_cleared,278,5924.215939,40.0,constant,,0.035359208995942026
13,2,True,0,13,2,2,0,uniform__adversarial-negative__70,uniform__adversarial-negative,8,7,,10,10,324,,bounded_transverse_width,,arc,0,0.04148900000000211,,10,,0,0,,,,,,False,0,0,7,4,0,0,,4,3,312,service_free0_grid21_29,,,[],0,21460.77415140375,0,,0.0,,False,0,,619.1154829,"[2, 3, 5, 10, 11, 13, 15, 16, 19, 20]",,30.0,4,,,70,0.5,free,42,0.0,0.0,17,1,2,4,21,10,ordinary,21,full_coverage_and_all_discovered_cleared,289,6191.154829,40.0,constant,,0.04150545899756253
14,3,True,0,14,2,2,0,uniform__adversarial-negative__70,uniform__adversarial-negative,8,7,,10,10,320,,bounded_transverse_width,,arc,0,0.04757400000000089,,10,,0,0,,,,,,False,0,0,7,6,0,0,,4,3,308,service_free1_grid21_29,,,[],582,21375.48191481246,0,,0.0,,False,0,,615.2096381,"[2, 3, 5, 10, 11, 13, 15, 16, 19, 20]",,30.0,4,,,70,0.5,free,42,1.0,0.0,16,0,5,6,21,10,ordinary,21,full_coverage_and_all_discovered_cleared,287,6152.096381,40.0,constant,,0.047584000043570995
13,3,True,0,13,3,3,0,uniform__adversarial-negative__70,uniform__adversarial-negative,7,8,,10,10,318,,bounded_transverse_width,,arc,0,0.04665299999999917,,10,,0,0,,,,,,False,0,0,8,4,0,0,,4,3,306,service_free2_grid21_29,,,[],568,21498.60012038365,0,,0.0,,False,0,,616.3720021,"[2, 3, 5, 10, 11, 13, 15, 16, 19, 20]",,30.0,4,,,70,0.5,free,41,2.0,0.0,15,1,1,4,20,10,ordinary,21,full_coverage_and_all_discovered_cleared,284,6163.720021,40.0,constant,,0.04679591703461483
8,1,True,0,8,4,4,0,uniform__adversarial-negative__70,uniform__adversarial-negative,6,26,,10,10,306,,bounded_transverse_width,,arc,0,0.03706499999999835,,10,,0,0,,,,,,False,0,0,26,5,0,0,,3,2,294,service_locked0_grid21_29,,,[],0,20471.340447666375,0,,0.0,,False,0,,588.726809,"[2, 3, 5, 10, 11, 13, 15, 16, 19, 20]",,30.0,4,,,70,0.5,locked,38,0.0,0.0,8,0,22,5,17,10,ordinary,21,full_coverage_and_all_discovered_cleared,273,5887.26809,40.0,constant,,0.03710333397611976
10,1,True,0,10,4,4,0,uniform__adversarial-negative__70,uniform__adversarial-negative,6,26,,10,10,308,,bounded_transverse_width,,arc,0,0.037291999999997216,,10,,0,0,,,,,,False,0,0,26,5,0,0,,3,2,296,service_locked1_grid21_29,,,[],519,20973.860331873086,0,,0.0,,False,0,,600.0772066000001,"[2, 3, 5, 10, 11, 13, 15, 16, 19, 20]",,30.0,4,,,70,0.5,locked,40,1.0,0.0,8,1,2,5,19,10,ordinary,21,full_coverage_and_all_discovered_cleared,276,6000.772066,40.0,constant,,0.037296833004802465
21,2,True,0,21,4,5,0,uniform__adversarial-negative__70,uniform__adversarial-negative,6,12,,11,10,319,,bounded_transverse_width,,arc,0,0.04823599999999928,,10,,0,0,,,,,,False,0,0,12,6,0,0,,4,3,306,service_soft20_grid21_29,,,[],435,23392.43191157808,0,,0.0,,False,0,,654.0486381,"[2, 3, 5, 10, 11, 13, 15, 16, 19, 20]",,30.0,4,,,70,0.5,free,50,1.0,20.0,1,1,0,7,29,10,ordinary,21,full_coverage_and_all_discovered_cleared,279,6540.486381,40.0,constant,,0.048264209006447345
16,2,True,0,16,4,5,0,uniform__adversarial-negative__70,uniform__adversarial-negative,6,25,,11,10,327,,bounded_transverse_width,,arc,0,0.04957299999999876,,10,,0,0,,,,,,False,0,0,25,3,0,0,,5,4,314,service_free1_convex22,,,[],709,22386.580544102493,0,,0.0,,False,0,,638.6316105,"[2, 3, 5, 10, 11, 13, 15, 16, 19, 20]",,30.0,4,,,70,0.5,free,46,1.0,0.0,10,1,0,3,24,10,ordinary,22,full_coverage_and_all_discovered_cleared,286,6386.316105,40.0,constant,,0.049687375023495406
11,1,True,0,11,1,3,0,uniform__adversarial-negative__70,uniform__adversarial-negative,9,21,,12,10,331,,bounded_transverse_width,,arc,0,0.036524999999997476,,10,,0,0,,,,,,False,0,0,21,5,0,0,,3,2,317,service_locked1_convex22,,,[],522,21542.98309990784,0,,0.0,,False,0,,624.5596617,"[2, 3, 5, 10, 11, 13, 15, 16, 19, 20]",,30.0,4,,,70,0.5,locked,42,1.0,0.0,4,1,12,5,20,10,ordinary,22,full_coverage_and_all_discovered_cleared,296,6245.596617,40.0,constant,,0.03654399997321889
11,1,True,0,11,3,4,0,uniform__adversarial-negative__71,uniform__adversarial-negative,9,44,,13,12,279,,bounded_transverse_width,,base,0,0.036885999999999086,,12,,0,0,,,,,,False,0,0,44,3,43,0,,2,2,264,range_grid21_29,,,[],,22565.2652248685,0,,0.0,,False,0,,512.00442025,"[1, 2, 4, 5, 7, 9, 10, 13, 17, 18, 19, 20]",,30.0,4,,,71,1.0,,,,,11,0,6,3,22,12,ordinary,21,full_coverage_and_all_discovered_cleared,248,6144.053043,40.0,constant,,0.036905292014125735
12,1,True,0,12,2,2,0,uniform__adversarial-negative__71,uniform__adversarial-negative,10,23,,12,12,301,,bounded_transverse_width,,base,0,0.03906300000000229,,12,,0,0,,,,,,False,0,0,23,2,45,0,,4,3,287,range_convex22,,,[],,23102.026679210278,0,,0.0,,False,0,,531.5337778333334,"[1, 2, 4, 5, 7, 9, 10, 13, 17, 18, 19, 20]",,30.0,4,,,71,1.0,,,,,11,0,17,2,23,12,ordinary,22,full_coverage_and_all_discovered_cleared,263,6378.405334,40.0,constant,,0.0391288329847157
9,0,True,0,9,4,4,0,uniform__adversarial-negative__71,uniform__adversarial-negative,8,32,34,12,12,297,,bounded_transverse_width,,locked,42,0.04274100000000303,3,12,cached_distance_prefix_sum,0,0,,,34,0,31,True,0,0,34,4,0,0,8,2,2,283,count_locked_grid21_29,8,8,[],,22560.424935439143,0,,0.0,,False,0,525,520.50708225,"[1, 2, 4, 5, 7, 9, 10, 13, 17, 18, 19, 20]",2,30.0,4,0,0,71,1.0,,,,,18,3,14,5,21,12,ordinary,21,full_coverage_and_all_discovered_cleared,259,6246.084987,40.0,constant,,0.04280850000213832
19,3,True,0,19,2,3,0,uniform__adversarial-negative__71,uniform__adversarial-negative,10,14,,13,12,303,,bounded_transverse_width,,arc,0,0.04357399999999956,,12,,0,0,,,,,,False,0,0,14,5,0,0,,4,3,288,service_free0_grid21_29,,,[],0,21813.8137725423,0,,0.0,,False,0,,510.81356275,"[1, 2, 4, 5, 7, 9, 10, 13, 17, 18, 19, 20]",,30.0,4,,,71,0.5,free,49,0.0,0.0,12,1,0,5,28,12,ordinary,21,full_coverage_and_all_discovered_cleared,264,6129.762753,40.0,constant,,0.04358508298173547
19,3,True,0,19,3,3,0,uniform__adversarial-negative__71,uniform__adversarial-negative,9,26,,12,12,300,,bounded_transverse_width,,arc,0,0.056726000000001164,,12,,0,0,,,,,,False,0,0,26,3,0,0,,4,3,286,service_free1_grid21_29,,,[],1163,22520.915063066037,0,,0.0,,False,0,,521.2652510833333,"[1, 2, 4, 5, 7, 9, 10, 13, 17, 18, 19, 20]",,30.0,4,,,71,0.5,free,49,1.0,0.0,15,1,13,4,28,12,ordinary,21,full_coverage_and_all_discovered_cleared,261,6255.183013,40.0,constant,,0.056766166002489626
23,2,True,0,23,0,2,0,uniform__adversarial-negative__71,uniform__adversarial-negative,12,15,,14,12,304,,bounded_transverse_width,,arc,0,0.0556599999999996,,12,,0,0,,,,,,False,0,0,15,4,0,0,,4,4,288,service_free2_grid21_29,,,[],1379,22757.119560806943,0,,0.0,,False,0,,526.4519926666667,"[1, 2, 4, 5, 7, 9, 10, 13, 17, 18, 19, 20]",,30.0,4,,,71,0.5,free,54,2.0,0.0,15,5,0,4,33,12,ordinary,21,full_coverage_and_all_discovered_cleared,260,6317.423912,40.0,constant,,0.05569045798620209
13,0,True,0,13,5,5,0,uniform__adversarial-negative__71,uniform__adversarial-negative,7,29,,12,12,291,,bounded_transverse_width,,arc,0,0.046287000000003076,,12,,0,0,,,,,,False,0,0,29,5,0,0,,3,3,277,service_locked0_grid21_29,,,[],0,22962.494556117916,0,,0.0,,False,0,,523.9582424166666,"[1, 2, 4, 5, 7, 9, 10, 13, 17, 18, 19, 20]",,30.0,4,,,71,0.5,locked,46,0.0,0.0,15,2,15,6,25,12,ordinary,21,full_coverage_and_all_discovered_cleared,250,6287.498909,40.0,constant,,0.046306459000334144
17,1,True,0,17,4,4,0,uniform__adversarial-negative__71,uniform__adversarial-negative,8,24,,12,12,289,,bounded_transverse_width,,arc,0,0.04676900000000117,,12,,0,0,,,,,,False,0,0,24,4,0,0,,4,4,275,service_locked1_grid21_29,,,[],1060,23173.17008199435,0,,0.0,,False,0,,526.3028345,"[1, 2, 4, 5, 7, 9, 10, 13, 17, 18, 19, 20]",,30.0,4,,,71,0.5,locked,49,1.0,0.0,13,2,13,4,28,12,ordinary,21,full_coverage_and_all_discovered_cleared,246,6315.634014,40.0,constant,,0.046828499995172024
24,2,True,0,24,3,3,0,uniform__adversarial-negative__71,uniform__adversarial-negative,9,4,,12,12,284,,bounded_transverse_width,,arc,0,0.05158799999999886,,12,,0,0,,,,,,False,0,0,4,1,0,0,,4,4,270,service_soft20_grid21_29,,,[],1038,25169.88136860306,0,,0.0,,False,0,,556.9146893333333,"[1, 2, 4, 5, 7, 9, 10, 13, 17, 18, 19, 20]",,30.0,4,,,71,0.5,free,55,1.0,20.0,13,1,3,1,34,12,ordinary,21,full_coverage_and_all_discovered_cleared,239,6682.976272,40.0,constant,,0.05164095899090171
13,0,True,0,13,2,3,0,uniform__adversarial-negative__71,uniform__adversarial-negative,10,31,,13,12,294,,bounded_transverse_width,,arc,0,0.05956000000000117,,12,,0,0,,,,,,False,0,0,31,5,0,0,,2,2,279,service_free1_convex22,,,[],1077,21830.417195011152,0,,0.0,,False,0,,506.8402865,"[1, 2, 4, 5, 7, 9, 10, 13, 17, 18, 19, 20]",,30.0,4,,,71,0.5,free,47,1.0,0.0,10,1,28,5,25,12,ordinary,22,full_coverage_and_all_discovered_cleared,258,6082.083438,40.0,constant,,0.05960795801365748
16,5,True,0,16,3,3,1,uniform__adversarial-negative__71,uniform__adversarial-negative,9,30,,12,12,298,,bounded_transverse_width,,arc,0,0.044443999999998596,,12,,0,0,,,,,,False,0,0,30,6,0,0,,5,3,284,service_locked1_convex22,,,[],876,23160.234976133273,0,,0.0,,False,0,,530.92058275,"[1, 2, 4, 5, 7, 9, 10, 13, 17, 18, 19, 20]",,30.0,4,,,71,0.5,locked,46,1.0,0.0,12,13,10,6,24,12,ordinary,22,full_coverage_and_all_discovered_cleared,259,6371.046993,40.0,constant,,0.04456533404299989
9,2,True,0,9,0,3,0,uniform__adversarial-spatial__67,uniform__adversarial-spatial,10,20,,13,10,306,,bounded_transverse_width,,base,0,0.029109000000001828,,10,,0,0,,,,,,False,0,0,20,3,38,0,,3,2,291,range_grid21_29,,,[],,20590.269145764938,0,,0.0,,False,0,,590.4053828,"[4, 5, 7, 8, 9, 10, 14, 15, 18, 19]",,30.0,4,,,67,1.0,,,,,16,0,17,3,17,10,ordinary,21,full_coverage_and_all_discovered_cleared,272,5904.053828,40.0,constant,,0.02914804103784263
15,6,True,0,15,0,4,2,uniform__adversarial-spatial__67,uniform__adversarial-spatial,10,33,,14,10,322,,bounded_transverse_width,,base,0,0.03865199999999902,,10,,0,0,,,,,,False,0,0,33,2,43,0,,5,3,306,range_convex22,,,[],,22879.027884282386,0,,0.0,,False,0,,644.7805575,"[4, 5, 7, 8, 9, 10, 14, 15, 18, 19]",,30.0,4,,,67,1.0,,,,,11,4,22,2,21,10,ordinary,22,full_coverage_and_all_discovered_cleared,280,6447.805575,40.0,constant,,0.03867670800536871
9,1,True,0,9,0,4,0,uniform__adversarial-spatial__67,uniform__adversarial-spatial,10,27,28,14,10,286,,bounded_transverse_width,,locked,39,0.03238800000000097,3,10,cached_distance_prefix_sum,0,0,,,28,0,25,True,0,0,28,3,0,0,8,2,2,270,count_locked_grid21_29,10,10,[],,21134.429725149195,0,,0.0,,False,0,203,589.1885946,"[4, 5, 7, 8, 9, 10, 14, 15, 18, 19]",1,30.0,4,0,0,67,1.0,,,,,13,0,20,3,18,10,ordinary,21,full_coverage_and_all_discovered_cleared,253,5891.885946,40.0,constant,,0.03241091698873788
10,1,True,0,10,1,2,0,uniform__adversarial-spatial__67,uniform__adversarial-spatial,9,17,,11,10,322,,bounded_transverse_width,,arc,0,0.03149399999999858,,10,,0,0,,,,,,False,0,0,17,3,0,0,,2,2,309,service_free0_grid21_29,,,[],0,21662.797807263607,0,,0.0,,False,0,,622.1559562,"[4, 5, 7, 8, 9, 10, 14, 15, 18, 19]",,30.0,4,,,67,0.5,free,40,0.0,0.0,8,0,26,3,19,10,ordinary,21,full_coverage_and_all_discovered_cleared,291,6221.559562,40.0,constant,,0.03156895801657811
13,2,True,0,13,1,3,0,uniform__adversarial-spatial__67,uniform__adversarial-spatial,9,25,,12,10,316,,bounded_transverse_width,,arc,0,0.04254999999999853,,10,,0,0,,,,,,False,0,0,25,2,0,0,,4,3,302,service_free1_grid21_29,,,[],822,22896.125909301132,0,,0.0,,False,0,,642.5225184,"[4, 5, 7, 8, 9, 10, 14, 15, 18, 19]",,30.0,4,,,67,0.5,free,42,1.0,0.0,11,0,10,2,21,10,ordinary,21,full_coverage_and_all_discovered_cleared,280,6425.225184,40.0,constant,,0.04263508296571672
12,2,True,0,12,1,2,0,uniform__adversarial-spatial__67,uniform__adversarial-spatial,9,28,,11,10,303,,bounded_transverse_width,,arc,0,0.04129599999999911,,10,,0,0,,,,,,False,0,0,28,2,0,0,,3,2,290,service_free2_grid21_29,,,[],772,21165.07298507541,0,,0.0,,False,0,,600.5014599,"[4, 5, 7, 8, 9, 10, 14, 15, 18, 19]",,30.0,4,,,67,0.5,free,41,2.0,0.0,11,3,7,2,20,10,ordinary,21,full_coverage_and_all_discovered_cleared,269,6005.014599,40.0,constant,,0.04131500003859401
9,1,True,0,9,0,0,0,uniform__adversarial-spatial__67,uniform__adversarial-spatial,10,0,,10,10,270,,bounded_transverse_width,,arc,0,0.03320399999999779,,10,,0,0,,,,,,False,0,0,0,3,0,0,,3,2,258,service_locked0_grid21_29,,,[],0,21535.194379314304,0,,0.0,,False,0,,588.5038876,"[4, 5, 7, 8, 9, 10, 14, 15, 18, 19]",,30.0,4,,,67,0.5,locked,39,0.0,0.0,11,0,46,3,18,10,ordinary,21,full_coverage_and_all_discovered_cleared,238,5885.038876,40.0,constant,,0.033230416011065245
9,1,True,0,9,0,0,0,uniform__adversarial-spatial__67,uniform__adversarial-spatial,10,0,,10,10,270,,bounded_transverse_width,,arc,0,0.033129000000002407,,10,,0,0,,,,,,False,0,0,0,3,0,0,,3,2,258,service_locked1_grid21_29,,,[],264,21535.194379314304,0,,0.0,,False,0,,588.5038876,"[4, 5, 7, 8, 9, 10, 14, 15, 18, 19]",,30.0,4,,,67,0.5,locked,39,1.0,0.0,11,0,46,3,18,10,ordinary,21,full_coverage_and_all_discovered_cleared,238,5885.038876,40.0,constant,,0.03319716703845188
14,2,True,0,14,2,5,0,uniform__adversarial-spatial__67,uniform__adversarial-spatial,8,0,,13,10,277,,bounded_transverse_width,,arc,0,0.03789599999999993,,10,,0,0,,,,,,False,0,0,0,1,0,0,,3,2,262,service_soft20_grid21_29,,,[],381,23515.319641440175,0,,0.0,,False,0,,631.3063927000001,"[4, 5, 7, 8, 9, 10, 14, 15, 18, 19]",,30.0,4,,,67,0.5,free,43,1.0,20.0,13,0,0,1,22,10,ordinary,21,full_coverage_and_all_discovered_cleared,241,6313.063927,40.0,constant,,0.03794179199030623
13,5,True,0,13,0,0,2,uniform__adversarial-spatial__67,uniform__adversarial-spatial,10,0,,10,10,318,,bounded_transverse_width,,arc,0,0.039664999999999395,,10,,0,0,,,,,,False,0,0,0,4,0,0,,5,3,306,service_free1_convex22,,,[],266,23150.385124905097,0,,0.0,,False,0,,648.9077021,"[4, 5, 7, 8, 9, 10, 14, 15, 18, 19]",,30.0,4,,,67,0.5,free,42,1.0,0.0,8,0,71,4,20,10,ordinary,22,full_coverage_and_all_discovered_cleared,279,6489.077021,40.0,constant,,0.039672833983786404
9,0,True,0,9,0,2,0,uniform__adversarial-spatial__67,uniform__adversarial-spatial,10,0,,12,10,305,,bounded_transverse_width,,arc,0,0.032855999999998886,,10,,0,0,,,,,,False,0,0,0,4,0,0,,2,2,291,service_locked1_convex22,,,[],344,20987.403779073677,0,,0.0,,False,0,,597.948075,"[4, 5, 7, 8, 9, 10, 14, 15, 18, 19]",,30.0,4,,,67,0.5,locked,41,1.0,0.0,7,1,28,4,19,10,ordinary,22,full_coverage_and_all_discovered_cleared,271,5979.48075,40.0,constant,,0.03287504200125113
5,0,True,0,5,2,2,0,uniform__adversarial-spatial__68,uniform__adversarial-spatial,13,40,,15,15,253,,bounded_transverse_width,,base,0,0.04088600000000042,,15,,0,0,,,,,,False,0,0,40,2,41,0,,1,1,236,range_grid21_29,,,[],,22525.875596976664,0,,0.0,,False,0,,398.34500786666666,"[2, 4, 5, 6, 8, 9, 11, 12, 13, 14, 15, 16, 17, 19, 20]",,30.0,4,,,68,1.0,,,,,14,1,25,2,20,15,ordinary,21,full_coverage_and_all_discovered_cleared,215,5975.175118,40.0,constant,,0.04099612502614036
6,0,True,0,6,1,2,0,uniform__adversarial-spatial__68,uniform__adversarial-spatial,14,25,,16,15,278,,bounded_transverse_width,,base,0,0.04192099999999854,,15,,0,0,,,,,,False,0,0,25,2,43,0,,2,2,260,range_convex22,,,[],,24407.81032336539,0,,0.0,,False,0,,433.3708039333333,"[2, 4, 5, 6, 8, 9, 11, 12, 13, 14, 15, 16, 17, 19, 20]",,30.0,4,,,68,1.0,,,,,14,1,72,2,21,15,ordinary,22,full_coverage_and_all_discovered_cleared,241,6500.562059,40.0,constant,,0.0419482080033049
9,1,True,0,9,1,3,0,uniform__adversarial-spatial__68,uniform__adversarial-spatial,14,14,17,17,15,247,,bounded_transverse_width,,locked,44,0.04248199999999969,5,15,cached_distance_prefix_sum,0,0,,,17,0,12,True,0,0,17,3,0,0,8,2,2,228,count_locked_grid21_29,5,5,[],,21826.821672014863,0,,0.0,,False,0,393,386.6242888666667,"[2, 4, 5, 6, 8, 9, 11, 12, 13, 14, 15, 16, 17, 19, 20]",3,30.0,4,0,0,68,1.0,,,,,26,5,34,3,23,15,ordinary,21,full_coverage_and_all_discovered_cleared,213,5799.364333,40.0,constant,,0.04249366599833593
12,0,True,0,12,0,1,0,uniform__adversarial-spatial__68,uniform__adversarial-spatial,15,30,,16,15,249,,bounded_transverse_width,,arc,0,0.04562700000000319,,15,,0,0,,,,,,False,0,0,30,2,0,0,,3,3,231,service_free0_grid21_29,,,[],0,22180.948376378783,0,,0.0,,False,0,,392.01264506666666,"[2, 4, 5, 6, 8, 9, 11, 12, 13, 14, 15, 16, 17, 19, 20]",,30.0,4,,,68,0.5,free,48,0.0,0.0,17,1,32,2,27,15,ordinary,21,full_coverage_and_all_discovered_cleared,211,5880.189676,40.0,constant,,0.04572762502357364
12,3,True,0,12,3,4,1,uniform__adversarial-spatial__68,uniform__adversarial-spatial,12,19,,16,15,234,,bounded_transverse_width,,arc,0,0.055112999999998635,,15,,0,0,,,,,,False,0,0,19,5,0,0,,2,2,216,service_free1_grid21_29,,,[],938,22542.939725339693,0,,0.0,,False,0,,390.57252946666665,"[2, 4, 5, 6, 8, 9, 11, 12, 13, 14, 15, 16, 17, 19, 20]",,30.0,4,,,68,0.5,free,46,1.0,0.0,20,3,23,5,25,15,ordinary,21,full_coverage_and_all_discovered_cleared,192,5858.587942,40.0,constant,,0.05516854196321219
11,0,True,0,11,4,4,0,uniform__adversarial-spatial__68,uniform__adversarial-spatial,11,19,,15,15,229,,bounded_transverse_width,,arc,0,0.056844999999999146,,15,,0,0,,,,,,False,0,0,19,6,0,0,,2,2,212,service_free2_grid21_29,,,[],907,21561.004054971316,0,,0.0,,False,0,,375.68005393333334,"[2, 4, 5, 6, 8, 9, 11, 12, 13, 14, 15, 16, 17, 19, 20]",,30.0,4,,,68,0.5,free,47,2.0,0.0,17,1,39,6,26,15,ordinary,21,full_coverage_and_all_discovered_cleared,188,5635.200809,40.0,constant,,0.056855250033549964
11,1,True,0,11,1,3,0,uniform__adversarial-spatial__68,uniform__adversarial-spatial,14,14,,17,15,251,,bounded_transverse_width,,arc,0,0.04775100000000165,,15,,0,0,,,,,,False,0,0,14,3,0,0,,2,2,232,service_locked0_grid21_29,,,[],0,21705.49993762255,0,,0.0,,False,0,,386.2733324,"[2, 4, 5, 6, 8, 9, 11, 12, 13, 14, 15, 16, 17, 19, 20]",,30.0,4,,,68,0.5,locked,46,0.0,0.0,26,5,34,3,25,15,ordinary,21,full_coverage_and_all_discovered_cleared,212,5794.099986,40.0,constant,,0.04783691599732265
15,2,True,0,15,1,3,0,uniform__adversarial-spatial__68,uniform__adversarial-spatial,14,14,,17,15,245,,bounded_transverse_width,,arc,0,0.04933300000000074,,15,,0,0,,,,,,False,0,0,14,4,0,0,,4,3,226,service_locked1_grid21_29,,,[],1013,22325.168911503923,0,,0.0,,False,0,,391.8689188,"[2, 4, 5, 6, 8, 9, 11, 12, 13, 14, 15, 16, 17, 19, 20]",,30.0,4,,,68,0.5,locked,49,1.0,0.0,25,5,34,4,28,15,ordinary,21,full_coverage_and_all_discovered_cleared,202,5878.033782,40.0,constant,,0.04936016601277515
19,3,True,0,19,3,6,1,uniform__adversarial-spatial__68,uniform__adversarial-spatial,12,8,,18,15,236,,bounded_transverse_width,,arc,0,0.060575000000000045,,15,,0,0,,,,,,False,0,0,8,4,0,0,,4,3,216,service_soft20_grid21_29,,,[],983,24405.766890433915,0,,0.0,,False,0,,415.47689166666663,"[2, 4, 5, 6, 8, 9, 11, 12, 13, 14, 15, 16, 17, 19, 20]",,30.0,4,,,68,0.5,free,53,1.0,20.0,18,2,6,4,32,15,ordinary,21,full_coverage_and_all_discovered_cleared,187,6232.153375,40.0,constant,,0.06059125001775101
19,2,True,0,19,2,4,0,uniform__adversarial-spatial__68,uniform__adversarial-spatial,13,24,,17,15,257,,bounded_transverse_width,,arc,0,0.07052499999999995,,15,,0,0,,,,,,False,0,0,24,7,0,0,,5,3,238,service_free1_convex22,,,[],1315,24165.400146157033,0,,0.0,,False,0,,421.4053348666667,"[2, 4, 5, 6, 8, 9, 11, 12, 13, 14, 15, 16, 17, 19, 20]",,30.0,4,,,68,0.5,free,54,1.0,0.0,15,9,45,7,32,15,ordinary,22,full_coverage_and_all_discovered_cleared,217,6321.080023,40.0,constant,,0.07060008397093043
17,3,True,0,17,1,4,1,uniform__adversarial-spatial__68,uniform__adversarial-spatial,14,24,,18,15,244,,bounded_transverse_width,,arc,0,0.053847999999998564,,15,,0,0,,,,,,False,0,0,24,6,0,0,,3,3,224,service_locked1_convex22,,,[],1249,22908.67024956244,0,,0.0,,False,0,,398.9822696666667,"[2, 4, 5, 6, 8, 9, 11, 12, 13, 14, 15, 16, 17, 19, 20]",,30.0,4,,,68,0.5,locked,52,1.0,0.0,30,7,14,6,30,15,ordinary,22,full_coverage_and_all_discovered_cleared,199,5984.734045,40.0,constant,,0.053966332983691245
12,1,True,0,12,1,4,0,uniform__adversarial-spatial__69,uniform__adversarial-spatial,14,39,,18,15,236,,bounded_transverse_width,,base,0,0.0442840000000011,,15,,0,0,,,,,,False,0,0,39,3,47,0,,3,2,216,range_grid21_29,,,[],,23131.516181983094,0,,0.0,,False,0,,398.88688233333335,"[2, 3, 4, 5, 6, 7, 8, 9, 10, 11, 12, 13, 14, 16, 18]",,30.0,4,,,69,1.0,,,,,20,5,11,3,26,15,ordinary,21,full_coverage_and_all_discovered_cleared,193,5983.303235,40.0,constant,,0.04432554205413908
14,0,True,0,14,2,5,0,uniform__adversarial-spatial__69,uniform__adversarial-spatial,13,38,,18,15,289,,bounded_transverse_width,,base,0,0.04978699999999847,,15,,0,0,,,,,,False,0,0,38,2,51,0,,3,3,269,range_convex22,,,[],,24653.331229698553,0,,0.0,,False,0,,440.4444162666667,"[2, 3, 4, 5, 6, 7, 8, 9, 10, 11, 12, 13, 14, 16, 18]",,30.0,4,,,69,1.0,,,,,30,4,41,2,29,15,ordinary,22,full_coverage_and_all_discovered_cleared,247,6606.666244,40.0,constant,,0.04983187495963648
13,5,True,0,13,0,3,2,uniform__adversarial-spatial__69,uniform__adversarial-spatial,15,16,19,18,15,235,,bounded_transverse_width,,locked,46,0.04585700000000159,0,15,cached_distance_prefix_sum,0,0,,,19,0,19,True,0,0,19,0,0,0,8,4,3,215,count_locked_grid21_29,5,5,[],,22766.258225883466,0,,0.0,,False,0,230,393.6834428,"[2, 3, 4, 5, 6, 7, 8, 9, 10, 11, 12, 13, 14, 16, 18]",3,30.0,4,0,0,69,1.0,,,,,20,11,8,0,25,15,ordinary,21,full_coverage_and_all_discovered_cleared,193,5905.251642,40.0,constant,,0.045860583952162415
10,0,True,0,10,0,0,0,uniform__adversarial-spatial__69,uniform__adversarial-spatial,15,9,,15,15,215,,bounded_transverse_width,,arc,0,0.04789299999999841,,15,,0,0,,,,,,False,0,0,9,3,0,0,,2,2,198,service_free0_grid21_29,,,[],0,25455.86504937482,0,,0.0,,False,0,,422.41153380000003,"[2, 3, 4, 5, 6, 7, 8, 9, 10, 11, 12, 13, 14, 16, 18]",,30.0,4,,,69,0.5,free,46,0.0,0.0,24,2,48,3,25,15,ordinary,21,full_coverage_and_all_discovered_cleared,180,6336.173007,40.0,constant,,0.04794895800296217
17,1,True,0,17,1,2,0,uniform__adversarial-spatial__69,uniform__adversarial-spatial,14,0,,16,15,218,,bounded_transverse_width,,arc,0,0.046025000000000205,,15,,0,0,,,,,,False,0,0,0,5,0,0,,3,3,200,service_free1_grid21_29,,,[],481,21736.729350017446,0,,0.0,,False,0,,373.48972446666664,"[2, 3, 4, 5, 6, 7, 8, 9, 10, 11, 12, 13, 14, 16, 18]",,30.0,4,,,69,0.5,free,52,1.0,0.0,14,1,16,5,31,15,ordinary,21,full_coverage_and_all_discovered_cleared,177,5602.345867,40.0,constant,,0.046050667006056756
12,1,True,0,12,2,3,0,uniform__adversarial-spatial__69,uniform__adversarial-spatial,13,3,,16,15,229,,bounded_transverse_width,,arc,0,0.05427699999999902,,15,,0,0,,,,,,False,0,0,3,3,0,0,,3,2,211,service_free2_grid21_29,,,[],524,24337.86568692025,0,,0.0,,False,0,,412.5715424,"[2, 3, 4, 5, 6, 7, 8, 9, 10, 11, 12, 13, 14, 16, 18]",,30.0,4,,,69,0.5,free,47,2.0,0.0,20,1,21,3,26,15,ordinary,21,full_coverage_and_all_discovered_cleared,188,6188.573136,40.0,constant,,0.05430187500314787
17,4,True,0,17,0,3,1,uniform__adversarial-spatial__69,uniform__adversarial-spatial,15,4,,18,15,233,,bounded_transverse_width,,arc,0,0.05028599999999983,,15,,0,0,,,,,,False,0,0,4,6,0,0,,5,3,213,service_locked0_grid21_29,,,[],0,23757.039911580392,0,,0.0,,False,0,,405.82719886666666,"[2, 3, 4, 5, 6, 7, 8, 9, 10, 11, 12, 13, 14, 16, 18]",,30.0,4,,,69,0.5,locked,50,0.0,0.0,23,4,29,6,29,15,ordinary,21,full_coverage_and_all_discovered_cleared,187,6087.407983,40.0,constant,,0.050346874981187284
17,4,True,0,17,0,3,1,uniform__adversarial-spatial__69,uniform__adversarial-spatial,15,4,,18,15,233,,bounded_transverse_width,,arc,0,0.05181699999999978,,15,,0,0,,,,,,False,0,0,4,6,0,0,,5,3,213,service_locked1_grid21_29,,,[],1182,23757.039911580392,0,,0.0,,False,0,,405.82719886666666,"[2, 3, 4, 5, 6, 7, 8, 9, 10, 11, 12, 13, 14, 16, 18]",,30.0,4,,,69,0.5,locked,50,1.0,0.0,23,4,29,6,29,15,ordinary,21,full_coverage_and_all_discovered_cleared,187,6087.407983,40.0,constant,,0.05184554198058322
11,1,True,0,11,1,3,0,uniform__adversarial-spatial__69,uniform__adversarial-spatial,14,0,,17,15,220,,bounded_transverse_width,,arc,0,0.05494300000000152,,15,,0,0,,,,,,False,0,0,0,2,0,0,,3,2,201,service_soft20_grid21_29,,,[],465,24514.81114349815,0,,0.0,,False,0,,411.4641484,"[2, 3, 4, 5, 6, 7, 8, 9, 10, 11, 12, 13, 14, 16, 18]",,30.0,4,,,69,0.5,free,46,1.0,20.0,22,1,15,2,25,15,ordinary,21,full_coverage_and_all_discovered_cleared,183,6171.962226,40.0,constant,,0.05497412499971688
12,1,True,0,12,1,2,0,uniform__adversarial-spatial__69,uniform__adversarial-spatial,14,3,,16,15,214,,bounded_transverse_width,,arc,0,0.061425999999997316,,15,,0,0,,,,,,False,0,0,3,4,0,0,,3,2,196,service_free1_convex22,,,[],627,22647.430499408332,0,,0.0,,False,0,,384.29907306666666,"[2, 3, 4, 5, 6, 7, 8, 9, 10, 11, 12, 13, 14, 16, 18]",,30.0,4,,,69,0.5,free,48,1.0,0.0,22,0,37,4,26,15,ordinary,22,full_coverage_and_all_discovered_cleared,177,5764.486096,40.0,constant,,0.061513833003118634
18,3,True,0,18,0,2,0,uniform__adversarial-spatial__69,uniform__adversarial-spatial,15,21,,17,15,242,,bounded_transverse_width,,arc,0,0.053639000000000436,,15,,0,0,,,,,,False,0,0,21,2,0,0,,3,3,223,service_locked1_convex22,,,[],1237,22437.203531846193,0,,0.0,,False,0,,392.16271340000003,"[2, 3, 4, 5, 6, 7, 8, 9, 10, 11, 12, 13, 14, 16, 18]",,30.0,4,,,69,0.5,locked,52,1.0,0.0,31,7,24,2,30,15,ordinary,22,full_coverage_and_all_discovered_cleared,199,5882.440701,40.0,constant,,0.053660749981645495
7,0,True,0,7,2,4,0,uniform__adversarial-spatial__70,uniform__adversarial-spatial,8,13,,12,10,314,,bounded_transverse_width,,base,0,0.02891699999999986,,10,,0,0,,,,,,False,0,0,13,2,38,0,,3,3,300,range_grid21_29,,,[],,20661.090014579597,0,,0.0,,False,0,,596.9218002,"[2, 3, 5, 10, 11, 13, 15, 16, 19, 20]",,30.0,4,,,70,1.0,,,,,9,0,6,2,17,10,ordinary,21,full_coverage_and_all_discovered_cleared,281,5969.218002,40.0,constant,,0.028938625007867813
8,1,True,0,8,1,5,0,uniform__adversarial-spatial__70,uniform__adversarial-spatial,9,36,,14,10,319,,bounded_transverse_width,,base,0,0.031853000000001686,,10,,0,0,,,,,,False,0,0,36,3,39,0,,3,2,303,range_convex22,,,[],,20915.07440708251,0,,0.0,,False,0,,604.2014876000001,"[2, 3, 5, 10, 11, 13, 15, 16, 19, 20]",,30.0,4,,,70,1.0,,,,,4,1,31,3,17,10,ordinary,22,full_coverage_and_all_discovered_cleared,282,6042.014876,40.0,constant,,0.03186229197308421
10,1,True,0,10,1,4,0,uniform__adversarial-spatial__70,uniform__adversarial-spatial,9,9,9,13,10,309,,bounded_transverse_width,,locked,40,0.03381399999999957,0,10,cached_distance_prefix_sum,0,0,,,9,0,9,True,0,0,9,2,0,0,8,3,2,294,count_locked_grid21_29,10,10,[],,20630.158537475938,0,,0.0,,False,0,210,592.8031705999999,"[2, 3, 5, 10, 11, 13, 15, 16, 19, 20]",0,30.0,4,0,0,70,1.0,,,,,9,1,32,2,19,10,ordinary,21,full_coverage_and_all_discovered_cleared,273,5928.031706,40.0,constant,,0.03386212501209229
17,3,True,0,17,0,0,0,uniform__adversarial-spatial__70,uniform__adversarial-spatial,10,7,,10,10,319,,bounded_transverse_width,,arc,0,0.035142999999997926,,10,,0,0,,,,,,False,0,0,7,5,0,0,,4,3,307,service_free0_grid21_29,,,[],0,21517.22547684033,0,,0.0,,False,0,,617.3445095,"[2, 3, 5, 10, 11, 13, 15, 16, 19, 20]",,30.0,4,,,70,0.5,free,45,0.0,0.0,9,1,4,5,24,10,ordinary,21,full_coverage_and_all_discovered_cleared,285,6173.445095,40.0,constant,,0.03516416600905359
13,1,True,0,13,0,1,0,uniform__adversarial-spatial__70,uniform__adversarial-spatial,10,7,,11,10,318,,bounded_transverse_width,,arc,0,0.04106599999999716,,10,,0,0,,,,,,False,0,0,7,4,0,0,,3,3,305,service_free1_grid21_29,,,[],544,21567.97813940302,0,,0.0,,False,0,,617.7595628,"[2, 3, 5, 10, 11, 13, 15, 16, 19, 20]",,30.0,4,,,70,0.5,free,43,1.0,0.0,9,0,4,4,22,10,ordinary,21,full_coverage_and_all_discovered_cleared,286,6177.595628,40.0,constant,,0.04107808304252103
11,1,True,0,11,1,2,0,uniform__adversarial-spatial__70,uniform__adversarial-spatial,9,6,,11,10,314,,bounded_transverse_width,,arc,0,0.040869999999998186,,10,,0,0,,,,,,False,0,0,6,3,0,0,,3,3,301,service_free2_grid21_29,,,[],495,21639.672335377498,0,,0.0,,False,0,,616.6934467,"[2, 3, 5, 10, 11, 13, 15, 16, 19, 20]",,30.0,4,,,70,0.5,free,41,2.0,0.0,12,0,7,3,20,10,ordinary,21,full_coverage_and_all_discovered_cleared,281,6166.934467,40.0,constant,,0.04090074996929616
9,1,True,0,9,0,2,0,uniform__adversarial-spatial__70,uniform__adversarial-spatial,10,9,,12,10,306,,bounded_transverse_width,,arc,0,0.034451000000000676,,10,,0,0,,,,,,False,0,0,9,4,0,0,,3,2,292,service_locked0_grid21_29,,,[],0,20520.843343604804,0,,0.0,,False,0,,589.0168669,"[2, 3, 5, 10, 11, 13, 15, 16, 19, 20]",,30.0,4,,,70,0.5,locked,39,0.0,0.0,8,0,42,4,18,10,ordinary,21,full_coverage_and_all_discovered_cleared,270,5890.168669,40.0,constant,,0.03445991699118167
14,2,True,0,14,0,1,0,uniform__adversarial-spatial__70,uniform__adversarial-spatial,10,4,,11,10,307,,bounded_transverse_width,,arc,0,0.036489999999997025,,10,,0,0,,,,,,False,0,0,4,4,0,0,,3,2,294,service_locked1_grid21_29,,,[],316,21210.457770324207,0,,0.0,,False,0,,603.4091553999999,"[2, 3, 5, 10, 11, 13, 15, 16, 19, 20]",,30.0,4,,,70,0.5,locked,43,1.0,0.0,9,1,30,4,22,10,ordinary,21,full_coverage_and_all_discovered_cleared,269,6034.091554,40.0,constant,,0.03651104198070243
19,2,True,0,19,0,2,0,uniform__adversarial-spatial__70,uniform__adversarial-spatial,10,0,,12,10,305,,bounded_transverse_width,,arc,0,0.038964,,10,,0,0,,,,,,False,0,0,0,4,0,0,,3,3,291,service_soft20_grid21_29,,,[],238,23740.616613011225,0,,0.0,,False,0,,652.8123321,"[2, 3, 5, 10, 11, 13, 15, 16, 19, 20]",,30.0,4,,,70,0.5,free,48,1.0,20.0,8,1,1,4,27,10,ordinary,21,full_coverage_and_all_discovered_cleared,269,6528.123321,40.0,constant,,0.03898191696498543
16,1,True,0,16,0,2,0,uniform__adversarial-spatial__70,uniform__adversarial-spatial,10,6,,12,10,324,,bounded_transverse_width,,arc,0,0.044577999999997786,,10,,0,0,,,,,,False,0,0,6,3,0,0,,4,3,310,service_free1_convex22,,,[],585,23347.178808515324,0,,0.0,,False,0,,656.4435759,"[2, 3, 5, 10, 11, 13, 15, 16, 19, 20]",,30.0,4,,,70,0.5,free,47,1.0,0.0,9,2,4,3,25,10,ordinary,22,full_coverage_and_all_discovered_cleared,289,6564.435759,40.0,constant,,0.044633875018917024
9,0,True,0,9,2,3,0,uniform__adversarial-spatial__70,uniform__adversarial-spatial,8,11,,11,10,325,,bounded_transverse_width,,arc,0,0.03335699999999875,,10,,0,0,,,,,,False,0,0,11,4,0,0,,3,3,312,service_locked1_convex22,,,[],371,21048.46081751144,0,,0.0,,False,0,,611.2692162999999,"[2, 3, 5, 10, 11, 13, 15, 16, 19, 20]",,30.0,4,,,70,0.5,locked,41,1.0,0.0,5,1,36,4,19,10,ordinary,22,full_coverage_and_all_discovered_cleared,290,6112.692163,40.0,constant,,0.03338104096474126
12,3,True,0,12,0,2,1,uniform__adversarial-spatial__71,uniform__adversarial-spatial,12,2,,14,12,290,,bounded_transverse_width,,base,0,0.035905000000003184,,12,,0,0,,,,,,False,0,0,2,3,43,0,,3,2,274,range_grid21_29,,,[],,22023.268364163658,0,,0.0,,False,0,,507.55447275,"[1, 2, 4, 5, 7, 9, 10, 13, 17, 18, 19, 20]",,30.0,4,,,71,1.0,,,,,16,1,20,3,22,12,ordinary,21,full_coverage_and_all_discovered_cleared,250,6090.653673,40.0,constant,,0.03592720802407712
5,2,True,0,5,0,0,1,uniform__adversarial-spatial__71,uniform__adversarial-spatial,12,22,,12,12,319,,bounded_transverse_width,,base,0,0.03696700000000064,,12,,0,0,,,,,,False,0,0,22,1,38,0,,3,2,305,range_convex22,,,[],,22540.016949674387,0,,0.0,,False,0,,531.4169489166667,"[1, 2, 4, 5, 7, 9, 10, 13, 17, 18, 19, 20]",,30.0,4,,,71,1.0,,,,,13,0,14,1,16,12,ordinary,22,full_coverage_and_all_discovered_cleared,284,6377.003387,40.0,constant,,0.03697016596561298
12,2,True,0,12,1,1,1,uniform__adversarial-spatial__71,uniform__adversarial-spatial,11,19,21,12,12,294,,bounded_transverse_width,,locked,44,0.039343999999999824,1,12,cached_distance_prefix_sum,0,0,,,21,0,20,True,0,0,21,5,0,0,8,4,3,280,count_locked_grid21_29,8,8,[],,23094.725495995342,0,,0.0,,False,0,464,527.74542475,"[1, 2, 4, 5, 7, 9, 10, 13, 17, 18, 19, 20]",2,30.0,4,0,0,71,1.0,,,,,18,2,33,6,23,12,ordinary,21,full_coverage_and_all_discovered_cleared,254,6332.945097,40.0,constant,,0.039414500002749264
16,5,True,0,16,0,2,2,uniform__adversarial-spatial__71,uniform__adversarial-spatial,12,12,,14,12,298,,bounded_transverse_width,,arc,0,0.040164000000000755,,12,,0,0,,,,,,False,0,0,12,4,0,0,,5,3,282,service_free0_grid21_29,,,[],0,22852.64384213156,0,,0.0,,False,0,,525.3773973333333,"[1, 2, 4, 5, 7, 9, 10, 13, 17, 18, 19, 20]",,30.0,4,,,71,0.5,free,46,0.0,0.0,12,3,27,4,25,12,ordinary,21,full_coverage_and_all_discovered_cleared,258,6304.528768,40.0,constant,,0.0401761659886688
16,5,True,0,16,1,3,2,uniform__adversarial-spatial__71,uniform__adversarial-spatial,11,30,,14,12,293,,bounded_transverse_width,,arc,0,0.05076800000000148,,12,,0,0,,,,,,False,0,0,30,2,0,0,,5,3,277,service_free1_grid21_29,,,[],1290,22652.10986030369,0,,0.0,,False,0,,519.201831,"[1, 2, 4, 5, 7, 9, 10, 13, 17, 18, 19, 20]",,30.0,4,,,71,0.5,free,46,1.0,0.0,16,5,13,2,25,12,ordinary,21,full_coverage_and_all_discovered_cleared,249,6230.421972,40.0,constant,,0.05078874999890104
12,0,True,0,12,2,4,0,uniform__adversarial-spatial__71,uniform__adversarial-spatial,10,11,,14,12,290,,bounded_transverse_width,,arc,0,0.054037000000001,,12,,0,0,,,,,,False,0,0,11,4,0,0,,3,3,274,service_free2_grid21_29,,,[],1033,20591.479281671927,0,,0.0,,False,0,,483.69132141666665,"[1, 2, 4, 5, 7, 9, 10, 13, 17, 18, 19, 20]",,30.0,4,,,71,0.5,free,45,2.0,0.0,13,4,16,4,24,12,ordinary,21,full_coverage_and_all_discovered_cleared,250,5804.295857,40.0,constant,,0.0540915839956142
15,2,True,0,15,2,2,1,uniform__adversarial-spatial__71,uniform__adversarial-spatial,10,21,,12,12,290,,bounded_transverse_width,,arc,0,0.044508000000000436,,12,,0,0,,,,,,False,0,0,21,5,0,0,,4,3,276,service_locked0_grid21_29,,,[],0,23047.073975777002,0,,0.0,,False,0,,525.0345659999999,"[1, 2, 4, 5, 7, 9, 10, 13, 17, 18, 19, 20]",,30.0,4,,,71,0.5,locked,47,0.0,0.0,17,1,28,5,26,12,ordinary,21,full_coverage_and_all_discovered_cleared,251,6300.414792,40.0,constant,,0.044513250002637506
15,2,True,0,15,2,2,1,uniform__adversarial-spatial__71,uniform__adversarial-spatial,10,21,,12,12,290,,bounded_transverse_width,,arc,0,0.04522799999999805,,12,,0,0,,,,,,False,0,0,21,5,0,0,,4,3,276,service_locked1_grid21_29,,,[],920,23047.073975777002,0,,0.0,,False,0,,525.0345659999999,"[1, 2, 4, 5, 7, 9, 10, 13, 17, 18, 19, 20]",,30.0,4,,,71,0.5,locked,47,1.0,0.0,17,1,28,5,26,12,ordinary,21,full_coverage_and_all_discovered_cleared,251,6300.414792,40.0,constant,,0.045237415994051844
20,1,True,0,20,1,2,0,uniform__adversarial-spatial__71,uniform__adversarial-spatial,11,1,,13,12,289,,bounded_transverse_width,,arc,0,0.05281699999999745,,12,,0,0,,,,,,False,0,0,1,6,0,0,,4,4,274,service_soft20_grid21_29,,,[],722,24378.137166004846,0,,0.0,,False,0,,546.1356194166666,"[1, 2, 4, 5, 7, 9, 10, 13, 17, 18, 19, 20]",,30.0,4,,,71,0.5,free,52,1.0,20.0,12,1,4,6,31,12,ordinary,21,full_coverage_and_all_discovered_cleared,245,6553.627433,40.0,constant,,0.052882415999192744
16,4,True,0,16,0,4,1,uniform__adversarial-spatial__71,uniform__adversarial-spatial,12,18,,16,12,303,,bounded_transverse_width,,arc,0,0.05418499999999682,,12,,0,0,,,,,,False,0,0,18,3,0,0,,3,3,285,service_free1_convex22,,,[],1069,25504.166648396178,0,,0.0,,False,0,,571.23611075,"[1, 2, 4, 5, 7, 9, 10, 13, 17, 18, 19, 20]",,30.0,4,,,71,0.5,free,47,1.0,0.0,12,5,18,3,25,12,ordinary,22,full_coverage_and_all_discovered_cleared,257,6854.833329,40.0,constant,,0.05450949998339638
17,4,True,0,17,0,2,1,uniform__adversarial-spatial__71,uniform__adversarial-spatial,12,27,,14,12,294,,bounded_transverse_width,,arc,0,0.044086999999997545,,12,,0,0,,,,,,False,0,0,27,5,0,0,,4,3,278,service_locked1_convex22,,,[],707,23059.99118582074,0,,0.0,,False,0,,526.8331863333334,"[1, 2, 4, 5, 7, 9, 10, 13, 17, 18, 19, 20]",,30.0,4,,,71,0.5,locked,48,1.0,0.0,15,10,31,5,26,12,ordinary,22,full_coverage_and_all_discovered_cleared,254,6321.998236,40.0,constant,,0.04411058296682313
10,1,True,0,10,3,4,0,edge__iid__67,edge__iid,7,14,,11,10,309,,bounded_transverse_width,,base,0,0.032106999999999886,,10,,0,0,,,,,,False,0,0,14,2,40,0,,4,3,296,range_grid21_29,,,[],,19789.801093091566,0,,0.0,,False,0,,576.5960219,"[4, 5, 7, 8, 9, 10, 14, 15, 18, 19]",,30.0,4,,,67,1.0,,,,,5,3,1,2,19,10,ordinary,21,full_coverage_and_all_discovered_cleared,275,5765.960219,40.0,constant,,0.03212654101662338
6,1,True,0,6,2,2,0,edge__iid__67,edge__iid,8,25,,10,10,320,,bounded_transverse_width,,base,0,0.03070900000000165,,10,,0,0,,,,,,False,0,0,25,1,37,0,,3,2,308,range_convex22,,,[],,21151.96205011894,0,,0.0,,False,0,,610.6392407999999,"[4, 5, 7, 8, 9, 10, 14, 15, 18, 19]",,30.0,4,,,67,1.0,,,,,6,1,7,1,15,10,ordinary,22,full_coverage_and_all_discovered_cleared,286,6106.392408,40.0,constant,,0.030775332998018712
4,1,True,0,4,3,3,0,edge__iid__67,edge__iid,7,52,54,10,10,300,,bounded_transverse_width,,locked,34,0.03208000000000055,3,10,cached_distance_prefix_sum,0,0,,,54,0,51,True,0,0,54,2,0,0,8,2,1,288,count_locked_grid21_29,10,10,[],,19068.97214456625,0,,0.0,,False,0,486,557.4794428,"[4, 5, 7, 8, 9, 10, 14, 15, 18, 19]",2,30.0,4,0,0,67,1.0,,,,,5,4,1,2,13,10,ordinary,21,full_coverage_and_all_discovered_cleared,271,5574.794428,40.0,constant,,0.03211620799265802
14,2,True,0,14,2,3,0,edge__iid__67,edge__iid,8,14,,11,10,310,,bounded_transverse_width,,arc,0,0.037082000000001614,,10,,0,0,,,,,,False,0,0,14,3,0,0,,4,3,297,service_free0_grid21_29,,,[],0,21405.54634918731,0,,0.0,,False,0,,609.410927,"[4, 5, 7, 8, 9, 10, 14, 15, 18, 19]",,30.0,4,,,67,0.5,free,43,0.0,0.0,5,3,1,3,22,10,ordinary,21,full_coverage_and_all_discovered_cleared,275,6094.10927,40.0,constant,,0.03710379096446559
14,3,True,0,14,6,7,0,edge__iid__67,edge__iid,4,20,,11,10,319,,bounded_transverse_width,,arc,0,0.04139499999999785,,10,,0,0,,,,,,False,0,0,20,6,0,0,,4,3,306,service_free1_grid21_29,,,[],538,21159.18900574466,0,,0.0,,False,0,,609.6837799,"[4, 5, 7, 8, 9, 10, 14, 15, 18, 19]",,30.0,4,,,67,0.5,free,42,1.0,0.0,6,3,0,7,21,10,ordinary,21,full_coverage_and_all_discovered_cleared,282,6096.837799,40.0,constant,,0.04142954101553187
15,3,True,0,15,6,8,0,edge__iid__67,edge__iid,4,20,,12,10,320,,bounded_transverse_width,,arc,0,0.038492999999999,,10,,0,0,,,,,,False,0,0,20,7,0,0,,4,3,306,service_free2_grid21_29,,,[],549,20653.445277121442,0,,0.0,,False,0,,599.8689054,"[4, 5, 7, 8, 9, 10, 14, 15, 18, 19]",,30.0,4,,,67,0.5,free,43,2.0,0.0,7,3,1,8,22,10,ordinary,21,full_coverage_and_all_discovered_cleared,282,5998.689054,40.0,constant,,0.038521209033206105
8,1,True,0,8,3,3,0,edge__iid__67,edge__iid,7,46,,10,10,303,,bounded_transverse_width,,arc,0,0.03618499999999969,,10,,0,0,,,,,,False,0,0,46,6,0,0,,3,2,291,service_locked0_grid21_29,,,[],0,19503.035186638077,0,,0.0,,False,0,,567.7607037,"[4, 5, 7, 8, 9, 10, 14, 15, 18, 19]",,30.0,4,,,67,0.5,locked,38,0.0,0.0,6,11,10,6,17,10,ordinary,21,full_coverage_and_all_discovered_cleared,272,5677.607037,40.0,constant,,0.03618720802478492
9,1,True,0,9,3,3,0,edge__iid__67,edge__iid,7,46,,10,10,304,,bounded_transverse_width,,arc,0,0.038105999999999085,,10,,0,0,,,,,,False,0,0,46,7,0,0,,3,2,292,service_locked1_grid21_29,,,[],851,19636.16949403644,0,,0.0,,False,0,,571.0233899,"[4, 5, 7, 8, 9, 10, 14, 15, 18, 19]",,30.0,4,,,67,0.5,locked,39,1.0,0.0,6,17,10,7,18,10,ordinary,21,full_coverage_and_all_discovered_cleared,273,5710.233899,40.0,constant,,0.03811150003457442
23,3,True,0,23,7,7,0,edge__iid__67,edge__iid,3,7,,10,10,301,,bounded_transverse_width,,arc,0,0.043571000000000026,,10,,0,0,,,,,,False,0,0,7,2,0,0,,5,3,289,service_soft20_grid21_29,,,[],648,23882.10816612781,0,,0.0,,False,0,,653.2421633,"[4, 5, 7, 8, 9, 10, 14, 15, 18, 19]",,30.0,4,,,67,0.5,free,51,1.0,20.0,10,6,0,2,30,10,ordinary,21,full_coverage_and_all_discovered_cleared,261,6532.421633,40.0,constant,,0.043624999991152436
11,1,True,0,11,2,2,0,edge__iid__67,edge__iid,8,5,,10,10,312,,bounded_transverse_width,,arc,0,0.04356199999999788,,10,,0,0,,,,,,False,0,0,5,5,0,0,,3,3,300,service_free1_convex22,,,[],379,20121.815461853686,0,,0.0,,False,0,,585.3363091,"[4, 5, 7, 8, 9, 10, 14, 15, 18, 19]",,30.0,4,,,67,0.5,free,42,1.0,0.0,6,1,8,5,20,10,ordinary,22,full_coverage_and_all_discovered_cleared,279,5853.363091,40.0,constant,,0.04358120902907103
11,0,True,0,11,2,2,0,edge__iid__67,edge__iid,8,38,,10,10,331,,bounded_transverse_width,,arc,0,0.04012899999999675,,10,,0,0,,,,,,False,0,0,38,7,0,0,,3,3,319,service_locked1_convex22,,,[],710,19798.175344469793,0,,0.0,,False,0,,590.0635067000001,"[4, 5, 7, 8, 9, 10, 14, 15, 18, 19]",,30.0,4,,,67,0.5,locked,43,1.0,0.0,8,8,28,7,21,10,ordinary,22,full_coverage_and_all_discovered_cleared,296,5900.635067,40.0,constant,,0.040329958021175116
12,1,True,0,12,5,5,0,edge__iid__68,edge__iid,10,0,,15,15,307,,bounded_transverse_width,,base,0,0.03412000000000148,,15,,0,0,,,,,,False,0,0,0,3,47,0,,2,2,290,range_grid21_29,,,[],,23204.935094405613,0,,0.0,,False,0,,428.86580126666667,"[2, 4, 5, 6, 8, 9, 11, 12, 13, 14, 15, 16, 17, 19, 20]",,30.0,4,,,68,1.0,,,,,14,4,1,3,26,15,ordinary,21,full_coverage_and_all_discovered_cleared,267,6432.987019,40.0,constant,,0.034127291990444064
19,2,True,0,19,1,1,0,edge__iid__68,edge__iid,14,3,,15,15,298,,bounded_transverse_width,,base,0,0.042368999999997214,,15,,0,0,,,,,,False,0,0,3,6,54,0,,3,2,281,range_convex22,,,[],,24721.394031211723,0,,0.0,,False,0,,445.55192040000003,"[2, 4, 5, 6, 8, 9, 11, 12, 13, 14, 15, 16, 17, 19, 20]",,30.0,4,,,68,1.0,,,,,13,3,0,6,32,15,ordinary,22,full_coverage_and_all_discovered_cleared,259,6683.278806,40.0,constant,,0.04241425002692267
14,3,True,0,14,3,4,0,edge__iid__68,edge__iid,12,59,60,16,15,278,,bounded_transverse_width,,locked,47,0.046994000000001535,5,15,cached_distance_prefix_sum,0,0,,,60,0,55,True,0,0,60,4,0,0,8,3,2,260,count_locked_grid21_29,5,5,[],,22918.632703342566,0,,0.0,,False,0,485,413.64843613333335,"[2, 4, 5, 6, 8, 9, 11, 12, 13, 14, 15, 16, 17, 19, 20]",1,30.0,4,0,0,68,1.0,,,,,6,1,32,4,26,15,ordinary,21,full_coverage_and_all_discovered_cleared,243,6204.726542,40.0,constant,,0.047039750032126904
17,2,True,0,17,2,3,0,edge__iid__68,edge__iid,13,32,,16,15,301,,bounded_transverse_width,,arc,0,0.04750399999999999,,15,,0,0,,,,,,False,0,0,32,2,0,0,,3,2,283,service_free0_grid21_29,,,[],0,24218.69621120155,0,,0.0,,False,0,,439.84928293333337,"[2, 4, 5, 6, 8, 9, 11, 12, 13, 14, 15, 16, 17, 19, 20]",,30.0,4,,,68,0.5,free,51,0.0,0.0,14,4,1,2,30,15,ordinary,21,full_coverage_and_all_discovered_cleared,261,6597.739244,40.0,constant,,0.04751083301380277
17,1,True,0,17,3,3,0,edge__iid__68,edge__iid,12,14,,15,15,303,,bounded_transverse_width,,arc,0,0.053893999999999664,,15,,0,0,,,,,,False,0,0,14,9,0,0,,2,2,286,service_free1_grid21_29,,,[],591,24864.96141427988,0,,0.0,,False,0,,449.33281873333334,"[2, 4, 5, 6, 8, 9, 11, 12, 13, 14, 15, 16, 17, 19, 20]",,30.0,4,,,68,0.5,free,52,1.0,0.0,15,3,1,9,31,15,ordinary,21,full_coverage_and_all_discovered_cleared,262,6739.992281,40.0,constant,,0.05395795899676159
17,1,True,0,17,5,5,0,edge__iid__68,edge__iid,10,12,,15,15,287,,bounded_transverse_width,,arc,0,0.056958999999999094,,15,,0,0,,,,,,False,0,0,12,8,0,0,,3,3,270,service_free2_grid21_29,,,[],650,25116.701361576204,0,,0.0,,False,0,,446.4226847333333,"[2, 4, 5, 6, 8, 9, 11, 12, 13, 14, 15, 16, 17, 19, 20]",,30.0,4,,,68,0.5,free,52,2.0,0.0,15,1,1,9,31,15,ordinary,21,full_coverage_and_all_discovered_cleared,248,6696.340271,40.0,constant,,0.05702916701557115
19,4,True,0,19,1,2,0,edge__iid__68,edge__iid,14,53,,16,15,281,,bounded_transverse_width,,arc,0,0.053802000000001016,,15,,0,0,,,,,,False,0,0,53,7,0,0,,3,2,263,service_locked0_grid21_29,,,[],0,23240.95796368682,0,,0.0,,False,0,,418.8794396,"[2, 4, 5, 6, 8, 9, 11, 12, 13, 14, 15, 16, 17, 19, 20]",,30.0,4,,,68,0.5,locked,51,0.0,0.0,9,14,32,7,30,15,ordinary,21,full_coverage_and_all_discovered_cleared,242,6283.191594,40.0,constant,,0.053810790996067226
22,4,True,0,22,2,3,0,edge__iid__68,edge__iid,13,53,,16,15,284,,bounded_transverse_width,,arc,0,0.05659400000000048,,15,,0,0,,,,,,False,0,0,53,8,0,0,,3,2,266,service_locked1_grid21_29,,,[],984,23656.88631511085,0,,0.0,,False,0,,425.6918176,"[2, 4, 5, 6, 8, 9, 11, 12, 13, 14, 15, 16, 17, 19, 20]",,30.0,4,,,68,0.5,locked,54,1.0,0.0,11,16,10,8,33,15,ordinary,21,full_coverage_and_all_discovered_cleared,246,6385.377264,40.0,constant,,0.05666399997426197
29,4,True,0,29,4,5,0,edge__iid__68,edge__iid,11,9,,16,15,274,,bounded_transverse_width,,arc,0,0.06245499999999993,,15,,0,0,,,,,,False,0,0,9,8,0,0,,4,3,256,service_soft20_grid21_29,,,[],708,26761.47405932166,0,,0.0,,False,0,,462.9529874666667,"[2, 4, 5, 6, 8, 9, 11, 12, 13, 14, 15, 16, 17, 19, 20]",,30.0,4,,,68,0.5,free,61,1.0,20.0,12,8,0,9,40,15,ordinary,21,full_coverage_and_all_discovered_cleared,234,6944.294812,40.0,constant,,0.06250537501182407
17,2,True,0,17,3,3,0,edge__iid__68,edge__iid,12,7,,15,15,298,,bounded_transverse_width,,arc,0,0.05198599999999942,,15,,0,0,,,,,,False,0,0,7,5,0,0,,2,2,281,service_free1_convex22,,,[],402,22676.030668828334,0,,0.0,,False,0,,418.1470756,"[2, 4, 5, 6, 8, 9, 11, 12, 13, 14, 15, 16, 17, 19, 20]",,30.0,4,,,68,0.5,free,52,1.0,0.0,15,1,3,5,30,15,ordinary,22,full_coverage_and_all_discovered_cleared,257,6272.206134,40.0,constant,,0.052072708029299974
19,4,True,0,19,3,3,1,edge__iid__68,edge__iid,12,51,,15,15,282,,bounded_transverse_width,,arc,0,0.05593999999999966,,15,,0,0,,,,,,False,0,0,51,7,0,0,,5,4,265,service_locked1_convex22,,,[],1381,21896.326495852925,0,,0.0,,False,0,,401.28435326666664,"[2, 4, 5, 6, 8, 9, 11, 12, 13, 14, 15, 16, 17, 19, 20]",,30.0,4,,,68,0.5,locked,53,1.0,0.0,9,22,2,8,31,15,ordinary,22,full_coverage_and_all_discovered_cleared,240,6019.265299,40.0,constant,,0.05600333301117644
15,1,True,0,15,4,4,0,edge__iid__69,edge__iid,11,15,,15,15,301,,bounded_transverse_width,,base,0,0.03906999999999883,,15,,0,0,,,,,,False,0,0,15,7,50,0,,3,2,284,range_grid21_29,,,[],,22356.171830697833,0,,0.0,,False,0,,415.2156242666667,"[2, 3, 4, 5, 6, 7, 8, 9, 10, 11, 12, 13, 14, 16, 18]",,30.0,4,,,69,1.0,,,,,9,1,2,7,29,15,ordinary,21,full_coverage_and_all_discovered_cleared,262,6228.234364,40.0,constant,,0.03908604203024879
13,1,True,0,13,4,4,0,edge__iid__69,edge__iid,11,21,,15,15,294,,bounded_transverse_width,,base,0,0.04325199999999896,,15,,0,0,,,,,,False,0,0,21,4,49,0,,3,3,277,range_convex22,,,[],,23610.332054407605,0,,0.0,,False,0,,428.87109373333334,"[2, 3, 4, 5, 6, 7, 8, 9, 10, 11, 12, 13, 14, 16, 18]",,30.0,4,,,69,1.0,,,,,15,3,5,5,27,15,ordinary,22,full_coverage_and_all_discovered_cleared,251,6433.066406,40.0,constant,,0.043455249979160726
12,1,True,0,12,2,2,0,edge__iid__69,edge__iid,13,52,53,15,15,257,,bounded_transverse_width,,locked,47,0.054186999999998875,0,15,cached_distance_prefix_sum,0,0,,,53,0,53,True,0,0,53,7,0,0,8,3,2,240,count_locked_grid21_29,5,5,[],,22091.59365081189,0,,0.0,,False,0,535,394.2212485333333,"[2, 3, 4, 5, 6, 7, 8, 9, 10, 11, 12, 13, 14, 16, 18]",1,30.0,4,0,0,69,1.0,,,,,11,7,32,7,26,15,ordinary,21,full_coverage_and_all_discovered_cleared,220,5913.318728,40.0,constant,,0.05427304096519947
17,1,True,0,17,4,4,0,edge__iid__69,edge__iid,11,18,,15,15,272,,bounded_transverse_width,,arc,0,0.04920200000000108,,15,,0,0,,,,,,False,0,0,18,9,0,0,,3,2,255,service_free0_grid21_29,,,[],0,22245.148140231406,0,,0.0,,False,0,,402.2686418,"[2, 3, 4, 5, 6, 7, 8, 9, 10, 11, 12, 13, 14, 16, 18]",,30.0,4,,,69,0.5,free,52,0.0,0.0,11,6,18,10,31,15,ordinary,21,full_coverage_and_all_discovered_cleared,235,6034.029627,40.0,constant,,0.049235791026148945
20,1,True,0,20,5,5,0,edge__iid__69,edge__iid,10,15,,15,15,306,,bounded_transverse_width,,arc,0,0.052738000000001506,,15,,0,0,,,,,,False,0,0,15,8,0,0,,3,3,289,service_free1_grid21_29,,,[],527,22234.312569529327,0,,0.0,,False,0,,415.45750066666665,"[2, 3, 4, 5, 6, 7, 8, 9, 10, 11, 12, 13, 14, 16, 18]",,30.0,4,,,69,0.5,free,55,1.0,0.0,11,1,2,8,34,15,ordinary,21,full_coverage_and_all_discovered_cleared,265,6231.86251,40.0,constant,,0.05279016599524766
15,0,True,0,15,4,4,0,edge__iid__69,edge__iid,11,27,,15,15,272,,bounded_transverse_width,,arc,0,0.06138599999999883,,15,,0,0,,,,,,False,0,0,27,4,0,0,,3,3,255,service_free2_grid21_29,,,[],741,20586.702357465194,0,,0.0,,False,0,,380.2226980666667,"[2, 3, 4, 5, 6, 7, 8, 9, 10, 11, 12, 13, 14, 16, 18]",,30.0,4,,,69,0.5,free,51,2.0,0.0,10,2,3,4,30,15,ordinary,21,full_coverage_and_all_discovered_cleared,236,5703.340471,40.0,constant,,0.061405375017784536
12,1,True,0,12,5,5,0,edge__iid__69,edge__iid,10,42,,15,15,253,,bounded_transverse_width,,arc,0,0.0479350000000025,,15,,0,0,,,,,,False,0,0,42,8,0,0,,3,2,236,service_locked0_grid21_29,,,[],0,21856.80537527425,0,,0.0,,False,0,,389.3574049333334,"[2, 3, 4, 5, 6, 7, 8, 9, 10, 11, 12, 13, 14, 16, 18]",,30.0,4,,,69,0.5,locked,47,0.0,0.0,14,8,32,8,26,15,ordinary,21,full_coverage_and_all_discovered_cleared,214,5840.361074,40.0,constant,,0.0479525420232676
12,1,True,0,12,5,5,0,edge__iid__69,edge__iid,10,42,,15,15,253,,bounded_transverse_width,,arc,0,0.048770999999998565,,15,,0,0,,,,,,False,0,0,42,8,0,0,,3,2,236,service_locked1_grid21_29,,,[],872,21856.80537527425,0,,0.0,,False,0,,389.3574049333334,"[2, 3, 4, 5, 6, 7, 8, 9, 10, 11, 12, 13, 14, 16, 18]",,30.0,4,,,69,0.5,locked,47,1.0,0.0,14,8,32,8,26,15,ordinary,21,full_coverage_and_all_discovered_cleared,214,5840.361074,40.0,constant,,0.04886437498498708
23,3,True,0,23,7,7,0,edge__iid__69,edge__iid,8,14,,15,15,271,,bounded_transverse_width,,arc,0,0.06147100000000094,,15,,0,0,,,,,,False,0,0,14,8,0,0,,4,3,254,service_soft20_grid21_29,,,[],754,25121.010910421573,0,,0.0,,False,0,,439.88014533333336,"[2, 3, 4, 5, 6, 7, 8, 9, 10, 11, 12, 13, 14, 16, 18]",,30.0,4,,,69,0.5,free,56,1.0,20.0,14,4,0,10,35,15,ordinary,21,full_coverage_and_all_discovered_cleared,229,6598.20218,40.0,constant,,0.06151450000470504
23,2,True,0,23,2,3,0,edge__iid__69,edge__iid,13,8,,16,15,307,,bounded_transverse_width,,arc,0,0.058426000000000755,,15,,0,0,,,,,,False,0,0,8,9,0,0,,3,3,289,service_free1_convex22,,,[],804,22965.546147547015,0,,0.0,,False,0,,425.47394859999997,"[2, 3, 4, 5, 6, 7, 8, 9, 10, 11, 12, 13, 14, 16, 18]",,30.0,4,,,69,0.5,free,58,1.0,0.0,13,4,16,10,36,15,ordinary,22,full_coverage_and_all_discovered_cleared,266,6382.109229,40.0,constant,,0.058490625000558794
11,2,True,0,11,3,3,0,edge__iid__69,edge__iid,12,58,,15,15,251,,bounded_transverse_width,,arc,0,0.050191999999999126,,15,,0,0,,,,,,False,0,0,58,5,0,0,,3,2,234,service_locked1_convex22,,,[],1010,21409.207354123624,0,,0.0,,False,0,,382.65609800000004,"[2, 3, 4, 5, 6, 7, 8, 9, 10, 11, 12, 13, 14, 16, 18]",,30.0,4,,,69,0.5,locked,46,1.0,0.0,15,10,27,5,24,15,ordinary,22,full_coverage_and_all_discovered_cleared,213,5739.84147,40.0,constant,,0.05020358297042549
7,0,True,0,7,3,4,0,edge__iid__70,edge__iid,7,26,,11,10,308,,bounded_transverse_width,,base,0,0.029907999999998935,,10,,0,0,,,,,,False,0,0,26,2,38,0,,2,2,295,range_grid21_29,,,[],,21789.093852797036,0,,0.0,,False,0,,616.0818772,"[2, 3, 5, 10, 11, 13, 15, 16, 19, 20]",,30.0,4,,,70,1.0,,,,,7,5,20,2,17,10,ordinary,21,full_coverage_and_all_discovered_cleared,275,6160.818772,40.0,constant,,0.029929000011179596
7,0,True,0,7,4,4,0,edge__iid__70,edge__iid,6,1,,10,10,334,,bounded_transverse_width,,base,0,0.026794999999999902,,10,,0,0,,,,,,False,0,0,1,3,39,0,,3,3,322,range_convex22,,,[],,20763.284229763005,0,,0.0,,False,0,,611.0656845000001,"[2, 3, 5, 10, 11, 13, 15, 16, 19, 20]",,30.0,4,,,70,1.0,,,,,3,0,4,3,17,10,ordinary,22,full_coverage_and_all_discovered_cleared,298,6110.656845,40.0,constant,,0.026807792019098997
6,0,True,0,6,1,1,0,edge__iid__70,edge__iid,9,51,52,10,10,312,,bounded_transverse_width,,locked,37,0.03629899999999964,5,10,cached_distance_prefix_sum,0,0,,,52,0,47,True,0,0,52,3,0,0,8,2,2,300,count_locked_grid21_29,10,10,[],,18616.97589055702,0,,0.0,,False,0,532,555.6395180000001,"[2, 3, 5, 10, 11, 13, 15, 16, 19, 20]",1,30.0,4,0,0,70,1.0,,,,,1,2,3,3,16,10,ordinary,21,full_coverage_and_all_discovered_cleared,283,5556.39518,40.0,constant,,0.03640687500592321
13,1,True,0,13,1,1,0,edge__iid__70,edge__iid,9,25,,10,10,324,,bounded_transverse_width,,arc,0,0.039545000000000385,,10,,0,0,,,,,,False,0,0,25,4,0,0,,4,3,312,service_free0_grid21_29,,,[],0,21770.400297415265,0,,0.0,,False,0,,625.3080061,"[2, 3, 5, 10, 11, 13, 15, 16, 19, 20]",,30.0,4,,,70,0.5,free,43,0.0,0.0,12,5,13,4,22,10,ordinary,21,full_coverage_and_all_discovered_cleared,289,6253.080061,40.0,constant,,0.03956150001613423
13,2,True,0,13,4,4,0,edge__iid__70,edge__iid,6,38,,10,10,320,,bounded_transverse_width,,arc,0,0.047349999999998005,,10,,0,0,,,,,,False,0,0,38,5,0,0,,4,3,308,service_free1_grid21_29,,,[],533,22771.472497981275,0,,0.0,,False,0,,643.1294501,"[2, 3, 5, 10, 11, 13, 15, 16, 19, 20]",,30.0,4,,,70,0.5,free,42,1.0,0.0,12,2,18,5,21,10,ordinary,21,full_coverage_and_all_discovered_cleared,287,6431.294501,40.0,constant,,0.047381041978951544
17,4,True,0,17,0,1,1,edge__iid__70,edge__iid,10,14,,11,10,315,,bounded_transverse_width,,arc,0,0.044284999999998576,,10,,0,0,,,,,,False,0,0,14,5,0,0,,3,3,302,service_free2_grid21_29,,,[],367,22422.433660874114,0,,0.0,,False,0,,632.3486732,"[2, 3, 5, 10, 11, 13, 15, 16, 19, 20]",,30.0,4,,,70,0.5,free,45,2.0,0.0,9,4,15,5,24,10,ordinary,21,full_coverage_and_all_discovered_cleared,276,6323.486732,40.0,constant,,0.04430537502048537
8,0,True,0,8,1,1,0,edge__iid__70,edge__iid,9,55,,10,10,314,,bounded_transverse_width,,arc,0,0.03922800000000137,,10,,0,0,,,,,,False,0,0,55,7,0,0,,2,2,302,service_locked0_grid21_29,,,[],0,19081.729197463912,0,,0.0,,False,0,,565.7345839,"[2, 3, 5, 10, 11, 13, 15, 16, 19, 20]",,30.0,4,,,70,0.5,locked,39,0.0,0.0,6,7,5,7,18,10,ordinary,21,full_coverage_and_all_discovered_cleared,281,5657.345839,40.0,constant,,0.03925104200607166
8,0,True,0,8,1,1,0,edge__iid__70,edge__iid,9,55,,10,10,314,,bounded_transverse_width,,arc,0,0.04024199999999922,,10,,0,0,,,,,,False,0,0,55,7,0,0,,2,2,302,service_locked1_grid21_29,,,[],604,19081.729197463912,0,,0.0,,False,0,,565.7345839,"[2, 3, 5, 10, 11, 13, 15, 16, 19, 20]",,30.0,4,,,70,0.5,locked,39,1.0,0.0,6,7,5,7,18,10,ordinary,21,full_coverage_and_all_discovered_cleared,281,5657.345839,40.0,constant,,0.040360874962061644
16,2,True,0,16,5,5,0,edge__iid__70,edge__iid,5,0,,10,10,305,,bounded_transverse_width,,arc,0,0.03779600000000016,,10,,0,0,,,,,,False,0,0,0,2,0,0,,4,4,293,service_soft20_grid21_29,,,[],261,24103.65244939512,0,,0.0,,False,0,,660.4730489,"[2, 3, 5, 10, 11, 13, 15, 16, 19, 20]",,30.0,4,,,70,0.5,free,45,1.0,20.0,12,1,0,2,24,10,ordinary,21,full_coverage_and_all_discovered_cleared,269,6604.730489,40.0,constant,,0.03780129202641547
14,0,True,0,14,3,4,0,edge__iid__70,edge__iid,7,0,,11,10,331,,bounded_transverse_width,,arc,0,0.03718000000000288,,10,,0,0,,,,,,False,0,0,0,7,0,0,,3,3,318,service_free1_convex22,,,[],314,19511.235623615128,0,,0.0,,False,0,,584.0247123,"[2, 3, 5, 10, 11, 13, 15, 16, 19, 20]",,30.0,4,,,70,0.5,free,46,1.0,0.0,3,0,0,7,24,10,ordinary,22,full_coverage_and_all_discovered_cleared,295,5840.247123,40.0,constant,,0.03726695803925395
10,0,True,0,10,1,1,0,edge__iid__70,edge__iid,9,52,,10,10,343,,bounded_transverse_width,,arc,0,0.04058300000000159,,10,,0,0,,,,,,False,0,0,52,4,0,0,,3,3,331,service_locked1_convex22,,,[],676,19046.913731063272,0,,0.0,,False,0,,582.2382743999999,"[2, 3, 5, 10, 11, 13, 15, 16, 19, 20]",,30.0,4,,,70,0.5,locked,42,1.0,0.0,5,15,2,4,20,10,ordinary,22,full_coverage_and_all_discovered_cleared,308,5822.382744,40.0,constant,,0.04060637502698228
14,3,True,0,14,4,5,1,edge__iid__71,edge__iid,8,2,,13,12,338,,bounded_transverse_width,,base,0,0.032196000000002556,,12,,0,0,,,,,,False,0,0,2,3,45,0,,4,3,323,range_grid21_29,,,[],,21919.265000636165,0,,0.0,,False,0,,530.23775025,"[1, 2, 4, 5, 7, 9, 10, 13, 17, 18, 19, 20]",,30.0,4,,,71,1.0,,,,,13,1,1,3,24,12,ordinary,21,full_coverage_and_all_discovered_cleared,301,6362.853003,40.0,constant,,0.03220358298858628
14,1,True,0,14,0,0,0,edge__iid__71,edge__iid,12,17,,12,12,336,,bounded_transverse_width,,base,0,0.03307699999999869,,12,,0,0,,,,,,False,0,0,17,0,47,0,,3,3,322,range_convex22,,,[],,21806.07781048399,0,,0.0,,False,0,,527.4346300833333,"[1, 2, 4, 5, 7, 9, 10, 13, 17, 18, 19, 20]",,30.0,4,,,71,1.0,,,,,10,2,0,0,25,12,ordinary,22,full_coverage_and_all_discovered_cleared,298,6329.215561,40.0,constant,,0.0330857919761911
11,0,True,0,11,3,3,0,edge__iid__71,edge__iid,9,38,38,12,12,310,,bounded_transverse_width,,locked,44,0.04194800000000143,5,12,cached_distance_prefix_sum,0,0,,,38,0,33,True,0,0,38,6,0,0,8,2,2,296,count_locked_grid21_29,8,8,[],,20781.888577733283,0,,0.0,,False,0,502,497.86480975,"[1, 2, 4, 5, 7, 9, 10, 13, 17, 18, 19, 20]",0,30.0,4,0,0,71,1.0,,,,,6,4,30,6,23,12,ordinary,21,full_coverage_and_all_discovered_cleared,278,5974.377717,40.0,constant,,0.0420222079847008
10,0,True,0,10,3,3,0,edge__iid__71,edge__iid,9,17,,12,12,325,,bounded_transverse_width,,arc,0,0.03988300000000322,,12,,0,0,,,,,,False,0,0,17,7,0,0,,2,2,311,service_free0_grid21_29,,,[],0,22870.89993137121,0,,0.0,,False,0,,539.7649989166667,"[1, 2, 4, 5, 7, 9, 10, 13, 17, 18, 19, 20]",,30.0,4,,,71,0.5,free,43,0.0,0.0,9,2,1,7,22,12,ordinary,21,full_coverage_and_all_discovered_cleared,288,6477.179987,40.0,constant,,0.03990604204591364
13,0,True,0,13,2,2,0,edge__iid__71,edge__iid,10,19,,12,12,293,,bounded_transverse_width,,arc,0,0.04814400000000063,,12,,0,0,,,,,,False,0,0,19,7,0,0,,2,2,279,service_free1_grid21_29,,,[],507,22006.111998346692,0,,0.0,,False,0,,509.35186658333333,"[1, 2, 4, 5, 7, 9, 10, 13, 17, 18, 19, 20]",,30.0,4,,,71,0.5,free,46,1.0,0.0,9,2,20,7,25,12,ordinary,21,full_coverage_and_all_discovered_cleared,256,6112.222399,40.0,constant,,0.04817000002367422
14,1,True,0,14,1,2,0,edge__iid__71,edge__iid,11,27,,13,12,294,,bounded_transverse_width,,arc,0,0.05034900000000064,,12,,0,0,,,,,,False,0,0,27,4,0,0,,3,2,279,service_free2_grid21_29,,,[],636,21546.730527114578,0,,0.0,,False,0,,501.94550875,"[1, 2, 4, 5, 7, 9, 10, 13, 17, 18, 19, 20]",,30.0,4,,,71,0.5,free,46,2.0,0.0,8,2,0,4,25,12,ordinary,21,full_coverage_and_all_discovered_cleared,256,6023.346105,40.0,constant,,0.05044324998743832
12,0,True,0,12,1,1,0,edge__iid__71,edge__iid,11,34,,12,12,304,,bounded_transverse_width,,arc,0,0.04765400000000142,,12,,0,0,,,,,,False,0,0,34,7,0,0,,2,2,290,service_locked0_grid21_29,,,[],0,20980.131940104166,0,,0.0,,False,0,,497.7521990833333,"[1, 2, 4, 5, 7, 9, 10, 13, 17, 18, 19, 20]",,30.0,4,,,71,0.5,locked,45,0.0,0.0,5,3,40,7,24,12,ordinary,21,full_coverage_and_all_discovered_cleared,267,5973.026389,40.0,constant,,0.048171125003136694
14,1,True,0,14,1,1,0,edge__iid__71,edge__iid,11,34,,12,12,308,,bounded_transverse_width,,arc,0,0.04502199999999945,,12,,0,0,,,,,,False,0,0,34,6,0,0,,3,2,294,service_locked1_grid21_29,,,[],578,21353.48911088347,0,,0.0,,False,0,,505.808152,"[1, 2, 4, 5, 7, 9, 10, 13, 17, 18, 19, 20]",,30.0,4,,,71,0.5,locked,46,1.0,0.0,7,5,31,6,25,12,ordinary,21,full_coverage_and_all_discovered_cleared,269,6069.697824,40.0,constant,,0.04507004201877862
24,3,True,0,24,1,2,1,edge__iid__71,edge__iid,11,14,,13,12,310,,bounded_transverse_width,,arc,0,0.04701999999999984,,12,,0,0,,,,,,False,0,0,14,3,0,0,,4,4,295,service_soft20_grid21_29,,,[],402,24328.572028030365,0,,0.0,,False,0,,556.1428671666666,"[1, 2, 4, 5, 7, 9, 10, 13, 17, 18, 19, 20]",,30.0,4,,,71,0.5,free,55,1.0,20.0,7,1,1,4,34,12,ordinary,21,full_coverage_and_all_discovered_cleared,270,6673.714406,40.0,constant,,0.04709608299890533
17,1,True,0,17,1,1,0,edge__iid__71,edge__iid,11,11,,12,12,322,,bounded_transverse_width,,arc,0,0.04754600000000053,,12,,0,0,,,,,,False,0,0,11,1,0,0,,3,3,308,service_free1_convex22,,,[],364,21753.276904388895,0,,0.0,,False,0,,519.5546150833333,"[1, 2, 4, 5, 7, 9, 10, 13, 17, 18, 19, 20]",,30.0,4,,,71,0.5,free,50,1.0,0.0,5,0,0,1,28,12,ordinary,22,full_coverage_and_all_discovered_cleared,284,6234.655381,40.0,constant,,0.04757100000279024
18,4,True,0,18,0,0,1,edge__iid__71,edge__iid,12,40,,12,12,310,,bounded_transverse_width,,arc,0,0.0441590000000005,,12,,0,0,,,,,,False,0,0,40,5,0,0,,4,3,296,service_locked1_convex22,,,[],704,21032.191152460946,0,,0.0,,False,0,,501.53651916666666,"[1, 2, 4, 5, 7, 9, 10, 13, 17, 18, 19, 20]",,30.0,4,,,71,0.5,locked,49,1.0,0.0,5,11,12,5,27,12,ordinary,22,full_coverage_and_all_discovered_cleared,272,6018.43823,40.0,constant,,0.04416416597086936
15,2,True,0,15,2,4,0,edge__smooth__67,edge__smooth,8,12,,12,10,349,,bounded_transverse_width,,base,0,0.031106000000001188,,10,,0,0,,,,,,False,0,0,12,3,44,0,,3,3,335,range_grid21_29,,,[],,21001.342446417962,0,,0.0,,False,0,,624.1268491,"[4, 5, 7, 8, 9, 10, 14, 15, 18, 19]",,30.0,4,,,67,1.0,,,,,10,4,0,3,23,10,ordinary,21,full_coverage_and_all_discovered_cleared,310,6241.268491,40.0,constant,,0.031105083995498717
8,1,True,0,8,2,2,0,edge__smooth__67,edge__smooth,8,5,,10,10,358,,bounded_transverse_width,,base,0,0.030912000000000717,,10,,0,0,,,,,,False,0,0,5,3,39,0,,4,3,346,range_convex22,,,[],,21532.34585750192,0,,0.0,,False,0,,641.0469168,"[4, 5, 7, 8, 9, 10, 14, 15, 18, 19]",,30.0,4,,,67,1.0,,,,,7,0,15,3,17,10,ordinary,22,full_coverage_and_all_discovered_cleared,324,6410.469168,40.0,constant,,0.030986165977083147
3,0,True,0,3,4,4,0,edge__smooth__67,edge__smooth,6,54,55,10,10,299,,bounded_transverse_width,,locked,34,0.03288700000000233,3,10,cached_distance_prefix_sum,0,0,,,55,0,52,True,0,0,55,2,0,0,8,1,1,287,count_locked_grid21_29,10,10,[],,19091.929311846812,0,,0.0,,False,0,475,557.4385862,"[4, 5, 7, 8, 9, 10, 14, 15, 18, 19]",1,30.0,4,0,0,67,1.0,,,,,6,4,1,2,13,10,ordinary,21,full_coverage_and_all_discovered_cleared,271,5574.385862,40.0,constant,,0.0329391669947654
17,2,True,0,17,3,3,0,edge__smooth__67,edge__smooth,7,1,,10,10,324,,bounded_transverse_width,,arc,0,0.03712099999999907,,10,,0,0,,,,,,False,0,0,1,6,0,0,,3,3,312,service_free0_grid21_29,,,[],0,21821.98231588214,0,,0.0,,False,0,,625.8396465,"[4, 5, 7, 8, 9, 10, 14, 15, 18, 19]",,30.0,4,,,67,0.5,free,46,0.0,0.0,10,2,0,6,25,10,ordinary,21,full_coverage_and_all_discovered_cleared,284,6258.396465,40.0,constant,,0.03714924998348579
15,2,True,0,15,3,4,0,edge__smooth__67,edge__smooth,7,12,,11,10,348,,bounded_transverse_width,,arc,0,0.038228999999997626,,10,,0,0,,,,,,False,0,0,12,4,0,0,,3,3,335,service_free1_grid21_29,,,[],449,20931.216299215877,0,,0.0,,False,0,,622.3243262,"[4, 5, 7, 8, 9, 10, 14, 15, 18, 19]",,30.0,4,,,67,0.5,free,44,1.0,0.0,10,4,0,4,23,10,ordinary,21,full_coverage_and_all_discovered_cleared,309,6223.243262,40.0,constant,,0.03825416602194309
13,2,True,0,13,2,2,1,edge__smooth__67,edge__smooth,8,11,,10,10,345,,bounded_transverse_width,,arc,0,0.037891000000001895,,10,,0,0,,,,,,False,0,0,11,6,0,0,,3,2,333,service_free2_grid21_29,,,[],390,19895.624285688133,0,,0.0,,False,0,,600.4124858,"[4, 5, 7, 8, 9, 10, 14, 15, 18, 19]",,30.0,4,,,67,0.5,free,43,2.0,0.0,4,2,2,7,22,10,ordinary,21,full_coverage_and_all_discovered_cleared,310,6004.124858,40.0,constant,,0.03798633301630616
6,0,True,0,6,1,1,0,edge__smooth__67,edge__smooth,9,54,,10,10,304,,bounded_transverse_width,,arc,0,0.03816799999999887,,10,,0,0,,,,,,False,0,0,54,5,0,0,,2,2,292,service_locked0_grid21_29,,,[],0,19338.97461587153,0,,0.0,,False,0,,565.0794923000001,"[4, 5, 7, 8, 9, 10, 14, 15, 18, 19]",,30.0,4,,,67,0.5,locked,37,0.0,0.0,7,16,1,5,16,10,ordinary,21,full_coverage_and_all_discovered_cleared,273,5650.794923,40.0,constant,,0.03819491597823799
7,0,True,0,7,1,1,0,edge__smooth__67,edge__smooth,9,54,,10,10,305,,bounded_transverse_width,,arc,0,0.04007000000000005,,10,,0,0,,,,,,False,0,0,54,6,0,0,,2,2,293,service_locked1_grid21_29,,,[],851,19476.26226420407,0,,0.0,,False,0,,568.4252452,"[4, 5, 7, 8, 9, 10, 14, 15, 18, 19]",,30.0,4,,,67,0.5,locked,38,1.0,0.0,7,23,1,6,17,10,ordinary,21,full_coverage_and_all_discovered_cleared,274,5684.252452,40.0,constant,,0.04008920898195356
18,2,True,0,18,4,4,0,edge__smooth__67,edge__smooth,6,12,,10,10,305,,bounded_transverse_width,,arc,0,0.04961999999999733,,10,,0,0,,,,,,False,0,0,12,4,0,0,,4,3,293,service_soft20_grid21_29,,,[],480,23684.787864005204,0,,0.0,,False,0,,651.9957569999999,"[4, 5, 7, 8, 9, 10, 14, 15, 18, 19]",,30.0,4,,,67,0.5,free,47,1.0,20.0,5,3,0,5,26,10,ordinary,21,full_coverage_and_all_discovered_cleared,268,6519.95757,40.0,constant,,0.04971629200736061
13,0,True,0,13,4,4,0,edge__smooth__67,edge__smooth,6,1,,10,10,354,,bounded_transverse_width,,arc,0,0.039017999999998665,,10,,0,0,,,,,,False,0,0,1,4,0,0,,3,3,342,service_free1_convex22,,,[],251,20864.84630904747,0,,0.0,,False,0,,625.2969259,"[4, 5, 7, 8, 9, 10, 14, 15, 18, 19]",,30.0,4,,,67,0.5,free,45,1.0,0.0,4,0,16,5,23,10,ordinary,22,full_coverage_and_all_discovered_cleared,320,6252.969259,40.0,constant,,0.03902595798717812
12,1,True,0,12,1,2,0,edge__smooth__67,edge__smooth,9,41,,11,10,330,,bounded_transverse_width,,arc,0,0.04002699999999848,,10,,0,0,,,,,,False,0,0,41,6,0,0,,4,3,317,service_locked1_convex22,,,[],655,20039.899865657353,0,,0.0,,False,0,,594.0979972,"[4, 5, 7, 8, 9, 10, 14, 15, 18, 19]",,30.0,4,,,67,0.5,locked,43,1.0,0.0,9,5,29,6,21,10,ordinary,22,full_coverage_and_all_discovered_cleared,295,5940.979972,40.0,constant,,0.04003970796475187
17,2,True,0,17,1,4,0,edge__smooth__68,edge__smooth,14,0,,18,15,316,,bounded_transverse_width,,base,0,0.03601900000000313,,15,,0,0,,,,,,False,0,0,0,3,51,0,,3,3,296,range_grid21_29,,,[],,23307.271919430794,0,,0.0,,False,0,,433.3636257333334,"[2, 4, 5, 6, 8, 9, 11, 12, 13, 14, 15, 16, 17, 19, 20]",,30.0,4,,,68,1.0,,,,,14,6,2,4,30,15,ordinary,21,full_coverage_and_all_discovered_cleared,275,6500.454386,40.0,constant,,0.03603825002210215
15,1,True,0,15,2,2,0,edge__smooth__68,edge__smooth,13,16,,15,15,302,,bounded_transverse_width,,base,0,0.04374999999999929,,15,,0,0,,,,,,False,0,0,16,5,51,0,,3,3,285,range_convex22,,,[],,24139.012543219244,0,,0.0,,False,0,,439.2535004666667,"[2, 4, 5, 6, 8, 9, 11, 12, 13, 14, 15, 16, 17, 19, 20]",,30.0,4,,,68,1.0,,,,,15,2,4,5,29,15,ordinary,22,full_coverage_and_all_discovered_cleared,261,6588.802507,40.0,constant,,0.04382404201896861
15,2,True,0,15,2,3,0,edge__smooth__68,edge__smooth,13,67,68,16,15,279,,bounded_transverse_width,,locked,49,0.04805500000000151,7,15,cached_distance_prefix_sum,0,0,,,68,0,61,True,0,0,68,5,0,0,8,4,3,261,count_locked_grid21_29,5,5,[],,22723.938943062527,0,,0.0,,False,0,513,411.6525193333334,"[2, 4, 5, 6, 8, 9, 11, 12, 13, 14, 15, 16, 17, 19, 20]",1,30.0,4,0,0,68,1.0,,,,,5,2,23,5,28,15,ordinary,21,full_coverage_and_all_discovered_cleared,247,6174.78779,40.0,constant,,0.04810049996012822
19,1,True,0,19,3,5,0,edge__smooth__68,edge__smooth,12,9,,17,15,313,,bounded_transverse_width,,arc,0,0.04264699999999877,,15,,0,0,,,,,,False,0,0,9,4,0,0,,3,3,294,service_free0_grid21_29,,,[],0,22342.425234420356,0,,0.0,,False,0,,419.49900326666665,"[2, 4, 5, 6, 8, 9, 11, 12, 13, 14, 15, 16, 17, 19, 20]",,30.0,4,,,68,0.5,free,54,0.0,0.0,13,4,20,5,33,15,ordinary,21,full_coverage_and_all_discovered_cleared,273,6292.485049,40.0,constant,,0.042660541948862374
19,2,True,0,19,2,4,0,edge__smooth__68,edge__smooth,13,0,,17,15,320,,bounded_transverse_width,,arc,0,0.05164199999999752,,15,,0,0,,,,,,False,0,0,0,6,0,0,,3,3,301,service_free1_grid21_29,,,[],533,23286.060740810928,0,,0.0,,False,0,,434.68081013333335,"[2, 4, 5, 6, 8, 9, 11, 12, 13, 14, 15, 16, 17, 19, 20]",,30.0,4,,,68,0.5,free,53,1.0,0.0,17,4,3,7,32,15,ordinary,21,full_coverage_and_all_discovered_cleared,277,6520.212152,40.0,constant,,0.051704666984733194
18,1,True,0,18,1,3,0,edge__smooth__68,edge__smooth,14,2,,17,15,310,,bounded_transverse_width,,arc,0,0.05349000000000004,,15,,0,0,,,,,,False,0,0,2,5,0,0,,3,3,291,service_free2_grid21_29,,,[],527,23760.85909485516,0,,0.0,,False,0,,437.2781214,"[2, 4, 5, 6, 8, 9, 11, 12, 13, 14, 15, 16, 17, 19, 20]",,30.0,4,,,68,0.5,free,53,2.0,0.0,18,9,4,5,32,15,ordinary,21,full_coverage_and_all_discovered_cleared,271,6559.171821,40.0,constant,,0.053524040966294706
16,2,True,0,16,1,2,0,edge__smooth__68,edge__smooth,14,60,,16,15,278,,bounded_transverse_width,,arc,0,0.053343000000001695,,15,,0,0,,,,,,False,0,0,60,6,0,0,,4,3,260,service_locked0_grid21_29,,,[],0,22940.60688381149,0,,0.0,,False,0,,413.6747584666667,"[2, 4, 5, 6, 8, 9, 11, 12, 13, 14, 15, 16, 17, 19, 20]",,30.0,4,,,68,0.5,locked,50,0.0,0.0,6,7,34,6,29,15,ordinary,21,full_coverage_and_all_discovered_cleared,239,6205.121377,40.0,constant,,0.05338233301881701
20,3,True,0,20,1,3,0,edge__smooth__68,edge__smooth,14,52,,17,15,281,,bounded_transverse_width,,arc,0,0.05510099999999696,,15,,0,0,,,,,,False,0,0,52,7,0,0,,4,3,262,service_locked1_grid21_29,,,[],867,23318.27408221435,0,,0.0,,False,0,,419.7769877333333,"[2, 4, 5, 6, 8, 9, 11, 12, 13, 14, 15, 16, 17, 19, 20]",,30.0,4,,,68,0.5,locked,53,1.0,0.0,9,13,23,7,32,15,ordinary,21,full_coverage_and_all_discovered_cleared,242,6296.654816,40.0,constant,,0.05520283296937123
32,2,True,0,32,3,7,0,edge__smooth__68,edge__smooth,12,0,,19,15,280,,bounded_transverse_width,,arc,0,0.05551699999999826,,15,,0,0,,,,,,False,0,0,0,6,0,0,,3,3,259,service_soft20_grid21_29,,,[],516,28461.78476988788,0,,0.0,,False,0,,487.15713,"[2, 4, 5, 6, 8, 9, 11, 12, 13, 14, 15, 16, 17, 19, 20]",,30.0,4,,,68,0.5,free,66,1.0,20.0,14,8,0,6,45,15,ordinary,21,full_coverage_and_all_discovered_cleared,233,7307.35695,40.0,constant,,0.05559654103126377
18,2,True,0,18,2,2,0,edge__smooth__68,edge__smooth,13,13,,15,15,308,,bounded_transverse_width,,arc,0,0.05649800000000127,,15,,0,0,,,,,,False,0,0,13,5,0,0,,3,2,291,service_free1_convex22,,,[],605,21805.762074136004,0,,0.0,,False,0,,410.61016099999995,"[2, 4, 5, 6, 8, 9, 11, 12, 13, 14, 15, 16, 17, 19, 20]",,30.0,4,,,68,0.5,free,53,1.0,0.0,14,6,0,5,31,15,ordinary,22,full_coverage_and_all_discovered_cleared,268,6159.152415,40.0,constant,,0.056546000007074326
21,5,True,0,21,3,4,1,edge__smooth__68,edge__smooth,12,41,,16,15,285,,bounded_transverse_width,,arc,0,0.057226,,15,,0,0,,,,,,False,0,0,41,8,0,0,,5,4,267,service_locked1_convex22,,,[],1391,22000.32125155784,0,,0.0,,False,0,,403.6042834666667,"[2, 4, 5, 6, 8, 9, 11, 12, 13, 14, 15, 16, 17, 19, 20]",,30.0,4,,,68,0.5,locked,54,1.0,0.0,9,34,12,9,32,15,ordinary,22,full_coverage_and_all_discovered_cleared,241,6054.064252,40.0,constant,,0.057249125035014004
16,2,True,0,16,4,5,0,edge__smooth__69,edge__smooth,11,15,,16,15,304,,bounded_transverse_width,,base,0,0.04529600000000045,,15,,0,0,,,,,,False,0,0,15,6,50,0,,3,2,286,range_grid21_29,,,[],,22653.42253194553,0,,0.0,,False,0,,420.1123004666667,"[2, 3, 4, 5, 6, 7, 8, 9, 10, 11, 12, 13, 14, 16, 18]",,30.0,4,,,69,1.0,,,,,11,1,3,6,29,15,ordinary,21,full_coverage_and_all_discovered_cleared,263,6301.684507,40.0,constant,,0.0453232919680886
14,3,True,0,14,3,4,0,edge__smooth__69,edge__smooth,12,29,,16,15,300,,bounded_transverse_width,,base,0,0.04122199999999765,,15,,0,0,,,,,,False,0,0,29,1,48,0,,4,3,282,range_convex22,,,[],,22405.233409284985,0,,0.0,,False,0,,415.0697786,"[2, 3, 4, 5, 6, 7, 8, 9, 10, 11, 12, 13, 14, 16, 18]",,30.0,4,,,69,1.0,,,,,17,4,4,1,26,15,ordinary,22,full_coverage_and_all_discovered_cleared,257,6226.046679,40.0,constant,,0.04124587500700727
12,1,True,0,12,3,4,0,edge__smooth__69,edge__smooth,12,44,44,16,15,257,,bounded_transverse_width,,locked,47,0.05161200000000221,0,15,cached_distance_prefix_sum,0,0,,,44,0,44,True,0,0,44,7,0,0,8,2,2,239,count_locked_grid21_29,5,5,[],,22169.19121949782,0,,0.0,,False,0,566,395.05588286666665,"[2, 3, 4, 5, 6, 7, 8, 9, 10, 11, 12, 13, 14, 16, 18]",0,30.0,4,0,0,69,1.0,,,,,9,4,40,7,26,15,ordinary,21,full_coverage_and_all_discovered_cleared,219,5925.838243,40.0,constant,,0.05163633398478851
16,2,True,0,16,6,7,0,edge__smooth__69,edge__smooth,9,15,,16,15,305,,bounded_transverse_width,,arc,0,0.04408000000000101,,15,,0,0,,,,,,False,0,0,15,7,0,0,,3,2,287,service_free0_grid21_29,,,[],0,22048.00740825003,0,,0.0,,False,0,,412.4400987333333,"[2, 3, 4, 5, 6, 7, 8, 9, 10, 11, 12, 13, 14, 16, 18]",,30.0,4,,,69,0.5,free,50,0.0,0.0,13,1,3,7,29,15,ordinary,21,full_coverage_and_all_discovered_cleared,264,6186.601481,40.0,constant,,0.04409074998693541
18,2,True,0,18,6,7,0,edge__smooth__69,edge__smooth,9,15,,16,15,306,,bounded_transverse_width,,arc,0,0.05293700000000001,,15,,0,0,,,,,,False,0,0,15,7,0,0,,3,2,288,service_free1_grid21_29,,,[],547,22469.0611222317,0,,0.0,,False,0,,418.3208148,"[2, 3, 4, 5, 6, 7, 8, 9, 10, 11, 12, 13, 14, 16, 18]",,30.0,4,,,69,0.5,free,52,1.0,0.0,12,1,2,7,31,15,ordinary,21,full_coverage_and_all_discovered_cleared,263,6274.812222,40.0,constant,,0.053053207986522466
19,2,True,0,19,6,7,0,edge__smooth__69,edge__smooth,9,14,,16,15,304,,bounded_transverse_width,,arc,0,0.052945999999998605,,15,,0,0,,,,,,False,0,0,14,5,0,0,,3,3,286,service_free2_grid21_29,,,[],555,22191.339628355498,0,,0.0,,False,0,,413.88452820000003,"[2, 3, 4, 5, 6, 7, 8, 9, 10, 11, 12, 13, 14, 16, 18]",,30.0,4,,,69,0.5,free,53,2.0,0.0,12,1,0,5,32,15,ordinary,21,full_coverage_and_all_discovered_cleared,262,6208.267923,40.0,constant,,0.0529757920303382
14,1,True,0,14,5,7,0,edge__smooth__69,edge__smooth,10,41,,17,15,256,,bounded_transverse_width,,arc,0,0.05032500000000084,,15,,0,0,,,,,,False,0,0,41,9,0,0,,2,2,237,service_locked0_grid21_29,,,[],0,21919.60159703791,0,,0.0,,False,0,,391.0613546,"[2, 3, 4, 5, 6, 7, 8, 9, 10, 11, 12, 13, 14, 16, 18]",,30.0,4,,,69,0.5,locked,49,0.0,0.0,12,7,32,9,28,15,ordinary,21,full_coverage_and_all_discovered_cleared,216,5865.920319,40.0,constant,,0.05034141702344641
14,1,True,0,14,5,7,0,edge__smooth__69,edge__smooth,10,41,,17,15,256,,bounded_transverse_width,,arc,0,0.05138600000000082,,15,,0,0,,,,,,False,0,0,41,9,0,0,,2,2,237,service_locked1_grid21_29,,,[],900,21919.60159703791,0,,0.0,,False,0,,391.0613546,"[2, 3, 4, 5, 6, 7, 8, 9, 10, 11, 12, 13, 14, 16, 18]",,30.0,4,,,69,0.5,locked,49,1.0,0.0,12,7,32,9,28,15,ordinary,21,full_coverage_and_all_discovered_cleared,216,5865.920319,40.0,constant,,0.05150666699046269
22,2,True,0,22,4,6,0,edge__smooth__69,edge__smooth,11,14,,17,15,270,,bounded_transverse_width,,arc,0,0.06053800000000109,,15,,0,0,,,,,,False,0,0,14,5,0,0,,5,4,251,service_soft20_grid21_29,,,[],697,24989.60355464682,0,,0.0,,False,0,,437.5280474666667,"[2, 3, 4, 5, 6, 7, 8, 9, 10, 11, 12, 13, 14, 16, 18]",,30.0,4,,,69,0.5,free,56,1.0,20.0,16,2,3,7,35,15,ordinary,21,full_coverage_and_all_discovered_cleared,229,6562.920712,40.0,constant,,0.06056241603801027
18,1,True,0,18,4,5,0,edge__smooth__69,edge__smooth,11,11,,16,15,301,,bounded_transverse_width,,arc,0,0.06069300000000055,,15,,0,0,,,,,,False,0,0,11,8,0,0,,3,3,283,service_free1_convex22,,,[],854,22825.92919600874,0,,0.0,,False,0,,421.21238886666663,"[2, 3, 4, 5, 6, 7, 8, 9, 10, 11, 12, 13, 14, 16, 18]",,30.0,4,,,69,0.5,free,54,1.0,0.0,13,6,16,10,32,15,ordinary,22,full_coverage_and_all_discovered_cleared,260,6318.185833,40.0,constant,,0.060818125028163195
9,0,True,0,9,3,3,0,edge__smooth__69,edge__smooth,12,66,,15,15,251,,bounded_transverse_width,,arc,0,0.05222699999999847,,15,,0,0,,,,,,False,0,0,66,5,0,0,,2,2,234,service_locked1_convex22,,,[],1063,21319.241943125333,0,,0.0,,False,0,,381.5232256666667,"[2, 3, 4, 5, 6, 7, 8, 9, 10, 11, 12, 13, 14, 16, 18]",,30.0,4,,,69,0.5,locked,46,1.0,0.0,16,11,18,5,24,15,ordinary,22,full_coverage_and_all_discovered_cleared,214,5722.848385,40.0,constant,,0.05307983298553154
9,0,True,0,9,2,2,0,edge__smooth__70,edge__smooth,8,34,,10,10,316,,bounded_transverse_width,,base,0,0.03590099999999907,,10,,0,0,,,,,,False,0,0,34,5,40,0,,3,3,304,range_grid21_29,,,[],,21476.130542623552,0,,0.0,,False,0,,615.0226111,"[2, 3, 5, 10, 11, 13, 15, 16, 19, 20]",,30.0,4,,,70,1.0,,,,,13,2,5,5,19,10,ordinary,21,full_coverage_and_all_discovered_cleared,285,6150.226111,40.0,constant,,0.03592608298640698
7,0,True,0,7,2,3,0,edge__smooth__70,edge__smooth,8,0,,11,10,334,,bounded_transverse_width,,base,0,0.027167999999999637,,10,,0,0,,,,,,False,0,0,0,3,39,0,,3,3,321,range_convex22,,,[],,21364.959135016703,0,,0.0,,False,0,,622.7991824,"[2, 3, 5, 10, 11, 13, 15, 16, 19, 20]",,30.0,4,,,70,1.0,,,,,3,0,4,3,17,10,ordinary,22,full_coverage_and_all_discovered_cleared,297,6227.991824,40.0,constant,,0.027173584036063403
6,1,True,0,6,2,2,0,edge__smooth__70,edge__smooth,8,51,52,10,10,311,,bounded_transverse_width,,locked,36,0.03391600000000139,5,10,cached_distance_prefix_sum,0,0,,,52,0,47,True,0,0,52,3,0,0,8,3,2,299,count_locked_grid21_29,10,10,[],,18630.782833710597,0,,0.0,,False,0,476,555.515657,"[2, 3, 5, 10, 11, 13, 15, 16, 19, 20]",1,30.0,4,0,0,70,1.0,,,,,2,5,5,3,15,10,ordinary,21,full_coverage_and_all_discovered_cleared,284,5555.15657,40.0,constant,,0.03393112501362339
13,1,True,0,13,1,1,0,edge__smooth__70,edge__smooth,9,36,,10,10,328,,bounded_transverse_width,,arc,0,0.04380899999999954,,10,,0,0,,,,,,False,0,0,36,6,0,0,,3,3,316,service_free0_grid21_29,,,[],0,21061.09093345306,0,,0.0,,False,0,,613.7218186,"[2, 3, 5, 10, 11, 13, 15, 16, 19, 20]",,30.0,4,,,70,0.5,free,43,0.0,0.0,13,6,4,6,22,10,ordinary,21,full_coverage_and_all_discovered_cleared,295,6137.218186,40.0,constant,,0.043864666018635035
12,1,True,0,12,1,1,0,edge__smooth__70,edge__smooth,9,33,,10,10,326,,bounded_transverse_width,,arc,0,0.04969999999999786,,10,,0,0,,,,,,False,0,0,33,5,0,0,,3,3,314,service_free1_grid21_29,,,[],604,21773.628244503037,0,,0.0,,False,0,,626.872565,"[2, 3, 5, 10, 11, 13, 15, 16, 19, 20]",,30.0,4,,,70,0.5,free,42,1.0,0.0,13,6,3,5,21,10,ordinary,21,full_coverage_and_all_discovered_cleared,294,6268.72565,40.0,constant,,0.04974654200486839
17,2,True,0,17,1,2,0,edge__smooth__70,edge__smooth,9,53,,11,10,320,,bounded_transverse_width,,arc,0,0.05574499999999816,,10,,0,0,,,,,,False,0,0,53,2,0,0,,4,3,307,service_free2_grid21_29,,,[],821,21126.69682158101,0,,0.0,,False,0,,609.6339365,"[2, 3, 5, 10, 11, 13, 15, 16, 19, 20]",,30.0,4,,,70,0.5,free,46,2.0,0.0,17,2,1,2,25,10,ordinary,21,full_coverage_and_all_discovered_cleared,283,6096.339365,40.0,constant,,0.05578016699291766
10,1,True,0,10,2,3,0,edge__smooth__70,edge__smooth,8,53,,11,10,319,,bounded_transverse_width,,arc,0,0.04059399999999869,,10,,0,0,,,,,,False,0,0,53,7,0,0,,4,3,306,service_locked0_grid21_29,,,[],0,19199.56569212608,0,,0.0,,False,0,,570.8913142,"[2, 3, 5, 10, 11, 13, 15, 16, 19, 20]",,30.0,4,,,70,0.5,locked,40,0.0,0.0,6,10,5,7,19,10,ordinary,21,full_coverage_and_all_discovered_cleared,286,5708.913142,40.0,constant,,0.04066624998813495
10,1,True,0,10,2,3,0,edge__smooth__70,edge__smooth,8,53,,11,10,319,,bounded_transverse_width,,arc,0,0.04332300000000089,,10,,0,0,,,,,,False,0,0,53,7,0,0,,4,3,306,service_locked1_grid21_29,,,[],635,19199.56569212608,0,,0.0,,False,0,,570.8913142,"[2, 3, 5, 10, 11, 13, 15, 16, 19, 20]",,30.0,4,,,70,0.5,locked,40,1.0,0.0,6,10,5,7,19,10,ordinary,21,full_coverage_and_all_discovered_cleared,286,5708.913142,40.0,constant,,0.043338124989531934
19,3,True,0,19,4,5,0,edge__smooth__70,edge__smooth,6,0,,11,10,309,,bounded_transverse_width,,arc,0,0.040887999999998925,,10,,0,0,,,,,,False,0,0,0,4,0,0,,5,3,296,service_soft20_grid21_29,,,[],303,24522.900615248964,0,,0.0,,False,0,,670.8580122000001,"[2, 3, 5, 10, 11, 13, 15, 16, 19, 20]",,30.0,4,,,70,0.5,free,47,1.0,20.0,12,1,0,4,26,10,ordinary,21,full_coverage_and_all_discovered_cleared,271,6708.580122,40.0,constant,,0.04090358299436048
18,3,True,0,18,3,5,1,edge__smooth__70,edge__smooth,7,0,,12,10,341,,bounded_transverse_width,,arc,0,0.040975999999997015,,10,,0,0,,,,,,False,0,0,0,3,0,0,,4,3,327,service_free1_convex22,,,[],286,19466.556725502127,0,,0.0,,False,0,,588.6311342,"[2, 3, 5, 10, 11, 13, 15, 16, 19, 20]",,30.0,4,,,70,0.5,free,48,1.0,0.0,9,2,0,3,26,10,ordinary,22,full_coverage_and_all_discovered_cleared,302,5886.311342,40.0,constant,,0.04104883299442008
11,1,True,0,11,2,3,0,edge__smooth__70,edge__smooth,8,52,,11,10,342,,bounded_transverse_width,,arc,0,0.03912599999999955,,10,,0,0,,,,,,False,0,0,52,5,0,0,,3,3,329,service_locked1_convex22,,,[],620,19199.293495849204,0,,0.0,,False,0,,584.3858697,"[2, 3, 5, 10, 11, 13, 15, 16, 19, 20]",,30.0,4,,,70,0.5,locked,42,1.0,0.0,4,15,4,5,20,10,ordinary,22,full_coverage_and_all_discovered_cleared,306,5843.858697,40.0,constant,,0.03915620798943564
18,3,True,0,18,1,4,1,edge__smooth__71,edge__smooth,11,1,,15,12,345,,bounded_transverse_width,,base,0,0.03548400000000029,,12,,0,0,,,,,,False,0,0,1,3,49,0,,4,3,328,range_grid21_29,,,[],,22115.665626054906,0,,0.0,,False,0,,536.2610936666666,"[1, 2, 4, 5, 7, 9, 10, 13, 17, 18, 19, 20]",,30.0,4,,,71,1.0,,,,,12,1,0,3,28,12,ordinary,21,full_coverage_and_all_discovered_cleared,303,6435.133124,40.0,constant,,0.0354942919802852
16,4,True,0,16,2,2,1,edge__smooth__71,edge__smooth,10,17,,12,12,341,,bounded_transverse_width,,base,0,0.03360500000000144,,12,,0,0,,,,,,False,0,0,17,0,47,0,,4,3,327,range_convex22,,,[],,21965.71536972007,0,,0.0,,False,0,,532.4285893333333,"[1, 2, 4, 5, 7, 9, 10, 13, 17, 18, 19, 20]",,30.0,4,,,71,1.0,,,,,13,3,0,0,25,12,ordinary,22,full_coverage_and_all_discovered_cleared,301,6389.143072,40.0,constant,,0.033610082988161594
12,0,True,0,12,2,3,0,edge__smooth__71,edge__smooth,10,44,44,13,12,314,,bounded_transverse_width,,locked,45,0.04350700000000174,6,12,cached_distance_prefix_sum,0,0,,,44,0,38,True,0,0,44,6,0,0,8,2,2,299,count_locked_grid21_29,8,8,[],,20851.794789429616,0,,0.0,,False,0,537,500.77991291666666,"[1, 2, 4, 5, 7, 9, 10, 13, 17, 18, 19, 20]",0,30.0,4,0,0,71,1.0,,,,,6,5,22,6,24,12,ordinary,21,full_coverage_and_all_discovered_cleared,281,6009.358955,40.0,constant,,0.04354137496557087
14,2,True,0,14,1,3,0,edge__smooth__71,edge__smooth,11,11,,14,12,335,,bounded_transverse_width,,arc,0,0.041686999999999585,,12,,0,0,,,,,,False,0,0,11,5,0,0,,3,2,319,service_free0_grid21_29,,,[],0,24205.226903396535,0,,0.0,,False,0,,566.5871150833333,"[1, 2, 4, 5, 7, 9, 10, 13, 17, 18, 19, 20]",,30.0,4,,,71,0.5,free,45,0.0,0.0,11,0,0,5,24,12,ordinary,21,full_coverage_and_all_discovered_cleared,297,6799.045381,40.0,constant,,0.04170462500769645
18,3,True,0,18,0,2,0,edge__smooth__71,edge__smooth,12,26,,14,12,308,,bounded_transverse_width,,arc,0,0.05382200000000026,,12,,0,0,,,,,,False,0,0,26,5,0,0,,4,2,292,service_free1_grid21_29,,,[],632,21043.60065561433,0,,0.0,,False,0,,500.5600108333333,"[1, 2, 4, 5, 7, 9, 10, 13, 17, 18, 19, 20]",,30.0,4,,,71,0.5,free,48,1.0,0.0,11,2,1,5,27,12,ordinary,21,full_coverage_and_all_discovered_cleared,272,6006.72013,40.0,constant,,0.05385525000747293
17,2,True,0,17,0,2,0,edge__smooth__71,edge__smooth,12,26,,14,12,306,,bounded_transverse_width,,arc,0,0.05395700000000048,,12,,0,0,,,,,,False,0,0,26,4,0,0,,4,2,290,service_free2_grid21_29,,,[],625,20978.998013255434,0,,0.0,,False,0,,498.4833000833333,"[1, 2, 4, 5, 7, 9, 10, 13, 17, 18, 19, 20]",,30.0,4,,,71,0.5,free,48,2.0,0.0,10,2,1,4,27,12,ordinary,21,full_coverage_and_all_discovered_cleared,270,5981.799601,40.0,constant,,0.054076416010502726
12,0,True,0,12,2,3,0,edge__smooth__71,edge__smooth,10,44,,13,12,314,,bounded_transverse_width,,arc,0,0.045336000000002485,,12,,0,0,,,,,,False,0,0,44,6,0,0,,2,2,299,service_locked0_grid21_29,,,[],0,20851.794789429616,0,,0.0,,False,0,,500.36324625,"[1, 2, 4, 5, 7, 9, 10, 13, 17, 18, 19, 20]",,30.0,4,,,71,0.5,locked,45,0.0,0.0,6,5,22,6,24,12,ordinary,21,full_coverage_and_all_discovered_cleared,276,6004.358955,40.0,constant,,0.04539745900547132
13,0,True,0,13,2,3,0,edge__smooth__71,edge__smooth,10,39,,13,12,310,,bounded_transverse_width,,arc,0,0.0458260000000017,,12,,0,0,,,,,,False,0,0,39,7,0,0,,2,2,295,service_locked1_grid21_29,,,[],646,21243.980983264984,0,,0.0,,False,0,,504.98301616666663,"[1, 2, 4, 5, 7, 9, 10, 13, 17, 18, 19, 20]",,30.0,4,,,71,0.5,locked,46,1.0,0.0,5,7,31,7,25,12,ordinary,21,full_coverage_and_all_discovered_cleared,273,6059.796194,40.0,constant,,0.04585162497824058
25,2,True,0,25,1,2,1,edge__smooth__71,edge__smooth,11,7,,13,12,311,,bounded_transverse_width,,arc,0,0.048196000000000794,,12,,0,0,,,,,,False,0,0,7,2,0,0,,4,3,296,service_soft20_grid21_29,,,[],348,25423.156691405315,0,,0.0,,False,0,,574.80261125,"[1, 2, 4, 5, 7, 9, 10, 13, 17, 18, 19, 20]",,30.0,4,,,71,0.5,free,57,1.0,20.0,9,1,0,2,36,12,ordinary,21,full_coverage_and_all_discovered_cleared,270,6897.631335,40.0,constant,,0.0484829589840956
19,4,True,0,19,1,1,1,edge__smooth__71,edge__smooth,11,12,,12,12,325,,bounded_transverse_width,,arc,0,0.044709000000001,,12,,0,0,,,,,,False,0,0,12,1,0,0,,4,3,311,service_free1_convex22,,,[],368,21947.831021345497,0,,0.0,,False,0,,524.2138504166667,"[1, 2, 4, 5, 7, 9, 10, 13, 17, 18, 19, 20]",,30.0,4,,,71,0.5,free,50,1.0,0.0,6,2,0,1,28,12,ordinary,22,full_coverage_and_all_discovered_cleared,286,6290.566205,40.0,constant,,0.044729958986863494
17,4,True,0,17,0,1,1,edge__smooth__71,edge__smooth,12,39,,13,12,315,,bounded_transverse_width,,arc,0,0.0467259999999996,,12,,0,0,,,,,,False,0,0,39,6,0,0,,4,2,300,service_locked1_convex22,,,[],673,21068.60431495111,0,,0.0,,False,0,,504.47673875000004,"[1, 2, 4, 5, 7, 9, 10, 13, 17, 18, 19, 20]",,30.0,4,,,71,0.5,locked,48,1.0,0.0,8,11,26,6,26,12,ordinary,22,full_coverage_and_all_discovered_cleared,277,6053.720865,40.0,constant,,0.046742666978389025
11,1,True,0,11,2,2,0,edge__adversarial-positive__67,edge__adversarial-positive,8,18,,10,10,318,,bounded_transverse_width,,base,0,0.0320210000000003,,10,,0,0,,,,,,False,0,0,18,1,41,0,,4,3,306,range_grid21_29,,,[],,21478.5493806273,0,,0.0,,False,0,,616.1709876,"[4, 5, 7, 8, 9, 10, 14, 15, 18, 19]",,30.0,4,,,67,1.0,,,,,11,8,0,1,20,10,ordinary,21,full_coverage_and_all_discovered_cleared,286,6161.709876,40.0,constant,,0.03209966601571068
7,0,True,0,7,1,3,0,edge__adversarial-positive__67,edge__adversarial-positive,9,27,,12,10,326,,bounded_transverse_width,,base,0,0.03299699999999817,,10,,0,0,,,,,,False,0,0,27,1,39,0,,2,2,312,range_convex22,,,[],,21110.44544427973,0,,0.0,,False,0,,613.1089089,"[4, 5, 7, 8, 9, 10, 14, 15, 18, 19]",,30.0,4,,,67,1.0,,,,,6,2,2,1,17,10,ordinary,22,full_coverage_and_all_discovered_cleared,293,6131.089089,40.0,constant,,0.033002791984472424
5,1,True,0,5,2,3,0,edge__adversarial-positive__67,edge__adversarial-positive,8,52,54,11,10,303,,bounded_transverse_width,,locked,35,0.03345600000000104,3,10,cached_distance_prefix_sum,0,0,,,54,0,51,True,0,0,54,2,0,0,8,3,2,290,count_locked_grid21_29,10,10,[],,19145.69921916448,0,,0.0,,False,0,492,560.4139843,"[4, 5, 7, 8, 9, 10, 14, 15, 18, 19]",2,30.0,4,0,0,67,1.0,,,,,6,1,1,2,14,10,ordinary,21,full_coverage_and_all_discovered_cleared,272,5604.139843,40.0,constant,,0.033463999978266656
22,4,True,0,22,3,4,0,edge__adversarial-positive__67,edge__adversarial-positive,7,1,,11,10,329,,bounded_transverse_width,,arc,0,0.03793500000000094,,10,,0,0,,,,,,False,0,0,1,6,0,0,,5,3,316,service_free0_grid21_29,,,[],0,23019.583910552577,0,,0.0,,False,0,,652.6916781,"[4, 5, 7, 8, 9, 10, 14, 15, 18, 19]",,30.0,4,,,67,0.5,free,49,0.0,0.0,8,3,0,6,28,10,ordinary,21,full_coverage_and_all_discovered_cleared,290,6526.916781,40.0,constant,,0.03794987499713898
22,4,True,0,22,3,4,0,edge__adversarial-positive__67,edge__adversarial-positive,7,1,,11,10,327,,bounded_transverse_width,,arc,0,0.0457339999999995,,10,,0,0,,,,,,False,0,0,1,6,0,0,,5,3,314,service_free1_grid21_29,,,[],377,22333.972615964598,0,,0.0,,False,0,,637.7794522,"[4, 5, 7, 8, 9, 10, 14, 15, 18, 19]",,30.0,4,,,67,0.5,free,49,1.0,0.0,8,3,0,6,28,10,ordinary,21,full_coverage_and_all_discovered_cleared,288,6377.794522,40.0,constant,,0.04581375000998378
21,4,True,0,21,3,4,0,edge__adversarial-positive__67,edge__adversarial-positive,7,11,,11,10,352,,bounded_transverse_width,,arc,0,0.040811000000001485,,10,,0,0,,,,,,False,0,0,11,5,0,0,,5,3,339,service_free2_grid21_29,,,[],475,21803.067032508297,0,,0.0,,False,0,,642.1613405,"[4, 5, 7, 8, 9, 10, 14, 15, 18, 19]",,30.0,4,,,67,0.5,free,48,2.0,0.0,8,5,0,5,27,10,ordinary,21,full_coverage_and_all_discovered_cleared,313,6421.613405,40.0,constant,,0.04082470905268565
7,1,True,0,7,2,3,0,edge__adversarial-positive__67,edge__adversarial-positive,8,53,,11,10,306,,bounded_transverse_width,,arc,0,0.03761599999999987,,10,,0,0,,,,,,False,0,0,53,5,0,0,,2,1,293,service_locked0_grid21_29,,,[],0,19634.22390277761,0,,0.0,,False,0,,571.8844783,"[4, 5, 7, 8, 9, 10, 14, 15, 18, 19]",,30.0,4,,,67,0.5,locked,37,0.0,0.0,7,10,1,5,16,10,ordinary,21,full_coverage_and_all_discovered_cleared,274,5718.844783,40.0,constant,,0.03763104201061651
8,1,True,0,8,2,3,0,edge__adversarial-positive__67,edge__adversarial-positive,8,53,,11,10,307,,bounded_transverse_width,,arc,0,0.03937699999999822,,10,,0,0,,,,,,False,0,0,53,6,0,0,,2,1,294,service_locked1_grid21_29,,,[],904,19773.918926321327,0,,0.0,,False,0,,575.2783787999999,"[4, 5, 7, 8, 9, 10, 14, 15, 18, 19]",,30.0,4,,,67,0.5,locked,38,1.0,0.0,7,17,1,6,17,10,ordinary,21,full_coverage_and_all_discovered_cleared,275,5752.783788,40.0,constant,,0.03938262502197176
21,4,True,0,21,2,3,0,edge__adversarial-positive__67,edge__adversarial-positive,8,5,,11,10,308,,bounded_transverse_width,,arc,0,0.05086000000000013,,10,,0,0,,,,,,False,0,0,5,3,0,0,,6,3,295,service_soft20_grid21_29,,,[],415,24352.24607712209,0,,0.0,,False,0,,666.6449216,"[4, 5, 7, 8, 9, 10, 14, 15, 18, 19]",,30.0,4,,,67,0.5,free,48,1.0,20.0,5,1,12,4,27,10,ordinary,21,full_coverage_and_all_discovered_cleared,268,6666.449216,40.0,constant,,0.05088991700904444
14,0,True,0,14,3,3,0,edge__adversarial-positive__67,edge__adversarial-positive,7,14,,10,10,356,,bounded_transverse_width,,arc,0,0.04151500000000041,,10,,0,0,,,,,,False,0,0,14,4,0,0,,3,3,344,service_free1_convex22,,,[],398,20651.48100460531,0,,0.0,,False,0,,622.3296199,"[4, 5, 7, 8, 9, 10, 14, 15, 18, 19]",,30.0,4,,,67,0.5,free,46,1.0,0.0,3,0,1,4,24,10,ordinary,22,full_coverage_and_all_discovered_cleared,323,6223.296199,40.0,constant,,0.04155220900429413
13,0,True,0,13,0,2,0,edge__adversarial-positive__67,edge__adversarial-positive,10,47,,12,10,335,,bounded_transverse_width,,arc,0,0.04310600000000164,,10,,0,0,,,,,,False,0,0,47,7,0,0,,3,3,321,service_locked1_convex22,,,[],810,19836.59653549303,0,,0.0,,False,0,,592.8319305,"[4, 5, 7, 8, 9, 10, 14, 15, 18, 19]",,30.0,4,,,67,0.5,locked,45,1.0,0.0,8,10,19,7,23,10,ordinary,22,full_coverage_and_all_discovered_cleared,300,5928.319305,40.0,constant,,0.04311462503392249
14,2,True,0,14,5,6,0,edge__adversarial-positive__68,edge__adversarial-positive,10,4,,16,15,318,,bounded_transverse_width,,base,0,0.037399000000000626,,15,,0,0,,,,,,False,0,0,4,2,48,0,,3,2,300,range_grid21_29,,,[],,24022.841215961995,0,,0.0,,False,0,,443.9045495333333,"[2, 4, 5, 6, 8, 9, 11, 12, 13, 14, 15, 16, 17, 19, 20]",,30.0,4,,,68,1.0,,,,,17,4,1,2,27,15,ordinary,21,full_coverage_and_all_discovered_cleared,276,6658.568243,40.0,constant,,0.037475000019185245
20,2,True,0,20,1,4,0,edge__adversarial-positive__68,edge__adversarial-positive,14,12,,18,15,311,,bounded_transverse_width,,base,0,0.04642700000000133,,15,,0,0,,,,,,False,0,0,12,6,55,0,,3,3,291,range_convex22,,,[],,23769.003665902714,0,,0.0,,False,0,,437.18671566666666,"[2, 4, 5, 6, 8, 9, 11, 12, 13, 14, 15, 16, 17, 19, 20]",,30.0,4,,,68,1.0,,,,,17,6,11,7,33,15,ordinary,22,full_coverage_and_all_discovered_cleared,265,6557.800735,40.0,constant,,0.04647808300796896
11,0,True,0,11,4,4,0,edge__adversarial-positive__68,edge__adversarial-positive,11,59,60,15,15,275,,bounded_transverse_width,,locked,47,0.047699999999998965,5,15,cached_distance_prefix_sum,0,0,,,60,0,55,True,0,0,60,4,0,0,8,2,2,258,count_locked_grid21_29,5,5,[],,22459.988138256853,0,,0.0,,False,0,506,406.5998418666667,"[2, 4, 5, 6, 8, 9, 11, 12, 13, 14, 15, 16, 17, 19, 20]",1,30.0,4,0,0,68,1.0,,,,,6,1,31,4,26,15,ordinary,21,full_coverage_and_all_discovered_cleared,242,6098.997628,40.0,constant,,0.04771904199151322
16,2,True,0,16,6,6,0,edge__adversarial-positive__68,edge__adversarial-positive,9,0,,15,15,316,,bounded_transverse_width,,arc,0,0.04342799999999869,,15,,0,0,,,,,,False,0,0,0,5,0,0,,4,3,299,service_free0_grid21_29,,,[],0,22958.337984109912,0,,0.0,,False,0,,429.1111730666667,"[2, 4, 5, 6, 8, 9, 11, 12, 13, 14, 15, 16, 17, 19, 20]",,30.0,4,,,68,0.5,free,50,0.0,0.0,18,3,2,6,29,15,ordinary,21,full_coverage_and_all_discovered_cleared,275,6436.667596,40.0,constant,,0.043544250016566366
16,2,True,0,16,6,7,0,edge__adversarial-positive__68,edge__adversarial-positive,9,0,,16,15,316,,bounded_transverse_width,,arc,0,0.04830899999999971,,15,,0,0,,,,,,False,0,0,0,5,0,0,,3,2,298,service_free1_grid21_29,,,[],495,23972.689783797898,0,,0.0,,False,0,,442.36919713333333,"[2, 4, 5, 6, 8, 9, 11, 12, 13, 14, 15, 16, 17, 19, 20]",,30.0,4,,,68,0.5,free,50,1.0,0.0,18,3,2,6,29,15,ordinary,21,full_coverage_and_all_discovered_cleared,273,6635.537957,40.0,constant,,0.04833904199767858
22,1,True,0,22,4,5,0,edge__adversarial-positive__68,edge__adversarial-positive,11,7,,16,15,314,,bounded_transverse_width,,arc,0,0.04929700000000281,,15,,0,0,,,,,,False,0,0,7,3,0,0,,3,3,296,service_free2_grid21_29,,,[],518,22096.975418517468,0,,0.0,,False,0,,416.4263388666667,"[2, 4, 5, 6, 8, 9, 11, 12, 13, 14, 15, 16, 17, 19, 20]",,30.0,4,,,68,0.5,free,57,2.0,0.0,13,5,0,3,36,15,ordinary,21,full_coverage_and_all_discovered_cleared,269,6246.395083,40.0,constant,,0.049321250000502914
13,0,True,0,13,3,3,0,edge__adversarial-positive__68,edge__adversarial-positive,12,52,,15,15,274,,bounded_transverse_width,,arc,0,0.05216300000000018,,15,,0,0,,,,,,False,0,0,52,6,0,0,,2,2,257,service_locked0_grid21_29,,,[],0,22627.050140769225,0,,0.0,,False,0,,408.0940018,"[2, 4, 5, 6, 8, 9, 11, 12, 13, 14, 15, 16, 17, 19, 20]",,30.0,4,,,68,0.5,locked,49,0.0,0.0,6,9,42,6,28,15,ordinary,21,full_coverage_and_all_discovered_cleared,236,6121.410027,40.0,constant,,0.05230424995534122
16,1,True,0,16,5,5,0,edge__adversarial-positive__68,edge__adversarial-positive,10,44,,15,15,274,,bounded_transverse_width,,arc,0,0.051722999999999075,,15,,0,0,,,,,,False,0,0,44,8,0,0,,3,2,257,service_locked1_grid21_29,,,[],766,22971.27682660687,0,,0.0,,False,0,,413.0170242666666,"[2, 4, 5, 6, 8, 9, 11, 12, 13, 14, 15, 16, 17, 19, 20]",,30.0,4,,,68,0.5,locked,51,1.0,0.0,10,13,32,8,30,15,ordinary,21,full_coverage_and_all_discovered_cleared,241,6195.255364,40.0,constant,,0.05177483399165794
28,1,True,0,28,8,9,0,edge__adversarial-positive__68,edge__adversarial-positive,7,0,,16,15,270,,bounded_transverse_width,,arc,0,0.051643000000002104,,15,,0,0,,,,,,False,0,0,0,5,0,0,,4,4,252,service_soft20_grid21_29,,,[],486,28097.6991403414,0,,0.0,,False,0,,478.9026551333333,"[2, 4, 5, 6, 8, 9, 11, 12, 13, 14, 15, 16, 17, 19, 20]",,30.0,4,,,68,0.5,free,63,1.0,20.0,12,4,0,5,42,15,ordinary,21,full_coverage_and_all_discovered_cleared,226,7183.539827,40.0,constant,,0.05165370798204094
21,3,True,0,21,1,4,0,edge__adversarial-positive__68,edge__adversarial-positive,14,0,,18,15,307,,bounded_transverse_width,,arc,0,0.05342600000000175,,15,,0,0,,,,,,False,0,0,0,6,0,0,,3,2,287,service_free1_convex22,,,[],420,23224.35650883862,0,,0.0,,False,0,,428.45808666666665,"[2, 4, 5, 6, 8, 9, 11, 12, 13, 14, 15, 16, 17, 19, 20]",,30.0,4,,,68,0.5,free,55,1.0,0.0,14,2,2,6,33,15,ordinary,22,full_coverage_and_all_discovered_cleared,263,6426.8713,40.0,constant,,0.05350170796737075
17,2,True,0,17,2,2,1,edge__adversarial-positive__68,edge__adversarial-positive,13,49,,15,15,275,,bounded_transverse_width,,arc,0,0.05429499999999976,,15,,0,0,,,,,,False,0,0,49,6,0,0,,3,3,258,service_locked1_convex22,,,[],1206,21994.969845952975,0,,0.0,,False,0,,400.06626446666667,"[2, 4, 5, 6, 8, 9, 11, 12, 13, 14, 15, 16, 17, 19, 20]",,30.0,4,,,68,0.5,locked,53,1.0,0.0,10,16,1,7,31,15,ordinary,22,full_coverage_and_all_discovered_cleared,237,6000.993967,40.0,constant,,0.05432216700864956
20,4,True,0,20,1,5,1,edge__adversarial-positive__69,edge__adversarial-positive,14,15,,19,15,311,,bounded_transverse_width,,base,0,0.04205800000000082,,15,,0,0,,,,,,False,0,0,15,5,53,0,,4,2,290,range_grid21_29,,,[],,22723.812212687568,0,,0.0,,False,0,,423.11749619999995,"[2, 3, 4, 5, 6, 7, 8, 9, 10, 11, 12, 13, 14, 16, 18]",,30.0,4,,,69,1.0,,,,,11,2,3,5,32,15,ordinary,21,full_coverage_and_all_discovered_cleared,265,6346.762443,40.0,constant,,0.042087792011443526
13,1,True,0,13,0,3,0,edge__adversarial-positive__69,edge__adversarial-positive,15,28,,18,15,299,,bounded_transverse_width,,base,0,0.041695000000000704,,15,,0,0,,,,,,False,0,0,28,3,49,0,,4,3,279,range_convex22,,,[],,22807.720950884854,0,,0.0,,False,0,,419.63627906666665,"[2, 3, 4, 5, 6, 7, 8, 9, 10, 11, 12, 13, 14, 16, 18]",,30.0,4,,,69,1.0,,,,,11,1,4,3,27,15,ordinary,22,full_coverage_and_all_discovered_cleared,254,6294.544186,40.0,constant,,0.041764083027374
13,1,True,0,13,2,3,0,edge__adversarial-positive__69,edge__adversarial-positive,13,52,52,16,15,260,,bounded_transverse_width,,locked,48,0.0550379999999997,0,15,cached_distance_prefix_sum,0,0,,,52,0,52,True,0,0,52,7,0,0,8,3,2,242,count_locked_grid21_29,5,5,[],,22216.176691121476,0,,0.0,,False,0,566,396.74902246666664,"[2, 3, 4, 5, 6, 7, 8, 9, 10, 11, 12, 13, 14, 16, 18]",0,30.0,4,0,0,69,1.0,,,,,11,6,32,7,27,15,ordinary,21,full_coverage_and_all_discovered_cleared,220,5951.235337,40.0,constant,,0.0550512500340119
21,1,True,0,21,2,6,0,edge__adversarial-positive__69,edge__adversarial-positive,13,32,,19,15,287,,bounded_transverse_width,,arc,0,0.05561800000000261,,15,,0,0,,,,,,False,0,0,32,7,0,0,,3,3,266,service_free0_grid21_29,,,[],0,22823.9062266384,0,,0.0,,False,0,,414.98541639999996,"[2, 3, 4, 5, 6, 7, 8, 9, 10, 11, 12, 13, 14, 16, 18]",,30.0,4,,,69,0.5,free,56,0.0,0.0,12,14,8,8,35,15,ordinary,21,full_coverage_and_all_discovered_cleared,243,6224.781246,40.0,constant,,0.0556307919905521
23,2,True,0,23,1,6,0,edge__adversarial-positive__69,edge__adversarial-positive,14,4,,20,15,315,,bounded_transverse_width,,arc,0,0.06131099999999989,,15,,0,0,,,,,,False,0,0,4,7,0,0,,3,3,293,service_free1_grid21_29,,,[],528,22787.27694058682,0,,0.0,,False,0,,425.4970257333333,"[2, 3, 4, 5, 6, 7, 8, 9, 10, 11, 12, 13, 14, 16, 18]",,30.0,4,,,69,0.5,free,57,1.0,0.0,12,5,0,7,36,15,ordinary,21,full_coverage_and_all_discovered_cleared,270,6382.455386,40.0,constant,,0.061384291970171034
30,7,True,0,30,1,6,1,edge__adversarial-positive__69,edge__adversarial-positive,14,31,,20,15,288,,bounded_transverse_width,,arc,0,0.07393899999999931,,15,,0,0,,,,,,False,0,0,31,6,0,0,,5,3,266,service_free2_grid21_29,,,[],946,23533.148276893575,0,,0.0,,False,0,,424.1753103333333,"[2, 3, 4, 5, 6, 7, 8, 9, 10, 11, 12, 13, 14, 16, 18]",,30.0,4,,,69,0.5,free,60,2.0,0.0,17,8,7,6,39,15,ordinary,21,full_coverage_and_all_discovered_cleared,236,6362.629655,40.0,constant,,0.07396791700739413
13,1,True,0,13,5,6,0,edge__adversarial-positive__69,edge__adversarial-positive,10,49,,16,15,256,,bounded_transverse_width,,arc,0,0.05085500000000209,,15,,0,0,,,,,,False,0,0,49,8,0,0,,3,2,238,service_locked0_grid21_29,,,[],0,22009.52414230538,0,,0.0,,False,0,,392.3269885333333,"[2, 3, 4, 5, 6, 7, 8, 9, 10, 11, 12, 13, 14, 16, 18]",,30.0,4,,,69,0.5,locked,48,0.0,0.0,13,7,23,8,27,15,ordinary,21,full_coverage_and_all_discovered_cleared,215,5884.904828,40.0,constant,,0.05097845901036635
13,1,True,0,13,5,6,0,edge__adversarial-positive__69,edge__adversarial-positive,10,49,,16,15,256,,bounded_transverse_width,,arc,0,0.05164100000000005,,15,,0,0,,,,,,False,0,0,49,8,0,0,,3,2,238,service_locked1_grid21_29,,,[],939,22009.52414230538,0,,0.0,,False,0,,392.3269885333333,"[2, 3, 4, 5, 6, 7, 8, 9, 10, 11, 12, 13, 14, 16, 18]",,30.0,4,,,69,0.5,locked,48,1.0,0.0,13,7,23,8,27,15,ordinary,21,full_coverage_and_all_discovered_cleared,215,5884.904828,40.0,constant,,0.051685792044736445
28,2,True,0,28,3,5,0,edge__adversarial-positive__69,edge__adversarial-positive,12,14,,17,15,274,,bounded_transverse_width,,arc,0,0.06817900000000066,,15,,0,0,,,,,,False,0,0,14,8,0,0,,4,4,255,service_soft20_grid21_29,,,[],738,24554.267475122106,0,,0.0,,False,0,,433.19023293333333,"[2, 3, 4, 5, 6, 7, 8, 9, 10, 11, 12, 13, 14, 16, 18]",,30.0,4,,,69,0.5,free,62,1.0,20.0,16,4,0,8,41,15,ordinary,21,full_coverage_and_all_discovered_cleared,231,6497.853494,40.0,constant,,0.06826729199383408
18,1,True,0,18,3,4,0,edge__adversarial-positive__69,edge__adversarial-positive,12,1,,16,15,299,,bounded_transverse_width,,arc,0,0.05693899999999985,,15,,0,0,,,,,,False,0,0,1,7,0,0,,4,4,281,service_free1_convex22,,,[],518,23165.044291564638,0,,0.0,,False,0,,424.9339238,"[2, 3, 4, 5, 6, 7, 8, 9, 10, 11, 12, 13, 14, 16, 18]",,30.0,4,,,69,0.5,free,54,1.0,0.0,17,1,30,7,32,15,ordinary,22,full_coverage_and_all_discovered_cleared,258,6374.008857,40.0,constant,,0.056969041004776955
11,1,True,0,11,3,4,0,edge__adversarial-positive__69,edge__adversarial-positive,12,65,,16,15,256,,bounded_transverse_width,,arc,0,0.05307499999999976,,15,,0,0,,,,,,False,0,0,65,5,0,0,,2,2,238,service_locked1_convex22,,,[],1098,21332.50918669421,0,,0.0,,False,0,,383.3667891333333,"[2, 3, 4, 5, 6, 7, 8, 9, 10, 11, 12, 13, 14, 16, 18]",,30.0,4,,,69,0.5,locked,47,1.0,0.0,18,11,19,5,25,15,ordinary,22,full_coverage_and_all_discovered_cleared,216,5750.501837,40.0,constant,,0.05308529199101031
12,2,True,0,12,2,3,0,edge__adversarial-positive__70,edge__adversarial-positive,8,34,,11,10,324,,bounded_transverse_width,,base,0,0.04222700000000046,,10,,0,0,,,,,,False,0,0,34,5,41,0,,4,3,311,range_grid21_29,,,[],,21684.558644877903,0,,0.0,,False,0,,623.6911731,"[2, 3, 5, 10, 11, 13, 15, 16, 19, 20]",,30.0,4,,,70,1.0,,,,,15,4,3,5,20,10,ordinary,21,full_coverage_and_all_discovered_cleared,292,6236.911731,40.0,constant,,0.042344790999777615
9,0,True,0,9,2,4,0,edge__adversarial-positive__70,edge__adversarial-positive,8,1,,12,10,342,,bounded_transverse_width,,base,0,0.02846100000000007,,10,,0,0,,,,,,False,0,0,1,3,41,0,,3,3,328,range_convex22,,,[],,21048.26666867023,0,,0.0,,False,0,,621.0653331000001,"[2, 3, 5, 10, 11, 13, 15, 16, 19, 20]",,30.0,4,,,70,1.0,,,,,3,1,4,3,19,10,ordinary,22,full_coverage_and_all_discovered_cleared,305,6210.653331,40.0,constant,,0.028461833018809557
7,1,True,0,7,3,5,0,edge__adversarial-positive__70,edge__adversarial-positive,7,51,52,12,10,318,,bounded_transverse_width,,locked,37,0.03680800000000062,4,10,cached_distance_prefix_sum,0,0,,,52,0,48,True,0,0,52,3,0,0,8,3,2,304,count_locked_grid21_29,10,10,[],,18644.08509823231,0,,0.0,,False,0,560,559.3817017,"[2, 3, 5, 10, 11, 13, 15, 16, 19, 20]",1,30.0,4,0,0,70,1.0,,,,,3,5,1,3,16,10,ordinary,21,full_coverage_and_all_discovered_cleared,289,5593.817017,40.0,constant,,0.03684141696430743
14,2,True,0,14,1,1,0,edge__adversarial-positive__70,edge__adversarial-positive,9,36,,10,10,332,,bounded_transverse_width,,arc,0,0.04615700000000089,,10,,0,0,,,,,,False,0,0,36,6,0,0,,4,3,320,service_free0_grid21_29,,,[],0,21129.33700512982,0,,0.0,,False,0,,617.5867403999999,"[2, 3, 5, 10, 11, 13, 15, 16, 19, 20]",,30.0,4,,,70,0.5,free,43,0.0,0.0,15,8,3,6,22,10,ordinary,21,full_coverage_and_all_discovered_cleared,300,6175.867404,40.0,constant,,0.04624095797771588
14,2,True,0,14,2,2,0,edge__adversarial-positive__70,edge__adversarial-positive,8,50,,10,10,325,,bounded_transverse_width,,arc,0,0.05419600000000102,,10,,0,0,,,,,,False,0,0,50,6,0,0,,4,3,313,service_free1_grid21_29,,,[],689,23051.464913602074,0,,0.0,,False,0,,651.8292986,"[2, 3, 5, 10, 11, 13, 15, 16, 19, 20]",,30.0,4,,,70,0.5,free,43,1.0,0.0,15,8,3,6,22,10,ordinary,21,full_coverage_and_all_discovered_cleared,293,6518.292986,40.0,constant,,0.05431083298753947
16,2,True,0,16,2,3,1,edge__adversarial-positive__70,edge__adversarial-positive,8,26,,11,10,317,,bounded_transverse_width,,arc,0,0.04727100000000206,,10,,0,0,,,,,,False,0,0,26,6,0,0,,3,3,304,service_free2_grid21_29,,,[],572,22459.739768170275,0,,0.0,,False,0,,634.6947953,"[2, 3, 5, 10, 11, 13, 15, 16, 19, 20]",,30.0,4,,,70,0.5,free,46,2.0,0.0,9,7,1,6,25,10,ordinary,21,full_coverage_and_all_discovered_cleared,282,6346.947953,40.0,constant,,0.04730433301301673
10,1,True,0,10,2,3,0,edge__adversarial-positive__70,edge__adversarial-positive,8,54,,11,10,320,,bounded_transverse_width,,arc,0,0.045078000000000173,,10,,0,0,,,,,,False,0,0,54,7,0,0,,2,1,307,service_locked0_grid21_29,,,[],0,19132.769305863123,0,,0.0,,False,0,,570.2553861,"[2, 3, 5, 10, 11, 13, 15, 16, 19, 20]",,30.0,4,,,70,0.5,locked,40,0.0,0.0,7,7,4,7,19,10,ordinary,21,full_coverage_and_all_discovered_cleared,288,5702.553861,40.0,constant,,0.04510391695657745
10,1,True,0,10,2,3,0,edge__adversarial-positive__70,edge__adversarial-positive,8,54,,11,10,320,,bounded_transverse_width,,arc,0,0.043900000000000716,,10,,0,0,,,,,,False,0,0,54,7,0,0,,2,1,307,service_locked1_grid21_29,,,[],640,19132.769305863123,0,,0.0,,False,0,,570.2553861,"[2, 3, 5, 10, 11, 13, 15, 16, 19, 20]",,30.0,4,,,70,0.5,locked,40,1.0,0.0,7,7,4,7,19,10,ordinary,21,full_coverage_and_all_discovered_cleared,288,5702.553861,40.0,constant,,0.044002957991324365
19,2,True,0,19,5,5,0,edge__adversarial-positive__70,edge__adversarial-positive,5,0,,10,10,308,,bounded_transverse_width,,arc,0,0.0410250000000012,,10,,0,0,,,,,,False,0,0,0,2,0,0,,4,4,296,service_soft20_grid21_29,,,[],290,24146.578649720035,0,,0.0,,False,0,,662.9315730999999,"[2, 3, 5, 10, 11, 13, 15, 16, 19, 20]",,30.0,4,,,70,0.5,free,48,1.0,20.0,12,1,0,2,27,10,ordinary,21,full_coverage_and_all_discovered_cleared,270,6629.315731,40.0,constant,,0.04103716602548957
16,0,True,0,16,6,7,0,edge__adversarial-positive__70,edge__adversarial-positive,4,0,,11,10,333,,bounded_transverse_width,,arc,0,0.03982400000000297,,10,,0,0,,,,,,False,0,0,0,7,0,0,,3,3,320,service_free1_convex22,,,[],326,20018.437488308282,0,,0.0,,False,0,,595.1687498,"[2, 3, 5, 10, 11, 13, 15, 16, 19, 20]",,30.0,4,,,70,0.5,free,48,1.0,0.0,4,1,13,7,26,10,ordinary,22,full_coverage_and_all_discovered_cleared,295,5951.687498,40.0,constant,,0.03987654100637883
12,1,True,0,12,2,4,0,edge__adversarial-positive__70,edge__adversarial-positive,8,52,,12,10,345,,bounded_transverse_width,,arc,0,0.04124999999999801,,10,,0,0,,,,,,False,0,0,52,5,0,0,,3,2,331,service_locked1_convex22,,,[],667,19234.023319473185,0,,0.0,,False,0,,586.8804664,"[2, 3, 5, 10, 11, 13, 15, 16, 19, 20]",,30.0,4,,,70,0.5,locked,43,1.0,0.0,4,9,2,5,21,10,ordinary,22,full_coverage_and_all_discovered_cleared,311,5868.804664,40.0,constant,,0.04135537496767938
10,0,True,0,10,5,5,0,edge__adversarial-positive__71,edge__adversarial-positive,7,1,,12,12,333,,bounded_transverse_width,,base,0,0.03239599999999854,,12,,0,0,,,,,,False,0,0,1,3,43,0,,2,2,319,range_grid21_29,,,[],,21636.000329845527,0,,0.0,,False,0,,523.4333391666667,"[1, 2, 4, 5, 7, 9, 10, 13, 17, 18, 19, 20]",,30.0,4,,,71,1.0,,,,,11,1,0,3,22,12,ordinary,21,full_coverage_and_all_discovered_cleared,299,6281.20007,40.0,constant,,0.032407292048446834
15,1,True,0,15,0,0,0,edge__adversarial-positive__71,edge__adversarial-positive,12,16,,12,12,341,,bounded_transverse_width,,base,0,0.03381299999999854,,12,,0,0,,,,,,False,0,0,16,0,48,0,,3,3,327,range_convex22,,,[],,21933.082230702377,0,,0.0,,False,0,,531.9680370833333,"[1, 2, 4, 5, 7, 9, 10, 13, 17, 18, 19, 20]",,30.0,4,,,71,1.0,,,,,7,0,16,0,26,12,ordinary,22,full_coverage_and_all_discovered_cleared,302,6383.616445,40.0,constant,,0.03383783303434029
12,0,True,0,12,3,3,0,edge__adversarial-positive__71,edge__adversarial-positive,9,44,44,12,12,314,,bounded_transverse_width,,locked,45,0.04497199999999779,0,12,cached_distance_prefix_sum,0,0,,,44,0,44,True,0,0,44,6,0,0,8,3,3,300,count_locked_grid21_29,8,8,[],,20752.18959568158,0,,0.0,,False,0,558,498.7031601666667,"[1, 2, 4, 5, 7, 9, 10, 13, 17, 18, 19, 20]",0,30.0,4,0,0,71,1.0,,,,,6,4,21,6,24,12,ordinary,21,full_coverage_and_all_discovered_cleared,274,5984.437922,40.0,constant,,0.04500920796999708
16,0,True,0,16,1,2,0,edge__adversarial-positive__71,edge__adversarial-positive,11,8,,13,12,326,,bounded_transverse_width,,arc,0,0.042532000000001347,,12,,0,0,,,,,,False,0,0,8,6,0,0,,3,3,311,service_free0_grid21_29,,,[],0,19972.540574083923,0,,0.0,,False,0,,491.87567624999997,"[1, 2, 4, 5, 7, 9, 10, 13, 17, 18, 19, 20]",,30.0,4,,,71,0.5,free,49,0.0,0.0,6,1,7,6,28,12,ordinary,21,full_coverage_and_all_discovered_cleared,290,5902.508115,40.0,constant,,0.04264287499245256
16,1,True,0,16,1,2,0,edge__adversarial-positive__71,edge__adversarial-positive,11,26,,13,12,302,,bounded_transverse_width,,arc,0,0.05420400000000214,,12,,0,0,,,,,,False,0,0,26,5,0,0,,3,3,287,service_free1_grid21_29,,,[],648,20784.548234157708,0,,0.0,,False,0,,493.4091370833333,"[1, 2, 4, 5, 7, 9, 10, 13, 17, 18, 19, 20]",,30.0,4,,,71,0.5,free,48,1.0,0.0,8,2,1,5,27,12,ordinary,21,full_coverage_and_all_discovered_cleared,266,5920.909645,40.0,constant,,0.054232334019616246
15,1,True,0,15,1,2,0,edge__adversarial-positive__71,edge__adversarial-positive,11,26,,13,12,302,,bounded_transverse_width,,arc,0,0.05337300000000056,,12,,0,0,,,,,,False,0,0,26,4,0,0,,3,2,287,service_free2_grid21_29,,,[],629,20768.431475747853,0,,0.0,,False,0,,493.1405245833334,"[1, 2, 4, 5, 7, 9, 10, 13, 17, 18, 19, 20]",,30.0,4,,,71,0.5,free,47,2.0,0.0,9,2,1,4,26,12,ordinary,21,full_coverage_and_all_discovered_cleared,266,5917.686295,40.0,constant,,0.05337800004053861
15,1,True,0,15,2,2,0,edge__adversarial-positive__71,edge__adversarial-positive,10,45,,12,12,316,,bounded_transverse_width,,arc,0,0.04770599999999803,,12,,0,0,,,,,,False,0,0,45,4,0,0,,4,3,302,service_locked0_grid21_29,,,[],0,20960.23439239975,0,,0.0,,False,0,,503.08724,"[1, 2, 4, 5, 7, 9, 10, 13, 17, 18, 19, 20]",,30.0,4,,,71,0.5,locked,47,0.0,0.0,7,4,21,4,26,12,ordinary,21,full_coverage_and_all_discovered_cleared,275,6037.04688,40.0,constant,,0.04777362500317395
17,1,True,0,17,3,3,0,edge__adversarial-positive__71,edge__adversarial-positive,9,45,,12,12,315,,bounded_transverse_width,,arc,0,0.04992999999999981,,12,,0,0,,,,,,False,0,0,45,5,0,0,,4,3,301,service_locked1_grid21_29,,,[],781,20404.51289352729,0,,0.0,,False,0,,493.49188175,"[1, 2, 4, 5, 7, 9, 10, 13, 17, 18, 19, 20]",,30.0,4,,,71,0.5,locked,49,1.0,0.0,5,8,10,5,28,12,ordinary,21,full_coverage_and_all_discovered_cleared,276,5921.902581,40.0,constant,,0.04997812496731058
26,1,True,0,26,0,1,0,edge__adversarial-positive__71,edge__adversarial-positive,12,14,,13,12,313,,bounded_transverse_width,,arc,0,0.052022999999998376,,12,,0,0,,,,,,False,0,0,14,2,0,0,,4,4,298,service_soft20_grid21_29,,,[],411,23955.741304507697,0,,0.0,,False,0,,551.5123551666667,"[1, 2, 4, 5, 7, 9, 10, 13, 17, 18, 19, 20]",,30.0,4,,,71,0.5,free,58,1.0,20.0,9,1,0,2,37,12,ordinary,21,full_coverage_and_all_discovered_cleared,274,6618.148262,40.0,constant,,0.052046332973986864
18,1,True,0,18,1,1,0,edge__adversarial-positive__71,edge__adversarial-positive,11,10,,12,12,331,,bounded_transverse_width,,arc,0,0.046597000000002,,12,,0,0,,,,,,False,0,0,10,1,0,0,,3,3,317,service_free1_convex22,,,[],341,21930.167108383037,0,,0.0,,False,0,,526.9194518333334,"[1, 2, 4, 5, 7, 9, 10, 13, 17, 18, 19, 20]",,30.0,4,,,71,0.5,free,51,1.0,0.0,4,0,16,1,29,12,ordinary,22,full_coverage_and_all_discovered_cleared,292,6323.033422,40.0,constant,,0.04671304201474413
17,4,True,0,17,0,1,1,edge__adversarial-positive__71,edge__adversarial-positive,12,47,,13,12,318,,bounded_transverse_width,,arc,0,0.04872599999999849,,12,,0,0,,,,,,False,0,0,47,6,0,0,,4,2,303,service_locked1_convex22,,,[],760,20902.672490733392,0,,0.0,,False,0,,503.2945414166666,"[1, 2, 4, 5, 7, 9, 10, 13, 17, 18, 19, 20]",,30.0,4,,,71,0.5,locked,48,1.0,0.0,9,14,16,6,26,12,ordinary,22,full_coverage_and_all_discovered_cleared,281,6039.534497,40.0,constant,,0.04876775003504008
20,6,True,0,20,3,6,0,edge__adversarial-negative__67,edge__adversarial-negative,7,12,,13,10,354,,bounded_transverse_width,,base,0,0.03165399999999963,,10,,0,0,,,,,,False,0,0,12,3,45,0,,4,3,339,range_grid21_29,,,[],,21804.025162407645,0,,0.0,,False,0,,642.5805032000001,"[4, 5, 7, 8, 9, 10, 14, 15, 18, 19]",,30.0,4,,,67,1.0,,,,,8,2,0,4,24,10,ordinary,21,full_coverage_and_all_discovered_cleared,311,6425.805032,40.0,constant,,0.03165833302773535
10,1,True,0,10,2,3,0,edge__adversarial-negative__67,edge__adversarial-negative,8,20,,11,10,362,,bounded_transverse_width,,base,0,0.035118999999998124,,10,,0,0,,,,,,False,0,0,20,4,41,0,,4,3,349,range_convex22,,,[],,21771.869815222402,0,,0.0,,False,0,,648.037396,"[4, 5, 7, 8, 9, 10, 14, 15, 18, 19]",,30.0,4,,,67,1.0,,,,,9,0,1,4,19,10,ordinary,22,full_coverage_and_all_discovered_cleared,328,6480.37396,40.0,constant,,0.03515925002284348
5,1,True,0,5,2,3,0,edge__adversarial-negative__67,edge__adversarial-negative,8,54,55,11,10,302,,bounded_transverse_width,,locked,35,0.034206999999998544,3,10,cached_distance_prefix_sum,0,0,,,55,0,52,True,0,0,55,2,0,0,8,3,2,289,count_locked_grid21_29,10,10,[],,19202.214437903604,0,,0.0,,False,0,475,560.9442889,"[4, 5, 7, 8, 9, 10, 14, 15, 18, 19]",1,30.0,4,0,0,67,1.0,,,,,6,4,1,2,14,10,ordinary,21,full_coverage_and_all_discovered_cleared,271,5609.442889,40.0,constant,,0.03421224997146055
17,3,True,0,17,1,1,0,edge__adversarial-negative__67,edge__adversarial-negative,9,5,,10,10,313,,bounded_transverse_width,,arc,0,0.038782000000001204,,10,,0,0,,,,,,False,0,0,5,3,0,0,,4,3,301,service_free0_grid21_29,,,[],0,21949.99819081311,0,,0.0,,False,0,,622.2999636,"[4, 5, 7, 8, 9, 10, 14, 15, 18, 19]",,30.0,4,,,67,0.5,free,45,0.0,0.0,6,4,1,3,24,10,ordinary,21,full_coverage_and_all_discovered_cleared,278,6222.999636,40.0,constant,,0.03879970801062882
17,3,True,0,17,1,1,0,edge__adversarial-negative__67,edge__adversarial-negative,9,5,,10,10,313,,bounded_transverse_width,,arc,0,0.04593799999999959,,10,,0,0,,,,,,False,0,0,5,3,0,0,,4,3,301,service_free1_grid21_29,,,[],502,21949.99819081311,0,,0.0,,False,0,,622.2999636,"[4, 5, 7, 8, 9, 10, 14, 15, 18, 19]",,30.0,4,,,67,0.5,free,45,1.0,0.0,6,4,1,3,24,10,ordinary,21,full_coverage_and_all_discovered_cleared,278,6222.999636,40.0,constant,,0.045952333020977676
21,4,True,0,21,4,6,0,edge__adversarial-negative__67,edge__adversarial-negative,6,20,,12,10,325,,bounded_transverse_width,,arc,0,0.04626199999999869,,10,,0,0,,,,,,False,0,0,20,6,0,0,,6,4,311,service_free2_grid21_29,,,[],628,21049.760398763345,0,,0.0,,False,0,,610.6952078,"[4, 5, 7, 8, 9, 10, 14, 15, 18, 19]",,30.0,4,,,67,0.5,free,48,2.0,0.0,7,7,2,7,27,10,ordinary,21,full_coverage_and_all_discovered_cleared,286,6106.952078,40.0,constant,,0.046373582968954
5,0,True,0,5,1,2,0,edge__adversarial-negative__67,edge__adversarial-negative,9,54,,11,10,303,,bounded_transverse_width,,arc,0,0.037766999999998774,,10,,0,0,,,,,,False,0,0,54,4,0,0,,2,2,290,service_locked0_grid21_29,,,[],0,19455.759440192738,0,,0.0,,False,0,,566.515189,"[4, 5, 7, 8, 9, 10, 14, 15, 18, 19]",,30.0,4,,,67,0.5,locked,36,0.0,0.0,6,11,1,4,15,10,ordinary,21,full_coverage_and_all_discovered_cleared,271,5665.15189,40.0,constant,,0.037798708013724536
6,0,True,0,6,1,2,0,edge__adversarial-negative__67,edge__adversarial-negative,9,54,,11,10,304,,bounded_transverse_width,,arc,0,0.03934700000000291,,10,,0,0,,,,,,False,0,0,54,5,0,0,,2,2,291,service_locked1_grid21_29,,,[],811,19662.781484693518,0,,0.0,,False,0,,571.2556298000001,"[4, 5, 7, 8, 9, 10, 14, 15, 18, 19]",,30.0,4,,,67,0.5,locked,37,1.0,0.0,6,18,1,5,16,10,ordinary,21,full_coverage_and_all_discovered_cleared,272,5712.556298,40.0,constant,,0.03936508303740993
33,6,True,0,33,0,3,0,edge__adversarial-negative__67,edge__adversarial-negative,10,7,,13,10,313,,bounded_transverse_width,,arc,0,0.05620700000000056,,10,,0,0,,,,,,False,0,0,7,3,0,0,,6,4,298,service_soft20_grid21_29,,,[],736,24750.72899308314,0,,0.0,,False,0,,676.7145795,"[4, 5, 7, 8, 9, 10, 14, 15, 18, 19]",,30.0,4,,,67,0.5,free,58,1.0,20.0,9,10,0,3,37,10,ordinary,21,full_coverage_and_all_discovered_cleared,268,6767.145795,40.0,constant,,0.060579625016544014
15,2,True,0,15,3,4,0,edge__adversarial-negative__67,edge__adversarial-negative,7,23,,11,10,340,,bounded_transverse_width,,arc,0,0.05745199999999784,,10,,0,0,,,,,,False,0,0,23,5,0,0,,4,3,327,service_free1_convex22,,,[],741,20999.513267703154,0,,0.0,,False,0,,619.2902651,"[4, 5, 7, 8, 9, 10, 14, 15, 18, 19]",,30.0,4,,,67,0.5,free,45,1.0,0.0,8,9,0,5,23,10,ordinary,22,full_coverage_and_all_discovered_cleared,305,6192.902651,40.0,constant,,0.05751741700805724
14,1,True,0,14,1,3,0,edge__adversarial-negative__67,edge__adversarial-negative,9,49,,12,10,333,,bounded_transverse_width,,arc,0,0.04282600000000514,,10,,0,0,,,,,,False,0,0,49,5,0,0,,4,3,319,service_locked1_convex22,,,[],780,20106.151858123623,0,,0.0,,False,0,,596.9230367,"[4, 5, 7, 8, 9, 10, 14, 15, 18, 19]",,30.0,4,,,67,0.5,locked,45,1.0,0.0,8,7,11,5,23,10,ordinary,22,full_coverage_and_all_discovered_cleared,297,5969.230367,40.0,constant,,0.04282904200954363
18,2,True,0,18,4,7,0,edge__adversarial-negative__68,edge__adversarial-negative,11,0,,18,15,321,,bounded_transverse_width,,base,0,0.04013599999999684,,15,,0,0,,,,,,False,0,0,0,3,52,0,,3,3,301,range_grid21_29,,,[],,23136.232253003007,0,,0.0,,False,0,,433.01642993333337,"[2, 4, 5, 6, 8, 9, 11, 12, 13, 14, 15, 16, 17, 19, 20]",,30.0,4,,,68,1.0,,,,,16,9,0,3,31,15,ordinary,21,full_coverage_and_all_discovered_cleared,279,6495.246449,40.0,constant,,0.04026041697943583
21,3,True,0,21,1,3,0,edge__adversarial-negative__68,edge__adversarial-negative,14,3,,17,15,306,,bounded_transverse_width,,base,0,0.04419299999999993,,15,,0,0,,,,,,False,0,0,3,7,55,0,,3,3,287,range_convex22,,,[],,24636.097056889415,0,,0.0,,False,0,,447.1479608,"[2, 4, 5, 6, 8, 9, 11, 12, 13, 14, 15, 16, 17, 19, 20]",,30.0,4,,,68,1.0,,,,,17,5,4,7,33,15,ordinary,22,full_coverage_and_all_discovered_cleared,264,6707.219412,40.0,constant,,0.044234208995476365
15,2,True,0,15,4,5,0,edge__adversarial-negative__68,edge__adversarial-negative,11,68,69,16,15,281,,bounded_transverse_width,,locked,49,0.049461000000000865,7,15,cached_distance_prefix_sum,0,0,,,69,0,62,True,0,0,69,6,0,0,8,4,3,263,count_locked_grid21_29,5,5,[],,22680.12039119492,0,,0.0,,False,0,510,411.8016053333333,"[2, 4, 5, 6, 8, 9, 11, 12, 13, 14, 15, 16, 17, 19, 20]",1,30.0,4,0,0,68,1.0,,,,,7,3,23,6,28,15,ordinary,21,full_coverage_and_all_discovered_cleared,248,6177.02408,40.0,constant,,0.049473625025711954
19,2,True,0,19,4,5,0,edge__adversarial-negative__68,edge__adversarial-negative,11,0,,16,15,321,,bounded_transverse_width,,arc,0,0.04447600000000307,,15,,0,0,,,,,,False,0,0,0,6,0,0,,3,3,303,service_free0_grid21_29,,,[],0,22935.52617006037,0,,0.0,,False,0,,430.8736822,"[2, 4, 5, 6, 8, 9, 11, 12, 13, 14, 15, 16, 17, 19, 20]",,30.0,4,,,68,0.5,free,53,0.0,0.0,19,6,1,6,32,15,ordinary,21,full_coverage_and_all_discovered_cleared,283,6463.105233,40.0,constant,,0.044543166004586965
26,3,True,0,26,1,5,0,edge__adversarial-negative__68,edge__adversarial-negative,14,9,,19,15,326,,bounded_transverse_width,,arc,0,0.05481799999999737,,15,,0,0,,,,,,False,0,0,9,4,0,0,,3,3,305,service_free1_grid21_29,,,[],582,22258.958870024868,0,,0.0,,False,0,,422.9861183333333,"[2, 4, 5, 6, 8, 9, 11, 12, 13, 14, 15, 16, 17, 19, 20]",,30.0,4,,,68,0.5,free,59,1.0,0.0,18,8,3,4,38,15,ordinary,21,full_coverage_and_all_discovered_cleared,281,6344.791775,40.0,constant,,0.05485920899081975
24,2,True,0,24,5,7,0,edge__adversarial-negative__68,edge__adversarial-negative,10,1,,17,15,313,,bounded_transverse_width,,arc,0,0.04925200000000274,,15,,0,0,,,,,,False,0,0,1,5,0,0,,3,3,294,service_free2_grid21_29,,,[],547,22286.05592081272,0,,0.0,,False,0,,418.54741240000004,"[2, 4, 5, 6, 8, 9, 11, 12, 13, 14, 15, 16, 17, 19, 20]",,30.0,4,,,68,0.5,free,58,2.0,0.0,14,8,1,5,37,15,ordinary,21,full_coverage_and_all_discovered_cleared,270,6278.211186,40.0,constant,,0.049263250024523586
16,2,True,0,16,3,4,0,edge__adversarial-negative__68,edge__adversarial-negative,12,61,,16,15,280,,bounded_transverse_width,,arc,0,0.05404399999999754,,15,,0,0,,,,,,False,0,0,61,7,0,0,,4,3,262,service_locked0_grid21_29,,,[],0,22899.755484624307,0,,0.0,,False,0,,413.8634064666667,"[2, 4, 5, 6, 8, 9, 11, 12, 13, 14, 15, 16, 17, 19, 20]",,30.0,4,,,68,0.5,locked,50,0.0,0.0,8,8,34,7,29,15,ordinary,21,full_coverage_and_all_discovered_cleared,240,6207.951097,40.0,constant,,0.05411695799557492
21,3,True,0,21,4,5,0,edge__adversarial-negative__68,edge__adversarial-negative,11,52,,16,15,284,,bounded_transverse_width,,arc,0,0.05715900000000573,,15,,0,0,,,,,,False,0,0,52,9,0,0,,4,3,266,service_locked1_grid21_29,,,[],937,23430.120081878897,0,,0.0,,False,0,,422.53493433333335,"[2, 4, 5, 6, 8, 9, 11, 12, 13, 14, 15, 16, 17, 19, 20]",,30.0,4,,,68,0.5,locked,54,1.0,0.0,11,15,23,9,33,15,ordinary,21,full_coverage_and_all_discovered_cleared,244,6338.024015,40.0,constant,,0.05718337500002235
30,2,True,0,30,6,6,0,edge__adversarial-negative__68,edge__adversarial-negative,9,0,,15,15,273,,bounded_transverse_width,,arc,0,0.05364999999999753,,15,,0,0,,,,,,False,0,0,0,6,0,0,,4,3,256,service_soft20_grid21_29,,,[],513,28221.465516437973,0,,0.0,,False,0,,481.9528734,"[2, 4, 5, 6, 8, 9, 11, 12, 13, 14, 15, 16, 17, 19, 20]",,30.0,4,,,68,0.5,free,64,1.0,20.0,13,6,0,6,43,15,ordinary,21,full_coverage_and_all_discovered_cleared,230,7229.293101,40.0,constant,,0.053684708022046834
22,1,True,0,22,0,3,0,edge__adversarial-negative__68,edge__adversarial-negative,15,0,,18,15,308,,bounded_transverse_width,,arc,0,0.0628019999999978,,15,,0,0,,,,,,False,0,0,0,5,0,0,,3,2,288,service_free1_convex22,,,[],454,23044.938000710114,0,,0.0,,False,0,,426.46584026666665,"[2, 4, 5, 6, 8, 9, 11, 12, 13, 14, 15, 16, 17, 19, 20]",,30.0,4,,,68,0.5,free,58,1.0,0.0,16,4,1,5,36,15,ordinary,22,full_coverage_and_all_discovered_cleared,264,6396.987604,40.0,constant,,0.06503033300396055
21,4,True,0,21,1,1,1,edge__adversarial-negative__68,edge__adversarial-negative,14,43,,15,15,283,,bounded_transverse_width,,arc,0,0.05869899999999717,,15,,0,0,,,,,,False,0,0,43,8,0,0,,5,4,266,service_locked1_convex22,,,[],1386,22028.22775398151,0,,0.0,,False,0,,403.3763698666667,"[2, 4, 5, 6, 8, 9, 11, 12, 13, 14, 15, 16, 17, 19, 20]",,30.0,4,,,68,0.5,locked,55,1.0,0.0,11,19,14,9,33,15,ordinary,22,full_coverage_and_all_discovered_cleared,240,6050.645548,40.0,constant,,0.058740333013702184
15,2,True,0,15,4,5,0,edge__adversarial-negative__69,edge__adversarial-negative,11,35,,16,15,287,,bounded_transverse_width,,base,0,0.04119199999999523,,15,,0,0,,,,,,False,0,0,35,4,49,0,,3,2,269,range_grid21_29,,,[],,22177.485145627033,0,,0.0,,False,0,,407.03313513333336,"[2, 3, 4, 5, 6, 7, 8, 9, 10, 11, 12, 13, 14, 16, 18]",,30.0,4,,,69,1.0,,,,,10,7,16,4,28,15,ordinary,21,full_coverage_and_all_discovered_cleared,247,6105.497027,40.0,constant,,0.04123162501491606
12,2,True,0,12,4,6,0,edge__adversarial-negative__69,edge__adversarial-negative,11,27,,17,15,283,,bounded_transverse_width,,base,0,0.03965000000000174,,15,,0,0,,,,,,False,0,0,27,3,47,0,,4,3,264,range_convex22,,,[],,23157.680623448807,0,,0.0,,False,0,,418.3690747333333,"[2, 3, 4, 5, 6, 7, 8, 9, 10, 11, 12, 13, 14, 16, 18]",,30.0,4,,,69,1.0,,,,,11,3,16,3,25,15,ordinary,22,full_coverage_and_all_discovered_cleared,243,6275.536121,40.0,constant,,0.03967087500495836
13,1,True,0,13,2,3,0,edge__adversarial-negative__69,edge__adversarial-negative,13,51,52,16,15,260,,bounded_transverse_width,,locked,48,0.055571999999997956,0,15,cached_distance_prefix_sum,0,0,,,52,0,52,True,0,0,52,7,0,0,8,3,2,242,count_locked_grid21_29,5,5,[],,22085.261125672052,0,,0.0,,False,0,541,395.0034819333333,"[2, 3, 4, 5, 6, 7, 8, 9, 10, 11, 12, 13, 14, 16, 18]",1,30.0,4,0,0,69,1.0,,,,,11,6,32,7,27,15,ordinary,21,full_coverage_and_all_discovered_cleared,220,5925.052229,40.0,constant,,0.05560141598107293
23,4,True,0,23,3,5,0,edge__adversarial-negative__69,edge__adversarial-negative,12,2,,17,15,300,,bounded_transverse_width,,arc,0,0.052906999999997595,,15,,0,0,,,,,,False,0,0,2,7,0,0,,3,3,281,service_free0_grid21_29,,,[],0,23422.467970259284,0,,0.0,,False,0,,428.5662395333333,"[2, 3, 4, 5, 6, 7, 8, 9, 10, 11, 12, 13, 14, 16, 18]",,30.0,4,,,69,0.5,free,55,0.0,0.0,10,5,16,7,34,15,ordinary,21,full_coverage_and_all_discovered_cleared,258,6428.493593,40.0,constant,,0.052987458009738475
21,4,True,0,21,3,5,0,edge__adversarial-negative__69,edge__adversarial-negative,12,15,,17,15,309,,bounded_transverse_width,,arc,0,0.05367499999999836,,15,,0,0,,,,,,False,0,0,15,7,0,0,,3,2,290,service_free1_grid21_29,,,[],525,22617.822456265993,0,,0.0,,False,0,,421.30429953333334,"[2, 3, 4, 5, 6, 7, 8, 9, 10, 11, 12, 13, 14, 16, 18]",,30.0,4,,,69,0.5,free,53,1.0,0.0,12,2,3,7,32,15,ordinary,21,full_coverage_and_all_discovered_cleared,265,6319.564493,40.0,constant,,0.05371654202463105
20,4,True,0,20,4,6,0,edge__adversarial-negative__69,edge__adversarial-negative,11,15,,17,15,306,,bounded_transverse_width,,arc,0,0.051692000000002736,,15,,0,0,,,,,,False,0,0,15,6,0,0,,3,2,287,service_free2_grid21_29,,,[],524,22721.847583424853,0,,0.0,,False,0,,421.62463453333334,"[2, 3, 4, 5, 6, 7, 8, 9, 10, 11, 12, 13, 14, 16, 18]",,30.0,4,,,69,0.5,free,52,2.0,0.0,11,2,1,6,31,15,ordinary,21,full_coverage_and_all_discovered_cleared,264,6324.369518,40.0,constant,,0.05173087498405948
14,1,True,0,14,5,6,0,edge__adversarial-negative__69,edge__adversarial-negative,10,48,,16,15,257,,bounded_transverse_width,,arc,0,0.05234000000000094,,15,,0,0,,,,,,False,0,0,48,9,0,0,,3,2,239,service_locked0_grid21_29,,,[],0,21839.0206863566,0,,0.0,,False,0,,390.45360926666666,"[2, 3, 4, 5, 6, 7, 8, 9, 10, 11, 12, 13, 14, 16, 18]",,30.0,4,,,69,0.5,locked,49,0.0,0.0,12,9,23,9,28,15,ordinary,21,full_coverage_and_all_discovered_cleared,216,5856.804139,40.0,constant,,0.052441250008996576
14,1,True,0,14,5,6,0,edge__adversarial-negative__69,edge__adversarial-negative,10,48,,16,15,257,,bounded_transverse_width,,arc,0,0.05328000000000088,,15,,0,0,,,,,,False,0,0,48,9,0,0,,3,2,239,service_locked1_grid21_29,,,[],995,21839.0206863566,0,,0.0,,False,0,,390.45360926666666,"[2, 3, 4, 5, 6, 7, 8, 9, 10, 11, 12, 13, 14, 16, 18]",,30.0,4,,,69,0.5,locked,49,1.0,0.0,12,9,23,9,28,15,ordinary,21,full_coverage_and_all_discovered_cleared,216,5856.804139,40.0,constant,,0.053312707983423024
27,5,True,0,27,5,6,0,edge__adversarial-negative__69,edge__adversarial-negative,10,14,,16,15,277,,bounded_transverse_width,,arc,0,0.06685300000000183,,15,,0,0,,,,,,False,0,0,14,7,0,0,,4,3,259,service_soft20_grid21_29,,,[],799,25944.384762736503,0,,0.0,,False,0,,453.05846346666664,"[2, 3, 4, 5, 6, 7, 8, 9, 10, 11, 12, 13, 14, 16, 18]",,30.0,4,,,69,0.5,free,58,1.0,20.0,15,2,0,9,37,15,ordinary,21,full_coverage_and_all_discovered_cleared,234,6795.876952,40.0,constant,,0.0668590419809334
17,1,True,0,17,9,9,0,edge__adversarial-negative__69,edge__adversarial-negative,6,27,,15,15,279,,bounded_transverse_width,,arc,0,0.05639200000000244,,15,,0,0,,,,,,False,0,0,27,4,0,0,,3,3,262,service_free1_convex22,,,[],958,23723.796897461572,0,,0.0,,False,0,,424.6506252,"[2, 3, 4, 5, 6, 7, 8, 9, 10, 11, 12, 13, 14, 16, 18]",,30.0,4,,,69,0.5,free,53,1.0,0.0,14,8,15,4,31,15,ordinary,22,full_coverage_and_all_discovered_cleared,240,6369.759378,40.0,constant,,0.05646983295446262
12,2,True,0,12,3,4,0,edge__adversarial-negative__69,edge__adversarial-negative,12,66,,16,15,255,,bounded_transverse_width,,arc,0,0.05322699999999969,,15,,0,0,,,,,,False,0,0,66,5,0,0,,3,2,237,service_locked1_convex22,,,[],1099,21608.205486743696,0,,0.0,,False,0,,386.64273979999996,"[2, 3, 4, 5, 6, 7, 8, 9, 10, 11, 12, 13, 14, 16, 18]",,30.0,4,,,69,0.5,locked,47,1.0,0.0,17,12,19,5,25,15,ordinary,22,full_coverage_and_all_discovered_cleared,215,5799.641097,40.0,constant,,0.05324824998388067
11,1,True,0,11,2,3,0,edge__adversarial-negative__70,edge__adversarial-negative,8,25,,11,10,314,,bounded_transverse_width,,base,0,0.033261000000003094,,10,,0,0,,,,,,False,0,0,25,3,41,0,,4,3,301,range_grid21_29,,,[],,21681.91659390824,0,,0.0,,False,0,,617.2383316,"[2, 3, 5, 10, 11, 13, 15, 16, 19, 20]",,30.0,4,,,70,1.0,,,,,8,6,14,3,20,10,ordinary,21,full_coverage_and_all_discovered_cleared,278,6172.383316,40.0,constant,,0.0332694590324536
10,1,True,0,10,2,3,0,edge__adversarial-negative__70,edge__adversarial-negative,8,0,,11,10,332,,bounded_transverse_width,,base,0,0.0276800000000037,,10,,0,0,,,,,,False,0,0,0,4,41,0,,3,3,319,range_convex22,,,[],,21848.35446241511,0,,0.0,,False,0,,631.5670893,"[2, 3, 5, 10, 11, 13, 15, 16, 19, 20]",,30.0,4,,,70,1.0,,,,,1,0,4,4,19,10,ordinary,22,full_coverage_and_all_discovered_cleared,298,6315.670893,40.0,constant,,0.02773999999044463
7,1,True,0,7,2,4,0,edge__adversarial-negative__70,edge__adversarial-negative,8,51,52,12,10,317,,bounded_transverse_width,,locked,37,0.03735400000000055,4,10,cached_distance_prefix_sum,0,0,,,52,0,48,True,0,0,52,3,0,0,8,2,2,303,count_locked_grid21_29,10,10,[],,18785.605378402222,0,,0.0,,False,0,588,561.5121077,"[2, 3, 5, 10, 11, 13, 15, 16, 19, 20]",1,30.0,4,0,0,70,1.0,,,,,1,2,1,3,16,10,ordinary,21,full_coverage_and_all_discovered_cleared,287,5615.121077,40.0,constant,,0.03738370898645371
15,2,True,0,15,1,1,0,edge__adversarial-negative__70,edge__adversarial-negative,9,37,,10,10,330,,bounded_transverse_width,,arc,0,0.046013999999999555,,10,,0,0,,,,,,False,0,0,37,6,0,0,,4,3,318,service_free0_grid21_29,,,[],0,21194.093765155816,0,,0.0,,False,0,,617.4818752,"[2, 3, 5, 10, 11, 13, 15, 16, 19, 20]",,30.0,4,,,70,0.5,free,44,0.0,0.0,12,7,2,6,23,10,ordinary,21,full_coverage_and_all_discovered_cleared,296,6174.818752,40.0,constant,,0.04602970799896866
15,2,True,0,15,2,2,0,edge__adversarial-negative__70,edge__adversarial-negative,8,50,,10,10,324,,bounded_transverse_width,,arc,0,0.05467300000000108,,10,,0,0,,,,,,False,0,0,50,6,0,0,,4,3,312,service_free1_grid21_29,,,[],715,23168.141941632748,0,,0.0,,False,0,,653.3628387,"[2, 3, 5, 10, 11, 13, 15, 16, 19, 20]",,30.0,4,,,70,0.5,free,44,1.0,0.0,12,7,2,6,23,10,ordinary,21,full_coverage_and_all_discovered_cleared,290,6533.628387,40.0,constant,,0.05475579097401351
13,1,True,0,13,3,3,0,edge__adversarial-negative__70,edge__adversarial-negative,7,46,,10,10,312,,bounded_transverse_width,,arc,0,0.057014999999999816,,10,,0,0,,,,,,False,0,0,46,1,0,0,,4,3,300,service_free2_grid21_29,,,[],789,21056.491271087845,0,,0.0,,False,0,,603.9298253,"[2, 3, 5, 10, 11, 13, 15, 16, 19, 20]",,30.0,4,,,70,0.5,free,43,2.0,0.0,13,3,0,1,22,10,ordinary,21,full_coverage_and_all_discovered_cleared,278,6039.298253,40.0,constant,,0.05704049998894334
13,3,True,0,13,2,4,0,edge__adversarial-negative__70,edge__adversarial-negative,8,53,,12,10,324,,bounded_transverse_width,,arc,0,0.04364200000000551,,10,,0,0,,,,,,False,0,0,53,7,0,0,,4,3,310,service_locked0_grid21_29,,,[],0,19449.17081280194,0,,0.0,,False,0,,578.4834161,"[2, 3, 5, 10, 11, 13, 15, 16, 19, 20]",,30.0,4,,,70,0.5,locked,41,0.0,0.0,5,5,3,7,20,10,ordinary,21,full_coverage_and_all_discovered_cleared,289,5784.834161,40.0,constant,,0.04367300000740215
13,3,True,0,13,2,4,0,edge__adversarial-negative__70,edge__adversarial-negative,8,53,,12,10,324,,bounded_transverse_width,,arc,0,0.04460900000000123,,10,,0,0,,,,,,False,0,0,53,7,0,0,,4,3,310,service_locked1_grid21_29,,,[],677,19449.17081280194,0,,0.0,,False,0,,578.4834161,"[2, 3, 5, 10, 11, 13, 15, 16, 19, 20]",,30.0,4,,,70,0.5,locked,41,1.0,0.0,5,5,3,7,20,10,ordinary,21,full_coverage_and_all_discovered_cleared,289,5784.834161,40.0,constant,,0.044788583007175475
21,3,True,0,21,4,5,0,edge__adversarial-negative__70,edge__adversarial-negative,6,0,,11,10,310,,bounded_transverse_width,,arc,0,0.04860500000000201,,10,,0,0,,,,,,False,0,0,0,4,0,0,,5,4,297,service_soft20_grid21_29,,,[],331,24603.257758233707,0,,0.0,,False,0,,672.9651551,"[2, 3, 5, 10, 11, 13, 15, 16, 19, 20]",,30.0,4,,,70,0.5,free,49,1.0,20.0,11,2,0,4,28,10,ordinary,21,full_coverage_and_all_discovered_cleared,271,6729.651551,40.0,constant,,0.04865670797880739
20,4,True,0,20,1,5,1,edge__adversarial-negative__70,edge__adversarial-negative,9,0,,14,10,346,,bounded_transverse_width,,arc,0,0.0415880000000044,,10,,0,0,,,,,,False,0,0,0,4,0,0,,4,3,330,service_free1_convex22,,,[],307,19798.655505703966,0,,0.0,,False,0,,597.9731101,"[2, 3, 5, 10, 11, 13, 15, 16, 19, 20]",,30.0,4,,,70,0.5,free,49,1.0,0.0,10,2,0,4,27,10,ordinary,22,full_coverage_and_all_discovered_cleared,308,5979.731101,40.0,constant,,0.041607083985581994
14,2,True,0,14,1,4,0,edge__adversarial-negative__70,edge__adversarial-negative,9,52,,13,10,350,,bounded_transverse_width,,arc,0,0.04272299999999518,,10,,0,0,,,,,,False,0,0,52,4,0,0,,4,3,335,service_locked1_convex22,,,[],699,19380.63691382596,0,,0.0,,False,0,,592.2127382,"[2, 3, 5, 10, 11, 13, 15, 16, 19, 20]",,30.0,4,,,70,0.5,locked,44,1.0,0.0,4,16,1,4,22,10,ordinary,22,full_coverage_and_all_discovered_cleared,312,5922.127382,40.0,constant,,0.0427497080527246
13,1,True,0,13,5,6,0,edge__adversarial-negative__71,edge__adversarial-negative,7,2,,13,12,334,,bounded_transverse_width,,base,0,0.034418999999999755,,12,,0,0,,,,,,False,0,0,2,2,45,0,,2,2,319,range_grid21_29,,,[],,21652.76214511085,0,,0.0,,False,0,,523.7960358333333,"[1, 2, 4, 5, 7, 9, 10, 13, 17, 18, 19, 20]",,30.0,4,,,71,1.0,,,,,11,0,0,2,24,12,ordinary,21,full_coverage_and_all_discovered_cleared,297,6285.55243,40.0,constant,,0.03448283299803734
14,1,True,0,14,0,0,0,edge__adversarial-negative__71,edge__adversarial-negative,12,17,,12,12,337,,bounded_transverse_width,,base,0,0.03446500000000441,,12,,0,0,,,,,,False,0,0,17,0,47,0,,3,3,323,range_convex22,,,[],,21787.248185217326,0,,0.0,,False,0,,527.5374696666667,"[1, 2, 4, 5, 7, 9, 10, 13, 17, 18, 19, 20]",,30.0,4,,,71,1.0,,,,,12,1,1,0,25,12,ordinary,22,full_coverage_and_all_discovered_cleared,298,6330.449636,40.0,constant,,0.03448775003198534
13,0,True,0,13,3,4,0,edge__adversarial-negative__71,edge__adversarial-negative,9,45,45,13,12,314,,bounded_transverse_width,,locked,46,0.043453999999996995,0,12,cached_distance_prefix_sum,0,0,,,45,0,45,True,0,0,45,5,0,0,8,3,3,299,count_locked_grid21_29,8,8,[],,20224.284258255702,0,,0.0,,False,0,520,489.73807091666663,"[1, 2, 4, 5, 7, 9, 10, 13, 17, 18, 19, 20]",0,30.0,4,0,0,71,1.0,,,,,6,4,10,5,25,12,ordinary,21,full_coverage_and_all_discovered_cleared,274,5876.856851,40.0,constant,,0.043479791027493775
11,0,True,0,11,4,5,0,edge__adversarial-negative__71,edge__adversarial-negative,8,11,,13,12,326,,bounded_transverse_width,,arc,0,0.04003900000000016,,12,,0,0,,,,,,False,0,0,11,4,0,0,,2,2,311,service_free0_grid21_29,,,[],0,22321.665909915493,0,,0.0,,False,0,,531.1110983333333,"[1, 2, 4, 5, 7, 9, 10, 13, 17, 18, 19, 20]",,30.0,4,,,71,0.5,free,44,0.0,0.0,9,1,7,4,23,12,ordinary,21,full_coverage_and_all_discovered_cleared,291,6373.33318,40.0,constant,,0.04016279202187434
13,0,True,0,13,4,4,0,edge__adversarial-negative__71,edge__adversarial-negative,8,24,,12,12,305,,bounded_transverse_width,,arc,0,0.051272000000004425,,12,,0,0,,,,,,False,0,0,24,4,0,0,,2,2,291,service_free1_grid21_29,,,[],573,20900.65895774387,0,,0.0,,False,0,,496.844316,"[1, 2, 4, 5, 7, 9, 10, 13, 17, 18, 19, 20]",,30.0,4,,,71,0.5,free,46,1.0,0.0,10,0,1,5,25,12,ordinary,21,full_coverage_and_all_discovered_cleared,267,5962.131792,40.0,constant,,0.05129837495042011
17,1,True,0,17,2,2,0,edge__adversarial-negative__71,edge__adversarial-negative,10,17,,12,12,298,,bounded_transverse_width,,arc,0,0.05144599999999855,,12,,0,0,,,,,,False,0,0,17,5,0,0,,3,2,284,service_free2_grid21_29,,,[],582,21774.94223109652,0,,0.0,,False,0,,507.8323705,"[1, 2, 4, 5, 7, 9, 10, 13, 17, 18, 19, 20]",,30.0,4,,,71,0.5,free,49,2.0,0.0,10,2,1,6,28,12,ordinary,21,full_coverage_and_all_discovered_cleared,259,6093.988446,40.0,constant,,0.05146374995820224
14,0,True,0,14,2,3,0,edge__adversarial-negative__71,edge__adversarial-negative,10,41,,13,12,310,,bounded_transverse_width,,arc,0,0.04650200000000382,,12,,0,0,,,,,,False,0,0,41,6,0,0,,3,3,295,service_locked0_grid21_29,,,[],0,20414.016693871967,0,,0.0,,False,0,,490.9836114166667,"[1, 2, 4, 5, 7, 9, 10, 13, 17, 18, 19, 20]",,30.0,4,,,71,0.5,locked,47,0.0,0.0,6,3,19,6,26,12,ordinary,21,full_coverage_and_all_discovered_cleared,271,5891.803337,40.0,constant,,0.04658766702050343
15,0,True,0,15,2,3,0,edge__adversarial-negative__71,edge__adversarial-negative,10,41,,13,12,311,,bounded_transverse_width,,arc,0,0.048132000000002506,,12,,0,0,,,,,,False,0,0,41,7,0,0,,3,3,296,service_locked1_grid21_29,,,[],666,20611.019327312715,0,,0.0,,False,0,,494.850322,"[1, 2, 4, 5, 7, 9, 10, 13, 17, 18, 19, 20]",,30.0,4,,,71,0.5,locked,48,1.0,0.0,6,6,19,7,27,12,ordinary,21,full_coverage_and_all_discovered_cleared,273,5938.203864,40.0,constant,,0.04813995800213888
26,1,True,0,26,1,3,0,edge__adversarial-negative__71,edge__adversarial-negative,11,7,,14,12,314,,bounded_transverse_width,,arc,0,0.049652000000001806,,12,,0,0,,,,,,False,0,0,7,2,0,0,,4,4,298,service_soft20_grid21_29,,,[],361,25337.21698262006,0,,0.0,,False,0,,574.5369496666666,"[1, 2, 4, 5, 7, 9, 10, 13, 17, 18, 19, 20]",,30.0,4,,,71,0.5,free,58,1.0,20.0,10,1,0,2,37,12,ordinary,21,full_coverage_and_all_discovered_cleared,271,6894.443396,40.0,constant,,0.04968429100699723
17,1,True,0,17,1,1,0,edge__adversarial-negative__71,edge__adversarial-negative,11,11,,12,12,324,,bounded_transverse_width,,arc,0,0.047091999999999246,,12,,0,0,,,,,,False,0,0,11,1,0,0,,3,3,310,service_free1_convex22,,,[],370,21701.1904171821,0,,0.0,,False,0,,519.6865069166666,"[1, 2, 4, 5, 7, 9, 10, 13, 17, 18, 19, 20]",,30.0,4,,,71,0.5,free,50,1.0,0.0,6,0,0,1,28,12,ordinary,22,full_coverage_and_all_discovered_cleared,286,6236.238083,40.0,constant,,0.04712420899886638
16,3,True,0,16,1,2,1,edge__adversarial-negative__71,edge__adversarial-negative,11,48,,13,12,317,,bounded_transverse_width,,arc,0,0.04903099999999938,,12,,0,0,,,,,,False,0,0,48,6,0,0,,3,2,302,service_locked1_convex22,,,[],764,20785.28903349174,0,,0.0,,False,0,,500.83815066666665,"[1, 2, 4, 5, 7, 9, 10, 13, 17, 18, 19, 20]",,30.0,4,,,71,0.5,locked,48,1.0,0.0,8,10,15,6,26,12,ordinary,22,full_coverage_and_all_discovered_cleared,280,6010.057808,40.0,constant,,0.04905375000089407
11,3,True,0,11,1,1,1,edge__adversarial-spatial__67,edge__adversarial-spatial,9,28,,10,10,303,,bounded_transverse_width,,base,0,0.031551999999997804,,10,,0,0,,,,,,False,0,0,28,4,40,0,,5,3,291,range_grid21_29,,,[],,20600.467434457387,0,,0.0,,False,0,,589.5093487,"[4, 5, 7, 8, 9, 10, 14, 15, 18, 19]",,30.0,4,,,67,1.0,,,,,6,2,17,4,19,10,ordinary,21,full_coverage_and_all_discovered_cleared,270,5895.093487,40.0,constant,,0.031570708961226046
12,5,True,0,12,1,4,1,edge__adversarial-spatial__67,edge__adversarial-spatial,9,25,,13,10,329,,bounded_transverse_width,,base,0,0.03348800000000551,,10,,0,0,,,,,,False,0,0,25,1,40,0,,5,3,314,range_convex22,,,[],,21866.926045986544,0,,0.0,,False,0,,629.338521,"[4, 5, 7, 8, 9, 10, 14, 15, 18, 19]",,30.0,4,,,67,1.0,,,,,6,5,7,1,18,10,ordinary,22,full_coverage_and_all_discovered_cleared,291,6293.38521,40.0,constant,,0.033507415966596454
6,2,True,0,6,1,2,0,edge__adversarial-spatial__67,edge__adversarial-spatial,9,45,47,11,10,302,,bounded_transverse_width,,locked,35,0.03333400000000353,3,10,cached_distance_prefix_sum,0,0,,,47,0,44,True,0,0,47,2,0,0,8,2,1,289,count_locked_grid21_29,10,10,[],,19241.743343092036,0,,0.0,,False,0,458,561.6348669,"[4, 5, 7, 8, 9, 10, 14, 15, 18, 19]",2,30.0,4,0,0,67,1.0,,,,,5,4,9,2,14,10,ordinary,21,full_coverage_and_all_discovered_cleared,270,5616.348669,40.0,constant,,0.033428708964493126
18,5,True,0,18,0,1,1,edge__adversarial-spatial__67,edge__adversarial-spatial,10,8,,11,10,306,,bounded_transverse_width,,arc,0,0.036709999999999354,,10,,0,0,,,,,,False,0,0,8,3,0,0,,5,3,293,service_free0_grid21_29,,,[],0,21903.593307730953,0,,0.0,,False,0,,616.5718663,"[4, 5, 7, 8, 9, 10, 14, 15, 18, 19]",,30.0,4,,,67,0.5,free,45,0.0,0.0,6,2,16,3,24,10,ordinary,21,full_coverage_and_all_discovered_cleared,267,6165.718663,40.0,constant,,0.036733874992933124
18,5,True,0,18,0,1,1,edge__adversarial-spatial__67,edge__adversarial-spatial,10,8,,11,10,306,,bounded_transverse_width,,arc,0,0.043376999999999555,,10,,0,0,,,,,,False,0,0,8,3,0,0,,5,3,293,service_free1_grid21_29,,,[],400,21903.593307730953,0,,0.0,,False,0,,616.5718663,"[4, 5, 7, 8, 9, 10, 14, 15, 18, 19]",,30.0,4,,,67,0.5,free,45,1.0,0.0,6,2,16,3,24,10,ordinary,21,full_coverage_and_all_discovered_cleared,267,6165.718663,40.0,constant,,0.04339049995178357
21,6,True,0,21,0,1,1,edge__adversarial-spatial__67,edge__adversarial-spatial,10,5,,11,10,311,,bounded_transverse_width,,arc,0,0.044415999999998235,,10,,0,0,,,,,,False,0,0,5,3,0,0,,5,3,298,service_free2_grid21_29,,,[],394,22319.453844616895,0,,0.0,,False,0,,627.6890768999999,"[4, 5, 7, 8, 9, 10, 14, 15, 18, 19]",,30.0,4,,,67,0.5,free,47,2.0,0.0,6,2,8,3,26,10,ordinary,21,full_coverage_and_all_discovered_cleared,270,6276.890769,40.0,constant,,0.044435332994908094
9,2,True,0,9,1,2,0,edge__adversarial-spatial__67,edge__adversarial-spatial,9,46,,11,10,307,,bounded_transverse_width,,arc,0,0.03726299999999583,,10,,0,0,,,,,,False,0,0,46,5,0,0,,3,2,294,service_locked0_grid21_29,,,[],0,19737.81871284716,0,,0.0,,False,0,,574.4563741,"[4, 5, 7, 8, 9, 10, 14, 15, 18, 19]",,30.0,4,,,67,0.5,locked,38,0.0,0.0,7,9,9,5,17,10,ordinary,21,full_coverage_and_all_discovered_cleared,274,5744.563741,40.0,constant,,0.03728179098106921
10,2,True,0,10,1,2,0,edge__adversarial-spatial__67,edge__adversarial-spatial,9,46,,11,10,308,,bounded_transverse_width,,arc,0,0.038485000000001435,,10,,0,0,,,,,,False,0,0,46,6,0,0,,3,2,295,service_locked1_grid21_29,,,[],865,19944.84075734794,0,,0.0,,False,0,,579.1968149,"[4, 5, 7, 8, 9, 10, 14, 15, 18, 19]",,30.0,4,,,67,0.5,locked,39,1.0,0.0,7,15,9,6,18,10,ordinary,21,full_coverage_and_all_discovered_cleared,275,5791.968149,40.0,constant,,0.03851095796562731
27,4,True,0,27,0,2,0,edge__adversarial-spatial__67,edge__adversarial-spatial,10,11,,12,10,303,,bounded_transverse_width,,arc,0,0.04751699999999914,,10,,0,0,,,,,,False,0,0,11,4,0,0,,4,4,289,service_soft20_grid21_29,,,[],616,25032.541605877417,0,,0.0,,False,0,,676.7508322,"[4, 5, 7, 8, 9, 10, 14, 15, 18, 19]",,30.0,4,,,67,0.5,free,54,1.0,20.0,9,6,1,4,33,10,ordinary,21,full_coverage_and_all_discovered_cleared,260,6767.508322,40.0,constant,,0.04754091700306162
11,3,True,0,11,0,1,1,edge__adversarial-spatial__67,edge__adversarial-spatial,10,24,,11,10,326,,bounded_transverse_width,,arc,0,0.05079800000000034,,10,,0,0,,,,,,False,0,0,24,3,0,0,,5,3,313,service_free1_convex22,,,[],623,22383.206276841833,0,,0.0,,False,0,,638.6641258,"[4, 5, 7, 8, 9, 10, 14, 15, 18, 19]",,30.0,4,,,67,0.5,free,41,1.0,0.0,6,4,6,3,19,10,ordinary,22,full_coverage_and_all_discovered_cleared,292,6386.641258,40.0,constant,,0.05087966698920354
16,3,True,0,16,0,3,1,edge__adversarial-spatial__67,edge__adversarial-spatial,10,23,,13,10,332,,bounded_transverse_width,,arc,0,0.040180999999996914,,10,,0,0,,,,,,False,0,0,23,6,0,0,,5,3,317,service_locked1_convex22,,,[],581,20459.684554179585,0,,0.0,,False,0,,603.0936911,"[4, 5, 7, 8, 9, 10, 14, 15, 18, 19]",,30.0,4,,,67,0.5,locked,46,1.0,0.0,9,11,51,7,24,10,ordinary,22,full_coverage_and_all_discovered_cleared,295,6030.936911,40.0,constant,,0.040233208041172475
17,2,True,0,17,1,4,0,edge__adversarial-spatial__68,edge__adversarial-spatial,14,0,,18,15,317,,bounded_transverse_width,,base,0,0.036166000000001475,,15,,0,0,,,,,,False,0,0,0,3,51,0,,3,3,297,range_grid21_29,,,[],,23468.276783634123,0,,0.0,,False,0,,435.5770234666667,"[2, 4, 5, 6, 8, 9, 11, 12, 13, 14, 15, 16, 17, 19, 20]",,30.0,4,,,68,1.0,,,,,17,2,3,4,30,15,ordinary,21,full_coverage_and_all_discovered_cleared,271,6533.655352,40.0,constant,,0.03617425000993535
19,6,True,0,19,1,2,2,edge__adversarial-spatial__68,edge__adversarial-spatial,14,12,,16,15,300,,bounded_transverse_width,,base,0,0.038336000000001036,,15,,0,0,,,,,,False,0,0,12,5,52,0,,5,3,282,range_convex22,,,[],,22586.45546490433,0,,0.0,,False,0,,417.6194064,"[2, 4, 5, 6, 8, 9, 11, 12, 13, 14, 15, 16, 17, 19, 20]",,30.0,4,,,68,1.0,,,,,12,6,14,5,30,15,ordinary,22,full_coverage_and_all_discovered_cleared,259,6264.291096,40.0,constant,,0.03839295799843967
17,1,True,0,17,1,5,0,edge__adversarial-spatial__68,edge__adversarial-spatial,14,53,54,19,15,277,,bounded_transverse_width,,locked,52,0.046517000000001474,4,15,cached_distance_prefix_sum,0,0,,,54,0,50,True,0,0,54,5,0,0,8,3,3,256,count_locked_grid21_29,5,5,[],,23247.339751419444,0,,0.0,,False,0,407,417.16453,"[2, 4, 5, 6, 8, 9, 11, 12, 13, 14, 15, 16, 17, 19, 20]",1,30.0,4,0,0,68,1.0,,,,,6,0,44,5,31,15,ordinary,21,full_coverage_and_all_discovered_cleared,241,6257.46795,40.0,constant,,0.0465353750041686
24,3,True,0,24,0,1,0,edge__adversarial-spatial__68,edge__adversarial-spatial,15,1,,16,15,316,,bounded_transverse_width,,arc,0,0.042805000000001314,,15,,0,0,,,,,,False,0,0,1,4,0,0,,3,3,298,service_free0_grid21_29,,,[],0,23271.89142215602,0,,0.0,,False,0,,432.82521879999996,"[2, 4, 5, 6, 8, 9, 11, 12, 13, 14, 15, 16, 17, 19, 20]",,30.0,4,,,68,0.5,free,57,0.0,0.0,18,5,2,4,36,15,ordinary,21,full_coverage_and_all_discovered_cleared,270,6492.378282,40.0,constant,,0.04283508297521621
19,2,True,0,19,1,3,0,edge__adversarial-spatial__68,edge__adversarial-spatial,14,0,,17,15,318,,bounded_transverse_width,,arc,0,0.04714100000000343,,15,,0,0,,,,,,False,0,0,0,5,0,0,,3,3,299,service_free1_grid21_29,,,[],477,24125.973543529108,0,,0.0,,False,0,,444.879647,"[2, 4, 5, 6, 8, 9, 11, 12, 13, 14, 15, 16, 17, 19, 20]",,30.0,4,,,68,0.5,free,53,1.0,0.0,18,2,4,6,32,15,ordinary,21,full_coverage_and_all_discovered_cleared,272,6673.194705,40.0,constant,,0.04716979101067409
26,2,True,0,26,0,6,0,edge__adversarial-spatial__68,edge__adversarial-spatial,15,0,,21,15,320,,bounded_transverse_width,,arc,0,0.04790400000000261,,15,,0,0,,,,,,False,0,0,0,5,0,0,,3,3,297,service_free2_grid21_29,,,[],528,23148.564339094126,0,,0.0,,False,0,,431.84752433333335,"[2, 4, 5, 6, 8, 9, 11, 12, 13, 14, 15, 16, 17, 19, 20]",,30.0,4,,,68,0.5,free,60,2.0,0.0,15,6,3,5,39,15,ordinary,21,full_coverage_and_all_discovered_cleared,270,6477.712865,40.0,constant,,0.04796191700734198
17,0,True,0,17,1,4,0,edge__adversarial-spatial__68,edge__adversarial-spatial,14,46,,18,15,272,,bounded_transverse_width,,arc,0,0.049169999999996605,,15,,0,0,,,,,,False,0,0,46,6,0,0,,3,3,252,service_locked0_grid21_29,,,[],0,23395.049282560387,0,,0.0,,False,0,,417.0673236666667,"[2, 4, 5, 6, 8, 9, 11, 12, 13, 14, 15, 16, 17, 19, 20]",,30.0,4,,,68,0.5,locked,53,0.0,0.0,6,3,44,6,32,15,ordinary,21,full_coverage_and_all_discovered_cleared,233,6256.009855,40.0,constant,,0.04920325003331527
19,1,True,0,19,1,3,0,edge__adversarial-spatial__68,edge__adversarial-spatial,14,38,,17,15,272,,bounded_transverse_width,,arc,0,0.04943000000000097,,15,,0,0,,,,,,False,0,0,38,7,0,0,,3,3,253,service_locked1_grid21_29,,,[],659,23481.781566363476,0,,0.0,,False,0,,418.4237541333333,"[2, 4, 5, 6, 8, 9, 11, 12, 13, 14, 15, 16, 17, 19, 20]",,30.0,4,,,68,0.5,locked,54,1.0,0.0,8,5,43,7,33,15,ordinary,21,full_coverage_and_all_discovered_cleared,234,6276.356312,40.0,constant,,0.04947470797924325
23,1,True,0,23,2,6,0,edge__adversarial-spatial__68,edge__adversarial-spatial,13,0,,19,15,268,,bounded_transverse_width,,arc,0,0.04642000000000479,,15,,0,0,,,,,,False,0,0,0,4,0,0,,3,3,247,service_soft20_grid21_29,,,[],351,27154.653851554223,0,,0.0,,False,0,,464.99538479999995,"[2, 4, 5, 6, 8, 9, 11, 12, 13, 14, 15, 16, 17, 19, 20]",,30.0,4,,,68,0.5,free,58,1.0,20.0,12,2,9,4,37,15,ordinary,21,full_coverage_and_all_discovered_cleared,222,6974.930772,40.0,constant,,0.046510874992236495
23,6,True,0,23,0,2,2,edge__adversarial-spatial__68,edge__adversarial-spatial,15,2,,17,15,305,,bounded_transverse_width,,arc,0,0.04972800000000177,,15,,0,0,,,,,,False,0,0,2,6,0,0,,5,3,286,service_free1_convex22,,,[],438,24050.320804963572,0,,0.0,,False,0,,438.8709439333333,"[2, 4, 5, 6, 8, 9, 11, 12, 13, 14, 15, 16, 17, 19, 20]",,30.0,4,,,68,0.5,free,56,1.0,0.0,15,1,7,6,34,15,ordinary,22,full_coverage_and_all_discovered_cleared,262,6583.064159,40.0,constant,,0.049794499995186925
22,7,True,0,22,1,1,3,edge__adversarial-spatial__68,edge__adversarial-spatial,14,21,,15,15,272,,bounded_transverse_width,,arc,0,0.05074000000000467,,15,,0,0,,,,,,False,0,0,21,8,0,0,,5,3,255,service_locked1_convex22,,,[],937,22517.256380606195,0,,0.0,,False,0,,405.6967514666667,"[2, 4, 5, 6, 8, 9, 11, 12, 13, 14, 15, 16, 17, 19, 20]",,30.0,4,,,68,0.5,locked,55,1.0,0.0,9,12,45,10,33,15,ordinary,22,full_coverage_and_all_discovered_cleared,232,6085.451272,40.0,constant,,0.05076675000600517
18,4,True,0,18,0,1,0,edge__adversarial-spatial__69,edge__adversarial-spatial,15,0,,16,15,298,,bounded_transverse_width,,base,0,0.037030999999998926,,15,,0,0,,,,,,False,0,0,0,6,50,0,,3,2,280,range_grid21_29,,,[],,22376.647959728147,0,,0.0,,False,0,,414.08863933333333,"[2, 3, 4, 5, 6, 7, 8, 9, 10, 11, 12, 13, 14, 16, 18]",,30.0,4,,,69,1.0,,,,,9,0,24,6,29,15,ordinary,21,full_coverage_and_all_discovered_cleared,258,6211.32959,40.0,constant,,0.03727733297273517
12,1,True,0,12,0,3,0,edge__adversarial-spatial__69,edge__adversarial-spatial,15,24,,18,15,290,,bounded_transverse_width,,base,0,0.03821100000000399,,15,,0,0,,,,,,False,0,0,24,3,48,0,,4,3,270,range_convex22,,,[],,22970.070558720483,0,,0.0,,False,0,,418.5342737333333,"[2, 3, 4, 5, 6, 7, 8, 9, 10, 11, 12, 13, 14, 16, 18]",,30.0,4,,,69,1.0,,,,,13,6,14,3,26,15,ordinary,22,full_coverage_and_all_discovered_cleared,250,6278.014106,40.0,constant,,0.038247541000600904
15,1,True,0,15,0,2,0,edge__adversarial-spatial__69,edge__adversarial-spatial,15,36,37,17,15,258,,bounded_transverse_width,,locked,50,0.05433900000000591,0,15,cached_distance_prefix_sum,0,0,,,37,0,37,True,0,0,37,7,0,0,8,3,2,239,count_locked_grid21_29,5,5,[],,22468.714803208404,0,,0.0,,False,0,502,399.18286406666664,"[2, 3, 4, 5, 6, 7, 8, 9, 10, 11, 12, 13, 14, 16, 18]",1,30.0,4,0,0,69,1.0,,,,,9,6,50,8,29,15,ordinary,21,full_coverage_and_all_discovered_cleared,218,5987.742961,40.0,constant,,0.05436566600110382
21,3,True,0,21,0,1,0,edge__adversarial-spatial__69,edge__adversarial-spatial,15,4,,16,15,304,,bounded_transverse_width,,arc,0,0.046383000000005836,,15,,0,0,,,,,,False,0,0,4,9,0,0,,3,2,286,service_free0_grid21_29,,,[],0,23673.672923747905,0,,0.0,,False,0,,433.58230553333334,"[2, 3, 4, 5, 6, 7, 8, 9, 10, 11, 12, 13, 14, 16, 18]",,30.0,4,,,69,0.5,free,54,0.0,0.0,10,2,7,9,33,15,ordinary,21,full_coverage_and_all_discovered_cleared,261,6503.734583,40.0,constant,,0.04648616601480171
26,3,True,0,26,0,2,0,edge__adversarial-spatial__69,edge__adversarial-spatial,15,4,,17,15,308,,bounded_transverse_width,,arc,0,0.05440099999999859,,15,,0,0,,,,,,False,0,0,4,8,0,0,,3,3,289,service_free1_grid21_29,,,[],447,23960.211362580303,0,,0.0,,False,0,,438.86948473333337,"[2, 3, 4, 5, 6, 7, 8, 9, 10, 11, 12, 13, 14, 16, 18]",,30.0,4,,,69,0.5,free,59,1.0,0.0,11,2,8,9,38,15,ordinary,21,full_coverage_and_all_discovered_cleared,265,6583.042271,40.0,constant,,0.054429167008493096
28,5,True,0,28,1,3,0,edge__adversarial-spatial__69,edge__adversarial-spatial,14,5,,17,15,311,,bounded_transverse_width,,arc,0,0.056048000000004095,,15,,0,0,,,,,,False,0,0,5,8,0,0,,4,3,292,service_free2_grid21_29,,,[],481,24677.27448099556,0,,0.0,,False,0,,449.4303264,"[2, 3, 4, 5, 6, 7, 8, 9, 10, 11, 12, 13, 14, 16, 18]",,30.0,4,,,69,0.5,free,59,2.0,0.0,15,4,6,10,38,15,ordinary,21,full_coverage_and_all_discovered_cleared,265,6741.454896,40.0,constant,,0.05607158300699666
17,1,True,0,17,0,4,0,edge__adversarial-spatial__69,edge__adversarial-spatial,15,28,,19,15,256,,bounded_transverse_width,,arc,0,0.051372999999998115,,15,,0,0,,,,,,False,0,0,28,8,0,0,,3,2,235,service_locked0_grid21_29,,,[],0,22482.4859064108,0,,0.0,,False,0,,398.09981213333333,"[2, 3, 4, 5, 6, 7, 8, 9, 10, 11, 12, 13, 14, 16, 18]",,30.0,4,,,69,0.5,locked,52,0.0,0.0,13,8,51,8,31,15,ordinary,21,full_coverage_and_all_discovered_cleared,213,5971.497182,40.0,constant,,0.05144974996801466
18,1,True,0,18,0,3,0,edge__adversarial-spatial__69,edge__adversarial-spatial,15,24,,18,15,251,,bounded_transverse_width,,arc,0,0.05281200000000297,,15,,0,0,,,,,,False,0,0,24,8,0,0,,3,2,231,service_locked1_grid21_29,,,[],733,22927.244360083514,0,,0.0,,False,0,,402.29659153333336,"[2, 3, 4, 5, 6, 7, 8, 9, 10, 11, 12, 13, 14, 16, 18]",,30.0,4,,,69,0.5,locked,53,1.0,0.0,14,7,61,9,32,15,ordinary,21,full_coverage_and_all_discovered_cleared,210,6034.448873,40.0,constant,,0.0528329589869827
27,3,True,0,27,1,3,0,edge__adversarial-spatial__69,edge__adversarial-spatial,14,14,,17,15,268,,bounded_transverse_width,,arc,0,0.06378500000000287,,15,,0,0,,,,,,False,0,0,14,8,0,0,,3,3,249,service_soft20_grid21_29,,,[],692,24805.052279950854,0,,0.0,,False,0,,434.06736393333335,"[2, 3, 4, 5, 6, 7, 8, 9, 10, 11, 12, 13, 14, 16, 18]",,30.0,4,,,69,0.5,free,60,1.0,20.0,14,4,3,8,39,15,ordinary,21,full_coverage_and_all_discovered_cleared,224,6511.010459,40.0,constant,,0.06386824999935925
19,1,True,0,19,0,2,0,edge__adversarial-spatial__69,edge__adversarial-spatial,15,0,,17,15,311,,bounded_transverse_width,,arc,0,0.04905700000000479,,15,,0,0,,,,,,False,0,0,0,7,0,0,,3,3,292,service_free1_convex22,,,[],444,24740.54099759641,0,,0.0,,False,0,,450.67387993333335,"[2, 3, 4, 5, 6, 7, 8, 9, 10, 11, 12, 13, 14, 16, 18]",,30.0,4,,,69,0.5,free,55,1.0,0.0,13,0,14,7,33,15,ordinary,22,full_coverage_and_all_discovered_cleared,271,6760.108199,40.0,constant,,0.0490816249512136
7,0,True,0,7,2,2,0,edge__adversarial-spatial__69,edge__adversarial-spatial,13,51,,15,15,249,,bounded_transverse_width,,arc,0,0.051123000000004026,,15,,0,0,,,,,,False,0,0,51,6,0,0,,1,1,232,service_locked1_convex22,,,[],1006,21466.812171076694,0,,0.0,,False,0,,382.6241622,"[2, 3, 4, 5, 6, 7, 8, 9, 10, 11, 12, 13, 14, 16, 18]",,30.0,4,,,69,0.5,locked,44,1.0,0.0,14,13,41,6,22,15,ordinary,22,full_coverage_and_all_discovered_cleared,211,5739.362433,40.0,constant,,0.051138499984517694
9,0,True,0,9,1,3,0,edge__adversarial-spatial__70,edge__adversarial-spatial,9,17,,12,10,302,,bounded_transverse_width,,base,0,0.028229999999993538,,10,,0,0,,,,,,False,0,0,17,2,40,0,,3,3,288,range_grid21_29,,,[],,21284.768612491065,0,,0.0,,False,0,,602.1953719,"[2, 3, 5, 10, 11, 13, 15, 16, 19, 20]",,30.0,4,,,70,1.0,,,,,5,2,29,2,19,10,ordinary,21,full_coverage_and_all_discovered_cleared,269,6021.953719,40.0,constant,,0.028252166986931115
11,0,True,0,11,0,1,0,edge__adversarial-spatial__70,edge__adversarial-spatial,10,0,,11,10,327,,bounded_transverse_width,,base,0,0.02768899999999519,,10,,0,0,,,,,,False,0,0,0,6,43,0,,3,3,314,range_convex22,,,[],,20889.783726604215,0,,0.0,,False,0,,609.1956743,"[2, 3, 5, 10, 11, 13, 15, 16, 19, 20]",,30.0,4,,,70,1.0,,,,,1,0,5,7,21,10,ordinary,22,full_coverage_and_all_discovered_cleared,291,6091.956743,40.0,constant,,0.027699208992999047
7,1,True,0,7,1,2,0,edge__adversarial-spatial__70,edge__adversarial-spatial,9,51,52,11,10,316,,bounded_transverse_width,,locked,37,0.03652600000000206,5,10,cached_distance_prefix_sum,0,0,,,52,0,47,True,0,0,52,3,0,0,8,3,2,303,count_locked_grid21_29,10,10,[],,18813.64291746213,0,,0.0,,False,0,560,561.6728585,"[2, 3, 5, 10, 11, 13, 15, 16, 19, 20]",1,30.0,4,0,0,70,1.0,,,,,2,3,2,3,16,10,ordinary,21,full_coverage_and_all_discovered_cleared,286,5616.728585,40.0,constant,,0.03654079104308039
16,2,True,0,16,0,2,0,edge__adversarial-spatial__70,edge__adversarial-spatial,10,9,,12,10,317,,bounded_transverse_width,,arc,0,0.0363490000000013,,10,,0,0,,,,,,False,0,0,9,6,0,0,,5,3,303,service_free0_grid21_29,,,[],0,21057.297458682264,0,,0.0,,False,0,,606.1459492,"[2, 3, 5, 10, 11, 13, 15, 16, 19, 20]",,30.0,4,,,70,0.5,free,45,0.0,0.0,6,1,40,6,24,10,ordinary,21,full_coverage_and_all_discovered_cleared,279,6061.459492,40.0,constant,,0.03636700002243742
16,2,True,0,16,0,2,0,edge__adversarial-spatial__70,edge__adversarial-spatial,10,9,,12,10,317,,bounded_transverse_width,,arc,0,0.04542400000000413,,10,,0,0,,,,,,False,0,0,9,6,0,0,,5,3,303,service_free1_grid21_29,,,[],321,21057.297458682264,0,,0.0,,False,0,,606.1459492,"[2, 3, 5, 10, 11, 13, 15, 16, 19, 20]",,30.0,4,,,70,0.5,free,45,1.0,0.0,6,1,40,6,24,10,ordinary,21,full_coverage_and_all_discovered_cleared,279,6061.459492,40.0,constant,,0.04548141598934308
18,3,True,0,18,1,5,1,edge__adversarial-spatial__70,edge__adversarial-spatial,9,14,,14,10,321,,bounded_transverse_width,,arc,0,0.04774300000000409,,10,,0,0,,,,,,False,0,0,14,5,0,0,,3,3,305,service_free2_grid21_29,,,[],477,22582.99320920155,0,,0.0,,False,0,,638.4598641,"[2, 3, 5, 10, 11, 13, 15, 16, 19, 20]",,30.0,4,,,70,0.5,free,47,2.0,0.0,9,4,13,5,26,10,ordinary,21,full_coverage_and_all_discovered_cleared,281,6384.598641,40.0,constant,,0.04776325001148507
12,2,True,0,12,0,2,0,edge__adversarial-spatial__70,edge__adversarial-spatial,10,48,,12,10,320,,bounded_transverse_width,,arc,0,0.04197200000000123,,10,,0,0,,,,,,False,0,0,48,7,0,0,,3,2,306,service_locked0_grid21_29,,,[],0,19377.82662730806,0,,0.0,,False,0,,574.6565326,"[2, 3, 5, 10, 11, 13, 15, 16, 19, 20]",,30.0,4,,,70,0.5,locked,41,0.0,0.0,6,6,12,7,20,10,ordinary,21,full_coverage_and_all_discovered_cleared,285,5746.565326,40.0,constant,,0.041984250012319535
12,2,True,0,12,0,2,0,edge__adversarial-spatial__70,edge__adversarial-spatial,10,48,,12,10,320,,bounded_transverse_width,,arc,0,0.04320500000000038,,10,,0,0,,,,,,False,0,0,48,7,0,0,,3,2,306,service_locked1_grid21_29,,,[],573,19377.82662730806,0,,0.0,,False,0,,574.6565326,"[2, 3, 5, 10, 11, 13, 15, 16, 19, 20]",,30.0,4,,,70,0.5,locked,41,1.0,0.0,6,6,12,7,20,10,ordinary,21,full_coverage_and_all_discovered_cleared,285,5746.565326,40.0,constant,,0.04321383300703019
23,4,True,0,23,1,4,0,edge__adversarial-spatial__70,edge__adversarial-spatial,9,0,,13,10,312,,bounded_transverse_width,,arc,0,0.04088899999999995,,10,,0,0,,,,,,False,0,0,0,2,0,0,,5,4,297,service_soft20_grid21_29,,,[],248,24673.885860225713,0,,0.0,,False,0,,674.7777171,"[2, 3, 5, 10, 11, 13, 15, 16, 19, 20]",,30.0,4,,,70,0.5,free,50,1.0,20.0,10,1,1,2,29,10,ordinary,21,full_coverage_and_all_discovered_cleared,269,6747.777171,40.0,constant,,0.04094987502321601
21,1,True,0,21,0,4,0,edge__adversarial-spatial__70,edge__adversarial-spatial,10,0,,14,10,339,,bounded_transverse_width,,arc,0,0.04193599999999975,,10,,0,0,,,,,,False,0,0,0,7,0,0,,4,3,323,service_free1_convex22,,,[],313,20363.22061649907,0,,0.0,,False,0,,604.8644123,"[2, 3, 5, 10, 11, 13, 15, 16, 19, 20]",,30.0,4,,,70,0.5,free,52,1.0,0.0,3,1,14,10,30,10,ordinary,22,full_coverage_and_all_discovered_cleared,299,6048.644123,40.0,constant,,0.041970624995883554
13,1,True,0,13,0,1,0,edge__adversarial-spatial__70,edge__adversarial-spatial,10,44,,11,10,342,,bounded_transverse_width,,arc,0,0.04081099999999793,,10,,0,0,,,,,,False,0,0,44,4,0,0,,4,3,329,service_locked1_convex22,,,[],592,19282.06897491296,0,,0.0,,False,0,,585.8413796,"[2, 3, 5, 10, 11, 13, 15, 16, 19, 20]",,30.0,4,,,70,0.5,locked,44,1.0,0.0,4,13,13,4,22,10,ordinary,22,full_coverage_and_all_discovered_cleared,304,5858.413796,40.0,constant,,0.04082283301977441
12,0,True,0,12,1,2,0,edge__adversarial-spatial__71,edge__adversarial-spatial,11,3,,13,12,329,,bounded_transverse_width,,base,0,0.032690999999999804,,12,,0,0,,,,,,False,0,0,3,2,45,0,,2,2,314,range_grid21_29,,,[],,21568.68448873604,0,,0.0,,False,0,,519.89474175,"[1, 2, 4, 5, 7, 9, 10, 13, 17, 18, 19, 20]",,30.0,4,,,71,1.0,,,,,12,0,4,2,24,12,ordinary,21,full_coverage_and_all_discovered_cleared,292,6238.736901,40.0,constant,,0.032751541992183775
20,5,True,0,20,0,1,1,edge__adversarial-spatial__71,edge__adversarial-spatial,12,1,,13,12,340,,bounded_transverse_width,,base,0,0.031984000000001345,,12,,0,0,,,,,,False,0,0,1,4,50,0,,4,3,325,range_convex22,,,[],,22120.83671002286,0,,0.0,,False,0,,533.9306116666667,"[1, 2, 4, 5, 7, 9, 10, 13, 17, 18, 19, 20]",,30.0,4,,,71,1.0,,,,,5,0,17,4,28,12,ordinary,22,full_coverage_and_all_discovered_cleared,295,6407.16734,40.0,constant,,0.03200387500692159
13,1,True,0,13,0,0,0,edge__adversarial-spatial__71,edge__adversarial-spatial,12,35,35,12,12,303,,bounded_transverse_width,,locked,45,0.039914999999993483,5,12,cached_distance_prefix_sum,0,0,,,35,0,30,True,0,0,35,5,0,0,8,2,2,289,count_locked_grid21_29,8,8,[],,20226.519386291144,0,,0.0,,False,0,358,485.10865674999997,"[1, 2, 4, 5, 7, 9, 10, 13, 17, 18, 19, 20]",0,30.0,4,0,0,71,1.0,,,,,4,3,28,5,24,12,ordinary,21,full_coverage_and_all_discovered_cleared,271,5821.303881,40.0,constant,,0.039982334012165666
10,0,True,0,10,2,2,0,edge__adversarial-spatial__71,edge__adversarial-spatial,10,16,,12,12,323,,bounded_transverse_width,,arc,0,0.0379870000000011,,12,,0,0,,,,,,False,0,0,16,4,0,0,,2,2,309,service_free0_grid21_29,,,[],0,22241.403403617205,0,,0.0,,False,0,,528.52339025,"[1, 2, 4, 5, 7, 9, 10, 13, 17, 18, 19, 20]",,30.0,4,,,71,0.5,free,43,0.0,0.0,9,2,3,4,22,12,ordinary,21,full_coverage_and_all_discovered_cleared,289,6342.280683,40.0,constant,,0.038022291962988675
14,1,True,0,14,2,3,0,edge__adversarial-spatial__71,edge__adversarial-spatial,10,17,,13,12,296,,bounded_transverse_width,,arc,0,0.04807800000000384,,12,,0,0,,,,,,False,0,0,17,4,0,0,,3,2,281,service_free1_grid21_29,,,[],511,21801.9270316966,0,,0.0,,False,0,,507.3654506666667,"[1, 2, 4, 5, 7, 9, 10, 13, 17, 18, 19, 20]",,30.0,4,,,71,0.5,free,46,1.0,0.0,10,2,1,4,25,12,ordinary,21,full_coverage_and_all_discovered_cleared,260,6088.385408,40.0,constant,,0.048123624990694225
14,1,True,0,14,1,2,0,edge__adversarial-spatial__71,edge__adversarial-spatial,11,21,,13,12,312,,bounded_transverse_width,,arc,0,0.0488770000000045,,12,,0,0,,,,,,False,0,0,21,4,0,0,,3,2,297,service_free2_grid21_29,,,[],531,22063.783508037537,0,,0.0,,False,0,,519.7297251666666,"[1, 2, 4, 5, 7, 9, 10, 13, 17, 18, 19, 20]",,30.0,4,,,71,0.5,free,46,2.0,0.0,11,2,0,4,25,12,ordinary,21,full_coverage_and_all_discovered_cleared,276,6236.756702,40.0,constant,,0.04888633295195177
14,1,True,0,14,0,1,0,edge__adversarial-spatial__71,edge__adversarial-spatial,12,45,,13,12,311,,bounded_transverse_width,,arc,0,0.042593000000003656,,12,,0,0,,,,,,False,0,0,45,5,0,0,,2,2,296,service_locked0_grid21_29,,,[],0,20416.071114603987,0,,0.0,,False,0,,491.51785225000003,"[1, 2, 4, 5, 7, 9, 10, 13, 17, 18, 19, 20]",,30.0,4,,,71,0.5,locked,46,0.0,0.0,4,5,12,5,25,12,ordinary,21,full_coverage_and_all_discovered_cleared,272,5898.214227,40.0,constant,,0.042634000012185425
15,1,True,0,15,1,1,0,edge__adversarial-spatial__71,edge__adversarial-spatial,11,34,,12,12,306,,bounded_transverse_width,,arc,0,0.04400799999999805,,12,,0,0,,,,,,False,0,0,34,5,0,0,,2,2,292,service_locked1_grid21_29,,,[],580,20686.66288662185,0,,0.0,,False,0,,493.777715,"[1, 2, 4, 5, 7, 9, 10, 13, 17, 18, 19, 20]",,30.0,4,,,71,0.5,locked,47,1.0,0.0,6,5,21,5,26,12,ordinary,21,full_coverage_and_all_discovered_cleared,268,5925.33258,40.0,constant,,0.04407500004163012
23,1,True,0,23,0,2,0,edge__adversarial-spatial__71,edge__adversarial-spatial,12,6,,14,12,304,,bounded_transverse_width,,arc,0,0.04605399999999804,,12,,0,0,,,,,,False,0,0,6,4,0,0,,3,3,288,service_soft20_grid21_29,,,[],352,27389.90343397202,0,,0.0,,False,0,,604.248391,"[1, 2, 4, 5, 7, 9, 10, 13, 17, 18, 19, 20]",,30.0,4,,,71,0.5,free,55,1.0,20.0,8,1,1,5,34,12,ordinary,21,full_coverage_and_all_discovered_cleared,267,7250.980692,40.0,constant,,0.04616066603921354
18,3,True,0,18,0,1,1,edge__adversarial-spatial__71,edge__adversarial-spatial,12,11,,13,12,324,,bounded_transverse_width,,arc,0,0.04633799999999866,,12,,0,0,,,,,,False,0,0,11,1,0,0,,3,2,309,service_free1_convex22,,,[],362,22014.77654494936,0,,0.0,,False,0,,524.5796090833334,"[1, 2, 4, 5, 7, 9, 10, 13, 17, 18, 19, 20]",,30.0,4,,,71,0.5,free,50,1.0,0.0,5,0,0,1,28,12,ordinary,22,full_coverage_and_all_discovered_cleared,284,6294.955309,40.0,constant,,0.04637116700178012
19,6,True,0,19,0,0,2,edge__adversarial-spatial__71,edge__adversarial-spatial,12,18,,12,12,303,,bounded_transverse_width,,arc,0,0.03944800000000015,,12,,0,0,,,,,,False,0,0,18,5,0,0,,4,2,289,service_locked1_convex22,,,[],364,21239.992154683212,0,,0.0,,False,0,,501.41653575000004,"[1, 2, 4, 5, 7, 9, 10, 13, 17, 18, 19, 20]",,30.0,4,,,71,0.5,locked,49,1.0,0.0,7,4,32,5,27,12,ordinary,22,full_coverage_and_all_discovered_cleared,264,6016.998429,40.0,constant,,0.039465000038035214
9,1,True,0,9,5,6,0,clustered__iid__67,clustered__iid,5,0,,11,10,277,,bounded_transverse_width,,base,0,0.026147999999999172,,10,,0,0,,,,,,False,0,0,0,3,39,0,,3,3,264,range_grid21_29,,,[],,23098.05481175437,0,,0.0,,False,0,,623.6610963,"[4, 5, 7, 8, 9, 10, 14, 15, 18, 19]",,30.0,4,,,67,1.0,,,,,9,0,1,3,18,10,ordinary,21,full_coverage_and_all_discovered_cleared,244,6236.610963,40.0,constant,,0.026199333951808512
14,2,True,0,14,2,2,0,clustered__iid__67,clustered__iid,8,21,,10,10,306,,bounded_transverse_width,,base,0,0.029581999999997777,,10,,0,0,,,,,,False,0,0,21,4,44,0,,5,3,294,range_convex22,,,[],,21840.49330334998,0,,0.0,,False,0,,615.9098656,"[4, 5, 7, 8, 9, 10, 14, 15, 18, 19]",,30.0,4,,,67,1.0,,,,,10,2,16,4,22,10,ordinary,22,full_coverage_and_all_discovered_cleared,271,6159.098656,40.0,constant,,0.029607041971758008
6,0,True,0,6,3,4,0,clustered__iid__67,clustered__iid,7,7,10,11,10,310,,bounded_transverse_width,,locked,37,0.02985400000000027,0,10,cached_distance_prefix_sum,0,0,,,10,0,10,True,0,0,10,0,0,0,8,3,3,297,count_locked_grid21_29,10,10,[],,21203.354386968338,0,,0.0,,False,0,326,605.2670876999999,"[4, 5, 7, 8, 9, 10, 14, 15, 18, 19]",3,30.0,4,0,0,67,1.0,,,,,14,2,2,0,16,10,ordinary,21,full_coverage_and_all_discovered_cleared,274,6052.670877,40.0,constant,,0.029862749972380698
15,1,True,0,15,3,4,0,clustered__iid__67,clustered__iid,7,0,,11,10,302,,bounded_transverse_width,,arc,0,0.030761999999995737,,10,,0,0,,,,,,False,0,0,0,5,0,0,,4,3,289,service_free0_grid21_29,,,[],0,20736.28631905353,0,,0.0,,False,0,,591.2257262,"[4, 5, 7, 8, 9, 10, 14, 15, 18, 19]",,30.0,4,,,67,0.5,free,45,0.0,0.0,9,0,0,5,24,10,ordinary,21,full_coverage_and_all_discovered_cleared,267,5912.257262,40.0,constant,,0.030779458989854902
15,1,True,0,15,3,4,0,clustered__iid__67,clustered__iid,7,0,,11,10,302,,bounded_transverse_width,,arc,0,0.03451700000000102,,10,,0,0,,,,,,False,0,0,0,5,0,0,,4,3,289,service_free1_grid21_29,,,[],325,20736.28631905353,0,,0.0,,False,0,,591.2257262,"[4, 5, 7, 8, 9, 10, 14, 15, 18, 19]",,30.0,4,,,67,0.5,free,45,1.0,0.0,9,0,0,5,24,10,ordinary,21,full_coverage_and_all_discovered_cleared,267,5912.257262,40.0,constant,,0.03457337501458824
15,1,True,0,15,3,4,0,clustered__iid__67,clustered__iid,7,0,,11,10,302,,bounded_transverse_width,,arc,0,0.0345530000000025,,10,,0,0,,,,,,False,0,0,0,5,0,0,,4,3,289,service_free2_grid21_29,,,[],325,20736.28631905353,0,,0.0,,False,0,,591.2257262,"[4, 5, 7, 8, 9, 10, 14, 15, 18, 19]",,30.0,4,,,67,0.5,free,45,2.0,0.0,9,0,0,5,24,10,ordinary,21,full_coverage_and_all_discovered_cleared,267,5912.257262,40.0,constant,,0.03456529200775549
11,3,True,0,11,4,5,1,clustered__iid__67,clustered__iid,6,7,,11,10,322,,bounded_transverse_width,,arc,0,0.034887000000004775,,10,,0,0,,,,,,False,0,0,7,4,0,0,,3,3,309,service_locked0_grid21_29,,,[],0,21121.325874665916,0,,0.0,,False,0,,610.7265175,"[4, 5, 7, 8, 9, 10, 14, 15, 18, 19]",,30.0,4,,,67,0.5,locked,40,0.0,0.0,19,3,2,4,19,10,ordinary,21,full_coverage_and_all_discovered_cleared,285,6107.265175,40.0,constant,,0.03490433399565518
11,3,True,0,11,4,5,1,clustered__iid__67,clustered__iid,6,7,,11,10,322,,bounded_transverse_width,,arc,0,0.03511000000000308,,10,,0,0,,,,,,False,0,0,7,4,0,0,,3,3,309,service_locked1_grid21_29,,,[],640,21121.325874665916,0,,0.0,,False,0,,610.7265175,"[4, 5, 7, 8, 9, 10, 14, 15, 18, 19]",,30.0,4,,,67,0.5,locked,40,1.0,0.0,19,3,2,4,19,10,ordinary,21,full_coverage_and_all_discovered_cleared,285,6107.265175,40.0,constant,,0.035117499995976686
14,0,True,0,14,2,2,0,clustered__iid__67,clustered__iid,8,17,,10,10,298,,bounded_transverse_width,,arc,0,0.051794000000001006,,10,,0,0,,,,,,False,0,0,17,6,0,0,,3,3,286,service_soft20_grid21_29,,,[],880,25087.60098847544,0,,0.0,,False,0,,676.1520198000001,"[4, 5, 7, 8, 9, 10, 14, 15, 18, 19]",,30.0,4,,,67,0.5,free,45,1.0,20.0,6,0,0,7,24,10,ordinary,21,full_coverage_and_all_discovered_cleared,264,6761.520198,40.0,constant,,0.05186129204230383
14,1,True,0,14,2,3,0,clustered__iid__67,clustered__iid,8,10,,11,10,302,,bounded_transverse_width,,arc,0,0.038398999999998296,,10,,0,0,,,,,,False,0,0,10,5,0,0,,4,3,289,service_free1_convex22,,,[],401,20506.0427242549,0,,0.0,,False,0,,586.7208539999999,"[4, 5, 7, 8, 9, 10, 14, 15, 18, 19]",,30.0,4,,,67,0.5,free,45,1.0,0.0,7,0,13,5,23,10,ordinary,22,full_coverage_and_all_discovered_cleared,268,5867.20854,40.0,constant,,0.0384206660091877
14,1,True,0,14,0,0,0,clustered__iid__67,clustered__iid,10,20,,10,10,302,,bounded_transverse_width,,arc,0,0.036333000000006166,,10,,0,0,,,,,,False,0,0,20,6,0,0,,4,3,290,service_locked1_convex22,,,[],571,21769.55759002836,0,,0.0,,False,0,,612.2911514,"[4, 5, 7, 8, 9, 10, 14, 15, 18, 19]",,30.0,4,,,67,0.5,locked,45,1.0,0.0,10,0,12,6,23,10,ordinary,22,full_coverage_and_all_discovered_cleared,269,6122.911514,40.0,constant,,0.03635000000940636
14,5,True,0,14,1,4,0,clustered__iid__68,clustered__iid,14,63,,18,15,261,,bounded_transverse_width,,base,0,0.038446000000000424,,15,,0,0,,,,,,False,0,0,63,3,45,0,,4,2,241,range_grid21_29,,,[],,21535.486587979467,0,,0.0,,False,0,,387.4064878,"[2, 4, 5, 6, 8, 9, 11, 12, 13, 14, 15, 16, 17, 19, 20]",,30.0,4,,,68,1.0,,,,,23,2,15,3,24,15,ordinary,21,full_coverage_and_all_discovered_cleared,215,5811.097317,40.0,constant,,0.03845291695324704
6,1,True,0,6,6,7,0,clustered__iid__68,clustered__iid,9,74,,16,15,248,,bounded_transverse_width,,base,0,0.038793000000005406,,15,,0,0,,,,,,False,0,0,74,2,42,0,,2,1,230,range_convex22,,,[],,22103.062805175992,0,,0.0,,False,0,,390.37417046666667,"[2, 4, 5, 6, 8, 9, 11, 12, 13, 14, 15, 16, 17, 19, 20]",,30.0,4,,,68,1.0,,,,,37,7,15,2,20,15,ordinary,22,full_coverage_and_all_discovered_cleared,207,5855.612557,40.0,constant,,0.03885795798851177
6,0,True,0,6,5,5,0,clustered__iid__68,clustered__iid,10,17,18,15,15,251,,bounded_transverse_width,,locked,42,0.04086199999999707,3,15,cached_distance_prefix_sum,0,0,,,18,0,15,True,0,0,18,1,0,0,8,2,2,234,count_locked_grid21_29,5,5,[],,21019.460479773563,0,,0.0,,False,0,358,377.5261397333333,"[2, 4, 5, 6, 8, 9, 11, 12, 13, 14, 15, 16, 17, 19, 20]",1,30.0,4,0,0,68,1.0,,,,,24,9,31,1,21,15,ordinary,21,full_coverage_and_all_discovered_cleared,214,5662.892096,40.0,constant,,0.040876915969420224
15,1,True,0,15,1,2,0,clustered__iid__68,clustered__iid,14,78,,16,15,245,,bounded_transverse_width,,arc,0,0.057774999999999466,,15,,0,0,,,,,,False,0,0,78,6,0,0,,2,2,227,service_free0_grid21_29,,,[],0,21425.485205903,0,,0.0,,False,0,,380.4064691333333,"[2, 4, 5, 6, 8, 9, 11, 12, 13, 14, 15, 16, 17, 19, 20]",,30.0,4,,,68,0.5,free,50,0.0,0.0,23,6,12,6,29,15,ordinary,21,full_coverage_and_all_discovered_cleared,208,5706.097037,40.0,constant,,0.05778837500838563
19,3,True,0,19,5,7,0,clustered__iid__68,clustered__iid,10,2,,17,15,220,,bounded_transverse_width,,arc,0,0.05905799999999317,,15,,0,0,,,,,,False,0,0,2,5,0,0,,3,2,201,service_free1_grid21_29,,,[],1078,21624.25211988864,0,,0.0,,False,0,,372.7233614666667,"[2, 4, 5, 6, 8, 9, 11, 12, 13, 14, 15, 16, 17, 19, 20]",,30.0,4,,,68,0.5,free,52,1.0,0.0,30,8,0,6,31,15,ordinary,21,full_coverage_and_all_discovered_cleared,180,5590.850422,40.0,constant,,0.059094374999403954
20,1,True,0,20,3,4,0,clustered__iid__68,clustered__iid,12,11,,16,15,257,,bounded_transverse_width,,arc,0,0.05888300000000157,,15,,0,0,,,,,,False,0,0,11,8,0,0,,3,3,239,service_free2_grid21_29,,,[],973,22138.154770029894,0,,0.0,,False,0,,394.44206360000004,"[2, 4, 5, 6, 8, 9, 11, 12, 13, 14, 15, 16, 17, 19, 20]",,30.0,4,,,68,0.5,free,55,2.0,0.0,29,11,0,9,34,15,ordinary,21,full_coverage_and_all_discovered_cleared,216,5916.630954,40.0,constant,,0.05889612500322983
10,2,True,0,10,5,5,0,clustered__iid__68,clustered__iid,10,35,,15,15,255,,bounded_transverse_width,,arc,0,0.04607299999999981,,15,,0,0,,,,,,False,0,0,35,4,0,0,,4,3,238,service_locked0_grid21_29,,,[],0,21612.687837406746,0,,0.0,,False,0,,386.83583780000004,"[2, 4, 5, 6, 8, 9, 11, 12, 13, 14, 15, 16, 17, 19, 20]",,30.0,4,,,68,0.5,locked,44,0.0,0.0,23,10,13,4,23,15,ordinary,21,full_coverage_and_all_discovered_cleared,215,5802.537567,40.0,constant,,0.046094541961792856
14,2,True,0,14,5,5,0,clustered__iid__68,clustered__iid,10,20,,15,15,258,,bounded_transverse_width,,arc,0,0.04851500000000186,,15,,0,0,,,,,,False,0,0,20,6,0,0,,4,3,241,service_locked1_grid21_29,,,[],1243,22063.373186706005,0,,0.0,,False,0,,394.04497573333333,"[2, 4, 5, 6, 8, 9, 11, 12, 13, 14, 15, 16, 17, 19, 20]",,30.0,4,,,68,0.5,locked,48,1.0,0.0,27,15,32,7,27,15,ordinary,21,full_coverage_and_all_discovered_cleared,218,5910.674636,40.0,constant,,0.048528832965530455
14,1,True,0,14,7,8,0,clustered__iid__68,clustered__iid,8,2,,16,15,223,,bounded_transverse_width,,arc,0,0.062105999999999995,,15,,0,0,,,,,,False,0,0,2,5,0,0,,3,3,205,service_soft20_grid21_29,,,[],977,22082.52831151148,0,,0.0,,False,0,,380.1003773333333,"[2, 4, 5, 6, 8, 9, 11, 12, 13, 14, 15, 16, 17, 19, 20]",,30.0,4,,,68,0.5,free,49,1.0,20.0,31,5,0,5,28,15,ordinary,21,full_coverage_and_all_discovered_cleared,182,5701.50566,40.0,constant,,0.062155166000593454
20,3,True,0,20,1,3,0,clustered__iid__68,clustered__iid,14,6,,17,15,250,,bounded_transverse_width,,arc,0,0.06423999999999808,,15,,0,0,,,,,,False,0,0,6,3,0,0,,4,3,231,service_free1_convex22,,,[],856,21991.204510931228,0,,0.0,,False,0,,389.1493931333333,"[2, 4, 5, 6, 8, 9, 11, 12, 13, 14, 15, 16, 17, 19, 20]",,30.0,4,,,68,0.5,free,54,1.0,0.0,26,8,0,3,32,15,ordinary,22,full_coverage_and_all_discovered_cleared,203,5837.240897,40.0,constant,,0.06429820804623887
13,0,True,0,13,4,5,0,clustered__iid__68,clustered__iid,11,45,,16,15,264,,bounded_transverse_width,,arc,0,0.04708200000000318,,15,,0,0,,,,,,False,0,0,45,4,0,0,,2,2,246,service_locked1_convex22,,,[],986,21423.48732783139,0,,0.0,,False,0,,387.4464974666667,"[2, 4, 5, 6, 8, 9, 11, 12, 13, 14, 15, 16, 17, 19, 20]",,30.0,4,,,68,0.5,locked,50,1.0,0.0,25,3,13,4,28,15,ordinary,22,full_coverage_and_all_discovered_cleared,219,5811.697462,40.0,constant,,0.04711287503596395
12,1,True,0,12,5,5,0,clustered__iid__69,clustered__iid,10,5,,15,15,266,,bounded_transverse_width,,base,0,0.04204299999999961,,15,,0,0,,,,,,False,0,0,5,4,47,0,,4,3,249,range_grid21_29,,,[],,22084.710600130307,0,,0.0,,False,0,,397.3294742666667,"[2, 3, 4, 5, 6, 7, 8, 9, 10, 11, 12, 13, 14, 16, 18]",,30.0,4,,,69,1.0,,,,,19,14,1,4,26,15,ordinary,21,full_coverage_and_all_discovered_cleared,223,5959.942114,40.0,constant,,0.04205791698768735
2,1,True,0,2,4,4,0,clustered__iid__69,clustered__iid,11,42,,15,15,238,,bounded_transverse_width,,base,0,0.04296200000000283,,15,,0,0,,,,,,False,0,0,42,0,38,0,,2,1,221,range_convex22,,,[],,19854.85725483137,0,,0.0,,False,0,,356.7314297333333,"[2, 3, 4, 5, 6, 7, 8, 9, 10, 11, 12, 13, 14, 16, 18]",,30.0,4,,,69,1.0,,,,,11,2,55,0,16,15,ordinary,22,full_coverage_and_all_discovered_cleared,200,5350.971446,40.0,constant,,0.04301816603401676
7,2,True,0,7,8,8,0,clustered__iid__69,clustered__iid,7,20,21,15,15,297,,bounded_transverse_width,,locked,41,0.04405100000000317,0,15,cached_distance_prefix_sum,0,0,,,21,0,21,True,0,0,21,1,0,0,8,5,3,280,count_locked_grid21_29,5,5,[],,22453.64955823976,0,,0.0,,False,0,482,414.84866066666666,"[2, 3, 4, 5, 6, 7, 8, 9, 10, 11, 12, 13, 14, 16, 18]",1,30.0,4,0,0,69,1.0,,,,,26,6,0,1,20,15,ordinary,21,full_coverage_and_all_discovered_cleared,257,6222.72991,40.0,constant,,0.04406625003321096
13,0,True,0,13,6,6,0,clustered__iid__69,clustered__iid,9,0,,15,15,204,,bounded_transverse_width,,arc,0,0.05605700000000269,,15,,0,0,,,,,,False,0,0,0,9,0,0,,2,2,187,service_free0_grid21_29,,,[],0,20890.373284603276,0,,0.0,,False,0,,356.87164366666667,"[2, 3, 4, 5, 6, 7, 8, 9, 10, 11, 12, 13, 14, 16, 18]",,30.0,4,,,69,0.5,free,49,0.0,0.0,30,0,3,9,28,15,ordinary,21,full_coverage_and_all_discovered_cleared,165,5353.074655,40.0,constant,,0.05606854101642966
10,0,True,0,10,5,6,0,clustered__iid__69,clustered__iid,10,0,,16,15,198,,bounded_transverse_width,,arc,0,0.060501000000002136,,15,,0,0,,,,,,False,0,0,0,6,0,0,,2,2,180,service_free1_grid21_29,,,[],1219,20632.086630923844,0,,0.0,,False,0,,350.82782173333334,"[2, 3, 4, 5, 6, 7, 8, 9, 10, 11, 12, 13, 14, 16, 18]",,30.0,4,,,69,0.5,free,46,1.0,0.0,24,0,1,6,25,15,ordinary,21,full_coverage_and_all_discovered_cleared,158,5262.417326,40.0,constant,,0.060560166952200234
14,3,True,0,14,4,5,0,clustered__iid__69,clustered__iid,11,0,,16,15,200,,bounded_transverse_width,,arc,0,0.06154300000000035,,15,,0,0,,,,,,False,0,0,0,5,0,0,,4,2,182,service_free2_grid21_29,,,[],1187,21234.739255303502,0,,0.0,,False,0,,359.46318993333335,"[2, 3, 4, 5, 6, 7, 8, 9, 10, 11, 12, 13, 14, 16, 18]",,30.0,4,,,69,0.5,free,47,2.0,0.0,26,0,0,5,26,15,ordinary,21,full_coverage_and_all_discovered_cleared,157,5391.947849,40.0,constant,,0.061570667021442205
3,0,True,0,3,8,8,0,clustered__iid__69,clustered__iid,7,20,,15,15,292,,bounded_transverse_width,,arc,0,0.04853700000000316,,15,,0,0,,,,,,False,0,0,20,2,0,0,,1,1,275,service_locked0_grid21_29,,,[],0,20169.47780436983,0,,0.0,,False,0,,382.5930372,"[2, 3, 4, 5, 6, 7, 8, 9, 10, 11, 12, 13, 14, 16, 18]",,30.0,4,,,69,0.5,locked,39,0.0,0.0,20,2,0,2,18,15,ordinary,21,full_coverage_and_all_discovered_cleared,255,5738.895558,40.0,constant,,0.048550540988799185
11,3,True,0,11,9,9,0,clustered__iid__69,clustered__iid,6,20,,15,15,310,,bounded_transverse_width,,arc,0,0.052301999999997406,,15,,0,0,,,,,,False,0,0,20,2,0,0,,5,3,293,service_locked1_grid21_29,,,[],1274,21801.495622722054,0,,0.0,,False,0,,411.28660806666664,"[2, 3, 4, 5, 6, 7, 8, 9, 10, 11, 12, 13, 14, 16, 18]",,30.0,4,,,69,0.5,locked,44,1.0,0.0,34,8,0,3,23,15,ordinary,21,full_coverage_and_all_discovered_cleared,269,6169.299121,40.0,constant,,0.052341333008371294
18,3,True,0,18,5,5,0,clustered__iid__69,clustered__iid,10,22,,15,15,288,,bounded_transverse_width,,arc,0,0.06625799999999771,,15,,0,0,,,,,,False,0,0,22,7,0,0,,4,3,271,service_soft20_grid21_29,,,[],1651,24253.316627145647,0,,0.0,,False,0,,435.17755473333335,"[2, 3, 4, 5, 6, 7, 8, 9, 10, 11, 12, 13, 14, 16, 18]",,30.0,4,,,69,0.5,free,51,1.0,20.0,22,1,0,8,30,15,ordinary,21,full_coverage_and_all_discovered_cleared,247,6527.663321,40.0,constant,,0.06630329199833795
13,1,True,0,13,7,7,0,clustered__iid__69,clustered__iid,8,0,,15,15,201,,bounded_transverse_width,,arc,0,0.06920600000000121,,15,,0,0,,,,,,False,0,0,0,9,0,0,,2,1,184,service_free1_convex22,,,[],1577,21202.8266574185,0,,0.0,,False,0,,359.70435506666666,"[2, 3, 4, 5, 6, 7, 8, 9, 10, 11, 12, 13, 14, 16, 18]",,30.0,4,,,69,0.5,free,49,1.0,0.0,35,0,1,9,27,15,ordinary,22,full_coverage_and_all_discovered_cleared,160,5395.565326,40.0,constant,,0.06989429198438302
7,0,True,0,7,5,5,0,clustered__iid__69,clustered__iid,10,1,,15,15,219,,bounded_transverse_width,,arc,0,0.05034100000000308,,15,,0,0,,,,,,False,0,0,1,6,0,0,,2,2,202,service_locked1_convex22,,,[],1021,20776.89148547921,0,,0.0,,False,0,,361.2252195333333,"[2, 3, 4, 5, 6, 7, 8, 9, 10, 11, 12, 13, 14, 16, 18]",,30.0,4,,,69,0.5,locked,44,1.0,0.0,29,6,24,6,22,15,ordinary,22,full_coverage_and_all_discovered_cleared,178,5418.378293,40.0,constant,,0.05036187497898936
5,0,True,0,5,5,5,0,clustered__iid__70,clustered__iid,5,0,,10,10,282,,bounded_transverse_width,,base,0,0.03011200000000258,,10,,0,0,,,,,,False,0,0,0,2,36,0,,2,2,270,range_grid21_29,,,[],,20863.68928754226,0,,0.0,,False,0,,581.8737857,"[2, 3, 5, 10, 11, 13, 15, 16, 19, 20]",,30.0,4,,,70,1.0,,,,,12,0,11,2,15,10,ordinary,21,full_coverage_and_all_discovered_cleared,246,5818.737857,40.0,constant,,0.030112500011455268
1,0,True,0,1,4,4,0,clustered__iid__70,clustered__iid,6,41,,10,10,364,,bounded_transverse_width,,base,0,0.029274999999998386,,10,,0,0,,,,,,False,0,0,41,0,33,0,,1,1,352,range_convex22,,,[],,19596.376991464967,0,,0.0,,False,0,,606.0275392,"[2, 3, 5, 10, 11, 13, 15, 16, 19, 20]",,30.0,4,,,70,1.0,,,,,5,1,20,0,11,10,ordinary,22,full_coverage_and_all_discovered_cleared,331,6060.275392,40.0,constant,,0.029275125009007752
3,1,True,0,3,4,4,0,clustered__iid__70,clustered__iid,6,19,20,10,10,302,,bounded_transverse_width,,locked,33,0.029027999999996723,0,10,cached_distance_prefix_sum,0,0,,,20,0,20,True,0,0,20,1,0,0,8,2,1,290,count_locked_grid21_29,10,10,[],,20026.787172093867,0,,0.0,,False,0,264,577.2357435,"[2, 3, 5, 10, 11, 13, 15, 16, 19, 20]",1,30.0,4,0,0,70,1.0,,,,,8,0,12,1,12,10,ordinary,21,full_coverage_and_all_discovered_cleared,267,5772.357435,40.0,constant,,0.02905454096617177
9,1,True,0,9,3,3,0,clustered__iid__70,clustered__iid,7,9,,10,10,305,,bounded_transverse_width,,arc,0,0.03345600000000104,,10,,0,0,,,,,,False,0,0,9,4,0,0,,4,3,293,service_free0_grid21_29,,,[],0,21017.050371536137,0,,0.0,,False,0,,598.8410073,"[2, 3, 5, 10, 11, 13, 15, 16, 19, 20]",,30.0,4,,,70,0.5,free,39,0.0,0.0,12,0,0,4,18,10,ordinary,21,full_coverage_and_all_discovered_cleared,270,5988.410073,40.0,constant,,0.03346787497866899
10,1,True,0,10,3,3,0,clustered__iid__70,clustered__iid,7,9,,10,10,306,,bounded_transverse_width,,arc,0,0.0386179999999996,,10,,0,0,,,,,,False,0,0,9,5,0,0,,4,3,294,service_free1_grid21_29,,,[],488,21095.903392164448,0,,0.0,,False,0,,601.0180677000001,"[2, 3, 5, 10, 11, 13, 15, 16, 19, 20]",,30.0,4,,,70,0.5,free,40,1.0,0.0,12,0,0,5,19,10,ordinary,21,full_coverage_and_all_discovered_cleared,271,6010.180677,40.0,constant,,0.038634291966445744
14,3,True,0,14,3,3,0,clustered__iid__70,clustered__iid,7,10,,10,10,308,,bounded_transverse_width,,arc,0,0.0435939999999988,,10,,0,0,,,,,,False,0,0,10,5,0,0,,4,3,296,service_free2_grid21_29,,,[],507,21841.430065885354,0,,0.0,,False,0,,616.6286011999999,"[2, 3, 5, 10, 11, 13, 15, 16, 19, 20]",,30.0,4,,,70,0.5,free,42,2.0,0.0,14,0,17,6,21,10,ordinary,21,full_coverage_and_all_discovered_cleared,268,6166.286012,40.0,constant,,0.04363979201298207
3,0,True,0,3,4,4,0,clustered__iid__70,clustered__iid,6,19,,10,10,307,,bounded_transverse_width,,arc,0,0.03258300000000247,,10,,0,0,,,,,,False,0,0,19,2,0,0,,2,2,295,service_locked0_grid21_29,,,[],0,20620.102189770747,0,,0.0,,False,0,,592.0020435,"[2, 3, 5, 10, 11, 13, 15, 16, 19, 20]",,30.0,4,,,70,0.5,locked,34,0.0,0.0,12,1,2,2,13,10,ordinary,21,full_coverage_and_all_discovered_cleared,271,5920.020435,40.0,constant,,0.03261695901164785
3,0,True,0,3,4,4,0,clustered__iid__70,clustered__iid,6,19,,10,10,307,,bounded_transverse_width,,arc,0,0.03338400000000519,,10,,0,0,,,,,,False,0,0,19,2,0,0,,2,2,295,service_locked1_grid21_29,,,[],748,20620.102189770747,0,,0.0,,False,0,,592.0020435,"[2, 3, 5, 10, 11, 13, 15, 16, 19, 20]",,30.0,4,,,70,0.5,locked,34,1.0,0.0,12,1,2,2,13,10,ordinary,21,full_coverage_and_all_discovered_cleared,271,5920.020435,40.0,constant,,0.033425041008740664
16,1,True,0,16,5,5,0,clustered__iid__70,clustered__iid,5,1,,10,10,288,,bounded_transverse_width,,arc,0,0.04861600000000266,,10,,0,0,,,,,,False,0,0,1,3,0,0,,4,3,276,service_soft20_grid21_29,,,[],545,23194.48619371768,0,,0.0,,False,0,,631.8897236,"[2, 3, 5, 10, 11, 13, 15, 16, 19, 20]",,30.0,4,,,70,0.5,free,46,1.0,20.0,10,0,0,3,25,10,ordinary,21,full_coverage_and_all_discovered_cleared,250,6318.897236,40.0,constant,,0.04865425004391
16,2,True,0,16,1,2,0,clustered__iid__70,clustered__iid,9,2,,11,10,313,,bounded_transverse_width,,arc,0,0.042493000000000336,,10,,0,0,,,,,,False,0,0,2,4,0,0,,4,3,300,service_free1_convex22,,,[],396,22104.314937167914,0,,0.0,,False,0,,624.9862984,"[2, 3, 5, 10, 11, 13, 15, 16, 19, 20]",,30.0,4,,,70,0.5,free,46,1.0,0.0,12,1,0,4,24,10,ordinary,22,full_coverage_and_all_discovered_cleared,276,6249.862984,40.0,constant,,0.042580291046760976
12,1,True,0,12,1,2,0,clustered__iid__70,clustered__iid,9,18,,11,10,319,,bounded_transverse_width,,arc,0,0.039650999999999215,,10,,0,0,,,,,,False,0,0,18,3,0,0,,4,4,306,service_locked1_convex22,,,[],851,21491.806551550908,0,,0.0,,False,0,,616.5361307000001,"[2, 3, 5, 10, 11, 13, 15, 16, 19, 20]",,30.0,4,,,70,0.5,locked,43,1.0,0.0,13,12,1,3,21,10,ordinary,22,full_coverage_and_all_discovered_cleared,284,6165.361307,40.0,constant,,0.03967645805096254
4,0,True,0,4,4,4,0,clustered__iid__71,clustered__iid,8,16,,12,12,293,,bounded_transverse_width,,base,0,0.03261100000000283,,12,,0,0,,,,,,False,0,0,16,2,37,0,,1,1,279,range_grid21_29,,,[],,20698.421797015802,0,,0.0,,False,0,,487.64036325,"[1, 2, 4, 5, 7, 9, 10, 13, 17, 18, 19, 20]",,30.0,4,,,71,1.0,,,,,15,2,5,2,16,12,ordinary,21,full_coverage_and_all_discovered_cleared,257,5851.684359,40.0,constant,,0.0326356670120731
10,1,True,0,10,3,3,0,clustered__iid__71,clustered__iid,9,2,,12,12,284,,bounded_transverse_width,,base,0,0.0374440000000007,,12,,0,0,,,,,,False,0,0,2,2,43,0,,4,3,270,range_convex22,,,[],,20649.872788198576,0,,0.0,,False,0,,482.33121291666663,"[1, 2, 4, 5, 7, 9, 10, 13, 17, 18, 19, 20]",,30.0,4,,,71,1.0,,,,,13,0,3,2,21,12,ordinary,22,full_coverage_and_all_discovered_cleared,248,5787.974555,40.0,constant,,0.03745866700774059
8,1,True,0,8,4,4,0,clustered__iid__71,clustered__iid,8,5,5,12,12,254,,bounded_transverse_width,,locked,40,0.033756999999994264,0,12,cached_distance_prefix_sum,0,0,,,5,0,5,True,0,0,5,3,0,0,8,4,3,240,count_locked_grid21_29,8,8,[],,20466.982302051852,0,,0.0,,False,0,109,464.1163715833333,"[1, 2, 4, 5, 7, 9, 10, 13, 17, 18, 19, 20]",0,30.0,4,0,0,71,1.0,,,,,15,0,17,3,19,12,ordinary,21,full_coverage_and_all_discovered_cleared,216,5569.396459,40.0,constant,,0.03379249997669831
11,1,True,0,11,5,5,0,clustered__iid__71,clustered__iid,7,6,,12,12,259,,bounded_transverse_width,,arc,0,0.04086000000000212,,12,,0,0,,,,,,False,0,0,6,3,0,0,,4,3,245,service_free0_grid21_29,,,[],0,20089.261956821756,0,,0.0,,False,0,,459.9043658333333,"[1, 2, 4, 5, 7, 9, 10, 13, 17, 18, 19, 20]",,30.0,4,,,71,0.5,free,43,0.0,0.0,17,0,0,4,22,12,ordinary,21,full_coverage_and_all_discovered_cleared,216,5518.85239,40.0,constant,,0.040893041994422674
10,1,True,0,10,4,4,0,clustered__iid__71,clustered__iid,8,11,,12,12,259,,bounded_transverse_width,,arc,0,0.049298000000000286,,12,,0,0,,,,,,False,0,0,11,2,0,0,,4,3,245,service_free1_grid21_29,,,[],531,21372.38193918684,0,,0.0,,False,0,,481.12303233333336,"[1, 2, 4, 5, 7, 9, 10, 13, 17, 18, 19, 20]",,30.0,4,,,71,0.5,free,42,1.0,0.0,16,0,9,3,21,12,ordinary,21,full_coverage_and_all_discovered_cleared,214,5773.476388,40.0,constant,,0.04930604202672839
9,1,True,0,9,4,4,0,clustered__iid__71,clustered__iid,8,16,,12,12,262,,bounded_transverse_width,,arc,0,0.04831300000000027,,12,,0,0,,,,,,False,0,0,16,1,0,0,,4,3,248,service_free2_grid21_29,,,[],539,20918.734606072303,0,,0.0,,False,0,,475.06224341666666,"[1, 2, 4, 5, 7, 9, 10, 13, 17, 18, 19, 20]",,30.0,4,,,71,0.5,free,41,2.0,0.0,18,0,0,1,20,12,ordinary,21,full_coverage_and_all_discovered_cleared,217,5700.746921,40.0,constant,,0.04838462499901652
11,1,True,0,11,4,4,0,clustered__iid__71,clustered__iid,8,11,,12,12,260,,bounded_transverse_width,,arc,0,0.038348999999996636,,12,,0,0,,,,,,False,0,0,11,1,0,0,,4,3,246,service_locked0_grid21_29,,,[],0,20732.177020271072,0,,0.0,,False,0,,470.8696169166667,"[1, 2, 4, 5, 7, 9, 10, 13, 17, 18, 19, 20]",,30.0,4,,,71,0.5,locked,43,0.0,0.0,17,0,0,1,22,12,ordinary,21,full_coverage_and_all_discovered_cleared,214,5650.435403,40.0,constant,,0.03835983300814405
11,1,True,0,11,4,4,0,clustered__iid__71,clustered__iid,8,11,,12,12,260,,bounded_transverse_width,,arc,0,0.039085000000000036,,12,,0,0,,,,,,False,0,0,11,1,0,0,,4,3,246,service_locked1_grid21_29,,,[],549,20732.177020271072,0,,0.0,,False,0,,470.8696169166667,"[1, 2, 4, 5, 7, 9, 10, 13, 17, 18, 19, 20]",,30.0,4,,,71,0.5,locked,43,1.0,0.0,17,0,0,1,22,12,ordinary,21,full_coverage_and_all_discovered_cleared,214,5650.435403,40.0,constant,,0.03912129194941372
12,1,True,0,12,5,5,0,clustered__iid__71,clustered__iid,7,6,,12,12,256,,bounded_transverse_width,,arc,0,0.043425000000006264,,12,,0,0,,,,,,False,0,0,6,1,0,0,,4,3,242,service_soft20_grid21_29,,,[],468,21453.93550450894,0,,0.0,,False,0,,480.9822583333333,"[1, 2, 4, 5, 7, 9, 10, 13, 17, 18, 19, 20]",,30.0,4,,,71,0.5,free,44,1.0,20.0,16,0,0,1,23,12,ordinary,21,full_coverage_and_all_discovered_cleared,211,5771.7871,40.0,constant,,0.04343833401799202
10,1,True,0,10,2,2,0,clustered__iid__71,clustered__iid,10,13,,12,12,272,,bounded_transverse_width,,arc,0,0.05027300000000423,,12,,0,0,,,,,,False,0,0,13,4,0,0,,4,3,258,service_free1_convex22,,,[],556,21311.54767478532,0,,0.0,,False,0,,487.19246075,"[1, 2, 4, 5, 7, 9, 10, 13, 17, 18, 19, 20]",,30.0,4,,,71,0.5,free,43,1.0,0.0,15,1,1,4,21,12,ordinary,22,full_coverage_and_all_discovered_cleared,234,5846.309529,40.0,constant,,0.05031941703055054
15,1,True,0,15,3,3,0,clustered__iid__71,clustered__iid,9,24,,12,12,304,,bounded_transverse_width,,arc,0,0.04683599999999899,,12,,0,0,,,,,,False,0,0,24,4,0,0,,4,3,290,service_locked1_convex22,,,[],810,22213.890788956553,0,,0.0,,False,0,,517.9815129166667,"[1, 2, 4, 5, 7, 9, 10, 13, 17, 18, 19, 20]",,30.0,4,,,71,0.5,locked,48,1.0,0.0,20,4,27,4,26,12,ordinary,22,full_coverage_and_all_discovered_cleared,263,6215.778155,40.0,constant,,0.04684804199496284
7,1,True,0,7,3,3,0,clustered__smooth__67,clustered__smooth,7,0,,10,10,275,,bounded_transverse_width,,base,0,0.026541999999999177,,10,,0,0,,,,,,False,0,0,0,3,37,0,,2,2,263,range_grid21_29,,,[],,21519.186057144307,0,,0.0,,False,0,,591.1837213,"[4, 5, 7, 8, 9, 10, 14, 15, 18, 19]",,30.0,4,,,67,1.0,,,,,8,0,2,3,16,10,ordinary,21,full_coverage_and_all_discovered_cleared,243,5911.837213,40.0,constant,,0.026556124968919903
13,3,True,0,13,2,2,1,clustered__smooth__67,clustered__smooth,8,11,,10,10,330,,bounded_transverse_width,,base,0,0.03370400000000018,,10,,0,0,,,,,,False,0,0,11,5,43,0,,3,3,318,range_convex22,,,[],,22201.384366562954,0,,0.0,,False,0,,637.6276868,"[4, 5, 7, 8, 9, 10, 14, 15, 18, 19]",,30.0,4,,,67,1.0,,,,,12,7,31,5,21,10,ordinary,22,full_coverage_and_all_discovered_cleared,296,6376.276868,40.0,constant,,0.03371987497666851
12,5,True,0,12,1,3,1,clustered__smooth__67,clustered__smooth,9,7,10,12,10,320,,bounded_transverse_width,,locked,39,0.03430599999999373,0,10,cached_distance_prefix_sum,0,0,,,10,0,10,True,0,0,10,0,0,0,8,4,3,306,count_locked_grid21_29,10,10,[],,21634.024166655367,0,,0.0,,False,0,315,619.2804831000001,"[4, 5, 7, 8, 9, 10, 14, 15, 18, 19]",3,30.0,4,0,0,67,1.0,,,,,18,13,3,0,18,10,ordinary,21,full_coverage_and_all_discovered_cleared,280,6192.804831,40.0,constant,,0.03439829096896574
8,0,True,0,8,3,3,0,clustered__smooth__67,clustered__smooth,7,0,,10,10,278,,bounded_transverse_width,,arc,0,0.032452999999996734,,10,,0,0,,,,,,False,0,0,0,5,0,0,,2,2,266,service_free0_grid21_29,,,[],0,21937.729789300964,0,,0.0,,False,0,,601.2545959,"[4, 5, 7, 8, 9, 10, 14, 15, 18, 19]",,30.0,4,,,67,0.5,free,39,0.0,0.0,6,0,0,5,18,10,ordinary,21,full_coverage_and_all_discovered_cleared,245,6012.545959,40.0,constant,,0.03249675000552088
16,2,True,0,16,6,6,0,clustered__smooth__67,clustered__smooth,4,12,,10,10,292,,bounded_transverse_width,,arc,0,0.039563000000001125,,10,,0,0,,,,,,False,0,0,12,5,0,0,,4,3,280,service_free1_grid21_29,,,[],492,22109.667104882476,0,,0.0,,False,0,,612.5933419,"[4, 5, 7, 8, 9, 10, 14, 15, 18, 19]",,30.0,4,,,67,0.5,free,45,1.0,0.0,6,0,0,5,24,10,ordinary,21,full_coverage_and_all_discovered_cleared,254,6125.933419,40.0,constant,,0.03959633398335427
16,2,True,0,16,6,6,0,clustered__smooth__67,clustered__smooth,4,12,,10,10,292,,bounded_transverse_width,,arc,0,0.0380660000000006,,10,,0,0,,,,,,False,0,0,12,5,0,0,,4,3,280,service_free2_grid21_29,,,[],492,22109.667104882476,0,,0.0,,False,0,,612.5933419,"[4, 5, 7, 8, 9, 10, 14, 15, 18, 19]",,30.0,4,,,67,0.5,free,45,2.0,0.0,6,0,0,5,24,10,ordinary,21,full_coverage_and_all_discovered_cleared,254,6125.933419,40.0,constant,,0.03810104099102318
11,2,True,0,11,3,3,0,clustered__smooth__67,clustered__smooth,7,7,,10,10,322,,bounded_transverse_width,,arc,0,0.037359999999999616,,10,,0,0,,,,,,False,0,0,7,4,0,0,,4,3,310,service_locked0_grid21_29,,,[],0,20996.740697958525,0,,0.0,,False,0,,608.3348139,"[4, 5, 7, 8, 9, 10, 14, 15, 18, 19]",,30.0,4,,,67,0.5,locked,40,0.0,0.0,21,2,3,4,19,10,ordinary,21,full_coverage_and_all_discovered_cleared,284,6083.348139,40.0,constant,,0.037405709037557244
11,2,True,0,11,3,3,0,clustered__smooth__67,clustered__smooth,7,7,,10,10,322,,bounded_transverse_width,,arc,0,0.03713600000000383,,10,,0,0,,,,,,False,0,0,7,4,0,0,,4,3,310,service_locked1_grid21_29,,,[],631,20996.740697958525,0,,0.0,,False,0,,608.3348139,"[4, 5, 7, 8, 9, 10, 14, 15, 18, 19]",,30.0,4,,,67,0.5,locked,40,1.0,0.0,21,2,3,4,19,10,ordinary,21,full_coverage_and_all_discovered_cleared,284,6083.348139,40.0,constant,,0.037160417006816715
14,2,True,0,14,4,5,1,clustered__smooth__67,clustered__smooth,6,0,,11,10,308,,bounded_transverse_width,,arc,0,0.03933699999999618,,10,,0,0,,,,,,False,0,0,0,4,0,0,,4,3,295,service_soft20_grid21_29,,,[],357,23241.936687230478,0,,0.0,,False,0,,644.9387338,"[4, 5, 7, 8, 9, 10, 14, 15, 18, 19]",,30.0,4,,,67,0.5,free,44,1.0,20.0,6,0,0,4,23,10,ordinary,21,full_coverage_and_all_discovered_cleared,273,6449.387338,40.0,constant,,0.039347207988612354
17,4,True,0,17,2,2,1,clustered__smooth__67,clustered__smooth,8,0,,10,10,296,,bounded_transverse_width,,arc,0,0.04028499999999724,,10,,0,0,,,,,,False,0,0,0,5,0,0,,3,3,284,service_free1_convex22,,,[],416,21271.824776820602,0,,0.0,,False,0,,598.5364950999999,"[4, 5, 7, 8, 9, 10, 14, 15, 18, 19]",,30.0,4,,,67,0.5,free,46,1.0,0.0,8,0,15,5,24,10,ordinary,22,full_coverage_and_all_discovered_cleared,261,5985.364951,40.0,constant,,0.04038370796479285
11,1,True,0,11,2,2,0,clustered__smooth__67,clustered__smooth,8,20,,10,10,304,,bounded_transverse_width,,arc,0,0.035573999999996886,,10,,0,0,,,,,,False,0,0,20,7,0,0,,4,3,292,service_locked1_convex22,,,[],629,22190.03107133689,0,,0.0,,False,0,,622.0006212000001,"[4, 5, 7, 8, 9, 10, 14, 15, 18, 19]",,30.0,4,,,67,0.5,locked,42,1.0,0.0,12,2,12,7,20,10,ordinary,22,full_coverage_and_all_discovered_cleared,272,6220.006212,40.0,constant,,0.035621041955892
16,3,True,0,16,2,4,0,clustered__smooth__68,clustered__smooth,13,23,,17,15,248,,bounded_transverse_width,,base,0,0.04231099999999799,,15,,0,0,,,,,,False,0,0,23,2,49,0,,4,3,229,range_grid21_29,,,[],,22925.417301976922,0,,0.0,,False,0,,400.93889740000003,"[2, 4, 5, 6, 8, 9, 11, 12, 13, 14, 15, 16, 17, 19, 20]",,30.0,4,,,68,1.0,,,,,35,10,0,2,28,15,ordinary,21,full_coverage_and_all_discovered_cleared,203,6014.083461,40.0,constant,,0.04237891698721796
11,4,True,0,11,2,3,0,clustered__smooth__68,clustered__smooth,13,33,,16,15,235,,bounded_transverse_width,,base,0,0.042324000000000694,,15,,0,0,,,,,,False,0,0,33,1,44,0,,4,2,217,range_convex22,,,[],,21487.89062533045,0,,0.0,,False,0,,376.83854146666664,"[2, 4, 5, 6, 8, 9, 11, 12, 13, 14, 15, 16, 17, 19, 20]",,30.0,4,,,68,1.0,,,,,26,19,3,1,22,15,ordinary,22,full_coverage_and_all_discovered_cleared,192,5652.578122,40.0,constant,,0.042329334013629705
5,0,True,0,5,4,6,0,clustered__smooth__68,clustered__smooth,11,32,33,17,15,254,,bounded_transverse_width,,locked,41,0.04176999999999964,3,15,cached_distance_prefix_sum,0,0,,,33,0,30,True,0,0,33,1,0,0,8,2,2,235,count_locked_grid21_29,5,5,[],,20700.642524182953,0,,0.0,,False,0,432,374.07523380000003,"[2, 4, 5, 6, 8, 9, 11, 12, 13, 14, 15, 16, 17, 19, 20]",1,30.0,4,0,0,68,1.0,,,,,21,6,12,1,20,15,ordinary,21,full_coverage_and_all_discovered_cleared,215,5611.128507,40.0,constant,,0.041829416004475206
16,3,True,0,16,2,4,0,clustered__smooth__68,clustered__smooth,13,30,,17,15,246,,bounded_transverse_width,,arc,0,0.046419999999997685,,15,,0,0,,,,,,False,0,0,30,3,0,0,,4,3,227,service_free0_grid21_29,,,[],0,23006.210341255355,0,,0.0,,False,0,,401.48280446666666,"[2, 4, 5, 6, 8, 9, 11, 12, 13, 14, 15, 16, 17, 19, 20]",,30.0,4,,,68,0.5,free,49,0.0,0.0,27,12,4,4,28,15,ordinary,21,full_coverage_and_all_discovered_cleared,205,6022.242067,40.0,constant,,0.04644574999110773
14,2,True,0,14,4,6,0,clustered__smooth__68,clustered__smooth,11,2,,17,15,244,,bounded_transverse_width,,arc,0,0.04345899999999858,,15,,0,0,,,,,,False,0,0,2,3,0,0,,4,3,225,service_free1_grid21_29,,,[],601,21131.762033184943,0,,0.0,,False,0,,375.2901603333333,"[2, 4, 5, 6, 8, 9, 11, 12, 13, 14, 15, 16, 17, 19, 20]",,30.0,4,,,68,0.5,free,48,1.0,0.0,21,5,0,3,27,15,ordinary,21,full_coverage_and_all_discovered_cleared,197,5629.352405,40.0,constant,,0.04348354204557836
14,2,True,0,14,4,6,0,clustered__smooth__68,clustered__smooth,11,2,,17,15,244,,bounded_transverse_width,,arc,0,0.04381199999999552,,15,,0,0,,,,,,False,0,0,2,3,0,0,,4,3,225,service_free2_grid21_29,,,[],601,21131.762033184943,0,,0.0,,False,0,,375.2901603333333,"[2, 4, 5, 6, 8, 9, 11, 12, 13, 14, 15, 16, 17, 19, 20]",,30.0,4,,,68,0.5,free,48,2.0,0.0,21,5,0,3,27,15,ordinary,21,full_coverage_and_all_discovered_cleared,197,5629.352405,40.0,constant,,0.04387962498003617
10,1,True,0,10,3,5,0,clustered__smooth__68,clustered__smooth,12,35,,17,15,260,,bounded_transverse_width,,arc,0,0.05446199999999379,,15,,0,0,,,,,,False,0,0,35,2,0,0,,4,3,241,service_locked0_grid21_29,,,[],0,21922.14334761549,0,,0.0,,False,0,,392.62857806666665,"[2, 4, 5, 6, 8, 9, 11, 12, 13, 14, 15, 16, 17, 19, 20]",,30.0,4,,,68,0.5,locked,45,0.0,0.0,25,6,12,2,24,15,ordinary,21,full_coverage_and_all_discovered_cleared,219,5889.428671,40.0,constant,,0.05447991698747501
10,1,True,0,10,3,5,0,clustered__smooth__68,clustered__smooth,12,35,,17,15,260,,bounded_transverse_width,,arc,0,0.06030799999999914,,15,,0,0,,,,,,False,0,0,35,2,0,0,,4,3,241,service_locked1_grid21_29,,,[],1168,21922.14334761549,0,,0.0,,False,0,,392.62857806666665,"[2, 4, 5, 6, 8, 9, 11, 12, 13, 14, 15, 16, 17, 19, 20]",,30.0,4,,,68,0.5,locked,45,1.0,0.0,25,6,12,2,24,15,ordinary,21,full_coverage_and_all_discovered_cleared,219,5889.428671,40.0,constant,,0.06033162499079481
20,2,True,0,20,4,7,0,clustered__smooth__68,clustered__smooth,11,1,,18,15,222,,bounded_transverse_width,,arc,0,0.058290999999996984,,15,,0,0,,,,,,False,0,0,1,5,0,0,,4,3,202,service_soft20_grid21_29,,,[],894,23792.683059562594,0,,0.0,,False,0,,402.1024404666667,"[2, 4, 5, 6, 8, 9, 11, 12, 13, 14, 15, 16, 17, 19, 20]",,30.0,4,,,68,0.5,free,54,1.0,20.0,23,7,0,5,33,15,ordinary,21,full_coverage_and_all_discovered_cleared,179,6031.536607,40.0,constant,,0.058422708010766655
17,3,True,0,17,8,9,0,clustered__smooth__68,clustered__smooth,7,0,,16,15,214,,bounded_transverse_width,,arc,0,0.06949600000000089,,15,,0,0,,,,,,False,0,0,0,7,0,0,,3,2,196,service_free1_convex22,,,[],1212,21811.92009649633,0,,0.0,,False,0,,372.9589344,"[2, 4, 5, 6, 8, 9, 11, 12, 13, 14, 15, 16, 17, 19, 20]",,30.0,4,,,68,0.5,free,51,1.0,0.0,30,8,0,7,29,15,ordinary,22,full_coverage_and_all_discovered_cleared,174,5594.384016,40.0,constant,,0.0695230410201475
18,2,True,0,18,3,3,0,clustered__smooth__68,clustered__smooth,12,48,,15,15,265,,bounded_transverse_width,,arc,0,0.04845100000000002,,15,,0,0,,,,,,False,0,0,48,5,0,0,,2,2,248,service_locked1_convex22,,,[],1002,22029.38185942838,0,,0.0,,False,0,,396.05842440000004,"[2, 4, 5, 6, 8, 9, 11, 12, 13, 14, 15, 16, 17, 19, 20]",,30.0,4,,,68,0.5,locked,53,1.0,0.0,25,10,25,5,31,15,ordinary,22,full_coverage_and_all_discovered_cleared,220,5940.876366,40.0,constant,,0.04850154195446521
18,3,True,0,18,6,7,0,clustered__smooth__69,clustered__smooth,9,5,,16,15,243,,bounded_transverse_width,,base,0,0.05567699999999576,,15,,0,0,,,,,,False,0,0,5,9,51,0,,4,3,225,range_grid21_29,,,[],,23899.999141721033,0,,0.0,,False,0,,412.13332166666663,"[2, 3, 4, 5, 6, 7, 8, 9, 10, 11, 12, 13, 14, 16, 18]",,30.0,4,,,69,1.0,,,,,42,1,0,10,30,15,ordinary,21,full_coverage_and_all_discovered_cleared,199,6181.999825,40.0,constant,,0.05570733395870775
6,2,True,0,6,4,6,0,clustered__smooth__69,clustered__smooth,11,0,,17,15,268,,bounded_transverse_width,,base,0,0.04884100000000302,,15,,0,0,,,,,,False,0,0,0,1,41,0,,4,2,249,range_convex22,,,[],,22167.15851238728,0,,0.0,,False,0,,398.89544659999996,"[2, 3, 4, 5, 6, 7, 8, 9, 10, 11, 12, 13, 14, 16, 18]",,30.0,4,,,69,1.0,,,,,19,2,2,1,19,15,ordinary,22,full_coverage_and_all_discovered_cleared,224,5983.431699,40.0,constant,,0.04888712498359382
8,1,True,0,8,5,7,0,clustered__smooth__69,clustered__smooth,10,21,22,17,15,298,,bounded_transverse_width,,locked,43,0.04556300000000135,0,15,cached_distance_prefix_sum,0,0,,,22,0,22,True,0,0,22,1,0,0,8,4,3,279,count_locked_grid21_29,5,5,[],,22512.464167037386,0,,0.0,,False,0,461,415.6328554666667,"[2, 3, 4, 5, 6, 7, 8, 9, 10, 11, 12, 13, 14, 16, 18]",1,30.0,4,0,0,69,1.0,,,,,25,5,0,1,22,15,ordinary,21,full_coverage_and_all_discovered_cleared,256,6234.492832,40.0,constant,,0.04559970903210342
11,0,True,0,11,7,8,0,clustered__smooth__69,clustered__smooth,8,0,,16,15,213,,bounded_transverse_width,,arc,0,0.06082699999999619,,15,,0,0,,,,,,False,0,0,0,9,0,0,,2,2,195,service_free0_grid21_29,,,[],0,21564.750111672627,0,,0.0,,False,0,,369.33000139999996,"[2, 3, 4, 5, 6, 7, 8, 9, 10, 11, 12, 13, 14, 16, 18]",,30.0,4,,,69,0.5,free,47,0.0,0.0,37,0,3,10,26,15,ordinary,21,full_coverage_and_all_discovered_cleared,174,5539.950021,40.0,constant,,0.060897541989106685
16,2,True,0,16,6,7,0,clustered__smooth__69,clustered__smooth,9,0,,16,15,214,,bounded_transverse_width,,arc,0,0.07408699999999868,,15,,0,0,,,,,,False,0,0,0,8,0,0,,3,2,196,service_free1_grid21_29,,,[],1504,21289.867446993016,0,,0.0,,False,0,,365.93156586666663,"[2, 3, 4, 5, 6, 7, 8, 9, 10, 11, 12, 13, 14, 16, 18]",,30.0,4,,,69,0.5,free,50,1.0,0.0,38,0,0,9,29,15,ordinary,21,full_coverage_and_all_discovered_cleared,173,5488.973488,40.0,constant,,0.07414370897458866
16,2,True,0,16,6,7,0,clustered__smooth__69,clustered__smooth,9,0,,16,15,214,,bounded_transverse_width,,arc,0,0.07482100000000003,,15,,0,0,,,,,,False,0,0,0,8,0,0,,3,2,196,service_free2_grid21_29,,,[],1517,21266.656633843002,0,,0.0,,False,0,,365.62208833333335,"[2, 3, 4, 5, 6, 7, 8, 9, 10, 11, 12, 13, 14, 16, 18]",,30.0,4,,,69,0.5,free,50,2.0,0.0,38,0,0,9,29,15,ordinary,21,full_coverage_and_all_discovered_cleared,173,5484.331325,40.0,constant,,0.07487258297624066
4,0,True,0,4,6,8,0,clustered__smooth__69,clustered__smooth,9,21,,17,15,295,,bounded_transverse_width,,arc,0,0.049382999999998844,,15,,0,0,,,,,,False,0,0,21,1,0,0,,1,1,276,service_locked0_grid21_29,,,[],0,20352.838703993286,0,,0.0,,False,0,,385.8378492,"[2, 3, 4, 5, 6, 7, 8, 9, 10, 11, 12, 13, 14, 16, 18]",,30.0,4,,,69,0.5,locked,40,0.0,0.0,21,0,0,1,19,15,ordinary,21,full_coverage_and_all_discovered_cleared,256,5787.567738,40.0,constant,,0.04940991697367281
11,2,True,0,11,7,9,0,clustered__smooth__69,clustered__smooth,8,21,,17,15,309,,bounded_transverse_width,,arc,0,0.05856500000000153,,15,,0,0,,,,,,False,0,0,21,1,0,0,,4,3,290,service_locked1_grid21_29,,,[],1283,21642.133765581842,0,,0.0,,False,0,,408.42845006666664,"[2, 3, 4, 5, 6, 7, 8, 9, 10, 11, 12, 13, 14, 16, 18]",,30.0,4,,,69,0.5,locked,45,1.0,0.0,33,5,0,1,24,15,ordinary,21,full_coverage_and_all_discovered_cleared,267,6126.426751,40.0,constant,,0.05943295900942758
12,1,True,0,12,5,9,0,clustered__smooth__69,clustered__smooth,10,32,,19,15,293,,bounded_transverse_width,,arc,0,0.06331099999999878,,15,,0,0,,,,,,False,0,0,32,4,0,0,,2,2,272,service_soft20_grid21_29,,,[],1441,21876.213280865206,0,,0.0,,False,0,,404.8161770666667,"[2, 3, 4, 5, 6, 7, 8, 9, 10, 11, 12, 13, 14, 16, 18]",,30.0,4,,,69,0.5,free,47,1.0,20.0,34,8,0,5,26,15,ordinary,21,full_coverage_and_all_discovered_cleared,250,6072.242656,40.0,constant,,0.06343720899894834
12,0,True,0,12,7,8,0,clustered__smooth__69,clustered__smooth,8,0,,16,15,210,,bounded_transverse_width,,arc,0,0.07929299999999984,,15,,0,0,,,,,,False,0,0,0,9,0,0,,2,2,192,service_free1_convex22,,,[],1635,21886.67749540549,0,,0.0,,False,0,,372.28903313333336,"[2, 3, 4, 5, 6, 7, 8, 9, 10, 11, 12, 13, 14, 16, 18]",,30.0,4,,,69,0.5,free,49,1.0,0.0,41,0,0,9,27,15,ordinary,22,full_coverage_and_all_discovered_cleared,169,5584.335497,40.0,constant,,0.07933500001672655
7,0,True,0,7,6,7,0,clustered__smooth__69,clustered__smooth,9,2,,16,15,231,,bounded_transverse_width,,arc,0,0.057150000000000034,,15,,0,0,,,,,,False,0,0,2,3,0,0,,3,3,213,service_locked1_convex22,,,[],1170,20874.287055329572,0,,0.0,,False,0,,367.2571605333333,"[2, 3, 4, 5, 6, 7, 8, 9, 10, 11, 12, 13, 14, 16, 18]",,30.0,4,,,69,0.5,locked,44,1.0,0.0,39,6,15,3,22,15,ordinary,22,full_coverage_and_all_discovered_cleared,191,5508.857408,40.0,constant,,0.057194207969587296
8,2,True,0,8,2,2,0,clustered__smooth__70,clustered__smooth,8,1,,10,10,310,,bounded_transverse_width,,base,0,0.032834999999998615,,10,,0,0,,,,,,False,0,0,1,2,37,0,,5,3,298,range_grid21_29,,,[],,21181.872794676117,0,,0.0,,False,0,,605.2374559,"[2, 3, 5, 10, 11, 13, 15, 16, 19, 20]",,30.0,4,,,70,1.0,,,,,16,1,8,2,16,10,ordinary,21,full_coverage_and_all_discovered_cleared,276,6052.374559,40.0,constant,,0.03285683400463313
13,2,True,0,13,3,5,0,clustered__smooth__70,clustered__smooth,7,9,,12,10,322,,bounded_transverse_width,,base,0,0.03624500000000097,,10,,0,0,,,,,,False,0,0,9,1,43,0,,4,3,308,range_convex22,,,[],,21257.497989090847,0,,0.0,,False,0,,612.9499597,"[2, 3, 5, 10, 11, 13, 15, 16, 19, 20]",,30.0,4,,,70,1.0,,,,,19,1,1,1,21,10,ordinary,22,full_coverage_and_all_discovered_cleared,282,6129.499597,40.0,constant,,0.03629966703010723
3,1,True,0,3,4,4,0,clustered__smooth__70,clustered__smooth,6,19,20,10,10,302,,bounded_transverse_width,,locked,33,0.029910999999998467,0,10,cached_distance_prefix_sum,0,0,,,20,0,20,True,0,0,20,1,0,0,8,2,1,290,count_locked_grid21_29,10,10,[],,19941.027554076107,0,,0.0,,False,0,267,575.720551,"[2, 3, 5, 10, 11, 13, 15, 16, 19, 20]",1,30.0,4,0,0,70,1.0,,,,,7,1,12,1,12,10,ordinary,21,full_coverage_and_all_discovered_cleared,269,5757.20551,40.0,constant,,0.029922249959781766
10,1,True,0,10,4,5,0,clustered__smooth__70,clustered__smooth,6,17,,11,10,306,,bounded_transverse_width,,arc,0,0.03681900000000127,,10,,0,0,,,,,,False,0,0,17,3,0,0,,3,2,293,service_free0_grid21_29,,,[],0,20445.74720634175,0,,0.0,,False,0,,587.6149441,"[2, 3, 5, 10, 11, 13, 15, 16, 19, 20]",,30.0,4,,,70,0.5,free,40,0.0,0.0,15,2,2,3,19,10,ordinary,21,full_coverage_and_all_discovered_cleared,269,5876.149441,40.0,constant,,0.03683583298698068
13,3,True,0,13,3,3,0,clustered__smooth__70,clustered__smooth,7,7,,10,10,314,,bounded_transverse_width,,arc,0,0.03857500000000158,,10,,0,0,,,,,,False,0,0,7,0,0,0,,5,3,302,service_free1_grid21_29,,,[],498,21874.378393088435,0,,0.0,,False,0,,621.0875681,"[2, 3, 5, 10, 11, 13, 15, 16, 19, 20]",,30.0,4,,,70,0.5,free,41,1.0,0.0,17,2,1,0,20,10,ordinary,21,full_coverage_and_all_discovered_cleared,276,6210.875681,40.0,constant,,0.0385899159591645
7,0,True,0,7,2,2,0,clustered__smooth__70,clustered__smooth,8,11,,10,10,308,,bounded_transverse_width,,arc,0,0.04081400000000457,,10,,0,0,,,,,,False,0,0,11,3,0,0,,2,2,296,service_free2_grid21_29,,,[],505,22589.1709857102,0,,0.0,,False,0,,631.8834198,"[2, 3, 5, 10, 11, 13, 15, 16, 19, 20]",,30.0,4,,,70,0.5,free,38,2.0,0.0,18,2,14,3,17,10,ordinary,21,full_coverage_and_all_discovered_cleared,271,6318.834198,40.0,constant,,0.04084483301267028
3,0,True,0,3,5,5,0,clustered__smooth__70,clustered__smooth,5,20,,10,10,309,,bounded_transverse_width,,arc,0,0.03522399999999948,,10,,0,0,,,,,,False,0,0,20,2,0,0,,2,2,297,service_locked0_grid21_29,,,[],0,19949.795460530255,0,,0.0,,False,0,,580.2959092,"[2, 3, 5, 10, 11, 13, 15, 16, 19, 20]",,30.0,4,,,70,0.5,locked,34,0.0,0.0,16,1,0,2,13,10,ordinary,21,full_coverage_and_all_discovered_cleared,278,5802.959092,40.0,constant,,0.035242000012658536
3,0,True,0,3,5,5,0,clustered__smooth__70,clustered__smooth,5,20,,10,10,308,,bounded_transverse_width,,arc,0,0.03498399999999435,,10,,0,0,,,,,,False,0,0,20,2,0,0,,2,2,296,service_locked1_grid21_29,,,[],747,20001.947872325985,0,,0.0,,False,0,,580.6389573,"[2, 3, 5, 10, 11, 13, 15, 16, 19, 20]",,30.0,4,,,70,0.5,locked,34,1.0,0.0,16,0,0,2,13,10,ordinary,21,full_coverage_and_all_discovered_cleared,276,5806.389573,40.0,constant,,0.034991499967873096
18,3,True,0,18,3,3,0,clustered__smooth__70,clustered__smooth,7,0,,10,10,298,,bounded_transverse_width,,arc,0,0.04591100000000381,,10,,0,0,,,,,,False,0,0,0,1,0,0,,5,3,286,service_soft20_grid21_29,,,[],684,23956.975295339515,0,,0.0,,False,0,,653.2395058,"[2, 3, 5, 10, 11, 13, 15, 16, 19, 20]",,30.0,4,,,70,0.5,free,46,1.0,20.0,18,7,0,1,25,10,ordinary,21,full_coverage_and_all_discovered_cleared,261,6532.395058,40.0,constant,,0.04592204198706895
13,1,True,0,13,2,2,0,clustered__smooth__70,clustered__smooth,8,13,,10,10,316,,bounded_transverse_width,,arc,0,0.05184699999999509,,10,,0,0,,,,,,False,0,0,13,2,0,0,,4,3,304,service_free1_convex22,,,[],523,23446.83358930509,0,,0.0,,False,0,,653.6366717,"[2, 3, 5, 10, 11, 13, 15, 16, 19, 20]",,30.0,4,,,70,0.5,free,44,1.0,0.0,19,1,32,2,22,10,ordinary,22,full_coverage_and_all_discovered_cleared,277,6536.366717,40.0,constant,,0.05195020796963945
11,2,True,0,11,2,2,0,clustered__smooth__70,clustered__smooth,8,22,,10,10,321,,bounded_transverse_width,,arc,0,0.04111199999999826,,10,,0,0,,,,,,False,0,0,22,3,0,0,,4,2,309,service_locked1_convex22,,,[],884,20370.411377394114,0,,0.0,,False,0,,595.5082274,"[2, 3, 5, 10, 11, 13, 15, 16, 19, 20]",,30.0,4,,,70,0.5,locked,41,1.0,0.0,13,23,2,3,19,10,ordinary,22,full_coverage_and_all_discovered_cleared,286,5955.082274,40.0,constant,,0.04114899999694899
7,1,True,0,7,3,3,0,clustered__smooth__71,clustered__smooth,9,4,,12,12,268,,bounded_transverse_width,,base,0,0.03950400000000087,,12,,0,0,,,,,,False,0,0,4,3,39,0,,3,2,254,range_grid21_29,,,[],,21691.377476977046,0,,0.0,,False,0,,491.68962450000004,"[1, 2, 4, 5, 7, 9, 10, 13, 17, 18, 19, 20]",,30.0,4,,,71,1.0,,,,,30,3,0,3,18,12,ordinary,21,full_coverage_and_all_discovered_cleared,232,5900.275494,40.0,constant,,0.03951850003795698
6,0,True,0,6,3,3,0,clustered__smooth__71,clustered__smooth,9,8,,12,12,282,,bounded_transverse_width,,base,0,0.039030000000003895,,12,,0,0,,,,,,False,0,0,8,2,40,0,,2,2,268,range_convex22,,,[],,22785.981993015375,0,,0.0,,False,0,,516.8496995833333,"[1, 2, 4, 5, 7, 9, 10, 13, 17, 18, 19, 20]",,30.0,4,,,71,1.0,,,,,22,0,5,2,18,12,ordinary,22,full_coverage_and_all_discovered_cleared,245,6202.196395,40.0,constant,,0.03914991702185944
7,1,True,0,7,4,4,0,clustered__smooth__71,clustered__smooth,8,11,11,12,12,258,,bounded_transverse_width,,locked,39,0.03508399999999767,0,12,cached_distance_prefix_sum,0,0,,,11,0,11,True,0,0,11,3,0,0,8,2,1,244,count_locked_grid21_29,8,8,[],,20552.25128485314,0,,0.0,,False,0,165,467.5375211666667,"[1, 2, 4, 5, 7, 9, 10, 13, 17, 18, 19, 20]",0,30.0,4,0,0,71,1.0,,,,,16,0,8,3,18,12,ordinary,21,full_coverage_and_all_discovered_cleared,220,5610.450254,40.0,constant,,0.035108209005557
7,0,True,0,7,4,6,0,clustered__smooth__71,clustered__smooth,8,15,,14,12,250,,bounded_transverse_width,,arc,0,0.04138900000000234,,12,,0,0,,,,,,False,0,0,15,1,0,0,,3,3,234,service_free0_grid21_29,,,[],0,20981.85162110983,0,,0.0,,False,0,,470.53086041666666,"[1, 2, 4, 5, 7, 9, 10, 13, 17, 18, 19, 20]",,30.0,4,,,71,0.5,free,40,0.0,0.0,15,4,2,1,19,12,ordinary,21,full_coverage_and_all_discovered_cleared,214,5646.370325,40.0,constant,,0.04141179099678993
12,1,True,0,12,5,5,0,clustered__smooth__71,clustered__smooth,7,24,,12,12,274,,bounded_transverse_width,,arc,0,0.05203699999999856,,12,,0,0,,,,,,False,0,0,24,6,0,0,,3,3,260,service_free1_grid21_29,,,[],946,20196.829469675682,0,,0.0,,False,0,,470.03049108333335,"[1, 2, 4, 5, 7, 9, 10, 13, 17, 18, 19, 20]",,30.0,4,,,71,0.5,free,44,1.0,0.0,15,0,10,6,23,12,ordinary,21,full_coverage_and_all_discovered_cleared,241,5640.365893,40.0,constant,,0.05207162501756102
9,0,True,0,9,4,4,0,clustered__smooth__71,clustered__smooth,8,8,,12,12,239,,bounded_transverse_width,,arc,0,0.04635300000000342,,12,,0,0,,,,,,False,0,0,8,4,0,0,,3,3,225,service_free2_grid21_29,,,[],730,21504.86492102586,0,,0.0,,False,0,,474.2477485833333,"[1, 2, 4, 5, 7, 9, 10, 13, 17, 18, 19, 20]",,30.0,4,,,71,0.5,free,42,2.0,0.0,12,0,2,4,21,12,ordinary,21,full_coverage_and_all_discovered_cleared,205,5690.972983,40.0,constant,,0.04642454197164625
13,3,True,0,13,4,4,0,clustered__smooth__71,clustered__smooth,8,11,,12,12,265,,bounded_transverse_width,,arc,0,0.04263999999999868,,12,,0,0,,,,,,False,0,0,11,3,0,0,,5,3,251,service_locked0_grid21_29,,,[],0,20734.633030950386,0,,0.0,,False,0,,473.91055033333333,"[1, 2, 4, 5, 7, 9, 10, 13, 17, 18, 19, 20]",,30.0,4,,,71,0.5,locked,43,0.0,0.0,19,0,9,3,22,12,ordinary,21,full_coverage_and_all_discovered_cleared,225,5686.926604,40.0,constant,,0.04271608300041407
13,3,True,0,13,4,4,0,clustered__smooth__71,clustered__smooth,8,11,,12,12,265,,bounded_transverse_width,,arc,0,0.042085999999997625,,12,,0,0,,,,,,False,0,0,11,3,0,0,,5,3,251,service_locked1_grid21_29,,,[],548,20734.633030950386,0,,0.0,,False,0,,473.91055033333333,"[1, 2, 4, 5, 7, 9, 10, 13, 17, 18, 19, 20]",,30.0,4,,,71,0.5,locked,43,1.0,0.0,19,0,9,3,22,12,ordinary,21,full_coverage_and_all_discovered_cleared,225,5686.926604,40.0,constant,,0.04209812497720122
10,1,True,0,10,2,2,0,clustered__smooth__71,clustered__smooth,10,16,,12,12,268,,bounded_transverse_width,,arc,0,0.05843600000000038,,12,,0,0,,,,,,False,0,0,16,3,0,0,,4,3,254,service_soft20_grid21_29,,,[],718,22130.83877900043,0,,0.0,,False,0,,498.93064625000005,"[1, 2, 4, 5, 7, 9, 10, 13, 17, 18, 19, 20]",,30.0,4,,,71,0.5,free,42,1.0,20.0,27,2,1,3,21,12,ordinary,21,full_coverage_and_all_discovered_cleared,231,5987.167755,40.0,constant,,0.05849629198201001
11,1,True,0,11,3,4,0,clustered__smooth__71,clustered__smooth,9,26,,13,12,294,,bounded_transverse_width,,arc,0,0.06156599999999912,,12,,0,0,,,,,,False,0,0,26,4,0,0,,2,2,279,service_free1_convex22,,,[],799,20819.19574307819,0,,0.0,,False,0,,489.4032621666667,"[1, 2, 4, 5, 7, 9, 10, 13, 17, 18, 19, 20]",,30.0,4,,,71,0.5,free,44,1.0,0.0,21,4,0,4,22,12,ordinary,22,full_coverage_and_all_discovered_cleared,251,5872.839146,40.0,constant,,0.061657958023715764
14,2,True,0,14,3,3,0,clustered__smooth__71,clustered__smooth,9,16,,12,12,300,,bounded_transverse_width,,arc,0,0.044950000000000045,,12,,0,0,,,,,,False,0,0,16,3,0,0,,5,3,286,service_locked1_convex22,,,[],726,21747.879670264083,0,,0.0,,False,0,,508.04799391666666,"[1, 2, 4, 5, 7, 9, 10, 13, 17, 18, 19, 20]",,30.0,4,,,71,0.5,locked,46,1.0,0.0,21,2,0,3,24,12,ordinary,22,full_coverage_and_all_discovered_cleared,257,6096.575927,40.0,constant,,0.0450262920348905
9,0,True,0,9,5,5,0,clustered__adversarial-positive__67,clustered__adversarial-positive,5,0,,10,10,278,,bounded_transverse_width,,base,0,0.0296030000000016,,10,,0,0,,,,,,False,0,0,0,4,40,0,,3,3,266,range_grid21_29,,,[],,22926.959414064062,0,,0.0,,False,0,,621.1391881,"[4, 5, 7, 8, 9, 10, 14, 15, 18, 19]",,30.0,4,,,67,1.0,,,,,10,0,0,4,19,10,ordinary,21,full_coverage_and_all_discovered_cleared,246,6211.391881,40.0,constant,,0.029604165989439934
16,2,True,0,16,2,2,0,clustered__adversarial-positive__67,clustered__adversarial-positive,8,14,,10,10,320,,bounded_transverse_width,,base,0,0.031936999999999216,,10,,0,0,,,,,,False,0,0,14,3,46,0,,5,3,308,range_convex22,,,[],,21537.618505787377,0,,0.0,,False,0,,618.0523697,"[4, 5, 7, 8, 9, 10, 14, 15, 18, 19]",,30.0,4,,,67,1.0,,,,,15,6,32,3,24,10,ordinary,22,full_coverage_and_all_discovered_cleared,283,6180.523697,40.0,constant,,0.03194658301072195
7,2,True,0,7,4,4,0,clustered__adversarial-positive__67,clustered__adversarial-positive,6,6,9,10,10,307,,bounded_transverse_width,,locked,36,0.028261000000000536,0,10,cached_distance_prefix_sum,0,0,,,9,0,9,True,0,0,9,0,0,0,8,4,3,295,count_locked_grid21_29,10,10,[],,21157.254131162495,0,,0.0,,False,0,324,602.7450826,"[4, 5, 7, 8, 9, 10, 14, 15, 18, 19]",3,30.0,4,0,0,67,1.0,,,,,15,3,7,0,15,10,ordinary,21,full_coverage_and_all_discovered_cleared,271,6027.450826,40.0,constant,,0.02826091699535027
18,1,True,0,18,3,6,0,clustered__adversarial-positive__67,clustered__adversarial-positive,7,18,,13,10,304,,bounded_transverse_width,,arc,0,0.037157999999998026,,10,,0,0,,,,,,False,0,0,18,4,0,0,,3,3,289,service_free0_grid21_29,,,[],0,23970.88198385026,0,,0.0,,False,0,,656.1176394,"[4, 5, 7, 8, 9, 10, 14, 15, 18, 19]",,30.0,4,,,67,0.5,free,48,0.0,0.0,6,4,0,4,27,10,ordinary,21,full_coverage_and_all_discovered_cleared,263,6561.176394,40.0,constant,,0.03719375003129244
16,1,True,0,16,4,5,0,clustered__adversarial-positive__67,clustered__adversarial-positive,6,33,,11,10,309,,bounded_transverse_width,,arc,0,0.045100000000005025,,10,,0,0,,,,,,False,0,0,33,4,0,0,,3,3,296,service_free1_grid21_29,,,[],646,22392.543658644667,0,,0.0,,False,0,,628.1508732,"[4, 5, 7, 8, 9, 10, 14, 15, 18, 19]",,30.0,4,,,67,0.5,free,46,1.0,0.0,4,0,0,4,25,10,ordinary,21,full_coverage_and_all_discovered_cleared,270,6281.508732,40.0,constant,,0.04514399997424334
19,1,True,0,19,4,4,0,clustered__adversarial-positive__67,clustered__adversarial-positive,6,0,,10,10,282,,bounded_transverse_width,,arc,0,0.044559999999997046,,10,,0,0,,,,,,False,0,0,0,4,0,0,,4,3,270,service_free2_grid21_29,,,[],434,23319.75137113795,0,,0.0,,False,0,,630.8950275,"[4, 5, 7, 8, 9, 10, 14, 15, 18, 19]",,30.0,4,,,67,0.5,free,49,2.0,0.0,6,0,0,6,28,10,ordinary,21,full_coverage_and_all_discovered_cleared,245,6308.950275,40.0,constant,,0.04458166699623689
8,0,True,0,8,4,4,0,clustered__adversarial-positive__67,clustered__adversarial-positive,6,6,,10,10,312,,bounded_transverse_width,,arc,0,0.034022999999997694,,10,,0,0,,,,,,False,0,0,6,4,0,0,,2,2,300,service_locked0_grid21_29,,,[],0,20792.364445984334,0,,0.0,,False,0,,598.5472888,"[4, 5, 7, 8, 9, 10, 14, 15, 18, 19]",,30.0,4,,,67,0.5,locked,39,0.0,0.0,18,1,8,5,18,10,ordinary,21,full_coverage_and_all_discovered_cleared,277,5985.472888,40.0,constant,,0.034033000003546476
8,0,True,0,8,4,4,0,clustered__adversarial-positive__67,clustered__adversarial-positive,6,6,,10,10,312,,bounded_transverse_width,,arc,0,0.0342550000000017,,10,,0,0,,,,,,False,0,0,6,4,0,0,,2,2,300,service_locked1_grid21_29,,,[],583,20792.364445984334,0,,0.0,,False,0,,598.5472888,"[4, 5, 7, 8, 9, 10, 14, 15, 18, 19]",,30.0,4,,,67,0.5,locked,39,1.0,0.0,18,1,8,5,18,10,ordinary,21,full_coverage_and_all_discovered_cleared,277,5985.472888,40.0,constant,,0.03431220800848678
7,0,True,0,7,4,4,0,clustered__adversarial-positive__67,clustered__adversarial-positive,6,6,,10,10,299,,bounded_transverse_width,,arc,0,0.0374789999999976,,10,,0,0,,,,,,False,0,0,6,2,0,0,,2,2,287,service_soft20_grid21_29,,,[],533,20690.054297178533,0,,0.0,,False,0,,588.8010858,"[4, 5, 7, 8, 9, 10, 14, 15, 18, 19]",,30.0,4,,,67,0.5,free,38,1.0,20.0,10,5,0,2,17,10,ordinary,21,full_coverage_and_all_discovered_cleared,265,5888.010858,40.0,constant,,0.03748645802261308
16,1,True,0,16,3,3,0,clustered__adversarial-positive__67,clustered__adversarial-positive,7,0,,10,10,295,,bounded_transverse_width,,arc,0,0.042706000000002575,,10,,0,0,,,,,,False,0,0,0,6,0,0,,3,3,283,service_free1_convex22,,,[],475,21051.674254291655,0,,0.0,,False,0,,593.5334845,"[4, 5, 7, 8, 9, 10, 14, 15, 18, 19]",,30.0,4,,,67,0.5,free,47,1.0,0.0,8,0,15,6,25,10,ordinary,22,full_coverage_and_all_discovered_cleared,260,5935.334845,40.0,constant,,0.042728499975055456
14,2,True,0,14,2,2,0,clustered__adversarial-positive__67,clustered__adversarial-positive,8,27,,10,10,302,,bounded_transverse_width,,arc,0,0.036000000000001364,,10,,0,0,,,,,,False,0,0,27,6,0,0,,4,3,290,service_locked1_convex22,,,[],608,21706.737312903068,0,,0.0,,False,0,,610.6347456000001,"[4, 5, 7, 8, 9, 10, 14, 15, 18, 19]",,30.0,4,,,67,0.5,locked,44,1.0,0.0,7,0,2,6,22,10,ordinary,22,full_coverage_and_all_discovered_cleared,265,6106.347456,40.0,constant,,0.036007708054967225
15,4,True,0,15,3,3,0,clustered__adversarial-positive__68,clustered__adversarial-positive,12,1,,15,15,234,,bounded_transverse_width,,base,0,0.04283999999999821,,15,,0,0,,,,,,False,0,0,1,3,47,0,,4,2,217,range_grid21_29,,,[],,22121.815347750475,0,,0.0,,False,0,,385.15753793333334,"[2, 4, 5, 6, 8, 9, 11, 12, 13, 14, 15, 16, 17, 19, 20]",,30.0,4,,,68,1.0,,,,,34,8,4,3,26,15,ordinary,21,full_coverage_and_all_discovered_cleared,193,5777.363069,40.0,constant,,0.04289295797934756
10,1,True,0,10,1,1,0,clustered__adversarial-positive__68,clustered__adversarial-positive,14,31,,15,15,230,,bounded_transverse_width,,base,0,0.04602400000000273,,15,,0,0,,,,,,False,0,0,31,4,46,0,,3,3,213,range_convex22,,,[],,21890.208087169358,0,,0.0,,False,0,,380.5361076,"[2, 4, 5, 6, 8, 9, 11, 12, 13, 14, 15, 16, 17, 19, 20]",,30.0,4,,,68,1.0,,,,,23,8,1,5,24,15,ordinary,22,full_coverage_and_all_discovered_cleared,190,5708.041614,40.0,constant,,0.046061291999649256
13,2,True,0,13,2,5,0,clustered__adversarial-positive__68,clustered__adversarial-positive,13,39,40,18,15,268,,bounded_transverse_width,,locked,47,0.04629800000000017,3,15,cached_distance_prefix_sum,0,0,,,40,0,37,True,0,0,40,4,0,0,8,3,2,248,count_locked_grid21_29,5,5,[],,21112.58209986795,0,,0.0,,False,0,521,384.8344279333333,"[2, 4, 5, 6, 8, 9, 11, 12, 13, 14, 15, 16, 17, 19, 20]",1,30.0,4,0,0,68,1.0,,,,,24,14,2,4,26,15,ordinary,21,full_coverage_and_all_discovered_cleared,226,5772.516419,40.0,constant,,0.046309333003591746
15,1,True,0,15,8,10,0,clustered__adversarial-positive__68,clustered__adversarial-positive,7,13,,17,15,235,,bounded_transverse_width,,arc,0,0.051731000000003746,,15,,0,0,,,,,,False,0,0,13,3,0,0,,3,3,216,service_free0_grid21_29,,,[],0,22754.298767626497,0,,0.0,,False,0,,393.45731673333336,"[2, 4, 5, 6, 8, 9, 11, 12, 13, 14, 15, 16, 17, 19, 20]",,30.0,4,,,68,0.5,free,50,0.0,0.0,32,1,0,4,29,15,ordinary,21,full_coverage_and_all_discovered_cleared,190,5901.859751,40.0,constant,,0.051809500029776245
16,2,True,0,16,6,7,0,clustered__adversarial-positive__68,clustered__adversarial-positive,9,2,,16,15,236,,bounded_transverse_width,,arc,0,0.06493499999999841,,15,,0,0,,,,,,False,0,0,2,3,0,0,,3,2,218,service_free1_grid21_29,,,[],963,21913.39136490589,0,,0.0,,False,0,,382.77855139999997,"[2, 4, 5, 6, 8, 9, 11, 12, 13, 14, 15, 16, 17, 19, 20]",,30.0,4,,,68,0.5,free,50,1.0,0.0,40,3,0,3,29,15,ordinary,21,full_coverage_and_all_discovered_cleared,191,5741.678271,40.0,constant,,0.0650012080441229
21,1,True,0,21,3,5,0,clustered__adversarial-positive__68,clustered__adversarial-positive,12,10,,17,15,264,,bounded_transverse_width,,arc,0,0.06585899999999612,,15,,0,0,,,,,,False,0,0,10,7,0,0,,3,3,245,service_free2_grid21_29,,,[],973,22500.580179153396,0,,0.0,,False,0,,401.74106893333334,"[2, 4, 5, 6, 8, 9, 11, 12, 13, 14, 15, 16, 17, 19, 20]",,30.0,4,,,68,0.5,free,56,2.0,0.0,33,14,0,7,35,15,ordinary,21,full_coverage_and_all_discovered_cleared,220,6026.116034,40.0,constant,,0.06591766700148582
16,2,True,0,16,3,5,0,clustered__adversarial-positive__68,clustered__adversarial-positive,12,42,,17,15,270,,bounded_transverse_width,,arc,0,0.0553989999999942,,15,,0,0,,,,,,False,0,0,42,6,0,0,,3,3,251,service_locked0_grid21_29,,,[],0,21965.75748202719,0,,0.0,,False,0,,397.01009953333335,"[2, 4, 5, 6, 8, 9, 11, 12, 13, 14, 15, 16, 17, 19, 20]",,30.0,4,,,68,0.5,locked,50,0.0,0.0,27,13,2,7,29,15,ordinary,21,full_coverage_and_all_discovered_cleared,226,5955.151493,40.0,constant,,0.05547920800745487
17,2,True,0,17,2,4,0,clustered__adversarial-positive__68,clustered__adversarial-positive,13,42,,17,15,272,,bounded_transverse_width,,arc,0,0.05726800000000054,,15,,0,0,,,,,,False,0,0,42,7,0,0,,3,3,253,service_locked1_grid21_29,,,[],1588,22037.872528886204,0,,0.0,,False,0,,398.7049668,"[2, 4, 5, 6, 8, 9, 11, 12, 13, 14, 15, 16, 17, 19, 20]",,30.0,4,,,68,0.5,locked,51,1.0,0.0,28,13,2,8,30,15,ordinary,21,full_coverage_and_all_discovered_cleared,227,5980.574502,40.0,constant,,0.05727020901395008
19,1,True,0,19,6,7,0,clustered__adversarial-positive__68,clustered__adversarial-positive,9,2,,16,15,222,,bounded_transverse_width,,arc,0,0.06087099999999879,,15,,0,0,,,,,,False,0,0,2,5,0,0,,3,3,204,service_soft20_grid21_29,,,[],949,23774.353068542954,0,,0.0,,False,0,,402.05804086666666,"[2, 4, 5, 6, 8, 9, 11, 12, 13, 14, 15, 16, 17, 19, 20]",,30.0,4,,,68,0.5,free,54,1.0,20.0,27,2,0,5,33,15,ordinary,21,full_coverage_and_all_discovered_cleared,178,6030.870613,40.0,constant,,0.06093633302953094
21,2,True,0,21,3,4,0,clustered__adversarial-positive__68,clustered__adversarial-positive,12,6,,16,15,248,,bounded_transverse_width,,arc,0,0.06670599999999638,,15,,0,0,,,,,,False,0,0,6,5,0,0,,4,3,230,service_free1_convex22,,,[],902,22174.0529084208,0,,0.0,,False,0,,390.8540385333333,"[2, 4, 5, 6, 8, 9, 11, 12, 13, 14, 15, 16, 17, 19, 20]",,30.0,4,,,68,0.5,free,56,1.0,0.0,24,7,0,5,34,15,ordinary,22,full_coverage_and_all_discovered_cleared,200,5862.810578,40.0,constant,,0.06673279200913385
21,3,True,0,21,5,6,0,clustered__adversarial-positive__68,clustered__adversarial-positive,10,55,,16,15,269,,bounded_transverse_width,,arc,0,0.0493279999999956,,15,,0,0,,,,,,False,0,0,55,8,0,0,,4,3,251,service_locked1_convex22,,,[],1099,21856.26690722211,0,,0.0,,False,0,,395.0835588,"[2, 4, 5, 6, 8, 9, 11, 12, 13, 14, 15, 16, 17, 19, 20]",,30.0,4,,,68,0.5,locked,55,1.0,0.0,20,7,1,9,33,15,ordinary,22,full_coverage_and_all_discovered_cleared,222,5926.253382,40.0,constant,,0.04935262497747317
5,0,True,0,5,5,7,0,clustered__adversarial-positive__69,clustered__adversarial-positive,10,5,,17,15,267,,bounded_transverse_width,,base,0,0.045738000000000056,,15,,0,0,,,,,,False,0,0,5,3,41,0,,2,2,248,range_grid21_29,,,[],,22974.74898337443,0,,0.0,,False,0,,409.5299864,"[2, 3, 4, 5, 6, 7, 8, 9, 10, 11, 12, 13, 14, 16, 18]",,30.0,4,,,69,1.0,,,,,29,5,0,3,20,15,ordinary,21,full_coverage_and_all_discovered_cleared,227,6142.949796,40.0,constant,,0.04576637496938929
8,2,True,0,8,4,4,0,clustered__adversarial-positive__69,clustered__adversarial-positive,11,0,,15,15,231,,bounded_transverse_width,,base,0,0.0595390000000009,,15,,0,0,,,,,,False,0,0,0,2,43,0,,4,2,214,range_convex22,,,[],,21179.85569019956,0,,0.0,,False,0,,371.13140906666666,"[2, 3, 4, 5, 6, 7, 8, 9, 10, 11, 12, 13, 14, 16, 18]",,30.0,4,,,69,1.0,,,,,45,2,6,2,21,15,ordinary,22,full_coverage_and_all_discovered_cleared,186,5566.971136,40.0,constant,,0.05954604200087488
6,0,True,0,6,6,10,0,clustered__adversarial-positive__69,clustered__adversarial-positive,9,20,21,19,15,303,,bounded_transverse_width,,locked,42,0.048284000000002436,0,15,cached_distance_prefix_sum,0,0,,,21,0,21,True,0,0,21,2,0,0,8,1,1,282,count_locked_grid21_29,5,5,[],,21281.58454716469,0,,0.0,,False,0,566,401.08779380000004,"[2, 3, 4, 5, 6, 7, 8, 9, 10, 11, 12, 13, 14, 16, 18]",1,30.0,4,0,0,69,1.0,,,,,26,4,0,2,21,15,ordinary,21,full_coverage_and_all_discovered_cleared,263,6016.316907,40.0,constant,,0.048311624967027456
12,0,True,0,12,7,10,0,clustered__adversarial-positive__69,clustered__adversarial-positive,8,23,,18,15,222,,bounded_transverse_width,,arc,0,0.06762699999999455,,15,,0,0,,,,,,False,0,0,23,6,0,0,,3,3,202,service_free0_grid21_29,,,[],0,22939.880132012524,0,,0.0,,False,0,,390.93173459999997,"[2, 3, 4, 5, 6, 7, 8, 9, 10, 11, 12, 13, 14, 16, 18]",,30.0,4,,,69,0.5,free,48,0.0,0.0,43,0,0,6,27,15,ordinary,21,full_coverage_and_all_discovered_cleared,182,5863.976019,40.0,constant,,0.06764720799401402
15,1,True,0,15,5,8,0,clustered__adversarial-positive__69,clustered__adversarial-positive,10,0,,18,15,224,,bounded_transverse_width,,arc,0,0.07861899999999622,,15,,0,0,,,,,,False,0,0,0,7,0,0,,3,3,204,service_free1_grid21_29,,,[],1269,21596.045004326945,0,,0.0,,False,0,,373.74726633333336,"[2, 3, 4, 5, 6, 7, 8, 9, 10, 11, 12, 13, 14, 16, 18]",,30.0,4,,,69,0.5,free,50,1.0,0.0,45,0,0,7,29,15,ordinary,21,full_coverage_and_all_discovered_cleared,183,5606.208995,40.0,constant,,0.0786530839977786
17,3,True,0,17,5,8,0,clustered__adversarial-positive__69,clustered__adversarial-positive,10,0,,18,15,223,,bounded_transverse_width,,arc,0,0.07817099999999755,,15,,0,0,,,,,,False,0,0,0,5,0,0,,4,3,203,service_free2_grid21_29,,,[],1263,21361.438518185874,0,,0.0,,False,0,,370.1525132666667,"[2, 3, 4, 5, 6, 7, 8, 9, 10, 11, 12, 13, 14, 16, 18]",,30.0,4,,,69,0.5,free,50,2.0,0.0,44,0,0,5,29,15,ordinary,21,full_coverage_and_all_discovered_cleared,181,5552.287699,40.0,constant,,0.0781870000064373
6,0,True,0,6,6,9,0,clustered__adversarial-positive__69,clustered__adversarial-positive,9,20,,18,15,299,,bounded_transverse_width,,arc,0,0.051712999999999454,,15,,0,0,,,,,,False,0,0,20,3,0,0,,1,1,279,service_locked0_grid21_29,,,[],0,20445.290077119418,0,,0.0,,False,0,,388.53720093333334,"[2, 3, 4, 5, 6, 7, 8, 9, 10, 11, 12, 13, 14, 16, 18]",,30.0,4,,,69,0.5,locked,42,0.0,0.0,21,2,0,3,21,15,ordinary,21,full_coverage_and_all_discovered_cleared,260,5828.058014,40.0,constant,,0.05171308299759403
6,0,True,0,6,6,9,0,clustered__adversarial-positive__69,clustered__adversarial-positive,9,20,,18,15,299,,bounded_transverse_width,,arc,0,0.05277900000000102,,15,,0,0,,,,,,False,0,0,20,3,0,0,,1,1,279,service_locked1_grid21_29,,,[],1250,20445.290077119418,0,,0.0,,False,0,,388.53720093333334,"[2, 3, 4, 5, 6, 7, 8, 9, 10, 11, 12, 13, 14, 16, 18]",,30.0,4,,,69,0.5,locked,42,1.0,0.0,21,2,0,3,21,15,ordinary,21,full_coverage_and_all_discovered_cleared,260,5828.058014,40.0,constant,,0.05280979198869318
23,3,True,0,23,6,9,0,clustered__adversarial-positive__69,clustered__adversarial-positive,9,17,,18,15,272,,bounded_transverse_width,,arc,0,0.0849190000000064,,15,,0,0,,,,,,False,0,0,17,5,0,0,,5,3,252,service_soft20_grid21_29,,,[],1402,25419.316556943297,0,,0.0,,False,0,,443.7242205333333,"[2, 3, 4, 5, 6, 7, 8, 9, 10, 11, 12, 13, 14, 16, 18]",,30.0,4,,,69,0.5,free,56,1.0,20.0,43,1,0,6,35,15,ordinary,21,full_coverage_and_all_discovered_cleared,228,6655.863308,40.0,constant,,0.08492833300260827
12,0,True,0,12,4,7,0,clustered__adversarial-positive__69,clustered__adversarial-positive,11,0,,18,15,218,,bounded_transverse_width,,arc,0,0.0905830000000023,,15,,0,0,,,,,,False,0,0,0,6,0,0,,3,3,198,service_free1_convex22,,,[],1280,21052.12443914284,0,,0.0,,False,0,,364.09499213333334,"[2, 3, 4, 5, 6, 7, 8, 9, 10, 11, 12, 13, 14, 16, 18]",,30.0,4,,,69,0.5,free,49,1.0,0.0,46,0,2,6,27,15,ordinary,22,full_coverage_and_all_discovered_cleared,177,5461.424882,40.0,constant,,0.09706012503011152
10,1,True,0,10,8,12,0,clustered__adversarial-positive__69,clustered__adversarial-positive,7,0,,19,15,232,,bounded_transverse_width,,arc,0,0.060155000000001735,,15,,0,0,,,,,,False,0,0,0,5,0,0,,3,2,211,service_locked1_convex22,,,[],1250,21600.182074232587,0,,0.0,,False,0,,376.73576073333334,"[2, 3, 4, 5, 6, 7, 8, 9, 10, 11, 12, 13, 14, 16, 18]",,30.0,4,,,69,0.5,locked,46,1.0,0.0,38,0,8,5,24,15,ordinary,22,full_coverage_and_all_discovered_cleared,189,5651.036411,40.0,constant,,0.06017549999523908
6,0,True,0,6,5,5,0,clustered__adversarial-positive__70,clustered__adversarial-positive,5,21,,10,10,314,,bounded_transverse_width,,base,0,0.03257599999999883,,10,,0,0,,,,,,False,0,0,21,4,37,0,,1,1,302,range_grid21_29,,,[],,20902.22111823529,0,,0.0,,False,0,,601.9444224,"[2, 3, 5, 10, 11, 13, 15, 16, 19, 20]",,30.0,4,,,70,1.0,,,,,16,0,1,4,16,10,ordinary,21,full_coverage_and_all_discovered_cleared,279,6019.444224,40.0,constant,,0.03265904198633507
12,2,True,0,12,3,4,0,clustered__adversarial-positive__70,clustered__adversarial-positive,7,8,,11,10,317,,bounded_transverse_width,,base,0,0.034953000000001566,,10,,0,0,,,,,,False,0,0,8,5,42,0,,3,2,304,range_convex22,,,[],,21587.737132686772,0,,0.0,,False,0,,616.7547422,"[2, 3, 5, 10, 11, 13, 15, 16, 19, 20]",,30.0,4,,,70,1.0,,,,,14,1,2,5,20,10,ordinary,22,full_coverage_and_all_discovered_cleared,277,6167.547422,40.0,constant,,0.03495254198787734
2,0,True,0,2,5,5,0,clustered__adversarial-positive__70,clustered__adversarial-positive,5,19,20,10,10,301,,bounded_transverse_width,,locked,33,0.029747999999997887,0,10,cached_distance_prefix_sum,0,0,,,20,0,20,True,0,0,20,1,0,0,8,1,1,289,count_locked_grid21_29,10,10,[],,19932.620850284533,0,,0.0,,False,0,264,574.852417,"[2, 3, 5, 10, 11, 13, 15, 16, 19, 20]",1,30.0,4,0,0,70,1.0,,,,,8,0,12,1,12,10,ordinary,21,full_coverage_and_all_discovered_cleared,267,5748.52417,40.0,constant,,0.029747874999884516
7,0,True,0,7,4,4,0,clustered__adversarial-positive__70,clustered__adversarial-positive,6,17,,10,10,306,,bounded_transverse_width,,arc,0,0.03779800000000222,,10,,0,0,,,,,,False,0,0,17,5,0,0,,1,1,294,service_free0_grid21_29,,,[],0,20420.564256435482,0,,0.0,,False,0,,587.8112851,"[2, 3, 5, 10, 11, 13, 15, 16, 19, 20]",,30.0,4,,,70,0.5,free,38,0.0,0.0,17,1,1,5,17,10,ordinary,21,full_coverage_and_all_discovered_cleared,274,5878.112851,40.0,constant,,0.03779745794599876
12,3,True,0,12,2,3,0,clustered__adversarial-positive__70,clustered__adversarial-positive,8,9,,11,10,313,,bounded_transverse_width,,arc,0,0.04182399999999831,,10,,0,0,,,,,,False,0,0,9,4,0,0,,5,3,300,service_free1_grid21_29,,,[],445,21490.0990606154,0,,0.0,,False,0,,613.0019811999999,"[2, 3, 5, 10, 11, 13, 15, 16, 19, 20]",,30.0,4,,,70,0.5,free,40,1.0,0.0,17,1,1,4,19,10,ordinary,21,full_coverage_and_all_discovered_cleared,279,6130.019812,40.0,constant,,0.04187879204982892
15,4,True,0,15,3,4,0,clustered__adversarial-positive__70,clustered__adversarial-positive,7,10,,11,10,316,,bounded_transverse_width,,arc,0,0.04530399999999446,,10,,0,0,,,,,,False,0,0,10,4,0,0,,5,3,303,service_free2_grid21_29,,,[],477,22198.003484320398,0,,0.0,,False,0,,628.7600698,"[2, 3, 5, 10, 11, 13, 15, 16, 19, 20]",,30.0,4,,,70,0.5,free,42,2.0,0.0,19,1,16,5,21,10,ordinary,21,full_coverage_and_all_discovered_cleared,280,6287.600698,40.0,constant,,0.04531533399131149
4,0,True,0,4,5,6,0,clustered__adversarial-positive__70,clustered__adversarial-positive,5,11,,11,10,312,,bounded_transverse_width,,arc,0,0.036949999999997374,,10,,0,0,,,,,,False,0,0,11,2,0,0,,2,2,299,service_locked0_grid21_29,,,[],0,20106.78912935738,0,,0.0,,False,0,,584.7357824,"[2, 3, 5, 10, 11, 13, 15, 16, 19, 20]",,30.0,4,,,70,0.5,locked,35,0.0,0.0,20,1,11,2,14,10,ordinary,21,full_coverage_and_all_discovered_cleared,278,5847.357824,40.0,constant,,0.03695070801768452
4,0,True,0,4,5,6,0,clustered__adversarial-positive__70,clustered__adversarial-positive,5,11,,11,10,312,,bounded_transverse_width,,arc,0,0.037499999999994316,,10,,0,0,,,,,,False,0,0,11,2,0,0,,2,2,299,service_locked1_grid21_29,,,[],746,20106.78912935738,0,,0.0,,False,0,,584.7357824,"[2, 3, 5, 10, 11, 13, 15, 16, 19, 20]",,30.0,4,,,70,0.5,locked,35,1.0,0.0,20,1,11,2,14,10,ordinary,21,full_coverage_and_all_discovered_cleared,278,5847.357824,40.0,constant,,0.03751737502170727
18,3,True,0,18,3,4,0,clustered__adversarial-positive__70,clustered__adversarial-positive,7,1,,11,10,296,,bounded_transverse_width,,arc,0,0.04986199999999741,,10,,0,0,,,,,,False,0,0,1,2,0,0,,5,3,283,service_soft20_grid21_29,,,[],484,23744.930788916197,0,,0.0,,False,0,,647.3986160000001,"[2, 3, 5, 10, 11, 13, 15, 16, 19, 20]",,30.0,4,,,70,0.5,free,46,1.0,20.0,14,2,17,2,25,10,ordinary,21,full_coverage_and_all_discovered_cleared,257,6473.98616,40.0,constant,,0.049873209034558386
16,1,True,0,16,2,3,0,clustered__adversarial-positive__70,clustered__adversarial-positive,8,2,,11,10,314,,bounded_transverse_width,,arc,0,0.045076999999999146,,10,,0,0,,,,,,False,0,0,2,5,0,0,,3,3,301,service_free1_convex22,,,[],485,21546.044451013706,0,,0.0,,False,0,,614.0208889,"[2, 3, 5, 10, 11, 13, 15, 16, 19, 20]",,30.0,4,,,70,0.5,free,47,1.0,0.0,13,0,1,5,25,10,ordinary,22,full_coverage_and_all_discovered_cleared,273,6140.208889,40.0,constant,,0.04510049999225885
15,3,True,0,15,1,3,0,clustered__adversarial-positive__70,clustered__adversarial-positive,9,18,,12,10,325,,bounded_transverse_width,,arc,0,0.040953000000001794,,10,,0,0,,,,,,False,0,0,18,2,0,0,,4,4,311,service_locked1_convex22,,,[],881,20856.2118047661,0,,0.0,,False,0,,607.024236,"[2, 3, 5, 10, 11, 13, 15, 16, 19, 20]",,30.0,4,,,70,0.5,locked,44,1.0,0.0,14,15,0,2,22,10,ordinary,22,full_coverage_and_all_discovered_cleared,288,6070.24236,40.0,constant,,0.04095358296763152
7,2,True,0,7,3,3,0,clustered__adversarial-positive__71,clustered__adversarial-positive,9,4,,12,12,264,,bounded_transverse_width,,base,0,0.03556199999999876,,12,,0,0,,,,,,False,0,0,4,1,38,0,,2,1,250,range_grid21_29,,,[],,20697.65947910078,0,,0.0,,False,0,,472.96099125,"[1, 2, 4, 5, 7, 9, 10, 13, 17, 18, 19, 20]",,30.0,4,,,71,1.0,,,,,21,3,1,1,17,12,ordinary,21,full_coverage_and_all_discovered_cleared,226,5675.531895,40.0,constant,,0.03562699997564778
6,1,True,0,6,2,3,0,clustered__adversarial-positive__71,clustered__adversarial-positive,10,23,,13,12,282,,bounded_transverse_width,,base,0,0.04041000000000139,,12,,0,0,,,,,,False,0,0,23,3,39,0,,4,3,267,range_convex22,,,[],,22094.146278406493,0,,0.0,,False,0,,505.2357710833333,"[1, 2, 4, 5, 7, 9, 10, 13, 17, 18, 19, 20]",,30.0,4,,,71,1.0,,,,,20,1,18,3,17,12,ordinary,22,full_coverage_and_all_discovered_cleared,246,6062.829253,40.0,constant,,0.04044341598637402
9,2,True,0,9,6,6,0,clustered__adversarial-positive__71,clustered__adversarial-positive,6,11,11,12,12,258,,bounded_transverse_width,,locked,40,0.03427899999999795,0,12,cached_distance_prefix_sum,0,0,,,11,0,11,True,0,0,11,3,0,0,8,5,3,244,count_locked_grid21_29,8,8,[],,20580.014477325934,0,,0.0,,False,0,165,467.91690783333337,"[1, 2, 4, 5, 7, 9, 10, 13, 17, 18, 19, 20]",0,30.0,4,0,0,71,1.0,,,,,15,0,8,3,19,12,ordinary,21,full_coverage_and_all_discovered_cleared,219,5615.002894,40.0,constant,,0.03427979099797085
5,0,True,0,5,4,4,0,clustered__adversarial-positive__71,clustered__adversarial-positive,8,17,,12,12,247,,bounded_transverse_width,,arc,0,0.04233100000000434,,12,,0,0,,,,,,False,0,0,17,1,0,0,,3,3,233,service_free0_grid21_29,,,[],0,21293.869855476278,0,,0.0,,False,0,,474.89783091666663,"[1, 2, 4, 5, 7, 9, 10, 13, 17, 18, 19, 20]",,30.0,4,,,71,0.5,free,38,0.0,0.0,17,4,2,1,17,12,ordinary,21,full_coverage_and_all_discovered_cleared,215,5698.773971,40.0,constant,,0.04235087498091161
15,3,True,0,15,3,3,0,clustered__adversarial-positive__71,clustered__adversarial-positive,9,32,,12,12,271,,bounded_transverse_width,,arc,0,0.057099999999998374,,12,,0,0,,,,,,False,0,0,32,4,0,0,,4,3,257,service_free1_grid21_29,,,[],1066,20828.124721686483,0,,0.0,,False,0,,478.63541191666667,"[1, 2, 4, 5, 7, 9, 10, 13, 17, 18, 19, 20]",,30.0,4,,,71,0.5,free,45,1.0,0.0,18,4,0,4,24,12,ordinary,21,full_coverage_and_all_discovered_cleared,233,5743.624943,40.0,constant,,0.05714733398053795
15,3,True,0,15,3,3,0,clustered__adversarial-positive__71,clustered__adversarial-positive,9,32,,12,12,271,,bounded_transverse_width,,arc,0,0.05717199999999423,,12,,0,0,,,,,,False,0,0,32,4,0,0,,4,3,257,service_free2_grid21_29,,,[],1067,20831.966650363476,0,,0.0,,False,0,,478.6994440833334,"[1, 2, 4, 5, 7, 9, 10, 13, 17, 18, 19, 20]",,30.0,4,,,71,0.5,free,45,2.0,0.0,18,4,0,4,24,12,ordinary,21,full_coverage_and_all_discovered_cleared,233,5744.393329,40.0,constant,,0.057194666005671024
13,2,True,0,13,6,6,0,clustered__adversarial-positive__71,clustered__adversarial-positive,6,11,,12,12,262,,bounded_transverse_width,,arc,0,0.04171999999999798,,12,,0,0,,,,,,False,0,0,11,4,0,0,,5,3,248,service_locked0_grid21_29,,,[],0,20556.013951355864,0,,0.0,,False,0,,469.3502325833333,"[1, 2, 4, 5, 7, 9, 10, 13, 17, 18, 19, 20]",,30.0,4,,,71,0.5,locked,44,0.0,0.0,15,0,8,5,23,12,ordinary,21,full_coverage_and_all_discovered_cleared,221,5632.202791,40.0,constant,,0.0417672079638578
13,2,True,0,13,6,6,0,clustered__adversarial-positive__71,clustered__adversarial-positive,6,11,,12,12,262,,bounded_transverse_width,,arc,0,0.042261000000003435,,12,,0,0,,,,,,False,0,0,11,4,0,0,,5,3,248,service_locked1_grid21_29,,,[],630,20556.013951355864,0,,0.0,,False,0,,469.3502325833333,"[1, 2, 4, 5, 7, 9, 10, 13, 17, 18, 19, 20]",,30.0,4,,,71,0.5,locked,44,1.0,0.0,15,0,8,5,23,12,ordinary,21,full_coverage_and_all_discovered_cleared,221,5632.202791,40.0,constant,,0.04227987496415153
10,1,True,0,10,3,4,0,clustered__adversarial-positive__71,clustered__adversarial-positive,9,7,,13,12,271,,bounded_transverse_width,,arc,0,0.05724299999999971,,12,,0,0,,,,,,False,0,0,7,2,0,0,,4,3,256,service_soft20_grid21_29,,,[],715,21363.75351290179,0,,0.0,,False,0,,487.5625585,"[1, 2, 4, 5, 7, 9, 10, 13, 17, 18, 19, 20]",,30.0,4,,,71,0.5,free,42,1.0,20.0,28,2,2,3,21,12,ordinary,21,full_coverage_and_all_discovered_cleared,235,5850.750702,40.0,constant,,0.05725029099266976
8,0,True,0,8,3,4,0,clustered__adversarial-positive__71,clustered__adversarial-positive,9,34,,13,12,297,,bounded_transverse_width,,arc,0,0.06052700000000044,,12,,0,0,,,,,,False,0,0,34,4,0,0,,2,2,282,service_free1_convex22,,,[],908,22226.735174981033,0,,0.0,,False,0,,514.5289193333333,"[1, 2, 4, 5, 7, 9, 10, 13, 17, 18, 19, 20]",,30.0,4,,,71,0.5,free,42,1.0,0.0,18,6,32,4,20,12,ordinary,22,full_coverage_and_all_discovered_cleared,256,6174.347032,40.0,constant,,0.060572334041353315
15,2,True,0,15,3,4,0,clustered__adversarial-positive__71,clustered__adversarial-positive,9,24,,13,12,305,,bounded_transverse_width,,arc,0,0.046129999999998006,,12,,0,0,,,,,,False,0,0,24,4,0,0,,5,3,290,service_locked1_convex22,,,[],834,22397.96589409696,0,,0.0,,False,0,,521.3827646666667,"[1, 2, 4, 5, 7, 9, 10, 13, 17, 18, 19, 20]",,30.0,4,,,71,0.5,locked,47,1.0,0.0,18,6,26,4,25,12,ordinary,22,full_coverage_and_all_discovered_cleared,264,6256.593176,40.0,constant,,0.04617741599213332
7,1,True,0,7,2,3,0,clustered__adversarial-negative__67,clustered__adversarial-negative,8,0,,11,10,277,,bounded_transverse_width,,base,0,0.028404999999999347,,10,,0,0,,,,,,False,0,0,0,3,37,0,,2,2,264,range_grid21_29,,,[],,20763.350319975176,0,,0.0,,False,0,,576.767006,"[4, 5, 7, 8, 9, 10, 14, 15, 18, 19]",,30.0,4,,,67,1.0,,,,,7,0,1,3,16,10,ordinary,21,full_coverage_and_all_discovered_cleared,242,5767.67006,40.0,constant,,0.028405999997630715
14,2,True,0,14,2,2,0,clustered__adversarial-negative__67,clustered__adversarial-negative,8,19,,10,10,316,,bounded_transverse_width,,base,0,0.0318719999999999,,10,,0,0,,,,,,False,0,0,19,3,44,0,,4,3,304,range_convex22,,,[],,21158.809454715847,0,,0.0,,False,0,,608.0761886,"[4, 5, 7, 8, 9, 10, 14, 15, 18, 19]",,30.0,4,,,67,1.0,,,,,7,0,30,3,22,10,ordinary,22,full_coverage_and_all_discovered_cleared,279,6080.761886,40.0,constant,,0.03187175001949072
8,2,True,0,8,3,3,0,clustered__adversarial-negative__67,clustered__adversarial-negative,7,9,12,10,10,308,,bounded_transverse_width,,locked,37,0.031058000000001584,0,10,cached_distance_prefix_sum,0,0,,,12,0,12,True,0,0,12,0,0,0,8,4,3,296,count_locked_grid21_29,10,10,[],,21345.654090665183,0,,0.0,,False,0,314,606.9130817,"[4, 5, 7, 8, 9, 10, 14, 15, 18, 19]",3,30.0,4,0,0,67,1.0,,,,,18,2,7,0,16,10,ordinary,21,full_coverage_and_all_discovered_cleared,270,6069.130817,40.0,constant,,0.03111874999012798
10,1,True,0,10,4,4,0,clustered__adversarial-negative__67,clustered__adversarial-negative,6,0,,10,10,281,,bounded_transverse_width,,arc,0,0.032057999999999254,,10,,0,0,,,,,,False,0,0,0,5,0,0,,4,3,269,service_free0_grid21_29,,,[],0,20845.89308117047,0,,0.0,,False,0,,581.3178616,"[4, 5, 7, 8, 9, 10, 14, 15, 18, 19]",,30.0,4,,,67,0.5,free,40,0.0,0.0,4,0,1,5,19,10,ordinary,21,full_coverage_and_all_discovered_cleared,249,5813.178616,40.0,constant,,0.032057875010650605
13,1,True,0,13,2,2,0,clustered__adversarial-negative__67,clustered__adversarial-negative,8,33,,10,10,306,,bounded_transverse_width,,arc,0,0.037734999999997854,,10,,0,0,,,,,,False,0,0,33,2,0,0,,4,3,294,service_free1_grid21_29,,,[],539,22213.3676145613,0,,0.0,,False,0,,623.2673522,"[4, 5, 7, 8, 9, 10, 14, 15, 18, 19]",,30.0,4,,,67,0.5,free,43,1.0,0.0,5,0,0,2,22,10,ordinary,21,full_coverage_and_all_discovered_cleared,270,6232.673522,40.0,constant,,0.03775191702879965
13,1,True,0,13,2,2,0,clustered__adversarial-negative__67,clustered__adversarial-negative,8,33,,10,10,306,,bounded_transverse_width,,arc,0,0.03822100000000006,,10,,0,0,,,,,,False,0,0,33,2,0,0,,4,3,294,service_free2_grid21_29,,,[],539,22213.3676145613,0,,0.0,,False,0,,623.2673522,"[4, 5, 7, 8, 9, 10, 14, 15, 18, 19]",,30.0,4,,,67,0.5,free,43,2.0,0.0,5,0,0,2,22,10,ordinary,21,full_coverage_and_all_discovered_cleared,270,6232.673522,40.0,constant,,0.03822187497280538
11,2,True,0,11,4,4,0,clustered__adversarial-negative__67,clustered__adversarial-negative,6,9,,10,10,316,,bounded_transverse_width,,arc,0,0.03566200000000208,,10,,0,0,,,,,,False,0,0,9,4,0,0,,4,3,304,service_locked0_grid21_29,,,[],0,21274.270304798287,0,,0.0,,False,0,,610.285406,"[4, 5, 7, 8, 9, 10, 14, 15, 18, 19]",,30.0,4,,,67,0.5,locked,40,0.0,0.0,21,2,7,4,19,10,ordinary,21,full_coverage_and_all_discovered_cleared,278,6102.85406,40.0,constant,,0.03569304203847423
11,2,True,0,11,4,4,0,clustered__adversarial-negative__67,clustered__adversarial-negative,6,9,,10,10,316,,bounded_transverse_width,,arc,0,0.035675999999995156,,10,,0,0,,,,,,False,0,0,9,4,0,0,,4,3,304,service_locked1_grid21_29,,,[],601,21274.270304798287,0,,0.0,,False,0,,610.285406,"[4, 5, 7, 8, 9, 10, 14, 15, 18, 19]",,30.0,4,,,67,0.5,locked,40,1.0,0.0,21,2,7,4,19,10,ordinary,21,full_coverage_and_all_discovered_cleared,278,6102.85406,40.0,constant,,0.035675166989676654
14,2,True,0,14,3,4,1,clustered__adversarial-negative__67,clustered__adversarial-negative,7,0,,11,10,310,,bounded_transverse_width,,arc,0,0.04169600000000173,,10,,0,0,,,,,,False,0,0,0,4,0,0,,4,3,297,service_soft20_grid21_29,,,[],340,22655.525310669098,0,,0.0,,False,0,,634.1105064000001,"[4, 5, 7, 8, 9, 10, 14, 15, 18, 19]",,30.0,4,,,67,0.5,free,44,1.0,20.0,7,0,0,4,23,10,ordinary,21,full_coverage_and_all_discovered_cleared,272,6341.105064,40.0,constant,,0.04172379203373566
17,2,True,0,17,2,2,0,clustered__adversarial-negative__67,clustered__adversarial-negative,8,0,,10,10,295,,bounded_transverse_width,,arc,0,0.042526000000002284,,10,,0,0,,,,,,False,0,0,0,5,0,0,,4,3,283,service_free1_convex22,,,[],464,21202.356126199084,0,,0.0,,False,0,,596.7471223,"[4, 5, 7, 8, 9, 10, 14, 15, 18, 19]",,30.0,4,,,67,0.5,free,47,1.0,0.0,7,0,15,5,25,10,ordinary,22,full_coverage_and_all_discovered_cleared,262,5967.471223,40.0,constant,,0.04252524999901652
11,0,True,0,11,3,4,0,clustered__adversarial-negative__67,clustered__adversarial-negative,7,27,,11,10,312,,bounded_transverse_width,,arc,0,0.036977999999997735,,10,,0,0,,,,,,False,0,0,27,7,0,0,,3,3,299,service_locked1_convex22,,,[],735,21423.773317952742,0,,0.0,,False,0,,610.8754659,"[4, 5, 7, 8, 9, 10, 14, 15, 18, 19]",,30.0,4,,,67,0.5,locked,43,1.0,0.0,10,3,5,7,21,10,ordinary,22,full_coverage_and_all_discovered_cleared,276,6108.754659,40.0,constant,,0.03701745899161324
12,3,True,0,12,2,5,0,clustered__adversarial-negative__68,clustered__adversarial-negative,13,63,,18,15,259,,bounded_transverse_width,,base,0,0.03802499999999753,,15,,0,0,,,,,,False,0,0,63,3,45,0,,2,2,239,range_grid21_29,,,[],,22818.536970205703,0,,0.0,,False,0,,403.7138261333333,"[2, 4, 5, 6, 8, 9, 11, 12, 13, 14, 15, 16, 17, 19, 20]",,30.0,4,,,68,1.0,,,,,22,5,15,3,24,15,ordinary,21,full_coverage_and_all_discovered_cleared,213,6055.707392,40.0,constant,,0.0380362500436604
10,1,True,0,10,0,2,0,clustered__adversarial-negative__68,clustered__adversarial-negative,15,32,,17,15,242,,bounded_transverse_width,,base,0,0.045658000000003085,,15,,0,0,,,,,,False,0,0,32,2,46,0,,2,2,223,range_convex22,,,[],,21526.16746655369,0,,0.0,,False,0,,380.08223273333334,"[2, 4, 5, 6, 8, 9, 11, 12, 13, 14, 15, 16, 17, 19, 20]",,30.0,4,,,68,1.0,,,,,31,18,2,2,24,15,ordinary,22,full_coverage_and_all_discovered_cleared,200,5701.233491,40.0,constant,,0.04565745795844123
8,2,True,0,8,3,5,0,clustered__adversarial-negative__68,clustered__adversarial-negative,12,32,34,17,15,257,,bounded_transverse_width,,locked,42,0.042544999999996946,2,15,cached_distance_prefix_sum,0,0,,,34,0,32,True,0,0,34,0,0,0,8,3,2,238,count_locked_grid21_29,5,5,[],,20863.138640700527,0,,0.0,,False,0,432,377.44184839999997,"[2, 4, 5, 6, 8, 9, 11, 12, 13, 14, 15, 16, 17, 19, 20]",2,30.0,4,0,0,68,1.0,,,,,21,21,12,0,21,15,ordinary,21,full_coverage_and_all_discovered_cleared,218,5661.627726,40.0,constant,,0.04256508295657113
10,1,True,0,10,4,6,0,clustered__adversarial-negative__68,clustered__adversarial-negative,11,8,,17,15,228,,bounded_transverse_width,,arc,0,0.05026399999999853,,15,,0,0,,,,,,False,0,0,8,3,0,0,,2,2,209,service_free0_grid21_29,,,[],0,21441.240178199794,0,,0.0,,False,0,,373.34986906666666,"[2, 4, 5, 6, 8, 9, 11, 12, 13, 14, 15, 16, 17, 19, 20]",,30.0,4,,,68,0.5,free,45,0.0,0.0,25,3,0,3,24,15,ordinary,21,full_coverage_and_all_discovered_cleared,186,5600.248036,40.0,constant,,0.050284957978874445
12,0,True,0,12,6,7,0,clustered__adversarial-negative__68,clustered__adversarial-negative,9,3,,16,15,242,,bounded_transverse_width,,arc,0,0.051197000000001935,,15,,0,0,,,,,,False,0,0,3,4,0,0,,2,2,224,service_free1_grid21_29,,,[],692,22187.04826770965,0,,0.0,,False,0,,388.9606434666667,"[2, 4, 5, 6, 8, 9, 11, 12, 13, 14, 15, 16, 17, 19, 20]",,30.0,4,,,68,0.5,free,48,1.0,0.0,22,3,10,4,27,15,ordinary,21,full_coverage_and_all_discovered_cleared,199,5834.409652,40.0,constant,,0.05119687499245629
12,0,True,0,12,6,7,0,clustered__adversarial-negative__68,clustered__adversarial-negative,9,3,,16,15,242,,bounded_transverse_width,,arc,0,0.05022899999999453,,15,,0,0,,,,,,False,0,0,3,4,0,0,,2,2,224,service_free2_grid21_29,,,[],692,22187.04826770965,0,,0.0,,False,0,,388.9606434666667,"[2, 4, 5, 6, 8, 9, 11, 12, 13, 14, 15, 16, 17, 19, 20]",,30.0,4,,,68,0.5,free,48,2.0,0.0,22,3,10,4,27,15,ordinary,21,full_coverage_and_all_discovered_cleared,199,5834.409652,40.0,constant,,0.05030375003116205
12,3,True,0,12,3,4,0,clustered__adversarial-negative__68,clustered__adversarial-negative,12,34,,16,15,262,,bounded_transverse_width,,arc,0,0.05002299999999593,,15,,0,0,,,,,,False,0,0,34,2,0,0,,4,3,244,service_locked0_grid21_29,,,[],0,21971.120045067102,0,,0.0,,False,0,,394.08160046666666,"[2, 4, 5, 6, 8, 9, 11, 12, 13, 14, 15, 16, 17, 19, 20]",,30.0,4,,,68,0.5,locked,45,0.0,0.0,24,22,12,2,24,15,ordinary,21,full_coverage_and_all_discovered_cleared,219,5911.224007,40.0,constant,,0.050033749954309314
12,3,True,0,12,3,4,0,clustered__adversarial-negative__68,clustered__adversarial-negative,12,34,,16,15,262,,bounded_transverse_width,,arc,0,0.05082800000000276,,15,,0,0,,,,,,False,0,0,34,2,0,0,,4,3,244,service_locked1_grid21_29,,,[],1208,21971.120045067102,0,,0.0,,False,0,,394.08160046666666,"[2, 4, 5, 6, 8, 9, 11, 12, 13, 14, 15, 16, 17, 19, 20]",,30.0,4,,,68,0.5,locked,45,1.0,0.0,24,22,12,2,24,15,ordinary,21,full_coverage_and_all_discovered_cleared,219,5911.224007,40.0,constant,,0.050826292019337416
14,1,True,0,14,9,9,0,clustered__adversarial-negative__68,clustered__adversarial-negative,6,1,,15,15,227,,bounded_transverse_width,,arc,0,0.06562399999999968,,15,,0,0,,,,,,False,0,0,1,5,0,0,,4,3,210,service_soft20_grid21_29,,,[],1006,22299.765825088893,0,,0.0,,False,0,,384.66354413333335,"[2, 4, 5, 6, 8, 9, 11, 12, 13, 14, 15, 16, 17, 19, 20]",,30.0,4,,,68,0.5,free,49,1.0,20.0,35,6,0,6,28,15,ordinary,21,full_coverage_and_all_discovered_cleared,185,5769.953162,40.0,constant,,0.06571991601958871
18,1,True,0,18,3,5,0,clustered__adversarial-negative__68,clustered__adversarial-negative,12,6,,17,15,246,,bounded_transverse_width,,arc,0,0.06524399999999986,,15,,0,0,,,,,,False,0,0,6,2,0,0,,3,3,227,service_free1_convex22,,,[],844,21618.921484482966,0,,0.0,,False,0,,382.65228613333335,"[2, 4, 5, 6, 8, 9, 11, 12, 13, 14, 15, 16, 17, 19, 20]",,30.0,4,,,68,0.5,free,54,1.0,0.0,24,9,0,2,32,15,ordinary,22,full_coverage_and_all_discovered_cleared,200,5739.784292,40.0,constant,,0.06526304100407287
18,1,True,0,18,3,4,0,clustered__adversarial-negative__68,clustered__adversarial-negative,12,57,,16,15,268,,bounded_transverse_width,,arc,0,0.04981599999999986,,15,,0,0,,,,,,False,0,0,57,6,0,0,,3,3,250,service_locked1_convex22,,,[],1100,22069.06928845607,0,,0.0,,False,0,,397.78759013333337,"[2, 4, 5, 6, 8, 9, 11, 12, 13, 14, 15, 16, 17, 19, 20]",,30.0,4,,,68,0.5,locked,54,1.0,0.0,24,8,1,6,32,15,ordinary,22,full_coverage_and_all_discovered_cleared,225,5966.813852,40.0,constant,,0.04986525001004338
17,2,True,0,17,9,10,0,clustered__adversarial-negative__69,clustered__adversarial-negative,6,5,,16,15,233,,bounded_transverse_width,,base,0,0.05527099999999763,,15,,0,0,,,,,,False,0,0,5,8,51,0,,4,3,215,range_grid21_29,,,[],,23709.126290406886,0,,0.0,,False,0,,405.855017,"[2, 3, 4, 5, 6, 7, 8, 9, 10, 11, 12, 13, 14, 16, 18]",,30.0,4,,,69,1.0,,,,,34,3,0,8,30,15,ordinary,21,full_coverage_and_all_discovered_cleared,193,6087.825255,40.0,constant,,0.055297749990131706
3,1,True,0,3,5,7,0,clustered__adversarial-negative__69,clustered__adversarial-negative,10,19,,17,15,269,,bounded_transverse_width,,base,0,0.04648600000000158,,15,,0,0,,,,,,False,0,0,19,0,39,0,,2,1,250,range_convex22,,,[],,20532.651741645004,0,,0.0,,False,0,,377.7020228,"[2, 3, 4, 5, 6, 7, 8, 9, 10, 11, 12, 13, 14, 16, 18]",,30.0,4,,,69,1.0,,,,,18,4,13,0,17,15,ordinary,22,full_coverage_and_all_discovered_cleared,228,5665.530342,40.0,constant,,0.04648691596230492
10,2,True,0,10,6,10,0,clustered__adversarial-negative__69,clustered__adversarial-negative,9,20,21,19,15,306,,bounded_transverse_width,,locked,44,0.04854999999999876,0,15,cached_distance_prefix_sum,0,0,,,21,0,21,True,0,0,21,2,0,0,8,5,3,285,count_locked_grid21_29,5,5,[],,22743.859937606503,0,,0.0,,False,0,482,421.4514656666667,"[2, 3, 4, 5, 6, 7, 8, 9, 10, 11, 12, 13, 14, 16, 18]",1,30.0,4,0,0,69,1.0,,,,,28,6,0,2,23,15,ordinary,21,full_coverage_and_all_discovered_cleared,261,6321.771985,40.0,constant,,0.048600083973724395
13,0,True,0,13,6,9,0,clustered__adversarial-negative__69,clustered__adversarial-negative,9,0,,18,15,222,,bounded_transverse_width,,arc,0,0.06666400000000294,,15,,0,0,,,,,,False,0,0,0,5,0,0,,3,3,202,service_free0_grid21_29,,,[],0,20672.969832520022,0,,0.0,,False,0,,360.7062643333333,"[2, 3, 4, 5, 6, 7, 8, 9, 10, 11, 12, 13, 14, 16, 18]",,30.0,4,,,69,0.5,free,49,0.0,0.0,43,0,1,5,28,15,ordinary,21,full_coverage_and_all_discovered_cleared,182,5410.593965,40.0,constant,,0.06668170803459361
13,0,True,0,13,6,9,0,clustered__adversarial-negative__69,clustered__adversarial-negative,9,0,,18,15,222,,bounded_transverse_width,,arc,0,0.07744699999999938,,15,,0,0,,,,,,False,0,0,0,5,0,0,,3,3,202,service_free1_grid21_29,,,[],1340,20672.969832520022,0,,0.0,,False,0,,360.7062643333333,"[2, 3, 4, 5, 6, 7, 8, 9, 10, 11, 12, 13, 14, 16, 18]",,30.0,4,,,69,0.5,free,49,1.0,0.0,43,0,1,5,28,15,ordinary,21,full_coverage_and_all_discovered_cleared,182,5410.593965,40.0,constant,,0.0774666250217706
15,2,True,0,15,6,9,0,clustered__adversarial-negative__69,clustered__adversarial-negative,9,0,,18,15,222,,bounded_transverse_width,,arc,0,0.07747699999999469,,15,,0,0,,,,,,False,0,0,0,4,0,0,,4,3,202,service_free2_grid21_29,,,[],1306,21398.58825535936,0,,0.0,,False,0,,370.2478433333333,"[2, 3, 4, 5, 6, 7, 8, 9, 10, 11, 12, 13, 14, 16, 18]",,30.0,4,,,69,0.5,free,49,2.0,0.0,45,0,0,4,28,15,ordinary,21,full_coverage_and_all_discovered_cleared,180,5553.71765,40.0,constant,,0.07750862499233335
12,3,True,0,12,6,10,0,clustered__adversarial-negative__69,clustered__adversarial-negative,9,20,,19,15,312,,bounded_transverse_width,,arc,0,0.05351299999999526,,15,,0,0,,,,,,False,0,0,20,2,0,0,,5,3,291,service_locked0_grid21_29,,,[],0,21809.948839928,0,,0.0,,False,0,,411.2659844,"[2, 3, 4, 5, 6, 7, 8, 9, 10, 11, 12, 13, 14, 16, 18]",,30.0,4,,,69,0.5,locked,45,0.0,0.0,31,6,0,2,24,15,ordinary,21,full_coverage_and_all_discovered_cleared,265,6168.989766,40.0,constant,,0.05351262504700571
12,3,True,0,12,6,10,0,clustered__adversarial-negative__69,clustered__adversarial-negative,9,20,,19,15,312,,bounded_transverse_width,,arc,0,0.055122000000004334,,15,,0,0,,,,,,False,0,0,20,2,0,0,,5,3,291,service_locked1_grid21_29,,,[],1290,21809.948839928,0,,0.0,,False,0,,411.2659844,"[2, 3, 4, 5, 6, 7, 8, 9, 10, 11, 12, 13, 14, 16, 18]",,30.0,4,,,69,0.5,locked,45,1.0,0.0,31,6,0,2,24,15,ordinary,21,full_coverage_and_all_discovered_cleared,265,6168.989766,40.0,constant,,0.0551840839907527
21,2,True,0,21,6,9,0,clustered__adversarial-negative__69,clustered__adversarial-negative,9,16,,18,15,268,,bounded_transverse_width,,arc,0,0.08148200000000116,,15,,0,0,,,,,,False,0,0,16,7,0,0,,3,3,248,service_soft20_grid21_29,,,[],1411,25421.449075747874,0,,0.0,,False,0,,442.1526543333333,"[2, 3, 4, 5, 6, 7, 8, 9, 10, 11, 12, 13, 14, 16, 18]",,30.0,4,,,69,0.5,free,55,1.0,20.0,40,1,0,7,34,15,ordinary,21,full_coverage_and_all_discovered_cleared,224,6632.289815,40.0,constant,,0.0814973340020515
14,1,True,0,14,4,7,0,clustered__adversarial-negative__69,clustered__adversarial-negative,11,0,,18,15,220,,bounded_transverse_width,,arc,0,0.0861629999999991,,15,,0,0,,,,,,False,0,0,0,5,0,0,,3,3,200,service_free1_convex22,,,[],1383,22006.87417656557,0,,0.0,,False,0,,377.5583220666667,"[2, 3, 4, 5, 6, 7, 8, 9, 10, 11, 12, 13, 14, 16, 18]",,30.0,4,,,69,0.5,free,50,1.0,0.0,47,0,0,5,28,15,ordinary,22,full_coverage_and_all_discovered_cleared,178,5663.374831,40.0,constant,,0.08625049999682233
14,1,True,0,14,7,10,0,clustered__adversarial-negative__69,clustered__adversarial-negative,8,0,,18,15,243,,bounded_transverse_width,,arc,0,0.06808300000000145,,15,,0,0,,,,,,False,0,0,0,7,0,0,,3,3,223,service_locked1_convex22,,,[],1481,21471.864363003056,0,,0.0,,False,0,,379.6915246666667,"[2, 3, 4, 5, 6, 7, 8, 9, 10, 11, 12, 13, 14, 16, 18]",,30.0,4,,,69,0.5,locked,50,1.0,0.0,46,1,8,7,28,15,ordinary,22,full_coverage_and_all_discovered_cleared,202,5695.37287,40.0,constant,,0.06808316695969552
5,0,True,0,5,6,6,0,clustered__adversarial-negative__70,clustered__adversarial-negative,4,1,,10,10,283,,bounded_transverse_width,,base,0,0.03248300000000626,,10,,0,0,,,,,,False,0,0,1,2,36,0,,2,2,271,range_grid21_29,,,[],,20787.35060086489,0,,0.0,,False,0,,580.7470117,"[2, 3, 5, 10, 11, 13, 15, 16, 19, 20]",,30.0,4,,,70,1.0,,,,,14,0,11,2,15,10,ordinary,21,full_coverage_and_all_discovered_cleared,245,5807.470117,40.0,constant,,0.0325407920172438
13,3,True,0,13,5,6,0,clustered__adversarial-negative__70,clustered__adversarial-negative,5,8,,11,10,322,,bounded_transverse_width,,base,0,0.03607799999999628,,10,,0,0,,,,,,False,0,0,8,2,42,0,,4,3,309,range_convex22,,,[],,21203.77256149459,0,,0.0,,False,0,,612.0754508,"[2, 3, 5, 10, 11, 13, 15, 16, 19, 20]",,30.0,4,,,70,1.0,,,,,16,1,1,2,20,10,ordinary,22,full_coverage_and_all_discovered_cleared,282,6120.754508,40.0,constant,,0.03607766702771187
3,1,True,0,3,3,3,0,clustered__adversarial-negative__70,clustered__adversarial-negative,7,19,20,10,10,303,,bounded_transverse_width,,locked,33,0.030605000000001326,0,10,cached_distance_prefix_sum,0,0,,,20,0,20,True,0,0,20,1,0,0,8,2,1,291,count_locked_grid21_29,10,10,[],,19974.811619293334,0,,0.0,,False,0,267,576.8962322,"[2, 3, 5, 10, 11, 13, 15, 16, 19, 20]",1,30.0,4,0,0,70,1.0,,,,,8,1,12,1,12,10,ordinary,21,full_coverage_and_all_discovered_cleared,269,5768.962322,40.0,constant,,0.03064104198710993
6,0,True,0,6,5,5,0,clustered__adversarial-negative__70,clustered__adversarial-negative,5,0,,10,10,286,,bounded_transverse_width,,arc,0,0.036280000000004975,,10,,0,0,,,,,,False,0,0,0,4,0,0,,1,1,274,service_free0_grid21_29,,,[],0,20924.939643487407,0,,0.0,,False,0,,585.3987927000001,"[2, 3, 5, 10, 11, 13, 15, 16, 19, 20]",,30.0,4,,,70,0.5,free,37,0.0,0.0,15,0,11,4,16,10,ordinary,21,full_coverage_and_all_discovered_cleared,249,5853.987927,40.0,constant,,0.036280416999943554
13,1,True,0,13,4,6,0,clustered__adversarial-negative__70,clustered__adversarial-negative,6,16,,12,10,307,,bounded_transverse_width,,arc,0,0.047497999999997376,,10,,0,0,,,,,,False,0,0,16,5,0,0,,3,3,293,service_free1_grid21_29,,,[],641,21008.475494280636,0,,0.0,,False,0,,599.2695095,"[2, 3, 5, 10, 11, 13, 15, 16, 19, 20]",,30.0,4,,,70,0.5,free,43,1.0,0.0,14,0,0,5,22,10,ordinary,21,full_coverage_and_all_discovered_cleared,270,5992.695095,40.0,constant,,0.04754270799458027
14,2,True,0,14,6,7,0,clustered__adversarial-negative__70,clustered__adversarial-negative,4,10,,11,10,313,,bounded_transverse_width,,arc,0,0.0469579999999965,,10,,0,0,,,,,,False,0,0,10,5,0,0,,4,3,300,service_free2_grid21_29,,,[],559,21919.600667872055,0,,0.0,,False,0,,621.2920134,"[2, 3, 5, 10, 11, 13, 15, 16, 19, 20]",,30.0,4,,,70,0.5,free,43,2.0,0.0,16,0,15,6,22,10,ordinary,21,full_coverage_and_all_discovered_cleared,276,6212.920134,40.0,constant,,0.04696400003740564
5,1,True,0,5,4,4,0,clustered__adversarial-negative__70,clustered__adversarial-negative,6,19,,10,10,308,,bounded_transverse_width,,arc,0,0.035149000000004094,,10,,0,0,,,,,,False,0,0,19,3,0,0,,3,2,296,service_locked0_grid21_29,,,[],0,20821.23016644227,0,,0.0,,False,0,,596.7246033,"[2, 3, 5, 10, 11, 13, 15, 16, 19, 20]",,30.0,4,,,70,0.5,locked,35,0.0,0.0,11,3,2,3,14,10,ordinary,21,full_coverage_and_all_discovered_cleared,273,5967.246033,40.0,constant,,0.03514970903052017
5,1,True,0,5,4,4,0,clustered__adversarial-negative__70,clustered__adversarial-negative,6,19,,10,10,308,,bounded_transverse_width,,arc,0,0.03570799999999963,,10,,0,0,,,,,,False,0,0,19,3,0,0,,3,2,296,service_locked1_grid21_29,,,[],810,20821.23016644227,0,,0.0,,False,0,,596.7246033,"[2, 3, 5, 10, 11, 13, 15, 16, 19, 20]",,30.0,4,,,70,0.5,locked,35,1.0,0.0,11,3,2,3,14,10,ordinary,21,full_coverage_and_all_discovered_cleared,273,5967.246033,40.0,constant,,0.035725082969293
17,2,True,0,17,3,4,0,clustered__adversarial-negative__70,clustered__adversarial-negative,7,1,,11,10,294,,bounded_transverse_width,,arc,0,0.05413000000000068,,10,,0,0,,,,,,False,0,0,1,5,0,0,,3,3,281,service_soft20_grid21_29,,,[],587,24061.576717524516,0,,0.0,,False,0,,652.6315341000001,"[2, 3, 5, 10, 11, 13, 15, 16, 19, 20]",,30.0,4,,,70,0.5,free,46,1.0,20.0,12,0,17,5,25,10,ordinary,21,full_coverage_and_all_discovered_cleared,256,6526.315341,40.0,constant,,0.054155124991666526
15,1,True,0,15,3,4,0,clustered__adversarial-negative__70,clustered__adversarial-negative,7,25,,11,10,327,,bounded_transverse_width,,arc,0,0.054805999999999244,,10,,0,0,,,,,,False,0,0,25,3,0,0,,4,3,314,service_free1_convex22,,,[],700,22349.959370247783,0,,0.0,,False,0,,638.3991867,"[2, 3, 5, 10, 11, 13, 15, 16, 19, 20]",,30.0,4,,,70,0.5,free,46,1.0,0.0,19,1,0,3,24,10,ordinary,22,full_coverage_and_all_discovered_cleared,291,6383.991867,40.0,constant,,0.05480966600589454
13,2,True,0,13,1,3,0,clustered__adversarial-negative__70,clustered__adversarial-negative,9,18,,12,10,324,,bounded_transverse_width,,arc,0,0.04199200000000047,,10,,0,0,,,,,,False,0,0,18,2,0,0,,4,3,310,service_locked1_convex22,,,[],830,21000.983797140245,0,,0.0,,False,0,,609.4196758,"[2, 3, 5, 10, 11, 13, 15, 16, 19, 20]",,30.0,4,,,70,0.5,locked,43,1.0,0.0,15,18,0,2,21,10,ordinary,22,full_coverage_and_all_discovered_cleared,288,6094.196758,40.0,constant,,0.042053750017657876
7,1,True,0,7,3,5,0,clustered__adversarial-negative__71,clustered__adversarial-negative,9,16,,14,12,297,,bounded_transverse_width,,base,0,0.03485400000000283,,12,,0,0,,,,,,False,0,0,16,3,39,0,,3,2,281,range_grid21_29,,,[],,21147.185358674862,0,,0.0,,False,0,,496.61975583333333,"[1, 2, 4, 5, 7, 9, 10, 13, 17, 18, 19, 20]",,30.0,4,,,71,1.0,,,,,14,4,7,3,18,12,ordinary,21,full_coverage_and_all_discovered_cleared,259,5959.43707,40.0,constant,,0.034863792010582983
9,3,True,0,9,4,4,0,clustered__adversarial-negative__71,clustered__adversarial-negative,8,7,,12,12,285,,bounded_transverse_width,,base,0,0.03558900000000165,,12,,0,0,,,,,,False,0,0,7,2,40,0,,4,3,271,range_convex22,,,[],,22654.91192909873,0,,0.0,,False,0,,515.9151984166666,"[1, 2, 4, 5, 7, 9, 10, 13, 17, 18, 19, 20]",,30.0,4,,,71,1.0,,,,,17,0,1,2,18,12,ordinary,22,full_coverage_and_all_discovered_cleared,245,6190.982381,40.0,constant,,0.03560350002953783
5,0,True,0,5,6,6,0,clustered__adversarial-negative__71,clustered__adversarial-negative,6,16,16,12,12,256,,bounded_transverse_width,,locked,38,0.035319999999998686,2,12,cached_distance_prefix_sum,0,0,,,16,0,14,True,0,0,16,3,0,0,8,1,1,242,count_locked_grid21_29,8,8,[],,20353.82857504841,0,,0.0,,False,0,175,463.39714258333333,"[1, 2, 4, 5, 7, 9, 10, 13, 17, 18, 19, 20]",0,30.0,4,0,0,71,1.0,,,,,15,0,2,3,17,12,ordinary,21,full_coverage_and_all_discovered_cleared,220,5560.765711,40.0,constant,,0.03531937499064952
6,0,True,0,6,7,7,0,clustered__adversarial-negative__71,clustered__adversarial-negative,5,16,,12,12,244,,bounded_transverse_width,,arc,0,0.040782000000000096,,12,,0,0,,,,,,False,0,0,16,2,0,0,,3,3,230,service_free0_grid21_29,,,[],0,21053.32340218928,0,,0.0,,False,0,,469.3053899166667,"[1, 2, 4, 5, 7, 9, 10, 13, 17, 18, 19, 20]",,30.0,4,,,71,0.5,free,39,0.0,0.0,13,4,1,2,18,12,ordinary,21,full_coverage_and_all_discovered_cleared,211,5631.664679,40.0,constant,,0.04087816696846858
11,2,True,0,11,3,4,0,clustered__adversarial-negative__71,clustered__adversarial-negative,9,15,,13,12,275,,bounded_transverse_width,,arc,0,0.05135400000000345,,12,,0,0,,,,,,False,0,0,15,3,0,0,,4,3,260,service_free1_grid21_29,,,[],721,20477.141520226505,0,,0.0,,False,0,,474.70235825000003,"[1, 2, 4, 5, 7, 9, 10, 13, 17, 18, 19, 20]",,30.0,4,,,71,0.5,free,42,1.0,0.0,21,2,3,3,21,12,ordinary,21,full_coverage_and_all_discovered_cleared,238,5696.428299,40.0,constant,,0.051366499974392354
12,2,True,0,12,4,4,0,clustered__adversarial-negative__71,clustered__adversarial-negative,8,22,,12,12,279,,bounded_transverse_width,,arc,0,0.052057999999995275,,12,,0,0,,,,,,False,0,0,22,3,0,0,,4,3,265,service_free2_grid21_29,,,[],774,20809.29016536773,0,,0.0,,False,0,,482.4881691666667,"[1, 2, 4, 5, 7, 9, 10, 13, 17, 18, 19, 20]",,30.0,4,,,71,0.5,free,43,2.0,0.0,20,2,0,3,22,12,ordinary,21,full_coverage_and_all_discovered_cleared,243,5789.85803,40.0,constant,,0.05205633299192414
14,2,True,0,14,5,5,0,clustered__adversarial-negative__71,clustered__adversarial-negative,7,11,,12,12,264,,bounded_transverse_width,,arc,0,0.04214799999999741,,12,,0,0,,,,,,False,0,0,11,2,0,0,,4,3,250,service_locked0_grid21_29,,,[],0,20977.085152668802,0,,0.0,,False,0,,476.95141908333335,"[1, 2, 4, 5, 7, 9, 10, 13, 17, 18, 19, 20]",,30.0,4,,,71,0.5,locked,45,0.0,0.0,18,0,0,3,24,12,ordinary,21,full_coverage_and_all_discovered_cleared,218,5723.417029,40.0,constant,,0.04217445803806186
14,2,True,0,14,5,5,0,clustered__adversarial-negative__71,clustered__adversarial-negative,7,11,,12,12,264,,bounded_transverse_width,,arc,0,0.043234000000005324,,12,,0,0,,,,,,False,0,0,11,2,0,0,,4,3,250,service_locked1_grid21_29,,,[],610,20977.085152668802,0,,0.0,,False,0,,476.95141908333335,"[1, 2, 4, 5, 7, 9, 10, 13, 17, 18, 19, 20]",,30.0,4,,,71,0.5,locked,45,1.0,0.0,18,0,0,3,24,12,ordinary,21,full_coverage_and_all_discovered_cleared,218,5723.417029,40.0,constant,,0.04324391600675881
13,1,True,0,13,1,3,0,clustered__adversarial-negative__71,clustered__adversarial-negative,11,6,,14,12,273,,bounded_transverse_width,,arc,0,0.06120599999999854,,12,,0,0,,,,,,False,0,0,6,4,0,0,,4,3,257,service_soft20_grid21_29,,,[],784,21919.10644281321,0,,0.0,,False,0,,497.5684405,"[1, 2, 4, 5, 7, 9, 10, 13, 17, 18, 19, 20]",,30.0,4,,,71,0.5,free,45,1.0,20.0,24,2,1,4,24,12,ordinary,21,full_coverage_and_all_discovered_cleared,236,5970.821286,40.0,constant,,0.06120799999916926
10,1,True,0,10,4,5,0,clustered__adversarial-negative__71,clustered__adversarial-negative,8,26,,13,12,290,,bounded_transverse_width,,arc,0,0.06338099999999969,,12,,0,0,,,,,,False,0,0,26,2,0,0,,2,2,275,service_free1_convex22,,,[],808,20794.915416000516,0,,0.0,,False,0,,487.08192325,"[1, 2, 4, 5, 7, 9, 10, 13, 17, 18, 19, 20]",,30.0,4,,,71,0.5,free,43,1.0,0.0,18,5,0,2,21,12,ordinary,22,full_coverage_and_all_discovered_cleared,248,5844.983079,40.0,constant,,0.06344979099230841
13,1,True,0,13,4,4,0,clustered__adversarial-negative__71,clustered__adversarial-negative,8,16,,12,12,298,,bounded_transverse_width,,arc,0,0.0442729999999969,,12,,0,0,,,,,,False,0,0,16,3,0,0,,4,3,284,service_locked1_convex22,,,[],750,21696.291548173052,0,,0.0,,False,0,,506.188192,"[1, 2, 4, 5, 7, 9, 10, 13, 17, 18, 19, 20]",,30.0,4,,,71,0.5,locked,46,1.0,0.0,20,2,0,3,24,12,ordinary,22,full_coverage_and_all_discovered_cleared,255,6074.258304,40.0,constant,,0.044298166991211474
11,2,True,0,11,1,4,0,clustered__adversarial-spatial__67,clustered__adversarial-spatial,9,0,,13,10,281,,bounded_transverse_width,,base,0,0.02726099999999576,,10,,0,0,,,,,,False,0,0,0,4,40,0,,2,2,266,range_grid21_29,,,[],,21671.599851858064,0,,0.0,,False,0,,596.5319967,"[4, 5, 7, 8, 9, 10, 14, 15, 18, 19]",,30.0,4,,,67,1.0,,,,,7,0,3,4,19,10,ordinary,21,full_coverage_and_all_discovered_cleared,242,5965.319967,40.0,constant,,0.027261167007964104
13,2,True,0,13,1,2,0,clustered__adversarial-spatial__67,clustered__adversarial-spatial,9,14,,11,10,320,,bounded_transverse_width,,base,0,0.028471000000003244,,10,,0,0,,,,,,False,0,0,14,3,43,0,,5,3,307,range_convex22,,,[],,22279.722782531688,0,,0.0,,False,0,,632.5944554,"[4, 5, 7, 8, 9, 10, 14, 15, 18, 19]",,30.0,4,,,67,1.0,,,,,17,2,15,3,21,10,ordinary,22,full_coverage_and_all_discovered_cleared,282,6325.944554,40.0,constant,,0.028471041994635016
11,5,True,0,11,0,3,2,clustered__adversarial-spatial__67,clustered__adversarial-spatial,10,6,9,13,10,311,,bounded_transverse_width,,locked,39,0.028999000000005992,0,10,cached_distance_prefix_sum,0,0,,,9,0,9,True,0,0,9,0,0,0,8,2,2,296,count_locked_grid21_29,10,10,[],,21704.964675749416,0,,0.0,,False,0,323,615.3992935,"[4, 5, 7, 8, 9, 10, 14, 15, 18, 19]",3,30.0,4,0,0,67,1.0,,,,,15,13,10,0,18,10,ordinary,21,full_coverage_and_all_discovered_cleared,274,6153.992935,40.0,constant,,0.029037792002782226
9,0,True,0,9,0,0,0,clustered__adversarial-spatial__67,clustered__adversarial-spatial,10,0,,10,10,274,,bounded_transverse_width,,arc,0,0.030490999999997825,,10,,0,0,,,,,,False,0,0,0,6,0,0,,2,2,262,service_free0_grid21_29,,,[],0,21411.98155892953,0,,0.0,,False,0,,588.439631,"[4, 5, 7, 8, 9, 10, 14, 15, 18, 19]",,30.0,4,,,67,0.5,free,40,0.0,0.0,8,0,2,7,19,10,ordinary,21,full_coverage_and_all_discovered_cleared,242,5884.39631,40.0,constant,,0.03049237502273172
9,0,True,0,9,0,0,0,clustered__adversarial-spatial__67,clustered__adversarial-spatial,10,0,,10,10,274,,bounded_transverse_width,,arc,0,0.03556499999999829,,10,,0,0,,,,,,False,0,0,0,6,0,0,,2,2,262,service_free1_grid21_29,,,[],285,21411.98155892953,0,,0.0,,False,0,,588.439631,"[4, 5, 7, 8, 9, 10, 14, 15, 18, 19]",,30.0,4,,,67,0.5,free,40,1.0,0.0,8,0,2,7,19,10,ordinary,21,full_coverage_and_all_discovered_cleared,242,5884.39631,40.0,constant,,0.03557391703361645
10,0,True,0,10,0,0,0,clustered__adversarial-spatial__67,clustered__adversarial-spatial,10,0,,10,10,274,,bounded_transverse_width,,arc,0,0.035637999999998726,,10,,0,0,,,,,,False,0,0,0,6,0,0,,2,2,262,service_free2_grid21_29,,,[],279,21645.185444849674,0,,0.0,,False,0,,593.1037086,"[4, 5, 7, 8, 9, 10, 14, 15, 18, 19]",,30.0,4,,,67,0.5,free,41,2.0,0.0,8,0,2,8,20,10,ordinary,21,full_coverage_and_all_discovered_cleared,242,5931.037086,40.0,constant,,0.035637958033476025
12,2,True,0,12,0,2,1,clustered__adversarial-spatial__67,clustered__adversarial-spatial,10,6,,12,10,310,,bounded_transverse_width,,arc,0,0.03302999999999656,,10,,0,0,,,,,,False,0,0,6,4,0,0,,3,2,296,service_locked0_grid21_29,,,[],0,21345.299327361303,0,,0.0,,False,0,,608.0059865000001,"[4, 5, 7, 8, 9, 10, 14, 15, 18, 19]",,30.0,4,,,67,0.5,locked,42,0.0,0.0,14,6,12,4,21,10,ordinary,21,full_coverage_and_all_discovered_cleared,275,6080.059865,40.0,constant,,0.03306500002508983
12,2,True,0,12,0,2,1,clustered__adversarial-spatial__67,clustered__adversarial-spatial,10,6,,12,10,310,,bounded_transverse_width,,arc,0,0.03364400000000245,,10,,0,0,,,,,,False,0,0,6,4,0,0,,3,2,296,service_locked1_grid21_29,,,[],590,21345.299327361303,0,,0.0,,False,0,,608.0059865000001,"[4, 5, 7, 8, 9, 10, 14, 15, 18, 19]",,30.0,4,,,67,0.5,locked,42,1.0,0.0,14,6,12,4,21,10,ordinary,21,full_coverage_and_all_discovered_cleared,275,6080.059865,40.0,constant,,0.033691791992168874
14,2,True,0,14,2,5,1,clustered__adversarial-spatial__67,clustered__adversarial-spatial,8,16,,13,10,329,,bounded_transverse_width,,arc,0,0.03883500000000595,,10,,0,0,,,,,,False,0,0,16,6,0,0,,4,3,314,service_soft20_grid21_29,,,[],459,23275.839641610208,0,,0.0,,False,0,,657.7167929,"[4, 5, 7, 8, 9, 10, 14, 15, 18, 19]",,30.0,4,,,67,0.5,free,44,1.0,20.0,1,0,14,6,23,10,ordinary,21,full_coverage_and_all_discovered_cleared,293,6577.167929,40.0,constant,,0.03884512500371784
14,1,True,0,14,0,2,0,clustered__adversarial-spatial__67,clustered__adversarial-spatial,10,0,,12,10,296,,bounded_transverse_width,,arc,0,0.03819000000000017,,10,,0,0,,,,,,False,0,0,0,6,0,0,,3,3,282,service_free1_convex22,,,[],389,21167.501342156793,0,,0.0,,False,0,,595.9500264999999,"[4, 5, 7, 8, 9, 10, 14, 15, 18, 19]",,30.0,4,,,67,0.5,free,45,1.0,0.0,9,0,15,6,23,10,ordinary,22,full_coverage_and_all_discovered_cleared,260,5959.500265,40.0,constant,,0.0381902499939315
11,1,True,0,11,2,2,0,clustered__adversarial-spatial__67,clustered__adversarial-spatial,8,20,,10,10,305,,bounded_transverse_width,,arc,0,0.03629399999999805,,10,,0,0,,,,,,False,0,0,20,7,0,0,,3,2,293,service_locked1_convex22,,,[],666,22054.605562331184,0,,0.0,,False,0,,619.592111,"[4, 5, 7, 8, 9, 10, 14, 15, 18, 19]",,30.0,4,,,67,0.5,locked,42,1.0,0.0,9,2,14,8,20,10,ordinary,22,full_coverage_and_all_discovered_cleared,270,6195.92111,40.0,constant,,0.036326417000964284
9,1,True,0,9,4,6,0,clustered__adversarial-spatial__68,clustered__adversarial-spatial,11,11,,17,15,236,,bounded_transverse_width,,base,0,0.03363199999999722,,15,,0,0,,,,,,False,0,0,11,3,44,0,,2,2,217,range_grid21_29,,,[],,20826.01133331874,0,,0.0,,False,0,,368.6801511333333,"[2, 4, 5, 6, 8, 9, 11, 12, 13, 14, 15, 16, 17, 19, 20]",,30.0,4,,,68,1.0,,,,,17,3,5,3,23,15,ordinary,21,full_coverage_and_all_discovered_cleared,199,5530.202267,40.0,constant,,0.03363591700326651
9,0,True,0,9,1,4,0,clustered__adversarial-spatial__68,clustered__adversarial-spatial,14,8,,18,15,244,,bounded_transverse_width,,base,0,0.043213999999998975,,15,,0,0,,,,,,False,0,0,8,4,46,0,,2,2,224,range_convex22,,,[],,24379.930295853046,0,,0.0,,False,0,,418.3324038,"[2, 4, 5, 6, 8, 9, 11, 12, 13, 14, 15, 16, 17, 19, 20]",,30.0,4,,,68,1.0,,,,,24,7,22,4,24,15,ordinary,22,full_coverage_and_all_discovered_cleared,195,6274.986057,40.0,constant,,0.043227334041148424
9,2,True,0,9,1,5,0,clustered__adversarial-spatial__68,clustered__adversarial-spatial,14,32,33,19,15,262,,bounded_transverse_width,,locked,43,0.043361000000004424,3,15,cached_distance_prefix_sum,0,0,,,33,0,30,True,0,0,33,0,0,0,8,3,2,241,count_locked_grid21_29,5,5,[],,21016.48976053578,0,,0.0,,False,0,431,381.2198636,"[2, 4, 5, 6, 8, 9, 11, 12, 13, 14, 15, 16, 17, 19, 20]",1,30.0,4,0,0,68,1.0,,,,,24,10,13,0,22,15,ordinary,21,full_coverage_and_all_discovered_cleared,223,5718.297954,40.0,constant,,0.04336158401565626
11,1,True,0,11,3,5,0,clustered__adversarial-spatial__68,clustered__adversarial-spatial,12,9,,17,15,236,,bounded_transverse_width,,arc,0,0.039920000000002176,,15,,0,0,,,,,,False,0,0,9,2,0,0,,3,2,217,service_free0_grid21_29,,,[],0,20869.530636099218,0,,0.0,,False,0,,369.1270752666667,"[2, 4, 5, 6, 8, 9, 11, 12, 13, 14, 15, 16, 17, 19, 20]",,30.0,4,,,68,0.5,free,46,0.0,0.0,24,6,4,2,25,15,ordinary,21,full_coverage_and_all_discovered_cleared,197,5536.906129,40.0,constant,,0.03995975002180785
12,0,True,0,12,3,6,0,clustered__adversarial-spatial__68,clustered__adversarial-spatial,12,3,,18,15,238,,bounded_transverse_width,,arc,0,0.04595099999999519,,15,,0,0,,,,,,False,0,0,3,4,0,0,,2,2,218,service_free1_grid21_29,,,[],615,22124.707595161948,0,,0.0,,False,0,,386.46276786666664,"[2, 4, 5, 6, 8, 9, 11, 12, 13, 14, 15, 16, 17, 19, 20]",,30.0,4,,,68,0.5,free,48,1.0,0.0,19,3,13,4,27,15,ordinary,21,full_coverage_and_all_discovered_cleared,198,5796.941518,40.0,constant,,0.04595620802138001
16,1,True,0,16,1,5,0,clustered__adversarial-spatial__68,clustered__adversarial-spatial,14,3,,19,15,244,,bounded_transverse_width,,arc,0,0.04817699999999547,,15,,0,0,,,,,,False,0,0,3,4,0,0,,2,2,223,service_free2_grid21_29,,,[],660,22615.858502176234,0,,0.0,,False,0,,395.01144660000006,"[2, 4, 5, 6, 8, 9, 11, 12, 13, 14, 15, 16, 17, 19, 20]",,30.0,4,,,68,0.5,free,51,2.0,0.0,20,3,13,4,30,15,ordinary,21,full_coverage_and_all_discovered_cleared,200,5925.171699,40.0,constant,,0.0481764170108363
11,2,True,0,11,0,4,0,clustered__adversarial-spatial__68,clustered__adversarial-spatial,15,27,,19,15,263,,bounded_transverse_width,,arc,0,0.047118000000004656,,15,,0,0,,,,,,False,0,0,27,2,0,0,,3,2,242,service_locked0_grid21_29,,,[],0,21303.121011440056,0,,0.0,,False,0,,385.1749470666667,"[2, 4, 5, 6, 8, 9, 11, 12, 13, 14, 15, 16, 17, 19, 20]",,30.0,4,,,68,0.5,locked,45,0.0,0.0,27,10,23,2,24,15,ordinary,21,full_coverage_and_all_discovered_cleared,220,5777.624206,40.0,constant,,0.04716070799622685
11,2,True,0,11,0,4,0,clustered__adversarial-spatial__68,clustered__adversarial-spatial,15,27,,19,15,263,,bounded_transverse_width,,arc,0,0.04813800000000157,,15,,0,0,,,,,,False,0,0,27,2,0,0,,3,2,242,service_locked1_grid21_29,,,[],1170,21303.121011440056,0,,0.0,,False,0,,385.1749470666667,"[2, 4, 5, 6, 8, 9, 11, 12, 13, 14, 15, 16, 17, 19, 20]",,30.0,4,,,68,0.5,locked,45,1.0,0.0,27,10,23,2,24,15,ordinary,21,full_coverage_and_all_discovered_cleared,220,5777.624206,40.0,constant,,0.04814237495884299
22,1,True,0,22,1,9,0,clustered__adversarial-spatial__68,clustered__adversarial-spatial,14,8,,23,15,225,,bounded_transverse_width,,arc,0,0.06705499999999631,,15,,0,0,,,,,,False,0,0,8,5,0,0,,4,4,200,service_soft20_grid21_29,,,[],1123,23989.959951374567,0,,0.0,,False,0,,404.99946586666664,"[2, 4, 5, 6, 8, 9, 11, 12, 13, 14, 15, 16, 17, 19, 20]",,30.0,4,,,68,0.5,free,57,1.0,20.0,21,3,0,6,36,15,ordinary,21,full_coverage_and_all_discovered_cleared,178,6074.991988,40.0,constant,,0.06705433299066499
15,1,True,0,15,1,4,0,clustered__adversarial-spatial__68,clustered__adversarial-spatial,14,6,,18,15,240,,bounded_transverse_width,,arc,0,0.059509999999995955,,15,,0,0,,,,,,False,0,0,6,3,0,0,,2,2,220,service_free1_convex22,,,[],801,21825.599780426408,0,,0.0,,False,0,,383.14132993333334,"[2, 4, 5, 6, 8, 9, 11, 12, 13, 14, 15, 16, 17, 19, 20]",,30.0,4,,,68,0.5,free,51,1.0,0.0,21,6,2,3,29,15,ordinary,22,full_coverage_and_all_discovered_cleared,198,5747.119949,40.0,constant,,0.05954225000459701
17,2,True,0,17,2,4,0,clustered__adversarial-spatial__68,clustered__adversarial-spatial,13,24,,17,15,265,,bounded_transverse_width,,arc,0,0.04569000000000045,,15,,0,0,,,,,,False,0,0,24,8,0,0,,3,2,246,service_locked1_convex22,,,[],890,21942.680416341616,0,,0.0,,False,0,,394.70240540000003,"[2, 4, 5, 6, 8, 9, 11, 12, 13, 14, 15, 16, 17, 19, 20]",,30.0,4,,,68,0.5,locked,52,1.0,0.0,23,7,36,8,30,15,ordinary,22,full_coverage_and_all_discovered_cleared,221,5920.536081,40.0,constant,,0.045718666980974376
18,3,True,0,18,1,1,0,clustered__adversarial-spatial__69,clustered__adversarial-spatial,14,0,,15,15,216,,bounded_transverse_width,,base,0,0.04671199999999942,,15,,0,0,,,,,,False,0,0,0,8,51,0,,5,3,199,range_grid21_29,,,[],,21171.57442315834,0,,0.0,,False,0,,365.2209923333333,"[2, 3, 4, 5, 6, 7, 8, 9, 10, 11, 12, 13, 14, 16, 18]",,30.0,4,,,69,1.0,,,,,24,4,4,9,30,15,ordinary,21,full_coverage_and_all_discovered_cleared,174,5478.314885,40.0,constant,,0.04671170795336366
4,1,True,0,4,2,4,0,clustered__adversarial-spatial__69,clustered__adversarial-spatial,13,0,,17,15,266,,bounded_transverse_width,,base,0,0.04676599999999809,,15,,0,0,,,,,,False,0,0,0,1,40,0,,2,1,247,range_convex22,,,[],,22079.88695788794,0,,0.0,,False,0,,397.06515920000004,"[2, 3, 4, 5, 6, 7, 8, 9, 10, 11, 12, 13, 14, 16, 18]",,30.0,4,,,69,1.0,,,,,21,2,4,1,18,15,ordinary,22,full_coverage_and_all_discovered_cleared,224,5955.977388,40.0,constant,,0.046799040981568396
11,3,True,0,11,0,3,0,clustered__adversarial-spatial__69,clustered__adversarial-spatial,15,20,21,18,15,297,,bounded_transverse_width,,locked,44,0.04250700000000052,0,15,cached_distance_prefix_sum,0,0,,,21,0,21,True,0,0,21,1,0,0,8,5,3,277,count_locked_grid21_29,5,5,[],,22833.627851181365,0,,0.0,,False,0,456,419.38170460000003,"[2, 3, 4, 5, 6, 7, 8, 9, 10, 11, 12, 13, 14, 16, 18]",1,30.0,4,0,0,69,1.0,,,,,22,10,3,1,23,15,ordinary,21,full_coverage_and_all_discovered_cleared,255,6290.725569,40.0,constant,,0.04251420800574124
11,0,True,0,11,1,3,0,clustered__adversarial-spatial__69,clustered__adversarial-spatial,14,23,,17,15,196,,bounded_transverse_width,,arc,0,0.04744800000000282,,15,,0,0,,,,,,False,0,0,23,5,0,0,,3,3,177,service_free0_grid21_29,,,[],0,22880.240038753687,0,,0.0,,False,0,,379.9365338,"[2, 3, 4, 5, 6, 7, 8, 9, 10, 11, 12, 13, 14, 16, 18]",,30.0,4,,,69,0.5,free,47,0.0,0.0,24,0,5,5,26,15,ordinary,21,full_coverage_and_all_discovered_cleared,157,5699.048007,40.0,constant,,0.04747733299154788
11,0,True,0,11,1,2,0,clustered__adversarial-spatial__69,clustered__adversarial-spatial,14,0,,16,15,194,,bounded_transverse_width,,arc,0,0.05518200000000206,,15,,0,0,,,,,,False,0,0,0,6,0,0,,3,3,176,service_free1_grid21_29,,,[],826,21417.76594420495,0,,0.0,,False,0,,359.8368792,"[2, 3, 4, 5, 6, 7, 8, 9, 10, 11, 12, 13, 14, 16, 18]",,30.0,4,,,69,0.5,free,47,1.0,0.0,26,0,5,6,26,15,ordinary,21,full_coverage_and_all_discovered_cleared,156,5397.553188,40.0,constant,,0.05524458404397592
12,2,True,0,12,2,2,0,clustered__adversarial-spatial__69,clustered__adversarial-spatial,13,0,,15,15,191,,bounded_transverse_width,,arc,0,0.05378999999999934,,15,,0,0,,,,,,False,0,0,0,4,0,0,,4,3,174,service_free2_grid21_29,,,[],819,21174.96620923493,0,,0.0,,False,0,,355.4662160666667,"[2, 3, 4, 5, 6, 7, 8, 9, 10, 11, 12, 13, 14, 16, 18]",,30.0,4,,,69,0.5,free,46,2.0,0.0,25,0,5,4,25,15,ordinary,21,full_coverage_and_all_discovered_cleared,152,5331.993241,40.0,constant,,0.05379820801317692
6,0,True,0,6,0,2,0,clustered__adversarial-spatial__69,clustered__adversarial-spatial,15,20,,17,15,293,,bounded_transverse_width,,arc,0,0.04584299999999786,,15,,0,0,,,,,,False,0,0,20,2,0,0,,2,2,274,service_locked0_grid21_29,,,[],0,20927.62847240367,0,,0.0,,False,0,,392.7683795333333,"[2, 3, 4, 5, 6, 7, 8, 9, 10, 11, 12, 13, 14, 16, 18]",,30.0,4,,,69,0.5,locked,42,0.0,0.0,20,0,4,2,21,15,ordinary,21,full_coverage_and_all_discovered_cleared,255,5891.525693,40.0,constant,,0.04586837498936802
6,0,True,0,6,0,2,0,clustered__adversarial-spatial__69,clustered__adversarial-spatial,15,20,,17,15,293,,bounded_transverse_width,,arc,0,0.04622600000000432,,15,,0,0,,,,,,False,0,0,20,2,0,0,,2,2,274,service_locked1_grid21_29,,,[],1103,20927.62847240367,0,,0.0,,False,0,,392.7683795333333,"[2, 3, 4, 5, 6, 7, 8, 9, 10, 11, 12, 13, 14, 16, 18]",,30.0,4,,,69,0.5,locked,42,1.0,0.0,20,0,4,2,21,15,ordinary,21,full_coverage_and_all_discovered_cleared,255,5891.525693,40.0,constant,,0.046309374971315265
19,3,True,0,19,1,1,0,clustered__adversarial-spatial__69,clustered__adversarial-spatial,14,0,,15,15,231,,bounded_transverse_width,,arc,0,0.06356199999999745,,15,,0,0,,,,,,False,0,0,0,5,0,0,,5,3,214,service_soft20_grid21_29,,,[],791,23388.390056545766,0,,0.0,,False,0,,400.51186739999997,"[2, 3, 4, 5, 6, 7, 8, 9, 10, 11, 12, 13, 14, 16, 18]",,30.0,4,,,69,0.5,free,52,1.0,20.0,24,0,5,6,31,15,ordinary,21,full_coverage_and_all_discovered_cleared,185,6007.678011,40.0,constant,,0.06357512500835583
15,2,True,0,15,0,1,0,clustered__adversarial-spatial__69,clustered__adversarial-spatial,15,0,,16,15,210,,bounded_transverse_width,,arc,0,0.05985899999999589,,15,,0,0,,,,,,False,0,0,0,5,0,0,,4,3,192,service_free1_convex22,,,[],808,21346.043980725455,0,,0.0,,False,0,,364.88058613333334,"[2, 3, 4, 5, 6, 7, 8, 9, 10, 11, 12, 13, 14, 16, 18]",,30.0,4,,,69,0.5,free,50,1.0,0.0,31,5,15,5,28,15,ordinary,22,full_coverage_and_all_discovered_cleared,166,5473.208792,40.0,constant,,0.05988974997308105
18,4,True,0,18,0,2,0,clustered__adversarial-spatial__69,clustered__adversarial-spatial,15,3,,17,15,232,,bounded_transverse_width,,arc,0,0.05201100000000025,,15,,0,0,,,,,,False,0,0,3,5,0,0,,4,3,213,service_locked1_convex22,,,[],1014,22606.66475439573,0,,0.0,,False,0,,390.28886313333334,"[2, 3, 4, 5, 6, 7, 8, 9, 10, 11, 12, 13, 14, 16, 18]",,30.0,4,,,69,0.5,locked,51,1.0,0.0,34,16,17,5,29,15,ordinary,22,full_coverage_and_all_discovered_cleared,187,5854.332947,40.0,constant,,0.052030833961907774
8,0,True,0,8,0,2,0,clustered__adversarial-spatial__70,clustered__adversarial-spatial,10,12,,12,10,312,,bounded_transverse_width,,base,0,0.029409999999998604,,10,,0,0,,,,,,False,0,0,12,2,39,0,,2,2,298,range_grid21_29,,,[],,21546.485904597397,0,,0.0,,False,0,,613.4297177999999,"[2, 3, 5, 10, 11, 13, 15, 16, 19, 20]",,30.0,4,,,70,1.0,,,,,16,2,13,2,18,10,ordinary,21,full_coverage_and_all_discovered_cleared,279,6134.297178,40.0,constant,,0.02941000001737848
11,2,True,0,11,0,1,1,clustered__adversarial-spatial__70,clustered__adversarial-spatial,10,2,,11,10,312,,bounded_transverse_width,,base,0,0.03262900000000002,,10,,0,0,,,,,,False,0,0,2,4,42,0,,3,2,299,range_convex22,,,[],,21771.374651304646,0,,0.0,,False,0,,617.5274928,"[2, 3, 5, 10, 11, 13, 15, 16, 19, 20]",,30.0,4,,,70,1.0,,,,,16,1,15,4,20,10,ordinary,22,full_coverage_and_all_discovered_cleared,273,6175.274928,40.0,constant,,0.03262804198311642
4,0,True,0,4,1,3,0,clustered__adversarial-spatial__70,clustered__adversarial-spatial,9,11,12,12,10,299,,bounded_transverse_width,,locked,35,0.0290989999999951,0,10,cached_distance_prefix_sum,0,0,,,12,0,12,True,0,0,12,1,0,0,8,2,2,285,count_locked_grid21_29,10,10,[],,20206.582863727803,0,,0.0,,False,0,181,578.5316574000001,"[2, 3, 5, 10, 11, 13, 15, 16, 19, 20]",1,30.0,4,0,0,70,1.0,,,,,6,1,24,1,14,10,ordinary,21,full_coverage_and_all_discovered_cleared,263,5785.316574,40.0,constant,,0.029154541960451752
8,0,True,0,8,0,1,0,clustered__adversarial-spatial__70,clustered__adversarial-spatial,10,0,,11,10,287,,bounded_transverse_width,,arc,0,0.03182699999999983,,10,,0,0,,,,,,False,0,0,0,3,0,0,,2,2,274,service_free0_grid21_29,,,[],0,21614.43134332429,0,,0.0,,False,0,,599.9886268,"[2, 3, 5, 10, 11, 13, 15, 16, 19, 20]",,30.0,4,,,70,0.5,free,39,0.0,0.0,15,1,17,3,18,10,ordinary,21,full_coverage_and_all_discovered_cleared,254,5999.886268,40.0,constant,,0.031826334015931934
9,0,True,0,9,0,1,0,clustered__adversarial-spatial__70,clustered__adversarial-spatial,10,0,,11,10,288,,bounded_transverse_width,,arc,0,0.03706799999999788,,10,,0,0,,,,,,False,0,0,0,4,0,0,,2,2,275,service_free1_grid21_29,,,[],311,21781.374251113964,0,,0.0,,False,0,,603.9274849999999,"[2, 3, 5, 10, 11, 13, 15, 16, 19, 20]",,30.0,4,,,70,0.5,free,40,1.0,0.0,15,1,17,4,19,10,ordinary,21,full_coverage_and_all_discovered_cleared,255,6039.27485,40.0,constant,,0.03706812497694045
9,0,True,0,9,0,1,0,clustered__adversarial-spatial__70,clustered__adversarial-spatial,10,0,,11,10,288,,bounded_transverse_width,,arc,0,0.03546200000000255,,10,,0,0,,,,,,False,0,0,0,4,0,0,,2,2,275,service_free2_grid21_29,,,[],311,21781.374251113964,0,,0.0,,False,0,,603.9274849999999,"[2, 3, 5, 10, 11, 13, 15, 16, 19, 20]",,30.0,4,,,70,0.5,free,40,2.0,0.0,15,1,17,4,19,10,ordinary,21,full_coverage_and_all_discovered_cleared,255,6039.27485,40.0,constant,,0.03546229196945205
5,0,True,0,5,1,2,0,clustered__adversarial-spatial__70,clustered__adversarial-spatial,9,3,,11,10,308,,bounded_transverse_width,,arc,0,0.03766699999999901,,10,,0,0,,,,,,False,0,0,3,2,0,0,,2,2,295,service_locked0_grid21_29,,,[],0,20120.567245505328,0,,0.0,,False,0,,582.5113449,"[2, 3, 5, 10, 11, 13, 15, 16, 19, 20]",,30.0,4,,,70,0.5,locked,36,0.0,0.0,17,2,22,2,15,10,ordinary,21,full_coverage_and_all_discovered_cleared,273,5825.113449,40.0,constant,,0.0377282919944264
8,0,True,0,8,2,4,0,clustered__adversarial-spatial__70,clustered__adversarial-spatial,8,3,,12,10,309,,bounded_transverse_width,,arc,0,0.039918999999997595,,10,,0,0,,,,,,False,0,0,3,3,0,0,,2,2,295,service_locked1_grid21_29,,,[],738,20437.718949529648,0,,0.0,,False,0,,589.0543791,"[2, 3, 5, 10, 11, 13, 15, 16, 19, 20]",,30.0,4,,,70,0.5,locked,39,1.0,0.0,17,2,23,3,18,10,ordinary,21,full_coverage_and_all_discovered_cleared,272,5890.543791,40.0,constant,,0.039990499964915216
14,0,True,0,14,1,3,0,clustered__adversarial-spatial__70,clustered__adversarial-spatial,9,1,,12,10,288,,bounded_transverse_width,,arc,0,0.04821400000000153,,10,,0,0,,,,,,False,0,0,1,2,0,0,,3,3,274,service_soft20_grid21_29,,,[],409,23588.36203702381,0,,0.0,,False,0,,639.5672406,"[2, 3, 5, 10, 11, 13, 15, 16, 19, 20]",,30.0,4,,,70,0.5,free,45,1.0,20.0,12,2,20,2,24,10,ordinary,21,full_coverage_and_all_discovered_cleared,252,6395.672406,40.0,constant,,0.04823329200735316
16,4,True,0,16,0,1,2,clustered__adversarial-spatial__70,clustered__adversarial-spatial,10,0,,11,10,313,,bounded_transverse_width,,arc,0,0.040998000000001866,,10,,0,0,,,,,,False,0,0,0,3,0,0,,4,3,300,service_free1_convex22,,,[],344,22060.43511052812,0,,0.0,,False,0,,623.708702,"[2, 3, 5, 10, 11, 13, 15, 16, 19, 20]",,30.0,4,,,70,0.5,free,46,1.0,0.0,15,1,6,3,24,10,ordinary,22,full_coverage_and_all_discovered_cleared,272,6237.08702,40.0,constant,,0.04100208304589614
15,4,True,0,15,1,4,1,clustered__adversarial-spatial__70,clustered__adversarial-spatial,9,11,,13,10,324,,bounded_transverse_width,,arc,0,0.041479000000002486,,10,,0,0,,,,,,False,0,0,11,2,0,0,,4,4,309,service_locked1_convex22,,,[],784,21074.244107210507,0,,0.0,,False,0,,610.4848822,"[2, 3, 5, 10, 11, 13, 15, 16, 19, 20]",,30.0,4,,,70,0.5,locked,44,1.0,0.0,14,11,9,2,22,10,ordinary,22,full_coverage_and_all_discovered_cleared,286,6104.848822,40.0,constant,,0.04152937495382503
2,0,True,0,2,0,0,0,clustered__adversarial-spatial__71,clustered__adversarial-spatial,12,13,,12,12,298,,bounded_transverse_width,,base,0,0.03477500000000333,,12,,0,0,,,,,,False,0,0,13,2,35,0,,1,1,284,range_grid21_29,,,[],,22235.251579963468,0,,0.0,,False,0,,515.5875261666666,"[1, 2, 4, 5, 7, 9, 10, 13, 17, 18, 19, 20]",,30.0,4,,,71,1.0,,,,,13,3,21,2,14,12,ordinary,21,full_coverage_and_all_discovered_cleared,260,6187.050314,40.0,constant,,0.0348000000230968
10,0,True,0,10,3,5,0,clustered__adversarial-spatial__71,clustered__adversarial-spatial,9,2,,14,12,272,,bounded_transverse_width,,base,0,0.03955700000000206,,12,,0,0,,,,,,False,0,0,2,1,44,0,,3,3,256,range_convex22,,,[],,23273.431947985842,0,,0.0,,False,0,,519.2238655,"[1, 2, 4, 5, 7, 9, 10, 13, 17, 18, 19, 20]",,30.0,4,,,71,1.0,,,,,24,1,10,1,22,12,ordinary,22,full_coverage_and_all_discovered_cleared,230,6230.686386,40.0,constant,,0.03955641598440707
11,2,True,0,11,1,4,0,clustered__adversarial-spatial__71,clustered__adversarial-spatial,11,0,0,15,12,253,,bounded_transverse_width,,locked,42,0.032389000000002,0,12,cached_distance_prefix_sum,0,0,,,0,0,0,True,0,0,0,3,0,0,8,5,3,236,count_locked_grid21_29,8,8,[],,20790.22082781367,0,,0.0,,False,0,32,468.0870138333333,"[1, 2, 4, 5, 7, 9, 10, 13, 17, 18, 19, 20]",0,30.0,4,0,0,71,1.0,,,,,13,0,27,3,21,12,ordinary,21,full_coverage_and_all_discovered_cleared,210,5617.044166,40.0,constant,,0.03242933301953599
13,2,True,0,13,1,4,0,clustered__adversarial-spatial__71,clustered__adversarial-spatial,11,3,,15,12,256,,bounded_transverse_width,,arc,0,0.036636000000001445,,12,,0,0,,,,,,False,0,0,3,4,0,0,,3,2,239,service_free0_grid21_29,,,[],0,20781.34547618,0,,0.0,,False,0,,469.1890908333333,"[1, 2, 4, 5, 7, 9, 10, 13, 17, 18, 19, 20]",,30.0,4,,,71,0.5,free,44,0.0,0.0,14,0,9,5,23,12,ordinary,21,full_coverage_and_all_discovered_cleared,210,5630.26909,40.0,constant,,0.036654041963629425
11,1,True,0,11,1,3,0,clustered__adversarial-spatial__71,clustered__adversarial-spatial,11,0,,14,12,250,,bounded_transverse_width,,arc,0,0.04006599999999594,,12,,0,0,,,,,,False,0,0,0,6,0,0,,3,2,234,service_free1_grid21_29,,,[],371,20955.510850724273,0,,0.0,,False,0,,469.75851400000005,"[1, 2, 4, 5, 7, 9, 10, 13, 17, 18, 19, 20]",,30.0,4,,,71,0.5,free,43,1.0,0.0,14,0,9,7,22,12,ordinary,21,full_coverage_and_all_discovered_cleared,210,5637.102168,40.0,constant,,0.04008616699138656
11,1,True,0,11,1,3,0,clustered__adversarial-spatial__71,clustered__adversarial-spatial,11,0,,14,12,249,,bounded_transverse_width,,arc,0,0.03817400000000504,,12,,0,0,,,,,,False,0,0,0,4,0,0,,3,2,233,service_free2_grid21_29,,,[],377,20908.945895623212,0,,0.0,,False,0,,468.48243141666666,"[1, 2, 4, 5, 7, 9, 10, 13, 17, 18, 19, 20]",,30.0,4,,,71,0.5,free,43,2.0,0.0,13,0,9,5,22,12,ordinary,21,full_coverage_and_all_discovered_cleared,209,5621.789177,40.0,constant,,0.03817366698058322
14,2,True,0,14,1,4,0,clustered__adversarial-spatial__71,clustered__adversarial-spatial,11,0,,15,12,254,,bounded_transverse_width,,arc,0,0.03647500000000292,,12,,0,0,,,,,,False,0,0,0,5,0,0,,5,3,237,service_locked0_grid21_29,,,[],0,20903.693519189485,0,,0.0,,False,0,,470.72822525,"[1, 2, 4, 5, 7, 9, 10, 13, 17, 18, 19, 20]",,30.0,4,,,71,0.5,locked,45,0.0,0.0,12,0,28,6,24,12,ordinary,21,full_coverage_and_all_discovered_cleared,214,5648.738703,40.0,constant,,0.03652791603235528
14,2,True,0,14,1,4,0,clustered__adversarial-spatial__71,clustered__adversarial-spatial,11,0,,15,12,254,,bounded_transverse_width,,arc,0,0.037092000000001235,,12,,0,0,,,,,,False,0,0,0,5,0,0,,5,3,237,service_locked1_grid21_29,,,[],381,20903.693519189485,0,,0.0,,False,0,,470.72822525,"[1, 2, 4, 5, 7, 9, 10, 13, 17, 18, 19, 20]",,30.0,4,,,71,0.5,locked,45,1.0,0.0,12,0,28,6,24,12,ordinary,21,full_coverage_and_all_discovered_cleared,214,5648.738703,40.0,constant,,0.037133832986000925
11,1,True,0,11,1,4,0,clustered__adversarial-spatial__71,clustered__adversarial-spatial,11,0,,15,12,253,,bounded_transverse_width,,arc,0,0.04112699999999592,,12,,0,0,,,,,,False,0,0,0,5,0,0,,3,2,236,service_soft20_grid21_29,,,[],373,21813.451981060556,0,,0.0,,False,0,,485.39086625,"[1, 2, 4, 5, 7, 9, 10, 13, 17, 18, 19, 20]",,30.0,4,,,71,0.5,free,43,1.0,20.0,13,0,10,6,22,12,ordinary,21,full_coverage_and_all_discovered_cleared,213,5824.690395,40.0,constant,,0.041139124950859696
17,3,True,0,17,0,1,0,clustered__adversarial-spatial__71,clustered__adversarial-spatial,12,0,,13,12,265,,bounded_transverse_width,,arc,0,0.045924999999996885,,12,,0,0,,,,,,False,0,0,0,2,0,0,,5,3,250,service_free1_convex22,,,[],470,20904.19593326883,0,,0.0,,False,0,,476.23659875,"[1, 2, 4, 5, 7, 9, 10, 13, 17, 18, 19, 20]",,30.0,4,,,71,0.5,free,48,1.0,0.0,15,4,9,3,26,12,ordinary,22,full_coverage_and_all_discovered_cleared,221,5714.839185,40.0,constant,,0.04592483298620209
18,6,True,0,18,1,2,1,clustered__adversarial-spatial__71,clustered__adversarial-spatial,11,8,,13,12,300,,bounded_transverse_width,,arc,0,0.04222800000000149,,12,,0,0,,,,,,False,0,0,8,2,0,0,,5,3,285,service_locked1_convex22,,,[],631,22184.152812529916,0,,0.0,,False,0,,515.1525466666667,"[1, 2, 4, 5, 7, 9, 10, 13, 17, 18, 19, 20]",,30.0,4,,,71,0.5,locked,47,1.0,0.0,20,4,13,2,25,12,ordinary,22,full_coverage_and_all_discovered_cleared,257,6181.83056,40.0,constant,,0.04228120803600177
26,18,True,0,26,1,1,6,boundary_outward_min__n10__positive,boundary_outward_min,9,0,,10,10,394,,bounded_transverse_width,,base,0,0.022497999999998797,,10,,0,0,,,,,,False,0,0,0,1,45,0,,4,2,382,range_grid21_29,,,[],,24086.20864958152,0,,0.0,,False,0,,712.8241731,"[1, 2, 7, 10, 11, 13, 14, 15, 18, 20]",,30.0,4,,,142,1.0,,,,,0,0,0,1,24,10,stress,21,full_coverage_and_all_discovered_cleared,351,7128.241731,40.0,constant,,0.022519249992910773
25,12,True,0,25,0,1,4,boundary_outward_min__n10__positive,boundary_outward_min,10,9,,11,10,384,,bounded_transverse_width,,base,0,0.026700999999995645,,10,,0,0,,,,,,False,0,0,9,0,49,0,,4,3,371,range_convex22,,,[],,25237.382726659594,0,,0.0,,False,0,,729.9476549,"[1, 2, 7, 10, 11, 13, 14, 15, 18, 20]",,30.0,4,,,142,1.0,,,,,1,7,0,0,27,10,stress,22,full_coverage_and_all_discovered_cleared,344,7299.476549,40.0,constant,,0.026700165995862335
25,18,True,0,25,1,1,6,boundary_outward_min__n10__positive,boundary_outward_min,9,4,5,10,10,398,,bounded_transverse_width,,locked,44,0.02392799999999795,0,10,cached_distance_prefix_sum,0,0,,,5,0,5,True,0,0,5,0,0,0,8,4,2,386,count_locked_grid21_29,11,11,[],,23061.058349558978,0,,0.0,,False,0,79,694.6211671,"[1, 2, 7, 10, 11, 13, 14, 15, 18, 20]",1,30.0,4,0,0,142,1.0,,,,,1,1,0,0,23,10,stress,21,full_coverage_and_all_discovered_cleared,354,6946.211671,40.0,constant,,0.023927708039991558
26,18,True,0,26,1,1,6,boundary_outward_min__n10__positive,boundary_outward_min,9,0,,10,10,394,,bounded_transverse_width,,arc,0,0.023798999999996795,,10,,0,0,,,,,,False,0,0,0,1,0,0,,4,2,382,service_free0_grid21_29,,,[],0,24086.20864958152,0,,0.0,,False,0,,712.8241731,"[1, 2, 7, 10, 11, 13, 14, 15, 18, 20]",,30.0,4,,,142,0.5,free,45,0.0,0.0,0,0,0,1,24,10,stress,21,full_coverage_and_all_discovered_cleared,351,7128.241731,40.0,constant,,0.023798540991265327
26,18,True,0,26,1,1,6,boundary_outward_min__n10__positive,boundary_outward_min,9,0,,10,10,394,,bounded_transverse_width,,arc,0,0.025334000000000856,,10,,0,0,,,,,,False,0,0,0,1,0,0,,4,2,382,service_free1_grid21_29,,,[],30,24086.20864958152,0,,0.0,,False,0,,712.8241731,"[1, 2, 7, 10, 11, 13, 14, 15, 18, 20]",,30.0,4,,,142,0.5,free,45,1.0,0.0,0,0,0,1,24,10,stress,21,full_coverage_and_all_discovered_cleared,351,7128.241731,40.0,constant,,0.02536704100202769
26,18,True,0,26,1,1,6,boundary_outward_min__n10__positive,boundary_outward_min,9,0,,10,10,394,,bounded_transverse_width,,arc,0,0.02496500000000168,,10,,0,0,,,,,,False,0,0,0,1,0,0,,4,2,382,service_free2_grid21_29,,,[],30,24086.20864958152,0,,0.0,,False,0,,712.8241731,"[1, 2, 7, 10, 11, 13, 14, 15, 18, 20]",,30.0,4,,,142,0.5,free,45,2.0,0.0,0,0,0,1,24,10,stress,21,full_coverage_and_all_discovered_cleared,351,7128.241731,40.0,constant,,0.0249634999781847
25,18,True,0,25,1,1,6,boundary_outward_min__n10__positive,boundary_outward_min,9,4,,10,10,399,,bounded_transverse_width,,arc,0,0.02484900000000323,,10,,0,0,,,,,,False,0,0,4,0,0,0,,4,2,387,service_locked0_grid21_29,,,[],0,23061.058349558978,0,,0.0,,False,0,,695.2211671,"[1, 2, 7, 10, 11, 13, 14, 15, 18, 20]",,30.0,4,,,142,0.5,locked,44,0.0,0.0,1,1,0,0,23,10,stress,21,full_coverage_and_all_discovered_cleared,355,6952.211671,40.0,constant,,0.024863417027518153
25,18,True,0,25,1,1,6,boundary_outward_min__n10__positive,boundary_outward_min,9,4,,10,10,399,,bounded_transverse_width,,arc,0,0.02469400000000377,,10,,0,0,,,,,,False,0,0,4,0,0,0,,4,2,387,service_locked1_grid21_29,,,[],97,23061.058349558978,0,,0.0,,False,0,,695.2211671,"[1, 2, 7, 10, 11, 13, 14, 15, 18, 20]",,30.0,4,,,142,0.5,locked,44,1.0,0.0,1,1,0,0,23,10,stress,21,full_coverage_and_all_discovered_cleared,355,6952.211671,40.0,constant,,0.024694915977306664
28,18,True,0,28,1,2,6,boundary_outward_min__n10__positive,boundary_outward_min,9,0,,11,10,397,,bounded_transverse_width,,arc,0,0.02859200000000328,,10,,0,0,,,,,,False,0,0,0,1,0,0,,4,3,384,service_soft20_grid21_29,,,[],39,24672.370426807865,0,,0.0,,False,0,,725.9474086,"[1, 2, 7, 10, 11, 13, 14, 15, 18, 20]",,30.0,4,,,142,0.5,free,47,1.0,20.0,0,0,9,1,26,10,stress,21,full_coverage_and_all_discovered_cleared,352,7259.474086,40.0,constant,,0.028592541988473386
26,13,True,0,26,0,1,4,boundary_outward_min__n10__positive,boundary_outward_min,10,0,,11,10,376,,bounded_transverse_width,,arc,0,0.030050000000002797,,10,,0,0,,,,,,False,0,0,0,0,0,0,,4,3,363,service_free1_convex22,,,[],66,23110.78326594751,0,,0.0,,False,0,,682.4156657000001,"[1, 2, 7, 10, 11, 13, 14, 15, 18, 20]",,30.0,4,,,142,0.5,free,49,1.0,0.0,0,0,0,0,27,10,stress,22,full_coverage_and_all_discovered_cleared,334,6824.156657,40.0,constant,,0.030086709011811763
22,13,True,0,22,0,0,4,boundary_outward_min__n10__positive,boundary_outward_min,10,7,,10,10,404,,bounded_transverse_width,,arc,0,0.027487000000000705,,10,,0,0,,,,,,False,0,0,7,0,0,0,,4,2,392,service_locked1_convex22,,,[],139,22235.476692979326,0,,0.0,,False,0,,682.2095343,"[1, 2, 7, 10, 11, 13, 14, 15, 18, 20]",,30.0,4,,,142,0.5,locked,45,1.0,0.0,1,2,1,0,23,10,stress,22,full_coverage_and_all_discovered_cleared,365,6822.095343,40.0,constant,,0.0274992500199005
24,16,True,0,24,0,0,6,boundary_outward_min__n10__negative,boundary_outward_min,10,0,,10,10,392,,bounded_transverse_width,,base,0,0.022623000000002946,,10,,0,0,,,,,,False,0,0,0,1,45,0,,4,2,380,range_grid21_29,,,[],,23863.30771644704,0,,0.0,,False,0,,707.3661546000001,"[1, 2, 7, 10, 11, 13, 14, 15, 18, 20]",,30.0,4,,,143,1.0,,,,,0,0,0,1,24,10,stress,21,full_coverage_and_all_discovered_cleared,351,7073.661546,40.0,constant,,0.022651166014838964
24,14,True,0,24,0,0,4,boundary_outward_min__n10__negative,boundary_outward_min,10,0,,10,10,385,,bounded_transverse_width,,base,0,0.024537999999999727,,10,,0,0,,,,,,False,0,0,0,1,46,0,,4,2,373,range_convex22,,,[],,23357.725816298294,0,,0.0,,False,0,,693.1545155,"[1, 2, 7, 10, 11, 13, 14, 15, 18, 20]",,30.0,4,,,143,1.0,,,,,1,1,0,1,24,10,stress,22,full_coverage_and_all_discovered_cleared,345,6931.545155,40.0,constant,,0.02453883399721235
24,16,True,0,24,0,1,6,boundary_outward_min__n10__negative,boundary_outward_min,10,4,5,11,10,398,,bounded_transverse_width,,locked,45,0.025083000000002187,0,10,cached_distance_prefix_sum,0,0,,,5,0,5,True,0,0,5,0,0,0,8,4,2,385,count_locked_grid21_29,11,11,[],,22957.878458892334,0,,0.0,,False,0,79,692.8575695000001,"[1, 2, 7, 10, 11, 13, 14, 15, 18, 20]",1,30.0,4,0,0,143,1.0,,,,,1,2,0,0,24,10,stress,21,full_coverage_and_all_discovered_cleared,359,6928.575695,40.0,constant,,0.02508216700516641
24,16,True,0,24,0,0,6,boundary_outward_min__n10__negative,boundary_outward_min,10,0,,10,10,392,,bounded_transverse_width,,arc,0,0.024188999999999794,,10,,0,0,,,,,,False,0,0,0,1,0,0,,4,2,380,service_free0_grid21_29,,,[],0,23863.30771644704,0,,0.0,,False,0,,707.3661546000001,"[1, 2, 7, 10, 11, 13, 14, 15, 18, 20]",,30.0,4,,,143,0.5,free,45,0.0,0.0,0,0,0,1,24,10,stress,21,full_coverage_and_all_discovered_cleared,351,7073.661546,40.0,constant,,0.024202667002100497
24,16,True,0,24,0,0,6,boundary_outward_min__n10__negative,boundary_outward_min,10,0,,10,10,392,,bounded_transverse_width,,arc,0,0.025249999999999773,,10,,0,0,,,,,,False,0,0,0,1,0,0,,4,2,380,service_free1_grid21_29,,,[],29,23863.30771644704,0,,0.0,,False,0,,707.3661546000001,"[1, 2, 7, 10, 11, 13, 14, 15, 18, 20]",,30.0,4,,,143,0.5,free,45,1.0,0.0,0,0,0,1,24,10,stress,21,full_coverage_and_all_discovered_cleared,351,7073.661546,40.0,constant,,0.02526879101060331
24,16,True,0,24,0,0,6,boundary_outward_min__n10__negative,boundary_outward_min,10,0,,10,10,392,,bounded_transverse_width,,arc,0,0.02528000000000219,,10,,0,0,,,,,,False,0,0,0,1,0,0,,4,2,380,service_free2_grid21_29,,,[],29,23863.30771644704,0,,0.0,,False,0,,707.3661546000001,"[1, 2, 7, 10, 11, 13, 14, 15, 18, 20]",,30.0,4,,,143,0.5,free,45,2.0,0.0,0,0,0,1,24,10,stress,21,full_coverage_and_all_discovered_cleared,351,7073.661546,40.0,constant,,0.025279499997850507
24,16,True,0,24,0,1,6,boundary_outward_min__n10__negative,boundary_outward_min,10,4,,11,10,399,,bounded_transverse_width,,arc,0,0.02632399999999535,,10,,0,0,,,,,,False,0,0,4,0,0,0,,4,2,386,service_locked0_grid21_29,,,[],0,22957.878458892334,0,,0.0,,False,0,,693.4575695000001,"[1, 2, 7, 10, 11, 13, 14, 15, 18, 20]",,30.0,4,,,143,0.5,locked,45,0.0,0.0,1,2,0,0,24,10,stress,21,full_coverage_and_all_discovered_cleared,360,6934.575695,40.0,constant,,0.026337624993175268
24,16,True,0,24,0,1,6,boundary_outward_min__n10__negative,boundary_outward_min,10,4,,11,10,399,,bounded_transverse_width,,arc,0,0.026212000000001012,,10,,0,0,,,,,,False,0,0,4,0,0,0,,4,2,386,service_locked1_grid21_29,,,[],98,22957.878458892334,0,,0.0,,False,0,,693.4575695000001,"[1, 2, 7, 10, 11, 13, 14, 15, 18, 20]",,30.0,4,,,143,0.5,locked,45,1.0,0.0,1,2,0,0,24,10,stress,21,full_coverage_and_all_discovered_cleared,360,6934.575695,40.0,constant,,0.026211666001472622
26,16,True,0,26,0,0,6,boundary_outward_min__n10__negative,boundary_outward_min,10,0,,10,10,396,,bounded_transverse_width,,arc,0,0.028881999999995855,,10,,0,0,,,,,,False,0,0,0,0,0,0,,4,3,384,service_soft20_grid21_29,,,[],36,24680.754881254044,0,,0.0,,False,0,,726.115098,"[1, 2, 7, 10, 11, 13, 14, 15, 18, 20]",,30.0,4,,,143,0.5,free,47,1.0,20.0,0,0,0,0,26,10,stress,21,full_coverage_and_all_discovered_cleared,355,7261.15098,40.0,constant,,0.02888187498319894
25,13,True,0,25,0,1,4,boundary_outward_min__n10__negative,boundary_outward_min,10,0,,11,10,375,,bounded_transverse_width,,arc,0,0.028938999999994053,,10,,0,0,,,,,,False,0,0,0,0,0,0,,4,3,362,service_free1_convex22,,,[],60,23105.63931319531,0,,0.0,,False,0,,681.8127855,"[1, 2, 7, 10, 11, 13, 14, 15, 18, 20]",,30.0,4,,,143,0.5,free,48,1.0,0.0,0,0,0,0,26,10,stress,22,full_coverage_and_all_discovered_cleared,334,6818.127855,40.0,constant,,0.0290040000109002
21,12,True,0,21,1,1,4,boundary_outward_min__n10__negative,boundary_outward_min,9,7,,10,10,404,,bounded_transverse_width,,arc,0,0.027516999999996017,,10,,0,0,,,,,,False,0,0,7,0,0,0,,4,2,392,service_locked1_convex22,,,[],153,22292.80256289488,0,,0.0,,False,0,,683.4560506,"[1, 2, 7, 10, 11, 13, 14, 15, 18, 20]",,30.0,4,,,143,0.5,locked,45,1.0,0.0,1,2,0,0,23,10,stress,22,full_coverage_and_all_discovered_cleared,366,6834.560506,40.0,constant,,0.02751737501239404
26,17,True,0,26,0,1,6,boundary_outward_min__n10__spatial,boundary_outward_min,10,0,,11,10,395,,bounded_transverse_width,,base,0,0.023105999999998517,,10,,0,0,,,,,,False,0,0,0,1,46,0,,4,2,382,range_grid21_29,,,[],,24002.09447588667,0,,0.0,,False,0,,711.4418895,"[1, 2, 7, 10, 11, 13, 14, 15, 18, 20]",,30.0,4,,,144,1.0,,,,,0,0,0,1,25,10,stress,21,full_coverage_and_all_discovered_cleared,351,7114.418895,40.0,constant,,0.023117958975490183
25,13,True,0,25,0,1,4,boundary_outward_min__n10__spatial,boundary_outward_min,10,9,,11,10,384,,bounded_transverse_width,,base,0,0.02607100000000173,,10,,0,0,,,,,,False,0,0,9,0,48,0,,4,2,371,range_convex22,,,[],,25340.93162838304,0,,0.0,,False,0,,732.0186329000001,"[1, 2, 7, 10, 11, 13, 14, 15, 18, 20]",,30.0,4,,,144,1.0,,,,,1,7,0,0,26,10,stress,22,full_coverage_and_all_discovered_cleared,344,7320.186329,40.0,constant,,0.026071167027112097
25,17,True,0,25,0,1,6,boundary_outward_min__n10__spatial,boundary_outward_min,10,4,5,11,10,399,,bounded_transverse_width,,locked,45,0.02497399999999317,0,10,cached_distance_prefix_sum,0,0,,,5,0,5,True,0,0,5,0,0,0,8,4,2,386,count_locked_grid21_29,11,11,[],,22993.40240504075,0,,0.0,,False,0,79,693.7680482,"[1, 2, 7, 10, 11, 13, 14, 15, 18, 20]",1,30.0,4,0,0,144,1.0,,,,,1,2,0,0,24,10,stress,21,full_coverage_and_all_discovered_cleared,356,6937.680482,40.0,constant,,0.025038584019057453
27,17,True,0,27,0,1,6,boundary_outward_min__n10__spatial,boundary_outward_min,10,0,,11,10,396,,bounded_transverse_width,,arc,0,0.02566399999999902,,10,,0,0,,,,,,False,0,0,0,1,0,0,,4,2,383,service_free0_grid21_29,,,[],0,24064.00834893461,0,,0.0,,False,0,,713.180167,"[1, 2, 7, 10, 11, 13, 14, 15, 18, 20]",,30.0,4,,,144,0.5,free,47,0.0,0.0,0,0,0,1,26,10,stress,21,full_coverage_and_all_discovered_cleared,351,7131.80167,40.0,constant,,0.02570312499301508
27,17,True,0,27,0,1,6,boundary_outward_min__n10__spatial,boundary_outward_min,10,0,,11,10,396,,bounded_transverse_width,,arc,0,0.026916999999997415,,10,,0,0,,,,,,False,0,0,0,1,0,0,,4,2,383,service_free1_grid21_29,,,[],36,24064.00834893461,0,,0.0,,False,0,,713.180167,"[1, 2, 7, 10, 11, 13, 14, 15, 18, 20]",,30.0,4,,,144,0.5,free,47,1.0,0.0,0,0,0,1,26,10,stress,21,full_coverage_and_all_discovered_cleared,351,7131.80167,40.0,constant,,0.02694004197837785
27,17,True,0,27,0,1,6,boundary_outward_min__n10__spatial,boundary_outward_min,10,0,,11,10,396,,bounded_transverse_width,,arc,0,0.026716000000000406,,10,,0,0,,,,,,False,0,0,0,1,0,0,,4,2,383,service_free2_grid21_29,,,[],36,24064.00834893461,0,,0.0,,False,0,,713.180167,"[1, 2, 7, 10, 11, 13, 14, 15, 18, 20]",,30.0,4,,,144,0.5,free,47,2.0,0.0,0,0,0,1,26,10,stress,21,full_coverage_and_all_discovered_cleared,351,7131.80167,40.0,constant,,0.02673754101851955
25,17,True,0,25,0,1,6,boundary_outward_min__n10__spatial,boundary_outward_min,10,4,,11,10,400,,bounded_transverse_width,,arc,0,0.025550000000002626,,10,,0,0,,,,,,False,0,0,4,0,0,0,,4,2,387,service_locked0_grid21_29,,,[],0,22993.40240504075,0,,0.0,,False,0,,694.3680482,"[1, 2, 7, 10, 11, 13, 14, 15, 18, 20]",,30.0,4,,,144,0.5,locked,45,0.0,0.0,1,2,0,0,24,10,stress,21,full_coverage_and_all_discovered_cleared,357,6943.680482,40.0,constant,,0.025549208046868443
25,17,True,0,25,0,1,6,boundary_outward_min__n10__spatial,boundary_outward_min,10,4,,11,10,400,,bounded_transverse_width,,arc,0,0.02561399999999736,,10,,0,0,,,,,,False,0,0,4,0,0,0,,4,2,387,service_locked1_grid21_29,,,[],97,22993.40240504075,0,,0.0,,False,0,,694.3680482,"[1, 2, 7, 10, 11, 13, 14, 15, 18, 20]",,30.0,4,,,144,0.5,locked,45,1.0,0.0,1,2,0,0,24,10,stress,21,full_coverage_and_all_discovered_cleared,357,6943.680482,40.0,constant,,0.02561395801603794
28,17,True,0,28,0,1,6,boundary_outward_min__n10__spatial,boundary_outward_min,10,0,,11,10,399,,bounded_transverse_width,,arc,0,0.029600999999999544,,10,,0,0,,,,,,False,0,0,0,0,0,0,,4,3,386,service_soft20_grid21_29,,,[],38,24834.945482113904,0,,0.0,,False,0,,730.4989097,"[1, 2, 7, 10, 11, 13, 14, 15, 18, 20]",,30.0,4,,,144,0.5,free,48,1.0,20.0,0,0,0,0,27,10,stress,21,full_coverage_and_all_discovered_cleared,355,7304.989097,40.0,constant,,0.029640667024068534
26,14,True,0,26,0,1,4,boundary_outward_min__n10__spatial,boundary_outward_min,10,0,,11,10,376,,bounded_transverse_width,,arc,0,0.028734000000000037,,10,,0,0,,,,,,False,0,0,0,0,0,0,,4,2,363,service_free1_convex22,,,[],61,23204.000909768274,0,,0.0,,False,0,,684.2800187,"[1, 2, 7, 10, 11, 13, 14, 15, 18, 20]",,30.0,4,,,144,0.5,free,48,1.0,0.0,0,0,0,0,26,10,stress,22,full_coverage_and_all_discovered_cleared,334,6842.800187,40.0,constant,,0.02875895902980119
23,14,True,0,23,0,0,4,boundary_outward_min__n10__spatial,boundary_outward_min,10,7,,10,10,405,,bounded_transverse_width,,arc,0,0.0268299999999968,,10,,0,0,,,,,,False,0,0,7,0,0,0,,4,2,393,service_locked1_convex22,,,[],139,22387.39310093964,0,,0.0,,False,0,,685.7478624,"[1, 2, 7, 10, 11, 13, 14, 15, 18, 20]",,30.0,4,,,144,0.5,locked,45,1.0,0.0,1,2,1,0,23,10,stress,22,full_coverage_and_all_discovered_cleared,365,6857.478624,40.0,constant,,0.026842207997106016
39,23,True,0,39,3,3,8,boundary_outward_min__n16__positive,boundary_outward_min,13,17,,16,16,284,,bounded_transverse_width,,base,0,0.034098000000000184,,16,,0,0,,,,,,False,0,0,17,2,55,6,,4,2,266,range_grid21_29,,,[],,26134.96440395766,0,,0.0,,False,0,,429.749555125,"[2, 3, 4, 5, 6, 7, 8, 9, 10, 11, 12, 14, 15, 16, 18, 20]",,30.0,4,,,145,1.0,,,,,11,24,0,2,40,16,stress,15,public_upper_bound_16,239,6875.992882,40.0,constant,,0.03409800003282726
42,25,True,0,42,0,1,8,boundary_outward_min__n16__positive,boundary_outward_min,16,0,,17,16,351,,bounded_transverse_width,,base,0,0.03266199999999486,,16,,0,0,,,,,,False,0,0,0,0,62,1,,4,3,332,range_convex22,,,[],,27095.738577971668,0,,0.0,,False,0,,466.38423225,"[2, 3, 4, 5, 6, 7, 8, 9, 10, 11, 12, 14, 15, 16, 18, 20]",,30.0,4,,,145,1.0,,,,,5,7,0,0,41,16,stress,21,public_upper_bound_16,300,7462.147716,40.0,constant,,0.03266187501139939
40,25,True,0,40,3,3,8,boundary_outward_min__n16__positive,boundary_outward_min,13,12,16,16,16,388,,bounded_transverse_width,,locked,60,0.034251000000004694,0,16,cached_distance_prefix_sum,0,0,,,16,0,16,True,0,0,16,0,0,0,8,4,2,370,count_locked_grid21_29,3,5,[],,27076.6447272473,0,,0.0,,False,0,136,480.333059,"[2, 3, 4, 5, 6, 7, 8, 9, 10, 11, 12, 14, 15, 16, 18, 20]",2,30.0,4,2,1,145,1.0,,,,,8,22,0,0,39,16,stress,21,public_upper_bound_16,340,7685.328944,40.0,constant,,0.03430420800577849
39,23,True,0,39,3,3,8,boundary_outward_min__n16__positive,boundary_outward_min,13,25,,16,16,286,,bounded_transverse_width,,arc,0,0.041536000000000683,,16,,0,0,,,,,,False,0,0,25,1,0,6,,4,2,268,service_free0_grid21_29,,,[],0,26532.00812507581,0,,0.0,,False,0,,435.462601625,"[2, 3, 4, 5, 6, 7, 8, 9, 10, 11, 12, 14, 15, 16, 18, 20]",,30.0,4,,,145,0.5,free,55,0.0,0.0,11,30,0,1,40,16,stress,15,public_upper_bound_16,241,6967.401626,40.0,constant,,0.04155279096448794
39,23,True,0,39,3,3,8,boundary_outward_min__n16__positive,boundary_outward_min,13,25,,16,16,286,,bounded_transverse_width,,arc,0,0.046988999999996395,,16,,0,0,,,,,,False,0,0,25,1,0,6,,4,2,268,service_free1_grid21_29,,,[],425,26532.00812507581,0,,0.0,,False,0,,435.462601625,"[2, 3, 4, 5, 6, 7, 8, 9, 10, 11, 12, 14, 15, 16, 18, 20]",,30.0,4,,,145,0.5,free,55,1.0,0.0,11,30,0,1,40,16,stress,15,public_upper_bound_16,241,6967.401626,40.0,constant,,0.046990333998110145
38,22,True,0,38,3,3,8,boundary_outward_min__n16__positive,boundary_outward_min,13,24,,16,16,283,,bounded_transverse_width,,arc,0,0.0468309999999974,,16,,0,0,,,,,,False,0,0,24,1,0,6,,4,2,265,service_free2_grid21_29,,,[],453,26760.986992073947,0,,0.0,,False,0,,437.1998374375,"[2, 3, 4, 5, 6, 7, 8, 9, 10, 11, 12, 14, 15, 16, 18, 20]",,30.0,4,,,145,0.5,free,55,2.0,0.0,10,25,0,1,40,16,stress,15,public_upper_bound_16,238,6995.197399,40.0,constant,,0.04685116600012407
40,25,True,0,40,3,3,8,boundary_outward_min__n16__positive,boundary_outward_min,13,12,,16,16,392,,bounded_transverse_width,,arc,0,0.038330000000001974,,16,,0,0,,,,,,False,0,0,12,0,0,0,,4,2,374,service_locked0_grid21_29,,,[],0,27076.6447272473,0,,0.0,,False,0,,481.833059,"[2, 3, 4, 5, 6, 7, 8, 9, 10, 11, 12, 14, 15, 16, 18, 20]",,30.0,4,,,145,0.5,locked,60,0.0,0.0,8,22,0,0,39,16,stress,21,public_upper_bound_16,344,7709.328944,40.0,constant,,0.03832879097899422
40,25,True,0,40,3,3,8,boundary_outward_min__n16__positive,boundary_outward_min,13,12,,16,16,392,,bounded_transverse_width,,arc,0,0.04460900000000123,,16,,0,0,,,,,,False,0,0,12,0,0,0,,4,2,374,service_locked1_grid21_29,,,[],207,27076.6447272473,0,,0.0,,False,0,,481.833059,"[2, 3, 4, 5, 6, 7, 8, 9, 10, 11, 12, 14, 15, 16, 18, 20]",,30.0,4,,,145,0.5,locked,60,1.0,0.0,8,22,0,0,39,16,stress,21,public_upper_bound_16,344,7709.328944,40.0,constant,,0.04463287495309487
43,25,True,0,43,3,4,8,boundary_outward_min__n16__positive,boundary_outward_min,13,19,,17,16,393,,bounded_transverse_width,,arc,0,0.04458800000000451,,16,,0,0,,,,,,False,0,0,19,1,0,0,,4,3,374,service_soft20_grid21_29,,,[],169,31963.029559035418,0,,0.0,,False,0,,542.9753694375,"[2, 3, 4, 5, 6, 7, 8, 9, 10, 11, 12, 14, 15, 16, 18, 20]",,30.0,4,,,145,0.5,free,63,1.0,20.0,7,34,9,1,42,16,stress,21,public_upper_bound_16,342,8687.605911,40.0,constant,,0.04462962498655543
41,24,True,0,41,0,1,8,boundary_outward_min__n16__positive,boundary_outward_min,16,0,,17,16,343,,bounded_transverse_width,,arc,0,0.037114000000002534,,16,,0,0,,,,,,False,0,0,0,0,0,0,,4,3,324,service_free1_convex22,,,[],104,27118.703813775977,0,,0.0,,False,0,,463.6087978125,"[2, 3, 4, 5, 6, 7, 8, 9, 10, 11, 12, 14, 15, 16, 18, 20]",,30.0,4,,,145,0.5,free,63,1.0,0.0,0,0,0,0,41,16,stress,22,public_upper_bound_16,291,7417.740765,40.0,constant,,0.03714650002075359
36,23,True,0,36,0,0,8,boundary_outward_min__n16__positive,boundary_outward_min,16,17,,16,16,384,,bounded_transverse_width,,arc,0,0.03770200000000301,,16,,0,0,,,,,,False,0,0,17,0,0,0,,4,2,366,service_locked1_convex22,,,[],289,25418.888361162783,0,,0.0,,False,0,,458.0486046875,"[2, 3, 4, 5, 6, 7, 8, 9, 10, 11, 12, 14, 15, 16, 18, 20]",,30.0,4,,,145,0.5,locked,59,1.0,0.0,4,26,0,0,37,16,stress,22,public_upper_bound_16,335,7328.777675,40.0,constant,,0.037708999996539205
27,11,True,0,27,4,4,4,boundary_outward_min__n16__negative,boundary_outward_min,12,25,,16,16,271,,bounded_transverse_width,,base,0,0.032783000000002005,,16,,0,0,,,,,,False,0,0,25,1,51,6,,3,2,253,range_grid21_29,,,[],,25630.68733082226,0,,0.0,,False,0,,418.8835914375,"[2, 3, 4, 5, 6, 7, 8, 9, 10, 11, 12, 14, 15, 16, 18, 20]",,30.0,4,,,146,1.0,,,,,8,18,0,1,36,16,stress,15,public_upper_bound_16,231,6702.137463,40.0,constant,,0.03278316603973508
37,23,True,0,37,0,0,8,boundary_outward_min__n16__negative,boundary_outward_min,16,15,,16,16,340,,bounded_transverse_width,,base,0,0.031545000000001266,,16,,0,0,,,,,,False,0,0,15,1,57,3,,4,2,322,range_convex22,,,[],,25770.89697682271,0,,0.0,,False,0,,446.0112125625,"[2, 3, 4, 5, 6, 7, 8, 9, 10, 11, 12, 14, 15, 16, 18, 20]",,30.0,4,,,146,1.0,,,,,8,18,0,1,38,16,stress,19,public_upper_bound_16,292,7136.179401,40.0,constant,,0.03154449997236952
30,14,True,0,30,4,5,4,boundary_outward_min__n16__negative,boundary_outward_min,12,12,16,17,16,377,,bounded_transverse_width,,locked,57,0.03390399999999971,0,16,cached_distance_prefix_sum,0,0,,,16,0,16,True,0,0,16,0,0,0,8,3,2,358,count_locked_grid21_29,3,5,[],,26360.08981530048,0,,0.0,,False,0,136,467.376122625,"[2, 3, 4, 5, 6, 7, 8, 9, 10, 11, 12, 14, 15, 16, 18, 20]",2,30.0,4,2,1,146,1.0,,,,,6,14,0,0,36,16,stress,21,public_upper_bound_16,333,7478.017962,40.0,constant,,0.034011791984084994
27,11,True,0,27,4,4,4,boundary_outward_min__n16__negative,boundary_outward_min,12,25,,16,16,271,,bounded_transverse_width,,arc,0,0.03862299999999408,,16,,0,0,,,,,,False,0,0,25,1,0,6,,3,2,253,service_free0_grid21_29,,,[],0,25630.68733082226,0,,0.0,,False,0,,418.8835914375,"[2, 3, 4, 5, 6, 7, 8, 9, 10, 11, 12, 14, 15, 16, 18, 20]",,30.0,4,,,146,0.5,free,51,0.0,0.0,8,18,0,1,36,16,stress,15,public_upper_bound_16,231,6702.137463,40.0,constant,,0.03864833299303427
27,11,True,0,27,4,4,4,boundary_outward_min__n16__negative,boundary_outward_min,12,25,,16,16,271,,bounded_transverse_width,,arc,0,0.042682999999996696,,16,,0,0,,,,,,False,0,0,25,1,0,6,,3,2,253,service_free1_grid21_29,,,[],431,25630.68733082226,0,,0.0,,False,0,,418.8835914375,"[2, 3, 4, 5, 6, 7, 8, 9, 10, 11, 12, 14, 15, 16, 18, 20]",,30.0,4,,,146,0.5,free,51,1.0,0.0,8,18,0,1,36,16,stress,15,public_upper_bound_16,231,6702.137463,40.0,constant,,0.04268304200377315
27,11,True,0,27,4,4,4,boundary_outward_min__n16__negative,boundary_outward_min,12,25,,16,16,271,,bounded_transverse_width,,arc,0,0.044708999999997445,,16,,0,0,,,,,,False,0,0,25,1,0,6,,3,2,253,service_free2_grid21_29,,,[],431,25630.68733082226,0,,0.0,,False,0,,418.8835914375,"[2, 3, 4, 5, 6, 7, 8, 9, 10, 11, 12, 14, 15, 16, 18, 20]",,30.0,4,,,146,0.5,free,51,2.0,0.0,8,18,0,1,36,16,stress,15,public_upper_bound_16,231,6702.137463,40.0,constant,,0.04475245898356661
30,14,True,0,30,4,5,4,boundary_outward_min__n16__negative,boundary_outward_min,12,12,,17,16,381,,bounded_transverse_width,,arc,0,0.03721000000000174,,16,,0,0,,,,,,False,0,0,12,0,0,0,,3,2,362,service_locked0_grid21_29,,,[],0,26360.08981530048,0,,0.0,,False,0,,468.876122625,"[2, 3, 4, 5, 6, 7, 8, 9, 10, 11, 12, 14, 15, 16, 18, 20]",,30.0,4,,,146,0.5,locked,57,0.0,0.0,6,14,0,0,36,16,stress,21,public_upper_bound_16,337,7502.017962,40.0,constant,,0.03720945800887421
30,14,True,0,30,4,5,4,boundary_outward_min__n16__negative,boundary_outward_min,12,12,,17,16,381,,bounded_transverse_width,,arc,0,0.03766700000000611,,16,,0,0,,,,,,False,0,0,12,0,0,0,,3,2,362,service_locked1_grid21_29,,,[],206,26360.08981530048,0,,0.0,,False,0,,468.876122625,"[2, 3, 4, 5, 6, 7, 8, 9, 10, 11, 12, 14, 15, 16, 18, 20]",,30.0,4,,,146,0.5,locked,57,1.0,0.0,6,14,0,0,36,16,stress,21,public_upper_bound_16,337,7502.017962,40.0,constant,,0.037701457971706986
30,12,True,0,30,4,4,4,boundary_outward_min__n16__negative,boundary_outward_min,12,0,,16,16,364,,bounded_transverse_width,,arc,0,0.03765099999999677,,16,,0,0,,,,,,False,0,0,0,0,0,0,,3,3,346,service_soft20_grid21_29,,,[],67,27775.940821999102,0,,0.0,,False,0,,480.26176025,"[2, 3, 4, 5, 6, 7, 8, 9, 10, 11, 12, 14, 15, 16, 18, 20]",,30.0,4,,,146,0.5,free,59,1.0,20.0,3,0,0,0,38,16,stress,21,public_upper_bound_16,319,7684.188164,40.0,constant,,0.03765112499240786
39,23,True,0,39,0,1,8,boundary_outward_min__n16__negative,boundary_outward_min,16,0,,17,16,342,,bounded_transverse_width,,arc,0,0.03635099999999625,,16,,0,0,,,,,,False,0,0,0,0,0,0,,4,3,323,service_free1_convex22,,,[],94,26997.61779396342,0,,0.0,,False,0,,461.9077228125,"[2, 3, 4, 5, 6, 7, 8, 9, 10, 11, 12, 14, 15, 16, 18, 20]",,30.0,4,,,146,0.5,free,62,1.0,0.0,1,2,0,0,40,16,stress,22,public_upper_bound_16,293,7390.523565,40.0,constant,,0.03641112498007715
35,22,True,0,35,1,1,8,boundary_outward_min__n16__negative,boundary_outward_min,15,17,,16,16,382,,bounded_transverse_width,,arc,0,0.03808500000000237,,16,,0,0,,,,,,False,0,0,17,0,0,0,,4,2,364,service_locked1_convex22,,,[],292,25422.688125608624,0,,0.0,,False,0,,457.3461020625,"[2, 3, 4, 5, 6, 7, 8, 9, 10, 11, 12, 14, 15, 16, 18, 20]",,30.0,4,,,146,0.5,locked,59,1.0,0.0,3,20,0,0,37,16,stress,22,public_upper_bound_16,333,7317.537633,40.0,constant,,0.03810491698095575
31,15,True,0,31,2,2,5,boundary_outward_min__n16__spatial,boundary_outward_min,14,17,,16,16,272,,bounded_transverse_width,,base,0,0.03228499999999457,,16,,0,0,,,,,,False,0,0,17,1,52,6,,4,2,254,range_grid21_29,,,[],,24903.61892455419,0,,0.0,,False,0,,410.045236375,"[2, 3, 4, 5, 6, 7, 8, 9, 10, 11, 12, 14, 15, 16, 18, 20]",,30.0,4,,,147,1.0,,,,,7,16,0,1,37,16,stress,15,public_upper_bound_16,230,6560.723782,40.0,constant,,0.03230874997097999
43,26,True,0,43,0,1,8,boundary_outward_min__n16__spatial,boundary_outward_min,16,6,,17,16,358,,bounded_transverse_width,,base,0,0.033052000000004966,,16,,0,0,,,,,,False,0,0,6,0,63,0,,4,3,339,range_convex22,,,[],,30040.11084000839,0,,0.0,,False,0,,505.751385625,"[2, 3, 4, 5, 6, 7, 8, 9, 10, 11, 12, 14, 15, 16, 18, 20]",,30.0,4,,,147,1.0,,,,,5,11,0,0,41,16,stress,22,public_upper_bound_16,306,8092.02217,40.0,constant,,0.03305195801658556
32,17,True,0,32,3,3,5,boundary_outward_min__n16__spatial,boundary_outward_min,13,12,16,16,16,380,,bounded_transverse_width,,locked,57,0.033071999999997104,0,16,cached_distance_prefix_sum,0,0,,,16,0,16,True,0,0,16,0,0,0,8,4,2,362,count_locked_grid21_29,3,5,[],,26599.128176682858,0,,0.0,,False,0,136,471.61410225,"[2, 3, 4, 5, 6, 7, 8, 9, 10, 11, 12, 14, 15, 16, 18, 20]",2,30.0,4,2,1,147,1.0,,,,,8,17,0,0,36,16,stress,21,public_upper_bound_16,336,7545.825636,40.0,constant,,0.033131000003777444
32,15,True,0,32,2,2,5,boundary_outward_min__n16__spatial,boundary_outward_min,14,25,,16,16,275,,bounded_transverse_width,,arc,0,0.03975200000000001,,16,,0,0,,,,,,False,0,0,25,1,0,6,,4,2,257,service_free0_grid21_29,,,[],0,26061.396189774296,0,,0.0,,False,0,,425.6424523125,"[2, 3, 4, 5, 6, 7, 8, 9, 10, 11, 12, 14, 15, 16, 18, 20]",,30.0,4,,,147,0.5,free,53,0.0,0.0,8,21,1,1,38,16,stress,15,public_upper_bound_16,233,6810.279237,40.0,constant,,0.03975216700928286
32,15,True,0,32,2,2,5,boundary_outward_min__n16__spatial,boundary_outward_min,14,24,,16,16,273,,bounded_transverse_width,,arc,0,0.0441550000000035,,16,,0,0,,,,,,False,0,0,24,1,0,6,,4,2,255,service_free1_grid21_29,,,[],427,26363.66354792728,0,,0.0,,False,0,,428.67079425,"[2, 3, 4, 5, 6, 7, 8, 9, 10, 11, 12, 14, 15, 16, 18, 20]",,30.0,4,,,147,0.5,free,53,1.0,0.0,7,18,1,1,38,16,stress,15,public_upper_bound_16,231,6858.732708,40.0,constant,,0.044172917027026415
32,15,True,0,32,2,2,5,boundary_outward_min__n16__spatial,boundary_outward_min,14,24,,16,16,273,,bounded_transverse_width,,arc,0,0.04438199999999881,,16,,0,0,,,,,,False,0,0,24,1,0,6,,4,2,255,service_free2_grid21_29,,,[],427,26363.66354792728,0,,0.0,,False,0,,428.67079425,"[2, 3, 4, 5, 6, 7, 8, 9, 10, 11, 12, 14, 15, 16, 18, 20]",,30.0,4,,,147,0.5,free,53,2.0,0.0,7,18,1,1,38,16,stress,15,public_upper_bound_16,231,6858.732708,40.0,constant,,0.0443935829680413
32,17,True,0,32,3,3,5,boundary_outward_min__n16__spatial,boundary_outward_min,13,12,,16,16,384,,bounded_transverse_width,,arc,0,0.03637400000000213,,16,,0,0,,,,,,False,0,0,12,0,0,0,,4,2,366,service_locked0_grid21_29,,,[],0,26599.128176682858,0,,0.0,,False,0,,473.11410225,"[2, 3, 4, 5, 6, 7, 8, 9, 10, 11, 12, 14, 15, 16, 18, 20]",,30.0,4,,,147,0.5,locked,57,0.0,0.0,8,17,0,0,36,16,stress,21,public_upper_bound_16,340,7569.825636,40.0,constant,,0.03641829203115776
32,17,True,0,32,3,3,5,boundary_outward_min__n16__spatial,boundary_outward_min,13,12,,16,16,384,,bounded_transverse_width,,arc,0,0.03659799999999791,,16,,0,0,,,,,,False,0,0,12,0,0,0,,4,2,366,service_locked1_grid21_29,,,[],205,26599.128176682858,0,,0.0,,False,0,,473.11410225,"[2, 3, 4, 5, 6, 7, 8, 9, 10, 11, 12, 14, 15, 16, 18, 20]",,30.0,4,,,147,0.5,locked,57,1.0,0.0,8,17,0,0,36,16,stress,21,public_upper_bound_16,340,7569.825636,40.0,constant,,0.036606332985684276
35,18,True,0,35,2,2,5,boundary_outward_min__n16__spatial,boundary_outward_min,14,19,,16,16,375,,bounded_transverse_width,,arc,0,0.04069499999999948,,16,,0,0,,,,,,False,0,0,19,0,0,0,,4,2,357,service_soft20_grid21_29,,,[],119,31794.515125837053,0,,0.0,,False,0,,534.5564390625,"[2, 3, 4, 5, 6, 7, 8, 9, 10, 11, 12, 14, 15, 16, 18, 20]",,30.0,4,,,147,0.5,free,59,1.0,20.0,5,29,0,0,38,16,stress,21,public_upper_bound_16,329,8552.903025,40.0,constant,,0.04069520899793133
42,25,True,0,42,0,1,8,boundary_outward_min__n16__spatial,boundary_outward_min,16,7,,17,16,350,,bounded_transverse_width,,arc,0,0.03952499999999759,,16,,0,0,,,,,,False,0,0,7,0,0,0,,4,3,331,service_free1_convex22,,,[],143,29636.85551006652,0,,0.0,,False,0,,497.648194,"[2, 3, 4, 5, 6, 7, 8, 9, 10, 11, 12, 14, 15, 16, 18, 20]",,30.0,4,,,147,0.5,free,63,1.0,0.0,3,8,0,0,41,16,stress,22,public_upper_bound_16,297,7962.371104,40.0,constant,,0.03959608299192041
36,23,True,0,36,1,1,8,boundary_outward_min__n16__spatial,boundary_outward_min,15,17,,16,16,383,,bounded_transverse_width,,arc,0,0.0381800000000041,,16,,0,0,,,,,,False,0,0,17,0,0,0,,4,2,365,service_locked1_convex22,,,[],292,25428.585167106165,0,,0.0,,False,0,,457.7323149375,"[2, 3, 4, 5, 6, 7, 8, 9, 10, 11, 12, 14, 15, 16, 18, 20]",,30.0,4,,,147,0.5,locked,59,1.0,0.0,3,20,0,0,37,16,stress,22,public_upper_bound_16,333,7323.717039,40.0,constant,,0.038189792016055435
12,1,True,0,12,2,2,0,near_collinear_min__n10__positive,near_collinear_min,8,9,,10,10,345,,bounded_transverse_width,,base,0,0.028222999999997,,10,,0,0,,,,,,False,0,0,9,4,42,0,,3,3,333,range_grid21_29,,,[],,23420.46965164361,0,,0.0,,False,0,,671.0093929,"[1, 2, 5, 8, 11, 14, 15, 17, 18, 20]",,30.0,4,,,148,1.0,,,,,10,3,0,4,21,10,stress,21,full_coverage_and_all_discovered_cleared,311,6710.093929,40.0,constant,,0.028227082977537066
13,2,True,0,13,2,3,0,near_collinear_min__n10__positive,near_collinear_min,8,2,,11,10,337,,bounded_transverse_width,,base,0,0.027791000000000565,,10,,0,0,,,,,,False,0,0,2,3,43,0,,3,3,324,range_convex22,,,[],,24162.317238099262,0,,0.0,,False,0,,680.6463443,"[1, 2, 5, 8, 11, 14, 15, 17, 18, 20]",,30.0,4,,,148,1.0,,,,,8,6,3,3,21,10,stress,22,full_coverage_and_all_discovered_cleared,301,6806.463443,40.0,constant,,0.027791208995040506
10,1,True,0,10,2,2,0,near_collinear_min__n10__positive,near_collinear_min,8,9,9,10,10,343,,bounded_transverse_width,,locked,40,0.027859999999996887,0,10,cached_distance_prefix_sum,0,0,,,9,0,9,True,0,0,9,2,0,0,8,3,3,331,count_locked_grid21_29,10,10,[],,23305.14596296484,0,,0.0,,False,0,88,667.5029192,"[1, 2, 5, 8, 11, 14, 15, 17, 18, 20]",0,30.0,4,0,0,148,1.0,,,,,10,3,0,2,19,10,stress,21,full_coverage_and_all_discovered_cleared,309,6675.029192,40.0,constant,,0.027859667025040835
13,1,True,0,13,4,4,0,near_collinear_min__n10__positive,near_collinear_min,6,16,,10,10,346,,bounded_transverse_width,,arc,0,0.03406900000000235,,10,,0,0,,,,,,False,0,0,16,5,0,0,,2,2,334,service_free0_grid21_29,,,[],0,24357.286625767996,0,,0.0,,False,0,,690.3457323,"[1, 2, 5, 8, 11, 14, 15, 17, 18, 20]",,30.0,4,,,148,0.5,free,43,0.0,0.0,12,2,0,5,22,10,stress,21,full_coverage_and_all_discovered_cleared,312,6903.457323,40.0,constant,,0.034110583015717566
13,1,True,0,13,3,3,0,near_collinear_min__n10__positive,near_collinear_min,7,9,,10,10,342,,bounded_transverse_width,,arc,0,0.037220999999995286,,10,,0,0,,,,,,False,0,0,9,4,0,0,,2,2,330,service_free1_grid21_29,,,[],320,22728.825430494722,0,,0.0,,False,0,,655.1765082,"[1, 2, 5, 8, 11, 14, 15, 17, 18, 20]",,30.0,4,,,148,0.5,free,43,1.0,0.0,10,3,0,4,22,10,stress,21,full_coverage_and_all_discovered_cleared,306,6551.765082,40.0,constant,,0.03723183396505192
13,1,True,0,13,3,3,0,near_collinear_min__n10__positive,near_collinear_min,7,9,,10,10,342,,bounded_transverse_width,,arc,0,0.03770099999999843,,10,,0,0,,,,,,False,0,0,9,4,0,0,,2,2,330,service_free2_grid21_29,,,[],320,22728.825430494722,0,,0.0,,False,0,,655.1765082,"[1, 2, 5, 8, 11, 14, 15, 17, 18, 20]",,30.0,4,,,148,0.5,free,43,2.0,0.0,10,3,0,4,22,10,stress,21,full_coverage_and_all_discovered_cleared,306,6551.765082,40.0,constant,,0.03770174999954179
13,1,True,0,13,3,3,0,near_collinear_min__n10__positive,near_collinear_min,7,9,,10,10,342,,bounded_transverse_width,,arc,0,0.03210400000000391,,10,,0,0,,,,,,False,0,0,9,4,0,0,,2,2,330,service_locked0_grid21_29,,,[],0,22728.825430494722,0,,0.0,,False,0,,655.1765082,"[1, 2, 5, 8, 11, 14, 15, 17, 18, 20]",,30.0,4,,,148,0.5,locked,43,0.0,0.0,10,3,0,4,22,10,stress,21,full_coverage_and_all_discovered_cleared,306,6551.765082,40.0,constant,,0.03210487496107817
14,1,True,0,14,3,3,0,near_collinear_min__n10__positive,near_collinear_min,7,9,,10,10,343,,bounded_transverse_width,,arc,0,0.033149999999999125,,10,,0,0,,,,,,False,0,0,9,5,0,0,,2,2,331,service_locked1_grid21_29,,,[],341,22896.15879161903,0,,0.0,,False,0,,659.1231755,"[1, 2, 5, 8, 11, 14, 15, 17, 18, 20]",,30.0,4,,,148,0.5,locked,44,1.0,0.0,10,3,0,5,23,10,stress,21,full_coverage_and_all_discovered_cleared,307,6591.231755,40.0,constant,,0.033184917003382
14,2,True,0,14,4,4,0,near_collinear_min__n10__positive,near_collinear_min,6,27,,10,10,341,,bounded_transverse_width,,arc,0,0.042791000000001134,,10,,0,0,,,,,,False,0,0,27,6,0,0,,3,2,329,service_soft20_grid21_29,,,[],507,27291.064182309878,0,,0.0,,False,0,,746.1212835,"[1, 2, 5, 8, 11, 14, 15, 17, 18, 20]",,30.0,4,,,148,0.5,free,43,1.0,20.0,13,4,12,6,22,10,stress,21,full_coverage_and_all_discovered_cleared,308,7461.212835,40.0,constant,,0.042794583016075194
19,4,True,0,19,2,2,0,near_collinear_min__n10__positive,near_collinear_min,8,0,,10,10,341,,bounded_transverse_width,,arc,0,0.038029000000001645,,10,,0,0,,,,,,False,0,0,0,5,0,0,,5,3,329,service_free1_convex22,,,[],438,22954.61745669149,0,,0.0,,False,0,,658.2923486,"[1, 2, 5, 8, 11, 14, 15, 17, 18, 20]",,30.0,4,,,148,0.5,free,47,1.0,0.0,15,7,1,5,25,10,stress,22,full_coverage_and_all_discovered_cleared,297,6582.923486,40.0,constant,,0.03802924999035895
20,4,True,0,20,1,2,0,near_collinear_min__n10__positive,near_collinear_min,9,0,,11,10,347,,bounded_transverse_width,,arc,0,0.03258800000000406,,10,,0,0,,,,,,False,0,0,0,3,0,0,,5,3,334,service_locked1_convex22,,,[],274,23320.428272673314,0,,0.0,,False,0,,669.308565,"[1, 2, 5, 8, 11, 14, 15, 17, 18, 20]",,30.0,4,,,148,0.5,locked,48,1.0,0.0,7,4,1,3,26,10,stress,22,full_coverage_and_all_discovered_cleared,306,6693.08565,40.0,constant,,0.032588208036031574
12,3,True,0,12,2,2,1,near_collinear_min__n10__negative,near_collinear_min,8,9,,10,10,343,,bounded_transverse_width,,base,0,0.027695999999998833,,10,,0,0,,,,,,False,0,0,9,3,41,0,,4,3,331,range_grid21_29,,,[],,23777.675154470293,0,,0.0,,False,0,,676.8535029,"[1, 2, 5, 8, 11, 14, 15, 17, 18, 20]",,30.0,4,,,149,1.0,,,,,8,7,0,3,20,10,stress,21,full_coverage_and_all_discovered_cleared,308,6768.535029,40.0,constant,,0.027764207974541932
13,3,True,0,13,4,4,0,near_collinear_min__n10__negative,near_collinear_min,6,6,,10,10,366,,bounded_transverse_width,,base,0,0.029434999999999434,,10,,0,0,,,,,,False,0,0,6,4,42,0,,4,2,354,range_convex22,,,[],,25145.520760718682,0,,0.0,,False,0,,717.810415,"[1, 2, 5, 8, 11, 14, 15, 17, 18, 20]",,30.0,4,,,149,1.0,,,,,14,3,0,4,20,10,stress,22,full_coverage_and_all_discovered_cleared,329,7178.10415,40.0,constant,,0.029435667034704238
11,3,True,0,11,2,2,1,near_collinear_min__n10__negative,near_collinear_min,8,9,9,10,10,342,,bounded_transverse_width,,locked,40,0.027830000000001576,0,10,cached_distance_prefix_sum,0,0,,,9,0,9,True,0,0,9,2,0,0,8,4,3,330,count_locked_grid21_29,10,10,[],,23669.497569861025,0,,0.0,,False,0,88,674.0899512,"[1, 2, 5, 8, 11, 14, 15, 17, 18, 20]",0,30.0,4,0,0,149,1.0,,,,,8,7,0,2,19,10,stress,21,full_coverage_and_all_discovered_cleared,307,6740.899512,40.0,constant,,0.02783779095625505
17,2,True,0,17,2,2,0,near_collinear_min__n10__negative,near_collinear_min,8,9,,10,10,350,,bounded_transverse_width,,arc,0,0.0353020000000015,,10,,0,0,,,,,,False,0,0,9,3,0,0,,3,3,338,service_free0_grid21_29,,,[],0,23536.555479265786,0,,0.0,,False,0,,675.9311092,"[1, 2, 5, 8, 11, 14, 15, 17, 18, 20]",,30.0,4,,,149,0.5,free,46,0.0,0.0,14,4,0,3,25,10,stress,21,full_coverage_and_all_discovered_cleared,312,6759.311092,40.0,constant,,0.035302417003549635
17,2,True,0,17,2,2,0,near_collinear_min__n10__negative,near_collinear_min,8,9,,10,10,350,,bounded_transverse_width,,arc,0,0.041412000000001115,,10,,0,0,,,,,,False,0,0,9,3,0,0,,3,3,338,service_free1_grid21_29,,,[],335,23536.555479265786,0,,0.0,,False,0,,675.9311092,"[1, 2, 5, 8, 11, 14, 15, 17, 18, 20]",,30.0,4,,,149,0.5,free,46,1.0,0.0,14,4,0,3,25,10,stress,21,full_coverage_and_all_discovered_cleared,312,6759.311092,40.0,constant,,0.04149116697954014
17,2,True,0,17,2,2,0,near_collinear_min__n10__negative,near_collinear_min,8,9,,10,10,348,,bounded_transverse_width,,arc,0,0.03972999999999871,,10,,0,0,,,,,,False,0,0,9,3,0,0,,3,3,336,service_free2_grid21_29,,,[],337,23106.017758850903,0,,0.0,,False,0,,666.0203548000001,"[1, 2, 5, 8, 11, 14, 15, 17, 18, 20]",,30.0,4,,,149,0.5,free,46,2.0,0.0,12,5,0,3,25,10,stress,21,full_coverage_and_all_discovered_cleared,309,6660.203548,40.0,constant,,0.03972912498284131
14,1,True,0,14,3,3,0,near_collinear_min__n10__negative,near_collinear_min,7,9,,10,10,344,,bounded_transverse_width,,arc,0,0.03342900000000526,,10,,0,0,,,,,,False,0,0,9,4,0,0,,2,2,332,service_locked0_grid21_29,,,[],0,23093.375410025885,0,,0.0,,False,0,,663.567508,"[1, 2, 5, 8, 11, 14, 15, 17, 18, 20]",,30.0,4,,,149,0.5,locked,44,0.0,0.0,11,3,0,4,23,10,stress,21,full_coverage_and_all_discovered_cleared,307,6635.67508,40.0,constant,,0.03344849997665733
14,1,True,0,14,3,3,0,near_collinear_min__n10__negative,near_collinear_min,7,9,,10,10,344,,bounded_transverse_width,,arc,0,0.033622999999998626,,10,,0,0,,,,,,False,0,0,9,4,0,0,,2,2,332,service_locked1_grid21_29,,,[],351,23093.375410025885,0,,0.0,,False,0,,663.567508,"[1, 2, 5, 8, 11, 14, 15, 17, 18, 20]",,30.0,4,,,149,0.5,locked,44,1.0,0.0,11,3,0,4,23,10,stress,21,full_coverage_and_all_discovered_cleared,307,6635.67508,40.0,constant,,0.03362250002101064
18,3,True,0,18,3,3,0,near_collinear_min__n10__negative,near_collinear_min,7,27,,10,10,346,,bounded_transverse_width,,arc,0,0.04481499999999983,,10,,0,0,,,,,,False,0,0,27,6,0,0,,3,3,334,service_soft20_grid21_29,,,[],526,27776.357909585062,0,,0.0,,False,0,,758.6271578,"[1, 2, 5, 8, 11, 14, 15, 17, 18, 20]",,30.0,4,,,149,0.5,free,46,1.0,20.0,14,5,12,6,25,10,stress,21,full_coverage_and_all_discovered_cleared,311,7586.271578,40.0,constant,,0.04486079094931483
19,3,True,0,19,1,1,0,near_collinear_min__n10__negative,near_collinear_min,9,0,,10,10,338,,bounded_transverse_width,,arc,0,0.03692999999999813,,10,,0,0,,,,,,False,0,0,0,3,0,0,,4,3,326,service_free1_convex22,,,[],272,23748.748085768748,0,,0.0,,False,0,,672.8749614999999,"[1, 2, 5, 8, 11, 14, 15, 17, 18, 20]",,30.0,4,,,149,0.5,free,48,1.0,0.0,8,3,2,3,26,10,stress,22,full_coverage_and_all_discovered_cleared,299,6728.749615,40.0,constant,,0.03693800000473857
17,3,True,0,17,1,2,0,near_collinear_min__n10__negative,near_collinear_min,9,0,,11,10,361,,bounded_transverse_width,,arc,0,0.03326399999999552,,10,,0,0,,,,,,False,0,0,0,5,0,0,,3,3,348,service_locked1_convex22,,,[],449,22906.660576386486,0,,0.0,,False,0,,669.8332113,"[1, 2, 5, 8, 11, 14, 15, 17, 18, 20]",,30.0,4,,,149,0.5,locked,46,1.0,0.0,14,8,3,5,24,10,stress,22,full_coverage_and_all_discovered_cleared,324,6698.332113,40.0,constant,,0.033263083023484796
17,5,True,0,17,2,4,2,near_collinear_min__n10__spatial,near_collinear_min,8,22,,12,10,361,,bounded_transverse_width,,base,0,0.030031999999998504,,10,,0,0,,,,,,False,0,0,22,3,45,0,,4,3,347,range_grid21_29,,,[],,23996.452128045923,0,,0.0,,False,0,,691.2290424,"[1, 2, 5, 8, 11, 14, 15, 17, 18, 20]",,30.0,4,,,150,1.0,,,,,9,11,0,3,24,10,stress,21,full_coverage_and_all_discovered_cleared,322,6912.290424,40.0,constant,,0.03003125003306195
13,6,True,0,13,1,3,2,near_collinear_min__n10__spatial,near_collinear_min,9,0,,12,10,349,,bounded_transverse_width,,base,0,0.030287000000001285,,10,,0,0,,,,,,False,0,0,0,2,41,0,,4,3,335,range_convex22,,,[],,25740.163116771077,0,,0.0,,False,0,,718.8032618,"[1, 2, 5, 8, 11, 14, 15, 17, 18, 20]",,30.0,4,,,150,1.0,,,,,13,2,2,2,19,10,stress,22,full_coverage_and_all_discovered_cleared,309,7188.032618,40.0,constant,,0.03034516697516665
13,3,True,0,13,2,2,1,near_collinear_min__n10__spatial,near_collinear_min,8,9,9,10,10,342,,bounded_transverse_width,,locked,42,0.026968999999994026,0,10,cached_distance_prefix_sum,0,0,,,9,0,9,True,0,0,9,1,0,0,8,4,3,330,count_locked_grid21_29,10,10,[],,24076.940841113992,0,,0.0,,False,0,76,682.1388165999999,"[1, 2, 5, 8, 11, 14, 15, 17, 18, 20]",0,30.0,4,0,0,150,1.0,,,,,8,7,0,1,21,10,stress,21,full_coverage_and_all_discovered_cleared,306,6821.388166,40.0,constant,,0.02697012497810647
16,3,True,0,16,2,2,1,near_collinear_min__n10__spatial,near_collinear_min,8,0,,10,10,339,,bounded_transverse_width,,arc,0,0.03297899999999743,,10,,0,0,,,,,,False,0,0,0,3,0,0,,3,3,327,service_free0_grid21_29,,,[],0,24989.711581960008,0,,0.0,,False,0,,698.5942315,"[1, 2, 5, 8, 11, 14, 15, 17, 18, 20]",,30.0,4,,,150,0.5,free,45,0.0,0.0,9,3,5,3,24,10,stress,21,full_coverage_and_all_discovered_cleared,303,6985.942315,40.0,constant,,0.0329872090369463
22,6,True,0,22,2,3,1,near_collinear_min__n10__spatial,near_collinear_min,8,15,,11,10,339,,bounded_transverse_width,,arc,0,0.040413999999998396,,10,,0,0,,,,,,False,0,0,15,2,0,0,,4,3,326,service_free1_grid21_29,,,[],413,25382.584101168748,0,,0.0,,False,0,,706.1516818,"[1, 2, 5, 8, 11, 14, 15, 17, 18, 20]",,30.0,4,,,150,0.5,free,48,1.0,0.0,12,8,2,2,27,10,stress,21,full_coverage_and_all_discovered_cleared,302,7061.516818,40.0,constant,,0.040413540962617844
16,5,True,0,16,2,3,2,near_collinear_min__n10__spatial,near_collinear_min,8,9,,11,10,344,,bounded_transverse_width,,arc,0,0.035434000000002186,,10,,0,0,,,,,,False,0,0,9,3,0,0,,3,3,331,service_free2_grid21_29,,,[],311,23719.405182500235,0,,0.0,,False,0,,675.7881036,"[1, 2, 5, 8, 11, 14, 15, 17, 18, 20]",,30.0,4,,,150,0.5,free,44,2.0,0.0,8,4,0,3,23,10,stress,21,full_coverage_and_all_discovered_cleared,306,6757.881036,40.0,constant,,0.035508083004970104
18,4,True,0,18,1,4,1,near_collinear_min__n10__spatial,near_collinear_min,9,0,,13,10,346,,bounded_transverse_width,,arc,0,0.03113899999999603,,10,,0,0,,,,,,False,0,0,0,2,0,0,,4,3,331,service_locked0_grid21_29,,,[],0,23292.35818555279,0,,0.0,,False,0,,667.8471636,"[1, 2, 5, 8, 11, 14, 15, 17, 18, 20]",,30.0,4,,,150,0.5,locked,46,0.0,0.0,9,4,11,2,25,10,stress,21,full_coverage_and_all_discovered_cleared,306,6678.471636,40.0,constant,,0.031149957969319075
19,4,True,0,19,1,4,1,near_collinear_min__n10__spatial,near_collinear_min,9,0,,13,10,347,,bounded_transverse_width,,arc,0,0.03246299999999991,,10,,0,0,,,,,,False,0,0,0,3,0,0,,4,3,332,service_locked1_grid21_29,,,[],257,23457.489744743336,0,,0.0,,False,0,,671.7497948,"[1, 2, 5, 8, 11, 14, 15, 17, 18, 20]",,30.0,4,,,150,0.5,locked,47,1.0,0.0,9,4,11,3,26,10,stress,21,full_coverage_and_all_discovered_cleared,307,6717.497948,40.0,constant,,0.0324741670046933
17,5,True,0,17,2,4,2,near_collinear_min__n10__spatial,near_collinear_min,8,10,,12,10,337,,bounded_transverse_width,,arc,0,0.03795300000000168,,10,,0,0,,,,,,False,0,0,10,3,0,0,,3,3,323,service_soft20_grid21_29,,,[],539,25540.22104455151,0,,0.0,,False,0,,707.9044205,"[1, 2, 5, 8, 11, 14, 15, 17, 18, 20]",,30.0,4,,,150,0.5,free,45,1.0,20.0,10,4,0,3,24,10,stress,21,full_coverage_and_all_discovered_cleared,300,7079.044205,40.0,constant,,0.037951958016492426
16,5,True,0,16,0,1,1,near_collinear_min__n10__spatial,near_collinear_min,10,6,,11,10,343,,bounded_transverse_width,,arc,0,0.04367400000000288,,10,,0,0,,,,,,False,0,0,6,4,0,0,,4,3,330,service_free1_convex22,,,[],353,24294.74922303471,0,,0.0,,False,0,,687.1949839,"[1, 2, 5, 8, 11, 14, 15, 17, 18, 20]",,30.0,4,,,150,0.5,free,44,1.0,0.0,14,2,7,4,22,10,stress,22,full_coverage_and_all_discovered_cleared,310,6871.949839,40.0,constant,,0.04372587503166869
23,10,True,0,23,0,0,3,near_collinear_min__n10__spatial,near_collinear_min,10,0,,10,10,367,,bounded_transverse_width,,arc,0,0.033138999999998475,,10,,0,0,,,,,,False,0,0,0,4,0,0,,4,3,355,service_locked1_convex22,,,[],437,23996.810833681026,0,,0.0,,False,0,,695.3362159999999,"[1, 2, 5, 8, 11, 14, 15, 17, 18, 20]",,30.0,4,,,150,0.5,locked,48,1.0,0.0,20,12,1,5,26,10,stress,22,full_coverage_and_all_discovered_cleared,329,6953.36216,40.0,constant,,0.033144624962005764
18,2,True,0,18,4,6,0,near_collinear_min__n16__positive,near_collinear_min,12,9,,18,16,291,,bounded_transverse_width,,base,0,0.040894999999999015,,16,,0,0,,,,,,False,0,0,9,5,50,3,,3,3,271,range_grid21_29,,,[],,22897.781134389654,0,,0.0,,False,0,,391.7222644375,"[1, 2, 3, 4, 6, 7, 8, 10, 11, 12, 13, 15, 16, 18, 19, 20]",,30.0,4,,,151,1.0,,,,,38,11,0,5,32,16,stress,18,public_upper_bound_16,247,6267.556231,40.0,constant,,0.040903500048443675
14,3,True,0,14,9,9,0,near_collinear_min__n16__positive,near_collinear_min,7,6,,16,16,288,,bounded_transverse_width,,base,0,0.037852000000000885,,16,,0,0,,,,,,False,0,0,6,3,46,3,,3,2,270,range_convex22,,,[],,22972.20898682153,0,,0.0,,False,0,,391.7151121875,"[1, 2, 3, 4, 6, 7, 8, 10, 11, 12, 13, 15, 16, 18, 19, 20]",,30.0,4,,,151,1.0,,,,,26,3,0,3,27,16,stress,19,public_upper_bound_16,243,6267.441795,40.0,constant,,0.03785124997375533
9,1,True,0,9,7,9,0,near_collinear_min__n16__positive,near_collinear_min,9,9,9,18,16,266,,bounded_transverse_width,,locked,42,0.03470000000000084,0,16,cached_distance_prefix_sum,0,0,,,9,0,9,True,0,0,9,4,0,3,8,2,1,246,count_locked_grid21_29,7,7,[],,20327.500954816074,0,,0.0,,False,0,72,350.3437618125,"[1, 2, 3, 4, 6, 7, 8, 10, 11, 12, 13, 15, 16, 18, 19, 20]",0,30.0,4,0,0,151,1.0,,,,,18,1,0,4,24,16,stress,18,public_upper_bound_16,224,5605.500189,40.0,constant,,0.03472341597080231
9,0,True,0,9,6,7,0,near_collinear_min__n16__positive,near_collinear_min,10,7,,17,16,256,,bounded_transverse_width,,arc,0,0.042695000000001926,,16,,0,0,,,,,,False,0,0,7,4,0,6,,2,2,237,service_free0_grid21_29,,,[],0,17714.518402369085,0,,0.0,,False,0,,314.49398,"[1, 2, 3, 4, 6, 7, 8, 10, 11, 12, 13, 15, 16, 18, 19, 20]",,30.0,4,,,151,0.5,free,40,0.0,0.0,26,3,1,4,25,16,stress,15,public_upper_bound_16,221,5031.90368,40.0,constant,,0.042694333009421825
16,2,True,0,16,6,7,0,near_collinear_min__n16__positive,near_collinear_min,10,9,,17,16,288,,bounded_transverse_width,,arc,0,0.05355799999999533,,16,,0,0,,,,,,False,0,0,9,6,0,3,,2,2,269,service_free1_grid21_29,,,[],641,20844.363150968555,0,,0.0,,False,0,,365.1170394375,"[1, 2, 3, 4, 6, 7, 8, 10, 11, 12, 13, 15, 16, 18, 19, 20]",,30.0,4,,,151,0.5,free,48,1.0,0.0,38,6,0,6,30,16,stress,18,public_upper_bound_16,245,5841.872631,40.0,constant,,0.05357524997089058
14,2,True,0,14,6,7,0,near_collinear_min__n16__positive,near_collinear_min,10,9,,17,16,273,,bounded_transverse_width,,arc,0,0.04757899999999893,,16,,0,0,,,,,,False,0,0,9,6,0,3,,2,2,254,service_free2_grid21_29,,,[],552,21019.600185520318,0,,0.0,,False,0,,361.682502375,"[1, 2, 3, 4, 6, 7, 8, 10, 11, 12, 13, 15, 16, 18, 19, 20]",,30.0,4,,,151,0.5,free,46,2.0,0.0,24,4,1,6,28,16,stress,18,public_upper_bound_16,230,5786.920038,40.0,constant,,0.04765220801346004
23,4,True,0,23,4,6,0,near_collinear_min__n16__positive,near_collinear_min,12,9,,18,16,297,,bounded_transverse_width,,arc,0,0.04566099999999551,,16,,0,0,,,,,,False,0,0,9,6,0,3,,3,3,277,service_locked0_grid21_29,,,[],0,21111.313034505394,0,,0.0,,False,0,,371.453913125,"[1, 2, 3, 4, 6, 7, 8, 10, 11, 12, 13, 15, 16, 18, 19, 20]",,30.0,4,,,151,0.5,locked,53,0.0,0.0,39,13,0,6,35,16,stress,18,public_upper_bound_16,250,5943.26261,40.0,constant,,0.04567745898384601
23,4,True,0,23,4,6,0,near_collinear_min__n16__positive,near_collinear_min,12,9,,18,16,297,,bounded_transverse_width,,arc,0,0.04680700000000115,,16,,0,0,,,,,,False,0,0,9,6,0,3,,3,3,277,service_locked1_grid21_29,,,[],732,21111.313034505394,0,,0.0,,False,0,,371.453913125,"[1, 2, 3, 4, 6, 7, 8, 10, 11, 12, 13, 15, 16, 18, 19, 20]",,30.0,4,,,151,0.5,locked,53,1.0,0.0,39,13,0,6,35,16,stress,18,public_upper_bound_16,250,5943.26261,40.0,constant,,0.04685237497324124
13,2,True,0,13,7,8,0,near_collinear_min__n16__positive,near_collinear_min,9,27,,17,16,276,,bounded_transverse_width,,arc,0,0.05027799999999871,,16,,0,0,,,,,,False,0,0,27,6,0,5,,2,2,257,service_soft20_grid21_29,,,[],969,20284.24715814803,0,,0.0,,False,0,,353.9905895,"[1, 2, 3, 4, 6, 7, 8, 10, 11, 12, 13, 15, 16, 18, 19, 20]",,30.0,4,,,151,0.5,free,43,1.0,20.0,30,4,1,6,27,16,stress,16,public_upper_bound_16,239,5663.849432,40.0,constant,,0.050321249989792705
19,4,True,0,19,5,6,0,near_collinear_min__n16__positive,near_collinear_min,11,0,,17,16,290,,bounded_transverse_width,,arc,0,0.049334000000001765,,16,,0,0,,,,,,False,0,0,0,4,0,2,,5,3,271,service_free1_convex22,,,[],517,22600.25321260032,0,,0.0,,False,0,,387.503165125,"[1, 2, 3, 4, 6, 7, 8, 10, 11, 12, 13, 15, 16, 18, 19, 20]",,30.0,4,,,151,0.5,free,51,1.0,0.0,23,3,8,4,31,16,stress,20,public_upper_bound_16,242,6200.050642,40.0,constant,,0.04935350001323968
22,5,True,0,22,4,5,0,near_collinear_min__n16__positive,near_collinear_min,12,0,,17,16,282,,bounded_transverse_width,,arc,0,0.0470240000000004,,16,,0,0,,,,,,False,0,0,0,6,0,6,,4,3,263,service_locked1_convex22,,,[],910,19535.880590528697,0,,0.0,,False,0,,346.3860075625,"[1, 2, 3, 4, 6, 7, 8, 10, 11, 12, 13, 15, 16, 18, 19, 20]",,30.0,4,,,151,0.5,locked,49,1.0,0.0,41,16,0,7,33,16,stress,16,public_upper_bound_16,237,5542.176121,40.0,constant,,0.04702312499284744
23,5,True,0,23,6,6,0,near_collinear_min__n16__negative,near_collinear_min,10,9,,16,16,298,,bounded_transverse_width,,base,0,0.042703000000003044,,16,,0,0,,,,,,False,0,0,9,3,52,3,,3,3,280,range_grid21_29,,,[],,23681.638991889213,0,,0.0,,False,0,,404.395487375,"[1, 2, 3, 4, 6, 7, 8, 10, 11, 12, 13, 15, 16, 18, 19, 20]",,30.0,4,,,152,1.0,,,,,42,15,0,3,34,16,stress,18,public_upper_bound_16,254,6470.327798,40.0,constant,,0.042773166962433606
13,3,True,0,13,8,8,0,near_collinear_min__n16__negative,near_collinear_min,8,6,,16,16,291,,bounded_transverse_width,,base,0,0.03714100000000542,,16,,0,0,,,,,,False,0,0,6,2,45,3,,3,2,273,range_convex22,,,[],,22745.084648304924,0,,0.0,,False,0,,390.3135580625,"[1, 2, 3, 4, 6, 7, 8, 10, 11, 12, 13, 15, 16, 18, 19, 20]",,30.0,4,,,152,1.0,,,,,30,4,0,2,26,16,stress,19,public_upper_bound_16,251,6245.016929,40.0,constant,,0.03719612496206537
9,2,True,0,9,8,9,0,near_collinear_min__n16__negative,near_collinear_min,8,9,9,17,16,265,,bounded_transverse_width,,locked,41,0.033895999999998594,0,16,cached_distance_prefix_sum,0,0,,,9,0,9,True,0,0,9,3,0,3,8,2,1,246,count_locked_grid21_29,7,7,[],,20603.285598452512,0,,0.0,,False,0,72,353.5410698125,"[1, 2, 3, 4, 6, 7, 8, 10, 11, 12, 13, 15, 16, 18, 19, 20]",0,30.0,4,0,0,152,1.0,,,,,18,0,0,3,23,16,stress,18,public_upper_bound_16,223,5656.657117,40.0,constant,,0.03390287503134459
20,3,True,0,20,4,5,0,near_collinear_min__n16__negative,near_collinear_min,12,0,,17,16,258,,bounded_transverse_width,,arc,0,0.043867000000005874,,16,,0,0,,,,,,False,0,0,0,7,0,6,,4,3,239,service_free0_grid21_29,,,[],0,20282.817001599167,0,,0.0,,False,0,,346.91021275,"[1, 2, 3, 4, 6, 7, 8, 10, 11, 12, 13, 15, 16, 18, 19, 20]",,30.0,4,,,152,0.5,free,48,0.0,0.0,27,4,2,7,33,16,stress,15,public_upper_bound_16,216,5550.563404,40.0,constant,,0.043867291999049485
21,4,True,0,21,4,5,0,near_collinear_min__n16__negative,near_collinear_min,12,5,,17,16,309,,bounded_transverse_width,,arc,0,0.05176199999999653,,16,,0,0,,,,,,False,0,0,5,4,0,1,,4,3,290,service_free1_grid21_29,,,[],577,23435.105784884465,0,,0.0,,False,0,,405.0638225,"[1, 2, 3, 4, 6, 7, 8, 10, 11, 12, 13, 15, 16, 18, 19, 20]",,30.0,4,,,152,0.5,free,53,1.0,0.0,26,8,0,4,33,16,stress,20,public_upper_bound_16,261,6481.02116,40.0,constant,,0.05183145799674094
19,3,True,0,19,4,5,0,near_collinear_min__n16__negative,near_collinear_min,12,5,,17,16,305,,bounded_transverse_width,,arc,0,0.049157000000001005,,16,,0,0,,,,,,False,0,0,5,5,0,1,,4,3,286,service_free2_grid21_29,,,[],557,24088.875564870465,0,,0.0,,False,0,,411.67344475,"[1, 2, 3, 4, 6, 7, 8, 10, 11, 12, 13, 15, 16, 18, 19, 20]",,30.0,4,,,152,0.5,free,52,2.0,0.0,24,4,0,5,32,16,stress,20,public_upper_bound_16,256,6586.775116,40.0,constant,,0.049186249962076545
25,5,True,0,25,5,5,0,near_collinear_min__n16__negative,near_collinear_min,11,9,,16,16,299,,bounded_transverse_width,,arc,0,0.04716200000000015,,16,,0,0,,,,,,False,0,0,9,7,0,3,,3,3,281,service_locked0_grid21_29,,,[],0,21325.132744105747,0,,0.0,,False,0,,375.12665925,"[1, 2, 3, 4, 6, 7, 8, 10, 11, 12, 13, 15, 16, 18, 19, 20]",,30.0,4,,,152,0.5,locked,54,0.0,0.0,41,13,0,8,36,16,stress,18,public_upper_bound_16,252,6002.026548,40.0,constant,,0.047164375020656735
25,5,True,0,25,5,5,0,near_collinear_min__n16__negative,near_collinear_min,11,9,,16,16,299,,bounded_transverse_width,,arc,0,0.04866700000000179,,16,,0,0,,,,,,False,0,0,9,7,0,3,,3,3,281,service_locked1_grid21_29,,,[],769,21325.132744105747,0,,0.0,,False,0,,375.12665925,"[1, 2, 3, 4, 6, 7, 8, 10, 11, 12, 13, 15, 16, 18, 19, 20]",,30.0,4,,,152,0.5,locked,54,1.0,0.0,41,13,0,8,36,16,stress,18,public_upper_bound_16,252,6002.026548,40.0,constant,,0.04874020902207121
14,3,True,0,14,7,7,0,near_collinear_min__n16__negative,near_collinear_min,9,27,,16,16,278,,bounded_transverse_width,,arc,0,0.05120000000000147,,16,,0,0,,,,,,False,0,0,27,6,0,5,,3,2,260,service_soft20_grid21_29,,,[],1005,20498.717539574893,0,,0.0,,False,0,,357.5464691875,"[1, 2, 3, 4, 6, 7, 8, 10, 11, 12, 13, 15, 16, 18, 19, 20]",,30.0,4,,,152,0.5,free,43,1.0,20.0,31,4,0,6,27,16,stress,16,public_upper_bound_16,241,5720.743507,40.0,constant,,0.05120674998033792
20,3,True,0,20,6,6,0,near_collinear_min__n16__negative,near_collinear_min,10,0,,16,16,235,,bounded_transverse_width,,arc,0,0.04735000000000156,,16,,0,0,,,,,,False,0,0,0,6,0,10,,3,2,217,service_free1_convex22,,,[],486,15722.488487434326,0,,0.0,,False,0,,281.8436059375,"[1, 2, 3, 4, 6, 7, 8, 10, 11, 12, 13, 15, 16, 18, 19, 20]",,30.0,4,,,152,0.5,free,45,1.0,0.0,31,16,0,6,33,16,stress,12,public_upper_bound_16,200,4509.497695,40.0,constant,,0.047365250007715076
21,4,True,0,21,3,5,0,near_collinear_min__n16__negative,near_collinear_min,13,0,,18,16,289,,bounded_transverse_width,,arc,0,0.049512,,16,,0,0,,,,,,False,0,0,0,5,0,6,,3,2,269,service_locked1_convex22,,,[],1056,18952.880359685245,0,,0.0,,False,0,,341.7235044375,"[1, 2, 3, 4, 6, 7, 8, 10, 11, 12, 13, 15, 16, 18, 19, 20]",,30.0,4,,,152,0.5,locked,49,1.0,0.0,38,23,2,5,33,16,stress,16,public_upper_bound_16,246,5467.576071,40.0,constant,,0.04958616598742083
18,5,True,0,18,5,11,0,near_collinear_min__n16__spatial,near_collinear_min,11,9,,22,16,285,,bounded_transverse_width,,base,0,0.03859200000000129,,16,,0,0,,,,,,False,0,0,9,4,47,3,,3,2,261,range_grid21_29,,,[],,21434.763719353967,0,,0.0,,False,0,,370.2470465,"[1, 2, 3, 4, 6, 7, 8, 10, 11, 12, 13, 15, 16, 18, 19, 20]",,30.0,4,,,153,1.0,,,,,24,6,0,4,29,16,stress,18,public_upper_bound_16,234,5923.952744,40.0,constant,,0.03861129196593538
21,12,True,0,21,3,8,4,near_collinear_min__n16__spatial,near_collinear_min,13,6,,21,16,298,,bounded_transverse_width,,base,0,0.036219000000002666,,16,,0,0,,,,,,False,0,0,6,4,48,3,,3,2,275,range_convex22,,,[],,22330.447329138733,0,,0.0,,False,0,,386.6305914375,"[1, 2, 3, 4, 6, 7, 8, 10, 11, 12, 13, 15, 16, 18, 19, 20]",,30.0,4,,,153,1.0,,,,,24,5,0,4,29,16,stress,19,public_upper_bound_16,250,6186.089463,40.0,constant,,0.03621874999953434
20,4,True,0,20,3,11,0,near_collinear_min__n16__spatial,near_collinear_min,13,9,9,24,16,292,,bounded_transverse_width,,locked,50,0.040171000000000845,0,16,cached_distance_prefix_sum,0,0,,,9,0,9,True,0,0,9,3,0,3,8,3,3,266,count_locked_grid21_29,7,7,[],,22512.42489882826,0,,0.0,,False,0,83,386.09281125,"[1, 2, 3, 4, 6, 7, 8, 10, 11, 12, 13, 15, 16, 18, 19, 20]",0,30.0,4,0,0,153,1.0,,,,,27,10,0,3,32,16,stress,18,public_upper_bound_16,241,6177.48498,40.0,constant,,0.040197124995756894
21,4,True,0,21,2,6,0,near_collinear_min__n16__spatial,near_collinear_min,14,9,,20,16,289,,bounded_transverse_width,,arc,0,0.04625100000000515,,16,,0,0,,,,,,False,0,0,9,6,0,3,,3,3,267,service_free0_grid21_29,,,[],0,22653.17069125996,0,,0.0,,False,0,,387.4771338125,"[1, 2, 3, 4, 6, 7, 8, 10, 11, 12, 13, 15, 16, 18, 19, 20]",,30.0,4,,,153,0.5,free,51,0.0,0.0,28,10,0,6,33,16,stress,18,public_upper_bound_16,242,6199.634141,40.0,constant,,0.046274667023681104
20,4,True,0,20,3,7,0,near_collinear_min__n16__spatial,near_collinear_min,13,0,,20,16,271,,bounded_transverse_width,,arc,0,0.05103900000000294,,16,,0,0,,,,,,False,0,0,0,5,0,4,,3,3,249,service_free1_grid21_29,,,[],485,21689.84995720672,0,,0.0,,False,0,,368.935624625,"[1, 2, 3, 4, 6, 7, 8, 10, 11, 12, 13, 15, 16, 18, 19, 20]",,30.0,4,,,153,0.5,free,49,1.0,0.0,27,6,3,5,32,16,stress,17,public_upper_bound_16,228,5902.969994,40.0,constant,,0.0510529589955695
23,6,True,0,23,2,6,1,near_collinear_min__n16__spatial,near_collinear_min,14,0,,20,16,240,,bounded_transverse_width,,arc,0,0.0538659999999993,,16,,0,0,,,,,,False,0,0,0,2,0,8,,4,3,218,service_free2_grid21_29,,,[],643,17837.35528770826,0,,0.0,,False,0,,309.3419411875,"[1, 2, 3, 4, 6, 7, 8, 10, 11, 12, 13, 15, 16, 18, 19, 20]",,30.0,4,,,153,0.5,free,47,2.0,0.0,29,5,1,2,34,16,stress,13,public_upper_bound_16,200,4949.471059,40.0,constant,,0.05389991699485108
27,6,True,0,27,3,8,0,near_collinear_min__n16__spatial,near_collinear_min,13,9,,21,16,300,,bounded_transverse_width,,arc,0,0.04643899999999945,,16,,0,0,,,,,,False,0,0,9,7,0,3,,3,3,277,service_locked0_grid21_29,,,[],0,21950.72117920543,0,,0.0,,False,0,,382.446515,"[1, 2, 3, 4, 6, 7, 8, 10, 11, 12, 13, 15, 16, 18, 19, 20]",,30.0,4,,,153,0.5,locked,55,0.0,0.0,35,17,0,8,37,16,stress,18,public_upper_bound_16,249,6119.14424,40.0,constant,,0.0464647919870913
27,6,True,0,27,3,8,0,near_collinear_min__n16__spatial,near_collinear_min,13,9,,21,16,300,,bounded_transverse_width,,arc,0,0.047062000000003934,,16,,0,0,,,,,,False,0,0,9,7,0,3,,3,3,277,service_locked1_grid21_29,,,[],783,21950.72117920543,0,,0.0,,False,0,,382.446515,"[1, 2, 3, 4, 6, 7, 8, 10, 11, 12, 13, 15, 16, 18, 19, 20]",,30.0,4,,,153,0.5,locked,55,1.0,0.0,35,17,0,8,37,16,stress,18,public_upper_bound_16,249,6119.14424,40.0,constant,,0.04706900002202019
20,4,True,0,20,4,9,0,near_collinear_min__n16__spatial,near_collinear_min,12,9,,21,16,287,,bounded_transverse_width,,arc,0,0.05129800000000273,,16,,0,0,,,,,,False,0,0,9,6,0,3,,3,2,264,service_soft20_grid21_29,,,[],622,21751.402513625642,0,,0.0,,False,0,,375.392531625,"[1, 2, 3, 4, 6, 7, 8, 10, 11, 12, 13, 15, 16, 18, 19, 20]",,30.0,4,,,153,0.5,free,50,1.0,20.0,27,6,0,6,32,16,stress,18,public_upper_bound_16,241,6006.280506,40.0,constant,,0.05135183298261836
33,13,True,0,33,2,5,4,near_collinear_min__n16__spatial,near_collinear_min,14,6,,19,16,303,,bounded_transverse_width,,arc,0,0.05516900000000646,,16,,0,0,,,,,,False,0,0,6,8,0,3,,4,3,282,service_free1_convex22,,,[],658,22110.267818799322,0,,0.0,,False,0,,386.06584775,"[1, 2, 3, 4, 6, 7, 8, 10, 11, 12, 13, 15, 16, 18, 19, 20]",,30.0,4,,,153,0.5,free,59,1.0,0.0,22,12,0,8,40,16,stress,19,public_upper_bound_16,256,6177.053564,40.0,constant,,0.05518554098671302
20,5,True,0,20,2,5,1,near_collinear_min__n16__spatial,near_collinear_min,14,0,,19,16,274,,bounded_transverse_width,,arc,0,0.04295799999999872,,16,,0,0,,,,,,False,0,0,0,4,0,6,,4,3,253,service_locked1_convex22,,,[],702,19467.314633999664,0,,0.0,,False,0,,342.2789329375,"[1, 2, 3, 4, 6, 7, 8, 10, 11, 12, 13, 15, 16, 18, 19, 20]",,30.0,4,,,153,0.5,locked,48,1.0,0.0,34,5,0,4,32,16,stress,16,public_upper_bound_16,229,5476.462927,40.0,constant,,0.042963540996424854
23,9,True,0,23,6,6,2,unknown_count_late__n10__positive,unknown_count_late,4,0,,10,10,320,,bounded_transverse_width,,base,0,0.031048999999995885,,10,,0,0,,,,,,False,0,0,0,6,47,0,,5,3,308,range_grid21_29,,,[],,24900.680354046766,0,,0.0,,False,0,,684.6136072,"[1, 3, 5, 7, 8, 9, 10, 13, 14, 20]",,30.0,4,,,154,1.0,,,,,12,11,0,7,26,10,stress,21,full_coverage_and_all_discovered_cleared,276,6846.136072,40.0,constant,,0.031048582983203232
13,6,True,0,13,4,5,2,unknown_count_late__n10__positive,unknown_count_late,6,15,,11,10,421,,bounded_transverse_width,,base,0,0.03035899999999714,,10,,0,0,,,,,,False,0,0,15,4,41,0,,4,3,408,range_convex22,,,[],,22658.542086593174,0,,0.0,,False,0,,700.4708412,"[1, 3, 5, 7, 8, 9, 10, 13, 14, 20]",,30.0,4,,,154,1.0,,,,,16,13,17,4,19,10,stress,22,full_coverage_and_all_discovered_cleared,380,7004.708412,40.0,constant,,0.03042812499916181
19,7,True,0,19,3,6,2,unknown_count_late__n10__positive,unknown_count_late,7,0,0,13,10,314,,bounded_transverse_width,,locked,45,0.03269900000000092,0,10,cached_distance_prefix_sum,0,0,,,0,0,0,True,0,0,0,6,0,0,8,5,3,299,count_locked_grid21_29,10,10,[],,23405.396144934424,0,,0.0,,False,0,16,650.707923,"[1, 3, 5, 7, 8, 9, 10, 13, 14, 20]",0,30.0,4,0,0,154,1.0,,,,,19,4,1,7,24,10,stress,21,full_coverage_and_all_discovered_cleared,272,6507.07923,40.0,constant,,0.03269908402580768
31,10,True,0,31,0,0,2,unknown_count_late__n10__positive,unknown_count_late,10,0,,10,10,317,,bounded_transverse_width,,arc,0,0.03777600000000092,,10,,0,0,,,,,,False,0,0,0,5,0,0,,5,3,305,service_free0_grid21_29,,,[],0,23501.222593741488,0,,0.0,,False,0,,654.9244518,"[1, 3, 5, 7, 8, 9, 10, 13, 14, 20]",,30.0,4,,,154,0.5,free,54,0.0,0.0,8,9,0,8,33,10,stress,21,full_coverage_and_all_discovered_cleared,274,6549.244518,40.0,constant,,0.037784915999509394
31,10,True,0,31,0,0,2,unknown_count_late__n10__positive,unknown_count_late,10,0,,10,10,317,,bounded_transverse_width,,arc,0,0.04370500000000277,,10,,0,0,,,,,,False,0,0,0,5,0,0,,5,3,305,service_free1_grid21_29,,,[],720,23501.222593741488,0,,0.0,,False,0,,654.9244518,"[1, 3, 5, 7, 8, 9, 10, 13, 14, 20]",,30.0,4,,,154,0.5,free,54,1.0,0.0,8,9,0,8,33,10,stress,21,full_coverage_and_all_discovered_cleared,274,6549.244518,40.0,constant,,0.04370462498627603
28,9,True,0,28,1,1,2,unknown_count_late__n10__positive,unknown_count_late,9,0,,10,10,315,,bounded_transverse_width,,arc,0,0.043126000000000886,,10,,0,0,,,,,,False,0,0,0,6,0,0,,5,3,303,service_free2_grid21_29,,,[],719,23200.34062228732,0,,0.0,,False,0,,647.9068125,"[1, 3, 5, 7, 8, 9, 10, 13, 14, 20]",,30.0,4,,,154,0.5,free,52,2.0,0.0,8,9,0,9,31,10,stress,21,full_coverage_and_all_discovered_cleared,274,6479.068125,40.0,constant,,0.043159292021300644
20,8,True,0,20,2,2,2,unknown_count_late__n10__positive,unknown_count_late,8,0,,10,10,316,,bounded_transverse_width,,arc,0,0.039674999999995464,,10,,0,0,,,,,,False,0,0,0,6,0,0,,5,3,304,service_locked0_grid21_29,,,[],0,22584.897905816826,0,,0.0,,False,0,,636.397958,"[1, 3, 5, 7, 8, 9, 10, 13, 14, 20]",,30.0,4,,,154,0.5,locked,45,0.0,0.0,23,9,1,8,24,10,stress,21,full_coverage_and_all_discovered_cleared,277,6363.97958,40.0,constant,,0.039689458964858204
20,8,True,0,20,2,2,2,unknown_count_late__n10__positive,unknown_count_late,8,0,,10,10,316,,bounded_transverse_width,,arc,0,0.03984700000000174,,10,,0,0,,,,,,False,0,0,0,6,0,0,,5,3,304,service_locked1_grid21_29,,,[],975,22584.897905816826,0,,0.0,,False,0,,636.397958,"[1, 3, 5, 7, 8, 9, 10, 13, 14, 20]",,30.0,4,,,154,0.5,locked,45,1.0,0.0,23,9,1,8,24,10,stress,21,full_coverage_and_all_discovered_cleared,277,6363.97958,40.0,constant,,0.03984712500823662
20,6,True,0,20,4,4,2,unknown_count_late__n10__positive,unknown_count_late,6,0,,10,10,294,,bounded_transverse_width,,arc,0,0.03808199999999573,,10,,0,0,,,,,,False,0,0,0,5,0,0,,4,3,282,service_soft20_grid21_29,,,[],672,23817.539309509077,0,,0.0,,False,0,,647.9507862,"[1, 3, 5, 7, 8, 9, 10, 13, 14, 20]",,30.0,4,,,154,0.5,free,47,1.0,20.0,5,3,13,5,26,10,stress,21,full_coverage_and_all_discovered_cleared,256,6479.507862,40.0,constant,,0.038106583000626415
20,6,True,0,20,5,5,2,unknown_count_late__n10__positive,unknown_count_late,5,0,,10,10,302,,bounded_transverse_width,,arc,0,0.03973799999999983,,10,,0,0,,,,,,False,0,0,0,6,0,0,,4,3,290,service_free1_convex22,,,[],686,22135.369748863854,0,,0.0,,False,0,,619.0073946,"[1, 3, 5, 7, 8, 9, 10, 13, 14, 20]",,30.0,4,,,154,0.5,free,48,1.0,0.0,5,3,0,6,26,10,stress,22,full_coverage_and_all_discovered_cleared,263,6190.073946,40.0,constant,,0.0397400829824619
15,5,True,0,15,5,6,2,unknown_count_late__n10__positive,unknown_count_late,5,0,,11,10,300,,bounded_transverse_width,,arc,0,0.035688000000000386,,10,,0,0,,,,,,False,0,0,0,8,0,0,,4,2,287,service_locked1_convex22,,,[],1098,21090.37106851097,0,,0.0,,False,0,,596.5074212000001,"[1, 3, 5, 7, 8, 9, 10, 13, 14, 20]",,30.0,4,,,154,0.5,locked,44,1.0,0.0,5,3,0,8,22,10,stress,22,full_coverage_and_all_discovered_cleared,259,5965.074212,40.0,constant,,0.03571708401432261
12,4,True,0,12,7,7,2,unknown_count_late__n10__negative,unknown_count_late,3,0,,10,10,304,,bounded_transverse_width,,base,0,0.026555000000001883,,10,,0,0,,,,,,False,0,0,0,7,41,0,,4,2,292,range_grid21_29,,,[],,23225.3444439636,0,,0.0,,False,0,,642.3068887000001,"[1, 3, 5, 7, 8, 9, 10, 13, 14, 20]",,30.0,4,,,155,1.0,,,,,6,3,0,7,20,10,stress,21,full_coverage_and_all_discovered_cleared,268,6423.068887,40.0,constant,,0.026556291966699064
12,6,True,0,12,5,6,2,unknown_count_late__n10__negative,unknown_count_late,5,13,,11,10,428,,bounded_transverse_width,,base,0,0.02876300000000498,,10,,0,0,,,,,,False,0,0,13,3,40,0,,4,2,415,range_convex22,,,[],,24337.301346158245,0,,0.0,,False,0,,738.6460261999999,"[1, 3, 5, 7, 8, 9, 10, 13, 14, 20]",,30.0,4,,,155,1.0,,,,,22,19,19,3,18,10,stress,22,full_coverage_and_all_discovered_cleared,391,7386.460262,40.0,constant,,0.0287625000346452
6,4,True,0,6,3,5,2,unknown_count_late__n10__negative,unknown_count_late,7,0,1,12,10,315,,bounded_transverse_width,,locked,35,0.028329999999996858,0,10,cached_distance_prefix_sum,0,0,,,1,0,1,True,0,0,1,1,0,0,8,4,2,301,count_locked_grid21_29,10,10,[],,20833.24474408265,0,,0.0,,False,0,388,600.5648948,"[1, 3, 5, 7, 8, 9, 10, 13, 14, 20]",1,30.0,4,0,0,155,1.0,,,,,10,0,1,1,14,10,stress,21,full_coverage_and_all_discovered_cleared,278,6005.648948,40.0,constant,,0.028356584021821618
23,8,True,0,23,5,5,2,unknown_count_late__n10__negative,unknown_count_late,5,0,,10,10,307,,bounded_transverse_width,,arc,0,0.03174800000000033,,10,,0,0,,,,,,False,0,0,0,6,0,0,,5,3,295,service_free0_grid21_29,,,[],0,22236.854703279325,0,,0.0,,False,0,,623.7370941,"[1, 3, 5, 7, 8, 9, 10, 13, 14, 20]",,30.0,4,,,155,0.5,free,48,0.0,0.0,1,3,0,6,27,10,stress,21,full_coverage_and_all_discovered_cleared,265,6237.370941,40.0,constant,,0.03176279197214171
35,10,True,0,35,0,1,2,unknown_count_late__n10__negative,unknown_count_late,10,0,,11,10,321,,bounded_transverse_width,,arc,0,0.044445000000003176,,10,,0,0,,,,,,False,0,0,0,5,0,0,,4,3,308,service_free1_grid21_29,,,[],801,23918.910825038678,0,,0.0,,False,0,,665.3782168,"[1, 3, 5, 7, 8, 9, 10, 13, 14, 20]",,30.0,4,,,155,0.5,free,58,1.0,0.0,7,23,0,10,37,10,stress,21,full_coverage_and_all_discovered_cleared,277,6653.782168,40.0,constant,,0.04444483300903812
35,10,True,0,35,0,1,2,unknown_count_late__n10__negative,unknown_count_late,10,0,,11,10,321,,bounded_transverse_width,,arc,0,0.044494000000000256,,10,,0,0,,,,,,False,0,0,0,5,0,0,,4,3,308,service_free2_grid21_29,,,[],801,23918.910825038678,0,,0.0,,False,0,,665.3782168,"[1, 3, 5, 7, 8, 9, 10, 13, 14, 20]",,30.0,4,,,155,0.5,free,58,2.0,0.0,7,23,0,10,37,10,stress,21,full_coverage_and_all_discovered_cleared,277,6653.782168,40.0,constant,,0.044617208011914045
15,5,True,0,15,5,5,2,unknown_count_late__n10__negative,unknown_count_late,5,0,,10,10,310,,bounded_transverse_width,,arc,0,0.03599799999999931,,10,,0,0,,,,,,False,0,0,0,7,0,0,,4,3,298,service_locked0_grid21_29,,,[],0,22278.094489525167,0,,0.0,,False,0,,626.7618897,"[1, 3, 5, 7, 8, 9, 10, 13, 14, 20]",,30.0,4,,,155,0.5,locked,43,0.0,0.0,22,4,1,8,22,10,stress,21,full_coverage_and_all_discovered_cleared,272,6267.618897,40.0,constant,,0.03602045797742903
15,5,True,0,15,5,5,2,unknown_count_late__n10__negative,unknown_count_late,5,0,,10,10,310,,bounded_transverse_width,,arc,0,0.03670699999999982,,10,,0,0,,,,,,False,0,0,0,7,0,0,,4,3,298,service_locked1_grid21_29,,,[],1199,22278.094489525167,0,,0.0,,False,0,,626.7618897,"[1, 3, 5, 7, 8, 9, 10, 13, 14, 20]",,30.0,4,,,155,0.5,locked,43,1.0,0.0,22,4,1,8,22,10,stress,21,full_coverage_and_all_discovered_cleared,272,6267.618897,40.0,constant,,0.03672554099466652
33,9,True,0,33,0,1,2,unknown_count_late__n10__negative,unknown_count_late,10,0,,11,10,307,,bounded_transverse_width,,arc,0,0.05134800000000439,,10,,0,0,,,,,,False,0,0,0,5,0,0,,4,3,294,service_soft20_grid21_29,,,[],863,23665.35346299034,0,,0.0,,False,0,,652.1070695000001,"[1, 3, 5, 7, 8, 9, 10, 13, 14, 20]",,30.0,4,,,155,0.5,free,57,1.0,20.0,7,23,0,10,36,10,stress,21,full_coverage_and_all_discovered_cleared,265,6521.070695,40.0,constant,,0.05136979097733274
16,4,True,0,16,2,2,2,unknown_count_late__n10__negative,unknown_count_late,8,0,,10,10,298,,bounded_transverse_width,,arc,0,0.03915299999999888,,10,,0,0,,,,,,False,0,0,0,6,0,0,,4,3,286,service_free1_convex22,,,[],490,21916.75801171963,0,,0.0,,False,0,,612.6351594,"[1, 3, 5, 7, 8, 9, 10, 13, 14, 20]",,30.0,4,,,155,0.5,free,46,1.0,0.0,5,0,0,6,24,10,stress,22,full_coverage_and_all_discovered_cleared,263,6126.351594,40.0,constant,,0.03919625002890825
25,7,True,0,25,2,3,2,unknown_count_late__n10__negative,unknown_count_late,8,0,,11,10,315,,bounded_transverse_width,,arc,0,0.041210999999997,,10,,0,0,,,,,,False,0,0,0,8,0,0,,4,3,302,service_locked1_convex22,,,[],1522,22032.315808695814,0,,0.0,,False,0,,624.1463155,"[1, 3, 5, 7, 8, 9, 10, 13, 14, 20]",,30.0,4,,,155,0.5,locked,52,1.0,0.0,13,22,0,11,30,10,stress,22,full_coverage_and_all_discovered_cleared,272,6241.463155,40.0,constant,,0.04122404201189056
16,6,True,0,16,2,4,2,unknown_count_late__n10__spatial,unknown_count_late,8,0,,12,10,316,,bounded_transverse_width,,base,0,0.027281999999999584,,10,,0,0,,,,,,False,0,0,0,5,43,0,,4,2,302,range_grid21_29,,,[],,23850.48373491766,0,,0.0,,False,0,,661.1096746999999,"[1, 3, 5, 7, 8, 9, 10, 13, 14, 20]",,30.0,4,,,156,1.0,,,,,16,13,0,6,22,10,stress,21,full_coverage_and_all_discovered_cleared,275,6611.096747,40.0,constant,,0.027285957999993116
15,5,True,0,15,0,1,2,unknown_count_late__n10__spatial,unknown_count_late,10,0,,11,10,324,,bounded_transverse_width,,base,0,0.027245999999998105,,10,,0,0,,,,,,False,0,0,0,6,44,0,,4,2,311,range_convex22,,,[],,23761.037217019337,0,,0.0,,False,0,,664.4207442,"[1, 3, 5, 7, 8, 9, 10, 13, 14, 20]",,30.0,4,,,156,1.0,,,,,12,0,1,6,22,10,stress,22,full_coverage_and_all_discovered_cleared,284,6644.207442,40.0,constant,,0.027245332952588797
17,6,True,0,17,2,4,2,unknown_count_late__n10__spatial,unknown_count_late,8,0,0,12,10,305,,bounded_transverse_width,,locked,44,0.031606000000003576,0,10,cached_distance_prefix_sum,0,0,,,0,0,0,True,0,0,0,6,0,0,8,4,3,291,count_locked_grid21_29,10,10,[],,23140.893261480967,0,,0.0,,False,0,16,640.4178653,"[1, 3, 5, 7, 8, 9, 10, 13, 14, 20]",0,30.0,4,0,0,156,1.0,,,,,13,3,1,7,23,10,stress,21,full_coverage_and_all_discovered_cleared,265,6404.178653,40.0,constant,,0.03164775000186637
31,10,True,0,31,0,3,3,unknown_count_late__n10__spatial,unknown_count_late,10,0,,13,10,320,,bounded_transverse_width,,arc,0,0.03561799999999948,,10,,0,0,,,,,,False,0,0,0,6,0,0,,6,4,305,service_free0_grid21_29,,,[],0,23440.275520012878,0,,0.0,,False,0,,654.6055107,"[1, 3, 5, 7, 8, 9, 10, 13, 14, 20]",,30.0,4,,,156,0.5,free,55,0.0,0.0,7,12,0,10,34,10,stress,21,full_coverage_and_all_discovered_cleared,274,6546.055107,40.0,constant,,0.03565654199337587
31,10,True,0,31,0,3,3,unknown_count_late__n10__spatial,unknown_count_late,10,0,,13,10,320,,bounded_transverse_width,,arc,0,0.0413379999999961,,10,,0,0,,,,,,False,0,0,0,6,0,0,,6,4,305,service_free1_grid21_29,,,[],657,23440.275520012878,0,,0.0,,False,0,,654.6055107,"[1, 3, 5, 7, 8, 9, 10, 13, 14, 20]",,30.0,4,,,156,0.5,free,55,1.0,0.0,7,12,0,10,34,10,stress,21,full_coverage_and_all_discovered_cleared,274,6546.055107,40.0,constant,,0.041359499969985336
31,10,True,0,31,0,3,3,unknown_count_late__n10__spatial,unknown_count_late,10,0,,13,10,320,,bounded_transverse_width,,arc,0,0.04089400000000154,,10,,0,0,,,,,,False,0,0,0,6,0,0,,6,4,305,service_free2_grid21_29,,,[],657,23440.275520012878,0,,0.0,,False,0,,654.6055107,"[1, 3, 5, 7, 8, 9, 10, 13, 14, 20]",,30.0,4,,,156,0.5,free,55,2.0,0.0,7,12,0,10,34,10,stress,21,full_coverage_and_all_discovered_cleared,274,6546.055107,40.0,constant,,0.0408945829840377
12,5,True,0,12,3,3,2,unknown_count_late__n10__spatial,unknown_count_late,7,0,,10,10,313,,bounded_transverse_width,,arc,0,0.03207899999999597,,10,,0,0,,,,,,False,0,0,0,5,0,0,,4,3,301,service_locked0_grid21_29,,,[],0,22295.36274428668,0,,0.0,,False,0,,629.1072547,"[1, 3, 5, 7, 8, 9, 10, 13, 14, 20]",,30.0,4,,,156,0.5,locked,40,0.0,0.0,28,2,1,5,19,10,stress,21,full_coverage_and_all_discovered_cleared,277,6291.072547,40.0,constant,,0.032129749946761876
12,5,True,0,12,3,3,2,unknown_count_late__n10__spatial,unknown_count_late,7,0,,10,10,313,,bounded_transverse_width,,arc,0,0.03206600000000037,,10,,0,0,,,,,,False,0,0,0,5,0,0,,4,3,301,service_locked1_grid21_29,,,[],848,22295.36274428668,0,,0.0,,False,0,,629.1072547,"[1, 3, 5, 7, 8, 9, 10, 13, 14, 20]",,30.0,4,,,156,0.5,locked,40,1.0,0.0,28,2,1,5,19,10,stress,21,full_coverage_and_all_discovered_cleared,277,6291.072547,40.0,constant,,0.03206541697727516
30,10,True,0,30,0,2,3,unknown_count_late__n10__spatial,unknown_count_late,10,0,,12,10,305,,bounded_transverse_width,,arc,0,0.045861999999999625,,10,,0,0,,,,,,False,0,0,0,5,0,0,,6,4,291,service_soft20_grid21_29,,,[],702,23514.297239149786,0,,0.0,,False,0,,647.4859448,"[1, 3, 5, 7, 8, 9, 10, 13, 14, 20]",,30.0,4,,,156,0.5,free,54,1.0,20.0,7,12,0,9,33,10,stress,21,full_coverage_and_all_discovered_cleared,261,6474.859448,40.0,constant,,0.04587112495210022
19,6,True,0,19,0,1,2,unknown_count_late__n10__spatial,unknown_count_late,10,0,,11,10,309,,bounded_transverse_width,,arc,0,0.04097699999999804,,10,,0,0,,,,,,False,0,0,0,7,0,0,,4,3,296,service_free1_convex22,,,[],624,22061.949387881567,0,,0.0,,False,0,,621.7389873,"[1, 3, 5, 7, 8, 9, 10, 13, 14, 20]",,30.0,4,,,156,0.5,free,47,1.0,0.0,11,5,0,7,25,10,stress,22,full_coverage_and_all_discovered_cleared,272,6217.389873,40.0,constant,,0.0409765419899486
26,9,True,0,26,0,2,3,unknown_count_late__n10__spatial,unknown_count_late,10,0,,12,10,311,,bounded_transverse_width,,arc,0,0.03861400000000259,,10,,0,0,,,,,,False,0,0,0,7,0,0,,5,3,297,service_locked1_convex22,,,[],1320,23628.11334749779,0,,0.0,,False,0,,653.5622665,"[1, 3, 5, 7, 8, 9, 10, 13, 14, 20]",,30.0,4,,,156,0.5,locked,52,1.0,0.0,10,15,0,10,30,10,stress,22,full_coverage_and_all_discovered_cleared,269,6535.622665,40.0,constant,,0.03868266602512449
30,10,True,0,30,5,6,2,unknown_count_late__n16__positive,unknown_count_late,11,0,,17,16,197,,bounded_transverse_width,,base,0,0.049928000000001305,,16,,0,0,,,,,,False,0,0,0,7,51,8,,4,3,178,range_grid21_29,,,[],,16051.501166205731,0,,0.0,,False,0,,270.8937644375,"[1, 2, 3, 4, 5, 6, 7, 9, 10, 12, 14, 15, 16, 18, 19, 20]",,30.0,4,,,157,1.0,,,,,26,31,0,8,38,16,stress,13,public_upper_bound_16,151,4334.300231,40.0,constant,,0.04995108296861872
37,14,True,0,37,4,6,2,unknown_count_late__n16__positive,unknown_count_late,12,0,,18,16,227,,bounded_transverse_width,,base,0,0.04633600000000371,,16,,0,0,,,,,,False,0,0,0,10,52,11,,6,3,207,range_convex22,,,[],,18025.317901698076,0,,0.0,,False,0,,306.8164736875,"[1, 2, 3, 4, 5, 6, 7, 9, 10, 12, 14, 15, 16, 18, 19, 20]",,30.0,4,,,157,1.0,,,,,56,65,0,11,41,16,stress,11,public_upper_bound_16,183,4909.063579,40.0,constant,,0.046336499974131584
30,9,True,0,30,6,6,2,unknown_count_late__n16__positive,unknown_count_late,10,0,0,16,16,189,,bounded_transverse_width,,locked,52,0.03906599999999827,0,16,cached_distance_prefix_sum,0,0,,,0,0,0,True,0,0,0,10,0,8,8,4,3,171,count_locked_grid21_29,5,5,[],,17084.060445388564,0,,0.0,,False,0,54,280.9882555625,"[1, 2, 3, 4, 5, 6, 7, 9, 10, 12, 14, 15, 16, 18, 19, 20]",0,30.0,4,0,0,157,1.0,,,,,22,25,0,11,39,16,stress,13,public_upper_bound_16,144,4495.812089,40.0,constant,,0.03914758301107213
34,7,True,0,34,6,8,2,unknown_count_late__n16__positive,unknown_count_late,10,0,,18,16,181,,bounded_transverse_width,,arc,0,0.05454500000000451,,16,,0,0,,,,,,False,3,0,0,13,0,8,,4,3,161,service_free0_grid21_29,,,[],0,16017.943716202517,0,,0.0,,False,0,,264.53679675,"[1, 2, 3, 4, 5, 6, 7, 9, 10, 12, 14, 15, 16, 18, 19, 20]",,30.0,4,,,157,0.5,free,55,0.0,0.0,7,21,0,16,45,16,stress,13,public_upper_bound_16,138,4232.588748,40.0,constant,,0.05456816602963954
38,8,True,0,38,5,6,2,unknown_count_late__n16__positive,unknown_count_late,11,0,,17,16,176,,bounded_transverse_width,,arc,0,0.07295500000000033,,16,,0,0,,,,,,False,0,0,0,12,0,9,,4,3,157,service_free1_grid21_29,,,[],1941,16367.15294289568,0,,0.0,,False,0,,267.2769118125,"[1, 2, 3, 4, 5, 6, 7, 9, 10, 12, 14, 15, 16, 18, 19, 20]",,30.0,4,,,157,0.5,free,60,1.0,0.0,14,30,0,15,48,16,stress,12,public_upper_bound_16,135,4276.430589,40.0,constant,,0.07295500003965572
40,8,True,0,40,4,5,2,unknown_count_late__n16__positive,unknown_count_late,12,0,,17,16,177,,bounded_transverse_width,,arc,0,0.07480499999999779,,16,,0,0,,,,,,False,0,0,0,11,0,9,,4,3,158,service_free2_grid21_29,,,[],1942,16381.20726754196,0,,0.0,,False,0,,267.7650908125,"[1, 2, 3, 4, 5, 6, 7, 9, 10, 12, 14, 15, 16, 18, 19, 20]",,30.0,4,,,157,0.5,free,62,2.0,0.0,14,30,0,14,50,16,stress,12,public_upper_bound_16,135,4284.241453,40.0,constant,,0.07497395796235651
28,7,True,0,28,9,10,2,unknown_count_late__n16__positive,unknown_count_late,7,0,,17,16,186,,bounded_transverse_width,,arc,0,0.0467829999999978,,16,,0,0,,,,,,False,0,0,0,14,0,8,,4,3,167,service_locked0_grid21_29,,,[],0,15382.622384291164,0,,0.0,,False,0,,258.720279875,"[1, 2, 3, 4, 5, 6, 7, 9, 10, 12, 14, 15, 16, 18, 19, 20]",,30.0,4,,,157,0.5,locked,52,0.0,0.0,13,10,0,15,39,16,stress,13,public_upper_bound_16,145,4139.524478,40.0,constant,,0.0467827909742482
30,7,True,0,30,9,11,2,unknown_count_late__n16__positive,unknown_count_late,7,0,,18,16,187,,bounded_transverse_width,,arc,0,0.04769499999999738,,16,,0,0,,,,,,False,0,0,0,13,0,8,,4,3,167,service_locked1_grid21_29,,,[],1698,15683.366433975125,0,,0.0,,False,0,,262.6045805,"[1, 2, 3, 4, 5, 6, 7, 9, 10, 12, 14, 15, 16, 18, 19, 20]",,30.0,4,,,157,0.5,locked,54,1.0,0.0,13,10,0,14,41,16,stress,13,public_upper_bound_16,144,4201.673288,40.0,constant,,0.04777804098557681
43,8,True,0,43,1,2,2,unknown_count_late__n16__positive,unknown_count_late,15,0,,17,16,188,,bounded_transverse_width,,arc,0,0.06578700000000026,,16,,0,0,,,,,,False,8,0,0,11,0,8,,4,3,169,service_soft20_grid21_29,,,[],1667,17976.839347690613,0,,0.0,,False,0,,291.7104919375,"[1, 2, 3, 4, 5, 6, 7, 9, 10, 12, 14, 15, 16, 18, 19, 20]",,30.0,4,,,157,0.5,free,58,1.0,20.0,12,22,0,16,53,16,stress,13,public_upper_bound_16,144,4667.367871,40.0,constant,,0.06582579202950001
44,8,True,0,44,1,2,2,unknown_count_late__n16__positive,unknown_count_late,15,0,,17,16,222,,bounded_transverse_width,,arc,0,0.07142999999999944,,16,,0,0,,,,,,False,0,0,0,10,0,3,,4,3,203,service_free1_convex22,,,[],1706,22390.280060529833,0,,0.0,,False,0,,358.9410003125,"[1, 2, 3, 4, 5, 6, 7, 9, 10, 12, 14, 15, 16, 18, 19, 20]",,30.0,4,,,157,0.5,free,73,1.0,0.0,14,13,0,15,54,16,stress,19,public_upper_bound_16,167,5743.056005,40.0,constant,,0.07148170802975073
38,12,True,0,38,5,7,2,unknown_count_late__n16__positive,unknown_count_late,11,0,,18,16,239,,bounded_transverse_width,,arc,0,0.06124100000000254,,16,,0,0,,,,,,False,0,0,0,13,0,5,,6,3,219,service_locked1_convex22,,,[],2403,20267.340608851486,0,,0.0,,False,0,,338.6542575625,"[1, 2, 3, 4, 5, 6, 7, 9, 10, 12, 14, 15, 16, 18, 19, 20]",,30.0,4,,,157,0.5,locked,61,1.0,0.0,31,49,1,15,44,16,stress,17,public_upper_bound_16,184,5418.468121,40.0,constant,,0.061255292035639286
29,8,True,0,29,9,9,2,unknown_count_late__n16__negative,unknown_count_late,7,0,,16,16,186,,bounded_transverse_width,,base,0,0.04391999999999996,,16,,0,0,,,,,,False,0,0,0,10,52,8,,4,3,168,range_grid21_29,,,[],,18659.461893337357,0,,0.0,,False,0,,299.6182736875,"[1, 2, 3, 4, 5, 6, 7, 9, 10, 12, 14, 15, 16, 18, 19, 20]",,30.0,4,,,158,1.0,,,,,17,20,0,11,39,16,stress,13,public_upper_bound_16,142,4793.892379,40.0,constant,,0.04392179095884785
38,10,True,0,38,6,7,2,unknown_count_late__n16__negative,unknown_count_late,10,0,,17,16,222,,bounded_transverse_width,,base,0,0.04966399999999993,,16,,0,0,,,,,,False,0,0,0,12,57,11,,4,3,203,range_convex22,,,[],,19446.966392589216,0,,0.0,,False,0,,322.83707975,"[1, 2, 3, 4, 5, 6, 7, 9, 10, 12, 14, 15, 16, 18, 19, 20]",,30.0,4,,,158,1.0,,,,,51,42,0,13,46,16,stress,11,public_upper_bound_16,178,5165.393276,40.0,constant,,0.04973133304156363
36,12,True,0,36,7,9,3,unknown_count_late__n16__negative,unknown_count_late,9,0,0,18,16,192,,bounded_transverse_width,,locked,56,0.03955899999999701,0,16,cached_distance_prefix_sum,0,0,,,0,0,0,True,0,0,0,13,0,8,8,4,3,172,count_locked_grid21_29,5,5,[],,18846.92451558074,0,,0.0,,False,0,67,303.8365564375,"[1, 2, 3, 4, 5, 6, 7, 9, 10, 12, 14, 15, 16, 18, 19, 20]",0,30.0,4,0,0,158,1.0,,,,,15,32,0,14,43,16,stress,13,public_upper_bound_16,146,4861.384903,40.0,constant,,0.039575207978487015
30,6,True,0,30,9,9,2,unknown_count_late__n16__negative,unknown_count_late,7,0,,16,16,176,,bounded_transverse_width,,arc,0,0.05031499999999767,,16,,0,0,,,,,,False,0,0,0,13,0,8,,4,3,158,service_free0_grid21_29,,,[],0,15803.161028728038,0,,0.0,,False,0,,260.227012875,"[1, 2, 3, 4, 5, 6, 7, 9, 10, 12, 14, 15, 16, 18, 19, 20]",,30.0,4,,,158,0.5,free,55,0.0,0.0,8,10,0,14,42,16,stress,13,public_upper_bound_16,133,4163.632206,40.0,constant,,0.050316707987803966
31,6,True,0,31,9,9,2,unknown_count_late__n16__negative,unknown_count_late,7,0,,16,16,177,,bounded_transverse_width,,arc,0,0.06648399999999555,,16,,0,0,,,,,,False,0,0,0,14,0,8,,4,3,159,service_free1_grid21_29,,,[],1723,15802.434445313293,0,,0.0,,False,0,,260.5929305625,"[1, 2, 3, 4, 5, 6, 7, 9, 10, 12, 14, 15, 16, 18, 19, 20]",,30.0,4,,,158,0.5,free,56,1.0,0.0,8,10,0,15,43,16,stress,13,public_upper_bound_16,134,4169.486889,40.0,constant,,0.06652254203800112
45,11,True,0,45,3,4,2,unknown_count_late__n16__negative,unknown_count_late,13,0,,17,16,184,,bounded_transverse_width,,arc,0,0.07637499999999875,,16,,0,0,,,,,,False,6,0,0,12,0,9,,4,3,165,service_free2_grid21_29,,,[],1988,16877.836905145432,0,,0.0,,False,0,,276.410461625,"[1, 2, 3, 4, 5, 6, 7, 9, 10, 12, 14, 15, 16, 18, 19, 20]",,30.0,4,,,158,0.5,free,58,2.0,0.0,16,24,0,16,52,16,stress,12,public_upper_bound_16,139,4422.567386,40.0,constant,,0.07639091700548306
32,9,True,0,32,9,10,2,unknown_count_late__n16__negative,unknown_count_late,7,0,,17,16,188,,bounded_transverse_width,,arc,0,0.050774000000004094,,16,,0,0,,,,,,False,5,0,0,13,0,8,,6,3,169,service_locked0_grid21_29,,,[],0,15665.415136556785,0,,0.0,,False,0,,263.005189125,"[1, 2, 3, 4, 5, 6, 7, 9, 10, 12, 14, 15, 16, 18, 19, 20]",,30.0,4,,,158,0.5,locked,49,0.0,0.0,11,12,0,16,41,16,stress,13,public_upper_bound_16,147,4208.083026,40.0,constant,,0.050814832968171686
42,12,True,0,42,7,8,2,unknown_count_late__n16__negative,unknown_count_late,9,0,,17,16,201,,bounded_transverse_width,,arc,0,0.05180899999999866,,16,,0,0,,,,,,False,12,0,0,13,0,8,,6,3,182,service_locked1_grid21_29,,,[],1802,17081.446083140683,0,,0.0,,False,0,,285.2055760625,"[1, 2, 3, 4, 5, 6, 7, 9, 10, 12, 14, 15, 16, 18, 19, 20]",,30.0,4,,,158,0.5,locked,49,1.0,0.0,19,27,0,16,48,16,stress,13,public_upper_bound_16,154,4563.289217,40.0,constant,,0.05182416603202
42,9,True,0,42,4,5,2,unknown_count_late__n16__negative,unknown_count_late,12,0,,17,16,189,,bounded_transverse_width,,arc,0,0.06236899999999679,,16,,0,0,,,,,,False,9,0,0,13,0,8,,4,3,170,service_soft20_grid21_29,,,[],1765,17506.01350894133,0,,0.0,,False,0,,286.012669,"[1, 2, 3, 4, 5, 6, 7, 9, 10, 12, 14, 15, 16, 18, 19, 20]",,30.0,4,,,158,0.5,free,55,1.0,20.0,13,18,0,16,51,16,stress,13,public_upper_bound_16,142,4576.202704,40.0,constant,,0.062368249986320734
44,11,True,0,44,3,4,2,unknown_count_late__n16__negative,unknown_count_late,13,0,,17,16,179,,bounded_transverse_width,,arc,0,0.06647200000000453,,16,,0,0,,,,,,False,0,0,0,12,0,13,,5,3,160,service_free1_convex22,,,[],1541,14260.43604506687,0,,0.0,,False,0,,242.0679505625,"[1, 2, 3, 4, 5, 6, 7, 9, 10, 12, 14, 15, 16, 18, 19, 20]",,30.0,4,,,158,0.5,free,60,1.0,0.0,17,16,0,13,51,16,stress,9,public_upper_bound_16,138,3873.087209,40.0,constant,,0.06654291698941961
38,9,True,0,38,5,8,2,unknown_count_late__n16__negative,unknown_count_late,11,0,,19,16,209,,bounded_transverse_width,,arc,0,0.054578999999996824,,16,,0,0,,,,,,False,4,0,0,11,0,5,,4,3,188,service_locked1_convex22,,,[],1693,21074.239542974083,0,,0.0,,False,0,,337.9904940625,"[1, 2, 3, 4, 5, 6, 7, 9, 10, 12, 14, 15, 16, 18, 19, 20]",,30.0,4,,,158,0.5,locked,60,1.0,0.0,14,12,0,16,47,16,stress,17,public_upper_bound_16,164,5407.847905,40.0,constant,,0.0545877919648774
35,14,True,0,35,3,6,3,unknown_count_late__n16__spatial,unknown_count_late,13,0,,19,16,186,,bounded_transverse_width,,base,0,0.04197399999999618,,16,,0,0,,,,,,False,0,0,0,8,50,11,,4,3,165,range_grid21_29,,,[],,16558.735398254845,0,,0.0,,False,0,,273.0466924375,"[1, 2, 3, 4, 5, 6, 7, 9, 10, 12, 14, 15, 16, 18, 19, 20]",,30.0,4,,,159,1.0,,,,,23,14,0,9,40,16,stress,10,public_upper_bound_16,143,4368.747079,40.0,constant,,0.041992084006778896
28,9,True,0,28,3,4,3,unknown_count_late__n16__spatial,unknown_count_late,13,0,,17,16,207,,bounded_transverse_width,,base,0,0.03658200000000278,,16,,0,0,,,,,,False,0,0,0,7,57,3,,4,3,188,range_convex22,,,[],,22548.416012734706,0,,0.0,,False,0,,355.48019975,"[1, 2, 3, 4, 5, 6, 7, 9, 10, 12, 14, 15, 16, 18, 19, 20]",,30.0,4,,,159,1.0,,,,,11,5,0,7,38,16,stress,19,public_upper_bound_16,155,5687.683196,40.0,constant,,0.03666945797158405
35,13,True,0,35,6,8,5,unknown_count_late__n16__spatial,unknown_count_late,10,0,0,18,16,189,,bounded_transverse_width,,locked,56,0.03667899999999946,0,16,cached_distance_prefix_sum,0,0,,,0,0,0,True,0,0,0,9,0,8,8,5,3,169,count_locked_grid21_29,5,5,[],,19269.117414426626,0,,0.0,,False,0,49,307.6764678125,"[1, 2, 3, 4, 5, 6, 7, 9, 10, 12, 14, 15, 16, 18, 19, 20]",0,30.0,4,0,0,159,1.0,,,,,13,24,0,10,43,16,stress,13,public_upper_bound_16,138,4922.823485,40.0,constant,,0.03670645802048966
32,8,True,0,32,4,4,2,unknown_count_late__n16__spatial,unknown_count_late,12,0,,16,16,216,,bounded_transverse_width,,arc,0,0.05056000000000438,,16,,0,0,,,,,,False,0,0,0,13,0,0,,4,3,198,service_free0_grid21_29,,,[],0,24154.878386831162,0,,0.0,,False,0,,379.248479875,"[1, 2, 3, 4, 5, 6, 7, 9, 10, 12, 14, 15, 16, 18, 19, 20]",,30.0,4,,,159,0.5,free,63,0.0,0.0,12,14,0,15,42,16,stress,21,public_upper_bound_16,167,6067.975678,40.0,constant,,0.05055987503146753
36,10,True,0,36,1,2,2,unknown_count_late__n16__spatial,unknown_count_late,15,0,,17,16,175,,bounded_transverse_width,,arc,0,0.06159099999999995,,16,,0,0,,,,,,False,0,0,0,12,0,9,,4,3,156,service_free1_grid21_29,,,[],1504,16396.971268799818,0,,0.0,,False,0,,267.1496408125,"[1, 2, 3, 4, 5, 6, 7, 9, 10, 12, 14, 15, 16, 18, 19, 20]",,30.0,4,,,159,0.5,free,56,1.0,0.0,15,13,0,15,44,16,stress,12,public_upper_bound_16,132,4274.394253,40.0,constant,,0.062027833017054945
38,10,True,0,38,0,1,2,unknown_count_late__n16__spatial,unknown_count_late,16,0,,17,16,177,,bounded_transverse_width,,arc,0,0.06315999999999633,,16,,0,0,,,,,,False,0,0,0,11,0,9,,4,3,158,service_free2_grid21_29,,,[],1519,16210.520201329491,0,,0.0,,False,0,,265.4440025,"[1, 2, 3, 4, 5, 6, 7, 9, 10, 12, 14, 15, 16, 18, 19, 20]",,30.0,4,,,159,0.5,free,58,2.0,0.0,16,14,0,14,46,16,stress,12,public_upper_bound_16,132,4247.10404,40.0,constant,,0.06319612497463822
48,17,True,0,48,2,3,5,unknown_count_late__n16__spatial,unknown_count_late,14,0,,17,16,197,,bounded_transverse_width,,arc,0,0.049346999999997365,,16,,0,0,,,,,,False,8,0,0,12,0,8,,5,3,178,service_locked0_grid21_29,,,[],0,17905.9380392405,0,,0.0,,False,0,,293.699225625,"[1, 2, 3, 4, 5, 6, 7, 9, 10, 12, 14, 15, 16, 18, 19, 20]",,30.0,4,,,159,0.5,locked,57,0.0,0.0,14,30,0,16,52,16,stress,13,public_upper_bound_16,145,4699.18761,40.0,constant,,0.0493474579998292
48,17,True,0,48,2,3,5,unknown_count_late__n16__spatial,unknown_count_late,14,0,,17,16,197,,bounded_transverse_width,,arc,0,0.0503400000000056,,16,,0,0,,,,,,False,8,0,0,12,0,8,,5,3,178,service_locked1_grid21_29,,,[],1705,17905.9380392405,0,,0.0,,False,0,,293.699225625,"[1, 2, 3, 4, 5, 6, 7, 9, 10, 12, 14, 15, 16, 18, 19, 20]",,30.0,4,,,159,0.5,locked,57,1.0,0.0,14,30,0,16,52,16,stress,13,public_upper_bound_16,145,4699.18761,40.0,constant,,0.05042587500065565
32,8,True,0,32,3,3,2,unknown_count_late__n16__spatial,unknown_count_late,13,0,,16,16,183,,bounded_transverse_width,,arc,0,0.060028000000002635,,16,,0,0,,,,,,False,4,0,0,14,0,8,,4,3,165,service_soft20_grid21_29,,,[],1357,16084.540723842432,0,,0.0,,False,0,,266.369259125,"[1, 2, 3, 4, 5, 6, 7, 9, 10, 12, 14, 15, 16, 18, 19, 20]",,30.0,4,,,159,0.5,free,51,1.0,20.0,13,15,0,16,42,16,stress,13,public_upper_bound_16,140,4261.908146,40.0,constant,,0.06004529196070507
43,14,True,0,43,0,0,4,unknown_count_late__n16__spatial,unknown_count_late,16,0,,16,16,170,,bounded_transverse_width,,arc,0,0.059671000000001584,,16,,0,0,,,,,,False,6,0,0,13,0,13,,6,3,152,service_free1_convex22,,,[],1436,14291.6352666778,0,,0.0,,False,0,,238.8954406875,"[1, 2, 3, 4, 5, 6, 7, 9, 10, 12, 14, 15, 16, 18, 19, 20]",,30.0,4,,,159,0.5,free,52,1.0,0.0,8,14,0,16,49,16,stress,9,public_upper_bound_16,124,3822.327051,40.0,constant,,0.059721041994635016
34,13,True,0,34,0,3,4,unknown_count_late__n16__spatial,unknown_count_late,16,0,,19,16,234,,bounded_transverse_width,,arc,0,0.05686200000000241,,16,,0,0,,,,,,False,0,0,0,14,0,5,,6,3,213,service_locked1_convex22,,,[],2174,19359.55949462327,0,,0.0,,False,0,,325.4944935,"[1, 2, 3, 4, 5, 6, 7, 9, 10, 12, 14, 15, 16, 18, 19, 20]",,30.0,4,,,159,0.5,locked,58,1.0,0.0,29,53,3,15,41,16,stress,17,public_upper_bound_16,182,5207.911896,40.0,constant,,0.05724641599226743
