active_measurements,active_no_signal,all_cleared,bracket_cut_inconsistencies,bracket_measurements,bracket_optical_success,bracket_optical_trials,bracket_pair_cuts,case_id,category,certified_clears,certified_range_scan_skips,clear_calls,cleared,commands,completion_proxy_weight,configured_angle_schedule,configured_probe_angle_deg,coupled_dispatch_model,coupled_route_plans,cpu_s,discovered_channels,dispatch_implementation,early_optical_success,early_optical_trials,expanded_sensing_candidates,failure,faithful_attempt_memory_updates,faithful_nonstationary_retained,faithful_stationary_skips,fixed_scan_order,forced_continuations,inconsistent_updates,inferred_negative_memory_updates,interrupted_channels,joint_route_solves,known_upper_bound_skips,maximum_source_primary_rf,maximum_source_rounds,measurements,method,missed_channels,move_m,optical_fallback_calls,optical_local_move_saved_m,optical_max_cover_radius,optical_position_adjustments,outer_priority_used,packet_fallbacks,per_source_s,policy_cleared_channels,probe_angle_cap_deg,problem,seed,service_entry_weight,shared_known_measurements,shared_negative_cooldown_skips,skipped_precise_measurements,source_interruptions,source_packets,sources,split,stations_visited,stop_reason,switches,total_virtual_s,transverse_target_m,transverse_width_rule,uniform_area_ranking_prior,wall_s
7,0,True,0,0,0,0,0,uniform__iid__67,uniform__iid,7,,12,10,133,1.0,,,,,0.018669999999999964,10,,3,5,False,,,,,,,0,,,17,0,,,119,area_return1_7,[],12450.081271938308,0,49.195608055153805,0.0,7,,,325.5016252,"[4, 5, 7, 8, 9, 10, 14, 15, 18, 19]",,3,67,,7,,0,,,10,ordinary,7,full_coverage_and_all_discovered_cleared,114,3255.016252,,,True,0.018669834011234343
7,0,True,0,0,0,0,0,uniform__iid__67,uniform__iid,7,3,12,10,130,1.0,,,base,0,0.018764000000000003,10,,3,5,False,,,,,False,,0,0,,17,0,,,116,range_area7,[],12450.081271938308,0,49.195608055153805,0.0,7,,,323.8016252,"[4, 5, 7, 8, 9, 10, 14, 15, 18, 19]",,3,67,1.0,7,,0,,,10,ordinary,7,full_coverage_and_all_discovered_cleared,112,3238.016252,,,True,0.01878166600363329
7,0,True,0,0,0,0,0,uniform__iid__67,uniform__iid,7,2,12,10,131,1.0,,,base,0,0.018780999999999992,10,,3,5,False,,2,1,2,False,,0,0,,17,0,,,117,faithful_area7,[],12450.081271938308,0,49.195608055153805,0.0,7,,,324.3016252,"[4, 5, 7, 8, 9, 10, 14, 15, 18, 19]",,3,67,1.0,7,,0,,,10,ordinary,7,full_coverage_and_all_discovered_cleared,112,3243.016252,,,True,0.01878154097357765
7,0,True,0,0,0,0,0,uniform__iid__68,uniform__iid,10,,18,15,149,1.0,,,,,0.028666999999999998,15,,5,8,False,,,,,,,0,,,22,0,,,129,area_return1_7,[],11258.355683768476,0,68.94379760295948,0.0,10,,,206.9114092,"[2, 4, 5, 6, 8, 9, 11, 12, 13, 14, 15, 16, 17, 19, 20]",,3,68,,33,,0,,,15,ordinary,7,full_coverage_and_all_discovered_cleared,123,3103.671138,,,True,0.028690417006146163
7,0,True,0,0,0,0,0,uniform__iid__68,uniform__iid,10,0,18,15,149,1.0,,,base,0,0.028491000000000044,15,,5,8,False,,,,,False,,0,0,,22,0,,,129,range_area7,[],11258.355683768476,0,68.94379760295948,0.0,10,,,206.9114092,"[2, 4, 5, 6, 8, 9, 11, 12, 13, 14, 15, 16, 17, 19, 20]",,3,68,1.0,33,,0,,,15,ordinary,7,full_coverage_and_all_discovered_cleared,123,3103.671138,,,True,0.028531750023830682
7,0,True,0,0,0,0,0,uniform__iid__68,uniform__iid,10,0,18,15,149,1.0,,,base,0,0.028911999999999993,15,,5,8,False,,0,0,0,False,,0,0,,22,0,,,129,faithful_area7,[],11258.355683768476,0,68.94379760295948,0.0,10,,,206.9114092,"[2, 4, 5, 6, 8, 9, 11, 12, 13, 14, 15, 16, 17, 19, 20]",,3,68,1.0,33,,0,,,15,ordinary,7,full_coverage_and_all_discovered_cleared,123,3103.671138,,,True,0.028972667001653463
7,0,True,0,0,0,0,0,uniform__iid__69,uniform__iid,5,,16,15,143,1.0,,,,,0.025659000000000043,15,,10,11,False,,,,,,,0,,,22,0,,,125,area_return1_7,[],12833.52283590028,0,49.76008032836796,0.0,5,,,225.5803046,"[2, 3, 4, 5, 6, 7, 8, 9, 10, 11, 12, 13, 14, 16, 18]",,3,69,,28,,7,,,15,ordinary,7,full_coverage_and_all_discovered_cleared,114,3383.704569,,,True,0.025663542037364095
7,0,True,0,0,0,0,0,uniform__iid__69,uniform__iid,5,0,16,15,143,1.0,,,base,0,0.026243000000000016,15,,10,11,False,,,,,False,,0,0,,22,0,,,125,range_area7,[],12833.52283590028,0,49.76008032836796,0.0,5,,,225.5803046,"[2, 3, 4, 5, 6, 7, 8, 9, 10, 11, 12, 13, 14, 16, 18]",,3,69,1.0,28,,7,,,15,ordinary,7,full_coverage_and_all_discovered_cleared,114,3383.704569,,,True,0.02624241600278765
7,0,True,0,0,0,0,0,uniform__iid__69,uniform__iid,5,0,16,15,143,1.0,,,base,0,0.025529999999999997,15,,10,11,False,,0,0,0,False,,0,0,,22,0,,,125,faithful_area7,[],12833.52283590028,0,49.76008032836796,0.0,5,,,225.5803046,"[2, 3, 4, 5, 6, 7, 8, 9, 10, 11, 12, 13, 14, 16, 18]",,3,69,1.0,28,,7,,,15,ordinary,7,full_coverage_and_all_discovered_cleared,114,3383.704569,,,True,0.025547542027197778
8,0,True,0,0,0,0,0,uniform__iid__70,uniform__iid,6,,13,10,141,1.0,,,,,0.020537000000000027,10,,4,7,False,,,,,,,0,,,17,0,,,126,area_return1_7,[],11127.182320072005,0,36.3364416117673,0.0,6,,,303.2436465,"[2, 3, 5, 10, 11, 13, 15, 16, 19, 20]",,3,70,,9,,0,,,10,ordinary,7,full_coverage_and_all_discovered_cleared,118,3032.436465,,,True,0.020590415981132537
8,0,True,0,0,0,0,0,uniform__iid__70,uniform__iid,6,3,13,10,138,1.0,,,base,0,0.020982,10,,4,7,False,,,,,False,,0,0,,17,0,,,123,range_area7,[],11127.182320072005,0,36.3364416117673,0.0,6,,,301.4436465,"[2, 3, 5, 10, 11, 13, 15, 16, 19, 20]",,3,70,1.0,9,,0,,,10,ordinary,7,full_coverage_and_all_discovered_cleared,115,3014.436465,,,True,0.02100004197563976
8,0,True,0,0,0,0,0,uniform__iid__70,uniform__iid,6,2,13,10,139,1.0,,,base,0,0.020784999999999942,10,,4,7,False,,2,1,2,False,,0,0,,17,0,,,124,faithful_area7,[],11127.182320072005,0,36.3364416117673,0.0,6,,,302.14364650000005,"[2, 3, 5, 10, 11, 13, 15, 16, 19, 20]",,3,70,1.0,9,,0,,,10,ordinary,7,full_coverage_and_all_discovered_cleared,117,3021.436465,,,True,0.020805583975743502
7,0,True,0,0,0,0,0,uniform__iid__71,uniform__iid,7,,13,12,133,1.0,,,,,0.023394000000000026,12,,5,6,False,,,,,,,0,,,19,0,,,118,area_return1_7,[],12153.650482723764,0,40.99123897655369,0.0,7,,,266.14417483333335,"[1, 2, 4, 5, 7, 9, 10, 13, 17, 18, 19, 20]",,3,71,,22,,4,,,12,ordinary,7,full_coverage_and_all_discovered_cleared,110,3193.730098,,,True,0.0234161660191603
7,0,True,0,0,0,0,0,uniform__iid__71,uniform__iid,7,0,13,12,133,1.0,,,base,0,0.025167999999999968,12,,5,6,False,,,,,False,,0,0,,19,0,,,118,range_area7,[],12153.650482723764,0,40.99123897655369,0.0,7,,,266.14417483333335,"[1, 2, 4, 5, 7, 9, 10, 13, 17, 18, 19, 20]",,3,71,1.0,22,,4,,,12,ordinary,7,full_coverage_and_all_discovered_cleared,110,3193.730098,,,True,0.02519441698677838
7,0,True,0,0,0,0,0,uniform__iid__71,uniform__iid,7,0,13,12,133,1.0,,,base,0,0.02470300000000003,12,,5,6,False,,0,0,0,False,,0,0,,19,0,,,118,faithful_area7,[],12153.650482723764,0,40.99123897655369,0.0,7,,,266.14417483333335,"[1, 2, 4, 5, 7, 9, 10, 13, 17, 18, 19, 20]",,3,71,1.0,22,,4,,,12,ordinary,7,full_coverage_and_all_discovered_cleared,110,3193.730098,,,True,0.024703208007849753
9,0,True,0,0,0,0,0,uniform__smooth__67,uniform__smooth,8,,12,10,136,1.0,,,,,0.022842999999999947,10,,2,4,False,,,,,,,0,,,17,0,,,122,area_return1_7,[],12540.003423868544,0,78.3020734411675,0.0,8,,,328.90006830000004,"[4, 5, 7, 8, 9, 10, 14, 15, 18, 19]",,3,67,,8,,0,,,10,ordinary,7,full_coverage_and_all_discovered_cleared,115,3289.000683,,,True,0.02307587501127273
9,0,True,0,0,0,0,0,uniform__smooth__67,uniform__smooth,8,3,12,10,133,1.0,,,base,0,0.021902000000000088,10,,2,4,False,,,,,False,,0,0,,17,0,,,119,range_area7,[],12540.003423868544,0,78.3020734411675,0.0,8,,,327.2000683,"[4, 5, 7, 8, 9, 10, 14, 15, 18, 19]",,3,67,1.0,8,,0,,,10,ordinary,7,full_coverage_and_all_discovered_cleared,113,3272.000683,,,True,0.02192058297805488
9,0,True,0,0,0,0,0,uniform__smooth__67,uniform__smooth,8,2,12,10,134,1.0,,,base,0,0.021506999999999943,10,,2,4,False,,2,1,2,False,,0,0,,17,0,,,120,faithful_area7,[],12540.003423868544,0,78.3020734411675,0.0,8,,,327.7000683,"[4, 5, 7, 8, 9, 10, 14, 15, 18, 19]",,3,67,1.0,8,,0,,,10,ordinary,7,full_coverage_and_all_discovered_cleared,113,3277.000683,,,True,0.021539958019275218
12,0,True,0,0,0,0,0,uniform__smooth__68,uniform__smooth,12,,19,15,162,1.0,,,,,0.035049999999999915,15,,3,7,False,,,,,,,0,,,22,0,,,141,area_return1_7,[],12819.328505185638,0,112.15950215678339,0.0,12,,,232.2577134,"[2, 4, 5, 6, 8, 9, 11, 12, 13, 14, 15, 16, 17, 19, 20]",,3,68,,36,,0,,,15,ordinary,7,full_coverage_and_all_discovered_cleared,128,3483.865701,,,True,0.0350885420339182
12,0,True,0,0,0,0,0,uniform__smooth__68,uniform__smooth,12,4,19,15,158,1.0,,,base,0,0.03555699999999995,15,,3,7,False,,,,,False,,0,0,,22,0,,,137,range_area7,[],12819.328505185638,0,112.15950215678339,0.0,12,,,230.6577134,"[2, 4, 5, 6, 8, 9, 11, 12, 13, 14, 15, 16, 17, 19, 20]",,3,68,1.0,36,,0,,,15,ordinary,7,full_coverage_and_all_discovered_cleared,124,3459.865701,,,True,0.03557141701458022
12,0,True,0,0,0,0,0,uniform__smooth__68,uniform__smooth,12,4,19,15,158,1.0,,,base,0,0.03424499999999997,15,,3,7,False,,4,0,4,False,,0,0,,22,0,,,137,faithful_area7,[],12819.328505185638,0,112.15950215678339,0.0,12,,,230.6577134,"[2, 4, 5, 6, 8, 9, 11, 12, 13, 14, 15, 16, 17, 19, 20]",,3,68,1.0,36,,0,,,15,ordinary,7,full_coverage_and_all_discovered_cleared,124,3459.865701,,,True,0.034266292001120746
7,0,True,0,0,0,0,0,uniform__smooth__69,uniform__smooth,7,,16,15,140,1.0,,,,,0.027417000000000025,15,,8,9,False,,,,,,,0,,,22,0,,,122,area_return1_7,[],13126.1345818081,0,43.08970576885116,0.0,7,,,228.2817944,"[2, 3, 4, 5, 6, 7, 8, 9, 10, 11, 12, 13, 14, 16, 18]",,3,69,,23,,10,,,15,ordinary,7,full_coverage_and_all_discovered_cleared,111,3424.226916,,,True,0.027416791999712586
7,0,True,0,0,0,0,0,uniform__smooth__69,uniform__smooth,7,3,16,15,137,1.0,,,base,0,0.02755200000000002,15,,8,9,False,,,,,False,,0,0,,22,0,,,119,range_area7,[],13126.1345818081,0,43.08970576885116,0.0,7,,,227.0817944,"[2, 3, 4, 5, 6, 7, 8, 9, 10, 11, 12, 13, 14, 16, 18]",,3,69,1.0,23,,10,,,15,ordinary,7,full_coverage_and_all_discovered_cleared,108,3406.226916,,,True,0.02760704094544053
7,0,True,0,0,0,0,0,uniform__smooth__69,uniform__smooth,7,3,16,15,137,1.0,,,base,0,0.02744000000000002,15,,8,9,False,,3,0,3,False,,0,0,,22,0,,,119,faithful_area7,[],13126.1345818081,0,43.08970576885116,0.0,7,,,227.0817944,"[2, 3, 4, 5, 6, 7, 8, 9, 10, 11, 12, 13, 14, 16, 18]",,3,69,1.0,23,,10,,,15,ordinary,7,full_coverage_and_all_discovered_cleared,108,3406.226916,,,True,0.02745295799104497
5,0,True,0,0,0,0,0,uniform__smooth__70,uniform__smooth,4,,10,10,136,1.0,,,,,0.017529000000000017,10,,6,6,False,,,,,,,0,,,17,0,,,124,area_return1_7,[],11228.036691091005,0,25.521340928374684,0.0,4,,,303.360734,"[2, 3, 5, 10, 11, 13, 15, 16, 19, 20]",,3,70,,9,,0,,,10,ordinary,7,full_coverage_and_all_discovered_cleared,118,3033.60734,,,True,0.01753929100232199
5,0,True,0,0,0,0,0,uniform__smooth__70,uniform__smooth,4,1,10,10,135,1.0,,,base,0,0.016927000000000025,10,,6,6,False,,,,,False,,0,0,,17,0,,,123,range_area7,[],11228.036691091005,0,25.521340928374684,0.0,4,,,302.760734,"[2, 3, 5, 10, 11, 13, 15, 16, 19, 20]",,3,70,1.0,9,,0,,,10,ordinary,7,full_coverage_and_all_discovered_cleared,117,3027.60734,,,True,0.016926332958973944
5,0,True,0,0,0,0,0,uniform__smooth__70,uniform__smooth,4,1,10,10,135,1.0,,,base,0,0.01725399999999999,10,,6,6,False,,1,0,1,False,,0,0,,17,0,,,123,faithful_area7,[],11228.036691091005,0,25.521340928374684,0.0,4,,,302.760734,"[2, 3, 5, 10, 11, 13, 15, 16, 19, 20]",,3,70,1.0,9,,0,,,10,ordinary,7,full_coverage_and_all_discovered_cleared,117,3027.60734,,,True,0.017265874950680882
5,0,True,0,0,0,0,0,uniform__smooth__71,uniform__smooth,6,,13,12,132,1.0,,,,,0.0223509999999999,12,,6,7,False,,,,,,,0,,,19,0,,,117,area_return1_7,[],11457.765426791182,0,41.17540470974342,0.0,6,,,254.04609025,"[1, 2, 4, 5, 7, 9, 10, 13, 17, 18, 19, 20]",,3,71,,22,,3,,,12,ordinary,7,full_coverage_and_all_discovered_cleared,109,3048.553083,,,True,0.022379292000550777
5,0,True,0,0,0,0,0,uniform__smooth__71,uniform__smooth,6,0,13,12,132,1.0,,,base,0,0.023254999999999915,12,,6,7,False,,,,,False,,0,0,,19,0,,,117,range_area7,[],11457.765426791182,0,41.17540470974342,0.0,6,,,254.04609025,"[1, 2, 4, 5, 7, 9, 10, 13, 17, 18, 19, 20]",,3,71,1.0,22,,3,,,12,ordinary,7,full_coverage_and_all_discovered_cleared,109,3048.553083,,,True,0.02326166699640453
5,0,True,0,0,0,0,0,uniform__smooth__71,uniform__smooth,6,0,13,12,132,1.0,,,base,0,0.02337900000000004,12,,6,7,False,,0,0,0,False,,0,0,,19,0,,,117,faithful_area7,[],11457.765426791182,0,41.17540470974342,0.0,6,,,254.04609025,"[1, 2, 4, 5, 7, 9, 10, 13, 17, 18, 19, 20]",,3,71,1.0,22,,3,,,12,ordinary,7,full_coverage_and_all_discovered_cleared,109,3048.553083,,,True,0.023396624950692058
10,0,True,0,0,0,0,0,uniform__adversarial-positive__67,uniform__adversarial-positive,9,,15,10,139,1.0,,,,,0.020645999999999942,10,,1,6,False,,,,,,,0,,,17,0,,,122,area_return1_7,[],12544.11036699349,0,59.11179150090638,0.0,9,,,329.8822072,"[4, 5, 7, 8, 9, 10, 14, 15, 18, 19]",,3,67,,7,,0,,,10,ordinary,7,full_coverage_and_all_discovered_cleared,115,3298.822072,,,True,0.02064545900793746
10,0,True,0,0,0,0,0,uniform__adversarial-positive__67,uniform__adversarial-positive,9,3,15,10,136,1.0,,,base,0,0.019957000000000003,10,,1,6,False,,,,,False,,0,0,,17,0,,,119,range_area7,[],12544.11036699349,0,59.11179150090638,0.0,9,,,328.1822072,"[4, 5, 7, 8, 9, 10, 14, 15, 18, 19]",,3,67,1.0,7,,0,,,10,ordinary,7,full_coverage_and_all_discovered_cleared,113,3281.822072,,,True,0.019967125030234456
10,0,True,0,0,0,0,0,uniform__adversarial-positive__67,uniform__adversarial-positive,9,2,15,10,137,1.0,,,base,0,0.020631000000000066,10,,1,6,False,,2,1,2,False,,0,0,,17,0,,,120,faithful_area7,[],12544.11036699349,0,59.11179150090638,0.0,9,,,328.6822072,"[4, 5, 7, 8, 9, 10, 14, 15, 18, 19]",,3,67,1.0,7,,0,,,10,ordinary,7,full_coverage_and_all_discovered_cleared,113,3286.822072,,,True,0.02064512495417148
12,0,True,0,0,0,0,0,uniform__adversarial-positive__68,uniform__adversarial-positive,14,,22,15,162,1.0,,,,,0.033537999999999846,15,,1,8,False,,,,,,,0,,,22,0,,,138,area_return1_7,[],12603.979749546508,0,126.3358280542244,0.0,14,,,228.98639666666668,"[2, 4, 5, 6, 8, 9, 11, 12, 13, 14, 15, 16, 17, 19, 20]",,3,68,,33,,0,,,15,ordinary,7,full_coverage_and_all_discovered_cleared,128,3434.79595,,,True,0.033569624996744096
12,0,True,0,0,0,0,0,uniform__adversarial-positive__68,uniform__adversarial-positive,14,4,22,15,158,1.0,,,base,0,0.033279999999999976,15,,1,8,False,,,,,False,,0,0,,22,0,,,134,range_area7,[],12603.979749546508,0,126.3358280542244,0.0,14,,,227.38639666666668,"[2, 4, 5, 6, 8, 9, 11, 12, 13, 14, 15, 16, 17, 19, 20]",,3,68,1.0,33,,0,,,15,ordinary,7,full_coverage_and_all_discovered_cleared,124,3410.79595,,,True,0.03329524997388944
12,0,True,0,0,0,0,0,uniform__adversarial-positive__68,uniform__adversarial-positive,14,4,22,15,158,1.0,,,base,0,0.03331699999999982,15,,1,8,False,,4,0,4,False,,0,0,,22,0,,,134,faithful_area7,[],12603.979749546508,0,126.3358280542244,0.0,14,,,227.38639666666668,"[2, 4, 5, 6, 8, 9, 11, 12, 13, 14, 15, 16, 17, 19, 20]",,3,68,1.0,33,,0,,,15,ordinary,7,full_coverage_and_all_discovered_cleared,124,3410.79595,,,True,0.03332391596632078
10,0,True,0,0,0,0,0,uniform__adversarial-positive__69,uniform__adversarial-positive,9,,19,15,150,1.0,,,,,0.02999300000000016,15,,6,10,False,,,,,,,0,,,22,0,,,129,area_return1_7,[],13010.796039392302,0,107.1655831496508,0.0,9,,,230.34394726666667,"[2, 3, 4, 5, 6, 7, 8, 9, 10, 11, 12, 13, 14, 16, 18]",,3,69,,23,,6,,,15,ordinary,7,full_coverage_and_all_discovered_cleared,121,3455.159209,,,True,0.02999216696480289
10,0,True,0,0,0,0,0,uniform__adversarial-positive__69,uniform__adversarial-positive,9,6,19,15,144,1.0,,,base,0,0.0286249999999999,15,,6,10,False,,,,,False,,0,0,,22,0,,,123,range_area7,[],13010.796039392302,0,107.1655831496508,0.0,9,,,227.94394726666667,"[2, 3, 4, 5, 6, 7, 8, 9, 10, 11, 12, 13, 14, 16, 18]",,3,69,1.0,23,,6,,,15,ordinary,7,full_coverage_and_all_discovered_cleared,115,3419.159209,,,True,0.028633416979573667
10,0,True,0,0,0,0,0,uniform__adversarial-positive__69,uniform__adversarial-positive,9,6,19,15,144,1.0,,,base,0,0.029086000000000167,15,,6,10,False,,6,0,6,False,,0,0,,22,0,,,123,faithful_area7,[],13010.796039392302,0,107.1655831496508,0.0,9,,,227.94394726666667,"[2, 3, 4, 5, 6, 7, 8, 9, 10, 11, 12, 13, 14, 16, 18]",,3,69,1.0,23,,6,,,15,ordinary,7,full_coverage_and_all_discovered_cleared,115,3419.159209,,,True,0.029112584015820175
8,0,True,0,0,0,0,0,uniform__adversarial-positive__70,uniform__adversarial-positive,8,,13,10,134,1.0,,,,,0.018411000000000177,10,,2,5,False,,,,,,,0,,,17,0,,,119,area_return1_7,[],11220.950146327352,0,50.559319946033376,0.0,8,,,301.3190027,"[2, 3, 5, 10, 11, 13, 15, 16, 19, 20]",,3,70,,7,,6,,,10,ordinary,7,full_coverage_and_all_discovered_cleared,115,3013.190027,,,True,0.018431957985740155
8,0,True,0,0,0,0,0,uniform__adversarial-positive__70,uniform__adversarial-positive,8,1,13,10,133,1.0,,,base,0,0.018623000000000056,10,,2,5,False,,,,,False,,0,0,,17,0,,,118,range_area7,[],11220.950146327352,0,50.559319946033376,0.0,8,,,300.71900270000003,"[2, 3, 5, 10, 11, 13, 15, 16, 19, 20]",,3,70,1.0,7,,6,,,10,ordinary,7,full_coverage_and_all_discovered_cleared,114,3007.190027,,,True,0.018648541998118162
8,0,True,0,0,0,0,0,uniform__adversarial-positive__70,uniform__adversarial-positive,8,1,13,10,133,1.0,,,base,0,0.018993999999999955,10,,2,5,False,,1,0,1,False,,0,0,,17,0,,,118,faithful_area7,[],11220.950146327352,0,50.559319946033376,0.0,8,,,300.71900270000003,"[2, 3, 5, 10, 11, 13, 15, 16, 19, 20]",,3,70,1.0,7,,6,,,10,ordinary,7,full_coverage_and_all_discovered_cleared,114,3007.190027,,,True,0.019000499974936247
8,0,True,0,0,0,0,0,uniform__adversarial-positive__71,uniform__adversarial-positive,8,,16,12,150,1.0,,,,,0.024224000000000023,12,,4,8,False,,,,,,,0,,,19,0,,,132,area_return1_7,[],12063.417805624325,0,48.0087867640272,0.0,8,,,272.14029666666664,"[1, 2, 4, 5, 7, 9, 10, 13, 17, 18, 19, 20]",,3,71,,19,,1,,,12,ordinary,7,full_coverage_and_all_discovered_cleared,121,3265.68356,,,True,0.02423366700531915
8,0,True,0,0,0,0,0,uniform__adversarial-positive__71,uniform__adversarial-positive,8,0,16,12,150,1.0,,,base,0,0.023905000000000065,12,,4,8,False,,,,,False,,0,0,,19,0,,,132,range_area7,[],12063.417805624325,0,48.0087867640272,0.0,8,,,272.14029666666664,"[1, 2, 4, 5, 7, 9, 10, 13, 17, 18, 19, 20]",,3,71,1.0,19,,1,,,12,ordinary,7,full_coverage_and_all_discovered_cleared,121,3265.68356,,,True,0.023905250011011958
8,0,True,0,0,0,0,0,uniform__adversarial-positive__71,uniform__adversarial-positive,8,0,16,12,150,1.0,,,base,0,0.02412700000000001,12,,4,8,False,,0,0,0,False,,0,0,,19,0,,,132,faithful_area7,[],12063.417805624325,0,48.0087867640272,0.0,8,,,272.14029666666664,"[1, 2, 4, 5, 7, 9, 10, 13, 17, 18, 19, 20]",,3,71,1.0,19,,1,,,12,ordinary,7,full_coverage_and_all_discovered_cleared,121,3265.68356,,,True,0.024138958018738776
6,0,True,0,0,0,0,0,uniform__adversarial-negative__67,uniform__adversarial-negative,8,,12,10,129,1.0,,,,,0.01803599999999994,10,,2,4,False,,,,,,,0,,,17,0,,,115,area_return1_7,[],11145.28580040564,0,50.5213170450714,0.0,8,,,297.0057159,"[4, 5, 7, 8, 9, 10, 14, 15, 18, 19]",,3,67,,6,,9,,,10,ordinary,7,full_coverage_and_all_discovered_cleared,110,2970.057159,,,True,0.018044249969534576
6,0,True,0,0,0,0,0,uniform__adversarial-negative__67,uniform__adversarial-negative,8,1,12,10,128,1.0,,,base,0,0.017973999999999934,10,,2,4,False,,,,,False,,0,0,,17,0,,,114,range_area7,[],11145.28580040564,0,50.5213170450714,0.0,8,,,296.4057159,"[4, 5, 7, 8, 9, 10, 14, 15, 18, 19]",,3,67,1.0,6,,9,,,10,ordinary,7,full_coverage_and_all_discovered_cleared,109,2964.057159,,,True,0.01797287497902289
6,0,True,0,0,0,0,0,uniform__adversarial-negative__67,uniform__adversarial-negative,8,1,12,10,128,1.0,,,base,0,0.01799100000000009,10,,2,4,False,,1,0,1,False,,0,0,,17,0,,,114,faithful_area7,[],11145.28580040564,0,50.5213170450714,0.0,8,,,296.4057159,"[4, 5, 7, 8, 9, 10, 14, 15, 18, 19]",,3,67,1.0,6,,9,,,10,ordinary,7,full_coverage_and_all_discovered_cleared,109,2964.057159,,,True,0.018002792028710246
11,0,True,0,0,0,0,0,uniform__adversarial-negative__68,uniform__adversarial-negative,11,,22,15,157,1.0,,,,,0.031227000000000116,15,,4,11,False,,,,,,,0,,,22,0,,,133,area_return1_7,[],11311.566864547774,0,89.91461847037544,0.0,11,,,209.88755826666664,"[2, 4, 5, 6, 8, 9, 11, 12, 13, 14, 15, 16, 17, 19, 20]",,3,68,,33,,0,,,15,ordinary,7,full_coverage_and_all_discovered_cleared,125,3148.313374,,,True,0.031240291020367295
11,0,True,0,0,0,0,0,uniform__adversarial-negative__68,uniform__adversarial-negative,11,0,22,15,157,1.0,,,base,0,0.03147000000000011,15,,4,11,False,,,,,False,,0,0,,22,0,,,133,range_area7,[],11311.566864547774,0,89.91461847037544,0.0,11,,,209.88755826666664,"[2, 4, 5, 6, 8, 9, 11, 12, 13, 14, 15, 16, 17, 19, 20]",,3,68,1.0,33,,0,,,15,ordinary,7,full_coverage_and_all_discovered_cleared,125,3148.313374,,,True,0.031507000036071986
11,0,True,0,0,0,0,0,uniform__adversarial-negative__68,uniform__adversarial-negative,11,0,22,15,157,1.0,,,base,0,0.03099200000000013,15,,4,11,False,,0,0,0,False,,0,0,,22,0,,,133,faithful_area7,[],11311.566864547774,0,89.91461847037544,0.0,11,,,209.88755826666664,"[2, 4, 5, 6, 8, 9, 11, 12, 13, 14, 15, 16, 17, 19, 20]",,3,68,1.0,33,,0,,,15,ordinary,7,full_coverage_and_all_discovered_cleared,125,3148.313374,,,True,0.031037041975650936
9,0,True,0,0,0,0,0,uniform__adversarial-negative__69,uniform__adversarial-negative,9,,19,15,141,1.0,,,,,0.028887000000000107,15,,6,10,False,,,,,,,0,,,22,0,,,120,area_return1_7,[],12859.410494502135,0,83.41194961814898,0.0,9,,,224.5921398,"[2, 3, 4, 5, 6, 7, 8, 9, 10, 11, 12, 13, 14, 16, 18]",,3,69,,23,,9,,,15,ordinary,7,full_coverage_and_all_discovered_cleared,110,3368.882097,,,True,0.028895416005980223
9,0,True,0,0,0,0,0,uniform__adversarial-negative__69,uniform__adversarial-negative,9,2,19,15,139,1.0,,,base,0,0.028120000000000145,15,,6,10,False,,,,,False,,0,0,,22,0,,,118,range_area7,[],12859.410494502135,0,83.41194961814898,0.0,9,,,223.7921398,"[2, 3, 4, 5, 6, 7, 8, 9, 10, 11, 12, 13, 14, 16, 18]",,3,69,1.0,23,,9,,,15,ordinary,7,full_coverage_and_all_discovered_cleared,108,3356.882097,,,True,0.028154166997410357
9,0,True,0,0,0,0,0,uniform__adversarial-negative__69,uniform__adversarial-negative,9,2,19,15,139,1.0,,,base,0,0.028792999999999846,15,,6,10,False,,2,0,2,False,,0,0,,22,0,,,118,faithful_area7,[],12859.410494502135,0,83.41194961814898,0.0,9,,,223.7921398,"[2, 3, 4, 5, 6, 7, 8, 9, 10, 11, 12, 13, 14, 16, 18]",,3,69,1.0,23,,9,,,15,ordinary,7,full_coverage_and_all_discovered_cleared,108,3356.882097,,,True,0.02881087496643886
7,0,True,0,0,0,0,0,uniform__adversarial-negative__70,uniform__adversarial-negative,7,,11,10,139,1.0,,,,,0.018874999999999975,10,,3,4,False,,,,,,,0,,,17,0,,,126,area_return1_7,[],11151.369987015993,0,43.860243093504366,0.0,7,,,303.3273994,"[2, 3, 5, 10, 11, 13, 15, 16, 19, 20]",,3,70,,9,,0,,,10,ordinary,7,full_coverage_and_all_discovered_cleared,120,3033.273994,,,True,0.018908166966866702
7,0,True,0,0,0,0,0,uniform__adversarial-negative__70,uniform__adversarial-negative,7,1,11,10,138,1.0,,,base,0,0.019067000000000167,10,,3,4,False,,,,,False,,0,0,,17,0,,,125,range_area7,[],11151.369987015993,0,43.860243093504366,0.0,7,,,302.7273994,"[2, 3, 5, 10, 11, 13, 15, 16, 19, 20]",,3,70,1.0,9,,0,,,10,ordinary,7,full_coverage_and_all_discovered_cleared,119,3027.273994,,,True,0.019066833017859608
7,0,True,0,0,0,0,0,uniform__adversarial-negative__70,uniform__adversarial-negative,7,1,11,10,138,1.0,,,base,0,0.019311000000000078,10,,3,4,False,,1,0,1,False,,0,0,,17,0,,,125,faithful_area7,[],11151.369987015993,0,43.860243093504366,0.0,7,,,302.7273994,"[2, 3, 5, 10, 11, 13, 15, 16, 19, 20]",,3,70,1.0,9,,0,,,10,ordinary,7,full_coverage_and_all_discovered_cleared,119,3027.273994,,,True,0.019331291026901454
6,0,True,0,0,0,0,0,uniform__adversarial-negative__71,uniform__adversarial-negative,9,,14,12,136,1.0,,,,,0.024334000000000078,12,,3,5,False,,,,,,,0,,,19,0,,,120,area_return1_7,[],11408.921013664041,0,52.519745855040824,0.0,9,,,254.64868366666667,"[1, 2, 4, 5, 7, 9, 10, 13, 17, 18, 19, 20]",,3,71,,24,,3,,,12,ordinary,7,full_coverage_and_all_discovered_cleared,108,3055.784204,,,True,0.02434462500968948
6,0,True,0,0,0,0,0,uniform__adversarial-negative__71,uniform__adversarial-negative,9,0,14,12,136,1.0,,,base,0,0.02454299999999998,12,,3,5,False,,,,,False,,0,0,,19,0,,,120,range_area7,[],11408.921013664041,0,52.519745855040824,0.0,9,,,254.64868366666667,"[1, 2, 4, 5, 7, 9, 10, 13, 17, 18, 19, 20]",,3,71,1.0,24,,3,,,12,ordinary,7,full_coverage_and_all_discovered_cleared,108,3055.784204,,,True,0.02456724998774007
6,0,True,0,0,0,0,0,uniform__adversarial-negative__71,uniform__adversarial-negative,9,0,14,12,136,1.0,,,base,0,0.024560000000000137,12,,3,5,False,,0,0,0,False,,0,0,,19,0,,,120,faithful_area7,[],11408.921013664041,0,52.519745855040824,0.0,9,,,254.64868366666667,"[1, 2, 4, 5, 7, 9, 10, 13, 17, 18, 19, 20]",,3,71,1.0,24,,3,,,12,ordinary,7,full_coverage_and_all_discovered_cleared,108,3055.784204,,,True,0.02457925002090633
9,0,True,0,0,0,0,0,uniform__adversarial-spatial__67,uniform__adversarial-spatial,8,,13,10,137,1.0,,,,,0.02075300000000002,10,,2,5,False,,,,,,,0,,,17,0,,,122,area_return1_7,[],12701.340476515094,0,65.96383839690539,0.0,8,,,332.4268094,"[4, 5, 7, 8, 9, 10, 14, 15, 18, 19]",,3,67,,8,,0,,,10,ordinary,7,full_coverage_and_all_discovered_cleared,115,3324.268094,,,True,0.020779374986886978
9,0,True,0,0,0,0,0,uniform__adversarial-spatial__67,uniform__adversarial-spatial,8,3,13,10,134,1.0,,,base,0,0.021108999999999822,10,,2,5,False,,,,,False,,0,0,,17,0,,,119,range_area7,[],12701.340476515094,0,65.96383839690539,0.0,8,,,330.7268094,"[4, 5, 7, 8, 9, 10, 14, 15, 18, 19]",,3,67,1.0,8,,0,,,10,ordinary,7,full_coverage_and_all_discovered_cleared,113,3307.268094,,,True,0.02110879198880866
9,0,True,0,0,0,0,0,uniform__adversarial-spatial__67,uniform__adversarial-spatial,8,2,13,10,135,1.0,,,base,0,0.021466999999999903,10,,2,5,False,,2,1,2,False,,0,0,,17,0,,,120,faithful_area7,[],12701.340476515094,0,65.96383839690539,0.0,8,,,331.2268094,"[4, 5, 7, 8, 9, 10, 14, 15, 18, 19]",,3,67,1.0,8,,0,,,10,ordinary,7,full_coverage_and_all_discovered_cleared,113,3312.268094,,,True,0.02147304202662781
13,0,True,0,0,0,0,0,uniform__adversarial-spatial__68,uniform__adversarial-spatial,14,,22,15,163,1.0,,,,,0.03247700000000009,15,,1,8,False,,,,,,,0,,,22,0,,,139,area_return1_7,[],12617.62105305865,0,148.4007863913149,0.0,14,,,229.50161393333335,"[2, 4, 5, 6, 8, 9, 11, 12, 13, 14, 15, 16, 17, 19, 20]",,3,68,,35,,2,,,15,ordinary,7,full_coverage_and_all_discovered_cleared,128,3442.524209,,,True,0.03266033303225413
13,0,True,0,0,0,0,0,uniform__adversarial-spatial__68,uniform__adversarial-spatial,14,4,22,15,159,1.0,,,base,0,0.03237000000000001,15,,1,8,False,,,,,False,,0,0,,22,0,,,135,range_area7,[],12617.62105305865,0,148.4007863913149,0.0,14,,,227.90161393333335,"[2, 4, 5, 6, 8, 9, 11, 12, 13, 14, 15, 16, 17, 19, 20]",,3,68,1.0,35,,2,,,15,ordinary,7,full_coverage_and_all_discovered_cleared,124,3418.524209,,,True,0.03242958401096985
13,0,True,0,0,0,0,0,uniform__adversarial-spatial__68,uniform__adversarial-spatial,14,4,22,15,159,1.0,,,base,0,0.03181900000000004,15,,1,8,False,,4,0,4,False,,0,0,,22,0,,,135,faithful_area7,[],12617.62105305865,0,148.4007863913149,0.0,14,,,227.90161393333335,"[2, 4, 5, 6, 8, 9, 11, 12, 13, 14, 15, 16, 17, 19, 20]",,3,68,1.0,35,,2,,,15,ordinary,7,full_coverage_and_all_discovered_cleared,124,3418.524209,,,True,0.03184112499002367
12,0,True,0,0,0,0,0,uniform__adversarial-spatial__69,uniform__adversarial-spatial,13,,21,15,149,1.0,,,,,0.02922800000000003,15,,2,8,False,,,,,,,0,,,22,0,,,126,area_return1_7,[],13066.042994566902,0,121.4214655759378,0.0,13,,,230.21390666666667,"[2, 3, 4, 5, 6, 7, 8, 9, 10, 11, 12, 13, 14, 16, 18]",,3,69,,22,,10,,,15,ordinary,7,full_coverage_and_all_discovered_cleared,117,3453.2086,,,True,0.02925054100342095
12,0,True,0,0,0,0,0,uniform__adversarial-spatial__69,uniform__adversarial-spatial,13,3,21,15,146,1.0,,,base,0,0.029345999999999872,15,,2,8,False,,,,,False,,0,0,,22,0,,,123,range_area7,[],13066.042994566902,0,121.4214655759378,0.0,13,,,229.01390666666666,"[2, 3, 4, 5, 6, 7, 8, 9, 10, 11, 12, 13, 14, 16, 18]",,3,69,1.0,22,,10,,,15,ordinary,7,full_coverage_and_all_discovered_cleared,114,3435.2086,,,True,0.02935937501024455
12,0,True,0,0,0,0,0,uniform__adversarial-spatial__69,uniform__adversarial-spatial,13,3,21,15,146,1.0,,,base,0,0.028760999999999814,15,,2,8,False,,3,0,3,False,,0,0,,22,0,,,123,faithful_area7,[],13066.042994566902,0,121.4214655759378,0.0,13,,,229.01390666666666,"[2, 3, 4, 5, 6, 7, 8, 9, 10, 11, 12, 13, 14, 16, 18]",,3,69,1.0,22,,10,,,15,ordinary,7,full_coverage_and_all_discovered_cleared,114,3435.2086,,,True,0.02877325000008568
7,0,True,0,0,0,0,0,uniform__adversarial-spatial__70,uniform__adversarial-spatial,6,,14,10,147,1.0,,,,,0.02067299999999994,10,,4,8,False,,,,,,,0,,,17,0,,,131,area_return1_7,[],11516.371920835065,0,52.39706504001099,0.0,6,,,313.8274384,"[2, 3, 5, 10, 11, 13, 15, 16, 19, 20]",,3,70,,13,,0,,,10,ordinary,7,full_coverage_and_all_discovered_cleared,118,3138.274384,,,True,0.020712625002488494
7,0,True,0,0,0,0,0,uniform__adversarial-spatial__70,uniform__adversarial-spatial,6,2,14,10,145,1.0,,,base,0,0.020893999999999746,10,,4,8,False,,,,,False,,0,0,,17,0,,,129,range_area7,[],11516.371920835065,0,52.39706504001099,0.0,6,,,312.62743839999996,"[2, 3, 5, 10, 11, 13, 15, 16, 19, 20]",,3,70,1.0,13,,0,,,10,ordinary,7,full_coverage_and_all_discovered_cleared,116,3126.274384,,,True,0.020901957992464304
7,0,True,0,0,0,0,0,uniform__adversarial-spatial__70,uniform__adversarial-spatial,6,2,14,10,145,1.0,,,base,0,0.021222999999999992,10,,4,8,False,,2,0,2,False,,0,0,,17,0,,,129,faithful_area7,[],11516.371920835065,0,52.39706504001099,0.0,6,,,312.62743839999996,"[2, 3, 5, 10, 11, 13, 15, 16, 19, 20]",,3,70,1.0,13,,0,,,10,ordinary,7,full_coverage_and_all_discovered_cleared,116,3126.274384,,,True,0.021222707990091294
10,0,True,0,0,0,0,0,uniform__adversarial-spatial__71,uniform__adversarial-spatial,11,,15,12,141,1.0,,,,,0.0268609999999998,12,,1,4,False,,,,,,,0,,,19,0,,,124,area_return1_7,[],12339.184088627455,0,130.58177591346248,0.0,11,,,272.48640141666664,"[1, 2, 4, 5, 7, 9, 10, 13, 17, 18, 19, 20]",,3,71,,23,,2,,,12,ordinary,7,full_coverage_and_all_discovered_cleared,113,3269.836817,,,True,0.02686766703845933
10,0,True,0,0,0,0,0,uniform__adversarial-spatial__71,uniform__adversarial-spatial,11,0,15,12,141,1.0,,,base,0,0.025883000000000322,12,,1,4,False,,,,,False,,0,0,,19,0,,,124,range_area7,[],12339.184088627455,0,130.58177591346248,0.0,11,,,272.48640141666664,"[1, 2, 4, 5, 7, 9, 10, 13, 17, 18, 19, 20]",,3,71,1.0,23,,2,,,12,ordinary,7,full_coverage_and_all_discovered_cleared,113,3269.836817,,,True,0.025889958022162318
10,0,True,0,0,0,0,0,uniform__adversarial-spatial__71,uniform__adversarial-spatial,11,0,15,12,141,1.0,,,base,0,0.026174999999999837,12,,1,4,False,,0,0,0,False,,0,0,,19,0,,,124,faithful_area7,[],12339.184088627455,0,130.58177591346248,0.0,11,,,272.48640141666664,"[1, 2, 4, 5, 7, 9, 10, 13, 17, 18, 19, 20]",,3,71,1.0,23,,2,,,12,ordinary,7,full_coverage_and_all_discovered_cleared,113,3269.836817,,,True,0.026191458047833294
8,0,True,0,0,0,0,0,edge__iid__67,edge__iid,6,,12,10,135,1.0,,,,,0.018526000000000042,10,,4,6,False,,,,,,,0,,,17,0,,,121,area_return1_7,[],11174.531239559894,0,41.51394882524377,0.0,6,,,301.1906249,"[4, 5, 7, 8, 9, 10, 14, 15, 18, 19]",,3,67,,7,,0,,,10,ordinary,7,full_coverage_and_all_discovered_cleared,116,3011.906249,,,True,0.018526083964388818
8,0,True,0,0,0,0,0,edge__iid__67,edge__iid,6,0,12,10,135,1.0,,,base,0,0.018724000000000185,10,,4,6,False,,,,,False,,0,0,,17,0,,,121,range_area7,[],11174.531239559894,0,41.51394882524377,0.0,6,,,301.1906249,"[4, 5, 7, 8, 9, 10, 14, 15, 18, 19]",,3,67,1.0,7,,0,,,10,ordinary,7,full_coverage_and_all_discovered_cleared,116,3011.906249,,,True,0.018748125003185123
8,0,True,0,0,0,0,0,edge__iid__67,edge__iid,6,0,12,10,135,1.0,,,base,0,0.018742000000000036,10,,4,6,False,,0,0,0,False,,0,0,,17,0,,,121,faithful_area7,[],11174.531239559894,0,41.51394882524377,0.0,6,,,301.1906249,"[4, 5, 7, 8, 9, 10, 14, 15, 18, 19]",,3,67,1.0,7,,0,,,10,ordinary,7,full_coverage_and_all_discovered_cleared,116,3011.906249,,,True,0.018741666979622096
13,0,True,0,0,0,0,0,edge__iid__68,edge__iid,9,,19,15,152,1.0,,,,,0.030224999999999724,15,,6,10,False,,,,,,,0,,,22,0,,,131,area_return1_7,[],13285.035441146365,0,108.0410260588057,0.0,9,,,234.33380586666667,"[2, 4, 5, 6, 8, 9, 11, 12, 13, 14, 15, 16, 17, 19, 20]",,3,68,,26,,0,,,15,ordinary,7,full_coverage_and_all_discovered_cleared,116,3515.007088,,,True,0.030255666002631187
13,0,True,0,0,0,0,0,edge__iid__68,edge__iid,9,0,19,15,152,1.0,,,base,0,0.030677999999999983,15,,6,10,False,,,,,False,,0,0,,22,0,,,131,range_area7,[],13285.035441146365,0,108.0410260588057,0.0,9,,,234.33380586666667,"[2, 4, 5, 6, 8, 9, 11, 12, 13, 14, 15, 16, 17, 19, 20]",,3,68,1.0,26,,0,,,15,ordinary,7,full_coverage_and_all_discovered_cleared,116,3515.007088,,,True,0.030685957986861467
13,0,True,0,0,0,0,0,edge__iid__68,edge__iid,9,0,19,15,152,1.0,,,base,0,0.03142299999999976,15,,6,10,False,,0,0,0,False,,0,0,,22,0,,,131,faithful_area7,[],13285.035441146365,0,108.0410260588057,0.0,9,,,234.33380586666667,"[2, 4, 5, 6, 8, 9, 11, 12, 13, 14, 15, 16, 17, 19, 20]",,3,68,1.0,26,,0,,,15,ordinary,7,full_coverage_and_all_discovered_cleared,116,3515.007088,,,True,0.03150362498126924
11,0,True,0,0,0,0,0,edge__iid__69,edge__iid,7,,20,15,156,1.0,,,,,0.027676000000000034,15,,8,13,False,,,,,,,0,,,22,0,,,134,area_return1_7,[],13655.812323774517,0,41.56484100888642,0.0,7,,,241.01083086666668,"[2, 3, 4, 5, 6, 7, 8, 9, 10, 11, 12, 13, 14, 16, 18]",,3,69,,19,,0,,,15,ordinary,7,full_coverage_and_all_discovered_cleared,124,3615.162463,,,True,0.02774237497942522
11,0,True,0,0,0,0,0,edge__iid__69,edge__iid,7,4,20,15,152,1.0,,,base,0,0.0273690000000002,15,,8,13,False,,,,,False,,0,0,,22,0,,,130,range_area7,[],13655.812323774517,0,41.56484100888642,0.0,7,,,239.41083086666669,"[2, 3, 4, 5, 6, 7, 8, 9, 10, 11, 12, 13, 14, 16, 18]",,3,69,1.0,19,,0,,,15,ordinary,7,full_coverage_and_all_discovered_cleared,120,3591.162463,,,True,0.027379375009331852
11,0,True,0,0,0,0,0,edge__iid__69,edge__iid,7,4,20,15,152,1.0,,,base,0,0.0276200000000002,15,,8,13,False,,4,0,4,False,,0,0,,22,0,,,130,faithful_area7,[],13655.812323774517,0,41.56484100888642,0.0,7,,,239.41083086666669,"[2, 3, 4, 5, 6, 7, 8, 9, 10, 11, 12, 13, 14, 16, 18]",,3,69,1.0,19,,0,,,15,ordinary,7,full_coverage_and_all_discovered_cleared,120,3591.162463,,,True,0.027630167023744434
7,0,True,0,0,0,0,0,edge__iid__70,edge__iid,6,,11,10,148,1.0,,,,,0.020950000000000024,10,,4,5,False,,,,,,,0,,,17,0,,,135,area_return1_7,[],11636.038809372245,0,50.22789329191808,0.0,6,,,318.52077640000005,"[2, 3, 5, 10, 11, 13, 15, 16, 19, 20]",,3,70,,15,,0,,,10,ordinary,7,full_coverage_and_all_discovered_cleared,130,3185.207764,,,True,0.02095087495399639
7,0,True,0,0,0,0,0,edge__iid__70,edge__iid,6,2,11,10,146,1.0,,,base,0,0.020830000000000126,10,,4,5,False,,,,,False,,0,0,,17,0,,,133,range_area7,[],11636.038809372245,0,50.22789329191808,0.0,6,,,317.3207764,"[2, 3, 5, 10, 11, 13, 15, 16, 19, 20]",,3,70,1.0,15,,0,,,10,ordinary,7,full_coverage_and_all_discovered_cleared,128,3173.207764,,,True,0.02084975002799183
7,0,True,0,0,0,0,0,edge__iid__70,edge__iid,6,2,11,10,146,1.0,,,base,0,0.021015999999999924,10,,4,5,False,,2,0,2,False,,0,0,,17,0,,,133,faithful_area7,[],11636.038809372245,0,50.22789329191808,0.0,6,,,317.3207764,"[2, 3, 5, 10, 11, 13, 15, 16, 19, 20]",,3,70,1.0,15,,0,,,10,ordinary,7,full_coverage_and_all_discovered_cleared,128,3173.207764,,,True,0.021040958003140986
9,0,True,0,0,0,0,0,edge__iid__71,edge__iid,5,,14,12,150,1.0,,,,,0.022558000000000078,12,,7,9,False,,,,,,,0,,,19,0,,,134,area_return1_7,[],13678.275604831477,0,20.25745229560478,0.0,5,,,299.55459333333334,"[1, 2, 4, 5, 7, 9, 10, 13, 17, 18, 19, 20]",,3,71,,12,,0,,,12,ordinary,7,full_coverage_and_all_discovered_cleared,123,3594.65512,,,True,0.022597708040848374
9,0,True,0,0,0,0,0,edge__iid__71,edge__iid,5,4,14,12,146,1.0,,,base,0,0.02205400000000024,12,,7,9,False,,,,,False,,0,0,,19,0,,,130,range_area7,[],13678.275604831477,0,20.25745229560478,0.0,5,,,297.55459333333334,"[1, 2, 4, 5, 7, 9, 10, 13, 17, 18, 19, 20]",,3,71,1.0,12,,0,,,12,ordinary,7,full_coverage_and_all_discovered_cleared,119,3570.65512,,,True,0.022078167006839067
9,0,True,0,0,0,0,0,edge__iid__71,edge__iid,5,4,14,12,146,1.0,,,base,0,0.022443999999999686,12,,7,9,False,,4,0,4,False,,0,0,,19,0,,,130,faithful_area7,[],13678.275604831477,0,20.25745229560478,0.0,5,,,297.55459333333334,"[1, 2, 4, 5, 7, 9, 10, 13, 17, 18, 19, 20]",,3,71,1.0,12,,0,,,12,ordinary,7,full_coverage_and_all_discovered_cleared,119,3570.65512,,,True,0.022457707964349538
12,0,True,0,0,0,0,0,edge__smooth__67,edge__smooth,6,,13,10,140,1.0,,,,,0.022114999999999885,10,,4,7,False,,,,,,,0,,,17,0,,,125,area_return1_7,[],11236.671745435986,0,75.25454290428803,0.0,6,,,304.8334351,"[4, 5, 7, 8, 9, 10, 14, 15, 18, 19]",,3,67,,7,,0,,,10,ordinary,7,full_coverage_and_all_discovered_cleared,117,3048.334351,,,True,0.022115042025689036
12,0,True,0,0,0,0,0,edge__smooth__67,edge__smooth,6,0,13,10,140,1.0,,,base,0,0.021684000000000037,10,,4,7,False,,,,,False,,0,0,,17,0,,,125,range_area7,[],11236.671745435986,0,75.25454290428803,0.0,6,,,304.8334351,"[4, 5, 7, 8, 9, 10, 14, 15, 18, 19]",,3,67,1.0,7,,0,,,10,ordinary,7,full_coverage_and_all_discovered_cleared,117,3048.334351,,,True,0.021692542009986937
12,0,True,0,0,0,0,0,edge__smooth__67,edge__smooth,6,0,13,10,140,1.0,,,base,0,0.021996000000000127,10,,4,7,False,,0,0,0,False,,0,0,,17,0,,,125,faithful_area7,[],11236.671745435986,0,75.25454290428803,0.0,6,,,304.8334351,"[4, 5, 7, 8, 9, 10, 14, 15, 18, 19]",,3,67,1.0,7,,0,,,10,ordinary,7,full_coverage_and_all_discovered_cleared,117,3048.334351,,,True,0.022035625006537884
10,0,True,0,0,0,0,0,edge__smooth__68,edge__smooth,9,,18,15,146,1.0,,,,,0.027410999999999852,15,,6,9,False,,,,,,,0,,,22,0,,,126,area_return1_7,[],13243.122116200717,0,83.67267065903894,0.0,9,,,231.90829473333332,"[2, 4, 5, 6, 8, 9, 11, 12, 13, 14, 15, 16, 17, 19, 20]",,3,68,,24,,0,,,15,ordinary,7,full_coverage_and_all_discovered_cleared,116,3478.624421,,,True,0.027415166958235204
10,0,True,0,0,0,0,0,edge__smooth__68,edge__smooth,9,0,18,15,146,1.0,,,base,0,0.027420999999999918,15,,6,9,False,,,,,False,,0,0,,22,0,,,126,range_area7,[],13243.122116200717,0,83.67267065903894,0.0,9,,,231.90829473333332,"[2, 4, 5, 6, 8, 9, 11, 12, 13, 14, 15, 16, 17, 19, 20]",,3,68,1.0,24,,0,,,15,ordinary,7,full_coverage_and_all_discovered_cleared,116,3478.624421,,,True,0.027438457997050136
10,0,True,0,0,0,0,0,edge__smooth__68,edge__smooth,9,0,18,15,146,1.0,,,base,0,0.027787000000000006,15,,6,9,False,,0,0,0,False,,0,0,,22,0,,,126,faithful_area7,[],13243.122116200717,0,83.67267065903894,0.0,9,,,231.90829473333332,"[2, 4, 5, 6, 8, 9, 11, 12, 13, 14, 15, 16, 17, 19, 20]",,3,68,1.0,24,,0,,,15,ordinary,7,full_coverage_and_all_discovered_cleared,116,3478.624421,,,True,0.0278010000474751
9,0,True,0,0,0,0,0,edge__smooth__69,edge__smooth,5,,18,15,150,1.0,,,,,0.02647400000000033,15,,10,13,False,,,,,,,0,,,22,0,,,130,area_return1_7,[],13590.744512562758,0,32.56938475190523,0.0,5,,,238.34326019999997,"[2, 3, 4, 5, 6, 7, 8, 9, 10, 11, 12, 13, 14, 16, 18]",,3,69,,17,,0,,,15,ordinary,7,full_coverage_and_all_discovered_cleared,123,3575.148903,,,True,0.026505540998186916
9,0,True,0,0,0,0,0,edge__smooth__69,edge__smooth,5,4,18,15,146,1.0,,,base,0,0.026164999999999772,15,,10,13,False,,,,,False,,0,0,,22,0,,,126,range_area7,[],13590.744512562758,0,32.56938475190523,0.0,5,,,236.74326019999998,"[2, 3, 4, 5, 6, 7, 8, 9, 10, 11, 12, 13, 14, 16, 18]",,3,69,1.0,17,,0,,,15,ordinary,7,full_coverage_and_all_discovered_cleared,119,3551.148903,,,True,0.026189790980424732
9,0,True,0,0,0,0,0,edge__smooth__69,edge__smooth,5,4,18,15,146,1.0,,,base,0,0.025739999999999874,15,,10,13,False,,4,0,4,False,,0,0,,22,0,,,126,faithful_area7,[],13590.744512562758,0,32.56938475190523,0.0,5,,,236.74326019999998,"[2, 3, 4, 5, 6, 7, 8, 9, 10, 11, 12, 13, 14, 16, 18]",,3,69,1.0,17,,0,,,15,ordinary,7,full_coverage_and_all_discovered_cleared,119,3551.148903,,,True,0.025768166000489146
6,0,True,0,0,0,0,0,edge__smooth__70,edge__smooth,5,,11,10,150,1.0,,,,,0.020999000000000212,10,,5,6,False,,,,,,,0,,,17,0,,,137,area_return1_7,[],11849.161986428375,0,39.51856747057941,0.0,5,,,323.9832398,"[2, 3, 5, 10, 11, 13, 15, 16, 19, 20]",,3,70,,18,,0,,,10,ordinary,7,full_coverage_and_all_discovered_cleared,132,3239.832398,,,True,0.021091000002343208
6,0,True,0,0,0,0,0,edge__smooth__70,edge__smooth,5,2,11,10,148,1.0,,,base,0,0.021209000000000255,10,,5,6,False,,,,,False,,0,0,,17,0,,,135,range_area7,[],11849.161986428375,0,39.51856747057941,0.0,5,,,322.7832398,"[2, 3, 5, 10, 11, 13, 15, 16, 19, 20]",,3,70,1.0,18,,0,,,10,ordinary,7,full_coverage_and_all_discovered_cleared,130,3227.832398,,,True,0.02122470800532028
6,0,True,0,0,0,0,0,edge__smooth__70,edge__smooth,5,2,11,10,148,1.0,,,base,0,0.020986999999999867,10,,5,6,False,,2,0,2,False,,0,0,,17,0,,,135,faithful_area7,[],11849.161986428375,0,39.51856747057941,0.0,5,,,322.7832398,"[2, 3, 5, 10, 11, 13, 15, 16, 19, 20]",,3,70,1.0,18,,0,,,10,ordinary,7,full_coverage_and_all_discovered_cleared,130,3227.832398,,,True,0.0209865840151906
9,0,True,0,0,0,0,0,edge__smooth__71,edge__smooth,4,,14,12,151,1.0,,,,,0.022946000000000133,12,,8,10,False,,,,,,,0,,,19,0,,,135,area_return1_7,[],13697.206451302716,0,25.821839266201394,0.0,4,,,300.62010741666666,"[1, 2, 4, 5, 7, 9, 10, 13, 17, 18, 19, 20]",,3,71,,13,,0,,,12,ordinary,7,full_coverage_and_all_discovered_cleared,127,3607.441289,,,True,0.02295858401339501
9,0,True,0,0,0,0,0,edge__smooth__71,edge__smooth,4,4,14,12,147,1.0,,,base,0,0.02267399999999986,12,,8,10,False,,,,,False,,0,0,,19,0,,,131,range_area7,[],13697.206451302716,0,25.821839266201394,0.0,4,,,298.62010741666666,"[1, 2, 4, 5, 7, 9, 10, 13, 17, 18, 19, 20]",,3,71,1.0,13,,0,,,12,ordinary,7,full_coverage_and_all_discovered_cleared,123,3583.441289,,,True,0.02269250003155321
9,0,True,0,0,0,0,0,edge__smooth__71,edge__smooth,4,4,14,12,147,1.0,,,base,0,0.022542999999999758,12,,8,10,False,,4,0,4,False,,0,0,,19,0,,,131,faithful_area7,[],13697.206451302716,0,25.821839266201394,0.0,4,,,298.62010741666666,"[1, 2, 4, 5, 7, 9, 10, 13, 17, 18, 19, 20]",,3,71,1.0,13,,0,,,12,ordinary,7,full_coverage_and_all_discovered_cleared,123,3583.441289,,,True,0.02257487503811717
9,0,True,0,0,0,0,0,edge__adversarial-positive__67,edge__adversarial-positive,5,,12,10,137,1.0,,,,,0.020240999999999953,10,,5,7,False,,,,,,,0,,,17,0,,,123,area_return1_7,[],11149.177243768761,0,50.88422047955052,0.0,5,,,301.68354469999997,"[4, 5, 7, 8, 9, 10, 14, 15, 18, 19]",,3,67,,8,,0,,,10,ordinary,7,full_coverage_and_all_discovered_cleared,116,3016.835447,,,True,0.02034087502397597
9,0,True,0,0,0,0,0,edge__adversarial-positive__67,edge__adversarial-positive,5,0,12,10,137,1.0,,,base,0,0.02009300000000014,10,,5,7,False,,,,,False,,0,0,,17,0,,,123,range_area7,[],11149.177243768761,0,50.88422047955052,0.0,5,,,301.68354469999997,"[4, 5, 7, 8, 9, 10, 14, 15, 18, 19]",,3,67,1.0,8,,0,,,10,ordinary,7,full_coverage_and_all_discovered_cleared,116,3016.835447,,,True,0.020123708993196487
9,0,True,0,0,0,0,0,edge__adversarial-positive__67,edge__adversarial-positive,5,0,12,10,137,1.0,,,base,0,0.020424999999999915,10,,5,7,False,,0,0,0,False,,0,0,,17,0,,,123,faithful_area7,[],11149.177243768761,0,50.88422047955052,0.0,5,,,301.68354469999997,"[4, 5, 7, 8, 9, 10, 14, 15, 18, 19]",,3,67,1.0,8,,0,,,10,ordinary,7,full_coverage_and_all_discovered_cleared,116,3016.835447,,,True,0.02042604103917256
12,0,True,0,0,0,0,0,edge__adversarial-positive__68,edge__adversarial-positive,11,,20,15,150,1.0,,,,,0.02954900000000027,15,,4,9,False,,,,,,,0,,,22,0,,,128,area_return1_7,[],13435.246098113916,0,91.93110217058208,0.0,11,,,235.669948,"[2, 4, 5, 6, 8, 9, 11, 12, 13, 14, 15, 16, 17, 19, 20]",,3,68,,24,,0,,,15,ordinary,7,full_coverage_and_all_discovered_cleared,118,3535.04922,,,True,0.029566332988906652
12,0,True,0,0,0,0,0,edge__adversarial-positive__68,edge__adversarial-positive,11,0,20,15,150,1.0,,,base,0,0.029586999999999808,15,,4,9,False,,,,,False,,0,0,,22,0,,,128,range_area7,[],13435.246098113916,0,91.93110217058208,0.0,11,,,235.669948,"[2, 4, 5, 6, 8, 9, 11, 12, 13, 14, 15, 16, 17, 19, 20]",,3,68,1.0,24,,0,,,15,ordinary,7,full_coverage_and_all_discovered_cleared,118,3535.04922,,,True,0.029596334032248706
12,0,True,0,0,0,0,0,edge__adversarial-positive__68,edge__adversarial-positive,11,0,20,15,150,1.0,,,base,0,0.02945600000000015,15,,4,9,False,,0,0,0,False,,0,0,,22,0,,,128,faithful_area7,[],13435.246098113916,0,91.93110217058208,0.0,11,,,235.669948,"[2, 4, 5, 6, 8, 9, 11, 12, 13, 14, 15, 16, 17, 19, 20]",,3,68,1.0,24,,0,,,15,ordinary,7,full_coverage_and_all_discovered_cleared,118,3535.04922,,,True,0.0294976249570027
10,0,True,0,0,0,0,0,edge__adversarial-positive__69,edge__adversarial-positive,6,,19,15,152,1.0,,,,,0.026680999999999955,15,,9,13,False,,,,,,,0,,,22,0,,,131,area_return1_7,[],13526.859918708635,0,45.52373687161892,0.0,6,,,237.89146573333335,"[2, 3, 4, 5, 6, 7, 8, 9, 10, 11, 12, 13, 14, 16, 18]",,3,69,,17,,0,,,15,ordinary,7,full_coverage_and_all_discovered_cleared,121,3568.371986,,,True,0.026742042042315006
10,0,True,0,0,0,0,0,edge__adversarial-positive__69,edge__adversarial-positive,6,4,19,15,148,1.0,,,base,0,0.026304000000000105,15,,9,13,False,,,,,False,,0,0,,22,0,,,127,range_area7,[],13526.859918708635,0,45.52373687161892,0.0,6,,,236.35813240000002,"[2, 3, 4, 5, 6, 7, 8, 9, 10, 11, 12, 13, 14, 16, 18]",,3,69,1.0,17,,0,,,15,ordinary,7,full_coverage_and_all_discovered_cleared,118,3545.371986,,,True,0.026302875019609928
10,0,True,0,0,0,0,0,edge__adversarial-positive__69,edge__adversarial-positive,6,3,19,15,149,1.0,,,base,0,0.026183000000000067,15,,9,13,False,,3,1,3,False,,0,0,,22,0,,,128,faithful_area7,[],13526.859918708635,0,45.52373687161892,0.0,6,,,236.69146573333333,"[2, 3, 4, 5, 6, 7, 8, 9, 10, 11, 12, 13, 14, 16, 18]",,3,69,1.0,17,,0,,,15,ordinary,7,full_coverage_and_all_discovered_cleared,118,3550.371986,,,True,0.0262010830338113
8,0,True,0,0,0,0,0,edge__adversarial-positive__70,edge__adversarial-positive,7,,13,10,151,1.0,,,,,0.020858000000000043,10,,3,6,False,,,,,,,0,,,17,0,,,136,area_return1_7,[],11642.347372632763,0,58.76416336357477,0.0,7,,,319.7469474,"[2, 3, 5, 10, 11, 13, 15, 16, 19, 20]",,3,70,,15,,0,,,10,ordinary,7,full_coverage_and_all_discovered_cleared,130,3197.469474,,,True,0.02087654103524983
8,0,True,0,0,0,0,0,edge__adversarial-positive__70,edge__adversarial-positive,7,2,13,10,149,1.0,,,base,0,0.021327000000000318,10,,3,6,False,,,,,False,,0,0,,17,0,,,134,range_area7,[],11642.347372632763,0,58.76416336357477,0.0,7,,,318.5469474,"[2, 3, 5, 10, 11, 13, 15, 16, 19, 20]",,3,70,1.0,15,,0,,,10,ordinary,7,full_coverage_and_all_discovered_cleared,128,3185.469474,,,True,0.02134470798773691
8,0,True,0,0,0,0,0,edge__adversarial-positive__70,edge__adversarial-positive,7,2,13,10,149,1.0,,,base,0,0.021109000000000044,10,,3,6,False,,2,0,2,False,,0,0,,17,0,,,134,faithful_area7,[],11642.347372632763,0,58.76416336357477,0.0,7,,,318.5469474,"[2, 3, 5, 10, 11, 13, 15, 16, 19, 20]",,3,70,1.0,15,,0,,,10,ordinary,7,full_coverage_and_all_discovered_cleared,128,3185.469474,,,True,0.02115012501599267
9,0,True,0,0,0,0,0,edge__adversarial-positive__71,edge__adversarial-positive,5,,14,12,150,1.0,,,,,0.023022999999999794,12,,7,9,False,,,,,,,0,,,19,0,,,134,area_return1_7,[],13778.663647673973,0,31.709248521153242,0.0,5,,,301.2277275833333,"[1, 2, 4, 5, 7, 9, 10, 13, 17, 18, 19, 20]",,3,71,,12,,0,,,12,ordinary,7,full_coverage_and_all_discovered_cleared,123,3614.732731,,,True,0.02303087495965883
9,0,True,0,0,0,0,0,edge__adversarial-positive__71,edge__adversarial-positive,5,4,14,12,146,1.0,,,base,0,0.02264899999999992,12,,7,9,False,,,,,False,,0,0,,19,0,,,130,range_area7,[],13778.663647673973,0,31.709248521153242,0.0,5,,,299.2277275833333,"[1, 2, 4, 5, 7, 9, 10, 13, 17, 18, 19, 20]",,3,71,1.0,12,,0,,,12,ordinary,7,full_coverage_and_all_discovered_cleared,119,3590.732731,,,True,0.022686957963742316
9,0,True,0,0,0,0,0,edge__adversarial-positive__71,edge__adversarial-positive,5,4,14,12,146,1.0,,,base,0,0.023107999999999684,12,,7,9,False,,4,0,4,False,,0,0,,19,0,,,130,faithful_area7,[],13778.663647673973,0,31.709248521153242,0.0,5,,,299.2277275833333,"[1, 2, 4, 5, 7, 9, 10, 13, 17, 18, 19, 20]",,3,71,1.0,12,,0,,,12,ordinary,7,full_coverage_and_all_discovered_cleared,119,3590.732731,,,True,0.023108083987608552
9,0,True,0,0,0,0,0,edge__adversarial-negative__67,edge__adversarial-negative,6,,13,10,137,1.0,,,,,0.018556999999999935,10,,4,7,False,,,,,,,0,,,17,0,,,122,area_return1_7,[],11153.751366538329,0,41.29061697902285,0.0,6,,,301.5750272,"[4, 5, 7, 8, 9, 10, 14, 15, 18, 19]",,3,67,,7,,0,,,10,ordinary,7,full_coverage_and_all_discovered_cleared,116,3015.750272,,,True,0.018566499988082796
9,0,True,0,0,0,0,0,edge__adversarial-negative__67,edge__adversarial-negative,6,0,13,10,137,1.0,,,base,0,0.018756999999999913,10,,4,7,False,,,,,False,,0,0,,17,0,,,122,range_area7,[],11153.751366538329,0,41.29061697902285,0.0,6,,,301.5750272,"[4, 5, 7, 8, 9, 10, 14, 15, 18, 19]",,3,67,1.0,7,,0,,,10,ordinary,7,full_coverage_and_all_discovered_cleared,116,3015.750272,,,True,0.018756499979645014
9,0,True,0,0,0,0,0,edge__adversarial-negative__67,edge__adversarial-negative,6,0,13,10,137,1.0,,,base,0,0.019093999999999944,10,,4,7,False,,0,0,0,False,,0,0,,17,0,,,122,faithful_area7,[],11153.751366538329,0,41.29061697902285,0.0,6,,,301.5750272,"[4, 5, 7, 8, 9, 10, 14, 15, 18, 19]",,3,67,1.0,7,,0,,,10,ordinary,7,full_coverage_and_all_discovered_cleared,116,3015.750272,,,True,0.01910166599554941
11,0,True,0,0,0,0,0,edge__adversarial-negative__68,edge__adversarial-negative,11,,19,15,148,1.0,,,,,0.028747000000000078,15,,4,8,False,,,,,,,0,,,22,0,,,127,area_return1_7,[],13233.541482878943,0,83.74762854856871,0.0,11,,,232.31388626666666,"[2, 4, 5, 6, 8, 9, 11, 12, 13, 14, 15, 16, 17, 19, 20]",,3,68,,24,,0,,,15,ordinary,7,full_coverage_and_all_discovered_cleared,116,3484.708294,,,True,0.028834583004936576
11,0,True,0,0,0,0,0,edge__adversarial-negative__68,edge__adversarial-negative,11,0,19,15,148,1.0,,,base,0,0.028588000000000058,15,,4,8,False,,,,,False,,0,0,,22,0,,,127,range_area7,[],13233.541482878943,0,83.74762854856871,0.0,11,,,232.31388626666666,"[2, 4, 5, 6, 8, 9, 11, 12, 13, 14, 15, 16, 17, 19, 20]",,3,68,1.0,24,,0,,,15,ordinary,7,full_coverage_and_all_discovered_cleared,116,3484.708294,,,True,0.028628625033888966
11,0,True,0,0,0,0,0,edge__adversarial-negative__68,edge__adversarial-negative,11,0,19,15,148,1.0,,,base,0,0.028585000000000083,15,,4,8,False,,0,0,0,False,,0,0,,22,0,,,127,faithful_area7,[],13233.541482878943,0,83.74762854856871,0.0,11,,,232.31388626666666,"[2, 4, 5, 6, 8, 9, 11, 12, 13, 14, 15, 16, 17, 19, 20]",,3,68,1.0,24,,0,,,15,ordinary,7,full_coverage_and_all_discovered_cleared,116,3484.708294,,,True,0.028598083008546382
11,0,True,0,0,0,0,0,edge__adversarial-negative__69,edge__adversarial-negative,7,,20,15,154,1.0,,,,,0.026861000000000246,15,,8,13,False,,,,,,,0,,,22,0,,,132,area_return1_7,[],13704.786390341538,0,48.53016233909174,0.0,7,,,240.9304852,"[2, 3, 4, 5, 6, 7, 8, 9, 10, 11, 12, 13, 14, 16, 18]",,3,69,,17,,0,,,15,ordinary,7,full_coverage_and_all_discovered_cleared,123,3613.957278,,,True,0.026863290986511856
11,0,True,0,0,0,0,0,edge__adversarial-negative__69,edge__adversarial-negative,7,4,20,15,150,1.0,,,base,0,0.027050999999999714,15,,8,13,False,,,,,False,,0,0,,22,0,,,128,range_area7,[],13704.786390341538,0,48.53016233909174,0.0,7,,,239.3304852,"[2, 3, 4, 5, 6, 7, 8, 9, 10, 11, 12, 13, 14, 16, 18]",,3,69,1.0,17,,0,,,15,ordinary,7,full_coverage_and_all_discovered_cleared,119,3589.957278,,,True,0.027076666010543704
11,0,True,0,0,0,0,0,edge__adversarial-negative__69,edge__adversarial-negative,7,4,20,15,150,1.0,,,base,0,0.02723000000000031,15,,8,13,False,,4,0,4,False,,0,0,,22,0,,,128,faithful_area7,[],13704.786390341538,0,48.53016233909174,0.0,7,,,239.3304852,"[2, 3, 4, 5, 6, 7, 8, 9, 10, 11, 12, 13, 14, 16, 18]",,3,69,1.0,17,,0,,,15,ordinary,7,full_coverage_and_all_discovered_cleared,119,3589.957278,,,True,0.02727195800980553
8,0,True,0,0,0,0,0,edge__adversarial-negative__70,edge__adversarial-negative,8,,13,10,153,1.0,,,,,0.022197000000000244,10,,2,5,False,,,,,,,0,,,17,0,,,138,area_return1_7,[],11712.480616381945,0,60.10169857384291,0.0,8,,,322.34961239999996,"[2, 3, 5, 10, 11, 13, 15, 16, 19, 20]",,3,70,,17,,0,,,10,ordinary,7,full_coverage_and_all_discovered_cleared,132,3223.496124,,,True,0.0222103749983944
8,0,True,0,0,0,0,0,edge__adversarial-negative__70,edge__adversarial-negative,8,2,13,10,151,1.0,,,base,0,0.022116000000000025,10,,2,5,False,,,,,False,,0,0,,17,0,,,136,range_area7,[],11712.480616381945,0,60.10169857384291,0.0,8,,,321.14961239999997,"[2, 3, 5, 10, 11, 13, 15, 16, 19, 20]",,3,70,1.0,17,,0,,,10,ordinary,7,full_coverage_and_all_discovered_cleared,130,3211.496124,,,True,0.022124625043943524
8,0,True,0,0,0,0,0,edge__adversarial-negative__70,edge__adversarial-negative,8,2,13,10,151,1.0,,,base,0,0.021399000000000168,10,,2,5,False,,2,0,2,False,,0,0,,17,0,,,136,faithful_area7,[],11712.480616381945,0,60.10169857384291,0.0,8,,,321.14961239999997,"[2, 3, 5, 10, 11, 13, 15, 16, 19, 20]",,3,70,1.0,17,,0,,,10,ordinary,7,full_coverage_and_all_discovered_cleared,130,3211.496124,,,True,0.02140891697490588
8,0,True,0,0,0,0,0,edge__adversarial-negative__71,edge__adversarial-negative,5,,13,12,149,1.0,,,,,0.022076000000000207,12,,7,8,False,,,,,,,0,,,19,0,,,134,area_return1_7,[],13685.193985924432,0,26.823041520633982,0.0,5,,,299.5865664166667,"[1, 2, 4, 5, 7, 9, 10, 13, 17, 18, 19, 20]",,3,71,,13,,0,,,12,ordinary,7,full_coverage_and_all_discovered_cleared,125,3595.038797,,,True,0.022088165977038443
8,0,True,0,0,0,0,0,edge__adversarial-negative__71,edge__adversarial-negative,5,4,13,12,145,1.0,,,base,0,0.022095999999999894,12,,7,8,False,,,,,False,,0,0,,19,0,,,130,range_area7,[],13685.193985924432,0,26.823041520633982,0.0,5,,,297.5865664166667,"[1, 2, 4, 5, 7, 9, 10, 13, 17, 18, 19, 20]",,3,71,1.0,13,,0,,,12,ordinary,7,full_coverage_and_all_discovered_cleared,121,3571.038797,,,True,0.022095458989497274
8,0,True,0,0,0,0,0,edge__adversarial-negative__71,edge__adversarial-negative,5,4,13,12,145,1.0,,,base,0,0.02210399999999968,12,,7,8,False,,4,0,4,False,,0,0,,19,0,,,130,faithful_area7,[],13685.193985924432,0,26.823041520633982,0.0,5,,,297.5865664166667,"[1, 2, 4, 5, 7, 9, 10, 13, 17, 18, 19, 20]",,3,71,1.0,13,,0,,,12,ordinary,7,full_coverage_and_all_discovered_cleared,121,3571.038797,,,True,0.02211891603656113
10,0,True,0,0,0,0,0,edge__adversarial-spatial__67,edge__adversarial-spatial,8,,14,10,139,1.0,,,,,0.01959299999999997,10,,2,6,False,,,,,,,0,,,17,0,,,123,area_return1_7,[],11204.353673731575,0,84.51558130227016,0.0,8,,,303.1870731,"[4, 5, 7, 8, 9, 10, 14, 15, 18, 19]",,3,67,,7,,0,,,10,ordinary,7,full_coverage_and_all_discovered_cleared,114,3031.870731,,,True,0.019625374989118427
10,0,True,0,0,0,0,0,edge__adversarial-spatial__67,edge__adversarial-spatial,8,0,14,10,139,1.0,,,base,0,0.019835000000000047,10,,2,6,False,,,,,False,,0,0,,17,0,,,123,range_area7,[],11204.353673731575,0,84.51558130227016,0.0,8,,,303.1870731,"[4, 5, 7, 8, 9, 10, 14, 15, 18, 19]",,3,67,1.0,7,,0,,,10,ordinary,7,full_coverage_and_all_discovered_cleared,114,3031.870731,,,True,0.019834832986816764
10,0,True,0,0,0,0,0,edge__adversarial-spatial__67,edge__adversarial-spatial,8,0,14,10,139,1.0,,,base,0,0.02017200000000008,10,,2,6,False,,0,0,0,False,,0,0,,17,0,,,123,faithful_area7,[],11204.353673731575,0,84.51558130227016,0.0,8,,,303.1870731,"[4, 5, 7, 8, 9, 10, 14, 15, 18, 19]",,3,67,1.0,7,,0,,,10,ordinary,7,full_coverage_and_all_discovered_cleared,114,3031.870731,,,True,0.020234125026036054
13,0,True,0,0,0,0,0,edge__adversarial-spatial__68,edge__adversarial-spatial,15,,19,15,150,1.0,,,,,0.029596000000000178,15,,0,4,False,,,,,,,0,,,22,0,,,129,area_return1_7,[],13186.796199108052,0,182.82009033411185,0.0,15,,,232.55728253333334,"[2, 4, 5, 6, 8, 9, 11, 12, 13, 14, 15, 16, 17, 19, 20]",,3,68,,24,,0,,,15,ordinary,7,full_coverage_and_all_discovered_cleared,119,3488.359238,,,True,0.029617708001751453
13,0,True,0,0,0,0,0,edge__adversarial-spatial__68,edge__adversarial-spatial,15,0,19,15,150,1.0,,,base,0,0.029485000000000205,15,,0,4,False,,,,,False,,0,0,,22,0,,,129,range_area7,[],13186.796199108052,0,182.82009033411185,0.0,15,,,232.55728253333334,"[2, 4, 5, 6, 8, 9, 11, 12, 13, 14, 15, 16, 17, 19, 20]",,3,68,1.0,24,,0,,,15,ordinary,7,full_coverage_and_all_discovered_cleared,119,3488.359238,,,True,0.029491332999896258
13,0,True,0,0,0,0,0,edge__adversarial-spatial__68,edge__adversarial-spatial,15,0,19,15,150,1.0,,,base,0,0.028908000000000378,15,,0,4,False,,0,0,0,False,,0,0,,22,0,,,129,faithful_area7,[],13186.796199108052,0,182.82009033411185,0.0,15,,,232.55728253333334,"[2, 4, 5, 6, 8, 9, 11, 12, 13, 14, 15, 16, 17, 19, 20]",,3,68,1.0,24,,0,,,15,ordinary,7,full_coverage_and_all_discovered_cleared,119,3488.359238,,,True,0.028944624995347112
17,0,True,0,0,0,0,0,edge__adversarial-spatial__69,edge__adversarial-spatial,12,,24,15,165,1.0,,,,,0.03063400000000005,15,,3,12,False,,,,,,,0,,,22,0,,,139,area_return1_7,[],13660.353845111722,0,92.10117304835644,0.0,12,,,243.73805113333336,"[2, 3, 4, 5, 6, 7, 8, 9, 10, 11, 12, 13, 14, 16, 18]",,3,69,,18,,0,,,15,ordinary,7,full_coverage_and_all_discovered_cleared,127,3656.070767,,,True,0.03063262498471886
17,0,True,0,0,0,0,0,edge__adversarial-spatial__69,edge__adversarial-spatial,12,4,24,15,161,1.0,,,base,0,0.030923000000000034,15,,3,12,False,,,,,False,,0,0,,22,0,,,135,range_area7,[],13660.353845111722,0,92.10117304835644,0.0,12,,,242.13805113333333,"[2, 3, 4, 5, 6, 7, 8, 9, 10, 11, 12, 13, 14, 16, 18]",,3,69,1.0,18,,0,,,15,ordinary,7,full_coverage_and_all_discovered_cleared,123,3632.070767,,,True,0.030975042027421296
17,0,True,0,0,0,0,0,edge__adversarial-spatial__69,edge__adversarial-spatial,12,4,24,15,161,1.0,,,base,0,0.0315430000000001,15,,3,12,False,,4,0,4,False,,0,0,,22,0,,,135,faithful_area7,[],13660.353845111722,0,92.10117304835644,0.0,12,,,242.13805113333333,"[2, 3, 4, 5, 6, 7, 8, 9, 10, 11, 12, 13, 14, 16, 18]",,3,69,1.0,18,,0,,,15,ordinary,7,full_coverage_and_all_discovered_cleared,123,3632.070767,,,True,0.03156675002537668
9,0,True,0,0,0,0,0,edge__adversarial-spatial__70,edge__adversarial-spatial,9,,13,10,150,1.0,,,,,0.020837000000000216,10,,1,4,False,,,,,,,0,,,17,0,,,135,area_return1_7,[],11838.924751738736,0,109.42988004600451,0.0,9,,,323.2784951,"[2, 3, 5, 10, 11, 13, 15, 16, 19, 20]",,3,70,,13,,0,,,10,ordinary,7,full_coverage_and_all_discovered_cleared,131,3232.784951,,,True,0.020847292034886777
9,0,True,0,0,0,0,0,edge__adversarial-spatial__70,edge__adversarial-spatial,9,2,13,10,148,1.0,,,base,0,0.021179999999999755,10,,1,4,False,,,,,False,,0,0,,17,0,,,133,range_area7,[],11838.924751738736,0,109.42988004600451,0.0,9,,,322.0784951,"[2, 3, 5, 10, 11, 13, 15, 16, 19, 20]",,3,70,1.0,13,,0,,,10,ordinary,7,full_coverage_and_all_discovered_cleared,129,3220.784951,,,True,0.021199207985773683
9,0,True,0,0,0,0,0,edge__adversarial-spatial__70,edge__adversarial-spatial,9,2,13,10,148,1.0,,,base,0,0.021502999999999606,10,,1,4,False,,2,0,2,False,,0,0,,17,0,,,133,faithful_area7,[],11838.924751738736,0,109.42988004600451,0.0,9,,,322.0784951,"[2, 3, 5, 10, 11, 13, 15, 16, 19, 20]",,3,70,1.0,13,,0,,,10,ordinary,7,full_coverage_and_all_discovered_cleared,129,3220.784951,,,True,0.021538125001825392
14,0,True,0,0,0,0,0,edge__adversarial-spatial__71,edge__adversarial-spatial,10,,19,12,161,1.0,,,,,0.025866999999999862,12,,2,9,False,,,,,,,0,,,19,0,,,140,area_return1_7,[],13737.209166790602,0,72.3712751631047,0.0,10,,,304.7868194166667,"[1, 2, 4, 5, 7, 9, 10, 13, 17, 18, 19, 20]",,3,71,,13,,0,,,12,ordinary,7,full_coverage_and_all_discovered_cleared,129,3657.441833,,,True,0.025877625041175634
14,0,True,0,0,0,0,0,edge__adversarial-spatial__71,edge__adversarial-spatial,10,4,19,12,157,1.0,,,base,0,0.02581199999999928,12,,2,9,False,,,,,False,,0,0,,19,0,,,136,range_area7,[],13737.209166790602,0,72.3712751631047,0.0,10,,,302.7868194166667,"[1, 2, 4, 5, 7, 9, 10, 13, 17, 18, 19, 20]",,3,71,1.0,13,,0,,,12,ordinary,7,full_coverage_and_all_discovered_cleared,125,3633.441833,,,True,0.02585320803336799
14,0,True,0,0,0,0,0,edge__adversarial-spatial__71,edge__adversarial-spatial,10,4,19,12,157,1.0,,,base,0,0.02598199999999995,12,,2,9,False,,4,0,4,False,,0,0,,19,0,,,136,faithful_area7,[],13737.209166790602,0,72.3712751631047,0.0,10,,,302.7868194166667,"[1, 2, 4, 5, 7, 9, 10, 13, 17, 18, 19, 20]",,3,71,1.0,13,,0,,,12,ordinary,7,full_coverage_and_all_discovered_cleared,125,3633.441833,,,True,0.02600574999814853
5,0,True,0,0,0,0,0,clustered__iid__67,clustered__iid,5,,12,10,126,1.0,,,,,0.017906000000000866,10,,5,7,False,,,,,,,0,,,17,0,,,112,area_return1_7,[],10085.448800565828,0,51.875527911883026,0.0,5,,,273.808976,"[4, 5, 7, 8, 9, 10, 14, 15, 18, 19]",,3,67,,12,,0,,,10,ordinary,7,full_coverage_and_all_discovered_cleared,105,2738.08976,,,True,0.017905416956637055
5,0,True,0,0,0,0,0,clustered__iid__67,clustered__iid,5,0,12,10,126,1.0,,,base,0,0.017519000000000062,10,,5,7,False,,,,,False,,0,0,,17,0,,,112,range_area7,[],10085.448800565828,0,51.875527911883026,0.0,5,,,273.808976,"[4, 5, 7, 8, 9, 10, 14, 15, 18, 19]",,3,67,1.0,12,,0,,,10,ordinary,7,full_coverage_and_all_discovered_cleared,105,2738.08976,,,True,0.017552000004798174
5,0,True,0,0,0,0,0,clustered__iid__67,clustered__iid,5,0,12,10,126,1.0,,,base,0,0.017558999999999436,10,,5,7,False,,0,0,0,False,,0,0,,17,0,,,112,faithful_area7,[],10085.448800565828,0,51.875527911883026,0.0,5,,,273.808976,"[4, 5, 7, 8, 9, 10, 14, 15, 18, 19]",,3,67,1.0,12,,0,,,10,ordinary,7,full_coverage_and_all_discovered_cleared,105,2738.08976,,,True,0.01755866705207154
3,0,True,0,0,0,0,0,clustered__iid__68,clustered__iid,10,,15,15,117,1.0,,,,,0.02411999999999992,15,,5,5,False,,,,,,,0,,,22,0,,,100,area_return1_7,[],11273.71771926713,0,62.13388310669677,0.0,10,,,194.78290286666666,"[2, 4, 5, 6, 8, 9, 11, 12, 13, 14, 15, 16, 17, 19, 20]",,3,68,,23,,5,,,15,ordinary,7,full_coverage_and_all_discovered_cleared,92,2921.743543,,,True,0.024160166969522834
3,0,True,0,0,0,0,0,clustered__iid__68,clustered__iid,10,1,15,15,116,1.0,,,base,0,0.024392999999999887,15,,5,5,False,,,,,False,,0,0,,22,0,,,99,range_area7,[],11273.71771926713,0,62.13388310669677,0.0,10,,,194.38290286666668,"[2, 4, 5, 6, 8, 9, 11, 12, 13, 14, 15, 16, 17, 19, 20]",,3,68,1.0,23,,5,,,15,ordinary,7,full_coverage_and_all_discovered_cleared,91,2915.743543,,,True,0.024449583026580513
3,0,True,0,0,0,0,0,clustered__iid__68,clustered__iid,10,1,15,15,116,1.0,,,base,0,0.024675000000000225,15,,5,5,False,,1,0,1,False,,0,0,,22,0,,,99,faithful_area7,[],11273.71771926713,0,62.13388310669677,0.0,10,,,194.38290286666668,"[2, 4, 5, 6, 8, 9, 11, 12, 13, 14, 15, 16, 17, 19, 20]",,3,68,1.0,23,,5,,,15,ordinary,7,full_coverage_and_all_discovered_cleared,91,2915.743543,,,True,0.02467587502906099
1,0,True,0,0,0,0,0,clustered__iid__69,clustered__iid,2,,15,15,143,1.0,,,,,0.02443300000000015,15,,13,13,False,,,,,,,0,,,22,0,,,126,area_return1_7,[],8572.772923950084,0,17.43991157328321,0.0,2,,,169.23697226666667,"[2, 3, 4, 5, 6, 7, 8, 9, 10, 11, 12, 13, 14, 16, 18]",,3,69,,10,,0,,,15,ordinary,7,full_coverage_and_all_discovered_cleared,119,2538.554584,,,True,0.02444195799762383
1,0,True,0,0,0,0,0,clustered__iid__69,clustered__iid,2,0,15,15,143,1.0,,,base,0,0.024682999999999566,15,,13,13,False,,,,,False,,0,0,,22,0,,,126,range_area7,[],8572.772923950084,0,17.43991157328321,0.0,2,,,169.23697226666667,"[2, 3, 4, 5, 6, 7, 8, 9, 10, 11, 12, 13, 14, 16, 18]",,3,69,1.0,10,,0,,,15,ordinary,7,full_coverage_and_all_discovered_cleared,119,2538.554584,,,True,0.024704832991119474
1,0,True,0,0,0,0,0,clustered__iid__69,clustered__iid,2,0,15,15,143,1.0,,,base,0,0.02477000000000018,15,,13,13,False,,0,0,0,False,,0,0,,22,0,,,126,faithful_area7,[],8572.772923950084,0,17.43991157328321,0.0,2,,,169.23697226666667,"[2, 3, 4, 5, 6, 7, 8, 9, 10, 11, 12, 13, 14, 16, 18]",,3,69,1.0,10,,0,,,15,ordinary,7,full_coverage_and_all_discovered_cleared,119,2538.554584,,,True,0.0247807499836199
4,0,True,0,0,0,0,0,clustered__iid__70,clustered__iid,9,,11,10,125,1.0,,,,,0.020152000000000392,10,,1,2,False,,,,,,,0,,,17,0,,,112,area_return1_7,[],9215.975943205447,0,69.24930221077521,0.0,9,,,256.3195188,"[2, 3, 5, 10, 11, 13, 15, 16, 19, 20]",,3,70,,14,,3,,,10,ordinary,7,full_coverage_and_all_discovered_cleared,107,2563.195188,,,True,0.020172082993667573
4,0,True,0,0,0,0,0,clustered__iid__70,clustered__iid,9,0,11,10,125,1.0,,,base,0,0.020013999999999754,10,,1,2,False,,,,,False,,0,0,,17,0,,,112,range_area7,[],9215.975943205447,0,69.24930221077521,0.0,9,,,256.3195188,"[2, 3, 5, 10, 11, 13, 15, 16, 19, 20]",,3,70,1.0,14,,3,,,10,ordinary,7,full_coverage_and_all_discovered_cleared,107,2563.195188,,,True,0.02003762498497963
4,0,True,0,0,0,0,0,clustered__iid__70,clustered__iid,9,0,11,10,125,1.0,,,base,0,0.020050999999999597,10,,1,2,False,,0,0,0,False,,0,0,,17,0,,,112,faithful_area7,[],9215.975943205447,0,69.24930221077521,0.0,9,,,256.3195188,"[2, 3, 5, 10, 11, 13, 15, 16, 19, 20]",,3,70,1.0,14,,3,,,10,ordinary,7,full_coverage_and_all_discovered_cleared,107,2563.195188,,,True,0.02008020895300433
3,0,True,0,0,0,0,0,clustered__iid__71,clustered__iid,6,,13,12,116,1.0,,,,,0.01668099999999928,12,,6,7,False,,,,,,,0,,,19,0,,,101,area_return1_7,[],8684.27447811701,0,61.634818427428954,0.0,6,,,199.65457466666666,"[1, 2, 4, 5, 7, 9, 10, 13, 17, 18, 19, 20]",,3,71,,10,,0,,,12,ordinary,7,full_coverage_and_all_discovered_cleared,91,2395.854896,,,True,0.01669050002237782
3,0,True,0,0,0,0,0,clustered__iid__71,clustered__iid,6,0,13,12,116,1.0,,,base,0,0.01688900000000082,12,,6,7,False,,,,,False,,0,0,,19,0,,,101,range_area7,[],8684.27447811701,0,61.634818427428954,0.0,6,,,199.65457466666666,"[1, 2, 4, 5, 7, 9, 10, 13, 17, 18, 19, 20]",,3,71,1.0,10,,0,,,12,ordinary,7,full_coverage_and_all_discovered_cleared,91,2395.854896,,,True,0.016888167010620236
3,0,True,0,0,0,0,0,clustered__iid__71,clustered__iid,6,0,13,12,116,1.0,,,base,0,0.01672299999999982,12,,6,7,False,,0,0,0,False,,0,0,,19,0,,,101,faithful_area7,[],8684.27447811701,0,61.634818427428954,0.0,6,,,199.65457466666666,"[1, 2, 4, 5, 7, 9, 10, 13, 17, 18, 19, 20]",,3,71,1.0,10,,0,,,12,ordinary,7,full_coverage_and_all_discovered_cleared,91,2395.854896,,,True,0.01673962501809001
4,0,True,0,0,0,0,0,clustered__smooth__67,clustered__smooth,5,,12,10,125,1.0,,,,,0.016930000000000334,10,,5,7,False,,,,,,,0,,,17,0,,,111,area_return1_7,[],10146.66535712893,0,34.50042628383702,0.0,5,,,274.333307,"[4, 5, 7, 8, 9, 10, 14, 15, 18, 19]",,3,67,,12,,0,,,10,ordinary,7,full_coverage_and_all_discovered_cleared,103,2743.33307,,,True,0.016929208009969443
4,0,True,0,0,0,0,0,clustered__smooth__67,clustered__smooth,5,0,12,10,125,1.0,,,base,0,0.016754999999999853,10,,5,7,False,,,,,False,,0,0,,17,0,,,111,range_area7,[],10146.66535712893,0,34.50042628383702,0.0,5,,,274.333307,"[4, 5, 7, 8, 9, 10, 14, 15, 18, 19]",,3,67,1.0,12,,0,,,10,ordinary,7,full_coverage_and_all_discovered_cleared,103,2743.33307,,,True,0.016779041034169495
4,0,True,0,0,0,0,0,clustered__smooth__67,clustered__smooth,5,0,12,10,125,1.0,,,base,0,0.016757000000000133,10,,5,7,False,,0,0,0,False,,0,0,,17,0,,,111,faithful_area7,[],10146.66535712893,0,34.50042628383702,0.0,5,,,274.333307,"[4, 5, 7, 8, 9, 10, 14, 15, 18, 19]",,3,67,1.0,12,,0,,,10,ordinary,7,full_coverage_and_all_discovered_cleared,103,2743.33307,,,True,0.01679325004806742
4,0,True,0,0,0,0,0,clustered__smooth__68,clustered__smooth,10,,17,15,116,1.0,,,,,0.025005000000000166,15,,5,7,False,,,,,,,0,,,22,0,,,97,area_return1_7,[],9340.849598052446,0,71.65913950414256,0.0,10,,,168.27799473333334,"[2, 4, 5, 6, 8, 9, 11, 12, 13, 14, 15, 16, 17, 19, 20]",,3,68,,27,,2,,,15,ordinary,7,full_coverage_and_all_discovered_cleared,90,2524.169921,,,True,0.02501795900752768
4,0,True,0,0,0,0,0,clustered__smooth__68,clustered__smooth,10,1,17,15,115,1.0,,,base,0,0.025148999999999866,15,,5,7,False,,,,,False,,0,0,,22,0,,,96,range_area7,[],9340.849598052446,0,71.65913950414256,0.0,10,,,167.87799473333334,"[2, 4, 5, 6, 8, 9, 11, 12, 13, 14, 15, 16, 17, 19, 20]",,3,68,1.0,27,,2,,,15,ordinary,7,full_coverage_and_all_discovered_cleared,89,2518.169921,,,True,0.025175208982545882
4,0,True,0,0,0,0,0,clustered__smooth__68,clustered__smooth,10,1,17,15,115,1.0,,,base,0,0.02520200000000017,15,,5,7,False,,1,0,1,False,,0,0,,22,0,,,96,faithful_area7,[],9340.849598052446,0,71.65913950414256,0.0,10,,,167.87799473333334,"[2, 4, 5, 6, 8, 9, 11, 12, 13, 14, 15, 16, 17, 19, 20]",,3,68,1.0,27,,2,,,15,ordinary,7,full_coverage_and_all_discovered_cleared,89,2518.169921,,,True,0.025218875030986965
4,0,True,0,0,0,0,0,clustered__smooth__69,clustered__smooth,7,,19,15,167,1.0,,,,,0.030734999999999957,15,,8,12,False,,,,,,,0,,,22,0,,,146,area_return1_7,[],8382.723416678291,0,52.93634295579471,0.0,7,,,175.50297886666667,"[2, 3, 4, 5, 6, 7, 8, 9, 10, 11, 12, 13, 14, 16, 18]",,3,69,,22,,0,,,15,ordinary,7,full_coverage_and_all_discovered_cleared,139,2632.544683,,,True,0.03075408301083371
4,0,True,0,0,0,0,0,clustered__smooth__69,clustered__smooth,7,0,19,15,167,1.0,,,base,0,0.031352000000000046,15,,8,12,False,,,,,False,,0,0,,22,0,,,146,range_area7,[],8382.723416678291,0,52.93634295579471,0.0,7,,,175.50297886666667,"[2, 3, 4, 5, 6, 7, 8, 9, 10, 11, 12, 13, 14, 16, 18]",,3,69,1.0,22,,0,,,15,ordinary,7,full_coverage_and_all_discovered_cleared,139,2632.544683,,,True,0.03141233301721513
4,0,True,0,0,0,0,0,clustered__smooth__69,clustered__smooth,7,0,19,15,167,1.0,,,base,0,0.03215400000000024,15,,8,12,False,,0,0,0,False,,0,0,,22,0,,,146,faithful_area7,[],8382.723416678291,0,52.93634295579471,0.0,7,,,175.50297886666667,"[2, 3, 4, 5, 6, 7, 8, 9, 10, 11, 12, 13, 14, 16, 18]",,3,69,1.0,22,,0,,,15,ordinary,7,full_coverage_and_all_discovered_cleared,139,2632.544683,,,True,0.03216304100351408
4,0,True,0,0,0,0,0,clustered__smooth__70,clustered__smooth,8,,12,10,125,1.0,,,,,0.018793999999999755,10,,2,4,False,,,,,,,0,,,17,0,,,111,area_return1_7,[],9236.450267120634,0,60.781228736919395,0.0,8,,,256.3290053,"[2, 3, 5, 10, 11, 13, 15, 16, 19, 20]",,3,70,,12,,2,,,10,ordinary,7,full_coverage_and_all_discovered_cleared,105,2563.290053,,,True,0.018816832976881415
4,0,True,0,0,0,0,0,clustered__smooth__70,clustered__smooth,8,0,12,10,125,1.0,,,base,0,0.019078000000000372,10,,2,4,False,,,,,False,,0,0,,17,0,,,111,range_area7,[],9236.450267120634,0,60.781228736919395,0.0,8,,,256.3290053,"[2, 3, 5, 10, 11, 13, 15, 16, 19, 20]",,3,70,1.0,12,,2,,,10,ordinary,7,full_coverage_and_all_discovered_cleared,105,2563.290053,,,True,0.019080708036199212
4,0,True,0,0,0,0,0,clustered__smooth__70,clustered__smooth,8,0,12,10,125,1.0,,,base,0,0.01904099999999964,10,,2,4,False,,0,0,0,False,,0,0,,17,0,,,111,faithful_area7,[],9236.450267120634,0,60.781228736919395,0.0,8,,,256.3290053,"[2, 3, 5, 10, 11, 13, 15, 16, 19, 20]",,3,70,1.0,12,,2,,,10,ordinary,7,full_coverage_and_all_discovered_cleared,105,2563.290053,,,True,0.019040542014408857
7,0,True,0,0,0,0,0,clustered__smooth__71,clustered__smooth,5,,13,12,132,1.0,,,,,0.023417000000000243,12,,7,8,False,,,,,,,0,,,19,0,,,117,area_return1_7,[],11267.075659553358,0,23.51569284109836,0.0,5,,,251.03459433333333,"[1, 2, 4, 5, 7, 9, 10, 13, 17, 18, 19, 20]",,3,71,,13,,1,,,12,ordinary,7,full_coverage_and_all_discovered_cleared,111,3012.415132,,,True,0.023444124963134527
7,0,True,0,0,0,0,0,clustered__smooth__71,clustered__smooth,5,2,13,12,130,1.0,,,base,0,0.023291999999999646,12,,7,8,False,,,,,False,,0,0,,19,0,,,115,range_area7,[],11267.075659553358,0,23.51569284109836,0.0,5,,,250.03459433333333,"[1, 2, 4, 5, 7, 9, 10, 13, 17, 18, 19, 20]",,3,71,1.0,13,,1,,,12,ordinary,7,full_coverage_and_all_discovered_cleared,109,3000.415132,,,True,0.023311625001952052
7,0,True,0,0,0,0,0,clustered__smooth__71,clustered__smooth,5,1,13,12,131,1.0,,,base,0,0.02323900000000023,12,,7,8,False,,1,1,1,False,,0,0,,19,0,,,116,faithful_area7,[],11267.075659553358,0,23.51569284109836,0.0,5,,,250.61792766666667,"[1, 2, 4, 5, 7, 9, 10, 13, 17, 18, 19, 20]",,3,71,1.0,13,,1,,,12,ordinary,7,full_coverage_and_all_discovered_cleared,111,3007.415132,,,True,0.02325191698037088
3,0,True,0,0,0,0,0,clustered__adversarial-positive__67,clustered__adversarial-positive,7,,11,10,120,1.0,,,,,0.014993000000000478,10,,3,4,False,,,,,,,0,,,17,0,,,107,area_return1_7,[],9912.119729321521,0,62.98648557438853,0.0,7,,,267.1423946,"[4, 5, 7, 8, 9, 10, 14, 15, 18, 19]",,3,67,,9,,0,,,10,ordinary,7,full_coverage_and_all_discovered_cleared,101,2671.423946,,,True,0.014996957965195179
3,0,True,0,0,0,0,0,clustered__adversarial-positive__67,clustered__adversarial-positive,7,0,11,10,120,1.0,,,base,0,0.015178999999999832,10,,3,4,False,,,,,False,,0,0,,17,0,,,107,range_area7,[],9912.119729321521,0,62.98648557438853,0.0,7,,,267.1423946,"[4, 5, 7, 8, 9, 10, 14, 15, 18, 19]",,3,67,1.0,9,,0,,,10,ordinary,7,full_coverage_and_all_discovered_cleared,101,2671.423946,,,True,0.015211416990496218
3,0,True,0,0,0,0,0,clustered__adversarial-positive__67,clustered__adversarial-positive,7,0,11,10,120,1.0,,,base,0,0.015029999999999433,10,,3,4,False,,0,0,0,False,,0,0,,17,0,,,107,faithful_area7,[],9912.119729321521,0,62.98648557438853,0.0,7,,,267.1423946,"[4, 5, 7, 8, 9, 10, 14, 15, 18, 19]",,3,67,1.0,9,,0,,,10,ordinary,7,full_coverage_and_all_discovered_cleared,101,2671.423946,,,True,0.015046540996991098
7,0,True,0,0,0,0,0,clustered__adversarial-positive__68,clustered__adversarial-positive,11,,20,15,127,1.0,,,,,0.026729000000000447,15,,4,9,False,,,,,,,0,,,22,0,,,105,area_return1_7,[],9299.151404451017,0,96.08034223845935,0.0,11,,,171.65535213333334,"[2, 4, 5, 6, 8, 9, 11, 12, 13, 14, 15, 16, 17, 19, 20]",,3,68,,30,,0,,,15,ordinary,7,full_coverage_and_all_discovered_cleared,100,2574.830282,,,True,0.026729625009465963
7,0,True,0,0,0,0,0,clustered__adversarial-positive__68,clustered__adversarial-positive,11,0,20,15,127,1.0,,,base,0,0.026809000000000083,15,,4,9,False,,,,,False,,0,0,,22,0,,,105,range_area7,[],9299.151404451017,0,96.08034223845935,0.0,11,,,171.65535213333334,"[2, 4, 5, 6, 8, 9, 11, 12, 13, 14, 15, 16, 17, 19, 20]",,3,68,1.0,30,,0,,,15,ordinary,7,full_coverage_and_all_discovered_cleared,100,2574.830282,,,True,0.026810209034010768
7,0,True,0,0,0,0,0,clustered__adversarial-positive__68,clustered__adversarial-positive,11,0,20,15,127,1.0,,,base,0,0.026838999999999835,15,,4,9,False,,0,0,0,False,,0,0,,22,0,,,105,faithful_area7,[],9299.151404451017,0,96.08034223845935,0.0,11,,,171.65535213333334,"[2, 4, 5, 6, 8, 9, 11, 12, 13, 14, 15, 16, 17, 19, 20]",,3,68,1.0,30,,0,,,15,ordinary,7,full_coverage_and_all_discovered_cleared,100,2574.830282,,,True,0.02685100003145635
12,0,True,0,0,0,0,0,clustered__adversarial-positive__69,clustered__adversarial-positive,13,,26,15,165,1.0,,,,,0.031178999999999846,15,,2,13,False,,,,,,,0,,,22,0,,,137,area_return1_7,[],8623.967891706043,0,115.41139236326903,0.0,13,,,176.65290526666666,"[2, 3, 4, 5, 6, 7, 8, 9, 10, 11, 12, 13, 14, 16, 18]",,3,69,,10,,0,,,15,ordinary,7,full_coverage_and_all_discovered_cleared,132,2649.793579,,,True,0.031242790981195867
12,0,True,0,0,0,0,0,clustered__adversarial-positive__69,clustered__adversarial-positive,13,0,26,15,165,1.0,,,base,0,0.03155399999999986,15,,2,13,False,,,,,False,,0,0,,22,0,,,137,range_area7,[],8623.967891706043,0,115.41139236326903,0.0,13,,,176.65290526666666,"[2, 3, 4, 5, 6, 7, 8, 9, 10, 11, 12, 13, 14, 16, 18]",,3,69,1.0,10,,0,,,15,ordinary,7,full_coverage_and_all_discovered_cleared,132,2649.793579,,,True,0.03161074995296076
12,0,True,0,0,0,0,0,clustered__adversarial-positive__69,clustered__adversarial-positive,13,0,26,15,165,1.0,,,base,0,0.031913999999999554,15,,2,13,False,,0,0,0,False,,0,0,,22,0,,,137,faithful_area7,[],8623.967891706043,0,115.41139236326903,0.0,13,,,176.65290526666666,"[2, 3, 4, 5, 6, 7, 8, 9, 10, 11, 12, 13, 14, 16, 18]",,3,69,1.0,10,,0,,,15,ordinary,7,full_coverage_and_all_discovered_cleared,132,2649.793579,,,True,0.03194120799889788
6,0,True,0,0,0,0,0,clustered__adversarial-positive__70,clustered__adversarial-positive,7,,15,10,153,1.0,,,,,0.02040099999999967,10,,3,8,False,,,,,,,0,,,17,0,,,136,area_return1_7,[],8628.022086495068,0,70.12551606617991,0.0,7,,,259.9604417,"[2, 3, 5, 10, 11, 13, 15, 16, 19, 20]",,3,70,,8,,0,,,10,ordinary,7,full_coverage_and_all_discovered_cleared,129,2599.604417,,,True,0.02041783300228417
6,0,True,0,0,0,0,0,clustered__adversarial-positive__70,clustered__adversarial-positive,7,0,15,10,153,1.0,,,base,0,0.020415000000000738,10,,3,8,False,,,,,False,,0,0,,17,0,,,136,range_area7,[],8628.022086495068,0,70.12551606617991,0.0,7,,,259.9604417,"[2, 3, 5, 10, 11, 13, 15, 16, 19, 20]",,3,70,1.0,8,,0,,,10,ordinary,7,full_coverage_and_all_discovered_cleared,129,2599.604417,,,True,0.020415290957316756
6,0,True,0,0,0,0,0,clustered__adversarial-positive__70,clustered__adversarial-positive,7,0,15,10,153,1.0,,,base,0,0.02031300000000069,10,,3,8,False,,0,0,0,False,,0,0,,17,0,,,136,faithful_area7,[],8628.022086495068,0,70.12551606617991,0.0,7,,,259.9604417,"[2, 3, 5, 10, 11, 13, 15, 16, 19, 20]",,3,70,1.0,8,,0,,,10,ordinary,7,full_coverage_and_all_discovered_cleared,129,2599.604417,,,True,0.020318666007369757
13,0,True,0,0,0,0,0,clustered__adversarial-positive__71,clustered__adversarial-positive,11,,20,12,149,1.0,,,,,0.028580999999999968,12,,1,9,False,,,,,,,0,,,19,0,,,127,area_return1_7,[],10980.406285647074,0,84.95799588061894,0.0,11,,,252.9234380833333,"[1, 2, 4, 5, 7, 9, 10, 13, 17, 18, 19, 20]",,3,71,,16,,0,,,12,ordinary,7,full_coverage_and_all_discovered_cleared,120,3035.081257,,,True,0.028594667033758014
13,0,True,0,0,0,0,0,clustered__adversarial-positive__71,clustered__adversarial-positive,11,2,20,12,147,1.0,,,base,0,0.02798400000000001,12,,1,9,False,,,,,False,,0,0,,19,0,,,125,range_area7,[],10980.406285647074,0,84.95799588061894,0.0,11,,,251.9234380833333,"[1, 2, 4, 5, 7, 9, 10, 13, 17, 18, 19, 20]",,3,71,1.0,16,,0,,,12,ordinary,7,full_coverage_and_all_discovered_cleared,118,3023.081257,,,True,0.028013499977532774
13,0,True,0,0,0,0,0,clustered__adversarial-positive__71,clustered__adversarial-positive,11,1,20,12,148,1.0,,,base,0,0.028401999999999816,12,,1,9,False,,1,1,1,False,,0,0,,19,0,,,126,faithful_area7,[],10980.406285647074,0,84.95799588061894,0.0,11,,,252.50677141666665,"[1, 2, 4, 5, 7, 9, 10, 13, 17, 18, 19, 20]",,3,71,1.0,16,,0,,,12,ordinary,7,full_coverage_and_all_discovered_cleared,120,3030.081257,,,True,0.028419666981790215
3,0,True,0,0,0,0,0,clustered__adversarial-negative__67,clustered__adversarial-negative,7,,11,10,120,1.0,,,,,0.015538000000000274,10,,3,4,False,,,,,,,0,,,17,0,,,107,area_return1_7,[],9965.043675451454,0,60.92459726191062,0.0,7,,,268.2008736,"[4, 5, 7, 8, 9, 10, 14, 15, 18, 19]",,3,67,,9,,0,,,10,ordinary,7,full_coverage_and_all_discovered_cleared,101,2682.008736,,,True,0.015553500037640333
3,0,True,0,0,0,0,0,clustered__adversarial-negative__67,clustered__adversarial-negative,7,0,11,10,120,1.0,,,base,0,0.015608000000000288,10,,3,4,False,,,,,False,,0,0,,17,0,,,107,range_area7,[],9965.043675451454,0,60.92459726191062,0.0,7,,,268.2008736,"[4, 5, 7, 8, 9, 10, 14, 15, 18, 19]",,3,67,1.0,9,,0,,,10,ordinary,7,full_coverage_and_all_discovered_cleared,101,2682.008736,,,True,0.01560783397872001
3,0,True,0,0,0,0,0,clustered__adversarial-negative__67,clustered__adversarial-negative,7,0,11,10,120,1.0,,,base,0,0.015542999999999196,10,,3,4,False,,0,0,0,False,,0,0,,17,0,,,107,faithful_area7,[],9965.043675451454,0,60.92459726191062,0.0,7,,,268.2008736,"[4, 5, 7, 8, 9, 10, 14, 15, 18, 19]",,3,67,1.0,9,,0,,,10,ordinary,7,full_coverage_and_all_discovered_cleared,101,2682.008736,,,True,0.015549167001154274
5,0,True,0,0,0,0,0,clustered__adversarial-negative__68,clustered__adversarial-negative,13,,18,15,120,1.0,,,,,0.025751000000000523,15,,2,5,False,,,,,,,0,,,22,0,,,100,area_return1_7,[],9360.799066399162,0,97.65624673794413,0.0,13,,,170.01065433333332,"[2, 4, 5, 6, 8, 9, 11, 12, 13, 14, 15, 16, 17, 19, 20]",,3,68,,21,,0,,,15,ordinary,7,full_coverage_and_all_discovered_cleared,94,2550.159815,,,True,0.025781208008993417
5,0,True,0,0,0,0,0,clustered__adversarial-negative__68,clustered__adversarial-negative,13,2,18,15,118,1.0,,,base,0,0.02612599999999965,15,,2,5,False,,,,,False,,0,0,,22,0,,,98,range_area7,[],9360.799066399162,0,97.65624673794413,0.0,13,,,169.277321,"[2, 4, 5, 6, 8, 9, 11, 12, 13, 14, 15, 16, 17, 19, 20]",,3,68,1.0,21,,0,,,15,ordinary,7,full_coverage_and_all_discovered_cleared,93,2539.159815,,,True,0.026171291014179587
5,0,True,0,0,0,0,0,clustered__adversarial-negative__68,clustered__adversarial-negative,13,1,18,15,119,1.0,,,base,0,0.025718999999999603,15,,2,5,False,,1,1,1,False,,0,0,,22,0,,,99,faithful_area7,[],9360.799066399162,0,97.65624673794413,0.0,13,,,169.61065433333334,"[2, 4, 5, 6, 8, 9, 11, 12, 13, 14, 15, 16, 17, 19, 20]",,3,68,1.0,21,,0,,,15,ordinary,7,full_coverage_and_all_discovered_cleared,93,2544.159815,,,True,0.025725207990035415
11,0,True,0,0,0,0,0,clustered__adversarial-negative__69,clustered__adversarial-negative,12,,26,15,185,1.0,,,,,0.03669899999999959,15,,3,14,False,,,,,,,0,,,22,0,,,157,area_return1_7,[],8351.68797902339,0,116.85783169162801,0.0,12,,,180.8225066,"[2, 3, 4, 5, 6, 7, 8, 9, 10, 11, 12, 13, 14, 16, 18]",,3,69,,26,,0,,,15,ordinary,7,full_coverage_and_all_discovered_cleared,149,2712.337599,,,True,0.03670766594586894
11,0,True,0,0,0,0,0,clustered__adversarial-negative__69,clustered__adversarial-negative,12,0,26,15,185,1.0,,,base,0,0.03683200000000042,15,,3,14,False,,,,,False,,0,0,,22,0,,,157,range_area7,[],8351.68797902339,0,116.85783169162801,0.0,12,,,180.8225066,"[2, 3, 4, 5, 6, 7, 8, 9, 10, 11, 12, 13, 14, 16, 18]",,3,69,1.0,26,,0,,,15,ordinary,7,full_coverage_and_all_discovered_cleared,149,2712.337599,,,True,0.036876709025818855
11,0,True,0,0,0,0,0,clustered__adversarial-negative__69,clustered__adversarial-negative,12,0,26,15,185,1.0,,,base,0,0.0370689999999998,15,,3,14,False,,0,0,0,False,,0,0,,22,0,,,157,faithful_area7,[],8351.68797902339,0,116.85783169162801,0.0,12,,,180.8225066,"[2, 3, 4, 5, 6, 7, 8, 9, 10, 11, 12, 13, 14, 16, 18]",,3,69,1.0,26,,0,,,15,ordinary,7,full_coverage_and_all_discovered_cleared,149,2712.337599,,,True,0.037072000035550445
4,0,True,0,0,0,0,0,clustered__adversarial-negative__70,clustered__adversarial-negative,8,,11,10,124,1.0,,,,,0.019885999999999626,10,,2,3,False,,,,,,,0,,,17,0,,,111,area_return1_7,[],9213.203196171802,0,63.33848645145344,0.0,8,,,255.56406379999999,"[2, 3, 5, 10, 11, 13, 15, 16, 19, 20]",,3,70,,12,,2,,,10,ordinary,7,full_coverage_and_all_discovered_cleared,105,2555.640638,,,True,0.01991525001358241
4,0,True,0,0,0,0,0,clustered__adversarial-negative__70,clustered__adversarial-negative,8,0,11,10,124,1.0,,,base,0,0.019770000000000287,10,,2,3,False,,,,,False,,0,0,,17,0,,,111,range_area7,[],9213.203196171802,0,63.33848645145344,0.0,8,,,255.56406379999999,"[2, 3, 5, 10, 11, 13, 15, 16, 19, 20]",,3,70,1.0,12,,2,,,10,ordinary,7,full_coverage_and_all_discovered_cleared,105,2555.640638,,,True,0.019777625042479485
4,0,True,0,0,0,0,0,clustered__adversarial-negative__70,clustered__adversarial-negative,8,0,11,10,124,1.0,,,base,0,0.024553000000000047,10,,2,3,False,,0,0,0,False,,0,0,,17,0,,,111,faithful_area7,[],9213.203196171802,0,63.33848645145344,0.0,8,,,255.56406379999999,"[2, 3, 5, 10, 11, 13, 15, 16, 19, 20]",,3,70,1.0,12,,2,,,10,ordinary,7,full_coverage_and_all_discovered_cleared,105,2555.640638,,,True,0.02455224998993799
15,0,True,0,0,0,0,0,clustered__adversarial-negative__71,clustered__adversarial-negative,12,,22,12,161,1.0,,,,,0.027465999999999546,12,,0,10,False,,,,,,,0,,,19,0,,,137,area_return1_7,[],10939.412481530444,0,84.49527546184052,0.0,12,,,257.490208,"[1, 2, 4, 5, 7, 9, 10, 13, 17, 18, 19, 20]",,3,71,,24,,0,,,12,ordinary,7,full_coverage_and_all_discovered_cleared,127,3089.882496,,,True,0.027534374967217445
15,0,True,0,0,0,0,0,clustered__adversarial-negative__71,clustered__adversarial-negative,12,2,22,12,159,1.0,,,base,0,0.027186000000000377,12,,0,10,False,,,,,False,,0,0,,19,0,,,135,range_area7,[],10939.412481530444,0,84.49527546184052,0.0,12,,,256.490208,"[1, 2, 4, 5, 7, 9, 10, 13, 17, 18, 19, 20]",,3,71,1.0,24,,0,,,12,ordinary,7,full_coverage_and_all_discovered_cleared,125,3077.882496,,,True,0.027212708024308085
15,0,True,0,0,0,0,0,clustered__adversarial-negative__71,clustered__adversarial-negative,12,1,22,12,160,1.0,,,base,0,0.02740900000000046,12,,0,10,False,,1,1,1,False,,0,0,,19,0,,,136,faithful_area7,[],10939.412481530444,0,84.49527546184052,0.0,12,,,257.07354133333337,"[1, 2, 4, 5, 7, 9, 10, 13, 17, 18, 19, 20]",,3,71,1.0,24,,0,,,12,ordinary,7,full_coverage_and_all_discovered_cleared,127,3084.882496,,,True,0.027419583988375962
7,0,True,0,0,0,0,0,clustered__adversarial-spatial__67,clustered__adversarial-spatial,7,,14,10,131,1.0,,,,,0.019759999999999778,10,,3,7,False,,,,,,,0,,,17,0,,,115,area_return1_7,[],10145.192096603949,0,77.14444904173412,0.0,7,,,277.4038421,"[4, 5, 7, 8, 9, 10, 14, 15, 18, 19]",,3,67,,13,,0,,,10,ordinary,7,full_coverage_and_all_discovered_cleared,108,2774.038421,,,True,0.019812666985671967
7,0,True,0,0,0,0,0,clustered__adversarial-spatial__67,clustered__adversarial-spatial,7,0,14,10,131,1.0,,,base,0,0.019857000000000014,10,,3,7,False,,,,,False,,0,0,,17,0,,,115,range_area7,[],10145.192096603949,0,77.14444904173412,0.0,7,,,277.4038421,"[4, 5, 7, 8, 9, 10, 14, 15, 18, 19]",,3,67,1.0,13,,0,,,10,ordinary,7,full_coverage_and_all_discovered_cleared,108,2774.038421,,,True,0.01987608300987631
7,0,True,0,0,0,0,0,clustered__adversarial-spatial__67,clustered__adversarial-spatial,7,0,14,10,131,1.0,,,base,0,0.019159000000000148,10,,3,7,False,,0,0,0,False,,0,0,,17,0,,,115,faithful_area7,[],10145.192096603949,0,77.14444904173412,0.0,7,,,277.4038421,"[4, 5, 7, 8, 9, 10, 14, 15, 18, 19]",,3,67,1.0,13,,0,,,10,ordinary,7,full_coverage_and_all_discovered_cleared,108,2774.038421,,,True,0.019187500001862645
8,0,True,0,0,0,0,0,clustered__adversarial-spatial__68,clustered__adversarial-spatial,15,,20,15,124,1.0,,,,,0.027668000000000248,15,,0,5,False,,,,,,,0,,,22,0,,,102,area_return1_7,[],9372.146113884337,0,136.80571197886508,0.0,15,,,171.36194833333332,"[2, 4, 5, 6, 8, 9, 11, 12, 13, 14, 15, 16, 17, 19, 20]",,3,68,,20,,0,,,15,ordinary,7,full_coverage_and_all_discovered_cleared,96,2570.429225,,,True,0.027668124996125698
8,0,True,0,0,0,0,0,clustered__adversarial-spatial__68,clustered__adversarial-spatial,15,2,20,15,122,1.0,,,base,0,0.027331999999999468,15,,0,5,False,,,,,False,,0,0,,22,0,,,100,range_area7,[],9372.146113884337,0,136.80571197886508,0.0,15,,,170.628615,"[2, 4, 5, 6, 8, 9, 11, 12, 13, 14, 15, 16, 17, 19, 20]",,3,68,1.0,20,,0,,,15,ordinary,7,full_coverage_and_all_discovered_cleared,95,2559.429225,,,True,0.027366707974579185
8,0,True,0,0,0,0,0,clustered__adversarial-spatial__68,clustered__adversarial-spatial,15,1,20,15,123,1.0,,,base,0,0.02768800000000038,15,,0,5,False,,1,1,1,False,,0,0,,22,0,,,101,faithful_area7,[],9372.146113884337,0,136.80571197886508,0.0,15,,,170.9619483333333,"[2, 4, 5, 6, 8, 9, 11, 12, 13, 14, 15, 16, 17, 19, 20]",,3,68,1.0,20,,0,,,15,ordinary,7,full_coverage_and_all_discovered_cleared,95,2564.429225,,,True,0.027697374986018986
8,0,True,0,0,0,0,0,clustered__adversarial-spatial__69,clustered__adversarial-spatial,12,,22,15,157,1.0,,,,,0.02922799999999981,15,,3,10,False,,,,,,,0,,,22,0,,,133,area_return1_7,[],8586.925244501368,0,129.00845904561743,0.0,12,,,173.7590034,"[2, 3, 4, 5, 6, 7, 8, 9, 10, 11, 12, 13, 14, 16, 18]",,3,69,,10,,0,,,15,ordinary,7,full_coverage_and_all_discovered_cleared,128,2606.385051,,,True,0.02924608299508691
8,0,True,0,0,0,0,0,clustered__adversarial-spatial__69,clustered__adversarial-spatial,12,0,22,15,157,1.0,,,base,0,0.029048000000000407,15,,3,10,False,,,,,False,,0,0,,22,0,,,133,range_area7,[],8586.925244501368,0,129.00845904561743,0.0,12,,,173.7590034,"[2, 3, 4, 5, 6, 7, 8, 9, 10, 11, 12, 13, 14, 16, 18]",,3,69,1.0,10,,0,,,15,ordinary,7,full_coverage_and_all_discovered_cleared,128,2606.385051,,,True,0.029068707954138517
8,0,True,0,0,0,0,0,clustered__adversarial-spatial__69,clustered__adversarial-spatial,12,0,22,15,157,1.0,,,base,0,0.029207000000000427,15,,3,10,False,,0,0,0,False,,0,0,,22,0,,,133,faithful_area7,[],8586.925244501368,0,129.00845904561743,0.0,12,,,173.7590034,"[2, 3, 4, 5, 6, 7, 8, 9, 10, 11, 12, 13, 14, 16, 18]",,3,69,1.0,10,,0,,,15,ordinary,7,full_coverage_and_all_discovered_cleared,128,2606.385051,,,True,0.02922870800830424
5,0,True,0,0,0,0,0,clustered__adversarial-spatial__70,clustered__adversarial-spatial,9,,12,10,128,1.0,,,,,0.021379999999999733,10,,1,3,False,,,,,,,0,,,17,0,,,114,area_return1_7,[],9294.173272393748,0,98.50546171369675,0.0,9,,,259.3834655,"[2, 3, 5, 10, 11, 13, 15, 16, 19, 20]",,3,70,,15,,3,,,10,ordinary,7,full_coverage_and_all_discovered_cleared,109,2593.834655,,,True,0.021380499994847924
5,0,True,0,0,0,0,0,clustered__adversarial-spatial__70,clustered__adversarial-spatial,9,0,12,10,128,1.0,,,base,0,0.02132699999999943,10,,1,3,False,,,,,False,,0,0,,17,0,,,114,range_area7,[],9294.173272393748,0,98.50546171369675,0.0,9,,,259.3834655,"[2, 3, 5, 10, 11, 13, 15, 16, 19, 20]",,3,70,1.0,15,,3,,,10,ordinary,7,full_coverage_and_all_discovered_cleared,109,2593.834655,,,True,0.021366957982536405
5,0,True,0,0,0,0,0,clustered__adversarial-spatial__70,clustered__adversarial-spatial,9,0,12,10,128,1.0,,,base,0,0.021684999999999732,10,,1,3,False,,0,0,0,False,,0,0,,17,0,,,114,faithful_area7,[],9294.173272393748,0,98.50546171369675,0.0,9,,,259.3834655,"[2, 3, 5, 10, 11, 13, 15, 16, 19, 20]",,3,70,1.0,15,,3,,,10,ordinary,7,full_coverage_and_all_discovered_cleared,109,2593.834655,,,True,0.021692375012207776
6,0,True,0,0,0,0,0,clustered__adversarial-spatial__71,clustered__adversarial-spatial,12,,15,12,128,1.0,,,,,0.021866000000000163,12,,0,3,False,,,,,,,0,,,19,0,,,111,area_return1_7,[],8995.036825122406,0,146.1121111514177,0.0,12,,,210.25061374999999,"[1, 2, 4, 5, 7, 9, 10, 13, 17, 18, 19, 20]",,3,71,,21,,3,,,12,ordinary,7,full_coverage_and_all_discovered_cleared,100,2523.007365,,,True,0.02190625004004687
6,0,True,0,0,0,0,0,clustered__adversarial-spatial__71,clustered__adversarial-spatial,12,0,15,12,128,1.0,,,base,0,0.022038999999999476,12,,0,3,False,,,,,False,,0,0,,19,0,,,111,range_area7,[],8995.036825122406,0,146.1121111514177,0.0,12,,,210.25061374999999,"[1, 2, 4, 5, 7, 9, 10, 13, 17, 18, 19, 20]",,3,71,1.0,21,,3,,,12,ordinary,7,full_coverage_and_all_discovered_cleared,100,2523.007365,,,True,0.02205454104114324
6,0,True,0,0,0,0,0,clustered__adversarial-spatial__71,clustered__adversarial-spatial,12,0,15,12,128,1.0,,,base,0,0.022371999999999836,12,,0,3,False,,0,0,0,False,,0,0,,19,0,,,111,faithful_area7,[],8995.036825122406,0,146.1121111514177,0.0,12,,,210.25061374999999,"[1, 2, 4, 5, 7, 9, 10, 13, 17, 18, 19, 20]",,3,71,1.0,21,,3,,,12,ordinary,7,full_coverage_and_all_discovered_cleared,100,2523.007365,,,True,0.022392624989151955
22,0,True,0,0,0,0,0,boundary_min__n10__positive,boundary_min,10,,20,10,168,1.0,,,,,0.026562000000000197,10,,0,10,False,,,,,,,0,,,17,0,,,146,area_return1_7,[],17223.522301845136,0,91.05337512648231,0.0,10,,,438.5704463,"[2, 6, 13, 14, 15, 16, 17, 18, 19, 20]",,3,242,,9,,0,,,10,stress,7,full_coverage_and_all_discovered_cleared,131,4385.704463,,,True,0.026562125014606863
22,0,True,0,0,0,0,0,boundary_min__n10__positive,boundary_min,10,0,20,10,168,1.0,,,base,0,0.02656799999999926,10,,0,10,False,,,,,False,,0,0,,17,0,,,146,range_area7,[],17223.522301845136,0,91.05337512648231,0.0,10,,,438.5704463,"[2, 6, 13, 14, 15, 16, 17, 18, 19, 20]",,3,242,1.0,9,,0,,,10,stress,7,full_coverage_and_all_discovered_cleared,131,4385.704463,,,True,0.026610958040691912
22,0,True,0,0,0,0,0,boundary_min__n10__positive,boundary_min,10,0,20,10,168,1.0,,,base,0,0.026720000000000077,10,,0,10,False,,0,0,0,False,,0,0,,17,0,,,146,faithful_area7,[],17223.522301845136,0,91.05337512648231,0.0,10,,,438.5704463,"[2, 6, 13, 14, 15, 16, 17, 18, 19, 20]",,3,242,1.0,9,,0,,,10,stress,7,full_coverage_and_all_discovered_cleared,131,4385.704463,,,True,0.026726750016678125
18,0,True,0,0,0,0,0,boundary_min__n10__negative,boundary_min,10,,18,10,163,1.0,,,,,0.02332799999999935,10,,0,8,False,,,,,,,0,,,17,0,,,143,area_return1_7,[],17183.640130266478,0,69.04815703738737,0.0,10,,,435.67280280000006,"[2, 6, 13, 14, 15, 16, 17, 18, 19, 20]",,3,243,,10,,0,,,10,stress,7,full_coverage_and_all_discovered_cleared,131,4356.728028,,,True,0.02338029199745506
18,0,True,0,0,0,0,0,boundary_min__n10__negative,boundary_min,10,0,18,10,163,1.0,,,base,0,0.02384800000000009,10,,0,8,False,,,,,False,,0,0,,17,0,,,143,range_area7,[],17183.640130266478,0,69.04815703738737,0.0,10,,,435.67280280000006,"[2, 6, 13, 14, 15, 16, 17, 18, 19, 20]",,3,243,1.0,10,,0,,,10,stress,7,full_coverage_and_all_discovered_cleared,131,4356.728028,,,True,0.023864709015469998
18,0,True,0,0,0,0,0,boundary_min__n10__negative,boundary_min,10,0,18,10,163,1.0,,,base,0,0.02369200000000049,10,,0,8,False,,0,0,0,False,,0,0,,17,0,,,143,faithful_area7,[],17183.640130266478,0,69.04815703738737,0.0,10,,,435.67280280000006,"[2, 6, 13, 14, 15, 16, 17, 18, 19, 20]",,3,243,1.0,10,,0,,,10,stress,7,full_coverage_and_all_discovered_cleared,131,4356.728028,,,True,0.02369175001513213
18,0,True,0,0,0,0,0,boundary_min__n10__spatial,boundary_min,10,,17,10,160,1.0,,,,,0.024269000000000318,10,,0,7,False,,,,,,,0,,,17,0,,,141,area_return1_7,[],17209.82737122045,0,107.25357370587147,0.0,10,,,434.5965476,"[2, 6, 13, 14, 15, 16, 17, 18, 19, 20]",,3,244,,8,,0,,,10,stress,7,full_coverage_and_all_discovered_cleared,128,4345.965476,,,True,0.02430466702207923
18,0,True,0,0,0,0,0,boundary_min__n10__spatial,boundary_min,10,0,17,10,160,1.0,,,base,0,0.02473100000000006,10,,0,7,False,,,,,False,,0,0,,17,0,,,141,range_area7,[],17209.82737122045,0,107.25357370587147,0.0,10,,,434.5965476,"[2, 6, 13, 14, 15, 16, 17, 18, 19, 20]",,3,244,1.0,8,,0,,,10,stress,7,full_coverage_and_all_discovered_cleared,128,4345.965476,,,True,0.024824917025398463
18,0,True,0,0,0,0,0,boundary_min__n10__spatial,boundary_min,10,0,17,10,160,1.0,,,base,0,0.024338999999999444,10,,0,7,False,,0,0,0,False,,0,0,,17,0,,,141,faithful_area7,[],17209.82737122045,0,107.25357370587147,0.0,10,,,434.5965476,"[2, 6, 13, 14, 15, 16, 17, 18, 19, 20]",,3,244,1.0,8,,0,,,10,stress,7,full_coverage_and_all_discovered_cleared,128,4345.965476,,,True,0.02435833401978016
16,0,True,0,0,0,0,0,boundary_min__n16__positive,boundary_min,11,,26,16,163,1.0,,,,,0.028716000000000186,16,,5,15,False,,,,,,,0,,,23,0,,,135,area_return1_7,[],18842.882165616586,0,78.13788411083866,0.0,11,,,292.411026875,"[1, 2, 3, 5, 6, 7, 9, 10, 11, 12, 13, 14, 16, 18, 19, 20]",,3,245,,22,,0,,,16,stress,7,public_upper_bound_16,125,4678.57643,,,True,0.028775500017218292
16,0,True,0,0,0,0,0,boundary_min__n16__positive,boundary_min,11,0,26,16,163,1.0,,,base,0,0.027821000000000318,16,,5,15,False,,,,,False,,0,0,,23,0,,,135,range_area7,[],18842.882165616586,0,78.13788411083866,0.0,11,,,292.411026875,"[1, 2, 3, 5, 6, 7, 9, 10, 11, 12, 13, 14, 16, 18, 19, 20]",,3,245,1.0,22,,0,,,16,stress,7,public_upper_bound_16,125,4678.57643,,,True,0.027839999995194376
16,0,True,0,0,0,0,0,boundary_min__n16__positive,boundary_min,11,0,26,16,163,1.0,,,base,0,0.02798999999999996,16,,5,15,False,,0,0,0,False,,0,0,,23,0,,,135,faithful_area7,[],18842.882165616586,0,78.13788411083866,0.0,11,,,292.411026875,"[1, 2, 3, 5, 6, 7, 9, 10, 11, 12, 13, 14, 16, 18, 19, 20]",,3,245,1.0,22,,0,,,16,stress,7,public_upper_bound_16,125,4678.57643,,,True,0.028008542023599148
17,0,True,0,0,0,0,0,boundary_min__n16__negative,boundary_min,12,,24,16,163,1.0,,,,,0.031325999999999965,16,,4,12,False,,,,,,,0,,,23,0,,,137,area_return1_7,[],18950.724990265524,0,96.03611370364278,0.0,12,,,294.0090623125,"[1, 2, 3, 5, 6, 7, 9, 10, 11, 12, 13, 14, 16, 18, 19, 20]",,3,246,,23,,0,,,16,stress,7,public_upper_bound_16,125,4704.144997,,,True,0.03134133398998529
17,0,True,0,0,0,0,0,boundary_min__n16__negative,boundary_min,12,0,24,16,163,1.0,,,base,0,0.03167600000000004,16,,4,12,False,,,,,False,,0,0,,23,0,,,137,range_area7,[],18950.724990265524,0,96.03611370364278,0.0,12,,,294.0090623125,"[1, 2, 3, 5, 6, 7, 9, 10, 11, 12, 13, 14, 16, 18, 19, 20]",,3,246,1.0,23,,0,,,16,stress,7,public_upper_bound_16,125,4704.144997,,,True,0.03168754099169746
17,0,True,0,0,0,0,0,boundary_min__n16__negative,boundary_min,12,0,24,16,163,1.0,,,base,0,0.031778000000000084,16,,4,12,False,,0,0,0,False,,0,0,,23,0,,,137,faithful_area7,[],18950.724990265524,0,96.03611370364278,0.0,12,,,294.0090623125,"[1, 2, 3, 5, 6, 7, 9, 10, 11, 12, 13, 14, 16, 18, 19, 20]",,3,246,1.0,23,,0,,,16,stress,7,public_upper_bound_16,125,4704.144997,,,True,0.03183937503490597
16,0,True,0,0,0,0,0,boundary_min__n16__spatial,boundary_min,14,,24,16,160,1.0,,,,,0.02955600000000036,16,,2,10,False,,,,,,,0,,,23,0,,,134,area_return1_7,[],18890.778740534148,0,171.08333705979226,0.0,14,,,292.3222343125,"[1, 2, 3, 5, 6, 7, 9, 10, 11, 12, 13, 14, 16, 18, 19, 20]",,3,247,,21,,0,,,16,stress,7,public_upper_bound_16,125,4677.155749,,,True,0.029565583972726017
16,0,True,0,0,0,0,0,boundary_min__n16__spatial,boundary_min,14,0,24,16,160,1.0,,,base,0,0.02939000000000025,16,,2,10,False,,,,,False,,0,0,,23,0,,,134,range_area7,[],18890.778740534148,0,171.08333705979226,0.0,14,,,292.3222343125,"[1, 2, 3, 5, 6, 7, 9, 10, 11, 12, 13, 14, 16, 18, 19, 20]",,3,247,1.0,21,,0,,,16,stress,7,public_upper_bound_16,125,4677.155749,,,True,0.029396665981039405
16,0,True,0,0,0,0,0,boundary_min__n16__spatial,boundary_min,14,0,24,16,160,1.0,,,base,0,0.029492999999999547,16,,2,10,False,,0,0,0,False,,0,0,,23,0,,,134,faithful_area7,[],18890.778740534148,0,171.08333705979226,0.0,14,,,292.3222343125,"[1, 2, 3, 5, 6, 7, 9, 10, 11, 12, 13, 14, 16, 18, 19, 20]",,3,247,1.0,21,,0,,,16,stress,7,public_upper_bound_16,125,4677.155749,,,True,0.029519165982492268
8,0,True,0,0,0,0,0,near_collinear_min__n10__positive,near_collinear_min,7,,14,10,135,1.0,,,,,0.019150999999999918,10,,3,7,False,,,,,,,0,,,17,0,,,119,area_return1_7,[],13301.486813087642,0,89.88031749056242,0.0,7,,,343.0297364,"[4, 6, 10, 12, 14, 15, 16, 17, 18, 20]",,3,248,,2,,0,,,10,stress,7,full_coverage_and_all_discovered_cleared,113,3430.297364,,,True,0.01915095903677866
8,0,True,0,0,0,0,0,near_collinear_min__n10__positive,near_collinear_min,7,0,14,10,135,1.0,,,base,0,0.019581999999999766,10,,3,7,False,,,,,False,,0,0,,17,0,,,119,range_area7,[],13301.486813087642,0,89.88031749056242,0.0,7,,,343.0297364,"[4, 6, 10, 12, 14, 15, 16, 17, 18, 20]",,3,248,1.0,2,,0,,,10,stress,7,full_coverage_and_all_discovered_cleared,113,3430.297364,,,True,0.01966187503421679
8,0,True,0,0,0,0,0,near_collinear_min__n10__positive,near_collinear_min,7,0,14,10,135,1.0,,,base,0,0.019568999999999726,10,,3,7,False,,0,0,0,False,,0,0,,17,0,,,119,faithful_area7,[],13301.486813087642,0,89.88031749056242,0.0,7,,,343.0297364,"[4, 6, 10, 12, 14, 15, 16, 17, 18, 20]",,3,248,1.0,2,,0,,,10,stress,7,full_coverage_and_all_discovered_cleared,113,3430.297364,,,True,0.01956895797047764
9,0,True,0,0,0,0,0,near_collinear_min__n10__negative,near_collinear_min,8,,15,10,133,1.0,,,,,0.019452000000000247,10,,2,7,False,,,,,,,0,,,17,0,,,116,area_return1_7,[],11594.878696216028,0,77.351587588916,0.0,8,,,307.39757410000004,"[4, 6, 10, 12, 14, 15, 16, 17, 18, 20]",,3,249,,4,,0,,,10,stress,7,full_coverage_and_all_discovered_cleared,110,3073.975741,,,True,0.019467542006168514
9,0,True,0,0,0,0,0,near_collinear_min__n10__negative,near_collinear_min,8,0,15,10,133,1.0,,,base,0,0.0191719999999993,10,,2,7,False,,,,,False,,0,0,,17,0,,,116,range_area7,[],11594.878696216028,0,77.351587588916,0.0,8,,,307.39757410000004,"[4, 6, 10, 12, 14, 15, 16, 17, 18, 20]",,3,249,1.0,4,,0,,,10,stress,7,full_coverage_and_all_discovered_cleared,110,3073.975741,,,True,0.01917187502840534
9,0,True,0,0,0,0,0,near_collinear_min__n10__negative,near_collinear_min,8,0,15,10,133,1.0,,,base,0,0.019263999999999726,10,,2,7,False,,0,0,0,False,,0,0,,17,0,,,116,faithful_area7,[],11594.878696216028,0,77.351587588916,0.0,8,,,307.39757410000004,"[4, 6, 10, 12, 14, 15, 16, 17, 18, 20]",,3,249,1.0,4,,0,,,10,stress,7,full_coverage_and_all_discovered_cleared,110,3073.975741,,,True,0.01930916594574228
10,0,True,0,0,0,0,0,near_collinear_min__n10__spatial,near_collinear_min,8,,17,10,146,1.0,,,,,0.020290999999999393,10,,2,9,False,,,,,,,0,,,17,0,,,127,area_return1_7,[],11825.774325475111,0,85.07322844594901,0.0,8,,,318.8154867,"[4, 6, 10, 12, 14, 15, 16, 17, 18, 20]",,3,250,,12,,0,,,10,stress,7,full_coverage_and_all_discovered_cleared,117,3188.154867,,,True,0.020334541972260922
10,0,True,0,0,0,0,0,near_collinear_min__n10__spatial,near_collinear_min,8,0,17,10,146,1.0,,,base,0,0.020337999999999745,10,,2,9,False,,,,,False,,0,0,,17,0,,,127,range_area7,[],11825.774325475111,0,85.07322844594901,0.0,8,,,318.8154867,"[4, 6, 10, 12, 14, 15, 16, 17, 18, 20]",,3,250,1.0,12,,0,,,10,stress,7,full_coverage_and_all_discovered_cleared,117,3188.154867,,,True,0.020339082984719425
10,0,True,0,0,0,0,0,near_collinear_min__n10__spatial,near_collinear_min,8,0,17,10,146,1.0,,,base,0,0.020209999999999617,10,,2,9,False,,0,0,0,False,,0,0,,17,0,,,127,faithful_area7,[],11825.774325475111,0,85.07322844594901,0.0,8,,,318.8154867,"[4, 6, 10, 12, 14, 15, 16, 17, 18, 20]",,3,250,1.0,12,,0,,,10,stress,7,full_coverage_and_all_discovered_cleared,117,3188.154867,,,True,0.020244999963324517
8,0,True,0,0,0,0,0,near_collinear_min__n16__positive,near_collinear_min,12,,20,16,116,1.0,,,,,0.025914000000000215,16,,4,8,False,,,,,,,0,,,21,2,,,94,area_return1_7,[],9702.395095882584,0,113.40009602987374,0.0,12,,,161.9674385625,"[1, 2, 3, 5, 7, 8, 11, 12, 13, 14, 15, 16, 17, 18, 19, 20]",,3,251,,10,,0,,,16,stress,5,public_upper_bound_16,89,2591.479017,,,True,0.025916917016729712
8,0,True,0,0,0,0,0,near_collinear_min__n16__positive,near_collinear_min,12,0,20,16,116,1.0,,,base,0,0.026383000000000045,16,,4,8,False,,,,,False,,0,0,,21,2,,,94,range_area7,[],9702.395095882584,0,113.40009602987374,0.0,12,,,161.9674385625,"[1, 2, 3, 5, 7, 8, 11, 12, 13, 14, 15, 16, 17, 18, 19, 20]",,3,251,1.0,10,,0,,,16,stress,5,public_upper_bound_16,89,2591.479017,,,True,0.026383624994195998
8,0,True,0,0,0,0,0,near_collinear_min__n16__positive,near_collinear_min,12,0,20,16,116,1.0,,,base,0,0.02567900000000023,16,,4,8,False,,0,0,0,False,,0,0,,21,2,,,94,faithful_area7,[],9702.395095882584,0,113.40009602987374,0.0,12,,,161.9674385625,"[1, 2, 3, 5, 7, 8, 11, 12, 13, 14, 15, 16, 17, 18, 19, 20]",,3,251,1.0,10,,0,,,16,stress,5,public_upper_bound_16,89,2591.479017,,,True,0.025696416036225855
11,0,True,0,0,0,0,0,near_collinear_min__n16__negative,near_collinear_min,14,,21,16,118,1.0,,,,,0.027477000000000196,16,,2,7,False,,,,,,,0,,,21,2,,,95,area_return1_7,[],10696.66860033792,0,143.66742641183976,0.0,14,,,174.8958575,"[1, 2, 3, 5, 7, 8, 11, 12, 13, 14, 15, 16, 17, 18, 19, 20]",,3,252,,12,,1,,,16,stress,5,public_upper_bound_16,89,2798.33372,,,True,0.02751779102254659
11,0,True,0,0,0,0,0,near_collinear_min__n16__negative,near_collinear_min,14,0,21,16,118,1.0,,,base,0,0.02737500000000015,16,,2,7,False,,,,,False,,0,0,,21,2,,,95,range_area7,[],10696.66860033792,0,143.66742641183976,0.0,14,,,174.8958575,"[1, 2, 3, 5, 7, 8, 11, 12, 13, 14, 15, 16, 17, 18, 19, 20]",,3,252,1.0,12,,1,,,16,stress,5,public_upper_bound_16,89,2798.33372,,,True,0.027384417015127838
11,0,True,0,0,0,0,0,near_collinear_min__n16__negative,near_collinear_min,14,0,21,16,118,1.0,,,base,0,0.02721700000000027,16,,2,7,False,,0,0,0,False,,0,0,,21,2,,,95,faithful_area7,[],10696.66860033792,0,143.66742641183976,0.0,14,,,174.8958575,"[1, 2, 3, 5, 7, 8, 11, 12, 13, 14, 15, 16, 17, 18, 19, 20]",,3,252,1.0,12,,1,,,16,stress,5,public_upper_bound_16,89,2798.33372,,,True,0.027322500012815
10,0,True,0,0,0,0,0,near_collinear_min__n16__spatial,near_collinear_min,11,,20,16,118,1.0,,,,,0.027603000000000044,16,,5,9,False,,,,,,,0,,,21,2,,,96,area_return1_7,[],10721.405448544612,0,117.06617527853851,0.0,11,,,175.2675681875,"[1, 2, 3, 5, 7, 8, 11, 12, 13, 14, 15, 16, 17, 18, 19, 20]",,3,253,,10,,0,,,16,stress,5,public_upper_bound_16,88,2804.281091,,,True,0.027602749993093312
10,0,True,0,0,0,0,0,near_collinear_min__n16__spatial,near_collinear_min,11,0,20,16,118,1.0,,,base,0,0.02752899999999947,16,,5,9,False,,,,,False,,0,0,,21,2,,,96,range_area7,[],10721.405448544612,0,117.06617527853851,0.0,11,,,175.2675681875,"[1, 2, 3, 5, 7, 8, 11, 12, 13, 14, 15, 16, 17, 18, 19, 20]",,3,253,1.0,10,,0,,,16,stress,5,public_upper_bound_16,88,2804.281091,,,True,0.02752862498164177
10,0,True,0,0,0,0,0,near_collinear_min__n16__spatial,near_collinear_min,11,0,20,16,118,1.0,,,base,0,0.02755799999999997,16,,5,9,False,,0,0,0,False,,0,0,,21,2,,,96,faithful_area7,[],10721.405448544612,0,117.06617527853851,0.0,11,,,175.2675681875,"[1, 2, 3, 5, 7, 8, 11, 12, 13, 14, 15, 16, 17, 18, 19, 20]",,3,253,1.0,10,,0,,,16,stress,5,public_upper_bound_16,88,2804.281091,,,True,0.027579625020734966
4,0,True,0,0,0,0,0,unknown_count_late__n10__positive,unknown_count_late,8,,12,10,110,1.0,,,,,0.015287000000000717,10,,2,4,False,,,,,,,0,,,17,0,,,96,area_return1_7,[],10390.23806299752,0,57.8140597818647,0.0,8,,,270.4047613,"[2, 3, 4, 5, 10, 11, 13, 14, 17, 20]",,3,254,,8,,0,,,10,stress,7,full_coverage_and_all_discovered_cleared,90,2704.047613,,,True,0.015345416031777859
4,0,True,0,0,0,0,0,unknown_count_late__n10__positive,unknown_count_late,8,0,12,10,110,1.0,,,base,0,0.015025999999999762,10,,2,4,False,,,,,False,,0,0,,17,0,,,96,range_area7,[],10390.23806299752,0,57.8140597818647,0.0,8,,,270.4047613,"[2, 3, 4, 5, 10, 11, 13, 14, 17, 20]",,3,254,1.0,8,,0,,,10,stress,7,full_coverage_and_all_discovered_cleared,90,2704.047613,,,True,0.015025958011392504
4,0,True,0,0,0,0,0,unknown_count_late__n10__positive,unknown_count_late,8,0,12,10,110,1.0,,,base,0,0.015394000000000574,10,,2,4,False,,0,0,0,False,,0,0,,17,0,,,96,faithful_area7,[],10390.23806299752,0,57.8140597818647,0.0,8,,,270.4047613,"[2, 3, 4, 5, 10, 11, 13, 14, 17, 20]",,3,254,1.0,8,,0,,,10,stress,7,full_coverage_and_all_discovered_cleared,90,2704.047613,,,True,0.015395249996799976
4,0,True,0,0,0,0,0,unknown_count_late__n10__negative,unknown_count_late,8,,11,10,109,1.0,,,,,0.015533000000000463,10,,2,3,False,,,,,,,0,,,17,0,,,96,area_return1_7,[],10381.240417466588,0,60.247637476692056,0.0,8,,,269.9248083,"[2, 3, 4, 5, 10, 11, 13, 14, 17, 20]",,3,255,,8,,0,,,10,stress,7,full_coverage_and_all_discovered_cleared,90,2699.248083,,,True,0.015532958030235022
4,0,True,0,0,0,0,0,unknown_count_late__n10__negative,unknown_count_late,8,0,11,10,109,1.0,,,base,0,0.015725999999999907,10,,2,3,False,,,,,False,,0,0,,17,0,,,96,range_area7,[],10381.240417466588,0,60.247637476692056,0.0,8,,,269.9248083,"[2, 3, 4, 5, 10, 11, 13, 14, 17, 20]",,3,255,1.0,8,,0,,,10,stress,7,full_coverage_and_all_discovered_cleared,90,2699.248083,,,True,0.01572595798643306
4,0,True,0,0,0,0,0,unknown_count_late__n10__negative,unknown_count_late,8,0,11,10,109,1.0,,,base,0,0.015406999999999726,10,,2,3,False,,0,0,0,False,,0,0,,17,0,,,96,faithful_area7,[],10381.240417466588,0,60.247637476692056,0.0,8,,,269.9248083,"[2, 3, 4, 5, 10, 11, 13, 14, 17, 20]",,3,255,1.0,8,,0,,,10,stress,7,full_coverage_and_all_discovered_cleared,90,2699.248083,,,True,0.015427874983288348
5,0,True,0,0,0,0,0,unknown_count_late__n10__spatial,unknown_count_late,9,,12,10,111,1.0,,,,,0.01622399999999935,10,,1,3,False,,,,,,,0,,,17,0,,,97,area_return1_7,[],10460.933310005672,0,80.09491032635631,0.0,9,,,272.4186661,"[2, 3, 4, 5, 10, 11, 13, 14, 17, 20]",,3,256,,8,,0,,,10,stress,7,full_coverage_and_all_discovered_cleared,91,2724.186661,,,True,0.01622370898257941
5,0,True,0,0,0,0,0,unknown_count_late__n10__spatial,unknown_count_late,9,0,12,10,111,1.0,,,base,0,0.0159539999999998,10,,1,3,False,,,,,False,,0,0,,17,0,,,97,range_area7,[],10460.933310005672,0,80.09491032635631,0.0,9,,,272.4186661,"[2, 3, 4, 5, 10, 11, 13, 14, 17, 20]",,3,256,1.0,8,,0,,,10,stress,7,full_coverage_and_all_discovered_cleared,91,2724.186661,,,True,0.01599712501047179
5,0,True,0,0,0,0,0,unknown_count_late__n10__spatial,unknown_count_late,9,0,12,10,111,1.0,,,base,0,0.01625799999999966,10,,1,3,False,,0,0,0,False,,0,0,,17,0,,,97,faithful_area7,[],10460.933310005672,0,80.09491032635631,0.0,9,,,272.4186661,"[2, 3, 4, 5, 10, 11, 13, 14, 17, 20]",,3,256,1.0,8,,0,,,10,stress,7,full_coverage_and_all_discovered_cleared,91,2724.186661,,,True,0.016258582996670157
4,0,True,0,0,0,0,0,unknown_count_late__n16__positive,unknown_count_late,13,,18,16,86,1.0,,,,,0.023412999999999684,16,,3,5,False,,,,,,,0,,,22,1,,,66,area_return1_7,[],9621.735770069714,0,131.52675032611273,0.0,13,,,149.959197125,"[2, 3, 4, 5, 6, 8, 10, 11, 12, 13, 15, 16, 17, 18, 19, 20]",,3,257,,17,,0,,,16,stress,6,public_upper_bound_16,59,2399.347154,,,True,0.023441625002305955
4,0,True,0,0,0,0,0,unknown_count_late__n16__positive,unknown_count_late,13,0,18,16,86,1.0,,,base,0,0.023304000000000435,16,,3,5,False,,,,,False,,0,0,,22,1,,,66,range_area7,[],9621.735770069714,0,131.52675032611273,0.0,13,,,149.959197125,"[2, 3, 4, 5, 6, 8, 10, 11, 12, 13, 15, 16, 17, 18, 19, 20]",,3,257,1.0,17,,0,,,16,stress,6,public_upper_bound_16,59,2399.347154,,,True,0.023326041002292186
4,0,True,0,0,0,0,0,unknown_count_late__n16__positive,unknown_count_late,13,0,18,16,86,1.0,,,base,0,0.0236679999999998,16,,3,5,False,,0,0,0,False,,0,0,,22,1,,,66,faithful_area7,[],9621.735770069714,0,131.52675032611273,0.0,13,,,149.959197125,"[2, 3, 4, 5, 6, 8, 10, 11, 12, 13, 15, 16, 17, 18, 19, 20]",,3,257,1.0,17,,0,,,16,stress,6,public_upper_bound_16,59,2399.347154,,,True,0.02369037503376603
4,0,True,0,0,0,0,0,unknown_count_late__n16__negative,unknown_count_late,13,,18,16,104,1.0,,,,,0.024701000000000306,16,,3,5,False,,,,,,,0,,,23,0,,,84,area_return1_7,[],10700.048470799113,0,121.02504997952575,0.0,13,,,170.1256059375,"[2, 3, 4, 5, 6, 8, 10, 11, 12, 13, 15, 16, 17, 18, 19, 20]",,3,258,,15,,0,,,16,stress,7,public_upper_bound_16,76,2722.009695,,,True,0.02471170900389552
4,0,True,0,0,0,0,0,unknown_count_late__n16__negative,unknown_count_late,13,0,18,16,104,1.0,,,base,0,0.024802999999999464,16,,3,5,False,,,,,False,,0,0,,23,0,,,84,range_area7,[],10700.048470799113,0,121.02504997952575,0.0,13,,,170.1256059375,"[2, 3, 4, 5, 6, 8, 10, 11, 12, 13, 15, 16, 17, 18, 19, 20]",,3,258,1.0,15,,0,,,16,stress,7,public_upper_bound_16,76,2722.009695,,,True,0.02481545798946172
4,0,True,0,0,0,0,0,unknown_count_late__n16__negative,unknown_count_late,13,0,18,16,104,1.0,,,base,0,0.02473800000000015,16,,3,5,False,,0,0,0,False,,0,0,,23,0,,,84,faithful_area7,[],10700.048470799113,0,121.02504997952575,0.0,13,,,170.1256059375,"[2, 3, 4, 5, 6, 8, 10, 11, 12, 13, 15, 16, 17, 18, 19, 20]",,3,258,1.0,15,,0,,,16,stress,7,public_upper_bound_16,76,2722.009695,,,True,0.02475545898778364
6,0,True,0,0,0,0,0,unknown_count_late__n16__spatial,unknown_count_late,12,,19,16,78,1.0,,,,,0.024248000000000047,16,,4,7,False,,,,,,,0,,,20,3,,,57,area_return1_7,[],7239.930163838877,0,125.63780758998033,0.0,12,,,116.9366270625,"[2, 3, 4, 5, 6, 8, 10, 11, 12, 13, 15, 16, 17, 18, 19, 20]",,3,259,,16,,0,,,16,stress,4,public_upper_bound_16,49,1870.986033,,,True,0.024261292011942714
6,0,True,0,0,0,0,0,unknown_count_late__n16__spatial,unknown_count_late,12,0,19,16,78,1.0,,,base,0,0.02410800000000002,16,,4,7,False,,,,,False,,0,0,,20,3,,,57,range_area7,[],7239.930163838877,0,125.63780758998033,0.0,12,,,116.9366270625,"[2, 3, 4, 5, 6, 8, 10, 11, 12, 13, 15, 16, 17, 18, 19, 20]",,3,259,1.0,16,,0,,,16,stress,4,public_upper_bound_16,49,1870.986033,,,True,0.024123583047185093
6,0,True,0,0,0,0,0,unknown_count_late__n16__spatial,unknown_count_late,12,0,19,16,78,1.0,,,base,0,0.023988999999999372,16,,4,7,False,,0,0,0,False,,0,0,,20,3,,,57,faithful_area7,[],7239.930163838877,0,125.63780758998033,0.0,12,,,116.9366270625,"[2, 3, 4, 5, 6, 8, 10, 11, 12, 13, 15, 16, 17, 18, 19, 20]",,3,259,1.0,16,,0,,,16,stress,4,public_upper_bound_16,49,1870.986033,,,True,0.02404049999313429
6,0,True,0,6,1,1,0,uniform__iid__67,uniform__iid,9,,10,10,361,,bounded_transverse_width,,,,0.03154600000000052,10,,0,0,,,,,,,0,0,,2,38,0,2,2,349,width40_f015_22,[],20972.215750037813,0,,0.0,,False,0,631.6443147,"[4, 5, 7, 8, 9, 10, 14, 15, 18, 19]",30.0,4,67,,10,1,2,2,16,10,ordinary,22,full_coverage_and_all_discovered_cleared,327,6316.443147,40.0,constant,,0.03155062498990446
6,0,True,0,6,1,1,0,uniform__iid__67,uniform__iid,9,44,10,10,317,,bounded_transverse_width,,base,0,0.031193000000000026,10,,0,0,,,,,,False,0,0,44,2,38,0,2,2,305,range_width015,[],20972.215750037813,0,,0.0,,False,0,605.2443147,"[4, 5, 7, 8, 9, 10, 14, 15, 18, 19]",30.0,4,67,1.0,10,1,2,2,16,10,ordinary,22,full_coverage_and_all_discovered_cleared,283,6052.443147,40.0,constant,,0.031239708012435585
6,0,True,0,6,1,1,0,uniform__iid__67,uniform__iid,9,44,10,10,317,,bounded_transverse_width,,base,0,0.03183399999999992,10,,0,0,,,44,0,44,False,0,0,44,2,38,0,2,2,305,faithful_width015,[],20972.215750037813,0,,0.0,,False,0,605.2443147,"[4, 5, 7, 8, 9, 10, 14, 15, 18, 19]",30.0,4,67,1.0,10,1,2,2,16,10,ordinary,22,full_coverage_and_all_discovered_cleared,283,6052.443147,40.0,constant,,0.03191937500378117
10,1,True,0,10,3,3,0,uniform__iid__67,uniform__iid,7,0,10,10,327,,bounded_transverse_width,,arc,41,0.036113000000000284,10,cached_distance_prefix_sum,0,0,,,,,,False,0,0,0,4,0,0,3,2,315,arc05_noskip_width015,[],20365.908164953118,0,,0.0,,False,0,599.0181629,"[4, 5, 7, 8, 9, 10, 14, 15, 18, 19]",30.0,4,67,0.5,8,4,0,4,19,10,ordinary,22,full_coverage_and_all_discovered_cleared,292,5990.181629,40.0,constant,,0.03616420802427456
10,1,True,0,10,3,3,0,uniform__iid__67,uniform__iid,7,28,10,10,299,,bounded_transverse_width,,arc,41,0.035814999999999486,10,cached_distance_prefix_sum,0,0,,,,,,False,0,0,28,4,0,0,3,2,287,fast_arc05_width015,[],20365.908164953118,0,,0.0,,False,0,582.2181628999999,"[4, 5, 7, 8, 9, 10, 14, 15, 18, 19]",30.0,4,67,0.5,8,4,0,4,19,10,ordinary,22,full_coverage_and_all_discovered_cleared,264,5822.181629,40.0,constant,,0.035824958991725
10,1,True,0,10,3,3,0,uniform__iid__67,uniform__iid,7,28,10,10,299,,bounded_transverse_width,,arc,41,0.035680000000000156,10,cached_distance_prefix_sum,0,0,,,28,0,28,False,0,0,28,4,0,0,3,2,287,faithful_arc05_width015,[],20365.908164953118,0,,0.0,,False,0,582.2181628999999,"[4, 5, 7, 8, 9, 10, 14, 15, 18, 19]",30.0,4,67,0.5,8,4,0,4,19,10,ordinary,22,full_coverage_and_all_discovered_cleared,264,5822.181629,40.0,constant,,0.035688458010554314
7,1,True,0,7,1,1,0,uniform__iid__67,uniform__iid,9,0,10,10,353,,bounded_transverse_width,,locked,38,0.027922999999999476,10,cached_distance_prefix_sum,0,0,,,,,,True,0,0,0,4,0,0,3,2,341,locked_noskip_width015,[],22011.904280567767,0,,0.0,,False,0,647.6380856,"[4, 5, 7, 8, 9, 10, 14, 15, 18, 19]",30.0,4,67,1.0,9,4,3,4,16,10,ordinary,22,full_coverage_and_all_discovered_cleared,319,6476.380856,40.0,constant,,0.027973000018391758
7,1,True,0,7,1,1,0,uniform__iid__67,uniform__iid,9,33,10,10,320,,bounded_transverse_width,,locked,38,0.026971999999999774,10,cached_distance_prefix_sum,0,0,,,,,,True,0,0,33,4,0,0,3,2,308,fast_locked_width015,[],22011.904280567767,0,,0.0,,False,0,627.8380856,"[4, 5, 7, 8, 9, 10, 14, 15, 18, 19]",30.0,4,67,1.0,9,4,3,4,16,10,ordinary,22,full_coverage_and_all_discovered_cleared,286,6278.380856,40.0,constant,,0.026998208952136338
7,1,True,0,7,1,1,0,uniform__iid__67,uniform__iid,9,29,10,10,324,,bounded_transverse_width,,locked,38,0.02721100000000032,10,cached_distance_prefix_sum,0,0,,,29,4,29,True,0,0,29,4,0,0,3,2,312,faithful_locked_width015,[],22011.904280567767,0,,0.0,,False,0,630.6380856,"[4, 5, 7, 8, 9, 10, 14, 15, 18, 19]",30.0,4,67,1.0,9,4,3,4,16,10,ordinary,22,full_coverage_and_all_discovered_cleared,294,6306.380856,40.0,constant,,0.027279082976747304
15,3,True,0,15,3,3,1,uniform__iid__68,uniform__iid,12,,15,15,327,,bounded_transverse_width,,,,0.046875,15,,0,0,,,,,,,0,0,,1,50,0,4,3,310,width40_f015_22,[],23284.201602154062,0,,0.0,,False,0,437.7893545333333,"[2, 4, 5, 6, 8, 9, 11, 12, 13, 14, 15, 16, 17, 19, 20]",30.0,4,68,,20,17,11,1,28,15,ordinary,22,full_coverage_and_all_discovered_cleared,285,6566.840318,40.0,constant,,0.04688916599843651
15,3,True,0,15,3,3,1,uniform__iid__68,uniform__iid,12,38,15,15,289,,bounded_transverse_width,,base,0,0.046196000000000126,15,,0,0,,,,,,False,0,0,38,1,50,0,4,3,272,range_width015,[],23284.201602154062,0,,0.0,,False,0,422.5893545333333,"[2, 4, 5, 6, 8, 9, 11, 12, 13, 14, 15, 16, 17, 19, 20]",30.0,4,68,1.0,20,17,11,1,28,15,ordinary,22,full_coverage_and_all_discovered_cleared,247,6338.840318,40.0,constant,,0.046244375000242144
15,3,True,0,15,3,3,1,uniform__iid__68,uniform__iid,12,38,15,15,289,,bounded_transverse_width,,base,0,0.04659200000000041,15,,0,0,,,38,0,38,False,0,0,38,1,50,0,4,3,272,faithful_width015,[],23284.201602154062,0,,0.0,,False,0,422.5893545333333,"[2, 4, 5, 6, 8, 9, 11, 12, 13, 14, 15, 16, 17, 19, 20]",30.0,4,68,1.0,20,17,11,1,28,15,ordinary,22,full_coverage_and_all_discovered_cleared,247,6338.840318,40.0,constant,,0.046640000015031546
20,3,True,0,20,3,3,1,uniform__iid__68,uniform__iid,12,0,15,15,295,,bounded_transverse_width,,arc,55,0.050985999999999976,15,cached_distance_prefix_sum,0,0,,,,,,False,0,0,0,5,0,0,3,3,278,arc05_noskip_width015,[],23108.235111800113,0,,0.0,,False,0,422.50980146666666,"[2, 4, 5, 6, 8, 9, 11, 12, 13, 14, 15, 16, 17, 19, 20]",30.0,4,68,0.5,21,6,20,5,33,15,ordinary,22,full_coverage_and_all_discovered_cleared,251,6337.647022,40.0,constant,,0.05100466700969264
20,3,True,0,20,3,3,1,uniform__iid__68,uniform__iid,12,22,15,15,273,,bounded_transverse_width,,arc,55,0.0491779999999995,15,cached_distance_prefix_sum,0,0,,,,,,False,0,0,22,5,0,0,3,3,256,fast_arc05_width015,[],23108.235111800113,0,,0.0,,False,0,413.9098014666667,"[2, 4, 5, 6, 8, 9, 11, 12, 13, 14, 15, 16, 17, 19, 20]",30.0,4,68,0.5,21,6,20,5,33,15,ordinary,22,full_coverage_and_all_discovered_cleared,232,6208.647022,40.0,constant,,0.04921237501548603
20,3,True,0,20,3,3,1,uniform__iid__68,uniform__iid,12,18,15,15,277,,bounded_transverse_width,,arc,55,0.05013200000000051,15,cached_distance_prefix_sum,0,0,,,18,4,18,False,0,0,18,5,0,0,3,3,260,faithful_arc05_width015,[],23108.235111800113,0,,0.0,,False,0,415.4431348,"[2, 4, 5, 6, 8, 9, 11, 12, 13, 14, 15, 16, 17, 19, 20]",30.0,4,68,0.5,21,6,20,5,33,15,ordinary,22,full_coverage_and_all_discovered_cleared,235,6231.647022,40.0,constant,,0.05018279200885445
8,2,True,0,8,5,5,1,uniform__iid__68,uniform__iid,10,0,15,15,264,,bounded_transverse_width,,locked,44,0.03939499999999985,15,cached_distance_prefix_sum,0,0,,,,,,True,0,0,0,4,0,0,3,2,247,locked_noskip_width015,[],22047.43075760243,0,,0.0,,False,0,396.1657432,"[2, 4, 5, 6, 8, 9, 11, 12, 13, 14, 15, 16, 17, 19, 20]",30.0,4,68,1.0,28,4,3,4,22,15,ordinary,22,full_coverage_and_all_discovered_cleared,223,5942.486148,40.0,constant,,0.0394336250028573
8,2,True,0,8,5,5,1,uniform__iid__68,uniform__iid,10,24,15,15,240,,bounded_transverse_width,,locked,44,0.03820900000000016,15,cached_distance_prefix_sum,0,0,,,,,,True,0,0,24,4,0,0,3,2,223,fast_locked_width015,[],22047.43075760243,0,,0.0,,False,0,386.5657432,"[2, 4, 5, 6, 8, 9, 11, 12, 13, 14, 15, 16, 17, 19, 20]",30.0,4,68,1.0,28,4,3,4,22,15,ordinary,22,full_coverage_and_all_discovered_cleared,199,5798.486148,40.0,constant,,0.03825137502280995
8,2,True,0,8,5,5,1,uniform__iid__68,uniform__iid,10,22,15,15,242,,bounded_transverse_width,,locked,44,0.03869800000000012,15,cached_distance_prefix_sum,0,0,,,22,2,22,True,0,0,22,4,0,0,3,2,225,faithful_locked_width015,[],22047.43075760243,0,,0.0,,False,0,387.43240986666666,"[2, 4, 5, 6, 8, 9, 11, 12, 13, 14, 15, 16, 17, 19, 20]",30.0,4,68,1.0,28,4,3,4,22,15,ordinary,22,full_coverage_and_all_discovered_cleared,202,5811.486148,40.0,constant,,0.0387470840360038
9,0,True,0,9,6,6,0,uniform__iid__69,uniform__iid,9,,15,15,266,,bounded_transverse_width,,,,0.04993299999999934,15,,0,0,,,,,,,0,0,,2,46,0,2,2,249,width40_f015_22,[],21823.84216933692,0,,0.0,,False,0,394.1845620666667,"[2, 3, 4, 5, 6, 7, 8, 9, 10, 11, 12, 13, 14, 16, 18]",30.0,4,69,,25,2,1,2,24,15,ordinary,22,full_coverage_and_all_discovered_cleared,228,5912.768431,40.0,constant,,0.05001070798607543
9,0,True,0,9,6,6,0,uniform__iid__69,uniform__iid,9,29,15,15,237,,bounded_transverse_width,,base,0,0.04952600000000018,15,,0,0,,,,,,False,0,0,29,2,46,0,2,2,220,range_width015,[],21823.84216933692,0,,0.0,,False,0,382.5845620666667,"[2, 3, 4, 5, 6, 7, 8, 9, 10, 11, 12, 13, 14, 16, 18]",30.0,4,69,1.0,25,2,1,2,24,15,ordinary,22,full_coverage_and_all_discovered_cleared,199,5738.768431,40.0,constant,,0.04956970800412819
9,0,True,0,9,6,6,0,uniform__iid__69,uniform__iid,9,29,15,15,237,,bounded_transverse_width,,base,0,0.04947400000000002,15,,0,0,,,29,0,29,False,0,0,29,2,46,0,2,2,220,faithful_width015,[],21823.84216933692,0,,0.0,,False,0,382.5845620666667,"[2, 3, 4, 5, 6, 7, 8, 9, 10, 11, 12, 13, 14, 16, 18]",30.0,4,69,1.0,25,2,1,2,24,15,ordinary,22,full_coverage_and_all_discovered_cleared,199,5738.768431,40.0,constant,,0.04955070902360603
12,2,True,0,12,5,5,1,uniform__iid__69,uniform__iid,10,0,15,15,259,,bounded_transverse_width,,arc,48,0.051446000000000325,15,cached_distance_prefix_sum,0,0,,,,,,False,0,0,0,6,0,0,4,3,242,arc05_noskip_width015,[],25545.788982773574,0,,0.0,,False,0,440.87718620000004,"[2, 3, 4, 5, 6, 7, 8, 9, 10, 11, 12, 13, 14, 16, 18]",30.0,4,69,0.5,24,0,17,6,26,15,ordinary,22,full_coverage_and_all_discovered_cleared,219,6613.157793,40.0,constant,,0.051479834015481174
12,2,True,0,12,5,5,1,uniform__iid__69,uniform__iid,10,19,15,15,240,,bounded_transverse_width,,arc,48,0.050971000000000544,15,cached_distance_prefix_sum,0,0,,,,,,False,0,0,19,6,0,0,4,3,223,fast_arc05_width015,[],25545.788982773574,0,,0.0,,False,0,433.2771862,"[2, 3, 4, 5, 6, 7, 8, 9, 10, 11, 12, 13, 14, 16, 18]",30.0,4,69,0.5,24,0,17,6,26,15,ordinary,22,full_coverage_and_all_discovered_cleared,200,6499.157793,40.0,constant,,0.05097816599300131
12,2,True,0,12,5,5,1,uniform__iid__69,uniform__iid,10,19,15,15,240,,bounded_transverse_width,,arc,48,0.05140600000000006,15,cached_distance_prefix_sum,0,0,,,19,0,19,False,0,0,19,6,0,0,4,3,223,faithful_arc05_width015,[],25545.788982773574,0,,0.0,,False,0,433.2771862,"[2, 3, 4, 5, 6, 7, 8, 9, 10, 11, 12, 13, 14, 16, 18]",30.0,4,69,0.5,24,0,17,6,26,15,ordinary,22,full_coverage_and_all_discovered_cleared,200,6499.157793,40.0,constant,,0.051472791004925966
5,1,True,0,5,5,5,0,uniform__iid__69,uniform__iid,10,0,15,15,270,,bounded_transverse_width,,locked,41,0.044309999999999405,15,cached_distance_prefix_sum,0,0,,,,,,True,0,0,0,1,0,0,2,2,253,locked_noskip_width015,[],22359.20184193586,0,,0.0,,False,0,402.6560242,"[2, 3, 4, 5, 6, 7, 8, 9, 10, 11, 12, 13, 14, 16, 18]",30.0,4,69,1.0,27,0,3,1,19,15,ordinary,22,full_coverage_and_all_discovered_cleared,228,6039.840363,40.0,constant,,0.044358375016599894
5,1,True,0,5,5,5,0,uniform__iid__69,uniform__iid,10,33,15,15,237,,bounded_transverse_width,,locked,41,0.04378600000000077,15,cached_distance_prefix_sum,0,0,,,,,,True,0,0,33,1,0,0,2,2,220,fast_locked_width015,[],22359.20184193586,0,,0.0,,False,0,389.4560242,"[2, 3, 4, 5, 6, 7, 8, 9, 10, 11, 12, 13, 14, 16, 18]",30.0,4,69,1.0,27,0,3,1,19,15,ordinary,22,full_coverage_and_all_discovered_cleared,195,5841.840363,40.0,constant,,0.04380583297461271
5,1,True,0,5,5,5,0,uniform__iid__69,uniform__iid,10,33,15,15,237,,bounded_transverse_width,,locked,41,0.04394600000000004,15,cached_distance_prefix_sum,0,0,,,33,0,33,True,0,0,33,1,0,0,2,2,220,faithful_locked_width015,[],22359.20184193586,0,,0.0,,False,0,389.4560242,"[2, 3, 4, 5, 6, 7, 8, 9, 10, 11, 12, 13, 14, 16, 18]",30.0,4,69,1.0,27,0,3,1,19,15,ordinary,22,full_coverage_and_all_discovered_cleared,195,5841.840363,40.0,constant,,0.04401766596129164
13,4,True,0,13,2,2,0,uniform__iid__70,uniform__iid,8,,10,10,333,,bounded_transverse_width,,,,0.030956000000001538,10,,0,0,,,,,,,0,0,,3,41,0,4,3,321,width40_f015_22,[],21303.571196271037,0,,0.0,,False,0,621.4714239,"[2, 3, 5, 10, 11, 13, 15, 16, 19, 20]",30.0,4,70,,6,3,9,3,19,10,ordinary,22,full_coverage_and_all_discovered_cleared,299,6214.714239,40.0,constant,,0.031010041013360023
13,4,True,0,13,2,2,0,uniform__iid__70,uniform__iid,8,5,10,10,328,,bounded_transverse_width,,base,0,0.03096600000000116,10,,0,0,,,,,,False,0,0,5,3,41,0,4,3,316,range_width015,[],21303.571196271037,0,,0.0,,False,0,618.4714239,"[2, 3, 5, 10, 11, 13, 15, 16, 19, 20]",30.0,4,70,1.0,6,3,9,3,19,10,ordinary,22,full_coverage_and_all_discovered_cleared,294,6184.714239,40.0,constant,,0.030983459029812366
13,4,True,0,13,2,2,0,uniform__iid__70,uniform__iid,8,3,10,10,330,,bounded_transverse_width,,base,0,0.031061000000001115,10,,0,0,,,3,2,3,False,0,0,3,3,41,0,4,3,318,faithful_width015,[],21303.571196271037,0,,0.0,,False,0,619.8714239,"[2, 3, 5, 10, 11, 13, 15, 16, 19, 20]",30.0,4,70,1.0,6,3,9,3,19,10,ordinary,22,full_coverage_and_all_discovered_cleared,298,6198.714239,40.0,constant,,0.03107204200932756
17,4,True,0,17,1,1,0,uniform__iid__70,uniform__iid,9,0,10,10,350,,bounded_transverse_width,,arc,45,0.042006999999999906,10,cached_distance_prefix_sum,0,0,,,,,,False,0,0,0,7,0,0,4,3,338,arc05_noskip_width015,[],22958.931217557558,0,,0.0,,False,0,664.5786241,"[2, 3, 5, 10, 11, 13, 15, 16, 19, 20]",30.0,4,70,0.5,7,1,0,7,23,10,ordinary,22,full_coverage_and_all_discovered_cleared,314,6645.786241,40.0,constant,,0.042072542011737823
17,4,True,0,17,1,1,0,uniform__iid__70,uniform__iid,9,20,10,10,330,,bounded_transverse_width,,arc,45,0.04134200000000021,10,cached_distance_prefix_sum,0,0,,,,,,False,0,0,20,7,0,0,4,3,318,fast_arc05_width015,[],22958.931217557558,0,,0.0,,False,0,652.6786241,"[2, 3, 5, 10, 11, 13, 15, 16, 19, 20]",30.0,4,70,0.5,7,1,0,7,23,10,ordinary,22,full_coverage_and_all_discovered_cleared,295,6526.786241,40.0,constant,,0.04138533299556002
17,4,True,0,17,1,1,0,uniform__iid__70,uniform__iid,9,19,10,10,331,,bounded_transverse_width,,arc,45,0.04237299999999955,10,cached_distance_prefix_sum,0,0,,,19,1,19,False,0,0,19,7,0,0,4,3,319,faithful_arc05_width015,[],22958.931217557558,0,,0.0,,False,0,653.2786241,"[2, 3, 5, 10, 11, 13, 15, 16, 19, 20]",30.0,4,70,0.5,7,1,0,7,23,10,ordinary,22,full_coverage_and_all_discovered_cleared,296,6532.786241,40.0,constant,,0.04238879197509959
11,1,True,0,11,3,3,0,uniform__iid__70,uniform__iid,7,0,10,10,349,,bounded_transverse_width,,locked,42,0.02969299999999997,10,cached_distance_prefix_sum,0,0,,,,,,True,0,0,0,4,0,0,3,3,337,locked_noskip_width015,[],21246.015282373417,0,,0.0,,False,0,629.9203054,"[2, 3, 5, 10, 11, 13, 15, 16, 19, 20]",30.0,4,70,1.0,4,1,12,4,20,10,ordinary,22,full_coverage_and_all_discovered_cleared,315,6299.203054,40.0,constant,,0.029692750016693026
11,1,True,0,11,3,3,0,uniform__iid__70,uniform__iid,7,21,10,10,328,,bounded_transverse_width,,locked,42,0.029350000000000875,10,cached_distance_prefix_sum,0,0,,,,,,True,0,0,21,4,0,0,3,3,316,fast_locked_width015,[],21246.015282373417,0,,0.0,,False,0,617.4203054,"[2, 3, 5, 10, 11, 13, 15, 16, 19, 20]",30.0,4,70,1.0,4,1,12,4,20,10,ordinary,22,full_coverage_and_all_discovered_cleared,295,6174.203054,40.0,constant,,0.029376374965067953
11,1,True,0,11,3,3,0,uniform__iid__70,uniform__iid,7,16,10,10,333,,bounded_transverse_width,,locked,42,0.029804000000000386,10,cached_distance_prefix_sum,0,0,,,16,5,16,True,0,0,16,4,0,0,3,3,321,faithful_locked_width015,[],21246.015282373417,0,,0.0,,False,0,620.7203053999999,"[2, 3, 5, 10, 11, 13, 15, 16, 19, 20]",30.0,4,70,1.0,4,1,12,4,20,10,ordinary,22,full_coverage_and_all_discovered_cleared,303,6207.203054,40.0,constant,,0.02985375002026558
12,2,True,0,12,1,1,0,uniform__iid__71,uniform__iid,11,,12,12,323,,bounded_transverse_width,,,,0.03691599999999973,12,,0,0,,,,,,,0,0,,5,44,0,5,3,309,width40_f015_22,[],24976.82716890783,0,,0.0,,False,0,573.6137860833334,"[1, 2, 4, 5, 7, 9, 10, 13, 17, 18, 19, 20]",30.0,4,71,,13,2,10,5,22,12,ordinary,22,full_coverage_and_all_discovered_cleared,283,6883.365433,40.0,constant,,0.03693745797500014
12,2,True,0,12,1,1,0,uniform__iid__71,uniform__iid,11,27,12,12,296,,bounded_transverse_width,,base,0,0.03638399999999997,12,,0,0,,,,,,False,0,0,27,5,44,0,5,3,282,range_width015,[],24976.82716890783,0,,0.0,,False,0,560.1137860833334,"[1, 2, 4, 5, 7, 9, 10, 13, 17, 18, 19, 20]",30.0,4,71,1.0,13,2,10,5,22,12,ordinary,22,full_coverage_and_all_discovered_cleared,256,6721.365433,40.0,constant,,0.036393625021446496
12,2,True,0,12,1,1,0,uniform__iid__71,uniform__iid,11,24,12,12,299,,bounded_transverse_width,,base,0,0.036592999999999876,12,,0,0,,,24,3,24,False,0,0,24,5,44,0,5,3,285,faithful_width015,[],24976.82716890783,0,,0.0,,False,0,561.78045275,"[1, 2, 4, 5, 7, 9, 10, 13, 17, 18, 19, 20]",30.0,4,71,1.0,13,2,10,5,22,12,ordinary,22,full_coverage_and_all_discovered_cleared,261,6741.365433,40.0,constant,,0.03664766700239852
10,2,True,0,10,3,3,1,uniform__iid__71,uniform__iid,9,0,12,12,322,,bounded_transverse_width,,arc,43,0.04590499999999942,12,cached_distance_prefix_sum,0,0,,,,,,False,0,0,0,3,0,0,3,3,308,arc05_noskip_width015,[],22224.802128091833,0,,0.0,,False,0,527.496702,"[1, 2, 4, 5, 7, 9, 10, 13, 17, 18, 19, 20]",30.0,4,71,0.5,14,5,0,3,21,12,ordinary,22,full_coverage_and_all_discovered_cleared,285,6329.960424,40.0,constant,,0.04596737498650327
10,2,True,0,10,3,3,1,uniform__iid__71,uniform__iid,9,27,12,12,295,,bounded_transverse_width,,arc,43,0.045060999999998685,12,cached_distance_prefix_sum,0,0,,,,,,False,0,0,27,3,0,0,3,3,281,fast_arc05_width015,[],22224.802128091833,0,,0.0,,False,0,513.996702,"[1, 2, 4, 5, 7, 9, 10, 13, 17, 18, 19, 20]",30.0,4,71,0.5,14,5,0,3,21,12,ordinary,22,full_coverage_and_all_discovered_cleared,258,6167.960424,40.0,constant,,0.04508008301490918
10,2,True,0,10,3,3,1,uniform__iid__71,uniform__iid,9,27,12,12,295,,bounded_transverse_width,,arc,43,0.0456789999999998,12,cached_distance_prefix_sum,0,0,,,27,0,27,False,0,0,27,3,0,0,3,3,281,faithful_arc05_width015,[],22224.802128091833,0,,0.0,,False,0,513.996702,"[1, 2, 4, 5, 7, 9, 10, 13, 17, 18, 19, 20]",30.0,4,71,0.5,14,5,0,3,21,12,ordinary,22,full_coverage_and_all_discovered_cleared,258,6167.960424,40.0,constant,,0.04576108301989734
13,5,True,0,13,2,2,2,uniform__iid__71,uniform__iid,10,0,12,12,328,,bounded_transverse_width,,locked,44,0.03762099999999968,12,cached_distance_prefix_sum,0,0,,,,,,True,0,0,0,3,0,0,4,3,314,locked_noskip_width015,[],23826.766621931572,0,,0.0,,False,0,556.9461102500001,"[1, 2, 4, 5, 7, 9, 10, 13, 17, 18, 19, 20]",30.0,4,71,1.0,12,11,22,3,22,12,ordinary,22,full_coverage_and_all_discovered_cleared,288,6683.353323,40.0,constant,,0.03766658395761624
13,5,True,0,13,2,2,2,uniform__iid__71,uniform__iid,10,23,12,12,305,,bounded_transverse_width,,locked,44,0.0382839999999991,12,cached_distance_prefix_sum,0,0,,,,,,True,0,0,23,3,0,0,4,3,291,fast_locked_width015,[],23826.766621931572,0,,0.0,,False,0,545.4461102500001,"[1, 2, 4, 5, 7, 9, 10, 13, 17, 18, 19, 20]",30.0,4,71,1.0,12,11,22,3,22,12,ordinary,22,full_coverage_and_all_discovered_cleared,265,6545.353323,40.0,constant,,0.038305833004415035
13,5,True,0,13,2,2,2,uniform__iid__71,uniform__iid,10,21,12,12,307,,bounded_transverse_width,,locked,44,0.03756199999999943,12,cached_distance_prefix_sum,0,0,,,21,2,21,True,0,0,21,3,0,0,4,3,293,faithful_locked_width015,[],23826.766621931572,0,,0.0,,False,0,546.7794435833333,"[1, 2, 4, 5, 7, 9, 10, 13, 17, 18, 19, 20]",30.0,4,71,1.0,12,11,22,3,22,12,ordinary,22,full_coverage_and_all_discovered_cleared,271,6561.353323,40.0,constant,,0.03759754099883139
10,1,True,0,10,1,1,0,uniform__smooth__67,uniform__smooth,9,,10,10,326,,bounded_transverse_width,,,,0.03231200000000101,10,,0,0,,,,,,,0,0,,3,41,0,2,2,314,width40_f015_22,[],20118.418269070004,0,,0.0,,False,0,593.5683652,"[4, 5, 7, 8, 9, 10, 14, 15, 18, 19]",30.0,4,67,,10,2,0,3,19,10,ordinary,22,full_coverage_and_all_discovered_cleared,292,5935.683652,40.0,constant,,0.032372499990742654
10,1,True,0,10,1,1,0,uniform__smooth__67,uniform__smooth,9,23,10,10,303,,bounded_transverse_width,,base,0,0.03229799999999905,10,,0,0,,,,,,False,0,0,23,3,41,0,2,2,291,range_width015,[],20118.418269070004,0,,0.0,,False,0,579.7683652,"[4, 5, 7, 8, 9, 10, 14, 15, 18, 19]",30.0,4,67,1.0,10,2,0,3,19,10,ordinary,22,full_coverage_and_all_discovered_cleared,269,5797.683652,40.0,constant,,0.032344582956284285
10,1,True,0,10,1,1,0,uniform__smooth__67,uniform__smooth,9,23,10,10,303,,bounded_transverse_width,,base,0,0.032419000000000864,10,,0,0,,,23,0,23,False,0,0,23,3,41,0,2,2,291,faithful_width015,[],20118.418269070004,0,,0.0,,False,0,579.7683652,"[4, 5, 7, 8, 9, 10, 14, 15, 18, 19]",30.0,4,67,1.0,10,2,0,3,19,10,ordinary,22,full_coverage_and_all_discovered_cleared,269,5797.683652,40.0,constant,,0.03243625001050532
13,1,True,0,13,3,3,0,uniform__smooth__67,uniform__smooth,7,0,10,10,325,,bounded_transverse_width,,arc,44,0.0391849999999998,10,cached_distance_prefix_sum,0,0,,,,,,False,0,0,0,3,0,0,3,3,313,arc05_noskip_width015,[],20063.168854289175,0,,0.0,,False,0,592.0633769,"[4, 5, 7, 8, 9, 10, 14, 15, 18, 19]",30.0,4,67,0.5,9,4,0,3,22,10,ordinary,22,full_coverage_and_all_discovered_cleared,293,5920.633769,40.0,constant,,0.03919666598085314
13,1,True,0,13,3,3,0,uniform__smooth__67,uniform__smooth,7,22,10,10,303,,bounded_transverse_width,,arc,44,0.03811300000000095,10,cached_distance_prefix_sum,0,0,,,,,,False,0,0,22,3,0,0,3,3,291,fast_arc05_width015,[],20063.168854289175,0,,0.0,,False,0,578.8633769,"[4, 5, 7, 8, 9, 10, 14, 15, 18, 19]",30.0,4,67,0.5,9,4,0,3,22,10,ordinary,22,full_coverage_and_all_discovered_cleared,271,5788.633769,40.0,constant,,0.038153499946929514
13,1,True,0,13,3,3,0,uniform__smooth__67,uniform__smooth,7,22,10,10,303,,bounded_transverse_width,,arc,44,0.03829100000000096,10,cached_distance_prefix_sum,0,0,,,22,0,22,False,0,0,22,3,0,0,3,3,291,faithful_arc05_width015,[],20063.168854289175,0,,0.0,,False,0,578.8633769,"[4, 5, 7, 8, 9, 10, 14, 15, 18, 19]",30.0,4,67,0.5,9,4,0,3,22,10,ordinary,22,full_coverage_and_all_discovered_cleared,271,5788.633769,40.0,constant,,0.038345832959748805
7,1,True,0,7,2,2,0,uniform__smooth__67,uniform__smooth,8,0,10,10,353,,bounded_transverse_width,,locked,38,0.02849600000000052,10,cached_distance_prefix_sum,0,0,,,,,,True,0,0,0,3,0,0,3,2,341,locked_noskip_width015,[],21975.47933364178,0,,0.0,,False,0,646.8095863,"[4, 5, 7, 8, 9, 10, 14, 15, 18, 19]",30.0,4,67,1.0,9,2,0,3,16,10,ordinary,22,full_coverage_and_all_discovered_cleared,318,6468.095863,40.0,constant,,0.02851874998304993
7,1,True,0,7,2,2,0,uniform__smooth__67,uniform__smooth,8,33,10,10,320,,bounded_transverse_width,,locked,38,0.028053999999999135,10,cached_distance_prefix_sum,0,0,,,,,,True,0,0,33,3,0,0,3,2,308,fast_locked_width015,[],21975.47933364178,0,,0.0,,False,0,627.1095862999999,"[4, 5, 7, 8, 9, 10, 14, 15, 18, 19]",30.0,4,67,1.0,9,2,0,3,16,10,ordinary,22,full_coverage_and_all_discovered_cleared,286,6271.095863,40.0,constant,,0.028063542034942657
7,1,True,0,7,2,2,0,uniform__smooth__67,uniform__smooth,8,29,10,10,324,,bounded_transverse_width,,locked,38,0.02833900000000078,10,cached_distance_prefix_sum,0,0,,,29,4,29,True,0,0,29,3,0,0,3,2,312,faithful_locked_width015,[],21975.47933364178,0,,0.0,,False,0,629.8095863,"[4, 5, 7, 8, 9, 10, 14, 15, 18, 19]",30.0,4,67,1.0,9,2,0,3,16,10,ordinary,22,full_coverage_and_all_discovered_cleared,293,6298.095863,40.0,constant,,0.028339415963273495
13,2,True,0,13,4,4,1,uniform__smooth__68,uniform__smooth,11,,15,15,328,,bounded_transverse_width,,,,0.04761099999999985,15,,0,0,,,,,,,0,0,,5,49,0,3,2,311,width40_f015_22,[],22158.672821412274,0,,0.0,,False,0,423.248971,"[2, 4, 5, 6, 8, 9, 11, 12, 13, 14, 15, 16, 17, 19, 20]",30.0,4,68,,17,1,34,5,27,15,ordinary,22,full_coverage_and_all_discovered_cleared,287,6348.734565,40.0,constant,,0.04763883404666558
13,2,True,0,13,4,4,1,uniform__smooth__68,uniform__smooth,11,37,15,15,291,,bounded_transverse_width,,base,0,0.04757199999999884,15,,0,0,,,,,,False,0,0,37,5,49,0,3,2,274,range_width015,[],22158.672821412274,0,,0.0,,False,0,408.51563766666663,"[2, 4, 5, 6, 8, 9, 11, 12, 13, 14, 15, 16, 17, 19, 20]",30.0,4,68,1.0,17,1,34,5,27,15,ordinary,22,full_coverage_and_all_discovered_cleared,251,6127.734565,40.0,constant,,0.04761087504448369
13,2,True,0,13,4,4,1,uniform__smooth__68,uniform__smooth,11,36,15,15,292,,bounded_transverse_width,,base,0,0.04706099999999935,15,,0,0,,,36,1,36,False,0,0,36,5,49,0,3,2,275,faithful_width015,[],22158.672821412274,0,,0.0,,False,0,408.848971,"[2, 4, 5, 6, 8, 9, 11, 12, 13, 14, 15, 16, 17, 19, 20]",30.0,4,68,1.0,17,1,34,5,27,15,ordinary,22,full_coverage_and_all_discovered_cleared,251,6132.734565,40.0,constant,,0.047083457990083843
16,2,True,0,16,3,4,1,uniform__smooth__68,uniform__smooth,12,0,16,15,321,,bounded_transverse_width,,arc,52,0.05397600000000047,15,cached_distance_prefix_sum,0,0,,,,,,False,0,0,0,4,0,0,3,3,303,arc05_noskip_width015,[],22546.37372380799,0,,0.0,,False,0,425.3516496666667,"[2, 4, 5, 6, 8, 9, 11, 12, 13, 14, 15, 16, 17, 19, 20]",30.0,4,68,0.5,14,1,30,4,30,15,ordinary,22,full_coverage_and_all_discovered_cleared,278,6380.274745,40.0,constant,,0.05401066702324897
16,2,True,0,16,3,4,1,uniform__smooth__68,uniform__smooth,12,35,16,15,286,,bounded_transverse_width,,arc,52,0.05285699999999949,15,cached_distance_prefix_sum,0,0,,,,,,False,0,0,35,4,0,0,3,3,268,fast_arc05_width015,[],22546.37372380799,0,,0.0,,False,0,411.41831633333334,"[2, 4, 5, 6, 8, 9, 11, 12, 13, 14, 15, 16, 17, 19, 20]",30.0,4,68,0.5,14,1,30,4,30,15,ordinary,22,full_coverage_and_all_discovered_cleared,244,6171.274745,40.0,constant,,0.052862374985124916
16,2,True,0,16,3,4,1,uniform__smooth__68,uniform__smooth,12,34,16,15,287,,bounded_transverse_width,,arc,52,0.05341100000000054,15,cached_distance_prefix_sum,0,0,,,34,1,34,False,0,0,34,4,0,0,3,3,269,faithful_arc05_width015,[],22546.37372380799,0,,0.0,,False,0,411.75164966666665,"[2, 4, 5, 6, 8, 9, 11, 12, 13, 14, 15, 16, 17, 19, 20]",30.0,4,68,0.5,14,1,30,4,30,15,ordinary,22,full_coverage_and_all_discovered_cleared,244,6176.274745,40.0,constant,,0.05344754201360047
8,2,True,0,8,5,5,1,uniform__smooth__68,uniform__smooth,10,0,15,15,270,,bounded_transverse_width,,locked,44,0.04250899999999902,15,cached_distance_prefix_sum,0,0,,,,,,True,0,0,0,3,0,0,3,2,253,locked_noskip_width015,[],22232.690808021667,0,,0.0,,False,0,401.1025439333333,"[2, 4, 5, 6, 8, 9, 11, 12, 13, 14, 15, 16, 17, 19, 20]",30.0,4,68,1.0,33,8,8,3,22,15,ordinary,22,full_coverage_and_all_discovered_cleared,230,6016.538159,40.0,constant,,0.04254716698778793
8,2,True,0,8,5,5,1,uniform__smooth__68,uniform__smooth,10,23,15,15,247,,bounded_transverse_width,,locked,44,0.04163899999999998,15,cached_distance_prefix_sum,0,0,,,,,,True,0,0,23,3,0,0,3,2,230,fast_locked_width015,[],22232.690808021667,0,,0.0,,False,0,391.9692106,"[2, 4, 5, 6, 8, 9, 11, 12, 13, 14, 15, 16, 17, 19, 20]",30.0,4,68,1.0,33,8,8,3,22,15,ordinary,22,full_coverage_and_all_discovered_cleared,208,5879.538159,40.0,constant,,0.041682708950247616
8,2,True,0,8,5,5,1,uniform__smooth__68,uniform__smooth,10,21,15,15,249,,bounded_transverse_width,,locked,44,0.042336000000000595,15,cached_distance_prefix_sum,0,0,,,21,2,21,True,0,0,21,3,0,0,3,2,232,faithful_locked_width015,[],22232.690808021667,0,,0.0,,False,0,392.83587726666667,"[2, 4, 5, 6, 8, 9, 11, 12, 13, 14, 15, 16, 17, 19, 20]",30.0,4,68,1.0,33,8,8,3,22,15,ordinary,22,full_coverage_and_all_discovered_cleared,211,5892.538159,40.0,constant,,0.04236433299956843
13,1,True,0,13,1,2,0,uniform__smooth__69,uniform__smooth,14,,16,15,294,,bounded_transverse_width,,,,0.05367400000000089,15,,0,0,,,,,,,0,0,,1,49,0,4,3,276,width40_f015_22,[],24232.059215281944,0,,0.0,,False,0,437.1607892,"[2, 3, 4, 5, 6, 7, 8, 9, 10, 11, 12, 13, 14, 16, 18]",30.0,4,69,,29,5,50,1,27,15,ordinary,22,full_coverage_and_all_discovered_cleared,253,6557.411838,40.0,constant,,0.05370629095705226
13,1,True,0,13,1,2,0,uniform__smooth__69,uniform__smooth,14,30,16,15,264,,bounded_transverse_width,,base,0,0.052830000000000155,15,,0,0,,,,,,False,0,0,30,1,49,0,4,3,246,range_width015,[],24232.059215281944,0,,0.0,,False,0,425.2274558666667,"[2, 3, 4, 5, 6, 7, 8, 9, 10, 11, 12, 13, 14, 16, 18]",30.0,4,69,1.0,29,5,50,1,27,15,ordinary,22,full_coverage_and_all_discovered_cleared,224,6378.411838,40.0,constant,,0.0528898750199005
13,1,True,0,13,1,2,0,uniform__smooth__69,uniform__smooth,14,29,16,15,265,,bounded_transverse_width,,base,0,0.053753000000000384,15,,0,0,,,29,1,29,False,0,0,29,1,49,0,4,3,247,faithful_width015,[],24232.059215281944,0,,0.0,,False,0,425.5607892,"[2, 3, 4, 5, 6, 7, 8, 9, 10, 11, 12, 13, 14, 16, 18]",30.0,4,69,1.0,29,5,50,1,27,15,ordinary,22,full_coverage_and_all_discovered_cleared,224,6383.411838,40.0,constant,,0.05377329100156203
17,3,True,0,17,3,5,0,uniform__smooth__69,uniform__smooth,12,0,17,15,255,,bounded_transverse_width,,arc,51,0.054494999999999294,15,cached_distance_prefix_sum,0,0,,,,,,False,0,0,0,6,0,0,4,3,236,arc05_noskip_width015,[],21977.060324934737,0,,0.0,,False,0,391.22747073333335,"[2, 3, 4, 5, 6, 7, 8, 9, 10, 11, 12, 13, 14, 16, 18]",30.0,4,69,0.5,24,17,17,6,29,15,ordinary,22,full_coverage_and_all_discovered_cleared,212,5868.412061,40.0,constant,,0.05455775000154972
17,3,True,0,17,3,5,0,uniform__smooth__69,uniform__smooth,12,16,17,15,239,,bounded_transverse_width,,arc,51,0.055124999999998536,15,cached_distance_prefix_sum,0,0,,,,,,False,0,0,16,6,0,0,4,3,220,fast_arc05_width015,[],21977.060324934737,0,,0.0,,False,0,384.8274707333333,"[2, 3, 4, 5, 6, 7, 8, 9, 10, 11, 12, 13, 14, 16, 18]",30.0,4,69,0.5,24,17,17,6,29,15,ordinary,22,full_coverage_and_all_discovered_cleared,196,5772.412061,40.0,constant,,0.05514379101805389
17,3,True,0,17,3,5,0,uniform__smooth__69,uniform__smooth,12,16,17,15,239,,bounded_transverse_width,,arc,51,0.05446000000000062,15,cached_distance_prefix_sum,0,0,,,16,0,16,False,0,0,16,6,0,0,4,3,220,faithful_arc05_width015,[],21977.060324934737,0,,0.0,,False,0,384.8274707333333,"[2, 3, 4, 5, 6, 7, 8, 9, 10, 11, 12, 13, 14, 16, 18]",30.0,4,69,0.5,24,17,17,6,29,15,ordinary,22,full_coverage_and_all_discovered_cleared,196,5772.412061,40.0,constant,,0.05450399999972433
12,3,True,0,12,3,5,0,uniform__smooth__69,uniform__smooth,12,0,17,15,278,,bounded_transverse_width,,locked,46,0.053129999999999455,15,cached_distance_prefix_sum,0,0,,,,,,True,0,0,0,2,0,0,3,3,259,locked_noskip_width015,[],22930.7996597403,0,,0.0,,False,0,413.21066206666666,"[2, 3, 4, 5, 6, 7, 8, 9, 10, 11, 12, 13, 14, 16, 18]",30.0,4,69,1.0,33,6,10,2,24,15,ordinary,22,full_coverage_and_all_discovered_cleared,236,6198.159931,40.0,constant,,0.05319395900005475
12,3,True,0,12,3,5,0,uniform__smooth__69,uniform__smooth,12,32,17,15,246,,bounded_transverse_width,,locked,46,0.052378000000000924,15,cached_distance_prefix_sum,0,0,,,,,,True,0,0,32,2,0,0,3,3,227,fast_locked_width015,[],22930.7996597403,0,,0.0,,False,0,400.4106620666667,"[2, 3, 4, 5, 6, 7, 8, 9, 10, 11, 12, 13, 14, 16, 18]",30.0,4,69,1.0,33,6,10,2,24,15,ordinary,22,full_coverage_and_all_discovered_cleared,204,6006.159931,40.0,constant,,0.052391165983863175
12,3,True,0,12,3,5,0,uniform__smooth__69,uniform__smooth,12,32,17,15,246,,bounded_transverse_width,,locked,46,0.05226799999999976,15,cached_distance_prefix_sum,0,0,,,32,0,32,True,0,0,32,2,0,0,3,3,227,faithful_locked_width015,[],22930.7996597403,0,,0.0,,False,0,400.4106620666667,"[2, 3, 4, 5, 6, 7, 8, 9, 10, 11, 12, 13, 14, 16, 18]",30.0,4,69,1.0,33,6,10,2,24,15,ordinary,22,full_coverage_and_all_discovered_cleared,204,6006.159931,40.0,constant,,0.05235058401012793
9,2,True,0,9,3,3,0,uniform__smooth__70,uniform__smooth,7,,10,10,328,,bounded_transverse_width,,,,0.02880500000000019,10,,0,0,,,,,,,0,0,,2,39,0,4,3,316,width40_f015_22,[],21960.394844633425,0,,0.0,,False,0,631.5078964,"[2, 3, 5, 10, 11, 13, 15, 16, 19, 20]",30.0,4,70,,6,2,0,2,17,10,ordinary,22,full_coverage_and_all_discovered_cleared,293,6315.078964,40.0,constant,,0.028863541956525296
9,2,True,0,9,3,3,0,uniform__smooth__70,uniform__smooth,7,6,10,10,322,,bounded_transverse_width,,base,0,0.028878999999999877,10,,0,0,,,,,,False,0,0,6,2,39,0,4,3,310,range_width015,[],21960.394844633425,0,,0.0,,False,0,628.0078964,"[2, 3, 5, 10, 11, 13, 15, 16, 19, 20]",30.0,4,70,1.0,6,2,0,2,17,10,ordinary,22,full_coverage_and_all_discovered_cleared,288,6280.078964,40.0,constant,,0.028901625017169863
9,2,True,0,9,3,3,0,uniform__smooth__70,uniform__smooth,7,3,10,10,325,,bounded_transverse_width,,base,0,0.029074000000001377,10,,0,0,,,3,3,3,False,0,0,3,2,39,0,4,3,313,faithful_width015,[],21960.394844633425,0,,0.0,,False,0,630.0078964,"[2, 3, 5, 10, 11, 13, 15, 16, 19, 20]",30.0,4,70,1.0,6,2,0,2,17,10,ordinary,22,full_coverage_and_all_discovered_cleared,293,6300.078964,40.0,constant,,0.029079667001497
11,1,True,0,11,2,2,0,uniform__smooth__70,uniform__smooth,8,0,10,10,373,,bounded_transverse_width,,arc,42,0.042100999999998834,10,cached_distance_prefix_sum,0,0,,,,,,False,0,0,0,7,0,0,4,3,361,arc05_noskip_width015,[],20573.784281344335,0,,0.0,,False,0,630.8756854000001,"[2, 3, 5, 10, 11, 13, 15, 16, 19, 20]",30.0,4,70,0.5,5,2,2,7,20,10,ordinary,22,full_coverage_and_all_discovered_cleared,339,6308.756854,40.0,constant,,0.04215108300559223
11,1,True,0,11,2,2,0,uniform__smooth__70,uniform__smooth,8,47,10,10,326,,bounded_transverse_width,,arc,42,0.04303200000000018,10,cached_distance_prefix_sum,0,0,,,,,,False,0,0,47,7,0,0,4,3,314,fast_arc05_width015,[],20573.784281344335,0,,0.0,,False,0,602.8756854000001,"[2, 3, 5, 10, 11, 13, 15, 16, 19, 20]",30.0,4,70,0.5,5,2,2,7,20,10,ordinary,22,full_coverage_and_all_discovered_cleared,294,6028.756854,40.0,constant,,0.04315129097085446
11,1,True,0,11,2,2,0,uniform__smooth__70,uniform__smooth,8,43,10,10,330,,bounded_transverse_width,,arc,42,0.04156399999999927,10,cached_distance_prefix_sum,0,0,,,43,4,43,False,0,0,43,7,0,0,4,3,318,faithful_arc05_width015,[],20573.784281344335,0,,0.0,,False,0,605.2756854,"[2, 3, 5, 10, 11, 13, 15, 16, 19, 20]",30.0,4,70,0.5,5,2,2,7,20,10,ordinary,22,full_coverage_and_all_discovered_cleared,298,6052.756854,40.0,constant,,0.04158320900751278
9,0,True,0,9,1,2,0,uniform__smooth__70,uniform__smooth,9,0,11,10,349,,bounded_transverse_width,,locked,41,0.02968800000000016,10,cached_distance_prefix_sum,0,0,,,,,,True,0,0,0,5,0,0,2,2,336,locked_noskip_width015,[],21139.0955361549,0,,0.0,,False,0,627.4819104999999,"[2, 3, 5, 10, 11, 13, 15, 16, 19, 20]",30.0,4,70,1.0,5,1,13,5,19,10,ordinary,22,full_coverage_and_all_discovered_cleared,314,6274.819105,40.0,constant,,0.029687999980524182
9,0,True,0,9,1,2,0,uniform__smooth__70,uniform__smooth,9,21,11,10,328,,bounded_transverse_width,,locked,41,0.029272999999999882,10,cached_distance_prefix_sum,0,0,,,,,,True,0,0,21,5,0,0,2,2,315,fast_locked_width015,[],21139.0955361549,0,,0.0,,False,0,614.9819104999999,"[2, 3, 5, 10, 11, 13, 15, 16, 19, 20]",30.0,4,70,1.0,5,1,13,5,19,10,ordinary,22,full_coverage_and_all_discovered_cleared,294,6149.819105,40.0,constant,,0.02932187501573935
9,0,True,0,9,1,2,0,uniform__smooth__70,uniform__smooth,9,16,11,10,333,,bounded_transverse_width,,locked,41,0.029747000000000412,10,cached_distance_prefix_sum,0,0,,,16,5,16,True,0,0,16,5,0,0,2,2,320,faithful_locked_width015,[],21139.0955361549,0,,0.0,,False,0,618.2819105,"[2, 3, 5, 10, 11, 13, 15, 16, 19, 20]",30.0,4,70,1.0,5,1,13,5,19,10,ordinary,22,full_coverage_and_all_discovered_cleared,302,6182.819105,40.0,constant,,0.029814583947882056
14,2,True,0,14,1,3,0,uniform__smooth__71,uniform__smooth,11,,14,12,326,,bounded_transverse_width,,,,0.03646999999999956,12,,0,0,,,,,,,0,0,,4,46,0,4,3,310,width40_f015_22,[],25085.11232509266,0,,0.0,,False,0,576.4185385833333,"[1, 2, 4, 5, 7, 9, 10, 13, 17, 18, 19, 20]",30.0,4,71,,14,4,10,4,24,12,ordinary,22,full_coverage_and_all_discovered_cleared,284,6917.022463,40.0,constant,,0.036475874949246645
14,2,True,0,14,1,3,0,uniform__smooth__71,uniform__smooth,11,26,14,12,300,,bounded_transverse_width,,base,0,0.03613799999999934,12,,0,0,,,,,,False,0,0,26,4,46,0,4,3,284,range_width015,[],25085.11232509266,0,,0.0,,False,0,563.4185385833333,"[1, 2, 4, 5, 7, 9, 10, 13, 17, 18, 19, 20]",30.0,4,71,1.0,14,4,10,4,24,12,ordinary,22,full_coverage_and_all_discovered_cleared,258,6761.022463,40.0,constant,,0.036143874982371926
14,2,True,0,14,1,3,0,uniform__smooth__71,uniform__smooth,11,23,14,12,303,,bounded_transverse_width,,base,0,0.036438000000000415,12,,0,0,,,23,3,23,False,0,0,23,4,46,0,4,3,287,faithful_width015,[],25085.11232509266,0,,0.0,,False,0,565.0852052500001,"[1, 2, 4, 5, 7, 9, 10, 13, 17, 18, 19, 20]",30.0,4,71,1.0,14,4,10,4,24,12,ordinary,22,full_coverage_and_all_discovered_cleared,263,6781.022463,40.0,constant,,0.03651604102924466
14,3,True,0,14,4,5,1,uniform__smooth__71,uniform__smooth,8,0,13,12,337,,bounded_transverse_width,,arc,46,0.044297999999999504,12,cached_distance_prefix_sum,0,0,,,,,,False,0,0,0,2,0,0,3,3,322,arc05_noskip_width015,[],22725.984254969575,0,,0.0,,False,0,542.9330705,"[1, 2, 4, 5, 7, 9, 10, 13, 17, 18, 19, 20]",30.0,4,71,0.5,14,0,1,2,24,12,ordinary,22,full_coverage_and_all_discovered_cleared,297,6515.196846,40.0,constant,,0.04435591597575694
14,3,True,0,14,4,5,1,uniform__smooth__71,uniform__smooth,8,30,13,12,307,,bounded_transverse_width,,arc,46,0.04360499999999945,12,cached_distance_prefix_sum,0,0,,,,,,False,0,0,30,2,0,0,3,3,292,fast_arc05_width015,[],22725.984254969575,0,,0.0,,False,0,528.0164038333334,"[1, 2, 4, 5, 7, 9, 10, 13, 17, 18, 19, 20]",30.0,4,71,0.5,14,0,1,2,24,12,ordinary,22,full_coverage_and_all_discovered_cleared,268,6336.196846,40.0,constant,,0.04362291604047641
14,3,True,0,14,4,5,1,uniform__smooth__71,uniform__smooth,8,25,13,12,312,,bounded_transverse_width,,arc,46,0.043208999999999165,12,cached_distance_prefix_sum,0,0,,,25,5,25,False,0,0,25,2,0,0,3,3,297,faithful_arc05_width015,[],22725.984254969575,0,,0.0,,False,0,530.8497371666666,"[1, 2, 4, 5, 7, 9, 10, 13, 17, 18, 19, 20]",30.0,4,71,0.5,14,0,1,2,24,12,ordinary,22,full_coverage_and_all_discovered_cleared,277,6370.196846,40.0,constant,,0.04321991599863395
13,4,True,0,13,2,2,1,uniform__smooth__71,uniform__smooth,10,0,12,12,342,,bounded_transverse_width,,locked,44,0.03671300000000066,12,cached_distance_prefix_sum,0,0,,,,,,True,0,0,0,3,0,0,5,3,328,locked_noskip_width015,[],23609.85687208212,0,,0.0,,False,0,560.2476144166667,"[1, 2, 4, 5, 7, 9, 10, 13, 17, 18, 19, 20]",30.0,4,71,1.0,14,16,1,3,22,12,ordinary,22,full_coverage_and_all_discovered_cleared,301,6722.971373,40.0,constant,,0.03675570897758007
13,4,True,0,13,2,2,1,uniform__smooth__71,uniform__smooth,10,30,12,12,312,,bounded_transverse_width,,locked,44,0.03672500000000056,12,cached_distance_prefix_sum,0,0,,,,,,True,0,0,30,3,0,0,5,3,298,fast_locked_width015,[],23609.85687208212,0,,0.0,,False,0,545.2476144166667,"[1, 2, 4, 5, 7, 9, 10, 13, 17, 18, 19, 20]",30.0,4,71,1.0,14,16,1,3,22,12,ordinary,22,full_coverage_and_all_discovered_cleared,271,6542.971373,40.0,constant,,0.03680129203712568
13,4,True,0,13,2,2,1,uniform__smooth__71,uniform__smooth,10,28,12,12,314,,bounded_transverse_width,,locked,44,0.03666199999999975,12,cached_distance_prefix_sum,0,0,,,28,2,28,True,0,0,28,3,0,0,5,3,300,faithful_locked_width015,[],23609.85687208212,0,,0.0,,False,0,546.4976144166667,"[1, 2, 4, 5, 7, 9, 10, 13, 17, 18, 19, 20]",30.0,4,71,1.0,14,16,1,3,22,12,ordinary,22,full_coverage_and_all_discovered_cleared,276,6557.971373,40.0,constant,,0.0366806669626385
9,1,True,0,9,1,2,0,uniform__adversarial-positive__67,uniform__adversarial-positive,9,,11,10,341,,bounded_transverse_width,,,,0.03293899999999894,10,,0,0,,,,,,,0,0,,3,40,0,3,2,328,width40_f015_22,[],20665.981202830313,0,,0.0,,False,0,613.0196235000001,"[4, 5, 7, 8, 9, 10, 14, 15, 18, 19]",30.0,4,67,,17,2,3,3,18,10,ordinary,22,full_coverage_and_all_discovered_cleared,304,6130.196235,40.0,constant,,0.032953582995105535
9,1,True,0,9,1,2,0,uniform__adversarial-positive__67,uniform__adversarial-positive,9,29,11,10,312,,bounded_transverse_width,,base,0,0.03260599999999947,10,,0,0,,,,,,False,0,0,29,3,40,0,3,2,299,range_width015,[],20665.981202830313,0,,0.0,,False,0,595.6196235,"[4, 5, 7, 8, 9, 10, 14, 15, 18, 19]",30.0,4,67,1.0,17,2,3,3,18,10,ordinary,22,full_coverage_and_all_discovered_cleared,275,5956.196235,40.0,constant,,0.03265800001099706
9,1,True,0,9,1,2,0,uniform__adversarial-positive__67,uniform__adversarial-positive,9,29,11,10,312,,bounded_transverse_width,,base,0,0.033986000000000516,10,,0,0,,,29,0,29,False,0,0,29,3,40,0,3,2,299,faithful_width015,[],20665.981202830313,0,,0.0,,False,0,595.6196235,"[4, 5, 7, 8, 9, 10, 14, 15, 18, 19]",30.0,4,67,1.0,17,2,3,3,18,10,ordinary,22,full_coverage_and_all_discovered_cleared,275,5956.196235,40.0,constant,,0.03424091695342213
13,1,True,0,13,2,3,0,uniform__adversarial-positive__67,uniform__adversarial-positive,8,0,11,10,327,,bounded_transverse_width,,arc,44,0.041253000000001094,10,cached_distance_prefix_sum,0,0,,,,,,False,0,0,0,3,0,0,3,3,314,arc05_noskip_width015,[],20077.898116412154,0,,0.0,,False,0,592.857962,"[4, 5, 7, 8, 9, 10, 14, 15, 18, 19]",30.0,4,67,0.5,10,4,0,3,22,10,ordinary,22,full_coverage_and_all_discovered_cleared,290,5928.57962,40.0,constant,,0.04137537500355393
13,1,True,0,13,2,3,0,uniform__adversarial-positive__67,uniform__adversarial-positive,8,22,11,10,305,,bounded_transverse_width,,arc,44,0.04017699999999991,10,cached_distance_prefix_sum,0,0,,,,,,False,0,0,22,3,0,0,3,3,292,fast_arc05_width015,[],20077.898116412154,0,,0.0,,False,0,579.657962,"[4, 5, 7, 8, 9, 10, 14, 15, 18, 19]",30.0,4,67,0.5,10,4,0,3,22,10,ordinary,22,full_coverage_and_all_discovered_cleared,268,5796.57962,40.0,constant,,0.04026079102186486
13,1,True,0,13,2,3,0,uniform__adversarial-positive__67,uniform__adversarial-positive,8,22,11,10,305,,bounded_transverse_width,,arc,44,0.03948399999999985,10,cached_distance_prefix_sum,0,0,,,22,0,22,False,0,0,22,3,0,0,3,3,292,faithful_arc05_width015,[],20077.898116412154,0,,0.0,,False,0,579.657962,"[4, 5, 7, 8, 9, 10, 14, 15, 18, 19]",30.0,4,67,0.5,10,4,0,3,22,10,ordinary,22,full_coverage_and_all_discovered_cleared,268,5796.57962,40.0,constant,,0.03953683300642297
9,1,True,0,9,2,3,0,uniform__adversarial-positive__67,uniform__adversarial-positive,8,0,11,10,355,,bounded_transverse_width,,locked,40,0.029448999999999614,10,cached_distance_prefix_sum,0,0,,,,,,True,0,0,0,4,0,0,4,3,342,locked_noskip_width015,[],21980.640637490556,0,,0.0,,False,0,647.7128124,"[4, 5, 7, 8, 9, 10, 14, 15, 18, 19]",30.0,4,67,1.0,8,2,0,4,18,10,ordinary,22,full_coverage_and_all_discovered_cleared,318,6477.128124,40.0,constant,,0.029465416038874537
9,1,True,0,9,2,3,0,uniform__adversarial-positive__67,uniform__adversarial-positive,8,33,11,10,322,,bounded_transverse_width,,locked,40,0.029194000000000386,10,cached_distance_prefix_sum,0,0,,,,,,True,0,0,33,4,0,0,4,3,309,fast_locked_width015,[],21980.640637490556,0,,0.0,,False,0,628.0128124,"[4, 5, 7, 8, 9, 10, 14, 15, 18, 19]",30.0,4,67,1.0,8,2,0,4,18,10,ordinary,22,full_coverage_and_all_discovered_cleared,286,6280.128124,40.0,constant,,0.02921779197640717
9,1,True,0,9,2,3,0,uniform__adversarial-positive__67,uniform__adversarial-positive,8,29,11,10,326,,bounded_transverse_width,,locked,40,0.028883999999999688,10,cached_distance_prefix_sum,0,0,,,29,4,29,True,0,0,29,4,0,0,4,3,313,faithful_locked_width015,[],21980.640637490556,0,,0.0,,False,0,630.7128124,"[4, 5, 7, 8, 9, 10, 14, 15, 18, 19]",30.0,4,67,1.0,8,2,0,4,18,10,ordinary,22,full_coverage_and_all_discovered_cleared,293,6307.128124,40.0,constant,,0.02888483298011124
21,3,True,0,21,2,3,0,uniform__adversarial-positive__68,uniform__adversarial-positive,13,,16,15,294,,bounded_transverse_width,,,,0.05025400000000069,15,,0,0,,,,,,,0,0,,4,55,0,4,3,276,width40_f015_22,[],25805.126944567583,0,,0.0,,False,0,458.0016924,"[2, 4, 5, 6, 8, 9, 11, 12, 13, 14, 15, 16, 17, 19, 20]",30.0,4,68,,23,23,10,4,33,15,ordinary,22,full_coverage_and_all_discovered_cleared,251,6870.025386,40.0,constant,,0.05029658298008144
21,3,True,0,21,2,3,0,uniform__adversarial-positive__68,uniform__adversarial-positive,13,27,16,15,267,,bounded_transverse_width,,base,0,0.05077700000000007,15,,0,0,,,,,,False,0,0,27,4,55,0,4,3,249,range_width015,[],25805.126944567583,0,,0.0,,False,0,447.2016924,"[2, 4, 5, 6, 8, 9, 11, 12, 13, 14, 15, 16, 17, 19, 20]",30.0,4,68,1.0,23,23,10,4,33,15,ordinary,22,full_coverage_and_all_discovered_cleared,224,6708.025386,40.0,constant,,0.05088491702917963
21,3,True,0,21,2,3,0,uniform__adversarial-positive__68,uniform__adversarial-positive,13,26,16,15,268,,bounded_transverse_width,,base,0,0.051097999999999644,15,,0,0,,,26,1,26,False,0,0,26,4,55,0,4,3,250,faithful_width015,[],25805.126944567583,0,,0.0,,False,0,447.7350257333334,"[2, 4, 5, 6, 8, 9, 11, 12, 13, 14, 15, 16, 17, 19, 20]",30.0,4,68,1.0,23,23,10,4,33,15,ordinary,22,full_coverage_and_all_discovered_cleared,227,6716.025386,40.0,constant,,0.05112241703318432
17,3,True,0,17,6,6,1,uniform__adversarial-positive__68,uniform__adversarial-positive,9,0,15,15,295,,bounded_transverse_width,,arc,52,0.04895500000000119,15,cached_distance_prefix_sum,0,0,,,,,,False,0,0,0,6,0,0,3,3,278,arc05_noskip_width015,[],22993.589007710576,0,,0.0,,False,0,420.98118646666666,"[2, 4, 5, 6, 8, 9, 11, 12, 13, 14, 15, 16, 17, 19, 20]",30.0,4,68,0.5,24,5,20,6,30,15,ordinary,22,full_coverage_and_all_discovered_cleared,251,6314.717797,40.0,constant,,0.049006042012479156
17,3,True,0,17,6,6,1,uniform__adversarial-positive__68,uniform__adversarial-positive,9,26,15,15,269,,bounded_transverse_width,,arc,52,0.05353999999999992,15,cached_distance_prefix_sum,0,0,,,,,,False,0,0,26,6,0,0,3,3,252,fast_arc05_width015,[],22993.589007710576,0,,0.0,,False,0,410.78118646666667,"[2, 4, 5, 6, 8, 9, 11, 12, 13, 14, 15, 16, 17, 19, 20]",30.0,4,68,0.5,24,5,20,6,30,15,ordinary,22,full_coverage_and_all_discovered_cleared,228,6161.717797,40.0,constant,,0.05354720796458423
17,3,True,0,17,6,6,1,uniform__adversarial-positive__68,uniform__adversarial-positive,9,22,15,15,273,,bounded_transverse_width,,arc,52,0.0488679999999988,15,cached_distance_prefix_sum,0,0,,,22,4,22,False,0,0,22,6,0,0,3,3,256,faithful_arc05_width015,[],22993.589007710576,0,,0.0,,False,0,412.3145198,"[2, 4, 5, 6, 8, 9, 11, 12, 13, 14, 15, 16, 17, 19, 20]",30.0,4,68,0.5,24,5,20,6,30,15,ordinary,22,full_coverage_and_all_discovered_cleared,231,6184.717797,40.0,constant,,0.048912417027167976
15,4,True,0,15,4,8,1,uniform__adversarial-positive__68,uniform__adversarial-positive,11,0,19,15,286,,bounded_transverse_width,,locked,49,0.0496970000000001,15,cached_distance_prefix_sum,0,0,,,,,,True,0,0,0,3,0,0,4,3,265,locked_noskip_width015,[],22675.005593118352,0,,0.0,,False,0,412.466741,"[2, 4, 5, 6, 8, 9, 11, 12, 13, 14, 15, 16, 17, 19, 20]",30.0,4,68,1.0,38,13,8,3,27,15,ordinary,22,full_coverage_and_all_discovered_cleared,240,6187.001115,40.0,constant,,0.04978524998296052
15,4,True,0,15,4,8,1,uniform__adversarial-positive__68,uniform__adversarial-positive,11,23,19,15,263,,bounded_transverse_width,,locked,49,0.04920300000000033,15,cached_distance_prefix_sum,0,0,,,,,,True,0,0,23,3,0,0,4,3,242,fast_locked_width015,[],22675.005593118352,0,,0.0,,False,0,403.3334076666667,"[2, 4, 5, 6, 8, 9, 11, 12, 13, 14, 15, 16, 17, 19, 20]",30.0,4,68,1.0,38,13,8,3,27,15,ordinary,22,full_coverage_and_all_discovered_cleared,218,6050.001115,40.0,constant,,0.04922054201597348
15,4,True,0,15,4,8,1,uniform__adversarial-positive__68,uniform__adversarial-positive,11,21,19,15,265,,bounded_transverse_width,,locked,49,0.04960499999999968,15,cached_distance_prefix_sum,0,0,,,21,2,21,True,0,0,21,3,0,0,4,3,244,faithful_locked_width015,[],22675.005593118352,0,,0.0,,False,0,404.20007433333336,"[2, 4, 5, 6, 8, 9, 11, 12, 13, 14, 15, 16, 17, 19, 20]",30.0,4,68,1.0,38,13,8,3,27,15,ordinary,22,full_coverage_and_all_discovered_cleared,221,6063.001115,40.0,constant,,0.049609582987613976
12,2,True,0,12,5,8,0,uniform__adversarial-positive__69,uniform__adversarial-positive,10,,18,15,308,,bounded_transverse_width,,,,0.048816999999999666,15,,0,0,,,,,,,0,0,,2,47,0,3,2,288,width40_f015_22,[],21891.848318524124,0,,0.0,,False,0,411.2913108,"[2, 3, 4, 5, 6, 7, 8, 9, 10, 11, 12, 13, 14, 16, 18]",30.0,4,69,,26,3,20,2,25,15,ordinary,22,full_coverage_and_all_discovered_cleared,267,6169.369662,40.0,constant,,0.048881332972086966
12,2,True,0,12,5,8,0,uniform__adversarial-positive__69,uniform__adversarial-positive,10,30,18,15,278,,bounded_transverse_width,,base,0,0.048056000000000765,15,,0,0,,,,,,False,0,0,30,2,47,0,3,2,258,range_width015,[],21891.848318524124,0,,0.0,,False,0,399.2913108,"[2, 3, 4, 5, 6, 7, 8, 9, 10, 11, 12, 13, 14, 16, 18]",30.0,4,69,1.0,26,3,20,2,25,15,ordinary,22,full_coverage_and_all_discovered_cleared,237,5989.369662,40.0,constant,,0.04806429200107232
12,2,True,0,12,5,8,0,uniform__adversarial-positive__69,uniform__adversarial-positive,10,30,18,15,278,,bounded_transverse_width,,base,0,0.049313000000001495,15,,0,0,,,30,0,30,False,0,0,30,2,47,0,3,2,258,faithful_width015,[],21891.848318524124,0,,0.0,,False,0,399.2913108,"[2, 3, 4, 5, 6, 7, 8, 9, 10, 11, 12, 13, 14, 16, 18]",30.0,4,69,1.0,26,3,20,2,25,15,ordinary,22,full_coverage_and_all_discovered_cleared,237,5989.369662,40.0,constant,,0.0493985420325771
17,2,True,0,17,3,6,0,uniform__adversarial-positive__69,uniform__adversarial-positive,12,0,18,15,305,,bounded_transverse_width,,arc,52,0.05600800000000028,15,cached_distance_prefix_sum,0,0,,,,,,False,0,0,0,4,0,0,3,2,285,arc05_noskip_width015,[],22460.039296271912,0,,0.0,,False,0,417.6671904666666,"[2, 3, 4, 5, 6, 7, 8, 9, 10, 11, 12, 13, 14, 16, 18]",30.0,4,69,0.5,24,1,27,4,30,15,ordinary,22,full_coverage_and_all_discovered_cleared,264,6265.007857,40.0,constant,,0.0560335410409607
17,2,True,0,17,3,6,0,uniform__adversarial-positive__69,uniform__adversarial-positive,12,28,18,15,277,,bounded_transverse_width,,arc,52,0.05489000000000033,15,cached_distance_prefix_sum,0,0,,,,,,False,0,0,28,4,0,0,3,2,257,fast_arc05_width015,[],22460.039296271912,0,,0.0,,False,0,406.46719046666664,"[2, 3, 4, 5, 6, 7, 8, 9, 10, 11, 12, 13, 14, 16, 18]",30.0,4,69,0.5,24,1,27,4,30,15,ordinary,22,full_coverage_and_all_discovered_cleared,236,6097.007857,40.0,constant,,0.0549018339952454
17,2,True,0,17,3,6,0,uniform__adversarial-positive__69,uniform__adversarial-positive,12,28,18,15,277,,bounded_transverse_width,,arc,52,0.05583199999999877,15,cached_distance_prefix_sum,0,0,,,28,0,28,False,0,0,28,4,0,0,3,2,257,faithful_arc05_width015,[],22460.039296271912,0,,0.0,,False,0,406.46719046666664,"[2, 3, 4, 5, 6, 7, 8, 9, 10, 11, 12, 13, 14, 16, 18]",30.0,4,69,0.5,24,1,27,4,30,15,ordinary,22,full_coverage_and_all_discovered_cleared,236,6097.007857,40.0,constant,,0.0558844159822911
9,2,True,0,9,4,6,0,uniform__adversarial-positive__69,uniform__adversarial-positive,11,0,17,15,275,,bounded_transverse_width,,locked,44,0.04875200000000035,15,cached_distance_prefix_sum,0,0,,,,,,True,0,0,0,1,0,0,3,2,256,locked_noskip_width015,[],22546.30662354293,0,,0.0,,False,0,406.6174215333333,"[2, 3, 4, 5, 6, 7, 8, 9, 10, 11, 12, 13, 14, 16, 18]",30.0,4,69,1.0,28,6,5,1,22,15,ordinary,22,full_coverage_and_all_discovered_cleared,229,6099.261323,40.0,constant,,0.04877325001871213
9,2,True,0,9,4,6,0,uniform__adversarial-positive__69,uniform__adversarial-positive,11,33,17,15,242,,bounded_transverse_width,,locked,44,0.049237999999999005,15,cached_distance_prefix_sum,0,0,,,,,,True,0,0,33,1,0,0,3,2,223,fast_locked_width015,[],22546.30662354293,0,,0.0,,False,0,393.4174215333333,"[2, 3, 4, 5, 6, 7, 8, 9, 10, 11, 12, 13, 14, 16, 18]",30.0,4,69,1.0,28,6,5,1,22,15,ordinary,22,full_coverage_and_all_discovered_cleared,196,5901.261323,40.0,constant,,0.04925587499747053
9,2,True,0,9,4,6,0,uniform__adversarial-positive__69,uniform__adversarial-positive,11,33,17,15,242,,bounded_transverse_width,,locked,44,0.04832900000000073,15,cached_distance_prefix_sum,0,0,,,33,0,33,True,0,0,33,1,0,0,3,2,223,faithful_locked_width015,[],22546.30662354293,0,,0.0,,False,0,393.4174215333333,"[2, 3, 4, 5, 6, 7, 8, 9, 10, 11, 12, 13, 14, 16, 18]",30.0,4,69,1.0,28,6,5,1,22,15,ordinary,22,full_coverage_and_all_discovered_cleared,196,5901.261323,40.0,constant,,0.04839308297960088
8,0,True,0,8,4,5,0,uniform__adversarial-positive__70,uniform__adversarial-positive,6,,11,10,329,,bounded_transverse_width,,,,0.032288000000001205,10,,0,0,,,,,,,0,0,,1,40,0,3,3,316,width40_f015_22,[],22264.85494718749,0,,0.0,,False,0,637.6970987,"[2, 3, 5, 10, 11, 13, 15, 16, 19, 20]",30.0,4,70,,10,1,0,1,18,10,ordinary,22,full_coverage_and_all_discovered_cleared,291,6376.970987,40.0,constant,,0.032354166032746434
8,0,True,0,8,4,5,0,uniform__adversarial-positive__70,uniform__adversarial-positive,6,6,11,10,323,,bounded_transverse_width,,base,0,0.03232900000000072,10,,0,0,,,,,,False,0,0,6,1,40,0,3,3,310,range_width015,[],22264.85494718749,0,,0.0,,False,0,634.1970987,"[2, 3, 5, 10, 11, 13, 15, 16, 19, 20]",30.0,4,70,1.0,10,1,0,1,18,10,ordinary,22,full_coverage_and_all_discovered_cleared,286,6341.970987,40.0,constant,,0.03234212496317923
8,0,True,0,8,4,5,0,uniform__adversarial-positive__70,uniform__adversarial-positive,6,3,11,10,326,,bounded_transverse_width,,base,0,0.03250300000000017,10,,0,0,,,3,3,3,False,0,0,3,1,40,0,3,3,313,faithful_width015,[],22264.85494718749,0,,0.0,,False,0,636.1970987,"[2, 3, 5, 10, 11, 13, 15, 16, 19, 20]",30.0,4,70,1.0,10,1,0,1,18,10,ordinary,22,full_coverage_and_all_discovered_cleared,291,6361.970987,40.0,constant,,0.032520624983590096
11,2,True,0,11,3,4,0,uniform__adversarial-positive__70,uniform__adversarial-positive,7,0,11,10,351,,bounded_transverse_width,,arc,41,0.03879599999999961,10,cached_distance_prefix_sum,0,0,,,,,,False,0,0,0,6,0,0,4,2,338,arc05_noskip_width015,[],20875.6350381744,0,,0.0,,False,0,623.0127001,"[2, 3, 5, 10, 11, 13, 15, 16, 19, 20]",30.0,4,70,0.5,7,0,7,6,19,10,ordinary,22,full_coverage_and_all_discovered_cleared,312,6230.127001,40.0,constant,,0.038859334017615765
11,2,True,0,11,3,4,0,uniform__adversarial-positive__70,uniform__adversarial-positive,7,22,11,10,329,,bounded_transverse_width,,arc,41,0.03793600000000019,10,cached_distance_prefix_sum,0,0,,,,,,False,0,0,22,6,0,0,4,2,316,fast_arc05_width015,[],20875.6350381744,0,,0.0,,False,0,609.8127001,"[2, 3, 5, 10, 11, 13, 15, 16, 19, 20]",30.0,4,70,0.5,7,0,7,6,19,10,ordinary,22,full_coverage_and_all_discovered_cleared,290,6098.127001,40.0,constant,,0.03799170901766047
11,2,True,0,11,3,4,0,uniform__adversarial-positive__70,uniform__adversarial-positive,7,22,11,10,329,,bounded_transverse_width,,arc,41,0.03869599999999984,10,cached_distance_prefix_sum,0,0,,,22,0,22,False,0,0,22,6,0,0,4,2,316,faithful_arc05_width015,[],20875.6350381744,0,,0.0,,False,0,609.8127001,"[2, 3, 5, 10, 11, 13, 15, 16, 19, 20]",30.0,4,70,0.5,7,0,7,6,19,10,ordinary,22,full_coverage_and_all_discovered_cleared,290,6098.127001,40.0,constant,,0.03882849996443838
7,0,True,0,7,3,3,0,uniform__adversarial-positive__70,uniform__adversarial-positive,7,0,10,10,349,,bounded_transverse_width,,locked,39,0.030254000000001113,10,cached_distance_prefix_sum,0,0,,,,,,True,0,0,0,5,0,0,2,2,337,locked_noskip_width015,[],21258.54704429541,0,,0.0,,False,0,630.2709407,"[2, 3, 5, 10, 11, 13, 15, 16, 19, 20]",30.0,4,70,1.0,7,1,11,5,17,10,ordinary,22,full_coverage_and_all_discovered_cleared,316,6302.709407,40.0,constant,,0.030254000041168183
7,0,True,0,7,3,3,0,uniform__adversarial-positive__70,uniform__adversarial-positive,7,21,10,10,328,,bounded_transverse_width,,locked,39,0.029811999999999728,10,cached_distance_prefix_sum,0,0,,,,,,True,0,0,21,5,0,0,2,2,316,fast_locked_width015,[],21258.54704429541,0,,0.0,,False,0,617.7709407,"[2, 3, 5, 10, 11, 13, 15, 16, 19, 20]",30.0,4,70,1.0,7,1,11,5,17,10,ordinary,22,full_coverage_and_all_discovered_cleared,296,6177.709407,40.0,constant,,0.029870958998799324
7,0,True,0,7,3,3,0,uniform__adversarial-positive__70,uniform__adversarial-positive,7,16,10,10,333,,bounded_transverse_width,,locked,39,0.03018900000000002,10,cached_distance_prefix_sum,0,0,,,16,5,16,True,0,0,16,5,0,0,2,2,321,faithful_locked_width015,[],21258.54704429541,0,,0.0,,False,0,621.0709407,"[2, 3, 5, 10, 11, 13, 15, 16, 19, 20]",30.0,4,70,1.0,7,1,11,5,17,10,ordinary,22,full_coverage_and_all_discovered_cleared,304,6210.709407,40.0,constant,,0.03019504202529788
6,1,True,0,6,2,2,0,uniform__adversarial-positive__71,uniform__adversarial-positive,10,,12,12,337,,bounded_transverse_width,,,,0.039253000000000426,12,,0,0,,,,,,,0,0,,3,39,0,2,2,323,width40_f015_22,[],21455.38334621059,0,,0.0,,False,0,522.33972225,"[1, 2, 4, 5, 7, 9, 10, 13, 17, 18, 19, 20]",30.0,4,71,,12,3,28,3,17,12,ordinary,22,full_coverage_and_all_discovered_cleared,302,6268.076667,40.0,constant,,0.039259749988559633
6,1,True,0,6,2,2,0,uniform__adversarial-positive__71,uniform__adversarial-positive,10,29,12,12,308,,bounded_transverse_width,,base,0,0.03820099999999904,12,,0,0,,,,,,False,0,0,29,3,39,0,2,2,294,range_width015,[],21455.38334621059,0,,0.0,,False,0,508.0063889166667,"[1, 2, 4, 5, 7, 9, 10, 13, 17, 18, 19, 20]",30.0,4,71,1.0,12,3,28,3,17,12,ordinary,22,full_coverage_and_all_discovered_cleared,275,6096.076667,40.0,constant,,0.03821195900673047
6,1,True,0,6,2,2,0,uniform__adversarial-positive__71,uniform__adversarial-positive,10,26,12,12,311,,bounded_transverse_width,,base,0,0.03913299999999964,12,,0,0,,,26,3,26,False,0,0,26,3,39,0,2,2,297,faithful_width015,[],21455.38334621059,0,,0.0,,False,0,509.58972225,"[1, 2, 4, 5, 7, 9, 10, 13, 17, 18, 19, 20]",30.0,4,71,1.0,12,3,28,3,17,12,ordinary,22,full_coverage_and_all_discovered_cleared,279,6115.076667,40.0,constant,,0.03920187498442829
14,1,True,0,14,3,4,0,uniform__adversarial-positive__71,uniform__adversarial-positive,9,0,13,12,323,,bounded_transverse_width,,arc,47,0.04421699999999973,12,cached_distance_prefix_sum,0,0,,,,,,False,0,0,0,2,0,0,3,3,308,arc05_noskip_width015,[],22519.864076675425,0,,0.0,,False,0,532.6644009166666,"[1, 2, 4, 5, 7, 9, 10, 13, 17, 18, 19, 20]",30.0,4,71,0.5,13,1,14,2,25,12,ordinary,22,full_coverage_and_all_discovered_cleared,285,6391.972811,40.0,constant,,0.044245083001442254
14,1,True,0,14,3,4,0,uniform__adversarial-positive__71,uniform__adversarial-positive,9,18,13,12,305,,bounded_transverse_width,,arc,47,0.043091000000000435,12,cached_distance_prefix_sum,0,0,,,,,,False,0,0,18,2,0,0,3,3,290,fast_arc05_width015,[],22519.864076675425,0,,0.0,,False,0,523.6644009166666,"[1, 2, 4, 5, 7, 9, 10, 13, 17, 18, 19, 20]",30.0,4,71,0.5,13,1,14,2,25,12,ordinary,22,full_coverage_and_all_discovered_cleared,267,6283.972811,40.0,constant,,0.04313720797654241
14,1,True,0,14,3,4,0,uniform__adversarial-positive__71,uniform__adversarial-positive,9,18,13,12,305,,bounded_transverse_width,,arc,47,0.043836999999999904,12,cached_distance_prefix_sum,0,0,,,18,0,18,False,0,0,18,2,0,0,3,3,290,faithful_arc05_width015,[],22519.864076675425,0,,0.0,,False,0,523.6644009166666,"[1, 2, 4, 5, 7, 9, 10, 13, 17, 18, 19, 20]",30.0,4,71,0.5,13,1,14,2,25,12,ordinary,22,full_coverage_and_all_discovered_cleared,267,6283.972811,40.0,constant,,0.04395974997896701
13,4,True,0,13,3,3,1,uniform__adversarial-positive__71,uniform__adversarial-positive,9,0,12,12,333,,bounded_transverse_width,,locked,44,0.03514800000000129,12,cached_distance_prefix_sum,0,0,,,,,,True,0,0,0,3,0,0,5,3,319,locked_noskip_width015,[],23475.115727927652,0,,0.0,,False,0,553.4185953333333,"[1, 2, 4, 5, 7, 9, 10, 13, 17, 18, 19, 20]",30.0,4,71,1.0,14,16,10,3,22,12,ordinary,22,full_coverage_and_all_discovered_cleared,291,6641.023144,40.0,constant,,0.035185249987989664
13,4,True,0,13,3,3,1,uniform__adversarial-positive__71,uniform__adversarial-positive,9,24,12,12,309,,bounded_transverse_width,,locked,44,0.0351549999999996,12,cached_distance_prefix_sum,0,0,,,,,,True,0,0,24,3,0,0,5,3,295,fast_locked_width015,[],23475.115727927652,0,,0.0,,False,0,541.4185953333333,"[1, 2, 4, 5, 7, 9, 10, 13, 17, 18, 19, 20]",30.0,4,71,1.0,14,16,10,3,22,12,ordinary,22,full_coverage_and_all_discovered_cleared,267,6497.023144,40.0,constant,,0.03524591599125415
13,4,True,0,13,3,3,1,uniform__adversarial-positive__71,uniform__adversarial-positive,9,22,12,12,311,,bounded_transverse_width,,locked,44,0.035066000000000486,12,cached_distance_prefix_sum,0,0,,,22,2,22,True,0,0,22,3,0,0,5,3,297,faithful_locked_width015,[],23475.115727927652,0,,0.0,,False,0,542.6685953333333,"[1, 2, 4, 5, 7, 9, 10, 13, 17, 18, 19, 20]",30.0,4,71,1.0,14,16,10,3,22,12,ordinary,22,full_coverage_and_all_discovered_cleared,272,6512.023144,40.0,constant,,0.035090416960883886
9,2,True,0,9,1,2,0,uniform__adversarial-negative__67,uniform__adversarial-negative,9,,11,10,360,,bounded_transverse_width,,,,0.030680000000000263,10,,0,0,,,,,,,0,0,,3,39,0,3,2,347,width40_f015_22,[],21543.584974072008,0,,0.0,,False,0,641.9716988,"[4, 5, 7, 8, 9, 10, 14, 15, 18, 19]",30.0,4,67,,10,1,7,3,17,10,ordinary,22,full_coverage_and_all_discovered_cleared,323,6419.716988,40.0,constant,,0.03071658400585875
9,2,True,0,9,1,2,0,uniform__adversarial-negative__67,uniform__adversarial-negative,9,44,11,10,316,,bounded_transverse_width,,base,0,0.029799000000000575,10,,0,0,,,,,,False,0,0,44,3,39,0,3,2,303,range_width015,[],21543.584974072008,0,,0.0,,False,0,615.5716988,"[4, 5, 7, 8, 9, 10, 14, 15, 18, 19]",30.0,4,67,1.0,10,1,7,3,17,10,ordinary,22,full_coverage_and_all_discovered_cleared,279,6155.716988,40.0,constant,,0.029892000020481646
9,2,True,0,9,1,2,0,uniform__adversarial-negative__67,uniform__adversarial-negative,9,44,11,10,316,,bounded_transverse_width,,base,0,0.030191999999999553,10,,0,0,,,44,0,44,False,0,0,44,3,39,0,3,2,303,faithful_width015,[],21543.584974072008,0,,0.0,,False,0,615.5716988,"[4, 5, 7, 8, 9, 10, 14, 15, 18, 19]",30.0,4,67,1.0,10,1,7,3,17,10,ordinary,22,full_coverage_and_all_discovered_cleared,279,6155.716988,40.0,constant,,0.030259207997005433
12,3,True,0,12,1,2,0,uniform__adversarial-negative__67,uniform__adversarial-negative,9,0,11,10,355,,bounded_transverse_width,,arc,41,0.037008999999999403,10,cached_distance_prefix_sum,0,0,,,,,,False,0,0,0,5,0,0,3,2,342,arc05_noskip_width015,[],21164.255429798784,0,,0.0,,False,0,631.5851079,"[4, 5, 7, 8, 9, 10, 14, 15, 18, 19]",30.0,4,67,0.5,9,3,11,5,19,10,ordinary,22,full_coverage_and_all_discovered_cleared,320,6315.851079,40.0,constant,,0.03703150001820177
12,3,True,0,12,1,2,0,uniform__adversarial-negative__67,uniform__adversarial-negative,9,44,11,10,311,,bounded_transverse_width,,arc,41,0.036440999999999946,10,cached_distance_prefix_sum,0,0,,,,,,False,0,0,44,5,0,0,3,2,298,fast_arc05_width015,[],21164.255429798784,0,,0.0,,False,0,605.1851079,"[4, 5, 7, 8, 9, 10, 14, 15, 18, 19]",30.0,4,67,0.5,9,3,11,5,19,10,ordinary,22,full_coverage_and_all_discovered_cleared,276,6051.851079,40.0,constant,,0.03658370900666341
12,3,True,0,12,1,2,0,uniform__adversarial-negative__67,uniform__adversarial-negative,9,44,11,10,311,,bounded_transverse_width,,arc,41,0.03671399999999991,10,cached_distance_prefix_sum,0,0,,,44,0,44,False,0,0,44,5,0,0,3,2,298,faithful_arc05_width015,[],21164.255429798784,0,,0.0,,False,0,605.1851079,"[4, 5, 7, 8, 9, 10, 14, 15, 18, 19]",30.0,4,67,0.5,9,3,11,5,19,10,ordinary,22,full_coverage_and_all_discovered_cleared,276,6051.851079,40.0,constant,,0.03675099997781217
9,2,True,0,9,0,1,0,uniform__adversarial-negative__67,uniform__adversarial-negative,10,0,11,10,357,,bounded_transverse_width,,locked,39,0.029593000000000202,10,cached_distance_prefix_sum,0,0,,,,,,True,0,0,0,4,0,0,3,2,344,locked_noskip_width015,[],22322.60732032609,0,,0.0,,False,0,655.852146,"[4, 5, 7, 8, 9, 10, 14, 15, 18, 19]",30.0,4,67,1.0,10,4,3,4,17,10,ordinary,22,full_coverage_and_all_discovered_cleared,321,6558.52146,40.0,constant,,0.02963587496196851
9,2,True,0,9,0,1,0,uniform__adversarial-negative__67,uniform__adversarial-negative,10,33,11,10,324,,bounded_transverse_width,,locked,39,0.028952999999999562,10,cached_distance_prefix_sum,0,0,,,,,,True,0,0,33,4,0,0,3,2,311,fast_locked_width015,[],22322.60732032609,0,,0.0,,False,0,636.052146,"[4, 5, 7, 8, 9, 10, 14, 15, 18, 19]",30.0,4,67,1.0,10,4,3,4,17,10,ordinary,22,full_coverage_and_all_discovered_cleared,288,6360.52146,40.0,constant,,0.028955875022802502
9,2,True,0,9,0,1,0,uniform__adversarial-negative__67,uniform__adversarial-negative,10,29,11,10,328,,bounded_transverse_width,,locked,39,0.028833999999999804,10,cached_distance_prefix_sum,0,0,,,29,4,29,True,0,0,29,4,0,0,3,2,315,faithful_locked_width015,[],22322.60732032609,0,,0.0,,False,0,638.852146,"[4, 5, 7, 8, 9, 10, 14, 15, 18, 19]",30.0,4,67,1.0,10,4,3,4,17,10,ordinary,22,full_coverage_and_all_discovered_cleared,296,6388.52146,40.0,constant,,0.028853291005361825
14,3,True,0,14,3,5,1,uniform__adversarial-negative__68,uniform__adversarial-negative,12,,17,15,300,,bounded_transverse_width,,,,0.04610100000000017,15,,0,0,,,,,,,0,0,,3,49,0,3,3,281,width40_f015_22,[],23025.476610298007,0,,0.0,,False,0,423.4063544666667,"[2, 4, 5, 6, 8, 9, 11, 12, 13, 14, 15, 16, 17, 19, 20]",30.0,4,68,,19,13,9,3,27,15,ordinary,22,full_coverage_and_all_discovered_cleared,260,6351.095317,40.0,constant,,0.046174207993317395
14,3,True,0,14,3,5,1,uniform__adversarial-negative__68,uniform__adversarial-negative,12,35,17,15,265,,bounded_transverse_width,,base,0,0.04533799999999921,15,,0,0,,,,,,False,0,0,35,3,49,0,3,3,246,range_width015,[],23025.476610298007,0,,0.0,,False,0,409.47302113333336,"[2, 4, 5, 6, 8, 9, 11, 12, 13, 14, 15, 16, 17, 19, 20]",30.0,4,68,1.0,19,13,9,3,27,15,ordinary,22,full_coverage_and_all_discovered_cleared,226,6142.095317,40.0,constant,,0.045400000002700835
14,3,True,0,14,3,5,1,uniform__adversarial-negative__68,uniform__adversarial-negative,12,33,17,15,267,,bounded_transverse_width,,base,0,0.04593500000000006,15,,0,0,,,33,2,33,False,0,0,33,3,49,0,3,3,248,faithful_width015,[],23025.476610298007,0,,0.0,,False,0,410.33968780000004,"[2, 4, 5, 6, 8, 9, 11, 12, 13, 14, 15, 16, 17, 19, 20]",30.0,4,68,1.0,19,13,9,3,27,15,ordinary,22,full_coverage_and_all_discovered_cleared,229,6155.095317,40.0,constant,,0.04595804103882983
18,3,True,0,18,2,3,1,uniform__adversarial-negative__68,uniform__adversarial-negative,13,0,16,15,287,,bounded_transverse_width,,arc,53,0.048828000000000316,15,cached_distance_prefix_sum,0,0,,,,,,False,0,0,0,5,0,0,3,3,269,arc05_noskip_width015,[],23504.133275788223,0,,0.0,,False,0,424.2551100666667,"[2, 4, 5, 6, 8, 9, 11, 12, 13, 14, 15, 16, 17, 19, 20]",30.0,4,68,0.5,19,5,28,5,31,15,ordinary,22,full_coverage_and_all_discovered_cleared,240,6363.826651,40.0,constant,,0.048883666982874274
18,3,True,0,18,2,3,1,uniform__adversarial-negative__68,uniform__adversarial-negative,13,25,16,15,262,,bounded_transverse_width,,arc,53,0.048480999999998886,15,cached_distance_prefix_sum,0,0,,,,,,False,0,0,25,5,0,0,3,3,244,fast_arc05_width015,[],23504.133275788223,0,,0.0,,False,0,414.4551100666667,"[2, 4, 5, 6, 8, 9, 11, 12, 13, 14, 15, 16, 17, 19, 20]",30.0,4,68,0.5,19,5,28,5,31,15,ordinary,22,full_coverage_and_all_discovered_cleared,218,6216.826651,40.0,constant,,0.04851724999025464
18,3,True,0,18,2,3,1,uniform__adversarial-negative__68,uniform__adversarial-negative,13,21,16,15,266,,bounded_transverse_width,,arc,53,0.048344000000000165,15,cached_distance_prefix_sum,0,0,,,21,4,21,False,0,0,21,5,0,0,3,3,248,faithful_arc05_width015,[],23504.133275788223,0,,0.0,,False,0,415.9884434,"[2, 4, 5, 6, 8, 9, 11, 12, 13, 14, 15, 16, 17, 19, 20]",30.0,4,68,0.5,19,5,28,5,31,15,ordinary,22,full_coverage_and_all_discovered_cleared,221,6239.826651,40.0,constant,,0.048360749962739646
12,0,True,0,12,5,9,0,uniform__adversarial-negative__68,uniform__adversarial-negative,10,0,19,15,284,,bounded_transverse_width,,locked,49,0.051121000000000194,15,cached_distance_prefix_sum,0,0,,,,,,True,0,0,0,3,0,0,3,3,263,locked_noskip_width015,[],22591.726743782583,0,,0.0,,False,0,410.5563563333333,"[2, 4, 5, 6, 8, 9, 11, 12, 13, 14, 15, 16, 17, 19, 20]",30.0,4,68,1.0,37,4,19,3,27,15,ordinary,22,full_coverage_and_all_discovered_cleared,238,6158.345345,40.0,constant,,0.05118404101813212
12,0,True,0,12,5,9,0,uniform__adversarial-negative__68,uniform__adversarial-negative,10,22,19,15,262,,bounded_transverse_width,,locked,49,0.05073499999999953,15,cached_distance_prefix_sum,0,0,,,,,,True,0,0,22,3,0,0,3,3,241,fast_locked_width015,[],22591.726743782583,0,,0.0,,False,0,401.7563563333333,"[2, 4, 5, 6, 8, 9, 11, 12, 13, 14, 15, 16, 17, 19, 20]",30.0,4,68,1.0,37,4,19,3,27,15,ordinary,22,full_coverage_and_all_discovered_cleared,216,6026.345345,40.0,constant,,0.05080579099012539
12,0,True,0,12,5,9,0,uniform__adversarial-negative__68,uniform__adversarial-negative,10,20,19,15,264,,bounded_transverse_width,,locked,49,0.05155300000000018,15,cached_distance_prefix_sum,0,0,,,20,2,20,True,0,0,20,3,0,0,3,3,243,faithful_locked_width015,[],22591.726743782583,0,,0.0,,False,0,402.5563563333333,"[2, 4, 5, 6, 8, 9, 11, 12, 13, 14, 15, 16, 17, 19, 20]",30.0,4,68,1.0,37,4,19,3,27,15,ordinary,22,full_coverage_and_all_discovered_cleared,218,6038.345345,40.0,constant,,0.05155708303209394
5,0,True,0,5,6,7,0,uniform__adversarial-negative__69,uniform__adversarial-negative,9,,16,15,260,,bounded_transverse_width,,,,0.041896000000001266,15,,0,0,,,,,,,0,0,,1,42,0,2,2,242,width40_f015_22,[],24106.568180599064,0,,0.0,,False,0,422.15424213333336,"[2, 3, 4, 5, 6, 7, 8, 9, 10, 11, 12, 13, 14, 16, 18]",30.0,4,69,,25,0,13,1,20,15,ordinary,22,full_coverage_and_all_discovered_cleared,223,6332.313632,40.0,constant,,0.041926832986064255
5,0,True,0,5,6,7,0,uniform__adversarial-negative__69,uniform__adversarial-negative,9,13,16,15,247,,bounded_transverse_width,,base,0,0.0413610000000002,15,,0,0,,,,,,False,0,0,13,1,42,0,2,2,229,range_width015,[],24106.568180599064,0,,0.0,,False,0,416.95424213333337,"[2, 3, 4, 5, 6, 7, 8, 9, 10, 11, 12, 13, 14, 16, 18]",30.0,4,69,1.0,25,0,13,1,20,15,ordinary,22,full_coverage_and_all_discovered_cleared,210,6254.313632,40.0,constant,,0.04142004199093208
5,0,True,0,5,6,7,0,uniform__adversarial-negative__69,uniform__adversarial-negative,9,13,16,15,247,,bounded_transverse_width,,base,0,0.04132599999999975,15,,0,0,,,13,0,13,False,0,0,13,1,42,0,2,2,229,faithful_width015,[],24106.568180599064,0,,0.0,,False,0,416.95424213333337,"[2, 3, 4, 5, 6, 7, 8, 9, 10, 11, 12, 13, 14, 16, 18]",30.0,4,69,1.0,25,0,13,1,20,15,ordinary,22,full_coverage_and_all_discovered_cleared,210,6254.313632,40.0,constant,,0.04134829202666879
12,1,True,0,12,4,5,0,uniform__adversarial-negative__69,uniform__adversarial-negative,11,0,16,15,262,,bounded_transverse_width,,arc,48,0.05376400000000103,15,cached_distance_prefix_sum,0,0,,,,,,False,0,0,0,3,0,0,3,3,244,arc05_noskip_width015,[],22699.968166560084,0,,0.0,,False,0,403.93290873333336,"[2, 3, 4, 5, 6, 7, 8, 9, 10, 11, 12, 13, 14, 16, 18]",30.0,4,69,0.5,16,3,38,3,26,15,ordinary,22,full_coverage_and_all_discovered_cleared,221,6058.993631,40.0,constant,,0.05379462504060939
12,1,True,0,12,4,5,0,uniform__adversarial-negative__69,uniform__adversarial-negative,11,22,16,15,240,,bounded_transverse_width,,arc,48,0.05290099999999853,15,cached_distance_prefix_sum,0,0,,,,,,False,0,0,22,3,0,0,3,3,222,fast_arc05_width015,[],22699.968166560084,0,,0.0,,False,0,395.13290873333335,"[2, 3, 4, 5, 6, 7, 8, 9, 10, 11, 12, 13, 14, 16, 18]",30.0,4,69,0.5,16,3,38,3,26,15,ordinary,22,full_coverage_and_all_discovered_cleared,199,5926.993631,40.0,constant,,0.05296400003135204
12,1,True,0,12,4,5,0,uniform__adversarial-negative__69,uniform__adversarial-negative,11,22,16,15,240,,bounded_transverse_width,,arc,48,0.05277600000000149,15,cached_distance_prefix_sum,0,0,,,22,0,22,False,0,0,22,3,0,0,3,3,222,faithful_arc05_width015,[],22699.968166560084,0,,0.0,,False,0,395.13290873333335,"[2, 3, 4, 5, 6, 7, 8, 9, 10, 11, 12, 13, 14, 16, 18]",30.0,4,69,0.5,16,3,38,3,26,15,ordinary,22,full_coverage_and_all_discovered_cleared,199,5926.993631,40.0,constant,,0.052796500036492944
7,2,True,0,7,4,4,0,uniform__adversarial-negative__69,uniform__adversarial-negative,11,0,15,15,270,,bounded_transverse_width,,locked,42,0.0468390000000003,15,cached_distance_prefix_sum,0,0,,,,,,True,0,0,0,1,0,0,2,2,253,locked_noskip_width015,[],22525.035130086395,0,,0.0,,False,0,404.867135,"[2, 3, 4, 5, 6, 7, 8, 9, 10, 11, 12, 13, 14, 16, 18]",30.0,4,69,1.0,27,3,5,1,20,15,ordinary,22,full_coverage_and_all_discovered_cleared,228,6073.007025,40.0,constant,,0.04686883295653388
7,2,True,0,7,4,4,0,uniform__adversarial-negative__69,uniform__adversarial-negative,11,34,15,15,236,,bounded_transverse_width,,locked,42,0.04614800000000052,15,cached_distance_prefix_sum,0,0,,,,,,True,0,0,34,1,0,0,2,2,219,fast_locked_width015,[],22525.035130086395,0,,0.0,,False,0,391.267135,"[2, 3, 4, 5, 6, 7, 8, 9, 10, 11, 12, 13, 14, 16, 18]",30.0,4,69,1.0,27,3,5,1,20,15,ordinary,22,full_coverage_and_all_discovered_cleared,194,5869.007025,40.0,constant,,0.046175917028449476
7,2,True,0,7,4,4,0,uniform__adversarial-negative__69,uniform__adversarial-negative,11,34,15,15,236,,bounded_transverse_width,,locked,42,0.04647300000000065,15,cached_distance_prefix_sum,0,0,,,34,0,34,True,0,0,34,1,0,0,2,2,219,faithful_locked_width015,[],22525.035130086395,0,,0.0,,False,0,391.267135,"[2, 3, 4, 5, 6, 7, 8, 9, 10, 11, 12, 13, 14, 16, 18]",30.0,4,69,1.0,27,3,5,1,20,15,ordinary,22,full_coverage_and_all_discovered_cleared,194,5869.007025,40.0,constant,,0.04648575000464916
8,1,True,0,8,2,3,0,uniform__adversarial-negative__70,uniform__adversarial-negative,8,,11,10,328,,bounded_transverse_width,,,,0.029268999999999323,10,,0,0,,,,,,,0,0,,2,39,0,4,3,315,width40_f015_22,[],21104.361310855264,0,,0.0,,False,0,614.1872261000001,"[2, 3, 5, 10, 11, 13, 15, 16, 19, 20]",30.0,4,70,,4,2,1,2,17,10,ordinary,22,full_coverage_and_all_discovered_cleared,293,6141.872261,40.0,constant,,0.02928029198665172
8,1,True,0,8,2,3,0,uniform__adversarial-negative__70,uniform__adversarial-negative,8,5,11,10,323,,bounded_transverse_width,,base,0,0.02927700000000044,10,,0,0,,,,,,False,0,0,5,2,39,0,4,3,310,range_width015,[],21104.361310855264,0,,0.0,,False,0,611.0872261000001,"[2, 3, 5, 10, 11, 13, 15, 16, 19, 20]",30.0,4,70,1.0,4,2,1,2,17,10,ordinary,22,full_coverage_and_all_discovered_cleared,287,6110.872261,40.0,constant,,0.029317542037460953
8,1,True,0,8,2,3,0,uniform__adversarial-negative__70,uniform__adversarial-negative,8,3,11,10,325,,bounded_transverse_width,,base,0,0.029180000000000206,10,,0,0,,,3,2,3,False,0,0,3,2,39,0,4,3,312,faithful_width015,[],21104.361310855264,0,,0.0,,False,0,612.6872261000001,"[2, 3, 5, 10, 11, 13, 15, 16, 19, 20]",30.0,4,70,1.0,4,2,1,2,17,10,ordinary,22,full_coverage_and_all_discovered_cleared,293,6126.872261,40.0,constant,,0.029216459020972252
12,1,True,0,12,5,5,0,uniform__adversarial-negative__70,uniform__adversarial-negative,5,0,10,10,324,,bounded_transverse_width,,arc,43,0.0355919999999994,10,cached_distance_prefix_sum,0,0,,,,,,False,0,0,0,3,0,0,4,3,312,arc05_noskip_width015,[],22365.377752405315,0,,0.0,,False,0,637.0075549000001,"[2, 3, 5, 10, 11, 13, 15, 16, 19, 20]",30.0,4,70,0.5,10,1,0,3,21,10,ordinary,22,full_coverage_and_all_discovered_cleared,287,6370.075549,40.0,constant,,0.035604708013124764
12,1,True,0,12,5,5,0,uniform__adversarial-negative__70,uniform__adversarial-negative,5,6,10,10,318,,bounded_transverse_width,,arc,43,0.03551199999999888,10,cached_distance_prefix_sum,0,0,,,,,,False,0,0,6,3,0,0,4,3,306,fast_arc05_width015,[],22365.377752405315,0,,0.0,,False,0,633.5075549000001,"[2, 3, 5, 10, 11, 13, 15, 16, 19, 20]",30.0,4,70,0.5,10,1,0,3,21,10,ordinary,22,full_coverage_and_all_discovered_cleared,282,6335.075549,40.0,constant,,0.03552299999864772
12,1,True,0,12,5,5,0,uniform__adversarial-negative__70,uniform__adversarial-negative,5,3,10,10,321,,bounded_transverse_width,,arc,43,0.03577600000000025,10,cached_distance_prefix_sum,0,0,,,3,3,3,False,0,0,3,3,0,0,4,3,309,faithful_arc05_width015,[],22365.377752405315,0,,0.0,,False,0,635.5075549000001,"[2, 3, 5, 10, 11, 13, 15, 16, 19, 20]",30.0,4,70,0.5,10,1,0,3,21,10,ordinary,22,full_coverage_and_all_discovered_cleared,287,6355.075549,40.0,constant,,0.03581354097696021
7,0,True,0,7,2,3,0,uniform__adversarial-negative__70,uniform__adversarial-negative,8,0,11,10,348,,bounded_transverse_width,,locked,39,0.030233000000000843,10,cached_distance_prefix_sum,0,0,,,,,,True,0,0,0,4,0,0,2,2,335,locked_noskip_width015,[],21101.885066992472,0,,0.0,,False,0,626.2377012,"[2, 3, 5, 10, 11, 13, 15, 16, 19, 20]",30.0,4,70,1.0,5,1,24,4,17,10,ordinary,22,full_coverage_and_all_discovered_cleared,314,6262.377012,40.0,constant,,0.030261042003985494
7,0,True,0,7,2,3,0,uniform__adversarial-negative__70,uniform__adversarial-negative,8,21,11,10,327,,bounded_transverse_width,,locked,39,0.029705999999999122,10,cached_distance_prefix_sum,0,0,,,,,,True,0,0,21,4,0,0,2,2,314,fast_locked_width015,[],21101.885066992472,0,,0.0,,False,0,613.8377012,"[2, 3, 5, 10, 11, 13, 15, 16, 19, 20]",30.0,4,70,1.0,5,1,24,4,17,10,ordinary,22,full_coverage_and_all_discovered_cleared,295,6138.377012,40.0,constant,,0.029747416963800788
7,0,True,0,7,2,3,0,uniform__adversarial-negative__70,uniform__adversarial-negative,8,16,11,10,332,,bounded_transverse_width,,locked,39,0.029930000000000234,10,cached_distance_prefix_sum,0,0,,,16,5,16,True,0,0,16,4,0,0,2,2,319,faithful_locked_width015,[],21101.885066992472,0,,0.0,,False,0,617.1377012,"[2, 3, 5, 10, 11, 13, 15, 16, 19, 20]",30.0,4,70,1.0,5,1,24,4,17,10,ordinary,22,full_coverage_and_all_discovered_cleared,303,6171.377012,40.0,constant,,0.029948209004942328
12,1,True,0,12,2,2,0,uniform__adversarial-negative__71,uniform__adversarial-negative,10,,12,12,324,,bounded_transverse_width,,,,0.03873100000000029,12,,0,0,,,,,,,0,0,,2,45,0,4,3,310,width40_f015_22,[],23102.026679210278,0,,0.0,,False,0,543.0337778333334,"[1, 2, 4, 5, 7, 9, 10, 13, 17, 18, 19, 20]",30.0,4,71,,11,0,17,2,23,12,ordinary,22,full_coverage_and_all_discovered_cleared,286,6516.405334,40.0,constant,,0.038733959023375064
12,1,True,0,12,2,2,0,uniform__adversarial-negative__71,uniform__adversarial-negative,10,23,12,12,301,,bounded_transverse_width,,base,0,0.03830999999999918,12,,0,0,,,,,,False,0,0,23,2,45,0,4,3,287,range_width015,[],23102.026679210278,0,,0.0,,False,0,531.5337778333334,"[1, 2, 4, 5, 7, 9, 10, 13, 17, 18, 19, 20]",30.0,4,71,1.0,11,0,17,2,23,12,ordinary,22,full_coverage_and_all_discovered_cleared,263,6378.405334,40.0,constant,,0.03834383300272748
12,1,True,0,12,2,2,0,uniform__adversarial-negative__71,uniform__adversarial-negative,10,22,12,12,302,,bounded_transverse_width,,base,0,0.03885999999999967,12,,0,0,,,22,1,22,False,0,0,22,2,45,0,4,3,288,faithful_width015,[],23102.026679210278,0,,0.0,,False,0,532.1171111666666,"[1, 2, 4, 5, 7, 9, 10, 13, 17, 18, 19, 20]",30.0,4,71,1.0,11,0,17,2,23,12,ordinary,22,full_coverage_and_all_discovered_cleared,265,6385.405334,40.0,constant,,0.03891737502999604
11,0,True,0,11,2,2,0,uniform__adversarial-negative__71,uniform__adversarial-negative,10,0,12,12,325,,bounded_transverse_width,,arc,45,0.04823099999999947,12,cached_distance_prefix_sum,0,0,,,,,,False,0,0,0,5,0,0,2,2,311,arc05_noskip_width015,[],22137.780591140323,0,,0.0,,False,0,527.546343,"[1, 2, 4, 5, 7, 9, 10, 13, 17, 18, 19, 20]",30.0,4,71,0.5,12,0,37,5,23,12,ordinary,22,full_coverage_and_all_discovered_cleared,288,6330.556116,40.0,constant,,0.048273208958562464
11,0,True,0,11,2,2,0,uniform__adversarial-negative__71,uniform__adversarial-negative,10,30,12,12,295,,bounded_transverse_width,,arc,45,0.04705400000000104,12,cached_distance_prefix_sum,0,0,,,,,,False,0,0,30,5,0,0,2,2,281,fast_arc05_width015,[],22137.780591140323,0,,0.0,,False,0,512.546343,"[1, 2, 4, 5, 7, 9, 10, 13, 17, 18, 19, 20]",30.0,4,71,0.5,12,0,37,5,23,12,ordinary,22,full_coverage_and_all_discovered_cleared,258,6150.556116,40.0,constant,,0.047106541984248906
11,0,True,0,11,2,2,0,uniform__adversarial-negative__71,uniform__adversarial-negative,10,30,12,12,295,,bounded_transverse_width,,arc,45,0.04749100000000084,12,cached_distance_prefix_sum,0,0,,,30,0,30,False,0,0,30,5,0,0,2,2,281,faithful_arc05_width015,[],22137.780591140323,0,,0.0,,False,0,512.6296763333334,"[1, 2, 4, 5, 7, 9, 10, 13, 17, 18, 19, 20]",30.0,4,71,0.5,12,0,37,5,23,12,ordinary,22,full_coverage_and_all_discovered_cleared,259,6151.556116,40.0,constant,,0.04754629102535546
12,4,True,0,12,2,2,1,uniform__adversarial-negative__71,uniform__adversarial-negative,10,0,12,12,332,,bounded_transverse_width,,locked,43,0.03664500000000004,12,cached_distance_prefix_sum,0,0,,,,,,True,0,0,0,3,0,0,5,3,318,locked_noskip_width015,[],23531.3955384714,0,,0.0,,False,0,553.8565920833333,"[1, 2, 4, 5, 7, 9, 10, 13, 17, 18, 19, 20]",30.0,4,71,1.0,13,10,19,3,21,12,ordinary,22,full_coverage_and_all_discovered_cleared,290,6646.279105,40.0,constant,,0.036665207997430116
12,4,True,0,12,2,2,1,uniform__adversarial-negative__71,uniform__adversarial-negative,10,23,12,12,309,,bounded_transverse_width,,locked,43,0.03607399999999927,12,cached_distance_prefix_sum,0,0,,,,,,True,0,0,23,3,0,0,5,3,295,fast_locked_width015,[],23531.3955384714,0,,0.0,,False,0,542.3565920833333,"[1, 2, 4, 5, 7, 9, 10, 13, 17, 18, 19, 20]",30.0,4,71,1.0,13,10,19,3,21,12,ordinary,22,full_coverage_and_all_discovered_cleared,267,6508.279105,40.0,constant,,0.03608287504175678
12,4,True,0,12,2,2,1,uniform__adversarial-negative__71,uniform__adversarial-negative,10,21,12,12,311,,bounded_transverse_width,,locked,43,0.036316000000001125,12,cached_distance_prefix_sum,0,0,,,21,2,21,True,0,0,21,3,0,0,5,3,297,faithful_locked_width015,[],23531.3955384714,0,,0.0,,False,0,543.6065920833333,"[1, 2, 4, 5, 7, 9, 10, 13, 17, 18, 19, 20]",30.0,4,71,1.0,13,10,19,3,21,12,ordinary,22,full_coverage_and_all_discovered_cleared,272,6523.279105,40.0,constant,,0.03636445797747001
15,6,True,0,15,0,4,2,uniform__adversarial-spatial__67,uniform__adversarial-spatial,10,,14,10,355,,bounded_transverse_width,,,,0.03375499999999931,10,,0,0,,,,,,,0,0,,2,43,0,5,3,339,width40_f015_22,[],22879.027884282386,0,,0.0,,False,0,664.5805575,"[4, 5, 7, 8, 9, 10, 14, 15, 18, 19]",30.0,4,67,,11,4,22,2,21,10,ordinary,22,full_coverage_and_all_discovered_cleared,313,6645.805575,40.0,constant,,0.03379729203879833
15,6,True,0,15,0,4,2,uniform__adversarial-spatial__67,uniform__adversarial-spatial,10,33,14,10,322,,bounded_transverse_width,,base,0,0.03315700000000099,10,,0,0,,,,,,False,0,0,33,2,43,0,5,3,306,range_width015,[],22879.027884282386,0,,0.0,,False,0,644.7805575,"[4, 5, 7, 8, 9, 10, 14, 15, 18, 19]",30.0,4,67,1.0,11,4,22,2,21,10,ordinary,22,full_coverage_and_all_discovered_cleared,280,6447.805575,40.0,constant,,0.03316774999257177
15,6,True,0,15,0,4,2,uniform__adversarial-spatial__67,uniform__adversarial-spatial,10,33,14,10,322,,bounded_transverse_width,,base,0,0.03340700000000041,10,,0,0,,,33,0,33,False,0,0,33,2,43,0,5,3,306,faithful_width015,[],22879.027884282386,0,,0.0,,False,0,644.7805575,"[4, 5, 7, 8, 9, 10, 14, 15, 18, 19]",30.0,4,67,1.0,11,4,22,2,21,10,ordinary,22,full_coverage_and_all_discovered_cleared,280,6447.805575,40.0,constant,,0.03341270802775398
12,2,True,0,12,1,2,0,uniform__adversarial-spatial__67,uniform__adversarial-spatial,9,0,11,10,336,,bounded_transverse_width,,arc,42,0.03156300000000023,10,cached_distance_prefix_sum,0,0,,,,,,False,0,0,0,4,0,0,3,2,323,arc05_noskip_width015,[],20864.356648225603,0,,0.0,,False,0,614.1871327,"[4, 5, 7, 8, 9, 10, 14, 15, 18, 19]",30.0,4,67,0.5,8,0,43,4,20,10,ordinary,22,full_coverage_and_all_discovered_cleared,301,6141.871327,40.0,constant,,0.031622541951946914
12,2,True,0,12,1,2,0,uniform__adversarial-spatial__67,uniform__adversarial-spatial,9,0,11,10,336,,bounded_transverse_width,,arc,42,0.03161300000000011,10,cached_distance_prefix_sum,0,0,,,,,,False,0,0,0,4,0,0,3,2,323,fast_arc05_width015,[],20864.356648225603,0,,0.0,,False,0,614.1871327,"[4, 5, 7, 8, 9, 10, 14, 15, 18, 19]",30.0,4,67,0.5,8,0,43,4,20,10,ordinary,22,full_coverage_and_all_discovered_cleared,301,6141.871327,40.0,constant,,0.03166562499245629
12,2,True,0,12,1,2,0,uniform__adversarial-spatial__67,uniform__adversarial-spatial,9,0,11,10,336,,bounded_transverse_width,,arc,42,0.031636999999999915,10,cached_distance_prefix_sum,0,0,,,0,0,0,False,0,0,0,4,0,0,3,2,323,faithful_arc05_width015,[],20864.356648225603,0,,0.0,,False,0,614.1871327,"[4, 5, 7, 8, 9, 10, 14, 15, 18, 19]",30.0,4,67,0.5,8,0,43,4,20,10,ordinary,22,full_coverage_and_all_discovered_cleared,301,6141.871327,40.0,constant,,0.03165979200275615
5,0,True,0,5,0,0,0,uniform__adversarial-spatial__67,uniform__adversarial-spatial,10,0,10,10,339,,bounded_transverse_width,,locked,37,0.02569500000000069,10,cached_distance_prefix_sum,0,0,,,,,,True,0,0,0,4,0,0,2,2,327,locked_noskip_width015,[],21894.9195397077,0,,0.0,,False,0,636.9983905,"[4, 5, 7, 8, 9, 10, 14, 15, 18, 19]",30.0,4,67,1.0,8,2,14,4,15,10,ordinary,22,full_coverage_and_all_discovered_cleared,306,6369.983905,40.0,constant,,0.025702874991111457
5,0,True,0,5,0,0,0,uniform__adversarial-spatial__67,uniform__adversarial-spatial,10,25,10,10,314,,bounded_transverse_width,,locked,37,0.025304000000000215,10,cached_distance_prefix_sum,0,0,,,,,,True,0,0,25,4,0,0,2,2,302,fast_locked_width015,[],21894.9195397077,0,,0.0,,False,0,621.9983905,"[4, 5, 7, 8, 9, 10, 14, 15, 18, 19]",30.0,4,67,1.0,8,2,14,4,15,10,ordinary,22,full_coverage_and_all_discovered_cleared,281,6219.983905,40.0,constant,,0.025339334039017558
5,0,True,0,5,0,0,0,uniform__adversarial-spatial__67,uniform__adversarial-spatial,10,21,10,10,318,,bounded_transverse_width,,locked,37,0.025428999999999036,10,cached_distance_prefix_sum,0,0,,,21,4,21,True,0,0,21,4,0,0,2,2,306,faithful_locked_width015,[],21894.9195397077,0,,0.0,,False,0,624.8983905,"[4, 5, 7, 8, 9, 10, 14, 15, 18, 19]",30.0,4,67,1.0,8,2,14,4,15,10,ordinary,22,full_coverage_and_all_discovered_cleared,290,6248.983905,40.0,constant,,0.025468249979894608
6,0,True,0,6,1,2,0,uniform__adversarial-spatial__68,uniform__adversarial-spatial,14,,16,15,303,,bounded_transverse_width,,,,0.04233299999999929,15,,0,0,,,,,,,0,0,,2,43,0,2,2,285,width40_f015_22,[],24407.81032336539,0,,0.0,,False,0,443.10413726666667,"[2, 4, 5, 6, 8, 9, 11, 12, 13, 14, 15, 16, 17, 19, 20]",30.0,4,68,,14,1,72,2,21,15,ordinary,22,full_coverage_and_all_discovered_cleared,262,6646.562059,40.0,constant,,0.0423893749830313
6,0,True,0,6,1,2,0,uniform__adversarial-spatial__68,uniform__adversarial-spatial,14,25,16,15,278,,bounded_transverse_width,,base,0,0.041746000000001615,15,,0,0,,,,,,False,0,0,25,2,43,0,2,2,260,range_width015,[],24407.81032336539,0,,0.0,,False,0,433.3708039333333,"[2, 4, 5, 6, 8, 9, 11, 12, 13, 14, 15, 16, 17, 19, 20]",30.0,4,68,1.0,14,1,72,2,21,15,ordinary,22,full_coverage_and_all_discovered_cleared,241,6500.562059,40.0,constant,,0.04176458396250382
6,0,True,0,6,1,2,0,uniform__adversarial-spatial__68,uniform__adversarial-spatial,14,21,16,15,282,,bounded_transverse_width,,base,0,0.042296999999999585,15,,0,0,,,21,4,21,False,0,0,21,2,43,0,2,2,264,faithful_width015,[],24407.81032336539,0,,0.0,,False,0,434.7708039333333,"[2, 4, 5, 6, 8, 9, 11, 12, 13, 14, 15, 16, 17, 19, 20]",30.0,4,68,1.0,14,1,72,2,21,15,ordinary,22,full_coverage_and_all_discovered_cleared,242,6521.562059,40.0,constant,,0.04234149999683723
19,3,True,0,19,3,4,1,uniform__adversarial-spatial__68,uniform__adversarial-spatial,12,0,16,15,301,,bounded_transverse_width,,arc,54,0.051292000000000115,15,cached_distance_prefix_sum,0,0,,,,,,False,0,0,0,4,0,0,4,3,283,arc05_noskip_width015,[],22494.12004960954,0,,0.0,,False,0,416.58826680000004,"[2, 4, 5, 6, 8, 9, 11, 12, 13, 14, 15, 16, 17, 19, 20]",30.0,4,68,0.5,12,14,8,4,32,15,ordinary,22,full_coverage_and_all_discovered_cleared,257,6248.824002,40.0,constant,,0.05134666699450463
19,3,True,0,19,3,4,1,uniform__adversarial-spatial__68,uniform__adversarial-spatial,12,47,16,15,254,,bounded_transverse_width,,arc,54,0.05069899999999983,15,cached_distance_prefix_sum,0,0,,,,,,False,0,0,47,4,0,0,4,3,236,fast_arc05_width015,[],22494.12004960954,0,,0.0,,False,0,397.78826680000003,"[2, 4, 5, 6, 8, 9, 11, 12, 13, 14, 15, 16, 17, 19, 20]",30.0,4,68,0.5,12,14,8,4,32,15,ordinary,22,full_coverage_and_all_discovered_cleared,210,5966.824002,40.0,constant,,0.05070641700876877
19,3,True,0,19,3,4,1,uniform__adversarial-spatial__68,uniform__adversarial-spatial,12,44,16,15,257,,bounded_transverse_width,,arc,54,0.05240299999999998,15,cached_distance_prefix_sum,0,0,,,44,3,44,False,0,0,44,4,0,0,4,3,239,faithful_arc05_width015,[],22494.12004960954,0,,0.0,,False,0,399.0549334666667,"[2, 4, 5, 6, 8, 9, 11, 12, 13, 14, 15, 16, 17, 19, 20]",30.0,4,68,0.5,12,14,8,4,32,15,ordinary,22,full_coverage_and_all_discovered_cleared,214,5985.824002,40.0,constant,,0.052474208001513034
17,7,True,0,17,1,5,3,uniform__adversarial-spatial__68,uniform__adversarial-spatial,14,0,19,15,284,,bounded_transverse_width,,locked,50,0.04784800000000011,15,cached_distance_prefix_sum,0,0,,,,,,True,0,0,0,3,0,0,5,3,263,locked_noskip_width015,[],22768.198478921935,0,,0.0,,False,0,413.1093128,"[2, 4, 5, 6, 8, 9, 11, 12, 13, 14, 15, 16, 17, 19, 20]",30.0,4,68,1.0,35,18,9,3,28,15,ordinary,22,full_coverage_and_all_discovered_cleared,241,6196.639692,40.0,constant,,0.04790162498829886
17,7,True,0,17,1,5,3,uniform__adversarial-spatial__68,uniform__adversarial-spatial,14,23,19,15,261,,bounded_transverse_width,,locked,50,0.04768699999999981,15,cached_distance_prefix_sum,0,0,,,,,,True,0,0,23,3,0,0,5,3,240,fast_locked_width015,[],22768.198478921935,0,,0.0,,False,0,403.9759794666667,"[2, 4, 5, 6, 8, 9, 11, 12, 13, 14, 15, 16, 17, 19, 20]",30.0,4,68,1.0,35,18,9,3,28,15,ordinary,22,full_coverage_and_all_discovered_cleared,219,6059.639692,40.0,constant,,0.04771216696826741
17,7,True,0,17,1,5,3,uniform__adversarial-spatial__68,uniform__adversarial-spatial,14,21,19,15,263,,bounded_transverse_width,,locked,50,0.04734099999999941,15,cached_distance_prefix_sum,0,0,,,21,2,21,True,0,0,21,3,0,0,5,3,242,faithful_locked_width015,[],22768.198478921935,0,,0.0,,False,0,404.8426461333333,"[2, 4, 5, 6, 8, 9, 11, 12, 13, 14, 15, 16, 17, 19, 20]",30.0,4,68,1.0,35,18,9,3,28,15,ordinary,22,full_coverage_and_all_discovered_cleared,222,6072.639692,40.0,constant,,0.047382541990373284
14,0,True,0,14,2,5,0,uniform__adversarial-spatial__69,uniform__adversarial-spatial,13,,18,15,327,,bounded_transverse_width,,,,0.049920000000000186,15,,0,0,,,,,,,0,0,,2,51,0,3,3,307,width40_f015_22,[],24653.331229698553,0,,0.0,,False,0,455.64441626666667,"[2, 3, 4, 5, 6, 7, 8, 9, 10, 11, 12, 13, 14, 16, 18]",30.0,4,69,,30,4,41,2,29,15,ordinary,22,full_coverage_and_all_discovered_cleared,285,6834.666244,40.0,constant,,0.04999262501951307
14,0,True,0,14,2,5,0,uniform__adversarial-spatial__69,uniform__adversarial-spatial,13,38,18,15,289,,bounded_transverse_width,,base,0,0.04876900000000006,15,,0,0,,,,,,False,0,0,38,2,51,0,3,3,269,range_width015,[],24653.331229698553,0,,0.0,,False,0,440.4444162666667,"[2, 3, 4, 5, 6, 7, 8, 9, 10, 11, 12, 13, 14, 16, 18]",30.0,4,69,1.0,30,4,41,2,29,15,ordinary,22,full_coverage_and_all_discovered_cleared,247,6606.666244,40.0,constant,,0.04877295799087733
14,0,True,0,14,2,5,0,uniform__adversarial-spatial__69,uniform__adversarial-spatial,13,38,18,15,289,,bounded_transverse_width,,base,0,0.04948499999999889,15,,0,0,,,38,0,38,False,0,0,38,2,51,0,3,3,269,faithful_width015,[],24653.331229698553,0,,0.0,,False,0,440.4444162666667,"[2, 3, 4, 5, 6, 7, 8, 9, 10, 11, 12, 13, 14, 16, 18]",30.0,4,69,1.0,30,4,41,2,29,15,ordinary,22,full_coverage_and_all_discovered_cleared,247,6606.666244,40.0,constant,,0.049535666999872774
14,1,True,0,14,1,3,0,uniform__adversarial-spatial__69,uniform__adversarial-spatial,14,0,17,15,278,,bounded_transverse_width,,arc,50,0.04790899999999887,15,cached_distance_prefix_sum,0,0,,,,,,False,0,0,0,4,0,0,2,2,259,arc05_noskip_width015,[],21945.97339621037,0,,0.0,,False,0,400.27964506666666,"[2, 3, 4, 5, 6, 7, 8, 9, 10, 11, 12, 13, 14, 16, 18]",30.0,4,69,0.5,16,0,57,4,28,15,ordinary,22,full_coverage_and_all_discovered_cleared,239,6004.194676,40.0,constant,,0.04797416599467397
14,1,True,0,14,1,3,0,uniform__adversarial-spatial__69,uniform__adversarial-spatial,14,31,17,15,247,,bounded_transverse_width,,arc,50,0.04720000000000013,15,cached_distance_prefix_sum,0,0,,,,,,False,0,0,31,4,0,0,2,2,228,fast_arc05_width015,[],21945.97339621037,0,,0.0,,False,0,387.8796450666667,"[2, 3, 4, 5, 6, 7, 8, 9, 10, 11, 12, 13, 14, 16, 18]",30.0,4,69,0.5,16,0,57,4,28,15,ordinary,22,full_coverage_and_all_discovered_cleared,208,5818.194676,40.0,constant,,0.047204374975990504
14,1,True,0,14,1,3,0,uniform__adversarial-spatial__69,uniform__adversarial-spatial,14,31,17,15,247,,bounded_transverse_width,,arc,50,0.04715200000000053,15,cached_distance_prefix_sum,0,0,,,31,0,31,False,0,0,31,4,0,0,2,2,228,faithful_arc05_width015,[],21945.97339621037,0,,0.0,,False,0,387.8796450666667,"[2, 3, 4, 5, 6, 7, 8, 9, 10, 11, 12, 13, 14, 16, 18]",30.0,4,69,0.5,16,0,57,4,28,15,ordinary,22,full_coverage_and_all_discovered_cleared,208,5818.194676,40.0,constant,,0.04719949996797368
8,0,True,0,8,1,5,0,uniform__adversarial-spatial__69,uniform__adversarial-spatial,14,0,19,15,269,,bounded_transverse_width,,locked,45,0.04797299999999893,15,cached_distance_prefix_sum,0,0,,,,,,True,0,0,0,1,0,0,3,3,248,locked_noskip_width015,[],22667.793193869453,0,,0.0,,False,0,405.70390920000006,"[2, 3, 4, 5, 6, 7, 8, 9, 10, 11, 12, 13, 14, 16, 18]",30.0,4,69,1.0,28,3,12,1,23,15,ordinary,22,full_coverage_and_all_discovered_cleared,225,6085.558638,40.0,constant,,0.04806716600432992
8,0,True,0,8,1,5,0,uniform__adversarial-spatial__69,uniform__adversarial-spatial,14,30,19,15,239,,bounded_transverse_width,,locked,45,0.04663500000000198,15,cached_distance_prefix_sum,0,0,,,,,,True,0,0,30,1,0,0,3,3,218,fast_locked_width015,[],22667.793193869453,0,,0.0,,False,0,393.70390920000006,"[2, 3, 4, 5, 6, 7, 8, 9, 10, 11, 12, 13, 14, 16, 18]",30.0,4,69,1.0,28,3,12,1,23,15,ordinary,22,full_coverage_and_all_discovered_cleared,195,5905.558638,40.0,constant,,0.046677667007315904
8,0,True,0,8,1,5,0,uniform__adversarial-spatial__69,uniform__adversarial-spatial,14,30,19,15,239,,bounded_transverse_width,,locked,45,0.04717099999999874,15,cached_distance_prefix_sum,0,0,,,30,0,30,True,0,0,30,1,0,0,3,3,218,faithful_locked_width015,[],22667.793193869453,0,,0.0,,False,0,393.70390920000006,"[2, 3, 4, 5, 6, 7, 8, 9, 10, 11, 12, 13, 14, 16, 18]",30.0,4,69,1.0,28,3,12,1,23,15,ordinary,22,full_coverage_and_all_discovered_cleared,195,5905.558638,40.0,constant,,0.047208999982103705
8,1,True,0,8,1,5,0,uniform__adversarial-spatial__70,uniform__adversarial-spatial,9,,14,10,355,,bounded_transverse_width,,,,0.0316289999999988,10,,0,0,,,,,,,0,0,,3,39,0,3,2,339,width40_f015_22,[],20915.07440708251,0,,0.0,,False,0,625.8014876,"[2, 3, 5, 10, 11, 13, 15, 16, 19, 20]",30.0,4,70,,4,1,31,3,17,10,ordinary,22,full_coverage_and_all_discovered_cleared,318,6258.014876,40.0,constant,,0.031650250020902604
8,1,True,0,8,1,5,0,uniform__adversarial-spatial__70,uniform__adversarial-spatial,9,36,14,10,319,,bounded_transverse_width,,base,0,0.031129999999997437,10,,0,0,,,,,,False,0,0,36,3,39,0,3,2,303,range_width015,[],20915.07440708251,0,,0.0,,False,0,604.2014876000001,"[2, 3, 5, 10, 11, 13, 15, 16, 19, 20]",30.0,4,70,1.0,4,1,31,3,17,10,ordinary,22,full_coverage_and_all_discovered_cleared,282,6042.014876,40.0,constant,,0.03117320901947096
8,1,True,0,8,1,5,0,uniform__adversarial-spatial__70,uniform__adversarial-spatial,9,35,14,10,320,,bounded_transverse_width,,base,0,0.03148399999999896,10,,0,0,,,35,1,35,False,0,0,35,3,39,0,3,2,304,faithful_width015,[],20915.07440708251,0,,0.0,,False,0,604.9014876,"[2, 3, 5, 10, 11, 13, 15, 16, 19, 20]",30.0,4,70,1.0,4,1,31,3,17,10,ordinary,22,full_coverage_and_all_discovered_cleared,284,6049.014876,40.0,constant,,0.03150216699577868
18,3,True,0,18,0,3,1,uniform__adversarial-spatial__70,uniform__adversarial-spatial,10,0,13,10,328,,bounded_transverse_width,,arc,48,0.03547000000000011,10,cached_distance_prefix_sum,0,0,,,,,,False,0,0,0,3,0,0,4,3,313,arc05_noskip_width015,[],23180.59226767695,0,,0.0,,False,0,655.1118452,"[2, 3, 5, 10, 11, 13, 15, 16, 19, 20]",30.0,4,70,0.5,9,2,3,3,26,10,ordinary,22,full_coverage_and_all_discovered_cleared,291,6551.118452,40.0,constant,,0.03547562501626089
18,3,True,0,18,0,3,1,uniform__adversarial-spatial__70,uniform__adversarial-spatial,10,6,13,10,322,,bounded_transverse_width,,arc,48,0.03554100000000204,10,cached_distance_prefix_sum,0,0,,,,,,False,0,0,6,3,0,0,4,3,307,fast_arc05_width015,[],23180.59226767695,0,,0.0,,False,0,651.5118451999999,"[2, 3, 5, 10, 11, 13, 15, 16, 19, 20]",30.0,4,70,0.5,9,2,3,3,26,10,ordinary,22,full_coverage_and_all_discovered_cleared,285,6515.118452,40.0,constant,,0.03557337500387803
18,3,True,0,18,0,3,1,uniform__adversarial-spatial__70,uniform__adversarial-spatial,10,3,13,10,325,,bounded_transverse_width,,arc,48,0.035613999999998924,10,cached_distance_prefix_sum,0,0,,,3,3,3,False,0,0,3,3,0,0,4,3,310,faithful_arc05_width015,[],23180.59226767695,0,,0.0,,False,0,653.6118452,"[2, 3, 5, 10, 11, 13, 15, 16, 19, 20]",30.0,4,70,0.5,9,2,3,3,26,10,ordinary,22,full_coverage_and_all_discovered_cleared,291,6536.118452,40.0,constant,,0.03568083298159763
7,0,True,0,7,2,3,0,uniform__adversarial-spatial__70,uniform__adversarial-spatial,8,0,11,10,335,,bounded_transverse_width,,locked,39,0.027609999999999246,10,cached_distance_prefix_sum,0,0,,,,,,True,0,0,0,4,0,0,2,2,322,locked_noskip_width015,[],21069.830073484773,0,,0.0,,False,0,617.8966013,"[2, 3, 5, 10, 11, 13, 15, 16, 19, 20]",30.0,4,70,1.0,5,1,37,4,17,10,ordinary,22,full_coverage_and_all_discovered_cleared,302,6178.966013,40.0,constant,,0.027621583023574203
7,0,True,0,7,2,3,0,uniform__adversarial-spatial__70,uniform__adversarial-spatial,8,11,11,10,324,,bounded_transverse_width,,locked,39,0.027379000000003373,10,cached_distance_prefix_sum,0,0,,,,,,True,0,0,11,4,0,0,2,2,311,fast_locked_width015,[],21069.830073484773,0,,0.0,,False,0,611.2966013,"[2, 3, 5, 10, 11, 13, 15, 16, 19, 20]",30.0,4,70,1.0,5,1,37,4,17,10,ordinary,22,full_coverage_and_all_discovered_cleared,291,6112.966013,40.0,constant,,0.027413500007241964
7,0,True,0,7,2,3,0,uniform__adversarial-spatial__70,uniform__adversarial-spatial,8,11,11,10,324,,bounded_transverse_width,,locked,39,0.027599999999999625,10,cached_distance_prefix_sum,0,0,,,11,0,11,True,0,0,11,4,0,0,2,2,311,faithful_locked_width015,[],21069.830073484773,0,,0.0,,False,0,611.2966013,"[2, 3, 5, 10, 11, 13, 15, 16, 19, 20]",30.0,4,70,1.0,5,1,37,4,17,10,ordinary,22,full_coverage_and_all_discovered_cleared,291,6112.966013,40.0,constant,,0.02765420899959281
5,2,True,0,5,0,0,1,uniform__adversarial-spatial__71,uniform__adversarial-spatial,12,,12,12,341,,bounded_transverse_width,,,,0.037501999999999924,12,,0,0,,,,,,,0,0,,1,38,0,3,2,327,width40_f015_22,[],22540.016949674387,0,,0.0,,False,0,542.2502822499999,"[1, 2, 4, 5, 7, 9, 10, 13, 17, 18, 19, 20]",30.0,4,71,,13,0,14,1,16,12,ordinary,22,full_coverage_and_all_discovered_cleared,304,6507.003387,40.0,constant,,0.0375322499894537
5,2,True,0,5,0,0,1,uniform__adversarial-spatial__71,uniform__adversarial-spatial,12,22,12,12,319,,bounded_transverse_width,,base,0,0.036969000000002694,12,,0,0,,,,,,False,0,0,22,1,38,0,3,2,305,range_width015,[],22540.016949674387,0,,0.0,,False,0,531.4169489166667,"[1, 2, 4, 5, 7, 9, 10, 13, 17, 18, 19, 20]",30.0,4,71,1.0,13,0,14,1,16,12,ordinary,22,full_coverage_and_all_discovered_cleared,284,6377.003387,40.0,constant,,0.03698799997800961
5,2,True,0,5,0,0,1,uniform__adversarial-spatial__71,uniform__adversarial-spatial,12,21,12,12,320,,bounded_transverse_width,,base,0,0.03703400000000201,12,,0,0,,,21,1,21,False,0,0,21,1,38,0,3,2,306,faithful_width015,[],22540.016949674387,0,,0.0,,False,0,531.9169489166667,"[1, 2, 4, 5, 7, 9, 10, 13, 17, 18, 19, 20]",30.0,4,71,1.0,13,0,14,1,16,12,ordinary,22,full_coverage_and_all_discovered_cleared,285,6383.003387,40.0,constant,,0.03705654200166464
12,0,True,0,12,0,2,0,uniform__adversarial-spatial__71,uniform__adversarial-spatial,12,0,14,12,319,,bounded_transverse_width,,arc,46,0.041574000000000666,12,cached_distance_prefix_sum,0,0,,,,,,False,0,0,0,4,0,0,3,3,303,arc05_noskip_width015,[],21885.324465264646,0,,0.0,,False,0,519.7554075833333,"[1, 2, 4, 5, 7, 9, 10, 13, 17, 18, 19, 20]",30.0,4,71,0.5,11,4,48,4,24,12,ordinary,22,full_coverage_and_all_discovered_cleared,279,6237.064891,40.0,constant,,0.04160670901183039
12,0,True,0,12,0,2,0,uniform__adversarial-spatial__71,uniform__adversarial-spatial,12,23,14,12,296,,bounded_transverse_width,,arc,46,0.04122599999999821,12,cached_distance_prefix_sum,0,0,,,,,,False,0,0,23,4,0,0,3,3,280,fast_arc05_width015,[],21885.324465264646,0,,0.0,,False,0,508.42207425,"[1, 2, 4, 5, 7, 9, 10, 13, 17, 18, 19, 20]",30.0,4,71,0.5,11,4,48,4,24,12,ordinary,22,full_coverage_and_all_discovered_cleared,258,6101.064891,40.0,constant,,0.041304250014945865
12,0,True,0,12,0,2,0,uniform__adversarial-spatial__71,uniform__adversarial-spatial,12,20,14,12,299,,bounded_transverse_width,,arc,46,0.041422000000000736,12,cached_distance_prefix_sum,0,0,,,20,3,20,False,0,0,20,4,0,0,3,3,283,faithful_arc05_width015,[],21885.324465264646,0,,0.0,,False,0,509.75540758333335,"[1, 2, 4, 5, 7, 9, 10, 13, 17, 18, 19, 20]",30.0,4,71,0.5,11,4,48,4,24,12,ordinary,22,full_coverage_and_all_discovered_cleared,259,6117.064891,40.0,constant,,0.04144204099429771
14,5,True,0,14,1,2,2,uniform__adversarial-spatial__71,uniform__adversarial-spatial,11,0,13,12,331,,bounded_transverse_width,,locked,45,0.03795200000000065,12,cached_distance_prefix_sum,0,0,,,,,,True,0,0,0,3,0,0,4,3,316,locked_noskip_width015,[],24321.68225035208,0,,0.0,,False,0,566.444704,"[1, 2, 4, 5, 7, 9, 10, 13, 17, 18, 19, 20]",30.0,4,71,1.0,11,9,20,3,23,12,ordinary,22,full_coverage_and_all_discovered_cleared,290,6797.336448,40.0,constant,,0.03795820800587535
14,5,True,0,14,1,2,2,uniform__adversarial-spatial__71,uniform__adversarial-spatial,11,27,13,12,304,,bounded_transverse_width,,locked,45,0.03750300000000095,12,cached_distance_prefix_sum,0,0,,,,,,True,0,0,27,3,0,0,4,3,289,fast_locked_width015,[],24321.68225035208,0,,0.0,,False,0,552.944704,"[1, 2, 4, 5, 7, 9, 10, 13, 17, 18, 19, 20]",30.0,4,71,1.0,11,9,20,3,23,12,ordinary,22,full_coverage_and_all_discovered_cleared,263,6635.336448,40.0,constant,,0.03762770799221471
14,5,True,0,14,1,2,2,uniform__adversarial-spatial__71,uniform__adversarial-spatial,11,25,13,12,306,,bounded_transverse_width,,locked,45,0.03804099999999977,12,cached_distance_prefix_sum,0,0,,,25,2,25,True,0,0,25,3,0,0,4,3,291,faithful_locked_width015,[],24321.68225035208,0,,0.0,,False,0,554.2780373333334,"[1, 2, 4, 5, 7, 9, 10, 13, 17, 18, 19, 20]",30.0,4,71,1.0,11,9,20,3,23,12,ordinary,22,full_coverage_and_all_discovered_cleared,269,6651.336448,40.0,constant,,0.03809625003486872
6,1,True,0,6,2,2,0,edge__iid__67,edge__iid,8,,10,10,345,,bounded_transverse_width,,,,0.029823999999997852,10,,0,0,,,,,,,0,0,,1,37,0,3,2,333,width40_f015_22,[],21151.96205011894,0,,0.0,,False,0,625.6392407999999,"[4, 5, 7, 8, 9, 10, 14, 15, 18, 19]",30.0,4,67,,6,1,7,1,15,10,ordinary,22,full_coverage_and_all_discovered_cleared,311,6256.392408,40.0,constant,,0.02984395797830075
6,1,True,0,6,2,2,0,edge__iid__67,edge__iid,8,25,10,10,320,,bounded_transverse_width,,base,0,0.029851000000000738,10,,0,0,,,,,,False,0,0,25,1,37,0,3,2,308,range_width015,[],21151.96205011894,0,,0.0,,False,0,610.6392407999999,"[4, 5, 7, 8, 9, 10, 14, 15, 18, 19]",30.0,4,67,1.0,6,1,7,1,15,10,ordinary,22,full_coverage_and_all_discovered_cleared,286,6106.392408,40.0,constant,,0.029867042030673474
6,1,True,0,6,2,2,0,edge__iid__67,edge__iid,8,21,10,10,324,,bounded_transverse_width,,base,0,0.029790999999999457,10,,0,0,,,21,4,21,False,0,0,21,1,37,0,3,2,312,faithful_width015,[],21151.96205011894,0,,0.0,,False,0,613.4392408,"[4, 5, 7, 8, 9, 10, 14, 15, 18, 19]",30.0,4,67,1.0,6,1,7,1,15,10,ordinary,22,full_coverage_and_all_discovered_cleared,294,6134.392408,40.0,constant,,0.029835833003744483
7,1,True,0,7,2,2,0,edge__iid__67,edge__iid,8,0,10,10,346,,bounded_transverse_width,,arc,38,0.03633999999999915,10,cached_distance_prefix_sum,0,0,,,,,,False,0,0,0,2,0,0,3,2,334,arc05_noskip_width015,[],21138.875107521035,0,,0.0,,False,0,625.977502,"[4, 5, 7, 8, 9, 10, 14, 15, 18, 19]",30.0,4,67,0.5,6,1,7,2,16,10,ordinary,22,full_coverage_and_all_discovered_cleared,312,6259.77502,40.0,constant,,0.03640083299251273
7,1,True,0,7,2,2,0,edge__iid__67,edge__iid,8,25,10,10,321,,bounded_transverse_width,,arc,38,0.0356480000000019,10,cached_distance_prefix_sum,0,0,,,,,,False,0,0,25,2,0,0,3,2,309,fast_arc05_width015,[],21138.875107521035,0,,0.0,,False,0,610.977502,"[4, 5, 7, 8, 9, 10, 14, 15, 18, 19]",30.0,4,67,0.5,6,1,7,2,16,10,ordinary,22,full_coverage_and_all_discovered_cleared,287,6109.77502,40.0,constant,,0.03566287498688325
7,1,True,0,7,2,2,0,edge__iid__67,edge__iid,8,21,10,10,325,,bounded_transverse_width,,arc,38,0.03637600000000063,10,cached_distance_prefix_sum,0,0,,,21,4,21,False,0,0,21,2,0,0,3,2,313,faithful_arc05_width015,[],21138.875107521035,0,,0.0,,False,0,613.777502,"[4, 5, 7, 8, 9, 10, 14, 15, 18, 19]",30.0,4,67,0.5,6,1,7,2,16,10,ordinary,22,full_coverage_and_all_discovered_cleared,295,6137.77502,40.0,constant,,0.03640579100465402
10,1,True,0,10,2,3,0,edge__iid__67,edge__iid,8,0,11,10,370,,bounded_transverse_width,,locked,41,0.03307399999999916,10,cached_distance_prefix_sum,0,0,,,,,,True,0,0,0,4,0,0,4,3,357,locked_noskip_width015,[],20345.637367047366,0,,0.0,,False,0,624.1127472000001,"[4, 5, 7, 8, 9, 10, 14, 15, 18, 19]",30.0,4,67,1.0,9,3,28,4,19,10,ordinary,22,full_coverage_and_all_discovered_cleared,334,6241.127472,40.0,constant,,0.03315141599159688
10,1,True,0,10,2,3,0,edge__iid__67,edge__iid,8,38,11,10,332,,bounded_transverse_width,,locked,41,0.032223999999999364,10,cached_distance_prefix_sum,0,0,,,,,,True,0,0,38,4,0,0,4,3,319,fast_locked_width015,[],20345.637367047366,0,,0.0,,False,0,601.3127472,"[4, 5, 7, 8, 9, 10, 14, 15, 18, 19]",30.0,4,67,1.0,9,3,28,4,19,10,ordinary,22,full_coverage_and_all_discovered_cleared,296,6013.127472,40.0,constant,,0.03230950003489852
10,1,True,0,10,2,3,0,edge__iid__67,edge__iid,8,35,11,10,335,,bounded_transverse_width,,locked,41,0.03238499999999789,10,cached_distance_prefix_sum,0,0,,,35,3,35,True,0,0,35,4,0,0,4,3,322,faithful_locked_width015,[],20345.637367047366,0,,0.0,,False,0,603.5127472,"[4, 5, 7, 8, 9, 10, 14, 15, 18, 19]",30.0,4,67,1.0,9,3,28,4,19,10,ordinary,22,full_coverage_and_all_discovered_cleared,303,6035.127472,40.0,constant,,0.03240108396857977
19,2,True,0,19,1,1,0,edge__iid__68,edge__iid,14,,15,15,301,,bounded_transverse_width,,,,0.04207500000000053,15,,0,0,,,,,,,0,0,,6,54,0,3,2,284,width40_f015_22,[],24721.394031211723,0,,0.0,,False,0,446.68525373333335,"[2, 4, 5, 6, 8, 9, 11, 12, 13, 14, 15, 16, 17, 19, 20]",30.0,4,68,,13,3,0,6,32,15,ordinary,22,full_coverage_and_all_discovered_cleared,261,6700.278806,40.0,constant,,0.04208449996076524
19,2,True,0,19,1,1,0,edge__iid__68,edge__iid,14,3,15,15,298,,bounded_transverse_width,,base,0,0.046879999999998034,15,,0,0,,,,,,False,0,0,3,6,54,0,3,2,281,range_width015,[],24721.394031211723,0,,0.0,,False,0,445.55192040000003,"[2, 4, 5, 6, 8, 9, 11, 12, 13, 14, 15, 16, 17, 19, 20]",30.0,4,68,1.0,13,3,0,6,32,15,ordinary,22,full_coverage_and_all_discovered_cleared,259,6683.278806,40.0,constant,,0.04691729199839756
19,2,True,0,19,1,1,0,edge__iid__68,edge__iid,14,2,15,15,299,,bounded_transverse_width,,base,0,0.042612999999999346,15,,0,0,,,2,1,2,False,0,0,2,6,54,0,3,2,282,faithful_width015,[],24721.394031211723,0,,0.0,,False,0,445.9519204,"[2, 4, 5, 6, 8, 9, 11, 12, 13, 14, 15, 16, 17, 19, 20]",30.0,4,68,1.0,13,3,0,6,32,15,ordinary,22,full_coverage_and_all_discovered_cleared,260,6689.278806,40.0,constant,,0.042716207972262055
13,1,True,0,13,4,5,0,edge__iid__68,edge__iid,11,0,16,15,302,,bounded_transverse_width,,arc,49,0.042490000000000805,15,cached_distance_prefix_sum,0,0,,,,,,False,0,0,0,5,0,0,2,2,284,arc05_noskip_width015,[],22368.31293454236,0,,0.0,,False,0,415.6441724,"[2, 4, 5, 6, 8, 9, 11, 12, 13, 14, 15, 16, 17, 19, 20]",30.0,4,68,0.5,15,1,3,5,27,15,ordinary,22,full_coverage_and_all_discovered_cleared,263,6234.662586,40.0,constant,,0.04250487498939037
13,1,True,0,13,4,5,0,edge__iid__68,edge__iid,11,4,16,15,298,,bounded_transverse_width,,arc,49,0.04245200000000082,15,cached_distance_prefix_sum,0,0,,,,,,False,0,0,4,5,0,0,2,2,280,fast_arc05_width015,[],22368.31293454236,0,,0.0,,False,0,413.9775057333334,"[2, 4, 5, 6, 8, 9, 11, 12, 13, 14, 15, 16, 17, 19, 20]",30.0,4,68,0.5,15,1,3,5,27,15,ordinary,22,full_coverage_and_all_discovered_cleared,258,6209.662586,40.0,constant,,0.04255537496646866
13,1,True,0,13,4,5,0,edge__iid__68,edge__iid,11,3,16,15,299,,bounded_transverse_width,,arc,49,0.04237900000000039,15,cached_distance_prefix_sum,0,0,,,3,1,3,False,0,0,3,5,0,0,2,2,281,faithful_arc05_width015,[],22368.31293454236,0,,0.0,,False,0,414.4441724,"[2, 4, 5, 6, 8, 9, 11, 12, 13, 14, 15, 16, 17, 19, 20]",30.0,4,68,0.5,15,1,3,5,27,15,ordinary,22,full_coverage_and_all_discovered_cleared,260,6216.662586,40.0,constant,,0.04242270899703726
14,2,True,0,14,3,3,0,edge__iid__68,edge__iid,12,0,15,15,322,,bounded_transverse_width,,locked,49,0.04799700000000229,15,cached_distance_prefix_sum,0,0,,,,,,True,0,0,0,5,0,0,5,4,305,locked_noskip_width015,[],21580.00463729434,0,,0.0,,False,0,413.13339520000005,"[2, 4, 5, 6, 8, 9, 11, 12, 13, 14, 15, 16, 17, 19, 20]",30.0,4,68,1.0,11,6,23,6,27,15,ordinary,22,full_coverage_and_all_discovered_cleared,281,6197.000928,40.0,constant,,0.04802820802433416
14,2,True,0,14,3,3,0,edge__iid__68,edge__iid,12,41,15,15,281,,bounded_transverse_width,,locked,49,0.04671199999999942,15,cached_distance_prefix_sum,0,0,,,,,,True,0,0,41,5,0,0,5,4,264,fast_locked_width015,[],21580.00463729434,0,,0.0,,False,0,396.7333952,"[2, 4, 5, 6, 8, 9, 11, 12, 13, 14, 15, 16, 17, 19, 20]",30.0,4,68,1.0,11,6,23,6,27,15,ordinary,22,full_coverage_and_all_discovered_cleared,240,5951.000928,40.0,constant,,0.04671879200031981
14,2,True,0,14,3,3,0,edge__iid__68,edge__iid,12,38,15,15,284,,bounded_transverse_width,,locked,49,0.04760399999999976,15,cached_distance_prefix_sum,0,0,,,38,3,38,True,0,0,38,5,0,0,5,4,267,faithful_locked_width015,[],21580.00463729434,0,,0.0,,False,0,398.2667285333334,"[2, 4, 5, 6, 8, 9, 11, 12, 13, 14, 15, 16, 17, 19, 20]",30.0,4,68,1.0,11,6,23,6,27,15,ordinary,22,full_coverage_and_all_discovered_cleared,248,5974.000928,40.0,constant,,0.047665500023867935
13,1,True,0,13,4,4,0,edge__iid__69,edge__iid,11,,15,15,315,,bounded_transverse_width,,,,0.0424769999999981,15,,0,0,,,,,,,0,0,,4,49,0,3,3,298,width40_f015_22,[],23610.332054407605,0,,0.0,,False,0,437.2710937333333,"[2, 3, 4, 5, 6, 7, 8, 9, 10, 11, 12, 13, 14, 16, 18]",30.0,4,69,,15,3,5,5,27,15,ordinary,22,full_coverage_and_all_discovered_cleared,272,6559.066406,40.0,constant,,0.04248499998357147
13,1,True,0,13,4,4,0,edge__iid__69,edge__iid,11,21,15,15,294,,bounded_transverse_width,,base,0,0.04243199999999803,15,,0,0,,,,,,False,0,0,21,4,49,0,3,3,277,range_width015,[],23610.332054407605,0,,0.0,,False,0,428.87109373333334,"[2, 3, 4, 5, 6, 7, 8, 9, 10, 11, 12, 13, 14, 16, 18]",30.0,4,69,1.0,15,3,5,5,27,15,ordinary,22,full_coverage_and_all_discovered_cleared,251,6433.066406,40.0,constant,,0.04243679199134931
13,1,True,0,13,4,4,0,edge__iid__69,edge__iid,11,21,15,15,294,,bounded_transverse_width,,base,0,0.04267500000000268,15,,0,0,,,21,0,21,False,0,0,21,4,49,0,3,3,277,faithful_width015,[],23610.332054407605,0,,0.0,,False,0,428.87109373333334,"[2, 3, 4, 5, 6, 7, 8, 9, 10, 11, 12, 13, 14, 16, 18]",30.0,4,69,1.0,15,3,5,5,27,15,ordinary,22,full_coverage_and_all_discovered_cleared,251,6433.066406,40.0,constant,,0.04268941597547382
25,3,True,0,25,4,5,1,edge__iid__69,edge__iid,11,0,16,15,308,,bounded_transverse_width,,arc,60,0.056321999999997985,15,cached_distance_prefix_sum,0,0,,,,,,False,0,0,0,9,0,0,4,3,290,arc05_noskip_width015,[],24052.61479777609,0,,0.0,,False,0,440.16819746666664,"[2, 3, 4, 5, 6, 7, 8, 9, 10, 11, 12, 13, 14, 16, 18]",30.0,4,69,0.5,11,2,13,9,38,15,ordinary,22,full_coverage_and_all_discovered_cleared,264,6602.522962,40.0,constant,,0.056365500029642135
25,3,True,0,25,4,5,1,edge__iid__69,edge__iid,11,3,16,15,305,,bounded_transverse_width,,arc,60,0.05601400000000112,15,cached_distance_prefix_sum,0,0,,,,,,False,0,0,3,9,0,0,4,3,287,fast_arc05_width015,[],24052.61479777609,0,,0.0,,False,0,438.96819746666665,"[2, 3, 4, 5, 6, 7, 8, 9, 10, 11, 12, 13, 14, 16, 18]",30.0,4,69,0.5,11,2,13,9,38,15,ordinary,22,full_coverage_and_all_discovered_cleared,261,6584.522962,40.0,constant,,0.05603958299616352
25,3,True,0,25,4,5,1,edge__iid__69,edge__iid,11,3,16,15,305,,bounded_transverse_width,,arc,60,0.056186999999997767,15,cached_distance_prefix_sum,0,0,,,3,0,3,False,0,0,3,9,0,0,4,3,287,faithful_arc05_width015,[],24052.61479777609,0,,0.0,,False,0,438.96819746666665,"[2, 3, 4, 5, 6, 7, 8, 9, 10, 11, 12, 13, 14, 16, 18]",30.0,4,69,0.5,11,2,13,9,38,15,ordinary,22,full_coverage_and_all_discovered_cleared,261,6584.522962,40.0,constant,,0.05626508401473984
10,2,True,0,10,2,2,0,edge__iid__69,edge__iid,13,0,15,15,311,,bounded_transverse_width,,locked,45,0.04475100000000154,15,cached_distance_prefix_sum,0,0,,,,,,True,0,0,0,3,0,0,3,2,294,locked_noskip_width015,[],20519.863382280826,0,,0.0,,False,0,394.59817833333335,"[2, 3, 4, 5, 6, 7, 8, 9, 10, 11, 12, 13, 14, 16, 18]",30.0,4,69,1.0,16,7,39,3,23,15,ordinary,22,full_coverage_and_all_discovered_cleared,270,5918.972675,40.0,constant,,0.04476550000254065
10,2,True,0,10,2,2,0,edge__iid__69,edge__iid,13,57,15,15,254,,bounded_transverse_width,,locked,45,0.0436380000000014,15,cached_distance_prefix_sum,0,0,,,,,,True,0,0,57,3,0,0,3,2,237,fast_locked_width015,[],20519.863382280826,0,,0.0,,False,0,371.79817833333334,"[2, 3, 4, 5, 6, 7, 8, 9, 10, 11, 12, 13, 14, 16, 18]",30.0,4,69,1.0,16,7,39,3,23,15,ordinary,22,full_coverage_and_all_discovered_cleared,213,5576.972675,40.0,constant,,0.043655875022523105
10,2,True,0,10,2,2,0,edge__iid__69,edge__iid,13,57,15,15,254,,bounded_transverse_width,,locked,45,0.04390899999999931,15,cached_distance_prefix_sum,0,0,,,57,0,57,True,0,0,57,3,0,0,3,2,237,faithful_locked_width015,[],20519.863382280826,0,,0.0,,False,0,371.79817833333334,"[2, 3, 4, 5, 6, 7, 8, 9, 10, 11, 12, 13, 14, 16, 18]",30.0,4,69,1.0,16,7,39,3,23,15,ordinary,22,full_coverage_and_all_discovered_cleared,213,5576.972675,40.0,constant,,0.04399154195562005
7,0,True,0,7,4,4,0,edge__iid__70,edge__iid,6,,10,10,335,,bounded_transverse_width,,,,0.026751000000000857,10,,0,0,,,,,,,0,0,,3,39,0,3,3,323,width40_f015_22,[],20763.284229763005,0,,0.0,,False,0,611.6656845,"[2, 3, 5, 10, 11, 13, 15, 16, 19, 20]",30.0,4,70,,3,0,4,3,17,10,ordinary,22,full_coverage_and_all_discovered_cleared,299,6116.656845,40.0,constant,,0.026784375018905848
7,0,True,0,7,4,4,0,edge__iid__70,edge__iid,6,1,10,10,334,,bounded_transverse_width,,base,0,0.026320999999999373,10,,0,0,,,,,,False,0,0,1,3,39,0,3,3,322,range_width015,[],20763.284229763005,0,,0.0,,False,0,611.0656845000001,"[2, 3, 5, 10, 11, 13, 15, 16, 19, 20]",30.0,4,70,1.0,3,0,4,3,17,10,ordinary,22,full_coverage_and_all_discovered_cleared,298,6110.656845,40.0,constant,,0.026336375041864812
7,0,True,0,7,4,4,0,edge__iid__70,edge__iid,6,1,10,10,334,,bounded_transverse_width,,base,0,0.026424000000002223,10,,0,0,,,1,0,1,False,0,0,1,3,39,0,3,3,322,faithful_width015,[],20763.284229763005,0,,0.0,,False,0,611.0656845000001,"[2, 3, 5, 10, 11, 13, 15, 16, 19, 20]",30.0,4,70,1.0,3,0,4,3,17,10,ordinary,22,full_coverage_and_all_discovered_cleared,298,6110.656845,40.0,constant,,0.02642820804612711
14,0,True,0,14,3,4,0,edge__iid__70,edge__iid,7,0,11,10,331,,bounded_transverse_width,,arc,46,0.032235000000000014,10,cached_distance_prefix_sum,0,0,,,,,,False,0,0,0,7,0,0,3,3,318,arc05_noskip_width015,[],19432.995269671275,0,,0.0,,False,0,582.4599052,"[2, 3, 5, 10, 11, 13, 15, 16, 19, 20]",30.0,4,70,0.5,3,0,0,7,24,10,ordinary,22,full_coverage_and_all_discovered_cleared,295,5824.599052,40.0,constant,,0.03229750000173226
14,0,True,0,14,3,4,0,edge__iid__70,edge__iid,7,0,11,10,331,,bounded_transverse_width,,arc,46,0.03277599999999836,10,cached_distance_prefix_sum,0,0,,,,,,False,0,0,0,7,0,0,3,3,318,fast_arc05_width015,[],19432.995269671275,0,,0.0,,False,0,582.4599052,"[2, 3, 5, 10, 11, 13, 15, 16, 19, 20]",30.0,4,70,0.5,3,0,0,7,24,10,ordinary,22,full_coverage_and_all_discovered_cleared,295,5824.599052,40.0,constant,,0.0328133330331184
14,0,True,0,14,3,4,0,edge__iid__70,edge__iid,7,0,11,10,331,,bounded_transverse_width,,arc,46,0.03263600000000011,10,cached_distance_prefix_sum,0,0,,,0,0,0,False,0,0,0,7,0,0,3,3,318,faithful_arc05_width015,[],19432.995269671275,0,,0.0,,False,0,582.4599052,"[2, 3, 5, 10, 11, 13, 15, 16, 19, 20]",30.0,4,70,0.5,3,0,0,7,24,10,ordinary,22,full_coverage_and_all_discovered_cleared,295,5824.599052,40.0,constant,,0.032639916986227036
7,0,True,0,7,1,1,0,edge__iid__70,edge__iid,9,0,10,10,393,,bounded_transverse_width,,locked,39,0.03470100000000187,10,cached_distance_prefix_sum,0,0,,,,,,True,0,0,0,2,0,0,3,3,381,locked_noskip_width015,[],19010.83662954438,0,,0.0,,False,0,611.5167326,"[2, 3, 5, 10, 11, 13, 15, 16, 19, 20]",30.0,4,70,1.0,6,9,2,2,17,10,ordinary,22,full_coverage_and_all_discovered_cleared,358,6115.167326,40.0,constant,,0.034720375027973205
7,0,True,0,7,1,1,0,edge__iid__70,edge__iid,9,52,10,10,341,,bounded_transverse_width,,locked,39,0.03372500000000045,10,cached_distance_prefix_sum,0,0,,,,,,True,0,0,52,2,0,0,3,3,329,fast_locked_width015,[],19010.83662954438,0,,0.0,,False,0,580.4167325999999,"[2, 3, 5, 10, 11, 13, 15, 16, 19, 20]",30.0,4,70,1.0,6,9,2,2,17,10,ordinary,22,full_coverage_and_all_discovered_cleared,307,5804.167326,40.0,constant,,0.033761458995286375
7,0,True,0,7,1,1,0,edge__iid__70,edge__iid,9,44,10,10,349,,bounded_transverse_width,,locked,39,0.033706000000002234,10,cached_distance_prefix_sum,0,0,,,44,8,44,True,0,0,44,2,0,0,3,3,337,faithful_locked_width015,[],19010.83662954438,0,,0.0,,False,0,585.8167326,"[2, 3, 5, 10, 11, 13, 15, 16, 19, 20]",30.0,4,70,1.0,6,9,2,2,17,10,ordinary,22,full_coverage_and_all_discovered_cleared,321,5858.167326,40.0,constant,,0.03372320899507031
14,1,True,0,14,0,0,0,edge__iid__71,edge__iid,12,,12,12,353,,bounded_transverse_width,,,,0.03355099999999922,12,,0,0,,,,,,,0,0,,0,47,0,3,3,339,width40_f015_22,[],21806.07781048399,0,,0.0,,False,0,535.9346300833333,"[1, 2, 4, 5, 7, 9, 10, 13, 17, 18, 19, 20]",30.0,4,71,,10,2,0,0,25,12,ordinary,22,full_coverage_and_all_discovered_cleared,315,6431.215561,40.0,constant,,0.03361145901726559
14,1,True,0,14,0,0,0,edge__iid__71,edge__iid,12,17,12,12,336,,bounded_transverse_width,,base,0,0.03335599999999772,12,,0,0,,,,,,False,0,0,17,0,47,0,3,3,322,range_width015,[],21806.07781048399,0,,0.0,,False,0,527.4346300833333,"[1, 2, 4, 5, 7, 9, 10, 13, 17, 18, 19, 20]",30.0,4,71,1.0,10,2,0,0,25,12,ordinary,22,full_coverage_and_all_discovered_cleared,298,6329.215561,40.0,constant,,0.033379542001057416
14,1,True,0,14,0,0,0,edge__iid__71,edge__iid,12,14,12,12,339,,bounded_transverse_width,,base,0,0.033855999999996556,12,,0,0,,,14,3,14,False,0,0,14,0,47,0,3,3,325,faithful_width015,[],21806.07781048399,0,,0.0,,False,0,528.9346300833333,"[1, 2, 4, 5, 7, 9, 10, 13, 17, 18, 19, 20]",30.0,4,71,1.0,10,2,0,0,25,12,ordinary,22,full_coverage_and_all_discovered_cleared,301,6347.215561,40.0,constant,,0.03392249997705221
14,1,True,0,14,0,0,0,edge__iid__71,edge__iid,12,0,12,12,353,,bounded_transverse_width,,arc,47,0.036892999999999176,12,cached_distance_prefix_sum,0,0,,,,,,False,0,0,0,0,0,0,3,3,339,arc05_noskip_width015,[],21806.07781048399,0,,0.0,,False,0,535.9346300833333,"[1, 2, 4, 5, 7, 9, 10, 13, 17, 18, 19, 20]",30.0,4,71,0.5,10,2,0,0,25,12,ordinary,22,full_coverage_and_all_discovered_cleared,315,6431.215561,40.0,constant,,0.03693791700061411
14,1,True,0,14,0,0,0,edge__iid__71,edge__iid,12,17,12,12,336,,bounded_transverse_width,,arc,47,0.036733999999999156,12,cached_distance_prefix_sum,0,0,,,,,,False,0,0,17,0,0,0,3,3,322,fast_arc05_width015,[],21806.07781048399,0,,0.0,,False,0,527.4346300833333,"[1, 2, 4, 5, 7, 9, 10, 13, 17, 18, 19, 20]",30.0,4,71,0.5,10,2,0,0,25,12,ordinary,22,full_coverage_and_all_discovered_cleared,298,6329.215561,40.0,constant,,0.036828875017818063
14,1,True,0,14,0,0,0,edge__iid__71,edge__iid,12,14,12,12,339,,bounded_transverse_width,,arc,47,0.036809000000001646,12,cached_distance_prefix_sum,0,0,,,14,3,14,False,0,0,14,0,0,0,3,3,325,faithful_arc05_width015,[],21806.07781048399,0,,0.0,,False,0,528.9346300833333,"[1, 2, 4, 5, 7, 9, 10, 13, 17, 18, 19, 20]",30.0,4,71,0.5,10,2,0,0,25,12,ordinary,22,full_coverage_and_all_discovered_cleared,301,6347.215561,40.0,constant,,0.03682204202050343
17,4,True,0,17,0,0,1,edge__iid__71,edge__iid,12,0,12,12,349,,bounded_transverse_width,,locked,48,0.03896500000000103,12,cached_distance_prefix_sum,0,0,,,,,,True,0,0,0,4,0,0,4,3,335,locked_noskip_width015,[],20957.278290003873,0,,0.0,,False,0,519.7046381666667,"[1, 2, 4, 5, 7, 9, 10, 13, 17, 18, 19, 20]",30.0,4,71,1.0,5,11,12,4,26,12,ordinary,22,full_coverage_and_all_discovered_cleared,310,6236.455658,40.0,constant,,0.03900687501300126
17,4,True,0,17,0,0,1,edge__iid__71,edge__iid,12,40,12,12,309,,bounded_transverse_width,,locked,48,0.037385000000000446,12,cached_distance_prefix_sum,0,0,,,,,,True,0,0,40,4,0,0,4,3,295,fast_locked_width015,[],20957.278290003873,0,,0.0,,False,0,499.78797149999997,"[1, 2, 4, 5, 7, 9, 10, 13, 17, 18, 19, 20]",30.0,4,71,1.0,5,11,12,4,26,12,ordinary,22,full_coverage_and_all_discovered_cleared,271,5997.455658,40.0,constant,,0.03740466700401157
17,4,True,0,17,0,0,1,edge__iid__71,edge__iid,12,39,12,12,310,,bounded_transverse_width,,locked,48,0.038190999999997643,12,cached_distance_prefix_sum,0,0,,,39,1,39,True,0,0,39,4,0,0,4,3,296,faithful_locked_width015,[],20957.278290003873,0,,0.0,,False,0,500.37130483333334,"[1, 2, 4, 5, 7, 9, 10, 13, 17, 18, 19, 20]",30.0,4,71,1.0,5,11,12,4,26,12,ordinary,22,full_coverage_and_all_discovered_cleared,273,6004.455658,40.0,constant,,0.03819791600108147
8,1,True,0,8,2,2,0,edge__smooth__67,edge__smooth,8,,10,10,363,,bounded_transverse_width,,,,0.03044099999999972,10,,0,0,,,,,,,0,0,,3,39,0,4,3,351,width40_f015_22,[],21532.34585750192,0,,0.0,,False,0,644.0469168,"[4, 5, 7, 8, 9, 10, 14, 15, 18, 19]",30.0,4,67,,7,0,15,3,17,10,ordinary,22,full_coverage_and_all_discovered_cleared,329,6440.469168,40.0,constant,,0.030440457980148494
8,1,True,0,8,2,2,0,edge__smooth__67,edge__smooth,8,5,10,10,358,,bounded_transverse_width,,base,0,0.03041300000000291,10,,0,0,,,,,,False,0,0,5,3,39,0,4,3,346,range_width015,[],21532.34585750192,0,,0.0,,False,0,641.0469168,"[4, 5, 7, 8, 9, 10, 14, 15, 18, 19]",30.0,4,67,1.0,7,0,15,3,17,10,ordinary,22,full_coverage_and_all_discovered_cleared,324,6410.469168,40.0,constant,,0.03041254199342802
8,1,True,0,8,2,2,0,edge__smooth__67,edge__smooth,8,5,10,10,358,,bounded_transverse_width,,base,0,0.03086399999999756,10,,0,0,,,5,0,5,False,0,0,5,3,39,0,4,3,346,faithful_width015,[],21532.34585750192,0,,0.0,,False,0,641.0469168,"[4, 5, 7, 8, 9, 10, 14, 15, 18, 19]",30.0,4,67,1.0,7,0,15,3,17,10,ordinary,22,full_coverage_and_all_discovered_cleared,324,6410.469168,40.0,constant,,0.030869499954860657
15,1,True,0,15,3,3,0,edge__smooth__67,edge__smooth,7,0,10,10,357,,bounded_transverse_width,,arc,46,0.0337360000000011,10,cached_distance_prefix_sum,0,0,,,,,,False,0,0,0,4,0,0,4,3,345,arc05_noskip_width015,[],20777.691122495296,0,,0.0,,False,0,625.2538222999999,"[4, 5, 7, 8, 9, 10, 14, 15, 18, 19]",30.0,4,67,0.5,3,0,15,4,24,10,ordinary,22,full_coverage_and_all_discovered_cleared,322,6252.538223,40.0,constant,,0.03377895796438679
15,1,True,0,15,3,3,0,edge__smooth__67,edge__smooth,7,1,10,10,356,,bounded_transverse_width,,arc,46,0.033861000000001695,10,cached_distance_prefix_sum,0,0,,,,,,False,0,0,1,4,0,0,4,3,344,fast_arc05_width015,[],20777.691122495296,0,,0.0,,False,0,624.6538223,"[4, 5, 7, 8, 9, 10, 14, 15, 18, 19]",30.0,4,67,0.5,3,0,15,4,24,10,ordinary,22,full_coverage_and_all_discovered_cleared,321,6246.538223,40.0,constant,,0.03387837496120483
15,1,True,0,15,3,3,0,edge__smooth__67,edge__smooth,7,1,10,10,356,,bounded_transverse_width,,arc,46,0.03388599999999897,10,cached_distance_prefix_sum,0,0,,,1,0,1,False,0,0,1,4,0,0,4,3,344,faithful_arc05_width015,[],20777.691122495296,0,,0.0,,False,0,624.6538223,"[4, 5, 7, 8, 9, 10, 14, 15, 18, 19]",30.0,4,67,0.5,3,0,15,4,24,10,ordinary,22,full_coverage_and_all_discovered_cleared,321,6246.538223,40.0,constant,,0.033907457953318954
11,1,True,0,11,2,3,0,edge__smooth__67,edge__smooth,8,0,11,10,370,,bounded_transverse_width,,locked,42,0.03278699999999901,10,cached_distance_prefix_sum,0,0,,,,,,True,0,0,0,4,0,0,4,3,357,locked_noskip_width015,[],20455.142709660395,0,,0.0,,False,0,626.302854,"[4, 5, 7, 8, 9, 10, 14, 15, 18, 19]",30.0,4,67,1.0,9,3,29,4,20,10,ordinary,22,full_coverage_and_all_discovered_cleared,334,6263.02854,40.0,constant,,0.03281987499212846
11,1,True,0,11,2,3,0,edge__smooth__67,edge__smooth,8,39,11,10,331,,bounded_transverse_width,,locked,42,0.03198200000000284,10,cached_distance_prefix_sum,0,0,,,,,,True,0,0,39,4,0,0,4,3,318,fast_locked_width015,[],20455.142709660395,0,,0.0,,False,0,602.902854,"[4, 5, 7, 8, 9, 10, 14, 15, 18, 19]",30.0,4,67,1.0,9,3,29,4,20,10,ordinary,22,full_coverage_and_all_discovered_cleared,295,6029.02854,40.0,constant,,0.032051125017460436
11,1,True,0,11,2,3,0,edge__smooth__67,edge__smooth,8,36,11,10,334,,bounded_transverse_width,,locked,42,0.0322640000000014,10,cached_distance_prefix_sum,0,0,,,36,3,36,True,0,0,36,4,0,0,4,3,321,faithful_locked_width015,[],20455.142709660395,0,,0.0,,False,0,605.102854,"[4, 5, 7, 8, 9, 10, 14, 15, 18, 19]",30.0,4,67,1.0,9,3,29,4,20,10,ordinary,22,full_coverage_and_all_discovered_cleared,302,6051.02854,40.0,constant,,0.03228525002487004
15,1,True,0,15,2,2,0,edge__smooth__68,edge__smooth,13,,15,15,318,,bounded_transverse_width,,,,0.043531999999999016,15,,0,0,,,,,,,0,0,,5,51,0,3,3,301,width40_f015_22,[],24139.012543219244,0,,0.0,,False,0,445.52016713333336,"[2, 4, 5, 6, 8, 9, 11, 12, 13, 14, 15, 16, 17, 19, 20]",30.0,4,68,,15,2,4,5,29,15,ordinary,22,full_coverage_and_all_discovered_cleared,275,6682.802507,40.0,constant,,0.043548749992623925
15,1,True,0,15,2,2,0,edge__smooth__68,edge__smooth,13,16,15,15,302,,bounded_transverse_width,,base,0,0.04349200000000053,15,,0,0,,,,,,False,0,0,16,5,51,0,3,3,285,range_width015,[],24139.012543219244,0,,0.0,,False,0,439.2535004666667,"[2, 4, 5, 6, 8, 9, 11, 12, 13, 14, 15, 16, 17, 19, 20]",30.0,4,68,1.0,15,2,4,5,29,15,ordinary,22,full_coverage_and_all_discovered_cleared,261,6588.802507,40.0,constant,,0.04355495801428333
15,1,True,0,15,2,2,0,edge__smooth__68,edge__smooth,13,11,15,15,307,,bounded_transverse_width,,base,0,0.04310399999999959,15,,0,0,,,11,5,11,False,0,0,11,5,51,0,3,3,290,faithful_width015,[],24139.012543219244,0,,0.0,,False,0,441.38683380000003,"[2, 4, 5, 6, 8, 9, 11, 12, 13, 14, 15, 16, 17, 19, 20]",30.0,4,68,1.0,15,2,4,5,29,15,ordinary,22,full_coverage_and_all_discovered_cleared,268,6620.802507,40.0,constant,,0.04312787501839921
18,2,True,0,18,2,2,0,edge__smooth__68,edge__smooth,13,0,15,15,312,,bounded_transverse_width,,arc,53,0.046784999999999854,15,cached_distance_prefix_sum,0,0,,,,,,False,0,0,0,7,0,0,3,2,295,arc05_noskip_width015,[],23087.36197850639,0,,0.0,,False,0,429.3648262666667,"[2, 4, 5, 6, 8, 9, 11, 12, 13, 14, 15, 16, 17, 19, 20]",30.0,4,68,0.5,15,4,7,7,31,15,ordinary,22,full_coverage_and_all_discovered_cleared,273,6440.472394,40.0,constant,,0.046785833954345435
18,2,True,0,18,2,2,0,edge__smooth__68,edge__smooth,13,11,15,15,301,,bounded_transverse_width,,arc,53,0.04694200000000137,15,cached_distance_prefix_sum,0,0,,,,,,False,0,0,11,7,0,0,3,2,284,fast_arc05_width015,[],23087.36197850639,0,,0.0,,False,0,424.9648262666667,"[2, 4, 5, 6, 8, 9, 11, 12, 13, 14, 15, 16, 17, 19, 20]",30.0,4,68,0.5,15,4,7,7,31,15,ordinary,22,full_coverage_and_all_discovered_cleared,262,6374.472394,40.0,constant,,0.04697554197628051
18,2,True,0,18,2,2,0,edge__smooth__68,edge__smooth,13,9,15,15,303,,bounded_transverse_width,,arc,53,0.04693400000000025,15,cached_distance_prefix_sum,0,0,,,9,2,9,False,0,0,9,7,0,0,3,2,286,faithful_arc05_width015,[],23087.36197850639,0,,0.0,,False,0,425.9648262666667,"[2, 4, 5, 6, 8, 9, 11, 12, 13, 14, 15, 16, 17, 19, 20]",30.0,4,68,0.5,15,4,7,7,31,15,ordinary,22,full_coverage_and_all_discovered_cleared,267,6389.472394,40.0,constant,,0.046966458030510694
13,2,True,0,13,4,5,0,edge__smooth__68,edge__smooth,11,0,16,15,314,,bounded_transverse_width,,locked,48,0.04615699999999734,15,cached_distance_prefix_sum,0,0,,,,,,True,0,0,0,5,0,0,4,3,296,locked_noskip_width015,[],22324.85500496666,0,,0.0,,False,0,419.59806686666667,"[2, 4, 5, 6, 8, 9, 11, 12, 13, 14, 15, 16, 17, 19, 20]",30.0,4,68,1.0,13,8,34,5,26,15,ordinary,22,full_coverage_and_all_discovered_cleared,271,6293.971003,40.0,constant,,0.04615754197584465
13,2,True,0,13,4,5,0,edge__smooth__68,edge__smooth,11,33,16,15,281,,bounded_transverse_width,,locked,48,0.04579299999999975,15,cached_distance_prefix_sum,0,0,,,,,,True,0,0,33,5,0,0,4,3,263,fast_locked_width015,[],22324.85500496666,0,,0.0,,False,0,406.2647335333333,"[2, 4, 5, 6, 8, 9, 11, 12, 13, 14, 15, 16, 17, 19, 20]",30.0,4,68,1.0,13,8,34,5,26,15,ordinary,22,full_coverage_and_all_discovered_cleared,236,6093.971003,40.0,constant,,0.04583483299938962
13,2,True,0,13,4,5,0,edge__smooth__68,edge__smooth,11,30,16,15,284,,bounded_transverse_width,,locked,48,0.04675100000000043,15,cached_distance_prefix_sum,0,0,,,30,3,30,True,0,0,30,5,0,0,4,3,266,faithful_locked_width015,[],22324.85500496666,0,,0.0,,False,0,407.9314002,"[2, 4, 5, 6, 8, 9, 11, 12, 13, 14, 15, 16, 17, 19, 20]",30.0,4,68,1.0,13,8,34,5,26,15,ordinary,22,full_coverage_and_all_discovered_cleared,246,6118.971003,40.0,constant,,0.04682537500048056
14,3,True,0,14,3,4,0,edge__smooth__69,edge__smooth,12,,16,15,329,,bounded_transverse_width,,,,0.042069000000001466,15,,0,0,,,,,,,0,0,,1,48,0,4,3,311,width40_f015_22,[],22405.233409284985,0,,0.0,,False,0,426.66977860000003,"[2, 3, 4, 5, 6, 7, 8, 9, 10, 11, 12, 13, 14, 16, 18]",30.0,4,69,,17,4,4,1,26,15,ordinary,22,full_coverage_and_all_discovered_cleared,286,6400.046679,40.0,constant,,0.0420690419850871
14,3,True,0,14,3,4,0,edge__smooth__69,edge__smooth,12,29,16,15,300,,bounded_transverse_width,,base,0,0.049504000000002435,15,,0,0,,,,,,False,0,0,29,1,48,0,4,3,282,range_width015,[],22405.233409284985,0,,0.0,,False,0,415.0697786,"[2, 3, 4, 5, 6, 7, 8, 9, 10, 11, 12, 13, 14, 16, 18]",30.0,4,69,1.0,17,4,4,1,26,15,ordinary,22,full_coverage_and_all_discovered_cleared,257,6226.046679,40.0,constant,,0.05375883402302861
14,3,True,0,14,3,4,0,edge__smooth__69,edge__smooth,12,29,16,15,300,,bounded_transverse_width,,base,0,0.04650300000000129,15,,0,0,,,29,0,29,False,0,0,29,1,48,0,4,3,282,faithful_width015,[],22405.233409284985,0,,0.0,,False,0,415.0697786,"[2, 3, 4, 5, 6, 7, 8, 9, 10, 11, 12, 13, 14, 16, 18]",30.0,4,69,1.0,17,4,4,1,26,15,ordinary,22,full_coverage_and_all_discovered_cleared,257,6226.046679,40.0,constant,,0.04691875004209578
19,2,True,0,19,4,4,0,edge__smooth__69,edge__smooth,11,0,15,15,311,,bounded_transverse_width,,arc,54,0.0483489999999982,15,cached_distance_prefix_sum,0,0,,,,,,False,0,0,0,6,0,0,3,3,294,arc05_noskip_width015,[],22284.78846312378,0,,0.0,,False,0,418.2638459333333,"[2, 3, 4, 5, 6, 7, 8, 9, 10, 11, 12, 13, 14, 16, 18]",30.0,4,69,0.5,12,2,5,7,32,15,ordinary,22,full_coverage_and_all_discovered_cleared,272,6273.957689,40.0,constant,,0.04834949999349192
19,2,True,0,19,4,4,0,edge__smooth__69,edge__smooth,11,26,15,15,285,,bounded_transverse_width,,arc,54,0.04784699999999731,15,cached_distance_prefix_sum,0,0,,,,,,False,0,0,26,6,0,0,3,3,268,fast_arc05_width015,[],22284.78846312378,0,,0.0,,False,0,407.8638459333333,"[2, 3, 4, 5, 6, 7, 8, 9, 10, 11, 12, 13, 14, 16, 18]",30.0,4,69,0.5,12,2,5,7,32,15,ordinary,22,full_coverage_and_all_discovered_cleared,246,6117.957689,40.0,constant,,0.04796341701876372
19,2,True,0,19,4,4,0,edge__smooth__69,edge__smooth,11,26,15,15,285,,bounded_transverse_width,,arc,54,0.04874799999999979,15,cached_distance_prefix_sum,0,0,,,26,0,26,False,0,0,26,6,0,0,3,3,268,faithful_arc05_width015,[],22284.78846312378,0,,0.0,,False,0,407.8638459333333,"[2, 3, 4, 5, 6, 7, 8, 9, 10, 11, 12, 13, 14, 16, 18]",30.0,4,69,0.5,12,2,5,7,32,15,ordinary,22,full_coverage_and_all_discovered_cleared,246,6117.957689,40.0,constant,,0.048797625000588596
6,0,True,0,6,2,2,0,edge__smooth__69,edge__smooth,13,0,15,15,316,,bounded_transverse_width,,locked,43,0.04525499999999738,15,cached_distance_prefix_sum,0,0,,,,,,True,0,0,0,3,0,0,2,2,299,locked_noskip_width015,[],20489.31792670537,0,,0.0,,False,0,396.3242388,"[2, 3, 4, 5, 6, 7, 8, 9, 10, 11, 12, 13, 14, 16, 18]",30.0,4,69,1.0,16,9,31,3,21,15,ordinary,22,full_coverage_and_all_discovered_cleared,277,5944.863582,40.0,constant,,0.04525454202666879
6,0,True,0,6,2,2,0,edge__smooth__69,edge__smooth,13,65,15,15,251,,bounded_transverse_width,,locked,43,0.0438590000000012,15,cached_distance_prefix_sum,0,0,,,,,,True,0,0,65,3,0,0,2,2,234,fast_locked_width015,[],20489.31792670537,0,,0.0,,False,0,370.39090546666665,"[2, 3, 4, 5, 6, 7, 8, 9, 10, 11, 12, 13, 14, 16, 18]",30.0,4,69,1.0,16,9,31,3,21,15,ordinary,22,full_coverage_and_all_discovered_cleared,213,5555.863582,40.0,constant,,0.0438595000305213
6,0,True,0,6,2,2,0,edge__smooth__69,edge__smooth,13,64,15,15,252,,bounded_transverse_width,,locked,43,0.04420599999999908,15,cached_distance_prefix_sum,0,0,,,64,1,64,True,0,0,64,3,0,0,2,2,235,faithful_locked_width015,[],20489.31792670537,0,,0.0,,False,0,370.7242388,"[2, 3, 4, 5, 6, 7, 8, 9, 10, 11, 12, 13, 14, 16, 18]",30.0,4,69,1.0,16,9,31,3,21,15,ordinary,22,full_coverage_and_all_discovered_cleared,213,5560.863582,40.0,constant,,0.044263916031923145
7,0,True,0,7,2,3,0,edge__smooth__70,edge__smooth,8,,11,10,334,,bounded_transverse_width,,,,0.02648100000000042,10,,0,0,,,,,,,0,0,,3,39,0,3,3,321,width40_f015_22,[],21364.959135016703,0,,0.0,,False,0,622.7991824,"[2, 3, 5, 10, 11, 13, 15, 16, 19, 20]",30.0,4,70,,3,0,4,3,17,10,ordinary,22,full_coverage_and_all_discovered_cleared,297,6227.991824,40.0,constant,,0.026481792039703578
7,0,True,0,7,2,3,0,edge__smooth__70,edge__smooth,8,0,11,10,334,,bounded_transverse_width,,base,0,0.026296000000002095,10,,0,0,,,,,,False,0,0,0,3,39,0,3,3,321,range_width015,[],21364.959135016703,0,,0.0,,False,0,622.7991824,"[2, 3, 5, 10, 11, 13, 15, 16, 19, 20]",30.0,4,70,1.0,3,0,4,3,17,10,ordinary,22,full_coverage_and_all_discovered_cleared,297,6227.991824,40.0,constant,,0.0262960409745574
7,0,True,0,7,2,3,0,edge__smooth__70,edge__smooth,8,0,11,10,334,,bounded_transverse_width,,base,0,0.026403000000001953,10,,0,0,,,0,0,0,False,0,0,0,3,39,0,3,3,321,faithful_width015,[],21364.959135016703,0,,0.0,,False,0,622.7991824,"[2, 3, 5, 10, 11, 13, 15, 16, 19, 20]",30.0,4,70,1.0,3,0,4,3,17,10,ordinary,22,full_coverage_and_all_discovered_cleared,297,6227.991824,40.0,constant,,0.02640274999430403
18,3,True,0,18,3,5,1,edge__smooth__70,edge__smooth,7,0,12,10,341,,bounded_transverse_width,,arc,48,0.03527599999999964,10,cached_distance_prefix_sum,0,0,,,,,,False,0,0,0,3,0,0,4,3,327,arc05_noskip_width015,[],19466.556725502127,0,,0.0,,False,0,588.6311342,"[2, 3, 5, 10, 11, 13, 15, 16, 19, 20]",30.0,4,70,0.5,9,2,0,3,26,10,ordinary,22,full_coverage_and_all_discovered_cleared,302,5886.311342,40.0,constant,,0.03535308298887685
18,3,True,0,18,3,5,1,edge__smooth__70,edge__smooth,7,0,12,10,341,,bounded_transverse_width,,arc,48,0.03538899999999856,10,cached_distance_prefix_sum,0,0,,,,,,False,0,0,0,3,0,0,4,3,327,fast_arc05_width015,[],19466.556725502127,0,,0.0,,False,0,588.6311342,"[2, 3, 5, 10, 11, 13, 15, 16, 19, 20]",30.0,4,70,0.5,9,2,0,3,26,10,ordinary,22,full_coverage_and_all_discovered_cleared,302,5886.311342,40.0,constant,,0.035429166979156435
18,3,True,0,18,3,5,1,edge__smooth__70,edge__smooth,7,0,12,10,341,,bounded_transverse_width,,arc,48,0.03561000000000192,10,cached_distance_prefix_sum,0,0,,,0,0,0,False,0,0,0,3,0,0,4,3,327,faithful_arc05_width015,[],19466.556725502127,0,,0.0,,False,0,588.6311342,"[2, 3, 5, 10, 11, 13, 15, 16, 19, 20]",30.0,4,70,0.5,9,2,0,3,26,10,ordinary,22,full_coverage_and_all_discovered_cleared,302,5886.311342,40.0,constant,,0.03561049996642396
8,1,True,0,8,1,3,0,edge__smooth__70,edge__smooth,9,0,12,10,394,,bounded_transverse_width,,locked,39,0.03336100000000286,10,cached_distance_prefix_sum,0,0,,,,,,True,0,0,0,2,0,0,3,3,380,locked_noskip_width015,[],19975.62522777528,0,,0.0,,False,0,630.6125042,"[2, 3, 5, 10, 11, 13, 15, 16, 19, 20]",30.0,4,70,1.0,4,8,3,2,17,10,ordinary,22,full_coverage_and_all_discovered_cleared,355,6306.125042,40.0,constant,,0.03336008300539106
8,1,True,0,8,1,3,0,edge__smooth__70,edge__smooth,9,52,12,10,342,,bounded_transverse_width,,locked,39,0.03203499999999693,10,cached_distance_prefix_sum,0,0,,,,,,True,0,0,52,2,0,0,3,3,328,fast_locked_width015,[],19975.62522777528,0,,0.0,,False,0,599.5125042,"[2, 3, 5, 10, 11, 13, 15, 16, 19, 20]",30.0,4,70,1.0,4,8,3,2,17,10,ordinary,22,full_coverage_and_all_discovered_cleared,304,5995.125042,40.0,constant,,0.0320834590238519
8,1,True,0,8,1,3,0,edge__smooth__70,edge__smooth,9,44,12,10,350,,bounded_transverse_width,,locked,39,0.03275200000000211,10,cached_distance_prefix_sum,0,0,,,44,8,44,True,0,0,44,2,0,0,3,3,336,faithful_locked_width015,[],19975.62522777528,0,,0.0,,False,0,604.9125042,"[2, 3, 5, 10, 11, 13, 15, 16, 19, 20]",30.0,4,70,1.0,4,8,3,2,17,10,ordinary,22,full_coverage_and_all_discovered_cleared,318,6049.125042,40.0,constant,,0.032796707993838936
16,4,True,0,16,2,2,1,edge__smooth__71,edge__smooth,10,,12,12,358,,bounded_transverse_width,,,,0.03370800000000074,12,,0,0,,,,,,,0,0,,0,47,0,4,3,344,width40_f015_22,[],21965.71536972007,0,,0.0,,False,0,540.845256,"[1, 2, 4, 5, 7, 9, 10, 13, 17, 18, 19, 20]",30.0,4,71,,13,3,0,0,25,12,ordinary,22,full_coverage_and_all_discovered_cleared,317,6490.143072,40.0,constant,,0.03370775002986193
16,4,True,0,16,2,2,1,edge__smooth__71,edge__smooth,10,17,12,12,341,,bounded_transverse_width,,base,0,0.03324000000000282,12,,0,0,,,,,,False,0,0,17,0,47,0,4,3,327,range_width015,[],21965.71536972007,0,,0.0,,False,0,532.4285893333333,"[1, 2, 4, 5, 7, 9, 10, 13, 17, 18, 19, 20]",30.0,4,71,1.0,13,3,0,0,25,12,ordinary,22,full_coverage_and_all_discovered_cleared,301,6389.143072,40.0,constant,,0.033240083954297006
16,4,True,0,16,2,2,1,edge__smooth__71,edge__smooth,10,14,12,12,344,,bounded_transverse_width,,base,0,0.033228000000001146,12,,0,0,,,14,3,14,False,0,0,14,0,47,0,4,3,330,faithful_width015,[],21965.71536972007,0,,0.0,,False,0,533.845256,"[1, 2, 4, 5, 7, 9, 10, 13, 17, 18, 19, 20]",30.0,4,71,1.0,13,3,0,0,25,12,ordinary,22,full_coverage_and_all_discovered_cleared,303,6406.143072,40.0,constant,,0.03328116703778505
16,4,True,0,16,2,2,1,edge__smooth__71,edge__smooth,10,0,12,12,358,,bounded_transverse_width,,arc,47,0.037168999999998675,12,cached_distance_prefix_sum,0,0,,,,,,False,0,0,0,0,0,0,4,3,344,arc05_noskip_width015,[],21965.71536972007,0,,0.0,,False,0,540.845256,"[1, 2, 4, 5, 7, 9, 10, 13, 17, 18, 19, 20]",30.0,4,71,0.5,13,3,0,0,25,12,ordinary,22,full_coverage_and_all_discovered_cleared,317,6490.143072,40.0,constant,,0.03722941695014015
16,4,True,0,16,2,2,1,edge__smooth__71,edge__smooth,10,17,12,12,341,,bounded_transverse_width,,arc,47,0.036068999999997686,12,cached_distance_prefix_sum,0,0,,,,,,False,0,0,17,0,0,0,4,3,327,fast_arc05_width015,[],21965.71536972007,0,,0.0,,False,0,532.4285893333333,"[1, 2, 4, 5, 7, 9, 10, 13, 17, 18, 19, 20]",30.0,4,71,0.5,13,3,0,0,25,12,ordinary,22,full_coverage_and_all_discovered_cleared,301,6389.143072,40.0,constant,,0.03607012500287965
16,4,True,0,16,2,2,1,edge__smooth__71,edge__smooth,10,14,12,12,344,,bounded_transverse_width,,arc,47,0.036391999999999314,12,cached_distance_prefix_sum,0,0,,,14,3,14,False,0,0,14,0,0,0,4,3,330,faithful_arc05_width015,[],21965.71536972007,0,,0.0,,False,0,533.845256,"[1, 2, 4, 5, 7, 9, 10, 13, 17, 18, 19, 20]",30.0,4,71,0.5,13,3,0,0,25,12,ordinary,22,full_coverage_and_all_discovered_cleared,303,6406.143072,40.0,constant,,0.03639112500241026
17,4,True,0,17,0,1,1,edge__smooth__71,edge__smooth,12,0,13,12,354,,bounded_transverse_width,,locked,48,0.041368999999999545,12,cached_distance_prefix_sum,0,0,,,,,,True,0,0,0,6,0,0,4,2,339,locked_noskip_width015,[],21068.60431495111,0,,0.0,,False,0,523.8934054166667,"[1, 2, 4, 5, 7, 9, 10, 13, 17, 18, 19, 20]",30.0,4,71,1.0,8,11,26,6,26,12,ordinary,22,full_coverage_and_all_discovered_cleared,315,6286.720865,40.0,constant,,0.04149175004567951
17,4,True,0,17,0,1,1,edge__smooth__71,edge__smooth,12,39,13,12,315,,bounded_transverse_width,,locked,48,0.04034700000000058,12,cached_distance_prefix_sum,0,0,,,,,,True,0,0,39,6,0,0,4,2,300,fast_locked_width015,[],21068.60431495111,0,,0.0,,False,0,504.47673875000004,"[1, 2, 4, 5, 7, 9, 10, 13, 17, 18, 19, 20]",30.0,4,71,1.0,8,11,26,6,26,12,ordinary,22,full_coverage_and_all_discovered_cleared,277,6053.720865,40.0,constant,,0.04038858297280967
17,4,True,0,17,0,1,1,edge__smooth__71,edge__smooth,12,39,13,12,315,,bounded_transverse_width,,locked,48,0.04060999999999737,12,cached_distance_prefix_sum,0,0,,,39,0,39,True,0,0,39,6,0,0,4,2,300,faithful_locked_width015,[],21068.60431495111,0,,0.0,,False,0,504.47673875000004,"[1, 2, 4, 5, 7, 9, 10, 13, 17, 18, 19, 20]",30.0,4,71,1.0,8,11,26,6,26,12,ordinary,22,full_coverage_and_all_discovered_cleared,277,6053.720865,40.0,constant,,0.040610000025480986
7,0,True,0,7,1,3,0,edge__adversarial-positive__67,edge__adversarial-positive,9,,12,10,353,,bounded_transverse_width,,,,0.032793000000001626,10,,0,0,,,,,,,0,0,,1,39,0,2,2,339,width40_f015_22,[],21110.44544427973,0,,0.0,,False,0,629.3089089,"[4, 5, 7, 8, 9, 10, 14, 15, 18, 19]",30.0,4,67,,6,2,2,1,17,10,ordinary,22,full_coverage_and_all_discovered_cleared,320,6293.089089,40.0,constant,,0.032789791002869606
7,0,True,0,7,1,3,0,edge__adversarial-positive__67,edge__adversarial-positive,9,27,12,10,326,,bounded_transverse_width,,base,0,0.03241000000000227,10,,0,0,,,,,,False,0,0,27,1,39,0,2,2,312,range_width015,[],21110.44544427973,0,,0.0,,False,0,613.1089089,"[4, 5, 7, 8, 9, 10, 14, 15, 18, 19]",30.0,4,67,1.0,6,2,2,1,17,10,ordinary,22,full_coverage_and_all_discovered_cleared,293,6131.089089,40.0,constant,,0.032470209000166506
7,0,True,0,7,1,3,0,edge__adversarial-positive__67,edge__adversarial-positive,9,24,12,10,329,,bounded_transverse_width,,base,0,0.03268199999999766,10,,0,0,,,24,3,24,False,0,0,24,1,39,0,2,2,315,faithful_width015,[],21110.44544427973,0,,0.0,,False,0,615.3089089,"[4, 5, 7, 8, 9, 10, 14, 15, 18, 19]",30.0,4,67,1.0,6,2,2,1,17,10,ordinary,22,full_coverage_and_all_discovered_cleared,300,6153.089089,40.0,constant,,0.03272854199167341
13,0,True,0,13,3,3,0,edge__adversarial-positive__67,edge__adversarial-positive,7,0,10,10,369,,bounded_transverse_width,,arc,45,0.03270699999999849,10,cached_distance_prefix_sum,0,0,,,,,,False,0,0,0,2,0,0,3,3,357,arc05_noskip_width015,[],21335.194859448762,0,,0.0,,False,0,643.6038971,"[4, 5, 7, 8, 9, 10, 14, 15, 18, 19]",30.0,4,67,0.5,3,0,1,2,23,10,ordinary,22,full_coverage_and_all_discovered_cleared,334,6436.038971,40.0,constant,,0.032706625002902
13,0,True,0,13,3,3,0,edge__adversarial-positive__67,edge__adversarial-positive,7,14,10,10,355,,bounded_transverse_width,,arc,45,0.032298000000000826,10,cached_distance_prefix_sum,0,0,,,,,,False,0,0,14,2,0,0,3,3,343,fast_arc05_width015,[],21335.194859448762,0,,0.0,,False,0,635.3038971,"[4, 5, 7, 8, 9, 10, 14, 15, 18, 19]",30.0,4,67,0.5,3,0,1,2,23,10,ordinary,22,full_coverage_and_all_discovered_cleared,321,6353.038971,40.0,constant,,0.03229975001886487
13,0,True,0,13,3,3,0,edge__adversarial-positive__67,edge__adversarial-positive,7,13,10,10,356,,bounded_transverse_width,,arc,45,0.032675999999998595,10,cached_distance_prefix_sum,0,0,,,13,1,13,False,0,0,13,2,0,0,3,3,344,faithful_arc05_width015,[],21335.194859448762,0,,0.0,,False,0,635.8038971,"[4, 5, 7, 8, 9, 10, 14, 15, 18, 19]",30.0,4,67,0.5,3,0,1,2,23,10,ordinary,22,full_coverage_and_all_discovered_cleared,321,6358.038971,40.0,constant,,0.032741583010647446
10,0,True,0,10,0,3,0,edge__adversarial-positive__67,edge__adversarial-positive,10,0,13,10,381,,bounded_transverse_width,,locked,42,0.03472899999999868,10,cached_distance_prefix_sum,0,0,,,,,,True,0,0,0,4,0,0,2,2,366,locked_noskip_width015,[],19501.03534828814,0,,0.0,,False,0,613.4207068,"[4, 5, 7, 8, 9, 10, 14, 15, 18, 19]",30.0,4,67,1.0,9,4,19,4,20,10,ordinary,22,full_coverage_and_all_discovered_cleared,345,6134.207068,40.0,constant,,0.03478195902425796
10,0,True,0,10,0,3,0,edge__adversarial-positive__67,edge__adversarial-positive,10,47,13,10,334,,bounded_transverse_width,,locked,42,0.033771999999999025,10,cached_distance_prefix_sum,0,0,,,,,,True,0,0,47,4,0,0,2,2,319,fast_locked_width015,[],19501.03534828814,0,,0.0,,False,0,585.2207068,"[4, 5, 7, 8, 9, 10, 14, 15, 18, 19]",30.0,4,67,1.0,9,4,19,4,20,10,ordinary,22,full_coverage_and_all_discovered_cleared,298,5852.207068,40.0,constant,,0.033773250004742295
10,0,True,0,10,0,3,0,edge__adversarial-positive__67,edge__adversarial-positive,10,44,13,10,337,,bounded_transverse_width,,locked,42,0.03432300000000055,10,cached_distance_prefix_sum,0,0,,,44,3,44,True,0,0,44,4,0,0,2,2,322,faithful_locked_width015,[],19501.03534828814,0,,0.0,,False,0,587.3207067999999,"[4, 5, 7, 8, 9, 10, 14, 15, 18, 19]",30.0,4,67,1.0,9,4,19,4,20,10,ordinary,22,full_coverage_and_all_discovered_cleared,304,5873.207068,40.0,constant,,0.03434887499315664
20,2,True,0,20,1,4,0,edge__adversarial-positive__68,edge__adversarial-positive,14,,18,15,323,,bounded_transverse_width,,,,0.04416699999999807,15,,0,0,,,,,,,0,0,,6,55,0,3,3,303,width40_f015_22,[],23769.003665902714,0,,0.0,,False,0,441.920049,"[2, 4, 5, 6, 8, 9, 11, 12, 13, 14, 15, 16, 17, 19, 20]",30.0,4,68,,17,6,11,7,33,15,ordinary,22,full_coverage_and_all_discovered_cleared,276,6628.800735,40.0,constant,,0.04424174997257069
20,2,True,0,20,1,4,0,edge__adversarial-positive__68,edge__adversarial-positive,14,12,18,15,311,,bounded_transverse_width,,base,0,0.04474800000000201,15,,0,0,,,,,,False,0,0,12,6,55,0,3,3,291,range_width015,[],23769.003665902714,0,,0.0,,False,0,437.18671566666666,"[2, 4, 5, 6, 8, 9, 11, 12, 13, 14, 15, 16, 17, 19, 20]",30.0,4,68,1.0,17,6,11,7,33,15,ordinary,22,full_coverage_and_all_discovered_cleared,265,6557.800735,40.0,constant,,0.04482399998232722
20,2,True,0,20,1,4,0,edge__adversarial-positive__68,edge__adversarial-positive,14,10,18,15,313,,bounded_transverse_width,,base,0,0.04426499999999933,15,,0,0,,,10,2,10,False,0,0,10,6,55,0,3,3,293,faithful_width015,[],23769.003665902714,0,,0.0,,False,0,438.05338233333333,"[2, 4, 5, 6, 8, 9, 11, 12, 13, 14, 15, 16, 17, 19, 20]",30.0,4,68,1.0,17,6,11,7,33,15,ordinary,22,full_coverage_and_all_discovered_cleared,268,6570.800735,40.0,constant,,0.04427191603463143
21,2,True,0,21,1,3,0,edge__adversarial-positive__68,edge__adversarial-positive,14,0,17,15,323,,bounded_transverse_width,,arc,56,0.050508000000000663,15,cached_distance_prefix_sum,0,0,,,,,,False,0,0,0,8,0,0,2,2,304,arc05_noskip_width015,[],22608.5579203452,0,,0.0,,False,0,426.780772,"[2, 4, 5, 6, 8, 9, 11, 12, 13, 14, 15, 16, 17, 19, 20]",30.0,4,68,0.5,15,6,1,8,34,15,ordinary,22,full_coverage_and_all_discovered_cleared,279,6401.71158,40.0,constant,,0.05060929199680686
21,2,True,0,21,1,3,0,edge__adversarial-positive__68,edge__adversarial-positive,14,13,17,15,310,,bounded_transverse_width,,arc,56,0.049665999999998434,15,cached_distance_prefix_sum,0,0,,,,,,False,0,0,13,8,0,0,2,2,291,fast_arc05_width015,[],22608.5579203452,0,,0.0,,False,0,421.6474386666667,"[2, 4, 5, 6, 8, 9, 11, 12, 13, 14, 15, 16, 17, 19, 20]",30.0,4,68,0.5,15,6,1,8,34,15,ordinary,22,full_coverage_and_all_discovered_cleared,267,6324.71158,40.0,constant,,0.0497109160060063
21,2,True,0,21,1,3,0,edge__adversarial-positive__68,edge__adversarial-positive,14,10,17,15,313,,bounded_transverse_width,,arc,56,0.049465000000001424,15,cached_distance_prefix_sum,0,0,,,10,3,10,False,0,0,10,8,0,0,2,2,294,faithful_arc05_width015,[],22608.5579203452,0,,0.0,,False,0,422.980772,"[2, 4, 5, 6, 8, 9, 11, 12, 13, 14, 15, 16, 17, 19, 20]",30.0,4,68,0.5,15,6,1,8,34,15,ordinary,22,full_coverage_and_all_discovered_cleared,272,6344.71158,40.0,constant,,0.04947437497321516
13,0,True,0,13,2,3,0,edge__adversarial-positive__68,edge__adversarial-positive,13,0,16,15,326,,bounded_transverse_width,,locked,50,0.048463999999999174,15,cached_distance_prefix_sum,0,0,,,,,,True,0,0,0,5,0,0,3,3,308,locked_noskip_width015,[],21687.306606141992,0,,0.0,,False,0,416.16408786666665,"[2, 4, 5, 6, 8, 9, 11, 12, 13, 14, 15, 16, 17, 19, 20]",30.0,4,68,1.0,10,1,18,6,28,15,ordinary,22,full_coverage_and_all_discovered_cleared,287,6242.461318,40.0,constant,,0.04850195802282542
13,0,True,0,13,2,3,0,edge__adversarial-positive__68,edge__adversarial-positive,13,48,16,15,278,,bounded_transverse_width,,locked,50,0.04770900000000111,15,cached_distance_prefix_sum,0,0,,,,,,True,0,0,48,5,0,0,3,3,260,fast_locked_width015,[],21687.306606141992,0,,0.0,,False,0,396.96408786666666,"[2, 4, 5, 6, 8, 9, 11, 12, 13, 14, 15, 16, 17, 19, 20]",30.0,4,68,1.0,10,1,18,6,28,15,ordinary,22,full_coverage_and_all_discovered_cleared,239,5954.461318,40.0,constant,,0.047768999997060746
13,0,True,0,13,2,3,0,edge__adversarial-positive__68,edge__adversarial-positive,13,45,16,15,281,,bounded_transverse_width,,locked,50,0.048028999999999655,15,cached_distance_prefix_sum,0,0,,,45,3,45,True,0,0,45,5,0,0,3,3,263,faithful_locked_width015,[],21687.306606141992,0,,0.0,,False,0,398.49742119999996,"[2, 4, 5, 6, 8, 9, 11, 12, 13, 14, 15, 16, 17, 19, 20]",30.0,4,68,1.0,10,1,18,6,28,15,ordinary,22,full_coverage_and_all_discovered_cleared,247,5977.461318,40.0,constant,,0.048054874991066754
13,1,True,0,13,0,3,0,edge__adversarial-positive__69,edge__adversarial-positive,15,,18,15,327,,bounded_transverse_width,,,,0.040843000000002405,15,,0,0,,,,,,,0,0,,3,49,0,4,3,307,width40_f015_22,[],22807.720950884854,0,,0.0,,False,0,430.8362790666667,"[2, 3, 4, 5, 6, 7, 8, 9, 10, 11, 12, 13, 14, 16, 18]",30.0,4,69,,11,1,4,3,27,15,ordinary,22,full_coverage_and_all_discovered_cleared,282,6462.544186,40.0,constant,,0.040863458008971065
13,1,True,0,13,0,3,0,edge__adversarial-positive__69,edge__adversarial-positive,15,28,18,15,299,,bounded_transverse_width,,base,0,0.04080099999999831,15,,0,0,,,,,,False,0,0,28,3,49,0,4,3,279,range_width015,[],22807.720950884854,0,,0.0,,False,0,419.63627906666665,"[2, 3, 4, 5, 6, 7, 8, 9, 10, 11, 12, 13, 14, 16, 18]",30.0,4,69,1.0,11,1,4,3,27,15,ordinary,22,full_coverage_and_all_discovered_cleared,254,6294.544186,40.0,constant,,0.04085208399919793
13,1,True,0,13,0,3,0,edge__adversarial-positive__69,edge__adversarial-positive,15,28,18,15,299,,bounded_transverse_width,,base,0,0.041067999999999216,15,,0,0,,,28,0,28,False,0,0,28,3,49,0,4,3,279,faithful_width015,[],22807.720950884854,0,,0.0,,False,0,419.63627906666665,"[2, 3, 4, 5, 6, 7, 8, 9, 10, 11, 12, 13, 14, 16, 18]",30.0,4,69,1.0,11,1,4,3,27,15,ordinary,22,full_coverage_and_all_discovered_cleared,254,6294.544186,40.0,constant,,0.04109370900550857
30,4,True,0,30,2,5,0,edge__adversarial-positive__69,edge__adversarial-positive,13,0,18,15,318,,bounded_transverse_width,,arc,63,0.06009200000000092,15,cached_distance_prefix_sum,0,0,,,,,,False,0,0,0,8,0,0,4,3,298,arc05_noskip_width015,[],22786.755839903322,0,,0.0,,False,0,426.55674446666666,"[2, 3, 4, 5, 6, 7, 8, 9, 10, 11, 12, 13, 14, 16, 18]",30.0,4,69,0.5,13,3,2,8,41,15,ordinary,22,full_coverage_and_all_discovered_cleared,267,6398.351167,40.0,constant,,0.06013620796147734
30,4,True,0,30,2,5,0,edge__adversarial-positive__69,edge__adversarial-positive,13,3,18,15,315,,bounded_transverse_width,,arc,63,0.05934999999999846,15,cached_distance_prefix_sum,0,0,,,,,,False,0,0,3,8,0,0,4,3,295,fast_arc05_width015,[],22786.755839903322,0,,0.0,,False,0,425.35674446666667,"[2, 3, 4, 5, 6, 7, 8, 9, 10, 11, 12, 13, 14, 16, 18]",30.0,4,69,0.5,13,3,2,8,41,15,ordinary,22,full_coverage_and_all_discovered_cleared,264,6380.351167,40.0,constant,,0.059465707978233695
30,4,True,0,30,2,5,0,edge__adversarial-positive__69,edge__adversarial-positive,13,3,18,15,315,,bounded_transverse_width,,arc,63,0.05974300000000099,15,cached_distance_prefix_sum,0,0,,,3,0,3,False,0,0,3,8,0,0,4,3,295,faithful_arc05_width015,[],22786.755839903322,0,,0.0,,False,0,425.35674446666667,"[2, 3, 4, 5, 6, 7, 8, 9, 10, 11, 12, 13, 14, 16, 18]",30.0,4,69,0.5,13,3,2,8,41,15,ordinary,22,full_coverage_and_all_discovered_cleared,264,6380.351167,40.0,constant,,0.05977962497854605
10,1,True,0,10,2,3,0,edge__adversarial-positive__69,edge__adversarial-positive,13,0,16,15,324,,bounded_transverse_width,,locked,46,0.04932200000000009,15,cached_distance_prefix_sum,0,0,,,,,,True,0,0,0,3,0,0,2,2,306,locked_noskip_width015,[],20608.128571530386,0,,0.0,,False,0,400.77504746666665,"[2, 3, 4, 5, 6, 7, 8, 9, 10, 11, 12, 13, 14, 16, 18]",30.0,4,69,1.0,19,8,30,3,24,15,ordinary,22,full_coverage_and_all_discovered_cleared,282,6011.625712,40.0,constant,,0.04936087498208508
10,1,True,0,10,2,3,0,edge__adversarial-positive__69,edge__adversarial-positive,13,64,16,15,260,,bounded_transverse_width,,locked,46,0.04764099999999871,15,cached_distance_prefix_sum,0,0,,,,,,True,0,0,64,3,0,0,2,2,242,fast_locked_width015,[],20608.128571530386,0,,0.0,,False,0,375.1750474666667,"[2, 3, 4, 5, 6, 7, 8, 9, 10, 11, 12, 13, 14, 16, 18]",30.0,4,69,1.0,19,8,30,3,24,15,ordinary,22,full_coverage_and_all_discovered_cleared,218,5627.625712,40.0,constant,,0.0477077909745276
10,1,True,0,10,2,3,0,edge__adversarial-positive__69,edge__adversarial-positive,13,64,16,15,260,,bounded_transverse_width,,locked,46,0.04784599999999983,15,cached_distance_prefix_sum,0,0,,,64,0,64,True,0,0,64,3,0,0,2,2,242,faithful_locked_width015,[],20608.128571530386,0,,0.0,,False,0,375.1750474666667,"[2, 3, 4, 5, 6, 7, 8, 9, 10, 11, 12, 13, 14, 16, 18]",30.0,4,69,1.0,19,8,30,3,24,15,ordinary,22,full_coverage_and_all_discovered_cleared,218,5627.625712,40.0,constant,,0.04785708402050659
9,0,True,0,9,2,4,0,edge__adversarial-positive__70,edge__adversarial-positive,8,,12,10,343,,bounded_transverse_width,,,,0.028002999999998224,10,,0,0,,,,,,,0,0,,3,41,0,3,3,329,width40_f015_22,[],21048.26666867023,0,,0.0,,False,0,621.6653331,"[2, 3, 5, 10, 11, 13, 15, 16, 19, 20]",30.0,4,70,,3,1,4,3,19,10,ordinary,22,full_coverage_and_all_discovered_cleared,306,6216.653331,40.0,constant,,0.02801533305319026
9,0,True,0,9,2,4,0,edge__adversarial-positive__70,edge__adversarial-positive,8,1,12,10,342,,bounded_transverse_width,,base,0,0.028059999999999974,10,,0,0,,,,,,False,0,0,1,3,41,0,3,3,328,range_width015,[],21048.26666867023,0,,0.0,,False,0,621.0653331000001,"[2, 3, 5, 10, 11, 13, 15, 16, 19, 20]",30.0,4,70,1.0,3,1,4,3,19,10,ordinary,22,full_coverage_and_all_discovered_cleared,305,6210.653331,40.0,constant,,0.028096041991375387
9,0,True,0,9,2,4,0,edge__adversarial-positive__70,edge__adversarial-positive,8,1,12,10,342,,bounded_transverse_width,,base,0,0.02829399999999893,10,,0,0,,,1,0,1,False,0,0,1,3,41,0,3,3,328,faithful_width015,[],21048.26666867023,0,,0.0,,False,0,621.0653331000001,"[2, 3, 5, 10, 11, 13, 15, 16, 19, 20]",30.0,4,70,1.0,3,1,4,3,19,10,ordinary,22,full_coverage_and_all_discovered_cleared,305,6210.653331,40.0,constant,,0.02837108401581645
16,0,True,0,16,6,7,0,edge__adversarial-positive__70,edge__adversarial-positive,4,0,11,10,333,,bounded_transverse_width,,arc,48,0.03389399999999654,10,cached_distance_prefix_sum,0,0,,,,,,False,0,0,0,7,0,0,3,3,320,arc05_noskip_width015,[],20018.437488308282,0,,0.0,,False,0,595.1687498,"[2, 3, 5, 10, 11, 13, 15, 16, 19, 20]",30.0,4,70,0.5,4,1,13,7,26,10,ordinary,22,full_coverage_and_all_discovered_cleared,295,5951.687498,40.0,constant,,0.03390004200628027
16,0,True,0,16,6,7,0,edge__adversarial-positive__70,edge__adversarial-positive,4,0,11,10,333,,bounded_transverse_width,,arc,48,0.03392000000000195,10,cached_distance_prefix_sum,0,0,,,,,,False,0,0,0,7,0,0,3,3,320,fast_arc05_width015,[],20018.437488308282,0,,0.0,,False,0,595.1687498,"[2, 3, 5, 10, 11, 13, 15, 16, 19, 20]",30.0,4,70,0.5,4,1,13,7,26,10,ordinary,22,full_coverage_and_all_discovered_cleared,295,5951.687498,40.0,constant,,0.03392545803217217
16,0,True,0,16,6,7,0,edge__adversarial-positive__70,edge__adversarial-positive,4,0,11,10,333,,bounded_transverse_width,,arc,48,0.034494000000002245,10,cached_distance_prefix_sum,0,0,,,0,0,0,False,0,0,0,7,0,0,3,3,320,faithful_arc05_width015,[],20018.437488308282,0,,0.0,,False,0,595.1687498,"[2, 3, 5, 10, 11, 13, 15, 16, 19, 20]",30.0,4,70,0.5,4,1,13,7,26,10,ordinary,22,full_coverage_and_all_discovered_cleared,295,5951.687498,40.0,constant,,0.0345284590148367
6,1,True,0,6,0,2,0,edge__adversarial-positive__70,edge__adversarial-positive,10,0,12,10,393,,bounded_transverse_width,,locked,37,0.03373300000000157,10,cached_distance_prefix_sum,0,0,,,,,,True,0,0,0,1,0,0,2,1,379,locked_noskip_width015,[],19214.847522371856,0,,0.0,,False,0,615.0969503,"[2, 3, 5, 10, 11, 13, 15, 16, 19, 20]",30.0,4,70,1.0,5,1,1,1,15,10,ordinary,22,full_coverage_and_all_discovered_cleared,357,6150.969503,40.0,constant,,0.033808583044447005
6,1,True,0,6,0,2,0,edge__adversarial-positive__70,edge__adversarial-positive,10,52,12,10,341,,bounded_transverse_width,,locked,37,0.032198999999998534,10,cached_distance_prefix_sum,0,0,,,,,,True,0,0,52,1,0,0,2,1,327,fast_locked_width015,[],19214.847522371856,0,,0.0,,False,0,583.9969503,"[2, 3, 5, 10, 11, 13, 15, 16, 19, 20]",30.0,4,70,1.0,5,1,1,1,15,10,ordinary,22,full_coverage_and_all_discovered_cleared,306,5839.969503,40.0,constant,,0.032210999983362854
6,1,True,0,6,0,2,0,edge__adversarial-positive__70,edge__adversarial-positive,10,45,12,10,348,,bounded_transverse_width,,locked,37,0.03278800000000004,10,cached_distance_prefix_sum,0,0,,,45,7,45,True,0,0,45,1,0,0,2,1,334,faithful_locked_width015,[],19214.847522371856,0,,0.0,,False,0,588.7969503,"[2, 3, 5, 10, 11, 13, 15, 16, 19, 20]",30.0,4,70,1.0,5,1,1,1,15,10,ordinary,22,full_coverage_and_all_discovered_cleared,319,5887.969503,40.0,constant,,0.032795500010252
15,1,True,0,15,0,0,0,edge__adversarial-positive__71,edge__adversarial-positive,12,,12,12,357,,bounded_transverse_width,,,,0.03359400000000079,12,,0,0,,,,,,,0,0,,0,48,0,3,3,343,width40_f015_22,[],21933.082230702377,0,,0.0,,False,0,539.9680370833333,"[1, 2, 4, 5, 7, 9, 10, 13, 17, 18, 19, 20]",30.0,4,71,,7,0,16,0,26,12,ordinary,22,full_coverage_and_all_discovered_cleared,318,6479.616445,40.0,constant,,0.03365237498655915
15,1,True,0,15,0,0,0,edge__adversarial-positive__71,edge__adversarial-positive,12,16,12,12,341,,bounded_transverse_width,,base,0,0.03332799999999736,12,,0,0,,,,,,False,0,0,16,0,48,0,3,3,327,range_width015,[],21933.082230702377,0,,0.0,,False,0,531.9680370833333,"[1, 2, 4, 5, 7, 9, 10, 13, 17, 18, 19, 20]",30.0,4,71,1.0,7,0,16,0,26,12,ordinary,22,full_coverage_and_all_discovered_cleared,302,6383.616445,40.0,constant,,0.033386458992026746
15,1,True,0,15,0,0,0,edge__adversarial-positive__71,edge__adversarial-positive,12,13,12,12,344,,bounded_transverse_width,,base,0,0.033182000000000045,12,,0,0,,,13,3,13,False,0,0,13,0,48,0,3,3,330,faithful_width015,[],21933.082230702377,0,,0.0,,False,0,533.4680370833333,"[1, 2, 4, 5, 7, 9, 10, 13, 17, 18, 19, 20]",30.0,4,71,1.0,7,0,16,0,26,12,ordinary,22,full_coverage_and_all_discovered_cleared,305,6401.616445,40.0,constant,,0.033220124954823405
15,1,True,0,15,0,0,0,edge__adversarial-positive__71,edge__adversarial-positive,12,0,12,12,357,,bounded_transverse_width,,arc,48,0.03763200000000211,12,cached_distance_prefix_sum,0,0,,,,,,False,0,0,0,0,0,0,3,3,343,arc05_noskip_width015,[],21933.082230702377,0,,0.0,,False,0,539.9680370833333,"[1, 2, 4, 5, 7, 9, 10, 13, 17, 18, 19, 20]",30.0,4,71,0.5,7,0,16,0,26,12,ordinary,22,full_coverage_and_all_discovered_cleared,318,6479.616445,40.0,constant,,0.03763879102189094
15,1,True,0,15,0,0,0,edge__adversarial-positive__71,edge__adversarial-positive,12,16,12,12,341,,bounded_transverse_width,,arc,48,0.03732600000000019,12,cached_distance_prefix_sum,0,0,,,,,,False,0,0,16,0,0,0,3,3,327,fast_arc05_width015,[],21933.082230702377,0,,0.0,,False,0,531.9680370833333,"[1, 2, 4, 5, 7, 9, 10, 13, 17, 18, 19, 20]",30.0,4,71,0.5,7,0,16,0,26,12,ordinary,22,full_coverage_and_all_discovered_cleared,302,6383.616445,40.0,constant,,0.0374323750147596
15,1,True,0,15,0,0,0,edge__adversarial-positive__71,edge__adversarial-positive,12,13,12,12,344,,bounded_transverse_width,,arc,48,0.0379390000000015,12,cached_distance_prefix_sum,0,0,,,13,3,13,False,0,0,13,0,0,0,3,3,330,faithful_arc05_width015,[],21933.082230702377,0,,0.0,,False,0,533.4680370833333,"[1, 2, 4, 5, 7, 9, 10, 13, 17, 18, 19, 20]",30.0,4,71,0.5,7,0,16,0,26,12,ordinary,22,full_coverage_and_all_discovered_cleared,305,6401.616445,40.0,constant,,0.03807770903222263
16,4,True,0,16,0,1,1,edge__adversarial-positive__71,edge__adversarial-positive,12,0,13,12,364,,bounded_transverse_width,,locked,47,0.04298400000000058,12,cached_distance_prefix_sum,0,0,,,,,,True,0,0,0,5,0,0,4,2,349,locked_noskip_width015,[],20838.187808093906,0,,0.0,,False,0,525.1364633333334,"[1, 2, 4, 5, 7, 9, 10, 13, 17, 18, 19, 20]",30.0,4,71,1.0,9,14,16,5,25,12,ordinary,22,full_coverage_and_all_discovered_cleared,326,6301.63756,40.0,constant,,0.0430082919774577
16,4,True,0,16,0,1,1,edge__adversarial-positive__71,edge__adversarial-positive,12,47,13,12,317,,bounded_transverse_width,,locked,47,0.04136699999999749,12,cached_distance_prefix_sum,0,0,,,,,,True,0,0,47,5,0,0,4,2,302,fast_locked_width015,[],20838.187808093906,0,,0.0,,False,0,501.7197966666667,"[1, 2, 4, 5, 7, 9, 10, 13, 17, 18, 19, 20]",30.0,4,71,1.0,9,14,16,5,25,12,ordinary,22,full_coverage_and_all_discovered_cleared,280,6020.63756,40.0,constant,,0.04137991595780477
16,4,True,0,16,0,1,1,edge__adversarial-positive__71,edge__adversarial-positive,12,47,13,12,317,,bounded_transverse_width,,locked,47,0.04227200000000053,12,cached_distance_prefix_sum,0,0,,,47,0,47,True,0,0,47,5,0,0,4,2,302,faithful_locked_width015,[],20838.187808093906,0,,0.0,,False,0,501.7197966666667,"[1, 2, 4, 5, 7, 9, 10, 13, 17, 18, 19, 20]",30.0,4,71,1.0,9,14,16,5,25,12,ordinary,22,full_coverage_and_all_discovered_cleared,280,6020.63756,40.0,constant,,0.04242933401837945
10,1,True,0,10,2,3,0,edge__adversarial-negative__67,edge__adversarial-negative,8,,11,10,382,,bounded_transverse_width,,,,0.04075600000000179,10,,0,0,,,,,,,0,0,,4,41,0,4,3,369,width40_f015_22,[],21771.869815222402,0,,0.0,,False,0,659.937396,"[4, 5, 7, 8, 9, 10, 14, 15, 18, 19]",30.0,4,67,,9,0,1,4,19,10,ordinary,22,full_coverage_and_all_discovered_cleared,347,6599.37396,40.0,constant,,0.0407997079892084
10,1,True,0,10,2,3,0,edge__adversarial-negative__67,edge__adversarial-negative,8,20,11,10,362,,bounded_transverse_width,,base,0,0.035344999999999516,10,,0,0,,,,,,False,0,0,20,4,41,0,4,3,349,range_width015,[],21771.869815222402,0,,0.0,,False,0,648.037396,"[4, 5, 7, 8, 9, 10, 14, 15, 18, 19]",30.0,4,67,1.0,9,0,1,4,19,10,ordinary,22,full_coverage_and_all_discovered_cleared,328,6480.37396,40.0,constant,,0.035366958007216454
10,1,True,0,10,2,3,0,edge__adversarial-negative__67,edge__adversarial-negative,8,19,11,10,363,,bounded_transverse_width,,base,0,0.035530000000001394,10,,0,0,,,19,1,19,False,0,0,19,4,41,0,4,3,350,faithful_width015,[],21771.869815222402,0,,0.0,,False,0,648.537396,"[4, 5, 7, 8, 9, 10, 14, 15, 18, 19]",30.0,4,67,1.0,9,0,1,4,19,10,ordinary,22,full_coverage_and_all_discovered_cleared,328,6485.37396,40.0,constant,,0.03555245901225135
8,0,True,0,8,1,3,0,edge__adversarial-negative__67,edge__adversarial-negative,9,0,12,10,354,,bounded_transverse_width,,arc,40,0.038825000000002774,10,cached_distance_prefix_sum,0,0,,,,,,False,0,0,0,2,0,0,2,2,340,arc05_noskip_width015,[],21223.36023938643,0,,0.0,,False,0,632.1672048,"[4, 5, 7, 8, 9, 10, 14, 15, 18, 19]",30.0,4,67,0.5,6,3,2,2,18,10,ordinary,22,full_coverage_and_all_discovered_cleared,321,6321.672048,40.0,constant,,0.03887704195221886
8,0,True,0,8,1,3,0,edge__adversarial-negative__67,edge__adversarial-negative,9,30,12,10,324,,bounded_transverse_width,,arc,40,0.038571999999998496,10,cached_distance_prefix_sum,0,0,,,,,,False,0,0,30,2,0,0,2,2,310,fast_arc05_width015,[],21223.36023938643,0,,0.0,,False,0,614.1672048,"[4, 5, 7, 8, 9, 10, 14, 15, 18, 19]",30.0,4,67,0.5,6,3,2,2,18,10,ordinary,22,full_coverage_and_all_discovered_cleared,291,6141.672048,40.0,constant,,0.03857516701100394
8,0,True,0,8,1,3,0,edge__adversarial-negative__67,edge__adversarial-negative,9,26,12,10,328,,bounded_transverse_width,,arc,40,0.03840900000000147,10,cached_distance_prefix_sum,0,0,,,26,4,26,False,0,0,26,2,0,0,2,2,314,faithful_arc05_width015,[],21223.36023938643,0,,0.0,,False,0,616.9672048,"[4, 5, 7, 8, 9, 10, 14, 15, 18, 19]",30.0,4,67,0.5,6,3,2,2,18,10,ordinary,22,full_coverage_and_all_discovered_cleared,299,6169.672048,40.0,constant,,0.038435750000644475
12,1,True,0,12,0,2,0,edge__adversarial-negative__67,edge__adversarial-negative,10,0,12,10,382,,bounded_transverse_width,,locked,43,0.035272000000002635,10,cached_distance_prefix_sum,0,0,,,,,,True,0,0,0,4,0,0,4,3,368,locked_noskip_width015,[],20472.269634611894,0,,0.0,,False,0,633.5453923,"[4, 5, 7, 8, 9, 10, 14, 15, 18, 19]",30.0,4,67,1.0,9,5,19,4,21,10,ordinary,22,full_coverage_and_all_discovered_cleared,345,6335.453923,40.0,constant,,0.03527629200834781
12,1,True,0,12,0,2,0,edge__adversarial-negative__67,edge__adversarial-negative,10,47,12,10,335,,bounded_transverse_width,,locked,43,0.03435699999999997,10,cached_distance_prefix_sum,0,0,,,,,,True,0,0,47,4,0,0,4,3,321,fast_locked_width015,[],20472.269634611894,0,,0.0,,False,0,605.3453923,"[4, 5, 7, 8, 9, 10, 14, 15, 18, 19]",30.0,4,67,1.0,9,5,19,4,21,10,ordinary,22,full_coverage_and_all_discovered_cleared,298,6053.453923,40.0,constant,,0.03436458401847631
12,1,True,0,12,0,2,0,edge__adversarial-negative__67,edge__adversarial-negative,10,44,12,10,338,,bounded_transverse_width,,locked,43,0.034693999999998226,10,cached_distance_prefix_sum,0,0,,,44,3,44,True,0,0,44,4,0,0,4,3,324,faithful_locked_width015,[],20472.269634611894,0,,0.0,,False,0,607.5453923,"[4, 5, 7, 8, 9, 10, 14, 15, 18, 19]",30.0,4,67,1.0,9,5,19,4,21,10,ordinary,22,full_coverage_and_all_discovered_cleared,305,6075.453923,40.0,constant,,0.034722791984677315
21,3,True,0,21,1,3,0,edge__adversarial-negative__68,edge__adversarial-negative,14,,17,15,309,,bounded_transverse_width,,,,0.043722999999999956,15,,0,0,,,,,,,0,0,,7,55,0,3,3,290,width40_f015_22,[],24636.097056889415,0,,0.0,,False,0,448.28129413333335,"[2, 4, 5, 6, 8, 9, 11, 12, 13, 14, 15, 16, 17, 19, 20]",30.0,4,68,,17,5,4,7,33,15,ordinary,22,full_coverage_and_all_discovered_cleared,266,6724.219412,40.0,constant,,0.043739959015510976
21,3,True,0,21,1,3,0,edge__adversarial-negative__68,edge__adversarial-negative,14,3,17,15,306,,bounded_transverse_width,,base,0,0.0442140000000002,15,,0,0,,,,,,False,0,0,3,7,55,0,3,3,287,range_width015,[],24636.097056889415,0,,0.0,,False,0,447.1479608,"[2, 4, 5, 6, 8, 9, 11, 12, 13, 14, 15, 16, 17, 19, 20]",30.0,4,68,1.0,17,5,4,7,33,15,ordinary,22,full_coverage_and_all_discovered_cleared,264,6707.219412,40.0,constant,,0.04427341598784551
21,3,True,0,21,1,3,0,edge__adversarial-negative__68,edge__adversarial-negative,14,2,17,15,307,,bounded_transverse_width,,base,0,0.04411900000000202,15,,0,0,,,2,1,2,False,0,0,2,7,55,0,3,3,288,faithful_width015,[],24636.097056889415,0,,0.0,,False,0,447.5479608,"[2, 4, 5, 6, 8, 9, 11, 12, 13, 14, 15, 16, 17, 19, 20]",30.0,4,68,1.0,17,5,4,7,33,15,ordinary,22,full_coverage_and_all_discovered_cleared,265,6713.219412,40.0,constant,,0.044154042028822005
17,1,True,0,17,3,5,0,edge__adversarial-negative__68,edge__adversarial-negative,12,0,17,15,309,,bounded_transverse_width,,arc,53,0.04616100000000145,15,cached_distance_prefix_sum,0,0,,,,,,False,0,0,0,7,0,0,3,2,290,arc05_noskip_width015,[],22365.434472438075,0,,0.0,,False,0,418.1391265333333,"[2, 4, 5, 6, 8, 9, 11, 12, 13, 14, 15, 16, 17, 19, 20]",30.0,4,68,0.5,15,2,1,7,31,15,ordinary,22,full_coverage_and_all_discovered_cleared,268,6272.086898,40.0,constant,,0.04617020802106708
17,1,True,0,17,3,5,0,edge__adversarial-negative__68,edge__adversarial-negative,12,4,17,15,305,,bounded_transverse_width,,arc,53,0.04644700000000057,15,cached_distance_prefix_sum,0,0,,,,,,False,0,0,4,7,0,0,3,2,286,fast_arc05_width015,[],22365.434472438075,0,,0.0,,False,0,416.4724598666666,"[2, 4, 5, 6, 8, 9, 11, 12, 13, 14, 15, 16, 17, 19, 20]",30.0,4,68,0.5,15,2,1,7,31,15,ordinary,22,full_coverage_and_all_discovered_cleared,263,6247.086898,40.0,constant,,0.04649616597453132
17,1,True,0,17,3,5,0,edge__adversarial-negative__68,edge__adversarial-negative,12,3,17,15,306,,bounded_transverse_width,,arc,53,0.0466319999999989,15,cached_distance_prefix_sum,0,0,,,3,1,3,False,0,0,3,7,0,0,3,2,287,faithful_arc05_width015,[],22365.434472438075,0,,0.0,,False,0,416.9391265333333,"[2, 4, 5, 6, 8, 9, 11, 12, 13, 14, 15, 16, 17, 19, 20]",30.0,4,68,0.5,15,2,1,7,31,15,ordinary,22,full_coverage_and_all_discovered_cleared,265,6254.086898,40.0,constant,,0.04670133301988244
18,3,True,0,18,1,2,0,edge__adversarial-negative__68,edge__adversarial-negative,14,0,16,15,326,,bounded_transverse_width,,locked,52,0.051487000000001615,15,cached_distance_prefix_sum,0,0,,,,,,True,0,0,0,6,0,0,5,4,308,locked_noskip_width015,[],21940.732505837037,0,,0.0,,False,0,419.2764332,"[2, 4, 5, 6, 8, 9, 11, 12, 13, 14, 15, 16, 17, 19, 20]",30.0,4,68,1.0,13,7,27,7,30,15,ordinary,22,full_coverage_and_all_discovered_cleared,283,6289.146498,40.0,constant,,0.05152162496233359
18,3,True,0,18,1,2,0,edge__adversarial-negative__68,edge__adversarial-negative,14,41,16,15,285,,bounded_transverse_width,,locked,52,0.05062400000000267,15,cached_distance_prefix_sum,0,0,,,,,,True,0,0,41,6,0,0,5,4,267,fast_locked_width015,[],21940.732505837037,0,,0.0,,False,0,402.8764332,"[2, 4, 5, 6, 8, 9, 11, 12, 13, 14, 15, 16, 17, 19, 20]",30.0,4,68,1.0,13,7,27,7,30,15,ordinary,22,full_coverage_and_all_discovered_cleared,242,6043.146498,40.0,constant,,0.05066374997841194
18,3,True,0,18,1,2,0,edge__adversarial-negative__68,edge__adversarial-negative,14,38,16,15,288,,bounded_transverse_width,,locked,52,0.0512049999999995,15,cached_distance_prefix_sum,0,0,,,38,3,38,True,0,0,38,6,0,0,5,4,270,faithful_locked_width015,[],21940.732505837037,0,,0.0,,False,0,404.4097665333333,"[2, 4, 5, 6, 8, 9, 11, 12, 13, 14, 15, 16, 17, 19, 20]",30.0,4,68,1.0,13,7,27,7,30,15,ordinary,22,full_coverage_and_all_discovered_cleared,250,6066.146498,40.0,constant,,0.05125137499999255
12,2,True,0,12,4,6,0,edge__adversarial-negative__69,edge__adversarial-negative,11,,17,15,310,,bounded_transverse_width,,,,0.03955099999999945,15,,0,0,,,,,,,0,0,,3,47,0,4,3,291,width40_f015_22,[],23157.680623448807,0,,0.0,,False,0,429.0357414,"[2, 3, 4, 5, 6, 7, 8, 9, 10, 11, 12, 13, 14, 16, 18]",30.0,4,69,,11,3,16,3,25,15,ordinary,22,full_coverage_and_all_discovered_cleared,268,6435.536121,40.0,constant,,0.0395712919998914
12,2,True,0,12,4,6,0,edge__adversarial-negative__69,edge__adversarial-negative,11,27,17,15,283,,bounded_transverse_width,,base,0,0.03885299999999958,15,,0,0,,,,,,False,0,0,27,3,47,0,4,3,264,range_width015,[],23157.680623448807,0,,0.0,,False,0,418.3690747333333,"[2, 3, 4, 5, 6, 7, 8, 9, 10, 11, 12, 13, 14, 16, 18]",30.0,4,69,1.0,11,3,16,3,25,15,ordinary,22,full_coverage_and_all_discovered_cleared,243,6275.536121,40.0,constant,,0.038861624954734
12,2,True,0,12,4,6,0,edge__adversarial-negative__69,edge__adversarial-negative,11,25,17,15,285,,bounded_transverse_width,,base,0,0.039292999999997136,15,,0,0,,,25,2,25,False,0,0,25,3,47,0,4,3,266,faithful_width015,[],23157.680623448807,0,,0.0,,False,0,419.0357414,"[2, 3, 4, 5, 6, 7, 8, 9, 10, 11, 12, 13, 14, 16, 18]",30.0,4,69,1.0,11,3,16,3,25,15,ordinary,22,full_coverage_and_all_discovered_cleared,243,6285.536121,40.0,constant,,0.03932237497065216
21,2,True,0,21,6,6,0,edge__adversarial-negative__69,edge__adversarial-negative,9,0,15,15,301,,bounded_transverse_width,,arc,56,0.05282499999999857,15,cached_distance_prefix_sum,0,0,,,,,,False,0,0,0,9,0,0,5,3,284,arc05_noskip_width015,[],23166.869810432196,0,,0.0,,False,0,425.6915972,"[2, 3, 4, 5, 6, 7, 8, 9, 10, 11, 12, 13, 14, 16, 18]",30.0,4,69,0.5,10,2,22,9,34,15,ordinary,22,full_coverage_and_all_discovered_cleared,257,6385.373958,40.0,constant,,0.05283637496177107
21,2,True,0,21,6,6,0,edge__adversarial-negative__69,edge__adversarial-negative,9,6,15,15,295,,bounded_transverse_width,,arc,56,0.052395000000000636,15,cached_distance_prefix_sum,0,0,,,,,,False,0,0,6,9,0,0,5,3,278,fast_arc05_width015,[],23166.869810432196,0,,0.0,,False,0,423.2915972,"[2, 3, 4, 5, 6, 7, 8, 9, 10, 11, 12, 13, 14, 16, 18]",30.0,4,69,0.5,10,2,22,9,34,15,ordinary,22,full_coverage_and_all_discovered_cleared,251,6349.373958,40.0,constant,,0.05239941697800532
21,2,True,0,21,6,6,0,edge__adversarial-negative__69,edge__adversarial-negative,9,6,15,15,295,,bounded_transverse_width,,arc,56,0.05275800000000075,15,cached_distance_prefix_sum,0,0,,,6,0,6,False,0,0,6,9,0,0,5,3,278,faithful_arc05_width015,[],23166.869810432196,0,,0.0,,False,0,423.2915972,"[2, 3, 4, 5, 6, 7, 8, 9, 10, 11, 12, 13, 14, 16, 18]",30.0,4,69,0.5,10,2,22,9,34,15,ordinary,22,full_coverage_and_all_discovered_cleared,251,6349.373958,40.0,constant,,0.05283579201204702
10,1,True,0,10,2,3,0,edge__adversarial-negative__69,edge__adversarial-negative,13,0,16,15,324,,bounded_transverse_width,,locked,46,0.049164000000001096,15,cached_distance_prefix_sum,0,0,,,,,,True,0,0,0,3,0,0,3,2,306,locked_noskip_width015,[],20642.34363802817,0,,0.0,,False,0,401.23124846666667,"[2, 3, 4, 5, 6, 7, 8, 9, 10, 11, 12, 13, 14, 16, 18]",30.0,4,69,1.0,19,8,30,3,24,15,ordinary,22,full_coverage_and_all_discovered_cleared,282,6018.468727,40.0,constant,,0.04917666601249948
10,1,True,0,10,2,3,0,edge__adversarial-negative__69,edge__adversarial-negative,13,65,16,15,259,,bounded_transverse_width,,locked,46,0.04761000000000237,15,cached_distance_prefix_sum,0,0,,,,,,True,0,0,65,3,0,0,3,2,241,fast_locked_width015,[],20642.34363802817,0,,0.0,,False,0,375.29791513333333,"[2, 3, 4, 5, 6, 7, 8, 9, 10, 11, 12, 13, 14, 16, 18]",30.0,4,69,1.0,19,8,30,3,24,15,ordinary,22,full_coverage_and_all_discovered_cleared,218,5629.468727,40.0,constant,,0.04762912500882521
10,1,True,0,10,2,3,0,edge__adversarial-negative__69,edge__adversarial-negative,13,64,16,15,260,,bounded_transverse_width,,locked,46,0.04803699999999722,15,cached_distance_prefix_sum,0,0,,,64,1,64,True,0,0,64,3,0,0,3,2,242,faithful_locked_width015,[],20642.34363802817,0,,0.0,,False,0,375.6312484666667,"[2, 3, 4, 5, 6, 7, 8, 9, 10, 11, 12, 13, 14, 16, 18]",30.0,4,69,1.0,19,8,30,3,24,15,ordinary,22,full_coverage_and_all_discovered_cleared,218,5634.468727,40.0,constant,,0.04811625002184883
10,1,True,0,10,2,3,0,edge__adversarial-negative__70,edge__adversarial-negative,8,,11,10,332,,bounded_transverse_width,,,,0.027097999999998734,10,,0,0,,,,,,,0,0,,4,41,0,3,3,319,width40_f015_22,[],21848.35446241511,0,,0.0,,False,0,631.5670893,"[2, 3, 5, 10, 11, 13, 15, 16, 19, 20]",30.0,4,70,,1,0,4,4,19,10,ordinary,22,full_coverage_and_all_discovered_cleared,298,6315.670893,40.0,constant,,0.027110125054605305
10,1,True,0,10,2,3,0,edge__adversarial-negative__70,edge__adversarial-negative,8,0,11,10,332,,bounded_transverse_width,,base,0,0.026993000000000933,10,,0,0,,,,,,False,0,0,0,4,41,0,3,3,319,range_width015,[],21848.35446241511,0,,0.0,,False,0,631.5670893,"[2, 3, 5, 10, 11, 13, 15, 16, 19, 20]",30.0,4,70,1.0,1,0,4,4,19,10,ordinary,22,full_coverage_and_all_discovered_cleared,298,6315.670893,40.0,constant,,0.027008790988475084
10,1,True,0,10,2,3,0,edge__adversarial-negative__70,edge__adversarial-negative,8,0,11,10,332,,bounded_transverse_width,,base,0,0.02708200000000005,10,,0,0,,,0,0,0,False,0,0,0,4,41,0,3,3,319,faithful_width015,[],21848.35446241511,0,,0.0,,False,0,631.5670893,"[2, 3, 5, 10, 11, 13, 15, 16, 19, 20]",30.0,4,70,1.0,1,0,4,4,19,10,ordinary,22,full_coverage_and_all_discovered_cleared,298,6315.670893,40.0,constant,,0.027091291034594178
20,4,True,0,20,1,5,1,edge__adversarial-negative__70,edge__adversarial-negative,9,0,14,10,346,,bounded_transverse_width,,arc,49,0.0373190000000001,10,cached_distance_prefix_sum,0,0,,,,,,False,0,0,0,4,0,0,4,3,330,arc05_noskip_width015,[],19798.655505703966,0,,0.0,,False,0,597.9731101,"[2, 3, 5, 10, 11, 13, 15, 16, 19, 20]",30.0,4,70,0.5,10,2,0,4,27,10,ordinary,22,full_coverage_and_all_discovered_cleared,308,5979.731101,40.0,constant,,0.03737079194979742
20,4,True,0,20,1,5,1,edge__adversarial-negative__70,edge__adversarial-negative,9,0,14,10,346,,bounded_transverse_width,,arc,49,0.03826600000000013,10,cached_distance_prefix_sum,0,0,,,,,,False,0,0,0,4,0,0,4,3,330,fast_arc05_width015,[],19798.655505703966,0,,0.0,,False,0,597.9731101,"[2, 3, 5, 10, 11, 13, 15, 16, 19, 20]",30.0,4,70,0.5,10,2,0,4,27,10,ordinary,22,full_coverage_and_all_discovered_cleared,308,5979.731101,40.0,constant,,0.038338708982337266
20,4,True,0,20,1,5,1,edge__adversarial-negative__70,edge__adversarial-negative,9,0,14,10,346,,bounded_transverse_width,,arc,49,0.03724599999999967,10,cached_distance_prefix_sum,0,0,,,0,0,0,False,0,0,0,4,0,0,4,3,330,faithful_arc05_width015,[],19798.655505703966,0,,0.0,,False,0,597.9731101,"[2, 3, 5, 10, 11, 13, 15, 16, 19, 20]",30.0,4,70,0.5,10,2,0,4,27,10,ordinary,22,full_coverage_and_all_discovered_cleared,308,5979.731101,40.0,constant,,0.03726341703440994
8,1,True,0,8,1,3,0,edge__adversarial-negative__70,edge__adversarial-negative,9,0,12,10,397,,bounded_transverse_width,,locked,39,0.03529800000000094,10,cached_distance_prefix_sum,0,0,,,,,,True,0,0,0,2,0,0,2,2,383,locked_noskip_width015,[],20055.396444471105,0,,0.0,,False,0,634.4079291,"[2, 3, 5, 10, 11, 13, 15, 16, 19, 20]",30.0,4,70,1.0,4,9,0,2,17,10,ordinary,22,full_coverage_and_all_discovered_cleared,362,6344.079291,40.0,constant,,0.03532162500778213
8,1,True,0,8,1,3,0,edge__adversarial-negative__70,edge__adversarial-negative,9,52,12,10,345,,bounded_transverse_width,,locked,39,0.034307000000001864,10,cached_distance_prefix_sum,0,0,,,,,,True,0,0,52,2,0,0,2,2,331,fast_locked_width015,[],20055.396444471105,0,,0.0,,False,0,603.2079291,"[2, 3, 5, 10, 11, 13, 15, 16, 19, 20]",30.0,4,70,1.0,4,9,0,2,17,10,ordinary,22,full_coverage_and_all_discovered_cleared,310,6032.079291,40.0,constant,,0.03433033399051055
8,1,True,0,8,1,3,0,edge__adversarial-negative__70,edge__adversarial-negative,9,45,12,10,352,,bounded_transverse_width,,locked,39,0.03481599999999929,10,cached_distance_prefix_sum,0,0,,,45,7,45,True,0,0,45,2,0,0,2,2,338,faithful_locked_width015,[],20055.396444471105,0,,0.0,,False,0,608.1079291,"[2, 3, 5, 10, 11, 13, 15, 16, 19, 20]",30.0,4,70,1.0,4,9,0,2,17,10,ordinary,22,full_coverage_and_all_discovered_cleared,324,6081.079291,40.0,constant,,0.03486604196950793
14,1,True,0,14,0,0,0,edge__adversarial-negative__71,edge__adversarial-negative,12,,12,12,354,,bounded_transverse_width,,,,0.03402300000000125,12,,0,0,,,,,,,0,0,,0,47,0,3,3,340,width40_f015_22,[],21787.248185217326,0,,0.0,,False,0,535.9541363333334,"[1, 2, 4, 5, 7, 9, 10, 13, 17, 18, 19, 20]",30.0,4,71,,12,1,1,0,25,12,ordinary,22,full_coverage_and_all_discovered_cleared,314,6431.449636,40.0,constant,,0.03403241600608453
14,1,True,0,14,0,0,0,edge__adversarial-negative__71,edge__adversarial-negative,12,17,12,12,337,,bounded_transverse_width,,base,0,0.033474999999999255,12,,0,0,,,,,,False,0,0,17,0,47,0,3,3,323,range_width015,[],21787.248185217326,0,,0.0,,False,0,527.5374696666667,"[1, 2, 4, 5, 7, 9, 10, 13, 17, 18, 19, 20]",30.0,4,71,1.0,12,1,1,0,25,12,ordinary,22,full_coverage_and_all_discovered_cleared,298,6330.449636,40.0,constant,,0.03348683298099786
14,1,True,0,14,0,0,0,edge__adversarial-negative__71,edge__adversarial-negative,12,14,12,12,340,,bounded_transverse_width,,base,0,0.03408099999999692,12,,0,0,,,14,3,14,False,0,0,14,0,47,0,3,3,326,faithful_width015,[],21787.248185217326,0,,0.0,,False,0,528.9541363333334,"[1, 2, 4, 5, 7, 9, 10, 13, 17, 18, 19, 20]",30.0,4,71,1.0,12,1,1,0,25,12,ordinary,22,full_coverage_and_all_discovered_cleared,300,6347.449636,40.0,constant,,0.034128000028431416
14,1,True,0,14,0,0,0,edge__adversarial-negative__71,edge__adversarial-negative,12,0,12,12,354,,bounded_transverse_width,,arc,47,0.037744,12,cached_distance_prefix_sum,0,0,,,,,,False,0,0,0,0,0,0,3,3,340,arc05_noskip_width015,[],21787.248185217326,0,,0.0,,False,0,535.9541363333334,"[1, 2, 4, 5, 7, 9, 10, 13, 17, 18, 19, 20]",30.0,4,71,0.5,12,1,1,0,25,12,ordinary,22,full_coverage_and_all_discovered_cleared,314,6431.449636,40.0,constant,,0.0377779999980703
14,1,True,0,14,0,0,0,edge__adversarial-negative__71,edge__adversarial-negative,12,17,12,12,337,,bounded_transverse_width,,arc,47,0.03688899999999862,12,cached_distance_prefix_sum,0,0,,,,,,False,0,0,17,0,0,0,3,3,323,fast_arc05_width015,[],21787.248185217326,0,,0.0,,False,0,527.5374696666667,"[1, 2, 4, 5, 7, 9, 10, 13, 17, 18, 19, 20]",30.0,4,71,0.5,12,1,1,0,25,12,ordinary,22,full_coverage_and_all_discovered_cleared,298,6330.449636,40.0,constant,,0.03689724998548627
14,1,True,0,14,0,0,0,edge__adversarial-negative__71,edge__adversarial-negative,12,14,12,12,340,,bounded_transverse_width,,arc,47,0.037455999999998824,12,cached_distance_prefix_sum,0,0,,,14,3,14,False,0,0,14,0,0,0,3,3,326,faithful_arc05_width015,[],21787.248185217326,0,,0.0,,False,0,528.9541363333334,"[1, 2, 4, 5, 7, 9, 10, 13, 17, 18, 19, 20]",30.0,4,71,0.5,12,1,1,0,25,12,ordinary,22,full_coverage_and_all_discovered_cleared,300,6347.449636,40.0,constant,,0.03746029199101031
16,3,True,0,16,1,2,1,edge__adversarial-negative__71,edge__adversarial-negative,11,0,13,12,365,,bounded_transverse_width,,locked,48,0.04371799999999837,12,cached_distance_prefix_sum,0,0,,,,,,True,0,0,0,6,0,0,3,2,350,locked_noskip_width015,[],20785.28903349174,0,,0.0,,False,0,524.7548173333333,"[1, 2, 4, 5, 7, 9, 10, 13, 17, 18, 19, 20]",30.0,4,71,1.0,8,10,15,6,26,12,ordinary,22,full_coverage_and_all_discovered_cleared,327,6297.057808,40.0,constant,,0.04375583300134167
16,3,True,0,16,1,2,1,edge__adversarial-negative__71,edge__adversarial-negative,11,48,13,12,317,,bounded_transverse_width,,locked,48,0.04248500000000277,12,cached_distance_prefix_sum,0,0,,,,,,True,0,0,48,6,0,0,3,2,302,fast_locked_width015,[],20785.28903349174,0,,0.0,,False,0,500.83815066666665,"[1, 2, 4, 5, 7, 9, 10, 13, 17, 18, 19, 20]",30.0,4,71,1.0,8,10,15,6,26,12,ordinary,22,full_coverage_and_all_discovered_cleared,280,6010.057808,40.0,constant,,0.042563082999549806
16,3,True,0,16,1,2,1,edge__adversarial-negative__71,edge__adversarial-negative,11,47,13,12,318,,bounded_transverse_width,,locked,48,0.04273799999999994,12,cached_distance_prefix_sum,0,0,,,47,1,47,True,0,0,47,6,0,0,3,2,303,faithful_locked_width015,[],20785.28903349174,0,,0.0,,False,0,501.42148399999996,"[1, 2, 4, 5, 7, 9, 10, 13, 17, 18, 19, 20]",30.0,4,71,1.0,8,10,15,6,26,12,ordinary,22,full_coverage_and_all_discovered_cleared,282,6017.057808,40.0,constant,,0.0427485829568468
12,5,True,0,12,1,4,1,edge__adversarial-spatial__67,edge__adversarial-spatial,9,,13,10,354,,bounded_transverse_width,,,,0.03302100000000152,10,,0,0,,,,,,,0,0,,1,40,0,5,3,339,width40_f015_22,[],21866.926045986544,0,,0.0,,False,0,644.338521,"[4, 5, 7, 8, 9, 10, 14, 15, 18, 19]",30.0,4,67,,6,5,7,1,18,10,ordinary,22,full_coverage_and_all_discovered_cleared,316,6443.38521,40.0,constant,,0.033103083027526736
12,5,True,0,12,1,4,1,edge__adversarial-spatial__67,edge__adversarial-spatial,9,25,13,10,329,,bounded_transverse_width,,base,0,0.03252900000000025,10,,0,0,,,,,,False,0,0,25,1,40,0,5,3,314,range_width015,[],21866.926045986544,0,,0.0,,False,0,629.338521,"[4, 5, 7, 8, 9, 10, 14, 15, 18, 19]",30.0,4,67,1.0,6,5,7,1,18,10,ordinary,22,full_coverage_and_all_discovered_cleared,291,6293.38521,40.0,constant,,0.032583209045697004
12,5,True,0,12,1,4,1,edge__adversarial-spatial__67,edge__adversarial-spatial,9,21,13,10,333,,bounded_transverse_width,,base,0,0.032147000000001924,10,,0,0,,,21,4,21,False,0,0,21,1,40,0,5,3,318,faithful_width015,[],21866.926045986544,0,,0.0,,False,0,632.1385210000001,"[4, 5, 7, 8, 9, 10, 14, 15, 18, 19]",30.0,4,67,1.0,6,5,7,1,18,10,ordinary,22,full_coverage_and_all_discovered_cleared,299,6321.38521,40.0,constant,,0.0321749160066247
11,4,True,0,11,0,1,1,edge__adversarial-spatial__67,edge__adversarial-spatial,10,0,11,10,351,,bounded_transverse_width,,arc,40,0.03742300000000043,10,cached_distance_prefix_sum,0,0,,,,,,False,0,0,0,2,0,0,5,3,338,arc05_noskip_width015,[],21664.85563563217,0,,0.0,,False,0,639.097113,"[4, 5, 7, 8, 9, 10, 14, 15, 18, 19]",30.0,4,67,0.5,6,4,7,2,18,10,ordinary,22,full_coverage_and_all_discovered_cleared,315,6390.97113,40.0,constant,,0.0374460419989191
11,4,True,0,11,0,1,1,edge__adversarial-spatial__67,edge__adversarial-spatial,10,25,11,10,326,,bounded_transverse_width,,arc,40,0.036903999999999826,10,cached_distance_prefix_sum,0,0,,,,,,False,0,0,25,2,0,0,5,3,313,fast_arc05_width015,[],21664.85563563217,0,,0.0,,False,0,624.097113,"[4, 5, 7, 8, 9, 10, 14, 15, 18, 19]",30.0,4,67,0.5,6,4,7,2,18,10,ordinary,22,full_coverage_and_all_discovered_cleared,290,6240.97113,40.0,constant,,0.03700758301420137
11,4,True,0,11,0,1,1,edge__adversarial-spatial__67,edge__adversarial-spatial,10,21,11,10,330,,bounded_transverse_width,,arc,40,0.03789099999999834,10,cached_distance_prefix_sum,0,0,,,21,4,21,False,0,0,21,2,0,0,5,3,317,faithful_arc05_width015,[],21664.85563563217,0,,0.0,,False,0,626.897113,"[4, 5, 7, 8, 9, 10, 14, 15, 18, 19]",30.0,4,67,0.5,6,4,7,2,18,10,ordinary,22,full_coverage_and_all_discovered_cleared,298,6268.97113,40.0,constant,,0.03795933403307572
13,3,True,0,13,0,2,1,edge__adversarial-spatial__67,edge__adversarial-spatial,10,0,12,10,366,,bounded_transverse_width,,locked,43,0.03324800000000039,10,cached_distance_prefix_sum,0,0,,,,,,True,0,0,0,3,0,0,5,3,352,locked_noskip_width015,[],20859.047128701175,0,,0.0,,False,0,631.5809427,"[4, 5, 7, 8, 9, 10, 14, 15, 18, 19]",30.0,4,67,1.0,11,8,39,3,21,10,ordinary,22,full_coverage_and_all_discovered_cleared,328,6315.809427,40.0,constant,,0.0332617909880355
13,3,True,0,13,0,2,1,edge__adversarial-spatial__67,edge__adversarial-spatial,10,30,12,10,336,,bounded_transverse_width,,locked,43,0.03241999999999834,10,cached_distance_prefix_sum,0,0,,,,,,True,0,0,30,3,0,0,5,3,322,fast_locked_width015,[],20859.047128701175,0,,0.0,,False,0,613.5809427,"[4, 5, 7, 8, 9, 10, 14, 15, 18, 19]",30.0,4,67,1.0,11,8,39,3,21,10,ordinary,22,full_coverage_and_all_discovered_cleared,298,6135.809427,40.0,constant,,0.03243095800280571
13,3,True,0,13,0,2,1,edge__adversarial-spatial__67,edge__adversarial-spatial,10,26,12,10,340,,bounded_transverse_width,,locked,43,0.03283599999999964,10,cached_distance_prefix_sum,0,0,,,26,4,26,True,0,0,26,3,0,0,5,3,326,faithful_locked_width015,[],20859.047128701175,0,,0.0,,False,0,616.3809427,"[4, 5, 7, 8, 9, 10, 14, 15, 18, 19]",30.0,4,67,1.0,11,8,39,3,21,10,ordinary,22,full_coverage_and_all_discovered_cleared,306,6163.809427,40.0,constant,,0.03285766701446846
19,6,True,0,19,1,2,2,edge__adversarial-spatial__68,edge__adversarial-spatial,14,,16,15,312,,bounded_transverse_width,,,,0.03824400000000239,15,,0,0,,,,,,,0,0,,5,52,0,5,3,294,width40_f015_22,[],22586.45546490433,0,,0.0,,False,0,422.4194064,"[2, 4, 5, 6, 8, 9, 11, 12, 13, 14, 15, 16, 17, 19, 20]",30.0,4,68,,12,6,14,5,30,15,ordinary,22,full_coverage_and_all_discovered_cleared,271,6336.291096,40.0,constant,,0.0382825419656001
19,6,True,0,19,1,2,2,edge__adversarial-spatial__68,edge__adversarial-spatial,14,12,16,15,300,,bounded_transverse_width,,base,0,0.0375489999999985,15,,0,0,,,,,,False,0,0,12,5,52,0,5,3,282,range_width015,[],22586.45546490433,0,,0.0,,False,0,417.6194064,"[2, 4, 5, 6, 8, 9, 11, 12, 13, 14, 15, 16, 17, 19, 20]",30.0,4,68,1.0,12,6,14,5,30,15,ordinary,22,full_coverage_and_all_discovered_cleared,259,6264.291096,40.0,constant,,0.03756754199275747
19,6,True,0,19,1,2,2,edge__adversarial-spatial__68,edge__adversarial-spatial,14,9,16,15,303,,bounded_transverse_width,,base,0,0.037730999999997294,15,,0,0,,,9,3,9,False,0,0,9,5,52,0,5,3,285,faithful_width015,[],22586.45546490433,0,,0.0,,False,0,419.0194064,"[2, 4, 5, 6, 8, 9, 11, 12, 13, 14, 15, 16, 17, 19, 20]",30.0,4,68,1.0,12,6,14,5,30,15,ordinary,22,full_coverage_and_all_discovered_cleared,265,6285.291096,40.0,constant,,0.03774245799286291
16,2,True,0,16,0,4,0,edge__adversarial-spatial__68,edge__adversarial-spatial,15,0,19,15,304,,bounded_transverse_width,,arc,51,0.04104400000000297,15,cached_distance_prefix_sum,0,0,,,,,,False,0,0,0,6,0,0,3,2,283,arc05_noskip_width015,[],23484.021082195373,0,,0.0,,False,0,430.72028113333334,"[2, 4, 5, 6, 8, 9, 11, 12, 13, 14, 15, 16, 17, 19, 20]",30.0,4,68,0.5,15,1,10,6,29,15,ordinary,22,full_coverage_and_all_discovered_cleared,262,6460.804217,40.0,constant,,0.04108029103372246
16,2,True,0,16,0,4,0,edge__adversarial-spatial__68,edge__adversarial-spatial,15,0,19,15,304,,bounded_transverse_width,,arc,51,0.04038399999999953,15,cached_distance_prefix_sum,0,0,,,,,,False,0,0,0,6,0,0,3,2,283,fast_arc05_width015,[],23484.021082195373,0,,0.0,,False,0,430.72028113333334,"[2, 4, 5, 6, 8, 9, 11, 12, 13, 14, 15, 16, 17, 19, 20]",30.0,4,68,0.5,15,1,10,6,29,15,ordinary,22,full_coverage_and_all_discovered_cleared,262,6460.804217,40.0,constant,,0.04043058300158009
16,2,True,0,16,0,4,0,edge__adversarial-spatial__68,edge__adversarial-spatial,15,0,19,15,304,,bounded_transverse_width,,arc,51,0.04085300000000203,15,cached_distance_prefix_sum,0,0,,,0,0,0,False,0,0,0,6,0,0,3,2,283,faithful_arc05_width015,[],23484.021082195373,0,,0.0,,False,0,430.72028113333334,"[2, 4, 5, 6, 8, 9, 11, 12, 13, 14, 15, 16, 17, 19, 20]",30.0,4,68,0.5,15,1,10,6,29,15,ordinary,22,full_coverage_and_all_discovered_cleared,262,6460.804217,40.0,constant,,0.040872625017073005
17,6,True,0,17,1,1,2,edge__adversarial-spatial__68,edge__adversarial-spatial,14,0,15,15,300,,bounded_transverse_width,,locked,50,0.04439100000000096,15,cached_distance_prefix_sum,0,0,,,,,,True,0,0,0,5,0,0,5,3,283,locked_noskip_width015,[],22088.438830459872,0,,0.0,,False,0,411.04585099999997,"[2, 4, 5, 6, 8, 9, 11, 12, 13, 14, 15, 16, 17, 19, 20]",30.0,4,68,1.0,12,1,50,7,28,15,ordinary,22,full_coverage_and_all_discovered_cleared,258,6165.687765,40.0,constant,,0.044397042016498744
17,6,True,0,17,1,1,2,edge__adversarial-spatial__68,edge__adversarial-spatial,14,25,15,15,275,,bounded_transverse_width,,locked,50,0.04351600000000033,15,cached_distance_prefix_sum,0,0,,,,,,True,0,0,25,5,0,0,5,3,258,fast_locked_width015,[],22088.438830459872,0,,0.0,,False,0,401.04585099999997,"[2, 4, 5, 6, 8, 9, 11, 12, 13, 14, 15, 16, 17, 19, 20]",30.0,4,68,1.0,12,1,50,7,28,15,ordinary,22,full_coverage_and_all_discovered_cleared,233,6015.687765,40.0,constant,,0.043573624978307635
17,6,True,0,17,1,1,2,edge__adversarial-spatial__68,edge__adversarial-spatial,14,22,15,15,278,,bounded_transverse_width,,locked,50,0.04399700000000095,15,cached_distance_prefix_sum,0,0,,,22,3,22,True,0,0,22,5,0,0,5,3,261,faithful_locked_width015,[],22088.438830459872,0,,0.0,,False,0,402.57918433333333,"[2, 4, 5, 6, 8, 9, 11, 12, 13, 14, 15, 16, 17, 19, 20]",30.0,4,68,1.0,12,1,50,7,28,15,ordinary,22,full_coverage_and_all_discovered_cleared,241,6038.687765,40.0,constant,,0.04400187497958541
12,1,True,0,12,0,3,0,edge__adversarial-spatial__69,edge__adversarial-spatial,15,,18,15,314,,bounded_transverse_width,,,,0.03847299999999976,15,,0,0,,,,,,,0,0,,3,48,0,4,3,294,width40_f015_22,[],22970.070558720483,0,,0.0,,False,0,428.1342737333333,"[2, 3, 4, 5, 6, 7, 8, 9, 10, 11, 12, 13, 14, 16, 18]",30.0,4,69,,13,6,14,3,26,15,ordinary,22,full_coverage_and_all_discovered_cleared,274,6422.014106,40.0,constant,,0.03849437501048669
12,1,True,0,12,0,3,0,edge__adversarial-spatial__69,edge__adversarial-spatial,15,24,18,15,290,,bounded_transverse_width,,base,0,0.03831599999999824,15,,0,0,,,,,,False,0,0,24,3,48,0,4,3,270,range_width015,[],22970.070558720483,0,,0.0,,False,0,418.5342737333333,"[2, 3, 4, 5, 6, 7, 8, 9, 10, 11, 12, 13, 14, 16, 18]",30.0,4,69,1.0,13,6,14,3,26,15,ordinary,22,full_coverage_and_all_discovered_cleared,250,6278.014106,40.0,constant,,0.038339291990268975
12,1,True,0,12,0,3,0,edge__adversarial-spatial__69,edge__adversarial-spatial,15,24,18,15,290,,bounded_transverse_width,,base,0,0.03900900000000007,15,,0,0,,,24,0,24,False,0,0,24,3,48,0,4,3,270,faithful_width015,[],22970.070558720483,0,,0.0,,False,0,418.5342737333333,"[2, 3, 4, 5, 6, 7, 8, 9, 10, 11, 12, 13, 14, 16, 18]",30.0,4,69,1.0,13,6,14,3,26,15,ordinary,22,full_coverage_and_all_discovered_cleared,250,6278.014106,40.0,constant,,0.039067332982085645
23,2,True,0,23,0,3,0,edge__adversarial-spatial__69,edge__adversarial-spatial,15,0,18,15,304,,bounded_transverse_width,,arc,58,0.05372199999999694,15,cached_distance_prefix_sum,0,0,,,,,,False,0,0,0,10,0,0,4,3,284,arc05_noskip_width015,[],24108.889531287412,0,,0.0,,False,0,438.98519359999995,"[2, 3, 4, 5, 6, 7, 8, 9, 10, 11, 12, 13, 14, 16, 18]",30.0,4,69,0.5,11,2,15,10,36,15,ordinary,22,full_coverage_and_all_discovered_cleared,259,6584.777904,40.0,constant,,0.0537320000003092
23,2,True,0,23,0,3,0,edge__adversarial-spatial__69,edge__adversarial-spatial,15,3,18,15,301,,bounded_transverse_width,,arc,58,0.05421100000000223,15,cached_distance_prefix_sum,0,0,,,,,,False,0,0,3,10,0,0,4,3,281,fast_arc05_width015,[],24108.889531287412,0,,0.0,,False,0,437.78519359999996,"[2, 3, 4, 5, 6, 7, 8, 9, 10, 11, 12, 13, 14, 16, 18]",30.0,4,69,0.5,11,2,15,10,36,15,ordinary,22,full_coverage_and_all_discovered_cleared,256,6566.777904,40.0,constant,,0.05428595800185576
23,2,True,0,23,0,3,0,edge__adversarial-spatial__69,edge__adversarial-spatial,15,3,18,15,301,,bounded_transverse_width,,arc,58,0.05372800000000311,15,cached_distance_prefix_sum,0,0,,,3,0,3,False,0,0,3,10,0,0,4,3,281,faithful_arc05_width015,[],24108.889531287412,0,,0.0,,False,0,437.78519359999996,"[2, 3, 4, 5, 6, 7, 8, 9, 10, 11, 12, 13, 14, 16, 18]",30.0,4,69,0.5,11,2,15,10,36,15,ordinary,22,full_coverage_and_all_discovered_cleared,256,6566.777904,40.0,constant,,0.05377804097952321
6,0,True,0,6,1,1,0,edge__adversarial-spatial__69,edge__adversarial-spatial,14,0,15,15,302,,bounded_transverse_width,,locked,43,0.04499500000000012,15,cached_distance_prefix_sum,0,0,,,,,,True,0,0,0,4,0,0,2,2,285,locked_noskip_width015,[],20627.559186793704,0,,0.0,,False,0,392.6341223333333,"[2, 3, 4, 5, 6, 7, 8, 9, 10, 11, 12, 13, 14, 16, 18]",30.0,4,69,1.0,14,8,52,4,21,15,ordinary,22,full_coverage_and_all_discovered_cleared,264,5889.511835,40.0,constant,,0.04502516699722037
6,0,True,0,6,1,1,0,edge__adversarial-spatial__69,edge__adversarial-spatial,14,50,15,15,252,,bounded_transverse_width,,locked,43,0.04392299999999949,15,cached_distance_prefix_sum,0,0,,,,,,True,0,0,50,4,0,0,2,2,235,fast_locked_width015,[],20627.559186793704,0,,0.0,,False,0,372.6341223333333,"[2, 3, 4, 5, 6, 7, 8, 9, 10, 11, 12, 13, 14, 16, 18]",30.0,4,69,1.0,14,8,52,4,21,15,ordinary,22,full_coverage_and_all_discovered_cleared,214,5589.511835,40.0,constant,,0.04395504097919911
6,0,True,0,6,1,1,0,edge__adversarial-spatial__69,edge__adversarial-spatial,14,50,15,15,252,,bounded_transverse_width,,locked,43,0.044901000000002966,15,cached_distance_prefix_sum,0,0,,,50,0,50,True,0,0,50,4,0,0,2,2,235,faithful_locked_width015,[],20627.559186793704,0,,0.0,,False,0,372.6341223333333,"[2, 3, 4, 5, 6, 7, 8, 9, 10, 11, 12, 13, 14, 16, 18]",30.0,4,69,1.0,14,8,52,4,21,15,ordinary,22,full_coverage_and_all_discovered_cleared,214,5589.511835,40.0,constant,,0.04499095800565556
11,0,True,0,11,0,1,0,edge__adversarial-spatial__70,edge__adversarial-spatial,10,,11,10,327,,bounded_transverse_width,,,,0.027224999999997834,10,,0,0,,,,,,,0,0,,6,43,0,3,3,314,width40_f015_22,[],20889.783726604215,0,,0.0,,False,0,609.1956743,"[2, 3, 5, 10, 11, 13, 15, 16, 19, 20]",30.0,4,70,,1,0,5,7,21,10,ordinary,22,full_coverage_and_all_discovered_cleared,291,6091.956743,40.0,constant,,0.027224083023611456
11,0,True,0,11,0,1,0,edge__adversarial-spatial__70,edge__adversarial-spatial,10,0,11,10,327,,bounded_transverse_width,,base,0,0.027176000000000755,10,,0,0,,,,,,False,0,0,0,6,43,0,3,3,314,range_width015,[],20889.783726604215,0,,0.0,,False,0,609.1956743,"[2, 3, 5, 10, 11, 13, 15, 16, 19, 20]",30.0,4,70,1.0,1,0,5,7,21,10,ordinary,22,full_coverage_and_all_discovered_cleared,291,6091.956743,40.0,constant,,0.027208167011849582
11,0,True,0,11,0,1,0,edge__adversarial-spatial__70,edge__adversarial-spatial,10,0,11,10,327,,bounded_transverse_width,,base,0,0.027264999999999873,10,,0,0,,,0,0,0,False,0,0,0,6,43,0,3,3,314,faithful_width015,[],20889.783726604215,0,,0.0,,False,0,609.1956743,"[2, 3, 5, 10, 11, 13, 15, 16, 19, 20]",30.0,4,70,1.0,1,0,5,7,21,10,ordinary,22,full_coverage_and_all_discovered_cleared,291,6091.956743,40.0,constant,,0.027291250007692724
20,1,True,0,20,0,4,0,edge__adversarial-spatial__70,edge__adversarial-spatial,10,0,14,10,338,,bounded_transverse_width,,arc,51,0.03535700000000119,10,cached_distance_prefix_sum,0,0,,,,,,False,0,0,0,7,0,0,4,3,322,arc05_noskip_width015,[],20402.679621999338,0,,0.0,,False,0,605.1535925999999,"[2, 3, 5, 10, 11, 13, 15, 16, 19, 20]",30.0,4,70,0.5,2,1,14,10,29,10,ordinary,22,full_coverage_and_all_discovered_cleared,299,6051.535926,40.0,constant,,0.035398999985773116
20,1,True,0,20,0,4,0,edge__adversarial-spatial__70,edge__adversarial-spatial,10,0,14,10,338,,bounded_transverse_width,,arc,51,0.036223000000003225,10,cached_distance_prefix_sum,0,0,,,,,,False,0,0,0,7,0,0,4,3,322,fast_arc05_width015,[],20402.679621999338,0,,0.0,,False,0,605.1535925999999,"[2, 3, 5, 10, 11, 13, 15, 16, 19, 20]",30.0,4,70,0.5,2,1,14,10,29,10,ordinary,22,full_coverage_and_all_discovered_cleared,299,6051.535926,40.0,constant,,0.03659316600533202
20,1,True,0,20,0,4,0,edge__adversarial-spatial__70,edge__adversarial-spatial,10,0,14,10,338,,bounded_transverse_width,,arc,51,0.03514000000000195,10,cached_distance_prefix_sum,0,0,,,0,0,0,False,0,0,0,7,0,0,4,3,322,faithful_arc05_width015,[],20402.679621999338,0,,0.0,,False,0,605.1535925999999,"[2, 3, 5, 10, 11, 13, 15, 16, 19, 20]",30.0,4,70,0.5,2,1,14,10,29,10,ordinary,22,full_coverage_and_all_discovered_cleared,299,6051.535926,40.0,constant,,0.035174084012396634
6,0,True,0,6,0,0,0,edge__adversarial-spatial__70,edge__adversarial-spatial,10,0,10,10,380,,bounded_transverse_width,,locked,38,0.03211000000000297,10,cached_distance_prefix_sum,0,0,,,,,,True,0,0,0,2,0,0,2,2,368,locked_noskip_width015,[],19769.075070448125,0,,0.0,,False,0,618.8815013999999,"[2, 3, 5, 10, 11, 13, 15, 16, 19, 20]",30.0,4,70,1.0,4,7,13,2,16,10,ordinary,22,full_coverage_and_all_discovered_cleared,345,6188.815014,40.0,constant,,0.03212783398339525
6,0,True,0,6,0,0,0,edge__adversarial-spatial__70,edge__adversarial-spatial,10,44,10,10,336,,bounded_transverse_width,,locked,38,0.03108800000000045,10,cached_distance_prefix_sum,0,0,,,,,,True,0,0,44,2,0,0,2,2,324,fast_locked_width015,[],19769.075070448125,0,,0.0,,False,0,592.5815014,"[2, 3, 5, 10, 11, 13, 15, 16, 19, 20]",30.0,4,70,1.0,4,7,13,2,16,10,ordinary,22,full_coverage_and_all_discovered_cleared,302,5925.815014,40.0,constant,,0.03115262498613447
6,0,True,0,6,0,0,0,edge__adversarial-spatial__70,edge__adversarial-spatial,10,39,10,10,341,,bounded_transverse_width,,locked,38,0.03149399999999858,10,cached_distance_prefix_sum,0,0,,,39,5,39,True,0,0,39,2,0,0,2,2,329,faithful_locked_width015,[],19769.075070448125,0,,0.0,,False,0,595.8815013999999,"[2, 3, 5, 10, 11, 13, 15, 16, 19, 20]",30.0,4,70,1.0,4,7,13,2,16,10,ordinary,22,full_coverage_and_all_discovered_cleared,310,5958.815014,40.0,constant,,0.03152408398455009
20,5,True,0,20,0,1,1,edge__adversarial-spatial__71,edge__adversarial-spatial,12,,13,12,341,,bounded_transverse_width,,,,0.03128799999999998,12,,0,0,,,,,,,0,0,,4,50,0,4,3,326,width40_f015_22,[],22120.83671002286,0,,0.0,,False,0,534.4306116666667,"[1, 2, 4, 5, 7, 9, 10, 13, 17, 18, 19, 20]",30.0,4,71,,5,0,17,4,28,12,ordinary,22,full_coverage_and_all_discovered_cleared,296,6413.16734,40.0,constant,,0.03130366699770093
20,5,True,0,20,0,1,1,edge__adversarial-spatial__71,edge__adversarial-spatial,12,1,13,12,340,,bounded_transverse_width,,base,0,0.031855999999997664,12,,0,0,,,,,,False,0,0,1,4,50,0,4,3,325,range_width015,[],22120.83671002286,0,,0.0,,False,0,533.9306116666667,"[1, 2, 4, 5, 7, 9, 10, 13, 17, 18, 19, 20]",30.0,4,71,1.0,5,0,17,4,28,12,ordinary,22,full_coverage_and_all_discovered_cleared,295,6407.16734,40.0,constant,,0.03187216602964327
20,5,True,0,20,0,1,1,edge__adversarial-spatial__71,edge__adversarial-spatial,12,1,13,12,340,,bounded_transverse_width,,base,0,0.03204000000000207,12,,0,0,,,1,0,1,False,0,0,1,4,50,0,4,3,325,faithful_width015,[],22120.83671002286,0,,0.0,,False,0,533.9306116666667,"[1, 2, 4, 5, 7, 9, 10, 13, 17, 18, 19, 20]",30.0,4,71,1.0,5,0,17,4,28,12,ordinary,22,full_coverage_and_all_discovered_cleared,295,6407.16734,40.0,constant,,0.032092667010147125
21,5,True,0,21,0,1,1,edge__adversarial-spatial__71,edge__adversarial-spatial,12,0,13,12,341,,bounded_transverse_width,,arc,51,0.034591999999999956,12,cached_distance_prefix_sum,0,0,,,,,,False,0,0,0,5,0,0,4,3,326,arc05_noskip_width015,[],21985.73564853843,0,,0.0,,False,0,532.2622608333334,"[1, 2, 4, 5, 7, 9, 10, 13, 17, 18, 19, 20]",30.0,4,71,0.5,4,0,17,5,29,12,ordinary,22,full_coverage_and_all_discovered_cleared,297,6387.14713,40.0,constant,,0.0346458749845624
21,5,True,0,21,0,1,1,edge__adversarial-spatial__71,edge__adversarial-spatial,12,1,13,12,340,,bounded_transverse_width,,arc,51,0.034705999999999904,12,cached_distance_prefix_sum,0,0,,,,,,False,0,0,1,5,0,0,4,3,325,fast_arc05_width015,[],21985.73564853843,0,,0.0,,False,0,531.7622608333334,"[1, 2, 4, 5, 7, 9, 10, 13, 17, 18, 19, 20]",30.0,4,71,0.5,4,0,17,5,29,12,ordinary,22,full_coverage_and_all_discovered_cleared,296,6381.14713,40.0,constant,,0.03472900000633672
21,5,True,0,21,0,1,1,edge__adversarial-spatial__71,edge__adversarial-spatial,12,1,13,12,340,,bounded_transverse_width,,arc,51,0.034932000000001295,12,cached_distance_prefix_sum,0,0,,,1,0,1,False,0,0,1,5,0,0,4,3,325,faithful_arc05_width015,[],21985.73564853843,0,,0.0,,False,0,531.7622608333334,"[1, 2, 4, 5, 7, 9, 10, 13, 17, 18, 19, 20]",30.0,4,71,0.5,4,0,17,5,29,12,ordinary,22,full_coverage_and_all_discovered_cleared,296,6381.14713,40.0,constant,,0.03495112498058006
17,6,True,0,17,0,0,2,edge__adversarial-spatial__71,edge__adversarial-spatial,12,0,12,12,320,,bounded_transverse_width,,locked,47,0.0350149999999978,12,cached_distance_prefix_sum,0,0,,,,,,True,0,0,0,4,0,0,4,2,306,locked_noskip_width015,[],21027.973955994166,0,,0.0,,False,0,506.3828990833333,"[1, 2, 4, 5, 7, 9, 10, 13, 17, 18, 19, 20]",30.0,4,71,1.0,7,4,43,4,25,12,ordinary,22,full_coverage_and_all_discovered_cleared,281,6076.594789,40.0,constant,,0.03508754202630371
17,6,True,0,17,0,0,2,edge__adversarial-spatial__71,edge__adversarial-spatial,12,18,12,12,302,,bounded_transverse_width,,locked,47,0.03456200000000109,12,cached_distance_prefix_sum,0,0,,,,,,True,0,0,18,4,0,0,4,2,288,fast_locked_width015,[],21027.973955994166,0,,0.0,,False,0,497.3828990833333,"[1, 2, 4, 5, 7, 9, 10, 13, 17, 18, 19, 20]",30.0,4,71,1.0,7,4,43,4,25,12,ordinary,22,full_coverage_and_all_discovered_cleared,263,5968.594789,40.0,constant,,0.034657916985452175
17,6,True,0,17,0,0,2,edge__adversarial-spatial__71,edge__adversarial-spatial,12,18,12,12,302,,bounded_transverse_width,,locked,47,0.03469600000000028,12,cached_distance_prefix_sum,0,0,,,18,0,18,True,0,0,18,4,0,0,4,2,288,faithful_locked_width015,[],21027.973955994166,0,,0.0,,False,0,497.3828990833333,"[1, 2, 4, 5, 7, 9, 10, 13, 17, 18, 19, 20]",30.0,4,71,1.0,7,4,43,4,25,12,ordinary,22,full_coverage_and_all_discovered_cleared,263,5968.594789,40.0,constant,,0.034709082974586636
14,2,True,0,14,2,2,0,clustered__iid__67,clustered__iid,8,,10,10,327,,bounded_transverse_width,,,,0.0292570000000012,10,,0,0,,,,,,,0,0,,4,44,0,5,3,315,width40_f015_22,[],21840.49330334998,0,,0.0,,False,0,628.4098656,"[4, 5, 7, 8, 9, 10, 14, 15, 18, 19]",30.0,4,67,,10,2,16,4,22,10,ordinary,22,full_coverage_and_all_discovered_cleared,291,6284.098656,40.0,constant,,0.0292742500314489
14,2,True,0,14,2,2,0,clustered__iid__67,clustered__iid,8,21,10,10,306,,bounded_transverse_width,,base,0,0.02904299999999793,10,,0,0,,,,,,False,0,0,21,4,44,0,5,3,294,range_width015,[],21840.49330334998,0,,0.0,,False,0,615.9098656,"[4, 5, 7, 8, 9, 10, 14, 15, 18, 19]",30.0,4,67,1.0,10,2,16,4,22,10,ordinary,22,full_coverage_and_all_discovered_cleared,271,6159.098656,40.0,constant,,0.029066957999020815
14,2,True,0,14,2,2,0,clustered__iid__67,clustered__iid,8,18,10,10,309,,bounded_transverse_width,,base,0,0.029303999999999775,10,,0,0,,,18,3,18,False,0,0,18,4,44,0,5,3,297,faithful_width015,[],21840.49330334998,0,,0.0,,False,0,617.8098656,"[4, 5, 7, 8, 9, 10, 14, 15, 18, 19]",30.0,4,67,1.0,10,2,16,4,22,10,ordinary,22,full_coverage_and_all_discovered_cleared,275,6178.098656,40.0,constant,,0.029351750039495528
13,1,True,0,13,3,4,0,clustered__iid__67,clustered__iid,7,0,11,10,304,,bounded_transverse_width,,arc,44,0.03131300000000081,10,cached_distance_prefix_sum,0,0,,,,,,False,0,0,0,6,0,0,4,3,291,arc05_noskip_width015,[],20433.994510768993,0,,0.0,,False,0,586.5798901000001,"[4, 5, 7, 8, 9, 10, 14, 15, 18, 19]",30.0,4,67,0.5,10,0,0,6,22,10,ordinary,22,full_coverage_and_all_discovered_cleared,271,5865.798901,40.0,constant,,0.03137229097774252
13,1,True,0,13,3,4,0,clustered__iid__67,clustered__iid,7,0,11,10,304,,bounded_transverse_width,,arc,44,0.031200999999999368,10,cached_distance_prefix_sum,0,0,,,,,,False,0,0,0,6,0,0,4,3,291,fast_arc05_width015,[],20433.994510768993,0,,0.0,,False,0,586.5798901000001,"[4, 5, 7, 8, 9, 10, 14, 15, 18, 19]",30.0,4,67,0.5,10,0,0,6,22,10,ordinary,22,full_coverage_and_all_discovered_cleared,271,5865.798901,40.0,constant,,0.031215084018185735
13,1,True,0,13,3,4,0,clustered__iid__67,clustered__iid,7,0,11,10,304,,bounded_transverse_width,,arc,44,0.030941000000002106,10,cached_distance_prefix_sum,0,0,,,0,0,0,False,0,0,0,6,0,0,4,3,291,faithful_arc05_width015,[],20433.994510768993,0,,0.0,,False,0,586.5798901000001,"[4, 5, 7, 8, 9, 10, 14, 15, 18, 19]",30.0,4,67,0.5,10,0,0,6,22,10,ordinary,22,full_coverage_and_all_discovered_cleared,271,5865.798901,40.0,constant,,0.030975749948993325
13,1,True,0,13,0,0,0,clustered__iid__67,clustered__iid,10,0,10,10,322,,bounded_transverse_width,,locked,44,0.02887100000000231,10,cached_distance_prefix_sum,0,0,,,,,,True,0,0,0,3,0,0,4,3,310,locked_noskip_width015,[],21759.105688019386,0,,0.0,,False,0,623.7821135,"[4, 5, 7, 8, 9, 10, 14, 15, 18, 19]",30.0,4,67,1.0,9,1,12,3,22,10,ordinary,22,full_coverage_and_all_discovered_cleared,286,6237.821135,40.0,constant,,0.028870084031950682
13,1,True,0,13,0,0,0,clustered__iid__67,clustered__iid,10,20,10,10,302,,bounded_transverse_width,,locked,44,0.02873599999999854,10,cached_distance_prefix_sum,0,0,,,,,,True,0,0,20,3,0,0,4,3,290,fast_locked_width015,[],21759.105688019386,0,,0.0,,False,0,611.7821135,"[4, 5, 7, 8, 9, 10, 14, 15, 18, 19]",30.0,4,67,1.0,9,1,12,3,22,10,ordinary,22,full_coverage_and_all_discovered_cleared,266,6117.821135,40.0,constant,,0.028784082969650626
13,1,True,0,13,0,0,0,clustered__iid__67,clustered__iid,10,17,10,10,305,,bounded_transverse_width,,locked,44,0.02871099999999771,10,cached_distance_prefix_sum,0,0,,,17,3,17,True,0,0,17,3,0,0,4,3,293,faithful_locked_width015,[],21759.105688019386,0,,0.0,,False,0,613.9821135,"[4, 5, 7, 8, 9, 10, 14, 15, 18, 19]",30.0,4,67,1.0,9,1,12,3,22,10,ordinary,22,full_coverage_and_all_discovered_cleared,273,6139.821135,40.0,constant,,0.02871124999364838
6,1,True,0,6,6,7,0,clustered__iid__68,clustered__iid,9,,16,15,322,,bounded_transverse_width,,,,0.04079899999999981,15,,0,0,,,,,,,0,0,,2,42,0,2,1,304,width40_f015_22,[],22103.062805175992,0,,0.0,,False,0,419.90750380000003,"[2, 4, 5, 6, 8, 9, 11, 12, 13, 14, 15, 16, 17, 19, 20]",30.0,4,68,,37,7,15,2,20,15,ordinary,22,full_coverage_and_all_discovered_cleared,280,6298.612557,40.0,constant,,0.04082716698758304
6,1,True,0,6,6,7,0,clustered__iid__68,clustered__iid,9,74,16,15,248,,bounded_transverse_width,,base,0,0.038920000000000954,15,,0,0,,,,,,False,0,0,74,2,42,0,2,1,230,range_width015,[],22103.062805175992,0,,0.0,,False,0,390.37417046666667,"[2, 4, 5, 6, 8, 9, 11, 12, 13, 14, 15, 16, 17, 19, 20]",30.0,4,68,1.0,37,7,15,2,20,15,ordinary,22,full_coverage_and_all_discovered_cleared,207,5855.612557,40.0,constant,,0.03894429199863225
6,1,True,0,6,6,7,0,clustered__iid__68,clustered__iid,9,68,16,15,254,,bounded_transverse_width,,base,0,0.038991000000002884,15,,0,0,,,68,6,68,False,0,0,68,2,42,0,2,1,236,faithful_width015,[],22103.062805175992,0,,0.0,,False,0,393.1741704666667,"[2, 4, 5, 6, 8, 9, 11, 12, 13, 14, 15, 16, 17, 19, 20]",30.0,4,68,1.0,37,7,15,2,20,15,ordinary,22,full_coverage_and_all_discovered_cleared,219,5897.612557,40.0,constant,,0.039065124990884215
16,1,True,0,16,2,2,0,clustered__iid__68,clustered__iid,13,0,15,15,262,,bounded_transverse_width,,arc,52,0.06575600000000037,15,cached_distance_prefix_sum,0,0,,,,,,False,0,0,0,7,0,0,3,2,245,arc05_noskip_width015,[],21767.987853408988,0,,0.0,,False,0,391.8398378666667,"[2, 4, 5, 6, 8, 9, 11, 12, 13, 14, 15, 16, 17, 19, 20]",30.0,4,68,0.5,21,4,44,9,30,15,ordinary,22,full_coverage_and_all_discovered_cleared,224,5877.597568,40.0,constant,,0.06579237501136959
16,1,True,0,16,2,2,0,clustered__iid__68,clustered__iid,13,40,15,15,222,,bounded_transverse_width,,arc,52,0.06516700000000242,15,cached_distance_prefix_sum,0,0,,,,,,False,0,0,40,7,0,0,3,2,205,fast_arc05_width015,[],21767.987853408988,0,,0.0,,False,0,375.8398378666667,"[2, 4, 5, 6, 8, 9, 11, 12, 13, 14, 15, 16, 17, 19, 20]",30.0,4,68,0.5,21,4,44,9,30,15,ordinary,22,full_coverage_and_all_discovered_cleared,184,5637.597568,40.0,constant,,0.06523066700901836
16,1,True,0,16,2,2,0,clustered__iid__68,clustered__iid,13,37,15,15,225,,bounded_transverse_width,,arc,52,0.06588600000000255,15,cached_distance_prefix_sum,0,0,,,37,3,37,False,0,0,37,7,0,0,3,2,208,faithful_arc05_width015,[],21767.987853408988,0,,0.0,,False,0,377.30650453333334,"[2, 4, 5, 6, 8, 9, 11, 12, 13, 14, 15, 16, 17, 19, 20]",30.0,4,68,0.5,21,4,44,9,30,15,ordinary,22,full_coverage_and_all_discovered_cleared,191,5659.597568,40.0,constant,,0.06595329201081768
17,3,True,0,17,1,2,0,clustered__iid__68,clustered__iid,14,0,16,15,316,,bounded_transverse_width,,locked,51,0.041502999999998735,15,cached_distance_prefix_sum,0,0,,,,,,True,0,0,0,3,0,0,3,2,298,locked_noskip_width015,[],21590.254831947525,0,,0.0,,False,0,410.53673086666663,"[2, 4, 5, 6, 8, 9, 11, 12, 13, 14, 15, 16, 17, 19, 20]",30.0,4,68,1.0,28,12,25,3,29,15,ordinary,22,full_coverage_and_all_discovered_cleared,272,6158.050963,40.0,constant,,0.04152512497967109
17,3,True,0,17,1,2,0,clustered__iid__68,clustered__iid,14,45,16,15,271,,bounded_transverse_width,,locked,51,0.04055699999999973,15,cached_distance_prefix_sum,0,0,,,,,,True,0,0,45,3,0,0,3,2,253,fast_locked_width015,[],21590.254831947525,0,,0.0,,False,0,392.53673086666663,"[2, 4, 5, 6, 8, 9, 11, 12, 13, 14, 15, 16, 17, 19, 20]",30.0,4,68,1.0,28,12,25,3,29,15,ordinary,22,full_coverage_and_all_discovered_cleared,227,5888.050963,40.0,constant,,0.04059108399087563
17,3,True,0,17,1,2,0,clustered__iid__68,clustered__iid,14,41,16,15,275,,bounded_transverse_width,,locked,51,0.04123700000000241,15,cached_distance_prefix_sum,0,0,,,41,4,41,True,0,0,41,3,0,0,3,2,257,faithful_locked_width015,[],21590.254831947525,0,,0.0,,False,0,394.47006419999997,"[2, 4, 5, 6, 8, 9, 11, 12, 13, 14, 15, 16, 17, 19, 20]",30.0,4,68,1.0,28,12,25,3,29,15,ordinary,22,full_coverage_and_all_discovered_cleared,236,5917.050963,40.0,constant,,0.04143704200396314
2,1,True,0,2,4,4,0,clustered__iid__69,clustered__iid,11,,15,15,280,,bounded_transverse_width,,,,0.04343300000000028,15,,0,0,,,,,,,0,0,,0,38,0,2,1,263,width40_f015_22,[],19854.85725483137,0,,0.0,,False,0,373.5314297333333,"[2, 3, 4, 5, 6, 7, 8, 9, 10, 11, 12, 13, 14, 16, 18]",30.0,4,69,,11,2,55,0,16,15,ordinary,22,full_coverage_and_all_discovered_cleared,242,5602.971446,40.0,constant,,0.04344191699055955
2,1,True,0,2,4,4,0,clustered__iid__69,clustered__iid,11,42,15,15,238,,bounded_transverse_width,,base,0,0.04294099999999901,15,,0,0,,,,,,False,0,0,42,0,38,0,2,1,221,range_width015,[],19854.85725483137,0,,0.0,,False,0,356.7314297333333,"[2, 3, 4, 5, 6, 7, 8, 9, 10, 11, 12, 13, 14, 16, 18]",30.0,4,69,1.0,11,2,55,0,16,15,ordinary,22,full_coverage_and_all_discovered_cleared,200,5350.971446,40.0,constant,,0.042996459000278264
2,1,True,0,2,4,4,0,clustered__iid__69,clustered__iid,11,42,15,15,238,,bounded_transverse_width,,base,0,0.042842999999997744,15,,0,0,,,42,0,42,False,0,0,42,0,38,0,2,1,221,faithful_width015,[],19854.85725483137,0,,0.0,,False,0,356.7314297333333,"[2, 3, 4, 5, 6, 7, 8, 9, 10, 11, 12, 13, 14, 16, 18]",30.0,4,69,1.0,11,2,55,0,16,15,ordinary,22,full_coverage_and_all_discovered_cleared,200,5350.971446,40.0,constant,,0.04288424999685958
14,1,True,0,14,2,2,0,clustered__iid__69,clustered__iid,13,0,15,15,216,,bounded_transverse_width,,arc,50,0.05936900000000023,15,cached_distance_prefix_sum,0,0,,,,,,False,0,0,0,8,0,0,3,2,199,arc05_noskip_width015,[],22350.081562915955,0,,0.0,,False,0,381.00108713333333,"[2, 3, 4, 5, 6, 7, 8, 9, 10, 11, 12, 13, 14, 16, 18]",30.0,4,69,0.5,30,0,0,8,28,15,ordinary,22,full_coverage_and_all_discovered_cleared,175,5715.016307,40.0,constant,,0.05937866703607142
14,1,True,0,14,2,2,0,clustered__iid__69,clustered__iid,13,0,15,15,216,,bounded_transverse_width,,arc,50,0.05987999999999971,15,cached_distance_prefix_sum,0,0,,,,,,False,0,0,0,8,0,0,3,2,199,fast_arc05_width015,[],22350.081562915955,0,,0.0,,False,0,381.00108713333333,"[2, 3, 4, 5, 6, 7, 8, 9, 10, 11, 12, 13, 14, 16, 18]",30.0,4,69,0.5,30,0,0,8,28,15,ordinary,22,full_coverage_and_all_discovered_cleared,175,5715.016307,40.0,constant,,0.05993666598806158
14,1,True,0,14,2,2,0,clustered__iid__69,clustered__iid,13,0,15,15,216,,bounded_transverse_width,,arc,50,0.05978199999999845,15,cached_distance_prefix_sum,0,0,,,0,0,0,False,0,0,0,8,0,0,3,2,199,faithful_arc05_width015,[],22350.081562915955,0,,0.0,,False,0,381.00108713333333,"[2, 3, 4, 5, 6, 7, 8, 9, 10, 11, 12, 13, 14, 16, 18]",30.0,4,69,0.5,30,0,0,8,28,15,ordinary,22,full_coverage_and_all_discovered_cleared,175,5715.016307,40.0,constant,,0.05989575001876801
5,0,True,0,5,6,6,0,clustered__iid__69,clustered__iid,9,0,15,15,218,,bounded_transverse_width,,locked,42,0.041145999999997684,15,cached_distance_prefix_sum,0,0,,,,,,True,0,0,0,5,0,0,1,1,201,locked_noskip_width015,[],20659.710671870067,0,,0.0,,False,0,359.2628087333333,"[2, 3, 4, 5, 6, 7, 8, 9, 10, 11, 12, 13, 14, 16, 18]",30.0,4,69,1.0,23,4,18,5,20,15,ordinary,22,full_coverage_and_all_discovered_cleared,177,5388.942131,40.0,constant,,0.041150292032398283
5,0,True,0,5,6,6,0,clustered__iid__69,clustered__iid,9,2,15,15,216,,bounded_transverse_width,,locked,42,0.04084999999999894,15,cached_distance_prefix_sum,0,0,,,,,,True,0,0,2,5,0,0,1,1,199,fast_locked_width015,[],20659.710671870067,0,,0.0,,False,0,358.4628087333333,"[2, 3, 4, 5, 6, 7, 8, 9, 10, 11, 12, 13, 14, 16, 18]",30.0,4,69,1.0,23,4,18,5,20,15,ordinary,22,full_coverage_and_all_discovered_cleared,175,5376.942131,40.0,constant,,0.04091045801760629
5,0,True,0,5,6,6,0,clustered__iid__69,clustered__iid,9,2,15,15,216,,bounded_transverse_width,,locked,42,0.041050999999999505,15,cached_distance_prefix_sum,0,0,,,2,0,2,True,0,0,2,5,0,0,1,1,199,faithful_locked_width015,[],20659.710671870067,0,,0.0,,False,0,358.4628087333333,"[2, 3, 4, 5, 6, 7, 8, 9, 10, 11, 12, 13, 14, 16, 18]",30.0,4,69,1.0,23,4,18,5,20,15,ordinary,22,full_coverage_and_all_discovered_cleared,175,5376.942131,40.0,constant,,0.04106979101197794
1,0,True,0,1,4,4,0,clustered__iid__70,clustered__iid,6,,10,10,405,,bounded_transverse_width,,,,0.029140999999999195,10,,0,0,,,,,,,0,0,,0,33,0,1,1,393,width40_f015_22,[],19596.376991464967,0,,0.0,,False,0,630.6275392,"[2, 3, 5, 10, 11, 13, 15, 16, 19, 20]",30.0,4,70,,5,1,20,0,11,10,ordinary,22,full_coverage_and_all_discovered_cleared,372,6306.275392,40.0,constant,,0.029141250008251518
1,0,True,0,1,4,4,0,clustered__iid__70,clustered__iid,6,41,10,10,364,,bounded_transverse_width,,base,0,0.02871499999999827,10,,0,0,,,,,,False,0,0,41,0,33,0,1,1,352,range_width015,[],19596.376991464967,0,,0.0,,False,0,606.0275392,"[2, 3, 5, 10, 11, 13, 15, 16, 19, 20]",30.0,4,70,1.0,5,1,20,0,11,10,ordinary,22,full_coverage_and_all_discovered_cleared,331,6060.275392,40.0,constant,,0.028722000017296523
1,0,True,0,1,4,4,0,clustered__iid__70,clustered__iid,6,37,10,10,368,,bounded_transverse_width,,base,0,0.029250999999998584,10,,0,0,,,37,4,37,False,0,0,37,0,33,0,1,1,356,faithful_width015,[],19596.376991464967,0,,0.0,,False,0,608.9275392,"[2, 3, 5, 10, 11, 13, 15, 16, 19, 20]",30.0,4,70,1.0,5,1,20,0,11,10,ordinary,22,full_coverage_and_all_discovered_cleared,340,6089.275392,40.0,constant,,0.029265583027154207
16,2,True,0,16,0,0,0,clustered__iid__70,clustered__iid,10,0,10,10,329,,bounded_transverse_width,,arc,46,0.04094000000000264,10,cached_distance_prefix_sum,0,0,,,,,,False,0,0,0,5,0,0,4,3,317,arc05_noskip_width015,[],21358.290608199986,0,,0.0,,False,0,619.7658117,"[2, 3, 5, 10, 11, 13, 15, 16, 19, 20]",30.0,4,70,0.5,12,0,1,5,24,10,ordinary,22,full_coverage_and_all_discovered_cleared,291,6197.658117,40.0,constant,,0.04098925000289455
16,2,True,0,16,0,0,0,clustered__iid__70,clustered__iid,10,12,10,10,317,,bounded_transverse_width,,arc,46,0.045700000000000074,10,cached_distance_prefix_sum,0,0,,,,,,False,0,0,12,5,0,0,4,3,305,fast_arc05_width015,[],21358.290608199986,0,,0.0,,False,0,612.5658117,"[2, 3, 5, 10, 11, 13, 15, 16, 19, 20]",30.0,4,70,0.5,12,0,1,5,24,10,ordinary,22,full_coverage_and_all_discovered_cleared,279,6125.658117,40.0,constant,,0.0457252089981921
16,2,True,0,16,0,0,0,clustered__iid__70,clustered__iid,10,12,10,10,317,,bounded_transverse_width,,arc,46,0.04131699999999938,10,cached_distance_prefix_sum,0,0,,,12,0,12,False,0,0,12,5,0,0,4,3,305,faithful_arc05_width015,[],21358.290608199986,0,,0.0,,False,0,612.5658117,"[2, 3, 5, 10, 11, 13, 15, 16, 19, 20]",30.0,4,70,0.5,12,0,1,5,24,10,ordinary,22,full_coverage_and_all_discovered_cleared,279,6125.658117,40.0,constant,,0.04134399996837601
8,1,True,0,8,1,1,0,clustered__iid__70,clustered__iid,9,0,10,10,338,,bounded_transverse_width,,locked,39,0.03322899999999862,10,cached_distance_prefix_sum,0,0,,,,,,True,0,0,0,2,0,0,3,2,326,locked_noskip_width015,[],20938.825178808685,0,,0.0,,False,0,616.9765032,"[2, 3, 5, 10, 11, 13, 15, 16, 19, 20]",30.0,4,70,1.0,12,15,3,2,17,10,ordinary,22,full_coverage_and_all_discovered_cleared,302,6169.765032,40.0,constant,,0.03327966702636331
8,1,True,0,8,1,1,0,clustered__iid__70,clustered__iid,9,22,10,10,316,,bounded_transverse_width,,locked,39,0.03251000000000204,10,cached_distance_prefix_sum,0,0,,,,,,True,0,0,22,2,0,0,3,2,304,fast_locked_width015,[],20938.825178808685,0,,0.0,,False,0,603.8765032,"[2, 3, 5, 10, 11, 13, 15, 16, 19, 20]",30.0,4,70,1.0,12,15,3,2,17,10,ordinary,22,full_coverage_and_all_discovered_cleared,281,6038.765032,40.0,constant,,0.03255187498871237
8,1,True,0,8,1,1,0,clustered__iid__70,clustered__iid,9,20,10,10,318,,bounded_transverse_width,,locked,39,0.032799999999998164,10,cached_distance_prefix_sum,0,0,,,20,2,20,True,0,0,20,2,0,0,3,2,306,faithful_locked_width015,[],20938.825178808685,0,,0.0,,False,0,605.1765032000001,"[2, 3, 5, 10, 11, 13, 15, 16, 19, 20]",30.0,4,70,1.0,12,15,3,2,17,10,ordinary,22,full_coverage_and_all_discovered_cleared,284,6051.765032,40.0,constant,,0.032813249970786273
10,1,True,0,10,3,3,0,clustered__iid__71,clustered__iid,9,,12,12,286,,bounded_transverse_width,,,,0.037371000000000265,12,,0,0,,,,,,,0,0,,2,43,0,4,3,272,width40_f015_22,[],20649.872788198576,0,,0.0,,False,0,483.33121291666663,"[1, 2, 4, 5, 7, 9, 10, 13, 17, 18, 19, 20]",30.0,4,71,,13,0,3,2,21,12,ordinary,22,full_coverage_and_all_discovered_cleared,250,5799.974555,40.0,constant,,0.037382249953225255
10,1,True,0,10,3,3,0,clustered__iid__71,clustered__iid,9,2,12,12,284,,bounded_transverse_width,,base,0,0.037389000000001005,12,,0,0,,,,,,False,0,0,2,2,43,0,4,3,270,range_width015,[],20649.872788198576,0,,0.0,,False,0,482.33121291666663,"[1, 2, 4, 5, 7, 9, 10, 13, 17, 18, 19, 20]",30.0,4,71,1.0,13,0,3,2,21,12,ordinary,22,full_coverage_and_all_discovered_cleared,248,5787.974555,40.0,constant,,0.037441166990902275
10,1,True,0,10,3,3,0,clustered__iid__71,clustered__iid,9,2,12,12,284,,bounded_transverse_width,,base,0,0.03751499999999908,12,,0,0,,,2,0,2,False,0,0,2,2,43,0,4,3,270,faithful_width015,[],20649.872788198576,0,,0.0,,False,0,482.33121291666663,"[1, 2, 4, 5, 7, 9, 10, 13, 17, 18, 19, 20]",30.0,4,71,1.0,13,0,3,2,21,12,ordinary,22,full_coverage_and_all_discovered_cleared,248,5787.974555,40.0,constant,,0.037558917014393955
16,1,True,0,16,2,2,0,clustered__iid__71,clustered__iid,10,0,12,12,270,,bounded_transverse_width,,arc,49,0.04464399999999813,12,cached_distance_prefix_sum,0,0,,,,,,False,0,0,0,5,0,0,4,3,256,arc05_noskip_width015,[],21944.40289302653,0,,0.0,,False,0,496.3233814166667,"[1, 2, 4, 5, 7, 9, 10, 13, 17, 18, 19, 20]",30.0,4,71,0.5,14,2,3,6,27,12,ordinary,22,full_coverage_and_all_discovered_cleared,227,5955.880577,40.0,constant,,0.04464829195057973
16,1,True,0,16,2,2,0,clustered__iid__71,clustered__iid,10,4,12,12,266,,bounded_transverse_width,,arc,49,0.04477000000000331,12,cached_distance_prefix_sum,0,0,,,,,,False,0,0,4,5,0,0,4,3,252,fast_arc05_width015,[],21944.40289302653,0,,0.0,,False,0,494.3233814166667,"[1, 2, 4, 5, 7, 9, 10, 13, 17, 18, 19, 20]",30.0,4,71,0.5,14,2,3,6,27,12,ordinary,22,full_coverage_and_all_discovered_cleared,223,5931.880577,40.0,constant,,0.04483054199954495
16,1,True,0,16,2,2,0,clustered__iid__71,clustered__iid,10,4,12,12,266,,bounded_transverse_width,,arc,49,0.044667000000000456,12,cached_distance_prefix_sum,0,0,,,4,0,4,False,0,0,4,5,0,0,4,3,252,faithful_arc05_width015,[],21944.40289302653,0,,0.0,,False,0,494.3233814166667,"[1, 2, 4, 5, 7, 9, 10, 13, 17, 18, 19, 20]",30.0,4,71,0.5,14,2,3,6,27,12,ordinary,22,full_coverage_and_all_discovered_cleared,223,5931.880577,40.0,constant,,0.04472570796497166
12,2,True,0,12,2,3,0,clustered__iid__71,clustered__iid,10,0,13,12,338,,bounded_transverse_width,,locked,44,0.03626200000000068,12,cached_distance_prefix_sum,0,0,,,,,,True,0,0,0,2,0,0,4,3,323,locked_noskip_width015,[],22839.6982010617,0,,0.0,,False,0,545.4949698333334,"[1, 2, 4, 5, 7, 9, 10, 13, 17, 18, 19, 20]",30.0,4,71,1.0,18,1,14,2,22,12,ordinary,22,full_coverage_and_all_discovered_cleared,300,6545.939638,40.0,constant,,0.03627033397788182
12,2,True,0,12,2,3,0,clustered__iid__71,clustered__iid,10,34,13,12,304,,bounded_transverse_width,,locked,44,0.035588999999998094,12,cached_distance_prefix_sum,0,0,,,,,,True,0,0,34,2,0,0,4,3,289,fast_locked_width015,[],22839.6982010617,0,,0.0,,False,0,528.4949698333334,"[1, 2, 4, 5, 7, 9, 10, 13, 17, 18, 19, 20]",30.0,4,71,1.0,18,1,14,2,22,12,ordinary,22,full_coverage_and_all_discovered_cleared,266,6341.939638,40.0,constant,,0.03560145798837766
12,2,True,0,12,2,3,0,clustered__iid__71,clustered__iid,10,30,13,12,308,,bounded_transverse_width,,locked,44,0.036207999999998464,12,cached_distance_prefix_sum,0,0,,,30,4,30,True,0,0,30,2,0,0,4,3,293,faithful_locked_width015,[],22839.6982010617,0,,0.0,,False,0,530.8283031666666,"[1, 2, 4, 5, 7, 9, 10, 13, 17, 18, 19, 20]",30.0,4,71,1.0,18,1,14,2,22,12,ordinary,22,full_coverage_and_all_discovered_cleared,274,6369.939638,40.0,constant,,0.03625591698801145
13,3,True,0,13,2,2,1,clustered__smooth__67,clustered__smooth,8,,10,10,341,,bounded_transverse_width,,,,0.03329699999999747,10,,0,0,,,,,,,0,0,,5,43,0,3,3,329,width40_f015_22,[],22201.384366562954,0,,0.0,,False,0,644.2276868,"[4, 5, 7, 8, 9, 10, 14, 15, 18, 19]",30.0,4,67,,12,7,31,5,21,10,ordinary,22,full_coverage_and_all_discovered_cleared,307,6442.276868,40.0,constant,,0.03336466598557308
13,3,True,0,13,2,2,1,clustered__smooth__67,clustered__smooth,8,11,10,10,330,,bounded_transverse_width,,base,0,0.032733000000000345,10,,0,0,,,,,,False,0,0,11,5,43,0,3,3,318,range_width015,[],22201.384366562954,0,,0.0,,False,0,637.6276868,"[4, 5, 7, 8, 9, 10, 14, 15, 18, 19]",30.0,4,67,1.0,12,7,31,5,21,10,ordinary,22,full_coverage_and_all_discovered_cleared,296,6376.276868,40.0,constant,,0.03273958299541846
13,3,True,0,13,2,2,1,clustered__smooth__67,clustered__smooth,8,11,10,10,330,,bounded_transverse_width,,base,0,0.033141999999998006,10,,0,0,,,11,0,11,False,0,0,11,5,43,0,3,3,318,faithful_width015,[],22201.384366562954,0,,0.0,,False,0,637.6276868,"[4, 5, 7, 8, 9, 10, 14, 15, 18, 19]",30.0,4,67,1.0,12,7,31,5,21,10,ordinary,22,full_coverage_and_all_discovered_cleared,296,6376.276868,40.0,constant,,0.03315087500959635
10,2,True,0,10,2,4,0,clustered__smooth__67,clustered__smooth,8,0,12,10,337,,bounded_transverse_width,,arc,40,0.035928999999999434,10,cached_distance_prefix_sum,0,0,,,,,,False,0,0,0,2,0,0,3,2,323,arc05_noskip_width015,[],22967.214166583857,0,,0.0,,False,0,656.4442832,"[4, 5, 7, 8, 9, 10, 14, 15, 18, 19]",30.0,4,67,0.5,14,4,14,2,18,10,ordinary,22,full_coverage_and_all_discovered_cleared,300,6564.442832,40.0,constant,,0.03594720899127424
10,2,True,0,10,2,4,0,clustered__smooth__67,clustered__smooth,8,25,12,10,312,,bounded_transverse_width,,arc,40,0.03564099999999826,10,cached_distance_prefix_sum,0,0,,,,,,False,0,0,25,2,0,0,3,2,298,fast_arc05_width015,[],22967.214166583857,0,,0.0,,False,0,641.4442832,"[4, 5, 7, 8, 9, 10, 14, 15, 18, 19]",30.0,4,67,0.5,14,4,14,2,18,10,ordinary,22,full_coverage_and_all_discovered_cleared,275,6414.442832,40.0,constant,,0.03573466598754749
10,2,True,0,10,2,4,0,clustered__smooth__67,clustered__smooth,8,25,12,10,312,,bounded_transverse_width,,arc,40,0.03625900000000115,10,cached_distance_prefix_sum,0,0,,,25,0,25,False,0,0,25,2,0,0,3,2,298,faithful_arc05_width015,[],22967.214166583857,0,,0.0,,False,0,641.4442832,"[4, 5, 7, 8, 9, 10, 14, 15, 18, 19]",30.0,4,67,0.5,14,4,14,2,18,10,ordinary,22,full_coverage_and_all_discovered_cleared,275,6414.442832,40.0,constant,,0.03627920901635662
11,2,True,0,11,3,3,0,clustered__smooth__67,clustered__smooth,7,0,10,10,330,,bounded_transverse_width,,locked,41,0.029787999999999926,10,cached_distance_prefix_sum,0,0,,,,,,True,0,0,0,5,0,0,4,3,318,locked_noskip_width015,[],21833.208316006305,0,,0.0,,False,0,630.3641660999999,"[4, 5, 7, 8, 9, 10, 14, 15, 18, 19]",30.0,4,67,1.0,12,2,12,5,19,10,ordinary,22,full_coverage_and_all_discovered_cleared,297,6303.641661,40.0,constant,,0.029791750013828278
11,2,True,0,11,3,3,0,clustered__smooth__67,clustered__smooth,7,20,10,10,310,,bounded_transverse_width,,locked,41,0.02934399999999826,10,cached_distance_prefix_sum,0,0,,,,,,True,0,0,20,5,0,0,4,3,298,fast_locked_width015,[],21833.208316006305,0,,0.0,,False,0,618.3641660999999,"[4, 5, 7, 8, 9, 10, 14, 15, 18, 19]",30.0,4,67,1.0,12,2,12,5,19,10,ordinary,22,full_coverage_and_all_discovered_cleared,277,6183.641661,40.0,constant,,0.029351375007536262
11,2,True,0,11,3,3,0,clustered__smooth__67,clustered__smooth,7,18,10,10,312,,bounded_transverse_width,,locked,41,0.02924499999999952,10,cached_distance_prefix_sum,0,0,,,18,2,18,True,0,0,18,5,0,0,4,3,300,faithful_locked_width015,[],21833.208316006305,0,,0.0,,False,0,619.7641661,"[4, 5, 7, 8, 9, 10, 14, 15, 18, 19]",30.0,4,67,1.0,12,2,12,5,19,10,ordinary,22,full_coverage_and_all_discovered_cleared,281,6197.641661,40.0,constant,,0.02927108301082626
11,4,True,0,11,2,3,0,clustered__smooth__68,clustered__smooth,13,,16,15,268,,bounded_transverse_width,,,,0.04307500000000175,15,,0,0,,,,,,,0,0,,1,44,0,4,2,250,width40_f015_22,[],21487.89062533045,0,,0.0,,False,0,390.0385414666667,"[2, 4, 5, 6, 8, 9, 11, 12, 13, 14, 15, 16, 17, 19, 20]",30.0,4,68,,26,19,3,1,22,15,ordinary,22,full_coverage_and_all_discovered_cleared,225,5850.578122,40.0,constant,,0.04317041701870039
11,4,True,0,11,2,3,0,clustered__smooth__68,clustered__smooth,13,33,16,15,235,,bounded_transverse_width,,base,0,0.042515000000001635,15,,0,0,,,,,,False,0,0,33,1,44,0,4,2,217,range_width015,[],21487.89062533045,0,,0.0,,False,0,376.83854146666664,"[2, 4, 5, 6, 8, 9, 11, 12, 13, 14, 15, 16, 17, 19, 20]",30.0,4,68,1.0,26,19,3,1,22,15,ordinary,22,full_coverage_and_all_discovered_cleared,192,5652.578122,40.0,constant,,0.042522332980297506
11,4,True,0,11,2,3,0,clustered__smooth__68,clustered__smooth,13,31,16,15,237,,bounded_transverse_width,,base,0,0.04259800000000169,15,,0,0,,,31,2,31,False,0,0,31,1,44,0,4,2,219,faithful_width015,[],21487.89062533045,0,,0.0,,False,0,377.7718748,"[2, 4, 5, 6, 8, 9, 11, 12, 13, 14, 15, 16, 17, 19, 20]",30.0,4,68,1.0,26,19,3,1,22,15,ordinary,22,full_coverage_and_all_discovered_cleared,196,5666.578122,40.0,constant,,0.042615125013981014
14,2,True,0,14,5,5,0,clustered__smooth__68,clustered__smooth,10,0,15,15,325,,bounded_transverse_width,,arc,49,0.045985999999999194,15,cached_distance_prefix_sum,0,0,,,,,,False,0,0,0,7,0,0,3,2,308,arc05_noskip_width015,[],20401.634366877475,0,,0.0,,False,0,398.4217915333333,"[2, 4, 5, 6, 8, 9, 11, 12, 13, 14, 15, 16, 17, 19, 20]",30.0,4,68,0.5,21,1,0,8,27,15,ordinary,22,full_coverage_and_all_discovered_cleared,281,5976.326873,40.0,constant,,0.046063375019002706
14,2,True,0,14,5,5,0,clustered__smooth__68,clustered__smooth,10,22,15,15,303,,bounded_transverse_width,,arc,49,0.04560499999999834,15,cached_distance_prefix_sum,0,0,,,,,,False,0,0,22,7,0,0,3,2,286,fast_arc05_width015,[],20401.634366877475,0,,0.0,,False,0,389.62179153333335,"[2, 4, 5, 6, 8, 9, 11, 12, 13, 14, 15, 16, 17, 19, 20]",30.0,4,68,0.5,21,1,0,8,27,15,ordinary,22,full_coverage_and_all_discovered_cleared,259,5844.326873,40.0,constant,,0.04562124999938533
14,2,True,0,14,5,5,0,clustered__smooth__68,clustered__smooth,10,17,15,15,308,,bounded_transverse_width,,arc,49,0.04623300000000086,15,cached_distance_prefix_sum,0,0,,,17,5,17,False,0,0,17,7,0,0,3,2,291,faithful_arc05_width015,[],20401.634366877475,0,,0.0,,False,0,391.95512486666667,"[2, 4, 5, 6, 8, 9, 11, 12, 13, 14, 15, 16, 17, 19, 20]",30.0,4,68,0.5,21,1,0,8,27,15,ordinary,22,full_coverage_and_all_discovered_cleared,269,5879.326873,40.0,constant,,0.04624108300777152
16,3,True,0,16,1,1,0,clustered__smooth__68,clustered__smooth,14,0,15,15,324,,bounded_transverse_width,,locked,50,0.03973599999999777,15,cached_distance_prefix_sum,0,0,,,,,,True,0,0,0,3,0,0,3,2,307,locked_noskip_width015,[],21071.67454063894,0,,0.0,,False,0,407.1556602,"[2, 4, 5, 6, 8, 9, 11, 12, 13, 14, 15, 16, 17, 19, 20]",30.0,4,68,1.0,26,15,13,3,28,15,ordinary,22,full_coverage_and_all_discovered_cleared,283,6107.334903,40.0,constant,,0.03980541601777077
16,3,True,0,16,1,1,0,clustered__smooth__68,clustered__smooth,14,58,15,15,266,,bounded_transverse_width,,locked,50,0.03863799999999884,15,cached_distance_prefix_sum,0,0,,,,,,True,0,0,58,3,0,0,3,2,249,fast_locked_width015,[],21071.67454063894,0,,0.0,,False,0,383.9556602,"[2, 4, 5, 6, 8, 9, 11, 12, 13, 14, 15, 16, 17, 19, 20]",30.0,4,68,1.0,26,15,13,3,28,15,ordinary,22,full_coverage_and_all_discovered_cleared,225,5759.334903,40.0,constant,,0.03866462496807799
16,3,True,0,16,1,1,0,clustered__smooth__68,clustered__smooth,14,53,15,15,271,,bounded_transverse_width,,locked,50,0.038677999999997326,15,cached_distance_prefix_sum,0,0,,,53,5,53,True,0,0,53,3,0,0,3,2,254,faithful_locked_width015,[],21071.67454063894,0,,0.0,,False,0,386.3556602,"[2, 4, 5, 6, 8, 9, 11, 12, 13, 14, 15, 16, 17, 19, 20]",30.0,4,68,1.0,26,15,13,3,28,15,ordinary,22,full_coverage_and_all_discovered_cleared,236,5795.334903,40.0,constant,,0.03867995803011581
6,2,True,0,6,4,6,0,clustered__smooth__69,clustered__smooth,11,,17,15,268,,bounded_transverse_width,,,,0.04793700000000101,15,,0,0,,,,,,,0,0,,1,41,0,4,2,249,width40_f015_22,[],22167.15851238728,0,,0.0,,False,0,398.89544659999996,"[2, 3, 4, 5, 6, 7, 8, 9, 10, 11, 12, 13, 14, 16, 18]",30.0,4,69,,19,2,2,1,19,15,ordinary,22,full_coverage_and_all_discovered_cleared,224,5983.431699,40.0,constant,,0.04798191599547863
6,2,True,0,6,4,6,0,clustered__smooth__69,clustered__smooth,11,0,17,15,268,,bounded_transverse_width,,base,0,0.0481999999999978,15,,0,0,,,,,,False,0,0,0,1,41,0,4,2,249,range_width015,[],22167.15851238728,0,,0.0,,False,0,398.89544659999996,"[2, 3, 4, 5, 6, 7, 8, 9, 10, 11, 12, 13, 14, 16, 18]",30.0,4,69,1.0,19,2,2,1,19,15,ordinary,22,full_coverage_and_all_discovered_cleared,224,5983.431699,40.0,constant,,0.04827349999686703
6,2,True,0,6,4,6,0,clustered__smooth__69,clustered__smooth,11,0,17,15,268,,bounded_transverse_width,,base,0,0.04782600000000059,15,,0,0,,,0,0,0,False,0,0,0,1,41,0,4,2,249,faithful_width015,[],22167.15851238728,0,,0.0,,False,0,398.89544659999996,"[2, 3, 4, 5, 6, 7, 8, 9, 10, 11, 12, 13, 14, 16, 18]",30.0,4,69,1.0,19,2,2,1,19,15,ordinary,22,full_coverage_and_all_discovered_cleared,224,5983.431699,40.0,constant,,0.04785120894666761
11,0,True,0,11,2,4,0,clustered__smooth__69,clustered__smooth,13,0,17,15,254,,bounded_transverse_width,,arc,48,0.06875300000000095,15,cached_distance_prefix_sum,0,0,,,,,,False,0,0,0,8,0,0,2,2,235,arc05_noskip_width015,[],20687.364685031487,0,,0.0,,False,0,373.69819566666666,"[2, 3, 4, 5, 6, 7, 8, 9, 10, 11, 12, 13, 14, 16, 18]",30.0,4,69,0.5,33,0,1,9,26,15,ordinary,22,full_coverage_and_all_discovered_cleared,212,5605.472935,40.0,constant,,0.06884008296765387
11,0,True,0,11,2,4,0,clustered__smooth__69,clustered__smooth,13,26,17,15,228,,bounded_transverse_width,,arc,48,0.0686850000000021,15,cached_distance_prefix_sum,0,0,,,,,,False,0,0,26,8,0,0,2,2,209,fast_arc05_width015,[],20687.364685031487,0,,0.0,,False,0,363.29819566666663,"[2, 3, 4, 5, 6, 7, 8, 9, 10, 11, 12, 13, 14, 16, 18]",30.0,4,69,0.5,33,0,1,9,26,15,ordinary,22,full_coverage_and_all_discovered_cleared,186,5449.472935,40.0,constant,,0.06874462496489286
11,0,True,0,11,2,4,0,clustered__smooth__69,clustered__smooth,13,26,17,15,228,,bounded_transverse_width,,arc,48,0.06732700000000236,15,cached_distance_prefix_sum,0,0,,,26,0,26,False,0,0,26,8,0,0,2,2,209,faithful_arc05_width015,[],20687.364685031487,0,,0.0,,False,0,363.29819566666663,"[2, 3, 4, 5, 6, 7, 8, 9, 10, 11, 12, 13, 14, 16, 18]",30.0,4,69,0.5,33,0,1,9,26,15,ordinary,22,full_coverage_and_all_discovered_cleared,186,5449.472935,40.0,constant,,0.0673826250131242
5,0,True,0,5,7,7,0,clustered__smooth__69,clustered__smooth,8,0,15,15,231,,bounded_transverse_width,,locked,42,0.04565000000000197,15,cached_distance_prefix_sum,0,0,,,,,,True,0,0,0,3,0,0,3,3,214,locked_noskip_width015,[],20596.46827961108,0,,0.0,,False,0,363.6862434,"[2, 3, 4, 5, 6, 7, 8, 9, 10, 11, 12, 13, 14, 16, 18]",30.0,4,69,1.0,34,5,15,3,20,15,ordinary,22,full_coverage_and_all_discovered_cleared,191,5455.293651,40.0,constant,,0.045726750046014786
5,0,True,0,5,7,7,0,clustered__smooth__69,clustered__smooth,8,3,15,15,228,,bounded_transverse_width,,locked,42,0.0455520000000007,15,cached_distance_prefix_sum,0,0,,,,,,True,0,0,3,3,0,0,3,3,211,fast_locked_width015,[],20596.46827961108,0,,0.0,,False,0,362.4862434,"[2, 3, 4, 5, 6, 7, 8, 9, 10, 11, 12, 13, 14, 16, 18]",30.0,4,69,1.0,34,5,15,3,20,15,ordinary,22,full_coverage_and_all_discovered_cleared,188,5437.293651,40.0,constant,,0.04557462496450171
5,0,True,0,5,7,7,0,clustered__smooth__69,clustered__smooth,8,3,15,15,228,,bounded_transverse_width,,locked,42,0.04563800000000029,15,cached_distance_prefix_sum,0,0,,,3,0,3,True,0,0,3,3,0,0,3,3,211,faithful_locked_width015,[],20596.46827961108,0,,0.0,,False,0,362.4862434,"[2, 3, 4, 5, 6, 7, 8, 9, 10, 11, 12, 13, 14, 16, 18]",30.0,4,69,1.0,34,5,15,3,20,15,ordinary,22,full_coverage_and_all_discovered_cleared,188,5437.293651,40.0,constant,,0.04567304201191291
13,2,True,0,13,3,5,0,clustered__smooth__70,clustered__smooth,7,,12,10,331,,bounded_transverse_width,,,,0.03518100000000146,10,,0,0,,,,,,,0,0,,1,43,0,4,3,317,width40_f015_22,[],21257.497989090847,0,,0.0,,False,0,618.3499597,"[2, 3, 5, 10, 11, 13, 15, 16, 19, 20]",30.0,4,70,,19,1,1,1,21,10,ordinary,22,full_coverage_and_all_discovered_cleared,291,6183.499597,40.0,constant,,0.03522054199129343
13,2,True,0,13,3,5,0,clustered__smooth__70,clustered__smooth,7,9,12,10,322,,bounded_transverse_width,,base,0,0.0350609999999989,10,,0,0,,,,,,False,0,0,9,1,43,0,4,3,308,range_width015,[],21257.497989090847,0,,0.0,,False,0,612.9499597,"[2, 3, 5, 10, 11, 13, 15, 16, 19, 20]",30.0,4,70,1.0,19,1,1,1,21,10,ordinary,22,full_coverage_and_all_discovered_cleared,282,6129.499597,40.0,constant,,0.035072125028818846
13,2,True,0,13,3,5,0,clustered__smooth__70,clustered__smooth,7,9,12,10,322,,bounded_transverse_width,,base,0,0.03519599999999912,10,,0,0,,,9,0,9,False,0,0,9,1,43,0,4,3,308,faithful_width015,[],21257.497989090847,0,,0.0,,False,0,612.9499597,"[2, 3, 5, 10, 11, 13, 15, 16, 19, 20]",30.0,4,70,1.0,19,1,1,1,21,10,ordinary,22,full_coverage_and_all_discovered_cleared,282,6129.499597,40.0,constant,,0.035214749979786575
13,2,True,0,13,3,5,0,clustered__smooth__70,clustered__smooth,7,0,12,10,329,,bounded_transverse_width,,arc,43,0.03926999999999836,10,cached_distance_prefix_sum,0,0,,,,,,False,0,0,0,0,0,0,4,3,315,arc05_noskip_width015,[],21456.789433209775,0,,0.0,,False,0,621.1357886,"[2, 3, 5, 10, 11, 13, 15, 16, 19, 20]",30.0,4,70,0.5,19,1,2,0,21,10,ordinary,22,full_coverage_and_all_discovered_cleared,289,6211.357886,40.0,constant,,0.03938341699540615
13,2,True,0,13,3,5,0,clustered__smooth__70,clustered__smooth,7,9,12,10,320,,bounded_transverse_width,,arc,43,0.03896100000000047,10,cached_distance_prefix_sum,0,0,,,,,,False,0,0,9,0,0,0,4,3,306,fast_arc05_width015,[],21456.789433209775,0,,0.0,,False,0,615.7357886,"[2, 3, 5, 10, 11, 13, 15, 16, 19, 20]",30.0,4,70,0.5,19,1,2,0,21,10,ordinary,22,full_coverage_and_all_discovered_cleared,280,6157.357886,40.0,constant,,0.0390054170275107
13,2,True,0,13,3,5,0,clustered__smooth__70,clustered__smooth,7,9,12,10,320,,bounded_transverse_width,,arc,43,0.038865999999998735,10,cached_distance_prefix_sum,0,0,,,9,0,9,False,0,0,9,0,0,0,4,3,306,faithful_arc05_width015,[],21456.789433209775,0,,0.0,,False,0,615.7357886,"[2, 3, 5, 10, 11, 13, 15, 16, 19, 20]",30.0,4,70,0.5,19,1,2,0,21,10,ordinary,22,full_coverage_and_all_discovered_cleared,280,6157.357886,40.0,constant,,0.03888670803280547
10,2,True,0,10,2,2,0,clustered__smooth__70,clustered__smooth,8,0,10,10,341,,bounded_transverse_width,,locked,40,0.03560300000000183,10,cached_distance_prefix_sum,0,0,,,,,,True,0,0,0,2,0,0,4,2,329,locked_noskip_width015,[],20304.48255055151,0,,0.0,,False,0,605.9896509,"[2, 3, 5, 10, 11, 13, 15, 16, 19, 20]",30.0,4,70,1.0,12,23,2,2,18,10,ordinary,22,full_coverage_and_all_discovered_cleared,304,6059.896509,40.0,constant,,0.035609584010671824
10,2,True,0,10,2,2,0,clustered__smooth__70,clustered__smooth,8,22,10,10,319,,bounded_transverse_width,,locked,40,0.034940000000002414,10,cached_distance_prefix_sum,0,0,,,,,,True,0,0,22,2,0,0,4,2,307,fast_locked_width015,[],20304.48255055151,0,,0.0,,False,0,592.8896509,"[2, 3, 5, 10, 11, 13, 15, 16, 19, 20]",30.0,4,70,1.0,12,23,2,2,18,10,ordinary,22,full_coverage_and_all_discovered_cleared,283,5928.896509,40.0,constant,,0.03497879102360457
10,2,True,0,10,2,2,0,clustered__smooth__70,clustered__smooth,8,20,10,10,321,,bounded_transverse_width,,locked,40,0.03544899999999984,10,cached_distance_prefix_sum,0,0,,,20,2,20,True,0,0,20,2,0,0,4,2,309,faithful_locked_width015,[],20304.48255055151,0,,0.0,,False,0,594.1896509000001,"[2, 3, 5, 10, 11, 13, 15, 16, 19, 20]",30.0,4,70,1.0,12,23,2,2,18,10,ordinary,22,full_coverage_and_all_discovered_cleared,286,5941.896509,40.0,constant,,0.03551916702417657
6,0,True,0,6,3,3,0,clustered__smooth__71,clustered__smooth,9,,12,12,290,,bounded_transverse_width,,,,0.037190999999999974,12,,0,0,,,,,,,0,0,,2,40,0,2,2,276,width40_f015_22,[],22785.981993015375,0,,0.0,,False,0,520.8496995833333,"[1, 2, 4, 5, 7, 9, 10, 13, 17, 18, 19, 20]",30.0,4,71,,22,0,5,2,18,12,ordinary,22,full_coverage_and_all_discovered_cleared,253,6250.196395,40.0,constant,,0.0372135000070557
6,0,True,0,6,3,3,0,clustered__smooth__71,clustered__smooth,9,8,12,12,282,,bounded_transverse_width,,base,0,0.0374200000000009,12,,0,0,,,,,,False,0,0,8,2,40,0,2,2,268,range_width015,[],22785.981993015375,0,,0.0,,False,0,516.8496995833333,"[1, 2, 4, 5, 7, 9, 10, 13, 17, 18, 19, 20]",30.0,4,71,1.0,22,0,5,2,18,12,ordinary,22,full_coverage_and_all_discovered_cleared,245,6202.196395,40.0,constant,,0.037443833018187433
6,0,True,0,6,3,3,0,clustered__smooth__71,clustered__smooth,9,7,12,12,283,,bounded_transverse_width,,base,0,0.03756700000000279,12,,0,0,,,7,1,7,False,0,0,7,2,40,0,2,2,269,faithful_width015,[],22785.981993015375,0,,0.0,,False,0,517.4330329166667,"[1, 2, 4, 5, 7, 9, 10, 13, 17, 18, 19, 20]",30.0,4,71,1.0,22,0,5,2,18,12,ordinary,22,full_coverage_and_all_discovered_cleared,247,6209.196395,40.0,constant,,0.037609791033901274
9,1,True,0,9,2,3,0,clustered__smooth__71,clustered__smooth,10,0,13,12,387,,bounded_transverse_width,,arc,42,0.050799999999998846,12,cached_distance_prefix_sum,0,0,,,,,,False,0,0,0,3,0,0,3,3,372,arc05_noskip_width015,[],21204.28163598351,0,,0.0,,False,0,542.5713604166666,"[1, 2, 4, 5, 7, 9, 10, 13, 17, 18, 19, 20]",30.0,4,71,0.5,18,0,36,3,20,12,ordinary,22,full_coverage_and_all_discovered_cleared,347,6510.856325,40.0,constant,,0.05094104103045538
9,1,True,0,9,2,3,0,clustered__smooth__71,clustered__smooth,10,86,13,12,301,,bounded_transverse_width,,arc,42,0.04826500000000067,12,cached_distance_prefix_sum,0,0,,,,,,False,0,0,86,3,0,0,3,3,286,fast_arc05_width015,[],21204.28163598351,0,,0.0,,False,0,499.7380270833333,"[1, 2, 4, 5, 7, 9, 10, 13, 17, 18, 19, 20]",30.0,4,71,0.5,18,0,36,3,20,12,ordinary,22,full_coverage_and_all_discovered_cleared,263,5996.856325,40.0,constant,,0.04827058297814801
9,1,True,0,9,2,3,0,clustered__smooth__71,clustered__smooth,10,78,13,12,309,,bounded_transverse_width,,arc,42,0.04932099999999906,12,cached_distance_prefix_sum,0,0,,,78,8,78,False,0,0,78,3,0,0,3,3,294,faithful_arc05_width015,[],21204.28163598351,0,,0.0,,False,0,504.2380270833333,"[1, 2, 4, 5, 7, 9, 10, 13, 17, 18, 19, 20]",30.0,4,71,0.5,18,0,36,3,20,12,ordinary,22,full_coverage_and_all_discovered_cleared,277,6050.856325,40.0,constant,,0.049383875040803105
11,3,True,0,11,3,3,0,clustered__smooth__71,clustered__smooth,9,0,12,12,314,,bounded_transverse_width,,locked,42,0.035213999999999857,12,cached_distance_prefix_sum,0,0,,,,,,True,0,0,0,2,0,0,5,3,300,locked_noskip_width015,[],22227.31173428364,0,,0.0,,False,0,523.0385284166667,"[1, 2, 4, 5, 7, 9, 10, 13, 17, 18, 19, 20]",30.0,4,71,1.0,21,0,0,2,20,12,ordinary,22,full_coverage_and_all_discovered_cleared,271,6276.462341,40.0,constant,,0.03525366698158905
11,3,True,0,11,3,3,0,clustered__smooth__71,clustered__smooth,9,16,12,12,298,,bounded_transverse_width,,locked,42,0.03466300000000189,12,cached_distance_prefix_sum,0,0,,,,,,True,0,0,16,2,0,0,5,3,284,fast_locked_width015,[],22227.31173428364,0,,0.0,,False,0,515.0385284166667,"[1, 2, 4, 5, 7, 9, 10, 13, 17, 18, 19, 20]",30.0,4,71,1.0,21,0,0,2,20,12,ordinary,22,full_coverage_and_all_discovered_cleared,255,6180.462341,40.0,constant,,0.03467412502504885
11,3,True,0,11,3,3,0,clustered__smooth__71,clustered__smooth,9,16,12,12,298,,bounded_transverse_width,,locked,42,0.03475399999999951,12,cached_distance_prefix_sum,0,0,,,16,0,16,True,0,0,16,2,0,0,5,3,284,faithful_locked_width015,[],22227.31173428364,0,,0.0,,False,0,515.0385284166667,"[1, 2, 4, 5, 7, 9, 10, 13, 17, 18, 19, 20]",30.0,4,71,1.0,21,0,0,2,20,12,ordinary,22,full_coverage_and_all_discovered_cleared,255,6180.462341,40.0,constant,,0.03476362500805408
16,2,True,0,16,2,2,0,clustered__adversarial-positive__67,clustered__adversarial-positive,8,,10,10,334,,bounded_transverse_width,,,,0.031625999999999266,10,,0,0,,,,,,,0,0,,3,46,0,5,3,322,width40_f015_22,[],21537.618505787377,0,,0.0,,False,0,626.4523697,"[4, 5, 7, 8, 9, 10, 14, 15, 18, 19]",30.0,4,67,,15,6,32,3,24,10,ordinary,22,full_coverage_and_all_discovered_cleared,297,6264.523697,40.0,constant,,0.03168079099850729
16,2,True,0,16,2,2,0,clustered__adversarial-positive__67,clustered__adversarial-positive,8,14,10,10,320,,bounded_transverse_width,,base,0,0.03162100000000123,10,,0,0,,,,,,False,0,0,14,3,46,0,5,3,308,range_width015,[],21537.618505787377,0,,0.0,,False,0,618.0523697,"[4, 5, 7, 8, 9, 10, 14, 15, 18, 19]",30.0,4,67,1.0,15,6,32,3,24,10,ordinary,22,full_coverage_and_all_discovered_cleared,283,6180.523697,40.0,constant,,0.03166208299808204
16,2,True,0,16,2,2,0,clustered__adversarial-positive__67,clustered__adversarial-positive,8,14,10,10,320,,bounded_transverse_width,,base,0,0.031538000000001176,10,,0,0,,,14,0,14,False,0,0,14,3,46,0,5,3,308,faithful_width015,[],21537.618505787377,0,,0.0,,False,0,618.0523697,"[4, 5, 7, 8, 9, 10, 14, 15, 18, 19]",30.0,4,67,1.0,15,6,32,3,24,10,ordinary,22,full_coverage_and_all_discovered_cleared,283,6180.523697,40.0,constant,,0.03156095801386982
10,2,True,0,10,2,2,0,clustered__adversarial-positive__67,clustered__adversarial-positive,8,0,10,10,335,,bounded_transverse_width,,arc,40,0.035440999999998724,10,cached_distance_prefix_sum,0,0,,,,,,False,0,0,0,3,0,0,5,3,323,arc05_noskip_width015,[],22867.403675130437,0,,0.0,,False,0,653.5480732,"[4, 5, 7, 8, 9, 10, 14, 15, 18, 19]",30.0,4,67,0.5,13,4,14,3,18,10,ordinary,22,full_coverage_and_all_discovered_cleared,297,6535.480732,40.0,constant,,0.035448707989417017
10,2,True,0,10,2,2,0,clustered__adversarial-positive__67,clustered__adversarial-positive,8,25,10,10,310,,bounded_transverse_width,,arc,40,0.03525399999999834,10,cached_distance_prefix_sum,0,0,,,,,,False,0,0,25,3,0,0,5,3,298,fast_arc05_width015,[],22867.403675130437,0,,0.0,,False,0,638.5480732,"[4, 5, 7, 8, 9, 10, 14, 15, 18, 19]",30.0,4,67,0.5,13,4,14,3,18,10,ordinary,22,full_coverage_and_all_discovered_cleared,272,6385.480732,40.0,constant,,0.03529937501298264
10,2,True,0,10,2,2,0,clustered__adversarial-positive__67,clustered__adversarial-positive,8,25,10,10,310,,bounded_transverse_width,,arc,40,0.035510999999999626,10,cached_distance_prefix_sum,0,0,,,25,0,25,False,0,0,25,3,0,0,5,3,298,faithful_arc05_width015,[],22867.403675130437,0,,0.0,,False,0,638.5480732,"[4, 5, 7, 8, 9, 10, 14, 15, 18, 19]",30.0,4,67,0.5,13,4,14,3,18,10,ordinary,22,full_coverage_and_all_discovered_cleared,272,6385.480732,40.0,constant,,0.03567745804321021
12,1,True,0,12,1,1,0,clustered__adversarial-positive__67,clustered__adversarial-positive,9,0,10,10,330,,bounded_transverse_width,,locked,43,0.029113000000002387,10,cached_distance_prefix_sum,0,0,,,,,,True,0,0,0,4,0,0,4,3,318,locked_noskip_width015,[],21619.844372149426,0,,0.0,,False,0,625.7968868,"[4, 5, 7, 8, 9, 10, 14, 15, 18, 19]",30.0,4,67,1.0,9,1,2,4,21,10,ordinary,22,full_coverage_and_all_discovered_cleared,294,6257.968868,40.0,constant,,0.0291293750051409
12,1,True,0,12,1,1,0,clustered__adversarial-positive__67,clustered__adversarial-positive,9,25,10,10,305,,bounded_transverse_width,,locked,43,0.029385000000001327,10,cached_distance_prefix_sum,0,0,,,,,,True,0,0,25,4,0,0,4,3,293,fast_locked_width015,[],21619.844372149426,0,,0.0,,False,0,610.7968868,"[4, 5, 7, 8, 9, 10, 14, 15, 18, 19]",30.0,4,67,1.0,9,1,2,4,21,10,ordinary,22,full_coverage_and_all_discovered_cleared,269,6107.968868,40.0,constant,,0.02939575002528727
12,1,True,0,12,1,1,0,clustered__adversarial-positive__67,clustered__adversarial-positive,9,22,10,10,308,,bounded_transverse_width,,locked,43,0.0290859999999995,10,cached_distance_prefix_sum,0,0,,,22,3,22,True,0,0,22,4,0,0,4,3,296,faithful_locked_width015,[],21619.844372149426,0,,0.0,,False,0,612.9968868,"[4, 5, 7, 8, 9, 10, 14, 15, 18, 19]",30.0,4,67,1.0,9,1,2,4,21,10,ordinary,22,full_coverage_and_all_discovered_cleared,276,6129.968868,40.0,constant,,0.029106167028658092
10,1,True,0,10,1,1,0,clustered__adversarial-positive__68,clustered__adversarial-positive,14,,15,15,261,,bounded_transverse_width,,,,0.045583000000000595,15,,0,0,,,,,,,0,0,,4,46,0,3,3,244,width40_f015_22,[],21890.208087169358,0,,0.0,,False,0,392.93610759999996,"[2, 4, 5, 6, 8, 9, 11, 12, 13, 14, 15, 16, 17, 19, 20]",30.0,4,68,,23,8,1,5,24,15,ordinary,22,full_coverage_and_all_discovered_cleared,221,5894.041614,40.0,constant,,0.04564066702732816
10,1,True,0,10,1,1,0,clustered__adversarial-positive__68,clustered__adversarial-positive,14,31,15,15,230,,bounded_transverse_width,,base,0,0.04598200000000219,15,,0,0,,,,,,False,0,0,31,4,46,0,3,3,213,range_width015,[],21890.208087169358,0,,0.0,,False,0,380.5361076,"[2, 4, 5, 6, 8, 9, 11, 12, 13, 14, 15, 16, 17, 19, 20]",30.0,4,68,1.0,23,8,1,5,24,15,ordinary,22,full_coverage_and_all_discovered_cleared,190,5708.041614,40.0,constant,,0.046003916999325156
10,1,True,0,10,1,1,0,clustered__adversarial-positive__68,clustered__adversarial-positive,14,29,15,15,232,,bounded_transverse_width,,base,0,0.046227000000001794,15,,0,0,,,29,2,29,False,0,0,29,4,46,0,3,3,215,faithful_width015,[],21890.208087169358,0,,0.0,,False,0,381.4694409333333,"[2, 4, 5, 6, 8, 9, 11, 12, 13, 14, 15, 16, 17, 19, 20]",30.0,4,68,1.0,23,8,1,5,24,15,ordinary,22,full_coverage_and_all_discovered_cleared,194,5722.041614,40.0,constant,,0.0462349170120433
17,0,True,0,17,2,3,0,clustered__adversarial-positive__68,clustered__adversarial-positive,13,0,16,15,330,,bounded_transverse_width,,arc,54,0.05086299999999966,15,cached_distance_prefix_sum,0,0,,,,,,False,0,0,0,9,0,0,2,2,312,arc05_noskip_width015,[],20267.672705632216,0,,0.0,,False,0,398.5023026,"[2, 4, 5, 6, 8, 9, 11, 12, 13, 14, 15, 16, 17, 19, 20]",30.0,4,68,0.5,25,4,22,10,32,15,ordinary,22,full_coverage_and_all_discovered_cleared,286,5977.534539,40.0,constant,,0.05093000002671033
17,0,True,0,17,2,3,0,clustered__adversarial-positive__68,clustered__adversarial-positive,13,20,16,15,310,,bounded_transverse_width,,arc,54,0.049746999999999986,15,cached_distance_prefix_sum,0,0,,,,,,False,0,0,20,9,0,0,2,2,292,fast_arc05_width015,[],20267.672705632216,0,,0.0,,False,0,390.56896926666667,"[2, 4, 5, 6, 8, 9, 11, 12, 13, 14, 15, 16, 17, 19, 20]",30.0,4,68,0.5,25,4,22,10,32,15,ordinary,22,full_coverage_and_all_discovered_cleared,267,5858.534539,40.0,constant,,0.04975125001510605
17,0,True,0,17,2,3,0,clustered__adversarial-positive__68,clustered__adversarial-positive,13,15,16,15,315,,bounded_transverse_width,,arc,54,0.049956000000001666,15,cached_distance_prefix_sum,0,0,,,15,5,15,False,0,0,15,9,0,0,2,2,297,faithful_arc05_width015,[],20267.672705632216,0,,0.0,,False,0,392.8356359333333,"[2, 4, 5, 6, 8, 9, 11, 12, 13, 14, 15, 16, 17, 19, 20]",30.0,4,68,0.5,25,4,22,10,32,15,ordinary,22,full_coverage_and_all_discovered_cleared,276,5892.534539,40.0,constant,,0.04997841699514538
16,2,True,0,16,1,2,0,clustered__adversarial-positive__68,clustered__adversarial-positive,14,0,16,15,327,,bounded_transverse_width,,locked,51,0.04113200000000106,15,cached_distance_prefix_sum,0,0,,,,,,True,0,0,0,3,0,0,2,2,309,locked_noskip_width015,[],21147.44188592765,0,,0.0,,False,0,409.16589173333335,"[2, 4, 5, 6, 8, 9, 11, 12, 13, 14, 15, 16, 17, 19, 20]",30.0,4,68,1.0,26,15,12,3,29,15,ordinary,22,full_coverage_and_all_discovered_cleared,285,6137.488376,40.0,constant,,0.041200999985449016
16,2,True,0,16,1,2,0,clustered__adversarial-positive__68,clustered__adversarial-positive,14,56,16,15,271,,bounded_transverse_width,,locked,51,0.04007800000000117,15,cached_distance_prefix_sum,0,0,,,,,,True,0,0,56,3,0,0,2,2,253,fast_locked_width015,[],21147.44188592765,0,,0.0,,False,0,386.7658917333334,"[2, 4, 5, 6, 8, 9, 11, 12, 13, 14, 15, 16, 17, 19, 20]",30.0,4,68,1.0,26,15,12,3,29,15,ordinary,22,full_coverage_and_all_discovered_cleared,229,5801.488376,40.0,constant,,0.04012316698208451
16,2,True,0,16,1,2,0,clustered__adversarial-positive__68,clustered__adversarial-positive,14,51,16,15,276,,bounded_transverse_width,,locked,51,0.04021399999999886,15,cached_distance_prefix_sum,0,0,,,51,5,51,True,0,0,51,3,0,0,2,2,258,faithful_locked_width015,[],21147.44188592765,0,,0.0,,False,0,389.16589173333335,"[2, 4, 5, 6, 8, 9, 11, 12, 13, 14, 15, 16, 17, 19, 20]",30.0,4,68,1.0,26,15,12,3,29,15,ordinary,22,full_coverage_and_all_discovered_cleared,240,5837.488376,40.0,constant,,0.04024033294990659
8,2,True,0,8,4,4,0,clustered__adversarial-positive__69,clustered__adversarial-positive,11,,15,15,231,,bounded_transverse_width,,,,0.05882100000000179,15,,0,0,,,,,,,0,0,,2,43,0,4,2,214,width40_f015_22,[],21179.85569019956,0,,0.0,,False,0,371.13140906666666,"[2, 3, 4, 5, 6, 7, 8, 9, 10, 11, 12, 13, 14, 16, 18]",30.0,4,69,,45,2,6,2,21,15,ordinary,22,full_coverage_and_all_discovered_cleared,186,5566.971136,40.0,constant,,0.058941790950484574
8,2,True,0,8,4,4,0,clustered__adversarial-positive__69,clustered__adversarial-positive,11,0,15,15,231,,bounded_transverse_width,,base,0,0.05854499999999874,15,,0,0,,,,,,False,0,0,0,2,43,0,4,2,214,range_width015,[],21179.85569019956,0,,0.0,,False,0,371.13140906666666,"[2, 3, 4, 5, 6, 7, 8, 9, 10, 11, 12, 13, 14, 16, 18]",30.0,4,69,1.0,45,2,6,2,21,15,ordinary,22,full_coverage_and_all_discovered_cleared,186,5566.971136,40.0,constant,,0.05859408405376598
8,2,True,0,8,4,4,0,clustered__adversarial-positive__69,clustered__adversarial-positive,11,0,15,15,231,,bounded_transverse_width,,base,0,0.0584719999999983,15,,0,0,,,0,0,0,False,0,0,0,2,43,0,4,2,214,faithful_width015,[],21179.85569019956,0,,0.0,,False,0,371.13140906666666,"[2, 3, 4, 5, 6, 7, 8, 9, 10, 11, 12, 13, 14, 16, 18]",30.0,4,69,1.0,45,2,6,2,21,15,ordinary,22,full_coverage_and_all_discovered_cleared,186,5566.971136,40.0,constant,,0.058476542006246746
13,3,True,0,13,2,2,0,clustered__adversarial-positive__69,clustered__adversarial-positive,13,0,15,15,235,,bounded_transverse_width,,arc,47,0.06552200000000141,15,cached_distance_prefix_sum,0,0,,,,,,False,0,0,0,4,0,0,4,3,218,arc05_noskip_width015,[],21135.224243554265,0,,0.0,,False,0,372.2029895333333,"[2, 3, 4, 5, 6, 7, 8, 9, 10, 11, 12, 13, 14, 16, 18]",30.0,4,69,0.5,45,5,1,4,25,15,ordinary,22,full_coverage_and_all_discovered_cleared,191,5583.044843,40.0,constant,,0.06560612504836172
13,3,True,0,13,2,2,0,clustered__adversarial-positive__69,clustered__adversarial-positive,13,0,15,15,235,,bounded_transverse_width,,arc,47,0.06609399999999965,15,cached_distance_prefix_sum,0,0,,,,,,False,0,0,0,4,0,0,4,3,218,fast_arc05_width015,[],21135.224243554265,0,,0.0,,False,0,372.2029895333333,"[2, 3, 4, 5, 6, 7, 8, 9, 10, 11, 12, 13, 14, 16, 18]",30.0,4,69,0.5,45,5,1,4,25,15,ordinary,22,full_coverage_and_all_discovered_cleared,191,5583.044843,40.0,constant,,0.06615337502444163
13,3,True,0,13,2,2,0,clustered__adversarial-positive__69,clustered__adversarial-positive,13,0,15,15,235,,bounded_transverse_width,,arc,47,0.0661270000000016,15,cached_distance_prefix_sum,0,0,,,0,0,0,False,0,0,0,4,0,0,4,3,218,faithful_arc05_width015,[],21135.224243554265,0,,0.0,,False,0,372.2029895333333,"[2, 3, 4, 5, 6, 7, 8, 9, 10, 11, 12, 13, 14, 16, 18]",30.0,4,69,0.5,45,5,1,4,25,15,ordinary,22,full_coverage_and_all_discovered_cleared,191,5583.044843,40.0,constant,,0.06623295799363405
9,0,True,0,9,4,8,0,clustered__adversarial-positive__69,clustered__adversarial-positive,11,0,19,15,230,,bounded_transverse_width,,locked,46,0.04519700000000171,15,cached_distance_prefix_sum,0,0,,,,,,True,0,0,0,6,0,0,1,1,209,locked_noskip_width015,[],20960.207519381758,0,,0.0,,False,0,367.33610020000003,"[2, 3, 4, 5, 6, 7, 8, 9, 10, 11, 12, 13, 14, 16, 18]",30.0,4,69,1.0,22,7,13,6,24,15,ordinary,22,full_coverage_and_all_discovered_cleared,186,5510.041503,40.0,constant,,0.04523866600356996
9,0,True,0,9,4,8,0,clustered__adversarial-positive__69,clustered__adversarial-positive,11,5,19,15,225,,bounded_transverse_width,,locked,46,0.04501000000000133,15,cached_distance_prefix_sum,0,0,,,,,,True,0,0,5,6,0,0,1,1,204,fast_locked_width015,[],20960.207519381758,0,,0.0,,False,0,365.33610020000003,"[2, 3, 4, 5, 6, 7, 8, 9, 10, 11, 12, 13, 14, 16, 18]",30.0,4,69,1.0,22,7,13,6,24,15,ordinary,22,full_coverage_and_all_discovered_cleared,181,5480.041503,40.0,constant,,0.045019457989837974
9,0,True,0,9,4,8,0,clustered__adversarial-positive__69,clustered__adversarial-positive,11,5,19,15,225,,bounded_transverse_width,,locked,46,0.04570400000000063,15,cached_distance_prefix_sum,0,0,,,5,0,5,True,0,0,5,6,0,0,1,1,204,faithful_locked_width015,[],20960.207519381758,0,,0.0,,False,0,365.33610020000003,"[2, 3, 4, 5, 6, 7, 8, 9, 10, 11, 12, 13, 14, 16, 18]",30.0,4,69,1.0,22,7,13,6,24,15,ordinary,22,full_coverage_and_all_discovered_cleared,181,5480.041503,40.0,constant,,0.04577249998692423
12,2,True,0,12,3,4,0,clustered__adversarial-positive__70,clustered__adversarial-positive,7,,11,10,325,,bounded_transverse_width,,,,0.03483200000000153,10,,0,0,,,,,,,0,0,,5,42,0,3,2,312,width40_f015_22,[],21587.737132686772,0,,0.0,,False,0,621.5547422,"[2, 3, 5, 10, 11, 13, 15, 16, 19, 20]",30.0,4,70,,14,1,2,5,20,10,ordinary,22,full_coverage_and_all_discovered_cleared,285,6215.547422,40.0,constant,,0.03483891597716138
12,2,True,0,12,3,4,0,clustered__adversarial-positive__70,clustered__adversarial-positive,7,8,11,10,317,,bounded_transverse_width,,base,0,0.03450099999999878,10,,0,0,,,,,,False,0,0,8,5,42,0,3,2,304,range_width015,[],21587.737132686772,0,,0.0,,False,0,616.7547422,"[2, 3, 5, 10, 11, 13, 15, 16, 19, 20]",30.0,4,70,1.0,14,1,2,5,20,10,ordinary,22,full_coverage_and_all_discovered_cleared,277,6167.547422,40.0,constant,,0.034508417011238635
12,2,True,0,12,3,4,0,clustered__adversarial-positive__70,clustered__adversarial-positive,7,8,11,10,317,,bounded_transverse_width,,base,0,0.03462199999999882,10,,0,0,,,8,0,8,False,0,0,8,5,42,0,3,2,304,faithful_width015,[],21587.737132686772,0,,0.0,,False,0,616.7547422,"[2, 3, 5, 10, 11, 13, 15, 16, 19, 20]",30.0,4,70,1.0,14,1,2,5,20,10,ordinary,22,full_coverage_and_all_discovered_cleared,277,6167.547422,40.0,constant,,0.03465708397561684
15,2,True,0,15,1,1,0,clustered__adversarial-positive__70,clustered__adversarial-positive,9,0,10,10,330,,bounded_transverse_width,,arc,45,0.04224999999999923,10,cached_distance_prefix_sum,0,0,,,,,,False,0,0,0,4,0,0,4,3,318,arc05_noskip_width015,[],21633.47319914718,0,,0.0,,False,0,626.1694638,"[2, 3, 5, 10, 11, 13, 15, 16, 19, 20]",30.0,4,70,0.5,14,1,1,4,23,10,ordinary,22,full_coverage_and_all_discovered_cleared,295,6261.694638,40.0,constant,,0.04233924997970462
15,2,True,0,15,1,1,0,clustered__adversarial-positive__70,clustered__adversarial-positive,9,12,10,10,318,,bounded_transverse_width,,arc,45,0.04270100000000099,10,cached_distance_prefix_sum,0,0,,,,,,False,0,0,12,4,0,0,4,3,306,fast_arc05_width015,[],21633.47319914718,0,,0.0,,False,0,618.9694638,"[2, 3, 5, 10, 11, 13, 15, 16, 19, 20]",30.0,4,70,0.5,14,1,1,4,23,10,ordinary,22,full_coverage_and_all_discovered_cleared,283,6189.694638,40.0,constant,,0.04271683405386284
15,2,True,0,15,1,1,0,clustered__adversarial-positive__70,clustered__adversarial-positive,9,12,10,10,318,,bounded_transverse_width,,arc,45,0.04190600000000089,10,cached_distance_prefix_sum,0,0,,,12,0,12,False,0,0,12,4,0,0,4,3,306,faithful_arc05_width015,[],21633.47319914718,0,,0.0,,False,0,618.9694638,"[2, 3, 5, 10, 11, 13, 15, 16, 19, 20]",30.0,4,70,0.5,14,1,1,4,23,10,ordinary,22,full_coverage_and_all_discovered_cleared,283,6189.694638,40.0,constant,,0.041936042020097375
13,2,True,0,13,0,1,0,clustered__adversarial-positive__70,clustered__adversarial-positive,10,0,11,10,339,,bounded_transverse_width,,locked,43,0.03561799999999948,10,cached_distance_prefix_sum,0,0,,,,,,True,0,0,0,1,0,0,4,4,326,locked_noskip_width015,[],21574.333213614205,0,,0.0,,False,0,629.8866641,"[2, 3, 5, 10, 11, 13, 15, 16, 19, 20]",30.0,4,70,1.0,13,12,0,1,21,10,ordinary,22,full_coverage_and_all_discovered_cleared,301,6298.866641,40.0,constant,,0.035699207975994796
13,2,True,0,13,0,1,0,clustered__adversarial-positive__70,clustered__adversarial-positive,10,18,11,10,321,,bounded_transverse_width,,locked,43,0.035461999999998994,10,cached_distance_prefix_sum,0,0,,,,,,True,0,0,18,1,0,0,4,4,308,fast_locked_width015,[],21574.333213614205,0,,0.0,,False,0,619.1866640999999,"[2, 3, 5, 10, 11, 13, 15, 16, 19, 20]",30.0,4,70,1.0,13,12,0,1,21,10,ordinary,22,full_coverage_and_all_discovered_cleared,284,6191.866641,40.0,constant,,0.035535915987566113
13,2,True,0,13,0,1,0,clustered__adversarial-positive__70,clustered__adversarial-positive,10,16,11,10,323,,bounded_transverse_width,,locked,43,0.03549100000000038,10,cached_distance_prefix_sum,0,0,,,16,2,16,True,0,0,16,1,0,0,4,4,310,faithful_locked_width015,[],21574.333213614205,0,,0.0,,False,0,620.4866641,"[2, 3, 5, 10, 11, 13, 15, 16, 19, 20]",30.0,4,70,1.0,13,12,0,1,21,10,ordinary,22,full_coverage_and_all_discovered_cleared,287,6204.866641,40.0,constant,,0.035512166970875114
6,1,True,0,6,2,3,0,clustered__adversarial-positive__71,clustered__adversarial-positive,10,,13,12,305,,bounded_transverse_width,,,,0.04044799999999782,12,,0,0,,,,,,,0,0,,3,39,0,4,3,290,width40_f015_22,[],22094.146278406493,0,,0.0,,False,0,516.65243775,"[1, 2, 4, 5, 7, 9, 10, 13, 17, 18, 19, 20]",30.0,4,71,,20,1,18,3,17,12,ordinary,22,full_coverage_and_all_discovered_cleared,268,6199.829253,40.0,constant,,0.04047066700877622
6,1,True,0,6,2,3,0,clustered__adversarial-positive__71,clustered__adversarial-positive,10,23,13,12,282,,bounded_transverse_width,,base,0,0.04028599999999827,12,,0,0,,,,,,False,0,0,23,3,39,0,4,3,267,range_width015,[],22094.146278406493,0,,0.0,,False,0,505.2357710833333,"[1, 2, 4, 5, 7, 9, 10, 13, 17, 18, 19, 20]",30.0,4,71,1.0,20,1,18,3,17,12,ordinary,22,full_coverage_and_all_discovered_cleared,246,6062.829253,40.0,constant,,0.04032566596288234
6,1,True,0,6,2,3,0,clustered__adversarial-positive__71,clustered__adversarial-positive,10,20,13,12,285,,bounded_transverse_width,,base,0,0.04065300000000249,12,,0,0,,,20,3,20,False,0,0,20,3,39,0,4,3,270,faithful_width015,[],22094.146278406493,0,,0.0,,False,0,506.8191044166667,"[1, 2, 4, 5, 7, 9, 10, 13, 17, 18, 19, 20]",30.0,4,71,1.0,20,1,18,3,17,12,ordinary,22,full_coverage_and_all_discovered_cleared,250,6081.829253,40.0,constant,,0.04068887501489371
8,0,True,0,8,3,4,0,clustered__adversarial-positive__71,clustered__adversarial-positive,9,0,13,12,283,,bounded_transverse_width,,arc,42,0.05024099999999976,12,cached_distance_prefix_sum,0,0,,,,,,False,0,0,0,2,0,0,2,2,268,arc05_noskip_width015,[],20497.787064116037,0,,0.0,,False,0,479.0464508333334,"[1, 2, 4, 5, 7, 9, 10, 13, 17, 18, 19, 20]",30.0,4,71,0.5,23,6,10,2,20,12,ordinary,22,full_coverage_and_all_discovered_cleared,246,5748.55741,40.0,constant,,0.05026333301793784
8,0,True,0,8,3,4,0,clustered__adversarial-positive__71,clustered__adversarial-positive,9,6,13,12,277,,bounded_transverse_width,,arc,42,0.04985399999999984,12,cached_distance_prefix_sum,0,0,,,,,,False,0,0,6,2,0,0,2,2,262,fast_arc05_width015,[],20497.787064116037,0,,0.0,,False,0,476.1297841666667,"[1, 2, 4, 5, 7, 9, 10, 13, 17, 18, 19, 20]",30.0,4,71,0.5,23,6,10,2,20,12,ordinary,22,full_coverage_and_all_discovered_cleared,241,5713.55741,40.0,constant,,0.04989554197527468
8,0,True,0,8,3,4,0,clustered__adversarial-positive__71,clustered__adversarial-positive,9,5,13,12,278,,bounded_transverse_width,,arc,42,0.04984400000000022,12,cached_distance_prefix_sum,0,0,,,5,1,5,False,0,0,5,2,0,0,2,2,263,faithful_arc05_width015,[],20497.787064116037,0,,0.0,,False,0,476.5464508333334,"[1, 2, 4, 5, 7, 9, 10, 13, 17, 18, 19, 20]",30.0,4,71,0.5,23,6,10,2,20,12,ordinary,22,full_coverage_and_all_discovered_cleared,241,5718.55741,40.0,constant,,0.04992329201195389
11,2,True,0,11,3,4,0,clustered__adversarial-positive__71,clustered__adversarial-positive,9,0,13,12,335,,bounded_transverse_width,,locked,43,0.035009999999999764,12,cached_distance_prefix_sum,0,0,,,,,,True,0,0,0,2,0,0,5,3,320,locked_noskip_width015,[],22789.364938688967,0,,0.0,,False,0,542.8227486666666,"[1, 2, 4, 5, 7, 9, 10, 13, 17, 18, 19, 20]",30.0,4,71,1.0,16,1,14,2,21,12,ordinary,22,full_coverage_and_all_discovered_cleared,293,6513.872984,40.0,constant,,0.03502316604135558
11,2,True,0,11,3,4,0,clustered__adversarial-positive__71,clustered__adversarial-positive,9,34,13,12,301,,bounded_transverse_width,,locked,43,0.034909999999996444,12,cached_distance_prefix_sum,0,0,,,,,,True,0,0,34,2,0,0,5,3,286,fast_locked_width015,[],22789.364938688967,0,,0.0,,False,0,525.8227486666666,"[1, 2, 4, 5, 7, 9, 10, 13, 17, 18, 19, 20]",30.0,4,71,1.0,16,1,14,2,21,12,ordinary,22,full_coverage_and_all_discovered_cleared,259,6309.872984,40.0,constant,,0.03491937497165054
11,2,True,0,11,3,4,0,clustered__adversarial-positive__71,clustered__adversarial-positive,9,30,13,12,305,,bounded_transverse_width,,locked,43,0.035139999999998395,12,cached_distance_prefix_sum,0,0,,,30,4,30,True,0,0,30,2,0,0,5,3,290,faithful_locked_width015,[],22789.364938688967,0,,0.0,,False,0,528.156082,"[1, 2, 4, 5, 7, 9, 10, 13, 17, 18, 19, 20]",30.0,4,71,1.0,16,1,14,2,21,12,ordinary,22,full_coverage_and_all_discovered_cleared,267,6337.872984,40.0,constant,,0.03523104195483029
14,2,True,0,14,2,2,0,clustered__adversarial-negative__67,clustered__adversarial-negative,8,,10,10,335,,bounded_transverse_width,,,,0.031178000000004147,10,,0,0,,,,,,,0,0,,3,44,0,4,3,323,width40_f015_22,[],21158.809454715847,0,,0.0,,False,0,619.4761886,"[4, 5, 7, 8, 9, 10, 14, 15, 18, 19]",30.0,4,67,,7,0,30,3,22,10,ordinary,22,full_coverage_and_all_discovered_cleared,298,6194.761886,40.0,constant,,0.03126416599843651
14,2,True,0,14,2,2,0,clustered__adversarial-negative__67,clustered__adversarial-negative,8,19,10,10,316,,bounded_transverse_width,,base,0,0.03037899999999638,10,,0,0,,,,,,False,0,0,19,3,44,0,4,3,304,range_width015,[],21158.809454715847,0,,0.0,,False,0,608.0761886,"[4, 5, 7, 8, 9, 10, 14, 15, 18, 19]",30.0,4,67,1.0,7,0,30,3,22,10,ordinary,22,full_coverage_and_all_discovered_cleared,279,6080.761886,40.0,constant,,0.030380334006622434
14,2,True,0,14,2,2,0,clustered__adversarial-negative__67,clustered__adversarial-negative,8,19,10,10,316,,bounded_transverse_width,,base,0,0.031067999999997653,10,,0,0,,,19,0,19,False,0,0,19,3,44,0,4,3,304,faithful_width015,[],21158.809454715847,0,,0.0,,False,0,608.0761886,"[4, 5, 7, 8, 9, 10, 14, 15, 18, 19]",30.0,4,67,1.0,7,0,30,3,22,10,ordinary,22,full_coverage_and_all_discovered_cleared,279,6080.761886,40.0,constant,,0.031094208010472357
9,2,True,0,9,4,5,0,clustered__adversarial-negative__67,clustered__adversarial-negative,6,0,11,10,333,,bounded_transverse_width,,arc,39,0.03424499999999853,10,cached_distance_prefix_sum,0,0,,,,,,False,0,0,0,2,0,0,3,2,320,arc05_noskip_width015,[],22601.655928027518,0,,0.0,,False,0,646.9331183,"[4, 5, 7, 8, 9, 10, 14, 15, 18, 19]",30.0,4,67,0.5,11,1,15,2,17,10,ordinary,22,full_coverage_and_all_discovered_cleared,296,6469.331183,40.0,constant,,0.03429650003090501
9,2,True,0,9,4,5,0,clustered__adversarial-negative__67,clustered__adversarial-negative,6,26,11,10,307,,bounded_transverse_width,,arc,39,0.03378999999999621,10,cached_distance_prefix_sum,0,0,,,,,,False,0,0,26,2,0,0,3,2,294,fast_arc05_width015,[],22601.655928027518,0,,0.0,,False,0,631.3331183,"[4, 5, 7, 8, 9, 10, 14, 15, 18, 19]",30.0,4,67,0.5,11,1,15,2,17,10,ordinary,22,full_coverage_and_all_discovered_cleared,270,6313.331183,40.0,constant,,0.03383658401435241
9,2,True,0,9,4,5,0,clustered__adversarial-negative__67,clustered__adversarial-negative,6,26,11,10,307,,bounded_transverse_width,,arc,39,0.0347849999999994,10,cached_distance_prefix_sum,0,0,,,26,0,26,False,0,0,26,2,0,0,3,2,294,faithful_arc05_width015,[],22601.655928027518,0,,0.0,,False,0,631.3331183,"[4, 5, 7, 8, 9, 10, 14, 15, 18, 19]",30.0,4,67,0.5,11,1,15,2,17,10,ordinary,22,full_coverage_and_all_discovered_cleared,270,6313.331183,40.0,constant,,0.034818499989341944
12,3,True,0,12,2,4,0,clustered__adversarial-negative__67,clustered__adversarial-negative,8,0,12,10,343,,bounded_transverse_width,,locked,41,0.028620999999994012,10,cached_distance_prefix_sum,0,0,,,,,,True,0,0,0,4,0,0,4,3,329,locked_noskip_width015,[],21867.5328438286,0,,0.0,,False,0,637.8506565,"[4, 5, 7, 8, 9, 10, 14, 15, 18, 19]",30.0,4,67,1.0,12,5,5,4,19,10,ordinary,22,full_coverage_and_all_discovered_cleared,304,6378.506565,40.0,constant,,0.02862016699509695
12,3,True,0,12,2,4,0,clustered__adversarial-negative__67,clustered__adversarial-negative,8,24,12,10,319,,bounded_transverse_width,,locked,41,0.028266999999999598,10,cached_distance_prefix_sum,0,0,,,,,,True,0,0,24,4,0,0,4,3,305,fast_locked_width015,[],21867.5328438286,0,,0.0,,False,0,623.4506564999999,"[4, 5, 7, 8, 9, 10, 14, 15, 18, 19]",30.0,4,67,1.0,12,5,5,4,19,10,ordinary,22,full_coverage_and_all_discovered_cleared,280,6234.506565,40.0,constant,,0.02829941699746996
12,3,True,0,12,2,4,0,clustered__adversarial-negative__67,clustered__adversarial-negative,8,22,12,10,321,,bounded_transverse_width,,locked,41,0.02876499999999993,10,cached_distance_prefix_sum,0,0,,,22,2,22,True,0,0,22,4,0,0,4,3,307,faithful_locked_width015,[],21867.5328438286,0,,0.0,,False,0,624.8506565,"[4, 5, 7, 8, 9, 10, 14, 15, 18, 19]",30.0,4,67,1.0,12,5,5,4,19,10,ordinary,22,full_coverage_and_all_discovered_cleared,284,6248.506565,40.0,constant,,0.02882120799040422
10,1,True,0,10,0,2,0,clustered__adversarial-negative__68,clustered__adversarial-negative,15,,17,15,274,,bounded_transverse_width,,,,0.046427999999998804,15,,0,0,,,,,,,0,0,,2,46,0,2,2,255,width40_f015_22,[],21526.16746655369,0,,0.0,,False,0,392.88223273333335,"[2, 4, 5, 6, 8, 9, 11, 12, 13, 14, 15, 16, 17, 19, 20]",30.0,4,68,,31,18,2,2,24,15,ordinary,22,full_coverage_and_all_discovered_cleared,232,5893.233491,40.0,constant,,0.046485833008773625
10,1,True,0,10,0,2,0,clustered__adversarial-negative__68,clustered__adversarial-negative,15,32,17,15,242,,bounded_transverse_width,,base,0,0.04622200000000021,15,,0,0,,,,,,False,0,0,32,2,46,0,2,2,223,range_width015,[],21526.16746655369,0,,0.0,,False,0,380.08223273333334,"[2, 4, 5, 6, 8, 9, 11, 12, 13, 14, 15, 16, 17, 19, 20]",30.0,4,68,1.0,31,18,2,2,24,15,ordinary,22,full_coverage_and_all_discovered_cleared,200,5701.233491,40.0,constant,,0.0462383339763619
10,1,True,0,10,0,2,0,clustered__adversarial-negative__68,clustered__adversarial-negative,15,30,17,15,244,,bounded_transverse_width,,base,0,0.04647500000000093,15,,0,0,,,30,2,30,False,0,0,30,2,46,0,2,2,225,faithful_width015,[],21526.16746655369,0,,0.0,,False,0,381.0155660666667,"[2, 4, 5, 6, 8, 9, 11, 12, 13, 14, 15, 16, 17, 19, 20]",30.0,4,68,1.0,31,18,2,2,24,15,ordinary,22,full_coverage_and_all_discovered_cleared,204,5715.233491,40.0,constant,,0.046503083023708314
12,0,True,0,12,3,4,0,clustered__adversarial-negative__68,clustered__adversarial-negative,12,0,16,15,321,,bounded_transverse_width,,arc,49,0.053297000000000594,15,cached_distance_prefix_sum,0,0,,,,,,False,0,0,0,4,0,0,2,2,303,arc05_noskip_width015,[],21372.605643777668,0,,0.0,,False,0,409.7680749333333,"[2, 4, 5, 6, 8, 9, 11, 12, 13, 14, 15, 16, 17, 19, 20]",30.0,4,68,0.5,28,7,2,4,27,15,ordinary,22,full_coverage_and_all_discovered_cleared,279,6146.521124,40.0,constant,,0.05332370800897479
12,0,True,0,12,3,4,0,clustered__adversarial-negative__68,clustered__adversarial-negative,12,35,16,15,286,,bounded_transverse_width,,arc,49,0.052523000000000764,15,cached_distance_prefix_sum,0,0,,,,,,False,0,0,35,4,0,0,2,2,268,fast_arc05_width015,[],21372.605643777668,0,,0.0,,False,0,395.8347416,"[2, 4, 5, 6, 8, 9, 11, 12, 13, 14, 15, 16, 17, 19, 20]",30.0,4,68,0.5,28,7,2,4,27,15,ordinary,22,full_coverage_and_all_discovered_cleared,245,5937.521124,40.0,constant,,0.0525546669960022
12,0,True,0,12,3,4,0,clustered__adversarial-negative__68,clustered__adversarial-negative,12,30,16,15,291,,bounded_transverse_width,,arc,49,0.05344500000000352,15,cached_distance_prefix_sum,0,0,,,30,5,30,False,0,0,30,4,0,0,2,2,273,faithful_arc05_width015,[],21372.605643777668,0,,0.0,,False,0,398.1014082666667,"[2, 4, 5, 6, 8, 9, 11, 12, 13, 14, 15, 16, 17, 19, 20]",30.0,4,68,0.5,28,7,2,4,27,15,ordinary,22,full_coverage_and_all_discovered_cleared,254,5971.521124,40.0,constant,,0.053524875023867935
17,4,True,0,17,1,2,0,clustered__adversarial-negative__68,clustered__adversarial-negative,14,0,16,15,330,,bounded_transverse_width,,locked,50,0.04312899999999331,15,cached_distance_prefix_sum,0,0,,,,,,True,0,0,0,2,0,0,3,2,312,locked_noskip_width015,[],21662.968699515048,0,,0.0,,False,0,417.1729157333333,"[2, 4, 5, 6, 8, 9, 11, 12, 13, 14, 15, 16, 17, 19, 20]",30.0,4,68,1.0,30,11,13,2,28,15,ordinary,22,full_coverage_and_all_discovered_cleared,287,6257.593736,40.0,constant,,0.04315199999837205
17,4,True,0,17,1,2,0,clustered__adversarial-negative__68,clustered__adversarial-negative,14,58,16,15,272,,bounded_transverse_width,,locked,50,0.04126200000000324,15,cached_distance_prefix_sum,0,0,,,,,,True,0,0,58,2,0,0,3,2,254,fast_locked_width015,[],21662.968699515048,0,,0.0,,False,0,393.9729157333333,"[2, 4, 5, 6, 8, 9, 11, 12, 13, 14, 15, 16, 17, 19, 20]",30.0,4,68,1.0,30,11,13,2,28,15,ordinary,22,full_coverage_and_all_discovered_cleared,229,5909.593736,40.0,constant,,0.041277249983977526
17,4,True,0,17,1,2,0,clustered__adversarial-negative__68,clustered__adversarial-negative,14,53,16,15,277,,bounded_transverse_width,,locked,50,0.04239499999999907,15,cached_distance_prefix_sum,0,0,,,53,5,53,True,0,0,53,2,0,0,3,2,259,faithful_locked_width015,[],21662.968699515048,0,,0.0,,False,0,396.37291573333334,"[2, 4, 5, 6, 8, 9, 11, 12, 13, 14, 15, 16, 17, 19, 20]",30.0,4,68,1.0,30,11,13,2,28,15,ordinary,22,full_coverage_and_all_discovered_cleared,240,5945.593736,40.0,constant,,0.042434874980244786
3,1,True,0,3,5,7,0,clustered__adversarial-negative__69,clustered__adversarial-negative,10,,17,15,288,,bounded_transverse_width,,,,0.045695999999999515,15,,0,0,,,,,,,0,0,,0,39,0,2,1,269,width40_f015_22,[],20532.651741645004,0,,0.0,,False,0,385.3020228,"[2, 3, 4, 5, 6, 7, 8, 9, 10, 11, 12, 13, 14, 16, 18]",30.0,4,69,,18,4,13,0,17,15,ordinary,22,full_coverage_and_all_discovered_cleared,247,5779.530342,40.0,constant,,0.045756708015687764
3,1,True,0,3,5,7,0,clustered__adversarial-negative__69,clustered__adversarial-negative,10,19,17,15,269,,bounded_transverse_width,,base,0,0.04600699999999591,15,,0,0,,,,,,False,0,0,19,0,39,0,2,1,250,range_width015,[],20532.651741645004,0,,0.0,,False,0,377.7020228,"[2, 3, 4, 5, 6, 7, 8, 9, 10, 11, 12, 13, 14, 16, 18]",30.0,4,69,1.0,18,4,13,0,17,15,ordinary,22,full_coverage_and_all_discovered_cleared,228,5665.530342,40.0,constant,,0.04605229198932648
3,1,True,0,3,5,7,0,clustered__adversarial-negative__69,clustered__adversarial-negative,10,19,17,15,269,,bounded_transverse_width,,base,0,0.046203999999995915,15,,0,0,,,19,0,19,False,0,0,19,0,39,0,2,1,250,faithful_width015,[],20532.651741645004,0,,0.0,,False,0,377.7020228,"[2, 3, 4, 5, 6, 7, 8, 9, 10, 11, 12, 13, 14, 16, 18]",30.0,4,69,1.0,18,4,13,0,17,15,ordinary,22,full_coverage_and_all_discovered_cleared,228,5665.530342,40.0,constant,,0.04623941599857062
6,0,True,0,6,2,3,0,clustered__adversarial-negative__69,clustered__adversarial-negative,13,0,16,15,268,,bounded_transverse_width,,arc,43,0.06492200000000281,15,cached_distance_prefix_sum,0,0,,,,,,False,0,0,0,3,0,0,2,2,250,arc05_noskip_width015,[],19744.342886755523,0,,0.0,,False,0,367.0579047333333,"[2, 3, 4, 5, 6, 7, 8, 9, 10, 11, 12, 13, 14, 16, 18]",30.0,4,69,0.5,34,0,52,3,21,15,ordinary,22,full_coverage_and_all_discovered_cleared,229,5505.868571,40.0,constant,,0.06498466699849814
6,0,True,0,6,2,3,0,clustered__adversarial-negative__69,clustered__adversarial-negative,13,24,16,15,244,,bounded_transverse_width,,arc,43,0.06417499999999876,15,cached_distance_prefix_sum,0,0,,,,,,False,0,0,24,3,0,0,2,2,226,fast_arc05_width015,[],19744.342886755523,0,,0.0,,False,0,357.45790473333335,"[2, 3, 4, 5, 6, 7, 8, 9, 10, 11, 12, 13, 14, 16, 18]",30.0,4,69,0.5,34,0,52,3,21,15,ordinary,22,full_coverage_and_all_discovered_cleared,205,5361.868571,40.0,constant,,0.06418124999618158
6,0,True,0,6,2,3,0,clustered__adversarial-negative__69,clustered__adversarial-negative,13,24,16,15,244,,bounded_transverse_width,,arc,43,0.06468300000000227,15,cached_distance_prefix_sum,0,0,,,24,0,24,False,0,0,24,3,0,0,2,2,226,faithful_arc05_width015,[],19744.342886755523,0,,0.0,,False,0,357.45790473333335,"[2, 3, 4, 5, 6, 7, 8, 9, 10, 11, 12, 13, 14, 16, 18]",30.0,4,69,0.5,34,0,52,3,21,15,ordinary,22,full_coverage_and_all_discovered_cleared,205,5361.868571,40.0,constant,,0.06479312502779067
13,1,True,0,13,6,12,0,clustered__adversarial-negative__69,clustered__adversarial-negative,9,0,21,15,245,,bounded_transverse_width,,locked,49,0.052224999999999966,15,cached_distance_prefix_sum,0,0,,,,,,True,0,0,0,5,0,0,2,2,222,locked_noskip_width015,[],23077.2732655515,0,,0.0,,False,0,400.89697666666666,"[2, 3, 4, 5, 6, 7, 8, 9, 10, 11, 12, 13, 14, 16, 18]",30.0,4,69,1.0,39,3,7,5,27,15,ordinary,22,full_coverage_and_all_discovered_cleared,195,6013.45465,40.0,constant,,0.05223612498957664
13,1,True,0,13,6,12,0,clustered__adversarial-negative__69,clustered__adversarial-negative,9,3,21,15,242,,bounded_transverse_width,,locked,49,0.05243899999999968,15,cached_distance_prefix_sum,0,0,,,,,,True,0,0,3,5,0,0,2,2,219,fast_locked_width015,[],23077.2732655515,0,,0.0,,False,0,399.69697666666667,"[2, 3, 4, 5, 6, 7, 8, 9, 10, 11, 12, 13, 14, 16, 18]",30.0,4,69,1.0,39,3,7,5,27,15,ordinary,22,full_coverage_and_all_discovered_cleared,192,5995.45465,40.0,constant,,0.05247895902721211
13,1,True,0,13,6,12,0,clustered__adversarial-negative__69,clustered__adversarial-negative,9,3,21,15,242,,bounded_transverse_width,,locked,49,0.05247699999999611,15,cached_distance_prefix_sum,0,0,,,3,0,3,True,0,0,3,5,0,0,2,2,219,faithful_locked_width015,[],23077.2732655515,0,,0.0,,False,0,399.69697666666667,"[2, 3, 4, 5, 6, 7, 8, 9, 10, 11, 12, 13, 14, 16, 18]",30.0,4,69,1.0,39,3,7,5,27,15,ordinary,22,full_coverage_and_all_discovered_cleared,192,5995.45465,40.0,constant,,0.05253408296266571
13,3,True,0,13,5,6,0,clustered__adversarial-negative__70,clustered__adversarial-negative,5,,11,10,330,,bounded_transverse_width,,,,0.04094700000000273,10,,0,0,,,,,,,0,0,,2,42,0,4,3,317,width40_f015_22,[],21203.77256149459,0,,0.0,,False,0,616.8754508,"[2, 3, 5, 10, 11, 13, 15, 16, 19, 20]",30.0,4,70,,16,1,1,2,20,10,ordinary,22,full_coverage_and_all_discovered_cleared,290,6168.754508,40.0,constant,,0.040956958022434264
13,3,True,0,13,5,6,0,clustered__adversarial-negative__70,clustered__adversarial-negative,5,8,11,10,322,,bounded_transverse_width,,base,0,0.03571700000000533,10,,0,0,,,,,,False,0,0,8,2,42,0,4,3,309,range_width015,[],21203.77256149459,0,,0.0,,False,0,612.0754508,"[2, 3, 5, 10, 11, 13, 15, 16, 19, 20]",30.0,4,70,1.0,16,1,1,2,20,10,ordinary,22,full_coverage_and_all_discovered_cleared,282,6120.754508,40.0,constant,,0.0357538330135867
13,3,True,0,13,5,6,0,clustered__adversarial-negative__70,clustered__adversarial-negative,5,8,11,10,322,,bounded_transverse_width,,base,0,0.03563400000000172,10,,0,0,,,8,0,8,False,0,0,8,2,42,0,4,3,309,faithful_width015,[],21203.77256149459,0,,0.0,,False,0,612.0754508,"[2, 3, 5, 10, 11, 13, 15, 16, 19, 20]",30.0,4,70,1.0,16,1,1,2,20,10,ordinary,22,full_coverage_and_all_discovered_cleared,282,6120.754508,40.0,constant,,0.03569491702364758
11,0,True,0,11,2,2,0,clustered__adversarial-negative__70,clustered__adversarial-negative,8,0,10,10,314,,bounded_transverse_width,,arc,43,0.03778800000000615,10,cached_distance_prefix_sum,0,0,,,,,,False,0,0,0,4,0,0,2,2,302,arc05_noskip_width015,[],22045.49995259052,0,,0.0,,False,0,624.6099986,"[2, 3, 5, 10, 11, 13, 15, 16, 19, 20]",30.0,4,70,0.5,11,0,7,4,21,10,ordinary,22,full_coverage_and_all_discovered_cleared,277,6246.099986,40.0,constant,,0.03780754096806049
11,0,True,0,11,2,2,0,clustered__adversarial-negative__70,clustered__adversarial-negative,8,1,10,10,313,,bounded_transverse_width,,arc,43,0.0380880000000019,10,cached_distance_prefix_sum,0,0,,,,,,False,0,0,1,4,0,0,2,2,301,fast_arc05_width015,[],22045.49995259052,0,,0.0,,False,0,624.0099986,"[2, 3, 5, 10, 11, 13, 15, 16, 19, 20]",30.0,4,70,0.5,11,0,7,4,21,10,ordinary,22,full_coverage_and_all_discovered_cleared,276,6240.099986,40.0,constant,,0.03810795798199251
11,0,True,0,11,2,2,0,clustered__adversarial-negative__70,clustered__adversarial-negative,8,1,10,10,313,,bounded_transverse_width,,arc,43,0.03884299999999996,10,cached_distance_prefix_sum,0,0,,,1,0,1,False,0,0,1,4,0,0,2,2,301,faithful_arc05_width015,[],22045.49995259052,0,,0.0,,False,0,624.0099986,"[2, 3, 5, 10, 11, 13, 15, 16, 19, 20]",30.0,4,70,0.5,11,0,7,4,21,10,ordinary,22,full_coverage_and_all_discovered_cleared,276,6240.099986,40.0,constant,,0.03887283301446587
11,2,True,0,11,0,2,0,clustered__adversarial-negative__70,clustered__adversarial-negative,10,0,12,10,346,,bounded_transverse_width,,locked,41,0.037624999999998465,10,cached_distance_prefix_sum,0,0,,,,,,True,0,0,0,2,0,0,4,2,332,locked_noskip_width015,[],20525.282242445224,0,,0.0,,False,0,612.8056445999999,"[2, 3, 5, 10, 11, 13, 15, 16, 19, 20]",30.0,4,70,1.0,14,23,2,2,19,10,ordinary,22,full_coverage_and_all_discovered_cleared,307,6128.056446,40.0,constant,,0.03766116697806865
11,2,True,0,11,0,2,0,clustered__adversarial-negative__70,clustered__adversarial-negative,10,22,12,10,324,,bounded_transverse_width,,locked,41,0.03689400000000376,10,cached_distance_prefix_sum,0,0,,,,,,True,0,0,22,2,0,0,4,2,310,fast_locked_width015,[],20525.282242445224,0,,0.0,,False,0,599.7056445999999,"[2, 3, 5, 10, 11, 13, 15, 16, 19, 20]",30.0,4,70,1.0,14,23,2,2,19,10,ordinary,22,full_coverage_and_all_discovered_cleared,286,5997.056446,40.0,constant,,0.03690624999580905
11,2,True,0,11,0,2,0,clustered__adversarial-negative__70,clustered__adversarial-negative,10,20,12,10,326,,bounded_transverse_width,,locked,41,0.03827400000000125,10,cached_distance_prefix_sum,0,0,,,20,2,20,True,0,0,20,2,0,0,4,2,312,faithful_locked_width015,[],20525.282242445224,0,,0.0,,False,0,601.0056446,"[2, 3, 5, 10, 11, 13, 15, 16, 19, 20]",30.0,4,70,1.0,14,23,2,2,19,10,ordinary,22,full_coverage_and_all_discovered_cleared,289,6010.056446,40.0,constant,,0.03851808398030698
9,3,True,0,9,4,4,0,clustered__adversarial-negative__71,clustered__adversarial-negative,8,,12,12,292,,bounded_transverse_width,,,,0.034801000000001636,12,,0,0,,,,,,,0,0,,2,40,0,4,3,278,width40_f015_22,[],22654.91192909873,0,,0.0,,False,0,519.4151984166666,"[1, 2, 4, 5, 7, 9, 10, 13, 17, 18, 19, 20]",30.0,4,71,,17,0,1,2,18,12,ordinary,22,full_coverage_and_all_discovered_cleared,252,6232.982381,40.0,constant,,0.03483412502100691
9,3,True,0,9,4,4,0,clustered__adversarial-negative__71,clustered__adversarial-negative,8,7,12,12,285,,bounded_transverse_width,,base,0,0.03528499999999468,12,,0,0,,,,,,False,0,0,7,2,40,0,4,3,271,range_width015,[],22654.91192909873,0,,0.0,,False,0,515.9151984166666,"[1, 2, 4, 5, 7, 9, 10, 13, 17, 18, 19, 20]",30.0,4,71,1.0,17,0,1,2,18,12,ordinary,22,full_coverage_and_all_discovered_cleared,245,6190.982381,40.0,constant,,0.035364917013794184
9,3,True,0,9,4,4,0,clustered__adversarial-negative__71,clustered__adversarial-negative,8,7,12,12,285,,bounded_transverse_width,,base,0,0.03487100000000254,12,,0,0,,,7,0,7,False,0,0,7,2,40,0,4,3,271,faithful_width015,[],22654.91192909873,0,,0.0,,False,0,515.9151984166666,"[1, 2, 4, 5, 7, 9, 10, 13, 17, 18, 19, 20]",30.0,4,71,1.0,17,0,1,2,18,12,ordinary,22,full_coverage_and_all_discovered_cleared,245,6190.982381,40.0,constant,,0.03488516598008573
9,2,True,0,9,3,5,0,clustered__adversarial-negative__71,clustered__adversarial-negative,9,0,14,12,397,,bounded_transverse_width,,arc,41,0.0476460000000003,12,cached_distance_prefix_sum,0,0,,,,,,False,0,0,0,2,0,0,3,2,381,arc05_noskip_width015,[],21125.134040362813,0,,0.0,,False,0,546.0022336666667,"[1, 2, 4, 5, 7, 9, 10, 13, 17, 18, 19, 20]",30.0,4,71,0.5,16,4,25,2,19,12,ordinary,22,full_coverage_and_all_discovered_cleared,356,6552.026804,40.0,constant,,0.047654790978413075
9,2,True,0,9,3,5,0,clustered__adversarial-negative__71,clustered__adversarial-negative,9,95,14,12,302,,bounded_transverse_width,,arc,41,0.044975000000000875,12,cached_distance_prefix_sum,0,0,,,,,,False,0,0,95,2,0,0,3,2,286,fast_arc05_width015,[],21125.134040362813,0,,0.0,,False,0,498.75223366666665,"[1, 2, 4, 5, 7, 9, 10, 13, 17, 18, 19, 20]",30.0,4,71,0.5,16,4,25,2,19,12,ordinary,22,full_coverage_and_all_discovered_cleared,264,5985.026804,40.0,constant,,0.04507208295399323
9,2,True,0,9,3,5,0,clustered__adversarial-negative__71,clustered__adversarial-negative,9,86,14,12,311,,bounded_transverse_width,,arc,41,0.04608699999999999,12,cached_distance_prefix_sum,0,0,,,86,9,86,False,0,0,86,2,0,0,3,2,295,faithful_arc05_width015,[],21125.134040362813,0,,0.0,,False,0,503.66890033333334,"[1, 2, 4, 5, 7, 9, 10, 13, 17, 18, 19, 20]",30.0,4,71,0.5,16,4,25,2,19,12,ordinary,22,full_coverage_and_all_discovered_cleared,278,6044.026804,40.0,constant,,0.04612845799420029
10,2,True,0,10,4,4,0,clustered__adversarial-negative__71,clustered__adversarial-negative,8,0,12,12,334,,bounded_transverse_width,,locked,42,0.03504300000000171,12,cached_distance_prefix_sum,0,0,,,,,,True,0,0,0,2,0,0,4,3,320,locked_noskip_width015,[],22596.883752076537,0,,0.0,,False,0,539.44806225,"[1, 2, 4, 5, 7, 9, 10, 13, 17, 18, 19, 20]",30.0,4,71,1.0,16,1,13,2,20,12,ordinary,22,full_coverage_and_all_discovered_cleared,294,6473.376747,40.0,constant,,0.03506254102103412
10,2,True,0,10,4,4,0,clustered__adversarial-negative__71,clustered__adversarial-negative,8,34,12,12,300,,bounded_transverse_width,,locked,42,0.034370000000002676,12,cached_distance_prefix_sum,0,0,,,,,,True,0,0,34,2,0,0,4,3,286,fast_locked_width015,[],22596.883752076537,0,,0.0,,False,0,522.44806225,"[1, 2, 4, 5, 7, 9, 10, 13, 17, 18, 19, 20]",30.0,4,71,1.0,16,1,13,2,20,12,ordinary,22,full_coverage_and_all_discovered_cleared,260,6269.376747,40.0,constant,,0.034398874966427684
10,2,True,0,10,4,4,0,clustered__adversarial-negative__71,clustered__adversarial-negative,8,30,12,12,304,,bounded_transverse_width,,locked,42,0.0349119999999985,12,cached_distance_prefix_sum,0,0,,,30,4,30,True,0,0,30,2,0,0,4,3,290,faithful_locked_width015,[],22596.883752076537,0,,0.0,,False,0,524.7813955833334,"[1, 2, 4, 5, 7, 9, 10, 13, 17, 18, 19, 20]",30.0,4,71,1.0,16,1,13,2,20,12,ordinary,22,full_coverage_and_all_discovered_cleared,268,6297.376747,40.0,constant,,0.03503600001567975
13,2,True,0,13,1,2,0,clustered__adversarial-spatial__67,clustered__adversarial-spatial,9,,11,10,334,,bounded_transverse_width,,,,0.028583999999995058,10,,0,0,,,,,,,0,0,,3,43,0,5,3,321,width40_f015_22,[],22279.722782531688,0,,0.0,,False,0,640.9944554,"[4, 5, 7, 8, 9, 10, 14, 15, 18, 19]",30.0,4,67,,17,2,15,3,21,10,ordinary,22,full_coverage_and_all_discovered_cleared,296,6409.944554,40.0,constant,,0.028609665983822197
13,2,True,0,13,1,2,0,clustered__adversarial-spatial__67,clustered__adversarial-spatial,9,14,11,10,320,,bounded_transverse_width,,base,0,0.028235999999999706,10,,0,0,,,,,,False,0,0,14,3,43,0,5,3,307,range_width015,[],22279.722782531688,0,,0.0,,False,0,632.5944554,"[4, 5, 7, 8, 9, 10, 14, 15, 18, 19]",30.0,4,67,1.0,17,2,15,3,21,10,ordinary,22,full_coverage_and_all_discovered_cleared,282,6325.944554,40.0,constant,,0.0282477080472745
13,2,True,0,13,1,2,0,clustered__adversarial-spatial__67,clustered__adversarial-spatial,9,14,11,10,320,,bounded_transverse_width,,base,0,0.02835100000000068,10,,0,0,,,14,0,14,False,0,0,14,3,43,0,5,3,307,faithful_width015,[],22279.722782531688,0,,0.0,,False,0,632.5944554,"[4, 5, 7, 8, 9, 10, 14, 15, 18, 19]",30.0,4,67,1.0,17,2,15,3,21,10,ordinary,22,full_coverage_and_all_discovered_cleared,282,6325.944554,40.0,constant,,0.028369000006932765
12,1,True,0,12,2,4,0,clustered__adversarial-spatial__67,clustered__adversarial-spatial,8,0,12,10,307,,bounded_transverse_width,,arc,43,0.035810000000005004,10,cached_distance_prefix_sum,0,0,,,,,,False,0,0,0,4,0,0,4,3,293,arc05_noskip_width015,[],20966.99788660571,0,,0.0,,False,0,598.4399576,"[4, 5, 7, 8, 9, 10, 14, 15, 18, 19]",30.0,4,67,0.5,12,5,7,4,21,10,ordinary,22,full_coverage_and_all_discovered_cleared,270,5984.399576,40.0,constant,,0.035841082979459316
12,1,True,0,12,2,4,0,clustered__adversarial-spatial__67,clustered__adversarial-spatial,8,6,12,10,301,,bounded_transverse_width,,arc,43,0.0359590000000054,10,cached_distance_prefix_sum,0,0,,,,,,False,0,0,6,4,0,0,4,3,287,fast_arc05_width015,[],20966.99788660571,0,,0.0,,False,0,594.8399575999999,"[4, 5, 7, 8, 9, 10, 14, 15, 18, 19]",30.0,4,67,0.5,12,5,7,4,21,10,ordinary,22,full_coverage_and_all_discovered_cleared,264,5948.399576,40.0,constant,,0.036007291986607015
12,1,True,0,12,2,4,0,clustered__adversarial-spatial__67,clustered__adversarial-spatial,8,6,12,10,301,,bounded_transverse_width,,arc,43,0.03615199999999419,10,cached_distance_prefix_sum,0,0,,,6,0,6,False,0,0,6,4,0,0,4,3,287,faithful_arc05_width015,[],20966.99788660571,0,,0.0,,False,0,594.8399575999999,"[4, 5, 7, 8, 9, 10, 14, 15, 18, 19]",30.0,4,67,0.5,12,5,7,4,21,10,ordinary,22,full_coverage_and_all_discovered_cleared,264,5948.399576,40.0,constant,,0.036156791960820556
9,1,True,0,9,2,2,0,clustered__adversarial-spatial__67,clustered__adversarial-spatial,8,0,10,10,323,,bounded_transverse_width,,locked,40,0.027377000000001317,10,cached_distance_prefix_sum,0,0,,,,,,True,0,0,0,4,0,0,2,2,311,locked_noskip_width015,[],22373.201033780948,0,,0.0,,False,0,636.7640204,"[4, 5, 7, 8, 9, 10, 14, 15, 18, 19]",30.0,4,67,1.0,14,1,21,4,18,10,ordinary,22,full_coverage_and_all_discovered_cleared,288,6367.640204,40.0,constant,,0.02740562497638166
9,1,True,0,9,2,2,0,clustered__adversarial-spatial__67,clustered__adversarial-spatial,8,12,10,10,311,,bounded_transverse_width,,locked,40,0.027047000000003152,10,cached_distance_prefix_sum,0,0,,,,,,True,0,0,12,4,0,0,2,2,299,fast_locked_width015,[],22373.201033780948,0,,0.0,,False,0,629.5640204,"[4, 5, 7, 8, 9, 10, 14, 15, 18, 19]",30.0,4,67,1.0,14,1,21,4,18,10,ordinary,22,full_coverage_and_all_discovered_cleared,276,6295.640204,40.0,constant,,0.027054083009716123
9,1,True,0,9,2,2,0,clustered__adversarial-spatial__67,clustered__adversarial-spatial,8,12,10,10,311,,bounded_transverse_width,,locked,40,0.027442000000000633,10,cached_distance_prefix_sum,0,0,,,12,0,12,True,0,0,12,4,0,0,2,2,299,faithful_locked_width015,[],22373.201033780948,0,,0.0,,False,0,629.5640204,"[4, 5, 7, 8, 9, 10, 14, 15, 18, 19]",30.0,4,67,1.0,14,1,21,4,18,10,ordinary,22,full_coverage_and_all_discovered_cleared,276,6295.640204,40.0,constant,,0.027467957988847047
9,0,True,0,9,1,4,0,clustered__adversarial-spatial__68,clustered__adversarial-spatial,14,,18,15,252,,bounded_transverse_width,,,,0.042464999999999975,15,,0,0,,,,,,,0,0,,4,46,0,2,2,232,width40_f015_22,[],24379.930295853046,0,,0.0,,False,0,421.5324038,"[2, 4, 5, 6, 8, 9, 11, 12, 13, 14, 15, 16, 17, 19, 20]",30.0,4,68,,24,7,22,4,24,15,ordinary,22,full_coverage_and_all_discovered_cleared,203,6322.986057,40.0,constant,,0.04251879203366116
9,0,True,0,9,1,4,0,clustered__adversarial-spatial__68,clustered__adversarial-spatial,14,8,18,15,244,,bounded_transverse_width,,base,0,0.04305500000000251,15,,0,0,,,,,,False,0,0,8,4,46,0,2,2,224,range_width015,[],24379.930295853046,0,,0.0,,False,0,418.3324038,"[2, 4, 5, 6, 8, 9, 11, 12, 13, 14, 15, 16, 17, 19, 20]",30.0,4,68,1.0,24,7,22,4,24,15,ordinary,22,full_coverage_and_all_discovered_cleared,195,6274.986057,40.0,constant,,0.04308120795758441
9,0,True,0,9,1,4,0,clustered__adversarial-spatial__68,clustered__adversarial-spatial,14,8,18,15,244,,bounded_transverse_width,,base,0,0.042349999999999,15,,0,0,,,8,0,8,False,0,0,8,4,46,0,2,2,224,faithful_width015,[],24379.930295853046,0,,0.0,,False,0,418.3324038,"[2, 4, 5, 6, 8, 9, 11, 12, 13, 14, 15, 16, 17, 19, 20]",30.0,4,68,1.0,24,7,22,4,24,15,ordinary,22,full_coverage_and_all_discovered_cleared,195,6274.986057,40.0,constant,,0.04241383296903223
13,1,True,0,13,2,2,0,clustered__adversarial-spatial__68,clustered__adversarial-spatial,13,0,15,15,268,,bounded_transverse_width,,arc,49,0.05854999999999677,15,cached_distance_prefix_sum,0,0,,,,,,False,0,0,0,7,0,0,3,2,251,arc05_noskip_width015,[],20444.288142654346,0,,0.0,,False,0,376.5238418,"[2, 4, 5, 6, 8, 9, 11, 12, 13, 14, 15, 16, 17, 19, 20]",30.0,4,68,0.5,23,4,13,8,27,15,ordinary,22,full_coverage_and_all_discovered_cleared,229,5647.857627,40.0,constant,,0.05860941600985825
13,1,True,0,13,2,2,0,clustered__adversarial-spatial__68,clustered__adversarial-spatial,13,40,15,15,228,,bounded_transverse_width,,arc,49,0.057986999999997124,15,cached_distance_prefix_sum,0,0,,,,,,False,0,0,40,7,0,0,3,2,211,fast_arc05_width015,[],20444.288142654346,0,,0.0,,False,0,360.5905084666667,"[2, 4, 5, 6, 8, 9, 11, 12, 13, 14, 15, 16, 17, 19, 20]",30.0,4,68,0.5,23,4,13,8,27,15,ordinary,22,full_coverage_and_all_discovered_cleared,190,5408.857627,40.0,constant,,0.05800558300688863
13,1,True,0,13,2,2,0,clustered__adversarial-spatial__68,clustered__adversarial-spatial,13,37,15,15,231,,bounded_transverse_width,,arc,49,0.05880499999999955,15,cached_distance_prefix_sum,0,0,,,37,3,37,False,0,0,37,7,0,0,3,2,214,faithful_arc05_width015,[],20444.288142654346,0,,0.0,,False,0,361.8571751333333,"[2, 4, 5, 6, 8, 9, 11, 12, 13, 14, 15, 16, 17, 19, 20]",30.0,4,68,0.5,23,4,13,8,27,15,ordinary,22,full_coverage_and_all_discovered_cleared,194,5427.857627,40.0,constant,,0.05891283298842609
17,3,True,0,17,0,3,1,clustered__adversarial-spatial__68,clustered__adversarial-spatial,15,0,18,15,297,,bounded_transverse_width,,locked,52,0.037917999999997676,15,cached_distance_prefix_sum,0,0,,,,,,True,0,0,0,2,0,0,4,3,277,locked_noskip_width015,[],22773.557947598543,0,,0.0,,False,0,418.24743913333333,"[2, 4, 5, 6, 8, 9, 11, 12, 13, 14, 15, 16, 17, 19, 20]",30.0,4,68,1.0,29,16,42,2,30,15,ordinary,22,full_coverage_and_all_discovered_cleared,250,6273.711587,40.0,constant,,0.03792525001335889
17,3,True,0,17,0,3,1,clustered__adversarial-spatial__68,clustered__adversarial-spatial,15,26,18,15,271,,bounded_transverse_width,,locked,52,0.03734000000000037,15,cached_distance_prefix_sum,0,0,,,,,,True,0,0,26,2,0,0,4,3,251,fast_locked_width015,[],22773.557947598543,0,,0.0,,False,0,407.8474391333333,"[2, 4, 5, 6, 8, 9, 11, 12, 13, 14, 15, 16, 17, 19, 20]",30.0,4,68,1.0,29,16,42,2,30,15,ordinary,22,full_coverage_and_all_discovered_cleared,224,6117.711587,40.0,constant,,0.03736841701902449
17,3,True,0,17,0,3,1,clustered__adversarial-spatial__68,clustered__adversarial-spatial,15,22,18,15,275,,bounded_transverse_width,,locked,52,0.037563999999996156,15,cached_distance_prefix_sum,0,0,,,22,4,22,True,0,0,22,2,0,0,4,3,255,faithful_locked_width015,[],22773.557947598543,0,,0.0,,False,0,409.78077246666663,"[2, 4, 5, 6, 8, 9, 11, 12, 13, 14, 15, 16, 17, 19, 20]",30.0,4,68,1.0,29,16,42,2,30,15,ordinary,22,full_coverage_and_all_discovered_cleared,233,6146.711587,40.0,constant,,0.037609583989251405
4,1,True,0,4,2,4,0,clustered__adversarial-spatial__69,clustered__adversarial-spatial,13,,17,15,266,,bounded_transverse_width,,,,0.04591100000000381,15,,0,0,,,,,,,0,0,,1,40,0,2,1,247,width40_f015_22,[],22079.88695788794,0,,0.0,,False,0,397.06515920000004,"[2, 3, 4, 5, 6, 7, 8, 9, 10, 11, 12, 13, 14, 16, 18]",30.0,4,69,,21,2,4,1,18,15,ordinary,22,full_coverage_and_all_discovered_cleared,224,5955.977388,40.0,constant,,0.04596949997358024
4,1,True,0,4,2,4,0,clustered__adversarial-spatial__69,clustered__adversarial-spatial,13,0,17,15,266,,bounded_transverse_width,,base,0,0.045656999999998504,15,,0,0,,,,,,False,0,0,0,1,40,0,2,1,247,range_width015,[],22079.88695788794,0,,0.0,,False,0,397.06515920000004,"[2, 3, 4, 5, 6, 7, 8, 9, 10, 11, 12, 13, 14, 16, 18]",30.0,4,69,1.0,21,2,4,1,18,15,ordinary,22,full_coverage_and_all_discovered_cleared,224,5955.977388,40.0,constant,,0.04567525000311434
4,1,True,0,4,2,4,0,clustered__adversarial-spatial__69,clustered__adversarial-spatial,13,0,17,15,266,,bounded_transverse_width,,base,0,0.04596000000000089,15,,0,0,,,0,0,0,False,0,0,0,1,40,0,2,1,247,faithful_width015,[],22079.88695788794,0,,0.0,,False,0,397.06515920000004,"[2, 3, 4, 5, 6, 7, 8, 9, 10, 11, 12, 13, 14, 16, 18]",30.0,4,69,1.0,21,2,4,1,18,15,ordinary,22,full_coverage_and_all_discovered_cleared,224,5955.977388,40.0,constant,,0.04599745903396979
14,3,True,0,14,0,1,0,clustered__adversarial-spatial__69,clustered__adversarial-spatial,15,0,16,15,216,,bounded_transverse_width,,arc,48,0.04556699999999836,15,cached_distance_prefix_sum,0,0,,,,,,False,0,0,0,4,0,0,4,2,198,arc05_noskip_width015,[],22074.042780194402,0,,0.0,,False,0,376.98723673333336,"[2, 3, 4, 5, 6, 7, 8, 9, 10, 11, 12, 13, 14, 16, 18]",30.0,4,69,0.5,20,0,6,4,26,15,ordinary,22,full_coverage_and_all_discovered_cleared,172,5654.808551,40.0,constant,,0.045654250017832965
14,3,True,0,14,0,1,0,clustered__adversarial-spatial__69,clustered__adversarial-spatial,15,5,16,15,211,,bounded_transverse_width,,arc,48,0.04540899999999937,15,cached_distance_prefix_sum,0,0,,,,,,False,0,0,5,4,0,0,4,2,193,fast_arc05_width015,[],22074.042780194402,0,,0.0,,False,0,374.98723673333336,"[2, 3, 4, 5, 6, 7, 8, 9, 10, 11, 12, 13, 14, 16, 18]",30.0,4,69,0.5,20,0,6,4,26,15,ordinary,22,full_coverage_and_all_discovered_cleared,167,5624.808551,40.0,constant,,0.04543354199267924
14,3,True,0,14,0,1,0,clustered__adversarial-spatial__69,clustered__adversarial-spatial,15,5,16,15,211,,bounded_transverse_width,,arc,48,0.04551400000000427,15,cached_distance_prefix_sum,0,0,,,5,0,5,False,0,0,5,4,0,0,4,2,193,faithful_arc05_width015,[],22074.042780194402,0,,0.0,,False,0,374.98723673333336,"[2, 3, 4, 5, 6, 7, 8, 9, 10, 11, 12, 13, 14, 16, 18]",30.0,4,69,0.5,20,0,6,4,26,15,ordinary,22,full_coverage_and_all_discovered_cleared,167,5624.808551,40.0,constant,,0.0455360829946585
10,2,True,0,10,3,4,0,clustered__adversarial-spatial__69,clustered__adversarial-spatial,12,0,16,15,228,,bounded_transverse_width,,locked,45,0.042183000000001414,15,cached_distance_prefix_sum,0,0,,,,,,True,0,0,0,3,0,0,2,2,210,locked_noskip_width015,[],21263.117760746107,0,,0.0,,False,0,370.9749033333334,"[2, 3, 4, 5, 6, 7, 8, 9, 10, 11, 12, 13, 14, 16, 18]",30.0,4,69,1.0,35,8,16,3,23,15,ordinary,22,full_coverage_and_all_discovered_cleared,184,5564.62355,40.0,constant,,0.04221141600282863
10,2,True,0,10,3,4,0,clustered__adversarial-spatial__69,clustered__adversarial-spatial,12,3,16,15,225,,bounded_transverse_width,,locked,45,0.04215200000000152,15,cached_distance_prefix_sum,0,0,,,,,,True,0,0,3,3,0,0,2,2,207,fast_locked_width015,[],21263.117760746107,0,,0.0,,False,0,369.7749033333333,"[2, 3, 4, 5, 6, 7, 8, 9, 10, 11, 12, 13, 14, 16, 18]",30.0,4,69,1.0,35,8,16,3,23,15,ordinary,22,full_coverage_and_all_discovered_cleared,181,5546.62355,40.0,constant,,0.042206124984659255
10,2,True,0,10,3,4,0,clustered__adversarial-spatial__69,clustered__adversarial-spatial,12,3,16,15,225,,bounded_transverse_width,,locked,45,0.042137000000003866,15,cached_distance_prefix_sum,0,0,,,3,0,3,True,0,0,3,3,0,0,2,2,207,faithful_locked_width015,[],21263.117760746107,0,,0.0,,False,0,369.7749033333333,"[2, 3, 4, 5, 6, 7, 8, 9, 10, 11, 12, 13, 14, 16, 18]",30.0,4,69,1.0,35,8,16,3,23,15,ordinary,22,full_coverage_and_all_discovered_cleared,181,5546.62355,40.0,constant,,0.04215425002621487
11,2,True,0,11,0,1,1,clustered__adversarial-spatial__70,clustered__adversarial-spatial,10,,11,10,314,,bounded_transverse_width,,,,0.03163800000000094,10,,0,0,,,,,,,0,0,,4,42,0,3,2,301,width40_f015_22,[],21771.374651304646,0,,0.0,,False,0,618.7274927999999,"[2, 3, 5, 10, 11, 13, 15, 16, 19, 20]",30.0,4,70,,16,1,15,4,20,10,ordinary,22,full_coverage_and_all_discovered_cleared,275,6187.274928,40.0,constant,,0.03166191600030288
11,2,True,0,11,0,1,1,clustered__adversarial-spatial__70,clustered__adversarial-spatial,10,2,11,10,312,,bounded_transverse_width,,base,0,0.03219500000000153,10,,0,0,,,,,,False,0,0,2,4,42,0,3,2,299,range_width015,[],21771.374651304646,0,,0.0,,False,0,617.5274928,"[2, 3, 5, 10, 11, 13, 15, 16, 19, 20]",30.0,4,70,1.0,16,1,15,4,20,10,ordinary,22,full_coverage_and_all_discovered_cleared,273,6175.274928,40.0,constant,,0.032245082955341786
11,2,True,0,11,0,1,1,clustered__adversarial-spatial__70,clustered__adversarial-spatial,10,2,11,10,312,,bounded_transverse_width,,base,0,0.03175199999999734,10,,0,0,,,2,0,2,False,0,0,2,4,42,0,3,2,299,faithful_width015,[],21771.374651304646,0,,0.0,,False,0,617.5274928,"[2, 3, 5, 10, 11, 13, 15, 16, 19, 20]",30.0,4,70,1.0,16,1,15,4,20,10,ordinary,22,full_coverage_and_all_discovered_cleared,273,6175.274928,40.0,constant,,0.03175404097419232
13,2,True,0,13,0,1,1,clustered__adversarial-spatial__70,clustered__adversarial-spatial,10,0,11,10,311,,bounded_transverse_width,,arc,44,0.03447699999999543,10,cached_distance_prefix_sum,0,0,,,,,,False,0,0,0,4,0,0,3,2,298,arc05_noskip_width015,[],21724.53597800835,0,,0.0,,False,0,615.9907195,"[2, 3, 5, 10, 11, 13, 15, 16, 19, 20]",30.0,4,70,0.5,16,1,11,4,22,10,ordinary,22,full_coverage_and_all_discovered_cleared,272,6159.907195,40.0,constant,,0.03448983299313113
13,2,True,0,13,0,1,1,clustered__adversarial-spatial__70,clustered__adversarial-spatial,10,0,11,10,311,,bounded_transverse_width,,arc,44,0.03397999999999968,10,cached_distance_prefix_sum,0,0,,,,,,False,0,0,0,4,0,0,3,2,298,fast_arc05_width015,[],21724.53597800835,0,,0.0,,False,0,615.9907195,"[2, 3, 5, 10, 11, 13, 15, 16, 19, 20]",30.0,4,70,0.5,16,1,11,4,22,10,ordinary,22,full_coverage_and_all_discovered_cleared,272,6159.907195,40.0,constant,,0.03398958302568644
13,2,True,0,13,0,1,1,clustered__adversarial-spatial__70,clustered__adversarial-spatial,10,0,11,10,311,,bounded_transverse_width,,arc,44,0.03422899999999629,10,cached_distance_prefix_sum,0,0,,,0,0,0,False,0,0,0,4,0,0,3,2,298,faithful_arc05_width015,[],21724.53597800835,0,,0.0,,False,0,615.9907195,"[2, 3, 5, 10, 11, 13, 15, 16, 19, 20]",30.0,4,70,0.5,16,1,11,4,22,10,ordinary,22,full_coverage_and_all_discovered_cleared,272,6159.907195,40.0,constant,,0.03425800002878532
13,3,True,0,13,0,2,1,clustered__adversarial-spatial__70,clustered__adversarial-spatial,10,0,12,10,341,,bounded_transverse_width,,locked,43,0.035181999999998936,10,cached_distance_prefix_sum,0,0,,,,,,True,0,0,0,1,0,0,4,4,327,locked_noskip_width015,[],21789.398035098304,0,,0.0,,False,0,634.9879607,"[2, 3, 5, 10, 11, 13, 15, 16, 19, 20]",30.0,4,70,1.0,14,9,0,1,21,10,ordinary,22,full_coverage_and_all_discovered_cleared,301,6349.879607,40.0,constant,,0.035197084012907
13,3,True,0,13,0,2,1,clustered__adversarial-spatial__70,clustered__adversarial-spatial,10,18,12,10,323,,bounded_transverse_width,,locked,43,0.03495799999999605,10,cached_distance_prefix_sum,0,0,,,,,,True,0,0,18,1,0,0,4,4,309,fast_locked_width015,[],21789.398035098304,0,,0.0,,False,0,624.2879607,"[2, 3, 5, 10, 11, 13, 15, 16, 19, 20]",30.0,4,70,1.0,14,9,0,1,21,10,ordinary,22,full_coverage_and_all_discovered_cleared,284,6242.879607,40.0,constant,,0.034968000021763146
13,3,True,0,13,0,2,1,clustered__adversarial-spatial__70,clustered__adversarial-spatial,10,16,12,10,325,,bounded_transverse_width,,locked,43,0.03587000000000273,10,cached_distance_prefix_sum,0,0,,,16,2,16,True,0,0,16,1,0,0,4,4,311,faithful_locked_width015,[],21789.398035098304,0,,0.0,,False,0,625.5879606999999,"[2, 3, 5, 10, 11, 13, 15, 16, 19, 20]",30.0,4,70,1.0,14,9,0,1,21,10,ordinary,22,full_coverage_and_all_discovered_cleared,287,6255.879607,40.0,constant,,0.03589220897993073
10,0,True,0,10,3,5,0,clustered__adversarial-spatial__71,clustered__adversarial-spatial,9,,14,12,274,,bounded_transverse_width,,,,0.03945799999999622,12,,0,0,,,,,,,0,0,,1,44,0,3,3,258,width40_f015_22,[],23273.431947985842,0,,0.0,,False,0,520.2238655,"[1, 2, 4, 5, 7, 9, 10, 13, 17, 18, 19, 20]",30.0,4,71,,24,1,10,1,22,12,ordinary,22,full_coverage_and_all_discovered_cleared,232,6242.686386,40.0,constant,,0.039503625012002885
10,0,True,0,10,3,5,0,clustered__adversarial-spatial__71,clustered__adversarial-spatial,9,2,14,12,272,,bounded_transverse_width,,base,0,0.039141999999998234,12,,0,0,,,,,,False,0,0,2,1,44,0,3,3,256,range_width015,[],23273.431947985842,0,,0.0,,False,0,519.2238655,"[1, 2, 4, 5, 7, 9, 10, 13, 17, 18, 19, 20]",30.0,4,71,1.0,24,1,10,1,22,12,ordinary,22,full_coverage_and_all_discovered_cleared,230,6230.686386,40.0,constant,,0.03917270799865946
10,0,True,0,10,3,5,0,clustered__adversarial-spatial__71,clustered__adversarial-spatial,9,2,14,12,272,,bounded_transverse_width,,base,0,0.03909000000000162,12,,0,0,,,2,0,2,False,0,0,2,1,44,0,3,3,256,faithful_width015,[],23273.431947985842,0,,0.0,,False,0,519.3071988333334,"[1, 2, 4, 5, 7, 9, 10, 13, 17, 18, 19, 20]",30.0,4,71,1.0,24,1,10,1,22,12,ordinary,22,full_coverage_and_all_discovered_cleared,231,6231.686386,40.0,constant,,0.03910329198697582
12,4,True,0,12,0,1,1,clustered__adversarial-spatial__71,clustered__adversarial-spatial,12,0,13,12,286,,bounded_transverse_width,,arc,43,0.03851299999999469,12,cached_distance_prefix_sum,0,0,,,,,,False,0,0,0,4,0,0,5,3,271,arc05_noskip_width015,[],21081.896352086453,0,,0.0,,False,0,490.0316056666666,"[1, 2, 4, 5, 7, 9, 10, 13, 17, 18, 19, 20]",30.0,4,71,0.5,12,5,22,5,21,12,ordinary,22,full_coverage_and_all_discovered_cleared,246,5880.379268,40.0,constant,,0.03851587499957532
12,4,True,0,12,0,1,1,clustered__adversarial-spatial__71,clustered__adversarial-spatial,12,2,13,12,284,,bounded_transverse_width,,arc,43,0.03886800000000079,12,cached_distance_prefix_sum,0,0,,,,,,False,0,0,2,4,0,0,5,3,269,fast_arc05_width015,[],21081.896352086453,0,,0.0,,False,0,489.0316056666666,"[1, 2, 4, 5, 7, 9, 10, 13, 17, 18, 19, 20]",30.0,4,71,0.5,12,5,22,5,21,12,ordinary,22,full_coverage_and_all_discovered_cleared,244,5868.379268,40.0,constant,,0.03891695797210559
12,4,True,0,12,0,1,1,clustered__adversarial-spatial__71,clustered__adversarial-spatial,12,2,13,12,284,,bounded_transverse_width,,arc,43,0.0384949999999975,12,cached_distance_prefix_sum,0,0,,,2,0,2,False,0,0,2,4,0,0,5,3,269,faithful_arc05_width015,[],21081.896352086453,0,,0.0,,False,0,489.0316056666666,"[1, 2, 4, 5, 7, 9, 10, 13, 17, 18, 19, 20]",30.0,4,71,0.5,12,5,22,5,21,12,ordinary,22,full_coverage_and_all_discovered_cleared,244,5868.379268,40.0,constant,,0.038504458963871
14,5,True,0,14,1,2,1,clustered__adversarial-spatial__71,clustered__adversarial-spatial,11,0,13,12,337,,bounded_transverse_width,,locked,44,0.034911000000001025,12,cached_distance_prefix_sum,0,0,,,,,,True,0,0,0,2,0,0,5,3,322,locked_noskip_width015,[],23155.901027409556,0,,0.0,,False,0,550.0150169166667,"[1, 2, 4, 5, 7, 9, 10, 13, 17, 18, 19, 20]",30.0,4,71,1.0,16,7,15,2,22,12,ordinary,22,full_coverage_and_all_discovered_cleared,296,6600.180203,40.0,constant,,0.03492850001202896
14,5,True,0,14,1,2,1,clustered__adversarial-spatial__71,clustered__adversarial-spatial,11,34,13,12,303,,bounded_transverse_width,,locked,44,0.03466799999999637,12,cached_distance_prefix_sum,0,0,,,,,,True,0,0,34,2,0,0,5,3,288,fast_locked_width015,[],23155.901027409556,0,,0.0,,False,0,533.0150169166667,"[1, 2, 4, 5, 7, 9, 10, 13, 17, 18, 19, 20]",30.0,4,71,1.0,16,7,15,2,22,12,ordinary,22,full_coverage_and_all_discovered_cleared,262,6396.180203,40.0,constant,,0.034677499963436276
14,5,True,0,14,1,2,1,clustered__adversarial-spatial__71,clustered__adversarial-spatial,11,30,13,12,307,,bounded_transverse_width,,locked,44,0.035100999999997384,12,cached_distance_prefix_sum,0,0,,,30,4,30,True,0,0,30,2,0,0,5,3,292,faithful_locked_width015,[],23155.901027409556,0,,0.0,,False,0,535.34835025,"[1, 2, 4, 5, 7, 9, 10, 13, 17, 18, 19, 20]",30.0,4,71,1.0,16,7,15,2,22,12,ordinary,22,full_coverage_and_all_discovered_cleared,270,6424.180203,40.0,constant,,0.035172500007320195
25,12,True,0,25,0,1,4,boundary_outward_min__n10__positive,boundary_outward_min,10,,11,10,393,,bounded_transverse_width,,,,0.026440999999998382,10,,0,0,,,,,,,0,0,,0,49,0,4,3,380,width40_f015_22,[],25237.382726659594,0,,0.0,,False,0,735.3476549,"[1, 2, 7, 10, 11, 13, 14, 15, 18, 20]",30.0,4,142,,1,7,0,0,27,10,stress,22,full_coverage_and_all_discovered_cleared,353,7353.476549,40.0,constant,,0.026462333975359797
25,12,True,0,25,0,1,4,boundary_outward_min__n10__positive,boundary_outward_min,10,9,11,10,384,,bounded_transverse_width,,base,0,0.02656499999999795,10,,0,0,,,,,,False,0,0,9,0,49,0,4,3,371,range_width015,[],25237.382726659594,0,,0.0,,False,0,729.9476549,"[1, 2, 7, 10, 11, 13, 14, 15, 18, 20]",30.0,4,142,1.0,1,7,0,0,27,10,stress,22,full_coverage_and_all_discovered_cleared,344,7299.476549,40.0,constant,,0.026580833015032113
25,12,True,0,25,0,1,4,boundary_outward_min__n10__positive,boundary_outward_min,10,5,11,10,388,,bounded_transverse_width,,base,0,0.027202000000002613,10,,0,0,,,5,4,5,False,0,0,5,0,49,0,4,3,375,faithful_width015,[],25237.382726659594,0,,0.0,,False,0,732.3476549,"[1, 2, 7, 10, 11, 13, 14, 15, 18, 20]",30.0,4,142,1.0,1,7,0,0,27,10,stress,22,full_coverage_and_all_discovered_cleared,348,7323.476549,40.0,constant,,0.027215874986723065
26,13,True,0,26,0,1,4,boundary_outward_min__n10__positive,boundary_outward_min,10,0,11,10,376,,bounded_transverse_width,,arc,49,0.028239999999996712,10,cached_distance_prefix_sum,0,0,,,,,,False,0,0,0,0,0,0,4,3,363,arc05_noskip_width015,[],23110.78326594751,0,,0.0,,False,0,682.4156657000001,"[1, 2, 7, 10, 11, 13, 14, 15, 18, 20]",30.0,4,142,0.5,0,0,0,0,27,10,stress,22,full_coverage_and_all_discovered_cleared,334,6824.156657,40.0,constant,,0.028275957971345633
26,13,True,0,26,0,1,4,boundary_outward_min__n10__positive,boundary_outward_min,10,0,11,10,376,,bounded_transverse_width,,arc,49,0.028379000000001042,10,cached_distance_prefix_sum,0,0,,,,,,False,0,0,0,0,0,0,4,3,363,fast_arc05_width015,[],23110.78326594751,0,,0.0,,False,0,682.4156657000001,"[1, 2, 7, 10, 11, 13, 14, 15, 18, 20]",30.0,4,142,0.5,0,0,0,0,27,10,stress,22,full_coverage_and_all_discovered_cleared,334,6824.156657,40.0,constant,,0.02846766699803993
26,13,True,0,26,0,1,4,boundary_outward_min__n10__positive,boundary_outward_min,10,0,11,10,376,,bounded_transverse_width,,arc,49,0.02752699999999919,10,cached_distance_prefix_sum,0,0,,,0,0,0,False,0,0,0,0,0,0,4,3,363,faithful_arc05_width015,[],23110.78326594751,0,,0.0,,False,0,682.4156657000001,"[1, 2, 7, 10, 11, 13, 14, 15, 18, 20]",30.0,4,142,0.5,0,0,0,0,27,10,stress,22,full_coverage_and_all_discovered_cleared,334,6824.156657,40.0,constant,,0.02752708300249651
22,13,True,0,22,0,0,4,boundary_outward_min__n10__positive,boundary_outward_min,10,0,10,10,411,,bounded_transverse_width,,locked,45,0.02209900000000431,10,cached_distance_prefix_sum,0,0,,,,,,True,0,0,0,0,0,0,4,2,399,locked_noskip_width015,[],22235.476692979326,0,,0.0,,False,0,686.4095343,"[1, 2, 7, 10, 11, 13, 14, 15, 18, 20]",30.0,4,142,1.0,1,2,1,0,23,10,stress,22,full_coverage_and_all_discovered_cleared,372,6864.095343,40.0,constant,,0.022129957971628755
22,13,True,0,22,0,0,4,boundary_outward_min__n10__positive,boundary_outward_min,10,7,10,10,404,,bounded_transverse_width,,locked,45,0.022070999999996843,10,cached_distance_prefix_sum,0,0,,,,,,True,0,0,7,0,0,0,4,2,392,fast_locked_width015,[],22235.476692979326,0,,0.0,,False,0,682.2095343,"[1, 2, 7, 10, 11, 13, 14, 15, 18, 20]",30.0,4,142,1.0,1,2,1,0,23,10,stress,22,full_coverage_and_all_discovered_cleared,365,6822.095343,40.0,constant,,0.022091042017564178
22,13,True,0,22,0,0,4,boundary_outward_min__n10__positive,boundary_outward_min,10,7,10,10,404,,bounded_transverse_width,,locked,45,0.022460000000002367,10,cached_distance_prefix_sum,0,0,,,7,0,7,True,0,0,7,0,0,0,4,2,392,faithful_locked_width015,[],22235.476692979326,0,,0.0,,False,0,682.2095343,"[1, 2, 7, 10, 11, 13, 14, 15, 18, 20]",30.0,4,142,1.0,1,2,1,0,23,10,stress,22,full_coverage_and_all_discovered_cleared,365,6822.095343,40.0,constant,,0.02248812501784414
24,14,True,0,24,0,0,4,boundary_outward_min__n10__negative,boundary_outward_min,10,,10,10,385,,bounded_transverse_width,,,,0.023913000000000295,10,,0,0,,,,,,,0,0,,1,46,0,4,2,373,width40_f015_22,[],23357.725816298294,0,,0.0,,False,0,693.1545155,"[1, 2, 7, 10, 11, 13, 14, 15, 18, 20]",30.0,4,143,,1,1,0,1,24,10,stress,22,full_coverage_and_all_discovered_cleared,345,6931.545155,40.0,constant,,0.023929957998916507
24,14,True,0,24,0,0,4,boundary_outward_min__n10__negative,boundary_outward_min,10,0,10,10,385,,bounded_transverse_width,,base,0,0.023765000000004477,10,,0,0,,,,,,False,0,0,0,1,46,0,4,2,373,range_width015,[],23357.725816298294,0,,0.0,,False,0,693.1545155,"[1, 2, 7, 10, 11, 13, 14, 15, 18, 20]",30.0,4,143,1.0,1,1,0,1,24,10,stress,22,full_coverage_and_all_discovered_cleared,345,6931.545155,40.0,constant,,0.0237907919799909
24,14,True,0,24,0,0,4,boundary_outward_min__n10__negative,boundary_outward_min,10,0,10,10,385,,bounded_transverse_width,,base,0,0.023967000000006067,10,,0,0,,,0,0,0,False,0,0,0,1,46,0,4,2,373,faithful_width015,[],23357.725816298294,0,,0.0,,False,0,693.1545155,"[1, 2, 7, 10, 11, 13, 14, 15, 18, 20]",30.0,4,143,1.0,1,1,0,1,24,10,stress,22,full_coverage_and_all_discovered_cleared,345,6931.545155,40.0,constant,,0.023976541007868946
25,13,True,0,25,0,1,4,boundary_outward_min__n10__negative,boundary_outward_min,10,0,11,10,375,,bounded_transverse_width,,arc,48,0.026192999999999245,10,cached_distance_prefix_sum,0,0,,,,,,False,0,0,0,0,0,0,4,3,362,arc05_noskip_width015,[],23105.63931319531,0,,0.0,,False,0,681.8127855,"[1, 2, 7, 10, 11, 13, 14, 15, 18, 20]",30.0,4,143,0.5,0,0,0,0,26,10,stress,22,full_coverage_and_all_discovered_cleared,334,6818.127855,40.0,constant,,0.026195208018179983
25,13,True,0,25,0,1,4,boundary_outward_min__n10__negative,boundary_outward_min,10,0,11,10,375,,bounded_transverse_width,,arc,48,0.026187999999997658,10,cached_distance_prefix_sum,0,0,,,,,,False,0,0,0,0,0,0,4,3,362,fast_arc05_width015,[],23105.63931319531,0,,0.0,,False,0,681.8127855,"[1, 2, 7, 10, 11, 13, 14, 15, 18, 20]",30.0,4,143,0.5,0,0,0,0,26,10,stress,22,full_coverage_and_all_discovered_cleared,334,6818.127855,40.0,constant,,0.026209208008367568
25,13,True,0,25,0,1,4,boundary_outward_min__n10__negative,boundary_outward_min,10,0,11,10,375,,bounded_transverse_width,,arc,48,0.02637099999999748,10,cached_distance_prefix_sum,0,0,,,0,0,0,False,0,0,0,0,0,0,4,3,362,faithful_arc05_width015,[],23105.63931319531,0,,0.0,,False,0,681.8127855,"[1, 2, 7, 10, 11, 13, 14, 15, 18, 20]",30.0,4,143,0.5,0,0,0,0,26,10,stress,22,full_coverage_and_all_discovered_cleared,334,6818.127855,40.0,constant,,0.02641162497457117
21,12,True,0,21,1,1,4,boundary_outward_min__n10__negative,boundary_outward_min,9,0,10,10,411,,bounded_transverse_width,,locked,45,0.022551999999997463,10,cached_distance_prefix_sum,0,0,,,,,,True,0,0,0,0,0,0,4,2,399,locked_noskip_width015,[],22292.80256289488,0,,0.0,,False,0,687.6560506,"[1, 2, 7, 10, 11, 13, 14, 15, 18, 20]",30.0,4,143,1.0,1,2,0,0,23,10,stress,22,full_coverage_and_all_discovered_cleared,373,6876.560506,40.0,constant,,0.022552167007233948
21,12,True,0,21,1,1,4,boundary_outward_min__n10__negative,boundary_outward_min,9,7,10,10,404,,bounded_transverse_width,,locked,45,0.02213500000000579,10,cached_distance_prefix_sum,0,0,,,,,,True,0,0,7,0,0,0,4,2,392,fast_locked_width015,[],22292.80256289488,0,,0.0,,False,0,683.4560506,"[1, 2, 7, 10, 11, 13, 14, 15, 18, 20]",30.0,4,143,1.0,1,2,0,0,23,10,stress,22,full_coverage_and_all_discovered_cleared,366,6834.560506,40.0,constant,,0.02214462502161041
21,12,True,0,21,1,1,4,boundary_outward_min__n10__negative,boundary_outward_min,9,7,10,10,404,,bounded_transverse_width,,locked,45,0.022247999999997603,10,cached_distance_prefix_sum,0,0,,,7,0,7,True,0,0,7,0,0,0,4,2,392,faithful_locked_width015,[],22292.80256289488,0,,0.0,,False,0,683.4560506,"[1, 2, 7, 10, 11, 13, 14, 15, 18, 20]",30.0,4,143,1.0,1,2,0,0,23,10,stress,22,full_coverage_and_all_discovered_cleared,366,6834.560506,40.0,constant,,0.02226100000552833
25,13,True,0,25,0,1,4,boundary_outward_min__n10__spatial,boundary_outward_min,10,,11,10,393,,bounded_transverse_width,,,,0.02587700000000126,10,,0,0,,,,,,,0,0,,0,48,0,4,2,380,width40_f015_22,[],25340.93162838304,0,,0.0,,False,0,737.4186329,"[1, 2, 7, 10, 11, 13, 14, 15, 18, 20]",30.0,4,144,,1,7,0,0,26,10,stress,22,full_coverage_and_all_discovered_cleared,353,7374.186329,40.0,constant,,0.02589395805262029
25,13,True,0,25,0,1,4,boundary_outward_min__n10__spatial,boundary_outward_min,10,9,11,10,384,,bounded_transverse_width,,base,0,0.024995999999994467,10,,0,0,,,,,,False,0,0,9,0,48,0,4,2,371,range_width015,[],25340.93162838304,0,,0.0,,False,0,732.0186329000001,"[1, 2, 7, 10, 11, 13, 14, 15, 18, 20]",30.0,4,144,1.0,1,7,0,0,26,10,stress,22,full_coverage_and_all_discovered_cleared,344,7320.186329,40.0,constant,,0.024995707964990288
25,13,True,0,25,0,1,4,boundary_outward_min__n10__spatial,boundary_outward_min,10,5,11,10,388,,bounded_transverse_width,,base,0,0.026395000000000834,10,,0,0,,,5,4,5,False,0,0,5,0,48,0,4,2,375,faithful_width015,[],25340.93162838304,0,,0.0,,False,0,734.4186329,"[1, 2, 7, 10, 11, 13, 14, 15, 18, 20]",30.0,4,144,1.0,1,7,0,0,26,10,stress,22,full_coverage_and_all_discovered_cleared,348,7344.186329,40.0,constant,,0.026482499961275607
26,14,True,0,26,0,1,4,boundary_outward_min__n10__spatial,boundary_outward_min,10,0,11,10,376,,bounded_transverse_width,,arc,48,0.026977999999999724,10,cached_distance_prefix_sum,0,0,,,,,,False,0,0,0,0,0,0,4,2,363,arc05_noskip_width015,[],23204.000909768274,0,,0.0,,False,0,684.2800187,"[1, 2, 7, 10, 11, 13, 14, 15, 18, 20]",30.0,4,144,0.5,0,0,0,0,26,10,stress,22,full_coverage_and_all_discovered_cleared,334,6842.800187,40.0,constant,,0.027052041958086193
26,14,True,0,26,0,1,4,boundary_outward_min__n10__spatial,boundary_outward_min,10,0,11,10,376,,bounded_transverse_width,,arc,48,0.0264839999999964,10,cached_distance_prefix_sum,0,0,,,,,,False,0,0,0,0,0,0,4,2,363,fast_arc05_width015,[],23204.000909768274,0,,0.0,,False,0,684.2800187,"[1, 2, 7, 10, 11, 13, 14, 15, 18, 20]",30.0,4,144,0.5,0,0,0,0,26,10,stress,22,full_coverage_and_all_discovered_cleared,334,6842.800187,40.0,constant,,0.02648895897436887
26,14,True,0,26,0,1,4,boundary_outward_min__n10__spatial,boundary_outward_min,10,0,11,10,376,,bounded_transverse_width,,arc,48,0.026493000000002098,10,cached_distance_prefix_sum,0,0,,,0,0,0,False,0,0,0,0,0,0,4,2,363,faithful_arc05_width015,[],23204.000909768274,0,,0.0,,False,0,684.2800187,"[1, 2, 7, 10, 11, 13, 14, 15, 18, 20]",30.0,4,144,0.5,0,0,0,0,26,10,stress,22,full_coverage_and_all_discovered_cleared,334,6842.800187,40.0,constant,,0.026511707983445376
23,14,True,0,23,0,0,4,boundary_outward_min__n10__spatial,boundary_outward_min,10,0,10,10,412,,bounded_transverse_width,,locked,45,0.02192099999999897,10,cached_distance_prefix_sum,0,0,,,,,,True,0,0,0,0,0,0,4,2,400,locked_noskip_width015,[],22387.39310093964,0,,0.0,,False,0,689.9478624000001,"[1, 2, 7, 10, 11, 13, 14, 15, 18, 20]",30.0,4,144,1.0,1,2,1,0,23,10,stress,22,full_coverage_and_all_discovered_cleared,372,6899.478624,40.0,constant,,0.021921000035945326
23,14,True,0,23,0,0,4,boundary_outward_min__n10__spatial,boundary_outward_min,10,7,10,10,405,,bounded_transverse_width,,locked,45,0.021613999999999578,10,cached_distance_prefix_sum,0,0,,,,,,True,0,0,7,0,0,0,4,2,393,fast_locked_width015,[],22387.39310093964,0,,0.0,,False,0,685.7478624,"[1, 2, 7, 10, 11, 13, 14, 15, 18, 20]",30.0,4,144,1.0,1,2,1,0,23,10,stress,22,full_coverage_and_all_discovered_cleared,365,6857.478624,40.0,constant,,0.02162704197689891
23,14,True,0,23,0,0,4,boundary_outward_min__n10__spatial,boundary_outward_min,10,7,10,10,405,,bounded_transverse_width,,locked,45,0.02201300000000117,10,cached_distance_prefix_sum,0,0,,,7,0,7,True,0,0,7,0,0,0,4,2,393,faithful_locked_width015,[],22387.39310093964,0,,0.0,,False,0,685.7478624,"[1, 2, 7, 10, 11, 13, 14, 15, 18, 20]",30.0,4,144,1.0,1,2,1,0,23,10,stress,22,full_coverage_and_all_discovered_cleared,365,6857.478624,40.0,constant,,0.02204754203557968
42,25,True,0,42,0,1,8,boundary_outward_min__n16__positive,boundary_outward_min,16,,17,16,351,,bounded_transverse_width,,,,0.032095999999995684,16,,0,0,,,,,,,0,0,,0,62,1,4,3,332,width40_f015_22,[],27095.738577971668,0,,0.0,,False,0,466.38423225,"[2, 3, 4, 5, 6, 7, 8, 9, 10, 11, 12, 14, 15, 16, 18, 20]",30.0,4,145,,5,7,0,0,41,16,stress,21,public_upper_bound_16,300,7462.147716,40.0,constant,,0.032143249991349876
42,25,True,0,42,0,1,8,boundary_outward_min__n16__positive,boundary_outward_min,16,0,17,16,351,,bounded_transverse_width,,base,0,0.03219199999999489,16,,0,0,,,,,,False,0,0,0,0,62,1,4,3,332,range_width015,[],27095.738577971668,0,,0.0,,False,0,466.38423225,"[2, 3, 4, 5, 6, 7, 8, 9, 10, 11, 12, 14, 15, 16, 18, 20]",30.0,4,145,1.0,5,7,0,0,41,16,stress,21,public_upper_bound_16,300,7462.147716,40.0,constant,,0.032208167016506195
42,25,True,0,42,0,1,8,boundary_outward_min__n16__positive,boundary_outward_min,16,0,17,16,351,,bounded_transverse_width,,base,0,0.03203699999999543,16,,0,0,,,0,0,0,False,0,0,0,0,62,1,4,3,332,faithful_width015,[],27095.738577971668,0,,0.0,,False,0,466.38423225,"[2, 3, 4, 5, 6, 7, 8, 9, 10, 11, 12, 14, 15, 16, 18, 20]",30.0,4,145,1.0,5,7,0,0,41,16,stress,21,public_upper_bound_16,300,7462.147716,40.0,constant,,0.0320562919951044
41,24,True,0,41,0,1,8,boundary_outward_min__n16__positive,boundary_outward_min,16,0,17,16,343,,bounded_transverse_width,,arc,63,0.0338429999999974,16,cached_distance_prefix_sum,0,0,,,,,,False,0,0,0,0,0,0,4,3,324,arc05_noskip_width015,[],27118.703813775977,0,,0.0,,False,0,463.6087978125,"[2, 3, 4, 5, 6, 7, 8, 9, 10, 11, 12, 14, 15, 16, 18, 20]",30.0,4,145,0.5,0,0,0,0,41,16,stress,22,public_upper_bound_16,291,7417.740765,40.0,constant,,0.03387020801892504
41,24,True,0,41,0,1,8,boundary_outward_min__n16__positive,boundary_outward_min,16,0,17,16,343,,bounded_transverse_width,,arc,63,0.03391500000000036,16,cached_distance_prefix_sum,0,0,,,,,,False,0,0,0,0,0,0,4,3,324,fast_arc05_width015,[],27118.703813775977,0,,0.0,,False,0,463.6087978125,"[2, 3, 4, 5, 6, 7, 8, 9, 10, 11, 12, 14, 15, 16, 18, 20]",30.0,4,145,0.5,0,0,0,0,41,16,stress,22,public_upper_bound_16,291,7417.740765,40.0,constant,,0.0339686669758521
41,24,True,0,41,0,1,8,boundary_outward_min__n16__positive,boundary_outward_min,16,0,17,16,343,,bounded_transverse_width,,arc,63,0.03400500000000051,16,cached_distance_prefix_sum,0,0,,,0,0,0,False,0,0,0,0,0,0,4,3,324,faithful_arc05_width015,[],27118.703813775977,0,,0.0,,False,0,463.6087978125,"[2, 3, 4, 5, 6, 7, 8, 9, 10, 11, 12, 14, 15, 16, 18, 20]",30.0,4,145,0.5,0,0,0,0,41,16,stress,22,public_upper_bound_16,291,7417.740765,40.0,constant,,0.034029999980702996
36,23,True,0,36,0,0,8,boundary_outward_min__n16__positive,boundary_outward_min,16,0,16,16,401,,bounded_transverse_width,,locked,59,0.029705999999997346,16,cached_distance_prefix_sum,0,0,,,,,,True,0,0,0,0,0,0,4,2,383,locked_noskip_width015,[],25418.888361162783,0,,0.0,,False,0,464.4236046875,"[2, 3, 4, 5, 6, 7, 8, 9, 10, 11, 12, 14, 15, 16, 18, 20]",30.0,4,145,1.0,4,26,0,0,37,16,stress,22,public_upper_bound_16,352,7430.777675,40.0,constant,,0.029726125008892268
36,23,True,0,36,0,0,8,boundary_outward_min__n16__positive,boundary_outward_min,16,17,16,16,384,,bounded_transverse_width,,locked,59,0.02921800000000019,16,cached_distance_prefix_sum,0,0,,,,,,True,0,0,17,0,0,0,4,2,366,fast_locked_width015,[],25418.888361162783,0,,0.0,,False,0,458.0486046875,"[2, 3, 4, 5, 6, 7, 8, 9, 10, 11, 12, 14, 15, 16, 18, 20]",30.0,4,145,1.0,4,26,0,0,37,16,stress,22,public_upper_bound_16,335,7328.777675,40.0,constant,,0.029236749978736043
36,23,True,0,36,0,0,8,boundary_outward_min__n16__positive,boundary_outward_min,16,17,16,16,384,,bounded_transverse_width,,locked,59,0.029920000000004165,16,cached_distance_prefix_sum,0,0,,,17,0,17,True,0,0,17,0,0,0,4,2,366,faithful_locked_width015,[],25418.888361162783,0,,0.0,,False,0,458.0486046875,"[2, 3, 4, 5, 6, 7, 8, 9, 10, 11, 12, 14, 15, 16, 18, 20]",30.0,4,145,1.0,4,26,0,0,37,16,stress,22,public_upper_bound_16,335,7328.777675,40.0,constant,,0.029934416990727186
37,23,True,0,37,0,0,8,boundary_outward_min__n16__negative,boundary_outward_min,16,,16,16,355,,bounded_transverse_width,,,,0.031601999999999464,16,,0,0,,,,,,,0,0,,1,57,3,4,2,337,width40_f015_22,[],25770.89697682271,0,,0.0,,False,0,451.5737125625,"[2, 3, 4, 5, 6, 7, 8, 9, 10, 11, 12, 14, 15, 16, 18, 20]",30.0,4,146,,8,18,0,1,38,16,stress,19,public_upper_bound_16,306,7225.179401,40.0,constant,,0.03161624999484047
37,23,True,0,37,0,0,8,boundary_outward_min__n16__negative,boundary_outward_min,16,15,16,16,340,,bounded_transverse_width,,base,0,0.0363490000000013,16,,0,0,,,,,,False,0,0,15,1,57,3,4,2,322,range_width015,[],25770.89697682271,0,,0.0,,False,0,446.0112125625,"[2, 3, 4, 5, 6, 7, 8, 9, 10, 11, 12, 14, 15, 16, 18, 20]",30.0,4,146,1.0,8,18,0,1,38,16,stress,19,public_upper_bound_16,292,7136.179401,40.0,constant,,0.036373917013406754
37,23,True,0,37,0,0,8,boundary_outward_min__n16__negative,boundary_outward_min,16,15,16,16,340,,bounded_transverse_width,,base,0,0.03141999999999712,16,,0,0,,,15,0,15,False,0,0,15,1,57,3,4,2,322,faithful_width015,[],25770.89697682271,0,,0.0,,False,0,446.0112125625,"[2, 3, 4, 5, 6, 7, 8, 9, 10, 11, 12, 14, 15, 16, 18, 20]",30.0,4,146,1.0,8,18,0,1,38,16,stress,19,public_upper_bound_16,292,7136.179401,40.0,constant,,0.03145162499276921
39,23,True,0,39,0,1,8,boundary_outward_min__n16__negative,boundary_outward_min,16,0,17,16,342,,bounded_transverse_width,,arc,62,0.033174999999999955,16,cached_distance_prefix_sum,0,0,,,,,,False,0,0,0,0,0,0,4,3,323,arc05_noskip_width015,[],26997.61779396342,0,,0.0,,False,0,461.9077228125,"[2, 3, 4, 5, 6, 7, 8, 9, 10, 11, 12, 14, 15, 16, 18, 20]",30.0,4,146,0.5,1,2,0,0,40,16,stress,22,public_upper_bound_16,293,7390.523565,40.0,constant,,0.03323029197053984
39,23,True,0,39,0,1,8,boundary_outward_min__n16__negative,boundary_outward_min,16,0,17,16,342,,bounded_transverse_width,,arc,62,0.03295299999999912,16,cached_distance_prefix_sum,0,0,,,,,,False,0,0,0,0,0,0,4,3,323,fast_arc05_width015,[],26997.61779396342,0,,0.0,,False,0,461.9077228125,"[2, 3, 4, 5, 6, 7, 8, 9, 10, 11, 12, 14, 15, 16, 18, 20]",30.0,4,146,0.5,1,2,0,0,40,16,stress,22,public_upper_bound_16,293,7390.523565,40.0,constant,,0.03299187502125278
39,23,True,0,39,0,1,8,boundary_outward_min__n16__negative,boundary_outward_min,16,0,17,16,342,,bounded_transverse_width,,arc,62,0.033049999999995805,16,cached_distance_prefix_sum,0,0,,,0,0,0,False,0,0,0,0,0,0,4,3,323,faithful_arc05_width015,[],26997.61779396342,0,,0.0,,False,0,461.9077228125,"[2, 3, 4, 5, 6, 7, 8, 9, 10, 11, 12, 14, 15, 16, 18, 20]",30.0,4,146,0.5,1,2,0,0,40,16,stress,22,public_upper_bound_16,293,7390.523565,40.0,constant,,0.03305566601920873
35,22,True,0,35,1,1,8,boundary_outward_min__n16__negative,boundary_outward_min,15,0,16,16,399,,bounded_transverse_width,,locked,59,0.030356999999995082,16,cached_distance_prefix_sum,0,0,,,,,,True,0,0,0,0,0,0,4,2,381,locked_noskip_width015,[],25422.688125608624,0,,0.0,,False,0,463.7211020625,"[2, 3, 4, 5, 6, 7, 8, 9, 10, 11, 12, 14, 15, 16, 18, 20]",30.0,4,146,1.0,3,20,0,0,37,16,stress,22,public_upper_bound_16,350,7419.537633,40.0,constant,,0.030375832982826978
35,22,True,0,35,1,1,8,boundary_outward_min__n16__negative,boundary_outward_min,15,17,16,16,382,,bounded_transverse_width,,locked,59,0.02953600000000023,16,cached_distance_prefix_sum,0,0,,,,,,True,0,0,17,0,0,0,4,2,364,fast_locked_width015,[],25422.688125608624,0,,0.0,,False,0,457.3461020625,"[2, 3, 4, 5, 6, 7, 8, 9, 10, 11, 12, 14, 15, 16, 18, 20]",30.0,4,146,1.0,3,20,0,0,37,16,stress,22,public_upper_bound_16,333,7317.537633,40.0,constant,,0.029561374976765364
35,22,True,0,35,1,1,8,boundary_outward_min__n16__negative,boundary_outward_min,15,17,16,16,382,,bounded_transverse_width,,locked,59,0.030537999999999954,16,cached_distance_prefix_sum,0,0,,,17,0,17,True,0,0,17,0,0,0,4,2,364,faithful_locked_width015,[],25422.688125608624,0,,0.0,,False,0,457.3461020625,"[2, 3, 4, 5, 6, 7, 8, 9, 10, 11, 12, 14, 15, 16, 18, 20]",30.0,4,146,1.0,3,20,0,0,37,16,stress,22,public_upper_bound_16,333,7317.537633,40.0,constant,,0.030618791992310435
43,26,True,0,43,0,1,8,boundary_outward_min__n16__spatial,boundary_outward_min,16,,17,16,364,,bounded_transverse_width,,,,0.03315200000000118,16,,0,0,,,,,,,0,0,,0,63,0,4,3,345,width40_f015_22,[],30040.11084000839,0,,0.0,,False,0,508.001385625,"[2, 3, 4, 5, 6, 7, 8, 9, 10, 11, 12, 14, 15, 16, 18, 20]",30.0,4,147,,5,11,0,0,41,16,stress,22,public_upper_bound_16,312,8128.02217,40.0,constant,,0.03317991702351719
43,26,True,0,43,0,1,8,boundary_outward_min__n16__spatial,boundary_outward_min,16,6,17,16,358,,bounded_transverse_width,,base,0,0.03267699999999962,16,,0,0,,,,,,False,0,0,6,0,63,0,4,3,339,range_width015,[],30040.11084000839,0,,0.0,,False,0,505.751385625,"[2, 3, 4, 5, 6, 7, 8, 9, 10, 11, 12, 14, 15, 16, 18, 20]",30.0,4,147,1.0,5,11,0,0,41,16,stress,22,public_upper_bound_16,306,8092.02217,40.0,constant,,0.032696166948881
43,26,True,0,43,0,1,8,boundary_outward_min__n16__spatial,boundary_outward_min,16,6,17,16,358,,bounded_transverse_width,,base,0,0.03285199999999833,16,,0,0,,,6,0,6,False,0,0,6,0,63,0,4,3,339,faithful_width015,[],30040.11084000839,0,,0.0,,False,0,505.751385625,"[2, 3, 4, 5, 6, 7, 8, 9, 10, 11, 12, 14, 15, 16, 18, 20]",30.0,4,147,1.0,5,11,0,0,41,16,stress,22,public_upper_bound_16,306,8092.02217,40.0,constant,,0.032869333983398974
42,25,True,0,42,0,1,8,boundary_outward_min__n16__spatial,boundary_outward_min,16,0,17,16,357,,bounded_transverse_width,,arc,63,0.03559900000000482,16,cached_distance_prefix_sum,0,0,,,,,,False,0,0,0,0,0,0,4,3,338,arc05_noskip_width015,[],29636.85551006652,0,,0.0,,False,0,500.273194,"[2, 3, 4, 5, 6, 7, 8, 9, 10, 11, 12, 14, 15, 16, 18, 20]",30.0,4,147,0.5,3,8,0,0,41,16,stress,22,public_upper_bound_16,304,8004.371104,40.0,constant,,0.0356453750282526
42,25,True,0,42,0,1,8,boundary_outward_min__n16__spatial,boundary_outward_min,16,7,17,16,350,,bounded_transverse_width,,arc,63,0.03535100000000568,16,cached_distance_prefix_sum,0,0,,,,,,False,0,0,7,0,0,0,4,3,331,fast_arc05_width015,[],29636.85551006652,0,,0.0,,False,0,497.648194,"[2, 3, 4, 5, 6, 7, 8, 9, 10, 11, 12, 14, 15, 16, 18, 20]",30.0,4,147,0.5,3,8,0,0,41,16,stress,22,public_upper_bound_16,297,7962.371104,40.0,constant,,0.0353538750205189
42,25,True,0,42,0,1,8,boundary_outward_min__n16__spatial,boundary_outward_min,16,7,17,16,350,,bounded_transverse_width,,arc,63,0.03553099999999887,16,cached_distance_prefix_sum,0,0,,,7,0,7,False,0,0,7,0,0,0,4,3,331,faithful_arc05_width015,[],29636.85551006652,0,,0.0,,False,0,497.648194,"[2, 3, 4, 5, 6, 7, 8, 9, 10, 11, 12, 14, 15, 16, 18, 20]",30.0,4,147,0.5,3,8,0,0,41,16,stress,22,public_upper_bound_16,297,7962.371104,40.0,constant,,0.035562457982450724
36,23,True,0,36,1,1,8,boundary_outward_min__n16__spatial,boundary_outward_min,15,0,16,16,400,,bounded_transverse_width,,locked,59,0.0300980000000024,16,cached_distance_prefix_sum,0,0,,,,,,True,0,0,0,0,0,0,4,2,382,locked_noskip_width015,[],25428.585167106165,0,,0.0,,False,0,464.1073149375,"[2, 3, 4, 5, 6, 7, 8, 9, 10, 11, 12, 14, 15, 16, 18, 20]",30.0,4,147,1.0,3,20,0,0,37,16,stress,22,public_upper_bound_16,350,7425.717039,40.0,constant,,0.030125833000056446
36,23,True,0,36,1,1,8,boundary_outward_min__n16__spatial,boundary_outward_min,15,17,16,16,383,,bounded_transverse_width,,locked,59,0.029837999999998033,16,cached_distance_prefix_sum,0,0,,,,,,True,0,0,17,0,0,0,4,2,365,fast_locked_width015,[],25428.585167106165,0,,0.0,,False,0,457.7323149375,"[2, 3, 4, 5, 6, 7, 8, 9, 10, 11, 12, 14, 15, 16, 18, 20]",30.0,4,147,1.0,3,20,0,0,37,16,stress,22,public_upper_bound_16,333,7323.717039,40.0,constant,,0.029865749995224178
36,23,True,0,36,1,1,8,boundary_outward_min__n16__spatial,boundary_outward_min,15,17,16,16,383,,bounded_transverse_width,,locked,59,0.03006700000000251,16,cached_distance_prefix_sum,0,0,,,17,0,17,True,0,0,17,0,0,0,4,2,365,faithful_locked_width015,[],25428.585167106165,0,,0.0,,False,0,457.7323149375,"[2, 3, 4, 5, 6, 7, 8, 9, 10, 11, 12, 14, 15, 16, 18, 20]",30.0,4,147,1.0,3,20,0,0,37,16,stress,22,public_upper_bound_16,333,7323.717039,40.0,constant,,0.03011870797490701
13,2,True,0,13,2,3,0,near_collinear_min__n10__positive,near_collinear_min,8,,11,10,339,,bounded_transverse_width,,,,0.027697000000003413,10,,0,0,,,,,,,0,0,,3,43,0,3,3,326,width40_f015_22,[],24162.317238099262,0,,0.0,,False,0,681.8463442999999,"[1, 2, 5, 8, 11, 14, 15, 17, 18, 20]",30.0,4,148,,8,6,3,3,21,10,stress,22,full_coverage_and_all_discovered_cleared,303,6818.463443,40.0,constant,,0.027706334018148482
13,2,True,0,13,2,3,0,near_collinear_min__n10__positive,near_collinear_min,8,2,11,10,337,,bounded_transverse_width,,base,0,0.027948999999999558,10,,0,0,,,,,,False,0,0,2,3,43,0,3,3,324,range_width015,[],24162.317238099262,0,,0.0,,False,0,680.6463443,"[1, 2, 5, 8, 11, 14, 15, 17, 18, 20]",30.0,4,148,1.0,8,6,3,3,21,10,stress,22,full_coverage_and_all_discovered_cleared,301,6806.463443,40.0,constant,,0.027956750011071563
13,2,True,0,13,2,3,0,near_collinear_min__n10__positive,near_collinear_min,8,2,11,10,337,,bounded_transverse_width,,base,0,0.027985000000001037,10,,0,0,,,2,0,2,False,0,0,2,3,43,0,3,3,324,faithful_width015,[],24162.317238099262,0,,0.0,,False,0,680.6463443,"[1, 2, 5, 8, 11, 14, 15, 17, 18, 20]",30.0,4,148,1.0,8,6,3,3,21,10,stress,22,full_coverage_and_all_discovered_cleared,301,6806.463443,40.0,constant,,0.027992624964099377
17,4,True,0,17,3,3,0,near_collinear_min__n10__positive,near_collinear_min,7,0,10,10,351,,bounded_transverse_width,,arc,45,0.03116200000000191,10,cached_distance_prefix_sum,0,0,,,,,,False,0,0,0,4,0,0,5,3,339,arc05_noskip_width015,[],23176.461710499836,0,,0.0,,False,0,669.0292337,"[1, 2, 5, 8, 11, 14, 15, 17, 18, 20]",30.0,4,148,0.5,13,8,1,4,23,10,stress,22,full_coverage_and_all_discovered_cleared,310,6690.292337,40.0,constant,,0.031193125003483146
17,4,True,0,17,3,3,0,near_collinear_min__n10__positive,near_collinear_min,7,0,10,10,351,,bounded_transverse_width,,arc,45,0.03148599999999391,10,cached_distance_prefix_sum,0,0,,,,,,False,0,0,0,4,0,0,5,3,339,fast_arc05_width015,[],23176.461710499836,0,,0.0,,False,0,669.0292337,"[1, 2, 5, 8, 11, 14, 15, 17, 18, 20]",30.0,4,148,0.5,13,8,1,4,23,10,stress,22,full_coverage_and_all_discovered_cleared,310,6690.292337,40.0,constant,,0.031521375000011176
17,4,True,0,17,3,3,0,near_collinear_min__n10__positive,near_collinear_min,7,0,10,10,351,,bounded_transverse_width,,arc,45,0.031603999999994414,10,cached_distance_prefix_sum,0,0,,,0,0,0,False,0,0,0,4,0,0,5,3,339,faithful_arc05_width015,[],23176.461710499836,0,,0.0,,False,0,669.0292337,"[1, 2, 5, 8, 11, 14, 15, 17, 18, 20]",30.0,4,148,0.5,13,8,1,4,23,10,stress,22,full_coverage_and_all_discovered_cleared,310,6690.292337,40.0,constant,,0.03162020799936727
18,4,True,0,18,1,3,0,near_collinear_min__n10__positive,near_collinear_min,9,0,12,10,364,,bounded_transverse_width,,locked,46,0.026800999999998965,10,cached_distance_prefix_sum,0,0,,,,,,True,0,0,0,2,0,0,5,3,350,locked_noskip_width015,[],23824.585894565324,0,,0.0,,False,0,689.4917174,"[1, 2, 5, 8, 11, 14, 15, 17, 18, 20]",30.0,4,148,1.0,13,11,1,2,24,10,stress,22,full_coverage_and_all_discovered_cleared,324,6894.917174,40.0,constant,,0.026819042046554387
18,4,True,0,18,1,3,0,near_collinear_min__n10__positive,near_collinear_min,9,0,12,10,364,,bounded_transverse_width,,locked,46,0.026657000000000153,10,cached_distance_prefix_sum,0,0,,,,,,True,0,0,0,2,0,0,5,3,350,fast_locked_width015,[],23824.585894565324,0,,0.0,,False,0,689.4917174,"[1, 2, 5, 8, 11, 14, 15, 17, 18, 20]",30.0,4,148,1.0,13,11,1,2,24,10,stress,22,full_coverage_and_all_discovered_cleared,324,6894.917174,40.0,constant,,0.026680833019781858
18,4,True,0,18,1,3,0,near_collinear_min__n10__positive,near_collinear_min,9,0,12,10,364,,bounded_transverse_width,,locked,46,0.02720599999999962,10,cached_distance_prefix_sum,0,0,,,0,0,0,True,0,0,0,2,0,0,5,3,350,faithful_locked_width015,[],23824.585894565324,0,,0.0,,False,0,689.4917174,"[1, 2, 5, 8, 11, 14, 15, 17, 18, 20]",30.0,4,148,1.0,13,11,1,2,24,10,stress,22,full_coverage_and_all_discovered_cleared,324,6894.917174,40.0,constant,,0.027243042015470564
13,3,True,0,13,4,4,0,near_collinear_min__n10__negative,near_collinear_min,6,,10,10,372,,bounded_transverse_width,,,,0.029467000000003907,10,,0,0,,,,,,,0,0,,4,42,0,4,2,360,width40_f015_22,[],25145.520760718682,0,,0.0,,False,0,721.310415,"[1, 2, 5, 8, 11, 14, 15, 17, 18, 20]",30.0,4,149,,14,3,0,4,20,10,stress,22,full_coverage_and_all_discovered_cleared,334,7213.10415,40.0,constant,,0.029479749966412783
13,3,True,0,13,4,4,0,near_collinear_min__n10__negative,near_collinear_min,6,6,10,10,366,,bounded_transverse_width,,base,0,0.02929900000000174,10,,0,0,,,,,,False,0,0,6,4,42,0,4,2,354,range_width015,[],25145.520760718682,0,,0.0,,False,0,717.810415,"[1, 2, 5, 8, 11, 14, 15, 17, 18, 20]",30.0,4,149,1.0,14,3,0,4,20,10,stress,22,full_coverage_and_all_discovered_cleared,329,7178.10415,40.0,constant,,0.029298667039256543
13,3,True,0,13,4,4,0,near_collinear_min__n10__negative,near_collinear_min,6,5,10,10,367,,bounded_transverse_width,,base,0,0.02913499999999658,10,,0,0,,,5,1,5,False,0,0,5,4,42,0,4,2,355,faithful_width015,[],25145.520760718682,0,,0.0,,False,0,718.310415,"[1, 2, 5, 8, 11, 14, 15, 17, 18, 20]",30.0,4,149,1.0,14,3,0,4,20,10,stress,22,full_coverage_and_all_discovered_cleared,329,7183.10415,40.0,constant,,0.029152417031582445
7,1,True,0,7,4,4,0,near_collinear_min__n10__negative,near_collinear_min,6,0,10,10,373,,bounded_transverse_width,,arc,38,0.03406900000000235,10,cached_distance_prefix_sum,0,0,,,,,,False,0,0,0,4,0,0,3,2,361,arc05_noskip_width015,[],21936.082396557715,0,,0.0,,False,0,657.9216475999999,"[1, 2, 5, 8, 11, 14, 15, 17, 18, 20]",30.0,4,149,0.5,8,0,49,4,16,10,stress,22,full_coverage_and_all_discovered_cleared,337,6579.216476,40.0,constant,,0.0341000419575721
7,1,True,0,7,4,4,0,near_collinear_min__n10__negative,near_collinear_min,6,26,10,10,347,,bounded_transverse_width,,arc,38,0.0342199999999977,10,cached_distance_prefix_sum,0,0,,,,,,False,0,0,26,4,0,0,3,2,335,fast_arc05_width015,[],21936.082396557715,0,,0.0,,False,0,642.3216476,"[1, 2, 5, 8, 11, 14, 15, 17, 18, 20]",30.0,4,149,0.5,8,0,49,4,16,10,stress,22,full_coverage_and_all_discovered_cleared,311,6423.216476,40.0,constant,,0.034244999988004565
7,1,True,0,7,4,4,0,near_collinear_min__n10__negative,near_collinear_min,6,26,10,10,347,,bounded_transverse_width,,arc,38,0.03468199999999655,10,cached_distance_prefix_sum,0,0,,,26,0,26,False,0,0,26,4,0,0,3,2,335,faithful_arc05_width015,[],21936.082396557715,0,,0.0,,False,0,642.3216476,"[1, 2, 5, 8, 11, 14, 15, 17, 18, 20]",30.0,4,149,0.5,8,0,49,4,16,10,stress,22,full_coverage_and_all_discovered_cleared,311,6423.216476,40.0,constant,,0.034699250012636185
15,3,True,0,15,1,2,0,near_collinear_min__n10__negative,near_collinear_min,9,0,11,10,362,,bounded_transverse_width,,locked,44,0.025655000000000427,10,cached_distance_prefix_sum,0,0,,,,,,True,0,0,0,2,0,0,3,3,349,locked_noskip_width015,[],23786.894054528806,0,,0.0,,False,0,687.9378809,"[1, 2, 5, 8, 11, 14, 15, 17, 18, 20]",30.0,4,149,1.0,16,8,2,2,22,10,stress,22,full_coverage_and_all_discovered_cleared,324,6879.378809,40.0,constant,,0.025654624972958118
15,3,True,0,15,1,2,0,near_collinear_min__n10__negative,near_collinear_min,9,0,11,10,362,,bounded_transverse_width,,locked,44,0.025835999999998194,10,cached_distance_prefix_sum,0,0,,,,,,True,0,0,0,2,0,0,3,3,349,fast_locked_width015,[],23786.894054528806,0,,0.0,,False,0,687.9378809,"[1, 2, 5, 8, 11, 14, 15, 17, 18, 20]",30.0,4,149,1.0,16,8,2,2,22,10,stress,22,full_coverage_and_all_discovered_cleared,324,6879.378809,40.0,constant,,0.02585400000680238
15,3,True,0,15,1,2,0,near_collinear_min__n10__negative,near_collinear_min,9,0,11,10,362,,bounded_transverse_width,,locked,44,0.02581100000000447,10,cached_distance_prefix_sum,0,0,,,0,0,0,True,0,0,0,2,0,0,3,3,349,faithful_locked_width015,[],23786.894054528806,0,,0.0,,False,0,687.9378809,"[1, 2, 5, 8, 11, 14, 15, 17, 18, 20]",30.0,4,149,1.0,16,8,2,2,22,10,stress,22,full_coverage_and_all_discovered_cleared,324,6879.378809,40.0,constant,,0.025833332969341427
13,6,True,0,13,1,3,2,near_collinear_min__n10__spatial,near_collinear_min,9,,12,10,349,,bounded_transverse_width,,,,0.029851000000000738,10,,0,0,,,,,,,0,0,,2,41,0,4,3,335,width40_f015_22,[],25740.163116771077,0,,0.0,,False,0,718.8032618,"[1, 2, 5, 8, 11, 14, 15, 17, 18, 20]",30.0,4,150,,13,2,2,2,19,10,stress,22,full_coverage_and_all_discovered_cleared,309,7188.032618,40.0,constant,,0.029900999972596765
13,6,True,0,13,1,3,2,near_collinear_min__n10__spatial,near_collinear_min,9,0,12,10,349,,bounded_transverse_width,,base,0,0.029990999999995438,10,,0,0,,,,,,False,0,0,0,2,41,0,4,3,335,range_width015,[],25740.163116771077,0,,0.0,,False,0,718.8032618,"[1, 2, 5, 8, 11, 14, 15, 17, 18, 20]",30.0,4,150,1.0,13,2,2,2,19,10,stress,22,full_coverage_and_all_discovered_cleared,309,7188.032618,40.0,constant,,0.030011249997187406
13,6,True,0,13,1,3,2,near_collinear_min__n10__spatial,near_collinear_min,9,0,12,10,349,,bounded_transverse_width,,base,0,0.030066000000005033,10,,0,0,,,0,0,0,False,0,0,0,2,41,0,4,3,335,faithful_width015,[],25740.163116771077,0,,0.0,,False,0,718.8032618,"[1, 2, 5, 8, 11, 14, 15, 17, 18, 20]",30.0,4,150,1.0,13,2,2,2,19,10,stress,22,full_coverage_and_all_discovered_cleared,309,7188.032618,40.0,constant,,0.030069999978877604
11,4,True,0,11,1,2,1,near_collinear_min__n10__spatial,near_collinear_min,9,0,11,10,363,,bounded_transverse_width,,arc,40,0.03420099999999593,10,cached_distance_prefix_sum,0,0,,,,,,False,0,0,0,5,0,0,4,2,350,arc05_noskip_width015,[],22498.752436397197,0,,0.0,,False,0,663.0750484,"[1, 2, 5, 8, 11, 14, 15, 17, 18, 20]",30.0,4,150,0.5,9,0,57,5,18,10,stress,22,full_coverage_and_all_discovered_cleared,328,6630.750484,40.0,constant,,0.03421349998097867
11,4,True,0,11,1,2,1,near_collinear_min__n10__spatial,near_collinear_min,9,12,11,10,351,,bounded_transverse_width,,arc,40,0.03386500000000581,10,cached_distance_prefix_sum,0,0,,,,,,False,0,0,12,5,0,0,4,2,338,fast_arc05_width015,[],22498.752436397197,0,,0.0,,False,0,655.8750484,"[1, 2, 5, 8, 11, 14, 15, 17, 18, 20]",30.0,4,150,0.5,9,0,57,5,18,10,stress,22,full_coverage_and_all_discovered_cleared,316,6558.750484,40.0,constant,,0.033915292005985975
11,4,True,0,11,1,2,1,near_collinear_min__n10__spatial,near_collinear_min,9,12,11,10,351,,bounded_transverse_width,,arc,40,0.034098000000000184,10,cached_distance_prefix_sum,0,0,,,12,0,12,False,0,0,12,5,0,0,4,2,338,faithful_arc05_width015,[],22498.752436397197,0,,0.0,,False,0,655.8750484,"[1, 2, 5, 8, 11, 14, 15, 17, 18, 20]",30.0,4,150,0.5,9,0,57,5,18,10,stress,22,full_coverage_and_all_discovered_cleared,316,6558.750484,40.0,constant,,0.03411141695687547
19,8,True,0,19,0,1,2,near_collinear_min__n10__spatial,near_collinear_min,10,0,11,10,368,,bounded_transverse_width,,locked,45,0.025956000000000756,10,cached_distance_prefix_sum,0,0,,,,,,True,0,0,0,2,0,0,3,2,355,locked_noskip_width015,[],23935.841093036404,0,,0.0,,False,0,694.2168211999999,"[1, 2, 5, 8, 11, 14, 15, 17, 18, 20]",30.0,4,150,1.0,20,9,0,2,23,10,stress,22,full_coverage_and_all_discovered_cleared,327,6942.168212,40.0,constant,,0.02597233303822577
19,8,True,0,19,0,1,2,near_collinear_min__n10__spatial,near_collinear_min,10,0,11,10,368,,bounded_transverse_width,,locked,45,0.026008000000004472,10,cached_distance_prefix_sum,0,0,,,,,,True,0,0,0,2,0,0,3,2,355,fast_locked_width015,[],23935.841093036404,0,,0.0,,False,0,694.2168211999999,"[1, 2, 5, 8, 11, 14, 15, 17, 18, 20]",30.0,4,150,1.0,20,9,0,2,23,10,stress,22,full_coverage_and_all_discovered_cleared,327,6942.168212,40.0,constant,,0.02610004198504612
19,8,True,0,19,0,1,2,near_collinear_min__n10__spatial,near_collinear_min,10,0,11,10,368,,bounded_transverse_width,,locked,45,0.026283000000006496,10,cached_distance_prefix_sum,0,0,,,0,0,0,True,0,0,0,2,0,0,3,2,355,faithful_locked_width015,[],23935.841093036404,0,,0.0,,False,0,694.2168211999999,"[1, 2, 5, 8, 11, 14, 15, 17, 18, 20]",30.0,4,150,1.0,20,9,0,2,23,10,stress,22,full_coverage_and_all_discovered_cleared,327,6942.168212,40.0,constant,,0.026339000032749027
14,3,True,0,14,9,9,0,near_collinear_min__n16__positive,near_collinear_min,7,,16,16,294,,bounded_transverse_width,,,,0.03758799999999951,16,,0,0,,,,,,,0,0,,3,46,3,3,2,276,width40_f015_22,[],22972.20898682153,0,,0.0,,False,0,393.9651121875,"[1, 2, 3, 4, 6, 7, 8, 10, 11, 12, 13, 15, 16, 18, 19, 20]",30.0,4,151,,26,3,0,3,27,16,stress,19,public_upper_bound_16,249,6303.441795,40.0,constant,,0.037610125029459596
14,3,True,0,14,9,9,0,near_collinear_min__n16__positive,near_collinear_min,7,6,16,16,288,,bounded_transverse_width,,base,0,0.037486999999998716,16,,0,0,,,,,,False,0,0,6,3,46,3,3,2,270,range_width015,[],22972.20898682153,0,,0.0,,False,0,391.7151121875,"[1, 2, 3, 4, 6, 7, 8, 10, 11, 12, 13, 15, 16, 18, 19, 20]",30.0,4,151,1.0,26,3,0,3,27,16,stress,19,public_upper_bound_16,243,6267.441795,40.0,constant,,0.037509000045247376
14,3,True,0,14,9,9,0,near_collinear_min__n16__positive,near_collinear_min,7,6,16,16,288,,bounded_transverse_width,,base,0,0.03773000000000337,16,,0,0,,,6,0,6,False,0,0,6,3,46,3,3,2,270,faithful_width015,[],22972.20898682153,0,,0.0,,False,0,391.7151121875,"[1, 2, 3, 4, 6, 7, 8, 10, 11, 12, 13, 15, 16, 18, 19, 20]",30.0,4,151,1.0,26,3,0,3,27,16,stress,19,public_upper_bound_16,243,6267.441795,40.0,constant,,0.03773583302972838
25,4,True,0,25,4,7,0,near_collinear_min__n16__positive,near_collinear_min,12,0,19,16,253,,bounded_transverse_width,,arc,53,0.045874000000004855,16,cached_distance_prefix_sum,0,0,,,,,,False,0,0,0,8,0,6,4,3,232,arc05_noskip_width015,[],20497.86758553893,0,,0.0,,False,0,347.410844625,"[1, 2, 3, 4, 6, 7, 8, 10, 11, 12, 13, 15, 16, 18, 19, 20]",30.0,4,151,0.5,14,9,5,9,37,16,stress,16,public_upper_bound_16,210,5558.573514,40.0,constant,,0.04592537501594052
25,4,True,0,25,4,7,0,near_collinear_min__n16__positive,near_collinear_min,12,2,19,16,251,,bounded_transverse_width,,arc,53,0.045470000000001676,16,cached_distance_prefix_sum,0,0,,,,,,False,0,0,2,8,0,6,4,3,230,fast_arc05_width015,[],20497.86758553893,0,,0.0,,False,0,346.660844625,"[1, 2, 3, 4, 6, 7, 8, 10, 11, 12, 13, 15, 16, 18, 19, 20]",30.0,4,151,0.5,14,9,5,9,37,16,stress,16,public_upper_bound_16,208,5546.573514,40.0,constant,,0.045518500031903386
25,4,True,0,25,4,7,0,near_collinear_min__n16__positive,near_collinear_min,12,2,19,16,251,,bounded_transverse_width,,arc,53,0.04572699999999941,16,cached_distance_prefix_sum,0,0,,,2,0,2,False,0,0,2,8,0,6,4,3,230,faithful_arc05_width015,[],20497.86758553893,0,,0.0,,False,0,346.660844625,"[1, 2, 3, 4, 6, 7, 8, 10, 11, 12, 13, 15, 16, 18, 19, 20]",30.0,4,151,0.5,14,9,5,9,37,16,stress,16,public_upper_bound_16,208,5546.573514,40.0,constant,,0.045740958012174815
20,5,True,0,20,2,3,0,near_collinear_min__n16__positive,near_collinear_min,14,0,17,16,290,,bounded_transverse_width,,locked,47,0.040246999999993704,16,cached_distance_prefix_sum,0,0,,,,,,True,0,0,0,3,0,6,4,3,271,locked_noskip_width015,[],19517.32595738296,0,,0.0,,False,0,349.154074625,"[1, 2, 3, 4, 6, 7, 8, 10, 11, 12, 13, 15, 16, 18, 19, 20]",30.0,4,151,1.0,40,22,4,3,31,16,stress,16,public_upper_bound_16,245,5586.465194,40.0,constant,,0.04029333300422877
20,5,True,0,20,2,3,0,near_collinear_min__n16__positive,near_collinear_min,14,0,17,16,290,,bounded_transverse_width,,locked,47,0.04016099999999767,16,cached_distance_prefix_sum,0,0,,,,,,True,0,0,0,3,0,6,4,3,271,fast_locked_width015,[],19517.32595738296,0,,0.0,,False,0,349.154074625,"[1, 2, 3, 4, 6, 7, 8, 10, 11, 12, 13, 15, 16, 18, 19, 20]",30.0,4,151,1.0,40,22,4,3,31,16,stress,16,public_upper_bound_16,245,5586.465194,40.0,constant,,0.04020712501369417
20,5,True,0,20,2,3,0,near_collinear_min__n16__positive,near_collinear_min,14,0,17,16,290,,bounded_transverse_width,,locked,47,0.04002700000000203,16,cached_distance_prefix_sum,0,0,,,0,0,0,True,0,0,0,3,0,6,4,3,271,faithful_locked_width015,[],19517.32595738296,0,,0.0,,False,0,349.154074625,"[1, 2, 3, 4, 6, 7, 8, 10, 11, 12, 13, 15, 16, 18, 19, 20]",30.0,4,151,1.0,40,22,4,3,31,16,stress,16,public_upper_bound_16,245,5586.465194,40.0,constant,,0.040043874992989004
13,3,True,0,13,8,8,0,near_collinear_min__n16__negative,near_collinear_min,8,,16,16,297,,bounded_transverse_width,,,,0.036955999999996436,16,,0,0,,,,,,,0,0,,2,45,3,3,2,279,width40_f015_22,[],22745.084648304924,0,,0.0,,False,0,392.5635580625,"[1, 2, 3, 4, 6, 7, 8, 10, 11, 12, 13, 15, 16, 18, 19, 20]",30.0,4,152,,30,4,0,2,26,16,stress,19,public_upper_bound_16,257,6281.016929,40.0,constant,,0.036966915999073535
13,3,True,0,13,8,8,0,near_collinear_min__n16__negative,near_collinear_min,8,6,16,16,291,,bounded_transverse_width,,base,0,0.03708999999999918,16,,0,0,,,,,,False,0,0,6,2,45,3,3,2,273,range_width015,[],22745.084648304924,0,,0.0,,False,0,390.3135580625,"[1, 2, 3, 4, 6, 7, 8, 10, 11, 12, 13, 15, 16, 18, 19, 20]",30.0,4,152,1.0,30,4,0,2,26,16,stress,19,public_upper_bound_16,251,6245.016929,40.0,constant,,0.037134792015422136
13,3,True,0,13,8,8,0,near_collinear_min__n16__negative,near_collinear_min,8,6,16,16,291,,bounded_transverse_width,,base,0,0.03678100000000484,16,,0,0,,,6,0,6,False,0,0,6,2,45,3,3,2,273,faithful_width015,[],22745.084648304924,0,,0.0,,False,0,390.3135580625,"[1, 2, 3, 4, 6, 7, 8, 10, 11, 12, 13, 15, 16, 18, 19, 20]",30.0,4,152,1.0,30,4,0,2,26,16,stress,19,public_upper_bound_16,251,6245.016929,40.0,constant,,0.03688149998197332
10,1,True,0,10,6,6,0,near_collinear_min__n16__negative,near_collinear_min,10,0,16,16,279,,bounded_transverse_width,,arc,45,0.03987099999999799,16,cached_distance_prefix_sum,0,0,,,,,,False,0,0,0,4,0,2,3,2,261,arc05_noskip_width015,[],21627.61483163442,0,,0.0,,False,0,371.6576853125,"[1, 2, 3, 4, 6, 7, 8, 10, 11, 12, 13, 15, 16, 18, 19, 20]",30.0,4,152,0.5,21,1,8,4,25,16,stress,20,public_upper_bound_16,236,5946.522965,40.0,constant,,0.03988091700011864
10,1,True,0,10,6,6,0,near_collinear_min__n16__negative,near_collinear_min,10,0,16,16,279,,bounded_transverse_width,,arc,45,0.03982200000000091,16,cached_distance_prefix_sum,0,0,,,,,,False,0,0,0,4,0,2,3,2,261,fast_arc05_width015,[],21627.61483163442,0,,0.0,,False,0,371.6576853125,"[1, 2, 3, 4, 6, 7, 8, 10, 11, 12, 13, 15, 16, 18, 19, 20]",30.0,4,152,0.5,21,1,8,4,25,16,stress,20,public_upper_bound_16,236,5946.522965,40.0,constant,,0.039842457976192236
10,1,True,0,10,6,6,0,near_collinear_min__n16__negative,near_collinear_min,10,0,16,16,279,,bounded_transverse_width,,arc,45,0.040346999999997024,16,cached_distance_prefix_sum,0,0,,,0,0,0,False,0,0,0,4,0,2,3,2,261,faithful_arc05_width015,[],21627.61483163442,0,,0.0,,False,0,371.6576853125,"[1, 2, 3, 4, 6, 7, 8, 10, 11, 12, 13, 15, 16, 18, 19, 20]",30.0,4,152,0.5,21,1,8,4,25,16,stress,20,public_upper_bound_16,236,5946.522965,40.0,constant,,0.04038491699611768
20,5,True,0,20,3,4,0,near_collinear_min__n16__negative,near_collinear_min,13,0,17,16,291,,bounded_transverse_width,,locked,47,0.03973900000000441,16,cached_distance_prefix_sum,0,0,,,,,,True,0,0,0,2,0,6,3,2,272,locked_noskip_width015,[],19495.15983637046,0,,0.0,,False,0,349.3769979375,"[1, 2, 3, 4, 6, 7, 8, 10, 11, 12, 13, 15, 16, 18, 19, 20]",30.0,4,152,1.0,42,27,2,2,31,16,stress,16,public_upper_bound_16,248,5590.031967,40.0,constant,,0.03978470800211653
20,5,True,0,20,3,4,0,near_collinear_min__n16__negative,near_collinear_min,13,0,17,16,291,,bounded_transverse_width,,locked,47,0.03915399999999636,16,cached_distance_prefix_sum,0,0,,,,,,True,0,0,0,2,0,6,3,2,272,fast_locked_width015,[],19495.15983637046,0,,0.0,,False,0,349.3769979375,"[1, 2, 3, 4, 6, 7, 8, 10, 11, 12, 13, 15, 16, 18, 19, 20]",30.0,4,152,1.0,42,27,2,2,31,16,stress,16,public_upper_bound_16,248,5590.031967,40.0,constant,,0.039173749973997474
20,5,True,0,20,3,4,0,near_collinear_min__n16__negative,near_collinear_min,13,0,17,16,291,,bounded_transverse_width,,locked,47,0.03877299999999906,16,cached_distance_prefix_sum,0,0,,,0,0,0,True,0,0,0,2,0,6,3,2,272,faithful_locked_width015,[],19495.15983637046,0,,0.0,,False,0,349.3769979375,"[1, 2, 3, 4, 6, 7, 8, 10, 11, 12, 13, 15, 16, 18, 19, 20]",30.0,4,152,1.0,42,27,2,2,31,16,stress,16,public_upper_bound_16,248,5590.031967,40.0,constant,,0.03880595800001174
21,12,True,0,21,3,8,4,near_collinear_min__n16__spatial,near_collinear_min,13,,21,16,304,,bounded_transverse_width,,,,0.03556999999999988,16,,0,0,,,,,,,0,0,,4,48,3,3,2,281,width40_f015_22,[],22330.447329138733,0,,0.0,,False,0,388.8805914375,"[1, 2, 3, 4, 6, 7, 8, 10, 11, 12, 13, 15, 16, 18, 19, 20]",30.0,4,153,,24,5,0,4,29,16,stress,19,public_upper_bound_16,256,6222.089463,40.0,constant,,0.03564095904584974
21,12,True,0,21,3,8,4,near_collinear_min__n16__spatial,near_collinear_min,13,6,21,16,298,,bounded_transverse_width,,base,0,0.03552299999999775,16,,0,0,,,,,,False,0,0,6,4,48,3,3,2,275,range_width015,[],22330.447329138733,0,,0.0,,False,0,386.6305914375,"[1, 2, 3, 4, 6, 7, 8, 10, 11, 12, 13, 15, 16, 18, 19, 20]",30.0,4,153,1.0,24,5,0,4,29,16,stress,19,public_upper_bound_16,250,6186.089463,40.0,constant,,0.03553445800207555
21,12,True,0,21,3,8,4,near_collinear_min__n16__spatial,near_collinear_min,13,6,21,16,298,,bounded_transverse_width,,base,0,0.03545400000000143,16,,0,0,,,6,0,6,False,0,0,6,4,48,3,3,2,275,faithful_width015,[],22330.447329138733,0,,0.0,,False,0,386.6305914375,"[1, 2, 3, 4, 6, 7, 8, 10, 11, 12, 13, 15, 16, 18, 19, 20]",30.0,4,153,1.0,24,5,0,4,29,16,stress,19,public_upper_bound_16,250,6186.089463,40.0,constant,,0.03547283395892009
21,7,True,0,21,4,6,2,near_collinear_min__n16__spatial,near_collinear_min,12,0,18,16,233,,bounded_transverse_width,,arc,46,0.04045699999999641,16,cached_distance_prefix_sum,0,0,,,,,,False,0,0,0,9,0,8,3,2,213,arc05_noskip_width015,[],18003.81603588345,0,,0.0,,False,0,309.1727003125,"[1, 2, 3, 4, 6, 7, 8, 10, 11, 12, 13, 15, 16, 18, 19, 20]",30.0,4,153,0.5,15,7,6,9,32,16,stress,14,public_upper_bound_16,195,4946.763205,40.0,constant,,0.04048070899443701
21,7,True,0,21,4,6,2,near_collinear_min__n16__spatial,near_collinear_min,12,2,18,16,231,,bounded_transverse_width,,arc,46,0.039956000000003655,16,cached_distance_prefix_sum,0,0,,,,,,False,0,0,2,9,0,8,3,2,211,fast_arc05_width015,[],18003.81603588345,0,,0.0,,False,0,308.4227003125,"[1, 2, 3, 4, 6, 7, 8, 10, 11, 12, 13, 15, 16, 18, 19, 20]",30.0,4,153,0.5,15,7,6,9,32,16,stress,14,public_upper_bound_16,193,4934.763205,40.0,constant,,0.039981250010896474
21,7,True,0,21,4,6,2,near_collinear_min__n16__spatial,near_collinear_min,12,2,18,16,231,,bounded_transverse_width,,arc,46,0.04068300000000136,16,cached_distance_prefix_sum,0,0,,,2,0,2,False,0,0,2,9,0,8,3,2,211,faithful_arc05_width015,[],18003.81603588345,0,,0.0,,False,0,308.4227003125,"[1, 2, 3, 4, 6, 7, 8, 10, 11, 12, 13, 15, 16, 18, 19, 20]",30.0,4,153,0.5,15,7,6,9,32,16,stress,14,public_upper_bound_16,193,4934.763205,40.0,constant,,0.04069191700546071
20,6,True,0,20,2,4,1,near_collinear_min__n16__spatial,near_collinear_min,14,0,18,16,299,,bounded_transverse_width,,locked,47,0.037253999999997234,16,cached_distance_prefix_sum,0,0,,,,,,True,0,0,0,4,0,6,3,3,279,locked_noskip_width015,[],19900.158704479345,0,,0.0,,False,0,357.25198375,"[1, 2, 3, 4, 6, 7, 8, 10, 11, 12, 13, 15, 16, 18, 19, 20]",30.0,4,153,1.0,50,17,0,4,31,16,stress,16,public_upper_bound_16,255,5716.03174,40.0,constant,,0.037280292017385364
20,6,True,0,20,2,4,1,near_collinear_min__n16__spatial,near_collinear_min,14,0,18,16,299,,bounded_transverse_width,,locked,47,0.03726400000000041,16,cached_distance_prefix_sum,0,0,,,,,,True,0,0,0,4,0,6,3,3,279,fast_locked_width015,[],19900.158704479345,0,,0.0,,False,0,357.25198375,"[1, 2, 3, 4, 6, 7, 8, 10, 11, 12, 13, 15, 16, 18, 19, 20]",30.0,4,153,1.0,50,17,0,4,31,16,stress,16,public_upper_bound_16,255,5716.03174,40.0,constant,,0.03733525000279769
20,6,True,0,20,2,4,1,near_collinear_min__n16__spatial,near_collinear_min,14,0,18,16,299,,bounded_transverse_width,,locked,47,0.037638999999998646,16,cached_distance_prefix_sum,0,0,,,0,0,0,True,0,0,0,4,0,6,3,3,279,faithful_locked_width015,[],19900.158704479345,0,,0.0,,False,0,357.25198375,"[1, 2, 3, 4, 6, 7, 8, 10, 11, 12, 13, 15, 16, 18, 19, 20]",30.0,4,153,1.0,50,17,0,4,31,16,stress,16,public_upper_bound_16,255,5716.03174,40.0,constant,,0.03770637500565499
13,6,True,0,13,4,5,2,unknown_count_late__n10__positive,unknown_count_late,6,,11,10,436,,bounded_transverse_width,,,,0.02998699999999843,10,,0,0,,,,,,,0,0,,4,41,0,4,3,423,width40_f015_22,[],22658.542086593174,0,,0.0,,False,0,709.2708412,"[1, 3, 5, 7, 8, 9, 10, 13, 14, 20]",30.0,4,154,,16,13,17,4,19,10,stress,22,full_coverage_and_all_discovered_cleared,393,7092.708412,40.0,constant,,0.030000917031429708
13,6,True,0,13,4,5,2,unknown_count_late__n10__positive,unknown_count_late,6,15,11,10,421,,bounded_transverse_width,,base,0,0.029738999999999294,10,,0,0,,,,,,False,0,0,15,4,41,0,4,3,408,range_width015,[],22658.542086593174,0,,0.0,,False,0,700.4708412,"[1, 3, 5, 7, 8, 9, 10, 13, 14, 20]",30.0,4,154,1.0,16,13,17,4,19,10,stress,22,full_coverage_and_all_discovered_cleared,380,7004.708412,40.0,constant,,0.02975187497213483
13,6,True,0,13,4,5,2,unknown_count_late__n10__positive,unknown_count_late,6,12,11,10,424,,bounded_transverse_width,,base,0,0.030020999999997855,10,,0,0,,,12,3,12,False,0,0,12,4,41,0,4,3,411,faithful_width015,[],22658.542086593174,0,,0.0,,False,0,702.1708412,"[1, 3, 5, 7, 8, 9, 10, 13, 14, 20]",30.0,4,154,1.0,16,13,17,4,19,10,stress,22,full_coverage_and_all_discovered_cleared,382,7021.708412,40.0,constant,,0.030072459019720554
20,6,True,0,20,4,4,2,unknown_count_late__n10__positive,unknown_count_late,6,0,10,10,381,,bounded_transverse_width,,arc,48,0.03889500000000368,10,cached_distance_prefix_sum,0,0,,,,,,False,0,0,0,6,0,0,4,3,369,arc05_noskip_width015,[],21841.848219333024,0,,0.0,,False,0,660.4369638999999,"[1, 3, 5, 7, 8, 9, 10, 13, 14, 20]",30.0,4,154,0.5,1,18,0,6,26,10,stress,22,full_coverage_and_all_discovered_cleared,341,6604.369639,40.0,constant,,0.03894658398348838
20,6,True,0,20,4,4,2,unknown_count_late__n10__positive,unknown_count_late,6,20,10,10,361,,bounded_transverse_width,,arc,48,0.038651000000001545,10,cached_distance_prefix_sum,0,0,,,,,,False,0,0,20,6,0,0,4,3,349,fast_arc05_width015,[],21841.848219333024,0,,0.0,,False,0,648.4369638999999,"[1, 3, 5, 7, 8, 9, 10, 13, 14, 20]",30.0,4,154,0.5,1,18,0,6,26,10,stress,22,full_coverage_and_all_discovered_cleared,321,6484.369639,40.0,constant,,0.03867533302400261
20,6,True,0,20,4,4,2,unknown_count_late__n10__positive,unknown_count_late,6,19,10,10,362,,bounded_transverse_width,,arc,48,0.03837899999999905,10,cached_distance_prefix_sum,0,0,,,19,1,19,False,0,0,19,6,0,0,4,3,350,faithful_arc05_width015,[],21841.848219333024,0,,0.0,,False,0,649.0369638999999,"[1, 3, 5, 7, 8, 9, 10, 13, 14, 20]",30.0,4,154,0.5,1,18,0,6,26,10,stress,22,full_coverage_and_all_discovered_cleared,322,6490.369639,40.0,constant,,0.03839549998519942
18,6,True,0,18,0,3,2,unknown_count_late__n10__positive,unknown_count_late,10,0,13,10,315,,bounded_transverse_width,,locked,46,0.028292000000000428,10,cached_distance_prefix_sum,0,0,,,,,,True,0,0,0,3,0,0,4,3,300,locked_noskip_width015,[],24357.530152524094,0,,0.0,,False,0,670.1506027,"[1, 3, 5, 7, 8, 9, 10, 13, 14, 20]",30.0,4,154,1.0,21,28,0,3,24,10,stress,22,full_coverage_and_all_discovered_cleared,271,6701.506027,40.0,constant,,0.028335209004580975
18,6,True,0,18,0,3,2,unknown_count_late__n10__positive,unknown_count_late,10,0,13,10,315,,bounded_transverse_width,,locked,46,0.028104999999996494,10,cached_distance_prefix_sum,0,0,,,,,,True,0,0,0,3,0,0,4,3,300,fast_locked_width015,[],24357.530152524094,0,,0.0,,False,0,670.1506027,"[1, 3, 5, 7, 8, 9, 10, 13, 14, 20]",30.0,4,154,1.0,21,28,0,3,24,10,stress,22,full_coverage_and_all_discovered_cleared,271,6701.506027,40.0,constant,,0.028139042027760297
18,6,True,0,18,0,3,2,unknown_count_late__n10__positive,unknown_count_late,10,0,13,10,315,,bounded_transverse_width,,locked,46,0.028081000000000245,10,cached_distance_prefix_sum,0,0,,,0,0,0,True,0,0,0,3,0,0,4,3,300,faithful_locked_width015,[],24357.530152524094,0,,0.0,,False,0,670.1506027,"[1, 3, 5, 7, 8, 9, 10, 13, 14, 20]",30.0,4,154,1.0,21,28,0,3,24,10,stress,22,full_coverage_and_all_discovered_cleared,271,6701.506027,40.0,constant,,0.028081540949642658
12,6,True,0,12,5,6,2,unknown_count_late__n10__negative,unknown_count_late,5,,11,10,441,,bounded_transverse_width,,,,0.02875399999999928,10,,0,0,,,,,,,0,0,,3,40,0,4,2,428,width40_f015_22,[],24337.301346158245,0,,0.0,,False,0,746.2460262,"[1, 3, 5, 7, 8, 9, 10, 13, 14, 20]",30.0,4,155,,22,19,19,3,18,10,stress,22,full_coverage_and_all_discovered_cleared,402,7462.460262,40.0,constant,,0.028783416957594454
12,6,True,0,12,5,6,2,unknown_count_late__n10__negative,unknown_count_late,5,13,11,10,428,,bounded_transverse_width,,base,0,0.028298999999996965,10,,0,0,,,,,,False,0,0,13,3,40,0,4,2,415,range_width015,[],24337.301346158245,0,,0.0,,False,0,738.6460261999999,"[1, 3, 5, 7, 8, 9, 10, 13, 14, 20]",30.0,4,155,1.0,22,19,19,3,18,10,stress,22,full_coverage_and_all_discovered_cleared,391,7386.460262,40.0,constant,,0.02830908400937915
12,6,True,0,12,5,6,2,unknown_count_late__n10__negative,unknown_count_late,5,10,11,10,431,,bounded_transverse_width,,base,0,0.028700000000000614,10,,0,0,,,10,3,10,False,0,0,10,3,40,0,4,2,418,faithful_width015,[],24337.301346158245,0,,0.0,,False,0,740.3460262,"[1, 3, 5, 7, 8, 9, 10, 13, 14, 20]",30.0,4,155,1.0,22,19,19,3,18,10,stress,22,full_coverage_and_all_discovered_cleared,393,7403.460262,40.0,constant,,0.028751917008776218
16,4,True,0,16,2,2,2,unknown_count_late__n10__negative,unknown_count_late,8,0,10,10,298,,bounded_transverse_width,,arc,46,0.032772000000001356,10,cached_distance_prefix_sum,0,0,,,,,,False,0,0,0,6,0,0,4,3,286,arc05_noskip_width015,[],21916.75801171963,0,,0.0,,False,0,612.6351594,"[1, 3, 5, 7, 8, 9, 10, 13, 14, 20]",30.0,4,155,0.5,5,0,0,6,24,10,stress,22,full_coverage_and_all_discovered_cleared,263,6126.351594,40.0,constant,,0.03283720801118761
16,4,True,0,16,2,2,2,unknown_count_late__n10__negative,unknown_count_late,8,0,10,10,298,,bounded_transverse_width,,arc,46,0.0326430000000002,10,cached_distance_prefix_sum,0,0,,,,,,False,0,0,0,6,0,0,4,3,286,fast_arc05_width015,[],21916.75801171963,0,,0.0,,False,0,612.6351594,"[1, 3, 5, 7, 8, 9, 10, 13, 14, 20]",30.0,4,155,0.5,5,0,0,6,24,10,stress,22,full_coverage_and_all_discovered_cleared,263,6126.351594,40.0,constant,,0.03265133302193135
16,4,True,0,16,2,2,2,unknown_count_late__n10__negative,unknown_count_late,8,0,10,10,298,,bounded_transverse_width,,arc,46,0.03276400000000024,10,cached_distance_prefix_sum,0,0,,,0,0,0,False,0,0,0,6,0,0,4,3,286,faithful_arc05_width015,[],21916.75801171963,0,,0.0,,False,0,612.6351594,"[1, 3, 5, 7, 8, 9, 10, 13, 14, 20]",30.0,4,155,0.5,5,0,0,6,24,10,stress,22,full_coverage_and_all_discovered_cleared,263,6126.351594,40.0,constant,,0.03277312498539686
14,5,True,0,14,6,7,2,unknown_count_late__n10__negative,unknown_count_late,4,0,11,10,299,,bounded_transverse_width,,locked,43,0.027061000000003332,10,cached_distance_prefix_sum,0,0,,,,,,True,0,0,0,7,0,0,4,2,286,locked_noskip_width015,[],21331.853913015817,0,,0.0,,False,0,600.7370776,"[1, 3, 5, 7, 8, 9, 10, 13, 14, 20]",30.0,4,155,1.0,5,2,0,7,21,10,stress,22,full_coverage_and_all_discovered_cleared,258,6007.370776,40.0,constant,,0.027074791956692934
14,5,True,0,14,6,7,2,unknown_count_late__n10__negative,unknown_count_late,4,0,11,10,299,,bounded_transverse_width,,locked,43,0.027248999999997636,10,cached_distance_prefix_sum,0,0,,,,,,True,0,0,0,7,0,0,4,2,286,fast_locked_width015,[],21331.853913015817,0,,0.0,,False,0,600.7370776,"[1, 3, 5, 7, 8, 9, 10, 13, 14, 20]",30.0,4,155,1.0,5,2,0,7,21,10,stress,22,full_coverage_and_all_discovered_cleared,258,6007.370776,40.0,constant,,0.02730558399343863
14,5,True,0,14,6,7,2,unknown_count_late__n10__negative,unknown_count_late,4,0,11,10,299,,bounded_transverse_width,,locked,43,0.027061000000003332,10,cached_distance_prefix_sum,0,0,,,0,0,0,True,0,0,0,7,0,0,4,2,286,faithful_locked_width015,[],21331.853913015817,0,,0.0,,False,0,600.7370776,"[1, 3, 5, 7, 8, 9, 10, 13, 14, 20]",30.0,4,155,1.0,5,2,0,7,21,10,stress,22,full_coverage_and_all_discovered_cleared,258,6007.370776,40.0,constant,,0.027138917008414865
15,5,True,0,15,0,1,2,unknown_count_late__n10__spatial,unknown_count_late,10,,11,10,324,,bounded_transverse_width,,,,0.027127000000000123,10,,0,0,,,,,,,0,0,,6,44,0,4,2,311,width40_f015_22,[],23761.037217019337,0,,0.0,,False,0,664.4207442,"[1, 3, 5, 7, 8, 9, 10, 13, 14, 20]",30.0,4,156,,12,0,1,6,22,10,stress,22,full_coverage_and_all_discovered_cleared,284,6644.207442,40.0,constant,,0.02714904199820012
15,5,True,0,15,0,1,2,unknown_count_late__n10__spatial,unknown_count_late,10,0,11,10,324,,bounded_transverse_width,,base,0,0.027340999999999838,10,,0,0,,,,,,False,0,0,0,6,44,0,4,2,311,range_width015,[],23761.037217019337,0,,0.0,,False,0,664.4207442,"[1, 3, 5, 7, 8, 9, 10, 13, 14, 20]",30.0,4,156,1.0,12,0,1,6,22,10,stress,22,full_coverage_and_all_discovered_cleared,284,6644.207442,40.0,constant,,0.027348000032361597
15,5,True,0,15,0,1,2,unknown_count_late__n10__spatial,unknown_count_late,10,0,11,10,324,,bounded_transverse_width,,base,0,0.027377999999998792,10,,0,0,,,0,0,0,False,0,0,0,6,44,0,4,2,311,faithful_width015,[],23761.037217019337,0,,0.0,,False,0,664.4207442,"[1, 3, 5, 7, 8, 9, 10, 13, 14, 20]",30.0,4,156,1.0,12,0,1,6,22,10,stress,22,full_coverage_and_all_discovered_cleared,284,6644.207442,40.0,constant,,0.027396416990086436
17,5,True,0,17,0,2,2,unknown_count_late__n10__spatial,unknown_count_late,10,0,12,10,304,,bounded_transverse_width,,arc,46,0.03388199999999841,10,cached_distance_prefix_sum,0,0,,,,,,False,0,0,0,6,0,0,4,3,290,arc05_noskip_width015,[],20909.509949652722,0,,0.0,,False,0,595.1901988,"[1, 3, 5, 7, 8, 9, 10, 13, 14, 20]",30.0,4,156,0.5,3,4,1,6,24,10,stress,22,full_coverage_and_all_discovered_cleared,264,5951.901988,40.0,constant,,0.03393983299611136
17,5,True,0,17,0,2,2,unknown_count_late__n10__spatial,unknown_count_late,10,0,12,10,304,,bounded_transverse_width,,arc,46,0.03401999999999816,10,cached_distance_prefix_sum,0,0,,,,,,False,0,0,0,6,0,0,4,3,290,fast_arc05_width015,[],20909.509949652722,0,,0.0,,False,0,595.1901988,"[1, 3, 5, 7, 8, 9, 10, 13, 14, 20]",30.0,4,156,0.5,3,4,1,6,24,10,stress,22,full_coverage_and_all_discovered_cleared,264,5951.901988,40.0,constant,,0.0340935830026865
17,5,True,0,17,0,2,2,unknown_count_late__n10__spatial,unknown_count_late,10,0,12,10,304,,bounded_transverse_width,,arc,46,0.03419599999999434,10,cached_distance_prefix_sum,0,0,,,0,0,0,False,0,0,0,6,0,0,4,3,290,faithful_arc05_width015,[],20909.509949652722,0,,0.0,,False,0,595.1901988,"[1, 3, 5, 7, 8, 9, 10, 13, 14, 20]",30.0,4,156,0.5,3,4,1,6,24,10,stress,22,full_coverage_and_all_discovered_cleared,264,5951.901988,40.0,constant,,0.03420091699808836
19,7,True,0,19,0,2,3,unknown_count_late__n10__spatial,unknown_count_late,10,0,12,10,315,,bounded_transverse_width,,locked,47,0.026882000000000517,10,cached_distance_prefix_sum,0,0,,,,,,True,0,0,0,5,0,0,5,3,301,locked_noskip_width015,[],24341.265173370914,0,,0.0,,False,0,669.7253028,"[1, 3, 5, 7, 8, 9, 10, 13, 14, 20]",30.0,4,156,1.0,21,18,0,5,25,10,stress,22,full_coverage_and_all_discovered_cleared,268,6697.253028,40.0,constant,,0.02690016699489206
19,7,True,0,19,0,2,3,unknown_count_late__n10__spatial,unknown_count_late,10,0,12,10,315,,bounded_transverse_width,,locked,47,0.026797999999999433,10,cached_distance_prefix_sum,0,0,,,,,,True,0,0,0,5,0,0,5,3,301,fast_locked_width015,[],24341.265173370914,0,,0.0,,False,0,669.7253028,"[1, 3, 5, 7, 8, 9, 10, 13, 14, 20]",30.0,4,156,1.0,21,18,0,5,25,10,stress,22,full_coverage_and_all_discovered_cleared,268,6697.253028,40.0,constant,,0.026833250012714416
19,7,True,0,19,0,2,3,unknown_count_late__n10__spatial,unknown_count_late,10,0,12,10,315,,bounded_transverse_width,,locked,47,0.026730000000000587,10,cached_distance_prefix_sum,0,0,,,0,0,0,True,0,0,0,5,0,0,5,3,301,faithful_locked_width015,[],24341.265173370914,0,,0.0,,False,0,669.7253028,"[1, 3, 5, 7, 8, 9, 10, 13, 14, 20]",30.0,4,156,1.0,21,18,0,5,25,10,stress,22,full_coverage_and_all_discovered_cleared,268,6697.253028,40.0,constant,,0.026744750037323684
37,14,True,0,37,4,6,2,unknown_count_late__n16__positive,unknown_count_late,12,,18,16,227,,bounded_transverse_width,,,,0.04562700000000319,16,,0,0,,,,,,,0,0,,10,52,11,6,3,207,width40_f015_22,[],18025.317901698076,0,,0.0,,False,0,306.8164736875,"[1, 2, 3, 4, 5, 6, 7, 9, 10, 12, 14, 15, 16, 18, 19, 20]",30.0,4,157,,56,65,0,11,41,16,stress,11,public_upper_bound_16,183,4909.063579,40.0,constant,,0.045632915978785604
37,14,True,0,37,4,6,2,unknown_count_late__n16__positive,unknown_count_late,12,0,18,16,227,,bounded_transverse_width,,base,0,0.046999999999997044,16,,0,0,,,,,,False,0,0,0,10,52,11,6,3,207,range_width015,[],18025.317901698076,0,,0.0,,False,0,306.8164736875,"[1, 2, 3, 4, 5, 6, 7, 9, 10, 12, 14, 15, 16, 18, 19, 20]",30.0,4,157,1.0,56,65,0,11,41,16,stress,11,public_upper_bound_16,183,4909.063579,40.0,constant,,0.04708070901688188
37,14,True,0,37,4,6,2,unknown_count_late__n16__positive,unknown_count_late,12,0,18,16,227,,bounded_transverse_width,,base,0,0.04583300000000179,16,,0,0,,,0,0,0,False,0,0,0,10,52,11,6,3,207,faithful_width015,[],18025.317901698076,0,,0.0,,False,0,306.8164736875,"[1, 2, 3, 4, 5, 6, 7, 9, 10, 12, 14, 15, 16, 18, 19, 20]",30.0,4,157,1.0,56,65,0,11,41,16,stress,11,public_upper_bound_16,183,4909.063579,40.0,constant,,0.04590920900227502
37,8,True,0,37,4,4,2,unknown_count_late__n16__positive,unknown_count_late,12,0,16,16,216,,bounded_transverse_width,,arc,64,0.05373999999999768,16,cached_distance_prefix_sum,0,0,,,,,,False,2,0,0,11,0,3,4,3,198,arc05_noskip_width015,[],21227.174068006352,0,,0.0,,False,0,342.5271755,"[1, 2, 3, 4, 5, 6, 7, 9, 10, 12, 14, 15, 16, 18, 19, 20]",30.0,4,157,0.5,12,10,0,16,47,16,stress,19,public_upper_bound_16,165,5480.434808,40.0,constant,,0.053814959013834596
37,8,True,0,37,4,4,2,unknown_count_late__n16__positive,unknown_count_late,12,0,16,16,216,,bounded_transverse_width,,arc,64,0.0532439999999994,16,cached_distance_prefix_sum,0,0,,,,,,False,2,0,0,11,0,3,4,3,198,fast_arc05_width015,[],21227.174068006352,0,,0.0,,False,0,342.5271755,"[1, 2, 3, 4, 5, 6, 7, 9, 10, 12, 14, 15, 16, 18, 19, 20]",30.0,4,157,0.5,12,10,0,16,47,16,stress,19,public_upper_bound_16,165,5480.434808,40.0,constant,,0.053249208023771644
37,8,True,0,37,4,4,2,unknown_count_late__n16__positive,unknown_count_late,12,0,16,16,216,,bounded_transverse_width,,arc,64,0.053959000000006085,16,cached_distance_prefix_sum,0,0,,,0,0,0,False,2,0,0,11,0,3,4,3,198,faithful_arc05_width015,[],21227.174068006352,0,,0.0,,False,0,342.5271755,"[1, 2, 3, 4, 5, 6, 7, 9, 10, 12, 14, 15, 16, 18, 19, 20]",30.0,4,157,0.5,12,10,0,16,47,16,stress,19,public_upper_bound_16,165,5480.434808,40.0,constant,,0.05403095803922042
31,10,True,0,31,7,8,2,unknown_count_late__n16__positive,unknown_count_late,9,0,17,16,234,,bounded_transverse_width,,locked,56,0.04655400000000043,16,cached_distance_prefix_sum,0,0,,,,,,True,0,0,0,11,0,5,6,3,215,locked_noskip_width015,[],21444.10607301242,0,,0.0,,False,0,352.05132575,"[1, 2, 3, 4, 5, 6, 7, 9, 10, 12, 14, 15, 16, 18, 19, 20]",30.0,4,157,1.0,34,35,1,11,39,16,stress,17,public_upper_bound_16,186,5632.821212,40.0,constant,,0.04658154200296849
31,10,True,0,31,7,8,2,unknown_count_late__n16__positive,unknown_count_late,9,0,17,16,234,,bounded_transverse_width,,locked,56,0.04649900000000429,16,cached_distance_prefix_sum,0,0,,,,,,True,0,0,0,11,0,5,6,3,215,fast_locked_width015,[],21444.10607301242,0,,0.0,,False,0,352.05132575,"[1, 2, 3, 4, 5, 6, 7, 9, 10, 12, 14, 15, 16, 18, 19, 20]",30.0,4,157,1.0,34,35,1,11,39,16,stress,17,public_upper_bound_16,186,5632.821212,40.0,constant,,0.0465281669748947
31,10,True,0,31,7,8,2,unknown_count_late__n16__positive,unknown_count_late,9,0,17,16,234,,bounded_transverse_width,,locked,56,0.052626000000003614,16,cached_distance_prefix_sum,0,0,,,0,0,0,True,0,0,0,11,0,5,6,3,215,faithful_locked_width015,[],21444.10607301242,0,,0.0,,False,0,352.05132575,"[1, 2, 3, 4, 5, 6, 7, 9, 10, 12, 14, 15, 16, 18, 19, 20]",30.0,4,157,1.0,34,35,1,11,39,16,stress,17,public_upper_bound_16,186,5632.821212,40.0,constant,,0.052736999990884215
38,10,True,0,38,6,7,2,unknown_count_late__n16__negative,unknown_count_late,10,,17,16,222,,bounded_transverse_width,,,,0.048988000000001364,16,,0,0,,,,,,,0,0,,12,57,11,4,3,203,width40_f015_22,[],19446.966392589216,0,,0.0,,False,0,322.83707975,"[1, 2, 3, 4, 5, 6, 7, 9, 10, 12, 14, 15, 16, 18, 19, 20]",30.0,4,158,,51,42,0,13,46,16,stress,11,public_upper_bound_16,178,5165.393276,40.0,constant,,0.049020832986570895
38,10,True,0,38,6,7,2,unknown_count_late__n16__negative,unknown_count_late,10,0,17,16,222,,bounded_transverse_width,,base,0,0.04959000000000202,16,,0,0,,,,,,False,0,0,0,12,57,11,4,3,203,range_width015,[],19446.966392589216,0,,0.0,,False,0,322.83707975,"[1, 2, 3, 4, 5, 6, 7, 9, 10, 12, 14, 15, 16, 18, 19, 20]",30.0,4,158,1.0,51,42,0,13,46,16,stress,11,public_upper_bound_16,178,5165.393276,40.0,constant,,0.04961308295605704
38,10,True,0,38,6,7,2,unknown_count_late__n16__negative,unknown_count_late,10,0,17,16,222,,bounded_transverse_width,,base,0,0.04921799999999621,16,,0,0,,,0,0,0,False,0,0,0,12,57,11,4,3,203,faithful_width015,[],19446.966392589216,0,,0.0,,False,0,322.83707975,"[1, 2, 3, 4, 5, 6, 7, 9, 10, 12, 14, 15, 16, 18, 19, 20]",30.0,4,158,1.0,51,42,0,13,46,16,stress,11,public_upper_bound_16,178,5165.393276,40.0,constant,,0.049360416014678776
44,11,True,0,44,3,4,2,unknown_count_late__n16__negative,unknown_count_late,13,0,17,16,179,,bounded_transverse_width,,arc,60,0.053758999999999446,16,cached_distance_prefix_sum,0,0,,,,,,False,0,0,0,12,0,13,5,3,160,arc05_noskip_width015,[],14260.43604506687,0,,0.0,,False,0,242.0679505625,"[1, 2, 3, 4, 5, 6, 7, 9, 10, 12, 14, 15, 16, 18, 19, 20]",30.0,4,158,0.5,17,16,0,13,51,16,stress,9,public_upper_bound_16,138,3873.087209,40.0,constant,,0.053768582991324365
44,11,True,0,44,3,4,2,unknown_count_late__n16__negative,unknown_count_late,13,0,17,16,179,,bounded_transverse_width,,arc,60,0.05352200000000096,16,cached_distance_prefix_sum,0,0,,,,,,False,0,0,0,12,0,13,5,3,160,fast_arc05_width015,[],14260.43604506687,0,,0.0,,False,0,242.0679505625,"[1, 2, 3, 4, 5, 6, 7, 9, 10, 12, 14, 15, 16, 18, 19, 20]",30.0,4,158,0.5,17,16,0,13,51,16,stress,9,public_upper_bound_16,138,3873.087209,40.0,constant,,0.053537625004537404
44,11,True,0,44,3,4,2,unknown_count_late__n16__negative,unknown_count_late,13,0,17,16,179,,bounded_transverse_width,,arc,60,0.05371799999999638,16,cached_distance_prefix_sum,0,0,,,0,0,0,False,0,0,0,12,0,13,5,3,160,faithful_arc05_width015,[],14260.43604506687,0,,0.0,,False,0,242.0679505625,"[1, 2, 3, 4, 5, 6, 7, 9, 10, 12, 14, 15, 16, 18, 19, 20]",30.0,4,158,0.5,17,16,0,13,51,16,stress,9,public_upper_bound_16,138,3873.087209,40.0,constant,,0.05381295899860561
34,13,True,0,34,3,6,2,unknown_count_late__n16__negative,unknown_count_late,13,0,19,16,255,,bounded_transverse_width,,locked,56,0.05163699999999949,16,cached_distance_prefix_sum,0,0,,,,,,True,0,0,0,7,0,5,5,3,234,locked_noskip_width015,[],21866.297460481608,0,,0.0,,False,0,364.516218,"[1, 2, 3, 4, 5, 6, 7, 9, 10, 12, 14, 15, 16, 18, 19, 20]",30.0,4,158,1.0,40,89,2,7,39,16,stress,17,public_upper_bound_16,200,5832.259488,40.0,constant,,0.05165366700384766
34,13,True,0,34,3,6,2,unknown_count_late__n16__negative,unknown_count_late,13,0,19,16,255,,bounded_transverse_width,,locked,56,0.051703000000003385,16,cached_distance_prefix_sum,0,0,,,,,,True,0,0,0,7,0,5,5,3,234,fast_locked_width015,[],21866.297460481608,0,,0.0,,False,0,364.516218,"[1, 2, 3, 4, 5, 6, 7, 9, 10, 12, 14, 15, 16, 18, 19, 20]",30.0,4,158,1.0,40,89,2,7,39,16,stress,17,public_upper_bound_16,200,5832.259488,40.0,constant,,0.051758124958723783
34,13,True,0,34,3,6,2,unknown_count_late__n16__negative,unknown_count_late,13,0,19,16,255,,bounded_transverse_width,,locked,56,0.05189900000000591,16,cached_distance_prefix_sum,0,0,,,0,0,0,True,0,0,0,7,0,5,5,3,234,faithful_locked_width015,[],21866.297460481608,0,,0.0,,False,0,364.516218,"[1, 2, 3, 4, 5, 6, 7, 9, 10, 12, 14, 15, 16, 18, 19, 20]",30.0,4,158,1.0,40,89,2,7,39,16,stress,17,public_upper_bound_16,200,5832.259488,40.0,constant,,0.05196825001621619
28,9,True,0,28,3,4,3,unknown_count_late__n16__spatial,unknown_count_late,13,,17,16,207,,bounded_transverse_width,,,,0.036335000000001116,16,,0,0,,,,,,,0,0,,7,57,3,4,3,188,width40_f015_22,[],22548.416012734706,0,,0.0,,False,0,355.48019975,"[1, 2, 3, 4, 5, 6, 7, 9, 10, 12, 14, 15, 16, 18, 19, 20]",30.0,4,159,,11,5,0,7,38,16,stress,19,public_upper_bound_16,155,5687.683196,40.0,constant,,0.036354417039547116
28,9,True,0,28,3,4,3,unknown_count_late__n16__spatial,unknown_count_late,13,0,17,16,207,,bounded_transverse_width,,base,0,0.036965000000002135,16,,0,0,,,,,,False,0,0,0,7,57,3,4,3,188,range_width015,[],22548.416012734706,0,,0.0,,False,0,355.48019975,"[1, 2, 3, 4, 5, 6, 7, 9, 10, 12, 14, 15, 16, 18, 19, 20]",30.0,4,159,1.0,11,5,0,7,38,16,stress,19,public_upper_bound_16,155,5687.683196,40.0,constant,,0.03697524999734014
28,9,True,0,28,3,4,3,unknown_count_late__n16__spatial,unknown_count_late,13,0,17,16,207,,bounded_transverse_width,,base,0,0.03654300000000177,16,,0,0,,,0,0,0,False,0,0,0,7,57,3,4,3,188,faithful_width015,[],22548.416012734706,0,,0.0,,False,0,355.48019975,"[1, 2, 3, 4, 5, 6, 7, 9, 10, 12, 14, 15, 16, 18, 19, 20]",30.0,4,159,1.0,11,5,0,7,38,16,stress,19,public_upper_bound_16,155,5687.683196,40.0,constant,,0.036584666988346726
43,14,True,0,43,0,0,4,unknown_count_late__n16__spatial,unknown_count_late,16,0,16,16,170,,bounded_transverse_width,,arc,52,0.04870999999999981,16,cached_distance_prefix_sum,0,0,,,,,,False,6,0,0,13,0,13,6,3,152,arc05_noskip_width015,[],14265.31230626765,0,,0.0,,False,0,238.5664036875,"[1, 2, 3, 4, 5, 6, 7, 9, 10, 12, 14, 15, 16, 18, 19, 20]",30.0,4,159,0.5,8,14,0,16,49,16,stress,9,public_upper_bound_16,124,3817.062459,40.0,constant,,0.04873812495497987
43,14,True,0,43,0,0,4,unknown_count_late__n16__spatial,unknown_count_late,16,0,16,16,170,,bounded_transverse_width,,arc,52,0.048861000000002264,16,cached_distance_prefix_sum,0,0,,,,,,False,6,0,0,13,0,13,6,3,152,fast_arc05_width015,[],14265.31230626765,0,,0.0,,False,0,238.5664036875,"[1, 2, 3, 4, 5, 6, 7, 9, 10, 12, 14, 15, 16, 18, 19, 20]",30.0,4,159,0.5,8,14,0,16,49,16,stress,9,public_upper_bound_16,124,3817.062459,40.0,constant,,0.04887962504290044
43,14,True,0,43,0,0,4,unknown_count_late__n16__spatial,unknown_count_late,16,0,16,16,170,,bounded_transverse_width,,arc,52,0.048865999999996745,16,cached_distance_prefix_sum,0,0,,,0,0,0,False,6,0,0,13,0,13,6,3,152,faithful_arc05_width015,[],14265.31230626765,0,,0.0,,False,0,238.5664036875,"[1, 2, 3, 4, 5, 6, 7, 9, 10, 12, 14, 15, 16, 18, 19, 20]",30.0,4,159,0.5,8,14,0,16,49,16,stress,9,public_upper_bound_16,124,3817.062459,40.0,constant,,0.0489398330100812
35,14,True,0,35,1,6,3,unknown_count_late__n16__spatial,unknown_count_late,15,0,21,16,240,,bounded_transverse_width,,locked,57,0.048304999999999154,16,cached_distance_prefix_sum,0,0,,,,,,True,0,0,0,9,0,5,6,3,217,locked_noskip_width015,[],22018.31275035546,0,,0.0,,False,0,360.4789090625,"[1, 2, 3, 4, 5, 6, 7, 9, 10, 12, 14, 15, 16, 18, 19, 20]",30.0,4,159,1.0,30,64,1,11,40,16,stress,17,public_upper_bound_16,184,5767.662545,40.0,constant,,0.04841358296107501
35,14,True,0,35,1,6,3,unknown_count_late__n16__spatial,unknown_count_late,15,0,21,16,240,,bounded_transverse_width,,locked,57,0.04805999999999955,16,cached_distance_prefix_sum,0,0,,,,,,True,0,0,0,9,0,5,6,3,217,fast_locked_width015,[],22018.31275035546,0,,0.0,,False,0,360.4789090625,"[1, 2, 3, 4, 5, 6, 7, 9, 10, 12, 14, 15, 16, 18, 19, 20]",30.0,4,159,1.0,30,64,1,11,40,16,stress,17,public_upper_bound_16,184,5767.662545,40.0,constant,,0.04807937500299886
35,14,True,0,35,1,6,3,unknown_count_late__n16__spatial,unknown_count_late,15,0,21,16,240,,bounded_transverse_width,,locked,57,0.04792699999999428,16,cached_distance_prefix_sum,0,0,,,0,0,0,True,0,0,0,9,0,5,6,3,217,faithful_locked_width015,[],22018.31275035546,0,,0.0,,False,0,360.4789090625,"[1, 2, 3, 4, 5, 6, 7, 9, 10, 12, 14, 15, 16, 18, 19, 20]",30.0,4,159,1.0,30,64,1,11,40,16,stress,17,public_upper_bound_16,184,5767.662545,40.0,constant,,0.04799274995457381
