candidate,x,y,distance_unknown_m,initial_error,second_error,received,posterior_outer_radius_m,move_measure_s,universally_safe_certificate
naive_perpendicular_500,0.0,500.0,6.0,-1.0,-1.0,True,3.0556559866134645,105.0,False
naive_perpendicular_500,0.0,500.0,6.0,-1.0,-0.5,True,5.239502394742852,105.0,False
naive_perpendicular_500,0.0,500.0,6.0,-1.0,0.0,True,7.424864995774911,105.0,False
naive_perpendicular_500,0.0,500.0,6.0,-1.0,0.5,True,8.827085746189384,105.0,False
naive_perpendicular_500,0.0,500.0,6.0,-1.0,1.0,True,8.836767664814964,105.0,False
naive_perpendicular_500,0.0,500.0,6.0,0.0,-1.0,True,3.0556559866134645,105.0,False
naive_perpendicular_500,0.0,500.0,6.0,0.0,-0.5,True,5.239502394742852,105.0,False
naive_perpendicular_500,0.0,500.0,6.0,0.0,0.0,True,7.424864995774911,105.0,False
naive_perpendicular_500,0.0,500.0,6.0,0.0,0.5,True,8.827085746189384,105.0,False
naive_perpendicular_500,0.0,500.0,6.0,0.0,1.0,True,8.836767664814964,105.0,False
naive_perpendicular_500,0.0,500.0,6.0,1.0,-1.0,True,3.0556559866134645,105.0,False
naive_perpendicular_500,0.0,500.0,6.0,1.0,-0.5,True,5.239502394742852,105.0,False
naive_perpendicular_500,0.0,500.0,6.0,1.0,0.0,True,7.424864995774911,105.0,False
naive_perpendicular_500,0.0,500.0,6.0,1.0,0.5,True,8.827085746189384,105.0,False
naive_perpendicular_500,0.0,500.0,6.0,1.0,1.0,True,8.836767664814964,105.0,False
naive_perpendicular_500,0.0,500.0,20.0,-1.0,-1.0,True,8.828753055029695,105.0,False
naive_perpendicular_500,0.0,500.0,20.0,-1.0,-0.5,True,8.839107741671597,105.0,False
naive_perpendicular_500,0.0,500.0,20.0,-1.0,0.0,True,8.85282763513351,105.0,False
naive_perpendicular_500,0.0,500.0,20.0,-1.0,0.5,True,8.86991553701605,105.0,False
naive_perpendicular_500,0.0,500.0,20.0,-1.0,1.0,True,8.890374984227583,105.0,False
naive_perpendicular_500,0.0,500.0,20.0,0.0,-1.0,True,8.828753055029695,105.0,False
naive_perpendicular_500,0.0,500.0,20.0,0.0,-0.5,True,8.839107741671597,105.0,False
naive_perpendicular_500,0.0,500.0,20.0,0.0,0.0,True,8.85282763513351,105.0,False
naive_perpendicular_500,0.0,500.0,20.0,0.0,0.5,True,8.86991553701605,105.0,False
naive_perpendicular_500,0.0,500.0,20.0,0.0,1.0,True,8.890374984227583,105.0,False
naive_perpendicular_500,0.0,500.0,20.0,1.0,-1.0,True,8.828753055029695,105.0,False
naive_perpendicular_500,0.0,500.0,20.0,1.0,-0.5,True,8.839107741671597,105.0,False
naive_perpendicular_500,0.0,500.0,20.0,1.0,0.0,True,8.85282763513351,105.0,False
naive_perpendicular_500,0.0,500.0,20.0,1.0,0.5,True,8.86991553701605,105.0,False
naive_perpendicular_500,0.0,500.0,20.0,1.0,1.0,True,8.890374984227583,105.0,False
naive_perpendicular_500,0.0,500.0,100.0,-1.0,-1.0,True,9.543385640878444,105.0,False
naive_perpendicular_500,0.0,500.0,100.0,-1.0,-0.5,True,9.615912118898494,105.0,False
naive_perpendicular_500,0.0,500.0,100.0,-1.0,0.0,True,9.692011276293393,105.0,False
naive_perpendicular_500,0.0,500.0,100.0,-1.0,0.5,True,9.771708278924647,105.0,False
naive_perpendicular_500,0.0,500.0,100.0,-1.0,1.0,True,9.855030315448788,105.0,False
naive_perpendicular_500,0.0,500.0,100.0,0.0,-1.0,True,9.537737153370095,105.0,False
naive_perpendicular_500,0.0,500.0,100.0,0.0,-0.5,True,9.609978845948431,105.0,False
naive_perpendicular_500,0.0,500.0,100.0,0.0,0.0,True,9.685791288988217,105.0,False
naive_perpendicular_500,0.0,500.0,100.0,0.0,0.5,True,9.765199490904674,105.0,False
naive_perpendicular_500,0.0,500.0,100.0,0.0,1.0,True,9.848230474771997,105.0,False
naive_perpendicular_500,0.0,500.0,100.0,1.0,-1.0,True,9.532111369900177,105.0,False
naive_perpendicular_500,0.0,500.0,100.0,1.0,-0.5,True,9.604068424786892,105.0,False
naive_perpendicular_500,0.0,500.0,100.0,1.0,0.0,True,9.679594313472588,105.0,False
naive_perpendicular_500,0.0,500.0,100.0,1.0,0.5,True,9.75871388756717,105.0,False
naive_perpendicular_500,0.0,500.0,100.0,1.0,1.0,True,9.84145400522164,105.0,False
naive_perpendicular_500,0.0,500.0,250.0,-1.0,-1.0,True,13.612518926156557,105.0,False
naive_perpendicular_500,0.0,500.0,250.0,-1.0,-0.5,True,13.819293815601176,105.0,False
naive_perpendicular_500,0.0,500.0,250.0,-1.0,0.0,True,14.031899055957874,105.0,False
naive_perpendicular_500,0.0,500.0,250.0,-1.0,0.5,True,14.25048564282026,105.0,False
naive_perpendicular_500,0.0,500.0,250.0,-1.0,1.0,True,14.475211905169441,105.0,False
naive_perpendicular_500,0.0,500.0,250.0,0.0,-1.0,True,13.535443018364669,105.0,False
naive_perpendicular_500,0.0,500.0,250.0,0.0,-0.5,True,13.740040494824639,105.0,False
naive_perpendicular_500,0.0,500.0,250.0,0.0,0.0,True,13.950412801783106,105.0,False
naive_perpendicular_500,0.0,500.0,250.0,0.0,0.5,True,14.166708230187758,105.0,False
naive_perpendicular_500,0.0,500.0,250.0,0.0,1.0,True,14.38908228479325,105.0,False
naive_perpendicular_500,0.0,500.0,250.0,1.0,-1.0,True,13.451199889883508,105.0,False
naive_perpendicular_500,0.0,500.0,250.0,1.0,-0.5,True,13.653414485345989,105.0,False
naive_perpendicular_500,0.0,500.0,250.0,1.0,0.0,True,13.86134370679616,105.0,False
naive_perpendicular_500,0.0,500.0,250.0,1.0,0.5,True,14.075132906701553,105.0,False
naive_perpendicular_500,0.0,500.0,250.0,1.0,1.0,True,14.294934522034882,105.0,False
naive_perpendicular_500,0.0,500.0,500.0,-1.0,-1.0,True,27.300970290700114,105.0,False
naive_perpendicular_500,0.0,500.0,500.0,-1.0,-0.5,True,27.925267272416065,105.0,False
naive_perpendicular_500,0.0,500.0,500.0,-1.0,0.0,True,28.57101883004232,105.0,False
naive_perpendicular_500,0.0,500.0,500.0,-1.0,0.5,True,29.239197039798608,105.0,False
naive_perpendicular_500,0.0,500.0,500.0,-1.0,1.0,True,29.930830906691924,105.0,False
naive_perpendicular_500,0.0,500.0,500.0,0.0,-1.0,True,26.697209046067613,105.0,False
naive_perpendicular_500,0.0,500.0,500.0,0.0,-0.5,True,27.300970290700114,105.0,False
naive_perpendicular_500,0.0,500.0,500.0,0.0,0.0,True,27.925267272416065,105.0,False
naive_perpendicular_500,0.0,500.0,500.0,0.0,0.5,True,28.57101883004232,105.0,False
naive_perpendicular_500,0.0,500.0,500.0,0.0,1.0,True,29.239197039798608,105.0,False
naive_perpendicular_500,0.0,500.0,500.0,1.0,-1.0,True,26.113114524093916,105.0,False
naive_perpendicular_500,0.0,500.0,500.0,1.0,-0.5,True,26.697209046067613,105.0,False
naive_perpendicular_500,0.0,500.0,500.0,1.0,0.0,True,27.300970290700114,105.0,False
naive_perpendicular_500,0.0,500.0,500.0,1.0,0.5,True,27.925267272416065,105.0,False
naive_perpendicular_500,0.0,500.0,500.0,1.0,1.0,True,28.57101883004232,105.0,False
naive_perpendicular_500,0.0,500.0,750.0,-1.0,-1.0,True,49.4916533081015,105.0,False
naive_perpendicular_500,0.0,500.0,750.0,-1.0,-0.5,True,51.00716029104759,105.0,False
naive_perpendicular_500,0.0,500.0,750.0,-1.0,0.0,True,52.59249865838668,105.0,False
naive_perpendicular_500,0.0,500.0,750.0,-1.0,0.5,True,54.2520203674384,105.0,False
naive_perpendicular_500,0.0,500.0,750.0,-1.0,1.0,True,55.99042297103976,105.0,False
naive_perpendicular_500,0.0,500.0,750.0,0.0,-1.0,True,47.507513772097575,105.0,False
naive_perpendicular_500,0.0,500.0,750.0,0.0,-0.5,True,48.93322125071367,105.0,False
naive_perpendicular_500,0.0,500.0,750.0,0.0,0.0,True,50.42326685553023,105.0,False
naive_perpendicular_500,0.0,500.0,750.0,0.0,0.5,True,51.981574360788265,105.0,False
naive_perpendicular_500,0.0,500.0,750.0,0.0,1.0,True,53.612372452487634,105.0,False
naive_perpendicular_500,0.0,500.0,750.0,1.0,-1.0,True,45.63899512818583,105.0,False
naive_perpendicular_500,0.0,500.0,750.0,1.0,-0.5,True,46.98184774386691,105.0,False
naive_perpendicular_500,0.0,500.0,750.0,1.0,0.0,True,48.38407675053878,105.0,False
naive_perpendicular_500,0.0,500.0,750.0,1.0,0.5,True,49.849227302949046,105.0,False
naive_perpendicular_500,0.0,500.0,750.0,1.0,1.0,True,51.381114271537044,105.0,False
naive_perpendicular_500,0.0,500.0,1000.0,-1.0,-1.0,False,750.2331037494384,105.0,False
naive_perpendicular_500,0.0,500.0,1000.0,-1.0,-0.5,False,750.2331037494384,105.0,False
naive_perpendicular_500,0.0,500.0,1000.0,-1.0,0.0,False,750.2331037494384,105.0,False
naive_perpendicular_500,0.0,500.0,1000.0,-1.0,0.5,False,750.2331037494384,105.0,False
naive_perpendicular_500,0.0,500.0,1000.0,-1.0,1.0,False,750.2331037494384,105.0,False
naive_perpendicular_500,0.0,500.0,1000.0,0.0,-1.0,False,750.2331037494384,105.0,False
naive_perpendicular_500,0.0,500.0,1000.0,0.0,-0.5,False,750.2331037494384,105.0,False
naive_perpendicular_500,0.0,500.0,1000.0,0.0,0.0,False,750.2331037494384,105.0,False
naive_perpendicular_500,0.0,500.0,1000.0,0.0,0.5,False,750.2331037494384,105.0,False
naive_perpendicular_500,0.0,500.0,1000.0,0.0,1.0,False,750.2331037494384,105.0,False
naive_perpendicular_500,0.0,500.0,1000.0,1.0,-1.0,False,750.2331037494384,105.0,False
naive_perpendicular_500,0.0,500.0,1000.0,1.0,-0.5,False,750.2331037494384,105.0,False
naive_perpendicular_500,0.0,500.0,1000.0,1.0,0.0,False,750.2331037494384,105.0,False
naive_perpendicular_500,0.0,500.0,1000.0,1.0,0.5,False,750.2331037494384,105.0,False
naive_perpendicular_500,0.0,500.0,1000.0,1.0,1.0,False,750.2331037494384,105.0,False
naive_perpendicular_500,0.0,500.0,1250.0,-1.0,-1.0,False,750.2331037494384,105.0,False
naive_perpendicular_500,0.0,500.0,1250.0,-1.0,-0.5,False,750.2331037494384,105.0,False
naive_perpendicular_500,0.0,500.0,1250.0,-1.0,0.0,False,750.2331037494384,105.0,False
naive_perpendicular_500,0.0,500.0,1250.0,-1.0,0.5,False,750.2331037494384,105.0,False
naive_perpendicular_500,0.0,500.0,1250.0,-1.0,1.0,False,750.2331037494384,105.0,False
naive_perpendicular_500,0.0,500.0,1250.0,0.0,-1.0,False,750.2331037494384,105.0,False
naive_perpendicular_500,0.0,500.0,1250.0,0.0,-0.5,False,750.2331037494384,105.0,False
naive_perpendicular_500,0.0,500.0,1250.0,0.0,0.0,False,750.2331037494384,105.0,False
naive_perpendicular_500,0.0,500.0,1250.0,0.0,0.5,False,750.2331037494384,105.0,False
naive_perpendicular_500,0.0,500.0,1250.0,0.0,1.0,False,750.2331037494384,105.0,False
naive_perpendicular_500,0.0,500.0,1250.0,1.0,-1.0,False,750.2331037494384,105.0,False
naive_perpendicular_500,0.0,500.0,1250.0,1.0,-0.5,False,750.2331037494384,105.0,False
naive_perpendicular_500,0.0,500.0,1250.0,1.0,0.0,False,750.2331037494384,105.0,False
naive_perpendicular_500,0.0,500.0,1250.0,1.0,0.5,False,750.2331037494384,105.0,False
naive_perpendicular_500,0.0,500.0,1250.0,1.0,1.0,False,750.2331037494384,105.0,False
naive_perpendicular_500,0.0,500.0,1500.0,-1.0,-1.0,False,750.2331037494384,105.0,False
naive_perpendicular_500,0.0,500.0,1500.0,-1.0,-0.5,False,750.2331037494384,105.0,False
naive_perpendicular_500,0.0,500.0,1500.0,-1.0,0.0,False,750.2331037494384,105.0,False
naive_perpendicular_500,0.0,500.0,1500.0,-1.0,0.5,False,750.2331037494384,105.0,False
naive_perpendicular_500,0.0,500.0,1500.0,-1.0,1.0,False,750.2331037494384,105.0,False
naive_perpendicular_500,0.0,500.0,1500.0,0.0,-1.0,False,750.2331037494384,105.0,False
naive_perpendicular_500,0.0,500.0,1500.0,0.0,-0.5,False,750.2331037494384,105.0,False
naive_perpendicular_500,0.0,500.0,1500.0,0.0,0.0,False,750.2331037494384,105.0,False
naive_perpendicular_500,0.0,500.0,1500.0,0.0,0.5,False,750.2331037494384,105.0,False
naive_perpendicular_500,0.0,500.0,1500.0,0.0,1.0,False,750.2331037494384,105.0,False
naive_perpendicular_500,0.0,500.0,1500.0,1.0,-1.0,False,750.2331037494384,105.0,False
naive_perpendicular_500,0.0,500.0,1500.0,1.0,-0.5,False,750.2331037494384,105.0,False
naive_perpendicular_500,0.0,500.0,1500.0,1.0,0.0,False,750.2331037494384,105.0,False
naive_perpendicular_500,0.0,500.0,1500.0,1.0,0.5,False,750.2331037494384,105.0,False
naive_perpendicular_500,0.0,500.0,1500.0,1.0,1.0,False,750.2331037494384,105.0,False
guessed_distance_orthogonal,1000.0,1000.0,6.0,-1.0,-1.0,False,750.2331037494384,287.842712474619,False
guessed_distance_orthogonal,1000.0,1000.0,6.0,-1.0,-0.5,False,750.2331037494384,287.842712474619,False
guessed_distance_orthogonal,1000.0,1000.0,6.0,-1.0,0.0,False,750.2331037494384,287.842712474619,False
guessed_distance_orthogonal,1000.0,1000.0,6.0,-1.0,0.5,False,750.2331037494384,287.842712474619,False
guessed_distance_orthogonal,1000.0,1000.0,6.0,-1.0,1.0,False,750.2331037494384,287.842712474619,False
guessed_distance_orthogonal,1000.0,1000.0,6.0,0.0,-1.0,False,750.2331037494384,287.842712474619,False
guessed_distance_orthogonal,1000.0,1000.0,6.0,0.0,-0.5,False,750.2331037494384,287.842712474619,False
guessed_distance_orthogonal,1000.0,1000.0,6.0,0.0,0.0,False,750.2331037494384,287.842712474619,False
guessed_distance_orthogonal,1000.0,1000.0,6.0,0.0,0.5,False,750.2331037494384,287.842712474619,False
guessed_distance_orthogonal,1000.0,1000.0,6.0,0.0,1.0,False,750.2331037494384,287.842712474619,False
guessed_distance_orthogonal,1000.0,1000.0,6.0,1.0,-1.0,False,750.2331037494384,287.842712474619,False
guessed_distance_orthogonal,1000.0,1000.0,6.0,1.0,-0.5,False,750.2331037494384,287.842712474619,False
guessed_distance_orthogonal,1000.0,1000.0,6.0,1.0,0.0,False,750.2331037494384,287.842712474619,False
guessed_distance_orthogonal,1000.0,1000.0,6.0,1.0,0.5,False,750.2331037494384,287.842712474619,False
guessed_distance_orthogonal,1000.0,1000.0,6.0,1.0,1.0,False,750.2331037494384,287.842712474619,False
guessed_distance_orthogonal,1000.0,1000.0,20.0,-1.0,-1.0,False,750.2331037494384,287.842712474619,False
guessed_distance_orthogonal,1000.0,1000.0,20.0,-1.0,-0.5,False,750.2331037494384,287.842712474619,False
guessed_distance_orthogonal,1000.0,1000.0,20.0,-1.0,0.0,False,750.2331037494384,287.842712474619,False
guessed_distance_orthogonal,1000.0,1000.0,20.0,-1.0,0.5,False,750.2331037494384,287.842712474619,False
guessed_distance_orthogonal,1000.0,1000.0,20.0,-1.0,1.0,False,750.2331037494384,287.842712474619,False
guessed_distance_orthogonal,1000.0,1000.0,20.0,0.0,-1.0,False,750.2331037494384,287.842712474619,False
guessed_distance_orthogonal,1000.0,1000.0,20.0,0.0,-0.5,False,750.2331037494384,287.842712474619,False
guessed_distance_orthogonal,1000.0,1000.0,20.0,0.0,0.0,False,750.2331037494384,287.842712474619,False
guessed_distance_orthogonal,1000.0,1000.0,20.0,0.0,0.5,False,750.2331037494384,287.842712474619,False
guessed_distance_orthogonal,1000.0,1000.0,20.0,0.0,1.0,False,750.2331037494384,287.842712474619,False
guessed_distance_orthogonal,1000.0,1000.0,20.0,1.0,-1.0,False,750.2331037494384,287.842712474619,False
guessed_distance_orthogonal,1000.0,1000.0,20.0,1.0,-0.5,False,750.2331037494384,287.842712474619,False
guessed_distance_orthogonal,1000.0,1000.0,20.0,1.0,0.0,False,750.2331037494384,287.842712474619,False
guessed_distance_orthogonal,1000.0,1000.0,20.0,1.0,0.5,False,750.2331037494384,287.842712474619,False
guessed_distance_orthogonal,1000.0,1000.0,20.0,1.0,1.0,False,750.2331037494384,287.842712474619,False
guessed_distance_orthogonal,1000.0,1000.0,100.0,-1.0,-1.0,False,750.2331037494384,287.842712474619,False
guessed_distance_orthogonal,1000.0,1000.0,100.0,-1.0,-0.5,False,750.2331037494384,287.842712474619,False
guessed_distance_orthogonal,1000.0,1000.0,100.0,-1.0,0.0,False,750.2331037494384,287.842712474619,False
guessed_distance_orthogonal,1000.0,1000.0,100.0,-1.0,0.5,False,750.2331037494384,287.842712474619,False
guessed_distance_orthogonal,1000.0,1000.0,100.0,-1.0,1.0,False,750.2331037494384,287.842712474619,False
guessed_distance_orthogonal,1000.0,1000.0,100.0,0.0,-1.0,False,750.2331037494384,287.842712474619,False
guessed_distance_orthogonal,1000.0,1000.0,100.0,0.0,-0.5,False,750.2331037494384,287.842712474619,False
guessed_distance_orthogonal,1000.0,1000.0,100.0,0.0,0.0,False,750.2331037494384,287.842712474619,False
guessed_distance_orthogonal,1000.0,1000.0,100.0,0.0,0.5,False,750.2331037494384,287.842712474619,False
guessed_distance_orthogonal,1000.0,1000.0,100.0,0.0,1.0,False,750.2331037494384,287.842712474619,False
guessed_distance_orthogonal,1000.0,1000.0,100.0,1.0,-1.0,False,750.2331037494384,287.842712474619,False
guessed_distance_orthogonal,1000.0,1000.0,100.0,1.0,-0.5,False,750.2331037494384,287.842712474619,False
guessed_distance_orthogonal,1000.0,1000.0,100.0,1.0,0.0,False,750.2331037494384,287.842712474619,False
guessed_distance_orthogonal,1000.0,1000.0,100.0,1.0,0.5,False,750.2331037494384,287.842712474619,False
guessed_distance_orthogonal,1000.0,1000.0,100.0,1.0,1.0,False,750.2331037494384,287.842712474619,False
guessed_distance_orthogonal,1000.0,1000.0,250.0,-1.0,-1.0,False,750.2331037494384,287.842712474619,False
guessed_distance_orthogonal,1000.0,1000.0,250.0,-1.0,-0.5,False,750.2331037494384,287.842712474619,False
guessed_distance_orthogonal,1000.0,1000.0,250.0,-1.0,0.0,False,750.2331037494384,287.842712474619,False
guessed_distance_orthogonal,1000.0,1000.0,250.0,-1.0,0.5,False,750.2331037494384,287.842712474619,False
guessed_distance_orthogonal,1000.0,1000.0,250.0,-1.0,1.0,False,750.2331037494384,287.842712474619,False
guessed_distance_orthogonal,1000.0,1000.0,250.0,0.0,-1.0,False,750.2331037494384,287.842712474619,False
guessed_distance_orthogonal,1000.0,1000.0,250.0,0.0,-0.5,False,750.2331037494384,287.842712474619,False
guessed_distance_orthogonal,1000.0,1000.0,250.0,0.0,0.0,False,750.2331037494384,287.842712474619,False
guessed_distance_orthogonal,1000.0,1000.0,250.0,0.0,0.5,False,750.2331037494384,287.842712474619,False
guessed_distance_orthogonal,1000.0,1000.0,250.0,0.0,1.0,False,750.2331037494384,287.842712474619,False
guessed_distance_orthogonal,1000.0,1000.0,250.0,1.0,-1.0,False,750.2331037494384,287.842712474619,False
guessed_distance_orthogonal,1000.0,1000.0,250.0,1.0,-0.5,False,750.2331037494384,287.842712474619,False
guessed_distance_orthogonal,1000.0,1000.0,250.0,1.0,0.0,False,750.2331037494384,287.842712474619,False
guessed_distance_orthogonal,1000.0,1000.0,250.0,1.0,0.5,False,750.2331037494384,287.842712474619,False
guessed_distance_orthogonal,1000.0,1000.0,250.0,1.0,1.0,False,750.2331037494384,287.842712474619,False
guessed_distance_orthogonal,1000.0,1000.0,500.0,-1.0,-1.0,False,750.2331037494384,287.842712474619,False
guessed_distance_orthogonal,1000.0,1000.0,500.0,-1.0,-0.5,False,750.2331037494384,287.842712474619,False
guessed_distance_orthogonal,1000.0,1000.0,500.0,-1.0,0.0,False,750.2331037494384,287.842712474619,False
guessed_distance_orthogonal,1000.0,1000.0,500.0,-1.0,0.5,False,750.2331037494384,287.842712474619,False
guessed_distance_orthogonal,1000.0,1000.0,500.0,-1.0,1.0,False,750.2331037494384,287.842712474619,False
guessed_distance_orthogonal,1000.0,1000.0,500.0,0.0,-1.0,False,750.2331037494384,287.842712474619,False
guessed_distance_orthogonal,1000.0,1000.0,500.0,0.0,-0.5,False,750.2331037494384,287.842712474619,False
guessed_distance_orthogonal,1000.0,1000.0,500.0,0.0,0.0,False,750.2331037494384,287.842712474619,False
guessed_distance_orthogonal,1000.0,1000.0,500.0,0.0,0.5,False,750.2331037494384,287.842712474619,False
guessed_distance_orthogonal,1000.0,1000.0,500.0,0.0,1.0,False,750.2331037494384,287.842712474619,False
guessed_distance_orthogonal,1000.0,1000.0,500.0,1.0,-1.0,False,750.2331037494384,287.842712474619,False
guessed_distance_orthogonal,1000.0,1000.0,500.0,1.0,-0.5,False,750.2331037494384,287.842712474619,False
guessed_distance_orthogonal,1000.0,1000.0,500.0,1.0,0.0,False,750.2331037494384,287.842712474619,False
guessed_distance_orthogonal,1000.0,1000.0,500.0,1.0,0.5,False,750.2331037494384,287.842712474619,False
guessed_distance_orthogonal,1000.0,1000.0,500.0,1.0,1.0,False,750.2331037494384,287.842712474619,False
guessed_distance_orthogonal,1000.0,1000.0,750.0,-1.0,-1.0,False,750.2331037494384,287.842712474619,False
guessed_distance_orthogonal,1000.0,1000.0,750.0,-1.0,-0.5,False,750.2331037494384,287.842712474619,False
guessed_distance_orthogonal,1000.0,1000.0,750.0,-1.0,0.0,False,750.2331037494384,287.842712474619,False
guessed_distance_orthogonal,1000.0,1000.0,750.0,-1.0,0.5,False,750.2331037494384,287.842712474619,False
guessed_distance_orthogonal,1000.0,1000.0,750.0,-1.0,1.0,False,750.2331037494384,287.842712474619,False
guessed_distance_orthogonal,1000.0,1000.0,750.0,0.0,-1.0,False,750.2331037494384,287.842712474619,False
guessed_distance_orthogonal,1000.0,1000.0,750.0,0.0,-0.5,False,750.2331037494384,287.842712474619,False
guessed_distance_orthogonal,1000.0,1000.0,750.0,0.0,0.0,False,750.2331037494384,287.842712474619,False
guessed_distance_orthogonal,1000.0,1000.0,750.0,0.0,0.5,False,750.2331037494384,287.842712474619,False
guessed_distance_orthogonal,1000.0,1000.0,750.0,0.0,1.0,False,750.2331037494384,287.842712474619,False
guessed_distance_orthogonal,1000.0,1000.0,750.0,1.0,-1.0,False,750.2331037494384,287.842712474619,False
guessed_distance_orthogonal,1000.0,1000.0,750.0,1.0,-0.5,False,750.2331037494384,287.842712474619,False
guessed_distance_orthogonal,1000.0,1000.0,750.0,1.0,0.0,False,750.2331037494384,287.842712474619,False
guessed_distance_orthogonal,1000.0,1000.0,750.0,1.0,0.5,False,750.2331037494384,287.842712474619,False
guessed_distance_orthogonal,1000.0,1000.0,750.0,1.0,1.0,False,750.2331037494384,287.842712474619,False
guessed_distance_orthogonal,1000.0,1000.0,1000.0,-1.0,-1.0,True,24.93209235546974,287.842712474619,False
guessed_distance_orthogonal,1000.0,1000.0,1000.0,-1.0,-0.5,True,24.933991729415066,287.842712474619,False
guessed_distance_orthogonal,1000.0,1000.0,1000.0,-1.0,0.0,True,24.939691009267797,287.842712474619,False
guessed_distance_orthogonal,1000.0,1000.0,1000.0,-1.0,0.5,True,25.15509648111622,287.842712474619,False
guessed_distance_orthogonal,1000.0,1000.0,1000.0,-1.0,1.0,True,25.37854214117378,287.842712474619,False
guessed_distance_orthogonal,1000.0,1000.0,1000.0,0.0,-1.0,True,24.932093115179523,287.842712474619,False
guessed_distance_orthogonal,1000.0,1000.0,1000.0,0.0,-0.5,True,24.934068468179,287.842712474619,False
guessed_distance_orthogonal,1000.0,1000.0,1000.0,0.0,0.0,True,24.939843773869885,287.842712474619,False
guessed_distance_orthogonal,1000.0,1000.0,1000.0,0.0,0.5,True,25.159527655962847,287.842712474619,False
guessed_distance_orthogonal,1000.0,1000.0,1000.0,0.0,1.0,True,25.383050466633396,287.842712474619,False
guessed_distance_orthogonal,1000.0,1000.0,1000.0,1.0,-1.0,False,750.2331037494384,287.842712474619,False
guessed_distance_orthogonal,1000.0,1000.0,1000.0,1.0,-0.5,False,750.2331037494384,287.842712474619,False
guessed_distance_orthogonal,1000.0,1000.0,1000.0,1.0,0.0,False,750.2331037494384,287.842712474619,False
guessed_distance_orthogonal,1000.0,1000.0,1000.0,1.0,0.5,False,750.2331037494384,287.842712474619,False
guessed_distance_orthogonal,1000.0,1000.0,1000.0,1.0,1.0,False,750.2331037494384,287.842712474619,False
guessed_distance_orthogonal,1000.0,1000.0,1250.0,-1.0,-1.0,True,32.28567910163044,287.842712474619,False
guessed_distance_orthogonal,1000.0,1000.0,1250.0,-1.0,-0.5,True,32.6323060247134,287.842712474619,False
guessed_distance_orthogonal,1000.0,1000.0,1250.0,-1.0,0.0,True,32.985205979427334,287.842712474619,False
guessed_distance_orthogonal,1000.0,1000.0,1250.0,-1.0,0.5,True,33.34453368611336,287.842712474619,False
guessed_distance_orthogonal,1000.0,1000.0,1250.0,-1.0,1.0,True,33.71044956735911,287.842712474619,False
guessed_distance_orthogonal,1000.0,1000.0,1250.0,0.0,-1.0,True,32.08745077575814,287.842712474619,False
guessed_distance_orthogonal,1000.0,1000.0,1250.0,0.0,-0.5,True,32.43050804839751,287.842712474619,False
guessed_distance_orthogonal,1000.0,1000.0,1250.0,0.0,0.0,True,32.779751158251926,287.842712474619,False
guessed_distance_orthogonal,1000.0,1000.0,1250.0,0.0,0.5,True,33.13533159921233,287.842712474619,False
guessed_distance_orthogonal,1000.0,1000.0,1250.0,0.0,1.0,True,33.49740646463898,287.842712474619,False
guessed_distance_orthogonal,1000.0,1000.0,1250.0,1.0,-1.0,True,31.884524630596104,287.842712474619,False
guessed_distance_orthogonal,1000.0,1000.0,1250.0,1.0,-0.5,True,32.223940852151095,287.842712474619,False
guessed_distance_orthogonal,1000.0,1000.0,1250.0,1.0,0.0,True,32.56945463162789,287.842712474619,False
guessed_distance_orthogonal,1000.0,1000.0,1250.0,1.0,0.5,True,32.921214184983036,287.842712474619,False
guessed_distance_orthogonal,1000.0,1000.0,1250.0,1.0,1.0,True,33.279373225042136,287.842712474619,False
guessed_distance_orthogonal,1000.0,1000.0,1500.0,-1.0,-1.0,True,33.59394395556117,287.842712474619,False
guessed_distance_orthogonal,1000.0,1000.0,1500.0,-1.0,-0.5,True,30.678193800755015,287.842712474619,False
guessed_distance_orthogonal,1000.0,1000.0,1500.0,-1.0,0.0,True,24.509516207347204,287.842712474619,False
guessed_distance_orthogonal,1000.0,1000.0,1500.0,-1.0,0.5,True,12.377341339929664,287.842712474619,False
guessed_distance_orthogonal,1000.0,1000.0,1500.0,-1.0,1.0,True,0.563805266311468,287.842712474619,False
guessed_distance_orthogonal,1000.0,1000.0,1500.0,0.0,-1.0,True,37.69352077758871,287.842712474619,False
guessed_distance_orthogonal,1000.0,1000.0,1500.0,0.0,-0.5,True,34.233679702164395,287.842712474619,False
guessed_distance_orthogonal,1000.0,1000.0,1500.0,0.0,0.0,True,31.21665399502566,287.842712474619,False
guessed_distance_orthogonal,1000.0,1000.0,1500.0,0.0,0.5,True,26.97619780120514,287.842712474619,False
guessed_distance_orthogonal,1000.0,1000.0,1500.0,0.0,1.0,True,14.777567108715012,287.842712474619,False
guessed_distance_orthogonal,1000.0,1000.0,1500.0,1.0,-1.0,True,42.252221277097654,287.842712474619,False
guessed_distance_orthogonal,1000.0,1000.0,1500.0,1.0,-0.5,True,38.426568720865404,287.842712474619,False
guessed_distance_orthogonal,1000.0,1000.0,1500.0,1.0,0.0,True,34.89508195900155,287.842712474619,False
guessed_distance_orthogonal,1000.0,1000.0,1500.0,1.0,0.5,True,31.7789208348694,287.842712474619,False
guessed_distance_orthogonal,1000.0,1000.0,1500.0,1.0,1.0,True,29.22024323425119,287.842712474619,False
robust_lens_750_350,750.0,350.0,6.0,-1.0,-1.0,True,3.227469522408489,170.5294535724685,True
robust_lens_750_350,750.0,350.0,6.0,-1.0,-0.5,True,11.811294439398344,170.5294535724685,True
robust_lens_750_350,750.0,350.0,6.0,-1.0,0.0,True,20.07530866058335,170.5294535724685,True
robust_lens_750_350,750.0,350.0,6.0,-1.0,0.5,True,28.03824889572771,170.5294535724685,True
robust_lens_750_350,750.0,350.0,6.0,-1.0,1.0,True,33.0500155011083,170.5294535724685,True
robust_lens_750_350,750.0,350.0,6.0,0.0,-1.0,True,3.227469522408489,170.5294535724685,True
robust_lens_750_350,750.0,350.0,6.0,0.0,-0.5,True,11.811294439398344,170.5294535724685,True
robust_lens_750_350,750.0,350.0,6.0,0.0,0.0,True,20.07530866058335,170.5294535724685,True
robust_lens_750_350,750.0,350.0,6.0,0.0,0.5,True,28.03824889572771,170.5294535724685,True
robust_lens_750_350,750.0,350.0,6.0,0.0,1.0,True,33.0500155011083,170.5294535724685,True
robust_lens_750_350,750.0,350.0,6.0,1.0,-1.0,True,3.4024088085675435,170.5294535724685,True
robust_lens_750_350,750.0,350.0,6.0,1.0,-0.5,True,11.979643938219974,170.5294535724685,True
robust_lens_750_350,750.0,350.0,6.0,1.0,0.0,True,20.237458059230768,170.5294535724685,True
robust_lens_750_350,750.0,350.0,6.0,1.0,0.5,True,28.19455787652727,170.5294535724685,True
robust_lens_750_350,750.0,350.0,6.0,1.0,1.0,True,33.03829223200172,170.5294535724685,True
robust_lens_750_350,750.0,350.0,20.0,-1.0,-1.0,True,10.12074067989187,170.5294535724685,True
robust_lens_750_350,750.0,350.0,20.0,-1.0,-0.5,True,18.447169824886767,170.5294535724685,True
robust_lens_750_350,750.0,350.0,20.0,-1.0,0.0,True,26.46889655768811,170.5294535724685,True
robust_lens_750_350,750.0,350.0,20.0,-1.0,0.5,True,33.16776311510858,170.5294535724685,True
robust_lens_750_350,750.0,350.0,20.0,-1.0,1.0,True,32.588250482320596,170.5294535724685,True
robust_lens_750_350,750.0,350.0,20.0,0.0,-1.0,True,10.629258784806385,170.5294535724685,True
robust_lens_750_350,750.0,350.0,20.0,0.0,-0.5,True,18.9368840924062,170.5294535724685,True
robust_lens_750_350,750.0,350.0,20.0,0.0,0.0,True,26.94090158100386,170.5294535724685,True
robust_lens_750_350,750.0,350.0,20.0,0.0,0.5,True,33.13234022748953,170.5294535724685,True
robust_lens_750_350,750.0,350.0,20.0,0.0,1.0,True,32.55420134515489,170.5294535724685,True
robust_lens_750_350,750.0,350.0,20.0,1.0,-1.0,True,10.967625745391654,170.5294535724685,True
robust_lens_750_350,750.0,350.0,20.0,1.0,-0.5,True,19.26275305311806,170.5294535724685,True
robust_lens_750_350,750.0,350.0,20.0,1.0,0.0,True,27.254999372799382,170.5294535724685,True
robust_lens_750_350,750.0,350.0,20.0,1.0,0.5,True,33.108772012561765,170.5294535724685,True
robust_lens_750_350,750.0,350.0,20.0,1.0,1.0,True,32.53154637202587,170.5294535724685,True
robust_lens_750_350,750.0,350.0,100.0,-1.0,-1.0,True,31.93301367391074,170.5294535724685,True
robust_lens_750_350,750.0,350.0,100.0,-1.0,-0.5,True,31.400569486555593,170.5294535724685,True
robust_lens_750_350,750.0,350.0,100.0,-1.0,0.0,True,30.887903474838076,170.5294535724685,True
robust_lens_750_350,750.0,350.0,100.0,-1.0,0.5,True,30.393986212573786,170.5294535724685,True
robust_lens_750_350,750.0,350.0,100.0,-1.0,1.0,True,29.91785894142285,170.5294535724685,True
robust_lens_750_350,750.0,350.0,100.0,0.0,-1.0,True,31.803365432388837,170.5294535724685,True
robust_lens_750_350,750.0,350.0,100.0,0.0,-0.5,True,31.275765909659818,170.5294535724685,True
robust_lens_750_350,750.0,350.0,100.0,0.0,0.0,True,30.767690713035524,170.5294535724685,True
robust_lens_750_350,750.0,350.0,100.0,0.0,0.5,True,30.278127953775492,170.5294535724685,True
robust_lens_750_350,750.0,350.0,100.0,0.0,1.0,True,29.8061349247827,170.5294535724685,True
robust_lens_750_350,750.0,350.0,100.0,1.0,-1.0,True,31.674904059193583,170.5294535724685,True
robust_lens_750_350,750.0,350.0,100.0,1.0,-0.5,True,31.152086592253475,170.5294535724685,True
robust_lens_750_350,750.0,350.0,100.0,1.0,0.0,True,30.648543955065396,170.5294535724685,True
robust_lens_750_350,750.0,350.0,100.0,1.0,0.5,True,30.16328142508433,170.5294535724685,True
robust_lens_750_350,750.0,350.0,100.0,1.0,1.0,True,29.695372012569152,170.5294535724685,True
robust_lens_750_350,750.0,350.0,250.0,-1.0,-1.0,True,26.323985395141648,170.5294535724685,True
robust_lens_750_350,750.0,350.0,250.0,-1.0,-0.5,True,25.98432914630963,170.5294535724685,True
robust_lens_750_350,750.0,350.0,250.0,-1.0,0.0,True,25.655255215762793,170.5294535724685,True
robust_lens_750_350,750.0,350.0,250.0,-1.0,0.5,True,25.33631737409992,170.5294535724685,True
robust_lens_750_350,750.0,350.0,250.0,-1.0,1.0,True,25.027094533178914,170.5294535724685,True
robust_lens_750_350,750.0,350.0,250.0,0.0,-1.0,True,26.091845695683098,170.5294535724685,True
robust_lens_750_350,750.0,350.0,250.0,0.0,-0.5,True,25.759435227656517,170.5294535724685,True
robust_lens_750_350,750.0,350.0,250.0,0.0,0.0,True,25.43730081917361,170.5294535724685,True
robust_lens_750_350,750.0,350.0,250.0,0.0,0.5,True,25.125013533104823,170.5294535724685,True
robust_lens_750_350,750.0,350.0,250.0,0.0,1.0,True,24.822168376138784,170.5294535724685,True
robust_lens_750_350,750.0,350.0,250.0,1.0,-1.0,True,25.871279580182538,170.5294535724685,True
robust_lens_750_350,750.0,350.0,250.0,1.0,-0.5,True,25.545700689014495,170.5294535724685,True
robust_lens_750_350,750.0,350.0,250.0,1.0,0.0,True,25.230111986090062,170.5294535724685,True
robust_lens_750_350,750.0,350.0,250.0,1.0,0.5,True,24.924100528142656,170.5294535724685,True
robust_lens_750_350,750.0,350.0,250.0,1.0,1.0,True,24.62727621845019,170.5294535724685,True
robust_lens_750_350,750.0,350.0,500.0,-1.0,-1.0,True,18.31996583995761,170.5294535724685,True
robust_lens_750_350,750.0,350.0,500.0,-1.0,-0.5,True,18.19997470592395,170.5294535724685,True
robust_lens_750_350,750.0,350.0,500.0,-1.0,0.0,True,18.082913289881308,170.5294535724685,True
robust_lens_750_350,750.0,350.0,500.0,-1.0,0.5,True,17.968707759068195,170.5294535724685,True
robust_lens_750_350,750.0,350.0,500.0,-1.0,1.0,True,17.857287108039127,170.5294535724685,True
robust_lens_750_350,750.0,350.0,500.0,0.0,-1.0,True,18.15515031143837,170.5294535724685,True
robust_lens_750_350,750.0,350.0,500.0,0.0,-0.5,True,18.03918267324189,170.5294535724685,True
robust_lens_750_350,750.0,350.0,500.0,0.0,0.0,True,17.92604361209818,170.5294535724685,True
robust_lens_750_350,750.0,350.0,500.0,0.0,0.5,True,17.815663163680036,170.5294535724685,True
robust_lens_750_350,750.0,350.0,500.0,0.0,1.0,True,17.707974019712392,170.5294535724685,True
robust_lens_750_350,750.0,350.0,500.0,1.0,-1.0,True,18.002673828522706,170.5294535724685,True
robust_lens_750_350,750.0,350.0,500.0,1.0,-0.5,True,17.890425006014528,170.5294535724685,True
robust_lens_750_350,750.0,350.0,500.0,1.0,0.0,True,17.780912974294477,170.5294535724685,True
robust_lens_750_350,750.0,350.0,500.0,1.0,0.5,True,17.67407125019139,170.5294535724685,True
robust_lens_750_350,750.0,350.0,500.0,1.0,1.0,True,17.569835854627907,170.5294535724685,True
robust_lens_750_350,750.0,350.0,750.0,-1.0,-1.0,True,14.591133408068908,170.5294535724685,True
robust_lens_750_350,750.0,350.0,750.0,-1.0,-0.5,True,14.592200522798379,170.5294535724685,True
robust_lens_750_350,750.0,350.0,750.0,-1.0,0.0,True,14.595491448608007,170.5294535724685,True
robust_lens_750_350,750.0,350.0,750.0,-1.0,0.5,True,14.690027056763023,170.5294535724685,True
robust_lens_750_350,750.0,350.0,750.0,-1.0,1.0,True,14.789580530968735,170.5294535724685,True
robust_lens_750_350,750.0,350.0,750.0,0.0,-1.0,True,14.5911334080657,170.5294535724685,True
robust_lens_750_350,750.0,350.0,750.0,0.0,-0.5,True,14.592289453726968,170.5294535724685,True
robust_lens_750_350,750.0,350.0,750.0,0.0,0.0,True,14.595669364685453,170.5294535724685,True
robust_lens_750_350,750.0,350.0,750.0,0.0,0.5,True,14.693984203171023,170.5294535724685,True
robust_lens_750_350,750.0,350.0,750.0,0.0,1.0,True,14.793589990599395,170.5294535724685,True
robust_lens_750_350,750.0,350.0,750.0,1.0,-1.0,True,14.591133408068908,170.5294535724685,True
robust_lens_750_350,750.0,350.0,750.0,1.0,-0.5,True,14.592200522798379,170.5294535724685,True
robust_lens_750_350,750.0,350.0,750.0,1.0,0.0,True,14.595491448608007,170.5294535724685,True
robust_lens_750_350,750.0,350.0,750.0,1.0,0.5,True,14.690027056763023,170.5294535724685,True
robust_lens_750_350,750.0,350.0,750.0,1.0,1.0,True,14.789580530968735,170.5294535724685,True
robust_lens_750_350,750.0,350.0,1000.0,-1.0,-1.0,True,28.43960068661717,170.5294535724685,True
robust_lens_750_350,750.0,350.0,1000.0,-1.0,-0.5,True,28.820500016476306,170.5294535724685,True
robust_lens_750_350,750.0,350.0,1000.0,-1.0,0.0,True,29.211269354270634,170.5294535724685,True
robust_lens_750_350,750.0,350.0,1000.0,-1.0,0.5,True,29.61226467212809,170.5294535724685,True
robust_lens_750_350,750.0,350.0,1000.0,-1.0,1.0,True,30.023858414864257,170.5294535724685,True
robust_lens_750_350,750.0,350.0,1000.0,0.0,-1.0,True,27.43678276589246,170.5294535724685,True
robust_lens_750_350,750.0,350.0,1000.0,0.0,-0.5,True,27.792162549713492,170.5294535724685,True
robust_lens_750_350,750.0,350.0,1000.0,0.0,0.0,True,28.15650826977105,170.5294535724685,True
robust_lens_750_350,750.0,350.0,1000.0,0.0,0.5,True,28.53013484365642,170.5294535724685,True
robust_lens_750_350,750.0,350.0,1000.0,0.0,1.0,True,28.913371359052018,170.5294535724685,True
robust_lens_750_350,750.0,350.0,1000.0,1.0,-1.0,True,26.532876979199575,170.5294535724685,True
robust_lens_750_350,750.0,350.0,1000.0,1.0,-0.5,True,26.865840938707887,170.5294535724685,True
robust_lens_750_350,750.0,350.0,1000.0,1.0,0.0,True,27.20699667814164,170.5294535724685,True
robust_lens_750_350,750.0,350.0,1000.0,1.0,0.5,True,27.556624903325687,170.5294535724685,True
robust_lens_750_350,750.0,350.0,1000.0,1.0,1.0,True,27.91501862040578,170.5294535724685,True
robust_lens_750_350,750.0,350.0,1250.0,-1.0,-1.0,True,56.84489896957957,170.5294535724685,True
robust_lens_750_350,750.0,350.0,1250.0,-1.0,-0.5,True,58.19852731324792,170.5294535724685,True
robust_lens_750_350,750.0,350.0,1250.0,-1.0,0.0,True,59.60937981817852,170.5294535724685,True
robust_lens_750_350,750.0,350.0,1250.0,-1.0,0.5,True,61.080840841380635,170.5294535724685,True
robust_lens_750_350,750.0,350.0,1250.0,-1.0,1.0,True,62.61655352376734,170.5294535724685,True
robust_lens_750_350,750.0,350.0,1250.0,0.0,-1.0,True,52.62993416577735,170.5294535724685,True
robust_lens_750_350,750.0,350.0,1250.0,0.0,-0.5,True,53.811282268982154,170.5294535724685,True
robust_lens_750_350,750.0,350.0,1250.0,0.0,0.0,True,55.04000473551985,170.5294535724685,True
robust_lens_750_350,750.0,350.0,1250.0,0.0,0.5,True,56.31875785868963,170.5294535724685,True
robust_lens_750_350,750.0,350.0,1250.0,0.0,1.0,True,57.65039042052872,170.5294535724685,True
robust_lens_750_350,750.0,350.0,1250.0,1.0,-1.0,True,49.017236105319995,170.5294535724685,True
robust_lens_750_350,750.0,350.0,1250.0,1.0,-0.5,True,50.058201415185096,170.5294535724685,True
robust_lens_750_350,750.0,350.0,1250.0,1.0,0.0,True,51.13891528156607,170.5294535724685,True
robust_lens_750_350,750.0,350.0,1250.0,1.0,0.5,True,52.26149864461021,170.5294535724685,True
robust_lens_750_350,750.0,350.0,1250.0,1.0,1.0,True,53.42821865716921,170.5294535724685,True
robust_lens_750_350,750.0,350.0,1500.0,-1.0,-1.0,True,36.10868708588339,170.5294535724685,True
robust_lens_750_350,750.0,350.0,1500.0,-1.0,-0.5,True,27.613248066236817,170.5294535724685,True
robust_lens_750_350,750.0,350.0,1500.0,-1.0,0.0,True,18.881738260351216,170.5294535724685,True
robust_lens_750_350,750.0,350.0,1500.0,-1.0,0.5,True,9.898556299412718,170.5294535724685,True
robust_lens_750_350,750.0,350.0,1500.0,-1.0,1.0,True,0.6447977646902686,170.5294535724685,True
robust_lens_750_350,750.0,350.0,1500.0,0.0,-1.0,True,61.487495739707256,170.5294535724685,True
robust_lens_750_350,750.0,350.0,1500.0,0.0,-0.5,True,55.00299855338822,170.5294535724685,True
robust_lens_750_350,750.0,350.0,1500.0,0.0,0.0,True,46.98894819375606,170.5294535724685,True
robust_lens_750_350,750.0,350.0,1500.0,0.0,0.5,True,38.77703566302511,170.5294535724685,True
robust_lens_750_350,750.0,350.0,1500.0,0.0,1.0,True,30.35708034064449,170.5294535724685,True
robust_lens_750_350,750.0,350.0,1500.0,1.0,-1.0,True,80.44273703252647,170.5294535724685,True
robust_lens_750_350,750.0,350.0,1500.0,1.0,-0.5,True,74.71472946960016,170.5294535724685,True
robust_lens_750_350,750.0,350.0,1500.0,1.0,0.0,True,68.87046990066592,170.5294535724685,True
robust_lens_750_350,750.0,350.0,1500.0,1.0,0.5,True,62.926185899491166,170.5294535724685,True
robust_lens_750_350,750.0,350.0,1500.0,1.0,1.0,True,56.89849521166113,170.5294535724685,True
safe_grid_750_100,750.0,100.0,6.0,-1.0,-1.0,True,3.726500732256687,156.32745950421557,True
safe_grid_750_100,750.0,100.0,6.0,-1.0,-0.5,True,29.99127570886173,156.32745950421557,True
safe_grid_750_100,750.0,100.0,6.0,-1.0,0.0,True,52.83934587564396,156.32745950421557,True
safe_grid_750_100,750.0,100.0,6.0,-1.0,0.5,True,72.89956668175043,156.32745950421557,True
safe_grid_750_100,750.0,100.0,6.0,-1.0,1.0,True,88.66537445897437,156.32745950421557,True
safe_grid_750_100,750.0,100.0,6.0,0.0,-1.0,True,4.290257352439338,156.32745950421557,True
safe_grid_750_100,750.0,100.0,6.0,0.0,-0.5,True,30.47933575511222,156.32745950421557,True
safe_grid_750_100,750.0,100.0,6.0,0.0,0.0,True,53.26605214676405,156.32745950421557,True
safe_grid_750_100,750.0,100.0,6.0,0.0,0.5,True,73.2758547957549,156.32745950421557,True
safe_grid_750_100,750.0,100.0,6.0,0.0,1.0,True,88.56376900039785,156.32745950421557,True
safe_grid_750_100,750.0,100.0,6.0,1.0,-1.0,True,4.290257352439338,156.32745950421557,True
safe_grid_750_100,750.0,100.0,6.0,1.0,-0.5,True,30.47933575511222,156.32745950421557,True
safe_grid_750_100,750.0,100.0,6.0,1.0,0.0,True,53.26605214676405,156.32745950421557,True
safe_grid_750_100,750.0,100.0,6.0,1.0,0.5,True,73.2758547957549,156.32745950421557,True
safe_grid_750_100,750.0,100.0,6.0,1.0,1.0,True,88.56376900039785,156.32745950421557,True
safe_grid_750_100,750.0,100.0,20.0,-1.0,-1.0,True,10.38215491836697,156.32745950421557,True
safe_grid_750_100,750.0,100.0,20.0,-1.0,-0.5,True,35.75984128892332,156.32745950421557,True
safe_grid_750_100,750.0,100.0,20.0,-1.0,0.0,True,57.88776235962002,156.32745950421557,True
safe_grid_750_100,750.0,100.0,20.0,-1.0,0.5,True,77.3553697067372,156.32745950421557,True
safe_grid_750_100,750.0,100.0,20.0,-1.0,1.0,True,87.46146124092924,156.32745950421557,True
safe_grid_750_100,750.0,100.0,20.0,0.0,-1.0,True,12.009532438022022,156.32745950421557,True
safe_grid_750_100,750.0,100.0,20.0,0.0,-0.5,True,37.172506220131915,156.32745950421557,True
safe_grid_750_100,750.0,100.0,20.0,0.0,0.0,True,59.125741922962014,156.32745950421557,True
safe_grid_750_100,750.0,100.0,20.0,0.0,0.5,True,78.44932679684437,156.32745950421557,True
safe_grid_750_100,750.0,100.0,20.0,0.0,1.0,True,87.16563340944097,156.32745950421557,True
safe_grid_750_100,750.0,100.0,20.0,1.0,-1.0,True,13.622680706394206,156.32745950421557,True
safe_grid_750_100,750.0,100.0,20.0,1.0,-0.5,True,38.573670109339766,156.32745950421557,True
safe_grid_750_100,750.0,100.0,20.0,1.0,0.0,True,60.35429350489924,156.32745950421557,True
safe_grid_750_100,750.0,100.0,20.0,1.0,0.5,True,79.53545924155128,156.32745950421557,True
safe_grid_750_100,750.0,100.0,20.0,1.0,1.0,True,86.87182377189498,156.32745950421557,True
safe_grid_750_100,750.0,100.0,100.0,-1.0,-1.0,True,50.68907118886439,156.32745950421557,True
safe_grid_750_100,750.0,100.0,100.0,-1.0,-0.5,True,71.0042837493058,156.32745950421557,True
safe_grid_750_100,750.0,100.0,100.0,-1.0,0.0,True,88.9720539009954,156.32745950421557,True
safe_grid_750_100,750.0,100.0,100.0,-1.0,0.5,True,84.31506248058275,156.32745950421557,True
safe_grid_750_100,750.0,100.0,100.0,-1.0,1.0,True,79.96166898746499,156.32745950421557,True
safe_grid_750_100,750.0,100.0,100.0,0.0,-1.0,True,57.057150814337774,156.32745950421557,True
safe_grid_750_100,750.0,100.0,100.0,0.0,-0.5,True,76.62167580014003,156.32745950421557,True
safe_grid_750_100,750.0,100.0,100.0,0.0,0.0,True,87.65981126480669,156.32745950421557,True
safe_grid_750_100,750.0,100.0,100.0,0.0,0.5,True,82.95940326867502,156.32745950421557,True
safe_grid_750_100,750.0,100.0,100.0,0.0,1.0,True,78.74311420631416,156.32745950421557,True
safe_grid_750_100,750.0,100.0,100.0,1.0,-1.0,True,63.18485284703693,156.32745950421557,True
safe_grid_750_100,750.0,100.0,100.0,1.0,-0.5,True,82.03981004905398,156.32745950421557,True
safe_grid_750_100,750.0,100.0,100.0,1.0,0.0,True,86.19400184651144,156.32745950421557,True
safe_grid_750_100,750.0,100.0,100.0,1.0,0.5,True,81.64719888587402,156.32745950421557,True
safe_grid_750_100,750.0,100.0,100.0,1.0,1.0,True,77.56166524860463,156.32745950421557,True
safe_grid_750_100,750.0,100.0,250.0,-1.0,-1.0,True,78.10849851660721,156.32745950421557,True
safe_grid_750_100,750.0,100.0,250.0,-1.0,-0.5,True,74.36596182440165,156.32745950421557,True
safe_grid_750_100,750.0,100.0,250.0,-1.0,0.0,True,70.97082837487989,156.32745950421557,True
safe_grid_750_100,750.0,100.0,250.0,-1.0,0.5,True,67.87710873176661,156.32745950421557,True
safe_grid_750_100,750.0,100.0,250.0,-1.0,1.0,True,65.04658869626286,156.32745950421557,True
safe_grid_750_100,750.0,100.0,250.0,0.0,-1.0,True,74.50865675944813,156.32745950421557,True
safe_grid_750_100,750.0,100.0,250.0,0.0,-0.5,True,71.10056821331014,156.32745950421557,True
safe_grid_750_100,750.0,100.0,250.0,0.0,0.0,True,67.99557177144045,156.32745950421557,True
safe_grid_750_100,750.0,100.0,250.0,0.0,0.5,True,65.15517535032743,156.32745950421557,True
safe_grid_750_100,750.0,100.0,250.0,0.0,1.0,True,62.547140835979995,156.32745950421557,True
safe_grid_750_100,750.0,100.0,250.0,1.0,-1.0,True,71.23079196335237,156.32745950421557,True
safe_grid_750_100,750.0,100.0,250.0,1.0,-0.5,True,68.114457345125,156.32745950421557,True
safe_grid_750_100,750.0,100.0,250.0,1.0,0.0,True,65.26413311819277,156.32745950421557,True
safe_grid_750_100,750.0,100.0,250.0,1.0,0.5,True,62.647356562687605,156.32745950421557,True
safe_grid_750_100,750.0,100.0,250.0,1.0,1.0,True,60.23674139728643,156.32745950421557,True
safe_grid_750_100,750.0,100.0,500.0,-1.0,-1.0,True,40.855965516868174,156.32745950421557,True
safe_grid_750_100,750.0,100.0,500.0,-1.0,-0.5,True,39.850382653433265,156.32745950421557,True
safe_grid_750_100,750.0,100.0,500.0,-1.0,0.0,True,38.89600220746563,156.32745950421557,True
safe_grid_750_100,750.0,100.0,500.0,-1.0,0.5,True,37.989091020796224,156.32745950421557,True
safe_grid_750_100,750.0,100.0,500.0,-1.0,1.0,True,37.126270748039836,156.32745950421557,True
safe_grid_750_100,750.0,100.0,500.0,0.0,-1.0,True,37.552367972956496,156.32745950421557,True
safe_grid_750_100,750.0,100.0,500.0,0.0,-0.5,True,36.71042574233157,156.32745950421557,True
safe_grid_750_100,750.0,100.0,500.0,0.0,0.0,True,35.90808369903641,156.32745950421557,True
safe_grid_750_100,750.0,100.0,500.0,0.0,0.5,True,35.142682460598444,156.32745950421557,True
safe_grid_750_100,750.0,100.0,500.0,0.0,1.0,True,34.4117960366782,156.32745950421557,True
safe_grid_750_100,750.0,100.0,500.0,1.0,-1.0,True,34.84631471925092,156.32745950421557,True
safe_grid_750_100,750.0,100.0,500.0,1.0,-0.5,True,34.1286023808067,156.32745950421557,True
safe_grid_750_100,750.0,100.0,500.0,1.0,0.0,True,33.44235350300129,156.32745950421557,True
safe_grid_750_100,750.0,100.0,500.0,1.0,0.5,True,32.78560599095396,156.32745950421557,True
safe_grid_750_100,750.0,100.0,500.0,1.0,1.0,True,32.15655802955932,156.32745950421557,True
safe_grid_750_100,750.0,100.0,750.0,-1.0,-1.0,True,13.339271843481654,156.32745950421557,True
safe_grid_750_100,750.0,100.0,750.0,-1.0,-0.5,True,13.340003505264788,156.32745950421557,True
safe_grid_750_100,750.0,100.0,750.0,-1.0,0.0,True,13.342768044159042,156.32745950421557,True
safe_grid_750_100,750.0,100.0,750.0,-1.0,0.5,True,13.36940368139754,156.32745950421557,True
safe_grid_750_100,750.0,100.0,750.0,-1.0,1.0,True,13.401309521825368,156.32745950421557,True
safe_grid_750_100,750.0,100.0,750.0,0.0,-1.0,True,13.339252333217214,156.32745950421557,True
safe_grid_750_100,750.0,100.0,750.0,0.0,-0.5,True,13.340309193170496,156.32745950421557,True
safe_grid_750_100,750.0,100.0,750.0,0.0,0.0,True,13.343399116596544,156.32745950421557,True
safe_grid_750_100,750.0,100.0,750.0,0.0,0.5,True,13.374439100049832,156.32745950421557,True
safe_grid_750_100,750.0,100.0,750.0,0.0,1.0,True,13.406510831710106,156.32745950421557,True
safe_grid_750_100,750.0,100.0,750.0,1.0,-1.0,True,13.33926208834813,156.32745950421557,True
safe_grid_750_100,750.0,100.0,750.0,1.0,-0.5,True,13.34007504840521,156.32745950421557,True
safe_grid_750_100,750.0,100.0,750.0,1.0,0.0,True,13.342920929188882,156.32745950421557,True
safe_grid_750_100,750.0,100.0,750.0,1.0,0.5,True,13.370660062635245,156.32745950421557,True
safe_grid_750_100,750.0,100.0,750.0,1.0,1.0,True,13.402607346603903,156.32745950421557,True
safe_grid_750_100,750.0,100.0,1000.0,-1.0,-1.0,True,71.53841486117138,156.32745950421557,True
safe_grid_750_100,750.0,100.0,1000.0,-1.0,-0.5,True,74.3225425341432,156.32745950421557,True
safe_grid_750_100,750.0,100.0,1000.0,-1.0,0.0,True,77.31331319815415,156.32745950421557,True
safe_grid_750_100,750.0,100.0,1000.0,-1.0,0.5,True,80.53307262109567,156.32745950421557,True
safe_grid_750_100,750.0,100.0,1000.0,-1.0,1.0,True,84.00738230770261,156.32745950421557,True
safe_grid_750_100,750.0,100.0,1000.0,0.0,-1.0,True,56.37612826075871,156.32745950421557,True
safe_grid_750_100,750.0,100.0,1000.0,0.0,-0.5,True,58.14829453228941,156.32745950421557,True
safe_grid_750_100,750.0,100.0,1000.0,0.0,0.0,True,60.02862914746271,156.32745950421557,True
safe_grid_750_100,750.0,100.0,1000.0,0.0,0.5,True,62.02670852813583,156.32745950421557,True
safe_grid_750_100,750.0,100.0,1000.0,0.0,1.0,True,64.15323374698136,156.32745950421557,True
safe_grid_750_100,750.0,100.0,1000.0,1.0,-1.0,True,46.66043598568541,156.32745950421557,True
safe_grid_750_100,750.0,100.0,1000.0,1.0,-0.5,True,47.88893284038421,156.32745950421557,True
safe_grid_750_100,750.0,100.0,1000.0,1.0,0.0,True,49.18148644955915,156.32745950421557,True
safe_grid_750_100,750.0,100.0,1000.0,1.0,0.5,True,50.54291940506439,156.32745950421557,True
safe_grid_750_100,750.0,100.0,1000.0,1.0,1.0,True,51.97853530279136,156.32745950421557,True
safe_grid_750_100,750.0,100.0,1250.0,-1.0,-1.0,True,170.20842256687297,156.32745950421557,True
safe_grid_750_100,750.0,100.0,1250.0,-1.0,-0.5,True,161.05470734249764,156.32745950421557,True
safe_grid_750_100,750.0,100.0,1250.0,-1.0,0.0,True,151.0901140845469,156.32745950421557,True
safe_grid_750_100,750.0,100.0,1250.0,-1.0,0.5,True,140.01351332941306,156.32745950421557,True
safe_grid_750_100,750.0,100.0,1250.0,-1.0,1.0,True,127.49639984054804,156.32745950421557,True
safe_grid_750_100,750.0,100.0,1250.0,0.0,-1.0,True,141.83487932458678,156.32745950421557,True
safe_grid_750_100,750.0,100.0,1250.0,0.0,-0.5,True,151.64575346601885,156.32745950421557,True
safe_grid_750_100,750.0,100.0,1250.0,0.0,0.0,True,162.71900561555904,156.32745950421557,True
safe_grid_750_100,750.0,100.0,1250.0,0.0,0.5,True,175.2953192886668,156.32745950421557,True
safe_grid_750_100,750.0,100.0,1250.0,0.0,1.0,True,177.34032048561352,156.32745950421557,True
safe_grid_750_100,750.0,100.0,1250.0,1.0,-1.0,True,107.29593495673704,156.32745950421557,True
safe_grid_750_100,750.0,100.0,1250.0,1.0,-0.5,True,113.19737336296846,156.32745950421557,True
safe_grid_750_100,750.0,100.0,1250.0,1.0,0.0,True,119.70633392617077,156.32745950421557,True
safe_grid_750_100,750.0,100.0,1250.0,1.0,0.5,True,126.91469773111892,156.32745950421557,True
safe_grid_750_100,750.0,100.0,1250.0,1.0,1.0,True,134.93302807623593,156.32745950421557,True
safe_grid_750_100,750.0,100.0,1500.0,-1.0,-1.0,True,89.58280807481181,156.32745950421557,True
safe_grid_750_100,750.0,100.0,1500.0,-1.0,-0.5,True,71.54599514350761,156.32745950421557,True
safe_grid_750_100,750.0,100.0,1500.0,-1.0,0.0,True,51.224471231460214,156.32745950421557,True
safe_grid_750_100,750.0,100.0,1500.0,-1.0,0.5,True,28.13309166500742,156.32745950421557,True
safe_grid_750_100,750.0,100.0,1500.0,-1.0,1.0,True,1.6393372931203425,156.32745950421557,True
safe_grid_750_100,750.0,100.0,1500.0,0.0,-1.0,True,144.677028952699,156.32745950421557,True
safe_grid_750_100,750.0,100.0,1500.0,0.0,-0.5,True,132.64259430163776,156.32745950421557,True
safe_grid_750_100,750.0,100.0,1500.0,0.0,0.0,True,119.39894427178794,156.32745950421557,True
safe_grid_750_100,750.0,100.0,1500.0,0.0,0.5,True,104.78129295864015,156.32745950421557,True
safe_grid_750_100,750.0,100.0,1500.0,0.0,1.0,True,88.55858932274083,156.32745950421557,True
safe_grid_750_100,750.0,100.0,1500.0,1.0,-1.0,True,181.20769140730883,156.32745950421557,True
safe_grid_750_100,750.0,100.0,1500.0,1.0,-0.5,True,172.98215734124756,156.32745950421557,True
safe_grid_750_100,750.0,100.0,1500.0,1.0,0.0,True,164.06730753738836,156.32745950421557,True
safe_grid_750_100,750.0,100.0,1500.0,1.0,0.5,True,154.3733762965436,156.32745950421557,True
safe_grid_750_100,750.0,100.0,1500.0,1.0,1.0,True,143.78470107704075,156.32745950421557,True
safe_grid_750_250,750.0,250.0,6.0,-1.0,-1.0,True,3.3150277449251577,163.11388300841898,True
safe_grid_750_250,750.0,250.0,6.0,-1.0,-0.5,True,14.346977554460446,163.11388300841898,True
safe_grid_750_250,750.0,250.0,6.0,-1.0,0.0,True,24.804151268746853,163.11388300841898,True
safe_grid_750_250,750.0,250.0,6.0,-1.0,0.5,True,34.73180170881887,163.11388300841898,True
safe_grid_750_250,750.0,250.0,6.0,-1.0,1.0,True,41.59662373835968,163.11388300841898,True
safe_grid_750_250,750.0,250.0,6.0,0.0,-1.0,True,3.3150277449251577,163.11388300841898,True
safe_grid_750_250,750.0,250.0,6.0,0.0,-0.5,True,14.346977554460446,163.11388300841898,True
safe_grid_750_250,750.0,250.0,6.0,0.0,0.0,True,24.804151268746853,163.11388300841898,True
safe_grid_750_250,750.0,250.0,6.0,0.0,0.5,True,34.73180170881887,163.11388300841898,True
safe_grid_750_250,750.0,250.0,6.0,0.0,1.0,True,41.59662373835968,163.11388300841898,True
safe_grid_750_250,750.0,250.0,6.0,1.0,-1.0,True,3.541617042983819,163.11388300841898,True
safe_grid_750_250,750.0,250.0,6.0,1.0,-0.5,True,14.561594797948784,163.11388300841898,True
safe_grid_750_250,750.0,250.0,6.0,1.0,0.0,True,25.00775101750345,163.11388300841898,True
safe_grid_750_250,750.0,250.0,6.0,1.0,0.5,True,34.92523978661983,163.11388300841898,True
safe_grid_750_250,750.0,250.0,6.0,1.0,1.0,True,41.57621216837502,163.11388300841898,True
safe_grid_750_250,750.0,250.0,20.0,-1.0,-1.0,True,10.225160570190454,163.11388300841898,True
safe_grid_750_250,750.0,250.0,20.0,-1.0,-0.5,True,20.89514722197391,163.11388300841898,True
safe_grid_750_250,750.0,250.0,20.0,-1.0,0.0,True,31.018993442286956,163.11388300841898,True
safe_grid_750_250,750.0,250.0,20.0,-1.0,0.5,True,40.639012586993715,163.11388300841898,True
safe_grid_750_250,750.0,250.0,20.0,-1.0,1.0,True,40.97361949335031,163.11388300841898,True
safe_grid_750_250,750.0,250.0,20.0,0.0,-1.0,True,10.663020584320805,163.11388300841898,True
safe_grid_750_250,750.0,250.0,20.0,0.0,-0.5,True,21.31029033341107,163.11388300841898,True
safe_grid_750_250,750.0,250.0,20.0,0.0,0.0,True,31.413201245355836,163.11388300841898,True
safe_grid_750_250,750.0,250.0,20.0,0.0,0.5,True,41.01388535199174,163.11388300841898,True
safe_grid_750_250,750.0,250.0,20.0,0.0,1.0,True,40.934106801770035,163.11388300841898,True
safe_grid_750_250,750.0,250.0,20.0,1.0,-1.0,True,11.31803898114647,163.11388300841898,True
safe_grid_750_250,750.0,250.0,20.0,1.0,-0.5,True,21.931374015216875,163.11388300841898,True
safe_grid_750_250,750.0,250.0,20.0,1.0,0.0,True,32.0030081194281,163.11388300841898,True
safe_grid_750_250,750.0,250.0,20.0,1.0,0.5,True,41.57480315770048,163.11388300841898,True
safe_grid_750_250,750.0,250.0,20.0,1.0,1.0,True,40.87498977389182,163.11388300841898,True
safe_grid_750_250,750.0,250.0,100.0,-1.0,-1.0,True,40.934106801770035,163.11388300841898,True
safe_grid_750_250,750.0,250.0,100.0,-1.0,-0.5,True,39.97203151718362,163.11388300841898,True
safe_grid_750_250,750.0,250.0,100.0,-1.0,0.0,True,39.057047155410466,163.11388300841898,True
safe_grid_750_250,750.0,250.0,100.0,-1.0,0.5,True,38.185857417163064,163.11388300841898,True
safe_grid_750_250,750.0,250.0,100.0,-1.0,1.0,True,37.35546715585124,163.11388300841898,True
safe_grid_750_250,750.0,250.0,100.0,0.0,-1.0,True,40.65977552406037,163.11388300841898,True
safe_grid_750_250,750.0,250.0,100.0,0.0,-0.5,True,39.71123683620385,163.11388300841898,True
safe_grid_750_250,750.0,250.0,100.0,0.0,0.0,True,38.808833613512505,163.11388300841898,True
safe_grid_750_250,750.0,250.0,100.0,0.0,0.5,True,37.949357551434794,163.11388300841898,True
safe_grid_750_250,750.0,250.0,100.0,0.0,1.0,True,37.12989160048179,163.11388300841898,True
safe_grid_750_250,750.0,250.0,100.0,1.0,-1.0,True,40.408526059044,163.11388300841898,True
safe_grid_750_250,750.0,250.0,100.0,1.0,-0.5,True,39.47230885319108,163.11388300841898,True
safe_grid_750_250,750.0,250.0,100.0,1.0,0.0,True,38.58136295078107,163.11388300841898,True
safe_grid_750_250,750.0,250.0,100.0,1.0,0.5,True,37.73255914322184,163.11388300841898,True
safe_grid_750_250,750.0,250.0,100.0,1.0,1.0,True,36.923050634015745,163.11388300841898,True
safe_grid_750_250,750.0,250.0,250.0,-1.0,-1.0,True,32.77246809851131,163.11388300841898,True
safe_grid_750_250,750.0,250.0,250.0,-1.0,-0.5,True,32.17591345812367,163.11388300841898,True
safe_grid_750_250,750.0,250.0,250.0,-1.0,0.0,True,31.603052295732684,163.11388300841898,True
safe_grid_750_250,750.0,250.0,250.0,-1.0,0.5,True,31.052556200205508,163.11388300841898,True
safe_grid_750_250,750.0,250.0,250.0,-1.0,1.0,True,30.523194690125024,163.11388300841898,True
safe_grid_750_250,750.0,250.0,250.0,0.0,-1.0,True,32.281504508001255,163.11388300841898,True
safe_grid_750_250,750.0,250.0,250.0,0.0,-0.5,True,31.704479549411992,163.11388300841898,True
safe_grid_750_250,750.0,250.0,250.0,0.0,0.0,True,31.150051271380576,163.11388300841898,True
safe_grid_750_250,750.0,250.0,250.0,0.0,0.5,True,30.616972247638557,163.11388300841898,True
safe_grid_750_250,750.0,250.0,250.0,0.0,1.0,True,30.104085651441935,163.11388300841898,True
safe_grid_750_250,750.0,250.0,250.0,1.0,-1.0,True,31.82944085665407,163.11388300841898,True
safe_grid_750_250,750.0,250.0,250.0,1.0,-0.5,True,31.2701516670691,163.11388300841898,True
safe_grid_750_250,750.0,250.0,250.0,1.0,0.0,True,30.732478092795752,163.11388300841898,True
safe_grid_750_250,750.0,250.0,250.0,1.0,0.5,True,30.21524409914376,163.11388300841898,True
safe_grid_750_250,750.0,250.0,250.0,1.0,1.0,True,29.71735788148356,163.11388300841898,True
safe_grid_750_250,750.0,250.0,500.0,-1.0,-1.0,True,20.441343134912344,163.11388300841898,True
safe_grid_750_250,750.0,250.0,500.0,-1.0,-0.5,True,20.252392046126676,163.11388300841898,True
safe_grid_750_250,750.0,250.0,500.0,-1.0,0.0,True,20.068416421004592,163.11388300841898,True
safe_grid_750_250,750.0,250.0,500.0,-1.0,0.5,True,19.889254235390787,163.11388300841898,True
safe_grid_750_250,750.0,250.0,500.0,-1.0,1.0,True,19.714750779031693,163.11388300841898,True
safe_grid_750_250,750.0,250.0,500.0,0.0,-1.0,True,20.057532526927684,163.11388300841898,True
safe_grid_750_250,750.0,250.0,500.0,0.0,-0.5,True,19.878654157130995,163.11388300841898,True
safe_grid_750_250,750.0,250.0,500.0,0.0,0.0,True,19.704425457675573,163.11388300841898,True
safe_grid_750_250,750.0,250.0,500.0,0.0,0.5,True,19.53469903452652,163.11388300841898,True
safe_grid_750_250,750.0,250.0,500.0,0.0,1.0,True,19.36933401136479,163.11388300841898,True
safe_grid_750_250,750.0,250.0,500.0,1.0,-1.0,True,19.714750779031693,163.11388300841898,True
safe_grid_750_250,750.0,250.0,500.0,1.0,-0.5,True,19.54475825522826,163.11388300841898,True
safe_grid_750_250,750.0,250.0,500.0,1.0,0.0,True,19.379135406659728,163.11388300841898,True
safe_grid_750_250,750.0,250.0,500.0,1.0,0.5,True,19.21774716540423,163.11388300841898,True
safe_grid_750_250,750.0,250.0,500.0,1.0,1.0,True,19.06046432535915,163.11388300841898,True
safe_grid_750_250,750.0,250.0,750.0,-1.0,-1.0,True,13.937465035644093,163.11388300841898,True
safe_grid_750_250,750.0,250.0,750.0,-1.0,-0.5,True,13.93844187151161,163.11388300841898,True
safe_grid_750_250,750.0,250.0,750.0,-1.0,0.0,True,13.94154286860711,163.11388300841898,True
safe_grid_750_250,750.0,250.0,750.0,-1.0,0.5,True,14.01095099788781,163.11388300841898,True
safe_grid_750_250,750.0,250.0,750.0,-1.0,1.0,True,14.085618598650058,163.11388300841898,True
safe_grid_750_250,750.0,250.0,750.0,0.0,-1.0,True,13.937463761564917,163.11388300841898,True
safe_grid_750_250,750.0,250.0,750.0,0.0,-0.5,True,13.938568017413452,163.11388300841898,True
safe_grid_750_250,750.0,250.0,750.0,0.0,0.0,True,13.941796511395188,163.11388300841898,True
safe_grid_750_250,750.0,250.0,750.0,0.0,0.5,True,14.015398843722949,163.11388300841898,True
safe_grid_750_250,750.0,250.0,750.0,0.0,1.0,True,14.090135272610956,163.11388300841898,True
safe_grid_750_250,750.0,250.0,750.0,1.0,-1.0,True,13.937463761568225,163.11388300841898,True
safe_grid_750_250,750.0,250.0,750.0,1.0,-0.5,True,13.938483070510756,163.11388300841898,True
safe_grid_750_250,750.0,250.0,750.0,1.0,0.0,True,13.94162656579821,163.11388300841898,True
safe_grid_750_250,750.0,250.0,750.0,1.0,0.5,True,14.012433159912671,163.11388300841898,True
safe_grid_750_250,750.0,250.0,750.0,1.0,1.0,True,14.087123692223164,163.11388300841898,True
safe_grid_750_250,750.0,250.0,1000.0,-1.0,-1.0,True,32.906965747715596,163.11388300841898,True
safe_grid_750_250,750.0,250.0,1000.0,-1.0,-0.5,True,33.440873981660495,163.11388300841898,True
safe_grid_750_250,750.0,250.0,1000.0,-1.0,0.0,True,33.99175087846237,163.11388300841898,True
safe_grid_750_250,750.0,250.0,1000.0,-1.0,0.5,True,34.56034706216786,163.11388300841898,True
safe_grid_750_250,750.0,250.0,1000.0,-1.0,1.0,True,35.14745634535371,163.11388300841898,True
safe_grid_750_250,750.0,250.0,1000.0,0.0,-1.0,True,30.88085562437573,163.11388300841898,True
safe_grid_750_250,750.0,250.0,1000.0,0.0,-0.5,True,31.352223825030205,163.11388300841898,True
safe_grid_750_250,750.0,250.0,1000.0,0.0,0.0,True,31.83787796314194,163.11388300841898,True
safe_grid_750_250,750.0,250.0,1000.0,0.0,0.5,True,32.33841893562588,163.11388300841898,True
safe_grid_750_250,750.0,250.0,1000.0,0.0,1.0,True,32.85448052037925,163.11388300841898,True
safe_grid_750_250,750.0,250.0,1000.0,1.0,-1.0,True,29.16869420788289,163.11388300841898,True
safe_grid_750_250,750.0,250.0,1000.0,1.0,-0.5,True,29.589534833284322,163.11388300841898,True
safe_grid_750_250,750.0,250.0,1000.0,1.0,0.0,True,30.02259542273624,163.11388300841898,True
safe_grid_750_250,750.0,250.0,1000.0,1.0,0.5,True,30.468366950378332,163.11388300841898,True
safe_grid_750_250,750.0,250.0,1000.0,1.0,1.0,True,30.92736605699794,163.11388300841898,True
safe_grid_750_250,750.0,250.0,1250.0,-1.0,-1.0,True,74.61183290215457,163.11388300841898,True
safe_grid_750_250,750.0,250.0,1250.0,-1.0,-0.5,True,77.0148997486832,163.11388300841898,True
safe_grid_750_250,750.0,250.0,1250.0,-1.0,0.0,True,79.55599875284705,163.11388300841898,True
safe_grid_750_250,750.0,250.0,1250.0,-1.0,0.5,True,82.24633847274164,163.11388300841898,True
safe_grid_750_250,750.0,250.0,1250.0,-1.0,1.0,True,85.09831382850928,163.11388300841898,True
safe_grid_750_250,750.0,250.0,1250.0,0.0,-1.0,True,66.07663967768002,163.11388300841898,True
safe_grid_750_250,750.0,250.0,1250.0,0.0,-0.5,True,68.01437985269197,163.11388300841898,True
safe_grid_750_250,750.0,250.0,1250.0,0.0,0.0,True,70.05429431190244,163.11388300841898,True
safe_grid_750_250,750.0,250.0,1250.0,0.0,0.5,True,72.20399004291164,163.11388300841898,True
safe_grid_750_250,750.0,250.0,1250.0,0.0,1.0,True,74.47181151074378,163.11388300841898,True
safe_grid_750_250,750.0,250.0,1250.0,1.0,-1.0,True,59.31047353805457,163.11388300841898,True
safe_grid_750_250,750.0,250.0,1250.0,1.0,-0.5,True,60.90788468510072,163.11388300841898,True
safe_grid_750_250,750.0,250.0,1250.0,1.0,0.0,True,62.58330610678128,163.11388300841898,True
safe_grid_750_250,750.0,250.0,1250.0,1.0,0.5,True,64.3421105898501,163.11388300841898,True
safe_grid_750_250,750.0,250.0,1250.0,1.0,1.0,True,66.19015244808443,163.11388300841898,True
safe_grid_750_250,750.0,250.0,1500.0,-1.0,-1.0,True,43.56263980214715,163.11388300841898,True
safe_grid_750_250,750.0,250.0,1500.0,-1.0,-0.5,True,33.575021784080185,163.11388300841898,True
safe_grid_750_250,750.0,250.0,1500.0,-1.0,0.0,True,23.13800340511514,163.11388300841898,True
safe_grid_750_250,750.0,250.0,1500.0,-1.0,0.5,True,12.212597948743268,163.11388300841898,True
safe_grid_750_250,750.0,250.0,1500.0,-1.0,1.0,True,0.7537961156527807,163.11388300841898,True
safe_grid_750_250,750.0,250.0,1500.0,0.0,-1.0,True,75.98234660372282,163.11388300841898,True
safe_grid_750_250,750.0,250.0,1500.0,0.0,-0.5,True,67.85776230153562,163.11388300841898,True
safe_grid_750_250,750.0,250.0,1500.0,0.0,0.0,True,58.879005867605215,163.11388300841898,True
safe_grid_750_250,750.0,250.0,1500.0,0.0,0.5,True,49.54093874236393,163.11388300841898,True
safe_grid_750_250,750.0,250.0,1500.0,0.0,1.0,True,39.81863419515626,163.11388300841898,True
safe_grid_750_250,750.0,250.0,1500.0,1.0,-1.0,True,100.40192010083025,163.11388300841898,True
safe_grid_750_250,750.0,250.0,1500.0,1.0,-0.5,True,93.88554430986467,163.11388300841898,True
safe_grid_750_250,750.0,250.0,1500.0,1.0,0.0,True,87.13361558142995,163.11388300841898,True
safe_grid_750_250,750.0,250.0,1500.0,1.0,0.5,True,80.14391317137792,163.11388300841898,True
safe_grid_750_250,750.0,250.0,1500.0,1.0,1.0,True,72.91205615143713,163.11388300841898,True
safe_grid_750_400,750.0,400.0,6.0,-1.0,-1.0,True,3.1986613445258114,175.0,True
safe_grid_750_400,750.0,400.0,6.0,-1.0,-0.5,True,11.108038434063362,175.0,True
safe_grid_750_400,750.0,400.0,6.0,-1.0,0.0,True,18.75941780615687,175.0,True
safe_grid_750_400,750.0,400.0,6.0,-1.0,0.5,True,26.166330411691398,175.0,True
safe_grid_750_400,750.0,400.0,6.0,-1.0,1.0,True,30.649262727695003,175.0,True
safe_grid_750_400,750.0,400.0,6.0,0.0,-1.0,True,3.1986613445258114,175.0,True
safe_grid_750_400,750.0,400.0,6.0,0.0,-0.5,True,11.108038434063362,175.0,True
safe_grid_750_400,750.0,400.0,6.0,0.0,0.0,True,18.75941780615687,175.0,True
safe_grid_750_400,750.0,400.0,6.0,0.0,0.5,True,26.166330411691398,175.0,True
safe_grid_750_400,750.0,400.0,6.0,0.0,1.0,True,30.649262727695003,175.0,True
safe_grid_750_400,750.0,400.0,6.0,1.0,-1.0,True,3.359469555683099,175.0,True
safe_grid_750_400,750.0,400.0,6.0,1.0,-0.5,True,11.26354770953441,175.0,True
safe_grid_750_400,750.0,400.0,6.0,1.0,0.0,True,18.90990835538172,175.0,True
safe_grid_750_400,750.0,400.0,6.0,1.0,0.5,True,26.312063164438833,175.0,True
safe_grid_750_400,750.0,400.0,6.0,1.0,1.0,True,30.639718204780078,175.0,True
safe_grid_750_400,750.0,400.0,20.0,-1.0,-1.0,True,10.172812373754862,175.0,True
safe_grid_750_400,750.0,400.0,20.0,-1.0,-0.5,True,17.854417973723393,175.0,True
safe_grid_750_400,750.0,400.0,20.0,-1.0,0.0,True,25.289983456359348,175.0,True
safe_grid_750_400,750.0,400.0,20.0,-1.0,0.5,True,30.706674642808625,175.0,True
safe_grid_750_400,750.0,400.0,20.0,-1.0,1.0,True,30.23571647645155,175.0,True
safe_grid_750_400,750.0,400.0,20.0,0.0,-1.0,True,10.484968554591548,175.0,True
safe_grid_750_400,750.0,400.0,20.0,0.0,-0.5,True,18.156477004044387,175.0,True
safe_grid_750_400,750.0,400.0,20.0,0.0,0.0,True,25.582471271209425,175.0,True
safe_grid_750_400,750.0,400.0,20.0,0.0,0.5,True,30.687509714176983,175.0,True
safe_grid_750_400,750.0,400.0,20.0,0.0,1.0,True,30.217226052807604,175.0,True
safe_grid_750_400,750.0,400.0,20.0,1.0,-1.0,True,10.796710274456501,175.0,True
safe_grid_750_400,750.0,400.0,20.0,1.0,-0.5,True,18.458143335295738,175.0,True
safe_grid_750_400,750.0,400.0,20.0,1.0,0.0,True,25.874586662351454,175.0,True
safe_grid_750_400,750.0,400.0,20.0,1.0,0.5,True,30.668372427919774,175.0,True
safe_grid_750_400,750.0,400.0,20.0,1.0,1.0,True,30.19876190807792,175.0,True
safe_grid_750_400,750.0,400.0,100.0,-1.0,-1.0,True,29.516089655034246,175.0,True
safe_grid_750_400,750.0,400.0,100.0,-1.0,-0.5,True,29.086291973908295,175.0,True
safe_grid_750_400,750.0,400.0,100.0,-1.0,0.0,True,28.670983685194777,175.0,True
safe_grid_750_400,750.0,400.0,100.0,-1.0,0.5,True,28.269490912318346,175.0,True
safe_grid_750_400,750.0,400.0,100.0,-1.0,1.0,True,27.88118135911029,175.0,True
safe_grid_750_400,750.0,400.0,100.0,0.0,-1.0,True,29.420255107654754,175.0,True
safe_grid_750_400,750.0,400.0,100.0,0.0,-0.5,True,28.993705147873385,175.0,True
safe_grid_750_400,750.0,400.0,100.0,0.0,0.0,True,28.58149258893669,175.0,True
safe_grid_750_400,750.0,400.0,100.0,0.0,0.5,True,28.182952987590795,175.0,True
safe_grid_750_400,750.0,400.0,100.0,0.0,1.0,True,27.79746276249383,175.0,True
safe_grid_750_400,750.0,400.0,100.0,1.0,-1.0,True,29.325148607389668,175.0,True
safe_grid_750_400,750.0,400.0,100.0,1.0,-0.5,True,28.901812082364223,175.0,True
safe_grid_750_400,750.0,400.0,100.0,1.0,0.0,True,28.492663107147994,175.0,True
safe_grid_750_400,750.0,400.0,100.0,1.0,0.5,True,28.09704650781573,175.0,True
safe_grid_750_400,750.0,400.0,100.0,1.0,1.0,True,27.714347268715596,175.0,True
safe_grid_750_400,750.0,400.0,250.0,-1.0,-1.0,True,24.692572315073573,175.0,True
safe_grid_750_400,750.0,400.0,250.0,-1.0,-0.5,True,24.414336179863614,175.0,True
safe_grid_750_400,750.0,400.0,250.0,-1.0,0.0,True,24.144118693294878,175.0,True
safe_grid_750_400,750.0,400.0,250.0,-1.0,0.5,True,23.88161602251905,175.0,True
safe_grid_750_400,750.0,400.0,250.0,-1.0,1.0,True,23.626539888467544,175.0,True
safe_grid_750_400,750.0,400.0,250.0,0.0,-1.0,True,24.519104326389908,175.0,True
safe_grid_750_400,750.0,400.0,250.0,0.0,-0.5,True,24.245876420768262,175.0,True
safe_grid_750_400,750.0,400.0,250.0,0.0,0.0,True,23.980476899920028,175.0,True
safe_grid_750_400,750.0,400.0,250.0,0.0,0.5,True,23.72261169323036,175.0,True
safe_grid_750_400,750.0,400.0,250.0,0.0,1.0,True,23.472001671027858,175.0,True
safe_grid_750_400,750.0,400.0,250.0,1.0,-1.0,True,24.354211184431694,175.0,True
safe_grid_750_400,750.0,400.0,250.0,1.0,-0.5,True,24.08571646770674,175.0,True
safe_grid_750_400,750.0,400.0,250.0,1.0,0.0,True,23.824871846035947,175.0,True
safe_grid_750_400,750.0,400.0,250.0,1.0,0.5,True,23.57139232882751,175.0,True
safe_grid_750_400,750.0,400.0,250.0,1.0,1.0,True,23.325007300815674,175.0,True
safe_grid_750_400,750.0,400.0,500.0,-1.0,-1.0,True,17.981382318708867,175.0,True
safe_grid_750_400,750.0,400.0,500.0,-1.0,-0.5,True,17.87848396234868,175.0,True
safe_grid_750_400,750.0,400.0,500.0,-1.0,0.0,True,17.778102743535694,175.0,True
safe_grid_750_400,750.0,400.0,500.0,-1.0,0.5,True,17.68018133647771,175.0,True
safe_grid_750_400,750.0,400.0,500.0,-1.0,1.0,True,17.58466452325526,175.0,True
safe_grid_750_400,750.0,400.0,500.0,0.0,-1.0,True,17.8642803943865,175.0,True
safe_grid_750_400,750.0,400.0,500.0,0.0,-0.5,True,17.76424695106311,175.0,True
safe_grid_750_400,750.0,400.0,500.0,0.0,0.0,True,17.66666546412154,175.0,True
safe_grid_750_400,750.0,400.0,500.0,0.0,0.5,True,17.571481003731055,175.0,True
safe_grid_750_400,750.0,400.0,500.0,0.0,1.0,True,17.478640649593903,175.0,True
safe_grid_750_400,750.0,400.0,500.0,1.0,-1.0,True,17.754379386807102,175.0,True
safe_grid_750_400,750.0,400.0,500.0,1.0,-0.5,True,17.657040040547177,175.0,True
safe_grid_750_400,750.0,400.0,500.0,1.0,0.0,True,17.56209233975833,175.0,True
safe_grid_750_400,750.0,400.0,500.0,1.0,0.5,True,17.469483560541768,175.0,True
safe_grid_750_400,750.0,400.0,500.0,1.0,1.0,True,17.379162899077603,175.0,True
safe_grid_750_400,750.0,400.0,750.0,-1.0,-1.0,True,14.985204299393315,175.0,True
safe_grid_750_400,750.0,400.0,750.0,-1.0,-0.5,True,14.986300234290656,175.0,True
safe_grid_750_400,750.0,400.0,750.0,-1.0,0.0,True,14.989680039976356,175.0,True
safe_grid_750_400,750.0,400.0,750.0,-1.0,0.5,True,15.09485026590662,175.0,True
safe_grid_750_400,750.0,400.0,750.0,-1.0,1.0,True,15.205588199616257,175.0,True
safe_grid_750_400,750.0,400.0,750.0,0.0,-1.0,True,14.98520429939019,175.0,True
safe_grid_750_400,750.0,400.0,750.0,0.0,-0.5,True,14.98639156702668,175.0,True
safe_grid_750_400,750.0,400.0,750.0,0.0,0.0,True,14.98986276113283,175.0,True
safe_grid_750_400,750.0,400.0,750.0,0.0,0.5,True,15.099252586569607,175.0,True
safe_grid_750_400,750.0,400.0,750.0,0.0,1.0,True,15.210047442187967,175.0,True
safe_grid_750_400,750.0,400.0,750.0,1.0,-1.0,True,14.985204299393315,175.0,True
safe_grid_750_400,750.0,400.0,750.0,1.0,-0.5,True,14.986300234290656,175.0,True
safe_grid_750_400,750.0,400.0,750.0,1.0,0.0,True,14.989680039976356,175.0,True
safe_grid_750_400,750.0,400.0,750.0,1.0,0.5,True,15.09485026590662,175.0,True
safe_grid_750_400,750.0,400.0,750.0,1.0,1.0,True,15.205588199616257,175.0,True
safe_grid_750_400,750.0,400.0,1000.0,-1.0,-1.0,True,27.411200267591738,175.0,True
safe_grid_750_400,750.0,400.0,1000.0,-1.0,-0.5,True,27.75961483398407,175.0,True
safe_grid_750_400,750.0,400.0,1000.0,-1.0,0.0,True,28.116452380598187,175.0,True
safe_grid_750_400,750.0,400.0,1000.0,-1.0,0.5,True,28.48199855543831,175.0,True
safe_grid_750_400,750.0,400.0,1000.0,-1.0,1.0,True,28.856551317150156,175.0,True
safe_grid_750_400,750.0,400.0,1000.0,0.0,-1.0,True,26.646867738621044,175.0,True
safe_grid_750_400,750.0,400.0,1000.0,0.0,-0.5,True,26.977084619139923,175.0,True
safe_grid_750_400,750.0,400.0,1000.0,0.0,0.0,True,27.315115999418815,175.0,True
safe_grid_750_400,750.0,400.0,1000.0,0.0,0.5,True,27.66122171245412,175.0,True
safe_grid_750_400,750.0,400.0,1000.0,0.0,1.0,True,28.01567254528325,175.0,True
safe_grid_750_400,750.0,400.0,1000.0,1.0,-1.0,True,25.94047800477275,175.0,True
safe_grid_750_400,750.0,400.0,1000.0,1.0,-0.5,True,26.254223806534352,175.0,True
safe_grid_750_400,750.0,400.0,1000.0,1.0,0.0,True,26.57524376631484,175.0,True
safe_grid_750_400,750.0,400.0,1000.0,1.0,0.5,True,26.9037752821563,175.0,True
safe_grid_750_400,750.0,400.0,1000.0,1.0,1.0,True,27.24006555036269,175.0,True
safe_grid_750_400,750.0,400.0,1250.0,-1.0,-1.0,True,51.96663435603981,175.0,True
safe_grid_750_400,750.0,400.0,1250.0,-1.0,-0.5,True,53.08106715932168,175.0,True
safe_grid_750_400,750.0,400.0,1250.0,-1.0,0.0,True,54.23778667680735,175.0,True
safe_grid_750_400,750.0,400.0,1250.0,-1.0,0.5,True,55.43903159580486,175.0,True
safe_grid_750_400,750.0,400.0,1250.0,-1.0,1.0,True,56.68719337943237,175.0,True
safe_grid_750_400,750.0,400.0,1250.0,0.0,-1.0,True,48.758691405071055,175.0,True
safe_grid_750_400,750.0,400.0,1250.0,0.0,-0.5,True,49.7547969968121,175.0,True
safe_grid_750_400,750.0,400.0,1250.0,0.0,0.0,True,50.7870999099543,175.0,True
safe_grid_750_400,750.0,400.0,1250.0,0.0,0.5,True,51.85743492454915,175.0,True
safe_grid_750_400,750.0,400.0,1250.0,0.0,1.0,True,52.96775665628571,175.0,True
safe_grid_750_400,750.0,400.0,1250.0,1.0,-1.0,True,45.97082880926413,175.0,True
safe_grid_750_400,750.0,400.0,1250.0,1.0,-0.5,True,46.86828023586743,175.0,True
safe_grid_750_400,750.0,400.0,1250.0,1.0,0.0,True,47.79705939772867,175.0,True
safe_grid_750_400,750.0,400.0,1250.0,1.0,0.5,True,48.758691405071055,175.0,True
safe_grid_750_400,750.0,400.0,1250.0,1.0,1.0,True,49.7547969968121,175.0,True
safe_grid_750_400,750.0,400.0,1500.0,-1.0,-1.0,True,34.32814285745917,175.0,True
safe_grid_750_400,750.0,400.0,1500.0,-1.0,-0.5,True,26.17366956480448,175.0,True
safe_grid_750_400,750.0,400.0,1500.0,-1.0,0.0,True,17.84019237892921,175.0,True
safe_grid_750_400,750.0,400.0,1500.0,-1.0,0.5,True,9.316560259003294,175.0,True
safe_grid_750_400,750.0,400.0,1500.0,-1.0,1.0,True,0.5888185066284882,175.0,True
safe_grid_750_400,750.0,400.0,1500.0,0.0,-1.0,True,57.022643867959495,175.0,True
safe_grid_750_400,750.0,400.0,1500.0,0.0,-0.5,True,51.23831736155467,175.0,True
safe_grid_750_400,750.0,400.0,1500.0,0.0,0.0,True,43.42143646090259,175.0,True
safe_grid_750_400,750.0,400.0,1500.0,0.0,0.5,True,35.45307320195358,175.0,True
safe_grid_750_400,750.0,400.0,1500.0,0.0,1.0,True,27.325937916927195,175.0,True
safe_grid_750_400,750.0,400.0,1500.0,1.0,-1.0,True,74.065225317955,175.0,True
safe_grid_750_400,750.0,400.0,1500.0,1.0,-0.5,True,68.6012037852518,175.0,True
safe_grid_750_400,750.0,400.0,1500.0,1.0,0.0,True,63.06201616208922,175.0,True
safe_grid_750_400,750.0,400.0,1500.0,1.0,0.5,True,57.471132601305996,175.0,True
safe_grid_750_400,750.0,400.0,1500.0,1.0,1.0,True,51.85745441042947,175.0,True
safe_grid_750_550,750.0,550.0,6.0,-1.0,-1.0,True,3.1632929743962137,191.01075237738274,True
safe_grid_750_550,750.0,550.0,6.0,-1.0,-0.5,True,10.033950596723704,191.01075237738274,True
safe_grid_750_550,750.0,550.0,6.0,-1.0,0.0,True,16.74133580710544,191.01075237738274,True
safe_grid_750_550,750.0,550.0,6.0,-1.0,0.5,True,23.29218621723616,191.01075237738274,True
safe_grid_750_550,750.0,550.0,6.0,-1.0,1.0,True,26.944256522965375,191.01075237738274,True
safe_grid_750_550,750.0,550.0,6.0,0.0,-1.0,True,3.1632929743962137,191.01075237738274,True
safe_grid_750_550,750.0,550.0,6.0,0.0,-0.5,True,10.033950596723704,191.01075237738274,True
safe_grid_750_550,750.0,550.0,6.0,0.0,0.0,True,16.74133580710544,191.01075237738274,True
safe_grid_750_550,750.0,550.0,6.0,0.0,0.5,True,23.29218621723616,191.01075237738274,True
safe_grid_750_550,750.0,550.0,6.0,0.0,1.0,True,26.944256522965375,191.01075237738274,True
safe_grid_750_550,750.0,550.0,6.0,1.0,-1.0,True,3.302351594585962,191.01075237738274,True
safe_grid_750_550,750.0,550.0,6.0,1.0,-0.5,True,10.169675306818691,191.01075237738274,True
safe_grid_750_550,750.0,550.0,6.0,1.0,0.0,True,16.873865024464497,191.01075237738274,True
safe_grid_750_550,750.0,550.0,6.0,1.0,0.5,True,23.421650966222597,191.01075237738274,True
safe_grid_750_550,750.0,550.0,6.0,1.0,1.0,True,26.93812305536345,191.01075237738274,True
safe_grid_750_550,750.0,550.0,20.0,-1.0,-1.0,True,10.169675306818691,191.01075237738274,True
safe_grid_750_550,750.0,550.0,20.0,-1.0,-0.5,True,16.873865024464497,191.01075237738274,True
safe_grid_750_550,750.0,550.0,20.0,-1.0,0.0,True,23.421650966222597,191.01075237738274,True
safe_grid_750_550,750.0,550.0,20.0,-1.0,0.5,True,26.93812305536345,191.01075237738274,True
safe_grid_750_550,750.0,550.0,20.0,-1.0,1.0,True,26.63599656742324,191.01075237738274,True
safe_grid_750_550,750.0,550.0,20.0,0.0,-1.0,True,10.440929059710305,191.01075237738274,True
safe_grid_750_550,750.0,550.0,20.0,0.0,-0.5,True,17.138735862644243,191.01075237738274,True
safe_grid_750_550,750.0,550.0,20.0,0.0,0.0,True,23.680400510445388,191.01075237738274,True
safe_grid_750_550,750.0,550.0,20.0,0.0,0.5,True,26.925866953208025,191.01075237738274,True
safe_grid_750_550,750.0,550.0,20.0,0.0,1.0,True,26.62409441009933,191.01075237738274,True
safe_grid_750_550,750.0,550.0,20.0,1.0,-1.0,True,10.576458213021796,191.01075237738274,True
safe_grid_750_550,750.0,550.0,20.0,1.0,-0.5,True,17.271077588080807,191.01075237738274,True
safe_grid_750_550,750.0,550.0,20.0,1.0,0.0,True,23.809685404788407,191.01075237738274,True
safe_grid_750_550,750.0,550.0,20.0,1.0,0.5,True,26.919744312980576,191.01075237738274,True
safe_grid_750_550,750.0,550.0,20.0,1.0,1.0,True,26.618148535249972,191.01075237738274,True
safe_grid_750_550,750.0,550.0,100.0,-1.0,-1.0,True,25.962392757057845,191.01075237738274,True
safe_grid_750_550,750.0,550.0,100.0,-1.0,-0.5,True,25.688024181040202,191.01075237738274,True
safe_grid_750_550,750.0,550.0,100.0,-1.0,0.0,True,25.421309660848134,191.01075237738274,True
safe_grid_750_550,750.0,550.0,100.0,-1.0,0.5,True,25.161973222710724,191.01075237738274,True
safe_grid_750_550,750.0,550.0,100.0,-1.0,1.0,True,24.90975242883337,191.01075237738274,True
safe_grid_750_550,750.0,550.0,100.0,0.0,-1.0,True,25.912428740155296,191.01075237738274,True
safe_grid_750_550,750.0,550.0,100.0,0.0,-0.5,True,25.639458894160516,191.01075237738274,True
safe_grid_750_550,750.0,550.0,100.0,0.0,0.0,True,25.374092391520293,191.01075237738274,True
safe_grid_750_550,750.0,550.0,100.0,0.0,0.5,True,25.1160557575062,191.01075237738274,True
safe_grid_750_550,750.0,550.0,100.0,0.0,1.0,True,24.8650889029736,191.01075237738274,True
safe_grid_750_550,750.0,550.0,100.0,1.0,-1.0,True,25.86272035414969,191.01075237738274,True
safe_grid_750_550,750.0,550.0,100.0,1.0,-0.5,True,25.591139918407304,191.01075237738274,True
safe_grid_750_550,750.0,550.0,100.0,1.0,0.0,True,25.32711257498709,191.01075237738274,True
safe_grid_750_550,750.0,550.0,100.0,1.0,0.5,True,25.070367320295844,191.01075237738274,True
safe_grid_750_550,750.0,550.0,100.0,1.0,1.0,True,24.820646387938318,191.01075237738274,True
safe_grid_750_550,750.0,550.0,250.0,-1.0,-1.0,True,22.597199320265005,191.01075237738274,True
safe_grid_750_550,750.0,550.0,250.0,-1.0,-0.5,True,22.412451331375024,191.01075237738274,True
safe_grid_750_550,750.0,550.0,250.0,-1.0,0.0,True,22.23237908608805,191.01075237738274,True
safe_grid_750_550,750.0,550.0,250.0,-1.0,0.5,True,22.05684367511651,191.01075237738274,True
safe_grid_750_550,750.0,550.0,250.0,-1.0,1.0,True,21.88571205016063,191.01075237738274,True
safe_grid_750_550,750.0,550.0,250.0,0.0,-1.0,True,22.511625415517592,191.01075237738274,True
safe_grid_750_550,750.0,550.0,250.0,0.0,-0.5,True,22.32904590745077,191.01075237738274,True
safe_grid_750_550,750.0,550.0,250.0,0.0,0.0,True,22.15107749709327,191.01075237738274,True
safe_grid_750_550,750.0,550.0,250.0,0.0,0.5,True,21.9775840092694,191.01075237738274,True
safe_grid_750_550,750.0,550.0,250.0,0.0,1.0,True,21.808434990971865,191.01075237738274,True
safe_grid_750_550,750.0,550.0,250.0,1.0,-1.0,True,22.43071337736451,191.01075237738274,True
safe_grid_750_550,750.0,550.0,250.0,1.0,-0.5,True,22.250179908013408,191.01075237738274,True
safe_grid_750_550,750.0,550.0,250.0,1.0,0.0,True,22.074196895102997,191.01075237738274,True
safe_grid_750_550,750.0,550.0,250.0,1.0,0.5,True,21.902630717896002,191.01075237738274,True
safe_grid_750_550,750.0,550.0,250.0,1.0,1.0,True,21.735353348756362,191.01075237738274,True
safe_grid_750_550,750.0,550.0,500.0,-1.0,-1.0,True,18.20625067834739,191.01075237738274,True
safe_grid_750_550,750.0,550.0,500.0,-1.0,-0.5,True,18.130456393256416,191.01075237738274,True
safe_grid_750_550,750.0,550.0,500.0,-1.0,0.0,True,18.056659952588586,191.01075237738274,True
safe_grid_750_550,750.0,550.0,500.0,-1.0,0.5,True,17.98482588624807,191.01075237738274,True
safe_grid_750_550,750.0,550.0,500.0,-1.0,1.0,True,17.914919988682612,191.01075237738274,True
safe_grid_750_550,750.0,550.0,500.0,0.0,-1.0,True,18.15147585314648,191.01075237738274,True
safe_grid_750_550,750.0,550.0,500.0,0.0,-0.5,True,18.077123646905715,191.01075237738274,True
safe_grid_750_550,750.0,550.0,500.0,0.0,0.0,True,18.00474361724096,191.01075237738274,True
safe_grid_750_550,750.0,550.0,500.0,0.0,0.5,True,17.93430120897856,191.01075237738274,True
safe_grid_750_550,750.0,550.0,500.0,0.0,1.0,True,17.865763100132774,191.01075237738274,True
safe_grid_750_550,750.0,550.0,500.0,1.0,-1.0,True,18.102180350047146,191.01075237738274,True
safe_grid_750_550,750.0,550.0,500.0,1.0,-0.5,True,18.029133720504248,191.01075237738274,True
safe_grid_750_550,750.0,550.0,500.0,1.0,0.0,True,17.958036320605732,191.01075237738274,True
safe_grid_750_550,750.0,550.0,500.0,1.0,0.5,True,17.888854413870828,191.01075237738274,True
safe_grid_750_550,750.0,550.0,500.0,1.0,1.0,True,17.821555469208427,191.01075237738274,True
safe_grid_750_550,750.0,550.0,750.0,-1.0,-1.0,True,16.396523771633507,191.01075237738274,True
safe_grid_750_550,750.0,550.0,750.0,-1.0,-0.5,True,16.397772889792677,191.01075237738274,True
safe_grid_750_550,750.0,550.0,750.0,-1.0,0.0,True,16.40152100589585,191.01075237738274,True
safe_grid_750_550,750.0,550.0,750.0,-1.0,0.5,True,16.53638716160903,191.01075237738274,True
safe_grid_750_550,750.0,550.0,750.0,-1.0,1.0,True,16.675784268004318,191.01075237738274,True
safe_grid_750_550,750.0,550.0,750.0,0.0,-1.0,True,16.396524271254005,191.01075237738274,True
safe_grid_750_550,750.0,550.0,750.0,0.0,-0.5,True,16.39782335683472,191.01075237738274,True
safe_grid_750_550,750.0,550.0,750.0,0.0,0.0,True,16.401621471126823,191.01075237738274,True
safe_grid_750_550,750.0,550.0,750.0,0.0,0.5,True,16.539156357388194,191.01075237738274,True
safe_grid_750_550,750.0,550.0,750.0,0.0,1.0,True,16.67859185483485,191.01075237738274,True
safe_grid_750_550,750.0,550.0,750.0,1.0,-1.0,True,16.396523771633507,191.01075237738274,True
safe_grid_750_550,750.0,550.0,750.0,1.0,-0.5,True,16.397772889792677,191.01075237738274,True
safe_grid_750_550,750.0,550.0,750.0,1.0,0.0,True,16.40152100589585,191.01075237738274,True
safe_grid_750_550,750.0,550.0,750.0,1.0,0.5,True,16.53638716160903,191.01075237738274,True
safe_grid_750_550,750.0,550.0,750.0,1.0,1.0,True,16.675784268004318,191.01075237738274,True
safe_grid_750_550,750.0,550.0,1000.0,-1.0,-1.0,True,26.271952188163617,191.01075237738274,True
safe_grid_750_550,750.0,550.0,1000.0,-1.0,-0.5,True,26.581952805939817,191.01075237738274,True
safe_grid_750_550,750.0,550.0,1000.0,-1.0,0.0,True,26.898460419383426,191.01075237738274,True
safe_grid_750_550,750.0,550.0,1000.0,-1.0,0.5,True,27.2216722952138,191.01075237738274,True
safe_grid_750_550,750.0,550.0,1000.0,-1.0,1.0,True,27.55179315015376,191.01075237738274,True
safe_grid_750_550,750.0,550.0,1000.0,0.0,-1.0,True,25.85448651876128,191.01075237738274,True
safe_grid_750_550,750.0,550.0,1000.0,0.0,-0.5,True,26.155818312479983,191.01075237738274,True
safe_grid_750_550,750.0,550.0,1000.0,0.0,0.0,True,26.46339650364174,191.01075237738274,True
safe_grid_750_550,750.0,550.0,1000.0,0.0,0.5,True,26.77740861364317,191.01075237738274,True
safe_grid_750_550,750.0,550.0,1000.0,0.0,1.0,True,27.098049165246856,191.01075237738274,True
safe_grid_750_550,750.0,550.0,1000.0,1.0,-1.0,True,25.454375529246736,191.01075237738274,True
safe_grid_750_550,750.0,550.0,1000.0,1.0,-0.5,True,25.747501168282064,191.01075237738274,True
safe_grid_750_550,750.0,550.0,1000.0,1.0,0.0,True,26.04662886555488,191.01075237738274,True
safe_grid_750_550,750.0,550.0,1000.0,1.0,0.5,True,26.35193710724689,191.01075237738274,True
safe_grid_750_550,750.0,550.0,1000.0,1.0,1.0,True,26.663610969800477,191.01075237738274,True
safe_grid_750_550,750.0,550.0,1250.0,-1.0,-1.0,True,43.994398780894734,191.01075237738274,True
safe_grid_750_550,750.0,550.0,1250.0,-1.0,-0.5,True,44.76019837566004,191.01075237738274,True
safe_grid_750_550,750.0,550.0,1250.0,-1.0,0.0,True,45.549169920799095,191.01075237738274,True
safe_grid_750_550,750.0,550.0,1250.0,-1.0,0.5,True,46.36229100313104,191.01075237738274,True
safe_grid_750_550,750.0,550.0,1250.0,-1.0,1.0,True,47.200591928547254,191.01075237738274,True
safe_grid_750_550,750.0,550.0,1250.0,0.0,-1.0,True,42.31603072218362,191.01075237738274,True
safe_grid_750_550,750.0,550.0,1250.0,0.0,-0.5,True,43.0319808910788,191.01075237738274,True
safe_grid_750_550,750.0,550.0,1250.0,0.0,0.0,True,43.76903743979118,191.01075237738274,True
safe_grid_750_550,750.0,550.0,1250.0,0.0,0.5,True,44.528068600395045,191.01075237738274,True
safe_grid_750_550,750.0,550.0,1250.0,0.0,1.0,True,45.309988225771335,191.01075237738274,True
safe_grid_750_550,750.0,550.0,1250.0,1.0,-1.0,True,40.79797188860613,191.01075237738274,True
safe_grid_750_550,750.0,550.0,1250.0,1.0,-0.5,True,41.46995738722538,191.01075237738274,True
safe_grid_750_550,750.0,550.0,1250.0,1.0,0.0,True,42.16127139979359,191.01075237738274,True
safe_grid_750_550,750.0,550.0,1250.0,1.0,0.5,True,42.87269037224192,191.01075237738274,True
safe_grid_750_550,750.0,550.0,1250.0,1.0,1.0,True,43.60503056060674,191.01075237738274,True
safe_grid_750_550,750.0,550.0,1500.0,-1.0,-1.0,True,32.987324460673406,191.01075237738274,True
safe_grid_750_550,750.0,550.0,1500.0,-1.0,-0.5,True,24.994000489119102,191.01075237738274,True
safe_grid_750_550,750.0,550.0,1500.0,-1.0,0.0,True,16.924552316075612,191.01075237738274,True
safe_grid_750_550,750.0,550.0,1500.0,-1.0,0.5,True,8.773405774192376,191.01075237738274,True
safe_grid_750_550,750.0,550.0,1500.0,-1.0,1.0,True,0.5324522221900497,191.01075237738274,True
safe_grid_750_550,750.0,550.0,1500.0,0.0,-1.0,True,49.3376132290355,191.01075237738274,True
safe_grid_750_550,750.0,550.0,1500.0,0.0,-0.5,True,44.46248151990853,191.01075237738274,True
safe_grid_750_550,750.0,550.0,1500.0,0.0,0.0,True,37.907228116347575,191.01075237738274,True
safe_grid_750_550,750.0,550.0,1500.0,0.0,0.5,True,29.95948015074859,191.01075237738274,True
safe_grid_750_550,750.0,550.0,1500.0,0.0,1.0,True,21.936729748179108,191.01075237738274,True
safe_grid_750_550,750.0,550.0,1500.0,1.0,-1.0,True,62.228981046526094,191.01075237738274,True
safe_grid_750_550,750.0,550.0,1500.0,1.0,-0.5,True,57.212928540362114,191.01075237738274,True
safe_grid_750_550,750.0,550.0,1500.0,1.0,0.0,True,52.21334747152104,191.01075237738274,True
safe_grid_750_550,750.0,550.0,1500.0,1.0,0.5,True,47.27419629225601,191.01075237738274,True
safe_grid_750_550,750.0,550.0,1500.0,1.0,1.0,True,42.46309797628575,191.01075237738274,True
active_weight_0,750.2331031821237,-225.06993112483474,6.0,-1.0,-1.0,True,45.08393901631682,161.65327101683093,True
active_weight_0,750.2331031821237,-225.06993112483474,6.0,-1.0,-0.5,True,37.64503810072423,161.65327101683093,True
active_weight_0,750.2331031821237,-225.06993112483474,6.0,-1.0,0.0,True,26.929155906042286,161.65327101683093,True
active_weight_0,750.2331031821237,-225.06993112483474,6.0,-1.0,0.5,True,15.576595204676673,161.65327101683093,True
active_weight_0,750.2331031821237,-225.06993112483474,6.0,-1.0,1.0,True,3.5269854628285002,161.65327101683093,True
active_weight_0,750.2331031821237,-225.06993112483474,6.0,0.0,-1.0,True,45.08393901631682,161.65327101683093,True
active_weight_0,750.2331031821237,-225.06993112483474,6.0,0.0,-0.5,True,37.64503810072423,161.65327101683093,True
active_weight_0,750.2331031821237,-225.06993112483474,6.0,0.0,0.0,True,26.929155906042286,161.65327101683093,True
active_weight_0,750.2331031821237,-225.06993112483474,6.0,0.0,0.5,True,15.576595204676673,161.65327101683093,True
active_weight_0,750.2331031821237,-225.06993112483474,6.0,0.0,1.0,True,3.5269854628285002,161.65327101683093,True
active_weight_0,750.2331031821237,-225.06993112483474,6.0,1.0,-1.0,True,45.1084168878059,161.65327101683093,True
active_weight_0,750.2331031821237,-225.06993112483474,6.0,1.0,-0.5,True,37.43660301550963,161.65327101683093,True
active_weight_0,750.2331031821237,-225.06993112483474,6.0,1.0,0.0,True,26.708533458410447,161.65327101683093,True
active_weight_0,750.2331031821237,-225.06993112483474,6.0,1.0,0.5,True,15.342647691787274,161.65327101683093,True
active_weight_0,750.2331031821237,-225.06993112483474,6.0,1.0,1.0,True,3.2784291744130165,161.65327101683093,True
active_weight_0,750.2331031821237,-225.06993112483474,20.0,-1.0,-1.0,True,44.291558265100285,161.65327101683093,True
active_weight_0,750.2331031821237,-225.06993112483474,20.0,-1.0,-0.5,True,44.3950327701634,161.65327101683093,True
active_weight_0,750.2331031821237,-225.06993112483474,20.0,-1.0,0.0,True,34.06961588317332,161.65327101683093,True
active_weight_0,750.2331031821237,-225.06993112483474,20.0,-1.0,0.5,True,23.14359542038102,161.65327101683093,True
active_weight_0,750.2331031821237,-225.06993112483474,20.0,-1.0,1.0,True,11.56118133756248,161.65327101683093,True
active_weight_0,750.2331031821237,-225.06993112483474,20.0,0.0,-1.0,True,44.36237955669024,161.65327101683093,True
active_weight_0,750.2331031821237,-225.06993112483474,20.0,0.0,-0.5,True,43.79151220474344,161.65327101683093,True
active_weight_0,750.2331031821237,-225.06993112483474,20.0,0.0,0.0,True,33.43151609639834,161.65327101683093,True
active_weight_0,750.2331031821237,-225.06993112483474,20.0,0.0,0.5,True,22.46775119083171,161.65327101683093,True
active_weight_0,750.2331031821237,-225.06993112483474,20.0,0.0,1.0,True,10.844029411482076,161.65327101683093,True
active_weight_0,750.2331031821237,-225.06993112483474,20.0,1.0,-1.0,True,44.40972648197372,161.65327101683093,True
active_weight_0,750.2331031821237,-225.06993112483474,20.0,1.0,-0.5,True,43.38805912245933,161.65327101683093,True
active_weight_0,750.2331031821237,-225.06993112483474,20.0,1.0,0.0,True,33.00491043226792,161.65327101683093,True
active_weight_0,750.2331031821237,-225.06993112483474,20.0,1.0,0.5,True,22.015870441285298,161.65327101683093,True
active_weight_0,750.2331031821237,-225.06993112483474,20.0,1.0,1.0,True,10.364483744005055,161.65327101683093,True
active_weight_0,750.2331031821237,-225.06993112483474,100.0,-1.0,-1.0,True,39.92145698161497,161.65327101683093,True
active_weight_0,750.2331031821237,-225.06993112483474,100.0,-1.0,-0.5,True,40.8913104590984,161.65327101683093,True
active_weight_0,750.2331031821237,-225.06993112483474,100.0,-1.0,0.0,True,41.91273186529235,161.65327101683093,True
active_weight_0,750.2331031821237,-225.06993112483474,100.0,-1.0,0.5,True,42.98984630627861,161.65327101683093,True
active_weight_0,750.2331031821237,-225.06993112483474,100.0,-1.0,1.0,True,44.12723159003277,161.65327101683093,True
active_weight_0,750.2331031821237,-225.06993112483474,100.0,0.0,-1.0,True,40.18804016276948,161.65327101683093,True
active_weight_0,750.2331031821237,-225.06993112483474,100.0,0.0,-0.5,True,41.17194078387113,161.65327101683093,True
active_weight_0,750.2331031821237,-225.06993112483474,100.0,0.0,0.0,True,42.20852204045427,161.65327101683093,True
active_weight_0,750.2331031821237,-225.06993112483474,100.0,0.0,0.5,True,43.30202992560373,161.65327101683093,True
active_weight_0,750.2331031821237,-225.06993112483474,100.0,0.0,1.0,True,44.457180002518136,161.65327101683093,True
active_weight_0,750.2331031821237,-225.06993112483474,100.0,1.0,-1.0,True,40.45845078006217,161.65327101683093,True
active_weight_0,750.2331031821237,-225.06993112483474,100.0,1.0,-0.5,True,41.45669879275748,161.65327101683093,True
active_weight_0,750.2331031821237,-225.06993112483474,100.0,1.0,0.0,True,42.5087724435644,161.65327101683093,True
active_weight_0,750.2331031821237,-225.06993112483474,100.0,1.0,0.5,True,43.619043072754806,161.65327101683093,True
active_weight_0,750.2331031821237,-225.06993112483474,100.0,1.0,1.0,True,44.792369219020884,161.65327101683093,True
active_weight_0,750.2331031821237,-225.06993112483474,250.0,-1.0,-1.0,True,31.9018632680767,161.65327101683093,True
active_weight_0,750.2331031821237,-225.06993112483474,250.0,-1.0,-0.5,True,32.4938749384577,161.65327101683093,True
active_weight_0,750.2331031821237,-225.06993112483474,250.0,-1.0,0.0,True,33.110843507316126,161.65327101683093,True
active_weight_0,750.2331031821237,-225.06993112483474,250.0,-1.0,0.5,True,33.754314856359,161.65327101683093,True
active_weight_0,750.2331031821237,-225.06993112483474,250.0,-1.0,1.0,True,34.42596577206923,161.65327101683093,True
active_weight_0,750.2331031821237,-225.06993112483474,250.0,0.0,-1.0,True,32.39751441409777,161.65327101683093,True
active_weight_0,750.2331031821237,-225.06993112483474,250.0,0.0,-0.5,True,33.01038921396591,161.65327101683093,True
active_weight_0,750.2331031821237,-225.06993112483474,250.0,0.0,0.0,True,33.6495109996359,161.65327101683093,True
active_weight_0,750.2331031821237,-225.06993112483474,250.0,0.0,0.5,True,34.31653470748403,161.65327101683093,True
active_weight_0,750.2331031821237,-225.06993112483474,250.0,0.0,1.0,True,35.013257938532895,161.65327101683093,True
active_weight_0,750.2331031821237,-225.06993112483474,250.0,1.0,-1.0,True,32.89818064957061,161.65327101683093,True
active_weight_0,750.2331031821237,-225.06993112483474,250.0,1.0,-0.5,True,33.532459755649924,161.65327101683093,True
active_weight_0,750.2331031821237,-225.06993112483474,250.0,1.0,0.0,True,34.19433279187473,161.65327101683093,True
active_weight_0,750.2331031821237,-225.06993112483474,250.0,1.0,0.5,True,34.88557057788509,161.65327101683093,True
active_weight_0,750.2331031821237,-225.06993112483474,250.0,1.0,1.0,True,35.6080993219933,161.65327101683093,True
active_weight_0,750.2331031821237,-225.06993112483474,500.0,-1.0,-1.0,True,19.85431243314703,161.65327101683093,True
active_weight_0,750.2331031821237,-225.06993112483474,500.0,-1.0,-0.5,True,20.035814912600937,161.65327101683093,True
active_weight_0,750.2331031821237,-225.06993112483474,500.0,-1.0,0.0,True,20.222220705276193,161.65327101683093,True
active_weight_0,750.2331031821237,-225.06993112483474,500.0,-1.0,0.5,True,20.413696752512035,161.65327101683093,True
active_weight_0,750.2331031821237,-225.06993112483474,500.0,-1.0,1.0,True,20.610418046847887,161.65327101683093,True
active_weight_0,750.2331031821237,-225.06993112483474,500.0,0.0,-1.0,True,20.25251170336392,161.65327101683093,True
active_weight_0,750.2331031821237,-225.06993112483474,500.0,0.0,-0.5,True,20.444815014838277,161.65327101683093,True
active_weight_0,750.2331031821237,-225.06993112483474,500.0,0.0,0.0,True,20.642392351136568,161.65327101683093,True
active_weight_0,750.2331031821237,-225.06993112483474,500.0,0.0,0.5,True,20.845428651141614,161.65327101683093,True
active_weight_0,750.2331031821237,-225.06993112483474,500.0,0.0,1.0,True,21.05411799184614,161.65327101683093,True
active_weight_0,750.2331031821237,-225.06993112483474,500.0,1.0,-1.0,True,20.69464896027566,161.65327101683093,True
active_weight_0,750.2331031821237,-225.06993112483474,500.0,1.0,-0.5,True,20.899135998916123,161.65327101683093,True
active_weight_0,750.2331031821237,-225.06993112483474,500.0,1.0,0.0,True,21.109328103600124,161.65327101683093,True
active_weight_0,750.2331031821237,-225.06993112483474,500.0,1.0,0.5,True,21.325431671704887,161.65327101683093,True
active_weight_0,750.2331031821237,-225.06993112483474,500.0,1.0,1.0,True,21.54766357116422,161.65327101683093,True
active_weight_0,750.2331031821237,-225.06993112483474,750.0,-1.0,-1.0,True,13.937030901581581,161.65327101683093,True
active_weight_0,750.2331031821237,-225.06993112483474,750.0,-1.0,-0.5,True,13.86916179462647,161.65327101683093,True
active_weight_0,750.2331031821237,-225.06993112483474,750.0,-1.0,0.0,True,13.812352797758424,161.65327101683093,True
active_weight_0,750.2331031821237,-225.06993112483474,750.0,-1.0,0.5,True,13.809490963805748,161.65327101683093,True
active_weight_0,750.2331031821237,-225.06993112483474,750.0,-1.0,1.0,True,13.80873355194598,161.65327101683093,True
active_weight_0,750.2331031821237,-225.06993112483474,750.0,0.0,-1.0,True,13.939768991827084,161.65327101683093,True
active_weight_0,750.2331031821237,-225.06993112483474,750.0,0.0,-0.5,True,13.871855190632653,161.65327101683093,True
active_weight_0,750.2331031821237,-225.06993112483474,750.0,0.0,0.0,True,13.812511063417105,161.65327101683093,True
active_weight_0,750.2331031821237,-225.06993112483474,750.0,0.0,0.5,True,13.809565024832374,161.65327101683093,True
active_weight_0,750.2331031821237,-225.06993112483474,750.0,0.0,1.0,True,13.808723453490979,161.65327101683093,True
active_weight_0,750.2331031821237,-225.06993112483474,750.0,1.0,-1.0,True,13.935662534348994,161.65327101683093,True
active_weight_0,750.2331031821237,-225.06993112483474,750.0,1.0,-0.5,True,13.867815759199244,161.65327101683093,True
active_weight_0,750.2331031821237,-225.06993112483474,750.0,1.0,0.0,True,13.812274928574663,161.65327101683093,True
active_weight_0,750.2331031821237,-225.06993112483474,750.0,1.0,0.5,True,13.809455195886086,161.65327101683093,True
active_weight_0,750.2331031821237,-225.06993112483474,750.0,1.0,1.0,True,13.808739863484917,161.65327101683093,True
active_weight_0,750.2331031821237,-225.06993112483474,1000.0,-1.0,-1.0,True,32.28497783818048,161.65327101683093,True
active_weight_0,750.2331031821237,-225.06993112483474,1000.0,-1.0,-0.5,True,31.777817270969283,161.65327101683093,True
active_weight_0,750.2331031821237,-225.06993112483474,1000.0,-1.0,0.0,True,31.286118716185943,161.65327101683093,True
active_weight_0,750.2331031821237,-225.06993112483474,1000.0,-1.0,0.5,True,30.809242472228366,161.65327101683093,True
active_weight_0,750.2331031821237,-225.06993112483474,1000.0,-1.0,1.0,True,30.34658254396119,161.65327101683093,True
active_weight_0,750.2331031821237,-225.06993112483474,1000.0,0.0,-1.0,True,34.658913186450164,161.65327101683093,True
active_weight_0,750.2331031821237,-225.06993112483474,1000.0,0.0,-0.5,True,34.07706327675773,161.65327101683093,True
active_weight_0,750.2331031821237,-225.06993112483474,1000.0,0.0,0.0,True,33.513869457206,161.65327101683093,True
active_weight_0,750.2331031821237,-225.06993112483474,1000.0,0.0,0.5,True,32.96851821443706,161.65327101683093,True
active_weight_0,750.2331031821237,-225.06993112483474,1000.0,0.0,1.0,True,32.44024113656385,161.65327101683093,True
active_weight_0,750.2331031821237,-225.06993112483474,1000.0,1.0,-1.0,True,37.56006411535836,161.65327101683093,True
active_weight_0,750.2331031821237,-225.06993112483474,1000.0,1.0,-0.5,True,36.88186886127122,161.65327101683093,True
active_weight_0,750.2331031821237,-225.06993112483474,1000.0,1.0,0.0,True,36.2266870299145,161.65327101683093,True
active_weight_0,750.2331031821237,-225.06993112483474,1000.0,1.0,0.5,True,35.59345478606073,161.65327101683093,True
active_weight_0,750.2331031821237,-225.06993112483474,1000.0,1.0,1.0,True,34.98117070260514,161.65327101683093,True
active_weight_0,750.2331031821237,-225.06993112483474,1250.0,-1.0,-1.0,True,71.2805208702407,161.65327101683093,True
active_weight_0,750.2331031821237,-225.06993112483474,1250.0,-1.0,-0.5,True,69.1207702585418,161.65327101683093,True
active_weight_0,750.2331031821237,-225.06993112483474,1250.0,-1.0,0.0,True,67.07402520984459,161.65327101683093,True
active_weight_0,750.2331031821237,-225.06993112483474,1250.0,-1.0,0.5,True,65.13225114919531,161.65327101683093,True
active_weight_0,750.2331031821237,-225.06993112483474,1250.0,-1.0,1.0,True,63.288129076529195,161.65327101683093,True
active_weight_0,750.2331031821237,-225.06993112483474,1250.0,0.0,-1.0,True,81.57669542132716,161.65327101683093,True
active_weight_0,750.2331031821237,-225.06993112483474,1250.0,0.0,-0.5,True,78.8475775325226,161.65327101683093,True
active_weight_0,750.2331031821237,-225.06993112483474,1250.0,0.0,0.0,True,76.27421089150724,161.65327101683093,True
active_weight_0,750.2331031821237,-225.06993112483474,1250.0,0.0,0.5,True,73.8445453278514,161.65327101683093,True
active_weight_0,750.2331031821237,-225.06993112483474,1250.0,0.0,1.0,True,71.54769556378528,161.65327101683093,True
active_weight_0,750.2331031821237,-225.06993112483474,1250.0,1.0,-1.0,True,95.07031952526407,161.65327101683093,True
active_weight_0,750.2331031821237,-225.06993112483474,1250.0,1.0,-0.5,True,91.52218474026894,161.65327101683093,True
active_weight_0,750.2331031821237,-225.06993112483474,1250.0,1.0,0.0,True,88.19711548542304,161.65327101683093,True
active_weight_0,750.2331031821237,-225.06993112483474,1250.0,1.0,0.5,True,85.07615679511078,161.65327101683093,True
active_weight_0,750.2331031821237,-225.06993112483474,1250.0,1.0,1.0,True,82.14236054694227,161.65327101683093,True
active_weight_0,750.2331031821237,-225.06993112483474,1500.0,-1.0,-1.0,True,78.91867160576052,161.65327101683093,True
active_weight_0,750.2331031821237,-225.06993112483474,1500.0,-1.0,-0.5,True,86.56115596436261,161.65327101683093,True
active_weight_0,750.2331031821237,-225.06993112483474,1500.0,-1.0,0.0,True,93.90289289427966,161.65327101683093,True
active_weight_0,750.2331031821237,-225.06993112483474,1500.0,-1.0,0.5,True,100.95746974723248,161.65327101683093,True
active_weight_0,750.2331031821237,-225.06993112483474,1500.0,-1.0,1.0,True,107.73358985440562,161.65327101683093,True
active_weight_0,750.2331031821237,-225.06993112483474,1500.0,0.0,-1.0,True,43.674744851451706,161.65327101683093,True
active_weight_0,750.2331031821237,-225.06993112483474,1500.0,0.0,-0.5,True,53.93905363498384,161.65327101683093,True
active_weight_0,750.2331031821237,-225.06993112483474,1500.0,0.0,0.0,True,63.74430914517313,161.65327101683093,True
active_weight_0,750.2331031821237,-225.06993112483474,1500.0,0.0,0.5,True,73.12326870392532,161.65327101683093,True
active_weight_0,750.2331031821237,-225.06993112483474,1500.0,0.0,1.0,True,81.70980531775811,161.65327101683093,True
active_weight_0,750.2331031821237,-225.06993112483474,1500.0,1.0,-1.0,True,0.825550501760953,161.65327101683093,True
active_weight_0,750.2331031821237,-225.06993112483474,1500.0,1.0,-0.5,True,13.248726368770246,161.65327101683093,True
active_weight_0,750.2331031821237,-225.06993112483474,1500.0,1.0,0.0,True,25.014613966687733,161.65327101683093,True
active_weight_0,750.2331031821237,-225.06993112483474,1500.0,1.0,0.5,True,36.18324616598362,161.65327101683093,True
active_weight_0,750.2331031821237,-225.06993112483474,1500.0,1.0,1.0,True,46.80650587693098,161.65327101683093,True
active_weight_0.08,750.2331031821237,-225.06993112483474,6.0,-1.0,-1.0,True,45.08393901631682,161.65327101683093,True
active_weight_0.08,750.2331031821237,-225.06993112483474,6.0,-1.0,-0.5,True,37.64503810072423,161.65327101683093,True
active_weight_0.08,750.2331031821237,-225.06993112483474,6.0,-1.0,0.0,True,26.929155906042286,161.65327101683093,True
active_weight_0.08,750.2331031821237,-225.06993112483474,6.0,-1.0,0.5,True,15.576595204676673,161.65327101683093,True
active_weight_0.08,750.2331031821237,-225.06993112483474,6.0,-1.0,1.0,True,3.5269854628285002,161.65327101683093,True
active_weight_0.08,750.2331031821237,-225.06993112483474,6.0,0.0,-1.0,True,45.08393901631682,161.65327101683093,True
active_weight_0.08,750.2331031821237,-225.06993112483474,6.0,0.0,-0.5,True,37.64503810072423,161.65327101683093,True
active_weight_0.08,750.2331031821237,-225.06993112483474,6.0,0.0,0.0,True,26.929155906042286,161.65327101683093,True
active_weight_0.08,750.2331031821237,-225.06993112483474,6.0,0.0,0.5,True,15.576595204676673,161.65327101683093,True
active_weight_0.08,750.2331031821237,-225.06993112483474,6.0,0.0,1.0,True,3.5269854628285002,161.65327101683093,True
active_weight_0.08,750.2331031821237,-225.06993112483474,6.0,1.0,-1.0,True,45.1084168878059,161.65327101683093,True
active_weight_0.08,750.2331031821237,-225.06993112483474,6.0,1.0,-0.5,True,37.43660301550963,161.65327101683093,True
active_weight_0.08,750.2331031821237,-225.06993112483474,6.0,1.0,0.0,True,26.708533458410447,161.65327101683093,True
active_weight_0.08,750.2331031821237,-225.06993112483474,6.0,1.0,0.5,True,15.342647691787274,161.65327101683093,True
active_weight_0.08,750.2331031821237,-225.06993112483474,6.0,1.0,1.0,True,3.2784291744130165,161.65327101683093,True
active_weight_0.08,750.2331031821237,-225.06993112483474,20.0,-1.0,-1.0,True,44.291558265100285,161.65327101683093,True
active_weight_0.08,750.2331031821237,-225.06993112483474,20.0,-1.0,-0.5,True,44.3950327701634,161.65327101683093,True
active_weight_0.08,750.2331031821237,-225.06993112483474,20.0,-1.0,0.0,True,34.06961588317332,161.65327101683093,True
active_weight_0.08,750.2331031821237,-225.06993112483474,20.0,-1.0,0.5,True,23.14359542038102,161.65327101683093,True
active_weight_0.08,750.2331031821237,-225.06993112483474,20.0,-1.0,1.0,True,11.56118133756248,161.65327101683093,True
active_weight_0.08,750.2331031821237,-225.06993112483474,20.0,0.0,-1.0,True,44.36237955669024,161.65327101683093,True
active_weight_0.08,750.2331031821237,-225.06993112483474,20.0,0.0,-0.5,True,43.79151220474344,161.65327101683093,True
active_weight_0.08,750.2331031821237,-225.06993112483474,20.0,0.0,0.0,True,33.43151609639834,161.65327101683093,True
active_weight_0.08,750.2331031821237,-225.06993112483474,20.0,0.0,0.5,True,22.46775119083171,161.65327101683093,True
active_weight_0.08,750.2331031821237,-225.06993112483474,20.0,0.0,1.0,True,10.844029411482076,161.65327101683093,True
active_weight_0.08,750.2331031821237,-225.06993112483474,20.0,1.0,-1.0,True,44.40972648197372,161.65327101683093,True
active_weight_0.08,750.2331031821237,-225.06993112483474,20.0,1.0,-0.5,True,43.38805912245933,161.65327101683093,True
active_weight_0.08,750.2331031821237,-225.06993112483474,20.0,1.0,0.0,True,33.00491043226792,161.65327101683093,True
active_weight_0.08,750.2331031821237,-225.06993112483474,20.0,1.0,0.5,True,22.015870441285298,161.65327101683093,True
active_weight_0.08,750.2331031821237,-225.06993112483474,20.0,1.0,1.0,True,10.364483744005055,161.65327101683093,True
active_weight_0.08,750.2331031821237,-225.06993112483474,100.0,-1.0,-1.0,True,39.92145698161497,161.65327101683093,True
active_weight_0.08,750.2331031821237,-225.06993112483474,100.0,-1.0,-0.5,True,40.8913104590984,161.65327101683093,True
active_weight_0.08,750.2331031821237,-225.06993112483474,100.0,-1.0,0.0,True,41.91273186529235,161.65327101683093,True
active_weight_0.08,750.2331031821237,-225.06993112483474,100.0,-1.0,0.5,True,42.98984630627861,161.65327101683093,True
active_weight_0.08,750.2331031821237,-225.06993112483474,100.0,-1.0,1.0,True,44.12723159003277,161.65327101683093,True
active_weight_0.08,750.2331031821237,-225.06993112483474,100.0,0.0,-1.0,True,40.18804016276948,161.65327101683093,True
active_weight_0.08,750.2331031821237,-225.06993112483474,100.0,0.0,-0.5,True,41.17194078387113,161.65327101683093,True
active_weight_0.08,750.2331031821237,-225.06993112483474,100.0,0.0,0.0,True,42.20852204045427,161.65327101683093,True
active_weight_0.08,750.2331031821237,-225.06993112483474,100.0,0.0,0.5,True,43.30202992560373,161.65327101683093,True
active_weight_0.08,750.2331031821237,-225.06993112483474,100.0,0.0,1.0,True,44.457180002518136,161.65327101683093,True
active_weight_0.08,750.2331031821237,-225.06993112483474,100.0,1.0,-1.0,True,40.45845078006217,161.65327101683093,True
active_weight_0.08,750.2331031821237,-225.06993112483474,100.0,1.0,-0.5,True,41.45669879275748,161.65327101683093,True
active_weight_0.08,750.2331031821237,-225.06993112483474,100.0,1.0,0.0,True,42.5087724435644,161.65327101683093,True
active_weight_0.08,750.2331031821237,-225.06993112483474,100.0,1.0,0.5,True,43.619043072754806,161.65327101683093,True
active_weight_0.08,750.2331031821237,-225.06993112483474,100.0,1.0,1.0,True,44.792369219020884,161.65327101683093,True
active_weight_0.08,750.2331031821237,-225.06993112483474,250.0,-1.0,-1.0,True,31.9018632680767,161.65327101683093,True
active_weight_0.08,750.2331031821237,-225.06993112483474,250.0,-1.0,-0.5,True,32.4938749384577,161.65327101683093,True
active_weight_0.08,750.2331031821237,-225.06993112483474,250.0,-1.0,0.0,True,33.110843507316126,161.65327101683093,True
active_weight_0.08,750.2331031821237,-225.06993112483474,250.0,-1.0,0.5,True,33.754314856359,161.65327101683093,True
active_weight_0.08,750.2331031821237,-225.06993112483474,250.0,-1.0,1.0,True,34.42596577206923,161.65327101683093,True
active_weight_0.08,750.2331031821237,-225.06993112483474,250.0,0.0,-1.0,True,32.39751441409777,161.65327101683093,True
active_weight_0.08,750.2331031821237,-225.06993112483474,250.0,0.0,-0.5,True,33.01038921396591,161.65327101683093,True
active_weight_0.08,750.2331031821237,-225.06993112483474,250.0,0.0,0.0,True,33.6495109996359,161.65327101683093,True
active_weight_0.08,750.2331031821237,-225.06993112483474,250.0,0.0,0.5,True,34.31653470748403,161.65327101683093,True
active_weight_0.08,750.2331031821237,-225.06993112483474,250.0,0.0,1.0,True,35.013257938532895,161.65327101683093,True
active_weight_0.08,750.2331031821237,-225.06993112483474,250.0,1.0,-1.0,True,32.89818064957061,161.65327101683093,True
active_weight_0.08,750.2331031821237,-225.06993112483474,250.0,1.0,-0.5,True,33.532459755649924,161.65327101683093,True
active_weight_0.08,750.2331031821237,-225.06993112483474,250.0,1.0,0.0,True,34.19433279187473,161.65327101683093,True
active_weight_0.08,750.2331031821237,-225.06993112483474,250.0,1.0,0.5,True,34.88557057788509,161.65327101683093,True
active_weight_0.08,750.2331031821237,-225.06993112483474,250.0,1.0,1.0,True,35.6080993219933,161.65327101683093,True
active_weight_0.08,750.2331031821237,-225.06993112483474,500.0,-1.0,-1.0,True,19.85431243314703,161.65327101683093,True
active_weight_0.08,750.2331031821237,-225.06993112483474,500.0,-1.0,-0.5,True,20.035814912600937,161.65327101683093,True
active_weight_0.08,750.2331031821237,-225.06993112483474,500.0,-1.0,0.0,True,20.222220705276193,161.65327101683093,True
active_weight_0.08,750.2331031821237,-225.06993112483474,500.0,-1.0,0.5,True,20.413696752512035,161.65327101683093,True
active_weight_0.08,750.2331031821237,-225.06993112483474,500.0,-1.0,1.0,True,20.610418046847887,161.65327101683093,True
active_weight_0.08,750.2331031821237,-225.06993112483474,500.0,0.0,-1.0,True,20.25251170336392,161.65327101683093,True
active_weight_0.08,750.2331031821237,-225.06993112483474,500.0,0.0,-0.5,True,20.444815014838277,161.65327101683093,True
active_weight_0.08,750.2331031821237,-225.06993112483474,500.0,0.0,0.0,True,20.642392351136568,161.65327101683093,True
active_weight_0.08,750.2331031821237,-225.06993112483474,500.0,0.0,0.5,True,20.845428651141614,161.65327101683093,True
active_weight_0.08,750.2331031821237,-225.06993112483474,500.0,0.0,1.0,True,21.05411799184614,161.65327101683093,True
active_weight_0.08,750.2331031821237,-225.06993112483474,500.0,1.0,-1.0,True,20.69464896027566,161.65327101683093,True
active_weight_0.08,750.2331031821237,-225.06993112483474,500.0,1.0,-0.5,True,20.899135998916123,161.65327101683093,True
active_weight_0.08,750.2331031821237,-225.06993112483474,500.0,1.0,0.0,True,21.109328103600124,161.65327101683093,True
active_weight_0.08,750.2331031821237,-225.06993112483474,500.0,1.0,0.5,True,21.325431671704887,161.65327101683093,True
active_weight_0.08,750.2331031821237,-225.06993112483474,500.0,1.0,1.0,True,21.54766357116422,161.65327101683093,True
active_weight_0.08,750.2331031821237,-225.06993112483474,750.0,-1.0,-1.0,True,13.937030901581581,161.65327101683093,True
active_weight_0.08,750.2331031821237,-225.06993112483474,750.0,-1.0,-0.5,True,13.86916179462647,161.65327101683093,True
active_weight_0.08,750.2331031821237,-225.06993112483474,750.0,-1.0,0.0,True,13.812352797758424,161.65327101683093,True
active_weight_0.08,750.2331031821237,-225.06993112483474,750.0,-1.0,0.5,True,13.809490963805748,161.65327101683093,True
active_weight_0.08,750.2331031821237,-225.06993112483474,750.0,-1.0,1.0,True,13.80873355194598,161.65327101683093,True
active_weight_0.08,750.2331031821237,-225.06993112483474,750.0,0.0,-1.0,True,13.939768991827084,161.65327101683093,True
active_weight_0.08,750.2331031821237,-225.06993112483474,750.0,0.0,-0.5,True,13.871855190632653,161.65327101683093,True
active_weight_0.08,750.2331031821237,-225.06993112483474,750.0,0.0,0.0,True,13.812511063417105,161.65327101683093,True
active_weight_0.08,750.2331031821237,-225.06993112483474,750.0,0.0,0.5,True,13.809565024832374,161.65327101683093,True
active_weight_0.08,750.2331031821237,-225.06993112483474,750.0,0.0,1.0,True,13.808723453490979,161.65327101683093,True
active_weight_0.08,750.2331031821237,-225.06993112483474,750.0,1.0,-1.0,True,13.935662534348994,161.65327101683093,True
active_weight_0.08,750.2331031821237,-225.06993112483474,750.0,1.0,-0.5,True,13.867815759199244,161.65327101683093,True
active_weight_0.08,750.2331031821237,-225.06993112483474,750.0,1.0,0.0,True,13.812274928574663,161.65327101683093,True
active_weight_0.08,750.2331031821237,-225.06993112483474,750.0,1.0,0.5,True,13.809455195886086,161.65327101683093,True
active_weight_0.08,750.2331031821237,-225.06993112483474,750.0,1.0,1.0,True,13.808739863484917,161.65327101683093,True
active_weight_0.08,750.2331031821237,-225.06993112483474,1000.0,-1.0,-1.0,True,32.28497783818048,161.65327101683093,True
active_weight_0.08,750.2331031821237,-225.06993112483474,1000.0,-1.0,-0.5,True,31.777817270969283,161.65327101683093,True
active_weight_0.08,750.2331031821237,-225.06993112483474,1000.0,-1.0,0.0,True,31.286118716185943,161.65327101683093,True
active_weight_0.08,750.2331031821237,-225.06993112483474,1000.0,-1.0,0.5,True,30.809242472228366,161.65327101683093,True
active_weight_0.08,750.2331031821237,-225.06993112483474,1000.0,-1.0,1.0,True,30.34658254396119,161.65327101683093,True
active_weight_0.08,750.2331031821237,-225.06993112483474,1000.0,0.0,-1.0,True,34.658913186450164,161.65327101683093,True
active_weight_0.08,750.2331031821237,-225.06993112483474,1000.0,0.0,-0.5,True,34.07706327675773,161.65327101683093,True
active_weight_0.08,750.2331031821237,-225.06993112483474,1000.0,0.0,0.0,True,33.513869457206,161.65327101683093,True
active_weight_0.08,750.2331031821237,-225.06993112483474,1000.0,0.0,0.5,True,32.96851821443706,161.65327101683093,True
active_weight_0.08,750.2331031821237,-225.06993112483474,1000.0,0.0,1.0,True,32.44024113656385,161.65327101683093,True
active_weight_0.08,750.2331031821237,-225.06993112483474,1000.0,1.0,-1.0,True,37.56006411535836,161.65327101683093,True
active_weight_0.08,750.2331031821237,-225.06993112483474,1000.0,1.0,-0.5,True,36.88186886127122,161.65327101683093,True
active_weight_0.08,750.2331031821237,-225.06993112483474,1000.0,1.0,0.0,True,36.2266870299145,161.65327101683093,True
active_weight_0.08,750.2331031821237,-225.06993112483474,1000.0,1.0,0.5,True,35.59345478606073,161.65327101683093,True
active_weight_0.08,750.2331031821237,-225.06993112483474,1000.0,1.0,1.0,True,34.98117070260514,161.65327101683093,True
active_weight_0.08,750.2331031821237,-225.06993112483474,1250.0,-1.0,-1.0,True,71.2805208702407,161.65327101683093,True
active_weight_0.08,750.2331031821237,-225.06993112483474,1250.0,-1.0,-0.5,True,69.1207702585418,161.65327101683093,True
active_weight_0.08,750.2331031821237,-225.06993112483474,1250.0,-1.0,0.0,True,67.07402520984459,161.65327101683093,True
active_weight_0.08,750.2331031821237,-225.06993112483474,1250.0,-1.0,0.5,True,65.13225114919531,161.65327101683093,True
active_weight_0.08,750.2331031821237,-225.06993112483474,1250.0,-1.0,1.0,True,63.288129076529195,161.65327101683093,True
active_weight_0.08,750.2331031821237,-225.06993112483474,1250.0,0.0,-1.0,True,81.57669542132716,161.65327101683093,True
active_weight_0.08,750.2331031821237,-225.06993112483474,1250.0,0.0,-0.5,True,78.8475775325226,161.65327101683093,True
active_weight_0.08,750.2331031821237,-225.06993112483474,1250.0,0.0,0.0,True,76.27421089150724,161.65327101683093,True
active_weight_0.08,750.2331031821237,-225.06993112483474,1250.0,0.0,0.5,True,73.8445453278514,161.65327101683093,True
active_weight_0.08,750.2331031821237,-225.06993112483474,1250.0,0.0,1.0,True,71.54769556378528,161.65327101683093,True
active_weight_0.08,750.2331031821237,-225.06993112483474,1250.0,1.0,-1.0,True,95.07031952526407,161.65327101683093,True
active_weight_0.08,750.2331031821237,-225.06993112483474,1250.0,1.0,-0.5,True,91.52218474026894,161.65327101683093,True
active_weight_0.08,750.2331031821237,-225.06993112483474,1250.0,1.0,0.0,True,88.19711548542304,161.65327101683093,True
active_weight_0.08,750.2331031821237,-225.06993112483474,1250.0,1.0,0.5,True,85.07615679511078,161.65327101683093,True
active_weight_0.08,750.2331031821237,-225.06993112483474,1250.0,1.0,1.0,True,82.14236054694227,161.65327101683093,True
active_weight_0.08,750.2331031821237,-225.06993112483474,1500.0,-1.0,-1.0,True,78.91867160576052,161.65327101683093,True
active_weight_0.08,750.2331031821237,-225.06993112483474,1500.0,-1.0,-0.5,True,86.56115596436261,161.65327101683093,True
active_weight_0.08,750.2331031821237,-225.06993112483474,1500.0,-1.0,0.0,True,93.90289289427966,161.65327101683093,True
active_weight_0.08,750.2331031821237,-225.06993112483474,1500.0,-1.0,0.5,True,100.95746974723248,161.65327101683093,True
active_weight_0.08,750.2331031821237,-225.06993112483474,1500.0,-1.0,1.0,True,107.73358985440562,161.65327101683093,True
active_weight_0.08,750.2331031821237,-225.06993112483474,1500.0,0.0,-1.0,True,43.674744851451706,161.65327101683093,True
active_weight_0.08,750.2331031821237,-225.06993112483474,1500.0,0.0,-0.5,True,53.93905363498384,161.65327101683093,True
active_weight_0.08,750.2331031821237,-225.06993112483474,1500.0,0.0,0.0,True,63.74430914517313,161.65327101683093,True
active_weight_0.08,750.2331031821237,-225.06993112483474,1500.0,0.0,0.5,True,73.12326870392532,161.65327101683093,True
active_weight_0.08,750.2331031821237,-225.06993112483474,1500.0,0.0,1.0,True,81.70980531775811,161.65327101683093,True
active_weight_0.08,750.2331031821237,-225.06993112483474,1500.0,1.0,-1.0,True,0.825550501760953,161.65327101683093,True
active_weight_0.08,750.2331031821237,-225.06993112483474,1500.0,1.0,-0.5,True,13.248726368770246,161.65327101683093,True
active_weight_0.08,750.2331031821237,-225.06993112483474,1500.0,1.0,0.0,True,25.014613966687733,161.65327101683093,True
active_weight_0.08,750.2331031821237,-225.06993112483474,1500.0,1.0,0.5,True,36.18324616598362,161.65327101683093,True
active_weight_0.08,750.2331031821237,-225.06993112483474,1500.0,1.0,1.0,True,46.80650587693098,161.65327101683093,True
active_weight_0.4,750.2331031821237,-225.06993112483474,6.0,-1.0,-1.0,True,45.08393901631682,161.65327101683093,True
active_weight_0.4,750.2331031821237,-225.06993112483474,6.0,-1.0,-0.5,True,37.64503810072423,161.65327101683093,True
active_weight_0.4,750.2331031821237,-225.06993112483474,6.0,-1.0,0.0,True,26.929155906042286,161.65327101683093,True
active_weight_0.4,750.2331031821237,-225.06993112483474,6.0,-1.0,0.5,True,15.576595204676673,161.65327101683093,True
active_weight_0.4,750.2331031821237,-225.06993112483474,6.0,-1.0,1.0,True,3.5269854628285002,161.65327101683093,True
active_weight_0.4,750.2331031821237,-225.06993112483474,6.0,0.0,-1.0,True,45.08393901631682,161.65327101683093,True
active_weight_0.4,750.2331031821237,-225.06993112483474,6.0,0.0,-0.5,True,37.64503810072423,161.65327101683093,True
active_weight_0.4,750.2331031821237,-225.06993112483474,6.0,0.0,0.0,True,26.929155906042286,161.65327101683093,True
active_weight_0.4,750.2331031821237,-225.06993112483474,6.0,0.0,0.5,True,15.576595204676673,161.65327101683093,True
active_weight_0.4,750.2331031821237,-225.06993112483474,6.0,0.0,1.0,True,3.5269854628285002,161.65327101683093,True
active_weight_0.4,750.2331031821237,-225.06993112483474,6.0,1.0,-1.0,True,45.1084168878059,161.65327101683093,True
active_weight_0.4,750.2331031821237,-225.06993112483474,6.0,1.0,-0.5,True,37.43660301550963,161.65327101683093,True
active_weight_0.4,750.2331031821237,-225.06993112483474,6.0,1.0,0.0,True,26.708533458410447,161.65327101683093,True
active_weight_0.4,750.2331031821237,-225.06993112483474,6.0,1.0,0.5,True,15.342647691787274,161.65327101683093,True
active_weight_0.4,750.2331031821237,-225.06993112483474,6.0,1.0,1.0,True,3.2784291744130165,161.65327101683093,True
active_weight_0.4,750.2331031821237,-225.06993112483474,20.0,-1.0,-1.0,True,44.291558265100285,161.65327101683093,True
active_weight_0.4,750.2331031821237,-225.06993112483474,20.0,-1.0,-0.5,True,44.3950327701634,161.65327101683093,True
active_weight_0.4,750.2331031821237,-225.06993112483474,20.0,-1.0,0.0,True,34.06961588317332,161.65327101683093,True
active_weight_0.4,750.2331031821237,-225.06993112483474,20.0,-1.0,0.5,True,23.14359542038102,161.65327101683093,True
active_weight_0.4,750.2331031821237,-225.06993112483474,20.0,-1.0,1.0,True,11.56118133756248,161.65327101683093,True
active_weight_0.4,750.2331031821237,-225.06993112483474,20.0,0.0,-1.0,True,44.36237955669024,161.65327101683093,True
active_weight_0.4,750.2331031821237,-225.06993112483474,20.0,0.0,-0.5,True,43.79151220474344,161.65327101683093,True
active_weight_0.4,750.2331031821237,-225.06993112483474,20.0,0.0,0.0,True,33.43151609639834,161.65327101683093,True
active_weight_0.4,750.2331031821237,-225.06993112483474,20.0,0.0,0.5,True,22.46775119083171,161.65327101683093,True
active_weight_0.4,750.2331031821237,-225.06993112483474,20.0,0.0,1.0,True,10.844029411482076,161.65327101683093,True
active_weight_0.4,750.2331031821237,-225.06993112483474,20.0,1.0,-1.0,True,44.40972648197372,161.65327101683093,True
active_weight_0.4,750.2331031821237,-225.06993112483474,20.0,1.0,-0.5,True,43.38805912245933,161.65327101683093,True
active_weight_0.4,750.2331031821237,-225.06993112483474,20.0,1.0,0.0,True,33.00491043226792,161.65327101683093,True
active_weight_0.4,750.2331031821237,-225.06993112483474,20.0,1.0,0.5,True,22.015870441285298,161.65327101683093,True
active_weight_0.4,750.2331031821237,-225.06993112483474,20.0,1.0,1.0,True,10.364483744005055,161.65327101683093,True
active_weight_0.4,750.2331031821237,-225.06993112483474,100.0,-1.0,-1.0,True,39.92145698161497,161.65327101683093,True
active_weight_0.4,750.2331031821237,-225.06993112483474,100.0,-1.0,-0.5,True,40.8913104590984,161.65327101683093,True
active_weight_0.4,750.2331031821237,-225.06993112483474,100.0,-1.0,0.0,True,41.91273186529235,161.65327101683093,True
active_weight_0.4,750.2331031821237,-225.06993112483474,100.0,-1.0,0.5,True,42.98984630627861,161.65327101683093,True
active_weight_0.4,750.2331031821237,-225.06993112483474,100.0,-1.0,1.0,True,44.12723159003277,161.65327101683093,True
active_weight_0.4,750.2331031821237,-225.06993112483474,100.0,0.0,-1.0,True,40.18804016276948,161.65327101683093,True
active_weight_0.4,750.2331031821237,-225.06993112483474,100.0,0.0,-0.5,True,41.17194078387113,161.65327101683093,True
active_weight_0.4,750.2331031821237,-225.06993112483474,100.0,0.0,0.0,True,42.20852204045427,161.65327101683093,True
active_weight_0.4,750.2331031821237,-225.06993112483474,100.0,0.0,0.5,True,43.30202992560373,161.65327101683093,True
active_weight_0.4,750.2331031821237,-225.06993112483474,100.0,0.0,1.0,True,44.457180002518136,161.65327101683093,True
active_weight_0.4,750.2331031821237,-225.06993112483474,100.0,1.0,-1.0,True,40.45845078006217,161.65327101683093,True
active_weight_0.4,750.2331031821237,-225.06993112483474,100.0,1.0,-0.5,True,41.45669879275748,161.65327101683093,True
active_weight_0.4,750.2331031821237,-225.06993112483474,100.0,1.0,0.0,True,42.5087724435644,161.65327101683093,True
active_weight_0.4,750.2331031821237,-225.06993112483474,100.0,1.0,0.5,True,43.619043072754806,161.65327101683093,True
active_weight_0.4,750.2331031821237,-225.06993112483474,100.0,1.0,1.0,True,44.792369219020884,161.65327101683093,True
active_weight_0.4,750.2331031821237,-225.06993112483474,250.0,-1.0,-1.0,True,31.9018632680767,161.65327101683093,True
active_weight_0.4,750.2331031821237,-225.06993112483474,250.0,-1.0,-0.5,True,32.4938749384577,161.65327101683093,True
active_weight_0.4,750.2331031821237,-225.06993112483474,250.0,-1.0,0.0,True,33.110843507316126,161.65327101683093,True
active_weight_0.4,750.2331031821237,-225.06993112483474,250.0,-1.0,0.5,True,33.754314856359,161.65327101683093,True
active_weight_0.4,750.2331031821237,-225.06993112483474,250.0,-1.0,1.0,True,34.42596577206923,161.65327101683093,True
active_weight_0.4,750.2331031821237,-225.06993112483474,250.0,0.0,-1.0,True,32.39751441409777,161.65327101683093,True
active_weight_0.4,750.2331031821237,-225.06993112483474,250.0,0.0,-0.5,True,33.01038921396591,161.65327101683093,True
active_weight_0.4,750.2331031821237,-225.06993112483474,250.0,0.0,0.0,True,33.6495109996359,161.65327101683093,True
active_weight_0.4,750.2331031821237,-225.06993112483474,250.0,0.0,0.5,True,34.31653470748403,161.65327101683093,True
active_weight_0.4,750.2331031821237,-225.06993112483474,250.0,0.0,1.0,True,35.013257938532895,161.65327101683093,True
active_weight_0.4,750.2331031821237,-225.06993112483474,250.0,1.0,-1.0,True,32.89818064957061,161.65327101683093,True
active_weight_0.4,750.2331031821237,-225.06993112483474,250.0,1.0,-0.5,True,33.532459755649924,161.65327101683093,True
active_weight_0.4,750.2331031821237,-225.06993112483474,250.0,1.0,0.0,True,34.19433279187473,161.65327101683093,True
active_weight_0.4,750.2331031821237,-225.06993112483474,250.0,1.0,0.5,True,34.88557057788509,161.65327101683093,True
active_weight_0.4,750.2331031821237,-225.06993112483474,250.0,1.0,1.0,True,35.6080993219933,161.65327101683093,True
active_weight_0.4,750.2331031821237,-225.06993112483474,500.0,-1.0,-1.0,True,19.85431243314703,161.65327101683093,True
active_weight_0.4,750.2331031821237,-225.06993112483474,500.0,-1.0,-0.5,True,20.035814912600937,161.65327101683093,True
active_weight_0.4,750.2331031821237,-225.06993112483474,500.0,-1.0,0.0,True,20.222220705276193,161.65327101683093,True
active_weight_0.4,750.2331031821237,-225.06993112483474,500.0,-1.0,0.5,True,20.413696752512035,161.65327101683093,True
active_weight_0.4,750.2331031821237,-225.06993112483474,500.0,-1.0,1.0,True,20.610418046847887,161.65327101683093,True
active_weight_0.4,750.2331031821237,-225.06993112483474,500.0,0.0,-1.0,True,20.25251170336392,161.65327101683093,True
active_weight_0.4,750.2331031821237,-225.06993112483474,500.0,0.0,-0.5,True,20.444815014838277,161.65327101683093,True
active_weight_0.4,750.2331031821237,-225.06993112483474,500.0,0.0,0.0,True,20.642392351136568,161.65327101683093,True
active_weight_0.4,750.2331031821237,-225.06993112483474,500.0,0.0,0.5,True,20.845428651141614,161.65327101683093,True
active_weight_0.4,750.2331031821237,-225.06993112483474,500.0,0.0,1.0,True,21.05411799184614,161.65327101683093,True
active_weight_0.4,750.2331031821237,-225.06993112483474,500.0,1.0,-1.0,True,20.69464896027566,161.65327101683093,True
active_weight_0.4,750.2331031821237,-225.06993112483474,500.0,1.0,-0.5,True,20.899135998916123,161.65327101683093,True
active_weight_0.4,750.2331031821237,-225.06993112483474,500.0,1.0,0.0,True,21.109328103600124,161.65327101683093,True
active_weight_0.4,750.2331031821237,-225.06993112483474,500.0,1.0,0.5,True,21.325431671704887,161.65327101683093,True
active_weight_0.4,750.2331031821237,-225.06993112483474,500.0,1.0,1.0,True,21.54766357116422,161.65327101683093,True
active_weight_0.4,750.2331031821237,-225.06993112483474,750.0,-1.0,-1.0,True,13.937030901581581,161.65327101683093,True
active_weight_0.4,750.2331031821237,-225.06993112483474,750.0,-1.0,-0.5,True,13.86916179462647,161.65327101683093,True
active_weight_0.4,750.2331031821237,-225.06993112483474,750.0,-1.0,0.0,True,13.812352797758424,161.65327101683093,True
active_weight_0.4,750.2331031821237,-225.06993112483474,750.0,-1.0,0.5,True,13.809490963805748,161.65327101683093,True
active_weight_0.4,750.2331031821237,-225.06993112483474,750.0,-1.0,1.0,True,13.80873355194598,161.65327101683093,True
active_weight_0.4,750.2331031821237,-225.06993112483474,750.0,0.0,-1.0,True,13.939768991827084,161.65327101683093,True
active_weight_0.4,750.2331031821237,-225.06993112483474,750.0,0.0,-0.5,True,13.871855190632653,161.65327101683093,True
active_weight_0.4,750.2331031821237,-225.06993112483474,750.0,0.0,0.0,True,13.812511063417105,161.65327101683093,True
active_weight_0.4,750.2331031821237,-225.06993112483474,750.0,0.0,0.5,True,13.809565024832374,161.65327101683093,True
active_weight_0.4,750.2331031821237,-225.06993112483474,750.0,0.0,1.0,True,13.808723453490979,161.65327101683093,True
active_weight_0.4,750.2331031821237,-225.06993112483474,750.0,1.0,-1.0,True,13.935662534348994,161.65327101683093,True
active_weight_0.4,750.2331031821237,-225.06993112483474,750.0,1.0,-0.5,True,13.867815759199244,161.65327101683093,True
active_weight_0.4,750.2331031821237,-225.06993112483474,750.0,1.0,0.0,True,13.812274928574663,161.65327101683093,True
active_weight_0.4,750.2331031821237,-225.06993112483474,750.0,1.0,0.5,True,13.809455195886086,161.65327101683093,True
active_weight_0.4,750.2331031821237,-225.06993112483474,750.0,1.0,1.0,True,13.808739863484917,161.65327101683093,True
active_weight_0.4,750.2331031821237,-225.06993112483474,1000.0,-1.0,-1.0,True,32.28497783818048,161.65327101683093,True
active_weight_0.4,750.2331031821237,-225.06993112483474,1000.0,-1.0,-0.5,True,31.777817270969283,161.65327101683093,True
active_weight_0.4,750.2331031821237,-225.06993112483474,1000.0,-1.0,0.0,True,31.286118716185943,161.65327101683093,True
active_weight_0.4,750.2331031821237,-225.06993112483474,1000.0,-1.0,0.5,True,30.809242472228366,161.65327101683093,True
active_weight_0.4,750.2331031821237,-225.06993112483474,1000.0,-1.0,1.0,True,30.34658254396119,161.65327101683093,True
active_weight_0.4,750.2331031821237,-225.06993112483474,1000.0,0.0,-1.0,True,34.658913186450164,161.65327101683093,True
active_weight_0.4,750.2331031821237,-225.06993112483474,1000.0,0.0,-0.5,True,34.07706327675773,161.65327101683093,True
active_weight_0.4,750.2331031821237,-225.06993112483474,1000.0,0.0,0.0,True,33.513869457206,161.65327101683093,True
active_weight_0.4,750.2331031821237,-225.06993112483474,1000.0,0.0,0.5,True,32.96851821443706,161.65327101683093,True
active_weight_0.4,750.2331031821237,-225.06993112483474,1000.0,0.0,1.0,True,32.44024113656385,161.65327101683093,True
active_weight_0.4,750.2331031821237,-225.06993112483474,1000.0,1.0,-1.0,True,37.56006411535836,161.65327101683093,True
active_weight_0.4,750.2331031821237,-225.06993112483474,1000.0,1.0,-0.5,True,36.88186886127122,161.65327101683093,True
active_weight_0.4,750.2331031821237,-225.06993112483474,1000.0,1.0,0.0,True,36.2266870299145,161.65327101683093,True
active_weight_0.4,750.2331031821237,-225.06993112483474,1000.0,1.0,0.5,True,35.59345478606073,161.65327101683093,True
active_weight_0.4,750.2331031821237,-225.06993112483474,1000.0,1.0,1.0,True,34.98117070260514,161.65327101683093,True
active_weight_0.4,750.2331031821237,-225.06993112483474,1250.0,-1.0,-1.0,True,71.2805208702407,161.65327101683093,True
active_weight_0.4,750.2331031821237,-225.06993112483474,1250.0,-1.0,-0.5,True,69.1207702585418,161.65327101683093,True
active_weight_0.4,750.2331031821237,-225.06993112483474,1250.0,-1.0,0.0,True,67.07402520984459,161.65327101683093,True
active_weight_0.4,750.2331031821237,-225.06993112483474,1250.0,-1.0,0.5,True,65.13225114919531,161.65327101683093,True
active_weight_0.4,750.2331031821237,-225.06993112483474,1250.0,-1.0,1.0,True,63.288129076529195,161.65327101683093,True
active_weight_0.4,750.2331031821237,-225.06993112483474,1250.0,0.0,-1.0,True,81.57669542132716,161.65327101683093,True
active_weight_0.4,750.2331031821237,-225.06993112483474,1250.0,0.0,-0.5,True,78.8475775325226,161.65327101683093,True
active_weight_0.4,750.2331031821237,-225.06993112483474,1250.0,0.0,0.0,True,76.27421089150724,161.65327101683093,True
active_weight_0.4,750.2331031821237,-225.06993112483474,1250.0,0.0,0.5,True,73.8445453278514,161.65327101683093,True
active_weight_0.4,750.2331031821237,-225.06993112483474,1250.0,0.0,1.0,True,71.54769556378528,161.65327101683093,True
active_weight_0.4,750.2331031821237,-225.06993112483474,1250.0,1.0,-1.0,True,95.07031952526407,161.65327101683093,True
active_weight_0.4,750.2331031821237,-225.06993112483474,1250.0,1.0,-0.5,True,91.52218474026894,161.65327101683093,True
active_weight_0.4,750.2331031821237,-225.06993112483474,1250.0,1.0,0.0,True,88.19711548542304,161.65327101683093,True
active_weight_0.4,750.2331031821237,-225.06993112483474,1250.0,1.0,0.5,True,85.07615679511078,161.65327101683093,True
active_weight_0.4,750.2331031821237,-225.06993112483474,1250.0,1.0,1.0,True,82.14236054694227,161.65327101683093,True
active_weight_0.4,750.2331031821237,-225.06993112483474,1500.0,-1.0,-1.0,True,78.91867160576052,161.65327101683093,True
active_weight_0.4,750.2331031821237,-225.06993112483474,1500.0,-1.0,-0.5,True,86.56115596436261,161.65327101683093,True
active_weight_0.4,750.2331031821237,-225.06993112483474,1500.0,-1.0,0.0,True,93.90289289427966,161.65327101683093,True
active_weight_0.4,750.2331031821237,-225.06993112483474,1500.0,-1.0,0.5,True,100.95746974723248,161.65327101683093,True
active_weight_0.4,750.2331031821237,-225.06993112483474,1500.0,-1.0,1.0,True,107.73358985440562,161.65327101683093,True
active_weight_0.4,750.2331031821237,-225.06993112483474,1500.0,0.0,-1.0,True,43.674744851451706,161.65327101683093,True
active_weight_0.4,750.2331031821237,-225.06993112483474,1500.0,0.0,-0.5,True,53.93905363498384,161.65327101683093,True
active_weight_0.4,750.2331031821237,-225.06993112483474,1500.0,0.0,0.0,True,63.74430914517313,161.65327101683093,True
active_weight_0.4,750.2331031821237,-225.06993112483474,1500.0,0.0,0.5,True,73.12326870392532,161.65327101683093,True
active_weight_0.4,750.2331031821237,-225.06993112483474,1500.0,0.0,1.0,True,81.70980531775811,161.65327101683093,True
active_weight_0.4,750.2331031821237,-225.06993112483474,1500.0,1.0,-1.0,True,0.825550501760953,161.65327101683093,True
active_weight_0.4,750.2331031821237,-225.06993112483474,1500.0,1.0,-0.5,True,13.248726368770246,161.65327101683093,True
active_weight_0.4,750.2331031821237,-225.06993112483474,1500.0,1.0,0.0,True,25.014613966687733,161.65327101683093,True
active_weight_0.4,750.2331031821237,-225.06993112483474,1500.0,1.0,0.5,True,36.18324616598362,161.65327101683093,True
active_weight_0.4,750.2331031821237,-225.06993112483474,1500.0,1.0,1.0,True,46.80650587693098,161.65327101683093,True
active_weight_1.6,750.2331031821237,-225.06993112483474,6.0,-1.0,-1.0,True,45.08393901631682,161.65327101683093,True
active_weight_1.6,750.2331031821237,-225.06993112483474,6.0,-1.0,-0.5,True,37.64503810072423,161.65327101683093,True
active_weight_1.6,750.2331031821237,-225.06993112483474,6.0,-1.0,0.0,True,26.929155906042286,161.65327101683093,True
active_weight_1.6,750.2331031821237,-225.06993112483474,6.0,-1.0,0.5,True,15.576595204676673,161.65327101683093,True
active_weight_1.6,750.2331031821237,-225.06993112483474,6.0,-1.0,1.0,True,3.5269854628285002,161.65327101683093,True
active_weight_1.6,750.2331031821237,-225.06993112483474,6.0,0.0,-1.0,True,45.08393901631682,161.65327101683093,True
active_weight_1.6,750.2331031821237,-225.06993112483474,6.0,0.0,-0.5,True,37.64503810072423,161.65327101683093,True
active_weight_1.6,750.2331031821237,-225.06993112483474,6.0,0.0,0.0,True,26.929155906042286,161.65327101683093,True
active_weight_1.6,750.2331031821237,-225.06993112483474,6.0,0.0,0.5,True,15.576595204676673,161.65327101683093,True
active_weight_1.6,750.2331031821237,-225.06993112483474,6.0,0.0,1.0,True,3.5269854628285002,161.65327101683093,True
active_weight_1.6,750.2331031821237,-225.06993112483474,6.0,1.0,-1.0,True,45.1084168878059,161.65327101683093,True
active_weight_1.6,750.2331031821237,-225.06993112483474,6.0,1.0,-0.5,True,37.43660301550963,161.65327101683093,True
active_weight_1.6,750.2331031821237,-225.06993112483474,6.0,1.0,0.0,True,26.708533458410447,161.65327101683093,True
active_weight_1.6,750.2331031821237,-225.06993112483474,6.0,1.0,0.5,True,15.342647691787274,161.65327101683093,True
active_weight_1.6,750.2331031821237,-225.06993112483474,6.0,1.0,1.0,True,3.2784291744130165,161.65327101683093,True
active_weight_1.6,750.2331031821237,-225.06993112483474,20.0,-1.0,-1.0,True,44.291558265100285,161.65327101683093,True
active_weight_1.6,750.2331031821237,-225.06993112483474,20.0,-1.0,-0.5,True,44.3950327701634,161.65327101683093,True
active_weight_1.6,750.2331031821237,-225.06993112483474,20.0,-1.0,0.0,True,34.06961588317332,161.65327101683093,True
active_weight_1.6,750.2331031821237,-225.06993112483474,20.0,-1.0,0.5,True,23.14359542038102,161.65327101683093,True
active_weight_1.6,750.2331031821237,-225.06993112483474,20.0,-1.0,1.0,True,11.56118133756248,161.65327101683093,True
active_weight_1.6,750.2331031821237,-225.06993112483474,20.0,0.0,-1.0,True,44.36237955669024,161.65327101683093,True
active_weight_1.6,750.2331031821237,-225.06993112483474,20.0,0.0,-0.5,True,43.79151220474344,161.65327101683093,True
active_weight_1.6,750.2331031821237,-225.06993112483474,20.0,0.0,0.0,True,33.43151609639834,161.65327101683093,True
active_weight_1.6,750.2331031821237,-225.06993112483474,20.0,0.0,0.5,True,22.46775119083171,161.65327101683093,True
active_weight_1.6,750.2331031821237,-225.06993112483474,20.0,0.0,1.0,True,10.844029411482076,161.65327101683093,True
active_weight_1.6,750.2331031821237,-225.06993112483474,20.0,1.0,-1.0,True,44.40972648197372,161.65327101683093,True
active_weight_1.6,750.2331031821237,-225.06993112483474,20.0,1.0,-0.5,True,43.38805912245933,161.65327101683093,True
active_weight_1.6,750.2331031821237,-225.06993112483474,20.0,1.0,0.0,True,33.00491043226792,161.65327101683093,True
active_weight_1.6,750.2331031821237,-225.06993112483474,20.0,1.0,0.5,True,22.015870441285298,161.65327101683093,True
active_weight_1.6,750.2331031821237,-225.06993112483474,20.0,1.0,1.0,True,10.364483744005055,161.65327101683093,True
active_weight_1.6,750.2331031821237,-225.06993112483474,100.0,-1.0,-1.0,True,39.92145698161497,161.65327101683093,True
active_weight_1.6,750.2331031821237,-225.06993112483474,100.0,-1.0,-0.5,True,40.8913104590984,161.65327101683093,True
active_weight_1.6,750.2331031821237,-225.06993112483474,100.0,-1.0,0.0,True,41.91273186529235,161.65327101683093,True
active_weight_1.6,750.2331031821237,-225.06993112483474,100.0,-1.0,0.5,True,42.98984630627861,161.65327101683093,True
active_weight_1.6,750.2331031821237,-225.06993112483474,100.0,-1.0,1.0,True,44.12723159003277,161.65327101683093,True
active_weight_1.6,750.2331031821237,-225.06993112483474,100.0,0.0,-1.0,True,40.18804016276948,161.65327101683093,True
active_weight_1.6,750.2331031821237,-225.06993112483474,100.0,0.0,-0.5,True,41.17194078387113,161.65327101683093,True
active_weight_1.6,750.2331031821237,-225.06993112483474,100.0,0.0,0.0,True,42.20852204045427,161.65327101683093,True
active_weight_1.6,750.2331031821237,-225.06993112483474,100.0,0.0,0.5,True,43.30202992560373,161.65327101683093,True
active_weight_1.6,750.2331031821237,-225.06993112483474,100.0,0.0,1.0,True,44.457180002518136,161.65327101683093,True
active_weight_1.6,750.2331031821237,-225.06993112483474,100.0,1.0,-1.0,True,40.45845078006217,161.65327101683093,True
active_weight_1.6,750.2331031821237,-225.06993112483474,100.0,1.0,-0.5,True,41.45669879275748,161.65327101683093,True
active_weight_1.6,750.2331031821237,-225.06993112483474,100.0,1.0,0.0,True,42.5087724435644,161.65327101683093,True
active_weight_1.6,750.2331031821237,-225.06993112483474,100.0,1.0,0.5,True,43.619043072754806,161.65327101683093,True
active_weight_1.6,750.2331031821237,-225.06993112483474,100.0,1.0,1.0,True,44.792369219020884,161.65327101683093,True
active_weight_1.6,750.2331031821237,-225.06993112483474,250.0,-1.0,-1.0,True,31.9018632680767,161.65327101683093,True
active_weight_1.6,750.2331031821237,-225.06993112483474,250.0,-1.0,-0.5,True,32.4938749384577,161.65327101683093,True
active_weight_1.6,750.2331031821237,-225.06993112483474,250.0,-1.0,0.0,True,33.110843507316126,161.65327101683093,True
active_weight_1.6,750.2331031821237,-225.06993112483474,250.0,-1.0,0.5,True,33.754314856359,161.65327101683093,True
active_weight_1.6,750.2331031821237,-225.06993112483474,250.0,-1.0,1.0,True,34.42596577206923,161.65327101683093,True
active_weight_1.6,750.2331031821237,-225.06993112483474,250.0,0.0,-1.0,True,32.39751441409777,161.65327101683093,True
active_weight_1.6,750.2331031821237,-225.06993112483474,250.0,0.0,-0.5,True,33.01038921396591,161.65327101683093,True
active_weight_1.6,750.2331031821237,-225.06993112483474,250.0,0.0,0.0,True,33.6495109996359,161.65327101683093,True
active_weight_1.6,750.2331031821237,-225.06993112483474,250.0,0.0,0.5,True,34.31653470748403,161.65327101683093,True
active_weight_1.6,750.2331031821237,-225.06993112483474,250.0,0.0,1.0,True,35.013257938532895,161.65327101683093,True
active_weight_1.6,750.2331031821237,-225.06993112483474,250.0,1.0,-1.0,True,32.89818064957061,161.65327101683093,True
active_weight_1.6,750.2331031821237,-225.06993112483474,250.0,1.0,-0.5,True,33.532459755649924,161.65327101683093,True
active_weight_1.6,750.2331031821237,-225.06993112483474,250.0,1.0,0.0,True,34.19433279187473,161.65327101683093,True
active_weight_1.6,750.2331031821237,-225.06993112483474,250.0,1.0,0.5,True,34.88557057788509,161.65327101683093,True
active_weight_1.6,750.2331031821237,-225.06993112483474,250.0,1.0,1.0,True,35.6080993219933,161.65327101683093,True
active_weight_1.6,750.2331031821237,-225.06993112483474,500.0,-1.0,-1.0,True,19.85431243314703,161.65327101683093,True
active_weight_1.6,750.2331031821237,-225.06993112483474,500.0,-1.0,-0.5,True,20.035814912600937,161.65327101683093,True
active_weight_1.6,750.2331031821237,-225.06993112483474,500.0,-1.0,0.0,True,20.222220705276193,161.65327101683093,True
active_weight_1.6,750.2331031821237,-225.06993112483474,500.0,-1.0,0.5,True,20.413696752512035,161.65327101683093,True
active_weight_1.6,750.2331031821237,-225.06993112483474,500.0,-1.0,1.0,True,20.610418046847887,161.65327101683093,True
active_weight_1.6,750.2331031821237,-225.06993112483474,500.0,0.0,-1.0,True,20.25251170336392,161.65327101683093,True
active_weight_1.6,750.2331031821237,-225.06993112483474,500.0,0.0,-0.5,True,20.444815014838277,161.65327101683093,True
active_weight_1.6,750.2331031821237,-225.06993112483474,500.0,0.0,0.0,True,20.642392351136568,161.65327101683093,True
active_weight_1.6,750.2331031821237,-225.06993112483474,500.0,0.0,0.5,True,20.845428651141614,161.65327101683093,True
active_weight_1.6,750.2331031821237,-225.06993112483474,500.0,0.0,1.0,True,21.05411799184614,161.65327101683093,True
active_weight_1.6,750.2331031821237,-225.06993112483474,500.0,1.0,-1.0,True,20.69464896027566,161.65327101683093,True
active_weight_1.6,750.2331031821237,-225.06993112483474,500.0,1.0,-0.5,True,20.899135998916123,161.65327101683093,True
active_weight_1.6,750.2331031821237,-225.06993112483474,500.0,1.0,0.0,True,21.109328103600124,161.65327101683093,True
active_weight_1.6,750.2331031821237,-225.06993112483474,500.0,1.0,0.5,True,21.325431671704887,161.65327101683093,True
active_weight_1.6,750.2331031821237,-225.06993112483474,500.0,1.0,1.0,True,21.54766357116422,161.65327101683093,True
active_weight_1.6,750.2331031821237,-225.06993112483474,750.0,-1.0,-1.0,True,13.937030901581581,161.65327101683093,True
active_weight_1.6,750.2331031821237,-225.06993112483474,750.0,-1.0,-0.5,True,13.86916179462647,161.65327101683093,True
active_weight_1.6,750.2331031821237,-225.06993112483474,750.0,-1.0,0.0,True,13.812352797758424,161.65327101683093,True
active_weight_1.6,750.2331031821237,-225.06993112483474,750.0,-1.0,0.5,True,13.809490963805748,161.65327101683093,True
active_weight_1.6,750.2331031821237,-225.06993112483474,750.0,-1.0,1.0,True,13.80873355194598,161.65327101683093,True
active_weight_1.6,750.2331031821237,-225.06993112483474,750.0,0.0,-1.0,True,13.939768991827084,161.65327101683093,True
active_weight_1.6,750.2331031821237,-225.06993112483474,750.0,0.0,-0.5,True,13.871855190632653,161.65327101683093,True
active_weight_1.6,750.2331031821237,-225.06993112483474,750.0,0.0,0.0,True,13.812511063417105,161.65327101683093,True
active_weight_1.6,750.2331031821237,-225.06993112483474,750.0,0.0,0.5,True,13.809565024832374,161.65327101683093,True
active_weight_1.6,750.2331031821237,-225.06993112483474,750.0,0.0,1.0,True,13.808723453490979,161.65327101683093,True
active_weight_1.6,750.2331031821237,-225.06993112483474,750.0,1.0,-1.0,True,13.935662534348994,161.65327101683093,True
active_weight_1.6,750.2331031821237,-225.06993112483474,750.0,1.0,-0.5,True,13.867815759199244,161.65327101683093,True
active_weight_1.6,750.2331031821237,-225.06993112483474,750.0,1.0,0.0,True,13.812274928574663,161.65327101683093,True
active_weight_1.6,750.2331031821237,-225.06993112483474,750.0,1.0,0.5,True,13.809455195886086,161.65327101683093,True
active_weight_1.6,750.2331031821237,-225.06993112483474,750.0,1.0,1.0,True,13.808739863484917,161.65327101683093,True
active_weight_1.6,750.2331031821237,-225.06993112483474,1000.0,-1.0,-1.0,True,32.28497783818048,161.65327101683093,True
active_weight_1.6,750.2331031821237,-225.06993112483474,1000.0,-1.0,-0.5,True,31.777817270969283,161.65327101683093,True
active_weight_1.6,750.2331031821237,-225.06993112483474,1000.0,-1.0,0.0,True,31.286118716185943,161.65327101683093,True
active_weight_1.6,750.2331031821237,-225.06993112483474,1000.0,-1.0,0.5,True,30.809242472228366,161.65327101683093,True
active_weight_1.6,750.2331031821237,-225.06993112483474,1000.0,-1.0,1.0,True,30.34658254396119,161.65327101683093,True
active_weight_1.6,750.2331031821237,-225.06993112483474,1000.0,0.0,-1.0,True,34.658913186450164,161.65327101683093,True
active_weight_1.6,750.2331031821237,-225.06993112483474,1000.0,0.0,-0.5,True,34.07706327675773,161.65327101683093,True
active_weight_1.6,750.2331031821237,-225.06993112483474,1000.0,0.0,0.0,True,33.513869457206,161.65327101683093,True
active_weight_1.6,750.2331031821237,-225.06993112483474,1000.0,0.0,0.5,True,32.96851821443706,161.65327101683093,True
active_weight_1.6,750.2331031821237,-225.06993112483474,1000.0,0.0,1.0,True,32.44024113656385,161.65327101683093,True
active_weight_1.6,750.2331031821237,-225.06993112483474,1000.0,1.0,-1.0,True,37.56006411535836,161.65327101683093,True
active_weight_1.6,750.2331031821237,-225.06993112483474,1000.0,1.0,-0.5,True,36.88186886127122,161.65327101683093,True
active_weight_1.6,750.2331031821237,-225.06993112483474,1000.0,1.0,0.0,True,36.2266870299145,161.65327101683093,True
active_weight_1.6,750.2331031821237,-225.06993112483474,1000.0,1.0,0.5,True,35.59345478606073,161.65327101683093,True
active_weight_1.6,750.2331031821237,-225.06993112483474,1000.0,1.0,1.0,True,34.98117070260514,161.65327101683093,True
active_weight_1.6,750.2331031821237,-225.06993112483474,1250.0,-1.0,-1.0,True,71.2805208702407,161.65327101683093,True
active_weight_1.6,750.2331031821237,-225.06993112483474,1250.0,-1.0,-0.5,True,69.1207702585418,161.65327101683093,True
active_weight_1.6,750.2331031821237,-225.06993112483474,1250.0,-1.0,0.0,True,67.07402520984459,161.65327101683093,True
active_weight_1.6,750.2331031821237,-225.06993112483474,1250.0,-1.0,0.5,True,65.13225114919531,161.65327101683093,True
active_weight_1.6,750.2331031821237,-225.06993112483474,1250.0,-1.0,1.0,True,63.288129076529195,161.65327101683093,True
active_weight_1.6,750.2331031821237,-225.06993112483474,1250.0,0.0,-1.0,True,81.57669542132716,161.65327101683093,True
active_weight_1.6,750.2331031821237,-225.06993112483474,1250.0,0.0,-0.5,True,78.8475775325226,161.65327101683093,True
active_weight_1.6,750.2331031821237,-225.06993112483474,1250.0,0.0,0.0,True,76.27421089150724,161.65327101683093,True
active_weight_1.6,750.2331031821237,-225.06993112483474,1250.0,0.0,0.5,True,73.8445453278514,161.65327101683093,True
active_weight_1.6,750.2331031821237,-225.06993112483474,1250.0,0.0,1.0,True,71.54769556378528,161.65327101683093,True
active_weight_1.6,750.2331031821237,-225.06993112483474,1250.0,1.0,-1.0,True,95.07031952526407,161.65327101683093,True
active_weight_1.6,750.2331031821237,-225.06993112483474,1250.0,1.0,-0.5,True,91.52218474026894,161.65327101683093,True
active_weight_1.6,750.2331031821237,-225.06993112483474,1250.0,1.0,0.0,True,88.19711548542304,161.65327101683093,True
active_weight_1.6,750.2331031821237,-225.06993112483474,1250.0,1.0,0.5,True,85.07615679511078,161.65327101683093,True
active_weight_1.6,750.2331031821237,-225.06993112483474,1250.0,1.0,1.0,True,82.14236054694227,161.65327101683093,True
active_weight_1.6,750.2331031821237,-225.06993112483474,1500.0,-1.0,-1.0,True,78.91867160576052,161.65327101683093,True
active_weight_1.6,750.2331031821237,-225.06993112483474,1500.0,-1.0,-0.5,True,86.56115596436261,161.65327101683093,True
active_weight_1.6,750.2331031821237,-225.06993112483474,1500.0,-1.0,0.0,True,93.90289289427966,161.65327101683093,True
active_weight_1.6,750.2331031821237,-225.06993112483474,1500.0,-1.0,0.5,True,100.95746974723248,161.65327101683093,True
active_weight_1.6,750.2331031821237,-225.06993112483474,1500.0,-1.0,1.0,True,107.73358985440562,161.65327101683093,True
active_weight_1.6,750.2331031821237,-225.06993112483474,1500.0,0.0,-1.0,True,43.674744851451706,161.65327101683093,True
active_weight_1.6,750.2331031821237,-225.06993112483474,1500.0,0.0,-0.5,True,53.93905363498384,161.65327101683093,True
active_weight_1.6,750.2331031821237,-225.06993112483474,1500.0,0.0,0.0,True,63.74430914517313,161.65327101683093,True
active_weight_1.6,750.2331031821237,-225.06993112483474,1500.0,0.0,0.5,True,73.12326870392532,161.65327101683093,True
active_weight_1.6,750.2331031821237,-225.06993112483474,1500.0,0.0,1.0,True,81.70980531775811,161.65327101683093,True
active_weight_1.6,750.2331031821237,-225.06993112483474,1500.0,1.0,-1.0,True,0.825550501760953,161.65327101683093,True
active_weight_1.6,750.2331031821237,-225.06993112483474,1500.0,1.0,-0.5,True,13.248726368770246,161.65327101683093,True
active_weight_1.6,750.2331031821237,-225.06993112483474,1500.0,1.0,0.0,True,25.014613966687733,161.65327101683093,True
active_weight_1.6,750.2331031821237,-225.06993112483474,1500.0,1.0,0.5,True,36.18324616598362,161.65327101683093,True
active_weight_1.6,750.2331031821237,-225.06993112483474,1500.0,1.0,1.0,True,46.80650587693098,161.65327101683093,True
